5048519680901 11.8  5.4  0.009900 -1.5-99.9-99.9-99.9-9.9 99 6.7 63  1.3   4  3.2-9.9-9.9
5048519680902 18.5 -1.8  0.009900  0.9-99.9-99.9-99.9-9.9 99 6.3 54  0.4   4  3.2-9.9-9.9
5048519680903 22.0  1.2  0.009900 -1.5-99.9-99.9-99.9-9.9 99 6.8 49  1.5   1  0.8-9.9-9.9
5048519680904 30.3  3.6  0.009900  0.9-99.9-99.9-99.9-9.9 99 6.0 30 -0.2   4  3.2-9.9-9.9
5048519680905 29.6  5.2  0.009900  1.1-99.9-99.9-99.9-9.9 99 7.4 37  2.7   4  3.2-9.9-9.9
5048519680906 31.2  6.9  0.009900  4.4-99.9-99.9-99.9-9.9 99 8.1 37  3.9   6  4.8-9.9-9.9
5048519680907 31.2  8.8  0.009900  4.3-99.9-99.9-99.9-9.9 99 9.5 40  6.2   1  0.8-9.9-9.9
5048519680908 33.4  8.0  0.009900  4.2-99.9-99.9-99.9-9.9 99 7.4 47  2.7  19 15.2-9.9-9.9
5048519680909 15.8  4.5  0.009900  0.9-99.9-99.9-99.9-9.9 99 4.1 32 -5.4   9  7.2-9.9-9.9
5048519680910 18.8  1.8  0.009900 -1.0-99.9-99.9-99.9-9.9 99 4.0 33 -5.7   2  1.6-9.9-9.9
5048519680911 11.2  3.5  0.219900  2.8-99.9-99.9-99.9-9.9 99 4.5 50 -4.1  19 15.2-9.9-9.9
5048519680912  9.8  2.4  0.319900  1.5-99.9-99.9-99.9-9.9 99 6.4 72  0.6   4  3.2-9.9-9.9
5048519680913  8.6  3.2  0.009900  2.7-99.9-99.9-99.9-9.9 99 7.3 79  2.5   7  5.6-9.9-9.9
5048519680914 15.4  3.4  0.009900  1.8-99.9-99.9-99.9-9.9 99 6.9 56  1.7   4  3.2-9.9-9.9
5048519680915 18.5  1.4  0.009900 -1.2-99.9-99.9-99.9-9.9 99 7.3 59  2.5   4  3.2-9.9-9.9
5048519680916 22.4  1.3  0.009900 -1.3-99.9-99.9-99.9-9.9 99 7.8 53  3.4   7  5.6-9.9-9.9
5048519680917 23.8  2.7  0.009900  0.1-99.9-99.9-99.9-9.9 99 8.3 46  4.3   2  1.6-9.9-9.9
5048519680918 16.8  7.9  0.009900 10.5-99.9-99.9-99.9-9.9 99 8.3 73  4.3  13 10.4-9.9-9.9
5048519680919 19.5  5.5  0.009900  2.9-99.9-99.9-99.9-9.9 99 7.6 54  3.0   4  3.2-9.9-9.9
5048519680920 22.9  1.2  0.009900 -1.3-99.9-99.9-99.9-9.9 99 7.2 44  2.3   4  3.2-9.9-9.9
5048519680921 27.3  2.7  0.009900  0.0-99.9-99.9-99.9-9.9 99 7.4 37  2.7   7  5.6-9.9-9.9
5048519680922 29.8  5.7  0.009900  2.7-99.9-99.9-99.9-9.9 99 9.4 46  6.1   2  1.6-9.9-9.9
5048519680923 24.9 10.0  0.009900  7.2-99.9-99.9-99.9-9.9 99 8.9 42  5.3  11  8.8-9.9-9.9
5048519680924 19.8 13.7  0.009900  8.7-99.9-99.9-99.9-9.9 9912.5 69 10.3  11  8.8-9.9-9.9
5048519680925 19.8  8.3  0.009900  7.1-99.9-99.9-99.9-9.9 9911.0 68  8.4   6  4.8-9.9-9.9
5048519680926 17.4  6.9  0.009900  4.0-99.9-99.9-99.9-9.9 9912.4 74 10.1   2  1.6-9.9-9.9
5048519680927 21.3 12.1  0.619900 11.8-99.9-99.9-99.9-9.9 9912.7 73 10.5  19 15.2-9.9-9.9
5048519680928 20.1  7.0  0.009900  5.0-99.9-99.9-99.9-9.9 9910.7 71  8.0   4  3.2-9.9-9.9
5048519680929 26.5  4.5  0.009900  1.9-99.9-99.9-99.9-9.9 99 9.6 50  6.4   2  1.6-9.9-9.9
5048519680930 29.7  6.4  0.009900  4.3-99.9-99.9-99.9-9.9 9911.7 48  9.3   1  0.8-9.9-9.9
5048519681001 24.6 10.3  0.009900  7.4-99.9-99.9-99.9-9.9 99 8.6 38  4.8  26 20.8-9.9-9.9
5048519681002 21.0  7.2  0.009900  4.5-99.9-99.9-99.9-9.9 99 7.5 42  2.9  16 12.8-9.9-9.9
5048519681003 21.6  5.3  0.009900  2.1-99.9-99.9-99.9-9.9 99 9.8 61  6.7   4  3.2-9.9-9.9
5048519681004 21.6  7.4  0.009900  4.5-99.9-99.9-99.9-9.9 9910.3 58  7.4   6  4.8-9.9-9.9
5048519681005 23.9  9.3  0.009900  6.8-99.9-99.9-99.9-9.9 99 7.4 32  2.7  11  8.8-9.9-9.9
5048519681006 22.9 12.5  0.009900  5.9-99.9-99.9-99.9-9.9 9913.0 68 10.9   4  3.2-9.9-9.9
5048519681007 24.0  6.3  0.009900  4.0-99.9-99.9-99.9-9.9 99 8.5 42  4.6   6  4.8-9.9-9.9
5048519681008 28.4  5.9  0.009900  3.1-99.9-99.9-99.9-9.9 9910.6 42  7.8   7  5.6-9.9-9.9
5048519681009 26.8 13.9  0.319900 11.1-99.9-99.9-99.9-9.9 9914.7 63 12.7   7  5.6-9.9-9.9
5048519681010 25.7 14.6  0.009900 11.1-99.9-99.9-99.9-9.9 9913.8 64 11.8  11  8.8-9.9-9.9
5048519681011 27.8 13.5  0.009900 12.1-99.9-99.9-99.9-9.9 9915.5 61 13.5   6  4.8-9.9-9.9
5048519681012 31.1 15.1  0.009900 13.8-99.9-99.9-99.9-9.9 9914.5 49 12.5  11  8.8-9.9-9.9
5048519681013 27.2 14.5  8.519900 14.9-99.9-99.9-99.9-9.9 9914.4 54 12.4   9  7.2-9.9-9.9
5048519681014 26.5 10.3  0.619900  9.0-99.9-99.9-99.9-9.9 9915.6 67 13.6   7  5.6-9.9-9.9
5048519681015 21.1 10.2  1.519900 12.4-99.9-99.9-99.9-9.9 9911.8 71  9.4   8  6.4-9.9-9.9
5048519681016 16.2  7.1  0.009900  7.6-99.9-99.9-99.9-9.9 99 9.4 72  6.1   4  3.2-9.9-9.9
5048519681017 17.0  6.2  0.009900  4.0-99.9-99.9-99.9-9.9 99 9.2 65  5.8   9  7.2-9.9-9.9
5048519681018 23.0  4.7  0.009900  2.7-99.9-99.9-99.9-9.9 99 8.4 52  4.5   4  3.2-9.9-9.9
5048519681019 26.2  5.0  0.009900  2.2-99.9-99.9-99.9-9.9 99 8.8 42  5.1   1  0.8-9.9-9.9
5048519681020 28.6  6.5  0.009900  4.0-99.9-99.9-99.9-9.9 9910.9 48  8.2   6  4.8-9.9-9.9
5048519681021 31.5  8.6  0.009900  6.0-99.9-99.9-99.9-9.9 9911.5 44  9.0   4  3.2-9.9-9.9
5048519681022 30.2 10.0  0.009900  7.3-99.9-99.9-99.9-9.9 9910.5 37  7.7   7  5.6-9.9-9.9
5048519681023 23.5 12.0  0.009900 11.5-99.9-99.9-99.9-9.9 99 8.9 48  5.3   8  6.4-9.9-9.9
5048519681024 21.2  9.6  0.009900  7.7-99.9-99.9-99.9-9.9 9910.3 59  7.4  15 12.0-9.9-9.9
5048519681025 12.4  8.2  0.009900  8.1-99.9-99.9-99.9-9.9 99 9.9 79  6.8  15 12.0-9.9-9.9
5048519681026 14.0  7.4  0.009900  6.6-99.9-99.9-99.9-9.9 9910.1 75  7.1   7  5.6-9.9-9.9
5048519681027 17.8  9.1  0.009900  9.4-99.9-99.9-99.9-9.9 9910.7 70  8.0  12  9.6-9.9-9.9
5048519681028 20.0  6.8  0.009900  7.0-99.9-99.9-99.9-9.9 99 7.6 45  3.0   6  4.8-9.9-9.9
5048519681029 24.7  3.2  0.009900  0.2-99.9-99.9-99.9-9.9 99 8.3 45  4.3   6  4.8-9.9-9.9
5048519681030 28.2  6.1  0.009900  3.2-99.9-99.9-99.9-9.9 9910.5 43  7.7   1  0.8-9.9-9.9
5048519681031 31.4  9.4  0.009900  6.5-99.9-99.9-99.9-9.9 9913.8 50 11.8   6  4.8-9.9-9.9
5048519681101 28.2 13.6  0.009900 10.7-99.9-99.9-99.9-9.9 9914.4 53 12.4  14 11.2-9.9-9.9
5048519681102 23.2 12.0  0.009900 11.5-99.9-99.9-99.9-9.9 9910.0 52  7.0  11  8.8-9.9-9.9
5048519681103 18.9  9.8  0.009900  8.5-99.9-99.9-99.9-9.9 99 9.7 61  6.5  11  8.8-9.9-9.9
5048519681104 27.4  6.7  0.009900  5.0-99.9-99.9-99.9-9.9 9911.8 50  9.4   4  3.2-9.9-9.9
5048519681105 31.8 12.6  1.019900 12.2-99.9-99.9-99.9-9.9 9916.0 60 14.0  21 16.8-9.9-9.9
5048519681106 29.6 11.1  0.009900  8.3-99.9-99.9-99.9-9.9 9912.2 45  9.9   6  4.8-9.9-9.9
5048519681107 33.9  9.6  0.009900  6.4-99.9-99.9-99.9-9.9 9913.5 43 11.4   1  0.8-9.9-9.9
5048519681108 27.9 17.4  0.009900 15.6-99.9-99.9-99.9-9.9 9913.4 49 11.3   8  6.4-9.9-9.9
5048519681109 35.2 12.8  0.009900  9.5-99.9-99.9-99.9-9.9 9910.3 33  7.4   9  7.2-9.9-9.9
5048519681110 25.9  6.0  0.009900  2.5-99.9-99.9-99.9-9.9 99 6.3 29  0.4   4  3.2-9.9-9.9
5048519681111 32.5  7.3  0.009900  3.8-99.9-99.9-99.9-9.9 99-9.9-99-99.9   2  1.6-9.9-9.9
5048519681112 33.4 12.1  0.009900 10.0-99.9-99.9-99.9-9.9 99-9.9-99-99.9   2  1.6-9.9-9.9
5048519681113 36.0 15.0  0.009900 12.5-99.9-99.9-99.9-9.9 9914.3 38 12.3   4  3.2-9.9-9.9
5048519681114 27.9 16.5  0.009900 18.2-99.9-99.9-99.9-9.9 9911.1 42  8.5  20 16.0-9.9-9.9
5048519681115 34.4 12.7  0.009900 10.0-99.9-99.9-99.9-9.9 9914.7 44 12.7   6  4.8-9.9-9.9
5048519681116 35.0 14.2  0.009900 11.5-99.9-99.9-99.9-9.9 9914.7 42 12.7   7  5.6-9.9-9.9
5048519681117 31.9 15.0  2.519900 11.5-99.9-99.9-99.9-9.9 9914.6 45 12.6  11  8.8-9.9-9.9
5048519681118 34.2 15.1  0.009900 11.5-99.9-99.9-99.9-9.9 9916.2 47 14.2   4  3.2-9.9-9.9
5048519681119 36.5 21.6  1.019900 16.5-99.9-99.9-99.9-9.9 9913.4 32 11.3  14 11.2-9.9-9.9
5048519681120-99.9 15.2  0.009900 13.2-99.9-99.9-99.9-9.9 9912.7 51 10.5  13 10.4-9.9-9.9
5048519681121 32.6 11.6  0.009900  7.5-99.9-99.9-99.9-9.9 99-9.9-99-99.9   6  4.8-9.9-9.9
5048519681122 36.7 15.2  0.009900 11.0-99.9-99.9-99.9-9.9 9913.7 36 11.6   9  7.2-9.9-9.9
5048519681123 35.7 17.1  0.009900 13.0-99.9-99.9-99.9-9.9 9917.4 48 15.3   1  0.8-9.9-9.9
5048519681124 29.8 18.2  0.009900 16.5-99.9-99.9-99.9-9.9 9914.5 46 12.5  21 16.8-9.9-9.9
5048519681125 25.3 14.9  0.009900 12.0-99.9-99.9-99.9-9.9 9915.0 60 13.0   6  4.8-9.9-9.9
5048519681126 33.2 13.2  0.009900 10.5-99.9-99.9-99.9-9.9 9914.0 45 12.0   4  3.2-9.9-9.9
5048519681127 35.0 13.4  0.009900 11.4-99.9-99.9-99.9-9.9 9916.4 45 14.4   2  1.6-9.9-9.9
5048519681128-99.9 19.9  0.009900 10.4-99.9-99.9-99.9-9.9 9914.7 44 12.7  16 12.8-9.9-9.9
5048519681129 29.6 15.2  0.009900 14.6-99.9-99.9-99.9-9.9 99 9.8 35  6.7   6  4.8-9.9-9.9
5048519681130 34.3 11.0  0.009900  7.8-99.9-99.9-99.9-9.9 9914.0 42 12.0   6  4.8-9.9-9.9
5048519681201 34.4 16.8  0.009900 13.7-99.9-99.9-99.9-9.9 9915.6 43 13.6   9  7.2-9.9-9.9
5048519681202 36.3 16.2 15.019900 12.5-99.9-99.9-99.9-9.9 9915.8 39 13.8   4  3.2-9.9-9.9
5048519681203 33.1 16.6  2.019900 13.5-99.9-99.9-99.9-9.9 9921.1 59 18.4   2  1.6-9.9-9.9
5048519681204 29.7 15.7  0.009900 10.8-99.9-99.9-99.9-9.9 9911.0 39  8.4  10  8.0-9.9-9.9
5048519681205 31.8 12.4  0.009900 13.5-99.9-99.9-99.9-9.9 9912.4 42 10.1   6  4.8-9.9-9.9
5048519681206 32.1 16.3  0.009900 12.0-99.9-99.9-99.9-9.9 9916.0 46 14.0   6  4.8-9.9-9.9
5048519681207 30.0 17.9  0.009900 13.5-99.9-99.9-99.9-9.9 9917.5 56 15.4  16 12.8-9.9-9.9
5048519681208 35.2 16.7  0.009900 13.7-99.9-99.9-99.9-9.9 9919.7 54 17.3   3  2.4-9.9-9.9
5048519681209 39.8 18.7  0.009900 15.3-99.9-99.9-99.9-9.9 9917.5 40 15.4   6  4.8-9.9-9.9
5048519681210 32.9 16.3  0.009900 13.3-99.9-99.9-99.9-9.9 9912.4 42 10.1  13 10.4-9.9-9.9
5048519681211 37.4 15.4  0.009900 12.0-99.9-99.9-99.9-9.9 9917.7 48 15.6   6  4.8-9.9-9.9
5048519681212 29.4 13.3  0.009900 12.5-99.9-99.9-99.9-9.9 99 6.9 31  1.7  13 10.4-9.9-9.9
5048519681213 30.1  8.1  0.009900  4.0-99.9-99.9-99.9-9.9 99 9.9 37  6.8   4  3.2-9.9-9.9
5048519681214 37.4 12.6  0.009900  8.5-99.9-99.9-99.9-9.9 9910.2 29  7.3   9  7.2-9.9-9.9
5048519681215 28.5  9.1  0.009900  4.0-99.9-99.9-99.9-9.9 99 8.7 36  5.0   3  2.4-9.9-9.9
5048519681216 32.3  9.3  0.009900  4.6-99.9-99.9-99.9-9.9 9910.3 36  7.4   2  1.6-9.9-9.9
5048519681217 34.8 12.9  0.009900  8.0-99.9-99.9-99.9-9.9 9912.7 38 10.5   3  2.4-9.9-9.9
5048519681218 32.1 16.8  0.009900 11.5-99.9-99.9-99.9-9.9 9915.0 50 13.0   8  6.4-9.9-9.9
5048519681219 31.4 17.1  0.009900 12.5-99.9-99.9-99.9-9.9 9913.8 43 11.8  13 10.4-9.9-9.9
5048519681220 28.5 16.4  0.009900 11.4-99.9-99.9-99.9-9.9 9912.1 45  9.8  13 10.4-9.9-9.9
5048519681221 24.4 14.3  0.009900 12.0-99.9-99.9-99.9-9.9 99 7.6 35  3.0   9  7.2-9.9-9.9
5048519681222 30.9 10.5  0.009900 10.0-99.9-99.9-99.9-9.9 9914.2 46 12.2   1  0.8-9.9-9.9
5048519681223 26.4 14.0  0.009900  9.5-99.9-99.9-99.9-9.9 9912.3 42 10.0  18 14.4-9.9-9.9
5048519681224 32.3  9.5  0.009900  7.1-99.9-99.9-99.9-9.9 9910.4 36  7.5   6  4.8-9.9-9.9
5048519681225 32.0 11.3  0.009900  7.0-99.9-99.9-99.9-9.9 9912.8 44 10.6   6  4.8-9.9-9.9
5048519681226 27.3 14.8  0.009900 10.3-99.9-99.9-99.9-9.9 9913.7 55 11.6  11  8.8-9.9-9.9
5048519681227 29.5 11.4  0.009900  6.0-99.9-99.9-99.9-9.9 9911.6 42  9.2   4  3.2-9.9-9.9
5048519681228 33.5 10.7  0.009900  5.5-99.9-99.9-99.9-9.9 9913.0 38 10.9   4  3.2-9.9-9.9
5048519681229 34.1 15.2  0.009900 10.0-99.9-99.9-99.9-9.9 9915.6 44 13.6   6  4.8-9.9-9.9
5048519681230 27.4 14.7  1.019900 10.0-99.9-99.9-99.9-9.9 9913.2 50 11.1   8  6.4-9.9-9.9
5048519681231 25.9 14.0  0.009900 10.3-99.9-99.9-99.9-9.9 9910.0 40  7.0   9  7.2-9.9-9.9
5048519690101 27.3 14.3  0.009900  9.6-99.9-99.9-99.9-9.9 9911.0 44  8.4   6  4.8-9.9-9.9
5048519690102 34.5  8.6  0.009900  8.8-99.9-99.9-99.9-9.9 9911.0 34  8.4   3  2.4-9.9-9.9
5048519690103 36.8 11.7  0.009900 13.6-99.9-99.9-99.9-9.9 9913.8 38 11.8   4  3.2-9.9-9.9
5048519690104 30.7 18.1  0.009900 15.2-99.9-99.9-99.9-9.9 9911.7 36  9.3  10  8.0-9.9-9.9
5048519690105 33.5 12.0  0.009900 12.1-99.9-99.9-99.9-9.9 9911.8 35  9.4   2  1.6-9.9-9.9
5048519690106 36.3 14.5  0.009900 12.0-99.9-99.9-99.9-9.9 9912.8 32 10.6   4  3.2-9.9-9.9
5048519690107 32.6 16.3  0.009900  7.2-99.9-99.9-99.9-9.9 9910.0 30  7.0  13 10.4-9.9-9.9
5048519690108 38.2 12.9  0.009900  7.5-99.9-99.9-99.9-9.9 9915.8 40 13.8   1  0.8-9.9-9.9
5048519690109 31.4 17.4  0.009900 10.1-99.9-99.9-99.9-9.9 9910.0 33  7.0   9  7.2-9.9-9.9
5048519690110 28.6 12.7  0.009900  6.0-99.9-99.9-99.9-9.9 9910.5 38  7.7   8  6.4-9.9-9.9
5048519690111 33.0 10.3  0.009900  5.2-99.9-99.9-99.9-9.9 9914.6 47 12.6   4  3.2-9.9-9.9
5048519690112 37.4 12.6  0.009900  7.5-99.9-99.9-99.9-9.9 9915.5 39 13.5   3  2.4-9.9-9.9
5048519690113 35.6 16.7  0.009900 10.9-99.9-99.9-99.9-9.9 9916.7 42 14.7   4  3.2-9.9-9.9
5048519690114 35.1 16.9  0.009900  9.3-99.9-99.9-99.9-9.9 9914.6 37 12.6   2  1.6-9.9-9.9
5048519690115 37.4 15.0  0.009900 10.0-99.9-99.9-99.9-9.9 9916.4 41 14.4  14 11.2-9.9-9.9
5048519690116 36.7 18.8 17.019900 13.8-99.9-99.9-99.9-9.9 9922.0 55 19.0   4  3.2-9.9-9.9
5048519690117 30.6 18.0  0.009900 12.1-99.9-99.9-99.9-9.9 9914.9 54 12.9  13 10.4-9.9-9.9
5048519690118 29.7 17.2  6.019900 11.7-99.9-99.9-99.9-9.9 9920.1 64 17.6   4  3.2-9.9-9.9
5048519690119 30.5 17.0  0.009900 11.7-99.9-99.9-99.9-9.9 9921.6 65 18.7   2  1.6-9.9-9.9
5048519690120 33.4 16.3  0.009900 11.5-99.9-99.9-99.9-9.9 9918.9 59 16.6  14 11.2-9.9-9.9
5048519690121 32.2 16.7  3.519900 11.9-99.9-99.9-99.9-9.9 9921.1 62 18.4   4  3.2-9.9-9.9
5048519690122 32.7 17.9  0.519900 13.9-99.9-99.9-99.9-9.9 9919.8 60 17.3   4  3.2-9.9-9.9
5048519690123 32.9 16.6  0.009900 11.4-99.9-99.9-99.9-9.9 9921.3 61 18.5   6  4.8-9.9-9.9
5048519690124 35.5 19.0  0.009900 13.7-99.9-99.9-99.9-9.9 9922.1 57 19.1   2  1.6-9.9-9.9
5048519690125 37.4 19.0  0.319900 13.2-99.9-99.9-99.9-9.9 9916.8 44 14.8   4  3.2-9.9-9.9
5048519690126 34.8 18.1  0.009900 13.0-99.9-99.9-99.9-9.9 9921.6 57 18.7   2  1.6-9.9-9.9
5048519690127 36.9 20.3  0.009900 16.6-99.9-99.9-99.9-9.9 9919.5 53 17.1   8  6.4-9.9-9.9
5048519690128 38.0 17.3  0.009900 12.0-99.9-99.9-99.9-9.9 9919.6 47 17.2   6  4.8-9.9-9.9
5048519690129 39.2 19.1  0.009900 13.5-99.9-99.9-99.9-9.9 9919.8 45 17.3   4  3.2-9.9-9.9
5048519690130 39.0 20.1  0.009900 13.4-99.9-99.9-99.9-9.9 9922.9 53 19.7   6  4.8-9.9-9.9
5048519690131 36.7 19.6 15.519910 13.8-99.9-99.9-99.9-9.9 9921.0 60 18.3   7  5.6-9.9-9.9
5048519690201 28.7 19.3  0.009900-99.9-99.9-99.9-99.9-9.9 9915.7 55 13.7  12  9.6-9.9-9.9
5048519690202 32.6 14.6  0.009900-99.9-99.9-99.9-99.9-9.9 9919.4 57 17.0   2  1.6-9.9-9.9
5048519690203 34.6 18.5  0.009900-99.9-99.9-99.9-99.9-9.9 9924.0 67 20.4   6  4.8-9.9-9.9
5048519690204 32.6 18.4  0.319900-99.9-99.9-99.9-99.9-9.9 9922.4 62 19.3   1  0.8-9.9-9.9
5048519690205 31.0 18.8  0.009900-99.9-99.9-99.9-99.9-9.9 9920.4 67 17.8   8  6.4-9.9-9.9
5048519690206 34.4 17.2  0.009900-99.9-99.9-99.9-99.9-9.9 9921.2 59 18.4   4  3.2-9.9-9.9
5048519690207 33.3 18.3  3.519910-99.9-99.9-99.9-99.9-9.9 9921.2 66 18.4   8  6.4-9.9-9.9
5048519690208 29.6 16.1  0.009900-99.9-99.9-99.9-99.9-9.9 9915.4 55 13.4   6  4.8-9.9-9.9
5048519690209 32.2 13.8 14.519910-99.9-99.9-99.9-99.9-9.9 9918.0 72 15.8  10  8.0-9.9-9.9
5048519690210 32.0 17.1  0.009900-99.9-99.9-99.9-99.9-9.9 9922.7 69 19.5   4  3.2-9.9-9.9
5048519690211 26.1 13.9  0.009900-99.9-99.9-99.9-99.9-9.9 9910.4 47  7.5  10  8.0-9.9-9.9
5048519690212 29.9 12.9  0.009900-99.9-99.9-99.9-99.9-9.9 9912.8 47 10.6   4  3.2-9.9-9.9
5048519690213 32.4 13.8  1.519900-99.9-99.9-99.9-99.9-9.9 9915.4 52 13.4   2  1.6-9.9-9.9
5048519690214 35.9 15.9  0.009900-99.9-99.9-99.9-99.9-9.9 9919.8 49 17.3   2  1.6-9.9-9.9
5048519690215 29.1 15.5  0.009900-99.9-99.9-99.9-99.9-9.9 9912.5 47 10.3   6  4.8-9.9-9.9
5048519690216 23.3 13.3  0.009900-99.9-99.9-99.9-99.9-9.9 99 7.8 38  3.4   8  6.4-9.9-9.9
5048519690217 23.5  9.6  0.009900-99.9-99.9-99.9-99.9-9.9 99 7.7 41  3.2   8  6.4-9.9-9.9
5048519690218 25.9  8.4  0.009900-99.9-99.9-99.9-99.9-9.9 99 9.0 44  5.4  10  8.0-9.9-9.9
5048519690219 30.9  6.8  0.009900-99.9-99.9-99.9-99.9-9.9 9910.1 41  7.1   4  3.2-9.9-9.9
5048519690220 31.9 10.2  0.009900-99.9-99.9-99.9-99.9-9.9 9913.5 46 11.4   6  4.8-9.9-9.9
5048519690221 34.4 11.2  0.009900-99.9-99.9-99.9-99.9-9.9 9914.7 49 12.7   1  0.8-9.9-9.9
5048519690222 35.0 15.0  0.009900-99.9-99.9-99.9-99.9-9.9 9918.2 56 16.0   1  0.8-9.9-9.9
5048519690223 29.7 18.2  0.009900-99.9-99.9-99.9-99.9-9.9 9911.3 37  8.8  13 10.4-9.9-9.9
5048519690224 34.4 16.5  0.009900-99.9-99.9-99.9-99.9-9.9 9914.0 40 12.0   7  5.6-9.9-9.9
5048519690225 28.8 13.6  0.009900-99.9-99.9-99.9-99.9-9.9 99 7.6 31  3.0  20 16.0-9.9-9.9
5048519690226 32.4 10.9  0.009900-99.9-99.9-99.9-99.9-9.9 9911.9 43  9.5   4  3.2-9.9-9.9
5048519690227 33.5 14.9  0.009900-99.9-99.9-99.9-99.9-9.9 9918.2 55 16.0   4  3.2-9.9-9.9
5048519690228 36.4 17.6  0.009900-99.9-99.9-99.9-99.9-9.9 9919.6 54 17.2   3  2.4-9.9-9.9
5048519690301 37.0 18.5 16.019900-99.9-99.9-99.9-99.9-9.9 9918.7 54 16.4   6  4.8-9.9-9.9
5048519690302 30.4 16.1  0.009900-99.9-99.9-99.9-99.9-9.9 9921.2 69 18.4   2  1.6-9.9-9.9
5048519690303 32.9 17.8  0.009900-99.9-99.9-99.9-99.9-9.9 9922.7 66 19.5   2  1.6-9.9-9.9
5048519690304 28.1 17.0  0.009900-99.9-99.9-99.9-99.9-9.9 9912.8 47 10.6   8  6.4-9.9-9.9
5048519690305 33.1 14.0  0.009900-99.9-99.9-99.9-99.9-9.9 9917.0 53 15.0   2  1.6-9.9-9.9
5048519690306 37.1 18.5  0.009900-99.9-99.9-99.9-99.9-9.9 9920.8 54 18.1   6  4.8-9.9-9.9
5048519690307 30.7 19.0  0.009900-99.9-99.9-99.9-99.9-9.9 9916.6 53 14.6  13 10.4-9.9-9.9
5048519690308 25.4 17.0  0.009900-99.9-99.9-99.9-99.9-9.9 9910.3 46  7.4   8  6.4-9.9-9.9
5048519690309 24.2 17.5  0.009900-99.9-99.9-99.9-99.9-9.9 9914.6 63 12.6   9  7.2-9.9-9.9
5048519690310 28.0 15.9  0.009900-99.9-99.9-99.9-99.9-9.9 9920.1 76 17.6   1  0.8-9.9-9.9
5048519690311 34.3 18.7  0.009900-99.9-99.9-99.9-99.9-9.9 9920.6 63 18.0   1  0.8-9.9-9.9
5048519690312 36.4 18.7  0.009900-99.9-99.9-99.9-99.9-9.9 9922.4 62 19.3   2  1.6-9.9-9.9
5048519690313 28.1 20.6  0.009900-99.9-99.9-99.9-99.9-9.9 9915.0 52 13.0  18 14.4-9.9-9.9
5048519690314 22.2 14.6  0.009900-99.9-99.9-99.9-99.9-9.9 99 8.8 48  5.1   9  7.2-9.9-9.9
5048519690315 22.0 12.9  0.009900-99.9-99.9-99.9-99.9-9.9 9915.0 78 13.0   7  5.6-9.9-9.9
5048519690316 17.3  9.1  0.009900-99.9-99.9-99.9-99.9-9.9 9911.8 75  9.4   4  3.2-9.9-9.9
5048519690317 23.6  5.0  0.009900-99.9-99.9-99.9-99.9-9.9 9911.6 70  9.2   4  3.2-9.9-9.9
5048519690318 24.2  8.6  0.009900-99.9-99.9-99.9-99.9-9.9 9910.8 60  8.1   4  3.2-9.9-9.9
5048519690319 27.3  7.8  0.009900-99.9-99.9-99.9-99.9-9.9 9912.1 56  9.8   4  3.2-9.9-9.9
5048519690320 29.2  7.2  0.009900-99.9-99.9-99.9-99.9-9.9 9911.1 54  8.5   3  2.4-9.9-9.9
5048519690321 31.2  7.3  0.009900-99.9-99.9-99.9-99.9-9.9 9912.1 55  9.8   4  3.2-9.9-9.9
5048519690322 31.0  9.5  0.009900-99.9-99.9-99.9-99.9-9.9 9913.8 58 11.8   0  0.0-9.9-9.9
5048519690323 28.4 10.7  0.009900-99.9-99.9-99.9-99.9-9.9 9915.2 63 13.2   1  0.8-9.9-9.9
5048519690324 25.2 13.8  0.009900-99.9-99.9-99.9-99.9-9.9 9913.8 61 11.8  17 13.6-9.9-9.9
5048519690325 24.1  7.9  0.009900-99.9-99.9-99.9-99.9-9.9 9910.7 61  8.0   6  4.8-9.9-9.9
5048519690326 15.3 11.1  0.009900-99.9-99.9-99.9-99.9-9.9 99 8.3 56  4.3   4  3.2-9.9-9.9
5048519690327 16.7  9.9  0.009900-99.9-99.9-99.9-99.9-9.9 99 9.8 69  6.7   7  5.6-9.9-9.9
5048519690328 18.2  6.8  0.009900-99.9-99.9-99.9-99.9-9.9 9911.1 73  8.5   1  0.8-9.9-9.9
5048519690329 23.9  6.5  0.009900-99.9-99.9-99.9-99.9-9.9 9912.3 70 10.0   1  0.8-9.9-9.9
5048519690330 26.2  7.0  0.009900-99.9-99.9-99.9-99.9-9.9 9911.0 56  8.4   2  1.6-9.9-9.9
5048519690331 18.2 10.1  0.009900-99.9-99.9-99.9-99.9-9.9 9910.1 66  7.1   5  4.0-9.9-9.9
5048519690401 22.8  4.0  0.009900-99.9-99.9-99.9-99.9-9.9 99 8.9 59  5.3   3  2.4-9.9-9.9
5048519690402 24.0  4.7  0.009900-99.9-99.9-99.9-99.9-9.9 99 8.2 51  4.1   2  1.6-9.9-9.9
5048519690403 23.3  6.0  0.009900-99.9-99.9-99.9-99.9-9.9 99 9.0 54  5.4   4  3.2-9.9-9.9
5048519690404 25.0  3.8  0.009900-99.9-99.9-99.9-99.9-9.9 99 9.1 58  5.6   1  0.8-9.9-9.9
5048519690405 23.9  6.6  0.009900-99.9-99.9-99.9-99.9-9.9 99 9.9 60  6.8   4  3.2-9.9-9.9
5048519690406 27.4  7.1  0.009900-99.9-99.9-99.9-99.9-9.9 9910.7 56  8.0   6  4.8-9.9-9.9
5048519690407 28.0  7.9  0.009900-99.9-99.9-99.9-99.9-9.9 9912.5 62 10.3   4  3.2-9.9-9.9
5048519690408 28.6  9.0  0.009900-99.9-99.9-99.9-99.9-9.9 9912.5 58 10.3   7  5.6-9.9-9.9
5048519690409 29.2  9.6  0.009900-99.9-99.9-99.9-99.9-9.9 9914.8 60 12.8   2  1.6-9.9-9.9
5048519690410 28.1 13.0  0.009900-99.9-99.9-99.9-99.9-9.9 9913.0 57 10.9   4  3.2-9.9-9.9
5048519690411 28.5 12.5  0.009900-99.9-99.9-99.9-99.9-9.9 9913.1 51 11.0  11  8.8-9.9-9.9
5048519690412 25.7 11.9  0.009900-99.9-99.9-99.9-99.9-9.9 9914.6 71 12.6   1  0.8-9.9-9.9
5048519690413 29.2 11.9  0.009900-99.9-99.9-99.9-99.9-9.9 9916.2 66 14.2   2  1.6-9.9-9.9
5048519690414 28.4 13.5  0.009900-99.9-99.9-99.9-99.9-9.9 9916.6 66 14.6   4  3.2-9.9-9.9
5048519690415 27.6 13.4  0.009900-99.9-99.9-99.9-99.9-9.9 9919.0 78 16.7   7  5.6-9.9-9.9
5048519690416 27.5 16.5  0.009900-99.9-99.9-99.9-99.9-9.9 9919.9 77 17.4   4  3.2-9.9-9.9
5048519690417 24.5 15.4  0.009900-99.9-99.9-99.9-99.9-9.9 9914.7 68 12.7   4  3.2-9.9-9.9
5048519690418 25.6 10.7  0.009900-99.9-99.9-99.9-99.9-9.9 9912.6 65 10.4   6  4.8-9.9-9.9
5048519690419 20.1 10.8  0.009900-99.9-99.9-99.9-99.9-9.9 9910.0 52  7.0  13 10.4-9.9-9.9
5048519690420 19.0  4.9  0.009900-99.9-99.9-99.9-99.9-9.9 99 6.6 56  1.1   0  0.0-9.9-9.9
5048519690421 23.4  3.3  0.009900-99.9-99.9-99.9-99.9-9.9 99 7.7 52  3.2   4  3.2-9.9-9.9
5048519690422 26.0  5.7  0.009900-99.9-99.9-99.9-99.9-9.9 9910.0 57  7.0   4  3.2-9.9-9.9
5048519690423 28.1  6.3  0.009900-99.9-99.9-99.9-99.9-9.9 9911.6 63  9.2   2  1.6-9.9-9.9
5048519690424 26.1  8.0  0.009900-99.9-99.9-99.9-99.9-9.9 9912.3 61 10.0   8  6.4-9.9-9.9
5048519690425 22.5 10.4  0.009900-99.9-99.9-99.9-99.9-9.9 9911.8 64  9.4   4  3.2-9.9-9.9
5048519690426 25.1  9.2  0.009900-99.9-99.9-99.9-99.9-9.9 9912.1 67  9.8   4  3.2-9.9-9.9
5048519690427 25.0  6.2  0.009900-99.9-99.9-99.9-99.9-9.9 9910.4 62  7.5   2  1.6-9.9-9.9
5048519690428 26.8  7.3  0.009900-99.9-99.9-99.9-99.9-9.9 9910.6 63  7.8   8  6.4-9.9-9.9
5048519690429 28.3  7.0  0.009900-99.9-99.9-99.9-99.9-9.9 99 8.2 47  4.1   6  4.8-9.9-9.9
5048519690430 22.6  6.8  0.009900-99.9-99.9-99.9-99.9-9.9 9910.2 59  7.3   6  4.8-9.9-9.9
5048519690501 24.8  3.5  0.009900-99.9-99.9-99.9-99.9-9.9 99 5.5 43 -1.4  13 10.4-9.9-9.9
5048519690502 12.7  3.0  0.319900-99.9-99.9-99.9-99.9-9.9 99 7.5 81  2.9  14 11.2-9.9-9.9
5048519690503 14.8 -2.0  0.009900-99.9-99.9-99.9-99.9-9.9 99 5.8 69 -0.7   4  3.2-9.9-9.9
5048519690504 21.2 -0.6  0.009900-99.9-99.9-99.9-99.9-9.9 99 6.3 58  0.4   4  3.2-9.9-9.9
5048519690505 24.2  3.6  0.009900-99.9-99.9-99.9-99.9-9.9 99 6.7 50  1.3   2  1.6-9.9-9.9
5048519690506 25.9  2.3  0.009900-99.9-99.9-99.9-99.9-9.9 99 7.0 51  1.9   4  3.2-9.9-9.9
5048519690507 27.0  4.7  0.009900-99.9-99.9-99.9-99.9-9.9 99 8.3 53  4.3   2  1.6-9.9-9.9
5048519690508 25.8  7.3  0.009900-99.9-99.9-99.9-99.9-9.9 99 9.1 53  5.6   1  0.8-9.9-9.9
5048519690509 26.9  8.2  0.009900-99.9-99.9-99.9-99.9-9.9 99 9.8 56  6.7   4  3.2-9.9-9.9
5048519690510 25.9  7.3  0.009900-99.9-99.9-99.9-99.9-9.9 9910.1 60  7.1   4  3.2-9.9-9.9
5048519690511 20.1  3.9  0.009900-99.9-99.9-99.9-99.9-9.9 99 7.1 55  2.1   4  3.2-9.9-9.9
5048519690512 21.9  4.3  0.009900-99.9-99.9-99.9-99.9-9.9 99 6.7 49  1.3   4  3.2-9.9-9.9
5048519690513 23.6  2.2  0.009900-99.9-99.9-99.9-99.9-9.9 99 7.2 54  2.3   4  3.2-9.9-9.9
5048519690514 23.2  4.7  0.009900-99.9-99.9-99.9-99.9-9.9 9910.2 67  7.3   6  4.8-9.9-9.9
5048519690515 24.5  8.5  0.009900-99.9-99.9-99.9-99.9-9.9 9910.9 65  8.2   1  0.8-9.9-9.9
5048519690516 23.3  8.0  0.009900-99.9-99.9-99.9-99.9-9.9 9911.7 66  9.3   2  1.6-9.9-9.9
5048519690517 21.2  8.0  0.009900-99.9-99.9-99.9-99.9-9.9 99 9.4 63  6.1   6  4.8-9.9-9.9
5048519690518 21.9 10.3  0.009900-99.9-99.9-99.9-99.9-9.9 9912.3 69 10.0   4  3.2-9.9-9.9
5048519690519 17.7 11.1  0.009900-99.9-99.9-99.9-99.9-9.9 9912.7 79 10.5   3  2.4-9.9-9.9
5048519690520 13.8  8.0  0.009900-99.9-99.9-99.9-99.9-9.9 9910.9 86  8.2   9  7.2-9.9-9.9
5048519690521 12.5  5.4  0.009900-99.9-99.9-99.9-99.9-9.9 9910.6 82  7.8   2  1.6-9.9-9.9
5048519690522 13.7  5.6  0.009900-99.9-99.9-99.9-99.9-9.9 9910.9 83  8.2   1  0.8-9.9-9.9
5048519690523 18.3  3.8  0.009900-99.9-99.9-99.9-99.9-9.9 99 9.6 79  6.4   4  3.2-9.9-9.9
5048519690524 15.4  7.2  0.009900-99.9-99.9-99.9-99.9-9.9 9912.9 91 10.7   1  0.8-9.9-9.9
5048519690525 19.3  5.1  0.009900-99.9-99.9-99.9-99.9-9.9 99 9.8 77  6.7   1  0.8-9.9-9.9
5048519690526 17.7  3.9  0.009900-99.9-99.9-99.9-99.9-9.9 9911.1 87  8.5   1  0.8-9.9-9.9
5048519690527 17.4  6.3  0.009900-99.9-99.9-99.9-99.9-9.9 9911.1 81  8.5   2  1.6-9.9-9.9
5048519690528 16.7  4.6  0.009900-99.9-99.9-99.9-99.9-9.9 9911.4 86  8.9   4  3.2-9.9-9.9
5048519690529 23.9  6.8  0.009900-99.9-99.9-99.9-99.9-9.9 9910.4 68  7.5   6  4.8-9.9-9.9
5048519690530 21.7  3.4  0.009900-99.9-99.9-99.9-99.9-9.9 99 9.4 66  6.1  11  8.8-9.9-9.9
5048519690531 15.4  3.3  0.009900-99.9-99.9-99.9-99.9-9.9 99 6.3 56  0.4   6  4.8-9.9-9.9
5048519690601 17.3  2.0  0.009900  0.2-99.9-99.9-99.9 8.5 84 6.5 61  0.9   4  3.211.5 0.9
5048519690602 17.8  1.9  0.009900  0.2-99.9-99.9-99.9 7.4 74 7.6 65  3.0   4  3.210.4 0.8
5048519690603 18.0  1.9  0.009900  0.0-99.9-99.9-99.9 8.2 82 8.3 73  4.3   4  3.211.1 0.7
5048519690604 17.3  1.3  0.009900 -1.4-99.9-99.9-99.9 5.6 56 8.3 70  4.3   2  1.6 8.6 0.6
5048519690605 16.3  4.7  0.009900  2.0-99.9-99.9-99.9 5.5 55 8.6 76  4.8   2  1.6 8.5 0.7
5048519690606 15.8  2.8  0.009900  1.1-99.9-99.9-99.9 4.2 42 9.2 82  5.8   6  4.8 7.2 0.7
5048519690607 16.3  3.0  0.009900  0.5-99.9-99.9-99.9 1.0 10 9.6 73  6.4  11  8.8 4.1 0.9
5048519690608 18.7  4.6  0.009900  0.4-99.9-99.9-99.9 8.4 84 9.1 74  5.6   2  1.611.2 0.6
5048519690609 20.3  4.6  0.009900  2.3-99.9-99.9-99.9 6.7 67 9.6 73  6.4   4  3.2 9.5 0.8
5048519690610 27.8  7.7  0.009900  3.9-99.9-99.9-99.9 5.5 55 9.2 55  5.8  43 34.4 8.3 5.7
5048519690611 17.1  7.3  0.009900  5.2-99.9-99.9-99.9 7.3 73 7.2 53  2.3  13 10.410.0 1.8
5048519690612 13.2  4.6  2.319900  3.0-99.9-99.9-99.9 8.1 81 6.5 57  0.9  11  8.810.8 1.3
5048519690613 12.1  0.7  0.009900  3.8-99.9-99.9-99.9 8.1 81 7.2 72  2.3   4  3.210.7 0.4
5048519690614 13.3 -2.1  0.009900 -4.0-99.9-99.9-99.9 7.0 70 6.4 79  0.6  12  9.6 9.7 0.8
5048519690615 13.9 -2.2  0.009900 -5.9-99.9-99.9-99.9 7.6 77 6.3 65  0.4   2  1.610.2 0.5
5048519690616 14.7 -3.0  0.009900 -5.6-99.9-99.9-99.9 7.2 73 5.0 50 -2.7  15 12.0 9.8 1.5
5048519690617 11.1 -4.1  0.009900 -8.2-99.9-99.9-99.9 8.7 88 4.2 63 -5.0   1  0.811.2 0.6
5048519690618 13.5 -5.1  0.009900 -8.0-99.9-99.9-99.9 8.6 87 4.2 59 -5.0   4  3.211.1 0.8
5048519690619 13.6 -3.1  0.009900 -6.7-99.9-99.9-99.9 8.3 84 4.6 56 -3.8   2  1.610.9 0.7
5048519690620 12.9 -3.7  0.009900 -7.2-99.9-99.9-99.9 7.8 79 4.8 61 -3.3   1  0.810.4 0.5
5048519690621 11.0 -4.3  0.009900 -6.6-99.9-99.9-99.9 4.5 45 4.6 64 -3.8   1  0.8 7.3 0.5
5048519690622 24.1 -3.8  0.009900 -5.0-99.9-99.9-99.9 8.4 85 4.5 44 -4.1   4  3.210.9 1.3
5048519690623 17.6 -1.2  0.009900 -4.5-99.9-99.9-99.9 8.7 88 7.1 69  2.1   2  1.611.2 0.5
5048519690624 18.8  2.0  0.009900 -0.5-99.9-99.9-99.9 8.6 87 8.4 66  4.5   4  3.211.1 0.7
5048519690625 11.4  7.3  0.719900  5.0-99.9-99.9-99.9 0.0  0 7.6 65  3.0  13 10.4 3.1 1.5
5048519690626  9.4  4.5  1.019900  5.0-99.9-99.9-99.9 1.0 10 8.7 90  5.0  15 12.0 4.0 0.7
5048519690627  8.6  3.3  0.819900  2.5-99.9-99.9-99.9 1.0 10 8.6 91  4.8   6  4.8 4.0 0.4
5048519690628 14.5  0.7  0.009900 -1.3-99.9-99.9-99.9 7.0 70 8.0 84  3.8   1  0.8 9.7 0.4
5048519690629 13.9  0.2  0.009900 -1.7-99.9-99.9-99.9 8.6 86 5.9 62 -0.5   3  2.411.2 0.7
5048519690630 13.9 -2.3  0.009900 -4.5-99.9-99.9-99.9 8.0 80 5.3 60 -1.9   4  3.210.6 0.7
5048519690701 15.6 -2.3  0.009900 -4.6-99.9-99.9-99.9 8.5 85 6.6 66  1.1   4  3.211.1 0.6
5048519690702 14.4 -0.3  0.009900 -2.7-99.9-99.9-99.9 5.6 56 7.3 77  2.5   5  4.0 8.4 0.6
5048519690703 18.8 -0.5  0.009900 -2.7-99.9-99.9-99.9 8.6 86 7.4 70  2.7   6  4.811.3 0.8
5048519690704 14.5  1.2  0.009900 -3.4-99.9-99.9-99.9 8.6 86 7.7 79  3.2   8  6.411.3 0.7
5048519690705  9.1 -4.2  0.009900  0.2-99.9-99.9-99.9 1.5 15 5.4 62 -1.7   2  1.6 4.6 0.5
5048519690706  9.5 -5.5  0.009900 -9.0-99.9-99.9-99.9 7.6 76 4.8 65 -3.3   4  3.210.4 0.5
5048519690707  5.8  0.4  0.009900 -3.1-99.9-99.9-99.9 0.0  0 4.8 64 -3.3   6  4.8 3.1 0.9
5048519690708  5.6  0.1  0.009900 -0.6-99.9-99.9-99.9 1.6 16 5.0 66 -2.7   4  3.2 4.7 0.7
5048519690709  6.0 -2.5  0.009900 -1.5-99.9-99.9-99.9 2.0 20 4.5 68 -4.1   1  0.8 5.1 0.6
5048519690710  8.4 -5.6  0.009900 -9.2-99.9-99.9-99.9 8.6 86 4.6 73 -3.8   3  2.411.5 0.4
5048519690711 12.4 -6.1  0.009900 -8.5-99.9-99.9-99.9 7.7 77 4.9 63 -3.0   6  4.810.7 0.6
5048519690712 14.4 -1.5  0.009900 -4.5-99.9-99.9-99.9 6.3 63 4.9 59 -3.0   4  3.2 9.4 0.9
5048519690713 17.9 -2.1  0.009900 -4.5-99.9-99.9-99.9 8.2 81 5.8 59 -0.7   1  0.811.3 0.6
5048519690714 23.0  1.0  0.009900 -4.0-99.9-99.9-99.9 8.6 85 6.1 48  0.0   2  1.611.7 1.0
5048519690715 20.4  3.0  0.009900 -0.1-99.9-99.9-99.9 8.8 87 6.2 51  0.2   4  3.212.0 1.2
5048519690716 20.1  0.9  0.009900 -1.0-99.9-99.9-99.9 8.6 85 6.4 54  0.6   6  4.811.8 1.2
5048519690717 22.9  1.5  0.009900 -1.4-99.9-99.9-99.9 8.5 84 6.4 47  0.6  12  9.611.8 1.9
5048519690718 15.6  2.4  0.009900  1.4-99.9-99.9-99.9 6.2 61 5.4 50 -1.7  13 10.4 9.5 1.8
5048519690719 19.4 -0.1  0.009900 -2.6-99.9-99.9-99.9 8.8 86 5.7 51 -1.0   2  1.612.2 0.9
5048519690720 19.7  1.0  0.009900 -2.0-99.9-99.9-99.9 8.4 82 6.0 52 -0.2   2  1.611.8 0.9
5048519690721 18.3  5.0  0.009900  2.1-99.9-99.9-99.9 7.8 76 7.8 55  3.4  22 17.611.3 2.3
5048519690722 18.4  1.4  0.009900 -1.6-99.9-99.9-99.9 8.8 86 5.9 51 -0.5   2  1.612.4 0.9
5048519690723 16.0  0.4  0.009900 -2.1-99.9-99.9-99.9 5.4 53 6.4 61  0.6   4  3.2 9.0 1.0
5048519690724 19.0  1.0  0.009900 -1.7-99.9-99.9-99.9 6.4 62 7.6 57  3.0  11  8.810.0 1.4
5048519690725 20.3  4.4  0.009900  0.7-99.9-99.9-99.9 8.3 80 8.3 63  4.3   4  3.212.1 1.1
5048519690726 21.1  4.5  0.009900  0.6-99.9-99.9-99.9 8.4 81 8.6 63  4.8   4  3.212.2 1.1
5048519690727 23.0  5.0  0.009900  2.7-99.9-99.9-99.9 8.8 85 8.2 57  4.1   7  5.612.7 1.5
5048519690728 25.4  3.7  0.009900  1.0-99.9-99.9-99.9 8.6 83 8.9 55  5.3  11  8.812.6 1.9
5048519690729 20.2  7.9  0.009900  5.1-99.9-99.9-99.9 8.9 86 8.4 56  4.5   6  4.813.0 1.4
5048519690730 12.6  4.8  0.009900  1.0-99.9-99.9-99.9 2.0 19 6.8 57  1.5  13 10.4 5.7 1.7
5048519690731 13.0 -1.6  0.009900 -4.4-99.9-99.9-99.9 9.1 87 4.3 54 -4.7   4  3.213.3 1.0
5048519690801 15.8 -3.6  0.009900 -7.3-99.9-99.9-99.9 8.2 78 3.4 43 -7.8   9  7.212.5 1.6
5048519690802 16.0 -3.7  0.009900 -6.6-99.9-99.9-99.9 9.2 88 4.6 50 -3.8   6  4.813.6 1.1
5048519690803 15.3 -2.4  0.009900 -5.6-99.9-99.9-99.9 4.6 44 5.4 54 -1.7   4  3.2 8.7 1.1
5048519690804 18.0  1.4  0.009900 -1.9-99.9-99.9-99.9 9.3 88 6.5 58  0.9   4  3.213.9 1.2
5048519690805 13.3  2.8  0.009900  0.4-99.9-99.9-99.9 9.4 89 4.9 47 -3.0   4  3.214.1 1.2
5048519690806 14.5 -4.1  0.009900 -7.1-99.9-99.9-99.9 9.1 86 4.2 49 -5.0   4  3.213.9 1.1
5048519690807 17.3 -2.2  0.009900 -4.3-99.9-99.9-99.9 9.2 87 5.1 55 -2.5   3  2.414.1 1.1
5048519690808 18.7 -0.8  0.009900 -4.1-99.9-99.9-99.9 9.6 90 5.8 50 -0.7   6  4.814.6 1.4
5048519690809 18.4  3.5  0.009900  0.0-99.9-99.9-99.9 9.7 91 6.7 50  1.3  13 10.414.8 2.1
5048519690810 16.9  1.5  0.009900 -2.1-99.9-99.9-99.9 9.4 88 7.0 68  1.9   8  6.414.6 1.5
5048519690811 19.8  1.6  0.009900 -2.0-99.9-99.9-99.9 9.6 89 6.8 56  1.5   7  5.614.9 1.6
5048519690812 22.6  1.4  0.009900 -1.3-99.9-99.9-99.9 7.1 66 6.9 49  1.7   6  4.812.1 1.7
5048519690813 29.2  1.8  0.009900 -1.0-99.9-99.9-99.9 8.4 78 6.4 41  0.6  35 28.013.7 5.6
5048519690814 20.0  3.4  0.009900  0.5-99.9-99.9-99.9 5.7 53 5.8 54 -0.7   4  3.210.7 1.6
5048519690815 19.5 -2.5  0.009900 -5.0-99.9-99.9-99.9 9.6 88 5.0 52 -2.7   6  4.815.3 1.6
5048519690816 20.0 -1.5  0.009900 -3.5-99.9-99.9-99.9 9.6 88 6.0 54 -0.2   6  4.815.4 1.6
5048519690817 20.5  1.2  0.009900 -1.4-99.9-99.9-99.9 9.7 89 5.0 40 -2.7   6  4.815.6 1.8
5048519690818 14.2  2.9  0.009900  0.4-99.9-99.9-99.9 6.4 58 6.3 53  0.4   8  6.411.8 1.6
5048519690819 14.3 -2.0  0.009900 -4.9-99.9-99.9-99.9 6.0 55 5.1 50 -2.5   1  0.811.4 1.1
5048519690820 17.3 -1.1  0.009900 -3.9-99.9-99.9-99.9 9.7 88 4.7 45 -3.6   4  3.216.0 1.5
5048519690821 18.9 -1.0  0.009900 -4.6-99.9-99.9-99.9 9.6 87 5.3 51 -1.9   1  0.816.0 1.3
5048519690822 16.2 -0.3  4.519900 -2.7-99.9-99.9-99.9 4.4 40 5.3 45 -1.9  11  8.8 9.7 2.0
5048519690823 12.2  4.0  0.009900  2.5-99.9-99.9-99.9 0.0  0 8.4 89  4.5   6  4.8 4.4 1.0
5048519690824 11.5  5.4  0.009900  3.6-99.9-99.9-99.9 0.0  0 8.8 80  5.1   2  1.6 4.5 0.9
5048519690825 12.5  6.9  0.009900  6.0-99.9-99.9-99.9 0.0  0 8.5 70  4.6   4  3.2 4.5 1.2
5048519690826 17.0  2.5  0.009900 -1.1-99.9-99.9-99.9 6.4 57 8.5 69  4.6   4  3.212.5 1.4
5048519690827 20.2  6.7  0.009900  3.9-99.9-99.9-99.9 8.2 73 8.6 57  4.8   4  3.214.9 1.9
5048519690828 19.8  3.9  0.009900  1.7-99.9-99.9-99.9 7.8 69 8.3 64  4.3   4  3.214.5 1.8
5048519690829 19.8  2.6  0.009900  0.5-99.9-99.9-99.9 9.6 85 8.1 60  3.9   4  3.216.8 1.8
5048519690830 21.0  4.5  0.009900  2.0-99.9-99.9-99.9 9.5 84 8.9 60  5.3   4  3.216.8 2.0
5048519690831 24.3  4.6  0.009900  2.0-99.9-99.9-99.9 9.7 85 8.1 50  3.9   6  4.817.2 2.4
5048519690901 26.2  5.7  0.009900  2.6-99.9-99.9-99.9 9.6 84 8.9 44  5.3  13 10.417.2 3.2
5048519690902 20.6  8.0  0.009900  5.0-99.9-99.9-99.9 9.3 81 8.9 57  5.3  27 21.616.9 4.1
5048519690903 21.5  3.9  0.009900  0.5-99.9-99.9-99.9 9.9 86 7.7 52  3.2   4  3.217.8 2.1
5048519690904 15.9  3.8  0.009900  0.5-99.9-99.9-99.9 9.9 86 7.9 59  3.6   9  7.217.9 2.1
5048519690905 22.1  2.5  0.009900  0.6-99.9-99.9-99.9 9.6 83 8.4 55  4.5   6  4.817.6 2.3
5048519690906 14.3  7.9  0.009900  5.5-99.9-99.9-99.9 7.2 62 5.6 45 -1.2  22 17.614.6 3.8
5048519690907 14.4 -0.2  0.009900 -4.5-99.9-99.9-99.9 9.8 85 4.3 40 -4.7   1  0.818.1 1.7
5048519690908 21.5 -1.0  0.009900 -3.0-99.9-99.9-99.9 6.5 56 4.0 35 -5.7   4  3.213.8 2.2
5048519690909 25.0  3.1  0.009900  1.4-99.9-99.9-99.9 8.5 73 5.3 30 -1.9   6  4.816.6 2.7
5048519690910 21.5  5.8  0.009900  2.3-99.9-99.9-99.9 9.3 80 5.3 34 -1.9   8  6.417.8 3.0
5048519690911 23.2  4.0  0.009900  1.0-99.9-99.9-99.9 5.7 49 6.0 35 -0.2   4  3.213.0 2.4
5048519690912 27.5  5.7  0.009900  1.3-99.9-99.9-99.9 9.9 84 6.8 37  1.5   6  4.818.9 3.0
5048519690913 25.6  9.1  0.009900  5.5-99.9-99.9-99.9 9.8 83 7.2 34  2.3   8  6.418.8 3.4
5048519690914 28.6  9.5  0.009900  6.2-99.9-99.9-99.9 9.5 80 8.5 41  4.6   4  3.218.5 3.0
5048519690915 26.9 11.9  0.009900 10.0-99.9-99.9-99.9 9.5 80 8.7 40  5.0   8  6.418.6 3.6
5048519690916 29.7 10.0  0.009900  7.0-99.9-99.9-99.9 9.4 79 9.2 41  5.8   8  6.418.6 3.7
5048519690917 20.4  8.4  0.009900  6.7-99.9-99.9-99.9 9.4 79 4.5 33 -4.1   6  4.818.7 3.0
5048519690918 20.3  2.0  0.009900 -1.0-99.9-99.9-99.910.1 85 4.7 31 -3.6  11  8.819.8 3.3
5048519690919 24.2  1.4  0.009900 -2.5-99.9-99.9-99.9 9.9 83 5.1 32 -2.5   4  3.219.7 2.7
5048519690920 26.6  4.3  0.009900  2.4-99.9-99.9-99.9 9.9 82 5.3 27 -1.9   4  3.219.8 2.9
5048519690921 29.2  5.7  0.009900  3.6-99.9-99.9-99.9 9.1 76 6.2 31  0.2   4  3.218.7 3.1
5048519690922 28.8 10.3  0.009900  7.7-99.9-99.9-99.9 7.4 61 7.1 31  2.1   7  5.616.4 3.6
5048519690923 25.0 12.3  0.009900  8.2-99.9-99.9-99.910.0 83 8.5 38  4.6  14 11.220.2 4.6
5048519690924 28.1  8.0  0.009900  5.7-99.9-99.9-99.910.0 8210.2 47  7.3   2  1.620.4 3.1
5048519690925 21.5 11.2  0.009900  9.5-99.9-99.9-99.9 6.5 53 6.4 35  0.6   6  4.815.3 3.2
5048519690926 18.4  8.8  0.009900  9.2-99.9-99.9-99.9 9.6 79 7.3 53  2.5  24 19.220.0 4.8
5048519690927 17.6  5.1  0.009900  3.7-99.9-99.9-99.9 6.1 50 8.2 57  4.1   4  3.214.9 2.3
5048519690928 18.7  3.6  2.019900  0.7-99.9-99.9-99.9 7.3 59 7.4 53  2.7   5  4.016.8 2.5
5048519690929 19.7  9.0  0.319900  7.3-99.9-99.9-99.9 8.5 69 8.4 58  4.5   2  1.618.7 2.7
5048519690930 21.6  3.9  0.009900  1.0-99.9-99.9-99.9 7.3 59 7.7 52  3.2   4  3.217.0 2.7
5048519691001 28.2  7.5  0.009900  5.4-99.9-99.9-99.910.6 86 6.8 30  1.5   7  5.622.0 3.9
5048519691002 21.9 11.3  0.009900 12.5-99.9-99.9-99.9 2.5 20 8.3 53  4.3   8  6.4 9.9 3.1
5048519691003 25.5  3.0  0.009900  0.5-99.9-99.9-99.910.9 88 7.9 44  3.6   4  3.222.7 3.3
5048519691004 28.4  6.0  0.009900  4.0-99.9-99.9-99.9 6.9 55 8.3 36  4.3   6  4.816.7 3.4
5048519691005 23.3  7.9  0.009900  7.0-99.9-99.9-99.9 9.0 72 4.4 26 -4.4   9  7.220.0 4.1
5048519691006 20.5 -0.1  0.009900 -2.9-99.9-99.9-99.910.7 85 4.5 33 -4.1   6  4.822.7 3.2
5048519691007 24.3  1.8  0.009900  0.1-99.9-99.9-99.910.6 84 5.6 35 -1.2   6  4.822.6 3.5
5048519691008 30.6  3.9  0.009900  1.0-99.9-99.9-99.910.5 83 5.4 26 -1.7   9  7.222.6 4.4
5048519691009 23.2  9.2  0.009900  7.1-99.9-99.9-99.910.9 86 4.4 24 -4.4  13 10.423.3 5.0
5048519691010 28.3  5.9  0.009900  2.5-99.9-99.9-99.910.8 85 7.4 34  2.7   3  2.423.3 3.6
5048519691011 31.5  9.3  0.009900  8.0-99.9-99.9-99.9 7.5 5912.6 45 10.4   4  3.218.2 3.6
5048519691012 24.1 12.1  0.009900 11.5-99.9-99.9-99.910.6 83 6.8 37  1.5   9  7.223.1 4.6
5048519691013 18.5  6.6  0.009900  4.1-99.9-99.9-99.910.3 81 5.6 40 -1.2  23 18.422.8 5.4
5048519691014 16.3  5.2  0.009900  3.5-99.9-99.9-99.910.9 85 3.7 28 -6.7  20 16.023.8 5.2
5048519691015 21.0  2.4  0.009900 -0.5-99.9-99.9-99.911.4 89 4.3 26 -4.7   4  3.224.7 3.4
5048519691016 20.8  4.6  0.009900  3.6-99.9-99.9-99.911.3 88 5.7 35 -1.0  11  8.824.6 4.3
5048519691017 25.0  5.7  0.009900  2.5-99.9-99.9-99.911.2 87 7.8 39  3.4   8  6.424.6 4.2
5048519691018 27.3  6.5  0.009900  4.4-99.9-99.9-99.9 9.5 73 7.9 36  3.6   7  5.621.9 4.1
5048519691019 26.9  9.1  2.019900  7.7-99.9-99.9-99.9 6.2 48 8.6 38  4.8   6  4.816.7 3.7
5048519691020 20.5  9.8  0.009900  7.5-99.9-99.9-99.9 9.5 73 9.5 55  6.2  27 21.622.1 5.5
5048519691021 23.6  5.0  0.009900  2.7-99.9-99.9-99.911.3 87 8.9 48  5.3   2  1.625.1 3.6
5048519691022 26.3  6.6  0.009900  3.5-99.9-99.9-99.911.0 84 8.1 38  3.9  11  8.824.7 4.8
5048519691023 30.4  8.3  0.009900  6.0-99.9-99.9-99.911.5 88 9.5 37  6.2   4  3.225.6 4.4
5048519691024 32.5  9.8  0.009900  8.0-99.9-99.9-99.910.7 8111.2 40  8.6   2  1.624.4 4.3
5048519691025 32.8 12.2  0.009900  9.5-99.9-99.9-99.910.7 8112.9 39 10.7   8  6.424.4 5.2
5048519691026 25.0 15.4  0.009900 14.5-99.9-99.9-99.910.1 76 7.9 36  3.6   8  6.423.5 5.0
5048519691027 23.2 11.4  0.009900  9.8-99.9-99.9-99.910.8 82 7.2 37  2.3  11  8.824.7 5.1
5048519691028 25.3  8.0  0.009900  5.9-99.9-99.9-99.911.4 86 6.5 31  0.9   9  7.225.8 4.9
5048519691029 28.8  8.4  0.009900  6.4-99.9-99.9-99.911.0 83 7.0 28  1.9  17 13.625.2 6.2
5048519691030 22.9  8.0  0.009900  5.8-99.9-99.9-99.911.7 88 7.2 38  2.3   4  3.226.5 4.2
5048519691031 28.2  5.8  0.009900  4.2-99.9-99.9-99.911.1 8311.3 48  8.8   4  3.225.5 4.2
5048519691101 25.2 10.9  0.009900  9.4-99.9-99.9-99.911.6 87 6.6 29  1.1  13 10.426.4 5.8
5048519691102 28.6  7.8  0.009900  4.4-99.9-99.9-99.911.9 89 7.0 28  1.9   6  4.827.0 4.9
5048519691103 34.8  9.4  0.009900  7.6-99.9-99.9-99.911.5 85 9.5 30  6.2   4  3.226.4 5.0
5048519691104 27.5 13.8  0.009900 11.0-99.9-99.9-99.9 9.7 72 6.5 25  0.9   6  4.823.5 4.9
5048519691105 23.1 14.1  0.009900 12.8-99.9-99.9-99.9 6.0 44 7.2 33  2.3   9  7.217.4 4.5
5048519691106 27.6  9.6  0.009900  7.5-99.9-99.9-99.911.9 88 8.9 37  5.3   4  3.227.3 4.7
5048519691107 23.4 12.7  0.009900 11.5-99.9-99.9-99.911.4 84 6.4 31  0.6  20 16.026.5 6.9
5048519691108 25.2  8.0  0.009900  4.1-99.9-99.9-99.912.1 89 6.6 31  1.1   4  3.227.7 4.6
5048519691109 26.7  9.6  0.009900  7.0-99.9-99.9-99.911.7 86 7.0 31  1.9   4  3.227.1 4.7
5048519691110 32.3 10.5  0.009900  7.5-99.9-99.9-99.911.0 8110.1 35  7.1   2  1.626.0 4.7
5048519691111 29.2 15.8  0.009900 14.6-99.9-99.9-99.911.9 8710.8 38  8.1  13 10.427.6 6.5
5048519691112 33.5 12.6  0.009900  9.6-99.9-99.9-99.911.7 8513.0 40 10.9   4  3.227.3 5.4
5048519691113 36.6 15.6  1.319900 15.3-99.9-99.9-99.9 9.0 6616.6 45 14.6   7  5.622.8 5.6
5048519691114 28.0 18.0  0.009900 16.8-99.9-99.9-99.911.8 8612.6 57 10.4  14 11.227.6 6.7
5048519691115 30.7 15.5  0.009900 12.8-99.9-99.9-99.912.1 8811.5 38  9.0   4  3.228.1 5.5
5048519691116 25.3 12.8  0.009900 12.6-99.9-99.9-99.912.1 88 9.6 44  6.4   4  3.228.2 5.0
5048519691117 29.9  7.9  0.009900  6.2-99.9-99.9-99.912.1 8711.4 43  8.9   4  3.228.2 5.0
5048519691118 24.4 14.6  0.009900 13.0-99.9-99.9-99.911.4 82 9.3 41  5.9   8  6.427.1 5.4
5048519691119 24.8 13.5  0.009900 12.5-99.9-99.9-99.911.7 84 8.8 38  5.1   9  7.227.6 5.6
5048519691120 27.8  8.3  0.009900  7.0-99.9-99.9-99.911.9 8611.4 46  8.9   2  1.628.0 4.7
5048519691121 30.9 10.4  0.009900  9.0-99.9-99.9-99.911.3 8113.3 47 11.2   1  0.827.0 4.8
5048519691122 33.6 10.7  0.009900 10.9-99.9-99.9-99.910.7 7711.9 37  9.5   7  5.626.0 5.6
5048519691123 35.4 15.0  0.009900 10.8-99.9-99.9-99.9 8.9 6415.3 39 13.3  11  8.823.0 6.1
5048519691124 29.3 16.3  0.009900 10.9-99.9-99.9-99.912.1 8612.3 47 10.0  14 11.228.5 6.9
5048519691125 31.0 12.0  0.009900  9.5-99.9-99.9-99.912.0 8616.8 53 14.8   1  0.828.4 5.2
5048519691126 37.5 17.9  0.009900 15.3-99.9-99.9-99.912.0 8516.7 43 14.7   7  5.628.4 6.7
5048519691127 34.0 16.6  0.009900 15.4-99.9-99.9-99.912.1 8612.9 39 10.7   7  5.628.6 6.4
5048519691128 30.0 10.8  0.009900  8.5-99.9-99.9-99.912.3 8711.1 43  8.5   4  3.229.0 5.4
5048519691129 26.3 10.1  0.009900  7.6-99.9-99.9-99.912.1 86 9.2 39  5.8   9  7.228.7 5.6
5048519691130 31.6  8.7  0.009900  6.2-99.9-99.9-99.912.3 8711.3 39  8.8   2  1.629.1 5.1
5048519691201 34.8 10.2  0.009900  8.0-99.9-99.9-99.912.0 85 9.8 28  6.7   6  4.828.6 5.9
5048519691202 36.4 12.9  0.009900  9.6-99.9-99.9-99.912.1 8613.8 37 11.8   2  1.628.8 5.7
5048519691203 34.3 16.7  0.009900 14.0-99.9-99.9-99.9 7.5 5316.4 45 14.4   6  4.820.9 5.2
5048519691204 37.4 16.2  0.319900 12.7-99.9-99.9-99.911.2 7913.7 32 11.6   6  4.827.3 6.3
5048519691205 33.3 20.2  0.719900 18.9-99.9-99.9-99.9 6.7 4714.4 42 12.4   7  5.619.5 5.4
5048519691206 31.5 18.7  0.009900 16.0-99.9-99.9-99.9 8.3 5818.2 60 16.0   4  3.222.3 5.1
5048519691207 32.2 16.1  8.519900 14.1-99.9-99.9-99.9 9.3 6515.8 48 13.8   2  1.624.1 5.0
5048519691208 26.0 15.7  0.009900 15.5-99.9-99.9-99.9 6.9 4919.2 78 16.9   2  1.619.9 3.9
5048519691209 30.9 14.3  0.009900 13.4-99.9-99.9-99.911.4 8019.7 64 17.3   1  0.827.7 5.3
5048519691210 25.4 16.1  0.009900 15.3-99.9-99.9-99.9 3.1 2210.2 40  7.3  10  8.013.4 4.5
5048519691211 32.5 10.8  0.009900  9.0-99.9-99.9-99.911.9 8314.9 46 12.9   4  3.228.6 5.5
5048519691212 28.3 18.0  0.009900 18.1-99.9-99.9-99.9 6.2 4315.1 56 13.1   4  3.218.8 4.4
5048519691213 32.2 14.7  0.009900 13.5-99.9-99.9-99.912.1 8511.1 38  8.5   4  3.229.0 5.8
5048519691214 34.5 12.0  0.009900 10.1-99.9-99.9-99.911.9 8313.2 38 11.1   4  3.228.6 5.8
5048519691215 35.3 15.2  1.519900 13.6-99.9-99.9-99.9 9.6 6716.4 41 14.4   3  2.424.7 5.4
5048519691216 35.7 17.0  0.009900 15.0-99.9-99.9-99.912.0 8419.4 53 17.0   4  3.228.8 6.3
5048519691217 30.5 20.8  0.009900 19.5-99.9-99.9-99.912.5 8714.7 42 12.7  13 10.429.7 7.5
5048519691218 34.4 18.9  0.009900 17.6-99.9-99.9-99.910.7 7520.7 54 18.1   6  4.826.6 6.2
5048519691219 31.4 21.1  0.009900 20.5-99.9-99.9-99.910.2 7119.6 59 17.2   7  5.625.7 6.1
5048519691220 33.8 18.5  2.619900 16.9-99.9-99.9-99.910.6 7419.7 53 17.3   4  3.226.4 5.9
5048519691221 28.9 16.0  0.009910 14.1-99.9-99.9-99.910.7 7512.2 44  9.9   4  3.226.6 5.4
5048519691222 30.6 11.6  0.009900  9.5-99.9-99.9-99.911.6 8110.4 36  7.5   4  3.228.2 5.4
5048519691223 32.3 14.8  0.009900 12.2-99.9-99.9-99.911.2 7813.3 39 11.2   2  1.627.5 5.4
5048519691224 34.1 14.6  0.009900 12.9-99.9-99.9-99.912.2 8515.6 42 13.6   6  4.829.2 6.3
5048519691225 35.1 15.1  1.319900 12.5-99.9-99.9-99.9 8.6 6018.4 50 16.2   4  3.223.0 5.2
5048519691226 35.3 16.8  0.009900 14.3-99.9-99.9-99.912.2 8518.6 52 16.4   1  0.829.2 6.0
5048519691227 28.4 19.7  0.009900 18.5-99.9-99.9-99.911.6 8115.6 52 13.6  11  8.828.2 6.6
5048519691228 33.4 14.5  0.009900 12.0-99.9-99.9-99.912.5 8813.7 42 11.6   4  3.229.7 6.0
5048519691229 36.7 13.2  0.009900 11.4-99.9-99.9-99.912.6 8817.0 44 15.0   2  1.629.9 6.0
5048519691230 34.9 18.4  0.009900 15.2-99.9-99.9-99.912.4 8715.3 39 13.3   6  4.829.6 6.7
5048519691231 37.9 17.3  0.009900 15.4-99.9-99.9-99.9 9.5 6716.6 41 14.6   2  1.624.5 5.5
5048519700101 37.0 18.4  1.119900 16.0-99.9-99.9-99.9 7.8 5515.6 49 13.6   5  4.021.6 5.6
5048519700102 31.0 16.1  0.009900 14.7-99.9-99.9-99.9 9.7 6820.4 69 17.8   4  3.224.9 5.2
5048519700103 31.1 17.8  1.519900 17.2-99.9-99.9-99.9 8.7 6119.0 62 16.7   9  7.223.1 5.6
5048519700104 25.5 19.6 25.019900 19.2-99.9-99.9-99.9 2.3 1623.7 94 20.2   6  4.812.0 2.8
5048519700105 23.0 14.4-99.999900 14.4-99.9-99.9-99.9 8.5 6016.5 75 14.5   9  7.222.7 4.4
5048519700106 24.9 14.3  0.009900 13.7-99.9-99.9-99.9 4.4 3117.8 73 15.7   4  3.215.6 3.3
5048519700107 30.0 15.9  2.719900 14.5-99.9-99.9-99.912.1 8516.8 55 14.8  11  8.828.9 6.4
5048519700108 25.4 16.6  0.009900 14.0-99.9-99.9-99.9 1.4 1014.5 58 12.5   2  1.610.4 2.8
5048519700109 26.9 13.1  0.009900 11.9-99.9-99.9-99.9 6.8 4815.4 60 13.4   7  5.619.7 4.3
5048519700110 28.5 16.0  0.009900 14.5-99.9-99.9-99.9 6.6 4718.3 60 16.1   6  4.819.4 4.4
5048519700111 33.2 15.3  0.009900 13.7-99.9-99.9-99.911.8 8418.3 53 16.1   4  3.228.3 5.9
5048519700112 35.2 15.9  0.009900 15.5-99.9-99.9-99.912.2 8620.3 55 17.7   4  3.229.0 6.2
5048519700113 28.1 17.6  0.009900 16.6-99.9-99.9-99.911.7 8311.9 48  9.5  14 11.228.1 6.9
5048519700114 30.5 10.6  0.009900  8.8-99.9-99.9-99.912.3 8713.1 49 11.0   4  3.229.1 5.4
5048519700115 33.0 12.2  0.009900 14.4-99.9-99.9-99.9 9.5 6813.6 42 11.5   7  5.624.3 5.4
5048519700116 29.1 15.4  6.519900 14.0-99.9-99.9-99.912.1 8613.6 46 11.5   8  6.428.7 6.0
5048519700117 29.9 15.6  0.009900 14.4-99.9-99.9-99.910.2 7317.6 60 15.5   7  5.625.4 5.4
5048519700118 31.3 15.2  0.009900 14.0-99.9-99.9-99.911.8 8419.0 63 16.7   2  1.628.2 5.5
5048519700119 35.3 17.2  0.009900 15.7-99.9-99.9-99.912.3 8821.3 57 18.5   6  4.829.0 6.4
5048519700120 33.3 19.1  0.009900 18.5-99.9-99.9-99.911.9 8521.0 61 18.3   7  5.628.3 6.4
5048519700121 32.0 21.0  4.219900 20.1-99.9-99.9-99.912.1 8720.2 56 17.7  10  8.028.6 6.8
5048519700122 26.5 15.4  0.009900 14.5-99.9-99.9-99.9 2.6 1915.9 64 13.9   7  5.612.3 3.4
5048519700123 28.2 18.6  0.009900 18.0-99.9-99.9-99.910.6 7616.9 62 14.9  24 19.225.9 7.2
5048519700124 29.0 16.6  0.009900 15.9-99.9-99.9-99.911.2 8115.6 58 13.6   3  2.426.9 5.3
5048519700125 22.6 14.9  0.009900 15.6-99.9-99.9-99.9 3.2 2312.2 62  9.9  16 12.813.2 4.3
5048519700126 28.6  9.0  0.009900  7.7-99.9-99.9-99.912.1 8815.0 59 13.0   4  3.228.4 4.9
5048519700127 29.9 14.2 24.019900 12.3-99.9-99.9-99.9 6.7 4916.9 63 14.9   6  4.819.1 4.3
5048519700128 26.9 15.9  0.009900 15.6-99.9-99.9-99.9 8.9 6517.2 71 15.1   8  6.422.8 4.8
5048519700129 32.3 13.7  0.009900 11.5-99.9-99.9-99.912.5 9119.8 67 17.3   4  3.228.9 5.6
5048519700130 34.3 14.2  0.009900 12.4-99.9-99.9-99.911.7 8518.9 58 16.6   4  3.227.5 5.6
5048519700131 32.8 16.7  0.009900 14.7-99.9-99.9-99.911.2 8219.7 57 17.3   6  4.826.6 5.7
5048519700201 32.8 18.3  0.009900 15.7-99.9-99.9-99.9 6.7 4920.9 62 18.2  19 15.218.9 5.8
5048519700202 29.0 18.2  0.009900 16.9-99.9-99.9-99.911.8 8716.6 54 14.6   8  6.427.5 5.9
5048519700203 33.7 15.0  0.009900 13.9-99.9-99.9-99.911.9 8820.9 61 18.2   2  1.627.6 5.5
5048519700204 27.4 18.5  0.719900 18.4-99.9-99.9-99.911.9 8812.5 43 10.3  11  8.827.6 6.2
5048519700205 23.0  9.2  0.009900  9.7-99.9-99.9-99.9 4.9 3611.1 74  8.5   8  6.415.7 3.4
5048519700206 22.7  8.0  0.009900  7.0-99.9-99.9-99.912.0 8910.7 58  8.0   4  3.227.6 4.3
5048519700207 27.9  4.9  0.009900  4.4-99.9-99.9-99.911.7 8711.1 51  8.5   4  3.227.0 4.4
5048519700208 35.0  9.8  0.009900  8.8-99.9-99.9-99.911.5 8613.7 45 11.6   4  3.226.6 5.1
5048519700209 35.1 13.1  0.009900 11.5-99.9-99.9-99.911.9 8913.3 39 11.2   2  1.627.2 5.1
5048519700210 36.1 13.3  0.009900 11.4-99.9-99.9-99.911.0 8214.3 43 12.3   1  0.825.7 4.9
5048519700211 36.6 14.7  0.009900 13.4-99.9-99.9-99.911.8 8818.0 51 15.8   2  1.626.9 5.4
5048519700212 31.6 19.1  0.009900 17.1-99.9-99.9-99.911.4 8615.4 43 13.4  11  8.826.2 6.3
5048519700213 32.9 20.6  0.009900 18.7-99.9-99.9-99.9 7.6 5720.5 58 17.9   4  3.219.8 4.7
5048519700214 33.6 17.4  0.009900 15.2-99.9-99.9-99.9 9.1 6918.8 52 16.5   4  3.222.2 4.9
5048519700215 34.5 18.5  0.009900 17.2-99.9-99.9-99.9 8.1 6118.0 64 15.8   1  0.820.5 4.4
5048519700216 34.5 16.8  0.009900 15.0-99.9-99.9-99.9 8.5 6421.0 62 18.3   4  3.221.1 4.7
5048519700217 34.0 20.8  0.009900 18.6-99.9-99.9-99.910.5 8023.4 59 20.0   0  0.024.3 5.1
5048519700218 36.5 20.4  0.009900 19.0-99.9-99.9-99.9 7.8 5921.0 53 18.3   7  5.619.8 5.3
5048519700219 36.4 19.2  0.009900 17.4-99.9-99.9-99.9 5.9 4517.9 52 15.8   6  4.816.7 4.7
5048519700220 27.4 17.2  0.009900 16.2-99.9-99.9-99.911.2 8610.4 41  7.5   3  2.425.2 4.6
5048519700221 29.3 12.1  0.009900 11.2-99.9-99.9-99.9 9.8 7514.7 55 12.7   4  3.222.9 4.3
5048519700222 34.2 14.0  0.009900 12.0-99.9-99.9-99.911.2 8615.7 50 13.7   2  1.625.1 4.7
5048519700223 36.4 16.3  0.009900 15.0-99.9-99.9-99.911.0 8519.0 51 16.7   4  3.224.7 5.2
5048519700224 37.3 19.7  0.009900 18.1-99.9-99.9-99.911.2 8722.1 57 19.1   2  1.624.9 5.4
5048519700225 36.2 19.5  0.009900 17.7-99.9-99.9-99.9 7.1 5521.3 54 18.5   2  1.618.2 4.3
5048519700226 29.5 17.6  0.009900 18.0-99.9-99.9-99.910.3 8013.8 44 11.8   9  7.223.3 5.2
5048519700227 26.4 15.3  0.009900 15.2-99.9-99.9-99.9 5.8 4515.5 64 13.5  11  8.816.0 3.9
5048519700228 26.3 15.8  0.009900 16.0-99.9-99.9-99.9 4.0 3113.1 53 11.0   4  3.213.0 3.2
5048519700301 31.2 11.0  0.009900  9.6-99.9-99.9-99.910.1 7916.7 61 14.7   2  1.622.7 4.0
5048519700302 32.8 16.0  0.009900 14.0-99.9-99.9-99.9 8.3 6518.8 62 16.5  11  8.819.7 4.8
5048519700303 29.9 14.5  0.009900 13.0-99.9-99.9-99.9 9.5 7520.5 69 17.9   2  1.621.5 3.9
5048519700304 33.2 17.1  0.319900 16.2-99.9-99.9-99.9 8.9 7023.0 72 19.7   6  4.820.5 4.4
5048519700305 35.2 18.9  0.009900 18.2-99.9-99.9-99.9 7.7 6123.7 66 20.2   4  3.218.5 4.3
5048519700306 31.3 20.5  0.219900 19.8-99.9-99.9-99.9 9.3 7423.3 68 20.0   4  3.220.9 4.5
5048519700307 29.5 20.4  0.009900 18.9-99.9-99.9-99.9 9.2 7318.7 58 16.4  12  9.620.7 5.1
5048519700308 31.0 18.1  0.009900 17.2-99.9-99.9-99.910.9 8718.9 64 16.6   4  3.223.2 4.6
5048519700309 33.2 17.1  0.009900 15.9-99.9-99.9-99.9 6.4 5121.3 67 18.5   3  2.416.2 3.6
5048519700310 24.8 15.2  0.009900 15.4-99.9-99.9-99.9 9.7 78 9.2 45  5.8   4  3.221.2 3.8
5048519700311 21.5 12.3  0.009900 10.0-99.9-99.9-99.9 9.9 80 9.4 52  6.1  10  8.021.4 4.1
5048519700312 26.4  6.3  0.009900  4.4-99.9-99.9-99.910.9 8812.5 62 10.3   4  3.222.8 3.4
5048519700313 27.5  9.7  0.009900  8.1-99.9-99.9-99.910.1 8213.7 56 11.6   6  4.821.5 3.7
5048519700314 27.8 14.7  3.219900 12.5-99.9-99.9-99.9 9.8 8015.6 58 13.6   6  4.820.9 3.9
5048519700315 23.6 12.6 30.819900 13.0-99.9-99.9-99.9 6.7 5515.0 93 13.0   7  5.616.1 3.0
5048519700316 13.8  8.8  2.319900 10.5-99.9-99.9-99.9 0.0  011.3 87  8.8  18 14.4 6.0 1.6
5048519700317 17.3  8.3  0.009900  7.1-99.9-99.9-99.9 0.0  012.2 78  9.9   2  1.6 6.0 1.3
5048519700318 22.3  7.2  0.009900  6.5-99.9-99.9-99.910.6 8714.8 82 12.8   2  1.621.6 2.8
5048519700319 26.2  8.5  0.009900  8.3-99.9-99.9-99.910.6 8715.7 77 13.7   4  3.221.5 3.1
5048519700320 29.2 10.1  0.009900  8.7-99.9-99.9-99.910.5 8717.5 74 15.4   4  3.221.3 3.4
5048519700321 29.0 11.1  0.009900  9.8-99.9-99.9-99.910.3 8518.6 75 16.4   2  1.620.9 3.3
5048519700322 27.0 14.9  0.009900 12.8-99.9-99.9-99.910.2 8515.5 57 13.5   6  4.820.6 3.7
5048519700323 23.5 15.8  0.009900 15.5-99.9-99.9-99.9 5.7 4714.5 69 12.5   6  4.814.0 2.9
5048519700324 27.4 10.2  0.009900  8.3-99.9-99.9-99.9 9.8 8216.8 74 14.8   4  3.219.8 3.1
5048519700325 28.3 12.3  0.009900 10.9-99.9-99.9-99.910.1 8518.9 78 16.6   7  5.620.1 3.4
5048519700326 30.6 15.5  0.009900 15.0-99.9-99.9-99.910.1 8519.0 81 16.7   0  0.020.0 3.3
5048519700327 32.8 15.1  0.009900 13.7-99.9-99.9-99.9 7.2 6121.2 74 18.4   1  0.815.7 3.0
5048519700328 28.7 15.8  0.009900 13.3-99.9-99.9-99.9 9.7 8215.4 54 13.4   4  3.219.2 3.4
5048519700329 24.2 13.0  0.009900 10.5-99.9-99.9-99.9 9.7 8210.8 50  8.1   4  3.219.1 3.0
5048519700330 28.2 10.7  0.009900  9.7-99.9-99.9-99.910.3 8814.9 68 12.9   4  3.219.8 3.1
5048519700331 29.3 11.7  0.009900 11.4-99.9-99.9-99.910.0 8517.6 72 15.5   2  1.619.2 3.0
5048519700401 20.8 14.5  0.009900 14.5-99.9-99.9-99.9 3.3 28 9.6 50  6.4   8  6.4 9.9 2.8
5048519700402 23.6 13.0  0.009900 12.4-99.9-99.9-99.9 8.7 7512.4 65 10.1   4  3.217.2 2.7
5048519700403 25.7  9.2  0.009900  8.2-99.9-99.9-99.9 9.0 7714.9 74 12.9   4  3.217.5 2.5
5048519700404 24.9 11.8  0.009900 10.4-99.9-99.9-99.9 5.9 5115.5 78 13.5   0  0.013.2 2.0
5048519700405 28.3 10.9  0.009900  9.2-99.9-99.9-99.9 9.7 8416.2 69 14.2   2  1.618.2 2.7
5048519700406 28.0 14.4  0.009900 12.3-99.9-99.9-99.9 8.9 7715.8 64 13.8   4  3.217.0 2.9
5048519700407 29.5 12.7  0.009900 11.5-99.9-99.9-99.9 9.8 8517.6 72 15.5   3  2.418.1 2.9
5048519700408 28.6 11.7  0.009900 10.1-99.9-99.9-99.9 9.7 8517.2 75 15.1   4  3.217.9 2.8
5048519700409 29.3 11.5  0.009900 10.5-99.9-99.9-99.9 9.7 8516.4 70 14.4   2  1.617.7 2.6
5048519700410 30.0 12.0  0.009900 10.5-99.9-99.9-99.9 9.6 8417.4 73 15.3   4  3.217.5 2.8
5048519700411 27.0 13.3  0.009900 11.4-99.9-99.9-99.9 5.8 5113.1 61 11.0  11  8.812.4 3.1
5048519700412 22.4 10.2  0.009900  8.0-99.9-99.9-99.9 7.2 6412.1 66  9.8   2  1.614.1 2.0
5048519700413 25.5  9.7  0.009900  8.4-99.9-99.9-99.9 9.4 8313.5 66 11.4   7  5.616.9 2.5
5048519700414 25.5 11.5  0.009900  9.3-99.9-99.9-99.9 9.5 8413.9 70 11.9   1  0.816.9 2.2
5048519700415 26.3  9.9  0.009900  8.4-99.9-99.9-99.9 9.8 8714.1 67 12.1   4  3.217.2 2.3
5048519700416 29.3 10.6  0.009900  9.1-99.9-99.9-99.9 9.8 8716.2 68 14.2   4  3.217.0 2.5
5048519700417 29.2 12.7  0.009900 11.1-99.9-99.9-99.9 6.8 6117.9 73 15.8   2  1.613.2 2.1
5048519700418 29.7 14.3  0.009900 11.1-99.9-99.9-99.9-9.9 9915.2 60 13.2   6  4.8-9.9-9.9
5048519700419 31.2 15.3  0.009900-99.9-99.9-99.9-99.9-9.9 9917.3 64 15.2   4  3.2-9.9-9.9
5048519700420 31.5 15.5  0.009900-99.9-99.9-99.9-99.9-9.9 9916.8 63 14.8   4  3.2-9.9-9.9
5048519700421 29.2 15.3  0.009900 13.1-99.9-99.9-99.9 9.8 8916.9 61 14.9   7  5.616.5 2.9
5048519700422 30.3 13.8  0.009900 12.0-99.9-99.9-99.9 9.7 8818.0 68 15.8   2  1.616.2 2.4
5048519700423 26.3 16.0  0.009900 13.4-99.9-99.9-99.9 9.3 8517.0 66 15.0  12  9.615.6 2.9
5048519700424 28.4 14.3  0.009900 12.3-99.9-99.9-99.9 8.7 7917.1 72 15.0   2  1.614.8 2.2
5048519700425 28.3 12.7  0.009900 10.9-99.9-99.9-99.9 9.6 8815.1 60 13.1  15 12.015.8 3.2
5048519700426 22.1  7.8  0.009900 10.5-99.9-99.9-99.9 9.4 86 9.0 56  5.4   4  3.215.4 1.8
5048519700427 23.5  6.7  0.009900  4.5-99.9-99.9-99.9 9.4 86 9.2 58  5.8   4  3.215.3 1.8
5048519700428 25.1  7.3  0.009900  4.0-99.9-99.9-99.9 9.4 87 9.9 59  6.8   2  1.615.2 1.7
5048519700429 25.6  7.5  0.009900  5.0-99.9-99.9-99.9 9.4 8711.3 63  8.8   2  1.615.1 1.7
5048519700430 23.4  8.7  0.009900  6.9-99.9-99.9-99.9 9.5 88 9.5 52  6.2   7  5.615.1 2.1
5048519700501 25.5  6.8  0.009900  5.1-99.9-99.9-99.9 9.3 8710.3 61  7.4   4  3.214.8 1.7
5048519700502 26.4  7.8  0.009900  5.8-99.9-99.9-99.9 9.0 8412.8 68 10.6   4  3.214.3 1.7
5048519700503 24.1  8.4  0.009900  5.9-99.9-99.9-99.9 9.2 8612.3 69 10.0   2  1.614.4 1.5
5048519700504 19.4  7.4  0.009900  4.5-99.9-99.9-99.9 8.3 78 6.9 42  1.7  16 12.813.3 2.7
5048519700505 16.0  0.9  0.009900 -0.9-99.9-99.9-99.9 7.5 70 6.1 64  0.0   3  2.412.3 1.1
5048519700506 17.4  1.7  0.009900 -1.0-99.9-99.9-99.9 8.9 84 7.0 67  1.9   1  0.813.8 1.0
5048519700507 19.4  0.0  0.009900 -1.8-99.9-99.9-99.9 0.7  7 6.9 64  1.7   4  3.2 4.6 1.3
5048519700508 22.9  1.2  0.009900 -2.1-99.9-99.9-99.9 7.0 66 7.7 59  3.2   2  1.611.5 1.2
5048519700509 15.8  6.2  0.009900  2.5-99.9-99.9-99.9 9.0 85 5.3 42 -1.9   4  3.213.6 1.3
5048519700510 17.8  2.6  0.009900 -1.3-99.9-99.9-99.9 6.9 66 5.2 47 -2.2   3  2.411.3 1.2
5048519700511 18.0  2.9  0.009900  2.2-99.9-99.9-99.9 6.6 63 5.9 56 -0.5   4  3.210.9 1.3
5048519700512 19.0  1.3  0.009900 -0.5-99.9-99.9-99.9 8.8 84 7.5 62  2.9   2  1.613.2 0.9
5048519700513 20.6  5.5  0.009900  2.6-99.9-99.9-99.9 8.8 8410.4 73  7.5   4  3.213.1 1.1
5048519700514 19.5  8.7  0.009900  5.4-99.9-99.9-99.9 4.2 4012.5 78 10.3   7  5.6 8.1 1.2
5048519700515 17.3  8.8  0.009900  7.0-99.9-99.9-99.9 0.4  412.0 83  9.7   2  1.6 4.0 0.9
5048519700516 21.0  7.2  0.319900  2.3-99.9-99.9-99.9 8.7 8410.0 66  7.0   7  5.612.7 1.4
5048519700517 14.5  4.2  2.019900  5.6-99.9-99.9-99.9 0.0  0 8.5 92  4.6   9  7.2 3.5 1.2
5048519700518  9.7  3.7  0.009900  3.5-99.9-99.9-99.9 3.7 36 7.9 79  3.6   4  3.2 7.4 0.7
5048519700519 11.6 -1.3  0.009900 -3.3-99.9-99.9-99.9 8.4 82 6.8 82  1.5   3  2.412.2 0.6
5048519700520 16.2 -1.2  0.009900 -1.8-99.9-99.9-99.9 8.1 79 7.6 79  3.0   4  3.211.8 0.7
5048519700521 21.2  0.9  0.009900 -1.4-99.9-99.9-99.9 8.6 84 7.6 66  3.0   6  4.812.3 1.1
5048519700522 22.3  0.9  0.009900 -2.2-99.9-99.9-99.9 8.4 82 8.2 69  4.1   1  0.812.0 0.8
5048519700523 22.9  3.6  0.009900  0.0-99.9-99.9-99.9 8.6 84 8.3 63  4.3   2  1.612.1 0.9
5048519700524 20.5  2.9  0.009900  0.5-99.9-99.9-99.9 8.3 81 8.8 70  5.1   2  1.611.8 0.8
5048519700525 24.5  3.7  0.009900 -1.6-99.9-99.9-99.9 9.0 88 8.7 64  5.0   1  0.812.4 0.8
5048519700526 21.5  5.0  0.009900  3.2-99.9-99.9-99.9 8.1 8010.1 66  7.1   1  0.811.4 0.8
5048519700527 29.8  1.2  0.009900  0.5-99.9-99.9-99.9 7.5 74 5.9 48 -0.5  37 29.610.8 5.8
5048519700528 19.6 10.7  0.009900  9.3-99.9-99.9-99.9 5.7 56 8.6 54  4.8  11  8.8 9.0 1.9
5048519700529 22.8  2.1  0.009900 -0.5-99.9-99.9-99.9 8.7 86 7.1 55  2.1   9  7.211.9 1.5
5048519700530 19.7  4.7  0.009900  2.5-99.9-99.9-99.9 8.1 80 7.0 57  1.9   4  3.211.2 1.1
5048519700531 18.9  3.8  0.009900  2.3-99.9-99.9-99.9 8.6 85 6.9 59  1.7   2  1.611.7 0.8
5048519700601 14.4  2.4  0.009900  2.7-99.9-99.9-99.9 6.3 63 7.0 65  1.9   3  2.4 9.4 0.7
5048519700602 15.0  0.3  0.009900 -1.0-99.9-99.9-99.9 5.5 55 6.9 68  1.7   2  1.6 8.6 0.6
5048519700603 16.2  1.5  0.009900 -1.5-99.9-99.9-99.9 6.5 65 8.0 76  3.8   6  4.8 9.5 0.8
5048519700604 13.5  1.1  0.009900 -1.9-99.9-99.9-99.9 5.3 53 6.5 64  0.9  10  8.0 8.3 1.1
5048519700605 14.4 -1.6  0.009900 -4.0-99.9-99.9-99.9 8.6 86 5.4 66 -1.7   6  4.811.5 0.9
5048519700606 16.7 -2.7  0.009900 -4.8-99.9-99.9-99.9 8.5 85 5.6 62 -1.2   4  3.211.3 0.8
5048519700607 16.7 -0.3  0.009900 -2.9-99.9-99.9-99.9 8.5 85 7.0 64  1.9   2  1.611.3 0.6
5048519700608 16.5 -0.5  0.009900 -2.8-99.9-99.9-99.9 8.5 85 7.2 73  2.3   2  1.611.3 0.5
5048519700609 16.5 -0.4  0.009900 -2.5-99.9-99.9-99.9 7.8 78 7.9 74  3.6   4  3.210.6 0.5
5048519700610 17.3  3.3  0.009900  1.5-99.9-99.9-99.9 8.2 82 8.3 69  4.3   4  3.210.9 0.7
5048519700611 16.0  1.4  0.009900 -1.0-99.9-99.9-99.9 6.5 65 8.6 82  4.8   6  4.8 9.3 0.6
5048519700612 15.5  3.0  0.009900  0.2-99.9-99.9-99.9 8.1 81 9.1 75  5.6   6  4.810.8 0.6
5048519700613 16.2 -0.1  0.009900 -3.1-99.9-99.9-99.9 8.4 84 6.7 69  1.3   2  1.611.0 0.6
5048519700614 16.0 -1.3  0.009900 -3.4-99.9-99.9-99.9 8.1 81 7.3 69  2.5   2  1.610.7 0.4
5048519700615 16.1  0.5  0.009900 -0.8-99.9-99.9-99.9 7.4 74 7.6 71  3.0   2  1.610.1 0.5
5048519700616 17.6  0.3  0.009900 -1.5-99.9-99.9-99.9 7.5 76 7.9 77  3.6   4  3.210.1 0.6
5048519700617 14.5  5.4  0.009900  2.9-99.9-99.9-99.9 3.9 39 6.1 51  0.0   4  3.2 6.7 1.0
5048519700618 16.0 -1.0  0.009900 -3.0-99.9-99.9-99.9 8.6 87 6.0 64 -0.2   4  3.211.1 0.8
5048519700619 12.6  2.1  0.009900  0.5-99.9-99.9-99.9 1.5 15 8.7 85  5.0   4  3.2 4.5 0.5
5048519700620 16.2  1.8  0.009900  0.7-99.9-99.9-99.9 8.5 86 6.5 62  0.9   2  1.611.0 0.7
5048519700621 13.4  2.7  0.009900 -0.8-99.9-99.9-99.9 8.2 83 7.2 66  2.3   4  3.210.8 0.6
5048519700622 14.0 -0.4  0.009900 -3.2-99.9-99.9-99.9 1.7 17 6.5 75  0.9   4  3.2 4.6 0.8
5048519700623 14.9 -2.2  0.009900 -3.3-99.9-99.9-99.9 8.5 86 6.0 70 -0.2   4  3.211.0 0.7
5048519700624 14.8 -3.4  0.009900 -5.9-99.9-99.9-99.9 8.5 86 5.2 62 -2.2   2  1.611.0 0.6
5048519700625 14.8 -2.0  0.009900 -6.3-99.9-99.9-99.9 5.3 53 5.5 63 -1.4   4  3.2 8.0 0.8
5048519700626 17.9 -0.7  0.009900 -3.4-99.9-99.9-99.9 6.4 64 6.7 63  1.3   3  2.4 9.1 0.7
5048519700627 13.1 -0.5  0.009900 -3.0-99.9-99.9-99.9 8.3 84 5.9 61 -0.5   8  6.410.9 0.9
5048519700628 11.0 -3.7  0.009900 -5.6-99.9-99.9-99.9 1.3 13 4.2 61 -5.0   2  1.6 4.3 0.8
5048519700629 12.7 -3.8  0.009900 -6.3-99.9-99.9-99.9 6.1 61 4.4 55 -4.4   2  1.6 8.8 0.7
5048519700630  7.0  0.2  0.009900 -4.0-99.9-99.9-99.9 3.2 32 4.5 58 -4.1  15 12.0 6.1 1.4
5048519700701  8.3 -8.8  0.009900-11.6-99.9-99.9-99.9 5.0 50 4.7 75 -3.6   3  2.4 7.8 0.3
5048519700702 11.5 -6.2  0.009900 -8.5-99.9-99.9-99.9 7.5 75 4.5 68 -4.1   4  3.210.2 0.6
5048519700703 13.8 -3.1  0.009900 -8.0-99.9-99.9-99.9-9.9 99 5.1 56 -2.5   4  3.2-9.9-9.9
5048519700704 11.2 -0.1  0.009900 -3.1-99.9-99.9-99.9-9.9 99 4.2 57 -5.0   7  5.6-9.9-9.9
5048519700705 12.1 -4.8  0.009900 -8.0-99.9-99.9-99.9-9.9 99 4.0 55 -5.7   7  5.6-9.9-9.9
5048519700706 13.5 -5.1  0.009900 -7.1-99.9-99.9-99.9-9.9 99 4.2 57 -5.0   8  6.4-9.9-9.9
5048519700707 14.7 -4.8  0.009900 -7.1-99.9-99.9-99.9 8.6 86 4.0 56 -5.7   8  6.411.4 1.2
5048519700708 15.6 -3.8  0.009900 -6.8-99.9-99.9-99.9 8.6 86 3.5 46 -7.4   2  1.611.4 0.9
5048519700709 16.2 -3.4  0.009900 -8.0-99.9-99.9-99.9 7.9 79 4.6 56 -3.8   2  1.610.8 0.8
5048519700710 14.0  0.3  0.009900 -3.0-99.9-99.9-99.9 8.2 82 4.1 43 -5.4   9  7.211.1 1.5
5048519700711 13.9 -3.2  0.009900 -6.3-99.9-99.9-99.9 8.5 84 4.3 54 -4.7   4  3.211.5 0.9
5048519700712 16.1 -2.0  0.009900 -5.0-99.9-99.9-99.9 8.3 82 4.6 53 -3.8   2  1.611.3 0.8
5048519700713 15.2 -2.0  0.009900 -5.4-99.9-99.9-99.9 7.0 69 5.7 62 -1.0   2  1.610.1 0.6
5048519700714 18.7 -0.1  0.009900 -3.5-99.9-99.9-99.9 7.8 77 5.6 53 -1.2   4  3.210.9 1.0
5048519700715 15.3  8.8  0.219900  4.2-99.9-99.9-99.9 1.3 13 8.0 58  3.8   7  5.6 4.5 1.5
5048519700716 12.3  6.5  0.009900  6.5-99.9-99.9-99.9 1.0 10 7.9 72  3.6   6  4.8 4.3 1.1
5048519700717 16.2 -1.3  0.009900 -5.2-99.9-99.9-99.9 7.9 78 7.0 74  1.9   4  3.211.2 0.7
5048519700718 16.5  0.8  0.009900 -1.5-99.9-99.9-99.9 8.7 86 6.8 66  1.5   2  1.612.0 0.6
5048519700719 17.3 -0.5  0.009900 -3.2-99.9-99.9-99.9 8.9 87 5.8 59 -0.7   2  1.612.3 0.8
5048519700720 19.3  2.5  0.009900  0.0-99.9-99.9-99.9 8.7 85 6.9 59  1.7   4  3.212.1 1.0
5048519700721 19.6 -0.5  0.009900 -3.0-99.9-99.9-99.9 8.9 87 6.6 63  1.1   4  3.212.4 0.9
5048519700722 18.0 -0.4  0.009900 -3.5-99.9-99.9-99.9 6.0 59 8.4 69  4.5   4  3.2 9.5 0.8
5048519700723 18.3  3.1  0.009900  1.0-99.9-99.9-99.9 4.0 39 9.3 73  5.9   2  1.6 7.5 0.8
5048519700724 22.2  3.2  0.009900 -0.1-99.9-99.9-99.9 7.8 76 9.8 67  6.7   7  5.611.5 1.2
5048519700725 15.1  8.7  0.009900  7.0-99.9-99.9-99.9 2.6 25 8.0 56  3.8  13 10.4 6.2 1.9
5048519700726 14.5  0.7  0.009900 -2.5-99.9-99.9-99.9 9.2 89 5.3 57 -1.9   6  4.813.0 1.1
5048519700727 17.0 -1.5  0.009900 -4.0-99.9-99.9-99.9 8.8 85 4.9 51 -3.0   4  3.212.7 1.0
5048519700728 17.2 -2.0  0.009900 -5.0-99.9-99.9-99.9 7.2 69 6.5 63  0.9   4  3.211.1 0.9
5048519700729 17.3  4.1  0.009900  3.0-99.9-99.9-99.9 3.5 34 7.4 58  2.7   2  1.6 7.3 1.1
5048519700730 17.7 -0.3  0.009900 -3.4-99.9-99.9-99.9 8.8 84 5.6 53 -1.2   7  5.612.9 1.3
5048519700731 19.5 -1.1  0.009900 -4.1-99.9-99.9-99.9 8.1 78 5.8 55 -0.7   1  0.812.3 0.9
5048519700801 17.5  3.0  0.009900  0.3-99.9-99.9-99.9 8.9 85 5.9 48 -0.5  11  8.813.2 1.8
5048519700802 13.2 -1.3  0.009900 -2.5-99.9-99.9-99.9 9.0 86 5.4 58 -1.7   9  7.213.4 1.2
5048519700803 13.5 -2.8  0.009900 -6.7-99.9-99.9-99.9 9.2 87 5.3 63 -1.9   4  3.213.7 0.9
5048519700804 14.4 -1.7  0.009900 -3.6-99.9-99.9-99.9 9.0 85 5.4 61 -1.7   2  1.613.6 0.9
5048519700805 15.9 -1.1  0.009900 -3.9-99.9-99.9-99.9 9.1 86 5.5 52 -1.4  14 11.213.8 1.8
5048519700806 11.7  6.3  0.319900-99.9-99.9-99.9-99.9 2.7 25 6.9 62  1.7   4  3.2 6.8 1.2
5048519700807 14.0 -2.7  0.009900 -6.0-99.9-99.9-99.9 9.3 88 5.4 65 -1.7   4  3.214.2 1.0
5048519700808 16.3 -3.3  0.009900 -5.5-99.9-99.9-99.9 9.3 87 5.0 56 -2.7   2  1.614.3 1.0
5048519700809 17.3 -2.5  0.009900 -5.5-99.9-99.9-99.9 8.7 81 5.7 57 -1.0   3  2.413.7 1.1
5048519700810 19.9 -2.2  0.009900 -4.8-99.9-99.9-99.9 9.4 88 5.7 55 -1.0   4  3.214.6 1.3
5048519700811 21.0 -1.0  0.009900 -3.7-99.9-99.9-99.9 8.7 81 6.4 55  0.6   2  1.613.9 1.2
5048519700812 14.4  4.4  0.009900  1.5-99.9-99.9-99.9 8.2 76 5.9 51 -0.5  14 11.213.4 2.1
5048519700813 16.2 -0.2  0.009900 -2.4-99.9-99.9-99.9 9.4 87 4.9 52 -3.0   4  3.214.9 1.3
5048519700814 20.0 -1.3  0.009900 -3.0-99.9-99.9-99.9 9.6 89 5.5 45 -1.4   6  4.815.2 1.6
5048519700815 21.7 -0.4  0.009900 -3.0-99.9-99.9-99.9 8.7 80 6.3 56  0.4   4  3.214.2 1.5
5048519700816 25.2  3.5  0.009900  1.5-99.9-99.9-99.9 9.5 87 7.0 45  1.9   4  3.215.3 1.8
5048519700817 25.5  3.7  0.009900  1.1-99.9-99.9-99.9 9.6 88 7.2 45  2.3   7  5.615.5 2.1
5048519700818 19.8  4.2  0.009900  1.9-99.9-99.9-99.9 9.6 88 7.0 49  1.9   6  4.815.6 1.8
5048519700819 19.6  2.4  0.009900  0.4-99.9-99.9-99.9 9.3 85 5.8 45 -0.7  14 11.215.4 2.6
5048519700820 17.2 -1.4  0.009900 -4.6-99.9-99.9-99.9 9.7 88 4.4 45 -4.4   2  1.615.9 1.3
5048519700821 20.0 -1.3  0.009900 -3.0-99.9-99.9-99.9 9.4 85 4.2 38 -5.0   6  4.815.7 1.9
5048519700822 15.6  0.7  0.009900 -1.9-99.9-99.9-99.9 9.7 88 3.7 33 -6.7   6  4.816.2 1.8
5048519700823 20.3 -1.1  0.009900 -4.5-99.9-99.9-99.9 9.4 85 4.5 38 -4.1   4  3.215.9 1.7
5048519700824 17.4  0.7  0.009900 -4.5-99.9-99.9-99.9 9.6 86 4.3 41 -4.7   4  3.216.3 1.7
5048519700825 17.8  0.0  0.009900 -2.5-99.9-99.9-99.9 9.6 86 3.4 27 -7.8  16 12.816.4 3.1
5048519700826 18.6 -0.3  0.009900 -2.5-99.9-99.9-99.9 9.2 82 4.6 41 -3.8   4  3.216.0 1.7
5048519700827 18.2 -1.0  0.009900 -4.0-99.9-99.9-99.9 9.2 82 5.0 42 -2.7   6  4.816.1 1.9
5048519700828 18.8  2.7  0.009900 -0.5-99.9-99.9-99.9 9.5 84 5.9 40 -0.5   4  3.216.6 1.9
5048519700829 20.5  2.9  0.009900 -0.6-99.9-99.9-99.9 9.8 87 6.6 48  1.1   4  3.217.1 1.9
5048519700830 24.0  2.5  0.009900  0.0-99.9-99.9-99.9 9.7 86 5.2 35 -2.2   8  6.417.1 2.6
5048519700831 24.2  1.7  0.009900 -1.0-99.9-99.9-99.9 9.4 83 7.1 45  2.1   4  3.216.8 2.1
5048519700901 22.6  6.2  0.009900  3.6-99.9-99.9-99.9 9.6 84 7.0 43  1.9   2  1.617.2 2.0
5048519700902 24.6  4.3  0.009900  1.4-99.9-99.9-99.9 7.4 65 7.7 46  3.2   4  3.214.4 2.2
5048519700903 25.3  7.0  0.009900  3.7-99.9-99.9-99.9 7.1 62 7.3 40  2.5   9  7.214.1 3.0
5048519700904 21.0  8.7  0.009900  8.0-99.9-99.9-99.9 8.5 74 7.2 45  2.3  12  9.616.1 3.2
5048519700905 24.7  6.2  0.009900  5.5-99.9-99.9-99.9 8.8 77 8.2 48  4.1   2  1.616.6 2.2
5048519700906 21.8  6.7  0.009900  3.4-99.9-99.9-99.910.0 87 6.8 44  1.5   4  3.218.3 2.4
5048519700907 24.9  5.2  0.009900  3.0-99.9-99.9-99.9 9.6 83 7.8 45  3.4   6  4.817.8 2.7
5048519700908 26.8  5.0  0.009900  2.4-99.9-99.9-99.9 9.6 83 9.2 49  5.8   2  1.618.0 2.3
5048519700909 24.4  8.0  0.009900  6.5-99.9-99.9-99.9 8.1 70 9.0 48  5.4   4  3.216.1 2.5
5048519700910 25.5 10.3  0.009900  8.0-99.9-99.9-99.9 9.4 81 9.4 47  6.1   6  4.817.9 3.0
5048519700911 25.3  7.8  0.009900  5.0-99.9-99.9-99.9 8.4 72 9.3 51  5.9   4  3.216.7 2.6
5048519700912 18.4  8.6  0.009900  7.2-99.9-99.9-99.9 2.8 24 9.9 67  6.8   9  7.2 9.1 2.1
5048519700913 16.0  2.3  0.009900  1.5-99.9-99.9-99.910.0 85 4.8 38 -3.3   4  3.219.1 2.2
5048519700914 22.2 -1.2  0.009900 -3.2-99.9-99.9-99.9 9.5 81 5.6 40 -1.2   4  3.218.5 2.3
5048519700915 26.2  1.5  0.009900 -1.4-99.9-99.9-99.9 9.6 81 7.2 41  2.3   6  4.818.8 2.8
5048519700916 32.0  3.1  0.009900  0.8-99.9-99.9-99.9 6.0 51 6.0 29 -0.2   4  3.213.8 2.8
5048519700917 25.5 10.2  0.009900  8.4-99.9-99.9-99.9 9.4 79 7.3 35  2.5   7  5.618.7 3.4
5048519700918 20.8  8.2  0.009900  5.1-99.9-99.9-99.910.0 84 6.3 40  0.4   8  6.419.7 3.3
5048519700919 24.6  0.8  0.009900 -1.8-99.9-99.9-99.9 9.5 79 4.9 32 -3.0   4  3.219.1 2.7
5048519700920 24.2  6.3  0.009900  4.0-99.9-99.9-99.9 9.6 80 5.6 30 -1.2   4  3.219.3 2.9
5048519700921 32.9  4.9  0.009900  3.3-99.9-99.9-99.910.0 83 4.9 24 -3.0  11  8.820.0 4.3
5048519700922 23.0  5.6  0.009900  3.5-99.9-99.9-99.9 9.3 77 5.8 35 -0.7   4  3.219.1 2.9
5048519700923 25.8  5.2  0.009900  3.0-99.9-99.9-99.9 9.9 82 5.8 32 -0.7   6  4.820.1 3.3
5048519700924 26.2  8.7  0.009900  5.5-99.9-99.9-99.9 9.4 77 6.8 33  1.5   2  1.619.5 2.9
5048519700925 29.8 10.2  0.009900  8.4-99.9-99.9-99.9 9.0 74 8.3 35  4.3   4  3.219.0 3.4
5048519700926 22.2 14.1  0.009900 12.2-99.9-99.9-99.9 8.9 73 6.3 32  0.4  15 12.018.9 4.8
5048519700927 19.4  5.3  0.009900  2.5-99.9-99.9-99.9 8.6 70 6.7 44  1.3   7  5.618.6 3.0
5048519700928 21.3  2.0  0.009900 -1.6-99.9-99.9-99.910.5 86 8.3 59  4.3   4  3.221.5 2.7
5048519700929 24.7  4.8  0.009900  3.3-99.9-99.9-99.910.5 85 8.8 47  5.1   4  3.221.6 3.1
5048519700930 25.1  7.2  0.009900  5.0-99.9-99.9-99.910.3 8310.1 53  7.1  14 11.221.4 4.1
5048519701001 20.5  6.0  0.009900  4.6-99.9-99.9-99.910.8 87 8.0 53  3.8   4  3.222.3 3.1
5048519701002 23.3  2.0  0.009900  0.6-99.9-99.9-99.910.8 87 7.5 44  2.9   4  3.222.4 3.0
5048519701003 27.3  3.1  0.009900  2.3-99.9-99.9-99.910.9 88 7.2 39  2.3   2  1.622.7 3.1
5048519701004 21.4  9.2  0.009900  7.3-99.9-99.9-99.910.8 87 6.9 38  1.7  10  8.022.6 4.1
5048519701005 17.6  6.8  0.009900  6.5-99.9-99.9-99.910.9 87 6.1 37  0.0  11  8.822.9 3.8
5048519701006 21.5  3.7  0.009900  2.2-99.9-99.9-99.910.7 85 7.4 40  2.7   4  3.222.7 3.1
5048519701007 24.5  3.5  0.319900  1.8-99.9-99.9-99.9 9.4 75 9.9 55  6.8   4  3.220.8 3.1
5048519701008 17.6  8.2  0.009900  8.4-99.9-99.9-99.9 8.2 65 5.8 39 -0.7   8  6.419.0 3.5
5048519701009 23.3  6.0  0.009900  4.2-99.9-99.9-99.9 9.9 78 5.5 35 -1.4  11  8.821.7 4.3
5048519701010 26.0  4.4  0.009900  3.3-99.9-99.9-99.9 9.2 73 9.3 48  5.9   2  1.620.7 3.1
5048519701011 21.1 12.4  0.009900 11.5-99.9-99.9-99.910.6 83 5.3 29 -1.9  14 11.223.0 5.1
5048519701012 26.0  4.2  0.009900  3.0-99.9-99.9-99.911.1 87 6.7 36  1.3   6  4.823.9 3.9
5048519701013 29.6  5.9  0.009900  3.8-99.9-99.9-99.910.0 78 9.6 41  6.4   3  2.422.3 3.7
5048519701014 31.9  8.9  0.009900  7.3-99.9-99.9-99.9 9.5 7413.9 47 11.9   2  1.621.6 3.8
5048519701015 30.5 15.1  0.009900 13.9-99.9-99.9-99.910.9 8512.5 39 10.3   9  7.223.9 5.2
5048519701016 25.3 13.5  0.009900 14.3-99.9-99.9-99.9 4.9 3813.3 68 11.2  38 30.414.5 6.1
5048519701017 22.4  8.4  0.009900  7.9-99.9-99.9-99.9 9.7 75 8.9 48  5.3   4  3.222.1 3.6
5048519701018 21.4 10.4  0.009900 10.0-99.9-99.9-99.9 6.7 52 8.1 44  3.9   7  5.617.4 3.6
5048519701019 23.4  7.4  0.009900  6.0-99.9-99.9-99.9 7.7 59 8.9 47  5.3   6  4.819.1 3.5
5048519701020 27.2  5.3  0.009900  3.5-99.9-99.9-99.911.5 8810.0 46  7.0   4  3.225.3 4.0
5048519701021 32.6  8.9  0.009900 16.9-99.9-99.9-99.9 9.9 76 9.0 35  5.4   4  3.222.8 4.3
5048519701022 33.7 11.2  0.009900  8.6-99.9-99.9-99.9 9.8 7510.5 36  7.7   2  1.622.7 4.2
5048519701023 33.0 16.9  0.009900 13.9-99.9-99.9-99.910.2 7811.8 36  9.4   9  7.223.4 5.6
5048519701024 33.0 14.3  0.009900 12.3-99.9-99.9-99.911.6 8811.5 36  9.0   6  4.825.8 5.3
5048519701025 24.5 16.6  0.009900 15.4-99.9-99.9-99.911.4 87 5.6 24 -1.2   9  7.225.6 5.3
5048519701026 19.1  9.5  0.009900  8.3-99.9-99.9-99.9 9.9 75 7.6 48  3.0  16 12.823.2 4.9
5048519701027 23.6  2.2  0.009900  1.0-99.9-99.9-99.911.6 88 7.7 41  3.2   4  3.226.0 3.8
5048519701028 26.0  7.4  0.009900  5.6-99.9-99.9-99.911.8 8911.4 56  8.9   4  3.226.4 4.2
5048519701029 28.2  7.6  0.009900  6.0-99.9-99.9-99.911.5 8612.0 47  9.7   6  4.826.0 4.5
5048519701030 25.4 11.5  4.019900 10.1-99.9-99.9-99.9 8.5 6414.2 61 12.2   8  6.421.2 4.1
5048519701031 19.5 10.2  0.009900  9.9-99.9-99.9-99.9 8.1 61 9.7 65  6.5   6  4.820.6 3.7
5048519701101 26.3  4.3  0.009900  1.7-99.9-99.9-99.912.1 90 9.0 45  5.4   1  0.827.2 4.0
5048519701102 29.9  7.3  0.009900  4.5-99.9-99.9-99.912.1 90 9.4 37  6.1   9  7.227.3 5.2
5048519701103 27.7 11.3  0.009900  8.4-99.9-99.9-99.912.0 89 8.3 33  4.3  19 15.227.2 6.8
5048519701104 33.2 14.1  0.009900 11.5-99.9-99.9-99.911.8 8811.2 36  8.6   3  2.427.0 5.1
5048519701105 34.2 11.7  0.009900  9.6-99.9-99.9-99.911.4 8410.8 30  8.1   7  5.626.4 5.6
5048519701106 29.0 15.4  0.009900 13.2-99.9-99.9-99.9 9.9 7313.0 51 10.9   2  1.623.9 4.6
5048519701107 31.0 11.9  0.009900 10.4-99.9-99.9-99.911.6 8515.3 53 13.3   2  1.626.8 4.9
5048519701108 26.5 17.4  0.009900 15.2-99.9-99.9-99.9 9.8 7214.1 53 12.1  11  8.823.9 5.5
5048519701109 26.7 16.0  0.009900 16.6-99.9-99.9-99.9 6.6 4811.9 46  9.5   6  4.818.5 4.4
5048519701110 22.3 13.9  0.009900 14.4-99.9-99.9-99.9 0.9  715.0 79 13.0   7  5.6 9.0 2.5
5048519701111 21.0 14.6  0.009900 14.1-99.9-99.9-99.9 8.1 5912.3 63 10.0  19 15.221.2 5.1
5048519701112 27.0  7.8  0.009900  6.4-99.9-99.9-99.912.1 8810.4 48  7.5   2  1.627.9 4.5
5048519701113 32.1  9.0  0.009900  7.0-99.9-99.9-99.911.7 85 9.6 36  6.4   1  0.827.3 4.7
5048519701114 34.9 10.3  0.009900  7.6-99.9-99.9-99.911.6 84 8.7 27  5.0   2  1.627.2 4.9
5048519701115 30.0 12.0  0.009900 10.3-99.9-99.9-99.912.2 89 9.3 33  5.9  13 10.428.3 6.4
5048519701116 24.3 11.4  0.009900  7.8-99.9-99.9-99.912.1 88 5.1 25 -2.5  18 14.428.2 6.9
5048519701117 27.2  1.1  0.009900 -0.9-99.9-99.9-99.912.0 87 4.8 21 -3.3   7  5.628.0 4.8
5048519701118 26.5  5.2  0.009900  2.8-99.9-99.9-99.912.1 87 8.1 38  3.9   2  1.628.2 4.4
5048519701119 31.0  7.4  0.009900  5.0-99.9-99.9-99.911.4 82 9.7 35  6.5  11  8.827.1 5.8
5048519701120 23.0 11.2  0.009900  9.9-99.9-99.9-99.911.7 84 9.0 43  5.4  45 36.027.7 9.1
5048519701121 24.1  7.2  0.009900  5.4-99.9-99.9-99.911.2 80 9.1 49  5.6   4  3.226.8 4.5
5048519701122 29.1 10.2  0.009900  7.5-99.9-99.9-99.911.9 85 8.3 32  4.3   2  1.628.1 4.8
5048519701123 31.0 10.3  0.009900  8.1-99.9-99.9-99.9 9.1 65 9.3 33  5.9   6  4.823.3 5.0
5048519701124 33.3 10.2  0.009900  8.3-99.9-99.9-99.911.9 8510.6 34  7.8   2  1.628.2 5.1
5048519701125 29.2 17.0  0.009900 15.0-99.9-99.9-99.911.5 8211.9 41  9.5  11  8.827.5 6.4
5048519701126 23.5 14.3  0.009900 13.7-99.9-99.9-99.9 7.1 5113.2 62 11.1  11  8.820.0 4.6
5048519701127 27.7 12.7  0.519900 11.5-99.9-99.9-99.910.1 7212.4 49 10.1   1  0.825.2 4.6
5048519701128 31.2 10.4  0.009900  8.0-99.9-99.9-99.912.3 8710.9 39  8.2   4  3.229.0 5.4
5048519701129 22.9 15.6  0.009900 12.9-99.9-99.9-99.9 7.9 56 8.5 43  4.6   6  4.821.5 4.7
5048519701130 26.2  5.0  0.009900  2.4-99.9-99.9-99.912.3 87 7.6 34  3.0   4  3.229.0 4.8
5048519701201 27.3  7.4  0.009900  5.4-99.9-99.9-99.912.4 88 7.4 31  2.7   6  4.829.2 5.3
5048519701202 30.2  6.9  0.009900  5.7-99.9-99.9-99.912.1 86 9.8 36  6.7   6  4.828.8 5.3
5048519701203 34.1 10.0  0.009900  8.5-99.9-99.9-99.911.8 8311.1 32  8.5   7  5.628.3 5.9
5048519701204 29.8 17.4  0.009900 16.7-99.9-99.9-99.912.1 8512.4 44 10.1   3  2.428.8 5.7
5048519701205 29.7 16.2  0.009900 14.6-99.9-99.9-99.912.5 88 8.4 31  4.5  18 14.429.5 7.9
5048519701206 34.4  8.8  0.009900  6.6-99.9-99.9-99.911.9 8411.5 35  9.0   1  0.828.5 5.1
5048519701207 35.2 13.3  1.519900 11.0-99.9-99.9-99.9 9.4 6611.8 31  9.4   9  7.224.2 6.0
5048519701208 30.2 15.0  0.009900 14.1-99.9-99.9-99.912.2 8612.0 40  9.7   4  3.229.1 5.7
5048519701209 34.8 11.8  0.009900  9.0-99.9-99.9-99.912.3 86 7.7 23  3.2   6  4.829.3 6.0
5048519701210 32.0 10.9  0.009900  8.4-99.9-99.9-99.912.4 87 7.3 25  2.5  12  9.629.4 6.8
5048519701211 31.0  8.7  0.009900  6.7-99.9-99.9-99.910.9 76 6.7 28  1.3  15 12.026.9 6.8
5048519701212 25.8  7.3  0.009900  5.0-99.9-99.9-99.911.8 83 7.4 41  2.7   2  1.628.4 4.6
5048519701213 31.5 11.4  0.009900  9.2-99.9-99.9-99.911.9 8310.9 37  8.2   6  4.828.6 5.8
5048519701214 34.7 15.9  0.009900 14.3-99.9-99.9-99.911.4 8013.4 38 11.3   6  4.827.8 6.2
5048519701215 33.6 19.0  0.009900 17.5-99.9-99.9-99.911.2 7817.7 50 15.6   9  7.227.4 6.7
5048519701216 34.7 17.2  0.009900 16.2-99.9-99.9-99.911.7 8218.0 47 15.8   6  4.828.3 6.4
5048519701217 32.8 19.6  0.009900 18.8-99.9-99.9-99.911.3 7913.8 41 11.8   4  3.227.6 6.0
5048519701218 30.2 16.3  0.009900 14.1-99.9-99.9-99.911.1 7810.0 35  7.0   8  6.427.3 6.2
5048519701219 34.0 14.3  0.519900 13.2-99.9-99.9-99.910.7 7513.2 40 11.1   7  5.626.6 6.0
5048519701220 30.2 13.3  0.009900 11.8-99.9-99.9-99.912.4 87 9.7 31  6.5   6  4.829.6 5.9
5048519701221 34.0 11.0  0.009900  9.1-99.9-99.9-99.912.4 8711.1 30  8.5   9  7.229.6 6.5
5048519701222 36.0 13.7  0.009900 12.5-99.9-99.9-99.912.5 8714.3 37 12.3   4  3.229.7 6.2
5048519701223 38.2 16.6  0.009900 14.1-99.9-99.9-99.912.5 8715.3 37 13.3   6  4.829.7 6.8
5048519701224 38.8 17.7  0.009900 16.0-99.9-99.9-99.9 8.5 5914.2 32 12.2   1  0.822.8 5.2
5048519701225 36.3 19.9  0.009900 16.5-99.9-99.9-99.910.4 7315.6 36 13.6  10  8.026.1 7.0
5048519701226 30.8 20.2  0.009900 18.7-99.9-99.9-99.9 7.7 5414.6 43 12.6  18 14.421.4 7.0
5048519701227 25.0 15.3  0.009900 13.4-99.9-99.9-99.9 7.7 54 9.1 44  5.6   4  3.221.4 4.6
5048519701228 25.3  9.2  0.009900  6.5-99.9-99.9-99.911.5 8110.8 49  8.1   4  3.228.0 4.9
5048519701229 33.4  8.8  0.319900  6.9-99.9-99.9-99.911.7 8213.3 43 11.2   4  3.228.3 5.4
5048519701230 29.6 11.7  0.009900  9.2-99.9-99.9-99.912.5 8812.0 43  9.7   4  3.229.7 5.6
5048519701231 32.7 13.6  0.009900 11.9-99.9-99.9-99.911.6 8113.9 42 11.9   6  4.828.2 5.9
5048519710101 35.0 15.3  0.009900 14.2-99.9-99.9-99.9 7.5 5315.7 46 13.7   4  3.221.1 5.0
5048519710102 37.0 16.7  0.009900 14.1-99.9-99.9-99.912.4 8715.6 40 13.6   7  5.629.5 6.8
5048519710103 32.2 18.3  0.009900 19.2-99.9-99.9-99.912.4 8715.8 48 13.8   4  3.229.5 6.2
5048519710104 28.3 16.7  0.009900 16.3-99.9-99.9-99.912.4 87 9.9 38  6.8  16 12.829.5 7.5
5048519710105 36.0 10.3  3.319900  9.1-99.9-99.9-99.911.0 7711.6 33  9.2   6  4.827.1 5.8
5048519710106 28.9 15.7  0.009900 14.2-99.9-99.9-99.910.7 7515.6 55 13.6   6  4.826.5 5.5
5048519710107 29.0 16.3  0.009900 15.4-99.9-99.9-99.911.4 8014.0 55 12.0   6  4.827.7 5.8
5048519710108 23.5 16.0  0.009900 15.1-99.9-99.9-99.910.5 74 8.0 38  3.8  16 12.826.2 6.7
5048519710109 22.9  7.3  3.719900  6.0-99.9-99.9-99.9 7.6 5411.3 63  8.8  25 20.021.1 5.1
5048519710110 13.3  7.1  1.519900  7.0-99.9-99.9-99.9 0.0  010.4 83  7.5   6  4.8 8.0 1.7
5048519710111 22.3  9.7  0.009900  9.0-99.9-99.9-99.9 7.3 5212.8 71 10.6   4  3.220.6 3.7
5048519710112 29.9  7.3  0.009900  5.5-99.9-99.9-99.912.3 8712.4 49 10.1   6  4.829.2 5.3
5048519710113 35.0 11.3  0.009900  9.4-99.9-99.9-99.912.1 8612.4 38 10.1   7  5.628.8 6.1
5048519710114 35.6 13.2  0.009900 11.1-99.9-99.9-99.912.0 8513.6 38 11.5   4  3.228.6 5.9
5048519710115 33.0 16.8  0.009900 14.5-99.9-99.9-99.912.0 8514.7 41 12.7   2  1.628.6 5.7
5048519710116 36.4 16.7  0.009900 15.1-99.9-99.9-99.911.8 8416.5 46 14.5   6  4.828.2 6.4
5048519710117 32.7 19.0  0.009900 18.1-99.9-99.9-99.9 9.9 7117.0 49 15.0   4  3.224.9 5.6
5048519710118 29.3 18.8  0.009900 17.9-99.9-99.9-99.911.8 8412.8 44 10.6  10  8.028.2 6.5
5048519710119 34.0 14.0  0.009900 12.4-99.9-99.9-99.911.7 8414.1 42 12.1   4  3.228.0 5.7
5048519710120 38.7 15.6  0.009900 14.0-99.9-99.9-99.912.2 8717.7 43 15.6   4  3.228.8 6.3
5048519710121 30.3 19.6  0.009900 20.0-99.9-99.9-99.9 9.5 68 9.9 34  6.8  13 10.424.1 6.8
5048519710122 35.2 15.4  0.009900 14.3-99.9-99.9-99.910.7 7719.0 52 16.7   3  2.426.1 5.5
5048519710123 29.0 20.1  0.009900 19.4-99.9-99.9-99.910.7 7710.4 38  7.5  14 11.226.1 7.0
5048519710124 27.4  9.2  0.009900  7.0-99.9-99.9-99.912.0 87 8.7 36  5.0   4  3.228.3 5.0
5048519710125 33.7  9.9  0.009900  8.3-99.9-99.9-99.911.7 8514.2 46 12.2   2  1.627.7 5.1
5048519710126 31.5 15.2  0.009900 14.1-99.9-99.9-99.912.1 8813.2 39 11.1   4  3.228.4 5.6
5048519710127 32.0 13.9  0.009900 12.8-99.9-99.9-99.912.1 8812.7 39 10.5   6  4.828.3 5.8
5048519710128 35.6 14.7  0.009900 13.9-99.9-99.9-99.912.1 8814.7 40 12.7   7  5.628.3 6.2
5048519710129 29.2 18.3  0.009900 18.3-99.9-99.9-99.912.0 87 9.5 37  6.2  10  8.028.1 6.4
5048519710130 30.2 11.7  0.009900  9.2-99.9-99.9-99.912.0 8812.2 45  9.9   4  3.228.0 5.2
5048519710131 30.9 13.7 38.019900 12.2-99.9-99.9-99.9 9.8 7218.9 60 16.6   4  3.224.2 4.8
5048519710201 31.0 14.7  0.009900 14.5-99.9-99.9-99.910.5 7716.5 55 14.5   7  5.625.4 5.4
5048519710202 33.6 15.2  0.009900 13.7-99.9-99.9-99.912.1 8917.6 54 15.5   2  1.628.0 5.5
5048519710203 33.9 17.4  0.009900 17.0-99.9-99.9-99.910.7 7918.9 52 16.6   8  6.425.6 5.9
5048519710204 31.3 18.4  0.009900 17.2-99.9-99.9-99.912.0 8815.6 49 13.6   6  4.827.7 5.9
5048519710205 29.0 17.0  0.009900 15.3-99.9-99.9-99.911.7 8612.4 41 10.1  30 24.027.2 8.6
5048519710206 25.2 10.4  0.009900  9.5-99.9-99.9-99.911.1 82 8.9 41  5.3   2  1.626.1 4.3
5048519710207 31.1 10.6  0.009900  9.3-99.9-99.9-99.911.7 8714.1 48 12.1   4  3.227.0 5.0
5048519710208 33.3 13.0  0.009900 11.3-99.9-99.9-99.911.9 8813.0 42 10.9   2  1.627.3 5.1
5048519710209 26.2 15.1  0.009900 14.6-99.9-99.9-99.911.5 86 9.0 39  5.4  10  8.026.6 5.7
5048519710210 31.3 11.0  0.009900 10.1-99.9-99.9-99.910.2 7614.6 49 12.6   4  3.224.3 4.6
5048519710211 32.7 14.8  0.009900 13.3-99.9-99.9-99.911.7 8815.0 47 13.0   7  5.626.8 5.6
5048519710212 28.1 14.2  0.719900 13.1-99.9-99.9-99.9 9.1 6813.2 54 11.1  14 11.222.4 5.5
5048519710213 29.8  8.0  0.009900  6.7-99.9-99.9-99.911.1 8314.8 59 12.8   6  4.825.6 4.6
5048519710214 30.8 14.7  0.519900 13.2-99.9-99.9-99.911.5 8711.6 36  9.2   8  6.426.2 5.6
5048519710215 33.9 17.0  0.009900 15.1-99.9-99.9-99.910.0 7616.9 51 14.9   4  3.223.7 5.1
5048519710216 34.6 16.9  0.009900 15.6-99.9-99.9-99.9 8.6 6521.4 60 18.6   4  3.221.3 4.7
5048519710217 35.3 19.7  2.019900 18.5-99.9-99.9-99.911.4 8721.3 54 18.5   6  4.825.8 5.9
5048519710218 31.2 17.7  0.009900 17.0-99.9-99.9-99.910.6 8117.8 54 15.7  14 11.224.4 6.0
5048519710219 26.5  7.7  0.009900  5.9-99.9-99.9-99.911.2 85 8.3 43  4.3   6  4.825.3 4.4
5048519710220 28.8  8.2  0.009900  7.0-99.9-99.9-99.911.4 8712.5 48 10.3   2  1.625.6 4.1
5048519710221 31.4 13.6  0.009900 11.8-99.9-99.9-99.910.6 8113.6 51 11.5   2  1.624.2 4.4
5048519710222 33.0 12.4  0.009900 11.3-99.9-99.9-99.911.1 8513.8 48 11.8   4  3.224.9 4.8
5048519710223 27.2 14.0  0.009900 11.4-99.9-99.9-99.910.1 78 9.7 35  6.5  11  8.823.2 5.2
5048519710224 27.3  9.3  0.009900  8.2-99.9-99.9-99.911.0 85 9.6 42  6.4   2  1.624.6 3.9
5048519710225 27.7 10.9  0.009900  8.1-99.9-99.9-99.9 8.6 6711.8 46  9.4   7  5.620.6 4.2
5048519710226 28.7  9.7  0.009900  7.3-99.9-99.9-99.9 9.8 7612.1 49  9.8   6  4.822.5 4.2
5048519710227 29.7 10.3  0.009900  9.1-99.9-99.9-99.9 8.4 6514.7 56 12.7   4  3.220.2 3.8
5048519710228 28.4 15.7  0.009900 14.4-99.9-99.9-99.9 7.3 5716.3 62 14.3   3  2.418.3 3.7
5048519710301 30.7 12.3  1.519900 11.0-99.9-99.9-99.9 9.4 7416.0 60 14.0   6  4.821.6 4.2
5048519710302 29.6 15.7  0.009900 14.4-99.9-99.9-99.9 8.5 6719.6 72 17.2   2  1.620.1 3.8
5048519710303 31.8 14.8 18.019900 13.5-99.9-99.9-99.9 9.2 7218.7 63 16.4   6  4.821.1 4.4
5048519710304 31.1 17.0  0.009900 16.0-99.9-99.9-99.911.1 8820.6 68 18.0   4  3.224.0 4.7
5048519710305 29.4 18.1  1.519900 17.1-99.9-99.9-99.9 9.9 7818.6 66 16.4  11  8.822.0 5.0
5048519710306 29.0 14.4  0.009900 13.2-99.9-99.9-99.911.0 8718.6 71 16.4   4  3.223.6 4.2
5048519710307 30.3 14.1  0.009900 13.0-99.9-99.9-99.911.0 8818.4 65 16.2   4  3.223.5 4.3
5048519710308 29.9 15.8  0.009900 14.5-99.9-99.9-99.9 8.6 6920.5 68 17.9   6  4.819.7 4.0
5048519710309 26.7 15.6  0.009900 14.8-99.9-99.9-99.9 8.6 6913.4 55 11.3   4  3.219.6 3.7
5048519710310 25.5 15.6  0.009900 15.5-99.9-99.9-99.9 8.7 7013.6 60 11.5   4  3.219.6 3.7
5048519710311 29.4 10.0  0.009900  8.8-99.9-99.9-99.911.0 8916.0 64 14.0   7  5.623.1 4.0
5048519710312 27.8 13.5  2.319900 12.3-99.9-99.9-99.9 8.0 6515.5 61 13.5   2  1.618.4 3.3
5048519710313 21.2 12.0  0.009900  8.3-99.9-99.9-99.9 5.6 45 7.6 47  3.0  18 14.414.6 4.6
5048519710314 20.7  9.3  0.009900  8.8-99.9-99.9-99.9 9.3 75 9.8 64  6.7   4  3.220.2 3.1
5048519710315 25.3  4.0  0.009900  2.7-99.9-99.9-99.910.7 8710.0 58  7.0   4  3.222.2 3.1
5048519710316 28.1  5.6  0.009900  3.8-99.9-99.9-99.910.7 8711.3 57  8.8   4  3.222.1 3.3
5048519710317 28.9  7.4  0.009900  6.3-99.9-99.9-99.910.5 8615.3 65 13.3   4  3.221.6 3.3
5048519710318 23.9 12.9  0.009900 11.8-99.9-99.9-99.910.4 85 9.9 49  6.8   4  3.221.4 3.4
5048519710319 27.2  7.6  0.009900  7.0-99.9-99.9-99.9 9.9 8112.4 58 10.1   4  3.220.5 3.2
5048519710320 28.9 10.8  0.009900  9.5-99.9-99.9-99.910.4 8614.2 58 12.2   4  3.221.1 3.5
5048519710321 29.2 14.6  0.009900 13.9-99.9-99.9-99.910.6 8814.6 57 12.6   2  1.621.3 3.6
5048519710322 24.3 14.0  0.009900 13.4-99.9-99.9-99.9 9.9 82 7.8 42  3.4   8  6.420.2 3.9
5048519710323 28.0  6.5  0.009900  5.0-99.9-99.9-99.910.0 8312.0 54  9.7   4  3.220.2 3.1
5048519710324 29.5  9.9  0.009900  8.9-99.9-99.9-99.9 9.9 8314.3 59 12.3   2  1.619.9 3.1
5048519710325 32.9 10.1  0.009900  8.6-99.9-99.9-99.9 9.9 8312.9 51 10.7   4  3.219.8 3.5
5048519710326 31.6 11.3  0.009900  9.1-99.9-99.9-99.9 9.7 8116.6 63 14.6   3  2.419.4 3.3
5048519710327 33.2 11.3  0.009900  9.1-99.9-99.9-99.910.0 8415.3 57 13.3   2  1.619.7 3.3
5048519710328 32.4 13.0  0.009900 10.6-99.9-99.9-99.9 9.8 8317.0 53 15.0   2  1.619.3 3.3
5048519710329 26.0 13.4  0.009900 12.4-99.9-99.9-99.910.0 8510.5 55  7.7   8  6.419.5 3.6
5048519710330 22.9  9.1  0.009900  7.0-99.9-99.9-99.9 9.5 8110.1 54  7.1   6  4.818.7 2.9
5048519710331 28.3  8.3  0.009900  6.0-99.9-99.9-99.9 9.7 8312.5 57 10.3   6  4.818.8 3.1
5048519710401 30.2 11.1  0.009900  9.7-99.9-99.9-99.910.1 8616.9 66 14.9   6  4.819.3 3.3
5048519710402 26.3 14.5  0.009900 13.4-99.9-99.9-99.9 9.6 8212.9 57 10.7   9  7.218.5 3.6
5048519710403 29.7 10.0  0.009900  8.0-99.9-99.9-99.9 9.5 8210.1 47  7.1   2  1.618.2 2.7
5048519710404 32.2 10.3  0.009900  7.9-99.9-99.9-99.9 9.7 8414.8 57 12.8   2  1.618.4 2.9
5048519710405 28.5 14.2  0.009900 13.3-99.9-99.9-99.9 8.2 7115.7 59 13.7   7  5.616.2 3.1
5048519710406 30.3 13.0  0.009900 11.5-99.9-99.9-99.9 9.5 8214.1 52 12.1   0  0.017.9 2.6
5048519710407 21.0 11.3  0.009900  8.5-99.9-99.9-99.9 8.8 76 7.7 48  3.2   8  6.416.8 3.0
5048519710408 24.4  3.2  0.009900  1.3-99.9-99.9-99.9 9.8 85 7.7 52  3.2   4  3.218.0 2.3
5048519710409 21.7  6.1  0.009900  5.0-99.9-99.9-99.9 6.2 5411.2 58  8.6   7  5.613.1 2.0
5048519710410 21.0 12.0  0.009900 12.4-99.9-99.9-99.9 7.3 64 8.2 50  4.1   2  1.614.5 2.2
5048519710411 24.6  5.0  0.009900  3.9-99.9-99.9-99.9 9.9 87 9.6 58  6.4   1  0.817.8 2.0
5048519710412 24.7  3.0  0.009900  5.0-99.9-99.9-99.9 9.6 85 9.0 50  5.4   2  1.617.3 2.0
5048519710413 27.2  8.9  0.009900  8.0-99.9-99.9-99.9 9.7 8612.7 59 10.5   7  5.617.3 2.7
5048519710414 24.0  9.6  0.009900  7.9-99.9-99.9-99.9 3.8 3415.9 84 13.9   4  3.2 9.6 1.6
5048519710415 15.0  7.5  0.009900  6.5-99.9-99.9-99.9 4.2 37 5.8 47 -0.7  14 11.210.0 2.8
5048519710416 20.8 -2.4  0.009900 -4.7-99.9-99.9-99.9 9.7 87 5.8 51 -0.7   2  1.616.9 1.6
5048519710417 17.2  1.7  0.009900 -1.2-99.9-99.9-99.9-9.9 99 5.5 44 -1.4   4  3.2-9.9-9.9
5048519710418 17.7 -2.0  0.009900 -4.3-99.9-99.9-99.9 9.1 82 6.0 57 -0.2   2  1.616.0 1.4
5048519710419 20.0  0.2  0.009900  3.1-99.9-99.9-99.9 9.1 82 7.0 53  1.9   2  1.615.8 1.5
5048519710420  9.9  3.2  0.009900  1.0-99.9-99.9-99.9 0.0  0 6.2 69  0.2  23 18.4 4.5 2.2
5048519710421  5.8  2.3  3.019900  2.0-99.9-99.9-99.9 0.0  0 7.7 92  3.2   6  4.8 4.4 0.6
5048519710422 10.5  2.3  0.009900  0.3-99.9-99.9-99.9 3.3 30 7.9 81  3.6   2  1.6 8.4 0.9
5048519710423 16.3 -1.0  0.009900 -2.6-99.9-99.9-99.9 9.3 85 7.3 72  2.5   2  1.615.6 1.2
5048519710424 19.0  0.7  0.009900 -2.0-99.9-99.9-99.9 9.6 88 7.4 65  2.7   1  0.815.9 1.3
5048519710425 18.2  0.3  0.009900 -3.4-99.9-99.9-99.9 6.3 58 7.8 71  3.4   4  3.211.8 1.3
5048519710426 19.0  2.4  0.009900  0.9-99.9-99.9-99.9 8.5 78 8.2 66  4.1   1  0.814.4 1.3
5048519710427 23.0  3.7  0.009900  1.3-99.9-99.9-99.9 9.0 83 8.2 58  4.1   6  4.814.9 1.8
5048519710428 20.1  3.3  0.009900  2.3-99.9-99.9-99.9 9.5 88 8.6 63  4.8   9  7.215.3 1.8
5048519710429 21.5  4.3  0.009900  3.0-99.9-99.9-99.9 9.5 88 9.1 64  5.6   4  3.215.2 1.5
5048519710430 19.0  6.8  0.009900  4.5-99.9-99.9-99.9 7.5 70 6.8 50  1.5  14 11.212.8 2.6
5048519710501 16.7  3.7  0.009900  2.5-99.9-99.9-99.9 7.3 68 6.3 54  0.4   2  1.612.5 1.3
5048519710502 16.7  0.7  0.009900 -1.5-99.9-99.9-99.9 9.3 87 5.3 46 -1.9   6  4.814.7 1.5
5048519710503 12.3 -2.4  0.009900 -5.2-99.9-99.9-99.9 9.4 88 4.7 58 -3.6   1  0.814.7 0.9
5048519710504 13.0 -2.4  0.009900 -5.2-99.9-99.9-99.9 6.3 59 5.1 60 -2.5   4  3.211.1 1.1
5048519710505 12.7 -4.2  0.009900 -6.0-99.9-99.9-99.9 3.3 31 6.8 72  1.5   4  3.2 7.6 0.7
5048519710506 11.7  5.0  0.009900  5.6-99.9-99.9-99.9 0.0  0 7.6 74  3.0   2  1.6 3.9 0.9
5048519710507 15.4 -1.9  0.009900 -4.6-99.9-99.9-99.9 8.6 81 7.2 74  2.3   4  3.213.4 0.9
5048519710508 19.7 -0.1  0.009900 -2.8-99.9-99.9-99.9 9.0 85 7.2 64  2.3   6  4.813.8 1.3
5048519710509 19.5  0.0  0.009900 -2.4-99.9-99.9-99.9 8.9 84 8.3 67  4.3   3  2.413.6 1.0
5048519710510 22.1  3.5  0.009900 -0.1-99.9-99.9-99.9 9.0 86 7.9 61  3.6   8  6.413.6 1.6
5048519710511 24.8  3.4  0.009900  0.8-99.9-99.9-99.9 9.0 86 8.0 58  3.8   3  2.413.5 1.3
5048519710512 24.0  6.3  0.009900  3.7-99.9-99.9-99.9 9.0 86 9.2 59  5.8   6  4.813.4 1.6
5048519710513 23.3  5.3  0.009900  2.7-99.9-99.9-99.9 9.0 86 9.5 66  6.2   4  3.213.3 1.3
5048519710514 22.2  8.6  0.009900  6.3-99.9-99.9-99.9 7.0 67 9.4 62  6.1   9  7.211.1 1.9
5048519710515 19.3  3.5  0.009900  1.5-99.9-99.9-99.9 7.3 70 7.6 63  3.0   2  1.611.3 1.0
5048519710516 21.7  2.8  0.009900  0.5-99.9-99.9-99.9 8.9 86 7.9 63  3.6   4  3.213.0 1.1
5048519710517 18.3  0.5  0.009900 -2.3-99.9-99.9-99.9 4.4 43 7.9 63  3.6   2  1.6 8.2 0.9
5048519710518 22.7  4.4  0.009900  1.3-99.9-99.9-99.9 8.8 85 8.7 59  5.0   6  4.812.7 1.3
5048519710519 23.0  6.1  0.009900  3.1-99.9-99.9-99.9 6.8 66 9.5 64  6.2   2  1.610.6 1.1
5048519710520 25.6  6.3  0.009900  3.7-99.9-99.9-99.9 8.8 8610.6 64  7.8   2  1.612.6 1.1
5048519710521 26.3  8.3  0.009900  5.5-99.9-99.9-99.9 8.4 82 9.1 56  5.6   4  3.212.1 1.4
5048519710522 18.3  8.7  0.009900  5.6-99.9-99.9-99.9 5.6 55 8.6 52  4.8   7  5.6 9.1 1.5
5048519710523 17.6  5.0  0.009900  1.8-99.9-99.9-99.9 8.8 86 8.3 65  4.3   2  1.612.4 0.8
5048519710524 16.7  4.7  0.219900  3.2-99.9-99.9-99.9 8.7 85 7.3 66  2.5   1  0.812.2 0.7
5048519710525 16.0 -0.4  0.009900 -4.1-99.9-99.9-99.9 8.8 86 5.7 64 -1.0   6  4.812.2 1.0
5048519710526 16.8 -0.4  0.009900 -4.0-99.9-99.9-99.9 8.0 79 5.8 61 -0.7   4  3.211.4 0.9
5048519710527 13.1 -0.9  0.009900 -3.8-99.9-99.9-99.9 3.3 33 6.0 68 -0.2   2  1.6 6.6 0.7
5048519710528 17.2 -0.6  0.009900 -4.1-99.9-99.9-99.9 8.7 86 6.5 67  0.9   4  3.211.9 0.8
5048519710529 19.7 -0.2  0.009900 -3.6-99.9-99.9-99.9 8.6 85 6.8 65  1.5   2  1.611.8 0.7
5048519710530 21.3  2.2  0.009900 -0.3-99.9-99.9-99.9 7.9 78 6.6 58  1.1   2  1.611.0 0.9
5048519710531 22.0  2.7  0.009900 -0.1-99.9-99.9-99.9 8.6 85 7.0 61  1.9   4  3.211.7 1.1
5048519710601 21.7  4.0  0.009900  0.3-99.9-99.9-99.9 8.6 85 7.0 52  1.9  11  8.811.6 1.8
5048519710602 11.0  2.5  0.009900 -1.5-99.9-99.9-99.9 0.0  0 7.1 69  2.1   4  3.2 3.2 0.8
5048519710603  7.3 -0.9  0.009900 -2.7-99.9-99.9-99.9 0.0  0 5.7 67 -1.0   4  3.2 3.2 0.7
5048519710604  9.3  4.2  0.009900  3.4-99.9-99.9-99.9 0.4  4 6.2 67  0.2   4  3.2 3.6 1.0
5048519710605  6.7  2.7  0.009900  0.4-99.9-99.9-99.9 0.0  0 7.1 85  2.1   6  4.8 3.2 0.6
5048519710606  6.0  3.0  0.009900  2.1-99.9-99.9-99.9 0.0  0 7.2 86  2.3   4  3.2 3.2 0.5
5048519710607 12.3  3.5  0.009900  3.3-99.9-99.9-99.9 5.3 53 7.0 75  1.9   2  1.6 8.2 0.6
5048519710608 15.2 -2.0  0.009900 -4.7-99.9-99.9-99.9 6.7 67 6.5 72  0.9   3  2.4 9.5 0.5
5048519710609 11.7  1.0  0.009900 -0.7-99.9-99.9-99.9 8.3 83 5.4 58 -1.7   0  0.011.0 0.5
5048519710610 13.8 -4.2  0.009900 -7.1-99.9-99.9-99.9 8.3 83 4.6 60 -3.8   2  1.611.0 0.6
5048519710611 14.7 -2.6  0.009900 -5.7-99.9-99.9-99.9 8.3 83 4.7 54 -3.6   6  4.811.0 1.0
5048519710612 18.3 -2.0  0.009900 -5.2-99.9-99.9-99.9 8.6 86 6.6 64  1.1   6  4.811.2 0.9
5048519710613 17.0  1.7  0.009900 -1.6-99.9-99.9-99.9 8.2 82 5.7 56 -1.0   2  1.610.8 0.8
5048519710614 17.9 -0.8  0.009900 -3.5-99.9-99.9-99.9 8.6 87 5.4 57 -1.7   2  1.611.2 0.8
5048519710615 10.6 -0.8  0.009900 -5.6-99.9-99.9-99.9 8.6 87 5.0 60 -2.7   6  4.811.2 0.8
5048519710616 11.8 -5.5  0.009900 -7.5-99.9-99.9-99.9 7.5 76 4.4 63 -4.4   4  3.210.1 0.7
5048519710617 12.0 -4.5  0.009900 -7.0-99.9-99.9-99.9 8.4 85 4.8 69 -3.3   2  1.611.0 0.5
5048519710618 13.0 -5.0  0.009900 -7.7-99.9-99.9-99.9 6.7 68 4.8 66 -3.3   4  3.2 9.4 0.7
5048519710619 11.0 -3.4  0.009900 -5.7-99.9-99.9-99.9 7.8 79 5.6 63 -1.2   6  4.810.4 0.6
5048519710620 13.4 -5.2  0.009900 -7.5-99.9-99.9-99.9 8.0 81 4.7 62 -3.6   3  2.410.6 0.6
5048519710621  8.4  2.0  0.009900  0.0-99.9-99.9-99.9 2.3 23 5.7 65 -1.0  12  9.6 5.2 1.1
5048519710622 10.7 -6.7  0.009900 -9.7-99.9-99.9-99.9 8.6 87 5.1 70 -2.5   6  4.811.1 0.5
5048519710623 10.4 -6.4  0.009900 -8.0-99.9-99.9-99.9 6.2 62 4.8 69 -3.3   4  3.2 8.9 0.5
5048519710624 15.0 -2.8  0.009900 -6.8-99.9-99.9-99.9 8.4 85 5.3 64 -1.9   1  0.810.9 0.6
5048519710625 12.3 -0.4  0.009900 -3.8-99.9-99.9-99.9 2.2 22 5.3 57 -1.9   2  1.6 5.1 0.8
5048519710626 13.2  0.6  0.009900 -1.5-99.9-99.9-99.9 2.7 27 5.2 57 -2.2   7  5.6 5.6 1.2
5048519710627 12.5 -3.3  0.009900 -6.5-99.9-99.9-99.9 4.3 43 5.1 58 -2.5   2  1.6 7.1 0.6
5048519710628 15.5  3.8  0.009900  1.9-99.9-99.9-99.9 8.5 86 6.8 65  1.5   4  3.211.1 0.9
5048519710629 23.3 -3.4  0.009900 -5.7-99.9-99.9-99.9 6.4 64 6.3 55  0.4  11  8.8 9.1 1.5
5048519710630 15.5  1.4  0.009900 -1.8-99.9-99.9-99.9 8.0 80 4.9 57 -3.0   3  2.410.6 1.0
5048519710701 14.2 -4.3  0.009900 -6.8-99.9-99.9-99.9 8.3 83 4.0 53 -5.7   4  3.210.9 0.9
5048519710702 15.0 -4.0  0.009900 -5.8-99.9-99.9-99.9 7.7 77 5.1 57 -2.5  11  8.810.4 1.2
5048519710703 13.1  3.3  0.009900  2.5-99.9-99.9-99.9 8.0 80 6.5 66  0.9   3  2.410.7 0.7
5048519710704 16.3 -2.8  0.009900 -6.0-99.9-99.9-99.9 5.8 58 6.2 68  0.2   2  1.6 8.6 0.6
5048519710705 18.1 -1.0  0.009900 -3.4-99.9-99.9-99.9 8.5 85 5.6 54 -1.2   7  5.611.2 1.2
5048519710706 16.0  0.3  0.009900 -1.0-99.9-99.9-99.9-9.9 99 6.2 63  0.2   2  1.6-9.9-9.9
5048519710707 17.3 -1.0  0.009900 -4.0-99.9-99.9-99.9-9.9 99 5.8 59 -0.7   4  3.2-9.9-9.9
5048519710708 19.3 -0.1  0.009900 -3.8-99.9-99.9-99.9-9.9 99 5.6 54 -1.2   4  3.2-9.9-9.9
5048519710709 16.6  2.7  0.009900 -0.9-99.9-99.9-99.9-9.9 99 6.6 53  1.1   2  1.6-9.9-9.9
5048519710710 15.9  0.6  0.009900 -2.8-99.9-99.9-99.9-9.9 99 6.8 68  1.5   2  1.6-9.9-9.9
5048519710711 18.9  2.5  0.009900 -1.0-99.9-99.9-99.9-9.9 99 6.5 54  0.9   7  5.6-9.9-9.9
5048519710712 15.2 -0.3  0.009900 -1.8-99.9-99.9-99.9-9.9 99 6.6 69  1.1   1  0.8-9.9-9.9
5048519710713 18.1 -2.3  0.009900 -5.3-99.9-99.9-99.9-9.9 99 6.4 61  0.6   4  3.2-9.9-9.9
5048519710714 20.0  0.5  0.009900 -2.4-99.9-99.9-99.9-9.9 99 6.0 52 -0.2   7  5.6-9.9-9.9
5048519710715 20.2  0.1  0.009900 -3.2-99.9-99.9-99.9-9.9 99 5.2 46 -2.2   2  1.6-9.9-9.9
5048519710716 21.4  1.5  0.009900 -1.5-99.9-99.9-99.9-9.9 99 5.9 49 -0.5   2  1.6-9.9-9.9
5048519710717 23.2  1.3  0.009900 -1.1-99.9-99.9-99.9-9.9 99 5.8 47 -0.7   2  1.6-9.9-9.9
5048519710718 22.2  5.0  0.009900  2.3-99.9-99.9-99.9-9.9 99 6.8 50  1.5   2  1.6-9.9-9.9
5048519710719 24.2  1.8  0.009900 -1.0-99.9-99.9-99.9 8.2 81 7.2 54  2.3   2  1.611.5 1.0
5048519710720 24.2  5.7  0.009900  2.7-99.9-99.9-99.9 8.4 82 8.0 58  3.8   2  1.611.8 1.0
5048519710721 19.7  7.2  0.009900  4.2-99.9-99.9-99.9 7.4 72 8.5 56  4.6  13 10.410.9 1.8
5048519710722 18.8  4.0  0.009900  1.7-99.9-99.9-99.9 8.1 79 7.0 57  1.9   4  3.211.6 1.0
5048519710723 19.0  2.1  0.009900 -0.9-99.9-99.9-99.9 8.4 82 6.3 57  0.4   2  1.612.0 0.9
5048519710724 19.9  1.2  0.009900 -1.0-99.9-99.9-99.9 6.9 67 6.2 50  0.2   3  2.410.5 1.0
5048519710725 18.2  5.3  0.009900  2.3-99.9-99.9-99.9 7.7 75 6.1 48  0.0   2  1.611.4 1.0
5048519710726 19.7  2.0  0.009900 -0.7-99.9-99.9-99.9 8.8 85 6.8 54  1.5   4  3.212.6 1.0
5048519710727 16.5  3.2  0.009900  1.2-99.9-99.9-99.9 7.3 71 6.3 52  0.4   7  5.611.1 1.3
5048519710728 13.3  6.2  0.009900  7.3-99.9-99.9-99.9 1.6 15 6.3 59  0.4  11  8.8 5.2 1.8
5048519710729 11.3  2.3  0.009900  0.5-99.9-99.9-99.9 3.1 30 7.4 77  2.7   2  1.6 6.8 0.7
5048519710730 12.0  2.7  0.009900  0.3-99.9-99.9-99.9 3.0 29 7.6 78  3.0   2  1.6 6.8 0.8
5048519710731 19.0  0.5  0.009900 -1.8-99.9-99.9-99.9 9.0 86 7.4 64  2.7   4  3.213.2 1.0
5048519710801 16.5 -0.6  0.009900 -3.3-99.9-99.9-99.9 8.7 83 8.2 76  4.1   1  0.813.0 0.7
5048519710802 28.9 -0.2  0.009900 -1.2-99.9-99.9-99.9 3.3 31 5.4 43 -1.7  11  8.8 7.2 2.6
5048519710803 23.8  7.2  0.009900  8.3-99.9-99.9-99.9 0.0  0 7.4 66  2.7  14 11.2 3.7 2.9
5048519710804 11.7  5.0  0.009900  3.5-99.9-99.9-99.9 0.0  0 6.8 59  1.5   8  6.4 3.8 1.4
5048519710805 14.4  5.4  0.009900  4.6-99.9-99.9-99.9 4.1 39 6.2 57  0.2   4  3.2 8.3 1.3
5048519710806 20.6  0.3  0.009900 -2.5-99.9-99.9-99.9 9.1 86 5.4 48 -1.7   6  4.813.8 1.5
5048519710807 20.3 -1.5  0.009900 -4.1-99.9-99.9-99.9 9.1 86 5.6 51 -1.2   2  1.613.9 1.1
5048519710808 23.6  2.3  0.009900  0.0-99.9-99.9-99.9 9.3 87 5.4 38 -1.7   2  1.614.2 1.3
5048519710809 25.0  2.2  0.009900 -1.5-99.9-99.9-99.9 9.3 87 4.9 39 -3.0   4  3.214.3 1.6
5048519710810 23.7  2.7  0.009900 -1.3-99.9-99.9-99.9 9.5 89 8.0 49  3.8   2  1.614.6 1.3
5048519710811 24.6  4.3  0.009900  1.4-99.9-99.9-99.9 7.7 72 5.7 35 -1.0  11  8.812.7 2.6
5048519710812 17.0  5.3  0.009900  4.6-99.9-99.9-99.9 3.8 35 6.8 63  1.5   6  4.8 8.3 1.6
5048519710813 14.6 -3.2  0.009900 -6.4-99.9-99.9-99.9 8.5 79 5.5 60 -1.4   6  4.813.8 1.2
5048519710814 18.0 -0.4  0.009900 -3.7-99.9-99.9-99.9 9.4 87 5.8 52 -0.7   2  1.614.9 1.2
5048519710815 19.5 -2.7  0.009900 -5.2-99.9-99.9-99.9 9.7 89 6.0 58 -0.2   4  3.215.4 1.3
5048519710816 17.7  0.9  0.009900 -1.7-99.9-99.9-99.9 9.2 85 5.7 47 -1.0   8  6.414.9 1.8
5048519710817 19.7  0.5  0.009900 -2.5-99.9-99.9-99.9 9.6 88 6.0 50 -0.2   4  3.215.5 1.5
5048519710818 21.4  0.2  0.009900 -2.5-99.9-99.9-99.9 7.9 72 5.8 46 -0.7   6  4.813.6 1.8
5048519710819 14.7  6.5  0.009900  3.5-99.9-99.9-99.9 2.8 26 6.8 58  1.5  14 11.2 7.6 2.3
5048519710820 13.0  5.0  0.009900  5.1-99.9-99.9-99.9 3.7 34 7.5 70  2.9   6  4.8 8.7 1.4
5048519710821 16.4 -1.7  0.009900 -3.5-99.9-99.9-99.9 9.2 83 5.8 58 -0.7   2  1.615.4 1.3
5048519710822 21.7 -0.7  0.009900 -3.3-99.9-99.9-99.9 9.7 88 5.2 45 -2.2   4  3.216.1 1.7
5048519710823 15.0  1.7  0.009900 -0.9-99.9-99.9-99.9 6.5 59 6.5 58  0.9   4  3.212.3 1.4
5048519710824 18.3 -1.8  0.009900 -4.0-99.9-99.9-99.9 9.5 85 6.4 57  0.6   4  3.216.1 1.5
5048519710825 20.4  0.7  0.009900 -2.1-99.9-99.9-99.9 9.7 87 7.1 55  2.1   2  1.616.5 1.5
5048519710826 22.1  1.3  0.009900 -1.5-99.9-99.9-99.9 9.9 89 7.4 55  2.7   8  6.416.8 2.1
5048519710827 22.7  3.8  0.009900  0.5-99.9-99.9-99.9 9.0 80 7.2 48  2.3   6  4.815.8 2.2
5048519710828 25.3  5.4  0.009900  3.4-99.9-99.9-99.9 9.6 85 7.1 42  2.1   4  3.216.7 2.2
5048519710829 25.3  6.7  0.319900  4.2-99.9-99.9-99.9 7.0 6210.7 54  8.0   7  5.613.5 2.3
5048519710830 20.0  9.0  0.009900  9.0-99.9-99.9-99.9 0.0  0 9.9 80  6.8  11  8.8 4.7 2.1
5048519710831 18.4  4.7  0.009900  2.7-99.9-99.9-99.9 7.6 6710.0 78  7.0   1  0.814.5 1.5
5048519710901 24.4  4.3  0.009900  1.9-99.9-99.9-99.9 8.9 7810.7 66  8.0   6  4.816.2 2.2
5048519710902 21.4 11.7  0.009900 10.6-99.9-99.9-99.9 3.8 33 9.7 55  6.5   7  5.6 9.7 2.4
5048519710903 19.8  9.2  0.009900  7.0-99.9-99.9-99.9 5.9 52 7.0 45  1.9   4  3.212.5 2.2
5048519710904 23.1  4.2  0.009900  2.5-99.9-99.9-99.9 9.7 85 7.9 51  3.6   2  1.617.6 2.0
5048519710905 18.9  6.5  0.009900  3.9-99.9-99.9-99.9 8.3 7210.1 68  7.1   7  5.615.9 2.1
5048519710906 23.4  5.3  0.009900  3.7-99.9-99.9-99.9 9.1 7910.2 64  7.3   6  4.817.0 2.4
5048519710907 25.7  6.4  0.009900  4.7-99.9-99.9-99.9 9.7 8410.5 54  7.7   6  4.817.9 2.6
5048519710908 25.3  8.4  0.009900  6.2-99.9-99.9-99.9 9.7 84 9.7 49  6.5   4  3.218.1 2.6
5048519710909 27.0 11.2  0.009900  8.3-99.9-99.9-99.9 8.4 7210.9 54  8.2   6  4.816.4 3.0
5048519710910 21.5 10.0  0.009900 10.9-99.9-99.9-99.9 6.2 53 9.3 61  5.9  11  8.813.6 3.0
5048519710911 19.4  3.7  0.009900  2.3-99.9-99.9-99.9 9.7 83 7.9 63  3.6   3  2.418.4 2.1
5048519710912 23.4  4.8  0.009900  2.5-99.9-99.9-99.9 9.3 79 7.8 50  3.4   1  0.818.0 2.2
5048519710913 25.3  4.4  0.009900  2.5-99.9-99.9-99.9 9.6 8210.6 56  7.8   2  1.618.5 2.4
5048519710914 20.2  8.1  0.009900  4.8-99.9-99.9-99.9 9.1 77 7.1 45  2.1   4  3.217.9 2.6
5048519710915 25.3  3.7  0.009900  1.5-99.9-99.9-99.9 9.6 81 7.6 45  3.0   2  1.618.7 2.4
5048519710916 26.7  6.1  0.009900  3.5-99.9-99.9-99.9 9.2 78 8.9 44  5.3   4  3.218.3 2.8
5048519710917 25.5  8.6  0.009900  5.0-99.9-99.9-99.9 9.7 8210.0 47  7.0   2  1.619.1 2.7
5048519710918 22.0 11.9  0.009900 11.5-99.9-99.9-99.9 9.2 77 6.7 37  1.3   6  4.818.5 3.2
5048519710919 21.5  6.2  0.009900  2.7-99.9-99.9-99.910.0 84 6.1 37  0.0   6  4.819.7 3.0
5048519710920 21.0  5.3  0.009900  3.5-99.9-99.9-99.910.0 83 7.4 46  2.7   8  6.419.9 3.1
5048519710921 18.4  6.1  0.009900  5.2-99.9-99.9-99.910.0 83 7.5 55  2.9   4  3.220.0 2.6
5048519710922 21.6  2.6  0.009900  0.5-99.9-99.9-99.9 8.3 69 6.9 40  1.7  14 11.217.6 3.4
5048519710923 23.0  5.3  0.009900  3.7-99.9-99.9-99.910.2 84 7.3 44  2.5   4  3.220.5 2.9
5048519710924 24.6  4.6  0.009900  2.9-99.9-99.9-99.910.2 84 9.3 50  5.9   4  3.220.6 2.9
5048519710925 24.2  9.2  0.009900  6.9-99.9-99.9-99.9 9.5 78 8.5 45  4.6   6  4.819.7 3.3
5048519710926 28.0  7.5  0.009900  5.4-99.9-99.9-99.910.5 86 9.5 41  6.2   2  1.621.3 3.1
5048519710927 29.4  8.6  0.009900  6.5-99.9-99.9-99.910.5 86 9.3 39  5.9   6  4.821.4 3.7
5048519710928 30.2  6.8  0.009900  5.2-99.9-99.9-99.9 9.6 78 8.9 37  5.3   4  3.220.1 3.4
5048519710929 31.0  9.5  0.009900  7.0-99.9-99.9-99.910.6 86 9.5 37  6.2   4  3.221.7 3.7
5048519710930 31.3 13.3  0.009900 12.0-99.9-99.9-99.910.7 8710.7 40  8.0   4  3.222.0 4.0
5048519711001 32.5 10.4  0.009900  8.0-99.9-99.9-99.910.5 8511.2 40  8.6   6  4.821.8 4.1
5048519711002 22.0 12.3  0.009900  8.1-99.9-99.9-99.9 9.9 80 5.8 35 -0.7  27 21.621.0 6.7
5048519711003 17.3  3.9  0.009900  0.0-99.9-99.9-99.910.8 87 4.3 32 -4.7   9  7.222.5 3.5
5048519711004 15.2  6.2  0.009900  3.0-99.9-99.9-99.9 4.1 33 7.1 54  2.1  14 11.212.4 3.0
5048519711005 19.0  2.2  0.009900 -0.7-99.9-99.9-99.910.0 80 6.7 44  1.3   7  5.621.5 3.1
5048519711006 21.0  6.3  0.009900  4.6-99.9-99.9-99.9 7.8 62 7.5 48  2.9   4  3.218.2 3.0
5048519711007 19.5  7.1  0.009900  4.8-99.9-99.9-99.910.5 84 7.7 47  3.2  24 19.222.4 5.0
5048519711008 18.0  3.3  0.009900  1.4-99.9-99.9-99.9 8.0 63 8.9 66  5.3   6  4.818.7 2.6
5048519711009 22.0  3.0  0.009900  1.0-99.9-99.9-99.910.7 85 8.6 54  4.8   6  4.823.0 3.3
5048519711010 18.6 10.3  0.009900  8.4-99.9-99.9-99.910.0 79 6.4 41  0.6   7  5.622.0 3.7
5048519711011 20.7  3.2  0.009900  0.2-99.9-99.9-99.911.1 87 6.8 44  1.5   4  3.223.8 3.3
5048519711012 23.4  3.5  0.009900 -0.4-99.9-99.9-99.911.0 86 6.7 37  1.3   4  3.223.7 3.4
5048519711013 27.8  5.5  0.009900  3.5-99.9-99.9-99.911.0 86 7.6 35  3.0   6  4.823.8 4.0
5048519711014 30.7  7.0  0.009900  5.1-99.9-99.9-99.910.8 84 9.6 40  6.4   6  4.823.6 4.3
5048519711015 24.4 13.2  0.009900 12.0-99.9-99.9-99.9 9.1 71 7.0 34  1.9   8  6.421.0 4.4
5048519711016 28.5  7.6  0.009900  6.0-99.9-99.9-99.910.8 84 8.5 36  4.6   6  4.823.8 4.2
5048519711017 33.0 11.6  0.009900  9.0-99.9-99.9-99.910.2 7911.6 38  9.2   2  1.622.9 4.2
5048519711018 33.8 13.8  0.009900 12.5-99.9-99.9-99.9 7.4 5710.3 34  7.4   7  5.618.5 4.6
5048519711019 31.2 11.8  0.009900 10.0-99.9-99.9-99.9-9.9 9914.1 49 12.1   2  1.6-9.9-9.9
5048519711020 26.4 17.0  0.009900 16.8-99.9-99.9-99.9 7.0 5413.0 51 10.9  11  8.818.0 4.6
5048519711021 30.0 16.0  0.009900 15.0-99.9-99.9-99.9 9.6 7415.5 55 13.5   2  1.622.3 4.3
5048519711022 25.0 16.7  0.009900 16.5-99.9-99.9-99.9 6.4 4911.1 47  8.5  11  8.817.2 4.6
5048519711023 25.6 14.1  0.009900 13.6-99.9-99.9-99.9 1.8 1412.0 52  9.7   5  4.0 9.8 3.0
5048519711024 29.6 10.3  0.009900  8.3-99.9-99.9-99.911.7 8911.1 43  8.5   4  3.225.9 4.5
5048519711025 31.2 10.0  0.009900  8.4-99.9-99.9-99.911.7 8910.5 39  7.7   6  4.826.0 4.9
5048519711026 32.7  8.8  0.009900  7.0-99.9-99.9-99.911.7 8910.9 38  8.2   3  2.426.1 4.6
5048519711027 32.5 11.4  0.009900  9.0-99.9-99.9-99.911.8 8912.8 43 10.6   6  4.826.3 5.1
5048519711028 34.6 14.2  0.009900 11.5-99.9-99.9-99.910.7 8110.6 30  7.8   7  5.624.6 5.4
5048519711029 31.3 15.7  0.009900 13.0-99.9-99.9-99.910.7 8111.7 38  9.3   8  6.424.7 5.5
5048519711030 25.7 13.3  0.009900 14.0-99.9-99.9-99.9 8.3 6213.3 56 11.2  12  9.620.8 4.7
5048519711031 31.2 11.9  0.009900  9.6-99.9-99.9-99.911.6 8713.6 50 11.5   1  0.826.3 4.6
5048519711101 32.5 16.2 17.519910 15.5-99.9-99.9-99.911.7 8713.4 52 11.3  19 15.226.6 7.3
5048519711102 28.5 14.3  0.009900 10.0-99.9-99.9-99.912.1 9014.5 54 12.5   4  3.227.3 5.0
5048519711103 25.3 12.4  0.009900 10.9-99.9-99.9-99.9 9.7 72 9.1 38  5.6  19 15.223.4 6.2
5048519711104 29.2  7.6  0.009900  5.0-99.9-99.9-99.911.8 8810.1 42  7.1   4  3.226.9 4.6
5048519711105 31.2 10.1  0.009900  8.4-99.9-99.9-99.911.0 81 9.6 35  6.4  14 11.225.7 6.1
5048519711106 27.6  7.2  0.009900  5.1-99.9-99.9-99.911.2 83 7.3 32  2.5   2  1.626.1 4.2
5048519711107 31.7 10.3  0.009900  8.9-99.9-99.9-99.911.2 8310.2 34  7.3   2  1.626.1 4.6
5048519711108 29.3 15.4  0.009900 14.0-99.9-99.9-99.911.9 88 9.1 31  5.6  30 24.027.4 9.1
5048519711109 32.0 11.7  0.009900  9.1-99.9-99.9-99.911.6 8511.4 38  8.9   8  6.426.9 5.6
5048519711110 31.7 16.3  0.009900 14.9-99.9-99.9-99.911.3 8312.6 41 10.4  18 14.426.5 7.3
5048519711111 29.8 13.7  0.009900 12.5-99.9-99.9-99.912.1 8812.2 43  9.9  24 19.227.9 7.6
5048519711112 31.2 14.6  0.009900 11.5-99.9-99.9-99.912.2 8912.7 40 10.5   2  1.628.1 5.2
5048519711113 32.6 14.0  0.009900 12.0-99.9-99.9-99.912.1 8812.9 39 10.7   5  4.028.0 5.6
5048519711114 36.2 17.0  0.009900 15.2-99.9-99.9-99.911.1 8116.0 43 14.0   1  0.826.4 5.4
5048519711115 30.0 18.7  0.009900 17.3-99.9-99.9-99.911.8 8610.5 37  7.7  20 16.027.6 8.0
5048519711116 34.6 13.7  0.009900 12.3-99.9-99.9-99.911.8 85 9.8 27  6.7   6  4.827.6 5.8
5048519711117 29.0 13.3  0.009900 12.0-99.9-99.9-99.911.5 83 8.4 31  4.5   9  7.227.2 5.9
5048519711118 26.7 11.6  0.009900  9.6-99.9-99.9-99.9 9.7 70 8.1 35  3.9  16 12.824.2 6.2
5048519711119 32.2  9.3  0.009900  8.5-99.9-99.9-99.911.9 8611.2 37  8.6   1  0.827.9 4.9
5048519711120 34.1 12.3  0.009900 10.5-99.9-99.9-99.911.1 8011.5 34  9.0   4  3.226.6 5.4
5048519711121 34.3 13.2  0.009900 11.7-99.9-99.9-99.911.3 8112.4 36 10.1   2  1.627.0 5.2
5048519711122 36.0 13.2  0.009900 13.0-99.9-99.9-99.912.0 8612.9 35 10.7   4  3.228.2 5.8
5048519711123 30.2 19.7  0.009900 17.5-99.9-99.9-99.912.0 86 9.1 29  5.6  24 19.228.3 9.1
5048519711124 26.3 14.3  0.009900 11.2-99.9-99.9-99.912.5 89 8.3 34  4.3  26 20.829.2 8.4
5048519711125 28.2 10.3  0.009900  7.8-99.9-99.9-99.912.5 89 9.1 34  5.6   9  7.229.2 5.8
5048519711126 32.7 10.0  0.009900  8.8-99.9-99.9-99.912.3 8813.8 41 11.8   9  7.228.9 6.0
5048519711127 34.0 16.1  0.619900 15.2-99.9-99.9-99.910.8 7715.0 43 13.0   6  4.826.4 5.9
5048519711128 31.0 17.5  0.009900 15.8-99.9-99.9-99.9 9.3 6612.7 41 10.5   4  3.223.8 5.2
5048519711129 32.3 14.1  0.009900 12.0-99.9-99.9-99.911.2 8012.5 39 10.3   4  3.227.1 5.5
5048519711130 34.3 15.1  0.009900 13.5-99.9-99.9-99.912.4 8812.4 36 10.1  11  8.829.2 7.0
5048519711201 35.3 14.1  0.009900 12.1-99.9-99.9-99.911.3 8013.6 37 11.5   9  7.227.3 6.4
5048519711202 33.5 17.7  0.009900 15.9-99.9-99.9-99.912.0 85 9.8 27  6.7  11  8.828.6 7.1
5048519711203 25.0 12.0  0.009900  9.2-99.9-99.9-99.9 8.2 58 6.5 29  0.9  13 10.422.1 5.8
5048519711204 22.0  3.4  0.009900  1.4-99.9-99.9-99.911.8 83 6.7 37  1.3   1  0.828.3 4.1
5048519711205 29.2  5.2  0.009900  5.0-99.9-99.9-99.911.0 78 9.1 36  5.6   2  1.626.9 4.5
5048519711206 27.2 11.2  0.009900  9.5-99.9-99.9-99.912.0 85 9.9 38  6.8  12  9.628.7 6.1
5048519711207 32.2 10.3  0.009900  8.5-99.9-99.9-99.912.3 8711.3 38  8.8   4  3.229.2 5.5
5048519711208 36.4 13.1  0.009900 12.0-99.9-99.9-99.911.7 8211.4 31  8.9   2  1.628.2 5.6
5048519711209 34.3 17.0  0.009900 13.0-99.9-99.9-99.912.4 8712.4 35 10.1   6  4.829.4 6.4
5048519711210 34.0 15.8  0.009900 13.0-99.9-99.9-99.9 8.7 6113.2 37 11.1   9  7.223.1 6.0
5048519711211 35.0 15.0  0.009900 13.4-99.9-99.9-99.910.9 7612.4 31 10.1   6  4.826.9 6.0
5048519711212 39.1 16.3  0.009900 13.0-99.9-99.9-99.912.2 86 9.4 24  6.1  12  9.629.1 7.7
5048519711213 31.0 14.7  0.009900 13.4-99.9-99.9-99.911.7 82 9.2 39  5.8   9  7.228.3 6.4
5048519711214 31.4  9.3  0.009900  7.2-99.9-99.9-99.911.8 8310.4 36  7.5   4  3.228.5 5.4
5048519711215 37.1 12.2  0.009900 10.3-99.9-99.9-99.912.3 8616.5 45 14.5   4  3.229.3 6.1
5048519711216 37.1 17.7  0.009900 16.0-99.9-99.9-99.912.3 8613.5 33 11.4  16 12.829.4 8.3
5048519711217 38.7 18.4  0.009900 14.5-99.9-99.9-99.9 6.3 44 8.7 21  5.0   7  5.619.0 5.8
5048519711218 39.0 12.8  0.009900 18.2-99.9-99.9-99.912.3 86 6.9 16  1.7   6  4.829.4 6.3
5048519711219 34.6 18.8  0.009900 15.0-99.9-99.9-99.912.3 8611.7 33  9.3   2  1.629.4 5.9
5048519711220 27.2 12.2  0.009900  8.9-99.9-99.9-99.9 9.7 6811.0 38  8.4  28 22.424.9 7.5
5048519711221 23.8  7.3  0.009900  5.7-99.9-99.9-99.911.8 83 6.9 36  1.7   4  3.228.5 4.8
5048519711222 29.3  5.7  0.009900  3.9-99.9-99.9-99.912.0 84 8.7 33  5.0   4  3.228.9 5.1
5048519711223 34.0 10.6  0.009900 10.6-99.9-99.9-99.912.0 8410.9 34  8.2   0  0.028.9 5.1
5048519711224 38.5 13.2  0.009900 12.6-99.9-99.9-99.911.9 8314.3 36 12.3   4  3.228.7 6.2
5048519711225 38.3 14.4  0.009900 12.0-99.9-99.9-99.911.6 8112.8 32 10.6   0  0.028.2 5.5
5048519711226 34.0 17.9  0.009900 15.6-99.9-99.9-99.911.8 8312.5 34 10.3   6  4.828.5 6.4
5048519711227 32.5 19.5  0.009900 16.5-99.9-99.9-99.912.1 8513.2 38 11.1  19 15.229.0 8.4
5048519711228 37.3 18.5  0.319900 16.5-99.9-99.9-99.911.8 8316.9 39 14.9   2  1.628.5 6.2
5048519711229 32.6 22.2  0.009900 18.5-99.9-99.9-99.912.0 8413.4 36 11.3   8  6.428.9 7.0
5048519711230 30.0 20.0  0.009900 20.0-99.9-99.9-99.912.1 8515.5 48 13.5   6  4.829.0 6.3
5048519711231 32.5 20.0  1.019900 18.5-99.9-99.9-99.911.6 8123.1 61 19.8   6  4.828.2 6.3
5048519720101 35.7 21.3  3.019900 19.4-99.9-99.9-99.912.0 8424.1 66 20.5  14 11.228.8 7.7
5048519720102 31.4 21.5  4.519900 20.0-99.9-99.9-99.9 8.2 5823.2 68 19.9   6  4.822.3 5.4
5048519720103 29.0 16.0  0.719900 13.0-99.9-99.9-99.9 5.6 3916.6 70 14.6   8  6.417.7 4.5
5048519720104 28.0 20.0  0.009900 19.5-99.9-99.9-99.9 6.3 4419.8 69 17.3  27 21.618.9 6.2
5048519720105 28.3 15.0  0.009900 13.5-99.9-99.9-99.910.1 7113.7 52 11.6   4  3.225.5 5.1
5048519720106 30.0 18.6  0.009900 17.0-99.9-99.9-99.9 8.0 5615.7 57 13.7   1  0.821.9 4.6
5048519720107 32.3 12.7  0.009900 11.0-99.9-99.9-99.912.3 8713.5 44 11.4   3  2.429.3 5.6
5048519720108 34.7 13.8  0.009900 12.1-99.9-99.9-99.912.0 8516.2 45 14.2   3  2.428.7 5.8
5048519720109 36.2 18.7  0.009900 15.8-99.9-99.9-99.911.3 8015.7 46 13.7   2  1.627.5 5.9
5048519720110 38.3 17.8  0.009900 15.5-99.9-99.9-99.911.1 7915.8 39 13.8   2  1.627.1 5.9
5048519720111 35.0 19.5  0.009900 18.5-99.9-99.9-99.910.4 7412.4 30 10.1  24 19.225.9 9.1
5048519720112 32.7 19.0  0.009900 17.0-99.9-99.9-99.912.3 8711.0 34  8.4  14 11.229.2 7.7
5048519720113 36.3 13.0  0.009900 12.0-99.9-99.9-99.912.3 8715.8 41 13.8   2  1.629.1 5.8
5048519720114 36.2 20.3  3.619900 19.0-99.9-99.9-99.912.1 8616.3 39 14.3   4  3.228.8 6.4
5048519720115 32.0 19.8  0.009900 17.0-99.9-99.9-99.9 9.4 6718.8 57 16.5   2  1.624.1 5.2
5048519720116 33.6 19.3  0.009900 18.0-99.9-99.9-99.9 9.2 6620.4 59 17.8   3  2.423.7 5.4
5048519720117 37.0 17.1  0.009900 16.0-99.9-99.9-99.9-9.9 9917.2 43 15.1  11  8.8-9.9-9.9
5048519720118 35.4 20.2  0.009900 17.5-99.9-99.9-99.9 9.0 6417.3 45 15.2   1  0.823.3 5.2
5048519720119 32.0 18.2  0.009900 16.5-99.9-99.9-99.910.6 7617.2 51 15.1   4  3.226.0 5.6
5048519720120 36.3 15.8  0.009900 13.2-99.9-99.9-99.910.3 7416.5 45 14.5   6  4.825.5 5.9
5048519720121 37.3 18.3  0.009900 15.7-99.9-99.9-99.9 7.7 5517.8 43 15.7   4  3.221.0 5.2
5048519720122 33.5 20.2  0.009900 18.0-99.9-99.9-99.910.5 7618.1 49 15.9   2  1.625.8 5.6
5048519720123 35.4 18.2  0.009900 16.0-99.9-99.9-99.911.8 8519.8 52 17.3   1  0.828.0 5.8
5048519720124 37.2 19.0  0.009900 17.1-99.9-99.9-99.912.3 8916.5 41 14.5   7  5.628.8 6.8
5048519720125 34.2 19.5  0.009900 18.5-99.9-99.9-99.911.4 8321.5 55 18.7   1  0.827.2 5.7
5048519720126 28.7 18.3  0.009900 17.5-99.9-99.9-99.912.0 8717.0 60 15.0  12  9.628.2 6.4
5048519720127 27.7 14.6  0.009900 12.1-99.9-99.9-99.9-9.9 9914.1 50 12.1   8  6.4-9.9-9.9
5048519720128 33.2 11.7  0.009900  9.8-99.9-99.9-99.910.8 7913.0 40 10.9  11  8.826.0 6.0
5048519720129 32.5 14.7  0.009900 12.9-99.9-99.9-99.910.8 7914.5 44 12.5   2  1.626.0 5.1
5048519720130 36.2 14.2  0.009900 12.5-99.9-99.9-99.911.9 8716.4 42 14.4   4  3.227.8 5.8
5048519720131 35.2 18.2  0.009900 16.2-99.9-99.9-99.9-9.9 9913.5 41 11.4  21 16.8-9.9-9.9
5048519720201 27.0 10.4  0.009900  8.5-99.9-99.9-99.911.6 8510.2 43  7.3   4  3.227.2 4.8
5048519720202 34.0 10.3  0.009900  8.5-99.9-99.9-99.911.5 8511.4 38  8.9   4  3.227.0 5.2
5048519720203 37.3 14.1  0.009900 12.0-99.9-99.9-99.911.5 8513.9 39 11.9   2  1.626.9 5.4
5048519720204 40.0 15.3  0.009900 13.0-99.9-99.9-99.911.7 8614.4 35 12.4   4  3.227.2 5.9
5048519720205 34.0 18.6  0.009900 16.3-99.9-99.9-99.911.7 8714.1 39 12.1  12  9.627.1 6.9
5048519720206 28.7 18.4  0.009900 15.9-99.9-99.9-99.911.3 84 8.4 29  4.5  21 16.826.4 8.0
5048519720207 31.0 14.0  0.009900 11.5-99.9-99.9-99.911.8 8814.1 48 12.1   2  1.627.2 5.0
5048519720208 34.2 15.7  0.009900 13.5-99.9-99.9-99.911.3 8417.0 52 15.0   4  3.226.3 5.4
5048519720209 30.5 16.2  0.009900 16.4-99.9-99.9-99.9-9.9 9911.8 39  9.4   6  4.8-9.9-9.9
5048519720210 34.0 11.6  0.009900  9.5-99.9-99.9-99.912.1 9111.4 37  8.9   4  3.227.5 5.2
5048519720211 31.2 17.3  0.009900 13.8-99.9-99.9-99.911.9 8910.4 35  7.5  13 10.427.1 6.7
5048519720212 30.2 16.3  0.009900 14.0-99.9-99.9-99.911.9 8913.1 44 11.0   8  6.427.0 5.7
5048519720213 30.0 15.7  0.009900 13.0-99.9-99.9-99.911.5 8711.7 38  9.3  13 10.426.2 6.2
5048519720214 25.2 16.7  0.009900 15.5-99.9-99.9-99.9 2.7 2016.5 73 14.5   6  4.811.6 3.0
5048519720215 31.9 13.7  0.009900 11.8-99.9-99.9-99.910.6 8019.2 66 16.9   2  1.624.6 4.6
5048519720216 31.0 17.4  0.009900 15.5-99.9-99.9-99.910.7 8116.3 51 14.3   7  5.624.7 5.3
5048519720217 33.7 16.3  2.019900 14.5-99.9-99.9-99.9 9.4 7217.0 57 15.0   2  1.622.5 4.6
5048519720218 31.2 15.4  0.009900 11.3-99.9-99.9-99.911.4 8714.7 51 12.7   2  1.625.7 4.8
5048519720219 33.7 15.6  0.009900 12.8-99.9-99.9-99.9 8.5 6516.6 48 14.6   2  1.620.9 4.3
5048519720220 30.5 16.8  2.019900 14.6-99.9-99.9-99.910.7 8215.5 47 13.5   7  5.624.4 5.2
5048519720221 27.3 16.2  0.009900 14.5-99.9-99.9-99.911.4 8815.3 57 13.3  11  8.825.4 5.3
5048519720222 24.6 16.7  0.009900 14.7-99.9-99.9-99.9 4.6 3517.0 73 15.0   4  3.214.3 3.1
5048519720223 27.3 13.0  0.009900 10.9-99.9-99.9-99.9 7.2 5618.8 76 16.5   2  1.618.5 3.3
5048519720224 28.2 14.4  0.009900 12.5-99.9-99.9-99.9 8.5 6616.5 67 14.5   4  3.220.5 4.0
5048519720225 29.8 12.3  0.009900 10.4-99.9-99.9-99.911.0 8517.5 65 15.4   2  1.624.4 4.2
5048519720226 33.3 15.0  0.009900 13.1-99.9-99.9-99.911.0 8617.6 55 15.5   1  0.824.3 4.5
5048519720227 35.0 16.5  0.009900 14.4-99.9-99.9-99.911.2 8718.6 53 16.4   1  0.824.6 4.7
5048519720228 36.3 17.3  0.009900 16.0-99.9-99.9-99.9 8.5 6718.8 51 16.5   4  3.220.2 4.6
5048519720229 36.0 19.0  0.009900 16.6-99.9-99.9-99.910.7 8417.3 46 15.2   6  4.823.6 5.4
5048519720301 35.0 17.0  0.009900 15.1-99.9-99.9-99.9 8.7 6816.4 49 14.4   2  1.620.3 4.3
5048519720302 26.0 15.6  0.009900 14.6-99.9-99.9-99.910.8 85 7.9 39  3.6  13 10.423.5 5.5
5048519720303 26.0  8.6  0.009900  5.7-99.9-99.9-99.910.7 8510.1 49  7.1   4  3.223.3 3.8
5048519720304 29.7  8.7  0.009900  6.1-99.9-99.9-99.911.0 8712.0 48  9.7   2  1.623.6 3.8
5048519720305 32.1 12.5  0.009900 10.7-99.9-99.9-99.910.8 8617.1 59 15.0   2  1.623.2 4.1
5048519720306 28.3 16.0  0.009900 14.6-99.9-99.9-99.9 9.5 7611.3 39  8.8   7  5.621.1 4.4
5048519720307 21.9 12.8  0.009900 14.1-99.9-99.9-99.9 4.5 3613.2 72 11.1  11  8.813.3 3.1
5048519720308 21.8 11.7  0.009900 12.6-99.9-99.9-99.910.2 8212.6 76 10.4   1  0.822.0 3.2
5048519720309 25.4  7.2  0.009900  6.3-99.9-99.9-99.910.8 8711.4 58  8.9   3  2.422.8 3.4
5048519720310 27.5 11.6  0.009900  9.0-99.9-99.9-99.9 6.8 5513.0 53 10.9   2  1.616.6 3.0
5048519720311 30.0 12.0  0.009900  9.8-99.9-99.9-99.9 9.4 7614.4 61 12.4   2  1.620.4 3.5
5048519720312 28.0 13.0  0.009900 11.0-99.9-99.9-99.910.2 8315.7 66 13.7   3  2.421.6 3.6
5048519720313 25.0 15.3  0.009900 14.0-99.9-99.9-99.910.5 8516.6 65 14.6   4  3.221.9 3.7
5048519720314 28.0 14.2  0.009900 12.0-99.9-99.9-99.910.4 8518.1 73 15.9   2  1.621.6 3.6
5048519720315 29.5 13.9 39.519900 11.2-99.9-99.9-99.9 9.4 7718.3 71 16.1   1  0.820.0 3.4
5048519720316 29.3 16.2  0.009900 14.3-99.9-99.9-99.910.6 8720.4 75 17.8   4  3.221.7 3.9
5048519720317 23.0 17.3  0.009900 16.0-99.9-99.9-99.9 4.4 3616.9 75 14.9   6  4.812.4 2.7
5048519720318 28.7 12.2  0.009900 10.0-99.9-99.9-99.910.6 8718.4 74 16.2   1  0.821.5 3.4
5048519720319 31.4 13.4  0.009900 11.0-99.9-99.9-99.910.5 8718.8 68 16.5   1  0.821.2 3.6
5048519720320 28.3 14.3  0.009900 12.0-99.9-99.9-99.9 9.0 7517.6 67 15.5   4  3.218.9 3.4
5048519720321 32.3 13.6  0.009900 11.7-99.9-99.9-99.910.0 8317.7 58 15.6   2  1.620.2 3.6
5048519720322 27.5 14.0  0.009900 11.4-99.9-99.9-99.910.2 8515.3 62 13.3   2  1.620.4 3.3
5048519720323 20.7 15.2  0.009900 14.5-99.9-99.9-99.9 2.2 1811.5 61  9.0   9  7.2 8.8 2.7
5048519720324 17.3 11.7  0.009900 11.6-99.9-99.9-99.9 5.3 44 8.9 58  5.3   6  4.813.2 2.5
5048519720325 15.8  9.0  0.009900  7.3-99.9-99.9-99.9 1.0  8 7.3 59  2.5   0  0.0 7.0 1.6
5048519720326 17.5  6.0  0.009900  3.2-99.9-99.9-99.9 2.3 19 8.7 59  5.0   4  3.2 8.7 1.8
5048519720327 17.5  3.6  0.009900  1.0-99.9-99.9-99.9 2.0 1710.2 68  7.3   1  0.8 8.3 1.3
5048519720328 20.9 10.1  0.009900  9.9-99.9-99.9-99.9 6.0 5110.8 62  8.1   2  1.613.8 2.2
5048519720329 25.1  6.6  0.009900  4.6-99.9-99.9-99.9 8.2 7010.9 62  8.2   0  0.016.8 2.2
5048519720330 27.1  6.8  0.009900  4.3-99.9-99.9-99.910.0 8512.4 65 10.1   2  1.619.2 2.6
5048519720331 25.4  8.7  0.009900  6.3-99.9-99.9-99.910.2 8710.5 54  7.7   2  1.619.3 2.6
5048519720401 28.7  9.6  0.009900  7.6-99.9-99.9-99.910.3 8813.2 61 11.1   1  0.819.3 2.7
5048519720402 29.0 11.0  0.009900  8.5-99.9-99.9-99.910.2 8814.6 63 12.6   2  1.619.1 2.8
5048519720403 24.2 11.8  0.009900 10.7-99.9-99.9-99.9 7.5 6510.2 45  7.3  13 10.415.3 3.5
5048519720404 27.3  9.5  0.009900  8.0-99.9-99.9-99.910.0 8712.7 60 10.5   4  3.218.6 2.7
5048519720405 30.5 10.7  0.009900  8.5-99.9-99.9-99.910.0 8714.3 60 12.3   2  1.618.4 2.8
5048519720406 31.0 12.3  0.009900 10.2-99.9-99.9-99.9 9.4 8216.8 67 14.8   2  1.617.5 2.8
5048519720407 20.2 10.0  2.019900 12.3-99.9-99.9-99.910.0 8710.2 62  7.3  19 15.218.2 3.5
5048519720408 19.3  8.0  0.009900  7.6-99.9-99.9-99.9 0.0  012.4 80 10.1   2  1.6 4.9 1.2
5048519720409 23.5  5.8  0.009900  4.6-99.9-99.9-99.9 9.7 8512.5 74 10.3   2  1.617.6 2.0
5048519720410 26.0  6.7  0.009900  5.0-99.9-99.9-99.9-9.9 9912.3 67 10.0   6  4.8-9.9-9.9
5048519720411 26.5  9.3  0.009900  8.1-99.9-99.9-99.910.3 9112.5 62 10.3   2  1.618.1 2.3
5048519720412 27.3 10.3  0.009900  8.6-99.9-99.9-99.910.2 9014.1 70 12.1   2  1.617.9 2.4
5048519720413 19.8 11.0  0.009900  5.4-99.9-99.9-99.910.0 8912.2 69  9.9   1  0.817.5 1.9
5048519720414 17.5  7.9  0.009900  5.6-99.9-99.9-99.910.2 91 9.1 70  5.6   2  1.617.6 1.8
5048519720415 23.3  3.0  0.009900  1.0-99.9-99.9-99.910.2 91 8.9 64  5.3   2  1.617.5 1.8
5048519720416 22.0  3.3  0.009900  0.9-99.9-99.9-99.910.2 91 9.8 63  6.7   2  1.617.4 1.7
5048519720417 24.8  5.6  0.009900  3.7-99.9-99.9-99.910.0 9010.3 64  7.4   7  5.617.0 2.3
5048519720418 23.8  6.8  0.009900  4.2-99.9-99.9-99.9 9.9 8911.6 69  9.2   4  3.216.8 2.0
5048519720419 26.0  7.7  0.009900  5.0-99.9-99.9-99.9 8.8 8012.2 69  9.9   2  1.615.3 1.9
5048519720420 26.3 11.7  0.009900  7.8-99.9-99.9-99.9 8.8 8011.4 56  8.9   4  3.215.2 2.3
5048519720421 21.5  9.0  0.009900 12.8-99.9-99.9-99.9 5.3 4813.4 72 11.3   7  5.610.8 1.6
5048519720422 24.8  7.6  0.009900  5.4-99.9-99.9-99.9 9.6 8712.2 72  9.9   1  0.815.9 1.7
5048519720423 16.4  6.8  1.019900  6.2-99.9-99.9-99.9 5.8 53 8.1 58  3.9  18 14.411.3 2.5
5048519720424 10.1  6.8 11.019900  6.0-99.9-99.9-99.9 0.0  0 9.7 87  6.5  10  8.0 4.3 0.9
5048519720425 15.0  5.3  0.009900  5.4-99.9-99.9-99.9 6.1 5610.4 88  7.5   1  0.811.4 1.0
5048519720426 19.5  5.9  0.009900  3.2-99.9-99.9-99.9 9.2 8510.1 75  7.1   2  1.615.0 1.4
5048519720427 18.7  2.9  0.009900  0.7-99.9-99.9-99.9 9.6 89 9.5 78  6.2   4  3.215.4 1.3
5048519720428 21.4  3.7  0.009900  1.5-99.9-99.9-99.9 9.5 8810.0 75  7.0   4  3.215.2 1.4
5048519720429 22.3  4.4  0.009900  2.0-99.9-99.9-99.9 9.5 8810.4 70  7.5   2  1.615.0 1.4
5048519720430 23.0  3.8  0.009900  1.6-99.9-99.9-99.9 9.4 8811.1 73  8.5   4  3.214.8 1.4
5048519720501 23.3  5.4  0.009900-99.9-99.9-99.9-99.9 9.4 8811.4 74  8.9   4  3.214.7 1.5
5048519720502 24.4  5.3  0.009900-99.9-99.9-99.9-99.9 9.4 8812.1 76  9.8   4  3.214.6 1.5
5048519720503 13.0  6.5  0.009900-99.9-99.9-99.9-99.9 0.0  0 9.5 72  6.2   9  7.2 3.9 1.1
5048519720504 15.0  2.7  0.009900-99.9-99.9-99.9-99.9 4.6 43 7.4 70  2.7   2  1.6 9.0 1.0
5048519720505 17.0  0.8  0.009900-99.9-99.9-99.9-99.9 5.2 49 7.4 72  2.7   2  1.6 9.6 1.0
5048519720506 19.0  4.6  0.009900-99.9-99.9-99.9-99.9 7.3 6910.1 72  7.1   1  0.811.9 1.0
5048519720507 20.7  7.6  0.009900-99.9-99.9-99.9-99.9 4.1 3911.1 75  8.5   1  0.8 8.3 1.1
5048519720508 13.6  7.3  0.009900-99.9-99.9-99.9-99.9 0.0  010.8 84  8.1   8  6.4 3.8 0.9
5048519720509 13.7  5.1  0.009900-99.9-99.9-99.9-99.9 0.0  0 8.8 71  5.1   4  3.2 3.7 1.0
5048519720510 18.3  2.7  0.009900-99.9-99.9-99.9-99.9 5.8 5510.4 80  7.5   6  4.810.0 0.9
5048519720511 20.2  5.4  0.009900-99.9-99.9-99.9-99.9 8.4 8010.7 77  8.0   2  1.612.7 1.0
5048519720512 21.7  5.3  0.009900-99.9-99.9-99.9-99.9 9.0 8612.7 81 10.5   4  3.213.3 1.0
5048519720513 22.8  6.8  0.009900-99.9-99.9-99.9-99.9 5.4 5212.7 75 10.5   1  0.8 9.3 1.0
5048519720514 24.7  9.5  0.009900-99.9-99.9-99.9-99.9 8.8 8512.8 75 10.6   2  1.612.9 1.3
5048519720515 22.3 11.2  0.009900-99.9-99.9-99.9-99.9 8.3 8013.4 72 11.3   6  4.812.3 1.4
5048519720516 21.5 10.0  0.009900-99.9-99.9-99.9-99.9 8.0 7712.2 67  9.9   7  5.611.9 1.4
5048519720517 14.1 10.6  0.009900-99.9-99.9-99.9-99.9 0.0  0 8.2 60  4.1   4  3.2 3.5 1.3
5048519720518 13.0  8.0  0.009900-99.9-99.9-99.9-99.9 0.0  0 7.5 60  2.9   6  4.8 3.5 1.4
5048519720519 16.6  8.4  0.009900-99.9-99.9-99.9-99.9 2.0 19 9.5 68  6.2   1  0.8 5.5 1.0
5048519720520 19.3  5.2  0.009900-99.9-99.9-99.9-99.9 6.8 66 8.6 63  4.8   1  0.810.4 0.9
5048519720521 17.5  4.0  0.009900-99.9-99.9-99.9-99.9 8.6 84 9.3 72  5.9   2  1.612.2 0.7
5048519720522 17.7  1.5  0.009900-99.9-99.9-99.9-99.9 7.4 73 8.9 76  5.3   4  3.210.9 0.7
5048519720523 19.8  5.7  0.009900-99.9-99.9-99.9-99.9 8.4 82 9.9 70  6.8   4  3.211.8 0.9
5048519720524 17.7  3.6  0.009900-99.9-99.9-99.9-99.9 5.6 55 9.2 79  5.8   4  3.2 9.0 0.8
5048519720525 19.4  2.5  0.009900-99.9-99.9-99.9-99.9 7.8 77 8.7 71  5.0   1  0.811.1 0.7
5048519720526 17.6  3.1  0.009900-99.9-99.9-99.9-99.9 2.6 26 8.9 71  5.3   4  3.2 5.9 0.9
5048519720527 18.1  3.0  0.009900-99.9-99.9-99.9-99.9 6.5 6410.0 79  7.0   1  0.8 9.7 0.6
5048519720528 21.3  5.3  0.009900-99.9-99.9-99.9-99.9 3.0 3010.4 76  7.5   1  0.8 6.2 0.9
5048519720529 18.4  6.5  0.009900-99.9-99.9-99.9-99.9 6.2 6111.0 76  8.4   2  1.6 9.3 0.7
5048519720530 24.4  2.8  0.009900-99.9-99.9-99.9-99.9 8.5 8410.3 77  7.4   7  5.611.6 1.1
5048519720531 24.7 12.4  0.009900-99.9-99.9-99.9-99.9 3.9 39 8.4 38  4.5   2  1.6 7.0 1.4
5048519720601 17.4  4.8  0.009900  2.5-99.9-99.9-99.9 8.1 81 5.5 44 -1.4  11  8.811.1 1.9
5048519720602 12.8 -1.4  0.009900 -3.8-99.9-99.9-99.9 7.7 77 3.9 56 -6.0   4  3.210.6 1.0
5048519720603 13.5 -2.3  0.009900 -4.3-99.9-99.9-99.9 8.4 84 6.0 66 -0.2   4  3.211.3 0.6
5048519720604 16.7 -1.1  0.009900 -4.1-99.9-99.9-99.9 8.3 83 5.9 59 -0.5   2  1.611.1 0.7
5048519720605 14.0  2.7  0.009900 -0.7-99.9-99.9-99.9 0.9  9 6.4 59  0.6   2  1.6 4.0 0.9
5048519720606 13.3  1.3  0.009900 -1.3-99.9-99.9-99.9 1.7 17 7.5 71  2.9   2  1.6 4.8 0.7
5048519720607 20.0  3.1  0.009900  0.7-99.9-99.9-99.9 8.3 83 7.9 61  3.6   2  1.611.0 0.7
5048519720608 14.7  2.9  0.009900 -0.4-99.9-99.9-99.9 5.4 54 9.2 80  5.8   6  4.8 8.3 0.6
5048519720609 11.0  7.0  0.009900  5.7-99.9-99.9-99.9 0.0  010.3 85  7.4   4  3.2 3.1 0.5
5048519720610  8.9  5.6  0.009900  5.0-99.9-99.9-99.9 0.0  0 8.7 86  5.0   4  3.2 3.1 0.6
5048519720611 10.0  5.1  0.009900  3.7-99.9-99.9-99.9 0.0  010.0 91  7.0   0  0.0 3.1 0.4
5048519720612 10.2  6.0  2.519900  4.0-99.9-99.9-99.9 0.0  010.5 95  7.7   1  0.8 3.1 0.4
5048519720613 12.5  3.8  0.009900  7.8-99.9-99.9-99.9 1.8 1810.2 87  7.3   1  0.8 4.8 0.4
5048519720614 17.0  2.8  0.009900  0.8-99.9-99.9-99.9 7.8 79 9.7 81  6.5   4  3.210.4 0.5
5048519720615 20.0  4.4  0.009900  2.1-99.9-99.9-99.9 8.5 86 8.6 68  4.8   6  4.811.1 1.0
5048519720616 22.3  3.9  0.009900  2.5-99.9-99.9-99.9 8.5 86 7.9 61  3.6   4  3.211.1 1.0
5048519720617 20.4  4.2  0.009900  1.0-99.9-99.9-99.9 8.5 86 7.3 57  2.5   4  3.211.1 1.1
5048519720618 19.9  2.0  0.009900 -2.0-99.9-99.9-99.9 8.3 84 4.4 44 -4.4   1  0.810.9 1.0
5048519720619 19.4  1.0  0.009900 -1.9-99.9-99.9-99.9 7.8 79 5.1 46 -2.5   6  4.810.4 1.4
5048519720620 21.8  2.7  0.009900 -1.3-99.9-99.9-99.9 8.0 81 5.1 42 -2.5   2  1.610.6 1.2
5048519720621 19.6  2.7  0.009900 -0.8-99.9-99.9-99.9 3.7 37 5.5 46 -1.4   2  1.6 6.5 1.0
5048519720622 23.3  2.8  0.009900 -0.2-99.9-99.9-99.9 5.0 50 6.3 46  0.4   2  1.6 7.8 1.1
5048519720623 20.0  3.1  0.009900  3.0-99.9-99.9-99.9 8.5 86 7.0 55  1.9   4  3.211.0 1.0
5048519720624 20.8  2.0  0.009900 -0.1-99.9-99.9-99.9 9.0 91 7.2 57  2.3   2  1.611.5 0.8
5048519720625 16.8  1.7  0.009900 -1.5-99.9-99.9-99.9 4.5 45 6.9 69  1.7  21 16.8 7.3 1.9
5048519720626 13.0 -1.0  0.009900 -5.0-99.9-99.9-99.9 7.7 77 5.2 59 -2.2   6  4.810.3 0.9
5048519720627 11.2 -1.2  0.009900 -3.3-99.9-99.9-99.9 7.5 75 5.1 59 -2.5   7  5.610.1 0.9
5048519720628  9.2 -0.8  0.009900 -2.7-99.9-99.9-99.9 2.7 27 5.6 66 -1.2   6  4.8 5.6 0.8
5048519720629  8.0 -1.0  2.019900 -3.2-99.9-99.9-99.9 0.0  0 6.0 71 -0.2   9  7.2 3.1 0.8
5048519720630  3.8  0.5  0.009900  0.6-99.9-99.9-99.9 0.0  0 6.3 91  0.4   9  7.2 3.1 0.5
5048519720701  6.4  0.0  0.009900  0.0-99.9-99.9-99.9 0.0  0 5.9 77 -0.5   0  0.0 3.1 0.5
5048519720702  9.6  2.0  0.009900  0.7-99.9-99.9-99.9 6.5 65 5.2 64 -2.2   0  0.0 9.3 0.5
5048519720703 10.7 -4.1  0.009900 -5.0-99.9-99.9-99.9 8.6 86 5.0 72 -2.7   2  1.611.3 0.5
5048519720704 11.7 -3.3  0.009900 -5.0-99.9-99.9-99.9 8.8 88 5.2 70 -2.2   4  3.211.5 0.6
5048519720705 14.7 -2.8  0.719900 -4.3-99.9-99.9-99.9 7.0 70 6.4 68  0.6   9  7.2 9.8 0.8
5048519720706  9.2  0.5  0.009900  4.0-99.9-99.9-99.9 1.0 10 7.5 89  2.9   4  3.2 4.1 0.5
5048519720707 12.8 -2.2  0.009900 -4.2-99.9-99.9-99.9 8.2 82 5.0 65 -2.7   4  3.211.1 0.7
5048519720708 16.3 -0.8  0.009900 -4.2-99.9-99.9-99.9 8.5 85 5.2 59 -2.2   4  3.211.4 0.9
5048519720709 15.5 -2.3  0.009900 -4.8-99.9-99.9-99.9 8.1 81 5.4 62 -1.7   4  3.211.0 0.8
5048519720710 18.4 -0.7  0.009900 -3.9-99.9-99.9-99.9 8.7 86 5.2 55 -2.2   4  3.211.7 1.0
5048519720711 20.2  1.2  0.009900 -1.8-99.9-99.9-99.9 8.7 86 5.5 51 -1.4   6  4.811.7 1.4
5048519720712 10.5  2.0  0.009900  1.3-99.9-99.9-99.9 4.8 48 5.6 59 -1.2   8  6.4 7.9 1.0
5048519720713 13.5 -2.7  0.009900 -4.7-99.9-99.9-99.9 8.7 86 5.1 61 -2.5   4  3.211.8 0.7
5048519720714 13.7 -3.2  0.009900 -6.3-99.9-99.9-99.9 8.4 83 5.1 65 -2.5   4  3.211.6 0.7
5048519720715 14.7  0.0  0.009900 -3.9-99.9-99.9-99.9 8.6 85 5.9 63 -0.5   4  3.211.8 0.8
5048519720716 14.5 -0.1  0.009900 -3.3-99.9-99.9-99.9 8.7 86 5.5 63 -1.4   2  1.612.0 0.7
5048519720717 14.3 -2.4  0.009900 -5.2-99.9-99.9-99.9 8.7 85 5.7 67 -1.0   6  4.812.0 0.8
5048519720718 15.5 -1.1  0.009900 -4.3-99.9-99.9-99.9 8.7 85 6.0 68 -0.2   2  1.612.1 0.6
5048519720719 18.4  1.7  0.519900 -0.6-99.9-99.9-99.9 8.7 85 7.1 64  2.1   2  1.612.2 0.7
5048519720720  8.3  2.3  2.019900  1.5-99.9-99.9-99.9 0.0  0 6.7 86  1.3  20 16.0 3.4 1.3
5048519720721 14.0 -2.8  0.009900 -5.2-99.9-99.9-99.9 7.9 77 5.6 69 -1.2   4  3.211.5 0.7
5048519720722 17.7 -1.0  0.009900 -4.5-99.9-99.9-99.9 8.9 87 5.3 61 -1.9   2  1.612.6 0.8
5048519720723 21.3 -1.1  0.009900 -5.0-99.9-99.9-99.9 8.8 85 6.6 56  1.1   4  3.212.5 1.0
5048519720724 20.3 -0.3  0.009900 -3.7-99.9-99.9-99.9 8.8 85 5.9 54 -0.5   2  1.612.6 0.9
5048519720725 19.5  2.0  0.009900 -1.3-99.9-99.9-99.9 8.8 85 6.4 54  0.6   2  1.612.7 0.9
5048519720726 19.0  2.6  0.009900 -4.4-99.9-99.9-99.9 8.3 80 6.2 55  0.2   4  3.212.2 1.1
5048519720727 23.0  4.5  0.009900  0.7-99.9-99.9-99.9 8.9 86 9.7 67  6.5   7  5.612.9 1.4
5048519720728 23.2  5.4  0.009900  3.3-99.9-99.9-99.9 8.9 85 9.6 54  6.4   9  7.213.0 1.6
5048519720729 20.8  5.0  0.009900  2.7-99.9-99.9-99.9 8.9 85 9.5 68  6.2   2  1.613.1 1.0
5048519720730 22.3  5.6  0.009900  3.4-99.9-99.9-99.9 8.1 7711.3 75  8.8   2  1.612.3 1.1
5048519720731 21.5  7.0  0.009900  4.8-99.9-99.9-99.9 4.5 4313.6 81 11.5   4  3.2 8.5 1.0
5048519720801 26.3  5.1  0.009900  3.5-99.9-99.9-99.9 6.2 59 7.9 52  3.6  29 23.210.4 4.3
5048519720802 11.8  1.4  0.009900  5.8-99.9-99.9-99.9 6.7 64 4.0 38 -5.7   9  7.211.0 1.6
5048519720803  8.5  1.5  0.009900  0.5-99.9-99.9-99.9 8.2 78 4.2 55 -5.0   6  4.812.7 1.2
5048519720804 13.0 -4.1  0.009900 -6.2-99.9-99.9-99.9 8.2 77 4.4 54 -4.4   2  1.612.8 0.9
5048519720805 11.3 -2.3  0.009900 -4.3-99.9-99.9-99.9 4.9 46 6.2 75  0.2   2  1.6 9.3 0.7
5048519720806 15.2  0.0  0.009900 -2.9-99.9-99.9-99.9 6.6 62 5.3 54 -1.9   2  1.611.2 1.1
5048519720807 21.4  2.2  0.009900  0.0-99.9-99.9-99.9 8.1 76 5.8 47 -0.7   6  4.813.0 1.7
5048519720808 21.7  2.1  0.009900 -1.0-99.9-99.9-99.9 8.7 81 6.1 46  0.0   4  3.213.7 1.5
5048519720809 23.7  4.9  0.009900  2.8-99.9-99.9-99.9 8.3 77 7.0 48  1.9   2  1.613.4 1.4
5048519720810 21.3  5.3  0.009900  3.0-99.9-99.9-99.9 8.5 79 8.2 58  4.1   2  1.613.7 1.4
5048519720811 21.0  5.0  0.009900  2.5-99.9-99.9-99.9 6.0 56 9.4 65  6.1   4  3.210.9 1.4
5048519720812 19.0  6.0  0.009900  3.6-99.9-99.9-99.9 7.9 7310.2 73  7.3   1  0.813.2 1.2
5048519720813 23.3  6.7  0.009900  5.2-99.9-99.9-99.9 8.6 7910.8 64  8.1   1  0.814.1 1.4
5048519720814 29.2  4.2  0.009900  2.0-99.9-99.9-99.9 5.0 46 5.6 44 -1.2  55 44.010.0 9.2
5048519720815 17.2  6.4  0.009900  8.5-99.9-99.9-99.9 9.4 86 7.1 48  2.1  12  9.615.2 2.2
5048519720816 18.0  2.4  0.009900  0.0-99.9-99.9-99.9 9.5 87 7.0 57  1.9   2  1.615.4 1.3
5048519720817 12.4  5.0  0.009900  4.2-99.9-99.9-99.9 3.7 34 6.7 58  1.3   9  7.2 8.7 1.6
5048519720818  9.6  2.0 16.019900  2.0-99.9-99.9-99.9 0.0  0 7.0 87  1.9  11  8.8 4.3 1.1
5048519720819  4.3  0.7  0.009901  0.0-99.9-99.9-99.9 0.0  0 6.2 84  0.2   4  3.2 4.3 0.7
5048519720820  8.7 -0.3  0.009900 -1.4-99.9-99.9-99.9 5.0 45 6.6 86  1.1   1  0.810.4 0.9
5048519720821 16.2 -0.7  0.009900 -2.3-99.9-99.9-99.9 9.7 88 7.0 71  1.9   2  1.616.2 1.3
5048519720822 17.3  0.6  0.009900 -1.7-99.9-99.9-99.9 9.6 86 7.0 63  1.9   6  4.816.2 1.6
5048519720823 20.8  2.2  0.009900  0.0-99.9-99.9-99.9 9.0 81 7.6 61  3.0   4  3.215.6 1.7
5048519720824 13.5  3.0 15.019900  0.7-99.9-99.9-99.9 7.0 63 5.9 48 -0.5  24 19.213.2 2.9
5048519720825  8.6  0.9  1.019901  0.5-99.9-99.9-99.9 0.0  0 6.6 91  1.1  19 15.2 4.6 1.4
5048519720826  8.3  1.0  0.009901  0.2-99.9-99.9-99.9 0.0  0 7.6 89  3.0   2  1.6 4.6 0.7
5048519720827 14.5  0.2  0.009900 -1.7-99.9-99.9-99.9 9.8 87 6.5 64  0.9   2  1.617.0 1.4
5048519720828 13.3  1.0  0.009900 -1.0-99.9-99.9-99.9 6.5 58 7.1 74  2.1  25 20.012.9 2.3
5048519720829 10.4 -0.7  0.009900 -1.9-99.9-99.9-99.9 8.5 75 6.3 75  0.4   2  1.615.6 1.2
5048519720830 16.0 -1.9  0.009900 -3.0-99.9-99.9-99.9 9.4 83 5.6 52 -1.2   6  4.816.8 1.8
5048519720831 15.3 -1.8  0.009900 -3.8-99.9-99.9-99.9 9.8 86 5.8 60 -0.7   4  3.217.5 1.6
5048519720901 13.5  0.3  0.009900 -1.1-99.9-99.9-99.9 9.7 85 5.9 52 -0.5   6  4.817.5 1.8
5048519720902 16.3 -0.3  0.009900 -2.3-99.9-99.9-99.9 9.8 86 6.6 59  1.1   2  1.617.7 1.6
5048519720903 21.0  1.0  0.009900 -2.2-99.9-99.9-99.9 9.4 82 7.1 56  2.1   4  3.217.3 2.0
5048519720904 22.8  4.2  0.009900  1.6-99.9-99.9-99.9 7.5 65 7.3 46  2.5  13 10.414.9 3.1
5048519720905 16.7  5.4  0.009900  4.2-99.9-99.9-99.9 9.5 82 6.5 49  0.9   6  4.817.7 2.3
5048519720906 20.5  2.7  0.009900 -0.3-99.9-99.9-99.9 9.7 84 6.5 49  0.9   2  1.618.0 2.0
5048519720907 20.5  6.3  0.009900  4.0-99.9-99.9-99.9 9.5 82 8.0 50  3.8   9  7.217.9 2.8
5048519720908 16.7  6.7  0.009900  4.2-99.9-99.9-99.9 2.9 25 9.2 66  5.8   4  3.2 9.1 1.6
5048519720909 20.4  5.3  0.009900  3.3-99.9-99.9-99.9 9.3 80 9.1 60  5.6   2  1.617.8 2.1
5048519720910 21.5  4.3  0.009900  2.1-99.9-99.9-99.9 1.8 15 9.1 59  5.6   1  0.8 7.7 1.6
5048519720911 20.0  7.0  0.009900  5.0-99.9-99.9-99.9 5.6 48 8.4 54  4.5   9  7.213.0 2.6
5048519720912 22.2  9.2  0.009900  8.0-99.9-99.9-99.9 6.3 53 7.9 47  3.6   2  1.614.0 2.3
5048519720913 24.7  6.5  0.009900  4.8-99.9-99.9-99.9 9.6 8110.1 52  7.1   8  6.418.7 3.0
5048519720914 27.7  8.4  7.019900  6.9-99.9-99.9-99.9-9.9 9912.5 63 10.3   9  7.2-9.9-9.9
5048519720915 15.6  8.3  1.019900  9.0-99.9-99.9-99.9 0.0  011.0 87  8.4   6  4.8 5.5 1.4
5048519720916 13.3  5.0  2.019900  7.5-99.9-99.9-99.9 2.7 2310.7 93  8.0   1  0.8 9.3 1.2
5048519720917 19.0  2.3  0.009900  0.7-99.9-99.9-99.9 8.8 7410.1 70  7.1   2  1.618.0 2.0
5048519720918 25.0  4.6  0.009900  2.2-99.9-99.9-99.9 9.4 78 9.4 53  6.1   6  4.819.0 2.9
5048519720919 20.3  4.8  0.009900  1.8-99.9-99.9-99.9 9.2 77 6.7 43  1.3   9  7.218.8 3.1
5048519720920 17.0  5.7  0.009900  4.2-99.9-99.9-99.910.0 83 6.1 44  0.0   6  4.820.1 2.8
5048519720921 23.4  2.5  0.009900  0.7-99.9-99.9-99.9 9.6 79 8.1 49  3.9   8  6.419.6 3.0
5048519720922 27.2  5.0  0.009900  3.0-99.9-99.9-99.9 9.4 78 9.3 47  5.9   8  6.419.4 3.4
5048519720923 28.5  7.9  0.009900  5.8-99.9-99.9-99.910.2 8411.3 52  8.8   1  0.820.7 3.0
5048519720924 26.0 11.3  0.009900  9.0-99.9-99.9-99.910.2 8413.2 56 11.1  11  8.820.8 3.9
5048519720925 20.7  9.7  0.009900 10.0-99.9-99.9-99.910.0 82 7.3 45  2.5   6  4.820.6 3.3
5048519720926 21.7  6.2  0.009900  4.2-99.9-99.9-99.910.5 86 7.0 43  1.9   6  4.821.5 3.3
5048519720927 24.5  6.5  0.009900  4.2-99.9-99.9-99.910.7 87 7.0 38  1.9   4  3.221.9 3.2
5048519720928 26.4  8.0  0.009900  5.8-99.9-99.9-99.910.4 84 8.0 38  3.8   4  3.221.5 3.4
5048519720929 22.0  8.2  0.009900  6.7-99.9-99.9-99.9 1.2 10 7.1 41  2.1  12  9.6 7.9 3.3
5048519720930 27.0  5.0  0.009900  3.3-99.9-99.9-99.9 6.8 55 7.1 34  2.1   9  7.216.3 3.6
5048519721001 18.2  3.9  0.009900-99.9-99.9-99.9-99.910.4 84 4.1 31 -5.4   2  1.621.8 2.8
5048519721002 19.0  2.7  0.009900-99.9-99.9-99.9-99.9 9.1 73 4.7 30 -3.6  13 10.420.0 3.8
5048519721003 15.5 -0.8  0.009900-99.9-99.9-99.9-99.910.6 85 4.6 41 -3.8   3  2.422.4 2.6
5048519721004 13.5  2.5  0.009900-99.9-99.9-99.9-99.9 9.0 72 5.4 51 -1.7   4  3.220.0 2.6
5048519721005 17.4 -0.1  0.009900-99.9-99.9-99.9-99.910.0 80 5.7 44 -1.0   6  4.821.6 2.9
5048519721006 20.0  2.4  0.009900-99.9-99.9-99.9-99.9 9.4 75 6.5 41  0.9   9  7.220.8 3.4
5048519721007 15.0  7.3  0.009900-99.9-99.9-99.9-99.9 0.0  0 8.4 72  4.5  10  8.0 6.4 2.1
5048519721008 16.7  5.5  0.009900-99.9-99.9-99.9-99.9 7.2 57 8.7 61  5.0   2  1.617.6 2.4
5048519721009 19.6  6.4  0.009900-99.9-99.9-99.9-99.9 6.3 50 9.4 57  6.1   4  3.216.3 2.7
5048519721010 23.3  6.6  0.009900-99.9-99.9-99.9-99.910.7 84 9.4 49  6.1   6  4.823.2 3.7
5048519721011 21.5  9.1  0.009900-99.9-99.9-99.9-99.910.3 81 9.3 54  5.9   6  4.822.7 3.7
5048519721012 24.0  6.9  0.009900-99.9-99.9-99.9-99.9 9.3 7310.1 55  7.1   2  1.621.2 3.2
5048519721013 19.1 10.4  0.009900-99.9-99.9-99.9-99.9 8.8 69 7.5 46  2.9  24 19.220.5 5.5
5048519721014 22.4  5.3  0.009900-99.9-99.9-99.9-99.911.1 86 9.5 52  6.2   4  3.224.2 3.5
5048519721015 27.5  8.0  0.009900-99.9-99.9-99.9-99.911.1 8611.1 50  8.5   2  1.624.3 3.8
5048519721016 32.4 10.4  0.009900-99.9-99.9-99.9-99.910.7 8313.0 45 10.9   9  7.223.8 4.9
5048519721017 32.3 15.6  0.009900-99.9-99.9-99.9-99.9 7.0 5414.9 44 12.9   2  1.618.0 3.8
5048519721018 28.3 15.4  0.009900-99.9-99.9-99.9-99.911.0 8512.1 46  9.8  19 15.224.4 6.4
5048519721019 29.3 10.5  0.009900-99.9-99.9-99.9-99.911.0 8411.3 47  8.8   2  1.624.5 4.1
5048519721020 28.4 14.0  0.009900-99.9-99.9-99.9-99.910.2 7812.6 50 10.4   8  6.423.3 4.8
5048519721021 22.3 14.5  0.009900-99.9-99.9-99.9-99.9 2.5 19 8.3 41  4.3   6  4.811.0 3.3
5048519721022 27.0  8.3  0.009900-99.9-99.9-99.9-99.910.0 7611.3 49  8.8   4  3.223.2 4.0
5048519721023 30.0 12.2 13.019900-99.9-99.9-99.9-99.911.0 8418.8 63 16.5   4  3.224.9 4.5
5048519721024 29.0 16.6  0.009900-99.9-99.9-99.9-99.911.5 8717.8 64 15.7   2  1.625.8 4.8
5048519721025 31.0 14.7  0.009900-99.9-99.9-99.9-99.910.3 7817.8 62 15.7  16 12.823.9 5.7
5048519721026 23.8 10.4  0.009900-99.9-99.9-99.9-99.910.1 76 5.3 33 -1.9  23 18.423.6 6.9
5048519721027 18.0  6.2  0.009900-99.9-99.9-99.9-99.911.2 84 6.1 41  0.0   8  6.425.5 4.1
5048519721028 23.7  3.2  0.009900-99.9-99.9-99.9-99.911.5 86 6.9 38  1.7   2  1.626.1 3.7
5048519721029 25.3  7.5  0.009900-99.9-99.9-99.9-99.9 3.0 22 9.3 45  5.9   2  1.612.1 2.7
5048519721030 30.2  9.5  0.009900-99.9-99.9-99.9-99.910.3 7710.1 39  7.1   1  0.824.2 4.1
5048519721031 25.7 13.3  0.009900-99.9-99.9-99.9-99.912.0 90 5.6 24 -1.2  16 12.827.1 6.6
5048519721101 20.2  5.7  0.009900-99.9-99.9-99.9-99.912.0 89 6.6 41  1.1   4  3.227.2 4.0
5048519721102 26.8  4.6  0.009900-99.9-99.9-99.9-99.912.0 89 7.7 36  3.2   4  3.227.3 4.3
5048519721103 30.0  6.3  0.009900-99.9-99.9-99.9-99.911.2 8310.3 42  7.4   6  4.826.0 4.7
5048519721104 29.3 14.3  0.009900-99.9-99.9-99.9-99.911.9 88 8.8 33  5.1   4  3.227.2 5.1
5048519721105 32.0 11.8  0.009900-99.9-99.9-99.9-99.911.2 8314.9 52 12.9   3  2.426.1 4.9
5048519721106 32.3 13.2  0.819900-99.9-99.9-99.9-99.9 8.0 5914.2 45 12.2   6  4.820.8 4.7
5048519721107 28.0 15.0  0.009900-99.9-99.9-99.9-99.9 8.2 6015.6 60 13.6  13 10.421.2 5.1
5048519721108 20.4 14.0  0.009900-99.9-99.9-99.9-99.9 1.6 1212.2 63  9.9  27 21.610.2 4.3
5048519721109 22.6  9.8  0.009900-99.9-99.9-99.9-99.9 6.3 4610.8 62  8.1  11  8.818.1 4.0
5048519721110 25.7  6.5  0.009900-99.9-99.9-99.9-99.9 9.7 7110.0 45  7.0   2  1.623.9 3.9
5048519721111 30.4 11.7  0.009900-99.9-99.9-99.9-99.912.5 9110.0 34  7.0   4  3.228.6 5.2
5048519721112 25.3 15.5  0.009900-99.9-99.9-99.9-99.9 8.9 6512.4 53 10.1   6  4.822.6 4.7
5048519721113 28.5 13.2  0.009900-99.9-99.9-99.9-99.911.3 8213.5 53 11.4  12  9.626.7 5.8
5048519721114 21.0 10.7  7.719900-99.9-99.9-99.9-99.9 1.5 1114.0 84 12.0  11  8.810.2 2.5
5048519721115 16.4  8.6 23.019900-99.9-99.9-99.9-99.9 0.0  011.5 82  9.0  19 15.2 7.7 2.3
5048519721116 11.7  5.7  4.519900-99.9-99.9-99.9-99.9 0.0  0 9.2 81  5.8  12  9.6 7.7 1.7
5048519721117 20.6  3.7  0.009900-99.9-99.9-99.9-99.912.3 8912.2 75  9.9   4  3.228.6 3.9
5048519721118 24.6  7.2  0.009900-99.9-99.9-99.9-99.910.5 7614.0 65 12.0   1  0.825.6 4.0
5048519721119 24.3 11.4  0.009900-99.9-99.9-99.9-99.912.0 8611.0 49  8.4   6  4.828.2 5.0
5048519721120 27.2 11.2  5.019900-99.9-99.9-99.9-99.9 6.2 4414.1 58 12.1   6  4.818.3 3.9
5048519721121 22.3 13.5  0.009900-99.9-99.9-99.9-99.9 6.8 4917.0 83 15.0   4  3.219.4 3.5
5048519721122 27.4 10.9  0.009900-99.9-99.9-99.9-99.911.8 8417.1 68 15.0   2  1.628.0 4.8
5048519721123 29.9 14.4  2.019900-99.9-99.9-99.9-99.9-9.9 9916.2 59 14.2   2  1.6-9.9-9.9
5048519721124 27.8 14.1  0.009900-99.9-99.9-99.9-99.910.1 7214.9 63 12.9   4  3.225.1 4.9
5048519721125 30.5 12.0  0.009900-99.9-99.9-99.9-99.912.3 8815.8 55 13.8   2  1.628.9 5.3
5048519721126 34.2 12.9  0.009900-99.9-99.9-99.9-99.912.0 8517.4 50 15.3   2  1.628.5 5.5
5048519721127 27.4 18.0  0.009900-99.9-99.9-99.9-99.912.3 8712.6 45 10.4  16 12.829.0 7.2
5048519721128 29.0 14.2  0.009900-99.9-99.9-99.9-99.912.4 8810.1 39  7.1   7  5.629.2 5.9
5048519721129 26.7 11.4  0.009900-99.9-99.9-99.9-99.911.0 7811.0 43  8.4   7  5.626.8 5.3
5048519721130 26.7 13.3  0.009900-99.9-99.9-99.9-99.912.3 8714.7 57 12.7   6  4.829.1 5.5
5048519721201 23.0 13.5  0.009900-99.9-99.9-99.9-99.9 8.9 6314.2 64 12.2   7  5.623.3 4.5
5048519721202 28.1 15.3  0.009900-99.9-99.9-99.9-99.911.2 7915.8 68 13.8   5  4.027.2 5.4
5048519721203 27.3 15.2  0.009900-99.9-99.9-99.9-99.9 9.3 6615.7 65 13.7  13 10.424.0 5.6
5048519721204 28.7 15.3  0.009900-99.9-99.9-99.9-99.911.5 8117.3 61 15.2   8  6.427.8 5.7
5048519721205 29.8 15.0  0.009900-99.9-99.9-99.9-99.910.3 7315.5 57 13.5   8  6.425.8 5.6
5048519721206 32.6 15.0  0.009900-99.9-99.9-99.9-99.911.7 8218.7 55 16.4   6  4.828.2 5.9
5048519721207 32.7 16.1  0.009900-99.9-99.9-99.9-99.911.5 8118.4 62 16.2   7  5.627.9 6.1
5048519721208 30.7 16.6  0.009900-99.9-99.9-99.9-99.910.1 7117.1 59 15.0   8  6.425.5 5.8
5048519721209 29.3 14.3  0.009900-99.9-99.9-99.9-99.912.3 8616.5 53 14.5   6  4.829.3 5.8
5048519721210 30.0 17.3  0.009900-99.9-99.9-99.9-99.9 6.4 4517.1 58 15.0   4  3.219.1 4.5
5048519721211 31.5 15.2  0.009900-99.9-99.9-99.9-99.910.8 7619.9 59 17.4   2  1.626.7 5.3
5048519721212 34.3 18.2  0.009900-99.9-99.9-99.9-99.910.6 7419.4 51 17.0   7  5.626.4 6.2
5048519721213 32.4 17.2  0.009900-99.9-99.9-99.9-99.912.3 8618.8 56 16.5   4  3.229.3 6.1
5048519721214 35.3 16.0  0.009900-99.9-99.9-99.9-99.912.5 8816.5 44 14.5   2  1.629.7 6.1
5048519721215 29.5 18.2  0.009900-99.9-99.9-99.9-99.910.5 7315.1 49 13.1  11  8.826.2 6.3
5048519721216 30.4 18.8  0.009900-99.9-99.9-99.9-99.910.4 7318.4 60 16.2   6  4.826.1 5.8
5048519721217 35.0 20.0  0.009900-99.9-99.9-99.9-99.9 8.2 5723.7 62 20.2   4  3.222.3 5.4
5048519721218 28.5 17.0  8.019900-99.9-99.9-99.9-99.9 2.4 1721.0 82 18.3   9  7.212.3 3.3
5048519721219 29.4 15.5  0.009900-99.9-99.9-99.9-99.910.5 7321.9 71 19.0   2  1.626.3 5.1
5048519721220 32.5 18.2  0.009900-99.9-99.9-99.9-99.912.3 8622.0 62 19.0   2  1.629.4 6.1
5048519721221 33.8 18.0  0.009900-99.9-99.9-99.9-99.9 8.5 5919.6 52 17.2   7  5.622.8 5.6
5048519721222 27.7 16.2 11.019900-99.9-99.9-99.9-99.9 7.7 5418.4 67 16.2  25 20.021.4 5.9
5048519721223 27.3 13.3  0.009900-99.9-99.9-99.9-99.911.0 7716.5 58 14.5  13 10.427.1 5.7
5048519721224 28.0 16.7  0.009900-99.9-99.9-99.9-99.912.0 8415.6 54 13.6   2  1.628.9 5.5
5048519721225 31.3 12.3  0.009900-99.9-99.9-99.9-99.912.5 8715.6 52 13.6   1  0.829.7 5.4
5048519721226 33.2 13.7  0.009900-99.9-99.9-99.9-99.911.0 7714.1 40 12.1   6  4.827.1 5.9
5048519721227 33.2 16.6  0.009900-99.9-99.9-99.9-99.912.1 8515.0 43 13.0  16 12.829.0 7.6
5048519721228 27.8 16.9  0.009900-99.9-99.9-99.9-99.9 9.6 6716.4 60 14.4  13 10.424.7 5.9
5048519721229 30.0 14.5  0.009900-99.9-99.9-99.9-99.910.8 7615.5 56 13.5   4  3.226.8 5.4
5048519721230 34.7 12.6  0.009900-99.9-99.9-99.9-99.912.5 8815.5 44 13.5   6  4.829.7 6.2
5048519721231 31.1 17.0  0.009900-99.9-99.9-99.9-99.910.3 7215.5 50 13.5   4  3.225.9 5.5
5048519730101 33.5 18.4  0.009900-99.9-99.9-99.9-99.912.5 8819.3 53 16.9   6  4.829.7 6.6
5048519730102 32.0 16.8  0.009900-99.9-99.9-99.9-99.912.5 8815.4 45 13.4   8  6.429.7 6.6
5048519730103 35.0 17.0  0.009900-99.9-99.9-99.9-99.912.2 8620.6 54 18.0   4  3.229.2 6.3
5048519730104 35.0 17.6  0.009900-99.9-99.9-99.9-99.912.2 8618.7 48 16.4   4  3.229.2 6.3
5048519730105 30.5 18.0  0.009900-99.9-99.9-99.9-99.912.5 8813.4 42 11.3   8  6.429.7 6.6
5048519730106 34.3 13.0  0.009900-99.9-99.9-99.9-99.912.0 8516.0 47 14.0   4  3.228.8 5.8
5048519730107 30.3 17.8  0.009900-99.9-99.9-99.9-99.912.3 87 9.0 30  5.4   6  4.829.3 6.2
5048519730108 31.7 10.7  0.009900-99.9-99.9-99.9-99.912.4 8811.3 39  8.8   4  3.229.4 5.6
5048519730109 36.0 12.3  0.009900-99.9-99.9-99.9-99.911.4 8116.2 46 14.2   1  0.827.7 5.4
5048519730110 35.7 18.0  0.009900-99.9-99.9-99.9-99.910.9 7718.2 49 16.0   2  1.626.8 5.8
5048519730111 37.0 20.8  0.009900-99.9-99.9-99.9-99.912.4 8822.0 50 19.0   2  1.629.4 6.6
5048519730112 31.0 15.6  0.009900-99.9-99.9-99.9-99.9 8.9 6312.5 41 10.3  10  8.023.3 5.9
5048519730113 29.8 13.3  0.009900-99.9-99.9-99.9-99.912.0 8515.0 51 13.0  15 12.028.6 6.5
5048519730114 24.5 13.0  0.009900-99.9-99.9-99.9-99.9 6.2 4414.3 68 12.3   3  2.418.6 3.7
5048519730115 31.5 11.0  0.009900-99.9-99.9-99.9-99.911.5 8217.4 56 15.3   4  3.227.7 5.3
5048519730116 34.7 14.6  0.009900-99.9-99.9-99.9-99.912.2 8720.8 57 18.1   4  3.228.9 6.0
5048519730117 34.0 18.3  0.009900-99.9-99.9-99.9-99.911.5 8224.3 67 20.6   4  3.227.7 6.0
5048519730118 30.5 20.4  0.009900-99.9-99.9-99.9-99.9 7.9 5616.6 51 14.6   9  7.221.4 5.6
5048519730119 32.8 18.1  0.009900-99.9-99.9-99.9-99.9 9.8 7016.7 50 14.7   2  1.624.7 5.2
5048519730120 34.2 18.8  0.009900-99.9-99.9-99.9-99.910.9 7818.0 52 15.8   2  1.626.5 5.6
5048519730121 36.5 17.2  0.009900-99.9-99.9-99.9-99.911.0 7918.4 50 16.2   2  1.626.7 5.7
5048519730122 33.6 19.2  0.009900-99.9-99.9-99.9-99.912.2 8816.2 48 14.2  12  9.628.7 7.2
5048519730123 25.3 12.7  0.009900-99.9-99.9-99.9-99.912.3 8911.0 47  8.4   6  4.828.8 5.3
5048519730124 28.6  7.7  0.009900-99.9-99.9-99.9-99.912.3 8911.2 45  8.6   4  3.228.8 5.0
5048519730125 32.7  9.4  0.009900-99.9-99.9-99.9-99.911.6 8411.8 39  9.4   7  5.627.5 5.6
5048519730126 32.7 12.6  0.009900-99.9-99.9-99.9-99.912.0 8716.0 48 14.0   4  3.228.2 5.5
5048519730127 33.8 15.7  0.009900-99.9-99.9-99.9-99.9 9.5 6919.5 57 17.1   6  4.823.9 5.3
5048519730128 30.4 18.6 14.019900-99.9-99.9-99.9-99.9 6.6 4823.0 75 19.7   3  2.418.9 4.2
5048519730129 31.0 19.3  0.009900-99.9-99.9-99.9-99.9 9.0 6625.1 77 21.2  13 10.422.9 5.4
5048519730130 37.0 22.1  0.009900-99.9-99.9-99.9-99.912.0 8828.3 66 23.1   2  1.628.0 6.5
5048519730131 26.3 19.7  0.009900-99.9-99.9-99.9-99.9 3.2 2314.8 55 12.8  19 15.213.0 5.2
5048519730201 32.7 15.4  0.009900-99.9-99.9-99.9-99.9 8.4 6222.0 65 19.0   4  3.221.8 4.6
5048519730202 31.4 21.6  0.009900-99.9-99.9-99.9-99.911.8 8722.3 60 19.2   9  7.227.5 6.4
5048519730203 30.0 18.9  0.009900-99.9-99.9-99.9-99.911.8 8716.0 52 14.0   4  3.227.4 5.6
5048519730204 32.3 14.7  0.009900-99.9-99.9-99.9-99.911.9 8821.3 65 18.5   1  0.827.5 5.2
5048519730205 35.4 16.2  0.009900-99.9-99.9-99.9-99.911.8 8719.4 52 17.0   1  0.827.3 5.5
5048519730206 35.7 19.0  0.009900-99.9-99.9-99.9-99.911.7 8722.8 58 19.6   6  4.827.1 6.2
5048519730207 32.8 19.9  0.009900-99.9-99.9-99.9-99.911.8 8817.9 52 15.8   4  3.227.2 5.8
5048519730208 35.3 16.0  0.009900-99.9-99.9-99.9-99.912.0 8918.9 53 16.6   4  3.227.5 5.7
5048519730209 27.0 15.2  0.009900-99.9-99.9-99.9-99.9 6.7 5010.1 48  7.1  20 16.018.5 6.2
5048519730210 29.5 12.7  0.009900-99.9-99.9-99.9-99.911.7 8714.0 57 12.0   2  1.626.8 4.7
5048519730211 35.3 12.5  0.009900-99.9-99.9-99.9-99.910.1 7616.0 48 14.0   2  1.624.1 4.8
5048519730212 34.5 16.9  0.009900-99.9-99.9-99.9-99.911.3 8517.3 49 15.2   1  0.826.0 5.1
5048519730213 28.3 17.9  0.009900-99.9-99.9-99.9-99.910.6 8013.9 52 11.9  16 12.824.8 6.3
5048519730214 32.2 12.9  0.009900-99.9-99.9-99.9-99.911.1 8416.5 55 14.5   7  5.625.5 5.2
5048519730215 32.3 14.7  0.009900-99.9-99.9-99.9-99.9 9.8 7417.5 57 15.4   2  1.623.3 4.6
5048519730216 33.3 14.3  0.009900-99.9-99.9-99.9-99.9 8.9 6815.4 51 13.4   6  4.821.8 4.8
5048519730217 31.5 16.2  0.009900-99.9-99.9-99.9-99.9 9.0 6815.5 51 13.5   2  1.621.8 4.4
5048519730218 32.8 13.6  0.009900-99.9-99.9-99.9-99.911.3 8616.1 55 14.1   2  1.625.5 4.8
5048519730219 34.6 15.4  0.009900-99.9-99.9-99.9-99.911.4 8719.5 56 17.1   6  4.825.6 5.4
5048519730220 28.2 18.7  0.009900-99.9-99.9-99.9-99.9 5.8 4418.9 63 16.6  10  8.016.4 4.2
5048519730221 33.2 14.6  0.009900-99.9-99.9-99.9-99.911.6 8916.5 52 14.5   2  1.625.8 4.8
5048519730222 28.2 16.1  0.009900-99.9-99.9-99.9-99.910.5 8114.3 49 12.3   9  7.223.9 5.1
5048519730223 25.0 14.0  0.009900-99.9-99.9-99.9-99.911.7 9010.5 48  7.7  14 11.225.8 5.6
5048519730224 24.3  9.2  0.009900-99.9-99.9-99.9-99.9 7.8 6010.2 51  7.3   6  4.819.4 3.7
5048519730225 28.5  7.5  0.009900-99.9-99.9-99.9-99.911.5 8912.6 55 10.4   4  3.225.3 4.1
5048519730226 30.8  9.7  0.009900-99.9-99.9-99.9-99.911.5 8914.4 51 12.4   3  2.425.2 4.3
5048519730227 32.0 11.4  0.009900-99.9-99.9-99.9-99.911.5 9016.6 59 14.6   2  1.625.1 4.4
5048519730228 34.3 16.2  0.009900-99.9-99.9-99.9-99.910.2 8020.3 58 17.7   1  0.822.9 4.5
5048519730301-99.9-99.9  0.009900-99.9-99.9-99.9-99.9-9.9 99-9.9-99-99.9 -99-99.9-9.9-9.9
5048519730302 32.3 19.0  0.009900-99.9-99.9-99.9-99.9 7.0 5522.9 68 19.7   2  1.617.6 3.8
5048519730303 30.4 19.3  8.519900-99.9-99.9-99.9-99.9 7.7 6121.7 68 18.8   4  3.218.7 4.0
5048519730304 24.3 18.7 24.019900-99.9-99.9-99.9-99.9 0.0  022.8 98 19.6   1  0.8 6.5 1.6
5048519730305 26.2 19.2 12.519900-99.9-99.9-99.9-99.9 2.9 2326.2 92 21.9   2  1.611.0 2.2
5048519730306 24.7 18.8 23.019900-99.9-99.9-99.9-99.9 0.0  022.8 94 19.6   9  7.2 6.4 1.8
5048519730307 20.3 15.0  2.019900-99.9-99.9-99.9-99.9 0.0  019.9 95 17.4   8  6.4 6.4 1.3
5048519730308 23.4 12.7  0.009900-99.9-99.9-99.9-99.9 9.8 7817.7 80 15.6   2  1.621.5 3.3
5048519730309 24.7 16.5  0.009900-99.9-99.9-99.9-99.9 3.6 2920.5 84 17.9   1  0.811.8 2.3
5048519730310 28.8 15.0  0.009900-99.9-99.9-99.9-99.910.5 8421.0 75 18.3   1  0.822.4 3.8
5048519730311 27.9 16.8  0.009900-99.9-99.9-99.9-99.9 7.1 5720.3 70 17.7   4  3.217.1 3.4
5048519730312 27.5 16.0  0.009900-99.9-99.9-99.9-99.9 8.6 6920.0 73 17.5   9  7.219.3 3.8
5048519730313 24.3 18.1  0.009900-99.9-99.9-99.9-99.9 3.7 3018.0 73 15.8   9  7.211.7 2.9
5048519730314 26.0 17.9  0.009900-99.9-99.9-99.9-99.9 6.8 5519.5 77 17.1   4  3.216.3 3.2
5048519730315 23.5 17.7  0.009900-99.9-99.9-99.9-99.9 7.0 5719.1 81 16.8   8  6.416.5 3.2
5048519730316 19.8 14.2 16.519900-99.9-99.9-99.9-99.9 4.0 3315.3 83 13.3   7  5.612.0 2.3
5048519730317 19.4 13.1  2.519900-99.9-99.9-99.9-99.9 2.9 2416.8 89 14.8   3  2.410.3 1.7
5048519730318 25.0 13.0  0.009900-99.9-99.9-99.9-99.9 9.4 7718.6 87 16.4   1  0.819.8 3.0
5048519730319 28.3 13.8  0.009900-99.9-99.9-99.9-99.910.4 8618.6 72 16.4   2  1.621.2 3.5
5048519730320 29.7 14.1  0.009900-99.9-99.9-99.9-99.910.0 8318.9 73 16.6   4  3.220.5 3.6
5048519730321 28.2 14.9  0.009900-99.9-99.9-99.9-99.9 9.7 8017.9 73 15.8   2  1.619.9 3.4
5048519730322 31.0 12.0  0.009900-99.9-99.9-99.9-99.910.2 8517.9 67 15.8   4  3.220.6 3.6
5048519730323 31.5 13.7  0.009900-99.9-99.9-99.9-99.9 9.7 8120.8 73 18.1   6  4.819.7 3.7
5048519730324 31.8 16.1  0.009900-99.9-99.9-99.9-99.910.2 8522.2 76 19.2   2  1.620.3 3.7
5048519730325 25.3 14.5  0.009900-99.9-99.9-99.9-99.9 0.0  012.3 61 10.0   4  3.2 5.6 2.2
5048519730326 21.5 13.0  0.009900-99.9-99.9-99.9-99.9 3.9 3314.4 73 12.4   2  1.611.1 2.0
5048519730327 26.6 10.7  0.009900-99.9-99.9-99.9-99.910.0 8416.0 76 14.0   2  1.619.7 2.9
5048519730328 29.2 10.2  0.009900-99.9-99.9-99.9-99.910.1 8516.1 69 14.1   2  1.619.7 3.0
5048519730329 28.0 12.0  0.009900-99.9-99.9-99.9-99.9 6.8 5819.4 83 17.0   2  1.615.0 2.5
5048519730330 25.5 14.3  7.319900-99.9-99.9-99.9-99.9 9.0 7716.0 66 14.0   9  7.217.9 3.3
5048519730331 20.8 10.8  4.019900-99.9-99.9-99.9-99.9 0.0  010.1 68  7.1   9  7.2 5.3 2.3
5048519730401 12.0  8.5  1.519900-99.9-99.9-99.9-99.9 0.0  012.6 96 10.4   1  0.8 5.3 0.8
5048519730402 17.8  9.0  0.009900-99.9-99.9-99.9-99.9 2.4 2113.8 91 11.8   1  0.8 8.5 1.3
5048519730403 21.8  7.0  0.009900-99.9-99.9-99.9-99.9 9.8 8414.7 86 12.7   2  1.618.6 2.1
5048519730404 20.0 11.3  0.009900-99.9-99.9-99.9-99.9 6.0 5213.5 78 11.4   1  0.813.3 1.9
5048519730405 21.4 10.0  0.009900-99.9-99.9-99.9-99.9 9.3 8011.4 73  8.9   1  0.817.7 2.2
5048519730406 25.2  7.7  0.009900-99.9-99.9-99.9-99.9 9.1 7912.7 71 10.5   2  1.617.3 2.3
5048519730407 18.0  4.2  0.009900-99.9-99.9-99.9-99.9 9.7 84 7.9 61  3.6   2  1.618.0 1.9
5048519730408 23.7  4.9  0.009900-99.9-99.9-99.9-99.9 9.8 8611.6 70  9.2   6  4.818.0 2.3
5048519730409 25.7  7.3  0.009900-99.9-99.9-99.9-99.9 9.7 8514.2 75 12.2   2  1.617.7 2.2
5048519730410 27.4  9.3  0.009900-99.9-99.9-99.9-99.9 9.7 8515.7 74 13.7   1  0.817.6 2.3
5048519730411 18.5 11.5  0.009900-99.9-99.9-99.9-99.9 4.8 42 8.4 51  4.5  14 11.211.1 3.0
5048519730412 18.7  8.7  0.009900-99.9-99.9-99.9-99.9 4.9 43 9.6 66  6.4   2  1.611.1 1.7
5048519730413 21.0  5.7  0.009900-99.9-99.9-99.9-99.9 8.6 7611.4 76  8.9   1  0.815.8 1.7
5048519730414 22.0  9.4  0.009900-99.9-99.9-99.9-99.9 6.1 5412.2 67  9.9   4  3.212.5 1.9
5048519730415 16.4  8.1  0.009900-99.9-99.9-99.9-99.9 1.0  912.8 85 10.6   1  0.8 5.9 0.9
5048519730416 20.0  5.7  0.009900-99.9-99.9-99.9-99.9 5.7 5112.8 83 10.6   2  1.611.8 1.4
5048519730417 23.0  7.6  0.009900-99.9-99.9-99.9-99.9 9.5 8513.6 79 11.5   2  1.616.5 1.8
5048519730418 24.0  9.4  0.009900-99.9-99.9-99.9-99.9 8.7 7814.1 75 12.1   3  2.415.4 1.9
5048519730419 25.5  7.8  0.009900-99.9-99.9-99.9-99.9 7.8 7014.8 81 12.8   3  2.414.2 1.8
5048519730420 19.5 11.7  0.009900-99.9-99.9-99.9-99.9 0.3  312.8 70 10.6   6  4.8 4.8 1.5
5048519730421 18.3 12.8  0.009900-99.9-99.9-99.9-99.9 0.0  014.7 83 12.7   2  1.6 4.4 1.0
5048519730422 21.7 14.7  0.009900-99.9-99.9-99.9-99.9 0.2  216.3 75 14.3   7  5.6 4.6 1.4
5048519730423 22.3 14.6  0.009900-99.9-99.9-99.9-99.9 7.0 6417.5 86 15.4   6  4.812.8 1.9
5048519730424 19.6 10.3  0.009900-99.9-99.9-99.9-99.9 2.0 1814.4 81 12.4  16 12.8 6.7 1.5
5048519730425 18.5  6.0  0.009900-99.9-99.9-99.9-99.9 6.9 6311.1 80  8.5   1  0.812.5 1.2
5048519730426 21.7  3.6  0.009900-99.9-99.9-99.9-99.9 9.5 8710.7 75  8.0   6  4.815.5 1.6
5048519730427 21.3  7.6  0.009900-99.9-99.9-99.9-99.9 3.2 2912.0 75  9.7   6  4.8 8.0 1.5
5048519730428 18.5 10.4  0.009900-99.9-99.9-99.9-99.9 7.0 6510.2 68  7.3   4  3.212.4 1.6
5048519730429 17.8  8.5  0.009900-99.9-99.9-99.9-99.9 2.6 2411.0 75  8.4   1  0.8 7.1 1.1
5048519730430 17.0  8.3  0.009900-99.9-99.9-99.9-99.9 1.8 1711.9 81  9.5   2  1.6 6.2 1.0
5048519730501 22.3  5.4  0.009900-99.9-99.9-99.9-99.9 7.2 6711.9 76  9.5   6  4.812.3 1.5
5048519730502 13.5  5.0  0.009900-99.9-99.9-99.9-99.9 9.1 85 6.5 64  0.9   4  3.214.4 1.3
5048519730503 17.3 -1.5  0.009900-99.9-99.9-99.9-99.9 9.0 84 7.3 74  2.5   4  3.214.2 1.1
5048519730504 18.5  1.0  0.009900-99.9-99.9-99.9-99.9 9.2 86 8.3 72  4.3   2  1.614.3 1.1
5048519730505 18.8  1.7  0.009900-99.9-99.9-99.9-99.9 8.7 82 8.2 69  4.1   6  4.813.7 1.3
5048519730506 15.4  3.3  0.009900-99.9-99.9-99.9-99.9 8.2 77 8.4 77  4.5   4  3.213.0 1.1
5048519730507 13.3  3.0  0.009900-99.9-99.9-99.9-99.9 0.0  010.1 80  7.1   4  3.2 3.8 0.6
5048519730508 18.4  5.7  0.009900-99.9-99.9-99.9-99.9 8.9 84 9.6 73  6.4   2  1.613.6 1.1
5048519730509 18.3  2.4  0.009900-99.9-99.9-99.9-99.9 9.0 85 8.4 70  4.5   4  3.213.6 1.1
5048519730510 13.6  0.0  0.009900-99.9-99.9-99.9-99.9 3.8 36 7.9 76  3.6   6  4.8 7.9 0.8
5048519730511 15.3  6.2  0.009900-99.9-99.9-99.9-99.9 3.1 30 7.7 66  3.2   2  1.6 7.1 1.1
5048519730512 15.4  5.2  0.009900-99.9-99.9-99.9-99.9 6.2 59 8.6 72  4.8   2  1.610.3 0.9
5048519730513 17.2  3.3  0.009900-99.9-99.9-99.9-99.9 8.7 83 9.2 79  5.8   1  0.813.0 0.8
5048519730514 18.3  0.7  0.009900-99.9-99.9-99.9-99.9 7.4 71 8.8 76  5.1   4  3.211.5 0.9
5048519730515 25.2  1.8  0.009900-99.9-99.9-99.9-99.9 8.4 81 9.0 62  5.4  11  8.812.5 1.7
5048519730516 16.7  6.2  0.009900-99.9-99.9-99.9-99.9 7.3 70 9.1 69  5.6   8  6.411.2 1.2
5048519730517 18.4  4.8  0.009900-99.9-99.9-99.9-99.9 8.8 85 8.4 67  4.5   2  1.612.7 0.9
5048519730518 19.4  3.9  0.009900-99.9-99.9-99.9-99.9 7.7 75 9.5 74  6.2   4  3.211.5 1.0
5048519730519 21.5  3.7  0.009900-99.9-99.9-99.9-99.9 8.5 83 9.2 62  5.8   6  4.812.3 1.2
5048519730520 21.3  5.5  0.009900-99.9-99.9-99.9-99.9 7.1 69 9.6 60  6.4   6  4.810.8 1.2
5048519730521 19.7  6.3  0.009900-99.9-99.9-99.9-99.9 8.0 78 9.5 67  6.2   6  4.811.6 1.2
5048519730522 20.0  5.4  0.009900-99.9-99.9-99.9-99.9 7.0 68 9.6 73  6.4   3  2.410.5 1.0
5048519730523 21.5  5.3  0.009900-99.9-99.9-99.9-99.9 8.4 8210.8 75  8.1   6  4.811.9 1.1
5048519730524 20.7  5.5  0.009900-99.9-99.9-99.9-99.9 7.8 7710.8 76  8.1   2  1.611.2 0.8
5048519730525 20.0  3.1  0.009900-99.9-99.9-99.9-99.9 6.3 6211.3 83  8.8   4  3.2 9.7 0.7
5048519730526 21.5  5.6  0.009900-99.9-99.9-99.9-99.9 5.1 5011.7 82  9.3   0  0.0 8.4 0.7
5048519730527 21.0  7.3  0.009900-99.9-99.9-99.9-99.9 2.3 2311.7 68  9.3   9  7.2 5.6 1.3
5048519730528 17.0  3.5  0.009900-99.9-99.9-99.9-99.9 8.1 80 6.8 56  1.5   4  3.211.3 0.9
5048519730529 18.3  2.2  0.009900-99.9-99.9-99.9-99.9 5.6 55 8.1 68  3.9   2  1.6 8.8 0.8
5048519730530 21.0  4.2  0.009900-99.9-99.9-99.9-99.9 8.8 87 8.0 63  3.8   6  4.811.9 1.1
5048519730531 22.4  4.5  0.009900-99.9-99.9-99.9-99.9 8.8 87 9.1 68  5.6   4  3.211.9 0.9
5048519730601 22.4  4.5  0.009900-99.9-99.9-99.9-99.9 8.6 85 8.8 65  5.1   2  1.611.6 0.8
5048519730602 22.9  6.2  0.009900-99.9-99.9-99.9-99.9 8.7 8710.3 65  7.4   4  3.211.7 0.9
5048519730603 21.4  6.3  0.009900-99.9-99.9-99.9-99.9 8.6 8610.6 75  7.8   4  3.211.5 0.9
5048519730604 19.3  5.7  0.009900-99.9-99.9-99.9-99.9 3.5 3512.1 89  9.8   4  3.2 6.6 0.7
5048519730605 13.7  7.4  0.009900-99.9-99.9-99.9-99.9 0.2  210.6 88  7.8   8  6.4 3.4 0.8
5048519730606  9.2  5.7  1.019900-99.9-99.9-99.9-99.9 0.0  0 9.0 88  5.4   7  5.6 3.1 0.6
5048519730607 10.9  5.5  0.009900-99.9-99.9-99.9-99.9 0.5  5 9.6 89  6.4   4  3.2 3.6 0.6
5048519730608 16.5  2.7  0.009900-99.9-99.9-99.9-99.9 8.2 82 8.2 77  4.1   4  3.211.0 0.6
5048519730609 18.7  3.0  0.009900-99.9-99.9-99.9-99.9 8.4 84 8.4 70  4.5   2  1.611.1 0.6
5048519730610 17.0  0.2  0.009900-99.9-99.9-99.9-99.9 6.6 66 7.5 70  2.9   1  0.8 9.4 0.5
5048519730611 12.2  6.0  0.009900-99.9-99.9-99.9-99.9 0.1  1 6.9 57  1.7  14 11.2 3.2 1.7
5048519730612 14.7 -0.8  0.009900-99.9-99.9-99.9-99.9 8.3 83 6.3 72  0.4   2  1.611.0 0.6
5048519730613 16.3 -1.7  0.009900-99.9-99.9-99.9-99.9 8.1 81 6.4 68  0.6   4  3.210.7 0.7
5048519730614 16.0 -0.6  0.009900-99.9-99.9-99.9-99.9 8.3 84 7.6 73  3.0   4  3.210.9 0.5
5048519730615 15.6  1.9  0.009900-99.9-99.9-99.9-99.9 4.0 40 9.7 87  6.5   2  1.6 6.8 0.4
5048519730616 14.4 -0.8  0.009900-99.9-99.9-99.9-99.9 8.2 83 5.5 64 -1.4   1  0.810.8 0.6
5048519730617 14.5 -1.0  0.009900-99.9-99.9-99.9-99.9 8.2 83 5.2 54 -2.2   4  3.210.8 0.8
5048519730618 20.0  2.6  0.009900-99.9-99.9-99.9-99.9 8.2 83 6.0 56 -0.2  11  8.810.8 1.8
5048519730619 21.5  2.5  0.009900-99.9-99.9-99.9-99.9 8.0 81 6.2 51  0.2   4  3.210.6 1.2
5048519730620 22.7  3.0  0.009900-99.9-99.9-99.9-99.9 7.9 80 6.4 54  0.6   0  0.010.5 0.8
5048519730621 20.3  3.0  0.009900-99.9-99.9-99.9-99.9 8.4 85 7.1 55  2.1   2  1.610.9 0.8
5048519730622 18.5  4.3  0.009900-99.9-99.9-99.9-99.9 6.2 62 8.2 62  4.1   8  6.4 8.9 1.1
5048519730623 11.4  4.2  0.009900-99.9-99.9-99.9-99.9 1.8 18 8.4 80  4.5   4  3.2 4.7 0.6
5048519730624 16.0  1.0  0.009900-99.9-99.9-99.9-99.9 8.3 84 6.0 57 -0.2   4  3.210.9 0.9
5048519730625 12.4 -1.8  0.009900-99.9-99.9-99.9-99.9 3.4 34 7.4 81  2.7   2  1.6 6.3 0.4
5048519730626 14.5 -0.8  0.009900-99.9-99.9-99.9-99.9 5.8 58 5.0 55 -2.7   4  3.2 8.5 0.9
5048519730627 17.7 -0.3  0.009900-99.9-99.9-99.9-99.9 7.7 78 5.3 51 -1.9   9  7.210.3 1.4
5048519730628 14.9 -2.6  0.009900-99.9-99.9-99.9-99.9 7.8 78 5.9 66 -0.5   6  4.810.4 0.8
5048519730629 17.4  1.0  0.009900-99.9-99.9-99.9-99.9 6.9 69 6.7 64  1.3   4  3.2 9.6 0.8
5048519730630 13.3 -1.3  0.009900-99.9-99.9-99.9-99.9 7.6 76 6.2 67  0.2   5  4.010.3 0.6
5048519730701 14.0 -3.1  0.009900-99.9-99.9-99.9-99.9 8.3 83 4.6 61 -3.8   6  4.811.0 1.0
5048519730702 14.5 -1.4  0.009900-99.9-99.9-99.9-99.9 7.2 72 5.7 62 -1.0   6  4.8 9.9 0.8
5048519730703 17.3 -1.7  0.009900-99.9-99.9-99.9-99.9 8.0 80 6.1 66  0.0   4  3.210.7 0.8
5048519730704 15.7  0.3  0.009900-99.9-99.9-99.9-99.9 7.9 79 6.4 65  0.6   7  5.610.6 0.9
5048519730705  5.3  3.0  0.009900-99.9-99.9-99.9-99.9 0.0  0 7.5 90  2.9   4  3.2 3.1 0.4
5048519730706  6.7  3.7  0.009900-99.9-99.9-99.9-99.9 0.0  0 7.6 84  3.0   4  3.2 3.1 0.5
5048519730707 13.0  1.0  0.009900-99.9-99.9-99.9-99.9 5.3 53 7.3 80  2.5   2  1.6 8.2 0.5
5048519730708 12.2  3.0  0.009900-99.9-99.9-99.9-99.9 1.0 10 8.0 69  3.8   2  1.6 4.1 0.7
5048519730709 19.7  1.2  0.009900-99.9-99.9-99.9-99.9 8.7 87 7.7 68  3.2   1  0.811.6 0.6
5048519730710 18.0 -0.2  0.009900-99.9-99.9-99.9-99.9 8.6 86 6.9 63  1.7   2  1.611.5 0.6
5048519730711 17.1  3.7  0.009900-99.9-99.9-99.9-99.9 8.7 86 7.8 64  3.4   7  5.611.7 1.0
5048519730712 13.6  1.5  0.009900-99.9-99.9-99.9-99.9 6.3 63 7.7 72  3.2   6  4.8 9.4 0.7
5048519730713 14.9 -1.7  0.009900-99.9-99.9-99.9-99.9 8.4 83 6.2 61  0.2   2  1.611.5 0.5
5048519730714  9.2  2.6  0.009900-99.9-99.9-99.9-99.9 0.0  0 7.0 73  1.9   1  0.8 3.3 0.6
5048519730715  7.2  2.9  4.519900-99.9-99.9-99.9-99.9 0.0  0 7.1 74  2.1   9  7.2 3.3 0.8
5048519730716  5.0  0.4  1.019901-99.9-99.9-99.9-99.9 1.1 11 6.3 87  0.4   8  6.4 4.4 0.6
5048519730717  1.0 -1.0  0.519901-99.9-99.9-99.9-99.9 0.0  0 5.7 95 -1.0   6  4.8 3.3 0.4
5048519730718  2.2 -1.2  0.009901-99.9-99.9-99.9-99.9 0.0  0 5.6 87 -1.2   1  0.8 3.3 0.4
5048519730719  3.8  0.4  0.009900-99.9-99.9-99.9-99.9 0.0  0 6.4 88  0.6   2  1.6 3.3 0.4
5048519730720  4.3  1.6  0.009900-99.9-99.9-99.9-99.9 0.0  0 6.8 89  1.5   1  0.8 3.4 0.4
5048519730721  9.4 -0.8  0.009900-99.9-99.9-99.9-99.9 7.3 71 6.4 81  0.6   1  0.810.8 0.5
5048519730722 10.5 -3.0  0.009900-99.9-99.9-99.9-99.9 7.8 76 5.9 80 -0.5   0  0.011.4 0.4
5048519730723 11.8 -1.2  0.009900-99.9-99.9-99.9-99.9 7.3 71 6.4 69  0.6   4  3.210.9 0.7
5048519730724  8.5  3.9  0.009900-99.9-99.9-99.9-99.9 0.0  0 7.7 85  3.2   6  4.8 3.5 0.8
5048519730725 11.2  0.2  0.009900-99.9-99.9-99.9-99.9 6.3 61 6.8 80  1.5   0  0.010.0 0.5
5048519730726 17.5 -1.3  0.009900-99.9-99.9-99.9-99.9 8.2 79 6.9 72  1.7   2  1.612.0 0.7
5048519730727 17.0 -1.0  0.009900-99.9-99.9-99.9-99.9 8.3 80 6.9 68  1.7   2  1.612.2 0.8
5048519730728 17.3 -0.7  0.009900-99.9-99.9-99.9-99.9 8.8 85 6.3 62  0.4   0  0.012.8 0.7
5048519730729 16.7  1.2  0.009900-99.9-99.9-99.9-99.9 8.9 86 7.3 70  2.5   1  0.813.0 0.8
5048519730730 16.3  2.4  0.009900-99.9-99.9-99.9-99.9 8.6 82 7.6 70  3.0  20 16.012.7 1.9
5048519730731 18.0  1.7  0.009900-99.9-99.9-99.9-99.9 9.0 86 6.7 64  1.3   2  1.613.2 0.9
5048519730801 19.7  1.3  0.009900-99.9-99.9-99.9-99.9 9.1 87 7.2 63  2.3   4  3.213.4 1.1
5048519730802 22.0  2.7  0.009900-99.9-99.9-99.9-99.9 8.8 84 6.3 48  0.4   2  1.613.2 1.1
5048519730803 23.4  3.3  0.009900-99.9-99.9-99.9-99.9 9.2 87 6.6 46  1.1   4  3.213.7 1.4
5048519730804 23.3  4.0  0.009900-99.9-99.9-99.9-99.9 9.2 87 6.8 48  1.5   4  3.213.8 1.4
5048519730805 21.6  3.3  0.009900-99.9-99.9-99.9-99.9 9.3 88 6.4 40  0.6   2  1.614.0 1.2
5048519730806 21.6  2.0  0.009900-99.9-99.9-99.9-99.9 9.3 88 6.6 55  1.1   6  4.814.1 1.5
5048519730807 19.2  4.0  0.009900-99.9-99.9-99.9-99.9 9.4 88 6.2 45  0.2  16 12.814.3 2.5
5048519730808 15.0  2.7  0.009900-99.9-99.9-99.9-99.9 7.2 68 4.8 41 -3.3   8  6.411.9 1.7
5048519730809 14.3 -1.3  0.009900-99.9-99.9-99.9-99.9 9.2 86 4.6 52 -3.8   6  4.814.3 1.3
5048519730810 12.3 -0.5  0.009900-99.9-99.9-99.9-99.9 5.2 49 4.5 46 -4.1   2  1.6 9.8 1.1
5048519730811 15.2 -2.5  0.009900-99.9-99.9-99.9-99.9 9.6 89 5.5 66 -1.4   2  1.614.9 1.0
5048519730812 17.0  0.0  0.009900-99.9-99.9-99.9-99.9 6.9 64 5.5 48 -1.4   1  0.811.9 1.1
5048519730813 20.3  2.0  0.009900-99.9-99.9-99.9-99.9 9.3 86 5.5 44 -1.4   2  1.614.8 1.3
5048519730814 18.7  2.3  0.009900-99.9-99.9-99.9-99.9 7.5 69 5.8 53 -0.7   2  1.612.8 1.3
5048519730815 19.5  1.9  0.009900-99.9-99.9-99.9-99.9 9.6 88 8.0 64  3.8   2  1.615.3 1.3
5048519730816 22.7  4.9  0.009900-99.9-99.9-99.9-99.9 7.8 72 7.5 54  2.9   6  4.813.3 1.9
5048519730817 17.3  5.0  0.009900-99.9-99.9-99.9-99.9 9.5 87 6.8 51  1.5   8  6.415.4 1.9
5048519730818 17.5  2.7  0.009900-99.9-99.9-99.9-99.9 9.5 87 5.5 43 -1.4   4  3.215.5 1.6
5048519730819 17.0  2.2  0.009900-99.9-99.9-99.9-99.9 7.3 67 4.3 38 -4.7   2  1.613.0 1.4
5048519730820 16.6  2.7  0.009900-99.9-99.9-99.9-99.9 9.0 82 5.2 48 -2.2   4  3.215.1 1.6
5048519730821 18.3 -0.7  0.009900-99.9-99.9-99.9-99.9 9.6 87 5.4 46 -1.7   4  3.216.0 1.6
5048519730822 18.9 -2.3  0.009900-99.9-99.9-99.9-99.9 9.5 86 6.1 56  0.0   4  3.215.9 1.5
5048519730823 20.0  2.0  0.009900-99.9-99.9-99.9-99.9 4.8 43 7.4 55  2.7   2  1.610.3 1.4
5048519730824 10.8  2.0  0.009900-99.9-99.9-99.9-99.9 2.8 25 5.1 54 -2.5  10  8.0 7.9 1.8
5048519730825 17.0 -3.0  0.009900-99.9-99.9-99.9-99.9 9.7 87 5.2 53 -2.2   4  3.216.5 1.5
5048519730826 18.5 -0.5  0.009900-99.9-99.9-99.9-99.9 9.8 88 4.7 44 -3.6   2  1.616.8 1.6
5048519730827 22.6  1.0  0.009900-99.9-99.9-99.9-99.9 9.8 87 5.5 38 -1.4   8  6.416.9 2.4
5048519730828 18.5  2.7  0.009900-99.9-99.9-99.9-99.9 9.7 86 6.6 44  1.1  14 11.216.9 2.6
5048519730829 18.5  5.8  0.009900-99.9-99.9-99.9-99.9 7.6 67 7.7 54  3.2   8  6.414.3 2.2
5048519730830 22.4  3.0  0.009900-99.9-99.9-99.9-99.9 9.7 86 7.0 50  1.9   8  6.417.1 2.4
5048519730831 24.7  3.7  0.009900-99.9-99.9-99.9-99.9 9.6 85 6.8 44  1.5   4  3.217.1 2.2
5048519730901 26.3  3.0  0.009900-99.9-99.9-99.9-99.9 9.6 84 6.7 42  1.3   4  3.217.2 2.3
5048519730902 27.3  4.2  0.009900-99.9-99.9-99.9-99.9 9.6 84 7.9 44  3.6   2  1.617.3 2.2
5048519730903 18.4  5.2  0.009900-99.9-99.9-99.9-99.9 9.7 85 6.2 41  0.2  14 11.217.5 3.1
5048519730904 19.0  2.9  0.009900-99.9-99.9-99.9-99.9 9.9 86 5.4 42 -1.7   8  6.417.9 2.5
5048519730905 17.0  4.9  0.009900-99.9-99.9-99.9-99.9 9.7 84 4.8 38 -3.3   8  6.417.8 2.6
5048519730906 16.7 -1.1  0.009900-99.9-99.9-99.9-99.9 8.7 75 4.5 44 -4.1   4  3.216.6 1.9
5048519730907 19.3 -1.1  0.009900-99.9-99.9-99.9-99.9 9.4 81 5.9 46 -0.5   4  3.217.6 2.0
5048519730908 21.5  3.8  0.009900-99.9-99.9-99.9-99.9 9.5 82 6.1 42  0.0   4  3.217.9 2.3
5048519730909 25.0  2.2  0.009900-99.9-99.9-99.9-99.9 9.7 83 5.5 33 -1.4   2  1.618.2 2.2
5048519730910 24.0  3.8  0.009900-99.9-99.9-99.9-99.9 9.7 83 6.9 38  1.7  10  8.018.4 3.1
5048519730911 22.2  6.3  0.009900-99.9-99.9-99.9-99.9 9.5 81 7.5 45  2.9  21 16.818.2 4.2
5048519730912 18.1  2.0  0.009900-99.9-99.9-99.9-99.9 8.9 76 7.3 54  2.5   2  1.617.5 2.0
5048519730913 20.7  5.2  0.009900-99.9-99.9-99.9-99.9 6.9 59 7.1 46  2.1   4  3.214.8 2.3
5048519730914 19.0  1.6  0.009900-99.9-99.9-99.9-99.9 9.6 81 5.3 38 -1.9   4  3.218.7 2.3
5048519730915 22.3  2.2  0.009900-99.9-99.9-99.9-99.9 9.8 83 5.7 38 -1.0   6  4.819.1 2.7
5048519730916 16.3  4.5  0.009900-99.9-99.9-99.9-99.9 3.4 29 5.5 42 -1.4   9  7.210.2 2.5
5048519730917 15.5  4.2  0.009900-99.9-99.9-99.9-99.9 8.8 74 8.3 65  4.3   7  5.617.9 2.3
5048519730918 18.6  1.4  0.009900-99.9-99.9-99.9-99.9 9.3 78 7.5 54  2.9   6  4.818.7 2.4
5048519730919 20.0  7.8  0.009900-99.9-99.9-99.9-99.9 6.8 57 9.0 56  5.4   2  1.615.2 2.3
5048519730920 23.0  3.4  0.009900-99.9-99.9-99.9-99.910.0 83 7.8 48  3.4   4  3.219.9 2.7
5048519730921 26.2  5.0  0.009900-99.9-99.9-99.9-99.910.1 84 7.8 41  3.4   6  4.820.2 3.2
5048519730922 26.7  6.8  0.009900-99.9-99.9-99.9-99.910.2 84 8.7 41  5.0   3  2.420.4 3.0
5048519730923 28.7  7.5  0.009900-99.9-99.9-99.9-99.910.4 86 7.8 35  3.4   6  4.820.8 3.5
5048519730924 29.0  6.0  0.009900-99.9-99.9-99.9-99.9 8.3 68 8.3 42  4.3  19 15.217.9 4.9
5048519730925 15.7  9.0  0.009900-99.9-99.9-99.9-99.9 7.5 62 5.0 36 -2.7   9  7.216.8 3.3
5048519730926 18.7  3.2  0.009900-99.9-99.9-99.9-99.910.5 86 5.5 36 -1.4   6  4.821.3 3.0
5048519730927 20.2  3.5  0.009900-99.9-99.9-99.9-99.9 9.3 76 7.5 47  2.9   6  4.819.7 2.8
5048519730928 20.2  5.5  0.009900-99.9-99.9-99.9-99.910.5 85 7.5 47  2.9   9  7.221.5 3.4
5048519730929 19.7  5.3  0.009900-99.9-99.9-99.9-99.910.3 84 8.7 53  5.0   6  4.821.4 3.0
5048519730930 23.7 10.7  0.009900-99.9-99.9-99.9-99.910.2 83 9.1 52  5.6   6  4.821.3 3.6
5048519731001 26.5  7.1  0.009900-99.9-99.9-99.9-99.910.6 8611.8 55  9.4   2  1.622.0 3.2
5048519731002 28.4  8.0  0.009900-99.9-99.9-99.9-99.9 9.5 7611.9 49  9.5   4  3.220.5 3.4
5048519731003 25.0 16.0  0.009900-99.9-99.9-99.9-99.9 9.1 7311.7 49  9.3  13 10.420.0 4.7
5048519731004 22.6 13.4  0.009900-99.9-99.9-99.9-99.9 9.8 7813.8 67 11.8  14 11.221.1 4.1
5048519731005 27.0 10.3  0.009900-99.9-99.9-99.9-99.9 9.8 7812.8 56 10.6   6  4.821.2 3.7
5048519731006 25.0  7.9  0.009900-99.9-99.9-99.9-99.911.8 94 8.4 45  4.5   2  1.624.4 3.5
5048519731007 27.0  9.4  0.009900-99.9-99.9-99.9-99.9 9.7 77 9.0 40  5.4  11  8.821.3 4.5
5048519731008 28.0  8.3  0.009900-99.9-99.9-99.9-99.910.7 8510.8 48  8.1   4  3.222.9 3.8
5048519731009 19.4 10.0  0.009900-99.9-99.9-99.9-99.9 7.7 61 7.5 50  2.9  27 21.618.4 5.5
5048519731010 21.5  4.5  0.009900-99.9-99.9-99.9-99.910.8 85 7.2 45  2.3   2  1.623.3 3.1
5048519731011 21.7  5.2  0.009900-99.9-99.9-99.9-99.910.9 86 5.1 28 -2.5  19 15.223.5 5.3
5048519731012 20.3  7.5  0.009900-99.9-99.9-99.9-99.911.1 87 6.6 40  1.1   6  4.823.9 3.7
5048519731013 26.7  6.2  0.009900-99.9-99.9-99.9-99.910.8 84 7.8 38  3.4   1  0.823.6 3.4
5048519731014 31.0  7.9  0.009900-99.9-99.9-99.9-99.910.8 84 9.8 39  6.7   4  3.223.6 4.1
5048519731015 31.6  9.6  0.519900-99.9-99.9-99.9-99.9 8.8 6810.6 38  7.8   3  2.420.6 3.9
5048519731016 25.0 15.1  0.009900-99.9-99.9-99.9-99.9 5.0 3913.5 60 11.4   8  6.414.6 3.6
5048519731017 31.0 11.5  0.009900-99.9-99.9-99.9-99.911.3 8710.9 41  8.2   4  3.224.7 4.5
5048519731018 31.0 13.2  0.009900-99.9-99.9-99.9-99.911.3 8711.3 39  8.8   4  3.224.8 4.6
5048519731019 32.7 11.6  0.009900-99.9-99.9-99.9-99.911.2 8615.5 52 13.5   4  3.224.7 4.6
5048519731020 35.3 13.1  0.009900-99.9-99.9-99.9-99.911.4 8811.4 36  8.9   9  7.225.1 5.6
5048519731021 26.3 10.7  0.009900-99.9-99.9-99.9-99.911.3 8713.0 70 10.9  14 11.225.1 5.0
5048519731022 12.3  6.1  6.019900-99.9-99.9-99.9-99.9 1.5 1110.1 88  7.1  13 10.4 9.3 1.7
5048519731023 20.3  4.0  4.519900-99.9-99.9-99.9-99.911.5 88 8.8 58  5.1   2  1.625.6 3.4
5048519731024 22.5  4.7  0.009900-99.9-99.9-99.9-99.9 6.5 4910.0 61  7.0  12  9.617.5 3.5
5048519731025 21.0  9.5  0.009900-99.9-99.9-99.9-99.911.0 83 9.5 56  6.2   7  5.624.9 4.2
5048519731026 27.3  5.3  0.009900-99.9-99.9-99.9-99.911.4 8610.5 40  7.7   4  3.225.7 4.1
5048519731027 27.6 10.0  0.009900-99.9-99.9-99.9-99.911.6 8812.3 48 10.0   6  4.826.1 4.6
5048519731028 22.3  9.7  0.009900-99.9-99.9-99.9-99.911.3 8510.2 47  7.3  19 15.225.6 5.4
5048519731029 25.3  6.2  0.009900-99.9-99.9-99.9-99.910.5 7910.6 53  7.8   4  3.224.4 3.9
5048519731030 23.8  9.7  0.009900-99.9-99.9-99.9-99.911.5 86 9.0 44  5.4  27 21.626.1 6.7
5048519731031 13.7  9.6  0.009900-99.9-99.9-99.9-99.911.5 86 9.3 70  5.9   7  5.626.2 3.8
5048519731101 17.7  7.6  0.009900-99.9-99.9-99.9-99.9 5.3 40 8.4 59  4.5   2  1.616.0 2.7
5048519731102 24.4  2.7  0.009900-99.9-99.9-99.9-99.911.3 84 9.0 45  5.4   2  1.626.0 3.7
5048519731103 19.7  6.3  2.519900-99.9-99.9-99.9-99.9 6.3 4710.5 72  7.7   9  7.217.8 3.2
5048519731104 25.3  3.9  0.009900-99.9-99.9-99.9-99.911.9 88 8.0 42  3.8   4  3.227.1 4.2
5048519731105 32.0  7.2  0.009900-99.9-99.9-99.9-99.911.8 8710.2 39  7.3   4  3.227.0 4.8
5048519731106 22.8 12.6  0.009900-99.9-99.9-99.9-99.911.4 84 9.6 48  6.4   8  6.426.4 5.0
5048519731107 26.3  9.3  0.009900-99.9-99.9-99.9-99.9 9.8 7211.2 47  8.6   4  3.223.8 4.2
5048519731108 25.0 13.9  0.009900-99.9-99.9-99.9-99.9 8.2 6013.8 67 11.8  12  9.621.2 4.7
5048519731109 19.0 14.2  4.019900-99.9-99.9-99.9-99.9 0.0  016.2 86 14.2   9  7.2 7.5 1.9
5048519731110 15.8 13.8  8.519900-99.9-99.9-99.9-99.9 0.0  016.2 97 14.2   1  0.8 7.5 1.4
5048519731111 20.0 11.8  1.519900-99.9-99.9-99.9-99.9 5.0 3714.7 77 12.7  12  9.616.0 3.1
5048519731112 23.0 10.9  0.009900-99.9-99.9-99.9-99.9 9.5 6913.5 69 11.4   2  1.623.6 3.9
5048519731113 26.3 13.6  0.009900-99.9-99.9-99.9-99.9 8.1 5914.9 66 12.9   2  1.621.3 4.0
5048519731114 30.0 11.8  0.009900-99.9-99.9-99.9-99.9 9.5 6916.2 58 14.2   4  3.223.7 4.6
5048519731115 30.0 15.0  0.009900-99.9-99.9-99.9-99.912.2 8815.9 56 13.9   6  4.828.3 5.6
5048519731116 23.4 14.0  0.009900-99.9-99.9-99.9-99.912.3 89 7.7 36  3.2  13 10.428.5 6.2
5048519731117 24.5  8.6  0.009900-99.9-99.9-99.9-99.911.5 83 9.4 42  6.1   2  1.627.2 4.4
5048519731118 30.5  9.9  0.009900-99.9-99.9-99.9-99.912.2 8811.6 43  9.2   1  0.828.4 4.9
5048519731119 34.5 12.0  0.009900-99.9-99.9-99.9-99.911.8 8513.4 42 11.3   4  3.227.8 5.5
5048519731120 36.5 13.2  0.009900-99.9-99.9-99.9-99.912.3 8814.2 40 12.2   2  1.628.7 5.6
5048519731121 35.4 14.6  0.009900-99.9-99.9-99.9-99.911.4 8213.5 34 11.4  12  9.627.2 6.8
5048519731122 32.6 18.0  0.009900-99.9-99.9-99.9-99.912.3 8814.1 42 12.1   9  7.228.8 6.6
5048519731123 27.0 14.5  0.009900-99.9-99.9-99.9-99.912.3 88 9.6 36  6.4  11  8.828.8 6.3
5048519731124 24.8  7.3  0.009900-99.9-99.9-99.9-99.912.3 88 8.5 41  4.6   4  3.228.9 4.7
5048519731125 30.5  8.0  0.009900-99.9-99.9-99.9-99.912.5 8913.6 49 11.5   4  3.229.2 5.2
5048519731126 27.5 12.9  0.009900-99.9-99.9-99.9-99.912.4 88 9.3 36  5.9   8  6.429.1 5.8
5048519731127 30.0 10.0  0.009900-99.9-99.9-99.9-99.912.5 8910.9 40  8.2   2  1.629.3 5.1
5048519731128 34.2 11.4  0.009900-99.9-99.9-99.9-99.912.3 8712.3 36 10.0   1  0.829.0 5.3
5048519731129 31.3 17.1  0.009900-99.9-99.9-99.9-99.912.4 8811.2 33  8.6  11  8.829.2 6.9
5048519731130 25.0 15.2  0.009900-99.9-99.9-99.9-99.9 7.3 52 7.8 37  3.4   8  6.420.5 5.0
5048519731201 30.5 11.2  0.009900-99.9-99.9-99.9-99.912.5 8812.0 44  9.7   7  5.629.4 5.8
5048519731202 33.0 10.2  0.009900-99.9-99.9-99.9-99.9 8.1 5712.8 45 10.6   3  2.421.9 4.6
5048519731203 23.5 13.0  0.009900-99.9-99.9-99.9-99.912.2 86 7.8 37  3.4  28 22.429.0 8.2
5048519731204 26.0  7.5  0.009900-99.9-99.9-99.9-99.911.7 83 9.6 43  6.4   6  4.828.1 5.0
5048519731205 29.5  9.6  0.009900-99.9-99.9-99.9-99.912.1 8513.5 54 11.4   6  4.828.8 5.4
5048519731206 19.6  7.9  3.519900-99.9-99.9-99.9-99.9 0.4  310.6 79  7.8  13 10.4 8.7 2.7
5048519731207 26.4  7.3  0.009900-99.9-99.9-99.9-99.912.3 8711.1 53  8.5   4  3.229.2 4.9
5048519731208 31.0  8.0  0.009900-99.9-99.9-99.9-99.912.6 8911.0 44  8.4   4  3.229.8 5.4
5048519731209 32.5 14.2  0.009900-99.9-99.9-99.9-99.912.3 8612.9 37 10.7   4  3.229.3 5.9
5048519731210 30.5 13.7  0.009900-99.9-99.9-99.9-99.912.4 8712.0 40  9.7   4  3.229.5 5.7
5048519731211 28.5 17.2 21.019900-99.9-99.9-99.9-99.9 9.7 6817.4 60 15.3   7  5.624.8 5.4
5048519731212 34.2 16.0  0.009910-99.9-99.9-99.9-99.912.3 8617.7 56 15.6   2  1.629.3 6.0
5048519731213 27.7 16.2  0.009900-99.9-99.9-99.9-99.912.5 8811.7 42  9.3  10  8.029.7 6.5
5048519731214 30.6 14.0  0.009900-99.9-99.9-99.9-99.911.7 8212.3 43 10.0   4  3.228.3 5.6
5048519731215 29.5 12.5  0.009900-99.9-99.9-99.9-99.912.5 8812.4 44 10.1   9  7.229.7 6.1
5048519731216 32.5 13.3  0.009900-99.9-99.9-99.9-99.9 9.5 6615.5 50 13.5   4  3.224.5 5.2
5048519731217 29.4 15.8  0.009900-99.9-99.9-99.9-99.912.1 8513.0 42 10.9   8  6.429.0 6.2
5048519731218 31.8 15.9  0.009900-99.9-99.9-99.9-99.912.3 8612.4 37 10.1   6  4.829.4 6.2
5048519731219 35.2 13.2  0.009900-99.9-99.9-99.9-99.912.6 8811.8 35  9.4   4  3.229.9 6.0
5048519731220 35.2 13.9  0.009900-99.9-99.9-99.9-99.9 7.6 5316.0 43 14.0   4  3.221.3 4.9
5048519731221 32.5 18.4  4.519900-99.9-99.9-99.9-99.9 7.9 5514.3 47 12.3  15 12.021.8 6.7
5048519731222 31.0 16.6  0.009900-99.9-99.9-99.9-99.9 8.8 6216.1 53 14.1   9  7.223.3 5.7
5048519731223 34.2 14.7  0.009900-99.9-99.9-99.9-99.911.1 7814.5 41 12.5   4  3.227.3 5.8
5048519731224 27.0 16.7 11.519900-99.9-99.9-99.9-99.9 0.0  016.1 75 14.1   3  2.4 8.1 2.6
5048519731225 27.7 13.8  2.519900-99.9-99.9-99.9-99.911.2 7815.4 61 13.4   4  3.227.5 5.2
5048519731226 25.7 14.4  1.519900-99.9-99.9-99.9-99.910.6 7416.8 70 14.8   2  1.626.5 4.8
5048519731227 27.8 14.9  0.009900-99.9-99.9-99.9-99.9 9.0 6316.4 62 14.4   4  3.223.7 4.8
5048519731228 30.0 15.1  0.009900-99.9-99.9-99.9-99.912.6 8818.2 62 16.0   4  3.229.9 5.8
5048519731229 34.5 15.3  0.009900-99.9-99.9-99.9-99.911.7 8215.8 43 13.8   2  1.628.3 5.8
5048519731230 34.2 15.1  0.009900-99.9-99.9-99.9-99.912.5 8818.6 53 16.4   2  1.629.7 6.0
5048519731231 35.8 16.8  0.009900-99.9-99.9-99.9-99.912.4 8719.8 51 17.3   2  1.629.5 6.2
5048519740101 32.8 20.3  0.009900-99.9-99.9-99.9-99.912.0 8418.0 49 15.8   2  1.628.8 6.1
5048519740102 29.3 17.7  0.009900-99.9-99.9-99.9-99.912.2 8617.0 57 15.0   6  4.829.2 6.1
5048519740103 32.4 15.3  0.009900-99.9-99.9-99.9-99.912.4 8718.7 54 16.4   8  6.429.5 6.3
5048519740104 38.0 20.0  0.009900-99.9-99.9-99.9-99.912.4 8721.9 54 19.0   9  7.229.5 7.4
5048519740105 30.0 13.5  0.009900-99.9-99.9-99.9-99.912.3 8711.9 48  9.5   1  0.829.3 5.3
5048519740106 34.6 13.4  0.009900-99.9-99.9-99.9-99.911.9 8418.0 51 15.8   2  1.628.6 5.7
5048519740107 30.0 18.7  0.009900-99.9-99.9-99.9-99.912.2 8610.9 40  8.2   6  4.829.1 6.2
5048519740108 30.8 13.3  0.009900-99.9-99.9-99.9-99.912.4 8812.5 41 10.3   2  1.629.4 5.4
5048519740109 33.1 15.5  0.009900-99.9-99.9-99.9-99.912.2 8616.0 47 14.0   6  4.829.1 6.2
5048519740110 28.2 16.5  0.009900-99.9-99.9-99.9-99.912.4 8810.8 41  8.1  22 17.629.4 8.1
5048519740111 33.0 12.3  0.009900-99.9-99.9-99.9-99.911.9 8415.4 49 13.4   6  4.828.5 5.8
5048519740112 36.3 17.7  0.009900-99.9-99.9-99.9-99.912.1 8621.4 55 18.6   3  2.428.8 6.3
5048519740113 36.0 18.8  0.009900-99.9-99.9-99.9-99.9 9.3 6617.9 51 15.8   6  4.824.0 5.9
5048519740114 28.0 13.2  0.009900-99.9-99.9-99.9-99.911.9 85 9.8 42  6.7   4  3.228.4 5.3
5048519740115 34.5 11.4  0.009900-99.9-99.9-99.9-99.912.2 8715.2 46 13.2   4  3.228.9 5.7
5048519740116 35.5 15.3  0.009900-99.9-99.9-99.9-99.912.4 8818.9 52 16.6   4  3.229.2 6.2
5048519740117 35.3 17.3  0.009900-99.9-99.9-99.9-99.911.6 8315.2 40 13.2   9  7.227.8 6.7
5048519740118 35.5 19.5  0.009900-99.9-99.9-99.9-99.911.2 8018.1 48 15.9   3  2.427.1 6.0
5048519740119 36.0 19.3  0.009900-99.9-99.9-99.9-99.911.7 8414.3 36 12.3   5  4.028.0 6.3
5048519740120 28.8 15.1  0.009900-99.9-99.9-99.9-99.9 7.8 5610.2 37  7.3  14 11.221.2 6.0
5048519740121 27.3 14.0  0.009900-99.9-99.9-99.9-99.911.6 8310.5 39  7.7   7  5.627.7 5.6
5048519740122 24.5 14.0  0.009900-99.9-99.9-99.9-99.911.2 8113.5 54 11.4  20 16.027.0 6.2
5048519740123 25.3 16.3  4.519900-99.9-99.9-99.9-99.9 1.8 1317.5 67 15.4   1  0.810.9 2.6
5048519740124 26.5 14.9  3.519900-99.9-99.9-99.9-99.9 9.5 6918.1 77 15.9   8  6.424.0 4.8
5048519740125 32.0 12.8  0.009900-99.9-99.9-99.9-99.912.2 8815.3 59 13.3   2  1.628.6 5.3
5048519740126 33.5 14.7  0.009900-99.9-99.9-99.9-99.912.1 8815.2 49 13.2   1  0.828.4 5.4
5048519740127 34.7 16.6  0.009900-99.9-99.9-99.9-99.911.6 8420.5 54 17.9   1  0.827.5 5.6
5048519740128 32.0 20.1  0.009900-99.9-99.9-99.9-99.912.0 8719.5 57 17.1  10  8.028.1 6.6
5048519740129 36.7 21.0  0.009900-99.9-99.9-99.9-99.912.0 8721.5 52 18.7   7  5.628.1 6.8
5048519740130 35.0 21.8  0.009900-99.9-99.9-99.9-99.911.4 8320.3 52 17.7  13 10.427.0 7.3
5048519740131 38.2 18.2  0.009900-99.9-99.9-99.9-99.910.6 7818.9 51 16.6   3  2.425.6 5.8
5048519740201 33.0 20.1  0.009900-99.9-99.9-99.9-99.9 6.8 5021.4 62 18.6   7  5.619.1 4.9
5048519740202 29.0 15.8  0.009900-99.9-99.9-99.9-99.9 7.5 5518.4 71 16.2   1  0.820.2 4.0
5048519740203 35.0 13.7  0.009900-99.9-99.9-99.9-99.912.0 8819.0 62 16.7   1  0.827.8 5.4
5048519740204 36.3 18.7  0.009900-99.9-99.9-99.9-99.911.1 8217.9 50 15.8   2  1.626.2 5.6
5048519740205 33.2 21.2  0.009900-99.9-99.9-99.9-99.912.0 8917.3 45 15.2   6  4.827.7 6.2
5048519740206 34.3 19.1  0.009900-99.9-99.9-99.9-99.910.2 7621.2 60 18.4   4  3.224.6 5.5
5048519740207 27.0 12.2  0.009900-99.9-99.9-99.9-99.9 8.3 62 9.8 46  6.7   5  4.021.3 4.4
5048519740208 28.4  8.8  0.009900-99.9-99.9-99.9-99.9 9.0 6713.5 53 11.4   2  1.622.4 3.9
5048519740209 29.0 14.6  0.009900-99.9-99.9-99.9-99.9 8.5 6318.4 66 16.2   2  1.621.6 4.1
5048519740210 24.8 17.1  0.009900-99.9-99.9-99.9-99.9 2.0 1516.7 71 14.7   9  7.210.6 3.1
5048519740211 29.0 14.9 56.819900-99.9-99.9-99.9-99.911.5 8619.4 68 17.0   8  6.426.4 5.2
5048519740212 24.5 17.0  0.009900-99.9-99.9-99.9-99.910.4 7819.4 84 17.0   8  6.424.5 4.6
5048519740213 26.8 16.1 12.819900-99.9-99.9-99.9-99.9 0.2  219.4 77 17.0   4  3.2 7.5 2.2
5048519740214 21.7 13.0  5.719900-99.9-99.9-99.9-99.9 0.0  018.0 91 15.8   8  6.4 7.2 1.7
5048519740215 19.0 13.0  0.519900-99.9-99.9-99.9-99.9 3.2 2415.1 80 13.1   4  3.212.4 2.3
5048519740216 19.6 15.3  0.009900-99.9-99.9-99.9-99.9 0.5  414.1 72 12.1   4  3.2 7.9 2.1
5048519740217 25.8 15.6  0.009900-99.9-99.9-99.9-99.9 8.8 6719.1 80 16.8   2  1.621.5 3.9
5048519740218 28.5 13.7  0.009900-99.9-99.9-99.9-99.911.4 8718.6 70 16.4   1  0.825.7 4.5
5048519740219 25.2 16.4 16.219900-99.9-99.9-99.9-99.9 7.0 5318.0 74 15.8   1  0.818.5 3.4
5048519740220 24.6 15.8  0.009900-99.9-99.9-99.9-99.9 7.4 5718.9 78 16.6   1  0.819.0 3.4
5048519740221 28.0 14.6  0.009900-99.9-99.9-99.9-99.9 8.6 6620.1 77 17.6   0  0.020.9 3.7
5048519740222 30.2 15.6  0.009900-99.9-99.9-99.9-99.911.3 8717.7 63 15.6   8  6.425.2 5.2
5048519740223 31.0 15.4 11.619900-99.9-99.9-99.9-99.910.4 8017.0 57 15.0   6  4.823.7 4.8
5048519740224 24.2 17.0 13.619900-99.9-99.9-99.9-99.9 1.3 1018.7 86 16.4   3  2.4 8.9 2.2
5048519740225 19.1 16.1  2.019900-99.9-99.9-99.9-99.9 0.0  018.3 91 16.1   4  3.2 6.8 1.5
5048519740226 23.8 15.8  0.009900-99.9-99.9-99.9-99.9 5.9 4618.9 82 16.6   6  4.816.2 3.1
5048519740227 28.2 14.1  0.009900-99.9-99.9-99.9-99.911.2 8719.9 77 17.4   6  4.824.6 4.4
5048519740228 29.6 16.2  0.009900-99.9-99.9-99.9-99.911.0 8620.0 67 17.5   4  3.224.2 4.6
5048519740301 24.6 17.0  0.009900-99.9-99.9-99.9-99.9 5.9 4619.1 75 16.8  15 12.016.0 3.7
5048519740302 21.9 10.8  0.009900-99.9-99.9-99.9-99.910.6 8310.9 59  8.2   2  1.623.4 3.5
5048519740303 28.4  9.0  0.009900-99.9-99.9-99.9-99.9 8.4 6613.6 61 11.5   1  0.819.8 3.3
5048519740304 29.2 10.7  0.009900-99.9-99.9-99.9-99.911.0 8716.5 67 14.5   4  3.223.8 4.0
5048519740305 31.0 13.8  0.009900-99.9-99.9-99.9-99.910.8 8617.8 65 15.7   2  1.623.4 4.2
5048519740306 32.3 14.7  0.009900-99.9-99.9-99.9-99.910.7 8520.7 65 18.1   6  4.823.1 4.6
5048519740307 29.2 15.4  0.009900-99.9-99.9-99.9-99.910.6 8417.3 60 15.2   4  3.222.9 4.2
5048519740308 32.3 17.3 43.019900-99.9-99.9-99.9-99.9 9.8 7822.0 70 19.0   2  1.621.5 4.2
5048519740309 28.7 16.3  2.019900-99.9-99.9-99.9-99.9 9.0 7222.2 81 19.2   1  0.820.2 3.6
5048519740310 25.6 18.0  0.009900-99.9-99.9-99.9-99.9 8.8 7121.2 78 18.4   3  2.419.8 3.6
5048519740311 27.0 16.3  0.009900-99.9-99.9-99.9-99.9 8.8 7121.1 79 18.4   2  1.619.7 3.5
5048519740312 22.0 14.0  0.009900-99.9-99.9-99.9-99.9 2.9 2317.9 88 15.8   4  3.210.6 2.0
5048519740313 28.2 11.9  2.519900-99.9-99.9-99.9-99.910.4 8418.1 76 15.9   4  3.221.9 3.6
5048519740314 20.8  9.5  0.009900-99.9-99.9-99.9-99.9 5.8 4710.8 69  8.1   8  6.414.8 2.9
5048519740315 18.8  7.0  0.009900-99.9-99.9-99.9-99.9 9.5 77 8.6 57  4.8   2  1.620.3 2.7
5048519740316 25.2  5.4  0.009900-99.9-99.9-99.9-99.910.5 8611.1 63  8.5   2  1.621.7 3.0
5048519740317 29.3  8.0  0.009900-99.9-99.9-99.9-99.910.7 8813.4 62 11.3   1  0.821.9 3.2
5048519740318 29.3  9.0  0.009900-99.9-99.9-99.9-99.910.5 8614.3 63 12.3   2  1.621.5 3.3
5048519740319 29.7 10.0  0.009900-99.9-99.9-99.9-99.910.5 8615.5 68 13.5   2  1.621.4 3.4
5048519740320 30.0 13.0  0.009900-99.9-99.9-99.9-99.9 9.5 7815.1 58 13.1   4  3.219.8 3.6
5048519740321 30.0 13.7  0.009900-99.9-99.9-99.9-99.9 9.3 7716.9 68 14.9   2  1.619.4 3.4
5048519740322 30.4 12.6  0.009900-99.9-99.9-99.9-99.910.2 8517.4 65 15.3   4  3.220.6 3.6
5048519740323 31.5 13.3  0.009900-99.9-99.9-99.9-99.910.0 8316.6 61 14.6   1  0.820.2 3.4
5048519740324 29.0 13.3  0.009900-99.9-99.9-99.9-99.9 9.1 7616.1 62 14.1   3  2.418.8 3.2
5048519740325 30.0 14.7  0.009900-99.9-99.9-99.9-99.910.2 8517.6 67 15.5   2  1.620.2 3.4
5048519740326 29.2 15.7  0.009900-99.9-99.9-99.9-99.9 8.5 7118.7 75 16.4   2  1.617.7 3.1
5048519740327 21.5 13.4  0.009900-99.9-99.9-99.9-99.9 2.1 1811.3 59  8.8   4  3.2 8.5 2.2
5048519740328 25.8 12.2  0.009900-99.9-99.9-99.9-99.9 9.5 8014.3 66 12.3   2  1.618.9 2.9
5048519740329 26.3 12.2  0.009900-99.9-99.9-99.9-99.9 7.8 6616.4 72 14.4   1  0.816.4 2.5
5048519740330 23.7 14.3  0.009900-99.9-99.9-99.9-99.9 7.6 6513.6 67 11.5   4  3.216.0 2.8
5048519740331 25.3 12.3  0.009900-99.9-99.9-99.9-99.9 7.5 6413.5 65 11.4   3  2.415.8 2.6
5048519740401 28.1 11.3  0.009900-99.9-99.9-99.9-99.910.2 8714.5 66 12.5   2  1.619.4 2.9
5048519740402 28.3 10.7  0.009900-99.9-99.9-99.9-99.910.1 8714.3 61 12.3   2  1.619.1 2.8
5048519740403 29.5 11.2  0.009900-99.9-99.9-99.9-99.910.2 8815.3 64 13.3   4  3.219.1 3.0
5048519740404 26.3 13.0  0.009900-99.9-99.9-99.9-99.9 9.6 8313.1 63 11.0   2  1.618.2 2.7
5048519740405 30.2 10.4  0.009900-99.9-99.9-99.9-99.910.0 8615.2 62 13.2   4  3.218.6 2.9
5048519740406 29.6 12.6  0.009900-99.9-99.9-99.9-99.9 9.5 8216.8 69 14.8   1  0.817.8 2.7
5048519740407 30.5 14.2  0.009900-99.9-99.9-99.9-99.9 9.7 8417.1 66 15.0   0  0.018.0 2.8
5048519740408 31.5 14.7  0.009900-99.9-99.9-99.9-99.9 9.6 8417.6 66 15.5   4  3.217.7 3.1
5048519740409 25.7 12.7  0.009900-99.9-99.9-99.9-99.9 8.6 7512.9 59 10.7   2  1.616.3 2.4
5048519740410 28.8 10.7  0.009900-99.9-99.9-99.9-99.9 9.8 8613.9 59 11.9   4  3.217.8 2.7
5048519740411 30.3 12.2  0.009900-99.9-99.9-99.9-99.9 9.8 8617.5 70 15.4   1  0.817.6 2.6
5048519740412 31.2 12.7  0.009900-99.9-99.9-99.9-99.9 9.8 8618.5 68 16.3   2  1.617.5 2.7
5048519740413 24.2 15.4  0.009900-99.9-99.9-99.9-99.9 0.2  2 9.6 42  6.4   7  5.6 5.0 2.7
5048519740414 22.1 14.2  0.009900-99.9-99.9-99.9-99.9 8.0 7113.4 69 11.3   1  0.815.0 2.1
5048519740415 25.0 12.8  0.009900-99.9-99.9-99.9-99.9 6.9 6115.0 73 13.0   6  4.813.5 2.3
5048519740416 27.0 13.7  0.009900-99.9-99.9-99.9-99.9 9.7 8716.2 72 14.2   1  0.816.9 2.3
5048519740417 21.8  7.7  0.009900-99.9-99.9-99.9-99.9 7.9 71 7.8 40  3.4  22 17.614.5 3.9
5048519740418 15.5  4.0  0.009900-99.9-99.9-99.9-99.9 1.8 16 7.6 61  3.0   4  3.2 6.8 1.4
5048519740419 19.2  2.2  0.009900-99.9-99.9-99.9-99.9 9.3 84 8.3 69  4.3   2  1.616.1 1.5
5048519740420 20.0  1.8  0.009900-99.9-99.9-99.9-99.9 9.1 82 9.1 74  5.6   1  0.815.7 1.4
5048519740421 22.0  3.9  0.009900-99.9-99.9-99.9-99.9 9.7 8810.2 72  7.3   0  0.016.3 1.5
5048519740422 23.2  9.0  0.009900-99.9-99.9-99.9-99.9 9.7 88 9.4 55  6.1   8  6.416.2 2.4
5048519740423 24.5  5.1  0.009900-99.9-99.9-99.9-99.9 9.7 88 9.5 61  6.2   4  3.216.1 1.9
5048519740424 22.6  7.0  0.009900-99.9-99.9-99.9-99.9 9.5 8711.7 70  9.3   4  3.215.7 1.8
5048519740425 22.8 10.7  3.519900-99.9-99.9-99.9-99.9 7.3 6711.9 69  9.5   4  3.213.0 1.8
5048519740426 21.7  8.6  0.009900-99.9-99.9-99.9-99.9 8.2 7511.8 72  9.4   4  3.214.0 1.7
5048519740427 20.0  5.3  0.009900-99.9-99.9-99.9-99.9 5.2 4812.3 80 10.0   0  0.010.3 1.1
5048519740428 21.7  6.3  0.009900-99.9-99.9-99.9-99.9 9.3 8611.5 78  9.0   3  2.415.1 1.5
5048519740429 21.3  8.2  0.009900-99.9-99.9-99.9-99.9 7.3 6811.2 67  8.6   2  1.612.6 1.4
5048519740430 25.3  7.0  0.009900-99.9-99.9-99.9-99.9 9.5 8811.1 68  8.5   4  3.215.1 1.7
5048519740501 25.5  8.1  0.009900-99.9-99.9-99.9-99.9 9.5 8811.5 64  9.0   2  1.615.0 1.6
5048519740502 25.5  8.4  0.009900-99.9-99.9-99.9-99.9 8.4 7811.4 63  8.9   4  3.213.6 1.7
5048519740503 26.8  8.9  0.009900-99.9-99.9-99.9-99.9 9.0 8411.4 61  8.9   2  1.614.2 1.6
5048519740504 19.0  9.2  0.009900-99.9-99.9-99.9-99.9 3.6 3411.5 67  9.0   4  3.2 8.0 1.3
5048519740505 21.7 11.8  0.009900-99.9-99.9-99.9-99.9 4.7 4414.3 80 12.3   0  0.0 9.2 1.2
5048519740506 22.3 10.6  0.009900-99.9-99.9-99.9-99.9 5.6 5314.7 84 12.7   6  4.810.1 1.4
5048519740507 22.2  9.9  0.009900-99.9-99.9-99.9-99.9 8.0 7613.8 78 11.8   0  0.012.7 1.2
5048519740508 23.0  9.3  0.009900-99.9-99.9-99.9-99.9 6.5 6214.5 83 12.5   2  1.611.0 1.2
5048519740509 23.4  8.4  0.009900-99.9-99.9-99.9-99.9 4.6 4414.4 80 12.4   4  3.2 8.8 1.2
5048519740510 22.0 11.6  0.009900-99.9-99.9-99.9-99.9 3.0 2913.3 69 11.2   9  7.2 7.0 1.7
5048519740511 22.7  8.2  0.009900-99.9-99.9-99.9-99.9 7.3 7010.3 66  7.4   2  1.611.6 1.3
5048519740512 23.1  5.3  0.009900-99.9-99.9-99.9-99.9 8.7 8310.6 73  7.8   2  1.613.1 1.1
5048519740513 23.2  6.9  0.009900-99.9-99.9-99.9-99.9 8.9 85 9.6 61  6.4   6  4.813.2 1.5
5048519740514 20.6  5.5  0.009900-99.9-99.9-99.9-99.9 8.7 8410.2 75  7.3   2  1.612.9 1.0
5048519740515 25.2  6.0  0.009900-99.9-99.9-99.9-99.9 5.6 5411.5 63  9.0   6  4.8 9.5 1.4
5048519740516 24.3  6.6  0.009900-99.9-99.9-99.9-99.9 8.4 81 9.8 57  6.7   4  3.212.4 1.3
5048519740517 17.5  6.7  0.009900-99.9-99.9-99.9-99.9 2.5 2410.3 69  7.4  13 10.4 6.2 1.4
5048519740518 16.8  3.5  0.009900-99.9-99.9-99.9-99.9 4.3 42 9.1 80  5.6   0  0.0 8.0 0.7
5048519740519 19.0  5.4  0.009900-99.9-99.9-99.9-99.9 7.2 7011.6 78  9.2   1  0.811.0 0.8
5048519740520 14.0  8.5  0.009900-99.9-99.9-99.9-99.9 0.0  012.0 91  9.7   2  1.6 3.5 0.6
5048519740521 10.3  6.7  0.009900-99.9-99.9-99.9-99.9 0.0  0 9.7 93  6.5   7  5.6 3.4 0.7
5048519740522 10.3  6.2  0.619900-99.9-99.9-99.9-99.9 0.0  0 9.3 88  5.9  14 11.2 3.4 0.9
5048519740523 10.6  4.9  0.009900-99.9-99.9-99.9-99.9 0.0  0 8.6 80  4.8   2  1.6 3.4 0.7
5048519740524  9.4  4.6  0.009900-99.9-99.9-99.9-99.9 0.0  0 8.8 85  5.1   1  0.8 3.4 0.5
5048519740525 15.2  2.2  0.009900-99.9-99.9-99.9-99.9 8.6 84 7.4 70  2.7   1  0.812.0 0.6
5048519740526 21.0  1.6  0.009900-99.9-99.9-99.9-99.9 8.7 86 7.8 65  3.4   3  2.412.0 0.8
5048519740527 21.8  2.6  0.009900-99.9-99.9-99.9-99.9 8.7 86 7.7 63  3.2   6  4.812.0 1.1
5048519740528 20.2  1.4  0.009900-99.9-99.9-99.9-99.9 8.7 86 7.4 65  2.7   4  3.211.9 0.9
5048519740529 20.2  2.2  0.009900-99.9-99.9-99.9-99.9 8.6 85 7.9 67  3.6   2  1.611.8 0.7
5048519740530 15.8  2.4  0.009900-99.9-99.9-99.9-99.9 8.5 84 9.3 78  5.9   6  4.811.6 0.6
5048519740531 14.1  3.8  0.009900-99.9-99.9-99.9-99.9 4.1 41 9.8 89  6.7   2  1.6 7.3 0.5
5048519740601 17.2  3.9  0.009900-99.9-99.9-99.9-99.9 6.2 62 9.5 81  6.2   4  3.2 9.3 0.7
5048519740602 15.3 -0.4  0.009900-99.9-99.9-99.9-99.9 7.9 79 7.5 80  2.9   4  3.210.9 0.6
5048519740603 17.3 -0.3  0.009900-99.9-99.9-99.9-99.9 8.3 83 7.9 76  3.6   6  4.811.2 0.7
5048519740604 16.9 -1.6  0.009900-99.9-99.9-99.9-99.9 8.0 80 7.7 75  3.2   6  4.810.9 0.6
5048519740605 16.2  0.8  0.009900-99.9-99.9-99.9-99.9 8.5 85 8.0 80  3.8   4  3.211.4 0.6
5048519740606 13.9  1.1  0.009900-99.9-99.9-99.9-99.9 5.8 58 7.9 77  3.6   2  1.6 8.7 0.5
5048519740607 15.7 -0.1  0.009900-99.9-99.9-99.9-99.9 7.3 73 8.4 80  4.5   6  4.810.1 0.5
5048519740608 14.7  1.2  0.009900-99.9-99.9-99.9-99.9 5.7 57 7.7 65  3.2   2  1.6 8.6 0.5
5048519740609 16.0  0.6  0.009900-99.9-99.9-99.9-99.9 8.0 80 6.7 68  1.3   2  1.610.7 0.6
5048519740610 16.8 -2.1  0.009900-99.9-99.9-99.9-99.9 8.5 85 7.4 66  2.7   8  6.411.2 0.7
5048519740611 13.2 -1.2  0.009900-99.9-99.9-99.9-99.9 5.5 55 6.6 74  1.1   2  1.6 8.3 0.5
5048519740612 13.7 -2.3  0.009900-99.9-99.9-99.9-99.9 7.5 75 5.8 70 -0.7   4  3.210.2 0.6
5048519740613 14.2 -3.3  0.009900-99.9-99.9-99.9-99.9 8.4 84 5.9 72 -0.5   4  3.211.0 0.6
5048519740614 13.5 -2.7  0.009900-99.9-99.9-99.9-99.9 6.9 69 6.7 75  1.3   9  7.2 9.6 0.6
5048519740615 15.5 -1.3  0.009900-99.9-99.9-99.9-99.9 7.6 77 6.4 70  0.6   2  1.610.2 0.6
5048519740616 14.6 -0.5  0.009900-99.9-99.9-99.9-99.9 8.0 81 6.3 68  0.4   1  0.810.6 0.5
5048519740617 15.0 -1.2  0.009900-99.9-99.9-99.9-99.9 6.3 63 6.5 73  0.9   4  3.2 9.0 0.6
5048519740618 14.7 -2.3  0.009900-99.9-99.9-99.9-99.9 7.3 74 6.7 75  1.3   4  3.2 9.9 0.5
5048519740619 18.2 -1.3  0.009900-99.9-99.9-99.9-99.9 7.2 73 8.0 71  3.8   2  1.6 9.8 0.4
5048519740620 15.6 -2.7  0.009900-99.9-99.9-99.9-99.9 6.6 67 4.5 53 -4.1   1  0.8 9.3 0.7
5048519740621 17.2 -0.6  0.009900-99.9-99.9-99.9-99.9 8.2 83 5.2 54 -2.2   6  4.810.8 1.1
5048519740622 18.4 -0.3  0.009900-99.9-99.9-99.9-99.9 8.5 86 5.9 55 -0.5   2  1.611.0 0.8
5048519740623 15.8  0.6  0.009900-99.9-99.9-99.9-99.9 4.8 48 6.8 67  1.5   1  0.8 7.6 0.6
5048519740624 15.2  1.5  0.009900-99.9-99.9-99.9-99.9 4.7 47 7.7 77  3.2   2  1.6 7.5 0.6
5048519740625 18.7 -1.8  0.009900-99.9-99.9-99.9-99.9 6.1 61 7.0 66  1.9   1  0.8 8.8 0.5
5048519740626 16.1 -2.6  0.009900-99.9-99.9-99.9-99.9 4.8 48 7.0 68  1.9   4  3.2 7.6 0.6
5048519740627 17.5  0.8  0.009900-99.9-99.9-99.9-99.9 0.0  011.7 78  9.3   7  5.6 3.1 0.4
5048519740628 12.8  6.0  0.009900-99.9-99.9-99.9-99.9 0.2  2 9.4 89  6.1  10  8.0 3.3 0.9
5048519740629 12.3  4.3  0.009900-99.9-99.9-99.9-99.9 0.3  3 9.1 78  5.6  19 15.2 3.4 1.0
5048519740630 11.0  6.3  0.009900-99.9-99.9-99.9-99.9 0.0  0 9.6 82  6.4   4  3.2 3.1 0.6
5048519740701 13.8  6.1  0.009900-99.9-99.9-99.9-99.9 4.3 43 7.1 60  2.1   3  2.4 7.2 0.8
5048519740702 14.2  4.8  0.009900-99.9-99.9-99.9-99.9 8.6 86 8.5 75  4.6   3  2.411.3 0.5
5048519740703 16.5  3.5  0.009900-99.9-99.9-99.9-99.9 5.0 50 9.4 76  6.1   1  0.8 7.9 0.5
5048519740704  9.1  2.5 27.019900-99.9-99.9-99.9-99.9 0.0  0 9.6 90  6.4   2  1.6 3.1 0.3
5048519740705 18.0  5.4-99.999900-99.9-99.9-99.9-99.9 8.5 8510.0 78  7.0   4  3.211.2 0.7
5048519740706 19.2  3.1  0.009900-99.9-99.9-99.9-99.9 8.6 86 9.9 77  6.8   2  1.611.4 0.5
5048519740707 18.3  3.0  0.009900-99.9-99.9-99.9-99.9 8.3 8310.1 81  7.1   1  0.811.1 0.5
5048519740708 18.7  6.4  0.009900-99.9-99.9-99.9-99.9 3.8 3811.2 77  8.6   2  1.6 6.8 0.7
5048519740709 14.2 10.0  0.009900-99.9-99.9-99.9-99.9 0.0  012.1 86  9.8   6  4.8 3.2 0.8
5048519740710 14.3  9.2  0.009900-99.9-99.9-99.9-99.9 1.2 1211.4 82  8.9   4  3.2 4.3 0.7
5048519740711 16.8  8.5  0.009900-99.9-99.9-99.9-99.9 5.3 5310.9 80  8.2   4  3.2 8.3 0.8
5048519740712 17.5  7.6  0.009900-99.9-99.9-99.9-99.9 0.0  011.3 85  8.8   2  1.6 3.2 0.8
5048519740713 18.1  4.0  0.009900-99.9-99.9-99.9-99.9 8.8 87 8.9 70  5.3   4  3.211.8 0.7
5048519740714 15.7  0.3  0.009900-99.9-99.9-99.9-99.9 8.7 86 6.5 65  0.9   0  0.011.8 0.5
5048519740715 14.5  0.4  0.009900-99.9-99.9-99.9-99.9 6.1 60 6.0 60 -0.2   5  4.0 9.3 0.9
5048519740716 15.3  0.2  0.009900-99.9-99.9-99.9-99.9 8.8 87 6.1 65  0.0   4  3.212.0 0.8
5048519740717 16.0  0.1  0.009900-99.9-99.9-99.9-99.9 8.8 87 5.7 57 -1.0   8  6.412.0 1.2
5048519740718 16.2  0.5  0.009900-99.9-99.9-99.9-99.9 8.8 87 5.9 60 -0.5   2  1.612.1 0.7
5048519740719 17.8  0.2  0.009900-99.9-99.9-99.9-99.9 8.9 87 5.9 55 -0.5   1  0.812.3 0.7
5048519740720  8.7  0.2  0.009900-99.9-99.9-99.9-99.9 8.9 87 4.4 53 -4.4   6  4.812.3 0.9
5048519740721  2.4 -0.3  0.009900-99.9-99.9-99.9-99.9 0.0  0 5.5 79 -1.4  11  8.8 3.4 0.7
5048519740722  2.8 -0.8  0.009901-99.9-99.9-99.9-99.9 0.0  0 5.6 88 -1.2   4  3.2 3.4 0.5
5048519740723  3.2 -0.9  0.009900-99.9-99.9-99.9-99.9 0.0  0 6.0 89 -0.2   1  0.8 3.4 0.4
5048519740724  6.7 -3.4  0.009900-99.9-99.9-99.9-99.9 0.0  0 6.3 87  0.4   1  0.8 3.5 0.4
5048519740725 11.5 -3.8  0.009900-99.9-99.9-99.9-99.9 7.5 73 5.8 75 -0.7   3  2.411.2 0.6
5048519740726 14.6 -1.4  0.009900-99.9-99.9-99.9-99.9 8.6 83 6.6 69  1.1   1  0.812.4 0.6
5048519740727 19.7 -1.2  0.009900-99.9-99.9-99.9-99.9 8.9 86 7.0 68  1.9   2  1.612.8 0.8
5048519740728 21.0  0.4  0.009900-99.9-99.9-99.9-99.9 8.4 81 8.1 68  3.9   0  0.012.4 0.8
5048519740729 21.8  3.9  0.009900-99.9-99.9-99.9-99.9 8.5 82 8.2 56  4.1   9  7.212.5 1.6
5048519740730 17.5  4.4  0.009900-99.9-99.9-99.9-99.9 9.1 87 8.0 66  3.8   1  0.813.2 0.9
5048519740731 21.1  4.8  0.009900-99.9-99.9-99.9-99.9 8.7 8310.5 73  7.7   6  4.812.9 1.2
5048519740801 18.1  5.3  2.019900-99.9-99.9-99.9-99.9 6.2 5910.8 70  8.1  10  8.010.3 1.2
5048519740802 13.0  5.7  1.019900-99.9-99.9-99.9-99.9 0.0  0 8.8 92  5.1  10  8.0 3.7 1.2
5048519740803 12.0  1.4  0.009900-99.9-99.9-99.9-99.9 7.9 75 8.0 79  3.8   1  0.812.3 0.7
5048519740804 15.7 -1.1  0.009900-99.9-99.9-99.9-99.9 8.8 83 7.1 73  2.1   1  0.813.3 0.8
5048519740805 17.6  0.0  0.009900-99.9-99.9-99.9-99.9 9.2 87 7.2 66  2.3   2  1.613.9 0.9
5048519740806  9.0 -1.7  0.009900-99.9-99.9-99.9-99.9 0.5  5 4.5 58 -4.1  16 12.8 4.4 1.7
5048519740807 13.5 -3.9  0.009900-99.9-99.9-99.9-99.9 8.2 77 4.9 60 -3.0   9  7.212.9 1.3
5048519740808 16.3 -1.7  0.009900-99.9-99.9-99.9-99.9 9.1 85 5.6 60 -1.2   2  1.614.0 1.0
5048519740809 19.2  0.2  0.009900-99.9-99.9-99.9-99.9 9.5 89 5.7 51 -1.0   6  4.814.6 1.5
5048519740810 20.6  1.4  0.009900-99.9-99.9-99.9-99.9 9.5 89 6.7 55  1.3   4  3.214.7 1.4
5048519740811 22.4  3.4  0.009900-99.9-99.9-99.9-99.9 9.5 88 7.1 53  2.1   3  2.414.8 1.4
5048519740812 23.8  3.5  0.009900-99.9-99.9-99.9-99.9 9.6 89 7.2 52  2.3   4  3.215.0 1.6
5048519740813 22.7  4.4  0.009900-99.9-99.9-99.9-99.9 9.7 90 7.6 48  3.0   4  3.215.2 1.6
5048519740814 20.2  5.8  0.009900-99.9-99.9-99.9-99.9 9.6 89 6.6 46  1.1  11  8.815.2 2.3
5048519740815 16.4  1.8  0.009900-99.9-99.9-99.9-99.9 9.6 88 6.5 59  0.9   2  1.615.3 1.2
5048519740816 20.5  1.0  0.009900-99.9-99.9-99.9-99.9 9.7 89 6.1 49  0.0   4  3.215.5 1.5
5048519740817 14.2  1.7  0.009900-99.9-99.9-99.9-99.9 9.6 88 5.9 47 -0.5  10  8.015.5 1.8
5048519740818 17.9 -1.3  0.009900-99.9-99.9-99.9-99.9 9.2 84 6.0 55 -0.2   3  2.415.1 1.3
5048519740819 20.3 -0.6  0.009900-99.9-99.9-99.9-99.9 6.5 59 6.6 57  1.1   4  3.212.0 1.5
5048519740820 23.2  2.9  0.009900-99.9-99.9-99.9-99.9 9.7 88 7.1 49  2.1   4  3.215.9 1.8
5048519740821 25.0  5.4  0.009900-99.9-99.9-99.9-99.9 8.7 79 7.2 45  2.3   4  3.214.8 2.0
5048519740822 27.7  5.7  0.009900-99.9-99.9-99.9-99.9 8.0 72 7.9 46  3.6   6  4.814.1 2.3
5048519740823 18.7 10.2  0.009900-99.9-99.9-99.9-99.9 9.5 86 7.4 44  2.7  23 18.416.0 3.9
5048519740824 18.0  5.6  0.009900-99.9-99.9-99.9-99.9 9.2 83 5.3 42 -1.9   8  6.415.8 2.3
5048519740825 20.2  3.2  0.009900-99.9-99.9-99.9-99.9 9.6 86 6.4 43  0.6   1  0.816.4 1.6
5048519740826 18.2  4.9  0.009900-99.9-99.9-99.9-99.9 5.7 51 7.1 52  2.1   6  4.811.6 1.9
5048519740827 15.5  7.8  0.009900-99.9-99.9-99.9-99.9 1.7 15 7.0 49  1.9  27 21.6 6.7 3.6
5048519740828 16.7  3.5  0.009900-99.9-99.9-99.9-99.9 8.5 76 7.1 59  2.1   4  3.215.3 1.7
5048519740829 21.5  2.6  0.009900-99.9-99.9-99.9-99.9 9.8 87 6.4 46  0.6   6  4.817.1 2.2
5048519740830 12.3  4.1  0.009900-99.9-99.9-99.9-99.910.0 88 4.6 43 -3.8  13 10.417.4 2.6
5048519740831 12.5  0.2  0.009900-99.9-99.9-99.9-99.9 9.8 86 4.8 50 -3.3   6  4.817.3 1.8
5048519740901 14.0 -1.6  0.009900-99.9-99.9-99.9-99.9 9.9 87 4.6 50 -3.8   6  4.817.5 1.8
5048519740902 16.0 -2.7  0.009900-99.9-99.9-99.9-99.9 9.7 85 5.0 52 -2.7   4  3.217.4 1.7
5048519740903 17.0 -0.3  0.009900-99.9-99.9-99.9-99.9 9.6 84 5.3 41 -1.9   6  4.817.4 2.0
5048519740904 18.7  0.4  0.009900-99.9-99.9-99.9-99.9 9.9 86 5.7 45 -1.0   8  6.417.9 2.3
5048519740905 21.2  1.6  0.009900-99.9-99.9-99.9-99.9 9.9 86 5.5 40 -1.4  10  8.018.0 2.8
5048519740906 21.1  0.9  0.009900-99.9-99.9-99.9-99.9 9.7 84 6.0 43 -0.2   4  3.217.9 2.1
5048519740907 22.2  1.0  0.009900-99.9-99.9-99.9-99.9 9.9 86 6.6 48  1.1   7  5.618.2 2.5
5048519740908 17.6  2.6  0.009900-99.9-99.9-99.9-99.910.3 89 5.0 40 -2.7   2  1.618.9 2.0
5048519740909 21.5  2.2  0.009900-99.9-99.9-99.9-99.9 9.8 84 6.1 42  0.0   8  6.418.3 2.7
5048519740910 24.5  5.1  0.009900-99.9-99.9-99.9-99.9 7.5 64 7.8 47  3.4   4  3.215.3 2.4
5048519740911 23.4  9.9  0.009900-99.9-99.9-99.9-99.9 5.5 47 8.4 47  4.5   6  4.812.7 2.7
5048519740912 23.6  5.9  0.009900-99.9-99.9-99.9-99.9 8.0 68 9.5 54  6.2   2  1.616.2 2.2
5048519740913 19.0  6.9  0.009900-99.9-99.9-99.9-99.9 9.5 8111.8 71  9.4  27 21.618.4 3.0
5048519740914 20.2  7.7  0.009900-99.9-99.9-99.9-99.9 7.3 6210.9 71  8.2   4  3.215.5 2.2
5048519740915 15.0  3.7  0.009900-99.9-99.9-99.9-99.9 2.6 22 8.9 70  5.3   8  6.4 9.0 1.6
5048519740916 17.0  2.6  0.009900-99.9-99.9-99.9-99.9 3.0 25 9.4 70  6.1   2  1.6 9.6 1.4
5048519740917 12.7  4.8  0.009900-99.9-99.9-99.9-99.9 1.0  8 8.9 75  5.3  15 12.0 6.9 1.6
5048519740918 13.5  2.1  0.009900-99.9-99.9-99.9-99.9 3.3 28 8.3 78  4.3   4  3.210.2 1.4
5048519740919 21.5  5.5  0.009900-99.9-99.9-99.9-99.9 9.7 81 9.5 60  6.2   4  3.219.3 2.6
5048519740920 22.2  8.3  0.009900-99.9-99.9-99.9-99.910.4 87 8.6 46  4.8   7  5.620.5 3.2
5048519740921 16.8  8.6  0.009900-99.9-99.9-99.9-99.9 7.9 66 5.8 42 -0.7  36 28.817.0 6.0
5048519740922 15.5  5.2  0.009900-99.9-99.9-99.9-99.9 0.0  0 6.9 56  1.7   7  5.6 5.7 1.9
5048519740923 14.6  5.6  0.009900-99.9-99.9-99.9-99.9 4.9 40 7.9 63  3.6   9  7.212.8 2.3
5048519740924 12.0  7.2  1.019900-99.9-99.9-99.9-99.9 0.0  010.2 86  7.3   0  0.0 5.8 1.0
5048519740925 20.7  8.2  0.009900-99.9-99.9-99.9-99.9 9.5 7811.8 74  9.4   3  2.419.7 2.7
5048519740926 25.2  5.7  0.009900-99.9-99.9-99.9-99.910.5 86 9.4 48  6.1   6  4.821.3 3.3
5048519740927 19.4  9.0  0.009900-99.9-99.9-99.9-99.9 7.8 64 8.4 50  4.5  11  8.817.4 3.4
5048519740928 18.7  6.0  0.009900-99.9-99.9-99.9-99.9 8.3 68 6.1 43  0.0   4  3.218.3 2.8
5048519740929 23.0  7.2  0.009900-99.9-99.9-99.9-99.910.7 87 6.9 42  1.7   2  1.621.9 3.0
5048519740930 21.7  6.3  0.009900-99.9-99.9-99.9-99.910.5 85 8.2 47  4.1   6  4.821.7 3.3
5048519741001 24.6  5.2  0.009900-99.9-99.9-99.9-99.9 9.7 78 9.8 52  6.7   6  4.820.6 3.2
5048519741002 24.3  8.7  0.009900-99.9-99.9-99.9-99.9-9.9 9911.0 59  8.4   6  4.8-9.9-9.9
5048519741003 27.0  8.3  0.009900-99.9-99.9-99.9-99.9 7.7 62 9.5 43  6.2  19 15.217.8 4.8
5048519741004 21.7 10.5  0.009900-99.9-99.9-99.9-99.910.4 83 7.8 42  3.4   4  3.222.0 3.4
5048519741005 21.5  4.6  0.009900-99.9-99.9-99.9-99.910.9 87 7.6 47  3.0   1  0.822.9 2.9
5048519741006 26.8  4.8  0.009900-99.9-99.9-99.9-99.910.6 84 6.0 32 -0.2   6  4.822.5 3.8
5048519741007 29.3  5.7  0.009900-99.9-99.9-99.9-99.910.8 86 7.6 33  3.0   4  3.222.9 3.7
5048519741008 30.3  9.6  0.009900-99.9-99.9-99.9-99.9 8.3 66 8.8 34  5.1   6  4.819.2 4.0
5048519741009 31.0 10.1  0.009900-99.9-99.9-99.9-99.911.0 87 9.4 33  6.1   2  1.623.4 3.8
5048519741010 29.1 11.3  0.009900-99.9-99.9-99.9-99.911.1 8811.7 47  9.3   4  3.223.7 4.1
5048519741011 29.7 12.2  0.009900-99.9-99.9-99.9-99.911.0 8712.5 43 10.3  14 11.223.6 5.3
5048519741012 26.2 15.2  0.009900-99.9-99.9-99.9-99.910.8 8514.6 58 12.6  11  8.823.4 4.8
5048519741013 26.5 13.2  0.009900-99.9-99.9-99.9-99.9 7.6 5916.4 66 14.4   1  0.818.5 3.2
5048519741014 31.2 13.9  0.009900-99.9-99.9-99.9-99.9 8.0 6213.5 48 11.4   7  5.619.2 4.3
5048519741015 25.7 14.6  7.019900-99.9-99.9-99.9-99.9 9.9 7712.2 50  9.9   7  5.622.3 4.4
5048519741016 21.2 11.9  0.009900-99.9-99.9-99.9-99.9 5.9 4613.5 74 11.4   6  4.816.0 3.0
5048519741017 26.1  8.4  0.009900-99.9-99.9-99.9-99.911.0 8512.1 55  9.8   1  0.824.2 3.7
5048519741018 28.7 12.1  1.019900-99.9-99.9-99.9-99.911.3 8711.2 44  8.6   9  7.224.8 5.0
5048519741019 23.0 13.2  0.009900-99.9-99.9-99.9-99.911.3 87 9.8 49  6.7   2  1.624.9 3.9
5048519741020 26.5 10.7  0.009900-99.9-99.9-99.9-99.911.2 8612.2 50  9.9   4  3.224.8 4.2
5048519741021 28.7 12.6  0.009900-99.9-99.9-99.9-99.911.4 8712.5 51 10.3   4  3.225.2 4.5
5048519741022 28.3 12.3  0.009900-99.9-99.9-99.9-99.911.2 8612.2 46  9.9   8  6.425.0 4.9
5048519741023 28.6 11.5  0.009900-99.9-99.9-99.9-99.9 8.1 62 8.3 33  4.3  14 11.220.0 5.4
5048519741024 19.2  3.1  0.009900-99.9-99.9-99.9-99.911.4 87 4.6 32 -3.8  10  8.025.5 4.3
5048519741025 23.0  6.2  0.009900-99.9-99.9-99.9-99.910.9 83 7.5 44  2.9  10  8.024.7 4.5
5048519741026 25.3  9.6  0.009900-99.9-99.9-99.9-99.911.6 88 7.6 35  3.0  11  8.826.0 5.2
5048519741027 28.6  9.6  0.009900-99.9-99.9-99.9-99.911.7 88 9.2 37  5.8   4  3.226.2 4.5
5048519741028 26.3 12.8  0.009900-99.9-99.9-99.9-99.911.3 85 5.0 21 -2.7   9  7.225.6 5.3
5048519741029 25.2  3.5  0.009900-99.9-99.9-99.9-99.911.7 88 6.4 34  0.6   2  1.626.4 3.8
5048519741030 29.7  7.3  0.009900-99.9-99.9-99.9-99.911.9 89 7.9 34  3.6   4  3.226.8 4.6
5048519741031 33.0  9.9  0.009900-99.9-99.9-99.9-99.911.7 88 7.5 26  2.9   6  4.826.5 5.1
5048519741101 33.8 10.0  0.009900-99.9-99.9-99.9-99.911.7 87 9.6 30  6.4   2  1.626.6 4.7
5048519741102 35.0 13.2  0.009900-99.9-99.9-99.9-99.911.5 8615.1 43 13.1   0  0.026.3 4.8
5048519741103 29.0 18.0  0.009900-99.9-99.9-99.9-99.911.4 85 6.5 23  0.9  21 16.826.2 8.0
5048519741104 21.8  8.2  0.009900-99.9-99.9-99.9-99.9 0.6  4 9.9 72  6.8   8  6.4 8.3 2.6
5048519741105 25.3  4.4  0.009900-99.9-99.9-99.9-99.911.9 88 8.6 45  4.8   4  3.227.2 4.2
5048519741106 30.3  5.7  0.009900-99.9-99.9-99.9-99.9-9.9 99 9.0 35  5.4   2  1.6-9.9-9.9
5048519741107 32.3 10.7  0.009900-99.9-99.9-99.9-99.911.7 8610.0 32  7.0   8  6.427.0 5.6
5048519741108 31.6 14.3  0.009900-99.9-99.9-99.9-99.9 9.5 7012.5 38 10.3   7  5.623.4 5.2
5048519741109 31.2 14.4 18.019900-99.9-99.9-99.9-99.910.0 7315.0 48 13.0   1  0.824.3 4.6
5048519741110 26.3 15.0  0.009910-99.9-99.9-99.9-99.912.0 8815.9 65 13.9   9  7.227.7 5.4
5048519741111 23.5 13.6  0.009900-99.9-99.9-99.9-99.911.0 8013.1 61 11.0   7  5.626.0 4.8
5048519741112 25.6 12.5  0.009900-99.9-99.9-99.9-99.9 9.5 6914.7 60 12.7   8  6.423.6 4.6
5048519741113 28.6 12.7  0.009900-99.9-99.9-99.9-99.911.6 8414.2 50 12.2   8  6.427.2 5.4
5048519741114 31.5 16.0  0.009900-99.9-99.9-99.9-99.911.1 8114.8 49 12.8   9  7.226.4 6.0
5048519741115 22.5 13.8  0.009900-99.9-99.9-99.9-99.9 3.1 2215.2 72 13.2   8  6.412.9 3.0
5048519741116 29.8 12.3  0.009900-99.9-99.9-99.9-99.912.1 8816.2 56 14.2   4  3.228.2 5.2
5048519741117 31.5 14.0  0.009900-99.9-99.9-99.9-99.912.1 8718.2 58 16.0   0  0.028.2 5.2
5048519741118 24.3 10.0  0.009900-99.9-99.9-99.9-99.912.2 88 8.3 42  4.3  32 25.628.4 8.0
5048519741119 25.1  5.3  0.009900-99.9-99.9-99.9-99.912.2 88 7.5 37  2.9   4  3.228.5 4.6
5048519741120 26.0 10.3  0.009900-99.9-99.9-99.9-99.912.3 88 8.2 38  4.1  10  8.028.7 5.7
5048519741121 25.3 10.5  0.009900-99.9-99.9-99.9-99.912.3 88 8.6 40  4.8  10  8.028.7 5.7
5048519741122 30.8  7.3  0.009900-99.9-99.9-99.9-99.911.6 83 9.3 33  5.9   2  1.627.6 4.7
5048519741123 35.6 11.0  0.009900-99.9-99.9-99.9-99.911.3 81 8.8 27  5.1   9  7.227.1 6.2
5048519741124 28.7 11.3  0.009900-99.9-99.9-99.9-99.912.1 86 7.6 29  3.0   1  0.828.5 4.8
5048519741125 31.2 12.3  0.009900-99.9-99.9-99.9-99.911.9 85 7.8 30  3.4   4  3.228.2 5.4
5048519741126 31.2 12.3  0.009900-99.9-99.9-99.9-99.911.9 85 6.8 23  1.5   9  7.228.2 6.2
5048519741127 24.0 11.5  0.009900-99.9-99.9-99.9-99.912.2 87 9.2 46  5.8  11  8.828.8 5.8
5048519741128 29.6  8.0  0.009900-99.9-99.9-99.9-99.912.1 8610.4 42  7.5   4  3.228.6 5.1
5048519741129 28.0 14.7  0.009900-99.9-99.9-99.9-99.912.4 88 8.3 32  4.3   7  5.629.2 5.9
5048519741130 31.0 11.3  0.009900-99.9-99.9-99.9-99.910.7 76 7.7 28  3.2  11  8.826.3 6.2
5048519741201 23.3  6.8  0.009900-99.9-99.9-99.9-99.912.3 87 7.8 38  3.4   6  4.829.1 4.9
5048519741202 25.2  5.9  0.009900-99.9-99.9-99.9-99.912.4 88 7.5 34  2.9   8  6.429.3 5.2
5048519741203 30.4  7.9  0.009900-99.9-99.9-99.9-99.910.4 73 9.4 34  6.1   2  1.625.9 4.6
5048519741204 32.2 13.3  1.019900-99.9-99.9-99.9-99.910.3 7310.7 33  8.0   7  5.625.7 5.7
5048519741205 30.6 17.5  0.009900-99.9-99.9-99.9-99.9 8.0 5614.6 49 12.6   8  6.421.8 5.4
5048519741206 32.6 13.8  7.519900-99.9-99.9-99.9-99.910.8 7616.2 49 14.2   4  3.226.6 5.5
5048519741207 26.0 14.3  6.019900-99.9-99.9-99.9-99.9 6.2 4417.4 80 15.3   8  6.418.7 4.0
5048519741208 26.2 11.3  3.019900-99.9-99.9-99.9-99.910.0 7013.1 51 11.0  21 16.825.3 6.1
5048519741209 13.3  8.6  0.009900-99.9-99.9-99.9-99.9 0.0  010.6 80  7.8  13 10.4 8.0 2.0
5048519741210 12.6  8.8  1.519900-99.9-99.9-99.9-99.9 0.0  011.5 87  9.0   2  1.6 8.0 1.5
5048519741211 24.0 10.6  0.009900-99.9-99.9-99.9-99.910.3 7211.4 55  8.9   7  5.625.8 4.9
5048519741212 28.9  9.2  0.009900-99.9-99.9-99.9-99.912.3 8613.9 55 11.9   6  4.829.3 5.4
5048519741213 33.3 11.2  0.009900-99.9-99.9-99.9-99.911.0 7713.1 40 11.0   7  5.627.1 5.8
5048519741214 30.3 14.0  0.009900-99.9-99.9-99.9-99.9 6.5 4616.3 55 14.3   1  0.819.3 4.0
5048519741215 34.0 15.5  1.519900-99.9-99.9-99.9-99.911.3 7915.8 43 13.8   9  7.227.6 6.5
5048519741216 27.2 16.0  0.009900-99.9-99.9-99.9-99.9 7.0 4916.8 68 14.8   8  6.420.2 4.6
5048519741217 26.3 15.5  0.009900-99.9-99.9-99.9-99.9 6.8 4816.7 67 14.7   4  3.219.9 4.2
5048519741218 29.7 16.1  0.009900-99.9-99.9-99.9-99.911.1 7817.1 57 15.0   7  5.627.3 5.8
5048519741219 25.3 15.6  0.009900-99.9-99.9-99.9-99.9 4.5 3117.1 69 15.0   6  4.815.9 3.6
5048519741220 31.4 17.0  0.009900-99.9-99.9-99.9-99.911.7 8216.8 55 14.8   9  7.228.3 6.4
5048519741221 30.6 17.4  0.009900-99.9-99.9-99.9-99.910.1 7117.1 54 15.0   2  1.625.6 5.3
5048519741222 35.0 15.3  0.009900-99.9-99.9-99.9-99.912.5 8714.3 40 12.3   2  1.629.7 5.9
5048519741223 34.0 17.3  1.519900-99.9-99.9-99.9-99.911.1 7816.2 40 14.2  11  8.827.3 6.8
5048519741224 30.0 20.2  0.009900-99.9-99.9-99.9-99.911.5 8016.8 52 14.8   8  6.428.0 6.4
5048519741225 33.9 16.3  5.519900-99.9-99.9-99.9-99.911.9 8319.4 52 17.0   9  7.228.7 6.6
5048519741226 31.0 13.8  0.009900-99.9-99.9-99.9-99.910.5 7319.4 61 17.0  14 11.226.3 5.9
5048519741227 26.2 11.0  0.009900-99.9-99.9-99.9-99.910.0 70 9.4 49  6.1   5  4.025.4 4.9
5048519741228 27.3  7.7  0.009900-99.9-99.9-99.9-99.912.4 8710.7 44  8.0   2  1.629.6 4.9
5048519741229 32.2 10.8  0.009900-99.9-99.9-99.9-99.912.4 8713.6 44 11.5   2  1.629.6 5.4
5048519741230 27.5 16.7  0.009900-99.9-99.9-99.9-99.912.0 8410.7 38  8.0   9  7.228.9 6.3
5048519741231 28.3  9.0  0.009900-99.9-99.9-99.9-99.911.2 7910.4 41  7.5   6  4.827.5 5.2
5048519750101 32.3 10.4  0.009900-99.9-99.9-99.9-99.912.4 8712.3 38 10.0   7  5.629.5 6.0
5048519750102 34.7 13.7  0.009900-99.9-99.9-99.9-99.912.4 8714.1 40 12.1   6  4.829.5 6.3
5048519750103 33.7 17.0  0.009900-99.9-99.9-99.9-99.912.2 8615.0 45 13.0  14 11.229.2 7.4
5048519750104 29.3 16.2  0.009900-99.9-99.9-99.9-99.912.1 8518.3 60 16.1   4  3.229.0 5.7
5048519750105 33.3 15.7  0.009900-99.9-99.9-99.9-99.912.5 8819.2 53 16.9   4  3.229.7 6.1
5048519750106 29.2 20.0  0.009900-99.9-99.9-99.9-99.9 8.3 5820.5 66 17.9   6  4.822.4 5.1
5048519750107 30.4 19.6  0.009900-99.9-99.9-99.9-99.910.3 7315.9 52 13.9   6  4.825.8 5.9
5048519750108 35.0 15.7  0.619900-99.9-99.9-99.9-99.910.4 7318.3 63 16.1  16 12.826.0 6.9
5048519750109 24.4 14.5  0.009900-99.9-99.9-99.9-99.9 8.5 6012.2 49  9.9   9  7.222.7 5.0
5048519750110 28.7 11.3  0.009900-99.9-99.9-99.9-99.912.4 8813.0 50 10.9   2  1.629.4 5.2
5048519750111 34.3 10.7  0.009900-99.9-99.9-99.9-99.9 8.8 6212.3 40 10.0  19 15.223.2 6.8
5048519750112 33.3 15.2  0.009900-99.9-99.9-99.9-99.912.5 8917.6 54 15.5   2  1.629.5 5.8
5048519750113 32.9 19.3  0.009900-99.9-99.9-99.9-99.912.0 8516.4 45 14.4   6  4.828.6 6.4
5048519750114 35.7 20.3  0.009900-99.9-99.9-99.9-99.912.2 8718.7 49 16.4   7  5.629.0 6.9
5048519750115 36.1 18.3  0.009900-99.9-99.9-99.9-99.912.3 8819.1 47 16.8   7  5.629.1 6.8
5048519750116 32.6 19.7  0.009900-99.9-99.9-99.9-99.912.3 8814.9 42 12.9   4  3.229.1 6.2
5048519750117 28.5 15.3  0.009900-99.9-99.9-99.9-99.912.3 88 8.5 30  4.6   7  5.629.1 6.0
5048519750118 31.7 10.8  0.009900-99.9-99.9-99.9-99.912.3 8811.8 40  9.4   2  1.629.0 5.2
5048519750119 34.0 15.0  0.009900-99.9-99.9-99.9-99.912.2 8713.3 39 11.2   3  2.428.8 5.7
5048519750120 36.5 15.2  0.009900-99.9-99.9-99.9-99.911.8 8517.0 45 15.0   4  3.228.1 6.0
5048519750121 35.3 20.2  0.009900-99.9-99.9-99.9-99.911.3 8116.0 39 14.0   4  3.227.2 6.1
5048519750122 33.3 21.0  0.719900-99.9-99.9-99.9-99.912.0 8611.1 29  8.5  16 12.828.4 8.1
5048519750123 31.7 17.7  7.019900-99.9-99.9-99.9-99.910.0 7218.8 63 16.5   2  1.624.9 5.2
5048519750124 27.6 16.2  3.019900-99.9-99.9-99.9-99.9 9.7 7019.9 73 17.4   6  4.824.4 4.9
5048519750125 32.5 15.0  0.009900-99.9-99.9-99.9-99.910.4 7519.6 60 17.2   6  4.825.5 5.4
5048519750126 32.5 19.0 30.019900-99.9-99.9-99.9-99.9 4.4 3221.7 70 18.8   1  0.815.2 3.7
5048519750127 22.5 18.4  1.519900-99.9-99.9-99.9-99.9 0.0  021.9 90 19.0   2  1.6 7.7 1.8
5048519750128 30.0 18.9  0.009900-99.9-99.9-99.9-99.9 9.8 7124.4 79 20.7   2  1.624.4 5.0
5048519750129 33.5 21.7  0.009900-99.9-99.9-99.9-99.9 8.7 6326.5 72 22.0   4  3.222.4 5.3
5048519750130 34.3 21.8 19.019900-99.9-99.9-99.9-99.9 7.7 5626.9 78 22.3   6  4.820.7 5.2
5048519750131 29.0 21.2  0.009900-99.9-99.9-99.9-99.9 5.6 4126.7 86 22.2   6  4.817.1 3.9
5048519750201 27.0 21.5  5.519900-99.9-99.9-99.9-99.9 0.0  025.4 85 21.4   7  5.6 7.6 2.2
5048519750202 29.5 18.8  4.019900-99.9-99.9-99.9-99.9 7.2 5320.7 74 18.1   6  4.819.7 4.5
5048519750203 27.5 17.0  0.009900-99.9-99.9-99.9-99.9 6.5 4818.1 68 15.9   9  7.218.5 4.4
5048519750204 27.8 15.8  0.009900-99.9-99.9-99.9-99.9-9.9 9916.3 61 14.3   4  3.2-9.9-9.9
5048519750205 30.0 15.0 25.019900-99.9-99.9-99.9-99.9 7.2 5319.5 75 17.1   2  1.619.6 4.0
5048519750206 27.2 13.9  1.519900-99.9-99.9-99.9-99.911.0 8118.7 74 16.4   6  4.825.9 4.8
5048519750207 27.6 14.7  0.009900-99.9-99.9-99.9-99.911.8 8816.1 60 14.1   2  1.627.2 4.9
5048519750208 32.8 15.3  0.009900-99.9-99.9-99.9-99.911.6 8621.6 66 18.7   4  3.226.8 5.4
5048519750209 33.2 18.7  6.519900-99.9-99.9-99.9-99.911.5 8622.1 58 19.1   6  4.826.6 5.8
5048519750210 28.6 21.0  0.009900-99.9-99.9-99.9-99.9 9.2 6925.0 79 21.1   8  6.422.7 5.0
5048519750211 29.5 21.4  0.009900-99.9-99.9-99.9-99.9 8.2 6122.9 73 19.7   6  4.820.9 4.8
5048519750212 28.7 17.5  0.009900-99.9-99.9-99.9-99.910.2 7715.1 56 13.1   6  4.824.2 5.1
5048519750213 32.7 16.5  0.009900-99.9-99.9-99.9-99.911.5 8719.7 63 17.3   0  0.026.3 5.0
5048519750214 34.0 19.7  0.009900-99.9-99.9-99.9-99.911.1 8420.2 60 17.7  18 14.425.6 7.1
5048519750215 24.6  9.8  0.009900-99.9-99.9-99.9-99.911.5 8712.1 45  9.8   2  1.626.2 4.1
5048519750216 30.7  9.6  0.009900-99.9-99.9-99.9-99.911.7 8913.4 53 11.3   2  1.626.4 4.5
5048519750217 30.0 12.3  0.009900-99.9-99.9-99.9-99.911.7 8912.9 50 10.7   2  1.626.3 4.6
5048519750218 33.4 15.2  0.009900-99.9-99.9-99.9-99.911.6 8817.2 51 15.1   1  0.826.1 4.9
5048519750219 31.5 17.0  0.009900-99.9-99.9-99.9-99.911.5 8813.9 47 11.9   2  1.625.8 4.9
5048519750220 33.5 14.4  0.009900-99.9-99.9-99.9-99.911.2 8615.0 47 13.0   1  0.825.3 4.7
5048519750221 34.3 16.7  0.009900-99.9-99.9-99.9-99.911.4 8715.6 47 13.6   4  3.225.5 5.2
5048519750222 35.0 14.7  0.009900-99.9-99.9-99.9-99.911.4 8815.9 47 13.9   1  0.825.4 4.8
5048519750223 27.0 14.5  0.009900-99.9-99.9-99.9-99.9 8.5 6611.1 54  8.5  14 11.220.6 5.3
5048519750224 23.5  6.7  0.009900-99.9-99.9-99.9-99.911.3 87 9.3 50  5.9   2  1.625.1 3.6
5048519750225 29.3  6.2  0.009900-99.9-99.9-99.9-99.911.3 8810.5 49  7.7   4  3.225.0 4.1
5048519750226 31.7  8.4  0.009900-99.9-99.9-99.9-99.911.3 8814.0 54 12.0   4  3.224.9 4.3
5048519750227 33.2 11.7  0.009900-99.9-99.9-99.9-99.911.2 8715.8 53 13.8   4  3.224.6 4.6
5048519750228 31.7 15.0  0.009900-99.9-99.9-99.9-99.911.2 8715.2 49 13.2   6  4.824.5 4.9
5048519750301 33.2 17.7  0.009900-99.9-99.9-99.9-99.910.8 8517.2 54 15.1   2  1.623.8 4.7
5048519750302 36.8 17.8  0.009900-99.9-99.9-99.9-99.910.8 8521.0 58 18.3   4  3.223.7 5.2
5048519750303 36.4 21.7  0.009900-99.9-99.9-99.9-99.910.7 8423.3 56 20.0   6  4.823.4 5.6
5048519750304 30.0 18.9  0.009900-99.9-99.9-99.9-99.9 9.2 7316.2 50 14.2  21 16.821.0 6.3
5048519750305 23.3 11.0  0.009900-99.9-99.9-99.9-99.9 6.9 55 9.4 50  6.1   8  6.417.3 3.7
5048519750306 27.0  7.8  0.009900-99.9-99.9-99.9-99.910.7 8511.9 59  9.5   4  3.223.1 3.7
5048519750307 29.4  8.0  0.009900-99.9-99.9-99.9-99.910.8 8612.5 54 10.3   6  4.823.2 4.0
5048519750308 31.6 10.4  0.009900-99.9-99.9-99.9-99.910.6 8514.7 56 12.7   2  1.622.8 3.9
5048519750309 31.6 14.0  0.009900-99.9-99.9-99.9-99.9 9.8 7816.5 57 14.5   3  2.421.4 4.0
5048519750310 27.2 18.1  0.009900-99.9-99.9-99.9-99.9 6.8 5517.7 62 15.6   9  7.216.7 3.9
5048519750311 28.4 18.2  0.009900-99.9-99.9-99.9-99.9 9.0 7220.3 70 17.7  12  9.620.0 4.4
5048519750312 23.5 18.8  0.009900-99.9-99.9-99.9-99.9 0.7  620.4 93 17.8  11  8.8 7.3 2.2
5048519750313 23.3 14.7  0.819900-99.9-99.9-99.9-99.9 6.7 5418.6 82 16.4   8  6.416.3 2.9
5048519750314 28.3 14.9  0.009900-99.9-99.9-99.9-99.9 9.4 7619.0 75 16.7   3  2.420.3 3.6
5048519750315 20.8 14.9  0.009900-99.9-99.9-99.9-99.9 0.0  014.8 76 12.8   7  5.6 6.1 1.9
5048519750316 16.5 14.5  4.519900-99.9-99.9-99.9-99.9 0.0  016.5 94 14.5   1  0.8 6.0 1.2
5048519750317 20.6 15.3  4.519900-99.9-99.9-99.9-99.9 1.0  817.6 90 15.5   8  6.4 7.5 1.7
5048519750318 23.6 14.8  3.019900-99.9-99.9-99.9-99.9 6.6 5416.7 81 14.7   4  3.215.7 2.8
5048519750319 23.0 11.0  3.519900-99.9-99.9-99.9-99.910.5 8614.8 77 12.8   2  1.621.4 3.0
5048519750320 26.5  8.0  0.009900-99.9-99.9-99.9-99.910.2 8414.6 71 12.6   4  3.220.8 3.1
5048519750321 26.3 10.3  0.009900-99.9-99.9-99.9-99.9 8.6 7113.9 62 11.9   7  5.618.4 3.2
5048519750322 18.5 11.5  0.009900-99.9-99.9-99.9-99.9 0.0  012.1 68  9.8   4  3.2 5.7 1.6
5048519750323 20.1  9.1  0.009900-99.9-99.9-99.9-99.9 0.8  712.4 70 10.1   2  1.6 6.9 1.5
5048519750324 19.5 13.6  9.019900-99.9-99.9-99.9-99.9 1.3 1115.8 85 13.8   4  3.2 7.5 1.6
5048519750325 22.8 15.0  0.009900-99.9-99.9-99.9-99.9 4.0 3317.1 82 15.0   6  4.811.4 2.3
5048519750326 24.1 13.2  0.009900-99.9-99.9-99.9-99.9 6.2 5216.9 81 14.9   2  1.614.4 2.4
5048519750327 22.3 11.5  4.019900-99.9-99.9-99.9-99.9 4.8 4018.3 87 16.1   6  4.812.3 1.9
5048519750328 20.7  9.7  5.019900-99.9-99.9-99.9-99.9 7.2 6114.1 80 12.1   2  1.615.7 2.1
5048519750329 24.1  8.7  0.009900-99.9-99.9-99.9-99.910.1 8613.1 73 11.0   1  0.819.6 2.6
5048519750330 25.7  9.2  0.009900-99.9-99.9-99.9-99.9 9.0 7614.3 67 12.3   2  1.618.0 2.6
5048519750331 20.0 11.7  0.009900-99.9-99.9-99.9-99.9 7.4 6314.2 80 12.2  11  8.815.6 2.5
5048519750401 23.7  8.4  0.009900-99.9-99.9-99.9-99.910.3 8812.2 72  9.9   4  3.219.6 2.7
5048519750402 25.2  8.4  0.009900-99.9-99.9-99.9-99.910.1 8713.5 72 11.4   4  3.219.2 2.7
5048519750403 27.3 11.7  0.009900-99.9-99.9-99.9-99.910.0 8616.4 69 14.4   4  3.218.9 2.9
5048519750404 27.2 11.7  0.009900-99.9-99.9-99.9-99.9 9.3 8016.5 71 14.5   4  3.217.8 2.8
5048519750405 26.7 10.4  0.009900-99.9-99.9-99.9-99.9 9.4 8116.3 78 14.3   2  1.617.8 2.5
5048519750406 28.3 11.7  3.019900-99.9-99.9-99.9-99.9 9.5 8217.4 77 15.3   4  3.217.9 2.8
5048519750407 20.2  5.3-99.999900-99.9-99.9-99.9-99.9 1.2 1010.5 83  7.7  18 14.4 6.6 2.2
5048519750408 21.2  4.3  0.009900-99.9-99.9-99.9-99.9 9.6 8410.4 79  7.5   4  3.217.8 2.1
5048519750409 23.2  6.0  0.009900-99.9-99.9-99.9-99.9 8.1 7111.4 70  8.9   2  1.615.7 2.0
5048519750410 23.3 11.1  0.009900-99.9-99.9-99.9-99.9 8.5 7512.7 71 10.5   1  0.816.1 2.1
5048519750411 26.7  9.2  0.009900-99.9-99.9-99.9-99.9 8.5 7513.7 74 11.6   6  4.816.0 2.5
5048519750412 28.2  9.7  1.019900-99.9-99.9-99.9-99.9 9.6 8516.2 75 14.2   1  0.817.3 2.3
5048519750413 19.0  7.3  0.009900-99.9-99.9-99.9-99.9 2.0 1812.4 87 10.1   8  6.4 7.4 1.4
5048519750414 19.0  5.6  0.009900-99.9-99.9-99.9-99.9 8.2 7310.4 76  7.5   4  3.215.3 1.8
5048519750415 22.4  4.2  0.009900-99.9-99.9-99.9-99.9 9.6 8510.0 72  7.0   1  0.816.9 1.8
5048519750416 22.7  4.4  0.009900-99.9-99.9-99.9-99.9 9.7 8710.6 70  7.8   2  1.616.9 1.8
5048519750417 24.7  8.2  0.009900-99.9-99.9-99.9-99.9 9.4 8411.3 66  8.8   4  3.216.4 2.2
5048519750418 27.2  7.7  0.009900-99.9-99.9-99.9-99.9 9.8 8812.0 62  9.7   2  1.616.8 2.1
5048519750419 27.7 10.3  0.009900-99.9-99.9-99.9-99.9 9.6 8612.3 61 10.0   2  1.616.5 2.2
5048519750420 29.0 12.7  0.009900-99.9-99.9-99.9-99.9 9.6 8712.6 56 10.4   2  1.616.3 2.3
5048519750421 29.4 11.2  0.009900-99.9-99.9-99.9-99.9 9.8 8913.6 63 11.5   6  4.816.5 2.6
5048519750422 24.7 11.9  0.009900-99.9-99.9-99.9-99.9 9.2 83 7.8 46  3.4   9  7.215.6 2.9
5048519750423 23.3  7.5  0.009900-99.9-99.9-99.9-99.9 9.7 88 8.6 55  4.8   2  1.616.1 1.8
5048519750424 26.3  7.8  0.009900-99.9-99.9-99.9-99.9 8.1 74 9.9 53  6.8   1  0.814.1 1.7
5048519750425 27.2 11.3  0.009900-99.9-99.9-99.9-99.9 9.5 8711.1 55  8.5   2  1.615.7 2.0
5048519750426 26.3 11.5  0.009900-99.9-99.9-99.9-99.9 9.1 8314.5 69 12.5   2  1.615.1 1.9
5048519750427 26.4 12.0  0.009900-99.9-99.9-99.9-99.9 9.0 8316.2 77 14.2   1  0.814.9 1.8
5048519750428 18.5 10.8  2.019900-99.9-99.9-99.9-99.9 2.0 1811.7 74  9.3  27 21.6 6.5 2.6
5048519750429 11.7  4.7  0.009900-99.9-99.9-99.9-99.9 0.0  0 6.2 62  0.2  10  8.0 4.1 1.7
5048519750430 10.4  2.7  0.009900-99.9-99.9-99.9-99.9 4.0 37 6.0 66 -0.2   6  4.8 8.7 1.3
5048519750501 14.0 -1.7  0.009900-99.9-99.9-99.9-99.9 8.8 82 6.4 74  0.6   1  0.814.2 0.9
5048519750502 21.3 -0.7  0.009900-99.9-99.9-99.9-99.9 9.4 88 6.6 59  1.1   4  3.214.8 1.4
5048519750503 18.5  4.6  0.009900-99.9-99.9-99.9-99.9 6.3 59 9.3 61  5.9   6  4.811.2 1.4
5048519750504 20.6  4.1  0.009900-99.9-99.9-99.9-99.9 9.3 87 9.3 71  5.9   4  3.214.5 1.3
5048519750505 23.2  4.7  0.009900-99.9-99.9-99.9-99.9 9.1 85 8.9 66  5.3   8  6.414.2 1.8
5048519750506 23.2  3.3  0.009900-99.9-99.9-99.9-99.9 7.9 74 9.4 66  6.1   2  1.612.7 1.2
5048519750507 23.0  3.6  0.009900-99.9-99.9-99.9-99.9 9.0 85 9.7 70  6.5   4  3.213.9 1.3
5048519750508 23.8  6.3  0.009900-99.9-99.9-99.9-99.9 9.0 8511.8 73  9.4   2  1.613.8 1.3
5048519750509 19.4  8.0  0.009900-99.9-99.9-99.9-99.9 3.3 3110.6 66  7.8   7  5.6 7.4 1.4
5048519750510 13.3 10.1  0.009900-99.9-99.9-99.9-99.9 0.0  010.0 76  7.0   7  5.6 3.8 1.2
5048519750511 15.0  4.2  0.009900-99.9-99.9-99.9-99.9 5.2 50 9.6 80  6.4   1  0.8 9.4 0.8
5048519750512 11.9  1.8  0.009900-99.9-99.9-99.9-99.9 2.9 28 8.4 84  4.5   6  4.8 6.8 0.7
5048519750513 12.4  2.3  5.019900-99.9-99.9-99.9-99.9 2.7 26 8.9 79  5.3   4  3.2 6.6 0.7
5048519750514  9.0  2.3  0.009900-99.9-99.9-99.9-99.9 1.0 10 9.1 91  5.6   6  4.8 4.7 0.4
5048519750515 10.0 -0.7  0.009900-99.9-99.9-99.9-99.9 0.6  6 7.6 81  3.0   1  0.8 4.2 0.5
5048519750516 14.4  3.7  0.009900-99.9-99.9-99.9-99.9 4.7 45 8.3 76  4.3   4  3.2 8.5 0.9
5048519750517 16.6  0.7  0.009900-99.9-99.9-99.9-99.9 8.8 85 8.2 74  4.1   4  3.212.8 0.8
5048519750518 16.2  4.8  0.009900-99.9-99.9-99.9-99.9 6.3 61 9.0 78  5.4   1  0.810.1 0.8
5048519750519 18.3  4.3  0.009900-99.9-99.9-99.9-99.9 8.1 79 9.0 72  5.4   4  3.211.9 1.0
5048519750520 16.3  4.6  0.009900-99.9-99.9-99.9-99.9 1.1 1110.8 89  8.1   1  0.8 4.6 0.7
5048519750521 20.1  4.4  0.009900-99.9-99.9-99.9-99.9 8.5 8310.7 80  8.0   4  3.212.2 0.9
5048519750522 22.3  5.1  0.009900-99.9-99.9-99.9-99.9 8.7 8511.2 78  8.6   2  1.612.3 0.9
5048519750523 20.3  7.5  0.009900-99.9-99.9-99.9-99.9 7.6 7412.8 85 10.6   2  1.611.1 0.8
5048519750524 22.3  9.5  0.009900-99.9-99.9-99.9-99.9 7.7 7512.3 76 10.0   2  1.611.2 1.0
5048519750525 18.0 10.3  0.009900-99.9-99.9-99.9-99.9 3.1 3013.7 81 11.6   4  3.2 6.5 0.8
5048519750526 18.2 12.7  0.009900-99.9-99.9-99.9-99.9 1.5 1514.0 85 12.0   1  0.8 4.8 0.8
5048519750527 21.7 10.7  0.009900-99.9-99.9-99.9-99.9 7.0 6913.5 78 11.4   6  4.810.3 1.2
5048519750528 22.6 10.7  0.009900-99.9-99.9-99.9-99.9 6.0 5913.4 78 11.3   2  1.6 9.3 1.0
5048519750529 17.0  8.9  0.009900-99.9-99.9-99.9-99.9 1.0 1011.4 80  8.9  11  8.8 4.3 1.2
5048519750530 13.6  7.0  2.019900-99.9-99.9-99.9-99.9 0.0  010.2 87  7.3   9  7.2 3.3 0.9
5048519750531  9.7  6.0  2.519900-99.9-99.9-99.9-99.9 0.0  0 8.6 81  4.8   6  4.8 3.2 0.8
5048519750601  8.7  4.7  0.009900-99.9-99.9-99.9-99.9 0.0  0 8.5 86  4.6   4  3.2 3.2 0.6
5048519750602 10.7  1.5  0.009900-99.9-99.9-99.9-99.9 4.5 45 7.8 84  3.4   3  2.4 7.6 0.5
5048519750603 14.0  0.2  0.009900-99.9-99.9-99.9-99.9 8.7 87 7.3 78  2.5   4  3.211.6 0.5
5048519750604 17.2  0.0  0.009900-99.9-99.9-99.9-99.9 8.1 81 5.8 64 -0.7   4  3.211.0 0.9
5048519750605 17.8 -0.1  0.009900-99.9-99.9-99.9-99.9 8.4 84 6.9 66  1.7   2  1.611.3 0.6
5048519750606 18.0  0.5  0.009900-99.9-99.9-99.9-99.9 8.5 85 6.8 70  1.5   4  3.211.3 0.8
5048519750607 18.0  0.0  0.009900-99.9-99.9-99.9-99.9 8.5 85 7.4 70  2.7   3  2.411.3 0.6
5048519750608 17.7 -0.3  0.009900-99.9-99.9-99.9-99.9 8.5 85 7.3 72  2.5   1  0.811.3 0.5
5048519750609 19.3  5.1  0.009900-99.9-99.9-99.9-99.9 8.5 85 6.9 57  1.7   4  3.211.2 1.1
5048519750610 18.3  0.5  0.009900-99.9-99.9-99.9-99.9 8.5 85 6.3 61  0.4   4  3.211.2 0.9
5048519750611 21.5  1.6  0.009900-99.9-99.9-99.9-99.9 8.6 86 7.9 64  3.6   4  3.211.3 0.9
5048519750612 17.5  5.0  0.009900-99.9-99.9-99.9-99.9 8.1 81 9.0 71  5.4  20 16.010.8 1.6
5048519750613 19.3  3.5  0.009900-99.9-99.9-99.9-99.9 7.3 73 9.2 75  5.8   4  3.210.0 0.7
5048519750614 20.0  6.1  0.009900-99.9-99.9-99.9-99.9 6.4 6410.9 75  8.2   4  3.2 9.1 0.8
5048519750615 21.8  7.3  0.009900-99.9-99.9-99.9-99.9 7.4 7410.6 70  7.8   2  1.610.1 0.7
5048519750616 16.5  5.6  0.009900-99.9-99.9-99.9-99.9 6.6 66 9.8 64  6.7  11  8.8 9.3 0.9
5048519750617 14.7  3.9  0.009900-99.9-99.9-99.9-99.9 2.5 25 9.9 81  6.8   2  1.6 5.4 0.5
5048519750618 16.6  6.3 10.019900-99.9-99.9-99.9-99.9 2.6 2612.4 84 10.1  11  8.8 5.5 0.6
5048519750619 11.3  9.0  0.519900-99.9-99.9-99.9-99.9 0.0  011.7 94  9.3   4  3.2 3.1 0.5
5048519750620 12.2  8.4  1.019900-99.9-99.9-99.9-99.9 0.0  011.2 91  8.6   6  4.8 3.1 0.6
5048519750621 17.0  4.6  0.009900-99.9-99.9-99.9-99.9 6.3 64 9.3 76  5.9   1  0.8 9.0 0.5
5048519750622 16.2  1.8  0.009900-99.9-99.9-99.9-99.9 8.3 84 8.9 80  5.3   1  0.810.9 0.3
5048519750623 19.8  4.6  0.009900-99.9-99.9-99.9-99.9 8.2 83 9.6 73  6.4   2  1.610.8 0.6
5048519750624 12.8  3.7  0.009900-99.9-99.9-99.9-99.9 0.0  010.0 87  7.0   2  1.6 3.1 0.5
5048519750625 17.5  8.1  0.009900-99.9-99.9-99.9-99.9 6.3 6311.1 78  8.5   4  3.2 9.0 0.7
5048519750626 19.5  8.1  0.009900-99.9-99.9-99.9-99.9 8.5 8611.5 76  9.0   9  7.211.1 1.0
5048519750627 15.4  6.0  0.009900-99.9-99.9-99.9-99.9 0.6  610.1 78  7.1   4  3.2 3.6 0.8
5048519750628 16.8  5.3  0.009900-99.9-99.9-99.9-99.9 5.0 5010.5 77  7.7   1  0.8 7.8 0.5
5048519750629 19.5  6.6  0.009900-99.9-99.9-99.9-99.9 5.5 5511.3 76  8.8   4  3.2 8.3 0.8
5048519750630 18.3  7.6  0.009900-99.9-99.9-99.9-99.9 5.0 5010.2 77  7.3   2  1.6 7.8 0.7
5048519750701 19.3  5.1  0.009900-99.9-99.9-99.9-99.9 8.4 8410.5 79  7.7   5  4.011.0 0.7
5048519750702 16.6  4.6  0.009900-99.9-99.9-99.9-99.9 5.7 5710.5 89  7.7   2  1.6 8.5 0.5
5048519750703 20.7  3.4  1.019900-99.9-99.9-99.9-99.9 1.6 16 9.0 63  5.4  11  8.8 4.6 1.5
5048519750704 20.0  4.3  0.009900-99.9-99.9-99.9-99.9 7.3 73 8.7 79  5.0   2  1.610.1 0.7
5048519750705 18.7 -0.8  0.009900-99.9-99.9-99.9-99.9 8.1 81 5.9 61 -0.5   1  0.810.9 0.7
5048519750706 17.4  0.3  0.009900-99.9-99.9-99.9-99.9 7.6 76 5.7 54 -1.0   1  0.810.4 0.7
5048519750707 25.3 -1.3  0.009900-99.9-99.9-99.9-99.9 8.7 87 4.6 41 -3.8   6  4.811.5 1.7
5048519750708 20.5  5.7  0.009900-99.9-99.9-99.9-99.9 7.7 77 5.9 43 -0.5  15 12.010.6 2.5
5048519750709 17.0  1.7  0.009900-99.9-99.9-99.9-99.9 8.7 87 5.8 54 -0.7   2  1.611.6 0.8
5048519750710 12.0  5.3  0.009900-99.9-99.9-99.9-99.9 2.6 26 7.7 71  3.2   9  7.2 5.7 1.1
5048519750711  8.2  2.7  0.009900-99.9-99.9-99.9-99.9 0.0  0 6.0 68 -0.2   6  4.8 3.2 1.0
5048519750712 12.4 -3.0  0.009900-99.9-99.9-99.9-99.9 7.2 71 6.0 72 -0.2   3  2.410.2 0.5
5048519750713 14.2 -3.0  0.009900-99.9-99.9-99.9-99.9 4.9 49 6.8 72  1.5   4  3.2 8.0 0.6
5048519750714 15.2  1.1  0.009900-99.9-99.9-99.9-99.9 8.5 84 6.8 67  1.5   4  3.211.6 0.7
5048519750715  9.7 -0.8  0.009900-99.9-99.9-99.9-99.9 6.2 61 4.1 53 -5.4   7  5.6 9.4 1.0
5048519750716  7.6 -5.8  0.009900-99.9-99.9-99.9-99.9 8.7 86 3.3 54 -8.2   1  0.811.9 0.5
5048519750717 10.1 -8.0  0.009900-99.9-99.9-99.9-99.9 7.4 73 3.3 58 -8.2   2  1.610.6 0.6
5048519750718 13.7 -4.7  0.009900-99.9-99.9-99.9-99.9 8.9 88 3.7 53 -6.7   4  3.212.2 0.9
5048519750719 15.6 -4.1  0.009900-99.9-99.9-99.9-99.9 8.9 87 3.5 52 -7.4   1  0.812.2 0.8
5048519750720 16.4  1.1  0.009900-99.9-99.9-99.9-99.9 8.8 86 5.5 56 -1.4   1  0.812.2 0.7
5048519750721 16.6  0.1  0.009900-99.9-99.9-99.9-99.9 8.8 86 4.7 50 -3.6   4  3.212.3 1.1
5048519750722 16.4 -0.9  0.009900-99.9-99.9-99.9-99.9 8.9 87 4.9 56 -3.0   4  3.212.4 1.0
5048519750723 17.9 -1.0  0.009900-99.9-99.9-99.9-99.9 8.8 86 4.6 60 -3.8   6  4.812.4 1.3
5048519750724 11.5 -2.3  0.009900-99.9-99.9-99.9-99.9 5.3 52 5.7 66 -1.0   2  1.6 8.9 0.6
5048519750725 10.1 -4.3  0.009900-99.9-99.9-99.9-99.9 8.6 83 3.2 49 -8.6   1  0.812.3 0.7
5048519750726 11.9 -5.8  0.009900-99.9-99.9-99.9-99.9 8.6 83 3.5 53 -7.4   1  0.812.4 0.6
5048519750727 13.0 -3.6  0.009900-99.9-99.9-99.9-99.9 8.4 81 4.6 59 -3.8   2  1.612.3 0.7
5048519750728 13.4 -4.1  0.009900-99.9-99.9-99.9-99.9 6.3 61 4.6 59 -3.8   4  3.210.1 0.9
5048519750729 17.5 -2.4  0.009900-99.9-99.9-99.9-99.9 8.3 80 5.6 58 -1.2   2  1.612.3 0.8
5048519750730 18.2  1.8  0.009900-99.9-99.9-99.9-99.9 7.3 70 6.3 56  0.4   4  3.211.3 1.1
5048519750731 22.6  1.1  0.009900-99.9-99.9-99.9-99.9 8.6 82 6.3 52  0.4   4  3.212.8 1.2
5048519750801 22.1  4.0  0.009900-99.9-99.9-99.9-99.9 7.6 73 6.9 46  1.7   6  4.811.8 1.5
5048519750802 16.8  2.7  0.009900-99.9-99.9-99.9-99.9 6.4 61 5.4 51 -1.7   1  0.810.6 1.0
5048519750803 13.5  1.0  0.009900-99.9-99.9-99.9-99.9 9.2 87 5.3 49 -1.9   6  4.813.7 1.2
5048519750804 10.5  0.6  0.009900-99.9-99.9-99.9-99.9 2.6 25 7.2 74  2.3   7  5.6 6.6 0.8
5048519750805  9.7  4.0  0.009900-99.9-99.9-99.9-99.9 0.0  0 6.7 68  1.3   9  7.2 3.8 1.2
5048519750806  6.0  0.9  2.519901-99.9-99.9-99.9-99.9 0.0  0 5.9 78 -0.5  11  8.8 3.8 1.0
5048519750807  3.0 -0.5 11.019901-99.9-99.9-99.9-99.9 0.0  0 6.1 95  0.0  11  8.8 3.8 0.6
5048519750808  3.0 -0.5  3.519901-99.9-99.9-99.9-99.9 0.0  0 6.5 96  0.9   6  4.8 3.9 0.4
5048519750809  8.2 -3.2  0.009901-99.9-99.9-99.9-99.9 8.6 81 6.1 83  0.0   2  1.613.5 0.6
5048519750810 15.4 -0.5  0.009900-99.9-99.9-99.9-99.9 8.8 82 6.9 72  1.7   4  3.213.9 1.1
5048519750811 19.0  1.8  0.009900-99.9-99.9-99.9-99.9 9.3 87 7.1 61  2.1   6  4.814.5 1.5
5048519750812 12.5  1.6  0.009900-99.9-99.9-99.9-99.9 9.5 88 6.2 59  0.2  31 24.814.8 2.6
5048519750813 15.4 -0.8  0.009900-99.9-99.9-99.9-99.9 9.5 88 6.1 60  0.0   4  3.214.9 1.2
5048519750814 17.5  0.9  0.009900-99.9-99.9-99.9-99.9 9.1 84 6.9 63  1.7   2  1.614.6 1.2
5048519750815 21.0  2.3  0.009900-99.9-99.9-99.9-99.9 9.4 87 6.8 55  1.5   3  2.415.0 1.4
5048519750816 21.6  2.2  0.009900-99.9-99.9-99.9-99.9 9.6 88 6.7 53  1.3   2  1.615.4 1.4
5048519750817 23.0  0.9  0.009900-99.9-99.9-99.9-99.9 9.4 86 6.2 52  0.2   2  1.615.2 1.4
5048519750818 20.0  2.3  0.009900-99.9-99.9-99.9-99.9 9.5 87 8.0 59  3.8   6  4.815.5 1.6
5048519750819 12.2  3.0  0.009900-99.9-99.9-99.9-99.9 4.8 44 7.3 64  2.5  11  8.810.0 1.5
5048519750820 21.2  1.2  0.009900-99.9-99.9-99.9-99.9 9.6 87 6.7 56  1.3   4  3.215.8 1.6
5048519750821 21.5  3.0  0.009900-99.9-99.9-99.9-99.9 9.5 86 7.3 53  2.5   4  3.215.8 1.7
5048519750822 22.8  7.2  0.009900-99.9-99.9-99.9-99.9 9.7 88 8.7 53  5.0   4  3.216.1 1.9
5048519750823 14.0  2.4  0.009900-99.9-99.9-99.9-99.9 0.0  0 7.7 83  3.2   9  7.2 4.4 1.3
5048519750824 10.4  0.3  0.009900-99.9-99.9-99.9-99.9 2.0 18 6.7 77  1.3   4  3.2 6.9 1.0
5048519750825 14.8 -3.1  0.009900-99.9-99.9-99.9-99.9 9.9 89 5.6 63 -1.2   4  3.216.7 1.4
5048519750826 18.2 -1.2  0.009900-99.9-99.9-99.9-99.9 9.8 88 5.4 54 -1.7   2  1.616.7 1.5
5048519750827 21.1 -0.2  0.009900-99.9-99.9-99.9-99.9 9.5 85 4.9 40 -3.0   7  5.616.4 2.2
5048519750828 15.7  2.6  0.009900-99.9-99.9-99.9-99.9 9.7 86 5.3 44 -1.9  11  8.816.8 2.4
5048519750829 20.0  0.6  0.009900-99.9-99.9-99.9-99.9 9.8 87 5.2 46 -2.2   4  3.217.0 1.9
5048519750830 22.2  4.4  0.009900-99.9-99.9-99.9-99.9 9.7 86 6.7 44  1.3   2  1.617.0 1.9
5048519750831 24.0  4.7  0.009900-99.9-99.9-99.9-99.9 9.7 86 7.3 43  2.5   2  1.617.1 2.0
5048519750901 25.0  6.3  0.009900-99.9-99.9-99.9-99.9 9.7 85 8.7 48  5.0   6  4.817.3 2.5
5048519750902 27.7  5.7  0.009900-99.9-99.9-99.9-99.9 9.7 85 8.0 44  3.8   7  5.617.4 2.8
5048519750903 28.0  6.0  0.009900-99.9-99.9-99.9-99.9 9.6 84 8.2 44  4.1   4  3.217.4 2.5
5048519750904 25.7  9.3  0.009900-99.9-99.9-99.9-99.910.1 88 8.8 45  5.1   4  3.218.1 2.6
5048519750905 16.4  6.3  0.009900-99.9-99.9-99.9-99.9 9.7 84 5.6 40 -1.2  20 16.017.7 3.7
5048519750906 17.0  1.4  0.009900-99.9-99.9-99.9-99.9 9.3 81 4.2 42 -5.0   2  1.617.3 1.9
5048519750907 22.5  0.0  0.009900-99.9-99.9-99.9-99.9 9.8 85 4.8 37 -3.3   4  3.218.1 2.2
5048519750908 18.1  1.8  0.009900-99.9-99.9-99.9-99.9 9.8 85 4.8 37 -3.3   6  4.818.2 2.3
5048519750909 17.5  3.5  0.009900-99.9-99.9-99.9-99.910.2 88 4.1 29 -5.4  10  8.018.9 2.9
5048519750910 21.0  1.1  0.009900-99.9-99.9-99.9-99.9 9.1 78 5.0 38 -2.7   6  4.817.5 2.5
5048519750911 20.4  2.8  0.009900-99.9-99.9-99.9-99.910.2 87 7.5 53  2.9   4  3.219.1 2.3
5048519750912 21.4  1.7  1.019900-99.9-99.9-99.9-99.910.0 85 8.7 59  5.0   6  4.818.9 2.3
5048519750913 15.2  4.2  0.009900-99.9-99.9-99.9-99.9 2.0 17 7.8 60  3.4   3  2.4 8.0 1.5
5048519750914 22.5  1.7  0.009900-99.9-99.9-99.9-99.910.0 85 6.5 46  0.9   4  3.219.2 2.4
5048519750915 23.6  2.7  0.009900-99.9-99.9-99.9-99.9 9.9 84 6.8 41  1.5   2  1.619.1 2.4
5048519750916 25.2  6.1  0.009900-99.9-99.9-99.9-99.9 9.6 81 7.2 41  2.3   4  3.218.8 2.8
5048519750917 25.5  7.1  2.019900-99.9-99.9-99.9-99.9 9.5 8010.4 49  7.5   4  3.218.8 2.8
5048519750918 15.8 10.3 32.019900-99.9-99.9-99.9-99.9 3.0 2511.5 76  9.0  20 16.0 9.7 2.4
5048519750919 18.1  9.2  0.009900-99.9-99.9-99.9-99.9 4.6 38 9.6 62  6.4  31 24.812.1 4.0
5048519750920 20.7  6.7  7.019900-99.9-99.9-99.9-99.9 8.9 74 9.9 65  6.8   2  1.618.3 2.4
5048519750921 13.5  7.8  2.519900-99.9-99.9-99.9-99.9 2.1 1710.2 83  7.3   2  1.6 8.7 1.4
5048519750922 18.3  5.0  0.009900-99.9-99.9-99.9-99.910.0 8310.5 72  7.7   4  3.220.1 2.4
5048519750923 24.7  6.7  0.009900-99.9-99.9-99.9-99.910.3 85 8.8 52  5.1   6  4.820.6 3.2
5048519750924 18.4  8.0  0.009900-99.9-99.9-99.9-99.9 9.9 82 8.8 52  5.1  13 10.420.2 3.4
5048519750925 21.0  4.6  0.009900-99.9-99.9-99.9-99.910.5 86 9.0 57  5.4   6  4.821.1 2.9
5048519750926 23.2  4.1  0.009900-99.9-99.9-99.9-99.910.0 8210.4 58  7.5   2  1.620.5 2.6
5048519750927 24.4  7.5  0.009900-99.9-99.9-99.9-99.9 8.4 6912.4 61 10.1   2  1.618.3 2.7
5048519750928 25.3 10.4  0.009900-99.9-99.9-99.9-99.9 8.4 6810.6 56  7.8  15 12.018.4 4.2
5048519750929 21.3  7.2  0.009900-99.9-99.9-99.9-99.910.6 86 7.9 48  3.6   6  4.821.7 3.3
5048519750930 22.9  4.8  0.009900-99.9-99.9-99.9-99.910.5 85 6.0 32 -0.2  18 14.421.7 4.7
5048519751001 12.5  3.5  0.009900-99.9-99.9-99.9-99.9 3.0 24 6.5 54  0.9  16 12.810.6 2.5
5048519751002 20.0  1.9  0.009900-99.9-99.9-99.9-99.910.5 85 6.7 47  1.3   4  3.221.9 2.9
5048519751003 23.0  4.6  0.009900-99.9-99.9-99.9-99.910.6 85 7.7 44  3.2   2  1.622.2 3.0
5048519751004 27.3  7.5  0.009900-99.9-99.9-99.9-99.910.5 84 8.6 40  4.8   4  3.222.1 3.6
5048519751005 27.4  8.8  0.009900-99.9-99.9-99.9-99.910.7 8611.4 51  8.9   0  0.022.5 3.3
5048519751006 29.4 10.2  0.009900-99.9-99.9-99.9-99.910.5 8410.1 46  7.1  12  9.622.3 4.8
5048519751007 16.5  6.1  0.009900-99.9-99.9-99.9-99.910.7 85 5.3 39 -1.9  11  8.822.8 3.8
5048519751008 20.7  3.1  0.009900-99.9-99.9-99.9-99.910.7 85 5.7 36 -1.0   2  1.622.9 3.0
5048519751009 23.5  4.6  0.009900-99.9-99.9-99.9-99.911.2 89 6.5 36  0.9   2  1.623.7 3.2
5048519751010 26.0  5.9  0.009900-99.9-99.9-99.9-99.911.2 88 8.2 40  4.1   2  1.623.8 3.4
5048519751011 28.4  7.2  0.009900-99.9-99.9-99.9-99.911.1 87 8.3 38  4.3   4  3.223.8 3.9
5048519751012 24.6 11.5  0.009900-99.9-99.9-99.9-99.911.1 87 7.8 36  3.4   8  6.423.9 4.4
5048519751013 25.3 10.0  0.009900-99.9-99.9-99.9-99.911.1 87 6.8 31  1.5   7  5.624.0 4.3
5048519751014 29.2  7.4  0.009900-99.9-99.9-99.9-99.910.7 84 8.5 38  4.6   6  4.823.4 4.2
5048519751015 28.0 10.3  0.009900-99.9-99.9-99.9-99.910.9 85 8.3 35  4.3   4  3.223.9 4.1
5048519751016 28.4  9.4  0.009900-99.9-99.9-99.9-99.910.8 84 8.3 35  4.3   8  6.423.8 4.6
5048519751017 31.0 11.6  0.009900-99.9-99.9-99.9-99.910.8 8412.0 45  9.7  17 13.623.9 5.9
5048519751018 23.5 11.3  0.009900-99.9-99.9-99.9-99.911.3 87 8.2 38  4.1   6  4.824.8 4.3
5048519751019 26.0  8.0  0.009900-99.9-99.9-99.9-99.911.2 86 8.6 38  4.8   2  1.624.7 3.8
5048519751020 30.0  9.0  0.009900-99.9-99.9-99.9-99.911.3 87 9.4 39  6.1   4  3.224.9 4.3
5048519751021 30.8 11.0  0.009900-99.9-99.9-99.9-99.911.3 87 9.7 37  6.5   4  3.225.0 4.5
5048519751022 32.0 12.7  0.009900-99.9-99.9-99.9-99.911.0 8411.1 38  8.5  11  8.824.6 5.6
5048519751023 32.5 12.2  0.009900-99.9-99.9-99.9-99.911.7 8911.6 39  9.2   4  3.225.9 4.8
5048519751024 25.5 15.8  0.009900-99.9-99.9-99.9-99.911.5 88 7.9 33  3.6  25 20.025.6 7.6
5048519751025 26.6 10.0  0.009900-99.9-99.9-99.9-99.9 8.2 6211.7 51  9.3   1  0.820.3 3.5
5048519751026 30.8 14.2  0.009900-99.9-99.9-99.9-99.911.7 89 7.7 28  3.2  11  8.826.1 5.9
5048519751027 25.6 10.1  0.009900-99.9-99.9-99.9-99.911.3 85 9.1 43  5.6   4  3.225.5 4.3
5048519751028 24.5 11.8  0.819900-99.9-99.9-99.9-99.911.4 86 8.9 41  5.3  15 12.025.8 5.7
5048519751029 23.8 11.8  0.009900-99.9-99.9-99.9-99.910.1 76 9.8 47  6.7   6  4.823.7 4.4
5048519751030 25.8 11.2  0.009900-99.9-99.9-99.9-99.911.5 8610.6 47  7.8   6  4.826.1 4.7
5048519751031 29.4 11.0  0.009900-99.9-99.9-99.9-99.910.7 8012.6 50 10.4   4  3.224.8 4.6
5048519751101 28.0 12.2  5.019900-99.9-99.9-99.9-99.9 6.6 4910.5 40  7.7   1  0.818.1 3.6
5048519751102 23.0 11.8 35.019900-99.9-99.9-99.9-99.9 0.0  012.5 86 10.3   7  5.6 7.3 2.5
5048519751103 14.2 10.7 15.019900-99.9-99.9-99.9-99.9 0.0  013.6 97 11.5   4  3.2 7.3 1.4
5048519751104 19.5 11.2  0.009900-99.9-99.9-99.9-99.9 8.3 6213.7 79 11.6   2  1.621.1 3.3
5048519751105 23.6 11.5  0.009900-99.9-99.9-99.9-99.9 8.4 6213.1 64 11.0   4  3.221.3 3.8
5048519751106 24.7  9.1  0.009900-99.9-99.9-99.9-99.911.8 8711.7 53  9.3   6  4.827.1 4.6
5048519751107 25.5 11.4  0.009900-99.9-99.9-99.9-99.911.9 8813.6 57 11.5   4  3.227.3 4.7
5048519751108 22.4 11.2  0.009900-99.9-99.9-99.9-99.911.6 85 9.6 51  6.4   2  1.626.9 4.3
5048519751109 22.0  9.6  0.009900-99.9-99.9-99.9-99.912.1 89 7.8 40  3.4   7  5.627.8 4.8
5048519751110 23.2  9.4  0.009900-99.9-99.9-99.9-99.911.6 85 8.3 41  4.3   6  4.827.0 4.7
5048519751111 30.0  8.3  0.009900-99.9-99.9-99.9-99.912.3 9011.3 46  8.8   4  3.228.2 4.9
5048519751112 30.6 11.2  0.009900-99.9-99.9-99.9-99.912.3 9011.4 38  8.9   6  4.828.3 5.4
5048519751113 33.0 15.2  0.009900-99.9-99.9-99.9-99.912.3 9015.3 50 13.3   8  6.428.3 6.1
5048519751114 35.8 15.7  0.009900-99.9-99.9-99.9-99.912.2 89 9.2 25  5.8  15 12.028.2 7.6
5048519751115 31.4 10.5  0.009900-99.9-99.9-99.9-99.911.1 81 7.5 37  2.9  41 32.826.410.6
5048519751116 27.0  7.0  0.009900-99.9-99.9-99.9-99.912.3 89 5.9 25 -0.5   7  5.628.5 5.2
5048519751117 23.4  8.6  0.009900-99.9-99.9-99.9-99.912.2 88 5.9 31 -0.5   6  4.828.4 4.9
5048519751118 29.5  7.6  0.009900-99.9-99.9-99.9-99.912.3 8910.2 39  7.3   6  4.828.6 5.2
5048519751119 29.4 12.0  0.009900-99.9-99.9-99.9-99.912.1 87 8.8 30  5.1  11  8.828.3 6.2
5048519751120 26.5 14.8  0.009900-99.9-99.9-99.9-99.912.3 88 9.5 36  6.2  13 10.428.7 6.5
5048519751121 31.0 12.5  0.009900-99.9-99.9-99.9-99.912.2 8813.2 44 11.1   4  3.228.5 5.4
5048519751122 26.0 16.1  0.009900-99.9-99.9-99.9-99.9 8.2 5910.1 40  7.1   6  4.821.8 4.9
5048519751123 24.0 12.3  0.009900-99.9-99.9-99.9-99.910.1 72 7.7 39  3.2   6  4.825.0 4.9
5048519751124 28.6 10.0  0.009900-99.9-99.9-99.9-99.912.4 8910.6 39  7.8   4  3.229.0 5.2
5048519751125 31.0 13.0  0.009900-99.9-99.9-99.9-99.911.0 7911.4 39  8.9   4  3.226.6 5.3
5048519751126 33.3 12.8  0.009900-99.9-99.9-99.9-99.910.8 7714.1 42 12.1   2  1.626.3 5.1
5048519751127 28.3 15.4  1.019900-99.9-99.9-99.9-99.910.0 7115.6 59 13.6   6  4.825.0 5.2
5048519751128 28.6 10.1  0.319900-99.9-99.9-99.9-99.9 9.3 6611.6 51  9.2  12  9.623.8 5.4
5048519751129 22.7  7.0  0.009900-99.9-99.9-99.9-99.912.4 88 7.0 38  1.9   4  3.229.2 4.7
5048519751130 29.8  7.3  0.009900-99.9-99.9-99.9-99.912.5 89 8.5 33  4.6  12  9.629.4 6.2
5048519751201 33.0  9.0  0.009900-99.9-99.9-99.9-99.912.4 8810.7 36  8.0   4  3.229.2 5.5
5048519751202 27.3 13.3  0.009900-99.9-99.9-99.9-99.912.4 88 9.5 35  6.2   8  6.429.3 5.9
5048519751203 33.2 11.2  0.009900-99.9-99.9-99.9-99.912.4 8812.7 41 10.5   4  3.229.3 5.7
5048519751204 31.7 15.8  0.009900-99.9-99.9-99.9-99.912.1 8510.3 31  7.4  11  8.828.8 6.8
5048519751205 32.7 16.2  0.009900-99.9-99.9-99.9-99.912.1 8514.6 44 12.6   6  4.828.8 6.2
5048519751206 31.1 15.1  0.009900-99.9-99.9-99.9-99.912.5 8810.6 32  7.8  13 10.429.5 7.1
5048519751207 34.8 12.6  0.009900-99.9-99.9-99.9-99.912.5 8812.6 37 10.4   6  4.829.6 6.2
5048519751208 26.5 11.0  0.009900-99.9-99.9-99.9-99.912.5 88 8.2 37  4.1  11  8.829.6 6.2
5048519751209 32.4  8.1  0.009900-99.9-99.9-99.9-99.912.4 8712.3 40 10.0   6  4.829.4 5.6
5048519751210 32.6 12.3  0.009900-99.9-99.9-99.9-99.912.4 8713.2 40 11.1   2  1.629.4 5.5
5048519751211 34.4 14.4  0.009900-99.9-99.9-99.9-99.912.4 8712.9 37 10.7   6  4.829.5 6.3
5048519751212 32.3 18.1  0.009900-99.9-99.9-99.9-99.912.0 84 9.6 30  6.4  14 11.228.8 7.6
5048519751213 33.7 16.2  0.009900-99.9-99.9-99.9-99.912.2 8617.0 46 15.0  11  8.829.1 6.9
5048519751214 36.5 18.5  0.009900-99.9-99.9-99.9-99.912.3 8622.9 54 19.7   6  4.829.3 6.8
5048519751215 36.5 19.4  0.009900-99.9-99.9-99.9-99.910.8 7621.5 47 18.7   4  3.226.7 6.2
5048519751216 36.3 19.6  0.009900-99.9-99.9-99.9-99.911.6 8120.5 49 17.9   4  3.228.1 6.5
5048519751217 39.2 19.8  0.009900-99.9-99.9-99.9-99.912.1 8521.7 47 18.8   4  3.229.0 6.9
5048519751218 36.6 20.6  0.009900-99.9-99.9-99.9-99.912.4 8710.1 24  7.1  11  8.829.5 7.7
5048519751219 30.2 13.2  0.009900-99.9-99.9-99.9-99.911.7 82 9.5 39  6.2   6  4.828.3 5.8
5048519751220 34.2 11.0  0.009900-99.9-99.9-99.9-99.911.7 8214.3 47 12.3   4  3.228.3 5.7
5048519751221 33.0 13.7  0.009900-99.9-99.9-99.9-99.911.9 8311.2 34  8.6   9  7.228.7 6.5
5048519751222 30.4 16.7  0.009900-99.9-99.9-99.9-99.912.4 8711.4 40  8.9   7  5.629.6 6.3
5048519751223 32.0 13.8  0.009900-99.9-99.9-99.9-99.912.2 8512.8 39 10.6   4  3.229.2 5.8
5048519751224 36.3 16.6  0.009900-99.9-99.9-99.9-99.912.2 8516.0 41 14.0   6  4.829.2 6.6
5048519751225 33.2 17.3  0.009900-99.9-99.9-99.9-99.912.4 8711.7 33  9.3  17 13.629.6 8.1
5048519751226 34.5 13.8  0.009900-99.9-99.9-99.9-99.912.4 8716.0 45 14.0   4  3.229.6 6.1
5048519751227 27.0 13.8  0.009900-99.9-99.9-99.9-99.912.0 84 7.6 31  3.0   3  2.428.9 5.2
5048519751228 32.7  9.6  0.009900-99.9-99.9-99.9-99.911.4 8014.0 46 12.0   4  3.227.8 5.4
5048519751229 35.0 13.4  0.009900-99.9-99.9-99.9-99.912.1 8516.2 45 14.2   2  1.629.0 5.8
5048519751230 38.6 16.8  0.009900-99.9-99.9-99.9-99.912.1 8518.1 44 15.9   4  3.229.0 6.5
5048519751231 37.3 20.2  6.619900-99.9-99.9-99.9-99.9 6.9 4820.0 48 17.5   2  1.620.0 5.0
5048519760101 28.7 18.4  0.009900-99.9-99.9-99.9-99.9 7.9 5511.4 38  8.9   8  6.421.7 5.5
5048519760102 32.0 12.8  0.009900-99.9-99.9-99.9-99.912.0 8412.2 39  9.9   3  2.428.8 5.6
5048519760103 35.4 12.9  0.009900-99.9-99.9-99.9-99.910.8 7616.7 49 14.7   2  1.626.7 5.4
5048519760104 36.0 17.8  0.009900-99.9-99.9-99.9-99.912.4 8711.3 29  8.8  10  8.029.5 7.3
5048519760105 28.5 16.0  0.009900-99.9-99.9-99.9-99.9 0.0  016.0 67 14.0   0  0.0 8.0 2.4
5048519760106 31.0 12.1  0.009900-99.9-99.9-99.9-99.912.6 8913.4 54 11.3   1  0.829.8 5.4
5048519760107 34.0 14.9  0.009900-99.9-99.9-99.9-99.9 8.7 6117.6 53 15.5   1  0.823.1 4.8
5048519760108 37.2 16.4  0.009900-99.9-99.9-99.9-99.912.2 8618.4 43 16.2   4  3.229.1 6.4
5048519760109 31.4 19.1  0.009900-99.9-99.9-99.9-99.912.4 8814.3 44 12.3   6  4.829.4 6.4
5048519760110 29.9 17.7  0.009900-99.9-99.9-99.9-99.912.3 8712.1 41  9.8   4  3.229.2 5.9
5048519760111 34.4 14.8  0.009900-99.9-99.9-99.9-99.912.3 8717.0 48 15.0   3  2.429.2 5.9
5048519760112 32.4 19.1  0.009900-99.9-99.9-99.9-99.912.1 8615.2 45 13.2   1  0.828.8 5.7
5048519760113 35.2 18.8  0.009900-99.9-99.9-99.9-99.912.4 8819.3 50 16.9   5  4.029.3 6.5
5048519760114 29.7 16.6  0.009900-99.9-99.9-99.9-99.911.6 8312.5 45 10.3   5  4.027.9 5.7
5048519760115 35.3 14.3  0.009900-99.9-99.9-99.9-99.912.2 8718.7 49 16.4   4  3.228.9 6.0
5048519760116 36.0 19.1  0.009900-99.9-99.9-99.9-99.911.5 8222.5 53 19.4   3  2.427.7 6.2
5048519760117 37.2 21.4  0.009900-99.9-99.9-99.9-99.9 8.8 6320.8 45 18.1   6  4.823.0 6.0
5048519760118 37.7 22.1  0.009900-99.9-99.9-99.9-99.911.9 8520.0 44 17.5   6  4.828.3 6.9
5048519760119 30.3 20.8  0.009900-99.9-99.9-99.9-99.911.4 8211.3 37  8.8   1  0.827.4 5.3
5048519760120 27.3 15.0  0.009900-99.9-99.9-99.9-99.911.7 8410.3 45  7.4   4  3.227.9 5.3
5048519760121 30.2 11.7  0.009900-99.9-99.9-99.9-99.911.9 8614.9 50 12.9   6  4.828.2 5.5
5048519760122 33.0 11.6  0.009900-99.9-99.9-99.9-99.911.7 8415.1 47 13.1   4  3.227.8 5.4
5048519760123 33.7 15.1  0.009900-99.9-99.9-99.9-99.912.0 8720.1 54 17.6   4  3.228.3 5.8
5048519760124 31.5 21.6  0.009900-99.9-99.9-99.9-99.912.1 8712.0 36  9.7   6  4.828.4 6.3
5048519760125 32.7 15.4  0.009900-99.9-99.9-99.9-99.912.1 8813.7 43 11.6   2  1.628.4 5.5
5048519760126 27.2 16.3  0.009900-99.9-99.9-99.9-99.912.1 8812.5 45 10.3  15 12.028.3 6.7
5048519760127 29.6 11.7  0.009900-99.9-99.9-99.9-99.910.7 7812.5 46 10.3   3  2.425.9 4.8
5048519760128 33.0 16.2  0.009900-99.9-99.9-99.9-99.910.7 7818.9 55 16.6   6  4.825.9 5.6
5048519760129 32.6 18.9  3.019900-99.9-99.9-99.9-99.9 6.0 4422.1 69 19.1   7  5.617.8 4.5
5048519760130 30.6 15.2  0.009900-99.9-99.9-99.9-99.912.0 8817.6 56 15.5   4  3.228.0 5.5
5048519760131 34.0 15.3  0.009900-99.9-99.9-99.9-99.910.0 7317.3 52 15.2   3  2.424.5 5.1
5048519760201 33.0 17.0  0.009900-99.9-99.9-99.9-99.9-9.9 9916.7 47 14.7   4  3.2-9.9-9.9
5048519760202 27.0 14.8  0.009900-99.9-99.9-99.9-99.9-9.9 9913.4 53 11.3   8  6.4-9.9-9.9
5048519760203 28.7 12.3  0.009900-99.9-99.9-99.9-99.9-9.9 9912.5 50 10.3   4  3.2-9.9-9.9
5048519760204 26.8 15.2  0.009900-99.9-99.9-99.9-99.9-9.9 9910.8 43  8.1   4  3.2-9.9-9.9
5048519760205 27.3 13.8  0.009900-99.9-99.9-99.9-99.9-9.9 9911.2 44  8.6   4  3.2-9.9-9.9
5048519760206 33.0 10.2  0.009900-99.9-99.9-99.9-99.9-9.9 9912.2 41  9.9   2  1.6-9.9-9.9
5048519760207 29.3 13.9  0.009900-99.9-99.9-99.9-99.9-9.9 9911.0 40  8.4   6  4.8-9.9-9.9
5048519760208 29.6 16.7  0.009900-99.9-99.9-99.9-99.9-9.9 9915.3 64 13.3   1  0.8-9.9-9.9
5048519760209 23.0 15.6  0.009900-99.9-99.9-99.9-99.9-9.9 9917.7 81 15.6   6  4.8-9.9-9.9
5048519760210 25.2 16.1  0.009900-99.9-99.9-99.9-99.9-9.9 9918.7 75 16.4   6  4.8-9.9-9.9
5048519760211 29.8 12.8  0.009900-99.9-99.9-99.9-99.9-9.9 9918.8 70 16.5   4  3.2-9.9-9.9
5048519760212 32.6 15.4  0.009900-99.9-99.9-99.9-99.9-9.9 9917.1 56 15.0   7  5.6-9.9-9.9
5048519760213 32.7 15.8 31.519900-99.9-99.9-99.9-99.9-9.9 9916.3 54 14.3   2  1.6-9.9-9.9
5048519760214 29.2 16.1  0.009900-99.9-99.9-99.9-99.9-9.9 9917.3 71 15.2   2  1.6-9.9-9.9
5048519760215 31.3 16.6  0.009900-99.9-99.9-99.9-99.9-9.9 9920.3 63 17.7   1  0.8-9.9-9.9
5048519760216 25.8 17.0 12.519900-99.9-99.9-99.9-99.9-9.9 9919.1 73 16.8   6  4.8-9.9-9.9
5048519760217 31.2 18.6  0.009900-99.9-99.9-99.9-99.9-9.9 9922.3 69 19.2   4  3.2-9.9-9.9
5048519760218 26.0 18.5  1.519900-99.9-99.9-99.9-99.9-9.9 9918.7 75 16.4  14 11.2-9.9-9.9
5048519760219 24.7 14.3  0.009900-99.9-99.9-99.9-99.9-9.9 9915.5 70 13.5   4  3.2-9.9-9.9
5048519760220 30.2 13.1  0.009900-99.9-99.9-99.9-99.9-9.9 9917.0 65 15.0   2  1.6-9.9-9.9
5048519760221 27.5 16.9  0.009900-99.9-99.9-99.9-99.9-9.9 9917.2 65 15.1   8  6.4-9.9-9.9
5048519760222 33.3 16.4  0.009900-99.9-99.9-99.9-99.9-9.9 9918.6 55 16.4   4  3.2-9.9-9.9
5048519760223 33.4 17.1  0.009900-99.9-99.9-99.9-99.9-9.9 9918.3 54 16.1   2  1.6-9.9-9.9
5048519760224 25.8 19.0  0.009900-99.9-99.9-99.9-99.9-9.9 9918.3 69 16.1  10  8.0-9.9-9.9
5048519760225 31.0 16.9  0.009900-99.9-99.9-99.9-99.9-9.9 9919.2 61 16.9   4  3.2-9.9-9.9
5048519760226 33.2 19.7  0.009900-99.9-99.9-99.9-99.9-9.9 9921.5 64 18.7   6  4.8-9.9-9.9
5048519760227 30.4 18.8  6.519900-99.9-99.9-99.9-99.9-9.9 9920.7 63 18.1   7  5.6-9.9-9.9
5048519760228 25.0 15.2  0.009900-99.9-99.9-99.9-99.9-9.9 9913.9 58 11.9   4  3.2-9.9-9.9
5048519760229 31.4 13.5  0.009900-99.9-99.9-99.9-99.9-9.9 9911.6 45  9.2   3  2.4-9.9-9.9
5048519760301 29.2  8.3  0.009900-99.9-99.9-99.9-99.910.5 83 9.8 43  6.7   4  3.223.2 4.0
5048519760302 32.3 10.4  0.009900-99.9-99.9-99.9-99.910.7 8413.5 50 11.4   6  4.823.4 4.5
5048519760303 31.3 13.1  0.009900-99.9-99.9-99.9-99.910.2 8113.5 47 11.4  11  8.822.5 5.0
5048519760304 30.0 16.0  0.009900-99.9-99.9-99.9-99.9 9.6 7616.9 61 14.9   4  3.221.4 4.2
5048519760305 29.2 15.1  0.009900-99.9-99.9-99.9-99.9 9.8 7816.5 60 14.5   6  4.821.7 4.3
5048519760306 28.7 15.0  0.009900-99.9-99.9-99.9-99.9 7.3 5815.1 56 13.1   2  1.617.7 3.4
5048519760307 21.4 14.0  0.009900-99.9-99.9-99.9-99.9 0.9  711.1 54  8.5   6  4.8 7.7 2.5
5048519760308 25.6 11.9  0.009900-99.9-99.9-99.9-99.9 9.5 7611.8 56  9.4   4  3.220.9 3.6
5048519760309 29.7  9.7  0.009900-99.9-99.9-99.9-99.910.5 8415.9 66 13.9   4  3.222.3 3.7
5048519760310 25.6 15.5  0.009900-99.9-99.9-99.9-99.9 6.0 4815.4 68 13.4   2  1.615.4 3.0
5048519760311 19.0 11.9  0.009900-99.9-99.9-99.9-99.9 5.0 40 7.2 44  2.3  15 12.013.8 4.1
5048519760312 15.6  7.9  0.009900-99.9-99.9-99.9-99.9 0.8  6 6.7 48  1.3   4  3.2 7.3 2.1
5048519760313 21.6  2.3  0.009900-99.9-99.9-99.9-99.910.6 86 8.6 69  4.8   4  3.222.0 2.9
5048519760314 24.5  5.2  0.009900-99.9-99.9-99.9-99.910.4 85 9.6 54  6.4   4  3.221.6 3.1
5048519760315 25.8  6.7  0.009900-99.9-99.9-99.9-99.910.4 8511.7 63  9.3   2  1.621.5 3.0
5048519760316 29.0  7.5  0.009900-99.9-99.9-99.9-99.910.2 8413.2 62 11.1   4  3.221.1 3.4
5048519760317 27.0 13.6  0.009900-99.9-99.9-99.9-99.9 9.1 7511.2 52  8.6   4  3.219.4 3.5
5048519760318 30.5 10.8  0.009900-99.9-99.9-99.9-99.910.5 8714.2 59 12.2   4  3.221.3 3.6
5048519760319 23.3 11.7  0.009900-99.9-99.9-99.9-99.9 6.9 57 7.0 32  1.9  13 10.415.9 4.2
5048519760320 26.0  9.9  0.009900-99.9-99.9-99.9-99.9 8.9 7410.0 57  7.0   4  3.218.7 3.1
5048519760321 27.3 10.4  0.009900-99.9-99.9-99.9-99.910.1 8410.3 46  7.4   4  3.220.4 3.3
5048519760322 31.5 11.5  0.009900-99.9-99.9-99.9-99.910.0 8315.4 59 13.4   4  3.220.1 3.5
5048519760323 22.2 15.2  0.009900-99.9-99.9-99.9-99.9 5.3 44 8.5 39  4.6  11  8.813.2 3.8
5048519760324 20.7  8.2  0.009900-99.9-99.9-99.9-99.9 7.6 64 8.8 52  5.1   4  3.216.5 2.6
5048519760325 19.2  6.7  0.009900-99.9-99.9-99.9-99.910.0 84 9.1 60  5.6   4  3.219.8 2.5
5048519760326 22.1  8.4  0.009900-99.9-99.9-99.9-99.9 9.3 7810.3 55  7.4   4  3.218.7 2.7
5048519760327 24.0  7.2  0.009900-99.9-99.9-99.9-99.910.0 8511.7 66  9.3   3  2.419.5 2.6
5048519760328 25.0  6.5  0.009900-99.9-99.9-99.9-99.9 9.8 8311.6 65  9.2   4  3.219.1 2.7
5048519760329 26.7  7.6  0.009900-99.9-99.9-99.9-99.910.0 8513.2 67 11.1   4  3.219.3 2.8
5048519760330 22.0 11.6  0.009900-99.9-99.9-99.9-99.9 2.5 21 8.9 43  5.3   4  3.2 8.8 2.3
5048519760331 22.5  9.5  0.009900-99.9-99.9-99.9-99.910.1 8611.2 64  8.6   4  3.219.2 2.6
5048519760401 24.4  6.2  0.009900-99.9-99.9-99.9-99.910.2 8811.4 67  8.9   2  1.619.2 2.4
5048519760402 27.7  8.3  0.009900-99.9-99.9-99.9-99.910.1 8712.0 60  9.7   4  3.218.9 2.8
5048519760403 27.0  9.2  0.009900-99.9-99.9-99.9-99.910.0 8614.3 72 12.3   1  0.818.7 2.5
5048519760404 22.3  7.3  0.009900-99.9-99.9-99.9-99.910.0 87 7.9 44  3.6   4  3.218.6 2.5
5048519760405 22.3  4.8  0.009900-99.9-99.9-99.9-99.9 9.8 85 8.1 57  3.9   6  4.818.2 2.5
5048519760406 27.0  4.5  0.009900-99.9-99.9-99.9-99.9 9.8 85 8.9 56  5.3   2  1.618.1 2.3
5048519760407 25.7  6.1  0.009900-99.9-99.9-99.9-99.9 9.6 8410.1 56  7.1  11  8.817.7 3.0
5048519760408 21.7  7.0  0.009900-99.9-99.9-99.9-99.9 9.6 84 6.9 48  1.7   2  1.617.5 2.1
5048519760409 23.2  6.0  0.009900-99.9-99.9-99.9-99.9 7.3 64 7.5 51  2.9   4  3.214.4 2.2
5048519760410 24.0  4.3  0.009900-99.9-99.9-99.9-99.9 9.7 85 7.2 46  2.3   2  1.617.4 2.0
5048519760411 27.7  7.8  0.009900-99.9-99.9-99.9-99.9 9.8 8710.1 55  7.1   2  1.617.5 2.3
5048519760412 28.8 10.1  0.009900-99.9-99.9-99.9-99.9 9.7 8612.4 56 10.1   2  1.617.2 2.4
5048519760413 28.8 11.2  0.009900-99.9-99.9-99.9-99.9 9.6 8513.3 59 11.2   4  3.217.0 2.6
5048519760414 28.0 10.4  0.009900-99.9-99.9-99.9-99.9 8.2 7313.2 62 11.1   2  1.615.1 2.2
5048519760415 19.5  7.8  3.519900-99.9-99.9-99.9-99.9 0.0  010.8 68  8.1  14 11.2 4.6 1.9
5048519760416 10.3  6.3  2.519900-99.9-99.9-99.9-99.9 0.0  0 8.7 83  5.0   7  5.6 4.6 1.1
5048519760417  9.4  6.1  1.019900-99.9-99.9-99.9-99.9 0.0  0 9.7 91  6.5   7  5.6 4.5 0.8
5048519760418 14.0  3.6  0.009900-99.9-99.9-99.9-99.9 6.2 56 8.7 73  5.0   1  0.812.2 1.2
5048519760419 19.3  1.7  0.009900-99.9-99.9-99.9-99.9 9.6 87 7.7 64  3.2   6  4.816.3 1.7
5048519760420 15.0  5.3  0.009900-99.9-99.9-99.9-99.9 4.5 41 8.0 63  3.8   4  3.2 9.9 1.4
5048519760421 15.3  3.4  0.009900-99.9-99.9-99.9-99.9 7.1 65 7.7 69  3.2   4  3.213.0 1.4
5048519760422 20.0  1.9  0.009900-99.9-99.9-99.9-99.9 9.7 88 8.4 63  4.5   4  3.216.0 1.5
5048519760423 19.0  2.5  0.009900-99.9-99.9-99.9-99.9 9.7 89 9.3 73  5.9   4  3.215.9 1.4
5048519760424 22.7  4.4  0.009900-99.9-99.9-99.9-99.9 9.6 8810.9 73  8.2   1  0.815.7 1.5
5048519760425 24.6  4.9  0.009900-99.9-99.9-99.9-99.9 9.5 8710.0 67  7.0   1  0.815.5 1.5
5048519760426 26.7  6.6  0.009900-99.9-99.9-99.9-99.9 9.5 8810.0 62  7.0   4  3.215.4 1.9
5048519760427 27.0  8.1  0.009900-99.9-99.9-99.9-99.9 9.6 8910.1 57  7.1   2  1.615.4 1.7
5048519760428 27.0  9.3  0.009900-99.9-99.9-99.9-99.9 9.4 8710.2 55  7.3   4  3.215.0 2.0
5048519760429 24.3  9.3  0.009900-99.9-99.9-99.9-99.9 9.4 8710.6 58  7.8   6  4.814.9 2.0
5048519760430 24.5  8.5  0.009900-99.9-99.9-99.9-99.9 9.3 8710.5 58  7.7   6  4.814.7 1.9
5048519760501 26.7  9.0  0.009900-99.9-99.9-99.9-99.9 9.1 8513.2 66 11.1   1  0.814.4 1.6
5048519760502 28.2  8.7  0.009900-99.9-99.9-99.9-99.9 9.3 8712.5 65 10.3   4  3.214.5 1.8
5048519760503 28.2  9.6  0.009900-99.9-99.9-99.9-99.9 7.8 7312.5 60 10.3   6  4.812.7 2.0
5048519760504 23.6 10.3  0.009900-99.9-99.9-99.9-99.9 9.0 8512.7 68 10.5   4  3.214.0 1.6
5048519760505 23.3 11.0  0.009900-99.9-99.9-99.9-99.9 4.8 4513.8 73 11.8   2  1.6 9.2 1.3
5048519760506 21.0 10.1  0.009900-99.9-99.9-99.9-99.9 6.6 6213.0 76 10.9   4  3.211.1 1.3
5048519760507 15.6 10.7  1.019900-99.9-99.9-99.9-99.9 1.4 1312.3 86 10.0  12  9.6 5.3 1.2
5048519760508 13.5  8.5  0.009900-99.9-99.9-99.9-99.9 1.7 1610.3 81  7.4  10  8.0 5.6 1.2
5048519760509 15.0  7.7  0.009900-99.9-99.9-99.9-99.9 1.7 1610.7 77  8.0   1  0.8 5.6 0.8
5048519760510 20.0  3.1  0.009900-99.9-99.9-99.9-99.9 8.5 8110.5 75  7.7   4  3.212.9 1.0
5048519760511 21.2  2.7  0.009900-99.9-99.9-99.9-99.9 8.9 85 9.7 73  6.5   4  3.213.2 1.1
5048519760512 20.6  3.2  0.009900-99.9-99.9-99.9-99.9 8.8 84 9.9 77  6.8   4  3.213.0 1.0
5048519760513 19.7  6.7  0.009900-99.9-99.9-99.9-99.9 6.2 6010.3 75  7.4   4  3.210.2 1.1
5048519760514 20.0  5.0  0.009900-99.9-99.9-99.9-99.9 6.6 6411.0 79  8.4   2  1.610.6 0.9
5048519760515 21.0  6.0  0.009900-99.9-99.9-99.9-99.9 2.1 2010.4 69  7.5   1  0.8 5.8 1.0
5048519760516 15.1  2.0  0.009900-99.9-99.9-99.9-99.9 7.1 69 4.1 35 -5.4   4  3.210.9 1.2
5048519760517 16.8 -1.2  0.009900-99.9-99.9-99.9-99.9 8.8 85 5.5 62 -1.4   2  1.612.6 0.8
5048519760518 14.0  1.5  0.009900-99.9-99.9-99.9-99.9 1.5 15 6.6 60  1.1   4  3.2 5.0 1.0
5048519760519 19.4  1.0  0.009900-99.9-99.9-99.9-99.9 8.7 85 6.4 60  0.6   2  1.612.4 0.8
5048519760520 15.8  0.6  0.009900-99.9-99.9-99.9-99.9 8.7 85 5.1 49 -2.5   9  7.212.3 1.4
5048519760521 16.5  0.0  0.009900-99.9-99.9-99.9-99.9 4.6 45 5.8 58 -0.7   4  3.2 8.1 1.0
5048519760522 14.2  0.7  0.009900-99.9-99.9-99.9-99.9 8.7 85 6.8 66  1.5   3  2.412.2 0.7
5048519760523 16.3  3.3  0.009900-99.9-99.9-99.9-99.9 8.4 82 7.4 68  2.7   3  2.411.8 0.8
5048519760524 17.7  2.5  0.009900-99.9-99.9-99.9-99.9 6.8 67 8.0 71  3.8   2  1.610.2 0.7
5048519760525 16.3  1.0  0.009900-99.9-99.9-99.9-99.9 7.8 77 8.1 74  3.9   1  0.811.1 0.6
5048519760526 18.0  2.4  0.009900-99.9-99.9-99.9-99.9 7.0 69 8.2 75  4.1   2  1.610.3 0.7
5048519760527 14.5  5.4  0.009900-99.9-99.9-99.9-99.9 1.9 1910.1 82  7.1   2  1.6 5.2 0.6
5048519760528 16.7  4.5  0.009900-99.9-99.9-99.9-99.9 5.6 5510.1 81  7.1   4  3.2 8.8 0.7
5048519760529 17.3  1.2  0.009900-99.9-99.9-99.9-99.9 5.9 58 8.6 79  4.8   4  3.2 9.0 0.7
5048519760530 18.5  2.1  0.009900-99.9-99.9-99.9-99.9 7.8 77 7.2 66  2.3   4  3.210.9 0.9
5048519760531 20.6  0.9  0.009900-99.9-99.9-99.9-99.9 7.8 78 7.3 65  2.5   7  5.610.8 1.1
5048519760601 17.0  3.4  0.009900-99.9-99.9-99.9-99.9 8.7 87 7.3 65  2.5   6  4.811.7 1.0
5048519760602 13.0 -1.3  0.009900-99.9-99.9-99.9-99.9 8.4 84 4.9 64 -3.0   4  3.211.3 0.8
5048519760603 12.0 -2.3  0.009900-99.9-99.9-99.9-99.9 6.1 61 5.1 63 -2.5   6  4.8 9.1 0.8
5048519760604 13.0 -1.7  0.009900-99.9-99.9-99.9-99.9 7.4 74 5.8 62 -0.7   2  1.610.3 0.5
5048519760605 14.4 -1.2  0.009900-99.9-99.9-99.9-99.9 8.1 81 6.5 66  0.9   2  1.610.9 0.5
5048519760606  7.8  4.3  0.009900-99.9-99.9-99.9-99.9 0.0  0 5.6 59 -1.2   4  3.2 3.1 1.0
5048519760607  6.7  3.0  0.009900-99.9-99.9-99.9-99.9 0.0  0 5.6 64 -1.2   2  1.6 3.1 0.8
5048519760608 11.4  3.4  0.009900-99.9-99.9-99.9-99.9 3.2 32 6.4 66  0.6   1  0.8 6.2 0.7
5048519760609 12.7 -0.9  0.009900-99.9-99.9-99.9-99.9 6.9 69 6.5 68  0.9   4  3.2 9.7 0.5
5048519760610 13.8 -3.1  0.009900-99.9-99.9-99.9-99.9 7.6 76 5.8 73 -0.7   2  1.610.3 0.5
5048519760611 13.8 -4.0  0.009900-99.9-99.9-99.9-99.9 8.4 84 6.1 75  0.0   2  1.611.0 0.4
5048519760612 17.0 -1.9  0.009900-99.9-99.9-99.9-99.9 6.6 66 5.9 61 -0.5   1  0.8 9.3 0.6
5048519760613 17.7  1.6  0.009900-99.9-99.9-99.9-99.9 8.0 81 6.8 65  1.5   1  0.810.6 0.6
5048519760614 18.4  0.1  0.009900-99.9-99.9-99.9-99.9 5.3 53 6.9 53  1.7   4  3.2 8.1 0.8
5048519760615 21.0  1.3  0.009900-99.9-99.9-99.9-99.9 4.3 43 7.6 55  3.0   2  1.6 7.1 0.8
5048519760616 13.2  0.6  0.009900-99.9-99.9-99.9-99.9 7.6 77 6.4 65  0.6  11  8.810.2 1.0
5048519760617 15.7 -0.2  0.009900-99.9-99.9-99.9-99.9 7.0 71 6.4 67  0.6   4  3.2 9.6 0.7
5048519760618 21.0 -1.2  0.009900-99.9-99.9-99.9-99.9 8.2 83 6.7 61  1.3   4  3.210.8 0.9
5048519760619 20.3  1.9  0.009900-99.9-99.9-99.9-99.9 8.4 85 6.0 48 -0.2   4  3.210.9 1.1
5048519760620 21.0  3.6  0.009900-99.9-99.9-99.9-99.9 8.4 85 6.3 50  0.4   3  2.410.9 1.1
5048519760621 21.8  4.9  0.009900-99.9-99.9-99.9-99.9 7.5 76 6.4 51  0.6   4  3.210.1 1.3
5048519760622 21.4  3.6  0.009900-99.9-99.9-99.9-99.9 8.2 83 7.6 56  3.0   2  1.610.8 0.9
5048519760623 19.0  4.3  0.009900-99.9-99.9-99.9-99.9 3.7 3710.4 77  7.5   6  4.8 6.5 0.8
5048519760624 15.7  4.7  0.009900-99.9-99.9-99.9-99.9 8.5 86 5.4 43 -1.7  11  8.811.1 1.8
5048519760625 12.5 -1.0  0.009900-99.9-99.9-99.9-99.9 6.2 62 4.6 51 -3.8   4  3.2 8.9 0.9
5048519760626 15.0 -2.2  0.009900-99.9-99.9-99.9-99.9 8.3 84 4.8 55 -3.3   1  0.810.9 0.7
5048519760627 15.2 -3.1  0.009900-99.9-99.9-99.9-99.9 8.4 85 4.4 55 -4.4   2  1.611.0 0.8
5048519760628 13.3 -4.3  0.009900-99.9-99.9-99.9-99.9 8.6 86 3.7 39 -6.7   6  4.811.2 1.1
5048519760629 12.0 -2.1  0.009900-99.9-99.9-99.9-99.9 8.6 86 4.5 55 -4.1   4  3.211.2 0.8
5048519760630 13.3 -3.2  0.009900-99.9-99.9-99.9-99.9 8.2 82 4.7 61 -3.6   4  3.210.9 0.8
5048519760701 14.2 -3.4  0.009900-99.9-99.9-99.9-99.9 8.0 80 5.4 60 -1.7   4  3.210.7 0.7
5048519760702 13.0 -4.4  0.009900-99.9-99.9-99.9-99.9 7.1 71 5.4 69 -1.7   2  1.6 9.9 0.5
5048519760703 16.4 -0.4  0.009900-99.9-99.9-99.9-99.9 8.1 81 5.8 61 -0.7   0  0.010.8 0.6
5048519760704 15.8 -2.0  0.009900-99.9-99.9-99.9-99.9 8.3 83 5.1 53 -2.5   4  3.211.1 0.9
5048519760705 17.0 -1.0  0.009900-99.9-99.9-99.9-99.9 8.4 84 5.2 57 -2.2   2  1.611.2 0.8
5048519760706 15.4 -0.1  0.009900-99.9-99.9-99.9-99.9 8.6 86 4.6 47 -3.8   9  7.211.4 1.5
5048519760707  9.2 -4.4  0.009900-99.9-99.9-99.9-99.9 4.2 42 5.3 64 -1.9   6  4.8 7.2 0.6
5048519760708  9.0 -7.0  0.009900-99.9-99.9-99.9-99.9 8.6 86 4.0 71 -5.7   1  0.811.5 0.4
5048519760709 11.3 -6.6  0.009900-99.9-99.9-99.9-99.9 8.7 87 4.1 65 -5.4   2  1.611.6 0.5
5048519760710 11.3 -7.7  0.009900-99.9-99.9-99.9-99.9 8.7 86 4.2 64 -5.0   1  0.811.7 0.4
5048519760711 13.8 -5.3  0.009900-99.9-99.9-99.9-99.9 8.4 83 4.1 48 -5.4   4  3.211.4 0.8
5048519760712 13.0 -4.0  0.009900-99.9-99.9-99.9-99.9 8.4 83 4.0 52 -5.7   4  3.211.5 0.9
5048519760713 12.5 -3.4  0.009900-99.9-99.9-99.9-99.9 7.6 75 4.9 60 -3.0   4  3.210.7 0.7
5048519760714 15.3 -3.4  0.009900-99.9-99.9-99.9-99.9 8.5 84 4.8 55 -3.3   8  6.411.7 1.1
5048519760715 16.2 -2.6  0.009900-99.9-99.9-99.9-99.9 8.7 86 4.7 52 -3.6   2  1.611.9 0.8
5048519760716 20.0  1.0  0.009900-99.9-99.9-99.9-99.9 8.6 85 5.6 49 -1.2   4  3.211.9 1.1
5048519760717 19.2 -0.3  0.009900-99.9-99.9-99.9-99.9 8.7 85 4.8 44 -3.3   2  1.612.0 1.0
5048519760718 20.4  0.7  0.009900-99.9-99.9-99.9-99.9 7.8 76 5.6 47 -1.2   2  1.611.2 1.0
5048519760719 24.2  3.2  0.009900-99.9-99.9-99.9-99.9 8.8 86 5.6 47 -1.2   4  3.212.3 1.4
5048519760720 18.0  5.1  0.009900-99.9-99.9-99.9-99.9 2.9 28 7.0 49  1.9  13 10.4 6.3 2.0
5048519760721 18.5  5.6  0.009900-99.9-99.9-99.9-99.9 6.8 66 9.0 63  5.4   2  1.610.3 0.9
5048519760722 18.0  4.4  0.009900-99.9-99.9-99.9-99.9 8.4 82 9.0 69  5.4   2  1.612.0 0.8
5048519760723 18.3  3.2  0.009900-99.9-99.9-99.9-99.9 7.8 76 8.0 70  3.8   7  5.611.5 1.2
5048519760724 13.5  5.9  0.009900-99.9-99.9-99.9-99.9 0.0  0 6.2 55  0.2   2  1.6 3.5 1.2
5048519760725 13.2  0.3  0.009900-99.9-99.9-99.9-99.9 8.1 78 5.8 60 -0.7   1  0.811.9 0.7
5048519760726 15.7 -1.4  0.009900-99.9-99.9-99.9-99.9 8.9 86 5.2 56 -2.2   4  3.212.8 0.9
5048519760727 16.0 -0.3  0.009900-99.9-99.9-99.9-99.9 7.0 67 6.5 63  0.9   2  1.610.9 0.8
5048519760728 18.6  2.0  0.009900-99.9-99.9-99.9-99.9 7.5 72 6.6 56  1.1   4  3.211.5 1.1
5048519760729 20.0  2.2  0.009900-99.9-99.9-99.9-99.9 5.0 48 8.7 66  5.0   2  1.6 8.9 1.0
5048519760730 13.4  7.4  0.009900-99.9-99.9-99.9-99.9 9.0 86 9.5 76  6.2   9  7.213.3 1.1
5048519760731  9.5  6.2  2.519900-99.9-99.9-99.9-99.9 0.0  0 9.1 86  5.6   4  3.2 3.7 0.7
5048519760801  6.3  2.7  0.009900-99.9-99.9-99.9-99.9 0.0  0 7.3 85  2.5  11  8.8 3.7 0.7
5048519760802  5.4  2.4  0.009900-99.9-99.9-99.9-99.9 0.0  0 7.0 87  1.9   6  4.8 3.7 0.6
5048519760803 10.8  2.7  0.009900-99.9-99.9-99.9-99.9 0.0  0 7.8 82  3.4   7  5.6 3.8 0.9
5048519760804 12.2  4.0  0.009900-99.9-99.9-99.9-99.9 0.0  0 8.5 78  4.6   7  5.6 3.8 0.9
5048519760805 11.1  2.8  0.009900-99.9-99.9-99.9-99.9 0.8  8 8.7 82  5.0   4  3.2 4.7 0.7
5048519760806 10.8  2.2  0.009900-99.9-99.9-99.9-99.9 0.0  0 8.8 80  5.1   2  1.6 3.9 0.6
5048519760807 12.3  4.5  0.009900-99.9-99.9-99.9-99.9 0.0  0 9.4 83  6.1   4  3.2 3.9 0.8
5048519760808 14.7  0.0  0.009900-99.9-99.9-99.9-99.9 8.6 80 6.8 75  1.5   4  3.213.6 1.1
5048519760809 16.4 -1.4  0.009900-99.9-99.9-99.9-99.9 9.4 88 5.6 59 -1.2   6  4.814.6 1.3
5048519760810 17.0  0.5  0.009900-99.9-99.9-99.9-99.9 9.5 88 6.0 56 -0.2   4  3.214.8 1.3
5048519760811  9.3  0.2  0.009900-99.9-99.9-99.9-99.9 1.6 15 7.1 77  2.1   8  6.4 5.9 0.8
5048519760812 18.2 -2.2  0.009900-99.9-99.9-99.9-99.9 9.6 89 6.0 63 -0.2   2  1.615.1 1.1
5048519760813 15.0  0.5  0.009900-99.9-99.9-99.9-99.9 9.2 85 4.8 50 -3.3   6  4.814.8 1.5
5048519760814 17.3 -2.7  0.009900-99.9-99.9-99.9-99.9 9.7 89 4.6 48 -3.8   2  1.615.5 1.2
5048519760815 19.1 -1.4  0.009900-99.9-99.9-99.9-99.9 9.6 88 6.2 57  0.2   1  0.815.4 1.2
5048519760816 14.2  4.6  0.009900-99.9-99.9-99.9-99.9 7.7 70 4.7 40 -3.6  16 12.813.3 2.7
5048519760817 18.0 -1.1  0.009900-99.9-99.9-99.9-99.9 8.4 77 4.5 45 -4.1   6  4.814.2 1.7
5048519760818 17.2  3.2  0.009900-99.9-99.9-99.9-99.9 6.0 55 6.3 44  0.4   8  6.411.5 1.9
5048519760819 20.0  3.3  0.009900-99.9-99.9-99.9-99.9 9.8 89 6.5 52  0.9   6  4.816.1 1.9
5048519760820 23.3  2.0  0.009900-99.9-99.9-99.9-99.9 9.7 88 6.0 44 -0.2   6  4.816.1 2.0
5048519760821 24.9  2.3  0.009900-99.9-99.9-99.9-99.9 9.7 88 5.8 40 -0.7   4  3.216.2 1.9
5048519760822 24.5  5.1  0.009900-99.9-99.9-99.9-99.9 9.3 84 5.6 34 -1.2   2  1.615.8 1.8
5048519760823 25.3  4.7  0.009900-99.9-99.9-99.9-99.9 8.0 72 5.6 31 -1.2   7  5.614.3 2.5
5048519760824 17.6  4.3  2.019900-99.9-99.9-99.9-99.9 7.3 65 6.8 61  1.5  23 18.413.6 3.2
5048519760825  8.9  3.7  0.009900-99.9-99.9-99.9-99.9 2.3 21 7.4 78  2.7   4  3.2 7.4 1.0
5048519760826 16.2  4.7  0.009900-99.9-99.9-99.9-99.9 6.7 60 8.5 71  4.6   6  4.813.0 1.7
5048519760827 23.2  3.2  0.009900-99.9-99.9-99.9-99.9 9.8 87 7.1 54  2.1   4  3.217.0 2.0
5048519760828 20.5  3.9  0.009900-99.9-99.9-99.9-99.9-9.9 99 6.7 47  1.3   2  1.6-9.9-9.9
5048519760829 26.5  2.1  0.009900-99.9-99.9-99.9-99.9 9.7 86 7.4 44  2.7   4  3.217.1 2.2
5048519760830 18.2  5.9  0.009900-99.9-99.9-99.9-99.910.0 88 6.8 48  1.5  19 15.217.6 3.4
5048519760831 17.0  4.2  0.009900-99.9-99.9-99.9-99.9 9.6 84 5.4 44 -1.7   8  6.417.2 2.4
5048519760901 17.2 -2.9  0.009900  0.3-99.9-99.9-99.9 7.6 67 5.2 44 -2.2  10  8.014.7 2.1
5048519760902 18.5  1.7  0.009900 -2.5-99.9-99.9-99.9 9.7 85 4.7 40 -3.6   4  3.217.6 2.0
5048519760903 21.0  2.3  3.519900 -1.4-99.9-99.9-99.9 9.2 80 4.5 33 -4.1   7  5.617.0 2.5
5048519760904 12.8 -1.1  2.519901 -0.6-99.9-99.9-99.9 0.0  0 5.8 95 -0.7  15 12.0 5.0 1.8
5048519760905  4.0 -1.1  0.009901 -1.8-99.9-99.9-99.9 0.0  0 5.6 84 -1.2   8  6.4 5.0 0.9
5048519760906  6.8  0.7  0.009901  0.0-99.9-99.9-99.9 3.4 29 5.8 75 -0.7   7  5.6 9.6 1.3
5048519760907  7.5  0.2  0.009900 -2.4-99.9-99.9-99.9 1.0  9 6.4 78  0.6   2  1.6 6.5 0.9
5048519760908 10.6  2.3  0.009900  0.7-99.9-99.9-99.9 5.0 43 6.0 68 -0.2   2  1.611.9 1.4
5048519760909 15.7 -1.2  0.009900 -2.8-99.9-99.9-99.910.3 88 5.6 56 -1.2   6  4.819.2 2.1
5048519760910 21.0 -0.7  0.009900 -3.7-99.9-99.9-99.910.0 85 5.4 44 -1.7   4  3.218.9 2.3
5048519760911 17.5  0.4  0.009900 -2.5-99.9-99.9-99.9 7.0 60 7.1 57  2.1  11  8.814.9 2.3
5048519760912 14.0  5.0  0.009900  6.3-99.9-99.9-99.9 2.8 24 8.2 68  4.1   4  3.2 9.2 1.5
5048519760913 20.1  1.7  0.009900 -2.0-99.9-99.9-99.910.0 85 7.5 58  2.9  10  8.019.3 2.7
5048519760914 24.3  3.4  0.009900  0.9-99.9-99.9-99.910.2 86 7.5 49  2.9   4  3.219.7 2.6
5048519760915 28.9  6.3  0.009900  2.3-99.9-99.9-99.9 6.9 58 7.8 40  3.4   6  4.815.1 3.1
5048519760916 28.5 10.7  0.009900  8.4-99.9-99.9-99.910.0 84 8.7 41  5.0   2  1.619.6 3.0
5048519760917 26.3  9.0  0.009900  6.2-99.9-99.9-99.9 9.8 82 8.0 38  3.8   7  5.619.4 3.4
5048519760918 25.0  8.8  0.009900  6.4-99.9-99.9-99.910.0 83 8.6 41  4.8   4  3.219.8 3.0
5048519760919 29.0  7.4  0.009900  3.8-99.9-99.9-99.910.0 83 8.3 40  4.3   2  1.619.9 2.9
5048519760920 30.0  8.5  0.009900  4.8-99.9-99.9-99.910.1 84 8.6 38  4.8   8  6.420.2 3.8
5048519760921 25.0 13.3  0.009900 11.5-99.9-99.9-99.9 9.6 79 6.3 28  0.4  13 10.419.6 4.6
5048519760922 27.5  8.5  0.009900  6.2-99.9-99.9-99.910.1 83 8.3 37  4.3   6  4.820.4 3.5
5048519760923 29.3 10.8  0.009900  8.3-99.9-99.9-99.9 9.1 7510.3 41  7.4   6  4.819.1 3.6
5048519760924 27.2  8.7  0.009900  5.8-99.9-99.9-99.9 8.8 7212.6 56 10.4   2  1.618.7 2.9
5048519760925 24.5 12.3  0.009900 11.6-99.9-99.9-99.910.1 8311.1 55  8.5   4  3.220.8 3.4
5048519760926 30.3 10.2  0.009900  7.7-99.9-99.9-99.910.3 8412.1 50  9.8   2  1.621.2 3.4
5048519760927 24.5 13.4  0.009900  9.5-99.9-99.9-99.9 9.3 7610.0 46  7.0  22 17.619.8 5.5
5048519760928 22.0 12.2  0.009900 10.3-99.9-99.9-99.9 9.4 76 9.8 54  6.7  19 15.220.0 4.7
5048519760929 19.4  8.8  0.009900  6.8-99.9-99.9-99.9 5.6 45 8.4 56  4.5   6  4.814.4 2.8
5048519760930 22.0  7.3  0.009900  4.5-99.9-99.9-99.9 8.8 71 7.5 42  2.9   8  6.419.3 3.5
5048519761001 26.0  7.1  0.009900  4.7-99.9-99.9-99.910.3 83 8.9 43  5.3   6  4.821.7 3.6
5048519761002 27.0  7.7  0.009900  4.2-99.9-99.9-99.9 7.3 59 7.7 32  3.2   4  3.217.3 3.2
5048519761003 24.4 10.6  4.519900 10.2-99.9-99.9-99.9 6.1 49 8.5 42  4.6  11  8.815.5 3.9
5048519761004 21.0  5.8  0.009900  2.5-99.9-99.9-99.910.7 85 8.6 56  4.8   4  3.222.6 3.2
5048519761005 21.0  6.2  0.009900  4.0-99.9-99.9-99.910.3 82 7.4 44  2.7  10  8.022.1 3.8
5048519761006 22.3  7.7  0.009900  5.6-99.9-99.9-99.9 9.3 74 7.9 42  3.6   6  4.820.7 3.5
5048519761007 25.7  9.3  0.009900  8.0-99.9-99.9-99.9 9.8 78 9.1 43  5.6   8  6.421.5 4.1
5048519761008 17.7 10.0  0.009900  7.4-99.9-99.9-99.9 2.8 2210.3 64  7.4  13 10.410.8 2.8
5048519761009 17.2  8.1  0.009900  8.1-99.9-99.9-99.9 5.2 41 6.9 51  1.7   6  4.814.6 2.9
5048519761010 20.7  3.7  0.009900  0.5-99.9-99.9-99.910.8 85 9.6 59  6.4   2  1.623.4 3.0
5048519761011 22.7  6.2  0.009900  3.2-99.9-99.9-99.910.7 8411.2 61  8.6   2  1.623.3 3.3
5048519761012 28.0  6.8  0.009900  5.2-99.9-99.9-99.910.9 8512.9 54 10.7   2  1.623.7 3.6
5048519761013 32.2 13.3  0.009900 10.0-99.9-99.9-99.910.8 84 9.2 37  5.8  14 11.223.7 6.0
5048519761014 26.5  6.6  0.009900  4.4-99.9-99.9-99.910.9 85 9.1 43  5.6   2  1.623.9 3.6
5048519761015 31.7  6.4  0.009900  4.4-99.9-99.9-99.9 8.4 65 7.0 27  1.9  13 10.420.0 5.1
5048519761016 21.2 11.3  0.009900 10.2-99.9-99.9-99.910.9 84 7.0 39  1.9  14 11.224.1 5.1
5048519761017 19.9  6.7  0.009900  4.3-99.9-99.9-99.9 9.8 76 6.3 38  0.4  24 19.222.4 5.6
5048519761018 21.0  7.5  0.009900  5.0-99.9-99.9-99.910.0 77 7.4 47  2.7   4  3.222.8 3.6
5048519761019 24.3  5.3  0.009900  2.0-99.9-99.9-99.911.3 87 6.9 37  1.7   6  4.825.0 4.1
5048519761020 28.3  5.3  0.009900  2.3-99.9-99.9-99.911.2 86 8.1 35  3.9   7  5.624.9 4.4
5048519761021 30.7  7.6  0.009900  4.5-99.9-99.9-99.911.1 85 8.9 35  5.3   6  4.824.9 4.6
5048519761022 26.7 11.2  0.009900  8.0-99.9-99.9-99.911.5 88 7.3 31  2.5  12  9.625.6 5.5
5048519761023 29.3  7.6  0.009900  6.0-99.9-99.9-99.911.9 90 8.2 34  4.1   6  4.826.3 4.7
5048519761024 27.8 11.8  0.009900  7.6-99.9-99.9-99.911.2 85 7.5 29  2.9   9  7.225.3 5.2
5048519761025 27.6  8.0  0.009900  5.3-99.9-99.9-99.911.2 85 8.6 33  4.8   9  7.225.3 4.9
5048519761026 24.5 12.6  0.009900 10.5-99.9-99.9-99.911.5 8712.6 58 10.4  23 18.425.9 6.0
5048519761027 25.2 12.6  0.519900 12.3-99.9-99.9-99.911.0 8313.3 64 11.2   6  4.825.2 4.5
5048519761028 24.2 13.0  0.009900 12.0-99.9-99.9-99.9 9.4 7114.3 66 12.3   4  3.222.6 4.0
5048519761029 30.2 11.7  0.009900  9.0-99.9-99.9-99.910.8 8113.5 49 11.4   7  5.625.0 5.0
5048519761030 25.8 13.4  0.009900 13.0-99.9-99.9-99.911.4 85 9.5 40  6.2  18 14.426.1 6.4
5048519761031 24.6 10.3  0.009900  7.2-99.9-99.9-99.910.3 77 9.9 47  6.8   8  6.424.3 4.6
5048519761101 31.1  9.5  0.009900  6.4-99.9-99.9-99.911.9 8912.9 44 10.7   6  4.827.0 5.0
5048519761102 28.8 15.4  2.019900 12.4-99.9-99.9-99.911.4 8513.3 51 11.2  16 12.826.3 6.4
5048519761103 22.3 10.0  0.009900  9.3-99.9-99.9-99.9 7.4 5511.2 63  8.6   6  4.819.7 3.7
5048519761104 21.0  8.3  0.009900  4.5-99.9-99.9-99.9 6.8 5010.0 56  7.0   6  4.818.7 3.5
5048519761105 23.2  5.7  0.009900  3.4-99.9-99.9-99.911.9 88 8.4 42  4.5   6  4.827.3 4.4
5048519761106 27.5  6.5  0.009900  3.0-99.9-99.9-99.912.0 88 9.0 38  5.4   4  3.227.5 4.6
5048519761107 28.8 10.7  0.009900  7.1-99.9-99.9-99.912.1 89 9.3 35  5.9   8  6.427.7 5.4
5048519761108 31.2 11.8  0.009900  7.8-99.9-99.9-99.912.0 8812.4 42 10.1   4  3.227.6 5.2
5048519761109 33.2 13.9  0.009900 13.3-99.9-99.9-99.911.1 8114.9 46 12.9   4  3.226.2 5.3
5048519761110 29.2 13.9  0.009900 13.3-99.9-99.9-99.912.0 8812.9 43 10.7  20 16.027.8 7.0
5048519761111 32.2 12.0  0.009900  8.5-99.9-99.9-99.911.5 8412.3 43 10.0   2  1.627.0 5.0
5048519761112 35.8 12.3  0.009900  9.6-99.9-99.9-99.912.0 8713.4 36 11.3   6  4.827.9 5.8
5048519761113 36.0 15.3  0.009900 13.2-99.9-99.9-99.911.7 8514.2 35 12.2   7  5.627.4 6.2
5048519761114 28.6 19.0  0.009900 18.2-99.9-99.9-99.9 6.7 4916.2 58 14.2  12  9.619.0 5.2
5048519761115 23.4 15.6  5.019900 15.5-99.9-99.9-99.9 2.5 1813.4 67 11.3  13 10.411.9 3.8
5048519761116 15.6 11.3  5.519900 10.8-99.9-99.9-99.9 0.0  012.9 90 10.7   7  5.6 7.7 1.8
5048519761117 23.6  9.7  0.009900  8.9-99.9-99.9-99.910.4 7511.9 65  9.5   1  0.825.4 4.1
5048519761118 26.5  9.5  0.009900  7.0-99.9-99.9-99.912.1 8711.2 51  8.6   2  1.628.3 4.7
5048519761119 31.5 10.1  0.009900  7.7-99.9-99.9-99.911.5 8313.6 47 11.5   4  3.227.3 5.1
5048519761120 30.0 14.6  0.009900 11.6-99.9-99.9-99.912.3 8812.9 42 10.7   6  4.828.7 5.8
5048519761121 27.0 14.5  0.009900 12.1-99.9-99.9-99.910.9 7812.3 45 10.0   6  4.826.4 5.3
5048519761122 28.6 11.2  0.009900  8.7-99.9-99.9-99.912.3 8812.7 48 10.5   4  3.228.8 5.2
5048519761123 33.7 14.0  0.009900 11.5-99.9-99.9-99.912.1 8615.5 47 13.5   6  4.828.5 6.0
5048519761124 27.0 13.6  0.009900 13.6-99.9-99.9-99.911.7 8310.1 43  7.1   6  4.827.9 5.4
5048519761125 32.4 11.3  0.009900  9.1-99.9-99.9-99.911.8 8416.6 54 14.6   4  3.228.1 5.4
5048519761126 31.0 17.2  0.009900 14.4-99.9-99.9-99.910.2 7317.2 52 15.1   6  4.825.4 5.6
5048519761127 34.2 18.9  1.519900 16.9-99.9-99.9-99.912.5 8918.1 46 15.9  16 12.829.3 7.7
5048519761128 31.6 15.4  0.009900 13.3-99.9-99.9-99.912.3 8717.7 57 15.6   6  4.829.0 6.0
5048519761129 33.6 17.3 13.019900 17.4-99.9-99.9-99.910.0 7119.1 63 16.8   9  7.225.1 6.0
5048519761130 27.0 14.1  8.019910 16.3-99.9-99.9-99.9 7.8 5518.0 91 15.8   7  5.621.4 4.4
5048519761201 28.5 13.2  0.009900 12.3-99.9-99.9-99.912.5 8817.9 65 15.8   7  5.629.5 5.6
5048519761202 30.5 14.3  0.009900 12.4-99.9-99.9-99.911.9 8416.9 62 14.9   6  4.828.5 5.8
5048519761203 30.8 12.7  0.009900 10.7-99.9-99.9-99.911.9 8417.7 62 15.6   4  3.228.5 5.5
5048519761204 31.9 15.1  0.009900 13.7-99.9-99.9-99.912.1 8515.5 48 13.5   9  7.228.8 6.4
5048519761205 32.5 12.4  0.009900 10.5-99.9-99.9-99.912.4 8716.5 54 14.5   6  4.829.4 5.9
5048519761206 33.0 17.4  4.019900 16.2-99.9-99.9-99.9 8.4 5917.3 50 15.2   9  7.222.5 5.7
5048519761207 27.5 13.8  0.009900 12.7-99.9-99.9-99.911.2 7916.1 64 14.1   4  3.227.4 5.2
5048519761208 31.0 13.3  0.009900 11.0-99.9-99.9-99.912.7 8916.7 53 14.7   3  2.430.0 5.7
5048519761209 32.3 17.4  0.009900 16.0-99.9-99.9-99.912.0 8419.0 57 16.7   8  6.428.8 6.4
5048519761210 30.0 19.6  0.009900 19.4-99.9-99.9-99.912.0 8420.3 63 17.7   8  6.428.8 6.4
5048519761211 33.9 20.5  0.009900 19.3-99.9-99.9-99.910.2 7221.9 58 19.0   1  0.825.7 5.6
5048519761212 38.7 18.9  0.009900 17.3-99.9-99.9-99.910.0 7023.1 51 19.8  11  8.825.4 6.9
5048519761213 34.1 22.6  0.009900 23.0-99.9-99.9-99.912.5 8819.2 50 16.9   8  6.429.7 7.2
5048519761214 27.4 17.7 29.019900 15.0-99.9-99.9-99.9 7.5 5313.2 49 11.1   4  3.221.1 4.7
5048519761215 23.4  9.0  0.009910  7.3-99.9-99.9-99.910.4 7313.3 71 11.2   2  1.626.1 4.3
5048519761216 28.4 12.3  0.009900 10.9-99.9-99.9-99.911.3 7915.3 57 13.3   4  3.227.6 5.2
5048519761217 30.4 13.9  0.009900 13.0-99.9-99.9-99.910.9 7615.1 54 13.1   6  4.827.0 5.6
5048519761218 26.0 15.4  0.009900 15.0-99.9-99.9-99.9 7.5 5217.3 69 15.2   8  6.421.1 4.5
5048519761219 29.9 16.1  0.009900 15.2-99.9-99.9-99.910.3 7218.0 63 15.8   4  3.225.9 5.3
5048519761220 29.2 16.8  0.009900 15.5-99.9-99.9-99.912.4 8718.7 61 16.4   6  4.829.6 6.0
5048519761221 26.0 16.4  0.009900 16.5-99.9-99.9-99.9 8.4 5918.2 75 16.0   6  4.822.6 4.7
5048519761222 28.8 14.4 29.019900 13.9-99.9-99.9-99.9 7.3 5118.7 70 16.4   9  7.220.7 4.6
5048519761223 27.7 13.4  0.009910 12.7-99.9-99.9-99.911.6 8116.2 64 14.2   4  3.228.2 5.3
5048519761224 33.2 14.1  0.009900 12.0-99.9-99.9-99.912.1 8519.0 61 16.7   7  5.629.1 6.1
5048519761225 33.5 15.9  0.009900 14.1-99.9-99.9-99.912.3 8619.2 54 16.9   4  3.229.4 6.1
5048519761226 30.5 19.5  0.009900 17.0-99.9-99.9-99.911.6 8119.1 60 16.8   3  2.428.2 5.9
5048519761227 27.2 14.3  0.009900 15.0-99.9-99.9-99.912.0 84 9.8 39  6.7   8  6.428.9 6.0
5048519761228 31.5 10.0  0.009900  8.2-99.9-99.9-99.912.3 8613.0 43 10.9   2  1.629.4 5.3
5048519761229 35.0 13.4  0.009900 11.4-99.9-99.9-99.912.5 8815.2 43 13.2   4  3.229.7 6.1
5048519761230 39.7 18.0  0.819900 16.0-99.9-99.9-99.912.6 8817.1 40 15.0   4  3.229.9 6.8
5048519761231 31.7 15.2  0.009900 14.8-99.9-99.9-99.911.4 8011.1 41  8.5   4  3.227.8 5.7
5048519770101 33.7 12.2  0.009900 10.6-99.9-99.9-99.912.4 8713.5 42 11.4   2  1.629.5 5.6
5048519770102 30.3 18.5  0.009900 16.4-99.9-99.9-99.911.6 8111.1 35  8.5   8  6.428.1 6.4
5048519770103 30.5 15.0  0.009900 14.5-99.9-99.9-99.912.6 8911.0 39  8.4  10  8.029.9 6.6
5048519770104 31.8 15.1  0.219910 12.4-99.9-99.9-99.910.3 7215.1 49 13.1   2  1.625.9 5.2
5048519770105 33.0 14.9  0.009910 12.0-99.9-99.9-99.912.6 8914.7 41 12.7   2  1.629.8 5.8
5048519770106 36.6 16.0  0.009900 13.7-99.9-99.9-99.912.5 8817.4 43 15.3   3  2.429.6 6.3
5048519770107 38.4 18.8  0.009900 15.7-99.9-99.9-99.910.1 7117.9 42 15.8   4  3.225.5 6.1
5048519770108 40.2 21.0  0.009900 16.7-99.9-99.9-99.9 9.8 6917.5 36 15.4   2  1.624.9 5.9
5048519770109 34.3 22.8  0.009900 21.5-99.9-99.9-99.912.2 8615.4 39 13.4   6  4.829.1 6.8
5048519770110 32.6 21.7  0.009900 20.0-99.9-99.9-99.912.0 8517.0 48 15.0   8  6.428.7 6.9
5048519770111 32.5 20.6 11.019900 18.1-99.9-99.9-99.912.4 8816.9 46 14.9   4  3.229.4 6.3
5048519770112 30.0 19.9  0.009900 18.0-99.9-99.9-99.9 9.4 6720.8 66 18.1   1  0.824.2 5.1
5048519770113 34.3 18.3  0.009900 16.6-99.9-99.9-99.910.5 7520.1 54 17.6   4  3.226.0 5.8
5048519770114 35.3 20.9  3.019900 16.6-99.9-99.9-99.912.0 8519.6 53 17.2   7  5.628.6 6.9
5048519770115 33.4 20.0  8.519900 17.5-99.9-99.9-99.911.6 8325.3 66 21.3   1  0.827.9 6.0
5048519770116 32.3 18.4  0.009900 16.7-99.9-99.9-99.9 9.0 6423.0 62 19.7   1  0.823.4 5.0
5048519770117 35.1 20.9  0.009900 19.0-99.9-99.9-99.9 8.0 5725.1 62 21.2   2  1.621.6 5.1
5048519770118 29.5 18.4  0.009900 19.2-99.9-99.9-99.9 9.4 6721.2 72 18.4  16 12.824.0 5.9
5048519770119 31.4 16.1  0.009900 14.0-99.9-99.9-99.911.1 7921.1 64 18.4   4  3.226.9 5.5
5048519770120 29.2 20.0 15.019900 14.5-99.9-99.9-99.910.5 7519.1 62 16.8  11  8.825.8 6.1
5048519770121 26.0 16.7  0.009900 16.0-99.9-99.9-99.9 6.6 4719.1 76 16.8   4  3.219.1 3.9
5048519770122 30.0 15.4  0.009900 13.9-99.9-99.9-99.911.0 7916.7 60 14.7   6  4.826.6 5.5
5048519770123 28.3 13.7  0.009900 11.7-99.9-99.9-99.9 8.6 6215.3 56 13.3   6  4.822.5 4.7
5048519770124 29.3 16.8  0.009900 15.5-99.9-99.9-99.9 8.6 6214.3 50 12.3  13 10.422.5 5.9
5048519770125 32.2 14.3  0.009900 12.5-99.9-99.9-99.911.4 8215.9 50 13.9   2  1.627.2 5.3
5048519770126 34.8 15.3  0.009900 13.4-99.9-99.9-99.912.1 8817.8 49 15.7   6  4.828.4 6.1
5048519770127 33.8 16.8  2.019900 15.6-99.9-99.9-99.910.8 7818.0 53 15.8  13 10.426.1 6.5
5048519770128 27.0 15.5  0.009900 14.6-99.9-99.9-99.911.8 8615.4 60 13.4   6  4.827.7 5.4
5048519770129 22.4 14.7  7.519900 15.6-99.9-99.9-99.9 3.0 2211.6 56  9.2  11  8.812.7 3.8
5048519770130 18.0 12.5  5.019900 12.0-99.9-99.9-99.9 4.6 3411.8 74  9.4   9  7.215.4 3.3
5048519770131 19.3 11.4  1.019900 10.7-99.9-99.9-99.9 3.2 2314.1 84 12.1   4  3.213.0 2.5
5048519770201 26.7  8.7  0.009900  6.4-99.9-99.9-99.911.7 8615.3 69 13.3   4  3.227.4 4.5
5048519770202 31.0 10.7  0.009900  8.8-99.9-99.9-99.910.6 7815.5 59 13.5   6  4.825.5 5.0
5048519770203 29.0 15.4  4.019900 12.5-99.9-99.9-99.910.0 7415.8 57 13.8   6  4.824.4 5.0
5048519770204 32.0 14.3  0.009900 12.7-99.9-99.9-99.910.6 7817.4 65 15.3   6  4.825.3 5.3
5048519770205 31.7 14.6  0.009900 12.5-99.9-99.9-99.911.6 8616.1 52 14.1   2  1.627.0 5.1
5048519770206 32.0 13.7  0.009900 11.7-99.9-99.9-99.911.6 8615.0 49 13.0   2  1.626.9 5.0
5048519770207 34.6 16.7  0.009900 14.2-99.9-99.9-99.910.7 7916.7 50 14.7   4  3.225.3 5.4
5048519770208 29.0 17.0  0.009900 14.2-99.9-99.9-99.911.4 8512.1 42  9.8  10  8.026.4 5.9
5048519770209 24.0 14.4  0.009900 13.8-99.9-99.9-99.9 8.9 66 6.8 33  1.5  28 22.422.2 7.8
5048519770210 21.3  9.4  0.009900 13.0-99.9-99.9-99.9 4.7 35 9.9 53  6.8   6  4.815.1 3.2
5048519770211 27.3  5.5  0.009900  3.4-99.9-99.9-99.911.8 8810.1 46  7.1   4  3.226.9 4.3
5048519770212 31.7  9.4  0.009900  8.2-99.9-99.9-99.911.8 8912.8 47 10.6   1  0.826.8 4.5
5048519770213 25.0 14.5  0.009900 12.2-99.9-99.9-99.9 8.2 62 8.4 32  4.5  10  8.020.8 5.0
5048519770214 29.3 11.4  0.009900  9.7-99.9-99.9-99.911.7 8812.4 50 10.1   4  3.226.5 4.8
5048519770215 33.0 12.3  0.009900  9.6-99.9-99.9-99.911.7 8918.0 57 15.8   4  3.226.4 5.0
5048519770216 30.0 17.6  0.009900 15.6-99.9-99.9-99.9 8.6 6513.5 48 11.4  10  8.021.3 5.3
5048519770217 33.2 16.2  0.009900 14.9-99.9-99.9-99.911.1 8415.1 46 13.1   6  4.825.3 5.4
5048519770218 36.0 19.6  0.009900 17.3-99.9-99.9-99.910.4 7921.7 55 18.8   6  4.824.1 5.7
5048519770219 36.1 20.7 51.019900 19.0-99.9-99.9-99.911.3 8620.4 54 17.8  14 11.225.5 6.9
5048519770220 28.0 18.7  0.009900 17.6-99.9-99.9-99.9 9.7 7421.4 71 18.6   8  6.422.8 4.8
5048519770221 27.0 17.3  2.019900 17.8-99.9-99.9-99.9 6.6 5121.1 76 18.4   6  4.817.6 3.7
5048519770222 28.3 20.4  0.009900 18.8-99.9-99.9-99.9 4.9 3823.1 77 19.8   7  5.614.8 3.6
5048519770223 31.4 18.0 37.519900 19.6-99.9-99.9-99.910.5 8121.8 68 18.9  14 11.223.8 5.6
5048519770224 26.0 16.3  0.009900 16.4-99.9-99.9-99.9 4.3 3317.3 69 15.2   4  3.213.7 3.1
5048519770225 27.4 17.4  0.009900 15.9-99.9-99.9-99.9 6.9 5418.0 69 15.8   4  3.217.9 3.7
5048519770226 31.9 17.6  0.009900 16.7-99.9-99.9-99.910.9 8522.0 67 19.0   6  4.824.2 5.0
5048519770227 32.9 17.3  0.009900 16.5-99.9-99.9-99.9 8.0 6222.5 65 19.4   7  5.619.5 4.4
5048519770228 25.3 13.6  0.009900 12.6-99.9-99.9-99.910.5 82 9.7 51  6.5   6  4.823.4 4.3
5048519770301 26.3  8.2  0.009900  5.4-99.9-99.9-99.910.7 8412.9 62 10.7   4  3.223.6 3.8
5048519770302 28.5 10.7  0.009900  8.0-99.9-99.9-99.910.8 8515.7 62 13.7   2  1.623.6 3.9
5048519770303 31.0 12.3  0.009900  9.0-99.9-99.9-99.910.7 8417.5 65 15.4   4  3.223.4 4.3
5048519770304 31.3 16.1  0.009900 13.9-99.9-99.9-99.910.0 7917.8 65 15.7   2  1.622.2 4.2
5048519770305 34.0 14.7  0.009900 13.0-99.9-99.9-99.910.7 8519.1 59 16.8   4  3.223.2 4.6
5048519770306 36.6 20.0  0.009900 16.1-99.9-99.9-99.910.7 8522.8 61 19.6   4  3.223.1 5.2
5048519770307 23.8 13.4  0.009900 10.9-99.9-99.9-99.910.5 84 9.7 45  6.5   4  3.222.7 3.8
5048519770308 27.5 11.7  0.009900 10.2-99.9-99.9-99.910.7 8611.4 51  8.9   4  3.222.9 3.9
5048519770309 29.9 12.5  0.009900 10.7-99.9-99.9-99.9 9.8 7915.5 58 13.5   7  5.621.4 4.1
5048519770310 24.0 16.9  0.009900 17.0-99.9-99.9-99.9 0.0  013.0 57 10.9   4  3.2 6.2 2.4
5048519770311 27.3 13.8  0.009900 13.2-99.9-99.9-99.9 7.0 5613.6 54 11.5   6  4.816.9 3.6
5048519770312 30.3 13.3  0.009900 11.0-99.9-99.9-99.910.6 8617.1 63 15.0   2  1.622.3 3.8
5048519770313 31.0 14.7  0.009900 11.5-99.9-99.9-99.910.6 8619.0 68 16.7   1  0.822.2 3.9
5048519770314 31.6 17.2  0.009900 14.7-99.9-99.9-99.910.0 8119.9 65 17.4   2  1.621.2 4.0
5048519770315 33.2 16.8  5.519900 14.4-99.9-99.9-99.9 8.2 6721.0 66 18.3   6  4.818.3 4.0
5048519770316 32.2 17.0  0.009900 15.3-99.9-99.9-99.910.5 8621.3 68 18.5   2  1.621.7 4.1
5048519770317 34.7 19.8  0.009900 17.0-99.9-99.9-99.910.4 8522.5 61 19.4   2  1.621.4 4.4
5048519770318 30.0 20.6  0.009900 19.7-99.9-99.9-99.910.3 8513.1 47 11.0   4  3.221.2 4.2
5048519770319 30.2 12.4  0.009900 10.9-99.9-99.9-99.9 9.8 8113.9 53 11.9   7  5.620.3 3.9
5048519770320 32.5 14.6  0.009900 12.0-99.9-99.9-99.910.3 8515.7 56 13.7   1  0.820.9 3.6
5048519770321 31.1 14.8  0.619900 12.4-99.9-99.9-99.910.0 8318.0 61 15.8   9  7.220.4 4.2
5048519770322 23.2 13.1  0.519900 15.0-99.9-99.9-99.9 4.3 3612.7 62 10.5   6  4.812.0 2.7
5048519770323 27.2 14.8  0.009900 11.0-99.9-99.9-99.9 9.5 7913.3 58 11.2   4  3.219.4 3.4
5048519770324 31.0 12.3  0.009900 10.9-99.9-99.9-99.910.1 8415.5 58 13.5   2  1.620.2 3.3
5048519770325 33.0 14.1  0.009900 17.0-99.9-99.9-99.910.2 8617.7 62 15.6   4  3.220.2 3.7
5048519770326 32.3 15.3  0.009900 13.0-99.9-99.9-99.910.0 8419.7 68 17.3   1  0.819.8 3.5
5048519770327 26.8 14.9  0.009900 15.6-99.9-99.9-99.9 6.0 5112.0 47  9.7   6  4.814.0 3.2
5048519770328 23.4 12.0  0.009900  9.2-99.9-99.9-99.910.0 85 9.0 49  5.4   4  3.219.6 3.0
5048519770329 15.3  9.1  0.009900  9.0-99.9-99.9-99.9 0.0  0 7.9 55  3.6  19 15.2 5.4 2.9
5048519770330 14.3  3.8  0.009900  7.1-99.9-99.9-99.9 3.3 28 8.2 68  4.1   6  4.810.0 1.6
5048519770331 19.5  1.7  0.009900 -1.2-99.9-99.9-99.910.0 85 7.5 65  2.9   4  3.219.2 2.2
5048519770401 22.4  2.1  0.009900 -0.7-99.9-99.9-99.9 9.7 83 9.0 59  5.4   4  3.218.7 2.3
5048519770402 23.8  3.7  0.009900  0.8-99.9-99.9-99.910.0 86 9.9 64  6.8   2  1.619.0 2.3
5048519770403 26.3  5.0  0.009900  2.1-99.9-99.9-99.9 9.2 7913.0 73 10.9   5  4.017.7 2.4
5048519770404 23.7  8.5  0.009900  6.3-99.9-99.9-99.9 9.2 79 8.8 43  5.1  13 10.417.6 3.5
5048519770405 18.5 10.3  0.009900 12.4-99.9-99.9-99.9 2.8 2411.7 71  9.3   6  4.8 8.9 1.8
5048519770406 24.3 10.3  0.009900  8.5-99.9-99.9-99.9 8.3 7214.6 70 12.6   4  3.216.2 2.4
5048519770407 25.6 15.0  3.019900 13.2-99.9-99.9-99.9 5.3 4617.4 78 15.3   4  3.212.1 2.3
5048519770408 16.7  3.4  0.009900  7.3-99.9-99.9-99.9 0.0  0 9.1 92  5.6   4  3.2 5.0 1.2
5048519770409 14.0  0.5  0.009900  2.0-99.9-99.9-99.9 9.1 80 8.6 80  4.8   2  1.616.9 1.4
5048519770410 22.2  3.7  0.009900  2.0-99.9-99.9-99.9 8.4 74 9.1 61  5.6   1  0.815.9 1.8
5048519770411 25.0  5.0  0.009900  2.2-99.9-99.9-99.9 6.2 55 9.9 61  6.8   2  1.612.9 1.9
5048519770412 25.6  8.8  0.009900  5.4-99.9-99.9-99.9 9.1 8011.5 64  9.0   4  3.216.6 2.4
5048519770413 28.0  8.7  0.009900  6.3-99.9-99.9-99.9 9.6 8512.7 60 10.5   4  3.217.1 2.5
5048519770414 27.7  9.9  0.009900  7.0-99.9-99.9-99.9-9.9 9913.2 64 11.1   2  1.6-9.9-9.9
5048519770415 27.2 10.0  0.009900  7.5-99.9-99.9-99.9 9.8 8712.9 64 10.7   2  1.617.1 2.3
5048519770416 26.4 10.0  0.009900  8.0-99.9-99.9-99.9 8.8 7914.0 68 12.0   2  1.615.7 2.1
5048519770417 27.0 16.8  0.009900 15.5-99.9-99.9-99.9 7.0 6316.4 63 14.4   4  3.213.4 2.5
5048519770418 26.4 15.0  0.009900 12.5-99.9-99.9-99.9 8.3 7517.1 72 15.0   4  3.214.9 2.4
5048519770419 28.0 13.0  0.009900 11.0-99.9-99.9-99.9 9.5 8616.1 71 14.1   4  3.216.3 2.4
5048519770420 29.5 15.3  0.009900 14.5-99.9-99.9-99.9 9.7 8818.1 72 15.9   4  3.216.4 2.6
5048519770421 29.7 12.5  0.009900 10.0-99.9-99.9-99.9 9.6 8717.3 75 15.2   2  1.616.2 2.3
5048519770422 29.6 12.6  0.009900 10.6-99.9-99.9-99.9 9.8 8916.6 69 14.6   2  1.616.3 2.3
5048519770423 30.2 13.3  0.009900 11.2-99.9-99.9-99.9 9.5 8716.8 73 14.8   1  0.815.8 2.2
5048519770424 28.7 12.0  0.009900  9.6-99.9-99.9-99.9 9.7 8917.0 74 15.0   1  0.816.0 2.1
5048519770425 25.3 14.1  1.019900 13.0-99.9-99.9-99.9 3.2 2916.3 71 14.3   9  7.2 8.1 2.0
5048519770426 25.0 12.5  0.009900 13.7-99.9-99.9-99.9 5.8 5315.7 76 13.7   4  3.211.1 1.8
5048519770427 27.0 10.8  0.009900  7.6-99.9-99.9-99.9 9.5 8714.6 75 12.6   8  6.415.4 2.3
5048519770428 27.0  9.7  0.009900  6.5-99.9-99.9-99.9 8.1 7515.4 79 13.4   4  3.213.6 1.8
5048519770429 22.0 10.8  0.009900  7.8-99.9-99.9-99.9 2.6 2415.8 80 13.8   4  3.2 7.1 1.2
5048519770430 18.5 10.2  0.009900 12.5-99.9-99.9-99.9 0.0  010.4 74  7.5   2  1.6 4.1 1.3
5048519770501 18.0  5.3  0.009900  2.8-99.9-99.9-99.9 8.6 80 8.3 71  4.3   6  4.813.9 1.5
5048519770502 19.6  2.0  0.009900 -1.5-99.9-99.9-99.9 9.1 85 6.9 52  1.7   8  6.414.4 1.7
5048519770503 18.0  2.8  0.009900  1.0-99.9-99.9-99.9 5.7 53 9.3 77  5.9   2  1.610.4 1.0
5048519770504 22.3  5.3  3.519900  2.5-99.9-99.9-99.9 8.3 7810.3 67  7.4  14 11.213.3 2.0
5048519770505 15.2  6.8  0.319900  7.4-99.9-99.9-99.9 0.0  010.0 94  7.0  11  8.8 3.9 1.3
5048519770506 12.7  5.6  0.009900  5.8-99.9-99.9-99.9 1.0  910.0 88  7.0   2  1.6 5.0 0.7
5048519770507 18.5  4.7  0.009900  2.0-99.9-99.9-99.9 9.2 8710.5 79  7.7   4  3.214.0 1.1
5048519770508 20.0  7.0  1.019900  4.0-99.9-99.9-99.9 6.0 5711.8 71  9.4   4  3.210.4 1.2
5048519770509 17.7  5.9  0.009900  7.9-99.9-99.9-99.9 4.4 4210.1 76  7.1   2  1.6 8.6 1.0
5048519770510 21.0  5.2  0.009900  2.3-99.9-99.9-99.9 9.1 8710.6 77  7.8   6  4.813.6 1.3
5048519770511 23.9  7.7  0.009900  4.3-99.9-99.9-99.9 9.2 8811.2 71  8.6   2  1.613.7 1.3
5048519770512 25.0  7.3  0.009900  4.0-99.9-99.9-99.9 9.1 8712.4 77 10.1   2  1.613.5 1.3
5048519770513 25.0  7.9  0.009900  6.0-99.9-99.9-99.9 9.0 8611.4 64  8.9   6  4.813.3 1.6
5048519770514 21.6  7.6  0.009900  4.0-99.9-99.9-99.9 0.0  012.5 75 10.3   2  1.6 3.6 1.0
5048519770515 15.8  4.6  0.009900 12.0-99.9-99.9-99.9 0.0  0 6.0 43 -0.2   7  5.6 3.6 1.7
5048519770516 14.0 -0.6  0.009900 -3.6-99.9-99.9-99.9 8.4 81 6.1 69  0.0   4  3.212.4 0.8
5048519770517 17.0 -1.1  0.009900 -4.1-99.9-99.9-99.9 7.9 76 6.7 69  1.3   2  1.611.8 0.8
5048519770518 18.3  1.6  0.009900 -1.7-99.9-99.9-99.9 6.6 64 6.6 55  1.1   2  1.610.4 0.9
5048519770519 20.3  1.7  0.009900 -1.5-99.9-99.9-99.9 8.8 86 7.0 60  1.9   6  4.812.6 1.2
5048519770520 22.0  3.8  0.009900  0.5-99.9-99.9-99.9 8.3 81 7.7 60  3.2   2  1.612.0 1.0
5048519770521 17.7  5.5  0.009900  3.1-99.9-99.9-99.9 7.4 72 7.4 55  2.7   5  4.011.0 1.2
5048519770522 15.3  3.5  0.009900  3.0-99.9-99.9-99.9 5.1 50 9.0 79  5.4   0  0.0 8.6 0.6
5048519770523 19.5  1.6  0.009900 -0.5-99.9-99.9-99.9 8.6 84 8.5 69  4.6   4  3.212.1 0.8
5048519770524 20.0  2.0  0.009900 -1.1-99.9-99.9-99.9 5.6 5511.0 81  8.4   6  4.8 9.0 0.8
5048519770525 22.0  5.4  0.009900  3.9-99.9-99.9-99.9 8.6 85 8.6 64  4.8   2  1.612.0 0.9
5048519770526 23.0  5.3  0.009900  3.0-99.9-99.9-99.9 6.9 68 9.0 61  5.4   2  1.610.2 1.0
5048519770527 19.6  3.9  0.009900  2.0-99.9-99.9-99.9 6.4 63 8.8 69  5.1   2  1.6 9.7 0.8
5048519770528 17.5  2.7  0.009900  2.0-99.9-99.9-99.9 4.6 45 6.9 62  1.7   0  0.0 7.8 0.7
5048519770529 19.8  0.4  0.009900 -2.7-99.9-99.9-99.9 8.6 85 5.7 54 -1.0   2  1.611.8 0.9
5048519770530 19.0  2.9  0.009900 -1.0-99.9-99.9-99.9 5.6 56 6.9 57  1.7   6  4.8 8.8 1.2
5048519770531 19.8  3.0  0.009900 -2.2-99.9-99.9-99.9 6.6 66 7.7 61  3.2   4  3.2 9.7 0.9
5048519770601 21.5  3.3  0.009900 -0.7-99.9-99.9-99.9 8.3 82 7.8 55  3.4   4  3.211.3 1.0
5048519770602 23.2  3.3  0.009900 -0.5-99.9-99.9-99.9 8.6 86 9.2 69  5.8   6  4.811.6 1.0
5048519770603 23.7  5.7  0.009900  2.9-99.9-99.9-99.9 8.0 8011.2 67  8.6   4  3.210.9 0.9
5048519770604 19.5  7.6  0.319900  6.0-99.9-99.9-99.9 0.0  010.8 63  8.1   2  1.6 3.2 1.0
5048519770605 14.8 11.3  0.009900 11.4-99.9-99.9-99.9 0.0  013.4 94 11.3   4  3.2 3.2 0.6
5048519770606 13.9  6.7  0.009900  9.6-99.9-99.9-99.9 0.0  012.3 91 10.0   2  1.6 3.1 0.4
5048519770607 18.2  4.1  0.009900  2.4-99.9-99.9-99.9 4.2 4211.3 84  8.8   2  1.6 7.2 0.6
5048519770608 21.0  5.5  0.009900  4.0-99.9-99.9-99.9 8.1 8110.8 77  8.1   4  3.210.9 0.8
5048519770609 22.3  6.3  0.009900  3.5-99.9-99.9-99.9 7.3 7311.1 74  8.5   6  4.810.1 1.0
5048519770610 18.7  4.7  0.009900  3.1-99.9-99.9-99.9 8.2 82 8.3 62  4.3   8  6.410.9 1.1
5048519770611 20.5  3.3  0.009900  1.0-99.9-99.9-99.9 8.4 84 9.2 69  5.8   4  3.211.1 0.7
5048519770612 18.5  3.6  0.009900  1.0-99.9-99.9-99.9 4.0 4010.4 82  7.5   1  0.8 6.9 0.6
5048519770613 17.3  5.7  0.009900  1.6-99.9-99.9-99.9 4.3 4311.1 75  8.5   7  5.6 7.1 0.7
5048519770614 20.7  7.6  2.519900  8.2-99.9-99.9-99.9 0.0  0 9.5 69  6.2   6  4.8 3.1 1.4
5048519770615 15.5  1.8  0.009900 -1.0-99.9-99.9-99.9 8.1 82 6.9 70  1.7   1  0.810.7 0.6
5048519770616 15.0  0.0  0.009900 -3.2-99.9-99.9-99.9 8.0 81 7.2 75  2.3   1  0.810.6 0.4
5048519770617 18.3  1.2  0.009900 -1.6-99.9-99.9-99.9 4.7 47 7.8 66  3.4  10  8.0 7.5 1.1
5048519770618 16.2  2.1  0.009900 -1.3-99.9-99.9-99.9 7.8 79 5.4 52 -1.7   1  0.810.4 0.8
5048519770619  8.6 -0.4  0.009900 -0.8-99.9-99.9-99.9 0.0  0 4.1 44 -5.4   6  4.8 3.1 1.2
5048519770620  6.6 -1.0  1.519900 -4.0-99.9-99.9-99.9 4.0 40 5.5 75 -1.4   5  4.0 6.8 0.5
5048519770621  4.2  0.7  0.009901 -3.8-99.9-99.9-99.9 0.0  0 6.0 81 -0.2   8  6.4 3.1 0.6
5048519770622  5.6  0.3  0.009900 -1.5-99.9-99.9-99.9 2.4 24 6.1 85  0.0   2  1.6 5.3 0.4
5048519770623 12.0 -0.2  0.009900  1.1-99.9-99.9-99.9 4.3 43 6.9 80  1.7   2  1.6 7.1 0.5
5048519770624 13.6 -2.2  0.009900 -6.0-99.9-99.9-99.9 7.2 73 5.9 71 -0.5   4  3.2 9.8 0.6
5048519770625 14.2 -2.9  0.009900 -6.4-99.9-99.9-99.9 7.5 76 5.4 69 -1.7   3  2.410.1 0.6
5048519770626 17.2 -3.5  0.009900 -6.3-99.9-99.9-99.9 7.7 78 5.9 60 -0.5   6  4.810.3 0.8
5048519770627 18.1 -1.6  0.009900 -4.2-99.9-99.9-99.9 8.5 86 6.1 60  0.0   6  4.811.1 1.0
5048519770628 17.3  0.7  0.009900 -1.5-99.9-99.9-99.9 7.7 77 6.2 59  0.2   4  3.210.3 0.9
5048519770629 16.9  2.3  0.009900 -1.0-99.9-99.9-99.9 6.5 65 8.0 72  3.8   2  1.6 9.2 0.6
5048519770630 19.7  3.6  0.009900  0.5-99.9-99.9-99.9 5.0 50 9.0 71  5.4   7  5.6 7.8 1.0
5048519770701 18.8  2.7  0.009900 -1.0-99.9-99.9-99.9 8.5 85 7.6 64  3.0   4  3.211.1 0.8
5048519770702 19.0  2.4  0.009900  1.5-99.9-99.9-99.9 4.3 43 5.6 49 -1.2   2  1.6 7.2 1.0
5048519770703 13.2 -3.7  0.009900 -7.3-99.9-99.9-99.9 7.8 78 4.5 60 -4.1   1  0.810.5 0.6
5048519770704 14.0 -3.3  0.009900 -6.6-99.9-99.9-99.9 8.8 88 4.1 57 -5.4   2  1.611.5 0.8
5048519770705 15.0 -1.5  0.009900 -4.5-99.9-99.9-99.9 8.6 86 4.1 48 -5.4   6  4.811.3 1.2
5048519770706 15.7 -2.6  0.009900 -4.5-99.9-99.9-99.9 8.8 88 4.8 56 -3.3   8  6.411.6 1.2
5048519770707 18.5 -1.6  0.009900 -3.5-99.9-99.9-99.9 8.7 87 5.5 56 -1.4   2  1.611.5 0.8
5048519770708 17.9  0.0  0.009900 -4.9-99.9-99.9-99.9 8.6 86 5.0 47 -2.7   4  3.211.4 1.1
5048519770709 11.9  0.2  0.009900 -3.0-99.9-99.9-99.9 5.9 59 7.6 84  3.0   0  0.0 8.9 0.4
5048519770710 21.3  2.0  0.009900  0.5-99.9-99.9-99.9 3.6 36 7.7 69  3.2   9  7.2 6.7 1.5
5048519770711 17.2  4.4  0.009900  1.8-99.9-99.9-99.9 7.2 72 7.0 62  1.9   9  7.210.2 1.3
5048519770712 14.8  4.6  0.009900  3.5-99.9-99.9-99.9 8.7 86 6.2 60  0.2   6  4.811.7 1.1
5048519770713 14.7 -1.7  0.009900 -5.2-99.9-99.9-99.9 8.2 81 6.3 71  0.4   4  3.211.3 0.6
5048519770714 13.6 -1.8  0.009900 -5.0-99.9-99.9-99.9 7.5 74 5.1 67 -2.5   4  3.210.6 0.8
5048519770715 12.3 -4.8  0.009900 -8.0-99.9-99.9-99.9 8.2 81 4.4 64 -4.4   3  2.411.4 0.7
5048519770716 13.3 -2.2  0.009900 -5.0-99.9-99.9-99.9 3.8 37 4.9 58 -3.0   1  0.8 7.1 0.7
5048519770717 19.2 -1.1  0.009900 -5.7-99.9-99.9-99.9 8.8 87 6.1 55  0.0   1  0.812.1 0.7
5048519770718 18.0  0.4  0.009900 -2.3-99.9-99.9-99.9 8.8 86 5.9 57 -0.5   1  0.812.1 0.7
5048519770719 18.0 -0.6  0.009900 -3.7-99.9-99.9-99.9 4.6 45 6.3 57  0.4   2  1.6 8.0 0.9
5048519770720 17.7  2.3  0.009900 -0.8-99.9-99.9-99.9 8.8 86 7.1 63  2.1   1  0.812.2 0.7
5048519770721 20.0  4.0  0.009900  1.7-99.9-99.9-99.9 7.2 70 8.8 60  5.1   6  4.810.7 1.1
5048519770722  9.9  6.5  7.019900  4.5-99.9-99.9-99.9 0.0  0 8.9 84  5.3   4  3.2 3.4 0.7
5048519770723 16.0  1.0  0.009900  0.0-99.9-99.9-99.9 8.8 86 8.5 79  4.6   0  0.012.4 0.5
5048519770724 16.5  3.3  0.009900  0.0-99.9-99.9-99.9 9.0 87 8.0 73  3.8   2  1.612.7 0.8
5048519770725 20.3  3.5  0.009900  0.7-99.9-99.9-99.9 8.8 85 7.1 42  2.1   6  4.812.6 1.3
5048519770726 18.0  5.9  0.009900  3.5-99.9-99.9-99.9 8.9 86 6.7 53  1.3   4  3.212.8 1.1
5048519770727 16.0  2.3  0.009900 -0.3-99.9-99.9-99.9 9.0 87 7.1 68  2.1   4  3.212.9 0.9
5048519770728 25.5  0.4  0.009900 -1.5-99.9-99.9-99.9 9.3 90 5.4 45 -1.7  14 11.213.3 2.5
5048519770729 13.6  5.4  0.009900  3.9-99.9-99.9-99.9 7.9 76 6.5 58  0.9  14 11.211.9 1.8
5048519770730 14.4  5.6  0.009900  2.0-99.9-99.9-99.9 8.0 77 6.5 60  0.9   4  3.212.1 1.1
5048519770731 15.8 -3.6  0.009900 -6.5-99.9-99.9-99.9 9.2 88 5.6 63 -1.2   2  1.613.5 0.8
5048519770801 16.0 -1.4  0.009900 -4.8-99.9-99.9-99.9 9.3 89 5.2 57 -2.2   6  4.813.6 1.2
5048519770802 16.1 -1.8  0.009900 -4.8-99.9-99.9-99.9 9.1 87 5.4 57 -1.7   4  3.213.5 1.0
5048519770803 18.7 -0.2  0.009900 -4.1-99.9-99.9-99.9 9.3 88 6.2 56  0.2   4  3.213.8 1.1
5048519770804 19.5  2.3  0.009900  0.2-99.9-99.9-99.9 9.0 85 6.1 54  0.0   4  3.213.6 1.3
5048519770805 19.6  4.0  0.009900  2.0-99.9-99.9-99.9 9.1 86 6.7 49  1.3   7  5.613.8 1.6
5048519770806 17.5  4.2  0.009900  1.4-99.9-99.9-99.9 7.0 66 9.8 77  6.7   9  7.211.6 1.3
5048519770807 13.1  9.1  0.009900  7.4-99.9-99.9-99.9 1.3 1211.1 90  8.5   6  4.8 5.3 0.9
5048519770808 11.2  7.9  0.009900  8.8-99.9-99.9-99.9 0.0  0 9.9 83  6.8   7  5.6 3.9 0.9
5048519770809 10.5  6.9  2.519900  6.0-99.9-99.9-99.9 0.0  010.2 89  7.3   2  1.6 3.9 0.6
5048519770810 17.5  6.5  0.009900  8.7-99.9-99.9-99.9 6.7 6311.6 84  9.2   4  3.211.5 1.1
5048519770811 14.2  3.1  0.819900  0.9-99.9-99.9-99.9 0.0  0 9.5 80  6.2   2  1.6 4.0 0.7
5048519770812 15.2  1.5  0.009900 -1.7-99.9-99.9-99.9 7.2 67 5.4 57 -1.7   4  3.212.3 1.3
5048519770813 16.0 -3.6  0.009900 -7.0-99.9-99.9-99.9 9.6 89 4.1 52 -5.4   1  0.815.1 1.0
5048519770814 15.7  0.0  0.009900 -3.1-99.9-99.9-99.9 9.5 88 4.5 44 -4.1   6  4.815.1 1.5
5048519770815 16.5  1.6  0.009900 -1.1-99.9-99.9-99.9 9.0 83 4.8 46 -3.3   8  6.414.6 1.8
5048519770816 19.2  0.7  0.009900 -1.5-99.9-99.9-99.9 9.7 89 5.2 47 -2.2   4  3.215.5 1.5
5048519770817 19.8  2.0  0.009900 -1.6-99.9-99.9-99.9 9.7 89 5.5 44 -1.4   6  4.815.6 1.8
5048519770818 21.3  1.3  0.009900 -1.0-99.9-99.9-99.9 9.7 89 4.7 39 -3.6   8  6.415.8 2.1
5048519770819 23.6  2.7  0.009900 -0.6-99.9-99.9-99.9 9.6 87 5.4 40 -1.7   4  3.215.7 1.8
5048519770820 17.5  2.7  0.009900 -0.2-99.9-99.9-99.9 9.7 88 5.8 42 -0.7   7  5.616.0 1.9
5048519770821 16.2  1.8  0.009900 -2.0-99.9-99.9-99.9 9.7 88 5.8 54 -0.7   2  1.616.1 1.4
5048519770822 21.7  0.6  0.009900 -2.3-99.9-99.9-99.9 9.0 81 6.8 54  1.5   6  4.815.3 1.9
5048519770823 20.5  4.0  0.009900  1.2-99.9-99.9-99.9 9.3 84 6.7 48  1.3   4  3.215.8 1.8
5048519770824 26.0  3.9  0.009900  1.4-99.9-99.9-99.9 9.6 86 7.1 45  2.1   6  4.816.3 2.3
5048519770825 26.0  6.1  0.009900  2.8-99.9-99.9-99.9 9.6 86 7.4 40  2.7   7  5.616.4 2.5
5048519770826 20.3  7.4  0.009900  4.5-99.9-99.9-99.9 9.6 86 7.7 50  3.2   4  3.216.5 2.0
5048519770827 22.3  6.8  0.009900  5.1-99.9-99.9-99.9 9.7 86 8.6 51  4.8   6  4.816.8 2.2
5048519770828 25.0  6.2  0.009900  4.0-99.9-99.9-99.9 9.8 8710.1 56  7.1   4  3.217.0 2.2
5048519770829 26.2  6.2  0.009900  4.4-99.9-99.9-99.9 9.4 8310.0 55  7.0   2  1.616.6 2.1
5048519770830 24.0  9.2  0.009900  5.8-99.9-99.9-99.9 9.7 86 8.4 42  4.5   4  3.217.1 2.3
5048519770831 17.3  1.8  0.009900  6.2-99.9-99.9-99.9 8.7 77 3.8 36 -6.4   4  3.215.9 2.0
5048519770901 18.5 -1.3  0.009900 -4.0-99.9-99.9-99.9 9.5 83 5.2 46 -2.2   6  4.817.1 2.0
5048519770902 21.2  0.8  0.009900 -2.0-99.9-99.9-99.9 9.7 85 6.6 51  1.1   2  1.617.4 1.8
5048519770903 25.2  3.8  0.009900  1.7-99.9-99.9-99.9 9.8 86 6.9 41  1.7   2  1.617.7 2.1
5048519770904 23.5  8.1  0.009900  5.5-99.9-99.9-99.9 9.8 85 8.9 47  5.3   1  0.817.8 2.1
5048519770905 26.3  6.5  0.009900  3.4-99.9-99.9-99.9 9.6 83 6.7 40  1.3   6  4.817.7 2.8
5048519770906 26.1  4.8  0.009900  2.3-99.9-99.9-99.9 9.5 82 7.8 43  3.4   4  3.217.6 2.5
5048519770907 26.5  5.2  0.009900  2.3-99.9-99.9-99.9 9.8 85 8.2 45  4.1   2  1.618.1 2.3
5048519770908 23.7  5.0  0.009900  2.5-99.9-99.9-99.9 9.9 85 8.2 46  4.1   9  7.218.4 2.9
5048519770909 19.6  8.2  0.009900  6.5-99.9-99.9-99.9 9.9 85 5.5 34 -1.4  11  8.818.5 3.3
5048519770910 20.7  6.7  0.009900  4.8-99.9-99.9-99.910.1 86 7.1 48  2.1   6  4.818.9 2.7
5048519770911 23.0  6.6  0.009900  3.9-99.9-99.9-99.9 9.7 83 6.0 36 -0.2   6  4.818.5 2.8
5048519770912 19.2  6.7  0.009900  4.0-99.9-99.9-99.9 9.3 79 9.2 60  5.8   4  3.218.0 2.3
5048519770913 16.3  5.4  0.009900  6.4-99.9-99.9-99.9 4.9 42 9.1 68  5.6   2  1.612.1 1.7
5048519770914 21.6  3.6  0.009900  0.8-99.9-99.9-99.910.1 86 8.4 56  4.5   6  4.819.4 2.6
5048519770915 20.2  8.8  0.009900  5.4-99.9-99.9-99.9 9.8 83 5.1 31 -2.5  11  8.819.1 3.6
5048519770916 18.9  6.3  0.009900  4.5-99.9-99.9-99.9 9.3 78 6.2 40  0.2   8  6.418.5 2.9
5048519770917 23.3  3.2  0.009900  0.0-99.9-99.9-99.9 9.6 81 6.2 41  0.2   4  3.219.0 2.6
5048519770918 26.0  5.4  0.009900  2.4-99.9-99.9-99.9 9.7 81 8.0 45  3.8   3  2.419.3 2.8
5048519770919 25.6  7.1  0.009900  9.4-99.9-99.9-99.9 8.9 7410.5 55  7.7   6  4.818.2 3.0
5048519770920 21.5 10.0  0.009900  8.7-99.9-99.9-99.9 8.1 67 7.4 43  2.7   6  4.817.2 3.1
5048519770921 27.1  7.6  0.009900  5.5-99.9-99.9-99.9 9.9 82 8.8 42  5.1   4  3.219.9 3.1
5048519770922 28.8 11.0  0.009900  8.3-99.9-99.9-99.910.0 8310.0 41  7.0   6  4.820.1 3.6
5048519770923 24.6 10.4  0.009900  7.3-99.9-99.9-99.910.4 86 7.0 35  1.9   6  4.820.8 3.5
5048519770924 30.1  8.8  0.009900  5.5-99.9-99.9-99.910.5 86 7.9 36  3.6   6  4.821.1 3.7
5048519770925 32.5  9.3  0.009900  5.2-99.9-99.9-99.910.5 8612.0 42  9.7   2  1.621.2 3.4
5048519770926 35.0 12.0  0.009900  9.3-99.9-99.9-99.910.5 86 9.5 32  6.2   6  4.821.3 4.2
5048519770927 23.2 11.9  0.009900 12.9-99.9-99.9-99.910.4 85 6.7 34  1.3  23 18.421.3 5.9
5048519770928 20.0  7.3  0.009900  4.0-99.9-99.9-99.9 8.9 72 6.4 38  0.6  11  8.819.2 3.7
5048519770929 23.5  3.4  0.009900  0.2-99.9-99.9-99.9 9.7 79 6.0 35 -0.2   6  4.820.5 3.2
5048519770930 26.0  6.0  0.009900  4.0-99.9-99.9-99.9 9.4 76 7.9 43  3.6   4  3.220.1 3.2
5048519771001 26.3  7.9  0.009900  5.6-99.9-99.9-99.9 9.7 78 7.8 39  3.4   4  3.220.7 3.4
5048519771002 25.7  9.2  0.009900  5.1-99.9-99.9-99.9 7.3 59 8.9 51  5.3   4  3.217.1 3.2
5048519771003 22.5 10.3  0.009900  7.5-99.9-99.9-99.910.6 85 8.5 47  4.6   4  3.222.2 3.4
5048519771004 24.0  6.6  0.009900  4.0-99.9-99.9-99.9 9.0 72 7.5 41  2.9   4  3.219.9 3.2
5048519771005 27.6  7.0  0.009900  4.3-99.9-99.9-99.9 7.1 57 8.7 40  5.0  12  9.617.1 4.1
5048519771006 29.5 10.3  0.009900  6.6-99.9-99.9-99.910.6 84 9.8 37  6.7  15 12.022.5 5.3
5048519771007 25.0 13.0  0.009900  9.7-99.9-99.9-99.910.6 84 7.7 34  3.2  11  8.822.7 4.8
5048519771008 20.0  9.9  0.009900 10.0-99.9-99.9-99.910.6 84 5.7 33 -1.0  13 10.422.8 4.6
5048519771009 15.2  8.1  0.009900  7.0-99.9-99.9-99.9 2.9 23 6.5 46  0.9   9  7.210.9 2.8
5048519771010 16.8  6.3  0.009900  4.7-99.9-99.9-99.910.7 84 6.3 46  0.4 -99-99.923.1-9.9
5048519771011 21.0  1.9  0.009900 -1.5-99.9-99.9-99.910.8 85 6.7 44  1.3 -99-99.923.4-9.9
5048519771012 25.2  4.0  0.009900  1.4-99.9-99.9-99.910.8 85 6.7 34  1.3   2  1.623.5 3.3
5048519771013 28.0  8.1  0.009900  4.1-99.9-99.9-99.910.7 84 9.0 40  5.4   1  0.823.4 3.6
5048519771014 20.5  8.8  0.009900 10.0-99.9-99.9-99.9 1.0  8 7.6 55  3.0   9  7.2 8.2 3.0
5048519771015 22.0  5.8  0.009900  2.0-99.9-99.9-99.911.0 86 7.1 41  2.1   2  1.624.1 3.4
5048519771016 27.0  5.5  0.009900  2.0-99.9-99.9-99.910.9 85 6.4 32  0.6   2  1.624.0 3.6
5048519771017 29.7  6.7  0.009900  3.0-99.9-99.9-99.911.1 86 7.9 35  3.6   4  3.224.4 4.1
5048519771018 33.5  8.7  0.009900  5.0-99.9-99.9-99.911.1 86 8.5 29  4.6  13 10.424.5 5.7
5048519771019 34.0 11.7  0.009900  8.8-99.9-99.9-99.911.1 8510.7 36  8.0   6  4.824.6 4.9
5048519771020 37.0 13.1  0.009900  9.2-99.9-99.9-99.911.2 8612.2 35  9.9   6  4.824.8 5.3
5048519771021 34.5 17.0  0.009900 14.5-99.9-99.9-99.911.2 8611.7 31  9.3   7  5.624.9 5.5
5048519771022 33.4 19.6  0.009900 16.7-99.9-99.9-99.911.0 8414.7 41 12.7   9  7.224.7 5.9
5048519771023 27.1 12.7 46.019900 17.0-99.9-99.9-99.9 0.0  017.2 85 15.1  16 12.8 7.0 2.7
5048519771024 16.5 11.9  7.019900 10.8-99.9-99.9-99.9 4.0 3014.8 87 12.8   6  4.813.5 2.2
5048519771025 24.6 11.0  0.009900  9.0-99.9-99.9-99.911.6 8816.5 74 14.5   4  3.225.9 4.1
5048519771026 29.8 13.6  0.009900 11.4-99.9-99.9-99.911.6 8819.3 70 16.9   4  3.226.0 4.8
5048519771027 32.4 15.4  0.009900 13.0-99.9-99.9-99.911.7 8818.5 59 16.3   1  0.826.2 4.9
5048519771028 31.6 18.7  0.009900 16.5-99.9-99.9-99.911.2 8418.7 56 16.4   4  3.225.5 5.3
5048519771029 34.3 18.0  0.009900 15.8-99.9-99.9-99.910.8 8117.9 50 15.8   4  3.224.9 5.4
5048519771030 28.5 18.7  0.009900 17.0-99.9-99.9-99.911.3 8514.6 47 12.6  13 10.425.8 6.2
5048519771031 29.3 15.3  0.009900 13.0-99.9-99.9-99.911.5 8615.6 52 13.6   8  6.426.2 5.4
5048519771101 26.7 16.5  0.009900 14.5-99.9-99.9-99.9 9.7 7214.9 61 12.9   8  6.423.3 4.9
5048519771102 20.8 14.3  0.009900 14.3-99.9-99.9-99.9 1.0  7 8.4 45  4.5   8  6.4 8.9 3.3
5048519771103 24.1 13.7  0.009900 13.2-99.9-99.9-99.9 5.4 4011.6 55  9.2   2  1.616.3 3.3
5048519771104 28.2 10.7  0.009900  8.1-99.9-99.9-99.911.5 8514.2 55 12.2   6  4.826.5 4.8
5048519771105 33.7 11.3  0.009900  9.0-99.9-99.9-99.911.8 8715.8 46 13.8   2  1.627.0 5.0
5048519771106 32.0 14.8  0.009900 12.2-99.9-99.9-99.911.7 8617.6 57 15.5   4  3.226.9 5.3
5048519771107 34.4 17.6  0.009900 14.9-99.9-99.9-99.911.5 8521.2 59 18.4   2  1.626.7 5.5
5048519771108 26.5 12.7  0.009900 11.4-99.9-99.9-99.911.7 86 8.0 43  3.8   8  6.427.1 5.4
5048519771109 27.3  7.8  0.009900  5.7-99.9-99.9-99.911.8 8710.2 43  7.3   4  3.227.3 4.6
5048519771110 26.2 14.0  0.009900 10.3-99.9-99.9-99.911.7 8610.0 44  7.0  10  8.027.2 5.7
5048519771111 28.3 10.0  0.009900  7.0-99.9-99.9-99.911.9 87 8.8 33  5.1   6  4.827.6 5.1
5048519771112 28.0 11.6  0.009900  8.9-99.9-99.9-99.911.9 8711.9 47  9.5   6  4.827.6 5.2
5048519771113 31.0 11.4  0.009900  9.2-99.9-99.9-99.911.8 8613.1 43 11.0   8  6.427.5 5.6
5048519771114 33.5 12.3  0.009900  9.5-99.9-99.9-99.911.1 8115.4 48 13.4   3  2.426.4 5.2
5048519771115 34.3 14.3  0.009900 11.7-99.9-99.9-99.911.9 8612.1 35  9.8   6  4.827.8 5.9
5048519771116 34.0 17.7  0.009900 10.8-99.9-99.9-99.911.0 8012.4 35 10.1   4  3.226.3 5.6
5048519771117 35.7 18.8  0.009900 16.3-99.9-99.9-99.911.4 8215.3 40 13.3   4  3.227.0 6.0
5048519771118 27.9 11.0  0.009900 10.0-99.9-99.9-99.9 6.0 4310.9 48  8.2   9  7.217.9 4.5
5048519771119 27.3  8.7  0.009900  6.5-99.9-99.9-99.911.7 8412.7 51 10.5   2  1.627.6 4.6
5048519771120 33.5 11.1  0.009900  8.7-99.9-99.9-99.911.8 8511.7 33  9.3   4  3.227.8 5.4
5048519771121 28.0 11.2  0.009900 10.0-99.9-99.9-99.910.3 74 8.6 32  4.8   9  7.225.3 5.5
5048519771122 28.0 11.0  0.009900  8.0-99.9-99.9-99.911.8 8510.0 38  7.0   2  1.627.9 4.8
5048519771123 28.0 12.3  0.009900  9.0-99.9-99.9-99.910.8 7710.8 39  8.1  11  8.826.3 5.8
5048519771124 26.0 13.9  0.009900 13.5-99.9-99.9-99.911.8 8410.3 42  7.4   2  1.628.0 4.9
5048519771125 33.0 11.6  0.009900  9.0-99.9-99.9-99.911.8 8416.4 50 14.4   4  3.228.0 5.5
5048519771126 27.3 13.7  0.009900 14.9-99.9-99.9-99.911.2 8011.2 40  8.6   7  5.627.0 5.5
5048519771127 30.1  7.1  0.009900  3.0-99.9-99.9-99.911.7 83 9.0 34  5.4   9  7.227.9 5.6
5048519771128 32.2 11.8  0.009900  7.0-99.9-99.9-99.911.5 8210.4 33  7.5   6  4.827.6 5.7
5048519771129 35.7 13.4  0.009900  9.5-99.9-99.9-99.911.8 8414.1 38 12.1   2  1.628.2 5.6
5048519771130 33.5 16.0  0.009900 13.6-99.9-99.9-99.911.8 8410.7 36  8.0   6  4.828.2 6.1
5048519771201 37.0 18.9  0.009900 11.0-99.9-99.9-99.911.9 8414.5 38 12.5   4  3.228.4 6.3
5048519771202 38.0 18.5  0.009900 13.5-99.9-99.9-99.911.3 8017.8 41 15.7   2  1.627.4 6.0
5048519771203 35.4 19.7  0.009900 18.0-99.9-99.9-99.912.0 8514.6 38 12.6   4  3.228.6 6.3
5048519771204 29.2 19.1  0.009900 20.0-99.9-99.9-99.911.9 8413.2 42 11.1  11  8.828.5 6.8
5048519771205 29.0 11.2  0.009900 10.2-99.9-99.9-99.912.0 85 9.6 36  6.4   6  4.828.7 5.6
5048519771206 27.8 12.2  0.009900  9.5-99.9-99.9-99.911.7 82 8.7 35  5.0   9  7.228.2 5.9
5048519771207 31.2 11.7  0.009900  8.6-99.9-99.9-99.911.7 8211.7 41  9.3   6  4.828.2 5.7
5048519771208 33.0 14.8  0.009900 12.0-99.9-99.9-99.911.8 8315.1 39 13.1   6  4.828.4 6.1
5048519771209 36.0 14.6  0.009900 12.5-99.9-99.9-99.911.9 8414.0 39 12.0   2  1.628.6 5.8
5048519771210 37.5 16.8  0.009900 14.4-99.9-99.9-99.911.9 8413.8 36 11.8   2  1.628.6 6.0
5048519771211 35.0 18.6  0.009900 16.0-99.9-99.9-99.912.0 8414.3 39 12.3   6  4.828.8 6.6
5048519771212 33.2 17.7  0.009900 13.7-99.9-99.9-99.911.0 7717.7 50 15.6  13 10.427.1 6.9
5048519771213 32.2 19.7  0.009900 12.4-99.9-99.9-99.911.8 8320.5 58 17.9   6  4.828.5 6.4
5048519771214 33.3 18.2  0.009900 12.5-99.9-99.9-99.9 8.8 6219.0 52 16.7   8  6.423.3 5.8
5048519771215 33.3 19.6  0.009900 18.2-99.9-99.9-99.9 7.1 5021.2 61 18.4   6  4.820.4 5.1
5048519771216 31.4 17.8 21.019900 17.7-99.9-99.9-99.9 5.0 3521.1 73 18.4   4  3.216.7 4.1
5048519771217 23.0 14.8  0.009900 15.4-99.9-99.9-99.9 6.4 4517.0 78 15.0   8  6.419.2 3.9
5048519771218 22.5 15.0 11.019900 13.6-99.9-99.9-99.9 5.5 3815.8 71 13.8   8  6.417.6 3.8
5048519771219 18.8 12.4  0.819900 12.5-99.9-99.9-99.9 0.0  013.9 91 11.9   6  4.8 8.1 2.1
5048519771220 17.6 12.2  0.719900 12.3-99.9-99.9-99.9 0.0  013.5 80 11.4   6  4.8 8.1 2.0
5048519771221 20.5 11.4  0.009900 10.6-99.9-99.9-99.9 0.8  614.6 78 12.6   4  3.2 9.5 2.1
5048519771222 24.3 16.0  0.009900 15.5-99.9-99.9-99.9 3.5 2418.9 80 16.6   4  3.214.2 3.1
5048519771223 30.0 19.0  0.009900 18.0-99.9-99.9-99.910.7 7521.7 65 18.8   6  4.826.6 5.8
5048519771224 32.8 18.9  0.009900 17.2-99.9-99.9-99.911.8 8319.5 54 17.1   6  4.828.5 6.4
5048519771225 35.0 19.1  0.009900 17.0-99.9-99.9-99.9 9.5 6621.6 61 18.7   2  1.624.5 5.5
5048519771226 29.0 20.6  0.009900 18.6-99.9-99.9-99.9 8.3 5821.0 68 18.3   6  4.822.5 5.2
5048519771227 29.2 19.6  0.009900 20.5-99.9-99.9-99.9 9.1 6417.4 58 15.3  11  8.823.9 6.0
5048519771228 29.0 18.5  0.009900 17.0-99.9-99.9-99.911.8 8315.7 51 13.7  16 12.828.5 7.2
5048519771229 30.6 15.6 12.019900 13.5-99.9-99.9-99.911.8 8316.5 48 14.5   7  5.628.5 6.0
5048519771230 27.2 16.2  5.519900 15.5-99.9-99.9-99.9 8.1 5713.2 62 11.1   8  6.422.1 5.2
5048519771231 17.3 13.4  0.009900 12.8-99.9-99.9-99.9 0.0  014.4 82 12.4   4  3.2 8.1 1.9
5048519780101 22.0 13.7  0.009999-99.9-99.9-99.9-99.9-9.9 99-9.9-99-99.9 -99-99.9-9.9-9.9
5048519780102 28.0 16.4  0.009999-99.9-99.9-99.9-99.9-9.9 99-9.9-99-99.9 -99-99.9-9.9-9.9
5048519780103 32.6 13.1  0.009999-99.9-99.9-99.9-99.9-9.9 99-9.9-99-99.9 -99-99.9-9.9-9.9
5048519780104 31.5 16.7  0.009999-99.9-99.9-99.9-99.9-9.9 99-9.9-99-99.9 -99-99.9-9.9-9.9
5048519780105 30.0 16.6  0.009999-99.9-99.9-99.9-99.9-9.9 99-9.9-99-99.9 -99-99.9-9.9-9.9
5048519780106 31.3 18.6  0.009999-99.9-99.9-99.9-99.9-9.9 99-9.9-99-99.9 -99-99.9-9.9-9.9
5048519780107 31.0 16.8  0.009999-99.9-99.9-99.9-99.9-9.9 99-9.9-99-99.9 -99-99.9-9.9-9.9
5048519780108 33.5 17.0  0.009999-99.9-99.9-99.9-99.9-9.9 99-9.9-99-99.9 -99-99.9-9.9-9.9
5048519780109 29.7 20.4  0.009999-99.9-99.9-99.9-99.9-9.9 99-9.9-99-99.9 -99-99.9-9.9-9.9
5048519780110 26.2 17.0  0.009999-99.9-99.9-99.9-99.9-9.9 99-9.9-99-99.9 -99-99.9-9.9-9.9
5048519780111 31.7 15.9  0.009999-99.9-99.9-99.9-99.9-9.9 99-9.9-99-99.9 -99-99.9-9.9-9.9
5048519780112 24.5 11.8  0.009999-99.9-99.9-99.9-99.9-9.9 99-9.9-99-99.9 -99-99.9-9.9-9.9
5048519780113 27.0 10.1  9.519999-99.9-99.9-99.9-99.9-9.9 99-9.9-99-99.9 -99-99.9-9.9-9.9
5048519780114 26.7 10.8  4.519999-99.9-99.9-99.9-99.9-9.9 99-9.9-99-99.9 -99-99.9-9.9-9.9
5048519780115 31.6 12.7  0.009999-99.9-99.9-99.9-99.9-9.9 99-9.9-99-99.9 -99-99.9-9.9-9.9
5048519780116 36.0 14.0  0.009999-99.9-99.9-99.9-99.9-9.9 99-9.9-99-99.9 -99-99.9-9.9-9.9
5048519780117 36.5 15.2  0.009999-99.9-99.9-99.9-99.9-9.9 99-9.9-99-99.9 -99-99.9-9.9-9.9
5048519780118 33.2 18.3  0.009999-99.9-99.9-99.9-99.9-9.9 99-9.9-99-99.9 -99-99.9-9.9-9.9
5048519780119-99.9-99.9 15.519999-99.9-99.9-99.9-99.9-9.9 99-9.9-99-99.9 -99-99.9-9.9-9.9
5048519780120-99.9-99.9  0.009999-99.9-99.9-99.9-99.9-9.9 99-9.9-99-99.9 -99-99.9-9.9-9.9
5048519780121-99.9-99.9  0.009999-99.9-99.9-99.9-99.9-9.9 99-9.9-99-99.9 -99-99.9-9.9-9.9
5048519780122-99.9-99.9 45.019999-99.9-99.9-99.9-99.9-9.9 99-9.9-99-99.9 -99-99.9-9.9-9.9
5048519780123-99.9-99.9  0.009999-99.9-99.9-99.9-99.9-9.9 99-9.9-99-99.9 -99-99.9-9.9-9.9
5048519780124-99.9-99.9  0.009999-99.9-99.9-99.9-99.9-9.9 99-9.9-99-99.9 -99-99.9-9.9-9.9
5048519780125-99.9-99.9  0.009999-99.9-99.9-99.9-99.9-9.9 99-9.9-99-99.9 -99-99.9-9.9-9.9
5048519780126-99.9-99.9  5.519999-99.9-99.9-99.9-99.9-9.9 99-9.9-99-99.9 -99-99.9-9.9-9.9
5048519780127-99.9-99.9  0.009999-99.9-99.9-99.9-99.9-9.9 99-9.9-99-99.9 -99-99.9-9.9-9.9
5048519780128 29.2 17.5  0.519999-99.9-99.9-99.9-99.9-9.9 99-9.9-99-99.9 -99-99.9-9.9-9.9
5048519780129 34.0 16.2  0.009999-99.9-99.9-99.9-99.9-9.9 99-9.9-99-99.9 -99-99.9-9.9-9.9
5048519780130 28.0 17.5  0.009999-99.9-99.9-99.9-99.9-9.9 99-9.9-99-99.9 -99-99.9-9.9-9.9
5048519780131 28.0 14.7  0.009999-99.9-99.9-99.9-99.9-9.9 99-9.9-99-99.9 -99-99.9-9.9-9.9
5048519780201 32.5 11.7  0.009900  9.9-99.9-99.9-99.911.8 8614.7 49 12.7   4  3.227.6 5.3
5048519780202 27.2 15.9  0.009900 14.1-99.9-99.9-99.911.7 86 9.5 35  6.2   6  4.827.3 5.4
5048519780203 25.4 15.0  0.009900 13.7-99.9-99.9-99.911.2 8211.9 49  9.5  13 10.426.4 5.8
5048519780204 30.0 12.3  0.009900 10.7-99.9-99.9-99.911.7 8616.9 59 14.9   4  3.227.2 5.0
5048519780205 30.7 14.8  0.009900 13.0-99.9-99.9-99.910.6 7817.7 59 15.6   1  0.825.3 4.8
5048519780206 32.0 15.9 25.019900 14.0-99.9-99.9-99.9 7.5 5618.0 56 15.8   8  6.420.0 4.8
5048519780207 34.3 15.3  0.009910 13.5-99.9-99.9-99.911.7 8719.0 52 16.7   4  3.227.0 5.6
5048519780208 29.9 15.6  0.009900 13.5-99.9-99.9-99.911.4 8520.7 68 18.1   4  3.226.5 5.1
5048519780209 31.6 17.2  0.009900 15.4-99.9-99.9-99.911.5 8620.9 65 18.2   4  3.226.6 5.4
5048519780210 30.3 17.8  0.009900 17.4-99.9-99.9-99.910.5 7819.3 64 16.9   6  4.824.8 5.2
5048519780211 30.0 18.7  1.519900 18.0-99.9-99.9-99.9 8.4 6317.2 58 15.1   4  3.221.3 4.7
5048519780212 27.0 15.6  1.519900 14.5-99.9-99.9-99.9 5.1 3815.3 70 13.3   2  1.615.7 3.4
5048519780213 24.9 14.2  0.009900 12.0-99.9-99.9-99.9 7.9 5917.4 73 15.3   9  7.220.3 4.0
5048519780214 29.4 14.3  0.009900 12.5-99.9-99.9-99.910.6 8017.5 61 15.4   7  5.624.7 4.9
5048519780215 31.4 14.9  0.009900 12.5-99.9-99.9-99.911.6 8815.7 55 13.7   6  4.826.3 5.3
5048519780216 33.4 15.3  0.009900 12.4-99.9-99.9-99.910.8 8217.2 54 15.1   4  3.224.9 5.1
5048519780217 25.5 16.1  0.009900 17.2-99.9-99.9-99.9 0.0  016.4 78 14.4  11  8.8 7.1 2.8
5048519780218 21.5 15.9  0.009900 15.4-99.9-99.9-99.9 5.9 4515.4 73 13.4   6  4.816.7 3.3
5048519780219 25.3 14.4  0.009900 13.6-99.9-99.9-99.911.0 8414.9 65 12.9   2  1.625.0 4.3
5048519780220 29.6 13.6  0.009900 14.3-99.9-99.9-99.910.8 8316.2 57 14.2   1  0.824.6 4.3
5048519780221 32.0 14.6  0.009900 13.3-99.9-99.9-99.911.7 9018.7 58 16.4   1  0.826.0 4.7
5048519780222 33.2 16.0  0.009900 14.4-99.9-99.9-99.911.0 8519.8 61 17.3   1  0.824.7 4.8
5048519780223 35.2 17.0  0.009900 15.2-99.9-99.9-99.9 9.1 7020.5 56 17.9   1  0.821.6 4.5
5048519780224 36.1 19.7  0.009900 17.2-99.9-99.9-99.9 8.4 6522.0 56 19.0   2  1.620.4 4.6
5048519780225 34.2 19.2 17.119900 17.2-99.9-99.9-99.9 9.7 7521.8 60 18.9   1  0.822.4 4.7
5048519780226 27.2 16.7  8.119900 19.1-99.9-99.9-99.9 6.1 4721.5 82 18.7  15 12.016.5 3.8
5048519780227 27.0 15.9  0.009900 15.0-99.9-99.9-99.9 8.9 6917.8 74 15.7   2  1.620.9 3.8
5048519780228 29.2 15.6  0.009900 13.6-99.9-99.9-99.910.7 8417.6 64 15.5   0  0.023.7 4.1
5048519780301 33.1 14.0  0.009900 10.9-99.9-99.9-99.910.6 8316.8 57 14.8   4  3.223.5 4.6
5048519780302 29.8 16.4  0.009900 13.9-99.9-99.9-99.910.6 8314.6 50 12.6   6  4.823.4 4.7
5048519780303 27.0 17.3  0.009900 13.5-99.9-99.9-99.9 7.6 6011.3 44  8.8   4  3.218.5 3.9
5048519780304 29.9 13.9  0.009900 11.0-99.9-99.9-99.910.2 8113.6 48 11.5   4  3.222.5 4.2
5048519780305 28.2 17.2  0.009900 16.0-99.9-99.9-99.9 7.6 6014.6 55 12.6   2  1.618.4 3.6
5048519780306 28.7 14.4  0.009900 12.8-99.9-99.9-99.9 9.7 7715.0 56 13.0   4  3.221.6 4.0
5048519780307 30.2 14.2  0.009900 11.7-99.9-99.9-99.910.2 8116.8 62 14.8   6  4.822.2 4.3
5048519780308 31.3 13.4  0.009900 10.7-99.9-99.9-99.910.6 8516.4 45 14.4   4  3.222.7 4.2
5048519780309 31.4 14.5  0.009900 12.0-99.9-99.9-99.910.6 8516.1 56 14.1   4  3.222.6 4.3
5048519780310 31.5 13.8  0.009900 11.0-99.9-99.9-99.910.5 8413.0 48 10.9   6  4.822.4 4.4
5048519780311 25.3 15.8  0.009900 13.5-99.9-99.9-99.9 7.1 5713.6 54 11.5  13 10.417.1 4.2
5048519780312 20.5 16.1  0.009900 16.5-99.9-99.9-99.9 2.8 2314.7 73 12.7   7  5.610.4 2.5
5048519780313 24.5 15.8  0.009900 14.5-99.9-99.9-99.9 7.6 6216.1 71 14.1   6  4.817.7 3.4
5048519780314 26.4 15.5  0.009900 14.4-99.9-99.9-99.9 7.4 6017.2 69 15.1   2  1.617.3 3.1
5048519780315 25.0 15.4  0.009900 14.5-99.9-99.9-99.9 6.4 5216.0 70 14.0   4  3.215.7 3.0
5048519780316 25.3 15.5  0.009900 13.6-99.9-99.9-99.9 5.9 4816.1 66 14.1   6  4.814.8 3.1
5048519780317 22.0 16.5  0.009900 15.0-99.9-99.9-99.9 1.8 1514.5 66 12.5   6  4.8 8.6 2.4
5048519780318 23.0 12.7  0.009900 13.5-99.9-99.9-99.9 6.8 5613.4 65 11.3   6  4.816.0 3.0
5048519780319 26.3 11.6  0.009900  9.1-99.9-99.9-99.9 8.6 7113.2 58 11.1   1  0.818.6 2.9
5048519780320 28.0 12.6  0.009900 10.5-99.9-99.9-99.9 6.5 5413.8 59 11.8   6  4.815.4 3.2
5048519780321 28.6 14.3  0.009900 12.7-99.9-99.9-99.910.0 8317.6 65 15.5   4  3.220.4 3.6
5048519780322 29.2 15.7  0.009900 13.0-99.9-99.9-99.9 9.7 8119.0 70 16.7   4  3.219.9 3.6
5048519780323 30.7 16.0  3.019900 14.2-99.9-99.9-99.9 7.4 6221.1 74 18.4   0  0.016.4 3.0
5048519780324 23.7 14.1  4.519900 17.6-99.9-99.9-99.9 0.0  017.2 84 15.1  12  9.6 5.6 1.9
5048519780325 17.3 13.7  1.319900 13.2-99.9-99.9-99.9 0.0  015.8 88 13.8   1  0.8 5.6 1.1
5048519780326 22.0 13.0  0.009900 13.2-99.9-99.9-99.9 4.2 3515.6 80 13.6   2  1.611.5 2.0
5048519780327 25.6 13.2  0.009900 11.3-99.9-99.9-99.9 7.3 6218.3 83 16.1   4  3.215.9 2.6
5048519780328 27.0 14.7  0.009900 12.5-99.9-99.9-99.9 9.8 8318.0 73 15.8   2  1.619.3 3.1
5048519780329 30.6 13.0  0.009900 10.7-99.9-99.9-99.9 9.8 8318.5 70 16.3   2  1.619.2 3.2
5048519780330 31.3 15.3  0.009900 13.1-99.9-99.9-99.9 9.9 8415.8 57 13.8   6  4.819.2 3.7
5048519780331 27.0 14.3  0.009900 11.1-99.9-99.9-99.9 9.6 8213.2 59 11.1   4  3.218.7 3.1
5048519780401 28.3 10.8  0.009900  8.2-99.9-99.9-99.9 9.7 8314.2 59 12.2   1  0.818.7 2.7
5048519780402 28.7 10.3  0.009900  7.6-99.9-99.9-99.9 9.8 8414.5 67 12.5   1  0.818.7 2.7
5048519780403 28.2 12.1  0.009900  9.8-99.9-99.9-99.9 8.3 7115.8 65 13.8   4  3.216.5 2.8
5048519780404 21.9 15.3  0.009900 15.4-99.9-99.9-99.9 4.2 3615.4 74 13.4   2  1.610.9 2.0
5048519780405 22.5 12.0  0.009900  9.3-99.9-99.9-99.9 8.7 7510.3 55  7.4   4  3.216.9 2.6
5048519780406 19.8 12.2  0.009900 11.2-99.9-99.9-99.9 2.0 17 9.8 54  6.7   6  4.8 7.8 2.2
5048519780407 20.7 14.1  0.009900 13.8-99.9-99.9-99.9 0.0  014.6 74 12.6   4  3.2 5.0 1.5
5048519780408 20.5 10.5  0.009900 11.6-99.9-99.9-99.9 6.1 5313.5 75 11.4   3  2.413.1 1.9
5048519780409 23.7  7.6  0.009900  6.2-99.9-99.9-99.9 9.6 8412.7 74 10.5   1  0.817.6 2.1
5048519780410 26.6  7.9  0.009900  3.7-99.9-99.9-99.9 9.6 8412.5 68 10.3   4  3.217.5 2.4
5048519780411 28.4  9.2  0.009900  7.0-99.9-99.9-99.9 9.6 8412.4 63 10.1   4  3.217.4 2.6
5048519780412 28.2 10.1  0.009900  7.9-99.9-99.9-99.9 9.7 8612.6 58 10.4   2  1.617.4 2.4
5048519780413 28.1 11.4  0.009900  9.0-99.9-99.9-99.9 9.6 8513.6 64 11.5   4  3.217.1 2.6
5048519780414 22.6 11.4  0.009900  9.0-99.9-99.9-99.9 3.7 3311.4 57  8.9  11  8.8 9.5 2.5
5048519780415 22.2 13.5  0.009900 13.3-99.9-99.9-99.9 6.2 5513.2 68 11.1   1  0.812.6 1.9
5048519780416 27.0 12.0  0.009900 10.3-99.9-99.9-99.9 9.7 8714.5 66 12.5   1  0.816.9 2.2
5048519780417 27.5 12.2 10.019900  8.8-99.9-99.9-99.9 7.7 6916.3 73 14.3   4  3.214.3 2.3
5048519780418 21.3  9.3  0.009910  8.2-99.9-99.9-99.9 9.0 8110.9 69  8.2   2  1.615.8 1.9
5048519780419 24.7  7.7  0.009900  6.0-99.9-99.9-99.9 9.6 8610.8 63  8.1   4  3.216.4 2.1
5048519780420 25.6  8.2  0.009900  5.3-99.9-99.9-99.9 9.4 8510.3 58  7.4   2  1.616.1 2.0
5048519780421 25.0 11.4  0.009900  8.9-99.9-99.9-99.9 9.7 8811.2 59  8.6   6  4.816.3 2.4
5048519780422 23.3  9.3  0.009900  6.2-99.9-99.9-99.9 9.6 8712.5 72 10.3   2  1.616.1 1.8
5048519780423 25.0 10.0  0.009900  7.7-99.9-99.9-99.9 9.2 8412.7 66 10.5   2  1.615.5 1.9
5048519780424 25.6  9.3  0.009900  6.5-99.9-99.9-99.9 9.4 8612.5 67 10.3   4  3.215.6 2.0
5048519780425 22.2 11.3  0.009900  9.3-99.9-99.9-99.9 5.9 5413.6 74 11.5   4  3.211.3 1.7
5048519780426 24.6 11.8  0.009900  9.0-99.9-99.9-99.9 8.4 7714.0 73 12.0   1  0.814.2 1.7
5048519780427 24.6 12.4 12.519900  9.4-99.9-99.9-99.9 0.0  013.7 64 11.6   2  1.6 4.2 1.4
5048519780428 23.0 11.8  0.009900 11.0-99.9-99.9-99.9 8.4 7813.6 73 11.5   4  3.214.0 1.8
5048519780429 24.0  9.5  0.009900  7.7-99.9-99.9-99.9 9.5 8812.9 72 10.7   2  1.615.2 1.7
5048519780430 24.8  8.4  0.009900  6.0-99.9-99.9-99.9 8.5 7913.3 77 11.2   1  0.813.9 1.5
5048519780501 22.0  8.8  0.009900  6.4-99.9-99.9-99.9 7.0 6511.8 72  9.4   4  3.212.1 1.5
5048519780502 23.0  7.8  0.009900  5.3-99.9-99.9-99.9 9.1 8512.4 75 10.1   4  3.214.4 1.6
5048519780503 26.7  9.7  0.009900  7.2-99.9-99.9-99.9 9.0 8413.1 67 11.0   6  4.814.2 2.0
5048519780504 23.5 11.0  0.009900  8.5-99.9-99.9-99.9 8.0 7511.0 61  8.4   2  1.613.0 1.6
5048519780505 24.4 10.3  0.009900  7.5-99.9-99.9-99.9 8.3 7814.3 75 12.3   6  4.813.2 1.7
5048519780506 26.0 11.5  0.009900  8.5-99.9-99.9-99.9 7.6 7213.9 72 11.9   2  1.612.4 1.6
5048519780507 27.2 11.9  0.009900 10.2-99.9-99.9-99.9 9.0 8514.9 72 12.9   2  1.613.8 1.7
5048519780508 28.0 10.9  0.009900  8.6-99.9-99.9-99.9 9.1 8615.5 72 13.5   4  3.213.8 1.8
5048519780509 28.5 12.7  0.009900 10.5-99.9-99.9-99.9 9.2 8715.7 70 13.7   4  3.213.9 1.9
5048519780510 22.4 13.3  0.009900 10.7-99.9-99.9-99.9 8.6 8211.0 54  8.4   7  5.613.1 1.9
5048519780511 20.7 10.5  0.009900  8.0-99.9-99.9-99.9 2.1 20 9.9 60  6.8   1  0.8 6.0 1.3
5048519780512 22.1  9.3  0.009900  5.8-99.9-99.9-99.9 8.8 8411.1 68  8.5   2  1.613.2 1.2
5048519780513 23.0  9.9  0.009900  9.0-99.9-99.9-99.9 8.2 7910.9 57  8.2   3  2.412.4 1.4
5048519780514 20.0  7.3  0.009900  4.0-99.9-99.9-99.9 4.2 40 7.7 53  3.2   7  5.6 8.1 1.7
5048519780515 17.0  4.2  0.009900  2.0-99.9-99.9-99.9 4.1 39 7.3 63  2.5   2  1.6 7.9 1.0
5048519780516 12.6  3.9  0.009900  0.8-99.9-99.9-99.9 2.8 27 8.0 77  3.8   2  1.6 6.5 0.8
5048519780517 18.2  3.9  0.009900  0.0-99.9-99.9-99.9 6.6 64 8.6 70  4.8   2  1.610.5 0.9
5048519780518 20.0  4.6  0.009900  0.2-99.9-99.9-99.9 6.8 66 9.3 69  5.9   4  3.210.6 1.1
5048519780519 20.2  5.0  0.009900  2.7-99.9-99.9-99.9 7.9 7710.2 73  7.3   3  2.411.7 0.9
5048519780520 19.7  2.7  0.009900  0.2-99.9-99.9-99.9 8.6 84 7.6 64  3.0   1  0.812.3 0.8
5048519780521 22.2  5.1  0.009900  2.7-99.9-99.9-99.9 8.7 85 8.3 60  4.3   1  0.812.4 0.9
5048519780522 20.3  6.4  0.009900  0.8-99.9-99.9-99.9 7.6 74 8.6 61  4.8   2  1.611.2 1.0
5048519780523 20.0  4.6  0.009900  1.5-99.9-99.9-99.9 8.1 79 8.7 68  5.0   1  0.811.6 0.8
5048519780524 16.8  5.3  0.009900  2.5-99.9-99.9-99.9 7.7 76 9.2 71  5.8   4  3.211.2 0.8
5048519780525 12.8  8.0  0.009900  3.2-99.9-99.9-99.9 0.2  2 7.8 63  3.4   0  0.0 3.6 0.9
5048519780526 17.9  6.2  0.009900  5.9-99.9-99.9-99.9 5.9 58 7.0 57  1.9   1  0.8 9.2 0.9
5048519780527 18.2  3.7  0.009900 -0.2-99.9-99.9-99.9 8.4 83 8.1 67  3.9   2  1.611.7 0.7
5048519780528 16.2  2.0  0.009900  0.0-99.9-99.9-99.9 8.2 81 7.6 70  3.0   6  4.811.4 0.8
5048519780529 10.1  4.2  0.009900  1.5-99.9-99.9-99.9 0.0  0 8.5 79  4.6   6  4.8 3.3 0.7
5048519780530 14.0  2.7  0.009900 -0.3-99.9-99.9-99.9 5.5 54 8.5 79  4.6   1  0.8 8.7 0.5
5048519780531 16.7  1.3  0.009900 -1.4-99.9-99.9-99.9 7.7 76 7.6 74  3.0   4  3.210.8 0.7
5048519780601 13.1  0.0  0.009900 -2.7-99.9-99.9-99.9 1.1 11 7.4 78  2.7   0  0.0 4.3 0.6
5048519780602 16.8  3.4  0.009900  0.0-99.9-99.9-99.9 5.3 53 8.7 67  5.0   4  3.2 8.4 0.8
5048519780603 14.8  1.8  0.009900 -1.7-99.9-99.9-99.9 8.0 80 5.9 61 -0.5   0  0.011.0 0.6
5048519780604 14.3  1.4  0.009900 -1.8-99.9-99.9-99.9 5.8 58 5.5 51 -1.4   2  1.6 8.8 0.7
5048519780605 15.0  0.8  0.009900 -2.3-99.9-99.9-99.9 7.8 78 5.8 62 -0.7   1  0.810.7 0.6
5048519780606 18.0  0.0  0.009900 -4.1-99.9-99.9-99.9 8.3 83 6.1 62  0.0   4  3.211.1 0.9
5048519780607 13.3  0.6  0.009900 -0.6-99.9-99.9-99.9 6.9 69 7.1 74  2.1   6  4.8 9.8 0.6
5048519780608 17.0  0.2  0.009900 -2.6-99.9-99.9-99.9 8.3 83 5.9 60 -0.5   4  3.211.1 0.9
5048519780609 17.0  0.1  0.009900 -2.4-99.9-99.9-99.9 0.0  0 5.9 60 -0.5   6  4.8 3.1 1.3
5048519780610 15.8 -2.2  0.009900 -5.4-99.9-99.9-99.9 8.1 81 5.5 63 -1.4   1  0.810.8 0.6
5048519780611 15.7 -2.0  0.009900 -4.7-99.9-99.9-99.9 7.5 75 6.2 69  0.2   1  0.810.2 0.5
5048519780612 17.1  0.3  0.009900 -3.6-99.9-99.9-99.9 8.2 82 6.6 65  1.1   2  1.610.9 0.7
5048519780613 17.4  0.6  0.009900 -3.0-99.9-99.9-99.9 8.2 82 7.0 69  1.9   4  3.210.8 0.8
5048519780614 17.0  1.1  0.009900 -1.9-99.9-99.9-99.9 8.0 80 6.4 60  0.6   8  6.410.6 1.1
5048519780615 14.0  0.5  0.009900 -1.1-99.9-99.9-99.9 4.8 48 6.2 52  0.2   6  4.8 7.6 0.9
5048519780616 17.2  0.5  0.009900 -2.7-99.9-99.9-99.9 8.2 83 6.6 63  1.1   4  3.210.8 0.8
5048519780617 17.2  3.0  0.009900 -0.6-99.9-99.9-99.9 6.0 60 6.7 62  1.3   4  3.2 8.7 0.9
5048519780618 11.8  1.1  0.009900 -1.6-99.9-99.9-99.9 7.3 74 5.2 50 -2.2  14 11.2 9.9 1.5
5048519780619 12.4 -1.7  0.009900 -4.6-99.9-99.9-99.9 6.9 70 5.0 63 -2.7   2  1.6 9.5 0.6
5048519780620 13.2 -2.4  0.009900 -5.0-99.9-99.9-99.9 8.2 83 5.5 66 -1.4   1  0.810.8 0.5
5048519780621 14.7 -1.4  0.009900 -4.6-99.9-99.9-99.9 8.2 83 6.2 69  0.2   2  1.610.8 0.5
5048519780622 18.3  0.0  0.009900 -3.5-99.9-99.9-99.9 8.0 81 6.6 60  1.1   6  4.810.6 1.0
5048519780623 10.1  6.1  0.009900  2.5-99.9-99.9-99.9 7.9 80 8.2 75  4.1   6  4.810.5 0.5
5048519780624 13.7  1.0  0.009900 -2.0-99.9-99.9-99.9 0.0  0 7.4 79  2.7   1  0.8 3.1 0.7
5048519780625 15.7  0.3  0.009900 -2.6-99.9-99.9-99.9 7.8 79 7.4 73  2.7   4  3.210.4 0.6
5048519780626 15.4  1.0  0.009900 -2.7-99.9-99.9-99.9 7.8 79 8.2 79  4.1   2  1.610.4 0.4
5048519780627 16.4  2.5  0.009900  0.0-99.9-99.9-99.9 4.1 41 8.6 73  4.8   6  4.8 6.9 0.8
5048519780628 16.8  3.2  0.009900  0.6-99.9-99.9-99.9 4.2 42 8.9 73  5.3   4  3.2 7.0 0.7
5048519780629 19.3  3.0  0.009900  1.5-99.9-99.9-99.9 8.0 80 8.0 65  3.8   4  3.210.6 0.8
5048519780630 16.7  2.7  0.009900  0.3-99.9-99.9-99.9 7.9 79 8.2 72  4.1   6  4.810.5 0.7
5048519780701 17.0  3.7  0.009900  1.3-99.9-99.9-99.9 7.5 75 9.1 76  5.6   1  0.810.2 0.5
5048519780702 16.3  2.7  0.009900  0.4-99.9-99.9-99.9 4.5 45 8.7 80  5.0   3  2.4 7.4 0.6
5048519780703 17.0  1.8  0.009900 -1.4-99.9-99.9-99.9 7.2 72 9.3 80  5.9   4  3.2 9.9 0.5
5048519780704 18.2  5.0  0.009900  2.7-99.9-99.9-99.9 5.6 5610.0 77  7.0   1  0.8 8.4 0.6
5048519780705 20.0  4.0  0.009900  2.5-99.9-99.9-99.9 6.0 6010.3 66  7.4   6  4.8 8.9 0.8
5048519780706 15.3 10.9  0.009900  9.7-99.9-99.9-99.9 0.0  012.5 86 10.3   2  1.6 3.1 0.7
5048519780707 16.9  8.9  0.009900  5.6-99.9-99.9-99.9 8.1 8112.5 84 10.3   6  4.810.9 0.7
5048519780708 20.2  9.4  0.009900  7.4-99.9-99.9-99.9 6.7 6711.6 70  9.2   7  5.6 9.6 1.1
5048519780709 19.6  5.9  0.009900  3.3-99.9-99.9-99.9 6.7 6710.7 79  8.0   0  0.0 9.6 0.6
5048519780710 21.0  6.9  0.009900  3.9-99.9-99.9-99.9 8.1 8110.8 73  8.1   4  3.211.0 0.9
5048519780711 21.3  6.5  0.009900  3.4-99.9-99.9-99.9 8.1 80 9.7 67  6.5   4  3.211.1 0.9
5048519780712 21.5  5.4  0.009900  3.4-99.9-99.9-99.9 8.0 79 9.6 67  6.4   2  1.611.0 0.8
5048519780713 22.2  6.2  0.009900  4.4-99.9-99.9-99.9 5.3 53 9.6 65  6.4   6  4.8 8.4 1.3
5048519780714 17.4  8.6  0.009900  6.2-99.9-99.9-99.9 1.8 1811.0 76  8.4   6  4.8 5.0 1.0
5048519780715 16.4  2.8  0.009900  3.0-99.9-99.9-99.9 8.6 85 8.4 72  4.5   9  7.211.7 0.9
5048519780716 17.6  1.7  0.009900 -0.7-99.9-99.9-99.9 5.8 57 7.9 66  3.6   3  2.4 9.0 0.8
5048519780717 14.7  0.6  0.009900 -3.4-99.9-99.9-99.9 4.8 47 5.7 64 -1.0   4  3.2 8.1 0.9
5048519780718 13.5  1.0  0.009900 -1.1-99.9-99.9-99.9 1.0 10 6.3 60  0.4   4  3.2 4.3 1.0
5048519780719 15.6  3.6  0.519900  0.7-99.9-99.9-99.9 2.6 26 8.5 73  4.6   2  1.6 6.0 0.8
5048519780720 19.5  6.1  0.009900  4.4-99.9-99.9-99.9 5.3 52 9.4 67  6.1   4  3.2 8.7 1.1
5048519780721 16.0  3.0  0.009900  0.9-99.9-99.9-99.9 5.7 56 7.3 60  2.5  11  8.8 9.2 1.4
5048519780722 15.8  1.3  0.009900 -1.2-99.9-99.9-99.9 5.5 54 6.9 69  1.7   4  3.2 9.0 0.9
5048519780723 10.4  4.2  0.009900  0.3-99.9-99.9-99.9 0.0  0 6.5 69  0.9   0  0.0 3.4 0.8
5048519780724 14.6 -1.5  0.009900 -3.7-99.9-99.9-99.9 5.5 53 5.7 59 -1.0   4  3.2 9.1 0.9
5048519780725 14.6 -0.3  0.009900 -2.7-99.9-99.9-99.9 8.8 85 5.9 52 -0.5  11  8.812.6 1.3
5048519780726  9.7  5.3  0.009900  2.7-99.9-99.9-99.9 0.0  0 3.3 31 -8.2   8  6.4 3.5 2.0
5048519780727 14.3  4.1  0.009900  2.2-99.9-99.9-99.9 2.2 21 4.8 46 -3.3   2  1.6 5.8 1.2
5048519780728 15.2  1.1  0.009900  2.5-99.9-99.9-99.9 5.7 55 6.4 57  0.6   4  3.2 9.5 1.0
5048519780729 17.3  0.6  0.009900 -2.8-99.9-99.9-99.9 9.3 89 5.4 53 -1.7   6  4.813.4 1.2
5048519780730 16.0 -0.2  0.009900 -3.9-99.9-99.9-99.9 8.6 82 4.7 44 -3.6   1  0.812.7 0.8
5048519780731 17.6 -0.7  0.009900 -4.4-99.9-99.9-99.9 9.1 87 6.3 60  0.4   3  2.413.3 0.9
5048519780801 18.5 -0.1  0.009900 -3.7-99.9-99.9-99.9 8.5 81 7.0 62  1.9   2  1.612.8 0.9
5048519780802 15.8  3.5  0.009900  1.3-99.9-99.9-99.9 5.8 55 6.1 50  0.0  10  8.0 9.9 1.7
5048519780803 14.5  2.2  0.009900  1.8-99.9-99.9-99.9 7.0 67 4.6 38 -3.8   5  4.011.3 1.3
5048519780804 11.8 -0.5  0.009900 -4.5-99.9-99.9-99.9 7.9 75 5.3 58 -1.9   4  3.212.4 1.0
5048519780805 11.0  0.3  0.009900 -2.0-99.9-99.9-99.9 5.1 48 5.5 61 -1.4   2  1.6 9.4 0.9
5048519780806 13.4 -1.0  0.009900 -4.9-99.9-99.9-99.9 9.1 86 5.4 63 -1.7   2  1.613.8 0.9
5048519780807 17.4  0.0  0.009900 -2.7-99.9-99.9-99.9 9.3 88 5.9 54 -0.5   2  1.614.2 1.0
5048519780808 21.7  0.0  0.009900 -3.9-99.9-99.9-99.9 9.3 87 6.1 48  0.0   1  0.814.3 1.1
5048519780809 24.4  3.0  0.009900  0.0-99.9-99.9-99.9 9.3 87 4.9 36 -3.0   1  0.814.4 1.2
5048519780810 15.0  6.7  0.009900  1.5-99.9-99.9-99.9 0.0  0 5.3 42 -1.9  13 10.4 4.0 2.6
5048519780811 11.7 -1.7  0.009900 -5.4-99.9-99.9-99.9 1.6 15 3.8 43 -6.4   4  3.2 5.8 1.3
5048519780812  9.6 -2.7  0.009900  0.4-99.9-99.9-99.9 5.8 54 4.3 53 -4.7   2  1.610.6 0.9
5048519780813 11.5 -4.8  0.009900 -8.5-99.9-99.9-99.9 9.3 86 4.5 62 -4.1   3  2.414.7 1.0
5048519780814 13.3 -4.9  0.009900 -9.5-99.9-99.9-99.9 8.2 76 4.5 53 -4.1   3  2.413.6 1.1
5048519780815 16.3 -2.6  0.009900 -6.5-99.9-99.9-99.9 9.3 86 4.8 52 -3.3   6  4.814.9 1.5
5048519780816 17.2  0.0  0.009900 -4.0-99.9-99.9-99.9 6.3 58 4.4 42 -4.4   6  4.811.5 1.7
5048519780817 18.2  1.5  0.009900 -1.8-99.9-99.9-99.9 9.2 84 4.5 36 -4.1   9  7.215.0 2.1
5048519780818 13.7  0.8  0.009900 -3.7-99.9-99.9-99.9 9.6 88 3.8 41 -6.4   4  3.215.6 1.5
5048519780819 13.5 -1.6  0.009900 -4.2-99.9-99.9-99.9 9.5 87 3.9 44 -6.0   6  4.815.6 1.6
5048519780820 15.5 -3.1  0.009900 -6.8-99.9-99.9-99.9 9.6 87 4.5 52 -4.1   1  0.815.8 1.2
5048519780821 17.6 -1.9  0.009900 -5.1-99.9-99.9-99.9 9.6 87 5.6 55 -1.2   4  3.215.9 1.5
5048519780822 19.0  0.1  0.009900 -2.7-99.9-99.9-99.9 9.0 81 5.7 45 -1.0   9  7.215.3 2.0
5048519780823 15.0  2.0  0.009900 -1.0-99.9-99.9-99.9 6.8 61 7.5 68  2.9   4  3.212.7 1.4
5048519780824 18.6  0.0  0.009900 -3.5-99.9-99.9-99.9 9.4 85 7.7 65  3.2   3  2.416.0 1.5
5048519780825 19.2  2.1  0.009900  0.0-99.9-99.9-99.9 8.7 78 7.3 58  2.5   4  3.215.3 1.7
5048519780826 21.5  4.2  0.009900  1.4-99.9-99.9-99.9 9.5 85 7.0 43  1.9   6  4.816.4 2.1
5048519780827 24.2  4.5  0.009900  0.3-99.9-99.9-99.9 9.8 87 6.5 43  0.9   4  3.216.8 2.1
5048519780828 17.0  4.7  0.009900  0.3-99.9-99.9-99.9 8.1 72 5.7 40 -1.0  13 10.414.8 2.7
5048519780829 12.0 -0.2  0.009900  3.0-99.9-99.9-99.9 6.3 56 5.9 60 -0.5   4  3.212.6 1.4
5048519780830 15.6 -1.4  0.009900 -4.7-99.9-99.9-99.9 8.7 77 4.6 48 -3.8   6  4.815.8 1.8
5048519780831 21.0 -2.4  0.009900 -5.5-99.9-99.9-99.9 9.0 79 5.8 51 -0.7   2  1.616.3 1.7
5048519780901 16.3  6.0  0.009900  2.8-99.9-99.9-99.9 9.3 82 5.1 36 -2.5   8  6.416.8 2.5
5048519780902 15.0  1.3  0.009900 -3.1-99.9-99.9-99.9 9.4 82 3.9 40 -6.0   4  3.217.0 1.9
5048519780903 15.3 -0.2  0.009900 -4.2-99.9-99.9-99.9 7.7 67 4.4 43 -4.4   1  0.814.9 1.6
5048519780904 20.4  1.5  0.009900 -1.6-99.9-99.9-99.9 9.6 84 5.2 40 -2.2   4  3.217.5 2.1
5048519780905 23.7  2.6  0.009900 -1.7-99.9-99.9-99.9 9.4 82 6.5 47  0.9   4  3.217.4 2.3
5048519780906 22.3  5.8  0.009900  1.5-99.9-99.9-99.9 9.3 81 6.4 37  0.6  12  9.617.3 3.2
5048519780907 20.7  6.8  0.009900  3.0-99.9-99.9-99.9 9.6 83 7.5 48  2.9   4  3.217.9 2.3
5048519780908 19.1  5.0  0.009900  0.8-99.9-99.9-99.9 8.4 72 5.8 41 -0.7  11  8.816.4 3.0
5048519780909 20.0  5.1  0.009900  2.4-99.9-99.9-99.9 9.1 78 7.1 48  2.1   4  3.217.4 2.3
5048519780910 23.7  6.5  0.009900  3.7-99.9-99.9-99.9 9.8 84 7.5 44  2.9   4  3.218.5 2.6
5048519780911 27.2  7.3  0.009900  4.5-99.9-99.9-99.9 9.0 77 8.8 45  5.1   6  4.817.5 2.9
5048519780912 25.8  9.4  0.009900  5.0-99.9-99.9-99.9 4.0 34 4.8 27 -3.3  29 23.210.7 6.6
5048519780913 18.1  5.7  0.009900  5.3-99.9-99.9-99.9 5.8 49 7.7 54  3.2   7  5.613.3 2.3
5048519780914 21.4  2.3  0.009900 -1.7-99.9-99.9-99.9 9.7 82 6.9 49  1.7   8  6.418.8 2.7
5048519780915 26.8  3.6  0.009900 -0.3-99.9-99.9-99.910.0 84 7.3 41  2.5   4  3.219.3 2.7
5048519780916 27.8  7.2  0.009900  3.6-99.9-99.9-99.910.0 84 5.4 26 -1.7   8  6.419.4 3.6
5048519780917 23.0  9.1  0.009900  6.9-99.9-99.9-99.9 9.8 82 5.8 36 -0.7   9  7.219.3 3.6
5048519780918 21.2  2.8  0.009900 -1.5-99.9-99.9-99.910.1 85 5.1 34 -2.5   8  6.419.8 3.1
5048519780919 24.2  4.7  0.009900  2.0-99.9-99.9-99.910.5 88 5.9 36 -0.5   4  3.220.5 2.9
5048519780920 26.1  7.0  0.009900  3.3-99.9-99.9-99.9 8.1 67 5.7 32 -1.0   4  3.217.2 2.9
5048519780921 27.1  9.4  0.009900  4.4-99.9-99.9-99.910.0 83 7.1 35  2.1   4  3.220.0 3.2
5048519780922 30.3  7.5  0.009900  4.0-99.9-99.9-99.910.0 8310.4 43  7.5   6  4.820.1 3.5
5048519780923 28.2 15.0  1.519900 12.2-99.9-99.9-99.910.2 8414.6 60 12.6   7  5.620.5 3.9
5048519780924 19.3 13.5  5.019900 10.0-99.9-99.9-99.9 1.0  816.5 63 14.5   2  1.6 7.2 1.4
5048519780925 17.7  9.3  0.009900 14.7-99.9-99.9-99.9 0.0  015.1 92 13.1  34 27.2 5.8 1.2
5048519780926 21.3  6.5  0.009900  3.7-99.9-99.9-99.910.2 84 9.1 58  5.6   8  6.420.9 3.2
5048519780927 23.3  6.7  0.009900  4.4-99.9-99.9-99.910.4 85 9.1 50  5.6   6  4.821.3 3.2
5048519780928 24.8  8.1  0.009900  4.4-99.9-99.9-99.910.4 85 9.3 47  5.9   6  4.821.4 3.5
5048519780929 27.0  7.7  0.009900  4.5-99.9-99.9-99.910.6 8610.9 51  8.2   2  1.621.8 3.2
5048519780930 30.9  9.4  0.009900  6.4-99.9-99.9-99.910.1 8212.1 50  9.8   2  1.621.1 3.5
5048519781001 21.3 11.3  0.009900 12.6-99.9-99.9-99.910.3 83 7.5 41  2.9   5  4.021.5 3.5
5048519781002 20.0  7.5  0.009900  4.3-99.9-99.9-99.910.5 85 6.9 42  1.7   6  4.822.0 3.4
5048519781003 21.1  3.9  0.009900  0.9-99.9-99.9-99.910.5 84 8.5 53  4.6   4  3.222.1 3.0
5048519781004 23.1  6.4  0.009900  2.4-99.9-99.9-99.9 9.5 7610.8 61  8.1   4  3.220.6 3.1
5048519781005 23.8 10.4  0.009900  8.0-99.9-99.9-99.9 8.7 7012.9 59 10.7   2  1.619.5 3.1
5048519781006 29.5 16.4  0.009900 15.3-99.9-99.9-99.9 7.2 5717.8 69 15.7   2  1.617.3 3.4
5048519781007 31.7 15.1  0.009900 20.4-99.9-99.9-99.910.6 8416.9 55 14.9   4  3.222.6 4.3
5048519781008 28.5 17.2  0.009900 15.0-99.9-99.9-99.910.1 8015.7 55 13.7   9  7.222.0 4.7
5048519781009 26.7 15.4  0.009900 14.5-99.9-99.9-99.9 8.5 67 9.0 39  5.4   2  1.619.6 3.6
5048519781010 30.4 11.6  0.009900  9.7-99.9-99.9-99.910.1 8013.3 50 11.2   6  4.822.1 4.3
5048519781011 22.6 10.4  0.009900 12.4-99.9-99.9-99.9 8.0 63 7.3 44  2.5  24 19.219.0 5.8
5048519781012 20.8  7.2  0.009900  3.6-99.9-99.9-99.910.6 83 5.1 29 -2.5   4  3.223.1 3.5
5048519781013 23.5  6.3  0.009900  2.5-99.9-99.9-99.910.7 84 6.3 35  0.4   6  4.823.4 3.8
5048519781014 27.5  5.8  0.009900  3.6-99.9-99.9-99.910.7 83 9.9 41  6.8  21 16.823.5 5.4
5048519781015 21.1  5.9  0.009900  2.7-99.9-99.9-99.910.2 79 8.7 42  5.0   2  1.622.8 3.2
5048519781016 26.5  5.3  0.009900  1.3-99.9-99.9-99.910.9 85 8.3 41  4.3   4  3.224.0 3.8
5048519781017 19.2 10.3  0.009900  9.5-99.9-99.9-99.9 7.8 60 7.6 48  3.0  10  8.019.1 3.9
5048519781018 22.2  5.6  0.009900  3.5-99.9-99.9-99.9 9.9 76 8.6 48  4.8   6  4.822.6 3.6
5048519781019 21.2  8.3  0.009900  5.7-99.9-99.9-99.9 6.8 5211.5 69  9.0   6  4.817.7 3.1
5048519781020 29.0  8.4  0.009900  6.5-99.9-99.9-99.9 6.7 5112.6 54 10.4   6  4.817.6 3.6
5048519781021 30.1 13.6  0.009900 10.5-99.9-99.9-99.911.3 8713.5 46 11.4   4  3.225.1 4.7
5048519781022 31.3 14.9  0.009900 11.5-99.9-99.9-99.911.4 8713.8 45 11.8   6  4.825.3 5.1
5048519781023 33.5 16.5  0.009900 14.4-99.9-99.9-99.911.3 8615.2 46 13.2   4  3.225.2 5.1
5048519781024 26.9 14.0  0.009900 11.0-99.9-99.9-99.911.7 89 9.0 37  5.4   4  3.226.0 4.6
5048519781025 27.0 10.1  0.009900  6.9-99.9-99.9-99.910.3 78 9.5 38  6.2   8  6.423.8 4.7
5048519781026 27.9 12.0  0.009900 10.3-99.9-99.9-99.911.7 89 9.8 40  6.7   8  6.426.1 5.1
5048519781027 32.8 11.7  0.009900  9.2-99.9-99.9-99.911.2 8513.6 46 11.5   4  3.225.4 4.8
5048519781028 33.7 10.7  0.009900  8.3-99.9-99.9-99.911.2 8410.9 35  8.2   7  5.625.5 5.2
5048519781029 22.5  8.7  0.009900  5.2-99.9-99.9-99.911.2 84 7.6 43  3.0   2  1.625.5 3.9
5048519781030 27.0  8.6  0.009900  5.3-99.9-99.9-99.911.7 88 7.8 38  3.4   8  6.426.4 4.9
5048519781031 27.2 10.1  0.009900  8.6-99.9-99.9-99.911.7 88 8.5 36  4.6   6  4.826.5 4.8
5048519781101 29.7 13.6  0.009900 11.0-99.9-99.9-99.911.4 8511.7 47  9.3   4  3.226.1 4.9
5048519781102 26.0 11.0  0.009900 10.4-99.9-99.9-99.9 7.9 5913.1 57 11.0  20 16.020.4 5.1
5048519781103 23.6 10.4  0.009900  7.9-99.9-99.9-99.9 7.1 5313.5 67 11.4   2  1.619.1 3.3
5048519781104 32.0 10.0  0.009900  6.7-99.9-99.9-99.911.9 8811.5 43  9.0   4  3.227.1 5.0
5048519781105 37.0 13.0  0.009900  9.3-99.9-99.9-99.911.9 8811.0 32  8.4   2  1.627.2 5.1
5048519781106 30.3 18.4  0.009900 16.9-99.9-99.9-99.9 8.7 6413.2 40 11.1  16 12.821.9 6.4
5048519781107 31.8 14.1  0.009900 12.7-99.9-99.9-99.911.7 8615.1 49 13.1   4  3.227.0 5.3
5048519781108 32.0 18.7  0.009900 16.0-99.9-99.9-99.911.7 8610.8 33  8.1   8  6.427.0 6.1
5048519781109 28.8 16.0  0.009900 15.0-99.9-99.9-99.910.9 80 9.6 37  6.4   4  3.225.8 5.0
5048519781110 27.0 13.8  0.009900 11.9-99.9-99.9-99.912.0 88 8.1 34  3.9   4  3.227.7 5.0
5048519781111 26.2 11.8  0.009900  8.7-99.9-99.9-99.911.2 82 6.7 30  1.3   8  6.426.4 5.3
5048519781112 29.6  8.3  0.009900  6.1-99.9-99.9-99.911.0 8011.2 42  8.6   1  0.826.1 4.4
5048519781113 28.7 14.2  0.009900 13.1-99.9-99.9-99.911.5 8412.2 44  9.9  11  8.827.0 5.9
5048519781114 27.8 13.0  0.009900 11.0-99.9-99.9-99.911.3 8213.5 53 11.4   6  4.826.7 5.1
5048519781115 29.3 13.1  0.009900 10.4-99.9-99.9-99.9 9.3 6714.9 63 12.9  11  8.823.4 5.3
5048519781116 23.0 11.8  0.009900 10.3-99.9-99.9-99.9 3.2 2313.9 65 11.9   9  7.213.1 3.1
5048519781117 27.5  9.9  0.009900  6.9-99.9-99.9-99.9 7.1 5111.1 47  8.5   4  3.219.7 4.0
5048519781118 28.6 14.0  0.009900  6.8-99.9-99.9-99.911.9 86 8.3 33  4.3   9  7.227.9 6.0
5048519781119 27.5  9.9  0.009900  6.1-99.9-99.9-99.911.4 82 8.7 36  5.0   9  7.227.1 5.5
5048519781120 23.6  9.4  0.009900  7.0-99.9-99.9-99.912.0 86 7.8 37  3.4   8  6.428.2 5.2
5048519781121 25.8  9.2  0.009900  6.5-99.9-99.9-99.912.1 87 7.8 34  3.4   8  6.428.4 5.4
5048519781122 25.3 10.6  0.009900  7.7-99.9-99.9-99.912.0 8611.2 50  8.6   2  1.628.3 4.7
5048519781123 31.6  9.9  0.009900  7.5-99.9-99.9-99.912.1 8714.2 47 12.2   6  4.828.5 5.5
5048519781124 33.3 14.6  0.009900 12.5-99.9-99.9-99.912.0 8618.8 53 16.5   2  1.628.3 5.6
5048519781125 27.0 11.3  0.519900 17.0-99.9-99.9-99.9 8.5 6115.0 63 13.0  10  8.022.4 4.6
5048519781126 30.7  9.4  0.009900  6.1-99.9-99.9-99.912.0 8510.4 43  7.5   3  2.428.4 5.1
5048519781127 30.2 11.6  0.009900  7.1-99.9-99.9-99.912.0 85 9.0 35  5.4   2  1.628.4 5.1
5048519781128 35.8 11.3  0.009900  8.0-99.9-99.9-99.912.0 8512.7 35 10.5   6  4.828.5 6.0
5048519781129 34.3 16.0  0.009900 14.0-99.9-99.9-99.911.0 7814.8 42 12.8   4  3.226.8 5.7
5048519781130 34.7 19.0  0.009900 17.0-99.9-99.9-99.912.1 8614.3 38 12.3  10  8.028.7 7.1
5048519781201-99.9-99.9-99.999999-99.9-99.9-99.9-99.9-9.9 99-9.9-99-99.9 -99-99.9-9.9-9.9
5048519781202-99.9-99.9-99.999999-99.9-99.9-99.9-99.9-9.9 99-9.9-99-99.9 -99-99.9-9.9-9.9
5048519781203-99.9-99.9-99.999999-99.9-99.9-99.9-99.9-9.9 99-9.9-99-99.9 -99-99.9-9.9-9.9
5048519781204-99.9-99.9-99.999999-99.9-99.9-99.9-99.9-9.9 99-9.9-99-99.9 -99-99.9-9.9-9.9
5048519781205-99.9-99.9-99.999999-99.9-99.9-99.9-99.9-9.9 99-9.9-99-99.9 -99-99.9-9.9-9.9
5048519781206-99.9-99.9-99.999999-99.9-99.9-99.9-99.9-9.9 99-9.9-99-99.9 -99-99.9-9.9-9.9
5048519781207-99.9-99.9-99.999999-99.9-99.9-99.9-99.9-9.9 99-9.9-99-99.9 -99-99.9-9.9-9.9
5048519781208-99.9-99.9-99.999999-99.9-99.9-99.9-99.9-9.9 99-9.9-99-99.9 -99-99.9-9.9-9.9
5048519781209-99.9-99.9-99.999999-99.9-99.9-99.9-99.9-9.9 99-9.9-99-99.9 -99-99.9-9.9-9.9
5048519781210-99.9-99.9-99.999999-99.9-99.9-99.9-99.9-9.9 99-9.9-99-99.9 -99-99.9-9.9-9.9
5048519781211-99.9-99.9-99.999999-99.9-99.9-99.9-99.9-9.9 99-9.9-99-99.9 -99-99.9-9.9-9.9
5048519781212-99.9-99.9-99.999999-99.9-99.9-99.9-99.9-9.9 99-9.9-99-99.9 -99-99.9-9.9-9.9
5048519781213-99.9-99.9-99.999999-99.9-99.9-99.9-99.9-9.9 99-9.9-99-99.9 -99-99.9-9.9-9.9
5048519781214-99.9-99.9-99.999999-99.9-99.9-99.9-99.9-9.9 99-9.9-99-99.9 -99-99.9-9.9-9.9
5048519781215-99.9-99.9-99.999999-99.9-99.9-99.9-99.9-9.9 99-9.9-99-99.9 -99-99.9-9.9-9.9
5048519781216-99.9-99.9-99.999999-99.9-99.9-99.9-99.9-9.9 99-9.9-99-99.9 -99-99.9-9.9-9.9
5048519781217-99.9-99.9-99.999999-99.9-99.9-99.9-99.9-9.9 99-9.9-99-99.9 -99-99.9-9.9-9.9
5048519781218-99.9-99.9-99.999999-99.9-99.9-99.9-99.9-9.9 99-9.9-99-99.9 -99-99.9-9.9-9.9
5048519781219-99.9-99.9-99.999999-99.9-99.9-99.9-99.9-9.9 99-9.9-99-99.9 -99-99.9-9.9-9.9
5048519781220-99.9-99.9-99.999999-99.9-99.9-99.9-99.9-9.9 99-9.9-99-99.9 -99-99.9-9.9-9.9
5048519781221-99.9-99.9-99.999999-99.9-99.9-99.9-99.9-9.9 99-9.9-99-99.9 -99-99.9-9.9-9.9
5048519781222-99.9-99.9-99.999999-99.9-99.9-99.9-99.9-9.9 99-9.9-99-99.9 -99-99.9-9.9-9.9
5048519781223-99.9-99.9-99.999999-99.9-99.9-99.9-99.9-9.9 99-9.9-99-99.9 -99-99.9-9.9-9.9
5048519781224-99.9-99.9-99.999999-99.9-99.9-99.9-99.9-9.9 99-9.9-99-99.9 -99-99.9-9.9-9.9
5048519781225-99.9-99.9-99.999999-99.9-99.9-99.9-99.9-9.9 99-9.9-99-99.9 -99-99.9-9.9-9.9
5048519781226-99.9-99.9-99.999999-99.9-99.9-99.9-99.9-9.9 99-9.9-99-99.9 -99-99.9-9.9-9.9
5048519781227-99.9-99.9-99.999999-99.9-99.9-99.9-99.9-9.9 99-9.9-99-99.9 -99-99.9-9.9-9.9
5048519781228-99.9-99.9-99.999999-99.9-99.9-99.9-99.9-9.9 99-9.9-99-99.9 -99-99.9-9.9-9.9
5048519781229-99.9-99.9-99.999999-99.9-99.9-99.9-99.9-9.9 99-9.9-99-99.9 -99-99.9-9.9-9.9
5048519781230-99.9-99.9-99.999999-99.9-99.9-99.9-99.9-9.9 99-9.9-99-99.9 -99-99.9-9.9-9.9
5048519781231-99.9-99.9-99.999999-99.9-99.9-99.9-99.9-9.9 99-9.9-99-99.9 -99-99.9-9.9-9.9
5048519790101-99.9-99.9-99.999999-99.9-99.9-99.9-99.9-9.9 99-9.9-99-99.9 -99-99.9-9.9-9.9
5048519790102-99.9-99.9-99.999999-99.9-99.9-99.9-99.9-9.9 99-9.9-99-99.9 -99-99.9-9.9-9.9
5048519790103-99.9-99.9-99.999999-99.9-99.9-99.9-99.9-9.9 99-9.9-99-99.9 -99-99.9-9.9-9.9
5048519790104-99.9-99.9-99.999999-99.9-99.9-99.9-99.9-9.9 99-9.9-99-99.9 -99-99.9-9.9-9.9
5048519790105-99.9-99.9-99.999999-99.9-99.9-99.9-99.9-9.9 99-9.9-99-99.9 -99-99.9-9.9-9.9
5048519790106-99.9-99.9-99.999999-99.9-99.9-99.9-99.9-9.9 99-9.9-99-99.9 -99-99.9-9.9-9.9
5048519790107-99.9-99.9-99.999999-99.9-99.9-99.9-99.9-9.9 99-9.9-99-99.9 -99-99.9-9.9-9.9
5048519790108-99.9-99.9-99.999999-99.9-99.9-99.9-99.9-9.9 99-9.9-99-99.9 -99-99.9-9.9-9.9
5048519790109-99.9-99.9-99.999999-99.9-99.9-99.9-99.9-9.9 99-9.9-99-99.9 -99-99.9-9.9-9.9
5048519790110-99.9-99.9-99.999999-99.9-99.9-99.9-99.9-9.9 99-9.9-99-99.9 -99-99.9-9.9-9.9
5048519790111-99.9-99.9-99.999999-99.9-99.9-99.9-99.9-9.9 99-9.9-99-99.9 -99-99.9-9.9-9.9
5048519790112-99.9-99.9-99.999999-99.9-99.9-99.9-99.9-9.9 99-9.9-99-99.9 -99-99.9-9.9-9.9
5048519790113-99.9-99.9-99.999999-99.9-99.9-99.9-99.9-9.9 99-9.9-99-99.9 -99-99.9-9.9-9.9
5048519790114-99.9-99.9-99.999999-99.9-99.9-99.9-99.9-9.9 99-9.9-99-99.9 -99-99.9-9.9-9.9
5048519790115-99.9-99.9-99.999999-99.9-99.9-99.9-99.9-9.9 99-9.9-99-99.9 -99-99.9-9.9-9.9
5048519790116-99.9-99.9-99.999999-99.9-99.9-99.9-99.9-9.9 99-9.9-99-99.9 -99-99.9-9.9-9.9
5048519790117-99.9-99.9-99.999999-99.9-99.9-99.9-99.9-9.9 99-9.9-99-99.9 -99-99.9-9.9-9.9
5048519790118-99.9-99.9-99.999999-99.9-99.9-99.9-99.9-9.9 99-9.9-99-99.9 -99-99.9-9.9-9.9
5048519790119-99.9-99.9-99.999999-99.9-99.9-99.9-99.9-9.9 99-9.9-99-99.9 -99-99.9-9.9-9.9
5048519790120-99.9-99.9-99.999999-99.9-99.9-99.9-99.9-9.9 99-9.9-99-99.9 -99-99.9-9.9-9.9
5048519790121-99.9-99.9-99.999999-99.9-99.9-99.9-99.9-9.9 99-9.9-99-99.9 -99-99.9-9.9-9.9
5048519790122-99.9-99.9-99.999999-99.9-99.9-99.9-99.9-9.9 99-9.9-99-99.9 -99-99.9-9.9-9.9
5048519790123-99.9-99.9-99.999999-99.9-99.9-99.9-99.9-9.9 99-9.9-99-99.9 -99-99.9-9.9-9.9
5048519790124-99.9-99.9-99.999999-99.9-99.9-99.9-99.9-9.9 99-9.9-99-99.9 -99-99.9-9.9-9.9
5048519790125-99.9-99.9-99.999999-99.9-99.9-99.9-99.9-9.9 99-9.9-99-99.9 -99-99.9-9.9-9.9
5048519790126-99.9-99.9-99.999999-99.9-99.9-99.9-99.9-9.9 99-9.9-99-99.9 -99-99.9-9.9-9.9
5048519790127-99.9-99.9-99.999999-99.9-99.9-99.9-99.9-9.9 99-9.9-99-99.9 -99-99.9-9.9-9.9
5048519790128-99.9-99.9-99.999999-99.9-99.9-99.9-99.9-9.9 99-9.9-99-99.9 -99-99.9-9.9-9.9
5048519790129-99.9-99.9-99.999999-99.9-99.9-99.9-99.9-9.9 99-9.9-99-99.9 -99-99.9-9.9-9.9
5048519790130-99.9-99.9-99.999999-99.9-99.9-99.9-99.9-9.9 99-9.9-99-99.9 -99-99.9-9.9-9.9
5048519790131-99.9-99.9-99.999999-99.9-99.9-99.9-99.9-9.9 99-9.9-99-99.9 -99-99.9-9.9-9.9
5048519790201-99.9-99.9-99.999999-99.9-99.9-99.9-99.9-9.9 99-9.9-99-99.9 -99-99.9-9.9-9.9
5048519790202-99.9-99.9-99.999999-99.9-99.9-99.9-99.9-9.9 99-9.9-99-99.9 -99-99.9-9.9-9.9
5048519790203-99.9-99.9-99.999999-99.9-99.9-99.9-99.9-9.9 99-9.9-99-99.9 -99-99.9-9.9-9.9
5048519790204-99.9-99.9-99.999999-99.9-99.9-99.9-99.9-9.9 99-9.9-99-99.9 -99-99.9-9.9-9.9
5048519790205-99.9-99.9-99.999999-99.9-99.9-99.9-99.9-9.9 99-9.9-99-99.9 -99-99.9-9.9-9.9
5048519790206-99.9-99.9-99.999999-99.9-99.9-99.9-99.9-9.9 99-9.9-99-99.9 -99-99.9-9.9-9.9
5048519790207-99.9-99.9-99.999999-99.9-99.9-99.9-99.9-9.9 99-9.9-99-99.9 -99-99.9-9.9-9.9
5048519790208-99.9-99.9-99.999999-99.9-99.9-99.9-99.9-9.9 99-9.9-99-99.9 -99-99.9-9.9-9.9
5048519790209-99.9-99.9-99.999999-99.9-99.9-99.9-99.9-9.9 99-9.9-99-99.9 -99-99.9-9.9-9.9
5048519790210-99.9-99.9-99.999999-99.9-99.9-99.9-99.9-9.9 99-9.9-99-99.9 -99-99.9-9.9-9.9
5048519790211-99.9-99.9-99.999999-99.9-99.9-99.9-99.9-9.9 99-9.9-99-99.9 -99-99.9-9.9-9.9
5048519790212-99.9-99.9-99.999999-99.9-99.9-99.9-99.9-9.9 99-9.9-99-99.9 -99-99.9-9.9-9.9
5048519790213-99.9-99.9-99.999999-99.9-99.9-99.9-99.9-9.9 99-9.9-99-99.9 -99-99.9-9.9-9.9
5048519790214-99.9-99.9-99.999999-99.9-99.9-99.9-99.9-9.9 99-9.9-99-99.9 -99-99.9-9.9-9.9
5048519790215-99.9-99.9-99.999999-99.9-99.9-99.9-99.9-9.9 99-9.9-99-99.9 -99-99.9-9.9-9.9
5048519790216-99.9-99.9-99.999999-99.9-99.9-99.9-99.9-9.9 99-9.9-99-99.9 -99-99.9-9.9-9.9
5048519790217-99.9-99.9-99.999999-99.9-99.9-99.9-99.9-9.9 99-9.9-99-99.9 -99-99.9-9.9-9.9
5048519790218-99.9-99.9-99.999999-99.9-99.9-99.9-99.9-9.9 99-9.9-99-99.9 -99-99.9-9.9-9.9
5048519790219-99.9-99.9-99.999999-99.9-99.9-99.9-99.9-9.9 99-9.9-99-99.9 -99-99.9-9.9-9.9
5048519790220-99.9-99.9-99.999999-99.9-99.9-99.9-99.9-9.9 99-9.9-99-99.9 -99-99.9-9.9-9.9
5048519790221-99.9-99.9-99.999999-99.9-99.9-99.9-99.9-9.9 99-9.9-99-99.9 -99-99.9-9.9-9.9
5048519790222-99.9-99.9-99.999999-99.9-99.9-99.9-99.9-9.9 99-9.9-99-99.9 -99-99.9-9.9-9.9
5048519790223-99.9-99.9-99.999999-99.9-99.9-99.9-99.9-9.9 99-9.9-99-99.9 -99-99.9-9.9-9.9
5048519790224-99.9-99.9-99.999999-99.9-99.9-99.9-99.9-9.9 99-9.9-99-99.9 -99-99.9-9.9-9.9
5048519790225-99.9-99.9-99.999999-99.9-99.9-99.9-99.9-9.9 99-9.9-99-99.9 -99-99.9-9.9-9.9
5048519790226-99.9-99.9-99.999999-99.9-99.9-99.9-99.9-9.9 99-9.9-99-99.9 -99-99.9-9.9-9.9
5048519790227-99.9-99.9-99.999999-99.9-99.9-99.9-99.9-9.9 99-9.9-99-99.9 -99-99.9-9.9-9.9
5048519790228-99.9-99.9-99.999999-99.9-99.9-99.9-99.9-9.9 99-9.9-99-99.9 -99-99.9-9.9-9.9
5048519790301-99.9-99.9-99.999999-99.9-99.9-99.9-99.9-9.9 99-9.9-99-99.9 -99-99.9-9.9-9.9
5048519790302-99.9-99.9-99.999999-99.9-99.9-99.9-99.9-9.9 99-9.9-99-99.9 -99-99.9-9.9-9.9
5048519790303-99.9-99.9-99.999999-99.9-99.9-99.9-99.9-9.9 99-9.9-99-99.9 -99-99.9-9.9-9.9
5048519790304-99.9-99.9-99.999999-99.9-99.9-99.9-99.9-9.9 99-9.9-99-99.9 -99-99.9-9.9-9.9
5048519790305-99.9-99.9-99.999999-99.9-99.9-99.9-99.9-9.9 99-9.9-99-99.9 -99-99.9-9.9-9.9
5048519790306-99.9-99.9-99.999999-99.9-99.9-99.9-99.9-9.9 99-9.9-99-99.9 -99-99.9-9.9-9.9
5048519790307-99.9-99.9-99.999999-99.9-99.9-99.9-99.9-9.9 99-9.9-99-99.9 -99-99.9-9.9-9.9
5048519790308-99.9-99.9-99.999999-99.9-99.9-99.9-99.9-9.9 99-9.9-99-99.9 -99-99.9-9.9-9.9
5048519790309-99.9-99.9-99.999999-99.9-99.9-99.9-99.9-9.9 99-9.9-99-99.9 -99-99.9-9.9-9.9
5048519790310-99.9-99.9-99.999999-99.9-99.9-99.9-99.9-9.9 99-9.9-99-99.9 -99-99.9-9.9-9.9
5048519790311-99.9-99.9-99.999999-99.9-99.9-99.9-99.9-9.9 99-9.9-99-99.9 -99-99.9-9.9-9.9
5048519790312-99.9-99.9-99.999999-99.9-99.9-99.9-99.9-9.9 99-9.9-99-99.9 -99-99.9-9.9-9.9
5048519790313-99.9-99.9-99.999999-99.9-99.9-99.9-99.9-9.9 99-9.9-99-99.9 -99-99.9-9.9-9.9
5048519790314-99.9-99.9-99.999999-99.9-99.9-99.9-99.9-9.9 99-9.9-99-99.9 -99-99.9-9.9-9.9
5048519790315-99.9-99.9-99.999999-99.9-99.9-99.9-99.9-9.9 99-9.9-99-99.9 -99-99.9-9.9-9.9
5048519790316-99.9-99.9-99.999999-99.9-99.9-99.9-99.9-9.9 99-9.9-99-99.9 -99-99.9-9.9-9.9
5048519790317-99.9-99.9-99.999999-99.9-99.9-99.9-99.9-9.9 99-9.9-99-99.9 -99-99.9-9.9-9.9
5048519790318-99.9-99.9-99.999999-99.9-99.9-99.9-99.9-9.9 99-9.9-99-99.9 -99-99.9-9.9-9.9
5048519790319-99.9-99.9-99.999999-99.9-99.9-99.9-99.9-9.9 99-9.9-99-99.9 -99-99.9-9.9-9.9
5048519790320-99.9-99.9-99.999999-99.9-99.9-99.9-99.9-9.9 99-9.9-99-99.9 -99-99.9-9.9-9.9
5048519790321-99.9-99.9-99.999999-99.9-99.9-99.9-99.9-9.9 99-9.9-99-99.9 -99-99.9-9.9-9.9
5048519790322-99.9-99.9-99.999999-99.9-99.9-99.9-99.9-9.9 99-9.9-99-99.9 -99-99.9-9.9-9.9
5048519790323-99.9-99.9-99.999999-99.9-99.9-99.9-99.9-9.9 99-9.9-99-99.9 -99-99.9-9.9-9.9
5048519790324-99.9-99.9-99.999999-99.9-99.9-99.9-99.9-9.9 99-9.9-99-99.9 -99-99.9-9.9-9.9
5048519790325-99.9-99.9-99.999999-99.9-99.9-99.9-99.9-9.9 99-9.9-99-99.9 -99-99.9-9.9-9.9
5048519790326-99.9-99.9-99.999999-99.9-99.9-99.9-99.9-9.9 99-9.9-99-99.9 -99-99.9-9.9-9.9
5048519790327-99.9-99.9-99.999999-99.9-99.9-99.9-99.9-9.9 99-9.9-99-99.9 -99-99.9-9.9-9.9
5048519790328-99.9-99.9-99.999999-99.9-99.9-99.9-99.9-9.9 99-9.9-99-99.9 -99-99.9-9.9-9.9
5048519790329-99.9-99.9-99.999999-99.9-99.9-99.9-99.9-9.9 99-9.9-99-99.9 -99-99.9-9.9-9.9
5048519790330-99.9-99.9-99.999999-99.9-99.9-99.9-99.9-9.9 99-9.9-99-99.9 -99-99.9-9.9-9.9
5048519790331-99.9-99.9-99.999999-99.9-99.9-99.9-99.9-9.9 99-9.9-99-99.9 -99-99.9-9.9-9.9
5048519790401-99.9-99.9-99.999999-99.9-99.9-99.9-99.9-9.9 99-9.9-99-99.9 -99-99.9-9.9-9.9
5048519790402-99.9-99.9-99.999999-99.9-99.9-99.9-99.9-9.9 99-9.9-99-99.9 -99-99.9-9.9-9.9
5048519790403-99.9-99.9-99.999999-99.9-99.9-99.9-99.9-9.9 99-9.9-99-99.9 -99-99.9-9.9-9.9
5048519790404-99.9-99.9-99.999999-99.9-99.9-99.9-99.9-9.9 99-9.9-99-99.9 -99-99.9-9.9-9.9
5048519790405-99.9-99.9-99.999999-99.9-99.9-99.9-99.9-9.9 99-9.9-99-99.9 -99-99.9-9.9-9.9
5048519790406-99.9-99.9-99.999999-99.9-99.9-99.9-99.9-9.9 99-9.9-99-99.9 -99-99.9-9.9-9.9
5048519790407-99.9-99.9-99.999999-99.9-99.9-99.9-99.9-9.9 99-9.9-99-99.9 -99-99.9-9.9-9.9
5048519790408-99.9-99.9-99.999999-99.9-99.9-99.9-99.9-9.9 99-9.9-99-99.9 -99-99.9-9.9-9.9
5048519790409-99.9-99.9-99.999999-99.9-99.9-99.9-99.9-9.9 99-9.9-99-99.9 -99-99.9-9.9-9.9
5048519790410-99.9-99.9-99.999999-99.9-99.9-99.9-99.9-9.9 99-9.9-99-99.9 -99-99.9-9.9-9.9
5048519790411-99.9-99.9-99.999999-99.9-99.9-99.9-99.9-9.9 99-9.9-99-99.9 -99-99.9-9.9-9.9
5048519790412-99.9-99.9-99.999999-99.9-99.9-99.9-99.9-9.9 99-9.9-99-99.9 -99-99.9-9.9-9.9
5048519790413-99.9-99.9-99.999999-99.9-99.9-99.9-99.9-9.9 99-9.9-99-99.9 -99-99.9-9.9-9.9
5048519790414-99.9-99.9-99.999999-99.9-99.9-99.9-99.9-9.9 99-9.9-99-99.9 -99-99.9-9.9-9.9
5048519790415-99.9-99.9-99.999999-99.9-99.9-99.9-99.9-9.9 99-9.9-99-99.9 -99-99.9-9.9-9.9
5048519790416-99.9-99.9-99.999999-99.9-99.9-99.9-99.9-9.9 99-9.9-99-99.9 -99-99.9-9.9-9.9
5048519790417-99.9-99.9-99.999999-99.9-99.9-99.9-99.9-9.9 99-9.9-99-99.9 -99-99.9-9.9-9.9
5048519790418-99.9-99.9-99.999999-99.9-99.9-99.9-99.9-9.9 99-9.9-99-99.9 -99-99.9-9.9-9.9
5048519790419-99.9-99.9-99.999999-99.9-99.9-99.9-99.9-9.9 99-9.9-99-99.9 -99-99.9-9.9-9.9
5048519790420-99.9-99.9-99.999999-99.9-99.9-99.9-99.9-9.9 99-9.9-99-99.9 -99-99.9-9.9-9.9
5048519790421-99.9-99.9-99.999999-99.9-99.9-99.9-99.9-9.9 99-9.9-99-99.9 -99-99.9-9.9-9.9
5048519790422-99.9-99.9-99.999999-99.9-99.9-99.9-99.9-9.9 99-9.9-99-99.9 -99-99.9-9.9-9.9
5048519790423-99.9-99.9-99.999999-99.9-99.9-99.9-99.9-9.9 99-9.9-99-99.9 -99-99.9-9.9-9.9
5048519790424-99.9-99.9-99.999999-99.9-99.9-99.9-99.9-9.9 99-9.9-99-99.9 -99-99.9-9.9-9.9
5048519790425-99.9-99.9-99.999999-99.9-99.9-99.9-99.9-9.9 99-9.9-99-99.9 -99-99.9-9.9-9.9
5048519790426-99.9-99.9-99.999999-99.9-99.9-99.9-99.9-9.9 99-9.9-99-99.9 -99-99.9-9.9-9.9
5048519790427-99.9-99.9-99.999999-99.9-99.9-99.9-99.9-9.9 99-9.9-99-99.9 -99-99.9-9.9-9.9
5048519790428-99.9-99.9-99.999999-99.9-99.9-99.9-99.9-9.9 99-9.9-99-99.9 -99-99.9-9.9-9.9
5048519790429-99.9-99.9-99.999999-99.9-99.9-99.9-99.9-9.9 99-9.9-99-99.9 -99-99.9-9.9-9.9
5048519790430-99.9-99.9-99.999999-99.9-99.9-99.9-99.9-9.9 99-9.9-99-99.9 -99-99.9-9.9-9.9
5048519790501-99.9-99.9-99.999999-99.9-99.9-99.9-99.9-9.9 99-9.9-99-99.9 -99-99.9-9.9-9.9
5048519790502-99.9-99.9-99.999999-99.9-99.9-99.9-99.9-9.9 99-9.9-99-99.9 -99-99.9-9.9-9.9
5048519790503-99.9-99.9-99.999999-99.9-99.9-99.9-99.9-9.9 99-9.9-99-99.9 -99-99.9-9.9-9.9
5048519790504-99.9-99.9-99.999999-99.9-99.9-99.9-99.9-9.9 99-9.9-99-99.9 -99-99.9-9.9-9.9
5048519790505-99.9-99.9-99.999999-99.9-99.9-99.9-99.9-9.9 99-9.9-99-99.9 -99-99.9-9.9-9.9
5048519790506-99.9-99.9-99.999999-99.9-99.9-99.9-99.9-9.9 99-9.9-99-99.9 -99-99.9-9.9-9.9
5048519790507-99.9-99.9-99.999999-99.9-99.9-99.9-99.9-9.9 99-9.9-99-99.9 -99-99.9-9.9-9.9
5048519790508-99.9-99.9-99.999999-99.9-99.9-99.9-99.9-9.9 99-9.9-99-99.9 -99-99.9-9.9-9.9
5048519790509-99.9-99.9-99.999999-99.9-99.9-99.9-99.9-9.9 99-9.9-99-99.9 -99-99.9-9.9-9.9
5048519790510-99.9-99.9-99.999999-99.9-99.9-99.9-99.9-9.9 99-9.9-99-99.9 -99-99.9-9.9-9.9
5048519790511-99.9-99.9-99.999999-99.9-99.9-99.9-99.9-9.9 99-9.9-99-99.9 -99-99.9-9.9-9.9
5048519790512-99.9-99.9-99.999999-99.9-99.9-99.9-99.9-9.9 99-9.9-99-99.9 -99-99.9-9.9-9.9
5048519790513-99.9-99.9-99.999999-99.9-99.9-99.9-99.9-9.9 99-9.9-99-99.9 -99-99.9-9.9-9.9
5048519790514-99.9-99.9-99.999999-99.9-99.9-99.9-99.9-9.9 99-9.9-99-99.9 -99-99.9-9.9-9.9
5048519790515-99.9-99.9-99.999999-99.9-99.9-99.9-99.9-9.9 99-9.9-99-99.9 -99-99.9-9.9-9.9
5048519790516-99.9-99.9-99.999999-99.9-99.9-99.9-99.9-9.9 99-9.9-99-99.9 -99-99.9-9.9-9.9
5048519790517-99.9-99.9-99.999999-99.9-99.9-99.9-99.9-9.9 99-9.9-99-99.9 -99-99.9-9.9-9.9
5048519790518-99.9-99.9-99.999999-99.9-99.9-99.9-99.9-9.9 99-9.9-99-99.9 -99-99.9-9.9-9.9
5048519790519-99.9-99.9-99.999999-99.9-99.9-99.9-99.9-9.9 99-9.9-99-99.9 -99-99.9-9.9-9.9
5048519790520-99.9-99.9-99.999999-99.9-99.9-99.9-99.9-9.9 99-9.9-99-99.9 -99-99.9-9.9-9.9
5048519790521-99.9-99.9-99.999999-99.9-99.9-99.9-99.9-9.9 99-9.9-99-99.9 -99-99.9-9.9-9.9
5048519790522-99.9-99.9-99.999999-99.9-99.9-99.9-99.9-9.9 99-9.9-99-99.9 -99-99.9-9.9-9.9
5048519790523-99.9-99.9-99.999999-99.9-99.9-99.9-99.9-9.9 99-9.9-99-99.9 -99-99.9-9.9-9.9
5048519790524-99.9-99.9-99.999999-99.9-99.9-99.9-99.9-9.9 99-9.9-99-99.9 -99-99.9-9.9-9.9
5048519790525-99.9-99.9-99.999999-99.9-99.9-99.9-99.9-9.9 99-9.9-99-99.9 -99-99.9-9.9-9.9
5048519790526-99.9-99.9-99.999999-99.9-99.9-99.9-99.9-9.9 99-9.9-99-99.9 -99-99.9-9.9-9.9
5048519790527-99.9-99.9-99.999999-99.9-99.9-99.9-99.9-9.9 99-9.9-99-99.9 -99-99.9-9.9-9.9
5048519790528-99.9-99.9-99.999999-99.9-99.9-99.9-99.9-9.9 99-9.9-99-99.9 -99-99.9-9.9-9.9
5048519790529-99.9-99.9-99.999999-99.9-99.9-99.9-99.9-9.9 99-9.9-99-99.9 -99-99.9-9.9-9.9
5048519790530-99.9-99.9-99.999999-99.9-99.9-99.9-99.9-9.9 99-9.9-99-99.9 -99-99.9-9.9-9.9
5048519790531-99.9-99.9-99.999999-99.9-99.9-99.9-99.9-9.9 99-9.9-99-99.9 -99-99.9-9.9-9.9
5048519790601-99.9-99.9-99.999999-99.9-99.9-99.9-99.9-9.9 99-9.9-99-99.9 -99-99.9-9.9-9.9
5048519790602-99.9-99.9-99.999999-99.9-99.9-99.9-99.9-9.9 99-9.9-99-99.9 -99-99.9-9.9-9.9
5048519790603-99.9-99.9-99.999999-99.9-99.9-99.9-99.9-9.9 99-9.9-99-99.9 -99-99.9-9.9-9.9
5048519790604-99.9-99.9-99.999999-99.9-99.9-99.9-99.9-9.9 99-9.9-99-99.9 -99-99.9-9.9-9.9
5048519790605-99.9-99.9-99.999999-99.9-99.9-99.9-99.9-9.9 99-9.9-99-99.9 -99-99.9-9.9-9.9
5048519790606-99.9-99.9-99.999999-99.9-99.9-99.9-99.9-9.9 99-9.9-99-99.9 -99-99.9-9.9-9.9
5048519790607-99.9-99.9-99.999999-99.9-99.9-99.9-99.9-9.9 99-9.9-99-99.9 -99-99.9-9.9-9.9
5048519790608-99.9-99.9-99.999999-99.9-99.9-99.9-99.9-9.9 99-9.9-99-99.9 -99-99.9-9.9-9.9
5048519790609-99.9-99.9-99.999999-99.9-99.9-99.9-99.9-9.9 99-9.9-99-99.9 -99-99.9-9.9-9.9
5048519790610-99.9-99.9-99.999999-99.9-99.9-99.9-99.9-9.9 99-9.9-99-99.9 -99-99.9-9.9-9.9
5048519790611-99.9-99.9-99.999999-99.9-99.9-99.9-99.9-9.9 99-9.9-99-99.9 -99-99.9-9.9-9.9
5048519790612-99.9-99.9-99.999999-99.9-99.9-99.9-99.9-9.9 99-9.9-99-99.9 -99-99.9-9.9-9.9
5048519790613-99.9-99.9-99.999999-99.9-99.9-99.9-99.9-9.9 99-9.9-99-99.9 -99-99.9-9.9-9.9
5048519790614-99.9-99.9-99.999999-99.9-99.9-99.9-99.9-9.9 99-9.9-99-99.9 -99-99.9-9.9-9.9
5048519790615-99.9-99.9-99.999999-99.9-99.9-99.9-99.9-9.9 99-9.9-99-99.9 -99-99.9-9.9-9.9
5048519790616-99.9-99.9-99.999999-99.9-99.9-99.9-99.9-9.9 99-9.9-99-99.9 -99-99.9-9.9-9.9
5048519790617-99.9-99.9-99.999999-99.9-99.9-99.9-99.9-9.9 99-9.9-99-99.9 -99-99.9-9.9-9.9
5048519790618-99.9-99.9-99.999999-99.9-99.9-99.9-99.9-9.9 99-9.9-99-99.9 -99-99.9-9.9-9.9
5048519790619-99.9-99.9-99.999999-99.9-99.9-99.9-99.9-9.9 99-9.9-99-99.9 -99-99.9-9.9-9.9
5048519790620-99.9-99.9-99.999999-99.9-99.9-99.9-99.9-9.9 99-9.9-99-99.9 -99-99.9-9.9-9.9
5048519790621-99.9-99.9-99.999999-99.9-99.9-99.9-99.9-9.9 99-9.9-99-99.9 -99-99.9-9.9-9.9
5048519790622-99.9-99.9-99.999999-99.9-99.9-99.9-99.9-9.9 99-9.9-99-99.9 -99-99.9-9.9-9.9
5048519790623-99.9-99.9-99.999999-99.9-99.9-99.9-99.9-9.9 99-9.9-99-99.9 -99-99.9-9.9-9.9
5048519790624-99.9-99.9-99.999999-99.9-99.9-99.9-99.9-9.9 99-9.9-99-99.9 -99-99.9-9.9-9.9
5048519790625-99.9-99.9-99.999999-99.9-99.9-99.9-99.9-9.9 99-9.9-99-99.9 -99-99.9-9.9-9.9
5048519790626-99.9-99.9-99.999999-99.9-99.9-99.9-99.9-9.9 99-9.9-99-99.9 -99-99.9-9.9-9.9
5048519790627-99.9-99.9-99.999999-99.9-99.9-99.9-99.9-9.9 99-9.9-99-99.9 -99-99.9-9.9-9.9
5048519790628-99.9-99.9-99.999999-99.9-99.9-99.9-99.9-9.9 99-9.9-99-99.9 -99-99.9-9.9-9.9
5048519790629-99.9-99.9-99.999999-99.9-99.9-99.9-99.9-9.9 99-9.9-99-99.9 -99-99.9-9.9-9.9
5048519790630-99.9-99.9-99.999999-99.9-99.9-99.9-99.9-9.9 99-9.9-99-99.9 -99-99.9-9.9-9.9
5048519790701-99.9-99.9-99.999999-99.9-99.9-99.9-99.9-9.9 99-9.9-99-99.9 -99-99.9-9.9-9.9
5048519790702-99.9-99.9-99.999999-99.9-99.9-99.9-99.9-9.9 99-9.9-99-99.9 -99-99.9-9.9-9.9
5048519790703-99.9-99.9-99.999999-99.9-99.9-99.9-99.9-9.9 99-9.9-99-99.9 -99-99.9-9.9-9.9
5048519790704-99.9-99.9-99.999999-99.9-99.9-99.9-99.9-9.9 99-9.9-99-99.9 -99-99.9-9.9-9.9
5048519790705-99.9-99.9-99.999999-99.9-99.9-99.9-99.9-9.9 99-9.9-99-99.9 -99-99.9-9.9-9.9
5048519790706-99.9-99.9-99.999999-99.9-99.9-99.9-99.9-9.9 99-9.9-99-99.9 -99-99.9-9.9-9.9
5048519790707-99.9-99.9-99.999999-99.9-99.9-99.9-99.9-9.9 99-9.9-99-99.9 -99-99.9-9.9-9.9
5048519790708-99.9-99.9-99.999999-99.9-99.9-99.9-99.9-9.9 99-9.9-99-99.9 -99-99.9-9.9-9.9
5048519790709-99.9-99.9-99.999999-99.9-99.9-99.9-99.9-9.9 99-9.9-99-99.9 -99-99.9-9.9-9.9
5048519790710-99.9-99.9-99.999999-99.9-99.9-99.9-99.9-9.9 99-9.9-99-99.9 -99-99.9-9.9-9.9
5048519790711-99.9-99.9-99.999999-99.9-99.9-99.9-99.9-9.9 99-9.9-99-99.9 -99-99.9-9.9-9.9
5048519790712-99.9-99.9-99.999999-99.9-99.9-99.9-99.9-9.9 99-9.9-99-99.9 -99-99.9-9.9-9.9
5048519790713-99.9-99.9-99.999999-99.9-99.9-99.9-99.9-9.9 99-9.9-99-99.9 -99-99.9-9.9-9.9
5048519790714-99.9-99.9-99.999999-99.9-99.9-99.9-99.9-9.9 99-9.9-99-99.9 -99-99.9-9.9-9.9
5048519790715-99.9-99.9-99.999999-99.9-99.9-99.9-99.9-9.9 99-9.9-99-99.9 -99-99.9-9.9-9.9
5048519790716-99.9-99.9-99.999999-99.9-99.9-99.9-99.9-9.9 99-9.9-99-99.9 -99-99.9-9.9-9.9
5048519790717-99.9-99.9-99.999999-99.9-99.9-99.9-99.9-9.9 99-9.9-99-99.9 -99-99.9-9.9-9.9
5048519790718-99.9-99.9-99.999999-99.9-99.9-99.9-99.9-9.9 99-9.9-99-99.9 -99-99.9-9.9-9.9
5048519790719-99.9-99.9-99.999999-99.9-99.9-99.9-99.9-9.9 99-9.9-99-99.9 -99-99.9-9.9-9.9
5048519790720-99.9-99.9-99.999999-99.9-99.9-99.9-99.9-9.9 99-9.9-99-99.9 -99-99.9-9.9-9.9
5048519790721-99.9-99.9-99.999999-99.9-99.9-99.9-99.9-9.9 99-9.9-99-99.9 -99-99.9-9.9-9.9
5048519790722-99.9-99.9-99.999999-99.9-99.9-99.9-99.9-9.9 99-9.9-99-99.9 -99-99.9-9.9-9.9
5048519790723-99.9-99.9-99.999999-99.9-99.9-99.9-99.9-9.9 99-9.9-99-99.9 -99-99.9-9.9-9.9
5048519790724-99.9-99.9-99.999999-99.9-99.9-99.9-99.9-9.9 99-9.9-99-99.9 -99-99.9-9.9-9.9
5048519790725-99.9-99.9-99.999999-99.9-99.9-99.9-99.9-9.9 99-9.9-99-99.9 -99-99.9-9.9-9.9
5048519790726-99.9-99.9-99.999999-99.9-99.9-99.9-99.9-9.9 99-9.9-99-99.9 -99-99.9-9.9-9.9
5048519790727-99.9-99.9-99.999999-99.9-99.9-99.9-99.9-9.9 99-9.9-99-99.9 -99-99.9-9.9-9.9
5048519790728-99.9-99.9-99.999999-99.9-99.9-99.9-99.9-9.9 99-9.9-99-99.9 -99-99.9-9.9-9.9
5048519790729-99.9-99.9-99.999999-99.9-99.9-99.9-99.9-9.9 99-9.9-99-99.9 -99-99.9-9.9-9.9
5048519790730-99.9-99.9-99.999999-99.9-99.9-99.9-99.9-9.9 99-9.9-99-99.9 -99-99.9-9.9-9.9
5048519790731-99.9-99.9-99.999999-99.9-99.9-99.9-99.9-9.9 99-9.9-99-99.9 -99-99.9-9.9-9.9
5048519790801-99.9-99.9-99.999999-99.9-99.9-99.9-99.9-9.9 99-9.9-99-99.9 -99-99.9-9.9-9.9
5048519790802-99.9-99.9-99.999999-99.9-99.9-99.9-99.9-9.9 99-9.9-99-99.9 -99-99.9-9.9-9.9
5048519790803-99.9-99.9-99.999999-99.9-99.9-99.9-99.9-9.9 99-9.9-99-99.9 -99-99.9-9.9-9.9
5048519790804-99.9-99.9-99.999999-99.9-99.9-99.9-99.9-9.9 99-9.9-99-99.9 -99-99.9-9.9-9.9
5048519790805-99.9-99.9-99.999999-99.9-99.9-99.9-99.9-9.9 99-9.9-99-99.9 -99-99.9-9.9-9.9
5048519790806-99.9-99.9-99.999999-99.9-99.9-99.9-99.9-9.9 99-9.9-99-99.9 -99-99.9-9.9-9.9
5048519790807-99.9-99.9-99.999999-99.9-99.9-99.9-99.9-9.9 99-9.9-99-99.9 -99-99.9-9.9-9.9
5048519790808-99.9-99.9-99.999999-99.9-99.9-99.9-99.9-9.9 99-9.9-99-99.9 -99-99.9-9.9-9.9
5048519790809-99.9-99.9-99.999999-99.9-99.9-99.9-99.9-9.9 99-9.9-99-99.9 -99-99.9-9.9-9.9
5048519790810-99.9-99.9-99.999999-99.9-99.9-99.9-99.9-9.9 99-9.9-99-99.9 -99-99.9-9.9-9.9
5048519790811-99.9-99.9-99.999999-99.9-99.9-99.9-99.9-9.9 99-9.9-99-99.9 -99-99.9-9.9-9.9
5048519790812-99.9-99.9-99.999999-99.9-99.9-99.9-99.9-9.9 99-9.9-99-99.9 -99-99.9-9.9-9.9
5048519790813-99.9-99.9-99.999999-99.9-99.9-99.9-99.9-9.9 99-9.9-99-99.9 -99-99.9-9.9-9.9
5048519790814-99.9-99.9-99.999999-99.9-99.9-99.9-99.9-9.9 99-9.9-99-99.9 -99-99.9-9.9-9.9
5048519790815-99.9-99.9-99.999999-99.9-99.9-99.9-99.9-9.9 99-9.9-99-99.9 -99-99.9-9.9-9.9
5048519790816-99.9-99.9-99.999999-99.9-99.9-99.9-99.9-9.9 99-9.9-99-99.9 -99-99.9-9.9-9.9
5048519790817-99.9-99.9-99.999999-99.9-99.9-99.9-99.9-9.9 99-9.9-99-99.9 -99-99.9-9.9-9.9
5048519790818-99.9-99.9-99.999999-99.9-99.9-99.9-99.9-9.9 99-9.9-99-99.9 -99-99.9-9.9-9.9
5048519790819-99.9-99.9-99.999999-99.9-99.9-99.9-99.9-9.9 99-9.9-99-99.9 -99-99.9-9.9-9.9
5048519790820-99.9-99.9-99.999999-99.9-99.9-99.9-99.9-9.9 99-9.9-99-99.9 -99-99.9-9.9-9.9
5048519790821-99.9-99.9-99.999999-99.9-99.9-99.9-99.9-9.9 99-9.9-99-99.9 -99-99.9-9.9-9.9
5048519790822-99.9-99.9-99.999999-99.9-99.9-99.9-99.9-9.9 99-9.9-99-99.9 -99-99.9-9.9-9.9
5048519790823-99.9-99.9-99.999999-99.9-99.9-99.9-99.9-9.9 99-9.9-99-99.9 -99-99.9-9.9-9.9
5048519790824-99.9-99.9-99.999999-99.9-99.9-99.9-99.9-9.9 99-9.9-99-99.9 -99-99.9-9.9-9.9
5048519790825-99.9-99.9-99.999999-99.9-99.9-99.9-99.9-9.9 99-9.9-99-99.9 -99-99.9-9.9-9.9
5048519790826-99.9-99.9-99.999999-99.9-99.9-99.9-99.9-9.9 99-9.9-99-99.9 -99-99.9-9.9-9.9
5048519790827-99.9-99.9-99.999999-99.9-99.9-99.9-99.9-9.9 99-9.9-99-99.9 -99-99.9-9.9-9.9
5048519790828-99.9-99.9-99.999999-99.9-99.9-99.9-99.9-9.9 99-9.9-99-99.9 -99-99.9-9.9-9.9
5048519790829-99.9-99.9-99.999999-99.9-99.9-99.9-99.9-9.9 99-9.9-99-99.9 -99-99.9-9.9-9.9
5048519790830-99.9-99.9-99.999999-99.9-99.9-99.9-99.9-9.9 99-9.9-99-99.9 -99-99.9-9.9-9.9
5048519790831-99.9-99.9-99.999999-99.9-99.9-99.9-99.9-9.9 99-9.9-99-99.9 -99-99.9-9.9-9.9
5048519790901-99.9-99.9-99.999999-99.9-99.9-99.9-99.9-9.9 99-9.9-99-99.9 -99-99.9-9.9-9.9
5048519790902-99.9-99.9-99.999999-99.9-99.9-99.9-99.9-9.9 99-9.9-99-99.9 -99-99.9-9.9-9.9
5048519790903-99.9-99.9-99.999999-99.9-99.9-99.9-99.9-9.9 99-9.9-99-99.9 -99-99.9-9.9-9.9
5048519790904-99.9-99.9-99.999999-99.9-99.9-99.9-99.9-9.9 99-9.9-99-99.9 -99-99.9-9.9-9.9
5048519790905-99.9-99.9-99.999999-99.9-99.9-99.9-99.9-9.9 99-9.9-99-99.9 -99-99.9-9.9-9.9
5048519790906-99.9-99.9-99.999999-99.9-99.9-99.9-99.9-9.9 99-9.9-99-99.9 -99-99.9-9.9-9.9
5048519790907-99.9-99.9-99.999999-99.9-99.9-99.9-99.9-9.9 99-9.9-99-99.9 -99-99.9-9.9-9.9
5048519790908-99.9-99.9-99.999999-99.9-99.9-99.9-99.9-9.9 99-9.9-99-99.9 -99-99.9-9.9-9.9
5048519790909-99.9-99.9-99.999999-99.9-99.9-99.9-99.9-9.9 99-9.9-99-99.9 -99-99.9-9.9-9.9
5048519790910-99.9-99.9-99.999999-99.9-99.9-99.9-99.9-9.9 99-9.9-99-99.9 -99-99.9-9.9-9.9
5048519790911-99.9-99.9-99.999999-99.9-99.9-99.9-99.9-9.9 99-9.9-99-99.9 -99-99.9-9.9-9.9
5048519790912-99.9-99.9-99.999999-99.9-99.9-99.9-99.9-9.9 99-9.9-99-99.9 -99-99.9-9.9-9.9
5048519790913-99.9-99.9-99.999999-99.9-99.9-99.9-99.9-9.9 99-9.9-99-99.9 -99-99.9-9.9-9.9
5048519790914-99.9-99.9-99.999999-99.9-99.9-99.9-99.9-9.9 99-9.9-99-99.9 -99-99.9-9.9-9.9
5048519790915-99.9-99.9-99.999999-99.9-99.9-99.9-99.9-9.9 99-9.9-99-99.9 -99-99.9-9.9-9.9
5048519790916-99.9-99.9-99.999999-99.9-99.9-99.9-99.9-9.9 99-9.9-99-99.9 -99-99.9-9.9-9.9
5048519790917-99.9-99.9-99.999999-99.9-99.9-99.9-99.9-9.9 99-9.9-99-99.9 -99-99.9-9.9-9.9
5048519790918-99.9-99.9-99.999999-99.9-99.9-99.9-99.9-9.9 99-9.9-99-99.9 -99-99.9-9.9-9.9
5048519790919-99.9-99.9-99.999999-99.9-99.9-99.9-99.9-9.9 99-9.9-99-99.9 -99-99.9-9.9-9.9
5048519790920-99.9-99.9-99.999999-99.9-99.9-99.9-99.9-9.9 99-9.9-99-99.9 -99-99.9-9.9-9.9
5048519790921-99.9-99.9-99.999999-99.9-99.9-99.9-99.9-9.9 99-9.9-99-99.9 -99-99.9-9.9-9.9
5048519790922-99.9-99.9-99.999999-99.9-99.9-99.9-99.9-9.9 99-9.9-99-99.9 -99-99.9-9.9-9.9
5048519790923-99.9-99.9-99.999999-99.9-99.9-99.9-99.9-9.9 99-9.9-99-99.9 -99-99.9-9.9-9.9
5048519790924-99.9-99.9-99.999999-99.9-99.9-99.9-99.9-9.9 99-9.9-99-99.9 -99-99.9-9.9-9.9
5048519790925-99.9-99.9-99.999999-99.9-99.9-99.9-99.9-9.9 99-9.9-99-99.9 -99-99.9-9.9-9.9
5048519790926-99.9-99.9-99.999999-99.9-99.9-99.9-99.9-9.9 99-9.9-99-99.9 -99-99.9-9.9-9.9
5048519790927-99.9-99.9-99.999999-99.9-99.9-99.9-99.9-9.9 99-9.9-99-99.9 -99-99.9-9.9-9.9
5048519790928-99.9-99.9-99.999999-99.9-99.9-99.9-99.9-9.9 99-9.9-99-99.9 -99-99.9-9.9-9.9
5048519790929-99.9-99.9-99.999999-99.9-99.9-99.9-99.9-9.9 99-9.9-99-99.9 -99-99.9-9.9-9.9
5048519790930-99.9-99.9-99.999999-99.9-99.9-99.9-99.9-9.9 99-9.9-99-99.9 -99-99.9-9.9-9.9
5048519791001-99.9-99.9-99.999999-99.9-99.9-99.9-99.9-9.9 99-9.9-99-99.9 -99-99.9-9.9-9.9
5048519791002-99.9-99.9-99.999999-99.9-99.9-99.9-99.9-9.9 99-9.9-99-99.9 -99-99.9-9.9-9.9
5048519791003-99.9-99.9-99.999999-99.9-99.9-99.9-99.9-9.9 99-9.9-99-99.9 -99-99.9-9.9-9.9
5048519791004-99.9-99.9-99.999999-99.9-99.9-99.9-99.9-9.9 99-9.9-99-99.9 -99-99.9-9.9-9.9
5048519791005-99.9-99.9-99.999999-99.9-99.9-99.9-99.9-9.9 99-9.9-99-99.9 -99-99.9-9.9-9.9
5048519791006-99.9-99.9-99.999999-99.9-99.9-99.9-99.9-9.9 99-9.9-99-99.9 -99-99.9-9.9-9.9
5048519791007-99.9-99.9-99.999999-99.9-99.9-99.9-99.9-9.9 99-9.9-99-99.9 -99-99.9-9.9-9.9
5048519791008-99.9-99.9-99.999999-99.9-99.9-99.9-99.9-9.9 99-9.9-99-99.9 -99-99.9-9.9-9.9
5048519791009-99.9-99.9-99.999999-99.9-99.9-99.9-99.9-9.9 99-9.9-99-99.9 -99-99.9-9.9-9.9
5048519791010-99.9-99.9-99.999999-99.9-99.9-99.9-99.9-9.9 99-9.9-99-99.9 -99-99.9-9.9-9.9
5048519791011-99.9-99.9-99.999999-99.9-99.9-99.9-99.9-9.9 99-9.9-99-99.9 -99-99.9-9.9-9.9
5048519791012-99.9-99.9-99.999999-99.9-99.9-99.9-99.9-9.9 99-9.9-99-99.9 -99-99.9-9.9-9.9
5048519791013-99.9-99.9-99.999999-99.9-99.9-99.9-99.9-9.9 99-9.9-99-99.9 -99-99.9-9.9-9.9
5048519791014-99.9-99.9-99.999999-99.9-99.9-99.9-99.9-9.9 99-9.9-99-99.9 -99-99.9-9.9-9.9
5048519791015-99.9-99.9-99.999999-99.9-99.9-99.9-99.9-9.9 99-9.9-99-99.9 -99-99.9-9.9-9.9
5048519791016-99.9-99.9-99.999999-99.9-99.9-99.9-99.9-9.9 99-9.9-99-99.9 -99-99.9-9.9-9.9
5048519791017-99.9-99.9-99.999999-99.9-99.9-99.9-99.9-9.9 99-9.9-99-99.9 -99-99.9-9.9-9.9
5048519791018-99.9-99.9-99.999999-99.9-99.9-99.9-99.9-9.9 99-9.9-99-99.9 -99-99.9-9.9-9.9
5048519791019-99.9-99.9-99.999999-99.9-99.9-99.9-99.9-9.9 99-9.9-99-99.9 -99-99.9-9.9-9.9
5048519791020-99.9-99.9-99.999999-99.9-99.9-99.9-99.9-9.9 99-9.9-99-99.9 -99-99.9-9.9-9.9
5048519791021-99.9-99.9-99.999999-99.9-99.9-99.9-99.9-9.9 99-9.9-99-99.9 -99-99.9-9.9-9.9
5048519791022-99.9-99.9-99.999999-99.9-99.9-99.9-99.9-9.9 99-9.9-99-99.9 -99-99.9-9.9-9.9
5048519791023-99.9-99.9-99.999999-99.9-99.9-99.9-99.9-9.9 99-9.9-99-99.9 -99-99.9-9.9-9.9
5048519791024-99.9-99.9-99.999999-99.9-99.9-99.9-99.9-9.9 99-9.9-99-99.9 -99-99.9-9.9-9.9
5048519791025-99.9-99.9-99.999999-99.9-99.9-99.9-99.9-9.9 99-9.9-99-99.9 -99-99.9-9.9-9.9
5048519791026-99.9-99.9-99.999999-99.9-99.9-99.9-99.9-9.9 99-9.9-99-99.9 -99-99.9-9.9-9.9
5048519791027-99.9-99.9-99.999999-99.9-99.9-99.9-99.9-9.9 99-9.9-99-99.9 -99-99.9-9.9-9.9
5048519791028-99.9-99.9-99.999999-99.9-99.9-99.9-99.9-9.9 99-9.9-99-99.9 -99-99.9-9.9-9.9
5048519791029-99.9-99.9-99.999999-99.9-99.9-99.9-99.9-9.9 99-9.9-99-99.9 -99-99.9-9.9-9.9
5048519791030-99.9-99.9-99.999999-99.9-99.9-99.9-99.9-9.9 99-9.9-99-99.9 -99-99.9-9.9-9.9
5048519791031-99.9-99.9-99.999999-99.9-99.9-99.9-99.9-9.9 99-9.9-99-99.9 -99-99.9-9.9-9.9
5048519791101-99.9-99.9-99.999999-99.9-99.9-99.9-99.9-9.9 99-9.9-99-99.9 -99-99.9-9.9-9.9
5048519791102-99.9-99.9-99.999999-99.9-99.9-99.9-99.9-9.9 99-9.9-99-99.9 -99-99.9-9.9-9.9
5048519791103-99.9-99.9-99.999999-99.9-99.9-99.9-99.9-9.9 99-9.9-99-99.9 -99-99.9-9.9-9.9
5048519791104-99.9-99.9-99.999999-99.9-99.9-99.9-99.9-9.9 99-9.9-99-99.9 -99-99.9-9.9-9.9
5048519791105-99.9-99.9-99.999999-99.9-99.9-99.9-99.9-9.9 99-9.9-99-99.9 -99-99.9-9.9-9.9
5048519791106-99.9-99.9-99.999999-99.9-99.9-99.9-99.9-9.9 99-9.9-99-99.9 -99-99.9-9.9-9.9
5048519791107-99.9-99.9-99.999999-99.9-99.9-99.9-99.9-9.9 99-9.9-99-99.9 -99-99.9-9.9-9.9
5048519791108-99.9-99.9-99.999999-99.9-99.9-99.9-99.9-9.9 99-9.9-99-99.9 -99-99.9-9.9-9.9
5048519791109-99.9-99.9-99.999999-99.9-99.9-99.9-99.9-9.9 99-9.9-99-99.9 -99-99.9-9.9-9.9
5048519791110-99.9-99.9-99.999999-99.9-99.9-99.9-99.9-9.9 99-9.9-99-99.9 -99-99.9-9.9-9.9
5048519791111-99.9-99.9-99.999999-99.9-99.9-99.9-99.9-9.9 99-9.9-99-99.9 -99-99.9-9.9-9.9
5048519791112-99.9-99.9-99.999999-99.9-99.9-99.9-99.9-9.9 99-9.9-99-99.9 -99-99.9-9.9-9.9
5048519791113-99.9-99.9-99.999999-99.9-99.9-99.9-99.9-9.9 99-9.9-99-99.9 -99-99.9-9.9-9.9
5048519791114-99.9-99.9-99.999999-99.9-99.9-99.9-99.9-9.9 99-9.9-99-99.9 -99-99.9-9.9-9.9
5048519791115-99.9-99.9-99.999999-99.9-99.9-99.9-99.9-9.9 99-9.9-99-99.9 -99-99.9-9.9-9.9
5048519791116-99.9-99.9-99.999999-99.9-99.9-99.9-99.9-9.9 99-9.9-99-99.9 -99-99.9-9.9-9.9
5048519791117-99.9-99.9-99.999999-99.9-99.9-99.9-99.9-9.9 99-9.9-99-99.9 -99-99.9-9.9-9.9
5048519791118-99.9-99.9-99.999999-99.9-99.9-99.9-99.9-9.9 99-9.9-99-99.9 -99-99.9-9.9-9.9
5048519791119-99.9-99.9-99.999999-99.9-99.9-99.9-99.9-9.9 99-9.9-99-99.9 -99-99.9-9.9-9.9
5048519791120-99.9-99.9-99.999999-99.9-99.9-99.9-99.9-9.9 99-9.9-99-99.9 -99-99.9-9.9-9.9
5048519791121-99.9-99.9-99.999999-99.9-99.9-99.9-99.9-9.9 99-9.9-99-99.9 -99-99.9-9.9-9.9
5048519791122-99.9-99.9-99.999999-99.9-99.9-99.9-99.9-9.9 99-9.9-99-99.9 -99-99.9-9.9-9.9
5048519791123-99.9-99.9-99.999999-99.9-99.9-99.9-99.9-9.9 99-9.9-99-99.9 -99-99.9-9.9-9.9
5048519791124-99.9-99.9-99.999999-99.9-99.9-99.9-99.9-9.9 99-9.9-99-99.9 -99-99.9-9.9-9.9
5048519791125-99.9-99.9-99.999999-99.9-99.9-99.9-99.9-9.9 99-9.9-99-99.9 -99-99.9-9.9-9.9
5048519791126-99.9-99.9-99.999999-99.9-99.9-99.9-99.9-9.9 99-9.9-99-99.9 -99-99.9-9.9-9.9
5048519791127-99.9-99.9-99.999999-99.9-99.9-99.9-99.9-9.9 99-9.9-99-99.9 -99-99.9-9.9-9.9
5048519791128-99.9-99.9-99.999999-99.9-99.9-99.9-99.9-9.9 99-9.9-99-99.9 -99-99.9-9.9-9.9
5048519791129-99.9-99.9-99.999999-99.9-99.9-99.9-99.9-9.9 99-9.9-99-99.9 -99-99.9-9.9-9.9
5048519791130-99.9-99.9-99.999999-99.9-99.9-99.9-99.9-9.9 99-9.9-99-99.9 -99-99.9-9.9-9.9
5048519791201-99.9-99.9-99.999999-99.9-99.9-99.9-99.9-9.9 99-9.9-99-99.9 -99-99.9-9.9-9.9
5048519791202-99.9-99.9-99.999999-99.9-99.9-99.9-99.9-9.9 99-9.9-99-99.9 -99-99.9-9.9-9.9
5048519791203-99.9-99.9-99.999999-99.9-99.9-99.9-99.9-9.9 99-9.9-99-99.9 -99-99.9-9.9-9.9
5048519791204-99.9-99.9-99.999999-99.9-99.9-99.9-99.9-9.9 99-9.9-99-99.9 -99-99.9-9.9-9.9
5048519791205-99.9-99.9-99.999999-99.9-99.9-99.9-99.9-9.9 99-9.9-99-99.9 -99-99.9-9.9-9.9
5048519791206-99.9-99.9-99.999999-99.9-99.9-99.9-99.9-9.9 99-9.9-99-99.9 -99-99.9-9.9-9.9
5048519791207-99.9-99.9-99.999999-99.9-99.9-99.9-99.9-9.9 99-9.9-99-99.9 -99-99.9-9.9-9.9
5048519791208-99.9-99.9-99.999999-99.9-99.9-99.9-99.9-9.9 99-9.9-99-99.9 -99-99.9-9.9-9.9
5048519791209-99.9-99.9-99.999999-99.9-99.9-99.9-99.9-9.9 99-9.9-99-99.9 -99-99.9-9.9-9.9
5048519791210-99.9-99.9-99.999999-99.9-99.9-99.9-99.9-9.9 99-9.9-99-99.9 -99-99.9-9.9-9.9
5048519791211-99.9-99.9-99.999999-99.9-99.9-99.9-99.9-9.9 99-9.9-99-99.9 -99-99.9-9.9-9.9
5048519791212-99.9-99.9-99.999999-99.9-99.9-99.9-99.9-9.9 99-9.9-99-99.9 -99-99.9-9.9-9.9
5048519791213-99.9-99.9-99.999999-99.9-99.9-99.9-99.9-9.9 99-9.9-99-99.9 -99-99.9-9.9-9.9
5048519791214-99.9-99.9-99.999999-99.9-99.9-99.9-99.9-9.9 99-9.9-99-99.9 -99-99.9-9.9-9.9
5048519791215-99.9-99.9-99.999999-99.9-99.9-99.9-99.9-9.9 99-9.9-99-99.9 -99-99.9-9.9-9.9
5048519791216-99.9-99.9-99.999999-99.9-99.9-99.9-99.9-9.9 99-9.9-99-99.9 -99-99.9-9.9-9.9
5048519791217-99.9-99.9-99.999999-99.9-99.9-99.9-99.9-9.9 99-9.9-99-99.9 -99-99.9-9.9-9.9
5048519791218-99.9-99.9-99.999999-99.9-99.9-99.9-99.9-9.9 99-9.9-99-99.9 -99-99.9-9.9-9.9
5048519791219-99.9-99.9-99.999999-99.9-99.9-99.9-99.9-9.9 99-9.9-99-99.9 -99-99.9-9.9-9.9
5048519791220-99.9-99.9-99.999999-99.9-99.9-99.9-99.9-9.9 99-9.9-99-99.9 -99-99.9-9.9-9.9
5048519791221-99.9-99.9-99.999999-99.9-99.9-99.9-99.9-9.9 99-9.9-99-99.9 -99-99.9-9.9-9.9
5048519791222-99.9-99.9-99.999999-99.9-99.9-99.9-99.9-9.9 99-9.9-99-99.9 -99-99.9-9.9-9.9
5048519791223-99.9-99.9-99.999999-99.9-99.9-99.9-99.9-9.9 99-9.9-99-99.9 -99-99.9-9.9-9.9
5048519791224-99.9-99.9-99.999999-99.9-99.9-99.9-99.9-9.9 99-9.9-99-99.9 -99-99.9-9.9-9.9
5048519791225-99.9-99.9-99.999999-99.9-99.9-99.9-99.9-9.9 99-9.9-99-99.9 -99-99.9-9.9-9.9
5048519791226-99.9-99.9-99.999999-99.9-99.9-99.9-99.9-9.9 99-9.9-99-99.9 -99-99.9-9.9-9.9
5048519791227-99.9-99.9-99.999999-99.9-99.9-99.9-99.9-9.9 99-9.9-99-99.9 -99-99.9-9.9-9.9
5048519791228-99.9-99.9-99.999999-99.9-99.9-99.9-99.9-9.9 99-9.9-99-99.9 -99-99.9-9.9-9.9
5048519791229-99.9-99.9-99.999999-99.9-99.9-99.9-99.9-9.9 99-9.9-99-99.9 -99-99.9-9.9-9.9
5048519791230-99.9-99.9-99.999999-99.9-99.9-99.9-99.9-9.9 99-9.9-99-99.9 -99-99.9-9.9-9.9
5048519791231-99.9-99.9-99.999999-99.9-99.9-99.9-99.9-9.9 99-9.9-99-99.9 -99-99.9-9.9-9.9
5048519800101-99.9-99.9-99.999999-99.9-99.9-99.9-99.9-9.9 99-9.9-99-99.9 -99-99.9-9.9-9.9
5048519800102-99.9-99.9-99.999999-99.9-99.9-99.9-99.9-9.9 99-9.9-99-99.9 -99-99.9-9.9-9.9
5048519800103-99.9-99.9-99.999999-99.9-99.9-99.9-99.9-9.9 99-9.9-99-99.9 -99-99.9-9.9-9.9
5048519800104-99.9-99.9-99.999999-99.9-99.9-99.9-99.9-9.9 99-9.9-99-99.9 -99-99.9-9.9-9.9
5048519800105-99.9-99.9-99.999999-99.9-99.9-99.9-99.9-9.9 99-9.9-99-99.9 -99-99.9-9.9-9.9
5048519800106-99.9-99.9-99.999999-99.9-99.9-99.9-99.9-9.9 99-9.9-99-99.9 -99-99.9-9.9-9.9
5048519800107-99.9-99.9-99.999999-99.9-99.9-99.9-99.9-9.9 99-9.9-99-99.9 -99-99.9-9.9-9.9
5048519800108-99.9-99.9-99.999999-99.9-99.9-99.9-99.9-9.9 99-9.9-99-99.9 -99-99.9-9.9-9.9
5048519800109-99.9-99.9-99.999999-99.9-99.9-99.9-99.9-9.9 99-9.9-99-99.9 -99-99.9-9.9-9.9
5048519800110-99.9-99.9-99.999999-99.9-99.9-99.9-99.9-9.9 99-9.9-99-99.9 -99-99.9-9.9-9.9
5048519800111-99.9-99.9-99.999999-99.9-99.9-99.9-99.9-9.9 99-9.9-99-99.9 -99-99.9-9.9-9.9
5048519800112-99.9-99.9-99.999999-99.9-99.9-99.9-99.9-9.9 99-9.9-99-99.9 -99-99.9-9.9-9.9
5048519800113-99.9-99.9-99.999999-99.9-99.9-99.9-99.9-9.9 99-9.9-99-99.9 -99-99.9-9.9-9.9
5048519800114-99.9-99.9-99.999999-99.9-99.9-99.9-99.9-9.9 99-9.9-99-99.9 -99-99.9-9.9-9.9
5048519800115-99.9-99.9-99.999999-99.9-99.9-99.9-99.9-9.9 99-9.9-99-99.9 -99-99.9-9.9-9.9
5048519800116-99.9-99.9-99.999999-99.9-99.9-99.9-99.9-9.9 99-9.9-99-99.9 -99-99.9-9.9-9.9
5048519800117-99.9-99.9-99.999999-99.9-99.9-99.9-99.9-9.9 99-9.9-99-99.9 -99-99.9-9.9-9.9
5048519800118-99.9-99.9-99.999999-99.9-99.9-99.9-99.9-9.9 99-9.9-99-99.9 -99-99.9-9.9-9.9
5048519800119-99.9-99.9-99.999999-99.9-99.9-99.9-99.9-9.9 99-9.9-99-99.9 -99-99.9-9.9-9.9
5048519800120-99.9-99.9-99.999999-99.9-99.9-99.9-99.9-9.9 99-9.9-99-99.9 -99-99.9-9.9-9.9
5048519800121-99.9-99.9-99.999999-99.9-99.9-99.9-99.9-9.9 99-9.9-99-99.9 -99-99.9-9.9-9.9
5048519800122-99.9-99.9-99.999999-99.9-99.9-99.9-99.9-9.9 99-9.9-99-99.9 -99-99.9-9.9-9.9
5048519800123-99.9-99.9-99.999999-99.9-99.9-99.9-99.9-9.9 99-9.9-99-99.9 -99-99.9-9.9-9.9
5048519800124-99.9-99.9-99.999999-99.9-99.9-99.9-99.9-9.9 99-9.9-99-99.9 -99-99.9-9.9-9.9
5048519800125-99.9-99.9-99.999999-99.9-99.9-99.9-99.9-9.9 99-9.9-99-99.9 -99-99.9-9.9-9.9
5048519800126-99.9-99.9-99.999999-99.9-99.9-99.9-99.9-9.9 99-9.9-99-99.9 -99-99.9-9.9-9.9
5048519800127-99.9-99.9-99.999999-99.9-99.9-99.9-99.9-9.9 99-9.9-99-99.9 -99-99.9-9.9-9.9
5048519800128-99.9-99.9-99.999999-99.9-99.9-99.9-99.9-9.9 99-9.9-99-99.9 -99-99.9-9.9-9.9
5048519800129-99.9-99.9-99.999999-99.9-99.9-99.9-99.9-9.9 99-9.9-99-99.9 -99-99.9-9.9-9.9
5048519800130-99.9-99.9-99.999999-99.9-99.9-99.9-99.9-9.9 99-9.9-99-99.9 -99-99.9-9.9-9.9
5048519800131-99.9-99.9-99.999999-99.9-99.9-99.9-99.9-9.9 99-9.9-99-99.9 -99-99.9-9.9-9.9
5048519800201-99.9-99.9-99.999999-99.9-99.9-99.9-99.9-9.9 99-9.9-99-99.9 -99-99.9-9.9-9.9
5048519800202-99.9-99.9-99.999999-99.9-99.9-99.9-99.9-9.9 99-9.9-99-99.9 -99-99.9-9.9-9.9
5048519800203-99.9-99.9-99.999999-99.9-99.9-99.9-99.9-9.9 99-9.9-99-99.9 -99-99.9-9.9-9.9
5048519800204-99.9-99.9-99.999999-99.9-99.9-99.9-99.9-9.9 99-9.9-99-99.9 -99-99.9-9.9-9.9
5048519800205-99.9-99.9-99.999999-99.9-99.9-99.9-99.9-9.9 99-9.9-99-99.9 -99-99.9-9.9-9.9
5048519800206-99.9-99.9-99.999999-99.9-99.9-99.9-99.9-9.9 99-9.9-99-99.9 -99-99.9-9.9-9.9
5048519800207-99.9-99.9-99.999999-99.9-99.9-99.9-99.9-9.9 99-9.9-99-99.9 -99-99.9-9.9-9.9
5048519800208-99.9-99.9-99.999999-99.9-99.9-99.9-99.9-9.9 99-9.9-99-99.9 -99-99.9-9.9-9.9
5048519800209-99.9-99.9-99.999999-99.9-99.9-99.9-99.9-9.9 99-9.9-99-99.9 -99-99.9-9.9-9.9
5048519800210-99.9-99.9-99.999999-99.9-99.9-99.9-99.9-9.9 99-9.9-99-99.9 -99-99.9-9.9-9.9
5048519800211-99.9-99.9-99.999999-99.9-99.9-99.9-99.9-9.9 99-9.9-99-99.9 -99-99.9-9.9-9.9
5048519800212-99.9-99.9-99.999999-99.9-99.9-99.9-99.9-9.9 99-9.9-99-99.9 -99-99.9-9.9-9.9
5048519800213-99.9-99.9-99.999999-99.9-99.9-99.9-99.9-9.9 99-9.9-99-99.9 -99-99.9-9.9-9.9
5048519800214-99.9-99.9-99.999999-99.9-99.9-99.9-99.9-9.9 99-9.9-99-99.9 -99-99.9-9.9-9.9
5048519800215-99.9-99.9-99.999999-99.9-99.9-99.9-99.9-9.9 99-9.9-99-99.9 -99-99.9-9.9-9.9
5048519800216-99.9-99.9-99.999999-99.9-99.9-99.9-99.9-9.9 99-9.9-99-99.9 -99-99.9-9.9-9.9
5048519800217-99.9-99.9-99.999999-99.9-99.9-99.9-99.9-9.9 99-9.9-99-99.9 -99-99.9-9.9-9.9
5048519800218-99.9-99.9-99.999999-99.9-99.9-99.9-99.9-9.9 99-9.9-99-99.9 -99-99.9-9.9-9.9
5048519800219-99.9-99.9-99.999999-99.9-99.9-99.9-99.9-9.9 99-9.9-99-99.9 -99-99.9-9.9-9.9
5048519800220-99.9-99.9-99.999999-99.9-99.9-99.9-99.9-9.9 99-9.9-99-99.9 -99-99.9-9.9-9.9
5048519800221-99.9-99.9-99.999999-99.9-99.9-99.9-99.9-9.9 99-9.9-99-99.9 -99-99.9-9.9-9.9
5048519800222-99.9-99.9-99.999999-99.9-99.9-99.9-99.9-9.9 99-9.9-99-99.9 -99-99.9-9.9-9.9
5048519800223-99.9-99.9-99.999999-99.9-99.9-99.9-99.9-9.9 99-9.9-99-99.9 -99-99.9-9.9-9.9
5048519800224-99.9-99.9-99.999999-99.9-99.9-99.9-99.9-9.9 99-9.9-99-99.9 -99-99.9-9.9-9.9
5048519800225-99.9-99.9-99.999999-99.9-99.9-99.9-99.9-9.9 99-9.9-99-99.9 -99-99.9-9.9-9.9
5048519800226-99.9-99.9-99.999999-99.9-99.9-99.9-99.9-9.9 99-9.9-99-99.9 -99-99.9-9.9-9.9
5048519800227-99.9-99.9-99.999999-99.9-99.9-99.9-99.9-9.9 99-9.9-99-99.9 -99-99.9-9.9-9.9
5048519800228-99.9-99.9-99.999999-99.9-99.9-99.9-99.9-9.9 99-9.9-99-99.9 -99-99.9-9.9-9.9
5048519800229-99.9-99.9-99.999999-99.9-99.9-99.9-99.9-9.9 99-9.9-99-99.9 -99-99.9-9.9-9.9
5048519800301-99.9-99.9-99.999999-99.9-99.9-99.9-99.9-9.9 99-9.9-99-99.9 -99-99.9-9.9-9.9
5048519800302-99.9-99.9-99.999999-99.9-99.9-99.9-99.9-9.9 99-9.9-99-99.9 -99-99.9-9.9-9.9
5048519800303-99.9-99.9-99.999999-99.9-99.9-99.9-99.9-9.9 99-9.9-99-99.9 -99-99.9-9.9-9.9
5048519800304-99.9-99.9-99.999999-99.9-99.9-99.9-99.9-9.9 99-9.9-99-99.9 -99-99.9-9.9-9.9
5048519800305-99.9-99.9-99.999999-99.9-99.9-99.9-99.9-9.9 99-9.9-99-99.9 -99-99.9-9.9-9.9
5048519800306-99.9-99.9-99.999999-99.9-99.9-99.9-99.9-9.9 99-9.9-99-99.9 -99-99.9-9.9-9.9
5048519800307-99.9-99.9-99.999999-99.9-99.9-99.9-99.9-9.9 99-9.9-99-99.9 -99-99.9-9.9-9.9
5048519800308-99.9-99.9-99.999999-99.9-99.9-99.9-99.9-9.9 99-9.9-99-99.9 -99-99.9-9.9-9.9
5048519800309-99.9-99.9-99.999999-99.9-99.9-99.9-99.9-9.9 99-9.9-99-99.9 -99-99.9-9.9-9.9
5048519800310-99.9-99.9-99.999999-99.9-99.9-99.9-99.9-9.9 99-9.9-99-99.9 -99-99.9-9.9-9.9
5048519800311-99.9-99.9-99.999999-99.9-99.9-99.9-99.9-9.9 99-9.9-99-99.9 -99-99.9-9.9-9.9
5048519800312-99.9-99.9-99.999999-99.9-99.9-99.9-99.9-9.9 99-9.9-99-99.9 -99-99.9-9.9-9.9
5048519800313-99.9-99.9-99.999999-99.9-99.9-99.9-99.9-9.9 99-9.9-99-99.9 -99-99.9-9.9-9.9
5048519800314-99.9-99.9-99.999999-99.9-99.9-99.9-99.9-9.9 99-9.9-99-99.9 -99-99.9-9.9-9.9
5048519800315-99.9-99.9-99.999999-99.9-99.9-99.9-99.9-9.9 99-9.9-99-99.9 -99-99.9-9.9-9.9
5048519800316-99.9-99.9-99.999999-99.9-99.9-99.9-99.9-9.9 99-9.9-99-99.9 -99-99.9-9.9-9.9
5048519800317-99.9-99.9-99.999999-99.9-99.9-99.9-99.9-9.9 99-9.9-99-99.9 -99-99.9-9.9-9.9
5048519800318-99.9-99.9-99.999999-99.9-99.9-99.9-99.9-9.9 99-9.9-99-99.9 -99-99.9-9.9-9.9
5048519800319-99.9-99.9-99.999999-99.9-99.9-99.9-99.9-9.9 99-9.9-99-99.9 -99-99.9-9.9-9.9
5048519800320-99.9-99.9-99.999999-99.9-99.9-99.9-99.9-9.9 99-9.9-99-99.9 -99-99.9-9.9-9.9
5048519800321-99.9-99.9-99.999999-99.9-99.9-99.9-99.9-9.9 99-9.9-99-99.9 -99-99.9-9.9-9.9
5048519800322-99.9-99.9-99.999999-99.9-99.9-99.9-99.9-9.9 99-9.9-99-99.9 -99-99.9-9.9-9.9
5048519800323-99.9-99.9-99.999999-99.9-99.9-99.9-99.9-9.9 99-9.9-99-99.9 -99-99.9-9.9-9.9
5048519800324-99.9-99.9-99.999999-99.9-99.9-99.9-99.9-9.9 99-9.9-99-99.9 -99-99.9-9.9-9.9
5048519800325-99.9-99.9-99.999999-99.9-99.9-99.9-99.9-9.9 99-9.9-99-99.9 -99-99.9-9.9-9.9
5048519800326-99.9-99.9-99.999999-99.9-99.9-99.9-99.9-9.9 99-9.9-99-99.9 -99-99.9-9.9-9.9
5048519800327-99.9-99.9-99.999999-99.9-99.9-99.9-99.9-9.9 99-9.9-99-99.9 -99-99.9-9.9-9.9
5048519800328-99.9-99.9-99.999999-99.9-99.9-99.9-99.9-9.9 99-9.9-99-99.9 -99-99.9-9.9-9.9
5048519800329-99.9-99.9-99.999999-99.9-99.9-99.9-99.9-9.9 99-9.9-99-99.9 -99-99.9-9.9-9.9
5048519800330-99.9-99.9-99.999999-99.9-99.9-99.9-99.9-9.9 99-9.9-99-99.9 -99-99.9-9.9-9.9
5048519800331-99.9-99.9-99.999999-99.9-99.9-99.9-99.9-9.9 99-9.9-99-99.9 -99-99.9-9.9-9.9
5048519800401-99.9-99.9-99.999999-99.9-99.9-99.9-99.9-9.9 99-9.9-99-99.9 -99-99.9-9.9-9.9
5048519800402-99.9-99.9-99.999999-99.9-99.9-99.9-99.9-9.9 99-9.9-99-99.9 -99-99.9-9.9-9.9
5048519800403-99.9-99.9-99.999999-99.9-99.9-99.9-99.9-9.9 99-9.9-99-99.9 -99-99.9-9.9-9.9
5048519800404-99.9-99.9-99.999999-99.9-99.9-99.9-99.9-9.9 99-9.9-99-99.9 -99-99.9-9.9-9.9
5048519800405-99.9-99.9-99.999999-99.9-99.9-99.9-99.9-9.9 99-9.9-99-99.9 -99-99.9-9.9-9.9
5048519800406-99.9-99.9-99.999999-99.9-99.9-99.9-99.9-9.9 99-9.9-99-99.9 -99-99.9-9.9-9.9
5048519800407-99.9-99.9-99.999999-99.9-99.9-99.9-99.9-9.9 99-9.9-99-99.9 -99-99.9-9.9-9.9
5048519800408-99.9-99.9-99.999999-99.9-99.9-99.9-99.9-9.9 99-9.9-99-99.9 -99-99.9-9.9-9.9
5048519800409-99.9-99.9-99.999999-99.9-99.9-99.9-99.9-9.9 99-9.9-99-99.9 -99-99.9-9.9-9.9
5048519800410-99.9-99.9-99.999999-99.9-99.9-99.9-99.9-9.9 99-9.9-99-99.9 -99-99.9-9.9-9.9
5048519800411-99.9-99.9-99.999999-99.9-99.9-99.9-99.9-9.9 99-9.9-99-99.9 -99-99.9-9.9-9.9
5048519800412-99.9-99.9-99.999999-99.9-99.9-99.9-99.9-9.9 99-9.9-99-99.9 -99-99.9-9.9-9.9
5048519800413-99.9-99.9-99.999999-99.9-99.9-99.9-99.9-9.9 99-9.9-99-99.9 -99-99.9-9.9-9.9
5048519800414-99.9-99.9-99.999999-99.9-99.9-99.9-99.9-9.9 99-9.9-99-99.9 -99-99.9-9.9-9.9
5048519800415-99.9-99.9-99.999999-99.9-99.9-99.9-99.9-9.9 99-9.9-99-99.9 -99-99.9-9.9-9.9
5048519800416-99.9-99.9-99.999999-99.9-99.9-99.9-99.9-9.9 99-9.9-99-99.9 -99-99.9-9.9-9.9
5048519800417-99.9-99.9-99.999999-99.9-99.9-99.9-99.9-9.9 99-9.9-99-99.9 -99-99.9-9.9-9.9
5048519800418-99.9-99.9-99.999999-99.9-99.9-99.9-99.9-9.9 99-9.9-99-99.9 -99-99.9-9.9-9.9
5048519800419-99.9-99.9-99.999999-99.9-99.9-99.9-99.9-9.9 99-9.9-99-99.9 -99-99.9-9.9-9.9
5048519800420-99.9-99.9-99.999999-99.9-99.9-99.9-99.9-9.9 99-9.9-99-99.9 -99-99.9-9.9-9.9
5048519800421-99.9-99.9-99.999999-99.9-99.9-99.9-99.9-9.9 99-9.9-99-99.9 -99-99.9-9.9-9.9
5048519800422-99.9-99.9-99.999999-99.9-99.9-99.9-99.9-9.9 99-9.9-99-99.9 -99-99.9-9.9-9.9
5048519800423-99.9-99.9-99.999999-99.9-99.9-99.9-99.9-9.9 99-9.9-99-99.9 -99-99.9-9.9-9.9
5048519800424-99.9-99.9-99.999999-99.9-99.9-99.9-99.9-9.9 99-9.9-99-99.9 -99-99.9-9.9-9.9
5048519800425-99.9-99.9-99.999999-99.9-99.9-99.9-99.9-9.9 99-9.9-99-99.9 -99-99.9-9.9-9.9
5048519800426-99.9-99.9-99.999999-99.9-99.9-99.9-99.9-9.9 99-9.9-99-99.9 -99-99.9-9.9-9.9
5048519800427-99.9-99.9-99.999999-99.9-99.9-99.9-99.9-9.9 99-9.9-99-99.9 -99-99.9-9.9-9.9
5048519800428-99.9-99.9-99.999999-99.9-99.9-99.9-99.9-9.9 99-9.9-99-99.9 -99-99.9-9.9-9.9
5048519800429-99.9-99.9-99.999999-99.9-99.9-99.9-99.9-9.9 99-9.9-99-99.9 -99-99.9-9.9-9.9
5048519800430-99.9-99.9-99.999999-99.9-99.9-99.9-99.9-9.9 99-9.9-99-99.9 -99-99.9-9.9-9.9
5048519800501-99.9-99.9-99.999999-99.9-99.9-99.9-99.9-9.9 99-9.9-99-99.9 -99-99.9-9.9-9.9
5048519800502-99.9-99.9-99.999999-99.9-99.9-99.9-99.9-9.9 99-9.9-99-99.9 -99-99.9-9.9-9.9
5048519800503-99.9-99.9-99.999999-99.9-99.9-99.9-99.9-9.9 99-9.9-99-99.9 -99-99.9-9.9-9.9
5048519800504-99.9-99.9-99.999999-99.9-99.9-99.9-99.9-9.9 99-9.9-99-99.9 -99-99.9-9.9-9.9
5048519800505-99.9-99.9-99.999999-99.9-99.9-99.9-99.9-9.9 99-9.9-99-99.9 -99-99.9-9.9-9.9
5048519800506-99.9-99.9-99.999999-99.9-99.9-99.9-99.9-9.9 99-9.9-99-99.9 -99-99.9-9.9-9.9
5048519800507-99.9-99.9-99.999999-99.9-99.9-99.9-99.9-9.9 99-9.9-99-99.9 -99-99.9-9.9-9.9
5048519800508-99.9-99.9-99.999999-99.9-99.9-99.9-99.9-9.9 99-9.9-99-99.9 -99-99.9-9.9-9.9
5048519800509-99.9-99.9-99.999999-99.9-99.9-99.9-99.9-9.9 99-9.9-99-99.9 -99-99.9-9.9-9.9
5048519800510-99.9-99.9-99.999999-99.9-99.9-99.9-99.9-9.9 99-9.9-99-99.9 -99-99.9-9.9-9.9
5048519800511-99.9-99.9-99.999999-99.9-99.9-99.9-99.9-9.9 99-9.9-99-99.9 -99-99.9-9.9-9.9
5048519800512-99.9-99.9-99.999999-99.9-99.9-99.9-99.9-9.9 99-9.9-99-99.9 -99-99.9-9.9-9.9
5048519800513-99.9-99.9-99.999999-99.9-99.9-99.9-99.9-9.9 99-9.9-99-99.9 -99-99.9-9.9-9.9
5048519800514-99.9-99.9-99.999999-99.9-99.9-99.9-99.9-9.9 99-9.9-99-99.9 -99-99.9-9.9-9.9
5048519800515-99.9-99.9-99.999999-99.9-99.9-99.9-99.9-9.9 99-9.9-99-99.9 -99-99.9-9.9-9.9
5048519800516-99.9-99.9-99.999999-99.9-99.9-99.9-99.9-9.9 99-9.9-99-99.9 -99-99.9-9.9-9.9
5048519800517-99.9-99.9-99.999999-99.9-99.9-99.9-99.9-9.9 99-9.9-99-99.9 -99-99.9-9.9-9.9
5048519800518-99.9-99.9-99.999999-99.9-99.9-99.9-99.9-9.9 99-9.9-99-99.9 -99-99.9-9.9-9.9
5048519800519-99.9-99.9-99.999999-99.9-99.9-99.9-99.9-9.9 99-9.9-99-99.9 -99-99.9-9.9-9.9
5048519800520-99.9-99.9-99.999999-99.9-99.9-99.9-99.9-9.9 99-9.9-99-99.9 -99-99.9-9.9-9.9
5048519800521-99.9-99.9-99.999999-99.9-99.9-99.9-99.9-9.9 99-9.9-99-99.9 -99-99.9-9.9-9.9
5048519800522-99.9-99.9-99.999999-99.9-99.9-99.9-99.9-9.9 99-9.9-99-99.9 -99-99.9-9.9-9.9
5048519800523-99.9-99.9-99.999999-99.9-99.9-99.9-99.9-9.9 99-9.9-99-99.9 -99-99.9-9.9-9.9
5048519800524-99.9-99.9-99.999999-99.9-99.9-99.9-99.9-9.9 99-9.9-99-99.9 -99-99.9-9.9-9.9
5048519800525-99.9-99.9-99.999999-99.9-99.9-99.9-99.9-9.9 99-9.9-99-99.9 -99-99.9-9.9-9.9
5048519800526-99.9-99.9-99.999999-99.9-99.9-99.9-99.9-9.9 99-9.9-99-99.9 -99-99.9-9.9-9.9
5048519800527-99.9-99.9-99.999999-99.9-99.9-99.9-99.9-9.9 99-9.9-99-99.9 -99-99.9-9.9-9.9
5048519800528-99.9-99.9-99.999999-99.9-99.9-99.9-99.9-9.9 99-9.9-99-99.9 -99-99.9-9.9-9.9
5048519800529-99.9-99.9-99.999999-99.9-99.9-99.9-99.9-9.9 99-9.9-99-99.9 -99-99.9-9.9-9.9
5048519800530-99.9-99.9-99.999999-99.9-99.9-99.9-99.9-9.9 99-9.9-99-99.9 -99-99.9-9.9-9.9
5048519800531-99.9-99.9-99.999999-99.9-99.9-99.9-99.9-9.9 99-9.9-99-99.9 -99-99.9-9.9-9.9
5048519800601-99.9-99.9-99.999999-99.9-99.9-99.9-99.9-9.9 99-9.9-99-99.9 -99-99.9-9.9-9.9
5048519800602-99.9-99.9-99.999999-99.9-99.9-99.9-99.9-9.9 99-9.9-99-99.9 -99-99.9-9.9-9.9
5048519800603-99.9-99.9-99.999999-99.9-99.9-99.9-99.9-9.9 99-9.9-99-99.9 -99-99.9-9.9-9.9
5048519800604-99.9-99.9-99.999999-99.9-99.9-99.9-99.9-9.9 99-9.9-99-99.9 -99-99.9-9.9-9.9
5048519800605-99.9-99.9-99.999999-99.9-99.9-99.9-99.9-9.9 99-9.9-99-99.9 -99-99.9-9.9-9.9
5048519800606-99.9-99.9-99.999999-99.9-99.9-99.9-99.9-9.9 99-9.9-99-99.9 -99-99.9-9.9-9.9
5048519800607-99.9-99.9-99.999999-99.9-99.9-99.9-99.9-9.9 99-9.9-99-99.9 -99-99.9-9.9-9.9
5048519800608-99.9-99.9-99.999999-99.9-99.9-99.9-99.9-9.9 99-9.9-99-99.9 -99-99.9-9.9-9.9
5048519800609-99.9-99.9-99.999999-99.9-99.9-99.9-99.9-9.9 99-9.9-99-99.9 -99-99.9-9.9-9.9
5048519800610-99.9-99.9-99.999999-99.9-99.9-99.9-99.9-9.9 99-9.9-99-99.9 -99-99.9-9.9-9.9
5048519800611-99.9-99.9-99.999999-99.9-99.9-99.9-99.9-9.9 99-9.9-99-99.9 -99-99.9-9.9-9.9
5048519800612-99.9-99.9-99.999999-99.9-99.9-99.9-99.9-9.9 99-9.9-99-99.9 -99-99.9-9.9-9.9
5048519800613-99.9-99.9-99.999999-99.9-99.9-99.9-99.9-9.9 99-9.9-99-99.9 -99-99.9-9.9-9.9
5048519800614-99.9-99.9-99.999999-99.9-99.9-99.9-99.9-9.9 99-9.9-99-99.9 -99-99.9-9.9-9.9
5048519800615-99.9-99.9-99.999999-99.9-99.9-99.9-99.9-9.9 99-9.9-99-99.9 -99-99.9-9.9-9.9
5048519800616-99.9-99.9-99.999999-99.9-99.9-99.9-99.9-9.9 99-9.9-99-99.9 -99-99.9-9.9-9.9
5048519800617-99.9-99.9-99.999999-99.9-99.9-99.9-99.9-9.9 99-9.9-99-99.9 -99-99.9-9.9-9.9
5048519800618-99.9-99.9-99.999999-99.9-99.9-99.9-99.9-9.9 99-9.9-99-99.9 -99-99.9-9.9-9.9
5048519800619-99.9-99.9-99.999999-99.9-99.9-99.9-99.9-9.9 99-9.9-99-99.9 -99-99.9-9.9-9.9
5048519800620-99.9-99.9-99.999999-99.9-99.9-99.9-99.9-9.9 99-9.9-99-99.9 -99-99.9-9.9-9.9
5048519800621-99.9-99.9-99.999999-99.9-99.9-99.9-99.9-9.9 99-9.9-99-99.9 -99-99.9-9.9-9.9
5048519800622-99.9-99.9-99.999999-99.9-99.9-99.9-99.9-9.9 99-9.9-99-99.9 -99-99.9-9.9-9.9
5048519800623-99.9-99.9-99.999999-99.9-99.9-99.9-99.9-9.9 99-9.9-99-99.9 -99-99.9-9.9-9.9
5048519800624-99.9-99.9-99.999999-99.9-99.9-99.9-99.9-9.9 99-9.9-99-99.9 -99-99.9-9.9-9.9
5048519800625-99.9-99.9-99.999999-99.9-99.9-99.9-99.9-9.9 99-9.9-99-99.9 -99-99.9-9.9-9.9
5048519800626-99.9-99.9-99.999999-99.9-99.9-99.9-99.9-9.9 99-9.9-99-99.9 -99-99.9-9.9-9.9
5048519800627-99.9-99.9-99.999999-99.9-99.9-99.9-99.9-9.9 99-9.9-99-99.9 -99-99.9-9.9-9.9
5048519800628-99.9-99.9-99.999999-99.9-99.9-99.9-99.9-9.9 99-9.9-99-99.9 -99-99.9-9.9-9.9
5048519800629-99.9-99.9-99.999999-99.9-99.9-99.9-99.9-9.9 99-9.9-99-99.9 -99-99.9-9.9-9.9
5048519800630-99.9-99.9-99.999999-99.9-99.9-99.9-99.9-9.9 99-9.9-99-99.9 -99-99.9-9.9-9.9
5048519800701-99.9-99.9-99.999999-99.9-99.9-99.9-99.9-9.9 99-9.9-99-99.9 -99-99.9-9.9-9.9
5048519800702-99.9-99.9-99.999999-99.9-99.9-99.9-99.9-9.9 99-9.9-99-99.9 -99-99.9-9.9-9.9
5048519800703-99.9-99.9-99.999999-99.9-99.9-99.9-99.9-9.9 99-9.9-99-99.9 -99-99.9-9.9-9.9
5048519800704-99.9-99.9-99.999999-99.9-99.9-99.9-99.9-9.9 99-9.9-99-99.9 -99-99.9-9.9-9.9
5048519800705-99.9-99.9-99.999999-99.9-99.9-99.9-99.9-9.9 99-9.9-99-99.9 -99-99.9-9.9-9.9
5048519800706-99.9-99.9-99.999999-99.9-99.9-99.9-99.9-9.9 99-9.9-99-99.9 -99-99.9-9.9-9.9
5048519800707-99.9-99.9-99.999999-99.9-99.9-99.9-99.9-9.9 99-9.9-99-99.9 -99-99.9-9.9-9.9
5048519800708-99.9-99.9-99.999999-99.9-99.9-99.9-99.9-9.9 99-9.9-99-99.9 -99-99.9-9.9-9.9
5048519800709-99.9-99.9-99.999999-99.9-99.9-99.9-99.9-9.9 99-9.9-99-99.9 -99-99.9-9.9-9.9
5048519800710-99.9-99.9-99.999999-99.9-99.9-99.9-99.9-9.9 99-9.9-99-99.9 -99-99.9-9.9-9.9
5048519800711-99.9-99.9-99.999999-99.9-99.9-99.9-99.9-9.9 99-9.9-99-99.9 -99-99.9-9.9-9.9
5048519800712-99.9-99.9-99.999999-99.9-99.9-99.9-99.9-9.9 99-9.9-99-99.9 -99-99.9-9.9-9.9
5048519800713-99.9-99.9-99.999999-99.9-99.9-99.9-99.9-9.9 99-9.9-99-99.9 -99-99.9-9.9-9.9
5048519800714-99.9-99.9-99.999999-99.9-99.9-99.9-99.9-9.9 99-9.9-99-99.9 -99-99.9-9.9-9.9
5048519800715-99.9-99.9-99.999999-99.9-99.9-99.9-99.9-9.9 99-9.9-99-99.9 -99-99.9-9.9-9.9
5048519800716-99.9-99.9-99.999999-99.9-99.9-99.9-99.9-9.9 99-9.9-99-99.9 -99-99.9-9.9-9.9
5048519800717-99.9-99.9-99.999999-99.9-99.9-99.9-99.9-9.9 99-9.9-99-99.9 -99-99.9-9.9-9.9
5048519800718-99.9-99.9-99.999999-99.9-99.9-99.9-99.9-9.9 99-9.9-99-99.9 -99-99.9-9.9-9.9
5048519800719-99.9-99.9-99.999999-99.9-99.9-99.9-99.9-9.9 99-9.9-99-99.9 -99-99.9-9.9-9.9
5048519800720-99.9-99.9-99.999999-99.9-99.9-99.9-99.9-9.9 99-9.9-99-99.9 -99-99.9-9.9-9.9
5048519800721-99.9-99.9-99.999999-99.9-99.9-99.9-99.9-9.9 99-9.9-99-99.9 -99-99.9-9.9-9.9
5048519800722-99.9-99.9-99.999999-99.9-99.9-99.9-99.9-9.9 99-9.9-99-99.9 -99-99.9-9.9-9.9
5048519800723-99.9-99.9-99.999999-99.9-99.9-99.9-99.9-9.9 99-9.9-99-99.9 -99-99.9-9.9-9.9
5048519800724-99.9-99.9-99.999999-99.9-99.9-99.9-99.9-9.9 99-9.9-99-99.9 -99-99.9-9.9-9.9
5048519800725-99.9-99.9-99.999999-99.9-99.9-99.9-99.9-9.9 99-9.9-99-99.9 -99-99.9-9.9-9.9
5048519800726-99.9-99.9-99.999999-99.9-99.9-99.9-99.9-9.9 99-9.9-99-99.9 -99-99.9-9.9-9.9
5048519800727-99.9-99.9-99.999999-99.9-99.9-99.9-99.9-9.9 99-9.9-99-99.9 -99-99.9-9.9-9.9
5048519800728-99.9-99.9-99.999999-99.9-99.9-99.9-99.9-9.9 99-9.9-99-99.9 -99-99.9-9.9-9.9
5048519800729-99.9-99.9-99.999999-99.9-99.9-99.9-99.9-9.9 99-9.9-99-99.9 -99-99.9-9.9-9.9
5048519800730-99.9-99.9-99.999999-99.9-99.9-99.9-99.9-9.9 99-9.9-99-99.9 -99-99.9-9.9-9.9
5048519800731-99.9-99.9-99.999999-99.9-99.9-99.9-99.9-9.9 99-9.9-99-99.9 -99-99.9-9.9-9.9
5048519800801-99.9-99.9-99.999999-99.9-99.9-99.9-99.9-9.9 99-9.9-99-99.9 -99-99.9-9.9-9.9
5048519800802-99.9-99.9-99.999999-99.9-99.9-99.9-99.9-9.9 99-9.9-99-99.9 -99-99.9-9.9-9.9
5048519800803-99.9-99.9-99.999999-99.9-99.9-99.9-99.9-9.9 99-9.9-99-99.9 -99-99.9-9.9-9.9
5048519800804-99.9-99.9-99.999999-99.9-99.9-99.9-99.9-9.9 99-9.9-99-99.9 -99-99.9-9.9-9.9
5048519800805-99.9-99.9-99.999999-99.9-99.9-99.9-99.9-9.9 99-9.9-99-99.9 -99-99.9-9.9-9.9
5048519800806-99.9-99.9-99.999999-99.9-99.9-99.9-99.9-9.9 99-9.9-99-99.9 -99-99.9-9.9-9.9
5048519800807-99.9-99.9-99.999999-99.9-99.9-99.9-99.9-9.9 99-9.9-99-99.9 -99-99.9-9.9-9.9
5048519800808-99.9-99.9-99.999999-99.9-99.9-99.9-99.9-9.9 99-9.9-99-99.9 -99-99.9-9.9-9.9
5048519800809-99.9-99.9-99.999999-99.9-99.9-99.9-99.9-9.9 99-9.9-99-99.9 -99-99.9-9.9-9.9
5048519800810-99.9-99.9-99.999999-99.9-99.9-99.9-99.9-9.9 99-9.9-99-99.9 -99-99.9-9.9-9.9
5048519800811-99.9-99.9-99.999999-99.9-99.9-99.9-99.9-9.9 99-9.9-99-99.9 -99-99.9-9.9-9.9
5048519800812-99.9-99.9-99.999999-99.9-99.9-99.9-99.9-9.9 99-9.9-99-99.9 -99-99.9-9.9-9.9
5048519800813-99.9-99.9-99.999999-99.9-99.9-99.9-99.9-9.9 99-9.9-99-99.9 -99-99.9-9.9-9.9
5048519800814-99.9-99.9-99.999999-99.9-99.9-99.9-99.9-9.9 99-9.9-99-99.9 -99-99.9-9.9-9.9
5048519800815-99.9-99.9-99.999999-99.9-99.9-99.9-99.9-9.9 99-9.9-99-99.9 -99-99.9-9.9-9.9
5048519800816-99.9-99.9-99.999999-99.9-99.9-99.9-99.9-9.9 99-9.9-99-99.9 -99-99.9-9.9-9.9
5048519800817-99.9-99.9-99.999999-99.9-99.9-99.9-99.9-9.9 99-9.9-99-99.9 -99-99.9-9.9-9.9
5048519800818-99.9-99.9-99.999999-99.9-99.9-99.9-99.9-9.9 99-9.9-99-99.9 -99-99.9-9.9-9.9
5048519800819-99.9-99.9-99.999999-99.9-99.9-99.9-99.9-9.9 99-9.9-99-99.9 -99-99.9-9.9-9.9
5048519800820-99.9-99.9-99.999999-99.9-99.9-99.9-99.9-9.9 99-9.9-99-99.9 -99-99.9-9.9-9.9
5048519800821-99.9-99.9-99.999999-99.9-99.9-99.9-99.9-9.9 99-9.9-99-99.9 -99-99.9-9.9-9.9
5048519800822-99.9-99.9-99.999999-99.9-99.9-99.9-99.9-9.9 99-9.9-99-99.9 -99-99.9-9.9-9.9
5048519800823-99.9-99.9-99.999999-99.9-99.9-99.9-99.9-9.9 99-9.9-99-99.9 -99-99.9-9.9-9.9
5048519800824-99.9-99.9-99.999999-99.9-99.9-99.9-99.9-9.9 99-9.9-99-99.9 -99-99.9-9.9-9.9
5048519800825-99.9-99.9-99.999999-99.9-99.9-99.9-99.9-9.9 99-9.9-99-99.9 -99-99.9-9.9-9.9
5048519800826-99.9-99.9-99.999999-99.9-99.9-99.9-99.9-9.9 99-9.9-99-99.9 -99-99.9-9.9-9.9
5048519800827-99.9-99.9-99.999999-99.9-99.9-99.9-99.9-9.9 99-9.9-99-99.9 -99-99.9-9.9-9.9
5048519800828-99.9-99.9-99.999999-99.9-99.9-99.9-99.9-9.9 99-9.9-99-99.9 -99-99.9-9.9-9.9
5048519800829-99.9-99.9-99.999999-99.9-99.9-99.9-99.9-9.9 99-9.9-99-99.9 -99-99.9-9.9-9.9
5048519800830-99.9-99.9-99.999999-99.9-99.9-99.9-99.9-9.9 99-9.9-99-99.9 -99-99.9-9.9-9.9
5048519800831-99.9-99.9-99.999999-99.9-99.9-99.9-99.9-9.9 99-9.9-99-99.9 -99-99.9-9.9-9.9
5048519800901-99.9-99.9-99.999999-99.9-99.9-99.9-99.9-9.9 99-9.9-99-99.9 -99-99.9-9.9-9.9
5048519800902-99.9-99.9-99.999999-99.9-99.9-99.9-99.9-9.9 99-9.9-99-99.9 -99-99.9-9.9-9.9
5048519800903-99.9-99.9-99.999999-99.9-99.9-99.9-99.9-9.9 99-9.9-99-99.9 -99-99.9-9.9-9.9
5048519800904-99.9-99.9-99.999999-99.9-99.9-99.9-99.9-9.9 99-9.9-99-99.9 -99-99.9-9.9-9.9
5048519800905-99.9-99.9-99.999999-99.9-99.9-99.9-99.9-9.9 99-9.9-99-99.9 -99-99.9-9.9-9.9
5048519800906-99.9-99.9-99.999999-99.9-99.9-99.9-99.9-9.9 99-9.9-99-99.9 -99-99.9-9.9-9.9
5048519800907-99.9-99.9-99.999999-99.9-99.9-99.9-99.9-9.9 99-9.9-99-99.9 -99-99.9-9.9-9.9
5048519800908-99.9-99.9-99.999999-99.9-99.9-99.9-99.9-9.9 99-9.9-99-99.9 -99-99.9-9.9-9.9
5048519800909-99.9-99.9-99.999999-99.9-99.9-99.9-99.9-9.9 99-9.9-99-99.9 -99-99.9-9.9-9.9
5048519800910-99.9-99.9-99.999999-99.9-99.9-99.9-99.9-9.9 99-9.9-99-99.9 -99-99.9-9.9-9.9
5048519800911-99.9-99.9-99.999999-99.9-99.9-99.9-99.9-9.9 99-9.9-99-99.9 -99-99.9-9.9-9.9
5048519800912-99.9-99.9-99.999999-99.9-99.9-99.9-99.9-9.9 99-9.9-99-99.9 -99-99.9-9.9-9.9
5048519800913-99.9-99.9-99.999999-99.9-99.9-99.9-99.9-9.9 99-9.9-99-99.9 -99-99.9-9.9-9.9
5048519800914-99.9-99.9-99.999999-99.9-99.9-99.9-99.9-9.9 99-9.9-99-99.9 -99-99.9-9.9-9.9
5048519800915-99.9-99.9-99.999999-99.9-99.9-99.9-99.9-9.9 99-9.9-99-99.9 -99-99.9-9.9-9.9
5048519800916-99.9-99.9-99.999999-99.9-99.9-99.9-99.9-9.9 99-9.9-99-99.9 -99-99.9-9.9-9.9
5048519800917-99.9-99.9-99.999999-99.9-99.9-99.9-99.9-9.9 99-9.9-99-99.9 -99-99.9-9.9-9.9
5048519800918-99.9-99.9-99.999999-99.9-99.9-99.9-99.9-9.9 99-9.9-99-99.9 -99-99.9-9.9-9.9
5048519800919-99.9-99.9-99.999999-99.9-99.9-99.9-99.9-9.9 99-9.9-99-99.9 -99-99.9-9.9-9.9
5048519800920-99.9-99.9-99.999999-99.9-99.9-99.9-99.9-9.9 99-9.9-99-99.9 -99-99.9-9.9-9.9
5048519800921-99.9-99.9-99.999999-99.9-99.9-99.9-99.9-9.9 99-9.9-99-99.9 -99-99.9-9.9-9.9
5048519800922-99.9-99.9-99.999999-99.9-99.9-99.9-99.9-9.9 99-9.9-99-99.9 -99-99.9-9.9-9.9
5048519800923-99.9-99.9-99.999999-99.9-99.9-99.9-99.9-9.9 99-9.9-99-99.9 -99-99.9-9.9-9.9
5048519800924-99.9-99.9-99.999999-99.9-99.9-99.9-99.9-9.9 99-9.9-99-99.9 -99-99.9-9.9-9.9
5048519800925-99.9-99.9-99.999999-99.9-99.9-99.9-99.9-9.9 99-9.9-99-99.9 -99-99.9-9.9-9.9
5048519800926-99.9-99.9-99.999999-99.9-99.9-99.9-99.9-9.9 99-9.9-99-99.9 -99-99.9-9.9-9.9
5048519800927-99.9-99.9-99.999999-99.9-99.9-99.9-99.9-9.9 99-9.9-99-99.9 -99-99.9-9.9-9.9
5048519800928-99.9-99.9-99.999999-99.9-99.9-99.9-99.9-9.9 99-9.9-99-99.9 -99-99.9-9.9-9.9
5048519800929-99.9-99.9-99.999999-99.9-99.9-99.9-99.9-9.9 99-9.9-99-99.9 -99-99.9-9.9-9.9
5048519800930-99.9-99.9-99.999999-99.9-99.9-99.9-99.9-9.9 99-9.9-99-99.9 -99-99.9-9.9-9.9
5048519801001-99.9-99.9-99.999999-99.9-99.9-99.9-99.9-9.9 99-9.9-99-99.9 -99-99.9-9.9-9.9
5048519801002-99.9-99.9-99.999999-99.9-99.9-99.9-99.9-9.9 99-9.9-99-99.9 -99-99.9-9.9-9.9
5048519801003-99.9-99.9-99.999999-99.9-99.9-99.9-99.9-9.9 99-9.9-99-99.9 -99-99.9-9.9-9.9
5048519801004-99.9-99.9-99.999999-99.9-99.9-99.9-99.9-9.9 99-9.9-99-99.9 -99-99.9-9.9-9.9
5048519801005-99.9-99.9-99.999999-99.9-99.9-99.9-99.9-9.9 99-9.9-99-99.9 -99-99.9-9.9-9.9
5048519801006-99.9-99.9-99.999999-99.9-99.9-99.9-99.9-9.9 99-9.9-99-99.9 -99-99.9-9.9-9.9
5048519801007-99.9-99.9-99.999999-99.9-99.9-99.9-99.9-9.9 99-9.9-99-99.9 -99-99.9-9.9-9.9
5048519801008-99.9-99.9-99.999999-99.9-99.9-99.9-99.9-9.9 99-9.9-99-99.9 -99-99.9-9.9-9.9
5048519801009-99.9-99.9-99.999999-99.9-99.9-99.9-99.9-9.9 99-9.9-99-99.9 -99-99.9-9.9-9.9
5048519801010-99.9-99.9-99.999999-99.9-99.9-99.9-99.9-9.9 99-9.9-99-99.9 -99-99.9-9.9-9.9
5048519801011-99.9-99.9-99.999999-99.9-99.9-99.9-99.9-9.9 99-9.9-99-99.9 -99-99.9-9.9-9.9
5048519801012-99.9-99.9-99.999999-99.9-99.9-99.9-99.9-9.9 99-9.9-99-99.9 -99-99.9-9.9-9.9
5048519801013-99.9-99.9-99.999999-99.9-99.9-99.9-99.9-9.9 99-9.9-99-99.9 -99-99.9-9.9-9.9
5048519801014-99.9-99.9-99.999999-99.9-99.9-99.9-99.9-9.9 99-9.9-99-99.9 -99-99.9-9.9-9.9
5048519801015-99.9-99.9-99.999999-99.9-99.9-99.9-99.9-9.9 99-9.9-99-99.9 -99-99.9-9.9-9.9
5048519801016-99.9-99.9-99.999999-99.9-99.9-99.9-99.9-9.9 99-9.9-99-99.9 -99-99.9-9.9-9.9
5048519801017-99.9-99.9-99.999999-99.9-99.9-99.9-99.9-9.9 99-9.9-99-99.9 -99-99.9-9.9-9.9
5048519801018-99.9-99.9-99.999999-99.9-99.9-99.9-99.9-9.9 99-9.9-99-99.9 -99-99.9-9.9-9.9
5048519801019-99.9-99.9-99.999999-99.9-99.9-99.9-99.9-9.9 99-9.9-99-99.9 -99-99.9-9.9-9.9
5048519801020-99.9-99.9-99.999999-99.9-99.9-99.9-99.9-9.9 99-9.9-99-99.9 -99-99.9-9.9-9.9
5048519801021-99.9-99.9-99.999999-99.9-99.9-99.9-99.9-9.9 99-9.9-99-99.9 -99-99.9-9.9-9.9
5048519801022-99.9-99.9-99.999999-99.9-99.9-99.9-99.9-9.9 99-9.9-99-99.9 -99-99.9-9.9-9.9
5048519801023-99.9-99.9-99.999999-99.9-99.9-99.9-99.9-9.9 99-9.9-99-99.9 -99-99.9-9.9-9.9
5048519801024-99.9-99.9-99.999999-99.9-99.9-99.9-99.9-9.9 99-9.9-99-99.9 -99-99.9-9.9-9.9
5048519801025-99.9-99.9-99.999999-99.9-99.9-99.9-99.9-9.9 99-9.9-99-99.9 -99-99.9-9.9-9.9
5048519801026-99.9-99.9-99.999999-99.9-99.9-99.9-99.9-9.9 99-9.9-99-99.9 -99-99.9-9.9-9.9
5048519801027-99.9-99.9-99.999999-99.9-99.9-99.9-99.9-9.9 99-9.9-99-99.9 -99-99.9-9.9-9.9
5048519801028-99.9-99.9-99.999999-99.9-99.9-99.9-99.9-9.9 99-9.9-99-99.9 -99-99.9-9.9-9.9
5048519801029-99.9-99.9-99.999999-99.9-99.9-99.9-99.9-9.9 99-9.9-99-99.9 -99-99.9-9.9-9.9
5048519801030-99.9-99.9-99.999999-99.9-99.9-99.9-99.9-9.9 99-9.9-99-99.9 -99-99.9-9.9-9.9
5048519801031-99.9-99.9-99.999999-99.9-99.9-99.9-99.9-9.9 99-9.9-99-99.9 -99-99.9-9.9-9.9
5048519801101-99.9-99.9-99.999999-99.9-99.9-99.9-99.9-9.9 99-9.9-99-99.9 -99-99.9-9.9-9.9
5048519801102-99.9-99.9-99.999999-99.9-99.9-99.9-99.9-9.9 99-9.9-99-99.9 -99-99.9-9.9-9.9
5048519801103-99.9-99.9-99.999999-99.9-99.9-99.9-99.9-9.9 99-9.9-99-99.9 -99-99.9-9.9-9.9
5048519801104-99.9-99.9-99.999999-99.9-99.9-99.9-99.9-9.9 99-9.9-99-99.9 -99-99.9-9.9-9.9
5048519801105-99.9-99.9-99.999999-99.9-99.9-99.9-99.9-9.9 99-9.9-99-99.9 -99-99.9-9.9-9.9
5048519801106-99.9-99.9-99.999999-99.9-99.9-99.9-99.9-9.9 99-9.9-99-99.9 -99-99.9-9.9-9.9
5048519801107-99.9-99.9-99.999999-99.9-99.9-99.9-99.9-9.9 99-9.9-99-99.9 -99-99.9-9.9-9.9
5048519801108-99.9-99.9-99.999999-99.9-99.9-99.9-99.9-9.9 99-9.9-99-99.9 -99-99.9-9.9-9.9
5048519801109-99.9-99.9-99.999999-99.9-99.9-99.9-99.9-9.9 99-9.9-99-99.9 -99-99.9-9.9-9.9
5048519801110-99.9-99.9-99.999999-99.9-99.9-99.9-99.9-9.9 99-9.9-99-99.9 -99-99.9-9.9-9.9
5048519801111-99.9-99.9-99.999999-99.9-99.9-99.9-99.9-9.9 99-9.9-99-99.9 -99-99.9-9.9-9.9
5048519801112-99.9-99.9-99.999999-99.9-99.9-99.9-99.9-9.9 99-9.9-99-99.9 -99-99.9-9.9-9.9
5048519801113-99.9-99.9-99.999999-99.9-99.9-99.9-99.9-9.9 99-9.9-99-99.9 -99-99.9-9.9-9.9
5048519801114-99.9-99.9-99.999999-99.9-99.9-99.9-99.9-9.9 99-9.9-99-99.9 -99-99.9-9.9-9.9
5048519801115-99.9-99.9-99.999999-99.9-99.9-99.9-99.9-9.9 99-9.9-99-99.9 -99-99.9-9.9-9.9
5048519801116-99.9-99.9-99.999999-99.9-99.9-99.9-99.9-9.9 99-9.9-99-99.9 -99-99.9-9.9-9.9
5048519801117-99.9-99.9-99.999999-99.9-99.9-99.9-99.9-9.9 99-9.9-99-99.9 -99-99.9-9.9-9.9
5048519801118-99.9-99.9-99.999999-99.9-99.9-99.9-99.9-9.9 99-9.9-99-99.9 -99-99.9-9.9-9.9
5048519801119-99.9-99.9-99.999999-99.9-99.9-99.9-99.9-9.9 99-9.9-99-99.9 -99-99.9-9.9-9.9
5048519801120-99.9-99.9-99.999999-99.9-99.9-99.9-99.9-9.9 99-9.9-99-99.9 -99-99.9-9.9-9.9
5048519801121-99.9-99.9-99.999999-99.9-99.9-99.9-99.9-9.9 99-9.9-99-99.9 -99-99.9-9.9-9.9
5048519801122-99.9-99.9-99.999999-99.9-99.9-99.9-99.9-9.9 99-9.9-99-99.9 -99-99.9-9.9-9.9
5048519801123-99.9-99.9-99.999999-99.9-99.9-99.9-99.9-9.9 99-9.9-99-99.9 -99-99.9-9.9-9.9
5048519801124-99.9-99.9-99.999999-99.9-99.9-99.9-99.9-9.9 99-9.9-99-99.9 -99-99.9-9.9-9.9
5048519801125-99.9-99.9-99.999999-99.9-99.9-99.9-99.9-9.9 99-9.9-99-99.9 -99-99.9-9.9-9.9
5048519801126-99.9-99.9-99.999999-99.9-99.9-99.9-99.9-9.9 99-9.9-99-99.9 -99-99.9-9.9-9.9
5048519801127-99.9-99.9-99.999999-99.9-99.9-99.9-99.9-9.9 99-9.9-99-99.9 -99-99.9-9.9-9.9
5048519801128-99.9-99.9-99.999999-99.9-99.9-99.9-99.9-9.9 99-9.9-99-99.9 -99-99.9-9.9-9.9
5048519801129-99.9-99.9-99.999999-99.9-99.9-99.9-99.9-9.9 99-9.9-99-99.9 -99-99.9-9.9-9.9
5048519801130-99.9-99.9-99.999999-99.9-99.9-99.9-99.9-9.9 99-9.9-99-99.9 -99-99.9-9.9-9.9
5048519801201-99.9-99.9-99.999999-99.9-99.9-99.9-99.9-9.9 99-9.9-99-99.9 -99-99.9-9.9-9.9
5048519801202-99.9-99.9-99.999999-99.9-99.9-99.9-99.9-9.9 99-9.9-99-99.9 -99-99.9-9.9-9.9
5048519801203-99.9-99.9-99.999999-99.9-99.9-99.9-99.9-9.9 99-9.9-99-99.9 -99-99.9-9.9-9.9
5048519801204-99.9-99.9-99.999999-99.9-99.9-99.9-99.9-9.9 99-9.9-99-99.9 -99-99.9-9.9-9.9
5048519801205-99.9-99.9-99.999999-99.9-99.9-99.9-99.9-9.9 99-9.9-99-99.9 -99-99.9-9.9-9.9
5048519801206-99.9-99.9-99.999999-99.9-99.9-99.9-99.9-9.9 99-9.9-99-99.9 -99-99.9-9.9-9.9
5048519801207-99.9-99.9-99.999999-99.9-99.9-99.9-99.9-9.9 99-9.9-99-99.9 -99-99.9-9.9-9.9
5048519801208-99.9-99.9-99.999999-99.9-99.9-99.9-99.9-9.9 99-9.9-99-99.9 -99-99.9-9.9-9.9
5048519801209-99.9-99.9-99.999999-99.9-99.9-99.9-99.9-9.9 99-9.9-99-99.9 -99-99.9-9.9-9.9
5048519801210-99.9-99.9-99.999999-99.9-99.9-99.9-99.9-9.9 99-9.9-99-99.9 -99-99.9-9.9-9.9
5048519801211-99.9-99.9-99.999999-99.9-99.9-99.9-99.9-9.9 99-9.9-99-99.9 -99-99.9-9.9-9.9
5048519801212-99.9-99.9-99.999999-99.9-99.9-99.9-99.9-9.9 99-9.9-99-99.9 -99-99.9-9.9-9.9
5048519801213-99.9-99.9-99.999999-99.9-99.9-99.9-99.9-9.9 99-9.9-99-99.9 -99-99.9-9.9-9.9
5048519801214-99.9-99.9-99.999999-99.9-99.9-99.9-99.9-9.9 99-9.9-99-99.9 -99-99.9-9.9-9.9
5048519801215-99.9-99.9-99.999999-99.9-99.9-99.9-99.9-9.9 99-9.9-99-99.9 -99-99.9-9.9-9.9
5048519801216-99.9-99.9-99.999999-99.9-99.9-99.9-99.9-9.9 99-9.9-99-99.9 -99-99.9-9.9-9.9
5048519801217-99.9-99.9-99.999999-99.9-99.9-99.9-99.9-9.9 99-9.9-99-99.9 -99-99.9-9.9-9.9
5048519801218-99.9-99.9-99.999999-99.9-99.9-99.9-99.9-9.9 99-9.9-99-99.9 -99-99.9-9.9-9.9
5048519801219-99.9-99.9-99.999999-99.9-99.9-99.9-99.9-9.9 99-9.9-99-99.9 -99-99.9-9.9-9.9
5048519801220-99.9-99.9-99.999999-99.9-99.9-99.9-99.9-9.9 99-9.9-99-99.9 -99-99.9-9.9-9.9
5048519801221-99.9-99.9-99.999999-99.9-99.9-99.9-99.9-9.9 99-9.9-99-99.9 -99-99.9-9.9-9.9
5048519801222-99.9-99.9-99.999999-99.9-99.9-99.9-99.9-9.9 99-9.9-99-99.9 -99-99.9-9.9-9.9
5048519801223-99.9-99.9-99.999999-99.9-99.9-99.9-99.9-9.9 99-9.9-99-99.9 -99-99.9-9.9-9.9
5048519801224-99.9-99.9-99.999999-99.9-99.9-99.9-99.9-9.9 99-9.9-99-99.9 -99-99.9-9.9-9.9
5048519801225-99.9-99.9-99.999999-99.9-99.9-99.9-99.9-9.9 99-9.9-99-99.9 -99-99.9-9.9-9.9
5048519801226-99.9-99.9-99.999999-99.9-99.9-99.9-99.9-9.9 99-9.9-99-99.9 -99-99.9-9.9-9.9
5048519801227-99.9-99.9-99.999999-99.9-99.9-99.9-99.9-9.9 99-9.9-99-99.9 -99-99.9-9.9-9.9
5048519801228-99.9-99.9-99.999999-99.9-99.9-99.9-99.9-9.9 99-9.9-99-99.9 -99-99.9-9.9-9.9
5048519801229-99.9-99.9-99.999999-99.9-99.9-99.9-99.9-9.9 99-9.9-99-99.9 -99-99.9-9.9-9.9
5048519801230-99.9-99.9-99.999999-99.9-99.9-99.9-99.9-9.9 99-9.9-99-99.9 -99-99.9-9.9-9.9
5048519801231-99.9-99.9-99.999999-99.9-99.9-99.9-99.9-9.9 99-9.9-99-99.9 -99-99.9-9.9-9.9
5048519810101 25.0 14.5  0.009900 12.0-99.9-99.9-99.912.0 8413.6 58 11.5   4  3.228.8 5.3
5048519810102 27.5 11.2  0.009900  9.5-99.9-99.9-99.911.9 8412.4 44 10.1   6  4.828.7 5.4
5048519810103 34.5 11.5  0.009900 10.0-99.9-99.9-99.911.8 8312.2 37  9.9   2  1.628.5 5.4
5048519810104 35.5 14.5  0.009900 11.0-99.9-99.9-99.912.0 8410.3 28  7.4   5  4.028.8 6.1
5048519810105 30.0 16.5  4.019910 13.2-99.9-99.9-99.910.9 7714.0 45 12.0  12  9.626.9 6.5
5048519810106 31.0 12.0  0.009900  9.0-99.9-99.9-99.911.2 7913.7 45 11.6   7  5.627.4 5.7
5048519810107 33.0 16.4  0.009900 14.8-99.9-99.9-99.912.1 8516.5 46 14.5   8  6.428.9 6.5
5048519810108 35.0 16.0  0.009900 14.5-99.9-99.9-99.912.0 8518.2 49 16.0  16 12.828.7 7.4
5048519810109 30.5 19.0  0.009900 18.1-99.9-99.9-99.910.2 7217.0 54 15.0   8  6.425.6 6.0
5048519810110 32.5 13.5  0.009900 17.5-99.9-99.9-99.912.0 8519.9 55 17.4   8  6.428.7 6.0
5048519810111 31.0 17.3 29.019900 16.0-99.9-99.9-99.912.2 8618.6 59 16.4   2  1.629.0 5.8
5048519810112 27.1 14.9  0.009900 13.1-99.9-99.9-99.9 6.9 4917.2 74 15.1   8  6.419.9 4.4
5048519810113 31.0 14.3  0.009900 12.0-99.9-99.9-99.912.1 8619.2 61 16.9   5  4.028.8 5.7
5048519810114 34.5 15.0  0.009900 12.1-99.9-99.9-99.9 9.6 6815.7 47 13.7   6  4.824.5 5.6
5048519810115 24.0 15.4  5.019910 16.1-99.9-99.9-99.9 1.6 1118.2 89 16.0  16 12.810.7 3.0
5048519810116 29.5 12.0  0.009900 10.9-99.9-99.9-99.911.9 8515.0 58 13.0   6  4.828.4 5.5
5048519810117 33.3 14.0  1.819900 12.6-99.9-99.9-99.911.7 8418.2 55 16.0   1  0.828.0 5.4
5048519810118 31.8 16.4  0.009900 15.3-99.9-99.9-99.9 8.3 5921.6 68 18.7  14 11.222.1 5.4
5048519810119 30.5 16.5  0.009900 15.1-99.9-99.9-99.912.0 8619.9 66 17.4   3  2.428.5 5.6
5048519810120 27.0 17.7  0.009900 16.7-99.9-99.9-99.9 8.4 6017.8 65 15.7   4  3.222.2 4.6
5048519810121 30.7 17.2  0.009900 16.0-99.9-99.9-99.911.6 8319.8 61 17.3   7  5.627.7 5.9
5048519810122 28.5 18.0  0.009900 17.6-99.9-99.9-99.9 9.5 6819.7 68 17.3   8  6.424.1 5.3
5048519810123 31.0 17.4 10.719900 16.0-99.9-99.9-99.9 8.3 6018.4 59 16.2   6  4.822.0 5.0
5048519810124 29.0 16.8 15.719900 16.5-99.9-99.9-99.9 5.6 4018.2 70 16.0   3  2.417.3 3.9
5048519810125 24.5 18.0  0.519910 17.6-99.9-99.9-99.9 4.4 3218.3 74 16.1  11  8.815.2 3.8
5048519810126 28.6 18.0  0.009900 17.0-99.9-99.9-99.910.2 7418.6 61 16.4   5  4.025.1 5.2
5048519810127 27.5 18.2  0.009900 17.2-99.9-99.9-99.911.9 8618.3 60 16.1   9  7.228.0 5.9
5048519810128 29.1 18.4  0.009900 17.0-99.9-99.9-99.9 8.6 6314.6 47 12.6   1  0.822.3 4.5
5048519810129 31.7 16.7  0.009900 15.5-99.9-99.9-99.911.0 8017.6 53 15.5   3  2.426.3 5.3
5048519810130 32.2 16.1  0.009900 17.0-99.9-99.9-99.910.0 7318.0 57 15.8   1  0.824.6 4.9
5048519810131 30.0 20.0  0.009900 19.2-99.9-99.9-99.9 9.6 7016.8 57 14.8   1  0.823.9 4.9
5048519810201 31.0 19.5  0.009900 18.7-99.9-99.9-99.911.8 8716.6 55 14.6   2  1.627.5 5.5
5048519810202 34.7 16.5  0.009900 15.0-99.9-99.9-99.911.5 8521.0 56 18.3   0  0.027.0 5.4
5048519810203 29.4 18.6  0.009900 17.5-99.9-99.9-99.911.1 8216.6 54 14.6   8  6.426.2 5.8
5048519810204 31.5 14.4  0.009900 13.2-99.9-99.9-99.9-9.9 9916.6 56 14.6   6  4.8-9.9-9.9
5048519810205 33.5 16.1  0.009900 15.0-99.9-99.9-99.911.7 8717.3 52 15.2   7  5.627.1 5.9
5048519810206 34.3 17.5  0.009900 16.0-99.9-99.9-99.910.1 7519.7 52 17.3  13 10.424.4 6.2
5048519810207 24.5 19.0  0.009900 18.5-99.9-99.9-99.9 5.9 4415.0 60 13.0   9  7.217.3 4.3
5048519810208 28.0 15.2  0.009900 14.0-99.9-99.9-99.9 8.6 6413.1 52 11.0   1  0.821.8 4.1
5048519810209 31.7 11.5  0.009900  9.6-99.9-99.9-99.9-9.9 9915.4 53 13.4   4  3.2-9.9-9.9
5048519810210 30.9 15.9  0.519900 14.7-99.9-99.9-99.9-9.9 9918.5 64 16.3  23 18.4-9.9-9.9
5048519810211 30.2 16.8  2.519900 15.0-99.9-99.9-99.9 8.9 6717.1 59 15.0   5  4.022.1 4.7
5048519810212 28.0 13.9  0.719900 12.0-99.9-99.9-99.910.3 7715.6 58 13.6  10  8.024.3 5.1
5048519810213 22.0 12.3 25.519900 12.0-99.9-99.9-99.9 0.0  012.3 78 10.0  13 10.4 7.2 2.9
5048519810214 20.5 12.2  0.009900 11.6-99.9-99.9-99.9 4.6 3512.2 67  9.9  46 36.814.8 5.7
5048519810215 28.7 11.5  0.009900 10.0-99.9-99.9-99.910.2 7713.7 55 11.6   2  1.624.0 4.2
5048519810216 31.3 13.1  0.009900 12.0-99.9-99.9-99.910.9 8313.9 49 11.9   4  3.225.0 4.8
5048519810217 29.0 15.0  0.009900 13.0-99.9-99.9-99.911.2 8513.2 48 11.1   5  4.025.5 4.9
5048519810218 31.5 15.2  0.009900 13.0-99.9-99.9-99.9 9.4 7216.2 54 14.2   8  6.422.4 5.0
5048519810219 34.4 16.6  0.009900 14.2-99.9-99.9-99.9 9.3 7117.7 50 15.6   3  2.422.2 4.7
5048519810220 34.7 20.1  0.009900 18.3-99.9-99.9-99.910.9 8425.5 68 21.4   9  7.224.7 5.9
5048519810221 34.7 20.2  0.009900 18.3-99.9-99.9-99.9 9.4 7223.5 61 20.1   2  1.622.2 4.9
5048519810222 35.5 20.0  0.009900 18.1-99.9-99.9-99.9 8.9 6924.8 62 21.0   8  6.421.3 5.3
5048519810223 36.0 20.7  0.009900 19.0-99.9-99.9-99.9 9.1 7022.7 55 19.5   4  3.221.6 5.1
5048519810224 36.9 20.0  0.009900 17.9-99.9-99.9-99.910.5 8123.5 60 20.1   7  5.623.7 5.7
5048519810225 28.2 18.2  0.009900 17.9-99.9-99.9-99.9 3.6 2810.8 46  8.1   6  4.812.6 3.9
5048519810226 31.0 13.6  0.009900 12.6-99.9-99.9-99.9 9.3 7215.7 54 13.7  10  8.021.6 4.8
5048519810227 35.8 18.0  0.009900 16.5-99.9-99.9-99.910.4 8122.3 57 19.2   6  4.823.3 5.3
5048519810228 30.2 16.1  3.519900 16.5-99.9-99.9-99.9 7.1 5619.9 66 17.4   4  3.218.0 3.8
5048519810301 33.5 18.5  0.009900 17.2-99.9-99.9-99.9 8.9 7021.8 61 18.9   5  4.020.7 4.6
5048519810302 33.3 19.2  0.009900 18.0-99.9-99.9-99.9 5.6 4418.7 55 16.4   1  0.815.4 3.6
5048519810303 37.7 19.2  0.009900 18.0-99.9-99.9-99.9 7.5 5921.0 58 18.3   8  6.418.3 5.0
5048519810304 32.8 18.9  0.009900 16.6-99.9-99.9-99.910.5 8321.2 63 18.4   6  4.823.0 5.0
5048519810305 30.8 16.2  6.519900 15.0-99.9-99.9-99.9 5.3 4219.4 73 17.0  14 11.214.7 4.1
5048519810306 22.0 15.0  0.009900 13.5-99.9-99.9-99.910.3 8215.5 73 13.5   9  7.222.5 3.9
5048519810307 21.8 15.5  0.009900 14.8-99.9-99.9-99.9 1.6 1317.7 85 15.6   0  0.0 8.9 1.8
5048519810308 30.5 13.3  0.009900 11.7-99.9-99.9-99.910.5 8420.5 75 17.9   2  1.622.6 4.0
5048519810309 33.5 15.2  0.009900 13.5-99.9-99.9-99.9-9.9 9920.9 68 18.2   6  4.8-9.9-9.9
5048519810310 32.5 17.0  3.019900 15.9-99.9-99.9-99.9 8.0 6420.5 73 17.9   4  3.218.5 3.9
5048519810311 27.5 15.0  0.009910 13.3-99.9-99.9-99.910.4 8416.5 66 14.5   4  3.222.1 3.9
5048519810312 28.1 12.3  0.009900 10.7-99.9-99.9-99.910.1 8216.1 66 14.1   5  4.021.5 3.8
5048519810313 25.6 14.5  0.009900 13.0-99.9-99.9-99.9 7.0 5717.6 78 15.5   4  3.216.7 3.1
5048519810314 28.0 11.2  0.009900  9.6-99.9-99.9-99.910.2 8319.2 77 16.9   6  4.821.5 3.5
5048519810315 21.3 12.2  0.009900 11.6-99.9-99.9-99.9 3.3 2711.9 63  9.5   8  6.411.0 2.7
5048519810316 26.5  7.5  0.009900  6.6-99.9-99.9-99.9 8.9 7313.3 64 11.2   6  4.819.3 3.2
5048519810317 29.0 10.5  0.009900  7.5-99.9-99.9-99.9 9.8 8015.9 68 13.9   8  6.420.5 3.7
5048519810318 21.5 14.1  0.009900 11.9-99.9-99.9-99.9 0.7  614.5 73 12.5  15 12.0 6.9 2.5
5048519810319 22.8 13.5  0.009900 12.0-99.9-99.9-99.9 1.4 1214.9 75 12.9   1  0.8 7.9 1.8
5048519810320 29.5 10.9  0.009900 10.0-99.9-99.9-99.9 9.9 8217.4 71 15.3   2  1.620.3 3.3
5048519810321 31.5 13.0  0.009900 12.0-99.9-99.9-99.9 9.6 8019.3 69 16.9   3  2.419.8 3.5
5048519810322 32.0 14.2  0.009900 13.5-99.9-99.9-99.9 9.3 7716.7 61 14.7   4  3.219.2 3.7
5048519810323 23.2 13.2  0.009900 12.8-99.9-99.9-99.9 8.0 67 8.6 51  4.8  10  8.017.2 3.8
5048519810324 25.5  6.8  0.009900  5.0-99.9-99.9-99.9 9.8 82 9.5 53  6.2   6  4.819.7 3.1
5048519810325 30.4  9.3  0.009900  8.0-99.9-99.9-99.9 9.9 8315.5 61 13.5   4  3.219.8 3.2
5048519810326 31.0 13.8  0.009900 12.6-99.9-99.9-99.9 8.2 6918.7 69 16.4   4  3.217.2 3.2
5048519810327 28.7 14.0  6.019900 13.0-99.9-99.9-99.9 6.8 5719.0 76 16.7  14 11.215.1 3.4
5048519810328 24.5 11.1  0.009900  9.9-99.9-99.9-99.9 8.4 7115.3 74 13.3   1  0.817.3 2.5
5048519810329 25.7 12.2  0.009900 11.7-99.9-99.9-99.9 5.2 4416.8 74 14.8   0  0.012.7 2.1
5048519810330 27.8 12.0  0.009900 11.0-99.9-99.9-99.9 9.4 8016.4 68 14.4   2  1.618.5 2.9
5048519810331 27.5 15.5  0.009900 14.5-99.9-99.9-99.9 9.2 7817.9 75 15.8   4  3.218.1 3.1
5048519810401 24.7 15.5  0.009900 15.0-99.9-99.9-99.9 9.0 7718.4 79 16.2   6  4.817.7 2.9
5048519810402 23.0 17.0  0.009900 17.0-99.9-99.9-99.9 5.6 4817.8 81 15.7   6  4.812.9 2.4
5048519810403 22.5 14.6  0.009900 13.7-99.9-99.9-99.9 2.6 2217.2 82 15.1   4  3.2 8.7 1.8
5048519810404 28.5 13.1  0.009900 11.3-99.9-99.9-99.9 9.4 8118.1 73 15.9   1  0.817.9 2.7
5048519810405 25.4 13.8  0.009900 12.7-99.9-99.9-99.9 5.6 4819.3 80 16.9   0  0.012.7 2.0
5048519810406 24.6 17.0  0.009900 16.0-99.9-99.9-99.9 1.6 1418.2 81 16.0  11  8.8 7.2 2.2
5048519810407 26.0 13.7  0.009900 12.2-99.9-99.9-99.9 6.4 5617.2 73 15.1   4  3.213.5 2.3
5048519810408 26.6 17.8  0.009900 16.4-99.9-99.9-99.9 5.0 4421.1 79 18.4  15 12.011.6 2.8
5048519810409 28.1 16.1  0.009900 15.4-99.9-99.9-99.9 8.4 7420.8 80 18.1   9  7.216.0 3.0
5048519810410 27.0 17.0  0.009900 16.1-99.9-99.9-99.9 8.1 7118.7 74 16.4   4  3.215.5 2.7
5048519810411 27.5 15.5  0.009900 14.0-99.9-99.9-99.9 8.9 7818.8 75 16.5   2  1.616.4 2.6
5048519810412 29.0 15.9  0.009900 14.4-99.9-99.9-99.9 9.4 8318.3 68 16.1   2  1.617.0 2.7
5048519810413 25.0 14.5 16.019900 13.1-99.9-99.9-99.9 6.5 5818.0 81 15.8   6  4.813.1 2.2
5048519810414 18.0 12.1  0.519900 12.0-99.9-99.9-99.9 1.5 1314.2 84 12.2   9  7.2 6.6 1.4
5048519810415 17.0 12.2  0.009900 12.0-99.9-99.9-99.9 0.0  014.6 86 12.6   7  5.6 4.7 1.1
5048519810416 19.8 14.5  0.519900 14.6-99.9-99.9-99.9 0.0  016.6 86 14.6   3  2.4 4.6 1.1
5048519810417 21.1 15.2  0.009900 14.9-99.9-99.9-99.9 1.3 1217.1 81 15.0   0  0.0 6.2 1.2
5048519810418 23.0 14.4  0.009900 13.0-99.9-99.9-99.9 6.8 6116.7 77 14.7   2  1.613.0 1.9
5048519810419 24.5 13.1  0.009900 11.8-99.9-99.9-99.9 5.6 5016.5 79 14.5   1  0.811.4 1.7
5048519810420 18.5 13.5  0.009900 11.5-99.9-99.9-99.9 1.4 1315.8 85 13.8   8  6.4 6.2 1.3
5048519810421 22.0 12.2  0.009900 10.4-99.9-99.9-99.9 8.0 7215.2 80 13.2   2  1.614.2 1.8
5048519810422 23.5  8.9  0.009900  6.9-99.9-99.9-99.9 8.6 7813.8 77 11.8   2  1.614.8 1.7
5048519810423 15.5 10.5  0.009900 10.0-99.9-99.9-99.9 2.0 18 8.5 59  4.6   6  4.8 6.8 1.7
5048519810424 18.7 11.4  0.009900 10.2-99.9-99.9-99.9 0.0  013.1 73 11.0   2  1.6 4.3 1.1
5048519810425 20.6 11.8  0.009900 11.3-99.9-99.9-99.9 7.3 6712.1 75  9.8   1  0.813.0 1.6
5048519810426 21.6  8.2  0.009900  6.2-99.9-99.9-99.9 8.7 8012.3 74 10.0   3  2.414.5 1.6
5048519810427 19.1  7.0  5.019900  5.0-99.9-99.9-99.9 5.5 5111.7 81  9.3  25 20.010.7 2.1
5048519810428 17.6  6.7  0.009900  5.5-99.9-99.9-99.9 9.0 8310.5 80  7.7   2  1.614.7 1.3
5048519810429 22.9  4.9  0.009900  4.0-99.9-99.9-99.9 7.6 7010.6 73  7.8   6  4.813.0 1.6
5048519810430 25.0  6.9  0.009900  3.5-99.9-99.9-99.9 8.4 7812.7 74 10.5   6  4.813.8 1.7
5048519810501 23.0  7.9  0.009900  5.5-99.9-99.9-99.9 7.6 7112.0 74  9.7   1  0.812.8 1.4
5048519810502 22.3  6.7  0.009900  5.1-99.9-99.9-99.9 4.0 3713.2 82 11.1   1  0.8 8.6 1.1
5048519810503 24.7  6.5  0.009900  6.3-99.9-99.9-99.9 9.0 8413.0 75 10.9   8  6.414.2 1.7
5048519810504 26.0  7.0  0.009900  5.5-99.9-99.9-99.9 9.1 8512.9 77 10.7   5  4.014.2 1.7
5048519810505 20.5 10.2  0.009900  7.1-99.9-99.9-99.9 8.4 7911.8 67  9.4   6  4.813.3 1.6
5048519810506 22.0  6.0  0.009900  4.5-99.9-99.9-99.9 9.1 8611.6 76  9.2   6  4.814.0 1.4
5048519810507 26.0  9.8  0.009900  7.5-99.9-99.9-99.9 8.6 8113.8 71 11.8  10  8.013.4 2.0
5048519810508 21.5 11.5  0.009900 10.5-99.9-99.9-99.9 5.0 4710.5 64  7.7  10  8.0 9.3 2.1
5048519810509 19.1  5.4  0.009900  3.5-99.9-99.9-99.9 8.7 83 8.8 67  5.1   2  1.613.3 1.1
5048519810510 20.2  5.5  0.009900  4.0-99.9-99.9-99.9 8.8 8410.4 72  7.5   4  3.213.3 1.2
5048519810511 18.7  9.0  0.009900  6.7-99.9-99.9-99.9 3.9 3713.1 82 11.0   1  0.8 7.9 0.9
5048519810512 22.0  7.1  0.009900  4.7-99.9-99.9-99.9 8.6 8212.9 83 10.7   6  4.812.9 1.3
5048519810513 21.0  5.6  0.009900  4.0-99.9-99.9-99.9 8.0 7711.4 81  8.9   1  0.812.2 1.0
5048519810514 22.0  4.8  0.009900  2.5-99.9-99.9-99.9 8.6 8311.7 80  9.3   3  2.412.8 1.0
5048519810515 20.4  9.0  0.009900  7.2-99.9-99.9-99.9-9.9 9914.3 80 12.3   1  0.8-9.9-9.9
5048519810516 16.7 12.5  0.009900  9.7-99.9-99.9-99.9 0.2  213.6 90 11.5   6  4.8 3.8 1.0
5048519810517 19.3 10.7  0.009900 11.6-99.9-99.9-99.9 4.7 4514.0 88 12.0   0  0.0 8.5 0.9
5048519810518 20.7  8.2  0.009900  6.0-99.9-99.9-99.9 4.2 4114.0 86 12.0   7  5.6 7.9 1.0
5048519810519 18.2  9.5  0.009900  7.5-99.9-99.9-99.9 4.7 46 9.2 58  5.8   6  4.8 8.3 1.4
5048519810520 21.0  3.0  0.009900  1.2-99.9-99.9-99.9 7.2 70 9.3 68  5.9   6  4.810.9 1.1
5048519810521 19.6  2.8  0.009900  0.5-99.9-99.9-99.9 6.7 65 9.4 76  6.1   2  1.610.3 0.8
5048519810522 21.0  3.5  0.009900  0.5-99.9-99.9-99.9 8.4 8211.1 81  8.5   1  0.812.0 0.7
5048519810523 22.0  4.9  0.009900  3.0-99.9-99.9-99.9 7.2 7112.2 81  9.9   3  2.410.7 0.8
5048519810524 20.2  6.2  0.009900  4.0-99.9-99.9-99.9 7.0 6911.4 75  8.9   3  2.410.4 0.9
5048519810525 12.5  9.1  0.009900  9.0-99.9-99.9-99.9 0.0  0 7.1 56  2.1   2  1.6 3.3 1.1
5048519810526 14.7  7.2  0.009900  7.2-99.9-99.9-99.9 3.0 30 8.4 72  4.5   2  1.6 6.3 0.9
5048519810527 17.0  1.0  0.009900 -1.5-99.9-99.9-99.9 4.9 48 8.4 76  4.5   2  1.6 8.2 0.7
5048519810528 18.8  5.2  0.009900  3.7-99.9-99.9-99.9 5.4 5310.6 78  7.8   2  1.6 8.6 0.7
5048519810529 16.1  5.1  0.009900  2.8-99.9-99.9-99.9 2.8 2810.9 81  8.2   4  3.2 6.0 0.7
5048519810530 20.0  9.5  0.009900  6.6-99.9-99.9-99.9 3.9 3911.8 74  9.4   3  2.4 7.1 1.0
5048519810531 14.0  7.0  0.009900 10.5-99.9-99.9-99.9 0.6  6 9.9 81  6.8   8  6.4 3.8 1.0
5048519810601 16.0  1.8  0.009900 -1.3-99.9-99.9-99.9 8.1 81 8.6 80  4.8   4  3.211.1 0.6
5048519810602 15.5  2.5  0.009900 -0.7-99.9-99.9-99.9 7.5 75 7.4 74  2.7   8  6.410.5 0.9
5048519810603 14.9  1.5  0.009900 -1.0-99.9-99.9-99.9 6.6 66 8.1 74  3.9   8  6.4 9.6 0.8
5048519810604 13.2  0.5  0.009900 -2.1-99.9-99.9-99.9 3.5 35 9.3 88  5.9   8  6.4 6.6 0.4
5048519810605 13.6  2.0  0.009900  0.0-99.9-99.9-99.9 0.1  1 9.3 87  5.9   4  3.2 3.3 0.6
5048519810606 16.5  4.2  0.009900  1.7-99.9-99.9-99.9 4.3 43 9.6 77  6.4   1  0.8 7.3 0.6
5048519810607 16.5  6.0  0.009900  3.4-99.9-99.9-99.9 5.0 5010.5 85  7.7   1  0.8 7.9 0.6
5048519810608 19.0  0.0  0.009900 -2.0-99.9-99.9-99.9 7.2 72 8.8 80  5.1   2  1.610.0 0.5
5048519810609 19.5  3.5  0.009900  0.5-99.9-99.9-99.9 7.7 77 8.9 71  5.3   6  4.810.5 0.9
5048519810610 17.2  1.0  0.009900  4.2-99.9-99.9-99.9 7.5 75 8.3 69  4.3   6  4.810.2 0.7
5048519810611 17.0  2.0  0.009900 -0.2-99.9-99.9-99.9 7.6 76 7.8 72  3.4   6  4.810.3 0.8
5048519810612 15.4 -0.6  0.009900 -3.0-99.9-99.9-99.9 4.7 47 7.2 67  2.3   2  1.6 7.5 0.6
5048519810613 14.9  3.5  0.009900  0.7-99.9-99.9-99.9 4.5 45 6.4 60  0.6   2  1.6 7.3 0.8
5048519810614 15.5 -1.0  0.009900 -3.8-99.9-99.9-99.9 6.8 68 7.0 69  1.9   1  0.8 9.5 0.4
5048519810615 18.3  1.5  0.009900 -1.0-99.9-99.9-99.9 7.4 75 7.8 65  3.4   9  7.210.0 1.0
5048519810616 11.2  2.5  0.009900  0.5-99.9-99.9-99.9 2.3 23 7.4 76  2.7   2  1.6 5.2 0.6
5048519810617 12.5 -3.0  0.009900 -6.0-99.9-99.9-99.9 4.0 40 6.3 77  0.4   5  4.0 6.8 0.6
5048519810618 13.6 -2.0  0.009900 -3.5-99.9-99.9-99.9 0.0  0 6.9 77  1.7   1  0.8 3.1 0.6
5048519810619 15.5 -1.4  0.009900 -3.5-99.9-99.9-99.9 5.0 50 6.9 73  1.7   6  4.8 7.8 0.7
5048519810620 16.0 -0.9  0.009900 -4.4-99.9-99.9-99.9 6.9 70 7.2 76  2.3   1  0.8 9.5 0.4
5048519810621 15.0  2.3  0.009900 -0.9-99.9-99.9-99.9 6.2 62 7.7 71  3.2   4  3.2 8.9 0.6
5048519810622 15.5  0.0  0.009900 -2.6-99.9-99.9-99.9 7.9 80 7.0 74  1.9   4  3.210.5 0.6
5048519810623 17.5 -0.2  0.009900 -2.3-99.9-99.9-99.9-9.9 99 6.7 64  1.3   4  3.2-9.9-9.9
5048519810624 19.3  2.0  0.009900 -1.0-99.9-99.9-99.9 7.4 75 6.4 54  0.6   4  3.210.0 1.0
5048519810625 13.0  1.7  0.009900 -1.0-99.9-99.9-99.9 0.7  7 4.8 48 -3.3   9  7.2 3.7 1.6
5048519810626 14.0 -2.9  0.009900 -5.7-99.9-99.9-99.9 7.7 78 3.9 47 -6.0   4  3.210.3 1.0
5048519810627 15.0 -2.0  0.009900 -5.0-99.9-99.9-99.9 7.4 74 5.0 55 -2.7   2  1.610.0 0.7
5048519810628 16.0 -3.3  0.009900 -5.7-99.9-99.9-99.9 7.9 79 5.2 57 -2.2   1  0.810.5 0.6
5048519810629 24.2 -1.0  0.009900 -5.0-99.9-99.9-99.9 7.6 76 6.9 56  1.7   2  1.610.3 0.9
5048519810630 18.9  0.8  0.009900 -2.5-99.9-99.9-99.9 2.3 23 6.9 59  1.7   1  0.8 5.3 0.8
5048519810701-99.9-99.9-99.999999-99.9-99.9-99.9-99.9-9.9 99-9.9-99-99.9 -99-99.9-9.9-9.9
5048519810702-99.9-99.9-99.999999-99.9-99.9-99.9-99.9-9.9 99-9.9-99-99.9 -99-99.9-9.9-9.9
5048519810703-99.9-99.9-99.999999-99.9-99.9-99.9-99.9-9.9 99-9.9-99-99.9 -99-99.9-9.9-9.9
5048519810704-99.9-99.9-99.999999-99.9-99.9-99.9-99.9-9.9 99-9.9-99-99.9 -99-99.9-9.9-9.9
5048519810705-99.9-99.9-99.999999-99.9-99.9-99.9-99.9-9.9 99-9.9-99-99.9 -99-99.9-9.9-9.9
5048519810706-99.9-99.9-99.999999-99.9-99.9-99.9-99.9-9.9 99-9.9-99-99.9 -99-99.9-9.9-9.9
5048519810707-99.9-99.9-99.999999-99.9-99.9-99.9-99.9-9.9 99-9.9-99-99.9 -99-99.9-9.9-9.9
5048519810708-99.9-99.9-99.999999-99.9-99.9-99.9-99.9-9.9 99-9.9-99-99.9 -99-99.9-9.9-9.9
5048519810709-99.9-99.9-99.999999-99.9-99.9-99.9-99.9-9.9 99-9.9-99-99.9 -99-99.9-9.9-9.9
5048519810710-99.9-99.9-99.999999-99.9-99.9-99.9-99.9-9.9 99-9.9-99-99.9 -99-99.9-9.9-9.9
5048519810711-99.9-99.9-99.999999-99.9-99.9-99.9-99.9-9.9 99-9.9-99-99.9 -99-99.9-9.9-9.9
5048519810712-99.9-99.9-99.999999-99.9-99.9-99.9-99.9-9.9 99-9.9-99-99.9 -99-99.9-9.9-9.9
5048519810713-99.9-99.9-99.999999-99.9-99.9-99.9-99.9-9.9 99-9.9-99-99.9 -99-99.9-9.9-9.9
5048519810714-99.9-99.9-99.999999-99.9-99.9-99.9-99.9-9.9 99-9.9-99-99.9 -99-99.9-9.9-9.9
5048519810715-99.9-99.9-99.999999-99.9-99.9-99.9-99.9-9.9 99-9.9-99-99.9 -99-99.9-9.9-9.9
5048519810716-99.9-99.9-99.999999-99.9-99.9-99.9-99.9-9.9 99-9.9-99-99.9 -99-99.9-9.9-9.9
5048519810717-99.9-99.9-99.999999-99.9-99.9-99.9-99.9-9.9 99-9.9-99-99.9 -99-99.9-9.9-9.9
5048519810718-99.9-99.9-99.999999-99.9-99.9-99.9-99.9-9.9 99-9.9-99-99.9 -99-99.9-9.9-9.9
5048519810719-99.9-99.9-99.999999-99.9-99.9-99.9-99.9-9.9 99-9.9-99-99.9 -99-99.9-9.9-9.9
5048519810720-99.9-99.9-99.999999-99.9-99.9-99.9-99.9-9.9 99-9.9-99-99.9 -99-99.9-9.9-9.9
5048519810721-99.9-99.9-99.999999-99.9-99.9-99.9-99.9-9.9 99-9.9-99-99.9 -99-99.9-9.9-9.9
5048519810722-99.9-99.9-99.999999-99.9-99.9-99.9-99.9-9.9 99-9.9-99-99.9 -99-99.9-9.9-9.9
5048519810723-99.9-99.9-99.999999-99.9-99.9-99.9-99.9-9.9 99-9.9-99-99.9 -99-99.9-9.9-9.9
5048519810724-99.9-99.9-99.999999-99.9-99.9-99.9-99.9-9.9 99-9.9-99-99.9 -99-99.9-9.9-9.9
5048519810725-99.9-99.9-99.999999-99.9-99.9-99.9-99.9-9.9 99-9.9-99-99.9 -99-99.9-9.9-9.9
5048519810726-99.9-99.9-99.999999-99.9-99.9-99.9-99.9-9.9 99-9.9-99-99.9 -99-99.9-9.9-9.9
5048519810727-99.9-99.9-99.999999-99.9-99.9-99.9-99.9-9.9 99-9.9-99-99.9 -99-99.9-9.9-9.9
5048519810728-99.9-99.9-99.999999-99.9-99.9-99.9-99.9-9.9 99-9.9-99-99.9 -99-99.9-9.9-9.9
5048519810729-99.9-99.9-99.999999-99.9-99.9-99.9-99.9-9.9 99-9.9-99-99.9 -99-99.9-9.9-9.9
5048519810730-99.9-99.9-99.999999-99.9-99.9-99.9-99.9-9.9 99-9.9-99-99.9 -99-99.9-9.9-9.9
5048519810731-99.9-99.9-99.999999-99.9-99.9-99.9-99.9-9.9 99-9.9-99-99.9 -99-99.9-9.9-9.9
5048519810801-99.9-99.9-99.999999-99.9-99.9-99.9-99.9-9.9 99-9.9-99-99.9 -99-99.9-9.9-9.9
5048519810802-99.9-99.9-99.999999-99.9-99.9-99.9-99.9-9.9 99-9.9-99-99.9 -99-99.9-9.9-9.9
5048519810803-99.9-99.9-99.999999-99.9-99.9-99.9-99.9-9.9 99-9.9-99-99.9 -99-99.9-9.9-9.9
5048519810804-99.9-99.9-99.999999-99.9-99.9-99.9-99.9-9.9 99-9.9-99-99.9 -99-99.9-9.9-9.9
5048519810805-99.9-99.9-99.999999-99.9-99.9-99.9-99.9-9.9 99-9.9-99-99.9 -99-99.9-9.9-9.9
5048519810806-99.9-99.9-99.999999-99.9-99.9-99.9-99.9-9.9 99-9.9-99-99.9 -99-99.9-9.9-9.9
5048519810807-99.9-99.9-99.999999-99.9-99.9-99.9-99.9-9.9 99-9.9-99-99.9 -99-99.9-9.9-9.9
5048519810808-99.9-99.9-99.999999-99.9-99.9-99.9-99.9-9.9 99-9.9-99-99.9 -99-99.9-9.9-9.9
5048519810809-99.9-99.9-99.999999-99.9-99.9-99.9-99.9-9.9 99-9.9-99-99.9 -99-99.9-9.9-9.9
5048519810810-99.9-99.9-99.999999-99.9-99.9-99.9-99.9-9.9 99-9.9-99-99.9 -99-99.9-9.9-9.9
5048519810811-99.9-99.9-99.999999-99.9-99.9-99.9-99.9-9.9 99-9.9-99-99.9 -99-99.9-9.9-9.9
5048519810812-99.9-99.9-99.999999-99.9-99.9-99.9-99.9-9.9 99-9.9-99-99.9 -99-99.9-9.9-9.9
5048519810813-99.9-99.9-99.999999-99.9-99.9-99.9-99.9-9.9 99-9.9-99-99.9 -99-99.9-9.9-9.9
5048519810814-99.9-99.9-99.999999-99.9-99.9-99.9-99.9-9.9 99-9.9-99-99.9 -99-99.9-9.9-9.9
5048519810815-99.9-99.9-99.999999-99.9-99.9-99.9-99.9-9.9 99-9.9-99-99.9 -99-99.9-9.9-9.9
5048519810816-99.9-99.9-99.999999-99.9-99.9-99.9-99.9-9.9 99-9.9-99-99.9 -99-99.9-9.9-9.9
5048519810817-99.9-99.9-99.999999-99.9-99.9-99.9-99.9-9.9 99-9.9-99-99.9 -99-99.9-9.9-9.9
5048519810818-99.9-99.9-99.999999-99.9-99.9-99.9-99.9-9.9 99-9.9-99-99.9 -99-99.9-9.9-9.9
5048519810819-99.9-99.9-99.999999-99.9-99.9-99.9-99.9-9.9 99-9.9-99-99.9 -99-99.9-9.9-9.9
5048519810820-99.9-99.9-99.999999-99.9-99.9-99.9-99.9-9.9 99-9.9-99-99.9 -99-99.9-9.9-9.9
5048519810821-99.9-99.9-99.999999-99.9-99.9-99.9-99.9-9.9 99-9.9-99-99.9 -99-99.9-9.9-9.9
5048519810822-99.9-99.9-99.999999-99.9-99.9-99.9-99.9-9.9 99-9.9-99-99.9 -99-99.9-9.9-9.9
5048519810823-99.9-99.9-99.999999-99.9-99.9-99.9-99.9-9.9 99-9.9-99-99.9 -99-99.9-9.9-9.9
5048519810824-99.9-99.9-99.999999-99.9-99.9-99.9-99.9-9.9 99-9.9-99-99.9 -99-99.9-9.9-9.9
5048519810825-99.9-99.9-99.999999-99.9-99.9-99.9-99.9-9.9 99-9.9-99-99.9 -99-99.9-9.9-9.9
5048519810826-99.9-99.9-99.999999-99.9-99.9-99.9-99.9-9.9 99-9.9-99-99.9 -99-99.9-9.9-9.9
5048519810827-99.9-99.9-99.999999-99.9-99.9-99.9-99.9-9.9 99-9.9-99-99.9 -99-99.9-9.9-9.9
5048519810828-99.9-99.9-99.999999-99.9-99.9-99.9-99.9-9.9 99-9.9-99-99.9 -99-99.9-9.9-9.9
5048519810829-99.9-99.9-99.999999-99.9-99.9-99.9-99.9-9.9 99-9.9-99-99.9 -99-99.9-9.9-9.9
5048519810830-99.9-99.9-99.999999-99.9-99.9-99.9-99.9-9.9 99-9.9-99-99.9 -99-99.9-9.9-9.9
5048519810831-99.9-99.9-99.999999-99.9-99.9-99.9-99.9-9.9 99-9.9-99-99.9 -99-99.9-9.9-9.9
5048519810901  7.6 -0.5  0.009900 -2.0-99.9-99.9-99.9 0.0  0 6.7 79  1.3   2  1.6 4.8 0.7
5048519810902 13.5 -0.8  0.009900 -3.0-99.9-99.9-99.9 8.5 74 7.6 78  3.0   1  0.815.9 1.3
5048519810903 18.5  1.9  0.009900  0.1-99.9-99.9-99.9 9.4 82 9.1 68  5.6   3  2.417.2 1.7
5048519810904 27.8  2.9  0.009900  2.0-99.9-99.9-99.9 9.4 82 9.6 61  6.4   6  4.817.3 2.5
5048519810905 25.5  2.7  0.009900  2.0-99.9-99.9-99.9 9.3 8110.8 60  8.1   6  4.817.3 2.3
5048519810906 27.3  3.2  0.009900  2.8-99.9-99.9-99.9 9.5 8214.2 70 12.2   1  0.817.6 2.1
5048519810907 30.6  7.0  0.009900  4.0-99.9-99.9-99.9 9.5 8213.2 57 11.1   7  5.617.7 3.0
5048519810908 22.5  8.1  0.009900  6.0-99.9-99.9-99.9 9.5 82 8.8 71  5.1  18 14.417.9 3.8
5048519810909 18.4  5.6  0.009900  4.1-99.9-99.9-99.9 9.7 83 8.6 59  4.8   9  7.218.2 2.5
5048519810910 21.0  3.9  0.009900  1.5-99.9-99.9-99.910.6 91 8.9 62  5.3   4  3.219.6 2.3
5048519810911 14.9  7.1  0.009900  6.0-99.9-99.9-99.9 6.7 57 7.5 56  2.9  16 12.814.4 2.9
5048519810912 11.3  2.4  7.019900  6.4-99.9-99.9-99.9 0.2  2 8.1 91  3.9   7  5.6 5.6 1.1
5048519810913  7.0  0.5  1.019900  0.0-99.9-99.9-99.9 1.9 16 6.7 82  1.3   1  0.8 7.9 0.9
5048519810914 10.8  2.2  0.009900  1.8-99.9-99.9-99.9 2.7 23 6.4 73  0.6   1  0.8 9.1 1.3
5048519810915 20.5 -2.2  0.009900 -4.5-99.9-99.9-99.9 8.9 75 6.6 58  1.1   6  4.817.8 2.3
5048519810916 24.9  0.5  0.009900 -2.0-99.9-99.9-99.9 9.8 82 8.1 55  3.9   4  3.219.2 2.5
5048519810917 23.9  5.3  0.009900  2.6-99.9-99.9-99.9 9.9 83 9.7 56  6.5   2  1.619.4 2.5
5048519810918 23.0  5.0  0.009900  2.6-99.9-99.9-99.9 9.7 81 9.7 56  6.5   6  4.819.3 2.8
5048519810919 19.0  4.5  0.009900  2.6-99.9-99.9-99.9 9.9 83 6.9 49  1.7   4  3.219.7 2.5
5048519810920 16.0  4.0  0.009900  2.4-99.9-99.9-99.9 9.0 75 6.0 51 -0.2   4  3.218.5 2.4
5048519810921 18.1 -0.9  0.009900 -2.5-99.9-99.9-99.910.0 83 5.8 49 -0.7   6  4.820.0 2.5
5048519810922 22.1  2.4  0.009900  1.3-99.9-99.9-99.9 9.6 79 8.5 56  4.6   6  4.819.6 2.7
5048519810923 25.5  2.8  0.009900  1.8-99.9-99.9-99.910.0 83 9.2 50  5.8   8  6.420.3 3.1
5048519810924 27.4  5.2  0.009900  3.8-99.9-99.9-99.9 9.2 76 9.9 50  6.8   2  1.619.2 2.8
5048519810925 29.0  5.8  0.009900  4.5-99.9-99.9-99.910.0 8213.4 60 11.3   1  0.820.5 2.9
5048519810926 29.0  9.6  0.009900  8.0-99.9-99.9-99.910.2 8314.1 58 12.1   2  1.620.9 3.3
5048519810927 29.0  9.6  0.009900  8.0-99.9-99.9-99.910.2 8314.1 58 12.1   2  1.621.0 3.3
5048519810928 25.0 13.0  0.009900 11.6-99.9-99.9-99.910.0 8112.5 55 10.3  11  8.820.8 4.1
5048519810929 20.6  1.3  0.009900 -0.6-99.9-99.9-99.910.0 81 8.0 53  3.8   7  5.620.9 2.9
5048519810930 25.0  1.9  0.009900  0.8-99.9-99.9-99.910.3 83 8.3 48  4.3   2  1.621.5 2.8
5048519811001 27.2  4.5  0.009900  3.5-99.9-99.9-99.9 9.8 7910.3 54  7.4   4  3.220.8 3.2
5048519811002 23.0  6.3  0.009900  3.9-99.9-99.9-99.910.6 85 8.8 45  5.1  31 24.822.1 5.6
5048519811003 15.5  7.1  0.009900  6.4-99.9-99.9-99.910.6 85 6.5 49  0.9   6  4.822.2 3.1
5048519811004 11.5  4.2  0.009900  4.5-99.9-99.9-99.9 0.6  5 7.5 81  2.9  11  8.8 7.1 1.8
5048519811005 11.9  3.0  0.009900  2.5-99.9-99.9-99.9 2.2 18 7.9 82  3.6   6  4.8 9.6 1.6
5048519811006 18.1  0.0  0.009900 -2.0-99.9-99.9-99.9 8.3 66 8.8 65  5.1   2  1.619.0 2.3
5048519811007 16.0  7.8  0.009900  7.0-99.9-99.9-99.9 2.7 21 9.5 70  6.2  18 14.410.5 2.8
5048519811008 12.2  9.0  0.009900  7.0-99.9-99.9-99.9 0.0  010.5 82  7.7   4  3.2 6.4 1.3
5048519811009 19.4  4.1  0.009900  1.0-99.9-99.9-99.9 9.0 7111.4 70  8.9   5  4.020.4 2.7
5048519811010 21.2 10.5  0.009900  9.1-99.9-99.9-99.910.4 8210.3 56  7.4   6  4.822.6 3.7
5048519811011 26.0  9.2  0.009900  8.0-99.9-99.9-99.910.4 8211.9 56  9.5   9  7.222.7 4.1
5048519811012 21.5  7.1  0.009900  5.5-99.9-99.9-99.910.4 82 9.3 54  5.9   2  1.622.8 3.2
5048519811013 25.0  4.5  0.009900  2.0-99.9-99.9-99.910.3 81 9.8 50  6.7   6  4.822.8 3.6
5048519811014 25.5  7.5  0.009900  6.0-99.9-99.9-99.9 4.7 3712.0 57  9.7   2  1.614.0 2.6
5048519811015 24.1 12.2  0.009900  9.5-99.9-99.9-99.910.5 8212.5 60 10.3   8  6.423.3 4.2
5048519811016 17.7 12.2  0.009900 10.9-99.9-99.9-99.9 2.3 1810.2 61  7.3  17 13.610.3 3.4
5048519811017 20.0  9.0  0.009900  6.6-99.9-99.9-99.9 5.1 39 9.9 56  6.8   2  1.614.9 2.6
5048519811018 25.5  6.5  0.009900  4.0-99.9-99.9-99.910.5 8111.9 60  9.5   2  1.623.5 3.5
5048519811019 28.0  8.9  0.009900  6.0-99.9-99.9-99.910.5 8112.4 54 10.1   4  3.223.6 4.0
5048519811020 31.5  9.3  0.009900  7.0-99.9-99.9-99.910.7 8212.0 45  9.7   2  1.624.0 4.1
5048519811021 28.8 13.9  0.009900 11.5-99.9-99.9-99.9 9.4 72 9.0 31  5.4  13 10.422.0 5.6
5048519811022 30.0 12.9  0.009900 11.0-99.9-99.9-99.9 9.7 7411.2 43  8.6   1  0.822.6 4.0
5048519811023 33.2 13.0  0.009900 11.2-99.9-99.9-99.9 9.4 7215.2 48 13.2   4  3.222.2 4.5
5048519811024 30.5 12.9  0.009900 10.5-99.9-99.9-99.9 2.8 2111.8 37  9.4   8  6.411.5 3.8
5048519811025 23.3 13.8  8.519910 13.9-99.9-99.9-99.9 2.7 2014.1 72 12.1   3  2.411.4 2.6
5048519811026 29.6  9.4  0.009900  8.5-99.9-99.9-99.911.0 8312.3 49 10.0   0  0.025.0 4.0
5048519811027 23.7 14.2  0.009900 12.9-99.9-99.9-99.9 4.9 3715.4 65 13.4   7  5.615.1 3.3
5048519811028 29.6 16.7  0.009900 14.0-99.9-99.9-99.9 3.9 2917.6 61 15.5   5  4.013.5 3.5
5048519811029 25.0 17.4  0.009900 16.0-99.9-99.9-99.9 8.8 6614.1 55 12.1  14 11.221.6 5.2
5048519811030 29.0 16.1  0.009900 13.9-99.9-99.9-99.9 0.6  4 9.0 38  5.4  13 10.4 8.2 4.7
5048519811031 26.6 12.2  0.009900 10.7-99.9-99.9-99.911.7 8813.1 55 11.0   2  1.626.5 4.5
5048519811101 28.9 13.5  0.009900 11.5-99.9-99.9-99.9-9.9 9913.8 54 11.8   3  2.4-9.9-9.9
5048519811102 33.0 14.5  4.019900 13.0-99.9-99.9-99.9-9.9 9914.3 47 12.3  11  8.8-9.9-9.9
5048519811103 21.0 11.9  0.009900 11.0-99.9-99.9-99.9-9.9 99 7.0 44  1.9  13 10.4-9.9-9.9
5048519811104 15.0  9.0  0.009900  9.0-99.9-99.9-99.9-9.9 99 9.1 76  5.6  18 14.4-9.9-9.9
5048519811105 17.0  6.9  0.009900  6.1-99.9-99.9-99.9-9.9 99 9.2 66  5.8  10  8.0-9.9-9.9
5048519811106 26.3  4.0  0.009900  1.6-99.9-99.9-99.9-9.9 99 8.6 45  4.8   4  3.2-9.9-9.9
5048519811107 29.5  6.0  0.009900  4.0-99.9-99.9-99.9-9.9 9911.4 44  8.9   4  3.2-9.9-9.9
5048519811108 30.0 12.7  0.009900  9.7-99.9-99.9-99.9-9.9 9911.4 40  8.9   4  3.2-9.9-9.9
5048519811109 32.2 13.0  0.009900 11.2-99.9-99.9-99.9-9.9 9913.4 43 11.3  11  8.8-9.9-9.9
5048519811110 27.5 15.0  0.009900 11.0-99.9-99.9-99.9-9.9 9911.7 45  9.3  12  9.6-9.9-9.9
5048519811111 29.0 12.6  0.009900 11.0-99.9-99.9-99.9-9.9 9917.0 58 15.0   1  0.8-9.9-9.9
5048519811112 34.7 15.1  0.009900 13.5-99.9-99.9-99.9-9.9 9919.8 57 17.3   4  3.2-9.9-9.9
5048519811113 27.2  9.0  0.009900 17.1-99.9-99.9-99.9-9.9 9911.3 46  8.8  29 23.2-9.9-9.9
5048519811114 29.2 13.8  0.009900 13.0-99.9-99.9-99.9-9.9 9910.6 40  7.8   1  0.8-9.9-9.9
5048519811115 32.6 10.7  0.009900  8.3-99.9-99.9-99.9-9.9 9912.4 41 10.1   3  2.4-9.9-9.9
5048519811116 34.5 13.6  0.009900 12.2-99.9-99.9-99.9-9.9 9917.3 49 15.2   4  3.2-9.9-9.9
5048519811117 26.5 18.0  0.009900 15.9-99.9-99.9-99.9-9.9 99 9.5 36  6.2  28 22.4-9.9-9.9
5048519811118 20.1  8.6  0.009900  7.5-99.9-99.9-99.9-9.9 99 5.2 31 -2.2   6  4.8-9.9-9.9
5048519811119 26.0  4.0  0.009900  2.0-99.9-99.9-99.9-9.9 99 7.0 32  1.9   6  4.8-9.9-9.9
5048519811120 32.7  6.9  0.009900  4.8-99.9-99.9-99.9-9.9 9910.1 36  7.1   0  0.0-9.9-9.9
5048519811121 24.2 11.0  0.009900  9.9-99.9-99.9-99.9-9.9 99 7.0 32  1.9   8  6.4-9.9-9.9
5048519811122 29.0  8.0  0.009900  6.3-99.9-99.9-99.9-9.9 99 7.8 31  3.4   6  4.8-9.9-9.9
5048519811123 32.0 11.5  0.009900-99.9-99.9-99.9-99.9-9.9 9913.9 46 11.9  11  8.8-9.9-9.9
5048519811124 25.4 11.4  0.009900  9.0-99.9-99.9-99.9-9.9 9913.9 57 11.9  10  8.0-9.9-9.9
5048519811125 30.5 15.1  0.009900 13.6-99.9-99.9-99.9-9.9 9914.8 52 12.8   6  4.8-9.9-9.9
5048519811126 29.0 19.2  0.009900 17.2-99.9-99.9-99.9-9.9 9917.7 59 15.6  31 24.8-9.9-9.9
5048519811127 23.5 15.1  0.009900 15.0-99.9-99.9-99.9-9.9 9913.0 65 10.9  11  8.8-9.9-9.9
5048519811128 30.7 10.4  0.009900  8.0-99.9-99.9-99.9-9.9 9911.0 39  8.4   4  3.2-9.9-9.9
5048519811129 24.0 14.7  0.009900 12.8-99.9-99.9-99.9-9.9 9910.4 46  7.5   6  4.8-9.9-9.9
5048519811130 24.5 10.4  0.009900  9.2-99.9-99.9-99.9-9.9 99 6.6 34  1.1  11  8.8-9.9-9.9
5048519811201 25.0  9.6  0.009900  6.8-99.9-99.9-99.9-9.9 99 8.0 36  3.8  12  9.6-9.9-9.9
5048519811202 25.6 12.7  0.009900 11.0-99.9-99.9-99.9-9.9 9912.1 52  9.8   2  1.6-9.9-9.9
5048519811203 30.9 10.0  0.009900  7.5-99.9-99.9-99.9-9.9 9913.6 49 11.5   2  1.6-9.9-9.9
5048519811204 31.1 13.5  0.009900 10.7-99.9-99.9-99.9-9.9 9913.1 50 11.0   6  4.8-9.9-9.9
5048519811205 31.1 10.6  0.009900 10.0-99.9-99.9-99.9-9.9 99 8.3 30  4.3   4  3.2-9.9-9.9
5048519811206 27.6 15.1  0.009900 11.8-99.9-99.9-99.9-9.9 9910.0 39  7.0   2  1.6-9.9-9.9
5048519811207 31.2 16.0  0.009900 14.6-99.9-99.9-99.9-9.9 9913.4 42 11.3   4  3.2-9.9-9.9
5048519811208 34.1 13.1  0.009900 10.6-99.9-99.9-99.9-9.9 9915.5 45 13.5   2  1.6-9.9-9.9
5048519811209 31.0 17.2  0.519900 14.8-99.9-99.9-99.9-9.9 9914.2 40 12.2   9  7.2-9.9-9.9
5048519811210 31.0 13.6  0.009910 12.6-99.9-99.9-99.9-9.9 9914.6 48 12.6   2  1.6-9.9-9.9
5048519811211 34.7 15.3  0.009900 12.5-99.9-99.9-99.9-9.9 9916.1 45 14.1   6  4.8-9.9-9.9
5048519811212 37.4 19.0  0.009900 17.0-99.9-99.9-99.9-9.9 9919.9 49 17.4   1  0.8-9.9-9.9
5048519811213 34.5 20.0  0.009900 18.7-99.9-99.9-99.9-9.9 9919.4 50 17.0   6  4.8-9.9-9.9
5048519811214 30.5 20.0  0.009900 19.0-99.9-99.9-99.9-9.9 9917.0 58 15.0  11  8.8-9.9-9.9
5048519811215 31.9 16.3  0.009900 15.0-99.9-99.9-99.9-9.9 9915.2 48 13.2   2  1.6-9.9-9.9
5048519811216 38.5 15.9  0.009900 13.7-99.9-99.9-99.9-9.9 9912.2 30  9.9   6  4.8-9.9-9.9
5048519811217 31.5 13.5  0.009900 12.3-99.9-99.9-99.9-9.9 99 9.7 41  6.5   4  3.2-9.9-9.9
5048519811218 31.2 10.1  0.009900  8.0-99.9-99.9-99.9-9.9 9913.9 47 11.9   4  3.2-9.9-9.9
5048519811219 35.5 15.0  0.009900 13.7-99.9-99.9-99.9-9.9 9922.7 53 19.5   1  0.8-9.9-9.9
5048519811220 29.0 17.2  0.009900 15.7-99.9-99.9-99.9-9.9 9910.5 39  7.7   7  5.6-9.9-9.9
5048519811221 27.5 11.0  0.009900  6.5-99.9-99.9-99.9-9.9 9911.1 43  8.5   6  4.8-9.9-9.9
5048519811222 32.7  8.7  0.009900  6.5-99.9-99.9-99.9-9.9 9912.1 42  9.8   4  3.2-9.9-9.9
5048519811223 33.5 11.0  0.009900  9.3-99.9-99.9-99.9-9.9 9913.9 44 11.9  16 12.8-9.9-9.9
5048519811224 35.2 15.5  0.009900 13.5-99.9-99.9-99.9-9.9 9917.8 49 15.7   4  3.2-9.9-9.9
5048519811225 37.0 15.5  0.009900 14.0-99.9-99.9-99.9-9.9 9919.9 51 17.4   1  0.8-9.9-9.9
5048519811226 37.5 15.6  0.009900 14.8-99.9-99.9-99.9-9.9 9918.9 46 16.6   4  3.2-9.9-9.9
5048519811227 37.5 20.5  1.019900 18.4-99.9-99.9-99.9-9.9 9922.8 54 19.6   4  3.2-9.9-9.9
5048519811228 33.5 21.0  0.009900 19.3-99.9-99.9-99.9-9.9 9920.6 54 18.0  16 12.8-9.9-9.9
5048519811229 37.6 19.0  0.009900 17.6-99.9-99.9-99.9-9.9 9920.6 49 18.0   2  1.6-9.9-9.9
5048519811230 35.0 22.0  4.019900 20.8-99.9-99.9-99.9-9.9 9916.6 40 14.6   7  5.6-9.9-9.9
5048519811231 31.0 15.1  0.009900 13.8-99.9-99.9-99.9-9.9 99 9.1 42  5.6   2  1.6-9.9-9.9
