5017219610101 37.0 17.0  1.619900 11.0-99.9-99.9-99.9-9.9 9911.7 61  9.3  19 15.2-9.9-9.9
5017219610102 29.3 13.7  0.009900  9.9-99.9-99.9-99.9-9.9 99 8.8 56  5.1  10  8.0-9.9-9.9
5017219610103 30.9 12.4  0.009900  7.6-99.9-99.9-99.9-9.9 99 9.8 59  6.7   8  6.4-9.9-9.9
5017219610104 32.8 13.4 10.119900 11.0-99.9-99.9-99.9-9.9 9911.8 65  9.4  12  9.6-9.9-9.9
5017219610105 30.1 15.0  0.009900 13.1-99.9-99.9-99.9-9.9 9913.8 74 11.8  10  8.0-9.9-9.9
5017219610106 29.5 13.6  0.009900 10.1-99.9-99.9-99.9-9.9 9912.4 72 10.1   1  0.8-9.9-9.9
5017219610107 32.1 13.5  2.319900-99.9-99.9-99.9-99.9-9.9 9915.1 75 13.1   2  1.6-9.9-9.9
5017219610108 33.8 11.4  0.009900  8.2-99.9-99.9-99.9-9.9 9917.5 79 15.4   5  4.0-9.9-9.9
5017219610109 28.0 14.0  1.019900 17.0-99.9-99.9-99.9-9.9 9911.3 70  8.8  14 11.2-9.9-9.9
5017219610110 29.8  6.5  0.009900  1.0-99.9-99.9-99.9-9.9 99 7.9 54  3.6  16 12.8-9.9-9.9
5017219610111 36.8 14.7  0.009900 10.1-99.9-99.9-99.9-9.9 9911.7 60  9.3   8  6.4-9.9-9.9
5017219610112 35.3 17.5  1.619900 13.8-99.9-99.9-99.9-9.9 9911.7 59  9.3  16 12.8-9.9-9.9
5017219610113 32.0 16.1  0.009900 12.7-99.9-99.9-99.9-9.9 9910.7 60  8.0  20 16.0-9.9-9.9
5017219610114 35.5 15.5  0.009900 12.7-99.9-99.9-99.9-9.9 9915.2 73 13.2   8  6.4-9.9-9.9
5017219610115 32.8 16.5  0.009900 13.3-99.9-99.9-99.9-9.9 9910.1 58  7.1  10  8.0-9.9-9.9
5017219610116 40.3 14.5  0.009900 11.1-99.9-99.9-99.9-9.9 99 9.0 47  5.4  23 18.4-9.9-9.9
5017219610117 32.0 11.0  0.009900  7.0-99.9-99.9-99.9-9.9 99 7.6 53  3.0   8  6.4-9.9-9.9
5017219610118 36.3 10.7  0.009900  7.0-99.9-99.9-99.9-9.9 9914.3 70 12.3   5  4.0-9.9-9.9
5017219610119 36.5 22.5  0.009900 20.6-99.9-99.9-99.9-9.9 9924.3 85 20.6   0  0.0-9.9-9.9
5017219610120 31.9 21.0  0.009900 20.2-99.9-99.9-99.9-9.9 9912.4 63 10.1  13 10.4-9.9-9.9
5017219610121 36.0 12.5  0.009900-99.9-99.9-99.9-99.9-9.9 99-9.9-99-99.9 -99-99.9-9.9-9.9
5017219610122 40.3 16.8  0.009900 14.0-99.9-99.9-99.9-9.9 9921.0 83 18.3   3  2.4-9.9-9.9
5017219610123 34.2 18.2  0.009900 16.6-99.9-99.9-99.9-9.9 9914.9 70 12.9  13 10.4-9.9-9.9
5017219610124 28.8 16.0  0.009900 13.0-99.9-99.9-99.9-9.9 9917.2 83 15.1  19 15.2-9.9-9.9
5017219610125 31.8 17.4  0.009900 17.4-99.9-99.9-99.9-9.9 9914.9 73 12.9  18 14.4-9.9-9.9
5017219610126 33.5 14.0  0.009900 11.0-99.9-99.9-99.9-9.9 9916.0 75 14.0   5  4.0-9.9-9.9
5017219610127 36.8 19.0  0.009900 18.0-99.9-99.9-99.9-9.9 9915.0 71 13.0  13 10.4-9.9-9.9
5017219610128 38.3 19.3  0.009900 16.1-99.9-99.9-99.9-9.9 9913.6 63 11.5   1  0.8-9.9-9.9
5017219610129 38.3 17.7  0.009900 13.0-99.9-99.9-99.9-9.9 9914.6 65 12.6   0  0.0-9.9-9.9
5017219610130 37.0 16.4  0.009900 12.0-99.9-99.9-99.9-9.9 99 8.7 48  5.0  18 14.4-9.9-9.9
5017219610131 32.5 14.5  0.009900 11.5-99.9-99.9-99.9-9.9 9911.1 63  8.5  10  8.0-9.9-9.9
5017219610201 30.8 14.9  0.009900 13.0-99.9-99.9-99.9-9.9 9916.0 55 14.0  14 11.2-9.9-9.9
5017219610202 34.3 10.9  0.009900  6.5-99.9-99.9-99.9-9.9 99-9.9-99-99.9 -99-99.9-9.9-9.9
5017219610203 34.8 17.5  3.119900 16.1-99.9-99.9-99.9-9.9 9913.5 40 11.4  11  8.8-9.9-9.9
5017219610204 35.8 17.1 12.819900 14.0-99.9-99.9-99.9-9.9 9914.4 39 12.4  10  8.0-9.9-9.9
5017219610205 31.3 17.3  6.619900 16.0-99.9-99.9-99.9-9.9 9919.2 66 16.9   7  5.6-9.9-9.9
5017219610206 27.8 15.5  0.009900 13.8-99.9-99.9-99.9-9.9 9913.7 59 11.6   0  0.0-9.9-9.9
5017219610207 30.8 13.1  0.009900  9.8-99.9-99.9-99.9-9.9 9913.7 49 11.6   8  6.4-9.9-9.9
5017219610208 34.9 15.0  0.419900 12.0-99.9-99.9-99.9-9.9 9916.9 50 14.9  19 15.2-9.9-9.9
5017219610209 32.3 18.0  0.009900 16.7-99.9-99.9-99.9-9.9 9918.1 59 15.9   4  3.2-9.9-9.9
5017219610210 32.8 14.5  0.009900 11.5-99.9-99.9-99.9-9.9 9914.3 47 12.3   6  4.8-9.9-9.9
5017219610211 35.8 16.0  0.009900 13.5-99.9-99.9-99.9-9.9 9916.0 48 14.0   6  4.8-9.9-9.9
5017219610212 32.1 19.1  0.009900-99.9-99.9-99.9-99.9-9.9 9911.7 37  9.3  14 11.2-9.9-9.9
5017219610213 32.5 14.0  9.819900 11.0-99.9-99.9-99.9-9.9 9916.7 59 14.7  11  8.8-9.9-9.9
5017219610214 30.5 16.7  5.219900 16.5-99.9-99.9-99.9-9.9 9919.1 71 16.8   9  7.2-9.9-9.9
5017219610215 34.3 15.2  0.009900 12.9-99.9-99.9-99.9-9.9 9917.0 58 15.0  13 10.4-9.9-9.9
5017219610216 34.5 16.7  0.419900 15.0-99.9-99.9-99.9-9.9 9919.2 59 16.9   1  0.8-9.9-9.9
5017219610217 29.8 17.8  0.009900 15.7-99.9-99.9-99.9-9.9 9910.9 38  8.2   8  6.4-9.9-9.9
5017219610218 33.5 14.6  0.009900 12.5-99.9-99.9-99.9-9.9 9918.7 60 16.4   5  4.0-9.9-9.9
5017219610219 37.3 18.5  0.009900 15.8-99.9-99.9-99.9-9.9 9918.1 54 15.9   5  4.0-9.9-9.9
5017219610220 34.8 18.3 10.819910 15.8-99.9-99.9-99.9-9.9 9914.4 40 12.4  11  8.8-9.9-9.9
5017219610221 28.2 15.7  0.009900 12.5-99.9-99.9-99.9-9.9 9914.5 60 12.5  16 12.8-9.9-9.9
5017219610222 24.2 11.9  0.009900 10.7-99.9-99.9-99.9-9.9 99 8.5 45  4.6   7  5.6-9.9-9.9
5017219610223 31.8  9.3  0.009900  6.6-99.9-99.9-99.9-9.9 9912.5 49 10.3   6  4.8-9.9-9.9
5017219610224 33.8 15.6  0.009900 13.0-99.9-99.9-99.9-9.9 99-9.9-99-99.9 -99-99.9-9.9-9.9
5017219610225 27.4 13.2  0.009900 12.4-99.9-99.9-99.9-9.9 99-9.9-99-99.9 -99-99.9-9.9-9.9
5017219610226 25.1  7.0  0.009900  4.3-99.9-99.9-99.9-9.9 99-9.9-99-99.9 -99-99.9-9.9-9.9
5017219610227 26.5  8.8  0.009900  5.4-99.9-99.9-99.9-9.9 99-9.9-99-99.9 -99-99.9-9.9-9.9
5017219610228 29.4 11.7  0.009900  8.6-99.9-99.9-99.9-9.9 99-9.9-99-99.9 -99-99.9-9.9-9.9
5017219610301 33.8 15.3  0.009900 12.0-99.9-99.9-99.9-9.9 9917.1 54 15.0  16 12.8-9.9-9.9
5017219610302 33.0 18.0  0.009900 14.7-99.9-99.9-99.9-9.9 99 8.9 27  5.3  27 21.6-9.9-9.9
5017219610303 30.3 15.2  0.009900 11.7-99.9-99.9-99.9-9.9 99 7.9 30  3.6  16 12.8-9.9-9.9
5017219610304 27.0  9.5  0.009900  6.0-99.9-99.9-99.9-9.9 9910.8 50  8.1  24 19.2-9.9-9.9
5017219610305 21.0  9.9  7.319900 10.7-99.9-99.9-99.9-9.9 9911.4 93  8.9  14 11.2-9.9-9.9
5017219610306 17.8  9.0  0.009900  9.5-99.9-99.9-99.9-9.9 9912.9 81 10.7   7  5.6-9.9-9.9
5017219610307 29.0 13.5  0.009900 11.8-99.9-99.9-99.9-9.9 9916.2 67 14.2  13 10.4-9.9-9.9
5017219610308 33.3 15.1  0.009900 12.8-99.9-99.9-99.9-9.9 9917.0 60 15.0  13 10.4-9.9-9.9
5017219610309 30.3 13.4  0.009900 10.8-99.9-99.9-99.9-9.9 9911.4 44  8.9   9  7.2-9.9-9.9
5017219610310 31.3 13.7  2.019900 10.0-99.9-99.9-99.9-9.9 9914.4 55 12.4   1  0.8-9.9-9.9
5017219610311 27.8 15.7 11.319900 16.0-99.9-99.9-99.9-9.9 9917.6 77 15.5   9  7.2-9.9-9.9
5017219610312 26.2 11.7  0.009900  8.7-99.9-99.9-99.9-9.9 9914.2 65 12.2   8  6.4-9.9-9.9
5017219610313 24.5 14.8  0.009900 11.5-99.9-99.9-99.9-9.9 9916.2 70 14.2  10  8.0-9.9-9.9
5017219610314 24.1 12.7  0.009900 11.4-99.9-99.9-99.9-9.9 9915.9 76 13.9  11  8.8-9.9-9.9
5017219610315 19.0 13.9  0.619900 11.6-99.9-99.9-99.9-9.9 9912.3 66 10.0  19 15.2-9.9-9.9
5017219610316 25.3 11.1  0.009900  8.7-99.9-99.9-99.9-9.9 99 9.3 51  5.9   8  6.4-9.9-9.9
5017219610317 28.0  5.8  0.009900  1.4-99.9-99.9-99.9-9.9 9910.1 51  7.1   8  6.4-9.9-9.9
5017219610318 30.5 11.7  0.009900  6.3-99.9-99.9-99.9-9.9 9911.6 53  9.2   8  6.4-9.9-9.9
5017219610319 31.7 11.5  0.009900  7.2-99.9-99.9-99.9-9.9 9910.2 41  7.3  20 16.0-9.9-9.9
5017219610320 27.3 13.0  0.009900  9.4-99.9-99.9-99.9-9.9 99 9.2 42  5.8   2  1.6-9.9-9.9
5017219610321 31.0 10.0  0.009900  5.7-99.9-99.9-99.9-9.9 9910.9 44  8.2   8  6.4-9.9-9.9
5017219610322 27.5 13.3  0.009900 11.1-99.9-99.9-99.9-9.9 9911.6 53  9.2  16 12.8-9.9-9.9
5017219610323 32.0 12.0  0.009900  9.0-99.9-99.9-99.9-9.9 9914.6 57 12.6   1  0.8-9.9-9.9
5017219610324 32.3 14.5  0.009900 10.5-99.9-99.9-99.9-9.9 9914.3 51 12.3  25 20.0-9.9-9.9
5017219610325 25.4 15.0  0.009900 13.3-99.9-99.9-99.9-9.9 9910.3 47  7.4  14 11.2-9.9-9.9
5017219610326 23.3 14.5  0.009900 13.4-99.9-99.9-99.9-9.9 9912.8 60 10.6  11  8.8-9.9-9.9
5017219610327 26.3 11.5  0.009900  8.1-99.9-99.9-99.9-9.9 9914.5 65 12.5  14 11.2-9.9-9.9
5017219610328 31.0 14.0  0.009900 12.0-99.9-99.9-99.9-9.9 9915.7 60 13.7  14 11.2-9.9-9.9
5017219610329 31.8 16.2  0.009900 12.5-99.9-99.9-99.9-9.9 9917.1 63 15.0   7  5.6-9.9-9.9
5017219610330 30.5 14.7  0.009900 12.5-99.9-99.9-99.9-9.9 9913.2 52 11.1   8  6.4-9.9-9.9
5017219610331 25.5 10.2  0.009900  6.8-99.9-99.9-99.9-9.9 99 9.0 44  5.4  16 12.8-9.9-9.9
5017219610401 24.2  5.5  0.009900 -0.5-99.9-99.9-99.9-9.9 99 7.2 48  2.3   0  0.0-9.9-9.9
5017219610402 27.8  6.3  0.009900  1.1-99.9-99.9-99.9-9.9 99 8.2 42  4.1   2  1.6-9.9-9.9
5017219610403 26.3  6.5  0.009900  2.5-99.9-99.9-99.9-9.9 99 9.0 48  5.4   8  6.4-9.9-9.9
5017219610404 24.4  4.8  0.009900 -1.0-99.9-99.9-99.9-9.9 99 5.8 39 -0.7  13 10.4-9.9-9.9
5017219610405 22.0  5.5  0.009900 -0.9-99.9-99.9-99.9-9.9 99 6.1 44  0.0   3  2.4-9.9-9.9
5017219610406 26.3  3.1  0.009900 -1.3-99.9-99.9-99.9-9.9 99 9.9 52  6.8   9  7.2-9.9-9.9
5017219610407 29.2  8.3  0.009900  3.2-99.9-99.9-99.9-9.9 9911.9 69  9.5   3  2.4-9.9-9.9
5017219610408 26.5  6.2  0.009900  1.7-99.9-99.9-99.9-9.9 99 8.8 49  5.1   3  2.4-9.9-9.9
5017219610409 28.2  5.0  0.009900  1.2-99.9-99.9-99.9-9.9 9910.9 50  8.2   4  3.2-9.9-9.9
5017219610410 24.8 10.7  0.009900  8.7-99.9-99.9-99.9-9.9 9914.6 81 12.6  11  8.8-9.9-9.9
5017219610411 25.0  7.5  0.009900  5.7-99.9-99.9-99.9-9.9 99 8.4 56  4.5   9  7.2-9.9-9.9
5017219610412 25.3  8.4  0.009900  3.4-99.9-99.9-99.9-9.9 9911.2 63  8.6   5  4.0-9.9-9.9
5017219610413 23.8 10.0  0.119900  7.3-99.9-99.9-99.9-9.9 9911.1 55  8.5  14 11.2-9.9-9.9
5017219610414 26.3 10.3  0.009900  7.3-99.9-99.9-99.9-9.9 9912.1 59  9.8   3  2.4-9.9-9.9
5017219610415 29.3 11.1  0.009900  6.5-99.9-99.9-99.9-9.9 9912.3 56 10.0   3  2.4-9.9-9.9
5017219610416 29.2 11.1  0.009900  6.7-99.9-99.9-99.9-9.9 9913.9 62 11.9   4  3.2-9.9-9.9
5017219610417 26.3 11.5  0.009900  7.5-99.9-99.9-99.9-9.9 9911.9 60  9.5  11  8.8-9.9-9.9
5017219610418 19.8 14.2  3.419900 14.1-99.9-99.9-99.9-9.9 9915.0 87 13.0   9  7.2-9.9-9.9
5017219610419 15.9 10.9  4.419900 11.9-99.9-99.9-99.9-9.9 9914.6 98 12.6   6  4.8-9.9-9.9
5017219610420 22.0 13.7  0.319900 13.8-99.9-99.9-99.9-9.9 9917.0 85 15.0   9  7.2-9.9-9.9
5017219610421 19.0 11.6  0.119900 10.8-99.9-99.9-99.9-9.9 9911.7 75  9.3  26 20.8-9.9-9.9
5017219610422 24.3  4.8  0.009900 -0.5-99.9-99.9-99.9-9.9 99 8.8 61  5.1   5  4.0-9.9-9.9
5017219610423-99.9  7.5  0.009900  3.5-99.9-99.9-99.9-9.9 99 6.3 52  0.4  13 10.4-9.9-9.9
5017219610424 22.2  2.0  0.009900 -3.5-99.9-99.9-99.9-9.9 99 7.4 63  2.7   6  4.8-9.9-9.9
5017219610425 25.0  1.8  0.009900 -2.8-99.9-99.9-99.9-9.9 99 6.9 57  1.7   5  4.0-9.9-9.9
5017219610426 30.0  4.7  0.009900  0.2-99.9-99.9-99.9-9.9 99 6.6 40  1.1  11  8.8-9.9-9.9
5017219610427 21.5  2.0  0.009900 -3.0-99.9-99.9-99.9-9.9 99 5.4 46 -1.7   4  3.2-9.9-9.9
5017219610428 22.8  3.5  0.009900 -0.3-99.9-99.9-99.9-9.9 99 8.3 58  4.3   0  0.0-9.9-9.9
5017219610429 26.5  3.7  0.009900 -0.5-99.9-99.9-99.9-9.9 99 9.3 61  5.9   0  0.0-9.9-9.9
5017219610430 26.6  6.5  0.009900  2.6-99.9-99.9-99.9-9.9 9912.6 67 10.4   3  2.4-9.9-9.9
5017219610501 26.6  8.5  0.009900  3.5-99.9-99.9-99.9-9.9 9912.2 68  9.9   3  2.4-9.9-9.9
5017219610502 27.8  8.1  0.009900  3.8-99.9-99.9-99.9-9.9 99 9.8 55  6.7   3  2.4-9.9-9.9
5017219610503 26.8  8.1  0.009900  2.8-99.9-99.9-99.9-9.9 9911.0 60  8.4  11  8.8-9.9-9.9
5017219610504 27.6  7.4  0.009900  3.0-99.9-99.9-99.9-9.9 9910.9 60  8.2   8  6.4-9.9-9.9
5017219610505 17.8  9.0  5.019900  7.7-99.9-99.9-99.9-9.9 99 8.3 60  4.3  26 20.8-9.9-9.9
5017219610506 21.3  1.7  0.009900 -1.9-99.9-99.9-99.9-9.9 99 6.7 57  1.3   3  2.4-9.9-9.9
5017219610507 31.7  6.8  0.009900  2.2-99.9-99.9-99.9-9.9 99 8.1 45  3.9  17 13.6-9.9-9.9
5017219610508 24.0  5.4  0.009900  0.5-99.9-99.9-99.9-9.9 99 8.9 54  5.3   8  6.4-9.9-9.9
5017219610509 18.4  7.0  0.009900  3.8-99.9-99.9-99.9-9.9 99 6.6 43  1.1  13 10.4-9.9-9.9
5017219610510 22.1  2.7  0.009900 -3.5-99.9-99.9-99.9-9.9 99 4.5 37 -4.1   1  0.8-9.9-9.9
5017219610511 24.3  5.2  0.009900  1.5-99.9-99.9-99.9-9.9 99 8.8 48  5.1  22 17.6-9.9-9.9
5017219610512 22.8  3.5  0.009900 -1.0-99.9-99.9-99.9-9.9 99 7.8 55  3.4   6  4.8-9.9-9.9
5017219610513 22.8  4.3  0.009900  0.2-99.9-99.9-99.9-9.9 9910.0 65  7.0  10  8.0-9.9-9.9
5017219610514 24.8  7.4  0.519900  3.5-99.9-99.9-99.9-9.9 9913.2 78 11.1   8  6.4-9.9-9.9
5017219610515 16.3 11.3  1.519900  8.8-99.9-99.9-99.9-9.9 9912.3 83 10.0  27 21.6-9.9-9.9
5017219610516 12.3  8.8  0.119900  9.0-99.9-99.9-99.9-9.9 9911.9 98  9.5   9  7.2-9.9-9.9
5017219610517 17.5  8.3  0.009900  4.4-99.9-99.9-99.9-9.9 9911.9 88  9.5   5  4.0-9.9-9.9
5017219610518 16.3  6.4  0.009900  3.3-99.9-99.9-99.9-9.9 99 9.2 73  5.8   4  3.2-9.9-9.9
5017219610519 20.6  3.0  0.009900 -2.1-99.9-99.9-99.9-9.9 99 9.1 69  5.6   8  6.4-9.9-9.9
5017219610520 20.6  6.5  0.009900  2.2-99.9-99.9-99.9-9.9 9911.8 76  9.4  16 12.8-9.9-9.9
5017219610521 21.0  9.0  0.009900  6.8-99.9-99.9-99.9-9.9 9912.1 80  9.8  11  8.8-9.9-9.9
5017219610522 20.3  3.7  0.009900 -0.2-99.9-99.9-99.9-9.9 99 9.2 75  5.8   3  2.4-9.9-9.9
5017219610523 23.6  3.5  0.009900 -2.5-99.9-99.9-99.9-9.9 9910.0 64  7.0  14 11.2-9.9-9.9
5017219610524 24.1 10.0  0.009900  6.5-99.9-99.9-99.9-9.9 9913.5 77 11.4  19 15.2-9.9-9.9
5017219610525 25.3  9.4  0.009900  4.4-99.9-99.9-99.9-9.9 9913.7 74 11.6  11  8.8-9.9-9.9
5017219610526 18.8 13.0  0.009900 10.5-99.9-99.9-99.9-9.9 99 9.3 55  5.9   3  2.4-9.9-9.9
5017219610527 16.6  8.8  0.009900  7.7-99.9-99.9-99.9-9.9 99 7.5 55  2.9  11  8.8-9.9-9.9
5017219610528 20.8  5.0  0.009900  0.5-99.9-99.9-99.9-9.9 99 9.1 62  5.6  20 16.0-9.9-9.9
5017219610529 23.1 10.7  0.009900  8.4-99.9-99.9-99.9-9.9 9912.9 73 10.7   4  3.2-9.9-9.9
5017219610530 25.3  7.7  0.009900  4.3-99.9-99.9-99.9-9.9 9912.5 68 10.3   6  4.8-9.9-9.9
5017219610531 19.3  7.0  0.009900  6.7-99.9-99.9-99.9-9.9 99 8.0 62  3.8  15 12.0-9.9-9.9
5017219610601 17.3 -1.7  0.009900 -6.0-99.9-99.9-99.9-9.9 99 5.4 47 -1.7  11  8.8-9.9-9.9
5017219610602 18.3  6.0  0.009900  3.7-99.9-99.9-99.9-9.9 99 8.7 64  5.0  11  8.8-9.9-9.9
5017219610603 20.1  6.0  0.009900  0.5-99.9-99.9-99.9-9.9 99 6.9 54  1.7   5  4.0-9.9-9.9
5017219610604 16.5  7.2  0.009900  3.8-99.9-99.9-99.9-9.9 99 4.6 38 -3.8   1  0.8-9.9-9.9
5017219610605 17.8  4.7  0.009900  1.5-99.9-99.9-99.9-9.9 99 4.6 39 -3.8  12  9.6-9.9-9.9
5017219610606 17.1  3.7  0.009900  0.5-99.9-99.9-99.9-9.9 99 5.5 45 -1.4  17 13.6-9.9-9.9
5017219610607 24.5  7.1  0.009900  3.1-99.9-99.9-99.9-9.9 99 6.2 39  0.2  24 19.2-9.9-9.9
5017219610608 19.5  0.3  0.009900 -4.8-99.9-99.9-99.9-9.9 99 3.5 41 -7.4   8  6.4-9.9-9.9
5017219610609 10.3  4.1  0.009900  2.0-99.9-99.9-99.9-9.9 99 4.6 50 -3.8   9  7.2-9.9-9.9
5017219610610  6.8 -1.6  2.519900 -3.5-99.9-99.9-99.9-9.9 99 3.7 51 -6.7  21 16.8-9.9-9.9
5017219610611  3.3 -1.9  3.619901 -1.0-99.9-99.9-99.9-9.9 99 5.7 96 -1.0   7  5.6-9.9-9.9
5017219610612  3.5 -1.5  1.819901 -1.6-99.9-99.9-99.9-9.9 99 5.4 88 -1.7   4  3.2-9.9-9.9
5017219610613  7.1 -1.7  0.009900 -4.5-99.9-99.9-99.9-9.9 99 4.7 71 -3.6   8  6.4-9.9-9.9
5017219610614 11.6 -6.0  0.009900 -8.8-99.9-99.9-99.9-9.9 99-9.9-99-99.9 -99-99.9-9.9-9.9
5017219610615 17.0 -5.1  0.009900 -9.5-99.9-99.9-99.9-9.9 99 3.9 52 -6.0   8  6.4-9.9-9.9
5017219610616 17.8 -2.7  0.009900 -5.0-99.9-99.9-99.9-9.9 99 4.1 45 -5.4  10  8.0-9.9-9.9
5017219610617 16.7  2.7  0.009900 -4.0-99.9-99.9-99.9-9.9 99 5.0 44 -2.7   8  6.4-9.9-9.9
5017219610618 16.8 -1.1  0.009900 -5.0-99.9-99.9-99.9-9.9 99 5.4 58 -1.7   3  2.4-9.9-9.9
5017219610619 19.2 -1.0  0.009900 -5.4-99.9-99.9-99.9-9.9 99 5.6 55 -1.2   0  0.0-9.9-9.9
5017219610620 22.5  0.5  0.009900 -2.9-99.9-99.9-99.9-9.9 99 5.4 44 -1.7  21 16.8-9.9-9.9
5017219610621 24.0  7.5  0.009900  5.8-99.9-99.9-99.9-9.9 99 5.7 37 -1.0  27 21.6-9.9-9.9
5017219610622 24.8  1.4  0.009900 -4.8-99.9-99.9-99.9-9.9 99 6.3 50  0.4   3  2.4-9.9-9.9
5017219610623 22.6  5.6  0.009900  0.0-99.9-99.9-99.9-9.9 99 9.1 59  5.6  20 16.0-9.9-9.9
5017219610624 20.2  3.1  0.009900 -0.8-99.9-99.9-99.9-9.9 9910.4 79  7.5   5  4.0-9.9-9.9
5017219610625 20.3  3.5  0.009900 -0.3-99.9-99.9-99.9-9.9 9910.9 83  8.2   4  3.2-9.9-9.9
5017219610626 17.2  9.6  0.009900  9.7-99.9-99.9-99.9-9.9 99 9.7 70  6.5  11  8.8-9.9-9.9
5017219610627 10.3  3.6  0.009900  1.6-99.9-99.9-99.9-9.9 99 6.6 74  1.1   9  7.2-9.9-9.9
5017219610628 14.5 -2.8  0.009900 -7.7-99.9-99.9-99.9-9.9 99 5.5 67 -1.4   5  4.0-9.9-9.9
5017219610629 12.8 -4.4  0.009900 -7.5-99.9-99.9-99.9-9.9 99 6.2 70  0.2   6  4.8-9.9-9.9
5017219610630 10.3  3.0  0.009900  2.5-99.9-99.9-99.9-9.9 99 6.5 75  0.9  23 18.4-9.9-9.9
5017219610701 11.6  1.3  0.009900 -1.8-99.9-99.9-99.9-9.9 99 6.2 72  0.2   0  0.0-9.9-9.9
5017219610702 19.3 -5.6  0.009900 -9.3-99.9-99.9-99.9-9.9 99 4.8 54 -3.3   8  6.4-9.9-9.9
5017219610703 19.5  2.1  0.009900 -2.5-99.9-99.9-99.9-9.9 99 6.0 52 -0.2  19 15.2-9.9-9.9
5017219610704 21.5  6.0  0.009900  1.0-99.9-99.9-99.9-9.9 99 7.6 59  3.0  16 12.8-9.9-9.9
5017219610705 12.6  1.7  0.009900 -3.0-99.9-99.9-99.9-9.9 99 6.4 64  0.6  20 16.0-9.9-9.9
5017219610706 11.8 -4.9  0.009900 -9.3-99.9-99.9-99.9-9.9 99 4.0 59 -5.7   2  1.6-9.9-9.9
5017219610707  9.5 -6.7  0.009900 -9.3-99.9-99.9-99.9-9.9 99 5.4 81 -1.7   3  2.4-9.9-9.9
5017219610708 13.0  0.2  0.009900 -3.6-99.9-99.9-99.9-9.9 99 6.3 60  0.4   9  7.2-9.9-9.9
5017219610709 10.8  2.0  0.009900  2.2-99.9-99.9-99.9-9.9 99 6.5 66  0.9  11  8.8-9.9-9.9
5017219610710 11.3  1.5  0.009900 -3.1-99.9-99.9-99.9-9.9 99 7.3 78  2.5  11  8.8-9.9-9.9
5017219610711 18.8  3.0  0.009900 -1.4-99.9-99.9-99.9-9.9 99 6.7 57  1.3  16 12.8-9.9-9.9
5017219610712 17.3 -2.5  0.009900 -7.2-99.9-99.9-99.9-9.9 99 5.8 61 -0.7   6  4.8-9.9-9.9
5017219610713 15.5 -1.7  0.009900 -6.5-99.9-99.9-99.9-9.9 99 4.4 50 -4.4  10  8.0-9.9-9.9
5017219610714 20.5 -0.6  0.009900 -4.5-99.9-99.9-99.9-9.9 99 7.1 55  2.1  10  8.0-9.9-9.9
5017219610715 19.8  3.5  0.009900 -0.7-99.9-99.9-99.9-9.9 99 8.8 67  5.1   4  3.2-9.9-9.9
5017219610716 19.5  2.2  0.009900 -2.0-99.9-99.9-99.9-9.9 99 8.4 72  4.5   3  2.4-9.9-9.9
5017219610717 21.1  2.0  0.009900 -1.5-99.9-99.9-99.9-9.9 99 9.2 67  5.8  11  8.8-9.9-9.9
5017219610718 21.0  8.5  0.009900  2.7-99.9-99.9-99.9-9.9 9910.8 69  8.1   9  7.2-9.9-9.9
5017219610719 15.9  8.5  0.519900  6.8-99.9-99.9-99.9-9.9 9911.5 86  9.0  30 24.0-9.9-9.9
5017219610720 18.6  2.5  0.009900 -1.8-99.9-99.9-99.9-9.9 99 7.2 61  2.3   7  5.6-9.9-9.9
5017219610721 21.0  0.1  0.009900 -5.0-99.9-99.9-99.9-9.9 99 6.5 54  0.9  14 11.2-9.9-9.9
5017219610722 21.0  7.7  0.009900  3.6-99.9-99.9-99.9-9.9 99 6.6 43  1.1  21 16.8-9.9-9.9
5017219610723 19.8  3.5  0.009900 -0.7-99.9-99.9-99.9-9.9 99 6.3 51  0.4   8  6.4-9.9-9.9
5017219610724 25.3 -0.7  0.009900 -3.2-99.9-99.9-99.9-9.9 99 6.7 51  1.3   8  6.4-9.9-9.9
5017219610725 17.3  6.0  0.009900  3.0-99.9-99.9-99.9-9.9 99 6.3 54  0.4  19 15.2-9.9-9.9
5017219610726 15.0 -1.0  0.009900 -6.5-99.9-99.9-99.9-9.9 99 3.4 40 -7.8   3  2.4-9.9-9.9
5017219610727 16.8 -4.6  0.009900 -8.0-99.9-99.9-99.9-9.9 99 4.1 49 -5.4   0  0.0-9.9-9.9
5017219610728 18.8 -1.6  0.009900 -6.0-99.9-99.9-99.9-9.9 99 5.0 46 -2.7  17 13.6-9.9-9.9
5017219610729 20.0  7.5  0.009900  4.6-99.9-99.9-99.9-9.9 99 6.2 45  0.2  16 12.8-9.9-9.9
5017219610730 22.8  3.6  0.009900 -2.9-99.9-99.9-99.9-9.9 99 6.2 43  0.2  19 15.2-9.9-9.9
5017219610731 20.1  3.6  0.009900 -1.0-99.9-99.9-99.9-9.9 99 6.9 57  1.7   1  0.8-9.9-9.9
5017219610801 23.1  1.0  0.009900 -2.3-99.9-99.9-99.9-9.9 99 7.4 58  2.7   4  3.2-9.9-9.9
5017219610802 25.3  1.0  0.009900 -4.0-99.9-99.9-99.9-9.9 99 7.5 56  2.9   0  0.0-9.9-9.9
5017219610803 21.3  2.4  0.009900 -2.0-99.9-99.9-99.9-9.9 9910.3 71  7.4   3  2.4-9.9-9.9
5017219610804 25.5  5.3  0.009900  1.9-99.9-99.9-99.9-9.9 9910.4 67  7.5   9  7.2-9.9-9.9
5017219610805 21.3  2.1  0.009900 -0.5-99.9-99.9-99.9-9.9 9910.0 74  7.0  12  9.6-9.9-9.9
5017219610806 19.3  4.4  0.009900 -1.0-99.9-99.9-99.9-9.9 99 6.8 55  1.5   8  6.4-9.9-9.9
5017219610807 18.5 -0.6  0.009900 -4.5-99.9-99.9-99.9-9.9 99 6.7 58  1.3   8  6.4-9.9-9.9
5017219610808 11.5  3.6  0.419900 -0.5-99.9-99.9-99.9-9.9 99 8.4 83  4.5  10  8.0-9.9-9.9
5017219610809 11.6  6.4  0.009900  6.3-99.9-99.9-99.9-9.9 9910.1 91  7.1   4  3.2-9.9-9.9
5017219610810 16.0  8.1  0.009900  8.0-99.9-99.9-99.9-9.9 9910.3 76  7.4   8  6.4-9.9-9.9
5017219610811 15.3  9.6  0.009900  6.4-99.9-99.9-99.9-9.9 9911.3 85  8.8   6  4.8-9.9-9.9
5017219610812 19.6  7.5  0.009900  5.7-99.9-99.9-99.9-9.9 99 8.1 61  3.9  11  8.8-9.9-9.9
5017219610813 21.8  0.7  0.009900 -4.3-99.9-99.9-99.9-9.9 99 6.5 52  0.9  13 10.4-9.9-9.9
5017219610814 23.0  2.0  0.009900 -2.4-99.9-99.9-99.9-9.9 99 6.8 50  1.5   6  4.8-9.9-9.9
5017219610815 22.0  6.5  0.009900  2.4-99.9-99.9-99.9-9.9 99 6.9 48  1.7   1  0.8-9.9-9.9
5017219610816 28.1  5.0  0.009900 -0.3-99.9-99.9-99.9-9.9 99 7.1 43  2.1  14 11.2-9.9-9.9
5017219610817 24.8  5.2  0.009900  1.4-99.9-99.9-99.9-9.9 99 8.7 56  5.0   3  2.4-9.9-9.9
5017219610818 18.5  5.2  0.009900  1.2-99.9-99.9-99.9-9.9 99 9.8 73  6.7   7  5.6-9.9-9.9
5017219610819 24.3  2.9  0.009900  0.5-99.9-99.9-99.9-9.9 99 9.6 67  6.4   8  6.4-9.9-9.9
5017219610820 24.3  7.0  0.009900  4.3-99.9-99.9-99.9-9.9 9912.4 72 10.1  10  8.0-9.9-9.9
5017219610821 29.1  9.3  0.219900  5.7-99.9-99.9-99.9-9.9 9912.2 61  9.9  12  9.6-9.9-9.9
5017219610822 19.8  7.9  0.009900-99.9-99.9-99.9-99.9-9.9 99 5.9 41 -0.5   3  2.4-9.9-9.9
5017219610823 21.0  1.0  0.009900 -4.7-99.9-99.9-99.9-9.9 99 4.2 38 -5.0   0  0.0-9.9-9.9
5017219610824 20.0  1.6  0.009900 -2.5-99.9-99.9-99.9-9.9 99 4.2 34 -5.0  15 12.0-9.9-9.9
5017219610825 18.8  3.2  0.009900 -1.9-99.9-99.9-99.9-9.9 99 4.4 37 -4.4  14 11.2-9.9-9.9
5017219610826 15.9  6.3  1.819900  2.3-99.9-99.9-99.9-9.9 99 7.9 68  3.6  14 11.2-9.9-9.9
5017219610827 17.8  5.0  1.019900  2.2-99.9-99.9-99.9-9.9 99 8.5 68  4.6  12  9.6-9.9-9.9
5017219610828 20.5  1.4  0.219900 -2.7-99.9-99.9-99.9-9.9 99 7.8 59  3.4   4  3.2-9.9-9.9
5017219610829 16.3  7.4  0.009900  4.5-99.9-99.9-99.9-9.9 99 9.0 76  5.4  23 18.4-9.9-9.9
5017219610830 15.3  1.9  0.009900 -3.1-99.9-99.9-99.9-9.9 99 6.0 56 -0.2  10  8.0-9.9-9.9
5017219610831 23.3 -0.8  0.009900 -5.0-99.9-99.9-99.9-9.9 99 4.9 41 -3.0   4  3.2-9.9-9.9
5017219610901 20.0  9.4  0.009900  7.2-99.9-99.9-99.9-9.9 99 8.7 59  5.0  16 12.8-9.9-9.9
5017219610902 18.2  1.0  0.009900 -4.7-99.9-99.9-99.9-9.9 99 4.8 46 -3.3  24 19.2-9.9-9.9
5017219610903 17.6  3.6  0.009900 -1.5-99.9-99.9-99.9-9.9 99 3.1 29 -9.0   8  6.4-9.9-9.9
5017219610904 18.1 -1.9  0.009900 -6.8-99.9-99.9-99.9-9.9 99 3.6 33 -7.1   1  0.8-9.9-9.9
5017219610905 19.0 -2.3  0.009900 -6.5-99.9-99.9-99.9-9.9 99 4.2 40 -5.0   6  4.8-9.9-9.9
5017219610906 10.8  1.1 20.219900 -3.5-99.9-99.9-99.9-9.9 99 5.9 71 -0.5  27 21.6-9.9-9.9
5017219610907  6.3  1.2  6.519900  0.5-99.9-99.9-99.9-9.9 99 7.8 96  3.4  20 16.0-9.9-9.9
5017219610908 10.8  3.8  0.009900  2.3-99.9-99.9-99.9-9.9 99 8.2 92  4.1   0  0.0-9.9-9.9
5017219610909 18.5  0.2  0.009900 -1.5-99.9-99.9-99.9-9.9 99 8.4 70  4.5   8  6.4-9.9-9.9
5017219610910 17.3  3.9  0.009900 -2.4-99.9-99.9-99.9-9.9 99 6.2 50  0.2   6  4.8-9.9-9.9
5017219610911 15.6  2.9  0.009900 -2.0-99.9-99.9-99.9-9.9 99 5.5 50 -1.4   4  3.2-9.9-9.9
5017219610912 22.0 -1.0  0.009900 -3.8-99.9-99.9-99.9-9.9 99 7.1 53  2.1   8  6.4-9.9-9.9
5017219610913 15.0  5.2  0.009900  3.5-99.9-99.9-99.9-9.9 99 7.8 68  3.4   6  4.8-9.9-9.9
5017219610914 12.5  6.5  0.009900  5.9-99.9-99.9-99.9-9.9 99 4.9 46 -3.0  16 12.8-9.9-9.9
5017219610915 17.9  3.6  0.009900 -1.0-99.9-99.9-99.9-9.9 99 5.2 45 -2.2   7  5.6-9.9-9.9
5017219610916 18.8 -1.8  0.009900 -4.4-99.9-99.9-99.9-9.9 99 5.8 49 -0.7   8  6.4-9.9-9.9
5017219610917 23.5  1.0  0.009900 -3.8-99.9-99.9-99.9-9.9 99 5.9 42 -0.5   4  3.2-9.9-9.9
5017219610918 27.9  3.4  0.009900 -1.5-99.9-99.9-99.9-9.9 99 5.2 30 -2.2   4  3.2-9.9-9.9
5017219610919 24.3  4.6  0.009900 -0.6-99.9-99.9-99.9-9.9 99 7.2 44  2.3  11  8.8-9.9-9.9
5017219610920 23.8  8.0  0.619900  4.1-99.9-99.9-99.9-9.9 99 8.1 48  3.9  16 12.8-9.9-9.9
5017219610921 15.4  6.8  0.919900  7.0-99.9-99.9-99.9-9.9 99 7.3 67  2.5  16 12.8-9.9-9.9
5017219610922 11.3  6.3  0.119900  6.2-99.9-99.9-99.9-9.9 99 9.8 87  6.7   3  2.4-9.9-9.9
5017219610923 20.1  8.6  0.009900  6.3-99.9-99.9-99.9-9.9 99 8.6 59  4.8   7  5.6-9.9-9.9
5017219610924 26.6  4.4  0.009900 -0.4-99.9-99.9-99.9-9.9 99 6.6 38  1.1   6  4.8-9.9-9.9
5017219610925 29.0  8.1  0.009900  2.4-99.9-99.9-99.9-9.9 99 7.0 30  1.9  13 10.4-9.9-9.9
5017219610926 29.7  5.8  0.009900  1.0-99.9-99.9-99.9-9.9 99 7.1 39  2.1  20 16.0-9.9-9.9
5017219610927 14.3  5.8  0.009900  1.3-99.9-99.9-99.9-9.9 99 5.8 48 -0.7  13 10.4-9.9-9.9
5017219610928 19.3  0.3  0.009900 -5.4-99.9-99.9-99.9-9.9 99 4.1 33 -5.4  19 15.2-9.9-9.9
5017219610929 28.3  6.9  0.009900  3.5-99.9-99.9-99.9-9.9 99 4.1 19 -5.4  22 17.6-9.9-9.9
5017219610930 30.0  4.5  0.009900 -0.4-99.9-99.9-99.9-9.9 99 4.7 25 -3.6   9  7.2-9.9-9.9
5017219611001 34.5  8.4  0.009900  2.5-99.9-99.9-99.9-9.9 99 4.3 21 -4.7   7  5.6-9.9-9.9
5017219611002 24.8  9.6  0.009900  7.3-99.9-99.9-99.9-9.9 99 5.0 34 -2.7  27 21.6-9.9-9.9
5017219611003 23.8  2.0  0.009900  1.5-99.9-99.9-99.9-9.9 99 7.2 47  2.3  14 11.2-9.9-9.9
5017219611004 22.8  4.1  0.009900  2.2-99.9-99.9-99.9-9.9 99 8.4 47  4.5   6  4.8-9.9-9.9
5017219611005 21.3  8.0  0.009900  3.6-99.9-99.9-99.9-9.9 99 8.0 50  3.8  16 12.8-9.9-9.9
5017219611006 26.4  7.5  0.009900  2.3-99.9-99.9-99.9-9.9 99 6.9 34  1.7   9  7.2-9.9-9.9
5017219611007 29.9  6.1  0.009900  3.7-99.9-99.9-99.9-9.9 9910.5 45  7.7   1  0.8-9.9-9.9
5017219611008 27.3 13.5  0.119900 10.5-99.9-99.9-99.9-9.9 9914.9 65 12.9  14 11.2-9.9-9.9
5017219611009 29.8 10.3  0.009900  5.3-99.9-99.9-99.9-9.9 9911.6 50  9.2   9  7.2-9.9-9.9
5017219611010 32.5  9.4  0.009900  4.3-99.9-99.9-99.9-9.9 9911.4 46  8.9  19 15.2-9.9-9.9
5017219611011 25.8 12.3  0.009900 10.0-99.9-99.9-99.9-9.9 99 8.2 38  4.1  19 15.2-9.9-9.9
5017219611012 29.8  7.1  0.009900  2.5-99.9-99.9-99.9-9.9 99 6.4 32  0.6  14 11.2-9.9-9.9
5017219611013 22.1 10.7  0.009900  8.0-99.9-99.9-99.9-9.9 99 9.1 50  5.6  12  9.6-9.9-9.9
5017219611014 18.8  7.1  9.719900  5.5-99.9-99.9-99.9-9.9 9910.5101  7.7   2  1.6-9.9-9.9
5017219611015 15.3  9.5  1.919900  9.8-99.9-99.9-99.9-9.9 9911.2 91  8.6  41 32.8-9.9-9.9
5017219611016 17.8  8.3  0.009900  6.8-99.9-99.9-99.9-9.9 9910.0 66  7.0  26 20.8-9.9-9.9
5017219611017 26.3  5.7  0.009900  1.4-99.9-99.9-99.9-9.9 99 9.9 58  6.8   4  3.2-9.9-9.9
5017219611018 21.1  7.5  0.009900  2.5-99.9-99.9-99.9-9.9 99 6.8 38  1.5  22 17.6-9.9-9.9
5017219611019 22.1  5.4  0.009900  2.0-99.9-99.9-99.9-9.9 9910.7 64  8.0  12  9.6-9.9-9.9
5017219611020 20.0  4.7  0.009900  2.4-99.9-99.9-99.9-9.9 99 5.2 35 -2.2   7  5.6-9.9-9.9
5017219611021 26.8  3.0  0.009900 -2.0-99.9-99.9-99.9-9.9 99 5.2 25 -2.2   9  7.2-9.9-9.9
5017219611022 29.6  8.7  0.009900  2.8-99.9-99.9-99.9-9.9 99 9.0 42  5.4   2  1.6-9.9-9.9
5017219611023 30.3 11.2  0.009900  6.2-99.9-99.9-99.9-9.9 9911.8 49  9.4   2  1.6-9.9-9.9
5017219611024 30.1 12.8  0.009900  9.5-99.9-99.9-99.9-9.9 9910.2 42  7.3  11  8.8-9.9-9.9
5017219611025 33.3  8.0  0.009900  1.1-99.9-99.9-99.9-9.9 99 7.0 25  1.9   7  5.6-9.9-9.9
5017219611026 35.8 10.7  0.009900  5.8-99.9-99.9-99.9-9.9 99 9.9 32  6.8  11  8.8-9.9-9.9
5017219611027 32.8 15.2  0.009900 11.5-99.9-99.9-99.9-9.9 99 8.6 27  4.8   9  7.2-9.9-9.9
5017219611028 25.8 16.1  7.919910 12.4-99.9-99.9-99.9-9.9 9917.0 72 15.0  13 10.4-9.9-9.9
5017219611029 30.8 12.0  0.009900  8.2-99.9-99.9-99.9-9.9 99 8.8 32  5.1   8  6.4-9.9-9.9
5017219611030 33.8 12.5  0.009900  7.0-99.9-99.9-99.9-9.9 9910.0 33  7.0   4  3.2-9.9-9.9
5017219611031 34.3 13.5  0.009900  9.1-99.9-99.9-99.9-9.9 9913.1 40 11.0  14 11.2-9.9-9.9
5017219611101 34.4 14.0  0.009900 10.5-99.9-99.9-99.9-9.9 9913.9 45 11.9   6  4.8-9.9-9.9
5017219611102 34.3 16.4  0.009900 12.6-99.9-99.9-99.9-9.9 9918.8 56 16.5  14 11.2-9.9-9.9
5017219611103 28.1 19.0  0.009900 18.1-99.9-99.9-99.9-9.9 99 8.4 30  4.5  31 24.8-9.9-9.9
5017219611104 22.5  9.2  0.009900  9.0-99.9-99.9-99.9-9.9 99 6.2 42  0.2  20 16.0-9.9-9.9
5017219611105 25.3  4.3  0.009900 -0.1-99.9-99.9-99.9-9.9 99 7.8 40  3.4   6  4.8-9.9-9.9
5017219611106 31.8  8.0  0.009900  3.1-99.9-99.9-99.9-9.9 99 7.0 26  1.9   8  6.4-9.9-9.9
5017219611107 34.8 12.0  0.009900-99.9-99.9-99.9-99.9-9.9 9910.7 34  8.0  16 12.8-9.9-9.9
5017219611108 28.3 14.0  2.019900 14.0-99.9-99.9-99.9-9.9 9913.1 67 11.0  34 27.2-9.9-9.9
5017219611109 26.5 12.1  0.219900 11.5-99.9-99.9-99.9-9.9 99 9.3 40  5.9   9  7.2-9.9-9.9
5017219611110 28.5 12.5  0.009900  9.4-99.9-99.9-99.9-9.9 99 8.4 36  4.5  16 12.8-9.9-9.9
5017219611111 30.2  8.0  0.009900  6.4-99.9-99.9-99.9-9.9 9911.9 46  9.5   6  4.8-9.9-9.9
5017219611112 29.6 14.7  1.219900 11.5-99.9-99.9-99.9-9.9 9910.4 40  7.5  14 11.2-9.9-9.9
5017219611113 28.8  6.4  0.009900  0.7-99.9-99.9-99.9-9.9 99 8.3 36  4.3   6  4.8-9.9-9.9
5017219611114 33.3 10.0  0.009900  5.6-99.9-99.9-99.9-9.9 99 7.3 30  2.5   9  7.2-9.9-9.9
5017219611115 34.5 10.7  0.009900  5.5-99.9-99.9-99.9-9.9 9911.0 34  8.4  13 10.4-9.9-9.9
5017219611116 34.3 16.0  8.519900 12.5-99.9-99.9-99.9-9.9 9910.5 30  7.7  21 16.8-9.9-9.9
5017219611117 26.0 13.5  0.009900 11.5-99.9-99.9-99.9-9.9 99 8.6 39  4.8  16 12.8-9.9-9.9
5017219611118 27.0  9.6  0.009900  7.7-99.9-99.9-99.9-9.9 9910.6 50  7.8  20 16.0-9.9-9.9
5017219611119 28.3  8.5  0.009900  3.7-99.9-99.9-99.9-9.9 99 8.8 37  5.1  12  9.6-9.9-9.9
5017219611120 32.9 10.2  0.009900  5.1-99.9-99.9-99.9-9.9 99 7.3 26  2.5   5  4.0-9.9-9.9
5017219611121 31.2 10.3  0.009900  3.7-99.9-99.9-99.9-9.9 99 6.2 23  0.2   9  7.2-9.9-9.9
5017219611122 32.1  9.4  0.009900  7.4-99.9-99.9-99.9-9.9 99 7.8 26  3.4   9  7.2-9.9-9.9
5017219611123 27.8 13.1  0.009900 11.2-99.9-99.9-99.9-9.9 99 6.0 24 -0.2  22 17.6-9.9-9.9
5017219611124 31.0 11.2  0.009900  8.4-99.9-99.9-99.9-9.9 99 7.4 27  2.7  13 10.4-9.9-9.9
5017219611125 34.0 16.5  0.009900 12.9-99.9-99.9-99.9-9.9 99 8.2 26  4.1   5  4.0-9.9-9.9
5017219611126 34.0 15.0  4.019900 10.4-99.9-99.9-99.9-9.9 9911.8 41  9.4   7  5.6-9.9-9.9
5017219611127 31.5 13.6  0.009900  9.2-99.9-99.9-99.9-9.9 9910.5 38  7.7   6  4.8-9.9-9.9
5017219611128 36.0 10.0  0.009900  5.1-99.9-99.9-99.9-9.9 99 8.8 27  5.1   4  3.2-9.9-9.9
5017219611129 31.8 17.0  0.009900 15.2-99.9-99.9-99.9-9.9 99 9.6 28  6.4  31 24.8-9.9-9.9
5017219611130 28.3 15.3  0.009900 12.5-99.9-99.9-99.9-9.9 9911.8 51  9.4  19 15.2-9.9-9.9
5017219611201 34.0 13.0  0.009900  7.1-99.9-99.9-99.9-9.9 99 9.4 33  6.1   2  1.6-9.9-9.9
5017219611202 30.4 13.6  0.009900  9.0-99.9-99.9-99.9-9.9 99 8.1 32  3.9  13 10.4-9.9-9.9
5017219611203 31.6 12.1  0.009900  7.8-99.9-99.9-99.9-9.9 99 6.2 21  0.2  14 11.2-9.9-9.9
5017219611204 33.8 12.1  0.009900  8.7-99.9-99.9-99.9-9.9 9912.6 35 10.4  20 16.0-9.9-9.9
5017219611205 38.3 17.0  0.009900 13.6-99.9-99.9-99.9-9.9 9916.3 39 14.3  16 12.8-9.9-9.9
5017219611206 39.3 20.6  0.009900 18.0-99.9-99.9-99.9-9.9 9913.5 30 11.4  13 10.4-9.9-9.9
5017219611207 30.2 20.9  0.009900 20.3-99.9-99.9-99.9-9.9 99 6.9 22  1.7  23 18.4-9.9-9.9
5017219611208 27.5 14.0  0.009900 13.1-99.9-99.9-99.9-9.9 99 8.0 27  3.8  24 19.2-9.9-9.9
5017219611209 30.8  8.8  0.009900  4.2-99.9-99.9-99.9-9.9 99 9.5 38  6.2   6  4.8-9.9-9.9
5017219611210 36.3 11.7  0.009900  8.5-99.9-99.9-99.9-9.9 9910.3 31  7.4   2  1.6-9.9-9.9
5017219611211 34.3 10.4  0.009900  9.8-99.9-99.9-99.9-9.9 99 6.6 20  1.1  20 16.0-9.9-9.9
5017219611212 40.0 11.5  0.009900  8.5-99.9-99.9-99.9-9.9 9910.3 28  7.4   6  4.8-9.9-9.9
5017219611213 39.3 16.4  0.009900 12.0-99.9-99.9-99.9-9.9 9914.7 35 12.7   2  1.6-9.9-9.9
5017219611214 33.5 22.0  0.009900 19.0-99.9-99.9-99.9-9.9 9911.4 32  8.9  23 18.4-9.9-9.9
5017219611215 33.1 17.5  0.009900 13.7-99.9-99.9-99.9-9.9 9910.1 28  7.1  19 15.2-9.9-9.9
5017219611216 36.3 12.0  0.009900  6.6-99.9-99.9-99.9-9.9 99 9.4 29  6.1   4  3.2-9.9-9.9
5017219611217 35.2 20.1  0.009900 15.0-99.9-99.9-99.9-9.9 99 6.4 18  0.6  22 17.6-9.9-9.9
5017219611218 30.0 17.4  0.009900 15.7-99.9-99.9-99.9-9.9 99 7.5 25  2.9  13 10.4-9.9-9.9
5017219611219 25.6 13.2  0.009900 10.0-99.9-99.9-99.9-9.9 99 6.8 29  1.5  31 24.8-9.9-9.9
5017219611220 28.8  5.7  0.009900 -0.5-99.9-99.9-99.9-9.9 99 6.2 27  0.2  13 10.4-9.9-9.9
5017219611221 35.3 10.6  0.009900  4.6-99.9-99.9-99.9-9.9 99 6.5 24  0.9  17 13.6-9.9-9.9
5017219611222 35.0  9.3  0.009900  4.9-99.9-99.9-99.9-9.9 99 5.8 19 -0.7   8  6.4-9.9-9.9
5017219611223 31.3 10.1  0.009900  5.7-99.9-99.9-99.9-9.9 99 8.7 34  5.0   4  3.2-9.9-9.9
5017219611224 38.3 11.8  0.009900  6.7-99.9-99.9-99.9-9.9 99 7.4 21  2.7   9  7.2-9.9-9.9
5017219611225 36.0 14.5  0.009900 10.8-99.9-99.9-99.9-9.9 9913.6 41 11.5   8  6.4-9.9-9.9
5017219611226 39.0 17.5  0.009900 14.5-99.9-99.9-99.9-9.9 9915.5 41 13.5   6  4.8-9.9-9.9
5017219611227 33.6 17.6  0.009900 16.5-99.9-99.9-99.9-9.9 99 6.9 22  1.7  11  8.8-9.9-9.9
5017219611228 33.0 11.7  0.009900  8.0-99.9-99.9-99.9-9.9 99 5.5 16 -1.4  24 19.2-9.9-9.9
5017219611229 32.3 16.3  0.419900 15.0-99.9-99.9-99.9-9.9 9917.0 56 15.0  27 21.6-9.9-9.9
5017219611230 33.1 17.1  0.009900 14.5-99.9-99.9-99.9-9.9 9917.1 54 15.0  16 12.8-9.9-9.9
5017219611231 31.6 17.7  0.119900 15.8-99.9-99.9-99.9-9.9 9915.6 55 13.6  19 15.2-9.9-9.9
5017219620101 30.5 11.6  4.319900  7.0-99.9-99.9-99.9-9.9 9913.2 55 11.1   5  4.0-9.9-9.9
5017219620102 29.3  8.3  0.009900  4.5-99.9-99.9-99.9-9.9 9910.6 44  7.8   8  6.4-9.9-9.9
5017219620103 35.5  9.7  0.009900  4.5-99.9-99.9-99.9-9.9 9911.3 35  8.8   5  4.0-9.9-9.9
5017219620104 36.3 16.5  0.009900 13.1-99.9-99.9-99.9-9.9 9911.0 31  8.4   6  4.8-9.9-9.9
5017219620105 34.6 11.5  0.009900  6.9-99.9-99.9-99.9-9.9 9910.8 35  8.1   1  0.8-9.9-9.9
5017219620106 32.1 17.0  0.009900 12.0-99.9-99.9-99.9-9.9 99 8.8 28  5.1  11  8.8-9.9-9.9
5017219620107 38.0 12.8  0.009900  8.1-99.9-99.9-99.9-9.9 9910.7 30  8.0   5  4.0-9.9-9.9
5017219620108 34.6 17.0  0.219900 13.5-99.9-99.9-99.9-9.9 9911.4 31  8.9  17 13.6-9.9-9.9
5017219620109 33.3 15.0  0.009900 12.7-99.9-99.9-99.9-9.9 9915.3 44 13.3  16 12.8-9.9-9.9
5017219620110 34.9 19.0  0.009900 16.8-99.9-99.9-99.9-9.9 9921.8 64 18.9   9  7.2-9.9-9.9
5017219620111 32.8 17.0  0.009900 15.0-99.9-99.9-99.9-9.9 99-9.9-99-99.9 -99-99.9-9.9-9.9
5017219620112 29.0 11.4  0.009900  9.5-99.9-99.9-99.9-9.9 9911.0 38  8.4  17 13.6-9.9-9.9
5017219620113 25.8 13.8  0.009900 11.7-99.9-99.9-99.9-9.9 99 6.7 32  1.3  23 18.4-9.9-9.9
5017219620114 25.2  8.2  0.009900  2.0-99.9-99.9-99.9-9.9 99 6.6 33  1.1   4  3.2-9.9-9.9
5017219620115 31.6  7.0  0.009900  2.1-99.9-99.9-99.9-9.9 99 8.5 32  4.6  11  8.8-9.9-9.9
5017219620116 37.3 13.8  0.009900  8.5-99.9-99.9-99.9-9.9 99-9.9-99-99.9 -99-99.9-9.9-9.9
5017219620117 34.9 16.6  0.009900 12.5-99.9-99.9-99.9-9.9 99-9.9-99-99.9 -99-99.9-9.9-9.9
5017219620118 35.0 15.1  4.319900 11.0-99.9-99.9-99.9-9.9 99-9.9-99-99.9 -99-99.9-9.9-9.9
5017219620119 34.5 16.1  0.009900 14.0-99.9-99.9-99.9-9.9 9915.6 48 13.6  11  8.8-9.9-9.9
5017219620120 36.2 18.3  0.419900 14.5-99.9-99.9-99.9-9.9 9915.1 41 13.1  13 10.4-9.9-9.9
5017219620121 33.5 16.7  2.519900 14.3-99.9-99.9-99.9-9.9 9914.5 45 12.5   6  4.8-9.9-9.9
5017219620122 35.5 16.3  0.009900 11.5-99.9-99.9-99.9-9.9 9911.5 41  9.0   3  2.4-9.9-9.9
5017219620123 28.1 14.3  0.009900  8.0-99.9-99.9-99.9-9.9 99 6.3 26  0.4  17 13.6-9.9-9.9
5017219620124 33.0  7.7  0.009900  2.5-99.9-99.9-99.9-9.9 99 7.6 28  3.0  16 12.8-9.9-9.9
5017219620125 35.5 13.8  0.009900 10.5-99.9-99.9-99.9-9.9 99-9.9-99-99.9 -99-99.9-9.9-9.9
5017219620126 35.3 19.5  0.009900 15.8-99.9-99.9-99.9-9.9 9912.3 36 10.0   9  7.2-9.9-9.9
5017219620127 35.0 13.2  0.009900  9.8-99.9-99.9-99.9-9.9 9912.0 39  9.7   6  4.8-9.9-9.9
5017219620128 37.8 18.1  0.009900 16.4-99.9-99.9-99.9-9.9 9914.6 37 12.6  17 13.6-9.9-9.9
5017219620129 39.4 18.6  0.009900 15.1-99.9-99.9-99.9-9.9 9913.4 32 11.3  16 12.8-9.9-9.9
5017219620130 31.6 18.5  7.419900 16.7-99.9-99.9-99.9-9.9 9917.3 64 15.2   3  2.4-9.9-9.9
5017219620131 31.0 19.0  0.919900 18.0-99.9-99.9-99.9-9.9 9918.4 66 16.2   1  0.8-9.9-9.9
5017219620201 32.1 15.5  0.009900 12.5-99.9-99.9-99.9-9.9 9916.0 55 14.0   6  4.8-9.9-9.9
5017219620202 33.8 17.7  0.009900 15.7-99.9-99.9-99.9-9.9 9916.1 48 14.1   4  3.2-9.9-9.9
5017219620203 36.3 17.0  1.019900 13.2-99.9-99.9-99.9-9.9 9913.5 37 11.4  12  9.6-9.9-9.9
5017219620204 30.6 17.1  0.009900 16.7-99.9-99.9-99.9-9.9 9918.2 66 16.0   6  4.8-9.9-9.9
5017219620205 37.0 17.2  6.919900 15.5-99.9-99.9-99.9-9.9 9918.6 58 16.4   9  7.2-9.9-9.9
5017219620206 27.5 16.5  0.009900 16.9-99.9-99.9-99.9-9.9 9919.7 70 17.3  18 14.4-9.9-9.9
5017219620207 30.8 17.5 16.019910 16.5-99.9-99.9-99.9-9.9 9920.5 78 17.9   8  6.4-9.9-9.9
5017219620208 28.0 16.2 13.119900 17.5-99.9-99.9-99.9-9.9 9919.2 83 16.9  14 11.2-9.9-9.9
5017219620209 30.3 14.8  7.219900-99.9-99.9-99.9-99.9-9.9 9916.9 70 14.9   3  2.4-9.9-9.9
5017219620210 31.1 14.1  2.419900 11.4-99.9-99.9-99.9-9.9 9917.7 61 15.6   3  2.4-9.9-9.9
5017219620211 31.2 17.1  0.009900 14.2-99.9-99.9-99.9-9.9 9916.0 51 14.0   2  1.6-9.9-9.9
5017219620212 33.3 18.2  8.119910 16.4-99.9-99.9-99.9-9.9 9917.4 59 15.3  12  9.6-9.9-9.9
5017219620213 33.0 16.8 12.119910 14.0-99.9-99.9-99.9-9.9 9918.8 59 16.5  12  9.6-9.9-9.9
5017219620214 30.5 15.7  0.319900 13.6-99.9-99.9-99.9-9.9 9914.9 56 12.9   3  2.4-9.9-9.9
5017219620215 34.2 13.7  0.009900 10.2-99.9-99.9-99.9-9.9 9910.0 57  7.0   1  0.8-9.9-9.9
5017219620216 30.8 17.3  0.009900 15.1-99.9-99.9-99.9-9.9 9910.7 36  8.0  13 10.4-9.9-9.9
5017219620217 28.8 11.3  0.009900  6.7-99.9-99.9-99.9-9.9 99 8.4 31  4.5  24 19.2-9.9-9.9
5017219620218 26.5 10.2  0.009900  7.0-99.9-99.9-99.9-9.9 9911.9 56  9.5  16 12.8-9.9-9.9
5017219620219 33.3 13.7  0.009900  8.5-99.9-99.9-99.9-9.9 9913.2 47 11.1   2  1.6-9.9-9.9
5017219620220 30.5 16.2  0.009900 12.5-99.9-99.9-99.9-9.9 9910.1 35  7.1  11  8.8-9.9-9.9
5017219620221 28.1 12.0  0.009900  7.7-99.9-99.9-99.9-9.9 9910.5 41  7.7  13 10.4-9.9-9.9
5017219620222 27.3  9.3  0.009900  5.2-99.9-99.9-99.9-9.9 99 8.7 39  5.0  12  9.6-9.9-9.9
5017219620223 24.2 12.1  0.009900 12.0-99.9-99.9-99.9-9.9 9911.1 59  8.5   4  3.2-9.9-9.9
5017219620224 27.6  8.3  0.009900  4.7-99.9-99.9-99.9-9.9 9910.5 49  7.7   6  4.8-9.9-9.9
5017219620225 31.8 10.2  8.919900  6.8-99.9-99.9-99.9-9.9 9911.7 43  9.3  13 10.4-9.9-9.9
5017219620226 26.6 14.3  1.419900 14.0-99.9-99.9-99.9-9.9 9915.2 72 13.2   8  6.4-9.9-9.9
5017219620227 27.8 12.8  0.009900  9.4-99.9-99.9-99.9-9.9 9914.9 60 12.9   6  4.8-9.9-9.9
5017219620228 30.5 13.9  0.009900 11.9-99.9-99.9-99.9-9.9 9916.2 59 14.2 -99-99.9-9.9-9.9
5017219620301 31.7 15.2  0.009900-99.9-99.9-99.9-99.9-9.9 9917.1 60 15.0 -99-99.9-9.9-9.9
5017219620302 33.8 16.0 18.519900-99.9-99.9-99.9-99.9-9.9 9918.2 61 16.0   3  2.4-9.9-9.9
5017219620303 31.3 14.7  8.019900 13.0-99.9-99.9-99.9-9.9 9916.7 65 14.7   3  2.4-9.9-9.9
5017219620304 27.6 12.1  0.009900  9.6-99.9-99.9-99.9-9.9 9915.0 61 13.0   0  0.0-9.9-9.9
5017219620305 31.1 14.2  0.009900 11.4-99.9-99.9-99.9-9.9 9919.2 66 16.9   1  0.8-9.9-9.9
5017219620306 31.5 17.0  0.009900 14.0-99.9-99.9-99.9-9.9 9911.3 39  8.8  11  8.8-9.9-9.9
5017219620307 30.3 14.5  0.009900 10.7-99.9-99.9-99.9-9.9 9912.9 48 10.7  13 10.4-9.9-9.9
5017219620308 33.6 15.7  0.009900 12.1-99.9-99.9-99.9-9.9 9915.5 53 13.5   1  0.8-9.9-9.9
5017219620309 29.3 15.2  0.009900 10.5-99.9-99.9-99.9-9.9 9913.2 52 11.1   3  2.4-9.9-9.9
5017219620310 31.3 12.9  0.009900  8.5-99.9-99.9-99.9-9.9 9913.7 52 11.6   8  6.4-9.9-9.9
5017219620311 25.7 14.5  0.009900  9.8-99.9-99.9-99.9-9.9 9910.3 45  7.4  13 10.4-9.9-9.9
5017219620312 28.1  8.9  0.009900  4.5-99.9-99.9-99.9-9.9 9913.6 58 11.5   8  6.4-9.9-9.9
5017219620313 32.5 13.6  0.009900  9.5-99.9-99.9-99.9-9.9 9914.4 55 12.4   8  6.4-9.9-9.9
5017219620314 33.4 14.0  0.009900 10.2-99.9-99.9-99.9-9.9 9912.7 46 10.5   8  6.4-9.9-9.9
5017219620315 33.8 14.1  0.009900 10.5-99.9-99.9-99.9-9.9 9912.5 43 10.3  13 10.4-9.9-9.9
5017219620316 34.3 14.2  0.009900 11.0-99.9-99.9-99.9-9.9 9914.1 51 12.1   8  6.4-9.9-9.9
5017219620317 34.6 13.5  0.009900 10.4-99.9-99.9-99.9-9.9 9912.9 47 10.7   8  6.4-9.9-9.9
5017219620318 34.8 13.7  0.009900 10.2-99.9-99.9-99.9-9.9 9913.2 45 11.1   8  6.4-9.9-9.9
5017219620319 34.3 12.7  0.009900  9.3-99.9-99.9-99.9-9.9 9913.9 49 11.9   1  0.8-9.9-9.9
5017219620320 30.8 17.0  0.009900 14.4-99.9-99.9-99.9-9.9 9911.4 46  8.9  10  8.0-9.9-9.9
5017219620321 29.3  9.0  0.009900  4.1-99.9-99.9-99.9-9.9 9910.2 49  7.3   3  2.4-9.9-9.9
5017219620322 29.3  9.4  0.009900  5.0-99.9-99.9-99.9-9.9 99 9.1 44  5.6   3  2.4-9.9-9.9
5017219620323 32.8  9.6  0.009900  6.1-99.9-99.9-99.9-9.9 9914.2 56 12.2   3  2.4-9.9-9.9
5017219620324 31.0 16.3  0.009900 14.5-99.9-99.9-99.9-9.9 9914.3 53 12.3   3  2.4-9.9-9.9
5017219620325 33.0 13.5  0.219900  9.3-99.9-99.9-99.9-9.9 9912.3 43 10.0   5  4.0-9.9-9.9
5017219620326 24.8 14.4 33.919910 11.0-99.9-99.9-99.9-9.9 9915.7 81 13.7  16 12.8-9.9-9.9
5017219620327 17.0 13.0  8.519900 12.4-99.9-99.9-99.9-9.9 9915.7 93 13.7   1  0.8-9.9-9.9
5017219620328 26.8 12.0  0.009900  9.8-99.9-99.9-99.9-9.9 9914.3 73 12.3   0  0.0-9.9-9.9
5017219620329 30.8 11.0  0.009900  7.0-99.9-99.9-99.9-9.9 9914.4 59 12.4   3  2.4-9.9-9.9
5017219620330 27.0 14.0  0.009900 10.3-99.9-99.9-99.9-9.9 9914.5 57 12.5  11  8.8-9.9-9.9
5017219620331 22.6 15.6  0.009900 14.9-99.9-99.9-99.9-9.9 9911.9 59  9.5  22 17.6-9.9-9.9
5017219620401 17.6 11.8  0.009900 11.7-99.9-99.9-99.9-9.9 99 8.9 58  5.3   9  7.2-9.9-9.9
5017219620402 18.0  6.0  0.009900  3.8-99.9-99.9-99.9-9.9 99 9.7 69  6.5   4  3.2-9.9-9.9
5017219620403 23.0  8.0  0.009900  5.0-99.9-99.9-99.9-9.9 9911.0 68  8.4   6  4.8-9.9-9.9
5017219620404 24.2  5.7  0.009900  2.3-99.9-99.9-99.9-9.9 9911.4 71  8.9   3  2.4-9.9-9.9
5017219620405 22.0  9.2  0.009900  5.7-99.9-99.9-99.9-9.9 9911.0 61  8.4  11  8.8-9.9-9.9
5017219620406 25.1  9.2  0.009900  5.8-99.9-99.9-99.9-9.9 9914.7 75 12.7   1  0.8-9.9-9.9
5017219620407 20.3 13.0  0.009900 13.6-99.9-99.9-99.9-9.9 99 6.2 37  0.2  33 26.4-9.9-9.9
5017219620408 23.5  2.7  0.009900 -3.2-99.9-99.9-99.9-9.9 99 7.1 53  2.1   8  6.4-9.9-9.9
5017219620409 29.3  5.0  0.009900  0.8-99.9-99.9-99.9-9.9 99 7.3 45  2.5   2  1.6-9.9-9.9
5017219620410 27.8 10.5  0.009900  4.7-99.9-99.9-99.9-9.9 99 9.7 48  6.5   6  4.8-9.9-9.9
5017219620411 27.8  7.7  0.009900  3.8-99.9-99.9-99.9-9.9 9911.3 65  8.8   0  0.0-9.9-9.9
5017219620412 18.2  9.0  0.009900  5.5-99.9-99.9-99.9-9.9 9910.8 79  8.1   3  2.4-9.9-9.9
5017219620413 22.0  4.5  0.009900  0.1-99.9-99.9-99.9-9.9 9911.2 74  8.6   3  2.4-9.9-9.9
5017219620414 21.8  8.2  0.009900  4.7-99.9-99.9-99.9-9.9 99 9.8 63  6.7  14 11.2-9.9-9.9
5017219620415 22.1  4.4  0.009900  0.0-99.9-99.9-99.9-9.9 99 8.8 68  5.1   3  2.4-9.9-9.9
5017219620416 21.6  5.2  0.009900  1.0-99.9-99.9-99.9-9.9 9912.4 78 10.1   8  6.4-9.9-9.9
5017219620417 25.0 11.8  0.009900  7.6-99.9-99.9-99.9-9.9 9913.5 68 11.4   8  6.4-9.9-9.9
5017219620418 26.2  9.7  0.009900  5.7-99.9-99.9-99.9-9.9 9914.4 77 12.4   5  4.0-9.9-9.9
5017219620419 28.3  9.7  0.009900  6.7-99.9-99.9-99.9-9.9 9914.4 69 12.4   5  4.0-9.9-9.9
5017219620420 31.0 11.4  0.009900  8.3-99.9-99.9-99.9-9.9 9914.7 60 12.7   8  6.4-9.9-9.9
5017219620421 22.8 12.8  0.009900 11.7-99.9-99.9-99.9-9.9 99 7.7 45  3.2  21 16.8-9.9-9.9
5017219620422 16.6  7.0  0.009900  5.0-99.9-99.9-99.9-9.9 99 7.5 62  2.9   4  3.2-9.9-9.9
5017219620423 20.5  0.2  0.009900 -3.4-99.9-99.9-99.9-9.9 99 8.4 68  4.5   1  0.8-9.9-9.9
5017219620424 25.3  3.6  0.009900  0.6-99.9-99.9-99.9-9.9 99 9.1 64  5.6   2  1.6-9.9-9.9
5017219620425 16.2  6.5  0.009900  2.3-99.9-99.9-99.9-9.9 99 8.1 66  3.9   6  4.8-9.9-9.9
5017219620426 21.3  2.2  0.009900 -1.7-99.9-99.9-99.9-9.9 99 8.7 64  5.0   1  0.8-9.9-9.9
5017219620427 23.3  8.8  0.009900  6.6-99.9-99.9-99.9-9.9 9911.1 68  8.5   9  7.2-9.9-9.9
5017219620428 24.3  9.0  0.009900  6.2-99.9-99.9-99.9-9.9 9912.0 67  9.7   8  6.4-9.9-9.9
5017219620429 21.6  6.8  0.009900  2.6-99.9-99.9-99.9-9.9 99 9.8 71  6.7   8  6.4-9.9-9.9
5017219620430 23.3  7.2  0.009900  3.7-99.9-99.9-99.9-9.9 9911.5 66  9.0   8  6.4-9.9-9.9
5017219620501 26.3 12.0  0.519900 10.2-99.9-99.9-99.9-9.9 99 9.9 47  6.8   8  6.4-9.9-9.9
5017219620502 18.3  5.0  0.009900  2.2-99.9-99.9-99.9-9.9 99 6.4 53  0.6   1  0.8-9.9-9.9
5017219620503 23.0  0.1  0.009900 -4.5-99.9-99.9-99.9-9.9 99 5.8 44 -0.7  11  8.8-9.9-9.9
5017219620504 24.2  5.3  0.009900 -0.5-99.9-99.9-99.9-9.9 99 7.8 53  3.4   4  3.2-9.9-9.9
5017219620505 23.2  6.0  0.009900  0.7-99.9-99.9-99.9-9.9 99 6.2 38  0.2   8  6.4-9.9-9.9
5017219620506 18.3  3.3  0.009900  0.6-99.9-99.9-99.9-9.9 99 6.9 55  1.7   9  7.2-9.9-9.9
5017219620507 20.3  1.1  0.009900 -2.6-99.9-99.9-99.9-9.9 99 8.8 68  5.1   8  6.4-9.9-9.9
5017219620508 21.5  7.7  0.009900  3.2-99.9-99.9-99.9-9.9 9910.1 64  7.1  13 10.4-9.9-9.9
5017219620509 23.0  6.0  0.009900  4.0-99.9-99.9-99.9-9.9 9910.6 72  7.8   2  1.6-9.9-9.9
5017219620510 23.8  3.7  0.009900  0.0-99.9-99.9-99.9 0.0  0 8.9 64  5.3   0  0.0 3.6 1.1
5017219620511 26.3  6.5  0.009900  2.4-99.9-99.9-99.9-9.9 99 9.5 55  6.2   6  4.8-9.9-9.9
5017219620512 27.8  5.7  0.009900  1.8-99.9-99.9-99.9-9.9 99 9.8 58  6.7   4  3.2-9.9-9.9
5017219620513 26.0  8.3  0.009900  4.5-99.9-99.9-99.9-9.9 9911.2 60  8.6   9  7.2-9.9-9.9
5017219620514 20.8  7.0  0.009900  2.5-99.9-99.9-99.9-9.9 99 8.6 51  4.8  12  9.6-9.9-9.9
5017219620515 16.4  7.4  0.009900  8.5-99.9-99.9-99.9-9.9 99 7.7 61  3.2   9  7.2-9.9-9.9
5017219620516 18.3 -0.6  0.009900 -5.8-99.9-99.9-99.9-9.9 99 6.4 64  0.6 -99-99.9-9.9-9.9
5017219620517 19.3  0.5  0.009900 -4.7-99.9-99.9-99.9-9.9 99 4.9 45 -3.0   3  2.4-9.9-9.9
5017219620518 22.6  6.2  0.009900  0.4-99.9-99.9-99.9-9.9 99 7.5 47  2.9  14 11.2-9.9-9.9
5017219620519 15.3  2.0  1.019900 -1.8-99.9-99.9-99.9-9.9 99 9.1 84  5.6   3  2.4-9.9-9.9
5017219620520 22.1  2.0  0.009900 -3.3-99.9-99.9-99.9-9.9 99 5.5 48 -1.4   3  2.4-9.9-9.9
5017219620521 22.3 -0.9  0.009900 -5.9-99.9-99.9-99.9-9.9 99 6.4 56  0.6   0  0.0-9.9-9.9
5017219620522 22.8 -0.4  0.009900 -5.9-99.9-99.9-99.9-9.9 99 6.1 53  0.0   8  6.4-9.9-9.9
5017219620523 23.3  5.0  0.009900 -0.8-99.9-99.9-99.9-9.9 99 7.4 54  2.7  11  8.8-9.9-9.9
5017219620524 20.8  2.6  0.009900 -3.1-99.9-99.9-99.9-9.9 99 6.5 48  0.9   3  2.4-9.9-9.9
5017219620525 23.6  9.0  0.319900  7.0-99.9-99.9-99.9-9.9 99 9.2 59  5.8   1  0.8-9.9-9.9
5017219620526 18.8  9.7  2.519900  5.4-99.9-99.9-99.9-9.9 9911.4 77  8.9   7  5.6-9.9-9.9
5017219620527 12.3  5.4  9.519900  7.2-99.9-99.9-99.9-9.9 99 9.5 95  6.2  21 16.8-9.9-9.9
5017219620528  6.5  1.4  0.009900 -0.8-99.9-99.9-99.9-9.9 99 6.7 83  1.3   1  0.8-9.9-9.9
5017219620529  9.0 -0.6  0.009900 -3.5-99.9-99.9-99.9-9.9 99 6.2 71  0.2   3  2.4-9.9-9.9
5017219620530 10.8  6.3  0.009900  5.4-99.9-99.9-99.9-9.9 99 7.5 71  2.9  19 15.2-9.9-9.9
5017219620531 13.1  5.5  0.009900  4.2-99.9-99.9-99.9-9.9 99 7.4 71  2.7  13 10.4-9.9-9.9
5017219620601 14.5  1.6  0.009900 -2.0-99.9-99.9-99.9-9.9 99 6.5 68  0.9   1  0.8-9.9-9.9
5017219620602 19.5 -2.0  0.009900 -5.4-99.9-99.9-99.9-9.9 99 4.6 47 -3.8   5  4.0-9.9-9.9
5017219620603 17.3 -1.8  0.009900 -5.0-99.9-99.9-99.9-9.9 99 5.6 55 -1.2   6  4.8-9.9-9.9
5017219620604 21.0  3.7  0.009900 -1.2-99.9-99.9-99.9-9.9 99 5.9 46 -0.5   9  7.2-9.9-9.9
5017219620605 22.0 -1.0  0.009900 -5.2-99.9-99.9-99.9-9.9 99 5.7 51 -1.0   3  2.4-9.9-9.9
5017219620606 21.9  1.5  0.009900 -2.5-99.9-99.9-99.9-9.9 99 6.0 49 -0.2  11  8.8-9.9-9.9
5017219620607 19.2 -2.0  0.009900 -5.8-99.9-99.9-99.9-9.9 99 6.4 66  0.6   0  0.0-9.9-9.9
5017219620608 20.6  0.6  0.009900 -4.2-99.9-99.9-99.9-9.9 99 6.4 55  0.6   8  6.4-9.9-9.9
5017219620609 14.2 -0.5  0.009900 -4.7-99.9-99.9-99.9-9.9 99 4.4 51 -4.4   5  4.0-9.9-9.9
5017219620610 16.8 -2.3  0.009900 -6.0-99.9-99.9-99.9-9.9 99 6.1 62  0.0   8  6.4-9.9-9.9
5017219620611 16.3  3.2  0.009900  1.5-99.9-99.9-99.9-9.9 99 8.2 71  4.1  13 10.4-9.9-9.9
5017219620612 15.8  5.0  0.009900  1.3-99.9-99.9-99.9-9.9 99 7.8 68  3.4  11  8.8-9.9-9.9
5017219620613 16.3 -1.0  0.009900 -3.0-99.9-99.9-99.9-9.9 99 7.3 75  2.5   6  4.8-9.9-9.9
5017219620614 17.3  0.5  0.009900 -4.0-99.9-99.9-99.9-9.9 99 7.3 65  2.5  14 11.2-9.9-9.9
5017219620615 19.5 -0.6  0.009900 -3.8-99.9-99.9-99.9-9.9 99 7.3 63  2.5  11  8.8-9.9-9.9
5017219620616 22.3  7.0  0.009900  2.0-99.9-99.9-99.9-9.9 99 8.1 54  3.9  20 16.0-9.9-9.9
5017219620617 22.9  8.0  0.009900  3.6-99.9-99.9-99.9-9.9 99 8.4 51  4.5  24 19.2-9.9-9.9
5017219620618 21.8  1.5  0.009900 -2.5-99.9-99.9-99.9-9.9 99 6.5 57  0.9  19 15.2-9.9-9.9
5017219620619 12.8  5.7  0.719900  3.5-99.9-99.9-99.9-9.9 99 7.3 68  2.5   5  4.0-9.9-9.9
5017219620620 14.3 -0.5  0.009900 -4.3-99.9-99.9-99.9-9.9 99 5.0 62 -2.7   1  0.8-9.9-9.9
5017219620621 12.5 -3.8  0.009900 -7.4-99.9-99.9-99.9-9.9 99 4.3 58 -4.7   3  2.4-9.9-9.9
5017219620622 11.1 -2.8  0.009900 -6.9-99.9-99.9-99.9-9.9 99 4.5 56 -4.1  11  8.8-9.9-9.9
5017219620623 10.0  3.0  0.319900  0.0-99.9-99.9-99.9-9.9 99 5.0 52 -2.7  14 11.2-9.9-9.9
5017219620624  9.6  4.0  8.019900  3.7-99.9-99.9-99.9-9.9 99 8.3 88  4.3   1  0.8-9.9-9.9
5017219620625 10.3  4.0  2.019900  0.7-99.9-99.9-99.9-9.9 99 9.1 89  5.6   4  3.2-9.9-9.9
5017219620626 16.6  5.3  0.009900  3.3-99.9-99.9-99.9-9.9 99 8.5 70  4.6   6  4.8-9.9-9.9
5017219620627 17.1  4.5  0.009900  0.2-99.9-99.9-99.9-9.9 99 9.2 79  5.8   3  2.4-9.9-9.9
5017219620628 11.0  0.5  6.919900 -3.0-99.9-99.9-99.9-9.9 99 8.9 88  5.3   5  4.0-9.9-9.9
5017219620629 14.5  4.7  1.419900  3.5-99.9-99.9-99.9-9.9 99 8.0 78  3.8   6  4.8-9.9-9.9
5017219620630  7.3  1.3  0.619900 -1.0-99.9-99.9-99.9-9.9 99 6.3 82  0.4  24 19.2-9.9-9.9
5017219620701  3.8  0.2 15.719901  0.2-99.9-99.9-99.9-9.9 99 6.7 98  1.3   9  7.2-9.9-9.9
5017219620702  4.8  1.7  6.719901  2.3-99.9-99.9-99.9-9.9 99 6.8 89  1.5  11  8.8-9.9-9.9
5017219620703  3.6  0.1  4.519901 -0.4-99.9-99.9-99.9-9.9 99 6.2 92  0.2   7  5.6-9.9-9.9
5017219620704  7.6  0.8  0.009900 -0.5-99.9-99.9-99.9-9.9 99 6.1 79  0.0  11  8.8-9.9-9.9
5017219620705  9.3 -2.0  0.009900 -5.0-99.9-99.9-99.9-9.9 99 5.8 79 -0.7   3  2.4-9.9-9.9
5017219620706  7.5 -4.3  0.009900 -5.5-99.9-99.9-99.9-9.9 99 5.4 78 -1.7  11  8.8-9.9-9.9
5017219620707  9.5 -0.8  0.009900 -2.7-99.9-99.9-99.9-9.9 99 6.2 74  0.2  13 10.4-9.9-9.9
5017219620708 14.0  1.0  0.009900 -2.0-99.9-99.9-99.9-9.9 99 7.0 70  1.9  11  8.8-9.9-9.9
5017219620709 18.8 -1.6  0.009900 -4.4-99.9-99.9-99.9-9.9 99 6.7 60  1.3  27 21.6-9.9-9.9
5017219620710 20.5  5.0  0.009900  1.8-99.9-99.9-99.9-9.9 99 7.1 55  2.1  14 11.2-9.9-9.9
5017219620711 18.8  6.9  0.009900  2.5-99.9-99.9-99.9-9.9 99 5.7 40 -1.0  19 15.2-9.9-9.9
5017219620712 15.8  1.2  0.009900 -3.0-99.9-99.9-99.9-9.9 99 4.8 52 -3.3   3  2.4-9.9-9.9
5017219620713 13.0 -0.9  3.119900 -4.2-99.9-99.9-99.9-9.9 99 5.5 66 -1.4  23 18.4-9.9-9.9
5017219620714  7.8  0.6  0.009900  0.3-99.9-99.9-99.9-9.9 99 5.1 69 -2.5  10  8.0-9.9-9.9
5017219620715  9.3 -5.9  0.009900 -9.3-99.9-99.9-99.9-9.9 99 4.1 66 -5.4  11  8.8-9.9-9.9
5017219620716 14.0 -6.6  0.009900 -8.5-99.9-99.9-99.9-9.9 99 3.9 56 -6.0  16 12.8-9.9-9.9
5017219620717 20.9 -0.6  0.009900 -3.0-99.9-99.9-99.9-9.9 99 5.5 49 -1.4  11  8.8-9.9-9.9
5017219620718 13.3  0.5  0.009900 -4.9-99.9-99.9-99.9-9.9 99 5.0 55 -2.7   3  2.4-9.9-9.9
5017219620719 16.8 -3.0  0.009900 -6.8-99.9-99.9-99.9-9.9 99 4.8 51 -3.3  13 10.4-9.9-9.9
5017219620720 15.8  3.7  0.009900  1.5-99.9-99.9-99.9-9.9 99 5.3 48 -1.9  16 12.8-9.9-9.9
5017219620721 16.6  1.6  0.009900 -2.6-99.9-99.9-99.9-9.9 99 4.9 41 -3.0  12  9.6-9.9-9.9
5017219620722 14.3 -3.3  0.009900 -6.5-99.9-99.9-99.9-9.9 99 5.0 60 -2.7   5  4.0-9.9-9.9
5017219620723 15.6 -4.7  0.009900 -8.0-99.9-99.9-99.9-9.9 99 5.1 66 -2.5   3  2.4-9.9-9.9
5017219620724 16.5 -1.1  0.009900 -4.6-99.9-99.9-99.9-9.9 99 5.1 54 -2.5  11  8.8-9.9-9.9
5017219620725 16.3  0.0  0.009900 -3.0-99.9-99.9-99.9-9.9 99 5.3 50 -1.9  25 20.0-9.9-9.9
5017219620726 15.0 -0.4  0.009900 -4.2-99.9-99.9-99.9-9.9 99 5.2 56 -2.2   5  4.0-9.9-9.9
5017219620727 13.8  2.0  0.009900 -2.8-99.9-99.9-99.9-9.9 99 6.3 57  0.4   8  6.4-9.9-9.9
5017219620728 14.5  1.5  0.009900 -3.5-99.9-99.9-99.9-9.9 99 8.0 72  3.8   2  1.6-9.9-9.9
5017219620729 16.2 -1.6  0.009900 -5.5-99.9-99.9-99.9-9.9 99-9.9-99-99.9 -99-99.9-9.9-9.9
5017219620730 16.5 -1.5  0.009900 -5.5-99.9-99.9-99.9-9.9 99 6.2 61  0.2   6  4.8-9.9-9.9
5017219620731 18.2  1.1  0.009900 -1.4-99.9-99.9-99.9-9.9 99 7.8 65  3.4  14 11.2-9.9-9.9
5017219620801 19.8 -0.2  0.009900 -5.0-99.9-99.9-99.9-9.9 99 6.9 62  1.7   4  3.2-9.9-9.9
5017219620802 25.3  2.4  0.009900 -3.2-99.9-99.9-99.9-9.9 99 7.2 51  2.3  17 13.6-9.9-9.9
5017219620803 26.6  8.4  0.009900  7.1-99.9-99.9-99.9-9.9 99 7.4 42  2.7  16 12.8-9.9-9.9
5017219620804 23.3  6.9  0.009900  3.6-99.9-99.9-99.9-9.9 99 7.9 45  3.6  10  8.0-9.9-9.9
5017219620805 22.8 10.5  0.009900  4.1-99.9-99.9-99.9-9.9 99 7.2 41  2.3  13 10.4-9.9-9.9
5017219620806 19.8  3.0  0.009900 -0.5-99.9-99.9-99.9-9.9 99 5.8 49 -0.7  16 12.8-9.9-9.9
5017219620807 16.8  7.8  0.009900  5.5-99.9-99.9-99.9-9.9 99 5.5 43 -1.4   6  4.8-9.9-9.9
5017219620808 14.3  6.9  0.119900  4.7-99.9-99.9-99.9-9.9 99 4.8 42 -3.3  17 13.6-9.9-9.9
5017219620809  9.2  3.5  2.119900  3.3-99.9-99.9-99.9-9.9 99 7.1 85  2.1  24 19.2-9.9-9.9
5017219620810 14.5  0.9  0.009900 -2.5-99.9-99.9-99.9-9.9 99 5.8 63 -0.7   5  4.0-9.9-9.9
5017219620811 18.2 -1.8  0.009900 -5.6-99.9-99.9-99.9-9.9 99 5.4 54 -1.7  10  8.0-9.9-9.9
5017219620812 17.9  0.1  0.009900 -4.9-99.9-99.9-99.9-9.9 99 5.3 53 -1.9   6  4.8-9.9-9.9
5017219620813 18.5 -1.0  0.009900 -5.0-99.9-99.9-99.9-9.9 99 5.8 54 -0.7  11  8.8-9.9-9.9
5017219620814 19.3  4.6  0.009900  0.5-99.9-99.9-99.9-9.9 99 6.6 55  1.1   9  7.2-9.9-9.9
5017219620815-99.9-99.9  0.009900 -4.3-99.9-99.9-99.9-9.9 99-9.9-99-99.9 -99-99.9-9.9-9.9
5017219620816-99.9-99.9  0.009900-99.9-99.9-99.9-99.9-9.9 99-9.9-99-99.9 -99-99.9-9.9-9.9
5017219620817 28.7  1.8  0.009900 -4.5-99.9-99.9-99.9-9.9 99 6.2 43  0.2   1  0.8-9.9-9.9
5017219620818 13.6  4.3  0.009900  1.7-99.9-99.9-99.9-9.9 99 3.9 40 -6.0  26 20.8-9.9-9.9
5017219620819 16.3 -4.6  0.009900 -9.9-99.9-99.9-99.9-9.9 99 3.5 40 -7.4   5  4.0-9.9-9.9
5017219620820 15.5 -4.3  0.009900 -8.4-99.9-99.9-99.9-9.9 99 3.9 42 -6.0   6  4.8-9.9-9.9
5017219620821 11.8 -2.0  0.009900 -3.9-99.9-99.9-99.9-9.9 99 5.3 65 -1.9   6  4.8-9.9-9.9
5017219620822 17.5 -3.9  0.009900 -7.6-99.9-99.9-99.9-9.9 99 4.9 49 -3.0   6  4.8-9.9-9.9
5017219620823 22.8  5.5  0.009900  3.0-99.9-99.9-99.9-9.9 99 5.1 36 -2.5  16 12.8-9.9-9.9
5017219620824 22.8  4.5  0.009900 -0.9-99.9-99.9-99.9-9.9 99 5.6 38 -1.2   9  7.2-9.9-9.9
5017219620825 22.8  4.6  0.009900 -0.5-99.9-99.9-99.9-9.9 99 6.2 44  0.2  10  8.0-9.9-9.9
5017219620826 18.3  5.6  0.009900  1.1-99.9-99.9-99.9-9.9 99 6.7 53  1.3   3  2.4-9.9-9.9
5017219620827 19.5  3.5  0.009900 -2.5-99.9-99.9-99.9-9.9 99 5.9 46 -0.5  11  8.8-9.9-9.9
5017219620828 12.8  5.0  0.219900  5.5-99.9-99.9-99.9-9.9 99 8.0 85  3.8  24 19.2-9.9-9.9
5017219620829 19.2  4.0  0.009900  3.5-99.9-99.9-99.9-9.9 99 7.8 61  3.4  21 16.8-9.9-9.9
5017219620830 28.3  9.3  0.009900  7.0-99.9-99.9-99.9-9.9 99 6.4 30  0.6  19 15.2-9.9-9.9
5017219620831 27.8  4.7  0.009900  0.2-99.9-99.9-99.9-9.9 99 6.1 37  0.0   5  4.0-9.9-9.9
5017219620901 32.8  5.5  0.009900  0.7-99.9-99.9-99.9-9.9 99 5.4 27 -1.7   4  3.2-9.9-9.9
5017219620902 23.3  8.0  0.009900  6.2-99.9-99.9-99.9-9.9 99 6.5 40  0.9  11  8.8-9.9-9.9
5017219620903 29.6  4.2  0.009900 -1.9-99.9-99.9-99.9-9.9 99 6.3 36  0.4  13 10.4-9.9-9.9
5017219620904 19.3  3.7  0.009900 -2.1-99.9-99.9-99.9-9.9 99 4.2 39 -5.0   6  4.8-9.9-9.9
5017219620905 19.3 -2.0  0.009900 -6.0-99.9-99.9-99.9-9.9 99 4.6 39 -3.8   5  4.0-9.9-9.9
5017219620906 22.8  0.9  0.009900 -4.0-99.9-99.9-99.9-9.9 99 5.1 43 -2.5   6  4.8-9.9-9.9
5017219620907 25.8  1.5  0.009900 -4.0-99.9-99.9-99.9-9.9 99 4.5 35 -4.1  23 18.4-9.9-9.9
5017219620908 19.1 -2.1  0.009900 -6.4-99.9-99.9-99.9-9.9 99 3.9 37 -6.0   2  1.6-9.9-9.9
5017219620909 20.5  0.4  0.009900 -4.5-99.9-99.9-99.9-9.9 99 3.3 31 -8.2   7  5.6-9.9-9.9
5017219620910 16.5  3.4  0.009900  0.5-99.9-99.9-99.9-9.9 99 4.4 35 -4.4  18 14.4-9.9-9.9
5017219620911 15.3  5.2  3.319900  3.7-99.9-99.9-99.9-9.9 99 7.7 66  3.2   4  3.2-9.9-9.9
5017219620912 21.1  2.0  0.009900  0.0-99.9-99.9-99.9-9.9 99 9.4 70  6.1   8  6.4-9.9-9.9
5017219620913 21.8  8.1  0.009900  5.1-99.9-99.9-99.9-9.9 99 9.2 57  5.8  14 11.2-9.9-9.9
5017219620914 15.3  8.2  0.009900  8.0-99.9-99.9-99.9-9.9 99 8.9 74  5.3  25 20.0-9.9-9.9
5017219620915 18.8  2.1  0.009900 -4.0-99.9-99.9-99.9-9.9 99 5.6 47 -1.2   6  4.8-9.9-9.9
5017219620916 17.5  3.2  0.009900-99.9-99.9-99.9-99.9-9.9 99 8.3 58  4.3 -99-99.9-9.9-9.9
5017219620917 20.3  1.2  0.009900 -5.8-99.9-99.9-99.9-9.9 99 4.6 36 -3.8   5  4.0-9.9-9.9
5017219620918 18.4  0.8  0.009900 -5.5-99.9-99.9-99.9-9.9 99 4.5 35 -4.1   2  1.6-9.9-9.9
5017219620919 24.0  0.8  0.009900-99.9-99.9-99.9-99.9-9.9 99 5.7 36 -1.0   2  1.6-9.9-9.9
5017219620920 27.3  3.2  0.009900-99.9-99.9-99.9-99.9-9.9 99 4.8 30 -3.3   9  7.2-9.9-9.9
5017219620921 28.8  6.3  0.009900-99.9-99.9-99.9-99.9-9.9 99 5.8 27 -0.7  13 10.4-9.9-9.9
5017219620922 29.0  7.0  0.009900-99.9-99.9-99.9-99.9-9.9 99 7.2 33  2.3   9  7.2-9.9-9.9
5017219620923 29.1  8.7  0.009900-99.9-99.9-99.9-99.9-9.9 99 9.0 39  5.4  13 10.4-9.9-9.9
5017219620924 23.8 12.4  0.009900-99.9-99.9-99.9-99.9-9.9 99 8.2 40  4.1  30 24.0-9.9-9.9
5017219620925 30.8  4.6  0.009900-99.9-99.9-99.9-99.9-9.9 99 9.0 44  5.4   1  0.8-9.9-9.9
5017219620926 21.2 10.8  1.819900-99.9-99.9-99.9-99.9-9.9 99 8.3 55  4.3  13 10.4-9.9-9.9
5017219620927 19.6  3.0  0.009900-99.9-99.9-99.9-99.9-9.9 99 4.5 31 -4.1  18 14.4-9.9-9.9
5017219620928 23.0  0.1  0.009900-99.9-99.9-99.9-99.9-9.9 99 5.2 37 -2.2   5  4.0-9.9-9.9
5017219620929 27.3  2.5  0.009900 -3.4-99.9-99.9-99.9-9.9 99 7.2 37  2.3   8  6.4-9.9-9.9
5017219620930 22.6 12.1  0.009900  6.5-99.9-99.9-99.9-9.9 99 8.1 44  3.9  11  8.8-9.9-9.9
5017219621001 23.6  6.0  0.009900  0.2-99.9-99.9-99.9-9.9 99 7.8 44  3.4   2  1.6-9.9-9.9
5017219621002 23.8 10.0  1.719900  7.5-99.9-99.9-99.9-9.9 9910.8 62  8.1  16 12.8-9.9-9.9
5017219621003 24.0  6.8  0.009900  1.5-99.9-99.9-99.9-9.9 9910.6 63  7.8   1  0.8-9.9-9.9
5017219621004 16.8  9.4  2.719910  6.5-99.9-99.9-99.9-9.9 9910.9 89  8.2  19 15.2-9.9-9.9
5017219621005 15.0  8.5  0.519900  6.6-99.9-99.9-99.9-9.9 99 8.7 65  5.0   1  0.8-9.9-9.9
5017219621006 18.3  8.2  0.009900  7.0-99.9-99.9-99.9-9.9 99 7.5 55  2.9   2  1.6-9.9-9.9
5017219621007 21.1  2.5  0.009900 -5.0-99.9-99.9-99.9-9.9 99 5.7 40 -1.0   4  3.2-9.9-9.9
5017219621008 23.3  4.0  0.009900 -2.3-99.9-99.9-99.9-9.9 99 5.6 32 -1.2  11  8.8-9.9-9.9
5017219621009 22.3  9.5  0.009900  5.9-99.9-99.9-99.9-9.9 99 6.8 38  1.5  14 11.2-9.9-9.9
5017219621010 18.5  9.0  0.009900  6.7-99.9-99.9-99.9-9.9 99 7.3 50  2.5  20 16.0-9.9-9.9
5017219621011 18.9  7.5  0.009900  6.1-99.9-99.9-99.9-9.9 99 8.7 60  5.0   2  1.6-9.9-9.9
5017219621012 22.4  5.2  0.009900 -0.7-99.9-99.9-99.9-9.9 99 7.9 46  3.6  17 13.6-9.9-9.9
5017219621013 26.6  4.9  0.009900 -0.6-99.9-99.9-99.9-9.9 99 9.3 47  5.9   9  7.2-9.9-9.9
5017219621014 31.3  9.3  4.019900  4.5-99.9-99.9-99.9-9.9 9911.0 46  8.4   6  4.8-9.9-9.9
5017219621015 21.3 10.9  0.009900 10.0-99.9-99.9-99.9-9.9 99 8.3 50  4.3  27 21.6-9.9-9.9
5017219621016 20.6  7.0  0.009900  4.6-99.9-99.9-99.9-9.9 99 5.4 36 -1.7  16 12.8-9.9-9.9
5017219621017 25.3  3.0  0.009900 -2.6-99.9-99.9-99.9-9.9 99 5.6 32 -1.2   9  7.2-9.9-9.9
5017219621018 27.9  3.1  0.009900 -2.0-99.9-99.9-99.9-9.9 99 7.2 37  2.3   4  3.2-9.9-9.9
5017219621019 24.3  7.3  0.009900  1.7-99.9-99.9-99.9-9.9 99 7.2 39  2.3  30 24.0-9.9-9.9
5017219621020 31.5  8.0  0.009900  1.5-99.9-99.9-99.9-9.9 99 7.5 36  2.9   9  7.2-9.9-9.9
5017219621021 32.3 10.5  0.009900  4.5-99.9-99.9-99.9-9.9 99 7.7 28  3.2 -99-99.9-9.9-9.9
5017219621022 33.1 10.7  0.009900  5.1-99.9-99.9-99.9-9.9 9910.5 51  7.7   0  0.0-9.9-9.9
5017219621023 35.3 12.3  0.419900  7.5-99.9-99.9-99.9-9.9 9911.1 36  8.5  11  8.8-9.9-9.9
5017219621024 31.3 12.4  1.019900  7.6-99.9-99.9-99.9-9.9 9912.7 44 10.5  19 15.2-9.9-9.9
5017219621025 26.5 15.2  0.009900 13.0-99.9-99.9-99.9-9.9 99 5.9 25 -0.5  27 21.6-9.9-9.9
5017219621026 20.5 12.5  0.009900 11.5-99.9-99.9-99.9-9.9 99-9.9-99-99.9 -99-99.9-9.9-9.9
5017219621027 28.3  4.3  0.009900 -2.5-99.9-99.9-99.9-9.9 99-9.9-99-99.9 -99-99.9-9.9-9.9
5017219621028 28.3 13.8  0.009900  7.0-99.9-99.9-99.9-9.9 99 9.0 36  5.4  13 10.4-9.9-9.9
5017219621029 33.9 12.5  0.009900  7.2-99.9-99.9-99.9-9.9 9910.0 35  7.0   6  4.8-9.9-9.9
5017219621030 36.8 11.8  0.009900  6.5-99.9-99.9-99.9-9.9 9910.6 33  7.8   3  2.4-9.9-9.9
5017219621031 35.5 15.7  0.009900  9.7-99.9-99.9-99.9-9.9 99 6.5 19  0.9   4  3.2-9.9-9.9
5017219621101 35.3 16.0  0.009900 13.8-99.9-99.9-99.9-9.9 9910.1 32  7.1  22 17.6-9.9-9.9
5017219621102 34.3 15.3  0.119900 14.0-99.9-99.9-99.9-9.9 9912.8 45 10.6  11  8.8-9.9-9.9
5017219621103 29.0 16.0  0.119900 13.0-99.9-99.9-99.9-9.9 9910.7 41  8.0  15 12.0-9.9-9.9
5017219621104 27.3 14.5  0.319900 11.0-99.9-99.9-99.9-9.9 99 8.5 34  4.6  19 15.2-9.9-9.9
5017219621105 29.0 10.3  0.009900  6.2-99.9-99.9-99.9-9.9 99 7.2 28  2.3  19 15.2-9.9-9.9
5017219621106 32.3 12.5  0.009900  9.0-99.9-99.9-99.9-9.9 9910.0 35  7.0  11  8.8-9.9-9.9
5017219621107 33.5 13.7  0.009900  9.6-99.9-99.9-99.9-9.9 99 9.3 30  5.9  19 15.2-9.9-9.9
5017219621108 34.0 14.0  0.009900 10.8-99.9-99.9-99.9-9.9 99 9.4 30  6.1  13 10.4-9.9-9.9
5017219621109 28.2 15.1  0.009900 12.8-99.9-99.9-99.9-9.9 99 7.0 29  1.9  22 17.6-9.9-9.9
5017219621110 35.6 12.2  0.009900  7.8-99.9-99.9-99.9-9.9 99 9.7 30  6.5  12  9.6-9.9-9.9
5017219621111 36.0 16.0  0.009900 11.7-99.9-99.9-99.9-9.9 9911.4 30  8.9   9  7.2-9.9-9.9
5017219621112 29.8 15.6  0.009900 14.3-99.9-99.9-99.9-9.9 99 7.2 29  2.3  16 12.8-9.9-9.9
5017219621113 35.0 11.6  0.009900  8.8-99.9-99.9-99.9-9.9 9913.0 41 10.9   3  2.4-9.9-9.9
5017219621114 32.6 19.0  0.009900 16.5-99.9-99.9-99.9-9.9 99 9.0 29  5.4  29 23.2-9.9-9.9
5017219621115 34.3 13.6 10.019900  9.5-99.9-99.9-99.9-9.9 9916.9 45 14.9  19 15.2-9.9-9.9
5017219621116 25.0 16.7  0.219900-99.9-99.9-99.9-99.9-9.9 99-9.9-99-99.9 -99-99.9-9.9-9.9
5017219621117 20.5 14.2  0.119900 13.1-99.9-99.9-99.9-9.9 9915.5 83 13.5  14 11.2-9.9-9.9
5017219621118 26.2 14.5  9.719900 14.0-99.9-99.9-99.9-9.9 9913.7 68 11.6  27 21.6-9.9-9.9
5017219621119 23.1 11.5  1.319900 11.1-99.9-99.9-99.9-9.9 9912.6 72 10.4  10  8.0-9.9-9.9
5017219621120 27.3  6.7  0.009900  3.2-99.9-99.9-99.9-9.9 99 8.0 38  3.8  10  8.0-9.9-9.9
5017219621121 30.3  7.2  0.009900  3.5-99.9-99.9-99.9-9.9 99 9.2 39  5.8  11  8.8-9.9-9.9
5017219621122 33.7 14.8  0.009900 10.0-99.9-99.9-99.9-9.9 9911.3 33  8.8  14 11.2-9.9-9.9
5017219621123 33.8 16.0  0.009900 14.2-99.9-99.9-99.9-9.9 9915.9 50 13.9   8  6.4-9.9-9.9
5017219621124 34.7 15.0  0.009900 12.6-99.9-99.9-99.9-9.9 9913.9 40 11.9   4  3.2-9.9-9.9
5017219621125 37.1 16.7  0.009900 13.8-99.9-99.9-99.9-9.9 9916.3 43 14.3  17 13.6-9.9-9.9
5017219621126 34.0 17.2  0.009900 15.1-99.9-99.9-99.9-9.9 9917.4 47 15.3  16 12.8-9.9-9.9
5017219621127 37.0 17.7  0.009900 14.6-99.9-99.9-99.9-9.9 9920.3 50 17.7  15 12.0-9.9-9.9
5017219621128 34.8 18.7  0.009900 17.5-99.9-99.9-99.9-9.9 9913.1 42 11.0  17 13.6-9.9-9.9
5017219621129 28.6 13.5  0.009900  9.0-99.9-99.9-99.9-9.9 9911.0 41  8.4  11  8.8-9.9-9.9
5017219621130 34.8 13.0  9.819900 10.2-99.9-99.9-99.9-9.9 9917.0 53 15.0  14 11.2-9.9-9.9
5017219621201 28.8 17.1  0.009900 17.3-99.9-99.9-99.9-9.9 9916.7 63 14.7  30 24.0-9.9-9.9
5017219621202 29.5 13.7  0.009900 10.8-99.9-99.9-99.9-9.9 9912.0 42  9.7  18 14.4-9.9-9.9
5017219621203 30.6 14.7  0.009900 12.2-99.9-99.9-99.9-9.9 9913.2 52 11.1  13 10.4-9.9-9.9
5017219621204 25.0 12.7 16.419900 12.7-99.9-99.9-99.9-9.9 9915.6 81 13.6  17 13.6-9.9-9.9
5017219621205 25.0 14.3  0.009900 13.5-99.9-99.9-99.9-9.9 9917.8 76 15.7  11  8.8-9.9-9.9
5017219621206 30.5 16.0  0.009900 14.4-99.9-99.9-99.9-9.9 9917.5 57 15.4  16 12.8-9.9-9.9
5017219621207 30.1 16.5  2.419900 15.5-99.9-99.9-99.9-9.9 9917.8 63 15.7  17 13.6-9.9-9.9
5017219621208 31.3 13.4  0.009900 11.7-99.9-99.9-99.9-9.9 9913.3 46 11.2  11  8.8-9.9-9.9
5017219621209 34.3 15.1  0.009900 10.3-99.9-99.9-99.9-9.9 9915.3 42 13.3   9  7.2-9.9-9.9
5017219621210 35.8 17.5  0.119900 15.0-99.9-99.9-99.9-9.9 9914.4 39 12.4  11  8.8-9.9-9.9
5017219621211 34.1 19.4  0.009900 18.2-99.9-99.9-99.9-9.9 9913.2 37 11.1  14 11.2-9.9-9.9
5017219621212 29.8 15.0  0.009900 12.7-99.9-99.9-99.9-9.9 9910.1 37  7.1  14 11.2-9.9-9.9
5017219621213 32.8 12.0  0.009900  8.5-99.9-99.9-99.9-9.9 9911.3 35  8.8  19 15.2-9.9-9.9
5017219621214 30.8 17.0  3.819900 14.6-99.9-99.9-99.9-9.9 9916.7 63 14.7  15 12.0-9.9-9.9
5017219621215 30.3 15.6  2.519900 14.5-99.9-99.9-99.9-9.9 9915.1 56 13.1  20 16.0-9.9-9.9
5017219621216 31.0 15.2  0.009900 12.3-99.9-99.9-99.9-9.9 9913.6 47 11.5   8  6.4-9.9-9.9
5017219621217 35.5 12.3  0.009900 14.7-99.9-99.9-99.9-9.9 9915.9 44 13.9   6  4.8-9.9-9.9
5017219621218 38.3 18.5  0.009900 14.5-99.9-99.9-99.9-9.9 9915.3 37 13.3   8  6.4-9.9-9.9
5017219621219 34.8 16.8 12.919900 18.5-99.9-99.9-99.9-9.9 9916.1 58 14.1  27 21.6-9.9-9.9
5017219621220 30.3 14.0  0.009900 11.0-99.9-99.9-99.9-9.9 9918.3 65 16.1   2  1.6-9.9-9.9
5017219621221 27.8 17.0  0.009900 15.6-99.9-99.9-99.9-9.9 99 8.5 33  4.6  23 18.4-9.9-9.9
5017219621222 33.6 12.0  0.009900  9.2-99.9-99.9-99.9-9.9 9914.9 44 12.9   4  3.2-9.9-9.9
5017219621223 35.3 18.0  0.009900 13.8-99.9-99.9-99.9-9.9 99 9.1 25  5.6  14 11.2-9.9-9.9
5017219621224 36.8 14.2  0.009900 11.1-99.9-99.9-99.9-9.9 9914.2 34 12.2  16 12.8-9.9-9.9
5017219621225 36.3 15.3  0.009900 12.1-99.9-99.9-99.9-9.9 9914.3 39 12.3   6  4.8-9.9-9.9
5017219621226 30.5 17.7  0.009900 14.5-99.9-99.9-99.9-9.9 99 6.8 27  1.5  22 17.6-9.9-9.9
5017219621227 36.8 10.7  0.009900  4.2-99.9-99.9-99.9-9.9 9910.6 30  7.8   5  4.0-9.9-9.9
5017219621228 37.0 16.3  0.009900 12.5-99.9-99.9-99.9-9.9 99 9.5 25  6.2   6  4.8-9.9-9.9
5017219621229 29.5 19.1  0.009900 18.2-99.9-99.9-99.9-9.9 99 9.4 35  6.1  11  8.8-9.9-9.9
5017219621230 34.3 12.2  0.009900  6.8-99.9-99.9-99.9-9.9 9911.1 33  8.5  22 17.6-9.9-9.9
5017219621231 38.0 16.9  0.009900 13.5-99.9-99.9-99.9-9.9 9913.3 36 11.2  14 11.2-9.9-9.9
5017219630101 36.2 20.3  0.009900-99.9-99.9-99.9-99.9-9.9 99 8.2 22  4.1  22 17.6-9.9-9.9
5017219630102 32.3 14.5  0.009900 11.6-99.9-99.9-99.9-9.9 99 9.6 30  6.4  18 14.4-9.9-9.9
5017219630103 35.3 16.7  0.009900 14.5-99.9-99.9-99.9-9.9 9910.8 29  8.1  14 11.2-9.9-9.9
5017219630104 34.8 18.9  0.009900 17.3-99.9-99.9-99.9-9.9 99 9.5 27  6.2  23 18.4-9.9-9.9
5017219630105 29.3 14.5  0.009900 11.7-99.9-99.9-99.9-9.9 99 7.7 29  3.2  10  8.0-9.9-9.9
5017219630106 33.9 11.5  0.009900  7.5-99.9-99.9-99.9-9.9 9912.8 38 10.6  10  8.0-9.9-9.9
5017219630107 32.3 16.4  0.009900 12.5-99.9-99.9-99.9-9.9 9915.9 49 13.9  10  8.0-9.9-9.9
5017219630108 32.0 13.4  0.009900 10.7-99.9-99.9-99.9-9.9 99 8.3 28  4.3  27 21.6-9.9-9.9
5017219630109 24.0 11.2  0.009900 10.1-99.9-99.9-99.9-9.9 99 5.2 26 -2.2  18 14.4-9.9-9.9
5017219630110 29.3  6.5  0.009900  2.3-99.9-99.9-99.9-9.9 99 6.6 25  1.1  11  8.8-9.9-9.9
5017219630111 29.0 12.1  6.219900  8.5-99.9-99.9-99.9-9.9 9911.9 50  9.5  14 11.2-9.9-9.9
5017219630112 32.8  9.1  0.009900  6.8-99.9-99.9-99.9-9.9 9912.8 45 10.6   6  4.8-9.9-9.9
5017219630113 35.0 16.6  0.009900 15.0-99.9-99.9-99.9-9.9 9916.9 49 14.9   5  4.0-9.9-9.9
5017219630114 36.0 19.0  0.009900 15.7-99.9-99.9-99.9-9.9 9917.5 48 15.4  11  8.8-9.9-9.9
5017219630115 32.3 17.0 11.419900 14.7-99.9-99.9-99.9-9.9 9913.4 43 11.3  24 19.2-9.9-9.9
5017219630116 31.8 18.0  0.919900 16.6-99.9-99.9-99.9-9.9 9918.0 67 15.8   3  2.4-9.9-9.9
5017219630117 34.1 15.8  1.919900 14.0-99.9-99.9-99.9-9.9 9918.1 57 15.9   9  7.2-9.9-9.9
5017219630118 34.3 18.0  0.519900 17.1-99.9-99.9-99.9-9.9 9919.5 65 17.1   6  4.8-9.9-9.9
5017219630119 34.8 17.2  0.009900 15.1-99.9-99.9-99.9-9.9 9918.3 54 16.1  20 16.0-9.9-9.9
5017219630120 32.8 18.3  0.009900 17.0-99.9-99.9-99.9-9.9 9916.4 52 14.4  15 12.0-9.9-9.9
5017219630121 33.3 18.1  0.009900 14.7-99.9-99.9-99.9-9.9 99 9.3 27  5.9  19 15.2-9.9-9.9
5017219630122 30.1 17.0 22.119900 14.1-99.9-99.9-99.9-9.9 9918.0 81 15.8  14 11.2-9.9-9.9
5017219630123 26.0 16.3  0.009900 16.7-99.9-99.9-99.9-9.9 9919.0 78 16.7  11  8.8-9.9-9.9
5017219630124 30.3 16.0  0.009900 13.7-99.9-99.9-99.9-9.9 9917.7 62 15.6  11  8.8-9.9-9.9
5017219630125 33.2 16.4  2.519900 13.6-99.9-99.9-99.9-9.9 9918.3 52 16.1  23 18.4-9.9-9.9
5017219630126 32.1 17.6  0.009900 15.5-99.9-99.9-99.9-9.9 9912.6 41 10.4  13 10.4-9.9-9.9
5017219630127 31.0 15.0  0.009900 10.5-99.9-99.9-99.9-9.9 9911.9 42  9.5   4  3.2-9.9-9.9
5017219630128 29.3 12.7  0.009900  9.1-99.9-99.9-99.9-9.9 9910.6 41  7.8  11  8.8-9.9-9.9
5017219630129 32.9 12.6  0.009900  8.7-99.9-99.9-99.9-9.9 9911.8 40  9.4   8  6.4-9.9-9.9
5017219630130 31.3 16.1  0.009900 13.1-99.9-99.9-99.9-9.9 9910.8 35  8.1  16 12.8-9.9-9.9
5017219630131 37.1 14.2  0.009900 10.8-99.9-99.9-99.9-9.9 9912.5 33 10.3   4  3.2-9.9-9.9
5017219630201 38.3 18.2  0.009900 14.0-99.9-99.9-99.9-9.9 9915.6 41 13.6   4  3.2-9.9-9.9
5017219630202 28.6 19.5  0.319900 19.0-99.9-99.9-99.9-9.9 9910.0 36  7.0  16 12.8-9.9-9.9
5017219630203 30.8 14.5  0.009900 10.4-99.9-99.9-99.9-9.9 9911.6 38  9.2  13 10.4-9.9-9.9
5017219630204 31.3 18.0  0.009900 16.5-99.9-99.9-99.9-9.9 9915.5 50 13.5  16 12.8-9.9-9.9
5017219630205 34.8 16.4  0.009900 13.0-99.9-99.9-99.9-9.9 9914.4 40 12.4  20 16.0-9.9-9.9
5017219630206 33.8 17.7  0.119900 14.3-99.9-99.9-99.9-9.9 9918.6 56 16.4  11  8.8-9.9-9.9
5017219630207 32.3 18.5 12.419900 15.0-99.9-99.9-99.9-9.9 9918.4 55 16.2   8  6.4-9.9-9.9
5017219630208 29.3 15.4 18.119900 14.6-99.9-99.9-99.9-9.9 9919.5 71 17.1  10  8.0-9.9-9.9
5017219630209 24.4 15.0 10.019900 15.0-99.9-99.9-99.9-9.9 9917.8 84 15.7  16 12.8-9.9-9.9
5017219630210 26.8 16.3  1.319900-99.9-99.9-99.9-99.9-9.9 9918.0 75 15.8  14 11.2-9.9-9.9
5017219630211 28.3 15.1  0.009900 13.3-99.9-99.9-99.9-9.9 9918.6 70 16.4   7  5.6-9.9-9.9
5017219630212 26.0 17.9  7.719900 17.0-99.9-99.9-99.9-9.9 9917.6 72 15.5   9  7.2-9.9-9.9
5017219630213 26.8 15.0  0.009900 13.5-99.9-99.9-99.9-9.9 9917.0 70 15.0   2  1.6-9.9-9.9
5017219630214 30.3 14.1 15.919900 11.8-99.9-99.9-99.9-9.9 9919.3 70 16.9  11  8.8-9.9-9.9
5017219630215 24.5 16.6 38.219900 16.6-99.9-99.9-99.9-9.9 9918.4 83 16.2  14 11.2-9.9-9.9
5017219630216 26.1 16.8 36.519900 16.4-99.9-99.9-99.9-9.9 9920.4 81 17.8  13 10.4-9.9-9.9
5017219630217 23.3 17.5  0.009900 17.2-99.9-99.9-99.9-9.9 9919.2 86 16.9  19 15.2-9.9-9.9
5017219630218 26.8 15.5  0.009900 14.2-99.9-99.9-99.9-9.9 9916.2 66 14.2   6  4.8-9.9-9.9
5017219630219 31.2 13.4  0.009900 10.1-99.9-99.9-99.9-9.9 9918.9 68 16.6   1  0.8-9.9-9.9
5017219630220 30.8 15.7  0.009900 12.7-99.9-99.9-99.9-9.9 9916.8 54 14.8  11  8.8-9.9-9.9
5017219630221 32.8 14.7  0.009900 11.8-99.9-99.9-99.9-9.9 9915.2 49 13.2   8  6.4-9.9-9.9
5017219630222 34.2 18.0 14.819900 15.0-99.9-99.9-99.9-9.9 9917.9 63 15.8  24 19.2-9.9-9.9
5017219630223 20.3 15.2  3.819900 16.6-99.9-99.9-99.9-9.9 9916.9 86 14.9  26 20.8-9.9-9.9
5017219630224 24.8 12.4  0.009900 10.0-99.9-99.9-99.9-9.9 9916.1 78 14.1   9  7.2-9.9-9.9
5017219630225 27.9 12.7  0.009900  9.1-99.9-99.9-99.9-9.9 9916.3 66 14.3   5  4.0-9.9-9.9
5017219630226 31.8 14.7  0.009900 11.7-99.9-99.9-99.9-9.9 9916.5 57 14.5   6  4.8-9.9-9.9
5017219630227-99.9-99.9-99.999999-99.9-99.9-99.9-99.9-9.9 99-9.9-99-99.9 -99-99.9-9.9-9.9
5017219630228 31.0 16.9  2.319900 14.5-99.9-99.9-99.9-9.9 9915.3 52 13.3  11  8.8-9.9-9.9
5017219630301 26.3 13.1  4.819900 13.1-99.9-99.9-99.9-9.9 9914.7 68 12.7  13 10.4-9.9-9.9
5017219630302 25.3 17.3  0.009900 16.2-99.9-99.9-99.9-9.9 9918.8 77 16.5  12  9.6-9.9-9.9
5017219630303 23.6 16.0  0.119900 14.7-99.9-99.9-99.9-9.9 9918.9 84 16.6  11  8.8-9.9-9.9
5017219630304 26.8 14.5  0.009900 11.5-99.9-99.9-99.9-9.9 9919.0 75 16.7   4  3.2-9.9-9.9
5017219630305 31.8 17.6  1.319900 15.5-99.9-99.9-99.9-9.9 9920.0 66 17.5  15 12.0-9.9-9.9
5017219630306 25.8 12.7  0.009900  9.7-99.9-99.9-99.9-9.9 9911.2 52  8.6   3  2.4-9.9-9.9
5017219630307 26.8  9.6  0.009900  5.4-99.9-99.9-99.9-9.9 9911.5 55  9.0   8  6.4-9.9-9.9
5017219630308 22.6 12.1  0.009900  8.1-99.9-99.9-99.9-9.9 99 8.3 41  4.3  22 17.6-9.9-9.9
5017219630309 28.0  8.8  0.009900  5.7-99.9-99.9-99.9-9.9 9911.9 55  9.5   9  7.2-9.9-9.9
5017219630310 31.8 17.0 32.919900 12.0-99.9-99.9-99.9-9.9 9916.6 59 14.6  16 12.8-9.9-9.9
5017219630311 24.4 13.3 23.819900 13.5-99.9-99.9-99.9-9.9 9915.6 96 13.6   6  4.8-9.9-9.9
5017219630312 28.2 10.9  0.009900  7.4-99.9-99.9-99.9-9.9 9915.7 67 13.7   8  6.4-9.9-9.9
5017219630313 31.0 13.1  0.009900  9.9-99.9-99.9-99.9-9.9 9918.1 70 15.9   5  4.0-9.9-9.9
5017219630314 30.8 16.5 61.519900 13.6-99.9-99.9-99.9-9.9 9919.9 67 17.4   6  4.8-9.9-9.9
5017219630315 26.3 15.7  0.009900 14.5-99.9-99.9-99.9-9.9 9918.5 77 16.3   6  4.8-9.9-9.9
5017219630316 26.3 16.6  0.009900 14.0-99.9-99.9-99.9-9.9 9919.4 79 17.0   4  3.2-9.9-9.9
5017219630317 31.6 15.1  0.319900 13.0-99.9-99.9-99.9-9.9 9916.4 60 14.4  27 21.6-9.9-9.9
5017219630318 22.0  8.7  0.009900  4.6-99.9-99.9-99.9-9.9 99 7.2 42  2.3   4  3.2-9.9-9.9
5017219630319 23.8  6.1  0.009900  1.7-99.9-99.9-99.9-9.9 99 9.6 61  6.4   3  2.4-9.9-9.9
5017219630320 24.8  6.3  0.009900  3.5-99.9-99.9-99.9-9.9 9912.4 71 10.1   4  3.2-9.9-9.9
5017219630321 26.3  9.9  0.009900  6.7-99.9-99.9-99.9-9.9 9911.7 58  9.3  12  9.6-9.9-9.9
5017219630322 29.0  9.4  0.009900  5.7-99.9-99.9-99.9-9.9 9914.8 65 12.8   1  0.8-9.9-9.9
5017219630323 22.3  8.6  0.009900  6.1-99.9-99.9-99.9-9.9 99 9.3 57  5.9   2  1.6-9.9-9.9
5017219630324 24.2 11.5  0.009900 10.1-99.9-99.9-99.9-9.9 9910.8 58  8.1   3  2.4-9.9-9.9
5017219630325 25.8  7.3  0.009900  3.3-99.9-99.9-99.9-9.9 9910.5 59  7.7   3  2.4-9.9-9.9
5017219630326 21.3  5.4  0.009900 -0.2-99.9-99.9-99.9-9.9 99 7.4 54  2.7  26 20.8-9.9-9.9
5017219630327 21.2  3.0  0.009900 -2.0-99.9-99.9-99.9-9.9 99 8.3 61  4.3   5  4.0-9.9-9.9
5017219630328 24.3  5.8  0.009900 -0.2-99.9-99.9-99.9-9.9 99 9.2 57  5.8   6  4.8-9.9-9.9
5017219630329 26.3  8.0  0.009900  5.3-99.9-99.9-99.9-9.9 9910.5 53  7.7  17 13.6-9.9-9.9
5017219630330 28.0 11.5  0.009900  7.6-99.9-99.9-99.9-9.9 9912.9 62 10.7   4  3.2-9.9-9.9
5017219630331-99.9-99.9-99.999999-99.9-99.9-99.9-99.9-9.9 99-9.9-99-99.9 -99-99.9-9.9-9.9
5017219630401 30.3 10.1  0.009900  5.5-99.9-99.9-99.9-9.9 9911.7 57  9.3   1  0.8-9.9-9.9
5017219630402 26.5 12.8  0.009900  7.7-99.9-99.9-99.9-9.9 9912.6 58 10.4   8  6.4-9.9-9.9
5017219630403 30.8 10.6  0.009900  7.1-99.9-99.9-99.9-9.9 9915.7 66 13.7   3  2.4-9.9-9.9
5017219630404 31.0 16.8  0.009900 14.2-99.9-99.9-99.9-9.9 9917.8 66 15.7   4  3.2-9.9-9.9
5017219630405 32.6 12.5  0.009900  9.7-99.9-99.9-99.9-9.9 9916.4 61 14.4   1  0.8-9.9-9.9
5017219630406 29.8 14.7  0.009900 11.5-99.9-99.9-99.9-9.9 9917.3 70 15.2   8  6.4-9.9-9.9
5017219630407 24.5 13.6  0.009900  9.5-99.9-99.9-99.9-9.9 99 9.5 47  6.2  19 15.2-9.9-9.9
5017219630408 25.3  7.7  0.009900  3.3-99.9-99.9-99.9-9.9 99 9.6 59  6.4   8  6.4-9.9-9.9
5017219630409 26.3  6.5  0.009900  2.0-99.9-99.9-99.9-9.9 9911.9 66  9.5   3  2.4-9.9-9.9
5017219630410 23.5 15.4  0.009900 12.4-99.9-99.9-99.9-9.9 9912.8 68 10.6   1  0.8-9.9-9.9
5017219630411 23.2  5.1  0.009900 -0.5-99.9-99.9-99.9-9.9 99 9.9 59  6.8   6  4.8-9.9-9.9
5017219630412 26.8  5.4  0.009900  1.3-99.9-99.9-99.9-9.9 9913.0 68 10.9   8  6.4-9.9-9.9
5017219630413 24.3 11.4  0.009900  7.2-99.9-99.9-99.9-9.9 9910.7 56  8.0  19 15.2-9.9-9.9
5017219630414 19.2 10.2  5.819900  8.4-99.9-99.9-99.9-9.9 9911.0 72  8.4  14 11.2-9.9-9.9
5017219630415 21.3  9.0  0.009900  6.4-99.9-99.9-99.9-9.9 99 9.9 65  6.8   2  1.6-9.9-9.9
5017219630416 24.3  6.9  0.009900  1.8-99.9-99.9-99.9-9.9 9910.7 62  8.0  12  9.6-9.9-9.9
5017219630417 21.0  8.7  0.009900  4.0-99.9-99.9-99.9-9.9 99 9.6 61  6.4   6  4.8-9.9-9.9
5017219630418 25.8  8.8  0.009900  4.5-99.9-99.9-99.9-9.9 9910.0 55  7.0   3  2.4-9.9-9.9
5017219630419 26.3  9.2  0.009900  5.3-99.9-99.9-99.9-9.9 9910.1 58  7.1   9  7.2-9.9-9.9
5017219630420 29.3  6.5  0.009900  1.7-99.9-99.9-99.9-9.9 9912.1 64  9.8   8  6.4-9.9-9.9
5017219630421 31.6  9.0  0.009900  4.5-99.9-99.9-99.9-9.9 9911.1 52  8.5  19 15.2-9.9-9.9
5017219630422 33.0  9.0  0.009900  4.0-99.9-99.9-99.9-9.9 9910.2 50  7.3   3  2.4-9.9-9.9
5017219630423 28.3  8.5  0.009900  3.7-99.9-99.9-99.9-9.9 9910.4 56  7.5   8  6.4-9.9-9.9
5017219630424 30.3  9.1  0.009900  5.2-99.9-99.9-99.9-9.9 9914.4 64 12.4   8  6.4-9.9-9.9
5017219630425 32.3 11.6  0.009900  7.0-99.9-99.9-99.9-9.9 9915.3 64 13.3   5  4.0-9.9-9.9
5017219630426 30.5 10.7  0.009900  5.1-99.9-99.9-99.9-9.9 9911.0 52  8.4  10  8.0-9.9-9.9
5017219630427 20.1 10.0  0.119900 12.8-99.9-99.9-99.9-9.9 9911.2 83  8.6  24 19.2-9.9-9.9
5017219630428 14.6  9.8  0.009900 10.0-99.9-99.9-99.9-9.9 9912.6 87 10.4   9  7.2-9.9-9.9
5017219630429 23.0 11.0  0.009900  9.5-99.9-99.9-99.9-9.9 9914.8 80 12.8   8  6.4-9.9-9.9
5017219630430-99.9-99.9-99.999999-99.9-99.9-99.9-99.9-9.9 99-9.9-99-99.9 -99-99.9-9.9-9.9
5017219630501 22.0 12.0  0.009900  8.8-99.9-99.9-99.9-9.9 9911.8 64  9.4  16 12.8-9.9-9.9
5017219630502 19.2  9.1  0.009900  7.4-99.9-99.9-99.9-9.9 99 9.7 65  6.5   1  0.8-9.9-9.9
5017219630503 18.1  4.3  0.009900 -1.2-99.9-99.9-99.9-9.9 99 7.9 64  3.6   5  4.0-9.9-9.9
5017219630504 23.3  3.3  0.009900 -2.6-99.9-99.9-99.9-9.9 99 9.7 64  6.5   9  7.2-9.9-9.9
5017219630505 24.2  5.4  0.009900  1.6-99.9-99.9-99.9-9.9 99 9.4 67  6.1   3  2.4-9.9-9.9
5017219630506 25.3  4.0  0.009900 -1.0-99.9-99.9-99.9-9.9 99 9.7 60  6.5  13 10.4-9.9-9.9
5017219630507 27.6  8.5  0.009900  3.5-99.9-99.9-99.9-9.9 9910.9 63  8.2   4  3.2-9.9-9.9
5017219630508 22.0  4.6  0.009900 -0.2-99.9-99.9-99.9-9.9 99 6.3 45  0.4  14 11.2-9.9-9.9
5017219630509 22.6  2.0  0.009900 -3.9-99.9-99.9-99.9-9.9 99 6.2 50  0.2   8  6.4-9.9-9.9
5017219630510 23.3  7.4  0.009900  1.4-99.9-99.9-99.9-9.9 99 6.5 46  0.9   9  7.2-9.9-9.9
5017219630511 17.7 -1.6  0.009900 -6.5-99.9-99.9-99.9-9.9 99 4.7 51 -3.6   5  4.0-9.9-9.9
5017219630512 20.6 -1.6  0.009900 -5.9-99.9-99.9-99.9-9.9 99 6.2 56  0.2   3  2.4-9.9-9.9
5017219630513 21.3 -0.9  0.009900 -5.4-99.9-99.9-99.9-9.9 99 5.6 50 -1.2   1  0.8-9.9-9.9
5017219630514 14.0 -0.9  0.009900 -7.0-99.9-99.9-99.9-9.9 99 5.6 66 -1.2   8  6.4-9.9-9.9
5017219630515 18.1 -2.8  0.009900 -7.3-99.9-99.9-99.9-9.9 99 5.5 58 -1.4   5  4.0-9.9-9.9
5017219630516 19.6  0.1  0.009900 -2.8-99.9-99.9-99.9-9.9 99 7.7 58  3.2  11  8.8-9.9-9.9
5017219630517 19.5  2.1  0.009900 -1.5-99.9-99.9-99.9-9.9 99 9.1 72  5.6  11  8.8-9.9-9.9
5017219630518 19.6  6.2  0.009900  2.2-99.9-99.9-99.9-9.9 99-9.9-99-99.9 -99-99.9-9.9-9.9
5017219630519 21.2  3.0  0.009900 -3.5-99.9-99.9-99.9-9.9 99-9.9-99-99.9 -99-99.9-9.9-9.9
5017219630520 22.5  2.0  0.009900  4.3-99.9-99.9-99.9-9.9 9910.0 73  7.0   8  6.4-9.9-9.9
5017219630521 21.0  8.0  0.009900  1.5-99.9-99.9-99.9-9.9 9913.3 80 11.2   1  0.8-9.9-9.9
5017219630522 23.8  9.5  0.009900  8.5-99.9-99.9-99.9-9.9 99 8.8 54  5.1  27 21.6-9.9-9.9
5017219630523 16.3  0.1  0.009900 -6.3-99.9-99.9-99.9-9.9 99 5.3 55 -1.9   5  4.0-9.9-9.9
5017219630524 18.8 -2.8  0.009900 -7.6-99.9-99.9-99.9-9.9 99 5.7 51 -1.0   8  6.4-9.9-9.9
5017219630525 22.3  4.8  0.009900  1.2-99.9-99.9-99.9-9.9 99 8.6 56  4.8  11  8.8-9.9-9.9
5017219630526 22.2  9.4  0.009900  4.6-99.9-99.9-99.9-9.9 9911.6 75  9.2   6  4.8-9.9-9.9
5017219630527 17.5  6.0  0.009900  3.1-99.9-99.9-99.9-9.9 99 8.8 73  5.1   0  0.0-9.9-9.9
5017219630528 18.8  3.8  0.009900 -0.3-99.9-99.9-99.9-9.9 99 7.4 55  2.7  11  8.8-9.9-9.9
5017219630529 22.3  7.5  0.009900  3.5-99.9-99.9-99.9-9.9 99 9.7 62  6.5   3  2.4-9.9-9.9
5017219630530 23.3  2.0  0.009900 -1.9-99.9-99.9-99.9-9.9 9910.2 70  7.3  11  8.8-9.9-9.9
5017219630531-99.9-99.9-99.999999-99.9-99.9-99.9-99.9-9.9 99-9.9-99-99.9 -99-99.9-9.9-9.9
5017219630601 22.6  8.4  0.009900  5.7-99.9-99.9-99.9-9.9 9912.7 76 10.5   6  4.8-9.9-9.9
5017219630602 23.6  9.2  0.009900  5.7-99.9-99.9-99.9-9.9 99 9.7 65  6.5   8  6.4-9.9-9.9
5017219630603 24.3  2.9  0.009900 -2.0-99.9-99.9-99.9-9.9 99 9.6 63  6.4  11  8.8-9.9-9.9
5017219630604 22.0 11.6  0.009900  9.1-99.9-99.9-99.9-9.9 9912.0 73  9.7  14 11.2-9.9-9.9
5017219630605 17.3  3.0  0.009900 -2.4-99.9-99.9-99.9-9.9 99 6.3 58  0.4   0  0.0-9.9-9.9
5017219630606 20.3  5.1  0.009900  0.4-99.9-99.9-99.9-9.9 9910.3 66  7.4  23 18.4-9.9-9.9
5017219630607 22.8  9.0  0.009900  6.3-99.9-99.9-99.9-9.9 9912.4 78 10.1   2  1.6-9.9-9.9
5017219630608 19.5  3.7  0.009900 -0.5-99.9-99.9-99.9-9.9 9910.0 78  7.0   1  0.8-9.9-9.9
5017219630609 21.3  3.6  0.009900 -0.9-99.9-99.9-99.9-9.9 99 7.7 59  3.2  13 10.4-9.9-9.9
5017219630610 17.3  3.2  0.009900 -2.9-99.9-99.9-99.9-9.9 99 6.2 57  0.2   1  0.8-9.9-9.9
5017219630611 14.5 -3.6  0.009900 -7.6-99.9-99.9-99.9-9.9 99 5.4 64 -1.7   0  0.0-9.9-9.9
5017219630612 15.5 -4.3  0.009900 -8.5-99.9-99.9-99.9-9.9 99 5.4 64 -1.7   8  6.4-9.9-9.9
5017219630613 18.3 -3.3  0.009900 -7.5-99.9-99.9-99.9-9.9 99 6.9 65  1.7   3  2.4-9.9-9.9
5017219630614  8.8  2.7  0.009900 -0.5-99.9-99.9-99.9-9.9 99 6.1 70  0.0  13 10.4-9.9-9.9
5017219630615 11.8 -3.0  0.009900 -4.7-99.9-99.9-99.9-9.9 99 5.3 68 -1.9   3  2.4-9.9-9.9
5017219630616 12.0 -7.2  0.009900 -9.7-99.9-99.9-99.9-9.9 99 3.8 54 -6.4  12  9.6-9.9-9.9
5017219630617 14.5 -5.0  0.009900-10.8-99.9-99.9-99.9-9.9 99 3.2 44 -8.6   9  7.2-9.9-9.9
5017219630618 15.8 -4.7  0.009900 -9.4-99.9-99.9-99.9-9.9 99 4.1 48 -5.4   5  4.0-9.9-9.9
5017219630619 17.3 -2.9  0.009900 -8.6-99.9-99.9-99.9-9.9 99 4.7 52 -3.6  11  8.8-9.9-9.9
5017219630620 16.3 -5.3  0.009900-11.2-99.9-99.9-99.9-9.9 99 4.0 50 -5.7   8  6.4-9.9-9.9
5017219630621 11.3 -2.7  0.009900 -7.0-99.9-99.9-99.9-9.9 99 4.7 58 -3.6   8  6.4-9.9-9.9
5017219630622 20.3  2.0  0.009900 -3.3-99.9-99.9-99.9-9.9 99 6.4 54  0.6   6  4.8-9.9-9.9
5017219630623 21.8  4.5  0.009900  2.0-99.9-99.9-99.9-9.9 99 7.3 49  2.5  19 15.2-9.9-9.9
5017219630624 23.5  7.7  0.009900  4.2-99.9-99.9-99.9-9.9 99 9.4 56  6.1  20 16.0-9.9-9.9
5017219630625 20.3  5.9  0.009900  0.7-99.9-99.9-99.9-9.9 99 9.4 69  6.1   8  6.4-9.9-9.9
5017219630626 16.3  6.0  0.009900  1.2-99.9-99.9-99.9-9.9 9910.0 78  7.0   0  0.0-9.9-9.9
5017219630627 16.1  4.7  0.319900  0.1-99.9-99.9-99.9-9.9 99 9.2 76  5.8  14 11.2-9.9-9.9
5017219630628 17.3 -0.5  0.009900 -5.4-99.9-99.9-99.9-9.9 99 6.3 64  0.4   6  4.8-9.9-9.9
5017219630629  9.8  1.5  0.009900 -1.4-99.9-99.9-99.9-9.9 99 6.9 67  1.7  22 17.6-9.9-9.9
5017219630630-99.9-99.9-99.999999-99.9-99.9-99.9-99.9-9.9 99-9.9-99-99.9 -99-99.9-9.9-9.9
5017219630701-99.9-99.9-99.999999-99.9-99.9-99.9-99.9-9.9 99-9.9-99-99.9 -99-99.9-9.9-9.9
5017219630702-99.9-99.9-99.999999-99.9-99.9-99.9-99.9-9.9 99-9.9-99-99.9 -99-99.9-9.9-9.9
5017219630703-99.9-99.9-99.999999-99.9-99.9-99.9-99.9-9.9 99-9.9-99-99.9 -99-99.9-9.9-9.9
5017219630704-99.9-99.9-99.999999-99.9-99.9-99.9-99.9-9.9 99-9.9-99-99.9 -99-99.9-9.9-9.9
5017219630705-99.9-99.9-99.999999-99.9-99.9-99.9-99.9-9.9 99-9.9-99-99.9 -99-99.9-9.9-9.9
5017219630706-99.9-99.9-99.999999-99.9-99.9-99.9-99.9-9.9 99-9.9-99-99.9 -99-99.9-9.9-9.9
5017219630707-99.9-99.9-99.999999-99.9-99.9-99.9-99.9-9.9 99-9.9-99-99.9 -99-99.9-9.9-9.9
5017219630708-99.9-99.9-99.999999-99.9-99.9-99.9-99.9-9.9 99-9.9-99-99.9 -99-99.9-9.9-9.9
5017219630709-99.9-99.9-99.999999-99.9-99.9-99.9-99.9-9.9 99-9.9-99-99.9 -99-99.9-9.9-9.9
5017219630710-99.9-99.9-99.999999-99.9-99.9-99.9-99.9-9.9 99-9.9-99-99.9 -99-99.9-9.9-9.9
5017219630711-99.9-99.9-99.999999-99.9-99.9-99.9-99.9-9.9 99-9.9-99-99.9 -99-99.9-9.9-9.9
5017219630712-99.9-99.9-99.999999-99.9-99.9-99.9-99.9-9.9 99-9.9-99-99.9 -99-99.9-9.9-9.9
5017219630713-99.9-99.9-99.999999-99.9-99.9-99.9-99.9-9.9 99-9.9-99-99.9 -99-99.9-9.9-9.9
5017219630714-99.9-99.9-99.999999-99.9-99.9-99.9-99.9-9.9 99-9.9-99-99.9 -99-99.9-9.9-9.9
5017219630715-99.9-99.9-99.999999-99.9-99.9-99.9-99.9-9.9 99-9.9-99-99.9 -99-99.9-9.9-9.9
5017219630716-99.9-99.9-99.999999-99.9-99.9-99.9-99.9-9.9 99-9.9-99-99.9 -99-99.9-9.9-9.9
5017219630717-99.9-99.9-99.999999-99.9-99.9-99.9-99.9-9.9 99-9.9-99-99.9 -99-99.9-9.9-9.9
5017219630718-99.9-99.9-99.999999-99.9-99.9-99.9-99.9-9.9 99-9.9-99-99.9 -99-99.9-9.9-9.9
5017219630719-99.9-99.9-99.999999-99.9-99.9-99.9-99.9-9.9 99-9.9-99-99.9 -99-99.9-9.9-9.9
5017219630720-99.9-99.9-99.999999-99.9-99.9-99.9-99.9-9.9 99-9.9-99-99.9 -99-99.9-9.9-9.9
5017219630721-99.9-99.9-99.999999-99.9-99.9-99.9-99.9-9.9 99-9.9-99-99.9 -99-99.9-9.9-9.9
5017219630722-99.9-99.9-99.999999-99.9-99.9-99.9-99.9-9.9 99-9.9-99-99.9 -99-99.9-9.9-9.9
5017219630723-99.9-99.9-99.999999-99.9-99.9-99.9-99.9-9.9 99-9.9-99-99.9 -99-99.9-9.9-9.9
5017219630724-99.9-99.9-99.999999-99.9-99.9-99.9-99.9-9.9 99-9.9-99-99.9 -99-99.9-9.9-9.9
5017219630725-99.9-99.9-99.999999-99.9-99.9-99.9-99.9-9.9 99-9.9-99-99.9 -99-99.9-9.9-9.9
5017219630726-99.9-99.9-99.999999-99.9-99.9-99.9-99.9-9.9 99-9.9-99-99.9 -99-99.9-9.9-9.9
5017219630727-99.9-99.9-99.999999-99.9-99.9-99.9-99.9-9.9 99-9.9-99-99.9 -99-99.9-9.9-9.9
5017219630728-99.9-99.9-99.999999-99.9-99.9-99.9-99.9-9.9 99-9.9-99-99.9 -99-99.9-9.9-9.9
5017219630729-99.9-99.9-99.999999-99.9-99.9-99.9-99.9-9.9 99-9.9-99-99.9 -99-99.9-9.9-9.9
5017219630730-99.9-99.9-99.999999-99.9-99.9-99.9-99.9-9.9 99-9.9-99-99.9 -99-99.9-9.9-9.9
5017219630731-99.9-99.9-99.999999-99.9-99.9-99.9-99.9-9.9 99-9.9-99-99.9 -99-99.9-9.9-9.9
5017219630801-99.9-99.9-99.999999-99.9-99.9-99.9-99.9-9.9 99-9.9-99-99.9 -99-99.9-9.9-9.9
5017219630802-99.9-99.9-99.999999-99.9-99.9-99.9-99.9-9.9 99-9.9-99-99.9 -99-99.9-9.9-9.9
5017219630803-99.9-99.9-99.999999-99.9-99.9-99.9-99.9-9.9 99-9.9-99-99.9 -99-99.9-9.9-9.9
5017219630804-99.9-99.9-99.999999-99.9-99.9-99.9-99.9-9.9 99-9.9-99-99.9 -99-99.9-9.9-9.9
5017219630805-99.9-99.9-99.999999-99.9-99.9-99.9-99.9-9.9 99-9.9-99-99.9 -99-99.9-9.9-9.9
5017219630806-99.9-99.9-99.999999-99.9-99.9-99.9-99.9-9.9 99-9.9-99-99.9 -99-99.9-9.9-9.9
5017219630807-99.9-99.9-99.999999-99.9-99.9-99.9-99.9-9.9 99-9.9-99-99.9 -99-99.9-9.9-9.9
5017219630808-99.9-99.9-99.999999-99.9-99.9-99.9-99.9-9.9 99-9.9-99-99.9 -99-99.9-9.9-9.9
5017219630809-99.9-99.9-99.999999-99.9-99.9-99.9-99.9-9.9 99-9.9-99-99.9 -99-99.9-9.9-9.9
5017219630810-99.9-99.9-99.999999-99.9-99.9-99.9-99.9-9.9 99-9.9-99-99.9 -99-99.9-9.9-9.9
5017219630811-99.9-99.9-99.999999-99.9-99.9-99.9-99.9-9.9 99-9.9-99-99.9 -99-99.9-9.9-9.9
5017219630812-99.9-99.9-99.999999-99.9-99.9-99.9-99.9-9.9 99-9.9-99-99.9 -99-99.9-9.9-9.9
5017219630813-99.9-99.9-99.999999-99.9-99.9-99.9-99.9-9.9 99-9.9-99-99.9 -99-99.9-9.9-9.9
5017219630814-99.9-99.9-99.999999-99.9-99.9-99.9-99.9-9.9 99-9.9-99-99.9 -99-99.9-9.9-9.9
5017219630815-99.9-99.9-99.999999-99.9-99.9-99.9-99.9-9.9 99-9.9-99-99.9 -99-99.9-9.9-9.9
5017219630816-99.9-99.9-99.999999-99.9-99.9-99.9-99.9-9.9 99-9.9-99-99.9 -99-99.9-9.9-9.9
5017219630817-99.9-99.9-99.999999-99.9-99.9-99.9-99.9-9.9 99-9.9-99-99.9 -99-99.9-9.9-9.9
5017219630818-99.9-99.9-99.999999-99.9-99.9-99.9-99.9-9.9 99-9.9-99-99.9 -99-99.9-9.9-9.9
5017219630819-99.9-99.9-99.999999-99.9-99.9-99.9-99.9-9.9 99-9.9-99-99.9 -99-99.9-9.9-9.9
5017219630820-99.9-99.9-99.999999-99.9-99.9-99.9-99.9-9.9 99-9.9-99-99.9 -99-99.9-9.9-9.9
5017219630821-99.9-99.9-99.999999-99.9-99.9-99.9-99.9-9.9 99-9.9-99-99.9 -99-99.9-9.9-9.9
5017219630822-99.9-99.9-99.999999-99.9-99.9-99.9-99.9-9.9 99-9.9-99-99.9 -99-99.9-9.9-9.9
5017219630823-99.9-99.9-99.999999-99.9-99.9-99.9-99.9-9.9 99-9.9-99-99.9 -99-99.9-9.9-9.9
5017219630824-99.9-99.9-99.999999-99.9-99.9-99.9-99.9-9.9 99-9.9-99-99.9 -99-99.9-9.9-9.9
5017219630825-99.9-99.9-99.999999-99.9-99.9-99.9-99.9-9.9 99-9.9-99-99.9 -99-99.9-9.9-9.9
5017219630826-99.9-99.9-99.999999-99.9-99.9-99.9-99.9-9.9 99-9.9-99-99.9 -99-99.9-9.9-9.9
5017219630827-99.9-99.9-99.999999-99.9-99.9-99.9-99.9-9.9 99-9.9-99-99.9 -99-99.9-9.9-9.9
5017219630828-99.9-99.9-99.999999-99.9-99.9-99.9-99.9-9.9 99-9.9-99-99.9 -99-99.9-9.9-9.9
5017219630829-99.9-99.9-99.999999-99.9-99.9-99.9-99.9-9.9 99-9.9-99-99.9 -99-99.9-9.9-9.9
5017219630830-99.9-99.9-99.999999-99.9-99.9-99.9-99.9-9.9 99-9.9-99-99.9 -99-99.9-9.9-9.9
5017219630831-99.9-99.9-99.999999-99.9-99.9-99.9-99.9-9.9 99-9.9-99-99.9 -99-99.9-9.9-9.9
5017219630901-99.9-99.9-99.999999-99.9-99.9-99.9-99.9-9.9 99-9.9-99-99.9 -99-99.9-9.9-9.9
5017219630902-99.9-99.9-99.999999-99.9-99.9-99.9-99.9-9.9 99-9.9-99-99.9 -99-99.9-9.9-9.9
5017219630903-99.9-99.9-99.999999-99.9-99.9-99.9-99.9-9.9 99-9.9-99-99.9 -99-99.9-9.9-9.9
5017219630904-99.9-99.9-99.999999-99.9-99.9-99.9-99.9-9.9 99-9.9-99-99.9 -99-99.9-9.9-9.9
5017219630905-99.9-99.9-99.999999-99.9-99.9-99.9-99.9-9.9 99-9.9-99-99.9 -99-99.9-9.9-9.9
5017219630906-99.9-99.9-99.999999-99.9-99.9-99.9-99.9-9.9 99-9.9-99-99.9 -99-99.9-9.9-9.9
5017219630907-99.9-99.9-99.999999-99.9-99.9-99.9-99.9-9.9 99-9.9-99-99.9 -99-99.9-9.9-9.9
5017219630908-99.9-99.9-99.999999-99.9-99.9-99.9-99.9-9.9 99-9.9-99-99.9 -99-99.9-9.9-9.9
5017219630909-99.9-99.9-99.999999-99.9-99.9-99.9-99.9-9.9 99-9.9-99-99.9 -99-99.9-9.9-9.9
5017219630910-99.9-99.9-99.999999-99.9-99.9-99.9-99.9-9.9 99-9.9-99-99.9 -99-99.9-9.9-9.9
5017219630911-99.9-99.9-99.999999-99.9-99.9-99.9-99.9-9.9 99-9.9-99-99.9 -99-99.9-9.9-9.9
5017219630912-99.9-99.9-99.999999-99.9-99.9-99.9-99.9-9.9 99-9.9-99-99.9 -99-99.9-9.9-9.9
5017219630913-99.9-99.9-99.999999-99.9-99.9-99.9-99.9-9.9 99-9.9-99-99.9 -99-99.9-9.9-9.9
5017219630914-99.9-99.9-99.999999-99.9-99.9-99.9-99.9-9.9 99-9.9-99-99.9 -99-99.9-9.9-9.9
5017219630915-99.9-99.9-99.999999-99.9-99.9-99.9-99.9-9.9 99-9.9-99-99.9 -99-99.9-9.9-9.9
5017219630916-99.9-99.9-99.999999-99.9-99.9-99.9-99.9-9.9 99-9.9-99-99.9 -99-99.9-9.9-9.9
5017219630917-99.9-99.9-99.999999-99.9-99.9-99.9-99.9-9.9 99-9.9-99-99.9 -99-99.9-9.9-9.9
5017219630918-99.9-99.9-99.999999-99.9-99.9-99.9-99.9-9.9 99-9.9-99-99.9 -99-99.9-9.9-9.9
5017219630919-99.9-99.9-99.999999-99.9-99.9-99.9-99.9-9.9 99-9.9-99-99.9 -99-99.9-9.9-9.9
5017219630920-99.9-99.9-99.999999-99.9-99.9-99.9-99.9-9.9 99-9.9-99-99.9 -99-99.9-9.9-9.9
5017219630921-99.9-99.9-99.999999-99.9-99.9-99.9-99.9-9.9 99-9.9-99-99.9 -99-99.9-9.9-9.9
5017219630922-99.9-99.9-99.999999-99.9-99.9-99.9-99.9-9.9 99-9.9-99-99.9 -99-99.9-9.9-9.9
5017219630923-99.9-99.9-99.999999-99.9-99.9-99.9-99.9-9.9 99-9.9-99-99.9 -99-99.9-9.9-9.9
5017219630924-99.9-99.9-99.999999-99.9-99.9-99.9-99.9-9.9 99-9.9-99-99.9 -99-99.9-9.9-9.9
5017219630925 11.0  3.3  1.219900  1.3-99.9-99.9-99.9-9.9 99 8.7 84  5.0   8  6.4-9.9-9.9
5017219630926 12.2  5.6  0.719900  2.4-99.9-99.9-99.9-9.9 99 9.5 86  6.2  12  9.6-9.9-9.9
5017219630927 10.8  6.3  1.019900  5.3-99.9-99.9-99.9-9.9 99 9.3 88  5.9   7  5.6-9.9-9.9
5017219630928 14.0  1.7  0.009900  0.0-99.9-99.9-99.9-9.9 99 7.7 76  3.2  17 13.6-9.9-9.9
5017219630929 16.2  0.3  0.009900 -3.5-99.9-99.9-99.9-9.9 99 7.6 66  3.0   8  6.4-9.9-9.9
5017219630930-99.9-99.9-99.999999-99.9-99.9-99.9-99.9-9.9 99-9.9-99-99.9 -99-99.9-9.9-9.9
5017219631001 20.5  3.1  0.009900 -1.4-99.9-99.9-99.9-9.9 99 6.2 45  0.2  13 10.4-9.9-9.9
5017219631002 22.1  4.0  0.009900 -1.1-99.9-99.9-99.9-9.9 99 7.3 49  2.5   2  1.6-9.9-9.9
5017219631003 24.3  5.0  0.319900  1.0-99.9-99.9-99.9-9.9 99 7.0 39  1.9   9  7.2-9.9-9.9
5017219631004 18.1 10.4  2.119900  8.5-99.9-99.9-99.9-9.9 9910.7 75  8.0  12  9.6-9.9-9.9
5017219631005 23.8  2.6  0.009900 -2.0-99.9-99.9-99.9-9.9 99 6.8 42  1.5   4  3.2-9.9-9.9
5017219631006 26.3  6.1  0.009900  1.1-99.9-99.9-99.9-9.9 99 7.6 40  3.0  14 11.2-9.9-9.9
5017219631007 31.5  7.6  0.009900  4.1-99.9-99.9-99.9-9.9 99 7.1 34  2.1   8  6.4-9.9-9.9
5017219631008 23.3 11.5  0.009900 10.2-99.9-99.9-99.9-9.9 99 6.5 34  0.9   9  7.2-9.9-9.9
5017219631009 25.8  7.3  0.009900  3.5-99.9-99.9-99.9-9.9 99 6.1 33  0.0  15 12.0-9.9-9.9
5017219631010 19.3  9.5  1.219900  9.8-99.9-99.9-99.9-9.9 9910.0 78  7.0  24 19.2-9.9-9.9
5017219631011 12.5  8.3 11.819900  7.8-99.9-99.9-99.9-9.9 9910.9 88  8.2  31 24.8-9.9-9.9
5017219631012 10.8  6.7  6.019900  8.5-99.9-99.9-99.9-9.9 9911.1 95  8.5  21 16.8-9.9-9.9
5017219631013 11.8  6.5  0.819900  6.3-99.9-99.9-99.9-9.9 99 9.8 85  6.7  27 21.6-9.9-9.9
5017219631014 18.8  5.1  0.009900  2.3-99.9-99.9-99.9-9.9 99 8.5 60  4.6  11  8.8-9.9-9.9
5017219631015 19.8  4.1  0.009900  0.0-99.9-99.9-99.9-9.9 99 8.8 55  5.1   4  3.2-9.9-9.9
5017219631016 16.0  7.0 23.219900  8.2-99.9-99.9-99.9-9.9 99 9.5 87  6.2  13 10.4-9.9-9.9
5017219631017 18.8  6.8  0.009900  6.5-99.9-99.9-99.9-9.9 9910.1 72  7.1   1  0.8-9.9-9.9
5017219631018 25.0  6.7  0.009900  3.6-99.9-99.9-99.9-9.9 99 9.8 55  6.7   6  4.8-9.9-9.9
5017219631019 27.8  6.5  0.009900  2.5-99.9-99.9-99.9-9.9 9910.0 50  7.0  11  8.8-9.9-9.9
5017219631020 28.3  9.3  0.119900  5.2-99.9-99.9-99.9-9.9 99 9.3 43  5.9  11  8.8-9.9-9.9
5017219631021 22.0  8.2  1.419900  3.8-99.9-99.9-99.9-9.9 99 7.8 42  3.4  24 19.2-9.9-9.9
5017219631022 15.8  5.5  0.119900  1.5-99.9-99.9-99.9-9.9 99 8.2 77  4.1  16 12.8-9.9-9.9
5017219631023 11.6  6.0  0.519900  5.7-99.9-99.9-99.9-9.9 9910.3 91  7.4  21 16.8-9.9-9.9
5017219631024 14.3  8.5  0.009900  8.5-99.9-99.9-99.9-9.9 9911.5 90  9.0   4  3.2-9.9-9.9
5017219631025 25.1  4.7  0.009900  1.5-99.9-99.9-99.9-9.9 9911.8 67  9.4   3  2.4-9.9-9.9
5017219631026 25.8 12.0  3.319900  7.7-99.9-99.9-99.9-9.9 9914.8 74 12.8   4  3.2-9.9-9.9
5017219631027 27.1 11.3  0.119900  8.4-99.9-99.9-99.9-9.9 9913.2 65 11.1  19 15.2-9.9-9.9
5017219631028 27.8 13.3  0.009900 11.7-99.9-99.9-99.9-9.9 9915.4 62 13.4   6  4.8-9.9-9.9
5017219631029 31.0 14.1  0.009900 10.2-99.9-99.9-99.9-9.9 9915.6 55 13.6  14 11.2-9.9-9.9
5017219631030 29.6 14.8  0.009900 13.5-99.9-99.9-99.9-9.9 9912.4 46 10.1  19 15.2-9.9-9.9
5017219631031-99.9-99.9-99.999999-99.9-99.9-99.9-99.9-9.9 99-9.9-99-99.9 -99-99.9-9.9-9.9
5017219631101 26.3 11.0  0.009900  7.6-99.9-99.9-99.9-9.9 9911.6 49  9.2   4  3.2-9.9-9.9
5017219631102 30.3 13.6  0.219900 10.2-99.9-99.9-99.9-9.9 9912.8 45 10.6  16 12.8-9.9-9.9
5017219631103 28.3 12.7  1.319900 11.0-99.9-99.9-99.9-9.9 9914.5 58 12.5  28 22.4-9.9-9.9
5017219631104 20.3 12.8  1.919900 12.1-99.9-99.9-99.9-9.9 9913.1 83 11.0  13 10.4-9.9-9.9
5017219631105 25.7  6.4  1.119900  1.6-99.9-99.9-99.9-9.9 9910.8 58  8.1   6  4.8-9.9-9.9
5017219631106 18.3  9.0  0.009900  7.7-99.9-99.9-99.9-9.9 99 9.5 66  6.2  11  8.8-9.9-9.9
5017219631107 16.9  8.5  0.319900  4.0-99.9-99.9-99.9-9.9 99 8.3 58  4.3  29 23.2-9.9-9.9
5017219631108 14.9  7.3  0.009900  5.5-99.9-99.9-99.9-9.9 99 8.4 69  4.5   4  3.2-9.9-9.9
5017219631109 23.3  1.7  0.009900 -4.5-99.9-99.9-99.9-9.9 99 6.6 43  1.1   9  7.2-9.9-9.9
5017219631110 30.3  7.2  0.009900  3.5-99.9-99.9-99.9-9.9 99 8.0 38  3.8  12  9.6-9.9-9.9
5017219631111 24.3  9.7  0.009900  5.5-99.9-99.9-99.9-9.9 99 6.9 34  1.7  11  8.8-9.9-9.9
5017219631112 26.2  7.0  0.009900  2.1-99.9-99.9-99.9-9.9 99 8.8 44  5.1  16 12.8-9.9-9.9
5017219631113 21.5  9.2  0.009900  7.5-99.9-99.9-99.9-9.9 99 8.0 48  3.8  15 12.0-9.9-9.9
5017219631114 25.3  7.3  1.919900  4.4-99.9-99.9-99.9-9.9 99 9.1 51  5.6   4  3.2-9.9-9.9
5017219631115 21.6  5.6  7.519900  1.5-99.9-99.9-99.9-9.9 99 8.7 56  5.0  19 15.2-9.9-9.9
5017219631116 19.8  9.2  1.119900  8.0-99.9-99.9-99.9-9.9 9910.0 68  7.0  14 11.2-9.9-9.9
5017219631117 22.8  7.7  0.519900  4.7-99.9-99.9-99.9-9.9 99 8.7 50  5.0   6  4.8-9.9-9.9
5017219631118 17.8  8.1  2.119900  5.0-99.9-99.9-99.9-9.9 9910.6 70  7.8  19 15.2-9.9-9.9
5017219631119 21.0  6.0  0.009900  2.1-99.9-99.9-99.9-9.9 99 5.8 34 -0.7  22 17.6-9.9-9.9
5017219631120 27.8  4.1  0.009900 -1.0-99.9-99.9-99.9-9.9 99 6.7 32  1.3  13 10.4-9.9-9.9
5017219631121 31.6 10.3  0.009900 -3.6-99.9-99.9-99.9-9.9 99 6.3 23  0.4  25 20.0-9.9-9.9
5017219631122 29.3 11.7  0.009900 -7.2-99.9-99.9-99.9-9.9 99 7.1 26  2.1  25 20.0-9.9-9.9
5017219631123 30.5 13.0  0.009900-11.1-99.9-99.9-99.9-9.9 9911.7 44  9.3  23 18.4-9.9-9.9
5017219631124 30.8 13.5  0.009900 -8.1-99.9-99.9-99.9-9.9 99 7.0 24  1.9  31 24.8-9.9-9.9
5017219631125 27.5 10.3  0.009900 -4.4-99.9-99.9-99.9-9.9 99 6.3 26  0.4  17 13.6-9.9-9.9
5017219631126 28.8  6.6  0.009900 -3.1-99.9-99.9-99.9-9.9 99 7.5 32  2.9   7  5.6-9.9-9.9
5017219631127 29.3 11.3  0.009900 -8.6-99.9-99.9-99.9-9.9 99 9.8 39  6.7  14 11.2-9.9-9.9
5017219631128 21.2 12.1 12.719900 -8.5-99.9-99.9-99.9-9.9 9915.9 85 13.9   2  1.6-9.9-9.9
5017219631129 29.2 12.7  2.219900-10.7-99.9-99.9-99.9-9.9 9912.2 52  9.9  21 16.8-9.9-9.9
5017219631130-99.9-99.9-99.999999-99.9-99.9-99.9-99.9-9.9 99-9.9-99-99.9 -99-99.9-9.9-9.9
5017219631201 20.5  7.3  5.419900  4.5-99.9-99.9-99.9-9.9 9913.3 72 11.2  11  8.8-9.9-9.9
5017219631202 17.5 12.0  1.419900 12.2-99.9-99.9-99.9-9.9 9913.7 90 11.6  23 18.4-9.9-9.9
5017219631203 22.3 11.1  0.009900  9.0-99.9-99.9-99.9-9.9 99 9.8 51  6.7   7  5.6-9.9-9.9
5017219631204 28.3  9.2  0.009900  4.7-99.9-99.9-99.9-9.9 9911.2 46  8.6   4  3.2-9.9-9.9
5017219631205 35.3 11.6  0.009900  6.2-99.9-99.9-99.9-9.9 9910.1 33  7.1   9  7.2-9.9-9.9
5017219631206 37.5 14.7  0.009900  9.3-99.9-99.9-99.9-9.9 9910.2 26  7.3  22 17.6-9.9-9.9
5017219631207 29.8 15.1  0.009900 12.5-99.9-99.9-99.9-9.9 99 9.2 31  5.8  24 19.2-9.9-9.9
5017219631208 26.3 11.6  0.009900  7.7-99.9-99.9-99.9-9.9 99 8.6 39  4.8  19 15.2-9.9-9.9
5017219631209 19.2 11.5  0.519900 12.7-99.9-99.9-99.9-9.9 9913.9 84 11.9   8  6.4-9.9-9.9
5017219631210 27.0 14.0  0.009900 13.7-99.9-99.9-99.9-9.9 9916.9 66 14.9  20 16.0-9.9-9.9
5017219631211 32.5 14.9  1.019900 10.7-99.9-99.9-99.9-9.9 9916.4 52 14.4  22 17.6-9.9-9.9
5017219631212 27.0 15.6  0.009900 14.8-99.9-99.9-99.9-9.9 9911.0 44  8.4  22 17.6-9.9-9.9
5017219631213 34.1 12.3  3.019900  8.1-99.9-99.9-99.9-9.9 9918.5 67 16.3  16 12.8-9.9-9.9
5017219631214 30.0 15.9  0.009900 14.7-99.9-99.9-99.9-9.9 9917.4 56 15.3  16 12.8-9.9-9.9
5017219631215 26.5 18.0  0.009900 17.3-99.9-99.9-99.9-9.9 9920.3 78 17.7  20 16.0-9.9-9.9
5017219631216 32.1 14.3  0.719900 12.7-99.9-99.9-99.9-9.9 9914.8 50 12.8  16 12.8-9.9-9.9
5017219631217 25.8 12.7  0.009900 11.2-99.9-99.9-99.9-9.9 99 5.7 27 -1.0  13 10.4-9.9-9.9
5017219631218 26.3  7.6  0.009900  3.1-99.9-99.9-99.9-9.9 99 6.4 28  0.6  20 16.0-9.9-9.9
5017219631219 30.5 10.2  0.009900  6.1-99.9-99.9-99.9-9.9 9911.0 40  8.4   9  7.2-9.9-9.9
5017219631220 33.5 12.8  0.009900  8.0-99.9-99.9-99.9-9.9 9910.0 30  7.0  19 15.2-9.9-9.9
5017219631221 34.5 14.7  0.009900 10.1-99.9-99.9-99.9-9.9 9912.8 35 10.6  13 10.4-9.9-9.9
5017219631222 35.7 16.4  0.009900 12.4-99.9-99.9-99.9-9.9 9914.8 39 12.8  14 11.2-9.9-9.9
5017219631223 37.6 16.5  0.009900 13.5-99.9-99.9-99.9-9.9 9916.6 42 14.6  14 11.2-9.9-9.9
5017219631224 35.0 20.4  6.819900 19.1-99.9-99.9-99.9-9.9 9917.9 50 15.8  38 30.4-9.9-9.9
5017219631225 25.8 18.3  0.619900 18.1-99.9-99.9-99.9-9.9 9922.2 85 19.2  19 15.2-9.9-9.9
5017219631226 32.1 15.1  0.009900 13.1-99.9-99.9-99.9-9.9 9919.6 62 17.2   4  3.2-9.9-9.9
5017219631227 35.0 18.8  0.009900 17.1-99.9-99.9-99.9-9.9 9917.6 49 15.5   1  0.8-9.9-9.9
5017219631228 37.6 19.9  0.009900 18.2-99.9-99.9-99.9-9.9 9916.7 41 14.7  13 10.4-9.9-9.9
5017219631229 38.6 19.0  0.519900 15.8-99.9-99.9-99.9-9.9 9920.1 49 17.6   9  7.2-9.9-9.9
5017219631230 29.8 20.1  0.009900 19.6-99.9-99.9-99.9-9.9 9914.3 48 12.3  34 27.2-9.9-9.9
5017219631231-99.9-99.9-99.999999-99.9-99.9-99.9-99.9-9.9 99-9.9-99-99.9 -99-99.9-9.9-9.9
5017219640101 34.1 13.9  0.009900 10.1-99.9-99.9-99.9-9.9 9914.2 46 12.2   2  1.6-9.9-9.9
5017219640102 33.8 14.7  0.119900 10.9-99.9-99.9-99.9-9.9 9915.1 46 13.1   7  5.6-9.9-9.9
5017219640103 34.1 17.7  0.009900 15.0-99.9-99.9-99.9-9.9 9916.0 45 14.0  11  8.8-9.9-9.9
5017219640104 34.3 17.6  0.619900 14.5-99.9-99.9-99.9-9.9 9917.2 47 15.1   8  6.4-9.9-9.9
5017219640105 34.1 16.4  0.319900 13.8-99.9-99.9-99.9-9.9 9919.1 64 16.8   6  4.8-9.9-9.9
5017219640106 33.5 17.4  0.009900 16.1-99.9-99.9-99.9-9.9 9918.2 56 16.0   4  3.2-9.9-9.9
5017219640107 36.1 17.4  0.009900 13.3-99.9-99.9-99.9-9.9 9918.5 47 16.3   6  4.8-9.9-9.9
5017219640108 36.3 17.0  2.019900 15.7-99.9-99.9-99.9-9.9 9921.5 69 18.7   3  2.4-9.9-9.9
5017219640109 32.9 14.8  0.009900 11.5-99.9-99.9-99.9-9.9 9921.0 67 18.3   4  3.2-9.9-9.9
5017219640110 34.8 18.5  3.019910 15.4-99.9-99.9-99.9-9.9 9922.7 71 19.5  19 15.2-9.9-9.9
5017219640111 30.3 15.0  0.009900 12.0-99.9-99.9-99.9-9.9 9913.7 48 11.6   8  6.4-9.9-9.9
5017219640112 35.3 13.8  0.009900 10.0-99.9-99.9-99.9-9.9 9918.6 50 16.4  19 15.2-9.9-9.9
5017219640113 36.8 19.4 23.119900 16.6-99.9-99.9-99.9-9.9 9920.7 52 18.1   8  6.4-9.9-9.9
5017219640114 33.0 18.0  7.319900 17.2-99.9-99.9-99.9-9.9 9921.8 65 18.9   4  3.2-9.9-9.9
5017219640115 29.0 16.4  0.919900 15.7-99.9-99.9-99.9-9.9 9919.2 66 16.9  24 19.2-9.9-9.9
5017219640116 27.0 15.0  0.009900 13.0-99.9-99.9-99.9-9.9 9918.4 69 16.2   2  1.6-9.9-9.9
5017219640117 31.8 13.7  0.009900 10.8-99.9-99.9-99.9-9.9 9918.4 59 16.2  11  8.8-9.9-9.9
5017219640118 35.3 17.7  0.009900 15.8-99.9-99.9-99.9-9.9 9917.2 49 15.1  13 10.4-9.9-9.9
5017219640119 29.5 14.8  0.009900 14.5-99.9-99.9-99.9-9.9 9910.8 51  8.1  17 13.6-9.9-9.9
5017219640120 29.6 10.3  0.009900  7.0-99.9-99.9-99.9-9.9 9910.1 38  7.1  12  9.6-9.9-9.9
5017219640121 35.0 12.7  0.009900  8.2-99.9-99.9-99.9-9.9 9912.1 40  9.8   3  2.4-9.9-9.9
5017219640122 37.1 15.4  0.009900 11.5-99.9-99.9-99.9-9.9 9915.2 43 13.2   8  6.4-9.9-9.9
5017219640123 37.1 17.5  0.009900 13.1-99.9-99.9-99.9-9.9 9914.2 37 12.2   8  6.4-9.9-9.9
5017219640124 39.3 17.3  0.009900 12.5-99.9-99.9-99.9-9.9 9914.7 37 12.7  11  8.8-9.9-9.9
5017219640125 33.5 21.5  0.009900 20.0-99.9-99.9-99.9-9.9 9912.1 35  9.8  24 19.2-9.9-9.9
5017219640126 27.6 16.0  0.009900 16.7-99.9-99.9-99.9-9.9 99 7.0 31  1.9  19 15.2-9.9-9.9
5017219640127 30.2  7.6  0.009900  2.5-99.9-99.9-99.9-9.9 99 8.7 37  5.0   3  2.4-9.9-9.9
5017219640128 33.8 13.7  2.619900  8.7-99.9-99.9-99.9-9.9 9911.9 41  9.5  21 16.8-9.9-9.9
5017219640129 27.3 11.3  0.009900  8.2-99.9-99.9-99.9-9.9 9914.2 56 12.2   8  6.4-9.9-9.9
5017219640130 34.1 14.0  0.009900 11.1-99.9-99.9-99.9-9.9 9915.5 51 13.5   4  3.2-9.9-9.9
5017219640131 37.1 14.8  0.009900 12.0-99.9-99.9-99.9-9.9 9911.8 32  9.4  19 15.2-9.9-9.9
5017219640201 29.8 11.4  0.009900  6.5-99.9-99.9-99.9-9.9 9911.2 46  8.6   3  2.4-9.9-9.9
5017219640202 32.0 11.4  0.009900  8.5-99.9-99.9-99.9-9.9 9910.4 34  7.5  21 16.8-9.9-9.9
5017219640203 34.3 17.1  0.009900 15.3-99.9-99.9-99.9-9.9 9917.0 48 15.0  16 12.8-9.9-9.9
5017219640204 34.5 21.3  6.319900 20.0-99.9-99.9-99.9-9.9 9920.0 56 17.5   9  7.2-9.9-9.9
5017219640205 34.5 16.9  0.009900 16.3-99.9-99.9-99.9-9.9 9921.1 64 18.4   3  2.4-9.9-9.9
5017219640206 32.5 15.1  0.009900 12.2-99.9-99.9-99.9-9.9 9912.5 47 10.3  12  9.6-9.9-9.9
5017219640207 35.5 13.8  0.009900 11.5-99.9-99.9-99.9-9.9 9913.4 45 11.3   8  6.4-9.9-9.9
5017219640208 31.3 10.5  0.009900  7.3-99.9-99.9-99.9-9.9 99 9.7 40  6.5  11  8.8-9.9-9.9
5017219640209 31.5 15.4  0.009900 12.8-99.9-99.9-99.9-9.9 99 9.1 30  5.6  18 14.4-9.9-9.9
5017219640210 28.5 11.2  0.009900  6.5-99.9-99.9-99.9-9.9 99 8.8 38  5.1  14 11.2-9.9-9.9
5017219640211 34.3 11.9  0.009900  8.1-99.9-99.9-99.9-9.9 9917.7 54 15.6   8  6.4-9.9-9.9
5017219640212 35.8 19.2  0.009900 17.3-99.9-99.9-99.9-9.9 9917.4 49 15.3   6  4.8-9.9-9.9
5017219640213 32.8 19.4  0.009900 18.3-99.9-99.9-99.9-9.9 9911.2 35  8.6  11  8.8-9.9-9.9
5017219640214 30.6 15.7  0.009900 13.0-99.9-99.9-99.9-9.9 99 7.7 45  3.2   9  7.2-9.9-9.9
5017219640215 33.1  8.2  0.009900  3.3-99.9-99.9-99.9-9.9 9910.7 43  8.0   5  4.0-9.9-9.9
5017219640216 26.1 13.0  0.009900  9.0-99.9-99.9-99.9-9.9 99 7.4 31  2.7  24 19.2-9.9-9.9
5017219640217 21.9 11.0  0.009900 10.5-99.9-99.9-99.9-9.9 99 9.0 53  5.4  14 11.2-9.9-9.9
5017219640218 29.0  7.4  0.009900  1.7-99.9-99.9-99.9-9.9 99 8.4 42  4.5   6  4.8-9.9-9.9
5017219640219 32.5 10.3  0.009900  7.1-99.9-99.9-99.9-9.9 9911.3 45  8.8   6  4.8-9.9-9.9
5017219640220 33.8 13.2  0.009900  9.2-99.9-99.9-99.9-9.9 9912.7 44 10.5   6  4.8-9.9-9.9
5017219640221 35.3 14.9  0.119900 11.4-99.9-99.9-99.9-9.9 9913.9 44 11.9   9  7.2-9.9-9.9
5017219640222 35.1 15.3  0.009900 12.6-99.9-99.9-99.9-9.9 9914.3 51 12.3   4  3.2-9.9-9.9
5017219640223 38.3 14.0  0.009900 11.0-99.9-99.9-99.9-9.9 9914.1 44 12.1   5  4.0-9.9-9.9
5017219640224 33.2 20.7  0.009900 17.4-99.9-99.9-99.9-9.9 99 7.5 22  2.9  19 15.2-9.9-9.9
5017219640225 31.2 15.3  0.009900 13.5-99.9-99.9-99.9-9.9 9913.7 48 11.6  11  8.8-9.9-9.9
5017219640226 37.8 15.7  0.009900 13.1-99.9-99.9-99.9-9.9 9918.2 54 16.0  11  8.8-9.9-9.9
5017219640227 29.8 18.2  0.009900 17.2-99.9-99.9-99.9-9.9 9910.9 42  8.2  13 10.4-9.9-9.9
5017219640228 28.3  9.4  0.009900  6.6-99.9-99.9-99.9-9.9 9916.1 65 14.1   8  6.4-9.9-9.9
5017219640229 28.8 14.4  0.009900 10.5-99.9-99.9-99.9-9.9 99 8.9 38  5.3  16 12.8-9.9-9.9
5017219640301 27.5  9.3  0.009900  6.7-99.9-99.9-99.9-9.9 99 8.6 39  4.8   7  5.6-9.9-9.9
5017219640302 34.3 11.3  3.419900  7.1-99.9-99.9-99.9-9.9 9913.8 47 11.8  12  9.6-9.9-9.9
5017219640303 26.8 14.7  5.219900 13.0-99.9-99.9-99.9-9.9 9912.8 61 10.6  14 11.2-9.9-9.9
5017219640304 16.8 10.2  8.219900  9.5-99.9-99.9-99.9-9.9 9910.6 82  7.8   8  6.4-9.9-9.9
5017219640305 13.0  9.8  6.419900  9.6-99.9-99.9-99.9-9.9 9912.9 97 10.7   8  6.4-9.9-9.9
5017219640306 22.3  7.7  3.919900  4.5-99.9-99.9-99.9-9.9 9914.4 78 12.4   5  4.0-9.9-9.9
5017219640307 21.6 12.0  0.009900 10.8-99.9-99.9-99.9-9.9 9914.3 74 12.3  11  8.8-9.9-9.9
5017219640308 23.9 13.5  1.919900 13.3-99.9-99.9-99.9-9.9 9915.8 75 13.8  17 13.6-9.9-9.9
5017219640309 30.1 11.2  0.009900  7.7-99.9-99.9-99.9-9.9 9912.3 53 10.0   8  6.4-9.9-9.9
5017219640310 25.8 12.2  0.009900  8.7-99.9-99.9-99.9-9.9 9910.6 48  7.8  22 17.6-9.9-9.9
5017219640311 27.3 11.3  0.009900  9.0-99.9-99.9-99.9-9.9 9915.7 69 13.7   2  1.6-9.9-9.9
5017219640312 28.4 13.3  0.009900 10.5-99.9-99.9-99.9-9.9 9916.6 67 14.6  13 10.4-9.9-9.9
5017219640313 27.8 14.6  0.009900 10.5-99.9-99.9-99.9-9.9 99 8.8 41  5.1   8  6.4-9.9-9.9
5017219640314 29.5  9.1  0.009900  6.1-99.9-99.9-99.9-9.9 9912.8 53 10.6   8  6.4-9.9-9.9
5017219640315 25.3 14.7  0.009900 13.3-99.9-99.9-99.9-9.9 9915.4 67 13.4  22 17.6-9.9-9.9
5017219640316 20.4 14.9  4.119900 14.0-99.9-99.9-99.9-9.9 9917.2 88 15.1   6  4.8-9.9-9.9
5017219640317 27.0 15.2  0.009900 13.5-99.9-99.9-99.9-9.9 9917.3 73 15.2  16 12.8-9.9-9.9
5017219640318 29.0 14.6  0.009900 13.1-99.9-99.9-99.9-9.9 9917.6 66 15.5  13 10.4-9.9-9.9
5017219640319 30.3 14.9  0.009900 13.0-99.9-99.9-99.9-9.9 9916.2 64 14.2   6  4.8-9.9-9.9
5017219640320 30.3 15.2  0.919900 13.3-99.9-99.9-99.9-9.9 9914.2 57 12.2  14 11.2-9.9-9.9
5017219640321 27.8  9.5  0.009900  7.3-99.9-99.9-99.9-9.9 9912.6 61 10.4   3  2.4-9.9-9.9
5017219640322 27.0 11.6  0.009900  9.1-99.9-99.9-99.9-9.9 9910.7 53  8.0  12  9.6-9.9-9.9
5017219640323 28.3  7.4  0.009900  2.5-99.9-99.9-99.9-9.9 99 9.0 48  5.4   4  3.2-9.9-9.9
5017219640324 32.5 10.4  0.009900  5.0-99.9-99.9-99.9-9.9 9913.5 52 11.4   4  3.2-9.9-9.9
5017219640325 30.3 10.8  0.009900  5.5-99.9-99.9-99.9-9.9 99 9.8 42  6.7   8  6.4-9.9-9.9
5017219640326 34.6 10.4  0.009900  6.5-99.9-99.9-99.9-9.9 9910.9 38  8.2  13 10.4-9.9-9.9
5017219640327 21.8 12.0  0.009900 12.0-99.9-99.9-99.9-9.9 99 8.1 46  3.9  16 12.8-9.9-9.9
5017219640328 17.3  1.6  0.009900 -2.9-99.9-99.9-99.9-9.9 99 4.1 36 -5.4  11  8.8-9.9-9.9
5017219640329 18.5 -3.0  0.009900 -7.9-99.9-99.9-99.9-9.9 99 4.1 41 -5.4   8  6.4-9.9-9.9
5017219640330 25.3  2.2  0.009900 -3.4-99.9-99.9-99.9-9.9 99 4.6 31 -3.8   8  6.4-9.9-9.9
5017219640331 23.5  3.0  0.009900 -1.4-99.9-99.9-99.9-9.9 99 7.2 55  2.3   3  2.4-9.9-9.9
5017219640401 28.3  4.5  0.009900  0.1-99.9-99.9-99.9-9.9 99 9.2 48  5.8  12  9.6-9.9-9.9
5017219640402 28.3 11.8  0.009900  9.8-99.9-99.9-99.9-9.9 9911.5 53  9.0  11  8.8-9.9-9.9
5017219640403 28.3 11.4  0.009900  9.8-99.9-99.9-99.9-9.9 9911.8 56  9.4   1  0.8-9.9-9.9
5017219640404 24.6 11.8  0.419900  7.8-99.9-99.9-99.9-9.9 9914.1 68 12.1  14 11.2-9.9-9.9
5017219640405 24.3 12.0  0.009900 10.5-99.9-99.9-99.9-9.9 9912.3 65 10.0   8  6.4-9.9-9.9
5017219640406 27.3  8.3  0.009900  3.2-99.9-99.9-99.9-9.9 9912.0 65  9.7   5  4.0-9.9-9.9
5017219640407 30.6 10.1  0.009900  6.5-99.9-99.9-99.9-9.9 9915.2 68 13.2   8  6.4-9.9-9.9
5017219640408 22.2 14.0  7.119900 10.7-99.9-99.9-99.9-9.9 9911.9 54  9.5  16 12.8-9.9-9.9
5017219640409 19.3 15.0  0.319900 14.8-99.9-99.9-99.9-9.9 9918.1 92 15.9  21 16.8-9.9-9.9
5017219640410 20.1 14.5  0.719900 13.0-99.9-99.9-99.9-9.9 9918.7 93 16.4   9  7.2-9.9-9.9
5017219640411 24.3 17.5  0.719900 17.5-99.9-99.9-99.9-9.9 9917.4 75 15.3  10  8.0-9.9-9.9
5017219640412 24.5  8.3  0.009900  4.5-99.9-99.9-99.9-9.9 99 9.6 54  6.4  13 10.4-9.9-9.9
5017219640413 26.3  6.0  0.009900  2.0-99.9-99.9-99.9-9.9 99 9.9 65  6.8   3  2.4-9.9-9.9
5017219640414 29.4 11.3  0.009900  6.8-99.9-99.9-99.9-9.9 9912.6 59 10.4   8  6.4-9.9-9.9
5017219640415 23.6  6.8  0.009900  2.6-99.9-99.9-99.9-9.9 99 7.9 51  3.6   1  0.8-9.9-9.9
5017219640416 25.3  4.0  0.009900 -0.4-99.9-99.9-99.9-9.9 99 5.8 42 -0.7   8  6.4-9.9-9.9
5017219640417 27.3  2.4  0.009900 -1.9-99.9-99.9-99.9-9.9 99 7.5 44  2.9   8  6.4-9.9-9.9
5017219640418 22.3  9.5  0.009900  6.6-99.9-99.9-99.9-9.9 99 8.1 48  3.9   4  3.2-9.9-9.9
5017219640419 26.3  4.4  0.009900  0.5-99.9-99.9-99.9-9.9 99 9.5 57  6.2   5  4.0-9.9-9.9
5017219640420 27.8  8.3  0.009900  6.0-99.9-99.9-99.9-9.9 9911.6 60  9.2   8  6.4-9.9-9.9
5017219640421 29.0  9.5  0.009900  4.0-99.9-99.9-99.9-9.9 9912.2 61  9.9   4  3.2-9.9-9.9
5017219640422 30.3  9.5  0.009900  6.7-99.9-99.9-99.9-9.9 9911.6 60  9.2   6  4.8-9.9-9.9
5017219640423 18.8  8.5  0.009900  7.8-99.9-99.9-99.9-9.9 99 6.2 49  0.2  16 12.8-9.9-9.9
5017219640424 20.3  0.5  0.009900 -3.3-99.9-99.9-99.9-9.9 99 6.9 56  1.7   4  3.2-9.9-9.9
5017219640425 22.8  7.0  0.009900  3.1-99.9-99.9-99.9-9.9 9910.2 63  7.3   4  3.2-9.9-9.9
5017219640426 15.5  9.7 11.219900 10.6-99.9-99.9-99.9-9.9 9911.3 87  8.8   3  2.4-9.9-9.9
5017219640427 14.2  9.9  0.009900 10.0-99.9-99.9-99.9-9.9 9912.0 86  9.7   3  2.4-9.9-9.9
5017219640428 19.5  8.8  0.009900  6.8-99.9-99.9-99.9-9.9 9912.1 79  9.8   8  6.4-9.9-9.9
5017219640429 16.1 10.6 20.319900  8.5-99.9-99.9-99.9-9.9 9912.7 88 10.5   9  7.2-9.9-9.9
5017219640430 15.0  8.8  0.119900  8.1-99.9-99.9-99.9-9.9 9911.1 88  8.5  11  8.8-9.9-9.9
5017219640501 15.6  7.8  0.009900  4.5-99.9-99.9-99.9-9.9 9910.5 81  7.7   3  2.4-9.9-9.9
5017219640502 19.4  4.6  0.009900  2.8-99.9-99.9-99.9-9.9 9910.1 73  7.1   8  6.4-9.9-9.9
5017219640503 20.8  6.5  0.009900  3.0-99.9-99.9-99.9-9.9 9910.3 70  7.4  16 12.8-9.9-9.9
5017219640504 24.3  3.7  0.009900  0.5-99.9-99.9-99.9-9.9 99 9.4 62  6.1  14 11.2-9.9-9.9
5017219640505 25.2 10.1  0.009900  5.7-99.9-99.9-99.9-9.9 9911.6 62  9.2  19 15.2-9.9-9.9
5017219640506 17.2  6.0  0.009900  3.7-99.9-99.9-99.9-9.9 99 6.5 59  0.9   2  1.6-9.9-9.9
5017219640507 16.3 -0.8  0.009900 -4.0-99.9-99.9-99.9-9.9 99 6.2 67  0.2   0  0.0-9.9-9.9
5017219640508 21.5 -0.3  0.009900 -3.5-99.9-99.9-99.9-9.9 99 7.0 59  1.9   8  6.4-9.9-9.9
5017219640509 21.1  7.4  0.009900  4.5-99.9-99.9-99.9-9.9 9910.7 71  8.0  10  8.0-9.9-9.9
5017219640510 21.5  8.0  0.009900  7.1-99.9-99.9-99.9-9.9 9910.6 72  7.8   6  4.8-9.9-9.9
5017219640511 15.3  9.7  0.009900  8.9-99.9-99.9-99.9-9.9 9912.3 85 10.0   1  0.8-9.9-9.9
5017219640512 24.6 10.5  0.009900  7.7-99.9-99.9-99.9-9.9 9912.8 73 10.6  14 11.2-9.9-9.9
5017219640513 25.0  9.2  0.009900  5.5-99.9-99.9-99.9-9.9 9914.2 76 12.2  14 11.2-9.9-9.9
5017219640514 26.6 10.4  0.009900  6.4-99.9-99.9-99.9-9.9 9914.8 77 12.8   8  6.4-9.9-9.9
5017219640515 19.8  8.1  0.819900  5.8-99.9-99.9-99.9-9.9 9913.3 84 11.2  17 13.6-9.9-9.9
5017219640516 12.4  9.8  0.619900  9.8-99.9-99.9-99.9-9.9 9912.2 97  9.9   7  5.6-9.9-9.9
5017219640517 17.8  9.2  0.009900  9.2-99.9-99.9-99.9-9.9 9911.7 85  9.3   9  7.2-9.9-9.9
5017219640518 21.3  7.7  0.009900  3.1-99.9-99.9-99.9-9.9 99 9.7 68  6.5   1  0.8-9.9-9.9
5017219640519 22.0  5.7  0.009900  2.4-99.9-99.9-99.9-9.9 99 9.8 64  6.7  12  9.6-9.9-9.9
5017219640520 19.1  4.4  0.009900 -0.3-99.9-99.9-99.9-9.9 99 8.1 64  3.9   8  6.4-9.9-9.9
5017219640521 23.1  5.0  0.009900  2.5-99.9-99.9-99.9-9.9 9910.3 69  7.4   6  4.8-9.9-9.9
5017219640522 25.1  5.8  0.009900  3.4-99.9-99.9-99.9-9.9 9912.2 70  9.9   3  2.4-9.9-9.9
5017219640523 26.1  9.5  0.009900  5.5-99.9-99.9-99.9-9.9 9913.2 66 11.1  10  8.0-9.9-9.9
5017219640524 25.3 10.0  0.009900  8.3-99.9-99.9-99.9-9.9 9913.2 72 11.1  14 11.2-9.9-9.9
5017219640525 15.8  5.5  0.009900  2.1-99.9-99.9-99.9-9.9 99 6.8 61  1.5   5  4.0-9.9-9.9
5017219640526 15.8  6.0  0.009900  1.5-99.9-99.9-99.9-9.9 99 7.0 56  1.9   7  5.6-9.9-9.9
5017219640527 18.3  5.4  0.009900  2.2-99.9-99.9-99.9-9.9 99 9.8 75  6.7   6  4.8-9.9-9.9
5017219640528 19.8  1.9  0.009900 -0.3-99.9-99.9-99.9-9.9 9910.0 79  7.0   3  2.4-9.9-9.9
5017219640529 23.3  4.6  0.009900  1.4-99.9-99.9-99.9-9.9 9911.7 73  9.3  15 12.0-9.9-9.9
5017219640530 16.6 10.3  0.009900  9.0-99.9-99.9-99.9-9.9 9912.1 76  9.8  11  8.8-9.9-9.9
5017219640531 21.8  7.4  0.009900  3.8-99.9-99.9-99.9-9.9 9911.8 84  9.4   9  7.2-9.9-9.9
5017219640601 17.8 10.1  0.009900  4.7-99.9-99.9-99.9-9.9 9911.7 84  9.3   4  3.2-9.9-9.9
5017219640602 18.6  8.3  0.009900  7.5-99.9-99.9-99.9-9.9 9910.5 76  7.7  16 12.8-9.9-9.9
5017219640603 14.0  3.2  0.009900 -0.7-99.9-99.9-99.9-9.9 99 6.4 66  0.6   5  4.0-9.9-9.9
5017219640604 16.3 -3.0  0.009900 -7.4-99.9-99.9-99.9-9.9 99 4.5 50 -4.1  11  8.8-9.9-9.9
5017219640605 18.3 -1.5  0.009900 -5.5-99.9-99.9-99.9-9.9 99 5.7 55 -1.0  16 12.8-9.9-9.9
5017219640606 20.1  7.0  0.009900  4.4-99.9-99.9-99.9-9.9 99 7.0 50  1.9  22 17.6-9.9-9.9
5017219640607 22.0  6.1  0.009900  3.2-99.9-99.9-99.9-9.9 99 8.2 56  4.1  19 15.2-9.9-9.9
5017219640608 15.6  6.6  0.009900  2.3-99.9-99.9-99.9-9.9 99 7.9 68  3.6   7  5.6-9.9-9.9
5017219640609 14.3  2.0  0.009900 -3.8-99.9-99.9-99.9-9.9 99 6.0 67 -0.2  12  9.6-9.9-9.9
5017219640610 15.3 -1.9  0.009900 -5.9-99.9-99.9-99.9-9.9 99 6.7 69  1.3  13 10.4-9.9-9.9
5017219640611 19.8 -0.8  0.009900 -4.9-99.9-99.9-99.9-9.9 99 5.3 55 -1.9   6  4.8-9.9-9.9
5017219640612 18.1 -0.4  0.009900 -5.8-99.9-99.9-99.9-9.9 99 5.2 48 -2.2   7  5.6-9.9-9.9
5017219640613 17.8 -1.8  0.009900 -5.3-99.9-99.9-99.9-9.9 99 6.8 63  1.5   3  2.4-9.9-9.9
5017219640614 17.9 -1.5  0.009900 -4.5-99.9-99.9-99.9-9.9 99 6.7 64  1.3   6  4.8-9.9-9.9
5017219640615 13.6 -0.7  0.009900 -5.1-99.9-99.9-99.9-9.9 99 6.4 72  0.6  11  8.8-9.9-9.9
5017219640616  8.3 -1.0  0.009900 -5.7-99.9-99.9-99.9-9.9 99 4.9 66 -3.0   3  2.4-9.9-9.9
5017219640617 13.6 -3.7  0.009900 -7.5-99.9-99.9-99.9-9.9 99 5.3 63 -1.9  16 12.8-9.9-9.9
5017219640618 13.3 -2.2  0.009900 -3.9-99.9-99.9-99.9-9.9 99 5.5 67 -1.4   3  2.4-9.9-9.9
5017219640619 18.3 -5.3  0.009900-99.9-99.9-99.9-99.9-9.9 99 5.2 59 -2.2   0  0.0-9.9-9.9
5017219640620 12.3 -2.0  0.009900 -5.6-99.9-99.9-99.9-9.9 99 4.6 57 -3.8   5  4.0-9.9-9.9
5017219640621 17.8 -1.5  0.009900 -6.5-99.9-99.9-99.9-9.9 99 6.3 59  0.4   3  2.4-9.9-9.9
5017219640622 15.8  0.0  0.009900 -4.7-99.9-99.9-99.9-9.9 99 5.2 51 -2.2   6  4.8-9.9-9.9
5017219640623  7.3 -1.2  0.009900 -7.0-99.9-99.9-99.9-9.9 99 4.5 64 -4.1   0  0.0-9.9-9.9
5017219640624 17.0 -2.8  0.009900 -6.7-99.9-99.9-99.9-9.9 99 4.5 49 -4.1  12  9.6-9.9-9.9
5017219640625 16.3 -3.5  0.009900 -7.8-99.9-99.9-99.9-9.9 99 4.4 47 -4.4   6  4.8-9.9-9.9
5017219640626 16.1 -3.7  0.009900 -7.0-99.9-99.9-99.9-9.9 99 5.2 61 -2.2   0  0.0-9.9-9.9
5017219640627 13.1 -4.3  0.009900 -8.3-99.9-99.9-99.9-9.9 99 4.7 59 -3.6   5  4.0-9.9-9.9
5017219640628 11.6 -2.9  0.009900 -6.4-99.9-99.9-99.9-9.9 99 4.7 61 -3.6   6  4.8-9.9-9.9
5017219640629 14.8 -3.4  0.009900 -7.3-99.9-99.9-99.9-9.9 99 5.2 59 -2.2   7  5.6-9.9-9.9
5017219640630 16.3 -3.9  0.009900 -6.8-99.9-99.9-99.9-9.9 99 5.2 61 -2.2   4  3.2-9.9-9.9
5017219640701  7.1 -0.9  0.009900 -5.0-99.9-99.9-99.9-9.9 99 6.3 73  0.4   6  4.8-9.9-9.9
5017219640702  6.8  3.2  0.009900  2.6-99.9-99.9-99.9-9.9 99 7.2 86  2.3   1  0.8-9.9-9.9
5017219640703 12.8  1.5  0.009900 -1.7-99.9-99.9-99.9-9.9 99 6.5 67  0.9   6  4.8-9.9-9.9
5017219640704 10.3  3.6  0.009900  1.5-99.9-99.9-99.9-9.9 99 6.5 68  0.9  16 12.8-9.9-9.9
5017219640705 14.2 -3.6  0.009900 -6.5-99.9-99.9-99.9-9.9 99 6.4 68  0.6   6  4.8-9.9-9.9
5017219640706 10.8 -0.8  1.119900 -3.5-99.9-99.9-99.9-9.9 99 6.4 69  0.6  14 11.2-9.9-9.9
5017219640707 15.8  1.1  0.009900 -2.7-99.9-99.9-99.9-9.9 99 6.8 72  1.5   6  4.8-9.9-9.9
5017219640708 16.8 -3.4  0.009900 -7.5-99.9-99.9-99.9-9.9 99 4.8 49 -3.3  13 10.4-9.9-9.9
5017219640709 19.3  4.5  0.009900  1.7-99.9-99.9-99.9-9.9 99 6.8 52  1.5 -99-99.9-9.9-9.9
5017219640710 18.0 -0.3  0.009900 -3.7-99.9-99.9-99.9-9.9 99 6.1 55  0.0   8  6.4-9.9-9.9
5017219640711 19.5 -1.8  0.009900 -5.2-99.9-99.9-99.9-9.9 99 6.3 55  0.4   4  3.2-9.9-9.9
5017219640712 18.8 -0.9  0.009900 -4.3-99.9-99.9-99.9-9.9 99 6.5 62  0.9   3  2.4-9.9-9.9
5017219640713 21.5  1.5  0.009900 -3.5-99.9-99.9-99.9-9.9 99 6.8 56  1.5   8  6.4-9.9-9.9
5017219640714 16.3  4.5  0.009900 -0.8-99.9-99.9-99.9-9.9 99 6.8 63  1.5  12  9.6-9.9-9.9
5017219640715 13.5 -1.4  0.009900 -6.5-99.9-99.9-99.9-9.9 99 3.9 47 -6.0  13 10.4-9.9-9.9
5017219640716 20.1 -2.3  0.009900 -7.0-99.9-99.9-99.9-9.9 99 3.2 34 -8.6  16 12.8-9.9-9.9
5017219640717 19.2  4.6  0.009900  1.2-99.9-99.9-99.9-9.9 99 3.6 31 -7.1  13 10.4-9.9-9.9
5017219640718 17.0 -1.4  0.009900 -5.5-99.9-99.9-99.9-9.9 99 4.4 45 -4.4   6  4.8-9.9-9.9
5017219640719 18.1 -3.6  0.009900 -7.0-99.9-99.9-99.9-9.9 99 5.3 53 -1.9   3  2.4-9.9-9.9
5017219640720 20.0 -0.8  0.009900 -5.3-99.9-99.9-99.9-9.9 99 5.2 46 -2.2   6  4.8-9.9-9.9
5017219640721 14.0  0.5  0.009900 -3.4-99.9-99.9-99.9-9.9 99 5.7 58 -1.0   1  0.8-9.9-9.9
5017219640722 13.0 -0.5  0.009900 -3.5-99.9-99.9-99.9-9.9 99 6.5 70  0.9   1  0.8-9.9-9.9
5017219640723 16.5 -0.9  0.009900 -5.5-99.9-99.9-99.9-9.9 99 6.4 68  0.6   8  6.4-9.9-9.9
5017219640724 17.5 -1.6  0.009900 -5.9-99.9-99.9-99.9-9.9 99 6.2 62  0.2   0  0.0-9.9-9.9
5017219640725 17.3  1.0  0.009900 -5.5-99.9-99.9-99.9-9.9 99 5.4 53 -1.7   8  6.4-9.9-9.9
5017219640726 22.3 -1.4  0.009900 -6.8-99.9-99.9-99.9-9.9 99 4.6 42 -3.8   6  4.8-9.9-9.9
5017219640727 22.3  1.5  0.009900 -4.7-99.9-99.9-99.9-9.9 99 4.3 33 -4.7  14 11.2-9.9-9.9
5017219640728 22.3  3.5  0.009900 -2.3-99.9-99.9-99.9-9.9 99 5.8 43 -0.7  11  8.8-9.9-9.9
5017219640729 17.3  1.3  0.009900 -4.0-99.9-99.9-99.9-9.9 99 4.9 45 -3.0   7  5.6-9.9-9.9
5017219640730  9.3  1.0  0.009900 -2.9-99.9-99.9-99.9-9.9 99 5.1 55 -2.5  34 27.2-9.9-9.9
5017219640731 11.3  1.8  0.009900  3.0-99.9-99.9-99.9-9.9 99 3.5 42 -7.4   2  1.6-9.9-9.9
5017219640801 16.8 -7.0  0.009900-12.5-99.9-99.9-99.9-9.9 99 3.0 41 -9.4   3  2.4-9.9-9.9
5017219640802 20.3 -4.0  0.009900 -9.0-99.9-99.9-99.9-9.9 99 3.2 36 -8.6   5  4.0-9.9-9.9
5017219640803 20.8 -3.5  0.009900 -8.4-99.9-99.9-99.9-9.9 99 3.6 37 -7.1   6  4.8-9.9-9.9
5017219640804 21.0 -0.5  0.009900 -5.6-99.9-99.9-99.9-9.9 99 3.8 42 -6.4  19 15.2-9.9-9.9
5017219640805 21.5  2.4  0.009900 -1.4-99.9-99.9-99.9-9.9 99 4.3 31 -4.7  19 15.2-9.9-9.9
5017219640806 19.0  1.0  0.009900 -2.5-99.9-99.9-99.9-9.9 99 3.9 35 -6.0  26 20.8-9.9-9.9
5017219640807 18.0  2.1  0.009900 -2.0-99.9-99.9-99.9-9.9 99 5.3 42 -1.9  14 11.2-9.9-9.9
5017219640808 18.3 -1.3  0.009900 -6.0-99.9-99.9-99.9-9.9 99 4.6 46 -3.8   8  6.4-9.9-9.9
5017219640809 19.0  1.4  0.009900 -3.8-99.9-99.9-99.9-9.9 99 5.2 47 -2.2   9  7.2-9.9-9.9
5017219640810 23.5 -0.9  0.009900 -5.6-99.9-99.9-99.9-9.9 99 4.8 41 -3.3   8  6.4-9.9-9.9
5017219640811 24.0  4.0  0.009900 -2.5-99.9-99.9-99.9-9.9 99 6.1 46  0.0   4  3.2-9.9-9.9
5017219640812 24.3  0.8  0.009900 -1.6-99.9-99.9-99.9-9.9 99 5.4 40 -1.7  16 12.8-9.9-9.9
5017219640813 16.0  4.7  0.009900  1.0-99.9-99.9-99.9-9.9 99 5.4 40 -1.7  38 30.4-9.9-9.9
5017219640814 14.8 -0.3  0.009900 -6.5-99.9-99.9-99.9-9.9 99 3.5 37 -7.4   4  3.2-9.9-9.9
5017219640815 16.0 -0.8  0.009900 -3.5-99.9-99.9-99.9-9.9 99 3.8 40 -6.4   1  0.8-9.9-9.9
5017219640816 18.0 -3.5  0.009900 -6.8-99.9-99.9-99.9-9.9 99 4.5 49 -4.1   8  6.4-9.9-9.9
5017219640817 15.8 -1.6  0.009900 -6.5-99.9-99.9-99.9-9.9 99 5.6 56 -1.2   3  2.4-9.9-9.9
5017219640818 21.0 -1.6  0.009900 -5.5-99.9-99.9-99.9-9.9 99 3.9 40 -6.0  20 16.0-9.9-9.9
5017219640819 16.0  1.7  0.009900 -2.3-99.9-99.9-99.9-9.9 99 3.0 29 -9.4   3  2.4-9.9-9.9
5017219640820 17.0 -2.3  0.009900 -6.0-99.9-99.9-99.9-9.9 99 3.4 33 -7.8   6  4.8-9.9-9.9
5017219640821 18.9 -4.1  0.009900 -7.5-99.9-99.9-99.9-9.9 99 5.1 46 -2.5   3  2.4-9.9-9.9
5017219640822 21.3 -3.3  0.009900 -7.9-99.9-99.9-99.9-9.9 99 3.6 35 -7.1  12  9.6-9.9-9.9
5017219640823 23.8  3.5  0.009900 -1.0-99.9-99.9-99.9-9.9 99 3.9 30 -6.0   8  6.4-9.9-9.9
5017219640824 25.8  2.1  0.009900 -4.6-99.9-99.9-99.9-9.9 99 3.6 27 -7.1   8  6.4-9.9-9.9
5017219640825 23.5  2.5  0.009900 -3.9-99.9-99.9-99.9-9.9 99 5.1 37 -2.5   8  6.4-9.9-9.9
5017219640826 26.3  3.9  0.009900  0.0-99.9-99.9-99.9-9.9 99 4.3 28 -4.7  19 15.2-9.9-9.9
5017219640827 26.3  3.0  0.819900 -1.6-99.9-99.9-99.9-9.9 99 6.6 40  1.1   5  4.0-9.9-9.9
5017219640828 20.8  9.1  0.009900  5.4-99.9-99.9-99.9-9.9 99 3.9 25 -6.0  35 28.0-9.9-9.9
5017219640829 18.3 -1.0  0.009900 -8.0-99.9-99.9-99.9-9.9 99 2.4 27-12.2   3  2.4-9.9-9.9
5017219640830 25.8  3.6  0.009900 -1.2-99.9-99.9-99.9-9.9 99 2.4 14-12.2  35 28.0-9.9-9.9
5017219640831 18.6  3.6  0.009900  1.5-99.9-99.9-99.9-9.9 99 6.3 65  0.4  16 12.8-9.9-9.9
5017219640901 14.2 -3.0  0.009900 -8.6-99.9-99.9-99.9-9.9 99 3.0 39 -9.4   6  4.8-9.9-9.9
5017219640902 17.9 -4.9  0.009900-10.2-99.9-99.9-99.9-9.9 99 2.9 32 -9.8  11  8.8-9.9-9.9
5017219640903 23.8  1.7  0.009900 -0.5-99.9-99.9-99.9-9.9 99 2.8 19-10.3  31 24.8-9.9-9.9
5017219640904 26.8  9.0  0.009900  5.5-99.9-99.9-99.9-9.9 99 6.5 31  0.9  27 21.6-9.9-9.9
5017219640905 24.1  5.1  0.119900  2.8-99.9-99.9-99.9-9.9 99 7.0 56  1.9  24 19.2-9.9-9.9
5017219640906 12.5  4.8  0.009900  4.6-99.9-99.9-99.9-9.9 99 8.7 83  5.0   6  4.8-9.9-9.9
5017219640907 14.8  3.7  0.009900 -2.2-99.9-99.9-99.9-9.9 99 5.5 54 -1.4  14 11.2-9.9-9.9
5017219640908  7.8  1.4  0.009900 -1.0-99.9-99.9-99.9-9.9 99 5.5 65 -1.4  14 11.2-9.9-9.9
5017219640909 13.5  0.5  0.009900-99.9-99.9-99.9-99.9-9.9 99 5.5 61 -1.4   5  4.0-9.9-9.9
5017219640910 20.8  1.7  0.009900-99.9-99.9-99.9-99.9-9.9 99 6.6 50  1.1   4  3.2-9.9-9.9
5017219640911 25.0  5.2  0.009900-99.9-99.9-99.9-99.9-9.9 99 7.4 42  2.7  27 21.6-9.9-9.9
5017219640912 27.9  9.5  0.009900-99.9-99.9-99.9-99.9-9.9 99 7.8 34  3.4  31 24.8-9.9-9.9
5017219640913 24.3  9.0  0.009900  4.5-99.9-99.9-99.9-9.9 99 6.8 40  1.5  11  8.8-9.9-9.9
5017219640914 28.8  5.8  0.009900  0.3-99.9-99.9-99.9-9.9 99 7.2 39  2.3   4  3.2-9.9-9.9
5017219640915 26.6  8.0  0.009900  2.5-99.9-99.9-99.9-9.9 99 3.7 19 -6.7  29 23.2-9.9-9.9
5017219640916 23.8  4.0  0.009900 -1.5-99.9-99.9-99.9-9.9 99 4.9 32 -3.0  11  8.8-9.9-9.9
5017219640917 27.3  2.8  0.009900 -1.7-99.9-99.9-99.9-9.9 99 5.3 30 -1.9   8  6.4-9.9-9.9
5017219640918 19.0  9.4  0.009900  8.6-99.9-99.9-99.9-9.9 99 6.6 48  1.1  33 26.4-9.9-9.9
5017219640919 24.3  1.0  0.009900 -5.2-99.9-99.9-99.9-9.9 99 4.5 32 -4.1  12  9.6-9.9-9.9
5017219640920 24.1  5.4  0.009900 -0.5-99.9-99.9-99.9-9.9 99 5.4 30 -1.7  30 24.0-9.9-9.9
5017219640921 28.3  3.0  0.009900 -1.9-99.9-99.9-99.9-9.9 99 6.5 36  0.9  11  8.8-9.9-9.9
5017219640922 30.3  7.6  0.009900  3.0-99.9-99.9-99.9-9.9 9910.0 50  7.0   3  2.4-9.9-9.9
5017219640923 32.3 12.1  0.009900  7.8-99.9-99.9-99.9-9.9 9910.2 39  7.3   6  4.8-9.9-9.9
5017219640924 33.2 12.1  0.009900  9.3-99.9-99.9-99.9-9.9 9911.2 42  8.6   8  6.4-9.9-9.9
5017219640925 32.5 12.5 10.819900  8.5-99.9-99.9-99.9-9.9 9911.9 51  9.5  17 13.6-9.9-9.9
5017219640926 21.0  9.6  0.009900  8.4-99.9-99.9-99.9-9.9 99 7.5 49  2.9  19 15.2-9.9-9.9
5017219640927 17.8  4.7  3.319900  1.7-99.9-99.9-99.9-9.9 9910.9 77  8.2  12  9.6-9.9-9.9
5017219640928 12.5  9.3  1.119900  9.1-99.9-99.9-99.9-9.9 9911.7 96  9.3  14 11.2-9.9-9.9
5017219640929 15.8  6.5  0.009900  6.0-99.9-99.9-99.9-9.9 99 8.9 73  5.3  16 12.8-9.9-9.9
5017219640930 18.0  3.2  0.009900 -1.6-99.9-99.9-99.9-9.9 99 4.6 41 -3.8   6  4.8-9.9-9.9
5017219641001 18.5  0.4  0.009900 -4.3-99.9-99.9-99.9-9.9 99 6.2 50  0.2   3  2.4-9.9-9.9
5017219641002 22.5  1.9  0.009900 -1.3-99.9-99.9-99.9-9.9 99 8.2 59  4.1  11  8.8-9.9-9.9
5017219641003 26.8  4.8  0.009900  1.2-99.9-99.9-99.9-9.9 99 8.2 47  4.1   8  6.4-9.9-9.9
5017219641004 26.3  8.5  0.009900  4.5-99.9-99.9-99.9-9.9 9910.4 53  7.5   7  5.6-9.9-9.9
5017219641005 27.8 10.8  0.919900  9.0-99.9-99.9-99.9-9.9 9911.5 56  9.0  14 11.2-9.9-9.9
5017219641006 18.2  9.6  4.719900  9.6-99.9-99.9-99.9-9.9 9912.0 83  9.7  17 13.6-9.9-9.9
5017219641007 12.1  7.7  0.009900  8.0-99.9-99.9-99.9-9.9 9910.4 88  7.5   8  6.4-9.9-9.9
5017219641008 19.4  2.5  0.009900 -1.4-99.9-99.9-99.9-9.9 99 9.2 64  5.8  12  9.6-9.9-9.9
5017219641009 24.3  6.0  0.009900  1.3-99.9-99.9-99.9-9.9 99 8.8 50  5.1   6  4.8-9.9-9.9
5017219641010 27.8  6.7  0.009900  1.7-99.9-99.9-99.9-9.9 99 8.7 40  5.0   4  3.2-9.9-9.9
5017219641011 31.6  9.0  0.009900  3.6-99.9-99.9-99.9-9.9 99 9.8 42  6.7   9  7.2-9.9-9.9
5017219641012 33.0 10.6  0.009900  7.0-99.9-99.9-99.9-9.9 9910.7 38  8.0   2  1.6-9.9-9.9
5017219641013 33.8 10.5  0.009900  6.7-99.9-99.9-99.9-9.9 9910.7 42  8.0   8  6.4-9.9-9.9
5017219641014 27.3 16.0  0.009900 14.9-99.9-99.9-99.9-9.9 99 6.3 28  0.4  34 27.2-9.9-9.9
5017219641015 25.3  8.1  0.009900  3.3-99.9-99.9-99.9-9.9 99 6.7 34  1.3   6  4.8-9.9-9.9
5017219641016 25.0  9.4  9.219900  5.6-99.9-99.9-99.9-9.9 9912.2 58  9.9  23 18.4-9.9-9.9
5017219641017 18.6  8.1 30.519900 10.8-99.9-99.9-99.9-9.9 9911.6 96  9.2  16 12.8-9.9-9.9
5017219641018 22.5  9.4  0.009900  9.3-99.9-99.9-99.9-9.9 9912.6 68 10.4   8  6.4-9.9-9.9
5017219641019 14.4  5.8  0.009900  6.5-99.9-99.9-99.9-9.9 99 6.8 57  1.5  26 20.8-9.9-9.9
5017219641020 16.8  5.5  0.009900  2.0-99.9-99.9-99.9-9.9 99 6.5 53  0.9   4  3.2-9.9-9.9
5017219641021 23.3  4.3  0.009900 -1.0-99.9-99.9-99.9-9.9 99 8.1 48  3.9   5  4.0-9.9-9.9
5017219641022 27.0  6.8  0.009900  3.0-99.9-99.9-99.9-9.9 99 8.2 43  4.1   9  7.2-9.9-9.9
5017219641023 30.1 10.2  0.009900  6.8-99.9-99.9-99.9-9.9 99 9.1 35  5.6  19 15.2-9.9-9.9
5017219641024 28.8 10.5  0.119900  6.5-99.9-99.9-99.9-9.9 99 8.9 33  5.3  19 15.2-9.9-9.9
5017219641025 26.8  9.5  0.009900  6.7-99.9-99.9-99.9-9.9 99 6.7 31  1.3   7  5.6-9.9-9.9
5017219641026 26.2  9.5  0.009900  2.5-99.9-99.9-99.9-9.9 99 7.2 37  2.3   9  7.2-9.9-9.9
5017219641027 28.0  8.1  0.009900  4.4-99.9-99.9-99.9-9.9 99 9.3 45  5.9   6  4.8-9.9-9.9
5017219641028 32.4  9.9  0.009900  5.3-99.9-99.9-99.9-9.9 99 7.1 30  2.1  13 10.4-9.9-9.9
5017219641029 26.3 13.0  0.009900 10.0-99.9-99.9-99.9-9.9 99 9.7 47  6.5   3  2.4-9.9-9.9
5017219641030 24.3 10.2  0.009900  7.3-99.9-99.9-99.9-9.9 99 7.1 35  2.1  29 23.2-9.9-9.9
5017219641031 26.3  6.0  0.009900  1.5-99.9-99.9-99.9-9.9 99 7.7 35  3.2   7  5.6-9.9-9.9
5017219641101 29.8  9.8  0.009900  5.5-99.9-99.9-99.9-9.9 9911.7 45  9.3  19 15.2-9.9-9.9
5017219641102 31.5 15.5  0.419900 14.0-99.9-99.9-99.9-9.9 9911.1 37  8.5  23 18.4-9.9-9.9
5017219641103 25.1 12.5  6.519900  8.1-99.9-99.9-99.9-9.9 99 9.0 42  5.4  12  9.6-9.9-9.9
5017219641104 23.8  8.2  0.009900  6.1-99.9-99.9-99.9-9.9 99 9.1 51  5.6  12  9.6-9.9-9.9
5017219641105 25.3  8.5  0.009900  4.4-99.9-99.9-99.9-9.9 99 7.2 33  2.3  13 10.4-9.9-9.9
5017219641106 27.3  8.0  0.009900  3.2-99.9-99.9-99.9-9.9 99 7.5 33  2.9   9  7.2-9.9-9.9
5017219641107 27.5 11.6  0.009900  9.5-99.9-99.9-99.9-9.9 99 5.9 26 -0.5  14 11.2-9.9-9.9
5017219641108 30.3  8.5  0.009900  4.1-99.9-99.9-99.9-9.9 99 9.4 35  6.1   7  5.6-9.9-9.9
5017219641109 29.8 11.4  1.219900 10.5-99.9-99.9-99.9-9.9 9912.5 54 10.3  19 15.2-9.9-9.9
5017219641110 31.3 15.0 20.419900 13.9-99.9-99.9-99.9-9.9 9913.9 58 11.9  15 12.0-9.9-9.9
5017219641111 26.6 14.0  4.219900 13.4-99.9-99.9-99.9-9.9 9913.8 58 11.8  20 16.0-9.9-9.9
5017219641112 23.8 11.4  2.319900 10.7-99.9-99.9-99.9-9.9 9914.2 80 12.2  26 20.8-9.9-9.9
5017219641113 22.5  7.5  0.009900  4.5-99.9-99.9-99.9-9.9 9911.1 61  8.5   6  4.8-9.9-9.9
5017219641114 23.1 12.0  0.009900  9.9-99.9-99.9-99.9-9.9 99 9.4 48  6.1  17 13.6-9.9-9.9
5017219641115 26.4  6.0  0.009900  2.6-99.9-99.9-99.9-9.9 99 8.9 42  5.3  10  8.0-9.9-9.9
5017219641116 28.3 11.2  3.319900  8.6-99.9-99.9-99.9-9.9 9912.8 57 10.6   1  0.8-9.9-9.9
5017219641117 27.9 10.5  0.009900  5.0-99.9-99.9-99.9-9.9 9910.1 42  7.1  11  8.8-9.9-9.9
5017219641118 28.0 10.5  0.009900  8.1-99.9-99.9-99.9-9.9 9911.2 42  8.6  24 19.2-9.9-9.9
5017219641119 25.8 12.0  0.009900 10.1-99.9-99.9-99.9-9.9 9912.4 57 10.1  25 20.0-9.9-9.9
5017219641120 26.1 11.2  0.009900  9.5-99.9-99.9-99.9-9.9 9911.9 51  9.5  16 12.8-9.9-9.9
5017219641121 32.3 11.0  0.219900  7.1-99.9-99.9-99.9-9.9 9914.2 49 12.2  12  9.6-9.9-9.9
5017219641122 33.3 16.4  1.119900 14.4-99.9-99.9-99.9-9.9 9914.5 52 12.5  31 24.8-9.9-9.9
5017219641123 32.8 14.4  0.009900 11.0-99.9-99.9-99.9-9.9 9915.0 50 13.0   4  3.2-9.9-9.9
5017219641124 33.8 13.5  0.009900  9.2-99.9-99.9-99.9-9.9 9912.9 38 10.7  19 15.2-9.9-9.9
5017219641125 35.3 17.0  0.009900 13.7-99.9-99.9-99.9-9.9 9914.9 41 12.9  15 12.0-9.9-9.9
5017219641126 30.1 18.7  1.019900 17.0-99.9-99.9-99.9-9.9 9913.7 49 11.6  27 21.6-9.9-9.9
5017219641127 30.1 14.8  0.009900 13.5-99.9-99.9-99.9-9.9 9914.5 67 12.5  22 17.6-9.9-9.9
5017219641128 25.1 16.0  1.119900 15.7-99.9-99.9-99.9-9.9 99 7.5 48  2.9  34 27.2-9.9-9.9
5017219641129 24.6 15.0  0.009900 15.0-99.9-99.9-99.9-9.9 9912.1 55  9.8   4  3.2-9.9-9.9
5017219641130 28.3 15.0 18.419900 14.5-99.9-99.9-99.9-9.9 9917.5 68 15.4   6  4.8-9.9-9.9
5017219641201 23.1 13.7  1.919900 13.7-99.9-99.9-99.9-9.9 9915.6 78 13.6   3  2.4-9.9-9.9
5017219641202 27.0 10.0  0.009900-99.9-99.9-99.9-99.9-9.9 9912.9 55 10.7   0  0.0-9.9-9.9
5017219641203 31.5 12.2  0.009900  9.4-99.9-99.9-99.9-9.9 9913.1 44 11.0   7  5.6-9.9-9.9
5017219641204 35.3 15.0  0.009900 10.6-99.9-99.9-99.9-9.9 9912.9 36 10.7  16 12.8-9.9-9.9
5017219641205 34.3 17.1  0.009900 13.1-99.9-99.9-99.9-9.9 9914.6 41 12.6   9  7.2-9.9-9.9
5017219641206 32.8 16.5  2.519900 14.1-99.9-99.9-99.9-9.9 9915.7 49 13.7   6  4.8-9.9-9.9
5017219641207 32.3 17.6  0.009900 14.0-99.9-99.9-99.9-9.9 9914.8 45 12.8  19 15.2-9.9-9.9
5017219641208 34.8 15.0  0.009900 12.4-99.9-99.9-99.9-9.9 9911.2 33  8.6   7  5.6-9.9-9.9
5017219641209 36.8 13.5  0.009900 10.7-99.9-99.9-99.9-9.9 9910.8 39  8.1   8  6.4-9.9-9.9
5017219641210 34.3 12.6  0.009900  8.1-99.9-99.9-99.9-9.9 9910.0 33  7.0  25 20.0-9.9-9.9
5017219641211 24.3  9.5  0.819900 10.5-99.9-99.9-99.9-9.9 99 8.5 62  4.6  19 15.2-9.9-9.9
5017219641212 26.8  3.2  0.009900 -2.0-99.9-99.9-99.9-9.9 99 8.2 42  4.1  16 12.8-9.9-9.9
5017219641213 31.3  7.5  0.009900  3.3-99.9-99.9-99.9-9.9 99 9.2 35  5.8  11  8.8-9.9-9.9
5017219641214 36.8 10.3  0.009900  5.5-99.9-99.9-99.9-9.9 99 9.0 28  5.4  12  9.6-9.9-9.9
5017219641215 34.5 16.6  0.009900 11.5-99.9-99.9-99.9-9.9 9910.4 29  7.5  24 19.2-9.9-9.9
5017219641216 28.3 16.5  0.009900 16.0-99.9-99.9-99.9-9.9 99 8.2 38  4.1  22 17.6-9.9-9.9
5017219641217 29.8  8.7  0.009900  5.7-99.9-99.9-99.9-9.9 9912.7 47 10.5   9  7.2-9.9-9.9
5017219641218 34.5 16.6  3.919900 13.6-99.9-99.9-99.9-9.9 9915.0 46 13.0  22 17.6-9.9-9.9
5017219641219 31.4 15.2  0.719900 12.0-99.9-99.9-99.9-9.9 9913.1 47 11.0  34 27.2-9.9-9.9
5017219641220 31.0 13.9  0.219900 11.4-99.9-99.9-99.9-9.9 9915.6 61 13.6  20 16.0-9.9-9.9
5017219641221 27.3 14.5  3.319900 12.5-99.9-99.9-99.9-9.9 9916.2 72 14.2   9  7.2-9.9-9.9
5017219641222 26.8 14.0  0.619900 12.5-99.9-99.9-99.9-9.9 9915.7 68 13.7  12  9.6-9.9-9.9
5017219641223 29.9 13.6  0.009900 12.5-99.9-99.9-99.9-9.9 9918.2 67 16.0   7  5.6-9.9-9.9
5017219641224 26.8 15.0  4.819900 14.6-99.9-99.9-99.9-9.9 9916.1 72 14.1  12  9.6-9.9-9.9
5017219641225 28.8 11.0  0.009900  8.7-99.9-99.9-99.9-9.9 9912.6 49 10.4  12  9.6-9.9-9.9
5017219641226 29.8 14.4  3.319900 13.8-99.9-99.9-99.9-9.9 9913.3 53 11.2   5  4.0-9.9-9.9
5017219641227 28.0 15.5  0.319910 14.1-99.9-99.9-99.9-9.9 9913.1 55 11.0  17 13.6-9.9-9.9
5017219641228 29.5 10.1  0.009900  5.7-99.9-99.9-99.9-9.9 9910.4 38  7.5  11  8.8-9.9-9.9
5017219641229 33.8 12.4  8.219900  8.8-99.9-99.9-99.9-9.9 9912.2 44  9.9   8  6.4-9.9-9.9
5017219641230 31.0 14.0  0.219900 12.2-99.9-99.9-99.9-9.9 9911.7 42  9.3   9  7.2-9.9-9.9
5017219641231 30.8 12.0  0.009900  8.5-99.9-99.9-99.9-9.9 9910.6 36  7.8   8  6.4-9.9-9.9
5017219650101 34.5 13.4  0.319900  9.4-99.9-99.9-99.9-9.9 9911.6 37  9.2   8  6.4-9.9-9.9
5017219650102 35.3 16.1  0.009900 13.7-99.9-99.9-99.9-9.9 99 9.3 28  5.9  21 16.8-9.9-9.9
5017219650103 29.3 11.4  0.009900  7.1-99.9-99.9-99.9-9.9 99 7.9 29  3.6  14 11.2-9.9-9.9
5017219650104 36.3 11.8  0.009900  7.5-99.9-99.9-99.9-9.9 9911.2 32  8.6  11  8.8-9.9-9.9
5017219650105 34.0 18.0  0.009900 15.0-99.9-99.9-99.9-9.9 9911.1 34  8.5  13 10.4-9.9-9.9
5017219650106 29.4 17.5  0.009900 14.4-99.9-99.9-99.9-9.9 99 5.9 20 -0.5  17 13.6-9.9-9.9
5017219650107 28.3 11.7  0.009900 10.0-99.9-99.9-99.9-9.9 99 5.3 24 -1.9  16 12.8-9.9-9.9
5017219650108 31.8  7.6  0.009900  2.3-99.9-99.9-99.9-9.9 99 8.6 32  4.8   6  4.8-9.9-9.9
5017219650109 38.1 10.1  0.009900  5.5-99.9-99.9-99.9-9.9 99 9.8 30  6.7   2  1.6-9.9-9.9
5017219650110 37.0 18.0  0.009900 13.0-99.9-99.9-99.9-9.9 9912.5 34 10.3   5  4.0-9.9-9.9
5017219650111 32.8 17.8  0.009900 16.4-99.9-99.9-99.9-9.9 9915.5 37 13.5  16 12.8-9.9-9.9
5017219650112 35.3 15.0  0.009900 12.0-99.9-99.9-99.9-9.9 9915.3 41 13.3  12  9.6-9.9-9.9
5017219650113 40.1 16.1  0.119900 13.6-99.9-99.9-99.9-9.9 9916.4 40 14.4  12  9.6-9.9-9.9
5017219650114 32.3 18.2  4.819900 18.7-99.9-99.9-99.9-9.9 9917.0 60 15.0  19 15.2-9.9-9.9
5017219650115 28.8 15.5 15.719900 13.7-99.9-99.9-99.9-9.9 9917.5 72 15.4  20 16.0-9.9-9.9
5017219650116 26.0 14.1  0.419900 13.7-99.9-99.9-99.9-9.9 9915.9 67 13.9   4  3.2-9.9-9.9
5017219650117 30.9 13.4  0.009900 11.8-99.9-99.9-99.9-9.9 9917.6 60 15.5   2  1.6-9.9-9.9
5017219650118 34.2 16.0  0.009900 14.0-99.9-99.9-99.9-9.9 9917.5 51 15.4  11  8.8-9.9-9.9
5017219650119 37.8 17.0  0.009900 16.7-99.9-99.9-99.9-9.9 9916.5 39 14.5   9  7.2-9.9-9.9
5017219650120 35.3 20.7  0.009900 20.3-99.9-99.9-99.9-9.9 9916.5 51 14.5  21 16.8-9.9-9.9
5017219650121 27.8 14.6  0.009900 13.5-99.9-99.9-99.9-9.9 9910.2 38  7.3  16 12.8-9.9-9.9
5017219650122 29.1 16.5  0.009900 13.5-99.9-99.9-99.9-9.9 9916.6 60 14.6  14 11.2-9.9-9.9
5017219650123 35.1 18.0  0.009900 15.7-99.9-99.9-99.9-9.9 9919.8 55 17.3   8  6.4-9.9-9.9
5017219650124 37.3 18.5 13.919900 18.1-99.9-99.9-99.9-9.9 9918.3 49 16.1  14 11.2-9.9-9.9
5017219650125 36.0 19.6  6.919900 18.5-99.9-99.9-99.9-9.9 9917.2 48 15.1  14 11.2-9.9-9.9
5017219650126 34.8 19.0  0.319900 17.7-99.9-99.9-99.9-9.9 9919.1 55 16.8  18 14.4-9.9-9.9
5017219650127 26.5 17.6  4.319900 16.5-99.9-99.9-99.9-9.9 9919.3 76 16.9   6  4.8-9.9-9.9
5017219650128 22.8 16.5  9.219900 15.5-99.9-99.9-99.9-9.9 9919.1 83 16.8  14 11.2-9.9-9.9
5017219650129 29.3 15.0  1.419900 14.5-99.9-99.9-99.9-9.9 9916.0 66 14.0  13 10.4-9.9-9.9
5017219650130 29.1 15.9  0.009900 14.3-99.9-99.9-99.9-9.9 9914.9 56 12.9  16 12.8-9.9-9.9
5017219650131 30.8 13.4  0.009900 12.1-99.9-99.9-99.9-9.9 9914.2 52 12.2  11  8.8-9.9-9.9
5017219650201 30.5 14.0  0.009900 12.1-99.9-99.9-99.9-9.9 9915.3 55 13.3  24 19.2-9.9-9.9
5017219650202 31.1 15.3 19.719910 13.0-99.9-99.9-99.9-9.9 9918.4 68 16.2  11  8.8-9.9-9.9
5017219650203 31.0 14.0  0.009910  8.6-99.9-99.9-99.9-9.9 9916.6 58 14.6  11  8.8-9.9-9.9
5017219650204 26.8 11.0  0.009900-99.9-99.9-99.9-99.9-9.9 9912.6 54 10.4   2  1.6-9.9-9.9
5017219650205 34.8 12.5  2.219900  9.6-99.9-99.9-99.9-9.9 9918.0 55 15.8   3  2.4-9.9-9.9
5017219650206 30.8 14.6  0.009900 13.0-99.9-99.9-99.9-9.9 9916.6 59 14.6  11  8.8-9.9-9.9
5017219650207 29.0 15.4  0.009900 15.1-99.9-99.9-99.9-9.9 9912.0 44  9.7  13 10.4-9.9-9.9
5017219650208 32.6 10.8  0.009900  8.5-99.9-99.9-99.9-9.9 9912.2 42  9.9   6  4.8-9.9-9.9
5017219650209 34.1 15.9  0.009900 12.5-99.9-99.9-99.9-9.9 9915.7 50 13.7   4  3.2-9.9-9.9
5017219650210 34.8 16.0  2.319900 13.5-99.9-99.9-99.9-9.9 9916.5 48 14.5  11  8.8-9.9-9.9
5017219650211 30.5 14.5  0.009900 11.1-99.9-99.9-99.9-9.9 9913.8 50 11.8   9  7.2-9.9-9.9
5017219650212 31.2 13.5  0.009900 11.7-99.9-99.9-99.9-9.9 9913.4 47 11.3  13 10.4-9.9-9.9
5017219650213 26.3  8.5  0.009900  4.0-99.9-99.9-99.9-9.9 99 8.8 39  5.1   4  3.2-9.9-9.9
5017219650214 31.9  9.2  0.009900  5.7-99.9-99.9-99.9-9.9 9911.4 46  8.9   6  4.8-9.9-9.9
5017219650215 33.8 13.0  3.019900  9.0-99.9-99.9-99.9-9.9 9912.0 41  9.7   8  6.4-9.9-9.9
5017219650216 33.8 13.0  0.009900 11.7-99.9-99.9-99.9-9.9 9914.9 53 12.9   3  2.4-9.9-9.9
5017219650217 36.3 17.6  0.009900 14.7-99.9-99.9-99.9-9.9 9914.6 40 12.6   8  6.4-9.9-9.9
5017219650218 39.1 17.8  2.319900 14.3-99.9-99.9-99.9-9.9 9917.5 43 15.4   5  4.0-9.9-9.9
5017219650219 33.3 18.5  0.009900 18.3-99.9-99.9-99.9-9.9 9920.0 66 17.5   3  2.4-9.9-9.9
5017219650220 32.1 18.0  0.319900 14.8-99.9-99.9-99.9-9.9 9915.1 45 13.1  19 15.2-9.9-9.9
5017219650221 34.3 15.7  0.009900 12.5-99.9-99.9-99.9-9.9 9914.9 45 12.9   3  2.4-9.9-9.9
5017219650222 31.3 13.8  0.009900 11.1-99.9-99.9-99.9-9.9 99 9.6 35  6.4  11  8.8-9.9-9.9
5017219650223 34.8 13.0  2.219900  9.8-99.9-99.9-99.9-9.9 9913.9 46 11.9   2  1.6-9.9-9.9
5017219650224 33.8 17.0  0.009900 15.0-99.9-99.9-99.9-9.9 9915.1 45 13.1   8  6.4-9.9-9.9
5017219650225 37.3 19.8  3.219900 16.5-99.9-99.9-99.9-9.9 9919.2 50 16.9   3  2.4-9.9-9.9
5017219650226 31.3 17.0  0.009900 13.2-99.9-99.9-99.9-9.9 9912.7 42 10.5  18 14.4-9.9-9.9
5017219650227 26.1 11.5  0.009900  8.7-99.9-99.9-99.9-9.9 99 9.4 46  6.1   9  7.2-9.9-9.9
5017219650228 25.0  8.0  0.009900  4.5-99.9-99.9-99.9-9.9 99 8.8 43  5.1  19 15.2-9.9-9.9
5017219650301 31.3  7.8  0.009900  4.4-99.9-99.9-99.9-9.9 9910.9 48  8.2   3  2.4-9.9-9.9
5017219650302 26.8 12.0  0.009900 11.5-99.9-99.9-99.9-9.9 99 9.4 42  6.1  14 11.2-9.9-9.9
5017219650303 29.0  8.6  0.009900  5.4-99.9-99.9-99.9-9.9 9912.7 61 10.5   3  2.4-9.9-9.9
5017219650304 32.3 14.5  0.009900 11.5-99.9-99.9-99.9-9.9 9912.5 45 10.3  11  8.8-9.9-9.9
5017219650305 28.3 12.0  0.009900 10.2-99.9-99.9-99.9-9.9 99 8.7 42  5.0   6  4.8-9.9-9.9
5017219650306 35.5  8.5  0.009900  5.4-99.9-99.9-99.9-9.9 9912.3 46 10.0   5  4.0-9.9-9.9
5017219650307 29.8 18.5  0.009900 16.8-99.9-99.9-99.9-9.9 99 8.5 30  4.6  23 18.4-9.9-9.9
5017219650308 30.0  9.0  0.009900  4.3-99.9-99.9-99.9-9.9 9910.3 45  7.4   3  2.4-9.9-9.9
5017219650309 29.3  7.5  0.009900  4.3-99.9-99.9-99.9-9.9 9910.2 49  7.3   8  6.4-9.9-9.9
5017219650310 33.3  9.4  0.009900  5.0-99.9-99.9-99.9-9.9 9911.6 47  9.2   8  6.4-9.9-9.9
5017219650311 34.5  9.0  0.009900 10.5-99.9-99.9-99.9-9.9 9912.4 40 10.1  16 12.8-9.9-9.9
5017219650312 32.8 15.0  0.009900 12.0-99.9-99.9-99.9-9.9 9914.1 49 12.1   3  2.4-9.9-9.9
5017219650313 34.3 13.7  0.009900 10.1-99.9-99.9-99.9-9.9 9911.6 39  9.2   1  0.8-9.9-9.9
5017219650314 32.9 14.7  6.619900 12.5-99.9-99.9-99.9-9.9 9914.4 45 12.4  19 15.2-9.9-9.9
5017219650315 27.3 14.2 47.119900 13.5-99.9-99.9-99.9-9.9 9916.3 93 14.3  21 16.8-9.9-9.9
5017219650316 15.8  8.7 12.619900  9.5-99.9-99.9-99.9-9.9 9910.8 88  8.1  19 15.2-9.9-9.9
5017219650317 19.8  8.6  0.009900  8.5-99.9-99.9-99.9-9.9 9911.1 73  8.5   4  3.2-9.9-9.9
5017219650318 24.1  7.0  0.009900  4.0-99.9-99.9-99.9-9.9 9912.1 68  9.8   8  6.4-9.9-9.9
5017219650319 27.0 10.5  0.009900  7.7-99.9-99.9-99.9-9.9 9913.9 64 11.9   8  6.4-9.9-9.9
5017219650320 23.8 12.8  4.219900 11.5-99.9-99.9-99.9-9.9 9913.0 64 10.9  16 12.8-9.9-9.9
5017219650321 26.1 11.7  0.009900 10.0-99.9-99.9-99.9-9.9 9915.3 71 13.3   3  2.4-9.9-9.9
5017219650322 23.2 11.6  0.009900  9.2-99.9-99.9-99.9-9.9 9915.3 73 13.3   0  0.0-9.9-9.9
5017219650323 27.6 11.6  2.119900  9.0-99.9-99.9-99.9-9.9 9914.1 65 12.1   9  7.2-9.9-9.9
5017219650324 26.9 12.5  0.009900 11.1-99.9-99.9-99.9-9.9 9914.9 72 12.9   1  0.8-9.9-9.9
5017219650325 28.8 11.0  0.009900  8.3-99.9-99.9-99.9-9.9 9914.3 65 12.3   8  6.4-9.9-9.9
5017219650326 29.0 12.0  0.009900  9.0-99.9-99.9-99.9-9.9 9914.4 59 12.4  11  8.8-9.9-9.9
5017219650327 30.3 11.7  0.009900  9.0-99.9-99.9-99.9-9.9 9914.3 60 12.3   6  4.8-9.9-9.9
5017219650328 32.1 12.5  0.009900  9.0-99.9-99.9-99.9-9.9 9913.7 54 11.6   8  6.4-9.9-9.9
5017219650329 30.3 12.3  0.009900  8.2-99.9-99.9-99.9-9.9 9912.5 53 10.3   3  2.4-9.9-9.9
5017219650330 23.6 13.4  0.009900  8.7-99.9-99.9-99.9-9.9 9910.2 45  7.3  19 15.2-9.9-9.9
5017219650331 19.8 11.2  0.009900 10.2-99.9-99.9-99.9-9.9 9911.4 69  8.9   6  4.8-9.9-9.9
5017219650401 28.3  8.0  0.009900  5.1-99.9-99.9-99.9-9.9 9913.6 70 11.5   6  4.8-9.9-9.9
5017219650402 29.5 11.5  8.719900  8.1-99.9-99.9-99.9-9.9 9914.2 60 12.2   2  1.6-9.9-9.9
5017219650403 26.3 11.0  0.009910 10.2-99.9-99.9-99.9-9.9 9912.2 61  9.9   4  3.2-9.9-9.9
5017219650404 32.0 11.8  0.009900  9.4-99.9-99.9-99.9-9.9 9916.1 62 14.1   0  0.0-9.9-9.9
5017219650405 34.4 14.5  0.009900 11.7-99.9-99.9-99.9-9.9 9917.4 59 15.3   9  7.2-9.9-9.9
5017219650406 30.5 16.8  0.009900 14.2-99.9-99.9-99.9-9.9 9915.9 62 13.9  15 12.0-9.9-9.9
5017219650407 23.3 12.5  0.009900 11.7-99.9-99.9-99.9-9.9 99 8.5 50  4.6   3  2.4-9.9-9.9
5017219650408 23.0  4.5  0.009900  1.6-99.9-99.9-99.9-9.9 99 9.3 61  5.9   3  2.4-9.9-9.9
5017219650409 30.1  9.3  1.019900  6.2-99.9-99.9-99.9-9.9 9910.8 43  8.1  13 10.4-9.9-9.9
5017219650410 21.3 11.0  4.319900-99.9-99.9-99.9-99.9-9.9 9912.9 91 10.7   3  2.4-9.9-9.9
5017219650411 16.8  9.0  1.119900  7.0-99.9-99.9-99.9-9.9 9911.3 77  8.8  13 10.4-9.9-9.9
5017219650412 13.8  7.5  6.419900  8.5-99.9-99.9-99.9-9.9 99 9.9 85  6.8  19 15.2-9.9-9.9
5017219650413 12.0  8.4  0.419900  9.2-99.9-99.9-99.9-9.9 9912.3 97 10.0   6  4.8-9.9-9.9
5017219650414 22.8  9.0  0.009900  9.0-99.9-99.9-99.9-9.9 9912.4 74 10.1  11  8.8-9.9-9.9
5017219650415 18.8  7.1  0.009900  5.6-99.9-99.9-99.9-9.9 99 9.4 70  6.1   3  2.4-9.9-9.9
5017219650416 24.3  4.1  0.009900  1.5-99.9-99.9-99.9-9.9 99 9.5 60  6.2   3  2.4-9.9-9.9
5017219650417 19.0  2.7  0.009900 -1.5-99.9-99.9-99.9-9.9 99 7.4 65  2.7   0  0.0-9.9-9.9
5017219650418 22.8 -0.2  0.009900 -3.8-99.9-99.9-99.9-9.9 99 8.0 66  3.8   3  2.4-9.9-9.9
5017219650419 22.6  3.0  0.009900 -0.7-99.9-99.9-99.9-9.9 99 8.9 67  5.3   1  0.8-9.9-9.9
5017219650420 24.3  2.5  0.009900 -1.5-99.9-99.9-99.9-9.9 99 9.2 67  5.8   3  2.4-9.9-9.9
5017219650421 28.5  4.5  0.009900 -0.6-99.9-99.9-99.9-9.9 9910.3 57  7.4   5  4.0-9.9-9.9
5017219650422 26.6 11.2  0.009900  5.2-99.9-99.9-99.9-9.9 9911.8 59  9.4   5  4.0-9.9-9.9
5017219650423 21.1 12.9  0.009900 10.3-99.9-99.9-99.9-9.9 99 9.7 58  6.5  19 15.2-9.9-9.9
5017219650424 21.1  3.5  0.009900 -0.7-99.9-99.9-99.9-9.9 99 9.9 70  6.8   3  2.4-9.9-9.9
5017219650425 18.3  5.5  0.009900  2.2-99.9-99.9-99.9-9.9 99 7.4 59  2.7  18 14.4-9.9-9.9
5017219650426 21.8 -0.4  0.009900 -5.5-99.9-99.9-99.9-9.9 99 6.4 53  0.6   3  2.4-9.9-9.9
5017219650427 15.3  1.5  0.009900 -3.6-99.9-99.9-99.9-9.9 99 7.4 67  2.7   0  0.0-9.9-9.9
5017219650428 24.2  0.3  0.009900 -4.2-99.9-99.9-99.9-9.9 99 7.6 59  3.0   3  2.4-9.9-9.9
5017219650429 26.3  6.0  0.009900 -1.2-99.9-99.9-99.9-9.9 99 8.7 44  5.0  28 22.4-9.9-9.9
5017219650430 23.8  7.0  0.009900  2.5-99.9-99.9-99.9-9.9 99 7.9 49  3.6  14 11.2-9.9-9.9
5017219650501 21.3  3.2  0.009900 -1.0-99.9-99.9-99.9-9.9 99 8.0 61  3.8   8  6.4-9.9-9.9
5017219650502 23.3  1.6  0.009900 -3.0-99.9-99.9-99.9-9.9 99 8.7 66  5.0   5  4.0-9.9-9.9
5017219650503 25.1  4.1  0.009900 -0.5-99.9-99.9-99.9-9.9 9910.2 65  7.3   1  0.8-9.9-9.9
5017219650504 21.5  7.3  0.009900  2.0-99.9-99.9-99.9-9.9 99 6.6 44  1.1  11  8.8-9.9-9.9
5017219650505 22.8  1.5  0.009900 -3.7-99.9-99.9-99.9-9.9 99 7.1 63  2.1   3  2.4-9.9-9.9
5017219650506 19.0  1.4  0.009900 -3.8-99.9-99.9-99.9-9.9 99 6.0 54 -0.2   5  4.0-9.9-9.9
5017219650507 19.8  1.0  0.009900 -3.5-99.9-99.9-99.9-9.9 99 5.9 55 -0.5   3  2.4-9.9-9.9
5017219650508 24.5  1.6  0.009900 -3.0-99.9-99.9-99.9-9.9 99 6.5 47  0.9  11  8.8-9.9-9.9
5017219650509 24.2  3.7  0.009900 -2.8-99.9-99.9-99.9-9.9 99 5.6 37 -1.2   6  4.8-9.9-9.9
5017219650510 23.5  0.3  0.009900 -5.0-99.9-99.9-99.9-9.9 99 5.7 49 -1.0   3  2.4-9.9-9.9
5017219650511 19.8  3.0  0.009900 -1.8-99.9-99.9-99.9-9.9 99 8.8 64  5.1   5  4.0-9.9-9.9
5017219650512 20.3  6.0  0.009900  0.3-99.9-99.9-99.9-9.9 99 8.8 65  5.1   8  6.4-9.9-9.9
5017219650513 17.8  4.1  0.009900 -1.4-99.9-99.9-99.9-9.9 99 7.8 61  3.4   8  6.4-9.9-9.9
5017219650514 15.8  0.8  0.619900 -6.3-99.9-99.9-99.9-9.9 99 5.8 60 -0.7   6  4.8-9.9-9.9
5017219650515  6.3  2.1  5.519900  0.3-99.9-99.9-99.9-9.9 99 7.5 92  2.9   6  4.8-9.9-9.9
5017219650516  8.6  2.0  0.819900  1.5-99.9-99.9-99.9-9.9 99 6.8 81  1.5  16 12.8-9.9-9.9
5017219650517  6.4  2.7  0.719900  3.7-99.9-99.9-99.9-9.9 99 8.1 95  3.9   3  2.4-9.9-9.9
5017219650518 10.4  2.8  0.009900  1.0-99.9-99.9-99.9-9.9 99 8.5 83  4.6   0  0.0-9.9-9.9
5017219650519  8.0  3.4  0.009900  5.3-99.9-99.9-99.9-9.9 99 8.0 89  3.8   8  6.4-9.9-9.9
5017219650520 12.7 -3.4  0.009900 -7.0-99.9-99.9-99.9-9.9 99 5.7 72 -1.0   1  0.8-9.9-9.9
5017219650521 13.0 -2.4  0.009900 -5.8-99.9-99.9-99.9-9.9 99 5.9 68 -0.5   5  4.0-9.9-9.9
5017219650522 16.0  2.0  0.009900 -1.0-99.9-99.9-99.9-9.9 99 7.5 64  2.9  11  8.8-9.9-9.9
5017219650523 22.5  1.8  0.009900 -3.5-99.9-99.9-99.9-9.9 99 8.0 59  3.8   4  3.2-9.9-9.9
5017219650524 23.5  5.0  0.009900  0.0-99.9-99.9-99.9-9.9 99 9.5 60  6.2  11  8.8-9.9-9.9
5017219650525 20.2  3.4  0.009900 -0.7-99.9-99.9-99.9-9.9 99 9.7 69  6.5   9  7.2-9.9-9.9
5017219650526 17.8  2.2  0.009900 -1.7-99.9-99.9-99.9-9.9 99 8.3 67  4.3  10  8.0-9.9-9.9
5017219650527 22.3  2.0  0.009900 -2.0-99.9-99.9-99.9-9.9 9910.8 66  8.1  17 13.6-9.9-9.9
5017219650528 27.8 11.2  0.009900  7.2-99.9-99.9-99.9-9.9 9913.1 64 11.0  19 15.2-9.9-9.9
5017219650529 20.5  6.9  0.009900  0.8-99.9-99.9-99.9-9.9 9910.5 69  7.7  15 12.0-9.9-9.9
5017219650530 15.8  5.5  0.009900  1.5-99.9-99.9-99.9-9.9 99 8.7 75  5.0   3  2.4-9.9-9.9
5017219650531 19.6  3.2  0.009900 -1.3-99.9-99.9-99.9-9.9 99 9.3 72  5.9   0  0.0-9.9-9.9
5017219650601 12.8  2.8  9.919900  0.0-99.9-99.9-99.9-9.9 99 9.1 96  5.6  11  8.8-9.9-9.9
5017219650602  9.0  5.5  0.419900  6.0-99.9-99.9-99.9-9.9 99 9.9 96  6.8   0  0.0-9.9-9.9
5017219650603 18.1  1.7  0.009900 -1.5-99.9-99.9-99.9-9.9 9910.3 84  7.4   6  4.8-9.9-9.9
5017219650604 19.1  1.1  0.009900 -1.5-99.9-99.9-99.9-9.9 9910.8 83  8.1   3  2.4-9.9-9.9
5017219650605 16.3  5.0  2.419900  1.0-99.9-99.9-99.9-9.9 9912.0 89  9.7   6  4.8-9.9-9.9
5017219650606 17.1  9.5  0.009900  8.7-99.9-99.9-99.9-9.9 9913.0 92 10.9   0  0.0-9.9-9.9
5017219650607 20.3  4.5  0.009900 -1.0-99.9-99.9-99.9-9.9 9912.0 83  9.7   5  4.0-9.9-9.9
5017219650608 18.8  4.7  0.009900  0.1-99.9-99.9-99.9-9.9 9911.6 83  9.2   6  4.8-9.9-9.9
5017219650609 19.6  4.5  0.009900  0.4-99.9-99.9-99.9-9.9 9910.4 76  7.5   3  2.4-9.9-9.9
5017219650610 20.5  3.6  0.009900 -1.2-99.9-99.9-99.9-9.9 99 9.2 67  5.8   8  6.4-9.9-9.9
5017219650611 18.6  6.0  0.009900 -0.4-99.9-99.9-99.9-9.9 99 9.3 69  5.9   8  6.4-9.9-9.9
5017219650612 19.0  9.0  0.009900  5.1-99.9-99.9-99.9-9.9 9910.3 72  7.4  16 12.8-9.9-9.9
5017219650613 18.8  4.9  0.009900 -0.3-99.9-99.9-99.9-9.9 99 9.8 72  6.7  15 12.0-9.9-9.9
5017219650614 19.3  6.0  0.009900  1.8-99.9-99.9-99.9-9.9 9910.0 70  7.0   5  4.0-9.9-9.9
5017219650615 20.0  4.0  0.009900 -0.5-99.9-99.9-99.9-9.9 9910.0 71  7.0   6  4.8-9.9-9.9
5017219650616 21.5  5.5  0.009900 -0.5-99.9-99.9-99.9-9.9 9910.7 71  8.0   8  6.4-9.9-9.9
5017219650617 17.8  4.0  0.009900  1.1-99.9-99.9-99.9-9.9 99 9.9 81  6.8   9  7.2-9.9-9.9
5017219650618 19.3  4.3  0.009900  0.1-99.9-99.9-99.9-9.9 9911.4 83  8.9   9  7.2-9.9-9.9
5017219650619 18.3  5.7  0.009900  4.2-99.9-99.9-99.9-9.9 9912.9 90 10.7   4  3.2-9.9-9.9
5017219650620 22.3  6.5  0.009900  3.4-99.9-99.9-99.9-9.9 9913.6 85 11.5   3  2.4-9.9-9.9
5017219650621 20.0  4.8  0.009900  1.5-99.9-99.9-99.9-9.9 99 9.7 73  6.5   0  0.0-9.9-9.9
5017219650622 21.8  4.0  0.009900 -0.8-99.9-99.9-99.9-9.9 9910.4 70  7.5   3  2.4-9.9-9.9
5017219650623 21.6  4.0  0.009900 -0.5-99.9-99.9-99.9-9.9 9910.6 71  7.8  14 11.2-9.9-9.9
5017219650624 22.0  4.2  0.009900 -0.4-99.9-99.9-99.9-9.9 99 9.8 71  6.7   8  6.4-9.9-9.9
5017219650625 13.8  4.5  0.219900 -0.5-99.9-99.9-99.9-9.9 9913.1 98 11.0   4  3.2-9.9-9.9
5017219650626 14.6  9.8  0.009900 10.2-99.9-99.9-99.9-9.9 9911.1 77  8.5  13 10.4-9.9-9.9
5017219650627 15.0 10.5  0.009900  9.9-99.9-99.9-99.9-9.9 99 9.9 69  6.8   5  4.0-9.9-9.9
5017219650628 15.5  0.9  0.009900 -2.0-99.9-99.9-99.9-9.9 99 7.8 75  3.4   3  2.4-9.9-9.9
5017219650629 19.8  1.7  0.009900 -2.7-99.9-99.9-99.9-9.9 99 9.8 75  6.7   3  2.4-9.9-9.9
5017219650630 13.6  1.6  0.009900 -2.4-99.9-99.9-99.9-9.9 99 7.2 70  2.3   8  6.4-9.9-9.9
5017219650701 16.5 -2.8  0.009900 -7.0-99.9-99.9-99.9-9.9 99 7.0 68  1.9   6  4.8-9.9-9.9
5017219650702 19.5 -3.5  0.009900 -2.0-99.9-99.9-99.9-9.9 99 7.6 61  3.0   8  6.4-9.9-9.9
5017219650703 10.0  0.2  0.009900 -5.7-99.9-99.9-99.9-9.9 99 6.0 76 -0.2   8  6.4-9.9-9.9
5017219650704 10.3 -5.3  0.009900-10.3-99.9-99.9-99.9-9.9 99-9.9-99-99.9 -99-99.9-9.9-9.9
5017219650705 13.8 -7.0  0.009900-11.5-99.9-99.9-99.9-9.9 99 5.9 70 -0.5   3  2.4-9.9-9.9
5017219650706 14.8 -2.6  0.009900 -7.2-99.9-99.9-99.9-9.9 99 6.3 66  0.4  16 12.8-9.9-9.9
5017219650707 16.8 -4.6  0.009900 -8.7-99.9-99.9-99.9-9.9 99 5.8 64 -0.7   3  2.4-9.9-9.9
5017219650708 14.0 -4.0  0.009900 -8.0-99.9-99.9-99.9-9.9 99 6.2 69  0.2   6  4.8-9.9-9.9
5017219650709  8.8 -1.4  0.009900  0.5-99.9-99.9-99.9-9.9 99 5.0 76 -2.7 -99-99.9-9.9-9.9
5017219650710 12.0 -5.1  0.009900-11.1-99.9-99.9-99.9-9.9 99 5.6 71 -1.2  11  8.8-9.9-9.9
5017219650711 13.6 -1.0  0.009900 -5.5-99.9-99.9-99.9-9.9 99 5.8 64 -0.7  26 20.8-9.9-9.9
5017219650712 11.0  1.5  0.119900 -3.7-99.9-99.9-99.9-9.9 99 6.1 64  0.0   3  2.4-9.9-9.9
5017219650713 10.0  3.0  0.009900 -0.5-99.9-99.9-99.9-9.9 99 7.0 76  1.9  16 12.8-9.9-9.9
5017219650714  9.5  1.0  0.009900 -3.0-99.9-99.9-99.9-9.9 99 6.0 74 -0.2  13 10.4-9.9-9.9
5017219650715  8.3 -0.6  0.009900 -3.8-99.9-99.9-99.9-9.9 99 5.8 75 -0.7 -99-99.9-9.9-9.9
5017219650716 11.2  0.5  0.009900 -2.9-99.9-99.9-99.9-9.9 99 6.3 71  0.4   8  6.4-9.9-9.9
5017219650717 11.6 -5.0  0.009900 -7.5-99.9-99.9-99.9-9.9 99 5.2 73 -2.2   8  6.4-9.9-9.9
5017219650718  9.8 -2.8  0.009900 -6.7-99.9-99.9-99.9-9.9 99 5.6 71 -1.2 -99-99.9-9.9-9.9
5017219650719 16.0 -3.4  0.009900 -8.3-99.9-99.9-99.9-9.9 99 6.1 66  0.0   3  2.4-9.9-9.9
5017219650720 18.8 -2.3  0.009900 -6.8-99.9-99.9-99.9-9.9 99 6.1 54  0.0  14 11.2-9.9-9.9
5017219650721 18.3  1.5  0.009900 -2.8-99.9-99.9-99.9-9.9 99 6.5 53  0.9   9  7.2-9.9-9.9
5017219650722 20.1  0.3  0.009900 -4.3-99.9-99.9-99.9-9.9 99 7.2 59  2.3   3  2.4-9.9-9.9
5017219650723 18.5  1.5  0.009900 -2.9-99.9-99.9-99.9-9.9 99 7.8 64  3.4  14 11.2-9.9-9.9
5017219650724 17.3  3.9  0.009900  1.0-99.9-99.9-99.9-9.9 99 7.7 64  3.2  11  8.8-9.9-9.9
5017219650725 16.5  1.0  0.009900 -2.2-99.9-99.9-99.9-9.9 99 7.0 68  1.9   9  7.2-9.9-9.9
5017219650726 18.1 -1.7  0.009900 -6.2-99.9-99.9-99.9-9.9 99 7.4 67  2.7   3  2.4-9.9-9.9
5017219650727 17.3 -1.6  0.009900 -6.0-99.9-99.9-99.9-9.9 99 7.5 72  2.9   3  2.4-9.9-9.9
5017219650728 21.3 -1.1  0.009900 -5.6-99.9-99.9-99.9-9.9 99 9.2 70  5.8   5  4.0-9.9-9.9
5017219650729 22.6  6.1  0.009900  3.0-99.9-99.9-99.9-9.9 9911.2 66  8.6  11  8.8-9.9-9.9
5017219650730 24.3 11.4  0.009900  9.5-99.9-99.9-99.9-9.9 9911.4 63  8.9  33 26.4-9.9-9.9
5017219650731 18.1  4.3  0.009900 -0.3-99.9-99.9-99.9-9.9 99 7.3 58  2.5   3  2.4-9.9-9.9
5017219650801 15.5 -2.0  0.009900 -5.0-99.9-99.9-99.9-9.9 99 6.7 67  1.3   8  6.4-9.9-9.9
5017219650802 17.1 -2.6  0.009900 -5.8-99.9-99.9-99.9-9.9 99 6.4 62  0.6   5  4.0-9.9-9.9
5017219650803 22.1  5.5  0.009900 -2.8-99.9-99.9-99.9-9.9 99 7.6 48  3.0  13 10.4-9.9-9.9
5017219650804 21.0 -2.1  0.009900 -6.0-99.9-99.9-99.9-9.9 99 5.4 43 -1.7   8  6.4-9.9-9.9
5017219650805 23.6  0.5  0.009900 -3.1-99.9-99.9-99.9-9.9 99 6.3 47  0.4   6  4.8-9.9-9.9
5017219650806 24.6  3.5  0.009900 -0.6-99.9-99.9-99.9-9.9 99 6.6 41  1.1  13 10.4-9.9-9.9
5017219650807 22.3  5.5  0.009900  1.7-99.9-99.9-99.9-9.9 99 9.0 56  5.4   3  2.4-9.9-9.9
5017219650808 24.3  7.5  0.009900  5.0-99.9-99.9-99.9-9.9 99 9.4 49  6.1  21 16.8-9.9-9.9
5017219650809 24.0  8.1  0.009900  5.7-99.9-99.9-99.9-9.9 9911.6 66  9.2   3  2.4-9.9-9.9
5017219650810 22.3  9.4  0.009900  6.8-99.9-99.9-99.9-9.9 99 8.7 51  5.0  19 15.2-9.9-9.9
5017219650811 19.8  9.8  0.009900  8.3-99.9-99.9-99.9-9.9 99 5.7 40 -1.0  24 19.2-9.9-9.9
5017219650812 17.3  2.0  1.719900 -3.0-99.9-99.9-99.9-9.9 99 4.6 40 -3.8   0  0.0-9.9-9.9
5017219650813 18.0  6.0  0.219900  5.4-99.9-99.9-99.9-9.9 99 8.1 60  3.9   6  4.8-9.9-9.9
5017219650814 16.8  1.5  0.009900 -2.5-99.9-99.9-99.9-9.9 99 6.6 54  1.1   9  7.2-9.9-9.9
5017219650815 16.3  6.4  0.009900  3.4-99.9-99.9-99.9-9.9 99 8.1 60  3.9   6  4.8-9.9-9.9
5017219650816 17.8  0.2  0.009900 -4.0-99.9-99.9-99.9-9.9 9912.8 57 10.6   3  2.4-9.9-9.9
5017219650817 11.8  3.0  0.009900  0.0-99.9-99.9-99.9-9.9 99 5.9 63 -0.5   8  6.4-9.9-9.9
5017219650818 12.6  0.1  0.009900 -3.7-99.9-99.9-99.9-9.9 99 3.6 37 -7.1  11  8.8-9.9-9.9
5017219650819 16.3 -5.5  0.009900-10.6-99.9-99.9-99.9-9.9 99 3.8 31 -6.4  11  8.8-9.9-9.9
5017219650820 20.3  2.5  0.009900 -2.4-99.9-99.9-99.9-9.9 99 5.9 41 -0.5  19 15.2-9.9-9.9
5017219650821 22.5  6.4  0.009900  4.0-99.9-99.9-99.9-9.9 99 6.8 43  1.5  16 12.8-9.9-9.9
5017219650822 16.5  4.5  0.009900 -1.2-99.9-99.9-99.9-9.9 99 5.9 40 -0.5  22 17.6-9.9-9.9
5017219650823 16.3 -1.6  0.009900 -6.8-99.9-99.9-99.9-9.9 99 5.0 50 -2.7   6  4.8-9.9-9.9
5017219650824 14.6 -0.6  0.009900 -5.4-99.9-99.9-99.9-9.9 99 5.2 49 -2.2  13 10.4-9.9-9.9
5017219650825 11.8 -0.4  0.009900 -4.7-99.9-99.9-99.9-9.9 99 6.5 70  0.9   3  2.4-9.9-9.9
5017219650826 15.4  3.1  0.009900 -2.5-99.9-99.9-99.9-9.9 99 5.7 53 -1.0   3  2.4-9.9-9.9
5017219650827 13.5 -5.0  1.119900 -8.5-99.9-99.9-99.9-9.9 99 4.8 49 -3.3   9  7.2-9.9-9.9
5017219650828 10.3 -1.0  2.019900 -4.3-99.9-99.9-99.9-9.9 99 7.0 82  1.9   1  0.8-9.9-9.9
5017219650829 18.6 -2.2  0.009900 -7.0-99.9-99.9-99.9-9.9 99 6.0 59 -0.2   5  4.0-9.9-9.9
5017219650830 20.8 -1.0  0.009900 -6.2-99.9-99.9-99.9-9.9 99 5.4 45 -1.7   8  6.4-9.9-9.9
5017219650831 21.8  2.5  0.009900 -2.3-99.9-99.9-99.9-9.9 99 6.0 46 -0.2   3  2.4-9.9-9.9
5017219650901 25.5  1.1  0.009900 -6.0-99.9-99.9-99.9-9.9 99 3.5 26 -7.4  11  8.8-9.9-9.9
5017219650902 17.5  2.0  0.009900 -1.8-99.9-99.9-99.9-9.9 99 4.4 46 -4.4  26 20.8-9.9-9.9
5017219650903 16.7 -3.5  0.219900 -7.3-99.9-99.9-99.9-9.9 99 3.7 43 -6.7  17 13.6-9.9-9.9
5017219650904 13.3  2.0  0.009900  1.3-99.9-99.9-99.9-9.9 99 5.0 48 -2.7  16 12.8-9.9-9.9
5017219650905 15.7  0.0  0.009900 -5.7-99.9-99.9-99.9-9.9 99 4.5 44 -4.1  12  9.6-9.9-9.9
5017219650906 17.5 -2.6  0.009900 -7.3-99.9-99.9-99.9-9.9 99 4.6 44 -3.8  16 12.8-9.9-9.9
5017219650907 19.0 -1.3  0.009900 -3.3-99.9-99.9-99.9-9.9 99 6.0 49 -0.2  11  8.8-9.9-9.9
5017219650908 11.6  5.2  0.219900  3.7-99.9-99.9-99.9-9.9 99 7.4 67  2.7   8  6.4-9.9-9.9
5017219650909 22.5  1.6  0.009900 -5.0-99.9-99.9-99.9-9.9 99 6.3 47  0.4   8  6.4-9.9-9.9
5017219650910 18.7  5.4  0.009900 -1.8-99.9-99.9-99.9-9.9 99 3.8 28 -6.4  21 16.8-9.9-9.9
5017219650911 18.0 -1.4  0.009900 -7.0-99.9-99.9-99.9-9.9 99 3.1 27 -9.0   8  6.4-9.9-9.9
5017219650912 26.0  1.0  0.009900 -2.8-99.9-99.9-99.9-9.9 99 5.7 32 -1.0  21 16.8-9.9-9.9
5017219650913 18.6  5.6  0.009900  4.4-99.9-99.9-99.9-9.9 99 2.1 17-13.8  26 20.8-9.9-9.9
5017219650914 19.2 -3.5  0.009900 -8.4-99.9-99.9-99.9-9.9 99 3.6 33 -7.1   4  3.2-9.9-9.9
5017219650915 23.5  4.0  0.009900  0.8-99.9-99.9-99.9-9.9 99 3.7 24 -6.7  14 11.2-9.9-9.9
5017219650916 14.5  5.8  0.119900  5.5-99.9-99.9-99.9-9.9 99 4.3 51 -4.7  35 28.0-9.9-9.9
5017219650917  8.8  5.7  5.219900  4.2-99.9-99.9-99.9-9.9 99 8.4 81  4.5   2  1.6-9.9-9.9
5017219650918 18.5  6.0  0.009900  5.8-99.9-99.9-99.9-9.9 99 9.4 69  6.1  12  9.6-9.9-9.9
5017219650919 27.5  4.0  0.009900  0.5-99.9-99.9-99.9-9.9 99 6.8 42  1.5  14 11.2-9.9-9.9
5017219650920 31.3 10.2  0.009900  4.9-99.9-99.9-99.9-9.9 99 6.5 34  0.9  22 17.6-9.9-9.9
5017219650921 31.0  8.0  0.009900  1.8-99.9-99.9-99.9-9.9 99 6.9 33  1.7   4  3.2-9.9-9.9
5017219650922 27.7  8.5  0.009900  2.5-99.9-99.9-99.9-9.9 99 4.3 21 -4.7  24 19.2-9.9-9.9
5017219650923 29.0  6.2  0.009900  2.6-99.9-99.9-99.9-9.9 99 5.4 23 -1.7  23 18.4-9.9-9.9
5017219650924 19.0  9.0  0.009900  5.2-99.9-99.9-99.9-9.9 99 6.6 45  1.1   8  6.4-9.9-9.9
5017219650925 25.0  3.0  0.009900 -2.4-99.9-99.9-99.9-9.9 99 4.1 26 -5.4   6  4.8-9.9-9.9
5017219650926 27.5  2.5  0.009900 -2.6-99.9-99.9-99.9-9.9 99 4.1 27 -5.4   8  6.4-9.9-9.9
5017219650927 30.7  6.8  0.009900  0.0-99.9-99.9-99.9-9.9 99 4.5 32 -4.1   6  4.8-9.9-9.9
5017219650928 22.0  9.6  0.009900  8.1-99.9-99.9-99.9-9.9 99 3.2 31 -8.6  27 21.6-9.9-9.9
5017219650929 22.0  3.0  0.009900 -3.0-99.9-99.9-99.9-9.9 99 5.4 38 -1.7  11  8.8-9.9-9.9
5017219650930 26.5  1.6  0.009900 -3.5-99.9-99.9-99.9-9.9 99 3.1 21 -9.0  11  8.8-9.9-9.9
5017219651001 23.5  4.0  0.009900 -1.3-99.9-99.9-99.9-9.9 99 3.4 34 -7.8   2  1.6-9.9-9.9
5017219651002 29.5  5.5  0.009900 -1.8-99.9-99.9-99.9-9.9 99 3.7 20 -6.7  12  9.6-9.9-9.9
5017219651003 29.5  5.5  0.009900  1.7-99.9-99.9-99.9-9.9 99 5.1 23 -2.5   6  4.8-9.9-9.9
5017219651004 29.7  5.9  0.009900  0.8-99.9-99.9-99.9-9.9 99 4.8 23 -3.3  11  8.8-9.9-9.9
5017219651005 23.2 10.5  0.819900 11.6-99.9-99.9-99.9-9.9 99 6.1 34  0.0  22 17.6-9.9-9.9
5017219651006 24.2 10.1  0.009900  7.5-99.9-99.9-99.9-9.9 99 8.9 48  5.3  11  8.8-9.9-9.9
5017219651007 29.0  7.5  0.009900-99.9-99.9-99.9-99.9-9.9 99 8.8 41  5.1   3  2.4-9.9-9.9
5017219651008 32.8 10.6  0.319900  7.5-99.9-99.9-99.9-9.9 99 7.2 35  2.3  28 22.4-9.9-9.9
5017219651009 14.5  2.0  0.009900  3.3-99.9-99.9-99.9-9.9 99 6.0 62 -0.2  11  8.8-9.9-9.9
5017219651010 20.0 -1.6  0.009900 -6.2-99.9-99.9-99.9-9.9 99 5.2 39 -2.2   9  7.2-9.9-9.9
5017219651011 25.5  1.2  0.009900 -3.1-99.9-99.9-99.9-9.9 99 5.7 32 -1.0  11  8.8-9.9-9.9
5017219651012 28.0  6.6  0.009900  1.0-99.9-99.9-99.9-9.9 99 6.2 27  0.2  21 16.8-9.9-9.9
5017219651013 27.0  9.7  0.009900  8.1-99.9-99.9-99.9-9.9 99 6.9 33  1.7  12  9.6-9.9-9.9
5017219651014 32.0  6.5  0.009900  1.7-99.9-99.9-99.9-9.9 99 8.9 37  5.3   3  2.4-9.9-9.9
5017219651015 37.0 10.0  0.009900  5.1-99.9-99.9-99.9-9.9 9910.7 33  8.0   3  2.4-9.9-9.9
5017219651016 34.3 17.5  0.009900 14.2-99.9-99.9-99.9-9.9 99 6.2 17  0.2  24 19.2-9.9-9.9
5017219651017 25.5 12.5  0.009900 10.5-99.9-99.9-99.9-9.9 99 6.8 32  1.5  17 13.6-9.9-9.9
5017219651018 27.7  5.5  0.009900  1.3-99.9-99.9-99.9-9.9 99 6.3 31  0.4   1  0.8-9.9-9.9
5017219651019 25.0  2.3  0.009900 -2.5-99.9-99.9-99.9-9.9 99 6.3 38  0.4  11  8.8-9.9-9.9
5017219651020 21.5  9.5  0.009900  7.4-99.9-99.9-99.9-9.9 99 6.6 34  1.1  34 27.2-9.9-9.9
5017219651021 20.0  8.0  0.009900  5.4-99.9-99.9-99.9-9.9 9911.0 67  8.4  16 12.8-9.9-9.9
5017219651022 24.5 11.5  2.419900  8.7-99.9-99.9-99.9-9.9 9911.1 55  8.5  14 11.2-9.9-9.9
5017219651023 24.0 12.1  0.619900 11.4-99.9-99.9-99.9-9.9 9911.5 63  9.0  16 12.8-9.9-9.9
5017219651024 29.0  6.4  0.009900  1.6-99.9-99.9-99.9-9.9 99 8.3 42  4.3  13 10.4-9.9-9.9
5017219651025 31.5  9.5  0.009900  6.0-99.9-99.9-99.9-9.9 99 8.7 33  5.0   9  7.2-9.9-9.9
5017219651026 28.8 13.5  0.009900  8.4-99.9-99.9-99.9-9.9 99 5.9 24 -0.5  21 16.8-9.9-9.9
5017219651027 22.5 10.2  0.009900  9.4-99.9-99.9-99.9-9.9 99 5.1 31 -2.5   9  7.2-9.9-9.9
5017219651028 29.3  6.3  0.009900  0.9-99.9-99.9-99.9-9.9 99 5.6 26 -1.2   2  1.6-9.9-9.9
5017219651029 29.5  7.5  0.009900  2.2-99.9-99.9-99.9-9.9 99 5.4 22 -1.7   8  6.4-9.9-9.9
5017219651030 32.1  7.0  0.009900  3.0-99.9-99.9-99.9-9.9 99 8.1 33  3.9  11  8.8-9.9-9.9
5017219651031 32.3 14.0  0.009900  9.5-99.9-99.9-99.9-9.9 9910.3 32  7.4   6  4.8-9.9-9.9
5017219651101 33.4 14.8 11.119910 10.4-99.9-99.9-99.9-9.9 9911.6 37  9.2  17 13.6-9.9-9.9
5017219651102 23.4 12.5  0.009900 11.2-99.9-99.9-99.9-9.9 99 9.7 51  6.5  16 12.8-9.9-9.9
5017219651103 20.0  8.1  0.009900  4.5-99.9-99.9-99.9-9.9 99 6.8 41  1.5  26 20.8-9.9-9.9
5017219651104 20.0  4.7  0.009900  2.4-99.9-99.9-99.9-9.9 9910.5 64  7.7  19 15.2-9.9-9.9
5017219651105 27.5  8.6  0.009900  6.2-99.9-99.9-99.9-9.9 9912.3 60 10.0  16 12.8-9.9-9.9
5017219651106 28.2 11.0  1.019900  8.2-99.9-99.9-99.9-9.9 9913.2 59 11.1  19 15.2-9.9-9.9
5017219651107 28.5 12.1  0.009900 12.1-99.9-99.9-99.9-9.9 9915.9 62 13.9   8  6.4-9.9-9.9
5017219651108 28.3 14.0  0.009900 12.0-99.9-99.9-99.9-9.9 9917.9 70 15.8  11  8.8-9.9-9.9
5017219651109 28.0 16.5  0.009900 14.6-99.9-99.9-99.9-9.9 9916.3 62 14.3  29 23.2-9.9-9.9
5017219651110 26.8 10.2  0.009900  5.5-99.9-99.9-99.9-9.9 99 8.4 36  4.5  16 12.8-9.9-9.9
5017219651111 19.9 12.4  1.019900 13.5-99.9-99.9-99.9-9.9 9912.2 76  9.9  16 12.8-9.9-9.9
5017219651112 23.5 10.0  0.009900  7.6-99.9-99.9-99.9-9.9 99 9.5 54  6.2  13 10.4-9.9-9.9
5017219651113 26.4  6.0  0.009900  2.5-99.9-99.9-99.9-9.9 9910.5 52  7.7  13 10.4-9.9-9.9
5017219651114 31.5 10.0  0.009900  6.1-99.9-99.9-99.9-9.9 9912.1 43  9.8   8  6.4-9.9-9.9
5017219651115 35.7 13.5  0.009900  9.0-99.9-99.9-99.9-9.9 99 9.6 29  6.4   6  4.8-9.9-9.9
5017219651116 37.2 15.0  0.009900 10.7-99.9-99.9-99.9-9.9 9911.6 34  9.2   5  4.0-9.9-9.9
5017219651117 36.3 18.1  0.009900 14.0-99.9-99.9-99.9-9.9 9910.8 29  8.1   6  4.8-9.9-9.9
5017219651118 39.0 17.1  0.009900 14.2-99.9-99.9-99.9-9.9 9912.1 31  9.8   5  4.0-9.9-9.9
5017219651119 30.5 21.1  0.119900 17.7-99.9-99.9-99.9-9.9 9911.5 38  9.0  16 12.8-9.9-9.9
5017219651120 36.0 14.8  0.009900 11.0-99.9-99.9-99.9-9.9 9912.6 33 10.4  16 12.8-9.9-9.9
5017219651121 35.5 18.4  0.219900 17.2-99.9-99.9-99.9-9.9 9920.0 55 17.5  13 10.4-9.9-9.9
5017219651122 32.0 17.6  0.009900-99.9-99.9-99.9-99.9-9.9 99 9.6 31  6.4  27 21.6-9.9-9.9
5017219651123 25.0 11.8  0.009900 10.8-99.9-99.9-99.9-9.9 99 5.9 30 -0.5  23 18.4-9.9-9.9
5017219651124 32.5  7.0  0.009900  2.1-99.9-99.9-99.9-9.9 99 7.5 31  2.9   9  7.2-9.9-9.9
5017219651125 33.5 15.6  0.009900 12.8-99.9-99.9-99.9-9.9 9910.1 36  7.1   5  4.0-9.9-9.9
5017219651126 36.5 16.0  0.009900 12.5-99.9-99.9-99.9-9.9 99 7.9 24  3.6   8  6.4-9.9-9.9
5017219651127 35.6-99.9  0.519900-99.9-99.9-99.9-99.9-9.9 99-9.9-99-99.9 -99-99.9-9.9-9.9
5017219651128 34.1 17.8  7.419900 17.5-99.9-99.9-99.9-9.9 9914.4 41 12.4  30 24.0-9.9-9.9
5017219651129 25.5 15.0  3.319910 15.7-99.9-99.9-99.9-9.9 9914.9 66 12.9  16 12.8-9.9-9.9
5017219651130 25.7  6.0  0.009900  2.5-99.9-99.9-99.9-9.9 99 7.1 36  2.1  14 11.2-9.9-9.9
5017219651201 30.4 10.0  0.009900  6.5-99.9-99.9-99.9-9.9 9911.8 41  9.4   9  7.2-9.9-9.9
5017219651202 34.2  5.5  0.009900 13.5-99.9-99.9-99.9-9.9 9915.5 62 13.5  11  8.8-9.9-9.9
5017219651203-99.9-99.9  0.009900-99.9-99.9-99.9-99.9-9.9 99-9.9-99-99.9 -99-99.9-9.9-9.9
5017219651204 32.5-99.9  0.009900-99.9-99.9-99.9-99.9-9.9 9911.3 41  8.8  11  8.8-9.9-9.9
5017219651205 29.5 10.2  0.009900  7.5-99.9-99.9-99.9-9.9 99 8.5 30  4.6  22 17.6-9.9-9.9
5017219651206 34.0 12.3  0.009900  8.5-99.9-99.9-99.9-9.9 99 7.6 28  3.0   5  4.0-9.9-9.9
5017219651207 26.0 13.6  0.009900 12.3-99.9-99.9-99.9-9.9 99 7.2 32  2.3  19 15.2-9.9-9.9
5017219651208 31.5  8.8  0.009900  5.4-99.9-99.9-99.9-9.9 9910.7 42  8.0   6  4.8-9.9-9.9
5017219651209 29.2 16.7  0.009900 15.3-99.9-99.9-99.9-9.9 9911.5 42  9.0  21 16.8-9.9-9.9
5017219651210 27.3 12.1  0.009900  8.5-99.9-99.9-99.9-9.9 9910.4 41  7.5  11  8.8-9.9-9.9
5017219651211 23.0 13.0  0.009900 12.3-99.9-99.9-99.9-9.9 9912.8 63 10.6  16 12.8-9.9-9.9
5017219651212 32.0 10.0  0.009900  6.2-99.9-99.9-99.9-9.9 9911.4 42  8.9  13 10.4-9.9-9.9
5017219651213 25.4 11.4  0.009900 11.3-99.9-99.9-99.9-9.9 99 6.9 41  1.7  16 12.8-9.9-9.9
5017219651214 28.5  8.0  0.009900  7.5-99.9-99.9-99.9-9.9 99 7.2 35  2.3 -99-99.9-9.9-9.9
5017219651215 31.7 12.0  0.009900  8.0-99.9-99.9-99.9-9.9 9912.2 40  9.9  19 15.2-9.9-9.9
5017219651216 37.0 15.5  0.009900 11.9-99.9-99.9-99.9-9.9 9910.5 31  7.7   5  4.0-9.9-9.9
5017219651217 32.0 14.0  0.219900  9.8-99.9-99.9-99.9-9.9 99 7.9 26  3.6  16 12.8-9.9-9.9
5017219651218 28.6 12.5  0.719900-99.9-99.9-99.9-99.9-9.9 99 7.8 31  3.4  18 14.4-9.9-9.9
5017219651219 22.3 12.0  0.009900 10.2-99.9-99.9-99.9-9.9 99 8.9 49  5.3  14 11.2-9.9-9.9
5017219651220 27.0  8.0  0.009900  2.5-99.9-99.9-99.9-9.9 99 6.2 28  0.2  11  8.8-9.9-9.9
5017219651221 25.5  7.3  0.009900  1.8-99.9-99.9-99.9-9.9 99 7.4 36  2.7  22 17.6-9.9-9.9
5017219651222 32.5  8.4  0.009900  4.2-99.9-99.9-99.9-9.9 9910.6 41  7.8  14 11.2-9.9-9.9
5017219651223 34.0 15.8  4.819900 12.5-99.9-99.9-99.9-9.9 9912.7 43 10.5  19 15.2-9.9-9.9
5017219651224 26.6 13.6  0.009900 12.5-99.9-99.9-99.9-9.9 9911.1 51  8.5  13 10.4-9.9-9.9
5017219651225 30.5 11.0  0.009900  5.2-99.9-99.9-99.9-9.9 99 8.8 31  5.1   6  4.8-9.9-9.9
5017219651226 31.7 14.5  0.009900 11.7-99.9-99.9-99.9-9.9 99 9.4 30  6.1  14 11.2-9.9-9.9
5017219651227 36.5 12.5  0.009900  9.6-99.9-99.9-99.9-9.9 9911.1 32  8.5  17 13.6-9.9-9.9
5017219651228 35.5 20.0  0.009900 16.1-99.9-99.9-99.9-9.9 9913.5 33 11.4  29 23.2-9.9-9.9
5017219651229 36.0 18.5  0.009900 17.3-99.9-99.9-99.9-9.9 9916.7 46 14.7   6  4.8-9.9-9.9
5017219651230 37.2 18.7  0.009900 16.0-99.9-99.9-99.9-9.9 9916.5 45 14.5   4  3.2-9.9-9.9
5017219651231 35.5 17.0  0.009900 15.0-99.9-99.9-99.9-9.9 9918.8 56 16.5  27 21.6-9.9-9.9
5017219660101 30.2 17.0  0.009900 15.0-99.9-99.9-99.9-9.9 9916.8 53 14.8   8  6.4-9.9-9.9
5017219660102 34.6 15.5  0.009900 14.3-99.9-99.9-99.9-9.9 9915.7 47 13.7  14 11.2-9.9-9.9
5017219660103 33.5 13.0  0.009900  9.2-99.9-99.9-99.9-9.9 9913.3 45 11.2   0  0.0-9.9-9.9
5017219660104 37.7 14.5  1.519900 11.5-99.9-99.9-99.9-9.9 9914.4 42 12.4  17 13.6-9.9-9.9
5017219660105 36.0 16.2  2.419900 13.7-99.9-99.9-99.9-9.9 9914.0 39 12.0  11  8.8-9.9-9.9
5017219660106 33.6 16.0  0.009900 12.0-99.9-99.9-99.9-9.9 9911.3 31  8.8  19 15.2-9.9-9.9
5017219660107 31.5 15.0  0.009900 12.2-99.9-99.9-99.9-9.9 99 8.0 27  3.8  11  8.8-9.9-9.9
5017219660108 32.0 11.0  0.009900  7.0-99.9-99.9-99.9-9.9 99 9.2 30  5.8  15 12.0-9.9-9.9
5017219660109 31.5 13.5  0.009900  9.0-99.9-99.9-99.9-9.9 9910.7 34  8.0  18 14.4-9.9-9.9
5017219660110 34.5 11.8  0.009900  9.0-99.9-99.9-99.9-9.9 9915.3 45 13.3   5  4.0-9.9-9.9
5017219660111 35.5 18.1  1.119900 16.5-99.9-99.9-99.9-9.9 9914.8 41 12.8  13 10.4-9.9-9.9
5017219660112 33.7 15.8  0.009900 13.0-99.9-99.9-99.9-9.9 9917.5 55 15.4   8  6.4-9.9-9.9
5017219660113 35.8 17.9  0.009900 13.8-99.9-99.9-99.9-9.9 9918.3 49 16.1   9  7.2-9.9-9.9
5017219660114 37.0 18.5  4.619900 16.0-99.9-99.9-99.9-9.9 9919.2 52 16.9   8  6.4-9.9-9.9
5017219660115 36.0 18.0  2.019900 16.8-99.9-99.9-99.9-9.9 9920.6 64 18.0  16 12.8-9.9-9.9
5017219660116 30.3 17.0  0.009900 13.0-99.9-99.9-99.9-9.9 9910.6 36  7.8  20 16.0-9.9-9.9
5017219660117 31.4 13.0  0.009900  9.1-99.9-99.9-99.9-9.9 9910.9 37  8.2  19 15.2-9.9-9.9
5017219660118 35.5 14.9  0.419900 11.7-99.9-99.9-99.9-9.9 9917.2 48 15.1  19 15.2-9.9-9.9
5017219660119 31.5 14.0  0.009900 10.5-99.9-99.9-99.9-9.9 9912.3 44 10.0  11  8.8-9.9-9.9
5017219660120 30.2 15.5  0.009900 14.4-99.9-99.9-99.9-9.9 9911.2 42  8.6   3  2.4-9.9-9.9
5017219660121 30.3 15.5  0.009900 12.6-99.9-99.9-99.9-9.9 99 8.2 30  4.1  26 20.8-9.9-9.9
5017219660122 33.1 12.3  0.519900 10.0-99.9-99.9-99.9-9.9 9912.7 43 10.5  11  8.8-9.9-9.9
5017219660123 31.5 15.0  2.919910 13.0-99.9-99.9-99.9-9.9 9914.4 52 12.4  13 10.4-9.9-9.9
5017219660124 31.0 14.1  0.009900 11.6-99.9-99.9-99.9-9.9 9912.2 45  9.9   6  4.8-9.9-9.9
5017219660125 36.0 15.4  0.009900 11.7-99.9-99.9-99.9-9.9 9913.0 38 10.9  10  8.0-9.9-9.9
5017219660126 37.5 18.0  0.009900 15.8-99.9-99.9-99.9-9.9 9919.3 49 16.9  17 13.6-9.9-9.9
5017219660127 35.8 19.5  0.009900 17.6-99.9-99.9-99.9-9.9 9920.6 55 18.0   9  7.2-9.9-9.9
5017219660128 33.3 17.0  0.009900 15.3-99.9-99.9-99.9-9.9 9917.9 58 15.8   9  7.2-9.9-9.9
5017219660129 29.7 17.0  0.009900 15.6-99.9-99.9-99.9-9.9 9910.2 40  7.3  14 11.2-9.9-9.9
5017219660130 34.0 10.3  0.009900  6.5-99.9-99.9-99.9-9.9 9911.5 36  9.0  11  8.8-9.9-9.9
5017219660131 30.7 19.2  0.009900 18.1-99.9-99.9-99.9-9.9 9913.4 44 11.3  11  8.8-9.9-9.9
5017219660201 25.3 14.5  0.009900 13.4-99.9-99.9-99.9-9.9 99 8.5 37  4.6  22 17.6-9.9-9.9
5017219660202 32.0  6.6  0.009900  2.2-99.9-99.9-99.9-9.9 99 8.6 35  4.8   5  4.0-9.9-9.9
5017219660203 35.2 17.0  0.009900 13.0-99.9-99.9-99.9-9.9 9914.3 46 12.3   3  2.4-9.9-9.9
5017219660204 40.0 18.0  0.009900 14.6-99.9-99.9-99.9-9.9 9912.0 31  9.7  16 12.8-9.9-9.9
5017219660205 35.5 14.6  0.009900 11.2-99.9-99.9-99.9-9.9 9910.2 29  7.3  12  9.6-9.9-9.9
5017219660206 34.5 15.0  0.009900 12.0-99.9-99.9-99.9-9.9 9913.5 42 11.4   3  2.4-9.9-9.9
5017219660207 25.2 13.7  0.009900 12.7-99.9-99.9-99.9-9.9 99 7.9 40  3.6  31 24.8-9.9-9.9
5017219660208 24.5  5.5  0.009900  0.1-99.9-99.9-99.9-9.9 99 7.1 43  2.1   3  2.4-9.9-9.9
5017219660209 28.5  9.0  0.009900  6.8-99.9-99.9-99.9-9.9 99 9.3 43  5.9   9  7.2-9.9-9.9
5017219660210 28.5 14.0  0.619900 12.0-99.9-99.9-99.9-9.9 9911.9 50  9.5  12  9.6-9.9-9.9
5017219660211 25.2  8.1  0.009900  2.2-99.9-99.9-99.9-9.9 9910.3 50  7.4  16 12.8-9.9-9.9
5017219660212 27.7  7.0  0.009900  3.7-99.9-99.9-99.9-9.9 9911.5 53  9.0   8  6.4-9.9-9.9
5017219660213 28.0  8.5  0.009900  6.1-99.9-99.9-99.9-9.9 9911.9 51  9.5   8  6.4-9.9-9.9
5017219660214 33.5 12.0  0.009900 10.3-99.9-99.9-99.9-9.9 9915.4 52 13.4  11  8.8-9.9-9.9
5017219660215 35.5 15.3  8.019900 13.4-99.9-99.9-99.9-9.9 9916.8 51 14.8  14 11.2-9.9-9.9
5017219660216 27.1 16.0  7.519900 16.5-99.9-99.9-99.9-9.9 9918.0 83 15.8  11  8.8-9.9-9.9
5017219660217 26.8 16.0  0.519900 15.0-99.9-99.9-99.9-9.9 9918.7 76 16.4  13 10.4-9.9-9.9
5017219660218 28.5 13.1  0.009900 11.4-99.9-99.9-99.9-9.9 9914.5 62 12.5   3  2.4-9.9-9.9
5017219660219 30.0 12.6  0.009900 10.2-99.9-99.9-99.9-9.9 9916.6 69 14.6   9  7.2-9.9-9.9
5017219660220 29.3 15.5  0.009900 12.1-99.9-99.9-99.9-9.9 9910.1 40  7.1  25 20.0-9.9-9.9
5017219660221 26.5  6.0  0.009900  1.5-99.9-99.9-99.9-9.9 99 8.0 41  3.8   8  6.4-9.9-9.9
5017219660222 32.0  9.5  0.009900  5.5-99.9-99.9-99.9-9.9 9911.1 41  8.5   5  4.0-9.9-9.9
5017219660223 33.5 14.0  0.009900  7.4-99.9-99.9-99.9-9.9 99 8.9 31  5.3  11  8.8-9.9-9.9
5017219660224 27.5  8.0  0.009900  5.8-99.9-99.9-99.9-9.9 99 8.4 52  4.5  11  8.8-9.9-9.9
5017219660225 30.5  7.1  0.009900  2.1-99.9-99.9-99.9-9.9 99 9.8 44  6.7   6  4.8-9.9-9.9
5017219660226 34.0 13.8  0.009900 11.6-99.9-99.9-99.9-9.9 9912.9 44 10.7   4  3.2-9.9-9.9
5017219660227 31.5 15.0  0.009900 10.0-99.9-99.9-99.9-9.9 9910.0 36  7.0   5  4.0-9.9-9.9
5017219660228 32.5 13.5  0.009900 10.5-99.9-99.9-99.9-9.9 9910.4 34  7.5  13 10.4-9.9-9.9
5017219660301 31.5 18.0  0.009900 16.5-99.9-99.9-99.9-9.9 9912.4 45 10.1  11  8.8-9.9-9.9
5017219660302 31.5  9.4  0.009900  6.4-99.9-99.9-99.9-9.9 9911.3 48  8.8   3  2.4-9.9-9.9
5017219660303 29.5 11.2  0.009900  8.2-99.9-99.9-99.9-9.9 9910.8 46  8.1   1  0.8-9.9-9.9
5017219660304 25.5 12.1  0.009900 10.2-99.9-99.9-99.9-9.9 9911.4 58  8.9  11  8.8-9.9-9.9
5017219660305 28.0  5.2  0.009900 -0.7-99.9-99.9-99.9-9.9 99 9.0 46  5.4   3  2.4-9.9-9.9
5017219660306 32.0  7.8  0.009900  3.0-99.9-99.9-99.9-9.9 9913.0 49 10.9   5  4.0-9.9-9.9
5017219660307 31.4 14.5  0.009900 11.0-99.9-99.9-99.9-9.9 9915.2 57 13.2   9  7.2-9.9-9.9
5017219660308 32.8 10.4  0.009900  7.1-99.9-99.9-99.9-9.9 9915.2 57 13.2   1  0.8-9.9-9.9
5017219660309 33.0 14.0  0.009900 10.3-99.9-99.9-99.9-9.9 9916.8 56 14.8  13 10.4-9.9-9.9
5017219660310 32.7 16.0  0.009900 12.7-99.9-99.9-99.9-9.9 9918.2 57 16.0   8  6.4-9.9-9.9
5017219660311 33.0 15.1  0.009900 12.5-99.9-99.9-99.9-9.9 9919.9 67 17.4   2  1.6-9.9-9.9
5017219660312 32.7 14.5  0.009900 12.0-99.9-99.9-99.9-9.9 9919.4 68 17.0   0  0.0-9.9-9.9
5017219660313 30.0 15.2  0.009900 13.0-99.9-99.9-99.9-9.9 9916.0 56 14.0  21 16.8-9.9-9.9
5017219660314 33.0 17.6  3.219900 18.0-99.9-99.9-99.9-9.9 9919.6 65 17.2   5  4.0-9.9-9.9
5017219660315 30.0 16.5 48.119900 14.5-99.9-99.9-99.9-9.9 9919.4 74 17.0  12  9.6-9.9-9.9
5017219660316 20.6 11.6  1.919910 12.5-99.9-99.9-99.9-9.9 9912.9 85 10.7  41 32.8-9.9-9.9
5017219660317 23.5  7.6  0.009900  4.8-99.9-99.9-99.9-9.9 9912.6 77 10.4   2  1.6-9.9-9.9
5017219660318 28.8  6.5  0.009900  4.1-99.9-99.9-99.9-9.9 9913.3 68 11.2   8  6.4-9.9-9.9
5017219660319 25.2  8.0  0.009900  5.2-99.9-99.9-99.9-9.9 9912.1 61  9.8   6  4.8-9.9-9.9
5017219660320 25.5  7.5  0.009900  3.6-99.9-99.9-99.9-9.9 9912.2 68  9.9   0  0.0-9.9-9.9
5017219660321 30.5  7.0  0.009900  2.0-99.9-99.9-99.9-9.9 9912.5 51 10.3   3  2.4-9.9-9.9
5017219660322 31.0  9.0  0.009900  5.3-99.9-99.9-99.9-9.9 9911.8 49  9.4  14 11.2-9.9-9.9
5017219660323 26.0  7.6  0.009900  2.6-99.9-99.9-99.9-9.9 9911.1 61  8.5   3  2.4-9.9-9.9
5017219660324 28.0  7.5  0.009900  3.8-99.9-99.9-99.9-9.9 9911.1 49  8.5  11  8.8-9.9-9.9
5017219660325 23.5  6.0  0.009900  0.3-99.9-99.9-99.9-9.9 99 9.5 59  6.2   1  0.8-9.9-9.9
5017219660326 30.3  5.0  0.009900 -0.3-99.9-99.9-99.9-9.9 9912.8 53 10.6   6  4.8-9.9-9.9
5017219660327 31.0  7.0  0.009900-99.9-99.9-99.9-99.9-9.9 9912.0 56  9.7 -99-99.9-9.9-9.9
5017219660328 31.0  9.0  0.009900  6.4-99.9-99.9-99.9-9.9 9911.9 53  9.5   5  4.0-9.9-9.9
5017219660329 31.5 13.5 61.619900 10.0-99.9-99.9-99.9-9.9 9914.1 59 12.1  14 11.2-9.9-9.9
5017219660330 18.0 14.0 14.819900 13.1-99.9-99.9-99.9-9.9 9915.9 88 13.9  13 10.4-9.9-9.9
5017219660331 16.8 15.0  0.519900 14.9-99.9-99.9-99.9-9.9 9916.9 94 14.9  10  8.0-9.9-9.9
5017219660401 19.5 13.6  1.219900 13.0-99.9-99.9-99.9-9.9 9916.1 87 14.1   6  4.8-9.9-9.9
5017219660402 21.0 14.8 61.519900 15.1-99.9-99.9-99.9-9.9 9917.9 89 15.8  18 14.4-9.9-9.9
5017219660403 20.5 13.3  1.519900 13.5-99.9-99.9-99.9-9.9 9915.6 83 13.6   3  2.4-9.9-9.9
5017219660404 21.3 13.5  0.009900 12.6-99.9-99.9-99.9-9.9 9915.8 85 13.8   3  2.4-9.9-9.9
5017219660405 23.5 13.0  0.009900 11.0-99.9-99.9-99.9-9.9 9915.8 77 13.8   4  3.2-9.9-9.9
5017219660406 26.5 12.2  0.009900  9.0-99.9-99.9-99.9-9.9 9917.1 77 15.0   1  0.8-9.9-9.9
5017219660407 23.0 14.0  1.919900 13.0-99.9-99.9-99.9-9.9 9916.0 78 14.0   4  3.2-9.9-9.9
5017219660408 27.0 11.4  0.009900  8.5-99.9-99.9-99.9-9.9 9917.6 80 15.5   3  2.4-9.9-9.9
5017219660409 29.0 14.5  6.019900 12.0-99.9-99.9-99.9-9.9 9918.7 76 16.4   2  1.6-9.9-9.9
5017219660410 29.3 14.7  0.009900 13.0-99.9-99.9-99.9-9.9 9918.5 70 16.3   8  6.4-9.9-9.9
5017219660411 22.8 16.0  0.009900 13.5-99.9-99.9-99.9-9.9 9915.2 69 13.2  30 24.0-9.9-9.9
5017219660412 20.2 12.8  0.009900 12.5-99.9-99.9-99.9-9.9 9913.9 81 11.9   6  4.8-9.9-9.9
5017219660413 23.2  6.0  0.009900  2.6-99.9-99.9-99.9-9.9 9911.1 67  8.5   9  7.2-9.9-9.9
5017219660414 22.8 10.8  0.009900  7.7-99.9-99.9-99.9-9.9 9912.7 61 10.5   6  4.8-9.9-9.9
5017219660415 26.6 10.0  0.009900  6.6-99.9-99.9-99.9-9.9 9913.5 69 11.4   3  2.4-9.9-9.9
5017219660416-99.9-99.9  0.009900 10.3-99.9-99.9-99.9-9.9 99-9.9-99-99.9 -99-99.9-9.9-9.9
5017219660417-99.9-99.9  0.009900-99.9-99.9-99.9-99.9-9.9 99-9.9-99-99.9 -99-99.9-9.9-9.9
5017219660418-99.9-99.9  1.619900-99.9-99.9-99.9-99.9-9.9 99-9.9-99-99.9 -99-99.9-9.9-9.9
5017219660419 13.7  8.0  0.009900  6.5-99.9-99.9-99.9-9.9 9911.5 84  9.0   3  2.4-9.9-9.9
5017219660420 19.0  9.0  3.419900  6.7-99.9-99.9-99.9-9.9 9912.3 76 10.0   9  7.2-9.9-9.9
5017219660421 19.0 12.2  0.009900 12.5-99.9-99.9-99.9-9.9 9914.9 92 12.9   3  2.4-9.9-9.9
5017219660422 18.0 11.1  0.009900  9.3-99.9-99.9-99.9-9.9 9913.1 84 11.0   5  4.0-9.9-9.9
5017219660423 22.0  6.6  0.009900  3.0-99.9-99.9-99.9-9.9 9913.8 75 11.8   3  2.4-9.9-9.9
5017219660424 25.8 10.0  0.009900  5.2-99.9-99.9-99.9-9.9 9912.7 66 10.5   6  4.8-9.9-9.9
5017219660425 23.3  7.6  0.009900  4.2-99.9-99.9-99.9-9.9 9912.2 74  9.9   3  2.4-9.9-9.9
5017219660426 24.0  8.5  0.009900  5.3-99.9-99.9-99.9-9.9 9913.4 77 11.3   4  3.2-9.9-9.9
5017219660427 23.0  8.5  0.009900  6.0-99.9-99.9-99.9-9.9 9913.0 70 10.9  18 14.4-9.9-9.9
5017219660428 21.1  9.9  0.009900  8.1-99.9-99.9-99.9-9.9 9911.8 71  9.4   6  4.8-9.9-9.9
5017219660429 24.5 10.5  0.009900  7.1-99.9-99.9-99.9-9.9 9915.5 80 13.5   8  6.4-9.9-9.9
5017219660430 26.0 10.6  0.009900  8.4-99.9-99.9-99.9-9.9 9915.9 77 13.9   4  3.2-9.9-9.9
5017219660501 21.5 14.1  0.009900 12.2-99.9-99.9-99.9-9.9 9911.1 62  8.5  16 12.8-9.9-9.9
5017219660502 22.7  5.0  0.009900  0.4-99.9-99.9-99.9-9.9 99 9.1 57  5.6   8  6.4-9.9-9.9
5017219660503 25.7  6.6  0.009900  3.5-99.9-99.9-99.9-9.9 9911.1 67  8.5   3  2.4-9.9-9.9
5017219660504 26.0  7.9  0.009900  5.0-99.9-99.9-99.9-9.9 9912.4 65 10.1   5  4.0-9.9-9.9
5017219660505 26.5  8.5  0.009900  4.7-99.9-99.9-99.9-9.9 9913.6 72 11.5   3  2.4-9.9-9.9
5017219660506 25.0  8.0  0.009900-99.9-99.9-99.9-99.9-9.9 9912.5 71 10.3   0  0.0-9.9-9.9
5017219660507 24.0 12.5  0.009900 10.8-99.9-99.9-99.9-9.9 9911.6 62  9.2   5  4.0-9.9-9.9
5017219660508 19.6  8.5  0.009900  5.1-99.9-99.9-99.9-9.9 99 8.8 58  5.1  16 12.8-9.9-9.9
5017219660509-99.9-99.9  0.009900-99.9-99.9-99.9-99.9-9.9 99-9.9-99-99.9 -99-99.9-9.9-9.9
5017219660510-99.9-99.9  0.009900-99.9-99.9-99.9-99.9-9.9 99-9.9-99-99.9 -99-99.9-9.9-9.9
5017219660511 16.0  0.0  0.009900 -4.8-99.9-99.9-99.9-9.9 99 6.1 56  0.0  11  8.8-9.9-9.9
5017219660512 20.5  1.0  0.009900 -4.5-99.9-99.9-99.9-9.9 99 7.6 56  3.0  18 14.4-9.9-9.9
5017219660513 23.2  0.4  0.009900 -3.9-99.9-99.9-99.9-9.9 99 9.0 65  5.4   8  6.4-9.9-9.9
5017219660514 25.8  6.0  0.009900  1.8-99.9-99.9-99.9-9.9 99 9.4 55  6.1  11  8.8-9.9-9.9
5017219660515 23.5 10.2  0.009900  6.8-99.9-99.9-99.9-9.9 99-9.9-99-99.9 -99-99.9-9.9-9.9
5017219660516 25.5  6.5  0.009900 -0.7-99.9-99.9-99.9-9.9 99 8.7 56  5.0   8  6.4-9.9-9.9
5017219660517 26.4  5.8  0.009900  0.7-99.9-99.9-99.9-9.9 9911.5 66  9.0   3  2.4-9.9-9.9
5017219660518 27.0  5.2  0.009900  0.6-99.9-99.9-99.9-9.9 9910.3 59  7.4   8  6.4-9.9-9.9
5017219660519 27.5  8.2  0.009900  4.0-99.9-99.9-99.9-9.9 9912.0 63  9.7  11  8.8-9.9-9.9
5017219660520 25.5 11.5  1.019900  7.2-99.9-99.9-99.9-9.9 9913.1 68 11.0   5  4.0-9.9-9.9
5017219660521 18.8  9.2  0.009900  7.5-99.9-99.9-99.9-9.9 99 9.9 70  6.8   8  6.4-9.9-9.9
5017219660522 18.5  2.5  0.009900 -3.7-99.9-99.9-99.9-9.9 99 6.7 60  1.3   3  2.4-9.9-9.9
5017219660523 20.5  0.5  0.009900 -4.5-99.9-99.9-99.9-9.9 99 7.3 53  2.5  16 12.8-9.9-9.9
5017219660524 22.5  9.0  0.009900  3.5-99.9-99.9-99.9-9.9 99 8.6 52  4.8  10  8.0-9.9-9.9
5017219660525 22.8 11.0  0.009900  7.8-99.9-99.9-99.9-9.9 99 9.0 52  5.4  13 10.4-9.9-9.9
5017219660526 13.0  6.1  0.009900  4.0-99.9-99.9-99.9-9.9 99 5.4 51 -1.7  27 21.6-9.9-9.9
5017219660527 12.8  0.7  0.009900 -4.0-99.9-99.9-99.9-9.9 99 7.5 73  2.9   3  2.4-9.9-9.9
5017219660528 17.5  2.5  0.009900 -2.5-99.9-99.9-99.9-9.9 99 7.7 68  3.2   3  2.4-9.9-9.9
5017219660529 21.7  1.5  0.009900 -3.0-99.9-99.9-99.9-9.9 99 8.4 63  4.5   6  4.8-9.9-9.9
5017219660530 25.2  6.0  0.009900  3.0-99.9-99.9-99.9-9.9 99 8.5 52  4.6  13 10.4-9.9-9.9
5017219660531 27.5  5.0  0.009900  1.0-99.9-99.9-99.9-9.9 99 9.0 50  5.4   0  0.0-9.9-9.9
5017219660601 27.0  5.0  0.009900  0.5-99.9-99.9-99.9-9.9 99 9.7 59  6.5   3  2.4-9.9-9.9
5017219660602 26.5  6.6  0.009900  0.4-99.9-99.9-99.9-9.9 99 9.7 56  6.5   4  3.2-9.9-9.9
5017219660603 24.4  5.7  0.009900  1.7-99.9-99.9-99.9-9.9 9911.3 69  8.8   0  0.0-9.9-9.9
5017219660604 14.0  9.0  0.319900  6.2-99.9-99.9-99.9-9.9 99 6.8 49  1.5  19 15.2-9.9-9.9
5017219660605 20.0  6.3  0.009900  2.7-99.9-99.9-99.9-9.9 9910.4 71  7.5   3  2.4-9.9-9.9
5017219660606 17.7  6.5  0.009900  2.8-99.9-99.9-99.9-9.9 99 9.6 75  6.4   3  2.4-9.9-9.9
5017219660607 15.3  3.0  0.009900 -1.5-99.9-99.9-99.9-9.9 9910.0 86  7.0   3  2.4-9.9-9.9
5017219660608 21.5  6.2  0.009900  2.8-99.9-99.9-99.9-9.9 9913.0 79 10.9   5  4.0-9.9-9.9
5017219660609 16.1  9.4  0.009900  6.6-99.9-99.9-99.9-9.9 9913.9 96 11.9   2  1.6-9.9-9.9
5017219660610 18.8  9.5  0.009900  9.7-99.9-99.9-99.9-9.9 9910.4 65  7.5   8  6.4-9.9-9.9
5017219660611 18.0  1.0  0.009900 -4.0-99.9-99.9-99.9-9.9 99 6.6 62  1.1   3  2.4-9.9-9.9
5017219660612 18.0  0.5  0.009900 -5.0-99.9-99.9-99.9-9.9 99 6.8 57  1.5   8  6.4-9.9-9.9
5017219660613 13.5  0.5  0.009900 -3.8-99.9-99.9-99.9-9.9 99 7.0 70  1.9  16 12.8-9.9-9.9
5017219660614 12.5 -0.9  0.009900 -5.3-99.9-99.9-99.9-9.9 99 7.2 84  2.3   0  0.0-9.9-9.9
5017219660615 12.0 -0.6  0.009900 -5.5-99.9-99.9-99.9-9.9 99 6.6 71  1.1   6  4.8-9.9-9.9
5017219660616  8.5  3.4  0.119900  1.8-99.9-99.9-99.9-9.9 99 8.1 85  3.9  16 12.8-9.9-9.9
5017219660617 10.5  4.5  0.009900  4.5-99.9-99.9-99.9-9.9 99 8.8 92  5.1   3  2.4-9.9-9.9
5017219660618 15.5  4.0  0.009900 -1.0-99.9-99.9-99.9-9.9 99 9.3 80  5.9  11  8.8-9.9-9.9
5017219660619 16.0  4.5  0.009900  1.6-99.9-99.9-99.9-9.9 99 9.9 81  6.8  19 15.2-9.9-9.9
5017219660620 18.0  0.4  0.009900 -2.5-99.9-99.9-99.9-9.9 99 9.2 81  5.8   8  6.4-9.9-9.9
5017219660621 17.0 -0.1  0.009900 -3.7-99.9-99.9-99.9-9.9 99 8.7 79  5.0   8  6.4-9.9-9.9
5017219660622 10.6  4.0  0.009900 -2.5-99.9-99.9-99.9-9.9 99 6.6 66  1.1   1  0.8-9.9-9.9
5017219660623 15.7  2.0  0.009900 -5.5-99.9-99.9-99.9-9.9 99 6.8 64  1.5  13 10.4-9.9-9.9
5017219660624 18.3  8.0  0.009900  6.0-99.9-99.9-99.9-9.9 99-9.9-99-99.9 -99-99.9-9.9-9.9
5017219660625 17.2  3.8  0.009900-99.9-99.9-99.9-99.9-9.9 99-9.9-99-99.9 -99-99.9-9.9-9.9
5017219660626 15.5  5.0  0.009900  0.0-99.9-99.9-99.9-9.9 99 5.6 43 -1.2  14 11.2-9.9-9.9
5017219660627 17.5 -4.0  0.009900 -7.0-99.9-99.9-99.9-9.9 99 4.0 42 -5.7   6  4.8-9.9-9.9
5017219660628 12.5 -2.5  0.009900 -7.0-99.9-99.9-99.9-9.9 99 3.8 40 -6.4  19 15.2-9.9-9.9
5017219660629 13.5  1.3  0.009900 -2.7-99.9-99.9-99.9-9.9 99 4.7 52 -3.6   8  6.4-9.9-9.9
5017219660630 18.0 -1.5  0.009900 -4.4-99.9-99.9-99.9-9.9 99 4.2 35 -5.0  19 15.2-9.9-9.9
5017219660701 20.7  8.0  0.009900  5.7-99.9-99.9-99.9-9.9 99 5.3 36 -1.9  19 15.2-9.9-9.9
5017219660702 19.7 -3.0  0.009900 -6.7-99.9-99.9-99.9-9.9 99 5.2 53 -2.2   3  2.4-9.9-9.9
5017219660703 22.0  2.0  0.009900 -3.7-99.9-99.9-99.9-9.9 99 5.3 43 -1.9  11  8.8-9.9-9.9
5017219660704 22.0  4.5  0.009900  0.5-99.9-99.9-99.9-9.9 99 6.4 41  0.6  13 10.4-9.9-9.9
5017219660705 25.2  8.0  0.009900  4.0-99.9-99.9-99.9-9.9 99 8.4 44  4.5  11  8.8-9.9-9.9
5017219660706 20.0  8.0  0.009900  3.1-99.9-99.9-99.9-9.9 99 9.4 66  6.1   5  4.0-9.9-9.9
5017219660707 19.0  3.5  0.009900  0.4-99.9-99.9-99.9-9.9 99 8.2 66  4.1   3  2.4-9.9-9.9
5017219660708  9.6  1.6  0.419900 -1.5-99.9-99.9-99.9-9.9 99 9.0 95  5.4   8  6.4-9.9-9.9
5017219660709  7.0  5.0  0.119900  5.2-99.9-99.9-99.9-9.9 99 8.9 95  5.3   7  5.6-9.9-9.9
5017219660710 13.2  5.2  0.009900  5.5-99.9-99.9-99.9-9.9 9910.3 92  7.4   3  2.4-9.9-9.9
5017219660711 16.8  4.0  0.009900  1.7-99.9-99.9-99.9-9.9 99 8.7 72  5.0   0  0.0-9.9-9.9
5017219660712 10.0  3.6  0.009900 -2.7-99.9-99.9-99.9-9.9 99 6.1 66  0.0   0  0.0-9.9-9.9
5017219660713 12.5 -4.6  0.009900 -8.5-99.9-99.9-99.9-9.9 99 4.7 64 -3.6   3  2.4-9.9-9.9
5017219660714 14.5 -5.3  0.009900-10.2-99.9-99.9-99.9-9.9 99 4.2 51 -5.0  17 13.6-9.9-9.9
5017219660715 14.5 -1.6  0.009900 -6.0-99.9-99.9-99.9-9.9 99 5.0 54 -2.7  11  8.8-9.9-9.9
5017219660716 16.0  0.5  0.009900 -4.5-99.9-99.9-99.9-9.9 99 5.4 52 -1.7  17 13.6-9.9-9.9
5017219660717 18.7  2.5  0.009900 -0.8-99.9-99.9-99.9-9.9 99 6.4 52  0.6   8  6.4-9.9-9.9
5017219660718 15.0  1.5  0.009900 -1.5-99.9-99.9-99.9-9.9 99 6.8 61  1.5   5  4.0-9.9-9.9
5017219660719 16.0  0.5  0.009900 -3.7-99.9-99.9-99.9-9.9 99 4.5 48 -4.1  14 11.2-9.9-9.9
5017219660720 13.0 -3.6  0.009900 -7.2-99.9-99.9-99.9-9.9 99 3.3 39 -8.2  11  8.8-9.9-9.9
5017219660721 11.5 -1.5  0.009900 -5.0-99.9-99.9-99.9-9.9 99 5.0 57 -2.7   3  2.4-9.9-9.9
5017219660722 13.0 -3.5  0.009900 -8.0-99.9-99.9-99.9-9.9 99 4.4 54 -4.4  12  9.6-9.9-9.9
5017219660723  8.5 -6.8  0.009900 -9.7-99.9-99.9-99.9-9.9 99 4.1 66 -5.4   1  0.8-9.9-9.9
5017219660724 11.7 -7.3  0.009900 -9.9-99.9-99.9-99.9-9.9 99 4.4 59 -4.4   8  6.4-9.9-9.9
5017219660725 16.5 -4.6  0.009900 -6.7-99.9-99.9-99.9-9.9 99 5.6 63 -1.2   0  0.0-9.9-9.9
5017219660726  8.7  4.0  0.119900 -0.4-99.9-99.9-99.9-9.9 99 7.1 73  2.1   9  7.2-9.9-9.9
5017219660727 10.2  5.1  0.319900  5.0-99.9-99.9-99.9-9.9 99 7.8 76  3.4  16 12.8-9.9-9.9
5017219660728  8.7  1.4  0.819900  0.4-99.9-99.9-99.9-9.9 99 8.0 78  3.8  31 24.8-9.9-9.9
5017219660729 11.0  3.2  0.009900 -1.4-99.9-99.9-99.9-9.9 99 7.5 80  2.9   8  6.4-9.9-9.9
5017219660730 15.7 -3.4  0.009900 -7.2-99.9-99.9-99.9-9.9 99 5.3 66 -1.9   8  6.4-9.9-9.9
5017219660731 19.0 -2.0  0.009900 -6.5-99.9-99.9-99.9-9.9 99 4.4 41 -4.4  13 10.4-9.9-9.9
5017219660801 19.5  8.5  0.009900  5.5-99.9-99.9-99.9-9.9 99 5.7 40 -1.0  26 20.8-9.9-9.9
5017219660802 11.0  1.5  3.019900  2.8-99.9-99.9-99.9-9.9 99 6.1 78  0.0   3  2.4-9.9-9.9
5017219660803 10.5 -6.8  0.009900 -9.5-99.9-99.9-99.9-9.9 99 4.1 61 -5.4   8  6.4-9.9-9.9
5017219660804 14.0 -5.7  0.009900 -9.8-99.9-99.9-99.9-9.9 99 3.3 46 -8.2   8  6.4-9.9-9.9
5017219660805 20.5 -3.6  0.009900 -7.5-99.9-99.9-99.9-9.9 99 4.3 44 -4.7   1  0.8-9.9-9.9
5017219660806 15.7 -5.7  0.009900 -8.0-99.9-99.9-99.9-9.9 99 5.6 58 -1.2  22 17.6-9.9-9.9
5017219660807 13.5  3.6  0.009900 -0.7-99.9-99.9-99.9-9.9 99 7.0 65  1.9   0  0.0-9.9-9.9
5017219660808 17.5 -1.5  0.009900 -3.4-99.9-99.9-99.9-9.9 99 5.3 52 -1.9  21 16.8-9.9-9.9
5017219660809 18.3  3.7  0.009900 -2.0-99.9-99.9-99.9-9.9 99-9.9-99-99.9 -99-99.9-9.9-9.9
5017219660810 15.0 -1.6  0.009900 -4.8-99.9-99.9-99.9-9.9 99 5.6 57 -1.2  15 12.0-9.9-9.9
5017219660811 11.7  0.5  0.009900 -0.8-99.9-99.9-99.9-9.9 99 7.3 78  2.5  22 17.6-9.9-9.9
5017219660812  8.0  4.8  2.519900  4.0-99.9-99.9-99.9-9.9 99 7.3 76  2.5  27 21.6-9.9-9.9
5017219660813 14.7  2.0  0.009900  0.6-99.9-99.9-99.9-9.9 99 6.4 67  0.6   5  4.0-9.9-9.9
5017219660814 16.0 -2.2  0.009900 -6.0-99.9-99.9-99.9-9.9 99 5.1 52 -2.5   8  6.4-9.9-9.9
5017219660815 19.7 -3.5  0.009900 -5.9-99.9-99.9-99.9-9.9 99 4.3 44 -4.7   6  4.8-9.9-9.9
5017219660816 20.5  4.0  0.009900 -1.4-99.9-99.9-99.9-9.9 99 5.0 41 -2.7  22 17.6-9.9-9.9
5017219660817 22.5  3.0  0.009900 -2.0-99.9-99.9-99.9-9.9 99 5.5 41 -1.4   4  3.2-9.9-9.9
5017219660818 18.5  5.0  0.009900  0.2-99.9-99.9-99.9-9.9 99 6.0 46 -0.2  13 10.4-9.9-9.9
5017219660819 20.0  0.5  0.009900 -4.0-99.9-99.9-99.9-9.9 99 5.9 52 -0.5   5  4.0-9.9-9.9
5017219660820 22.0  2.0  0.009900 -3.0-99.9-99.9-99.9-9.9 99 6.0 42 -0.2   8  6.4-9.9-9.9
5017219660821 19.8  0.3  0.009900 -3.9-99.9-99.9-99.9-9.9 99 4.7 53 -3.6  11  8.8-9.9-9.9
5017219660822 14.4 -1.5  0.009900 -6.0-99.9-99.9-99.9-9.9 99 5.3 53 -1.9  17 13.6-9.9-9.9
5017219660823 19.5 -0.8  0.009900 -4.7-99.9-99.9-99.9-9.9 99 6.5 56  0.9   1  0.8-9.9-9.9
5017219660824 23.0  3.0  0.009900 -1.0-99.9-99.9-99.9-9.9 99 6.2 41  0.2  15 12.0-9.9-9.9
5017219660825 23.5  8.0  0.009900  3.4-99.9-99.9-99.9-9.9 99 6.1 34  0.0   8  6.4-9.9-9.9
5017219660826 24.0  6.5  0.009900  0.7-99.9-99.9-99.9-9.9 99 6.2 41  0.2   6  4.8-9.9-9.9
5017219660827 20.3  5.1  0.009900  1.3-99.9-99.9-99.9-9.9 99 5.9 41 -0.5   9  7.2-9.9-9.9
5017219660828 22.0  2.7  0.009900  0.3-99.9-99.9-99.9-9.9 99 5.6 40 -1.2   1  0.8-9.9-9.9
5017219660829 23.5  2.2  0.009900 -2.8-99.9-99.9-99.9-9.9 99 5.2 36 -2.2  11  8.8-9.9-9.9
5017219660830 20.0  6.8  0.009900  3.5-99.9-99.9-99.9-9.9 99 5.1 36 -2.5  23 18.4-9.9-9.9
5017219660831 11.5 -0.5  0.009900 -6.5-99.9-99.9-99.9-9.9 99 3.1 36 -9.0  22 17.6-9.9-9.9
5017219660901 13.7 -6.0  0.009900 -9.3-99.9-99.9-99.9-9.9 99 2.8 33-10.3  14 11.2-9.9-9.9
5017219660902 18.5 -2.5  0.009900 -7.8-99.9-99.9-99.9-9.9 99 3.0 33 -9.4  16 12.8-9.9-9.9
5017219660903 17.7  1.6  0.009900 -2.7-99.9-99.9-99.9-9.9 99 4.9 40 -3.0  11  8.8-9.9-9.9
5017219660904 19.2  3.0  0.009900 -1.9-99.9-99.9-99.9-9.9 99 5.4 43 -1.7  11  8.8-9.9-9.9
5017219660905 22.0 -1.6  0.009900 -6.0-99.9-99.9-99.9-9.9 99 4.4 33 -4.4   5  4.0-9.9-9.9
5017219660906 26.0  2.0  0.009900 -2.5-99.9-99.9-99.9-9.9 99 4.7 30 -3.6  11  8.8-9.9-9.9
5017219660907 22.2  4.5  0.009900  0.3-99.9-99.9-99.9-9.9 99 5.2 33 -2.2  16 12.8-9.9-9.9
5017219660908 13.6  6.3  0.009900  5.4-99.9-99.9-99.9-9.9 99 5.7 51 -1.0  23 18.4-9.9-9.9
5017219660909 23.2  2.1  0.009900 -1.3-99.9-99.9-99.9-9.9 99 6.6 46  1.1  13 10.4-9.9-9.9
5017219660910 18.8  4.2  0.009900 -3.5-99.9-99.9-99.9-9.9 99 4.8 35 -3.3   3  2.4-9.9-9.9
5017219660911 25.7  1.6  0.009900 -4.4-99.9-99.9-99.9-9.9 99 4.8 26 -3.3  21 16.8-9.9-9.9
5017219660912 28.5  1.8  0.009900 -2.7-99.9-99.9-99.9-9.9 99 4.5 27 -4.1  16 12.8-9.9-9.9
5017219660913 22.5  8.0  0.009900  5.9-99.9-99.9-99.9-9.9 99 4.8 31 -3.3   9  7.2-9.9-9.9
5017219660914 20.8  4.8  0.009900  0.1-99.9-99.9-99.9-9.9 99 4.5 32 -4.1  11  8.8-9.9-9.9
5017219660915 22.0  1.2  0.009900 -2.7-99.9-99.9-99.9-9.9 99 5.2 39 -2.2   9  7.2-9.9-9.9
5017219660916 15.6  4.2  0.009900 -1.3-99.9-99.9-99.9-9.9 99 5.5 45 -1.4  22 17.6-9.9-9.9
5017219660917 11.2  2.0  8.419901  4.4-99.9-99.9-99.9-9.9 99 6.6 83  1.1  18 14.4-9.9-9.9
5017219660918  3.5 -0.2  1.419901 -0.4-99.9-99.9-99.9-9.9 99 7.1 99  2.1  11  8.8-9.9-9.9
5017219660919  8.3  2.5  2.419900  2.7-99.9-99.9-99.9-9.9 99 8.4 91  4.5   2  1.6-9.9-9.9
5017219660920 14.0  5.0  0.009900  4.4-99.9-99.9-99.9-9.9 99 7.3 74  2.5   8  6.4-9.9-9.9
5017219660921 20.0 -0.5  0.009900 -4.1-99.9-99.9-99.9-9.9 99 8.1 62  3.9   8  6.4-9.9-9.9
5017219660922 23.0  5.4  0.009900  1.8-99.9-99.9-99.9-9.9 99 7.8 49  3.4   4  3.2-9.9-9.9
5017219660923 28.0  8.0  0.009900  4.7-99.9-99.9-99.9-9.9 99 8.2 40  4.1  22 17.6-9.9-9.9
5017219660924 21.0  9.0  0.009900  3.6-99.9-99.9-99.9-9.9 99 6.2 37  0.2  31 24.8-9.9-9.9
5017219660925 21.7  2.0  0.009900-99.9-99.9-99.9-99.9-9.9 99 5.4 36 -1.7  10  8.0-9.9-9.9
5017219660926 24.0  2.5  0.009900 -1.7-99.9-99.9-99.9-9.9 99 7.1 43  2.1   3  2.4-9.9-9.9
5017219660927 26.7  6.5  0.009900  1.6-99.9-99.9-99.9-9.9 99 9.6 46  6.4   3  2.4-9.9-9.9
5017219660928 29.0 11.0  0.009900  5.9-99.9-99.9-99.9-9.9 99 9.6 46  6.4   3  2.4-9.9-9.9
5017219660929 22.5 11.0  0.009900  9.3-99.9-99.9-99.9-9.9 99 7.9 40  3.6  19 15.2-9.9-9.9
5017219660930 18.5  9.7  0.009900  6.5-99.9-99.9-99.9-9.9 99 9.3 60  5.9   6  4.8-9.9-9.9
5017219661001 20.4  7.0  0.009900  4.5-99.9-99.9-99.9 0.0  0 7.6 48  3.0  17 13.6 6.0 3.3
5017219661002 16.5  8.1  0.009900  5.5-99.9-99.9-99.9 0.0  0 8.1 55  3.9  19 15.2 6.0 3.0
5017219661003 17.7  1.0  0.009900 -3.8-99.9-99.9-99.9 0.0  0 5.9 41 -0.5   8  6.4 6.1 2.1
5017219661004 23.0  2.6  0.009900 -1.0-99.9-99.9-99.9 0.0  0 6.6 38  1.1  12  9.6 6.1 2.9
5017219661005 21.0  8.5  0.009900  6.5-99.9-99.9-99.9 0.0  0-9.9-99-99.9 -99-99.9 6.1-9.9
5017219661006 28.8  5.0  0.009900  1.0-99.9-99.9-99.9 0.0  0 8.9 43  5.3   5  4.0 6.2 2.5
5017219661007 25.0  9.6  0.009900  4.5-99.9-99.9-99.9 0.0  0 6.9 34  1.7   1  0.8 6.2 2.3
5017219661008 29.5  4.6  0.009900 -0.3-99.9-99.9-99.9 0.0  0 8.2 39  4.1   0  0.0 6.3 2.0
5017219661009 34.8  8.6  0.009900  5.0-99.9-99.9-99.9 0.0  010.7 36  8.0  12  9.6 6.3 3.9
5017219661010 27.2 13.0  0.009900 10.3-99.9-99.9-99.9 0.0  0-9.9-99-99.9 -99-99.9 6.4-9.9
5017219661011 20.5  7.5  0.009900  5.2-99.9-99.9-99.9 0.0  0 6.5 42  0.9  19 15.2 6.4 4.0
5017219661012 28.2  4.0  0.009900 -1.8-99.9-99.9-99.9 0.0  0 7.5 34  2.9   5  4.0 6.4 2.6
5017219661013 27.5  9.0  0.009900  6.0-99.9-99.9-99.9 0.0  0 6.4 30  0.6   8  6.4 6.5 3.4
5017219661014 23.2  8.5  0.009900  6.8-99.9-99.9-99.9 0.0  0 5.9 32 -0.5  24 19.2 6.5 5.3
5017219661015 23.7  3.1  0.009900 -2.5-99.9-99.9-99.9 0.0  0 4.8 27 -3.3   8  6.4 6.6 3.0
5017219661016 27.2  2.5  0.009900 -1.0-99.9-99.9-99.9 0.0  0 7.2 34  2.3  12  9.6 6.6 3.3
5017219661017 24.5  6.0  0.009900  2.5-99.9-99.9-99.9 0.0  0 9.0 46  5.4  10  8.0 6.6 2.8
5017219661018 24.0  6.5  0.009900  1.5-99.9-99.9-99.9 0.0  0 8.9 42  5.3   8  6.4 6.7 2.6
5017219661019 27.0  5.5  0.009900  0.6-99.9-99.9-99.9 0.0  0 9.5 45  6.2   8  6.4 6.7 2.7
5017219661020 27.0 10.3  2.619900  5.2-99.9-99.9-99.9 0.0  0 9.3 47  5.9  23 18.4 6.8 4.9
5017219661021 18.3  8.4  0.119900  6.0-99.9-99.9-99.9 0.0  010.5 71  7.7   6  4.8 6.8 1.9
5017219661022 23.8  2.7  0.009900 -2.5-99.9-99.9-99.9 0.0  0 7.0 38  1.9   0  0.0 6.8 1.9
5017219661023 30.2  5.6  0.009900  0.2-99.9-99.9-99.9 0.0  0 8.0 34  3.8   3  2.4 6.9 2.6
5017219661024 30.8  7.5  0.009900  2.3-99.9-99.9-99.9 0.0  010.0 40  7.0   4  3.2 6.9 2.7
5017219661025 30.3  9.5  0.009900  6.2-99.9-99.9-99.9 0.0  0 6.3 31  0.4  33 26.4 7.0 7.7
5017219661026 21.8  8.4  0.009900  6.8-99.9-99.9-99.9 0.0  0 3.2 21 -8.6  16 12.8 7.0 4.9
5017219661027 20.2  1.7  0.009900 -3.9-99.9-99.9-99.9 0.0  0 4.8 31 -3.3  12  9.6 7.0 3.2
5017219661028 22.5  2.5  0.009900 -2.6-99.9-99.9-99.9 0.0  0 5.0 29 -2.7   2  1.6 7.1 2.3
5017219661029 25.0  2.0  0.009900 -2.4-99.9-99.9-99.9 0.0  0 5.8 30 -0.7   4  3.2 7.1 2.5
5017219661030 28.5  7.5  0.009900  3.3-99.9-99.9-99.9 0.0  0 7.5 31  2.9   9  7.2 7.1 3.5
5017219661031 32.0  9.8  0.009900  3.8-99.9-99.9-99.9 0.0  0 8.1 32  3.9   8  6.4 7.2 3.7
5017219661101 34.0 13.0  0.009900  7.5-99.9-99.9-99.9-9.9 9911.4 37  8.9   4  3.2-9.9-9.9
5017219661102 30.0 17.4  0.009900 16.5-99.9-99.9-99.9-9.9 99 8.4 29  4.5  27 21.6-9.9-9.9
5017219661103 22.4 12.6  2.419900 13.6-99.9-99.9-99.9-9.9 9912.2 69  9.9  44 35.2-9.9-9.9
5017219661104 16.0 11.1  1.819900 11.5-99.9-99.9-99.9-9.9 9915.7 94 13.7  10  8.0-9.9-9.9
5017219661105 22.2 14.7  0.519900 15.0-99.9-99.9-99.9-9.9 9918.3 92 16.1  11  8.8-9.9-9.9
5017219661106 26.8 15.5  0.009900 13.7-99.9-99.9-99.9-9.9 9910.6 44  7.8  16 12.8-9.9-9.9
5017219661107 24.5 12.6 85.019900  8.5-99.9-99.9-99.9-9.9 9913.8 73 11.8  13 10.4-9.9-9.9
5017219661108 14.0 10.0 13.919900-99.9-99.9-99.9-99.9-9.9 9912.4 96 10.1  33 26.4-9.9-9.9
5017219661109 18.7  9.0  0.219900  8.0-99.9-99.9-99.9-9.9 9914.8 89 12.8   4  3.2-9.9-9.9
5017219661110 23.1 14.0  0.009900 12.5-99.9-99.9-99.9-9.9 9915.2 75 13.2  10  8.0-9.9-9.9
5017219661111 25.0  8.7  0.009900  5.3-99.9-99.9-99.9-9.9 9910.4 48  7.5   4  3.2-9.9-9.9
5017219661112 25.4 10.0  0.009900  7.3-99.9-99.9-99.9-9.9 9911.1 56  8.5   8  6.4-9.9-9.9
5017219661113 25.5  8.5  0.819900  6.0-99.9-99.9-99.9-9.9 9911.4 52  8.9  16 12.8-9.9-9.9
5017219661114 21.5  6.4  0.009900  3.8-99.9-99.9-99.9-9.9 99 9.1 54  5.6   5  4.0-9.9-9.9
5017219661115 23.5  5.5  0.009900  2.5-99.9-99.9-99.9-9.9 99 9.8 52  6.7   4  3.2-9.9-9.9
5017219661116 28.5  8.4  0.009900  4.2-99.9-99.9-99.9-9.9 9910.2 43  7.3   3  2.4-9.9-9.9
5017219661117 31.0  9.4  0.009900  5.2-99.9-99.9-99.9-9.9 99 9.3 36  5.9   6  4.8-9.9-9.9
5017219661118 32.5 10.5  0.009900  7.2-99.9-99.9-99.9-9.9 9911.7 45  9.3  19 15.2-9.9-9.9
5017219661119 29.4 14.4  0.009900 10.7-99.9-99.9-99.9-9.9 9911.8 44  9.4  14 11.2-9.9-9.9
5017219661120 33.2 14.0  0.009900 11.0-99.9-99.9-99.9-9.9 9914.8 44 12.8   8  6.4-9.9-9.9
5017219661121 36.5 16.5  0.009900 12.3-99.9-99.9-99.9-9.9 9915.1 40 13.1  12  9.6-9.9-9.9
5017219661122 29.5 18.8  0.009900 18.3-99.9-99.9-99.9-9.9 9912.8 46 10.6  16 12.8-9.9-9.9
5017219661123 29.0 16.6  0.009900 15.0-99.9-99.9-99.9-9.9 9912.6 44 10.4  22 17.6-9.9-9.9
5017219661124 33.0 15.1  0.009900 12.1-99.9-99.9-99.9-9.9 9918.3 65 16.1   8  6.4-9.9-9.9
5017219661125 29.5 15.0  0.009900 13.5-99.9-99.9-99.9-9.9 9911.5 42  9.0  13 10.4-9.9-9.9
5017219661126 31.5 14.0  0.009900 11.6-99.9-99.9-99.9-9.9 9916.2 51 14.2   7  5.6-9.9-9.9
5017219661127 34.5 18.1  2.619900 15.8-99.9-99.9-99.9-9.9 9921.0 57 18.3   8  6.4-9.9-9.9
5017219661128 27.4 17.5 14.819900 17.5-99.9-99.9-99.9-9.9 9919.1 69 16.8   0  0.0-9.9-9.9
5017219661129 23.0 12.4  5.319900 12.2-99.9-99.9-99.9-9.9 9915.8 81 13.8   6  4.8-9.9-9.9
5017219661130 30.5 13.5  0.009900 10.0-99.9-99.9-99.9-9.9 9914.7 53 12.7  11  8.8-9.9-9.9
5017219661201 30.5 16.0  4.019900 14.8-99.9-99.9-99.9-9.9 9916.9 53 14.9  17 13.6-9.9-9.9
5017219661202 28.2 14.8  0.009900 13.5-99.9-99.9-99.9-9.9 9914.1 55 12.1   1  0.8-9.9-9.9
5017219661203 26.0 14.6  2.719900 12.7-99.9-99.9-99.9-9.9 9912.2 55  9.9  17 13.6-9.9-9.9
5017219661204 21.4  9.6  0.009900  9.5-99.9-99.9-99.9-9.9 99 8.7 51  5.0   4  3.2-9.9-9.9
5017219661205 28.0  9.5  0.009900  8.0-99.9-99.9-99.9-9.9 9910.1 45  7.1  11  8.8-9.9-9.9
5017219661206 31.0 12.0  0.009900  8.5-99.9-99.9-99.9-9.9 9910.5 36  7.7   9  7.2-9.9-9.9
5017219661207 32.0 14.0  0.009900 12.5-99.9-99.9-99.9-9.9 9915.4 49 13.4  11  8.8-9.9-9.9
5017219661208 31.5 18.4  0.009900 17.3-99.9-99.9-99.9-9.9 9917.2 51 15.1  14 11.2-9.9-9.9
5017219661209 31.0 16.6  0.009900 15.5-99.9-99.9-99.9-9.9 9913.6 45 11.5   9  7.2-9.9-9.9
5017219661210 35.5 16.5  0.009900 13.5-99.9-99.9-99.9-9.9 9915.0 45 13.0  23 18.4-9.9-9.9
5017219661211 24.3 10.0  0.009900  6.5-99.9-99.9-99.9-9.9 99 8.3 38  4.3  13 10.4-9.9-9.9
5017219661212 26.0  8.8  0.009900  6.5-99.9-99.9-99.9-9.9 99 8.8 41  5.1  13 10.4-9.9-9.9
5017219661213 29.5 11.5  0.009900 10.1-99.9-99.9-99.9-9.9 9912.2 48  9.9   9  7.2-9.9-9.9
5017219661214 29.6 12.0  0.009900  9.0-99.9-99.9-99.9-9.9 99 7.1 30  2.1   2  1.6-9.9-9.9
5017219661215 34.0 10.1  0.009900  4.3-99.9-99.9-99.9-9.9 9910.8 37  8.1   8  6.4-9.9-9.9
5017219661216 30.5 15.0  0.009900 12.0-99.9-99.9-99.9-9.9 99 7.6 27  3.0  19 15.2-9.9-9.9
5017219661217 26.3 12.8  0.009900 11.5-99.9-99.9-99.9-9.9 99 8.2 36  4.1  16 12.8-9.9-9.9
5017219661218 26.5 11.6  0.009900  8.4-99.9-99.9-99.9-9.9 99 7.6 30  3.0  26 20.8-9.9-9.9
5017219661219 28.5  8.6  0.009900  4.1-99.9-99.9-99.9-9.9 99 9.4 38  6.1  13 10.4-9.9-9.9
5017219661220 24.7 13.0  0.009900 10.0-99.9-99.9-99.9-9.9 99 6.0 29 -0.2  15 12.0-9.9-9.9
5017219661221 23.5 10.2  0.009900  6.7-99.9-99.9-99.9-9.9 99 7.9 40  3.6  19 15.2-9.9-9.9
5017219661222 21.5 12.1  0.009900 11.7-99.9-99.9-99.9-9.9 99 8.9 48  5.3   8  6.4-9.9-9.9
5017219661223 24.5  6.5  0.009900  2.4-99.9-99.9-99.9-9.9 99 9.9 52  6.8   8  6.4-9.9-9.9
5017219661224 28.5  9.5  0.009900  6.8-99.9-99.9-99.9-9.9 99 9.8 42  6.7  14 11.2-9.9-9.9
5017219661225 32.5 12.1  0.009900  9.0-99.9-99.9-99.9-9.9 99 9.5 38  6.2   8  6.4-9.9-9.9
5017219661226 35.0 15.0  0.009900 10.0-99.9-99.9-99.9-9.9 9910.5 32  7.7   8  6.4-9.9-9.9
5017219661227 36.0 15.0  0.009900  9.8-99.9-99.9-99.9-9.9 9910.4 29  7.5   9  7.2-9.9-9.9
5017219661228 30.5 17.5  0.719900 13.5-99.9-99.9-99.9-9.9 9910.3 38  7.4  11  8.8-9.9-9.9
5017219661229 23.0 13.5  0.009900 10.4-99.9-99.9-99.9-9.9 9913.2 46 11.1   9  7.2-9.9-9.9
5017219661230 33.0 12.5  0.919900  8.5-99.9-99.9-99.9-9.9 9913.1 52 11.0   8  6.4-9.9-9.9
5017219661231 30.5 16.0  2.019910 14.1-99.9-99.9-99.9-9.9 9915.6 66 13.6  13 10.4-9.9-9.9
5017219670101 34.0 12.0  0.009900  9.5-99.9-99.9-99.9-9.9 99-9.9 50-99.9 -99-99.9-9.9-9.9
5017219670102 31.0 18.0  0.009900 17.3-99.9-99.9-99.9-9.9 9912.1 46  9.8   0  0.0-9.9-9.9
5017219670103 31.0 12.5  0.009900  7.2-99.9-99.9-99.9-9.9 9911.8 44  9.4   8  6.4-9.9-9.9
5017219670104 34.0 14.1  0.519900 10.0-99.9-99.9-99.9-9.9 9914.3 53 12.3   1  0.8-9.9-9.9
5017219670105 32.0 13.2  2.319900  7.8-99.9-99.9-99.9-9.9 9911.8 39  9.4   4  3.2-9.9-9.9
5017219670106 32.0 16.3 14.919910 13.8-99.9-99.9-99.9-9.9 9916.4 60 14.4   6  4.8-9.9-9.9
5017219670107 26.5 12.7  0.819900 11.1-99.9-99.9-99.9-9.9 9914.9 69 12.9   4  3.2-9.9-9.9
5017219670108 28.5 11.0  0.009900  8.0-99.9-99.9-99.9-9.9 9913.2 47 11.1   3  2.4-9.9-9.9
5017219670109 30.2 12.5  0.009900  8.0-99.9-99.9-99.9-9.9 9911.3 42  8.8   2  1.6-9.9-9.9
5017219670110 34.3 14.0  0.009900 11.1-99.9-99.9-99.9-9.9 9912.9 43 10.7   6  4.8-9.9-9.9
5017219670111 37.4 17.5  8.219910 15.2-99.9-99.9-99.9-9.9 9914.8 39 12.8   9  7.2-9.9-9.9
5017219670112 35.5 16.6  0.419900 12.6-99.9-99.9-99.9-9.9 9914.8 43 12.8   0  0.0-9.9-9.9
5017219670113 33.0 17.5  0.009910 13.4-99.9-99.9-99.9-9.9 9913.4 42 11.3   8  6.4-9.9-9.9
5017219670114 35.2 16.0  0.009900 12.7-99.9-99.9-99.9-9.9 9912.0 35  9.7  11  8.8-9.9-9.9
5017219670115 23.0 14.0  0.009900 10.2-99.9-99.9-99.9-9.9 9915.5 45 13.5  11  8.8-9.9-9.9
5017219670116 38.5 17.0  0.009900 13.3-99.9-99.9-99.9-9.9 9911.5 31  9.0   3  2.4-9.9-9.9
5017219670117 30.2 16.0  0.009900 13.8-99.9-99.9-99.9-9.9 99 8.3 35  4.3   2  1.6-9.9-9.9
5017219670118 21.5  9.8  0.009900  5.7-99.9-99.9-99.9-9.9 99 9.1 45  5.6   8  6.4-9.9-9.9
5017219670119 27.5  8.5  0.009900  4.8-99.9-99.9-99.9-9.9 99 9.2 49  5.8  10  8.0-9.9-9.9
5017219670120 22.0  6.8  0.009900  1.5-99.9-99.9-99.9-9.9 99 7.5 46  2.9   5  4.0-9.9-9.9
5017219670121 26.2  5.1  0.009900  0.8-99.9-99.9-99.9-9.9 99 8.1 44  3.9   6  4.8-9.9-9.9
5017219670122 30.5  9.0  0.009900  4.2-99.9-99.9-99.9-9.9 9911.5 44  9.0   0  0.0-9.9-9.9
5017219670123 33.0 13.0  0.009900  9.0-99.9-99.9-99.9-9.9 99 9.8 34  6.7   8  6.4-9.9-9.9
5017219670124 34.6 15.0  0.009900 11.5-99.9-99.9-99.9-9.9 9912.1 40  9.8  11  8.8-9.9-9.9
5017219670125 36.3 14.6  0.719900 12.2-99.9-99.9-99.9-9.9 9913.5 42 11.4  11  8.8-9.9-9.9
5017219670126 36.6 16.5  0.009900 13.3-99.9-99.9-99.9-9.9 9915.6 44 13.6  17 13.6-9.9-9.9
5017219670127 34.7 20.5  0.009900 18.4-99.9-99.9-99.9-9.9 9918.9 55 16.6  11  8.8-9.9-9.9
5017219670128 35.3 19.5  0.009900 16.5-99.9-99.9-99.9-9.9 9920.7 57 18.1  10  8.0-9.9-9.9
5017219670129 37.6 20.5  0.009900 18.6-99.9-99.9-99.9-9.9 9918.2 42 16.0  11  8.8-9.9-9.9
5017219670130 38.2 21.6  7.219900 17.7-99.9-99.9-99.9-9.9 9918.0 44 15.8  15 12.0-9.9-9.9
5017219670131 32.0 16.6  0.009900 13.7-99.9-99.9-99.9-9.9 9913.7 46 11.6   6  4.8-9.9-9.9
5017219670201 28.5 16.8  0.009900 14.6-99.9-99.9-99.9-9.9 99 7.4 30  2.7  16 12.8-9.9-9.9
5017219670202 29.2  9.5  0.009900  5.3-99.9-99.9-99.9-9.9 99 9.1 38  5.6  14 11.2-9.9-9.9
5017219670203 34.0 11.5  0.009900  8.0-99.9-99.9-99.9-9.9 9912.0 40  9.7   5  4.0-9.9-9.9
5017219670204 36.2 17.5  0.009900-99.9-99.9-99.9-99.9-9.9 9912.0 36  9.7  11  8.8-9.9-9.9
5017219670205 37.7 18.5  0.009900 14.4-99.9-99.9-99.9-9.9 9916.3 43 14.3   5  4.0-9.9-9.9
5017219670206 35.5 20.2  0.009900 18.0-99.9-99.9-99.9-9.9 9912.3 36 10.0  13 10.4-9.9-9.9
5017219670207 32.2 18.8  0.009900 16.5-99.9-99.9-99.9-9.9 99 9.5 32  6.2  11  8.8-9.9-9.9
5017219670208 37.1 13.5  0.009900 10.5-99.9-99.9-99.9-9.9 9912.2 35  9.9   1  0.8-9.9-9.9
5017219670209 36.6 14.8  0.009900 11.7-99.9-99.9-99.9-9.9 9912.5 38 10.3   8  6.4-9.9-9.9
5017219670210 35.3 18.3  0.009900 16.5-99.9-99.9-99.9-9.9 9915.8 51 13.8   6  4.8-9.9-9.9
5017219670211 32.0 19.0  0.919900 17.8-99.9-99.9-99.9-9.9 9917.2 65 15.1   3  2.4-9.9-9.9
5017219670212 26.2 14.2  3.019900 13.0-99.9-99.9-99.9-9.9 9910.9 47  8.2   9  7.2-9.9-9.9
5017219670213 31.5 15.0  0.009900 13.5-99.9-99.9-99.9-9.9 9917.4 64 15.3   4  3.2-9.9-9.9
5017219670214 33.0 16.6  0.009900 15.0-99.9-99.9-99.9-9.9 9917.0 62 15.0  11  8.8-9.9-9.9
5017219670215 27.2 11.7  3.419900  6.8-99.9-99.9-99.9-9.9 9910.5 49  7.7  13 10.4-9.9-9.9
5017219670216 24.5  9.3  0.009900  5.0-99.9-99.9-99.9-9.9 99 7.6 40  3.0   8  6.4-9.9-9.9
5017219670217 31.5  7.4  0.009900  2.1-99.9-99.9-99.9-9.9 99 8.9 37  5.3  16 12.8-9.9-9.9
5017219670218 31.5 12.2  0.009900  6.8-99.9-99.9-99.9-9.9 9910.8 41  8.1   1  0.8-9.9-9.9
5017219670219 35.0 12.0  0.009900  8.6-99.9-99.9-99.9-9.9 9911.8 40  9.4  13 10.4-9.9-9.9
5017219670220 35.5 16.7  0.009900 13.0-99.9-99.9-99.9-9.9 9910.3 32  7.4   5  4.0-9.9-9.9
5017219670221 37.7 16.7  1.319900 12.7-99.9-99.9-99.9-9.9 9913.9 40 11.9   8  6.4-9.9-9.9
5017219670222 31.7 18.5  8.319900 14.8-99.9-99.9-99.9-9.9 9912.6 46 10.4  21 16.8-9.9-9.9
5017219670223 28.2 14.7  0.009900 12.5-99.9-99.9-99.9-9.9 9912.1 50  9.8  11  8.8-9.9-9.9
5017219670224 29.5 10.0  0.009900  5.5-99.9-99.9-99.9-9.9 9910.8 48  8.1   6  4.8-9.9-9.9
5017219670225 32.0 11.5  0.009900  7.8-99.9-99.9-99.9-9.9 9914.0 53 12.0   3  2.4-9.9-9.9
5017219670226 33.0 16.0  0.009900 13.8-99.9-99.9-99.9-9.9 9912.9 45 10.7   9  7.2-9.9-9.9
5017219670227 33.5 14.5  0.009900 10.3-99.9-99.9-99.9-9.9 9911.0 40  8.4   4  3.2-9.9-9.9
5017219670228 32.0 12.5  0.009900  7.7-99.9-99.9-99.9-9.9 99 9.4 36  6.1   4  3.2-9.9-9.9
5017219670301 27.0 16.0  3.519900 15.3-99.9-99.9-99.9-9.9 9914.9 62 12.9   0  0.0-9.9-9.9
5017219670302 21.7 15.8  2.019900 14.8-99.9-99.9-99.9-9.9 9917.4 87 15.3   0  0.0-9.9-9.9
5017219670303 28.7 12.5  0.009900 10.0-99.9-99.9-99.9-9.9 9916.2 69 14.2   5  4.0-9.9-9.9
5017219670304 32.0 12.0  0.719900  9.2-99.9-99.9-99.9-9.9 9913.1 51 11.0   4  3.2-9.9-9.9
5017219670305 33.1 14.5  0.009900 11.5-99.9-99.9-99.9-9.9 9914.6 52 12.6   3  2.4-9.9-9.9
5017219670306 35.3 13.7  0.009900  9.4-99.9-99.9-99.9-9.9 9913.2 44 11.1   5  4.0-9.9-9.9
5017219670307 32.5 12.5  0.009900 10.0-99.9-99.9-99.9-9.9 9911.5 46  9.0   0  0.0-9.9-9.9
5017219670308 28.0 13.0  0.009900  9.7-99.9-99.9-99.9-9.9 99 9.9 44  6.8   8  6.4-9.9-9.9
5017219670309 24.0  7.8  0.009900  4.5-99.9-99.9-99.9-9.9 99 8.7 56  5.0   0  0.0-9.9-9.9
5017219670310 27.7  4.6  0.009900  0.3-99.9-99.9-99.9-9.9 99 9.3 54  5.9   0  0.0-9.9-9.9
5017219670311 30.5  9.2  0.009900  3.7-99.9-99.9-99.9-9.9 99 9.5 43  6.2   6  4.8-9.9-9.9
5017219670312 31.5 10.0  0.009900  5.5-99.9-99.9-99.9-9.9 99 9.5 38  6.2   5  4.0-9.9-9.9
5017219670313 24.2 12.4  0.009900 12.0-99.9-99.9-99.9-9.9 9911.3 59  8.8   6  4.8-9.9-9.9
5017219670314 25.5  7.3  0.009900  3.0-99.9-99.9-99.9-9.9 99 8.9 50  5.3   3  2.4-9.9-9.9
5017219670315 25.5 10.5  0.009900  7.3-99.9-99.9-99.9-9.9 9913.6 62 11.5   8  6.4-9.9-9.9
5017219670316 29.2 14.6  0.009900 13.4-99.9-99.9-99.9-9.9 9912.8 50 10.6  13 10.4-9.9-9.9
5017219670317 30.5 12.2  5.119900  9.0-99.9-99.9-99.9-9.9 9914.9 60 12.9   0  0.0-9.9-9.9
5017219670318 28.7 14.5 18.119900 13.1-99.9-99.9-99.9-9.9 9916.1 66 14.1   4  3.2-9.9-9.9
5017219670319 21.7 14.4  3.619900 13.5-99.9-99.9-99.9-9.9 9916.6 78 14.6  19 15.2-9.9-9.9
5017219670320 24.6 12.6  6.719900 11.2-99.9-99.9-99.9-9.9 9913.0 70 10.9  11  8.8-9.9-9.9
5017219670321 19.5 10.0  0.009900  9.0-99.9-99.9-99.9-9.9 9910.0 66  7.0   8  6.4-9.9-9.9
5017219670322 23.7  4.6  0.009900  2.0-99.9-99.9-99.9-9.9 99 9.7 64  6.5   3  2.4-9.9-9.9
5017219670323 28.0  9.0  0.009900  5.0-99.9-99.9-99.9-9.9 9911.9 61  9.5   6  4.8-9.9-9.9
5017219670324 30.0  8.5  0.009900  5.5-99.9-99.9-99.9-9.9 9912.6 59 10.4   4  3.2-9.9-9.9
5017219670325 32.0 13.0  0.009900  7.5-99.9-99.9-99.9-9.9 9913.1 53 11.0  11  8.8-9.9-9.9
5017219670326 31.6 12.7  0.009900  9.1-99.9-99.9-99.9-9.9 9913.7 53 11.6   0  0.0-9.9-9.9
5017219670327 32.5 11.8  0.009900  9.2-99.9-99.9-99.9-9.9 9911.5 48  9.0   3  2.4-9.9-9.9
5017219670328 34.0 12.5  0.009900  9.0-99.9-99.9-99.9-9.9 9914.1 57 12.1   8  6.4-9.9-9.9
5017219670329 25.0 11.6  0.009900  7.2-99.9-99.9-99.9-9.9 99 8.5 43  4.6   6  4.8-9.9-9.9
5017219670330 22.5  3.0  0.009900 -1.3-99.9-99.9-99.9-9.9 99 7.8 52  3.4   0  0.0-9.9-9.9
5017219670331 28.5  5.5  0.009900 -0.4-99.9-99.9-99.9-9.9 99 9.2 50  5.8   6  4.8-9.9-9.9
5017219670401 29.4  8.7  0.009900  4.7-99.9-99.9-99.9-9.9 9912.3 60 10.0   8  6.4-9.9-9.9
5017219670402 25.5 11.6  0.009900  8.0-99.9-99.9-99.9-9.9 99 9.0 40  5.4  19 15.2-9.9-9.9
5017219670403 30.0 12.5  0.009900 10.6-99.9-99.9-99.9-9.9 9913.2 51 11.1   8  6.4-9.9-9.9
5017219670404 31.5  9.1  0.009900 11.3-99.9-99.9-99.9-9.9 9920.9 75 18.2   3  2.4-9.9-9.9
5017219670405 31.7 20.0  0.009900 18.7-99.9-99.9-99.9-9.9 9920.5 65 17.9   8  6.4-9.9-9.9
5017219670406 28.5 17.5  0.009900 15.5-99.9-99.9-99.9-9.9 9914.5 54 12.5  11  8.8-9.9-9.9
5017219670407 29.0 14.4  0.009900 10.7-99.9-99.9-99.9-9.9 99 8.4 33  4.5  11  8.8-9.9-9.9
5017219670408 23.8 14.5  0.719900 11.8-99.9-99.9-99.9-9.9 9915.9 87 13.9   8  6.4-9.9-9.9
5017219670409 30.0 16.5  0.009900 16.5-99.9-99.9-99.9-9.9 9920.3 75 17.7   0  0.0-9.9-9.9
5017219670410 33.8 18.2  0.009900 15.0-99.9-99.9-99.9-9.9 9919.7 63 17.3   5  4.0-9.9-9.9
5017219670411 27.7 18.2  0.009900 15.3-99.9-99.9-99.9-9.9 99 9.9 41  6.8   8  6.4-9.9-9.9
5017219670412 30.0  7.0  0.009900  3.3-99.9-99.9-99.9-9.9 99 9.6 51  6.4   5  4.0-9.9-9.9
5017219670413 25.0  9.7  0.009900  5.2-99.9-99.9-99.9-9.9 99 8.1 46  3.9  13 10.4-9.9-9.9
5017219670414 27.0  6.0  0.009900  0.2-99.9-99.9-99.9-9.9 99 7.1 42  2.1   9  7.2-9.9-9.9
5017219670415 30.7  4.8  0.009900  0.2-99.9-99.9-99.9-9.9 99 9.9 51  6.8   1  0.8-9.9-9.9
5017219670416 30.0  8.0  0.009900  4.3-99.9-99.9-99.9-9.9 9914.2 62 12.2   0  0.0-9.9-9.9
5017219670417 25.0 11.0  0.009900  8.1-99.9-99.9-99.9-9.9 99 8.5 50  4.6   8  6.4-9.9-9.9
5017219670418 22.0  4.8  0.009900  0.3-99.9-99.9-99.9-9.9 99 7.2 48  2.3   6  4.8-9.9-9.9
5017219670419 25.5  7.7  0.009900  5.2-99.9-99.9-99.9-9.9 9910.2 62  7.3   5  4.0-9.9-9.9
5017219670420 26.5  6.0  0.009900  1.5-99.9-99.9-99.9-9.9 9910.4 62  7.5   3  2.4-9.9-9.9
5017219670421 28.0  5.7  0.009900  1.5-99.9-99.9-99.9-9.9 9910.3 41  7.4   3  2.4-9.9-9.9
5017219670422 22.5  8.6  0.009900  5.2-99.9-99.9-99.9-9.9 99 8.5 49  4.6   0  0.0-9.9-9.9
5017219670423 18.8 -1.0  0.009900 -6.5-99.9-99.9-99.9-9.9 99 6.6 57  1.1   3  2.4-9.9-9.9
5017219670424 24.5  3.5  0.009900 -4.0-99.9-99.9-99.9-9.9 99 6.1 41  0.0   1  0.8-9.9-9.9
5017219670425 24.2  0.9  0.009900 -3.4-99.9-99.9-99.9-9.9 99 7.2 51  2.3   0  0.0-9.9-9.9
5017219670426 26.5  5.7  0.009900 -1.0-99.9-99.9-99.9-9.9 9910.5 57  7.7   8  6.4-9.9-9.9
5017219670427 24.0  8.3  0.009900  3.5-99.9-99.9-99.9-9.9 9911.4 66  8.9  11  8.8-9.9-9.9
5017219670428 25.2  5.0  0.009900  0.0-99.9-99.9-99.9-9.9 9911.5 67  9.0   0  0.0-9.9-9.9
5017219670429 26.5  5.5  0.009900  0.2-99.9-99.9-99.9-9.9 9912.4 80 10.1   0  0.0-9.9-9.9
5017219670430 25.7  5.1  0.009900  0.1-99.9-99.9-99.9-9.9 9910.4 69  7.5   0  0.0-9.9-9.9
5017219670501 28.0  5.1  0.009900  0.4-99.9-99.9-99.9-9.9 99 9.4 58  6.1   1  0.8-9.9-9.9
5017219670502 28.5  7.2  0.009900  3.0-99.9-99.9-99.9-9.9 9910.1 51  7.1  11  8.8-9.9-9.9
5017219670503 26.5  7.1  0.009900  3.1-99.9-99.9-99.9-9.9 9912.1 69  9.8   3  2.4-9.9-9.9
5017219670504 25.7  8.4  0.009900  4.3-99.9-99.9-99.9-9.9 9911.9 67  9.5   3  2.4-9.9-9.9
5017219670505 26.5  7.5  0.009900  3.4-99.9-99.9-99.9-9.9 9912.5 72 10.3   1  0.8-9.9-9.9
5017219670506 25.5  8.0  0.009900  4.8-99.9-99.9-99.9-9.9 9913.4 72 11.3   4  3.2-9.9-9.9
5017219670507 29.0 10.0  0.009900  6.1-99.9-99.9-99.9-9.9 9914.8 71 12.8   1  0.8-9.9-9.9
5017219670508 25.0 13.0  0.219900 10.0-99.9-99.9-99.9-9.9 9914.8 66 12.8   9  7.2-9.9-9.9
5017219670509 20.8 12.5  0.009900 11.0-99.9-99.9-99.9-9.9 9913.9 83 11.9   6  4.8-9.9-9.9
5017219670510 17.7  7.1  0.009900  2.1-99.9-99.9-99.9-9.9 99 9.0 67  5.4   8  6.4-9.9-9.9
5017219670511 21.5  6.4  0.009900  1.1-99.9-99.9-99.9-9.9 99 8.4 61  4.5   3  2.4-9.9-9.9
5017219670512 25.5  3.5  0.009900 -2.0-99.9-99.9-99.9-9.9 99 7.8 53  3.4   8  6.4-9.9-9.9
5017219670513 27.0  5.1  0.009900  2.1-99.9-99.9-99.9-9.9 99 8.6 55  4.8   1  0.8-9.9-9.9
5017219670514 24.0  6.0  0.009900  2.0-99.9-99.9-99.9-9.9 9910.0 61  7.0   5  4.0-9.9-9.9
5017219670515 27.8  8.5  0.009900  5.1-99.9-99.9-99.9-9.9 9912.3 65 10.0   3  2.4-9.9-9.9
5017219670516 25.0 11.7  0.009900  8.5-99.9-99.9-99.9-9.9 9914.8 73 12.8   6  4.8-9.9-9.9
5017219670517 28.7 12.4  0.009900  9.7-99.9-99.9-99.9-9.9 9913.2 52 11.1  10  8.0-9.9-9.9
5017219670518 24.0  8.0  0.009900  2.2-99.9-99.9-99.9-9.9 99 5.1 32 -2.5  19 15.2-9.9-9.9
5017219670519 17.7  2.5  0.009900 -2.0-99.9-99.9-99.9-9.9 99 6.5 60  0.9   0  0.0-9.9-9.9
5017219670520 23.0  3.8  0.009900 -1.3-99.9-99.9-99.9-9.9 99 9.7 48  6.5  14 11.2-9.9-9.9
5017219670521 22.5  7.6  0.009900  3.2-99.9-99.9-99.9-9.9 9910.9 66  8.2   0  0.0-9.9-9.9
5017219670522 22.5  5.5  0.009900  2.0-99.9-99.9-99.9-9.9 99 9.1 64  5.6   1  0.8-9.9-9.9
5017219670523 17.0  2.5  0.009900 -2.0-99.9-99.9-99.9-9.9 99 9.1 85  5.6   0  0.0-9.9-9.9
5017219670524 23.0  4.1  0.819900  1.3-99.9-99.9-99.9-9.9 9910.7 75  8.0   8  6.4-9.9-9.9
5017219670525 13.5  6.7  0.009900  5.7-99.9-99.9-99.9-9.9 99 6.2 53  0.2  19 15.2-9.9-9.9
5017219670526  9.0  2.0  3.019900 -1.7-99.9-99.9-99.9-9.9 99 8.4 81  4.5   8  6.4-9.9-9.9
5017219670527 10.2  6.0  0.009900  6.3-99.9-99.9-99.9-9.9 9910.2 92  7.3   1  0.8-9.9-9.9
5017219670528 15.0  8.0  0.009900  7.5-99.9-99.9-99.9-9.9 99 9.9 80  6.8   0  0.0-9.9-9.9
5017219670529 12.5  1.5  0.009900 -1.0-99.9-99.9-99.9-9.9 99 8.3 74  4.3  10  8.0-9.9-9.9
5017219670530  9.6  6.3  0.009900  5.9-99.9-99.9-99.9-9.9 99 8.0 76  3.8   3  2.4-9.9-9.9
5017219670531 16.0  3.0  0.009900 -1.7-99.9-99.9-99.9-9.9 99 9.0 77  5.4   4  3.2-9.9-9.9
5017219670601  9.0  4.1  2.019900 -0.5-99.9-99.9-99.9-9.9 99 9.6 95  6.4   6  4.8-9.9-9.9
5017219670602 10.8 -0.5  0.009900 -4.9-99.9-99.9-99.9-9.9 99 5.7 67 -1.0   9  7.2-9.9-9.9
5017219670603 12.0 -2.5  0.009900 -6.6-99.9-99.9-99.9-9.9 99 5.3 67 -1.9   3  2.4-9.9-9.9
5017219670604 13.4 -2.6  0.009900 -7.4-99.9-99.9-99.9-9.9 99 5.5 61 -1.4  11  8.8-9.9-9.9
5017219670605 13.0 -0.5  0.009900 -5.2-99.9-99.9-99.9-9.9 99 5.7 64 -1.0   8  6.4-9.9-9.9
5017219670606 13.7  4.5  0.009900 -2.5-99.9-99.9-99.9-9.9 99 5.1 44 -2.5  13 10.4-9.9-9.9
5017219670607 15.0 -2.0  0.009900 -6.3-99.9-99.9-99.9-9.9 99 4.9 58 -3.0   1  0.8-9.9-9.9
5017219670608 22.2  0.7  0.009900 -3.8-99.9-99.9-99.9-9.9 99 5.1 42 -2.5   8  6.4-9.9-9.9
5017219670609 16.5  0.8  0.009900 -4.4-99.9-99.9-99.9-9.9 99 4.0 50 -5.7   8  6.4-9.9-9.9
5017219670610 18.5 -2.0  0.009900 -8.0-99.9-99.9-99.9-9.9 99 3.9 36 -6.0  15 12.0-9.9-9.9
5017219670611 11.0  0.0  0.009900 -0.7-99.9-99.9-99.9-9.9 99 4.8 68 -3.3  23 18.4-9.9-9.9
5017219670612  5.4 -5.6  0.009900 -7.0-99.9-99.9-99.9-9.9 99 3.6 71 -7.1   0  0.0-9.9-9.9
5017219670613  9.4-10.6  0.009900-15.9-99.9-99.9-99.9-9.9 99 2.6 52-11.2   8  6.4-9.9-9.9
5017219670614 10.5 -4.9  0.009900 -9.2-99.9-99.9-99.9-9.9 99 3.6 54 -7.1  12  9.6-9.9-9.9
5017219670615 13.3 -3.6  0.009900 -6.0-99.9-99.9-99.9-9.9 99 3.9 53 -6.0  14 11.2-9.9-9.9
5017219670616 18.5  1.0  0.009900 -1.4-99.9-99.9-99.9-9.9 99 3.8 38 -6.4  19 15.2-9.9-9.9
5017219670617 15.5 -4.4  0.009900 -8.0-99.9-99.9-99.9-9.9 99 4.1 51 -5.4   8  6.4-9.9-9.9
5017219670618 17.7 -4.4  0.009900 -8.7-99.9-99.9-99.9-9.9 99 3.9 46 -6.0   8  6.4-9.9-9.9
5017219670619  9.5 -2.2  0.009900 -6.3-99.9-99.9-99.9-9.9 99 4.9 68 -3.0   3  2.4-9.9-9.9
5017219670620 16.0 -3.5  0.009900 -8.5-99.9-99.9-99.9-9.9 99 5.5 60 -1.4   6  4.8-9.9-9.9
5017219670621 15.2 -3.8  0.009900 -7.9-99.9-99.9-99.9-9.9 99 5.4 65 -1.7   0  0.0-9.9-9.9
5017219670622 17.0 -0.7  0.009900 -4.8-99.9-99.9-99.9-9.9 99 4.9 55 -3.0   3  2.4-9.9-9.9
5017219670623 18.2 -4.0  0.009900 -9.2-99.9-99.9-99.9-9.9 99 4.3 48 -4.7   3  2.4-9.9-9.9
5017219670624 18.5 -5.0  0.009900-10.3-99.9-99.9-99.9-9.9 99 4.7 59 -3.6  11  8.8-9.9-9.9
5017219670625 14.8 -4.0  0.009900 -9.4-99.9-99.9-99.9-9.9 99 4.5 51 -4.1   3  2.4-9.9-9.9
5017219670626 15.5 -4.4  0.009900 -8.7-99.9-99.9-99.9-9.9 99 4.5 56 -4.1   0  0.0-9.9-9.9
5017219670627 17.0 -2.9  0.009900 -7.3-99.9-99.9-99.9-9.9 99 5.3 58 -1.9   0  0.0-9.9-9.9
5017219670628 14.2 -3.5  0.009900 -7.7-99.9-99.9-99.9-9.9 99 5.6 67 -1.2   8  6.4-9.9-9.9
5017219670629 17.5 -4.6  0.009900 -9.5-99.9-99.9-99.9-9.9 99 5.1 56 -2.5   3  2.4-9.9-9.9
5017219670630 16.5 -2.0  0.009900 -7.3-99.9-99.9-99.9-9.9 99 4.8 47 -3.3  12  9.6-9.9-9.9
5017219670701 20.0  4.0  0.009900 -2.0-99.9-99.9-99.9-9.9 99 6.2 54  0.2   6  4.8-9.9-9.9
5017219670702 19.5  0.0  0.009900 -5.7-99.9-99.9-99.9-9.9 99-9.9-99-99.9 -99-99.9-9.9-9.9
5017219670703 16.7 -1.4  0.009900 -5.0-99.9-99.9-99.9-9.9 99 4.8 50 -3.3   4  3.2-9.9-9.9
5017219670704 19.3 -3.6  0.009900-10.0-99.9-99.9-99.9-9.9 99 2.8 33-10.3   6  4.8-9.9-9.9
5017219670705 18.7  0.5  0.009900 -5.2-99.9-99.9-99.9-9.9 99 6.0 51 -0.2   8  6.4-9.9-9.9
5017219670706 19.5 -0.6  0.009900 -5.4-99.9-99.9-99.9-9.9 99 8.2 66  4.1   0  0.0-9.9-9.9
5017219670707 16.3 -1.3  0.009900 -7.5-99.9-99.9-99.9-9.9 99 4.5 45 -4.1   5  4.0-9.9-9.9
5017219670708 21.0  0.7  0.009900 -3.7-99.9-99.9-99.9-9.9 99 6.5 52  0.9   8  6.4-9.9-9.9
5017219670709 17.4 -1.6  0.009900 -5.0-99.9-99.9-99.9-9.9 99 3.7 37 -6.7   8  6.4-9.9-9.9
5017219670710 13.0 -4.0  0.009900-11.1-99.9-99.9-99.9-9.9 99 2.7 37-10.7   7  5.6-9.9-9.9
5017219670711 16.6 -4.3  0.009900 -8.8-99.9-99.9-99.9-9.9 99 3.8 42 -6.4   3  2.4-9.9-9.9
5017219670712 18.0 -2.6  0.009900 -5.2-99.9-99.9-99.9-9.9 99 4.1 42 -5.4  11  8.8-9.9-9.9
5017219670713 20.0  1.0  0.009900 -6.4-99.9-99.9-99.9-9.9 99 4.1 35 -5.4   9  7.2-9.9-9.9
5017219670714 19.7  2.6  0.009900 -4.8-99.9-99.9-99.9-9.9 99 6.2 48  0.2  11  8.8-9.9-9.9
5017219670715 21.0  2.1  0.009900 -3.6-99.9-99.9-99.9-9.9 99 9.1 63  5.6   8  6.4-9.9-9.9
5017219670716 21.2 10.8  0.119900  7.3-99.9-99.9-99.9-9.9 9910.5 68  7.7   3  2.4-9.9-9.9
5017219670717 17.0  4.0  4.319900 -1.0-99.9-99.9-99.9-9.9 99 7.7 64  3.2  11  8.8-9.9-9.9
5017219670718 12.0  4.9  0.009900  4.3-99.9-99.9-99.9-9.9 99 5.7 72 -1.0  13 10.4-9.9-9.9
5017219670719 13.0 -2.0  6.019900 -5.9-99.9-99.9-99.9-9.9 99 6.0 71 -0.2   9  7.2-9.9-9.9
5017219670720  6.2  1.5  0.009900  1.3-99.9-99.9-99.9-9.9 99 6.7 86  1.3  13 10.4-9.9-9.9
5017219670721 13.0 -3.9  0.009900 -6.8-99.9-99.9-99.9-9.9 99 5.4 70 -1.7   3  2.4-9.9-9.9
5017219670722 18.7  1.2  0.009900 -3.2-99.9-99.9-99.9-9.9 99 5.6 44 -1.2  27 21.6-9.9-9.9
5017219670723 18.0  8.0  0.009900  5.2-99.9-99.9-99.9-9.9 99 6.9 52  1.7  22 17.6-9.9-9.9
5017219670724 16.2  0.5  0.009900 -2.7-99.9-99.9-99.9-9.9 99 6.2 62  0.2  12  9.6-9.9-9.9
5017219670725  9.0  5.1  0.009900  0.6-99.9-99.9-99.9-9.9 99 8.0 85  3.8   8  6.4-9.9-9.9
5017219670726 13.0  3.5  0.009900  1.5-99.9-99.9-99.9-9.9 99 7.4 70  2.7  11  8.8-9.9-9.9
5017219670727  5.7  3.6  0.919900 -1.8-99.9-99.9-99.9-9.9 99 7.4 87  2.7   1  0.8-9.9-9.9
5017219670728 12.0  2.2  0.009900 -0.6-99.9-99.9-99.9-9.9 99 7.3 78  2.5   3  2.4-9.9-9.9
5017219670729 14.0 -4.0  0.009900 -8.5-99.9-99.9-99.9-9.9 99 4.3 53 -4.7  11  8.8-9.9-9.9
5017219670730 17.2 -2.2  0.009900 -6.5-99.9-99.9-99.9-9.9 99 5.2 54 -2.2   8  6.4-9.9-9.9
5017219670731 16.8 -3.5  0.009900 -7.5-99.9-99.9-99.9-9.9 99 5.3 58 -1.9   0  0.0-9.9-9.9
5017219670801 21.5 -1.6  0.009900 -6.5-99.9-99.9-99.9-9.9 99 5.4 52 -1.7  11  8.8-9.9-9.9
5017219670802 23.5 -0.4  0.009900 -6.6-99.9-99.9-99.9-9.9 99 5.0 44 -2.7   1  0.8-9.9-9.9
5017219670803 15.8 -1.0  0.009900 -6.0-99.9-99.9-99.9-9.9 99 4.8 51 -3.3   1  0.8-9.9-9.9
5017219670804 19.5 -2.6  0.009900 -8.2-99.9-99.9-99.9-9.9 99 4.9 48 -3.0   3  2.4-9.9-9.9
5017219670805 21.2  1.9  0.009900 -2.7-99.9-99.9-99.9-9.9 99 6.6 51  1.1  11  8.8-9.9-9.9
5017219670806 21.5  5.0  0.009900  1.6-99.9-99.9-99.9-9.9 99 7.1 46  2.1  16 12.8-9.9-9.9
5017219670807 18.0  4.0  0.009900 -1.2-99.9-99.9-99.9-9.9 99 5.9 47 -0.5  16 12.8-9.9-9.9
5017219670808 17.0 -0.6  0.009900 -4.8-99.9-99.9-99.9-9.9 99 5.4 53 -1.7   8  6.4-9.9-9.9
5017219670809 17.5 -1.3  0.009900 -4.5-99.9-99.9-99.9-9.9 99 6.2 58  0.2   1  0.8-9.9-9.9
5017219670810 21.2 -0.4  0.009900 -6.3-99.9-99.9-99.9-9.9 99 5.6 51 -1.2   0  0.0-9.9-9.9
5017219670811 25.0  0.5  0.009900 -5.3-99.9-99.9-99.9-9.9 99 4.7 40 -3.6   8  6.4-9.9-9.9
5017219670812 27.5  4.0  0.009900 -1.2-99.9-99.9-99.9-9.9 99 6.5 46  0.9  23 18.4-9.9-9.9
5017219670813 26.3  1.8  0.009900 -1.9-99.9-99.9-99.9-9.9 99 5.9 35 -0.5  17 13.6-9.9-9.9
5017219670814 21.5  9.5  0.009900  7.0-99.9-99.9-99.9-9.9 99 1.7 12-16.4  33 26.4-9.9-9.9
5017219670815 22.5  3.1  0.009900 -4.3-99.9-99.9-99.9-9.9 99 2.6 18-11.2  18 14.4-9.9-9.9
5017219670816 17.7  5.0  0.009900 -0.8-99.9-99.9-99.9-9.9 99 5.7 47 -1.0   3  2.4-9.9-9.9
5017219670817 25.0 -0.6  0.009900 -6.0-99.9-99.9-99.9-9.9 99 5.2 38 -2.2   6  4.8-9.9-9.9
5017219670818 17.0  5.0  0.009900  0.0-99.9-99.9-99.9-9.9 99 4.2 38 -5.0   8  6.4-9.9-9.9
5017219670819 16.0 -3.4  0.009900 -7.3-99.9-99.9-99.9-9.9 99 3.4 41 -7.8  14 11.2-9.9-9.9
5017219670820 11.5 -1.1  0.009900 -5.6-99.9-99.9-99.9-9.9 99 4.2 44 -5.0  27 21.6-9.9-9.9
5017219670821  9.5  2.7  0.009900  1.2-99.9-99.9-99.9-9.9 99 4.7 52 -3.6  11  8.8-9.9-9.9
5017219670822 12.7 -5.6  0.009900-10.3-99.9-99.9-99.9-9.9 99 4.4 59 -4.4   3  2.4-9.9-9.9
5017219670823 18.5 -2.1  0.009900 -7.5-99.9-99.9-99.9-9.9 99 4.2 39 -5.0  11  8.8-9.9-9.9
5017219670824 21.3  1.2  0.009900 -4.1-99.9-99.9-99.9-9.9 99 5.4 44 -1.7  14 11.2-9.9-9.9
5017219670825 19.5  0.0  0.009900 -5.2-99.9-99.9-99.9-9.9 99 6.2 48  0.2  18 14.4-9.9-9.9
5017219670826 16.5  7.8  0.009900  6.1-99.9-99.9-99.9-9.9 99 9.0 68  5.4  16 12.8-9.9-9.9
5017219670827 17.2  3.1  0.009900 -1.4-99.9-99.9-99.9-9.9 99 6.2 53  0.2   4  3.2-9.9-9.9
5017219670828 22.5  1.3  0.009900 -1.9-99.9-99.9-99.9-9.9 99 6.1 48  0.0  13 10.4-9.9-9.9
5017219670829 24.5  6.5  0.009900  0.8-99.9-99.9-99.9-9.9 99 4.6 32 -3.8  14 11.2-9.9-9.9
5017219670830 18.0 -1.2  0.009900 -7.5-99.9-99.9-99.9-9.9 99 3.6 36 -7.1   3  2.4-9.9-9.9
5017219670831 21.7 -3.0  0.009900 -6.9-99.9-99.9-99.9-9.9 99 3.8 33 -6.4   1  0.8-9.9-9.9
5017219670901-99.9-99.9-99.999999-99.9-99.9-99.9-99.9-9.9 99-9.9-99-99.9 -99-99.9-9.9-9.9
5017219670902-99.9-99.9-99.999999-99.9-99.9-99.9-99.9-9.9 99-9.9-99-99.9 -99-99.9-9.9-9.9
5017219670903-99.9-99.9-99.999999-99.9-99.9-99.9-99.9-9.9 99-9.9-99-99.9 -99-99.9-9.9-9.9
5017219670904-99.9-99.9-99.999999-99.9-99.9-99.9-99.9-9.9 99-9.9-99-99.9 -99-99.9-9.9-9.9
5017219670905-99.9-99.9-99.999999-99.9-99.9-99.9-99.9-9.9 99-9.9-99-99.9 -99-99.9-9.9-9.9
5017219670906-99.9-99.9-99.999999-99.9-99.9-99.9-99.9-9.9 99-9.9-99-99.9 -99-99.9-9.9-9.9
5017219670907-99.9-99.9-99.999999-99.9-99.9-99.9-99.9-9.9 99-9.9-99-99.9 -99-99.9-9.9-9.9
5017219670908-99.9-99.9-99.999999-99.9-99.9-99.9-99.9-9.9 99-9.9-99-99.9 -99-99.9-9.9-9.9
5017219670909-99.9-99.9-99.999999-99.9-99.9-99.9-99.9-9.9 99-9.9-99-99.9 -99-99.9-9.9-9.9
5017219670910-99.9-99.9-99.999999-99.9-99.9-99.9-99.9-9.9 99-9.9-99-99.9 -99-99.9-9.9-9.9
5017219670911-99.9-99.9-99.999999-99.9-99.9-99.9-99.9-9.9 99-9.9-99-99.9 -99-99.9-9.9-9.9
5017219670912-99.9-99.9-99.999999-99.9-99.9-99.9-99.9-9.9 99-9.9-99-99.9 -99-99.9-9.9-9.9
5017219670913-99.9-99.9-99.999999-99.9-99.9-99.9-99.9-9.9 99-9.9-99-99.9 -99-99.9-9.9-9.9
5017219670914-99.9-99.9-99.999999-99.9-99.9-99.9-99.9-9.9 99-9.9-99-99.9 -99-99.9-9.9-9.9
5017219670915-99.9-99.9-99.999999-99.9-99.9-99.9-99.9-9.9 99-9.9-99-99.9 -99-99.9-9.9-9.9
5017219670916-99.9-99.9-99.999999-99.9-99.9-99.9-99.9-9.9 99-9.9-99-99.9 -99-99.9-9.9-9.9
5017219670917-99.9-99.9-99.999999-99.9-99.9-99.9-99.9-9.9 99-9.9-99-99.9 -99-99.9-9.9-9.9
5017219670918-99.9-99.9-99.999999-99.9-99.9-99.9-99.9-9.9 99-9.9-99-99.9 -99-99.9-9.9-9.9
5017219670919-99.9-99.9-99.999999-99.9-99.9-99.9-99.9-9.9 99-9.9-99-99.9 -99-99.9-9.9-9.9
5017219670920-99.9-99.9-99.999999-99.9-99.9-99.9-99.9-9.9 99-9.9-99-99.9 -99-99.9-9.9-9.9
5017219670921-99.9-99.9-99.999999-99.9-99.9-99.9-99.9-9.9 99-9.9-99-99.9 -99-99.9-9.9-9.9
5017219670922-99.9-99.9-99.999999-99.9-99.9-99.9-99.9-9.9 99-9.9-99-99.9 -99-99.9-9.9-9.9
5017219670923-99.9-99.9-99.999999-99.9-99.9-99.9-99.9-9.9 99-9.9-99-99.9 -99-99.9-9.9-9.9
5017219670924-99.9-99.9-99.999999-99.9-99.9-99.9-99.9-9.9 99-9.9-99-99.9 -99-99.9-9.9-9.9
5017219670925-99.9-99.9-99.999999-99.9-99.9-99.9-99.9-9.9 99-9.9-99-99.9 -99-99.9-9.9-9.9
5017219670926-99.9-99.9-99.999999-99.9-99.9-99.9-99.9-9.9 99-9.9-99-99.9 -99-99.9-9.9-9.9
5017219670927-99.9-99.9-99.999999-99.9-99.9-99.9-99.9-9.9 99-9.9-99-99.9 -99-99.9-9.9-9.9
5017219670928-99.9-99.9-99.999999-99.9-99.9-99.9-99.9-9.9 99-9.9-99-99.9 -99-99.9-9.9-9.9
5017219670929-99.9-99.9-99.999999-99.9-99.9-99.9-99.9-9.9 99-9.9-99-99.9 -99-99.9-9.9-9.9
5017219670930-99.9-99.9-99.999999-99.9-99.9-99.9-99.9-9.9 99-9.9-99-99.9 -99-99.9-9.9-9.9
5017219671001 29.2  7.7  0.009900  3.0-99.9-99.9-99.9-9.9 9910.4 48  7.5  11  8.8-9.9-9.9
5017219671002 25.0 12.0  0.009900  6.2-99.9-99.9-99.9-9.9 99 8.0 40  3.8  16 12.8-9.9-9.9
5017219671003 26.5  4.6  0.009900  0.5-99.9-99.9-99.9-9.9 99 6.7 41  1.3   4  3.2-9.9-9.9
5017219671004 24.0  7.6  0.009900  3.3-99.9-99.9-99.9-9.9 99 5.7 36 -1.0   7  5.6-9.9-9.9
5017219671005 30.0  5.0  0.009900 -0.2-99.9-99.9-99.9-9.9 9910.5 45  7.7   9  7.2-9.9-9.9
5017219671006 30.0 13.7  0.009900  9.7-99.9-99.9-99.9-9.9 9914.3 51 12.3  14 11.2-9.9-9.9
5017219671007 27.0 15.5  0.009900 15.7-99.9-99.9-99.9-9.9 9918.0 79 15.8   9  7.2-9.9-9.9
5017219671008 23.8 17.6  0.119900 15.5-99.9-99.9-99.9-9.9 9916.0 68 14.0  37 29.6-9.9-9.9
5017219671009 23.0 14.0  4.519900 14.0-99.9-99.9-99.9-9.9 99 6.1 28  0.0  25 20.0-9.9-9.9
5017219671010 19.6  7.0  0.009900  7.8-99.9-99.9-99.9-9.9 99 8.8 85  5.1  41 32.8-9.9-9.9
5017219671011 18.7  1.5  0.009900 -2.7-99.9-99.9-99.9-9.9 99 8.5 67  4.6   6  4.8-9.9-9.9
5017219671012 27.0  6.0  0.009900  0.8-99.9-99.9-99.9-9.9 99 7.9 38  3.6  19 15.2-9.9-9.9
5017219671013 29.5 11.0  0.009900  5.7-99.9-99.9-99.9-9.9 99 8.9 37  5.3  20 16.0-9.9-9.9
5017219671014 21.5  9.5  0.009900  6.2-99.9-99.9-99.9-9.9 99 6.3 40  0.4   1  0.8-9.9-9.9
5017219671015 22.5  3.0  0.219900 -1.1-99.9-99.9-99.9-9.9 99 9.7 55  6.5  19 15.2-9.9-9.9
5017219671016 14.6  8.7 14.219900  8.8-99.9-99.9-99.9-9.9 9911.2 91  8.6  26 20.8-9.9-9.9
5017219671017 14.5  8.5 13.919900  9.0-99.9-99.9-99.9-9.9 9910.1 86  7.1  28 22.4-9.9-9.9
5017219671018 19.0  5.2  0.009900  3.3-99.9-99.9-99.9-9.9 99 8.9 63  5.3   6  4.8-9.9-9.9
5017219671019 20.0  4.5  0.319900  0.5-99.9-99.9-99.9-9.9 99 8.8 56  5.1   8  6.4-9.9-9.9
5017219671020 17.2  4.6 11.219910  4.5-99.9-99.9-99.9-9.9 99 8.4 68  4.5  16 12.8-9.9-9.9
5017219671021 22.5  2.5  0.009900 -0.2-99.9-99.9-99.9-9.9 99 8.5 52  4.6   3  2.4-9.9-9.9
5017219671022 27.5  5.6  0.009900  1.7-99.9-99.9-99.9-9.9 9910.8 49  8.1   3  2.4-9.9-9.9
5017219671023 25.7 10.2  5.319900  6.6-99.9-99.9-99.9-9.9 9910.2 46  7.3  25 20.0-9.9-9.9
5017219671024 25.5 13.0  3.719900 12.0-99.9-99.9-99.9-9.9 9916.7 79 14.7  17 13.6-9.9-9.9
5017219671025 30.2 12.8  8.219900 10.7-99.9-99.9-99.9-9.9 9916.6 65 14.6  21 16.8-9.9-9.9
5017219671026 27.2 16.0  0.009910 14.0-99.9-99.9-99.9-9.9 9918.4 76 16.2  14 11.2-9.9-9.9
5017219671027 25.5 11.0  0.009900  9.4-99.9-99.9-99.9-9.9 9911.2 55  8.6   9  7.2-9.9-9.9
5017219671028 26.0 10.8  0.009900  7.4-99.9-99.9-99.9-9.9 9910.3 52  7.4  11  8.8-9.9-9.9
5017219671029 28.0 12.2  0.009900  8.8-99.9-99.9-99.9-9.9 9914.3 54 12.3  19 15.2-9.9-9.9
5017219671030 29.0 12.5  8.219900 10.5-99.9-99.9-99.9-9.9 9916.7 76 14.7   4  3.2-9.9-9.9
5017219671031 25.0 15.5  8.419900 14.0-99.9-99.9-99.9-9.9 9913.8 60 11.8  28 22.4-9.9-9.9
5017219671101 22.5  9.0  0.009900  8.5-99.9-99.9-99.9-9.9 9911.6 66  9.2   8  6.4-9.9-9.9
5017219671102 28.5  8.1  0.009900  4.1-99.9-99.9-99.9-9.9 9911.4 52  8.9   5  4.0-9.9-9.9
5017219671103 36.0 12.0  0.009900  8.5-99.9-99.9-99.9-9.9 9913.9 58 11.9   3  2.4-9.9-9.9
5017219671104 29.0 13.5  0.009900  9.5-99.9-99.9-99.9-9.9 9915.4 63 13.4   6  4.8-9.9-9.9
5017219671105 31.5 11.6  0.009900  8.0-99.9-99.9-99.9-9.9 9915.0 61 13.0   2  1.6-9.9-9.9
5017219671106 33.8 16.6  0.009900 11.3-99.9-99.9-99.9-9.9 9916.9 49 14.9   4  3.2-9.9-9.9
5017219671107 26.2 15.5  0.319900 13.5-99.9-99.9-99.9-9.9 9919.0 78 16.7  19 15.2-9.9-9.9
5017219671108 31.2 12.5  0.009900  8.4-99.9-99.9-99.9-9.9 9919.5 71 17.1  11  8.8-9.9-9.9
5017219671109 32.5 17.8  0.009900 14.0-99.9-99.9-99.9-9.9 9919.4 61 17.0   3  2.4-9.9-9.9
5017219671110 25.4  9.5  0.009900  7.5-99.9-99.9-99.9-9.9 9910.1 57  7.1  11  8.8-9.9-9.9
5017219671111 26.5  5.0  0.009900 -1.5-99.9-99.9-99.9-9.9 9911.1 50  8.5   4  3.2-9.9-9.9
5017219671112 31.0  9.3  0.009900  2.7-99.9-99.9-99.9-9.9 9914.9 51 12.9  11  8.8-9.9-9.9
5017219671113 29.5 12.0  0.009900  7.7-99.9-99.9-99.9-9.9 9913.5 47 11.4  22 17.6-9.9-9.9
5017219671114 29.0 12.6  0.009900 10.7-99.9-99.9-99.9-9.9 9915.1 55 13.1  17 13.6-9.9-9.9
5017219671115 32.2 14.5  0.009900 11.8-99.9-99.9-99.9-9.9 9917.6 56 15.5   6  4.8-9.9-9.9
5017219671116 36.0 15.7  0.009900 13.2-99.9-99.9-99.9-9.9 9921.8 54 18.9   8  6.4-9.9-9.9
5017219671117 35.8 18.3  0.009900 12.0-99.9-99.9-99.9-9.9 9920.0 57 17.5  21 16.8-9.9-9.9
5017219671118 29.7 11.5  0.009900  9.5-99.9-99.9-99.9-9.9 9917.8 66 15.7   9  7.2-9.9-9.9
5017219671119 32.0 14.5  0.009900 10.9-99.9-99.9-99.9-9.9 9922.6 60 19.5   6  4.8-9.9-9.9
5017219671120 30.7 13.2  0.009900 12.0-99.9-99.9-99.9-9.9 9916.8 63 14.8  13 10.4-9.9-9.9
5017219671121 34.5 13.0  1.319900  9.0-99.9-99.9-99.9-9.9 9921.0 65 18.3  11  8.8-9.9-9.9
5017219671122 24.5  9.0  0.009900  5.3-99.9-99.9-99.9-9.9 9912.2 57  9.9   8  6.4-9.9-9.9
5017219671123 23.3  7.6  0.009900  3.8-99.9-99.9-99.9-9.9 9910.4 57  7.5   3  2.4-9.9-9.9
5017219671124 29.4-99.9 19.819900-99.9-99.9-99.9-99.9-9.9 99-9.9-99-99.9 -99-99.9-9.9-9.9
5017219671125 25.0 11.2  0.009900  6.0-99.9-99.9-99.9-9.9 9912.8 65 10.6  11  8.8-9.9-9.9
5017219671126 28.8 14.0  0.009900  5.9-99.9-99.9-99.9-9.9 9911.7 46  9.3   5  4.0-9.9-9.9
5017219671127 30.5 11.2  0.009900  7.0-99.9-99.9-99.9-9.9 9912.5 46 10.3   3  2.4-9.9-9.9
5017219671128 33.5 12.0  0.009900  8.0-99.9-99.9-99.9-9.9 9913.7 52 11.6   0  0.0-9.9-9.9
5017219671129 35.3-99.9  0.419900-99.9-99.9-99.9-99.9-9.9 99-9.9-99-99.9 -99-99.9-9.9-9.9
5017219671130 31.2 17.0  0.009900 16.0-99.9-99.9-99.9-9.9 9916.9 56 14.9  23 18.4-9.9-9.9
5017219671201 29.5 10.6  0.009900  6.5-99.9-99.9-99.9-9.9 9911.4 48  8.9  16 12.8-9.9-9.9
5017219671202 25.0 10.5  0.009900  9.0-99.9-99.9-99.9-9.9 9910.8 52  8.1   9  7.2-9.9-9.9
5017219671203 29.5  4.5  0.009900  1.7-99.9-99.9-99.9-9.9 9911.8 49  9.4   0  0.0-9.9-9.9
5017219671204 35.0 10.0  0.009900  6.5-99.9-99.9-99.9-9.9 9916.2 50 14.2   0  0.0-9.9-9.9
5017219671205 36.7 17.5  0.009900 11.5-99.9-99.9-99.9-9.9 9919.3 50 16.9   6  4.8-9.9-9.9
5017219671206 34.0 18.0  0.009900 16.5-99.9-99.9-99.9-9.9 9920.1 54 17.6  19 15.2-9.9-9.9
5017219671207 33.2 14.5  0.009900  9.6-99.9-99.9-99.9-9.9 9919.3 58 16.9  11  8.8-9.9-9.9
5017219671208 30.0 17.0  0.009900 15.0-99.9-99.9-99.9-9.9 9921.7 70 18.8  24 19.2-9.9-9.9
5017219671209 33.5 14.5 11.019900 15.0-99.9-99.9-99.9-9.9 9922.0 85 19.0   8  6.4-9.9-9.9
5017219671210 26.0 15.0  0.009900 15.5-99.9-99.9-99.9-9.9 9920.7 87 18.1  20 16.0-9.9-9.9
5017219671211 30.5 11.0  0.009900 10.8-99.9-99.9-99.9-9.9 9921.3 82 18.5   4  3.2-9.9-9.9
5017219671212 37.0 16.1  0.009900 13.5-99.9-99.9-99.9-9.9 9925.9 70 21.7   5  4.0-9.9-9.9
5017219671213 37.2 18.0  7.319910 14.0-99.9-99.9-99.9-9.9 9925.3 72 21.3  11  8.8-9.9-9.9
5017219671214 34.5 14.4  0.009900 12.2-99.9-99.9-99.9-9.9 9927.1 76 22.4   8  6.4-9.9-9.9
5017219671215 39.2 18.1  4.719900 18.4-99.9-99.9-99.9-9.9 9928.8 74 23.4  14 11.2-9.9-9.9
5017219671216 33.5 21.0  0.009900 19.0-99.9-99.9-99.9-9.9 9926.5 71 22.0  17 13.6-9.9-9.9
5017219671217 31.7 18.5  0.219900 17.5-99.9-99.9-99.9-9.9 9925.6 73 21.5  22 17.6-9.9-9.9
5017219671218 31.0 17.5  0.009900 16.9-99.9-99.9-99.9-9.9 9919.1 65 16.8  22 17.6-9.9-9.9
5017219671219 35.0 15.5  0.009900 12.5-99.9-99.9-99.9-9.9 9921.0 60 18.3   6  4.8-9.9-9.9
5017219671220 31.5 13.5  0.009900 10.0-99.9-99.9-99.9-9.9 9916.4 60 14.4   5  4.0-9.9-9.9
5017219671221 33.0 12.5  0.009900  7.8-99.9-99.9-99.9-9.9 9915.3 47 13.3   9  7.2-9.9-9.9
5017219671222 32.7 11.0  0.009900  8.1-99.9-99.9-99.9-9.9 9916.2 54 14.2   4  3.2-9.9-9.9
5017219671223 35.5 15.0  0.009900 12.2-99.9-99.9-99.9-9.9 9922.4 64 19.3   3  2.4-9.9-9.9
5017219671224 36.5 18.0  0.009900 13.5-99.9-99.9-99.9-9.9 9925.9 65 21.7   4  3.2-9.9-9.9
5017219671225 39.8 19.7  0.009900 17.7-99.9-99.9-99.9-9.9 9934.8 74 26.6  16 12.8-9.9-9.9
5017219671226 35.5 20.5  0.819900 19.8-99.9-99.9-99.9-9.9 9916.6 42 14.6  17 13.6-9.9-9.9
5017219671227 36.0 18.5  1.119900 17.2-99.9-99.9-99.9-9.9 9918.7 55 16.4   6  4.8-9.9-9.9
5017219671228 34.6 17.5  0.009900 16.0-99.9-99.9-99.9-9.9 9917.4 49 15.3   3  2.4-9.9-9.9
5017219671229 34.0 18.1 41.819900 15.0-99.9-99.9-99.9-9.9 9915.7 47 13.7   6  4.8-9.9-9.9
5017219671230 30.0 17.0  0.009910 17.1-99.9-99.9-99.9-9.9 9919.0 69 16.7   8  6.4-9.9-9.9
5017219671231 23.6 15.6  0.009900 15.8-99.9-99.9-99.9-9.9 9910.6 47  7.8   8  6.4-9.9-9.9
5017219680101 26.0  9.8  0.009900  8.0-99.9-99.9-99.9-9.9 99 7.7 33  3.2  16 12.8-9.9-9.9
5017219680102 27.0  8.0  0.009900  5.6-99.9-99.9-99.9-9.9 99 9.8 45  6.7  11  8.8-9.9-9.9
5017219680103 31.7  9.9  0.009900  6.3-99.9-99.9-99.9-9.9 9911.2 42  8.6   3  2.4-9.9-9.9
5017219680104 34.0 12.8  0.009900 10.0-99.9-99.9-99.9-9.9 9912.1 40  9.8   9  7.2-9.9-9.9
5017219680105 37.0 15.5  0.009900 13.2-99.9-99.9-99.9-9.9 9913.0 45 10.9  11  8.8-9.9-9.9
5017219680106 37.7 17.7  0.009900 15.2-99.9-99.9-99.9-9.9 9913.0 30 10.9  16 12.8-9.9-9.9
5017219680107 30.5 16.5  7.419910 17.0-99.9-99.9-99.9-9.9 9911.7 46  9.3  24 19.2-9.9-9.9
5017219680108 30.5 12.0  0.009900  9.8-99.9-99.9-99.9-9.9 9915.6 62 13.6   3  2.4-9.9-9.9
5017219680109 32.0 15.0  0.009900 11.0-99.9-99.9-99.9-9.9 99 9.6 29  6.4  11  8.8-9.9-9.9
5017219680110 31.8 12.5  0.009900  8.5-99.9-99.9-99.9-9.9 99 8.2 29  4.1   9  7.2-9.9-9.9
5017219680111 35.6 10.5  0.009900  6.7-99.9-99.9-99.9-9.9 9911.2 39  8.6   0  0.0-9.9-9.9
5017219680112 30.5 15.8  0.009900 14.0-99.9-99.9-99.9-9.9 9911.1 39  8.5  12  9.6-9.9-9.9
5017219680113 29.5 11.1  0.009900  7.0-99.9-99.9-99.9-9.9 99 8.8 40  5.1   5  4.0-9.9-9.9
5017219680114 30.3 10.6  0.009900  6.7-99.9-99.9-99.9-9.9 99 7.9 27  3.6  27 21.6-9.9-9.9
5017219680115 31.5 10.1  0.009900  5.2-99.9-99.9-99.9-9.9 99 9.8 38  6.7   3  2.4-9.9-9.9
5017219680116 36.8 11.6  0.009900  7.0-99.9-99.9-99.9-9.9 99 8.7 29  5.0   3  2.4-9.9-9.9
5017219680117 34.0 15.0  0.009900  9.7-99.9-99.9-99.9-9.9 99 7.9 25  3.6   3  2.4-9.9-9.9
5017219680118 33.6 12.6 15.419900  8.7-99.9-99.9-99.9-9.9 9912.3 42 10.0  16 12.8-9.9-9.9
5017219680119 22.6 15.0  3.919900 15.0-99.9-99.9-99.9-9.9 9915.7 80 13.7   6  4.8-9.9-9.9
5017219680120 32.2 11.3  0.009900  8.8-99.9-99.9-99.9-9.9 9913.8 53 11.8   3  2.4-9.9-9.9
5017219680121 29.5 13.5  0.009900 11.8-99.9-99.9-99.9-9.9 9910.5 39  7.7   8  6.4-9.9-9.9
5017219680122 30.7 13.0  0.009900 10.0-99.9-99.9-99.9-9.9 99 9.4 36  6.1  20 16.0-9.9-9.9
5017219680123 32.8  9.5  0.009900  6.3-99.9-99.9-99.9-9.9 9912.3 47 10.0   0  0.0-9.9-9.9
5017219680124 35.7 17.8  0.009900 16.0-99.9-99.9-99.9-9.9 9913.5 42 11.4  11  8.8-9.9-9.9
5017219680125 31.5 17.5  0.009900 16.0-99.9-99.9-99.9-9.9 9915.6 57 13.6   3  2.4-9.9-9.9
5017219680126 33.5-99.9  0.009900-99.9-99.9-99.9-99.9-9.9 99-9.9-99-99.9 -99-99.9-9.9-9.9
5017219680127 37.8 17.3  0.009900 14.1-99.9-99.9-99.9-9.9 9915.5 50 13.5   1  0.8-9.9-9.9
5017219680128 32.7 19.8  5.719900 18.8-99.9-99.9-99.9-9.9 9911.4 34  8.9  17 13.6-9.9-9.9
5017219680129 26.8 15.6  0.009900 14.9-99.9-99.9-99.9-9.9 9913.5 58 11.4  11  8.8-9.9-9.9
5017219680130 30.0 17.0  0.009900 16.1-99.9-99.9-99.9-9.9 9917.2 59 15.1   8  6.4-9.9-9.9
5017219680131 33.0 17.1  0.009900 15.3-99.9-99.9-99.9-9.9 9919.3 77 16.9  14 11.2-9.9-9.9
5017219680201 34.7 18.7  0.009900 17.4-99.9-99.9-99.9-9.9 9917.2 51 15.1   6  4.8-9.9-9.9
5017219680202 36.6 17.5 31.819900 15.3-99.9-99.9-99.9-9.9 9918.8 56 16.5   5  4.0-9.9-9.9
5017219680203 31.5 17.7  5.119900 17.3-99.9-99.9-99.9-9.9 9921.5 71 18.7   6  4.8-9.9-9.9
5017219680204 30.5 18.6  1.719900 18.1-99.9-99.9-99.9-9.9 9921.3 72 18.5  12  9.6-9.9-9.9
5017219680205 35.6 18.0  1.619900 16.8-99.9-99.9-99.9-9.9 9920.2 68 17.7   3  2.4-9.9-9.9
5017219680206 28.5 14.7  0.009900 12.2-99.9-99.9-99.9-9.9 9914.6 57 12.6   5  4.0-9.9-9.9
5017219680207 34.5 14.0  0.009900 12.0-99.9-99.9-99.9-9.9 9918.7 58 16.4   3  2.4-9.9-9.9
5017219680208 34.5 18.4  1.319900 14.8-99.9-99.9-99.9-9.9 9920.7 64 18.1   4  3.2-9.9-9.9
5017219680209 28.5 13.8  0.009900 10.7-99.9-99.9-99.9-9.9 9912.8 49 10.6   6  4.8-9.9-9.9
5017219680210 27.2 14.4  0.009900 11.0-99.9-99.9-99.9-9.9 9913.7 58 11.6   3  2.4-9.9-9.9
5017219680211 29.7 15.0  0.009900 13.3-99.9-99.9-99.9-9.9 9914.6 49 12.6  11  8.8-9.9-9.9
5017219680212 29.0  9.5  0.009900  5.0-99.9-99.9-99.9-9.9 9913.4 58 11.3   3  2.4-9.9-9.9
5017219680213 29.7 10.7  0.009900  6.8-99.9-99.9-99.9-9.9 9912.1 62  9.8  11  8.8-9.9-9.9
5017219680214 30.5  7.5  0.009900  2.5-99.9-99.9-99.9-9.9 9912.5 54 10.3   5  4.0-9.9-9.9
5017219680215 34.0 10.0  0.009900  6.0-99.9-99.9-99.9-9.9 9916.8 63 14.8   3  2.4-9.9-9.9
5017219680216 36.0 15.0  0.009900 12.5-99.9-99.9-99.9-9.9 9919.6 59 17.2   3  2.4-9.9-9.9
5017219680217 37.0 18.4  9.819900 15.5-99.9-99.9-99.9-9.9 9926.8 68 22.2   4  3.2-9.9-9.9
5017219680218 35.2 19.0  0.009900 16.8-99.9-99.9-99.9-9.9 9926.0 72 21.7   4  3.2-9.9-9.9
5017219680219 34.5 18.5  0.009900 17.5-99.9-99.9-99.9-9.9 9925.0 78 21.1   0  0.0-9.9-9.9
5017219680220 32.7 14.6  0.009900 12.5-99.9-99.9-99.9-9.9 9923.6 77 20.2   3  2.4-9.9-9.9
5017219680221 29.6 15.5  0.009900 13.5-99.9-99.9-99.9-9.9 9920.9 74 18.2   3  2.4-9.9-9.9
5017219680222 23.4  6.6  0.009900  2.5-99.9-99.9-99.9-9.9 9912.5 71 10.3   3  2.4-9.9-9.9
5017219680223 30.0  5.8  0.009900  2.9-99.9-99.9-99.9-9.9 9914.9 70 12.9   0  0.0-9.9-9.9
5017219680224 32.2 13.0  0.009900  9.9-99.9-99.9-99.9-9.9 9917.5 63 15.4   3  2.4-9.9-9.9
5017219680225 34.5 16.1  0.009900 14.0-99.9-99.9-99.9-9.9 9916.4 54 14.4   4  3.2-9.9-9.9
5017219680226 37.5 17.0  0.009900 13.5-99.9-99.9-99.9-9.9 9915.8 45 13.8   3  2.4-9.9-9.9
5017219680227 31.0 16.0  0.009900 14.0-99.9-99.9-99.9-9.9 9915.3 50 13.3  16 12.8-9.9-9.9
5017219680228 35.8 13.6  0.009900 11.0-99.9-99.9-99.9-9.9 9917.9 54 15.8   4  3.2-9.9-9.9
5017219680229 36.0 17.5  8.419900 15.0-99.9-99.9-99.9-9.9 9917.8 49 15.7   3  2.4-9.9-9.9
5017219680301 31.5 16.0 15.719900 15.0-99.9-99.9-99.9-9.9 9919.0 66 16.7   4  3.2-9.9-9.9
5017219680302 33.5 17.7  9.019900 16.1-99.9-99.9-99.9-9.9 9923.6 77 20.2   6  4.8-9.9-9.9
5017219680303 30.5 18.6 10.019900 18.1-99.9-99.9-99.9-9.9 9925.6 83 21.5   1  0.8-9.9-9.9
5017219680304 25.5 16.8 15.819900 16.8-99.9-99.9-99.9-9.9 9920.0 94 17.5  15 12.0-9.9-9.9
5017219680305 22.7 14.6  0.009900 12.9-99.9-99.9-99.9-9.9 9918.4 89 16.2   0  0.0-9.9-9.9
5017219680306 25.8 15.5 13.719900 13.4-99.9-99.9-99.9-9.9 9919.7 82 17.3   0  0.0-9.9-9.9
5017219680307 26.3 16.5  1.719900 15.5-99.9-99.9-99.9-9.9 9921.3 85 18.5   4  3.2-9.9-9.9
5017219680308 24.5 15.7  0.419900 15.2-99.9-99.9-99.9-9.9 9918.3 83 16.1   5  4.0-9.9-9.9
5017219680309 26.8 10.5  0.009900  8.5-99.9-99.9-99.9-9.9 9916.7 79 14.7   3  2.4-9.9-9.9
5017219680310 28.0 10.0  0.009900  8.5-99.9-99.9-99.9-9.9 9915.7 69 13.7   0  0.0-9.9-9.9
5017219680311 30.5 12.1  0.009900  9.9-99.9-99.9-99.9-9.9 9918.1 72 15.9   0  0.0-9.9-9.9
5017219680312 31.2 14.3  0.009900 12.2-99.9-99.9-99.9-9.9 9920.6 76 18.0   0  0.0-9.9-9.9
5017219680313 33.0 14.5 27.919900 12.0-99.9-99.9-99.9-9.9 9919.9 69 17.4   8  6.4-9.9-9.9
5017219680314 22.0 10.8  0.009900 12.5-99.9-99.9-99.9-9.9 9913.1 90 11.0  26 20.8-9.9-9.9
5017219680315 19.0  5.2  0.009900  2.5-99.9-99.9-99.9-9.9 9910.5 74  7.7   8  6.4-9.9-9.9
5017219680316 22.0  3.0  0.009900  2.6-99.9-99.9-99.9-9.9 9911.3 79  8.8   0  0.0-9.9-9.9
5017219680317 25.0  6.0  0.009900  3.8-99.9-99.9-99.9-9.9 9913.2 67 11.1  11  8.8-9.9-9.9
5017219680318 27.5  9.6  0.009900  7.5-99.9-99.9-99.9-9.9 9914.6 68 12.6   8  6.4-9.9-9.9
5017219680319 23.0  9.5  0.009900  7.0-99.9-99.9-99.9-9.9 9912.5 74 10.3   3  2.4-9.9-9.9
5017219680320 26.2  6.5  0.009900  4.8-99.9-99.9-99.9-9.9 9914.2 75 12.2   1  0.8-9.9-9.9
5017219680321 26.7 10.0  0.009900  8.5-99.9-99.9-99.9-9.9 9914.8 72 12.8   8  6.4-9.9-9.9
5017219680322 27.7  8.0  0.009900  6.4-99.9-99.9-99.9-9.9 9916.8 78 14.8   3  2.4-9.9-9.9
5017219680323 31.8 13.2  5.219900-99.9-99.9-99.9-99.9-9.9 9921.9 78 19.0   6  4.8-9.9-9.9
5017219680324 23.4 12.0  0.009910-99.9-99.9-99.9-99.9-9.9 9911.3 73  8.8  41 32.8-9.9-9.9
5017219680325 20.0  3.2  0.009900  0.1-99.9-99.9-99.9-9.9 9910.2 76  7.3   5  4.0-9.9-9.9
5017219680326 26.5  4.3  0.009900-99.9-99.9-99.9-99.9-9.9 9912.5 73 10.3   0  0.0-9.9-9.9
5017219680327 27.5  4.5  0.009900  0.2-99.9-99.9-99.9-9.9 9913.0 72 10.9   3  2.4-9.9-9.9
5017219680328 28.5  8.0  0.009900  4.0-99.9-99.9-99.9-9.9 9914.2 67 12.2   6  4.8-9.9-9.9
5017219680329 25.0 10.7  0.009900  8.1-99.9-99.9-99.9-9.9 9913.2 70 11.1   6  4.8-9.9-9.9
5017219680330 24.2  6.1  0.009900  3.2-99.9-99.9-99.9-9.9 9913.8 74 11.8  13 10.4-9.9-9.9
5017219680331 19.2  9.0  0.319900  9.5-99.9-99.9-99.9-9.9 9911.1 92  8.5  11  8.8-9.9-9.9
5017219680401 15.5  6.5  0.009900  6.8-99.9-99.9-99.9-9.9 9911.5 92  9.0   2  1.6-9.9-9.9
5017219680402 24.0  3.5  0.009900  0.2-99.9-99.9-99.9-9.9 9913.8 84 11.8   8  6.4-9.9-9.9
5017219680403 20.5  9.5  0.009900  6.0-99.9-99.9-99.9-9.9 9913.8 81 11.8   8  6.4-9.9-9.9
5017219680404 22.5  9.7  0.009900  8.5-99.9-99.9-99.9-9.9 9913.1 80 11.0   3  2.4-9.9-9.9
5017219680405 24.5  4.6  0.009900  0.5-99.9-99.9-99.9-9.9 9913.9 79 11.9   0  0.0-9.9-9.9
5017219680406 28.2  8.5  0.009900  4.9-99.9-99.9-99.9-9.9 9916.5 79 14.5  11  8.8-9.9-9.9
5017219680407 26.5 11.5  0.009900  7.5-99.9-99.9-99.9-9.9 9916.4 73 14.4   8  6.4-9.9-9.9
5017219680408 29.0  8.0  0.009900  4.5-99.9-99.9-99.9-9.9 9916.6 73 14.6   0  0.0-9.9-9.9
5017219680409 30.5  9.0  0.009900  4.7-99.9-99.9-99.9-9.9 9918.5 78 16.3   1  0.8-9.9-9.9
5017219680410 25.2 10.0  0.009900  6.3-99.9-99.9-99.9-9.9 9914.9 72 12.9  11  8.8-9.9-9.9
5017219680411 24.4  5.5  0.009900  1.0-99.9-99.9-99.9-9.9 9913.4 73 11.3   5  4.0-9.9-9.9
5017219680412 24.5  4.0  0.009900 -0.5-99.9-99.9-99.9-9.9 9914.2 76 12.2   6  4.8-9.9-9.9
5017219680413 21.4  7.7  0.009900  4.6-99.9-99.9-99.9-9.9 9914.7 88 12.7   0  0.0-9.9-9.9
5017219680414 27.5  7.2  0.009900  3.5-99.9-99.9-99.9-9.9 9916.1 76 14.1 -99-99.9-9.9-9.9
5017219680415 27.7  8.5 25.819900  4.9-99.9-99.9-99.9-9.9 9916.8 88 14.8  16 12.8-9.9-9.9
5017219680416 14.0 11.6  0.319900 12.5-99.9-99.9-99.9-9.9 9914.3 99 12.3  12  9.6-9.9-9.9
5017219680417 22.7 10.0  0.009900  8.5-99.9-99.9-99.9-9.9 9915.8 86 13.8  13 10.4-9.9-9.9
5017219680418 17.4 11.4  0.009900 11.8-99.9-99.9-99.9-9.9 9913.0 85 10.9   3  2.4-9.9-9.9
5017219680419 18.0  3.6  0.009900  0.0-99.9-99.9-99.9-9.9 9910.9 87  8.2   0  0.0-9.9-9.9
5017219680420 20.5  2.1  0.009900 -1.3-99.9-99.9-99.9-9.9 9912.0 83  9.7   6  4.8-9.9-9.9
5017219680421 23.0  7.0  0.619900  3.8-99.9-99.9-99.9-9.9 9913.6 77 11.5   3  2.4-9.9-9.9
5017219680422 22.0  4.5  0.009900  0.8-99.9-99.9-99.9-9.9 9911.8 84  9.4   0  0.0-9.9-9.9
5017219680423 23.5  3.5  0.009900 -0.5-99.9-99.9-99.9-9.9 9913.1 82 11.0   8  6.4-9.9-9.9
5017219680424 25.8  7.0  0.009900  3.3-99.9-99.9-99.9-9.9 9916.0 82 14.0   8  6.4-9.9-9.9
5017219680425 26.2  6.6  0.009900  2.0-99.9-99.9-99.9-9.9 9916.2 87 14.2   8  6.4-9.9-9.9
5017219680426 22.0  8.5  0.009900  4.0-99.9-99.9-99.9-9.9 9913.8 82 11.8   4  3.2-9.9-9.9
5017219680427 17.0  4.6  0.009900  1.0-99.9-99.9-99.9-9.9 9910.9 86  8.2   1  0.8-9.9-9.9
5017219680428 25.0  2.5  0.009900 -2.8-99.9-99.9-99.9-9.9 9912.0 73  9.7  16 12.8-9.9-9.9
5017219680429 20.2  2.8  0.009900 -1.0-99.9-99.9-99.9-9.9 9911.4 81  8.9  11  8.8-9.9-9.9
5017219680430 21.0  0.5  0.009900 -4.6-99.9-99.9-99.9-9.9 9910.9 81  8.2   8  6.4-9.9-9.9
5017219680501 23.5  5.5  0.009900 -0.6-99.9-99.9-99.9-9.9 99-9.9-99-99.9  16 12.8-9.9-9.9
5017219680502 26.5  9.5  0.009900  3.0-99.9-99.9-99.9-9.9 99-9.9-99-99.9   5  4.0-9.9-9.9
5017219680503 27.0  2.6  0.009900 -1.7-99.9-99.9-99.9-9.9 99-9.9-99-99.9   0  0.0-9.9-9.9
5017219680504 22.2  4.5  0.009900  1.1-99.9-99.9-99.9-9.9 99-9.9-99-99.9   0  0.0-9.9-9.9
5017219680505 26.4  3.4  0.009900 -1.4-99.9-99.9-99.9-9.9 99-9.9-99-99.9   0  0.0-9.9-9.9
5017219680506 27.0  4.2  0.009900 -0.7-99.9-99.9-99.9-9.9 99-9.9-99-99.9   0  0.0-9.9-9.9
5017219680507 20.0  5.0  0.009900  0.6-99.9-99.9-99.9-9.9 9910.1 72  7.1   0  0.0-9.9-9.9
5017219680508 24.5  8.0  0.009900  4.0-99.9-99.9-99.9-9.9 99 9.2 56  5.8   5  4.0-9.9-9.9
5017219680509 27.0  5.0  0.009900 -0.6-99.9-99.9-99.9-9.9 99 9.0 56  5.4   3  2.4-9.9-9.9
5017219680510 28.0 10.5  0.009900  3.6-99.9-99.9-99.9-9.9 99 9.8 49  6.7   8  6.4-9.9-9.9
5017219680511 26.5  5.5  0.009900  0.8-99.9-99.9-99.9-9.9 9910.0 59  7.0   8  6.4-9.9-9.9
5017219680512 25.0  5.5  0.009900  0.7-99.9-99.9-99.9-9.9 9910.3 59  7.4   3  2.4-9.9-9.9
5017219680513 15.5  5.8  0.009900  3.0-99.9-99.9-99.9-9.9 99 5.7 41 -1.0  11  8.8-9.9-9.9
5017219680514 11.4 -1.0  0.009900 -5.5-99.9-99.9-99.9-9.9 99 5.2 68 -2.2   0  0.0-9.9-9.9
5017219680515 13.7 -5.0  0.009900-11.3-99.9-99.9-99.9-9.9 99 4.4 59 -4.4   0  0.0-9.9-9.9
5017219680516 18.7 -5.3  0.009900-10.8-99.9-99.9-99.9-9.9 99 5.0 54 -2.7   8  6.4-9.9-9.9
5017219680517 22.0  1.6  0.009900 -6.3-99.9-99.9-99.9-9.9 99 5.8 42 -0.7   6  4.8-9.9-9.9
5017219680518 20.5  2.0  0.009900 -3.2-99.9-99.9-99.9-9.9 99 5.7 45 -1.0   0  0.0-9.9-9.9
5017219680519 25.5  0.4  0.009900 -7.0-99.9-99.9-99.9-9.9 99 5.2 36 -2.2  11  8.8-9.9-9.9
5017219680520 19.5  0.0  0.009900 -4.6-99.9-99.9-99.9-9.9 99 7.4 62  2.7   8  6.4-9.9-9.9
5017219680521 18.5  1.4  0.009900 -4.4-99.9-99.9-99.9-9.9 99 7.1 67  2.1   8  6.4-9.9-9.9
5017219680522 21.5  0.1  0.219900 -4.8-99.9-99.9-99.9-9.9 99 7.4 62  2.7   0  0.0-9.9-9.9
5017219680523 12.8  9.0  0.519900  3.5-99.9-99.9-99.9-9.9 99 9.5 75  6.2   1  0.8-9.9-9.9
5017219680524 18.0  3.2  0.009900 -0.8-99.9-99.9-99.9-9.9 99 9.0 81  5.4   0  0.0-9.9-9.9
5017219680525 21.7  3.5  0.009900 -1.9-99.9-99.9-99.9-9.9 99 8.6 59  4.8  16 12.8-9.9-9.9
5017219680526 19.6  0.7  0.009900 -3.7-99.9-99.9-99.9-9.9 99 6.7 56  1.3   8  6.4-9.9-9.9
5017219680527 17.0  1.0  0.009900 -4.5-99.9-99.9-99.9-9.9 99 7.7 74  3.2   0  0.0-9.9-9.9
5017219680528 19.5 -0.6  0.009900 -6.6-99.9-99.9-99.9-9.9 99 6.9 62  1.7   3  2.4-9.9-9.9
5017219680529 19.2  4.0  0.009900 -1.8-99.9-99.9-99.9-9.9 99 9.8 63  6.7  14 11.2-9.9-9.9
5017219680530 23.5  4.3  0.009900  0.2-99.9-99.9-99.9-9.9 9910.3 73  7.4   8  6.4-9.9-9.9
5017219680531 24.0  3.5  0.009900 -1.8-99.9-99.9-99.9-9.9 9911.2 70  8.6   8  6.4-9.9-9.9
5017219680601 24.5  4.5  0.009900 -0.8-99.9-99.9-99.9-9.9 9912.0 75  9.7   0  0.0-9.9-9.9
5017219680602-99.9-99.9  2.819900-99.9-99.9-99.9-99.9-9.9 99-9.9-99-99.9 -99-99.9-9.9-9.9
5017219680603 16.0 10.0  0.009900  6.1-99.9-99.9-99.9-9.9 99 9.5 63  6.2  26 20.8-9.9-9.9
5017219680604 14.8  7.5  0.009900  5.2-99.9-99.9-99.9-9.9 99 8.6 70  4.8  22 17.6-9.9-9.9
5017219680605 13.5  1.0  0.009900 -5.0-99.9-99.9-99.9-9.9 99 7.9 77  3.6   8  6.4-9.9-9.9
5017219680606 13.5  2.0  0.009900 -0.7-99.9-99.9-99.9-9.9 99 8.4 81  4.5   0  0.0-9.9-9.9
5017219680607 13.2  3.5  0.009900  1.5-99.9-99.9-99.9-9.9 99 9.4 91  6.1   3  2.4-9.9-9.9
5017219680608 15.5  1.0  0.009900 -4.8-99.9-99.9-99.9-9.9 99 8.9 87  5.3  11  8.8-9.9-9.9
5017219680609 17.5 -2.0  3.519900 -5.7-99.9-99.9-99.9-9.9 99 8.7 84  5.0   1  0.8-9.9-9.9
5017219680610 10.8  5.0  0.009900  3.7-99.9-99.9-99.9-9.9 9911.0 98  8.4   0  0.0-9.9-9.9
5017219680611 17.0  5.5  0.009900  1.3-99.9-99.9-99.9-9.9 9910.6 87  7.8   0  0.0-9.9-9.9
5017219680612 19.2 -0.2  0.009900 -4.0-99.9-99.9-99.9-9.9 99 9.1 78  5.6   8  6.4-9.9-9.9
5017219680613 18.5  0.0  0.009900 -5.8-99.9-99.9-99.9-9.9 99 8.8 77  5.1   0  0.0-9.9-9.9
5017219680614 12.5  1.5  0.009900 -3.0-99.9-99.9-99.9-9.9 99 8.9 90  5.3   8  6.4-9.9-9.9
5017219680615 14.7  0.1  0.009900 -4.8-99.9-99.9-99.9-9.9 99 9.2 88  5.8   3  2.4-9.9-9.9
5017219680616 16.5  5.0  0.009900 -2.5-99.9-99.9-99.9-9.9 9910.0 84  7.0   8  6.4-9.9-9.9
5017219680617 20.0  0.2  0.009900 -5.5-99.9-99.9-99.9-9.9 99 8.5 68  4.6   3  2.4-9.9-9.9
5017219680618 21.5  5.0  0.009900 -2.5-99.9-99.9-99.9-9.9 99 9.6 66  6.4   8  6.4-9.9-9.9
5017219680619 21.5  2.6  0.009900 -5.0-99.9-99.9-99.9-9.9 99 5.2 37 -2.2  11  8.8-9.9-9.9
5017219680620 25.7  5.6  0.009900  1.0-99.9-99.9-99.9-9.9 99 7.5 52  2.9  16 12.8-9.9-9.9
5017219680621 19.7 -0.6  0.009900 -6.4-99.9-99.9-99.9-9.9 99 7.3 59  2.5   1  0.8-9.9-9.9
5017219680622 15.5 -1.0  0.009900 -6.0-99.9-99.9-99.9-9.9 99 7.7 78  3.2   5  4.0-9.9-9.9
5017219680623 15.0  1.5  0.009900 -1.8-99.9-99.9-99.9-9.9 99 9.1 76  5.6  11  8.8-9.9-9.9
5017219680624 11.0  8.0  0.009900-99.9-99.9-99.9-99.9-9.9 99 9.3 78  5.9   1  0.8-9.9-9.9
5017219680625 11.2  8.5  0.009900  6.7-99.9-99.9-99.9-9.9 9910.4 87  7.5   4  3.2-9.9-9.9
5017219680626 11.0  3.8  1.119900  6.2-99.9-99.9-99.9-9.9 99 9.1 95  5.6   6  4.8-9.9-9.9
5017219680627 17.0 -2.0  0.009900 -4.5-99.9-99.9-99.9-9.9 99 8.0 77  3.8   4  3.2-9.9-9.9
5017219680628 16.5  0.5  0.009900 -3.9-99.9-99.9-99.9-9.9 99 8.4 80  4.5  11  8.8-9.9-9.9
5017219680629 17.0 -0.8  0.009900 -6.0-99.9-99.9-99.9-9.9 99 8.7 81  5.0   0  0.0-9.9-9.9
5017219680630 19.4  0.3  0.009900 -3.5-99.9-99.9-99.9-9.9 99-9.9-99-99.9 -99-99.9-9.9-9.9
5017219680701 19.8 -0.6  0.009900 -5.0-99.9-99.9-99.9-9.9 99 9.4 72  6.1   5  4.0-9.9-9.9
5017219680702 19.7  2.6  0.009900 -2.2-99.9-99.9-99.9-9.9 99 9.4 78  6.1   8  6.4-9.9-9.9
5017219680703 14.0 -1.9  0.009900 -6.0-99.9-99.9-99.9-9.9 99 6.9 72  1.7  14 11.2-9.9-9.9
5017219680704 14.0 -1.6  0.009900 -8.0-99.9-99.9-99.9-9.9 99 6.3 67  0.4   4  3.2-9.9-9.9
5017219680705 17.7 -1.5  0.009900 -6.0-99.9-99.9-99.9-9.9 99 7.9 69  3.6  11  8.8-9.9-9.9
5017219680706 17.7  5.0  0.009900 -1.5-99.9-99.9-99.9-9.9 99 8.6 68  4.8  19 15.2-9.9-9.9
5017219680707 19.0 -1.6  0.009900 -6.5-99.9-99.9-99.9-9.9 99 7.8 66  3.4   3  2.4-9.9-9.9
5017219680708 17.0 -1.0  0.009900-99.9-99.9-99.9-99.9-9.9 99 7.5 68  2.9  11  8.8-9.9-9.9
5017219680709 18.0 -2.5  0.009900-99.9-99.9-99.9-99.9-9.9 99-9.9-99-99.9 -99-99.9-9.9-9.9
5017219680710 22.0  1.5  0.009900 -5.2-99.9-99.9-99.9-9.9 9910.1 71  7.1  11  8.8-9.9-9.9
5017219680711 20.5  4.0  0.009900 -2.0-99.9-99.9-99.9-9.9 9910.8 75  8.1   5  4.0-9.9-9.9
5017219680712 17.8  1.0  0.009900 -5.5-99.9-99.9-99.9-9.9 99-9.9-99-99.9 -99-99.9-9.9-9.9
5017219680713 13.3-99.9  0.009900-99.9-99.9-99.9-99.9-9.9 99-9.9-99-99.9 -99-99.9-9.9-9.9
5017219680714 17.0 -0.8  0.009900 -4.8-99.9-99.9-99.9-9.9 99 8.5 72  4.6   3  2.4-9.9-9.9
5017219680715 20.0 -1.0  0.009900 -5.8-99.9-99.9-99.9-9.9 99 9.4 73  6.1  15 12.0-9.9-9.9
5017219680716 17.5  1.5  0.009900 -3.1-99.9-99.9-99.9-9.9 99 9.3 77  5.9   5  4.0-9.9-9.9
5017219680717 20.0  0.0  0.009900 -4.7-99.9-99.9-99.9-9.9 9910.5 82  7.7   0  0.0-9.9-9.9
5017219680718 21.0  2.0  0.009900 -3.4-99.9-99.9-99.9-9.9 9910.8 78  8.1   8  6.4-9.9-9.9
5017219680719 20.0  1.0  0.009900 -4.0-99.9-99.9-99.9-9.9 9911.1 85  8.5   0  0.0-9.9-9.9
5017219680720 19.5  4.0  0.009900  0.2-99.9-99.9-99.9-9.9 9911.9 89  9.5  16 12.8-9.9-9.9
5017219680721 21.0  5.7  0.009900  1.5-99.9-99.9-99.9-9.9 9913.3 80 11.2   8  6.4-9.9-9.9
5017219680722 21.5  3.6  0.009900  0.6-99.9-99.9-99.9-9.9 9912.6 82 10.4   8  6.4-9.9-9.9
5017219680723 21.5  9.5  0.009900  5.0-99.9-99.9-99.9-9.9 9913.3 78 11.2  22 17.6-9.9-9.9
5017219680724 21.5  1.0  0.009900 -5.0-99.9-99.9-99.9-9.9 9910.8 75  8.1   0  0.0-9.9-9.9
5017219680725 17.5  4.0  0.009900 -1.0-99.9-99.9-99.9-9.9 9911.1 80  8.5  22 17.6-9.9-9.9
5017219680726 14.0  9.2  0.009900 10.5-99.9-99.9-99.9-9.9 9911.1 85  8.5  10  8.0-9.9-9.9
5017219680727 23.0  3.0  0.009900 -0.7-99.9-99.9-99.9-9.9 9912.5 79 10.3  11  8.8-9.9-9.9
5017219680728 25.0  5.0  0.009900  2.0-99.9-99.9-99.9-9.9 9913.8 81 11.8   1  0.8-9.9-9.9
5017219680729 22.5  5.8  0.009900  1.3-99.9-99.9-99.9-9.9 9912.8 84 10.6   0  0.0-9.9-9.9
5017219680730 20.0  5.0  0.009900  0.8-99.9-99.9-99.9-9.9 9910.4 78  7.5   8  6.4-9.9-9.9
5017219680731 19.5  5.2  0.009900  3.5-99.9-99.9-99.9-9.9 9911.8 85  9.4   8  6.4-9.9-9.9
5017219680801 19.0  6.5  0.009900  4.5-99.9-99.9-99.9-9.9 9911.7 82  9.3   3  2.4-9.9-9.9
5017219680802 22.0  5.0  0.009900 -2.0-99.9-99.9-99.9-9.9 9912.2 77  9.9   0  0.0-9.9-9.9
5017219680803 20.0  5.0  0.009900  1.4-99.9-99.9-99.9-9.9 9911.7 78  9.3   3  2.4-9.9-9.9
5017219680804 21.0  2.5  0.009900 -2.0-99.9-99.9-99.9-9.9 99-9.9-99-99.9 -99-99.9-9.9-9.9
5017219680805 15.0  4.6  0.009900  0.0-99.9-99.9-99.9-9.9 9910.6 83  7.8  24 19.2-9.9-9.9
5017219680806 11.4  4.0  0.009900  4.0-99.9-99.9-99.9-9.9 99 8.5 91  4.6  10  8.0-9.9-9.9
5017219680807 10.0  2.4  0.009900 -0.5-99.9-99.9-99.9-9.9 99 7.6 92  3.0   3  2.4-9.9-9.9
5017219680808 19.0 -1.0  0.009900 -6.6-99.9-99.9-99.9-9.9 9910.0 84  7.0   3  2.4-9.9-9.9
5017219680809 22.5  4.5  0.009900  1.0-99.9-99.9-99.9-9.9 9913.9 83 11.9  18 14.4-9.9-9.9
5017219680810 23.5  5.5  0.009900  3.0-99.9-99.9-99.9-9.9 9914.3 85 12.3  20 16.0-9.9-9.9
5017219680811 25.0  8.0  3.719900  4.2-99.9-99.9-99.9-9.9 9911.8 68  9.4   6  4.8-9.9-9.9
5017219680812 15.5  7.0  0.009910  4.7-99.9-99.9-99.9-9.9 99 8.6 77  4.8  14 11.2-9.9-9.9
5017219680813 18.5  0.4  0.009900 -3.7-99.9-99.9-99.9-9.9 99 9.2 79  5.8   5  4.0-9.9-9.9
5017219680814 21.0  0.2  0.009900 -4.2-99.9-99.9-99.9-9.9 9911.4 77  8.9  11  8.8-9.9-9.9
5017219680815 22.8  4.5  0.009900  1.4-99.9-99.9-99.9-9.9 9914.0 81 12.0   8  6.4-9.9-9.9
5017219680816 25.5  8.6  0.009900  6.0-99.9-99.9-99.9-9.9 9915.8 81 13.8  19 15.2-9.9-9.9
5017219680817 23.0  9.6  4.719900 10.5-99.9-99.9-99.9-9.9 9912.9 88 10.7  23 18.4-9.9-9.9
5017219680818 21.0  1.5  0.009900 -2.5-99.9-99.9-99.9-9.9 99 9.4 68  6.1   6  4.8-9.9-9.9
5017219680819 17.0  3.5  0.009900 -1.0-99.9-99.9-99.9-9.9 99 6.3 50  0.4  13 10.4-9.9-9.9
5017219680820 19.0 -1.0  0.009900 -4.5-99.9-99.9-99.9-9.9 99 5.5 48 -1.4  11  8.8-9.9-9.9
5017219680821 16.5 -4.0  0.009900 -8.5-99.9-99.9-99.9-9.9 99 5.2 55 -2.2   3  2.4-9.9-9.9
5017219680822 20.5 -0.3  0.009900 -2.8-99.9-99.9-99.9-9.9 99 7.9 57  3.6   8  6.4-9.9-9.9
5017219680823 24.0  5.5  0.009900  1.6-99.9-99.9-99.9-9.9 99 9.7 56  6.5   6  4.8-9.9-9.9
5017219680824 25.0  0.0  0.009900 -3.0-99.9-99.9-99.9-9.9 99 9.0 60  5.4   0  0.0-9.9-9.9
5017219680825 27.5  3.5  0.009900 -0.2-99.9-99.9-99.9-9.9 9911.5 59  9.0   3  2.4-9.9-9.9
5017219680826 26.0 10.8  0.009900  8.0-99.9-99.9-99.9-9.9 9914.3 68 12.3   8  6.4-9.9-9.9
5017219680827 22.0  7.5  0.009900  3.2-99.9-99.9-99.9-9.9 9911.1 66  8.5   8  6.4-9.9-9.9
5017219680828 20.5  1.6  0.009900 -2.0-99.9-99.9-99.9-9.9 9910.2 73  7.3  11  8.8-9.9-9.9
5017219680829 22.0  2.0  0.009900 -1.7-99.9-99.9-99.9-9.9 9910.0 68  7.0   6  4.8-9.9-9.9
5017219680830 19.5  3.1  0.009900 -0.5-99.9-99.9-99.9-9.9 99 9.3 66  5.9  16 12.8-9.9-9.9
5017219680831 15.2  4.0  0.009900  0.4-99.9-99.9-99.9-9.9 99 8.3 71  4.3  17 13.6-9.9-9.9
5017219680901 14.0  2.5  0.009900  2.2-99.9-99.9-99.9-9.9 99 7.7 73  3.2  11  8.8-9.9-9.9
5017219680902 21.0  0.5  0.009900 -2.0-99.9-99.9-99.9-9.9 9910.2 72  7.3  14 11.2-9.9-9.9
5017219680903 23.2  5.5  0.009900  2.3-99.9-99.9-99.9-9.9 9910.7 64  8.0   3  2.4-9.9-9.9
5017219680904 32.5  5.1  0.009900  1.3-99.9-99.9-99.9-9.9 9913.1 56 11.0   8  6.4-9.9-9.9
5017219680905 32.0  8.5  0.009900  3.2-99.9-99.9-99.9-9.9 9914.4 54 12.4  11  8.8-9.9-9.9
5017219680906 33.5 12.1  0.009900  8.0-99.9-99.9-99.9-9.9 9916.2 60 14.2   5  4.0-9.9-9.9
5017219680907 32.5  8.8  0.009900  4.5-99.9-99.9-99.9-9.9 9916.0 63 14.0   0  0.0-9.9-9.9
5017219680908 21.0 14.4  0.009900 10.5-99.9-99.9-99.9-9.9 9913.8 71 11.8  38 30.4-9.9-9.9
5017219680909 17.0  6.5  0.009900  5.9-99.9-99.9-99.9-9.9 99 8.7 69  5.0   8  6.4-9.9-9.9
5017219680910 19.0  1.1  0.009900 -4.5-99.9-99.9-99.9-9.9 99 3.6 30 -7.1   9  7.2-9.9-9.9
5017219680911 10.0  3.5  0.009900  1.5-99.9-99.9-99.9-9.9 99 5.1 52 -2.5  11  8.8-9.9-9.9
5017219680912  7.0  2.5  0.919900 -0.5-99.9-99.9-99.9-9.9 99 7.6 88  3.0  11  8.8-9.9-9.9
5017219680913 14.0  3.0  0.009900  2.2-99.9-99.9-99.9-9.9 99 7.6 73  3.0   5  4.0-9.9-9.9
5017219680914 17.5 -1.0  0.009900 -5.5-99.9-99.9-99.9-9.9 99 7.9 66  3.6   0  0.0-9.9-9.9
5017219680915 18.2  1.6  0.009900 -4.0-99.9-99.9-99.9-9.9 99 9.1 65  5.6   8  6.4-9.9-9.9
5017219680916 23.2  4.8  0.009900  1.5-99.9-99.9-99.9-9.9 9910.3 59  7.4  14 11.2-9.9-9.9
5017219680917 25.0  6.5  2.719900  3.5-99.9-99.9-99.9-9.9 9910.8 59  8.1  11  8.8-9.9-9.9
5017219680918 17.5  6.5  0.819900  7.3-99.9-99.9-99.9-9.9 99 9.6 90  6.4   5  4.0-9.9-9.9
5017219680919 20.4  4.5  0.009900  0.2-99.9-99.9-99.9-9.9 9910.0 67  7.0   3  2.4-9.9-9.9
5017219680920 24.0  2.5  0.009900 -2.0-99.9-99.9-99.9-9.9 9910.5 63  7.7  11  8.8-9.9-9.9
5017219680921 28.0  7.5  0.009900  3.0-99.9-99.9-99.9-9.9 9913.3 59 11.2  16 12.8-9.9-9.9
5017219680922 30.0  6.0  0.009900  2.6-99.9-99.9-99.9-9.9 9913.8 55 11.8   4  3.2-9.9-9.9
5017219680923 24.0 11.0  0.009900  9.5-99.9-99.9-99.9-9.9 9913.4 67 11.3  21 16.8-9.9-9.9
5017219680924 17.5 10.3  0.319900 10.7-99.9-99.9-99.9-9.9 9912.0 87  9.7  24 19.2-9.9-9.9
5017219680925 15.5  7.6  0.009900  6.8-99.9-99.9-99.9-9.9 9912.1 94  9.8  11  8.8-9.9-9.9
5017219680926 18.0  9.4  2.919900-99.9-99.9-99.9-99.9-9.9 9914.1 84 12.1   8  6.4-9.9-9.9
5017219680927 15.5  9.0 10.119900 11.0-99.9-99.9-99.9-9.9 9913.2 98 11.1  13 10.4-9.9-9.9
5017219680928 20.0  6.0  0.009900  6.5-99.9-99.9-99.9-9.9 9913.2 85 11.1   0  0.0-9.9-9.9
5017219680929 26.5  6.5  0.009900  2.8-99.9-99.9-99.9-9.9 9914.4 65 12.4   5  4.0-9.9-9.9
5017219680930 30.0 13.5  0.009900  7.5-99.9-99.9-99.9-9.9 9917.2 68 15.1  24 19.2-9.9-9.9
5017219681001 22.7 10.5  0.009900  6.5-99.9-99.9-99.9-9.9 9913.3 72 11.2  19 15.2-9.9-9.9
5017219681002 20.0  5.5  0.009900  0.8-99.9-99.9-99.9-9.9 9913.4 85 11.3  10  8.0-9.9-9.9
5017219681003 18.0  8.5  0.009900  4.4-99.9-99.9-99.9-9.9 9913.4 92 11.3   8  6.4-9.9-9.9
5017219681004 21.7  5.0  0.009900  1.5-99.9-99.9-99.9-9.9 9913.4 81 11.3   5  4.0-9.9-9.9
5017219681005 21.0  9.6  0.009900  5.8-99.9-99.9-99.9-9.9 9914.2 76 12.2  16 12.8-9.9-9.9
5017219681006 22.8  8.6  0.009900  4.5-99.9-99.9-99.9-9.9 9914.2 75 12.2   8  6.4-9.9-9.9
5017219681007 23.2  5.0  0.009900  2.5-99.9-99.9-99.9-9.9 9912.9 70 10.7  19 15.2-9.9-9.9
5017219681008 28.2  6.5  0.009900  1.8-99.9-99.9-99.9-9.9 9916.9 78 14.9  11  8.8-9.9-9.9
5017219681009 22.8 10.5  1.419900  8.4-99.9-99.9-99.9-9.9 9918.0 94 15.8  19 15.2-9.9-9.9
5017219681010 26.0 13.0  0.009900 10.5-99.9-99.9-99.9-9.9 9918.2 84 16.0  14 11.2-9.9-9.9
5017219681011 30.5 10.0  0.009900  6.0-99.9-99.9-99.9-9.9 9919.7 82 17.3   9  7.2-9.9-9.9
5017219681012 31.0 11.5  2.219900 10.0-99.9-99.9-99.9-9.9 9923.1 81 19.8  13 10.4-9.9-9.9
5017219681013 24.4 15.0  0.519900 14.7-99.9-99.9-99.9-9.9 9916.5 76 14.5  13 10.4-9.9-9.9
5017219681014 26.7 11.0 18.019900 13.0-99.9-99.9-99.9-9.9 9914.4 73 12.4   8  6.4-9.9-9.9
5017219681015 17.7 12.0  0.009900 10.2-99.9-99.9-99.9-9.9 9911.1 71  8.5  19 15.2-9.9-9.9
5017219681016 18.2  6.0  0.519900  3.5-99.9-99.9-99.9-9.9 99 7.9 56  3.6   8  6.4-9.9-9.9
5017219681017 18.0  7.2  0.009900  3.5-99.9-99.9-99.9-9.9 99 9.2 62  5.8   5  4.0-9.9-9.9
5017219681018 23.0  5.0  0.009900  2.2-99.9-99.9-99.9-9.9 99 9.0 60  5.4  16 12.8-9.9-9.9
5017219681019 27.5  8.5  0.009900  3.7-99.9-99.9-99.9-9.9 99 9.9 48  6.8  11  8.8-9.9-9.9
5017219681020 29.5 10.0  0.009900  5.0-99.9-99.9-99.9-9.9 9913.3 52 11.2   5  4.0-9.9-9.9
5017219681021 32.5 11.5  0.009900  6.8-99.9-99.9-99.9-9.9 9914.5 49 12.5   5  4.0-9.9-9.9
5017219681022 29.5 14.0  0.009900 10.2-99.9-99.9-99.9-9.9 9914.4 56 12.4  28 22.4-9.9-9.9
5017219681023-99.9-99.9  0.009900-99.9-99.9-99.9-99.9-9.9 99-9.9-99-99.9 -99-99.9-9.9-9.9
5017219681024-99.9-99.9  4.319900-99.9-99.9-99.9-99.9-9.9 99-9.9-99-99.9 -99-99.9-9.9-9.9
5017219681025 11.0  5.7  0.319900  6.2-99.9-99.9-99.9-9.9 99 9.4 88  6.1  13 10.4-9.9-9.9
5017219681026 12.5  7.6  5.719900  7.2-99.9-99.9-99.9-9.9 9911.6 93  9.2   7  5.6-9.9-9.9
5017219681027 14.5  9.0  0.009900  9.5-99.9-99.9-99.9-9.9 99 9.7 75  6.5  36 28.8-9.9-9.9
5017219681028 21.0  6.8  0.009900  4.5-99.9-99.9-99.9-9.9 99 6.8 53  1.5   0  0.0-9.9-9.9
5017219681029 26.2  6.0  0.009900  0.7-99.9-99.9-99.9-9.9 99 7.3 34  2.5  13 10.4-9.9-9.9
5017219681030 29.0  6.0  0.009900  1.4-99.9-99.9-99.9-9.9 9911.1 47  8.5  10  8.0-9.9-9.9
5017219681031 30.0  9.2  0.009900  6.2-99.9-99.9-99.9-9.9 9915.0 59 13.0   8  6.4-9.9-9.9
5017219681101 25.0 15.5  0.619900 14.0-99.9-99.9-99.9-9.9 9916.6 69 14.6  24 19.2-9.9-9.9
5017219681102 22.2 12.7  0.009900 11.4-99.9-99.9-99.9-9.9 9911.7 61  9.3   4  3.2-9.9-9.9
5017219681103 22.0  9.1  0.009900  7.5-99.9-99.9-99.9-9.9 9912.3 72 10.0   6  4.8-9.9-9.9
5017219681104 30.0  8.5  0.819900  3.5-99.9-99.9-99.9-9.9 9915.7 63 13.7   4  3.2-9.9-9.9
5017219681105 26.0 14.0  0.319900 10.5-99.9-99.9-99.9-9.9 9919.2 90 16.9  11  8.8-9.9-9.9
5017219681106 29.2 10.2  0.009900  5.3-99.9-99.9-99.9-9.9 9918.0 72 15.8   9  7.2-9.9-9.9
5017219681107 33.5 12.5  0.319900  8.5-99.9-99.9-99.9-9.9 9922.7 68 19.5  13 10.4-9.9-9.9
5017219681108 28.5 14.4  0.009900  8.5-99.9-99.9-99.9-9.9 9919.1 71 16.8  11  8.8-9.9-9.9
5017219681109 35.0 15.0  0.009900 12.3-99.9-99.9-99.9-9.9 9920.8 75 18.1   8  6.4-9.9-9.9
5017219681110 26.5  7.0  0.009900  0.5-99.9-99.9-99.9-9.9 9914.5 67 12.5   3  2.4-9.9-9.9
5017219681111 34.6  7.2  0.009900  2.5-99.9-99.9-99.9-9.9 9919.8 66 17.3   5  4.0-9.9-9.9
5017219681112 34.2 14.2  0.009900 10.0-99.9-99.9-99.9-9.9 9923.4 69 20.0  11  8.8-9.9-9.9
5017219681113 35.2 15.5 11.419910 11.3-99.9-99.9-99.9-9.9 9926.5 70 22.0  11  8.8-9.9-9.9
5017219681114 29.6 15.5  0.009900 12.5-99.9-99.9-99.9-9.9 9920.5 75 17.9   6  4.8-9.9-9.9
5017219681115 35.5 13.5  0.009900 11.2-99.9-99.9-99.9-9.9 9928.1 76 23.0   7  5.6-9.9-9.9
5017219681116 33.5 18.8  0.619900 15.5-99.9-99.9-99.9-9.9 9927.6 73 22.7  18 14.4-9.9-9.9
5017219681117 31.0 18.7  0.009900 16.5-99.9-99.9-99.9-9.9 9925.5 74 21.4  19 15.2-9.9-9.9
5017219681118 35.5 16.0  0.009900 13.5-99.9-99.9-99.9-9.9 9921.6 62 18.7   5  4.0-9.9-9.9
5017219681119 35.8 19.5  1.719900 15.5-99.9-99.9-99.9-9.9 9917.0 50 15.0  16 12.8-9.9-9.9
5017219681120 29.5 14.0  0.009900 12.5-99.9-99.9-99.9-9.9 9914.8 60 12.8  11  8.8-9.9-9.9
5017219681121 33.2 11.1  0.009900  8.1-99.9-99.9-99.9-9.9 9915.3 55 13.3   5  4.0-9.9-9.9
5017219681122 38.0 15.7  0.009900 11.1-99.9-99.9-99.9-9.9 9919.3 53 16.9   8  6.4-9.9-9.9
5017219681123 34.0 16.6  0.009900 12.5-99.9-99.9-99.9-9.9 9920.7 57 18.1   3  2.4-9.9-9.9
5017219681124 27.0 15.5 39.119900 17.5-99.9-99.9-99.9-9.9 9920.2 86 17.7   8  6.4-9.9-9.9
5017219681125 25.5 15.0  0.119900 14.0-99.9-99.9-99.9-9.9 9919.9 86 17.4   8  6.4-9.9-9.9
5017219681126 32.0 14.5  0.009900 11.9-99.9-99.9-99.9-9.9 9920.5 68 17.9   3  2.4-9.9-9.9
5017219681127 33.5 16.5 10.019900 13.2-99.9-99.9-99.9-9.9 9923.8 65 20.3  11  8.8-9.9-9.9
5017219681128 28.0 16.5  0.009900 14.4-99.9-99.9-99.9-9.9 9919.1 74 16.8   9  7.2-9.9-9.9
5017219681129 28.7 13.7  0.009900  9.5-99.9-99.9-99.9-9.9 9918.1 71 15.9  10  8.0-9.9-9.9
5017219681130 32.2 14.0  0.009900 10.5-99.9-99.9-99.9-9.9 9923.1 67 19.8  13 10.4-9.9-9.9
5017219681201 34.5 17.5  0.009900 13.5-99.9-99.9-99.9-9.9 9923.0 59 19.7  10  8.0-9.9-9.9
5017219681202 35.5 17.0  0.009900 13.5-99.9-99.9-99.9-9.9 9920.6 58 18.0   4  3.2-9.9-9.9
5017219681203 34.5 18.5  7.119900 15.0-99.9-99.9-99.9-9.9 9922.9 61 19.7  16 12.8-9.9-9.9
5017219681204 31.5 14.0  0.009900 11.2-99.9-99.9-99.9-9.9 9920.2 74 17.7   8  6.4-9.9-9.9
5017219681205 32.5 13.0  0.009900  9.1-99.9-99.9-99.9-9.9 9922.3 73 19.2  27 21.6-9.9-9.9
5017219681206 33.2 13.0  0.319900  9.8-99.9-99.9-99.9-9.9 9924.7 79 20.9   6  4.8-9.9-9.9
5017219681207 31.0 16.8  0.009900 15.5-99.9-99.9-99.9-9.9 9924.7 82 20.9   3  2.4-9.9-9.9
5017219681208 34.5 16.0  6.519900 12.5-99.9-99.9-99.9-9.9 9924.4 70 20.7 -99-99.9-9.9-9.9
5017219681209 37.5 18.5  0.009900 16.5-99.9-99.9-99.9-9.9 9926.6 69 22.1   6  4.8-9.9-9.9
5017219681210 29.0 12.5  0.009900 10.5-99.9-99.9-99.9-9.9 9920.5 81 17.9   8  6.4-9.9-9.9
5017219681211 37.7 15.0  0.009900 13.3-99.9-99.9-99.9-9.9 9922.1 67 19.1  15 12.0-9.9-9.9
5017219681212 25.0 12.8  0.009900 10.5-99.9-99.9-99.9-9.9 9915.7 73 13.7  19 15.2-9.9-9.9
5017219681213 32.0  8.2  0.009900  4.7-99.9-99.9-99.9-9.9 9920.3 71 17.7   6  4.8-9.9-9.9
5017219681214 32.0 14.0  0.009900 11.2-99.9-99.9-99.9-9.9 9917.2 60 15.1  19 15.2-9.9-9.9
5017219681215 28.5 13.3  0.009900 11.0-99.9-99.9-99.9-9.9 9911.6 42  9.2  28 22.4-9.9-9.9
5017219681216 35.5 10.0  0.009900  5.5-99.9-99.9-99.9-9.9 99 9.9 34  6.8   8  6.4-9.9-9.9
5017219681217 34.0 13.2  6.319900 10.3-99.9-99.9-99.9-9.9 9914.1 47 12.1  14 11.2-9.9-9.9
5017219681218 31.0 15.0  0.719900 14.0-99.9-99.9-99.9-9.9 9917.4 60 15.3  13 10.4-9.9-9.9
5017219681219 31.7 15.5  0.009900 13.7-99.9-99.9-99.9-9.9 9915.9 60 13.9  16 12.8-9.9-9.9
5017219681220 25.0 11.8  0.009900 10.1-99.9-99.9-99.9-9.9 9910.8 49  8.1  18 14.4-9.9-9.9
5017219681221 26.0 11.0  0.009900  9.8-99.9-99.9-99.9-9.9 9910.7 54  8.0   8  6.4-9.9-9.9
5017219681222 31.0 10.0  0.009900  6.5-99.9-99.9-99.9-9.9 9914.5 54 12.5   3  2.4-9.9-9.9
5017219681223 29.0 10.5  0.009900  6.0-99.9-99.9-99.9-9.9 9910.7 44  8.0  11  8.8-9.9-9.9
5017219681224 33.5 11.5  0.009900  7.1-99.9-99.9-99.9-9.9 9913.6 46 11.5   8  6.4-9.9-9.9
5017219681225 33.0 14.6  7.419900 11.3-99.9-99.9-99.9-9.9 9917.0 71 15.0 -99-99.9-9.9-9.9
5017219681226 23.0 14.0  0.319900 11.0-99.9-99.9-99.9-9.9 9915.7 74 13.7   8  6.4-9.9-9.9
5017219681227 30.5 10.0  0.009900  5.5-99.9-99.9-99.9-9.9 9913.9 52 11.9   0  0.0-9.9-9.9
5017219681228 34.5 11.8  0.009900  8.5-99.9-99.9-99.9-9.9 9915.0 55 13.0   5  4.0-9.9-9.9
5017219681229 33.0 16.8  4.119900 14.8-99.9-99.9-99.9-9.9 9917.2 61 15.1  32 25.6-9.9-9.9
5017219681230 27.5 13.0 14.819910 11.7-99.9-99.9-99.9-9.9 9915.2 72 13.2  19 15.2-9.9-9.9
5017219681231 25.4 10.0  0.009900  5.5-99.9-99.9-99.9-9.9 9911.8 59  9.4  10  8.0-9.9-9.9
5017219690101 27.0  8.7  0.009900-99.9-99.9-99.9-99.9-9.9 99-9.9-99-99.9  11  8.8-9.9-9.9
5017219690102 35.0 11.5  0.009900  7.2-99.9-99.9-99.9-9.9 99-9.9-99-99.9   5  4.0-9.9-9.9
5017219690103 35.5 17.0  0.009900 12.5-99.9-99.9-99.9-9.9 99-9.9-99-99.9   8  6.4-9.9-9.9
5017219690104 30.5 13.5  0.009900 10.6-99.9-99.9-99.9-9.9 99-9.9-99-99.9  16 12.8-9.9-9.9
5017219690105 33.0 11.5  0.009900  6.5-99.9-99.9-99.9-9.9 99-9.9-99-99.9  10  8.0-9.9-9.9
5017219690106 37.0 15.6  0.009900 11.5-99.9-99.9-99.9-9.9 99-9.9-99-99.9   5  4.0-9.9-9.9
5017219690107 32.0 15.1  0.009900 12.5-99.9-99.9-99.9-9.9 99-9.9-99-99.9   8  6.4-9.9-9.9
5017219690108 37.0 12.8  0.009900  7.5-99.9-99.9-99.9-9.9 99-9.9-99-99.9   8  6.4-9.9-9.9
5017219690109 28.5 12.3  0.009900  9.5-99.9-99.9-99.9-9.9 99-9.9-99-99.9  21 16.8-9.9-9.9
5017219690110 28.5  9.5  0.009900  6.0-99.9-99.9-99.9-9.9 99-9.9-99-99.9   8  6.4-9.9-9.9
5017219690111 35.5 12.5  0.009900  8.8-99.9-99.9-99.9-9.9 99-9.9-99-99.9   5  4.0-9.9-9.9
5017219690112 39.5 17.6  0.009900-99.9-99.9-99.9-99.9-9.9 99-9.9-99-99.9 -99-99.9-9.9-9.9
5017219690113 35.2 19.8  0.009900 15.7-99.9-99.9-99.9-9.9 99-9.9-99-99.9  24 19.2-9.9-9.9
5017219690114 36.5 12.7  0.009900  6.9-99.9-99.9-99.9-9.9 99-9.9-99-99.9   3  2.4-9.9-9.9
5017219690115 32.5 16.0  1.919900 12.5-99.9-99.9-99.9-9.9 99-9.9-99-99.9   5  4.0-9.9-9.9
5017219690116 36.2 16.0  0.009900 13.0-99.9-99.9-99.9-9.9 99-9.9-99-99.9  11  8.8-9.9-9.9
5017219690117 31.0 18.0  0.009900 16.0-99.9-99.9-99.9-9.9 99-9.9-99-99.9  21 16.8-9.9-9.9
5017219690118 31.8 15.5  0.009900 13.5-99.9-99.9-99.9-9.9 99-9.9-99-99.9   3  2.4-9.9-9.9
5017219690119 34.5 17.8  6.219900 14.8-99.9-99.9-99.9-9.9 99-9.9-99-99.9  17 13.6-9.9-9.9
5017219690120 31.0 17.5  3.019900 16.5-99.9-99.9-99.9-9.9 99-9.9-99-99.9   6  4.8-9.9-9.9
5017219690121 32.6 14.8  1.319900 12.2-99.9-99.9-99.9-9.9 99-9.9-99-99.9   5  4.0-9.9-9.9
5017219690122 33.0 14.5  0.009900 13.0-99.9-99.9-99.9-9.9 99-9.9-99-99.9   0  0.0-9.9-9.9
5017219690123 35.7 16.6  0.009900 14.5-99.9-99.9-99.9-9.9 99-9.9-99-99.9  11  8.8-9.9-9.9
5017219690124 36.7 18.5  0.009900 16.0-99.9-99.9-99.9-9.9 99-9.9-99-99.9   8  6.4-9.9-9.9
5017219690125 39.0 19.0  4.019900 16.5-99.9-99.9-99.9-9.9 99-9.9-99-99.9   8  6.4-9.9-9.9
5017219690126 34.7 17.5  0.009900 15.5-99.9-99.9-99.9-9.9 99-9.9-99-99.9   8  6.4-9.9-9.9
5017219690127 36.0 19.0  0.009900 17.5-99.9-99.9-99.9-9.9 99-9.9-99-99.9   1  0.8-9.9-9.9
5017219690128 38.6 19.0  0.009900 18.0-99.9-99.9-99.9-9.9 99-9.9-99-99.9   5  4.0-9.9-9.9
5017219690129 39.0 21.0  0.009900 16.9-99.9-99.9-99.9-9.9 99-9.9-99-99.9   5  4.0-9.9-9.9
5017219690130 35.8 19.4  0.009900 17.0-99.9-99.9-99.9-9.9 99-9.9-99-99.9   9  7.2-9.9-9.9
5017219690131 34.8 21.0  0.009900 18.5-99.9-99.9-99.9-9.9 99-9.9-99-99.9   8  6.4-9.9-9.9
5017219690201 30.5 18.0  0.009900 16.3-99.9-99.9-99.9-9.9 99-9.9-99-99.9   3  2.4-9.9-9.9
5017219690202 36.0 15.0  0.009900 13.3-99.9-99.9-99.9-9.9 99-9.9-99-99.9   8  6.4-9.9-9.9
5017219690203 35.3 21.0  0.009900 17.5-99.9-99.9-99.9-9.9 99-9.9-99-99.9   9  7.2-9.9-9.9
5017219690204 35.6 18.5  0.009900 17.0-99.9-99.9-99.9-9.9 99-9.9-99-99.9   8  6.4-9.9-9.9
5017219690205 32.8 16.7  0.009900 14.0-99.9-99.9-99.9-9.9 99-9.9-99-99.9   3  2.4-9.9-9.9
5017219690206 37.0 15.0  0.009900 12.7-99.9-99.9-99.9-9.9 99-9.9-99-99.9   5  4.0-9.9-9.9
5017219690207 34.4 19.0  0.009900 18.0-99.9-99.9-99.9-9.9 9914.8 45 12.8  16 12.8-9.9-9.9
5017219690208 32.5 11.2  0.009900  8.5-99.9-99.9-99.9-9.9 9911.8 43  9.4   5  4.0-9.9-9.9
5017219690209 32.0 18.2  0.009900 15.5-99.9-99.9-99.9-9.9 99-9.9-99-99.9 -99-99.9-9.9-9.9
5017219690210 35.0 18.5  0.319900 17.0-99.9-99.9-99.9-9.9 9918.8 56 16.5   6  4.8-9.9-9.9
5017219690211 27.0  9.5  0.009900  5.5-99.9-99.9-99.9-9.9 9911.8 57  9.4   3  2.4-9.9-9.9
5017219690212 33.0 10.0  0.009900  6.0-99.9-99.9-99.9-9.9 9912.6 49 10.4   3  2.4-9.9-9.9
5017219690213 34.2 17.0  0.009900 12.2-99.9-99.9-99.9-9.9 9914.7 43 12.7  11  8.8-9.9-9.9
5017219690214 35.8 15.0  0.009900 11.7-99.9-99.9-99.9-9.9 9916.4 50 14.4   9  7.2-9.9-9.9
5017219690215 29.8 12.5  0.009900  9.2-99.9-99.9-99.9-9.9 9914.1 56 12.1   9  7.2-9.9-9.9
5017219690216 23.0 10.0  0.009900  8.3-99.9-99.9-99.9-9.9 9910.6 53  7.8  16 12.8-9.9-9.9
5017219690217 24.0  7.0  0.009900  3.9-99.9-99.9-99.9-9.9 99 8.7 48  5.0  16 12.8-9.9-9.9
5017219690218 28.5  6.5  0.009900  2.3-99.9-99.9-99.9-9.9 9911.8 54  9.4   0  0.0-9.9-9.9
5017219690219 32.5 12.2  0.009900  7.0-99.9-99.9-99.9-9.9 9912.1 48  9.8   8  6.4-9.9-9.9
5017219690220 34.5 13.8  0.009900  9.0-99.9-99.9-99.9-9.9 9913.5 43 11.4  10  8.0-9.9-9.9
5017219690221 36.5 16.6  0.009900 14.0-99.9-99.9-99.9-9.9 9916.1 51 14.1   5  4.0-9.9-9.9
5017219690222 37.5 19.0  0.009900 14.8-99.9-99.9-99.9-9.9 9915.5 42 13.5   3  2.4-9.9-9.9
5017219690223 31.2 18.1  0.009900 16.5-99.9-99.9-99.9-9.9 9913.9 47 11.9  14 11.2-9.9-9.9
5017219690224 34.5 16.5  0.009900 14.5-99.9-99.9-99.9-9.9 9913.5 42 11.4  13 10.4-9.9-9.9
5017219690225 30.0 13.6  0.009900  9.0-99.9-99.9-99.9-9.9 9911.0 46  8.4   8  6.4-9.9-9.9
5017219690226 35.0  9.1  0.009900  5.5-99.9-99.9-99.9-9.9 9914.6 54 12.6   1  0.8-9.9-9.9
5017219690227 34.8 20.0  0.009900 14.0-99.9-99.9-99.9-9.9 9915.7 47 13.7  10  8.0-9.9-9.9
5017219690228 38.5 17.0  0.009900 12.8-99.9-99.9-99.9-9.9 9919.6 56 17.2   0  0.0-9.9-9.9
5017219690301 39.0 19.5  8.119900 16.1-99.9-99.9-99.9-9.9 9918.8 58 16.5   8  6.4-9.9-9.9
5017219690302 31.5 15.4  8.219900 14.0-99.9-99.9-99.9-9.9 9919.8 66 17.3   3  2.4-9.9-9.9
5017219690303 34.5 16.5  1.019910 14.5-99.9-99.9-99.9-9.9 9919.8 64 17.3   3  2.4-9.9-9.9
5017219690304 30.5 15.0  0.009900 12.0-99.9-99.9-99.9-9.9 9910.9 46  8.2   8  6.4-9.9-9.9
5017219690305 35.0 12.5  0.009900 10.3-99.9-99.9-99.9-9.9 9916.9 56 14.9   3  2.4-9.9-9.9
5017219690306 37.5 18.5  0.009900 16.4-99.9-99.9-99.9-9.9 9920.5 67 17.9   8  6.4-9.9-9.9
5017219690307 28.2 18.5  0.009900 19.5-99.9-99.9-99.9-9.9 9912.7 53 10.5  13 10.4-9.9-9.9
5017219690308 25.5 15.4  0.009900 14.6-99.9-99.9-99.9-9.9 99 9.6 45  6.4  10  8.0-9.9-9.9
5017219690309 18.8 15.0  4.819900 13.5-99.9-99.9-99.9-9.9 9918.9 94 16.6  10  8.0-9.9-9.9
5017219690310 27.5 17.1  0.009900 18.0-99.9-99.9-99.9-9.9 9921.7 85 18.8   8  6.4-9.9-9.9
5017219690311 35.5 17.5  0.009900 15.5-99.9-99.9-99.9-9.9 9921.0 64 18.3   4  3.2-9.9-9.9
5017219690312 36.7 19.7  4.419900 16.5-99.9-99.9-99.9-9.9 9922.1 69 19.1   6  4.8-9.9-9.9
5017219690313 26.5 15.5  4.519910 19.0-99.9-99.9-99.9-9.9 9915.5 60 13.5  19 15.2-9.9-9.9
5017219690314 23.0 13.0  8.319900 11.5-99.9-99.9-99.9-9.9 9913.4 67 11.3  13 10.4-9.9-9.9
5017219690315 17.1 12.8  1.219900 13.8-99.9-99.9-99.9-9.9 9915.8100 13.8  13 10.4-9.9-9.9
5017219690316 19.4 10.5  0.009900 10.5-99.9-99.9-99.9-9.9 9913.8 84 11.8  11  8.8-9.9-9.9
5017219690317 23.0  7.0  0.009900  4.0-99.9-99.9-99.9-9.9 9911.4 73  8.9   5  4.0-9.9-9.9
5017219690318 25.1  8.0  0.009900  3.8-99.9-99.9-99.9-9.9 9911.7 65  9.3   8  6.4-9.9-9.9
5017219690319 27.5  7.5  0.009900  4.0-99.9-99.9-99.9-9.9 9912.2 62  9.9   5  4.0-9.9-9.9
5017219690320 30.5 10.0  0.009900  6.0-99.9-99.9-99.9-9.9 9913.9 53 11.9   5  4.0-9.9-9.9
5017219690321 32.5 13.0  0.009900  7.4-99.9-99.9-99.9-9.9 9912.8 51 10.6   3  2.4-9.9-9.9
5017219690322 32.7 13.0  0.009900  8.0-99.9-99.9-99.9-9.9 9915.1 56 13.1  10  8.0-9.9-9.9
5017219690323 30.7 14.0  0.009900 13.5-99.9-99.9-99.9-9.9 9916.8 62 14.8   6  4.8-9.9-9.9
5017219690324 22.5 12.5  1.419900 14.0-99.9-99.9-99.9-9.9 9913.4 77 11.3  21 16.8-9.9-9.9
5017219690325 22.5  5.5  0.009900  1.5-99.9-99.9-99.9-9.9 9910.4 66  7.5  13 10.4-9.9-9.9
5017219690326 16.8  7.8  0.519900  7.2-99.9-99.9-99.9-9.9 9910.1 73  7.1   3  2.4-9.9-9.9
5017219690327 13.4 10.0  0.319900 10.0-99.9-99.9-99.9-9.9 9912.0 91  9.7   3  2.4-9.9-9.9
5017219690328 15.7  8.5  0.009900  5.0-99.9-99.9-99.9-9.9 9911.0 82  8.4   1  0.8-9.9-9.9
5017219690329 24.5  6.0  0.009900  1.3-99.9-99.9-99.9-9.9 9912.3 72 10.0   3  2.4-9.9-9.9
5017219690330 21.0  7.5  0.009900  3.0-99.9-99.9-99.9-9.9 99 9.7 60  6.5  13 10.4-9.9-9.9
5017219690331 20.8  8.0  0.009900  2.5-99.9-99.9-99.9-9.9 99 8.8 70  5.1   8  6.4-9.9-9.9
5017219690401 24.2  8.0  0.009900  1.2-99.9-99.9-99.9-9.9 99 9.6 57  6.4   4  3.2-9.9-9.9
5017219690402 26.2  7.5  0.009900  1.0-99.9-99.9-99.9-9.9 99 8.8 48  5.1   3  2.4-9.9-9.9
5017219690403 24.7  7.0  0.009900  3.2-99.9-99.9-99.9-9.9 9910.1 60  7.1   5  4.0-9.9-9.9
5017219690404 28.0  8.1  0.009900  2.5-99.9-99.9-99.9-9.9 9910.0 51  7.0   5  4.0-9.9-9.9
5017219690405 25.0  7.1  0.009900  1.0-99.9-99.9-99.9-9.9 99 9.4 55  6.1   0  0.0-9.9-9.9
5017219690406 27.6  3.4  0.009900 -0.5-99.9-99.9-99.9-9.9 99 9.0 57  5.4   8  6.4-9.9-9.9
5017219690407 29.8  6.6  0.009900  3.5-99.9-99.9-99.9-9.9 9913.0 64 10.9   2  1.6-9.9-9.9
5017219690408 29.5  9.0  0.009900  5.1-99.9-99.9-99.9-9.9 9912.4 56 10.1   1  0.8-9.9-9.9
5017219690409 31.2 10.6  0.009900  7.5-99.9-99.9-99.9-9.9 9912.6 51 10.4   3  2.4-9.9-9.9
5017219690410 29.1 10.5  0.009900  6.1-99.9-99.9-99.9-9.9 9912.8 61 10.6   5  4.0-9.9-9.9
5017219690411 28.0 11.6  0.009900  6.5-99.9-99.9-99.9-9.9 9912.4 57 10.1   5  4.0-9.9-9.9
5017219690412 29.5  7.5  0.009900  5.2-99.9-99.9-99.9-9.9 9913.6 61 11.5   3  2.4-9.9-9.9
5017219690413 31.2 13.0  0.009900 10.1-99.9-99.9-99.9-9.9 9917.6 67 15.5   3  2.4-9.9-9.9
5017219690414 28.5 13.5  3.319900 12.3-99.9-99.9-99.9-9.9 9917.8 71 15.7   6  4.8-9.9-9.9
5017219690415 27.0 16.0  0.009900 14.0-99.9-99.9-99.9-9.9 9919.8 88 17.3  10  8.0-9.9-9.9
5017219690416 23.0 16.5  0.009900 15.0-99.9-99.9-99.9-9.9 9921.6 92 18.7   3  2.4-9.9-9.9
5017219690417 23.5 11.0  0.009900  6.6-99.9-99.9-99.9-9.9 9912.8 69 10.6   0  0.0-9.9-9.9
5017219690418 27.4  7.6  0.009900  4.5-99.9-99.9-99.9-9.9 9913.7 74 11.6   0  0.0-9.9-9.9
5017219690419 19.8 11.0  0.009900  7.5-99.9-99.9-99.9-9.9 99 9.9 61  6.8  16 12.8-9.9-9.9
5017219690420 19.0  3.0  0.009900 -2.5-99.9-99.9-99.9-9.9 99 8.5 61  4.6   8  6.4-9.9-9.9
5017219690421 26.5  1.5  0.009900 -2.0-99.9-99.9-99.9-9.9 9910.6 62  7.8   5  4.0-9.9-9.9
5017219690422 28.0  5.0  0.009900  1.2-99.9-99.9-99.9-9.9 9912.6 62 10.4   5  4.0-9.9-9.9
5017219690423 29.5  9.5  0.009900  5.5-99.9-99.9-99.9-9.9 9915.0 65 13.0  11  8.8-9.9-9.9
5017219690424 24.3 12.1  0.009900  7.6-99.9-99.9-99.9-9.9 9913.6 68 11.5  11  8.8-9.9-9.9
5017219690425 24.2  8.9  0.009900  5.2-99.9-99.9-99.9-9.9 9912.9 69 10.7   3  2.4-9.9-9.9
5017219690426 27.0  8.0  0.009900  4.0-99.9-99.9-99.9-9.9 9913.3 73 11.2   8  6.4-9.9-9.9
5017219690427 25.2  5.1  0.009900 -0.5-99.9-99.9-99.9-9.9 9912.6 60 10.4  16 12.8-9.9-9.9
5017219690428 26.5 12.8  0.009900  6.8-99.9-99.9-99.9-9.9 9916.1 65 14.1  10  8.0-9.9-9.9
5017219690429 25.2  9.5  0.009900  4.2-99.9-99.9-99.9-9.9 9912.2 56  9.9  16 12.8-9.9-9.9
5017219690430 19.0  5.0  0.009900  3.0-99.9-99.9-99.9-9.9 9911.0 71  8.4   8  6.4-9.9-9.9
5017219690501 20.0  7.5  2.119900  2.7-99.9-99.9-99.9-9.9 9910.0 63  7.0  14 11.2-9.9-9.9
5017219690502 13.5  1.6  0.009900 -1.5-99.9-99.9-99.9-9.9 99 6.8 72  1.5  27 21.6-9.9-9.9
5017219690503 16.5 -3.4  0.009900 -9.0-99.9-99.9-99.9-9.9 99 6.5 64  0.9   5  4.0-9.9-9.9
5017219690504 25.6  2.0  0.009900 -2.5-99.9-99.9-99.9-9.9 99 9.4 57  6.1   5  4.0-9.9-9.9
5017219690505 26.5  2.0  0.009900 -4.0-99.9-99.9-99.9-9.9 99 9.0 58  5.4   0  0.0-9.9-9.9
5017219690506 29.2  9.0  0.009900  4.9-99.9-99.9-99.9-9.9 9910.8 49  8.1   4  3.2-9.9-9.9
5017219690507 29.0  6.0  0.009900 -0.5-99.9-99.9-99.9-9.9 9910.2 50  7.3   0  0.0-9.9-9.9
5017219690508 24.2  3.3  0.009900 -0.5-99.9-99.9-99.9-9.9 9911.9 80  9.5   5  4.0-9.9-9.9
5017219690509 27.0  6.6  0.009900  2.0-99.9-99.9-99.9-9.9 9913.2 73 11.1   0  0.0-9.9-9.9
5017219690510 27.0  7.0  0.009900  3.5-99.9-99.9-99.9-9.9 9912.2 67  9.9   5  4.0-9.9-9.9
5017219690511 22.0  8.0  0.009900  2.0-99.9-99.9-99.9-9.9 9910.0 62  7.0   3  2.4-9.9-9.9
5017219690512 24.4  2.5  0.009900 -2.0-99.9-99.9-99.9-9.9 9911.1 66  8.5   5  4.0-9.9-9.9
5017219690513 25.2  7.1  0.009900  3.7-99.9-99.9-99.9-9.9 9911.2 60  8.6  11  8.8-9.9-9.9
5017219690514 25.0  7.0  0.009900  4.5-99.9-99.9-99.9-9.9 9914.1 72 12.1   5  4.0-9.9-9.9
5017219690515 26.0  9.6  0.009900  7.0-99.9-99.9-99.9-9.9 9915.1 78 13.1   0  0.0-9.9-9.9
5017219690516 24.0 10.0  0.009900  6.5-99.9-99.9-99.9-9.9 9916.1 85 14.1   0  0.0-9.9-9.9
5017219690517 21.0 10.0  0.009900  6.8-99.9-99.9-99.9-9.9 9912.6 89 10.4   5  4.0-9.9-9.9
5017219690518 20.0  7.1  0.009900  5.7-99.9-99.9-99.9-9.9 9915.2 86 13.2   4  3.2-9.9-9.9
5017219690519 17.0 12.6  0.519900 11.8-99.9-99.9-99.9-9.9 9914.7 92 12.7   5  4.0-9.9-9.9
5017219690520 16.5  8.0  0.009900  7.6-99.9-99.9-99.9-9.9 9910.0 81  7.0   5  4.0-9.9-9.9
5017219690521 14.0  8.0  1.019900  7.5-99.9-99.9-99.9-9.9 9911.6 90  9.2   0  0.0-9.9-9.9
5017219690522 14.2  9.6  0.009900  8.5-99.9-99.9-99.9-9.9 9912.8 94 10.6   0  0.0-9.9-9.9
5017219690523 16.5  7.6  0.009900  6.0-99.9-99.9-99.9-9.9 9912.8 95 10.6   3  2.4-9.9-9.9
5017219690524 17.0  7.1  0.319900  5.0-99.9-99.9-99.9-9.9 9913.5 93 11.4   4  3.2-9.9-9.9
5017219690525 18.0  9.8  0.009900  9.0-99.9-99.9-99.9-9.9 9912.9 89 10.7   5  4.0-9.9-9.9
5017219690526 20.0  4.0  0.009900 -2.2-99.9-99.9-99.9-9.9 9912.2 87  9.9  11  8.8-9.9-9.9
5017219690527 17.5  4.0  0.009900  1.0-99.9-99.9-99.9-9.9 9911.3 82  8.8   0  0.0-9.9-9.9
5017219690528 18.5  5.6  0.009900  4.0-99.9-99.9-99.9-9.9 9912.8 85 10.6   4  3.2-9.9-9.9
5017219690529 25.0  5.0  0.009900  1.1-99.9-99.9-99.9-9.9 9912.4 72 10.1   0  0.0-9.9-9.9
5017219690530 19.0  2.0  0.009900 -1.7-99.9-99.9-99.9-9.9 99 9.9 77  6.8  11  8.8-9.9-9.9
5017219690531 17.0 -1.6  0.009900 -5.5-99.9-99.9-99.9-9.9 99 7.2 68  2.3   5  4.0-9.9-9.9
5017219690601 17.0 -3.0  0.009900 -6.0-99.9-99.9-99.9-9.9 99 7.1 73  2.1   0  0.0-9.9-9.9
5017219690602 16.0 -0.7  0.009900 -5.0-99.9-99.9-99.9-9.9 99 8.2 79  4.1   0  0.0-9.9-9.9
5017219690603 19.7 -0.9  0.009900 -5.4-99.9-99.9-99.9-9.9 99 9.3 80  5.9   3  2.4-9.9-9.9
5017219690604 18.0  4.0  0.009900  0.5-99.9-99.9-99.9-9.9 9910.8 80  8.1   6  4.8-9.9-9.9
5017219690605 16.5  3.5  0.009900  0.5-99.9-99.9-99.9-9.9 99 9.9 87  6.8   5  4.0-9.9-9.9
5017219690606 17.8  3.6  0.009900 -0.5-99.9-99.9-99.9-9.9 9910.8 83  8.1   3  2.4-9.9-9.9
5017219690607 15.7  5.5  0.009900  1.5-99.9-99.9-99.9-9.9 9910.9 87  8.2   3  2.4-9.9-9.9
5017219690608 21.5  1.0  0.009900 -2.5-99.9-99.9-99.9-9.9 9910.7 78  8.0   5  4.0-9.9-9.9
5017219690609 25.0 10.0  0.009900  6.1-99.9-99.9-99.9-9.9 9913.4 68 11.3  14 11.2-9.9-9.9
5017219690610 25.0 12.5  0.009900  9.5-99.9-99.9-99.9-9.9 9914.4 79 12.4  18 14.4-9.9-9.9
5017219690611 16.5  4.5  0.009900 -0.2-99.9-99.9-99.9-9.9 99 9.3 76  5.9   8  6.4-9.9-9.9
5017219690612 11.4  4.0  0.009900  1.0-99.9-99.9-99.9-9.9 99 8.2 82  4.1   3  2.4-9.9-9.9
5017219690613 14.1  1.4  0.009900 -5.2-99.9-99.9-99.9-9.9 99 6.8 68  1.5   0  0.0-9.9-9.9
5017219690614  9.0  1.5  0.009900 -1.0-99.9-99.9-99.9-9.9 99 5.7 63 -1.0  16 12.8-9.9-9.9
5017219690615 17.7 -4.0  0.009900 -9.0-99.9-99.9-99.9-9.9 99 5.4 59 -1.7   6  4.8-9.9-9.9
5017219690616 12.5  4.0  0.009900  1.5-99.9-99.9-99.9-9.9 99 5.3 55 -1.9  22 17.6-9.9-9.9
5017219690617 14.4 -5.0  0.009900-12.9-99.9-99.9-99.9-9.9 99 4.3 52 -4.7   5  4.0-9.9-9.9
5017219690618 17.5 -8.0  0.009900-12.0-99.9-99.9-99.9-9.9 99 4.4 53 -4.4   0  0.0-9.9-9.9
5017219690619 16.0 -3.7  0.009900 -7.8-99.9-99.9-99.9-9.9 99 4.6 49 -3.8   6  4.8-9.9-9.9
5017219690620 13.8 -2.0  0.009900 -4.5-99.9-99.9-99.9-9.9 99 4.9 52 -3.0   6  4.8-9.9-9.9
5017219690621 15.2 -3.0  0.009900 -5.8-99.9-99.9-99.9-9.9 99 5.3 65 -1.9  11  8.8-9.9-9.9
5017219690622 21.7  0.5  0.009900 -5.7-99.9-99.9-99.9-9.9 99 6.5 52  0.9  19 15.2-9.9-9.9
5017219690623 20.0 -2.4  0.009900 -6.5-99.9-99.9-99.9-9.9 99 8.5 74  4.6   8  6.4-9.9-9.9
5017219690624 17.1  2.0  1.819900 -2.0-99.9-99.9-99.9-9.9 99 9.7 75  6.5   9  7.2-9.9-9.9
5017219690625 13.0  6.0  9.019900  5.5-99.9-99.9-99.9-9.9 99 8.6 74  4.8  25 20.0-9.9-9.9
5017219690626 10.2  4.0  7.019900  4.3-99.9-99.9-99.9-9.9 99 8.2 95  4.1  30 24.0-9.9-9.9
5017219690627 12.0  4.0  2.919900  3.0-99.9-99.9-99.9-9.9 99 8.5 84  4.6   8  6.4-9.9-9.9
5017219690628 15.2  2.6  0.009900 -1.0-99.9-99.9-99.9-9.9 99 9.1 78  5.6  11  8.8-9.9-9.9
5017219690629 15.5  2.0  0.009900 -1.5-99.9-99.9-99.9-9.9 99 6.2 57  0.2   5  4.0-9.9-9.9
5017219690630 14.8 -1.8  0.009900 -5.0-99.9-99.9-99.9-9.9 99 6.3 66  0.4  11  8.8-9.9-9.9
5017219690701 17.0 -0.6  0.009900 -3.0-99.9-99.9-99.9-9.9 99 7.7 69  3.2   5  4.0-9.9-9.9
5017219690702 14.5  7.0  0.009900  4.5-99.9-99.9-99.9-9.9 99 8.8 72  5.1  13 10.4-9.9-9.9
5017219690703 20.5  2.6  0.009900 -1.8-99.9-99.9-99.9-9.9 99 9.5 73  6.2   0  0.0-9.9-9.9
5017219690704 13.4  3.0  3.119900 -1.0-99.9-99.9-99.9-9.9 99 8.7 85  5.0  14 11.2-9.9-9.9
5017219690705 13.0  3.5  0.009900  2.5-99.9-99.9-99.9-9.9 99 6.3 67  0.4   1  0.8-9.9-9.9
5017219690706 10.5 -4.0  0.009900 -7.7-99.9-99.9-99.9-9.9 99 5.5 61 -1.4   3  2.4-9.9-9.9
5017219690707  6.8 -5.0  0.419900 -8.5-99.9-99.9-99.9-9.9 99 4.9 76 -3.0   1  0.8-9.9-9.9
5017219690708  6.0 -3.5  0.009901 -6.5-99.9-99.9-99.9-9.9 99 5.9 86 -0.5   3  2.4-9.9-9.9
5017219690709  6.5 -5.0  0.009900 -8.8-99.9-99.9-99.9-9.9 99 5.0 78 -2.7   5  4.0-9.9-9.9
5017219690710  9.8 -5.5  0.009900 -8.7-99.9-99.9-99.9-9.9 99 5.4 74 -1.7  11  8.8-9.9-9.9
5017219690711 13.0  0.4  0.009900 -2.5-99.9-99.9-99.9-9.9 99 6.3 68  0.4   3  2.4-9.9-9.9
5017219690712 14.8  0.0  0.009900 -4.0-99.9-99.9-99.9-9.9 99 7.2 65  2.3   4  3.2-9.9-9.9
5017219690713 21.7  6.4  0.009900  4.0-99.9-99.9-99.9-9.9 99 8.4 60  4.5   4  3.2-9.9-9.9
5017219690714 21.5 -1.0  0.009900 -5.5-99.9-99.9-99.9-9.9 99 7.9 68  3.6   0  0.0-9.9-9.9
5017219690715 21.8  1.6  0.009900 -4.0-99.9-99.9-99.9-9.9 99 8.6 61  4.8   5  4.0-9.9-9.9
5017219690716 21.5  2.2  0.009900 -2.5-99.9-99.9-99.9-9.9 99 8.9 59  5.3  11  8.8-9.9-9.9
5017219690717 23.0  4.4  0.009900  0.7-99.9-99.9-99.9-9.9 99 9.0 61  5.4  13 10.4-9.9-9.9
5017219690718 16.5  0.0  0.009900 -4.0-99.9-99.9-99.9-9.9 99 6.8 66  1.5   8  6.4-9.9-9.9
5017219690719 17.0  1.8  0.009900 -1.5-99.9-99.9-99.9-9.9 99 7.8 66  3.4   1  0.8-9.9-9.9
5017219690720 21.8  1.0  0.009900 -2.5-99.9-99.9-99.9-9.9 99 8.8 63  5.1   8  6.4-9.9-9.9
5017219690721 17.0  2.4  0.009900  0.5-99.9-99.9-99.9-9.9 99 8.3 72  4.3   3  2.4-9.9-9.9
5017219690722 19.0  0.5  0.009900 -4.5-99.9-99.9-99.9-9.9 99 8.0 68  3.8   0  0.0-9.9-9.9
5017219690723 19.0  3.0  0.009900  0.2-99.9-99.9-99.9-9.9 99 8.9 71  5.3   8  6.4-9.9-9.9
5017219690724 19.7  4.0  0.009900  1.1-99.9-99.9-99.9-9.9 9910.2 75  7.3   5  4.0-9.9-9.9
5017219690725 21.2  2.5  0.009900 -3.0-99.9-99.9-99.9-9.9 99 8.7 64  5.0   5  4.0-9.9-9.9
5017219690726 23.8  4.8  0.009900  0.5-99.9-99.9-99.9-9.9 9910.4 68  7.5   6  4.8-9.9-9.9
5017219690727 26.0  4.5  0.009900  2.0-99.9-99.9-99.9-9.9 9911.0 65  8.4   3  2.4-9.9-9.9
5017219690728 24.0  5.5  0.009900  3.5-99.9-99.9-99.9-9.9 9910.4 64  7.5  15 12.0-9.9-9.9
5017219690729 21.0  5.0  0.009900  1.5-99.9-99.9-99.9-9.9 99 9.7 64  6.5  10  8.0-9.9-9.9
5017219690730 16.5  3.0  0.009900 -2.0-99.9-99.9-99.9-9.9 99 7.5 68  2.9   0  0.0-9.9-9.9
5017219690731 15.5 -2.0  0.009900 -6.0-99.9-99.9-99.9-9.9 99 6.3 65  0.4   0  0.0-9.9-9.9
5017219690801 17.5 -5.6  0.009900-99.9-99.9-99.9-99.9-9.9 99 7.0 64  1.9   3  2.4-9.9-9.9
5017219690802 17.6-99.9  0.009900-99.9-99.9-99.9-99.9-9.9 99-9.9-99-99.9 -99-99.9-9.9-9.9
5017219690803 13.0-99.9  2.219900-99.9-99.9-99.9-99.9-9.9 99-9.9-99-99.9 -99-99.9-9.9-9.9
5017219690804 18.5  4.7  0.009900  2.0-99.9-99.9-99.9-9.9 99 9.8 75  6.7  10  8.0-9.9-9.9
5017219690805 14.5  2.0  0.009900 -4.0-99.9-99.9-99.9-9.9 99 7.2 73  2.3   8  6.4-9.9-9.9
5017219690806 17.0 -4.6  0.009900 -9.0-99.9-99.9-99.9-9.9 99 6.2 67  0.2   5  4.0-9.9-9.9
5017219690807 22.0  6.5  0.009900  1.7-99.9-99.9-99.9-9.9 9910.4 65  7.5  23 18.4-9.9-9.9
5017219690808 21.0  1.5  0.009900 -3.0-99.9-99.9-99.9-9.9 99 9.4 74  6.1   0  0.0-9.9-9.9
5017219690809 17.5  0.5  0.009900 -3.5-99.9-99.9-99.9-9.9 99 9.9 78  6.8  12  9.6-9.9-9.9
5017219690810 18.0  3.7  0.009900 -2.3-99.9-99.9-99.9-9.9 99 9.8 74  6.7   3  2.4-9.9-9.9
5017219690811 20.5 -0.6  0.009900 -4.9-99.9-99.9-99.9-9.9 9910.3 76  7.4   6  4.8-9.9-9.9
5017219690812 23.5  8.0  0.009900  5.0-99.9-99.9-99.9-9.9 9912.7 72 10.5  19 15.2-9.9-9.9
5017219690813 26.5  9.0  0.009900  5.3-99.9-99.9-99.9-9.9 9912.6 71 10.4  18 14.4-9.9-9.9
5017219690814 15.5  3.0  0.009900  0.1-99.9-99.9-99.9-9.9 99 8.2 70  4.1  11  8.8-9.9-9.9
5017219690815 21.8  2.0  0.009900 -1.0-99.9-99.9-99.9-9.9 9911.2 72  8.6  26 20.8-9.9-9.9
5017219690816 17.7  3.0  0.009900 -1.8-99.9-99.9-99.9-9.9 9910.2 74  7.3   8  6.4-9.9-9.9
5017219690817 22.5  0.0  0.009900 -5.5-99.9-99.9-99.9-9.9 9910.8 73  8.1   5  4.0-9.9-9.9
5017219690818 17.5  2.5  0.009900  0.1-99.9-99.9-99.9-9.9 99 9.4 82  6.1   9  7.2-9.9-9.9
5017219690819 14.5 -3.5  0.009900 -6.8-99.9-99.9-99.9-9.9 99 7.7 77  3.2   0  0.0-9.9-9.9
5017219690820 18.0 -4.0  0.009900 -7.5-99.9-99.9-99.9-9.9 99 8.7 76  5.0   5  4.0-9.9-9.9
5017219690821 19.0  0.5  0.009900 -2.5-99.9-99.9-99.9-9.9 99 9.7 75  6.5   6  4.8-9.9-9.9
5017219690822 16.5  1.0  0.009900 -2.4-99.9-99.9-99.9-9.9 9910.3 80  7.4  25 20.0-9.9-9.9
5017219690823 11.5  5.0  0.009900  4.8-99.9-99.9-99.9-9.9 99 8.0 82  3.8   0  0.0-9.9-9.9
5017219690824 15.6 -0.9  0.009900 -4.0-99.9-99.9-99.9-9.9 99 9.6 85  6.4   9  7.2-9.9-9.9
5017219690825 13.5  3.4  0.009900 -0.7-99.9-99.9-99.9-9.9 99 9.2 83  5.8   3  2.4-9.9-9.9
5017219690826 17.5  1.5  0.009900 -1.8-99.9-99.9-99.9-9.9 99 7.6 65  3.0   5  4.0-9.9-9.9
5017219690827 21.5  4.0  0.009900 -0.9-99.9-99.9-99.9-9.9 99 7.3 53  2.5   8  6.4-9.9-9.9
5017219690828 19.6  7.0  0.009900  2.5-99.9-99.9-99.9-9.9 99 8.5 60  4.6  10  8.0-9.9-9.9
5017219690829 22.5  6.0  0.009900  3.8-99.9-99.9-99.9-9.9 99 8.6 55  4.8  14 11.2-9.9-9.9
5017219690830 21.0  4.0  0.009900  0.1-99.9-99.9-99.9-9.9 99 8.1 58  3.9   3  2.4-9.9-9.9
5017219690831 26.5  2.6  0.009900 -0.5-99.9-99.9-99.9-9.9 99 9.1 52  5.6   3  2.4-9.9-9.9
5017219690901 25.5  3.8  1.319900  2.0-99.9-99.9-99.9-9.9 99 9.4 60  6.1   2  1.6-9.9-9.9
5017219690902 18.8 10.4  0.009910  8.8-99.9-99.9-99.9-9.9 9911.7 77  9.3  18 14.4-9.9-9.9
5017219690903 20.0  4.5  0.009900  0.0-99.9-99.9-99.9-9.9 99 9.9 72  6.8   0  0.0-9.9-9.9
5017219690904 15.5  3.1  0.009900 -1.7-99.9-99.9-99.9-9.9 99 9.1 80  5.6   6  4.8-9.9-9.9
5017219690905 24.0  2.5  0.009900 -1.8-99.9-99.9-99.9-9.9 9910.0 62  7.0   6  4.8-9.9-9.9
5017219690906 18.0  7.8  0.009900  7.0-99.9-99.9-99.9-9.9 99 7.7 55  3.2  30 24.0-9.9-9.9
5017219690907 16.0 -1.6  0.009900 -6.6-99.9-99.9-99.9-9.9 99 7.2 57  2.3   6  4.8-9.9-9.9
5017219690908 23.5  0.5  0.009900 -2.0-99.9-99.9-99.9-9.9 99 9.8 55  6.7  22 17.6-9.9-9.9
5017219690909 21.4  6.6  0.009900  4.2-99.9-99.9-99.9-9.9 99 9.1 64  5.6   8  6.4-9.9-9.9
5017219690910 17.5  3.0  0.009900 -0.5-99.9-99.9-99.9-9.9 99 8.5 70  4.6  11  8.8-9.9-9.9
5017219690911 27.5  1.5  0.009900 -1.8-99.9-99.9-99.9-9.9 9911.5 63  9.0   7  5.6-9.9-9.9
5017219690912 28.0  2.5  0.009900 -3.5-99.9-99.9-99.9-9.9 9912.2 62  9.9   6  4.8-9.9-9.9
5017219690913 26.0  9.2  0.009900  4.1-99.9-99.9-99.9-9.9 9912.8 65 10.6   8  6.4-9.9-9.9
5017219690914 30.5  6.9  0.009900  3.0-99.9-99.9-99.9-9.9 9914.8 66 12.8   1  0.8-9.9-9.9
5017219690915 27.0 13.5  0.009900 11.8-99.9-99.9-99.9-9.9 9914.2 65 12.2   8  6.4-9.9-9.9
5017219690916 33.0  8.0  0.009900  4.8-99.9-99.9-99.9-9.9 9917.2 61 15.1  11  8.8-9.9-9.9
5017219690917 25.2  6.5  0.009900  2.0-99.9-99.9-99.9-9.9 99 9.7 71  6.5   4  3.2-9.9-9.9
5017219690918 20.7  4.5  0.009900 -0.3-99.9-99.9-99.9-9.9 9911.2 78  8.6   6  4.8-9.9-9.9
5017219690919 26.0  3.5  0.009900 -0.5-99.9-99.9-99.9-9.9 9913.6 70 11.5   8  6.4-9.9-9.9
5017219690920 25.6  6.5  0.009900  2.2-99.9-99.9-99.9-9.9 9913.6 68 11.5  14 11.2-9.9-9.9
5017219690921 30.0  7.5  0.009900  3.0-99.9-99.9-99.9-9.9 9915.4 65 13.4  11  8.8-9.9-9.9
5017219690922 30.5 12.0  0.009900  6.5-99.9-99.9-99.9-9.9 9916.8 62 14.8   6  4.8-9.9-9.9
5017219690923 25.5 11.0  0.009900  8.8-99.9-99.9-99.9-9.9 9916.3 78 14.3  18 14.4-9.9-9.9
5017219690924 26.0  7.0  0.009900  4.0-99.9-99.9-99.9-9.9 9915.0 71 13.0   8  6.4-9.9-9.9
5017219690925 21.0  9.4  0.009900  7.5-99.9-99.9-99.9-9.9 9912.9 74 10.7  16 12.8-9.9-9.9
5017219690926 15.1  6.8  0.009900  2.0-99.9-99.9-99.9-9.9 99 9.4 82  6.1  24 19.2-9.9-9.9
5017219690927 17.5  4.4  0.009900 -0.7-99.9-99.9-99.9-9.9 9910.3 78  7.4   5  4.0-9.9-9.9
5017219690928 20.5  2.8  0.419900 -0.5-99.9-99.9-99.9-9.9 9911.1 76  8.5   8  6.4-9.9-9.9
5017219690929 20.5  4.0  0.009900 -1.0-99.9-99.9-99.9-9.9 9910.3 69  7.4   6  4.8-9.9-9.9
5017219690930 23.0  0.7  0.009900 -2.9-99.9-99.9-99.9-9.9 9911.3 67  8.8   5  4.0-9.9-9.9
5017219691001 29.0  7.5  0.009900  2.7-99.9-99.9-99.9-9.9 9915.1 64 13.1  11  8.8-9.9-9.9
5017219691002 20.8 10.0  0.009900  8.7-99.9-99.9-99.9-9.9 9914.3 78 12.3  26 20.8-9.9-9.9
5017219691003 27.5  6.0  0.009900 -0.4-99.9-99.9-99.9-9.9 9915.4 68 13.4  11  8.8-9.9-9.9
5017219691004 29.6  9.0  0.009900  9.1-99.9-99.9-99.9-9.9 9915.8 63 13.8  18 14.4-9.9-9.9
5017219691005 21.8  4.6  0.009900  0.4-99.9-99.9-99.9-9.9 99 8.5 52  4.6  30 24.0-9.9-9.9
5017219691006 21.8  1.0  0.009900 -5.8-99.9-99.9-99.9-9.9 99 5.1 35 -2.5   1  0.8-9.9-9.9
5017219691007 27.5  4.5  0.009900 -1.5-99.9-99.9-99.9-9.9 99 6.2 28  0.2  14 11.2-9.9-9.9
5017219691008 27.0 11.1  0.009900  3.0-99.9-99.9-99.9-9.9 99 8.0 38  3.8  19 15.2-9.9-9.9
5017219691009 23.7  3.0  0.009900 -2.5-99.9-99.9-99.9-9.9 99 7.0 39  1.9   0  0.0-9.9-9.9
5017219691010 29.0  6.5  0.009900  2.0-99.9-99.9-99.9-9.9 9911.0 48  8.4   2  1.6-9.9-9.9
5017219691011 32.5 12.0  2.719900  8.5-99.9-99.9-99.9-9.9 9914.8 51 12.8   3  2.4-9.9-9.9
5017219691012 25.5 10.5  0.009910  9.0-99.9-99.9-99.9-9.9 9910.2 61  7.3  16 12.8-9.9-9.9
5017219691013 19.4  4.5  0.009900 -0.5-99.9-99.9-99.9-9.9 99 8.6 59  4.8  21 16.8-9.9-9.9
5017219691014 17.0  2.0  0.009900 -3.0-99.9-99.9-99.9-9.9 99 7.4 58  2.7   9  7.2-9.9-9.9
5017219691015 20.2  2.5  0.009900 -0.8-99.9-99.9-99.9-9.9 99 7.3 52  2.5   6  4.8-9.9-9.9
5017219691016 21.4  0.2  0.009900 -5.2-99.9-99.9-99.9-9.9 99 7.5 60  2.9   3  2.4-9.9-9.9
5017219691017 24.0  1.5  0.009900 -3.0-99.9-99.9-99.9-9.9 99 9.9 58  6.8   1  0.8-9.9-9.9
5017219691018 32.5  3.5  0.009900 -1.2-99.9-99.9-99.9-9.9 9912.3 59 10.0  11  8.8-9.9-9.9
5017219691019 26.5 10.0  2.519900  6.1-99.9-99.9-99.9-9.9 9913.7 72 11.6  16 12.8-9.9-9.9
5017219691020 21.6  8.5  1.219900 10.5-99.9-99.9-99.9-9.9 9912.9 84 10.7  17 13.6-9.9-9.9
5017219691021 23.5  3.8  0.009900 -1.5-99.9-99.9-99.9-9.9 9912.1 75  9.8   6  4.8-9.9-9.9
5017219691022 26.5  6.0  0.009900  0.5-99.9-99.9-99.9-9.9 9912.5 63 10.3   8  6.4-9.9-9.9
5017219691023 32.5  8.1  0.009900  3.0-99.9-99.9-99.9-9.9 9917.9 57 15.8   8  6.4-9.9-9.9
5017219691024 32.0 13.0  0.009900  7.0-99.9-99.9-99.9-9.9 9917.3 61 15.2   0  0.0-9.9-9.9
5017219691025 34.0 12.6  0.009900  8.8-99.9-99.9-99.9-9.9 9921.6 64 18.7  13 10.4-9.9-9.9
5017219691026 27.3 11.5  0.009900  9.8-99.9-99.9-99.9-9.9 9914.9 72 12.9  21 16.8-9.9-9.9
5017219691027 23.5  7.8  0.009900  3.2-99.9-99.9-99.9-9.9 9912.9 69 10.7   3  2.4-9.9-9.9
5017219691028 25.0  4.4  0.009900  0.2-99.9-99.9-99.9-9.9 9911.3 57  8.8   8  6.4-9.9-9.9
5017219691029 24.5  8.0  0.009900  2.5-99.9-99.9-99.9-9.9 9912.6 62 10.4  19 15.2-9.9-9.9
5017219691030 23.5  4.5  0.009900  1.0-99.9-99.9-99.9-9.9 9912.5 68 10.3  13 10.4-9.9-9.9
5017219691031 28.5  5.3  0.009900  0.3-99.9-99.9-99.9-9.9 9915.3 67 13.3   8  6.4-9.9-9.9
5017219691101 24.5 15.0  0.009900 13.5-99.9-99.9-99.9-9.9 9914.1 65 12.1  23 18.4-9.9-9.9
5017219691102 30.0  5.0  0.009900  0.7-99.9-99.9-99.9-9.9 9916.9 62 14.9   4  3.2-9.9-9.9
5017219691103 32.5 12.5  0.009900-99.9-99.9-99.9-99.9-9.9 9922.2 66 19.2  19 15.2-9.9-9.9
5017219691104 27.0 13.2  0.009900  8.0-99.9-99.9-99.9-9.9 9918.6 72 16.4  19 15.2-9.9-9.9
5017219691105 24.0 13.7  0.009900 13.0-99.9-99.9-99.9-9.9 9915.2 77 13.2  11  8.8-9.9-9.9
5017219691106 29.7  7.0  0.009900  1.8-99.9-99.9-99.9-9.9 9920.6 71 18.0  19 15.2-9.9-9.9
5017219691107 26.6 10.5  0.009900  7.7-99.9-99.9-99.9-9.9 9916.0 77 14.0   5  4.0-9.9-9.9
5017219691108 25.5  9.4  0.009900  3.1-99.9-99.9-99.9-9.9 9917.0 80 15.0  11  8.8-9.9-9.9
5017219691109 27.2  6.0  0.009900  0.5-99.9-99.9-99.9-9.9 9912.3 56 10.0   6  4.8-9.9-9.9
5017219691110 30.0  8.5  1.419910  3.6-99.9-99.9-99.9-9.9 9915.9 59 13.9  19 15.2-9.9-9.9
5017219691111 29.0 13.0  0.009900 12.0-99.9-99.9-99.9-9.9 9917.3 74 15.2   5  4.0-9.9-9.9
5017219691112 33.7 11.2  0.009900  6.5-99.9-99.9-99.9-9.9 9920.5 62 17.9  13 10.4-9.9-9.9
5017219691113 35.0 16.0 17.519900 11.8-99.9-99.9-99.9-9.9 9915.7 44 13.7  10  8.0-9.9-9.9
5017219691114 31.2 16.2  0.009900 16.5-99.9-99.9-99.9-9.9 9915.2 67 13.2  15 12.0-9.9-9.9
5017219691115 29.7 11.2  0.119900  7.5-99.9-99.9-99.9-9.9 9911.4 51  8.9  18 14.4-9.9-9.9
5017219691116 25.5 10.0  0.009900  8.2-99.9-99.9-99.9-9.9 9910.1 45  7.1  16 12.8-9.9-9.9
5017219691117 27.0 10.5  0.009900  6.2-99.9-99.9-99.9-9.9 99 9.1 39  5.6  11  8.8-9.9-9.9
5017219691118 25.5 12.4  0.009900  9.0-99.9-99.9-99.9-9.9 99 9.5 41  6.2  11  8.8-9.9-9.9
5017219691119 27.0  8.5  0.009900  5.5-99.9-99.9-99.9-9.9 9913.5 65 11.4  13 10.4-9.9-9.9
5017219691120 29.0 12.5  0.009900  9.5-99.9-99.9-99.9-9.9 9916.2 61 14.2  16 12.8-9.9-9.9
5017219691121 31.7 11.5  0.009900  7.5-99.9-99.9-99.9-9.9 9918.0 65 15.8   6  4.8-9.9-9.9
5017219691122 35.6 14.5  0.009900 10.0-99.9-99.9-99.9-9.9 9920.1 60 17.6  14 11.2-9.9-9.9
5017219691123 37.0 16.8  8.019910 11.8-99.9-99.9-99.9-9.9 9925.7 71 21.5   8  6.4-9.9-9.9
5017219691124 26.5 12.5  0.009900 12.0-99.9-99.9-99.9-9.9 9918.4 81 16.2   8  6.4-9.9-9.9
5017219691125 30.5 12.8  0.319900 11.6-99.9-99.9-99.9-9.9 9923.1 78 19.8   5  4.0-9.9-9.9
5017219691126 35.6 18.0  0.009900 16.6-99.9-99.9-99.9-9.9 9926.7 86 22.2  11  8.8-9.9-9.9
5017219691127 35.0 14.5  1.719900 11.7-99.9-99.9-99.9-9.9 9925.4 83 21.4  14 11.2-9.9-9.9
5017219691128 30.0 13.5  0.009900  9.8-99.9-99.9-99.9-9.9 9920.0 77 17.5   4  3.2-9.9-9.9
5017219691129 25.5 10.5  0.009900  5.5-99.9-99.9-99.9-9.9 9919.0 83 16.7   8  6.4-9.9-9.9
5017219691130 33.0  8.8  0.009900  5.2-99.9-99.9-99.9-9.9 9924.3 82 20.6   5  4.0-9.9-9.9
5017219691201 35.7 12.0  0.009900  7.0-99.9-99.9-99.9-9.9 9920.9 61 18.2  16 12.8-9.9-9.9
5017219691202 37.0 15.0  0.009900 11.5-99.9-99.9-99.9-9.9 99-9.9-99-99.9   6  4.8-9.9-9.9
5017219691203 36.5 21.5  0.009900 19.2-99.9-99.9-99.9-9.9 99-9.9-99-99.9  27 21.6-9.9-9.9
5017219691204 38.5 18.3  0.009900 14.5-99.9-99.9-99.9-9.9 99-9.9-99-99.9  14 11.2-9.9-9.9
5017219691205 34.5 21.5  3.719900 20.2-99.9-99.9-99.9-9.9 99-9.9-99-99.9  19 15.2-9.9-9.9
5017219691206 34.5 17.5  0.009900 16.0-99.9-99.9-99.9-9.9 9922.0 61 19.0   2  1.6-9.9-9.9
5017219691207 34.5 19.0  2.019900 16.2-99.9-99.9-99.9-9.9 99-9.9-99-99.9  21 16.8-9.9-9.9
5017219691208 29.0 15.5  0.009900 14.1-99.9-99.9-99.9-9.9 9922.2 83 19.2   8  6.4-9.9-9.9
5017219691209 35.0 16.0  0.009900 12.4-99.9-99.9-99.9-9.9 99-9.9-99-99.9   8  6.4-9.9-9.9
5017219691210 28.0 11.8  0.009900-99.9-99.9-99.9-99.9-9.9 9919.0 77 16.7  23 18.4-9.9-9.9
5017219691211 35.0 10.5  5.019900  6.5-99.9-99.9-99.9-9.9 99-9.9-99-99.9  20 16.0-9.9-9.9
5017219691212 30.5 15.0  0.009900 14.0-99.9-99.9-99.9-9.9 99-9.9-99-99.9   3  2.4-9.9-9.9
5017219691213 34.5 16.5  0.009900  7.1-99.9-99.9-99.9-9.9 99-9.9-99-99.9   6  4.8-9.9-9.9
5017219691214 37.0 14.0  0.009900  8.5-99.9-99.9-99.9-9.9 99-9.9-99-99.9   3  2.4-9.9-9.9
5017219691215 38.0 18.0  1.019900 13.5-99.9-99.9-99.9-9.9 99-9.9-99-99.9  11  8.8-9.9-9.9
5017219691216 36.0 19.5  1.219900 13.4-99.9-99.9-99.9-9.9 99-9.9-99-99.9  11  8.8-9.9-9.9
5017219691217 33.0 19.5  0.009900 16.5-99.9-99.9-99.9-9.9 99-9.9-99-99.9   8  6.4-9.9-9.9
5017219691218 36.2 19.0  0.009900 17.5-99.9-99.9-99.9-9.9 99-9.9-99-99.9  11  8.8-9.9-9.9
5017219691219 31.8 18.5  0.009900 17.4-99.9-99.9-99.9-9.9 99-9.9-99-99.9  24 19.2-9.9-9.9
5017219691220 35.8 18.0 13.119900 17.4-99.9-99.9-99.9-9.9 99-9.9-99-99.9  16 12.8-9.9-9.9
5017219691221-99.9-99.9  0.009900 13.0-99.9-99.9-99.9-9.9 99-9.9-99-99.9 -99-99.9-9.9-9.9
5017219691222-99.9-99.9  0.009900-99.9-99.9-99.9-99.9-9.9 99-9.9-99-99.9 -99-99.9-9.9-9.9
5017219691223-99.9-99.9  0.009900-99.9-99.9-99.9-99.9-9.9 99-9.9-99-99.9 -99-99.9-9.9-9.9
5017219691224-99.9-99.9  0.009900-99.9-99.9-99.9-99.9-9.9 99-9.9-99-99.9 -99-99.9-9.9-9.9
5017219691225 37.7 19.6  4.719900 15.0-99.9-99.9-99.9-9.9 99-9.9-99-99.9  16 12.8-9.9-9.9
5017219691226 33.0 18.0  1.019900 15.5-99.9-99.9-99.9-9.9 99-9.9-99-99.9   0  0.0-9.9-9.9
5017219691227 29.5 17.4  0.009900 14.0-99.9-99.9-99.9-9.9 99-9.9-99-99.9  10  8.0-9.9-9.9
5017219691228 35.0 13.1  0.009900 10.3-99.9-99.9-99.9-9.9 99-9.9-99-99.9   0  0.0-9.9-9.9
5017219691229 36.5 17.5  0.819900 13.0-99.9-99.9-99.9-9.9 99-9.9-99-99.9  13 10.4-9.9-9.9
5017219691230 36.7 20.0  0.009900 19.0-99.9-99.9-99.9-9.9 99-9.9-99-99.9   8  6.4-9.9-9.9
5017219691231 39.6 18.0  0.009900 14.2-99.9-99.9-99.9-9.9 99-9.9-99-99.9   6  4.8-9.9-9.9
5017219700101 38.0 19.4 10.119900 17.0-99.9-99.9-99.9-9.9 99-9.9-99-99.9   8  6.4-9.9-9.9
5017219700102 31.5 12.0  0.009900 15.5-99.9-99.9-99.9-9.9 99-9.9-99-99.9   1  0.8-9.9-9.9
5017219700103 28.7 17.4  1.019900 17.5-99.9-99.9-99.9-9.9 99-9.9-99-99.9  17 13.6-9.9-9.9
5017219700104 23.2 15.0 63.419900 18.5-99.9-99.9-99.9-9.9 99-9.9-99-99.9  25 20.0-9.9-9.9
5017219700105 25.5 13.4  0.009900 12.5-99.9-99.9-99.9-9.9 99-9.9-99-99.9   8  6.4-9.9-9.9
5017219700106 28.5 15.0  0.009900 12.5-99.9-99.9-99.9-9.9 99-9.9-99-99.9  11  8.8-9.9-9.9
5017219700107 27.0 16.1  0.009900 14.5-99.9-99.9-99.9-9.9 99-9.9-99-99.9  18 14.4-9.9-9.9
5017219700108 28.0 14.0  0.009900 11.5-99.9-99.9-99.9-9.9 99-9.9-99-99.9   6  4.8-9.9-9.9
5017219700109 29.0 13.0  0.009900 10.3-99.9-99.9-99.9-9.9 99-9.9-99-99.9  11  8.8-9.9-9.9
5017219700110 31.0 16.0  0.009900 14.0-99.9-99.9-99.9-9.9 99-9.9-99-99.9   3  2.4-9.9-9.9
5017219700111 34.0 19.0  0.009900 16.2-99.9-99.9-99.9-9.9 99-9.9-99-99.9  16 12.8-9.9-9.9
5017219700112 36.5 19.5  0.009900 16.1-99.9-99.9-99.9-9.9 99-9.9-99-99.9   6  4.8-9.9-9.9
5017219700113 28.3 14.0  0.009900 12.2-99.9-99.9-99.9-9.9 99-9.9-99-99.9   9  7.2-9.9-9.9
5017219700114 31.8 11.0  0.009900  7.0-99.9-99.9-99.9-9.9 99-9.9-99-99.9   8  6.4-9.9-9.9
5017219700115 35.0 14.5  0.009900 11.2-99.9-99.9-99.9-9.9 99-9.9-99-99.9   8  6.4-9.9-9.9
5017219700116 30.2 17.5  0.009900 16.3-99.9-99.9-99.9-9.9 99-9.9-99-99.9  13 10.4-9.9-9.9
5017219700117 28.5 16.6  0.009900 15.6-99.9-99.9-99.9-9.9 99-9.9-99-99.9   9  7.2-9.9-9.9
5017219700118 32.5 12.5  0.009900 10.0-99.9-99.9-99.9-9.9 99-9.9-99-99.9   5  4.0-9.9-9.9
5017219700119 35.0 18.0  4.019900 16.0-99.9-99.9-99.9-9.9 99-9.9-99-99.9   8  6.4-9.9-9.9
5017219700120 32.5 16.5  0.319900 15.2-99.9-99.9-99.9-9.9 99-9.9-99-99.9   3  2.4-9.9-9.9
5017219700121 31.6 20.7  0.009900 20.5-99.9-99.9-99.9-9.9 99-9.9-99-99.9  16 12.8-9.9-9.9
5017219700122 29.5 15.6  0.009900 14.5-99.9-99.9-99.9-9.9 99-9.9-99-99.9  14 11.2-9.9-9.9
5017219700123 25.4 17.5  0.009900 17.0-99.9-99.9-99.9-9.9 99-9.9-99-99.9  23 18.4-9.9-9.9
5017219700124 29.7 12.5  4.019900  8.5-99.9-99.9-99.9-9.9 99-9.9-99-99.9  11  8.8-9.9-9.9
5017219700125 23.5 12.0  0.009900 11.2-99.9-99.9-99.9-9.9 99-9.9-99-99.9  13 10.4-9.9-9.9
5017219700126 29.0 11.1  0.009900  9.5-99.9-99.9-99.9-9.9 99-9.9-99-99.9   1  0.8-9.9-9.9
5017219700127 29.0 14.5 22.319900 11.4-99.9-99.9-99.9-9.9 99-9.9-99-99.9   6  4.8-9.9-9.9
5017219700128 28.5 15.0  0.009900 15.0-99.9-99.9-99.9-9.9 99-9.9-99-99.9   0  0.0-9.9-9.9
5017219700129 31.7 14.5  0.009900 11.0-99.9-99.9-99.9-9.9 99-9.9-99-99.9   1  0.8-9.9-9.9
5017219700130 35.6 17.0  0.009900 14.0-99.9-99.9-99.9-9.9 99-9.9-99-99.9   4  3.2-9.9-9.9
5017219700131 32.5 18.6  0.009900 15.2-99.9-99.9-99.9-9.9 99-9.9-99-99.9   9  7.2-9.9-9.9
5017219700201 30.0 18.5  3.819900 16.0-99.9-99.9-99.9-9.9 9926.0 87 21.7   1  0.8-9.9-9.9
5017219700202 30.5 16.0  0.009900 13.0-99.9-99.9-99.9-9.9 99-9.9-99-99.9   1  0.8-9.9-9.9
5017219700203 35.5 15.5  0.009900 12.2-99.9-99.9-99.9-9.9 99-9.9-99-99.9   0  0.0-9.9-9.9
5017219700204 29.2 15.5 10.019900 13.1-99.9-99.9-99.9-9.9 99-9.9-99-99.9  22 17.6-9.9-9.9
5017219700205 20.5  9.5  0.219900  9.4-99.9-99.9-99.9-9.9 9912.6 79 10.4  11  8.8-9.9-9.9
5017219700206 23.0  7.0  0.009900  3.0-99.9-99.9-99.9-9.9 99 9.9 60  6.8   0  0.0-9.9-9.9
5017219700207 30.0 10.0  0.009900  5.0-99.9-99.9-99.9-9.9 9911.2 52  8.6   0  0.0-9.9-9.9
5017219700208 34.0 13.0  0.009900  9.4-99.9-99.9-99.9-9.9 99-9.9-99-99.9 -99-99.9-9.9-9.9
5017219700209 36.6 14.5  0.009900 11.0-99.9-99.9-99.9-9.9 9913.1 44 11.0   3  2.4-9.9-9.9
5017219700210 36.5 17.2  0.009900 12.5-99.9-99.9-99.9-9.9 9917.2 50 15.1   4  3.2-9.9-9.9
5017219700211 35.5 16.5  0.009900 12.5-99.9-99.9-99.9-9.9 9917.7 51 15.6   3  2.4-9.9-9.9
5017219700212 32.0 20.0  0.009900 18.4-99.9-99.9-99.9-9.9 9921.8 66 18.9  24 19.2-9.9-9.9
5017219700213 33.5 18.5  0.009900 18.1-99.9-99.9-99.9-9.9 99-9.9-99-99.9   1  0.8-9.9-9.9
5017219700214 36.5 20.0  0.009900 16.7-99.9-99.9-99.9-9.9 99-9.9-99-99.9  11  8.8-9.9-9.9
5017219700215 34.5 18.8  0.009900 16.6-99.9-99.9-99.9-9.9 9928.0 76 23.0   8  6.4-9.9-9.9
5017219700216 34.7 17.2  0.009900 14.3-99.9-99.9-99.9-9.9 9930.4 78 24.3   8  6.4-9.9-9.9
5017219700217 36.2 19.0  0.009900 14.0-99.9-99.9-99.9-9.9 99-9.9-99-99.9  16 12.8-9.9-9.9
5017219700218 38.5 21.2  0.009900 19.2-99.9-99.9-99.9-9.9 99-9.9-99-99.9  11  8.8-9.9-9.9
5017219700219 36.0 20.5  0.619900 17.5-99.9-99.9-99.9-9.9 99-9.9-99-99.9   0  0.0-9.9-9.9
5017219700220 28.5 14.0  0.009900 12.1-99.9-99.9-99.9-9.9 9920.1 81 17.6  11  8.8-9.9-9.9
5017219700221 31.0 13.6  0.009900 12.0-99.9-99.9-99.9-9.9 99-9.9-99-99.9   8  6.4-9.9-9.9
5017219700222 35.0 12.5  0.009900  8.9-99.9-99.9-99.9-9.9 99-9.9-99-99.9   0  0.0-9.9-9.9
5017219700223 38.2 16.7  0.009900 13.3-99.9-99.9-99.9-9.9 99-9.9-99-99.9   5  4.0-9.9-9.9
5017219700224 38.5 19.4  0.009900 17.5-99.9-99.9-99.9-9.9 99-9.9-99-99.9   0  0.0-9.9-9.9
5017219700225 34.5 21.0  0.009900 18.6-99.9-99.9-99.9-9.9 99-9.9-99-99.9  11  8.8-9.9-9.9
5017219700226 29.0 18.5  0.009900 19.0-99.9-99.9-99.9-9.9 9917.7 91 15.6  24 19.2-9.9-9.9
5017219700227 29.0 15.5  0.009900 15.0-99.9-99.9-99.9-9.9 99-9.9-99-99.9  14 11.2-9.9-9.9
5017219700228 26.5 11.0  0.009900  7.5-99.9-99.9-99.9-9.9 99-9.9-99-99.9   5  4.0-9.9-9.9
5017219700301 33.2 11.5  0.009900  8.0-99.9-99.9-99.9-9.9 99-9.9-99-99.9   8  6.4-9.9-9.9
5017219700302 34.5 17.4  0.009900 14.0-99.9-99.9-99.9-9.9 99-9.9-99-99.9   6  4.8-9.9-9.9
5017219700303 32.0 15.5  0.009900 12.9-99.9-99.9-99.9-9.9 99-9.9-99-99.9   3  2.4-9.9-9.9
5017219700304 35.0 17.5  0.009900 14.8-99.9-99.9-99.9-9.9 99-9.9-99-99.9   3  2.4-9.9-9.9
5017219700305 36.3 20.5  0.009900 19.0-99.9-99.9-99.9-9.9 99-9.9-99-99.9   5  4.0-9.9-9.9
5017219700306 34.5 19.0  0.009900 16.9-99.9-99.9-99.9-9.9 99-9.9-99-99.9   0  0.0-9.9-9.9
5017219700307 31.0 18.0  0.009900 15.0-99.9-99.9-99.9-9.9 99-9.9-99-99.9   8  6.4-9.9-9.9
5017219700308 31.2 13.5  0.009900  9.5-99.9-99.9-99.9-9.9 99-9.9-99-99.9   3  2.4-9.9-9.9
5017219700309 35.0 18.5  0.009900 15.5-99.9-99.9-99.9-9.9 99-9.9-99-99.9  13 10.4-9.9-9.9
5017219700310 24.5 10.0  0.009900  5.0-99.9-99.9-99.9-9.9 99-9.9-99-99.9   3  2.4-9.9-9.9
5017219700311 21.5  8.5  0.009900  5.2-99.9-99.9-99.9-9.9 99-9.9-99-99.9   0  0.0-9.9-9.9
5017219700312 28.0  6.5  0.009900  2.1-99.9-99.9-99.9-9.9 99-9.9-99-99.9   8  6.4-9.9-9.9
5017219700313 27.2 10.9  0.009900  7.1-99.9-99.9-99.9-9.9 99-9.9-99-99.9   6  4.8-9.9-9.9
5017219700314 28.5 11.5 13.119900  9.0-99.9-99.9-99.9-9.9 99-9.9-99-99.9   8  6.4-9.9-9.9
5017219700315 20.4 13.1  1.019900 13.0-99.9-99.9-99.9-9.9 99-9.9-99-99.9  15 12.0-9.9-9.9
5017219700316 15.0  9.6  2.319900  9.5-99.9-99.9-99.9-9.9 99-9.9-99-99.9  21 16.8-9.9-9.9
5017219700317 20.3  4.5  0.009900  0.8-99.9-99.9-99.9-9.9 99-9.9-99-99.9   3  2.4-9.9-9.9
5017219700318 25.0  7.5  0.009900  5.0-99.9-99.9-99.9-9.9 99-9.9-99-99.9   6  4.8-9.9-9.9
5017219700319 30.0 12.0  0.009900  9.0-99.9-99.9-99.9-9.9 99-9.9-99-99.9   8  6.4-9.9-9.9
5017219700320 32.3 14.5  0.009900 11.5-99.9-99.9-99.9-9.9 99-9.9-99-99.9   0  0.0-9.9-9.9
5017219700321 28.2 13.0  0.009900  9.6-99.9-99.9-99.9-9.9 99-9.9-99-99.9  10  8.0-9.9-9.9
5017219700322 27.0 15.5  1.019900 13.2-99.9-99.9-99.9-9.9 99-9.9-99-99.9  16 12.8-9.9-9.9
5017219700323 25.5 14.0  0.009900 13.5-99.9-99.9-99.9-9.9 99-9.9-99-99.9   3  2.4-9.9-9.9
5017219700324 29.0 11.0  0.009900  7.0-99.9-99.9-99.9-9.9 99-9.9-99-99.9   8  6.4-9.9-9.9
5017219700325 27.5 13.0  0.009900 11.0-99.9-99.9-99.9-9.9 99-9.9-99-99.9   8  6.4-9.9-9.9
5017219700326 32.5 14.0  0.009900 11.5-99.9-99.9-99.9-9.9 99-9.9-99-99.9   0  0.0-9.9-9.9
5017219700327 34.0 15.0  0.009900 12.0-99.9-99.9-99.9-9.9 99-9.9-99-99.9   5  4.0-9.9-9.9
5017219700328 31.0 17.0  0.009900 13.0-99.9-99.9-99.9-9.9 99-9.9-99-99.9   0  0.0-9.9-9.9
5017219700329 27.0 10.0  0.009900  4.8-99.9-99.9-99.9-9.9 99-9.9-99-99.9   0  0.0-9.9-9.9
5017219700330 31.0  9.2  0.009900  6.0-99.9-99.9-99.9-9.9 99-9.9-99-99.9   5  4.0-9.9-9.9
5017219700331 33.0 15.0  0.009900 11.6-99.9-99.9-99.9-9.9 99-9.9-99-99.9   8  6.4-9.9-9.9
5017219700401 24.0  9.4  0.009900  6.0-99.9-99.9-99.9-9.9 9916.2 94 14.2   1  0.8-9.9-9.9
5017219700402 25.8  6.1  0.009900  2.0-99.9-99.9-99.9-9.9 9917.7 94 15.6   5  4.0-9.9-9.9
5017219700403 25.5 13.0  0.009900  9.0-99.9-99.9-99.9-9.9 9920.5 92 17.9   3  2.4-9.9-9.9
5017219700404 27.0  7.5  0.009900  3.5-99.9-99.9-99.9-9.9 9919.4 95 17.0   0  0.0-9.9-9.9
5017219700405 31.0  9.9  0.009900  5.0-99.9-99.9-99.9-9.9 9917.0 69 15.0   0  0.0-9.9-9.9
5017219700406 29.5 13.0  0.009900  9.0-99.9-99.9-99.9-9.9 9919.8 79 17.3   0  0.0-9.9-9.9
5017219700407 31.5 12.3  0.009900  9.3-99.9-99.9-99.9-9.9 9922.9 80 19.7  14 11.2-9.9-9.9
5017219700408 29.5 14.8  0.009900 10.5-99.9-99.9-99.9-9.9 9920.9 84 18.2   0  0.0-9.9-9.9
5017219700409 31.0 10.8  0.009900  6.5-99.9-99.9-99.9-9.9 9922.8 86 19.6   8  6.4-9.9-9.9
5017219700410 32.8 15.6  0.009900 10.7-99.9-99.9-99.9-9.9 9926.4 88 22.0   0  0.0-9.9-9.9
5017219700411 24.8 13.0  0.009900 11.0-99.9-99.9-99.9-9.9 9916.0 89 14.0  15 12.0-9.9-9.9
5017219700412 25.0 11.5  0.009900  8.5-99.9-99.9-99.9-9.9 9918.3 89 16.1   5  4.0-9.9-9.9
5017219700413 23.0 10.5  0.009900  7.7-99.9-99.9-99.9-9.9 9918.0 89 15.8  16 12.8-9.9-9.9
5017219700414 25.7  7.0  0.009900  3.1-99.9-99.9-99.9-9.9 9917.5 89 15.4   5  4.0-9.9-9.9
5017219700415 27.5  8.5  0.009900  4.5-99.9-99.9-99.9-9.9 9918.2 91 16.0   0  0.0-9.9-9.9
5017219700416 31.6 13.0  0.009900  9.0-99.9-99.9-99.9-9.9 9924.4 90 20.7  14 11.2-9.9-9.9
5017219700417 33.0 13.1  0.009900  9.0-99.9-99.9-99.9-9.9 9924.3 88 20.6   5  4.0-9.9-9.9
5017219700418 28.0 13.0  0.009900 11.6-99.9-99.9-99.9-9.9 9921.6 94 18.7   6  4.8-9.9-9.9
5017219700419 33.5 13.1  0.009900  9.5-99.9-99.9-99.9-9.9 9926.1 87 21.8   1  0.8-9.9-9.9
5017219700420 32.0 13.5  0.009900  9.6-99.9-99.9-99.9-9.9 9924.6 89 20.8   0  0.0-9.9-9.9
5017219700421 26.5 15.5  0.009900 13.0-99.9-99.9-99.9-9.9 9921.4 90 18.6   9  7.2-9.9-9.9
5017219700422 31.7 12.8  0.009900  8.5-99.9-99.9-99.9-9.9 9923.7 92 20.2   1  0.8-9.9-9.9
5017219700423 28.0 17.0  0.009900 15.7-99.9-99.9-99.9-9.9 9923.7 87 20.2  16 12.8-9.9-9.9
5017219700424 30.0 13.0  0.009900  9.1-99.9-99.9-99.9-9.9 9923.4 91 20.0   3  2.4-9.9-9.9
5017219700425 29.5 12.5  0.009900  9.4-99.9-99.9-99.9-9.9 9922.6 91 19.5  14 11.2-9.9-9.9
5017219700426 22.0  5.5  0.009900  0.5-99.9-99.9-99.9-9.9 9914.5 90 12.5   3  2.4-9.9-9.9
5017219700427 25.0  4.5  0.009900  0.8-99.9-99.9-99.9-9.9 9915.6 90 13.6   5  4.0-9.9-9.9
5017219700428 26.0  4.5  0.009900 -0.5-99.9-99.9-99.9-9.9 9915.2 89 13.2   0  0.0-9.9-9.9
5017219700429 28.0  6.5  0.009900  2.0-99.9-99.9-99.9-9.9 9919.3 89 16.9   5  4.0-9.9-9.9
5017219700430 23.0  8.5  0.009900  2.0-99.9-99.9-99.9-9.9 9915.4 90 13.4   0  0.0-9.9-9.9
5017219700501 28.0  4.9  0.009900 -1.0-99.9-99.9-99.9-9.9 99-9.9-99-99.9   8  6.4-9.9-9.9
5017219700502 30.5  8.7  0.009900  3.0-99.9-99.9-99.9-9.9 99-9.9-99-99.9  10  8.0-9.9-9.9
5017219700503 25.5 10.0  0.819900  6.5-99.9-99.9-99.9-9.9 99-9.9-99-99.9   7  5.6-9.9-9.9
5017219700504 19.5 10.0  0.009900  6.2-99.9-99.9-99.9-9.9 99-9.9-99-99.9   8  6.4-9.9-9.9
5017219700505 16.8  0.4  0.009900 -6.5-99.9-99.9-99.9-9.9 99-9.9-99-99.9  11  8.8-9.9-9.9
5017219700506 21.0  5.5  0.009900 -0.9-99.9-99.9-99.9-9.9 99-9.9-99-99.9   8  6.4-9.9-9.9
5017219700507 21.0  6.0  0.009900  1.5-99.9-99.9-99.9-9.9 99-9.9-99-99.9   4  3.2-9.9-9.9
5017219700508 28.0  1.4  0.009900 -2.9-99.9-99.9-99.9-9.9 99-9.9-99-99.9  13 10.4-9.9-9.9
5017219700509 16.9  4.8  0.009900 -1.8-99.9-99.9-99.9-9.9 99 9.8 83  6.7   1  0.8-9.9-9.9
5017219700510 17.0  0.0  0.009900 -6.5-99.9-99.9-99.9-9.9 99-9.9-99-99.9   9  7.2-9.9-9.9
5017219700511 16.5  1.4  0.009900 -2.5-99.9-99.9-99.9-9.9 99 9.4 81  6.1   0  0.0-9.9-9.9
5017219700512 20.5  2.2  0.009900 -2.0-99.9-99.9-99.9-9.9 99-9.9-99-99.9   0  0.0-9.9-9.9
5017219700513 18.5  3.4  0.009900  0.1-99.9-99.9-99.9-9.9 9913.9 88 11.9   5  4.0-9.9-9.9
5017219700514 15.0 11.0  1.219900  9.5-99.9-99.9-99.9-9.9 9914.0 98 12.0   0  0.0-9.9-9.9
5017219700515 20.2  8.0  0.009900  4.0-99.9-99.9-99.9-9.9 9912.6 84 10.4   3  2.4-9.9-9.9
5017219700516 20.0  3.0  0.009900 -0.9-99.9-99.9-99.9-9.9 99-9.9-99-99.9  11  8.8-9.9-9.9
5017219700517  7.0  4.0  0.619900  3.5-99.9-99.9-99.9-9.9 99 8.4 95  4.5   9  7.2-9.9-9.9
5017219700518  7.0  3.0  0.009900  3.0-99.9-99.9-99.9-9.9 99 8.3 95  4.3   0  0.0-9.9-9.9
5017219700519 15.0  2.5  0.009900 -4.2-99.9-99.9-99.9-9.9 99 9.3 90  5.9   1  0.8-9.9-9.9
5017219700520 19.5  0.0  0.009900 -6.7-99.9-99.9-99.9-9.9 99-9.9-99-99.9   3  2.4-9.9-9.9
5017219700521 21.0  6.5  0.009900  1.0-99.9-99.9-99.9-9.9 99-9.9-99-99.9   5  4.0-9.9-9.9
5017219700522 21.5  1.1  0.009900 -3.8-99.9-99.9-99.9-9.9 99-9.9-99-99.9   5  4.0-9.9-9.9
5017219700523 23.8  1.0  0.009900 -4.0-99.9-99.9-99.9-9.9 99-9.9-99-99.9   0  0.0-9.9-9.9
5017219700524 23.5  6.0  0.009900  1.7-99.9-99.9-99.9-9.9 99-9.9-99-99.9  11  8.8-9.9-9.9
5017219700525 24.0  4.0  0.009900 -2.2-99.9-99.9-99.9-9.9 99-9.9-99-99.9   8  6.4-9.9-9.9
5017219700526 21.6  2.8  0.009900 -2.4-99.9-99.9-99.9-9.9 99-9.9-99-99.9   0  0.0-9.9-9.9
5017219700527 20.0  7.7  0.419900  3.5-99.9-99.9-99.9-9.9 9915.7 88 13.7  14 11.2-9.9-9.9
5017219700528 22.2 10.2  0.009900  6.5-99.9-99.9-99.9-9.9 9914.9 87 12.9   3  2.4-9.9-9.9
5017219700529 20.5  2.0  0.009900 -3.0-99.9-99.9-99.9-9.9 99-9.9-99-99.9  11  8.8-9.9-9.9
5017219700530 20.0 -1.1  0.009900 -6.0-99.9-99.9-99.9-9.9 99-9.9-99-99.9   0  0.0-9.9-9.9
5017219700531 19.5  1.0  0.009900 -4.8-99.9-99.9-99.9-9.9 99-9.9-99-99.9   1  0.8-9.9-9.9
5017219700601 16.0 -1.5  0.009900 -7.5-99.9-99.9-99.9-9.9 99 8.8 84  5.1   0  0.0-9.9-9.9
5017219700602 18.5  0.5  0.009900 -3.5-99.9-99.9-99.9-9.9 9911.5 87  9.0   8  6.4-9.9-9.9
5017219700603 17.5 -2.0  0.009900 -5.5-99.9-99.9-99.9-9.9 99 9.4 87  6.1   0  0.0-9.9-9.9
5017219700604 14.3 -3.5  0.009900 -8.5-99.9-99.9-99.9-9.9 99 8.4 86  4.5   8  6.4-9.9-9.9
5017219700605 17.0 -2.0  0.009900 -7.9-99.9-99.9-99.9-9.9 99 8.9 75  5.3  14 11.2-9.9-9.9
5017219700606 18.5  2.5  0.009900 -0.8-99.9-99.9-99.9-9.9 9911.3 88  8.8  11  8.8-9.9-9.9
5017219700607 17.5  2.0  0.009900 -3.8-99.9-99.9-99.9-9.9 99 8.8 74  5.1   0  0.0-9.9-9.9
5017219700608 18.5 -1.0  0.009900 -6.0-99.9-99.9-99.9-9.9 99 9.4 74  6.1   8  6.4-9.9-9.9
5017219700609 19.5  1.0  0.009900 -3.5-99.9-99.9-99.9-9.9 9910.3 77  7.4   0  0.0-9.9-9.9
5017219700610 16.0  0.5  0.009900 -4.5-99.9-99.9-99.9-9.9 9910.5 87  7.7  12  9.6-9.9-9.9
5017219700611 16.5  7.0  0.009900  2.0-99.9-99.9-99.9-9.9 9911.3 97  8.8   3  2.4-9.9-9.9
5017219700612 16.5  3.4  0.009900 -0.5-99.9-99.9-99.9-9.9 9910.0 88  7.0   5  4.0-9.9-9.9
5017219700613 17.0 -2.5  0.009900 -6.5-99.9-99.9-99.9-9.9 99 9.0 82  5.4   0  0.0-9.9-9.9
5017219700614 19.5 -0.6  0.009900 -6.5-99.9-99.9-99.9-9.9 9910.2 82  7.3   8  6.4-9.9-9.9
5017219700615 19.5  7.0  0.009900  3.0-99.9-99.9-99.9-9.9 9913.3 90 11.2  11  8.8-9.9-9.9
5017219700616 20.2  6.0  0.009900  1.2-99.9-99.9-99.9-9.9 9913.3 85 11.2  13 10.4-9.9-9.9
5017219700617 13.8  3.0  0.009900 -3.5-99.9-99.9-99.9-9.9 99 9.0 85  5.4   3  2.4-9.9-9.9
5017219700618 18.0 -2.8  0.009900 -7.9-99.9-99.9-99.9-9.9 99 9.1 79  5.6   5  4.0-9.9-9.9
5017219700619 19.0 -2.0  0.009900 -5.5-99.9-99.9-99.9-9.9 99 8.9 83  5.3   0  0.0-9.9-9.9
5017219700620 16.2 -1.6  0.009900 -5.0-99.9-99.9-99.9-9.9 99-9.9-99-99.9 -99-99.9-9.9-9.9
5017219700621 14.0  2.0  0.009900 -3.5-99.9-99.9-99.9-9.9 99 8.9 77  5.3   2  1.6-9.9-9.9
5017219700622 13.5 -3.1  0.009900 -8.8-99.9-99.9-99.9-9.9 99 7.9 85  3.6   3  2.4-9.9-9.9
5017219700623 15.5 -3.6  0.009900 -8.8-99.9-99.9-99.9-9.9 99 8.4 84  4.5   8  6.4-9.9-9.9
5017219700624 17.0 -1.0  0.009900 -6.0-99.9-99.9-99.9-9.9 99 9.1 80  5.6   5  4.0-9.9-9.9
5017219700625 16.5  5.5  0.009900  1.5-99.9-99.9-99.9-9.9 9910.2 78  7.3  14 11.2-9.9-9.9
5017219700626 19.7  5.0  0.009900 -2.0-99.9-99.9-99.9-9.9 9911.2 78  8.6   6  4.8-9.9-9.9
5017219700627 14.5  1.4  0.009900 -5.5-99.9-99.9-99.9-9.9 99 9.2 82  5.8   8  6.4-9.9-9.9
5017219700628 15.1  0.5  0.009900 -9.5-99.9-99.9-99.9-9.9 99 9.1 80  5.6   6  4.8-9.9-9.9
5017219700629 10.5 -2.6  0.219900 -7.5-99.9-99.9-99.9-9.9 99 7.2 84  2.3   6  4.8-9.9-9.9
5017219700630  6.0 -0.4  2.019901 -1.0-99.9-99.9-99.9-9.9 99-9.9-99-99.9   6  4.8-9.9-9.9
5017219700701 11.0 -6.0  0.009900-10.7-99.9-99.9-99.9-9.9 99 7.5 90  2.9  13 10.4-9.9-9.9
5017219700702 13.5  2.5  0.009900 -0.5-99.9-99.9-99.9-9.9 99 7.2 69  2.3  12  9.6-9.9-9.9
5017219700703 15.0  3.8  0.009900 -1.0-99.9-99.9-99.9-9.9 99 5.4 49 -1.7   3  2.4-9.9-9.9
5017219700704 12.7 -3.0  0.009900-10.5-99.9-99.9-99.9-9.9 99 4.6 59 -3.8   5  4.0-9.9-9.9
5017219700705 14.2 -6.0  0.009900-11.9-99.9-99.9-99.9-9.9 99 4.0 54 -5.7   0  0.0-9.9-9.9
5017219700706 15.0 -6.6  0.009900-11.0-99.9-99.9-99.9-9.9 99 4.4 57 -4.4   5  4.0-9.9-9.9
5017219700707 17.5 -6.0  0.009900-12.5-99.9-99.9-99.9-9.9 99 5.6 58 -1.2   3  2.4-9.9-9.9
5017219700708 19.0 -3.6  0.009900 -9.0-99.9-99.9-99.9-9.9 99 4.4 44 -4.4  11  8.8-9.9-9.9
5017219700709 18.0  0.5  0.009900 -6.0-99.9-99.9-99.9-9.9 99 5.4 48 -1.7  13 10.4-9.9-9.9
5017219700710 14.5  0.9  0.009900 -4.7-99.9-99.9-99.9-9.9 99 5.8 61 -0.7   5  4.0-9.9-9.9
5017219700711 16.0 -6.6  0.009900-11.2-99.9-99.9-99.9-9.9 99 6.0 63 -0.2   6  4.8-9.9-9.9
5017219700712 18.0 -0.3  0.009900 -7.0-99.9-99.9-99.9-9.9 99 7.8 63  3.4  14 11.2-9.9-9.9
5017219700713 18.0  4.0  0.009900 -1.8-99.9-99.9-99.9-9.9 99 8.9 72  5.3   5  4.0-9.9-9.9
5017219700714 19.5 -1.5  0.009900 -6.5-99.9-99.9-99.9-9.9 99 9.0 72  5.4   8  6.4-9.9-9.9
5017219700715 13.0  6.5  9.019900  4.5-99.9-99.9-99.9-9.9 99 9.7 82  6.5   9  7.2-9.9-9.9
5017219700716 12.8  5.4  0.009900  4.5-99.9-99.9-99.9-9.9 99 9.8 92  6.7   0  0.0-9.9-9.9
5017219700717 17.2  1.5  0.009900 -3.0-99.9-99.9-99.9-9.9 99 8.9 82  5.3   3  2.4-9.9-9.9
5017219700718 16.5  1.0  0.009900 -4.2-99.9-99.9-99.9-9.9 99 8.3 81  4.3   8  6.4-9.9-9.9
5017219700719 19.0 -0.5  0.009900 -6.0-99.9-99.9-99.9-9.9 99 8.1 66  3.9   8  6.4-9.9-9.9
5017219700720 20.0  2.0  0.009900 -2.0-99.9-99.9-99.9-9.9 99 8.9 69  5.3   1  0.8-9.9-9.9
5017219700721 21.5  2.5  0.009900 -3.0-99.9-99.9-99.9-9.9 9910.2 71  7.3 -99-99.9-9.9-9.9
5017219700722 20.2-99.9  0.009900-99.9-99.9-99.9-99.9-9.9 9912.2 79  9.9 -99-99.9-9.9-9.9
5017219700723 20.5  3.0  0.009900 -1.5-99.9-99.9-99.9-9.9 9911.6 76  9.2   0  0.0-9.9-9.9
5017219700724 16.0 11.4  0.819900  9.0-99.9-99.9-99.9-9.9 9913.4 94 11.3   0  0.0-9.9-9.9
5017219700725 13.4  7.4  2.019900 10.5-99.9-99.9-99.9-9.9 99 9.8 84  6.7  13 10.4-9.9-9.9
5017219700726 16.5  1.0  0.009900 -4.0-99.9-99.9-99.9-9.9 99 7.6 73  3.0   3  2.4-9.9-9.9
5017219700727 17.0 -3.0  0.009900 -7.7-99.9-99.9-99.9-9.9 99 7.1 61  2.1  10  8.0-9.9-9.9
5017219700728 18.5  5.1  0.009900  0.5-99.9-99.9-99.9-9.9 99 9.0 69  5.4  21 16.8-9.9-9.9
5017219700729 19.5  2.5  0.009900 -1.0-99.9-99.9-99.9-9.9 9910.3 69  7.4  28 22.4-9.9-9.9
5017219700730 21.0  4.0  0.009900 -3.0-99.9-99.9-99.9-9.9 9910.6 70  7.8  25 20.0-9.9-9.9
5017219700731 24.5  9.0  0.009900  0.0-99.9-99.9-99.9-9.9 99 7.3 43  2.5  16 12.8-9.9-9.9
5017219700801 18.0  3.5  0.009900 -0.5-99.9-99.9-99.9-9.9 99 6.7 53  1.3  19 15.2-9.9-9.9
5017219700802 12.2  0.4  0.009900 -4.0-99.9-99.9-99.9-9.9 99 6.0 66 -0.2  19 15.2-9.9-9.9
5017219700803 13.5 -4.8  0.009900 -9.0-99.9-99.9-99.9-9.9 99 6.3 77  0.4   0  0.0-9.9-9.9
5017219700804 15.5 -3.0  0.009900 -8.1-99.9-99.9-99.9-9.9 99 5.9 73 -0.5   5  4.0-9.9-9.9
5017219700805 14.5 -6.0  0.009900 -7.9-99.9-99.9-99.9-9.9 99 5.6 64 -1.2   5  4.0-9.9-9.9
5017219700806 14.5  0.3  0.009900 -5.0-99.9-99.9-99.9-9.9 99 5.6 59 -1.2   8  6.4-9.9-9.9
5017219700807 15.0 -5.7  0.009900-11.0-99.9-99.9-99.9-9.9 99 5.3 57 -1.9   3  2.4-9.9-9.9
5017219700808 17.3 -2.0  0.009900 -7.5-99.9-99.9-99.9-9.9 99 6.7 63  1.3   0  0.0-9.9-9.9
5017219700809 19.5  2.0  0.009900 -3.0-99.9-99.9-99.9-9.9 99 6.8 53  1.5   8  6.4-9.9-9.9
5017219700810 21.5  3.0  0.009900 -2.0-99.9-99.9-99.9-9.9 99 7.7 51  3.2  17 13.6-9.9-9.9
5017219700811 23.5  8.0  0.009900  3.0-99.9-99.9-99.9-9.9 99 9.8 57  6.7   6  4.8-9.9-9.9
5017219700812 14.3  6.5  0.009900  4.4-99.9-99.9-99.9-9.9 99 6.9 53  1.7  26 20.8-9.9-9.9
5017219700813 17.0 -2.0  0.009900 -7.0-99.9-99.9-99.9-9.9 99 4.6 48 -3.8   5  4.0-9.9-9.9
5017219700814 22.0  0.5  0.009900 -4.5-99.9-99.9-99.9-9.9 99 5.3 39 -1.9  17 13.6-9.9-9.9
5017219700815 23.2  5.0  0.009900 -1.5-99.9-99.9-99.9-9.9 99 7.8 46  3.4  11  8.8-9.9-9.9
5017219700816 27.5  5.0  0.009900 -1.0-99.9-99.9-99.9-9.9 99 8.7 45  5.0   6  4.8-9.9-9.9
5017219700817 23.0  2.5  0.009900 -1.0-99.9-99.9-99.9-9.9 99 8.5 56  4.6   4  3.2-9.9-9.9
5017219700818 19.5  5.6  0.009900  1.5-99.9-99.9-99.9-9.9 99 8.2 63  4.1   5  4.0-9.9-9.9
5017219700819 17.0  0.4  0.009900 -3.3-99.9-99.9-99.9-9.9 99 6.6 56  1.1   9  7.2-9.9-9.9
5017219700820 18.5 -2.5  0.009900 -9.7-99.9-99.9-99.9-9.9 99 7.0 54  1.9   4  3.2-9.9-9.9
5017219700821 21.0 -1.6  0.009900 -9.0-99.9-99.9-99.9-9.9 99 7.9 60  3.6   5  4.0-9.9-9.9
5017219700822 14.2 -1.6  0.009900 -7.5-99.9-99.9-99.9-9.9 99 6.6 71  1.1   0  0.0-9.9-9.9
5017219700823 21.0 -4.0  0.009900-10.8-99.9-99.9-99.9-9.9 99 6.9 59  1.7   0  0.0-9.9-9.9
5017219700824 18.5 -0.6  0.009900 -8.0-99.9-99.9-99.9-9.9 99 7.2 60  2.3   3  2.4-9.9-9.9
5017219700825 17.0 -5.0  0.009900-10.0-99.9-99.9-99.9-9.9 99 8.0 72  3.8   8  6.4-9.9-9.9
5017219700826 19.5 -2.8  0.009900 -6.9-99.9-99.9-99.9-9.9 99 8.0 63  3.8   5  4.0-9.9-9.9
5017219700827 19.5  5.5  0.009900  1.0-99.9-99.9-99.9-9.9 99 9.0 62  5.4   0  0.0-9.9-9.9
5017219700828 17.0  6.1  0.219900  4.8-99.9-99.9-99.9-9.9 99 9.8 73  6.7  10  8.0-9.9-9.9
5017219700829 21.0  1.1  0.009900 -4.5-99.9-99.9-99.9-9.9 99 8.8 69  5.1   5  4.0-9.9-9.9
5017219700830 24.8  0.5  0.009900 -9.8-99.9-99.9-99.9-9.9 99 8.9 55  5.3   8  6.4-9.9-9.9
5017219700831 26.0  5.5  0.009900  2.5-99.9-99.9-99.9-9.9 9910.0 62  7.0  13 10.4-9.9-9.9
5017219700901 23.0  4.0  0.009900  0.0-99.9-99.9-99.9-9.9 99 9.8 59  6.7   5  4.0-9.9-9.9
5017219700902 24.5  4.2  0.009900 -1.5-99.9-99.9-99.9-9.9 9911.8 63  9.4  16 12.8-9.9-9.9
5017219700903 22.0  6.5  0.009900  2.3-99.9-99.9-99.9-9.9 9910.3 64  7.4  11  8.8-9.9-9.9
5017219700904 21.0  6.4  0.009900  2.7-99.9-99.9-99.9-9.9 99 9.5 62  6.2   5  4.0-9.9-9.9
5017219700905 24.0  4.5  0.009900 -0.5-99.9-99.9-99.9-9.9 9911.1 70  8.5   8  6.4-9.9-9.9
5017219700906 22.8  3.0  0.009900 -3.0-99.9-99.9-99.9-9.9 99 9.5 60  6.2   5  4.0-9.9-9.9
5017219700907 26.0  1.5  0.009900 -3.5-99.9-99.9-99.9-9.9 9910.5 57  7.7   5  4.0-9.9-9.9
5017219700908 29.0  7.5  0.009900  5.0-99.9-99.9-99.9-9.9 9913.2 61 11.1   5  4.0-9.9-9.9
5017219700909 25.5  8.5  0.009900  4.5-99.9-99.9-99.9-9.9 9911.8 60  9.4   5  4.0-9.9-9.9
5017219700910 25.0 10.4  0.009900  7.2-99.9-99.9-99.9-9.9 9913.2 67 11.1   9  7.2-9.9-9.9
5017219700911 24.0  8.7  0.219900  7.0-99.9-99.9-99.9-9.9 9913.4 74 11.3  11  8.8-9.9-9.9
5017219700912 17.1 10.4  0.009900  9.0-99.9-99.9-99.9-9.9 9911.4 76  8.9  16 12.8-9.9-9.9
5017219700913 17.0  0.5  0.009900 -8.5-99.9-99.9-99.9-9.9 99 8.5 69  4.6   1  0.8-9.9-9.9
5017219700914 24.5  3.0  0.009900 -3.2-99.9-99.9-99.9-9.9 9912.1 67  9.8   9  7.2-9.9-9.9
5017219700915 27.5 10.5  0.009900  5.7-99.9-99.9-99.9-9.9 9914.1 64 12.1  10  8.0-9.9-9.9
5017219700916 30.0 10.5  0.009900  4.5-99.9-99.9-99.9-9.9 9915.9 63 13.9  16 12.8-9.9-9.9
5017219700917 26.0 10.0  0.009900  7.5-99.9-99.9-99.9-9.9 99-9.9-99-99.9  18 14.4-9.9-9.9
5017219700918 20.5  9.3  0.009900  6.5-99.9-99.9-99.9-9.9 9911.5 68  9.0  11  8.8-9.9-9.9
5017219700919 26.0  4.3  0.009900 -1.8-99.9-99.9-99.9-9.9 99-9.9-99-99.9   5  4.0-9.9-9.9
5017219700920 26.0  9.3  0.009900  6.8-99.9-99.9-99.9-9.9 99-9.9-99-99.9   8  6.4-9.9-9.9
5017219700921 31.5  6.6  0.009900  0.7-99.9-99.9-99.9-9.9 99-9.9-99-99.9  19 15.2-9.9-9.9
5017219700922 24.0  6.0  0.009900 -1.0-99.9-99.9-99.9-9.9 99-9.9-99-99.9   5  4.0-9.9-9.9
5017219700923 27.0  4.5  0.009900 -2.0-99.9-99.9-99.9-9.9 99-9.9-99-99.9   0  0.0-9.9-9.9
5017219700924 27.7  6.5  0.009900  1.0-99.9-99.9-99.9-9.9 99-9.9-99-99.9   8  6.4-9.9-9.9
5017219700925 29.5  6.1  0.009900  1.5-99.9-99.9-99.9-9.9 99-9.9-99-99.9   0  0.0-9.9-9.9
5017219700926 22.2 12.8  0.009900 11.0-99.9-99.9-99.9-9.9 9914.3 74 12.3  19 15.2-9.9-9.9
5017219700927 20.2  2.0  0.009900 -3.0-99.9-99.9-99.9-9.9 9910.7 67  8.0   1  0.8-9.9-9.9
5017219700928 23.5  5.3  0.009900 -1.0-99.9-99.9-99.9-9.9 99-9.9-99-99.9   0  0.0-9.9-9.9
5017219700929 26.0  3.0  0.009900 -1.3-99.9-99.9-99.9-9.9 99-9.9-99-99.9 -99-99.9-9.9-9.9
5017219700930 25.2  8.5  0.009900  5.0-99.9-99.9-99.9-9.9 9913.5 79 11.4  11  8.8-9.9-9.9
5017219701001 21.5  7.0  0.009900  1.0-99.9-99.9-99.9-9.9 9911.1 66  8.5   5  4.0-9.9-9.9
5017219701002 24.5  3.5  0.009900 -1.8-99.9-99.9-99.9-9.9 9911.7 69  9.3   0  0.0-9.9-9.9
5017219701003 28.5  4.5  0.009900 -1.5-99.9-99.9-99.9-9.9 9913.3 64 11.2   3  2.4-9.9-9.9
5017219701004 22.0  4.8  0.009900 -0.5-99.9-99.9-99.9-9.9 9912.0 69  9.7   3  2.4-9.9-9.9
5017219701005 18.5  1.0  0.009900 -4.0-99.9-99.9-99.9-9.9 99 9.8 73  6.7  13 10.4-9.9-9.9
5017219701006 21.5  2.5  0.009900 -2.5-99.9-99.9-99.9-9.9 9910.2 73  7.3  10  8.0-9.9-9.9
5017219701007 25.0  3.0  0.119900 -2.0-99.9-99.9-99.9-9.9 9911.4 66  8.9  15 12.0-9.9-9.9
5017219701008 19.0  4.5  0.009900  1.5-99.9-99.9-99.9-9.9 99 8.4 60  4.5   0  0.0-9.9-9.9
5017219701009 25.2  4.0  0.009900 -3.8-99.9-99.9-99.9-9.9 99 9.1 52  5.6   5  4.0-9.9-9.9
5017219701010 26.5  7.5  0.819900  1.5-99.9-99.9-99.9-9.9 99 6.2 36  0.2  13 10.4-9.9-9.9
5017219701011 23.0 11.0  0.009900  5.8-99.9-99.9-99.9-9.9 99 6.5 35  0.9  13 10.4-9.9-9.9
5017219701012 27.5  3.0  0.009900 -1.5-99.9-99.9-99.9-9.9 99 7.5 39  2.9   5  4.0-9.9-9.9
5017219701013 30.7  7.1  0.009900  1.3-99.9-99.9-99.9-9.9 9910.9 45  8.2   3  2.4-9.9-9.9
5017219701014 34.0 11.0  0.319900  7.5-99.9-99.9-99.9-9.9 9913.6 48 11.5   1  0.8-9.9-9.9
5017219701015 32.5 15.0  0.009900 12.5-99.9-99.9-99.9-9.9 9918.0 61 15.8   4  3.2-9.9-9.9
5017219701016 26.2 11.2  7.119910 14.0-99.9-99.9-99.9-9.9 9913.4 86 11.3  34 27.2-9.9-9.9
5017219701017 22.0  6.6  0.009900  2.0-99.9-99.9-99.9-9.9 9911.5 71  9.0   0  0.0-9.9-9.9
5017219701018 22.5  5.5  0.009900  2.2-99.9-99.9-99.9-9.9 9911.3 64  8.8   5  4.0-9.9-9.9
5017219701019 25.5  5.9  0.009900  0.8-99.9-99.9-99.9-9.9 9912.0 62  9.7   3  2.4-9.9-9.9
5017219701020 29.5  8.3  0.009900  2.8-99.9-99.9-99.9-9.9 9913.9 57 11.9   3  2.4-9.9-9.9
5017219701021 34.5 11.0  0.009900  5.0-99.9-99.9-99.9-9.9 9915.8 56 13.8   5  4.0-9.9-9.9
5017219701022 34.0 11.7  0.009900  6.0-99.9-99.9-99.9-9.9 9917.5 62 15.4   0  0.0-9.9-9.9
5017219701023 31.5 17.0  0.009900 10.5-99.9-99.9-99.9-9.9 9918.8 65 16.5  16 12.8-9.9-9.9
5017219701024 33.5 11.8  0.009900  6.7-99.9-99.9-99.9-9.9 9921.0 66 18.3   3  2.4-9.9-9.9
5017219701025 25.8 15.0  0.009900 14.0-99.9-99.9-99.9-9.9 9915.6 72 13.6  26 20.8-9.9-9.9
5017219701026 17.5  4.5  0.009900  1.3-99.9-99.9-99.9-9.9 9911.8 79  9.4  13 10.4-9.9-9.9
5017219701027 20.5 10.0  0.009900  9.5-99.9-99.9-99.9-9.9 9914.0 88 12.0  31 24.8-9.9-9.9
5017219701028 27.0  9.5  0.009900  8.1-99.9-99.9-99.9-9.9 9917.7 81 15.6  19 15.2-9.9-9.9
5017219701029 30.0 12.5  0.009900  9.0-99.9-99.9-99.9-9.9 9920.3 80 17.7  13 10.4-9.9-9.9
5017219701030 25.5 13.0 24.019900 13.5-99.9-99.9-99.9-9.9 9918.1 84 15.9  27 21.6-9.9-9.9
5017219701031 18.0  7.5  0.009900  7.5-99.9-99.9-99.9-9.9 9911.7 86  9.3  13 10.4-9.9-9.9
5017219701101 26.8  5.5  0.009900  0.5-99.9-99.9-99.9-9.9 9914.5 66 12.5   9  7.2-9.9-9.9
5017219701102 28.0 10.5  0.009900  4.5-99.9-99.9-99.9-9.9 9917.0 71 15.0   5  4.0-9.9-9.9
5017219701103 28.0 11.2  0.009900  7.5-99.9-99.9-99.9-9.9 9916.4 69 14.4  13 10.4-9.9-9.9
5017219701104 34.0 11.0  0.009900  7.3-99.9-99.9-99.9-9.9 9922.3 68 19.2   3  2.4-9.9-9.9
5017219701105 32.5 13.7  1.019900  8.1-99.9-99.9-99.9-9.9 9922.8 73 19.6  21 16.8-9.9-9.9
5017219701106 27.0 14.0  0.009900 10.0-99.9-99.9-99.9-9.9 9919.8 82 17.3   6  4.8-9.9-9.9
5017219701107 32.0 12.3  0.119900  9.9-99.9-99.9-99.9-9.9 9924.0 84 20.4   8  6.4-9.9-9.9
5017219701108 26.5 16.5  0.009900 15.5-99.9-99.9-99.9-9.9 9919.4 80 17.0  27 21.6-9.9-9.9
5017219701109 27.3 11.5  0.009900  7.5-99.9-99.9-99.9-9.9 9920.5 82 17.9  10  8.0-9.9-9.9
5017219701110 21.4 13.0  8.919900 12.0-99.9-99.9-99.9-9.9 9917.2 99 15.1   8  6.4-9.9-9.9
5017219701111 20.2 11.5  0.219900 12.0-99.9-99.9-99.9-9.9 9916.2 90 14.2  19 15.2-9.9-9.9
5017219701112 28.0  8.5  0.009900  5.5-99.9-99.9-99.9-9.9 9919.4 81 17.0   6  4.8-9.9-9.9
5017219701113 32.5 10.2  0.009900  6.0-99.9-99.9-99.9-9.9 9924.8 80 21.0   0  0.0-9.9-9.9
5017219701114 34.5 12.0  0.009900  6.5-99.9-99.9-99.9-9.9 9926.0 74 21.7   5  4.0-9.9-9.9
5017219701115 30.0 17.0  0.009900  4.0-99.9-99.9-99.9-9.9 9925.2 87 21.2  23 18.4-9.9-9.9
5017219701116 23.5  8.5  0.009900  5.0-99.9-99.9-99.9-9.9 9917.5 89 15.4  18 14.4-9.9-9.9
5017219701117 24.0  5.0  0.009900 -1.7-99.9-99.9-99.9-9.9 9919.2 91 16.9   8  6.4-9.9-9.9
5017219701118 27.5  5.5  0.009900  0.5-99.9-99.9-99.9-9.9 9919.4 86 17.0   0  0.0-9.9-9.9
5017219701119 32.0  9.0  0.519900  4.0-99.9-99.9-99.9-9.9 9925.2 83 21.2   8  6.4-9.9-9.9
5017219701120 25.5 12.5  0.009910 11.0-99.9-99.9-99.9-9.9 9914.5 92 12.5  41 32.8-9.9-9.9
5017219701121 24.2  4.5  0.009900 -0.5-99.9-99.9-99.9-9.9 9917.0 83 15.0   8  6.4-9.9-9.9
5017219701122 29.2  8.5  0.009900  4.0-99.9-99.9-99.9-9.9 9919.1 80 16.8   0  0.0-9.9-9.9
5017219701123 32.5 10.2  0.009900  5.5-99.9-99.9-99.9-9.9 9925.0 80 21.1   3  2.4-9.9-9.9
5017219701124 32.8 14.0  0.009900 10.2-99.9-99.9-99.9-9.9 9927.5 86 22.7   8  6.4-9.9-9.9
5017219701125 27.5 15.5  0.009900 13.0-99.9-99.9-99.9-9.9 9922.8 91 19.6  23 18.4-9.9-9.9
5017219701126 20.5 12.5  4.019900 11.5-99.9-99.9-99.9-9.9 9916.7 96 14.7  16 12.8-9.9-9.9
5017219701127 25.5  9.0  0.009900  5.0-99.9-99.9-99.9-9.9 9919.6 86 17.2   1  0.8-9.9-9.9
5017219701128 32.0  9.5  0.009900  5.8-99.9-99.9-99.9-9.9 9925.1 86 21.2   0  0.0-9.9-9.9
5017219701129 26.3 12.0  0.009900  9.3-99.9-99.9-99.9-9.9 9914.2 69 12.2  13 10.4-9.9-9.9
5017219701130 26.0  4.4  0.009900  0.0-99.9-99.9-99.9-9.9 9913.7 68 11.6   0  0.0-9.9-9.9
5017219701201 26.5  6.0  0.009900  1.7-99.9-99.9-99.9-9.9 99-9.9-99-99.9   6  4.8-9.9-9.9
5017219701202 30.5  6.5  0.009900  2.5-99.9-99.9-99.9-9.9 99-9.9-99-99.9  10  8.0-9.9-9.9
5017219701203 35.8 10.8  6.319900  5.7-99.9-99.9-99.9-9.9 99-9.9-99-99.9   3  2.4-9.9-9.9
5017219701204 30.0 12.5  0.009900  8.3-99.9-99.9-99.9-9.9 99-9.9-99-99.9  13 10.4-9.9-9.9
5017219701205 29.0 10.0  0.009900  4.0-99.9-99.9-99.9-9.9 99-9.9-99-99.9  20 16.0-9.9-9.9
5017219701206 35.0  9.5  0.009900  4.5-99.9-99.9-99.9-9.9 99-9.9-99-99.9   5  4.0-9.9-9.9
5017219701207 36.0 17.4  0.009900 13.0-99.9-99.9-99.9-9.9 99-9.9-99-99.9   8  6.4-9.9-9.9
5017219701208 30.0 14.0  0.009900  9.0-99.9-99.9-99.9-9.9 99-9.9-99-99.9   9  7.2-9.9-9.9
5017219701209 35.0  9.6  0.009900  4.5-99.9-99.9-99.9-9.9 99-9.9-99-99.9  19 15.2-9.9-9.9
5017219701210 25.5 11.2  0.009900  7.8-99.9-99.9-99.9-9.9 99-9.9-99-99.9  15 12.0-9.9-9.9
5017219701211 26.0  6.5  0.009900  1.5-99.9-99.9-99.9-9.9 99-9.9-99-99.9  16 12.8-9.9-9.9
5017219701212 28.0  5.0  0.009900 -1.0-99.9-99.9-99.9-9.9 99-9.9-99-99.9   8  6.4-9.9-9.9
5017219701213 31.0 10.0  0.009900  5.5-99.9-99.9-99.9-9.9 99-9.9-99-99.9  10  8.0-9.9-9.9
5017219701214 36.0 10.8  0.009900  7.2-99.9-99.9-99.9-9.9 99-9.9-99-99.9  10  8.0-9.9-9.9
5017219701215 34.0 16.5  0.009900 14.5-99.9-99.9-99.9-9.9 99-9.9-99-99.9  10  8.0-9.9-9.9
5017219701216 35.0 18.0  0.009900 15.5-99.9-99.9-99.9-9.9 99-9.9-99-99.9   8  6.4-9.9-9.9
5017219701217 32.0 14.0  0.009900  9.9-99.9-99.9-99.9-9.9 99-9.9-99-99.9   0  0.0-9.9-9.9
5017219701218 31.0 12.5  0.009900 10.4-99.9-99.9-99.9-9.9 99-9.9-99-99.9   8  6.4-9.9-9.9
5017219701219 33.5 12.5  0.009900  9.5-99.9-99.9-99.9-9.9 99-9.9-99-99.9  16 12.8-9.9-9.9
5017219701220 31.0 13.0  0.009900  7.5-99.9-99.9-99.9-9.9 99-9.9-99-99.9  10  8.0-9.9-9.9
5017219701221 35.0 10.8  0.009900  6.1-99.9-99.9-99.9-9.9 99-9.9-99-99.9   8  6.4-9.9-9.9
5017219701222 38.0 16.3  0.009900 12.1-99.9-99.9-99.9-9.9 99-9.9-99-99.9   1  0.8-9.9-9.9
5017219701223 37.5 16.5  0.009900 12.0-99.9-99.9-99.9-9.9 99-9.9-99-99.9   8  6.4-9.9-9.9
5017219701224 40.6 18.0  0.009900 14.4-99.9-99.9-99.9-9.9 99-9.9-99-99.9   0  0.0-9.9-9.9
5017219701225 36.5 21.0  0.009900 18.0-99.9-99.9-99.9-9.9 99-9.9-99-99.9   8  6.4-9.9-9.9
5017219701226 28.6 19.0  0.009900 19.7-99.9-99.9-99.9-9.9 99-9.9-99-99.9  24 19.2-9.9-9.9
5017219701227 21.2 13.0  1.019900  8.0-99.9-99.9-99.9-9.9 99-9.9-99-99.9  21 16.8-9.9-9.9
5017219701228 27.0  7.5  0.009900  1.1-99.9-99.9-99.9-9.9 99-9.9-99-99.9   6  4.8-9.9-9.9
5017219701229 33.5 10.0  0.009900  6.0-99.9-99.9-99.9-9.9 99-9.9-99-99.9  13 10.4-9.9-9.9
5017219701230 30.0 11.0  0.009900  6.0-99.9-99.9-99.9-9.9 99-9.9-99-99.9   8  6.4-9.9-9.9
5017219701231 33.0 12.5  0.009900  8.0-99.9-99.9-99.9-9.9 99-9.9-99-99.9  10  8.0-9.9-9.9
5017219710101 37.2 19.0  0.009900-99.9-99.9-99.9-99.9-9.9 9938.1 90 28.1  11  8.8-9.9-9.9
5017219710102 37.3 20.2  0.009900 17.0-99.9-99.9-99.9-9.9 9929.1 73 23.6  15 12.0-9.9-9.9
5017219710103 32.7 15.0  0.009900 12.2-99.9-99.9-99.9-9.9 9922.9 74 19.7  21 16.8-9.9-9.9
5017219710104 28.5 12.0  0.009900-99.9-99.9-99.9-99.9-9.9 9919.0 68 16.7  13 10.4-9.9-9.9
5017219710105 36.7 12.5  0.009900  7.5-99.9-99.9-99.9-9.9 9929.6 78 23.9   8  6.4-9.9-9.9
5017219710106 31.0 16.0  0.009900 12.5-99.9-99.9-99.9-9.9 9926.0 84 21.7  18 14.4-9.9-9.9
5017219710107 31.0 15.0  0.009900 14.0-99.9-99.9-99.9-9.9 9925.4 84 21.4   2  1.6-9.9-9.9
5017219710108 27.0 13.5  0.009900 12.3-99.9-99.9-99.9-9.9 9918.0 86 15.8  23 18.4-9.9-9.9
5017219710109 19.0  7.0 12.919900  5.0-99.9-99.9-99.9-9.9 9912.3 95 10.0  21 16.8-9.9-9.9
5017219710110 15.0  7.5  0.009900  7.0-99.9-99.9-99.9-9.9 9912.8 93 10.6   8  6.4-9.9-9.9
5017219710111 19.5 10.2  0.009900  9.5-99.9-99.9-99.9-9.9 9916.1 90 14.1   3  2.4-9.9-9.9
5017219710112 31.0  9.0  0.009900  6.5-99.9-99.9-99.9-9.9 9924.1 88 20.5   0  0.0-9.9-9.9
5017219710113 33.0 13.5  0.009900  9.0-99.9-99.9-99.9-9.9 9926.4 84 22.0   5  4.0-9.9-9.9
5017219710114 35.8 15.2  0.009900 12.5-99.9-99.9-99.9-9.9 9924.5 63 20.8   0  0.0-9.9-9.9
5017219710115 34.5 18.0  0.009900 15.5-99.9-99.9-99.9-9.9 99 9.4 53  6.1   3  2.4-9.9-9.9
5017219710116 35.5 16.8  0.619900 13.0-99.9-99.9-99.9-9.9 9913.7 41 11.6  16 12.8-9.9-9.9
5017219710117 35.0 15.0  0.009900 12.2-99.9-99.9-99.9-9.9 9923.6 74 20.2   0  0.0-9.9-9.9
5017219710118 31.0 14.4  0.009900 11.2-99.9-99.9-99.9-9.9 9913.9 48 11.9  16 12.8-9.9-9.9
5017219710119 32.7 13.6  0.009900 10.5-99.9-99.9-99.9-9.9 9916.5 53 14.5   8  6.4-9.9-9.9
5017219710120 39.9 11.5  0.009900 18.5-99.9-99.9-99.9-9.9 9921.2 55 18.4   8  6.4-9.9-9.9
5017219710121 31.2 15.0  0.009900 13.1-99.9-99.9-99.9-9.9 9918.5 64 16.3   8  6.4-9.9-9.9
5017219710122 38.5 18.5  7.719900 15.0-99.9-99.9-99.9-9.9 9928.4 72 23.2   6  4.8-9.9-9.9
5017219710123 30.0 15.0  0.009900 14.5-99.9-99.9-99.9-9.9 9918.4 78 16.2  21 16.8-9.9-9.9
5017219710124 28.7  8.5  0.009900  3.5-99.9-99.9-99.9-9.9 9919.1 78 16.8   5  4.0-9.9-9.9
5017219710125 36.0 13.0  0.009900  9.5-99.9-99.9-99.9-9.9 9928.6 81 23.3   0  0.0-9.9-9.9
5017219710126 32.5 18.0  0.009900 16.1-99.9-99.9-99.9-9.9 9923.9 77 20.4   5  4.0-9.9-9.9
5017219710127 31.5 15.6  0.009900 13.1-99.9-99.9-99.9-9.9 9924.9 82 21.0   8  6.4-9.9-9.9
5017219710128 33.5 13.5  0.009900 11.5-99.9-99.9-99.9-9.9 9928.2 80 23.1  11  8.8-9.9-9.9
5017219710129 27.5 12.0  0.009900  8.5-99.9-99.9-99.9-9.9 9919.7 79 17.3   0  0.0-9.9-9.9
5017219710130 31.5 10.5  0.009900  6.0-99.9-99.9-99.9-9.9 9923.1 78 19.8   8  6.4-9.9-9.9
5017219710131 31.5 16.0  0.009900 14.5-99.9-99.9-99.9-9.9 9925.2 77 21.2   9  7.2-9.9-9.9
5017219710201 35.5 15.0  1.219900 12.7-99.9-99.9-99.9-9.9 9930.0 91 24.1   6  4.8-9.9-9.9
5017219710202 36.0 16.5  0.009900 14.0-99.9-99.9-99.9-9.9 9931.5 89 24.9   0  0.0-9.9-9.9
5017219710203 36.5 17.0  0.009900 15.5-99.9-99.9-99.9-9.9 9933.0 93 25.7  18 14.4-9.9-9.9
5017219710204 32.5 15.0  0.009900 12.5-99.9-99.9-99.9-9.9 9930.2 90 24.2   8  6.4-9.9-9.9
5017219710205 25.0 16.5  0.009900 14.5-99.9-99.9-99.9-9.9 9922.4 93 19.3  25 20.0-9.9-9.9
5017219710206 27.5  6.0  0.009900  1.0-99.9-99.9-99.9-9.9 9919.2 91 16.9   5  4.0-9.9-9.9
5017219710207 32.5 13.5  0.009900 10.2-99.9-99.9-99.9-9.9 9929.3 92 23.7   3  2.4-9.9-9.9
5017219710208 34.0 14.0  0.009900  5.0-99.9-99.9-99.9-9.9 9928.0 92 23.0  10  8.0-9.9-9.9
5017219710209 27.0 10.0  0.009900  5.0-99.9-99.9-99.9-9.9 9921.2 93 18.4   3  2.4-9.9-9.9
5017219710210 33.5 10.0  0.319900  6.5-99.9-99.9-99.9-9.9 9928.5 92 23.2  11  8.8-9.9-9.9
5017219710211 33.5 15.5  0.009910 13.0-99.9-99.9-99.9-9.9 9923.6 79 20.2   0  0.0-9.9-9.9
5017219710212 23.0 11.5  0.319900  8.8-99.9-99.9-99.9-9.9 99 9.7 61  6.5  15 12.0-9.9-9.9
5017219710213 31.5  8.7  0.009900  3.5-99.9-99.9-99.9-9.9 9911.4 64  8.9   8  6.4-9.9-9.9
5017219710214 31.0 10.0  0.009900  3.5-99.9-99.9-99.9-9.9 9910.9 41  8.2   3  2.4-9.9-9.9
5017219710215 35.0 11.5  0.009900  8.0-99.9-99.9-99.9-9.9 9915.9 48 13.9   8  6.4-9.9-9.9
5017219710216 36.5 16.5  6.219900 13.2-99.9-99.9-99.9-9.9 9919.7 52 17.3  20 16.0-9.9-9.9
5017219710217 34.0 17.0  0.009900 15.0-99.9-99.9-99.9-9.9 9920.7 61 18.1   0  0.0-9.9-9.9
5017219710218 33.5 18.0  0.009900 15.0-99.9-99.9-99.9-9.9 9915.0 51 13.0  17 13.6-9.9-9.9
5017219710219 25.5  6.0  0.009900  1.0-99.9-99.9-99.9-9.9 9911.3 57  8.8   5  4.0-9.9-9.9
5017219710220 31.8 11.0  0.009900  6.5-99.9-99.9-99.9-9.9 9915.3 61 13.3  10  8.0-9.9-9.9
5017219710221 33.0 11.5  0.009900  8.1-99.9-99.9-99.9-9.9 9919.0 62 16.7   0  0.0-9.9-9.9
5017219710222 34.5 16.5  0.009900 12.0-99.9-99.9-99.9-9.9 9921.9 66 19.0   5  4.0-9.9-9.9
5017219710223 25.6 15.7  0.009900 12.5-99.9-99.9-99.9-9.9 9917.5 73 15.4  23 18.4-9.9-9.9
5017219710224 28.8  5.5  0.009900  1.0-99.9-99.9-99.9-9.9 9915.5 69 13.5   5  4.0-9.9-9.9
5017219710225 31.5  8.8  0.009900  5.5-99.9-99.9-99.9-9.9 9920.4 69 17.8   8  6.4-9.9-9.9
5017219710226 30.5 12.5  0.009900  8.1-99.9-99.9-99.9-9.9 9920.5 72 17.9  16 12.8-9.9-9.9
5017219710227 31.5 11.0  0.009900  6.3-99.9-99.9-99.9-9.9 9923.1 77 19.8  11  8.8-9.9-9.9
5017219710228 33.0 13.0  0.009900  8.8-99.9-99.9-99.9-9.9 9924.6 78 20.8   5  4.0-9.9-9.9
5017219710301-99.9-99.9-99.999999-99.9-99.9-99.9-99.9-9.9 99-9.9-99-99.9 -99-99.9-9.9-9.9
5017219710302-99.9-99.9-99.999999-99.9-99.9-99.9-99.9-9.9 99-9.9-99-99.9 -99-99.9-9.9-9.9
5017219710303-99.9-99.9-99.999999-99.9-99.9-99.9-99.9-9.9 99-9.9-99-99.9 -99-99.9-9.9-9.9
5017219710304-99.9-99.9-99.999999-99.9-99.9-99.9-99.9-9.9 99-9.9-99-99.9 -99-99.9-9.9-9.9
5017219710305-99.9-99.9-99.999999-99.9-99.9-99.9-99.9-9.9 99-9.9-99-99.9 -99-99.9-9.9-9.9
5017219710306-99.9-99.9-99.999999-99.9-99.9-99.9-99.9-9.9 99-9.9-99-99.9 -99-99.9-9.9-9.9
5017219710307-99.9-99.9-99.999999-99.9-99.9-99.9-99.9-9.9 99-9.9-99-99.9 -99-99.9-9.9-9.9
5017219710308-99.9-99.9-99.999999-99.9-99.9-99.9-99.9-9.9 99-9.9-99-99.9 -99-99.9-9.9-9.9
5017219710309-99.9-99.9-99.999999-99.9-99.9-99.9-99.9-9.9 99-9.9-99-99.9 -99-99.9-9.9-9.9
5017219710310-99.9-99.9-99.999999-99.9-99.9-99.9-99.9-9.9 99-9.9-99-99.9 -99-99.9-9.9-9.9
5017219710311-99.9-99.9-99.999999-99.9-99.9-99.9-99.9-9.9 99-9.9-99-99.9 -99-99.9-9.9-9.9
5017219710312-99.9-99.9-99.999999-99.9-99.9-99.9-99.9-9.9 99-9.9-99-99.9 -99-99.9-9.9-9.9
5017219710313-99.9-99.9-99.999999-99.9-99.9-99.9-99.9-9.9 99-9.9-99-99.9 -99-99.9-9.9-9.9
5017219710314-99.9-99.9-99.999999-99.9-99.9-99.9-99.9-9.9 99-9.9-99-99.9 -99-99.9-9.9-9.9
5017219710315-99.9-99.9-99.999999-99.9-99.9-99.9-99.9-9.9 99-9.9-99-99.9 -99-99.9-9.9-9.9
5017219710316-99.9-99.9-99.999999-99.9-99.9-99.9-99.9-9.9 99-9.9-99-99.9 -99-99.9-9.9-9.9
5017219710317-99.9-99.9-99.999999-99.9-99.9-99.9-99.9-9.9 99-9.9-99-99.9 -99-99.9-9.9-9.9
5017219710318-99.9-99.9-99.999999-99.9-99.9-99.9-99.9-9.9 99-9.9-99-99.9 -99-99.9-9.9-9.9
5017219710319-99.9-99.9-99.999999-99.9-99.9-99.9-99.9-9.9 99-9.9-99-99.9 -99-99.9-9.9-9.9
5017219710320-99.9-99.9-99.999999-99.9-99.9-99.9-99.9-9.9 99-9.9-99-99.9 -99-99.9-9.9-9.9
5017219710321-99.9-99.9-99.999999-99.9-99.9-99.9-99.9-9.9 99-9.9-99-99.9 -99-99.9-9.9-9.9
5017219710322-99.9-99.9-99.999999-99.9-99.9-99.9-99.9-9.9 99-9.9-99-99.9 -99-99.9-9.9-9.9
5017219710323-99.9-99.9-99.999999-99.9-99.9-99.9-99.9-9.9 99-9.9-99-99.9 -99-99.9-9.9-9.9
5017219710324-99.9-99.9-99.999999-99.9-99.9-99.9-99.9-9.9 99-9.9-99-99.9 -99-99.9-9.9-9.9
5017219710325-99.9-99.9-99.999999-99.9-99.9-99.9-99.9-9.9 99-9.9-99-99.9 -99-99.9-9.9-9.9
5017219710326-99.9-99.9-99.999999-99.9-99.9-99.9-99.9-9.9 99-9.9-99-99.9 -99-99.9-9.9-9.9
5017219710327-99.9-99.9-99.999999-99.9-99.9-99.9-99.9-9.9 99-9.9-99-99.9 -99-99.9-9.9-9.9
5017219710328-99.9-99.9-99.999999-99.9-99.9-99.9-99.9-9.9 99-9.9-99-99.9 -99-99.9-9.9-9.9
5017219710329-99.9-99.9-99.999999-99.9-99.9-99.9-99.9-9.9 99-9.9-99-99.9 -99-99.9-9.9-9.9
5017219710330-99.9-99.9-99.999999-99.9-99.9-99.9-99.9-9.9 99-9.9-99-99.9 -99-99.9-9.9-9.9
5017219710331-99.9-99.9-99.999999-99.9-99.9-99.9-99.9-9.9 99-9.9-99-99.9 -99-99.9-9.9-9.9
5017219710401-99.9-99.9-99.999999-99.9-99.9-99.9-99.9-9.9 99-9.9-99-99.9 -99-99.9-9.9-9.9
5017219710402-99.9-99.9-99.999999-99.9-99.9-99.9-99.9-9.9 99-9.9-99-99.9 -99-99.9-9.9-9.9
5017219710403-99.9-99.9-99.999999-99.9-99.9-99.9-99.9-9.9 99-9.9-99-99.9 -99-99.9-9.9-9.9
5017219710404-99.9-99.9-99.999999-99.9-99.9-99.9-99.9-9.9 99-9.9-99-99.9 -99-99.9-9.9-9.9
5017219710405-99.9-99.9-99.999999-99.9-99.9-99.9-99.9-9.9 99-9.9-99-99.9 -99-99.9-9.9-9.9
5017219710406-99.9-99.9-99.999999-99.9-99.9-99.9-99.9-9.9 99-9.9-99-99.9 -99-99.9-9.9-9.9
5017219710407-99.9-99.9-99.999999-99.9-99.9-99.9-99.9-9.9 99-9.9-99-99.9 -99-99.9-9.9-9.9
5017219710408-99.9-99.9-99.999999-99.9-99.9-99.9-99.9-9.9 99-9.9-99-99.9 -99-99.9-9.9-9.9
5017219710409-99.9-99.9-99.999999-99.9-99.9-99.9-99.9-9.9 99-9.9-99-99.9 -99-99.9-9.9-9.9
5017219710410-99.9-99.9-99.999999-99.9-99.9-99.9-99.9-9.9 99-9.9-99-99.9 -99-99.9-9.9-9.9
5017219710411-99.9-99.9-99.999999-99.9-99.9-99.9-99.9-9.9 99-9.9-99-99.9 -99-99.9-9.9-9.9
5017219710412-99.9-99.9-99.999999-99.9-99.9-99.9-99.9-9.9 99-9.9-99-99.9 -99-99.9-9.9-9.9
5017219710413-99.9-99.9-99.999999-99.9-99.9-99.9-99.9-9.9 99-9.9-99-99.9 -99-99.9-9.9-9.9
5017219710414-99.9-99.9-99.999999-99.9-99.9-99.9-99.9-9.9 99-9.9-99-99.9 -99-99.9-9.9-9.9
5017219710415-99.9-99.9-99.999999-99.9-99.9-99.9-99.9-9.9 99-9.9-99-99.9 -99-99.9-9.9-9.9
5017219710416-99.9-99.9-99.999999-99.9-99.9-99.9-99.9-9.9 99-9.9-99-99.9 -99-99.9-9.9-9.9
5017219710417-99.9-99.9-99.999999-99.9-99.9-99.9-99.9-9.9 99-9.9-99-99.9 -99-99.9-9.9-9.9
5017219710418-99.9-99.9-99.999999-99.9-99.9-99.9-99.9-9.9 99-9.9-99-99.9 -99-99.9-9.9-9.9
5017219710419-99.9-99.9-99.999999-99.9-99.9-99.9-99.9-9.9 99-9.9-99-99.9 -99-99.9-9.9-9.9
5017219710420-99.9-99.9-99.999999-99.9-99.9-99.9-99.9-9.9 99-9.9-99-99.9 -99-99.9-9.9-9.9
5017219710421-99.9-99.9-99.999999-99.9-99.9-99.9-99.9-9.9 99-9.9-99-99.9 -99-99.9-9.9-9.9
5017219710422-99.9-99.9-99.999999-99.9-99.9-99.9-99.9-9.9 99-9.9-99-99.9 -99-99.9-9.9-9.9
5017219710423-99.9-99.9-99.999999-99.9-99.9-99.9-99.9-9.9 99-9.9-99-99.9 -99-99.9-9.9-9.9
5017219710424-99.9-99.9-99.999999-99.9-99.9-99.9-99.9-9.9 99-9.9-99-99.9 -99-99.9-9.9-9.9
5017219710425-99.9-99.9-99.999999-99.9-99.9-99.9-99.9-9.9 99-9.9-99-99.9 -99-99.9-9.9-9.9
5017219710426-99.9-99.9-99.999999-99.9-99.9-99.9-99.9-9.9 99-9.9-99-99.9 -99-99.9-9.9-9.9
5017219710427-99.9-99.9-99.999999-99.9-99.9-99.9-99.9-9.9 99-9.9-99-99.9 -99-99.9-9.9-9.9
5017219710428-99.9-99.9-99.999999-99.9-99.9-99.9-99.9-9.9 99-9.9-99-99.9 -99-99.9-9.9-9.9
5017219710429-99.9-99.9-99.999999-99.9-99.9-99.9-99.9-9.9 99-9.9-99-99.9 -99-99.9-9.9-9.9
5017219710430-99.9-99.9-99.999999-99.9-99.9-99.9-99.9-9.9 99-9.9-99-99.9 -99-99.9-9.9-9.9
5017219710501-99.9-99.9  0.009900-99.9-99.9-99.9-99.9-9.9 99-9.9-99-99.9 -99-99.9-9.9-9.9
5017219710502 14.0 -0.5  0.009900 -6.5-99.9-99.9-99.9-9.9 99-9.9-99-99.9  11  8.8-9.9-9.9
5017219710503 12.0 -6.0  0.009900-10.0-99.9-99.9-99.9-9.9 99-9.9-99-99.9   0  0.0-9.9-9.9
5017219710504 13.5 -6.6  0.009900-11.0-99.9-99.9-99.9-9.9 99-9.9-99-99.9   5  4.0-9.9-9.9
5017219710505 14.0  0.6  1.219900 -3.7-99.9-99.9-99.9-9.9 99-9.9-99-99.9   5  4.0-9.9-9.9
5017219710506 12.0  5.7  0.009900  4.0-99.9-99.9-99.9-9.9 99-9.9-99-99.9   5  4.0-9.9-9.9
5017219710507 15.3 -1.5  0.009900 -4.5-99.9-99.9-99.9-9.9 99-9.9-99-99.9   3  2.4-9.9-9.9
5017219710508 21.8  4.0  0.009900 -0.5-99.9-99.9-99.9-9.9 99-9.9-99-99.9  16 12.8-9.9-9.9
5017219710509 19.5  7.0  0.009900 -1.7-99.9-99.9-99.9-9.9 99-9.9-99-99.9  11  8.8-9.9-9.9
5017219710510 25.5  4.0  0.009900 -0.7-99.9-99.9-99.9-9.9 99-9.9-99-99.9  11  8.8-9.9-9.9
5017219710511 25.0  5.6  0.009900 -0.3-99.9-99.9-99.9-9.9 99-9.9-99-99.9   1  0.8-9.9-9.9
5017219710512 24.5  4.9  0.009900 -0.3-99.9-99.9-99.9-9.9 99-9.9-99-99.9   0  0.0-9.9-9.9
5017219710513 25.0  4.0  0.009900  0.3-99.9-99.9-99.9-9.9 99-9.9-99-99.9   0  0.0-9.9-9.9
5017219710514 21.6  6.0  8.519900  2.5-99.9-99.9-99.9-9.9 99-9.9-99-99.9  11  8.8-9.9-9.9
5017219710515 20.0  2.5  0.009900 -3.0-99.9-99.9-99.9-9.9 99-9.9-99-99.9   5  4.0-9.9-9.9
5017219710516-99.9-99.9  0.009900-99.9-99.9-99.9-99.9-9.9 99-9.9-99-99.9 -99-99.9-9.9-9.9
5017219710517 21.5  5.5  0.009900-99.9-99.9-99.9-99.9-9.9 99-9.9-99-99.9   8  6.4-9.9-9.9
5017219710518 23.7  5.5  0.009900  1.5-99.9-99.9-99.9-9.9 99-9.9-99-99.9   5  4.0-9.9-9.9
5017219710519 25.0  6.4  0.009900  2.8-99.9-99.9-99.9-9.9 99-9.9-99-99.9   5  4.0-9.9-9.9
5017219710520 28.0  7.0  0.009900  2.5-99.9-99.9-99.9-9.9 99-9.9-99-99.9   5  4.0-9.9-9.9
5017219710521 29.0  6.5  0.009900  2.7-99.9-99.9-99.9-9.9 99-9.9-99-99.9   0  0.0-9.9-9.9
5017219710522 18.5 10.0  0.009900  5.8-99.9-99.9-99.9-9.9 99-9.9-99-99.9  22 17.6-9.9-9.9
5017219710523 17.8  8.0  0.009900  4.8-99.9-99.9-99.9-9.9 99-9.9-99-99.9  14 11.2-9.9-9.9
5017219710524 19.5  2.8  0.009900 -4.0-99.9-99.9-99.9-9.9 99-9.9-99-99.9   0  0.0-9.9-9.9
5017219710525 13.5 -3.0  0.009900 -6.5-99.9-99.9-99.9-9.9 99-9.9-99-99.9   4  3.2-9.9-9.9
5017219710526 14.0 -3.0  0.009900 -7.8-99.9-99.9-99.9-9.9 99-9.9-99-99.9   0  0.0-9.9-9.9
5017219710527 17.0 -4.0  0.009900 -9.0-99.9-99.9-99.9-9.9 99-9.9-99-99.9   8  6.4-9.9-9.9
5017219710528 19.7  7.6  0.009900  4.7-99.9-99.9-99.9-9.9 99-9.9-99-99.9 -99-99.9-9.9-9.9
5017219710529 24.0  4.0  0.009900 -0.8-99.9-99.9-99.9-9.9 99-9.9-99-99.9   4  3.2-9.9-9.9
5017219710530 24.5  4.0  0.009900  0.2-99.9-99.9-99.9-9.9 99-9.9-99-99.9  11  8.8-9.9-9.9
5017219710531 23.5  5.0  0.009900 -0.8-99.9-99.9-99.9-9.9 99-9.9-99-99.9   5  4.0-9.9-9.9
5017219710601 15.5  2.4  0.009900 -2.5-99.9-99.9-99.9-9.9 99-9.9-99-99.9   8  6.4-9.9-9.9
5017219710602  9.8  4.0  0.009900  2.3-99.9-99.9-99.9-9.9 99 7.2 70  2.3   0  0.0-9.9-9.9
5017219710603  9.0 -0.5  0.009900 -5.5-99.9-99.9-99.9-9.9 99 6.4 72  0.6   0  0.0-9.9-9.9
5017219710604  7.5  2.5  0.009900  3.5-99.9-99.9-99.9-9.9 99 7.3 91  2.5   4  3.2-9.9-9.9
5017219710605  4.5  2.0  0.009900  1.5-99.9-99.9-99.9-9.9 99 7.3 93  2.5   0  0.0-9.9-9.9
5017219710606  5.5  3.0  0.009900  2.5-99.9-99.9-99.9-9.9 99 7.5 90  2.9   0  0.0-9.9-9.9
5017219710607  8.5  3.7  0.009900  3.0-99.9-99.9-99.9-9.9 99 7.2 82  2.3   1  0.8-9.9-9.9
5017219710608 17.0  1.5  0.009900 -4.4-99.9-99.9-99.9-9.9 99 8.4 71  4.5  19 15.2-9.9-9.9
5017219710609 13.0  0.3  0.009900 -7.5-99.9-99.9-99.9-9.9 99 6.9 80  1.7   0  0.0-9.9-9.9
5017219710610 14.5 -5.0  0.009900-10.0-99.9-99.9-99.9-9.9 99 5.6 70 -1.2   0  0.0-9.9-9.9
5017219710611 18.2 -3.5  0.009900 -9.0-99.9-99.9-99.9-9.9 99 6.5 65  0.9   5  4.0-9.9-9.9
5017219710612 16.5  0.5  0.009900 -4.0-99.9-99.9-99.9-9.9 99 7.3 67  2.5   2  1.6-9.9-9.9
5017219710613 18.5 -3.0  0.009900 -7.5-99.9-99.9-99.9-9.9 99 7.3 68  2.5   3  2.4-9.9-9.9
5017219710614 18.0 -3.0  0.009900 -7.0-99.9-99.9-99.9-9.9 99 6.9 65  1.7   0  0.0-9.9-9.9
5017219710615 18.0 -1.0  0.009900 -6.5-99.9-99.9-99.9-9.9 99 6.0 71 -0.2   5  4.0-9.9-9.9
5017219710616 12.5 -5.6  0.009900-11.0-99.9-99.9-99.9-9.9 99 5.8 73 -0.7   0  0.0-9.9-9.9
5017219710617 15.0 -5.0  0.009900 -9.4-99.9-99.9-99.9-9.9 99 7.1 76  2.1   5  4.0-9.9-9.9
5017219710618 15.7 -2.0  0.009900 -5.8-99.9-99.9-99.9-9.9 99 7.3 67  2.5  15 12.0-9.9-9.9
5017219710619 10.0  0.0  0.009900 -5.1-99.9-99.9-99.9-9.9 99 6.4 74  0.6   1  0.8-9.9-9.9
5017219710620 16.2 -4.2  0.009900 -9.4-99.9-99.9-99.9-9.9 99 7.1 73  2.1   0  0.0-9.9-9.9
5017219710621  6.5  0.5  2.019900 -2.7-99.9-99.9-99.9-9.9 99 6.9 95  1.7  14 11.2-9.9-9.9
5017219710622 10.0 -8.6  0.009900-11.0-99.9-99.9-99.9-9.9 99 5.2 79 -2.2   0  0.0-9.9-9.9
5017219710623 12.0 -3.0  0.009900 -7.3-99.9-99.9-99.9-9.9 99 6.6 73  1.1   8  6.4-9.9-9.9
5017219710624 17.0  3.0  0.009900 -2.2-99.9-99.9-99.9-9.9 99 9.0 71  5.4   6  4.8-9.9-9.9
5017219710625 11.5 -3.0  0.009900 -7.5-99.9-99.9-99.9-9.9 99-9.9-99-99.9   1  0.8-9.9-9.9
5017219710626 12.6 -2.6  0.009900 -5.5-99.9-99.9-99.9-9.9 99 7.2 80  2.3   0  0.0-9.9-9.9
5017219710627 14.0 -1.0  1.819900 -4.0-99.9-99.9-99.9-9.9 99 8.3 76  4.3  11  8.8-9.9-9.9
5017219710628 13.5  2.0  0.009900 -3.0-99.9-99.9-99.9-9.9 99 8.6 85  4.8   3  2.4-9.9-9.9
5017219710629 17.0  1.0  0.009900 -4.0-99.9-99.9-99.9-9.9 99 8.7 71  5.0  40 32.0-9.9-9.9
5017219710630 15.0  1.5  0.009900 -3.2-99.9-99.9-99.9-9.9 99 6.9 64  1.7   5  4.0-9.9-9.9
5017219710701 15.0 -4.6  0.009900 -9.7-99.9-99.9-99.9-9.9 99 7.2 71  2.3  13 10.4-9.9-9.9
5017219710702  9.1  2.7  0.009900 -0.5-99.9-99.9-99.9-9.9 99 6.8 76  1.5   8  6.4-9.9-9.9
5017219710703 12.2 -4.0  0.009900 -8.0-99.9-99.9-99.9-9.9 99 6.1 74  0.0   0  0.0-9.9-9.9
5017219710704 18.7 -2.5  0.009900 -8.0-99.9-99.9-99.9-9.9 99 7.1 65  2.1   0  0.0-9.9-9.9
5017219710705 13.0 -3.0  0.009900 -7.0-99.9-99.9-99.9-9.9 99 6.5 73  0.9   3  2.4-9.9-9.9
5017219710706 18.0 -3.5  0.009900 -8.0-99.9-99.9-99.9-9.9 99 8.0 70  3.8   5  4.0-9.9-9.9
5017219710707 21.2  3.5  0.009900 -1.3-99.9-99.9-99.9-9.9 99 9.8 67  6.7  14 11.2-9.9-9.9
5017219710708 24.5  6.0  0.009900  0.5-99.9-99.9-99.9-9.9 9910.4 64  7.5   8  6.4-9.9-9.9
5017219710709 15.5  5.0  0.009900 -0.5-99.9-99.9-99.9-9.9 99 8.4 73  4.5   3  2.4-9.9-9.9
5017219710710 17.5 -1.5  0.009900 -5.3-99.9-99.9-99.9-9.9 99 7.9 69  3.6   8  6.4-9.9-9.9
5017219710711 14.5  4.0  0.009900  0.0-99.9-99.9-99.9-9.9 99 8.8 74  5.1  22 17.6-9.9-9.9
5017219710712 12.9 -0.2  0.009900 -3.5-99.9-99.9-99.9-9.9 99 7.1 70  2.1   2  1.6-9.9-9.9
5017219710713 20.5  0.0  0.009900 -6.0-99.9-99.9-99.9-9.9 99 7.9 63  3.6   6  4.8-9.9-9.9
5017219710714 24.5  2.4  0.009900 -1.5-99.9-99.9-99.9-9.9 99 8.7 55  5.0   0  0.0-9.9-9.9
5017219710715 24.0  4.0  0.009900  1.5-99.9-99.9-99.9-9.9 99 9.1 56  5.6  12  9.6-9.9-9.9
5017219710716 25.0  5.5  0.009900 -0.5-99.9-99.9-99.9-9.9 99 9.5 60  6.2   5  4.0-9.9-9.9
5017219710717 25.3  1.0  0.009900 -4.0-99.9-99.9-99.9-9.9 99 9.0 55  5.4   0  0.0-9.9-9.9
5017219710718 22.7  3.6  0.009900  0.5-99.9-99.9-99.9-9.9 9911.2 60  8.6   0  0.0-9.9-9.9
5017219710719 27.0  7.6  0.009900  3.5-99.9-99.9-99.9-9.9 9912.2 62  9.9   8  6.4-9.9-9.9
5017219710720 27.5 10.7  0.009900  5.3-99.9-99.9-99.9-9.9 9914.0 63 12.0  11  8.8-9.9-9.9
5017219710721 20.6  9.1  0.009900  4.5-99.9-99.9-99.9-9.9 9911.5 77  9.0   0  0.0-9.9-9.9
5017219710722 21.5  1.5  0.009900 -3.8-99.9-99.9-99.9-9.9 99 9.2 67  5.8   3  2.4-9.9-9.9
5017219710723 18.0  4.5  0.009900  1.0-99.9-99.9-99.9-9.9 99 8.5 69  4.6   0  0.0-9.9-9.9
5017219710724 23.0 -0.5  0.009900 -3.5-99.9-99.9-99.9-9.9 99 8.2 59  4.1   1  0.8-9.9-9.9
5017219710725 17.5 -1.0  0.009900 -6.0-99.9-99.9-99.9-9.9 99 5.7 53 -1.0   0  0.0-9.9-9.9
5017219710726 20.6  3.0  0.009900 -1.0-99.9-99.9-99.9-9.9 99 8.0 56  3.8   0  0.0-9.9-9.9
5017219710727 14.8  7.5  0.009900  3.0-99.9-99.9-99.9-9.9 99 7.7 58  3.2  16 12.8-9.9-9.9
5017219710728 11.0  5.0  0.419900  7.2-99.9-99.9-99.9-9.9 99 7.8 83  3.4   6  4.8-9.9-9.9
5017219710729 11.0  4.0  0.009900  4.4-99.9-99.9-99.9-9.9 99 8.6 88  4.8   3  2.4-9.9-9.9
5017219710730 11.5  6.5  0.009900  6.0-99.9-99.9-99.9-9.9 99 9.2 86  5.8   0  0.0-9.9-9.9
5017219710731 20.5  1.0  0.009900 -3.0-99.9-99.9-99.9-9.9 99 9.4 67  6.1   8  6.4-9.9-9.9
5017219710801 20.0  3.0  0.009900 -1.9-99.9-99.9-99.9-9.9 99 9.7 75  6.5  14 11.2-9.9-9.9
5017219710802 25.5  9.0  1.219900  5.6-99.9-99.9-99.9-9.9 9911.6 70  9.2  28 22.4-9.9-9.9
5017219710803 14.2  5.8  1.319910  5.0-99.9-99.9-99.9-9.9 99 9.2 85  5.8  13 10.4-9.9-9.9
5017219710804 13.5  0.0  0.009900 -2.5-99.9-99.9-99.9-9.9 99 7.2 79  2.3  12  9.6-9.9-9.9
5017219710805 16.5 -4.0  0.009900 -8.5-99.9-99.9-99.9-9.9 99 6.3 64  0.4   8  6.4-9.9-9.9
5017219710806-99.9-99.9  0.009900 17.5-99.9-99.9-99.9-9.9 99-9.9-99-99.9 -99-99.9-9.9-9.9
5017219710807-99.9-99.9  0.009900-99.9-99.9-99.9-99.9-9.9 99-9.9-99-99.9 -99-99.9-9.9-9.9
5017219710808-99.9-99.9  0.009900-99.9-99.9-99.9-99.9-9.9 99-9.9-99-99.9 -99-99.9-9.9-9.9
5017219710809-99.9-99.9  0.009900-99.9-99.9-99.9-99.9-9.9 99-9.9-99-99.9 -99-99.9-9.9-9.9
5017219710810 27.5  4.5  0.009900 -1.9-99.9-99.9-99.9-9.9 99 7.3 41  2.5   5  4.0-9.9-9.9
5017219710811 22.8  5.0  0.009900  1.0-99.9-99.9-99.9-9.9 99 7.3 48  2.5  23 18.4-9.9-9.9
5017219710812 14.0  6.5  0.009900  5.2-99.9-99.9-99.9-9.9 99 6.6 56  1.1  11  8.8-9.9-9.9
5017219710813 16.0 -5.0  0.009900-10.0-99.9-99.9-99.9-9.9 99 6.3 64  0.4   6  4.8-9.9-9.9
5017219710814 21.5  6.1  0.009900  1.4-99.9-99.9-99.9-9.9 99 7.9 52  3.6   8  6.4-9.9-9.9
5017219710815 22.5  2.0  0.009900 -1.5-99.9-99.9-99.9-9.9 99 8.0 55  3.8   8  6.4-9.9-9.9
5017219710816 17.3  5.5  0.009900  0.5-99.9-99.9-99.9-9.9 99 7.5 67  2.9   3  2.4-9.9-9.9
5017219710817 26.6  0.4  0.009900 -5.9-99.9-99.9-99.9-9.9 99 6.8 47  1.5  11  8.8-9.9-9.9
5017219710818 21.8  2.0  3.019900 -3.5-99.9-99.9-99.9-9.9 99 8.7 58  5.0  12  9.6-9.9-9.9
5017219710819 14.8  3.8  0.319900  3.0-99.9-99.9-99.9-9.9 99 7.7 89  3.2  48 38.4-9.9-9.9
5017219710820 15.2  4.4  5.019900  3.5-99.9-99.9-99.9-9.9 99 8.5 74  4.6  35 28.0-9.9-9.9
5017219710821 19.0  0.6  0.009900 -4.5-99.9-99.9-99.9-9.9 99 7.0 56  1.9   8  6.4-9.9-9.9
5017219710822-99.9-99.9  0.009900 -2.0-99.9-99.9-99.9-9.9 99-9.9-99-99.9 -99-99.9-9.9-9.9
5017219710823-99.9-99.9  0.009900-99.9-99.9-99.9-99.9-9.9 99-9.9-99-99.9 -99-99.9-9.9-9.9
5017219710824 20.2 -1.0  0.009900-99.9-99.9-99.9-99.9-9.9 99 7.4 56  2.7   0  0.0-9.9-9.9
5017219710825 22.0  1.0  0.009900 -3.0-99.9-99.9-99.9-9.9 99 8.4 58  4.5  15 12.0-9.9-9.9
5017219710826 23.5  4.8  0.009900-99.9-99.9-99.9-99.9-9.9 9910.0 62  7.0 -99-99.9-9.9-9.9
5017219710827 24.8  3.0  0.009900 -1.7-99.9-99.9-99.9-9.9 99 9.7 58  6.5   0  0.0-9.9-9.9
5017219710828 27.5  3.6  0.009900 -2.0-99.9-99.9-99.9-9.9 9911.2 60  8.6   0  0.0-9.9-9.9
5017219710829 23.0  9.0  0.519900  5.0-99.9-99.9-99.9-9.9 9912.8 72 10.6  13 10.4-9.9-9.9
5017219710830 14.0  5.5  8.719900  6.5-99.9-99.9-99.9-9.9 99 9.8 94  6.7  20 16.0-9.9-9.9
5017219710831 18.8  1.5  0.009900 -1.5-99.9-99.9-99.9-9.9 9911.2 85  8.6   1  0.8-9.9-9.9
5017219710901 25.0  7.0  0.009900  2.9-99.9-99.9-99.9-9.9 9914.2 75 12.2   5  4.0-9.9-9.9
5017219710902 21.7 10.2  0.009900  8.5-99.9-99.9-99.9-9.9 9910.9 63  8.2  22 17.6-9.9-9.9
5017219710903 20.2  2.6  0.009900 -1.3-99.9-99.9-99.9-9.9 99 9.8 66  6.7  10  8.0-9.9-9.9
5017219710904 24.5  2.4  0.009900 -0.4-99.9-99.9-99.9-9.9 9911.1 73  8.5   0  0.0-9.9-9.9
5017219710905 18.8  7.1  0.009900  6.2-99.9-99.9-99.9-9.9 99 8.9 64  5.3  11  8.8-9.9-9.9
5017219710906 25.2  4.9  0.009900  1.5-99.9-99.9-99.9-9.9 99 7.4 44  2.7   5  4.0-9.9-9.9
5017219710907 29.0  4.0  0.009900 -1.5-99.9-99.9-99.9-9.9 99 7.4 40  2.7   8  6.4-9.9-9.9
5017219710908 26.2  9.1  0.009900  6.4-99.9-99.9-99.9-9.9 9910.0 46  7.0   9  7.2-9.9-9.9
5017219710909 27.7  6.0  0.009900  4.0-99.9-99.9-99.9-9.9 9910.8 62  8.1   8  6.4-9.9-9.9
5017219710910 22.0 11.8  0.009900 11.0-99.9-99.9-99.9-9.9 9911.1 73  8.5  35 28.0-9.9-9.9
5017219710911 18.5  3.8  0.009900 -1.8-99.9-99.9-99.9-9.9 99 8.3 60  4.3   5  4.0-9.9-9.9
5017219710912 25.5  6.0  0.009900  1.5-99.9-99.9-99.9-9.9 99 9.1 47  5.6  11  8.8-9.9-9.9
5017219710913 28.5  7.0  0.009900  2.5-99.9-99.9-99.9-9.9 9911.0 54  8.4  22 17.6-9.9-9.9
5017219710914 23.0  5.0  0.009900 -0.7-99.9-99.9-99.9-9.9 99 8.8 59  5.1   8  6.4-9.9-9.9
5017219710915 27.0-99.9  0.009900-99.9-99.9-99.9-99.9-9.9 99-9.9-99-99.9 -99-99.9-9.9-9.9
5017219710916 28.0  5.2  0.009900  1.5-99.9-99.9-99.9-9.9 99 9.0 48  5.4   0  0.0-9.9-9.9
5017219710917 27.4  6.5  0.009900  2.5-99.9-99.9-99.9-9.9 9911.0 59  8.4   9  7.2-9.9-9.9
5017219710918 23.3  6.0  0.009900 -0.3-99.9-99.9-99.9-9.9 99 8.6 52  4.8   6  4.8-9.9-9.9
5017219710919 21.5  3.8  0.009900 -2.0-99.9-99.9-99.9-9.9 99 8.9 55  5.3   5  4.0-9.9-9.9
5017219710920 21.0  3.5  0.009900  0.5-99.9-99.9-99.9-9.9 99 9.2 62  5.8  13 10.4-9.9-9.9
5017219710921 19.2  0.6  0.009900 -1.8-99.9-99.9-99.9-9.9 99 7.7 61  3.2   8  6.4-9.9-9.9
5017219710922 18.5  1.0  0.009900 -3.3-99.9-99.9-99.9-9.9 99 7.8 58  3.4  12  9.6-9.9-9.9
5017219710923 24.7  2.2  0.009900 -1.3-99.9-99.9-99.9-9.9 9910.4 59  7.5   1  0.8-9.9-9.9
5017219710924 24.4  4.7  0.009910 -0.5-99.9-99.9-99.9-9.9 99 9.2 52  5.8   4  3.2-9.9-9.9
5017219710925 26.3  5.2  0.009900  1.0-99.9-99.9-99.9-9.9 99 9.7 54  6.5   1  0.8-9.9-9.9
5017219710926 30.0  3.6  0.009900 -1.5-99.9-99.9-99.9-9.9 9911.0 49  8.4   8  6.4-9.9-9.9
5017219710927 32.2  8.5  0.009900  2.0-99.9-99.9-99.9-9.9 99 6.8 30  1.5   0  0.0-9.9-9.9
5017219710928 32.0 10.5  0.009900  2.6-99.9-99.9-99.9-9.9 99 7.2 28  2.3  10  8.0-9.9-9.9
5017219710929 32.6  8.0  0.009900  3.8-99.9-99.9-99.9-9.9 99 9.4 39  6.1   5  4.0-9.9-9.9
5017219710930 30.5 10.5  0.009900  6.5-99.9-99.9-99.9-9.9 9912.8 50 10.6  14 11.2-9.9-9.9
5017219711001 33.3 12.0  0.009900  8.5-99.9-99.9-99.9-9.9 9913.5 49 11.4   3  2.4-9.9-9.9
5017219711002 24.7 10.6  0.009900  9.5-99.9-99.9-99.9-9.9 99 6.7 45  1.3  30 24.0-9.9-9.9
5017219711003 17.5  4.6  0.009900 -2.2-99.9-99.9-99.9-9.9 99-9.9-99-99.9 -99-99.9-9.9-9.9
5017219711004 14.7  5.2  0.319900  5.0-99.9-99.9-99.9-9.9 99 7.8 66  3.4   7  5.6-9.9-9.9
5017219711005 22.0  5.5  0.009900  4.7-99.9-99.9-99.9-9.9 99 8.2 53  4.1  19 15.2-9.9-9.9
5017219711006 20.0  8.0  0.009900  3.0-99.9-99.9-99.9-9.9 99 9.0 56  5.4  14 11.2-9.9-9.9
5017219711007 14.5  7.0  0.009900  5.5-99.9-99.9-99.9-9.9 99 9.8 81  6.7  11  8.8-9.9-9.9
5017219711008 17.5  0.5  0.009900 -3.8-99.9-99.9-99.9-9.9 99 8.7 75  5.0  11  8.8-9.9-9.9
5017219711009 22.7  2.5  0.009900 -2.5-99.9-99.9-99.9-9.9 99 8.1 53  3.9   8  6.4-9.9-9.9
5017219711010 18.5  1.6  0.009900 -4.0-99.9-99.9-99.9-9.9 99 4.8 33 -3.3  19 15.2-9.9-9.9
5017219711011 21.0  2.1  0.009900 -4.4-99.9-99.9-99.9-9.9 99 5.1 36 -2.5   5  4.0-9.9-9.9
5017219711012 24.5  0.3  0.009900 -4.5-99.9-99.9-99.9-9.9 99 5.6 30 -1.2   3  2.4-9.9-9.9
5017219711013 29.5  3.6  0.009900 -2.0-99.9-99.9-99.9-9.9 99 6.9 31  1.7  11  8.8-9.9-9.9
5017219711014 32.0 11.5  0.009900  4.0-99.9-99.9-99.9-9.9 99 9.5 36  6.2  22 17.6-9.9-9.9
5017219711015 25.0  8.8  0.009900  3.5-99.9-99.9-99.9-9.9 99 7.8 40  3.4  11  8.8-9.9-9.9
5017219711016 31.0  5.0  0.009900  0.5-99.9-99.9-99.9-9.9 99 8.1 48  3.9   0  0.0-9.9-9.9
5017219711017 34.5 11.5  2.319900  7.5-99.9-99.9-99.9-9.9 9917.9 55 15.8  11  8.8-9.9-9.9
5017219711018 33.7 16.6  0.009900 12.5-99.9-99.9-99.9-9.9 9913.6 55 11.5   1  0.8-9.9-9.9
5017219711019 30.5 10.2  0.519900  6.7-99.9-99.9-99.9-9.9 9913.1 52 11.0  14 11.2-9.9-9.9
5017219711020 27.5  8.6  0.009900  5.0-99.9-99.9-99.9-9.9 99-9.9-99-99.9 -99-99.9-9.9-9.9
5017219711021 30.8 13.5  0.009900 10.5-99.9-99.9-99.9-9.9 9915.9 62 13.9   8  6.4-9.9-9.9
5017219711022 27.0 14.5  0.009900 12.2-99.9-99.9-99.9-9.9 99 8.4 38  4.5  20 16.0-9.9-9.9
5017219711023 29.0  9.5  1.019900  5.0-99.9-99.9-99.9-9.9 9911.4 48  8.9   5  4.0-9.9-9.9
5017219711024 32.0 12.0  0.009900  7.0-99.9-99.9-99.9-9.9 9911.6 43  9.2   3  2.4-9.9-9.9
5017219711025 34.0 12.0  0.009900  7.0-99.9-99.9-99.9-9.9 99 9.0 35  5.4   0  0.0-9.9-9.9
5017219711026 35.2 12.5  0.009900  8.1-99.9-99.9-99.9-9.9 99 8.2 30  4.1   5  4.0-9.9-9.9
5017219711027 32.5 17.5  0.009900 12.5-99.9-99.9-99.9-9.9 99 7.3 32  2.5  22 17.6-9.9-9.9
5017219711028 36.3 13.0  0.009900  8.7-99.9-99.9-99.9-9.9 9912.1 38  9.8  22 17.6-9.9-9.9
5017219711029 31.0 19.6  0.009900 16.5-99.9-99.9-99.9-9.9 99 6.5 22  0.9  22 17.6-9.9-9.9
5017219711030 26.5 12.0  0.009900 11.7-99.9-99.9-99.9-9.9 9910.1 43  7.1  16 12.8-9.9-9.9
5017219711031 33.0 12.2  0.009900  8.0-99.9-99.9-99.9-9.9 9911.2 41  8.6   0  0.0-9.9-9.9
5017219711101 32.0 13.6  0.009900 11.7-99.9-99.9-99.9-9.9 9913.0 48 10.9   8  6.4-9.9-9.9
5017219711102 31.7 11.5  0.009900  8.3-99.9-99.9-99.9-9.9 9910.9 42  8.2   6  4.8-9.9-9.9
5017219711103 24.4 13.6  0.009900 10.5-99.9-99.9-99.9-9.9 99 5.2 25 -2.2  27 21.6-9.9-9.9
5017219711104 32.5  7.5  0.009900  1.5-99.9-99.9-99.9-9.9 99 6.7 26  1.3   3  2.4-9.9-9.9
5017219711105 29.2 12.5  0.009900  5.7-99.9-99.9-99.9-9.9 99 5.2 19 -2.2  19 15.2-9.9-9.9
5017219711106 28.5  4.6  0.009900 -0.5-99.9-99.9-99.9-9.9 99 5.6 28 -1.2   5  4.0-9.9-9.9
5017219711107 32.5  8.7  0.009900  4.5-99.9-99.9-99.9-9.9 99 7.2 25  2.3   0  0.0-9.9-9.9
5017219711108 30.0 13.6  0.009900  9.5-99.9-99.9-99.9-9.9 99 5.6 22 -1.2  26 20.8-9.9-9.9
5017219711109 33.5  7.5  0.009900  3.2-99.9-99.9-99.9-9.9 99 7.5 26  2.9   5  4.0-9.9-9.9
5017219711110 30.0 12.2  0.009900  9.2-99.9-99.9-99.9-9.9 99 7.2 28  2.3   6  4.8-9.9-9.9
5017219711111 30.0 12.5  0.009900 10.0-99.9-99.9-99.9-9.9 9911.2 43  8.6   0  0.0-9.9-9.9
5017219711112 32.5 12.5  0.009900  9.2-99.9-99.9-99.9-9.9 99 8.5 30  4.6   0  0.0-9.9-9.9
5017219711113 33.8 12.9  0.009900  8.1-99.9-99.9-99.9-9.9 9910.5 36  7.7   5  4.0-9.9-9.9
5017219711114 36.8 11.5  0.009900  7.5-99.9-99.9-99.9-9.9 9911.5 31  9.0   8  6.4-9.9-9.9
5017219711115 31.0 11.7  0.009900  7.2-99.9-99.9-99.9-9.9 9913.5 54 11.4  16 12.8-9.9-9.9
5017219711116 35.7 11.5  0.009900  6.7-99.9-99.9-99.9-9.9 99-9.9-99-99.9  16 12.8-9.9-9.9
5017219711117 28.7 11.5  0.009900  9.5-99.9-99.9-99.9-9.9 9912.8 47 10.6   8  6.4-9.9-9.9
5017219711118 28.8  7.0  0.009900  3.5-99.9-99.9-99.9-9.9 9914.5 62 12.5   0  0.0-9.9-9.9
5017219711119 35.0 10.4  0.009900  5.5-99.9-99.9-99.9-9.9 99-9.9-99-99.9  16 12.8-9.9-9.9
5017219711120 36.0 17.5  0.009900 13.5-99.9-99.9-99.9-9.9 9911.5 34  9.0  22 17.6-9.9-9.9
5017219711121 37.0 17.5  0.009900 11.5-99.9-99.9-99.9-9.9 9911.5 28  9.0  13 10.4-9.9-9.9
5017219711122 36.5 17.5  0.009900 12.7-99.9-99.9-99.9-9.9 9913.0 32 10.9  11  8.8-9.9-9.9
5017219711123 30.5 17.5  0.009900 16.0-99.9-99.9-99.9-9.9 9913.8 48 11.8  25 20.0-9.9-9.9
5017219711124 27.2 10.0  0.009900  6.4-99.9-99.9-99.9-9.9 9913.0 54 10.9   9  7.2-9.9-9.9
5017219711125 29.5  6.4  0.009900  3.8-99.9-99.9-99.9-9.9 9917.0 64 15.0   4  3.2-9.9-9.9
5017219711126 33.0 12.1  0.009900  8.1-99.9-99.9-99.9-9.9 9917.8 61 15.7  14 11.2-9.9-9.9
5017219711127 35.0 16.5  0.009900 14.3-99.9-99.9-99.9-9.9 99-9.9-99-99.9   8  6.4-9.9-9.9
5017219711128 33.5 15.7  0.009900 13.1-99.9-99.9-99.9-9.9 9926.4 78 22.0  28 22.4-9.9-9.9
5017219711129 33.5 17.0  0.009900 15.3-99.9-99.9-99.9-9.9 9923.6 76 20.2  14 11.2-9.9-9.9
5017219711130 36.5 13.0  0.009900  8.4-99.9-99.9-99.9-9.9 99-9.9-99-99.9   3  2.4-9.9-9.9
5017219711201 35.1 19.0  0.009900 15.5-99.9-99.9-99.9-9.9 9911.2 33  8.6   9  7.2-9.9-9.9
5017219711202 33.2 14.1  0.009900 10.4-99.9-99.9-99.9-9.9 9911.4 35  8.9   3  2.4-9.9-9.9
5017219711203 24.6 11.5  0.009900  8.5-99.9-99.9-99.9-9.9 99 5.2 30 -2.2  38 30.4-9.9-9.9
5017219711204 23.5  1.0  0.009900 -4.4-99.9-99.9-99.9-9.9 99 4.0 23 -5.7   6  4.8-9.9-9.9
5017219711205 32.0  6.7  0.009900  2.7-99.9-99.9-99.9-9.9 99 5.7 21 -1.0  14 11.2-9.9-9.9
5017219711206 27.5 12.0  0.009900  7.7-99.9-99.9-99.9-9.9 99 8.4 35  4.5  11  8.8-9.9-9.9
5017219711207 34.3  7.5  0.009900  3.3-99.9-99.9-99.9-9.9 9911.2 40  8.6   0  0.0-9.9-9.9
5017219711208 37.0 12.5  0.009900  9.4-99.9-99.9-99.9-9.9 9915.1 37 13.1  17 13.6-9.9-9.9
5017219711209 35.0 16.5  0.009900 12.1-99.9-99.9-99.9-9.9 9919.1 55 16.8   0  0.0-9.9-9.9
5017219711210 36.5 15.4  0.009900 10.3-99.9-99.9-99.9-9.9 9921.3 57 18.5   0  0.0-9.9-9.9
5017219711211 33.4 18.0  0.009900 11.5-99.9-99.9-99.9-9.9 99-9.9-99-99.9  10  8.0-9.9-9.9
5017219711212 37.5 13.5  0.009900  9.5-99.9-99.9-99.9-9.9 9911.1 32  8.5  23 18.4-9.9-9.9
5017219711213 26.0 11.0  0.009900  8.5-99.9-99.9-99.9-9.9 99 7.4 35  2.7  10  8.0-9.9-9.9
5017219711214 33.5  6.8  0.009900  2.5-99.9-99.9-99.9-9.9 99 9.5 29  6.2  14 11.2-9.9-9.9
5017219711215 38.7 14.1  0.009900 10.2-99.9-99.9-99.9-9.9 9918.2 44 16.0   5  4.0-9.9-9.9
5017219711216 38.0 17.2  0.009900 14.0-99.9-99.9-99.9-9.9 9914.9 36 12.9  16 12.8-9.9-9.9
5017219711217 39.0 14.1  0.009900 10.2-99.9-99.9-99.9-9.9 9917.2 41 15.1  23 18.4-9.9-9.9
5017219711218 36.2 18.0  0.009900 12.7-99.9-99.9-99.9-9.9 9916.0 47 14.0   5  4.0-9.9-9.9
5017219711219 37.0 13.3  2.119900  9.0-99.9-99.9-99.9-9.9 99-9.9-99-99.9  16 12.8-9.9-9.9
5017219711220 28.5 14.6  1.319900 11.7-99.9-99.9-99.9-9.9 9915.6 73 13.6  38 30.4-9.9-9.9
5017219711221 26.2  7.0  0.009900  2.2-99.9-99.9-99.9-9.9 9911.4 51  8.9  26 20.8-9.9-9.9
5017219711222 30.2  7.1  0.009900-99.9-99.9-99.9-99.9-9.9 9910.8 45  8.1  10  8.0-9.9-9.9
5017219711223 36.5 12.0  0.009900  6.0-99.9-99.9-99.9-9.9 99 9.5 31  6.2   0  0.0-9.9-9.9
5017219711224 40.5 17.5  0.009900  9.8-99.9-99.9-99.9-9.9 99 9.9 26  6.8   8  6.4-9.9-9.9
5017219711225 41.0 18.1  0.009900 12.5-99.9-99.9-99.9-9.9 9912.8 28 10.6   0  0.0-9.9-9.9
5017219711226 35.8 20.8  0.009900 19.5-99.9-99.9-99.9-9.9 9915.5 41 13.5  11  8.8-9.9-9.9
5017219711227 35.0 18.3  0.009900 14.8-99.9-99.9-99.9-9.9 9917.7 49 15.6  23 18.4-9.9-9.9
5017219711228 38.7 16.4  0.009900 13.1-99.9-99.9-99.9-9.9 9918.4 42 16.2  11  8.8-9.9-9.9
5017219711229 34.4 20.6  7.919900 19.5-99.9-99.9-99.9-9.9 9918.2 50 16.0  18 14.4-9.9-9.9
5017219711230 29.6 15.6  0.009900 14.5-99.9-99.9-99.9-9.9 99-9.9-99-99.9  10  8.0-9.9-9.9
5017219711231 34.4 18.5  0.009900 16.8-99.9-99.9-99.9-9.9 99-9.9-99-99.9   9  7.2-9.9-9.9
5017219720101 30.7 21.5  0.009900 20.5-99.9-99.9-99.9-9.9 9923.8 74 20.3  27 21.6-9.9-9.9
5017219720102 34.5 19.4  0.009900 18.5-99.9-99.9-99.9-9.9 9921.5 64 18.7  11  8.8-9.9-9.9
5017219720103 31.6 15.5 31.619900 17.5-99.9-99.9-99.9-9.9 9912.7 38 10.5  16 12.8-9.9-9.9
5017219720104 24.5 17.0  3.319900 17.8-99.9-99.9-99.9-9.9 9918.8 80 16.5  14 11.2-9.9-9.9
5017219720105 27.0 12.2  0.009900 10.7-99.9-99.9-99.9-9.9 9915.2 59 13.2   8  6.4-9.9-9.9
5017219720106 31.5 15.0  0.009900 12.5-99.9-99.9-99.9-9.9 9915.3 54 13.3   3  2.4-9.9-9.9
5017219720107 34.5 14.0  0.009900 11.1-99.9-99.9-99.9-9.9 9917.4 52 15.3   0  0.0-9.9-9.9
5017219720108 38.0 17.0  0.009900 15.2-99.9-99.9-99.9-9.9 9919.6 49 17.2   6  4.8-9.9-9.9
5017219720109 37.5 20.5  0.009900 16.2-99.9-99.9-99.9-9.9 9922.1 50 19.1   6  4.8-9.9-9.9
5017219720110 37.2 18.5  0.009900 11.1-99.9-99.9-99.9-9.9 9923.7 60 20.2   0  0.0-9.9-9.9
5017219720111 34.5 22.5  0.009900 19.4-99.9-99.9-99.9-9.9 9926.1 66 21.8  16 12.8-9.9-9.9
5017219720112 34.2 15.1  0.009900 18.0-99.9-99.9-99.9-9.9 9922.4 68 19.3   0  0.0-9.9-9.9
5017219720113 40.6-99.9  0.009900-99.9-99.9-99.9-99.9-9.9 99 9.7 24  6.5   5  4.0-9.9-9.9
5017219720114 38.5 16.5  0.009900 14.0-99.9-99.9-99.9-9.9 9912.6 34 10.4   0  0.0-9.9-9.9
5017219720115 33.3 17.1  0.009900 15.5-99.9-99.9-99.9-9.9 9917.2 48 15.1  10  8.0-9.9-9.9
5017219720116 36.0 17.0  0.009900 14.5-99.9-99.9-99.9-9.9 9919.3 49 16.9   3  2.4-9.9-9.9
5017219720117 38.7 21.3  0.009900 18.0-99.9-99.9-99.9-9.9 9924.2 59 20.6  16 12.8-9.9-9.9
5017219720118 37.2 18.1  3.819900 15.2-99.9-99.9-99.9-9.9 9922.5 56 19.4   6  4.8-9.9-9.9
5017219720119 33.0 18.0  0.009900 15.5-99.9-99.9-99.9-9.9 9920.7 62 18.1   4  3.2-9.9-9.9
5017219720120 37.5 14.5  0.009900 11.5-99.9-99.9-99.9-9.9 9921.8 56 18.9  10  8.0-9.9-9.9
5017219720121 39.6 19.5  0.009900 16.0-99.9-99.9-99.9-9.9 9919.6 38 17.2   5  4.0-9.9-9.9
5017219720122 39.0 19.0  1.019900 17.5-99.9-99.9-99.9-9.9 9924.7 60 20.9   6  4.8-9.9-9.9
5017219720123 36.6 19.0  0.009900 15.1-99.9-99.9-99.9-9.9 9923.3 72 20.0   8  6.4-9.9-9.9
5017219720124 38.0 22.0  0.009900 18.1-99.9-99.9-99.9-9.9 9915.7 39 13.7   0  0.0-9.9-9.9
5017219720125 37.0 18.5  2.219900 16.0-99.9-99.9-99.9-9.9 9912.8 41 10.6  23 18.4-9.9-9.9
5017219720126 26.5 15.1  0.819900 13.0-99.9-99.9-99.9-9.9 9910.6 45  7.8   8  6.4-9.9-9.9
5017219720127 28.0 14.5  0.009900 11.5-99.9-99.9-99.9-9.9 9912.6 52 10.4  11  8.8-9.9-9.9
5017219720128 34.0 13.5  0.009900-99.9-99.9-99.9-99.9-9.9 9912.2 39  9.9  17 13.6-9.9-9.9
5017219720129 36.0 16.0  0.009900-99.9-99.9-99.9-99.9-9.9 9915.4 42 13.4   3  2.4-9.9-9.9
5017219720130 38.8 17.1  0.009900-99.9-99.9-99.9-99.9-9.9 9913.4 34 11.3  11  8.8-9.9-9.9
5017219720131 33.5 16.0  0.219900-99.9-99.9-99.9-99.9-9.9 9913.4 61 11.3  25 20.0-9.9-9.9
5017219720201 27.5  9.5  0.009900-99.9-99.9-99.9-99.9-9.9 99 8.2 37  4.1  15 12.0-9.9-9.9
5017219720202 33.7 10.7  0.009900-99.9-99.9-99.9-99.9-9.9 9910.3 34  7.4   5  4.0-9.9-9.9
5017219720203 39.4 13.6  0.009900-99.9-99.9-99.9-99.9-9.9 9915.0 42 13.0   0  0.0-9.9-9.9
5017219720204 40.7 21.5  0.009900-99.9-99.9-99.9-99.9-9.9 9917.3 42 15.2   0  0.0-9.9-9.9
5017219720205 34.0 20.3  0.009900-99.9-99.9-99.9-99.9-9.9 9916.7 49 14.7  16 12.8-9.9-9.9
5017219720206 28.5 16.5  0.009900-99.9-99.9-99.9-99.9-9.9 9916.4 56 14.4  19 15.2-9.9-9.9
5017219720207 29.5  9.5  0.009900-99.9-99.9-99.9-99.9-9.9 9917.8 67 15.7   5  4.0-9.9-9.9
5017219720208 38.0 13.5  0.009900-99.9-99.9-99.9-99.9-9.9 9924.0 69 20.4   5  4.0-9.9-9.9
5017219720209 31.5 17.0  0.009900-99.9-99.9-99.9-99.9-9.9 9919.9 66 17.4   6  4.8-9.9-9.9
5017219720210 33.3 11.0  0.009900-99.9-99.9-99.9-99.9-9.9 9920.6 67 18.0   5  4.0-9.9-9.9
5017219720211 30.7 11.6  0.009900-99.9-99.9-99.9-99.9-9.9 9921.3 74 18.5   8  6.4-9.9-9.9
5017219720212 31.0 14.4  0.009900-99.9-99.9-99.9-99.9-9.9 9922.0 75 19.0  10  8.0-9.9-9.9
5017219720213 27.2 16.0  0.009900-99.9-99.9-99.9-99.9-9.9 9922.3 82 19.2  21 16.8-9.9-9.9
5017219720214 29.0 16.3  0.009900-99.9-99.9-99.9-99.9-9.9 9917.5 75 15.4   7  5.6-9.9-9.9
5017219720215 34.5 17.0  0.009900-99.9-99.9-99.9-99.9-9.9 9928.2 78 23.1   3  2.4-9.9-9.9
5017219720216 30.0 19.4  0.009900-99.9-99.9-99.9-99.9-9.9 99 7.1 24  2.1  16 12.8-9.9-9.9
5017219720217 33.2 14.0  0.009900-99.9-99.9-99.9-99.9-9.9 99 9.2 34  5.8   5  4.0-9.9-9.9
5017219720218 31.0 14.5  0.009900-99.9-99.9-99.9-99.9-9.9 9913.3 46 11.2  16 12.8-9.9-9.9
5017219720219 36.2 14.5 10.219900-99.9-99.9-99.9-99.9-9.9 9916.5 47 14.5   9  7.2-9.9-9.9
5017219720220 32.0 17.3  0.009900-99.9-99.9-99.9-99.9-9.9 9920.4 76 17.8  14 11.2-9.9-9.9
5017219720221 26.5 13.6  0.009900-99.9-99.9-99.9-99.9-9.9 9913.6 58 11.5  16 12.8-9.9-9.9
5017219720222 29.5 15.3  0.009900-99.9-99.9-99.9-99.9-9.9 9917.7 64 15.6   0  0.0-9.9-9.9
5017219720223 30.5 15.0  0.009900-99.9-99.9-99.9-99.9-9.9 9917.8 70 15.7  13 10.4-9.9-9.9
5017219720224 28.0-99.9  0.009900-99.9-99.9-99.9-99.9-9.9 9915.3 63 13.3 -99-99.9-9.9-9.9
5017219720225 30.7 14.0  0.009900-99.9-99.9-99.9-99.9-9.9 9917.8 67 15.7  10  8.0-9.9-9.9
5017219720226 35.7 14.2  0.009900-99.9-99.9-99.9-99.9-9.9 9922.4 67 19.3   8  6.4-9.9-9.9
5017219720227 37.5 18.8  0.009900-99.9-99.9-99.9-99.9-9.9 9925.6 61 21.5   6  4.8-9.9-9.9
5017219720228 38.5 20.0  0.009900-99.9-99.9-99.9-99.9-9.9 9918.2 48 16.0   5  4.0-9.9-9.9
5017219720229 38.5 19.5  0.009900-99.9-99.9-99.9-99.9-9.9 9914.7 35 12.7  16 12.8-9.9-9.9
5017219720301 34.0 19.5  0.009900-99.9-99.9-99.9-99.9-9.9 9914.5 43 12.5   3  2.4-9.9-9.9
5017219720302 26.5 13.2  0.009900-99.9-99.9-99.9-99.9-9.9 99 6.8 35  1.5  19 15.2-9.9-9.9
5017219720303 27.2  5.0  0.009900-99.9-99.9-99.9-99.9-9.9 99 8.4 46  4.5   8  6.4-9.9-9.9
5017219720304 32.0  9.0  0.009900-99.9-99.9-99.9-99.9-9.9 9912.2 47  9.9   3  2.4-9.9-9.9
5017219720305 33.0 14.0  0.219900-99.9-99.9-99.9-99.9-9.9 9914.2 51 12.2   0  0.0-9.9-9.9
5017219720306 28.5 15.1  0.419900-99.9-99.9-99.9-99.9-9.9 9911.1 42  8.5  23 18.4-9.9-9.9
5017219720307 22.5 10.4 33.519900-99.9-99.9-99.9-99.9-9.9 9913.0 97 10.9  21 16.8-9.9-9.9
5017219720308 21.0 10.5  0.009900-99.9-99.9-99.9-99.9-9.9 9914.1 81 12.1   5  4.0-9.9-9.9
5017219720309 26.2 11.1  0.009900-99.9-99.9-99.9-99.9-9.9 9913.2 60 11.1   0  0.0-9.9-9.9
5017219720310 28.0 11.0  0.009900-99.9-99.9-99.9-99.9-9.9 9914.4 64 12.4   0  0.0-9.9-9.9
5017219720311 21.5 14.2  2.119900-99.9-99.9-99.9-99.9-9.9 9915.9 82 13.9   3  2.4-9.9-9.9
5017219720312 29.5 11.5  0.009900-99.9-99.9-99.9-99.9-9.9 9915.7 68 13.7   3  2.4-9.9-9.9
5017219720313 28.5 12.1  0.009900-99.9-99.9-99.9-99.9-9.9 9914.7 63 12.7   3  2.4-9.9-9.9
5017219720314 31.0 13.4  0.009900-99.9-99.9-99.9-99.9-9.9 9915.7 62 13.7   6  4.8-9.9-9.9
5017219720315 29.0 16.1 11.519900-99.9-99.9-99.9-99.9-9.9 9915.5 58 13.5   1  0.8-9.9-9.9
5017219720316 30.5 15.0 11.119900-99.9-99.9-99.9-99.9-9.9 9917.9 67 15.8   5  4.0-9.9-9.9
5017219720317 24.7 14.5  0.009900-99.9-99.9-99.9-99.9-9.9 9914.2 68 12.2   3  2.4-9.9-9.9
5017219720318 32.0 13.0  0.009900-99.9-99.9-99.9-99.9-9.9 9914.8 52 12.8   8  6.4-9.9-9.9
5017219720319 30.0 15.0  0.009900-99.9-99.9-99.9-99.9-9.9 9914.7 54 12.7   0  0.0-9.9-9.9
5017219720320 28.5 14.5  0.009900-99.9-99.9-99.9-99.9-9.9 9913.1 70 11.0  16 12.8-9.9-9.9
5017219720321 34.5 14.6  0.009900-99.9-99.9-99.9-99.9-9.9 9913.8 47 11.8  18 14.4-9.9-9.9
5017219720322 27.5 13.0  0.009900-99.9-99.9-99.9-99.9-9.9 9915.6 64 13.6   4  3.2-9.9-9.9
5017219720323 21.0 14.0  0.009900-99.9-99.9-99.9-99.9-9.9 9911.0 64  8.4  24 19.2-9.9-9.9
5017219720324 17.1  7.4  0.009900-99.9-99.9-99.9-99.9-9.9 99 8.6 63  4.8  14 11.2-9.9-9.9
5017219720325 18.5  1.5  0.009900-99.9-99.9-99.9-99.9-9.9 99 5.3 43 -1.9   8  6.4-9.9-9.9
5017219720326 17.4  6.8  0.009900-99.9-99.9-99.9-99.9-9.9 99 8.1 63  3.9   1  0.8-9.9-9.9
5017219720327 19.7  3.6  0.009900-99.9-99.9-99.9-99.9-9.9 99 9.2 66  5.8   5  4.0-9.9-9.9
5017219720328 22.2  4.0  0.009900-99.9-99.9-99.9-99.9-9.9 99 8.0 57  3.8   3  2.4-9.9-9.9
5017219720329 27.5  5.0  0.009900-99.9-99.9-99.9-99.9-9.9 99 9.9 54  6.8   8  6.4-9.9-9.9
5017219720330 30.5  9.6  0.009900-99.9-99.9-99.9-99.9-9.9 9910.9 51  8.2   8  6.4-9.9-9.9
5017219720331 26.5  8.1  0.009900-99.9-99.9-99.9-99.9-9.9 9910.8 55  8.1   1  0.8-9.9-9.9
5017219720401 30.0  8.5  0.009900-99.9-99.9-99.9-99.9-9.9 9913.5 64 11.4   5  4.0-9.9-9.9
5017219720402 30.7 13.6  0.009900-99.9-99.9-99.9-99.9-9.9 9914.2 57 12.2   9  7.2-9.9-9.9
5017219720403 23.5  9.6  0.009900-99.9-99.9-99.9-99.9-9.9 9910.6 61  7.8   5  4.0-9.9-9.9
5017219720404 29.5  7.6  0.009900-99.9-99.9-99.9-99.9-9.9 9912.7 58 10.5   5  4.0-9.9-9.9
5017219720405 32.5 14.1  0.009900-99.9-99.9-99.9-99.9-9.9 9916.0 57 14.0   8  6.4-9.9-9.9
5017219720406 33.0 15.5  0.009900-99.9-99.9-99.9-99.9-9.9 9916.7 60 14.7  13 10.4-9.9-9.9
5017219720407 24.0  8.3 16.519910-99.9-99.9-99.9-99.9-9.9 9910.5 69  7.7  38 30.4-9.9-9.9
5017219720408 20.0  8.5  0.009900-99.9-99.9-99.9-99.9-9.9 9911.5 75  9.0   0  0.0-9.9-9.9
5017219720409 25.5  8.0  0.009900-99.9-99.9-99.9-99.9-9.9 9911.5 64  9.0   3  2.4-9.9-9.9
5017219720410 27.7  8.5  0.009900-99.9-99.9-99.9-99.9-9.9 9911.0 56  8.4   3  2.4-9.9-9.9
5017219720411 28.7  9.3  0.009900-99.9-99.9-99.9-99.9-9.9 9913.0 63 10.9   0  0.0-9.9-9.9
5017219720412 29.0  9.8  0.009900-99.9-99.9-99.9-99.9-9.9 9913.2 61 11.1   0  0.0-9.9-9.9
5017219720413 19.0 13.0  0.219900-99.9-99.9-99.9-99.9-9.9 99 7.9 46  3.6  33 26.4-9.9-9.9
5017219720414 18.7  6.0  0.009900-99.9-99.9-99.9-99.9-9.9 99 7.1 55  2.1   3  2.4-9.9-9.9
5017219720415 21.7  2.5  0.009900-99.9-99.9-99.9-99.9-9.9 99 7.2 50  2.3   3  2.4-9.9-9.9
5017219720416 25.5  2.8  0.009900-99.9-99.9-99.9-99.9-9.9 99 7.7 53  3.2   0  0.0-9.9-9.9
5017219720417 26.0  5.2  0.009900-99.9-99.9-99.9-99.9-9.9 9910.1 56  7.1   5  4.0-9.9-9.9
5017219720418 26.0  8.3  0.009900-99.9-99.9-99.9-99.9-9.9 9911.0 57  8.4   5  4.0-9.9-9.9
5017219720419 27.0  9.0  0.009900-99.9-99.9-99.9-99.9-9.9 9912.3 60 10.0   0  0.0-9.9-9.9
5017219720420 28.0  8.2  0.009900-99.9-99.9-99.9-99.9-9.9 9910.2 54  7.3   8  6.4-9.9-9.9
5017219720421 27.5 10.1  0.009900-99.9-99.9-99.9-99.9-9.9 9912.4 55 10.1   0  0.0-9.9-9.9
5017219720422 28.0 11.5  0.009900-99.9-99.9-99.9-99.9-9.9 9912.7 61 10.5   6  4.8-9.9-9.9
5017219720423 18.4  6.0  3.919900-99.9-99.9-99.9-99.9-9.9 99 7.5 70  2.9  41 32.8-9.9-9.9
5017219720424  9.0  5.5  4.519900-99.9-99.9-99.9-99.9-9.9 9910.1100  7.1  37 29.6-9.9-9.9
5017219720425 17.8  6.5  0.009900-99.9-99.9-99.9-99.9-9.9 9911.0 82  8.4   5  4.0-9.9-9.9
5017219720426 18.7  4.5  0.009900-99.9-99.9-99.9-99.9-9.9 99 9.3 66  5.9  23 18.4-9.9-9.9
5017219720427 21.5  2.4  0.009900-99.9-99.9-99.9-99.9-9.9 99 8.7 63  5.0   0  0.0-9.9-9.9
5017219720428 23.5  3.4  0.009900-99.9-99.9-99.9-99.9-9.9 99 9.4 61  6.1   5  4.0-9.9-9.9
5017219720429 25.2  3.4  0.009900-99.9-99.9-99.9-99.9-9.9 9910.5 65  7.7   0  0.0-9.9-9.9
5017219720430 25.0  7.0  0.009900-99.9-99.9-99.9-99.9-9.9 9911.9 66  9.5   4  3.2-9.9-9.9
5017219720501 25.0  7.5  0.009900-99.9-99.9-99.9-99.9-9.9 9911.3 65  8.8   8  6.4-9.9-9.9
5017219720502 26.0  8.5  0.009900-99.9-99.9-99.9-99.9-9.9 9911.4 64  8.9   8  6.4-9.9-9.9
5017219720503 16.0 10.4  0.009900-99.9-99.9-99.9-99.9-9.9 99 6.4 46  0.6  26 20.8-9.9-9.9
5017219720504 16.5  3.0  0.009900-99.9-99.9-99.9-99.9-9.9 99 6.8 62  1.5   1  0.8-9.9-9.9
5017219720505 18.5  2.0  0.009900-99.9-99.9-99.9-99.9-9.9 99 7.8 66  3.4   1  0.8-9.9-9.9
5017219720506 16.7  5.1  0.009900-99.9-99.9-99.9-99.9-9.9 99 9.5 73  6.2   0  0.0-9.9-9.9
5017219720507 20.5  4.5  0.009900-99.9-99.9-99.9-99.9-9.9 9911.5 76  9.0  11  8.8-9.9-9.9
5017219720508 14.0  7.5  0.009900-99.9-99.9-99.9-99.9-9.9 99 9.5 81  6.2   3  2.4-9.9-9.9
5017219720509 15.5  5.6  0.009900-99.9-99.9-99.9-99.9-9.9 99 9.2 79  5.8   0  0.0-9.9-9.9
5017219720510 21.2  6.2  0.009900-99.9-99.9-99.9-99.9-9.9 9911.0 70  8.4   8  6.4-9.9-9.9
5017219720511 18.0  2.5  0.009900-99.9-99.9-99.9-99.9-9.9 99 9.8 80  6.7   0  0.0-9.9-9.9
5017219720512 25.0  7.0  0.009900-99.9-99.9-99.9-99.9-9.9 9913.7 75 11.6   6  4.8-9.9-9.9
5017219720513 26.0  6.9  0.009900-99.9-99.9-99.9-99.9-9.9 9915.0 80 13.0   0  0.0-9.9-9.9
5017219720514 28.0 10.6  0.009900-99.9-99.9-99.9-99.9-9.9 9916.2 75 14.2   8  6.4-9.9-9.9
5017219720515 21.0 11.5  0.009900-99.9-99.9-99.9-99.9-9.9 9914.2 81 12.2  14 11.2-9.9-9.9
5017219720516 20.5  6.6  0.009900-99.9-99.9-99.9-99.9-9.9 9912.3 80 10.0   0  0.0-9.9-9.9
5017219720517 13.5  9.4  0.009900-99.9-99.9-99.9-99.9-9.9 99 8.9 69  5.3   8  6.4-9.9-9.9
5017219720518 13.0  1.5  0.009900-99.9-99.9-99.9-99.9-9.9 99 9.4 82  6.1   0  0.0-9.9-9.9
5017219720519 18.7  8.0  0.009900-99.9-99.9-99.9-99.9-9.9 9911.0 73  8.4  11  8.8-9.9-9.9
5017219720520 20.7  5.5  0.009900-99.9-99.9-99.9-99.9-9.9 9911.3 76  8.8   3  2.4-9.9-9.9
5017219720521 17.5  3.0  0.009900-99.9-99.9-99.9-99.9-9.9 9911.1 85  8.5   3  2.4-9.9-9.9
5017219720522 19.0  4.4  0.009900-99.9-99.9-99.9-99.9-9.9 99 9.2 66  5.8   5  4.0-9.9-9.9
5017219720523 20.5  8.0  0.009900-99.9-99.9-99.9-99.9-9.9 99 9.0 60  5.4   9  7.2-9.9-9.9
5017219720524 19.7  4.0  0.009900-99.9-99.9-99.9-99.9-9.9 99 9.5 67  6.2   8  6.4-9.9-9.9
5017219720525 23.0  8.1  0.009900-99.9-99.9-99.9-99.9-9.9 99 8.7 57  5.0   8  6.4-9.9-9.9
5017219720526 17.3  2.8  0.009900-99.9-99.9-99.9-99.9-9.9 99 7.8 59  3.4   4  3.2-9.9-9.9
5017219720527 22.0  6.1  0.009900-99.9-99.9-99.9-99.9-9.9 9910.5 62  7.7  16 12.8-9.9-9.9
5017219720528 24.8  7.5  0.009900-99.9-99.9-99.9-99.9-9.9 9910.4 64  7.5   4  3.2-9.9-9.9
5017219720529 20.5  8.5  0.009900-99.9-99.9-99.9-99.9-9.9 99 9.5 67  6.2   3  2.4-9.9-9.9
5017219720530 22.5  5.0  0.009900-99.9-99.9-99.9-99.9-9.9 9911.3 74  8.8   5  4.0-9.9-9.9
5017219720531 24.5 11.8  0.009900-99.9-99.9-99.9-99.9-9.9 99 7.3 41  2.5  11  8.8-9.9-9.9
5017219720601 17.7  0.5  0.009900-99.9-99.9-99.9-99.9-9.9 99 5.2 48 -2.2  20 16.0-9.9-9.9
5017219720602 10.0 -3.3  0.009900-99.9-99.9-99.9-99.9-9.9 99 4.3 65 -4.7   1  0.8-9.9-9.9
5017219720603 14.5 -3.6  0.009900-99.9-99.9-99.9-99.9-9.9 99 4.2 49 -5.0   0  0.0-9.9-9.9
5017219720604 20.0 -1.7  0.009900-99.9-99.9-99.9-99.9-9.9 99 6.0 56 -0.2   0  0.0-9.9-9.9
5017219720605 12.0 -0.5  0.009900-99.9-99.9-99.9-99.9-9.9 99 6.6 73  1.1   3  2.4-9.9-9.9
5017219720606 18.5 -1.4  0.009900-99.9-99.9-99.9-99.9-9.9 99 6.8 69  1.5   3  2.4-9.9-9.9
5017219720607 20.5  2.7  0.009900-99.9-99.9-99.9-99.9-9.9 99 7.6 61  3.0   0  0.0-9.9-9.9
5017219720608 15.5  4.0  1.819900-99.9-99.9-99.9-99.9-9.9 99 8.5 74  4.6   3  2.4-9.9-9.9
5017219720609 10.0  5.5 12.419900-99.9-99.9-99.9-99.9-9.9 99 9.7 97  6.5   9  7.2-9.9-9.9
5017219720610  7.0  4.5  2.119900-99.9-99.9-99.9-99.9-9.9 99 9.0 97  5.4   6  4.8-9.9-9.9
5017219720611 10.0  5.8  0.319900-99.9-99.9-99.9-99.9-9.9 99 9.8 96  6.7   0  0.0-9.9-9.9
5017219720612 11.0  2.6  1.019900-99.9-99.9-99.9-99.9-9.9 9910.1 88  7.1   0  0.0-9.9-9.9
5017219720613 13.0  9.0  0.119900-99.9-99.9-99.9-99.9-9.9 9912.5 93 10.3   0  0.0-9.9-9.9
5017219720614 15.0  5.0  0.009900-99.9-99.9-99.9-99.9-9.9 9910.9 94  8.2   1  0.8-9.9-9.9
5017219720615 20.7  5.4  0.009900-99.9-99.9-99.9-99.9-9.9 99 9.3 69  5.9   4  3.2-9.9-9.9
5017219720616 20.0  3.4  0.009900-99.9-99.9-99.9-99.9-9.9 99 8.6 69  4.8   3  2.4-9.9-9.9
5017219720617 24.7  5.2  0.009900-99.9-99.9-99.9-99.9-9.9 99 7.2 47  2.3   8  6.4-9.9-9.9
5017219720618 20.8  5.3  0.009900-99.9-99.9-99.9-99.9-9.9 99 4.7 35 -3.6 -99-99.9-9.9-9.9
5017219720619-99.9-99.9  0.009900-99.9-99.9-99.9-99.9-9.9 99-9.9-99-99.9 -99-99.9-9.9-9.9
5017219720620-99.9-99.9  0.009900-99.9-99.9-99.9-99.9-9.9 99-9.9-99-99.9 -99-99.9-9.9-9.9
5017219720621-99.9-99.9  0.009900-99.9-99.9-99.9-99.9-9.9 99-9.9-99-99.9 -99-99.9-9.9-9.9
5017219720622 20.0  9.5  0.009900-99.9-99.9-99.9-99.9-9.9 99 8.1 48  3.9 -99-99.9-9.9-9.9
5017219720623-99.9-99.9  0.009900-99.9-99.9-99.9-99.9-9.9 99-9.9-99-99.9 -99-99.9-9.9-9.9
5017219720624 24.5  1.5  0.009900-99.9-99.9-99.9-99.9-9.9 99 7.8 58  3.4   3  2.4-9.9-9.9
5017219720625  8.7  5.5  0.009900-99.9-99.9-99.9-99.9-9.9 99 7.2 70  2.3 -99-99.9-9.9-9.9
5017219720626 11.0 -0.6  0.009900-99.9-99.9-99.9-99.9-9.9 99 5.7 62 -1.0   6  4.8-9.9-9.9
5017219720627  9.4  0.3  0.009900-99.9-99.9-99.9-99.9-9.9 99 5.4 66 -1.7   0  0.0-9.9-9.9
5017219720628  8.5  0.5  0.819900-99.9-99.9-99.9-99.9-9.9 99 5.4 65 -1.7   0  0.0-9.9-9.9
5017219720629  4.0  1.0 10.719901-99.9-99.9-99.9-99.9-9.9 99 7.3100  2.5   9  7.2-9.9-9.9
5017219720630  1.2 -0.6  3.319901-99.9-99.9-99.9-99.9-9.9 99 6.2100  0.2   8  6.4-9.9-9.9
5017219720701  5.0  0.5  0.009900-99.9-99.9-99.9-99.9-9.9 99 6.8 92  1.5   4  3.2-9.9-9.9
5017219720702 10.0  0.4  0.009900-99.9-99.9-99.9-99.9-9.9 99 6.1 73  0.0   3  2.4-9.9-9.9
5017219720703 14.3 -3.5  0.009900-99.9-99.9-99.9-99.9-9.9 99 5.7 67 -1.0   7  5.6-9.9-9.9
5017219720704 13.0 -0.4  0.009900-99.9-99.9-99.9-99.9-9.9 99 6.0 60 -0.2   4  3.2-9.9-9.9
5017219720705 15.5  1.5  1.019900-99.9-99.9-99.9-99.9-9.9 99 7.8 68  3.4  21 16.8-9.9-9.9
5017219720706 12.0  3.6  0.009900-99.9-99.9-99.9-99.9-9.9 99 7.1 79  2.1   0  0.0-9.9-9.9
5017219720707 12.7 -3.0  0.009900-99.9-99.9-99.9-99.9-9.9 99 5.3 61 -1.9   0  0.0-9.9-9.9
5017219720708 17.5 -2.0  0.009900-99.9-99.9-99.9-99.9-9.9 99 6.4 61  0.6   0  0.0-9.9-9.9
5017219720709 16.7 -2.0  0.009900-99.9-99.9-99.9-99.9-9.9 99 6.6 64  1.1   3  2.4-9.9-9.9
5017219720710 21.5 -1.0  0.009900-99.9-99.9-99.9-99.9-9.9 99 6.3 56  0.4   6  4.8-9.9-9.9
5017219720711 20.1  1.0  0.009900-99.9-99.9-99.9-99.9-9.9 99 6.9 63  1.7   0  0.0-9.9-9.9
5017219720712 11.8  2.5  0.009900-99.9-99.9-99.9-99.9-9.9 99 5.3 61 -1.9   9  7.2-9.9-9.9
5017219720713 14.0 -3.0  0.009900-99.9-99.9-99.9-99.9-9.9 99 5.3 55 -1.9  15 12.0-9.9-9.9
5017219720714 15.5  0.6  0.009900-99.9-99.9-99.9-99.9-9.9 99 5.6 53 -1.2   2  1.6-9.9-9.9
5017219720715 15.5 -2.6  0.009900-99.9-99.9-99.9-99.9-9.9 99 4.8 58 -3.3   0  0.0-9.9-9.9
5017219720716 15.6 -5.0  0.009900-99.9-99.9-99.9-99.9-9.9 99 4.8 60 -3.3   3  2.4-9.9-9.9
5017219720717 16.0 -0.5  0.009900-99.9-99.9-99.9-99.9-9.9 99 6.1 59  0.0   4  3.2-9.9-9.9
5017219720718 16.8 -1.6  0.009900-99.9-99.9-99.9-99.9-9.9 99 6.3 59  0.4   4  3.2-9.9-9.9
5017219720719 20.6  1.0  0.009900-99.9-99.9-99.9-99.9-9.9 99 6.7 57  1.3   0  0.0-9.9-9.9
5017219720720  9.8  0.6  0.919901-99.9-99.9-99.9-99.9-9.9 99 5.9 83 -0.5  33 26.4-9.9-9.9
5017219720721 16.9 -3.3  0.009900-99.9-99.9-99.9-99.9-9.9 99 5.7 61 -1.0   7  5.6-9.9-9.9
5017219720722 22.5  0.2  0.009900-99.9-99.9-99.9-99.9-9.9 99 5.8 50 -0.7  16 12.8-9.9-9.9
5017219720723 21.7  4.5  0.009900-99.9-99.9-99.9-99.9-9.9 99 7.1 53  2.1   6  4.8-9.9-9.9
5017219720724 20.5 -1.6  0.009900-99.9-99.9-99.9-99.9-9.9 99 6.6 58  1.1   0  0.0-9.9-9.9
5017219720725 18.5  0.8  0.009900-99.9-99.9-99.9-99.9-9.9 99 7.5 65  2.9   0  0.0-9.9-9.9
5017219720726 20.5  1.5  0.009900-99.9-99.9-99.9-99.9-9.9 99 8.7 64  5.0  14 11.2-9.9-9.9
5017219720727 22.2  4.0  0.009900-99.9-99.9-99.9-99.9-9.9 9910.2 68  7.3  13 10.4-9.9-9.9
5017219720728 20.2  4.3  0.009900-99.9-99.9-99.9-99.9-9.9 99 7.8 58  3.4  11  8.8-9.9-9.9
5017219720729 20.5  1.4  0.009900-99.9-99.9-99.9-99.9-9.9 99 8.3 65  4.3  10  8.0-9.9-9.9
5017219720730 23.0  6.8  0.009900-99.9-99.9-99.9-99.9-9.9 9912.5 70 10.3  16 12.8-9.9-9.9
5017219720731 22.5  5.5  0.009900-99.9-99.9-99.9-99.9-9.9 9911.2 69  8.6   5  4.0-9.9-9.9
5017219720801 25.0  7.8  0.009900-99.9-99.9-99.9-99.9-9.9 99 7.4 50  2.7   9  7.2-9.9-9.9
5017219720802 14.5 -2.0  0.009900-99.9-99.9-99.9-99.9-9.9 99 4.2 56 -5.0   8  6.4-9.9-9.9
5017219720803 10.5 -1.6  0.009900-99.9-99.9-99.9-99.9-9.9 99 4.7 63 -3.6   8  6.4-9.9-9.9
5017219720804 12.5 -7.7  0.009900-99.9-99.9-99.9-99.9-9.9 99 4.1 54 -5.4  11  8.8-9.9-9.9
5017219720805 12.5  2.0  0.009900-99.9-99.9-99.9-99.9-9.9 99 5.4 54 -1.7   3  2.4-9.9-9.9
5017219720806 17.5  1.0  0.009900-99.9-99.9-99.9-99.9-9.9 99 5.8 50 -0.7   8  6.4-9.9-9.9
5017219720807 22.0  4.5  0.009900-99.9-99.9-99.9-99.9-9.9 99 6.4 46  0.6   8  6.4-9.9-9.9
5017219720808 24.0  5.6  0.009900-99.9-99.9-99.9-99.9-9.9 99 7.1 41  2.1  14 11.2-9.9-9.9
5017219720809 26.5 10.0  0.219900-99.9-99.9-99.9-99.9-9.9 99 9.0 50  5.4  11  8.8-9.9-9.9
5017219720810 21.0  6.4  0.009900-99.9-99.9-99.9-99.9-9.9 99 9.4 64  6.1   8  6.4-9.9-9.9
5017219720811 20.2  3.0  0.009900-99.9-99.9-99.9-99.9-9.9 99 9.6 71  6.4  18 14.4-9.9-9.9
5017219720812 18.8  4.0  0.009900-99.9-99.9-99.9-99.9-9.9 9910.9 77  8.2   4  3.2-9.9-9.9
5017219720813 25.5  9.5  0.009900-99.9-99.9-99.9-99.9-9.9 9911.3 61  8.8   4  3.2-9.9-9.9
5017219720814 26.5  9.5  0.009900-99.9-99.9-99.9-99.9-9.9 9910.5 55  7.7  18 14.4-9.9-9.9
5017219720815 16.0  8.0  0.009900-99.9-99.9-99.9-99.9-9.9 99 7.5 57  2.9  22 17.6-9.9-9.9
5017219720816 18.0 -1.0  0.009900-99.9-99.9-99.9-99.9-9.9 99 6.5 58  0.9  11  8.8-9.9-9.9
5017219720817 14.0  2.5  0.719900-99.9-99.9-99.9-99.9-9.9 99 7.3 66  2.5  20 16.0-9.9-9.9
5017219720818 10.2  0.8 19.719900-99.9-99.9-99.9-99.9-9.9 99 7.1 97  2.1  19 15.2-9.9-9.9
5017219720819  4.7 -0.3  0.519901-99.9-99.9-99.9-99.9-9.9 99 6.8 94  1.5   4  3.2-9.9-9.9
5017219720820 13.0 -0.3  0.009900-99.9-99.9-99.9-99.9-9.9 99 6.7 72  1.3   9  7.2-9.9-9.9
5017219720821 18.0  0.9  0.009900-99.9-99.9-99.9-99.9-9.9 99 7.4 67  2.7   3  2.4-9.9-9.9
5017219720822 19.8  0.5  0.009900-99.9-99.9-99.9-99.9-9.9 99 7.6 62  3.0   3  2.4-9.9-9.9
5017219720823 22.0  3.0  0.009900-99.9-99.9-99.9-99.9-9.9 99 8.8 61  5.1  12  9.6-9.9-9.9
5017219720824 14.2  5.5  6.819900-99.9-99.9-99.9-99.9-9.9 99 7.2 62  2.3  44 35.2-9.9-9.9
5017219720825  7.0  0.0 11.719901-99.9-99.9-99.9-99.9-9.9 99 6.3100  0.4   9  7.2-9.9-9.9
5017219720826  5.5 -0.4  0.119900-99.9-99.9-99.9-99.9-9.9 99 6.8 94  1.5   1  0.8-9.9-9.9
5017219720827 16.0 -1.5  0.009900-99.9-99.9-99.9-99.9-9.9 99 6.6 67  1.1   1  0.8-9.9-9.9
5017219720828  9.3  1.2  2.119900-99.9-99.9-99.9-99.9-9.9 99 6.7 79  1.3  23 18.4-9.9-9.9
5017219720829 13.0  1.6  0.009900-99.9-99.9-99.9-99.9-9.9 99 5.2 57 -2.2  11  8.8-9.9-9.9
5017219720830 16.5 -0.7  0.009900-99.9-99.9-99.9-99.9-9.9 99 5.0 48 -2.7  20 16.0-9.9-9.9
5017219720831 19.0 -2.2  0.009900-99.9-99.9-99.9-99.9-9.9 99 4.8 48 -3.3   3  2.4-9.9-9.9
5017219720901 12.4  0.0  0.009900-99.9-99.9-99.9-99.9-9.9 99 4.9 54 -3.0  13 10.4-9.9-9.9
5017219720902 19.0 -2.4  0.009900-99.9-99.9-99.9-99.9-9.9 99 6.5 60  0.9  11  8.8-9.9-9.9
5017219720903 22.5  2.6  0.009900-99.9-99.9-99.9-99.9-9.9 99 7.7 53  3.2   6  4.8-9.9-9.9
5017219720904 16.2  3.8  0.009900-99.9-99.9-99.9-99.9-9.9 99 7.0 56  1.9  14 11.2-9.9-9.9
5017219720905 17.5  5.1  0.009900-99.9-99.9-99.9-99.9-9.9 99 6.4 49  0.6   2  1.6-9.9-9.9
5017219720906 20.7 -1.6  0.009900-99.9-99.9-99.9-99.9-9.9 99 7.5 61  2.9   4  3.2-9.9-9.9
5017219720907 22.0  5.2  0.009900-99.9-99.9-99.9-99.9-9.9 99 9.8 65  6.7   5  4.0-9.9-9.9
5017219720908 19.0  5.0  0.009900-99.9-99.9-99.9-99.9-9.9 9910.1 69  7.1   4  3.2-9.9-9.9
5017219720909 24.0  7.6  0.009900-99.9-99.9-99.9-99.9-9.9 9910.8 66  8.1   5  4.0-9.9-9.9
5017219720910 25.4  7.1  0.009900-99.9-99.9-99.9-99.9-9.9 9912.0 56  9.7  13 10.4-9.9-9.9
5017219720911 19.5 12.0  0.009900-99.9-99.9-99.9-99.9-9.9 99 9.8 64  6.7   3  2.4-9.9-9.9
5017219720912 18.5  6.5  0.009900-99.9-99.9-99.9-99.9-9.9 99 9.7 65  6.5   5  4.0-9.9-9.9
5017219720913 25.5  5.5  0.009900-99.9-99.9-99.9-99.9-9.9 9913.5 68 11.4   3  2.4-9.9-9.9
5017219720914 21.7  8.5 23.419910-99.9-99.9-99.9-99.9-9.9 9913.5 87 11.4  30 24.0-9.9-9.9
5017219720915 11.5  8.0 20.519900-99.9-99.9-99.9-99.9-9.9 9910.8 92  8.1  37 29.6-9.9-9.9
5017219720916 16.0  5.8  9.019900-99.9-99.9-99.9-99.9-9.9 99 9.6 79  6.4   0  0.0-9.9-9.9
5017219720917 20.0  6.8  0.319900-99.9-99.9-99.9-99.9-9.9 9910.5 68  7.7   8  6.4-9.9-9.9
5017219720918 20.5  5.6  0.009900-99.9-99.9-99.9-99.9-9.9 99 9.9 70  6.8   5  4.0-9.9-9.9
5017219720919 19.0  3.1  0.009900-99.9-99.9-99.9-99.9-9.9 99 7.7 57  3.2  12  9.6-9.9-9.9
5017219720920 17.5  2.5  0.009900-99.9-99.9-99.9-99.9-9.9 99 7.1 57  2.1   0  0.0-9.9-9.9
5017219720921 24.5  2.0  0.009900-99.9-99.9-99.9-99.9-9.9 99 7.2 46  2.3   8  6.4-9.9-9.9
5017219720922 27.0  6.5  0.009900-99.9-99.9-99.9-99.9-9.9 99 8.7 44  5.0  14 11.2-9.9-9.9
5017219720923 27.5 10.0  0.009900-99.9-99.9-99.9-99.9-9.9 9910.3 51  7.4   5  4.0-9.9-9.9
5017219720924 24.7 11.5  0.009900-99.9-99.9-99.9-99.9-9.9 9910.8 52  8.1  19 15.2-9.9-9.9
5017219720925 20.5  4.4  0.009900-99.9-99.9-99.9-99.9-9.9 99 8.3 57  4.3   0  0.0-9.9-9.9
5017219720926 23.2  1.4  0.009900-99.9-99.9-99.9-99.9-9.9 99 7.4 51  2.7  11  8.8-9.9-9.9
5017219720927 25.5  5.7  0.009900-99.9-99.9-99.9-99.9-9.9 99 8.8 44  5.1   6  4.8-9.9-9.9
5017219720928 26.8  3.1  0.009900-99.9-99.9-99.9-99.9-9.9 99 8.2 45  4.1   0  0.0-9.9-9.9
5017219720929 19.5  7.5  0.009900-99.9-99.9-99.9-99.9-9.9 99 7.6 49  3.0   8  6.4-9.9-9.9
5017219720930 27.2  6.7  0.009900-99.9-99.9-99.9-99.9-9.9 99 7.2 39  2.3  23 18.4-9.9-9.9
5017219721001 19.5  2.5  0.009900-99.9-99.9-99.9-99.9-9.9 99 4.8 35 -3.3   5  4.0-9.9-9.9
5017219721002 17.0  2.1  0.009900-99.9-99.9-99.9-99.9-9.9 99 4.2 36 -5.0  26 20.8-9.9-9.9
5017219721003 20.5  0.3  0.009900-99.9-99.9-99.9-99.9-9.9 99 4.9 34 -3.0  13 10.4-9.9-9.9
5017219721004 13.1  0.6  0.009900-99.9-99.9-99.9-99.9-9.9 99 5.6 53 -1.2  11  8.8-9.9-9.9
5017219721005 18.0 -2.4  0.009900-99.9-99.9-99.9-99.9-9.9 99 5.6 41 -1.2   8  6.4-9.9-9.9
5017219721006 21.3  2.5  0.009900-99.9-99.9-99.9-99.9-9.9 99 6.3 43  0.4   3  2.4-9.9-9.9
5017219721007 15.0  5.0  4.319900-99.9-99.9-99.9-99.9-9.9 99 8.0 80  3.8  11  8.8-9.9-9.9
5017219721008 17.0  6.0  0.009900-99.9-99.9-99.9-99.9-9.9 99 9.4 73  6.1  11  8.8-9.9-9.9
5017219721009 21.2  3.0  0.009900-99.9-99.9-99.9-99.9-9.9 99 8.2 56  4.1   3  2.4-9.9-9.9
5017219721010 21.5  5.5  0.519900-99.9-99.9-99.9-99.9-9.9 99 9.7 66  6.5   5  4.0-9.9-9.9
5017219721011 20.5  2.0  0.009900-99.9-99.9-99.9-99.9-9.9 99 8.6 60  4.8  10  8.0-9.9-9.9
5017219721012 25.5  7.5  0.009900-99.9-99.9-99.9-99.9-9.9 99 9.6 51  6.4  14 11.2-9.9-9.9
5017219721013 18.5  8.5  0.009900-99.9-99.9-99.9-99.9-9.9 99 6.4 43  0.6  26 20.8-9.9-9.9
5017219721014 23.2  4.0  0.009900-99.9-99.9-99.9-99.9-9.9 99 9.9 58  6.8  16 12.8-9.9-9.9
5017219721015 30.0  8.0  0.009900-99.9-99.9-99.9-99.9-9.9 9912.5 56 10.3   5  4.0-9.9-9.9
5017219721016 33.0 11.8  0.009900-99.9-99.9-99.9-99.9-9.9 9913.5 47 11.4  15 12.0-9.9-9.9
5017219721017 31.5 15.6  0.919900-99.9-99.9-99.9-99.9-9.9 9913.3 41 11.2  18 14.4-9.9-9.9
5017219721018 26.5 14.5  0.009900-99.9-99.9-99.9-99.9-9.9 9913.4 59 11.3  25 20.0-9.9-9.9
5017219721019 31.0  9.0  0.009900-99.9-99.9-99.9-99.9-9.9 9910.1 47  7.1  22 17.6-9.9-9.9
5017219721020 29.0 10.0  0.009900-99.9-99.9-99.9-99.9-9.9 9911.3 45  8.8   4  3.2-9.9-9.9
5017219721021 24.0 10.5  0.009900-99.9-99.9-99.9-99.9-9.9 99 8.4 42  4.5  14 11.2-9.9-9.9
5017219721022 28.5  6.7  0.009900-99.9-99.9-99.9-99.9-9.9 9913.0 51 10.9   8  6.4-9.9-9.9
5017219721023 29.7 11.0  0.009900-99.9-99.9-99.9-99.9-9.9 9915.6 72 13.6  10  8.0-9.9-9.9
5017219721024 32.5 10.1  0.009900-99.9-99.9-99.9-99.9-9.9 9916.4 60 14.4   8  6.4-9.9-9.9
5017219721025 28.5 13.3  0.009900-99.9-99.9-99.9-99.9-9.9 9915.4 63 13.4  21 16.8-9.9-9.9
5017219721026 21.8  8.5  0.009900-99.9-99.9-99.9-99.9-9.9 99 7.6 54  3.0  17 13.6-9.9-9.9
5017219721027 18.8  6.5  0.009900-99.9-99.9-99.9-99.9-9.9 99 7.5 49  2.9   6  4.8-9.9-9.9
5017219721028 24.5  5.4  0.009900-99.9-99.9-99.9-99.9-9.9 9910.3 53  7.4  11  8.8-9.9-9.9
5017219721029 28.5 12.5  0.009900-99.9-99.9-99.9-99.9-9.9 9912.5 50 10.3  16 12.8-9.9-9.9
5017219721030 30.5 11.0  0.009900-99.9-99.9-99.9-99.9-9.9 9912.7 45 10.5  20 16.0-9.9-9.9
5017219721031 24.0  5.6  0.009900-99.9-99.9-99.9-99.9-9.9 99 8.8 48  5.1  11  8.8-9.9-9.9
5017219721101 21.5  3.0  0.009900-99.9-99.9-99.9-99.9-9.9 99 9.1 55  5.6  15 12.0-9.9-9.9
5017219721102 29.0  4.0  0.009900-99.9-99.9-99.9-99.9-9.9 99 9.6 43  6.4   8  6.4-9.9-9.9
5017219721103 32.5  9.1  0.009900-99.9-99.9-99.9-99.9-9.9 99 7.5 25  2.9  11  8.8-9.9-9.9
5017219721104 29.5 12.0  0.009900-99.9-99.9-99.9-99.9-9.9 99 8.8 32  5.1  26 20.8-9.9-9.9
5017219721105 34.2 11.0  0.009900-99.9-99.9-99.9-99.9-9.9 9913.8 46 11.8   3  2.4-9.9-9.9
5017219721106 32.5 13.6  0.119900-99.9-99.9-99.9-99.9-9.9 9914.4 56 12.4  11  8.8-9.9-9.9
5017219721107 28.0 14.0  3.819900-99.9-99.9-99.9-99.9-9.9 9916.2 67 14.2  10  8.0-9.9-9.9
5017219721108 21.0 11.0 23.219900-99.9-99.9-99.9-99.9-9.9 9913.3 93 11.2  41 32.8-9.9-9.9
5017219721109 19.5 10.0  0.009900-99.9-99.9-99.9-99.9-9.9 9913.2 75 11.1  22 17.6-9.9-9.9
5017219721110 27.0  6.4  0.009900-99.9-99.9-99.9-99.9-9.9 9911.3 49  8.8   1  0.8-9.9-9.9
5017219721111 30.5  8.5  0.319900-99.9-99.9-99.9-99.9-9.9 9911.6 45  9.2   6  4.8-9.9-9.9
5017219721112 25.5 10.1  1.019900-99.9-99.9-99.9-99.9-9.9 9911.0 51  8.4  16 12.8-9.9-9.9
5017219721113 27.0 12.5  7.119900-99.9-99.9-99.9-99.9-9.9 9913.1 60 11.0   8  6.4-9.9-9.9
5017219721114 20.0 11.0 14.619900-99.9-99.9-99.9-99.9-9.9 9913.0 81 10.9  14 11.2-9.9-9.9
5017219721115 13.8  8.5 17.419900-99.9-99.9-99.9-99.9-9.9 9911.2 88  8.6  41 32.8-9.9-9.9
5017219721116  9.5  6.4 28.019900-99.9-99.9-99.9-99.9-9.9 99 9.5 95  6.2  16 12.8-9.9-9.9
5017219721117 22.4  3.5  0.009900-99.9-99.9-99.9-99.9-9.9 9911.0 63  8.4  11  8.8-9.9-9.9
5017219721118 25.0 10.2  0.009900-99.9-99.9-99.9-99.9-9.9 9911.6 59  9.2   5  4.0-9.9-9.9
5017219721119 24.2 11.8  0.009900-99.9-99.9-99.9-99.9-9.9 9911.1 50  8.5  19 15.2-9.9-9.9
5017219721120 28.5  9.0  0.009900-99.9-99.9-99.9-99.9-9.9 9912.5 50 10.3   0  0.0-9.9-9.9
5017219721121 26.5 14.0  0.009900-99.9-99.9-99.9-99.9-9.9 9915.1 67 13.1   3  2.4-9.9-9.9
5017219721122 30.3 13.1  0.009900-99.9-99.9-99.9-99.9-9.9 9915.1 54 13.1  15 12.0-9.9-9.9
5017219721123 31.5 14.5 24.119900-99.9-99.9-99.9-99.9-9.9 9916.7 64 14.7  20 16.0-9.9-9.9
5017219721124 25.0 14.5  0.219900-99.9-99.9-99.9-99.9-9.9 9916.5 77 14.5   0  0.0-9.9-9.9
5017219721125 30.5 10.6  0.009900-99.9-99.9-99.9-99.9-9.9 9916.3 59 14.3   0  0.0-9.9-9.9
5017219721126 30.8 14.0  0.519900-99.9-99.9-99.9-99.9-9.9 9918.4 58 16.2   3  2.4-9.9-9.9
5017219721127 26.5 15.0  0.009900-99.9-99.9-99.9-99.9-9.9 9914.3 58 12.3  19 15.2-9.9-9.9
5017219721128 27.5 15.0  0.009900-99.9-99.9-99.9-99.9-9.9 99 7.7 29  3.2  29 23.2-9.9-9.9
5017219721129 26.0  9.0  0.319900-99.9-99.9-99.9-99.9-9.9 9911.0 46  8.4  19 15.2-9.9-9.9
5017219721130 25.0 11.7  0.009900-99.9-99.9-99.9-99.9-9.9 9914.3 70 12.3  33 26.4-9.9-9.9
5017219721201 23.5 12.6  0.009900-99.9-99.9-99.9-99.9-9.9 9914.3 72 12.3  11  8.8-9.9-9.9
5017219721202 27.0 12.5 12.119900-99.9-99.9-99.9-99.9-9.9 9915.4 63 13.4   6  4.8-9.9-9.9
5017219721203 26.5 13.0  0.519900-99.9-99.9-99.9-99.9-9.9 9916.8 69 14.8   3  2.4-9.9-9.9
5017219721204 30.0 12.6  5.519900-99.9-99.9-99.9-99.9-9.9 9914.0 61 12.0  16 12.8-9.9-9.9
5017219721205 28.5 12.6  0.009900-99.9-99.9-99.9-99.9-9.9 9916.0 60 14.0  16 12.8-9.9-9.9
5017219721206 31.5 15.5  0.009900-99.9-99.9-99.9-99.9-9.9 9920.0 65 17.5  14 11.2-9.9-9.9
5017219721207 29.7 14.0  0.009900-99.9-99.9-99.9-99.9-9.9 9918.4 67 16.2   0  0.0-9.9-9.9
5017219721208 28.0 13.0  1.319900-99.9-99.9-99.9-99.9-9.9 9917.7 70 15.6   0  0.0-9.9-9.9
5017219721209 28.5 11.0  0.009900-99.9-99.9-99.9-99.9-9.9 9914.7 65 12.7  16 12.8-9.9-9.9
5017219721210 31.0 10.0  0.009900-99.9-99.9-99.9-99.9-9.9 9916.7 53 14.7   3  2.4-9.9-9.9
5017219721211 33.5 16.1  8.119900-99.9-99.9-99.9-99.9-9.9 9918.9 57 16.6   5  4.0-9.9-9.9
5017219721212 33.0 16.0  0.009900-99.9-99.9-99.9-99.9-9.9 9920.9 62 18.2  10  8.0-9.9-9.9
5017219721213 31.7 16.5  0.009900-99.9-99.9-99.9-99.9-9.9 9919.2 61 16.9   8  6.4-9.9-9.9
5017219721214 34.0 18.0  0.919900-99.9-99.9-99.9-99.9-9.9 9920.0 61 17.5   6  4.8-9.9-9.9
5017219721215 23.5 15.5  0.009900-99.9-99.9-99.9-99.9-9.9 9917.6 76 15.5  25 20.0-9.9-9.9
5017219721216 30.5 15.0  0.009900-99.9-99.9-99.9-99.9-9.9 9918.7 65 16.4   8  6.4-9.9-9.9
5017219721217 35.0 16.1  0.519900-99.9-99.9-99.9-99.9-9.9 9922.1 61 19.1   8  6.4-9.9-9.9
5017219721218 27.5 18.5  0.519900-99.9-99.9-99.9-99.9-9.9 9922.3 83 19.2   8  6.4-9.9-9.9
5017219721219 33.5 17.5  0.009900-99.9-99.9-99.9-99.9-9.9 9921.1 62 18.4   3  2.4-9.9-9.9
5017219721220 34.0 19.1  0.319900-99.9-99.9-99.9-99.9-9.9 9921.8 64 18.9   3  2.4-9.9-9.9
5017219721221 33.5 20.5  0.519900-99.9-99.9-99.9-99.9-9.9 9921.6 57 18.7   8  6.4-9.9-9.9
5017219721222 27.5 17.5  0.219900-99.9-99.9-99.9-99.9-9.9 9919.2 77 16.9  16 12.8-9.9-9.9
5017219721223 28.5 13.6  7.219900-99.9-99.9-99.9-99.9-9.9 9914.6 53 12.6  19 15.2-9.9-9.9
5017219721224 28.5 13.1  0.009900-99.9-99.9-99.9-99.9-9.9 9915.0 55 13.0   3  2.4-9.9-9.9
5017219721225 31.5 12.7  0.009900-99.9-99.9-99.9-99.9-9.9 9915.7 52 13.7   3  2.4-9.9-9.9
5017219721226 34.4 16.0  1.019900-99.9-99.9-99.9-99.9-9.9 9915.6 45 13.6   3  2.4-9.9-9.9
5017219721227 30.0 16.5  0.009900-99.9-99.9-99.9-99.9-9.9 9916.5 61 14.5   6  4.8-9.9-9.9
5017219721228 27.0 15.5  3.319900-99.9-99.9-99.9-99.9-9.9 9912.9 53 10.7  25 20.0-9.9-9.9
5017219721229 30.5 12.0  0.009900-99.9-99.9-99.9-99.9-9.9 9914.0 53 12.0   6  4.8-9.9-9.9
5017219721230 32.0 13.0  0.119900-99.9-99.9-99.9-99.9-9.9 9915.1 48 13.1   1  0.8-9.9-9.9
5017219721231 32.5 12.8  0.009900-99.9-99.9-99.9-99.9-9.9 9914.8 46 12.8   8  6.4-9.9-9.9
5017219730101 34.8 15.5  0.009900-99.9-99.9-99.9-99.9-9.9 9916.7 47 14.7   8  6.4-9.9-9.9
5017219730102 31.0 17.0  0.009900-99.9-99.9-99.9-99.9-9.9 9914.0 45 12.0  19 15.2-9.9-9.9
5017219730103 37.2 14.5  0.009900-99.9-99.9-99.9-99.9-9.9 9921.0 53 18.3   5  4.0-9.9-9.9
5017219730104 36.0 18.5  0.009900-99.9-99.9-99.9-99.9-9.9 9921.2 55 18.4   5  4.0-9.9-9.9
5017219730105 29.6 15.0  0.009900-99.9-99.9-99.9-99.9-9.9 9915.3 54 13.3   5  4.0-9.9-9.9
5017219730106 37.0 10.5  0.009900-99.9-99.9-99.9-99.9-9.9 9921.0 57 18.3  11  8.8-9.9-9.9
5017219730107 31.8 13.7  0.009900-99.9-99.9-99.9-99.9-9.9 9916.0 58 14.0   8  6.4-9.9-9.9
5017219730108 32.5  7.0  0.009900-99.9-99.9-99.9-99.9-9.9 9918.7 65 16.4   3  2.4-9.9-9.9
5017219730109 36.5 12.1  0.009900-99.9-99.9-99.9-99.9-9.9 9912.5 45 10.3   0  0.0-9.9-9.9
5017219730110 34.5 18.0  0.009900-99.9-99.9-99.9-99.9-9.9 9914.9 43 12.9   3  2.4-9.9-9.9
5017219730111 38.0 16.0  2.419900-99.9-99.9-99.9-99.9-9.9 9919.0 47 16.7   3  2.4-9.9-9.9
5017219730112 31.5 18.5  0.009900-99.9-99.9-99.9-99.9-9.9 9912.3 43 10.0  19 15.2-9.9-9.9
5017219730113 28.0 11.6  0.009900-99.9-99.9-99.9-99.9-9.9 9913.9 58 11.9  20 16.0-9.9-9.9
5017219730114 27.5 12.0  0.009900-99.9-99.9-99.9-99.9-9.9 9912.1 50  9.8   3  2.4-9.9-9.9
5017219730115 33.2 13.4  0.009900-99.9-99.9-99.9-99.9-9.9 9913.3 43 11.2   8  6.4-9.9-9.9
5017219730116 36.0 18.3  0.009900-99.9-99.9-99.9-99.9-9.9 9918.2 48 16.0   0  0.0-9.9-9.9
5017219730117 33.0 18.6  3.919900-99.9-99.9-99.9-99.9-9.9 9917.2 51 15.1  18 14.4-9.9-9.9
5017219730118 31.5 16.5  0.009900-99.9-99.9-99.9-99.9-9.9 9916.6 54 14.6  13 10.4-9.9-9.9
5017219730119 32.5 12.4  0.009900-99.9-99.9-99.9-99.9-9.9 9911.5 38  9.0  10  8.0-9.9-9.9
5017219730120 36.0 19.0  0.009900-99.9-99.9-99.9-99.9-9.9 9918.7 69 16.4   8  6.4-9.9-9.9
5017219730121 37.0 19.0  0.009900-99.9-99.9-99.9-99.9-9.9 9918.5 50 16.3   8  6.4-9.9-9.9
5017219730122 33.4 16.3  0.009900-99.9-99.9-99.9-99.9-9.9 9913.4 41 11.3   1  0.8-9.9-9.9
5017219730123 28.0 11.0  0.009900-99.9-99.9-99.9-99.9-9.9 9910.1 45  7.1   4  3.2-9.9-9.9
5017219730124 27.5  7.5  0.009900-99.9-99.9-99.9-99.9-9.9 9910.8 48  8.1   8  6.4-9.9-9.9
5017219730125 34.0  8.5  0.009900-99.9-99.9-99.9-99.9-9.9 9913.9 46 11.9  11  8.8-9.9-9.9
5017219730126 34.5 13.0  0.009900-99.9-99.9-99.9-99.9-9.9 9917.5 54 15.4   3  2.4-9.9-9.9
5017219730127 34.5 17.5  0.009900-99.9-99.9-99.9-99.9-9.9 9917.4 48 15.3  13 10.4-9.9-9.9
5017219730128 34.0 19.5  3.419900-99.9-99.9-99.9-99.9-9.9 9924.5 64 20.8  16 12.8-9.9-9.9
5017219730129 32.0 17.6  0.009900-99.9-99.9-99.9-99.9-9.9 9925.5 83 21.4   0  0.0-9.9-9.9
5017219730130 39.2 21.1  0.219900-99.9-99.9-99.9-99.9-9.9 9928.6 63 23.3  11  8.8-9.9-9.9
5017219730131 33.4 17.4  0.009900-99.9-99.9-99.9-99.9-9.9 9917.6 64 15.5  13 10.4-9.9-9.9
5017219730201 35.0 16.5  0.009900-99.9-99.9-99.9-99.9-9.9 9923.9 67 20.4   0  0.0-9.9-9.9
5017219730202 31.0 20.5  0.009900-99.9-99.9-99.9-99.9-9.9 9922.5 68 19.4  22 17.6-9.9-9.9
5017219730203 31.7 14.5  0.009900-99.9-99.9-99.9-99.9-9.9 9921.0 66 18.3   0  0.0-9.9-9.9
5017219730204 34.5 14.0  0.009900-99.9-99.9-99.9-99.9-9.9 9921.5 64 18.7   8  6.4-9.9-9.9
5017219730205 36.2 18.5  0.009900-99.9-99.9-99.9-99.9-9.9 9915.4 42 13.4  10  8.0-9.9-9.9
5017219730206 37.8 16.5  0.009900-99.9-99.9-99.9-99.9-9.9 9917.7 45 15.6   8  6.4-9.9-9.9
5017219730207 34.0 16.5  0.009900-99.9-99.9-99.9-99.9-9.9 9912.5 41 10.3   6  4.8-9.9-9.9
5017219730208 36.0 13.0  0.009900-99.9-99.9-99.9-99.9-9.9 9912.1 37  9.8  20 16.0-9.9-9.9
5017219730209 24.7 12.0  0.009900-99.9-99.9-99.9-99.9-9.9 9911.5 56  9.0  16 12.8-9.9-9.9
5017219730210 31.2  9.0  0.009900-99.9-99.9-99.9-99.9-9.9 9912.9 50 10.7   0  0.0-9.9-9.9
5017219730211 35.7 15.1  0.009900-99.9-99.9-99.9-99.9-9.9 9918.6 54 16.4   0  0.0-9.9-9.9
5017219730212 37.5 15.0  0.009900-99.9-99.9-99.9-99.9-9.9 9918.7 49 16.4   8  6.4-9.9-9.9
5017219730213 27.2 13.0  0.009900-99.9-99.9-99.9-99.9-9.9 9915.2 60 13.2   8  6.4-9.9-9.9
5017219730214 32.5 10.5  0.009900-99.9-99.9-99.9-99.9-9.9 9919.3 64 16.9  13 10.4-9.9-9.9
5017219730215 35.5 13.0  0.009900-99.9-99.9-99.9-99.9-9.9 9920.6 64 18.0   8  6.4-9.9-9.9
5017219730216 35.0 16.0  0.009900-99.9-99.9-99.9-99.9-9.9 9921.6 65 18.7   5  4.0-9.9-9.9
5017219730217 34.0 14.6  0.009900-99.9-99.9-99.9-99.9-9.9 9921.9 67 19.0   3  2.4-9.9-9.9
5017219730218 35.0 13.0  0.009900-99.9-99.9-99.9-99.9-9.9 9925.8 72 21.6   5  4.0-9.9-9.9
5017219730219 36.5 16.0  8.919900-99.9-99.9-99.9-99.9-9.9 9927.5 76 22.7   6  4.8-9.9-9.9
5017219730220 28.5 16.5  0.519910-99.9-99.9-99.9-99.9-9.9 9924.8 90 21.0  11  8.8-9.9-9.9
5017219730221 33.0 11.5  0.009900-99.9-99.9-99.9-99.9-9.9 9921.6 74 18.7   3  2.4-9.9-9.9
5017219730222 25.0 17.3  0.009910-99.9-99.9-99.9-99.9-9.9 9920.0 84 17.5  34 27.2-9.9-9.9
5017219730223 25.5 14.0  0.009900-99.9-99.9-99.9-99.9-9.9 9919.2 84 16.9  24 19.2-9.9-9.9
5017219730224 26.0  8.5  0.009900-99.9-99.9-99.9-99.9-9.9 9915.5 75 13.5  11  8.8-9.9-9.9
5017219730225 30.0  6.5  0.009900-99.9-99.9-99.9-99.9-9.9 9919.6 75 17.2   8  6.4-9.9-9.9
5017219730226 32.5 11.0  0.009900-99.9-99.9-99.9-99.9-9.9 9920.5 73 17.9  14 11.2-9.9-9.9
5017219730227 33.2 12.5  0.009900-99.9-99.9-99.9-99.9-9.9 9921.6 73 18.7   6  4.8-9.9-9.9
5017219730228 34.0 14.0  0.009900-99.9-99.9-99.9-99.9-9.9 9927.3 79 22.5   3  2.4-9.9-9.9
5017219730301 30.2 19.0  0.009900-99.9-99.9-99.9-99.9-9.9 9925.2 81 21.2   8  6.4-9.9-9.9
5017219730302 31.0 16.5  0.009900-99.9-99.9-99.9-99.9-9.9 9925.8 84 21.6   4  3.2-9.9-9.9
5017219730303 31.5 17.0  0.009900-99.9-99.9-99.9-99.9-9.9 9913.9 47 11.9  13 10.4-9.9-9.9
5017219730304 30.0 17.5  2.019900-99.9-99.9-99.9-99.9-9.9 9921.8 74 18.9   8  6.4-9.9-9.9
5017219730305 27.5 19.5  0.009900-99.9-99.9-99.9-99.9-9.9 9924.5 92 20.8   9  7.2-9.9-9.9
5017219730306 23.0 18.0 14.319900-99.9-99.9-99.9-99.9-9.9 9920.9 89 18.2  21 16.8-9.9-9.9
5017219730307 21.5 16.0 21.219900-99.9-99.9-99.9-99.9-9.9 9918.4 95 16.2   6  4.8-9.9-9.9
5017219730308 26.0 14.5  0.009900-99.9-99.9-99.9-99.9-9.9 9919.6 85 17.2   0  0.0-9.9-9.9
5017219730309 28.5 13.1  0.009900-99.9-99.9-99.9-99.9-9.9 9920.3 79 17.7   3  2.4-9.9-9.9
5017219730310 32.0 15.0  0.009900-99.9-99.9-99.9-99.9-9.9 9918.9 69 16.6   3  2.4-9.9-9.9
5017219730311 31.0 16.5  0.009900-99.9-99.9-99.9-99.9-9.9 9920.1 68 17.6   5  4.0-9.9-9.9
5017219730312 26.5 18.2  0.009900-99.9-99.9-99.9-99.9-9.9 9919.2 78 16.9   5  4.0-9.9-9.9
5017219730313 25.5 14.0  0.009900-99.9-99.9-99.9-99.9-9.9 9916.8 77 14.8   8  6.4-9.9-9.9
5017219730314 28.0 15.0  0.009900-99.9-99.9-99.9-99.9-9.9 9916.7 70 14.7   9  7.2-9.9-9.9
5017219730315 23.0 14.0 48.819900-99.9-99.9-99.9-99.9-9.9 9917.3 77 15.2   8  6.4-9.9-9.9
5017219730316 20.5 13.0 53.419900-99.9-99.9-99.9-99.9-9.9 9915.4 92 13.4  31 24.8-9.9-9.9
5017219730317 21.0 14.0  0.219900-99.9-99.9-99.9-99.9-9.9 9917.3 85 15.2  23 18.4-9.9-9.9
5017219730318 29.0 14.0  0.009900-99.9-99.9-99.9-99.9-9.9 9919.3 73 16.9   5  4.0-9.9-9.9
5017219730319 29.6 13.5  0.009900-99.9-99.9-99.9-99.9-9.9 9919.2 75 16.9   3  2.4-9.9-9.9
5017219730320 31.2 14.9  4.319900-99.9-99.9-99.9-99.9-9.9 9916.5 67 14.5   5  4.0-9.9-9.9
5017219730321 29.0 12.5  0.009900-99.9-99.9-99.9-99.9-9.9 9917.2 72 15.1   3  2.4-9.9-9.9
5017219730322 32.5 13.0  0.009900-99.9-99.9-99.9-99.9-9.9 9915.9 57 13.9  11  8.8-9.9-9.9
5017219730323 33.0 15.5  0.009900-99.9-99.9-99.9-99.9-9.9 9920.6 65 18.0   6  4.8-9.9-9.9
5017219730324 31.5 17.5 17.919900-99.9-99.9-99.9-99.9-9.9 9922.4 79 19.3  14 11.2-9.9-9.9
5017219730325 23.0 12.1  0.009900-99.9-99.9-99.9-99.9-9.9 9912.2 63  9.9  26 20.8-9.9-9.9
5017219730326 22.5  8.0  0.009900-99.9-99.9-99.9-99.9-9.9 9912.4 71 10.1   0  0.0-9.9-9.9
5017219730327 28.7 11.0  0.009900-99.9-99.9-99.9-99.9-9.9 9915.0 64 13.0  16 12.8-9.9-9.9
5017219730328 30.0 14.4  0.009900-99.9-99.9-99.9-99.9-9.9 9917.6 66 15.5  19 15.2-9.9-9.9
5017219730329 29.5 15.1  0.009900-99.9-99.9-99.9-99.9-9.9 9920.1 75 17.6   9  7.2-9.9-9.9
5017219730330 25.0 14.5  0.009900-99.9-99.9-99.9-99.9-9.9 9913.9 64 11.9  17 13.6-9.9-9.9
5017219730331 16.6 12.1  6.119900-99.9-99.9-99.9-99.9-9.9 99 9.1 59  5.6   8  6.4-9.9-9.9
5017219730401 16.0  9.3  0.009900-99.9-99.9-99.9-99.9-9.9 9912.6 83 10.4   1  0.8-9.9-9.9
5017219730402 20.2 12.5  0.009900-99.9-99.9-99.9-99.9-9.9 9914.7 81 12.7   8  6.4-9.9-9.9
5017219730403 22.0  9.5  0.009900-99.9-99.9-99.9-99.9-9.9 9912.8 76 10.6   5  4.0-9.9-9.9
5017219730404 19.6  6.6  2.719900-99.9-99.9-99.9-99.9-9.9 9910.1 67  7.1   6  4.8-9.9-9.9
5017219730405 19.5 11.0  0.009900-99.9-99.9-99.9-99.9-9.9 9913.3 81 11.2   3  2.4-9.9-9.9
5017219730406 22.5  9.0  0.009900-99.9-99.9-99.9-99.9-9.9 9913.0 74 10.9   3  2.4-9.9-9.9
5017219730407 19.5  1.4  0.009900-99.9-99.9-99.9-99.9-9.9 99 7.8 62  3.4   4  3.2-9.9-9.9
5017219730408 26.8  6.0  0.009900-99.9-99.9-99.9-99.9-9.9 9912.7 65 10.5   8  6.4-9.9-9.9
5017219730409 27.5  7.5  0.009900-99.9-99.9-99.9-99.9-9.9 9913.4 66 11.3   1  0.8-9.9-9.9
5017219730410 29.5 15.0  0.009900-99.9-99.9-99.9-99.9-9.9 9915.3 67 13.3  22 17.6-9.9-9.9
5017219730411 17.0 11.0  0.009900-99.9-99.9-99.9-99.9-9.9 99 5.9 40 -0.5  30 24.0-9.9-9.9
5017219730412 18.0  7.0  0.009900-99.9-99.9-99.9-99.9-9.9 99 7.9 53  3.6   0  0.0-9.9-9.9
5017219730413 22.0  5.2  0.009900-99.9-99.9-99.9-99.9-9.9 9910.9 71  8.2   0  0.0-9.9-9.9
5017219730414 21.5  6.8  0.009900-99.9-99.9-99.9-99.9-9.9 99 9.8 63  6.7   9  7.2-9.9-9.9
5017219730415 18.4 10.0  0.009900-99.9-99.9-99.9-99.9-9.9 9910.4 67  7.5   5  4.0-9.9-9.9
5017219730416 22.5  7.5  0.009900-99.9-99.9-99.9-99.9-9.9 9911.7 70  9.3  17 13.6-9.9-9.9
5017219730417 22.1  5.4  0.009900-99.9-99.9-99.9-99.9-9.9 9911.0 74  8.4   1  0.8-9.9-9.9
5017219730418 26.0  6.0  0.009900-99.9-99.9-99.9-99.9-9.9 9911.7 67  9.3   5  4.0-9.9-9.9
5017219730419 26.0 11.1  0.009900-99.9-99.9-99.9-99.9-9.9 9914.9 72 12.9  14 11.2-9.9-9.9
5017219730420 18.5 11.0  0.009900-99.9-99.9-99.9-99.9-9.9 9911.5 68  9.0  22 17.6-9.9-9.9
5017219730421 22.0 12.5  0.009900-99.9-99.9-99.9-99.9-9.9 9915.3 82 13.3   5  4.0-9.9-9.9
5017219730422 21.6 12.0  8.019900-99.9-99.9-99.9-99.9-9.9 9916.9 85 14.9   5  4.0-9.9-9.9
5017219730423 17.6 15.0 13.319900-99.9-99.9-99.9-99.9-9.9 9918.1 98 15.9  13 10.4-9.9-9.9
5017219730424 16.3 11.6  0.219900-99.9-99.9-99.9-99.9-9.9 9914.2 95 12.2  34 27.2-9.9-9.9
5017219730425 19.5  5.0  0.009900-99.9-99.9-99.9-99.9-9.9 9911.5 84  9.0   0  0.0-9.9-9.9
5017219730426 21.7  5.0  0.009900-99.9-99.9-99.9-99.9-9.9 9911.7 81  9.3   3  2.4-9.9-9.9
5017219730427 21.5  6.0  0.009900-99.9-99.9-99.9-99.9-9.9 9911.1 75  8.5   9  7.2-9.9-9.9
5017219730428 18.0  4.0  0.009900-99.9-99.9-99.9-99.9-9.9 99 9.6 77  6.4   1  0.8-9.9-9.9
5017219730429 20.2  4.5  0.009900-99.9-99.9-99.9-99.9-9.9 9910.9 74  8.2   0  0.0-9.9-9.9
5017219730430 16.5  9.5  0.009900-99.9-99.9-99.9-99.9-9.9 9911.2 81  8.6   1  0.8-9.9-9.9
5017219730501 20.7  4.9  0.009900-99.9-99.9-99.9-99.9-9.9 99 9.3 66  5.9   5  4.0-9.9-9.9
5017219730502 12.5 -1.4  0.009900-99.9-99.9-99.9-99.9-9.9 99 5.5 67 -1.4   3  2.4-9.9-9.9
5017219730503 15.8  1.0  0.009900-99.9-99.9-99.9-99.9-9.9 99 6.3 59  0.4   5  4.0-9.9-9.9
5017219730504 20.2  1.0  0.009900-99.9-99.9-99.9-99.9-9.9 99 7.9 65  3.6   8  6.4-9.9-9.9
5017219730505 17.0  3.5  0.009900-99.9-99.9-99.9-99.9-9.9 99 7.7 74  3.2  14 11.2-9.9-9.9
5017219730506 16.8  0.5  0.009900-99.9-99.9-99.9-99.9-9.9 99 7.2 69  2.3   1  0.8-9.9-9.9
5017219730507 14.2  3.0  0.009900-99.9-99.9-99.9-99.9-9.9 9910.1 82  7.1   0  0.0-9.9-9.9
5017219730508 18.0  4.0  0.009900-99.9-99.9-99.9-99.9-9.9 99 8.9 74  5.3   5  4.0-9.9-9.9
5017219730509 17.0  1.4  0.009900-99.9-99.9-99.9-99.9-9.9 99 6.9 66  1.7  11  8.8-9.9-9.9
5017219730510 12.5  0.5  0.009900-99.9-99.9-99.9-99.9-9.9 99 8.6 83  4.8   1  0.8-9.9-9.9
5017219730511 15.0  2.4  0.009900-99.9-99.9-99.9-99.9-9.9 99 7.6 78  3.0   0  0.0-9.9-9.9
5017219730512 13.2  0.0  0.009900-99.9-99.9-99.9-99.9-9.9 99 8.0 76  3.8   6  4.8-9.9-9.9
5017219730513 17.5  3.0  0.009900-99.9-99.9-99.9-99.9-9.9 99 8.4 67  4.5  17 13.6-9.9-9.9
5017219730514 18.5  4.5  0.009900-99.9-99.9-99.9-99.9-9.9 99 8.4 65  4.5  19 15.2-9.9-9.9
5017219730515 20.0  5.0  0.009900-99.9-99.9-99.9-99.9-9.9 99 9.0 72  5.4  11  8.8-9.9-9.9
5017219730516 16.0  1.5  0.009900-99.9-99.9-99.9-99.9-9.9 99 7.8 72  3.4   3  2.4-9.9-9.9
5017219730517 18.0  1.4  0.009900-99.9-99.9-99.9-99.9-9.9 99 7.8 72  3.4   0  0.0-9.9-9.9
5017219730518 20.5  5.0  0.009900-99.9-99.9-99.9-99.9-9.9 99 9.7 66  6.5   8  6.4-9.9-9.9
5017219730519 23.3  6.5  0.009900-99.9-99.9-99.9-99.9-9.9 9910.8 65  8.1  11  8.8-9.9-9.9
5017219730520 19.5  6.5  0.009900-99.9-99.9-99.9-99.9-9.9 99 9.4 70  6.1   3  2.4-9.9-9.9
5017219730521 19.5  3.0  0.009900-99.9-99.9-99.9-99.9-9.9 99 8.7 67  5.0   1  0.8-9.9-9.9
5017219730522 20.2  6.0  0.009900  3.0-99.9-99.9-99.9-9.9 99 9.9 68  6.8  16 12.8-9.9-9.9
5017219730523 21.6  8.5  0.009900  5.0-99.9-99.9-99.9-9.9 9911.6 76  9.2   4  3.2-9.9-9.9
5017219730524 22.0  5.5  0.009900  2.1-99.9-99.9-99.9-9.9 9911.0 78  8.4   3  2.4-9.9-9.9
5017219730525 23.0  9.6  0.009900  8.1-99.9-99.9-99.9-9.9 9912.6 69 10.4   9  7.2-9.9-9.9
5017219730526 21.5  6.0  0.009900  3.1-99.9-99.9-99.9-9.9 9912.9 80 10.7   5  4.0-9.9-9.9
5017219730527 20.2  8.1  0.009900  3.6-99.9-99.9-99.9-9.9 99 8.9 60  5.3  12  9.6-9.9-9.9
5017219730528 15.0  2.0  0.009900 -2.4-99.9-99.9-99.9-9.9 99 6.8 67  1.5   0  0.0-9.9-9.9
5017219730529 16.2 -1.6  0.009900 -4.5-99.9-99.9-99.9-9.9 99 6.4 79  0.6   3  2.4-9.9-9.9
5017219730530 21.5  1.0  0.009900 -2.5-99.9-99.9-99.9-9.9 99 8.8 66  5.1   3  2.4-9.9-9.9
5017219730531 24.5  4.2  0.009900 -0.3-99.9-99.9-99.9-9.9 9910.1 63  7.1  14 11.2-9.9-9.9
5017219730601 24.2  3.4  0.009900  1.0-99.9-99.9-99.9-9.9 9911.2 68  8.6   8  6.4-9.9-9.9
5017219730602 22.0  4.0  0.009900  1.1-99.9-99.9-99.9-9.9 9911.4 74  8.9   3  2.4-9.9-9.9
5017219730603 24.2  7.4  0.009900  1.8-99.9-99.9-99.9-9.9 9911.2 64  8.6  11  8.8-9.9-9.9
5017219730604 20.5  6.0 13.219900  1.6-99.9-99.9-99.9-9.9 9912.4 86 10.1   5  4.0-9.9-9.9
5017219730605 13.0  5.5 18.119900  7.8-99.9-99.9-99.9-9.9 99 9.4 95  6.1  22 17.6-9.9-9.9
5017219730606  7.0  4.5 17.419900  5.5-99.9-99.9-99.9-9.9 99 8.8 97  5.1   0  0.0-9.9-9.9
5017219730607  9.0  5.0  5.519900  6.6-99.9-99.9-99.9-9.9 99 9.8 96  6.7   3  2.4-9.9-9.9
5017219730608 16.0  3.6  0.009900  2.5-99.9-99.9-99.9-9.9 99 9.3 81  5.9   8  6.4-9.9-9.9
5017219730609 17.6  0.5  0.009900 -1.9-99.9-99.9-99.9-9.9 99 8.9 76  5.3   8  6.4-9.9-9.9
5017219730610 18.0  2.5  0.009900  1.0-99.9-99.9-99.9-9.9 99 8.6 71  4.8   9  7.2-9.9-9.9
5017219730611 14.5  3.5  0.009900  0.7-99.9-99.9-99.9-9.9 99 7.3 67  2.5  15 12.0-9.9-9.9
5017219730612 14.5  0.4  0.009900 -2.5-99.9-99.9-99.9-9.9 99 7.1 70  2.1   0  0.0-9.9-9.9
5017219730613 15.5  0.5  0.009900 -2.5-99.9-99.9-99.9-9.9 99 6.9 67  1.7   3  2.4-9.9-9.9
5017219730614 17.0  3.4  0.009900  0.0-99.9-99.9-99.9-9.9 99 8.1 67  3.9  11  8.8-9.9-9.9
5017219730615 17.0  5.0  0.009900  2.5-99.9-99.9-99.9-9.9 99 9.9 71  6.8  16 12.8-9.9-9.9
5017219730616 15.5  2.0  0.009900 -2.5-99.9-99.9-99.9-9.9 99 6.1 63  0.0   0  0.0-9.9-9.9
5017219730617 13.0 -1.0  0.009900 -4.5-99.9-99.9-99.9-9.9 99 5.9 60 -0.5   0  0.0-9.9-9.9
5017219730618 21.0  5.1  0.009900  3.0-99.9-99.9-99.9-9.9 99 7.8 55  3.4   0  0.0-9.9-9.9
5017219730619 21.5  2.0  0.009900 -0.5-99.9-99.9-99.9-9.9 99 7.5 52  2.9   1  0.8-9.9-9.9
5017219730620 18.8  7.2  0.009900  5.1-99.9-99.9-99.9-9.9 99 8.5 64  4.6   3  2.4-9.9-9.9
5017219730621 16.5  0.5  0.009900 -2.0-99.9-99.9-99.9-9.9 99 8.4 79  4.5   0  0.0-9.9-9.9
5017219730622 15.0  0.5  0.119900 -1.9-99.9-99.9-99.9-9.9 99 9.1 83  5.6   8  6.4-9.9-9.9
5017219730623 11.1  2.0  0.819900  0.0-99.9-99.9-99.9-9.9 99 8.7 97  5.0   5  4.0-9.9-9.9
5017219730624 14.2 -1.0  0.009900 -2.0-99.9-99.9-99.9-9.9 99 7.5 76  2.9   6  4.8-9.9-9.9
5017219730625 19.0  5.2  0.009900  2.5-99.9-99.9-99.9-9.9 99 7.2 53  2.3  25 20.0-9.9-9.9
5017219730626 15.0 -1.0  0.009900 -5.5-99.9-99.9-99.9-9.9 99 5.5 53 -1.4   3  2.4-9.9-9.9
5017219730627 20.5  5.0  0.009900 -0.5-99.9-99.9-99.9-9.9 99 6.0 51 -0.2  11  8.8-9.9-9.9
5017219730628 17.5 -0.6  0.009900 -4.0-99.9-99.9-99.9-9.9 99 6.6 56  1.1  29 23.2-9.9-9.9
5017219730629 21.0  3.0  0.009900  2.0-99.9-99.9-99.9-9.9 99 7.9 62  3.6   8  6.4-9.9-9.9
5017219730630 14.8  5.0  0.009900  3.0-99.9-99.9-99.9-9.9 99 5.7 69 -1.0   3  2.4-9.9-9.9
5017219730701 15.0 -2.4  0.009900 -5.5-99.9-99.9-99.9-9.9 99 4.0 46 -5.7  15 12.0-9.9-9.9
5017219730702 18.0 -1.5  0.009900 -2.5-99.9-99.9-99.9-9.9 99 5.7 52 -1.0  17 13.6-9.9-9.9
5017219730703 18.3  1.4  0.009900 -2.5-99.9-99.9-99.9-9.9 99 6.6 61  1.1   0  0.0-9.9-9.9
5017219730704  9.0 -1.6  0.009900 -4.5-99.9-99.9-99.9-9.9 99 6.6 81  1.1  17 13.6-9.9-9.9
5017219730705  6.7  3.0  0.319900  3.5-99.9-99.9-99.9-9.9 99 8.0 91  3.8   0  0.0-9.9-9.9
5017219730706 11.5  4.4  0.009900  5.2-99.9-99.9-99.9-9.9 99 8.8 88  5.1   5  4.0-9.9-9.9
5017219730707 17.1  1.0  0.009900 -1.0-99.9-99.9-99.9-9.9 99 7.7 68  3.2   0  0.0-9.9-9.9
5017219730708 12.4  4.5  9.019900  4.0-99.9-99.9-99.9-9.9 99 9.0 81  5.4   0  0.0-9.9-9.9
5017219730709 20.4  6.5  0.009900  4.0-99.9-99.9-99.9-9.9 99 6.6 50  1.1   8  6.4-9.9-9.9
5017219730710 17.0  3.0  0.009900 -1.0-99.9-99.9-99.9-9.9 99 7.3 60  2.5   0  0.0-9.9-9.9
5017219730711 15.5  0.6  0.009900 -2.0-99.9-99.9-99.9-9.9 99 8.3 70  4.3   1  0.8-9.9-9.9
5017219730712 14.7  0.5  0.009900 -2.0-99.9-99.9-99.9-9.9 99 7.0 71  1.9   0  0.0-9.9-9.9
5017219730713 14.2 -3.0  0.009900 -5.0-99.9-99.9-99.9-9.9 99 5.4 62 -1.7   3  2.4-9.9-9.9
5017219730714 10.2  3.2  0.009900  2.3-99.9-99.9-99.9-9.9 99 7.2 73  2.3   9  7.2-9.9-9.9
5017219730715  7.5  3.5  7.419900  4.0-99.9-99.9-99.9-9.9 99 7.4 86  2.7  14 11.2-9.9-9.9
5017219730716  4.8  0.0  2.319900  0.7-99.9-99.9-99.9-9.9 99 6.5 94  0.9  14 11.2-9.9-9.9
5017219730717  3.3 -2.0  0.119900 -0.5-99.9-99.9-99.9-9.9 99 5.8 91 -0.7   5  4.0-9.9-9.9
5017219730718  4.0 -2.0  0.009900 -2.5-99.9-99.9-99.9-9.9 99 5.4 80 -1.7   4  3.2-9.9-9.9
5017219730719  4.8  1.0  0.009900  1.4-99.9-99.9-99.9-9.9 99 6.3 84  0.4   1  0.8-9.9-9.9
5017219730720  5.5  1.2  0.009900  2.0-99.9-99.9-99.9-9.9 99 6.8 90  1.5   0  0.0-9.9-9.9
5017219730721  8.5 -0.6  0.009900 -1.5-99.9-99.9-99.9-9.9 99 6.5 86  0.9   0  0.0-9.9-9.9
5017219730722 13.0 -0.5  0.009900 -3.8-99.9-99.9-99.9-9.9 99 7.0 80  1.9   0  0.0-9.9-9.9
5017219730723 12.5 -3.6  0.009900 -4.8-99.9-99.9-99.9-9.9 99 6.5 67  0.9   4  3.2-9.9-9.9
5017219730724  9.0  3.4  0.009900  4.5-99.9-99.9-99.9-9.9 99 7.1 83  2.1   4  3.2-9.9-9.9
5017219730725 11.5 -1.5  0.009900 -4.3-99.9-99.9-99.9-9.9 99 6.9 78  1.7   3  2.4-9.9-9.9
5017219730726 15.3 -4.0  0.009900 -4.3-99.9-99.9-99.9-9.9 99 6.1 58  0.0   6  4.8-9.9-9.9
5017219730727 19.0  0.4  0.009900 -1.8-99.9-99.9-99.9-9.9 99 7.4 58  2.7  19 15.2-9.9-9.9
5017219730728 17.7  1.8  0.009900 -0.4-99.9-99.9-99.9-9.9 99 8.0 68  3.8   8  6.4-9.9-9.9
5017219730729 17.8 -1.0  0.009900 -3.5-99.9-99.9-99.9-9.9 99 8.1 75  3.9   1  0.8-9.9-9.9
5017219730730 14.5  1.6  0.009900 -1.3-99.9-99.9-99.9-9.9 99 8.3 81  4.3  13 10.4-9.9-9.9
5017219730731 19.2 -1.5  0.009900-99.9-99.9-99.9-99.9-9.9 99 7.7 69  3.2   3  2.4-9.9-9.9
5017219730801 22.5  0.0  0.009900 -4.5-99.9-99.9-99.9-9.9 99 8.2 59  4.1  11  8.8-9.9-9.9
5017219730802 24.5 -0.6  0.009900 -3.5-99.9-99.9-99.9-9.9 99 7.8 56  3.4   4  3.2-9.9-9.9
5017219730803 21.2  0.5  0.009900 -4.0-99.9-99.9-99.9-9.9 99 7.7 60  3.2   3  2.4-9.9-9.9
5017219730804 26.5  1.4  0.009900 -3.0-99.9-99.9-99.9-9.9 99 9.2 53  5.8   5  4.0-9.9-9.9
5017219730805 22.0  1.5  0.009900 -3.2-99.9-99.9-99.9-9.9 99 7.8 54  3.4   5  4.0-9.9-9.9
5017219730806 24.0  2.7  0.009900 -2.5-99.9-99.9-99.9-9.9 99 9.2 53  5.8  12  9.6-9.9-9.9
5017219730807 16.5  1.0  0.009900 -0.4-99.9-99.9-99.9-9.9 99 8.0 66  3.8  14 11.2-9.9-9.9
5017219730808 14.5  0.5  0.009900 -1.0-99.9-99.9-99.9-9.9 99 6.8 64  1.5   3  2.4-9.9-9.9
5017219730809 14.5 -5.0  0.009900 -8.9-99.9-99.9-99.9-9.9 99 4.4 53 -4.4 -99-99.9-9.9-9.9
5017219730810 13.0 -1.0  0.009900 -4.3-99.9-99.9-99.9-9.9 99 5.6 60 -1.2   3  2.4-9.9-9.9
5017219730811 16.5 -3.3  0.009900 -7.2-99.9-99.9-99.9-9.9 99 5.5 57 -1.4  18 14.4-9.9-9.9
5017219730812 19.5 -1.0  0.009900 -4.3-99.9-99.9-99.9-9.9 99 6.3 54  0.4   3  2.4-9.9-9.9
5017219730813 18.5 -1.5  0.009900 -4.5-99.9-99.9-99.9-9.9 99 6.5 59  0.9   3  2.4-9.9-9.9
5017219730814 16.0 -0.3  0.009900 -4.0-99.9-99.9-99.9-9.9 99 7.1 70  2.1   0  0.0-9.9-9.9
5017219730815 16.0 -0.5  0.009900 -3.0-99.9-99.9-99.9-9.9 99 7.7 71  3.2   1  0.8-9.9-9.9
5017219730816 24.0  3.2  0.009900  0.4-99.9-99.9-99.9-9.9 99 8.4 52  4.5  16 12.8-9.9-9.9
5017219730817 18.5  3.0  0.009900 -1.5-99.9-99.9-99.9-9.9 99 7.6 61  3.0   5  4.0-9.9-9.9
5017219730818 16.5  0.5  0.009900 -1.2-99.9-99.9-99.9-9.9 99 5.8 51 -0.7  12  9.6-9.9-9.9
5017219730819 17.0  0.6  0.009900 -2.5-99.9-99.9-99.9-9.9 99 5.0 46 -2.7  13 10.4-9.9-9.9
5017219730820 14.5  1.0  0.009900 -1.8-99.9-99.9-99.9-9.9 99 5.9 56 -0.5   5  4.0-9.9-9.9
5017219730821 18.5 -2.6  0.009900 -6.1-99.9-99.9-99.9-9.9 99 6.0 54 -0.2   3  2.4-9.9-9.9
5017219730822 20.5 -0.6  0.009900 -1.0-99.9-99.9-99.9-9.9 99 7.1 53  2.1  14 11.2-9.9-9.9
5017219730823 22.3  2.0  0.009900 -0.4-99.9-99.9-99.9-9.9 99 8.8 63  5.1  12  9.6-9.9-9.9
5017219730824 14.0  3.4  0.009900  2.6-99.9-99.9-99.9-9.9 99 5.3 52 -1.9  23 18.4-9.9-9.9
5017219730825 17.5 -1.0  0.009900 -7.7-99.9-99.9-99.9-9.9 99 5.0 45 -2.7   5  4.0-9.9-9.9
5017219730826 19.0 -1.9  0.009900 -8.4-99.9-99.9-99.9-9.9 99 5.6 48 -1.2   3  2.4-9.9-9.9
5017219730827 24.4  0.0  0.009900 -4.0-99.9-99.9-99.9-9.9 99 6.3 45  0.4  15 12.0-9.9-9.9
5017219730828 17.0  6.0  0.009900  0.0-99.9-99.9-99.9-9.9 99 6.8 53  1.5  22 17.6-9.9-9.9
5017219730829 18.0  3.4  0.009900  2.5-99.9-99.9-99.9-9.9 99 7.8 62  3.4  11  8.8-9.9-9.9
5017219730830 24.0  3.0  0.009900 -1.5-99.9-99.9-99.9-9.9 99 7.7 51  3.2   5  4.0-9.9-9.9
5017219730831 26.4  6.5  0.009900  1.5-99.9-99.9-99.9-9.9 99 7.7 43  3.2   5  4.0-9.9-9.9
5017219730901 28.3  5.2  0.009900  1.6-99.9-99.9-99.9-9.9 99 8.7 45  5.0  25 20.0-9.9-9.9
5017219730902 29.5  9.1  0.009900  6.5-99.9-99.9-99.9-9.9 9910.1 48  7.1   6  4.8-9.9-9.9
5017219730903 18.0  5.5  0.009900  4.4-99.9-99.9-99.9-9.9 99 7.7 55  3.2  26 20.8-9.9-9.9
5017219730904 19.1 -0.5  0.009900 -4.6-99.9-99.9-99.9-9.9 99 7.4 60  2.7   6  4.8-9.9-9.9
5017219730905 17.2 -2.6  0.009900 -5.4-99.9-99.9-99.9-9.9 99 6.2 59  0.2   9  7.2-9.9-9.9
5017219730906 16.2 -5.6  0.009900 -8.5-99.9-99.9-99.9-9.9 99 5.6 57 -1.2   0  0.0-9.9-9.9
5017219730907 20.5 -3.7  0.009900 -6.4-99.9-99.9-99.9-9.9 99 7.8 60  3.4   8  6.4-9.9-9.9
5017219730908 23.5  1.4  0.009900 -2.0-99.9-99.9-99.9-9.9 99 8.4 56  4.5   1  0.8-9.9-9.9
5017219730909 26.0  4.0  0.009900 -0.7-99.9-99.9-99.9-9.9 9910.4 54  7.5  14 11.2-9.9-9.9
5017219730910 23.2  5.0  0.009900  0.8-99.9-99.9-99.9-9.9 99 7.3 45  2.5  11  8.8-9.9-9.9
5017219730911 18.5  5.2  0.009900  0.7-99.9-99.9-99.9-9.9 99 7.2 59  2.3  19 15.2-9.9-9.9
5017219730912 18.5 -0.5  0.009900 -4.2-99.9-99.9-99.9-9.9 99 6.7 58  1.3   0  0.0-9.9-9.9
5017219730913 18.7  2.0  0.009900 -0.8-99.9-99.9-99.9-9.9 99 6.2 49  0.2   8  6.4-9.9-9.9
5017219730914 16.7 -2.7  0.009900 -7.0-99.9-99.9-99.9-9.9 99 6.4 42  0.6 -99-99.9-9.9-9.9
5017219730915 19.7  0.0  0.009900 -3.7-99.9-99.9-99.9-9.9 99 5.7 45 -1.0  13 10.4-9.9-9.9
5017219730916 16.5 -2.0 14.919900 -5.5-99.9-99.9-99.9-9.9 99 6.0 53 -0.2  13 10.4-9.9-9.9
5017219730917 10.2  5.0  0.619900  6.0-99.9-99.9-99.9-9.9 99 9.1 89  5.6   8  6.4-9.9-9.9
5017219730918 18.0  2.5  0.009900 -1.0-99.9-99.9-99.9-9.9 99 9.2 69  5.8   0  0.0-9.9-9.9
5017219730919 21.0  4.5  0.009900  1.0-99.9-99.9-99.9-9.9 99 9.5 64  6.2   5  4.0-9.9-9.9
5017219730920 24.5  4.5  0.009900  2.1-99.9-99.9-99.9-9.9 99 9.6 57  6.4   9  7.2-9.9-9.9
5017219730921 26.5  7.5  0.009900  4.5-99.9-99.9-99.9-9.9 99 9.3 50  5.9   6  4.8-9.9-9.9
5017219730922 28.0  7.8  0.009900  2.6-99.9-99.9-99.9-9.9 99 8.7 45  5.0  11  8.8-9.9-9.9
5017219730923 30.0  6.5  0.009900  4.9-99.9-99.9-99.9-9.9 9910.0 44  7.0  14 11.2-9.9-9.9
5017219730924 23.3  9.8  0.009900  8.1-99.9-99.9-99.9-9.9 99 7.5 42  2.9  31 24.8-9.9-9.9
5017219730925 16.0  5.8  0.009900  6.5-99.9-99.9-99.9-9.9 99 5.7 46 -1.0   4  3.2-9.9-9.9
5017219730926 18.5 -0.5  0.009900 -3.9-99.9-99.9-99.9-9.9 99 5.5 46 -1.4   5  4.0-9.9-9.9
5017219730927 20.0  1.0  0.009900 -3.1-99.9-99.9-99.9-9.9 99 6.0 43 -0.2  19 15.2-9.9-9.9
5017219730928 19.5  8.4  0.009900  7.5-99.9-99.9-99.9-9.9 99 7.0 51  1.9  34 27.2-9.9-9.9
5017219730929 17.8  2.4  0.009900 -0.6-99.9-99.9-99.9-9.9 99 8.4 65  4.5   4  3.2-9.9-9.9
5017219730930 24.5  1.6  0.009900 -0.6-99.9-99.9-99.9-9.9 99 9.8 62  6.7   3  2.4-9.9-9.9
5017219731001 27.5  7.1  0.009900  3.1-99.9-99.9-99.9-9.9 99 9.9 50  6.8   8  6.4-9.9-9.9
5017219731002 28.0  9.0  2.019900  4.7-99.9-99.9-99.9-9.9 9912.8 53 10.6   6  4.8-9.9-9.9
5017219731003 21.5 10.4  0.009900  8.5-99.9-99.9-99.9-9.9 9913.0 72 10.9  21 16.8-9.9-9.9
5017219731004 23.0 10.7  0.009900  7.0-99.9-99.9-99.9-9.9 9914.7 73 12.7  27 21.6-9.9-9.9
5017219731005 25.2 13.0  0.119900 11.5-99.9-99.9-99.9-9.9 9914.4 74 12.4  19 15.2-9.9-9.9
5017219731006 23.5  7.4  0.009900  2.5-99.9-99.9-99.9-9.9 9910.0 58  7.0   5  4.0-9.9-9.9
5017219731007 24.3  5.1  0.009900  1.0-99.9-99.9-99.9-9.9 99 9.6 56  6.4  19 15.2-9.9-9.9
5017219731008 29.0  5.5  0.219900  1.3-99.9-99.9-99.9-9.9 9911.6 58  9.2  11  8.8-9.9-9.9
5017219731009 17.0  9.0  0.009910  7.4-99.9-99.9-99.9-9.9 99 7.7 57  3.2  37 29.6-9.9-9.9
5017219731010 23.5  1.4  0.009900  3.5-99.9-99.9-99.9-9.9 99 6.3 40  0.4  15 12.0-9.9-9.9
5017219731011 22.7  5.5  0.009900 -0.5-99.9-99.9-99.9-9.9 99 6.5 39  0.9  16 12.8-9.9-9.9
5017219731012 20.8  2.7  0.009900  1.3-99.9-99.9-99.9-9.9 99 6.6 42  1.1  11  8.8-9.9-9.9
5017219731013 27.5  2.0  0.009900  2.5-99.9-99.9-99.9-9.9 99 7.9 36  3.6   9  7.2-9.9-9.9
5017219731014 31.5  9.9  0.009900  3.8-99.9-99.9-99.9-9.9 99 9.5 35  6.2   6  4.8-9.9-9.9
5017219731015 32.0 12.8  0.009900  8.0-99.9-99.9-99.9-9.9 9911.0 36  8.4  13 10.4-9.9-9.9
5017219731016 28.0 15.5  0.009900 12.8-99.9-99.9-99.9-9.9 9912.1 48  9.8  19 15.2-9.9-9.9
5017219731017 30.7 10.5  0.009900  5.6-99.9-99.9-99.9-9.9 99 9.9 38  6.8   5  4.0-9.9-9.9
5017219731018 31.0  9.0  0.009900  4.1-99.9-99.9-99.9-9.9 9913.4 53 11.3  19 15.2-9.9-9.9
5017219731019 29.7 11.5  0.009900  8.6-99.9-99.9-99.9-9.9 9912.8 50 10.6  11  8.8-9.9-9.9
5017219731020 31.0 12.5  0.319900 11.5-99.9-99.9-99.9-9.9 9915.7 61 13.7  26 20.8-9.9-9.9
5017219731021 22.5 10.0 12.519900 12.5-99.9-99.9-99.9-9.9 9911.8 66  9.4  48 38.4-9.9-9.9
5017219731022 12.5  7.5  5.719900  8.3-99.9-99.9-99.9-9.9 99 9.4 80  6.1  23 18.4-9.9-9.9
5017219731023 20.2  2.4  0.009900  1.0-99.9-99.9-99.9-9.9 99 8.6 56  4.8   0  0.0-9.9-9.9
5017219731024 18.5  5.3 14.419900  2.2-99.9-99.9-99.9-9.9 99 9.5 74  6.2  27 21.6-9.9-9.9
5017219731025 16.5  6.5  0.009900  7.0-99.9-99.9-99.9-9.9 9911.2 78  8.6   4  3.2-9.9-9.9
5017219731026 27.2  6.5  0.009900  3.2-99.9-99.9-99.9-9.9 9912.3 60 10.0   9  7.2-9.9-9.9
5017219731027 24.5  9.9  0.519900  8.0-99.9-99.9-99.9-9.9 9911.1 51  8.5  12  9.6-9.9-9.9
5017219731028 22.2 12.5  0.009900 11.1-99.9-99.9-99.9-9.9 9910.3 55  7.4  26 20.8-9.9-9.9
5017219731029 25.0  4.5  0.009900  1.5-99.9-99.9-99.9-9.9 99 9.9 50  6.8  19 15.2-9.9-9.9
5017219731030 21.3  6.0  0.119900  4.1-99.9-99.9-99.9-9.9 9910.8 65  8.1  23 18.4-9.9-9.9
5017219731031 16.0  5.7  0.009900  2.2-99.9-99.9-99.9-9.9 99 9.6 72  6.4  17 13.6-9.9-9.9
5017219731101 18.0  2.6  0.009900 -0.3-99.9-99.9-99.9-9.9 99 9.0 67  5.4   1  0.8-9.9-9.9
5017219731102 24.5  4.5  0.219900  1.5-99.9-99.9-99.9-9.9 99 8.1 43  3.9  18 14.4-9.9-9.9
5017219731103 18.2  9.0  3.519900  8.0-99.9-99.9-99.9-9.9 9910.2 80  7.3   5  4.0-9.9-9.9
5017219731104 25.0  4.5  0.009900  1.5-99.9-99.9-99.9-9.9 9911.0 58  8.4   3  2.4-9.9-9.9
5017219731105 29.5  8.5  0.009900  4.0-99.9-99.9-99.9-9.9 9910.5 43  7.7   5  4.0-9.9-9.9
5017219731106 22.0  7.5  0.009900  5.5-99.9-99.9-99.9-9.9 99 8.1 47  3.9  12  9.6-9.9-9.9
5017219731107 25.5  5.0  0.009900  1.5-99.9-99.9-99.9-9.9 9911.6 56  9.2  17 13.6-9.9-9.9
5017219731108 19.2 11.4  0.009900  9.0-99.9-99.9-99.9-9.9 9913.1 85 11.0   7  5.6-9.9-9.9
5017219731109 17.0 13.0  9.219900 13.5-99.9-99.9-99.9-9.9 9915.0 87 13.0  10  8.0-9.9-9.9
5017219731110 18.0 11.6 30.019900 11.0-99.9-99.9-99.9-9.9 9915.3 86 13.3   0  0.0-9.9-9.9
5017219731111 20.5 11.0  6.319900 12.4-99.9-99.9-99.9-9.9 9913.8 87 11.8   1  0.8-9.9-9.9
5017219731112 21.0  6.3  0.009900  3.8-99.9-99.9-99.9-9.9 9913.4 74 11.3   5  4.0-9.9-9.9
5017219731113 25.4  9.5  0.009900  8.4-99.9-99.9-99.9-9.9 9914.7 67 12.7   1  0.8-9.9-9.9
5017219731114 25.5 11.4  0.009900  8.5-99.9-99.9-99.9-9.9 9914.7 60 12.7   8  6.4-9.9-9.9
5017219731115 27.5 10.6  0.219900  9.0-99.9-99.9-99.9-9.9 9914.2 59 12.2   9  7.2-9.9-9.9
5017219731116 22.5 10.0  0.009900  9.5-99.9-99.9-99.9-9.9 99 9.2 47  5.8  11  8.8-9.9-9.9
5017219731117 24.8  4.0  0.009900  2.0-99.9-99.9-99.9-9.9 99 9.2 46  5.8   3  2.4-9.9-9.9
5017219731118 29.5  9.1  0.009900  3.5-99.9-99.9-99.9-9.9 9912.0 48  9.7   3  2.4-9.9-9.9
5017219731119 33.1 10.2  0.009900  6.2-99.9-99.9-99.9-9.9 9913.7 42 11.6   6  4.8-9.9-9.9
5017219731120 36.0 12.4  0.009900  9.1-99.9-99.9-99.9-9.9 9916.7 46 14.7   6  4.8-9.9-9.9
5017219731121 33.0 14.0  0.119900 11.6-99.9-99.9-99.9-9.9 9916.8 52 14.8   5  4.0-9.9-9.9
5017219731122 31.5 13.0  0.009900  8.5-99.9-99.9-99.9-9.9 9912.4 41 10.1   4  3.2-9.9-9.9
5017219731123 25.0 14.5  0.009900 11.8-99.9-99.9-99.9-9.9 99 8.7 38  5.0  26 20.8-9.9-9.9
5017219731124 25.0  5.5  0.009900  0.3-99.9-99.9-99.9-9.9 99 8.4 42  4.5   8  6.4-9.9-9.9
5017219731125 31.0  9.0  0.009900  3.0-99.9-99.9-99.9-9.9 9910.6 39  7.8   8  6.4-9.9-9.9
5017219731126 28.0 10.5  0.009900  5.2-99.9-99.9-99.9-9.9 99 8.2 32  4.1  17 13.6-9.9-9.9
5017219731127 30.8  7.0  0.009900  2.7-99.9-99.9-99.9-9.9 9910.9 41  8.2   8  6.4-9.9-9.9
5017219731128 37.0 12.5  0.009900  7.0-99.9-99.9-99.9-9.9 9912.4 35 10.1   7  5.6-9.9-9.9
5017219731129 32.5 14.0  0.009900  9.5-99.9-99.9-99.9-9.9 9912.0 42  9.7  19 15.2-9.9-9.9
5017219731130 25.0  9.5  0.009900  6.5-99.9-99.9-99.9-9.9 99 9.8 44  6.7  16 12.8-9.9-9.9
5017219731201 30.5  7.0  0.009900  2.7-99.9-99.9-99.9-9.9 9913.0 49 10.9   5  4.0-9.9-9.9
5017219731202 34.5 10.7  1.019900  9.5-99.9-99.9-99.9-9.9 9915.5 42 13.5  16 12.8-9.9-9.9
5017219731203 31.0 12.0  0.419900 11.0-99.9-99.9-99.9-9.9 9911.8 64  9.4  35 28.0-9.9-9.9
5017219731204 22.5 11.0  0.009900  8.0-99.9-99.9-99.9-9.9 9912.5 66 10.3  30 24.0-9.9-9.9
5017219731205 30.5  9.0  6.319900  5.5-99.9-99.9-99.9-9.9 9914.1 61 12.1  18 14.4-9.9-9.9
5017219731206 20.8  9.5  0.009900  9.6-99.9-99.9-99.9-9.9 99 8.9 55  5.3  16 12.8-9.9-9.9
5017219731207 27.0 10.0  0.009900  7.0-99.9-99.9-99.9-9.9 9911.4 51  8.9   8  6.4-9.9-9.9
5017219731208 32.0  9.5  0.009900  6.0-99.9-99.9-99.9-9.9 9913.0 43 10.9  10  8.0-9.9-9.9
5017219731209 31.5 12.7  0.219900  9.5-99.9-99.9-99.9-9.9 9914.8 51 12.8  16 12.8-9.9-9.9
5017219731210 30.0 11.0  0.009900  7.5-99.9-99.9-99.9-9.9 9912.3 43 10.0  19 15.2-9.9-9.9
5017219731211 31.7 10.0  0.119900  6.5-99.9-99.9-99.9-9.9 9915.8 56 13.8  19 15.2-9.9-9.9
5017219731212 34.5 13.3  0.009900  9.7-99.9-99.9-99.9-9.9 9917.9 51 15.8   5  4.0-9.9-9.9
5017219731213 28.0 12.5  0.009900 10.5-99.9-99.9-99.9-9.9 9913.1 49 11.0  19 15.2-9.9-9.9
5017219731214 30.8 11.0  0.009900  7.5-99.9-99.9-99.9-9.9 9913.8 49 11.8   6  4.8-9.9-9.9
5017219731215 30.0 11.5  0.009900  6.4-99.9-99.9-99.9-9.9 9914.8 53 12.8   8  6.4-9.9-9.9
5017219731216 35.0 12.5  0.009900  8.0-99.9-99.9-99.9-9.9 9917.2 48 15.1   9  7.2-9.9-9.9
5017219731217 31.0 17.0  0.009900 15.5-99.9-99.9-99.9-9.9 9915.1 50 13.1  16 12.8-9.9-9.9
5017219731218 33.2 10.7  0.009900  6.6-99.9-99.9-99.9-9.9 9917.1 52 15.0   0  0.0-9.9-9.9
5017219731219 37.6 12.8  0.009900-99.9-99.9-99.9-99.9-9.9 9920.1 51 17.6   3  2.4-9.9-9.9
5017219731220 37.7 16.5  0.009900 10.0-99.9-99.9-99.9-9.9 9923.0 53 19.7  19 15.2-9.9-9.9
5017219731221 32.6 21.0  0.009900 17.0-99.9-99.9-99.9-9.9 9919.9 60 17.4  22 17.6-9.9-9.9
5017219731222 34.5 14.5  0.009900  9.6-99.9-99.9-99.9-9.9 9921.4 64 18.6   3  2.4-9.9-9.9
5017219731223 33.0 13.0  0.009900  8.3-99.9-99.9-99.9-9.9 9921.1 59 18.4  27 21.6-9.9-9.9
5017219731224 27.8 15.7  1.119900 12.5-99.9-99.9-99.9-9.9 9914.3 64 12.3  14 11.2-9.9-9.9
5017219731225 26.3 12.0  0.009900  9.1-99.9-99.9-99.9-9.9 9914.0 59 12.0  11  8.8-9.9-9.9
5017219731226 29.5 13.2  0.009900 10.4-99.9-99.9-99.9-9.9 9913.5 54 11.4  11  8.8-9.9-9.9
5017219731227 32.7 12.0  0.009900  6.5-99.9-99.9-99.9-9.9 9913.8 48 11.8   3  2.4-9.9-9.9
5017219731228 33.8 15.2  0.009900 12.0-99.9-99.9-99.9-9.9 9915.5 59 13.5   8  6.4-9.9-9.9
5017219731229 36.0 18.5  0.719900 15.0-99.9-99.9-99.9-9.9 9914.5 38 12.5  14 11.2-9.9-9.9
5017219731230 34.0 17.5  0.009900 14.7-99.9-99.9-99.9-9.9 9916.6 46 14.6  14 11.2-9.9-9.9
5017219731231 36.5 17.5  0.009900 14.5-99.9-99.9-99.9-9.9 9916.6 48 14.6   8  6.4-9.9-9.9
5017219740101 33.0 18.0  0.009900 14.5-99.9-99.9-99.9-9.9 9916.3 48 14.3  14 11.2-9.9-9.9
5017219740102 29.5 12.5  0.009900 10.0-99.9-99.9-99.9-9.9 9916.2 56 14.2  11  8.8-9.9-9.9
5017219740103 29.6 16.0  0.009900 11.0-99.9-99.9-99.9-9.9 9919.6 65 17.2  11  8.8-9.9-9.9
5017219740104 36.5 18.6  1.719910 15.0-99.9-99.9-99.9-9.9 9921.6 61 18.7  11  8.8-9.9-9.9
5017219740105 26.5  8.7  0.009900  1.3-99.9-99.9-99.9-9.9 9911.3 47  8.8   9  7.2-9.9-9.9
5017219740106 35.7 11.7  0.009900  6.0-99.9-99.9-99.9-9.9 9915.6 42 13.6  13 10.4-9.9-9.9
5017219740107 29.6 11.0  0.009900  4.3-99.9-99.9-99.9-9.9 9910.9 44  8.2  12  9.6-9.9-9.9
5017219740108 30.0  9.6  0.009900  3.7-99.9-99.9-99.9-9.9 9912.6 46 10.4  11  8.8-9.9-9.9
5017219740109 31.8 14.0  0.009900  7.1-99.9-99.9-99.9-9.9 9913.5 43 11.4  24 19.2-9.9-9.9
5017219740110 27.5 11.5  0.009900  7.4-99.9-99.9-99.9-9.9 9911.3 45  8.8  14 11.2-9.9-9.9
5017219740111 36.0 10.1  0.009900  4.5-99.9-99.9-99.9-9.9 9915.3 47 13.3   5  4.0-9.9-9.9
5017219740112 37.2 14.0  0.009900  6.5-99.9-99.9-99.9-9.9 9913.8 37 11.8   6  4.8-9.9-9.9
5017219740113 32.5 24.0  0.009900 17.2-99.9-99.9-99.9-9.9 9910.8 30  8.1  21 16.8-9.9-9.9
5017219740114 28.5 11.1  0.009900  5.8-99.9-99.9-99.9-9.9 9910.7 43  8.0  17 13.6-9.9-9.9
5017219740115 37.5 11.5  0.009900  4.5-99.9-99.9-99.9-9.9 9916.6 45 14.6  16 12.8-9.9-9.9
5017219740116 35.0 17.0  0.009900 12.3-99.9-99.9-99.9-9.9 9915.1 42 13.1   3  2.4-9.9-9.9
5017219740117 32.0 15.0  0.009900  8.5-99.9-99.9-99.9-9.9 9913.9 42 11.9  19 15.2-9.9-9.9
5017219740118 33.8 13.9  0.009900  8.6-99.9-99.9-99.9-9.9 9917.4 44 15.3   5  4.0-9.9-9.9
5017219740119 37.2 15.3  0.009900  9.1-99.9-99.9-99.9-9.9 9912.7 35 10.5   1  0.8-9.9-9.9
5017219740120 30.0 16.5  0.009900 15.2-99.9-99.9-99.9-9.9 99 9.3 34  5.9  20 16.0-9.9-9.9
5017219740121 28.5 11.0  0.009900  6.2-99.9-99.9-99.9-9.9 99 9.4 37  6.1  15 12.0-9.9-9.9
5017219740122 25.6 11.6  0.009900  7.2-99.9-99.9-99.9-9.9 9913.2 54 11.1  26 20.8-9.9-9.9
5017219740123 27.5 11.8 30.819900  8.2-99.9-99.9-99.9-9.9 9916.5 69 14.5  11  8.8-9.9-9.9
5017219740124 25.7 13.0  0.009900 11.8-99.9-99.9-99.9-9.9 9916.8 75 14.8  23 18.4-9.9-9.9
5017219740125 30.5 12.5  0.009900 10.7-99.9-99.9-99.9-9.9 9918.5 67 16.3   8  6.4-9.9-9.9
5017219740126 33.3 14.5  0.009900 11.2-99.9-99.9-99.9-9.9 9920.2 59 17.7   8  6.4-9.9-9.9
5017219740127 36.0 16.5  0.009900 12.2-99.9-99.9-99.9-9.9 9921.7 58 18.8  14 11.2-9.9-9.9
5017219740128 31.7 17.8  0.009900 15.0-99.9-99.9-99.9-9.9 9920.2 61 17.7   9  7.2-9.9-9.9
5017219740129 37.0 17.8  8.019900 13.7-99.9-99.9-99.9-9.9 9924.4 67 20.7   0  0.0-9.9-9.9
5017219740130 35.2 19.0  0.009900 15.7-99.9-99.9-99.9-9.9 9920.9 56 18.2   8  6.4-9.9-9.9
5017219740131 38.5 19.5  0.009900 15.2-99.9-99.9-99.9-9.9 9925.5 54 21.4  15 12.0-9.9-9.9
5017219740201 31.6 22.1  0.219900 18.3-99.9-99.9-99.9-9.9 9918.0 50 15.8  30 24.0-9.9-9.9
5017219740202 25.4 15.5  0.009900 14.2-99.9-99.9-99.9-9.9 9917.4 75 15.3   9  7.2-9.9-9.9
5017219740203 37.0 14.5  0.009900 12.2-99.9-99.9-99.9-9.9 9917.2 50 15.1  13 10.4-9.9-9.9
5017219740204 36.5 13.6  0.009900  8.2-99.9-99.9-99.9-9.9 9916.5 45 14.5   0  0.0-9.9-9.9
5017219740205 33.6 15.6  0.219900  9.7-99.9-99.9-99.9-9.9 9914.4 43 12.4  11  8.8-9.9-9.9
5017219740206 33.4 14.7  0.009900 12.2-99.9-99.9-99.9-9.9 9916.6 48 14.6  11  8.8-9.9-9.9
5017219740207 29.8 10.0  0.009900  7.2-99.9-99.9-99.9-9.9 99 8.7 44  5.0  11  8.8-9.9-9.9
5017219740208 29.0  8.0  0.009900  2.7-99.9-99.9-99.9-9.9 9912.4 52 10.1  22 17.6-9.9-9.9
5017219740209 29.6 12.3  4.119900  9.2-99.9-99.9-99.9-9.9 9916.5 59 14.5  22 17.6-9.9-9.9
5017219740210 26.0 14.4  0.009900 13.2-99.9-99.9-99.9-9.9 9918.1 77 15.9   3  2.4-9.9-9.9
5017219740211 25.2 14.9  0.719900 11.2-99.9-99.9-99.9-9.9 9918.6 74 16.4  14 11.2-9.9-9.9
5017219740212 24.0 15.6  0.419900 14.2-99.9-99.9-99.9-9.9 9917.7 79 15.6  10  8.0-9.9-9.9
5017219740213 28.5 15.0  0.009900 12.2-99.9-99.9-99.9-9.9 9917.6 68 15.5   6  4.8-9.9-9.9
5017219740214 23.0 14.6 11.919900 14.7-99.9-99.9-99.9-9.9 9916.0 85 14.0   9  7.2-9.9-9.9
5017219740215 21.2 11.2  0.009900  8.7-99.9-99.9-99.9-9.9 9915.3 75 13.3   0  0.0-9.9-9.9
5017219740216 21.5 11.5  0.619900  7.2-99.9-99.9-99.9-9.9 9917.0 81 15.0   1  0.8-9.9-9.9
5017219740217 28.2 13.0  0.009900  9.2-99.9-99.9-99.9-9.9 9918.0 70 15.8   6  4.8-9.9-9.9
5017219740218 29.0 15.0  5.019900 11.7-99.9-99.9-99.9-9.9 9915.1 54 13.1  13 10.4-9.9-9.9
5017219740219 26.5 13.0  0.009900 10.2-99.9-99.9-99.9-9.9 9915.9 71 13.9   9  7.2-9.9-9.9
5017219740220 28.5 12.2  0.009900  8.1-99.9-99.9-99.9-9.9 9915.3 60 13.3   8  6.4-9.9-9.9
5017219740221 31.0 12.0  0.009900  7.7-99.9-99.9-99.9-9.9 9915.1 55 13.1  11  8.8-9.9-9.9
5017219740222 33.0 13.0  3.919900  8.7-99.9-99.9-99.9-9.9 9916.9 57 14.9   6  4.8-9.9-9.9
5017219740223 32.0 15.0  0.419900 10.7-99.9-99.9-99.9-9.9 9918.3 59 16.1   8  6.4-9.9-9.9
5017219740224 25.2 15.3 20.019900 14.2-99.9-99.9-99.9-9.9 9917.0 80 15.0   6  4.8-9.9-9.9
5017219740225 18.7 15.0 40.519900 12.2-99.9-99.9-99.9-9.9 9918.0 94 15.8   9  7.2-9.9-9.9
5017219740226 25.5 14.4  0.009900 12.9-99.9-99.9-99.9-9.9 9918.8 82 16.5   3  2.4-9.9-9.9
5017219740227 30.0 13.0  0.009900  8.2-99.9-99.9-99.9-9.9 9919.4 74 17.0   3  2.4-9.9-9.9
5017219740228 30.3 16.5  0.009900 13.2-99.9-99.9-99.9-9.9 9922.7 76 19.5   0  0.0-9.9-9.9
5017219740301 24.4 17.0  0.009900 15.7-99.9-99.9-99.9-9.9 9916.1 69 14.1  16 12.8-9.9-9.9
5017219740302 22.8  6.5  0.009900 11.6-99.9-99.9-99.9-9.9 9910.9 63  8.2   5  4.0-9.9-9.9
5017219740303 29.8  9.0  0.009900  3.4-99.9-99.9-99.9-9.9 9913.7 53 11.6  17 13.6-9.9-9.9
5017219740304 30.0 10.7  0.009900  6.7-99.9-99.9-99.9-9.9 9916.7 64 14.7   3  2.4-9.9-9.9
5017219740305 31.6 13.3  0.009900  8.7-99.9-99.9-99.9-9.9 9917.5 60 15.4   1  0.8-9.9-9.9
5017219740306 33.5 15.8  0.009900 12.2-99.9-99.9-99.9-9.9 9920.8 64 18.1  13 10.4-9.9-9.9
5017219740307 28.5 15.4  0.009900 13.2-99.9-99.9-99.9-9.9 9915.2 56 13.2  13 10.4-9.9-9.9
5017219740308 33.2 14.1 10.019900 11.2-99.9-99.9-99.9-9.9 9920.7 65 18.1   3  2.4-9.9-9.9
5017219740309 29.0 14.0  0.009900 11.3-99.9-99.9-99.9-9.9 9919.9 74 17.4   0  0.0-9.9-9.9
5017219740310 27.5 17.0  0.009900 14.0-99.9-99.9-99.9-9.9 9917.1 63 15.0  19 15.2-9.9-9.9
5017219740311 29.5 13.5  3.119900 10.2-99.9-99.9-99.9-9.9 9919.0 70 16.7   3  2.4-9.9-9.9
5017219740312 25.0 15.4  0.009900 14.7-99.9-99.9-99.9-9.9 9917.3 79 15.2  16 12.8-9.9-9.9
5017219740313 29.5 11.6  1.019900  6.7-99.9-99.9-99.9-9.9 9917.4 70 15.3  11  8.8-9.9-9.9
5017219740314 22.5 10.0  0.009910  7.2-99.9-99.9-99.9-9.9 99 9.1 56  5.6   9  7.2-9.9-9.9
5017219740315 20.0  4.5  0.009900  1.8-99.9-99.9-99.9-9.9 99 8.4 60  4.5   3  2.4-9.9-9.9
5017219740316 26.0  3.0  0.009900  1.8-99.9-99.9-99.9-9.9 9910.8 66  8.1   3  2.4-9.9-9.9
5017219740317 30.8  8.3  0.009900  2.9-99.9-99.9-99.9-9.9 9913.3 55 11.2  11  8.8-9.9-9.9
5017219740318 30.5  9.7  0.009900  6.2-99.9-99.9-99.9-9.9 9915.3 62 13.3   8  6.4-9.9-9.9
5017219740319 31.3 13.0  0.009900  7.7-99.9-99.9-99.9-9.9 9916.4 61 14.4  11  8.8-9.9-9.9
5017219740320 30.0 11.5  0.009900  6.7-99.9-99.9-99.9-9.9 9914.5 54 12.5  11  8.8-9.9-9.9
5017219740321 31.0 12.3  0.009900  8.7-99.9-99.9-99.9-9.9 9917.6 67 15.5   8  6.4-9.9-9.9
5017219740322 31.6 13.5  0.009900  9.2-99.9-99.9-99.9-9.9 9916.0 59 14.0   8  6.4-9.9-9.9
5017219740323 32.6 13.5  0.009900  8.7-99.9-99.9-99.9-9.9 9915.8 59 13.8  11  8.8-9.9-9.9
5017219740324 28.5 15.5  0.009900 10.7-99.9-99.9-99.9-9.9 9914.9 57 12.9  16 12.8-9.9-9.9
5017219740325 28.5 12.4  0.009900  9.7-99.9-99.9-99.9-9.9 9916.7 69 14.7  11  8.8-9.9-9.9
5017219740326 30.7 12.0  0.009900  7.7-99.9-99.9-99.9-9.9 9915.9 68 13.9   3  2.4-9.9-9.9
5017219740327 21.6 12.0  0.009900  9.7-99.9-99.9-99.9-9.9 9910.0 53  7.0  16 12.8-9.9-9.9
5017219740328 29.0 10.0  5.019900  5.7-99.9-99.9-99.9-9.9 9914.0 59 12.0   8  6.4-9.9-9.9
5017219740329 25.5 13.0 14.519900 14.2-99.9-99.9-99.9-9.9 9915.1 78 13.1   6  4.8-9.9-9.9
5017219740330 23.0 10.1  2.519900  7.7-99.9-99.9-99.9-9.9 9913.4 75 11.3   3  2.4-9.9-9.9
5017219740331 25.0 13.0  0.009900  9.7-99.9-99.9-99.9-9.9 9914.8 70 12.8   1  0.8-9.9-9.9
5017219740401 28.8 10.0  0.009900  5.7-99.9-99.9-99.9-9.9 9914.5 63 12.5   5  4.0-9.9-9.9
5017219740402 29.0 11.1  0.009900  6.5-99.9-99.9-99.9-9.9 9914.6 68 12.6   3  2.4-9.9-9.9
5017219740403 28.7 11.4  0.009900  6.2-99.9-99.9-99.9-9.9 9912.6 56 10.4  14 11.2-9.9-9.9
5017219740404 26.8  9.5  0.009900  7.2-99.9-99.9-99.9-9.9 9912.7 64 10.5   3  2.4-9.9-9.9
5017219740405 31.7 11.0  0.009900  5.2-99.9-99.9-99.9-9.9 9915.3 54 13.3  11  8.8-9.9-9.9
5017219740406 28.8 14.4  0.009900 11.7-99.9-99.9-99.9-9.9 9911.3 47  8.8  11  8.8-9.9-9.9
5017219740407 31.0 10.4  0.009900  5.7-99.9-99.9-99.9-9.9 9916.3 64 14.3   0  0.0-9.9-9.9
5017219740408 29.7 14.0  0.009900  9.4-99.9-99.9-99.9-9.9 9914.8 57 12.8   3  2.4-9.9-9.9
5017219740409 26.3 12.1  0.009900  8.0-99.9-99.9-99.9-9.9 9912.4 63 10.1   4  3.2-9.9-9.9
5017219740410 30.2  9.0  0.009900  4.7-99.9-99.9-99.9-9.9 9913.4 63 11.3   3  2.4-9.9-9.9
5017219740411 32.0 13.0  0.009900  8.2-99.9-99.9-99.9-9.9 9917.7 64 15.6  15 12.0-9.9-9.9
5017219740412 32.5 15.8  0.009900 12.2-99.9-99.9-99.9-9.9 9919.7 66 17.3  11  8.8-9.9-9.9
5017219740413 22.8 16.5  0.009900 13.7-99.9-99.9-99.9-9.9 9911.6 55  9.2  24 19.2-9.9-9.9
5017219740414 19.7  7.5  0.009900  4.8-99.9-99.9-99.9-9.9 9912.9 80 10.7   3  2.4-9.9-9.9
5017219740415 26.5 10.7  0.009900  7.8-99.9-99.9-99.9-9.9 9915.7 73 13.7   0  0.0-9.9-9.9
5017219740416 27.0 13.3  0.009900 10.2-99.9-99.9-99.9-9.9 9913.6 59 11.5   2  1.6-9.9-9.9
5017219740417 21.0 11.3  0.009900  8.3-99.9-99.9-99.9-9.9 99 8.0 47  3.8   6  4.8-9.9-9.9
5017219740418 15.5  3.0  0.009900 -0.8-99.9-99.9-99.9-9.9 99 6.9 62  1.7   8  6.4-9.9-9.9
5017219740419 20.0 -0.7  0.009900 -6.3-99.9-99.9-99.9-9.9 99 7.5 69  2.9   3  2.4-9.9-9.9
5017219740420 23.0  3.0  0.009900  1.0-99.9-99.9-99.9-9.9 99 8.7 63  5.0  13 10.4-9.9-9.9
5017219740421 25.0  4.0  0.009900 -2.7-99.9-99.9-99.9-9.9 9911.2 68  8.6   3  2.4-9.9-9.9
5017219740422 24.4  6.5  0.009900  1.5-99.9-99.9-99.9-9.9 99 8.7 52  5.0   9  7.2-9.9-9.9
5017219740423 26.5  1.1  0.009900 -4.8-99.9-99.9-99.9-9.9 99 9.2 62  5.8   3  2.4-9.9-9.9
5017219740424 20.8  5.2  0.009900 -0.1-99.9-99.9-99.9-9.9 99 9.6 58  6.4  13 10.4-9.9-9.9
5017219740425 20.0  8.5  0.009900  3.7-99.9-99.9-99.9-9.9 9910.7 72  8.0   4  3.2-9.9-9.9
5017219740426 22.0  5.2  0.009900  1.7-99.9-99.9-99.9-9.9 9911.1 72  8.5   8  6.4-9.9-9.9
5017219740427 20.5  7.0  0.009900  4.7-99.9-99.9-99.9-9.9 9911.5 76  9.0   6  4.8-9.9-9.9
5017219740428 23.0  4.0  0.819900 -0.8-99.9-99.9-99.9-9.9 9911.9 73  9.5   3  2.4-9.9-9.9
5017219740429 21.0  7.1  0.009900  2.7-99.9-99.9-99.9-9.9 9910.3 68  7.4   3  2.4-9.9-9.9
5017219740430 27.8  4.6  0.009900 -0.6-99.9-99.9-99.9-9.9 9910.9 72  8.2   0  0.0-9.9-9.9
5017219740501 25.0  5.2  0.009900  0.2-99.9-99.9-99.9-9.9 9912.2 68  9.9   3  2.4-9.9-9.9
5017219740502 27.5  5.2  0.009900  2.7-99.9-99.9-99.9-9.9 9910.5 63  7.7   3  2.4-9.9-9.9
5017219740503 28.2  4.5  0.009900  0.4-99.9-99.9-99.9-9.9 9910.5 61  7.7   0  0.0-9.9-9.9
5017219740504 19.5  8.0  0.009900  6.2-99.9-99.9-99.9-9.9 9911.3 73  8.8  10  8.0-9.9-9.9
5017219740505 22.5  6.2  0.009900  3.2-99.9-99.9-99.9-9.9 9912.0 70  9.7  11  8.8-9.9-9.9
5017219740506 23.2 12.0  0.009900 10.9-99.9-99.9-99.9-9.9 9914.4 77 12.4   3  2.4-9.9-9.9
5017219740507 23.0 11.1  0.009900  8.7-99.9-99.9-99.9-9.9 9913.5 75 11.4   3  2.4-9.9-9.9
5017219740508 23.0  7.6  0.009900  4.2-99.9-99.9-99.9-9.9 9913.6 78 11.5   6  4.8-9.9-9.9
5017219740509 26.2 12.5  0.009900  9.7-99.9-99.9-99.9-9.9 9914.8 72 12.8  18 14.4-9.9-9.9
5017219740510 18.2 11.0  0.009900  6.7-99.9-99.9-99.9-9.9 9910.0 66  7.0  20 16.0-9.9-9.9
5017219740511 24.0  4.0  0.009900  0.5-99.9-99.9-99.9-9.9 99 9.1 60  5.6   8  6.4-9.9-9.9
5017219740512 25.5  3.0  0.009900 -1.8-99.9-99.9-99.9-9.9 99 9.3 56  5.9   3  2.4-9.9-9.9
5017219740513 20.5  5.0  0.009900 -0.3-99.9-99.9-99.9-9.9 99 8.3 57  4.3  13 10.4-9.9-9.9
5017219740514 22.2  2.7  0.009900 -2.8-99.9-99.9-99.9-9.9 9910.0 68  7.0  11  8.8-9.9-9.9
5017219740515 23.5  8.0  0.009900  2.8-99.9-99.9-99.9-9.9 9911.0 66  8.4   1  0.8-9.9-9.9
5017219740516 23.0  4.0  0.009900 -1.8-99.9-99.9-99.9-9.9 99 9.0 61  5.4   3  2.4-9.9-9.9
5017219740517 12.6  5.0  2.519900  3.1-99.9-99.9-99.9-9.9 99 8.8 81  5.1   3  2.4-9.9-9.9
5017219740518 15.0  0.5  0.009900 -2.8-99.9-99.9-99.9-9.9 99 9.5 83  6.2   5  4.0-9.9-9.9
5017219740519 18.5  6.8  0.009900  0.7-99.9-99.9-99.9-9.9 9910.6 77  7.8   6  4.8-9.9-9.9
5017219740520 16.0  6.8  0.519900  2.7-99.9-99.9-99.9-9.9 9910.3 89  7.4  11  8.8-9.9-9.9
5017219740521  7.2  5.0  3.919900  4.2-99.9-99.9-99.9-9.9 99 8.4 88  4.5   4  3.2-9.9-9.9
5017219740522  7.9  4.5  1.219900  3.7-99.9-99.9-99.9-9.9 99 8.7 92  5.0  17 13.6-9.9-9.9
5017219740523 11.6  4.5  0.009900  2.7-99.9-99.9-99.9-9.9 99 8.4 82  4.5   1  0.8-9.9-9.9
5017219740524 12.5  3.6  0.009900 -0.3-99.9-99.9-99.9-9.9 99 8.2 83  4.1   1  0.8-9.9-9.9
5017219740525 16.0  1.1  0.009900 -3.0-99.9-99.9-99.9-9.9 99 6.3 61  0.4   9  7.2-9.9-9.9
5017219740526 21.0 -1.5  0.009900 -6.8-99.9-99.9-99.9-9.9 99 6.7 54  1.3   6  4.8-9.9-9.9
5017219740527 23.4  0.2  0.009900 -4.8-99.9-99.9-99.9-9.9 99 7.3 58  2.5   3  2.4-9.9-9.9
5017219740528 21.5  2.0  0.009900 -4.3-99.9-99.9-99.9-9.9 99 6.4 48  0.6  14 11.2-9.9-9.9
5017219740529 20.5  3.0  0.009900 -1.1-99.9-99.9-99.9-9.9 99 7.8 58  3.4   4  3.2-9.9-9.9
5017219740530 11.2  0.5  0.009900 -4.3-99.9-99.9-99.9-9.9 99 8.9 88  5.3   3  2.4-9.9-9.9
5017219740531 17.3  6.6  0.009900  3.8-99.9-99.9-99.9-9.9 9910.4 82  7.5   3  2.4-9.9-9.9
5017219740601 16.8  2.4  0.009900 -1.9-99.9-99.9-99.9-9.9 99 8.0 70  3.8   6  4.8-9.9-9.9
5017219740602 15.5 -1.5  0.009900 -6.8-99.9-99.9-99.9-9.9 99 6.2 64  0.2   5  4.0-9.9-9.9
5017219740603 18.5 -1.7  0.009900 -7.3-99.9-99.9-99.9-9.9 99 5.9 59 -0.5   3  2.4-9.9-9.9
5017219740604 15.6  1.8  0.009900 -4.3-99.9-99.9-99.9-9.9 99 5.7 51 -1.0   3  2.4-9.9-9.9
5017219740605 15.6 -0.2  0.119900 -5.3-99.9-99.9-99.9-9.9 99 6.5 63  0.9  19 15.2-9.9-9.9
5017219740606 14.5 -1.0  0.009900 -7.8-99.9-99.9-99.9-9.9 99 6.0 59 -0.2  19 15.2-9.9-9.9
5017219740607 15.4  3.5  0.009900 -0.8-99.9-99.9-99.9-9.9 99 7.8 66  3.4  11  8.8-9.9-9.9
5017219740608 14.5  5.8  0.009900  3.3-99.9-99.9-99.9-9.9 99 7.6 69  3.0   1  0.8-9.9-9.9
5017219740609 17.0  0.1  0.009900 -6.3-99.9-99.9-99.9-9.9 99 6.5 65  0.9  11  8.8-9.9-9.9
5017219740610 20.0  4.5  0.009900 -2.3-99.9-99.9-99.9-9.9 99 6.4 54  0.6  14 11.2-9.9-9.9
5017219740611 13.8 -4.0  0.009900 -9.3-99.9-99.9-99.9-9.9 99 5.4 65 -1.7   3  2.4-9.9-9.9
5017219740612 15.0 -5.5  0.009900-10.8-99.9-99.9-99.9-9.9 99 6.1 71  0.0   3  2.4-9.9-9.9
5017219740613 15.7 -0.5  0.009900 -4.8-99.9-99.9-99.9-9.9 99 7.3 64  2.5  23 18.4-9.9-9.9
5017219740614 14.5 -0.5  0.009900 -5.3-99.9-99.9-99.9-9.9 99 6.2 62  0.2   8  6.4-9.9-9.9
5017219740615 15.4 -4.0  0.009900-11.3-99.9-99.9-99.9-9.9 99 5.4 59 -1.7   3  2.4-9.9-9.9
5017219740616 14.5 -4.7  0.009900 -8.8-99.9-99.9-99.9-9.9 99 6.0 65 -0.2   0  0.0-9.9-9.9
5017219740617 18.0 -1.6  0.009900 -7.0-99.9-99.9-99.9-9.9 99 7.2 72  2.3  11  8.8-9.9-9.9
5017219740618 17.0  2.5  0.009900 -3.3-99.9-99.9-99.9-9.9 99 7.9 67  3.6  16 12.8-9.9-9.9
5017219740619 16.5  4.5  0.009900  0.5-99.9-99.9-99.9-9.9 99 8.6 70  4.8   1  0.8-9.9-9.9
5017219740620 17.5 -0.5  0.009900 -7.6-99.9-99.9-99.9-9.9 99 5.2 44 -2.2  14 11.2-9.9-9.9
5017219740621 20.5 -1.7  0.009900 -8.3-99.9-99.9-99.9-9.9 99 4.4 38 -4.4   5  4.0-9.9-9.9
5017219740622 20.0 -2.6  0.009900 -8.2-99.9-99.9-99.9-9.9 99 5.6 45 -1.2   9  7.2-9.9-9.9
5017219740623 19.5  0.5  0.009900 -4.3-99.9-99.9-99.9-9.9 99 7.0 59  1.9   0  0.0-9.9-9.9
5017219740624 15.0 -0.7  0.009900 -4.8-99.9-99.9-99.9-9.9 99 7.2 69  2.3   0  0.0-9.9-9.9
5017219740625 21.0  2.1  0.009900 -3.3-99.9-99.9-99.9-9.9 99 6.4 57  0.6   3  2.4-9.9-9.9
5017219740626 14.0  0.5  0.009900 -5.8-99.9-99.9-99.9-9.9 99 6.5 63  0.9   0  0.0-9.9-9.9
5017219740627 19.7  2.3  0.009900 -1.9-99.9-99.9-99.9-9.9 99 9.4 75  6.1   6  4.8-9.9-9.9
5017219740628 10.3  7.5  0.009900  5.7-99.9-99.9-99.9-9.9 99 8.0 71  3.8   3  2.4-9.9-9.9
5017219740629 12.0  6.5  0.009900  3.7-99.9-99.9-99.9-9.9 99 9.7 84  6.5   8  6.4-9.9-9.9
5017219740630 10.0  6.0  0.009900  1.7-99.9-99.9-99.9-9.9 99 7.6 73  3.0  12  9.6-9.9-9.9
5017219740701 15.5  2.5  0.009900 -2.9-99.9-99.9-99.9-9.9 99 7.3 66  2.5   2  1.6-9.9-9.9
5017219740702 10.0  1.0  0.009900 -3.3-99.9-99.9-99.9-9.9 99 7.6 81  3.0   3  2.4-9.9-9.9
5017219740703 18.0  3.5  0.009900 -0.3-99.9-99.9-99.9-9.9 99 8.7 72  5.0   8  6.4-9.9-9.9
5017219740704 17.7  1.5  0.009900 -3.1-99.9-99.9-99.9-9.9 99 9.4 74  6.1   1  0.8-9.9-9.9
5017219740705 20.5  0.4  0.009900 -3.0-99.9-99.9-99.9-9.9 99 8.6 70  4.8   0  0.0-9.9-9.9
5017219740706 22.5  0.3  0.009900 -4.8-99.9-99.9-99.9-9.9 99 9.0 65  5.4  11  8.8-9.9-9.9
5017219740707 22.2  5.6  0.009900  0.7-99.9-99.9-99.9-9.9 9910.8 78  8.1  14 11.2-9.9-9.9
5017219740708 15.0  3.8  0.009900 -0.1-99.9-99.9-99.9-9.9 99 9.3 71  5.9   1  0.8-9.9-9.9
5017219740709 13.6  9.5  0.009900  7.7-99.9-99.9-99.9-9.9 99 9.0 66  5.4   6  4.8-9.9-9.9
5017219740710 17.4  7.6  0.009900  2.7-99.9-99.9-99.9-9.9 9910.0 73  7.0   5  4.0-9.9-9.9
5017219740711 16.3  3.4  0.009900 -1.1-99.9-99.9-99.9-9.9 99 8.8 75  5.1   1  0.8-9.9-9.9
5017219740712 20.2  5.0  0.009900  0.2-99.9-99.9-99.9-9.9 9911.4 78  8.9   6  4.8-9.9-9.9
5017219740713 15.4  5.8  0.009900  3.7-99.9-99.9-99.9-9.9 99 8.3 71  4.3  14 11.2-9.9-9.9
5017219740714 17.5 -1.5  0.009900 -7.3-99.9-99.9-99.9-9.9 99 5.7 48 -1.0  17 13.6-9.9-9.9
5017219740715 15.0 -1.6  0.009900 -6.8-99.9-99.9-99.9-9.9 99 6.0 61 -0.2   8  6.4-9.9-9.9
5017219740716 17.0 -2.6  0.009900 -8.3-99.9-99.9-99.9-9.9 99 5.6 56 -1.2   3  2.4-9.9-9.9
5017219740717 17.0 -3.6  0.009900 -7.3-99.9-99.9-99.9-9.9 99 5.6 58 -1.2   3  2.4-9.9-9.9
5017219740718 19.2 -2.4  0.009900 -8.3-99.9-99.9-99.9-9.9 99 5.3 57 -1.9  11  8.8-9.9-9.9
5017219740719 17.6 -1.3  0.009900 -6.3-99.9-99.9-99.9-9.9 99 5.2 48 -2.2   6  4.8-9.9-9.9
5017219740720  9.3 -6.0  0.009900-11.8-99.9-99.9-99.9-9.9 99 3.9 59 -6.0  15 12.0-9.9-9.9
5017219740721  5.5 -3.0  0.009900 -6.3-99.9-99.9-99.9-9.9 99 4.0 62 -5.7   7  5.6-9.9-9.9
5017219740722  3.4 -5.6  0.219900 -9.4-99.9-99.9-99.9-9.9 99 4.8 79 -3.3   3  2.4-9.9-9.9
5017219740723  4.0 -1.0  0.719901 -2.8-99.9-99.9-99.9-9.9 99 5.9 83 -0.5   3  2.4-9.9-9.9
5017219740724 10.7 -2.6  0.009900 -6.6-99.9-99.9-99.9-9.9 99 5.7 71 -1.0  16 12.8-9.9-9.9
5017219740725 14.7 -3.6  0.009900 -7.3-99.9-99.9-99.9-9.9 99 6.0 63 -0.2  17 13.6-9.9-9.9
5017219740726 18.5 -5.0  0.009900-10.8-99.9-99.9-99.9-9.9 99 6.4 64  0.6  12  9.6-9.9-9.9
5017219740727 24.5  1.6  0.009900 -4.0-99.9-99.9-99.9-9.9 99 5.8 44 -0.7  16 12.8-9.9-9.9
5017219740728 25.0  4.4  0.009900 -2.8-99.9-99.9-99.9-9.9 99 5.8 35 -0.7   3  2.4-9.9-9.9
5017219740729 18.7  2.4  0.009900 -1.6-99.9-99.9-99.9-9.9 99 6.3 53  0.4   8  6.4-9.9-9.9
5017219740730 20.2 -1.4  0.009900 -2.8-99.9-99.9-99.9-9.9 99 6.9 58  1.7   8  6.4-9.9-9.9
5017219740731 23.5 -1.0  0.009900 -4.8-99.9-99.9-99.9-9.9 99 6.8 55  1.5   3  2.4-9.9-9.9
5017219740801 14.5  3.5  2.719910 -2.3-99.9-99.9-99.9-9.9 9910.0 76  7.0   3  2.4-9.9-9.9
5017219740802 11.8  6.0  0.009900  4.2-99.9-99.9-99.9-9.9 99 8.6 86  4.8  11  8.8-9.9-9.9
5017219740803 14.0  3.5  0.009900 -0.3-99.9-99.9-99.9-9.9 99 7.2 68  2.3   8  6.4-9.9-9.9
5017219740804 19.2 -0.5  0.009900 -4.3-99.9-99.9-99.9-9.9 99 6.5 58  0.9  13 10.4-9.9-9.9
5017219740805 21.0  2.2  0.009900 -2.8-99.9-99.9-99.9-9.9 99 6.7 54  1.3   5  4.0-9.9-9.9
5017219740806 12.2 -0.3  0.009900 -2.8-99.9-99.9-99.9-9.9 99 3.9 46 -6.0  18 14.4-9.9-9.9
5017219740807 15.7 -6.3  0.009900-12.8-99.9-99.9-99.9-9.9 99 4.0 46 -5.7   8  6.4-9.9-9.9
5017219740808 19.0 -1.6  0.009900 -7.8-99.9-99.9-99.9-9.9 99 4.6 45 -3.8   3  2.4-9.9-9.9
5017219740809 22.0 -1.6  0.009900 -7.3-99.9-99.9-99.9-9.9 99 5.1 48 -2.5   3  2.4-9.9-9.9
5017219740810 23.3  2.0  0.009900 -4.8-99.9-99.9-99.9-9.9 99 6.0 44 -0.2   3  2.4-9.9-9.9
5017219740811 23.0 -0.6  0.009900 -7.3-99.9-99.9-99.9-9.9 99 5.6 44 -1.2   0  0.0-9.9-9.9
5017219740812 27.2  0.5  0.009900 -6.3-99.9-99.9-99.9-9.9 99 6.1 43  0.0   0  0.0-9.9-9.9
5017219740813 24.7  3.4  0.009900 -3.8-99.9-99.9-99.9-9.9 99 7.3 58  2.5   5  4.0-9.9-9.9
5017219740814 19.0  7.6  0.009900  2.0-99.9-99.9-99.9-9.9 99 5.5 40 -1.4   8  6.4-9.9-9.9
5017219740815 16.3 -1.0  0.009900 -7.3-99.9-99.9-99.9-9.9 99 5.0 50 -2.7   3  2.4-9.9-9.9
5017219740816 23.0 -0.3  0.009900 -5.1-99.9-99.9-99.9-9.9 99 5.8 43 -0.7  18 14.4-9.9-9.9
5017219740817 15.5  5.2  0.009900 -1.8-99.9-99.9-99.9-9.9 99 4.7 41 -3.6  26 20.8-9.9-9.9
5017219740818 19.7 -0.3  0.009900 -5.8-99.9-99.9-99.9-9.9 99 5.0 38 -2.7  22 17.6-9.9-9.9
5017219740819 23.0  6.0  0.009900  0.7-99.9-99.9-99.9-9.9 99 6.4 40  0.6   6  4.8-9.9-9.9
5017219740820 24.7 -0.2  0.009900 -6.3-99.9-99.9-99.9-9.9 99 6.1 41  0.0   8  6.4-9.9-9.9
5017219740821 29.4  9.1  0.009900  2.9-99.9-99.9-99.9-9.9 99 6.7 33  1.3   6  4.8-9.9-9.9
5017219740822 30.0  7.7  0.009900  1.9-99.9-99.9-99.9-9.9 99 8.2 38  4.1   8  6.4-9.9-9.9
5017219740823 19.7  7.4  0.009900  2.7-99.9-99.9-99.9-9.9 99 7.0 42  1.9  12  9.6-9.9-9.9
5017219740824 18.5  0.6  0.009900 -5.8-99.9-99.9-99.9-9.9 99 5.2 47 -2.2   3  2.4-9.9-9.9
5017219740825 20.7  0.1  0.009900 -6.8-99.9-99.9-99.9-9.9 99 5.8 45 -0.7   8  6.4-9.9-9.9
5017219740826 22.6  0.7  0.009900 -5.8-99.9-99.9-99.9-9.9 99 7.4 51  2.7   3  2.4-9.9-9.9
5017219740827 17.0  8.0  0.009900  4.2-99.9-99.9-99.9-9.9 99 5.9 43 -0.5  19 15.2-9.9-9.9
5017219740828 16.7  4.5  0.009900 -3.8-99.9-99.9-99.9-9.9 99 6.8 55  1.5   3  2.4-9.9-9.9
5017219740829 23.0 -1.6  0.009900 -7.3-99.9-99.9-99.9-9.9 99 5.7 49 -1.0  10  8.0-9.9-9.9
5017219740830 14.0 -2.0  0.009900 -8.3-99.9-99.9-99.9-9.9 99 5.1 55 -2.5   3  2.4-9.9-9.9
5017219740831 14.4 -3.0  0.009900-10.8-99.9-99.9-99.9-9.9 99 4.2 45 -5.0   5  4.0-9.9-9.9
5017219740901 14.7 -6.0  0.009900-12.8-99.9-99.9-99.9-9.9 99 3.9 41 -6.0   5  4.0-9.9-9.9
5017219740902 16.0 -5.3  0.009900-13.3-99.9-99.9-99.9-9.9 99 4.4 47 -4.4   5  4.0-9.9-9.9
5017219740903 18.5 -4.7  0.009900-11.3-99.9-99.9-99.9-9.9 99 4.8 48 -3.3   5  4.0-9.9-9.9
5017219740904 20.8 -2.0  0.009900 -7.8-99.9-99.9-99.9-9.9 99 5.8 46 -0.7   3  2.4-9.9-9.9
5017219740905 20.8 -0.4  0.009900 -9.3-99.9-99.9-99.9-9.9 99 5.1 39 -2.5   3  2.4-9.9-9.9
5017219740906 22.5 -3.0  0.009900 -7.8-99.9-99.9-99.9-9.9 99 5.6 44 -1.2  16 12.8-9.9-9.9
5017219740907 24.0  4.5  0.009900 -2.8-99.9-99.9-99.9-9.9 99 6.5 36  0.9  22 17.6-9.9-9.9
5017219740908 19.2 -1.0  0.009900 -8.8-99.9-99.9-99.9-9.9 99 5.0 38 -2.7   3  2.4-9.9-9.9
5017219740909 26.5  1.2  0.009900 -3.6-99.9-99.9-99.9-9.9 99 6.6 39  1.1  14 11.2-9.9-9.9
5017219740910 26.0  9.0  0.009900  2.0-99.9-99.9-99.9-9.9 99 8.7 42  5.0   8  6.4-9.9-9.9
5017219740911 22.7  8.6  0.009900  4.2-99.9-99.9-99.9-9.9 99 7.3 45  2.5  16 12.8-9.9-9.9
5017219740912 25.0  2.4  0.009900 -3.2-99.9-99.9-99.9-9.9 99 9.8 58  6.7  15 12.0-9.9-9.9
5017219740913 20.5  8.5  0.009900  5.7-99.9-99.9-99.9-9.9 9910.9 80  8.2  15 12.0-9.9-9.9
5017219740914 22.2  4.3 28.019900 -2.8-99.9-99.9-99.9-9.9 9910.4 66  7.5   8  6.4-9.9-9.9
5017219740915 14.4  7.5  1.319900  4.7-99.9-99.9-99.9-9.9 99 9.3 78  5.9  11  8.8-9.9-9.9
5017219740916 16.7  2.5  0.009900 -3.8-99.9-99.9-99.9-9.9 99 9.3 72  5.9   5  4.0-9.9-9.9
5017219740917 13.0  5.0  1.619900  4.2-99.9-99.9-99.9-9.9 99 8.2 85  4.1  33 26.4-9.9-9.9
5017219740918 14.8  5.0  0.009900  1.2-99.9-99.9-99.9-9.9 99 8.8 77  5.1   3  2.4-9.9-9.9
5017219740919 21.7  4.0  0.009900 -1.3-99.9-99.9-99.9-9.9 9910.8 70  8.1  11  8.8-9.9-9.9
5017219740920 21.0  5.6  0.009900 -1.3-99.9-99.9-99.9-9.9 99 8.1 47  3.9  24 19.2-9.9-9.9
5017219740921 15.5  6.2  0.009900 -0.8-99.9-99.9-99.9-9.9 99 5.5 47 -1.4  33 26.4-9.9-9.9
5017219740922  8.5  3.8  0.009900 -0.3-99.9-99.9-99.9-9.9 99 6.8 72  1.5  11  8.8-9.9-9.9
5017219740923 11.5  4.4  0.219900  2.1-99.9-99.9-99.9-9.9 99 8.1 76  3.9   0  0.0-9.9-9.9
5017219740924 14.3  6.0  0.009900  2.5-99.9-99.9-99.9-9.9 99 9.5 80  6.2   3  2.4-9.9-9.9
5017219740925 25.6  3.0  0.009900 -4.3-99.9-99.9-99.9-9.9 99 9.5 58  6.2   3  2.4-9.9-9.9
5017219740926 27.5  6.7  0.009900 -2.8-99.9-99.9-99.9-9.9 99 7.7 38  3.2   5  4.0-9.9-9.9
5017219740927 19.0  6.6  0.009900  0.7-99.9-99.9-99.9-9.9 99 8.8 64  5.1   3  2.4-9.9-9.9
5017219740928 19.8  0.0  0.009900 -7.3-99.9-99.9-99.9-9.9 99 6.1 46  0.0   6  4.8-9.9-9.9
5017219740929 24.5  1.2  0.009900 -5.8-99.9-99.9-99.9-9.9 99 7.4 43  2.7  11  8.8-9.9-9.9
5017219740930 22.0  4.2  0.009900 -0.8-99.9-99.9-99.9-9.9 99 8.3 51  4.3  22 17.6-9.9-9.9
5017219741001 26.5  6.0  0.009900 -1.8-99.9-99.9-99.9-9.9 99 9.1 47  5.6   8  6.4-9.9-9.9
5017219741002 26.6 11.0  0.009900  4.2-99.9-99.9-99.9-9.9 9910.6 47  7.8   3  2.4-9.9-9.9
5017219741003 26.2  8.4  0.009900 -6.3-99.9-99.9-99.9-9.9 99 8.9 44  5.3  23 18.4-9.9-9.9
5017219741004 22.0  6.2  0.009900 -3.8-99.9-99.9-99.9-9.9 99 5.9 34 -0.5  21 16.8-9.9-9.9
5017219741005 23.6  2.0  0.009900-99.9-99.9-99.9-99.9-9.9 99 6.1 38  0.0   8  6.4-9.9-9.9
5017219741006 30.0  4.4  0.009900-99.9-99.9-99.9-99.9-9.9 99 7.9 35  3.6   5  4.0-9.9-9.9
5017219741007 31.0 13.2  0.009900-99.9-99.9-99.9-99.9-9.9 99 9.4 34  6.1  10  8.0-9.9-9.9
5017219741008 32.0 10.5  0.009900-99.9-99.9-99.9-99.9-9.9 9910.8 37  8.1   4  3.2-9.9-9.9
5017219741009 29.0 12.0  0.009900-99.9-99.9-99.9-99.9-9.9 99 9.9 38  6.8  16 12.8-9.9-9.9
5017219741010 26.3 10.7  0.009900-99.9-99.9-99.9-99.9-9.9 9911.7 51  9.3  16 12.8-9.9-9.9
5017219741011 26.0 12.5  0.009900-99.9-99.9-99.9-99.9-9.9 9914.4 63 12.4  22 17.6-9.9-9.9
5017219741012 25.0 13.5  0.009900-99.9-99.9-99.9-99.9-9.9 9915.3 69 13.3  24 19.2-9.9-9.9
5017219741013 28.5 11.0  0.009900-99.9-99.9-99.9-99.9-9.9 9916.6 70 14.6   9  7.2-9.9-9.9
5017219741014 31.5 12.5  4.219900-99.9-99.9-99.9-99.9-9.9 9917.4 71 15.3   6  4.8-9.9-9.9
5017219741015 25.0  9.7  2.919900-99.9-99.9-99.9-99.9-9.9 9914.3 65 12.3  24 19.2-9.9-9.9
5017219741016 20.2 11.0  0.009900-99.9-99.9-99.9-99.9-9.9 9913.2 77 11.1   6  4.8-9.9-9.9
5017219741017 28.0  8.7  0.009900-99.9-99.9-99.9-99.9-9.9 9913.1 55 11.0   4  3.2-9.9-9.9
5017219741018 27.2 11.0  0.009900-99.9-99.9-99.9-99.9-9.9 9912.7 59 10.5  16 12.8-9.9-9.9
5017219741019 23.5 11.0  0.009900-99.9-99.9-99.9-99.9-9.9 99 7.4 36  2.7  14 11.2-9.9-9.9
5017219741020 26.0  5.5  0.009900-99.9-99.9-99.9-99.9-9.9 9911.1 51  8.5  15 12.0-9.9-9.9
5017219741021 30.5  7.5  0.009900-99.9-99.9-99.9-99.9-9.9 9912.9 52 10.7   6  4.8-9.9-9.9
5017219741022 27.8 12.0  0.009900-99.9-99.9-99.9-99.9-9.9 9910.9 47  8.2  11  8.8-9.9-9.9
5017219741023 28.0  7.5  0.009900-99.9-99.9-99.9-99.9-9.9 99 7.5 35  2.9  33 26.4-9.9-9.9
5017219741024 19.0  1.0  0.009900-99.9-99.9-99.9-99.9-9.9 99-9.9-99-99.9 -99-99.9-9.9-9.9
5017219741025 23.0-99.9  0.009900-99.9-99.9-99.9-99.9-9.9 99-9.9-99-99.9 -99-99.9-9.9-9.9
5017219741026 25.7  6.6  0.009900-99.9-99.9-99.9-99.9-9.9 9910.3 50  7.4   1  0.8-9.9-9.9
5017219741027 29.7  6.0  0.009900-99.9-99.9-99.9-99.9-9.9 9910.0 43  7.0  15 12.0-9.9-9.9
5017219741028 24.5  8.5  0.009900-99.9-99.9-99.9-99.9-9.9 99 8.5 43  4.6   8  6.4-9.9-9.9
5017219741029 26.0  1.4  0.009900-99.9-99.9-99.9-99.9-9.9 99 7.5 39  2.9   4  3.2-9.9-9.9
5017219741030 31.5  8.2  0.009900-99.9-99.9-99.9-99.9-9.9 99 9.5 34  6.2   5  4.0-9.9-9.9
5017219741031 33.0  8.2  0.009900-99.9-99.9-99.9-99.9-9.9 99 9.9 37  6.8  12  9.6-9.9-9.9
5017219741101 35.0 10.6  0.009900-99.9-99.9-99.9-99.9-9.9 9911.8 34  9.4  16 12.8-9.9-9.9
5017219741102 33.3 14.0  0.009900-99.9-99.9-99.9-99.9-9.9 9912.3 36 10.0  14 11.2-9.9-9.9
5017219741103 26.5 15.5  0.009900-99.9-99.9-99.9-99.9-9.9 99 8.3 32  4.3  31 24.8-9.9-9.9
5017219741104 20.0  9.0  0.009900-99.9-99.9-99.9-99.9-9.9 99 7.2 48  2.3  16 12.8-9.9-9.9
5017219741105 28.4  3.5  0.009900-99.9-99.9-99.9-99.9-9.9 99 8.2 37  4.1   2  1.6-9.9-9.9
5017219741106 32.5  8.5  0.009900-99.9-99.9-99.9-99.9-9.9 99 9.4 46  6.1   6  4.8-9.9-9.9
5017219741107 32.0 14.0  0.009900-99.9-99.9-99.9-99.9-9.9 99 9.9 32  6.8   9  7.2-9.9-9.9
5017219741108 34.0 14.4  0.009900-99.9-99.9-99.9-99.9-9.9 9910.6 33  7.8   3  2.4-9.9-9.9
5017219741109 33.5 13.3  0.009900-99.9-99.9-99.9-99.9-9.9 9913.3 47 11.2  16 12.8-9.9-9.9
5017219741110 29.5 11.6  0.319900-99.9-99.9-99.9-99.9-9.9 9912.7 48 10.5  16 12.8-9.9-9.9
5017219741111 22.0 11.2  0.009900-99.9-99.9-99.9-99.9-9.9 9912.6 66 10.4  20 16.0-9.9-9.9
5017219741112 27.2  8.1  0.009900-99.9-99.9-99.9-99.9-9.9 9912.7 58 10.5  11  8.8-9.9-9.9
5017219741113 28.3 11.4  0.009900-99.9-99.9-99.9-99.9-9.9 9913.5 55 11.4  17 13.6-9.9-9.9
5017219741114 30.5 12.0  0.009900-99.9-99.9-99.9-99.9-9.9 9913.9 54 11.9   9  7.2-9.9-9.9
5017219741115 26.5 13.1  0.009900-99.9-99.9-99.9-99.9-9.9 9912.0 49  9.7   8  6.4-9.9-9.9
5017219741116 32.1 12.5  0.009900-99.9-99.9-99.9-99.9-9.9 9916.2 52 14.2  17 13.6-9.9-9.9
5017219741117 31.7 12.5  1.019910-99.9-99.9-99.9-99.9-9.9 9912.3 39 10.0  19 15.2-9.9-9.9
5017219741118 26.4  9.6  0.009900-99.9-99.9-99.9-99.9-9.9 99 7.2 40  2.3  19 15.2-9.9-9.9
5017219741119 27.5  1.5  0.009900-99.9-99.9-99.9-99.9-9.9 99 7.4 38  2.7   5  4.0-9.9-9.9
5017219741120 27.0  8.5  0.009900-99.9-99.9-99.9-99.9-9.9 99 9.3 43  5.9   6  4.8-9.9-9.9
5017219741121 27.0 11.4  0.009900-99.9-99.9-99.9-99.9-9.9 99 8.4 37  4.5  14 11.2-9.9-9.9
5017219741122 33.0  9.3  0.009900-99.9-99.9-99.9-99.9-9.9 9911.0 34  8.4  11  8.8-9.9-9.9
5017219741123 34.2 13.6  0.009900-99.9-99.9-99.9-99.9-9.9 99 8.7 30  5.0  33 26.4-9.9-9.9
5017219741124 31.0  8.0  0.009900-99.9-99.9-99.9-99.9-9.9 99 7.1 26  2.1  13 10.4-9.9-9.9
5017219741125 30.5  8.5  0.009900-99.9-99.9-99.9-99.9-9.9 99 8.1 26  3.9   9  7.2-9.9-9.9
5017219741126 31.5 10.1  0.009900-99.9-99.9-99.9-99.9-9.9 99 8.9 32  5.3  14 11.2-9.9-9.9
5017219741127 22.5  8.1  0.009900-99.9-99.9-99.9-99.9-9.9 9910.0 49  7.0  10  8.0-9.9-9.9
5017219741128 30.5  9.0  0.009900-99.9-99.9-99.9-99.9-9.9 9911.6 43  9.2   8  6.4-9.9-9.9
5017219741129 27.5  9.9  0.009900-99.9-99.9-99.9-99.9-9.9 99 9.7 37  6.5   7  5.6-9.9-9.9
5017219741130 29.0 12.0  0.009900-99.9-99.9-99.9-99.9-9.9 9910.1 40  7.1   6  4.8-9.9-9.9
5017219741201 24.5  9.0  0.009900  8.1-99.9-99.9-99.9-9.9 99 7.9 39  3.6  22 17.6-9.9-9.9
5017219741202 26.5  6.0  0.009900  1.5-99.9-99.9-99.9-9.9 99 9.6 45  6.4   6  4.8-9.9-9.9
5017219741203 31.5  7.0  0.009900  4.0-99.9-99.9-99.9-9.9 9911.7 39  9.3   9  7.2-9.9-9.9
5017219741204 34.3 13.5  0.009900  9.0-99.9-99.9-99.9-9.9 9914.8 38 12.8  14 11.2-9.9-9.9
5017219741205 34.2 14.4  2.119900 10.5-99.9-99.9-99.9-9.9 9916.9 58 14.9   6  4.8-9.9-9.9
5017219741206 33.7 13.2  0.319900 10.8-99.9-99.9-99.9-9.9 9919.4 58 17.0   5  4.0-9.9-9.9
5017219741207 27.0 15.1 10.019900 15.6-99.9-99.9-99.9-9.9 9916.3 80 14.3   6  4.8-9.9-9.9
5017219741208 23.7 10.5  0.009900  8.2-99.9-99.9-99.9-9.9 9914.8 72 12.8  37 29.6-9.9-9.9
5017219741209 12.8  6.5  2.219900  8.0-99.9-99.9-99.9-9.9 9910.0 83  7.0  16 12.8-9.9-9.9
5017219741210 11.5  8.0 41.019900  8.5-99.9-99.9-99.9-9.9 9911.9 96  9.5   6  4.8-9.9-9.9
5017219741211 18.5 10.0  2.919900 10.5-99.9-99.9-99.9-9.9 9913.8 84 11.8  13 10.4-9.9-9.9
5017219741212 28.8  9.0  0.009900  5.5-99.9-99.9-99.9-9.9 9916.0 64 14.0   3  2.4-9.9-9.9
5017219741213 33.7 11.5  0.009900  8.5-99.9-99.9-99.9-9.9 9918.8 56 16.5  11  8.8-9.9-9.9
5017219741214 32.8 14.3  0.009900 11.2-99.9-99.9-99.9-9.9 9917.9 49 15.8  14 11.2-9.9-9.9
5017219741215 32.0 16.7  0.009900 13.3-99.9-99.9-99.9-9.9 9917.8 59 15.7  16 12.8-9.9-9.9
5017219741216 27.5 15.3  7.019900 15.0-99.9-99.9-99.9-9.9 9915.8 59 13.8  12  9.6-9.9-9.9
5017219741217 25.8 12.5  0.009900 11.0-99.9-99.9-99.9-9.9 9914.1 62 12.1  11  8.8-9.9-9.9
5017219741218 30.5 14.0  8.219900 13.0-99.9-99.9-99.9-9.9 9915.0 55 13.0  11  8.8-9.9-9.9
5017219741219 26.0 14.0  0.009900 12.0-99.9-99.9-99.9-9.9 9917.8 73 15.7   6  4.8-9.9-9.9
5017219741220 30.7 15.5  0.009900 15.1-99.9-99.9-99.9-9.9 9917.3 60 15.2   1  0.8-9.9-9.9
5017219741221 33.4 12.5  0.009900 10.0-99.9-99.9-99.9-9.9 9916.0 50 14.0   8  6.4-9.9-9.9
5017219741222 35.2 16.0  0.009900 13.5-99.9-99.9-99.9-9.9 9917.6 49 15.5   3  2.4-9.9-9.9
5017219741223 32.5 18.5  0.419900 15.0-99.9-99.9-99.9-9.9 9914.9 43 12.9  29 23.2-9.9-9.9
5017219741224 28.0 17.0  0.519900 16.2-99.9-99.9-99.9-9.9 9917.1 56 15.0  11  8.8-9.9-9.9
5017219741225 35.0 15.5 94.519900 12.6-99.9-99.9-99.9-9.9 9919.0 62 16.7  12  9.6-9.9-9.9
5017219741226 28.2 15.0  0.819900 10.4-99.9-99.9-99.9-9.9 9916.8 73 14.8  21 16.8-9.9-9.9
5017219741227 22.0 10.1  1.219900  9.0-99.9-99.9-99.9-9.9 99 9.9 58  6.8   9  7.2-9.9-9.9
5017219741228 27.0  7.3  0.009900  3.5-99.9-99.9-99.9-9.9 9911.1 48  8.5   5  4.0-9.9-9.9
5017219741229 30.7 11.0  0.009900  8.5-99.9-99.9-99.9-9.9 9913.5 47 11.4   2  1.6-9.9-9.9
5017219741230 26.0 12.2  0.009900  9.2-99.9-99.9-99.9-9.9 9910.1 45  7.1  26 20.8-9.9-9.9
5017219741231 28.5  8.0  0.009900  5.5-99.9-99.9-99.9-9.9 9910.5 42  7.7   8  6.4-9.9-9.9
5017219750101 33.5 10.2  0.009900  7.0-99.9-99.9-99.9-9.9 9914.9 46 12.9   8  6.4-9.9-9.9
5017219750102 35.0 15.0  0.009900 11.1-99.9-99.9-99.9-9.9 9915.0 45 13.0  11  8.8-9.9-9.9
5017219750103 32.0 15.6  0.009900 14.5-99.9-99.9-99.9-9.9 9916.8 60 14.8  12  9.6-9.9-9.9
5017219750104 29.0 13.0  2.219900 10.7-99.9-99.9-99.9-9.9 9916.9 68 14.9  17 13.6-9.9-9.9
5017219750105 31.6 13.0  0.519900 11.5-99.9-99.9-99.9-9.9 9918.3 71 16.1   1  0.8-9.9-9.9
5017219750106 29.5 13.0  0.009900 16.0-99.9-99.9-99.9-9.9 9914.3 48 12.3  27 21.6-9.9-9.9
5017219750107 29.5 13.7  0.009900 10.0-99.9-99.9-99.9-9.9 9913.0 48 10.9   9  7.2-9.9-9.9
5017219750108 27.5 16.1  2.519900 14.0-99.9-99.9-99.9-9.9 9916.9 70 14.9  27 21.6-9.9-9.9
5017219750109 23.0 13.1  0.219900 13.0-99.9-99.9-99.9-9.9 9913.4 66 11.3  14 11.2-9.9-9.9
5017219750110 29.0  9.1  0.009900  5.0-99.9-99.9-99.9-9.9 9912.7 53 10.5   7  5.6-9.9-9.9
5017219750111 32.5 14.5  0.319900  8.5-99.9-99.9-99.9-9.9 9914.3 52 12.3  11  8.8-9.9-9.9
5017219750112 33.2 12.5  0.009900  9.0-99.9-99.9-99.9-9.9 9916.3 52 14.3   6  4.8-9.9-9.9
5017219750113 31.5 14.6  0.009900 10.5-99.9-99.9-99.9-9.9 9915.4 49 13.4  11  8.8-9.9-9.9
5017219750114 35.5 16.0  0.009900 13.2-99.9-99.9-99.9-9.9 9919.3 54 16.9   2  1.6-9.9-9.9
5017219750115 35.6 17.6  0.009900 14.6-99.9-99.9-99.9-9.9 9915.4 41 13.4   9  7.2-9.9-9.9
5017219750116 31.2 13.5  0.009900  8.1-99.9-99.9-99.9-9.9 9913.8 46 11.8  13 10.4-9.9-9.9
5017219750117 26.2  8.0  0.009900  3.5-99.9-99.9-99.9-9.9 99 9.8 43  6.7  12  9.6-9.9-9.9
5017219750118 30.7  7.5  0.009900  4.0-99.9-99.9-99.9-9.9 9911.2 40  8.6   6  4.8-9.9-9.9
5017219750119 35.0 11.5  0.009900  8.5-99.9-99.9-99.9-9.9 9915.5 44 13.5   3  2.4-9.9-9.9
5017219750120 37.0 18.4  0.009900 15.0-99.9-99.9-99.9-9.9 9917.7 45 15.6   2  1.6-9.9-9.9
5017219750121 35.7 19.4  0.009900 17.2-99.9-99.9-99.9-9.9 9915.5 40 13.5  13 10.4-9.9-9.9
5017219750122 33.1 20.0  0.009900 19.0-99.9-99.9-99.9-9.9 9912.8 36 10.6  13 10.4-9.9-9.9
5017219750123 30.5 13.6  0.009900  9.0-99.9-99.9-99.9-9.9 9914.7 49 12.7  16 12.8-9.9-9.9
5017219750124 30.0 14.4  0.009900 12.5-99.9-99.9-99.9-9.9 9915.0 51 13.0  16 12.8-9.9-9.9
5017219750125 35.0 14.0  4.019900 10.2-99.9-99.9-99.9-9.9 9917.2 50 15.1   6  4.8-9.9-9.9
5017219750126 34.0 18.5  0.009900 17.0-99.9-99.9-99.9-9.9 9917.6 56 15.5   9  7.2-9.9-9.9
5017219750127 25.4 18.5  0.009900 19.4-99.9-99.9-99.9-9.9 9916.7 67 14.7  10  8.0-9.9-9.9
5017219750128 33.0 17.0  0.009900 14.5-99.9-99.9-99.9-9.9 9920.5 59 17.9   5  4.0-9.9-9.9
5017219750129 36.2 21.0  3.019900 19.0-99.9-99.9-99.9-9.9 9923.9 58 20.4   8  6.4-9.9-9.9
5017219750130 34.2 19.5  0.009900 18.5-99.9-99.9-99.9-9.9 9925.7 70 21.5   6  4.8-9.9-9.9
5017219750131-99.9-99.9  0.009900 20.5-99.9-99.9-99.9-9.9 99-9.9-99-99.9 -99-99.9-9.9-9.9
5017219750201-99.9-99.9  0.009900-99.9-99.9-99.9-99.9-9.9 99-9.9-99-99.9 -99-99.9-9.9-9.9
5017219750202-99.9-99.9  5.019900-99.9-99.9-99.9-99.9-9.9 99-9.9-99-99.9 -99-99.9-9.9-9.9
5017219750203 25.6 15.3  0.009900 12.0-99.9-99.9-99.9-9.9 9916.8 66 14.8  11  8.8-9.9-9.9
5017219750204 29.0 10.7  0.009900  6.7-99.9-99.9-99.9-9.9 9914.4 56 12.4   7  5.6-9.9-9.9
5017219750205 30.0 13.5 14.319900 10.5-99.9-99.9-99.9-9.9 9915.9 61 13.9  21 16.8-9.9-9.9
5017219750206 27.0 12.0  8.319900 10.5-99.9-99.9-99.9-9.9 9916.9 79 14.9   6  4.8-9.9-9.9
5017219750207 28.5 10.2  0.009900  8.0-99.9-99.9-99.9-9.9 9916.3 71 14.3   6  4.8-9.9-9.9
5017219750208 33.5 13.6  0.009900 12.0-99.9-99.9-99.9-9.9 9921.1 62 18.4  11  8.8-9.9-9.9
5017219750209 32.7 18.0  4.519900 17.0-99.9-99.9-99.9-9.9 9921.3 63 18.5  16 12.8-9.9-9.9
5017219750210 30.2 17.2  0.009900 17.5-99.9-99.9-99.9-9.9 9922.2 74 19.2   6  4.8-9.9-9.9
5017219750211 29.0 18.2  0.009900 18.0-99.9-99.9-99.9-9.9 9921.0 76 18.3  11  8.8-9.9-9.9
5017219750212 28.5 12.5  0.009900  8.5-99.9-99.9-99.9-9.9 9915.6 64 13.6   1  0.8-9.9-9.9
5017219750213 33.2 12.0  0.009900  8.0-99.9-99.9-99.9-9.9 9920.8 74 18.1   4  3.2-9.9-9.9
5017219750214 32.5 17.6  0.009900 17.0-99.9-99.9-99.9-9.9 9915.4 51 13.4  27 21.6-9.9-9.9
5017219750215 26.0  5.5  0.009900  0.8-99.9-99.9-99.9-9.9 9910.5 49  7.7   8  6.4-9.9-9.9
5017219750216 33.5 10.7  0.009900  6.1-99.9-99.9-99.9-9.9 9915.4 54 13.4   6  4.8-9.9-9.9
5017219750217 30.5 14.5  0.009900 10.5-99.9-99.9-99.9-9.9 9913.6 48 11.5  19 15.2-9.9-9.9
5017219750218 35.3 11.0  0.009900  7.3-99.9-99.9-99.9-9.9 9917.4 68 15.3   3  2.4-9.9-9.9
5017219750219 32.0 12.5  0.009900  7.0-99.9-99.9-99.9-9.9 9916.4 60 14.4   4  3.2-9.9-9.9
5017219750220 32.5 10.5  0.009900  6.5-99.9-99.9-99.9-9.9 9915.6 54 13.6   6  4.8-9.9-9.9
5017219750221 35.5 11.7  0.009900  9.0-99.9-99.9-99.9-9.9 9918.5 59 16.3   3  2.4-9.9-9.9
5017219750222 35.5 14.0  7.019900 10.2-99.9-99.9-99.9-9.9 9919.7 53 17.3   0  0.0-9.9-9.9
5017219750223 29.2 10.2  0.319900 10.0-99.9-99.9-99.9-9.9 9911.1 63  8.5  34 27.2-9.9-9.9
5017219750224 24.0  4.5  0.009900  0.2-99.9-99.9-99.9-9.9 9911.9 66  9.5   6  4.8-9.9-9.9
5017219750225 31.6  7.5  0.009900  2.5-99.9-99.9-99.9-9.9 9911.4 47  8.9  13 10.4-9.9-9.9
5017219750226 31.0 12.1  0.009900 10.0-99.9-99.9-99.9-9.9 9911.9 46  9.5   5  4.0-9.9-9.9
5017219750227 35.0 10.0  0.009900  7.0-99.9-99.9-99.9-9.9 9915.0 54 13.0   8  6.4-9.9-9.9
5017219750228 32.0 16.2  0.009900 13.0-99.9-99.9-99.9-9.9 9911.9 38  9.5   6  4.8-9.9-9.9
5017219750301 32.5 12.5  0.009900  9.5-99.9-99.9-99.9-9.9 9915.4 50 13.4   6  4.8-9.9-9.9
5017219750302 36.0 15.0  0.009900 13.0-99.9-99.9-99.9-9.9 9919.6 54 17.2   4  3.2-9.9-9.9
5017219750303 35.6 19.4 33.219900 17.0-99.9-99.9-99.9-9.9 9921.8 57 18.9   1  0.8-9.9-9.9
5017219750304 29.2 16.0  0.009910 15.2-99.9-99.9-99.9-9.9 9913.4 52 11.3  27 21.6-9.9-9.9
5017219750305 21.8 12.0  0.009900 12.0-99.9-99.9-99.9-9.9 9910.4 54  7.5  13 10.4-9.9-9.9
5017219750306 25.7  5.6  0.009900  3.2-99.9-99.9-99.9-9.9 9911.5 60  9.0   3  2.4-9.9-9.9
5017219750307 30.0  8.0  0.009900  5.0-99.9-99.9-99.9-9.9 9912.2 51  9.9  11  8.8-9.9-9.9
5017219750308 31.0 11.0  0.009900  8.5-99.9-99.9-99.9-9.9 9915.7 60 13.7   1  0.8-9.9-9.9
5017219750309 30.5 13.0 65.019910 12.0-99.9-99.9-99.9-9.9 9915.8 53 13.8  14 11.2-9.9-9.9
5017219750310 26.5 12.5  0.009900  0.0-99.9-99.9-99.9-9.9 9918.8 80 16.5   2  1.6-9.9-9.9
5017219750311 26.0 14.7 14.319900 13.5-99.9-99.9-99.9-9.9 9919.6 81 17.2   9  7.2-9.9-9.9
5017219750312 25.0 17.0  0.719900 17.0-99.9-99.9-99.9-9.9 9919.9 82 17.4   8  6.4-9.9-9.9
5017219750313 23.0 15.4  0.009900 16.0-99.9-99.9-99.9-9.9 9919.1 86 16.8  12  9.6-9.9-9.9
5017219750314 26.7 14.5  0.009900 12.3-99.9-99.9-99.9-9.9 9919.1 74 16.8   8  6.4-9.9-9.9
5017219750315 22.2 14.5 12.019900 15.0-99.9-99.9-99.9-9.9 9914.7 77 12.7  18 14.4-9.9-9.9
5017219750316 17.9 12.5 22.319900 13.0-99.9-99.9-99.9-9.9 9917.0 96 15.0  13 10.4-9.9-9.9
5017219750317 17.0 13.0  0.719900 13.5-99.9-99.9-99.9-9.9 9916.5 91 14.5   9  7.2-9.9-9.9
5017219750318 23.8 14.2  0.009900 14.2-99.9-99.9-99.9-9.9 9913.3 64 11.2  14 11.2-9.9-9.9
5017219750319 23.6  7.0  0.009900  3.8-99.9-99.9-99.9-9.9 9912.4 70 10.1   1  0.8-9.9-9.9
5017219750320 28.0  9.5  0.009900  6.5-99.9-99.9-99.9-9.9 9913.6 63 11.5  20 16.0-9.9-9.9
5017219750321 24.5 11.0  0.009900  8.5-99.9-99.9-99.9-9.9 9910.8 53  8.1  18 14.4-9.9-9.9
5017219750322 21.0  9.0  0.009900  7.5-99.9-99.9-99.9-9.9 9911.3 68  8.8  13 10.4-9.9-9.9
5017219750323 22.0  6.0  0.009900  2.9-99.9-99.9-99.9-9.9 9911.0 65  8.4   8  6.4-9.9-9.9
5017219750324 19.0  8.0  0.219900  5.8-99.9-99.9-99.9-9.9 9913.6 79 11.5   9  7.2-9.9-9.9
5017219750325 18.3 12.0 20.919900 12.4-99.9-99.9-99.9-9.9 9915.2 91 13.2  11  8.8-9.9-9.9
5017219750326 24.0 11.7  2.119900 11.1-99.9-99.9-99.9-9.9 9916.5 82 14.5   0  0.0-9.9-9.9
5017219750327 18.4 13.0 31.419900 12.0-99.9-99.9-99.9-9.9 9915.7 91 13.7   6  4.8-9.9-9.9
5017219750328 24.5  8.7  2.019900  6.0-99.9-99.9-99.9-9.9 9914.0 73 12.0   2  1.6-9.9-9.9
5017219750329 24.0  7.7  0.009900  4.6-99.9-99.9-99.9-9.9 9913.3 73 11.2   3  2.4-9.9-9.9
5017219750330 24.5  7.5  5.919900  4.0-99.9-99.9-99.9-9.9 9914.7 76 12.7  13 10.4-9.9-9.9
5017219750331 18.2 11.0  0.519900 12.0-99.9-99.9-99.9-9.9 9913.8 84 11.8  17 13.6-9.9-9.9
5017219750401 23.0  6.5  0.009900  3.5-99.9-99.9-99.9-9.9 9912.6 77 10.4   0  0.0-9.9-9.9
5017219750402 25.5  8.0  0.009900  4.4-99.9-99.9-99.9-9.9 9912.8 69 10.6   4  3.2-9.9-9.9
5017219750403 27.5  9.5  0.009900  7.0-99.9-99.9-99.9-9.9 9915.3 69 13.3  13 10.4-9.9-9.9
5017219750404 28.0 12.4  0.009900 10.8-99.9-99.9-99.9-9.9 9915.8 68 13.8   6  4.8-9.9-9.9
5017219750405 27.5 12.2  0.009900 10.0-99.9-99.9-99.9-9.9 9917.2 76 15.1   8  6.4-9.9-9.9
5017219750406 28.0 12.0  7.619900 10.5-99.9-99.9-99.9-9.9 9916.9 73 14.9  12  9.6-9.9-9.9
5017219750407 21.0  9.5  3.019900  9.3-99.9-99.9-99.9-9.9 9910.7 78  8.0  13 10.4-9.9-9.9
5017219750408 21.0  2.0  0.009900 -1.0-99.9-99.9-99.9-9.9 99 9.9 71  6.8   5  4.0-9.9-9.9
5017219750409 23.2  8.0  0.009900  3.5-99.9-99.9-99.9-9.9 9911.9 64  9.5  17 13.6-9.9-9.9
5017219750410 24.5 10.5  0.009900  7.6-99.9-99.9-99.9-9.9 9912.2 62  9.9   3  2.4-9.9-9.9
5017219750411 24.0 10.0  0.009900 10.5-99.9-99.9-99.9-9.9 9914.0 78 12.0   3  2.4-9.9-9.9
5017219750412 29.0 10.5 23.119900  7.7-99.9-99.9-99.9-9.9 9916.9 71 14.9  19 15.2-9.9-9.9
5017219750413 23.0 12.0  0.009900 10.7-99.9-99.9-99.9-9.9 9911.0 68  8.4   9  7.2-9.9-9.9
5017219750414 19.0  4.5  0.009900  0.5-99.9-99.9-99.9-9.9 99 9.3 73  5.9   3  2.4-9.9-9.9
5017219750415 23.7  6.5  0.009900  3.0-99.9-99.9-99.9-9.9 99 9.6 57  6.4  11  8.8-9.9-9.9
5017219750416 24.2  7.5  0.009900  4.0-99.9-99.9-99.9-9.9 9910.9 61  8.2   6  4.8-9.9-9.9
5017219750417 24.7  7.5  0.009900  4.7-99.9-99.9-99.9-9.9 9912.7 70 10.5   4  3.2-9.9-9.9
5017219750418 27.1  7.1  0.009900  3.0-99.9-99.9-99.9-9.9 9913.6 67 11.5   2  1.6-9.9-9.9
5017219750419 28.0  8.5  0.009900  5.5-99.9-99.9-99.9-9.9 9915.5 72 13.5   3  2.4-9.9-9.9
5017219750420 29.7 11.0  0.009900  7.7-99.9-99.9-99.9-9.9 9917.0 70 15.0   3  2.4-9.9-9.9
5017219750421 26.5 11.5  0.519900  9.0-99.9-99.9-99.9-9.9 9919.5 85 17.1   3  2.4-9.9-9.9
5017219750422 22.4 11.7  0.009900  4.0-99.9-99.9-99.9-9.9 99 9.2 51  5.8  11  8.8-9.9-9.9
5017219750423 26.0  6.1  0.009900  2.0-99.9-99.9-99.9-9.9 9910.0 54  7.0  11  8.8-9.9-9.9
5017219750424 25.7  5.5  0.009900  2.5-99.9-99.9-99.9-9.9 9912.0 66  9.7   6  4.8-9.9-9.9
5017219750425 26.4  9.5  0.009900  6.5-99.9-99.9-99.9-9.9 9912.9 63 10.7  11  8.8-9.9-9.9
5017219750426 25.7  8.5  0.009900  5.0-99.9-99.9-99.9-9.9 9914.3 70 12.3   5  4.0-9.9-9.9
5017219750427 24.2 13.0  5.119900  9.5-99.9-99.9-99.9-9.9 9918.6 86 16.4   3  2.4-9.9-9.9
5017219750428 18.2 12.0  0.119910 11.0-99.9-99.9-99.9-9.9 99 9.9 66  6.8  27 21.6-9.9-9.9
5017219750429 12.0  2.5  0.009900  3.0-99.9-99.9-99.9-9.9 99 5.7 62 -1.0  14 11.2-9.9-9.9
5017219750430 11.5 -3.0  0.009900 -6.0-99.9-99.9-99.9-9.9 99 5.4 64 -1.7   3  2.4-9.9-9.9
5017219750501 16.2 -1.7  0.009900 -6.0-99.9-99.9-99.9-9.9 99 5.9 56 -0.5   8  6.4-9.9-9.9
5017219750502 27.3  1.3  0.009900 -3.8-99.9-99.9-99.9-9.9 99 6.6 42  1.1  24 19.2-9.9-9.9
5017219750503 18.0  9.4  1.819900  7.0-99.9-99.9-99.9-9.9 9911.2 88  8.6   0  0.0-9.9-9.9
5017219750504 22.2  2.0  0.009900 -0.5-99.9-99.9-99.9-9.9 9910.0 69  7.0  13 10.4-9.9-9.9
5017219750505 23.2  2.5  0.009900 -1.8-99.9-99.9-99.9-9.9 99 9.5 64  6.2   3  2.4-9.9-9.9
5017219750506 24.4  8.5  0.009900  4.5-99.9-99.9-99.9-9.9 9910.4 57  7.5  22 17.6-9.9-9.9
5017219750507 25.0  8.0  0.009900  3.7-99.9-99.9-99.9-9.9 9912.1 71  9.8  11  8.8-9.9-9.9
5017219750508 24.2  5.4  0.009900  1.5-99.9-99.9-99.9-9.9 9912.7 79 10.5   3  2.4-9.9-9.9
5017219750509 14.5  8.0  5.019900  6.8-99.9-99.9-99.9-9.9 99 9.9 67  6.8  37 29.6-9.9-9.9
5017219750510 12.2  8.0  2.219900  8.2-99.9-99.9-99.9-9.9 9910.9 86  8.2  16 12.8-9.9-9.9
5017219750511 14.2  7.8  0.009900  8.0-99.9-99.9-99.9-9.9 9910.8 90  8.1   8  6.4-9.9-9.9
5017219750512 10.0  2.0  0.009900 -2.5-99.9-99.9-99.9-9.9 99 8.4 92  4.5   8  6.4-9.9-9.9
5017219750513 13.0  4.1  8.019900  4.5-99.9-99.9-99.9-9.9 9910.0 85  7.0  19 15.2-9.9-9.9
5017219750514  9.5  5.4 10.519900  6.1-99.9-99.9-99.9-9.9 99 9.6 96  6.4   2  1.6-9.9-9.9
5017219750515 10.5  0.0  0.009900 -3.0-99.9-99.9-99.9-9.9 99 8.0 85  3.8   3  2.4-9.9-9.9
5017219750516 14.5 -0.5  0.009900 -1.8-99.9-99.9-99.9-9.9 99 9.0 81  5.4   3  2.4-9.9-9.9
5017219750517 17.2  1.4  0.009900 -1.5-99.9-99.9-99.9-9.9 99 9.1 78  5.6   9  7.2-9.9-9.9
5017219750518 15.1  4.0  0.009900  1.5-99.9-99.9-99.9-9.9 9910.3 85  7.4   8  6.4-9.9-9.9
5017219750519 18.0  4.1  0.009900  2.3-99.9-99.9-99.9-9.9 9911.0 80  8.4   8  6.4-9.9-9.9
5017219750520 19.5  7.4  0.009900  5.1-99.9-99.9-99.9-9.9 9912.0 81  9.7 -99-99.9-9.9-9.9
5017219750521 21.5  9.0  0.009900  5.8-99.9-99.9-99.9-9.9 9912.8 73 10.6  19 15.2-9.9-9.9
5017219750522 22.8  9.0  0.009900  5.5-99.9-99.9-99.9-9.9 9913.9 74 11.9  19 15.2-9.9-9.9
5017219750523 21.0  6.0  0.009900  3.0-99.9-99.9-99.9-9.9 9913.6 87 11.5   3  2.4-9.9-9.9
5017219750524 22.5  7.0  0.009900  5.5-99.9-99.9-99.9-9.9 9913.9 80 11.9   1  0.8-9.9-9.9
5017219750525 18.0 11.5  0.009900  5.7-99.9-99.9-99.9-9.9 9912.2 75  9.9   8  6.4-9.9-9.9
5017219750526 19.0 11.5  0.009900  8.8-99.9-99.9-99.9-9.9 9914.3 85 12.3   8  6.4-9.9-9.9
5017219750527 23.6  9.0  0.009900  6.0-99.9-99.9-99.9-9.9 9914.0 78 12.0   8  6.4-9.9-9.9
5017219750528 24.0  6.5  0.009900  4.5-99.9-99.9-99.9-9.9 9913.8 80 11.8   3  2.4-9.9-9.9
5017219750529 16.0  7.5  2.019900  5.0-99.9-99.9-99.9-9.9 9912.2 83  9.9  22 17.6-9.9-9.9
5017219750530 13.0  7.5  5.019900  8.0-99.9-99.9-99.9-9.9 9910.7 96  8.0   6  4.8-9.9-9.9
5017219750531 10.5  3.2  0.819900  1.0-99.9-99.9-99.9-9.9 99 8.3 83  4.3   3  2.4-9.9-9.9
5017219750601  9.7  3.6  0.009900  2.5-99.9-99.9-99.9-9.9 99 8.9 88  5.3   6  4.8-9.9-9.9
5017219750602 11.8  4.5  0.009900  3.0-99.9-99.9-99.9-9.9 99 8.0 81  3.8   1  0.8-9.9-9.9
5017219750603 16.5 -0.5  0.009900 -4.0-99.9-99.9-99.9-9.9 99 7.0 70  1.9   8  6.4-9.9-9.9
5017219750604 18.0 -2.0  0.009900 -5.6-99.9-99.9-99.9-9.9 99 6.7 64  1.3   1  0.8-9.9-9.9
5017219750605 19.2 -1.0  0.009900 -4.4-99.9-99.9-99.9-9.9 99 6.7 61  1.3   4  3.2-9.9-9.9
5017219750606 18.5  0.0  0.009900 -5.0-99.9-99.9-99.9-9.9 99 6.4 71  0.6   1  0.8-9.9-9.9
5017219750607 19.3 -0.7  0.009900 -5.5-99.9-99.9-99.9-9.9 99 7.3 57  2.5  17 13.6-9.9-9.9
5017219750608 20.0  5.1  0.009900  1.4-99.9-99.9-99.9-9.9 99 8.6 60  4.8  29 23.2-9.9-9.9
5017219750609 21.8  5.7  0.009900  1.0-99.9-99.9-99.9-9.9 99 6.4 41  0.6  12  9.6-9.9-9.9
5017219750610 19.5 -1.0  0.009900 -4.4-99.9-99.9-99.9-9.9 99 6.9 59  1.7   8  6.4-9.9-9.9
5017219750611 21.2  0.5  0.009900 -3.0-99.9-99.9-99.9-9.9 99 8.9 66  5.3   3  2.4-9.9-9.9
5017219750612 18.0  4.0  0.009900 -0.7-99.9-99.9-99.9-9.9 99 8.1 67  3.9   5  4.0-9.9-9.9
5017219750613 20.5  3.4  0.009900 -0.8-99.9-99.9-99.9-9.9 9910.5 75  7.7  12  9.6-9.9-9.9
5017219750614 23.0  7.0  0.009900  4.0-99.9-99.9-99.9-9.9 9912.7 76 10.5  12  9.6-9.9-9.9
5017219750615 24.4  9.8  0.009900  5.2-99.9-99.9-99.9-9.9 9914.2 75 12.2   6  4.8-9.9-9.9
5017219750616 14.8 10.2  0.009900  9.0-99.9-99.9-99.9-9.9 99 9.5 67  6.2  13 10.4-9.9-9.9
5017219750617 13.5  9.0  0.009900  5.7-99.9-99.9-99.9-9.9 9912.1 90  9.8   2  1.6-9.9-9.9
5017219750618 14.2 11.0  0.219900 11.3-99.9-99.9-99.9-9.9 9912.8 90 10.6  16 12.8-9.9-9.9
5017219750619 15.0  9.4  2.819900 10.0-99.9-99.9-99.9-9.9 9910.3 75  7.4   6  4.8-9.9-9.9
5017219750620 11.5  8.5  0.419900  8.5-99.9-99.9-99.9-9.9 9911.2 90  8.6   6  4.8-9.9-9.9
5017219750621 17.0  2.5  0.009900 -2.0-99.9-99.9-99.9-9.9 99 8.3 71  4.3   0  0.0-9.9-9.9
5017219750622 18.0  5.5  0.009900  2.4-99.9-99.9-99.9-9.9 99 9.5 73  6.2  11  8.8-9.9-9.9
5017219750623 18.3  2.4  0.009900 -0.8-99.9-99.9-99.9-9.9 99 8.7 73  5.0   4  3.2-9.9-9.9
5017219750624-99.9-99.9  0.009900  2.6-99.9-99.9-99.9-9.9 9910.8 83  8.1 -99-99.9-9.9-9.9
5017219750625-99.9-99.9  0.009900-99.9-99.9-99.9-99.9-9.9 99-9.9-99-99.9 -99-99.9-9.9-9.9
5017219750626-99.9-99.9  0.009900-99.9-99.9-99.9-99.9-9.9 99-9.9-99-99.9 -99-99.9-9.9-9.9
5017219750627 18.0  2.0  0.009900 -2.0-99.9-99.9-99.9-9.9 99 8.5 74  4.6   1  0.8-9.9-9.9
5017219750628 19.0  2.5  0.009900 -1.3-99.9-99.9-99.9-9.9 9910.2 74  7.3   6  4.8-9.9-9.9
5017219750629 17.7  5.6  0.009900  1.5-99.9-99.9-99.9-9.9 9911.1 78  8.5   1  0.8-9.9-9.9
5017219750630 16.0  0.7  0.009900 -3.0-99.9-99.9-99.9-9.9 9910.0 87  7.0   3  2.4-9.9-9.9
5017219750701 19.0  5.6  0.009900  2.7-99.9-99.9-99.9-9.9 9912.0 83  9.7   6  4.8-9.9-9.9
5017219750702 16.0  0.7  0.009900  0.5-99.9-99.9-99.9-9.9 9910.0 87  7.0   9  7.2-9.9-9.9
5017219750703 18.0  5.5  2.519900  3.5-99.9-99.9-99.9-9.9 9910.8 77  8.1   9  7.2-9.9-9.9
5017219750704 16.8  4.2  0.009900 -0.8-99.9-99.9-99.9-9.9 99 5.5 48 -1.4  18 14.4-9.9-9.9
5017219750705 19.0  1.5  0.009900 -5.0-99.9-99.9-99.9-9.9 99 5.0 43 -2.7  13 10.4-9.9-9.9
5017219750706 18.2  2.0  0.009900 -3.5-99.9-99.9-99.9-9.9 99 5.6 41 -1.2  19 15.2-9.9-9.9
5017219750707 24.0  4.7  0.009900  0.5-99.9-99.9-99.9-9.9 99 6.6 40  1.1  11  8.8-9.9-9.9
5017219750708 15.3  3.0  0.009900 -3.3-99.9-99.9-99.9-9.9 99 6.7 54  1.3   6  4.8-9.9-9.9
5017219750709 16.0  0.0  0.009900 -5.5-99.9-99.9-99.9-9.9 99 6.9 70  1.7   3  2.4-9.9-9.9
5017219750710 11.5  4.0  0.219900  0.3-99.9-99.9-99.9-9.9 99 7.0 67  1.9   8  6.4-9.9-9.9
5017219750711 10.5  2.4  0.219900  2.7-99.9-99.9-99.9-9.9 99 6.4 75  0.6   3  2.4-9.9-9.9
5017219750712 13.5 -3.4  0.009900 -6.5-99.9-99.9-99.9-9.9 99 5.9 65 -0.5   9  7.2-9.9-9.9
5017219750713 17.0  0.0  1.219900 -3.7-99.9-99.9-99.9-9.9 99 7.3 79  2.5   4  3.2-9.9-9.9
5017219750714 15.7  4.4  0.009900 -0.5-99.9-99.9-99.9-9.9 99 5.3 45 -1.9  16 12.8-9.9-9.9
5017219750715 11.0  0.0  0.009900 -4.5-99.9-99.9-99.9-9.9 99 4.5 52 -4.1  17 13.6-9.9-9.9
5017219750716  9.0 -5.1  0.009900 -9.0-99.9-99.9-99.9-9.9 99 3.7 57 -6.7   8  6.4-9.9-9.9
5017219750717 11.7 -7.6  0.009900-10.5-99.9-99.9-99.9-9.9 99 3.6 51 -7.1  15 12.0-9.9-9.9
5017219750718 16.4 -2.6  0.009900 -7.7-99.9-99.9-99.9-9.9 99 3.9 39 -6.0   3  2.4-9.9-9.9
5017219750719 18.2 -4.5  0.009900 -7.0-99.9-99.9-99.9-9.9 99 4.7 52 -3.6   1  0.8-9.9-9.9
5017219750720 17.0 -1.8  0.009900 -5.5-99.9-99.9-99.9-9.9 99 6.7 68  1.3   3  2.4-9.9-9.9
5017219750721 16.5 -3.6  0.009900 -8.0-99.9-99.9-99.9-9.9 99 5.1 53 -2.5   3  2.4-9.9-9.9
5017219750722 18.0 -3.6  0.009900 -8.5-99.9-99.9-99.9-9.9 99 4.4 47 -4.4   8  6.4-9.9-9.9
5017219750723 17.5 -2.6  0.009900 -7.5-99.9-99.9-99.9-9.9 99 4.8 51 -3.3   3  2.4-9.9-9.9
5017219750724 13.0 -0.4  0.009900 -5.4-99.9-99.9-99.9-9.9 99 3.8 47 -6.4  14 11.2-9.9-9.9
5017219750725  9.8 -6.6  0.009900-11.0-99.9-99.9-99.9-9.9 99 3.6 55 -7.1   3  2.4-9.9-9.9
5017219750726 12.3 -4.6  0.009900-10.0-99.9-99.9-99.9-9.9 99 4.6 61 -3.8   5  4.0-9.9-9.9
5017219750727 13.5 -4.5  0.009900 -6.5-99.9-99.9-99.9-9.9 99 4.8 62 -3.3  11  8.8-9.9-9.9
5017219750728 15.0 -2.0  0.009900 -7.5-99.9-99.9-99.9-9.9 99 5.0 53 -2.7  14 11.2-9.9-9.9
5017219750729 17.5 -0.9  0.009900 -5.0-99.9-99.9-99.9-9.9 99 5.9 57 -0.5   6  4.8-9.9-9.9
5017219750730 21.1 -2.0  0.009900 -5.8-99.9-99.9-99.9-9.9 99 6.5 54  0.9   3  2.4-9.9-9.9
5017219750731 25.6 -0.5  0.009900 -3.7-99.9-99.9-99.9-9.9 99 6.3 45  0.4  11  8.8-9.9-9.9
5017219750801 21.0  6.0  0.009900 -2.0-99.9-99.9-99.9-9.9 99 6.8 47  1.5  10  8.0-9.9-9.9
5017219750802 19.0  7.5  0.009900  1.0-99.9-99.9-99.9-9.9 99 4.0 29 -5.7   8  6.4-9.9-9.9
5017219750803 13.0 -1.4  0.009900 -5.5-99.9-99.9-99.9-9.9 99 5.4 60 -1.7   4  3.2-9.9-9.9
5017219750804 12.0  2.4  0.009900  1.7-99.9-99.9-99.9-9.9 99 7.1 77  2.1   8  6.4-9.9-9.9
5017219750805  8.5  0.5  0.009900 -2.0-99.9-99.9-99.9-9.9 99 6.1 72  0.0   4  3.2-9.9-9.9
5017219750806  5.6  0.2 13.019901  2.4-99.9-99.9-99.9-9.9 99 6.3 90  0.4  13 10.4-9.9-9.9
5017219750807  2.8 -1.0 27.219901 -1.0-99.9-99.9-99.9-9.9 99 6.1 98  0.0  16 12.8-9.9-9.9
5017219750808  5.0 -1.0  0.009901 -1.0-99.9-99.9-99.9-9.9 99 6.1 92  0.0   1  0.8-9.9-9.9
5017219750809  6.0 -5.0  0.009900 -9.5-99.9-99.9-99.9-9.9 99 5.1 79 -2.5  16 12.8-9.9-9.9
5017219750810 11.0 -6.0  0.009900 -9.3-99.9-99.9-99.9-9.9 99 5.2 66 -2.2   1  0.8-9.9-9.9
5017219750811 12.4 -5.0  0.009900 -8.5-99.9-99.9-99.9-9.9 99 6.0 69 -0.2   3  2.4-9.9-9.9
5017219750812 10.3 -1.0  0.009900 -5.8-99.9-99.9-99.9-9.9 99 6.1 68  0.0   4  3.2-9.9-9.9
5017219750813 14.4 -2.8  0.009900 -7.0-99.9-99.9-99.9-9.9 99 6.0 63 -0.2   6  4.8-9.9-9.9
5017219750814 18.0 -0.7  0.009900 -3.8-99.9-99.9-99.9-9.9 99 7.1 66  2.1   6  4.8-9.9-9.9
5017219750815 20.5 -1.0  0.009900 -5.0-99.9-99.9-99.9-9.9 99 7.6 64  3.0   1  0.8-9.9-9.9
5017219750816 21.8  0.0  0.009900 -4.0-99.9-99.9-99.9-9.9 99 7.4 55  2.7   5  4.0-9.9-9.9
5017219750817 22.5  4.0  0.009900 -0.8-99.9-99.9-99.9-9.9 99 8.8 56  5.1  17 13.6-9.9-9.9
5017219750818 20.2  2.7  3.019900 -2.7-99.9-99.9-99.9-9.9 99 7.3 58  2.5  14 11.2-9.9-9.9
5017219750819 13.5  5.4  0.619900  4.5-99.9-99.9-99.9-9.9 99 8.0 76  3.8   6  4.8-9.9-9.9
5017219750820 24.0  1.0  0.009900 -1.4-99.9-99.9-99.9-9.9 99 8.3 52  4.3  23 18.4-9.9-9.9
5017219750821 25.6  5.5  0.009900  2.2-99.9-99.9-99.9-9.9 99 9.4 62  6.1  13 10.4-9.9-9.9
5017219750822 22.3  4.3  3.019900 -0.7-99.9-99.9-99.9-9.9 99 8.6 56  4.8  14 11.2-9.9-9.9
5017219750823 14.4  3.5  0.009900  3.8-99.9-99.9-99.9-9.9 99 7.8 87  3.4   7  5.6-9.9-9.9
5017219750824 12.0  2.0  0.009900  1.0-99.9-99.9-99.9-9.9 99 5.4 58 -1.7  15 12.0-9.9-9.9
5017219750825 17.0 -1.0  0.009900 -7.5-99.9-99.9-99.9-9.9 99 5.5 50 -1.4  16 12.8-9.9-9.9
5017219750826 20.3  2.5  0.009900 -1.4-99.9-99.9-99.9-9.9 99 5.5 40 -1.4  27 21.6-9.9-9.9
5017219750827 19.8  5.0  0.009900-99.9-99.9-99.9-99.9-9.9 99 6.0 46 -0.2 -99-99.9-9.9-9.9
5017219750828 16.0  0.5  0.009900 -5.0-99.9-99.9-99.9-9.9 99 6.1 58  0.0   3  2.4-9.9-9.9
5017219750829 21.2 -0.9  0.009900 -5.4-99.9-99.9-99.9-9.9 99 6.5 51  0.9  11  8.8-9.9-9.9
5017219750830 24.0  0.5  0.009900 -3.4-99.9-99.9-99.9-9.9 99 7.1 50  2.1   6  4.8-9.9-9.9
5017219750831 22.2  2.5  0.009900 -2.5-99.9-99.9-99.9-9.9 99 8.4 54  4.5   8  6.4-9.9-9.9
5017219750901 25.0  1.2  0.009900 -4.0-99.9-99.9-99.9-9.9 99 7.9 53  3.6   3  2.4-9.9-9.9
5017219750902 28.7  9.0  0.009900  2.5-99.9-99.9-99.9-9.9 99 9.9 48  6.8  12  9.6-9.9-9.9
5017219750903 30.0  8.5  0.009900  4.0-99.9-99.9-99.9-9.9 99 9.6 43  6.4  13 10.4-9.9-9.9
5017219750904 25.0  9.5  0.009900  6.3-99.9-99.9-99.9-9.9 99 8.8 45  5.1  11  8.8-9.9-9.9
5017219750905 17.7  4.0  0.009900  1.2-99.9-99.9-99.9-9.9 99 5.3 45 -1.9  12  9.6-9.9-9.9
5017219750906 17.2 -2.5  0.009900 -5.9-99.9-99.9-99.9-9.9 99 4.5 44 -4.1   3  2.4-9.9-9.9
5017219750907 22.0  1.0  0.009900 -4.0-99.9-99.9-99.9-9.9 99 6.0 40 -0.2  14 11.2-9.9-9.9
5017219750908 18.0  0.5  0.009900 -3.8-99.9-99.9-99.9-9.9 99 5.5 52 -1.4   3  2.4-9.9-9.9
5017219750909 17.0  0.0  0.009900 -4.2-99.9-99.9-99.9-9.9 99 5.2 45 -2.2  13 10.4-9.9-9.9
5017219750910 20.5 -2.6  0.009900 -6.5-99.9-99.9-99.9-9.9 99 5.1 47 -2.5   5  4.0-9.9-9.9
5017219750911 22.5  2.5  0.009900 -2.0-99.9-99.9-99.9-9.9 99 7.1 46  2.1  11  8.8-9.9-9.9
5017219750912 22.0  3.5  0.009900  1.0-99.9-99.9-99.9-9.9 99 8.2 54  4.1   9  7.2-9.9-9.9
5017219750913 18.0  8.0  0.009900  7.0-99.9-99.9-99.9-9.9 99 6.4 48  0.6  16 12.8-9.9-9.9
5017219750914 24.0  1.5  0.009900 -3.5-99.9-99.9-99.9-9.9 99 7.0 44  1.9  11  8.8-9.9-9.9
5017219750915 25.0  3.5  0.009900 -1.5-99.9-99.9-99.9-9.9 99 7.5 43  2.9  13 10.4-9.9-9.9
5017219750916 25.6  3.0  0.009900 -0.5-99.9-99.9-99.9-9.9 99 8.6 49  4.8  13 10.4-9.9-9.9
5017219750917 26.0  8.1  5.019900  5.2-99.9-99.9-99.9-9.9 9912.3 61 10.0  16 12.8-9.9-9.9
5017219750918 20.4 10.4161.919900 11.5-99.9-99.9-99.9-9.9 9913.8 94 11.8  23 18.4-9.9-9.9
5017219750919 18.2 11.0  0.009900 10.0-99.9-99.9-99.9-9.9 9910.7 64  8.0  29 23.2-9.9-9.9
5017219750920 21.0  5.5  0.009900  1.2-99.9-99.9-99.9-9.9 99 8.9 58  5.3  11  8.8-9.9-9.9
5017219750921 15.5  7.0  0.009900  4.5-99.9-99.9-99.9-9.9 99 8.2 60  4.1  16 12.8-9.9-9.9
5017219750922 20.5  2.6  0.009900 -1.7-99.9-99.9-99.9-9.9 99 8.8 61  5.1   4  3.2-9.9-9.9
5017219750923 25.7  5.0  0.009900  0.0-99.9-99.9-99.9-9.9 99 8.3 43  4.3   1  0.8-9.9-9.9
5017219750924 19.6  5.3  0.009900  4.0-99.9-99.9-99.9-9.9 99 8.2 59  4.1  14 11.2-9.9-9.9
5017219750925 22.5  2.5  0.009900 -1.5-99.9-99.9-99.9-9.9 99 9.0 56  5.4  11  8.8-9.9-9.9
5017219750926 21.2  7.0  0.009900  4.5-99.9-99.9-99.9-9.9 9910.4 62  7.5   2  1.6-9.9-9.9
5017219750927 24.7  9.0  0.009900  5.0-99.9-99.9-99.9-9.9 9910.0 51  7.0   8  6.4-9.9-9.9
5017219750928 22.0  8.0  1.519910  5.0-99.9-99.9-99.9-9.9 9910.8 74  8.1  18 14.4-9.9-9.9
5017219750929 21.5  3.6  0.009900  0.2-99.9-99.9-99.9-9.9 99 7.7 49  3.2  11  8.8-9.9-9.9
5017219750930 19.5  4.6  0.009900 -0.5-99.9-99.9-99.9-9.9 99 6.7 46  1.3  12  9.6-9.9-9.9
5017219751001 12.2  5.4  0.009900  5.8-99.9-99.9-99.9-9.9 99 7.0 63  1.9   8  6.4-9.9-9.9
5017219751002 22.8  0.0  0.009900 -4.0-99.9-99.9-99.9-9.9 99 7.2 49  2.3  11  8.8-9.9-9.9
5017219751003 21.8  4.0  0.009900 -0.5-99.9-99.9-99.9-9.9 99 8.0 50  3.8   6  4.8-9.9-9.9
5017219751004 27.3  4.0  0.009900  0.0-99.9-99.9-99.9-9.9 99 9.9 48  6.8   5  4.0-9.9-9.9
5017219751005 27.9 10.0  0.009900  3.8-99.9-99.9-99.9-9.9 9912.1 49  9.8  12  9.6-9.9-9.9
5017219751006 28.8 10.0  8.219910  6.0-99.9-99.9-99.9-9.9 9911.3 54  8.8  16 12.8-9.9-9.9
5017219751007 17.0  2.5  0.009900 -2.5-99.9-99.9-99.9-9.9 99 6.3 50  0.4  11  8.8-9.9-9.9
5017219751008 19.5  0.0  0.009900 -4.0-99.9-99.9-99.9-9.9 99 6.5 51  0.9   3  2.4-9.9-9.9
5017219751009 24.0  1.7  0.009900 -2.7-99.9-99.9-99.9-9.9 99 8.2 49  4.1   8  6.4-9.9-9.9
5017219751010 26.5  5.4  0.009900  1.5-99.9-99.9-99.9-9.9 99 9.8 47  6.7   6  4.8-9.9-9.9
5017219751011 26.3  8.0  0.009900  2.3-99.9-99.9-99.9-9.9 99 9.7 48  6.5   9  7.2-9.9-9.9
5017219751012 25.5  9.5  0.009900  6.7-99.9-99.9-99.9-9.9 99 9.6 48  6.4  14 11.2-9.9-9.9
5017219751013 25.0  3.9  0.009900 -1.7-99.9-99.9-99.9-9.9 99 9.2 50  5.8   3  2.4-9.9-9.9
5017219751014 28.0  6.0  0.009900  1.0-99.9-99.9-99.9-9.9 9910.9 49  8.2   6  4.8-9.9-9.9
5017219751015 27.0  8.5  0.009900  2.5-99.9-99.9-99.9-9.9 99 9.9 44  6.8   3  2.4-9.9-9.9
5017219751016 27.8  6.0  0.009900  1.3-99.9-99.9-99.9-9.9 9912.2 54  9.9   3  2.4-9.9-9.9
5017219751017 28.0  8.4  0.009900  5.4-99.9-99.9-99.9-9.9 9912.7 55 10.5  21 16.8-9.9-9.9
5017219751018 22.5  6.5  0.009900  2.7-99.9-99.9-99.9-9.9 9910.5 55  7.7  11  8.8-9.9-9.9
5017219751019 24.5  5.0  0.009900  2.0-99.9-99.9-99.9-9.9 9910.9 54  8.2  14 11.2-9.9-9.9
5017219751020 30.0  6.4  0.009900  1.7-99.9-99.9-99.9-9.9 9910.5 45  7.7   5  4.0-9.9-9.9
5017219751021 30.0  8.0  0.009900  5.6-99.9-99.9-99.9-9.9 9911.6 47  9.2  22 17.6-9.9-9.9
5017219751022 31.6  8.5  0.009900  5.4-99.9-99.9-99.9-9.9 9913.2 51 11.1  14 11.2-9.9-9.9
5017219751023 33.0 12.5  0.009900  8.0-99.9-99.9-99.9-9.9 9914.2 46 12.2   8  6.4-9.9-9.9
5017219751024 21.5 13.0  0.319910 10.7-99.9-99.9-99.9-9.9 99 9.6 53  6.4  19 15.2-9.9-9.9
5017219751025 26.0  9.7  0.009900  5.5-99.9-99.9-99.9-9.9 9913.1 60 11.0   1  0.8-9.9-9.9
5017219751026 28.5 11.0  0.009900  8.5-99.9-99.9-99.9-9.9 99 9.2 40  5.8  35 28.0-9.9-9.9
5017219751027 25.5  3.0  0.009900 -1.7-99.9-99.9-99.9-9.9 99 9.6 46  6.4   4  3.2-9.9-9.9
5017219751028 21.6  9.5  0.009900  1.2-99.9-99.9-99.9-9.9 9911.7 62  9.3  30 24.0-9.9-9.9
5017219751029 23.8  7.0  0.009900  3.7-99.9-99.9-99.9-9.9 9911.1 57  8.5  14 11.2-9.9-9.9
5017219751030 26.0  8.4  0.009900  6.2-99.9-99.9-99.9-9.9 9914.1 60 12.1  14 11.2-9.9-9.9
5017219751031 29.7  9.5  3.719900  6.1-99.9-99.9-99.9-9.9 9914.2 57 12.2   9  7.2-9.9-9.9
5017219751101 28.5 14.0  2.519900 12.2-99.9-99.9-99.9-9.9 9914.6 68 12.6  23 18.4-9.9-9.9
5017219751102 17.5 12.5 17.019900 12.1-99.9-99.9-99.9-9.9 9914.3 85 12.3   9  7.2-9.9-9.9
5017219751103 19.2 11.5 11.019900 11.8-99.9-99.9-99.9-9.9 9914.0 90 12.0  11  8.8-9.9-9.9
5017219751104 21.0 10.4  0.009900  8.5-99.9-99.9-99.9-9.9 9913.8 74 11.8   8  6.4-9.9-9.9
5017219751105 25.7  9.5  0.009900  6.0-99.9-99.9-99.9-9.9 9914.1 71 12.1   6  4.8-9.9-9.9
5017219751106 25.3  8.0  0.009900  5.5-99.9-99.9-99.9-9.9 9912.0 59  9.7   9  7.2-9.9-9.9
5017219751107 25.5  8.4  3.019900  4.7-99.9-99.9-99.9-9.9 9912.2 54  9.9  15 12.0-9.9-9.9
5017219751108 23.0  6.0  0.009900  2.0-99.9-99.9-99.9-9.9 99 9.4 53  6.1   8  6.4-9.9-9.9
5017219751109 20.5  6.5  0.009900  1.7-99.9-99.9-99.9-9.9 99 8.6 47  4.8   8  6.4-9.9-9.9
5017219751110 24.0  4.5  0.009900  0.0-99.9-99.9-99.9-9.9 99 9.4 48  6.1   6  4.8-9.9-9.9
5017219751111 30.5  6.0  0.009900  1.5-99.9-99.9-99.9-9.9 9911.2 43  8.6  14 11.2-9.9-9.9
5017219751112 30.0 10.5  0.009900  6.5-99.9-99.9-99.9-9.9 9912.7 46 10.5   6  4.8-9.9-9.9
5017219751113 32.0 12.0  0.009900 10.3-99.9-99.9-99.9-9.9 9916.8 55 14.8   8  6.4-9.9-9.9
5017219751114 34.0 14.5  0.009910 13.0-99.9-99.9-99.9-9.9 9914.6 45 12.6   9  7.2-9.9-9.9
5017219751115 27.8 10.5  0.009900  7.0-99.9-99.9-99.9-9.9 99 7.9 42  3.6  21 16.8-9.9-9.9
5017219751116 26.6  3.0  0.009900 -0.5-99.9-99.9-99.9-9.9 99 7.9 37  3.6  11  8.8-9.9-9.9
5017219751117 23.5  2.5  0.009900 -3.0-99.9-99.9-99.9-9.9 99 7.5 41  2.9   4  3.2-9.9-9.9
5017219751118 30.7  4.5  0.009900 -0.4-99.9-99.9-99.9-9.9 9910.7 39  8.0  16 12.8-9.9-9.9
5017219751119 28.5 12.5  0.009900  9.5-99.9-99.9-99.9-9.9 99 9.2 36  5.8  19 15.2-9.9-9.9
5017219751120 27.0  9.0  0.009900  3.4-99.9-99.9-99.9-9.9 9910.9 46  8.2  14 11.2-9.9-9.9
5017219751121 32.2  9.0  0.009900  6.0-99.9-99.9-99.9-9.9 9914.0 50 12.0   4  3.2-9.9-9.9
5017219751122 26.5 11.5  0.009900  7.3-99.9-99.9-99.9-9.9 9910.4 42  7.5  13 10.4-9.9-9.9
5017219751123 24.5  7.5  0.009900  3.0-99.9-99.9-99.9-9.9 99 8.4 43  4.5  16 12.8-9.9-9.9
5017219751124 28.0  7.0  0.009900  2.4-99.9-99.9-99.9-9.9 99 8.9 35  5.3  15 12.0-9.9-9.9
5017219751125 28.8 10.1  0.009900  6.8-99.9-99.9-99.9-9.9 9911.5 44  9.0  14 11.2-9.9-9.9
5017219751126 31.6 10.5  9.019900  6.0-99.9-99.9-99.9-9.9 9912.5 37 10.3  14 11.2-9.9-9.9
5017219751127 28.2 15.0  0.009900 14.2-99.9-99.9-99.9-9.9 9916.9 76 14.9   1  0.8-9.9-9.9
5017219751128 26.0 10.0  0.009900  6.5-99.9-99.9-99.9-9.9 9912.2 63  9.9  11  8.8-9.9-9.9
5017219751129 22.5  6.3  0.009900  2.0-99.9-99.9-99.9-9.9 99 8.7 49  5.0  14 11.2-9.9-9.9
5017219751130 29.5 10.0  0.009900  5.7-99.9-99.9-99.9-9.9 9911.7 48  9.3   6  4.8-9.9-9.9
5017219751201 34.5 14.0  0.009900  7.7-99.9-99.9-99.9-9.9 9912.7 40 10.5  26 20.8-9.9-9.9
5017219751202 26.5 12.5  0.009900  8.3-99.9-99.9-99.9-9.9 99 9.6 42  6.4  16 12.8-9.9-9.9
5017219751203 33.2 10.0  0.009900  5.0-99.9-99.9-99.9-9.9 9912.5 44 10.3   0  0.0-9.9-9.9
5017219751204 30.0 16.0  0.009900 11.0-99.9-99.9-99.9-9.9 9910.1 34  7.1  26 20.8-9.9-9.9
5017219751205 33.5 10.4  0.009900  7.3-99.9-99.9-99.9-9.9 99 9.8 34  6.7   2  1.6-9.9-9.9
5017219751206 28.7 12.0  0.009900  4.7-99.9-99.9-99.9-9.9 99 9.3 36  5.9  11  8.8-9.9-9.9
5017219751207 34.7  9.0  0.009900  3.8-99.9-99.9-99.9-9.9 9910.7 36  8.0  18 14.4-9.9-9.9
5017219751208 23.7  9.0  0.009900  3.5-99.9-99.9-99.9-9.9 99 8.6 42  4.8  14 11.2-9.9-9.9
5017219751209 33.5  8.7  0.009900  2.7-99.9-99.9-99.9-9.9 9912.8 46 10.6  19 15.2-9.9-9.9
5017219751210 30.7  9.0  0.009900  4.5-99.9-99.9-99.9-9.9 9911.2 40  8.6  11  8.8-9.9-9.9
5017219751211 33.5  9.1  0.009900  5.0-99.9-99.9-99.9-9.9 9913.8 47 11.8  12  9.6-9.9-9.9
5017219751212 32.5 15.0  0.009900 12.5-99.9-99.9-99.9-9.9 9913.4 41 11.3  23 18.4-9.9-9.9
5017219751213 32.4 13.0  0.009900  9.6-99.9-99.9-99.9-9.9 9920.6 64 18.0  18 14.4-9.9-9.9
5017219751214 37.8 20.0  0.009900 16.2-99.9-99.9-99.9-9.9 9926.3 60 21.9  14 11.2-9.9-9.9
5017219751215 34.0 22.4  0.919900 18.4-99.9-99.9-99.9-9.9 9919.6 51 17.2  16 12.8-9.9-9.9
5017219751216 35.2 16.0  0.009900 13.8-99.9-99.9-99.9-9.9 9922.6 62 19.5  14 11.2-9.9-9.9
5017219751217 37.0 20.0  0.009900 16.0-99.9-99.9-99.9-9.9 9923.0 52 19.7  11  8.8-9.9-9.9
5017219751218 37.0 19.0  0.009900 18.0-99.9-99.9-99.9-9.9 9920.7 55 18.1  11  8.8-9.9-9.9
5017219751219 28.0  7.3  0.009900  3.0-99.9-99.9-99.9-9.9 9913.6 59 11.5   1  0.8-9.9-9.9
5017219751220 35.0 12.5  0.009900  6.5-99.9-99.9-99.9-9.9 9920.4 61 17.8   0  0.0-9.9-9.9
5017219751221 33.5 14.8  0.009900 10.3-99.9-99.9-99.9-9.9 9919.8 56 17.3  16 12.8-9.9-9.9
5017219751222 31.0 10.7  0.009900  6.5-99.9-99.9-99.9-9.9 9917.9 65 15.8   0  0.0-9.9-9.9
5017219751223 32.2 10.5  0.009900  5.0-99.9-99.9-99.9-9.9 9919.9 65 17.4   0  0.0-9.9-9.9
5017219751224 37.5 12.5  2.019910  9.2-99.9-99.9-99.9-9.9 9924.0 64 20.4   4  3.2-9.9-9.9
5017219751225 32.0 15.0  0.009900 10.7-99.9-99.9-99.9-9.9 9922.1 62 19.1  11  8.8-9.9-9.9
5017219751226 35.0 12.0  0.009900  7.5-99.9-99.9-99.9-9.9 9910.7 35  8.0  16 12.8-9.9-9.9
5017219751227 26.7 11.0  0.009900  8.2-99.9-99.9-99.9-9.9 99 9.5 42  6.2   4  3.2-9.9-9.9
5017219751228 34.5  9.5  0.009900  2.5-99.9-99.9-99.9-9.9 9912.6 39 10.4   9  7.2-9.9-9.9
5017219751229 35.8 16.5  0.009900 10.2-99.9-99.9-99.9-9.9 9916.0 44 14.0   8  6.4-9.9-9.9
5017219751230 38.3 18.5  0.009900 13.3-99.9-99.9-99.9-9.9 9918.3 47 16.1   3  2.4-9.9-9.9
5017219751231 38.3 20.4  0.519900 15.0-99.9-99.9-99.9-9.9 9919.2 42 16.9  21 16.8-9.9-9.9
5017219760101 30.0 17.5  0.009900 15.0-99.9-99.9-99.9-9.9 9914.2 49 12.2  14 11.2-9.9-9.9
5017219760102 32.0  8.1  0.009900  3.0-99.9-99.9-99.9-9.9 9914.3 48 12.3   2  1.6-9.9-9.9
5017219760103 36.8 13.0  0.009900  8.7-99.9-99.9-99.9-9.9 9920.7 56 18.1   5  4.0-9.9-9.9
5017219760104 34.5 20.7  0.009900 15.2-99.9-99.9-99.9-9.9 9919.8 49 17.3  14 11.2-9.9-9.9
5017219760105 29.4 19.2  0.009900 16.0-99.9-99.9-99.9-9.9 9917.6 61 15.5  22 17.6-9.9-9.9
5017219760106 34.0 12.5  0.009900 10.0-99.9-99.9-99.9-9.9 9920.9 61 18.2  13 10.4-9.9-9.9
5017219760107 36.0 15.6  0.009900 11.8-99.9-99.9-99.9-9.9 9923.1 57 19.8   6  4.8-9.9-9.9
5017219760108 36.7 15.6  0.009900 10.5-99.9-99.9-99.9-9.9 9924.7 61 20.9   6  4.8-9.9-9.9
5017219760109 32.2 14.0  0.009900 11.1-99.9-99.9-99.9-9.9 9920.5 65 17.9   6  4.8-9.9-9.9
5017219760110 30.0 13.4  0.009900 10.0-99.9-99.9-99.9-9.9 9918.6 69 16.4  11  8.8-9.9-9.9
5017219760111 35.5 11.6  0.009900  7.2-99.9-99.9-99.9-9.9 9922.2 65 19.2   8  6.4-9.9-9.9
5017219760112 32.5 12.0  0.009900  7.0-99.9-99.9-99.9-9.9 9922.5 71 19.4   8  6.4-9.9-9.9
5017219760113 35.7 16.8  0.009900 15.2-99.9-99.9-99.9-9.9 9926.2 71 21.9   8  6.4-9.9-9.9
5017219760114 30.2 10.1  0.009900  5.7-99.9-99.9-99.9-9.9 9919.5 74 17.1   0  0.0-9.9-9.9
5017219760115 34.4 11.0  0.009900  6.5-99.9-99.9-99.9-9.9 9915.5 49 13.5  11  8.8-9.9-9.9
5017219760116 35.5 19.4  0.009900 17.0-99.9-99.9-99.9-9.9 9915.2 43 13.2  16 12.8-9.9-9.9
5017219760117 36.5 18.6  0.009900 15.7-99.9-99.9-99.9-9.9 9915.2 36 13.2  11  8.8-9.9-9.9
5017219760118 38.0 19.0  0.009900 16.5-99.9-99.9-99.9-9.9 9916.8 39 14.8   6  4.8-9.9-9.9
5017219760119 27.8 11.0  0.009900  6.0-99.9-99.9-99.9-9.9 9910.2 40  7.3   9  7.2-9.9-9.9
5017219760120 26.5  8.4  0.009900  2.8-99.9-99.9-99.9-9.9 99 9.4 42  6.1  14 11.2-9.9-9.9
5017219760121 31.2  7.5  0.009900  4.0-99.9-99.9-99.9-9.9 9913.4 49 11.3   8  6.4-9.9-9.9
5017219760122 34.6 15.5  0.009900 11.0-99.9-99.9-99.9-9.9 9917.6 52 15.5  19 15.2-9.9-9.9
5017219760123 36.0 16.0  0.009900 11.5-99.9-99.9-99.9-9.9 9915.1 40 13.1  11  8.8-9.9-9.9
5017219760124 32.5 17.4  0.009900 12.6-99.9-99.9-99.9-9.9 9914.1 43 12.1  22 17.6-9.9-9.9
5017219760125 33.5  9.0  0.009900  3.7-99.9-99.9-99.9-9.9 9915.2 45 13.2  19 15.2-9.9-9.9
5017219760126 26.0 13.7  0.009900  9.0-99.9-99.9-99.9-9.9 9912.6 51 10.4  29 23.2-9.9-9.9
5017219760127 30.7  8.1  0.009900  4.4-99.9-99.9-99.9-9.9 9915.0 57 13.0   5  4.0-9.9-9.9
5017219760128 34.5 16.0  0.009900 12.0-99.9-99.9-99.9-9.9 9917.9 49 15.8  19 15.2-9.9-9.9
5017219760129 33.5 17.0 22.519900 16.8-99.9-99.9-99.9-9.9 9919.2 63 16.9  17 13.6-9.9-9.9
5017219760130 31.5 14.8  1.519900 13.1-99.9-99.9-99.9-9.9 9920.7 65 18.1   2  1.6-9.9-9.9
5017219760131 32.8 16.0 10.519900 14.3-99.9-99.9-99.9-9.9 9917.7 63 15.6  14 11.2-9.9-9.9
5017219760201 33.0 13.5 11.619900 11.0-99.9-99.9-99.9-9.9 9919.0 70 16.7   3  2.4-9.9-9.9
5017219760202 26.0 13.0  0.319900 10.5-99.9-99.9-99.9-9.9 9913.2 57 11.1  14 11.2-9.9-9.9
5017219760203 28.2  9.5  0.009900  7.0-99.9-99.9-99.9-9.9 9912.5 53 10.3   1  0.8-9.9-9.9
5017219760204 27.8 11.1  0.009900  8.7-99.9-99.9-99.9-9.9 9910.2 45  7.3  19 15.2-9.9-9.9
5017219760205 27.7 11.5  0.009900  9.0-99.9-99.9-99.9-9.9 9913.7 60 11.6   6  4.8-9.9-9.9
5017219760206 31.0  9.7  0.009900  6.0-99.9-99.9-99.9-9.9 9912.3 48 10.0  10  8.0-9.9-9.9
5017219760207 29.2 11.8  0.009900  6.5-99.9-99.9-99.9-9.9 9912.2 48  9.9  15 12.0-9.9-9.9
5017219760208 30.5 10.0  0.009900  6.8-99.9-99.9-99.9-9.9 9913.7 49 11.6  19 15.2-9.9-9.9
5017219760209 28.2 14.0  6.719900 11.5-99.9-99.9-99.9-9.9 9916.4 73 14.4   4  3.2-9.9-9.9
5017219760210 26.0 13.4  0.419900 11.6-99.9-99.9-99.9-9.9 9918.2 77 16.0   1  0.8-9.9-9.9
5017219760211 31.4 10.3  0.009900 13.2-99.9-99.9-99.9-9.9 9917.5 60 15.4  13 10.4-9.9-9.9
5017219760212 34.5 17.2  0.009900 13.0-99.9-99.9-99.9-9.9 9919.6 60 17.2   6  4.8-9.9-9.9
5017219760213 35.2 16.3  2.319900 12.0-99.9-99.9-99.9-9.9 9912.6 34 10.4   6  4.8-9.9-9.9
5017219760214 30.0 16.5  4.619900 15.1-99.9-99.9-99.9-9.9 9917.0 67 15.0  11  8.8-9.9-9.9
5017219760215 33.0 12.7  0.009900  9.5-99.9-99.9-99.9-9.9 9918.5 64 16.3   3  2.4-9.9-9.9
5017219760216 30.8 19.0  0.009900 15.2-99.9-99.9-99.9-9.9 9919.0 63 16.7  11  8.8-9.9-9.9
5017219760217 34.0 15.3 11.419900 12.1-99.9-99.9-99.9-9.9 9919.8 63 17.3   3  2.4-9.9-9.9
5017219760218 27.5 17.0 12.219900 17.0-99.9-99.9-99.9-9.9 9920.3 76 17.7   2  1.6-9.9-9.9
5017219760219 26.5 13.4  0.009900 13.3-99.9-99.9-99.9-9.9 9917.2 78 15.1   3  2.4-9.9-9.9
5017219760220 30.5 14.2  2.519900 11.0-99.9-99.9-99.9-9.9 9915.5 55 13.5   1  0.8-9.9-9.9
5017219760221 27.0 15.0  0.009900 15.1-99.9-99.9-99.9-9.9 9918.3 80 16.1  11  8.8-9.9-9.9
5017219760222 33.5 15.0  0.009900 11.3-99.9-99.9-99.9-9.9 9918.2 57 16.0   7  5.6-9.9-9.9
5017219760223 34.0 16.0  0.319900 13.5-99.9-99.9-99.9-9.9 9919.4 60 17.0   9  7.2-9.9-9.9
5017219760224 27.2 16.5  9.619900 15.1-99.9-99.9-99.9-9.9 9917.8 66 15.7   1  0.8-9.9-9.9
5017219760225 30.7 14.0  0.009900 11.1-99.9-99.9-99.9-9.9 9918.2 63 16.0   4  3.2-9.9-9.9
5017219760226 33.4 18.1 18.019910 15.7-99.9-99.9-99.9-9.9 9919.4 62 17.0   6  4.8-9.9-9.9
5017219760227 29.2 15.5  0.219900 15.3-99.9-99.9-99.9-9.9 9919.5 70 17.1   4  3.2-9.9-9.9
5017219760228 26.0 13.1  0.009900 10.7-99.9-99.9-99.9-9.9 9911.7 50  9.3   4  3.2-9.9-9.9
5017219760229 28.0 12.0  0.009900 10.5-99.9-99.9-99.9-9.9 99 9.3 39  5.9  19 15.2-9.9-9.9
5017219760301 31.0  7.0  0.009900  1.8-99.9-99.9-99.9-9.9 99 9.9 41  6.8  14 11.2-9.9-9.9
5017219760302 31.3 11.0  0.009900  6.5-99.9-99.9-99.9-9.9 9912.3 48 10.0   1  0.8-9.9-9.9
5017219760303 31.3 12.4  0.009900  8.7-99.9-99.9-99.9-9.9 9913.3 54 11.2   9  7.2-9.9-9.9
5017219760304 31.5 11.6  0.009900  7.5-99.9-99.9-99.9-9.9 9913.9 55 11.9   1  0.8-9.9-9.9
5017219760305 28.5 16.0  0.009900 11.5-99.9-99.9-99.9-9.9 9911.2 42  8.6  19 15.2-9.9-9.9
5017219760306 31.0 10.2  0.009900  5.3-99.9-99.9-99.9-9.9 9913.9 56 11.9   3  2.4-9.9-9.9
5017219760307 23.5 14.0  0.009900 10.8-99.9-99.9-99.9-9.9 99 9.4 47  6.1  22 17.6-9.9-9.9
5017219760308 27.3  6.5  0.009900  2.5-99.9-99.9-99.9-9.9 9910.1 54  7.1   8  6.4-9.9-9.9
5017219760309 30.7 10.4  0.009900  7.3-99.9-99.9-99.9-9.9 9915.7 59 13.7  16 12.8-9.9-9.9
5017219760310 26.5 14.8  0.519900 14.8-99.9-99.9-99.9-9.9 9916.0 67 14.0  11  8.8-9.9-9.9
5017219760311 20.4  8.4  0.009900  4.7-99.9-99.9-99.9-9.9 99 7.1 49  2.1  19 15.2-9.9-9.9
5017219760312 18.3  7.1  0.009900  5.9-99.9-99.9-99.9-9.9 99 7.3 59  2.5   4  3.2-9.9-9.9
5017219760313 22.0  1.0  0.009900 -3.5-99.9-99.9-99.9-9.9 99 7.4 52  2.7   6  4.8-9.9-9.9
5017219760314 25.2  3.1  0.009900 -0.7-99.9-99.9-99.9-9.9 99 9.8 55  6.7  13 10.4-9.9-9.9
5017219760315 27.8  7.5  0.009900  2.7-99.9-99.9-99.9-9.9 9911.4 54  8.9  13 10.4-9.9-9.9
5017219760316 29.7 10.1  0.009900  5.3-99.9-99.9-99.9-9.9 9910.4 45  7.5  12  9.6-9.9-9.9
5017219760317 27.0 10.5  0.009900  7.0-99.9-99.9-99.9-9.9 9910.0 49  7.0   2  1.6-9.9-9.9
5017219760318 31.6  8.8  0.819900  5.0-99.9-99.9-99.9-9.9 9914.0 57 12.0   6  4.8-9.9-9.9
5017219760319 25.2 14.3  0.009910 12.2-99.9-99.9-99.9-9.9 99 7.3 35  2.5  19 15.2-9.9-9.9
5017219760320 26.7  4.5  0.009900  0.2-99.9-99.9-99.9-9.9 99 9.0 52  5.4   3  2.4-9.9-9.9
5017219760321 29.2  4.4  0.009900 -0.5-99.9-99.9-99.9-9.9 9910.5 52  7.7   3  2.4-9.9-9.9
5017219760322 33.2  9.0  0.009900  4.5-99.9-99.9-99.9-9.9 9914.8 56 12.8   9  7.2-9.9-9.9
5017219760323 22.0  3.7  0.009900  9.0-99.9-99.9-99.9-9.9 99 7.0 37  1.9  20 16.0-9.9-9.9
5017219760324 21.0  5.7  0.009900  2.5-99.9-99.9-99.9-9.9 99 8.1 55  3.9   6  4.8-9.9-9.9
5017219760325 19.4  3.1  0.009900 -1.5-99.9-99.9-99.9-9.9 99 8.4 60  4.5   3  2.4-9.9-9.9
5017219760326 24.0  3.6  0.009900  0.2-99.9-99.9-99.9-9.9 9910.7 64  8.0  11  8.8-9.9-9.9
5017219760327 25.0  7.6  0.009900  5.0-99.9-99.9-99.9-9.9 9910.7 60  8.0  11  8.8-9.9-9.9
5017219760328 27.0 10.4  0.009900  7.3-99.9-99.9-99.9-9.9 99 9.9 46  6.8  19 15.2-9.9-9.9
5017219760329 28.5 10.0  0.009900  8.1-99.9-99.9-99.9-9.9 9911.1 51  8.5   8  6.4-9.9-9.9
5017219760330 25.0 11.1 12.019900  7.4-99.9-99.9-99.9-9.9 99 9.3 45  5.9  24 19.2-9.9-9.9
5017219760331 21.3  8.5  0.009900  5.0-99.9-99.9-99.9-9.9 9912.0 71  9.7  11  8.8-9.9-9.9
5017219760401 24.7  7.6  0.009900  4.5-99.9-99.9-99.9-9.9 9910.8 64  8.1   8  6.4-9.9-9.9
5017219760402 28.0  6.5  0.009900  2.8-99.9-99.9-99.9-9.9 9912.0 61  9.7   8  6.4-9.9-9.9
5017219760403 28.3 10.1  0.009900  7.3-99.9-99.9-99.9-9.9 9913.8 62 11.8  11  8.8-9.9-9.9
5017219760404 20.8 12.0  0.009900  9.7-99.9-99.9-99.9-9.9 99 6.3 37  0.4  26 20.8-9.9-9.9
5017219760405 24.4  3.1  0.009900 -2.0-99.9-99.9-99.9-9.9 99 7.0 46  1.9   5  4.0-9.9-9.9
5017219760406 28.5  5.1  0.009900  0.7-99.9-99.9-99.9-9.9 99 7.9 47  3.6  12  9.6-9.9-9.9
5017219760407 26.5  7.4  0.009900  2.5-99.9-99.9-99.9-9.9 99 9.1 51  5.6   6  4.8-9.9-9.9
5017219760408 22.5  3.2  0.009900 -2.1-99.9-99.9-99.9-9.9 99 6.7 47  1.3   3  2.4-9.9-9.9
5017219760409 20.0  7.9  0.009900  4.2-99.9-99.9-99.9-9.9 99 8.3 64  4.3   1  0.8-9.9-9.9
5017219760410 25.5  1.3  0.009900 -3.0-99.9-99.9-99.9-9.9 99 7.3 48  2.5   9  7.2-9.9-9.9
5017219760411 28.0  4.6  0.009900  0.0-99.9-99.9-99.9-9.9 99 9.3 50  5.9   3  2.4-9.9-9.9
5017219760412 28.5  5.0  0.009900  1.5-99.9-99.9-99.9-9.9 99 9.5 51  6.2   0  0.0-9.9-9.9
5017219760413 30.0  8.2  0.009900  4.1-99.9-99.9-99.9-9.9 9911.8 48  9.4   8  6.4-9.9-9.9
5017219760414 27.0 12.1 21.219900  8.5-99.9-99.9-99.9-9.9 9912.1 53  9.8   6  4.8-9.9-9.9
5017219760415 19.8  8.8  5.519900 10.5-99.9-99.9-99.9-9.9 9910.9 84  8.2  17 13.6-9.9-9.9
5017219760416  9.0  5.1 29.119900  5.2-99.9-99.9-99.9-9.9 99 9.9 96  6.8  22 17.6-9.9-9.9
5017219760417  8.5  5.5  3.719900  6.1-99.9-99.9-99.9-9.9 99 9.2 94  5.8  14 11.2-9.9-9.9
5017219760418 17.0  4.6  0.219900  4.5-99.9-99.9-99.9-9.9 99 9.1 72  5.6  13 10.4-9.9-9.9
5017219760419 18.3  5.8  0.009900  4.0-99.9-99.9-99.9-9.9 99 8.4 63  4.5  26 20.8-9.9-9.9
5017219760420 14.0  3.3  0.009900 -0.3-99.9-99.9-99.9-9.9 99 7.3 67  2.5   8  6.4-9.9-9.9
5017219760421 14.2  0.3  0.009900 -2.5-99.9-99.9-99.9-9.9 99 7.8 74  3.4   8  6.4-9.9-9.9
5017219760422 20.0  2.8  0.009900  0.2-99.9-99.9-99.9-9.9 99 9.1 69  5.6  11  8.8-9.9-9.9
5017219760423 20.0  6.9  0.009900  5.5-99.9-99.9-99.9-9.9 9910.2 73  7.3  14 11.2-9.9-9.9
5017219760424 23.5  4.1  0.009900  1.5-99.9-99.9-99.9-9.9 99 9.7 63  6.5   9  7.2-9.9-9.9
5017219760425 26.5  7.1  0.009900  4.0-99.9-99.9-99.9-9.9 9910.9 55  8.2  16 12.8-9.9-9.9
5017219760426 27.8  5.3  0.009900  1.8-99.9-99.9-99.9-9.9 9911.0 62  8.4   3  2.4-9.9-9.9
5017219760427 25.5  5.8  0.009900  1.9-99.9-99.9-99.9-9.9 9911.8 69  9.4   4  3.2-9.9-9.9
5017219760428 24.5  5.3  0.009900  0.5-99.9-99.9-99.9-9.9 9910.0 65  7.0   8  6.4-9.9-9.9
5017219760429 22.5  3.3  0.009900  0.8-99.9-99.9-99.9-9.9 99 8.2 56  4.1   3  2.4-9.9-9.9
5017219760430 25.0  2.1  0.009900  0.5-99.9-99.9-99.9-9.9 9910.5 66  7.7   8  6.4-9.9-9.9
5017219760501 27.7  8.1  0.009900  5.3-99.9-99.9-99.9-9.9 9912.5 66 10.3   3  2.4-9.9-9.9
5017219760502 29.0  9.7  0.009900  7.0-99.9-99.9-99.9-9.9 9913.2 58 11.1  19 15.2-9.9-9.9
5017219760503 24.3 10.1  0.009900  8.0-99.9-99.9-99.9-9.9 9912.3 68 10.0   9  7.2-9.9-9.9
5017219760504 19.6  9.1  0.009900  7.7-99.9-99.9-99.9-9.9 9912.6 76 10.4   5  4.0-9.9-9.9
5017219760505 22.0 11.9  0.009900 11.1-99.9-99.9-99.9-9.9 9913.6 75 11.5   3  2.4-9.9-9.9
5017219760506 21.6  8.6  3.219900  6.4-99.9-99.9-99.9-9.9 9912.4 78 10.1   3  2.4-9.9-9.9
5017219760507 13.0  8.9  3.519900  6.2-99.9-99.9-99.9-9.9 9911.9 92  9.5   9  7.2-9.9-9.9
5017219760508 12.2  5.9  0.009900  7.1-99.9-99.9-99.9-9.9 99 9.6 81  6.4   1  0.8-9.9-9.9
5017219760509 16.3  5.8  0.009900  3.5-99.9-99.9-99.9-9.9 9910.6 80  7.8  14 11.2-9.9-9.9
5017219760510 20.2  5.8  0.009900  4.5-99.9-99.9-99.9-9.9 9910.6 70  7.8  22 17.6-9.9-9.9
5017219760511 21.6  4.9  0.009900  3.3-99.9-99.9-99.9-9.9 9910.2 68  7.3  17 13.6-9.9-9.9
5017219760512 21.6  5.5  0.009900  2.5-99.9-99.9-99.9-9.9 9910.2 71  7.3   8  6.4-9.9-9.9
5017219760513 21.0  3.1  0.009900  0.0-99.9-99.9-99.9-9.9 9910.6 73  7.8   8  6.4-9.9-9.9
5017219760514 21.0  4.8  0.009900  1.5-99.9-99.9-99.9-9.9 9911.2 72  8.6   9  7.2-9.9-9.9
5017219760515 22.0  5.5  0.009900  1.6-99.9-99.9-99.9-9.9 9910.5 68  7.7   6  4.8-9.9-9.9
5017219760516 13.0  1.8  0.009900  1.6-99.9-99.9-99.9-9.9 99 5.8 60 -0.7   3  2.4-9.9-9.9
5017219760517 16.7 -3.0  0.009900 -6.5-99.9-99.9-99.9-9.9 99 5.6 59 -1.2   5  4.0-9.9-9.9
5017219760518 16.5  0.9  0.009900  0.1-99.9-99.9-99.9-9.9 99 6.1 57  0.0   1  0.8-9.9-9.9
5017219760519 20.0 -3.6  0.009900 -7.0-99.9-99.9-99.9-9.9 99 5.0 48 -2.7   3  2.4-9.9-9.9
5017219760520 14.5 -3.7  0.009900 -6.5-99.9-99.9-99.9-9.9 99 5.4 64 -1.7   5  4.0-9.9-9.9
5017219760521 17.5 -4.9  0.009900 -7.5-99.9-99.9-99.9-9.9 99 5.6 61 -1.2   3  2.4-9.9-9.9
5017219760522 17.6 -0.9  0.009900 -3.8-99.9-99.9-99.9-9.9 99 7.5 63  2.9   3  2.4-9.9-9.9
5017219760523 13.5  1.6  0.009900 -0.6-99.9-99.9-99.9-9.9 99 8.2 70  4.1   8  6.4-9.9-9.9
5017219760524 18.0 -0.3  0.009900 -3.3-99.9-99.9-99.9-9.9 99 8.0 72  3.8   5  4.0-9.9-9.9
5017219760525 19.4  3.6  0.009900  0.2-99.9-99.9-99.9-9.9 99 8.7 66  5.0  14 11.2-9.9-9.9
5017219760526 18.5  1.4  0.009900 -2.7-99.9-99.9-99.9-9.9 99 9.1 74  5.6   5  4.0-9.9-9.9
5017219760527 11.0  3.4  9.019900  1.7-99.9-99.9-99.9-9.9 9910.2 93  7.3   1  0.8-9.9-9.9
5017219760528 15.4  5.5  0.009900  5.2-99.9-99.9-99.9-9.9 9911.4 90  8.9   1  0.8-9.9-9.9
5017219760529 16.0  3.5  0.009900  3.0-99.9-99.9-99.9-9.9 99 9.4 86  6.1   4  3.2-9.9-9.9
5017219760530 19.5 -1.8  0.009900 -4.5-99.9-99.9-99.9-9.9 99 6.2 49  0.2  17 13.6-9.9-9.9
5017219760531 23.0  5.3  0.009900  2.0-99.9-99.9-99.9-9.9 99 8.2 46  4.1  22 17.6-9.9-9.9
5017219760601 16.7  1.6  0.009900 -2.9-99.9-99.9-99.9-9.9 99 6.1 55  0.0   4  3.2-9.9-9.9
5017219760602 12.3 -3.9  0.009900 -7.0-99.9-99.9-99.9-9.9 99 4.8 58 -3.3   2  1.6-9.9-9.9
5017219760603 10.1 -4.4  0.009900 -5.1-99.9-99.9-99.9-9.9 99 5.5 67 -1.4   1  0.8-9.9-9.9
5017219760604 11.7 -4.3  0.009900 -5.5-99.9-99.9-99.9-9.9 99 6.3 75  0.4   2  1.6-9.9-9.9
5017219760605 12.7  1.1  0.009900  1.0-99.9-99.9-99.9-9.9 99 7.7 77  3.2   3  2.4-9.9-9.9
5017219760606  8.0  1.3  0.009900  2.0-99.9-99.9-99.9-9.9 99 5.3 67 -1.9   7  5.6-9.9-9.9
5017219760607  7.3 -3.5  0.009900 -4.3-99.9-99.9-99.9-9.9 99 6.1 80  0.0   4  3.2-9.9-9.9
5017219760608 11.0  0.1  0.009900-99.9-99.9-99.9-99.9-9.9 99 6.7 77  1.3   3  2.4-9.9-9.9
5017219760609 12.7 -2.6  0.009900-99.9-99.9-99.9-99.9-9.9 99 7.2 76  2.3   3  2.4-9.9-9.9
5017219760610 15.5 -4.4  0.009900-99.9-99.9-99.9-99.9-9.9 99 5.8 63 -0.7  15 12.0-9.9-9.9
5017219760611 16.0  1.4  0.009900-99.9-99.9-99.9-99.9-9.9 99 6.8 62  1.5  14 11.2-9.9-9.9
5017219760612 18.0 -2.7  0.009900-99.9-99.9-99.9-99.9-9.9 99 6.0 58 -0.2   7  5.6-9.9-9.9
5017219760613 18.0  3.1  0.009900-99.9-99.9-99.9-99.9-9.9 99 7.1 52  2.1   3  2.4-9.9-9.9
5017219760614 20.8  4.5  0.009900-99.9-99.9-99.9-99.9-9.9 99 6.4 40  0.6  20 16.0-9.9-9.9
5017219760615 22.0  4.5  0.719900-99.9-99.9-99.9-99.9-9.9 99 7.5 54  2.9   7  5.6-9.9-9.9
5017219760616 11.5  5.4  0.009900  3.1-99.9-99.9-99.9-9.9 99 7.4 72  2.7   4  3.2-9.9-9.9
5017219760617 19.4  2.1  0.009900 -0.1-99.9-99.9-99.9-9.9 99 6.6 52  1.1  23 18.4-9.9-9.9
5017219760618 29.8  4.4  0.009900  0.1-99.9-99.9-99.9-9.9 99 5.5 41 -1.4  23 18.4-9.9-9.9
5017219760619 18.0 -0.9  0.009900 -4.2-99.9-99.9-99.9-9.9 99 7.8 68  3.4   6  4.8-9.9-9.9
5017219760620 23.5  5.6  0.009900  1.0-99.9-99.9-99.9-9.9 99 7.4 50  2.7   3  2.4-9.9-9.9
5017219760621 23.5  1.1  0.009900 -2.2-99.9-99.9-99.9-9.9 99 9.1 60  5.6   6  4.8-9.9-9.9
5017219760622 22.5  1.9  0.009900  0.0-99.9-99.9-99.9-9.9 9911.3 71  8.8   3  2.4-9.9-9.9
5017219760623 23.0  8.1  0.009900  3.8-99.9-99.9-99.9-9.9 9913.6 81 11.5   7  5.6-9.9-9.9
5017219760624 15.5  2.8  0.009900 -0.8-99.9-99.9-99.9-9.9 99 6.1 58  0.0   3  2.4-9.9-9.9
5017219760625 12.8 -2.9  0.009900 -7.2-99.9-99.9-99.9-9.9 99 4.4 55 -4.4   3  2.4-9.9-9.9
5017219760626 14.5 -6.4  0.009900 -9.2-99.9-99.9-99.9-9.9 99 4.3 57 -4.7   4  3.2-9.9-9.9
5017219760627 20.0 -5.3  0.009900 -9.5-99.9-99.9-99.9-9.9 99 3.3 40 -8.2   6  4.8-9.9-9.9
5017219760628 12.5 -7.6  0.009900-10.7-99.9-99.9-99.9-9.9 99 3.8 50 -6.4  15 12.0-9.9-9.9
5017219760629 10.4 -7.6  0.009900 -9.6-99.9-99.9-99.9-9.9 99 5.1 70 -2.5   5  4.0-9.9-9.9
5017219760630 14.7 -4.6  0.009900 -7.7-99.9-99.9-99.9-9.9 99 5.1 60 -2.5  11  8.8-9.9-9.9
5017219760701 15.5 -1.6  0.009900 -3.8-99.9-99.9-99.9-9.9 99 5.5 54 -1.4  26 20.8-9.9-9.9
5017219760702 16.7  3.1  0.009900  0.9-99.9-99.9-99.9-9.9 99 5.8 51 -0.7  26 20.8-9.9-9.9
5017219760703 17.4  0.4  0.009900 -3.7-99.9-99.9-99.9-9.9 99 5.2 52 -2.2   3  2.4-9.9-9.9
5017219760704 18.2 -4.4  0.009900 -7.7-99.9-99.9-99.9-9.9 99 4.8 44 -3.3  12  9.6-9.9-9.9
5017219760705 18.8 -0.1  0.009900 -4.1-99.9-99.9-99.9-9.9 99 5.0 44 -2.7   8  6.4-9.9-9.9
5017219760706 11.5 -3.1  0.009900 -6.7-99.9-99.9-99.9-9.9 99 4.5 57 -4.1  15 12.0-9.9-9.9
5017219760707  9.7 -3.9  0.009900 -7.2-99.9-99.9-99.9-9.9 99 4.7 62 -3.6  19 15.2-9.9-9.9
5017219760708  9.8 -9.7  0.009900-11.7-99.9-99.9-99.9-9.9 99 4.0 67 -5.7   3  2.4-9.9-9.9
5017219760709 13.4 -7.3  0.009900-10.5-99.9-99.9-99.9-9.9 99 4.0 53 -5.7   6  4.8-9.9-9.9
5017219760710 13.4 -6.6  0.009900 -8.7-99.9-99.9-99.9-9.9 99 4.0 52 -5.7  14 11.2-9.9-9.9
5017219760711 12.5 -4.9  0.009900 -8.2-99.9-99.9-99.9-9.9 99 4.3 56 -4.7  11  8.8-9.9-9.9
5017219760712  9.5 -5.9  0.009900 -9.2-99.9-99.9-99.9-9.9 99 4.5 61 -4.1   0  0.0-9.9-9.9
5017219760713 14.0 -2.3  0.009900 -5.0-99.9-99.9-99.9-9.9 99 5.6 56 -1.2   4  3.2-9.9-9.9
5017219760714 17.0 -2.9  0.009900 -7.2-99.9-99.9-99.9-9.9 99 5.6 54 -1.2  28 22.4-9.9-9.9
5017219760715 21.5  5.8  0.009900  4.3-99.9-99.9-99.9-9.9 99 5.6 41 -1.2  26 20.8-9.9-9.9
5017219760716 21.4 -1.9  0.009900 -5.4-99.9-99.9-99.9-9.9 99 6.1 52  0.0   8  6.4-9.9-9.9
5017219760717 21.7  4.1  0.009900 -2.7-99.9-99.9-99.9-9.9 99 6.3 40  0.4  24 19.2-9.9-9.9
5017219760718 23.7  3.4  0.009900 -0.6-99.9-99.9-99.9-9.9 99 7.7 50  3.2  16 12.8-9.9-9.9
5017219760719 25.8  3.1  0.009900 -0.2-99.9-99.9-99.9-9.9 99 9.2 50  5.8  16 12.8-9.9-9.9
5017219760720 17.1  8.3  0.009900  6.0-99.9-99.9-99.9-9.9 99 7.4 57  2.7   8  6.4-9.9-9.9
5017219760721 19.2  0.1  0.009900 -3.2-99.9-99.9-99.9-9.9 99 9.2 72  5.8   4  3.2-9.9-9.9
5017219760722 18.7  3.9  0.009900 -1.2-99.9-99.9-99.9-9.9 99 8.5 68  4.6   6  4.8-9.9-9.9
5017219760723 14.4  0.8  0.009900  1.8-99.9-99.9-99.9-9.9 99 9.2 82  5.8   9  7.2-9.9-9.9
5017219760724 12.0  4.3  0.009900  0.8-99.9-99.9-99.9-9.9 99 5.8 58 -0.7  15 12.0-9.9-9.9
5017219760725 13.7 -4.4  0.009900 -8.7-99.9-99.9-99.9-9.9 99 5.6 64 -1.2   8  6.4-9.9-9.9
5017219760726 15.0 -2.3  0.009900 -5.2-99.9-99.9-99.9-9.9 99 5.5 65 -1.4   3  2.4-9.9-9.9
5017219760727 19.5 -4.3  0.009900 -7.4-99.9-99.9-99.9-9.9 99 7.1 63  2.1   8  6.4-9.9-9.9
5017219760728 17.4  1.8  0.009900 -1.3-99.9-99.9-99.9-9.9 99 8.4 71  4.5   5  4.0-9.9-9.9
5017219760729 20.3 -1.0  0.009900 -3.9-99.9-99.9-99.9-9.9 99 7.9 68  3.6   4  3.2-9.9-9.9
5017219760730 12.0  5.6  0.919900  5.5-99.9-99.9-99.9-9.9 99 7.8 79  3.4   6  4.8-9.9-9.9
5017219760731  7.0  5.1  9.519900  5.9-99.9-99.9-99.9-9.9 99 9.1 95  5.6  17 13.6-9.9-9.9
5017219760801  5.6  0.1  4.519900  1.2-99.9-99.9-99.9-9.9 99 6.7 96  1.3  11  8.8-9.9-9.9
5017219760802  4.7  0.1  3.419900  0.8-99.9-99.9-99.9-9.9 99 7.2 96  2.3   2  1.6-9.9-9.9
5017219760803  8.0  3.1  0.619900  3.5-99.9-99.9-99.9-9.9 99 9.2 98  5.8   4  3.2-9.9-9.9
5017219760804 10.5  5.6  0.519900  6.3-99.9-99.9-99.9-9.9 9910.1 93  7.1   9  7.2-9.9-9.9
5017219760805 11.8  4.8  0.009900  5.8-99.9-99.9-99.9-9.9 99 8.9 79  5.3   1  0.8-9.9-9.9
5017219760806 13.1  6.6  0.009900  7.2-99.9-99.9-99.9-9.9 99 9.2 80  5.8   8  6.4-9.9-9.9
5017219760807  9.0  6.5  2.619900  3.1-99.9-99.9-99.9-9.9 9910.1 95  7.1  11  8.8-9.9-9.9
5017219760808 14.3  2.2  0.009900 -2.0-99.9-99.9-99.9-9.9 99 7.3 68  2.5   8  6.4-9.9-9.9
5017219760809 17.0 -0.7  0.009900 -4.6-99.9-99.9-99.9-9.9 99 6.7 77  1.3   9  7.2-9.9-9.9
5017219760810 16.2 -1.8  6.019900 -4.0-99.9-99.9-99.9-9.9 99 7.1 71  2.1  11  8.8-9.9-9.9
5017219760811  9.7  3.1  0.009900  4.0-99.9-99.9-99.9-9.9 99 7.7 87  3.2   5  4.0-9.9-9.9
5017219760812 16.5 -2.9  0.009900 -4.9-99.9-99.9-99.9-9.9 99 5.7 57 -1.0   4  3.2-9.9-9.9
5017219760813 14.0 -1.0  0.009900 -4.8-99.9-99.9-99.9-9.9 99 5.2 53 -2.2   8  6.4-9.9-9.9
5017219760814 16.8 -1.1  0.009900 -5.6-99.9-99.9-99.9-9.9 99 5.0 44 -2.7  27 21.6-9.9-9.9
5017219760815 19.2  4.8  0.009900  2.8-99.9-99.9-99.9-9.9 99 6.0 41 -0.2  29 23.2-9.9-9.9
5017219760816 16.5  1.6  0.009900 -3.7-99.9-99.9-99.9-9.9 99 5.5 53 -1.4  24 19.2-9.9-9.9
5017219760817 20.0 -0.6  0.219900 -6.0-99.9-99.9-99.9-9.9 99 5.3 45 -1.9  27 21.6-9.9-9.9
5017219760818 18.7  7.4  0.009900  4.9-99.9-99.9-99.9-9.9 99 7.2 50  2.3   2  1.6-9.9-9.9
5017219760819 19.8  0.8  0.009900 -4.3-99.9-99.9-99.9-9.9 99 5.2 47 -2.2   7  5.6-9.9-9.9
5017219760820 25.0  1.8  0.009900-99.9-99.9-99.9-99.9-9.9 99 7.6 48  3.0 -99-99.9-9.9-9.9
5017219760821 25.0  8.4  0.009900-99.9-99.9-99.9-99.9-9.9 99 8.0 46  3.8 -99-99.9-9.9-9.9
5017219760822 26.2  2.7  0.009900 -0.1-99.9-99.9-99.9-9.9 99 7.9 42  3.6   6  4.8-9.9-9.9
5017219760823 22.5  4.4  0.009900  0.3-99.9-99.9-99.9-9.9 99 6.4 44  0.6  14 11.2-9.9-9.9
5017219760824 14.4  3.9  5.019900  4.8-99.9-99.9-99.9-9.9 99 7.1 80  2.1  34 27.2-9.9-9.9
5017219760825  7.0  1.6 11.019900  2.3-99.9-99.9-99.9-9.9 99 7.5 86  2.9   1  0.8-9.9-9.9
5017219760826  9.2  3.5  0.009900  4.3-99.9-99.9-99.9-9.9 99 9.0 91  5.4   1  0.8-9.9-9.9
5017219760827 22.8  2.0  0.009900 -1.2-99.9-99.9-99.9-9.9 99 7.2 53  2.3   8  6.4-9.9-9.9
5017219760828 18.7  1.1  0.009900 -0.8-99.9-99.9-99.9-9.9 99 7.2 59  2.3   8  6.4-9.9-9.9
5017219760829 26.0  4.2  0.009900  0.1-99.9-99.9-99.9-9.9 99 8.4 49  4.5  16 12.8-9.9-9.9
5017219760830 17.7  5.3  0.009900  4.2-99.9-99.9-99.9-9.9 99 6.4 50  0.6  26 20.8-9.9-9.9
5017219760831 16.5 -0.1  0.009900 -3.7-99.9-99.9-99.9-9.9 99 5.6 53 -1.2   5  4.0-9.9-9.9
5017219760901 16.7 -0.7  0.009900 -3.2-99.9-99.9-99.9-9.9 99 5.6 53 -1.2   8  6.4-9.9-9.9
5017219760902 20.0 -2.1  0.009900 -4.9-99.9-99.9-99.9-9.9 99 5.9 51 -0.5   3  2.4-9.9-9.9
5017219760903 18.7 -0.4  2.519901 -3.2-99.9-99.9-99.9-9.9 99 5.6 48 -1.2  20 16.0-9.9-9.9
5017219760904 10.8 -2.9  8.119901-99.9-99.9-99.9-99.9-9.9 99 5.7 97 -1.0  20 16.0-9.9-9.9
5017219760905  3.5 -2.4  2.319901-99.9-99.9-99.9-99.9-9.9 99 6.0 91 -0.2  11  8.8-9.9-9.9
5017219760906  5.5 -0.4  0.009901 -4.7-99.9-99.9-99.9-9.9 99 6.4 88  0.6   2  1.6-9.9-9.9
5017219760907  8.0 -1.2  0.009900-99.9-99.9-99.9-99.9-9.9 99 6.4 81  0.6   3  2.4-9.9-9.9
5017219760908 10.8 -2.8  0.009900-99.9-99.9-99.9-99.9-9.9 99 5.7 70 -1.0   3  2.4-9.9-9.9
5017219760909 17.9 -2.8  0.009900-99.9-99.9-99.9-99.9-9.9 99 6.0 57 -0.2   6  4.8-9.9-9.9
5017219760910 21.6  0.8  0.009900-99.9-99.9-99.9-99.9-9.9 99 5.8 45 -0.7  11  8.8-9.9-9.9
5017219760911 16.7  1.1  0.009900-99.9-99.9-99.9-99.9-9.9 99 8.6 67  4.8  24 19.2-9.9-9.9
5017219760912 16.8  5.6  0.009900-99.9-99.9-99.9-99.9-9.9 99 9.5 75  6.2   8  6.4-9.9-9.9
5017219760913 21.4  1.7  0.009900-99.9-99.9-99.9-99.9-9.9 99 7.0 53  1.9   6  4.8-9.9-9.9
5017219760914 26.6  2.3  0.009900-99.9-99.9-99.9-99.9-9.9 99 7.3 44  2.5  12  9.6-9.9-9.9
5017219760915 26.0 10.4  0.009900-99.9-99.9-99.9-99.9-9.9 99 8.6 42  4.8   8  6.4-9.9-9.9
5017219760916 29.0  4.8  0.009900-99.9-99.9-99.9-99.9-9.9 99 9.8 48  6.7   8  6.4-9.9-9.9
5017219760917 24.8  7.5  0.009900-99.9-99.9-99.9-99.9-9.9 99 9.0 44  5.4  11  8.8-9.9-9.9
5017219760918 26.0  4.2  0.009900-99.9-99.9-99.9-99.9-9.9 99 9.4 49  6.1   8  6.4-9.9-9.9
5017219760919 30.0  8.5  0.009900-99.9-99.9-99.9-99.9-9.9 9910.7 45  8.0  13 10.4-9.9-9.9
5017219760920 30.7  6.4  0.009900-99.9-99.9-99.9-99.9-9.9 9910.6 43  7.8  11  8.8-9.9-9.9
5017219760921 24.6 12.3  0.009900-99.9-99.9-99.9-99.9-9.9 99 8.2 40  4.1  19 15.2-9.9-9.9
5017219760922 29.0  4.0  0.009900-99.9-99.9-99.9-99.9-9.9 99 9.3 43  5.9   3  2.4-9.9-9.9
5017219760923 27.0  9.8  0.009900-99.9-99.9-99.9-99.9-9.9 9913.1 64 11.0   8  6.4-9.9-9.9
5017219760924 29.4  6.6 12.019900-99.9-99.9-99.9-99.9-9.9 9912.7 65 10.5  11  8.8-9.9-9.9
5017219760925 21.0 10.4  0.009900-99.9-99.9-99.9-99.9-9.9 9913.6 75 11.5   6  4.8-9.9-9.9
5017219760926 28.7  8.1  0.009900-99.9-99.9-99.9-99.9-9.9 9915.4 66 13.4  11  8.8-9.9-9.9
5017219760927 21.4 12.3  0.009900-99.9-99.9-99.9-99.9-9.9 9911.0 60  8.4  19 15.2-9.9-9.9
5017219760928 20.2  7.3  2.519910-99.9-99.9-99.9-99.9-9.9 9910.8 67  8.1  17 13.6-9.9-9.9
5017219760929 21.0  3.9  0.519900-99.9-99.9-99.9-99.9-9.9 99 9.4 60  6.1   6  4.8-9.9-9.9
5017219760930 21.4  4.1  0.009900-99.9-99.9-99.9-99.9-9.9 99 7.8 47  3.4   4  3.2-9.9-9.9
5017219761001 27.0  3.5  0.009900-99.9-99.9-99.9-99.9-9.9 99 9.1 43  5.6   8  6.4-9.9-9.9
5017219761002 25.7  6.8  0.009900-99.9-99.9-99.9-99.9-9.9 99 9.0 46  5.4   4  3.2-9.9-9.9
5017219761003 22.2  8.6  1.919900-99.9-99.9-99.9-99.9-9.9 9910.5 58  7.7  34 27.2-9.9-9.9
5017219761004 23.0  6.6  0.009900-99.9-99.9-99.9-99.9-9.9 99 7.6 44  3.0  11  8.8-9.9-9.9
5017219761005 20.7  3.3  0.009900-99.9-99.9-99.9-99.9-9.9 99 7.2 49  2.3  11  8.8-9.9-9.9
5017219761006 20.8  4.5  0.009900-99.9-99.9-99.9-99.9-9.9 99 7.7 50  3.2   6  4.8-9.9-9.9
5017219761007 22.5  7.7  0.009900-99.9-99.9-99.9-99.9-9.9 9911.4 63  8.9   7  5.6-9.9-9.9
5017219761008 20.0  9.4  0.009900-99.9-99.9-99.9-99.9-9.9 99 8.4 55  4.5  19 15.2-9.9-9.9
5017219761009 17.0  1.3  0.009900-99.9-99.9-99.9-99.9-9.9 99 7.4 59  2.7   9  7.2-9.9-9.9
5017219761010 21.7  0.8  0.009900-99.9-99.9-99.9-99.9-9.9 99 9.7 59  6.5   8  6.4-9.9-9.9
5017219761011 24.0  5.4  0.009900-99.9-99.9-99.9-99.9-9.9 9911.7 65  9.3   6  4.8-9.9-9.9
5017219761012 28.0  6.3  0.009900-99.9-99.9-99.9-99.9-9.9 9913.6 61 11.5  14 11.2-9.9-9.9
5017219761013 27.4 13.8 18.519900-99.9-99.9-99.9-99.9-9.9 9915.1 76 13.1  15 12.0-9.9-9.9
5017219761014 25.4  5.1  0.009900-99.9-99.9-99.9-99.9-9.9 99 8.5 45  4.6   9  7.2-9.9-9.9
5017219761015 28.2  9.2  0.009900-99.9-99.9-99.9-99.9-9.9 99 9.5 42  6.2  11  8.8-9.9-9.9
5017219761016 19.0  5.6  0.009900-99.9-99.9-99.9-99.9-9.9 99 8.0 52  3.8   4  3.2-9.9-9.9
5017219761017 18.0  0.9  0.009900-99.9-99.9-99.9-99.9-9.9 99 7.6 51  3.0  12  9.6-9.9-9.9
5017219761018 19.8 -0.3  0.009900-99.9-99.9-99.9-99.9-9.9 99 6.3 41  0.4  12  9.6-9.9-9.9
5017219761019 23.8  1.8  0.009900-99.9-99.9-99.9-99.9-9.9 99 7.2 41  2.3   8  6.4-9.9-9.9
5017219761020 28.0  2.3  0.009900-99.9-99.9-99.9-99.9-9.9 99 8.9 42  5.3  15 12.0-9.9-9.9
5017219761021 31.0  8.1  0.009900-99.9-99.9-99.9-99.9-9.9 9911.5 41  9.0  16 12.8-9.9-9.9
5017219761022 25.3 11.6  0.009900-99.9-99.9-99.9-99.9-9.9 99 9.6 43  6.4  29 23.2-9.9-9.9
5017219761023 29.0  3.9  0.009900-99.9-99.9-99.9-99.9-9.9 9910.4 47  7.5   8  6.4-9.9-9.9
5017219761024 27.6 10.9  0.009900-99.9-99.9-99.9-99.9-9.9 9910.4 41  7.5  31 24.8-9.9-9.9
5017219761025 25.5  6.8  0.009900-99.9-99.9-99.9-99.9-9.9 9912.0 58  9.7  24 19.2-9.9-9.9
5017219761026 21.3  9.6  0.009900-99.9-99.9-99.9-99.9-9.9 9912.8 70 10.6  19 15.2-9.9-9.9
5017219761027 25.0  6.9 14.019900-99.9-99.9-99.9-99.9-9.9 9914.1 68 12.1  16 12.8-9.9-9.9
5017219761028 25.1 10.7  0.009900-99.9-99.9-99.9-99.9-9.9 9915.5 74 13.5   8  6.4-9.9-9.9
5017219761029 26.5 12.5  1.619910-99.9-99.9-99.9-99.9-9.9 9914.4 64 12.4  16 12.8-9.9-9.9
5017219761030 24.5  8.8  0.619910-99.9-99.9-99.9-99.9-9.9 9911.0 60  8.4  21 16.8-9.9-9.9
5017219761031 25.0  7.1  0.009900-99.9-99.9-99.9-99.9-9.9 99 9.6 47  6.4   9  7.2-9.9-9.9
5017219761101 30.3  5.4 32.419900  1.7-99.9-99.9-99.9-9.9 9912.9 59 10.7  19 15.2-9.9-9.9
5017219761102 23.2 14.1  0.009900  3.5-99.9-99.9-99.9-9.9 9914.5 66 12.5  26 20.8-9.9-9.9
5017219761103 24.7 11.3  0.219900  8.0-99.9-99.9-99.9-9.9 9910.7 50  8.0   2  1.6-9.9-9.9
5017219761104 18.8  9.5  0.319900  8.0-99.9-99.9-99.9-9.9 99 9.7 64  6.5  14 11.2-9.9-9.9
5017219761105 23.0  4.1  0.009900 -2.0-99.9-99.9-99.9-9.9 99 7.8 43  3.4   6  4.8-9.9-9.9
5017219761106 25.6  8.1  0.009900  3.0-99.9-99.9-99.9-9.9 9910.1 45  7.1   6  4.8-9.9-9.9
5017219761107 26.7  9.4  0.009900  4.8-99.9-99.9-99.9-9.9 99 6.7 28  1.3  18 14.4-9.9-9.9
5017219761108 31.0  6.9  0.009900  1.7-99.9-99.9-99.9-9.9 99 9.9 36  6.8   8  6.4-9.9-9.9
5017219761109 34.0 12.3  0.009900  9.2-99.9-99.9-99.9-9.9 9917.3 53 15.2  13 10.4-9.9-9.9
5017219761110 27.4 15.6  5.219900 14.6-99.9-99.9-99.9-9.9 9917.1 79 15.0  14 11.2-9.9-9.9
5017219761111 32.3  9.8  0.009900  6.3-99.9-99.9-99.9-9.9 9912.8 47 10.6   4  3.2-9.9-9.9
5017219761112 35.7 12.1  0.009900  6.7-99.9-99.9-99.9-9.9 9911.5 31  9.0  19 15.2-9.9-9.9
5017219761113 36.2 15.3  2.019900  9.2-99.9-99.9-99.9-9.9 9914.2 40 12.2  16 12.8-9.9-9.9
5017219761114 27.4 15.6  3.019900 13.5-99.9-99.9-99.9-9.9 9916.8 70 14.8  33 26.4-9.9-9.9
5017219761115 22.2 12.6 40.019900 10.5-99.9-99.9-99.9-9.9 9913.6 65 11.5  18 14.4-9.9-9.9
5017219761116 18.6  9.3  3.019900  8.7-99.9-99.9-99.9-9.9 9912.5 87 10.3  13 10.4-9.9-9.9
5017219761117 22.5  7.2  0.009900  3.0-99.9-99.9-99.9-9.9 9912.1 64  9.8   4  3.2-9.9-9.9
5017219761118 26.6  7.3  0.009900  2.6-99.9-99.9-99.9-9.9 9911.2 49  8.6   4  3.2-9.9-9.9
5017219761119 30.5 11.1  0.009900  6.0-99.9-99.9-99.9-9.9 9913.4 47 11.3  15 12.0-9.9-9.9
5017219761120 28.2 14.1  0.009900  9.8-99.9-99.9-99.9-9.9 9912.4 45 10.1  15 12.0-9.9-9.9
5017219761121 24.0 10.3  0.009900  7.5-99.9-99.9-99.9-9.9 9910.5 52  7.7  24 19.2-9.9-9.9
5017219761122 28.8  7.1  0.009900  4.0-99.9-99.9-99.9-9.9 9913.4 55 11.3   4  3.2-9.9-9.9
5017219761123 31.0 11.4  0.009900  8.5-99.9-99.9-99.9-9.9 9913.5 48 11.4  19 15.2-9.9-9.9
5017219761124 26.0  8.6  0.009900  5.8-99.9-99.9-99.9-9.9 9911.2 53  8.6  11  8.8-9.9-9.9
5017219761125 30.7  9.4  0.009900  4.5-99.9-99.9-99.9-9.9 9917.3 57 15.2   9  7.2-9.9-9.9
5017219761126 31.6 14.5  0.009900 12.0-99.9-99.9-99.9-9.9 9917.0 54 15.0   8  6.4-9.9-9.9
5017219761127 32.3 18.1  0.009900 14.0-99.9-99.9-99.9-9.9 9917.6 58 15.5  19 15.2-9.9-9.9
5017219761128 31.2 13.5  0.009900  9.5-99.9-99.9-99.9-9.9 9914.5 44 12.5  12  9.6-9.9-9.9
5017219761129 27.0 16.4  0.319900 14.0-99.9-99.9-99.9-9.9 9918.8 77 16.5  25 20.0-9.9-9.9
5017219761130 27.7 13.9  0.009900 11.1-99.9-99.9-99.9-9.9 9915.1 64 13.1   9  7.2-9.9-9.9
5017219761201 29.7 11.3  0.009900  7.3-99.9-99.9-99.9-9.9 9913.7 55 11.6   8  6.4-9.9-9.9
5017219761202 27.7 11.6  0.009900  7.8-99.9-99.9-99.9-9.9 9914.0 53 12.0   1  0.8-9.9-9.9
5017219761203 33.7 10.6  0.009900  6.0-99.9-99.9-99.9-9.9 9913.4 43 11.3   8  6.4-9.9-9.9
5017219761204 31.4 14.8  0.009900 11.6-99.9-99.9-99.9-9.9 9911.6 37  9.2  14 11.2-9.9-9.9
5017219761205 35.0 12.6  0.009900 11.0-99.9-99.9-99.9-9.9 9912.8 37 10.6  11  8.8-9.9-9.9
5017219761206 32.5 15.2  0.009900 11.0-99.9-99.9-99.9-9.9 9912.9 38 10.7  16 12.8-9.9-9.9
5017219761207 27.5 12.2  0.009900  8.2-99.9-99.9-99.9-9.9 9911.2 43  8.6   8  6.4-9.9-9.9
5017219761208 32.0  9.4  0.009900  5.5-99.9-99.9-99.9-9.9 9913.7 49 11.6  25 20.0-9.9-9.9
5017219761209 31.5 13.5 20.019900 12.0-99.9-99.9-99.9-9.9 9918.1 59 15.9  11  8.8-9.9-9.9
5017219761210 29.3 14.7  0.009900 13.5-99.9-99.9-99.9-9.9 9918.7 67 16.4  14 11.2-9.9-9.9
5017219761211 32.0 16.1  0.009900 14.1-99.9-99.9-99.9-9.9 9921.0 64 18.3  19 15.2-9.9-9.9
5017219761212 34.6 18.2  0.009900 16.0-99.9-99.9-99.9-9.9 9923.3 61 20.0  17 13.6-9.9-9.9
5017219761213 31.2 17.6  0.009900 14.0-99.9-99.9-99.9-9.9 9919.4 59 17.0  14 11.2-9.9-9.9
5017219761214 28.8 13.6 11.419900 12.0-99.9-99.9-99.9-9.9 9912.1 48  9.8  27 21.6-9.9-9.9
5017219761215 25.6 11.6  0.009900 10.7-99.9-99.9-99.9-9.9 9913.3 63 11.2  14 11.2-9.9-9.9
5017219761216 27.0 11.8  8.719900  8.5-99.9-99.9-99.9-9.9 9916.4 69 14.4   6  4.8-9.9-9.9
5017219761217 28.3 11.9 21.019900  9.0-99.9-99.9-99.9-9.9 9916.1 64 14.1  14 11.2-9.9-9.9
5017219761218 25.0 13.6  0.219900 13.5-99.9-99.9-99.9-9.9 9916.9 74 14.9   8  6.4-9.9-9.9
5017219761219 25.5 14.1  0.009900 12.0-99.9-99.9-99.9-9.9 9916.4 68 14.4  10  8.0-9.9-9.9
5017219761220 28.0 12.5  0.719900 10.4-99.9-99.9-99.9-9.9 9916.0 67 14.0  14 11.2-9.9-9.9
5017219761221 26.5 11.6  0.009900 10.0-99.9-99.9-99.9-9.9 9915.7 64 13.7  11  8.8-9.9-9.9
5017219761222 29.5 13.8  0.119900 12.0-99.9-99.9-99.9-9.9 9915.4 63 13.4  11  8.8-9.9-9.9
5017219761223 28.2 11.1  1.619900  7.1-99.9-99.9-99.9-9.9 9912.7 51 10.5   4  3.2-9.9-9.9
5017219761224 30.5 11.1  0.009900  7.5-99.9-99.9-99.9-9.9 9916.8 58 14.8   0  0.0-9.9-9.9
5017219761225 30.8 11.5  0.009900  8.0-99.9-99.9-99.9-9.9 9914.8 52 12.8  18 14.4-9.9-9.9
5017219761226 31.5 12.2  0.009900  9.0-99.9-99.9-99.9-9.9 9911.5 37  9.0   8  6.4-9.9-9.9
5017219761227 27.3 10.6  0.009900  3.5-99.9-99.9-99.9-9.9 99 7.9 32  3.6  12  9.6-9.9-9.9
5017219761228 32.2  8.5  0.009900  2.5-99.9-99.9-99.9-9.9 9910.6 45  7.8  12  9.6-9.9-9.9
5017219761229 35.8 14.6  0.009900  7.8-99.9-99.9-99.9-9.9 9914.2 37 12.2   6  4.8-9.9-9.9
5017219761230 38.5 20.4  0.009900 13.1-99.9-99.9-99.9-9.9 9914.9 36 12.9  17 13.6-9.9-9.9
5017219761231 27.5 12.1  0.009900  5.6-99.9-99.9-99.9-9.9 99 9.9 38  6.8  12  9.6-9.9-9.9
5017219770101 33.0  8.9  0.009900  3.5-99.9-99.9-99.9-9.9 9915.3 47 13.3   7  5.6-9.9-9.9
5017219770102 31.5 14.5  0.009900  8.1-99.9-99.9-99.9-9.9 9912.0 37  9.7   9  7.2-9.9-9.9
5017219770103 30.7 12.1  0.009900  6.2-99.9-99.9-99.9-9.9 9910.3 35  7.4  14 11.2-9.9-9.9
5017219770104 31.6 12.9  0.009900  9.4-99.9-99.9-99.9-9.9 9911.5 36  9.0  24 19.2-9.9-9.9
5017219770105 33.8 12.9  0.009900  8.5-99.9-99.9-99.9-9.9 9913.2 39 11.1  12  9.6-9.9-9.9
5017219770106 38.0 15.8  0.009900 11.0-99.9-99.9-99.9-9.9 9914.4 35 12.4   8  6.4-9.9-9.9
5017219770107 38.8 17.8  0.009900 11.7-99.9-99.9-99.9-9.9 9916.3 39 14.3  14 11.2-9.9-9.9
5017219770108 38.2 16.9  3.019900 12.5-99.9-99.9-99.9-9.9 9915.8 39 13.8   8  6.4-9.9-9.9
5017219770109 34.0 19.1  0.009900 14.3-99.9-99.9-99.9-9.9 9913.7 35 11.6  23 18.4-9.9-9.9
5017219770110 32.7 15.3  0.009900  9.5-99.9-99.9-99.9-9.9 9912.9 43 10.7  19 15.2-9.9-9.9
5017219770111 31.7 18.9  0.009900 14.5-99.9-99.9-99.9-9.9 9912.5 37 10.3  21 16.8-9.9-9.9
5017219770112 33.0 14.7  0.009900 10.2-99.9-99.9-99.9-9.9 9914.4 40 12.4  28 22.4-9.9-9.9
5017219770113 35.0 19.1 18.019900 14.5-99.9-99.9-99.9-9.9 9919.0 47 16.7  24 19.2-9.9-9.9
5017219770114 31.8 15.4  0.009900 13.5-99.9-99.9-99.9-9.9 9919.6 57 17.2  11  8.8-9.9-9.9
5017219770115 35.6 18.3  4.719900 16.5-99.9-99.9-99.9-9.9 9923.1 76 19.8  23 18.4-9.9-9.9
5017219770116 34.6 17.1  0.009900 15.0-99.9-99.9-99.9-9.9 9921.4 55 18.6   1  0.8-9.9-9.9
5017219770117 38.2 20.5 23.719900 17.0-99.9-99.9-99.9-9.9 9920.1 52 17.6  16 12.8-9.9-9.9
5017219770118 27.0 17.9  0.519900 16.5-99.9-99.9-99.9-9.9 9920.2 74 17.7   7  5.6-9.9-9.9
5017219770119 31.5 15.2 25.019900 12.5-99.9-99.9-99.9-9.9 9920.4 65 17.8   4  3.2-9.9-9.9
5017219770120 27.5 16.4 18.919900 15.5-99.9-99.9-99.9-9.9 9920.2 79 17.7   6  4.8-9.9-9.9
5017219770121 27.5 15.2  0.009900 14.1-99.9-99.9-99.9-9.9 9919.5 63 17.1   2  1.6-9.9-9.9
5017219770122 30.0 14.1  0.009900 11.3-99.9-99.9-99.9-9.9 9917.6 59 15.5  11  8.8-9.9-9.9
5017219770123 28.2 14.7  0.009900 12.5-99.9-99.9-99.9-9.9 9914.7 53 12.7  14 11.2-9.9-9.9
5017219770124 29.3 13.4  0.009900 10.5-99.9-99.9-99.9-9.9 9915.3 55 13.3  13 10.4-9.9-9.9
5017219770125 32.2 11.8  3.819900  8.8-99.9-99.9-99.9-9.9 9915.8 51 13.8   4  3.2-9.9-9.9
5017219770126 35.3 15.3  0.009900 11.2-99.9-99.9-99.9-9.9 9917.0 45 15.0   8  6.4-9.9-9.9
5017219770127 32.2 16.8 15.819900 13.3-99.9-99.9-99.9-9.9 9915.0 56 13.0  14 11.2-9.9-9.9
5017219770128 25.5 13.2  4.219900 10.3-99.9-99.9-99.9-9.9 9915.8 77 13.8   7  5.6-9.9-9.9
5017219770129 21.5 11.4 39.019900 10.0-99.9-99.9-99.9-9.9 9913.6 73 11.5   5  4.0-9.9-9.9
5017219770130 18.0 10.6 77.019900 10.0-99.9-99.9-99.9-9.9 9913.4 96 11.3  10  8.0-9.9-9.9
5017219770131 20.7 11.1  0.009900 10.0-99.9-99.9-99.9-9.9 9914.5 82 12.5   5  4.0-9.9-9.9
5017219770201 27.5  9.7  0.009900  6.7-99.9-99.9-99.9-9.9 9916.3 71 14.3  13 10.4-9.9-9.9
5017219770202 31.2 11.1  0.009900  7.5-99.9-99.9-99.9-9.9 9917.7 66 15.6   4  3.2-9.9-9.9
5017219770203 26.5 13.6  0.009900 12.5-99.9-99.9-99.9-9.9 9913.8 59 11.8   8  6.4-9.9-9.9
5017219770204 29.8 13.3  0.009900 10.0-99.9-99.9-99.9-9.9 9917.9 64 15.8   9  7.2-9.9-9.9
5017219770205 32.0 14.1  0.009900 10.2-99.9-99.9-99.9-9.9 9918.0 63 15.8   6  4.8-9.9-9.9
5017219770206 33.2 14.6  0.009900 10.7-99.9-99.9-99.9-9.9 9917.0 53 15.0  11  8.8-9.9-9.9
5017219770207 34.2 16.3  0.009900 11.5-99.9-99.9-99.9-9.9 9916.7 56 14.7  16 12.8-9.9-9.9
5017219770208 26.9 11.1  0.009900  6.2-99.9-99.9-99.9-9.9 9912.3 52 10.0   6  4.8-9.9-9.9
5017219770209 21.0  7.7  0.009900  3.5-99.9-99.9-99.9-9.9 99 9.0 57  5.4  19 15.2-9.9-9.9
5017219770210 22.4  7.7  0.009900  4.5-99.9-99.9-99.9-9.9 9910.5 62  7.7   8  6.4-9.9-9.9
5017219770211 28.0  6.7  0.009900  2.5-99.9-99.9-99.9-9.9 9910.2 46  7.3  12  9.6-9.9-9.9
5017219770212 32.0 11.4  0.009900  6.4-99.9-99.9-99.9-9.9 9914.7 55 12.7  10  8.0-9.9-9.9
5017219770213 25.0 11.8  0.009900  9.1-99.9-99.9-99.9-9.9 99 8.9 43  5.3  23 18.4-9.9-9.9
5017219770214 29.0  6.1  0.009900  1.0-99.9-99.9-99.9-9.9 9912.2 51  9.9   8  6.4-9.9-9.9
5017219770215 32.8 12.9  0.009900  6.0-99.9-99.9-99.9-9.9 9917.9 59 15.8  13 10.4-9.9-9.9
5017219770216 29.0 19.1  0.009900 14.4-99.9-99.9-99.9-9.9 9911.6 41  9.2  19 15.2-9.9-9.9
5017219770217 34.0 12.0  0.009900  6.5-99.9-99.9-99.9-9.9 9914.4 46 12.4  11  8.8-9.9-9.9
5017219770218 36.2 16.2  0.009900 12.0-99.9-99.9-99.9-9.9 9921.3 56 18.5  11  8.8-9.9-9.9
5017219770219 33.7 22.4  0.009900 18.0-99.9-99.9-99.9-9.9 9924.0 60 20.4  16 12.8-9.9-9.9
5017219770220 29.5 18.4  0.009900 14.5-99.9-99.9-99.9-9.9 9918.8 59 16.5  14 11.2-9.9-9.9
5017219770221 30.0 16.9  0.009900 14.6-99.9-99.9-99.9-9.9 9916.5 60 14.5  11  8.8-9.9-9.9
5017219770222 26.0 19.4  0.719900 15.4-99.9-99.9-99.9-9.9 9921.6 80 18.7   6  4.8-9.9-9.9
5017219770223 27.6 19.1  0.009900 15.0-99.9-99.9-99.9-9.9 9918.0 65 15.8  12  9.6-9.9-9.9
5017219770224 27.2 13.2  0.009900  8.5-99.9-99.9-99.9-9.9 9915.4 65 13.4   3  2.4-9.9-9.9
5017219770225 29.8 11.4  0.009900  7.0-99.9-99.9-99.9-9.9 9916.3 68 14.3   4  3.2-9.9-9.9
5017219770226 33.5 14.6  0.009900  9.7-99.9-99.9-99.9-9.9 9921.8 65 18.9   3  2.4-9.9-9.9
5017219770227 34.0  9.5  0.009900 14.1-99.9-99.9-99.9-9.9 9916.0 46 14.0  29 23.2-9.9-9.9
5017219770228 24.4  7.9  0.009900  0.7-99.9-99.9-99.9-9.9 9910.0 62  7.0  11  8.8-9.9-9.9
5017219770301 27.7  5.6  0.009900-99.9-99.9-99.9-99.9-9.9 9912.9 57 10.7   8  6.4-9.9-9.9
5017219770302 30.5 13.1  0.009900-99.9-99.9-99.9-99.9-9.9 9916.7 61 14.7  16 12.8-9.9-9.9
5017219770303 32.5 17.6  0.009900-99.9-99.9-99.9-99.9-9.9 9919.3 59 16.9  19 15.2-9.9-9.9
5017219770304 33.5 18.5  1.119900-99.9-99.9-99.9-99.9-9.9 9917.1 56 15.0  16 12.8-9.9-9.9
5017219770305 34.5 14.8  0.009900-99.9-99.9-99.9-99.9-9.9 9920.7 62 18.1  16 12.8-9.9-9.9
5017219770306 36.5 18.7  0.119900-99.9-99.9-99.9-99.9-9.9 9925.3 73 21.3  23 18.4-9.9-9.9
5017219770307 24.0  8.7  0.009900-99.9-99.9-99.9-99.9-9.9 9912.3 61 10.0   5  4.0-9.9-9.9
5017219770308 28.5  9.4  0.009900-99.9-99.9-99.9-99.9-9.9 9914.2 61 12.2  13 10.4-9.9-9.9
5017219770309 28.0 10.8  0.009900-99.9-99.9-99.9-99.9-9.9 9912.1 58  9.8  16 12.8-9.9-9.9
5017219770310 26.0  7.8  0.009900-99.9-99.9-99.9-99.9-9.9 99 9.8 48  6.7   8  6.4-9.9-9.9
5017219770311 29.5  9.5  0.009900-99.9-99.9-99.9-99.9-9.9 9912.8 52 10.6   9  7.2-9.9-9.9
5017219770312 29.5 13.7  0.009900-99.9-99.9-99.9-99.9-9.9 9915.7 62 13.7   9  7.2-9.9-9.9
5017219770313 30.5 12.2  0.009900-99.9-99.9-99.9-99.9-9.9 9917.1 67 15.0   9  7.2-9.9-9.9
5017219770314 33.0 14.1  0.009900-99.9-99.9-99.9-99.9-9.9 9918.1 66 15.9   1  0.8-9.9-9.9
5017219770315 32.5 17.3  0.009900-99.9-99.9-99.9-99.9-9.9 9917.8 57 15.7   8  6.4-9.9-9.9
5017219770316 34.3 15.3  0.009900-99.9-99.9-99.9-99.9-9.9 9916.8 53 14.8   4  3.2-9.9-9.9
5017219770317 35.5 18.1  0.009900-99.9-99.9-99.9-99.9-9.9 9920.7 56 18.1  11  8.8-9.9-9.9
5017219770318 30.8 14.2  0.009900-99.9-99.9-99.9-99.9-9.9 9912.8 50 10.6   4  3.2-9.9-9.9
5017219770319 29.0 11.7  0.009900-99.9-99.9-99.9-99.9-9.9 9912.1 51  9.8   4  3.2-9.9-9.9
5017219770320 33.6 11.4  0.009900-99.9-99.9-99.9-99.9-9.9 9916.1 59 14.1  11  8.8-9.9-9.9
5017219770321 31.0 14.5  0.009900-99.9-99.9-99.9-99.9-9.9 9913.5 47 11.4  16 12.8-9.9-9.9
5017219770322 24.2 12.6  0.009900-99.9-99.9-99.9-99.9-9.9 9910.2 49  7.3  13 10.4-9.9-9.9
5017219770323 29.3  7.8  0.009900-99.9-99.9-99.9-99.9-9.9 9913.0 56 10.9   8  6.4-9.9-9.9
5017219770324 32.6  9.7  0.009900-99.9-99.9-99.9-99.9-9.9 9915.8 61 13.8   0  0.0-9.9-9.9
5017219770325 34.3 15.9  0.009900-99.9-99.9-99.9-99.9-9.9 9916.5 52 14.5   8  6.4-9.9-9.9
5017219770326 35.5 16.6  0.009900-99.9-99.9-99.9-99.9-9.9 9919.1 58 16.8  11  8.8-9.9-9.9
5017219770327 25.3 12.3  0.009900-99.9-99.9-99.9-99.9-9.9 9911.9 60  9.5   6  4.8-9.9-9.9
5017219770328 22.8  3.8  0.009900-99.9-99.9-99.9-99.9-9.9 99 8.1 53  3.9   3  2.4-9.9-9.9
5017219770329 16.5  7.6  0.009900-99.9-99.9-99.9-99.9-9.9 99 7.8 53  3.4  30 24.0-9.9-9.9
5017219770330 17.8  7.4  0.009900-99.9-99.9-99.9-99.9-9.9 99 8.7 65  5.0   3  2.4-9.9-9.9
5017219770331 20.5  4.1  0.009900-99.9-99.9-99.9-99.9-9.9 99 7.5 56  2.9   5  4.0-9.9-9.9
5017219770401-99.9-99.9-99.999999-99.9-99.9-99.9-99.9-9.9 99-9.9-99-99.9 -99-99.9-9.9-9.9
5017219770402-99.9-99.9-99.999999-99.9-99.9-99.9-99.9-9.9 99-9.9-99-99.9 -99-99.9-9.9-9.9
5017219770403-99.9-99.9-99.999999-99.9-99.9-99.9-99.9-9.9 99-9.9-99-99.9 -99-99.9-9.9-9.9
5017219770404-99.9-99.9-99.999999-99.9-99.9-99.9-99.9-9.9 99-9.9-99-99.9 -99-99.9-9.9-9.9
5017219770405-99.9-99.9-99.999999-99.9-99.9-99.9-99.9-9.9 99-9.9-99-99.9 -99-99.9-9.9-9.9
5017219770406-99.9-99.9-99.999999-99.9-99.9-99.9-99.9-9.9 99-9.9-99-99.9 -99-99.9-9.9-9.9
5017219770407-99.9-99.9-99.999999-99.9-99.9-99.9-99.9-9.9 99-9.9-99-99.9 -99-99.9-9.9-9.9
5017219770408-99.9-99.9-99.999999-99.9-99.9-99.9-99.9-9.9 99-9.9-99-99.9 -99-99.9-9.9-9.9
5017219770409-99.9-99.9-99.999999-99.9-99.9-99.9-99.9-9.9 99-9.9-99-99.9 -99-99.9-9.9-9.9
5017219770410-99.9-99.9-99.999999-99.9-99.9-99.9-99.9-9.9 99-9.9-99-99.9 -99-99.9-9.9-9.9
5017219770411-99.9-99.9-99.999999-99.9-99.9-99.9-99.9-9.9 99-9.9-99-99.9 -99-99.9-9.9-9.9
5017219770412-99.9-99.9-99.999999-99.9-99.9-99.9-99.9-9.9 99-9.9-99-99.9 -99-99.9-9.9-9.9
5017219770413-99.9-99.9-99.999999-99.9-99.9-99.9-99.9-9.9 99-9.9-99-99.9 -99-99.9-9.9-9.9
5017219770414-99.9-99.9-99.999999-99.9-99.9-99.9-99.9-9.9 99-9.9-99-99.9 -99-99.9-9.9-9.9
5017219770415-99.9-99.9-99.999999-99.9-99.9-99.9-99.9-9.9 99-9.9-99-99.9 -99-99.9-9.9-9.9
5017219770416-99.9-99.9-99.999999-99.9-99.9-99.9-99.9-9.9 99-9.9-99-99.9 -99-99.9-9.9-9.9
5017219770417-99.9-99.9-99.999999-99.9-99.9-99.9-99.9-9.9 99-9.9-99-99.9 -99-99.9-9.9-9.9
5017219770418-99.9-99.9-99.999999-99.9-99.9-99.9-99.9-9.9 99-9.9-99-99.9 -99-99.9-9.9-9.9
5017219770419-99.9-99.9-99.999999-99.9-99.9-99.9-99.9-9.9 99-9.9-99-99.9 -99-99.9-9.9-9.9
5017219770420-99.9-99.9-99.999999-99.9-99.9-99.9-99.9-9.9 99-9.9-99-99.9 -99-99.9-9.9-9.9
5017219770421-99.9-99.9-99.999999-99.9-99.9-99.9-99.9-9.9 99-9.9-99-99.9 -99-99.9-9.9-9.9
5017219770422-99.9-99.9-99.999999-99.9-99.9-99.9-99.9-9.9 99-9.9-99-99.9 -99-99.9-9.9-9.9
5017219770423-99.9-99.9-99.999999-99.9-99.9-99.9-99.9-9.9 99-9.9-99-99.9 -99-99.9-9.9-9.9
5017219770424-99.9-99.9-99.999999-99.9-99.9-99.9-99.9-9.9 99-9.9-99-99.9 -99-99.9-9.9-9.9
5017219770425-99.9-99.9-99.999999-99.9-99.9-99.9-99.9-9.9 99-9.9-99-99.9 -99-99.9-9.9-9.9
5017219770426-99.9-99.9-99.999999-99.9-99.9-99.9-99.9-9.9 99-9.9-99-99.9 -99-99.9-9.9-9.9
5017219770427-99.9-99.9-99.999999-99.9-99.9-99.9-99.9-9.9 99-9.9-99-99.9 -99-99.9-9.9-9.9
5017219770428-99.9-99.9-99.999999-99.9-99.9-99.9-99.9-9.9 99-9.9-99-99.9 -99-99.9-9.9-9.9
5017219770429-99.9-99.9-99.999999-99.9-99.9-99.9-99.9-9.9 99-9.9-99-99.9 -99-99.9-9.9-9.9
5017219770430-99.9-99.9-99.999999-99.9-99.9-99.9-99.9-9.9 99-9.9-99-99.9 -99-99.9-9.9-9.9
5017219770501 18.8  1.8  0.009900 -2.0-99.9-99.9-99.9-9.9 99 7.4 62  2.7   5  4.0-9.9-9.9
5017219770502 20.1 -3.7  0.009900 -5.0-99.9-99.9-99.9-9.9 99 5.9 55 -0.5   8  6.4-9.9-9.9
5017219770503 21.0  0.4  0.009900 -0.4-99.9-99.9-99.9-9.9 99 8.9 60  5.3   3  2.4-9.9-9.9
5017219770504 19.0  4.8  4.719900  0.0-99.9-99.9-99.9-9.9 99 9.5 68  6.2  16 12.8-9.9-9.9
5017219770505 11.8  4.1  7.019900  5.1-99.9-99.9-99.9-9.9 99 9.3 96  5.9   3  2.4-9.9-9.9
5017219770506 12.0  4.0  0.009900-99.9-99.9-99.9-99.9-9.9 9910.0 89  7.0   0  0.0-9.9-9.9
5017219770507 21.0  1.6  0.009900 -1.0-99.9-99.9-99.9-9.9 9910.4 76  7.5   3  2.4-9.9-9.9
5017219770508 17.5 11.0 11.919900  7.5-99.9-99.9-99.9-9.9 9911.6 76  9.2   8  6.4-9.9-9.9
5017219770509 18.5  7.1  0.009900  3.3-99.9-99.9-99.9-9.9 9911.5 80  9.0   3  2.4-9.9-9.9
5017219770510 25.0  5.6  0.009900  1.0-99.9-99.9-99.9-9.9 9910.9 62  8.2   6  4.8-9.9-9.9
5017219770511 24.0  5.4  0.009900  1.5-99.9-99.9-99.9-9.9 9912.1 76  9.8   1  0.8-9.9-9.9
5017219770512 27.0  5.3  0.009900  1.5-99.9-99.9-99.9-9.9 9911.9 66  9.5   1  0.8-9.9-9.9
5017219770513 22.0  6.7  0.009900  2.0-99.9-99.9-99.9-9.9 9911.2 71  8.6   8  6.4-9.9-9.9
5017219770514 21.0  4.6  0.009900  3.0-99.9-99.9-99.9-9.9 9911.1 73  8.5   0  0.0-9.9-9.9
5017219770515 14.5  6.1  0.009900  6.9-99.9-99.9-99.9-9.9 99 6.4 52  0.6  11  8.8-9.9-9.9
5017219770516 14.5 -4.9  0.009900 -4.7-99.9-99.9-99.9-9.9 99 5.7 63 -1.0  11  8.8-9.9-9.9
5017219770517 17.3 -1.5  0.009900 -4.4-99.9-99.9-99.9-9.9 99 6.6 57  1.1  18 14.4-9.9-9.9
5017219770518 17.0 -3.5  0.009900 -6.0-99.9-99.9-99.9-9.9 99 6.0 60 -0.2   5  4.0-9.9-9.9
5017219770519 24.0 -0.4  0.009900 -5.5-99.9-99.9-99.9-9.9 99 7.2 53  2.3  11  8.8-9.9-9.9
5017219770520 20.0 -0.3  0.009900 -5.3-99.9-99.9-99.9-9.9 99 7.6 64  3.0   5  4.0-9.9-9.9
5017219770521 12.0  3.1  5.219900 -0.5-99.9-99.9-99.9-9.9 99 8.4 77  4.5   2  1.6-9.9-9.9
5017219770522 13.0  2.9  0.009900  4.0-99.9-99.9-99.9-9.9 99 9.3 87  5.9   1  0.8-9.9-9.9
5017219770523 21.0  2.4  0.009900  1.0-99.9-99.9-99.9-9.9 99 8.5 61  4.6   9  7.2-9.9-9.9
5017219770524 23.5  7.1  0.009900  5.3-99.9-99.9-99.9-9.9 9911.5 67  9.0  16 12.8-9.9-9.9
5017219770525 22.5  1.2  0.009900 -2.2-99.9-99.9-99.9-9.9 99 9.1 61  5.6   9  7.2-9.9-9.9
5017219770526 21.8  3.7  0.009900 -0.2-99.9-99.9-99.9-9.9 99 9.0 59  5.4   3  2.4-9.9-9.9
5017219770527 23.0  3.6  0.009900 -1.4-99.9-99.9-99.9-9.9 99 9.4 65  6.1   8  6.4-9.9-9.9
5017219770528 17.2  1.7  0.009900 -2.5-99.9-99.9-99.9-9.9 99 5.7 51 -1.0   9  7.2-9.9-9.9
5017219770529 21.5 -3.0  0.009900 -7.0-99.9-99.9-99.9-9.9 99 5.9 43 -0.5  14 11.2-9.9-9.9
5017219770530 21.5  3.3  0.009900 -1.0-99.9-99.9-99.9-9.9 99 7.5 54  2.9  19 15.2-9.9-9.9
5017219770531 23.0  4.6  0.009900-99.9-99.9-99.9-99.9-9.9 99 8.0 49  3.8  27 21.6-9.9-9.9
5017219770601-99.9-99.9-99.999999-99.9-99.9-99.9-99.9-9.9 99-9.9-99-99.9 -99-99.9-9.9-9.9
5017219770602-99.9-99.9-99.999999-99.9-99.9-99.9-99.9-9.9 99-9.9-99-99.9 -99-99.9-9.9-9.9
5017219770603-99.9-99.9-99.999999-99.9-99.9-99.9-99.9-9.9 99-9.9-99-99.9 -99-99.9-9.9-9.9
5017219770604-99.9-99.9-99.999999-99.9-99.9-99.9-99.9-9.9 99-9.9-99-99.9 -99-99.9-9.9-9.9
5017219770605-99.9-99.9-99.999999-99.9-99.9-99.9-99.9-9.9 99-9.9-99-99.9 -99-99.9-9.9-9.9
5017219770606-99.9-99.9-99.999999-99.9-99.9-99.9-99.9-9.9 99-9.9-99-99.9 -99-99.9-9.9-9.9
5017219770607-99.9-99.9-99.999999-99.9-99.9-99.9-99.9-9.9 99-9.9-99-99.9 -99-99.9-9.9-9.9
5017219770608-99.9-99.9-99.999999-99.9-99.9-99.9-99.9-9.9 99-9.9-99-99.9 -99-99.9-9.9-9.9
5017219770609-99.9-99.9-99.999999-99.9-99.9-99.9-99.9-9.9 99-9.9-99-99.9 -99-99.9-9.9-9.9
5017219770610-99.9-99.9-99.999999-99.9-99.9-99.9-99.9-9.9 99-9.9-99-99.9 -99-99.9-9.9-9.9
5017219770611-99.9-99.9-99.999999-99.9-99.9-99.9-99.9-9.9 99-9.9-99-99.9 -99-99.9-9.9-9.9
5017219770612-99.9-99.9-99.999999-99.9-99.9-99.9-99.9-9.9 99-9.9-99-99.9 -99-99.9-9.9-9.9
5017219770613-99.9-99.9-99.999999-99.9-99.9-99.9-99.9-9.9 99-9.9-99-99.9 -99-99.9-9.9-9.9
5017219770614-99.9-99.9-99.999999-99.9-99.9-99.9-99.9-9.9 99-9.9-99-99.9 -99-99.9-9.9-9.9
5017219770615-99.9-99.9-99.999999-99.9-99.9-99.9-99.9-9.9 99-9.9-99-99.9 -99-99.9-9.9-9.9
5017219770616-99.9-99.9-99.999999-99.9-99.9-99.9-99.9-9.9 99-9.9-99-99.9 -99-99.9-9.9-9.9
5017219770617-99.9-99.9-99.999999-99.9-99.9-99.9-99.9-9.9 99-9.9-99-99.9 -99-99.9-9.9-9.9
5017219770618-99.9-99.9-99.999999-99.9-99.9-99.9-99.9-9.9 99-9.9-99-99.9 -99-99.9-9.9-9.9
5017219770619-99.9-99.9-99.999999-99.9-99.9-99.9-99.9-9.9 99-9.9-99-99.9 -99-99.9-9.9-9.9
5017219770620-99.9-99.9-99.999999-99.9-99.9-99.9-99.9-9.9 99-9.9-99-99.9 -99-99.9-9.9-9.9
5017219770621-99.9-99.9-99.999999-99.9-99.9-99.9-99.9-9.9 99-9.9-99-99.9 -99-99.9-9.9-9.9
5017219770622-99.9-99.9-99.999999-99.9-99.9-99.9-99.9-9.9 99-9.9-99-99.9 -99-99.9-9.9-9.9
5017219770623-99.9-99.9-99.999999-99.9-99.9-99.9-99.9-9.9 99-9.9-99-99.9 -99-99.9-9.9-9.9
5017219770624-99.9-99.9-99.999999-99.9-99.9-99.9-99.9-9.9 99-9.9-99-99.9 -99-99.9-9.9-9.9
5017219770625-99.9-99.9-99.999999-99.9-99.9-99.9-99.9-9.9 99-9.9-99-99.9 -99-99.9-9.9-9.9
5017219770626-99.9-99.9-99.999999-99.9-99.9-99.9-99.9-9.9 99-9.9-99-99.9 -99-99.9-9.9-9.9
5017219770627-99.9-99.9-99.999999-99.9-99.9-99.9-99.9-9.9 99-9.9-99-99.9 -99-99.9-9.9-9.9
5017219770628-99.9-99.9-99.999999-99.9-99.9-99.9-99.9-9.9 99-9.9-99-99.9 -99-99.9-9.9-9.9
5017219770629-99.9-99.9-99.999999-99.9-99.9-99.9-99.9-9.9 99-9.9-99-99.9 -99-99.9-9.9-9.9
5017219770630-99.9-99.9-99.999999-99.9-99.9-99.9-99.9-9.9 99-9.9-99-99.9 -99-99.9-9.9-9.9
5017219770701-99.9-99.9  0.009900-99.9-99.9-99.9-99.9-9.9 99-9.9-99-99.9 -99-99.9-9.9-9.9
5017219770702-99.9-99.9  0.009900-99.9-99.9-99.9-99.9-9.9 99-9.9-99-99.9 -99-99.9-9.9-9.9
5017219770703-99.9-99.9  0.009900-99.9-99.9-99.9-99.9-9.9 99-9.9-99-99.9 -99-99.9-9.9-9.9
5017219770704 15.0 -8.7  0.009900-12.3-99.9-99.9-99.9-9.9 99 4.0 56 -5.7   1  0.8-9.9-9.9
5017219770705 13.0 -8.3  0.009900-11.0-99.9-99.9-99.9-9.9 99 4.4 58 -4.4   3  2.4-9.9-9.9
5017219770706 21.4 -4.1  0.009900 -9.9-99.9-99.9-99.9-9.9 99 5.1 43 -2.5   3  2.4-9.9-9.9
5017219770707 20.2 -4.5  0.009900-99.9-99.9-99.9-99.9-9.9 99 5.0 51 -2.7   6  4.8-9.9-9.9
5017219770708 21.0  0.0  0.009900-99.9-99.9-99.9-99.9-9.9 99 5.5 49 -1.4  11  8.8-9.9-9.9
5017219770709 16.7 -3.0  0.009900-99.9-99.9-99.9-99.9-9.9 99 6.5 64  0.9  13 10.4-9.9-9.9
5017219770710 14.8 -0.5  0.009900-99.9-99.9-99.9-99.9-9.9 99 7.5 79  2.9   1  0.8-9.9-9.9
5017219770711 14.7 -1.3  0.009900-99.9-99.9-99.9-99.9-9.9 99 8.1 80  3.9   1  0.8-9.9-9.9
5017219770712 14.0 -1.3  0.009900-99.9-99.9-99.9-99.9-9.9 99 6.4 68  0.6   5  4.0-9.9-9.9
5017219770713 15.7 -1.8  0.009900-99.9-99.9-99.9-99.9-9.9 99 6.0 63 -0.2  11  8.8-9.9-9.9
5017219770714 15.3 -1.0  0.009900-99.9-99.9-99.9-99.9-9.9 99 4.1 41 -5.4   9  7.2-9.9-9.9
5017219770715 13.6 -3.8  0.009900-99.9-99.9-99.9-99.9-9.9 99 4.0 49 -5.7   1  0.8-9.9-9.9
5017219770716 18.2 -3.5  0.009900-99.9-99.9-99.9-99.9-9.9 99 4.2 39 -5.0  17 13.6-9.9-9.9
5017219770717 21.7 -1.7  0.009900-99.9-99.9-99.9-99.9-9.9 99 5.1 44 -2.5   8  6.4-9.9-9.9
5017219770718 20.5 -2.0  0.009900-99.9-99.9-99.9-99.9-9.9 99 6.3 51  0.4  11  8.8-9.9-9.9
5017219770719 19.5  4.3  0.009900-99.9-99.9-99.9-99.9-9.9 99 6.8 50  1.5  12  9.6-9.9-9.9
5017219770720 16.5 -0.4  0.009900-99.9-99.9-99.9-99.9-9.9 99 6.9 68  1.7   0  0.0-9.9-9.9
5017219770721 22.4  2.1  0.009900-99.9-99.9-99.9-99.9-9.9 99 7.7 51  3.2   8  6.4-9.9-9.9
5017219770722 14.6  6.1  8.019900-99.9-99.9-99.9-99.9-9.9 99 8.8 80  5.1  11  8.8-9.9-9.9
5017219770723 17.7  1.2  0.009900-99.9-99.9-99.9-99.9-9.9 99 6.8 60  1.5   5  4.0-9.9-9.9
5017219770724 18.0  2.0  0.009900-99.9-99.9-99.9-99.9-9.9 99 7.5 63  2.9   8  6.4-9.9-9.9
5017219770725 20.0  3.0  0.009900-99.9-99.9-99.9-99.9-9.9 99 7.4 54  2.7  11  8.8-9.9-9.9
5017219770726 16.5  0.4  0.009900-99.9-99.9-99.9-99.9-9.9 99 6.3 59  0.4   9  7.2-9.9-9.9
5017219770727 17.0 -1.8  0.009900-99.9-99.9-99.9-99.9-9.9 99 7.1 68  2.1   3  2.4-9.9-9.9
5017219770728 22.0  1.0  0.009900-99.9-99.9-99.9-99.9-9.9 99 6.8 52  1.5  17 13.6-9.9-9.9
5017219770729 15.3  3.2  0.009900-99.9-99.9-99.9-99.9-9.9 99 6.1 56  0.0  14 11.2-9.9-9.9
5017219770730 16.5  0.5  0.009900-99.9-99.9-99.9-99.9-9.9 99 5.0 51 -2.7   3  2.4-9.9-9.9
5017219770731 17.4 -0.7  0.009900-99.9-99.9-99.9-99.9-9.9 99 4.6 39 -3.8   7  5.6-9.9-9.9
5017219770801 14.0 -1.4  0.009900-99.9-99.9-99.9-99.9-9.9 99 4.6 48 -3.8   1  0.8-9.9-9.9
5017219770802 17.2 -2.2  0.009900 -9.2-99.9-99.9-99.9-9.9 99 5.2 49 -2.2  11  8.8-9.9-9.9
5017219770803 18.8  2.4  0.009900 -6.2-99.9-99.9-99.9-9.9 99 5.8 49 -0.7   7  5.6-9.9-9.9
5017219770804 20.5 -2.0  0.009900 -6.9-99.9-99.9-99.9-9.9 99 6.3 58  0.4   3  2.4-9.9-9.9
5017219770805 20.7  1.4  0.319900 -4.9-99.9-99.9-99.9-9.9 99 8.2 61  4.1   4  3.2-9.9-9.9
5017219770806 14.2  6.8  0.619900  3.1-99.9-99.9-99.9-9.9 9910.4 93  7.5   6  4.8-9.9-9.9
5017219770807 12.0  8.2  0.009900  8.0-99.9-99.9-99.9-9.9 9910.5 88  7.7   6  4.8-9.9-9.9
5017219770808 13.5  3.4  0.009900 -0.7-99.9-99.9-99.9-9.9 99 7.9 72  3.6   4  3.2-9.9-9.9
5017219770809 15.0  7.1  1.219900  5.3-99.9-99.9-99.9-9.9 99 9.7 74  6.5  11  8.8-9.9-9.9
5017219770810 15.8  9.0  0.009900  8.0-99.9-99.9-99.9-9.9 9911.1 86  8.5   3  2.4-9.9-9.9
5017219770811 17.0  1.8  0.219900 -2.8-99.9-99.9-99.9-9.9 99 8.1 71  3.9   3  2.4-9.9-9.9
5017219770812 15.0  1.3  0.009900 -7.4-99.9-99.9-99.9-9.9 99 4.3 42 -4.7  15 12.0-9.9-9.9
5017219770813 16.5 -1.2  0.009900 -8.7-99.9-99.9-99.9-9.9 99 3.6 37 -7.1   5  4.0-9.9-9.9
5017219770814 16.5 -3.4  0.009900 -9.4-99.9-99.9-99.9-9.9 99 4.5 50 -4.1   3  2.4-9.9-9.9
5017219770815 16.2  0.3  0.009900 -4.0-99.9-99.9-99.9-9.9 99 5.2 50 -2.2   6  4.8-9.9-9.9
5017219770816 21.7  0.4  0.009900 -7.5-99.9-99.9-99.9-9.9 99 5.3 43 -1.9   1  0.8-9.9-9.9
5017219770817 20.0  0.8  0.009900 -5.5-99.9-99.9-99.9-9.9 99 6.3 50  0.4   3  2.4-9.9-9.9
5017219770818 23.9 -0.5  0.009900 -7.0-99.9-99.9-99.9-9.9 99 5.3 41 -1.9  14 11.2-9.9-9.9
5017219770819 25.7  6.2  0.009900 -1.2-99.9-99.9-99.9-9.9 99 5.4 33 -1.7  17 13.6-9.9-9.9
5017219770820 17.5  6.3  0.009900  0.2-99.9-99.9-99.9-9.9 99 6.2 44  0.2  36 28.8-9.9-9.9
5017219770821 17.2 -0.9  0.009900 -8.0-99.9-99.9-99.9-9.9 99 5.0 48 -2.7   4  3.2-9.9-9.9
5017219770822 21.5  1.5  0.009900 -5.7-99.9-99.9-99.9-9.9 99 6.5 50  0.9   6  4.8-9.9-9.9
5017219770823 21.5  0.0  0.009900 -7.0-99.9-99.9-99.9-9.9 99 5.8 47 -0.7  11  8.8-9.9-9.9
5017219770824 30.2  5.9  0.009900 -1.5-99.9-99.9-99.9-9.9 99 6.8 36  1.5  11  8.8-9.9-9.9
5017219770825 25.5  3.2  0.009900 -4.8-99.9-99.9-99.9-9.9 99 6.6 41  1.1  23 18.4-9.9-9.9
5017219770826 20.7  5.8  0.009900 -2.5-99.9-99.9-99.9-9.9 99 7.0 50  1.9   3  2.4-9.9-9.9
5017219770827 23.5  6.4  0.009900  3.0-99.9-99.9-99.9-9.9 99 7.6 50  3.0   3  2.4-9.9-9.9
5017219770828 27.0  9.8  0.009900  4.0-99.9-99.9-99.9-9.9 99 9.6 48  6.4  15 12.0-9.9-9.9
5017219770829 24.3 10.1  0.009900  4.5-99.9-99.9-99.9-9.9 99 9.1 49  5.6  15 12.0-9.9-9.9
5017219770830 24.0  4.5  0.009900 -2.8-99.9-99.9-99.9-9.9 99 6.0 41 -0.2   9  7.2-9.9-9.9
5017219770831 14.8  2.0  0.009900 -3.4-99.9-99.9-99.9-9.9 99 4.4 44 -4.4   9  7.2-9.9-9.9
5017219770901 20.0 -1.6  0.009900 -9.9-99.9-99.9-99.9-9.9 99 4.9 41 -3.0  11  8.8-9.9-9.9
5017219770902 24.2  0.8  0.009900 -6.9-99.9-99.9-99.9-9.9 99 5.4 40 -1.7   0  0.0-9.9-9.9
5017219770903 27.5  4.9  0.009900 -3.3-99.9-99.9-99.9-9.9 99 5.1 28 -2.5   4  3.2-9.9-9.9
5017219770904 24.0  6.2  0.009900 -2.1-99.9-99.9-99.9-9.9 99 7.5 43  2.9   0  0.0-9.9-9.9
5017219770905 27.2  4.4  0.009900 -4.2-99.9-99.9-99.9-9.9 99 7.1 39  2.1  11  8.8-9.9-9.9
5017219770906 28.0  5.9  0.009900  2.4-99.9-99.9-99.9-9.9 99 6.5 35  0.9  14 11.2-9.9-9.9
5017219770907 28.4  8.1  0.009900  2.4-99.9-99.9-99.9-9.9 99 7.6 38  3.0  19 15.2-9.9-9.9
5017219770908 23.5 10.3  0.009900  4.0-99.9-99.9-99.9-9.9 99 6.8 36  1.5  21 16.8-9.9-9.9
5017219770909 19.7  6.8  0.009900 -0.4-99.9-99.9-99.9-9.9 99 5.9 42 -0.5  10  8.0-9.9-9.9
5017219770910 23.5  1.8  0.009900 -4.7-99.9-99.9-99.9-9.9 99 5.3 36 -1.9  11  8.8-9.9-9.9
5017219770911 22.2  4.3  0.009900 -1.0-99.9-99.9-99.9-9.9 99 7.6 46  3.0   8  6.4-9.9-9.9
5017219770912 18.4  6.8  2.819900 -0.8-99.9-99.9-99.9-9.9 99 8.5 63  4.6   3  2.4-9.9-9.9
5017219770913 18.5  8.5  0.009900  5.2-99.9-99.9-99.9-9.9 99 7.0 52  1.9   8  6.4-9.9-9.9
5017219770914 23.2  2.1  0.009900 -5.3-99.9-99.9-99.9-9.9 99 7.5 51  2.9  15 12.0-9.9-9.9
5017219770915 21.0  5.0  0.009900 -3.3-99.9-99.9-99.9-9.9 99 4.8 33 -3.3   8  6.4-9.9-9.9
5017219770916 20.7  4.1  0.009900 -5.1-99.9-99.9-99.9-9.9 99 6.8 46  1.5   5  4.0-9.9-9.9
5017219770917 24.7  2.8  0.009900 -5.5-99.9-99.9-99.9-9.9 99 7.5 48  2.9   4  3.2-9.9-9.9
5017219770918 27.5  8.0  0.009900  2.5-99.9-99.9-99.9-9.9 99 9.0 45  5.4   0  0.0-9.9-9.9
5017219770919 25.4  6.9  0.519910  2.1-99.9-99.9-99.9-9.9 99 9.3 43  5.9   5  4.0-9.9-9.9
5017219770920 22.7  4.3  0.009900 -2.2-99.9-99.9-99.9-9.9 99 6.1 50  0.0   8  6.4-9.9-9.9
5017219770921-99.9-99.9  0.009900-99.9-99.9-99.9-99.9-9.9 99-9.9-99-99.9 -99-99.9-9.9-9.9
5017219770922-99.9-99.9  0.009900-99.9-99.9-99.9-99.9-9.9 99-9.9-99-99.9 -99-99.9-9.9-9.9
5017219770923 25.0  4.8  0.009900 -3.8-99.9-99.9-99.9-9.9 99 7.0 40  1.9   6  4.8-9.9-9.9
5017219770924 33.1  8.8  0.009900  0.3-99.9-99.9-99.9-9.9 99 7.5 31  2.9  11  8.8-9.9-9.9
5017219770925 34.0 11.8  0.009900  2.8-99.9-99.9-99.9-9.9 9910.1 35  7.1  10  8.0-9.9-9.9
5017219770926 37.5 15.1  0.009900  9.5-99.9-99.9-99.9-9.9 99 8.3 25  4.3   8  6.4-9.9-9.9
5017219770927 28.6  8.8  0.009900  1.5-99.9-99.9-99.9-9.9 99 7.3 41  2.5   8  6.4-9.9-9.9
5017219770928 21.0  8.3  0.009900  2.6-99.9-99.9-99.9-9.9 99 5.3 32 -1.9  17 13.6-9.9-9.9
5017219770929 24.7  0.3  0.009900 -5.6-99.9-99.9-99.9-9.9 99 5.7 34 -1.0   3  2.4-9.9-9.9
5017219770930 25.5  9.6  0.009900  2.1-99.9-99.9-99.9-9.9 99 7.5 37  2.9   8  6.4-9.9-9.9
5017219771001 27.0  9.7  0.009900  2.1-99.9-99.9-99.9-9.9 99 8.3 42  4.3   5  4.0-9.9-9.9
5017219771002 24.5 10.5  5.519900  4.0-99.9-99.9-99.9-9.9 9910.8 61  8.1  25 20.0-9.9-9.9
5017219771003 21.0  7.3  0.009900  1.3-99.9-99.9-99.9-9.9 99 8.4 57  4.5  11  8.8-9.9-9.9
5017219771004 25.7  4.2  0.009900 -1.2-99.9-99.9-99.9-9.9 99 7.2 43  2.3  14 11.2-9.9-9.9
5017219771005 29.7 11.4  0.009900  4.1-99.9-99.9-99.9-9.9 9910.6 43  7.8  11  8.8-9.9-9.9
5017219771006 27.3 13.1  0.219910  8.5-99.9-99.9-99.9-9.9 9912.3 59 10.0  17 13.6-9.9-9.9
5017219771007 25.3 13.8  0.009900  9.5-99.9-99.9-99.9-9.9 99 7.9 38  3.6  19 15.2-9.9-9.9
5017219771008 17.5  7.1  0.009900  4.5-99.9-99.9-99.9-9.9 99 6.9 51  1.7  22 17.6-9.9-9.9
5017219771009 14.5  6.5  0.009900  2.5-99.9-99.9-99.9-9.9 99 6.0 48 -0.2  14 11.2-9.9-9.9
5017219771010 15.7  3.9  0.009900 -0.5-99.9-99.9-99.9-9.9 99 6.5 56  0.9  18 14.4-9.9-9.9
5017219771011 21.0 -0.3  0.009900 -5.0-99.9-99.9-99.9-9.9 99 6.1 44  0.0  11  8.8-9.9-9.9
5017219771012 26.5  5.6  0.009900  0.5-99.9-99.9-99.9-9.9 99 8.4 44  4.5   6  4.8-9.9-9.9
5017219771013 28.5  8.3  0.219900  3.1-99.9-99.9-99.9-9.9 99 9.7 46  6.5  30 24.0-9.9-9.9
5017219771014 17.4  9.2  0.009900  6.8-99.9-99.9-99.9-9.9 99 9.3 67  5.9  10  8.0-9.9-9.9
5017219771015 22.2  5.2  0.009900 -0.5-99.9-99.9-99.9-9.9 99 6.6 39  1.1   6  4.8-9.9-9.9
5017219771016 28.0  2.2  0.009900 -2.0-99.9-99.9-99.9-9.9 99 7.9 37  3.6   8  6.4-9.9-9.9
5017219771017 32.0  9.8  0.009900  4.0-99.9-99.9-99.9-9.9 99 9.3 33  5.9   9  7.2-9.9-9.9
5017219771018 35.0 12.4  0.009900  4.5-99.9-99.9-99.9-9.9 99 8.7 32  5.0   7  5.6-9.9-9.9
5017219771019 32.5 13.0  0.009900  8.8-99.9-99.9-99.9-9.9 9910.9 39  8.2  14 11.2-9.9-9.9
5017219771020 37.5 12.5  0.009900  6.7-99.9-99.9-99.9-9.9 9911.7 33  9.3   8  6.4-9.9-9.9
5017219771021 33.5 16.8  0.009900 10.5-99.9-99.9-99.9-9.9 99 9.8 29  6.7  23 18.4-9.9-9.9
5017219771022 29.5 15.2  0.319900 11.6-99.9-99.9-99.9-9.9 9915.6 52 13.6  34 27.2-9.9-9.9
5017219771023 24.0 12.8  3.319900 14.7-99.9-99.9-99.9-9.9 9914.4 87 12.4  38 30.4-9.9-9.9
5017219771024 20.7 11.8  0.009900  9.5-99.9-99.9-99.9-9.9 9913.3 72 11.2  11  8.8-9.9-9.9
5017219771025 28.2  9.7  0.009900  4.2-99.9-99.9-99.9-9.9 9915.1 59 13.1   3  2.4-9.9-9.9
5017219771026 34.0 14.6  0.009900 11.0-99.9-99.9-99.9-9.9 9914.9 46 12.9  16 12.8-9.9-9.9
5017219771027 31.8 17.6  0.009900 12.5-99.9-99.9-99.9-9.9 99 9.4 29  6.1  22 17.6-9.9-9.9
5017219771028 32.8 15.8  0.009900 12.5-99.9-99.9-99.9-9.9 9915.4 46 13.4  19 15.2-9.9-9.9
5017219771029 36.8 17.3  0.009900 12.4-99.9-99.9-99.9-9.9 9919.3 48 16.9  11  8.8-9.9-9.9
5017219771030 29.3 18.5  0.009900 16.0-99.9-99.9-99.9-9.9 9912.5 42 10.3  33 26.4-9.9-9.9
5017219771031 29.5 14.9  0.009900 12.0-99.9-99.9-99.9-9.9 9916.2 61 14.2  19 15.2-9.9-9.9
5017219771101 25.5 13.3  0.119900 10.0-99.9-99.9-99.9-9.9 9912.6 51 10.4  29 23.2-9.9-9.9
5017219771102 23.5 10.3  0.009900  6.0-99.9-99.9-99.9-9.9 99 9.4 42  6.1  20 16.0-9.9-9.9
5017219771103 24.5 11.8  0.009900  9.2-99.9-99.9-99.9-9.9 9912.3 61 10.0  10  8.0-9.9-9.9
5017219771104 29.8 11.3  0.009900  7.3-99.9-99.9-99.9-9.9 9915.5 57 13.5  22 17.6-9.9-9.9
5017219771105 34.8 16.5  0.009900 13.0-99.9-99.9-99.9-9.9 9915.0 47 13.0  22 17.6-9.9-9.9
5017219771106 35.3 14.8  0.009900 11.7-99.9-99.9-99.9-9.9 9916.9 51 14.9  23 18.4-9.9-9.9
5017219771107 31.4 19.2  0.009900 13.0-99.9-99.9-99.9-9.9 9915.1 46 13.1  22 17.6-9.9-9.9
5017219771108 25.4  9.0  0.009900  2.8-99.9-99.9-99.9-9.9 99 9.5 51  6.2  13 10.4-9.9-9.9
5017219771109 27.3  6.5  0.009900 -0.5-99.9-99.9-99.9-9.9 99 7.0 34  1.9  23 18.4-9.9-9.9
5017219771110 26.8 11.0  0.009900  7.5-99.9-99.9-99.9-9.9 99 6.9 32  1.7  20 16.0-9.9-9.9
5017219771111 26.5  8.9  0.009900-99.9-99.9-99.9-99.9-9.9 99 7.3 31  2.5  14 11.2-9.9-9.9
5017219771112 29.5  5.2  0.009900-99.9-99.9-99.9-99.9-9.9 9910.4 40  7.5  17 13.6-9.9-9.9
5017219771113 33.2 12.2  0.009900-99.9-99.9-99.9-99.9-9.9 9913.9 48 11.9   7  5.6-9.9-9.9
5017219771114 34.5 16.8  0.009900 11.2-99.9-99.9-99.9-9.9 9914.2 43 12.2  14 11.2-9.9-9.9
5017219771115 34.5 18.1  0.009900-99.9-99.9-99.9-99.9-9.9 9913.6 37 11.5  16 12.8-9.9-9.9
5017219771116 35.3 16.3  0.009900-99.9-99.9-99.9-99.9-9.9 9916.1 45 14.1  18 14.4-9.9-9.9
5017219771117 34.5 16.4  0.519900 12.2-99.9-99.9-99.9-9.9 9914.9 41 12.9  11  8.8-9.9-9.9
5017219771118 30.8 12.1  0.719900 12.2-99.9-99.9-99.9-9.9 9913.6 75 11.5  20 16.0-9.9-9.9
5017219771119 28.5  8.3  0.009900-99.9-99.9-99.9-99.9-9.9 9915.5 63 13.5   1  0.8-9.9-9.9
5017219771120 34.2 10.7  0.009900  5.1-99.9-99.9-99.9-9.9 9918.8 57 16.5  20 16.0-9.9-9.9
5017219771121 26.5 14.6  0.009900-99.9-99.9-99.9-99.9-9.9 9913.6 54 11.5  17 13.6-9.9-9.9
5017219771122 29.5  5.2  4.019900-99.9-99.9-99.9-99.9-9.9 9916.8 60 14.8  11  8.8-9.9-9.9
5017219771123 24.7 13.8  0.219900-99.9-99.9-99.9-99.9-9.9 9912.7 58 10.5  23 18.4-9.9-9.9
5017219771124 28.4 10.2  0.009900  6.0-99.9-99.9-99.9-9.9 99 8.5 35  4.6  14 11.2-9.9-9.9
5017219771125 32.5 11.6  0.009900  5.5-99.9-99.9-99.9-9.9 9911.1 39  8.5   9  7.2-9.9-9.9
5017219771126 29.0 15.5  0.009900-99.9-99.9-99.9-99.9-9.9 99 6.3 26  0.4  33 26.4-9.9-9.9
5017219771127 30.5  8.4  0.009900-99.9-99.9-99.9-99.9-9.9 99 8.4 32  4.5  13 10.4-9.9-9.9
5017219771128 32.6  8.3  0.009900  3.5-99.9-99.9-99.9-9.9 9911.8 40  9.4   6  4.8-9.9-9.9
5017219771129 37.0 14.4  0.009900  8.3-99.9-99.9-99.9-9.9 9914.2 37 12.2   9  7.2-9.9-9.9
5017219771130 33.8 19.3  0.009900-99.9-99.9-99.9-99.9-9.9 9913.6 38 11.5  23 18.4-9.9-9.9
5017219771201 38.0 15.3  0.009900 11.0-99.9-99.9-99.9-9.9 9918.2 45 16.0   1  0.8-9.9-9.9
5017219771202 38.2 19.5  0.009900 13.9-99.9-99.9-99.9-9.9 9919.5 44 17.1  12  9.6-9.9-9.9
5017219771203 35.7 20.9  0.009900 18.1-99.9-99.9-99.9-9.9 9918.2 47 16.0  18 14.4-9.9-9.9
5017219771204 29.6 17.8  0.009900 13.4-99.9-99.9-99.9-9.9 9912.7 46 10.5  12  9.6-9.9-9.9
5017219771205 28.5 13.3  0.009900  6.2-99.9-99.9-99.9-9.9 9913.3 51 11.2  13 10.4-9.9-9.9
5017219771206 28.0 13.1  0.009900  8.5-99.9-99.9-99.9-9.9 9912.9 50 10.7  27 21.6-9.9-9.9
5017219771207 31.5  7.9  0.009900  3.1-99.9-99.9-99.9-9.9 9910.8 40  8.1   5  4.0-9.9-9.9
5017219771208 35.0 12.9  0.009900  8.0-99.9-99.9-99.9-9.9 9912.7 36 10.5   9  7.2-9.9-9.9
5017219771209 38.2 17.2  0.009900 13.0-99.9-99.9-99.9-9.9 9914.5 35 12.5  16 12.8-9.9-9.9
5017219771210 39.0 20.1  0.009900 12.8-99.9-99.9-99.9-9.9 9913.3 31 11.2  11  8.8-9.9-9.9
5017219771211 35.5 22.8  0.009900 19.5-99.9-99.9-99.9-9.9 9911.0 28  8.4  22 17.6-9.9-9.9
5017219771212 33.5 19.4  4.519900 13.5-99.9-99.9-99.9-9.9 9918.1 50 15.9  22 17.6-9.9-9.9
5017219771213 33.0 17.8 28.019900 15.2-99.9-99.9-99.9-9.9 9921.4 63 18.6  17 13.6-9.9-9.9
5017219771214 30.2 16.4  0.009900 14.9-99.9-99.9-99.9-9.9 9921.2 72 18.4   7  5.6-9.9-9.9
5017219771215 34.3 18.8  1.419900 16.2-99.9-99.9-99.9-9.9 9921.4 64 18.6   8  6.4-9.9-9.9
5017219771216 33.0 16.8  5.019900 13.0-99.9-99.9-99.9-9.9 9920.3 65 17.7  12  9.6-9.9-9.9
5017219771217 22.4 16.0 17.019900 15.0-99.9-99.9-99.9-9.9 9916.2 85 14.2  19 15.2-9.9-9.9
5017219771218 21.8 13.4  0.009900 10.2-99.9-99.9-99.9-9.9 9914.9 74 12.9  27 21.6-9.9-9.9
5017219771219 19.0 11.2  1.019900  9.5-99.9-99.9-99.9-9.9 9912.7 71 10.5  14 11.2-9.9-9.9
5017219771220 17.5 12.1  0.519900 10.7-99.9-99.9-99.9-9.9 9913.2 82 11.1   9  7.2-9.9-9.9
5017219771221 18.3 12.5  0.009900 10.4-99.9-99.9-99.9-9.9 9913.8 78 11.8   3  2.4-9.9-9.9
5017219771222 25.2 13.8  0.009900 10.6-99.9-99.9-99.9-9.9 9917.4 71 15.3   8  6.4-9.9-9.9
5017219771223 30.7 15.8 20.119900 12.1-99.9-99.9-99.9-9.9 9920.5 69 17.9  24 19.2-9.9-9.9
5017219771224 32.6 15.8  0.009900 13.5-99.9-99.9-99.9-9.9 9921.0 64 18.3   5  4.0-9.9-9.9
5017219771225 31.0 19.2  0.009900 16.9-99.9-99.9-99.9-9.9 9923.4 75 20.0  16 12.8-9.9-9.9
5017219771226 29.8 17.8  0.009900 15.6-99.9-99.9-99.9-9.9 9920.9 69 18.2  11  8.8-9.9-9.9
5017219771227 28.5 18.6  0.009900 16.3-99.9-99.9-99.9-9.9 9915.0 52 13.0  19 15.2-9.9-9.9
5017219771228 28.0 15.6  0.009900 11.5-99.9-99.9-99.9-9.9 9911.1 42  8.5  23 18.4-9.9-9.9
5017219771229 31.5 13.0 13.019910  9.5-99.9-99.9-99.9-9.9 9916.5 63 14.5  15 12.0-9.9-9.9
5017219771230 23.0 14.3  0.009900 11.0-99.9-99.9-99.9-9.9 9913.5 61 11.4  34 27.2-9.9-9.9
5017219771231 22.3 13.1  0.009900 11.5-99.9-99.9-99.9-9.9 9912.6 62 10.4   9  7.2-9.9-9.9
5017219780101 23.0 14.9  0.009900 12.5-99.9-99.9-99.9-9.9 9915.8 72 13.8  14 11.2-9.9-9.9
5017219780102 28.9 14.9  0.009900 12.3-99.9-99.9-99.9-9.9 9916.5 62 14.5  14 11.2-9.9-9.9
5017219780103 34.2 16.8  0.009900 12.6-99.9-99.9-99.9-9.9 9914.8 43 12.8  16 12.8-9.9-9.9
5017219780104 30.0 16.9  0.009900 13.0-99.9-99.9-99.9-9.9 9911.3 38  8.8  10  8.0-9.9-9.9
5017219780105 29.5 15.6  0.009900 11.0-99.9-99.9-99.9-9.9 99 9.9 34  6.8  17 13.6-9.9-9.9
5017219780106 30.0 14.1 14.019910 11.0-99.9-99.9-99.9-9.9 9916.4 60 14.4   4  3.2-9.9-9.9
5017219780107 30.5 12.3  0.009900  8.3-99.9-99.9-99.9-9.9 9913.1 45 11.0  13 10.4-9.9-9.9
5017219780108 34.0 15.5  9.019900 11.7-99.9-99.9-99.9-9.9 9919.3 53 16.9  24 19.2-9.9-9.9
5017219780109 29.5 16.8  1.019900 15.3-99.9-99.9-99.9-9.9 9922.2 81 19.2   3  2.4-9.9-9.9
5017219780110 26.3 17.9  0.009900 15.7-99.9-99.9-99.9-9.9 9915.5 59 13.5  19 15.2-9.9-9.9
5017219780111 32.0 14.9 10.519900 11.5-99.9-99.9-99.9-9.9 9919.2 63 16.9   3  2.4-9.9-9.9
5017219780112 24.8 15.8 18.019900 15.3-99.9-99.9-99.9-9.9 9917.7 90 15.6   3  2.4-9.9-9.9
5017219780113 26.1 11.8  0.009900  8.0-99.9-99.9-99.9-9.9 9911.3 45  8.8   8  6.4-9.9-9.9
5017219780114 28.2 13.3  0.009900  7.3-99.9-99.9-99.9-9.9 9913.2 50 11.1   3  2.4-9.9-9.9
5017219780115 30.0 13.8  0.009900  7.5-99.9-99.9-99.9-9.9 9913.6 46 11.5   5  4.0-9.9-9.9
5017219780116 36.0 15.3  0.009900 10.1-99.9-99.9-99.9-9.9 9914.1 38 12.1  11  8.8-9.9-9.9
5017219780117 35.8 18.6  0.009900 12.0-99.9-99.9-99.9-9.9 9916.3 44 14.3  11  8.8-9.9-9.9
5017219780118 32.8 19.8  0.009900 13.9-99.9-99.9-99.9-9.9 9914.3 40 12.3  23 18.4-9.9-9.9
5017219780119 28.0 16.1  0.009900 13.0-99.9-99.9-99.9-9.9 9913.6 51 11.5  24 19.2-9.9-9.9
5017219780120 33.0 12.2  0.009900  9.0-99.9-99.9-99.9-9.9 9913.6 51 11.5   6  4.8-9.9-9.9
5017219780121 30.5 13.3  0.119900  8.0-99.9-99.9-99.9-9.9 9917.9 66 15.8  17 13.6-9.9-9.9
5017219780122 29.7 16.9  0.009900 15.0-99.9-99.9-99.9-9.9 9918.1 67 15.9   6  4.8-9.9-9.9
5017219780123 29.8 13.9  0.009900 10.0-99.9-99.9-99.9-9.9 9913.6 48 11.5   8  6.4-9.9-9.9
5017219780124 33.0 11.2  0.009900  6.0-99.9-99.9-99.9-9.9 9914.2 45 12.2   8  6.4-9.9-9.9
5017219780125 28.2 18.3  0.009900 15.5-99.9-99.9-99.9-9.9 99 9.9 37  6.8  25 20.0-9.9-9.9
5017219780126 25.5 10.2  0.009900  6.0-99.9-99.9-99.9-9.9 9916.6 73 14.6   7  5.6-9.9-9.9
5017219780127 35.3 16.3  8.019900 12.3-99.9-99.9-99.9-9.9 9920.6 60 18.0   4  3.2-9.9-9.9
5017219780128 31.5 15.2  0.009900 10.0-99.9-99.9-99.9-9.9 9913.6 46 11.5   3  2.4-9.9-9.9
5017219780129 36.3 14.8  0.009900 10.5-99.9-99.9-99.9-9.9 9922.0 57 19.0   5  4.0-9.9-9.9
5017219780130 29.4 14.8  2.019900 11.5-99.9-99.9-99.9-9.9 9916.0 66 14.0  13 10.4-9.9-9.9
5017219780131 30.2 10.5  0.009900  5.5-99.9-99.9-99.9-9.9 9913.6 53 11.5   6  4.8-9.9-9.9
5017219780201 31.6 13.8  0.219900  7.8-99.9-99.9-99.9-9.9 9914.4 46 12.4  19 15.2-9.9-9.9
5017219780202 29.4 15.0  0.009900 12.5-99.9-99.9-99.9-9.9 9911.9 44  9.5  19 15.2-9.9-9.9
5017219780203 25.8  9.4  0.009900  5.1-99.9-99.9-99.9-9.9 9911.8 53  9.4  19 15.2-9.9-9.9
5017219780204 31.5 10.0  0.009900  5.0-99.9-99.9-99.9-9.9 9917.0 60 15.0  16 12.8-9.9-9.9
5017219780205 32.2 15.4  0.009900 12.8-99.9-99.9-99.9-9.9 9918.7 60 16.4  11  8.8-9.9-9.9
5017219780206 34.2 16.3  0.009900 11.4-99.9-99.9-99.9-9.9 9920.0 58 17.5  10  8.0-9.9-9.9
5017219780207 35.0 18.5  5.119900 15.5-99.9-99.9-99.9-9.9 9921.0 60 18.3  10  8.0-9.9-9.9
5017219780208 33.5 15.0  0.419900 12.0-99.9-99.9-99.9-9.9 9920.0 64 17.5   8  6.4-9.9-9.9
5017219780209 33.5 15.8 17.019900 12.5-99.9-99.9-99.9-9.9 9920.9 60 18.2  14 11.2-9.9-9.9
5017219780210 29.5 15.6 11.019910 13.0-99.9-99.9-99.9-9.9 9920.7 76 18.1   3  2.4-9.9-9.9
5017219780211 29.8 13.5  5.019900 10.4-99.9-99.9-99.9-9.9 9919.2 74 16.9   3  2.4-9.9-9.9
5017219780212 29.8 15.6  2.019900 13.3-99.9-99.9-99.9-9.9 9918.5 64 16.3  11  8.8-9.9-9.9
5017219780213 25.7 16.1  1.019900 15.0-99.9-99.9-99.9-9.9 9919.0 82 16.7   8  6.4-9.9-9.9
5017219780214 28.0 15.7 12.519900 12.7-99.9-99.9-99.9-9.9 9919.4 82 17.0   7  5.6-9.9-9.9
5017219780215 30.3 16.3  0.319900 14.5-99.9-99.9-99.9-9.9 9921.0 73 18.3  11  8.8-9.9-9.9
5017219780216 30.0 15.0  0.009900 12.2-99.9-99.9-99.9-9.9 9918.9 69 16.6  12  9.6-9.9-9.9
5017219780217 21.2 15.4  4.619900 16.0-99.9-99.9-99.9-9.9 9916.6 85 14.6  18 14.4-9.9-9.9
5017219780218 16.3 12.9  5.019900 13.5-99.9-99.9-99.9-9.9 9915.8 93 13.8   7  5.6-9.9-9.9
5017219780219 23.7 13.8  0.009900 11.0-99.9-99.9-99.9-9.9 9915.5 74 13.5   3  2.4-9.9-9.9
5017219780220 28.5 11.3  0.009900  7.5-99.9-99.9-99.9-9.9 9916.7 66 14.7   8  6.4-9.9-9.9
5017219780221 32.0 14.9  0.009900 11.5-99.9-99.9-99.9-9.9 9917.9 61 15.8  11  8.8-9.9-9.9
5017219780222 34.0 15.9  0.009900 12.5-99.9-99.9-99.9-9.9 9920.3 62 17.7   8  6.4-9.9-9.9
5017219780223 35.2 18.4  0.009900 14.4-99.9-99.9-99.9-9.9 9919.5 54 17.1   8  6.4-9.9-9.9
5017219780224 36.3 20.3  0.009900 16.1-99.9-99.9-99.9-9.9 9919.4 48 17.0  17 13.6-9.9-9.9
5017219780225 35.5 21.2  3.519900 16.2-99.9-99.9-99.9-9.9 9919.7 48 17.3  16 12.8-9.9-9.9
5017219780226 30.6 18.8 29.319900 18.3-99.9-99.9-99.9-9.9 9920.9 91 18.2  16 12.8-9.9-9.9
5017219780227 27.5 15.8  2.319900 13.0-99.9-99.9-99.9-9.9 9918.3 74 16.1   4  3.2-9.9-9.9
5017219780228 30.5 14.8  0.009900 12.9-99.9-99.9-99.9-9.9 9917.1 66 15.0   1  0.8-9.9-9.9
5017219780301 35.0 16.3  0.009900 12.4-99.9-99.9-99.9-9.9 9917.3 55 15.2  11  8.8-9.9-9.9
5017219780302 34.5 14.1  0.009900 10.4-99.9-99.9-99.9-9.9 9914.0 54 12.0   3  2.4-9.9-9.9
5017219780303 27.2 12.2  0.009900  7.9-99.9-99.9-99.9-9.9 9911.3 48  8.8   8  6.4-9.9-9.9
5017219780304 27.0 11.1  0.009900  5.4-99.9-99.9-99.9-9.9 9911.4 51  8.9  11  8.8-9.9-9.9
5017219780305 28.5 11.2  0.009900  5.9-99.9-99.9-99.9-9.9 9911.4 50  8.9   9  7.2-9.9-9.9
5017219780306 27.0 10.0  0.009900  5.9-99.9-99.9-99.9-9.9 9912.2 58  9.9   4  3.2-9.9-9.9
5017219780307 31.5 11.8  0.009900  7.5-99.9-99.9-99.9-9.9 9915.2 53 13.2   5  4.0-9.9-9.9
5017219780308 32.5 13.8  0.009900 10.1-99.9-99.9-99.9-9.9 9915.1 52 13.1  18 14.4-9.9-9.9
5017219780309 32.1 15.6  0.009900 11.4-99.9-99.9-99.9-9.9 9915.2 50 13.2  22 17.6-9.9-9.9
5017219780310 31.5 16.1  0.009900 11.1-99.9-99.9-99.9-9.9 9913.8 47 11.8  11  8.8-9.9-9.9
5017219780311 24.8 16.2  3.319900 13.5-99.9-99.9-99.9-9.9 9913.6 62 11.5  30 24.0-9.9-9.9
5017219780312 18.8 14.2  0.619900 13.4-99.9-99.9-99.9-9.9 9915.9 86 13.9  13 10.4-9.9-9.9
5017219780313 20.8 15.3  1.119900 14.4-99.9-99.9-99.9-9.9 9917.1 89 15.0   6  4.8-9.9-9.9
5017219780314 24.2 14.6  0.419900 10.4-99.9-99.9-99.9-9.9 9916.5 78 14.5   9  7.2-9.9-9.9
5017219780315 23.7 14.5  0.009900 11.3-99.9-99.9-99.9-9.9 9917.2 78 15.1   5  4.0-9.9-9.9
5017219780316 23.8 12.6  0.009900  8.2-99.9-99.9-99.9-9.9 9915.6 73 13.6   7  5.6-9.9-9.9
5017219780317 23.0 12.4  0.009900  6.5-99.9-99.9-99.9-9.9 9913.7 68 11.6   6  4.8-9.9-9.9
5017219780318 24.0 13.2  0.009900  8.4-99.9-99.9-99.9-9.9 9911.5 58  9.0  19 15.2-9.9-9.9
5017219780319 27.0  7.8  0.009900  2.0-99.9-99.9-99.9-9.9 9910.8 52  8.1  11  8.8-9.9-9.9
5017219780320 27.5  7.8  0.009900  4.0-99.9-99.9-99.9-9.9 9913.0 60 10.9  13 10.4-9.9-9.9
5017219780321 28.1 10.8  0.009900  4.8-99.9-99.9-99.9-9.9 9915.4 67 13.4   8  6.4-9.9-9.9
5017219780322 30.0 15.3  0.009900 10.6-99.9-99.9-99.9-9.9 9919.9 73 17.4  11  8.8-9.9-9.9
5017219780323 31.5 18.0 24.719900 13.0-99.9-99.9-99.9-9.9 9921.6 71 18.7   3  2.4-9.9-9.9
5017219780324 24.8 13.8  9.019900 14.0-99.9-99.9-99.9-9.9 9914.7 86 12.7  34 27.2-9.9-9.9
5017219780325 15.5 12.8  4.819900 12.0-99.9-99.9-99.9-9.9 9915.2 94 13.2  16 12.8-9.9-9.9
5017219780326 21.7 11.3  0.009900  9.5-99.9-99.9-99.9-9.9 9916.2 79 14.2   4  3.2-9.9-9.9
5017219780327 28.5 12.4  0.009900  8.2-99.9-99.9-99.9-9.9 9916.9 69 14.9   9  7.2-9.9-9.9
5017219780328 26.0 12.8  0.009900  9.8-99.9-99.9-99.9-9.9 9913.8 62 11.8   6  4.8-9.9-9.9
5017219780329 31.5 12.4  0.009900  8.5-99.9-99.9-99.9-9.9 9918.0 69 15.8   5  4.0-9.9-9.9
5017219780330 30.5 14.6  0.009900  9.7-99.9-99.9-99.9-9.9 9914.1 53 12.1   6  4.8-9.9-9.9
5017219780331 26.7 10.8  0.009900  6.1-99.9-99.9-99.9-9.9 9912.2 56  9.9   1  0.8-9.9-9.9
5017219780401 29.7 11.0  0.009900  6.9-99.9-99.9-99.9-9.9 9913.9 57 11.9   2  1.6-9.9-9.9
5017219780402 31.0 14.8  0.009900 10.9-99.9-99.9-99.9-9.9 9914.7 55 12.7   3  2.4-9.9-9.9
5017219780403 26.7 13.5  0.009900  9.4-99.9-99.9-99.9-9.9 9911.8 50  9.4   4  3.2-9.9-9.9
5017219780404 22.5 12.8  0.009900  9.4-99.9-99.9-99.9-9.9 9914.3 74 12.3   1  0.8-9.9-9.9
5017219780405 20.5 11.1  0.009900  5.6-99.9-99.9-99.9-9.9 99 8.5 50  4.6  26 20.8-9.9-9.9
5017219780406 20.7  5.1  0.009900  0.4-99.9-99.9-99.9-9.9 99 9.1 61  5.6   7  5.6-9.9-9.9
5017219780407 23.0  7.9  0.009900  3.4-99.9-99.9-99.9-9.9 9911.7 63  9.3   8  6.4-9.9-9.9
5017219780408 22.5 12.4  0.009900  8.9-99.9-99.9-99.9-9.9 9912.7 73 10.5   5  4.0-9.9-9.9
5017219780409 26.0  7.3  0.009900  3.2-99.9-99.9-99.9-9.9 9910.2 63  7.3   5  4.0-9.9-9.9
5017219780410 29.5 11.0  0.009900  6.1-99.9-99.9-99.9-9.9 9912.0 55  9.7   3  2.4-9.9-9.9
5017219780411 32.2 11.1  0.009900  7.4-99.9-99.9-99.9-9.9 9911.7 52  9.3   8  6.4-9.9-9.9
5017219780412 25.2  8.8  0.009900  4.4-99.9-99.9-99.9-9.9 9912.0 59  9.7   8  6.4-9.9-9.9
5017219780413 30.0  8.5  0.009900  4.7-99.9-99.9-99.9-9.9 9913.1 62 11.0   8  6.4-9.9-9.9
5017219780414 19.4 14.2  0.009900 10.9-99.9-99.9-99.9-9.9 9910.8 58  8.1  26 20.8-9.9-9.9
5017219780415 24.0 10.4  0.009900  6.4-99.9-99.9-99.9-9.9 9913.4 70 11.3   0  0.0-9.9-9.9
5017219780416 29.0  9.4  0.009900  5.7-99.9-99.9-99.9-9.9 9915.6 67 13.6   3  2.4-9.9-9.9
5017219780417 30.0 14.3 17.019910 11.4-99.9-99.9-99.9-9.9 9915.8 62 13.8  12  9.6-9.9-9.9
5017219780418 22.8  9.8  0.009900  5.4-99.9-99.9-99.9-9.9 9910.3 63  7.4   3  2.4-9.9-9.9
5017219780419 24.7  6.6  0.009900  1.7-99.9-99.9-99.9-9.9 99 9.5 60  6.2   1  0.8-9.9-9.9
5017219780420 24.4  6.2  0.009900  2.4-99.9-99.9-99.9-9.9 9910.6 61  7.8   5  4.0-9.9-9.9
5017219780421 23.5 10.5  0.009900  8.5-99.9-99.9-99.9-9.9 9912.1 67  9.8  12  9.6-9.9-9.9
5017219780422 23.0 11.8  0.009900  8.4-99.9-99.9-99.9-9.9 9912.4 67 10.1   0  0.0-9.9-9.9
5017219780423 26.0  8.9  0.009900  4.9-99.9-99.9-99.9-9.9 9911.5 60  9.0   3  2.4-9.9-9.9
5017219780424 24.7 10.6  0.009900  7.4-99.9-99.9-99.9-9.9 9913.1 67 11.0   5  4.0-9.9-9.9
5017219780425 20.9 12.0  0.009900 10.7-99.9-99.9-99.9-9.9 9912.4 73 10.1   0  0.0-9.9-9.9
5017219780426 26.0  8.6  0.009900  4.6-99.9-99.9-99.9-9.9 9913.2 68 11.1   3  2.4-9.9-9.9
5017219780427 26.0  9.5  0.009900  5.3-99.9-99.9-99.9-9.9 9913.0 69 10.9   3  2.4-9.9-9.9
5017219780428 24.5  8.2  0.009900  3.4-99.9-99.9-99.9-9.9 9911.3 65  8.8   3  2.4-9.9-9.9
5017219780429 25.5  7.5  0.009900  3.4-99.9-99.9-99.9-9.9 9911.4 63  8.9   5  4.0-9.9-9.9
5017219780430 26.5  7.4  0.009900  2.4-99.9-99.9-99.9-9.9 9910.7 55  8.0   5  4.0-9.9-9.9
5017219780501 23.0  9.8  0.009900  4.3-99.9-99.9-99.9-9.9 9910.0 61  7.0   3  2.4-9.9-9.9
5017219780502 25.5  6.8  0.009900  2.4-99.9-99.9-99.9-9.9 9910.7 58  8.0   4  3.2-9.9-9.9
5017219780503 25.3  7.4  0.009900  3.5-99.9-99.9-99.9-9.9 99 9.8 55  6.7  14 11.2-9.9-9.9
5017219780504 22.2  6.6  0.009900  1.9-99.9-99.9-99.9-9.9 99 9.1 60  5.6   3  2.4-9.9-9.9
5017219780505 23.3  8.0  0.009900  4.4-99.9-99.9-99.9-9.9 9911.2 65  8.6   0  0.0-9.9-9.9
5017219780506 28.5 10.8  0.009900  6.5-99.9-99.9-99.9-9.9 9913.5 62 11.4   5  4.0-9.9-9.9
5017219780507 30.3  9.6  0.009900  4.9-99.9-99.9-99.9-9.9 9914.5 64 12.5   8  6.4-9.9-9.9
5017219780508 30.5 13.8  0.009900  8.9-99.9-99.9-99.9-9.9 9916.6 66 14.6  11  8.8-9.9-9.9
5017219780509 30.7 13.6  0.009900  8.9-99.9-99.9-99.9-9.9 9916.5 70 14.5   0  0.0-9.9-9.9
5017219780510 19.2 12.0  0.009900 11.4-99.9-99.9-99.9-9.9 99 9.6 53  6.4  13 10.4-9.9-9.9
5017219780511 22.5  7.6  0.009900  2.9-99.9-99.9-99.9-9.9 99 8.8 55  5.1   6  4.8-9.9-9.9
5017219780512 21.0  6.8  0.009900  2.1-99.9-99.9-99.9-9.9 9911.2 71  8.6   3  2.4-9.9-9.9
5017219780513 21.5 10.6  0.009900  7.9-99.9-99.9-99.9-9.9 9911.6 70  9.2   8  6.4-9.9-9.9
5017219780514 18.5  2.8  0.009900 -2.2-99.9-99.9-99.9-9.9 99 8.5 72  4.6   3  2.4-9.9-9.9
5017219780515 18.5  0.8  0.009900 -4.2-99.9-99.9-99.9-9.9 99 7.7 64  3.2  10  8.0-9.9-9.9
5017219780516 13.5  3.6  0.009900 -1.1-99.9-99.9-99.9-9.9 99 8.9 82  5.3   0  0.0-9.9-9.9
5017219780517 18.5  2.9  0.009900 -3.1-99.9-99.9-99.9-9.9 99 8.4 63  4.5   8  6.4-9.9-9.9
5017219780518 24.4  5.8  0.009900  0.4-99.9-99.9-99.9-9.9 99 9.3 55  5.9  26 20.8-9.9-9.9
5017219780519 21.0 10.6  0.009900  5.2-99.9-99.9-99.9-9.9 99 8.9 60  5.3   6  4.8-9.9-9.9
5017219780520 20.6  0.3  0.009900 -5.5-99.9-99.9-99.9-9.9 99 6.7 56  1.3   8  6.4-9.9-9.9
5017219780521 23.0  3.2  0.009900 -2.8-99.9-99.9-99.9-9.9 99 8.0 59  3.8   3  2.4-9.9-9.9
5017219780522 20.5  1.6  0.009900 -3.8-99.9-99.9-99.9-9.9 99 8.2 62  4.1   3  2.4-9.9-9.9
5017219780523 20.5  5.4  0.009900  1.9-99.9-99.9-99.9-9.9 99 8.5 63  4.6   6  4.8-9.9-9.9
5017219780524 17.5  5.8  0.009900  0.7-99.9-99.9-99.9-9.9 99 8.2 59  4.1  22 17.6-9.9-9.9
5017219780525 17.5  1.8  0.009900 -4.9-99.9-99.9-99.9-9.9 99 6.5 59  0.9   5  4.0-9.9-9.9
5017219780526 18.5 -2.2  0.009900 -6.5-99.9-99.9-99.9-9.9 99 6.2 61  0.2   0  0.0-9.9-9.9
5017219780527 19.2 -0.6  0.009900 -5.8-99.9-99.9-99.9-9.9 99 6.4 62  0.6   4  3.2-9.9-9.9
5017219780528 15.5  2.8  0.009900 -1.6-99.9-99.9-99.9-9.9 99 7.4 69  2.7   8  6.4-9.9-9.9
5017219780529 14.5  4.8  0.919900 -1.5-99.9-99.9-99.9-9.9 99 8.7 85  5.0   0  0.0-9.9-9.9
5017219780530 15.5 -2.0  0.009900 -7.0-99.9-99.9-99.9-9.9 99 6.7 76  1.3   0  0.0-9.9-9.9
5017219780531 19.5  0.6  0.009900 -5.6-99.9-99.9-99.9-9.9 99 7.0 58  1.9  25 20.0-9.9-9.9
5017219780601 21.0  9.8  0.009900  7.0-99.9-99.9-99.9-9.9 99 7.7 50  3.2  24 19.2-9.9-9.9
5017219780602 13.2  3.6  7.019900  0.5-99.9-99.9-99.9-9.9 99 8.6 87  4.8   3  2.4-9.9-9.9
5017219780603 14.0 -1.2  0.009900 -5.0-99.9-99.9-99.9-9.9 99 6.3 70  0.4   1  0.8-9.9-9.9
5017219780604 10.2 -0.4  0.009900 -5.0-99.9-99.9-99.9-9.9 99 5.7 72 -1.0   3  2.4-9.9-9.9
5017219780605 16.0 -2.2  0.009900 -6.5-99.9-99.9-99.9-9.9 99 6.0 59 -0.2  22 17.6-9.9-9.9
5017219780606 13.0  3.6  0.009900 -2.0-99.9-99.9-99.9-9.9 99 6.1 62  0.0   9  7.2-9.9-9.9
5017219780607 14.5 -0.4  0.009900 -4.5-99.9-99.9-99.9-9.9 99 6.9 73  1.7   0  0.0-9.9-9.9
5017219780608 21.4 -1.6  0.009900 -7.9-99.9-99.9-99.9-9.9 99 6.2 60  0.2   0  0.0-9.9-9.9
5017219780609 18.0 -2.2  0.009900 -7.4-99.9-99.9-99.9-9.9 99 5.7 57 -1.0   1  0.8-9.9-9.9
5017219780610 17.0 -0.4  0.009900 -6.0-99.9-99.9-99.9-9.9 99 6.1 58  0.0   9  7.2-9.9-9.9
5017219780611 18.2  3.0  0.009900 -3.5-99.9-99.9-99.9-9.9 99 6.6 56  1.1   9  7.2-9.9-9.9
5017219780612 18.0 -1.0  0.009900 -6.0-99.9-99.9-99.9-9.9 99 6.6 67  1.1   3  2.4-9.9-9.9
5017219780613 19.5  1.0  0.009900 -4.1-99.9-99.9-99.9-9.9 99 7.4 63  2.7   3  2.4-9.9-9.9
5017219780614 20.0  2.6  0.009900 -1.9-99.9-99.9-99.9-9.9 99 8.1 57  3.9  12  9.6-9.9-9.9
5017219780615 15.5  5.0  0.009900 -1.5-99.9-99.9-99.9-9.9 99 6.4 57  0.6   1  0.8-9.9-9.9
5017219780616 20.5  2.4  0.009900 -4.6-99.9-99.9-99.9-9.9 99 6.6 51  1.1   1  0.8-9.9-9.9
5017219780617 19.2  5.6  0.009900  0.5-99.9-99.9-99.9-9.9 99 7.3 60  2.5   8  6.4-9.9-9.9
5017219780618  9.0  0.4  0.009900 -0.8-99.9-99.9-99.9-9.9 99 6.0 74 -0.2  16 12.8-9.9-9.9
5017219780619 14.0 -4.0  0.009900 -9.0-99.9-99.9-99.9-9.9 99 5.6 63 -1.2   8  6.4-9.9-9.9
5017219780620 15.3 -1.4  0.009900 -5.5-99.9-99.9-99.9-9.9 99 6.1 61  0.0  12  9.6-9.9-9.9
5017219780621 18.5  1.5  0.009900 -5.0-99.9-99.9-99.9-9.9 99 7.3 64  2.5  19 15.2-9.9-9.9
5017219780622 16.5 -1.0  0.009900 -6.0-99.9-99.9-99.9-9.9 99 6.9 67  1.7  11  8.8-9.9-9.9
5017219780623 10.4  3.2  0.009900  1.0-99.9-99.9-99.9-9.9 99 8.0 84  3.8  16 12.8-9.9-9.9
5017219780624 11.5  5.6  0.009900  4.5-99.9-99.9-99.9-9.9 99 8.7 85  5.0   1  0.8-9.9-9.9
5017219780625 11.6 -0.8  0.009900 -4.5-99.9-99.9-99.9-9.9 99 7.6 93  3.0   3  2.4-9.9-9.9
5017219780626 14.5  2.8  0.009900  2.5-99.9-99.9-99.9-9.9 99 8.7 87  5.0   3  2.4-9.9-9.9
5017219780627 16.7  1.9  0.009900 -0.8-99.9-99.9-99.9-9.9 99 8.9 79  5.3   1  0.8-9.9-9.9
5017219780628 17.0  3.8  0.009900  0.0-99.9-99.9-99.9-9.9 99 8.7 73  5.0   0  0.0-9.9-9.9
5017219780629 18.7  2.0  0.009900 -3.2-99.9-99.9-99.9-9.9 99 8.6 74  4.8   2  1.6-9.9-9.9
5017219780630 12.5  0.0  0.009900 -4.7-99.9-99.9-99.9-9.9 99 7.8 81  3.4   0  0.0-9.9-9.9
5017219780701 19.6  3.3  0.009900 -2.0-99.9-99.9-99.9-9.9 99 9.6 73  6.4   2  1.6-9.9-9.9
5017219780702 19.6  8.8  0.009900  4.0-99.9-99.9-99.9-9.9 9910.3 69  7.4  20 16.0-9.9-9.9
5017219780703 18.5  4.6  0.009900  7.0-99.9-99.9-99.9-9.9 99 9.7 76  6.5   3  2.4-9.9-9.9
5017219780704 21.0  5.8  0.009900  2.0-99.9-99.9-99.9-9.9 9910.4 73  7.5  11  8.8-9.9-9.9
5017219780705 13.8  3.8  0.009900 -0.5-99.9-99.9-99.9-9.9 9910.8 87  8.1   5  4.0-9.9-9.9
5017219780706 17.2 10.8  0.009900  8.5-99.9-99.9-99.9-9.9 9913.4 86 11.3   1  0.8-9.9-9.9
5017219780707 20.7 13.5  0.009900 10.5-99.9-99.9-99.9-9.9 9913.7 77 11.6  11  8.8-9.9-9.9
5017219780708 16.5  5.2  0.009900 -0.4-99.9-99.9-99.9-9.9 9910.5 84  7.7   4  3.2-9.9-9.9
5017219780709 22.2  5.3  0.009900-99.9-99.9-99.9-99.9-9.9 9911.1 70  8.5   8  6.4-9.9-9.9
5017219780710 21.5  4.8  0.009900  1.0-99.9-99.9-99.9-9.9 9910.7 72  8.0   0  0.0-9.9-9.9
5017219780711 24.8  4.3  0.009900 -0.8-99.9-99.9-99.9-9.9 9910.8 65  8.1   8  6.4-9.9-9.9
5017219780712 24.0  8.6  0.009900  3.4-99.9-99.9-99.9-9.9 9911.5 66  9.0  12  9.6-9.9-9.9
5017219780713 25.0  8.0  0.119900  2.0-99.9-99.9-99.9-9.9 9910.5 63  7.7   6  4.8-9.9-9.9
5017219780714 16.1  9.3  0.009900  6.5-99.9-99.9-99.9-9.9 9911.7 90  9.3   3  2.4-9.9-9.9
5017219780715 16.0  3.0  0.009900 -1.8-99.9-99.9-99.9-9.9 99 8.1 76  3.9   9  7.2-9.9-9.9
5017219780716 22.0  4.3  0.009900  1.0-99.9-99.9-99.9-9.9 99 8.9 59  5.3   6  4.8-9.9-9.9
5017219780717 16.8  2.9  0.009900 -6.0-99.9-99.9-99.9-9.9 99 5.7 47 -1.0  19 15.2-9.9-9.9
5017219780718 16.0  4.6  6.019900  1.0-99.9-99.9-99.9-9.9 99 6.9 56  1.7   5  4.0-9.9-9.9
5017219780719 14.8  6.1  1.019900 -0.4-99.9-99.9-99.9-9.9 99 8.9 69  5.3   6  4.8-9.9-9.9
5017219780720 15.5  8.8  0.009900  4.5-99.9-99.9-99.9-9.9 99 7.4 55  2.7  19 15.2-9.9-9.9
5017219780721 12.0  6.8  0.009900  3.0-99.9-99.9-99.9-9.9 99 7.9 71  3.6   7  5.6-9.9-9.9
5017219780722 17.5  3.3  0.119900 -0.5-99.9-99.9-99.9-9.9 99 7.5 60  2.9   9  7.2-9.9-9.9
5017219780723 14.0  4.1  0.009900  1.0-99.9-99.9-99.9-9.9 99 6.4 61  0.6   7  5.6-9.9-9.9
5017219780724 15.8  3.3  0.009900  0.2-99.9-99.9-99.9-9.9 99 5.4 42 -1.7  37 29.6-9.9-9.9
5017219780725 15.5  5.2  0.009900  1.0-99.9-99.9-99.9-9.9 99 6.2 54  0.2   6  4.8-9.9-9.9
5017219780726 15.5  1.0  0.009900 -6.0-99.9-99.9-99.9-9.9 99 4.0 44 -5.7   3  2.4-9.9-9.9
5017219780727 15.5  1.0  0.009900 -5.7-99.9-99.9-99.9-9.9 99 4.9 46 -3.0  11  8.8-9.9-9.9
5017219780728 14.5  5.6  0.009900  4.2-99.9-99.9-99.9-9.9 99 6.1 55  0.0   3  2.4-9.9-9.9
5017219780729 17.5 -1.2  0.009900 -6.5-99.9-99.9-99.9-9.9 99 5.9 58 -0.5   3  2.4-9.9-9.9
5017219780730 18.5 -2.2  0.009900 -7.0-99.9-99.9-99.9-9.9 99 5.8 55 -0.7  19 15.2-9.9-9.9
5017219780731 19.2  2.2  0.009900 -2.0-99.9-99.9-99.9-9.9 99 7.0 57  1.9  11  8.8-9.9-9.9
5017219780801 21.0  3.5  0.009900 -1.0-99.9-99.9-99.9-9.9 99 8.0 64  3.8  18 14.4-9.9-9.9
5017219780802 14.7  2.6  0.009900 -1.0-99.9-99.9-99.9-9.9 99 5.0 39 -2.7  31 24.8-9.9-9.9
5017219780803 14.5  6.6  0.009900  5.2-99.9-99.9-99.9-9.9 99 5.5 50 -1.4   5  4.0-9.9-9.9
5017219780804  9.5  5.1  0.009900 -2.8-99.9-99.9-99.9-9.9 99 5.7 53 -1.0   4  3.2-9.9-9.9
5017219780805 12.7  0.8  0.009900 -3.5-99.9-99.9-99.9-9.9 99 5.3 59 -1.9   2  1.6-9.9-9.9
5017219780806 16.0 -1.7  0.009900 -8.0-99.9-99.9-99.9-9.9 99 5.1 53 -2.5   8  6.4-9.9-9.9
5017219780807 19.0 -2.8  0.009900 -7.0-99.9-99.9-99.9-9.9 99 5.2 49 -2.2   7  5.6-9.9-9.9
5017219780808 27.0  7.0  0.009900  1.5-99.9-99.9-99.9-9.9 99 5.9 32 -0.5  27 21.6-9.9-9.9
5017219780809 29.6  6.8  0.009900  3.0-99.9-99.9-99.9-9.9 99 5.8 31 -0.7  22 17.6-9.9-9.9
5017219780810 18.2  3.9  0.009900  0.1-99.9-99.9-99.9-9.9 99 4.3 40 -4.7   9  7.2-9.9-9.9
5017219780811 12.8 -4.0  0.009900 -8.0-99.9-99.9-99.9-9.9 99 4.1 54 -5.4  11  8.8-9.9-9.9
5017219780812 10.2 -2.6  0.009900-10.0-99.9-99.9-99.9-9.9 99 4.1 57 -5.4   4  3.2-9.9-9.9
5017219780813 13.0 -7.8  0.009900-12.5-99.9-99.9-99.9-9.9 99 3.6 52 -7.1   6  4.8-9.9-9.9
5017219780814 16.7 -3.7  0.009900 -7.6-99.9-99.9-99.9-9.9 99 4.4 50 -4.4  29 23.2-9.9-9.9
5017219780815 20.0  4.4  0.009900  1.1-99.9-99.9-99.9-9.9 99 4.8 45 -3.3  22 17.6-9.9-9.9
5017219780816 18.0 -0.2  0.009900 -7.5-99.9-99.9-99.9-9.9 99 5.2 46 -2.2   3  2.4-9.9-9.9
5017219780817 18.0  1.2  0.009900 -4.9-99.9-99.9-99.9-9.9 99 5.3 45 -1.9   4  3.2-9.9-9.9
5017219780818 13.0 -1.8  0.009900 -6.4-99.9-99.9-99.9-9.9 99 4.2 48 -5.0  11  8.8-9.9-9.9
5017219780819 16.3 -6.5  0.009900-10.0-99.9-99.9-99.9-9.9 99 4.3 54 -4.7   1  0.8-9.9-9.9
5017219780820 17.2 -2.2  0.009900 -4.8-99.9-99.9-99.9-9.9 99 4.9 43 -3.0  12  9.6-9.9-9.9
5017219780821 20.0  2.2  0.009900 -2.2-99.9-99.9-99.9-9.9 99 5.9 48 -0.5  12  9.6-9.9-9.9
5017219780822 15.2  0.8  0.009900 -2.9-99.9-99.9-99.9-9.9 99 6.1 58  0.0  11  8.8-9.9-9.9
5017219780823 16.5  3.8  0.009900 -0.9-99.9-99.9-99.9-9.9 99 6.8 58  1.5   4  3.2-9.9-9.9
5017219780824 20.2  3.1  0.009900 -1.0-99.9-99.9-99.9-9.9 99 8.1 59  3.9  16 12.8-9.9-9.9
5017219780825 18.5  6.1  0.009900  2.3-99.9-99.9-99.9-9.9 99 7.4 60  2.7   8  6.4-9.9-9.9
5017219780826 23.2  4.9  0.009900 -0.2-99.9-99.9-99.9-9.9 99 7.9 53  3.6   4  3.2-9.9-9.9
5017219780827 26.0  2.8  0.009900 -1.8-99.9-99.9-99.9-9.9 99 7.1 40  2.1   9  7.2-9.9-9.9
5017219780828 17.8  5.4  0.009900  1.8-99.9-99.9-99.9-9.9 99 5.9 42 -0.5  33 26.4-9.9-9.9
5017219780829 14.7  5.5  0.009900  2.0-99.9-99.9-99.9-9.9 99 4.4 41 -4.4   1  0.8-9.9-9.9
5017219780830 17.0 -5.2  0.009900 -8.2-99.9-99.9-99.9-9.9 99 4.5 46 -4.1  18 14.4-9.9-9.9
5017219780831 25.5  6.3  0.009900  3.2-99.9-99.9-99.9-9.9 99 6.1 33  0.0  19 15.2-9.9-9.9
5017219780901 18.2  8.2  0.009900  6.1-99.9-99.9-99.9-9.9 99 5.5 48 -1.4  19 15.2-9.9-9.9
5017219780902 14.5  5.0  0.009900  4.0-99.9-99.9-99.9-9.9 99 4.3 39 -4.7  11  8.8-9.9-9.9
5017219780903 18.0 -3.2  0.009900 -5.0-99.9-99.9-99.9-9.9 99 4.8 46 -3.3   2  1.6-9.9-9.9
5017219780904 22.5 -0.2  0.009900 -5.0-99.9-99.9-99.9-9.9 99 5.6 43 -1.2  11  8.8-9.9-9.9
5017219780905 25.3  5.4  0.009900  2.5-99.9-99.9-99.9-9.9 99 7.0 41  1.9  12  9.6-9.9-9.9
5017219780906 21.7  7.8  0.819900  3.0-99.9-99.9-99.9-9.9 99 8.8 55  5.1  10  8.0-9.9-9.9
5017219780907 22.5  3.8  0.009900  0.3-99.9-99.9-99.9-9.9 99 7.3 54  2.5   8  6.4-9.9-9.9
5017219780908 19.5  3.8  0.009900  1.1-99.9-99.9-99.9-9.9 99 6.1 47  0.0   3  2.4-9.9-9.9
5017219780909 20.5  3.8  0.009900 -1.3-99.9-99.9-99.9-9.9 99 6.2 46  0.2   3  2.4-9.9-9.9
5017219780910 25.2  4.0  0.009900  0.3-99.9-99.9-99.9-9.9 99 7.9 46  3.6   6  4.8-9.9-9.9
5017219780911 28.6  4.8  0.009900  3.0-99.9-99.9-99.9-9.9 99 8.7 49  5.0   4  3.2-9.9-9.9
5017219780912 27.0 10.8  0.419900  9.0-99.9-99.9-99.9-9.9 99 8.3 44  4.3  22 17.6-9.9-9.9
5017219780913 20.5  8.8  0.009900  6.1-99.9-99.9-99.9-9.9 99 7.6 54  3.0  16 12.8-9.9-9.9
5017219780914 20.0  2.0  0.009900 -3.9-99.9-99.9-99.9-9.9 99 6.1 45  0.0   8  6.4-9.9-9.9
5017219780915 27.2  5.6  0.009900  1.2-99.9-99.9-99.9-9.9 99 7.4 41  2.7  11  8.8-9.9-9.9
5017219780916 28.6  6.8  0.009900  2.0-99.9-99.9-99.9-9.9 99 7.8 41  3.4   6  4.8-9.9-9.9
5017219780917 20.0 10.0  0.009900  8.0-99.9-99.9-99.9-9.9 99 5.7 37 -1.0  22 17.6-9.9-9.9
5017219780918 22.0 -0.7  0.009900 -3.9-99.9-99.9-99.9-9.9 99 5.3 40 -1.9   8  6.4-9.9-9.9
5017219780919 25.5  2.0  0.009900 -2.8-99.9-99.9-99.9-9.9 99 6.0 38 -0.2   8  6.4-9.9-9.9
5017219780920 26.0  5.8  0.009900  1.5-99.9-99.9-99.9-9.9 99 6.9 36  1.7   9  7.2-9.9-9.9
5017219780921 28.0  6.9  0.009900  3.0-99.9-99.9-99.9-9.9 99 8.8 44  5.1   4  3.2-9.9-9.9
5017219780922 31.2  8.1  0.009900  5.1-99.9-99.9-99.9-9.9 9912.7 52 10.5   1  0.8-9.9-9.9
5017219780923 23.5 14.0 20.519900 15.1-99.9-99.9-99.9-9.9 9914.2 73 12.2  44 35.2-9.9-9.9
5017219780924 16.5 11.3 15.219910 11.0-99.9-99.9-99.9-9.9 9914.9 96 12.9  11  8.8-9.9-9.9
5017219780925 15.0 11.2  2.919900 12.0-99.9-99.9-99.9-9.9 9913.5 88 11.4  19 15.2-9.9-9.9
5017219780926 21.8  7.8  0.009900  5.5-99.9-99.9-99.9-9.9 9910.0 59  7.0  12  9.6-9.9-9.9
5017219780927 22.0  7.0  0.009900  4.0-99.9-99.9-99.9-9.9 99 9.3 53  5.9  12  9.6-9.9-9.9
5017219780928 25.5  2.8  0.009900  0.5-99.9-99.9-99.9-9.9 9910.2 55  7.3  19 15.2-9.9-9.9
5017219780929 28.5 10.5  0.009900  7.4-99.9-99.9-99.9-9.9 9912.1 54  9.8  11  8.8-9.9-9.9
5017219780930 31.7 11.9  0.009900  7.9-99.9-99.9-99.9-9.9 9912.7 50 10.5  19 15.2-9.9-9.9
5017219781001 20.6 10.9  0.009900  9.5-99.9-99.9-99.9-9.9 99 6.4 38  0.6  33 26.4-9.9-9.9
5017219781002 18.5  8.3  0.009900  6.7-99.9-99.9-99.9-9.9 99 6.5 45  0.9  19 15.2-9.9-9.9
5017219781003 18.0  4.8  0.009900  1.5-99.9-99.9-99.9-9.9 99 9.4 66  6.1   8  6.4-9.9-9.9
5017219781004 20.5  6.4  0.009900  3.5-99.9-99.9-99.9-9.9 9910.5 65  7.7  11  8.8-9.9-9.9
5017219781005 20.7 10.4  0.009900  7.6-99.9-99.9-99.9-9.9 9914.9 79 12.9   9  7.2-9.9-9.9
5017219781006 29.2 17.0  0.009900 16.5-99.9-99.9-99.9-9.9 9917.9 70 15.8   3  2.4-9.9-9.9
5017219781007 28.5 16.0  4.319900 13.5-99.9-99.9-99.9-9.9 9920.3 76 17.7  19 15.2-9.9-9.9
5017219781008 27.5 16.9  0.009900 16.1-99.9-99.9-99.9-9.9 9915.2 63 13.2  11  8.8-9.9-9.9
5017219781009 25.0  7.5  0.009900  2.5-99.9-99.9-99.9-9.9 99 8.3 41  4.3   8  6.4-9.9-9.9
5017219781010 31.0 12.2  0.219900  9.0-99.9-99.9-99.9-9.9 9914.2 60 12.2   6  4.8-9.9-9.9
5017219781011 24.4 11.2  0.009900 11.1-99.9-99.9-99.9-9.9 99 6.4 43  0.6  18 14.4-9.9-9.9
5017219781012 20.2  1.8  0.009900 -3.7-99.9-99.9-99.9-9.9 99 5.6 38 -1.2  13 10.4-9.9-9.9
5017219781013 24.5  4.3  0.009900 -1.5-99.9-99.9-99.9-9.9 99 7.0 37  1.9   6  4.8-9.9-9.9
5017219781014 24.8  7.0  0.009900  2.5-99.9-99.9-99.9-9.9 99 8.5 48  4.6  26 20.8-9.9-9.9
5017219781015 21.5  8.3  0.009900  5.5-99.9-99.9-99.9-9.9 99 8.4 49  4.5  16 12.8-9.9-9.9
5017219781016 24.0  5.6  0.009900  1.0-99.9-99.9-99.9-9.9 99 6.9 41  1.7  12  9.6-9.9-9.9
5017219781017 17.8  6.4  0.009900  5.2-99.9-99.9-99.9-9.9 99 7.6 53  3.0  25 20.0-9.9-9.9
5017219781018 18.8  7.3  0.009900  5.8-99.9-99.9-99.9-9.9 9910.3 66  7.4  19 15.2-9.9-9.9
5017219781019 23.0 11.0  0.009900 10.1-99.9-99.9-99.9-9.9 9911.3 62  8.8   9  7.2-9.9-9.9
5017219781020 30.5 11.8  0.009900 10.0-99.9-99.9-99.9-9.9 9912.0 47  9.7  18 14.4-9.9-9.9
5017219781021 29.0 13.1  0.009900  8.0-99.9-99.9-99.9-9.9 9913.2 51 11.1  21 16.8-9.9-9.9
5017219781022 25.5 14.1  0.009900 11.0-99.9-99.9-99.9-9.9 9916.4 65 14.4  22 17.6-9.9-9.9
5017219781023 34.5 16.9  0.009900 13.8-99.9-99.9-99.9-9.9 9914.5 50 12.5   9  7.2-9.9-9.9
5017219781024 25.4 13.9  0.009900 11.5-99.9-99.9-99.9-9.9 99 9.4 42  6.1  11  8.8-9.9-9.9
5017219781025 23.0 10.3  0.009900  6.5-99.9-99.9-99.9-9.9 9910.5 51  7.7  20 16.0-9.9-9.9
5017219781026 28.5 10.3  0.009900  7.7-99.9-99.9-99.9-9.9 9911.7 46  9.3  11  8.8-9.9-9.9
5017219781027 31.0 12.0  0.009900  6.8-99.9-99.9-99.9-9.9 9915.1 50 13.1   8  6.4-9.9-9.9
5017219781028 31.8 14.8  0.009900  7.3-99.9-99.9-99.9-9.9 9913.4 46 11.3  14 11.2-9.9-9.9
5017219781029 23.2  4.9  0.009900 -3.5-99.9-99.9-99.9-9.9 99 8.9 46  5.3   6  4.8-9.9-9.9
5017219781030 27.2  4.9  0.009900  0.0-99.9-99.9-99.9-9.9 9910.5 45  7.7   6  4.8-9.9-9.9
5017219781031 26.5 10.3  0.009900  8.4-99.9-99.9-99.9-9.9 9912.4 54 10.1  15 12.0-9.9-9.9
5017219781101 31.5  9.3  0.009900  5.6-99.9-99.9-99.9-9.9 9916.1 54 14.1  11  8.8-9.9-9.9
5017219781102 19.2 14.2  0.009900 11.5-99.9-99.9-99.9-9.9 9912.9 68 10.7  17 13.6-9.9-9.9
5017219781103 25.5 12.8  0.009900  9.4-99.9-99.9-99.9-9.9 9916.2 77 14.2   7  5.6-9.9-9.9
5017219781104 31.0 10.9  0.009900  7.0-99.9-99.9-99.9-9.9 9913.5 51 11.4   0  0.0-9.9-9.9
5017219781105 35.4 12.4  0.009900  8.2-99.9-99.9-99.9-9.9 9912.0 34  9.7  16 12.8-9.9-9.9
5017219781106 26.5 13.0  0.009900 11.8-99.9-99.9-99.9-9.9 9911.7 53  9.3  24 19.2-9.9-9.9
5017219781107 34.0  9.6  0.009900  6.5-99.9-99.9-99.9-9.9 9914.1 46 12.1   0  0.0-9.9-9.9
5017219781108 30.5 15.7  0.009900 13.0-99.9-99.9-99.9-9.9 99 9.0 32  5.4  22 17.6-9.9-9.9
5017219781109 28.5 11.3  0.009900  7.7-99.9-99.9-99.9-9.9 99 8.6 36  4.8  14 11.2-9.9-9.9
5017219781110 26.5 10.8  0.009900  8.0-99.9-99.9-99.9-9.9 99 8.4 36  4.5  14 11.2-9.9-9.9
5017219781111 23.7 11.3  0.009900  7.2-99.9-99.9-99.9-9.9 99 7.6 36  3.0  23 18.4-9.9-9.9
5017219781112 28.7  5.3  0.519900  0.8-99.9-99.9-99.9-9.9 99 8.3 32  4.3  16 12.8-9.9-9.9
5017219781113 27.7 13.3  0.009900 10.1-99.9-99.9-99.9-9.9 9913.3 57 11.2   9  7.2-9.9-9.9
5017219781114 29.0 10.3  0.009900  6.5-99.9-99.9-99.9-9.9 9913.2 51 11.1   8  6.4-9.9-9.9
5017219781115 26.0 13.1  1.019900 10.2-99.9-99.9-99.9-9.9 9915.4 77 13.4   6  4.8-9.9-9.9
5017219781116 18.5 12.2  5.019900 11.3-99.9-99.9-99.9-9.9 9915.2 86 13.2   4  3.2-9.9-9.9
5017219781117 29.0 12.4  0.719900  6.4-99.9-99.9-99.9-9.9 9912.3 59 10.0   1  0.8-9.9-9.9
5017219781118 25.2 12.8  0.519910 10.5-99.9-99.9-99.9-9.9 9912.3 67 10.0  16 12.8-9.9-9.9
5017219781119 24.2  8.5  0.009900  4.6-99.9-99.9-99.9-9.9 9912.8 62 10.6  17 13.6-9.9-9.9
5017219781120 22.5  9.8  0.009900  7.5-99.9-99.9-99.9-9.9 99 9.2 50  5.8   6  4.8-9.9-9.9
5017219781121 25.2  8.2  0.009900  4.0-99.9-99.9-99.9-9.9 9911.3 56  8.8  31 24.8-9.9-9.9
5017219781122 26.7  9.9  0.009900  5.1-99.9-99.9-99.9-9.9 9911.8 51  9.4   2  1.6-9.9-9.9
5017219781123 32.7 10.4  0.009900  5.3-99.9-99.9-99.9-9.9 9917.0 52 15.0   9  7.2-9.9-9.9
5017219781124 33.2 16.3 18.019910  3.2-99.9-99.9-99.9-9.9 9920.0 73 17.5  27 21.6-9.9-9.9
5017219781125 23.0 16.6  0.009900 15.1-99.9-99.9-99.9-9.9 9913.8 64 11.8  27 21.6-9.9-9.9
5017219781126 30.5  8.6  0.009900  3.7-99.9-99.9-99.9-9.9 9911.7 38  9.3  13 10.4-9.9-9.9
5017219781127 28.5  9.6  0.009900  3.8-99.9-99.9-99.9-9.9 9910.5 41  7.7   4  3.2-9.9-9.9
5017219781128 35.7 11.2  0.009900  6.0-99.9-99.9-99.9-9.9 9914.4 42 12.4   6  4.8-9.9-9.9
5017219781129 32.5 17.4  0.119900 13.0-99.9-99.9-99.9-9.9 9913.5 40 11.4  19 15.2-9.9-9.9
5017219781130 33.5 18.5  0.009900 14.0-99.9-99.9-99.9-9.9 9913.1 36 11.0  25 20.0-9.9-9.9
5017219781201 29.2 18.3  0.009900-99.9-99.9-99.9-99.9-9.9 9910.9 38  8.2  26 20.8-9.9-9.9
5017219781202 30.8 14.1  1.819900-99.9-99.9-99.9-99.9-9.9 9913.1 42 11.0  24 19.2-9.9-9.9
5017219781203 24.8 12.5  0.819900-99.9-99.9-99.9-99.9-9.9 9914.4 92 12.4  31 24.8-9.9-9.9
5017219781204 23.2 11.9  0.009900-99.9-99.9-99.9-99.9-9.9 9913.0 67 10.9   2  1.6-9.9-9.9
5017219781205 32.0 12.3  0.009900-99.9-99.9-99.9-99.9-9.9 9914.6 50 12.6   7  5.6-9.9-9.9
5017219781206 30.5 16.3  0.009900-99.9-99.9-99.9-99.9-9.9 9911.7 39  9.3  14 11.2-9.9-9.9
5017219781207 34.0 13.8  0.519900-99.9-99.9-99.9-99.9-9.9 9914.0 38 12.0  13 10.4-9.9-9.9
5017219781208 29.5 14.0  0.009900-99.9-99.9-99.9-99.9-9.9 9911.4 39  8.9   7  5.6-9.9-9.9
5017219781209 31.6 10.6  0.009900-99.9-99.9-99.9-99.9-9.9 9912.2 41  9.9   9  7.2-9.9-9.9
5017219781210 35.5 12.3  0.009900-99.9-99.9-99.9-99.9-9.9 9914.6 41 12.6  13 10.4-9.9-9.9
5017219781211 36.5 16.8  0.009900-99.9-99.9-99.9-99.9-9.9 9916.9 42 14.9  19 15.2-9.9-9.9
5017219781212 37.7 17.4  0.009900-99.9-99.9-99.9-99.9-9.9 9918.0 41 15.8  20 16.0-9.9-9.9
5017219781213 33.5 16.8  0.009900-99.9-99.9-99.9-99.9-9.9 9913.0 36 10.9  17 13.6-9.9-9.9
5017219781214 33.5 15.1  1.419900-99.9-99.9-99.9-99.9-9.9 9915.0 55 13.0  14 11.2-9.9-9.9
5017219781215 31.0 14.8  0.009900-99.9-99.9-99.9-99.9-9.9 9916.7 54 14.7  22 17.6-9.9-9.9
5017219781216 35.0 16.5  0.009900-99.9-99.9-99.9-99.9-9.9 9918.7 52 16.4  10  8.0-9.9-9.9
5017219781217 37.0 20.1  1.519900-99.9-99.9-99.9-99.9-9.9 9918.9 57 16.6  21 16.8-9.9-9.9
5017219781218 33.0 17.8  7.319900-99.9-99.9-99.9-99.9-9.9 9914.3 41 12.3  12  9.6-9.9-9.9
5017219781219 29.2 16.2  0.009900-99.9-99.9-99.9-99.9-9.9 9913.7 47 11.6  18 14.4-9.9-9.9
5017219781220 33.0 15.3  0.009900-99.9-99.9-99.9-99.9-9.9 9916.0 50 14.0   2  1.6-9.9-9.9
5017219781221 33.0 16.8 23.519900-99.9-99.9-99.9-99.9-9.9 99 8.8 26  5.1 -99-99.9-9.9-9.9
5017219781222 28.6 17.3 46.619900-99.9-99.9-99.9-99.9-9.9 9919.0 71 16.7  10  8.0-9.9-9.9
5017219781223 27.3 12.5  0.009900-99.9-99.9-99.9-99.9-9.9 9914.5 69 12.5   8  6.4-9.9-9.9
5017219781224 27.0 11.9  0.009900-99.9-99.9-99.9-99.9-9.9 9914.3 58 12.3   1  0.8-9.9-9.9
5017219781225 31.5 14.8  0.009900-99.9-99.9-99.9-99.9-9.9 9915.6 45 13.6   3  2.4-9.9-9.9
5017219781226 36.0 16.2  0.009900-99.9-99.9-99.9-99.9-9.9 9916.2 43 14.2   3  2.4-9.9-9.9
5017219781227 34.5 18.2  0.009900-99.9-99.9-99.9-99.9-9.9 9914.2 36 12.2   9  7.2-9.9-9.9
5017219781228 28.3 16.8  0.009900-99.9-99.9-99.9-99.9-9.9 99 9.6 34  6.4  16 12.8-9.9-9.9
5017219781229 28.3 12.0  0.009900-99.9-99.9-99.9-99.9-9.9 99 9.5 37  6.2  34 27.2-9.9-9.9
5017219781230 29.5 11.9  0.009900-99.9-99.9-99.9-99.9-9.9 9915.1 52 13.1  11  8.8-9.9-9.9
5017219781231 30.2 12.5  0.009900-99.9-99.9-99.9-99.9-9.9 9911.4 38  8.9  19 15.2-9.9-9.9
5017219790101 32.7 16.8  0.009900 12.5-99.9-99.9-99.9-9.9 9919.1 54 16.8   3  2.4-9.9-9.9
5017219790102 27.5 16.3  0.009900 13.5-99.9-99.9-99.9-9.9 9912.1 43  9.8  26 20.8-9.9-9.9
5017219790103 24.7 12.8  0.009900  9.7-99.9-99.9-99.9-9.9 9914.6 61 12.6  10  8.0-9.9-9.9
5017219790104 31.3 17.3  2.219900 14.0-99.9-99.9-99.9-9.9 9920.1 63 17.6   7  5.6-9.9-9.9
5017219790105 33.5 19.0 37.019900 16.2-99.9-99.9-99.9-9.9 9920.3 60 17.7   8  6.4-9.9-9.9
5017219790106 33.0 18.8  4.519910 16.5-99.9-99.9-99.9-9.9 9921.2 64 18.4  11  8.8-9.9-9.9
5017219790107 34.0 17.9  0.009900 14.0-99.9-99.9-99.9-9.9 9921.7 55 18.8   9  7.2-9.9-9.9
5017219790108 32.5 19.9  6.519900 17.1-99.9-99.9-99.9-9.9 9922.1 66 19.1   1  0.8-9.9-9.9
5017219790109 35.0 16.8 42.019900 11.5-99.9-99.9-99.9-9.9 9919.3 55 16.9  18 14.4-9.9-9.9
5017219790110 31.5 17.3  0.009900 14.4-99.9-99.9-99.9-9.9 9919.2 59 16.9   1  0.8-9.9-9.9
5017219790111 32.6 18.8 15.119900 15.8-99.9-99.9-99.9-9.9 9920.6 62 18.0  16 12.8-9.9-9.9
5017219790112 29.5 17.1  0.009900 14.5-99.9-99.9-99.9-9.9 9923.0 72 19.7   6  4.8-9.9-9.9
5017219790113 25.4 13.8  0.009900 11.0-99.9-99.9-99.9-9.9 9912.5 59 10.3   3  2.4-9.9-9.9
5017219790114 28.3 12.5  0.009900  9.6-99.9-99.9-99.9-9.9 9918.5 65 16.3   3  2.4-9.9-9.9
5017219790115 32.0 17.2  0.009900 14.7-99.9-99.9-99.9-9.9 9921.2 66 18.4   1  0.8-9.9-9.9
5017219790116 33.0 15.8 24.519900 12.6-99.9-99.9-99.9-9.9 9922.6 68 19.5   1  0.8-9.9-9.9
5017219790117 29.5 16.8  0.009900 15.0-99.9-99.9-99.9-9.9 9918.9 69 16.6   8  6.4-9.9-9.9
5017219790118 23.6 17.2 40.719900 15.0-99.9-99.9-99.9-9.9 9919.4 84 17.0   5  4.0-9.9-9.9
5017219790119 23.6 18.8  5.819900 17.0-99.9-99.9-99.9-9.9 9921.2 86 18.4   6  4.8-9.9-9.9
5017219790120 30.6 18.3  2.219900 16.0-99.9-99.9-99.9-9.9 9923.7 74 20.2  11  8.8-9.9-9.9
5017219790121 31.3 17.1  0.009900 14.0-99.9-99.9-99.9-9.9 9922.4 65 19.3   8  6.4-9.9-9.9
5017219790122 31.0 19.1  0.009900 18.0-99.9-99.9-99.9-9.9 9921.9 69 19.0   8  6.4-9.9-9.9
5017219790123 31.6 17.6  1.519900 15.0-99.9-99.9-99.9-9.9 9917.9 51 15.8   9  7.2-9.9-9.9
5017219790124 28.7 15.3  0.009900 14.5-99.9-99.9-99.9-9.9 9919.3 70 16.9   6  4.8-9.9-9.9
5017219790125 32.5 17.3  0.009900 13.0-99.9-99.9-99.9-9.9 9921.1 62 18.4   5  4.0-9.9-9.9
5017219790126 33.6 18.8 10.219900 17.1-99.9-99.9-99.9-9.9 9922.5 75 19.4   3  2.4-9.9-9.9
5017219790127 26.0 14.3  0.009900 10.7-99.9-99.9-99.9-9.9 99 9.5 39  6.2  23 18.4-9.9-9.9
5017219790128 28.5  9.5  0.009900  5.8-99.9-99.9-99.9-9.9 9911.8 45  9.4   5  4.0-9.9-9.9
5017219790129 34.3 13.2  0.009900  9.4-99.9-99.9-99.9-9.9 9916.4 50 14.4   3  2.4-9.9-9.9
5017219790130 33.8 15.8  0.009900 11.5-99.9-99.9-99.9-9.9 9917.6 52 15.5   8  6.4-9.9-9.9
5017219790131 34.0 17.8 38.719910 15.0-99.9-99.9-99.9-9.9 9919.2 66 16.9  19 15.2-9.9-9.9
5017219790201 32.5 16.5  0.009900-99.9-99.9-99.9-99.9-9.9 9921.7 70 18.8   3  2.4-9.9-9.9
5017219790202 34.5 17.8  0.009900-99.9-99.9-99.9-99.9-9.9 9920.8 60 18.1   0  0.0-9.9-9.9
5017219790203 34.7 18.3  6.519900-99.9-99.9-99.9-99.9-9.9 9920.8 67 18.1   5  4.0-9.9-9.9
5017219790204 34.5 17.5  0.009900-99.9-99.9-99.9-99.9-9.9 9918.0 65 15.8  18 14.4-9.9-9.9
5017219790205 28.7 13.6  0.009900-99.9-99.9-99.9-99.9-9.9 9915.5 57 13.5   6  4.8-9.9-9.9
5017219790206 30.7 15.0  1.219900-99.9-99.9-99.9-99.9-9.9 9917.2 63 15.1   3  2.4-9.9-9.9
5017219790207 26.0 15.5  3.219900-99.9-99.9-99.9-99.9-9.9 9916.8 71 14.8  13 10.4-9.9-9.9
5017219790208 27.0 16.5  6.019900-99.9-99.9-99.9-99.9-9.9 9919.5 79 17.1   6  4.8-9.9-9.9
5017219790209 28.5 13.8 32.019900-99.9-99.9-99.9-99.9-9.9 9916.1 63 14.1  17 13.6-9.9-9.9
5017219790210 27.5 14.5  0.219900-99.9-99.9-99.9-99.9-9.9 9917.9 73 15.8  11  8.8-9.9-9.9
5017219790211 30.2 14.5  0.009900-99.9-99.9-99.9-99.9-9.9 9919.4 63 17.0   3  2.4-9.9-9.9
5017219790212 30.2 16.2  0.519900-99.9-99.9-99.9-99.9-9.9 9913.7 44 11.6  19 15.2-9.9-9.9
5017219790213 29.5 15.5  1.019900-99.9-99.9-99.9-99.9-9.9 9917.2 63 15.1   4  3.2-9.9-9.9
5017219790214 28.5 15.8  3.019900-99.9-99.9-99.9-99.9-9.9 9916.8 68 14.8  13 10.4-9.9-9.9
5017219790215 27.5 16.3  0.009900-99.9-99.9-99.9-99.9-9.9 9913.9 56 11.9  13 10.4-9.9-9.9
5017219790216 28.8 12.0  0.009900-99.9-99.9-99.9-99.9-9.9 9915.6 62 13.6   6  4.8-9.9-9.9
5017219790217 30.5 14.2  0.219900-99.9-99.9-99.9-99.9-9.9 9917.2 63 15.1  14 11.2-9.9-9.9
5017219790218 30.0 15.0 22.519900-99.9-99.9-99.9-99.9-9.9 9917.8 67 15.7  10  8.0-9.9-9.9
5017219790219 27.0 14.8  1.619900-99.9-99.9-99.9-99.9-9.9 9916.7 74 14.7  14 11.2-9.9-9.9
5017219790220 28.0 12.2  0.009900-99.9-99.9-99.9-99.9-9.9 9914.1 58 12.1   3  2.4-9.9-9.9
5017219790221 30.0 12.9  0.009900-99.9-99.9-99.9-99.9-9.9 9914.0 51 12.0  17 13.6-9.9-9.9
5017219790222 31.6 14.9  0.009900-99.9-99.9-99.9-99.9-9.9 9916.9 55 14.9  22 17.6-9.9-9.9
5017219790223 30.2 15.6  0.009900-99.9-99.9-99.9-99.9-9.9 9914.7 50 12.7  16 12.8-9.9-9.9
5017219790224 32.4 13.8  4.019900-99.9-99.9-99.9-99.9-9.9 9916.0 54 14.0   0  0.0-9.9-9.9
5017219790225 28.0 15.0  0.009900-99.9-99.9-99.9-99.9-9.9 9913.4 53 11.3  16 12.8-9.9-9.9
5017219790226 33.8 13.8  0.009900-99.9-99.9-99.9-99.9-9.9 9915.3 48 13.3  14 11.2-9.9-9.9
5017219790227 30.5 17.6  0.009900-99.9-99.9-99.9-99.9-9.9 9916.4 58 14.4   3  2.4-9.9-9.9
5017219790228 25.5 10.4  0.009900-99.9-99.9-99.9-99.9-9.9 9911.5 56  9.0   3  2.4-9.9-9.9
5017219790301 30.5 10.5  0.009900  3.5-99.9-99.9-99.9-9.9 9913.5 49 11.4   9  7.2-9.9-9.9
5017219790302 32.5 15.8  0.009900 12.5-99.9-99.9-99.9-9.9 9918.3 61 16.1  22 17.6-9.9-9.9
5017219790303 30.7 17.9  3.519900 13.0-99.9-99.9-99.9-9.9 9915.7 53 13.7  22 17.6-9.9-9.9
5017219790304 29.5 14.6  0.009900 11.0-99.9-99.9-99.9-9.9 9915.4 54 13.4  14 11.2-9.9-9.9
5017219790305 25.0 14.9  0.009900 10.0-99.9-99.9-99.9-9.9 9918.3 79 16.1   6  4.8-9.9-9.9
5017219790306 32.0 14.8  0.009900  9.5-99.9-99.9-99.9-9.9 9910.3 47  7.4  23 18.4-9.9-9.9
5017219790307 23.5  4.8  0.009900 -1.4-99.9-99.9-99.9-9.9 99 8.1 50  3.9   8  6.4-9.9-9.9
5017219790308 26.5  4.6  0.009900 -0.5-99.9-99.9-99.9-9.9 9910.7 59  8.0   1  0.8-9.9-9.9
5017219790309 27.0  8.1  0.009900  2.0-99.9-99.9-99.9-9.9 9912.0 57  9.7   6  4.8-9.9-9.9
5017219790310 27.0  9.9  0.009900  5.5-99.9-99.9-99.9-9.9 9913.4 60 11.3  13 10.4-9.9-9.9
5017219790311 25.0 13.3  0.219900  9.0-99.9-99.9-99.9-9.9 9915.5 68 13.5   3  2.4-9.9-9.9
5017219790312 23.5 14.9  0.009900 12.1-99.9-99.9-99.9-9.9 9915.6 77 13.6  11  8.8-9.9-9.9
5017219790313 28.8 12.1  0.009900  6.0-99.9-99.9-99.9-9.9 9915.9 68 13.9   6  4.8-9.9-9.9
5017219790314 31.5 11.8  0.009900  6.6-99.9-99.9-99.9-9.9 9915.5 55 13.5  11  8.8-9.9-9.9
5017219790315 31.6 14.3  0.009900  9.8-99.9-99.9-99.9-9.9 9916.6 58 14.6  11  8.8-9.9-9.9
5017219790316 31.2 15.8  0.009900 12.0-99.9-99.9-99.9-9.9 9918.5 68 16.3   0  0.0-9.9-9.9
5017219790317 32.3 15.8  0.009900 12.5-99.9-99.9-99.9-9.9 9918.3 61 16.1  16 12.8-9.9-9.9
5017219790318 33.0 16.8  0.009900 12.0-99.9-99.9-99.9-9.9 9920.1 61 17.6  16 12.8-9.9-9.9
5017219790319 33.0 17.1  4.019900 12.0-99.9-99.9-99.9-9.9 9921.0 64 18.3   9  7.2-9.9-9.9
5017219790320 26.2 10.2  2.619900 10.5-99.9-99.9-99.9-9.9 9911.9 90  9.5  27 21.6-9.9-9.9
5017219790321 12.5  9.8  2.019900  9.1-99.9-99.9-99.9-9.9 9912.6 96 10.4   6  4.8-9.9-9.9
5017219790322 18.0 10.3  0.009900  9.1-99.9-99.9-99.9-9.9 9913.4 83 11.3   1  0.8-9.9-9.9
5017219790323 22.0  8.3  0.009900  8.7-99.9-99.9-99.9-9.9 9913.3 80 11.2   3  2.4-9.9-9.9
5017219790324 28.0  8.9  0.009900  3.3-99.9-99.9-99.9-9.9 9916.1 72 14.1  12  9.6-9.9-9.9
5017219790325 28.0 12.5  0.009900  9.1-99.9-99.9-99.9-9.9 9916.5 68 14.5  16 12.8-9.9-9.9
5017219790326 21.9 12.2 11.519900 11.7-99.9-99.9-99.9-9.9 9914.1 93 12.1  22 17.6-9.9-9.9
5017219790327 20.5 11.6  0.009900 10.6-99.9-99.9-99.9-9.9 9914.7 83 12.7   1  0.8-9.9-9.9
5017219790328 28.0 10.5  0.009900  4.8-99.9-99.9-99.9-9.9 9916.1 73 14.1   8  6.4-9.9-9.9
5017219790329 25.7 12.4  0.009900  7.2-99.9-99.9-99.9-9.9 9913.2 60 11.1  13 10.4-9.9-9.9
5017219790330 29.5 11.3  0.009900  6.5-99.9-99.9-99.9-9.9 9916.4 68 14.4   0  0.0-9.9-9.9
5017219790331 30.4 14.2  0.009900-99.9-99.9-99.9-99.9-9.9 9915.7 60 13.7   4  3.2-9.9-9.9
5017219790401 25.0 13.3  0.009900-99.9-99.9-99.9-99.9-9.9 9912.5 57 10.3   9  7.2-9.9-9.9
5017219790402 18.3  8.8  0.009900-99.9-99.9-99.9-99.9-9.9 99 9.5 58  6.2  27 21.6-9.9-9.9
5017219790403 14.0  7.4  1.619900-99.9-99.9-99.9-99.9-9.9 99 8.2 77  4.1   7  5.6-9.9-9.9
5017219790404 11.5  5.8  0.219900-99.9-99.9-99.9-99.9-9.9 99 8.7 83  5.0   1  0.8-9.9-9.9
5017219790405 20.2  1.0  0.009900-99.9-99.9-99.9-99.9-9.9 99 9.0 71  5.4   3  2.4-9.9-9.9
5017219790406 23.0  1.3  0.009900-99.9-99.9-99.9-99.9-9.9 99 9.0 63  5.4   8  6.4-9.9-9.9
5017219790407 23.0  4.8  0.009900-99.9-99.9-99.9-99.9-9.9 9910.4 62  7.5   8  6.4-9.9-9.9
5017219790408 23.5  9.8  0.009900-99.9-99.9-99.9-99.9-9.9 9912.4 66 10.1  11  8.8-9.9-9.9
5017219790409 27.8 11.0  0.009900-99.9-99.9-99.9-99.9-9.9 9912.7 59 10.5   7  5.6-9.9-9.9
5017219790410 25.0  8.8  0.009900-99.9-99.9-99.9-99.9-9.9 9911.7 61  9.3  11  8.8-9.9-9.9
5017219790411 21.8  8.7 38.019900-99.9-99.9-99.9-99.9-9.9 9913.4 78 11.3   9  7.2-9.9-9.9
5017219790412 14.5  7.8  8.619900-99.9-99.9-99.9-99.9-9.9 9910.7 95  8.0  23 18.4-9.9-9.9
5017219790413 18.0  9.2  0.119900-99.9-99.9-99.9-99.9-9.9 9913.5 87 11.4   3  2.4-9.9-9.9
5017219790414 22.5  8.4  0.009900-99.9-99.9-99.9-99.9-9.9 9913.3 77 11.2   4  3.2-9.9-9.9
5017219790415 28.5  7.9  0.009900-99.9-99.9-99.9-99.9-9.9 9914.8 71 12.8   6  4.8-9.9-9.9
5017219790416 29.3 11.8  0.009900-99.9-99.9-99.9-99.9-9.9 9916.1 71 14.1  14 11.2-9.9-9.9
5017219790417 23.4 13.3  0.009900-99.9-99.9-99.9-99.9-9.9 9913.4 67 11.3   4  3.2-9.9-9.9
5017219790418 28.0 11.0  0.009900-99.9-99.9-99.9-99.9-9.9 9915.8 74 13.8  11  8.8-9.9-9.9
5017219790419 23.5  9.8  0.009900-99.9-99.9-99.9-99.9-9.9 9912.2 65  9.9   3  2.4-9.9-9.9
5017219790420 26.6  6.8  0.009900-99.9-99.9-99.9-99.9-9.9 9914.2 77 12.2   0  0.0-9.9-9.9
5017219790421 28.5 11.4  0.009900-99.9-99.9-99.9-99.9-9.9 9915.5 70 13.5  19 15.2-9.9-9.9
5017219790422 28.0 10.8  0.009900-99.9-99.9-99.9-99.9-9.9 9916.2 71 14.2  11  8.8-9.9-9.9
5017219790423 25.0 10.0  0.009900-99.9-99.9-99.9-99.9-9.9 9915.5 78 13.5  11  8.8-9.9-9.9
5017219790424 24.4 10.8  0.009900-99.9-99.9-99.9-99.9-9.9 9915.1 76 13.1  11  8.8-9.9-9.9
5017219790425 25.0 11.3  0.009900-99.9-99.9-99.9-99.9-9.9 9914.9 75 12.9   9  7.2-9.9-9.9
5017219790426 25.5  8.9  0.009900-99.9-99.9-99.9-99.9-9.9 9914.6 72 12.6  18 14.4-9.9-9.9
5017219790427 20.8 12.0  0.009900-99.9-99.9-99.9-99.9-9.9 9914.9 78 12.9  11  8.8-9.9-9.9
5017219790428 20.8 11.3  0.009900-99.9-99.9-99.9-99.9-9.9 9912.9 78 10.7   8  6.4-9.9-9.9
5017219790429 21.0  6.6  0.009900-99.9-99.9-99.9-99.9-9.9 9910.9 68  8.2   0  0.0-9.9-9.9
5017219790430 18.3  5.9  0.009900-99.9-99.9-99.9-99.9-9.9 9910.8 79  8.1   3  2.4-9.9-9.9
5017219790501 23.5  4.1  0.009900-99.9-99.9-99.9-99.9-9.9 9913.1 73 11.0  11  8.8-9.9-9.9
5017219790502 24.5  8.8  3.119900-99.9-99.9-99.9-99.9-9.9 9913.3 80 11.2  23 18.4-9.9-9.9
5017219790503 17.0  4.2  0.009900-99.9-99.9-99.9-99.9-9.9 99 8.4 70  4.5  11  8.8-9.9-9.9
5017219790504 23.5  1.0  0.009900-99.9-99.9-99.9-99.9-9.9 9910.1 70  7.1  11  8.8-9.9-9.9
5017219790505 21.5  5.4  0.009900-99.9-99.9-99.9-99.9-9.9 9910.0 70  7.0   6  4.8-9.9-9.9
5017219790506 23.2  3.1  0.009900-99.9-99.9-99.9-99.9-9.9 9910.4 65  7.5   3  2.4-9.9-9.9
5017219790507 19.2  2.4  0.009900-99.9-99.9-99.9-99.9-9.9 9910.5 74  7.7   4  3.2-9.9-9.9
5017219790508 17.3  8.8  0.009900-99.9-99.9-99.9-99.9-9.9 9912.6 84 10.4   2  1.6-9.9-9.9
5017219790509 22.0  7.3  0.009900-99.9-99.9-99.9-99.9-9.9 9913.2 79 11.1  12  9.6-9.9-9.9
5017219790510 18.0  9.8  0.009900-99.9-99.9-99.9-99.9-9.9 9912.9 85 10.7   1  0.8-9.9-9.9
5017219790511 23.2  4.8  0.009900-99.9-99.9-99.9-99.9-9.9 9912.9 82 10.7   3  2.4-9.9-9.9
5017219790512 23.3  9.3  0.009900-99.9-99.9-99.9-99.9-9.9 9914.3 78 12.3   3  2.4-9.9-9.9
5017219790513 23.5  9.5  0.009900-99.9-99.9-99.9-99.9-9.9 9914.2 81 12.2   0  0.0-9.9-9.9
5017219790514 23.7  5.0  0.009900-99.9-99.9-99.9-99.9-9.9 9911.2 68  8.6  16 12.8-9.9-9.9
5017219790515 20.7 11.0  0.009900-99.9-99.9-99.9-99.9-9.9 9913.3 78 11.2  14 11.2-9.9-9.9
5017219790516 20.2  6.2  0.009900-99.9-99.9-99.9-99.9-9.9 9911.7 76  9.3   1  0.8-9.9-9.9
5017219790517 23.8  9.0  0.009900-99.9-99.9-99.9-99.9-9.9 99 8.9 52  5.3   3  2.4-9.9-9.9
5017219790518 21.0  2.5  0.009900-99.9-99.9-99.9-99.9-9.9 99 6.8 54  1.5   8  6.4-9.9-9.9
5017219790519 24.5  3.9  0.009900-99.9-99.9-99.9-99.9-9.9 99 9.0 58  5.4   8  6.4-9.9-9.9
5017219790520 26.6  7.0  0.009900-99.9-99.9-99.9-99.9-9.9 9910.1 50  7.1  16 12.8-9.9-9.9
5017219790521 20.0  9.6  0.009900-99.9-99.9-99.9-99.9-9.9 9910.2 67  7.3  18 14.4-9.9-9.9
5017219790522 16.5  5.3  0.009900-99.9-99.9-99.9-99.9-9.9 99 7.8 64  3.4   3  2.4-9.9-9.9
5017219790523 23.5  4.8  0.009900-99.9-99.9-99.9-99.9-9.9 99 8.2 54  4.1  16 12.8-9.9-9.9
5017219790524 26.4  6.6  0.009900-99.9-99.9-99.9-99.9-9.9 99 9.9 57  6.8   8  6.4-9.9-9.9
5017219790525 20.7  7.2  0.009900-99.9-99.9-99.9-99.9-9.9 99 8.0 53  3.8   5  4.0-9.9-9.9
5017219790526 17.5 -0.3  0.009900-99.9-99.9-99.9-99.9-9.9 99 8.5 70  4.6   8  6.4-9.9-9.9
5017219790527 23.5  5.8  0.009900-99.9-99.9-99.9-99.9-9.9 99 8.1 47  3.9  19 15.2-9.9-9.9
5017219790528 19.2  3.9  0.719900-99.9-99.9-99.9-99.9-9.9 99 6.0 43 -0.2  35 28.0-9.9-9.9
5017219790529 11.5  2.9  2.519900-99.9-99.9-99.9-99.9-9.9 99 7.3 83  2.5  14 11.2-9.9-9.9
5017219790530 17.5 -2.2  0.009900-99.9-99.9-99.9-99.9-9.9 99 6.4 67  0.6   3  2.4-9.9-9.9
5017219790531 23.0  1.8  0.009900-99.9-99.9-99.9-99.9-9.9 99 6.7 51  1.3  22 17.6-9.9-9.9
5017219790601 22.0  1.2  0.009900 -6.0-99.9-99.9-99.9-9.9 99 6.7 53  1.3   5  4.0-9.9-9.9
5017219790602 22.0 -0.6  0.009900 -6.0-99.9-99.9-99.9-9.9 99 6.5 59  0.9   6  4.8-9.9-9.9
5017219790603 18.5  1.2  0.009900 -4.3-99.9-99.9-99.9-9.9 99 6.9 61  1.7   0  0.0-9.9-9.9
5017219790604 13.0 -3.8  0.009900 -8.5-99.9-99.9-99.9-9.9 99 5.1 64 -2.5   1  0.8-9.9-9.9
5017219790605 15.2 -3.2  0.009900 -9.5-99.9-99.9-99.9-9.9 99 4.8 60 -3.3   3  2.4-9.9-9.9
5017219790606 17.3 -2.6  0.009900 -9.1-99.9-99.9-99.9-9.9 99 5.7 62 -1.0   3  2.4-9.9-9.9
5017219790607 19.6 -2.6  0.009900 -8.8-99.9-99.9-99.9-9.9 99 5.9 58 -0.5   5  4.0-9.9-9.9
5017219790608 18.0 -0.8  0.009900 -6.8-99.9-99.9-99.9-9.9 99 6.2 61  0.2   1  0.8-9.9-9.9
5017219790609 19.0 -1.2  0.009900 -8.0-99.9-99.9-99.9-9.9 99 6.8 66  1.5   8  6.4-9.9-9.9
5017219790610 20.0 -0.9  0.009900 -6.0-99.9-99.9-99.9-9.9 99 6.6 62  1.1   1  0.8-9.9-9.9
5017219790611 20.0 -1.4  0.009900 -8.0-99.9-99.9-99.9-9.9 99 5.6 58 -1.2   1  0.8-9.9-9.9
5017219790612 10.2  0.4  0.009900 -7.5-99.9-99.9-99.9-9.9 99 4.7 56 -3.6   8  6.4-9.9-9.9
5017219790613  8.5 -3.7  0.009900-10.5-99.9-99.9-99.9-9.9 99 4.5 71 -4.1   3  2.4-9.9-9.9
5017219790614 10.0 -5.0  0.009900-12.0-99.9-99.9-99.9-9.9 99 4.1 60 -5.4   3  2.4-9.9-9.9
5017219790615 12.4 -2.0  0.009900 -7.6-99.9-99.9-99.9-9.9 99 4.7 55 -3.6  22 17.6-9.9-9.9
5017219790616 22.0  1.4  0.009900 -2.5-99.9-99.9-99.9-9.9 99 5.7 47 -1.0  16 12.8-9.9-9.9
5017219790617 25.5 -0.2  0.009900 -3.5-99.9-99.9-99.9-9.9 99 5.7 44 -1.0   9  7.2-9.9-9.9
5017219790618 22.5  1.6  0.009900 -5.0-99.9-99.9-99.9-9.9 99 5.6 40 -1.2   6  4.8-9.9-9.9
5017219790619 15.7  5.0  0.009900 -0.8-99.9-99.9-99.9-9.9 99 7.1 64  2.1  11  8.8-9.9-9.9
5017219790620 14.0  4.8  0.009900 -2.0-99.9-99.9-99.9-9.9 99 6.3 60  0.4   5  4.0-9.9-9.9
5017219790621 19.5 -1.8  0.009900 -7.5-99.9-99.9-99.9-9.9 99 5.9 55 -0.5   9  7.2-9.9-9.9
5017219790622 20.5 -2.2  0.009900 -6.8-99.9-99.9-99.9-9.9 99 6.1 57  0.0   8  6.4-9.9-9.9
5017219790623 17.0  2.6  0.009900 -6.3-99.9-99.9-99.9-9.9 99 5.0 45 -2.7   3  2.4-9.9-9.9
5017219790624 19.0 -3.7  0.009900-10.0-99.9-99.9-99.9-9.9 99 5.0 49 -2.7   3  2.4-9.9-9.9
5017219790625 23.2 -1.7  0.009900 -8.2-99.9-99.9-99.9-9.9 99 5.5 43 -1.4  12  9.6-9.9-9.9
5017219790626 19.6 -1.6  0.009900 -7.6-99.9-99.9-99.9-9.9 99 5.5 56 -1.4   0  0.0-9.9-9.9
5017219790627 16.5  0.0  0.009900 -7.0-99.9-99.9-99.9-9.9 99 6.0 57 -0.2   1  0.8-9.9-9.9
5017219790628 18.8  1.0  0.009900 -5.5-99.9-99.9-99.9-9.9 99 6.8 63  1.5   1  0.8-9.9-9.9
5017219790629 13.5  0.8 45.019900 -4.7-99.9-99.9-99.9-9.9 99 7.5 64  2.9  13 10.4-9.9-9.9
5017219790630 10.8  6.5 39.119900  7.5-99.9-99.9-99.9-9.9 99 9.3 92  5.9  41 32.8-9.9-9.9
5017219790701  9.7  6.6  0.119900  5.5-99.9-99.9-99.9-9.9 99 9.5 91  6.2  16 12.8-9.9-9.9
5017219790702 15.5  4.8  0.009900 -0.7-99.9-99.9-99.9-9.9 99 9.7 84  6.5   3  2.4-9.9-9.9
5017219790703 12.0  3.0  0.009900 -0.5-99.9-99.9-99.9-9.9 99 9.1 82  5.6   3  2.4-9.9-9.9
5017219790704 12.5  2.2  0.219900 -0.4-99.9-99.9-99.9-9.9 99 7.6 78  3.0   4  3.2-9.9-9.9
5017219790705 13.2  1.8  0.009900 -2.0-99.9-99.9-99.9-9.9 99 8.7 86  5.0  11  8.8-9.9-9.9
5017219790706  8.2  4.8  0.519900 -1.0-99.9-99.9-99.9-9.9 99 8.2 87  4.1   0  0.0-9.9-9.9
5017219790707 14.5 -1.4  0.009900 -5.5-99.9-99.9-99.9-9.9 99 7.1 73  2.1   2  1.6-9.9-9.9
5017219790708 10.7 -1.2  0.009900 -6.2-99.9-99.9-99.9-9.9 99 6.0 71 -0.2   2  1.6-9.9-9.9
5017219790709 13.5 -0.7  0.009900 -6.0-99.9-99.9-99.9-9.9 99 7.3 76  2.5   9  7.2-9.9-9.9
5017219790710 15.8  5.0  0.009900 -0.8-99.9-99.9-99.9-9.9 99 8.6 71  4.8  24 19.2-9.9-9.9
5017219790711 17.5  4.6  0.009900  2.0-99.9-99.9-99.9-9.9 99 9.3 75  5.9  17 13.6-9.9-9.9
5017219790712 20.7  7.3  0.009900-99.9-99.9-99.9-99.9-9.9 9910.3 73  7.4   1  0.8-9.9-9.9
5017219790713 17.0  3.2  0.009900 -3.3-99.9-99.9-99.9-9.9 99 7.6 68  3.0   1  0.8-9.9-9.9
5017219790714 18.5  1.2  0.009900 -3.7-99.9-99.9-99.9-9.9 99 7.3 64  2.5   4  3.2-9.9-9.9
5017219790715 13.6 -1.6  0.009900 -8.5-99.9-99.9-99.9-9.9 99 4.7 52 -3.6   1  0.8-9.9-9.9
5017219790716 15.5  0.6  0.009900 -5.5-99.9-99.9-99.9-9.9 99 6.2 56  0.2  19 15.2-9.9-9.9
5017219790717 19.7  5.8  0.009900 -1.8-99.9-99.9-99.9-9.9 99 7.1 51  2.1  11  8.8-9.9-9.9
5017219790718 11.5  3.0  0.009900 -2.4-99.9-99.9-99.9-9.9 99 4.1 46 -5.4  25 20.0-9.9-9.9
5017219790719 16.3 -3.4  0.009900-10.0-99.9-99.9-99.9-9.9 99 4.4 51 -4.4   9  7.2-9.9-9.9
5017219790720 25.0  1.2  0.009900 -2.0-99.9-99.9-99.9-9.9 99 5.9 44 -0.5  16 12.8-9.9-9.9
5017219790721 17.0  1.2  0.009900 -5.9-99.9-99.9-99.9-9.9 99 5.3 51 -1.9   8  6.4-9.9-9.9
5017219790722 17.5 -1.2  0.009900 -7.9-99.9-99.9-99.9-9.9 99 5.4 53 -1.7   1  0.8-9.9-9.9
5017219790723 18.2  1.3  0.009900 -2.4-99.9-99.9-99.9-9.9 99 6.4 52  0.6  10  8.0-9.9-9.9
5017219790724 18.0  5.2  0.009900 -1.0-99.9-99.9-99.9-9.9 99 8.3 69  4.3   1  0.8-9.9-9.9
5017219790725 20.5  1.1  0.009900 -5.1-99.9-99.9-99.9-9.9 99 6.9 60  1.7   8  6.4-9.9-9.9
5017219790726 15.5  5.0  0.009900 -1.5-99.9-99.9-99.9-9.9 99 8.6 69  4.8   3  2.4-9.9-9.9
5017219790727 24.0  7.9  0.009900  4.4-99.9-99.9-99.9-9.9 99 9.4 53  6.1   1  0.8-9.9-9.9
5017219790728 28.8  8.0  0.009900  0.5-99.9-99.9-99.9-9.9 9910.9 59  8.2  13 10.4-9.9-9.9
5017219790729 16.1 10.0  0.009900  7.5-99.9-99.9-99.9-9.9 9912.0 81  9.7   4  3.2-9.9-9.9
5017219790730 15.0 11.0  0.009900  5.5-99.9-99.9-99.9-9.9 99 9.9 67  6.8  11  8.8-9.9-9.9
5017219790731 17.4  9.2  0.009900  6.2-99.9-99.9-99.9-9.9 99 8.4 59  4.5  11  8.8-9.9-9.9
5017219790801 20.2  3.7  0.009900 -3.0-99.9-99.9-99.9-9.9 99 7.9 60  3.6   8  6.4-9.9-9.9
5017219790802 17.2  1.4  0.009900 -4.0-99.9-99.9-99.9-9.9 99 6.7 61  1.3   3  2.4-9.9-9.9
5017219790803 19.4  0.0  0.009900 -5.0-99.9-99.9-99.9-9.9 9910.1 73  7.1   3  2.4-9.9-9.9
5017219790804 18.0  3.6  0.009900 -2.5-99.9-99.9-99.9-9.9 99 7.6 63  3.0   0  0.0-9.9-9.9
5017219790805 23.0  3.2  0.009900 -2.9-99.9-99.9-99.9-9.9 99 9.8 62  6.7   6  4.8-9.9-9.9
5017219790806 21.0  7.1  0.009900  3.5-99.9-99.9-99.9-9.9 99 9.8 67  6.7   8  6.4-9.9-9.9
5017219790807 17.5  2.9  0.009900 -1.3-99.9-99.9-99.9-9.9 99 9.9 80  6.8   8  6.4-9.9-9.9
5017219790808 28.0  7.1  0.009900  2.2-99.9-99.9-99.9-9.9 9911.3 60  8.8   3  2.4-9.9-9.9
5017219790809 23.6  8.2  0.009900  4.5-99.9-99.9-99.9-9.9 9910.2 62  7.3   4  3.2-9.9-9.9
5017219790810 15.3  5.6  0.009900  5.2-99.9-99.9-99.9-9.9 99 7.9 75  3.6  19 15.2-9.9-9.9
5017219790811 12.0  1.3  0.009900 -4.5-99.9-99.9-99.9-9.9 99 7.1 77  2.1   3  2.4-9.9-9.9
5017219790812 18.0  2.3  0.009900 -2.6-99.9-99.9-99.9-9.9 99 8.8 70  5.1  11  8.8-9.9-9.9
5017219790813 13.5  2.3  0.009900 -2.0-99.9-99.9-99.9-9.9 99 7.3 71  2.5  16 12.8-9.9-9.9
5017219790814 19.2  0.5  0.009900 -4.8-99.9-99.9-99.9-9.9 99 7.8 63  3.4   5  4.0-9.9-9.9
5017219790815 21.0  4.8  0.009900  0.0-99.9-99.9-99.9-9.9 99 9.1 63  5.6   3  2.4-9.9-9.9
5017219790816 24.0  3.2  0.009900-99.9-99.9-99.9-99.9-9.9 99 9.0 61  5.4   3  2.4-9.9-9.9
5017219790817 26.0  6.0  0.009900  1.4-99.9-99.9-99.9-9.9 99 9.6 54  6.4   5  4.0-9.9-9.9
5017219790818 28.0  6.2  0.009900  1.0-99.9-99.9-99.9-9.9 99 9.8 54  6.7   8  6.4-9.9-9.9
5017219790819 28.0  7.2  0.009900  2.5-99.9-99.9-99.9-9.9 9910.6 53  7.8  15 12.0-9.9-9.9
5017219790820 28.8  6.2  0.009900  1.0-99.9-99.9-99.9-9.9 9911.1 56  8.5   8  6.4-9.9-9.9
5017219790821 28.2 11.3  0.009900  5.0-99.9-99.9-99.9-9.9 99 9.2 34  5.8  24 19.2-9.9-9.9
5017219790822 21.7  8.4  0.009900  4.5-99.9-99.9-99.9-9.9 99 7.5 50  2.9   3  2.4-9.9-9.9
5017219790823 27.5  4.3  0.009900  0.6-99.9-99.9-99.9-9.9 9910.2 55  7.3   8  6.4-9.9-9.9
5017219790824 26.7 13.8  0.009900  7.0-99.9-99.9-99.9-9.9 99 9.5 43  6.2   4  3.2-9.9-9.9
5017219790825 23.0  9.2  0.009900-99.9-99.9-99.9-99.9-9.9 99 7.6 44  3.0  16 12.8-9.9-9.9
5017219790826 20.8  2.8  0.009900 -2.8-99.9-99.9-99.9-9.9 99 7.5 52  2.9   6  4.8-9.9-9.9
5017219790827 20.0  6.5  0.009900  2.5-99.9-99.9-99.9-9.9 99 7.0 52  1.9   6  4.8-9.9-9.9
5017219790828 15.5  1.8  0.009900 -5.8-99.9-99.9-99.9-9.9 99 5.8 53 -0.7   3  2.4-9.9-9.9
5017219790829 15.5 -1.0  0.009900 -5.0-99.9-99.9-99.9-9.9 99 5.5 50 -1.4  11  8.8-9.9-9.9
5017219790830 25.6  8.8  5.019900  5.0-99.9-99.9-99.9-9.9 99 9.2 55  5.8  23 18.4-9.9-9.9
5017219790831 17.5  4.4  0.009900  1.5-99.9-99.9-99.9-9.9 99 7.0 61  1.9   0  0.0-9.9-9.9
5017219790901 18.0  3.5  0.009900-99.9-99.9-99.9-99.9-9.9 99 5.5 45 -1.4  11  8.8-9.9-9.9
5017219790902 20.0  1.8  0.009900-99.9-99.9-99.9-99.9-9.9 99 6.4 49  0.6   3  2.4-9.9-9.9
5017219790903 13.4  0.2  0.009900-99.9-99.9-99.9-99.9-9.9 99 4.8 52 -3.3   4  3.2-9.9-9.9
5017219790904 19.5 -1.8  0.009900-99.9-99.9-99.9-99.9-9.9 99 4.7 42 -3.6   8  6.4-9.9-9.9
5017219790905 22.0  5.2  0.009900-99.9-99.9-99.9-99.9-9.9 99 6.7 42  1.3  28 22.4-9.9-9.9
5017219790906 21.2  6.1  0.009900-99.9-99.9-99.9-99.9-9.9 99 7.0 47  1.9  11  8.8-9.9-9.9
5017219790907 13.7  6.8  4.519900-99.9-99.9-99.9-99.9-9.9 99 8.5 67  4.6   4  3.2-9.9-9.9
5017219790908 14.0  9.6  2.319900-99.9-99.9-99.9-99.9-9.9 9912.1 91  9.8   9  7.2-9.9-9.9
5017219790909 19.8 10.2  0.009900-99.9-99.9-99.9-99.9-9.9 9912.0 76  9.7  12  9.6-9.9-9.9
5017219790910 25.0  5.6  6.519900-99.9-99.9-99.9-99.9-9.9 9910.0 59  7.0  16 12.8-9.9-9.9
5017219790911 19.5  6.8  7.019900-99.9-99.9-99.9-99.9-9.9 99 8.8 82  5.1  27 21.6-9.9-9.9
5017219790912 16.5  2.3  0.009900-99.9-99.9-99.9-99.9-9.9 99 8.5 71  4.6  11  8.8-9.9-9.9
5017219790913 19.5  2.8  0.009900-99.9-99.9-99.9-99.9-9.9 99 7.8 56  3.4   3  2.4-9.9-9.9
5017219790914 21.0  4.3  0.009900-99.9-99.9-99.9-99.9-9.9 99 6.7 50  1.3  12  9.6-9.9-9.9
5017219790915 16.0  0.3  0.009900-99.9-99.9-99.9-99.9-9.9 99 4.9 49 -3.0   6  4.8-9.9-9.9
5017219790916 14.0  1.0  0.009900-99.9-99.9-99.9-99.9-9.9 99 4.5 40 -4.1  11  8.8-9.9-9.9
5017219790917 15.2 -0.8  0.009900-99.9-99.9-99.9-99.9-9.9 99 4.8 45 -3.3   0  0.0-9.9-9.9
5017219790918 20.2 -1.0  0.009900-99.9-99.9-99.9-99.9-9.9 99 5.2 41 -2.2  17 13.6-9.9-9.9
5017219790919 23.6  7.4  0.009900-99.9-99.9-99.9-99.9-9.9 99 7.3 43  2.5  16 12.8-9.9-9.9
5017219790920 25.7  5.0  0.009900-99.9-99.9-99.9-99.9-9.9 99 8.3 45  4.3   4  3.2-9.9-9.9
5017219790921 23.5  6.6  0.009900-99.9-99.9-99.9-99.9-9.9 99 7.7 46  3.2  19 15.2-9.9-9.9
5017219790922 30.0  6.4  0.009900-99.9-99.9-99.9-99.9-9.9 99 8.8 42  5.1  16 12.8-9.9-9.9
5017219790923 29.5 12.8  0.009900-99.9-99.9-99.9-99.9-9.9 99 9.7 37  6.5  24 19.2-9.9-9.9
5017219790924 21.2  8.3  0.009900-99.9-99.9-99.9-99.9-9.9 99 8.6 51  4.8   4  3.2-9.9-9.9
5017219790925 25.2  6.8  0.009900-99.9-99.9-99.9-99.9-9.9 99 9.9 53  6.8   4  3.2-9.9-9.9
5017219790926 18.6  9.2  0.009900-99.9-99.9-99.9-99.9-9.9 99 7.9 49  3.6  27 21.6-9.9-9.9
5017219790927 17.7  7.6  0.009900-99.9-99.9-99.9-99.9-9.9 99 9.2 61  5.8  12  9.6-9.9-9.9
5017219790928 12.5  6.4  0.319900-99.9-99.9-99.9-99.9-9.9 99 7.9 69  3.6  15 12.0-9.9-9.9
5017219790929 15.7  1.2  0.319900-99.9-99.9-99.9-99.9-9.9 99 6.7 59  1.3   0  0.0-9.9-9.9
5017219790930 11.6  6.5 19.419900-99.9-99.9-99.9-99.9-9.9 99 8.8 82  5.1  25 20.0-9.9-9.9
5017219791001  9.3  3.8  6.319900-99.9-99.9-99.9-99.9-9.9 99 7.1 81  2.1  35 28.0-9.9-9.9
5017219791002 11.0  4.0  0.009900-99.9-99.9-99.9-99.9-9.9 99 8.3 80  4.3  19 15.2-9.9-9.9
5017219791003 14.5  5.4  0.009900-99.9-99.9-99.9-99.9-9.9 99 8.9 75  5.3   7  5.6-9.9-9.9
5017219791004 15.7  6.8  0.009900-99.9-99.9-99.9-99.9-9.9 99 8.0 62  3.8   9  7.2-9.9-9.9
5017219791005 19.5  4.3  0.009900-99.9-99.9-99.9-99.9-9.9 99 7.5 54  2.9   1  0.8-9.9-9.9
5017219791006 22.0  3.9  0.009900-99.9-99.9-99.9-99.9-9.9 99 7.7 48  3.2   4  3.2-9.9-9.9
5017219791007 29.5  3.9  0.009900-99.9-99.9-99.9-99.9-9.9 99 8.4 39  4.5  12  9.6-9.9-9.9
5017219791008 24.5  8.0  0.009900-99.9-99.9-99.9-99.9-9.9 99 9.2 44  5.8   3  2.4-9.9-9.9
5017219791009 25.0  7.6  0.009900-99.9-99.9-99.9-99.9-9.9 9911.2 61  8.6  12  9.6-9.9-9.9
5017219791010 25.5  6.8  0.009900-99.9-99.9-99.9-99.9-9.9 9912.1 59  9.8  13 10.4-9.9-9.9
5017219791011 28.0 10.8  0.009900-99.9-99.9-99.9-99.9-9.9 9915.5 65 13.5   6  4.8-9.9-9.9
5017219791012 30.5 11.2  2.919910-99.9-99.9-99.9-99.9-9.9 9915.0 67 13.0   5  4.0-9.9-9.9
5017219791013 27.0 12.0  0.009900-99.9-99.9-99.9-99.9-9.9 99 9.5 40  6.2  21 16.8-9.9-9.9
5017219791014 25.8 10.8  0.009900-99.9-99.9-99.9-99.9-9.9 9912.7 57 10.5   7  5.6-9.9-9.9
5017219791015 29.2 10.2  0.009900-99.9-99.9-99.9-99.9-9.9 9913.6 53 11.5   4  3.2-9.9-9.9
5017219791016 34.5 12.0  0.009900-99.9-99.9-99.9-99.9-9.9 9913.6 48 11.5   8  6.4-9.9-9.9
5017219791017 26.4 14.0  0.009900-99.9-99.9-99.9-99.9-9.9 9910.7 42  8.0  19 15.2-9.9-9.9
5017219791018 19.0  8.3  0.009900-99.9-99.9-99.9-99.9-9.9 99 9.4 61  6.1  16 12.8-9.9-9.9
5017219791019 26.4  3.8  0.009900-99.9-99.9-99.9-99.9-9.9 9911.6 57  9.2   8  6.4-9.9-9.9
5017219791020 28.7 12.0  0.009900-99.9-99.9-99.9-99.9-9.9 9915.1 56 13.1  17 13.6-9.9-9.9
5017219791021 24.4  6.8  0.009900-99.9-99.9-99.9-99.9-9.9 9911.3 55  8.8   4  3.2-9.9-9.9
5017219791022 23.8  9.5  0.009900-99.9-99.9-99.9-99.9-9.9 99 9.0 48  5.4  19 15.2-9.9-9.9
5017219791023 28.2  3.3  0.009900-99.9-99.9-99.9-99.9-9.9 9911.5 49  9.0  11  8.8-9.9-9.9
5017219791024 27.0 12.5  0.009900-99.9-99.9-99.9-99.9-9.9 9912.6 53 10.4  13 10.4-9.9-9.9
5017219791025 29.5 10.5  0.009900-99.9-99.9-99.9-99.9-9.9 9913.4 55 11.3   4  3.2-9.9-9.9
5017219791026 34.5  9.5  1.519900-99.9-99.9-99.9-99.9-9.9 9916.8 52 14.8   8  6.4-9.9-9.9
5017219791027 21.4 14.0  0.009910-99.9-99.9-99.9-99.9-9.9 9910.7 55  8.0  24 19.2-9.9-9.9
5017219791028 24.2  5.2  0.009900-99.9-99.9-99.9-99.9-9.9 9910.6 51  7.8  19 15.2-9.9-9.9
5017219791029 20.5  8.3  0.009900-99.9-99.9-99.9-99.9-9.9 99 9.5 55  6.2  11  8.8-9.9-9.9
5017219791030 28.7  6.4  0.009900-99.9-99.9-99.9-99.9-9.9 9911.1 46  8.5  14 11.2-9.9-9.9
5017219791031 29.6 10.9  0.009900-99.9-99.9-99.9-99.9-9.9 9913.9 54 11.9  15 12.0-9.9-9.9
5017219791101-99.9-99.9-99.999999-99.9-99.9-99.9-99.9-9.9 99-9.9-99-99.9 -99-99.9-9.9-9.9
5017219791102-99.9-99.9-99.999999-99.9-99.9-99.9-99.9-9.9 99-9.9-99-99.9 -99-99.9-9.9-9.9
5017219791103-99.9-99.9-99.999999-99.9-99.9-99.9-99.9-9.9 99-9.9-99-99.9 -99-99.9-9.9-9.9
5017219791104-99.9-99.9-99.999999-99.9-99.9-99.9-99.9-9.9 99-9.9-99-99.9 -99-99.9-9.9-9.9
5017219791105-99.9-99.9-99.999999-99.9-99.9-99.9-99.9-9.9 99-9.9-99-99.9 -99-99.9-9.9-9.9
5017219791106-99.9-99.9-99.999999-99.9-99.9-99.9-99.9-9.9 99-9.9-99-99.9 -99-99.9-9.9-9.9
5017219791107-99.9-99.9-99.999999-99.9-99.9-99.9-99.9-9.9 99-9.9-99-99.9 -99-99.9-9.9-9.9
5017219791108-99.9-99.9-99.999999-99.9-99.9-99.9-99.9-9.9 99-9.9-99-99.9 -99-99.9-9.9-9.9
5017219791109-99.9-99.9-99.999999-99.9-99.9-99.9-99.9-9.9 99-9.9-99-99.9 -99-99.9-9.9-9.9
5017219791110-99.9-99.9-99.999999-99.9-99.9-99.9-99.9-9.9 99-9.9-99-99.9 -99-99.9-9.9-9.9
5017219791111-99.9-99.9-99.999999-99.9-99.9-99.9-99.9-9.9 99-9.9-99-99.9 -99-99.9-9.9-9.9
5017219791112-99.9-99.9-99.999999-99.9-99.9-99.9-99.9-9.9 99-9.9-99-99.9 -99-99.9-9.9-9.9
5017219791113-99.9-99.9-99.999999-99.9-99.9-99.9-99.9-9.9 99-9.9-99-99.9 -99-99.9-9.9-9.9
5017219791114-99.9-99.9-99.999999-99.9-99.9-99.9-99.9-9.9 99-9.9-99-99.9 -99-99.9-9.9-9.9
5017219791115-99.9-99.9-99.999999-99.9-99.9-99.9-99.9-9.9 99-9.9-99-99.9 -99-99.9-9.9-9.9
5017219791116-99.9-99.9-99.999999-99.9-99.9-99.9-99.9-9.9 99-9.9-99-99.9 -99-99.9-9.9-9.9
5017219791117-99.9-99.9-99.999999-99.9-99.9-99.9-99.9-9.9 99-9.9-99-99.9 -99-99.9-9.9-9.9
5017219791118-99.9-99.9-99.999999-99.9-99.9-99.9-99.9-9.9 99-9.9-99-99.9 -99-99.9-9.9-9.9
5017219791119-99.9-99.9-99.999999-99.9-99.9-99.9-99.9-9.9 99-9.9-99-99.9 -99-99.9-9.9-9.9
5017219791120-99.9-99.9-99.999999-99.9-99.9-99.9-99.9-9.9 99-9.9-99-99.9 -99-99.9-9.9-9.9
5017219791121-99.9-99.9-99.999999-99.9-99.9-99.9-99.9-9.9 99-9.9-99-99.9 -99-99.9-9.9-9.9
5017219791122-99.9-99.9-99.999999-99.9-99.9-99.9-99.9-9.9 99-9.9-99-99.9 -99-99.9-9.9-9.9
5017219791123-99.9-99.9-99.999999-99.9-99.9-99.9-99.9-9.9 99-9.9-99-99.9 -99-99.9-9.9-9.9
5017219791124-99.9-99.9-99.999999-99.9-99.9-99.9-99.9-9.9 99-9.9-99-99.9 -99-99.9-9.9-9.9
5017219791125-99.9-99.9-99.999999-99.9-99.9-99.9-99.9-9.9 99-9.9-99-99.9 -99-99.9-9.9-9.9
5017219791126-99.9-99.9-99.999999-99.9-99.9-99.9-99.9-9.9 99-9.9-99-99.9 -99-99.9-9.9-9.9
5017219791127-99.9-99.9-99.999999-99.9-99.9-99.9-99.9-9.9 99-9.9-99-99.9 -99-99.9-9.9-9.9
5017219791128-99.9-99.9-99.999999-99.9-99.9-99.9-99.9-9.9 99-9.9-99-99.9 -99-99.9-9.9-9.9
5017219791129-99.9-99.9-99.999999-99.9-99.9-99.9-99.9-9.9 99-9.9-99-99.9 -99-99.9-9.9-9.9
5017219791130-99.9-99.9-99.999999-99.9-99.9-99.9-99.9-9.9 99-9.9-99-99.9 -99-99.9-9.9-9.9
5017219791201-99.9-99.9-99.999999-99.9-99.9-99.9-99.9-9.9 99-9.9-99-99.9 -99-99.9-9.9-9.9
5017219791202-99.9-99.9-99.999999-99.9-99.9-99.9-99.9-9.9 99-9.9-99-99.9 -99-99.9-9.9-9.9
5017219791203-99.9-99.9-99.999999-99.9-99.9-99.9-99.9-9.9 99-9.9-99-99.9 -99-99.9-9.9-9.9
5017219791204-99.9-99.9-99.999999-99.9-99.9-99.9-99.9-9.9 99-9.9-99-99.9 -99-99.9-9.9-9.9
5017219791205-99.9-99.9-99.999999-99.9-99.9-99.9-99.9-9.9 99-9.9-99-99.9 -99-99.9-9.9-9.9
5017219791206-99.9-99.9-99.999999-99.9-99.9-99.9-99.9-9.9 99-9.9-99-99.9 -99-99.9-9.9-9.9
5017219791207-99.9-99.9-99.999999-99.9-99.9-99.9-99.9-9.9 99-9.9-99-99.9 -99-99.9-9.9-9.9
5017219791208-99.9-99.9-99.999999-99.9-99.9-99.9-99.9-9.9 99-9.9-99-99.9 -99-99.9-9.9-9.9
5017219791209-99.9-99.9-99.999999-99.9-99.9-99.9-99.9-9.9 99-9.9-99-99.9 -99-99.9-9.9-9.9
5017219791210-99.9-99.9-99.999999-99.9-99.9-99.9-99.9-9.9 99-9.9-99-99.9 -99-99.9-9.9-9.9
5017219791211-99.9-99.9-99.999999-99.9-99.9-99.9-99.9-9.9 99-9.9-99-99.9 -99-99.9-9.9-9.9
5017219791212-99.9-99.9-99.999999-99.9-99.9-99.9-99.9-9.9 99-9.9-99-99.9 -99-99.9-9.9-9.9
5017219791213-99.9-99.9-99.999999-99.9-99.9-99.9-99.9-9.9 99-9.9-99-99.9 -99-99.9-9.9-9.9
5017219791214-99.9-99.9-99.999999-99.9-99.9-99.9-99.9-9.9 99-9.9-99-99.9 -99-99.9-9.9-9.9
5017219791215-99.9-99.9-99.999999-99.9-99.9-99.9-99.9-9.9 99-9.9-99-99.9 -99-99.9-9.9-9.9
5017219791216-99.9-99.9-99.999999-99.9-99.9-99.9-99.9-9.9 99-9.9-99-99.9 -99-99.9-9.9-9.9
5017219791217-99.9-99.9-99.999999-99.9-99.9-99.9-99.9-9.9 99-9.9-99-99.9 -99-99.9-9.9-9.9
5017219791218-99.9-99.9-99.999999-99.9-99.9-99.9-99.9-9.9 99-9.9-99-99.9 -99-99.9-9.9-9.9
5017219791219-99.9-99.9-99.999999-99.9-99.9-99.9-99.9-9.9 99-9.9-99-99.9 -99-99.9-9.9-9.9
5017219791220-99.9-99.9-99.999999-99.9-99.9-99.9-99.9-9.9 99-9.9-99-99.9 -99-99.9-9.9-9.9
5017219791221-99.9-99.9-99.999999-99.9-99.9-99.9-99.9-9.9 99-9.9-99-99.9 -99-99.9-9.9-9.9
5017219791222-99.9-99.9-99.999999-99.9-99.9-99.9-99.9-9.9 99-9.9-99-99.9 -99-99.9-9.9-9.9
5017219791223-99.9-99.9-99.999999-99.9-99.9-99.9-99.9-9.9 99-9.9-99-99.9 -99-99.9-9.9-9.9
5017219791224-99.9-99.9-99.999999-99.9-99.9-99.9-99.9-9.9 99-9.9-99-99.9 -99-99.9-9.9-9.9
5017219791225-99.9-99.9-99.999999-99.9-99.9-99.9-99.9-9.9 99-9.9-99-99.9 -99-99.9-9.9-9.9
5017219791226-99.9-99.9-99.999999-99.9-99.9-99.9-99.9-9.9 99-9.9-99-99.9 -99-99.9-9.9-9.9
5017219791227-99.9-99.9-99.999999-99.9-99.9-99.9-99.9-9.9 99-9.9-99-99.9 -99-99.9-9.9-9.9
5017219791228-99.9-99.9-99.999999-99.9-99.9-99.9-99.9-9.9 99-9.9-99-99.9 -99-99.9-9.9-9.9
5017219791229-99.9-99.9-99.999999-99.9-99.9-99.9-99.9-9.9 99-9.9-99-99.9 -99-99.9-9.9-9.9
5017219791230-99.9-99.9-99.999999-99.9-99.9-99.9-99.9-9.9 99-9.9-99-99.9 -99-99.9-9.9-9.9
5017219791231-99.9-99.9-99.999999-99.9-99.9-99.9-99.9-9.9 99-9.9-99-99.9 -99-99.9-9.9-9.9
5017219800101 34.0 11.8  0.009900  6.6-99.9-99.9-99.9-9.9 9912.7 37 10.5  19 15.2-9.9-9.9
5017219800102 33.5 16.6  2.019900 11.0-99.9-99.9-99.9-9.9 9911.1 30  8.5  12  9.6-9.9-9.9
5017219800103 31.8 16.4  2.519900 12.5-99.9-99.9-99.9-9.9 9916.2 58 14.2   7  5.6-9.9-9.9
5017219800104 29.5 11.4  5.519900 14.8-99.9-99.9-99.9-9.9 9916.6 72 14.6  13 10.4-9.9-9.9
5017219800105 31.5 12.3  0.009900 10.1-99.9-99.9-99.9-9.9 9916.8 61 14.8   0  0.0-9.9-9.9
5017219800106 31.6 15.4  0.009900 11.0-99.9-99.9-99.9-9.9 9914.2 43 12.2  12  9.6-9.9-9.9
5017219800107 32.7 12.8  0.009900  8.2-99.9-99.9-99.9-9.9 9913.2 41 11.1  12  9.6-9.9-9.9
5017219800108 36.5 14.8  1.319900-99.9-99.9-99.9-99.9-9.9 9914.3 37 12.3   7  5.6-9.9-9.9
5017219800109 33.5 16.8  0.009900 12.5-99.9-99.9-99.9-9.9 9915.6 48 13.6   1  0.8-9.9-9.9
5017219800110 36.0 17.1  0.009900 10.5-99.9-99.9-99.9-9.9 9914.5 37 12.5  13 10.4-9.9-9.9
5017219800111 37.0 20.8  0.009900 14.0-99.9-99.9-99.9-9.9 9917.4 41 15.3  14 11.2-9.9-9.9
5017219800112 37.5 15.3  0.009900  9.3-99.9-99.9-99.9-9.9 9919.9 50 17.4   8  6.4-9.9-9.9
5017219800113 37.4 20.6  0.009900 15.8-99.9-99.9-99.9-9.9 9921.0 50 18.3   9  7.2-9.9-9.9
5017219800114 35.5 19.8 20.419900 14.5-99.9-99.9-99.9-9.9 9922.9 66 19.7   9  7.2-9.9-9.9
5017219800115 30.0 17.6  0.009900 16.0-99.9-99.9-99.9-9.9 9921.6 73 18.7   9  7.2-9.9-9.9
5017219800116 31.7 16.8  0.009900 13.8-99.9-99.9-99.9-9.9 9921.2 62 18.4   9  7.2-9.9-9.9
5017219800117 34.0 15.8  2.519900 13.0-99.9-99.9-99.9-9.9 9922.7 67 19.5   0  0.0-9.9-9.9
5017219800118 33.0 17.3  0.219900 14.5-99.9-99.9-99.9-9.9 9922.2 68 19.2   4  3.2-9.9-9.9
5017219800119 34.5 14.4  0.009900 10.5-99.9-99.9-99.9-9.9 9919.9 56 17.4   3  2.4-9.9-9.9
5017219800120 37.2 17.0  0.009900 12.5-99.9-99.9-99.9-9.9 9924.2 59 20.6   1  0.8-9.9-9.9
5017219800121 39.1 20.0  0.009900 16.4-99.9-99.9-99.9-9.9 9923.9 53 20.4   4  3.2-9.9-9.9
5017219800122 36.5 21.5  0.009900 15.0-99.9-99.9-99.9-9.9 9923.1 55 19.8  11  8.8-9.9-9.9
5017219800123 30.5 17.5  0.009900 10.8-99.9-99.9-99.9-9.9 9915.5 52 13.5   9  7.2-9.9-9.9
5017219800124 29.0 10.2  0.009900  6.4-99.9-99.9-99.9-9.9 9914.1 58 12.1  16 12.8-9.9-9.9
5017219800125 35.8 12.0  0.219900  7.0-99.9-99.9-99.9-9.9 9922.5 63 19.4   3  2.4-9.9-9.9
5017219800126 31.0 14.5  0.009900  9.0-99.9-99.9-99.9-9.9 9913.0 41 10.9   8  6.4-9.9-9.9
5017219800127 33.0 15.5  0.009900 10.5-99.9-99.9-99.9-9.9 9913.8 41 11.8   1  0.8-9.9-9.9
5017219800128 35.5 16.9  0.009900 14.0-99.9-99.9-99.9-9.9 9915.7 44 13.7  14 11.2-9.9-9.9
5017219800129 35.5 19.2  0.009900 14.8-99.9-99.9-99.9-9.9 9915.2 38 13.2   4  3.2-9.9-9.9
5017219800130 33.7 18.2  0.009900 14.0-99.9-99.9-99.9-9.9 9915.6 44 13.6   6  4.8-9.9-9.9
5017219800131 34.0 15.8  0.009900  9.1-99.9-99.9-99.9-9.9 9914.6 46 12.6   4  3.2-9.9-9.9
5017219800201 33.6 16.3  7.019900 11.2-99.9-99.9-99.9-9.9 9916.6 59 14.6  15 12.0-9.9-9.9
5017219800202 33.0 15.4  9.119910 12.0-99.9-99.9-99.9-9.9 9917.8 61 15.7  11  8.8-9.9-9.9
5017219800203 29.7 13.8  0.009900 10.5-99.9-99.9-99.9-9.9 9918.7 67 16.4   3  2.4-9.9-9.9
5017219800204 29.5 18.5  0.009900 15.7-99.9-99.9-99.9-9.9 9916.8 58 14.8  12  9.6-9.9-9.9
5017219800205 33.0 14.8  0.009900 10.5-99.9-99.9-99.9-9.9 9915.0 50 13.0   8  6.4-9.9-9.9
5017219800206 29.2 12.8  0.009900  9.5-99.9-99.9-99.9-9.9 9914.1 63 12.1   6  4.8-9.9-9.9
5017219800207 31.6 10.4  0.009900  5.5-99.9-99.9-99.9-9.9 9914.8 54 12.8   1  0.8-9.9-9.9
5017219800208 36.0 13.3  0.009900  8.5-99.9-99.9-99.9-9.9 9918.7 58 16.4   8  6.4-9.9-9.9
5017219800209 25.2 15.3  0.009900 10.3-99.9-99.9-99.9-9.9 9913.0 60 10.9  10  8.0-9.9-9.9
5017219800210 27.7  7.7  0.009900  1.7-99.9-99.9-99.9-9.9 9912.8 53 10.6   4  3.2-9.9-9.9
5017219800211 34.7 15.5  0.009900  9.0-99.9-99.9-99.9-9.9 9918.9 55 16.6  17 13.6-9.9-9.9
5017219800212 29.7 11.8  0.009900  5.4-99.9-99.9-99.9-9.9 9915.9 57 13.9   5  4.0-9.9-9.9
5017219800213 36.2 12.7  0.009900  7.5-99.9-99.9-99.9-9.9 9923.2 61 19.9   8  6.4-9.9-9.9
5017219800214 35.5 17.6  8.519900 13.7-99.9-99.9-99.9-9.9 9920.4 66 17.8   8  6.4-9.9-9.9
5017219800215-99.9-99.9  0.009900-99.9-99.9-99.9-99.9-9.9 99-9.9-99-99.9 -99-99.9-9.9-9.9
5017219800216-99.9-99.9  0.009900-99.9-99.9-99.9-99.9-9.9 99-9.9-99-99.9 -99-99.9-9.9-9.9
5017219800217-99.9-99.9  0.009900-99.9-99.9-99.9-99.9-9.9 99-9.9-99-99.9 -99-99.9-9.9-9.9
5017219800218 34.0 14.9  0.009900-99.9-99.9-99.9-99.9-9.9 9917.8 45 15.7   3  2.4-9.9-9.9
5017219800219 36.0 17.7 16.019900-99.9-99.9-99.9-99.9-9.9 9917.6 52 15.5  15 12.0-9.9-9.9
5017219800220 27.0 16.8  1.519900-99.9-99.9-99.9-99.9-9.9 9920.0 81 17.5  11  8.8-9.9-9.9
5017219800221 23.0 18.1 26.919900-99.9-99.9-99.9-99.9-9.9 9920.5 89 17.9   7  5.6-9.9-9.9
5017219800222 25.5 17.7  4.719900-99.9-99.9-99.9-99.9-9.9 9919.3 82 16.9   9  7.2-9.9-9.9
5017219800223 25.5 14.8  0.619900-99.9-99.9-99.9-99.9-9.9 9918.1 81 15.9   3  2.4-9.9-9.9
5017219800224 29.4 13.8  0.009900-99.9-99.9-99.9-99.9-9.9 9917.6 70 15.5   1  0.8-9.9-9.9
5017219800225 33.0 13.8  0.009900-99.9-99.9-99.9-99.9-9.9 9917.6 58 15.5   5  4.0-9.9-9.9
5017219800226 27.2 16.6  0.009900 14.5-99.9-99.9-99.9-9.9 9915.8 60 13.8  11  8.8-9.9-9.9
5017219800227 32.6 13.4  0.009900-99.9-99.9-99.9-99.9-9.9 9917.1 60 15.0   5  4.0-9.9-9.9
5017219800228 35.0 15.6  0.319900-99.9-99.9-99.9-99.9-9.9 9918.9 54 16.6   0  0.0-9.9-9.9
5017219800229 27.6 16.1  0.009900-99.9-99.9-99.9-99.9-9.9 9915.3 62 13.3   0  0.0-9.9-9.9
5017219800301 29.5 13.6  0.009900-99.9-99.9-99.9-99.9-9.9 9914.4 59 12.4   3  2.4-9.9-9.9
5017219800302 31.7 12.8  0.009900-99.9-99.9-99.9-99.9-9.9 9916.1 54 14.1   8  6.4-9.9-9.9
5017219800303 32.2 17.2  0.009900-99.9-99.9-99.9-99.9-9.9 9918.3 56 16.1  14 11.2-9.9-9.9
5017219800304 32.6 18.8 14.019900-99.9-99.9-99.9-99.9-9.9 9921.0 67 18.3  19 15.2-9.9-9.9
5017219800305 26.3 14.8  0.009900-99.9-99.9-99.9-99.9-9.9 9914.0 59 12.0  11  8.8-9.9-9.9
5017219800306 26.5 15.3  0.009900-99.9-99.9-99.9-99.9-9.9 9914.5 63 12.5   9  7.2-9.9-9.9
5017219800307 30.2 12.4  0.009900-99.9-99.9-99.9-99.9-9.9 9918.4 73 16.2   1  0.8-9.9-9.9
5017219800308 32.8 15.4  0.009900-99.9-99.9-99.9-99.9-9.9 9919.8 64 17.3  11  8.8-9.9-9.9
5017219800309 32.5 17.6  0.009900-99.9-99.9-99.9-99.9-9.9 9915.1 46 13.1  16 12.8-9.9-9.9
5017219800310 34.0 15.3  0.009900-99.9-99.9-99.9-99.9-9.9 9914.3 50 12.3   3  2.4-9.9-9.9
5017219800311 32.0 15.8  0.009900-99.9-99.9-99.9-99.9-9.9 9916.1 57 14.1   4  3.2-9.9-9.9
5017219800312 33.0 14.0  0.009900-99.9-99.9-99.9-99.9-9.9 9916.0 55 14.0   8  6.4-9.9-9.9
5017219800313 34.1 13.8  0.009900-99.9-99.9-99.9-99.9-9.9 9916.4 53 14.4   8  6.4-9.9-9.9
5017219800314 33.0 16.3  0.009900-99.9-99.9-99.9-99.9-9.9 9917.9 54 15.8  11  8.8-9.9-9.9
5017219800315 30.3 18.3  0.009900-99.9-99.9-99.9-99.9-9.9 9915.6 54 13.6  11  8.8-9.9-9.9
5017219800316 34.7 16.0  0.009900-99.9-99.9-99.9-99.9-9.9 9921.6 60 18.7   1  0.8-9.9-9.9
5017219800317 34.5 20.6  0.009900-99.9-99.9-99.9-99.9-9.9 9921.5 61 18.7  11  8.8-9.9-9.9
5017219800318 35.2 20.8  0.009900-99.9-99.9-99.9-99.9-9.9 9924.8 67 21.0  16 12.8-9.9-9.9
5017219800319 32.5 21.3  0.009900-99.9-99.9-99.9-99.9-9.9 9917.7 52 15.6   8  6.4-9.9-9.9
5017219800320 33.4 18.5  0.009900-99.9-99.9-99.9-99.9-9.9 9921.6 65 18.7   3  2.4-9.9-9.9
5017219800321 33.0 21.0  0.009900-99.9-99.9-99.9-99.9-9.9 9916.5 48 14.5  14 11.2-9.9-9.9
5017219800322 30.5 16.8  0.009900-99.9-99.9-99.9-99.9-9.9 9913.8 51 11.8  16 12.8-9.9-9.9
5017219800323 28.0 16.5  0.009900-99.9-99.9-99.9-99.9-9.9 9913.2 52 11.1  16 12.8-9.9-9.9
5017219800324 25.0 12.6  0.009900-99.9-99.9-99.9-99.9-9.9 9910.6 48  7.8  16 12.8-9.9-9.9
5017219800325 29.7  9.7  0.009900-99.9-99.9-99.9-99.9-9.9 9913.5 57 11.4   3  2.4-9.9-9.9
5017219800326 35.0 15.4  0.009900-99.9-99.9-99.9-99.9-9.9 9915.0 49 13.0  15 12.0-9.9-9.9
5017219800327 31.5 14.2  0.009900-99.9-99.9-99.9-99.9-9.9 9913.0 53 10.9   1  0.8-9.9-9.9
5017219800328 34.5 13.5  0.009900-99.9-99.9-99.9-99.9-9.9 9914.7 50 12.7  14 11.2-9.9-9.9
5017219800329 19.7 15.3  0.009900-99.9-99.9-99.9-99.9-9.9 9911.5 59  9.0   3  2.4-9.9-9.9
5017219800330 24.0  7.8  0.009900-99.9-99.9-99.9-99.9-9.9 9915.0 73 13.0   1  0.8-9.9-9.9
5017219800331 29.4 16.0  0.009900-99.9-99.9-99.9-99.9-9.9 9919.1 75 16.8  23 18.4-9.9-9.9
5017219800401 32.0 12.9  0.009900-99.9-99.9-99.9-99.9-9.9 9918.5 73 16.3   6  4.8-9.9-9.9
5017219800402 31.2 13.6  0.009900-99.9-99.9-99.9-99.9-9.9 9918.5 75 16.3   5  4.0-9.9-9.9
5017219800403 22.5 15.5  1.819900-99.9-99.9-99.9-99.9-9.9 9917.5 82 15.4  30 24.0-9.9-9.9
5017219800404 17.5 14.0  0.219900-99.9-99.9-99.9-99.9-9.9 9914.3 82 12.3   1  0.8-9.9-9.9
5017219800405 24.8 14.0  0.009900-99.9-99.9-99.9-99.9-9.9 9915.3 76 13.3   0  0.0-9.9-9.9
5017219800406 29.5 10.8  0.009900-99.9-99.9-99.9-99.9-9.9 9916.3 65 14.3  16 12.8-9.9-9.9
5017219800407 30.0 12.9  7.619900-99.9-99.9-99.9-99.9-9.9 9917.4 70 15.3   0  0.0-9.9-9.9
5017219800408 26.2 13.9  7.519900-99.9-99.9-99.9-99.9-9.9 9914.8 68 12.8   5  4.0-9.9-9.9
5017219800409 19.0 12.3  3.019900-99.9-99.9-99.9-99.9-9.9 9913.8 77 11.8  11  8.8-9.9-9.9
5017219800410 15.5  6.6  0.319900-99.9-99.9-99.9-99.9-9.9 9910.2 93  7.3  12  9.6-9.9-9.9
5017219800411 16.5  5.3  0.009900-99.9-99.9-99.9-99.9-9.9 99 9.2 79  5.8   3  2.4-9.9-9.9
5017219800412 17.0  2.1  0.009900-99.9-99.9-99.9-99.9-9.9 99 8.5 71  4.6   1  0.8-9.9-9.9
5017219800413 17.5  0.6  0.009900-99.9-99.9-99.9-99.9-9.9 99 7.8 68  3.4   0  0.0-9.9-9.9
5017219800414 19.8 -0.2  0.009900-99.9-99.9-99.9-99.9-9.9 99 7.9 71  3.6   0  0.0-9.9-9.9
5017219800415 17.7  2.8  0.009900-99.9-99.9-99.9-99.9-9.9 99 7.2 57  2.3  11  8.8-9.9-9.9
5017219800416 22.2  4.1  0.009900-99.9-99.9-99.9-99.9-9.9 9910.2 70  7.3  11  8.8-9.9-9.9
5017219800417 24.5  9.6  0.009900-99.9-99.9-99.9-99.9-9.9 9910.7 60  8.0   9  7.2-9.9-9.9
5017219800418 19.7  4.5  0.009900-99.9-99.9-99.9-99.9-9.9 99 8.3 57  4.3   1  0.8-9.9-9.9
5017219800419 16.8  9.8  0.009900-99.9-99.9-99.9-99.9-9.9 9912.1 73  9.8   4  3.2-9.9-9.9
5017219800420 17.5 13.0  0.219900-99.9-99.9-99.9-99.9-9.9 9915.1 89 13.1   0  0.0-9.9-9.9
5017219800421 24.0  9.2  0.009900-99.9-99.9-99.9-99.9-9.9 9915.3 81 13.3   3  2.4-9.9-9.9
5017219800422 26.5  9.5  0.009900-99.9-99.9-99.9-99.9-9.9 9916.0 76 14.0   1  0.8-9.9-9.9
5017219800423 20.0  8.8  3.019900-99.9-99.9-99.9-99.9-9.9 9910.6 83  7.8   1  0.8-9.9-9.9
5017219800424 22.2  4.8  0.009900-99.9-99.9-99.9-99.9-9.9 9910.8 71  8.1   5  4.0-9.9-9.9
5017219800425 17.5 11.1  0.009900-99.9-99.9-99.9-99.9-9.9 9913.9 83 11.9   6  4.8-9.9-9.9
5017219800426 21.5 13.8  0.009900-99.9-99.9-99.9-99.9-9.9 9916.2 83 14.2   4  3.2-9.9-9.9
5017219800427 22.5 14.2  5.719900-99.9-99.9-99.9-99.9-9.9 9915.9 82 13.9   4  3.2-9.9-9.9
5017219800428 17.5 11.8  6.719900-99.9-99.9-99.9-99.9-9.9 9911.2 67  8.6  31 24.8-9.9-9.9
5017219800429 12.4  5.0  0.009900-99.9-99.9-99.9-99.9-9.9 99 8.3 83  4.3   0  0.0-9.9-9.9
5017219800430 19.0 -0.4  0.009900-99.9-99.9-99.9-99.9-9.9 99 7.9 71  3.6   8  6.4-9.9-9.9
5017219800501 19.5  2.0  0.009900  1.5-99.9-99.9-99.9-9.9 99 8.0 58  3.8  13 10.4-9.9-9.9
5017219800502 18.0  2.5  0.009900 -1.0-99.9-99.9-99.9-9.9 99 7.9 66  3.6   6  4.8-9.9-9.9
5017219800503 21.0  2.3  0.009900 -3.0-99.9-99.9-99.9-9.9 99 9.1 68  5.6   8  6.4-9.9-9.9
5017219800504 21.5  6.3  0.009900  1.0-99.9-99.9-99.9-9.9 9910.3 68  7.4  19 15.2-9.9-9.9
5017219800505 18.5  8.8  0.009900  3.0-99.9-99.9-99.9-9.9 99 9.0 66  5.4   4  3.2-9.9-9.9
5017219800506 20.5  2.0  0.009900 -3.4-99.9-99.9-99.9-9.9 99 8.7 67  5.0  11  8.8-9.9-9.9
5017219800507 18.5  2.8  0.009900 -1.7-99.9-99.9-99.9-9.9 99 8.4 70  4.5   6  4.8-9.9-9.9
5017219800508 20.5  2.9  0.009900 -1.7-99.9-99.9-99.9-9.9 9910.8 72  8.1   8  6.4-9.9-9.9
5017219800509 20.3  4.8  0.009900 -0.7-99.9-99.9-99.9-9.9 9911.5 80  9.0   5  4.0-9.9-9.9
5017219800510 21.5  6.7  0.009900  2.7-99.9-99.9-99.9-9.9 9910.8 70  8.1   1  0.8-9.9-9.9
5017219800511 18.5  7.8  0.009900  2.0-99.9-99.9-99.9-9.9 9913.7 85 11.6   3  2.4-9.9-9.9
5017219800512 22.5  8.8  0.009900  5.4-99.9-99.9-99.9-9.9 9915.1 85 13.1   0  0.0-9.9-9.9
5017219800513 16.4 11.3  4.019900 10.0-99.9-99.9-99.9-9.9 9913.7 95 11.6  18 14.4-9.9-9.9
5017219800514 18.0 11.1  0.009900 11.0-99.9-99.9-99.9-9.9 9913.6 88 11.5  17 13.6-9.9-9.9
5017219800515 16.5  8.0  0.009900  7.5-99.9-99.9-99.9-9.9 99 8.5 69  4.6   2  1.6-9.9-9.9
5017219800516 22.0  3.8  0.009900 -2.8-99.9-99.9-99.9-9.9 99 8.4 59  4.5  13 10.4-9.9-9.9
5017219800517 25.5  5.8  0.009900  1.0-99.9-99.9-99.9-9.9 9910.5 60  7.7  18 14.4-9.9-9.9
5017219800518 22.0  9.8  0.319900  3.8-99.9-99.9-99.9-9.9 9914.5 77 12.5  22 17.6-9.9-9.9
5017219800519 16.9 10.0  4.119900  5.3-99.9-99.9-99.9-9.9 9912.3 94 10.0   9  7.2-9.9-9.9
5017219800520 16.5 10.3  0.009900  4.8-99.9-99.9-99.9-9.9 9914.2 92 12.2   3  2.4-9.9-9.9
5017219800521 20.2  8.8  0.009900  5.0-99.9-99.9-99.9-9.9 9913.3 82 11.2   0  0.0-9.9-9.9
5017219800522 20.8  8.0  0.009900  3.5-99.9-99.9-99.9-9.9 9913.6 83 11.5  11  8.8-9.9-9.9
5017219800523 26.0 11.8  0.009900  7.0-99.9-99.9-99.9-9.9 9914.0 69 12.0  16 12.8-9.9-9.9
5017219800524 19.0  3.8  0.009900 -1.5-99.9-99.9-99.9-9.9 99 7.7 66  3.2   1  0.8-9.9-9.9
5017219800525 22.0  4.8  0.009900 -0.5-99.9-99.9-99.9-9.9 9911.1 68  8.5  11  8.8-9.9-9.9
5017219800526 22.0  9.6  0.009900  4.5-99.9-99.9-99.9-9.9 9913.4 78 11.3  11  8.8-9.9-9.9
5017219800527 28.0  9.8  0.009900  3.5-99.9-99.9-99.9-9.9 99 9.5 53  6.2  18 14.4-9.9-9.9
5017219800528 17.3  1.8  0.009900 -3.0-99.9-99.9-99.9-9.9 99 6.3 56  0.4   3  2.4-9.9-9.9
5017219800529 11.5  2.0  0.009900 -1.5-99.9-99.9-99.9-9.9 99 6.9 76  1.7   0  0.0-9.9-9.9
5017219800530 24.8  4.5  0.009900  0.1-99.9-99.9-99.9-9.9 99 9.8 60  6.7   8  6.4-9.9-9.9
5017219800531 13.8  3.6  0.009900 -0.5-99.9-99.9-99.9-9.9 99 7.0 71  1.9   0  0.0-9.9-9.9
5017219800601 15.5  0.5  0.009900-99.9-99.9-99.9-99.9-9.9 99 6.1 61  0.0   0  0.0-9.9-9.9
5017219800602 13.5  0.3  0.009900-99.9-99.9-99.9-99.9-9.9 99 5.5 62 -1.4  11  8.8-9.9-9.9
5017219800603 11.8 -3.2  0.009900-99.9-99.9-99.9-99.9-9.9 99 4.9 56 -3.0  17 13.6-9.9-9.9
5017219800604 16.0  1.6  0.009900-99.9-99.9-99.9-99.9-9.9 99 6.9 62  1.7  16 12.8-9.9-9.9
5017219800605 18.5 -1.0  0.009900-99.9-99.9-99.9-99.9-9.9 99 7.1 65  2.1   3  2.4-9.9-9.9
5017219800606 18.5  0.2  0.009900-99.9-99.9-99.9-99.9-9.9 99 7.4 68  2.7   3  2.4-9.9-9.9
5017219800607 20.0 -0.2  0.009900-99.9-99.9-99.9-99.9-9.9 99 8.6 73  4.8   3  2.4-9.9-9.9
5017219800608 13.2  2.8  0.009900-99.9-99.9-99.9-99.9-9.9 99 8.9 87  5.3   3  2.4-9.9-9.9
5017219800609 12.5  0.0  0.009900-99.9-99.9-99.9-99.9-9.9 99 8.5 83  4.6   3  2.4-9.9-9.9
5017219800610 10.0  6.8  8.719900-99.9-99.9-99.9-99.9-9.9 99 9.3 91  5.9   3  2.4-9.9-9.9
5017219800611  7.5  4.8  3.019900-99.9-99.9-99.9-99.9-9.9 99 8.5 94  4.6   6  4.8-9.9-9.9
5017219800612 10.5  3.4  0.009900-99.9-99.9-99.9-99.9-9.9 99 8.0 86  3.8   1  0.8-9.9-9.9
5017219800613 15.5 -0.4  0.009900-99.9-99.9-99.9-99.9-9.9 99 6.7 67  1.3   3  2.4-9.9-9.9
5017219800614 18.0  0.3  0.009900-99.9-99.9-99.9-99.9-9.9 99 7.4 57  2.7  26 20.8-9.9-9.9
5017219800615 17.8  6.4  0.009900-99.9-99.9-99.9-99.9-9.9 99 8.4 65  4.5  22 17.6-9.9-9.9
5017219800616 19.5  2.4  0.009900-99.9-99.9-99.9-99.9-9.9 99 8.2 72  4.1   1  0.8-9.9-9.9
5017219800617 20.5  2.5  0.009900-99.9-99.9-99.9-99.9-9.9 99 9.1 63  5.6  14 11.2-9.9-9.9
5017219800618 12.2  4.8  0.009900-99.9-99.9-99.9-99.9-9.9 99 6.5 59  0.9  11  8.8-9.9-9.9
5017219800619 11.5 -3.0  0.009900-99.9-99.9-99.9-99.9-9.9 99 5.1 64 -2.5   5  4.0-9.9-9.9
5017219800620 15.7 -1.0  0.009900-99.9-99.9-99.9-99.9-9.9 99 6.3 62  0.4  11  8.8-9.9-9.9
5017219800621 15.0  4.8  0.009900-99.9-99.9-99.9-99.9-9.9 99 7.9 69  3.6  14 11.2-9.9-9.9
5017219800622 18.5  0.4  0.009900-99.9-99.9-99.9-99.9-9.9 99 7.8 65  3.4  17 13.6-9.9-9.9
5017219800623 14.0  5.8  0.419900-99.9-99.9-99.9-99.9-9.9 99 9.4 84  6.1  12  9.6-9.9-9.9
5017219800624 12.5 -1.6  0.009900-99.9-99.9-99.9-99.9-9.9 99 5.6 65 -1.2   4  3.2-9.9-9.9
5017219800625 12.0 -0.8  0.009900-99.9-99.9-99.9-99.9-9.9 99 4.1 54 -5.4  15 12.0-9.9-9.9
5017219800626 12.5 -2.8  0.009900-99.9-99.9-99.9-99.9-9.9 99 4.3 53 -4.7  14 11.2-9.9-9.9
5017219800627 16.5  3.8  0.009900-99.9-99.9-99.9-99.9-9.9 99 6.7 56  1.3  30 24.0-9.9-9.9
5017219800628 14.0  2.8  1.519900-99.9-99.9-99.9-99.9-9.9 99 7.7 71  3.2   3  2.4-9.9-9.9
5017219800629  9.8  0.2  3.519900-99.9-99.9-99.9-99.9-9.9 99 6.2 93  0.2   0  0.0-9.9-9.9
5017219800630 11.5 -4.2  0.009900-99.9-99.9-99.9-99.9-9.9 99 5.2 72 -2.2   3  2.4-9.9-9.9
5017219800701  7.5 -6.0  0.009900-10.5-99.9-99.9-99.9-9.9 99 4.1 69 -5.4   0  0.0-9.9-9.9
5017219800702 11.1 -6.0  0.009900-10.0-99.9-99.9-99.9-9.9 99 4.4 62 -4.4   8  6.4-9.9-9.9
5017219800703 10.5 -1.0  0.009900 -5.6-99.9-99.9-99.9-9.9 99 4.8 63 -3.3  19 15.2-9.9-9.9
5017219800704  9.0 -4.3  0.009900 -8.8-99.9-99.9-99.9-9.9 99 5.1 71 -2.5   1  0.8-9.9-9.9
5017219800705 14.0 -3.0  0.009900 -6.0-99.9-99.9-99.9-9.9 99 5.3 69 -1.9   3  2.4-9.9-9.9
5017219800706  5.0 -3.7  0.009900 -8.5-99.9-99.9-99.9-9.9 99 6.1 92  0.0   5  4.0-9.9-9.9
5017219800707  6.5  3.0  3.019900 -1.5-99.9-99.9-99.9-9.9 99 7.8 89  3.4   4  3.2-9.9-9.9
5017219800708 18.0 -0.2  0.009900 -4.0-99.9-99.9-99.9-9.9 99 5.4 55 -1.7   4  3.2-9.9-9.9
5017219800709 18.0 -3.0  0.009900 -8.5-99.9-99.9-99.9-9.9 99 5.0 49 -2.7   3  2.4-9.9-9.9
5017219800710 19.8 -1.2  0.009900 -7.0-99.9-99.9-99.9-9.9 99 5.5 53 -1.4  11  8.8-9.9-9.9
5017219800711 19.8 -2.6  0.009900 -8.0-99.9-99.9-99.9-9.9 99 5.3 56 -1.9   6  4.8-9.9-9.9
5017219800712 22.0 -1.2  0.009900 -7.0-99.9-99.9-99.9-9.9 99 5.7 46 -1.0  17 13.6-9.9-9.9
5017219800713 13.2  7.3  0.009900  2.5-99.9-99.9-99.9-9.9 99 7.9 70  3.6  15 12.0-9.9-9.9
5017219800714 13.2  1.8  0.009900 -5.0-99.9-99.9-99.9-9.9 99 6.4 61  0.6  13 10.4-9.9-9.9
5017219800715 18.7  2.8  0.009900 -2.0-99.9-99.9-99.9-9.9 99 6.3 49  0.4  29 23.2-9.9-9.9
5017219800716 21.0  1.0  0.009900 -3.5-99.9-99.9-99.9-9.9 99 6.7 57  1.3   3  2.4-9.9-9.9
5017219800717 19.0 -0.8  0.009900 -5.5-99.9-99.9-99.9-9.9 99 6.3 62  0.4   3  2.4-9.9-9.9
5017219800718 18.0  0.4  0.219900 -4.0-99.9-99.9-99.9-9.9 99 7.8 67  3.4   6  4.8-9.9-9.9
5017219800719 19.4  4.8  0.009900 -0.5-99.9-99.9-99.9-9.9 99 6.8 56  1.5   6  4.8-9.9-9.9
5017219800720 16.5  0.3  0.009900-99.9-99.9-99.9-99.9-9.9 99 5.4 48 -1.7   6  4.8-9.9-9.9
5017219800721 24.3  7.8  0.009900 -1.3-99.9-99.9-99.9-9.9 99 7.5 45  2.9  19 15.2-9.9-9.9
5017219800722 24.0  1.8  0.009900 -4.5-99.9-99.9-99.9-9.9 99 7.4 53  2.7   3  2.4-9.9-9.9
5017219800723 24.5  3.3  0.009900 -1.5-99.9-99.9-99.9-9.9 99 8.2 55  4.1   8  6.4-9.9-9.9
5017219800724 20.0  3.5  0.009900 -2.0-99.9-99.9-99.9-9.9 99 7.8 55  3.4  13 10.4-9.9-9.9
5017219800725 12.5  5.2  0.319900  6.0-99.9-99.9-99.9-9.9 99 8.6 88  4.8  19 15.2-9.9-9.9
5017219800726 18.8  0.9  0.009900 -4.0-99.9-99.9-99.9-9.9 99 7.5 63  2.9  11  8.8-9.9-9.9
5017219800727 16.5 -0.2  0.009900 -6.5-99.9-99.9-99.9-9.9 99 5.8 53 -0.7  19 15.2-9.9-9.9
5017219800728 16.0  1.8  0.009900 -4.9-99.9-99.9-99.9-9.9 99 5.4 49 -1.7  13 10.4-9.9-9.9
5017219800729 11.2 -0.2  0.009900 -0.2-99.9-99.9-99.9-9.9 99 4.3 51 -4.7   8  6.4-9.9-9.9
5017219800730 16.5 -5.6  0.009900-11.0-99.9-99.9-99.9-9.9 99 4.5 55 -4.1   8  6.4-9.9-9.9
5017219800731 19.2  2.8  0.009900 -3.0-99.9-99.9-99.9-9.9 99 5.4 42 -1.7  16 12.8-9.9-9.9
5017219800801 20.8  5.8  0.009900 -0.8-99.9-99.9-99.9-9.9 99 6.0 47 -0.2  14 11.2-9.9-9.9
5017219800802 16.0 -0.7  0.009900 -6.2-99.9-99.9-99.9-9.9 99 5.8 56 -0.7   9  7.2-9.9-9.9
5017219800803 13.5  0.3  0.009900 -5.0-99.9-99.9-99.9-9.9 99 7.4 72  2.7   7  5.6-9.9-9.9
5017219800804-99.9 -1.2  0.009900 -7.0-99.9-99.9-99.9-9.9 99-9.9-99-99.9 -99-99.9-9.9-9.9
5017219800805 26.5  4.3  0.009900 -1.5-99.9-99.9-99.9-9.9 99 6.8 37  1.5  22 17.6-9.9-9.9
5017219800806 25.0  9.4  0.009900-99.9-99.9-99.9-99.9-9.9 99 6.5 36  0.9  31 24.8-9.9-9.9
5017219800807 20.0  3.3  0.009900 -6.3-99.9-99.9-99.9-9.9 99 4.9 35 -3.0  19 15.2-9.9-9.9
5017219800808 20.0  3.8  0.009900 -5.7-99.9-99.9-99.9-9.9 99 5.6 41 -1.2   9  7.2-9.9-9.9
5017219800809 24.5  5.6  0.009900 -0.9-99.9-99.9-99.9-9.9 99 6.5 36  0.9  24 19.2-9.9-9.9
5017219800810 18.0  2.0  0.009900 -6.0-99.9-99.9-99.9-9.9 99 4.7 41 -3.6   3  2.4-9.9-9.9
5017219800811 20.0 -2.6  0.009900 -8.3-99.9-99.9-99.9-9.9 99 5.1 50 -2.5   0  0.0-9.9-9.9
5017219800812 23.0  4.8  0.009900 -2.0-99.9-99.9-99.9-9.9 99 8.0 52  3.8  11  8.8-9.9-9.9
5017219800813 24.0  1.8  0.009900 -4.3-99.9-99.9-99.9-9.9 99 8.0 56  3.8   3  2.4-9.9-9.9
5017219800814 24.7  8.5  0.009900  3.0-99.9-99.9-99.9-9.9 99 9.7 49  6.5  20 16.0-9.9-9.9
5017219800815 20.0  9.0  0.009900  4.4-99.9-99.9-99.9-9.9 99 7.8 48  3.4   8  6.4-9.9-9.9
5017219800816 17.0  4.8  0.009900 -0.8-99.9-99.9-99.9-9.9 99 7.1 58  2.1  16 12.8-9.9-9.9
5017219800817 19.0  2.2  0.009900 -3.6-99.9-99.9-99.9-9.9 99 6.8 58  1.5   4  3.2-9.9-9.9
5017219800818 20.0  0.3  0.009900 -6.4-99.9-99.9-99.9-9.9 99 6.0 49 -0.2   8  6.4-9.9-9.9
5017219800819 24.2  3.8  0.009900 -5.0-99.9-99.9-99.9-9.9 99 6.2 39  0.2  14 11.2-9.9-9.9
5017219800820 24.5  3.5  0.009900 -3.0-99.9-99.9-99.9-9.9 99 5.8 38 -0.7   8  6.4-9.9-9.9
5017219800821 16.0  2.8  0.009900 -3.0-99.9-99.9-99.9-9.9 99 4.0 40 -5.7  11  8.8-9.9-9.9
5017219800822 21.5 -2.7  0.009900-10.5-99.9-99.9-99.9-9.9 99 4.9 41 -3.0   4  3.2-9.9-9.9
5017219800823 23.5  2.6  0.009900 -6.4-99.9-99.9-99.9-9.9 99 5.0 35 -2.7  11  8.8-9.9-9.9
5017219800824 19.2  1.8  0.009900 -5.0-99.9-99.9-99.9-9.9 99 5.2 36 -2.2  16 12.8-9.9-9.9
5017219800825 15.2  2.6  0.009900 -6.0-99.9-99.9-99.9-9.9 99 4.7 45 -3.6  11  8.8-9.9-9.9
5017219800826 18.5 -3.2  0.009900-10.5-99.9-99.9-99.9-9.9 99 4.6 42 -3.8   9  7.2-9.9-9.9
5017219800827 22.5  3.0  0.009900 -4.5-99.9-99.9-99.9-9.9 99 5.5 37 -1.4  16 12.8-9.9-9.9
5017219800828 24.5  2.8  0.009900 -0.8-99.9-99.9-99.9-9.9 99 6.1 40  0.0   9  7.2-9.9-9.9
5017219800829 27.1  6.6  0.009900-99.9-99.9-99.9-99.9-9.9 99 7.4 42  2.7  13 10.4-9.9-9.9
5017219800830 19.5  6.0  0.009900-99.9-99.9-99.9-99.9-9.9 99 7.0 47  1.9  23 18.4-9.9-9.9
5017219800831 22.0  0.3  0.009900 -6.5-99.9-99.9-99.9-9.9 99 6.5 49  0.9   3  2.4-9.9-9.9
5017219800901 24.2  1.1  0.009900-99.9-99.9-99.9-99.9-9.9 99 6.8 46  1.5   3  2.4-9.9-9.9
5017219800902 30.5  3.8  0.009900-99.9-99.9-99.9-99.9-9.9 99 7.1 37  2.1  11  8.8-9.9-9.9
5017219800903 18.4  7.6  0.009900-99.9-99.9-99.9-99.9-9.9 99 5.4 41 -1.7   8  6.4-9.9-9.9
5017219800904 26.0  2.0  0.009900-99.9-99.9-99.9-99.9-9.9 99 5.3 34 -1.9   5  4.0-9.9-9.9
5017219800905 25.8  4.8  0.009900-99.9-99.9-99.9-99.9-9.9 99 7.2 40  2.3   6  4.8-9.9-9.9
5017219800906 31.0  7.2  0.009900-99.9-99.9-99.9-99.9-9.9 99 8.2 39  4.1  12  9.6-9.9-9.9
5017219800907 19.0  4.8  0.009900-99.9-99.9-99.9-99.9-9.9 99 6.5 54  0.9   3  2.4-9.9-9.9
5017219800908 18.0 -1.8  0.009900-99.9-99.9-99.9-99.9-9.9 99 4.6 38 -3.8  11  8.8-9.9-9.9
5017219800909 25.0  0.9  0.009900-99.9-99.9-99.9-99.9-9.9 99 5.5 35 -1.4  14 11.2-9.9-9.9
5017219800910 29.5  2.6  0.009900-99.9-99.9-99.9-99.9-9.9 99 7.1 37  2.1   6  4.8-9.9-9.9
5017219800911 28.0  5.8  0.009900-99.9-99.9-99.9-99.9-9.9 99 8.8 45  5.1   0  0.0-9.9-9.9
5017219800912 31.2  6.6  0.009900-99.9-99.9-99.9-99.9-9.9 99 8.4 34  4.5  22 17.6-9.9-9.9
5017219800913 24.0  9.3  0.009900-99.9-99.9-99.9-99.9-9.9 99 7.3 37  2.5  19 15.2-9.9-9.9
5017219800914 16.7  6.5  0.009900-99.9-99.9-99.9-99.9-9.9 99 6.4 49  0.6  26 20.8-9.9-9.9
5017219800915 14.6 -1.8  0.009900-99.9-99.9-99.9-99.9-9.9 99 4.6 46 -3.8   4  3.2-9.9-9.9
5017219800916 19.0 -0.2  0.009900-99.9-99.9-99.9-99.9-9.9 99 4.4 34 -4.4   8  6.4-9.9-9.9
5017219800917 20.2  2.3  0.009900-99.9-99.9-99.9-99.9-9.9 99 5.5 39 -1.4  11  8.8-9.9-9.9
5017219800918 21.0  5.8  0.009900-99.9-99.9-99.9-99.9-9.9 99 6.5 39  0.9  16 12.8-9.9-9.9
5017219800919 23.0  4.1  0.009900-99.9-99.9-99.9-99.9-9.9 99 7.1 45  2.1   3  2.4-9.9-9.9
5017219800920 25.0  3.3  0.009900-99.9-99.9-99.9-99.9-9.9 99 6.8 40  1.5   6  4.8-9.9-9.9
5017219800921 22.5  2.8  0.009900-99.9-99.9-99.9-99.9-9.9 99 7.2 44  2.3  15 12.0-9.9-9.9
5017219800922 27.0  3.2  0.009900-99.9-99.9-99.9-99.9-9.9 99 8.0 48  3.8   3  2.4-9.9-9.9
5017219800923 29.4  8.8  0.009900-99.9-99.9-99.9-99.9-9.9 99 9.6 42  6.4  11  8.8-9.9-9.9
5017219800924 29.0  9.8  0.009900-99.9-99.9-99.9-99.9-9.9 9910.4 45  7.5  11  8.8-9.9-9.9
5017219800925 28.5  9.2  0.009900-99.9-99.9-99.9-99.9-9.9 9910.7 47  8.0  11  8.8-9.9-9.9
5017219800926 21.5 10.0  0.009900-99.9-99.9-99.9-99.9-9.9 99 9.6 55  6.4  18 14.4-9.9-9.9
5017219800927 21.2  1.0  0.009900-99.9-99.9-99.9-99.9-9.9 99 7.7 55  3.2  11  8.8-9.9-9.9
5017219800928 26.5  5.3  0.009900-99.9-99.9-99.9-99.9-9.9 99 9.2 45  5.8  15 12.0-9.9-9.9
5017219800929 25.5  8.3  0.009900-99.9-99.9-99.9-99.9-9.9 99 9.5 46  6.2  26 20.8-9.9-9.9
5017219800930 13.0  8.4  0.009900-99.9-99.9-99.9-99.9-9.9 99 7.3 64  2.5  29 23.2-9.9-9.9
5017219801001 18.5  6.3  0.009900  4.6-99.9-99.9-99.9-9.9 99 6.3 49  0.4   8  6.4-9.9-9.9
5017219801002 21.5  5.8  0.009900 -1.4-99.9-99.9-99.9-9.9 99 6.7 45  1.3   3  2.4-9.9-9.9
5017219801003 23.0  1.4  0.009900 -5.5-99.9-99.9-99.9-9.9 99 6.6 41  1.1   4  3.2-9.9-9.9
5017219801004 26.5  3.3  0.009900 -4.1-99.9-99.9-99.9-9.9 99 6.9 33  1.7   1  0.8-9.9-9.9
5017219801005 25.7  8.3  0.009900  3.8-99.9-99.9-99.9-9.9 99 8.5 43  4.6  16 12.8-9.9-9.9
5017219801006 25.2  6.3  0.009900  0.5-99.9-99.9-99.9-9.9 99 9.4 45  6.1  11  8.8-9.9-9.9
5017219801007 20.2 11.2  0.319900 11.8-99.9-99.9-99.9-9.9 9910.8 64  8.1  11  8.8-9.9-9.9
5017219801008 26.0  6.8  0.009900  2.9-99.9-99.9-99.9-9.9 9910.2 51  7.3   6  4.8-9.9-9.9
5017219801009 27.0  6.2  0.419900 -0.3-99.9-99.9-99.9-9.9 9910.4 49  7.5   6  4.8-9.9-9.9
5017219801010 22.0 11.8 13.019900 11.5-99.9-99.9-99.9-9.9 9913.5 89 11.4   1  0.8-9.9-9.9
5017219801011 25.0  8.8  0.009900  5.5-99.9-99.9-99.9-9.9 9914.2 71 12.2   3  2.4-9.9-9.9
5017219801012 28.5  9.3  0.009900  4.5-99.9-99.9-99.9-9.9 9913.6 51 11.5   4  3.2-9.9-9.9
5017219801013 29.5 11.5  0.009900-99.9-99.9-99.9-99.9-9.9 9912.9 50 10.7  11  8.8-9.9-9.9
5017219801014 32.0 14.9  0.119900  9.0-99.9-99.9-99.9-9.9 9915.2 54 13.2   4  3.2-9.9-9.9
5017219801015 28.5 17.1  0.009900 10.4-99.9-99.9-99.9-9.9 9917.3 65 15.2  22 17.6-9.9-9.9
5017219801016 23.8 15.8  1.019900 13.2-99.9-99.9-99.9-9.9 9917.1 79 15.0   7  5.6-9.9-9.9
5017219801017 25.3 14.4  0.009900 13.0-99.9-99.9-99.9-9.9 9915.7 68 13.7  14 11.2-9.9-9.9
5017219801018 22.2 12.8  0.009900  9.0-99.9-99.9-99.9-9.9 9915.6 75 13.6   6  4.8-9.9-9.9
5017219801019 29.0 13.6  0.009900  8.4-99.9-99.9-99.9-9.9 9915.5 58 13.5   9  7.2-9.9-9.9
5017219801020 26.5 13.3  0.219900  9.5-99.9-99.9-99.9-9.9 9911.5 50  9.0  16 12.8-9.9-9.9
5017219801021 18.7  8.3  0.519900  8.3-99.9-99.9-99.9-9.9 99 9.3 60  5.9  29 23.2-9.9-9.9
5017219801022 15.0  6.0  0.009900 -2.0-99.9-99.9-99.9-9.9 99 8.5 65  4.6  19 15.2-9.9-9.9
5017219801023 12.5  6.6  0.009900  7.5-99.9-99.9-99.9-9.9 99 8.0 77  3.8  25 20.0-9.9-9.9
5017219801024 23.2  6.4  0.009900  5.5-99.9-99.9-99.9-9.9 9910.6 62  7.8   8  6.4-9.9-9.9
5017219801025 28.0  6.8  0.009900  1.3-99.9-99.9-99.9-9.9 9913.3 57 11.2   9  7.2-9.9-9.9
5017219801026 30.5 10.5  0.009900-99.9-99.9-99.9-99.9-9.9 9914.8 51 12.8   8  6.4-9.9-9.9
5017219801027 28.6 13.6  0.219900  9.0-99.9-99.9-99.9-9.9 9914.5 60 12.5  19 15.2-9.9-9.9
5017219801028 33.5  9.3  0.009900  2.5-99.9-99.9-99.9-9.9 9919.8 60 17.3   8  6.4-9.9-9.9
5017219801029-99.9-99.9  0.009900-99.9-99.9-99.9-99.9-9.9 99-9.9-99-99.9 -99-99.9-9.9-9.9
5017219801030-99.9-99.9  0.009900-99.9-99.9-99.9-99.9-9.9 99-9.9-99-99.9 -99-99.9-9.9-9.9
5017219801031-99.9-99.9  0.009900-99.9-99.9-99.9-99.9-9.9 99-9.9-99-99.9 -99-99.9-9.9-9.9
5017219801101-99.9-99.9  0.009900-99.9-99.9-99.9-99.9-9.9 99-9.9-99-99.9 -99-99.9-9.9-9.9
5017219801102-99.9-99.9  0.009900-99.9-99.9-99.9-99.9-9.9 99-9.9-99-99.9 -99-99.9-9.9-9.9
5017219801103 27.0 13.2  0.009900-99.9-99.9-99.9-99.9-9.9 99 7.6 38  3.0   9  7.2-9.9-9.9
5017219801104 29.5  5.9  0.009900-99.9-99.9-99.9-99.9-9.9 99 9.1 40  5.6   1  0.8-9.9-9.9
5017219801105 28.2  7.1  0.009900-99.9-99.9-99.9-99.9-9.9 99 7.6 32  3.0   9  7.2-9.9-9.9
5017219801106 30.5  8.8  0.009900-99.9-99.9-99.9-99.9-9.9 9910.4 39  7.5  16 12.8-9.9-9.9
5017219801107 20.6  9.9  0.009900-99.9-99.9-99.9-99.9-9.9 99 5.6 38 -1.2  44 35.2-9.9-9.9
5017219801108 19.0  1.8  0.009900-99.9-99.9-99.9-99.9-9.9 99 5.9 44 -0.5  11  8.8-9.9-9.9
5017219801109 23.6  0.8  0.009900-99.9-99.9-99.9-99.9-9.9 99 7.0 35  1.9   6  4.8-9.9-9.9
5017219801110 24.0 10.8  0.009900-99.9-99.9-99.9-99.9-9.9 99 9.0 45  5.4  14 11.2-9.9-9.9
5017219801111 30.0  7.1  0.009900-99.9-99.9-99.9-99.9-9.9 99 9.9 39  6.8  10  8.0-9.9-9.9
5017219801112 34.0  9.3  0.009900-99.9-99.9-99.9-99.9-9.9 9911.6 36  9.2  13 10.4-9.9-9.9
5017219801113 35.5 16.3  0.009900-99.9-99.9-99.9-99.9-9.9 9913.1 36 11.0  11  8.8-9.9-9.9
5017219801114 34.5 13.3  2.519900-99.9-99.9-99.9-99.9-9.9 9912.7 41 10.5   1  0.8-9.9-9.9
5017219801115 33.6 18.3  0.009900-99.9-99.9-99.9-99.9-9.9 9910.6 33  7.8  12  9.6-9.9-9.9
5017219801116 30.0 10.8  0.009900-99.9-99.9-99.9-99.9-9.9 9911.1 38  8.5  16 12.8-9.9-9.9
5017219801117 32.2 15.5  2.119900-99.9-99.9-99.9-99.9-9.9 9916.2 61 14.2   5  4.0-9.9-9.9
5017219801118 27.5 14.3  0.009900-99.9-99.9-99.9-99.9-9.9 9915.1 59 13.1  19 15.2-9.9-9.9
5017219801119 21.5 13.5  7.719900-99.9-99.9-99.9-99.9-9.9 9914.8 80 12.8  19 15.2-9.9-9.9
5017219801120 23.5  8.8  0.009900-99.9-99.9-99.9-99.9-9.9 9911.9 58  9.5  20 16.0-9.9-9.9
5017219801121 18.8  9.1  3.019900-99.9-99.9-99.9-99.9-9.9 9910.3 86  7.4  44 35.2-9.9-9.9
5017219801122 22.5  8.1  0.009900-99.9-99.9-99.9-99.9-9.9 9911.0 65  8.4  16 12.8-9.9-9.9
5017219801123 30.5 11.6  0.009900-99.9-99.9-99.9-99.9-9.9 99 8.7 31  5.0  12  9.6-9.9-9.9
5017219801124 29.7 14.3  0.009900-99.9-99.9-99.9-99.9-9.9 99 9.4 34  6.1  10  8.0-9.9-9.9
5017219801125 33.0 12.8  0.009900-99.9-99.9-99.9-99.9-9.9 9913.7 47 11.6   8  6.4-9.9-9.9
5017219801126 33.0 15.1  0.009900-99.9-99.9-99.9-99.9-9.9 9915.6 49 13.6   4  3.2-9.9-9.9
5017219801127 30.2 14.8  5.019910-99.9-99.9-99.9-99.9-9.9 9914.7 56 12.7  17 13.6-9.9-9.9
5017219801128 26.2 12.0  0.009900-99.9-99.9-99.9-99.9-9.9 9914.5 61 12.5  12  9.6-9.9-9.9
5017219801129 32.2 11.6  0.009900-99.9-99.9-99.9-99.9-9.9 9912.9 42 10.7   8  6.4-9.9-9.9
5017219801130 34.5 13.5  0.009900-99.9-99.9-99.9-99.9-9.9 9913.4 38 11.3   6  4.8-9.9-9.9
5017219801201 36.0 15.1  0.009900-99.9-99.9-99.9-99.9-9.9 9917.5 47 15.4  12  9.6-9.9-9.9
5017219801202 32.5 12.5  0.009900-99.9-99.9-99.9-99.9-9.9 9913.8 40 11.8  22 17.6-9.9-9.9
5017219801203 37.0 14.1  4.719900-99.9-99.9-99.9-99.9-9.9 9919.7 48 17.3   8  6.4-9.9-9.9
5017219801204 31.7 18.6  0.009900-99.9-99.9-99.9-99.9-9.9 9916.5 49 14.5  14 11.2-9.9-9.9
5017219801205 31.3 17.3  0.009900-99.9-99.9-99.9-99.9-9.9 9916.4 53 14.4  27 21.6-9.9-9.9
5017219801206 32.7 14.9  0.009900-99.9-99.9-99.9-99.9-9.9 9915.8 49 13.8   9  7.2-9.9-9.9
5017219801207 37.3 17.1  0.009900-99.9-99.9-99.9-99.9-9.9 9915.5 36 13.5   9  7.2-9.9-9.9
5017219801208 36.5 20.8  0.009900-99.9-99.9-99.9-99.9-9.9 9917.1 42 15.0  13 10.4-9.9-9.9
5017219801209 35.6 16.4  0.009900-99.9-99.9-99.9-99.9-9.9 9913.2 33 11.1   6  4.8-9.9-9.9
5017219801210 33.4 16.5  0.719900-99.9-99.9-99.9-99.9-9.9 9913.4 38 11.3  16 12.8-9.9-9.9
5017219801211 31.6 15.6  0.009900-99.9-99.9-99.9-99.9-9.9 9914.3 46 12.3  11  8.8-9.9-9.9
5017219801212 36.0 15.4  0.009900-99.9-99.9-99.9-99.9-9.9 9916.6 46 14.6  14 11.2-9.9-9.9
5017219801213 34.2 14.2  0.009900-99.9-99.9-99.9-99.9-9.9 9916.8 49 14.8  11  8.8-9.9-9.9
5017219801214 34.5 14.6  0.009900-99.9-99.9-99.9-99.9-9.9 9913.9 39 11.9   9  7.2-9.9-9.9
5017219801215 32.6 14.5  0.009900-99.9-99.9-99.9-99.9-9.9 9914.5 41 12.5  16 12.8-9.9-9.9
5017219801216 40.5 15.2  0.009900-99.9-99.9-99.9-99.9-9.9 9918.0 41 15.8  11  8.8-9.9-9.9
5017219801217 30.5 15.5  0.009900-99.9-99.9-99.9-99.9-9.9 9911.2 43  8.6  24 19.2-9.9-9.9
5017219801218 25.0 10.3  4.019900-99.9-99.9-99.9-99.9-9.9 9911.5 56  9.0  24 19.2-9.9-9.9
5017219801219 21.4  7.3  0.009900-99.9-99.9-99.9-99.9-9.9 9910.5 64  7.7   8  6.4-9.9-9.9
5017219801220 25.5  4.8  0.009900-99.9-99.9-99.9-99.9-9.9 9911.8 56  9.4   6  4.8-9.9-9.9
5017219801221 30.8  9.3  0.009900-99.9-99.9-99.9-99.9-9.9 9916.2 53 14.2  19 15.2-9.9-9.9
5017219801222 34.2 14.1  0.009900-99.9-99.9-99.9-99.9-9.9 9919.9 55 17.4  11  8.8-9.9-9.9
5017219801223 32.5 17.4  0.009900-99.9-99.9-99.9-99.9-9.9 9921.2 66 18.4  19 15.2-9.9-9.9
5017219801224 36.5 17.3  3.519910-99.9-99.9-99.9-99.9-9.9 9917.0 51 15.0  25 20.0-9.9-9.9
5017219801225 31.8 16.2  0.009900-99.9-99.9-99.9-99.9-9.9 9916.0 49 14.0   6  4.8-9.9-9.9
5017219801226 36.0 17.3  3.019900-99.9-99.9-99.9-99.9-9.9 9916.3 49 14.3   8  6.4-9.9-9.9
5017219801227 29.5 16.3  0.009900-99.9-99.9-99.9-99.9-9.9 9916.8 60 14.8   9  7.2-9.9-9.9
5017219801228 34.5 14.8  7.119900-99.9-99.9-99.9-99.9-9.9 9915.7 51 13.7  16 12.8-9.9-9.9
5017219801229 33.2 15.8  1.019900-99.9-99.9-99.9-99.9-9.9 9919.0 60 16.7  16 12.8-9.9-9.9
5017219801230 30.7 18.2  0.009900-99.9-99.9-99.9-99.9-9.9 9918.3 62 16.1  24 19.2-9.9-9.9
5017219801231 24.5 15.9  0.009900-99.9-99.9-99.9-99.9-9.9 9910.7 45  8.0  19 15.2-9.9-9.9
5017219810101 26.0 10.8  0.009900-99.9-99.9-99.9-99.9-9.9 99 8.8 39  5.1  11  8.8-9.9-9.9
5017219810102 31.0 10.9  0.009900-99.9-99.9-99.9-99.9-9.9 9912.2 44  9.9  19 15.2-9.9-9.9
5017219810103 32.5 14.2  0.009900-99.9-99.9-99.9-99.9-9.9 9911.8 36  9.4  14 11.2-9.9-9.9
5017219810104 36.2 14.2  0.009900-99.9-99.9-99.9-99.9-9.9 9914.5 37 12.5   3  2.4-9.9-9.9
5017219810105 27.0 15.8  4.019900-99.9-99.9-99.9-99.9-9.9 9914.0 51 12.0  20 16.0-9.9-9.9
5017219810106 31.0 11.0  0.009900-99.9-99.9-99.9-99.9-9.9 9913.1 45 11.0   2  1.6-9.9-9.9
5017219810107 34.8 12.0  2.519900-99.9-99.9-99.9-99.9-9.9 9915.0 42 13.0  14 11.2-9.9-9.9
5017219810108 35.0 15.2  3.619900-99.9-99.9-99.9-99.9-9.9 9918.9 59 16.6   4  3.2-9.9-9.9
5017219810109 32.0 16.2  0.009900-99.9-99.9-99.9-99.9-9.9 9915.5 47 13.5  19 15.2-9.9-9.9
5017219810110 37.0 16.6 13.519910-99.9-99.9-99.9-99.9-9.9 9919.9 55 17.4   1  0.8-9.9-9.9
5017219810111 31.0 15.3  0.009900-99.9-99.9-99.9-99.9-9.9 9915.4 49 13.4  11  8.8-9.9-9.9
5017219810112 32.5 18.8  0.009900-99.9-99.9-99.9-99.9-9.9 9915.1 48 13.1   3  2.4-9.9-9.9
5017219810113 32.5 16.1  0.009900-99.9-99.9-99.9-99.9-9.9 9914.8 44 12.8  11  8.8-9.9-9.9
5017219810114 35.0 17.8 29.819900-99.9-99.9-99.9-99.9-9.9 9917.6 45 15.5  23 18.4-9.9-9.9
5017219810115 28.8 14.5 19.619900-99.9-99.9-99.9-99.9-9.9 9916.6 90 14.6  11  8.8-9.9-9.9
5017219810116 28.2 14.8  0.009900-99.9-99.9-99.9-99.9-9.9 9917.3 70 15.2   4  3.2-9.9-9.9
5017219810117 31.0 14.1  0.009900-99.9-99.9-99.9-99.9-9.9 9917.1 56 15.0   3  2.4-9.9-9.9
5017219810118 30.0 15.8  0.009900-99.9-99.9-99.9-99.9-9.9 9917.8 63 15.7  14 11.2-9.9-9.9
5017219810119 29.0 14.5  0.319900-99.9-99.9-99.9-99.9-9.9 9918.1 62 15.9  12  9.6-9.9-9.9
5017219810120 27.7 13.8  0.009900-99.9-99.9-99.9-99.9-9.9 9916.2 63 14.2   6  4.8-9.9-9.9
5017219810121 31.3 13.4  0.009900-99.9-99.9-99.9-99.9-9.9 9917.5 60 15.4   6  4.8-9.9-9.9
5017219810122 28.5 18.3  0.009900-99.9-99.9-99.9-99.9-9.9 9919.1 67 16.8   4  3.2-9.9-9.9
5017219810123 30.2 14.3 15.819900-99.9-99.9-99.9-99.9-9.9 9919.7 66 17.3   6  4.8-9.9-9.9
5017219810124 28.0 17.9 10.019900-99.9-99.9-99.9-99.9-9.9 9922.5 81 19.4   8  6.4-9.9-9.9
5017219810125 25.2 16.9  3.019900-99.9-99.9-99.9-99.9-9.9 9919.8 81 17.3   8  6.4-9.9-9.9
5017219810126 27.2 17.5 39.719900-99.9-99.9-99.9-99.9-9.9 9920.4 73 17.8   8  6.4-9.9-9.9
5017219810127 25.5 15.0  0.319900-99.9-99.9-99.9-99.9-9.9 9918.2 77 16.0  20 16.0-9.9-9.9
5017219810128 28.5 14.9  0.009900-99.9-99.9-99.9-99.9-9.9 9917.5 62 15.4   6  4.8-9.9-9.9
5017219810129 32.2 15.8  0.009900-99.9-99.9-99.9-99.9-9.9 9918.8 63 16.5   3  2.4-9.9-9.9
5017219810130 32.5 17.1  0.009900-99.9-99.9-99.9-99.9-9.9 9921.4 63 18.6  19 15.2-9.9-9.9
5017219810131 29.8 18.8  0.009900-99.9-99.9-99.9-99.9-9.9 9919.2 60 16.9  19 15.2-9.9-9.9
5017219810201 31.0 18.1  0.009900-99.9-99.9-99.9-99.9-9.9 9919.9 63 17.4   4  3.2-9.9-9.9
5017219810202 34.2 16.3  0.009900-99.9-99.9-99.9-99.9-9.9 9916.8 62 14.8  11  8.8-9.9-9.9
5017219810203 27.7 17.0  0.009900-99.9-99.9-99.9-99.9-9.9 9913.3 47 11.2  19 15.2-9.9-9.9
5017219810204 32.5 13.3  0.009900-99.9-99.9-99.9-99.9-9.9 9914.3 46 12.3   6  4.8-9.9-9.9
5017219810205 33.0 15.8  0.009900-99.9-99.9-99.9-99.9-9.9 9917.3 54 15.2  16 12.8-9.9-9.9
5017219810206 33.7 18.0 22.019900-99.9-99.9-99.9-99.9-9.9 9920.6 56 18.0  24 19.2-9.9-9.9
5017219810207 29.5 16.3  7.019900-99.9-99.9-99.9-99.9-9.9 9916.6 82 14.6  11  8.8-9.9-9.9
5017219810208 27.5 10.4  0.009900-99.9-99.9-99.9-99.9-9.9 9914.2 60 12.2   4  3.2-9.9-9.9
5017219810209 31.5 12.3  0.009900-99.9-99.9-99.9-99.9-9.9 9917.4 59 15.3  12  9.6-9.9-9.9
5017219810210 29.6 17.5  0.009900-99.9-99.9-99.9-99.9-9.9 9916.8 57 14.8  16 12.8-9.9-9.9
5017219810211 30.5 17.5  0.009900-99.9-99.9-99.9-99.9-9.9 9918.6 66 16.4  15 12.0-9.9-9.9
5017219810212 28.0 16.8  8.019900-99.9-99.9-99.9-99.9-9.9 9915.3 56 13.3  14 11.2-9.9-9.9
5017219810213 20.5 13.3  8.519900-99.9-99.9-99.9-99.9-9.9 9914.7 90 12.7   0  0.0-9.9-9.9
5017219810214 24.3 12.0  0.009900-99.9-99.9-99.9-99.9-9.9 9915.0 72 13.0   3  2.4-9.9-9.9
5017219810215 28.0 12.0  0.009900-99.9-99.9-99.9-99.9-9.9 9914.3 62 12.3   0  0.0-9.9-9.9
5017219810216 32.5 12.2  0.009900-99.9-99.9-99.9-99.9-9.9 9916.3 54 14.3  11  8.8-9.9-9.9
5017219810217 29.7 15.8  0.009900-99.9-99.9-99.9-99.9-9.9 9914.1 46 12.1  12  9.6-9.9-9.9
5017219810218 31.5 12.1  0.009900-99.9-99.9-99.9-99.9-9.9 9915.1 54 13.1   3  2.4-9.9-9.9
5017219810219 34.2 12.8  0.009900-99.9-99.9-99.9-99.9-9.9 9919.8 59 17.3   8  6.4-9.9-9.9
5017219810220 34.5 20.1  0.009900-99.9-99.9-99.9-99.9-9.9 9924.1 62 20.5  16 12.8-9.9-9.9
5017219810221 34.7 21.8  0.009900-99.9-99.9-99.9-99.9-9.9 9925.5 66 21.4  13 10.4-9.9-9.9
5017219810222 36.2 21.8  0.009900-99.9-99.9-99.9-99.9-9.9 9924.9 61 21.0  11  8.8-9.9-9.9
5017219810223 36.5 21.8  0.009900-99.9-99.9-99.9-99.9-9.9 9924.6 60 20.8   9  7.2-9.9-9.9
5017219810224 38.5 21.3  0.009900-99.9-99.9-99.9-99.9-9.9 9920.6 53 18.0  27 21.6-9.9-9.9
5017219810225 25.8 16.2  0.009900-99.9-99.9-99.9-99.9-9.9 9911.4 47  8.9   3  2.4-9.9-9.9
5017219810226 33.6 12.5  0.009900-99.9-99.9-99.9-99.9-9.9 9918.4 63 16.2   9  7.2-9.9-9.9
5017219810227 33.8 17.6  0.009900-99.9-99.9-99.9-99.9-9.9 9913.3 41 11.2   4  3.2-9.9-9.9
5017219810228 32.0 14.1  0.009900-99.9-99.9-99.9-99.9-9.9 9919.5 63 17.1   5  4.0-9.9-9.9
5017219810301 36.0 19.3  0.009900 15.4-99.9-99.9-99.9-9.9 9925.7 72 21.5   4  3.2-9.9-9.9
5017219810302 33.5 17.8 15.819900 14.0-99.9-99.9-99.9-9.9 9921.5 63 18.7  14 11.2-9.9-9.9
5017219810303 34.0 18.3  0.009900 15.8-99.9-99.9-99.9-9.9 9921.9 63 19.0   2  1.6-9.9-9.9
5017219810304 34.5 21.0  0.519900 18.0-99.9-99.9-99.9-9.9 9923.1 62 19.8  13 10.4-9.9-9.9
5017219810305 29.5 16.8  0.009900 13.5-99.9-99.9-99.9-9.9 9916.1 69 14.1  25 20.0-9.9-9.9
5017219810306 20.0 15.6  0.009900 15.0-99.9-99.9-99.9-9.9 9914.9 77 12.9  14 11.2-9.9-9.9
5017219810307 25.0 14.9  0.009900 14.0-99.9-99.9-99.9-9.9 9917.0 77 15.0   4  3.2-9.9-9.9
5017219810308 33.5 13.3  0.009900  9.5-99.9-99.9-99.9-9.9 9918.2 61 16.0   8  6.4-9.9-9.9
5017219810309 35.0 18.8  0.009900 14.0-99.9-99.9-99.9-9.9 9920.7 60 18.1   4  3.2-9.9-9.9
5017219810310 32.3 16.4  0.009900 12.6-99.9-99.9-99.9-9.9 9916.1 54 14.1   3  2.4-9.9-9.9
5017219810311 27.4 13.0  0.009900  8.5-99.9-99.9-99.9-9.9 9915.0 63 13.0  12  9.6-9.9-9.9
5017219810312 28.5 12.8  0.009900  8.5-99.9-99.9-99.9-9.9 9913.5 60 11.4   9  7.2-9.9-9.9
5017219810313 27.2 12.4  0.009900  7.5-99.9-99.9-99.9-9.9 9912.7 59 10.5   2  1.6-9.9-9.9
5017219810314 29.5  8.8  0.009900  3.0-99.9-99.9-99.9-9.9 9911.7 55  9.3   8  6.4-9.9-9.9
5017219810315 21.6 13.3  0.009900  9.0-99.9-99.9-99.9-9.9 9911.0 58  8.4  13 10.4-9.9-9.9
5017219810316 29.0 10.8  0.009900  5.5-99.9-99.9-99.9-9.9 9912.5 58 10.3   5  4.0-9.9-9.9
5017219810317 30.6 12.3  0.009900 10.2-99.9-99.9-99.9-9.9 9915.9 59 13.9   1  0.8-9.9-9.9
5017219810318 24.0 14.8  0.319900 14.5-99.9-99.9-99.9-9.9 9914.7 82 12.7  11  8.8-9.9-9.9
5017219810319 23.5 12.8  0.009900 10.2-99.9-99.9-99.9-9.9 9914.9 74 12.9   5  4.0-9.9-9.9
5017219810320 30.2 11.8  0.009900  6.5-99.9-99.9-99.9-9.9 9914.2 66 12.2   2  1.6-9.9-9.9
5017219810321 32.2 13.5  0.009900  9.8-99.9-99.9-99.9-9.9 9917.7 58 15.6  14 11.2-9.9-9.9
5017219810322 31.0 18.8  0.009900 15.5-99.9-99.9-99.9-9.9 9915.8 56 13.8  11  8.8-9.9-9.9
5017219810323 20.6  8.2  0.009900  4.0-99.9-99.9-99.9-9.9 99 8.7 58  5.0   1  0.8-9.9-9.9
5017219810324 27.3  5.2  0.009900  0.7-99.9-99.9-99.9-9.9 9910.9 54  8.2   8  6.4-9.9-9.9
5017219810325 32.2 11.5  0.009900  4.5-99.9-99.9-99.9-9.9 9916.2 61 14.2   2  1.6-9.9-9.9
5017219810326 31.5 14.9  0.009900 10.5-99.9-99.9-99.9-9.9 9918.8 66 16.5   4  3.2-9.9-9.9
5017219810327 27.2 15.5 25.019900 14.0-99.9-99.9-99.9-9.9 9917.5 77 15.4   9  7.2-9.9-9.9
5017219810328 26.2 10.3  0.009900  7.5-99.9-99.9-99.9-9.9 9915.7 78 13.7   2  1.6-9.9-9.9
5017219810329 27.0 11.6  0.009900  8.3-99.9-99.9-99.9-9.9 9917.0 71 15.0   5  4.0-9.9-9.9
5017219810330 28.7 11.8  0.009900  8.3-99.9-99.9-99.9-9.9 9916.7 68 14.7   4  3.2-9.9-9.9
5017219810331 26.3 13.1  0.319900  9.8-99.9-99.9-99.9-9.9 9916.9 76 14.9   4  3.2-9.9-9.9
5017219810401 27.0  8.3  0.519900-99.9-99.9-99.9-99.9-9.9 9916.4 72 14.4   2  1.6-9.9-9.9
5017219810402 26.0 14.4  0.009900-99.9-99.9-99.9-99.9-9.9 9917.2 81 15.1   6  4.8-9.9-9.9
5017219810403 25.5 10.9  0.009900-99.9-99.9-99.9-99.9-9.9 9914.1 70 12.1   3  2.4-9.9-9.9
5017219810404 30.0 11.2  0.009900-99.9-99.9-99.9-99.9-9.9 9917.4 72 15.3   9  7.2-9.9-9.9
5017219810405 28.0 14.3 19.419900-99.9-99.9-99.9-99.9-9.9 9918.4 70 16.2   0  0.0-9.9-9.9
5017219810406 23.0 14.8  2.019900-99.9-99.9-99.9-99.9-9.9 9916.3 83 14.3  14 11.2-9.9-9.9
5017219810407 26.0 11.6  0.009900-99.9-99.9-99.9-99.9-9.9 9917.0 77 15.0  11  8.8-9.9-9.9
5017219810408-99.9-99.9  0.009900-99.9-99.9-99.9-99.9-9.9 9920.0 88 17.5   2  1.6-9.9-9.9
5017219810409 25.5 17.6  0.419900-99.9-99.9-99.9-99.9-9.9 9919.8 86 17.3   4  3.2-9.9-9.9
5017219810410 25.0 14.8  0.009900-99.9-99.9-99.9-99.9-9.9 9918.1 78 15.9   4  3.2-9.9-9.9
5017219810411 26.0 14.6  0.009900-99.9-99.9-99.9-99.9-9.9 9918.0 79 15.8   4  3.2-9.9-9.9
5017219810412 28.6 15.3  0.009900-99.9-99.9-99.9-99.9-9.9 9919.2 75 16.9  15 12.0-9.9-9.9
5017219810413 21.8 13.0  0.319900-99.9-99.9-99.9-99.9-9.9 9914.1 84 12.1  31 24.8-9.9-9.9
5017219810414-99.9-99.9  2.519900-99.9-99.9-99.9-99.9-9.9 99-9.9-99-99.9 -99-99.9-9.9-9.9
5017219810415 20.0 12.0  0.009900-99.9-99.9-99.9-99.9-9.9 9915.3 85 13.3   8  6.4-9.9-9.9
5017219810416 20.5 13.8  0.619900-99.9-99.9-99.9-99.9-9.9 9915.3 78 13.3  11  8.8-9.9-9.9
5017219810417 21.2 14.8  0.119900-99.9-99.9-99.9-99.9-9.9 9916.7 82 14.7   3  2.4-9.9-9.9
5017219810418 25.0 10.8  2.519900-99.9-99.9-99.9-99.9-9.9 9915.1 71 13.1   3  2.4-9.9-9.9
5017219810419 25.5 12.8  0.719900-99.9-99.9-99.9-99.9-9.9 9915.9 75 13.9   1  0.8-9.9-9.9
5017219810420 19.0 13.6  0.009900-99.9-99.9-99.9-99.9-9.9 9914.6 81 12.6   4  3.2-9.9-9.9
5017219810421 21.0 11.3  0.009900-99.9-99.9-99.9-99.9-9.9 9914.5 83 12.5   1  0.8-9.9-9.9
5017219810422 27.0 10.8  0.009900-99.9-99.9-99.9-99.9-9.9 9912.6 67 10.4   8  6.4-9.9-9.9
5017219810423 18.0  4.3  0.009900-99.9-99.9-99.9-99.9-9.9 99 8.5 67  4.6   3  2.4-9.9-9.9
5017219810424 19.0  7.8  0.009900-99.9-99.9-99.9-99.9-9.9 9910.1 65  7.1  11  8.8-9.9-9.9
5017219810425 20.5 11.5  0.009900-99.9-99.9-99.9-99.9-9.9 9912.7 80 10.5   1  0.8-9.9-9.9
5017219810426 20.5  6.6  0.119900-99.9-99.9-99.9-99.9-9.9 9911.9 77  9.5   4  3.2-9.9-9.9
5017219810427 16.2  8.6  0.009900-99.9-99.9-99.9-99.9-9.9 9911.2 84  8.6  11  8.8-9.9-9.9
5017219810428 18.7  4.9  0.009900-99.9-99.9-99.9-99.9-9.9 99 9.6 69  6.4  13 10.4-9.9-9.9
5017219810429 26.2  4.3  0.009900-99.9-99.9-99.9-99.9-9.9 9910.3 59  7.4  19 15.2-9.9-9.9
5017219810430 25.5  4.9  0.009900-99.9-99.9-99.9-99.9-9.9 9910.4 63  7.5   9  7.2-9.9-9.9
5017219810501 25.0  7.8  0.009900-99.9-99.9-99.9-99.9-9.9 9911.7 63  9.3  11  8.8-9.9-9.9
5017219810502 24.2 13.8  0.009900-99.9-99.9-99.9-99.9-9.9 9912.8 58 10.6  24 19.2-9.9-9.9
5017219810503 25.7  8.5  0.009900-99.9-99.9-99.9-99.9-9.9 9910.9 58  8.2   5  4.0-9.9-9.9
5017219810504 29.5  7.6  0.009900-99.9-99.9-99.9-99.9-9.9 9913.2 64 11.1  11  8.8-9.9-9.9
5017219810505 20.0  9.2  0.009900-99.9-99.9-99.9-99.9-9.9 99 9.4 62  6.1   3  2.4-9.9-9.9
5017219810506 25.0  3.8  0.009900-99.9-99.9-99.9-99.9-9.9 9910.6 70  7.8   3  2.4-9.9-9.9
5017219810507 28.8  8.8  0.009900-99.9-99.9-99.9-99.9-9.9 9912.9 60 10.7  14 11.2-9.9-9.9
5017219810508 18.3  9.2  0.009900-99.9-99.9-99.9-99.9-9.9 99 9.5 66  6.2  11  8.8-9.9-9.9
5017219810509 20.0  2.8  0.009900-99.9-99.9-99.9-99.9-9.9 99 9.4 70  6.1   4  3.2-9.9-9.9
5017219810510 19.1  2.3  3.319900-99.9-99.9-99.9-99.9-9.9 9910.9 73  8.2   6  4.8-9.9-9.9
5017219810511 15.0  9.6  2.819900-99.9-99.9-99.9-99.9-9.9 9912.6 91 10.4   3  2.4-9.9-9.9
5017219810512 20.0 12.8  0.009900-99.9-99.9-99.9-99.9-9.9 9915.4 90 13.4  12  9.6-9.9-9.9
5017219810513 22.0  9.3  0.009900-99.9-99.9-99.9-99.9-9.9 9913.0 81 10.9   5  4.0-9.9-9.9
5017219810514 23.7  7.4  0.009900-99.9-99.9-99.9-99.9-9.9 9912.5 73 10.3   8  6.4-9.9-9.9
5017219810515 21.0  7.8  2.019900-99.9-99.9-99.9-99.9-9.9 9913.8 81 11.8   3  2.4-9.9-9.9
5017219810516 16.0 10.8  2.519900-99.9-99.9-99.9-99.9-9.9 9912.0 80  9.7   4  3.2-9.9-9.9
5017219810517 21.5 11.3  0.009900-99.9-99.9-99.9-99.9-9.9 9914.2 81 12.2   8  6.4-9.9-9.9
5017219810518 23.5  5.4  0.009900-99.9-99.9-99.9-99.9-9.9 9912.2 76  9.9   8  6.4-9.9-9.9
5017219810519 20.5  4.6  0.009900-99.9-99.9-99.9-99.9-9.9 99 8.1 65  3.9   3  2.4-9.9-9.9
5017219810520 20.7  0.6  0.009900-99.9-99.9-99.9-99.9-9.9 99 8.1 56  3.9   8  6.4-9.9-9.9
5017219810521 22.0  5.3  0.009900-99.9-99.9-99.9-99.9-9.9 99 9.6 62  6.4  16 12.8-9.9-9.9
5017219810522 25.0  8.0  0.009900-99.9-99.9-99.9-99.9-9.9 9911.7 64  9.3  11  8.8-9.9-9.9
5017219810523 26.0 10.1  0.009900-99.9-99.9-99.9-99.9-9.9 9914.7 74 12.7  23 18.4-9.9-9.9
5017219810524 19.0  7.6  0.009900-99.9-99.9-99.9-99.9-9.9 9910.1 67  7.1   8  6.4-9.9-9.9
5017219810525 15.5  5.8  0.009900-99.9-99.9-99.9-99.9-9.9 99 8.1 66  3.9   3  2.4-9.9-9.9
5017219810526 14.5  1.8  0.009900-99.9-99.9-99.9-99.9-9.9 99 7.8 75  3.4   4  3.2-9.9-9.9
5017219810527 17.3  5.3  0.009900-99.9-99.9-99.9-99.9-9.9 9910.2 76  7.3  15 12.0-9.9-9.9
5017219810528 21.2  8.3  0.009900-99.9-99.9-99.9-99.9-9.9 9912.1 78  9.8  16 12.8-9.9-9.9
5017219810529 18.5  5.6  0.009900-99.9-99.9-99.9-99.9-9.9 9912.5 82 10.3   2  1.6-9.9-9.9
5017219810530 21.0 11.0  9.019900-99.9-99.9-99.9-99.9-9.9 9913.2 76 11.1   6  4.8-9.9-9.9
5017219810531 15.0  8.4  1.019900-99.9-99.9-99.9-99.9-9.9 9911.1 91  8.5   1  0.8-9.9-9.9
5017219810601 18.0  1.4  0.009900 -2.5-99.9-99.9-99.9-9.9 99 7.6 68  3.0   3  2.4-9.9-9.9
5017219810602 15.3  0.0  0.009900 -4.5-99.9-99.9-99.9-9.9 99 7.2 76  2.3   3  2.4-9.9-9.9
5017219810603 14.7 -1.4  0.009900 -5.5-99.9-99.9-99.9-9.9 99 6.9 72  1.7   3  2.4-9.9-9.9
5017219810604 15.5  5.2  0.009900 -0.2-99.9-99.9-99.9-9.9 99 9.5 74  6.2   8  6.4-9.9-9.9
5017219810605 10.5  5.2  0.519900  4.5-99.9-99.9-99.9-9.9 99 9.4 87  6.1   0  0.0-9.9-9.9
5017219810606 13.0  8.0  0.009900  6.0-99.9-99.9-99.9-9.9 9910.1 83  7.1   9  7.2-9.9-9.9
5017219810607 16.6  7.3  0.009900  6.5-99.9-99.9-99.9-9.9 99 9.8 72  6.7  12  9.6-9.9-9.9
5017219810608 20.5  7.2  0.009900  2.5-99.9-99.9-99.9-9.9 99 8.8 57  5.1  27 21.6-9.9-9.9
5017219810609 20.8  3.6  0.719900 -1.4-99.9-99.9-99.9-9.9 99 9.0 70  5.4   8  6.4-9.9-9.9
5017219810610 16.5  1.8  0.009900 -3.0-99.9-99.9-99.9-9.9 99 6.2 58  0.2  13 10.4-9.9-9.9
5017219810611 17.2 -1.6  0.009900 -5.0-99.9-99.9-99.9-9.9 99 6.5 67  0.9   3  2.4-9.9-9.9
5017219810612 18.2  0.8  0.009900 -5.5-99.9-99.9-99.9-9.9 99 6.1 58  0.0   6  4.8-9.9-9.9
5017219810613 14.2 -0.3  0.009900 -6.0-99.9-99.9-99.9-9.9 99 5.8 63 -0.7   3  2.4-9.9-9.9
5017219810614 19.5  3.1  0.009900 -4.0-99.9-99.9-99.9-9.9 99 7.2 56  2.3  11  8.8-9.9-9.9
5017219810615 17.0 -1.6  0.009900 -5.5-99.9-99.9-99.9-9.9 99 6.3 64  0.4  14 11.2-9.9-9.9
5017219810616 10.5  1.0  0.009900 -5.5-99.9-99.9-99.9-9.9 99 6.6 81  1.1   1  0.8-9.9-9.9
5017219810617 13.8 -4.6  0.009900 -8.7-99.9-99.9-99.9-9.9 99 5.8 71 -0.7   8  6.4-9.9-9.9
5017219810618 17.0  1.3  0.009900 -4.2-99.9-99.9-99.9-9.9 99 6.3 58  0.4  17 13.6-9.9-9.9
5017219810619 18.5  0.4  0.009900 -5.5-99.9-99.9-99.9-9.9 99 6.7 63  1.3   7  5.6-9.9-9.9
5017219810620 19.5  4.9  0.009900 -3.3-99.9-99.9-99.9-9.9 99 7.7 58  3.2  16 12.8-9.9-9.9
5017219810621 12.1  2.5  0.009900 -2.0-99.9-99.9-99.9-9.9 99 7.6 73  3.0   6  4.8-9.9-9.9
5017219810622 15.5 -0.2  0.009900 -5.7-99.9-99.9-99.9-9.9 99 6.6 71  1.1   1  0.8-9.9-9.9
5017219810623 20.5 -2.2  0.009900 -7.8-99.9-99.9-99.9-9.9 99 5.1 73 -2.5   3  2.4-9.9-9.9
5017219810624 23.0  1.0  0.009900 -4.7-99.9-99.9-99.9-9.9 99 5.4 45 -1.7   8  6.4-9.9-9.9
5017219810625 14.5  6.8  0.009900 -1.0-99.9-99.9-99.9-9.9 99 4.9 44 -3.0  11  8.8-9.9-9.9
5017219810626 15.2  0.3  0.009900 -6.5-99.9-99.9-99.9-9.9 99 4.8 49 -3.3   6  4.8-9.9-9.9
5017219810627 14.0 -2.7  0.009900 -6.5-99.9-99.9-99.9-9.9 99 4.7 50 -3.6  11  8.8-9.9-9.9
5017219810628 21.2  0.0  0.009900 -7.5-99.9-99.9-99.9-9.9 99 5.8 37 -0.7  19 15.2-9.9-9.9
5017219810629 27.2  2.4  0.009900 -3.8-99.9-99.9-99.9-9.9 99 5.0 33 -2.7  11  8.8-9.9-9.9
5017219810630 19.5  8.8  0.009900  3.5-99.9-99.9-99.9-9.9 99 6.8 50  1.5   6  4.8-9.9-9.9
5017219810701 15.7  6.0  0.009900  3.0-99.9-99.9-99.9-9.9 99 8.6 64  4.8   6  4.8-9.9-9.9
5017219810702 19.5  4.2  0.009900 -2.5-99.9-99.9-99.9-9.9 99 7.6 58  3.0  11  8.8-9.9-9.9
5017219810703 17.2  4.2  0.009900 -1.0-99.9-99.9-99.9-9.9 99 8.3 69  4.3  14 11.2-9.9-9.9
5017219810704 18.2  1.4  0.009900 -1.5-99.9-99.9-99.9-9.9 99 8.0 67  3.8  13 10.4-9.9-9.9
5017219810705 20.2  3.0  0.009900 -3.5-99.9-99.9-99.9-9.9 99 8.9 72  5.3  15 12.0-9.9-9.9
5017219810706 19.5  7.0  0.009900  1.5-99.9-99.9-99.9-9.9 9910.4 71  7.5  11  8.8-9.9-9.9
5017219810707 21.5  5.0  0.009900 -0.7-99.9-99.9-99.9-9.9 9910.3 70  7.4   4  3.2-9.9-9.9
5017219810708 21.0  8.3  0.919900  2.7-99.9-99.9-99.9-9.9 9910.9 70  8.2  24 19.2-9.9-9.9
5017219810709 18.0  8.0  0.009900  1.6-99.9-99.9-99.9-9.9 99 8.7 65  5.0   6  4.8-9.9-9.9
5017219810710 18.8  3.8  0.009900 -0.5-99.9-99.9-99.9-9.9 99 6.9 50  1.7  12  9.6-9.9-9.9
5017219810711 26.5  1.6  0.009900 -5.7-99.9-99.9-99.9-9.9 99 7.3 54  2.5  13 10.4-9.9-9.9
5017219810712 16.2  0.5  0.009900 -4.5-99.9-99.9-99.9-9.9 99 6.1 62  0.0   3  2.4-9.9-9.9
5017219810713 20.5  0.5  0.009900 -4.8-99.9-99.9-99.9-9.9 99 9.2 68  5.8  11  8.8-9.9-9.9
5017219810714 19.5  7.8  0.009900  1.0-99.9-99.9-99.9-9.9 99 8.0 57  3.8  13 10.4-9.9-9.9
5017219810715 12.0  3.6  0.009900  3.5-99.9-99.9-99.9-9.9 99 6.9 80  1.7  22 17.6-9.9-9.9
5017219810716 10.0  1.8  0.009900  1.5-99.9-99.9-99.9-9.9 99 6.8 82  1.5   8  6.4-9.9-9.9
5017219810717 11.5 -4.2  0.009900 -9.5-99.9-99.9-99.9-9.9 99 4.7 61 -3.6   6  4.8-9.9-9.9
5017219810718 14.5 -6.0  0.009900 -1.5-99.9-99.9-99.9-9.9 99 5.0 61 -2.7  11  8.8-9.9-9.9
5017219810719 16.0 -1.8  0.009900 -7.5-99.9-99.9-99.9-9.9 99 4.6 47 -3.8  21 16.8-9.9-9.9
5017219810720 15.5  1.8  0.009900 -4.0-99.9-99.9-99.9-9.9 99 4.9 48 -3.0  14 11.2-9.9-9.9
5017219810721 10.2 -0.7  0.009900 -7.5-99.9-99.9-99.9-9.9 99 5.9 63 -0.5  24 19.2-9.9-9.9
5017219810722  9.6  1.6  0.009900 -1.8-99.9-99.9-99.9-9.9 99 5.3 65 -1.9   6  4.8-9.9-9.9
5017219810723 15.5 -2.2  0.009900 -9.8-99.9-99.9-99.9-9.9 99 4.7 53 -3.6  19 15.2-9.9-9.9
5017219810724 19.5  3.2  0.009900 -0.7-99.9-99.9-99.9-9.9 99 5.7 45 -1.0  22 17.6-9.9-9.9
5017219810725 20.2  4.6  0.009900 -2.7-99.9-99.9-99.9-9.9 99 6.1 44  0.0  31 24.8-9.9-9.9
5017219810726 19.7  5.3  0.009900 -0.5-99.9-99.9-99.9-9.9 99 6.5 48  0.9   4  3.2-9.9-9.9
5017219810727 20.5  0.0  0.009900 -5.6-99.9-99.9-99.9-9.9 99 6.2 53  0.2   8  6.4-9.9-9.9
5017219810728 17.5 -2.0  0.009900 -6.0-99.9-99.9-99.9-9.9 99 6.4 60  0.6   8  6.4-9.9-9.9
5017219810729 20.0  0.3  0.009900 -5.5-99.9-99.9-99.9-9.9 99 7.0 60  1.9   1  0.8-9.9-9.9
5017219810730 23.6  1.8  0.009900 -3.0-99.9-99.9-99.9-9.9 99 6.9 52  1.7  16 12.8-9.9-9.9
5017219810731 19.7  1.4  0.009900 -4.0-99.9-99.9-99.9-9.9 99 8.0 60  3.8   5  4.0-9.9-9.9
5017219810801 25.2  5.0  0.009900-99.9-99.9-99.9-99.9-9.9 99 9.8 58  6.7  19 15.2-9.9-9.9
5017219810802 15.5  5.8  0.009900-99.9-99.9-99.9-99.9-9.9 9910.5 86  7.7   4  3.2-9.9-9.9
5017219810803 15.5  5.8  0.009900-99.9-99.9-99.9-99.9-9.9 99 8.7 75  5.0   5  4.0-9.9-9.9
5017219810804 12.0  3.3  0.009900-99.9-99.9-99.9-99.9-9.9 99 8.0 71  3.8  11  8.8-9.9-9.9
5017219810805 16.0  1.0  0.009900-99.9-99.9-99.9-99.9-9.9 99 7.4 73  2.7   3  2.4-9.9-9.9
5017219810806 17.8  3.2  0.009900-99.9-99.9-99.9-99.9-9.9 99 7.7 66  3.2   4  3.2-9.9-9.9
5017219810807 18.2  0.1  0.009900-99.9-99.9-99.9-99.9-9.9 99 6.8 62  1.5   3  2.4-9.9-9.9
5017219810808 17.0  2.0  0.009900-99.9-99.9-99.9-99.9-9.9 99 5.3 47 -1.9   6  4.8-9.9-9.9
5017219810809 21.0  1.5  0.009900-99.9-99.9-99.9-99.9-9.9 99 6.7 49  1.3   5  4.0-9.9-9.9
5017219810810 25.6  2.0  0.009900-99.9-99.9-99.9-99.9-9.9 99 7.5 45  2.9  14 11.2-9.9-9.9
5017219810811 18.0  3.8  0.009900-99.9-99.9-99.9-99.9-9.9 99 4.8 47 -3.3   6  4.8-9.9-9.9
5017219810812 19.0  2.4  0.009900-99.9-99.9-99.9-99.9-9.9 99 5.2 45 -2.2   3  2.4-9.9-9.9
5017219810813 22.5  0.3  0.009900-99.9-99.9-99.9-99.9-9.9 99 6.4 52  0.6   3  2.4-9.9-9.9
5017219810814 27.3  1.2  0.009900-99.9-99.9-99.9-99.9-9.9 99 9.7 54  6.5   1  0.8-9.9-9.9
5017219810815 22.2  1.8  0.009900-99.9-99.9-99.9-99.9-9.9 99 7.3 54  2.5   1  0.8-9.9-9.9
5017219810816 23.5  5.0  0.009900-99.9-99.9-99.9-99.9-9.9 99 6.7 47  1.3   6  4.8-9.9-9.9
5017219810817 27.5  1.8  0.009900-99.9-99.9-99.9-99.9-9.9 99 7.9 48  3.6   3  2.4-9.9-9.9
5017219810818 24.8  3.8  0.009900-99.9-99.9-99.9-99.9-9.9 99 7.7 49  3.2   4  3.2-9.9-9.9
5017219810819 27.7  4.8  0.009900-99.9-99.9-99.9-99.9-9.9 9910.3 57  7.4   8  6.4-9.9-9.9
5017219810820 29.0  9.3  0.009900-99.9-99.9-99.9-99.9-9.9 9910.2 48  7.3  14 11.2-9.9-9.9
5017219810821 30.2  9.4  0.009900-99.9-99.9-99.9-99.9-9.9 9910.5 46  7.7  12  9.6-9.9-9.9
5017219810822 23.0  8.8  0.009900-99.9-99.9-99.9-99.9-9.9 99 8.5 45  4.6  16 12.8-9.9-9.9
5017219810823 20.0  5.1  0.009900-99.9-99.9-99.9-99.9-9.9 99 6.5 47  0.9  24 19.2-9.9-9.9
5017219810824 18.0 -1.7  0.009900-99.9-99.9-99.9-99.9-9.9 99 5.6 56 -1.2   1  0.8-9.9-9.9
5017219810825 15.1  1.2  0.009900-99.9-99.9-99.9-99.9-9.9 99 5.5 47 -1.4  22 17.6-9.9-9.9
5017219810826 14.6 -2.2  0.009900-99.9-99.9-99.9-99.9-9.9 99 5.8 61 -0.7   1  0.8-9.9-9.9
5017219810827 21.0  0.8  0.009900-99.9-99.9-99.9-99.9-9.9 99 7.4 56  2.7   8  6.4-9.9-9.9
5017219810828 24.0  3.8  0.009900-99.9-99.9-99.9-99.9-9.9 99 8.2 52  4.1   6  4.8-9.9-9.9
5017219810829 16.1  7.8  0.009900-99.9-99.9-99.9-99.9-9.9 99 6.9 52  1.7  17 13.6-9.9-9.9
5017219810830  9.6  0.0 22.819901-99.9-99.9-99.9-99.9-9.9 99 6.2 87  0.2  14 11.2-9.9-9.9
5017219810831  4.0  0.0  8.019901-99.9-99.9-99.9-99.9-9.9 99 6.9 97  1.7   1  0.8-9.9-9.9
5017219810901 12.5  1.8  0.009900-99.9-99.9-99.9-99.9-9.9 99 7.2 75  2.3   8  6.4-9.9-9.9
5017219810902 16.2 -0.9  0.009900-99.9-99.9-99.9-99.9-9.9 99 7.9 70  3.6   5  4.0-9.9-9.9
5017219810903 20.2  2.5  0.009900-99.9-99.9-99.9-99.9-9.9 99 8.3 62  4.3   3  2.4-9.9-9.9
5017219810904 26.5  3.8  0.009900-99.9-99.9-99.9-99.9-9.9 99 9.4 52  6.1  11  8.8-9.9-9.9
5017219810905 28.8  8.2  0.009900-99.9-99.9-99.9-99.9-9.9 9910.6 51  7.8  11  8.8-9.9-9.9
5017219810906 28.6  5.3  0.009900-99.9-99.9-99.9-99.9-9.9 9910.4 51  7.5   6  4.8-9.9-9.9
5017219810907 30.0  8.1  0.009900-99.9-99.9-99.9-99.9-9.9 99 9.0 40  5.4   6  4.8-9.9-9.9
5017219810908 22.2  6.4  0.009900-99.9-99.9-99.9-99.9-9.9 99 7.3 63  2.5  11  8.8-9.9-9.9
5017219810909 20.5  5.8  0.009900-99.9-99.9-99.9-99.9-9.9 99 7.1 52  2.1   4  3.2-9.9-9.9
5017219810910 21.6  1.4  0.009900-99.9-99.9-99.9-99.9-9.9 99 6.3 48  0.4   8  6.4-9.9-9.9
5017219810911 15.5  1.3  0.419900-99.9-99.9-99.9-99.9-9.9 99 5.4 48 -1.7   7  5.6-9.9-9.9
5017219810912 11.0  2.4  8.219900-99.9-99.9-99.9-99.9-9.9 99 7.0 92  1.9  16 12.8-9.9-9.9
5017219810913  7.2  0.6  2.519900-99.9-99.9-99.9-99.9-9.9 99 6.8 89  1.5   2  1.6-9.9-9.9
5017219810914 12.8  2.6  0.009900-99.9-99.9-99.9-99.9-9.9 99 7.1 74  2.1   6  4.8-9.9-9.9
5017219810915 20.7  0.5  0.009900-99.9-99.9-99.9-99.9-9.9 99 6.8 52  1.5  16 12.8-9.9-9.9
5017219810916 27.5  6.8  0.009900-99.9-99.9-99.9-99.9-9.9 99 8.3 41  4.3  11  8.8-9.9-9.9
5017219810917 21.5  8.8  0.009900-99.9-99.9-99.9-99.9-9.9 99 8.1 50  3.9   7  5.6-9.9-9.9
5017219810918 20.2  2.9  0.009900-99.9-99.9-99.9-99.9-9.9 99 6.3 47  0.4  11  8.8-9.9-9.9
5017219810919 19.3  0.3  0.009900-99.9-99.9-99.9-99.9-9.9 99 5.7 49 -1.0   7  5.6-9.9-9.9
5017219810920 14.2  3.8  0.009900-99.9-99.9-99.9-99.9-9.9 99 5.6 50 -1.2  22 17.6-9.9-9.9
5017219810921 19.5  0.5  0.009900-99.9-99.9-99.9-99.9-9.9 99 6.5 49  0.9   4  3.2-9.9-9.9
5017219810922 24.0  2.1  0.009900-99.9-99.9-99.9-99.9-9.9 99 7.8 47  3.4  11  8.8-9.9-9.9
5017219810923 26.7  5.1  0.009900-99.9-99.9-99.9-99.9-9.9 99 8.4 43  4.5  17 13.6-9.9-9.9
5017219810924 28.8  9.8  0.009900-99.9-99.9-99.9-99.9-9.9 99 9.9 43  6.8  16 12.8-9.9-9.9
5017219810925 30.2  9.0  0.009900-99.9-99.9-99.9-99.9-9.9 9911.8 50  9.4   9  7.2-9.9-9.9
5017219810926 28.5 11.8  0.009900-99.9-99.9-99.9-99.9-9.9 9913.4 52 11.3  11  8.8-9.9-9.9
5017219810927 22.5 12.6  0.009900-99.9-99.9-99.9-99.9-9.9 99 6.4 34  0.6  44 35.2-9.9-9.9
5017219810928 18.5  7.3  0.009900-99.9-99.9-99.9-99.9-9.9 99 5.2 35 -2.2  26 20.8-9.9-9.9
5017219810929 20.4 -0.6  0.009900-99.9-99.9-99.9-99.9-9.9 99 5.2 39 -2.2   9  7.2-9.9-9.9
5017219810930 26.8  5.8  0.009900-99.9-99.9-99.9-99.9-9.9 99 6.0 29 -0.2  24 19.2-9.9-9.9
5017219811001 30.0 10.3  0.009900  6.1-99.9-99.9-99.9-9.9 99 8.0 35  3.8  16 12.8-9.9-9.9
5017219811002 21.0  9.3  0.009900  1.8-99.9-99.9-99.9-9.9 99 7.2 41  2.3  25 20.0-9.9-9.9
5017219811003 14.2  5.8  6.219900  0.4-99.9-99.9-99.9-9.9 99 4.0 33 -5.7  35 28.0-9.9-9.9
5017219811004 10.4 -1.2  9.019901  2.7-99.9-99.9-99.9-9.9 99 6.5 94  0.9  24 19.2-9.9-9.9
5017219811005  8.5  2.0  0.119900  2.0-99.9-99.9-99.9-9.9 99 7.4 88  2.7   6  4.8-9.9-9.9
5017219811006 18.0 -0.4  0.009900 -5.0-99.9-99.9-99.9-9.9 99 6.4 56  0.6   8  6.4-9.9-9.9
5017219811007 12.8  4.4  0.519900  3.0-99.9-99.9-99.9-9.9 99 7.6 65  3.0  13 10.4-9.9-9.9
5017219811008 12.5  7.8  0.619900-99.9-99.9-99.9-99.9-9.9 99 9.7 79  6.5   4  3.2-9.9-9.9
5017219811009 22.7  6.8  1.219900  2.0-99.9-99.9-99.9-9.9 9910.4 65  7.5   8  6.4-9.9-9.9
5017219811010 22.2  8.3  0.009900  6.1-99.9-99.9-99.9-9.9 99 8.6 49  4.8   9  7.2-9.9-9.9
5017219811011 25.0  5.5  0.009900  1.0-99.9-99.9-99.9-9.9 99 6.6 32  1.1  24 19.2-9.9-9.9
5017219811012 23.0  4.3  0.009900 -3.2-99.9-99.9-99.9-9.9 99 5.9 37 -0.5   1  0.8-9.9-9.9
5017219811013 26.5  3.3  0.009900 -4.0-99.9-99.9-99.9-9.9 99 6.3 36  0.4   6  4.8-9.9-9.9
5017219811014 27.5  8.8  0.009900  3.0-99.9-99.9-99.9-9.9 99 9.7 42  6.5   6  4.8-9.9-9.9
5017219811015 24.5 10.3  0.009900  6.6-99.9-99.9-99.9-9.9 99 7.0 34  1.9  22 17.6-9.9-9.9
5017219811016 19.0  6.0  0.009900  0.5-99.9-99.9-99.9-9.9 99 7.5 50  2.9   6  4.8-9.9-9.9
5017219811017 19.2  9.5  2.119900  7.0-99.9-99.9-99.9-9.9 99 8.0 51  3.8   6  4.8-9.9-9.9
5017219811018 22.0  8.3  0.009900  7.5-99.9-99.9-99.9-9.9 9910.2 60  7.3   4  3.2-9.9-9.9
5017219811019 29.0  7.3  0.009900  2.0-99.9-99.9-99.9-9.9 99 9.6 43  6.4  11  8.8-9.9-9.9
5017219811020 32.0 11.1  0.009900  7.0-99.9-99.9-99.9-9.9 9910.1 38  7.1   0  0.0-9.9-9.9
5017219811021 29.0 14.5  0.009900 11.5-99.9-99.9-99.9-9.9 99 9.8 35  6.7  17 13.6-9.9-9.9
5017219811022 29.5 12.8  0.009900  6.9-99.9-99.9-99.9-9.9 9913.7 54 11.6   4  3.2-9.9-9.9
5017219811023 32.3 12.8  0.009900  8.3-99.9-99.9-99.9-9.9 9913.7 47 11.6   1  0.8-9.9-9.9
5017219811024 30.5 15.8  0.009900 10.6-99.9-99.9-99.9-9.9 99 8.8 31  5.1  19 15.2-9.9-9.9
5017219811025 22.5 14.8  1.019900 10.0-99.9-99.9-99.9-9.9 9913.2 60 11.1  11  8.8-9.9-9.9
5017219811026 31.0 10.8  0.009900  5.0-99.9-99.9-99.9-9.9 9913.5 52 11.4   7  5.6-9.9-9.9
5017219811027 26.2 15.9  0.009900 15.0-99.9-99.9-99.9-9.9 9914.4 62 12.4  19 15.2-9.9-9.9
5017219811028 31.6 12.9  8.519900  8.6-99.9-99.9-99.9-9.9 9918.0 65 15.8   8  6.4-9.9-9.9
5017219811029 25.2 15.8  1.219910  5.6-99.9-99.9-99.9-9.9 9913.0 57 10.9  34 27.2-9.9-9.9
5017219811030 22.8 14.9  0.009900 12.8-99.9-99.9-99.9-9.9 99 8.9 42  5.3  26 20.8-9.9-9.9
5017219811031 27.5 10.3  0.009900  6.8-99.9-99.9-99.9-9.9 9913.7 60 11.6   8  6.4-9.9-9.9
5017219811101 26.0 12.5  0.009900  8.0-99.9-99.9-99.9-9.9 9916.3 71 14.3  11  8.8-9.9-9.9
5017219811102 30.7 13.5  0.219900 10.0-99.9-99.9-99.9-9.9 9913.9 53 11.9  15 12.0-9.9-9.9
5017219811103 22.0 11.0  0.219900  9.4-99.9-99.9-99.9-9.9 99 6.0 36 -0.2  30 24.0-9.9-9.9
5017219811104 14.2  7.8  3.519900  8.0-99.9-99.9-99.9-9.9 99 9.9 87  6.8  27 21.6-9.9-9.9
5017219811105 19.0  7.1  0.009900  6.7-99.9-99.9-99.9-9.9 99 9.6 66  6.4  11  8.8-9.9-9.9
5017219811106 27.5  5.4  0.009900  1.1-99.9-99.9-99.9-9.9 99 8.6 41  4.8  16 12.8-9.9-9.9
5017219811107 30.4  8.6  0.009900  1.8-99.9-99.9-99.9-9.9 99 9.3 35  5.9   6  4.8-9.9-9.9
5017219811108 31.5 13.5  0.009900  9.0-99.9-99.9-99.9-9.9 99 9.2 32  5.8  13 10.4-9.9-9.9
5017219811109 33.3 10.2  0.009900  3.5-99.9-99.9-99.9-9.9 9911.7 41  9.3   4  3.2-9.9-9.9
5017219811110 29.5 12.3  0.009900  6.6-99.9-99.9-99.9-9.9 99 9.5 34  6.2  19 15.2-9.9-9.9
5017219811111 31.0 11.8  0.009900  6.8-99.9-99.9-99.9-9.9 9911.4 35  8.9   3  2.4-9.9-9.9
5017219811112 36.0 14.3  1.219900  9.0-99.9-99.9-99.9-9.9 9914.5 39 12.5   9  7.2-9.9-9.9
5017219811113 29.0 17.3  0.009900 14.0-99.9-99.9-99.9-9.9 9910.7 49  8.0  22 17.6-9.9-9.9
5017219811114 30.5  7.8  0.009900  8.0-99.9-99.9-99.9-9.9 99 9.3 39  5.9   1  0.8-9.9-9.9
5017219811115 33.5 10.8  0.009900  3.6-99.9-99.9-99.9-9.9 99 9.6 28  6.4   9  7.2-9.9-9.9
5017219811116 34.5 13.8  0.009900  7.5-99.9-99.9-99.9-9.9 9913.7 45 11.6   8  6.4-9.9-9.9
5017219811117 25.5 16.8  0.009900 10.0-99.9-99.9-99.9-9.9 99 5.7 25 -1.0  41 32.8-9.9-9.9
5017219811118 20.6  7.2  0.009900  5.0-99.9-99.9-99.9-9.9 99 5.5 34 -1.4  12  9.6-9.9-9.9
5017219811119 28.0  4.3  0.009900 -3.4-99.9-99.9-99.9-9.9 99 6.4 28  0.6  13 10.4-9.9-9.9
5017219811120 33.7 10.5  0.009900  3.3-99.9-99.9-99.9-9.9 99 9.9 34  6.8  12  9.6-9.9-9.9
5017219811121 27.5 11.3  0.009900  9.9-99.9-99.9-99.9-9.9 99 5.6 28 -1.2  16 12.8-9.9-9.9
5017219811122 29.2  6.8  0.009900  1.0-99.9-99.9-99.9-9.9 99 7.3 30  2.5  17 13.6-9.9-9.9
5017219811123 30.5 11.7 35.519900  5.5-99.9-99.9-99.9-9.9 9913.4 55 11.3  14 11.2-9.9-9.9
5017219811124 26.0 14.8  0.219900 14.5-99.9-99.9-99.9-9.9 9916.6 72 14.6   3  2.4-9.9-9.9
5017219811125 29.7 13.8  0.619900 10.0-99.9-99.9-99.9-9.9 9919.0 71 16.7   7  5.6-9.9-9.9
5017219811126 24.5 17.0  7.219900 16.9-99.9-99.9-99.9-9.9 9917.6 78 15.5  30 24.0-9.9-9.9
5017219811127 24.0 14.5  7.419900 14.0-99.9-99.9-99.9-9.9 9916.0 77 14.0  14 11.2-9.9-9.9
5017219811128 30.5 13.3  3.019900 10.7-99.9-99.9-99.9-9.9 9915.2 55 13.2   0  0.0-9.9-9.9
5017219811129 23.8 14.1  0.009900 11.1-99.9-99.9-99.9-9.9 9914.1 69 12.1  24 19.2-9.9-9.9
5017219811130 23.3  8.4  0.009900  5.0-99.9-99.9-99.9-9.9 99 8.3 42  4.3  11  8.8-9.9-9.9
5017219811201 22.5  9.8  0.009900-99.9-99.9-99.9-99.9-9.9 99 8.4 42  4.5  21 16.8-9.9-9.9
5017219811202 26.1 10.1  0.009900-99.9-99.9-99.9-99.9-9.9 9910.6 44  7.8  12  9.6-9.9-9.9
5017219811203 31.0 12.9  0.009900-99.9-99.9-99.9-99.9-9.9 9914.5 49 12.5   9  7.2-9.9-9.9
5017219811204 25.7 15.3  4.219900-99.9-99.9-99.9-99.9-9.9 9915.6 75 13.6   4  3.2-9.9-9.9
5017219811205 28.7  7.8  0.009900-99.9-99.9-99.9-99.9-9.9 9910.7 41  8.0   8  6.4-9.9-9.9
5017219811206 27.0 11.3  0.009900-99.9-99.9-99.9-99.9-9.9 99 9.8 40  6.7  14 11.2-9.9-9.9
5017219811207 32.6 10.6  0.009900-99.9-99.9-99.9-99.9-9.9 9912.7 40 10.5   9  7.2-9.9-9.9
5017219811208 33.7 17.2  0.219900-99.9-99.9-99.9-99.9-9.9 9914.2 38 12.2  19 15.2-9.9-9.9
5017219811209 29.2 18.1  0.009900-99.9-99.9-99.9-99.9-9.9 9912.6 48 10.4  31 24.8-9.9-9.9
5017219811210 30.7 11.6  0.009900-99.9-99.9-99.9-99.9-9.9 9912.4 41 10.1   6  4.8-9.9-9.9
5017219811211 33.0 15.0  0.009900-99.9-99.9-99.9-99.9-9.9 9915.1 43 13.1   2  1.6-9.9-9.9
5017219811212 35.5 17.3  0.009900-99.9-99.9-99.9-99.9-9.9 9914.9 37 12.9  17 13.6-9.9-9.9
5017219811213 32.5 17.5  4.519900-99.9-99.9-99.9-99.9-9.9 9918.6 57 16.4  13 10.4-9.9-9.9
5017219811214 29.5 16.9  0.009910-99.9-99.9-99.9-99.9-9.9 9913.4 50 11.3  17 13.6-9.9-9.9
5017219811215 31.8 11.1  0.009900-99.9-99.9-99.9-99.9-9.9 9912.2 39  9.9  14 11.2-9.9-9.9
5017219811216 37.3 16.0  0.009900-99.9-99.9-99.9-99.9-9.9 9911.8 30  9.4  22 17.6-9.9-9.9
5017219811217 28.0  9.3  0.009900-99.9-99.9-99.9-99.9-9.9 99 9.2 40  5.8   9  7.2-9.9-9.9
5017219811218 32.2 10.1  0.009900-99.9-99.9-99.9-99.9-9.9 9912.6 44 10.4   4  3.2-9.9-9.9
5017219811219 34.8 16.8  0.009900-99.9-99.9-99.9-99.9-9.9 9913.1 36 11.0  20 16.0-9.9-9.9
5017219811220 29.2 15.0  0.009900-99.9-99.9-99.9-99.9-9.9 99 7.8 34  3.4  11  8.8-9.9-9.9
5017219811221 28.0  7.3  0.009900-99.9-99.9-99.9-99.9-9.9 99 9.6 40  6.4   6  4.8-9.9-9.9
5017219811222 30.7 10.6  0.009900-99.9-99.9-99.9-99.9-9.9 99 8.6 28  4.8  26 20.8-9.9-9.9
5017219811223 32.8  9.8  0.009900-99.9-99.9-99.9-99.9-9.9 9910.1 32  7.1  14 11.2-9.9-9.9
5017219811224 36.5 13.8  0.009900-99.9-99.9-99.9-99.9-9.9 9914.3 37 12.3   4  3.2-9.9-9.9
5017219811225 37.2 16.8  0.119900-99.9-99.9-99.9-99.9-9.9 9915.4 37 13.4  20 16.0-9.9-9.9
5017219811226 37.5 16.1  5.019900-99.9-99.9-99.9-99.9-9.9 9917.7 50 15.6   1  0.8-9.9-9.9
5017219811227 36.7 16.6  0.009900-99.9-99.9-99.9-99.9-9.9 9918.1 48 15.9   7  5.6-9.9-9.9
5017219811228 35.7 20.8  0.009900-99.9-99.9-99.9-99.9-9.9 9919.7 53 17.3   6  4.8-9.9-9.9
5017219811229 37.5 18.1  0.009900-99.9-99.9-99.9-99.9-9.9 9920.2 49 17.7   4  3.2-9.9-9.9
5017219811230 33.6 18.9  0.009900-99.9-99.9-99.9-99.9-9.9 9914.2 40 12.2  38 30.4-9.9-9.9
5017219811231 26.1 15.0  0.009900-99.9-99.9-99.9-99.9-9.9 99 7.9 34  3.6  14 11.2-9.9-9.9
5017219820101 30.0  9.3  0.009900-99.9-99.9-99.9-99.9-9.9 9911.3 39  8.8   6  4.8-9.9-9.9
5017219820102 33.5 18.3  0.009900-99.9-99.9-99.9-99.9-9.9 9914.9 42 12.9  19 15.2-9.9-9.9
5017219820103 37.3 18.0  0.009900-99.9-99.9-99.9-99.9-9.9 9915.0 36 13.0  12  9.6-9.9-9.9
5017219820104 34.5 18.0  0.319900-99.9-99.9-99.9-99.9-9.9 9916.0 49 14.0  11  8.8-9.9-9.9
5017219820105 30.5 16.0  4.219900-99.9-99.9-99.9-99.9-9.9 9912.3 39 10.0  26 20.8-9.9-9.9
5017219820106 31.6 14.2 13.019900-99.9-99.9-99.9-99.9-9.9 9914.9 50 12.9  14 11.2-9.9-9.9
5017219820107 30.2 15.3  0.719900-99.9-99.9-99.9-99.9-9.9 9915.9 64 13.9  12  9.6-9.9-9.9
5017219820108 31.0 14.7  0.009900-99.9-99.9-99.9-99.9-9.9 9915.8 58 13.8   6  4.8-9.9-9.9
5017219820109 30.5 16.5  6.019900-99.9-99.9-99.9-99.9-9.9 9914.0 45 12.0  16 12.8-9.9-9.9
5017219820110 31.7 15.8  0.009900-99.9-99.9-99.9-99.9-9.9 9916.8 52 14.8   8  6.4-9.9-9.9
5017219820111 34.3 16.1  0.009900-99.9-99.9-99.9-99.9-9.9 9916.5 50 14.5  19 15.2-9.9-9.9
5017219820112 30.5 16.5  3.719910-99.9-99.9-99.9-99.9-9.9 9914.4 46 12.4  34 27.2-9.9-9.9
5017219820113 30.5 11.8  0.009900-99.9-99.9-99.9-99.9-9.9 9913.0 46 10.9   4  3.2-9.9-9.9
5017219820114 35.0 13.5  0.009900-99.9-99.9-99.9-99.9-9.9 9916.1 44 14.1  11  8.8-9.9-9.9
5017219820115 31.5 18.4  0.319900-99.9-99.9-99.9-99.9-9.9 9918.3 54 16.1  11  8.8-9.9-9.9
5017219820116 28.2 15.8  0.009900-99.9-99.9-99.9-99.9-9.9 9911.0 41  8.4  21 16.8-9.9-9.9
5017219820117 28.0  7.8  0.009900-99.9-99.9-99.9-99.9-9.9 9910.6 41  7.8  13 10.4-9.9-9.9
5017219820118 33.7 12.3  0.009900-99.9-99.9-99.9-99.9-9.9 9915.4 46 13.4  14 11.2-9.9-9.9
5017219820119 35.7 17.5  0.009900-99.9-99.9-99.9-99.9-9.9 9918.6 49 16.4   9  7.2-9.9-9.9
5017219820120 33.0 17.8  3.219900-99.9-99.9-99.9-99.9-9.9 9919.5 57 17.1   9  7.2-9.9-9.9
5017219820121 28.0 15.3  0.009900-99.9-99.9-99.9-99.9-9.9 9910.7 44  8.0  16 12.8-9.9-9.9
5017219820122 30.5  9.0  0.009900-99.9-99.9-99.9-99.9-9.9 9911.9 44  9.5   6  4.8-9.9-9.9
5017219820123 37.2 13.1  0.009900-99.9-99.9-99.9-99.9-9.9 9916.5 44 14.5   6  4.8-9.9-9.9
5017219820124 29.0 19.8  4.019900-99.9-99.9-99.9-99.9-9.9 9920.1 69 17.6   8  6.4-9.9-9.9
5017219820125 34.5 15.7  0.009900-99.9-99.9-99.9-99.9-9.9 9918.5 53 16.3   8  6.4-9.9-9.9
5017219820126 36.5 17.2  0.719900-99.9-99.9-99.9-99.9-9.9 9918.5 54 16.3  21 16.8-9.9-9.9
5017219820127 33.7 17.4 14.519900-99.9-99.9-99.9-99.9-9.9 9918.2 55 16.0   4  3.2-9.9-9.9
5017219820128 34.0 16.8  7.019910-99.9-99.9-99.9-99.9-9.9 9919.0 60 16.7   4  3.2-9.9-9.9
5017219820129 36.5 18.2  0.009900-99.9-99.9-99.9-99.9-9.9 9920.5 52 17.9  16 12.8-9.9-9.9
5017219820130 31.5 14.4  0.009900-99.9-99.9-99.9-99.9-9.9 9918.4 61 16.2   1  0.8-9.9-9.9
5017219820131 36.5 16.8  0.009900-99.9-99.9-99.9-99.9-9.9 9920.6 53 18.0   8  6.4-9.9-9.9
5017219820201 36.6 18.8 14.219900-99.9-99.9-99.9-99.9-9.9 9922.4 57 19.3   4  3.2-9.9-9.9
5017219820202 31.5 15.3  0.009910-99.9-99.9-99.9-99.9-9.9 9910.1 46  7.1  23 18.4-9.9-9.9
5017219820203 25.0  8.0  0.009900-99.9-99.9-99.9-99.9-9.9 9910.5 53  7.7  10  8.0-9.9-9.9
5017219820204 32.5  9.0  0.009900-99.9-99.9-99.9-99.9-9.9 9912.6 48 10.4   5  4.0-9.9-9.9
5017219820205 32.7 12.6  0.009900-99.9-99.9-99.9-99.9-9.9 9912.9 43 10.7  12  9.6-9.9-9.9
5017219820206 35.0 16.3  5.519910-99.9-99.9-99.9-99.9-9.9 9916.9 53 14.9  14 11.2-9.9-9.9
5017219820207 28.8 12.5  0.009900-99.9-99.9-99.9-99.9-9.9 9913.3 51 11.2   3  2.4-9.9-9.9
5017219820208 32.5 12.6  0.009900-99.9-99.9-99.9-99.9-9.9 9913.0 42 10.9  16 12.8-9.9-9.9
5017219820209 35.2 15.3  0.009900-99.9-99.9-99.9-99.9-9.9 9916.2 47 14.2   6  4.8-9.9-9.9
5017219820210 33.5 17.6  0.009900-99.9-99.9-99.9-99.9-9.9 9912.0 34  9.7  13 10.4-9.9-9.9
5017219820211 30.5 12.9  0.009900-99.9-99.9-99.9-99.9-9.9 9911.0 40  8.4  13 10.4-9.9-9.9
5017219820212 35.5 13.0  0.009900-99.9-99.9-99.9-99.9-9.9 9915.6 47 13.6   1  0.8-9.9-9.9
5017219820213 27.5 16.3  0.009900-99.9-99.9-99.9-99.9-9.9 9910.3 41  7.4  15 12.0-9.9-9.9
5017219820214 31.5 10.3  0.009900-99.9-99.9-99.9-99.9-9.9 9912.4 50 10.1   8  6.4-9.9-9.9
5017219820215 29.5 13.0  0.009900-99.9-99.9-99.9-99.9-9.9 9910.2 36  7.3  23 18.4-9.9-9.9
5017219820216 28.5 10.8  0.009900-99.9-99.9-99.9-99.9-9.9 99 8.0 33  3.8  14 11.2-9.9-9.9
5017219820217 28.0 13.6  0.009900-99.9-99.9-99.9-99.9-9.9 99 9.9 37  6.8  23 18.4-9.9-9.9
5017219820218 30.0 14.8  3.419900-99.9-99.9-99.9-99.9-9.9 9917.4 65 15.3   3  2.4-9.9-9.9
5017219820219 27.5 15.0 17.019900-99.9-99.9-99.9-99.9-9.9 9919.3 77 16.9   8  6.4-9.9-9.9
5017219820220 27.5 15.1  2.019900-99.9-99.9-99.9-99.9-9.9 9915.9 68 13.9   8  6.4-9.9-9.9
5017219820221 24.0 13.8  0.009900-99.9-99.9-99.9-99.9-9.9 9914.2 61 12.2  33 26.4-9.9-9.9
5017219820222 23.5 10.8  0.009900-99.9-99.9-99.9-99.9-9.9 99 9.3 49  5.9   6  4.8-9.9-9.9
5017219820223 29.0 10.3  0.009900-99.9-99.9-99.9-99.9-9.9 9912.5 55 10.3   6  4.8-9.9-9.9
5017219820224 31.0 12.0  0.009900-99.9-99.9-99.9-99.9-9.9 9913.8 48 11.8  27 21.6-9.9-9.9
5017219820225 29.2 12.5  7.819900-99.9-99.9-99.9-99.9-9.9 9914.7 56 12.7   4  3.2-9.9-9.9
5017219820226 30.5 14.0  2.519900-99.9-99.9-99.9-99.9-9.9 9915.2 60 13.2   6  4.8-9.9-9.9
5017219820227 32.2 15.8  5.419900-99.9-99.9-99.9-99.9-9.9 9915.1 48 13.1  19 15.2-9.9-9.9
5017219820228 33.0 17.3  0.009900-99.9-99.9-99.9-99.9-9.9 9918.4 60 16.2  12  9.6-9.9-9.9
5017219820301 30.1 16.9 11.719900-99.9-99.9-99.9-99.9-9.9 9917.5 66 15.4  21 16.8-9.9-9.9
5017219820302 23.5 15.8  6.019900-99.9-99.9-99.9-99.9-9.9 9918.6 87 16.4   1  0.8-9.9-9.9
5017219820303 27.5 15.8  0.009900-99.9-99.9-99.9-99.9-9.9 9919.4 77 17.0   7  5.6-9.9-9.9
5017219820304 29.2 15.3  0.009900-99.9-99.9-99.9-99.9-9.9 9918.5 72 16.3   6  4.8-9.9-9.9
5017219820305 30.5 14.3  0.009900-99.9-99.9-99.9-99.9-9.9 9917.6 65 15.5  14 11.2-9.9-9.9
5017219820306 33.2 17.5  0.009900-99.9-99.9-99.9-99.9-9.9 9918.2 57 16.0   8  6.4-9.9-9.9
5017219820307 32.0 18.3  0.009900-99.9-99.9-99.9-99.9-9.9 9917.3 58 15.2  14 11.2-9.9-9.9
5017219820308 30.0 18.3  0.009900-99.9-99.9-99.9-99.9-9.9 9916.9 58 14.9   5  4.0-9.9-9.9
5017219820309 29.0 14.3  0.319900-99.9-99.9-99.9-99.9-9.9 9915.7 61 13.7  22 17.6-9.9-9.9
5017219820310 26.5 10.4  0.009900-99.9-99.9-99.9-99.9-9.9 9911.2 52  8.6   8  6.4-9.9-9.9
5017219820311 31.4 14.8  0.009900-99.9-99.9-99.9-99.9-9.9 9917.2 61 15.1  12  9.6-9.9-9.9
5017219820312 31.5 16.6 22.319910-99.9-99.9-99.9-99.9-9.9 9918.5 72 16.3  11  8.8-9.9-9.9
5017219820313 27.5 14.8  0.009900-99.9-99.9-99.9-99.9-9.9 9917.9 74 15.8   4  3.2-9.9-9.9
5017219820314 28.0 15.3  0.009900-99.9-99.9-99.9-99.9-9.9 9917.5 73 15.4   6  4.8-9.9-9.9
5017219820315 26.8 13.8  0.009900-99.9-99.9-99.9-99.9-9.9 9918.1 76 15.9   9  7.2-9.9-9.9
5017219820316 29.7 13.8  0.419900-99.9-99.9-99.9-99.9-9.9 9918.0 72 15.8  11  8.8-9.9-9.9
5017219820317 26.5  9.4  0.009900-99.9-99.9-99.9-99.9-9.9 9911.3 57  8.8   5  4.0-9.9-9.9
5017219820318 31.6 10.9  0.009900-99.9-99.9-99.9-99.9-9.9 9915.4 59 13.4  11  8.8-9.9-9.9
5017219820319 26.5 15.8  0.009900-99.9-99.9-99.9-99.9-9.9 9911.7 46  9.3  20 16.0-9.9-9.9
5017219820320 29.0 11.8  0.009900-99.9-99.9-99.9-99.9-9.9 9913.8 59 11.8   4  3.2-9.9-9.9
5017219820321 32.0 13.8  0.009900-99.9-99.9-99.9-99.9-9.9 9916.3 60 14.3   6  4.8-9.9-9.9
5017219820322 31.5 14.5  0.009900-99.9-99.9-99.9-99.9-9.9 9917.2 60 15.1   8  6.4-9.9-9.9
5017219820323 30.0 16.3  0.009900-99.9-99.9-99.9-99.9-9.9 9913.7 49 11.6   9  7.2-9.9-9.9
5017219820324 22.6 11.0  6.019900-99.9-99.9-99.9-99.9-9.9 9910.0 59  7.0  29 23.2-9.9-9.9
5017219820325 14.5  9.0  2.019900-99.9-99.9-99.9-99.9-9.9 9910.2 80  7.3   1  0.8-9.9-9.9
5017219820326 18.0  9.6  0.009900-99.9-99.9-99.9-99.9-9.9 9910.9 79  8.2   4  3.2-9.9-9.9
5017219820327 23.5  4.8  0.009900-99.9-99.9-99.9-99.9-9.9 99 9.3 59  5.9   3  2.4-9.9-9.9
5017219820328 28.0  6.8  0.009900-99.9-99.9-99.9-99.9-9.9 9910.1 48  7.1   7  5.6-9.9-9.9
5017219820329 32.1 13.7  0.009900-99.9-99.9-99.9-99.9-9.9 9912.5 48 10.3   8  6.4-9.9-9.9
5017219820330 31.0 10.5  0.009900-99.9-99.9-99.9-99.9-9.9 9913.2 58 11.1   3  2.4-9.9-9.9
5017219820331 28.5 13.0  0.009900-99.9-99.9-99.9-99.9-9.9 9913.4 59 11.3   6  4.8-9.9-9.9
5017219820401 30.0 11.6  0.009900-99.9-99.9-99.9-99.9-9.9 9914.9 62 12.9   2  1.6-9.9-9.9
5017219820402 30.0 13.5  0.009900-99.9-99.9-99.9-99.9-9.9 9914.8 60 12.8   3  2.4-9.9-9.9
5017219820403 26.2 14.5  0.009900-99.9-99.9-99.9-99.9-9.9 9915.4 64 13.4  21 16.8-9.9-9.9
5017219820404 28.0 15.4  0.009900-99.9-99.9-99.9-99.9-9.9 9914.5 60 12.5   9  7.2-9.9-9.9
5017219820405 30.8 13.8  2.019900-99.9-99.9-99.9-99.9-9.9 9916.6 62 14.6  12  9.6-9.9-9.9
5017219820406 23.0 13.8 51.019900-99.9-99.9-99.9-99.9-9.9 9916.5 90 14.5  23 18.4-9.9-9.9
5017219820407 21.5 12.4  0.009900-99.9-99.9-99.9-99.9-9.9 9916.2 85 14.2  11  8.8-9.9-9.9
5017219820408 26.0 10.3  0.009900-99.9-99.9-99.9-99.9-9.9 9915.5 73 13.5   8  6.4-9.9-9.9
5017219820409 29.3 13.5  0.009900-99.9-99.9-99.9-99.9-9.9 9916.5 62 14.5  16 12.8-9.9-9.9
5017219820410 30.2 15.1  0.009900-99.9-99.9-99.9-99.9-9.9 9918.0 71 15.8   8  6.4-9.9-9.9
5017219820411 27.5 12.1  0.009900-99.9-99.9-99.9-99.9-9.9 9914.4 64 12.4   8  6.4-9.9-9.9
5017219820412 29.2 13.5 14.019910-99.9-99.9-99.9-99.9-9.9 9914.9 66 12.9  18 14.4-9.9-9.9
5017219820413 24.0  8.3  0.009900-99.9-99.9-99.9-99.9-9.9 9911.5 69  9.0   3  2.4-9.9-9.9
5017219820414 21.5 10.5  0.009900-99.9-99.9-99.9-99.9-9.9 99 9.6 62  6.4  11  8.8-9.9-9.9
5017219820415 22.7  4.8  0.009900-99.9-99.9-99.9-99.9-9.9 99 9.1 62  5.6   5  4.0-9.9-9.9
5017219820416 24.5 11.2  0.009900-99.9-99.9-99.9-99.9-9.9 9912.4 62 10.1  16 12.8-9.9-9.9
5017219820417 21.5 10.6 29.519900-99.9-99.9-99.9-99.9-9.9 9912.7 81 10.5  12  9.6-9.9-9.9
5017219820418 11.8  8.2 26.519910-99.9-99.9-99.9-99.9-9.9 9911.5 92  9.0  11  8.8-9.9-9.9
5017219820419 16.5 10.0  0.319900-99.9-99.9-99.9-99.9-9.9 9910.6 79  7.8   9  7.2-9.9-9.9
5017219820420 19.0  4.9  0.009900-99.9-99.9-99.9-99.9-9.9 99 8.8 64  5.1   8  6.4-9.9-9.9
5017219820421 22.7  4.1  0.009900-99.9-99.9-99.9-99.9-9.9 9910.1 66  7.1   8  6.4-9.9-9.9
5017219820422 24.5  6.8  0.009900-99.9-99.9-99.9-99.9-9.9 9911.5 69  9.0  11  8.8-9.9-9.9
5017219820423 24.5  9.8  0.009900-99.9-99.9-99.9-99.9-9.9 9912.9 69 10.7   7  5.6-9.9-9.9
5017219820424 24.8  8.0  0.009900-99.9-99.9-99.9-99.9-9.9 9913.4 72 11.3   3  2.4-9.9-9.9
5017219820425 23.2 10.2  0.009900-99.9-99.9-99.9-99.9-9.9 9914.3 74 12.3   2  1.6-9.9-9.9
5017219820426 19.5 14.2  0.009900-99.9-99.9-99.9-99.9-9.9 9916.6 88 14.6  11  8.8-9.9-9.9
5017219820427 16.5 14.2  0.009900-99.9-99.9-99.9-99.9-9.9 9914.8 86 12.8  26 20.8-9.9-9.9
5017219820428 17.0 10.6  0.009900-99.9-99.9-99.9-99.9-9.9 9912.0 84  9.7   4  3.2-9.9-9.9
5017219820429 25.0  7.4  0.009900-99.9-99.9-99.9-99.9-9.9 9914.2 78 12.2   8  6.4-9.9-9.9
5017219820430 27.5 11.3  0.009900-99.9-99.9-99.9-99.9-9.9 9915.5 71 13.5  16 12.8-9.9-9.9
5017219820501 18.2 11.4  0.319900-99.9-99.9-99.9-99.9-9.9 9914.0 76 12.0  16 12.8-9.9-9.9
5017219820502 17.0 14.8  0.219900-99.9-99.9-99.9-99.9-9.9 9916.4 91 14.4   9  7.2-9.9-9.9
5017219820503 23.0 13.5  0.009900-99.9-99.9-99.9-99.9-9.9 9916.3 82 14.3  11  8.8-9.9-9.9
5017219820504 23.8 12.3  0.009900-99.9-99.9-99.9-99.9-9.9 9916.3 80 14.3   4  3.2-9.9-9.9
5017219820505 25.0 12.3  0.009900-99.9-99.9-99.9-99.9-9.9 9914.3 70 12.3  14 11.2-9.9-9.9
5017219820506 23.2 11.2  0.009900-99.9-99.9-99.9-99.9-9.9 9913.9 70 11.9  11  8.8-9.9-9.9
5017219820507 21.7 11.3  0.009900-99.9-99.9-99.9-99.9-9.9 9915.1 82 13.1   9  7.2-9.9-9.9
5017219820508 23.2 11.1  0.009900-99.9-99.9-99.9-99.9-9.9 9914.9 80 12.9   4  3.2-9.9-9.9
5017219820509 25.5 10.3  0.009900-99.9-99.9-99.9-99.9-9.9 99 9.6 56  6.4   2  1.6-9.9-9.9
5017219820510 26.5  7.1  0.009900-99.9-99.9-99.9-99.9-9.9 99 7.5 46  2.9   4  3.2-9.9-9.9
5017219820511 21.0  6.0  0.009900-99.9-99.9-99.9-99.9-9.9 99 8.8 61  5.1   3  2.4-9.9-9.9
5017219820512 22.6  5.4  0.009900-99.9-99.9-99.9-99.9-9.9 99 8.0 52  3.8   9  7.2-9.9-9.9
5017219820513 20.0  4.2  0.009900-99.9-99.9-99.9-99.9-9.9 99 7.8 63  3.4   3  2.4-9.9-9.9
5017219820514 19.8  1.0  0.009900-99.9-99.9-99.9-99.9-9.9 99 7.9 67  3.6   0  0.0-9.9-9.9
5017219820515 21.5  4.8  0.009900-99.9-99.9-99.9-99.9-9.9 99 8.9 64  5.3  11  8.8-9.9-9.9
5017219820516 23.0  4.1  0.009900-99.9-99.9-99.9-99.9-9.9 9910.5 63  7.7   1  0.8-9.9-9.9
5017219820517 19.6  4.2  0.009900-99.9-99.9-99.9-99.9-9.9 99 8.7 67  5.0   1  0.8-9.9-9.9
5017219820518 21.0  0.8  0.009900-99.9-99.9-99.9-99.9-9.9 99 7.8 64  3.4   1  0.8-9.9-9.9
5017219820519 21.8  5.8  0.009900-99.9-99.9-99.9-99.9-9.9 99 8.8 58  5.1  21 16.8-9.9-9.9
5017219820520 18.3  3.2  0.009900-99.9-99.9-99.9-99.9-9.9 99 7.0 58  1.9   2  1.6-9.9-9.9
5017219820521 20.0  0.8  0.009900-99.9-99.9-99.9-99.9-9.9 99 7.4 65  2.7   1  0.8-9.9-9.9
5017219820522 19.5  4.3  0.009900-99.9-99.9-99.9-99.9-9.9 99 9.6 72  6.4  14 11.2-9.9-9.9
5017219820523 21.5  1.6  0.009900-99.9-99.9-99.9-99.9-9.9 99 9.2 69  5.8   3  2.4-9.9-9.9
5017219820524 23.0  3.8  0.009900-99.9-99.9-99.9-99.9-9.9 99 9.7 70  6.5   3  2.4-9.9-9.9
5017219820525 19.0  4.9  0.009900-99.9-99.9-99.9-99.9-9.9 99 8.1 66  3.9   3  2.4-9.9-9.9
5017219820526 22.0  1.6  0.009900-99.9-99.9-99.9-99.9-9.9 99 8.5 62  4.6   1  0.8-9.9-9.9
5017219820527 23.0  3.4  0.009900-99.9-99.9-99.9-99.9-9.9 99 8.4 58  4.5  17 13.6-9.9-9.9
5017219820528 23.5  6.6  0.009900-99.9-99.9-99.9-99.9-9.9 99 9.2 59  5.8  19 15.2-9.9-9.9
5017219820529 20.5 10.0  0.009900-99.9-99.9-99.9-99.9-9.9 99 8.9 52  5.3  22 17.6-9.9-9.9
5017219820530 23.0  3.3  0.009900-99.9-99.9-99.9-99.9-9.9 9910.0 66  7.0  14 11.2-9.9-9.9
5017219820531 22.0  2.8  0.009900-99.9-99.9-99.9-99.9-9.9 99 9.8 72  6.7   4  3.2-9.9-9.9
5017219820601 13.7  9.8  0.009900-99.9-99.9-99.9-99.9-9.9 9911.4 84  8.9   6  4.8-9.9-9.9
5017219820602 12.0  7.0  4.419900-99.9-99.9-99.9-99.9-9.9 9911.1 94  8.5   8  6.4-9.9-9.9
5017219820603 12.2  8.8  0.009900-99.9-99.9-99.9-99.9-9.9 9910.9 90  8.2   7  5.6-9.9-9.9
5017219820604 20.5  5.8  0.009900-99.9-99.9-99.9-99.9-9.9 9911.7 81  9.3   7  5.6-9.9-9.9
5017219820605 17.5  8.6  0.009900-99.9-99.9-99.9-99.9-9.9 9912.5 86 10.3   3  2.4-9.9-9.9
5017219820606 25.2  6.8  0.009900-99.9-99.9-99.9-99.9-9.9 99 7.5 58  2.9  16 12.8-9.9-9.9
5017219820607 21.0  3.5  0.009900-99.9-99.9-99.9-99.9-9.9 99 8.1 61  3.9   3  2.4-9.9-9.9
5017219820608 20.2  3.6  0.009900-99.9-99.9-99.9-99.9-9.9 99 7.8 62  3.4   8  6.4-9.9-9.9
5017219820609 22.2  7.1  0.009900-99.9-99.9-99.9-99.9-9.9 9912.2 73  9.9  13 10.4-9.9-9.9
5017219820610 24.0  5.3  2.819900-99.9-99.9-99.9-99.9-9.9 9910.2 67  7.3  11  8.8-9.9-9.9
5017219820611 13.1  7.2  4.219900-99.9-99.9-99.9-99.9-9.9 9910.5 97  7.7   8  6.4-9.9-9.9
5017219820612 11.0  4.2  0.009900-99.9-99.9-99.9-99.9-9.9 99 8.6 86  4.8   0  0.0-9.9-9.9
5017219820613 14.5  3.2  0.009900-99.9-99.9-99.9-99.9-9.9 99 8.4 73  4.5  11  8.8-9.9-9.9
5017219820614  8.5  1.4  0.009900-99.9-99.9-99.9-99.9-9.9 99 4.9 62 -3.0   1  0.8-9.9-9.9
5017219820615  8.5 -5.2  0.009900-99.9-99.9-99.9-99.9-9.9 99 4.6 67 -3.8   8  6.4-9.9-9.9
5017219820616  4.0  0.0  0.009900-99.9-99.9-99.9-99.9-9.9 99 5.1 73 -2.5  12  9.6-9.9-9.9
5017219820617  6.8  1.8  0.319901-99.9-99.9-99.9-99.9-9.9 99 6.1 77  0.0  14 11.2-9.9-9.9
5017219820618  3.0  0.2  4.919901-99.9-99.9-99.9-99.9-9.9 99 6.3 94  0.4  24 19.2-9.9-9.9
5017219820619  4.8  0.3  4.019900-99.9-99.9-99.9-99.9-9.9 99 6.9 91  1.7   6  4.8-9.9-9.9
5017219820620  5.0  1.2  0.219900-99.9-99.9-99.9-99.9-9.9 99 6.6 87  1.1   4  3.2-9.9-9.9
5017219820621  8.3 -2.0  0.009900-99.9-99.9-99.9-99.9-9.9 99 5.9 79 -0.5   7  5.6-9.9-9.9
5017219820622  9.0 -3.0  0.009900-99.9-99.9-99.9-99.9-9.9 99 5.9 81 -0.5   3  2.4-9.9-9.9
5017219820623 11.5  1.6  0.009900-99.9-99.9-99.9-99.9-9.9 99 7.2 77  2.3  11  8.8-9.9-9.9
5017219820624  8.0  0.0  0.009900-99.9-99.9-99.9-99.9-9.9 99 7.1 90  2.1   1  0.8-9.9-9.9
5017219820625  8.0  0.3  0.009900-99.9-99.9-99.9-99.9-9.9 99 7.7 89  3.2   6  4.8-9.9-9.9
5017219820626 10.0  3.6 11.219900-99.9-99.9-99.9-99.9-9.9 99 7.8 79  3.4  11  8.8-9.9-9.9
5017219820627  7.5  1.2 10.519900-99.9-99.9-99.9-99.9-9.9 99 7.9 90  3.6  11  8.8-9.9-9.9
5017219820628 10.0 -2.7  0.009900-99.9-99.9-99.9-99.9-9.9 99 5.1 65 -2.5   8  6.4-9.9-9.9
5017219820629 14.0  0.3  0.009900-99.9-99.9-99.9-99.9-9.9 99 6.6 60  1.1  31 24.8-9.9-9.9
5017219820630 26.2  2.8  0.009900-99.9-99.9-99.9-99.9-9.9 99 9.0 63  5.4   8  6.4-9.9-9.9
5017219820701 22.5  1.6  0.009900-99.9-99.9-99.9-99.9-9.9 99 8.4 62  4.5  16 12.8-9.9-9.9
5017219820702 23.3  8.6  0.009900-99.9-99.9-99.9-99.9-9.9 99 9.4 58  6.1  31 24.8-9.9-9.9
5017219820703 18.0  4.2  0.009900-99.9-99.9-99.9-99.9-9.9 99 8.0 68  3.8   3  2.4-9.9-9.9
5017219820704 16.5  0.3  0.009900-99.9-99.9-99.9-99.9-9.9 99 7.0 68  1.9   5  4.0-9.9-9.9
5017219820705 14.5  4.8  8.119900-99.9-99.9-99.9-99.9-9.9 99 7.9 77  3.6   7  5.6-9.9-9.9
5017219820706 10.0  2.8  0.009900-99.9-99.9-99.9-99.9-9.9 99 8.2 89  4.1   4  3.2-9.9-9.9
5017219820707  6.5 -0.4  0.009900-99.9-99.9-99.9-99.9-9.9 99 6.9 91  1.7   3  2.4-9.9-9.9
5017219820708 11.5  2.6  0.009900-99.9-99.9-99.9-99.9-9.9 99 7.6 88  3.0   3  2.4-9.9-9.9
5017219820709 14.6  2.0  0.009900-99.9-99.9-99.9-99.9-9.9 99 8.2 78  4.1  16 12.8-9.9-9.9
5017219820710 18.5  6.8  0.009900-99.9-99.9-99.9-99.9-9.9 99 9.1 74  5.6  16 12.8-9.9-9.9
5017219820711 14.0  3.3  0.519900-99.9-99.9-99.9-99.9-9.9 99 9.0 89  5.4   3  2.4-9.9-9.9
5017219820712 18.0  5.4  0.619900-99.9-99.9-99.9-99.9-9.9 99 9.3 78  5.9   3  2.4-9.9-9.9
5017219820713 16.2  1.3  0.009900-99.9-99.9-99.9-99.9-9.9 99 7.6 71  3.0   3  2.4-9.9-9.9
5017219820714 17.5  4.3  0.009900-99.9-99.9-99.9-99.9-9.9 99 8.3 63  4.3  14 11.2-9.9-9.9
5017219820715 22.0  6.4  0.009900-99.9-99.9-99.9-99.9-9.9 99 9.4 66  6.1   6  4.8-9.9-9.9
5017219820716 19.6  3.9  0.009900-99.9-99.9-99.9-99.9-9.9 99 8.4 61  4.5  17 13.6-9.9-9.9
5017219820717 20.4  9.5  0.009900-99.9-99.9-99.9-99.9-9.9 99 6.8 43  1.5  23 18.4-9.9-9.9
5017219820718 21.5  6.3  0.009900-99.9-99.9-99.9-99.9-9.9 99 8.4 53  4.5   3  2.4-9.9-9.9
5017219820719 19.5  4.8  0.009900-99.9-99.9-99.9-99.9-9.9 99 8.7 65  5.0   6  4.8-9.9-9.9
5017219820720 14.5  0.6 23.419901-99.9-99.9-99.9-99.9-9.9 99 8.2 89  4.1  14 11.2-9.9-9.9
5017219820721  8.5  0.5  0.319900-99.9-99.9-99.9-99.9-9.9 99 7.1 84  2.1   3  2.4-9.9-9.9
5017219820722  4.5  1.4  0.119900-99.9-99.9-99.9-99.9-9.9 99 7.1 96  2.1   4  3.2-9.9-9.9
5017219820723  5.6  2.4  0.319900-99.9-99.9-99.9-99.9-9.9 99 7.3 91  2.5   6  4.8-9.9-9.9
5017219820724  6.0  3.2  0.719900-99.9-99.9-99.9-99.9-9.9 99 8.2 94  4.1   6  4.8-9.9-9.9
5017219820725 13.5  2.8  0.519900-99.9-99.9-99.9-99.9-9.9 99 8.4 81  4.5  11  8.8-9.9-9.9
5017219820726  8.0  4.0  2.219900-99.9-99.9-99.9-99.9-9.9 99 7.6 91  3.0  19 15.2-9.9-9.9
5017219820727  8.0  3.8  0.119900-99.9-99.9-99.9-99.9-9.9 99 8.2 94  4.1   3  2.4-9.9-9.9
5017219820728 17.7 -0.8  0.009900-99.9-99.9-99.9-99.9-9.9 99 7.3 69  2.5   9  7.2-9.9-9.9
5017219820729 17.5  0.2  0.009900-99.9-99.9-99.9-99.9-9.9 99 7.3 67  2.5   8  6.4-9.9-9.9
5017219820730 19.6  3.8  0.009900-99.9-99.9-99.9-99.9-9.9 99 8.2 66  4.1  13 10.4-9.9-9.9
5017219820731 24.5  1.0  0.009900-99.9-99.9-99.9-99.9-9.9 99 7.2 56  2.3  11  8.8-9.9-9.9
5017219820801 13.6  5.8  0.009900-99.9-99.9-99.9-99.9-9.9 99 5.4 52 -1.7   6  4.8-9.9-9.9
5017219820802 15.5 -1.0  0.009900-99.9-99.9-99.9-99.9-9.9 99 5.4 55 -1.7  13 10.4-9.9-9.9
5017219820803 18.0  1.8  0.009900-99.9-99.9-99.9-99.9-9.9 99 7.2 60  2.3  23 18.4-9.9-9.9
5017219820804 20.0  0.4  0.009900-99.9-99.9-99.9-99.9-9.9 99 8.4 69  4.5   4  3.2-9.9-9.9
5017219820805 16.1  1.8  0.009900-99.9-99.9-99.9-99.9-9.9 99 6.5 62  0.9  18 14.4-9.9-9.9
5017219820806 13.0  1.2  0.009900-99.9-99.9-99.9-99.9-9.9 99 4.3 48 -4.7   3  2.4-9.9-9.9
5017219820807 18.0 -1.8  0.009900-99.9-99.9-99.9-99.9-9.9 99 4.9 52 -3.0   2  1.6-9.9-9.9
5017219820808 23.5  0.4  0.009900-99.9-99.9-99.9-99.9-9.9 99 6.2 45  0.2  14 11.2-9.9-9.9
5017219820809 19.4  0.5  0.009900-99.9-99.9-99.9-99.9-9.9 99 6.6 55  1.1  11  8.8-9.9-9.9
5017219820810 22.0 -1.0  0.009900-99.9-99.9-99.9-99.9-9.9 99 8.0 65  3.8  11  8.8-9.9-9.9
5017219820811 22.6  4.8  0.009900-99.9-99.9-99.9-99.9-9.9 99 9.8 64  6.7  16 12.8-9.9-9.9
5017219820812 23.5  6.2  0.219900-99.9-99.9-99.9-99.9-9.9 9910.8 69  8.1  14 11.2-9.9-9.9
5017219820813 19.2  9.8  0.009900-99.9-99.9-99.9-99.9-9.9 99 8.4 58  4.5   6  4.8-9.9-9.9
5017219820814 21.0  2.2  0.009900-99.9-99.9-99.9-99.9-9.9 99 6.6 50  1.1   3  2.4-9.9-9.9
5017219820815 21.5 -1.0  0.009900-99.9-99.9-99.9-99.9-9.9 99 6.9 58  1.7  22 17.6-9.9-9.9
5017219820816 10.8  2.8  0.009900-99.9-99.9-99.9-99.9-9.9 99 5.8 68 -0.7  25 20.0-9.9-9.9
5017219820817 12.1  1.4  0.009900-99.9-99.9-99.9-99.9-9.9 99 6.0 64 -0.2   3  2.4-9.9-9.9
5017219820818 20.0 -3.0  0.009900-99.9-99.9-99.9-99.9-9.9 99 6.1 57  0.0   8  6.4-9.9-9.9
5017219820819 24.5  7.5  0.009900-99.9-99.9-99.9-99.9-9.9 99 7.6 46  3.0  26 20.8-9.9-9.9
5017219820820 29.6  3.8  0.009900-99.9-99.9-99.9-99.9-9.9 99 8.5 43  4.6   6  4.8-9.9-9.9
5017219820821 22.0  9.6  0.009900-99.9-99.9-99.9-99.9-9.9 99 6.5 48  0.9  13 10.4-9.9-9.9
5017219820822 24.0  2.3  0.009900-99.9-99.9-99.9-99.9-9.9 99 7.3 50  2.5   1  0.8-9.9-9.9
5017219820823 28.0  5.3  0.009900-99.9-99.9-99.9-99.9-9.9 99 9.1 51  5.6   5  4.0-9.9-9.9
5017219820824 24.0  7.8  0.009900-99.9-99.9-99.9-99.9-9.9 99 8.8 50  5.1   4  3.2-9.9-9.9
5017219820825 21.0 12.5  0.009900-99.9-99.9-99.9-99.9-9.9 99 7.9 45  3.6   6  4.8-9.9-9.9
5017219820826 22.6  4.0  0.009900-99.9-99.9-99.9-99.9-9.9 99 6.8 46  1.5   9  7.2-9.9-9.9
5017219820827 25.3  6.8  0.009900-99.9-99.9-99.9-99.9-9.9 99 8.7 52  5.0   3  2.4-9.9-9.9
5017219820828 20.8  7.5  5.519910-99.9-99.9-99.9-99.9-9.9 9910.9 71  8.2  12  9.6-9.9-9.9
5017219820829 18.5  4.3  0.009900-99.9-99.9-99.9-99.9-9.9 99 7.7 60  3.2   3  2.4-9.9-9.9
5017219820830 16.0  3.2  0.009900-99.9-99.9-99.9-99.9-9.9 99 6.4 55  0.6   4  3.2-9.9-9.9
5017219820831 22.8  0.9  0.009900-99.9-99.9-99.9-99.9-9.9 99 7.5 53  2.9  11  8.8-9.9-9.9
5017219820901 29.0  7.1  0.009900-99.9-99.9-99.9-99.9-9.9 99 8.8 41  5.1  22 17.6-9.9-9.9
5017219820902 27.5  7.0  0.009900-99.9-99.9-99.9-99.9-9.9 9912.4 60 10.1   5  4.0-9.9-9.9
5017219820903 27.7  8.6  0.009900-99.9-99.9-99.9-99.9-9.9 9910.6 55  7.8  10  8.0-9.9-9.9
5017219820904 17.7  7.0  0.009900-99.9-99.9-99.9-99.9-9.9 99 6.4 52  0.6  12  9.6-9.9-9.9
5017219820905 18.0  5.2  0.009900-99.9-99.9-99.9-99.9-9.9 99 6.4 47  0.6   8  6.4-9.9-9.9
5017219820906 23.5  4.4  0.009900-99.9-99.9-99.9-99.9-9.9 99 7.0 44  1.9  26 20.8-9.9-9.9
5017219820907 29.2  9.4  0.009900-99.9-99.9-99.9-99.9-9.9 99 8.9 42  5.3  14 11.2-9.9-9.9
5017219820908 28.6  7.0 28.819910-99.9-99.9-99.9-99.9-9.9 9912.0 54  9.7   8  6.4-9.9-9.9
5017219820909 23.5 11.4  2.519900-99.9-99.9-99.9-99.9-9.9 9915.1 75 13.1  12  9.6-9.9-9.9
5017219820910 19.0 11.1  0.009900-99.9-99.9-99.9-99.9-9.9 9910.2 63  7.3  19 15.2-9.9-9.9
5017219820911 20.0  6.9  0.009900-99.9-99.9-99.9-99.9-9.9 9911.1 71  8.5   3  2.4-9.9-9.9
5017219820912 25.5  8.2  0.009900-99.9-99.9-99.9-99.9-9.9 9910.2 55  7.3  12  9.6-9.9-9.9
5017219820913 20.0 10.0  1.319900-99.9-99.9-99.9-99.9-9.9 99 9.8 65  6.7  24 19.2-9.9-9.9
5017219820914 14.0  6.4  0.009900-99.9-99.9-99.9-99.9-9.9 99 8.8 74  5.1   1  0.8-9.9-9.9
5017219820915 18.0  4.0  0.009900-99.9-99.9-99.9-99.9-9.9 99 8.0 58  3.8  12  9.6-9.9-9.9
5017219820916 18.6  5.3  0.009900-99.9-99.9-99.9-99.9-9.9 99 6.2 42  0.2   9  7.2-9.9-9.9
5017219820917 18.0  5.0  0.009900-99.9-99.9-99.9-99.9-9.9 99 6.3 47  0.4  17 13.6-9.9-9.9
5017219820918 20.5  0.6  0.009900-99.9-99.9-99.9-99.9-9.9 99 6.2 48  0.2  20 16.0-9.9-9.9
5017219820919 13.4  3.9  2.519900-99.9-99.9-99.9-99.9-9.9 99 7.8 67  3.4  16 12.8-9.9-9.9
5017219820920 11.2  5.2 25.119900-99.9-99.9-99.9-99.9-9.9 99 8.9 94  5.3   9  7.2-9.9-9.9
5017219820921 13.2  7.3  2.819900-99.9-99.9-99.9-99.9-9.9 9911.9 89  9.5   6  4.8-9.9-9.9
5017219820922 14.8  9.2  2.019900-99.9-99.9-99.9-99.9-9.9 9912.6 90 10.4   4  3.2-9.9-9.9
5017219820923 12.5 10.3  1.419900-99.9-99.9-99.9-99.9-9.9 9911.6 88  9.2  12  9.6-9.9-9.9
5017219820924 20.2  8.3  0.009900-99.9-99.9-99.9-99.9-9.9 9910.7 70  8.0   1  0.8-9.9-9.9
5017219820925 22.7  5.5  0.009900-99.9-99.9-99.9-99.9-9.9 9910.6 61  7.8   3  2.4-9.9-9.9
5017219820926 17.0 11.4  0.009900-99.9-99.9-99.9-99.9-9.9 9912.0 81  9.7  26 20.8-9.9-9.9
5017219820927 13.0  8.8  0.119900-99.9-99.9-99.9-99.9-9.9 9910.2 82  7.3  16 12.8-9.9-9.9
5017219820928  9.0  6.0  1.319900-99.9-99.9-99.9-99.9-9.9 99 9.0 85  5.4   4  3.2-9.9-9.9
5017219820929 16.5  7.8  0.009900-99.9-99.9-99.9-99.9-9.9 9911.0 77  8.4   9  7.2-9.9-9.9
5017219820930 19.0  8.8  0.519900-99.9-99.9-99.9-99.9-9.9 9911.0 75  8.4  19 15.2-9.9-9.9
5017219821001 20.8  5.3  0.009900-99.9-99.9-99.9-99.9-9.9 99 9.1 58  5.6   8  6.4-9.9-9.9
5017219821002 23.6  4.3  0.419900-99.9-99.9-99.9-99.9-9.9 9911.9 68  9.5   7  5.6-9.9-9.9
5017219821003 29.0  9.8  0.009900-99.9-99.9-99.9-99.9-9.9 9910.7 46  8.0  11  8.8-9.9-9.9
5017219821004 24.5  8.8  0.009900-99.9-99.9-99.9-99.9-9.9 99 5.9 34 -0.5  17 13.6-9.9-9.9
5017219821005 23.5  2.3  0.009900-99.9-99.9-99.9-99.9-9.9 99 6.4 45  0.6   9  7.2-9.9-9.9
5017219821006 29.0  8.8  0.009900-99.9-99.9-99.9-99.9-9.9 99 7.2 33  2.3  21 16.8-9.9-9.9
5017219821007 22.5  5.9  0.009900-99.9-99.9-99.9-99.9-9.9 99 5.8 36 -0.7   9  7.2-9.9-9.9
5017219821008 21.5  4.1  0.009900-99.9-99.9-99.9-99.9-9.9 99 7.5 45  2.9  10  8.0-9.9-9.9
5017219821009 25.5  5.5  0.009900-99.9-99.9-99.9-99.9-9.9 99 8.4 45  4.5  23 18.4-9.9-9.9
5017219821010 26.2  4.3  0.009900-99.9-99.9-99.9-99.9-9.9 99 9.0 44  5.4   5  4.0-9.9-9.9
5017219821011 27.5  7.4  0.009900-99.9-99.9-99.9-99.9-9.9 99 9.6 51  6.4  26 20.8-9.9-9.9
5017219821012 18.5  4.7  0.009900-99.9-99.9-99.9-99.9-9.9 99 7.2 42  2.3  23 18.4-9.9-9.9
5017219821013 25.2  2.3  0.009900-99.9-99.9-99.9-99.9-9.9 99 7.4 42  2.7   8  6.4-9.9-9.9
5017219821014 28.7  7.5  0.009900-99.9-99.9-99.9-99.9-9.9 99 8.9 36  5.3   8  6.4-9.9-9.9
5017219821015 31.0  8.2  0.009900-99.9-99.9-99.9-99.9-9.9 9910.4 45  7.5   7  5.6-9.9-9.9
5017219821016 26.5 13.9  0.009900-99.9-99.9-99.9-99.9-9.9 99 9.4 38  6.1  41 32.8-9.9-9.9
5017219821017 22.5 12.0  0.009900-99.9-99.9-99.9-99.9-9.9 99 5.2 28 -2.2  36 28.8-9.9-9.9
5017219821018 25.6  4.3  0.009900-99.9-99.9-99.9-99.9-9.9 99 6.4 32  0.6  17 13.6-9.9-9.9
5017219821019 33.0 12.5  0.009900-99.9-99.9-99.9-99.9-9.9 99 8.5 30  4.6  27 21.6-9.9-9.9
5017219821020 29.5 11.5  0.009900-99.9-99.9-99.9-99.9-9.9 99 9.4 37  6.1   6  4.8-9.9-9.9
5017219821021 29.0 10.8  0.119900-99.9-99.9-99.9-99.9-9.9 99 9.1 38  5.6  11  8.8-9.9-9.9
5017219821022 21.8 11.2  0.009900-99.9-99.9-99.9-99.9-9.9 99 8.8 55  5.1  29 23.2-9.9-9.9
5017219821023 20.8  2.3  0.009900-99.9-99.9-99.9-99.9-9.9 99 6.5 43  0.9  11  8.8-9.9-9.9
5017219821024 21.5  4.8  0.009900-99.9-99.9-99.9-99.9-9.9 99 6.6 39  1.1  19 15.2-9.9-9.9
5017219821025 27.8  3.2  0.009900-99.9-99.9-99.9-99.9-9.9 99 7.9 36  3.6   5  4.0-9.9-9.9
5017219821026 21.7 10.4  0.009900-99.9-99.9-99.9-99.9-9.9 99 6.3 35  0.4  26 20.8-9.9-9.9
5017219821027 27.0  2.6  0.009900-99.9-99.9-99.9-99.9-9.9 99 6.6 34  1.1   9  7.2-9.9-9.9
5017219821028 34.0  5.0  0.009900-99.9-99.9-99.9-99.9-9.9 99 8.2 29  4.1   5  4.0-9.9-9.9
5017219821029 29.2 10.3  0.009900-99.9-99.9-99.9-99.9-9.9 99 7.9 33  3.6   8  6.4-9.9-9.9
5017219821030 27.2  5.5  0.009900-99.9-99.9-99.9-99.9-9.9 99 7.0 29  1.9   8  6.4-9.9-9.9
5017219821031 33.1  6.8  0.009900-99.9-99.9-99.9-99.9-9.9 99 7.9 29  3.6  14 11.2-9.9-9.9
5017219821101 27.6 13.6  9.019900 11.7-99.9-99.9-99.9-9.9 99 9.6 49  6.4  33 26.4-9.9-9.9
5017219821102 13.6  8.2  5.619900  8.3-99.9-99.9-99.9-9.9 9910.5 88  7.7  14 11.2-9.9-9.9
5017219821103 21.5  4.1  0.009900 -1.2-99.9-99.9-99.9-9.9 99 9.4 55  6.1   3  2.4-9.9-9.9
5017219821104 26.5  6.6  0.009900  0.8-99.9-99.9-99.9-9.9 9910.1 50  7.1  14 11.2-9.9-9.9
5017219821105 21.7  7.3  0.009900-99.9-99.9-99.9-99.9-9.9 99 9.5 53  6.2  18 14.4-9.9-9.9
5017219821106 30.8  7.3  0.219900  1.3-99.9-99.9-99.9-9.9 99 9.5 39  6.2  25 20.0-9.9-9.9
5017219821107 23.0  8.4  0.009900  5.3-99.9-99.9-99.9-9.9 99 7.8 42  3.4  28 22.4-9.9-9.9
5017219821108 28.5  6.5  0.009900  0.3-99.9-99.9-99.9-9.9 9910.5 45  7.7  11  8.8-9.9-9.9
5017219821109 32.0 13.3  0.219900  6.8-99.9-99.9-99.9-9.9 9911.0 38  8.4  34 27.2-9.9-9.9
5017219821110 23.2 10.8  0.009900  7.8-99.9-99.9-99.9-9.9 99 6.2 36  0.2  38 30.4-9.9-9.9
5017219821111 20.2  1.8  0.009900 -6.2-99.9-99.9-99.9-9.9 99 6.7 44  1.3   6  4.8-9.9-9.9
5017219821112 28.5  3.8  0.009900 -4.3-99.9-99.9-99.9-9.9 99 7.2 33  2.3  16 12.8-9.9-9.9
5017219821113 30.2  9.4  2.219900  1.3-99.9-99.9-99.9-9.9 9911.0 40  8.4   6  4.8-9.9-9.9
5017219821114 29.6  9.3  0.009900  4.8-99.9-99.9-99.9-9.9 9911.9 44  9.5  10  8.0-9.9-9.9
5017219821115 31.2 11.7  0.009900  7.3-99.9-99.9-99.9-9.9 9911.6 42  9.2  27 21.6-9.9-9.9
5017219821116 32.4 13.3  0.009900  7.3-99.9-99.9-99.9-9.9 9913.3 42 11.2  16 12.8-9.9-9.9
5017219821117 33.5 16.2  0.009900 10.8-99.9-99.9-99.9-9.9 9915.5 46 13.5  11  8.8-9.9-9.9
5017219821118 28.0 13.8  0.009900 11.3-99.9-99.9-99.9-9.9 99 9.1 35  5.6  16 12.8-9.9-9.9
5017219821119 27.0 10.5  0.009900  4.8-99.9-99.9-99.9-9.9 99 8.2 36  4.1  19 15.2-9.9-9.9
5017219821120 27.3  7.3  0.009900  1.0-99.9-99.9-99.9-9.9 99 8.3 34  4.3  19 15.2-9.9-9.9
5017219821121 30.0  8.8  0.009900  2.3-99.9-99.9-99.9-9.9 99 8.7 29  5.0  16 12.8-9.9-9.9
5017219821122 30.8 10.2  0.009900-99.9-99.9-99.9-99.9-9.9 9912.6 47 10.4  11  8.8-9.9-9.9
5017219821123 33.1 11.8  1.219900-99.9-99.9-99.9-99.9-9.9 9912.8 40 10.6  14 11.2-9.9-9.9
5017219821124 33.2 16.8  0.619910 11.9-99.9-99.9-99.9-9.9 9914.6 43 12.6  12  9.6-9.9-9.9
5017219821125 28.5 14.1  0.009900  7.8-99.9-99.9-99.9-9.9 9913.6 49 11.5  11  8.8-9.9-9.9
5017219821126 30.7  9.5  0.009900  1.3-99.9-99.9-99.9-9.9 9911.2 39  8.6   6  4.8-9.9-9.9
5017219821127 27.0 14.6  0.009900 10.8-99.9-99.9-99.9-9.9 9911.4 45  8.9  19 15.2-9.9-9.9
5017219821128 30.0  9.2  0.009900  3.8-99.9-99.9-99.9-9.9 9911.9 42  9.5   8  6.4-9.9-9.9
5017219821129 26.3 16.3  0.319900 15.3-99.9-99.9-99.9-9.9 9913.6 51 11.5  31 24.8-9.9-9.9
5017219821130 22.0 13.3  2.219900 11.3-99.9-99.9-99.9-9.9 9912.8 77 10.6  13 10.4-9.9-9.9
5017219821201 27.2 10.8  0.009900  5.3-99.9-99.9-99.9-9.9 9915.1 62 13.1   8  6.4-9.9-9.9
5017219821202 27.5 11.1  0.009900  6.4-99.9-99.9-99.9-9.9 9917.4 62 15.3  14 11.2-9.9-9.9
5017219821203 33.3 15.3  0.009900 11.3-99.9-99.9-99.9-9.9 9917.1 48 15.0  27 21.6-9.9-9.9
5017219821204 30.0 18.5  0.009900 12.8-99.9-99.9-99.9-9.9 9917.2 60 15.1   4  3.2-9.9-9.9
5017219821205 31.0 13.8  0.009900  7.8-99.9-99.9-99.9-9.9 9913.4 45 11.3  20 16.0-9.9-9.9
5017219821206 27.0 11.3  0.009900  6.3-99.9-99.9-99.9-9.9 9911.0 47  8.4  13 10.4-9.9-9.9
5017219821207 34.0 11.8  0.009900  4.8-99.9-99.9-99.9-9.9 9914.1 41 12.1   8  6.4-9.9-9.9
5017219821208 36.5 17.3  0.009900-99.9-99.9-99.9-99.9-9.9 9917.1 45 15.0  11  8.8-9.9-9.9
5017219821209 39.5 17.8  2.019900 11.0-99.9-99.9-99.9-9.9 9916.9 34 14.9  28 22.4-9.9-9.9
5017219821210 36.4 19.8  0.009900 14.8-99.9-99.9-99.9-9.9 9913.0 34 10.9  31 24.8-9.9-9.9
5017219821211 28.4 15.8  0.009900 14.8-99.9-99.9-99.9-9.9 9914.3 52 12.3  33 26.4-9.9-9.9
5017219821212 27.5 18.8  2.019900 19.3-99.9-99.9-99.9-9.9 9920.3 73 17.7   6  4.8-9.9-9.9
5017219821213 27.5 15.3  0.009900 14.3-99.9-99.9-99.9-9.9 9913.3 59 11.2  21 16.8-9.9-9.9
5017219821214 29.0  6.8  0.009900 -0.7-99.9-99.9-99.9-9.9 9910.7 47  8.0  11  8.8-9.9-9.9
5017219821215 29.5 15.3  0.009900  8.8-99.9-99.9-99.9-9.9 99 9.3 35  5.9  23 18.4-9.9-9.9
5017219821216 32.5 13.4  7.019910  7.3-99.9-99.9-99.9-9.9 9914.4 53 12.4   7  5.6-9.9-9.9
5017219821217 27.5 15.3  0.009900 14.3-99.9-99.9-99.9-9.9 9916.1 64 14.1   1  0.8-9.9-9.9
5017219821218 32.2 18.5  0.009900  8.8-99.9-99.9-99.9-9.9 9913.8 45 11.8  16 12.8-9.9-9.9
5017219821219 34.5 13.6  5.019900  9.3-99.9-99.9-99.9-9.9 9916.6 46 14.6  14 11.2-9.9-9.9
5017219821220 28.2 14.6  0.009900 12.8-99.9-99.9-99.9-9.9 9914.3 55 12.3  11  8.8-9.9-9.9
5017219821221 32.5 14.8 17.719910 10.8-99.9-99.9-99.9-9.9 9918.2 64 16.0   0  0.0-9.9-9.9
5017219821222 30.5 12.3  0.009900  7.3-99.9-99.9-99.9-9.9 9914.6 52 12.6   9  7.2-9.9-9.9
5017219821223 34.5 12.3  0.009900  7.8-99.9-99.9-99.9-9.9 9916.4 51 14.4   4  3.2-9.9-9.9
5017219821224 36.2 15.1  0.009900  9.8-99.9-99.9-99.9-9.9 9919.0 47 16.7   3  2.4-9.9-9.9
5017219821225 39.2 16.8  0.119900 11.9-99.9-99.9-99.9-9.9 9917.2 37 15.1  11  8.8-9.9-9.9
5017219821226 40.0 18.3  0.219900 14.8-99.9-99.9-99.9-9.9 9918.9 40 16.6  18 14.4-9.9-9.9
5017219821227 37.2 18.6  7.119900 14.8-99.9-99.9-99.9-9.9 9920.4 54 17.8  13 10.4-9.9-9.9
5017219821228 34.6 18.6 27.019900 17.3-99.9-99.9-99.9-9.9 9921.1 64 18.4  14 11.2-9.9-9.9
5017219821229 33.5 17.8  0.009900 14.3-99.9-99.9-99.9-9.9 9923.9 68 20.4  13 10.4-9.9-9.9
5017219821230 31.5 18.2  0.009900 15.8-99.9-99.9-99.9-9.9 9913.9 45 11.9  14 11.2-9.9-9.9
5017219821231 33.5 14.2  0.319900 10.1-99.9-99.9-99.9-9.9 9916.9 47 14.9   5  4.0-9.9-9.9
5017219830101 32.0 19.8  0.009900 16.3-99.9-99.9-99.9-9.9 9919.2 55 16.9  28 22.4-9.9-9.9
5017219830102 30.5 17.3  2.019900-99.9-99.9-99.9-99.9-9.9 9919.7 69 17.3   6  4.8-9.9-9.9
5017219830103 30.5 16.2  0.009900-99.9-99.9-99.9-99.9-9.9 9919.1 64 16.8  14 11.2-9.9-9.9
5017219830104 34.5 17.6  0.009900 14.3-99.9-99.9-99.9-9.9 9920.9 61 18.2   9  7.2-9.9-9.9
5017219830105 37.5 18.9  0.009900 14.8-99.9-99.9-99.9-9.9 9922.6 53 19.5  13 10.4-9.9-9.9
5017219830106 35.0 21.4 23.019900 20.8-99.9-99.9-99.9-9.9 9924.3 66 20.6  12  9.6-9.9-9.9
5017219830107 28.6 17.6  0.009900 18.8-99.9-99.9-99.9-9.9 9923.3 80 20.0  14 11.2-9.9-9.9
5017219830108 33.2 18.0 13.019900 15.0-99.9-99.9-99.9-9.9 9923.6 69 20.2  13 10.4-9.9-9.9
5017219830109 29.8 16.3  0.009900 13.8-99.9-99.9-99.9-9.9 9916.9 57 14.9  12  9.6-9.9-9.9
5017219830110 33.0 17.3  0.519900 15.3-99.9-99.9-99.9-9.9 9921.2 68 18.4  24 19.2-9.9-9.9
5017219830111 32.0 20.5  8.519900 18.8-99.9-99.9-99.9-9.9 9923.8 70 20.3   3  2.4-9.9-9.9
5017219830112 27.0 16.6 19.219900 16.8-99.9-99.9-99.9-9.9 9919.4 82 17.0   9  7.2-9.9-9.9
5017219830113 26.8 16.3  2.219900 15.5-99.9-99.9-99.9-9.9 9919.2 76 16.9   1  0.8-9.9-9.9
5017219830114 25.0 16.3  7.719900 14.3-99.9-99.9-99.9-9.9 9919.5 86 17.1   2  1.6-9.9-9.9
5017219830115 19.8 14.8  3.119900-99.9-99.9-99.9-99.9-9.9 9915.3 85 13.3  25 20.0-9.9-9.9
5017219830116 16.5 14.8 15.019900 14.8-99.9-99.9-99.9-9.9 9916.4 94 14.4  13 10.4-9.9-9.9
5017219830117 23.5 14.2  0.009900 14.3-99.9-99.9-99.9-9.9 9917.2 83 15.1   8  6.4-9.9-9.9
5017219830118 30.0 13.8  0.009900 10.1-99.9-99.9-99.9-9.9 9918.9 70 16.6   8  6.4-9.9-9.9
5017219830119 34.0 16.0  0.009900-99.9-99.9-99.9-99.9-9.9 9921.2 53 18.4   1  0.8-9.9-9.9
5017219830120 33.0 17.9  0.009900 14.6-99.9-99.9-99.9-9.9 9917.9 54 15.8   6  4.8-9.9-9.9
5017219830121 36.7 17.8  0.009900 13.9-99.9-99.9-99.9-9.9 9922.3 61 19.2   1  0.8-9.9-9.9
5017219830122 39.0 18.0 10.019910 14.8-99.9-99.9-99.9-9.9 9922.3 59 19.2  12  9.6-9.9-9.9
5017219830123 27.5 17.8  5.019900 16.3-99.9-99.9-99.9-9.9 9919.9 71 17.4   9  7.2-9.9-9.9
5017219830124 27.0 15.3  0.009900 12.3-99.9-99.9-99.9-9.9 9920.4 78 17.8   4  3.2-9.9-9.9
5017219830125 26.5 14.1  0.009900 10.5-99.9-99.9-99.9-9.9 9912.8 51 10.6  16 12.8-9.9-9.9
5017219830126 28.5 11.6  0.009900  8.3-99.9-99.9-99.9-9.9 9913.9 57 11.9  10  8.0-9.9-9.9
5017219830127 32.0 11.9  0.009900  8.3-99.9-99.9-99.9-9.9 9917.0 58 15.0   5  4.0-9.9-9.9
5017219830128 34.2 18.3  3.019900  8.8-99.9-99.9-99.9-9.9 9921.6 66 18.7   7  5.6-9.9-9.9
5017219830129 28.5 14.9  0.009900 11.5-99.9-99.9-99.9-9.9 9916.2 62 14.2   6  4.8-9.9-9.9
5017219830130 28.5 14.6  4.019900 10.3-99.9-99.9-99.9-9.9 9914.2 53 12.2  15 12.0-9.9-9.9
5017219830131 20.0 14.5  0.009900 13.8-99.9-99.9-99.9-9.9 9915.5 79 13.5   4  3.2-9.9-9.9
5017219830201 28.2 13.3  0.009900 10.3-99.9-99.9-99.9-9.9 9918.3 73 16.1   8  6.4-9.9-9.9
5017219830202 31.5 16.3  0.009900 14.3-99.9-99.9-99.9-9.9 9920.1 67 17.6  19 15.2-9.9-9.9
5017219830203 30.4 17.3  0.009900 13.3-99.9-99.9-99.9-9.9 9917.6 54 15.5   4  3.2-9.9-9.9
5017219830204 32.8 17.0  0.009900 13.3-99.9-99.9-99.9-9.9 9916.6 56 14.6   9  7.2-9.9-9.9
5017219830205 34.5 18.9  0.009900 16.3-99.9-99.9-99.9-9.9 9920.1 55 17.6  10  8.0-9.9-9.9
5017219830206 37.0 18.8  0.009900 16.3-99.9-99.9-99.9-9.9 9923.6 61 20.2   9  7.2-9.9-9.9
5017219830207 36.0 19.8  0.009900 16.3-99.9-99.9-99.9-9.9 9924.2 62 20.6  13 10.4-9.9-9.9
5017219830208 38.0 19.0  0.009900 15.3-99.9-99.9-99.9-9.9 9922.2 55 19.2   4  3.2-9.9-9.9
5017219830209 34.3 18.3  0.009900 13.3-99.9-99.9-99.9-9.9 9914.6 43 12.6  10  8.0-9.9-9.9
5017219830210 30.5 13.8  0.009900  8.9-99.9-99.9-99.9-9.9 9914.2 51 12.2  11  8.8-9.9-9.9
5017219830211 24.0 14.3  0.009900  9.8-99.9-99.9-99.9-9.9 99 9.0 42  5.4  35 28.0-9.9-9.9
5017219830212 24.0  9.3  0.009900  6.8-99.9-99.9-99.9-9.9 99 9.9 56  6.8   9  7.2-9.9-9.9
5017219830213 29.1  8.9  3.519900  4.3-99.9-99.9-99.9-9.9 9914.5 57 12.5  19 15.2-9.9-9.9
5017219830214 23.2 12.6  7.219900 13.3-99.9-99.9-99.9-9.9 9914.0 83 12.0  22 17.6-9.9-9.9
5017219830215 24.5 12.3  0.009900  9.8-99.9-99.9-99.9-9.9 9914.2 67 12.2   6  4.8-9.9-9.9
5017219830216 31.5 12.5  0.009900  7.3-99.9-99.9-99.9-9.9 9914.1 56 12.1   3  2.4-9.9-9.9
5017219830217 35.2 16.0  0.009900  9.3-99.9-99.9-99.9-9.9 9913.5 39 11.4  27 21.6-9.9-9.9
5017219830218 33.0 13.5  0.009900  7.8-99.9-99.9-99.9-9.9 9914.4 49 12.4   4  3.2-9.9-9.9
5017219830219 32.0 15.1  0.009900-99.9-99.9-99.9-99.9-9.9 9914.5 47 12.5  16 12.8-9.9-9.9
5017219830220 27.5 16.3  0.009900 14.3-99.9-99.9-99.9-9.9 99 9.7 42  6.5  26 20.8-9.9-9.9
5017219830221 30.7  9.3  0.009900  4.3-99.9-99.9-99.9-9.9 9916.6 57 14.6  11  8.8-9.9-9.9
5017219830222 33.5 16.3  0.009900 12.3-99.9-99.9-99.9-9.9 9919.0 59 16.7  17 13.6-9.9-9.9
5017219830223 33.6 18.3  0.009900 14.3-99.9-99.9-99.9-9.9 9918.9 56 16.6   9  7.2-9.9-9.9
5017219830224 28.2 16.8  0.009900 15.8-99.9-99.9-99.9-9.9 99 9.8 46  6.7  17 13.6-9.9-9.9
5017219830225 25.8 10.1  0.009900  4.8-99.9-99.9-99.9-9.9 99 9.0 42  5.4  17 13.6-9.9-9.9
5017219830226 25.5  7.3  0.009900  2.3-99.9-99.9-99.9-9.9 99 9.6 49  6.4   9  7.2-9.9-9.9
5017219830227 29.8  7.1  0.009900  1.3-99.9-99.9-99.9-9.9 9911.3 43  8.8   7  5.6-9.9-9.9
5017219830228 33.7 12.8  0.009900-99.9-99.9-99.9-99.9-9.9 9914.8 50 12.8  17 13.6-9.9-9.9
5017219830301 26.6 13.6  0.009900 11.8-99.9-99.9-99.9-9.9 99 9.8 53  6.7  16 12.8-9.9-9.9
5017219830302 29.1  6.3  0.009900  0.3-99.9-99.9-99.9-9.9 99 9.4 42  6.1  13 10.4-9.9-9.9
5017219830303 28.8 11.3  0.009900  5.8-99.9-99.9-99.9-9.9 9911.1 53  8.5   1  0.8-9.9-9.9
5017219830304 32.8 13.1  0.319900  7.3-99.9-99.9-99.9-9.9 9916.1 54 14.1  10  8.0-9.9-9.9
5017219830305 29.2 12.5  0.009900  6.3-99.9-99.9-99.9-9.9 9914.9 57 12.9   5  4.0-9.9-9.9
5017219830306 33.6 14.7  0.009900 10.3-99.9-99.9-99.9-9.9 9918.9 62 16.6  13 10.4-9.9-9.9
5017219830307 28.0 17.3  6.319900 17.8-99.9-99.9-99.9-9.9 9910.4 38  7.5  31 24.8-9.9-9.9
5017219830308 25.0 15.3  0.009900 14.3-99.9-99.9-99.9-9.9 9913.9 62 11.9  24 19.2-9.9-9.9
5017219830309 25.2 12.4  0.009900 10.5-99.9-99.9-99.9-9.9 9913.0 64 10.9   8  6.4-9.9-9.9
5017219830310 28.5  9.0  0.009900  3.5-99.9-99.9-99.9-9.9 9912.9 64 10.7   3  2.4-9.9-9.9
5017219830311 32.8 11.5  0.009900  5.3-99.9-99.9-99.9-9.9 9911.0 42  8.4  11  8.8-9.9-9.9
5017219830312 27.0 13.8  0.009900  8.8-99.9-99.9-99.9-9.9 9913.0 59 10.9  11  8.8-9.9-9.9
5017219830313 31.4  9.3  0.009900  4.8-99.9-99.9-99.9-9.9 9916.6 64 14.6   4  3.2-9.9-9.9
5017219830314 31.0 17.5  0.009900 13.3-99.9-99.9-99.9-9.9 9919.5 61 17.1  11  8.8-9.9-9.9
5017219830315 32.4 18.8  0.009900 15.6-99.9-99.9-99.9-9.9 9919.3 66 16.9  12  9.6-9.9-9.9
5017219830316 26.1  8.3  0.009900  0.8-99.9-99.9-99.9-9.9 9910.9 59  8.2   3  2.4-9.9-9.9
5017219830317 19.5  9.2  0.009900  3.3-99.9-99.9-99.9-9.9 99 7.6 51  3.0  26 20.8-9.9-9.9
5017219830318 30.0  8.4  0.009900  0.8-99.9-99.9-99.9-9.9 99 9.3 48  5.9   6  4.8-9.9-9.9
5017219830319 30.0  8.0  0.009900  1.8-99.9-99.9-99.9-9.9 99 9.1 38  5.6   7  5.6-9.9-9.9
5017219830320 33.5  7.3  0.009900  1.6-99.9-99.9-99.9-9.9 9912.5 48 10.3  12  9.6-9.9-9.9
5017219830321 31.7 13.3  0.009900  6.8-99.9-99.9-99.9-9.9 9914.4 53 12.4  14 11.2-9.9-9.9
5017219830322 29.6 15.3  0.009900 10.3-99.9-99.9-99.9-9.9 9914.3 55 12.3  11  8.8-9.9-9.9
5017219830323 30.5 14.5  0.009900 10.7-99.9-99.9-99.9-9.9 9915.8 62 13.8   9  7.2-9.9-9.9
5017219830324 30.5 15.8  0.009900 10.8-99.9-99.9-99.9-9.9 9917.9 62 15.8  11  8.8-9.9-9.9
5017219830325 32.6 17.5  0.009900 12.8-99.9-99.9-99.9-9.9 9919.5 63 17.1   1  0.8-9.9-9.9
5017219830326 25.2 18.6  3.019900 17.8-99.9-99.9-99.9-9.9 9915.4 66 13.4  33 26.4-9.9-9.9
5017219830327 25.5 16.0  0.219900 15.3-99.9-99.9-99.9-9.9 9915.7 73 13.7   8  6.4-9.9-9.9
5017219830328 24.5 11.8  0.009900  6.3-99.9-99.9-99.9-9.9 9913.8 67 11.8   3  2.4-9.9-9.9
5017219830329 24.0 12.2  0.009900  8.1-99.9-99.9-99.9-9.9 9916.7 76 14.7   8  6.4-9.9-9.9
5017219830330 27.5 14.9  0.009900 11.3-99.9-99.9-99.9-9.9 9914.0 63 12.0  11  8.8-9.9-9.9
5017219830331 26.5 12.0 45.319900  6.8-99.9-99.9-99.9-9.9 9915.3 74 13.3  16 12.8-9.9-9.9
5017219830401 20.5 13.8 19.719900 13.8-99.9-99.9-99.9-9.9 9916.7 86 14.7   6  4.8-9.9-9.9
5017219830402 24.0 12.6  1.119900 11.3-99.9-99.9-99.9-9.9 9913.3 72 11.2  19 15.2-9.9-9.9
5017219830403 19.5  4.9  0.009900  0.0-99.9-99.9-99.9-9.9 99 8.9 65  5.3   3  2.4-9.9-9.9
5017219830404 22.6  5.3  0.009900  0.8-99.9-99.9-99.9-9.9 9910.4 67  7.5   0  0.0-9.9-9.9
5017219830405 25.5  7.8  0.009900  2.8-99.9-99.9-99.9-9.9 9910.3 59  7.4   3  2.4-9.9-9.9
5017219830406 29.5  9.3  0.009900  3.0-99.9-99.9-99.9-9.9 9912.6 61 10.4   1  0.8-9.9-9.9
5017219830407 28.5  9.0  0.009900  4.1-99.9-99.9-99.9-9.9 99 9.6 47  6.4  11  8.8-9.9-9.9
5017219830408-99.9-99.9  0.009900  4.8-99.9-99.9-99.9-9.9 99-9.9-99-99.9 -99-99.9-9.9-9.9
5017219830409-99.9-99.9  0.009900-99.9-99.9-99.9-99.9-9.9 99-9.9-99-99.9 -99-99.9-9.9-9.9
5017219830410-99.9-99.9  0.009900-99.9-99.9-99.9-99.9-9.9 99-9.9-99-99.9 -99-99.9-9.9-9.9
5017219830411 30.0 15.8  0.009900 10.8-99.9-99.9-99.9-9.9 9913.3 53 11.2   0  0.0-9.9-9.9
5017219830412 27.2 11.4  0.009900  6.8-99.9-99.9-99.9-9.9 9910.3 51  7.4   3  2.4-9.9-9.9
5017219830413 21.5  7.8  0.009900  3.3-99.9-99.9-99.9-9.9 99 8.5 57  4.6   2  1.6-9.9-9.9
5017219830414 24.0  4.2  0.009900 -0.2-99.9-99.9-99.9-9.9 9910.7 68  8.0   1  0.8-9.9-9.9
5017219830415 22.7  9.6  0.009900  5.8-99.9-99.9-99.9-9.9 9913.0 70 10.9   8  6.4-9.9-9.9
5017219830416 23.0 13.8  0.219900 10.3-99.9-99.9-99.9-9.9 9915.5 81 13.5   6  4.8-9.9-9.9
5017219830417 21.8 11.8  0.009900  7.3-99.9-99.9-99.9-9.9 9912.6 67 10.4  27 21.6-9.9-9.9
5017219830418 20.0  4.9  0.009900 -0.9-99.9-99.9-99.9-9.9 99 8.9 67  5.3  19 15.2-9.9-9.9
5017219830419 14.0  6.8  0.009900  1.3-99.9-99.9-99.9-9.9 9910.5 85  7.7   3  2.4-9.9-9.9
5017219830420 17.0  4.0  0.009900 -1.5-99.9-99.9-99.9-9.9 9910.4 78  7.5   0  0.0-9.9-9.9
5017219830421 21.0  6.3  0.009900  0.8-99.9-99.9-99.9-9.9 9910.0 72  7.0   1  0.8-9.9-9.9
5017219830422 21.4  8.3  0.009900  3.3-99.9-99.9-99.9-9.9 9911.7 72  9.3  14 11.2-9.9-9.9
5017219830423 24.5  7.0  0.009900  1.3-99.9-99.9-99.9-9.9 9912.2 74  9.9   3  2.4-9.9-9.9
5017219830424 26.6 11.6  0.009900  8.3-99.9-99.9-99.9-9.9 9912.9 63 10.7   9  7.2-9.9-9.9
5017219830425 20.5  4.3  0.009900 -0.7-99.9-99.9-99.9-9.9 9910.4 72  7.5   8  6.4-9.9-9.9
5017219830426 20.4  9.3  0.009900  3.5-99.9-99.9-99.9-9.9 9912.3 73 10.0   6  4.8-9.9-9.9
5017219830427 26.5  8.9  0.009900  0.9-99.9-99.9-99.9-9.9 9910.6 53  7.8   9  7.2-9.9-9.9
5017219830428 22.3  9.2  0.009900  6.8-99.9-99.9-99.9-9.9 99 8.7 57  5.0  12  9.6-9.9-9.9
5017219830429 21.5  1.6  0.009900 -4.2-99.9-99.9-99.9-9.9 99 8.0 64  3.8   8  6.4-9.9-9.9
5017219830430 22.5  2.0  0.009900 -3.2-99.9-99.9-99.9-9.9 99 8.4 63  4.5   5  4.0-9.9-9.9
5017219830501 22.2  4.0  0.009900 -1.2-99.9-99.9-99.9-9.9 9910.0 66  7.0   3  2.4-9.9-9.9
5017219830502 24.0  5.9  0.009900  0.8-99.9-99.9-99.9-9.9 9912.9 68 10.7  12  9.6-9.9-9.9
5017219830503 20.5 10.0  0.009900 12.8-99.9-99.9-99.9-9.9 9913.0 80 10.9  14 11.2-9.9-9.9
5017219830504 20.5  7.0  0.009900 -0.5-99.9-99.9-99.9-9.9 99 6.9 51  1.7   8  6.4-9.9-9.9
5017219830505 19.0  0.0  0.009900 -6.2-99.9-99.9-99.9-9.9 99 6.7 64  1.3   2  1.6-9.9-9.9
5017219830506 22.5  4.0  0.009900 -1.7-99.9-99.9-99.9-9.9 99 7.9 61  3.6  12  9.6-9.9-9.9
5017219830507 23.0  1.8  0.009900 -4.2-99.9-99.9-99.9-9.9 99 7.1 56  2.1   8  6.4-9.9-9.9
5017219830508 20.5  2.0  0.009900 -3.7-99.9-99.9-99.9-9.9 99 7.5 56  2.9  11  8.8-9.9-9.9
5017219830509 18.0  5.3  0.009900 -1.1-99.9-99.9-99.9-9.9 99 8.5 65  4.6  11  8.8-9.9-9.9
5017219830510 21.5  3.8  0.009900 -1.7-99.9-99.9-99.9-9.9 9910.5 79  7.7   1  0.8-9.9-9.9
5017219830511 24.5  5.2  0.009900 -0.9-99.9-99.9-99.9-9.9 9910.7 65  8.0   9  7.2-9.9-9.9
5017219830512 23.8  6.8  0.009900 -0.1-99.9-99.9-99.9-9.9 9911.0 68  8.4   5  4.0-9.9-9.9
5017219830513 24.0  6.0  0.009900  0.2-99.9-99.9-99.9-9.9 9912.1 76  9.8   8  6.4-9.9-9.9
5017219830514 25.2  7.8  0.009900  1.3-99.9-99.9-99.9-9.9 9912.2 69  9.9  16 12.8-9.9-9.9
5017219830515 26.0  7.3  0.419900  1.3-99.9-99.9-99.9-9.9 9911.4 68  8.9  23 18.4-9.9-9.9
5017219830516 17.0  5.0  0.009900 -1.2-99.9-99.9-99.9-9.9 99 7.4 63  2.7   9  7.2-9.9-9.9
5017219830517 17.7  1.3  0.009900 -6.7-99.9-99.9-99.9-9.9 99 7.0 60  1.9   3  2.4-9.9-9.9
5017219830518 20.0  2.2  7.019900 -3.7-99.9-99.9-99.9-9.9 99 9.5 73  6.2   8  6.4-9.9-9.9
5017219830519 19.6  6.6  0.009900  0.2-99.9-99.9-99.9-9.9 99 9.2 68  5.8   8  6.4-9.9-9.9
5017219830520 19.3  4.8  0.009900 -2.0-99.9-99.9-99.9-9.9 99 9.0 71  5.4   3  2.4-9.9-9.9
5017219830521 16.5  7.0  0.009900  0.3-99.9-99.9-99.9-9.9 9911.0 82  8.4   6  4.8-9.9-9.9
5017219830522 15.0  2.8  0.009900 -0.7-99.9-99.9-99.9-9.9 9910.9 88  8.2   6  4.8-9.9-9.9
5017219830523 17.5  7.3  0.009900  0.3-99.9-99.9-99.9-9.9 9910.6 78  7.8   4  3.2-9.9-9.9
5017219830524 20.5  3.5  0.009900 -1.2-99.9-99.9-99.9-9.9 99 9.5 69  6.2  17 13.6-9.9-9.9
5017219830525 17.8  7.3  0.009900  1.8-99.9-99.9-99.9-9.9 9910.8 76  8.1  19 15.2-9.9-9.9
5017219830526 15.5  5.6  0.009900  3.3-99.9-99.9-99.9-9.9 99 6.5 59  0.9  11  8.8-9.9-9.9
5017219830527 17.0 -1.2  0.009900 -6.5-99.9-99.9-99.9-9.9 99 5.6 57 -1.2   6  4.8-9.9-9.9
5017219830528 17.0 -1.0  0.009900 -9.0-99.9-99.9-99.9-9.9 99 3.8 36 -6.4  23 18.4-9.9-9.9
5017219830529 10.8  5.6  0.009900  4.0-99.9-99.9-99.9-9.9 99 5.6 58 -1.2  41 32.8-9.9-9.9
5017219830530  8.0  3.6  0.419900  2.3-99.9-99.9-99.9-9.9 99 6.1 69  0.0  38 30.4-9.9-9.9
5017219830531  5.0 -0.8  0.219900  0.0-99.9-99.9-99.9-9.9 99 6.0 87 -0.2  14 11.2-9.9-9.9
5017219830601  5.0 -1.9  3.619900 -8.7-99.9-99.9-99.9-9.9 99 6.5 87  0.9  11  8.8-9.9-9.9
5017219830602  6.5  0.2  0.219900 -0.7-99.9-99.9-99.9-9.9 99 6.7 90  1.3   2  1.6-9.9-9.9
5017219830603 13.0 -4.5  0.009900 -1.2-99.9-99.9-99.9-9.9 99 4.8 67 -3.3   0  0.0-9.9-9.9
5017219830604 12.6 -4.8  0.009900 -9.7-99.9-99.9-99.9-9.9 99 5.0 65 -2.7   5  4.0-9.9-9.9
5017219830605 16.6 -2.0  0.009900 -8.2-99.9-99.9-99.9-9.9 99 5.5 59 -1.4   3  2.4-9.9-9.9
5017219830606 17.5 -2.4  0.009900 -8.6-99.9-99.9-99.9-9.9 99 5.6 61 -1.2   3  2.4-9.9-9.9
5017219830607 15.0 -3.0  0.009900 -9.2-99.9-99.9-99.9-9.9 99 5.9 62 -0.5  14 11.2-9.9-9.9
5017219830608 10.0  3.4  0.119900  3.3-99.9-99.9-99.9-9.9 99 7.3 86  2.5   0  0.0-9.9-9.9
5017219830609 16.0 -3.8  0.009900 -8.7-99.9-99.9-99.9-9.9 99 6.1 67  0.0   6  4.8-9.9-9.9
5017219830610 12.0  0.3  2.019900 -5.2-99.9-99.9-99.9-9.9 99 5.9 66 -0.5  16 12.8-9.9-9.9
5017219830611  6.2  1.6 15.019900  2.3-99.9-99.9-99.9-9.9 99 6.6 91  1.1  16 12.8-9.9-9.9
5017219830612  5.6  1.8 10.719900  1.8-99.9-99.9-99.9-9.9 99 8.0 94  3.8   5  4.0-9.9-9.9
5017219830613  5.5  2.6  0.419900  2.8-99.9-99.9-99.9-9.9 99 7.3 90  2.5   8  6.4-9.9-9.9
5017219830614 12.8  0.2  0.009900 -6.2-99.9-99.9-99.9-9.9 99 7.4 76  2.7  25 20.0-9.9-9.9
5017219830615 13.0  1.6  0.009900 -3.2-99.9-99.9-99.9-9.9 99 7.4 79  2.7   3  2.4-9.9-9.9
5017219830616 18.5  2.3  0.009900 -4.2-99.9-99.9-99.9-9.9 99 8.1 63  3.9  22 17.6-9.9-9.9
5017219830617 18.5  6.3  0.009900  2.8-99.9-99.9-99.9-9.9 99 8.4 67  4.5  19 15.2-9.9-9.9
5017219830618  9.7  1.8  0.009900 -3.7-99.9-99.9-99.9-9.9 99 8.9 90  5.3   6  4.8-9.9-9.9
5017219830619 18.0  2.0  0.009900 -5.2-99.9-99.9-99.9-9.9 99 7.0 64  1.9   1  0.8-9.9-9.9
5017219830620 16.5 -1.0  0.009900 -7.2-99.9-99.9-99.9-9.9 99 6.8 64  1.5   9  7.2-9.9-9.9
5017219830621 11.2  0.0  0.009900 -5.7-99.9-99.9-99.9-9.9 99 6.9 77  1.7   3  2.4-9.9-9.9
5017219830622 13.5  1.8  0.009900 -4.2-99.9-99.9-99.9-9.9 99 5.6 62 -1.2   0  0.0-9.9-9.9
5017219830623 13.6 -4.0  0.009900-10.7-99.9-99.9-99.9-9.9 99 4.0 53 -5.7   4  3.2-9.9-9.9
5017219830624 17.0 -4.2  0.009900-11.5-99.9-99.9-99.9-9.9 99 4.1 52 -5.4   8  6.4-9.9-9.9
5017219830625 11.5 -4.4  0.009900-11.6-99.9-99.9-99.9-9.9 99 8.2 70  4.1   3  2.4-9.9-9.9
5017219830626 15.5 -4.0  0.009900-10.2-99.9-99.9-99.9-9.9 99 4.3 58 -4.7   3  2.4-9.9-9.9
5017219830627 17.8 -3.2  0.009900 -9.2-99.9-99.9-99.9-9.9 99 5.0 54 -2.7   3  2.4-9.9-9.9
5017219830628 14.0 -3.2  0.009900 -9.2-99.9-99.9-99.9-9.9 99 5.5 67 -1.4   3  2.4-9.9-9.9
5017219830629 13.5  0.6  0.009900 -6.2-99.9-99.9-99.9-9.9 99 6.4 74  0.6   1  0.8-9.9-9.9
5017219830630 15.5 -3.2  0.009900 -9.2-99.9-99.9-99.9-9.9 99-9.9-99-99.9  11  8.8-9.9-9.9
5017219830701 20.1  0.2  0.009900 -5.5-99.9-99.9-99.9-9.9 99 7.0 59  1.9  13 10.4-9.9-9.9
5017219830702 16.5  2.8  0.009900 -4.2-99.9-99.9-99.9-9.9 99 6.2 48  0.2  16 12.8-9.9-9.9
5017219830703 18.5 -0.8  0.009900 -5.2-99.9-99.9-99.9-9.9 99 7.1 63  2.1  11  8.8-9.9-9.9
5017219830704 19.0  5.8  0.009900 -1.5-99.9-99.9-99.9-9.9 99 9.6 68  6.4  21 16.8-9.9-9.9
5017219830705 20.5  4.2  0.009900 -2.7-99.9-99.9-99.9-9.9 99 6.9 51  1.7 -99-99.9-9.9-9.9
5017219830706 12.5  5.2  0.009900 -1.2-99.9-99.9-99.9-9.9 99 6.2 61  0.2   6  4.8-9.9-9.9
5017219830707  9.0 -0.8  0.009900 -7.2-99.9-99.9-99.9-9.9 99 5.7 73 -1.0  15 12.0-9.9-9.9
5017219830708  4.2 -1.0  0.009900 -8.7-99.9-99.9-99.9-9.9 99 5.9 80 -0.5   8  6.4-9.9-9.9
5017219830709 12.5 -0.6  0.009900 -8.7-99.9-99.9-99.9-9.9 99 5.9 68 -0.5  13 10.4-9.9-9.9
5017219830710 14.5 -3.6  0.009900 -9.2-99.9-99.9-99.9-9.9 99-9.9-99-99.9  13 10.4-9.9-9.9
5017219830711 17.0 -2.2  0.009900 -9.7-99.9-99.9-99.9-9.9 99 5.7 55 -1.0   8  6.4-9.9-9.9
5017219830712 17.7  3.0  0.009900  0.3-99.9-99.9-99.9-9.9 99 6.5 55  0.9  19 15.2-9.9-9.9
5017219830713 18.5  2.8  0.009900  4.8-99.9-99.9-99.9-9.9 99 7.6 64  3.0  13 10.4-9.9-9.9
5017219830714 16.0 -0.6  0.009900 -7.7-99.9-99.9-99.9-9.9 99 6.9 69  1.7   1  0.8-9.9-9.9
5017219830715 17.0 -2.0  0.009900 -9.2-99.9-99.9-99.9-9.9 99 5.6 57 -1.2   6  4.8-9.9-9.9
5017219830716 18.5 -2.2  0.009900 -8.9-99.9-99.9-99.9-9.9 99 6.0 60 -0.2  11  8.8-9.9-9.9
5017219830717 17.5  1.8  0.009900 -6.2-99.9-99.9-99.9-9.9 99 6.0 51 -0.2  16 12.8-9.9-9.9
5017219830718 17.5 -1.0  0.009900 -6.2-99.9-99.9-99.9-9.9 99 5.9 59 -0.5  16 12.8-9.9-9.9
5017219830719 19.7  4.3  0.009900 -2.7-99.9-99.9-99.9-9.9 99 6.3 51  0.4  27 21.6-9.9-9.9
5017219830720 15.7 -1.8  0.009900 -9.2-99.9-99.9-99.9-9.9 99 5.5 63 -1.4   3  2.4-9.9-9.9
5017219830721 17.0 -3.8  0.009900 -9.2-99.9-99.9-99.9-9.9 99 5.4 60 -1.7   4  3.2-9.9-9.9
5017219830722 15.0 -1.8  0.009900 -7.7-99.9-99.9-99.9-9.9 99 6.4 63  0.6   4  3.2-9.9-9.9
5017219830723 10.0  3.0  0.009900 -3.7-99.9-99.9-99.9-9.9 99 4.8 48 -3.3  19 15.2-9.9-9.9
5017219830724  7.5  3.0  0.009900  2.8-99.9-99.9-99.9-9.9 99 7.0 87  1.9   7  5.6-9.9-9.9
5017219830725 10.0  0.6  0.009900 -6.7-99.9-99.9-99.9-9.9 99 6.7 82  1.3  22 17.6-9.9-9.9
5017219830726 16.0  0.0  0.009900 -3.7-99.9-99.9-99.9-9.9 99 7.0 68  1.9  26 20.8-9.9-9.9
5017219830727 18.0  3.3  0.009900 -0.7-99.9-99.9-99.9-9.9 99 7.3 64  2.5  30 24.0-9.9-9.9
5017219830728 11.5  2.6  0.009900 -3.0-99.9-99.9-99.9-9.9 99 4.4 48 -4.4  22 17.6-9.9-9.9
5017219830729 14.5 -5.7  0.009900-12.7-99.9-99.9-99.9-9.9 99 3.9 51 -6.0   5  4.0-9.9-9.9
5017219830730 14.7 -4.8  0.009900-12.7-99.9-99.9-99.9-9.9 99 4.1 55 -5.4   3  2.4-9.9-9.9
5017219830731 15.0 -3.4  0.009900-10.7-99.9-99.9-99.9-9.9 99 5.1 57 -2.5   3  2.4-9.9-9.9
5017219830801 16.5 -2.8  0.009900 -7.7-99.9-99.9-99.9-9.9 99 4.6 51 -3.8  14 11.2-9.9-9.9
5017219830802 16.0 -2.2  0.009900 -5.2-99.9-99.9-99.9-9.9 99 5.0 52 -2.7  26 20.8-9.9-9.9
5017219830803 16.7  1.3  0.009900 -2.7-99.9-99.9-99.9-9.9 99 6.1 55  0.0  26 20.8-9.9-9.9
5017219830804 19.0  3.8  0.009900 -2.2-99.9-99.9-99.9-9.9 99 7.1 58  2.1  16 12.8-9.9-9.9
5017219830805 16.0  2.5  0.009900 -2.7-99.9-99.9-99.9-9.9 99 6.2 53  0.2  34 27.2-9.9-9.9
5017219830806 16.0  3.4  0.009900 -3.7-99.9-99.9-99.9-9.9 99 6.0 57 -0.2   3  2.4-9.9-9.9
5017219830807 12.0  0.4  0.009900 -3.7-99.9-99.9-99.9-9.9 99 5.5 57 -1.4   3  2.4-9.9-9.9
5017219830808 16.2 -3.0  0.009900 -7.7-99.9-99.9-99.9-9.9 99 6.6 67  1.1   3  2.4-9.9-9.9
5017219830809 12.5  2.6  0.009900 -1.7-99.9-99.9-99.9-9.9 99 7.8 79  3.4  18 14.4-9.9-9.9
5017219830810 17.2  1.3  0.009900 -4.7-99.9-99.9-99.9-9.9 99 7.7 70  3.2   4  3.2-9.9-9.9
5017219830811 21.5 -0.2  0.009900 -6.2-99.9-99.9-99.9-9.9 99 6.5 60  0.9   8  6.4-9.9-9.9
5017219830812 18.0  3.8  0.009900 -0.7-99.9-99.9-99.9-9.9 99 7.1 57  2.1  19 15.2-9.9-9.9
5017219830813 23.5  0.8  0.009900 -3.7-99.9-99.9-99.9-9.9 99 5.6 46 -1.2  21 16.8-9.9-9.9
5017219830814 15.7  3.1  0.009900  0.8-99.9-99.9-99.9-9.9 99 3.4 40 -7.8  23 18.4-9.9-9.9
5017219830815 17.0 -5.2  0.009900-11.7-99.9-99.9-99.9-9.9 99 4.1 52 -5.4   5  4.0-9.9-9.9
5017219830816 18.0 -3.6  0.009900-10.7-99.9-99.9-99.9-9.9 99 3.8 42 -6.4  23 18.4-9.9-9.9
5017219830817 25.0  1.3  0.009900 -3.2-99.9-99.9-99.9-9.9 99 4.5 31 -4.1  16 12.8-9.9-9.9
5017219830818 18.0  1.8  0.009900 -5.7-99.9-99.9-99.9-9.9 99 4.4 38 -4.4   3  2.4-9.9-9.9
5017219830819 18.0 -2.9  0.009900 -8.7-99.9-99.9-99.9-9.9 99 4.7 47 -3.6   6  4.8-9.9-9.9
5017219830820 19.0 -3.0  0.009900 -7.7-99.9-99.9-99.9-9.9 99 5.9 54 -0.5  11  8.8-9.9-9.9
5017219830821 19.0  3.8  0.009900 -0.2-99.9-99.9-99.9-9.9 99 7.4 61  2.7   5  4.0-9.9-9.9
5017219830822 18.5  1.5  0.009900 -3.2-99.9-99.9-99.9-9.9 99 8.2 68  4.1   1  0.8-9.9-9.9
5017219830823 24.5  2.8  0.009900 -2.9-99.9-99.9-99.9-9.9 99 7.7 55  3.2   5  4.0-9.9-9.9
5017219830824 20.5  8.0  0.009900  2.8-99.9-99.9-99.9-9.9 99 9.3 56  5.9   4  3.2-9.9-9.9
5017219830825 20.5  4.8  0.009900 -0.2-99.9-99.9-99.9-9.9 99 6.9 49  1.7   8  6.4-9.9-9.9
5017219830826 18.5  2.3  0.009900 -3.2-99.9-99.9-99.9-9.9 99 9.9 72  6.8   3  2.4-9.9-9.9
5017219830827 12.6  6.0 11.519900  0.3-99.9-99.9-99.9-9.9 99 7.6 75  3.0  30 24.0-9.9-9.9
5017219830828  9.0  5.6 14.019900  5.3-99.9-99.9-99.9-9.9 99 8.9 89  5.3  41 32.8-9.9-9.9
5017219830829  8.0  3.8  3.719900  3.8-99.9-99.9-99.9-9.9 99 6.8 79  1.5  26 20.8-9.9-9.9
5017219830830 13.4  3.5  0.009900  0.8-99.9-99.9-99.9-9.9 99 5.7 56 -1.0  16 12.8-9.9-9.9
5017219830831 19.0  1.2  0.009900 -2.2-99.9-99.9-99.9-9.9 99 4.7 48 -3.6   8  6.4-9.9-9.9
5017219830901 21.8  0.5  0.009900 -4.2-99.9-99.9-99.9-9.9 99 5.2 45 -2.2   8  6.4-9.9-9.9
5017219830902 23.0  4.8  0.009900 -2.2-99.9-99.9-99.9-9.9 99 5.4 37 -1.7  12  9.6-9.9-9.9
5017219830903 23.0  1.0  0.009900 -5.2-99.9-99.9-99.9-9.9 99 5.4 42 -1.7   3  2.4-9.9-9.9
5017219830904 26.5  5.3  0.009900 -0.7-99.9-99.9-99.9-9.9 99 5.7 30 -1.0  19 15.2-9.9-9.9
5017219830905 20.6  3.1  0.009900 -3.7-99.9-99.9-99.9-9.9 99 4.5 35 -4.1  11  8.8-9.9-9.9
5017219830906 14.2 -0.4  0.009900-99.9-99.9-99.9-99.9-9.9 99 3.2 39 -8.6   3  2.4-9.9-9.9
5017219830907 13.5 -1.2  0.009900 -9.2-99.9-99.9-99.9-9.9 99 3.9 46 -6.0   3  2.4-9.9-9.9
5017219830908 19.5 -0.4  0.009900 -8.2-99.9-99.9-99.9-9.9 99 3.8 33 -6.4  21 16.8-9.9-9.9
5017219830909 19.5 -0.7  0.009900 -6.7-99.9-99.9-99.9-9.9 99 4.7 39 -3.6  16 12.8-9.9-9.9
5017219830910 21.5  0.8  0.009900 -4.7-99.9-99.9-99.9-9.9 99 6.0 48 -0.2  11  8.8-9.9-9.9
5017219830911 22.0  0.0  0.009900 -4.0-99.9-99.9-99.9-9.9 99 6.5 50  0.9   3  2.4-9.9-9.9
5017219830912 25.0  3.8  0.009900  0.3-99.9-99.9-99.9-9.9 99 6.1 36  0.0  19 15.2-9.9-9.9
5017219830913 22.5  7.1  0.009900  1.8-99.9-99.9-99.9-9.9 99 7.3 43  2.5   9  7.2-9.9-9.9
5017219830914 22.5  8.3  6.019900  2.8-99.9-99.9-99.9-9.9 99 7.4 41  2.7  21 16.8-9.9-9.9
5017219830915 19.2  8.0  0.519900  4.9-99.9-99.9-99.9-9.9 99 8.0 51  3.8  19 15.2-9.9-9.9
5017219830916 19.5  8.2  0.319900  4.9-99.9-99.9-99.9-9.9 99 9.4 68  6.1   6  4.8-9.9-9.9
5017219830917 14.2  7.5  0.219900  6.3-99.9-99.9-99.9-9.9 99 6.9 57  1.7  12  9.6-9.9-9.9
5017219830918 17.0  2.3  0.009900 -2.7-99.9-99.9-99.9-9.9 99 5.1 42 -2.5  11  8.8-9.9-9.9
5017219830919 20.5 -1.2  0.009900 -6.7-99.9-99.9-99.9-9.9 99 5.8 46 -0.7  11  8.8-9.9-9.9
5017219830920 24.0  4.5  0.009900  0.3-99.9-99.9-99.9-9.9 99 7.4 46  2.7   6  4.8-9.9-9.9
5017219830921 25.0  5.0  0.009900 -0.7-99.9-99.9-99.9-9.9 99 8.2 46  4.1   4  3.2-9.9-9.9
5017219830922 24.5  9.3  0.009900  6.8-99.9-99.9-99.9-9.9 99 6.1 30  0.0  16 12.8-9.9-9.9
5017219830923 28.0  8.4  0.009900  3.7-99.9-99.9-99.9-9.9 99 7.4 42  2.7  12  9.6-9.9-9.9
5017219830924 29.5  4.8  0.009900  0.8-99.9-99.9-99.9-9.9 99 9.2 47  5.8   6  4.8-9.9-9.9
5017219830925 31.0 10.8  0.009900  5.8-99.9-99.9-99.9-9.9 9912.2 48  9.9   8  6.4-9.9-9.9
5017219830926 24.2 11.0  0.009900  9.3-99.9-99.9-99.9-9.9 99 6.7 37  1.3  17 13.6-9.9-9.9
5017219830927 16.5  8.5  5.619900  6.3-99.9-99.9-99.9-9.9 99 6.0 45 -0.2  27 21.6-9.9-9.9
5017219830928 10.5  5.0  3.019900  5.9-99.9-99.9-99.9-9.9 99 7.9 87  3.6  27 21.6-9.9-9.9
5017219830929 17.0  1.3  0.009900 -3.7-99.9-99.9-99.9-9.9 99 7.4 65  2.7   9  7.2-9.9-9.9
5017219830930 23.0  3.1  0.009900 -1.2-99.9-99.9-99.9-9.9 99 7.1 46  2.1  17 13.6-9.9-9.9
5017219831001 25.6  7.3  0.009900  2.8-99.9-99.9-99.9-9.9 99 8.3 42  4.3   4  3.2-9.9-9.9
5017219831002 32.7  9.3  0.009900  3.7-99.9-99.9-99.9-9.9 99 8.6 34  4.8  11  8.8-9.9-9.9
5017219831003 29.0  9.8  0.009900  4.8-99.9-99.9-99.9-9.9 99 8.0 35  3.8   6  4.8-9.9-9.9
5017219831004 25.8  8.8  0.009900  3.3-99.9-99.9-99.9-9.9 99 5.4 25 -1.7  26 20.8-9.9-9.9
5017219831005 30.0  6.8  0.009900  1.3-99.9-99.9-99.9-9.9 9910.6 51  7.8   8  6.4-9.9-9.9
5017219831006 33.6 10.0  0.009900  5.3-99.9-99.9-99.9-9.9 9910.0 39  7.0  14 11.2-9.9-9.9
5017219831007 30.7 12.5  0.009900  7.7-99.9-99.9-99.9-9.9 9914.0 50 12.0   0  0.0-9.9-9.9
5017219831008 24.2  8.6  0.009900  3.8-99.9-99.9-99.9-9.9 99 6.8 36  1.5   9  7.2-9.9-9.9
5017219831009 23.0  7.3  0.009900  1.8-99.9-99.9-99.9-9.9 99 6.7 35  1.3  16 12.8-9.9-9.9
5017219831010 28.3  5.3  0.009900  0.3-99.9-99.9-99.9-9.9 99 9.2 46  5.8   6  4.8-9.9-9.9
5017219831011 28.7  7.5  0.009900  1.3-99.9-99.9-99.9-9.9 9910.4 48  7.5  11  8.8-9.9-9.9
5017219831012 30.5  9.2  0.009900  3.4-99.9-99.9-99.9-9.9 9911.4 50  8.9   4  3.2-9.9-9.9
5017219831013 25.6 14.5  0.009900 10.8-99.9-99.9-99.9-9.9 99 7.2 30  2.3  38 30.4-9.9-9.9
5017219831014 27.0  8.8  0.009900  3.8-99.9-99.9-99.9-9.9 9911.9 53  9.5   9  7.2-9.9-9.9
5017219831015 25.5 12.3  0.009900  6.8-99.9-99.9-99.9-9.9 9913.5 66 11.4  12  9.6-9.9-9.9
5017219831016 21.0 12.8  0.519900 10.8-99.9-99.9-99.9-9.9 99 7.7 46  3.2   6  4.8-9.9-9.9
5017219831017 25.0  4.8  0.009900 -0.7-99.9-99.9-99.9-9.9 99 8.9 48  5.3   6  4.8-9.9-9.9
5017219831018 29.7 11.0  0.009900  2.3-99.9-99.9-99.9-9.9 99 6.8 28  1.5   9  7.2-9.9-9.9
5017219831019 23.2  8.1  0.009900  0.3-99.9-99.9-99.9-9.9 99 6.8 37  1.5  11  8.8-9.9-9.9
5017219831020 29.5  6.3  0.009900 -0.7-99.9-99.9-99.9-9.9 99 8.5 37  4.6   6  4.8-9.9-9.9
5017219831021 26.5 11.1  0.009900  7.3-99.9-99.9-99.9-9.9 99 7.2 34  2.3  26 20.8-9.9-9.9
5017219831022 25.8  8.3  0.009900  0.5-99.9-99.9-99.9-9.9 99 6.7 34  1.3  19 15.2-9.9-9.9
5017219831023 26.5  3.6  0.009900 -3.2-99.9-99.9-99.9-9.9 99 5.9 28 -0.5  14 11.2-9.9-9.9
5017219831024 26.5  9.3  1.619900  3.8-99.9-99.9-99.9-9.9 99 9.3 40  5.9  19 15.2-9.9-9.9
5017219831025 23.0 11.8  0.009900  9.3-99.9-99.9-99.9-9.9 9911.0 60  8.4  23 18.4-9.9-9.9
5017219831026 28.6  7.1  0.009900  1.8-99.9-99.9-99.9-9.9 9911.0 54  8.4   1  0.8-9.9-9.9
5017219831027 27.2 12.8  0.009900  8.1-99.9-99.9-99.9-9.9 9914.5 66 12.5  16 12.8-9.9-9.9
5017219831028 26.7 10.0  0.009900  3.8-99.9-99.9-99.9-9.9 9910.4 48  7.5   3  2.4-9.9-9.9
5017219831029 29.2  7.8  0.009900  1.8-99.9-99.9-99.9-9.9 9910.8 43  8.1   7  5.6-9.9-9.9
5017219831030 27.0 12.5  0.009900  6.4-99.9-99.9-99.9-9.9 9912.8 67 10.6  15 12.0-9.9-9.9
5017219831031 26.8  8.0  0.009900  3.3-99.9-99.9-99.9-9.9 9911.7 57  9.3  14 11.2-9.9-9.9
5017219831101 28.5  8.3  0.009900  3.3-99.9-99.9-99.9-9.9 9911.1 47  8.5  22 17.6-9.9-9.9
5017219831102 29.2  9.8  0.009900  3.3-99.9-99.9-99.9-9.9 9911.7 46  9.3  11  8.8-9.9-9.9
5017219831103 34.5 12.3  0.009900  5.8-99.9-99.9-99.9-9.9 9911.9 41  9.5  16 12.8-9.9-9.9
5017219831104 34.5 12.3  0.009900  6.1-99.9-99.9-99.9-9.9 9911.2 32  8.6  16 12.8-9.9-9.9
5017219831105 28.0 16.6  0.009900 13.8-99.9-99.9-99.9-9.9 99 6.5 28  0.9  22 17.6-9.9-9.9
5017219831106 27.2  8.8  0.009900  2.3-99.9-99.9-99.9-9.9 99 9.3 40  5.9  22 17.6-9.9-9.9
5017219831107 30.2 12.0  0.009900  4.8-99.9-99.9-99.9-9.9 99 9.4 33  6.1  19 15.2-9.9-9.9
5017219831108 30.5 12.8  0.009900  7.1-99.9-99.9-99.9-9.9 9912.5 44 10.3  16 12.8-9.9-9.9
5017219831109 29.5 15.8  0.009900  9.3-99.9-99.9-99.9-9.9 99 8.6 31  4.8  35 28.0-9.9-9.9
5017219831110-99.9-99.9  0.009900-99.9-99.9-99.9-99.9-9.9 99-9.9-99-99.9 -99-99.9-9.9-9.9
5017219831111-99.9-99.9  0.009900-99.9-99.9-99.9-99.9-9.9 99-9.9-99-99.9 -99-99.9-9.9-9.9
5017219831112-99.9-99.9  0.009900-99.9-99.9-99.9-99.9-9.9 99-9.9-99-99.9 -99-99.9-9.9-9.9
5017219831113-99.9-99.9  0.009900-99.9-99.9-99.9-99.9-9.9 99-9.9-99-99.9 -99-99.9-9.9-9.9
5017219831114 30.2  6.6  0.009900  0.0-99.9-99.9-99.9-9.9 99 9.4 37  6.1  11  8.8-9.9-9.9
5017219831115 33.0  9.0  1.519900  3.8-99.9-99.9-99.9-9.9 9910.8 39  8.1   9  7.2-9.9-9.9
5017219831116 25.6 13.4 18.019900 14.3-99.9-99.9-99.9-9.9 9915.1 82 13.1   8  6.4-9.9-9.9
5017219831117 25.0  8.4  0.009900  4.3-99.9-99.9-99.9-9.9 9911.9 55  9.5  13 10.4-9.9-9.9
5017219831118 30.5  8.8  0.009900  4.8-99.9-99.9-99.9-9.9 9912.1 47  9.8   4  3.2-9.9-9.9
5017219831119 28.5 12.4  0.009900  7.8-99.9-99.9-99.9-9.9 99 8.6 30  4.8  17 13.6-9.9-9.9
5017219831120 24.4 11.7  0.519900  6.3-99.9-99.9-99.9-9.9 99 9.2 39  5.8  28 22.4-9.9-9.9
5017219831121 25.4 10.8  0.009900  6.8-99.9-99.9-99.9-9.9 9911.6 57  9.2   6  4.8-9.9-9.9
5017219831122 32.2  9.6  0.009900  4.3-99.9-99.9-99.9-9.9 9912.5 44 10.3   6  4.8-9.9-9.9
5017219831123 33.7 14.8  0.009900  8.8-99.9-99.9-99.9-9.9 9913.1 38 11.0   6  4.8-9.9-9.9
5017219831124 31.0 14.8  0.009900  9.4-99.9-99.9-99.9-9.9 99 9.7 32  6.5  16 12.8-9.9-9.9
5017219831125 35.6 10.8  0.009900  6.3-99.9-99.9-99.9-9.9 9914.2 42 12.2  15 12.0-9.9-9.9
5017219831126 36.6 16.8  0.219900 12.3-99.9-99.9-99.9-9.9 9917.9 50 15.8   6  4.8-9.9-9.9
5017219831127 35.0 17.8  0.009900 13.8-99.9-99.9-99.9-9.9 9918.7 50 16.4  19 15.2-9.9-9.9
5017219831128 35.0 21.3  0.009900 16.3-99.9-99.9-99.9-9.9 9911.8 31  9.4  23 18.4-9.9-9.9
5017219831129 34.0 17.3  0.009900 12.3-99.9-99.9-99.9-9.9 9911.6 32  9.2  25 20.0-9.9-9.9
5017219831130 28.5 16.1  0.009900  8.8-99.9-99.9-99.9-9.9 99 7.7 27  3.2  31 24.8-9.9-9.9
5017219831201 25.0 10.6  0.009900  5.6-99.9-99.9-99.9-9.9 9910.5 49  7.7   9  7.2-9.9-9.9
5017219831202 33.6 11.1  0.009900  5.8-99.9-99.9-99.9-9.9 9913.7 43 11.6   8  6.4-9.9-9.9
5017219831203 31.0 16.3  6.319900 11.8-99.9-99.9-99.9-9.9 9917.1 65 15.0  22 17.6-9.9-9.9
5017219831204 32.0 15.0  0.009900 10.8-99.9-99.9-99.9-9.9 9916.9 53 14.9   6  4.8-9.9-9.9
5017219831205 34.0 18.8  0.009900 12.9-99.9-99.9-99.9-9.9 9914.8 41 12.8  19 15.2-9.9-9.9
5017219831206 37.5 16.3  0.009900 11.3-99.9-99.9-99.9-9.9 9914.0 36 12.0   4  3.2-9.9-9.9
5017219831207 39.0 18.5  6.019900 13.8-99.9-99.9-99.9-9.9 9918.1 49 15.9  12  9.6-9.9-9.9
5017219831208 33.0 17.6  0.219900 14.3-99.9-99.9-99.9-9.9 9916.8 51 14.8  17 13.6-9.9-9.9
5017219831209 33.0 17.0  0.009900 14.3-99.9-99.9-99.9-9.9 9916.8 51 14.8  22 17.6-9.9-9.9
5017219831210 32.0 17.8  2.519910 12.5-99.9-99.9-99.9-9.9 9920.2 65 17.7  17 13.6-9.9-9.9
5017219831211 29.5 11.6  0.009900  7.9-99.9-99.9-99.9-9.9 9914.7 51 12.7  11  8.8-9.9-9.9
5017219831212 36.5 14.3  0.009900  9.3-99.9-99.9-99.9-9.9 9916.9 46 14.9   3  2.4-9.9-9.9
5017219831213 36.0 20.3  0.009900 14.8-99.9-99.9-99.9-9.9 9914.9 35 12.9  16 12.8-9.9-9.9
5017219831214 38.0 19.0 14.819900 14.3-99.9-99.9-99.9-9.9 9919.1 53 16.8  25 20.0-9.9-9.9
5017219831215 33.8 18.6 19.519900 15.8-99.9-99.9-99.9-9.9 9917.5 48 15.4   8  6.4-9.9-9.9
5017219831216 27.4 16.3  0.419900 15.5-99.9-99.9-99.9-9.9 9917.1 76 15.0  37 29.6-9.9-9.9
5017219831217 30.2 13.5  7.019900  9.8-99.9-99.9-99.9-9.9 9916.6 58 14.6   7  5.6-9.9-9.9
5017219831218 32.7 16.1  0.009900 12.8-99.9-99.9-99.9-9.9 9917.4 57 15.3  11  8.8-9.9-9.9
5017219831219 32.0 15.6  0.219900 12.1-99.9-99.9-99.9-9.9 9914.6 50 12.6  10  8.0-9.9-9.9
5017219831220 30.8 14.8  0.009900  9.8-99.9-99.9-99.9-9.9 9910.9 36  8.2  26 20.8-9.9-9.9
5017219831221 32.0 13.0  0.009900  7.8-99.9-99.9-99.9-9.9 9911.6 38  9.2  11  8.8-9.9-9.9
5017219831222 37.5 13.3  0.009900  8.3-99.9-99.9-99.9-9.9 9913.0 36 10.9  18 14.4-9.9-9.9
5017219831223 32.2 17.0  0.009900 11.8-99.9-99.9-99.9-9.9 9912.1 35  9.8  19 15.2-9.9-9.9
5017219831224 38.5 16.1  0.009900 11.8-99.9-99.9-99.9-9.9 9916.1 41 14.1  22 17.6-9.9-9.9
5017219831225 35.0 21.3 20.119900 17.3-99.9-99.9-99.9-9.9 9919.2 54 16.9   8  6.4-9.9-9.9
5017219831226 34.7 18.8  0.009900 14.4-99.9-99.9-99.9-9.9 9921.7 53 18.8  27 21.6-9.9-9.9
5017219831227 30.7 21.3  0.009900 19.3-99.9-99.9-99.9-9.9 9916.5 48 14.5  23 18.4-9.9-9.9
5017219831228 30.0 19.0  0.009900 17.8-99.9-99.9-99.9-9.9 9916.3 52 14.3  19 15.2-9.9-9.9
5017219831229 30.0 19.8  0.009900 16.8-99.9-99.9-99.9-9.9 9917.8 56 15.7  23 18.4-9.9-9.9
5017219831230 30.0 13.8  0.009900 10.3-99.9-99.9-99.9-9.9 9913.7 49 11.6  11  8.8-9.9-9.9
5017219831231 30.5 16.6  0.519900 12.8-99.9-99.9-99.9-9.9 9916.4 61 14.4  27 21.6-9.9-9.9
5017219840101 31.5 17.6 17.519900 17.8-99.9-99.9-99.9-9.9 9919.9 67 17.4   6  4.8-9.9-9.9
5017219840102 29.5 16.4  0.009900 13.8-99.9-99.9-99.9-9.9 9917.4 61 15.3   7  5.6-9.9-9.9
5017219840103 34.2 16.2  0.009900 13.3-99.9-99.9-99.9-9.9 9917.0 48 15.0  17 13.6-9.9-9.9
5017219840104 36.5 17.8  0.219900 14.8-99.9-99.9-99.9-9.9 9921.2 52 18.4   7  5.6-9.9-9.9
5017219840105 31.0 22.3  0.009900 20.3-99.9-99.9-99.9-9.9 9921.4 66 18.6  19 15.2-9.9-9.9
5017219840106 33.0 19.2 25.019900 16.3-99.9-99.9-99.9-9.9 9916.8 50 14.8  26 20.8-9.9-9.9
5017219840107 27.2 14.6  0.009900 13.8-99.9-99.9-99.9-9.9 9915.0 58 13.0  14 11.2-9.9-9.9
5017219840108 33.4 16.1  0.009900 13.6-99.9-99.9-99.9-9.9 9918.8 54 16.5   8  6.4-9.9-9.9
5017219840109 28.5 18.6  0.009900 17.3-99.9-99.9-99.9-9.9 9912.2 43  9.9  24 19.2-9.9-9.9
5017219840110 25.5 17.6  0.009900 16.3-99.9-99.9-99.9-9.9 9917.2 65 15.1  18 14.4-9.9-9.9
5017219840111 27.0 18.0  0.719900 15.3-99.9-99.9-99.9-9.9 9921.0 79 18.3  19 15.2-9.9-9.9
5017219840112 32.2 17.3  0.009900 14.3-99.9-99.9-99.9-9.9 9915.5 53 13.5  12  9.6-9.9-9.9
5017219840113 31.0 11.1  0.009900  5.3-99.9-99.9-99.9-9.9 9910.5 36  7.7  13 10.4-9.9-9.9
5017219840114 32.0 16.1  0.319900 10.8-99.9-99.9-99.9-9.9 9917.8 62 15.7  16 12.8-9.9-9.9
5017219840115 33.0 16.1  0.009900 11.8-99.9-99.9-99.9-9.9 9917.8 58 15.7   6  4.8-9.9-9.9
5017219840116 34.8 13.8  7.019900  8.8-99.9-99.9-99.9-9.9 9916.5 46 14.5   1  0.8-9.9-9.9
5017219840117 36.2 20.9  1.019910 19.3-99.9-99.9-99.9-9.9 9921.5 61 18.7   7  5.6-9.9-9.9
5017219840118 35.5 18.8  0.009900 15.8-99.9-99.9-99.9-9.9 9913.3 36 11.2  17 13.6-9.9-9.9
5017219840119 35.5 19.8  0.009900 14.5-99.9-99.9-99.9-9.9 9916.5 43 14.5  21 16.8-9.9-9.9
5017219840120 31.0 19.6  0.119900 16.8-99.9-99.9-99.9-9.9 9920.5 71 17.9  11  8.8-9.9-9.9
5017219840121 32.5 16.3  5.319900 13.8-99.9-99.9-99.9-9.9 9918.4 73 16.2  17 13.6-9.9-9.9
5017219840122 33.5 15.6  0.009900 12.3-99.9-99.9-99.9-9.9 9919.8 60 17.3  14 11.2-9.9-9.9
5017219840123 35.5 16.6  0.119900 12.3-99.9-99.9-99.9-9.9 9917.1 46 15.0  14 11.2-9.9-9.9
5017219840124 36.0 17.2  0.419900 12.3-99.9-99.9-99.9-9.9 9916.8 52 14.8  11  8.8-9.9-9.9
5017219840125 33.0 17.3  0.009900 13.3-99.9-99.9-99.9-9.9 9918.2 56 16.0  13 10.4-9.9-9.9
5017219840126 33.5 17.6  0.009900 13.7-99.9-99.9-99.9-9.9 9919.2 54 16.9   8  6.4-9.9-9.9
5017219840127 34.5 15.4  0.009900  5.3-99.9-99.9-99.9-9.9 9915.8 51 13.8   4  3.2-9.9-9.9
5017219840128 33.4 17.5  0.009900  9.8-99.9-99.9-99.9-9.9 9911.0 33  8.4  17 13.6-9.9-9.9
5017219840129 32.5 13.3  0.009900  8.3-99.9-99.9-99.9-9.9 9916.2 51 14.2  16 12.8-9.9-9.9
5017219840130 31.5 13.9  0.009900  8.3-99.9-99.9-99.9-9.9 9911.1 38  8.5  13 10.4-9.9-9.9
5017219840131 28.5 12.3  0.009900  8.3-99.9-99.9-99.9-9.9 9911.9 46  9.5  14 11.2-9.9-9.9
5017219840201-99.9-99.9-99.999999-99.9-99.9-99.9-99.9-9.9 99-9.9-99-99.9 -99-99.9-9.9-9.9
5017219840202-99.9-99.9-99.999999-99.9-99.9-99.9-99.9-9.9 99-9.9-99-99.9 -99-99.9-9.9-9.9
5017219840203-99.9-99.9-99.999999-99.9-99.9-99.9-99.9-9.9 99-9.9-99-99.9 -99-99.9-9.9-9.9
5017219840204-99.9-99.9-99.999999-99.9-99.9-99.9-99.9-9.9 99-9.9-99-99.9 -99-99.9-9.9-9.9
5017219840205-99.9-99.9-99.999999-99.9-99.9-99.9-99.9-9.9 99-9.9-99-99.9 -99-99.9-9.9-9.9
5017219840206-99.9-99.9-99.999999-99.9-99.9-99.9-99.9-9.9 99-9.9-99-99.9 -99-99.9-9.9-9.9
5017219840207-99.9-99.9-99.999999-99.9-99.9-99.9-99.9-9.9 99-9.9-99-99.9 -99-99.9-9.9-9.9
5017219840208-99.9-99.9-99.999999-99.9-99.9-99.9-99.9-9.9 99-9.9-99-99.9 -99-99.9-9.9-9.9
5017219840209-99.9-99.9-99.999999-99.9-99.9-99.9-99.9-9.9 99-9.9-99-99.9 -99-99.9-9.9-9.9
5017219840210-99.9-99.9-99.999999-99.9-99.9-99.9-99.9-9.9 99-9.9-99-99.9 -99-99.9-9.9-9.9
5017219840211-99.9-99.9-99.999999-99.9-99.9-99.9-99.9-9.9 99-9.9-99-99.9 -99-99.9-9.9-9.9
5017219840212-99.9-99.9-99.999999-99.9-99.9-99.9-99.9-9.9 99-9.9-99-99.9 -99-99.9-9.9-9.9
5017219840213-99.9-99.9-99.999999-99.9-99.9-99.9-99.9-9.9 99-9.9-99-99.9 -99-99.9-9.9-9.9
5017219840214-99.9-99.9-99.999999-99.9-99.9-99.9-99.9-9.9 99-9.9-99-99.9 -99-99.9-9.9-9.9
5017219840215-99.9-99.9-99.999999-99.9-99.9-99.9-99.9-9.9 99-9.9-99-99.9 -99-99.9-9.9-9.9
5017219840216-99.9-99.9-99.999999-99.9-99.9-99.9-99.9-9.9 99-9.9-99-99.9 -99-99.9-9.9-9.9
5017219840217-99.9-99.9-99.999999-99.9-99.9-99.9-99.9-9.9 99-9.9-99-99.9 -99-99.9-9.9-9.9
5017219840218-99.9-99.9-99.999999-99.9-99.9-99.9-99.9-9.9 99-9.9-99-99.9 -99-99.9-9.9-9.9
5017219840219-99.9-99.9-99.999999-99.9-99.9-99.9-99.9-9.9 99-9.9-99-99.9 -99-99.9-9.9-9.9
5017219840220-99.9-99.9-99.999999-99.9-99.9-99.9-99.9-9.9 99-9.9-99-99.9 -99-99.9-9.9-9.9
5017219840221-99.9-99.9-99.999999-99.9-99.9-99.9-99.9-9.9 99-9.9-99-99.9 -99-99.9-9.9-9.9
5017219840222-99.9-99.9-99.999999-99.9-99.9-99.9-99.9-9.9 99-9.9-99-99.9 -99-99.9-9.9-9.9
5017219840223-99.9-99.9-99.999999-99.9-99.9-99.9-99.9-9.9 99-9.9-99-99.9 -99-99.9-9.9-9.9
5017219840224-99.9-99.9-99.999999-99.9-99.9-99.9-99.9-9.9 99-9.9-99-99.9 -99-99.9-9.9-9.9
5017219840225-99.9-99.9-99.999999-99.9-99.9-99.9-99.9-9.9 99-9.9-99-99.9 -99-99.9-9.9-9.9
5017219840226-99.9-99.9-99.999999-99.9-99.9-99.9-99.9-9.9 99-9.9-99-99.9 -99-99.9-9.9-9.9
5017219840227-99.9-99.9-99.999999-99.9-99.9-99.9-99.9-9.9 99-9.9-99-99.9 -99-99.9-9.9-9.9
5017219840228-99.9-99.9-99.999999-99.9-99.9-99.9-99.9-9.9 99-9.9-99-99.9 -99-99.9-9.9-9.9
5017219840229-99.9-99.9-99.999999-99.9-99.9-99.9-99.9-9.9 99-9.9-99-99.9 -99-99.9-9.9-9.9
5017219840301 33.3 13.4  0.009900 10.8-99.9-99.9-99.9-9.9 9915.0 49 13.0  11  8.8-9.9-9.9
5017219840302 33.5 14.3  3.519900 10.7-99.9-99.9-99.9-9.9 9916.5 63 14.5  11  8.8-9.9-9.9
5017219840303 31.2 14.5  0.009900 11.3-99.9-99.9-99.9-9.9 9917.2 64 15.1   3  2.4-9.9-9.9
5017219840304 35.0 15.0  0.009900 12.0-99.9-99.9-99.9-9.9 9920.2 60 17.7   6  4.8-9.9-9.9
5017219840305 36.8 19.3  0.009900 15.3-99.9-99.9-99.9-9.9 9917.9 50 15.8   8  6.4-9.9-9.9
5017219840306 35.0 19.1  0.009900 15.8-99.9-99.9-99.9-9.9 9919.8 51 17.3   2  1.6-9.9-9.9
5017219840307 31.5 17.8 39.219900 14.3-99.9-99.9-99.9-9.9 9921.2 75 18.4  14 11.2-9.9-9.9
5017219840308 27.5 18.6  0.009900 16.9-99.9-99.9-99.9-9.9 9915.7 61 13.7  14 11.2-9.9-9.9
5017219840309 25.6 13.6  0.009900 10.8-99.9-99.9-99.9-9.9 9916.8 73 14.8   3  2.4-9.9-9.9
5017219840310 28.0 12.6  0.009900 11.3-99.9-99.9-99.9-9.9 9916.1 67 14.1   7  5.6-9.9-9.9
5017219840311 29.5 14.8  0.009900 13.8-99.9-99.9-99.9-9.9 9917.7 69 15.6   4  3.2-9.9-9.9
5017219840312 29.5 15.5 46.819900 12.3-99.9-99.9-99.9-9.9 9919.1 74 16.8   9  7.2-9.9-9.9
5017219840313 26.0 16.4  0.009900 13.8-99.9-99.9-99.9-9.9 9919.1 79 16.8   3  2.4-9.9-9.9
5017219840314 22.0 14.6 16.819900 12.3-99.9-99.9-99.9-9.9 9917.4 88 15.3  16 12.8-9.9-9.9
5017219840315 23.0 14.0  0.009900 14.8-99.9-99.9-99.9-9.9 9916.7 79 14.7   5  4.0-9.9-9.9
5017219840316 22.7 15.1  0.009900 14.3-99.9-99.9-99.9-9.9 9916.5 78 14.5   4  3.2-9.9-9.9
5017219840317 26.6 14.6  0.009900 12.3-99.9-99.9-99.9-9.9 9918.3 75 16.1   9  7.2-9.9-9.9
5017219840318 29.0 16.0  0.009900 13.8-99.9-99.9-99.9-9.9 9920.3 74 17.7  11  8.8-9.9-9.9
5017219840319 25.0 17.0 30.519900 15.8-99.9-99.9-99.9-9.9 9918.7 78 16.4   3  2.4-9.9-9.9
5017219840320 27.0 15.9  0.009900 12.9-99.9-99.9-99.9-9.9 9920.0 82 17.5   3  2.4-9.9-9.9
5017219840321 30.5 15.8  0.009900 13.3-99.9-99.9-99.9-9.9 9918.3 66 16.1   3  2.4-9.9-9.9
5017219840322 31.2 18.3  0.009900 14.8-99.9-99.9-99.9-9.9 9919.9 65 17.4  11  8.8-9.9-9.9
5017219840323 26.0 18.0  0.009900 14.8-99.9-99.9-99.9-9.9 9917.1 68 15.0   8  6.4-9.9-9.9
5017219840324 25.2  8.4  0.009900  5.3-99.9-99.9-99.9-9.9 9912.0 66  9.7   5  4.0-9.9-9.9
5017219840325 24.5  8.2  0.009900  3.3-99.9-99.9-99.9-9.9 9910.7 57  8.0   9  7.2-9.9-9.9
5017219840326 23.0  9.1  0.009900  5.3-99.9-99.9-99.9-9.9 9912.1 66  9.8  16 12.8-9.9-9.9
5017219840327 26.6  9.8 20.019900  7.8-99.9-99.9-99.9-9.9 9914.7 67 12.7  15 12.0-9.9-9.9
5017219840328 21.2  8.8 25.019900  6.3-99.9-99.9-99.9-9.9 9911.0 96  8.4  34 27.2-9.9-9.9
5017219840329  8.8  7.0 23.919900  8.1-99.9-99.9-99.9-9.9 99 9.7 93  6.5  14 11.2-9.9-9.9
5017219840330 11.8  6.6 46.019900  6.8-99.9-99.9-99.9-9.9 9911.8 96  9.4   4  3.2-9.9-9.9
5017219840331 14.6 10.6  3.119900 10.8-99.9-99.9-99.9-9.9 9913.3 96 11.2   2  1.6-9.9-9.9
5017219840401 19.0  7.8  0.009900  4.8-99.9-99.9-99.9-9.9 9913.1 85 11.0   8  6.4-9.9-9.9
5017219840402 18.5  8.8  0.009900  4.3-99.9-99.9-99.9-9.9 99 9.2 64  5.8  22 17.6-9.9-9.9
5017219840403 19.1  3.8  0.009900 -0.2-99.9-99.9-99.9-9.9 99 9.6 77  6.4   3  2.4-9.9-9.9
5017219840404 27.0  4.2  0.009900  0.8-99.9-99.9-99.9-9.9 9910.6 61  7.8  11  8.8-9.9-9.9
5017219840405 24.0  8.0  0.009900  2.8-99.9-99.9-99.9-9.9 9911.4 65  8.9   8  6.4-9.9-9.9
5017219840406 26.0  7.2  0.009900  3.8-99.9-99.9-99.9-9.9 9912.8 71 10.6   5  4.0-9.9-9.9
5017219840407 27.0 12.6  0.009900  8.3-99.9-99.9-99.9-9.9 9916.7 75 14.7   8  6.4-9.9-9.9
5017219840408 28.5 12.8  0.009900  9.3-99.9-99.9-99.9-9.9 9916.7 70 14.7  14 11.2-9.9-9.9
5017219840409 29.5 13.3  0.009900  9.3-99.9-99.9-99.9-9.9 9916.1 67 14.1  12  9.6-9.9-9.9
5017219840410 31.0 14.3  0.009900 10.6-99.9-99.9-99.9-9.9 9917.4 65 15.3  14 11.2-9.9-9.9
5017219840411 31.0 15.8  0.009900 12.3-99.9-99.9-99.9-9.9 9918.5 67 16.3  11  8.8-9.9-9.9
5017219840412 28.3 17.2  0.009900 12.3-99.9-99.9-99.9-9.9 9919.7 74 17.3  22 17.6-9.9-9.9
5017219840413 28.2 16.0  0.009900 14.3-99.9-99.9-99.9-9.9 9917.8 69 15.7  30 24.0-9.9-9.9
5017219840414 24.5 16.0  0.009900 13.8-99.9-99.9-99.9-9.9 9912.8 61 10.6   8  6.4-9.9-9.9
5017219840415 17.6 13.2  0.009900 10.8-99.9-99.9-99.9-9.9 9911.8 70  9.4  14 11.2-9.9-9.9
5017219840416 19.5 10.8  0.009900  8.8-99.9-99.9-99.9-9.9 9911.4 74  8.9   9  7.2-9.9-9.9
5017219840417 13.4  8.2 10.719900  4.3-99.9-99.9-99.9-9.9 9911.0 90  8.4  11  8.8-9.9-9.9
5017219840418 10.0  8.0 27.019900  8.3-99.9-99.9-99.9-9.9 9911.0 95  8.4   9  7.2-9.9-9.9
5017219840419  9.5  6.2 29.319900  8.8-99.9-99.9-99.9-9.9 99 9.8 95  6.7  24 19.2-9.9-9.9
5017219840420  6.8  4.6 12.519900  4.3-99.9-99.9-99.9-9.9 99 8.7 93  5.0  26 20.8-9.9-9.9
5017219840421 11.5  6.6  1.519900  6.8-99.9-99.9-99.9-9.9 9911.0 93  8.4   8  6.4-9.9-9.9
5017219840422 23.0  4.3  0.009900 -0.7-99.9-99.9-99.9-9.9 99 9.5 66  6.2  11  8.8-9.9-9.9
5017219840423 17.5  4.2  0.009900 -0.7-99.9-99.9-99.9-9.9 99 8.3 69  4.3  11  8.8-9.9-9.9
5017219840424 20.5  2.0  0.009900 -2.7-99.9-99.9-99.9-9.9 99 9.0 64  5.4  14 11.2-9.9-9.9
5017219840425 25.0  6.3  0.009900 -0.2-99.9-99.9-99.9-9.9 99 9.6 63  6.4   4  3.2-9.9-9.9
5017219840426 18.3  7.6  0.009900  2.3-99.9-99.9-99.9-9.9 99 8.3 65  4.3  19 15.2-9.9-9.9
5017219840427 21.6  3.8  0.009900 -1.2-99.9-99.9-99.9-9.9 99 8.1 64  3.9   8  6.4-9.9-9.9
5017219840428 15.1  5.6  0.009900  0.8-99.9-99.9-99.9-9.9 99 8.7 77  5.0   5  4.0-9.9-9.9
5017219840429 22.0  1.1  0.009900 -3.2-99.9-99.9-99.9-9.9 99 8.1 66  3.9   8  6.4-9.9-9.9
5017219840430 25.0  7.5  0.009900  1.3-99.9-99.9-99.9-9.9 9911.5 63  9.0  22 17.6-9.9-9.9
5017219840501 20.5 11.3  0.009900  6.8-99.9-99.9-99.9-9.9 9912.8 74 10.6  23 18.4-9.9-9.9
5017219840502 22.8  6.6  0.009900  2.3-99.9-99.9-99.9-9.9 9912.4 82 10.1   6  4.8-9.9-9.9
5017219840503 13.6  7.3  0.009900  3.8-99.9-99.9-99.9-9.9 99 9.9 76  6.8   6  4.8-9.9-9.9
5017219840504 21.5  8.9  0.009900  3.8-99.9-99.9-99.9-9.9 9910.1 71  7.1   6  4.8-9.9-9.9
5017219840505 19.5  1.8  0.009900 -1.9-99.9-99.9-99.9-9.9 99 7.2 65  2.3  11  8.8-9.9-9.9
5017219840506 19.5  1.6  0.009900 -3.7-99.9-99.9-99.9-9.9 99 8.1 67  3.9   3  2.4-9.9-9.9
5017219840507 25.5  1.6  0.009900 -1.7-99.9-99.9-99.9-9.9 99 9.7 66  6.5  11  8.8-9.9-9.9
5017219840508 25.0  5.0  0.009900 -0.3-99.9-99.9-99.9-9.9 9911.3 69  8.8   6  4.8-9.9-9.9
5017219840509 16.5  4.3  0.009900 -0.7-99.9-99.9-99.9-9.9 99 7.0 58  1.9  14 11.2-9.9-9.9
5017219840510 14.7 -0.5  0.009900 -4.7-99.9-99.9-99.9-9.9 99 6.1 65  0.0   6  4.8-9.9-9.9
5017219840511 14.5 -2.2  0.009900 -6.7-99.9-99.9-99.9-9.9 99 4.5 55 -4.1  30 24.0-9.9-9.9
5017219840512 15.0 -3.9  0.009900-10.2-99.9-99.9-99.9-9.9 99 3.8 45 -6.4   8  6.4-9.9-9.9
5017219840513 21.2  0.1  0.009900 -7.7-99.9-99.9-99.9-9.9 99 5.4 42 -1.7  16 12.8-9.9-9.9
5017219840514 13.5 -1.0  0.009900 -5.7-99.9-99.9-99.9-9.9 99 5.7 66 -1.0   6  4.8-9.9-9.9
5017219840515 18.0 -2.2  0.009900 -6.2-99.9-99.9-99.9-9.9 99 6.2 67  0.2   8  6.4-9.9-9.9
5017219840516 22.0  3.8  0.009900 -1.2-99.9-99.9-99.9-9.9 99 8.3 60  4.3   9  7.2-9.9-9.9
5017219840517 23.6  5.8  0.009900 -0.7-99.9-99.9-99.9-9.9 99 8.3 50  4.3  13 10.4-9.9-9.9
5017219840518 16.8  9.2  0.009900  3.7-99.9-99.9-99.9-9.9 99 8.9 68  5.3   8  6.4-9.9-9.9
5017219840519 20.0  2.8  0.009900 -3.9-99.9-99.9-99.9-9.9 99 8.9 67  5.3   4  3.2-9.9-9.9
5017219840520 21.0  4.8  0.009900  0.8-99.9-99.9-99.9-9.9 99 9.8 66  6.7  11  8.8-9.9-9.9
5017219840521 20.5  5.2  0.009900 -0.1-99.9-99.9-99.9-9.9 99 9.8 72  6.7   8  6.4-9.9-9.9
5017219840522 14.1  8.2  0.009900  3.8-99.9-99.9-99.9-9.9 99 9.6 78  6.4   4  3.2-9.9-9.9
5017219840523 24.0  4.3  0.009900  1.8-99.9-99.9-99.9-9.9 99 7.8 59  3.4   7  5.6-9.9-9.9
5017219840524 23.5  0.8  0.009900 -3.2-99.9-99.9-99.9-9.9 99 8.9 71  5.3   6  4.8-9.9-9.9
5017219840525 16.2  5.3  0.009900  0.8-99.9-99.9-99.9-9.9 9911.6 87  9.2   4  3.2-9.9-9.9
5017219840526 13.0  6.0  1.819900  4.8-99.9-99.9-99.9-9.9 99 9.4 81  6.1  16 12.8-9.9-9.9
5017219840527 10.0  8.2  0.719900  8.3-99.9-99.9-99.9-9.9 99 9.7 85  6.5  26 20.8-9.9-9.9
5017219840528 12.5  4.8  0.119900  3.3-99.9-99.9-99.9-9.9 99 7.5 72  2.9  23 18.4-9.9-9.9
5017219840529 16.2 -0.6  0.009900 -5.2-99.9-99.9-99.9-9.9 99 5.8 60 -0.7  11  8.8-9.9-9.9
5017219840530 19.0  0.2  0.009900 -6.2-99.9-99.9-99.9-9.9 99 6.2 54  0.2  16 12.8-9.9-9.9
5017219840531 22.0  3.8  0.009900 -3.7-99.9-99.9-99.9-9.9 99 8.0 55  3.8  31 24.8-9.9-9.9
5017219840601 11.5  6.3  0.009900  0.3-99.9-99.9-99.9-9.9 99 7.7 73  3.2  16 12.8-9.9-9.9
5017219840602 14.5 -2.0  0.009900 -8.4-99.9-99.9-99.9-9.9 99 5.5 64 -1.4   1  0.8-9.9-9.9
5017219840603 10.5  0.0  0.009900 -6.7-99.9-99.9-99.9-9.9 99 5.7 65 -1.0  19 15.2-9.9-9.9
5017219840604  8.7  2.2  0.009900  0.8-99.9-99.9-99.9-9.9 99 6.3 78  0.4  10  8.0-9.9-9.9
5017219840605 10.5 -4.0  0.009900 -8.7-99.9-99.9-99.9-9.9 99 5.9 76 -0.5   1  0.8-9.9-9.9
5017219840606 14.0 -1.6  0.009900 -7.0-99.9-99.9-99.9-9.9 99 5.4 65 -1.7   5  4.0-9.9-9.9
5017219840607 16.0 -2.6  0.009900 -6.7-99.9-99.9-99.9-9.9 99 5.9 57 -0.5  14 11.2-9.9-9.9
5017219840608 14.0 -1.2  0.009900 -5.7-99.9-99.9-99.9-9.9 99 5.4 57 -1.7  19 15.2-9.9-9.9
5017219840609 13.0 -0.2  0.009900 -6.7-99.9-99.9-99.9-9.9 99 6.5 55  0.9  41 32.8-9.9-9.9
5017219840610 18.2  6.6  0.219900 -0.2-99.9-99.9-99.9-9.9 99 7.4 57  2.7  20 16.0-9.9-9.9
5017219840611 16.0  6.4  0.009900  1.3-99.9-99.9-99.9-9.9 99 7.9 70  3.6  11  8.8-9.9-9.9
5017219840612 14.0 -1.6  0.009900 -6.5-99.9-99.9-99.9-9.9 99 6.3 70  0.4   3  2.4-9.9-9.9
5017219840613 13.0  4.2  0.009900 -1.2-99.9-99.9-99.9-9.9 99 6.6 65  1.1  10  8.0-9.9-9.9
5017219840614 13.0  3.8  0.009900 -1.7-99.9-99.9-99.9-9.9 99 7.1 73  2.1   3  2.4-9.9-9.9
5017219840615 16.8 -1.8  0.009900 -7.2-99.9-99.9-99.9-9.9 99 7.1 72  2.1  16 12.8-9.9-9.9
5017219840616 11.7  0.8  0.009900 -4.2-99.9-99.9-99.9-9.9 99 5.9 63 -0.5  19 15.2-9.9-9.9
5017219840617 14.0  0.3  0.009900 -5.4-99.9-99.9-99.9-9.9 99 6.5 68  0.9   8  6.4-9.9-9.9
5017219840618  6.8  4.3  3.119900  1.2-99.9-99.9-99.9-9.9 99 7.6 88  3.0  22 17.6-9.9-9.9
5017219840619  4.8  3.6  2.819900  3.8-99.9-99.9-99.9-9.9 99 8.1 97  3.9   3  2.4-9.9-9.9
5017219840620  9.5  4.8  0.919900  5.3-99.9-99.9-99.9-9.9 99 9.7 95  6.5   8  6.4-9.9-9.9
5017219840621  8.0  2.8  0.419900  4.3-99.9-99.9-99.9-9.9 99 8.1 95  3.9   8  6.4-9.9-9.9
5017219840622 10.8 -1.6  0.009900 -6.0-99.9-99.9-99.9-9.9 99 6.4 76  0.6   5  4.0-9.9-9.9
5017219840623  5.5  1.8  2.019900  1.8-99.9-99.9-99.9-9.9 99 6.6 84  1.1  24 19.2-9.9-9.9
5017219840624  5.2  2.2  0.009900  3.5-99.9-99.9-99.9-9.9 99 7.3 93  2.5  24 19.2-9.9-9.9
5017219840625  2.5 -1.4  1.119901 -0.2-99.9-99.9-99.9-9.9 99 5.8 98 -0.7  13 10.4-9.9-9.9
5017219840626 13.0 -6.0  0.009900-10.2-99.9-99.9-99.9-9.9 99 4.7 71 -3.6   8  6.4-9.9-9.9
5017219840627 12.0 -2.0  0.009900 -7.2-99.9-99.9-99.9-9.9 99 5.4 65 -1.7  12  9.6-9.9-9.9
5017219840628 17.0  2.2  0.009900 -4.5-99.9-99.9-99.9-9.9 99 6.0 54 -0.2  28 22.4-9.9-9.9
5017219840629 16.5  6.8  0.009900  3.2-99.9-99.9-99.9-9.9 99 6.9 56  1.7  29 23.2-9.9-9.9
5017219840630 19.5  5.0  0.009900 -1.2-99.9-99.9-99.9-9.9 99 7.7 62  3.2  14 11.2-9.9-9.9
5017219840701-99.9-99.9-99.999999-99.9-99.9-99.9-99.9-9.9 99-9.9-99-99.9 -99-99.9-9.9-9.9
5017219840702-99.9-99.9-99.999999-99.9-99.9-99.9-99.9-9.9 99-9.9-99-99.9 -99-99.9-9.9-9.9
5017219840703-99.9-99.9-99.999999-99.9-99.9-99.9-99.9-9.9 99-9.9-99-99.9 -99-99.9-9.9-9.9
5017219840704-99.9-99.9-99.999999-99.9-99.9-99.9-99.9-9.9 99-9.9-99-99.9 -99-99.9-9.9-9.9
5017219840705-99.9-99.9-99.999999-99.9-99.9-99.9-99.9-9.9 99-9.9-99-99.9 -99-99.9-9.9-9.9
5017219840706-99.9-99.9-99.999999-99.9-99.9-99.9-99.9-9.9 99-9.9-99-99.9 -99-99.9-9.9-9.9
5017219840707-99.9-99.9-99.999999-99.9-99.9-99.9-99.9-9.9 99-9.9-99-99.9 -99-99.9-9.9-9.9
5017219840708-99.9-99.9-99.999999-99.9-99.9-99.9-99.9-9.9 99-9.9-99-99.9 -99-99.9-9.9-9.9
5017219840709-99.9-99.9-99.999999-99.9-99.9-99.9-99.9-9.9 99-9.9-99-99.9 -99-99.9-9.9-9.9
5017219840710-99.9-99.9-99.999999-99.9-99.9-99.9-99.9-9.9 99-9.9-99-99.9 -99-99.9-9.9-9.9
5017219840711-99.9-99.9-99.999999-99.9-99.9-99.9-99.9-9.9 99-9.9-99-99.9 -99-99.9-9.9-9.9
5017219840712-99.9-99.9-99.999999-99.9-99.9-99.9-99.9-9.9 99-9.9-99-99.9 -99-99.9-9.9-9.9
5017219840713-99.9-99.9-99.999999-99.9-99.9-99.9-99.9-9.9 99-9.9-99-99.9 -99-99.9-9.9-9.9
5017219840714-99.9-99.9-99.999999-99.9-99.9-99.9-99.9-9.9 99-9.9-99-99.9 -99-99.9-9.9-9.9
5017219840715-99.9-99.9-99.999999-99.9-99.9-99.9-99.9-9.9 99-9.9-99-99.9 -99-99.9-9.9-9.9
5017219840716-99.9-99.9-99.999999-99.9-99.9-99.9-99.9-9.9 99-9.9-99-99.9 -99-99.9-9.9-9.9
5017219840717-99.9-99.9-99.999999-99.9-99.9-99.9-99.9-9.9 99-9.9-99-99.9 -99-99.9-9.9-9.9
5017219840718-99.9-99.9-99.999999-99.9-99.9-99.9-99.9-9.9 99-9.9-99-99.9 -99-99.9-9.9-9.9
5017219840719-99.9-99.9-99.999999-99.9-99.9-99.9-99.9-9.9 99-9.9-99-99.9 -99-99.9-9.9-9.9
5017219840720-99.9-99.9-99.999999-99.9-99.9-99.9-99.9-9.9 99-9.9-99-99.9 -99-99.9-9.9-9.9
5017219840721-99.9-99.9-99.999999-99.9-99.9-99.9-99.9-9.9 99-9.9-99-99.9 -99-99.9-9.9-9.9
5017219840722-99.9-99.9-99.999999-99.9-99.9-99.9-99.9-9.9 99-9.9-99-99.9 -99-99.9-9.9-9.9
5017219840723-99.9-99.9-99.999999-99.9-99.9-99.9-99.9-9.9 99-9.9-99-99.9 -99-99.9-9.9-9.9
5017219840724-99.9-99.9-99.999999-99.9-99.9-99.9-99.9-9.9 99-9.9-99-99.9 -99-99.9-9.9-9.9
5017219840725-99.9-99.9-99.999999-99.9-99.9-99.9-99.9-9.9 99-9.9-99-99.9 -99-99.9-9.9-9.9
5017219840726-99.9-99.9-99.999999-99.9-99.9-99.9-99.9-9.9 99-9.9-99-99.9 -99-99.9-9.9-9.9
5017219840727-99.9-99.9-99.999999-99.9-99.9-99.9-99.9-9.9 99-9.9-99-99.9 -99-99.9-9.9-9.9
5017219840728-99.9-99.9-99.999999-99.9-99.9-99.9-99.9-9.9 99-9.9-99-99.9 -99-99.9-9.9-9.9
5017219840729-99.9-99.9-99.999999-99.9-99.9-99.9-99.9-9.9 99-9.9-99-99.9 -99-99.9-9.9-9.9
5017219840730-99.9-99.9-99.999999-99.9-99.9-99.9-99.9-9.9 99-9.9-99-99.9 -99-99.9-9.9-9.9
5017219840731-99.9-99.9-99.999999-99.9-99.9-99.9-99.9-9.9 99-9.9-99-99.9 -99-99.9-9.9-9.9
5017219840801 18.0 -2.8  0.009900 -8.7-99.9-99.9-99.9-9.9 99 5.2 56 -2.2   8  6.4-9.9-9.9
5017219840802 22.8 -0.7  0.009900 -6.7-99.9-99.9-99.9-9.9 99 5.6 41 -1.2  16 12.8-9.9-9.9
5017219840803 18.5 -0.4  0.009900 -6.0-99.9-99.9-99.9-9.9 99 5.5 52 -1.4  11  8.8-9.9-9.9
5017219840804 18.5  1.4  0.009900 -5.5-99.9-99.9-99.9-9.9 99 5.8 53 -0.7   3  2.4-9.9-9.9
5017219840805 19.5 -0.5  0.009900 -7.2-99.9-99.9-99.9-9.9 99 5.3 49 -1.9   3  2.4-9.9-9.9
5017219840806 12.8  0.0  0.009900 -7.9-99.9-99.9-99.9-9.9 99 4.2 44 -5.0  16 12.8-9.9-9.9
5017219840807 15.5 -3.0  0.009900 -9.7-99.9-99.9-99.9-9.9 99 4.8 53 -3.3  15 12.0-9.9-9.9
5017219840808 14.0  0.8  0.009900 -5.0-99.9-99.9-99.9-9.9 99 5.1 56 -2.5   6  4.8-9.9-9.9
5017219840809 13.0 -2.0  0.009900 -6.2-99.9-99.9-99.9-9.9 99 5.8 58 -0.7  14 11.2-9.9-9.9
5017219840810  8.5  3.8  3.019900  2.8-99.9-99.9-99.9-9.9 99 7.9 81  3.6  11  8.8-9.9-9.9
5017219840811 11.5  6.0  0.009900-99.9-99.9-99.9-99.9-9.9 99 8.7 84  5.0   8  6.4-9.9-9.9
5017219840812  9.7  3.6  0.009900 -2.7-99.9-99.9-99.9-9.9 99 8.0 81  3.8   8  6.4-9.9-9.9
5017219840813 11.0  0.4  0.009900 -4.7-99.9-99.9-99.9-9.9 99 7.0 80  1.9   8  6.4-9.9-9.9
5017219840814 12.2 -1.7  0.009900 -6.2-99.9-99.9-99.9-9.9 99 7.8 78  3.4   1  0.8-9.9-9.9
5017219840815 18.0 -0.7  0.009900 -5.2-99.9-99.9-99.9-9.9 99 7.3 66  2.5  14 11.2-9.9-9.9
5017219840816 16.5  2.8  0.009900 -0.7-99.9-99.9-99.9-9.9 99 7.2 60  2.3  17 13.6-9.9-9.9
5017219840817 17.5  6.6  0.009900  4.2-99.9-99.9-99.9-9.9 99 8.1 62  3.9   8  6.4-9.9-9.9
5017219840818 20.0  1.0  0.009900 -3.7-99.9-99.9-99.9-9.9 99 7.8 64  3.4  11  8.8-9.9-9.9
5017219840819 20.0  3.5  0.009900  0.3-99.9-99.9-99.9-9.9 99 7.6 63  3.0  14 11.2-9.9-9.9
5017219840820 16.5  2.0  0.009900 -2.3-99.9-99.9-99.9-9.9 99 5.6 55 -1.2   6  4.8-9.9-9.9
5017219840821 20.5  1.2  0.009900 -4.0-99.9-99.9-99.9-9.9 99 7.1 52  2.1  14 11.2-9.9-9.9
5017219840822 16.0  3.2  0.009900 -3.2-99.9-99.9-99.9-9.9 99 6.7 63  1.3  14 11.2-9.9-9.9
5017219840823 13.0 -1.2  0.009900 -6.2-99.9-99.9-99.9-9.9 99 3.5 39 -7.4  14 11.2-9.9-9.9
5017219840824 12.5 -3.7  0.009900 -9.7-99.9-99.9-99.9-9.9 99 4.2 54 -5.0   6  4.8-9.9-9.9
5017219840825 20.5 -5.7  0.009900-11.2-99.9-99.9-99.9-9.9 99 4.0 45 -5.7  14 11.2-9.9-9.9
5017219840826 19.2  1.3  0.009900 -6.2-99.9-99.9-99.9-9.9 99 6.6 49  1.1   7  5.6-9.9-9.9
5017219840827 21.5  0.2  0.009900 -5.2-99.9-99.9-99.9-9.9 99 6.9 54  1.7   3  2.4-9.9-9.9
5017219840828 25.0  1.8  0.009900 -4.7-99.9-99.9-99.9-9.9 99 6.6 47  1.1   9  7.2-9.9-9.9
5017219840829 26.6  4.8  0.009900 -2.2-99.9-99.9-99.9-9.9 99 6.4 39  0.6  15 12.0-9.9-9.9
5017219840830 21.5 10.5  0.009900  4.7-99.9-99.9-99.9-9.9 99 6.9 40  1.7  27 21.6-9.9-9.9
5017219840831 21.5  4.1  0.009900  1.3-99.9-99.9-99.9-9.9 99 8.3 56  4.3   9  7.2-9.9-9.9
5017219840901 19.8  5.0  0.009900  0.8-99.9-99.9-99.9-9.9 99 8.4 60  4.5  14 11.2-9.9-9.9
5017219840902 17.0  5.8  0.009900  3.3-99.9-99.9-99.9-9.9 99 9.8 75  6.7  27 21.6-9.9-9.9
5017219840903 13.7  6.2  0.009900  5.1-99.9-99.9-99.9-9.9 99 9.7 79  6.5  17 13.6-9.9-9.9
5017219840904 11.0  6.3 55.019900  4.3-99.9-99.9-99.9-9.9 9911.1 90  8.5   3  2.4-9.9-9.9
5017219840905 13.5 10.0  0.619900  8.8-99.9-99.9-99.9-9.9 9911.5 85  9.0  23 18.4-9.9-9.9
5017219840906 21.2  6.1  0.009900  1.8-99.9-99.9-99.9-9.9 9910.6 70  7.8   4  3.2-9.9-9.9
5017219840907 23.5  6.1  0.009900  1.8-99.9-99.9-99.9-9.9 9911.2 67  8.6  14 11.2-9.9-9.9
5017219840908 24.5  9.0  0.009900  5.8-99.9-99.9-99.9-9.9 9913.4 67 11.3  14 11.2-9.9-9.9
5017219840909 23.5 11.4  0.009900  7.3-99.9-99.9-99.9-9.9 9914.3 73 12.3   5  4.0-9.9-9.9
5017219840910 18.2 12.3  0.009900 10.8-99.9-99.9-99.9-9.9 99 9.4 61  6.1  26 20.8-9.9-9.9
5017219840911 18.2  5.3  3.019900  0.8-99.9-99.9-99.9-9.9 9910.8 72  8.1  14 11.2-9.9-9.9
5017219840912 15.5 11.8  0.719900 10.8-99.9-99.9-99.9-9.9 9913.8 93 11.8  11  8.8-9.9-9.9
5017219840913 14.5  9.6  1.019900  8.3-99.9-99.9-99.9-9.9 9912.9 90 10.7   3  2.4-9.9-9.9
5017219840914 19.5 12.3  0.009900 11.3-99.9-99.9-99.9-9.9 9911.3 68  8.8  17 13.6-9.9-9.9
5017219840915 20.0  6.3  0.009900  0.3-99.9-99.9-99.9-9.9 99 8.7 60  5.0  25 20.0-9.9-9.9
5017219840916 13.2  8.2  0.009900  4.3-99.9-99.9-99.9-9.9 99 9.0 72  5.4  11  8.8-9.9-9.9
5017219840917 20.2  6.3  0.009900  2.6-99.9-99.9-99.9-9.9 9910.6 69  7.8   6  4.8-9.9-9.9
5017219840918 23.2  7.3  0.009900  0.8-99.9-99.9-99.9-9.9 99 8.1 47  3.9  19 15.2-9.9-9.9
5017219840919 21.8  7.0  2.019900  1.3-99.9-99.9-99.9-9.9 99 9.0 60  5.4  11  8.8-9.9-9.9
5017219840920 14.0  4.8  0.619900 -0.1-99.9-99.9-99.9-9.9 99 9.0 72  5.4  12  9.6-9.9-9.9
5017219840921 17.8  2.3  0.009900 -3.2-99.9-99.9-99.9-9.9 99 7.4 57  2.7   3  2.4-9.9-9.9
5017219840922 21.3  2.3  0.009900 -3.2-99.9-99.9-99.9-9.9 99 8.1 58  3.9  14 11.2-9.9-9.9
5017219840923 18.5  6.3 10.719900  0.8-99.9-99.9-99.9-9.9 99 9.8 76  6.7  13 10.4-9.9-9.9
5017219840924 14.0  7.0  0.519900  5.8-99.9-99.9-99.9-9.9 99 8.9 76  5.3  37 29.6-9.9-9.9
5017219840925  9.0  4.8  0.009900  4.3-99.9-99.9-99.9-9.9 99 8.2 85  4.1  19 15.2-9.9-9.9
5017219840926 19.5  3.4  0.009900 -0.7-99.9-99.9-99.9-9.9 99 8.5 69  4.6   4  3.2-9.9-9.9
5017219840927 25.0  3.2  0.009900 -2.2-99.9-99.9-99.9-9.9 99 8.1 49  3.9  12  9.6-9.9-9.9
5017219840928 28.0  6.5  0.009900  0.8-99.9-99.9-99.9-9.9 99 7.6 36  3.0  22 17.6-9.9-9.9
5017219840929 28.0  9.8  0.009900  3.3-99.9-99.9-99.9-9.9 99 9.6 45  6.4  19 15.2-9.9-9.9
5017219840930 25.0  9.3  0.009900  2.8-99.9-99.9-99.9-9.9 99 9.1 42  5.6  29 23.2-9.9-9.9
5017219841001 18.8  8.8  0.009900 10.3-99.9-99.9-99.9-9.9 99 8.0 67  3.8  30 24.0-9.9-9.9
5017219841002 12.0  7.8  0.119900  6.3-99.9-99.9-99.9-9.9 99 9.4 79  6.1  11  8.8-9.9-9.9
5017219841003 20.0  3.6  0.009900 -2.7-99.9-99.9-99.9-9.9 99 7.4 52  2.7  11  8.8-9.9-9.9
5017219841004 24.0  4.5  4.019900 -2.1-99.9-99.9-99.9-9.9 99 8.2 50  4.1   4  3.2-9.9-9.9
5017219841005 19.0  8.3  0.009900  6.8-99.9-99.9-99.9-9.9 99 9.0 63  5.4   5  4.0-9.9-9.9
5017219841006 26.0  4.1  0.009900  1.8-99.9-99.9-99.9-9.9 99 8.3 47  4.3  16 12.8-9.9-9.9
5017219841007 27.0  7.0  1.019900  1.0-99.9-99.9-99.9-9.9 9910.2 42  7.3   8  6.4-9.9-9.9
5017219841008 23.6 12.8  0.009900 11.3-99.9-99.9-99.9-9.9 9911.4 61  8.9  23 18.4-9.9-9.9
5017219841009 26.5  9.0  0.009900  2.8-99.9-99.9-99.9-9.9 9910.3 50  7.4   8  6.4-9.9-9.9
5017219841010 32.7  9.3  0.009900  3.3-99.9-99.9-99.9-9.9 9912.6 50 10.4   6  4.8-9.9-9.9
5017219841011 33.6 12.8  0.009900  7.3-99.9-99.9-99.9-9.9 9912.1 41  9.8  16 12.8-9.9-9.9
5017219841012 23.2 10.0  0.009900  3.8-99.9-99.9-99.9-9.9 99 7.6 40  3.0   8  6.4-9.9-9.9
5017219841013 24.8  5.5  0.009900 -0.7-99.9-99.9-99.9-9.9 9913.4 62 11.3  11  8.8-9.9-9.9
5017219841014 30.2 17.8  0.009900 16.3-99.9-99.9-99.9-9.9 9919.2 71 16.9  10  8.0-9.9-9.9
5017219841015 31.5 16.3  0.419900 14.3-99.9-99.9-99.9-9.9 9919.5 64 17.1  10  8.0-9.9-9.9
5017219841016 28.0 15.6  0.009900 13.8-99.9-99.9-99.9-9.9 9914.1 54 12.1  27 21.6-9.9-9.9
5017219841017 23.5  8.8  0.009900  4.8-99.9-99.9-99.9-9.9 99 8.4 43  4.5  16 12.8-9.9-9.9
5017219841018 30.5  8.1  0.009900  3.3-99.9-99.9-99.9-9.9 9912.1 49  9.8   9  7.2-9.9-9.9
5017219841019 29.5 14.1  0.009900 10.8-99.9-99.9-99.9-9.9 9913.9 52 11.9  16 12.8-9.9-9.9
5017219841020 28.2 14.1  0.009900 10.3-99.9-99.9-99.9-9.9 9911.8 50  9.4  17 13.6-9.9-9.9
5017219841021 24.5 14.0  0.009900  9.8-99.9-99.9-99.9-9.9 99 9.2 42  5.8  24 19.2-9.9-9.9
5017219841022 27.0  8.6  0.009900  3.3-99.9-99.9-99.9-9.9 9911.0 49  8.4  17 13.6-9.9-9.9
5017219841023 28.5 10.8  0.009900  5.8-99.9-99.9-99.9-9.9 9914.0 59 12.0  10  8.0-9.9-9.9
5017219841024 32.2 14.8  6.519900 10.3-99.9-99.9-99.9-9.9 9916.5 52 14.5  24 19.2-9.9-9.9
5017219841025 26.6 11.0  0.009900  9.0-99.9-99.9-99.9-9.9 9910.6 56  7.8   8  6.4-9.9-9.9
5017219841026 28.6  7.8  0.009900  4.3-99.9-99.9-99.9-9.9 9910.3 48  7.4  16 12.8-9.9-9.9
5017219841027 30.0  9.8  0.009900  4.8-99.9-99.9-99.9-9.9 99 9.7 39  6.5  24 19.2-9.9-9.9
5017219841028 27.0 12.3  0.009900 10.3-99.9-99.9-99.9-9.9 9910.0 44  7.0  18 14.4-9.9-9.9
5017219841029 21.5  7.8  0.009900  4.8-99.9-99.9-99.9-9.9 99 6.4 38  0.6  21 16.8-9.9-9.9
5017219841030 24.0  4.3  0.009900 -2.2-99.9-99.9-99.9-9.9 99 7.0 37  1.9   8  6.4-9.9-9.9
5017219841031 30.5  6.0  0.009900  1.3-99.9-99.9-99.9-9.9 9912.1 50  9.8   3  2.4-9.9-9.9
5017219841101 26.2 11.3  2.319900  6.3-99.9-99.9-99.9-9.9 9910.6 50  7.8  29 23.2-9.9-9.9
5017219841102 15.9  8.8  0.319900  9.9-99.9-99.9-99.9-9.9 9910.0 81  7.0  16 12.8-9.9-9.9
5017219841103 16.7  5.0  0.009900  0.8-99.9-99.9-99.9-9.9 99 7.8 53  3.4  11  8.8-9.9-9.9
5017219841104 21.6  7.8  0.009900  1.8-99.9-99.9-99.9-9.9 99 9.8 59  6.7  27 21.6-9.9-9.9
5017219841105 22.5  8.1  4.019900  4.8-99.9-99.9-99.9-9.9 9911.9 69  9.5  16 12.8-9.9-9.9
5017219841106 17.5 12.8 23.719900 13.3-99.9-99.9-99.9-9.9 9915.3 90 13.3  13 10.4-9.9-9.9
5017219841107 15.3  9.6 59.619900 14.1-99.9-99.9-99.9-9.9 9912.9 92 10.7  34 27.2-9.9-9.9
5017219841108 23.2  9.8  0.219900  6.3-99.9-99.9-99.9-9.9 9911.0 59  8.4   7  5.6-9.9-9.9
5017219841109 24.2  7.5  0.009900  2.3-99.9-99.9-99.9-9.9 9910.1 46  7.1  16 12.8-9.9-9.9
5017219841110 21.7  9.4  0.119900  5.3-99.9-99.9-99.9-9.9 9910.0 57  7.0  27 21.6-9.9-9.9
5017219841111 13.5  8.2 20.019900  8.3-99.9-99.9-99.9-9.9 99 9.8 87  6.7  19 15.2-9.9-9.9
5017219841112 17.0  8.2  0.319900  7.8-99.9-99.9-99.9-9.9 9911.4 81  8.9   3  2.4-9.9-9.9
5017219841113 22.6  6.9  0.009900  3.3-99.9-99.9-99.9-9.9 9911.6 63  9.2  13 10.4-9.9-9.9
5017219841114 25.5 10.6  1.019900  6.8-99.9-99.9-99.9-9.9 9914.8 72 12.8  23 18.4-9.9-9.9
5017219841115 26.0 12.8  6.019900  9.8-99.9-99.9-99.9-9.9 9915.3 64 13.3   6  4.8-9.9-9.9
5017219841116 26.6 13.3  0.619900  9.9-99.9-99.9-99.9-9.9 9915.6 71 13.6  15 12.0-9.9-9.9
5017219841117 17.7 13.2  3.219900 14.5-99.9-99.9-99.9-9.9 9914.9 93 12.9  19 15.2-9.9-9.9
5017219841118 26.0 13.1  0.009900 13.3-99.9-99.9-99.9-9.9 9918.5 81 16.3   4  3.2-9.9-9.9
5017219841119 30.8 13.5  0.009900  8.3-99.9-99.9-99.9-9.9 9917.4 57 15.3   6  4.8-9.9-9.9
5017219841120 33.5 16.5 18.219900 12.3-99.9-99.9-99.9-9.9 9918.5 61 16.3  14 11.2-9.9-9.9
5017219841121 26.4 10.0  0.009900  4.0-99.9-99.9-99.9-9.9 9911.6 50  9.2   8  6.4-9.9-9.9
5017219841122 25.2 13.1  0.009900  9.3-99.9-99.9-99.9-9.9 9912.0 48  9.7  19 15.2-9.9-9.9
5017219841123 23.2  8.3  0.009900  4.1-99.9-99.9-99.9-9.9 99 9.8 48  6.7  14 11.2-9.9-9.9
5017219841124 27.5  8.8  0.009900  4.3-99.9-99.9-99.9-9.9 9911.0 47  8.4  20 16.0-9.9-9.9
5017219841125 29.8 10.8  0.009900  5.8-99.9-99.9-99.9-9.9 9911.3 39  8.8  13 10.4-9.9-9.9
5017219841126 29.2 12.4  0.009900  6.3-99.9-99.9-99.9-9.9 9912.3 47 10.0  14 11.2-9.9-9.9
5017219841127 31.2 11.4  0.319900  6.8-99.9-99.9-99.9-9.9 9916.2 55 14.2   0  0.0-9.9-9.9
5017219841128 32.0 13.0  0.419900  7.8-99.9-99.9-99.9-9.9 9916.1 52 14.1   4  3.2-9.9-9.9
5017219841129 30.0 17.3  0.009900 12.8-99.9-99.9-99.9-9.9 9917.0 58 15.0  33 26.4-9.9-9.9
5017219841130 29.0 13.3  0.009900  8.8-99.9-99.9-99.9-9.9 9912.8 47 10.6  16 12.8-9.9-9.9
5017219841201 24.0 10.8  0.009900  8.3-99.9-99.9-99.9-9.9 99 5.8 30 -0.7  22 17.6-9.9-9.9
5017219841202 28.7  7.2  0.009900  0.3-99.9-99.9-99.9-9.9 99 7.9 32  3.6  16 12.8-9.9-9.9
5017219841203 35.0 11.3  0.009900  5.3-99.9-99.9-99.9-9.9 9912.1 38  9.8   9  7.2-9.9-9.9
5017219841204 32.0 15.2  0.009900  9.8-99.9-99.9-99.9-9.9 9915.5 48 13.5  12  9.6-9.9-9.9
5017219841205 28.0 13.5  0.009900  7.8-99.9-99.9-99.9-9.9 99 7.1 38  2.1  11  8.8-9.9-9.9
5017219841206 28.0 15.5  0.319910 12.3-99.9-99.9-99.9-9.9 9912.4 50 10.1  21 16.8-9.9-9.9
5017219841207 24.8 14.0 13.019900  9.8-99.9-99.9-99.9-9.9 9914.9 76 12.9   8  6.4-9.9-9.9
5017219841208 26.5  8.9  0.009900  4.8-99.9-99.9-99.9-9.9 9913.7 64 11.6   5  4.0-9.9-9.9
5017219841209 24.5 15.3  0.009900 10.8-99.9-99.9-99.9-9.9 9910.4 44  7.5  16 12.8-9.9-9.9
5017219841210 28.5 10.3  0.009900  3.8-99.9-99.9-99.9-9.9 9911.2 46  8.6   2  1.6-9.9-9.9
5017219841211 32.5 15.2  0.009900 10.3-99.9-99.9-99.9-9.9 9911.7 44  9.3  17 13.6-9.9-9.9
5017219841212 24.5  9.8  0.009900  4.0-99.9-99.9-99.9-9.9 99 7.3 35  2.5  15 12.0-9.9-9.9
5017219841213 25.0  5.8  0.009900  0.8-99.9-99.9-99.9-9.9 99 7.7 37  3.2  15 12.0-9.9-9.9
5017219841214 28.0  8.3  0.009900  3.1-99.9-99.9-99.9-9.9 99 9.1 36  5.6   9  7.2-9.9-9.9
5017219841215 28.8 10.8  0.009900  5.9-99.9-99.9-99.9-9.9 99 9.7 33  6.5  17 13.6-9.9-9.9
5017219841216 28.5 11.8  1.419900  5.3-99.9-99.9-99.9-9.9 9912.6 48 10.4  12  9.6-9.9-9.9
5017219841217 25.0 12.3  0.009900  7.2-99.9-99.9-99.9-9.9 9913.3 61 11.2  16 12.8-9.9-9.9
5017219841218 25.0 13.2  0.009900  8.8-99.9-99.9-99.9-9.9 9914.1 61 12.1   8  6.4-9.9-9.9
5017219841219 26.8 13.3  1.619900  9.3-99.9-99.9-99.9-9.9 9915.3 69 13.3  21 16.8-9.9-9.9
5017219841220 25.5 11.0  0.009900  6.3-99.9-99.9-99.9-9.9 9914.7 62 12.7  19 15.2-9.9-9.9
5017219841221 31.0 12.8  0.009900  8.3-99.9-99.9-99.9-9.9 9914.5 48 12.5  12  9.6-9.9-9.9
5017219841222 27.5 17.8 18.019900 13.3-99.9-99.9-99.9-9.9 9918.4 72 16.2  19 15.2-9.9-9.9
5017219841223 21.7 14.4  0.009900 14.3-99.9-99.9-99.9-9.9 9915.1 74 13.1  26 20.8-9.9-9.9
5017219841224 25.5 10.8  0.519900  8.3-99.9-99.9-99.9-9.9 9914.6 49 12.6  18 14.4-9.9-9.9
5017219841225 24.5 14.5  0.319900 13.3-99.9-99.9-99.9-9.9 9915.2 68 13.2  13 10.4-9.9-9.9
5017219841226 25.8 13.4  2.619900 11.3-99.9-99.9-99.9-9.9 9915.7 66 13.7  27 21.6-9.9-9.9
5017219841227 26.0 15.8  0.009900 12.8-99.9-99.9-99.9-9.9 9918.5 69 16.3  16 12.8-9.9-9.9
5017219841228 31.0 16.3  3.319900 13.3-99.9-99.9-99.9-9.9 9919.1 60 16.8  13 10.4-9.9-9.9
5017219841229 31.5 16.0  0.009900 14.0-99.9-99.9-99.9-9.9 9918.2 61 16.0  11  8.8-9.9-9.9
5017219841230 31.5 16.3  2.519900 13.3-99.9-99.9-99.9-9.9 9915.4 46 13.4  21 16.8-9.9-9.9
5017219841231 27.2 14.3  0.009900 11.8-99.9-99.9-99.9-9.9 9913.2 50 11.1  14 11.2-9.9-9.9
5017219850101 31.5 16.8  0.319900 13.8-99.9-99.9-99.9-9.9 9919.1 57 16.8  11  8.8-9.9-9.9
5017219850102 31.5 18.1  4.019900 17.3-99.9-99.9-99.9-9.9 9922.5 70 19.4  19 15.2-9.9-9.9
5017219850103 35.5 19.3  1.619900 17.3-99.9-99.9-99.9-9.9 9924.1 67 20.5  11  8.8-9.9-9.9
5017219850104 28.8 15.8  0.009900 13.8-99.9-99.9-99.9-9.9 9913.4 52 11.3  31 24.8-9.9-9.9
5017219850105 27.2 15.3  0.009900 12.3-99.9-99.9-99.9-9.9 9912.3 47 10.0  18 14.4-9.9-9.9
5017219850106 31.4 11.6  0.009900  7.3-99.9-99.9-99.9-9.9 9914.4 44 12.4   8  6.4-9.9-9.9
5017219850107 34.7 17.1  0.009900 10.8-99.9-99.9-99.9-9.9 9914.3 41 12.3   6  4.8-9.9-9.9
5017219850108 36.6 15.6  2.519900  1.3-99.9-99.9-99.9-9.9 9917.4 44 15.3   6  4.8-9.9-9.9
5017219850109 33.0 20.0  0.009900 17.3-99.9-99.9-99.9-9.9 9914.6 41 12.6  16 12.8-9.9-9.9
5017219850110 32.6 17.8  0.009900 13.0-99.9-99.9-99.9-9.9 9915.9 45 13.9   7  5.6-9.9-9.9
5017219850111 33.8 17.5  0.009900 13.1-99.9-99.9-99.9-9.9 9917.0 50 15.0  11  8.8-9.9-9.9
5017219850112 35.5 17.0  4.519900 13.3-99.9-99.9-99.9-9.9 9916.2 45 14.2   8  6.4-9.9-9.9
5017219850113 33.2 15.8  5.619900 14.8-99.9-99.9-99.9-9.9 9918.6 66 16.4   6  4.8-9.9-9.9
5017219850114 29.8 15.8  0.119900 14.8-99.9-99.9-99.9-9.9 9917.6 66 15.5  13 10.4-9.9-9.9
5017219850115 26.5 13.5  0.009900 10.3-99.9-99.9-99.9-9.9 9913.0 52 10.9  17 13.6-9.9-9.9
5017219850116 34.2 13.1  0.009900  9.3-99.9-99.9-99.9-9.9 9917.8 53 15.7   6  4.8-9.9-9.9
5017219850117 33.5 17.0  1.619900 13.7-99.9-99.9-99.9-9.9 9919.4 54 17.0  10  8.0-9.9-9.9
5017219850118 33.5 18.2 25.619900 16.3-99.9-99.9-99.9-9.9 9920.7 60 18.1   7  5.6-9.9-9.9
5017219850119 29.5 17.5 15.019910 16.3-99.9-99.9-99.9-9.9 9918.8 70 16.5   8  6.4-9.9-9.9
5017219850120 22.5 15.0  0.009900 13.1-99.9-99.9-99.9-9.9 9911.7 54  9.3  22 17.6-9.9-9.9
5017219850121 26.5 11.3  0.009900  7.3-99.9-99.9-99.9-9.9 9913.4 58 11.3   4  3.2-9.9-9.9
5017219850122 28.5 14.1  0.319900 10.8-99.9-99.9-99.9-9.9 9916.1 60 14.1  13 10.4-9.9-9.9
5017219850123 30.0 15.1 14.719900 12.8-99.9-99.9-99.9-9.9 9918.2 74 16.0  11  8.8-9.9-9.9
5017219850124 29.0 14.1 25.219900 11.8-99.9-99.9-99.9-9.9 9917.8 70 15.7   8  6.4-9.9-9.9
5017219850125 25.5 15.3  0.419900 14.8-99.9-99.9-99.9-9.9 9916.3 70 14.3  14 11.2-9.9-9.9
5017219850126 30.0 14.3  0.009900 11.3-99.9-99.9-99.9-9.9 9916.0 58 14.0  13 10.4-9.9-9.9
5017219850127 30.0 14.0  1.019900 10.8-99.9-99.9-99.9-9.9 9915.2 55 13.2   5  4.0-9.9-9.9
5017219850128 29.5 17.0 19.019900 15.7-99.9-99.9-99.9-9.9 9917.7 61 15.6   9  7.2-9.9-9.9
5017219850129 27.0 15.6  0.319900 15.5-99.9-99.9-99.9-9.9 9917.7 75 15.6  13 10.4-9.9-9.9
5017219850130 25.5 14.6  2.719900 11.8-99.9-99.9-99.9-9.9 9915.2 66 13.2  30 24.0-9.9-9.9
5017219850131 24.5 13.0  0.009900 10.3-99.9-99.9-99.9-9.9 9914.0 70 12.0  11  8.8-9.9-9.9
5017219850201-99.9-99.9-99.999999-99.9-99.9-99.9-99.9-9.9 99-9.9-99-99.9 -99-99.9-9.9-9.9
5017219850202-99.9-99.9-99.999999-99.9-99.9-99.9-99.9-9.9 99-9.9-99-99.9 -99-99.9-9.9-9.9
5017219850203-99.9-99.9-99.999999-99.9-99.9-99.9-99.9-9.9 99-9.9-99-99.9 -99-99.9-9.9-9.9
5017219850204-99.9-99.9-99.999999-99.9-99.9-99.9-99.9-9.9 99-9.9-99-99.9 -99-99.9-9.9-9.9
5017219850205-99.9-99.9-99.999999-99.9-99.9-99.9-99.9-9.9 99-9.9-99-99.9 -99-99.9-9.9-9.9
5017219850206-99.9-99.9-99.999999-99.9-99.9-99.9-99.9-9.9 99-9.9-99-99.9 -99-99.9-9.9-9.9
5017219850207-99.9-99.9-99.999999-99.9-99.9-99.9-99.9-9.9 99-9.9-99-99.9 -99-99.9-9.9-9.9
5017219850208-99.9-99.9-99.999999-99.9-99.9-99.9-99.9-9.9 99-9.9-99-99.9 -99-99.9-9.9-9.9
5017219850209-99.9-99.9-99.999999-99.9-99.9-99.9-99.9-9.9 99-9.9-99-99.9 -99-99.9-9.9-9.9
5017219850210-99.9-99.9-99.999999-99.9-99.9-99.9-99.9-9.9 99-9.9-99-99.9 -99-99.9-9.9-9.9
5017219850211-99.9-99.9-99.999999-99.9-99.9-99.9-99.9-9.9 99-9.9-99-99.9 -99-99.9-9.9-9.9
5017219850212-99.9-99.9-99.999999-99.9-99.9-99.9-99.9-9.9 99-9.9-99-99.9 -99-99.9-9.9-9.9
5017219850213-99.9-99.9-99.999999-99.9-99.9-99.9-99.9-9.9 99-9.9-99-99.9 -99-99.9-9.9-9.9
5017219850214-99.9-99.9-99.999999-99.9-99.9-99.9-99.9-9.9 99-9.9-99-99.9 -99-99.9-9.9-9.9
5017219850215-99.9-99.9-99.999999-99.9-99.9-99.9-99.9-9.9 99-9.9-99-99.9 -99-99.9-9.9-9.9
5017219850216-99.9-99.9-99.999999-99.9-99.9-99.9-99.9-9.9 99-9.9-99-99.9 -99-99.9-9.9-9.9
5017219850217-99.9-99.9-99.999999-99.9-99.9-99.9-99.9-9.9 99-9.9-99-99.9 -99-99.9-9.9-9.9
5017219850218-99.9-99.9-99.999999-99.9-99.9-99.9-99.9-9.9 99-9.9-99-99.9 -99-99.9-9.9-9.9
5017219850219-99.9-99.9-99.999999-99.9-99.9-99.9-99.9-9.9 99-9.9-99-99.9 -99-99.9-9.9-9.9
5017219850220-99.9-99.9-99.999999-99.9-99.9-99.9-99.9-9.9 99-9.9-99-99.9 -99-99.9-9.9-9.9
5017219850221-99.9-99.9-99.999999-99.9-99.9-99.9-99.9-9.9 99-9.9-99-99.9 -99-99.9-9.9-9.9
5017219850222-99.9-99.9-99.999999-99.9-99.9-99.9-99.9-9.9 99-9.9-99-99.9 -99-99.9-9.9-9.9
5017219850223-99.9-99.9-99.999999-99.9-99.9-99.9-99.9-9.9 99-9.9-99-99.9 -99-99.9-9.9-9.9
5017219850224-99.9-99.9-99.999999-99.9-99.9-99.9-99.9-9.9 99-9.9-99-99.9 -99-99.9-9.9-9.9
5017219850225-99.9-99.9-99.999999-99.9-99.9-99.9-99.9-9.9 99-9.9-99-99.9 -99-99.9-9.9-9.9
5017219850226-99.9-99.9-99.999999-99.9-99.9-99.9-99.9-9.9 99-9.9-99-99.9 -99-99.9-9.9-9.9
5017219850227-99.9-99.9-99.999999-99.9-99.9-99.9-99.9-9.9 99-9.9-99-99.9 -99-99.9-9.9-9.9
5017219850228-99.9-99.9-99.999999-99.9-99.9-99.9-99.9-9.9 99-9.9-99-99.9 -99-99.9-9.9-9.9
5017219850301 35.5 14.8  0.009900 10.8-99.9-99.9-99.9-9.9 9918.7 56 16.4   4  3.2-9.9-9.9
5017219850302 32.0 21.8  0.009900 18.3-99.9-99.9-99.9-9.9 9914.7 41 12.7  19 15.2-9.9-9.9
5017219850303 36.5 19.3  0.009900 14.8-99.9-99.9-99.9-9.9 9920.0 51 17.5  16 12.8-9.9-9.9
5017219850304 37.0 19.9  0.009900 15.3-99.9-99.9-99.9-9.9 9919.2 49 16.9  14 11.2-9.9-9.9
5017219850305 37.5 20.9  0.419900 15.8-99.9-99.9-99.9-9.9 9919.2 48 16.9  15 12.0-9.9-9.9
5017219850306 27.5 17.5  0.009900 15.5-99.9-99.9-99.9-9.9 99 9.8 38  6.7  33 26.4-9.9-9.9
5017219850307 22.5 13.1  0.319900 11.7-99.9-99.9-99.9-9.9 9910.1 54  7.1  10  8.0-9.9-9.9
5017219850308 25.0 12.6  0.009900  6.8-99.9-99.9-99.9-9.9 9912.2 62  9.9   8  6.4-9.9-9.9
5017219850309 31.0 11.6  0.009900  8.8-99.9-99.9-99.9-9.9 9914.0 59 12.0   6  4.8-9.9-9.9
5017219850310 35.0 12.3  0.009900  7.3-99.9-99.9-99.9-9.9 9914.5 49 12.5  17 13.6-9.9-9.9
5017219850311 30.5 15.6  3.019900 11.8-99.9-99.9-99.9-9.9 99 9.6 34  6.4  16 12.8-9.9-9.9
5017219850312 27.6 12.8  0.009900  9.3-99.9-99.9-99.9-9.9 9910.9 53  8.2   4  3.2-9.9-9.9
5017219850313 29.5 10.6  0.009900  5.3-99.9-99.9-99.9-9.9 99 8.1 39  3.9   8  6.4-9.9-9.9
5017219850314 34.5 10.3  0.009900  4.3-99.9-99.9-99.9-9.9 9913.4 47 11.3   3  2.4-9.9-9.9
5017219850315 27.0 16.0  0.009900 11.8-99.9-99.9-99.9-9.9 9911.8 52  9.4   5  4.0-9.9-9.9
5017219850316 30.5  8.8  0.009900  2.8-99.9-99.9-99.9-9.9 9912.0 43  9.7  11  8.8-9.9-9.9
5017219850317 27.0 12.4  0.009900  6.3-99.9-99.9-99.9-9.9 99 8.9 39  5.3  16 12.8-9.9-9.9
5017219850318 24.5  7.8  0.009900  0.8-99.9-99.9-99.9-9.9 99 7.9 45  3.6   4  3.2-9.9-9.9
5017219850319 28.0  7.2  0.009900  1.8-99.9-99.9-99.9-9.9 99 8.7 42  5.0  25 20.0-9.9-9.9
5017219850320 22.5  7.8  0.009900 -1.1-99.9-99.9-99.9-9.9 99 7.2 42  2.3  17 13.6-9.9-9.9
5017219850321 25.0  5.1  0.009900 -1.2-99.9-99.9-99.9-9.9 99 8.8 51  5.1   6  4.8-9.9-9.9
5017219850322 27.0  6.8  0.219900 -0.4-99.9-99.9-99.9-9.9 99 9.3 49  5.9   3  2.4-9.9-9.9
5017219850323 25.0 10.3  1.519900  4.8-99.9-99.9-99.9-9.9 9911.1 53  8.5  17 13.6-9.9-9.9
5017219850324 18.2 12.0  9.619900 13.3-99.9-99.9-99.9-9.9 9914.3 95 12.3  34 27.2-9.9-9.9
5017219850325 14.2 11.0  1.219900 11.3-99.9-99.9-99.9-9.9 9914.4 96 12.4   6  4.8-9.9-9.9
5017219850326 24.0 12.0  0.009900  9.8-99.9-99.9-99.9-9.9 9913.4 67 11.3  14 11.2-9.9-9.9
5017219850327 26.6  9.6  0.009900  5.3-99.9-99.9-99.9-9.9 9912.2 60  9.9  13 10.4-9.9-9.9
5017219850328 22.5 11.3  0.009900  6.3-99.9-99.9-99.9-9.9 99 9.8 55  6.7  20 16.0-9.9-9.9
5017219850329 25.0  4.3  0.009900 -0.7-99.9-99.9-99.9-9.9 9910.3 62  7.4   5  4.0-9.9-9.9
5017219850330 29.2  9.3  0.009900  3.8-99.9-99.9-99.9-9.9 9912.5 55 10.3   5  4.0-9.9-9.9
5017219850331 30.5 10.8  0.009900  6.3-99.9-99.9-99.9-9.9 9915.1 61 13.1   3  2.4-9.9-9.9
5017219850401 21.4 15.3 29.019900 11.3-99.9-99.9-99.9-9.9 9915.2 87 13.2   3  2.4-9.9-9.9
5017219850402 25.5 10.3  0.519900  4.8-99.9-99.9-99.9-9.9 99 9.9 61  6.8  20 16.0-9.9-9.9
5017219850403 18.0  5.0  0.009900 -0.6-99.9-99.9-99.9-9.9 99 6.4 53  0.6   5  4.0-9.9-9.9
5017219850404 20.8  1.2  0.009900 -4.2-99.9-99.9-99.9-9.9 99 6.2 48  0.2  16 12.8-9.9-9.9
5017219850405 24.6  7.8  0.009900  0.3-99.9-99.9-99.9-9.9 99 9.2 50  5.8  23 18.4-9.9-9.9
5017219850406 23.5  5.8  0.009900 -1.3-99.9-99.9-99.9-9.9 99 8.2 57  4.1   4  3.2-9.9-9.9
5017219850407 27.0  3.8  0.009900 -0.5-99.9-99.9-99.9-9.9 9910.0 53  7.0  11  8.8-9.9-9.9
5017219850408 30.0 12.3  0.319900  7.3-99.9-99.9-99.9-9.9 9913.5 56 11.4  11  8.8-9.9-9.9
5017219850409 21.0 12.3  0.009900  9.3-99.9-99.9-99.9-9.9 99 8.0 54  3.8  22 17.6-9.9-9.9
5017219850410 21.5  3.6  0.009900 -1.3-99.9-99.9-99.9-9.9 99 8.4 64  4.5   4  3.2-9.9-9.9
5017219850411 27.0  5.0  0.009900 -0.2-99.9-99.9-99.9-9.9 9910.8 64  8.1  11  8.8-9.9-9.9
5017219850412 25.0 10.8  0.009900  5.3-99.9-99.9-99.9-9.9 9910.1 46  7.1   9  7.2-9.9-9.9
5017219850413 19.5 12.2  0.319900 10.3-99.9-99.9-99.9-9.9 9910.9 66  8.2  19 15.2-9.9-9.9
5017219850414 26.5  5.8  0.009900 -0.2-99.9-99.9-99.9-9.9 9910.5 55  7.7  24 19.2-9.9-9.9
5017219850415 27.8 11.0  0.009900  4.8-99.9-99.9-99.9-9.9 9911.4 50  8.9   6  4.8-9.9-9.9
5017219850416 22.0 10.8  0.009900  5.3-99.9-99.9-99.9-9.9 9911.3 57  8.8  19 15.2-9.9-9.9
5017219850417 22.0  4.5  0.009900 -1.7-99.9-99.9-99.9-9.9 99 8.0 58  3.8   9  7.2-9.9-9.9
5017219850418 27.3  4.8  0.009900 -1.1-99.9-99.9-99.9-9.9 9910.3 61  7.4   8  6.4-9.9-9.9
5017219850419 29.0 12.2  0.009900  5.8-99.9-99.9-99.9-9.9 9913.4 61 11.3  14 11.2-9.9-9.9
5017219850420 20.5 12.0  0.009900  6.3-99.9-99.9-99.9-9.9 99 8.3 49  4.3  16 12.8-9.9-9.9
5017219850421 27.0  7.3  0.009900  2.8-99.9-99.9-99.9-9.9 9911.8 61  9.4   3  2.4-9.9-9.9
5017219850422 27.6  8.3  0.009900  5.3-99.9-99.9-99.9-9.9 9913.0 67 10.9   5  4.0-9.9-9.9
5017219850423 27.5  9.4  0.009900  4.3-99.9-99.9-99.9-9.9 9911.8 63  9.4   8  6.4-9.9-9.9
5017219850424 29.6  7.3  0.009900  2.8-99.9-99.9-99.9-9.9 9912.3 60 10.0  11  8.8-9.9-9.9
5017219850425 29.5 11.6  0.009900  6.3-99.9-99.9-99.9-9.9 9912.9 56 10.7  12  9.6-9.9-9.9
5017219850426 24.5 10.1  0.009900  3.8-99.9-99.9-99.9-9.9 99 9.8 53  6.7  16 12.8-9.9-9.9
5017219850427 18.4  9.0  0.009900 11.8-99.9-99.9-99.9-9.9 99 5.7 44 -1.0  26 20.8-9.9-9.9
5017219850428 15.2  1.8  0.009900 -6.2-99.9-99.9-99.9-9.9 99 4.6 47 -3.8  18 14.4-9.9-9.9
5017219850429 13.2 -2.8  0.009900 -9.2-99.9-99.9-99.9-9.9 99 4.5 56 -4.1  15 12.0-9.9-9.9
5017219850430 17.0 -2.1  0.009900 -9.7-99.9-99.9-99.9-9.9 99 5.1 58 -2.5   4  3.2-9.9-9.9
5017219850501 20.5 -1.9  0.009900 -7.2-99.9-99.9-99.9-9.9 99 5.7 49 -1.0  14 11.2-9.9-9.9
5017219850502 22.5  0.5  0.009900 -6.2-99.9-99.9-99.9-9.9 99 6.6 53  1.1   5  4.0-9.9-9.9
5017219850503 26.6  2.3  0.009900 -6.2-99.9-99.9-99.9-9.9 99 6.4 42  0.6  11  8.8-9.9-9.9
5017219850504 21.6  0.8  0.009900  0.0-99.9-99.9-99.9-9.9 99 6.2 50  0.2  14 11.2-9.9-9.9
5017219850505 22.0  3.1  0.009900 -2.7-99.9-99.9-99.9-9.9 99 8.5 58  4.6   3  2.4-9.9-9.9
5017219850506 18.5 10.2  0.009900  5.3-99.9-99.9-99.9-9.9 99 5.6 40 -1.2  11  8.8-9.9-9.9
5017219850507 25.0  2.3  0.009900 -4.2-99.9-99.9-99.9-9.9 99 6.8 46  1.5   3  2.4-9.9-9.9
5017219850508 24.5  2.8  0.009900 -3.2-99.9-99.9-99.9-9.9 99 7.5 54  2.9   6  4.8-9.9-9.9
5017219850509 24.6  4.0  0.009900 -2.7-99.9-99.9-99.9-9.9 99 7.4 48  2.7  17 13.6-9.9-9.9
5017219850510 26.0  3.8  0.009900 -2.2-99.9-99.9-99.9-9.9 99 9.0 58  5.4   6  4.8-9.9-9.9
5017219850511 27.5  6.1  0.009900  0.3-99.9-99.9-99.9-9.9 9910.3 62  7.4  13 10.4-9.9-9.9
5017219850512 22.5  9.2  0.009900  3.8-99.9-99.9-99.9-9.9 99 6.6 39  1.1  11  8.8-9.9-9.9
5017219850513 25.5  3.8  0.009900 -1.2-99.9-99.9-99.9-9.9 99 7.8 55  3.4   8  6.4-9.9-9.9
5017219850514 26.0 10.0  0.009900  3.5-99.9-99.9-99.9-9.9 9910.1 53  7.1   8  6.4-9.9-9.9
5017219850515 25.0  7.3  0.009900  2.3-99.9-99.9-99.9-9.9 9911.4 59  8.9  27 21.6-9.9-9.9
5017219850516 26.0 12.8  0.009900  5.8-99.9-99.9-99.9-9.9 9912.2 58  9.9  21 16.8-9.9-9.9
5017219850517 17.7  9.1  0.009900  2.8-99.9-99.9-99.9-9.9 99 8.2 56  4.1  24 19.2-9.9-9.9
5017219850518 16.7  3.4  0.009900 -4.2-99.9-99.9-99.9-9.9 99 6.4 58  0.6  19 15.2-9.9-9.9
5017219850519 18.5  0.8  0.009900 -5.2-99.9-99.9-99.9-9.9 99 6.6 55  1.1   9  7.2-9.9-9.9
5017219850520 21.3  6.0  0.009900 -1.7-99.9-99.9-99.9-9.9 99 6.8 46  1.5  22 17.6-9.9-9.9
5017219850521 20.0  1.8  0.009900 -5.7-99.9-99.9-99.9-9.9 99 5.4 47 -1.7  11  8.8-9.9-9.9
5017219850522 21.5  3.0  0.009900 -3.7-99.9-99.9-99.9-9.9 99 6.5 46  0.9  14 11.2-9.9-9.9
5017219850523 21.6  3.8  0.009900 -3.2-99.9-99.9-99.9-9.9 99 8.0 56  3.8  11  8.8-9.9-9.9
5017219850524 22.0  8.4  0.009900  3.4-99.9-99.9-99.9-9.9 9911.6 64  9.2  37 29.6-9.9-9.9
5017219850525 23.5  9.6  0.009900  4.8-99.9-99.9-99.9-9.9 99 9.8 60  6.7   4  3.2-9.9-9.9
5017219850526 23.5  4.4  0.009900 -1.2-99.9-99.9-99.9-9.9 99 9.0 59  5.4   6  4.8-9.9-9.9
5017219850527 22.5  7.3  0.219900  1.3-99.9-99.9-99.9-9.9 9912.6 78 10.4  10  8.0-9.9-9.9
5017219850528 22.5  5.0  0.009900  0.5-99.9-99.9-99.9-9.9 99 8.6 60  4.8  14 11.2-9.9-9.9
5017219850529 19.0  4.2  0.009900 -3.3-99.9-99.9-99.9-9.9 99 7.0 58  1.9   1  0.8-9.9-9.9
5017219850530 23.5  8.6  0.009900  2.5-99.9-99.9-99.9-9.9 9911.7 67  9.3   6  4.8-9.9-9.9
5017219850531 14.4  8.8  0.009900  2.8-99.9-99.9-99.9-9.9 99 6.7 51  1.3  41 32.8-9.9-9.9
5017219850601-99.9-99.9-99.999999-99.9-99.9-99.9-99.9-9.9 99-9.9-99-99.9 -99-99.9-9.9-9.9
5017219850602-99.9-99.9-99.999999-99.9-99.9-99.9-99.9-9.9 99-9.9-99-99.9 -99-99.9-9.9-9.9
5017219850603-99.9-99.9-99.999999-99.9-99.9-99.9-99.9-9.9 99-9.9-99-99.9 -99-99.9-9.9-9.9
5017219850604-99.9-99.9-99.999999-99.9-99.9-99.9-99.9-9.9 99-9.9-99-99.9 -99-99.9-9.9-9.9
5017219850605-99.9-99.9-99.999999-99.9-99.9-99.9-99.9-9.9 99-9.9-99-99.9 -99-99.9-9.9-9.9
5017219850606-99.9-99.9-99.999999-99.9-99.9-99.9-99.9-9.9 99-9.9-99-99.9 -99-99.9-9.9-9.9
5017219850607-99.9-99.9-99.999999-99.9-99.9-99.9-99.9-9.9 99-9.9-99-99.9 -99-99.9-9.9-9.9
5017219850608-99.9-99.9-99.999999-99.9-99.9-99.9-99.9-9.9 99-9.9-99-99.9 -99-99.9-9.9-9.9
5017219850609-99.9-99.9-99.999999-99.9-99.9-99.9-99.9-9.9 99-9.9-99-99.9 -99-99.9-9.9-9.9
5017219850610-99.9-99.9-99.999999-99.9-99.9-99.9-99.9-9.9 99-9.9-99-99.9 -99-99.9-9.9-9.9
5017219850611-99.9-99.9-99.999999-99.9-99.9-99.9-99.9-9.9 99-9.9-99-99.9 -99-99.9-9.9-9.9
5017219850612-99.9-99.9-99.999999-99.9-99.9-99.9-99.9-9.9 99-9.9-99-99.9 -99-99.9-9.9-9.9
5017219850613-99.9-99.9-99.999999-99.9-99.9-99.9-99.9-9.9 99-9.9-99-99.9 -99-99.9-9.9-9.9
5017219850614-99.9-99.9-99.999999-99.9-99.9-99.9-99.9-9.9 99-9.9-99-99.9 -99-99.9-9.9-9.9
5017219850615-99.9-99.9-99.999999-99.9-99.9-99.9-99.9-9.9 99-9.9-99-99.9 -99-99.9-9.9-9.9
5017219850616-99.9-99.9-99.999999-99.9-99.9-99.9-99.9-9.9 99-9.9-99-99.9 -99-99.9-9.9-9.9
5017219850617-99.9-99.9-99.999999-99.9-99.9-99.9-99.9-9.9 99-9.9-99-99.9 -99-99.9-9.9-9.9
5017219850618-99.9-99.9-99.999999-99.9-99.9-99.9-99.9-9.9 99-9.9-99-99.9 -99-99.9-9.9-9.9
5017219850619-99.9-99.9-99.999999-99.9-99.9-99.9-99.9-9.9 99-9.9-99-99.9 -99-99.9-9.9-9.9
5017219850620-99.9-99.9-99.999999-99.9-99.9-99.9-99.9-9.9 99-9.9-99-99.9 -99-99.9-9.9-9.9
5017219850621-99.9-99.9-99.999999-99.9-99.9-99.9-99.9-9.9 99-9.9-99-99.9 -99-99.9-9.9-9.9
5017219850622-99.9-99.9-99.999999-99.9-99.9-99.9-99.9-9.9 99-9.9-99-99.9 -99-99.9-9.9-9.9
5017219850623-99.9-99.9-99.999999-99.9-99.9-99.9-99.9-9.9 99-9.9-99-99.9 -99-99.9-9.9-9.9
5017219850624-99.9-99.9-99.999999-99.9-99.9-99.9-99.9-9.9 99-9.9-99-99.9 -99-99.9-9.9-9.9
5017219850625-99.9-99.9-99.999999-99.9-99.9-99.9-99.9-9.9 99-9.9-99-99.9 -99-99.9-9.9-9.9
5017219850626-99.9-99.9-99.999999-99.9-99.9-99.9-99.9-9.9 99-9.9-99-99.9 -99-99.9-9.9-9.9
5017219850627-99.9-99.9-99.999999-99.9-99.9-99.9-99.9-9.9 99-9.9-99-99.9 -99-99.9-9.9-9.9
5017219850628-99.9-99.9-99.999999-99.9-99.9-99.9-99.9-9.9 99-9.9-99-99.9 -99-99.9-9.9-9.9
5017219850629-99.9-99.9-99.999999-99.9-99.9-99.9-99.9-9.9 99-9.9-99-99.9 -99-99.9-9.9-9.9
5017219850630-99.9-99.9-99.999999-99.9-99.9-99.9-99.9-9.9 99-9.9-99-99.9 -99-99.9-9.9-9.9
5017219850701 16.2  0.8  0.009900 -4.7-99.9-99.9-99.9-9.9 99 6.8 61  1.5   8  6.4-9.9-9.9
5017219850702 19.7  7.8  0.009900  3.8-99.9-99.9-99.9-9.9 99 7.3 49  2.5  25 20.0-9.9-9.9
5017219850703 20.5  9.3 10.319900  3.3-99.9-99.9-99.9-9.9 99 8.7 56  5.0  19 15.2-9.9-9.9
5017219850704 10.4  2.0  0.009900  2.8-99.9-99.9-99.9-9.9 99 4.8 57 -3.3  26 20.8-9.9-9.9
5017219850705 12.0 -4.2  0.009900 -9.2-99.9-99.9-99.9-9.9 99 4.7 57 -3.6  16 12.8-9.9-9.9
5017219850706 19.0  2.0  0.009900 -1.7-99.9-99.9-99.9-9.9 99 5.8 53 -0.7  31 24.8-9.9-9.9
5017219850707 17.0  3.1  0.009900 -3.7-99.9-99.9-99.9-9.9 99 6.2 56  0.2  13 10.4-9.9-9.9
5017219850708 17.5  1.8  0.319900 -4.2-99.9-99.9-99.9-9.9 99 6.2 56  0.2  25 20.0-9.9-9.9
5017219850709 10.5  3.2  0.009900  2.3-99.9-99.9-99.9-9.9 99 5.7 66 -1.0   8  6.4-9.9-9.9
5017219850710 11.0 -4.2  0.009900 -8.7-99.9-99.9-99.9-9.9 99 4.5 66 -4.1  13 10.4-9.9-9.9
5017219850711 14.0  0.3  0.009900 -3.7-99.9-99.9-99.9-9.9 99 5.2 51 -2.2  27 21.6-9.9-9.9
5017219850712 17.2  4.3  0.009900  1.3-99.9-99.9-99.9-9.9 99 5.5 47 -1.4  33 26.4-9.9-9.9
5017219850713 20.5  6.2  0.009900  1.3-99.9-99.9-99.9-9.9 99 6.9 53  1.7  19 15.2-9.9-9.9
5017219850714 18.2 -0.4  0.009900 -5.7-99.9-99.9-99.9-9.9 99 6.2 56  0.2  19 15.2-9.9-9.9
5017219850715 11.0  4.4  0.119900  4.8-99.9-99.9-99.9-9.9 99 7.6 82  3.0  10  8.0-9.9-9.9
5017219850716  8.0  4.2  1.019900  3.8-99.9-99.9-99.9-9.9 99 8.3 89  4.3  14 11.2-9.9-9.9
5017219850717 15.7  6.2  0.009900  5.8-99.9-99.9-99.9-9.9 99 8.7 73  5.0  19 15.2-9.9-9.9
5017219850718 17.0  7.3  0.009900  3.8-99.9-99.9-99.9-9.9 99 8.0 62  3.8   4  3.2-9.9-9.9
5017219850719 20.0  0.8  0.009900 -3.7-99.9-99.9-99.9-9.9 99 6.5 58  0.9  14 11.2-9.9-9.9
5017219850720 21.0  1.8  0.009900 -3.7-99.9-99.9-99.9-9.9 99 7.2 57  2.3  14 11.2-9.9-9.9
5017219850721 20.5  4.3  0.009900 -3.2-99.9-99.9-99.9-9.9 99 8.3 58  4.3  14 11.2-9.9-9.9
5017219850722 13.5 10.0 18.819900  3.8-99.9-99.9-99.9-9.9 9911.7 85  9.3  14 11.2-9.9-9.9
5017219850723 14.5  8.8  0.419900  8.3-99.9-99.9-99.9-9.9 9910.1 81  7.1  14 11.2-9.9-9.9
5017219850724 11.5  4.8  0.419900  0.5-99.9-99.9-99.9-9.9 99 9.0 84  5.4   4  3.2-9.9-9.9
5017219850725  8.8  5.8 32.219900  2.3-99.9-99.9-99.9-9.9 99 8.6 92  4.8  24 19.2-9.9-9.9
5017219850726  8.6  4.8 17.019900  4.3-99.9-99.9-99.9-9.9 99 8.9 90  5.3  23 18.4-9.9-9.9
5017219850727  9.0  5.3  0.519900  4.3-99.9-99.9-99.9-9.9 99 8.6 83  4.8   6  4.8-9.9-9.9
5017219850728 11.5  6.4  0.009900  5.3-99.9-99.9-99.9-9.9 99 8.5 85  4.6   1  0.8-9.9-9.9
5017219850729  8.0  2.5  0.119900 -3.7-99.9-99.9-99.9-9.9 99 8.6 91  4.8  12  9.6-9.9-9.9
5017219850730 12.0  0.4  0.009900 -1.7-99.9-99.9-99.9-9.9 99 7.7 85  3.2   4  3.2-9.9-9.9
5017219850731 17.5 -0.8  0.009900 -5.7-99.9-99.9-99.9-9.9 99 5.5 58 -1.4  13 10.4-9.9-9.9
5017219850801 21.0  4.6  0.009900 -0.9-99.9-99.9-99.9-9.9 99 6.1 46  0.0  19 15.2-9.9-9.9
5017219850802 22.7  1.6  0.009900 -4.2-99.9-99.9-99.9-9.9 99 6.0 50 -0.2  11  8.8-9.9-9.9
5017219850803 25.5  0.2  0.009900 -4.7-99.9-99.9-99.9-9.9 99 6.1 52  0.0  10  8.0-9.9-9.9
5017219850804 16.5  2.9  0.009900 -3.7-99.9-99.9-99.9-9.9 99 7.1 57  2.1  28 22.4-9.9-9.9
5017219850805 14.5  2.6  0.009900 -2.2-99.9-99.9-99.9-9.9 99 7.0 63  1.9   6  4.8-9.9-9.9
5017219850806 15.5  2.0  0.009900 -4.2-99.9-99.9-99.9-9.9 99 6.9 69  1.7   6  4.8-9.9-9.9
5017219850807  9.7  1.5  0.219900 -3.7-99.9-99.9-99.9-9.9 99 6.5 69  0.9  16 12.8-9.9-9.9
5017219850808  9.0 -1.2  0.009900 -4.2-99.9-99.9-99.9-9.9 99 5.8 75 -0.7   3  2.4-9.9-9.9
5017219850809 12.0 -3.2  0.009900 -8.7-99.9-99.9-99.9-9.9 99 5.1 67 -2.5   3  2.4-9.9-9.9
5017219850810 17.6 -3.6  0.009900 -9.5-99.9-99.9-99.9-9.9 99 4.7 53 -3.6   5  4.0-9.9-9.9
5017219850811 23.0 -1.4  0.009900 -6.2-99.9-99.9-99.9-9.9 99 4.4 42 -4.4   9  7.2-9.9-9.9
5017219850812 22.0 -0.8  0.009900 -7.2-99.9-99.9-99.9-9.9 99 5.2 49 -2.2  11  8.8-9.9-9.9
5017219850813 23.5  1.2  0.009900 -5.2-99.9-99.9-99.9-9.9 99 6.5 53  0.9   3  2.4-9.9-9.9
5017219850814 19.5  3.0  0.009900 -3.7-99.9-99.9-99.9-9.9 99 5.9 49 -0.5  26 20.8-9.9-9.9
5017219850815 18.0  0.6  0.009900 -5.2-99.9-99.9-99.9-9.9 99 5.9 54 -0.5   6  4.8-9.9-9.9
5017219850816 20.5  0.0  0.009900 -6.2-99.9-99.9-99.9-9.9 99 5.2 44 -2.2   6  4.8-9.9-9.9
5017219850817 26.5  2.0  0.009900 -5.2-99.9-99.9-99.9-9.9 99 6.4 45  0.6   3  2.4-9.9-9.9
5017219850818 23.8  2.5  0.009900 -4.0-99.9-99.9-99.9-9.9 99 6.1 43  0.0   5  4.0-9.9-9.9
5017219850819 21.0  3.6  0.009900 -1.2-99.9-99.9-99.9-9.9 99 5.7 44 -1.0  20 16.0-9.9-9.9
5017219850820 18.6  0.5  0.009900 -6.2-99.9-99.9-99.9-9.9 99 6.1 37  0.0   3  2.4-9.9-9.9
5017219850821 23.5 -0.9  0.009900 -5.2-99.9-99.9-99.9-9.9 99 6.0 46 -0.2   4  3.2-9.9-9.9
5017219850822 24.5  6.1  0.009900  1.8-99.9-99.9-99.9-9.9 99 8.4 48  4.5  11  8.8-9.9-9.9
5017219850823 23.5  6.8  0.009900  3.8-99.9-99.9-99.9-9.9 99 8.6 55  4.8   8  6.4-9.9-9.9
5017219850824 20.2  6.3  0.009900  1.3-99.9-99.9-99.9-9.9 99 8.5 59  4.6  17 13.6-9.9-9.9
5017219850825 18.6  7.6  0.009900  2.8-99.9-99.9-99.9-9.9 99 7.0 51  1.9   8  6.4-9.9-9.9
5017219850826 19.5  3.8  0.009900 -2.7-99.9-99.9-99.9-9.9 99 5.9 48 -0.5   6  4.8-9.9-9.9
5017219850827 21.5  1.0  0.009900 -5.2-99.9-99.9-99.9-9.9 99 7.8 45  3.4  14 11.2-9.9-9.9
5017219850828 22.8  9.0  0.009900  4.7-99.9-99.9-99.9-9.9 99 8.1 49  3.9   8  6.4-9.9-9.9
5017219850829 21.2  5.3  0.009900  2.3-99.9-99.9-99.9-9.9 99 7.5 51  2.9  11  8.8-9.9-9.9
5017219850830 20.6  2.6  0.119900 -2.9-99.9-99.9-99.9-9.9 99 6.3 45  0.4   9  7.2-9.9-9.9
5017219850831 16.0  7.6  0.009900  5.3-99.9-99.9-99.9-9.9 99 5.9 47 -0.5  19 15.2-9.9-9.9
