5036619600101-99.9 20.1 13.319900-99.9-99.9-99.9-99.9 0.4  324.7 86 20.9   2  1.6 8.6-9.9
5036619600102-99.9 19.6  0.519900-99.9-99.9-99.9-99.9 0.0  022.5 91 19.4   7  5.6 7.9-9.9
5036619600103-99.9 20.2  0.119900-99.9-99.9-99.9-99.9 0.2  124.7 82 20.9   8  6.4 8.3-9.9
5036619600104-99.9 20.6  0.219900-99.9-99.9-99.9-99.9 4.9 3624.7 74 20.9   8  6.416.6-9.9
5036619600105-99.9 22.2  0.009900-99.9-99.9-99.9-99.9 7.2 5226.3 68 21.9  11  8.820.6-9.9
5036619600106-99.9 18.9 24.519900-99.9-99.9-99.9-99.9 9.8 7223.8 69 20.3   6  4.825.2-9.9
5036619600107-99.9 18.7  0.009900-99.9-99.9-99.9-99.911.0 80-9.9-99-99.9 -99-99.927.3-9.9
5036619600108-99.9 18.6  0.009900-99.9-99.9-99.9-99.910.6 77-9.9-99-99.9 -99-99.926.6-9.9
5036619600109-99.9 20.3  0.009900-99.9-99.9-99.9-99.910.4 7620.1 52 17.6   7  5.626.2-9.9
5036619600110-99.9 23.2  2.919900-99.9-99.9-99.9-99.9 2.2 1622.4 58 19.3  11  8.811.8-9.9
5036619600111-99.9 22.3  0.119900-99.9-99.9-99.9-99.9 3.8 2820.9 55 18.2   9  7.214.6-9.9
5036619600112-99.9 23.7  3.219900-99.9-99.9-99.9-99.9 2.4 1821.8 65 18.9  14 11.212.1-9.9
5036619600113-99.9 21.9  0.009900-99.9-99.9-99.9-99.9 6.0 4425.4 72 21.4  11  8.818.4-9.9
5036619600114-99.9 21.8  0.009900-99.9-99.9-99.9-99.9 7.3 5425.5 73 21.4   9  7.220.7-9.9
5036619600115-99.9 23.6  1.119900-99.9-99.9-99.9-99.9 9.5 7025.1 62 21.2   8  6.424.6-9.9
5036619600116 34.6 23.6  0.009900-99.9-99.9-99.9-99.9 8.0 5926.3 64 21.9   4  3.221.9 5.5
5036619600117 35.3 22.5  0.009900-99.9-99.9-99.9-99.9 8.0 5927.6 62 22.7   4  3.221.9 5.4
5036619600118 36.5 24.7  0.009900-99.9-99.9-99.9-99.9 8.5 63-9.9-99-99.9 -99-99.922.7-9.9
5036619600119 34.2 21.1 14.819900-99.9-99.9-99.9-99.9 6.0 44-9.9-99-99.9 -99-99.918.3-9.9
5036619600120 30.6 21.6  0.009900-99.9-99.9-99.9-99.9 8.0 5924.4 73 20.7   9  7.221.8 5.3
5036619600121 32.6 21.8  0.009900-99.9-99.9-99.9-99.9 7.7 5728.6 76 23.3   6  4.821.3 5.1
5036619600122 35.0 19.8 22.819900-99.9-99.9-99.9-99.9 8.7 6524.4 71 20.7   9  7.223.0 5.8
5036619600123 27.0 19.3  0.009900-99.9-99.9-99.9-99.9 3.0 2221.2 79 18.4   6  4.813.0 3.3
5036619600124 30.0 19.4  0.009900-99.9-99.9-99.9-99.910.4 7722.9 71 19.7   6  4.826.0 5.6
5036619600125 33.2 20.4  0.009900-99.9-99.9-99.9-99.910.5 7826.7 70 22.2   9  7.226.1 6.1
5036619600126 30.0 21.2  1.119900-99.9-99.9-99.9-99.9 4.4 3324.2 81 20.6  14 11.215.4 4.4
5036619600127 25.0 20.2 20.519900-99.9-99.9-99.9-99.9 0.5  424.0 91 20.4   6  4.8 8.5 2.2
5036619600128 24.0 17.0 17.819900-99.9-99.9-99.9-99.9 0.0  023.5 98 20.1  17 13.6 7.6 1.7
5036619600129 20.6 17.2  0.719900-99.9-99.9-99.9-99.9 0.0  020.4 92 17.8   4  3.2 7.6 1.7
5036619600130 28.2 19.3  0.009900-99.9-99.9-99.9-99.9 1.4 1121.6 73 18.7   6  4.810.1 2.9
5036619600131 31.9 20.1 25.419900-99.9-99.9-99.9-99.9 6.6 5025.5 76 21.4   9  7.219.1 4.7
5036619600201 26.6 19.0 22.619900-99.9-99.9-99.9-99.9 0.0  022.1 96 19.1   6  4.8 7.6 2.3
5036619600202 29.5 16.9  0.009900-99.9-99.9-99.9-99.911.3 8521.7 72 18.8   6  4.827.2 5.4
5036619600203 30.4 17.2  0.009900-99.9-99.9-99.9-99.910.2 7722.4 70 19.3   9  7.225.3 5.4
5036619600204 30.0 20.5  0.719900-99.9-99.9-99.9-99.9 5.5 4222.0 72 19.0  13 10.417.1 4.8
5036619600205 29.8 20.6  9.219900-99.9-99.9-99.9-99.9 4.4 3319.8 67 17.3  14 11.215.1 4.8
5036619600206 30.0 16.8  0.009900-99.9-99.9-99.9-99.9 9.4 7120.5 68 17.9   8  6.423.8 5.1
5036619600207 32.4 18.2  0.009900-99.9-99.9-99.9-99.910.3 7821.3 61 18.5   6  4.825.3 5.5
5036619600208 33.0 19.6  0.009900-99.9-99.9-99.9-99.910.9 8322.6 64 19.5   2  1.626.3 5.5
5036619600209 33.6 18.6  0.009900-99.9-99.9-99.9-99.910.7 8221.4 62 18.6   6  4.825.9 5.8
5036619600210 34.5 20.5  0.009900-99.9-99.9-99.9-99.911.3 8618.3 48 16.1   9  7.226.9 6.6
5036619600211 33.5 20.9  0.009900-99.9-99.9-99.9-99.9 5.7 4423.6 63 20.2  11  8.817.2 4.9
5036619600212 33.0 23.3  0.009900-99.9-99.9-99.9-99.9 5.6 4326.3 68 21.9   6  4.817.0 4.5
5036619600213 35.0 21.4  0.009900-99.9-99.9-99.9-99.9 8.6 6627.1 68 22.4   6  4.822.1 5.4
5036619600214 35.5 22.6  0.009900-99.9-99.9-99.9-99.9 7.8 6028.8 70 23.4   7  5.620.7 5.3
5036619600215 30.6 24.8 63.719900-99.9-99.9-99.9-99.9 7.1 5527.0 73 22.4  13 10.419.4 5.3
5036619600216 31.4 20.3  0.009900-99.9-99.9-99.9-99.9 8.5 6625.3 74 21.3   2  1.621.8 4.7
5036619600217 26.7 18.2 98.419900-99.9-99.9-99.9-99.9 0.0  022.4 95 19.3   4  3.2 7.2 2.0
5036619600218 28.2 16.6  0.009900-99.9-99.9-99.9-99.9 6.7 5221.2 76 18.4   2  1.618.6 3.7
5036619600219 30.2 21.8  0.009900-99.9-99.9-99.9-99.9 8.0 6224.8 72 21.0   4  3.220.8 4.6
5036619600220 31.3 20.6  0.009900-99.9-99.9-99.9-99.9 8.4 6524.9 71 21.0   4  3.221.4 4.7
5036619600221 32.2 21.4  0.009900-99.9-99.9-99.9-99.910.3 8023.3 64 20.0   2  1.624.5 5.2
5036619600222 34.0 20.8  0.009900-99.9-99.9-99.9-99.910.7 8424.7 68 20.9   6  4.825.1 5.7
5036619600223 33.6 21.4  0.009900-99.9-99.9-99.9-99.9 6.8 5325.1 67 21.2   4  3.218.5 4.5
5036619600224 32.2 21.6  1.519900-99.9-99.9-99.9-99.9 6.8 5324.9 71 21.0   9  7.218.4 4.7
5036619600225 32.7 20.8  0.009900-99.9-99.9-99.9-99.9 9.7 7620.9 58 18.2   9  7.223.3 5.7
5036619600226 28.4 19.6  0.619900-99.9-99.9-99.9-99.9 7.3 58-9.9 81-99.9   6  4.819.2-9.9
5036619600227 32.6 20.7  6.419900-99.9-99.9-99.9-99.9 7.4 5926.4 79 22.0   7  5.619.3 4.6
5036619600228 32.0 19.0 16.219900-99.9-99.9-99.9-99.9 8.7 6923.6 79 20.2   9  7.221.4 4.9
5036619600229 29.4 17.6  0.009900-99.9-99.9-99.9-99.9 9.9 7920.4 71 17.8   4  3.223.3 4.6
5036619600301 28.8 17.9  1.319900-99.9-99.9-99.9-99.9 5.8 4622.6 79 19.5   6  4.816.4 3.6
5036619600302 29.5 18.3 10.119900-99.9-99.9-99.9-99.9 6.1 4921.7 80 18.8  11  8.816.9 4.1
5036619600303 29.4 17.9  0.009900-99.9-99.9-99.9-99.910.0 8022.6 74 19.5   7  5.623.2 4.7
5036619600304 31.0 18.4  0.009900-99.9-99.9-99.9-99.910.7 8624.8 75 21.0   6  4.824.3 5.0
5036619600305 33.0 19.0  0.009900-99.9-99.9-99.9-99.9 8.5 6825.2 71 21.2   4  3.220.6 4.5
5036619600306 32.4 19.8  0.009900-99.9-99.9-99.9-99.9 9.3 7524.9 78 21.0   9  7.221.9 5.0
5036619600307 29.3 19.5 23.519900-99.9-99.9-99.9-99.9 1.5 1222.5 76 19.4   6  4.8 9.1 2.7
5036619600308 24.0 17.9 35.919900-99.9-99.9-99.9-99.9 1.8 1520.7 90 18.1   9  7.2 9.5 2.3
5036619600309 25.7 17.4  5.719900-99.9-99.9-99.9-99.9 4.8 3921.1 87 18.4   6  4.814.3 3.0
5036619600310 27.0 17.2  0.009900-99.9-99.9-99.9-99.9 9.0 7320.3 78 17.7   4  3.221.0 3.9
5036619600311 27.2 14.3  0.009900-99.9-99.9-99.9-99.9 8.6 7019.1 73 16.8   3  2.420.3 3.6
5036619600312 26.6 16.4  0.009900-99.9-99.9-99.9-99.9 9.0 7317.6 67 15.5   4  3.220.9 3.9
5036619600313 28.3 15.3  0.009900-99.9-99.9-99.9-99.9 9.4 7718.6 67 16.4   6  4.821.4 4.1
5036619600314 28.7 14.7  0.009900-99.9-99.9-99.9-99.9-9.9 7819.2 71 16.9   4  3.221.6 3.9
5036619600315 29.5 16.3  0.009900-99.9-99.9-99.9-99.9 8.4 6919.1 66 16.8   6  4.819.7 4.0
5036619600316 30.3 19.3  0.319900-99.9-99.9-99.9-99.9 5.8 4822.3 77 19.2   4  3.215.5 3.5
5036619600317 24.0 17.6 12.419900-99.9-99.9-99.9-99.9 0.0  020.7 98 18.1   9  7.2 6.3 1.8
5036619600318 19.0 16.0 35.019900-99.9-99.9-99.9-99.9 0.0  018.9100 16.6   9  7.2 6.2 1.3
5036619600319 23.6 15.6  0.009900-99.9-99.9-99.9-99.9 2.1 1718.9 85 16.6   4  3.2 9.5 2.0
5036619600320 27.3 12.8  0.009900-99.9-99.9-99.9-99.9 7.6 6319.5 78 17.1   4  3.218.0 3.1
5036619600321 28.5 15.4  2.019900-99.9-99.9-99.9-99.9 4.9 4120.9 74 18.2   4  3.213.7 2.8
5036619600322 26.8 19.2 17.119900-99.9-99.9-99.9-99.9 2.4 2023.3 81 20.0   4  3.2 9.8 2.3
5036619600323 23.0 16.8  1.219900-99.9-99.9-99.9-99.9 0.0  019.7 99 17.3   4  3.2 6.0 1.6
5036619600324 24.5 17.9  0.919900-99.9-99.9-99.9-99.9 0.0  021.6 88 18.7   2  1.6 6.0 1.5
5036619600325 24.5 18.9  0.009900-99.9-99.9-99.9-99.9 0.4  322.3 89 19.2   6  4.8 6.6 1.7
5036619600326 31.5 18.6  0.009900-99.9-99.9-99.9-99.9 7.7 6525.3 82 21.3   1  0.817.6 3.5
5036619600327 32.0 20.0  0.009900-99.9-99.9-99.9-99.9 7.1 6027.0 77 22.4   6  4.816.6 3.7
5036619600328 27.5 19.1 21.219900-99.9-99.9-99.9-99.9 2.2 1923.8 90 20.3  12  9.6 9.2 2.5
5036619600329 19.1 15.5  2.819900-99.9-99.9-99.9-99.9 0.0  018.3 96 16.1   2  1.6 5.8 1.2
5036619600330 23.0 16.6  0.009900-99.9-99.9-99.9-99.9 0.2  220.7 89 18.1   6  4.8 6.1 1.5
5036619600331 26.0 18.3  0.009900-99.9-99.9-99.9-99.9 4.8 4121.3 84 18.5   6  4.812.9 2.7
5036619600401 28.5 15.2  0.009900-99.9-99.9-99.9-99.9 8.0 6819.3 74 16.9   4  3.217.5 3.2
5036619600402 28.6 16.4  0.009900-99.9-99.9-99.9-99.9 7.8 6721.9 78 19.0   4  3.217.2 3.2
5036619600403 23.0 14.4 17.419900-99.9-99.9-99.9-99.9 0.2  217.3 90 15.2  12  9.6 5.9 1.9
5036619600404 24.8 10.9  0.009900-99.9-99.9-99.9-99.9 9.4 8114.3 73 12.3   6  4.819.3 3.1
5036619600405 27.5 12.4  0.009900-99.9-99.9-99.9-99.910.2 8817.8 78 15.7   1  0.820.4 3.1
5036619600406 28.3 13.9  0.009900-99.9-99.9-99.9-99.9 9.8 8420.3 77 17.7   4  3.219.7 3.2
5036619600407 29.3 16.3  0.009900-99.9-99.9-99.9-99.9 9.4 8121.4 75 18.6   4  3.219.0 3.4
5036619600408 23.4 16.6  8.619900-99.9-99.9-99.9-99.9 0.7  621.4 88 18.6   6  4.8 6.4 1.4
5036619600409 20.8 13.8  1.119900-99.9-99.9-99.9-99.9 0.0  016.0100 14.0   9  7.2 5.4 1.6
5036619600410 17.0 13.4  0.009900-99.9-99.9-99.9-99.9 0.0  015.6 93 13.6   7  5.6 5.3 1.2
5036619600411 22.5 13.8  0.009900-99.9-99.9-99.9-99.9 1.5 1316.4 84 14.4   9  7.2 7.4 1.9
5036619600412 23.4 13.8  0.009900-99.9-99.9-99.9-99.9 2.8 2419.1 86 16.8   8  6.4 9.2 1.7
5036619600413 26.4 16.7  0.009900-99.9-99.9-99.9-99.9 3.5 3120.3 82 17.7   7  5.610.1 2.3
5036619600414 25.5 16.9  0.009900-99.9-99.9-99.9-99.9 0.9  821.7 88 18.8   4  3.2 6.4 1.5
5036619600415 26.6 17.7 38.719900-99.9-99.9-99.9-99.9 3.4 3022.2 86 19.2   8  6.4 9.9 2.2
5036619600416 20.1 14.4  0.319900-99.9-99.9-99.9-99.9 0.0  014.9 86 12.9   7  5.6 5.1 1.6
5036619600417 22.4  8.3  0.009900-99.9-99.9-99.9-99.9 8.8 7813.9 75 11.9   4  3.217.1 2.2
5036619600418 24.4 11.4  0.009900-99.9-99.9-99.9-99.9 9.6 8515.3 74 13.3   4  3.218.1 2.5
5036619600419 26.4 11.2  0.009900-99.9-99.9-99.9-99.9 9.2 8117.1 77 15.0   6  4.817.5 2.6
5036619600420 29.0 12.7  0.009900-99.9-99.9-99.9-99.9 9.7 8617.4 70 15.3   9  7.218.1 3.2
5036619600421 28.6 13.0  0.009900-99.9-99.9-99.9-99.9 9.4 8417.0 72 15.0   7  5.617.6 3.0
5036619600422 28.4 13.8  0.009900-99.9-99.9-99.9-99.9 9.4 8417.9 70 15.8   7  5.617.5 3.0
5036619600423 28.7 14.2  0.009900-99.9-99.9-99.9-99.910.2 9118.3 73 16.1   4  3.218.4 2.9
5036619600424 27.5 13.6  0.009900-99.9-99.9-99.9-99.9 9.3 8318.8 79 16.5   6  4.817.1 2.7
5036619600425 25.0 15.3  0.009900-99.9-99.9-99.9-99.9 6.6 5918.2 73 16.0   5  4.013.5 2.3
5036619600426 22.2 14.3  1.819900-99.9-99.9-99.9-99.9 0.0  015.6 92 13.6   3  2.4 4.8 1.4
5036619600427 22.0 13.9  0.009900-99.9-99.9-99.9-99.9 3.2 2917.0 85 15.0   4  3.2 8.9 1.6
5036619600428 25.6 14.0 11.319900-99.9-99.9-99.9-99.9 1.9 1720.0 82 17.5   3  2.4 7.2 1.4
5036619600429 20.8 14.9  3.219900-99.9-99.9-99.9-99.9 0.0  017.5100 15.4   4  3.2 4.7 1.2
5036619600430 19.8 13.6  0.009900-99.9-99.9-99.9-99.9 3.0 2716.3 83 14.3  11  8.8 8.5 1.6
5036619600501 21.5 11.1  0.009900-99.9-99.9-99.9-99.9 8.7 7914.7 80 12.7   7  5.615.7 2.1
5036619600502 23.4 12.3  0.009900-99.9-99.9-99.9-99.9 4.8 4417.2 78 15.1   9  7.210.7 1.8
5036619600503 24.3 14.5  0.009900-99.9-99.9-99.9-99.9 6.7 6116.4 79 14.4   6  4.813.0 2.2
5036619600504 25.4 11.8  0.009900-99.9-99.9-99.9-99.9 8.7 7915.7 74 13.7   7  5.615.4 2.3
5036619600505 26.5 11.2  0.009900-99.9-99.9-99.9-99.9 8.5 7816.6 74 14.6   7  5.615.1 2.3
5036619600506 26.8 13.8  0.009900-99.9-99.9-99.9-99.9 8.9 8218.1 79 15.9   6  4.815.5 2.4
5036619600507 26.4 13.1  1.519900-99.9-99.9-99.9-99.9 8.1 7418.0 77 15.8   6  4.814.4 2.2
5036619600508 21.2 12.1 23.319900-99.9-99.9-99.9-99.9 0.0  015.4100 13.4  11  8.8 4.4 1.4
5036619600509 12.1  8.2  0.419900-99.9-99.9-99.9-99.9 0.0  010.6 87  7.8   4  3.2 4.4 0.9
5036619600510 11.0  9.0  0.009900-99.9-99.9-99.9-99.9 0.0  0 9.9 83  6.8  11  8.8 4.3 1.2
5036619600511 16.4  8.8  0.009900-99.9-99.9-99.9-99.9 1.4 1311.0 78  8.4  12  9.6 6.0 1.6
5036619600512 13.8 10.5  1.519900-99.9-99.9-99.9-99.9 0.0  011.9 86  9.5   6  4.8 4.3 1.0
5036619600513 18.2 10.7  0.009900-99.9-99.9-99.9-99.9 0.9  814.1 91 12.1   4  3.2 5.3 1.0
5036619600514 21.5  7.3  0.009900-99.9-99.9-99.9-99.9 8.8 8212.6 81 10.4   7  5.614.8 1.7
5036619600515 24.6  7.6  0.009900-99.9-99.9-99.9-99.9 9.0 8411.9 72  9.5   6  4.814.9 1.9
5036619600516 24.4  7.0  0.009900-99.9-99.9-99.9-99.9 8.9 8313.0 74 10.9   6  4.814.7 1.8
5036619600517 22.4  9.7  0.009900-99.9-99.9-99.9-99.9 8.5 7914.2 83 12.2   3  2.414.2 1.6
5036619600518 15.4 10.6  0.519900-99.9-99.9-99.9-99.9 0.0  012.7 87 10.5  13 10.4 4.1 1.2
5036619600519 12.0  6.0  0.009900-99.9-99.9-99.9-99.9 0.0  0 7.0 64  1.9   6  4.8 4.1 1.4
5036619600520 16.4  0.4  0.009900-99.9-99.9-99.9-99.9 8.9 83 6.9 70  1.7   9  7.214.5 1.5
5036619600521 22.0  1.4  0.009900-99.9-99.9-99.9-99.9 8.6 81 8.8 68  5.1   6  4.814.0 1.5
5036619600522 21.4  3.4  0.009900-99.9-99.9-99.9-99.9 8.9 84 8.9 68  5.3   7  5.614.3 1.6
5036619600523 20.4  4.0  0.009900-99.9-99.9-99.9-99.9 8.7 82 9.0 70  5.4   2  1.614.0 1.3
5036619600524 23.8  4.7  0.009900-99.9-99.9-99.9-99.9 7.4 7010.5 65  7.7   7  5.612.5 1.7
5036619600525 21.9  5.5  0.009900-99.9-99.9-99.9-99.9 5.0 4711.6 75  9.2   6  4.8 9.7 1.4
5036619600526 23.0  7.0  0.009900-99.9-99.9-99.9-99.9 7.0 6612.2 77  9.9   4  3.211.9 1.4
5036619600527 24.0  9.6  0.009900-99.9-99.9-99.9-99.9 7.6 7214.8 80 12.8   7  5.612.6 1.6
5036619600528 24.0 10.9  0.009900-99.9-99.9-99.9-99.9 2.9 2715.5 76 13.5   7  5.6 7.2 1.4
5036619600529 26.2 11.4  0.009900-99.9-99.9-99.9-99.9 3.6 34-9.9-99-99.9 -99-99.9 8.0-9.9
5036619600530 24.8 13.7  0.009900-99.9-99.9-99.9-99.9 2.6 25-9.9-99-99.9 -99-99.9 6.8-9.9
5036619600531 24.4 17.8  0.009900-99.9-99.9-99.9-99.9 2.0 1921.2 92 18.4   1  0.8 6.1 1.2
5036619600601 24.0 16.5  0.009900-99.9-99.9-99.9-99.9 1.2 1121.2 90 18.4   4  3.2 5.2 1.1
5036619600602 24.1 13.0  0.319900-99.9-99.9-99.9-99.9 0.0  018.7 83 16.4   3  2.4 3.8 0.9
5036619600603 22.5 17.2  0.009900-99.9-99.9-99.9-99.9 0.0  019.2 88 16.9   4  3.2 3.8 1.1
5036619600604 24.6 14.9  0.009900  0.5-99.9-99.9-99.9-9.9 9918.2 78 16.0   7  5.6-9.9-9.9
5036619600605 25.4 12.8  0.009900-99.9-99.9-99.9-99.9 3.6 3417.2 82 15.1   4  3.2 7.8 1.4
5036619600606 25.6 12.6  0.009900-99.9-99.9-99.9-99.9 0.0  017.6 84 15.5   9  7.2 3.8 1.4
5036619600607 26.0 12.6  0.009900-99.9-99.9-99.9-99.9 6.1 5818.2 82 16.0  14 11.210.5 1.9
5036619600608 27.4 13.6  0.009900-99.9-99.9-99.9-99.9 5.8 5518.9 76 16.6   9  7.210.1 1.8
5036619600609 22.0 14.5  0.619900-99.9-99.9-99.9-99.9 0.0  013.9 82 11.9   7  5.6 3.8 1.6
5036619600610 14.6  9.6  2.319900-99.9-99.9-99.9-99.9 0.0  012.2 94  9.9   7  5.6 3.7 0.9
5036619600611 15.0  9.0  0.219900-99.9-99.9-99.9-99.9 0.0  011.1 78  8.5   2  1.6 3.7 0.9
5036619600612 12.7 10.2  0.219900-99.9-99.9-99.9-99.9 0.0  012.4 94 10.1   2  1.6 3.7 0.6
5036619600613 20.4 10.3  0.009900-99.9-99.9-99.9-99.9 2.4 2313.4 82 11.3   2  1.6 6.4 1.1
5036619600614 20.0  7.3  0.009900-99.9-99.9-99.9-99.9 1.3 1213.6 82 11.5   7  5.6 5.1 0.9
5036619600615 20.0 12.2  0.009900-99.9-99.9-99.9-99.9 1.7 1614.5 81 12.5   7  5.6 5.6 1.2
5036619600616 19.0 14.0  0.009900-99.9-99.9-99.9-99.9 0.9  915.4 87 13.4  11  8.8 4.7 1.3
5036619600617 17.2 10.1  0.009900-99.9-99.9-99.9-99.9 1.6 15 8.7 64  5.0   6  4.8 5.5 1.6
5036619600618 18.6  5.0  0.009900-99.9-99.9-99.9-99.9 5.7 55 9.1 59  5.6  12  9.6 9.9 1.6
5036619600619 19.5  4.1  0.009900-99.9-99.9-99.9-99.9 7.5 72 9.7 74  6.5   7  5.611.9 1.3
5036619600620 23.0  5.6  0.009900-99.9-99.9-99.9-99.9 2.6 2511.4 71  8.9   6  4.8 6.5 1.3
5036619600621 23.3  6.0  0.009900-99.9-99.9-99.9-99.9 4.5 4311.7 73  9.3   4  3.2 8.6 1.2
5036619600622 18.4  9.8  3.819900-99.9-99.9-99.9-99.9 0.0  013.4 81 11.3   4  3.2 3.7 0.9
5036619600623 15.0  7.0  1.819900-99.9-99.9-99.9-99.9 0.0  0 9.5 91  6.2   9  7.2 3.7 1.3
5036619600624 11.0  5.8  0.009900-99.9-99.9-99.9-99.9 0.5  5 9.1 87  5.6   9  7.2 4.3 0.9
5036619600625 10.8  2.0  0.009900-99.9-99.9-99.9-99.9 0.0  0 9.1 87  5.6   6  4.8 3.7 0.5
5036619600626 11.2  8.0  0.009900-99.9-99.9-99.9-99.9 0.0  0 9.0 78  5.4   6  4.8 3.7 1.0
5036619600627 10.4  6.8  0.009900-99.9-99.9-99.9-99.9 0.0  0 8.6 81  4.8   7  5.6 3.7 1.0
5036619600628 17.0  0.6  0.009900-99.9-99.9-99.9-99.9 6.3 60 7.8 76  3.4   6  4.810.6 1.1
5036619600629 18.6  1.9  0.009900-99.9-99.9-99.9-99.9 7.2 69 9.2 74  5.8   1  0.811.6 0.9
5036619600630 21.0  5.0  0.009900-99.9-99.9-99.9-99.9 2.9 2810.8 73  8.1   6  4.8 6.9 1.2
5036619600701 18.4  7.6  0.009900-99.9-99.9-99.9-99.9 0.0  014.4 87 12.4   6  4.8 3.8 0.6
5036619600702 21.6 13.1  0.009900-99.9-99.9-99.9-99.9 0.0  015.5 86 13.5   2  1.6 3.8 1.0
5036619600703 20.0  9.6  0.219900-99.9-99.9-99.9-99.9 0.0  016.2 93 14.2   4  3.2 3.8 0.7
5036619600704 16.6 11.2  3.519900-99.9-99.9-99.9-99.9 0.0  015.1 93 13.1   7  5.6 3.8 0.7
5036619600705 14.4  7.8  3.719900-99.9-99.9-99.9-99.9 0.0  011.0100  8.4  11  8.8 3.8 1.0
5036619600706  8.3  4.7  0.419900-99.9-99.9-99.9-99.9 0.0  0 7.9 85  3.6   4  3.2 3.8 0.8
5036619600707  9.3  1.6  0.009900-99.9-99.9-99.9-99.9 2.8 27 6.6 83  1.1   7  5.6 6.9 1.0
5036619600708 16.4 -2.2  0.009900-99.9-99.9-99.9-99.9 8.4 80 5.8 63 -0.7   1  0.813.2 0.9
5036619600709 19.0 -1.9  0.009900-99.9-99.9-99.9-99.9 7.9 75 6.4 64  0.6   4  3.212.6 1.1
5036619600710 19.4 -0.8  0.009900-99.9-99.9-99.9-99.9 6.4 61 7.0 66  1.9   6  4.811.0 1.3
5036619600711 19.2  1.1  0.009900-99.9-99.9-99.9-99.9 6.4 61-9.9-99-99.9 -99-99.911.0-9.9
5036619600712 24.1  5.1  0.009900-99.9-99.9-99.9-99.9 6.7 64-9.9-99-99.9 -99-99.911.4-9.9
5036619600713 21.9  7.3  0.009900-99.9-99.9-99.9-99.9 0.9  9-9.9-99-99.9 -99-99.9 4.9-9.9
5036619600714 18.0  8.8  2.319900-99.9-99.9-99.9-99.9 0.0  0-9.9-99-99.9 -99-99.9 3.9-9.9
5036619600715 16.2 10.2  0.919900-99.9-99.9-99.9-99.9 0.0  0-9.9-99-99.9 -99-99.9 3.9-9.9
5036619600716 17.3  8.7  0.009900-99.9-99.9-99.9-99.9 5.3 50-9.9-99-99.9 -99-99.910.0-9.9
5036619600717 25.6  4.6  0.009900-99.9-99.9-99.9-99.9 8.9 84-9.9-99-99.9 -99-99.914.1-9.9
5036619600718 20.6  3.6  0.009900-99.9-99.9-99.9-99.9 7.6 72-9.9-99-99.9 -99-99.912.7-9.9
5036619600719 17.4  7.6  0.009900-99.9-99.9-99.9-99.9 2.2 21-9.9-99-99.9 -99-99.9 6.5-9.9
5036619600720 19.6  3.1  0.009900-99.9-99.9-99.9-99.9 7.5 70-9.9-99-99.9 -99-99.912.7-9.9
5036619600721 16.9  7.6  0.009900-99.9-99.9-99.9-99.9 0.0  0-9.9-99-99.9 -99-99.9 4.1-9.9
5036619600722 19.0 11.1  0.009900-99.9-99.9-99.9-99.9 3.8 36-9.9-99-99.9 -99-99.9 8.5-9.9
5036619600723 20.5  3.8  0.009900-99.9-99.9-99.9-99.9 3.0 28-9.9-99-99.9 -99-99.9 7.6-9.9
5036619600724 14.4  3.8  0.009900-99.9-99.9-99.9-99.9 2.7 25-9.9-99-99.9 -99-99.9 7.3-9.9
5036619600725 21.4  8.8  0.419900-99.9-99.9-99.9-99.9 5.0 4713.2 74 11.1   7  5.610.0 1.5
5036619600726 16.4 13.0  1.419900-99.9-99.9-99.9-99.9 0.0  014.5 94 12.5   2  1.6 4.2 0.9
5036619600727 25.0  7.0  0.009900-99.9-99.9-99.9-99.9 8.7 8113.2 79 11.1   6  4.814.5 1.8
5036619600728 29.8  7.0  0.009900-99.9-99.9-99.9-99.9 9.1 8412.7 65 10.5   3  2.415.1 1.9
5036619600729 18.4  9.4  0.009900-99.9-99.9-99.9-99.9 0.9  8 9.3 63  5.9  22 17.6 5.3 2.9
5036619600730 15.8  8.7  0.009900-99.9-99.9-99.9-99.9 4.5 42 4.8 38 -3.3   9  7.2 9.7 2.5
5036619600731 15.4  6.1  0.009900-99.9-99.9-99.9-99.9 3.8 35 7.3 63  2.5   6  4.8 8.9 1.6
5036619600801 12.5  6.0  0.009900-99.9-99.9-99.9-99.9 0.0  0 7.1 67  2.1   6  4.8 4.3 1.4
5036619600802 17.5 -1.5  0.009900-99.9-99.9-99.9-99.9 7.3 67 6.4 59  0.6   7  5.613.3 1.6
5036619600803 22.1  2.4  0.009900-99.9-99.9-99.9-99.9 8.3 76 7.3 53  2.5  11  8.814.6 2.3
5036619600804 22.4  3.3  0.009900-99.9-99.9-99.9-99.9 8.5 78 7.9 58  3.6   9  7.214.9 2.2
5036619600805 19.8  4.5  0.009900-99.9-99.9-99.9-99.9 4.3 39 8.8 64  5.1   6  4.8 9.8 1.7
5036619600806 22.4  7.1  0.009900-99.9-99.9-99.9-99.9 6.6 6010.6 70  7.8   7  5.612.7 2.0
5036619600807 27.7  7.5  0.009900-99.9-99.9-99.9-99.9 8.2 7511.0 60  8.4  14 11.214.7 3.1
5036619600808 28.0  9.2  0.009900-99.9-99.9-99.9-99.9 7.7 7012.8 63 10.6   4  3.214.2 2.2
5036619600809 29.4 10.9  0.009900-99.9-99.9-99.9-99.9 7.6 6913.4 59 11.3   7  5.614.2 2.7
5036619600810 20.6 16.0  0.009900-99.9-99.9-99.9-99.9 0.0  017.8 93 15.7   1  0.8 4.6 1.1
5036619600811 21.6 12.7  0.009900-99.9-99.9-99.9-99.9 0.7  616.7 88 14.7   6  4.8 5.5 1.3
5036619600812 28.0 11.9  0.009900-99.9-99.9-99.9-99.9 2.8 2514.6 66 12.6  17 13.6 8.2 3.1
5036619600813 19.6 11.8  0.009900-99.9-99.9-99.9-99.9 0.0  0 6.0 40 -0.2   4  3.2 4.7 2.3
5036619600814 22.4  2.7  0.009900-99.9-99.9-99.9-99.9 8.4 75 7.1 51  2.1   7  5.615.6 2.3
5036619600815 23.2  4.0  0.009900-99.9-99.9-99.9-99.9 8.7 78 7.6 50  3.0   7  5.616.1 2.4
5036619600816 23.1  4.0  0.009900-99.9-99.9-99.9-99.9 7.2 64 7.9 52  3.6  14 11.214.2 3.0
5036619600817 19.2 12.5  0.009900-99.9-99.9-99.9-99.9 2.6 23 5.1 30 -2.5   9  7.2 8.2 3.1
5036619600818 24.4  3.6  0.009900-99.9-99.9-99.9-99.9 8.3 74 6.2 38  0.2  11  8.815.8 3.1
5036619600819 27.2  5.7  0.009900-99.9-99.9-99.9-99.9 7.9 70 7.0 40  1.9   7  5.615.4 2.8
5036619600820 28.4  6.1  0.009900-99.9-99.9-99.9-99.9 8.4 75 7.3 39  2.5   4  3.216.1 2.5
5036619600821 25.0  8.7  0.009900-99.9-99.9-99.9-99.9 6.6 58 8.1 48  3.9   7  5.613.8 2.8
5036619600822 26.5  6.1  0.009900-99.9-99.9-99.9-99.9 9.2 81 9.5 49  6.2   9  7.217.4 3.0
5036619600823 27.6  8.8  0.619900-99.9-99.9-99.9-99.9 7.6 6712.5 64 10.3  13 10.415.3 3.2
5036619600824 23.0 13.8  0.009900-99.9-99.9-99.9-99.9 6.3 5512.9 67 10.7   9  7.213.6 2.8
5036619600825 27.2  8.0  0.009900-99.9-99.9-99.9-99.9 9.3 8212.6 62 10.4   1  0.817.8 2.4
5036619600826 17.8 13.0  0.009900-99.9-99.9-99.9-99.9 0.0  013.2 81 11.1   6  4.8 5.1 1.5
5036619600827 24.5 10.5  0.009900-99.9-99.9-99.9-99.9 6.5 5714.0 73 12.0   6  4.814.1 2.4
5036619600828 32.2  9.6  0.009900-99.9-99.9-99.9-99.9 8.5 7414.5 63 12.5   6  4.817.0 3.1
5036619600829 26.6 16.3  0.009900-99.9-99.9-99.9-99.9 7.3 6411.9 52  9.5  12  9.615.4 4.0
5036619600830 20.8  6.9  0.009900-99.9-99.9-99.9-99.9 8.5 74 7.8 49  3.4  15 12.017.2 3.5
5036619600831 17.1  5.2  0.009900-99.9-99.9-99.9-99.9 0.0  0 7.1 51  2.1   7  5.6 5.3 2.0
5036619600901 15.5  9.0  0.009900-99.9-99.9-99.9-99.9 3.2 28 7.6 59  3.0   4  3.2 9.9 2.0
5036619600902 22.6  2.0  0.009900-99.9-99.9-99.9-99.910.2 88 7.8 53  3.4   7  5.619.9 2.7
5036619600903 26.2  8.5  0.009900-99.9-99.9-99.9-99.9 9.0 77 8.0 41  3.8   9  7.218.3 3.5
5036619600904 27.2  7.1  0.009900-99.9-99.9-99.9-99.9 9.7 83 9.4 47  6.1   6  4.819.4 3.2
5036619600905 30.6  9.0  0.009900-99.9-99.9-99.9-99.9 6.8 5811.0 45  8.4   2  1.615.3 2.7
5036619600906 34.8 14.0  0.009900-99.9-99.9-99.9-99.9 8.2 7014.2 45 12.2   2  1.617.4 3.3
5036619600907 26.3 17.4  0.009900-99.9-99.9-99.9-99.9 6.2 53 9.0 37  5.4   7  5.614.6 3.7
5036619600908 24.4  9.4  0.009900-99.9-99.9-99.9-99.9 6.2 53 6.8 37  1.5  17 13.614.7 4.6
5036619600909 26.7  6.6  0.009900-99.9-99.9-99.9-99.9 5.7 48 8.4 44  4.5   6  4.814.0 3.0
5036619600910 30.1  9.6  0.009900-99.9-99.9-99.9-99.9 4.3 3610.8 48  8.1   7  5.612.0 3.2
5036619600911 26.2 10.6  0.009900-99.9-99.9-99.9-99.9 4.2 3610.2 45  7.3  14 11.211.9 3.8
5036619600912 19.6 14.5  0.009900-99.9-99.9-99.9-99.9 0.0  010.9 61  8.2   6  4.8 5.8 2.2
5036619600913 22.0 12.5  0.009900-99.9-99.9-99.9-99.9 4.1 35 9.2 52  5.8  16 12.811.9 4.0
5036619600914 22.8  7.6  0.009900-99.9-99.9-99.9-99.9 2.8 24 9.5 57  6.2   4  3.210.0 2.3
5036619600915 26.0  6.2  0.009900-99.9-99.9-99.9-99.9 5.6 4710.7 55  8.0   2  1.614.3 2.4
5036619600916 23.6 10.4  0.009900-99.9-99.9-99.9-99.9 1.6 1313.9 67 11.9  16 12.8 8.3 2.6
5036619600917 24.6 11.6  0.009900-99.9-99.9-99.9-99.9 6.6 5512.9 62 10.7   4  3.216.0 2.9
5036619600918 28.2  8.8  0.009900-99.9-99.9-99.9-99.9 4.4 3712.0 52  9.7  11  8.812.7 3.4
5036619600919 30.2 10.5  0.009900-99.9-99.9-99.9-99.9 5.5 4613.2 52 11.1   7  5.614.4 3.4
5036619600920 31.0 13.5  0.009900-99.9-99.9-99.9-99.9 5.0 4115.6 55 13.6   6  4.813.7 3.3
5036619600921 31.5 17.0  0.009900-99.9-99.9-99.9-99.9 4.1 3421.0 62 18.3  14 11.212.4 3.7
5036619600922 26.0 17.9  0.519900-99.9-99.9-99.9-99.9 0.0  021.8 96 18.9   7  5.6 6.1 1.8
5036619600923 25.4 15.0  0.009900-99.9-99.9-99.9-99.9 2.8 2319.0 83 16.7  14 11.210.5 2.7
5036619600924 17.6 11.1  0.009900-99.9-99.9-99.9-99.9 0.0  0 8.9 54  5.3  11  8.8 6.2 2.6
5036619600925 23.2  3.6  0.009900-99.9-99.9-99.9-99.9 5.5 45 7.7 45  3.2   4  3.214.8 2.7
5036619600926 27.1  5.4  0.009900-99.9-99.9-99.9-99.9 5.4 44 8.8 41  5.1   1  0.814.7 2.6
5036619600927 27.5  7.0  0.009900-99.9-99.9-99.9-99.9 5.2 42 9.9 44  6.8   6  4.814.5 3.2
5036619600928 29.7  9.4  0.009900-99.9-99.9-99.9-99.9 4.7 3811.8 44  9.4   8  6.413.8 3.5
5036619600929 31.6 10.4  0.009900-99.9-99.9-99.9-99.9 5.8 4713.1 47 11.0   4  3.215.6 3.4
5036619600930 34.2 13.5  0.009900-99.9-99.9-99.9-99.9 5.7 4616.3 47 14.3   1  0.815.5 3.3
5036619601001 33.6 15.8  1.019900-99.9-99.9-99.9-99.9 5.2 4219.0 71 16.7  28 22.414.7 5.8
5036619601002 21.1 15.4  0.009900-99.9-99.9-99.9-99.9 0.0  017.2 82 15.1   4  3.2 6.5 1.7
5036619601003 28.8 15.7  0.009900-99.9-99.9-99.9-99.9 0.3  220.1 73 17.6  11  8.8 7.0 2.5
5036619601004 30.0 19.1  0.009900-99.9-99.9-99.9-99.9 0.0  021.2 66 18.4   9  7.2 6.5 2.7
5036619601005 32.8 20.9  0.009900-99.9-99.9-99.9-99.9 7.0 5622.3 59 19.2   8  6.417.9 4.6
5036619601006 28.0 16.4  2.119900-99.9-99.9-99.9-99.9 4.3 3418.0 65 15.8  34 27.213.6 5.4
5036619601007 23.2 16.0 24.519900-99.9-99.9-99.9-99.9 0.0  019.3-99 16.9  11  8.8 6.6 1.9
5036619601008 24.4 12.8  0.009900-99.9-99.9-99.9-99.9 6.5 5216.2 80 14.2   0  0.017.3 2.9
5036619601009 26.6 13.4  0.009900-99.9-99.9-99.9-99.9 6.9 5517.0 73 15.0   6  4.818.0 3.5
5036619601010 32.0 13.0  0.009900-99.9-99.9-99.9-99.910.0 7918.6 63 16.4   3  2.423.1 4.3
5036619601011 27.5 17.4  0.219900-99.9-99.9-99.9-99.9 6.3 5016.9 59 14.9  19 15.217.1 5.0
5036619601012 24.1 13.8  0.009900-99.9-99.9-99.9-99.9 5.5 4414.4 67 12.4  11  8.815.9 3.7
5036619601013 26.2 14.8  1.519900-99.9-99.9-99.9-99.9 4.3 3416.9 70 14.9  10  8.013.9 3.4
5036619601014 23.0 15.5  0.009900-99.9-99.9-99.9-99.9 1.8 1416.1 74 14.1  12  9.6 9.8 2.9
5036619601015 30.0 13.1  0.009900-99.9-99.9-99.9-99.910.9 8612.2 46  9.9   8  6.425.0 5.1
5036619601016 31.6 13.6  0.009900-99.9-99.9-99.9-99.910.2 8015.1 51 13.1   6  4.823.9 4.8
5036619601017 32.8 15.5  0.009900-99.9-99.9-99.9-99.910.4 8217.5 53 15.4   8  6.424.3 5.3
5036619601018 31.6 20.8  0.619900-99.9-99.9-99.9-99.9 4.4 3419.7 63 17.3  11  8.814.3 4.5
5036619601019 27.4 18.6  0.009900-99.9-99.9-99.9-99.9 4.6 3622.5 78 19.4   5  4.014.7 3.3
5036619601020 31.5 17.9  9.219910-99.9-99.9-99.9-99.9 6.0 4724.0 79 20.4   2  1.617.1 3.7
5036619601021 31.0 20.4 21.919900-99.9-99.9-99.9-99.9 5.6 4425.3 81 21.3   8  6.416.5 4.1
5036619601022 20.8 16.9  1.519900-99.9-99.9-99.9-99.9 0.0  020.4 95 17.8   1  0.8 7.1 1.5
5036619601023 24.0 17.9  7.619900-99.9-99.9-99.9-99.9 1.4 1121.2 84 18.4   3  2.4 9.5 2.2
5036619601024 22.0 15.6 15.119900-99.9-99.9-99.9-99.9 0.0  018.9 95 16.6  12  9.6 7.2 1.9
5036619601025 16.3 13.9 25.119900-99.9-99.9-99.9-99.9 0.0  016.1 98 14.1   6  4.8 7.2 1.5
5036619601026 17.0 11.9  1.019900-99.9-99.9-99.9-99.9 0.0  013.9 85 11.9   3  2.4 7.2 1.6
5036619601027 19.3 13.2  0.719900-99.9-99.9-99.9-99.9 0.2  214.4 81 12.4   0  0.0 7.6 1.7
5036619601028 19.5 13.4  0.009900-99.9-99.9-99.9-99.9 0.8  615.0 87 13.0   3  2.4 8.6 1.9
5036619601029 18.6 14.7  0.009900-99.9-99.9-99.9-99.9 0.4  315.7 84 13.7  10  8.0 8.0 2.0
5036619601030 26.5 12.9  0.009900-99.9-99.9-99.9-99.9 8.6 6615.3 59 13.3  13 10.422.0 4.8
5036619601031 27.5 11.8  0.009900-99.9-99.9-99.9-99.910.3 7917.0 64 15.0   4  3.225.0 4.4
5036619601101 29.0 16.0  0.009900-99.9-99.9-99.9-99.9 9.8 7519.8 68 17.3   9  7.224.1 5.0
5036619601102 31.3 18.1  1.419900-99.9-99.9-99.9-99.9 6.8 52-9.9-99-99.9 -99-99.919.0-9.9
5036619601103 25.4 18.2  5.719900-99.9-99.9-99.9-99.9 0.6  5-9.9-99-99.9 -99-99.9 8.4-9.9
5036619601104 28.1 17.7  0.219900-99.9-99.9-99.9-99.9 7.3 55-9.9-99-99.9 -99-99.920.0-9.9
5036619601105 27.8 18.6  0.009900-99.9-99.9-99.9-99.9 4.8 36-9.9-99-99.9 -99-99.915.7-9.9
5036619601106 30.4 15.8  6.019900-99.9-99.9-99.9-99.9 8.2 62-9.9-99-99.9 -99-99.921.6-9.9
5036619601107 28.2 17.5  4.019900-99.9-99.9-99.9-99.9 4.8 36-9.9-99-99.9 -99-99.915.8-9.9
5036619601108 27.6 20.5 35.119900-99.9-99.9-99.9-99.9 1.4 11-9.9-99-99.9 -99-99.9 9.9-9.9
5036619601109 27.0 17.8  0.419900-99.9-99.9-99.9-99.9 2.1 16-9.9-99-99.9 -99-99.911.2-9.9
5036619601110 29.6 19.1  0.009900-99.9-99.9-99.9-99.9 7.4 56-9.9-99-99.9 -99-99.920.4-9.9
5036619601111 31.5 21.6  0.009900-99.9-99.9-99.9-99.9 8.3 62-9.9-99-99.9 -99-99.922.0-9.9
5036619601112 30.6 19.8 45.519900-99.9-99.9-99.9-99.9 5.6 42-9.9-99-99.9 -99-99.917.3-9.9
5036619601113 30.6 19.6 54.719900-99.9-99.9-99.9-99.9 9.8 73-9.9-99-99.9 -99-99.924.6-9.9
5036619601114 27.2 10.8  0.009900-99.9-99.9-99.9-99.9 2.8 21-9.9-99-99.9 -99-99.912.5-9.9
5036619601115 23.6  8.9  0.009900-99.9-99.9-99.9-99.910.4 77-9.9-99-99.9 -99-99.925.7-9.9
5036619601116 27.5 10.6  0.009900-99.9-99.9-99.9-99.9 9.7 72-9.9-99-99.9 -99-99.924.5-9.9
5036619601117 29.0 13.7  0.009900-99.9-99.9-99.9-99.9 7.6 56-9.9-99-99.9 -99-99.920.9-9.9
5036619601118 29.0 13.5  0.009900-99.9-99.9-99.9-99.910.8 80-9.9-99-99.9 -99-99.926.5-9.9
5036619601119 24.4 15.2  0.719900-99.9-99.9-99.9-99.9 0.0  0-9.9-99-99.9 -99-99.9 7.7-9.9
5036619601120 25.1 13.6  0.009900-99.9-99.9-99.9-99.9 7.6 56-9.9-99-99.9 -99-99.921.0-9.9
5036619601121 31.1 13.0  0.009900-99.9-99.9-99.9-99.9 9.8 72-9.9-99-99.9 -99-99.924.9-9.9
5036619601122 33.8 16.7  0.009900-99.9-99.9-99.9-99.9 9.4 69-9.9-99-99.9 -99-99.924.2-9.9
5036619601123 36.2 21.0  0.009900-99.9-99.9-99.9-99.911.3 83-9.9-99-99.9 -99-99.927.5-9.9
5036619601124 32.5 19.0 19.419900-99.9-99.9-99.9-99.9 4.9 36-9.9-99-99.9 -99-99.916.4-9.9
5036619601125 25.0 18.2  0.009900-99.9-99.9-99.9-99.9 0.6  4-9.9-99-99.9 -99-99.9 8.8-9.9
5036619601126 29.5 20.0  0.009900-99.9-99.9-99.9-99.9 8.2 60-9.9-99-99.9 -99-99.922.2-9.9
5036619601127 33.8 18.8  0.009900-99.9-99.9-99.9-99.9 9.5 70-9.9-99-99.9 -99-99.924.5-9.9
5036619601128 37.0 20.3  0.009900-99.9-99.9-99.9-99.910.8 79-9.9-99-99.9 -99-99.926.8-9.9
5036619601129 32.2 21.6  0.009900-99.9-99.9-99.9-99.9 9.0 66-9.9-99-99.9 -99-99.923.6-9.9
5036619601130 32.1 19.0  0.009900-99.9-99.9-99.9-99.9 9.7 71-9.9-99-99.9 -99-99.924.9-9.9
5036619601201 33.5 20.0  0.009900-99.9-99.9-99.9-99.9 8.3 61-9.9-99-99.9 -99-99.922.4-9.9
5036619601202 33.5 22.6  0.009900-99.9-99.9-99.9-99.9 9.5 6920.8 50 18.1   7  5.624.5 6.2
5036619601203 36.6 22.3  0.009900-99.9-99.9-99.9-99.9 9.2 6717.9 41 15.8   9  7.224.0 6.7
5036619601204 31.7 23.8  4.419900-99.9-99.9-99.9-99.9 1.7 1219.7 63 17.3   9  7.210.9 4.3
5036619601205 31.0 19.5  0.009900-99.9-99.9-99.9-99.9 5.3 3921.3 64 18.5   6  4.817.2 4.4
5036619601206 32.4 19.2  0.009900-99.9-99.9-99.9-99.9 9.8 7120.5 57 17.9   6  4.825.1 5.8
5036619601207 35.5 19.2  0.009900-99.9-99.9-99.9-99.9 9.8 7124.2 60 20.6   5  4.025.1 5.9
5036619601208 36.7 22.4  0.009900-99.9-99.9-99.9-99.9 6.2 4523.2 56 19.9  11  8.818.8 5.9
5036619601209 32.6 24.5  9.819900-99.9-99.9-99.9-99.9 1.2  921.2 55 18.4  16 12.810.0 5.0
5036619601210 27.4 19.8  2.919900-99.9-99.9-99.9-99.9 2.0 1525.3 90 21.3  16 12.811.4 3.1
5036619601211 27.8 18.9  0.009900-99.9-99.9-99.9-99.9 2.1 1526.1 88 21.8   1  0.811.6 2.6
5036619601212 33.2 22.9  0.009900-99.9-99.9-99.9-99.9 6.4 4629.3 79 23.7   1  0.819.2 4.6
5036619601213 31.0 20.6 29.219900-99.9-99.9-99.9-99.9 2.1 1526.5 88 22.0   5  4.011.6 3.1
5036619601214 30.4 19.0 33.719900-99.9-99.9-99.9-99.9 7.5 5427.4 77 22.6   8  6.421.2 4.6
5036619601215 26.5 17.3  2.319900-99.9-99.9-99.9-99.9 4.3 3121.5 84 18.7  12  9.615.5 3.7
5036619601216 30.3 19.9  0.009900-99.9-99.9-99.9-99.9 6.3 4626.4 82 22.0   6  4.819.0 4.3
5036619601217 29.4 19.3  0.009900-99.9-99.9-99.9-99.9 8.4 6120.4 65 17.8   9  7.222.8 5.4
5036619601218 31.6 18.1 59.519900-99.9-99.9-99.9-99.9 5.7 4124.6 69 20.8   8  6.418.0 4.3
5036619601219 26.3 15.3  0.009900-99.9-99.9-99.9-99.9 3.8 2817.4 70 15.3   4  3.214.7 3.3
5036619601220 29.4 16.1  0.009900-99.9-99.9-99.9-99.910.5 7619.9 67 17.4  13 10.426.5 5.9
5036619601221 30.6 18.1  0.009900-99.9-99.9-99.9-99.9 6.4 4621.1 67 18.4   0  0.019.2 4.1
5036619601222 33.2 19.4  1.619900-99.9-99.9-99.9-99.9 7.5 5421.3 56 18.5   3  2.421.2 4.9
5036619601223 30.8 18.2  0.009900-99.9-99.9-99.9-99.9 8.8 6420.0 58 17.5  14 11.223.5 6.0
5036619601224 34.4 19.1  0.319900-99.9-99.9-99.9-99.9 8.3 6026.8 65 22.2   7  5.622.6 5.4
5036619601225 29.2 18.8  0.009900-99.9-99.9-99.9-99.9 0.0  020.8 79 18.1   6  4.8 8.0 2.7
5036619601226 30.8 20.4  0.009900-99.9-99.9-99.9-99.9 5.9 4324.9 77 21.0   2  1.618.4 4.2
5036619601227 32.2 20.2  7.619900-99.9-99.9-99.9-99.9 5.3 3827.0 71 22.4   3  2.417.3 4.1
5036619601228 30.1 21.9  0.009900-99.9-99.9-99.9-99.9 5.1 3725.5 74 21.4  16 12.816.9 4.8
5036619601229 31.1 21.4 15.919900-99.9-99.9-99.9-99.9 6.1 4425.2 77 21.2  11  8.818.7 4.9
5036619601230 30.1 20.8  0.119900-99.9-99.9-99.9-99.9 5.0 3627.8 88 22.8   4  3.216.8 3.8
5036619601231 31.7 20.4 42.419900-99.9-99.9-99.9-99.9 7.0 5125.4 73 21.4   3  2.420.3 4.6
5036619610101 29.2 18.2  0.009900-99.9-99.9-99.9-99.9 5.9 4325.5 85 21.4   6  4.818.3 4.0
5036619610102 26.5 20.5  0.009900-99.9-99.9-99.9-99.9 0.6  426.8 86 22.2   8  6.4 9.0 2.2
5036619610103 30.2 17.0  2.119900-99.9-99.9-99.9-99.9 3.8 2822.4 88 19.3  17 13.614.6 4.2
5036619610104 21.3 16.7  1.119900-99.9-99.9-99.9-99.9 0.0  020.5 97 17.9   6  4.8 7.9 1.8
5036619610105 28.6 17.6 15.519900-99.9-99.9-99.9-99.9 4.8 3522.7 86 19.5   8  6.416.4 3.8
5036619610106 30.4 16.2  0.009900-99.9-99.9-99.9-99.9 8.1 5918.0 58 15.8   8  6.422.2 5.1
5036619610107 31.9 17.2  0.009900-99.9-99.9-99.9-99.910.2 7420.4 60 17.8  11  8.825.9 6.1
5036619610108 32.6 19.4  0.009900-99.9-99.9-99.9-99.9 7.6 5624.0 66 20.4   2  1.621.3 4.8
5036619610109 33.0 22.5  0.009900-99.9-99.9-99.9-99.9 3.3 2426.4 65 22.0   9  7.213.7 4.2
5036619610110 28.6 18.0  0.009900-99.9-99.9-99.9-99.9 0.0  011.9 49  9.5   6  4.8 7.9 3.5
5036619610111 30.0 15.4  0.009900-99.9-99.9-99.9-99.9 6.3 4617.5 55 15.4   5  4.019.0 4.3
5036619610112 33.3 20.8  0.009900-99.9-99.9-99.9-99.9 5.2 3826.3 67 21.9   4  3.217.0 4.3
5036619610113 37.4 23.7  0.009900-99.9-99.9-99.9-99.911.5 8430.5 61 24.4   5  4.028.1 7.0
5036619610114 35.5 26.5  0.009900-99.9-99.9-99.9-99.9 6.2 4629.9 63 24.0   2  1.618.8 5.0
5036619610115 35.3 24.4  0.009900-99.9-99.9-99.9-99.9 1.9 1430.2 69 24.2   3  2.411.2 3.4
5036619610116 33.9 23.4  0.009900-99.9-99.9-99.9-99.9 5.1 3830.6 79 24.4   5  4.016.8 4.4
5036619610117 33.4 19.2 47.019900-99.9-99.9-99.9-99.9 1.0  725.1 88 21.2   5  4.0 9.6 2.9
5036619610118 28.0 18.1  0.009900-99.9-99.9-99.9-99.9 5.3 3920.6 74 18.0   9  7.217.1 4.2
5036619610119 32.0 20.1  0.009900-99.9-99.9-99.9-99.9 8.7 6426.7 73 22.2   6  4.823.1 5.2
5036619610120 35.4 23.7 20.719900-99.9-99.9-99.9-99.9 4.1 3031.5 73 24.9   4  3.215.0 4.1
5036619610121 30.4 22.0  4.519900-99.9-99.9-99.9-99.9 0.0  026.4 98 22.0   8  6.4 7.8 2.7
5036619610122 30.0 21.2  0.009900-99.9-99.9-99.9-99.9 4.6 3426.7 83 22.2   3  2.415.8 3.7
5036619610123 31.9 20.2  0.009900-99.9-99.9-99.9-99.9 6.6 4927.4 76 22.6   1  0.819.3 4.3
5036619610124 34.0 22.7  5.519900-99.9-99.9-99.9-99.9 9.1 6828.2 74 23.1   2  1.623.7 5.5
5036619610125 26.3 17.0  6.119900-99.9-99.9-99.9-99.9 0.0  022.0 98 19.0   7  5.6 7.7 2.1
5036619610126 23.4 14.8  0.009900-99.9-99.9-99.9-99.9 0.1  118.7 82 16.4   3  2.4 7.9 1.9
5036619610127 28.1 14.9  0.009900-99.9-99.9-99.9-99.911.2 8419.7 70 17.3   6  4.827.3 5.2
5036619610128 32.1 16.4  0.009900-99.9-99.9-99.9-99.911.4 8521.6 69 18.7   3  2.427.6 5.5
5036619610129 32.8 19.5  0.009900-99.9-99.9-99.9-99.9 9.0 6724.7 68 20.9   3  2.423.4 5.1
5036619610130 34.6 20.1  0.009900-99.9-99.9-99.9-99.911.2 8424.2 61 20.6   1  0.827.2 5.8
5036619610131 34.7 24.5  0.009900-99.9-99.9-99.9-99.9 9.7 7325.5 58 21.4   5  4.024.5 6.1
5036619610201 32.5 25.3 53.319900-99.9-99.9-99.9-99.9 6.8 5126.0 66 21.7   8  6.419.4 5.3
5036619610202 26.0 19.5  2.519900-99.9-99.9-99.9-99.9 2.2 1723.7 90 20.2   8  6.411.4 2.8
5036619610203 27.6 19.5 53.419900-99.9-99.9-99.9-99.9 2.7 2026.2 90 21.9   3  2.412.2 2.7
5036619610204 28.5 19.3  1.319900-99.9-99.9-99.9-99.9 2.7 2022.3 85 19.2  19 15.212.2 4.0
5036619610205 27.4 20.3  0.819900-99.9-99.9-99.9-99.9 4.1 3123.1 81 19.8  10  8.014.6 3.7
5036619610206 31.0 19.2  0.009900-99.9-99.9-99.9-99.9 9.2 7024.4 73 20.7   4  3.223.4 5.0
5036619610207 29.1 19.7 92.719900-99.9-99.9-99.9-99.9 4.3 3325.1 89 21.2   6  4.814.9 3.5
5036619610208 25.6 19.5  4.919900-99.9-99.9-99.9-99.9 0.3  224.2 97 20.6   1  0.8 8.0 1.9
5036619610209 29.4 18.2  2.219900-99.9-99.9-99.9-99.9 6.6 5026.7 87 22.2   3  2.418.8 3.8
5036619610210 31.0 20.4 20.119900-99.9-99.9-99.9-99.9 6.3 4828.3 88 23.1   6  4.818.3 4.1
5036619610211 30.2 21.2  0.009900-99.9-99.9-99.9-99.9 6.6 5126.2 78 21.9   3  2.418.7 4.2
5036619610212 33.0 20.3  0.009900-99.9-99.9-99.9-99.910.0 7725.9 69 21.7   7  5.624.6 5.6
5036619610213 31.0 23.4  0.719900-99.9-99.9-99.9-99.9 3.3 2524.8 77 21.0   3  2.413.0 3.5
5036619610214 26.0 20.6  3.519900-99.9-99.9-99.9-99.9 0.0  024.2 85 20.6  11  8.8 7.3 2.2
5036619610215 22.8 19.3  0.719900-99.9-99.9-99.9-99.9 0.0  023.2 95 19.9   1  0.8 7.3 1.6
5036619610216 28.5 20.3  0.119900-99.9-99.9-99.9-99.9 4.4 3426.3 88 21.9   5  4.014.8 3.3
5036619610217 33.1 21.0  0.009900-99.9-99.9-99.9-99.9 7.1 5528.7 76 23.4   3  2.419.3 4.4
5036619610218 27.1 18.6  8.619900-99.9-99.9-99.9-99.9 0.0  023.7 87 20.2   6  4.8 7.2 2.0
5036619610219 29.5 16.8  0.119900-99.9-99.9-99.9-99.9 8.4 6522.7 76 19.5   2  1.621.4 4.2
5036619610220 31.1 20.4  0.009900-99.9-99.9-99.9-99.9 7.4 5823.7 74 20.2   2  1.619.7 4.3
5036619610221 34.3 20.4  0.009900-99.9-99.9-99.9-99.910.5 8227.6 71 22.7   8  6.424.9 5.8
5036619610222 32.3 19.0 46.119900-99.9-99.9-99.9-99.9 5.8 4523.7 87 20.2  15 12.016.9 4.7
5036619610223 24.0 17.9  0.519900-99.9-99.9-99.9-99.9 0.6  521.9 93 19.0   4  3.2 8.1 1.9
5036619610224 29.0 19.3  0.009900-99.9-99.9-99.9-99.9 7.6 6024.4 86 20.7   8  6.419.8 4.3
5036619610225 30.1 20.1  1.019900-99.9-99.9-99.9-99.9 7.6 6027.3 81 22.5   6  4.819.7 4.2
5036619610226 26.6 16.2 16.219900-99.9-99.9-99.9-99.9 0.0  016.9 88 14.9   6  4.8 7.0 2.5
5036619610227 18.5 14.4  9.019900-99.9-99.9-99.9-99.9 0.0  017.7 94 15.6   6  4.8 6.9 1.4
5036619610228 20.5 15.4  1.019900-99.9-99.9-99.9-99.9 0.0  019.6 94 17.2   1  0.8 6.9 1.4
5036619610301 26.6 17.7  0.009900-99.9-99.9-99.9-99.9 1.8 1423.0 85 19.7   0  0.0 9.9 2.1
5036619610302 32.3 17.6  0.009900-99.9-99.9-99.9-99.9 8.7 6925.8 77 21.6   0  0.021.3 4.2
5036619610303 32.3 20.7  0.009900-99.9-99.9-99.9-99.9 6.8 5428.5 77 23.2   3  2.418.0 4.0
5036619610304 28.1 21.4 15.319900-99.9-99.9-99.9-99.9 0.5  424.4 86 20.7   4  3.2 7.6 2.2
5036619610305 21.8 15.8 52.219900-99.9-99.9-99.9-99.9 0.0  021.4 99 18.6  11  8.8 6.7 1.4
5036619610306 16.8 13.2  3.219900-99.9-99.9-99.9-99.9 0.0  016.4 97 14.4  11  8.8 6.7 1.3
5036619610307 23.3 14.1  0.119900-99.9-99.9-99.9-99.9 2.6 2119.4 89 17.0   1  0.810.9 2.0
5036619610308 28.4 17.5  0.009900-99.9-99.9-99.9-99.9 8.3 6721.7 78 18.8   3  2.420.2 3.9
5036619610309 28.1 19.5  0.009900-99.9-99.9-99.9-99.9 3.5 2824.2 80 20.6   0  0.012.3 2.6
5036619610310 31.6 19.2  0.009900-99.9-99.9-99.9-99.9 8.3 6726.3 77 21.9   3  2.420.0 4.2
5036619610311 30.5 20.6 18.919900-99.9-99.9-99.9-99.9 5.9 4825.4 84 21.4   6  4.816.1 3.7
5036619610312 23.6 18.0  3.519900-99.9-99.9-99.9-99.9 0.0  023.5 90 20.1   3  2.4 6.5 1.4
5036619610313 28.1 16.2  0.009900-99.9-99.9-99.9-99.9 6.7 5521.7 78 18.8   3  2.417.2 3.3
5036619610314 31.1 18.5  0.009900-99.9-99.9-99.9-99.9 8.4 6925.1 78 21.2   6  4.819.9 4.2
5036619610315 32.6 21.5  0.009900-99.9-99.9-99.9-99.9 6.3 5228.1 79 23.0   3  2.416.4 3.8
5036619610316 26.6 13.1 18.419900-99.9-99.9-99.9-99.9 0.0  019.8 98 17.3  14 11.2 6.3 1.9
5036619610317 23.0 10.8  0.009900-99.9-99.9-99.9-99.9 7.6 6212.7 66 10.5   6  4.818.3 3.2
5036619610318 24.6  9.8  0.009900-99.9-99.9-99.9-99.9 8.5 7014.5 68 12.5   2  1.619.7 3.0
5036619610319 26.6 10.8  0.009900-99.9-99.9-99.9-99.9 8.0 6616.7 72 14.7   6  4.818.8 3.2
5036619610320 28.6 14.6  0.009900-99.9-99.9-99.9-99.9 8.3 6919.4 76 17.0   4  3.219.2 3.5
5036619610321 28.6 15.4  0.009900-99.9-99.9-99.9-99.9 6.9 5720.7 75 18.1   1  0.816.9 3.1
5036619610322 29.0 16.3  0.009900-99.9-99.9-99.9-99.9 0.2  223.4 78 20.0   1  0.8 6.4 1.6
5036619610323 32.3 19.3  0.819900-99.9-99.9-99.9-99.9 4.2 3524.5 73 20.8   6  4.812.6 3.2
5036619610324 31.6 20.4  0.009900-99.9-99.9-99.9-99.9 7.2 6025.8 81 21.6   9  7.217.1 4.0
5036619610325 28.9 18.7 13.619900-99.9-99.9-99.9-99.9 1.7 1424.1 87 20.5   3  2.4 8.6 2.1
5036619610326 24.4 18.6 76.219900-99.9-99.9-99.9-99.9 0.0  022.5100 19.4   9  7.2 6.0 1.7
5036619610327 19.8 16.1  2.019900-99.9-99.9-99.9-99.9 0.0  018.8 98 16.5   7  5.6 5.9 1.4
5036619610328 23.0 16.0  0.419900-99.9-99.9-99.9-99.9 0.9  821.2 91 18.4   3  2.4 7.3 1.5
5036619610329 27.5 17.2  0.009900-99.9-99.9-99.9-99.9 4.1 3523.5 85 20.1   3  2.412.0 2.4
5036619610330 30.1 19.1  0.009900-99.9-99.9-99.9-99.9 4.9 4125.8 85 21.6   1  0.813.2 2.7
5036619610331 31.5 19.7  0.009900-99.9-99.9-99.9-99.9 9.8 8328.2 81 23.1   3  2.420.4 4.0
5036619610401 26.3 18.4  4.719900-99.9-99.9-99.9-99.9 1.5 1321.5 87 18.7   7  5.6 8.0 2.1
5036619610402 25.0 18.4  0.619900-99.9-99.9-99.9-99.9 1.4 1221.9 88 19.0   1  0.8 7.8 1.7
5036619610403 28.2 17.0  0.009900-99.9-99.9-99.9-99.9 8.4 7222.2 80 19.2   5  4.018.1 3.3
5036619610404 26.0 17.8  0.009900-99.9-99.9-99.9-99.9 4.3 3721.6 86 18.7   6  4.811.9 2.5
5036619610405 28.0 16.8 12.119900-99.9-99.9-99.9-99.9 8.2 7021.8 78 18.9   3  2.417.6 3.1
5036619610406 23.4 16.0  3.819900-99.9-99.9-99.9-99.9 0.0  019.4 98 17.0   4  3.2 5.5 1.5
5036619610407 25.8 17.0  0.719900-99.9-99.9-99.9-99.9 2.0 1722.9 91 19.7   1  0.8 8.4 1.7
5036619610408 27.1 19.1 15.819900-99.9-99.9-99.9-99.9 3.1 2724.1 85 20.5   3  2.4 9.9 2.1
5036619610409 23.8 18.9  2.619900-99.9-99.9-99.9-99.9 0.0  022.4 98 19.3  11  8.8 5.4 1.6
5036619610410 23.9 18.7  0.219900-99.9-99.9-99.9-99.9 0.0  023.7 93 20.2   3  2.4 5.4 1.2
5036619610411 25.7 20.5  2.719900-99.9-99.9-99.9-99.9 0.4  324.6 91 20.8   4  3.2 5.9 1.5
5036619610412 20.8 17.3  2.819900-99.9-99.9-99.9-99.9 0.0  020.1 93 17.6   9  7.2 5.3 1.3
5036619610413 19.0 16.6  2.619900-99.9-99.9-99.9-99.9 0.0  019.6100 17.2   0  0.0 5.3 1.0
5036619610414 19.1 17.0  4.819900-99.9-99.9-99.9-99.9 0.0  020.3 99 17.7   5  4.0 5.2 1.0
5036619610415 20.7 16.3  2.319900-99.9-99.9-99.9-99.9 0.0  019.1 96 16.8   0  0.0 5.2 1.1
5036619610416 20.8 16.8  4.019900-99.9-99.9-99.9-99.9 0.0  020.7 96 18.1   1  0.8 5.2 1.0
5036619610417 26.3 17.9  5.519900-99.9-99.9-99.9-99.9 5.1 4522.8 88 19.6   0  0.012.2 2.1
5036619610418 26.1 18.6  6.119900-99.9-99.9-99.9-99.9 2.5 2222.4 88 19.3   1  0.8 8.5 1.8
5036619610419 23.1 18.5  3.519900-99.9-99.9-99.9-99.9 1.7 1521.8 93 18.9  11  8.8 7.4 1.7
5036619610420 20.3 16.6  0.619900-99.9-99.9-99.9-99.9 0.0  019.8 97 17.3   6  4.8 5.0 1.1
5036619610421 24.3 17.1  0.009900-99.9-99.9-99.9-99.9 2.5 2221.0 90 18.3   0  0.0 8.4 1.6
5036619610422 20.3 16.4  0.009900-99.9-99.9-99.9-99.9 0.0  017.6 84 15.5   0  0.0 4.9 1.2
5036619610423 22.3 16.6  0.009900-99.9-99.9-99.9-99.9 1.6 1419.2 85 16.9   1  0.8 7.1 1.4
5036619610424 19.7 13.3  0.009900-99.9-99.9-99.9-99.9 0.0  011.7 71  9.3   3  2.4 4.9 1.6
5036619610425 24.6 13.1  0.009900-99.9-99.9-99.9-99.9 8.9 8015.9 72 13.9   3  2.416.6 2.4
5036619610426 26.6 10.6  0.009900-99.9-99.9-99.9-99.9 8.6 7716.2 76 14.2   4  3.216.1 2.3
5036619610427 27.5 11.5  0.009900-99.9-99.9-99.9-99.9 9.2 8317.1 76 15.0   4  3.216.8 2.5
5036619610428 24.7 11.9  0.009900-99.9-99.9-99.9-99.9 8.8 7917.1 79 15.0   6  4.816.2 2.3
5036619610429 27.2 15.6  0.009900-99.9-99.9-99.9-99.9 4.5 4119.0 79 16.7   1  0.810.5 1.9
5036619610430 26.5 16.7  0.009900-99.9-99.9-99.9-99.9 6.4 5820.4 80 17.8   5  4.012.9 2.3
5036619610501 23.4 18.3  5.819900-99.9-99.9-99.9-99.9 1.1 1020.2 87 17.7   8  6.4 6.1 1.6
5036619610502 24.4 15.1  0.009900-99.9-99.9-99.9-99.9 8.5 7717.9 81 15.8   3  2.415.5 2.2
5036619610503 27.0 12.2  0.009900-99.9-99.9-99.9-99.9 9.1 8317.2 73 15.1   6  4.816.1 2.4
5036619610504 24.0 11.8  0.009900-99.9-99.9-99.9-99.9 7.3 6617.4 87 15.3   4  3.213.8 1.9
5036619610505 23.8 13.5  0.009900-99.9-99.9-99.9-99.9 4.1 3719.0 84 16.7   0  0.0 9.7 1.4
5036619610506 20.6 15.4  0.419900-99.9-99.9-99.9-99.9 1.1 1016.6 82 14.6   6  4.8 5.9 1.4
5036619610507 26.0 10.9  0.009900-99.9-99.9-99.9-99.9 9.2 8416.1 75 14.1   2  1.615.9 2.0
5036619610508 27.5 11.9  0.009900-99.9-99.9-99.9-99.9 9.4 8616.1 73 14.1   6  4.816.1 2.4
5036619610509 24.6 12.7  0.819900-99.9-99.9-99.9-99.9 9.5 8717.1 73 15.0  10  8.016.1 2.3
5036619610510 20.9 13.5  0.009900-99.9-99.9-99.9-99.9 0.5  514.2 78 12.2   1  0.8 5.0 1.3
5036619610511 19.8 14.4  0.009900-99.9-99.9-99.9-99.9 1.5 1415.9 86 13.9   0  0.0 6.2 1.1
5036619610512 23.0 10.8  0.009900-99.9-99.9-99.9-99.9 6.8 6315.8 84 13.8   1  0.812.6 1.5
5036619610513 23.3 14.8  0.009900-99.9-99.9-99.9-99.9 1.2 1118.7 84 16.4   1  0.8 5.7 1.1
5036619610514 25.2 16.1  0.009900-99.9-99.9-99.9-99.9 3.9 3619.7 84 17.3   5  4.0 8.9 1.7
5036619610515 22.2 14.1  0.009900-99.9-99.9-99.9-99.9 0.7  719.8 91 17.3   3  2.4 5.1 0.9
5036619610516 23.0 16.9  2.819900-99.9-99.9-99.9-99.9 1.8 1720.0 92 17.5   6  4.8 6.3 1.4
5036619610517 22.4 12.2  0.009900-99.9-99.9-99.9-99.9 9.0 8414.9 80 12.9   4  3.214.9 1.8
5036619610518 20.4  9.1  4.119900-99.9-99.9-99.9-99.9 4.0 3714.7 84 12.7   4  3.2 8.9 1.2
5036619610519 16.2 14.0  1.619900-99.9-99.9-99.9-99.9 0.0  015.9 97 13.9   7  5.6 4.1 0.9
5036619610520 17.8 13.3  0.009900-99.9-99.9-99.9-99.9 0.0  016.1 95 14.1   1  0.8 4.1 0.8
5036619610521 20.0 10.6  0.009900-99.9-99.9-99.9-99.9 1.2 1114.6 88 12.6   0  0.0 5.5 0.9
5036619610522 21.0 10.0  0.009900-99.9-99.9-99.9-99.9 8.8 8315.4 83 13.4   4  3.214.3 1.4
5036619610523 22.6 12.0  0.009900-99.9-99.9-99.9-99.9 3.0 2817.3 85 15.2   4  3.2 7.5 1.2
5036619610524 25.2 11.0  0.009900-99.9-99.9-99.9-99.9 8.6 8117.6 84 15.5   2  1.613.9 1.6
5036619610525 26.6 14.4  0.009900-99.9-99.9-99.9-99.9 8.9 8418.8 78 16.5  11  8.814.2 2.3
5036619610526 25.4 13.6  0.009900-99.9-99.9-99.9-99.9-9.9 9920.1 85 17.6   5  4.0-9.9-9.9
5036619610527 25.4 17.4  0.819900-99.9-99.9-99.9-99.9 4.2 4020.9 82 18.2   8  6.4 8.7 1.7
5036619610528 20.3 15.6  0.219900-99.9-99.9-99.9-99.9 0.0  017.9 95 15.8   0  0.0 3.9 0.9
5036619610529 20.2 15.5  0.009900-99.9-99.9-99.9-99.9 0.0  0-9.9-99-99.9 -99-99.9 3.9-9.9
5036619610530 22.5 12.3  0.009900-99.9-99.9-99.9-99.9 2.2 2119.1 93 16.8   0  0.0 6.4 0.9
5036619610531 24.6 15.6  0.009900-99.9-99.9-99.9-99.9 5.9 5619.6 87 17.2   4  3.210.5 1.5
5036619610601 17.8 13.2  0.009900-99.9-99.9-99.9-99.9 0.0  013.4 77 11.3   2  1.6 3.9 1.0
5036619610602 22.0 10.3  0.009900-99.9-99.9-99.9-99.9 4.4 4215.1 85 13.1   1  0.8 8.8 1.1
5036619610603 21.6 11.4  9.419900-99.9-99.9-99.9-99.9 0.5  517.0 91 15.0   1  0.8 4.4 0.8
5036619610604 16.8 10.4  2.619900-99.9-99.9-99.9-99.9-9.9 9913.7 90 11.6   8  6.4-9.9-9.9
5036619610605 14.5  8.4  0.009900-99.9-99.9-99.9-99.9 1.6 15 9.0 74  5.4   1  0.8 5.6 1.0
5036619610606 18.4  3.7  0.009900-99.9-99.9-99.9-99.9 8.5 8110.3 81  7.4   1  0.813.2 0.9
5036619610607 23.8  5.4  0.009900-99.9-99.9-99.9-99.9 8.0 7613.8 82 11.8   3  2.412.6 1.2
5036619610608 23.0  7.7  0.009900-99.9-99.9-99.9-99.9 6.8 6515.5 82 13.5   6  4.811.3 1.2
5036619610609 18.4  8.5  0.009900-99.9-99.9-99.9-99.9 0.0  0 8.2 69  4.1   2  1.6 3.8 1.4
5036619610610 10.1  6.9  0.009900-99.9-99.9-99.9-99.9 0.0  0 7.0 65  1.9   0  0.0 3.8 0.9
5036619610611  8.0  4.1  0.819900-99.9-99.9-99.9-99.9 0.0  0 5.9 69 -0.5   1  0.8 3.8 0.9
5036619610612  4.7  2.0  1.219900-99.9-99.9-99.9-99.9 0.0  0 6.7 86  1.3   0  0.0 3.7 0.5
5036619610613  8.3  2.1  0.009900-99.9-99.9-99.9-99.9 1.4 13 6.2 77  0.2   0  0.0 5.3 0.7
5036619610614 12.5 -2.2  0.009900-99.9-99.9-99.9-99.9 7.6 73 5.9 73 -0.5   0  0.012.0 0.7
5036619610615 14.5 -2.0  0.009900-99.9-99.9-99.9-99.9 8.6 82 5.8 60 -0.7   3  2.413.1 0.9
5036619610616 19.6 -0.6  0.009900-99.9-99.9-99.9-99.9 8.2 79 6.0 56 -0.2   6  4.812.7 1.3
5036619610617 17.5  2.3  0.009900-99.9-99.9-99.9-99.9 7.9 76 6.7 58  1.3   0  0.012.3 0.9
5036619610618 19.5  1.8  0.009900-99.9-99.9-99.9-99.9 7.8 75 8.0 68  3.8   1  0.812.2 0.9
5036619610619 19.5  2.0  0.009900-99.9-99.9-99.9-99.9 8.1 78 8.4 67  4.5   4  3.212.5 1.1
5036619610620 21.6  2.7  0.009900-99.9-99.9-99.9-99.9 8.3 80 9.5 71  6.2   2  1.612.7 1.0
5036619610621 21.6  4.8  0.009900-99.9-99.9-99.9-99.9 8.2 7910.0 70  7.0   2  1.612.6 1.1
5036619610622 23.2  5.4  0.009900-99.9-99.9-99.9-99.9 8.1 7811.2 73  8.6   2  1.612.5 1.1
5036619610623 25.6  7.3  0.009900-99.9-99.9-99.9-99.9 7.8 7513.8 78 11.8   3  2.412.2 1.3
5036619610624 26.5  9.4  0.009900-99.9-99.9-99.9-99.9 7.4 7115.9 79 13.9   0  0.011.8 1.2
5036619610625 25.5 14.0  0.009900-99.9-99.9-99.9-99.9 5.4 5217.2 81 15.1   2  1.6 9.6 1.4
5036619610626 27.4 11.1  0.009900-99.9-99.9-99.9-99.9 5.3 5117.0 80 15.0   0  0.0 9.5 1.3
5036619610627 21.4 11.5  0.009900-99.9-99.9-99.9-99.9 3.7 3516.7 81 14.7   5  4.0 7.8 1.0
5036619610628 17.6 11.8  0.009900-99.9-99.9-99.9-99.9 0.0  0 9.9 67  6.8   2  1.6 3.7 1.3
5036619610629 11.8  9.1  1.319900-99.9-99.9-99.9-99.9 0.0  0 9.8 82  6.7   0  0.0 3.7 0.8
5036619610630 14.4  6.8  0.009900-99.9-99.9-99.9-99.9 1.9 1810.3 87  7.4   1  0.8 5.8 0.8
5036619610701 18.3  3.8  0.009900-99.9-99.9-99.9-99.9 8.0 77 8.7 70  5.0   1  0.812.5 1.0
5036619610702 17.9  4.3  0.009900-99.9-99.9-99.9-99.9 6.5 62 8.4 65  4.5   1  0.810.9 1.0
5036619610703 19.1  2.0  0.009900-99.9-99.9-99.9-99.9 8.4 80 8.8 68  5.1   4  3.213.0 1.1
5036619610704 18.7  4.6  0.009900-99.9-99.9-99.9-99.9 6.2 5910.6 78  7.8   3  2.410.6 1.0
5036619610705 22.8  5.7  0.009900-99.9-99.9-99.9-99.9 5.8 5512.8 78 10.6   2  1.610.2 1.1
5036619610706 18.0 11.0  0.009900-99.9-99.9-99.9-99.9 0.0  010.8 76  8.1   1  0.8 3.8 1.1
5036619610707 10.9  5.5  0.009900-99.9-99.9-99.9-99.9 0.0  0 7.5 71  2.9   1  0.8 3.8 0.9
5036619610708 14.0  0.8  0.009900-99.9-99.9-99.9-99.9 7.4 71 7.5 72  2.9   3  2.412.0 0.9
5036619610709 13.6  7.5  0.009900-99.9-99.9-99.9-99.9 0.3  3 9.0 72  5.4   1  0.8 4.2 0.9
5036619610710 16.2  8.3  0.009900-99.9-99.9-99.9-99.9 3.1 29 9.4 75  6.1   6  4.8 7.3 1.4
5036619610711 16.4  4.2  0.009900-99.9-99.9-99.9-99.9 8.6 82 8.9 70  5.3   6  4.813.5 1.2
5036619610712 20.2  2.7  0.009900-99.9-99.9-99.9-99.9-9.9 99 9.9 73  6.8   0  0.0-9.9-9.9
5036619610713 21.0  5.7  0.009900-99.9-99.9-99.9-99.9 7.3 6911.6 72  9.2   0  0.012.1 1.1
5036619610714 22.1 12.2  0.009900-99.9-99.9-99.9-99.9 6.0 5713.1 76 11.0   3  2.410.7 1.5
5036619610715 22.0  6.6  0.009900-99.9-99.9-99.9-99.9 7.3 6912.5 81 10.3   2  1.612.2 1.2
5036619610716 23.6  7.8  0.009900-99.9-99.9-99.9-99.9 8.2 7712.8 76 10.6   2  1.613.2 1.4
5036619610717 22.1 10.6  0.009900-99.9-99.9-99.9-99.9 0.9  814.9 74 12.9   4  3.2 5.0 1.1
5036619610718 23.6 11.5  0.009900-99.9-99.9-99.9-99.9 2.3 2217.0 81 15.0   0  0.0 6.6 1.0
5036619610719 24.0  9.9  0.009900-99.9-99.9-99.9-99.9 4.1 3916.5 82 14.5   1  0.8 8.7 1.2
5036619610720 23.6 13.6  5.619900-99.9-99.9-99.9-99.9 2.5 2414.3 72 12.3  17 13.6 6.9 2.5
5036619610721 21.8  8.3  0.009900-99.9-99.9-99.9-99.9 8.6 81 9.7 62  6.5   7  5.614.0 1.9
5036619610722 22.0  5.3  0.009900-99.9-99.9-99.9-99.9 7.4 6910.4 69  7.5   0  0.012.6 1.2
5036619610723 27.0  7.1  0.009900-99.9-99.9-99.9-99.9 9.0 8411.5 62  9.0   1  0.814.5 1.6
5036619610724 26.0  8.4  0.009900-99.9-99.9-99.9-99.9 8.9 8312.9 71 10.7   0  0.014.5 1.5
5036619610725 26.0  9.7  0.009900-99.9-99.9-99.9-99.9 7.6 7114.4 71 12.4  10  8.013.0 2.1
5036619610726 18.4  9.5  0.009900-99.9-99.9-99.9-99.9 0.0  0 6.3 49  0.4   0  0.0 4.1 1.5
5036619610727 14.4  9.0  0.009900-99.9-99.9-99.9-99.9 0.0  0 7.7 57  3.2   1  0.8 4.2 1.2
5036619610728 20.1  4.0  0.009900-99.9-99.9-99.9-99.9 8.2 76 7.5 53  2.9   6  4.813.9 1.7
5036619610729 21.5  4.9  0.009900-99.9-99.9-99.9-99.9 8.8 82 9.2 61  5.8   3  2.414.7 1.5
5036619610730 24.1  5.8  0.009900-99.9-99.9-99.9-99.9 9.1 8410.8 68  8.1   4  3.215.1 1.7
5036619610731 26.4  8.5  0.009900-99.9-99.9-99.9-99.9 7.9 7312.0 64  9.7   6  4.813.8 2.1
5036619610801 26.6 10.4  0.009900-99.9-99.9-99.9-99.9 8.7 8013.4 65 11.3   2  1.614.8 1.9
5036619610802 28.7  9.7  0.009900-99.9-99.9-99.9-99.9 9.0 8313.7 65 11.6   6  4.815.2 2.3
5036619610803 27.3  9.7  0.009900-99.9-99.9-99.9-99.9 7.8 7213.5 66 11.4   4  3.213.9 2.1
5036619610804 28.2 10.6  0.009900-99.9-99.9-99.9-99.9 8.8 8113.0 65 10.9   2  1.615.2 2.1
5036619610805 31.5 11.6  0.009900-99.9-99.9-99.9-99.9 9.0 8213.4 54 11.3   4  3.215.5 2.5
5036619610806 27.5 11.3  0.009900-99.9-99.9-99.9-99.9 7.3 6713.3 59 11.2  11  8.813.5 2.8
5036619610807 22.1 12.9  0.009900-99.9-99.9-99.9-99.9 3.9 3613.9 69 11.9   0  0.0 9.3 1.5
5036619610808 23.3 12.4  0.009900-99.9-99.9-99.9-99.9 6.0 5514.2 75 12.2   0  0.012.0 1.7
5036619610809 20.5 13.6  0.009900-99.9-99.9-99.9-99.9 0.4  415.7 89 13.7   6  4.8 5.0 1.3
5036619610810 23.4 13.0  0.219900-99.9-99.9-99.9-99.9 2.3 2117.2 75 15.1   3  2.4 7.4 1.4
5036619610811 20.7 14.4  0.009900-99.9-99.9-99.9-99.9 0.0  016.6 96 14.6   1  0.8 4.6 1.1
5036619610812 25.0 11.5  0.009900-99.9-99.9-99.9-99.9 6.7 6115.5 76 13.5  12  9.613.1 2.4
5036619610813 22.3 13.8  0.009900-99.9-99.9-99.9-99.9 3.5 3213.5 74 11.4   3  2.4 9.1 1.8
5036619610814 24.5  8.0  0.009900-99.9-99.9-99.9-99.9 7.6 6810.9 59  8.2   1  0.814.4 1.9
5036619610815 23.1  8.0  0.009900-99.9-99.9-99.9-99.9 4.4 4010.4 59  7.5   6  4.810.4 2.1
5036619610816 25.7  7.3  0.009900-99.9-99.9-99.9-99.9 9.2 8211.1 58  8.5   4  3.216.7 2.3
5036619610817 27.8  8.6  0.009900-99.9-99.9-99.9-99.9 8.9 8012.6 62 10.4   2  1.616.4 2.3
5036619610818 27.1 12.5  0.009900-99.9-99.9-99.9-99.9 3.5 3114.3 59 12.3   1  0.8 9.4 1.9
5036619610819 29.6 15.2  0.009900-99.9-99.9-99.9-99.9 7.8 7017.7 68 15.6   1  0.815.1 2.5
5036619610820 30.3 14.7  0.009900-99.9-99.9-99.9-99.9 7.0 6219.3 72 16.9   0  0.014.2 2.4
5036619610821 31.0 17.3  0.009900-99.9-99.9-99.9-99.9 7.2 6419.2 68 16.9   0  0.014.5 2.6
5036619610822 32.2 15.4 15.719910-99.9-99.9-99.9-99.9 8.8 7817.8 70 15.7  13 10.416.7 4.0
5036619610823 23.5 14.7  0.009900-99.9-99.9-99.9-99.9 6.1 54 8.3 43  4.3   7  5.613.2 3.0
5036619610824 22.3  7.8  0.009900-99.9-99.9-99.9-99.9 8.4 7410.5 60  7.7   5  4.016.4 2.3
5036619610825 23.4  6.4  0.009900-99.9-99.9-99.9-99.9 8.8 7710.1 59  7.1   2  1.617.0 2.2
5036619610826 27.2  8.3  0.009900-99.9-99.9-99.9-99.9 9.2 8111.8 54  9.4   0  0.017.6 2.3
5036619610827 27.0 11.1  0.009900-99.9-99.9-99.9-99.9 6.8 6014.9 64 12.9   4  3.214.4 2.5
5036619610828 19.8 14.0  0.009900-99.9-99.9-99.9-99.9-9.9 9912.0 64  9.7   4  3.2-9.9-9.9
5036619610829 24.3  9.0  0.009900-99.9-99.9-99.9-99.9 7.7 6713.2 69 11.1   1  0.815.9 2.2
5036619610830 17.2  9.7  0.009900-99.9-99.9-99.9-99.9 0.0  010.9 82  8.2   3  2.4 5.2 1.4
5036619610831 26.7  4.7  0.009900-99.9-99.9-99.9-99.9 9.6 8313.0 71 10.9   0  0.018.7 2.3
5036619610901 29.0  9.9  0.009900-99.9-99.9-99.9-99.9 8.2 7115.4 65 13.4   0  0.016.8 2.5
5036619610902 21.5 15.6  0.419900-99.9-99.9-99.9-99.9 0.0  016.9 85 14.9   0  0.0 5.3 1.3
5036619610903 17.2 15.0  0.009900-99.9-99.9-99.9-99.9 0.0  011.9 67  9.5   7  5.6 5.4 1.9
5036619610904 16.2 11.0  0.009900-99.9-99.9-99.9-99.9 0.0  0 9.0 60  5.4   2  1.6 5.4 1.6
5036619610905 21.2  6.8  0.009900-99.9-99.9-99.9-99.910.1 87 8.1 53  3.9   2  1.619.9 2.5
5036619610906 23.6  3.8  0.009900-99.9-99.9-99.9-99.9 7.5 64 7.9 48  3.6   6  4.816.3 2.7
5036619610907 18.0  7.0  0.009900-99.9-99.9-99.9-99.9 1.2 1010.1 63  7.1  12  9.6 7.3 2.0
5036619610908 18.1 11.5  0.009900-99.9-99.9-99.9-99.9 0.4  311.5 70  9.0   1  0.8 6.1 1.5
5036619610909 23.0  8.3  0.009900-99.9-99.9-99.9-99.9 6.0 5112.0 68  9.7   1  0.814.3 2.2
5036619610910 29.0  9.5  0.009900-99.9-99.9-99.9-99.9 9.4 8013.4 59 11.3   3  2.419.4 3.1
5036619610911 28.5 10.1  0.009900-99.9-99.9-99.9-99.9 7.2 6113.3 52 11.2   5  4.016.3 3.0
5036619610912 26.1 12.9  0.009900-99.9-99.9-99.9-99.9 4.0 3415.4 69 13.4   0  0.011.6 2.2
5036619610913 32.3 12.8  0.009900-99.9-99.9-99.9-99.9 5.8 4918.0 63 15.8   1  0.814.4 2.8
5036619610914 24.8 16.8  0.009900-99.9-99.9-99.9-99.9 0.0  0 9.4 46  6.1   6  4.8 5.8 3.0
5036619610915 20.2 13.9  0.009900-99.9-99.9-99.9-99.9 0.5  4 8.3 48  4.3   0  0.0 6.6 2.0
5036619610916 20.2  3.4  0.009900-99.9-99.9-99.9-99.9-9.9 99 8.4 55  4.5   4  3.2-9.9-9.9
5036619610917 22.0  7.4  0.009900-99.9-99.9-99.9-99.9 3.4 2811.8 63  9.4   2  1.611.0 2.0
5036619610918 23.3 13.6  0.009900-99.9-99.9-99.9-99.9 1.3 1113.4 65 11.3   0  0.0 7.9 1.9
5036619610919 28.2 10.5  0.009900-99.9-99.9-99.9-99.9 5.0 4213.8 56 11.8   6  4.813.6 3.0
5036619610920 29.4 14.0  0.009900-99.9-99.9-99.9-99.9 4.5 3715.2 56 13.2   1  0.812.9 2.7
5036619610921 25.3 17.4  0.119900-99.9-99.9-99.9-99.9 0.1  118.4 73 16.2  12  9.6 6.2 2.4
5036619610922 24.1 15.5  0.009900-99.9-99.9-99.9-99.9 0.0  015.1 70 13.1   1  0.8 6.1 1.8
5036619610923 29.0 12.6  0.009900-99.9-99.9-99.9-99.9 2.1 1715.9 67 13.9   0  0.0 9.4 2.2
5036619610924 27.6 14.5  0.009900-99.9-99.9-99.9-99.9 4.3 3514.4 57 12.4   1  0.812.8 2.7
5036619610925 33.5 14.0  0.009900-99.9-99.9-99.9-99.9 4.2 3517.1 53 15.0   0  0.012.7 2.8
5036619610926 29.9 17.2  0.009900-99.9-99.9-99.9-99.9 3.5 2919.0 61 16.7   1  0.811.7 2.7
5036619610927 25.5 15.4  0.319900-99.9-99.9-99.9-99.9 0.0  014.2 70 12.2  11  8.8 6.3 2.9
5036619610928 19.0 10.4  0.009900-99.9-99.9-99.9-99.9 1.8 15 7.6 49  3.0   4  3.2 9.1 2.5
5036619610929 25.6  4.2  0.009900-99.9-99.9-99.9-99.9 4.1 33 9.3 52  5.9   6  4.812.8 2.8
5036619610930 28.0  7.3  0.009900-99.9-99.9-99.9-99.9 4.4 3610.7 48  8.0   2  1.613.3 2.7
5036619611001 32.6 10.0  0.009900-99.9-99.9-99.9-99.9 4.8 3912.7 48 10.5   4  3.214.0 3.3
5036619611002 31.6 13.3  0.009900-99.9-99.9-99.9-99.9 3.6 2911.8 38  9.4  13 10.412.2 4.5
5036619611003 26.5 10.4  0.009900-99.9-99.9-99.9-99.9 1.9 1511.7 50  9.3   0  0.0 9.5 2.2
5036619611004 28.5 11.6  0.009900-99.9-99.9-99.9-99.9 2.0 1616.2 62 14.2   0  0.0 9.7 2.2
5036619611005 30.0 15.1  0.009900-99.9-99.9-99.9-99.9 0.7  619.2 63 16.9   2  1.6 7.7 2.2
5036619611006 26.8 16.0  0.719900-99.9-99.9-99.9-99.9 0.0  018.0 92 15.8   4  3.2 6.6 2.1
5036619611007 19.0 15.7  5.519900-99.9-99.9-99.9-99.9 0.0  017.5 91 15.4   2  1.6 6.6 1.5
5036619611008 24.4 15.9  0.919900-99.9-99.9-99.9-99.9 0.3  220.6 86 18.0   5  4.0 7.1 1.7
5036619611009 26.1 18.5  0.009900-99.9-99.9-99.9-99.9 0.0  018.8 72 16.5   4  3.2 6.7 2.2
5036619611010 29.6 15.0  0.009900-99.9-99.9-99.9-99.9 3.8 3019.0 69 16.7   1  0.812.9 2.8
5036619611011 30.0 15.1  0.009900-99.9-99.9-99.9-99.9 4.6 3718.8 67 16.5   4  3.214.3 3.2
5036619611012 29.1 15.9 18.719900-99.9-99.9-99.9-99.9 3.1 2520.0 70 17.5   4  3.211.9 2.8
5036619611013 25.0 14.1  0.009900-99.9-99.9-99.9-99.9 3.8 3017.6 71 15.5   6  4.813.1 2.8
5036619611014 29.3 15.0  0.419900-99.9-99.9-99.9-99.9 4.7 3717.3 65 15.2   6  4.814.6 3.5
5036619611015 26.0 16.5  2.619900-99.9-99.9-99.9-99.9 5.0 3919.2 72 16.9   6  4.815.1 3.3
5036619611016 21.2 15.0  3.519900-99.9-99.9-99.9-99.9 0.0  016.1 82 14.1   4  3.2 6.9 1.9
5036619611017 27.3 10.0  0.009900-99.9-99.9-99.9-99.910.7 8414.6 57 12.6  11  8.824.7 4.6
5036619611018 27.6 12.3  0.009900-99.9-99.9-99.9-99.9 8.8 6917.1 63 15.0   3  2.421.6 3.9
5036619611019 31.0 16.1  0.119900-99.9-99.9-99.9-99.9 7.3 5720.3 65 17.7   4  3.219.2 4.1
5036619611020 25.1 16.8  0.819900-99.9-99.9-99.9-99.9 0.3  214.7 70 12.7   6  4.8 7.5 2.7
5036619611021 25.4 12.9  0.009900-99.9-99.9-99.9-99.9 9.4 7313.0 59 10.9   4  3.222.8 4.1
5036619611022 28.2 11.7  0.009900-99.9-99.9-99.9-99.910.6 8214.3 59 12.3   2  1.624.9 4.3
5036619611023 29.5 11.8  0.009900-99.9-99.9-99.9-99.910.8 8415.7 56 13.7   7  5.625.3 4.8
5036619611024 35.1 15.5  0.009900-99.9-99.9-99.9-99.910.6 8219.9 54 17.4   2  1.625.0 5.0
5036619611025 29.8 20.0  0.009900-99.9-99.9-99.9-99.9 3.5 2723.4 70 20.0   6  4.813.1 3.4
5036619611026 34.1 21.0  0.009900-99.9-99.9-99.9-99.9 4.7 3621.3 55 18.5   6  4.815.1 4.3
5036619611027 36.4 19.5  0.009900-99.9-99.9-99.9-99.9 4.5 3521.7 51 18.8  13 10.414.8 5.1
5036619611028 36.8 28.8 90.519900-99.9-99.9-99.9-99.9 8.8 6817.3 53 15.2   5  4.022.2 6.0
5036619611029 29.6 18.1  0.009900-99.9-99.9-99.9-99.9-9.9 9922.1 72 19.1   1  0.8-9.9-9.9
5036619611030 31.4 21.4  0.009900-99.9-99.9-99.9-99.9 8.0 6121.2 62 18.4   1  0.820.9 4.5
5036619611031 32.3 18.4  0.009900-99.9-99.9-99.9-99.910.8 8322.1 65 19.1   4  3.225.7 5.4
5036619611101 32.3 18.1  0.009900-99.9-99.9-99.9-99.911.1 8523.0 68 19.7   1  0.826.3 5.3
5036619611102 33.9 19.5  0.009900-99.9-99.9-99.9-99.910.7 8223.9 62 20.4   1  0.825.7 5.4
5036619611103 35.8 21.9  0.009900-99.9-99.9-99.9-99.910.0 7625.8 60 21.6   4  3.224.5 5.8
5036619611104 30.4 17.6  1.719900-99.9-99.9-99.9-99.9 3.5 2720.1 74 17.6  11  8.813.4 3.9
5036619611105 19.4 13.4  0.009900-99.9-99.9-99.9-99.9 0.0  015.7 82 13.7   2  1.6 7.4 1.7
5036619611106 29.0 16.9  0.009900-99.9-99.9-99.9-99.9 6.5 4918.2 66 16.0   1  0.818.6 3.8
5036619611107 28.1 15.9  0.009900-99.9-99.9-99.9-99.9 6.0 4520.8 68 18.1   1  0.817.8 3.5
5036619611108 33.1 20.2  0.009900-99.9-99.9-99.9-99.9 9.2 6922.9 58 19.7   6  4.823.4 5.5
5036619611109 29.9 22.5  0.009900-99.9-99.9-99.9-99.9 1.3 1019.0 60 16.7  18 14.4 9.8 4.8
5036619611110 27.0 18.2  0.009900-99.9-99.9-99.9-99.9 2.6 2018.0 69 15.8   3  2.412.0 3.1
5036619611111 25.6 16.1  0.009900-99.9-99.9-99.9-99.9 0.0  016.5 61 14.5   4  3.2 7.5 2.4
5036619611112 29.0 19.5  0.419900-99.9-99.9-99.9-99.9 2.5 1918.4 60 16.2   6  4.811.9 3.5
5036619611113 27.7 17.0  2.219900-99.9-99.9-99.9-99.9 4.2 3119.8 80 17.3  12  9.614.9 3.9
5036619611114 32.0 14.6  0.009900-99.9-99.9-99.9-99.9 4.7 3516.3 52 14.3   4  3.215.8 3.9
5036619611115 35.1 18.3  0.009900-99.9-99.9-99.9-99.910.3 7717.0 45 15.0   1  0.825.5 5.3
5036619611116 35.9 18.5  0.009900-99.9-99.9-99.9-99.912.0 8917.2 41 15.1   8  6.428.5 6.7
5036619611117 34.0 20.3  0.009900-99.9-99.9-99.9-99.910.9 8117.3 41 15.2   6  4.826.6 6.2
5036619611118 32.0 21.3 18.619900-99.9-99.9-99.9-99.9 9.5 7122.7 71 19.5   6  4.824.2 5.7
5036619611119 25.0 18.0 27.619900-99.9-99.9-99.9-99.9 0.0  021.4 99 18.6   4  3.2 7.7 2.0
5036619611120 27.7 18.3  0.009900-99.9-99.9-99.9-99.9 4.7 3520.8 76 18.1   3  2.415.9 3.6
5036619611121 26.7 17.3  9.519900-99.9-99.9-99.9-99.9 3.8 2822.6 88 19.5   1  0.814.4 3.0
5036619611122 32.1 15.5  0.009900-99.9-99.9-99.9-99.911.0 8119.9 57 17.4  10  8.026.9 5.9
5036619611123 32.7 17.7  2.119900-99.9-99.9-99.9-99.910.0 7424.2 67 20.6   6  4.825.2 5.5
5036619611124 27.4 18.5  7.619900-99.9-99.9-99.9-99.9 0.0  022.0 96 19.0   6  4.8 7.8 2.4
5036619611125 28.0 15.9  0.009900-99.9-99.9-99.9-99.9 6.1 4520.7 71 18.1   1  0.818.4 3.7
5036619611126 33.0 18.9  0.009900-99.9-99.9-99.9-99.911.4 8424.1 66 20.5   4  3.227.7 6.0
5036619611127 34.3 22.3  0.009900-99.9-99.9-99.9-99.9 9.0 6625.0 63 21.1  10  8.023.6 6.2
5036619611128 34.0 22.0  0.009900-99.9-99.9-99.9-99.9 8.6 6322.5 57 19.4   4  3.222.9 5.5
5036619611129 33.6 21.8  0.009900-99.9-99.9-99.9-99.9 6.0 4422.6 60 19.5   6  4.818.3 4.9
5036619611130 34.5 20.4  1.319900-99.9-99.9-99.9-99.9 6.8 5025.2 76 21.2  17 13.619.8 5.9
5036619611201 29.5 16.6  0.009900-99.9-99.9-99.9-99.9 8.5 62-9.9-99-99.9 -99-99.922.8-9.9
5036619611202 32.5 15.4  0.009900-99.9-99.9-99.9-99.910.6 78-9.9-99-99.9 -99-99.926.5-9.9
5036619611203 33.5 18.8  0.009900-99.9-99.9-99.9-99.910.2 75-9.9-99-99.9 -99-99.925.8-9.9
5036619611204 31.9 19.5  0.009900-99.9-99.9-99.9-99.9 8.6 63-9.9-99-99.9 -99-99.923.0-9.9
5036619611205 34.5 21.9  0.009900-99.9-99.9-99.9-99.9 9.0 66-9.9-99-99.9 -99-99.923.7-9.9
5036619611206 38.0 21.4  0.009900-99.9-99.9-99.9-99.9 9.8 71-9.9-99-99.9 -99-99.925.1-9.9
5036619611207 35.6 26.4  0.009900-99.9-99.9-99.9-99.9 9.5 69-9.9-99-99.9 -99-99.924.6-9.9
5036619611208 31.7 17.7 41.919900-99.9-99.9-99.9-99.9 2.6 1922.2 75 19.2   9  7.212.5 3.6
5036619611209 21.0 16.1  1.719900-99.9-99.9-99.9-99.9 0.0  0-9.9-99-99.9 -99-99.9 7.9-9.9
5036619611210 29.6 17.3  0.009900-99.9-99.9-99.9-99.9 3.6 26-9.9-99-99.9 -99-99.914.3-9.9
5036619611211 32.0 17.1  0.009900-99.9-99.9-99.9-99.9 9.7 71-9.9-99-99.9 -99-99.925.0-9.9
5036619611212 33.1 19.0  0.009900-99.9-99.9-99.9-99.9 8.5 62-9.9-99-99.9 -99-99.922.9-9.9
5036619611213 32.9 19.1  0.009900-99.9-99.9-99.9-99.9 5.5 40-9.9-99-99.9 -99-99.917.6-9.9
5036619611214 34.0 22.5  0.119900-99.9-99.9-99.9-99.9 5.8 4225.3 62 21.3   1  0.818.2 4.5
5036619611215 33.7 22.1  0.219900-99.9-99.9-99.9-99.9 7.1 5221.5 63 18.7   0  0.020.4 4.7
5036619611216 35.5 18.9  0.009900-99.9-99.9-99.9-99.9 9.8 7119.7 45 17.3   6  4.825.2 6.1
5036619611217 36.0 19.7  0.009900-99.9-99.9-99.9-99.9 8.5 6222.4 55 19.3   0  0.022.9 5.1
5036619611218 37.0 21.6  0.009900-99.9-99.9-99.9-99.9 6.3 4627.2 57 22.5   1  0.819.1 4.7
5036619611219 38.0 23.4 48.219900-99.9-99.9-99.9-99.9 6.4 46-9.9-99-99.9 -99-99.919.2-9.9
5036619611220 29.9 13.1 11.419900-99.9-99.9-99.9-99.9 0.3  2-9.9-99-99.9 -99-99.9 8.5-9.9
5036619611221 27.0 16.2  0.009900-99.9-99.9-99.9-99.9 7.6 55-9.9-99-99.9 -99-99.921.4-9.9
5036619611222 32.0 19.4  0.009900-99.9-99.9-99.9-99.910.1 73-9.9-99-99.9 -99-99.925.8-9.9
5036619611223 32.5 20.7  0.009900-99.9-99.9-99.9-99.9 5.5 40-9.9-99-99.9 -99-99.917.7-9.9
5036619611224 30.1 16.3  0.009900-99.9-99.9-99.9-99.9 9.9 7218.8 60 16.5   2  1.625.4 5.1
5036619611225 33.6 19.2  0.009900-99.9-99.9-99.9-99.9 9.6 7024.7 60 20.9   2  1.624.9 5.5
5036619611226 35.3 23.1  0.009900-99.9-99.9-99.9-99.9 8.0 5822.7 50 19.5   4  3.222.1 5.6
5036619611227 33.0 21.1  0.319900-99.9-99.9-99.9-99.9 6.6 4822.4 61 19.3   9  7.219.6 5.3
5036619611228 27.9 20.8 58.219900-99.9-99.9-99.9-99.9 1.4 1024.4 82 20.7   6  4.810.4 2.8
5036619611229 30.6 19.5  0.009900-99.9-99.9-99.9-99.9 6.4 4621.4 68 18.6  10  8.019.2 5.0
5036619611230 31.1 20.5  0.009900-99.9-99.9-99.9-99.9 4.1 30-9.9-99-99.9 -99-99.915.2-9.9
5036619611231 32.5 22.5  0.219900-99.9-99.9-99.9-99.9 5.0 36-9.9-99-99.9 -99-99.916.8-9.9
5036619620101 27.5 21.1  0.009900-99.9-99.9-99.9-99.9 0.2  1-9.9-99-99.9 -99-99.9 8.3-9.9
5036619620102 28.6 17.2  0.009900-99.9-99.9-99.9-99.9 7.9 5723.0 75 19.7   6  4.821.9 4.6
5036619620103 32.5 19.5  0.009900-99.9-99.9-99.9-99.9 8.2 6023.1 69 19.8  16 12.822.4 6.1
5036619620104 34.5 20.5  0.009900-99.9-99.9-99.9-99.9 8.3 6024.4 57 20.7  12  9.622.6 6.1
5036619620105 30.6 22.7  0.419900-99.9-99.9-99.9-99.9 5.8 4223.9 66 20.4  14 11.218.2 5.3
5036619620106 33.8 20.4  0.219900-99.9-99.9-99.9-99.910.4 7626.9 66 22.3   6  4.826.3 6.1
5036619620107 31.8 18.2  0.009900-99.9-99.9-99.9-99.9 8.0 5823.1 72 19.8   9  7.222.0 5.2
5036619620108 35.1 23.4  0.009900-99.9-99.9-99.9-99.910.5 7723.7 56 20.2  14 11.226.4 7.4
5036619620109 34.5 24.7  0.009900-99.9-99.9-99.9-99.9 6.8 5026.1 62 21.8   6  4.819.9 5.4
5036619620110 37.4 23.4  0.009900-99.9-99.9-99.9-99.9 8.7 6428.4 63 23.2   6  4.823.2 6.1
5036619620111 32.0 22.4 20.519900-99.9-99.9-99.9-99.9 2.8 2126.3 75 21.9  14 11.212.8 4.2
5036619620112 24.5 21.3 34.919900-99.9-99.9-99.9-99.9 0.1  126.6 96 22.1   3  2.4 8.0 1.9
5036619620113 31.6 21.2 39.019900-99.9-99.9-99.9-99.9 5.7 4227.9 84 22.9   3  2.417.9 4.2
5036619620114 26.6 14.5  1.419900-99.9-99.9-99.9-99.9 0.5  415.5 77 13.5  18 14.4 8.7 3.7
5036619620115 25.3 14.4  0.009900-99.9-99.9-99.9-99.9 7.5 5515.7 66 13.7   6  4.821.0 4.3
5036619620116 29.1 14.9  0.009900-99.9-99.9-99.9-99.910.4 7719.9 67 17.4   7  5.626.1 5.2
5036619620117 30.1 17.2  0.009900-99.9-99.9-99.9-99.9 8.8 6522.3 69 19.2   6  4.823.3 5.0
5036619620118 25.8 19.5  2.319900-99.9-99.9-99.9-99.9 0.1  122.1 87 19.1   8  6.4 8.0 2.4
5036619620119 28.5 19.4  0.009900-99.9-99.9-99.9-99.9 0.6  422.0 75 19.0   3  2.4 8.8 2.5
5036619620120 31.1 17.1  0.009900-99.9-99.9-99.9-99.910.8 8020.6 60 18.0   1  0.826.8 5.3
5036619620121 30.9 19.9 11.019900-99.9-99.9-99.9-99.9 6.5 4823.5 77 20.1  16 12.819.2 5.2
5036619620122 30.6 19.4  0.719900-99.9-99.9-99.9-99.9 9.3 6924.1 70 20.5   5  4.024.1 5.2
5036619620123 28.0 19.2  0.719900-99.9-99.9-99.9-99.9 2.7 2024.1 85 20.5   3  2.412.5 2.9
5036619620124 27.7 18.2  3.419900-99.9-99.9-99.9-99.9 5.9 4423.2 81 19.9   1  0.818.1 3.7
5036619620125 25.5 20.2  1.319900-99.9-99.9-99.9-99.9 1.2  924.0 87 20.4   6  4.8 9.8 2.4
5036619620126 28.7 20.1  0.009900-99.9-99.9-99.9-99.9 7.2 5422.8 77 19.6   8  6.420.3 4.7
5036619620127 32.1 19.4  0.009900-99.9-99.9-99.9-99.9 9.6 7224.3 68 20.6   6  4.824.5 5.5
5036619620128 32.7 22.6  0.119900-99.9-99.9-99.9-99.9 8.2 6124.9 66 21.0   3  2.422.0 5.2
5036619620129 33.0 23.1  0.419900-99.9-99.9-99.9-99.9 6.9 5224.1 65 20.5   8  6.419.7 5.3
5036619620130 33.0 22.0 55.019900-99.9-99.9-99.9-99.9 8.7 6526.9 78 22.3   8  6.422.8 5.6
5036619620131 24.2 19.7 14.919900-99.9-99.9-99.9-99.9 0.0  023.6 93 20.2   6  4.8 7.6 1.9
5036619620201 25.0 19.2  7.819900-99.9-99.9-99.9-99.9 0.1  124.2 94 20.6   1  0.8 7.8 1.8
5036619620202 30.5 18.0  0.009900-99.9-99.9-99.9-99.911.0 8322.4 70 19.3   1  0.826.7 5.3
5036619620203 31.6 19.2  0.009900-99.9-99.9-99.9-99.912.0 9125.0 72 21.1   2  1.628.4 5.8
5036619620204 32.2 19.8  0.009900-99.9-99.9-99.9-99.9 9.5 7222.3 61 19.2   4  3.224.0 5.3
5036619620205 31.7 20.6  0.009900-99.9-99.9-99.9-99.9 6.4 4822.8 63 19.6   6  4.818.6 4.6
5036619620206 32.6 21.0  0.009900-99.9-99.9-99.9-99.9 6.1 4622.8 62 19.6   1  0.818.1 4.2
5036619620207 30.8 20.1  0.009900-99.9-99.9-99.9-99.9 5.5 4220.3 58 17.7   3  2.417.0 4.1
5036619620208 30.0 21.6  8.819900-99.9-99.9-99.9-99.9 5.6 4324.5 81 20.8   8  6.417.1 4.3
5036619620209 29.3 18.4  0.009900-99.9-99.9-99.9-99.9 8.7 6621.9 74 19.0   1  0.822.5 4.5
5036619620210 31.2 19.3  0.009900-99.9-99.9-99.9-99.9 9.3 7123.2 72 19.9   3  2.423.5 5.0
5036619620211 32.0 18.9  0.009900-99.9-99.9-99.9-99.9 7.7 5923.0 65 19.7   0  0.020.6 4.3
5036619620212 34.2 20.5  0.009900-99.9-99.9-99.9-99.9 9.3 7123.6 62 20.2  14 11.223.4 6.3
5036619620213 34.1 21.6  0.009900-99.9-99.9-99.9-99.911.1 8522.2 52 19.2  11  8.826.4 6.7
5036619620214 33.8 21.7  1.519900-99.9-99.9-99.9-99.9 8.1 6225.5 63 21.4   6  4.821.2 5.2
5036619620215 28.7 20.3  0.009900-99.9-99.9-99.9-99.9 4.1 3223.7 74 20.2   6  4.814.3 3.5
5036619620216 34.6 21.5  0.009900-99.9-99.9-99.9-99.9 8.3 6427.6 71 22.7   0  0.021.4 4.8
5036619620217 35.4 17.7 76.519910-99.9-99.9-99.9-99.9 7.1 5526.6 74 22.1  13 10.419.3 5.0
5036619620218 25.4 19.0  0.119900-99.9-99.9-99.9-99.9 4.5 3521.8 85 18.9   6  4.814.9 3.2
5036619620219 27.6 16.8  0.009900-99.9-99.9-99.9-99.9 9.0 7021.8 80 18.9   2  1.622.5 4.2
5036619620220 31.3 18.0  0.009900-99.9-99.9-99.9-99.912.0 9323.5 72 20.1   3  2.427.5 5.4
5036619620221 33.6 20.0  0.009900-99.9-99.9-99.9-99.912.2 9523.3 62 20.0   3  2.427.8 5.8
5036619620222 33.3 21.8 23.519900-99.9-99.9-99.9-99.9 6.9 5425.0 67 21.1   6  4.818.8 4.7
5036619620223 26.5 17.9  5.019900-99.9-99.9-99.9-99.9 0.0  021.5 98 18.7   6  4.8 7.1 2.1
5036619620224 22.6 18.1  0.219900-99.9-99.9-99.9-99.9 0.0  020.6 86 18.0   3  2.4 7.0 1.7
5036619620225 25.1 17.8  0.009900-99.9-99.9-99.9-99.9 0.0  020.0 78 17.5   4  3.2 7.0 2.0
5036619620226 26.5 18.5  1.619900-99.9-99.9-99.9-99.9 1.9 1521.7 82 18.8   6  4.810.1 2.6
5036619620227 24.0 17.2  0.419900-99.9-99.9-99.9-99.9 1.9 1520.8 92 18.1   1  0.810.1 2.1
5036619620228 27.0 18.8  0.009900-99.9-99.9-99.9-99.9 2.9 2322.2 81 19.2   1  0.811.7 2.6
5036619620301 29.3 18.0  0.009900-99.9-99.9-99.9-99.9 8.2 6522.0 71 19.0   8  6.420.5 4.4
5036619620302 30.3 19.6  0.009900-99.9-99.9-99.9-99.9 6.5 5224.7 74 20.9  10  8.017.6 4.2
5036619620303 30.6 20.1  5.919900-99.9-99.9-99.9-99.9 7.4 5927.7 81 22.8   3  2.419.1 4.0
5036619620304 27.1 20.0 32.319900-99.9-99.9-99.9-99.9 0.0  026.6 96 22.1   6  4.8 6.8 1.7
5036619620305 26.1 19.4  2.219900-99.9-99.9-99.9-99.9 1.8 1424.9 92 21.0   3  2.4 9.7 2.1
5036619620306 31.4 19.4  0.009900-99.9-99.9-99.9-99.9 5.7 4625.5 74 21.4   2  1.616.1 3.5
5036619620307 33.0 20.7  0.009900-99.9-99.9-99.9-99.9 7.0 5623.3 62 20.0   7  5.618.1 4.5
5036619620308 32.8 21.1  0.009900-99.9-99.9-99.9-99.9 6.4 5223.7 68 20.2   5  4.017.1 4.2
5036619620309 30.6 21.1  0.009900-99.9-99.9-99.9-99.9 8.2 6620.5 66 17.9   8  6.419.9 4.8
5036619620310 30.6 16.3  0.009900-99.9-99.9-99.9-99.9 6.5 5316.9 58 14.9   3  2.417.1 3.7
5036619620311 30.0 15.0  0.009900-99.9-99.9-99.9-99.9 9.5 7718.6 61 16.4   1  0.821.9 4.0
5036619620312 27.9 19.2  0.009900-99.9-99.9-99.9-99.9 0.7  619.7 65 17.3   3  2.4 7.6 2.3
5036619620313 29.4 15.6  0.009900-99.9-99.9-99.9-99.9 4.5 3718.9 66 16.6   1  0.813.7 2.9
5036619620314 28.8 15.6  0.009900-99.9-99.9-99.9-99.9 5.4 4418.7 65 16.4   1  0.815.1 3.0
5036619620315 28.5 14.7  0.009900-99.9-99.9-99.9-99.9 4.5 3717.3 65 15.2   3  2.413.6 2.9
5036619620316 28.5 14.9  0.009900-99.9-99.9-99.9-99.9 4.5 3717.7 66 15.6   3  2.413.5 2.9
5036619620317 28.1 13.5  0.009900-99.9-99.9-99.9-99.9 6.4 5316.7 64 14.7   4  3.216.5 3.2
5036619620318 30.0 13.7  0.009900-99.9-99.9-99.9-99.9 6.5 5319.6 67 17.2   1  0.816.5 3.1
5036619620319 31.9 15.9  0.009900-99.9-99.9-99.9-99.9 6.0 4921.7 69 18.8   0  0.015.7 3.1
5036619620320 33.7 18.5  0.009900-99.9-99.9-99.9-99.9 6.0 5023.4 68 20.0   0  0.015.6 3.3
5036619620321 34.7 19.7  0.009900-99.9-99.9-99.9-99.9 4.5 3724.0 65 20.4   3  2.413.2 3.3
5036619620322 31.7 22.5  0.119900-99.9-99.9-99.9-99.9 4.1 3424.3 69 20.6   9  7.212.5 3.7
5036619620323 26.8 20.0  0.009900-99.9-99.9-99.9-99.9 0.0  022.8 82 19.6   0  0.0 6.1 1.7
5036619620324 32.0 19.8  0.009900-99.9-99.9-99.9-99.9 5.0 4226.0 83 21.7   2  1.613.8 3.1
5036619620325 31.5 20.4 12.519900-99.9-99.9-99.9-99.9 1.8 1525.3 82 21.3   2  1.6 8.8 2.3
5036619620326 24.2 19.4  0.009900-99.9-99.9-99.9-99.9 0.0  024.1 93 20.5   1  0.8 6.0 1.4
5036619620327 26.6 20.5  0.119900-99.9-99.9-99.9-99.9 1.0  821.9 83 19.0   6  4.8 7.5 2.2
5036619620328 25.3 18.4  0.009900-99.9-99.9-99.9-99.9 1.2 1019.3 72 16.9   0  0.0 7.7 1.9
5036619620329 28.0 16.4  0.009900-99.9-99.9-99.9-99.9 2.4 2019.8 71 17.3   5  4.0 9.5 2.4
5036619620330 32.0 17.9  0.009900-99.9-99.9-99.9-99.910.1 8524.4 75 20.7   0  0.021.0 3.9
5036619620331 34.0 20.2  0.009900-99.9-99.9-99.9-99.9 6.8 5827.1 72 22.4   2  1.616.0 3.5
5036619620401 28.0 20.6  7.319901-99.9-99.9-99.9-99.9 0.0  020.9 76 18.2  14 11.2 5.8 2.8
5036619620402 20.6 14.0  0.009900-99.9-99.9-99.9-99.9 0.0  014.2 71 12.2   4  3.2 5.7 1.7
5036619620403 20.5 14.2  0.119900-99.9-99.9-99.9-99.9 1.9 1613.9 72 11.9   0  0.0 8.5 1.7
5036619620404 19.0 14.5  0.009900-99.9-99.9-99.9-99.9 0.0  016.9 90 14.9   3  2.4 5.6 1.3
5036619620405 25.5 14.9  0.009900-99.9-99.9-99.9-99.9 5.4 4619.3 77 16.9   1  0.813.5 2.3
5036619620406 27.7 16.9  0.009900-99.9-99.9-99.9-99.9 5.5 4722.2 80 19.2   1  0.813.6 2.5
5036619620407 32.6 16.6  4.119900-99.9-99.9-99.9-99.9 6.2 5320.6 76 18.0   7  5.614.5 3.4
5036619620408 23.0 14.6  0.009900-99.9-99.9-99.9-99.9 9.8 8411.5 58  9.0   6  4.819.6 3.3
5036619620409 27.1  7.9  0.009900-99.9-99.9-99.9-99.910.3 8911.6 59  9.2   1  0.820.2 2.7
5036619620410 26.5 10.2  0.009900-99.9-99.9-99.9-99.910.3 8914.5 62 12.5   3  2.420.1 2.9
5036619620411 27.4 12.0  0.009900-99.9-99.9-99.9-99.9 7.4 6414.6 63 12.6   3  2.415.9 2.7
5036619620412 27.4 12.3  0.009900-99.9-99.9-99.9-99.9 7.5 6516.4 68 14.4   1  0.815.9 2.5
5036619620413 23.4 15.2  0.009900-99.9-99.9-99.9-99.9 2.6 2317.0 72 15.0   3  2.4 9.0 1.9
5036619620414 29.2 15.6 15.419900-99.9-99.9-99.9-99.9 6.0 5220.0 76 17.5   1  0.813.7 2.5
5036619620415 23.1 18.0  5.519900-99.9-99.9-99.9-99.9 0.0  020.9 96 18.2   4  3.2 5.2 1.4
5036619620416 18.3 14.9  2.619900-99.9-99.9-99.9-99.9 0.0  017.9 99 15.8   0  0.0 5.2 1.0
5036619620417 20.0 15.3  0.009900-99.9-99.9-99.9-99.9 0.0  019.2 96 16.9   1  0.8 5.1 1.0
5036619620418 26.5 16.8  0.009900-99.9-99.9-99.9-99.9 5.3 4720.9 84 18.2   1  0.812.4 2.2
5036619620419 28.4 15.4  0.009900-99.9-99.9-99.9-99.9 9.4 8321.6 78 18.7   3  2.417.9 2.9
5036619620420 28.2 19.5  0.009900-99.9-99.9-99.9-99.9 8.8 7823.9 83 20.4   5  4.017.0 3.1
5036619620421 29.2 19.7 51.919900-99.9-99.9-99.9-99.9 7.8 6924.4 80 20.7   4  3.215.5 3.0
5036619620422 24.0 15.0 21.919900-99.9-99.9-99.9-99.9 0.0  018.8100 16.5   6  4.8 5.0 1.4
5036619620423 15.0 12.0  1.419900-99.9-99.9-99.9-99.9 0.0  015.0 99 13.0   0  0.0 4.9 0.8
5036619620424 16.1 12.8  0.519900-99.9-99.9-99.9-99.9 0.0  015.5 95 13.5   1  0.8 4.9 0.9
5036619620425 18.5 12.5  0.009900-99.9-99.9-99.9-99.9 0.0  016.5 92 14.5   2  1.6 4.9 0.9
5036619620426 16.4 11.9  1.019900-99.9-99.9-99.9-99.9 0.0  014.9 98 12.9   6  4.8 4.8 1.0
5036619620427 15.3 13.4  9.319900-99.9-99.9-99.9-99.9 0.0  016.1100 14.1   1  0.8 4.8 0.8
5036619620428 20.6 14.3  0.009900-99.9-99.9-99.9-99.9 0.0  017.3 92 15.2   1  0.8 4.7 1.1
5036619620429 21.3 11.5  0.319900-99.9-99.9-99.9-99.9 3.2 2916.5 85 14.5   1  0.8 8.9 1.3
5036619620430 24.3 15.4  0.009900-99.9-99.9-99.9-99.9 5.9 5317.5 79 15.4   2  1.612.3 2.0
5036619620501 23.9 12.0  0.009900-99.9-99.9-99.9-99.9 9.1 8217.1 79 15.0   1  0.816.3 2.0
5036619620502 25.0 12.6  0.009900-99.9-99.9-99.9-99.9 9.1 8316.6 79 14.6   6  4.816.2 2.4
5036619620503 19.2 12.2  0.009900-99.9-99.9-99.9-99.9 0.0  011.9 78  9.5   0  0.0 4.6 1.2
5036619620504 24.5  9.1  0.009900-99.9-99.9-99.9-99.9 8.0 7316.2 84 14.2   0  0.014.7 1.7
5036619620505 26.1 10.5  0.009900-99.9-99.9-99.9-99.9 9.6 8816.4 77 14.4   4  3.216.6 2.2
5036619620506 25.5 12.0  0.119900-99.9-99.9-99.9-99.9 7.4 6817.1 75 15.0   1  0.813.8 1.9
5036619620507 20.6 14.1  0.009900-99.9-99.9-99.9-99.9 0.0  015.0 88 13.0   2  1.6 4.5 1.2
5036619620508 19.2 13.6  0.009900-99.9-99.9-99.9-99.9 0.9  815.6 88 13.6   4  3.2 5.5 1.2
5036619620509 21.0 14.7  0.009900-99.9-99.9-99.9-99.9 1.2 1115.9 79 13.9   1  0.8 5.9 1.2
5036619620510 25.6 13.5  0.009900-99.9-99.9-99.9-99.9 9.1 8416.0 72 14.0   4  3.215.5 2.2
5036619620511 26.8 12.5  0.009900-99.9-99.9-99.9-99.9 8.1 7516.5 73 14.5   4  3.214.2 2.1
5036619620512 25.5 13.2  0.009900-99.9-99.9-99.9-99.9 8.4 7817.2 77 15.1   1  0.814.5 1.9
5036619620513 24.8 11.4  0.009900-99.9-99.9-99.9-99.9 9.5 8816.2 76 14.2   3  2.415.8 1.9
5036619620514 25.0 11.5  0.009900-99.9-99.9-99.9-99.9 9.8 9116.1 79 14.1   0  0.016.1 1.8
5036619620515 25.3 12.5  0.719900-99.9-99.9-99.9-99.9 0.4  416.6 77 14.6   0  0.0 4.7 1.2
5036619620516 18.4 13.1  1.119900-99.9-99.9-99.9-99.9 0.0  014.8 94 12.8   4  3.2 4.2 1.1
5036619620517 13.8 11.3  0.419900-99.9-99.9-99.9-99.9 0.0  013.8 94 11.8   0  0.0 4.2 0.7
5036619620518 18.4 11.4  0.009900-99.9-99.9-99.9-99.9 0.1  113.7 86 11.6   0  0.0 4.3 0.9
5036619620519 18.2 12.3  0.009900-99.9-99.9-99.9-99.9 0.0  014.3 86 12.3   1  0.8 4.1 0.9
5036619620520 21.6  9.3  0.009900-99.9-99.9-99.9-99.9 6.7 6313.8 85 11.8   4  3.212.0 1.4
5036619620521 22.7  7.0  0.009900-99.9-99.9-99.9-99.9 8.5 8011.9 75  9.5   1  0.814.0 1.4
5036619620522 24.4  6.4  0.009900-99.9-99.9-99.9-99.9 9.3 8712.2 72  9.9   0  0.014.9 1.4
5036619620523 23.6  7.6  0.009900-99.9-99.9-99.9-99.9 8.8 8312.9 74 10.7   2  1.614.2 1.5
5036619620524 21.0 10.3  0.009900-99.9-99.9-99.9-99.9 0.0  015.6 83 13.6   3  2.4 4.0 0.9
5036619620525 19.4 14.4  1.219900-99.9-99.9-99.9-99.9 0.0  017.2 90 15.1   0  0.0 4.0 0.8
5036619620526 17.8 15.4  3.619900-99.9-99.9-99.9-99.9 0.0  018.1 99 15.9   0  0.0 4.0 0.7
5036619620527 20.3 13.9  4.119900-99.9-99.9-99.9-99.9 1.7 1616.6 90 14.6   3  2.4 5.9 1.1
5036619620528 15.9  8.7 12.419900-99.9-99.9-99.9-99.9 0.0  011.7100  9.3   7  5.6 3.9 1.0
5036619620529  8.7  4.1  1.119900-99.9-99.9-99.9-99.9 0.0  0 8.6 93  4.8   1  0.8 3.9 0.6
5036619620530 10.4  5.6  0.419900-99.9-99.9-99.9-99.9 0.0  0 9.7 95  6.5   4  3.2 3.9 0.7
5036619620531 12.5  6.8  0.009900-99.9-99.9-99.9-99.9 1.1 1010.0 92  7.0   3  2.4 5.1 0.8
5036619620601 15.9  2.4  0.009900-99.9-99.9-99.9-99.9 1.4 13 9.6 79  6.4   9  7.2 5.4 1.0
5036619620602 17.4  3.1  0.009900-99.9-99.9-99.9-99.9 8.2 78 8.8 75  5.1   0  0.013.0 0.9
5036619620603 19.6  2.3  0.009900-99.9-99.9-99.9-99.9-9.9 99 9.4 79  6.1   1  0.8-9.9-9.9
5036619620604 19.7  3.0  0.009900-99.9-99.9-99.9-99.9 7.9 75 9.6 75  6.4   0  0.012.6 0.9
5036619620605 20.2  3.9  0.009900-99.9-99.9-99.9-99.9 8.1 7710.2 75  7.3   0  0.012.8 1.0
5036619620606 22.3  4.9  0.009900-99.9-99.9-99.9-99.9 8.2 7811.3 77  8.8   0  0.012.9 1.0
5036619620607 21.4  5.4  0.009900-99.9-99.9-99.9-99.9-9.9 9911.4 73  8.9   1  0.8-9.9-9.9
5036619620608 23.3  6.3  0.009900-99.9-99.9-99.9-99.9-9.9 9912.3 77 10.0   0  0.0-9.9-9.9
5036619620609 21.6  9.1  0.009900-99.9-99.9-99.9-99.9 5.9 5613.1 72 11.0   2  1.610.3 1.2
5036619620610 15.0 10.4  0.009900-99.9-99.9-99.9-99.9 0.0  011.7 91  9.3   0  0.0 3.8 0.8
5036619620611 12.1  9.9  0.009900-99.9-99.9-99.9-99.9 0.0  011.7 92  9.3   3  2.4 3.8 0.7
5036619620612 15.2  9.4  0.009900-99.9-99.9-99.9-99.9 0.0  011.9 85  9.5   1  0.8 3.7 0.8
5036619620613 17.6  9.9  0.009900-99.9-99.9-99.9-99.9 4.2 4011.6 74  9.2   3  2.4 8.3 1.1
5036619620614 19.4  7.0  0.009900-99.9-99.9-99.9-99.9 7.5 7211.0 79  8.4   0  0.011.9 1.0
5036619620615 22.2  3.0  0.009900-99.9-99.9-99.9-99.9 7.9 76-9.9-99-99.9 -99-99.912.4-9.9
5036619620616 23.2  5.9  0.009900-99.9-99.9-99.9-99.9 8.3 80-9.9-99-99.9 -99-99.912.8-9.9
5036619620617 21.8  7.8  0.009900-99.9-99.9-99.9-99.9 7.8 7511.9 74  9.5   2  1.612.2 1.2
5036619620618 23.8  7.5  0.009900-99.9-99.9-99.9-99.9 7.6 7312.6 80 10.4   0  0.012.0 1.1
5036619620619 23.4  7.4  0.009900-99.9-99.9-99.9-99.9 6.3 6011.6 74  9.2   4  3.210.6 1.4
5036619620620 14.0  8.4  0.009900-99.9-99.9-99.9-99.9 0.0  011.8 85  9.4   6  4.8 3.7 0.8
5036619620621 12.3  7.0  0.009900-99.9-99.9-99.9-99.9 0.0  0 8.3 74  4.3   4  3.2 3.7 1.1
5036619620622 15.5  2.6  0.009900-99.9-99.9-99.9-99.9 0.0  0 8.0 72  3.8   5  4.0 3.7 1.1
5036619620623 16.8  2.7  0.009900-99.9-99.9-99.9-99.9 1.4 13 7.9 70  3.6   1  0.8 5.2 0.9
5036619620624 16.5  4.1  0.009900-99.9-99.9-99.9-99.9 0.0  0 8.5 71  4.6   0  0.0 3.7 0.9
5036619620625 19.7  2.4  0.009900-99.9-99.9-99.9-99.9 0.0  010.3 76  7.4   1  0.8 3.7 0.8
5036619620626 19.6  4.7  0.009900-99.9-99.9-99.9-99.9 2.4 2310.5 77  7.7   1  0.8 6.3 0.9
5036619620627 19.4  6.3  0.009900-99.9-99.9-99.9-99.9 2.4 2312.6 77 10.4   0  0.0 6.3 0.8
5036619620628 16.6 12.3  0.619900-99.9-99.9-99.9-99.9 0.0  013.8 82 11.8   1  0.8 3.7 0.8
5036619620629 15.1 12.4  0.419900-99.9-99.9-99.9-99.9 0.0  013.6 87 11.5   1  0.8 3.7 0.8
5036619620630 13.5  8.7  2.719900-99.9-99.9-99.9-99.9 0.0  011.4 95  8.9   2  1.6 3.7 0.7
5036619620701 10.2  7.5  2.919900-99.9-99.9-99.9-99.9 0.0  0 9.7 86  6.5   9  7.2 3.7 0.9
5036619620702  8.3  6.6  1.919900-99.9-99.9-99.9-99.9 0.0  0 9.5 95  6.2   4  3.2 3.7 0.6
5036619620703 10.8  5.9  0.009900-99.9-99.9-99.9-99.9 0.0  0 8.5 76  4.6   3  2.4 3.8 0.8
5036619620704 10.1  4.9  0.009900-99.9-99.9-99.9-99.9 0.0  0 7.0 68  1.9   0  0.0 3.8 0.8
5036619620705 14.3 -1.4  0.009900-99.9-99.9-99.9-99.9 7.1 68 6.3 67  0.4   5  4.011.6 1.0
5036619620706 13.2 -2.0  0.009900-99.9-99.9-99.9-99.9 3.6 34 6.0 66 -0.2   0  0.0 7.8 0.8
5036619620707 14.8 -0.4  0.009900-99.9-99.9-99.9-99.9 6.7 64 6.8 68  1.5   0  0.011.2 0.8
5036619620708 12.2  0.1  0.009900-99.9-99.9-99.9-99.9 5.2 50 6.8 70  1.5   5  4.0 9.6 0.9
5036619620709 19.2 -0.5  0.009900-99.9-99.9-99.9-99.9 8.5 81 7.6 66  3.0   0  0.013.3 0.9
5036619620710 22.0  2.8  0.009900-99.9-99.9-99.9-99.9 7.9 75 8.5 64  4.6   1  0.812.6 1.1
5036619620711 25.8  3.2  0.009900-99.9-99.9-99.9-99.9 7.8 74 8.9 64  5.3   0  0.012.6 1.2
5036619620712 20.0  3.3  0.009900-99.9-99.9-99.9-99.9 7.1 67 7.5 61  2.9   1  0.811.8 1.1
5036619620713 19.0  1.7  0.009900-99.9-99.9-99.9-99.9 6.8 64 7.9 67  3.6   4  3.211.5 1.2
5036619620714 12.2  5.9  0.009900-99.9-99.9-99.9-99.9 0.0  0 8.1 62  3.9   9  7.2 3.9 1.3
5036619620715  8.8  3.1  0.009900-99.9-99.9-99.9-99.9 0.0  0 6.0 63 -0.2   0  0.0 3.9 0.8
5036619620716 15.2 -3.0  0.009900-99.9-99.9-99.9-99.9 8.8 83 5.9 63 -0.5   6  4.813.9 1.1
5036619620717 19.3 -1.5  0.009900-99.9-99.9-99.9-99.9 8.8 83 6.6 58  1.1   3  2.413.9 1.1
5036619620718 21.4  0.3  0.009900-99.9-99.9-99.9-99.9 9.3 88 6.2 46  0.2   5  4.014.6 1.5
5036619620719 17.5  0.9  0.009900-99.9-99.9-99.9-99.9 6.5 61 7.0 64  1.9   2  1.611.4 1.1
5036619620720 18.0  1.2  0.009900-99.9-99.9-99.9-99.9 8.3 78 7.4 64  2.7   6  4.813.5 1.4
5036619620721 20.3  4.1  0.009900-99.9-99.9-99.9-99.9 5.1 48 8.2 61  4.1   5  4.0 9.9 1.5
5036619620722 19.8  3.8  0.009900-99.9-99.9-99.9-99.9 7.6 71 7.4 55  2.7   1  0.812.8 1.2
5036619620723 15.0  3.3  0.009900-99.9-99.9-99.9-99.9 4.4 41 8.2 68  4.1   2  1.6 9.2 1.0
5036619620724 15.0  6.4  0.009900-99.9-99.9-99.9-99.9 3.6 34 6.9 59  1.7   0  0.0 8.3 1.1
5036619620725 17.0 -0.3  0.009900-99.9-99.9-99.9-99.9 8.8 82 7.0 63  1.9   0  0.014.4 1.0
5036619620726 17.4  2.1  0.009900-99.9-99.9-99.9-99.9 6.4 60 7.0 56  1.9   0  0.011.7 1.1
5036619620727 13.4  9.0  0.219900-99.9-99.9-99.9-99.9 0.0  0 7.8 60  3.4   4  3.2 4.2 1.4
5036619620728 15.2  7.4  0.009900-99.9-99.9-99.9-99.9 1.8 17 8.9 69  5.3   4  3.2 6.3 1.3
5036619620729 18.9  4.4  0.009900-99.9-99.9-99.9-99.9 6.4 59 8.8 61  5.1   2  1.611.8 1.3
5036619620730 16.9  5.1  0.009900-99.9-99.9-99.9-99.9 0.0  010.1 71  7.1   3  2.4 4.2 1.0
5036619620731 20.7  3.4  0.009900-99.9-99.9-99.9-99.9 5.6 52 9.7 72  6.5   2  1.611.0 1.3
5036619620801 22.0  5.5  0.009900-99.9-99.9-99.9-99.9 6.3 5810.3 60  7.4   4  3.211.9 1.6
5036619620802 24.8  4.3  0.009900-99.9-99.9-99.9-99.9 9.4 8710.1 63  7.1   0  0.015.7 1.5
5036619620803 26.4  6.4  0.009900-99.9-99.9-99.9-99.9 9.5 8710.2 60  7.3   0  0.015.9 1.6
5036619620804 29.6  8.7  0.009900-99.9-99.9-99.9-99.9 9.5 8711.1 53  8.5   4  3.216.0 2.3
5036619620805 30.0  9.8  0.009900-99.9-99.9-99.9-99.9 8.8 8111.1 43  8.5   6  4.815.2 2.6
5036619620806 30.8 12.9  0.009900-99.9-99.9-99.9-99.9 8.9 8113.5 57 11.4 -99-99.915.4-9.9
5036619620807 27.8 13.0  0.009900-99.9-99.9-99.9-99.9 6.2 5713.1 55 11.0   6  4.812.1 2.5
5036619620808 21.9 13.9  0.009900-99.9-99.9-99.9-99.9 0.0  010.9 58  8.2   2  1.6 4.5 1.7
5036619620809 16.5 11.5  0.009900-99.9-99.9-99.9-99.9 0.3  3 8.5 54  4.6   6  4.8 4.9 1.9
5036619620810 16.2  2.1  0.009900-99.9-99.9-99.9-99.9 7.8 71 6.8 58  1.5   1  0.814.4 1.4
5036619620811 20.0  1.4  0.009900-99.9-99.9-99.9-99.9 8.9 81 6.6 52  1.1   3  2.415.8 1.7
5036619620812 22.7  2.1  0.009900-99.9-99.9-99.9-99.9 8.2 74 7.8 53  3.4   1  0.815.0 1.6
5036619620813 23.4  5.1  0.009900-99.9-99.9-99.9-99.9 7.7 69 8.8 56  5.1   3  2.414.5 1.9
5036619620814 22.9  5.6  0.009900-99.9-99.9-99.9-99.9 0.9  8 9.7 53  6.5   1  0.8 5.8 1.4
5036619620815 26.2 10.2  0.009900-99.9-99.9-99.9-99.9 8.6 7710.2 47  7.3   3  2.415.8 2.3
5036619620816 28.4  6.4  0.009900-99.9-99.9-99.9-99.9 6.5 5811.4 58  8.9   1  0.813.2 1.9
5036619620817 29.5 10.3  0.009900-99.9-99.9-99.9-99.9 7.6 6812.6 57 10.4   1  0.814.7 2.2
5036619620818 31.1 11.6  0.009900-99.9-99.9-99.9-99.9 7.3 6511.5 49  9.0   8  6.414.4 3.2
5036619620819 17.9  9.4  0.009900-99.9-99.9-99.9-99.9 0.0  0 6.3 48  0.4   1  0.8 4.8 1.7
5036619620820 16.8  8.1  0.009900-99.9-99.9-99.9-99.9 0.0  0 6.4 49  0.6   1  0.8 4.9 1.6
5036619620821 18.5 -0.2  0.009900-99.9-99.9-99.9-99.9 9.2 82 6.1 53  0.0   3  2.417.1 1.8
5036619620822 19.0  0.3  0.009900-99.9-99.9-99.9-99.9 8.7 77 5.7 48 -1.0   2  1.616.6 1.8
5036619620823 21.9  2.2  0.009900-99.9-99.9-99.9-99.9 9.4 83 6.8 46  1.5   0  0.017.6 1.8
5036619620824 24.1  3.9  0.009900-99.9-99.9-99.9-99.9 9.4 83 7.3 43  2.5   3  2.417.7 2.3
5036619620825 25.6  4.9  0.009900-99.9-99.9-99.9-99.9 9.3 82 8.0 47  3.8   4  3.217.7 2.5
5036619620826 28.8  6.4  0.009900-99.9-99.9-99.9-99.9 8.8 77 8.5 42  4.6   5  4.017.1 2.8
5036619620827 22.4  7.5  0.009900-99.9-99.9-99.9-99.9 2.0 1810.6 61  7.8   1  0.8 7.9 1.6
5036619620828 17.9 12.4  0.009900-99.9-99.9-99.9-99.9 0.2  2 8.8 51  5.1   5  4.0 5.4 2.0
5036619620829 19.9  7.0  0.009900-99.9-99.9-99.9-99.9 5.8 51 8.0 51  3.8   1  0.813.2 1.9
5036619620830 27.0  5.2  0.009900-99.9-99.9-99.9-99.9 8.8 77 9.2 52  5.8   0  0.017.5 2.2
5036619620831 29.8  8.9  0.009900-99.9-99.9-99.9-99.9 9.4 82 9.5 38  6.2   2  1.618.4 2.7
5036619620901 32.2 10.6  0.009900-99.9-99.9-99.9-99.9 9.6 83 9.9 49  6.8   4  3.218.8 3.2
5036619620902 34.1 13.1  0.009900-99.9-99.9-99.9-99.9 9.8 8510.9 38  8.2   3  2.419.2 3.3
5036619620903 31.0 12.4  0.009900-99.9-99.9-99.9-99.9 7.4 6414.0 53 12.0   1  0.815.9 2.8
5036619620904 30.2 15.2  0.009900-99.9-99.9-99.9-99.9 3.5 3015.8 60 13.8  14 11.210.4 3.7
5036619620905 20.6 13.9  0.009900-99.9-99.9-99.9-99.9 0.0  0 8.4 43  4.5   1  0.8 5.4 2.0
5036619620906 24.8  6.3  0.009900-99.9-99.9-99.9-99.9 6.3 5410.9 56  8.2   4  3.214.5 2.4
5036619620907 25.4  7.9  0.009900-99.9-99.9-99.9-99.9 4.6 3913.4 55 11.3   7  5.612.2 2.4
5036619620908 21.2 12.5  0.009900-99.9-99.9-99.9-99.9 0.0  010.9 57  8.2   1  0.8 5.6 1.7
5036619620909 26.2  6.0  0.009900-99.9-99.9-99.9-99.9 6.1 52 9.2 47  5.8   8  6.414.5 3.0
5036619620910 25.8  7.4  0.009900-99.9-99.9-99.9-99.9 1.8 15 9.4 47  6.1   1  0.8 8.3 2.0
5036619620911 21.6 11.0  0.009900-99.9-99.9-99.9-99.9 0.3  310.5 58  7.7   7  5.6 6.1 2.3
5036619620912 22.0  6.8  0.009900-99.9-99.9-99.9-99.9-9.9 9910.8 61  8.1  10  8.0-9.9-9.9
5036619620913 28.6  8.4  0.009900-99.9-99.9-99.9-99.9-9.9 9912.4 56 10.1   1  0.8-9.9-9.9
5036619620914 32.2 11.8  0.009900-99.9-99.9-99.9-99.9 7.2 6115.0 49 13.0   6  4.816.5 3.5
5036619620915 27.5 15.6  0.009900-99.9-99.9-99.9-99.9 0.0  011.5 57  9.0   9  7.2 5.8 3.2
5036619620916 25.8  8.2  0.009900-99.9-99.9-99.9-99.9 8.2 6911.3 58  8.8   5  4.018.2 3.1
5036619620917 22.0 10.0  0.009900-99.9-99.9-99.9-99.9 3.1 2610.1 51  7.1   9  7.210.6 2.8
5036619620918 22.8 12.9  0.009900-99.9-99.9-99.9-99.9 0.8  7 8.6 49  4.8   3  2.4 7.1 2.4
5036619620919 23.6  4.3  0.009900-99.9-99.9-99.9-99.9 6.6 55 7.8 46  3.4   1  0.816.0 2.4
5036619620920 24.3  4.6  0.009900-99.9-99.9-99.9-99.9-9.9 99 7.7 43  3.2   2  1.6-9.9-9.9
5036619620921 26.1  4.9  0.009900-99.9-99.9-99.9-99.9 7.2 60 8.9 43  5.3   0  0.017.1 2.5
5036619620922 25.4  6.3  0.009900-99.9-99.9-99.9-99.9-9.9 99 9.4 47  6.1   3  2.4-9.9-9.9
5036619620923 30.0  7.4  0.009900-99.9-99.9-99.9-99.9-9.9 9910.3 43  7.4   4  3.2-9.9-9.9
5036619620924 30.3 10.9  0.009900-99.9-99.9-99.9-99.9-9.9 9912.2 44  9.9   4  3.2-9.9-9.9
5036619620925 35.0 14.1  0.009900-99.9-99.9-99.9-99.9-9.9 9915.1 40 13.1   5  4.0-9.9-9.9
5036619620926 37.3 15.5  0.009900-99.9-99.9-99.9-99.9-9.9 9913.8 37 11.8  21 16.8-9.9-9.9
5036619620927 29.4 14.9  0.009900-99.9-99.9-99.9-99.9 0.5  4 8.1 33  3.9   4  3.2 7.0 3.1
5036619620928 25.6 10.9  0.009900-99.9-99.9-99.9-99.9-9.9 99 7.6 35  3.0 -99-99.9-9.9-9.9
5036619620929 30.1  7.6  0.009900-99.9-99.9-99.9-99.9-9.9 99 8.9 37  5.3   8  6.4-9.9-9.9
5036619620930 29.7 10.1  0.009900-99.9-99.9-99.9-99.9 6.2 50 9.5 33  6.2   4  3.216.2 3.5
5036619621001 24.7 14.6  1.019900-99.9-99.9-99.9-99.9 0.3  212.6 56 10.4   9  7.2 6.9 2.9
5036619621002 27.0  9.4  0.009900-99.9-99.9-99.9-99.9 4.3 3513.0 55 10.9   1  0.813.3 2.6
5036619621003 25.8 12.2  0.009900-99.9-99.9-99.9-99.9 4.8 3911.7 52  9.3   7  5.614.1 3.4
5036619621004 31.8 10.1  0.009900-99.9-99.9-99.9-99.9 9.8 79 9.9 35  6.8   4  3.222.2 4.1
5036619621005 29.2 12.6  0.009900-99.9-99.9-99.9-99.9 7.8 6312.4 43 10.1  11  8.819.1 4.6
5036619621006 27.6 18.6  0.319900-99.9-99.9-99.9-99.9 3.7 3014.3 52 12.3  14 11.212.5 4.5
5036619621007 20.1 14.5  0.009900-99.9-99.9-99.9-99.9 0.0  010.5 54  7.7  11  8.8 6.6 3.0
5036619621008 23.6 11.3  0.009900-99.9-99.9-99.9-99.9 7.6 61 9.2 43  5.8   4  3.219.0 3.5
5036619621009 23.5  9.3  0.009900-99.9-99.9-99.9-99.9 5.4 43 8.6 40  4.8  12  9.615.5 4.0
5036619621010 25.2 10.3  0.009900-99.9-99.9-99.9-99.9 6.3 5010.3 46  7.4   2  1.617.0 3.1
5036619621011 27.5 11.0  0.009900-99.9-99.9-99.9-99.9 8.4 6710.4 42  7.5   3  2.420.5 3.7
5036619621012 26.8 12.1  0.009900-99.9-99.9-99.9-99.9 9.3 7411.8 49  9.4   6  4.822.0 4.2
5036619621013 28.6 14.9  0.009900-99.9-99.9-99.9-99.9 8.2 6512.4 49 10.1   1  0.820.3 3.8
5036619621014 32.6 12.7  0.009900-99.9-99.9-99.9-99.910.5 8310.9 32  8.2  15 12.024.1 6.2
5036619621015 33.4 14.3  0.009900-99.9-99.9-99.9-99.910.5 8312.0 35  9.7  12  9.624.2 5.9
5036619621016 27.7 12.5  0.519900-99.9-99.9-99.9-99.9 0.0  012.6 71 10.4  11  8.8 6.9 3.2
5036619621017 21.2 12.2  0.009900-99.9-99.9-99.9-99.9 1.1  911.9 59  9.5   6  4.8 8.7 2.5
5036619621018 24.4 11.6  0.009900-99.9-99.9-99.9-99.9 4.3 3410.6 50  7.8   6  4.814.1 3.4
5036619621019 28.4  8.6  0.009900-99.9-99.9-99.9-99.9 8.4 66 9.8 37  6.7   1  0.821.0 3.6
5036619621020 31.0 13.5  0.009900-99.9-99.9-99.9-99.910.1 79 7.1 22  2.1  30 24.023.9 9.0
5036619621021 32.4 12.4  0.009900-99.9-99.9-99.9-99.910.9 85 8.6 27  4.8   8  6.425.3 5.4
5036619621022 35.0 12.6  0.009900-99.9-99.9-99.9-99.9 8.4 6512.3 32 10.0   2  1.621.2 4.3
5036619621023 35.5 15.9  0.009900-99.9-99.9-99.9-99.910.6 8216.5 44 14.5   1  0.824.9 4.9
5036619621024 34.0 21.0  0.219900-99.9-99.9-99.9-99.9 6.1 4721.4 56 18.6  13 10.417.4 5.4
5036619621025 34.0 18.9  0.009900-99.9-99.9-99.9-99.9 4.8 3721.0 52 18.3   4  3.215.3 4.0
5036619621026 30.7 18.2  6.619900-99.9-99.9-99.9-99.9 0.0  019.0 82 16.7  16 12.8 7.2 3.7
5036619621027 19.7 11.4  0.009900-99.9-99.9-99.9-99.9 0.0  011.0 62  8.4   3  2.4 7.2 2.1
5036619621028 29.3  9.4  0.009900-99.9-99.9-99.9-99.911.1 8511.2 45  8.6   4  3.226.1 4.6
5036619621029 31.5 12.4  0.009900-99.9-99.9-99.9-99.910.8 8312.1 40  9.8   3  2.425.6 4.8
5036619621030 32.6 11.9  0.009900-99.9-99.9-99.9-99.910.8 8311.6 34  9.2   1  0.825.7 4.6
5036619621031 34.4 13.9  0.009900-99.9-99.9-99.9-99.910.1 7712.9 35 10.7   1  0.824.5 4.7
5036619621101 35.0 16.1  0.009900-99.9-99.9-99.9-99.9 7.3 5614.5 39 12.5   3  2.419.8 4.6
5036619621102 36.8 17.3  0.009900-99.9-99.9-99.9-99.9 9.3 7115.7 38 13.7   6  4.823.3 5.6
5036619621103 35.0 21.4  6.119900-99.9-99.9-99.9-99.9 8.5 6519.2 55 16.9  11  8.821.9 6.2
5036619621104 27.0 19.5  0.009900-99.9-99.9-99.9-99.9 2.6 2020.4 71 17.8   4  3.211.9 3.0
5036619621105 24.2 15.9 19.719900-99.9-99.9-99.9-99.9 0.0  018.2 88 16.0  21 16.8 7.4 2.9
5036619621106 23.5 16.1 13.919900-99.9-99.9-99.9-99.9 1.0  817.5 77 15.4   3  2.4 9.2 2.3
5036619621107 23.1 14.9  0.419900-99.9-99.9-99.9-99.9 3.6 2713.8 65 11.8   5  4.013.7 3.2
5036619621108 29.0 10.8  0.009900-99.9-99.9-99.9-99.912.6 9514.7 54 12.7   1  0.829.2 4.9
5036619621109 30.3 14.3  0.009900-99.9-99.9-99.9-99.912.6 9515.5 55 13.5   6  4.829.3 5.7
5036619621110 32.0 16.3  0.009900-99.9-99.9-99.9-99.911.3 8516.1 47 14.1   6  4.827.1 5.7
5036619621111 36.6 17.4  0.009900-99.9-99.9-99.9-99.911.0 8317.7 44 15.6   5  4.026.6 6.0
5036619621112 36.8 19.4  1.419900-99.9-99.9-99.9-99.9 8.5 6419.3 46 16.9   0  0.022.3 4.9
5036619621113 36.7 20.5  0.009900-99.9-99.9-99.9-99.9 7.7 5819.3 43 16.9   6  4.820.9 5.5
5036619621114 36.6 21.6  0.419900-99.9-99.9-99.9-99.9 7.6 5719.9 44 17.4   4  3.220.8 5.3
5036619621115 31.6 23.8  0.009900-99.9-99.9-99.9-99.9 3.0 2219.7 56 17.3   8  6.412.8 4.4
5036619621116 34.7 19.9  0.009900-99.9-99.9-99.9-99.9 2.5 1921.7 52 18.8   6  4.812.0 3.8
5036619621117 29.1 19.2  0.009900-99.9-99.9-99.9-99.9 0.0  020.4 73 17.8   9  7.2 7.7 3.0
5036619621118 30.0 19.6  2.119900-99.9-99.9-99.9-99.9 2.1 1623.1 71 19.8   6  4.811.3 3.2
5036619621119 26.9 19.5 16.619900-99.9-99.9-99.9-99.9 0.2  120.7 82 18.1  11  8.8 8.0 2.9
5036619621120 26.5 13.4  0.009900-99.9-99.9-99.9-99.9 7.3 5414.0 58 12.0   1  0.820.4 3.9
5036619621121 27.3 13.1  0.009900-99.9-99.9-99.9-99.9 9.7 7216.8 60 14.8   6  4.824.6 4.7
5036619621122 29.7 13.9  0.009900-99.9-99.9-99.9-99.911.5 8516.7 57 14.7   5  4.027.8 5.4
5036619621123 33.6 15.9  0.009900-99.9-99.9-99.9-99.910.3 7618.7 56 16.4   3  2.425.7 5.4
5036619621124 36.5 17.8  0.009900-99.9-99.9-99.9-99.911.4 8418.9 44 16.6   4  3.227.7 6.1
5036619621125 38.0 20.0  0.009900-99.9-99.9-99.9-99.9 5.2 3816.3 35 14.3  11  8.816.9 5.9
5036619621126 37.4 20.3  0.009900-99.9-99.9-99.9-99.9 9.7 7120.0 45 17.5   8  6.424.8 6.5
5036619621127 39.5 21.1  0.009900-99.9-99.9-99.9-99.9 9.7 7119.9 42 17.4   5  4.024.8 6.3
5036619621128 38.7 26.3  0.009900-99.9-99.9-99.9-99.9 4.7 3519.7 37 17.3  14 11.216.0 6.8
5036619621129 31.9 22.1  0.009900-99.9-99.9-99.9-99.9 0.0  019.5 66 17.1  16 12.8 7.8 4.5
5036619621130 30.8 19.2  0.009900-99.9-99.9-99.9-99.9 2.7 2019.7 63 17.3   7  5.612.6 3.8
5036619621201 31.5 20.2  0.009900-99.9-99.9-99.9-99.9 1.9 1424.5 66 20.8   4  3.211.2 3.1
5036619621202 34.6 22.4 33.119900-99.9-99.9-99.9-99.9 3.1 2324.2 68 20.6  14 11.213.3 4.9
5036619621203 23.3 17.1  0.419900-99.9-99.9-99.9-99.9 0.0  020.3 83 17.7   3  2.4 7.9 1.9
5036619621204 23.8 19.3 37.319900-99.9-99.9-99.9-99.9 0.0  021.5 87 18.7   3  2.4 7.9 2.0
5036619621205 22.8 16.5  3.519900-99.9-99.9-99.9-99.9 0.4  319.2 91 16.9   8  6.4 8.6 2.2
5036619621206 27.6 17.7  0.519900-99.9-99.9-99.9-99.9 1.3  922.3 82 19.2   1  0.810.2 2.4
5036619621207 30.0 20.4  8.019900-99.9-99.9-99.9-99.9 2.4 1727.7 82 22.8   0  0.012.1 2.8
5036619621208 25.6 17.5 10.819900-99.9-99.9-99.9-99.9 1.6 1222.2 90 19.2   8  6.410.7 2.6
5036619621209 28.3 17.8  0.009900-99.9-99.9-99.9-99.9 7.3 5321.8 71 18.9   6  4.820.7 4.5
5036619621210 32.0 21.1  0.009900-99.9-99.9-99.9-99.9 7.3 5324.6 65 20.8   5  4.020.8 5.0
5036619621211 35.7 20.8  0.009900-99.9-99.9-99.9-99.911.3 8223.6 52 20.2   8  6.427.8 6.8
5036619621212 37.8 21.9  3.219900-99.9-99.9-99.9-99.910.4 7620.7 43 18.1   3  2.426.2 6.2
5036619621213 31.5 21.3 29.519900-99.9-99.9-99.9-99.9 4.5 3324.2 72 20.6  13 10.415.9 4.7
5036619621214 26.4 19.5 12.919900-99.9-99.9-99.9-99.9 0.6  423.3 92 20.0  16 12.8 9.0 2.8
5036619621215 26.4 19.3  3.719900-99.9-99.9-99.9-99.9 1.8 1322.2 83 19.2  11  8.811.1 3.1
5036619621216 28.1 18.4  0.419900-99.9-99.9-99.9-99.9 3.8 2821.2 72 18.4   3  2.414.6 3.4
5036619621217 29.7 18.9  0.009900-99.9-99.9-99.9-99.910.1 7319.1 58 16.8  11  8.825.7 6.1
5036619621218 32.3 18.2  0.009900-99.9-99.9-99.9-99.9 5.3 3819.8 54 17.3   6  4.817.3 4.5
5036619621219 34.6 22.6  0.009900-99.9-99.9-99.9-99.9 6.8 4924.9 62 21.0   8  6.419.9 5.5
5036619621220 31.4 22.7  0.009900-99.9-99.9-99.9-99.9 4.2 3023.0 64 19.7   9  7.215.4 4.6
5036619621221 32.4 24.3 11.719900-99.9-99.9-99.9-99.9 1.2  921.9 58 19.0   6  4.810.1 3.7
5036619621222 32.4 21.0  0.009900-99.9-99.9-99.9-99.9 4.4 3223.2 65 19.9  16 12.815.7 5.1
5036619621223 34.9 21.5  1.319900-99.9-99.9-99.9-99.9 9.1 6625.1 58 21.2   9  7.224.0 6.2
5036619621224 31.7 23.1  0.009900-99.9-99.9-99.9-99.9 6.0 4422.8 64 19.6   9  7.218.5 5.2
5036619621225 32.1 17.9  0.009900-99.9-99.9-99.9-99.9 7.5 5421.2 58 18.4   6  4.821.2 5.0
5036619621226 34.6 21.2  0.009900-99.9-99.9-99.9-99.9 6.0 4421.8 55 18.9  10  8.018.5 5.5
5036619621227 30.1 19.4  0.009900-99.9-99.9-99.9-99.9 5.9 4312.8 38 10.6   7  5.618.4 5.1
5036619621228 32.6 20.1  0.009900-99.9-99.9-99.9-99.9 4.6 3319.5 52 17.1   8  6.416.1 4.7
5036619621229 36.0 22.4 23.419900-99.9-99.9-99.9-99.9 4.9 3621.0 54 18.3  21 16.816.6 6.9
5036619621230 29.6 17.7  0.009900-99.9-99.9-99.9-99.9 9.5 6920.2 64 17.7   6  4.824.7 5.3
5036619621231 32.5 17.7  0.009900-99.9-99.9-99.9-99.910.4 7619.8 57 17.3   4  3.226.3 5.7
5036619630101 37.1 19.3  0.009900-99.9-99.9-99.9-99.9 9.6 7026.6 53 22.1   8  6.424.9 6.2
5036619630102 39.7 21.4  0.009900-99.9-99.9-99.9-99.9 9.5 6923.3 47 20.0   1  0.824.7 5.9
5036619630103 38.6 24.8  0.009900-99.9-99.9-99.9-99.9 8.2 6024.8 50 21.0   8  6.422.4 6.5
5036619630104 41.3 25.4  0.009900-99.9-99.9-99.9-99.9 6.4 4722.7 41 19.5   7  5.619.2 6.2
5036619630105 34.8 23.7  1.819900-99.9-99.9-99.9-99.9 2.0 1524.7 63 20.9  19 15.211.4 5.3
5036619630106 28.4 21.2  0.009900-99.9-99.9-99.9-99.9 5.0 3624.5 77 20.8   6  4.816.7 4.0
5036619630107 34.7 22.5  0.009900-99.9-99.9-99.9-99.9 6.8 5027.8 69 22.8   1  0.819.9 4.8
5036619630108 28.9 19.1 11.819900-99.9-99.9-99.9-99.9 0.1  124.1 88 20.5   5  4.0 8.1 2.4
5036619630109 25.2 17.0  8.519900-99.9-99.9-99.9-99.9 0.0  021.7 89 18.8   9  7.2 7.9 2.1
5036619630110 17.1 13.4  6.119900-99.9-99.9-99.9-99.9 0.0  015.6 95 13.6  13 10.4 7.9 1.8
5036619630111 18.5 13.1  0.519900-99.9-99.9-99.9-99.9 0.3  214.6 79 12.6   4  3.2 8.4 1.9
5036619630112 23.2 15.2  0.009900-99.9-99.9-99.9-99.9 0.1  118.1 79 15.9   1  0.8 8.0 1.9
5036619630113 26.6 18.7  0.009900-99.9-99.9-99.9-99.9 0.6  421.6 77 18.7   1  0.8 8.9 2.3
5036619630114 30.0 20.8  1.419900-99.9-99.9-99.9-99.9 5.3 3925.2 74 21.2   6  4.817.2 4.1
5036619630115 27.4 19.3 22.119900-99.9-99.9-99.9-99.9 0.2  123.4 89 20.0   9  7.2 8.2 2.5
5036619630116 30.8 19.0  0.009900-99.9-99.9-99.9-99.9 9.1 6722.4 68 19.3   4  3.223.9 5.2
5036619630117 32.0 19.6  0.119900-99.9-99.9-99.9-99.9 6.1 4522.6 62 19.5   8  6.418.6 4.8
5036619630118 33.6 22.8  0.009900-99.9-99.9-99.9-99.9 8.8 6523.9 66 20.4   5  4.023.3 5.7
5036619630119 34.2 20.5  0.009900-99.9-99.9-99.9-99.9 9.2 6822.3 56 19.2   4  3.224.0 5.6
5036619630120 35.0 21.8  1.619900-99.9-99.9-99.9-99.9 7.4 5524.9 58 21.0   3  2.420.8 5.1
5036619630121 32.0 21.9101.719900-99.9-99.9-99.9-99.9 4.1 3025.4 74 21.4  18 14.415.0 4.9
5036619630122 24.8 18.7 11.119900-99.9-99.9-99.9-99.9 0.7  524.0 92 20.4   3  2.4 9.0 2.0
5036619630123 26.2 19.4  1.019900-99.9-99.9-99.9-99.9 0.3  224.2 86 20.6   3  2.4 8.3 2.1
5036619630124 31.6 22.4  0.319900-99.9-99.9-99.9-99.9 4.3 3228.4 80 23.2   1  0.815.3 3.7
5036619630125 30.6 24.4  0.119900-99.9-99.9-99.9-99.9 3.1 2329.1 80 23.6   9  7.213.1 3.7
5036619630126 32.7 24.1 46.819900-99.9-99.9-99.9-99.9 6.8 5130.6 78 24.4   6  4.819.6 4.9
5036619630127 26.8 20.0 13.719900-99.9-99.9-99.9-99.9 0.0  023.1 90 19.8  16 12.8 7.7 2.8
5036619630128 28.5 19.8  0.009900-99.9-99.9-99.9-99.9 2.5 1923.1 75 19.8   0  0.012.0 2.8
5036619630129 29.8 18.6  0.419900-99.9-99.9-99.9-99.9 7.1 5321.5 69 18.7   8  6.420.1 4.7
5036619630130 30.8 18.9  0.009900-99.9-99.9-99.9-99.910.5 79-9.9-99-99.9 -99-99.926.0-9.9
5036619630131 32.1 20.4  0.009900-99.9-99.9-99.9-99.910.0 75-9.9-99-99.9 -99-99.925.1-9.9
5036619630201 32.8 17.5  0.009900-99.9-99.9-99.9-99.9 9.0 6822.6 64 19.5   3  2.423.3 5.0
5036619630202 32.4 18.4  0.009900-99.9-99.9-99.9-99.9 7.0 5322.1 64 19.1   5  4.019.8 4.6
5036619630203 28.9 20.4  0.319900-99.9-99.9-99.9-99.9 2.0 1522.5 72 19.4   7  5.611.0 3.2
5036619630204 29.4 21.4 10.619900-99.9-99.9-99.9-99.9 7.0 5321.3 61 18.5   8  6.419.7 4.9
5036619630205 30.7 19.9  0.009900-99.9-99.9-99.9-99.9 6.9 5221.5 60 18.7   8  6.419.5 4.8
5036619630206 30.4 21.8  1.319900-99.9-99.9-99.9-99.9 9.7 7425.2 72 21.2   6  4.824.3 5.4
5036619630207 27.1 20.4  0.319900-99.9-99.9-99.9-99.9 1.7 1321.7 75 18.8   1  0.810.4 2.6
5036619630208 33.4 21.1  3.619900-99.9-99.9-99.9-99.9 7.5 5724.3 69 20.6   4  3.220.4 4.9
5036619630209 33.0 23.2 81.719900-99.9-99.9-99.9-99.9 8.6 6623.7 68 20.2   3  2.422.3 5.2
5036619630210 25.6 19.3  7.719900-99.9-99.9-99.9-99.9 0.3  222.3 83 19.2   6  4.8 7.9 2.2
5036619630211 29.1 19.7  0.619900-99.9-99.9-99.9-99.9 5.7 4423.6 76 20.2   1  0.817.2 3.7
5036619630212 30.4 21.5  1.619900-99.9-99.9-99.9-99.9 3.5 2725.4 78 21.4   3  2.413.4 3.3
5036619630213 31.7 21.4 45.319900-99.9-99.9-99.9-99.9 8.6 6628.2 81 23.1   3  2.422.1 4.9
5036619630214 27.7 20.7 19.619900-99.9-99.9-99.9-99.9 0.7  524.1 92 20.5   5  4.0 8.5 2.4
5036619630215 29.4 19.4  0.009900-99.9-99.9-99.9-99.9 7.8 6023.3 72 20.0   1  0.820.7 4.2
5036619630216 30.6 21.9  6.619900-99.9-99.9-99.9-99.9 3.8 2925.6 81 21.5   1  0.813.8 3.3
5036619630217 30.4 21.9  3.419900-99.9-99.9-99.9-99.9 5.1 3927.7 85 22.8   3  2.415.9 3.7
5036619630218 25.6 20.4 39.719900-99.9-99.9-99.9-99.9 0.3  225.6 94 21.5   9  7.2 7.7 2.0
5036619630219 26.7 18.5  0.219900-99.9-99.9-99.9-99.9 0.8  621.7 82 18.8   2  1.6 8.5 2.2
5036619630220 30.4 18.9  0.009900-99.9-99.9-99.9-99.9 9.7 7620.8 66 18.1   2  1.623.6 4.8
5036619630221 29.2 19.5  4.919900-99.9-99.9-99.9-99.9 4.1 3222.6 73 19.5   1  0.814.1 3.2
5036619630222 27.7 20.1  0.009900-99.9-99.9-99.9-99.9 3.5 2722.2 76 19.2   4  3.213.0 3.1
5036619630223 28.4 19.8 12.519900-99.9-99.9-99.9-99.9 3.9 3123.0 81 19.7   3  2.413.6 3.2
5036619630224 22.7 18.3  9.019900-99.9-99.9-99.9-99.9 0.3  221.0 90 18.3   3  2.4 7.5 1.8
5036619630225 27.7 18.4  0.219900-99.9-99.9-99.9-99.9 6.9 5419.7 71 17.3   2  1.618.6 3.8
5036619630226 27.4 18.2  0.009900-99.9-99.9-99.9-99.9 5.3 4220.6 71 18.0   6  4.815.9 3.6
5036619630227 31.0 20.0  0.009900-99.9-99.9-99.9-99.9 8.3 6622.2 67 19.2   6  4.820.8 4.7
5036619630228 32.5 19.1  0.009900-99.9-99.9-99.9-99.9 9.2 7324.4 69 20.7   7  5.622.3 5.0
5036619630301 29.8 21.1 10.019900-99.9-99.9-99.9-99.9 4.4 3524.6 78 20.8   4  3.214.2 3.4
5036619630302 29.4 19.2  0.009900-99.9-99.9-99.9-99.9 5.4 4325.3 78 21.3   3  2.415.8 3.4
5036619630303 32.5 20.9 42.719900-99.9-99.9-99.9-99.9 9.1 7228.1 76 23.0   2  1.621.9 4.7
5036619630304 29.6 21.2  0.009900-99.9-99.9-99.9-99.9 5.1 4126.6 84 22.1   6  4.815.2 3.5
5036619630305 35.0 22.4  0.009900-99.9-99.9-99.9-99.910.7 8628.0 75 23.0   4  3.224.4 5.6
5036619630306 32.8 23.4  3.319900-99.9-99.9-99.9-99.9 5.9 4728.4 77 23.2   6  4.816.4 4.2
5036619630307 26.1 20.5  6.619900-99.9-99.9-99.9-99.9 0.0  024.0 91 20.4   6  4.8 6.7 1.9
5036619630308 22.3 18.5 33.619900-99.9-99.9-99.9-99.9 0.0  022.3 95 19.2   7  5.6 6.6 1.6
5036619630309 20.8 15.4  1.119900-99.9-99.9-99.9-99.9 0.0  017.7 83 15.6   4  3.2 6.6 1.6
5036619630310 25.7 17.4  1.019900-99.9-99.9-99.9-99.9 2.5 2020.5 83 17.9   2  1.610.6 2.3
5036619630311 27.0 18.9  6.419900-99.9-99.9-99.9-99.9 1.6 1324.1 83 20.5   5  4.0 9.1 2.2
5036619630312 24.4 18.4  0.319900-99.9-99.9-99.9-99.9 0.0  020.2 89 17.7   4  3.2 6.5 1.9
5036619630313 24.3 19.4  0.009900-99.9-99.9-99.9-99.9 0.5  421.2 83 18.4   1  0.8 7.3 1.8
5036619630314 26.7 19.5  0.009900-99.9-99.9-99.9-99.9 0.4  324.2 88 20.6   1  0.8 7.1 1.8
5036619630315 32.5 20.9 50.419900-99.9-99.9-99.9-99.9 5.6 4626.5 82 22.0  12  9.615.3 4.1
5036619630316 24.2 20.4  0.219900-99.9-99.9-99.9-99.9 0.0  024.0 91 20.4   8  6.4 6.4 1.7
5036619630317 32.0 19.7  0.009900-99.9-99.9-99.9-99.9 5.3 4327.3 79 22.5   3  2.414.7 3.3
5036619630318 29.3 17.8  0.319900-99.9-99.9-99.9-99.9 0.7  618.8 74 16.5   9  7.2 7.4 2.8
5036619630319 20.1 13.2  0.009900-99.9-99.9-99.9-99.9 0.0  012.0 61  9.7   1  0.8 6.3 1.8
5036619630320 25.8 15.8  0.009900-99.9-99.9-99.9-99.9 3.7 3116.1 66 14.1   8  6.412.0 3.1
5036619630321 23.3 18.5  0.319900-99.9-99.9-99.9-99.9 0.4  319.0 78 16.7   0  0.0 6.8 1.7
5036619630322 25.0 17.3  0.009900-99.9-99.9-99.9-99.9 0.7  620.7 82 18.1   4  3.2 7.2 1.8
5036619630323 27.0 17.8  0.009900-99.9-99.9-99.9-99.9 2.9 2422.2 81 19.2   3  2.410.6 2.3
5036619630324 27.1 20.2 33.719900-99.9-99.9-99.9-99.9 2.6 2223.3 83 20.0  11  8.810.1 2.8
5036619630325 25.4 17.2  0.819900-99.9-99.9-99.9-99.9 2.3 1920.4 87 17.8   1  0.8 9.6 2.0
5036619630326 21.9 19.0  1.619900-99.9-99.9-99.9-99.9 0.0  019.4 83 17.0   8  6.4 6.0 1.8
5036619630327 19.5 13.0  0.119900-99.9-99.9-99.9-99.9 0.0  012.8 78 10.6   1  0.8 6.0 1.6
5036619630328 17.7 11.7  0.009900-99.9-99.9-99.9-99.9 0.0  013.9 82 11.9   6  4.8 5.9 1.4
5036619630329 20.7 13.4  0.009900-99.9-99.9-99.9-99.9 2.6 2215.2 79 13.2   5  4.0 9.8 2.0
5036619630330 24.3 14.7  0.009900-99.9-99.9-99.9-99.9 2.4 2017.1 73 15.0   1  0.8 9.5 2.0
5036619630331 29.4 14.8  0.009900-99.9-99.9-99.9-99.9 6.9 5820.4 72 17.8   1  0.816.1 2.9
5036619630401 29.4 17.4  0.009900-99.9-99.9-99.9-99.9 6.0 5121.9 72 19.0   6  4.814.7 3.1
5036619630402 31.0 17.9  0.009900-99.9-99.9-99.9-99.910.0 8522.4 70 19.3   6  4.820.6 4.1
5036619630403 23.9 19.4  0.219900-99.9-99.9-99.9-99.9 0.0  023.6 91 20.2   1  0.8 5.7 1.3
5036619630404 25.8 19.5  0.219900-99.9-99.9-99.9-99.9 0.1  124.6 90 20.8   1  0.8 5.8 1.4
5036619630405 29.3 21.3  0.009900-99.9-99.9-99.9-99.9 3.7 3224.8 81 21.0   3  2.411.0 2.6
5036619630406 29.1 20.1  0.009900-99.9-99.9-99.9-99.9 5.7 4925.0 78 21.1   1  0.813.9 2.8
5036619630407 28.5 17.4  7.919900-99.9-99.9-99.9-99.9 6.5 5621.1 87 18.4   6  4.815.0 3.1
5036619630408 26.2 14.4  0.519900-99.9-99.9-99.9-99.9 5.7 4919.5 77 17.1   0  0.013.7 2.3
5036619630409 23.1 17.9  0.419900-99.9-99.9-99.9-99.9 0.3  318.8 88 16.5   6  4.8 5.9 1.8
5036619630410 23.5 17.9 11.219900-99.9-99.9-99.9-99.9 1.7 1520.6 82 18.0   2  1.6 7.8 1.7
5036619630411 22.5 15.3  0.009900-99.9-99.9-99.9-99.9 0.6  518.5 86 16.3   0  0.0 6.2 1.3
5036619630412 23.0 16.8  0.009900-99.9-99.9-99.9-99.9 2.9 2519.9 83 17.4   6  4.8 9.4 1.9
5036619630413 26.5 16.7  0.009900-99.9-99.9-99.9-99.9 5.8 5120.9 79 18.2   1  0.813.5 2.4
5036619630414 27.0 17.0  0.009900-99.9-99.9-99.9-99.9 9.3 8121.3 78 18.5   1  0.818.3 3.0
5036619630415 23.6 15.5 11.419900-99.9-99.9-99.9-99.9 0.1  117.7 86 15.6   6  4.8 5.4 1.6
5036619630416 19.2 15.0  0.009900-99.9-99.9-99.9-99.9 0.0  014.7 80 12.7   3  2.4 5.2 1.4
5036619630417 24.6 13.0  0.009900-99.9-99.9-99.9-99.9 7.1 6217.5 77 15.4   0  0.015.0 2.2
5036619630418 24.2 15.6  0.009900-99.9-99.9-99.9-99.9 5.7 5016.8 76 14.8   2  1.613.0 2.2
5036619630419 26.5 11.4  0.009900-99.9-99.9-99.9-99.910.0 8816.2 74 14.2   0  0.018.8 2.5
5036619630420 27.3 12.8  0.009900-99.9-99.9-99.9-99.910.0 8817.2 73 15.1   0  0.018.7 2.6
5036619630421 28.7 13.3  0.009900-99.9-99.9-99.9-99.9 9.6 8517.7 68 15.6   8  6.418.0 3.1
5036619630422 29.3 14.6  0.009900-99.9-99.9-99.9-99.9 9.6 8520.9 73 18.2   2  1.617.9 2.8
5036619630423 29.5 16.6  0.009900-99.9-99.9-99.9-99.9 8.9 7921.5 75 18.7   3  2.416.9 2.9
5036619630424 31.2 18.5  0.009900-99.9-99.9-99.9-99.9 7.5 6723.5 74 20.1   0  0.014.9 2.7
5036619630425 30.9 18.7  0.009900-99.9-99.9-99.9-99.9 7.7 6923.7 76 20.2   0  0.015.1 2.7
5036619630426 30.1 19.6  0.009900-99.9-99.9-99.9-99.9 9.2 8224.3 74 20.6   6  4.817.0 3.3
5036619630427 25.7 18.4  0.519900-99.9-99.9-99.9-99.9 3.1 2823.7 86 20.2   3  2.4 8.9 1.7
5036619630428 23.2 19.4  3.919900-99.9-99.9-99.9-99.9 0.6  521.2 84 18.4   1  0.8 5.5 1.3
5036619630429 27.4 19.2  0.009900-99.9-99.9-99.9-99.9 4.1 3722.2 82 19.2   4  3.210.1 2.1
5036619630430 29.5 16.3  0.009900-99.9-99.9-99.9-99.9 7.2 6521.5 75 18.7   0  0.014.0 2.3
5036619630501 28.9 18.5  0.009900-99.9-99.9-99.9-99.9 8.2 74-9.9-99-99.9 -99-99.915.2-9.9
5036619630502 28.0 17.9 16.219900-99.9-99.9-99.9-99.9 6.3 57-9.9-99-99.9 -99-99.912.7-9.9
5036619630503 21.8 13.4  3.119900-99.9-99.9-99.9-99.9 2.1 1914.2 82 12.2   4  3.2 7.3 1.7
5036619630504 18.3 11.3  0.009900-99.9-99.9-99.9-99.9 2.7 25-9.9-99-99.9 -99-99.9 8.0-9.9
5036619630505 19.4  8.5  0.009900-99.9-99.9-99.9-99.9 6.2 57-9.9-99-99.9 -99-99.912.3-9.9
5036619630506 22.8 11.4  0.009900-99.9-99.9-99.9-99.9 7.2 6614.3 74 12.3   4  3.213.5 1.9
5036619630507 23.7 10.9  0.009900-99.9-99.9-99.9-99.9 8.0 7315.6 79 13.6   0  0.014.4 1.7
5036619630508 25.0 11.1  0.009900-99.9-99.9-99.9-99.9 8.7 8016.4 78 14.4   1  0.815.2 1.9
5036619630509 20.7 15.3  0.009900-99.9-99.9-99.9-99.9 1.5 14-9.9-99-99.9 -99-99.9 6.3-9.9
5036619630510 24.1 13.3  0.009900-99.9-99.9-99.9-99.9 7.5 69-9.9-99-99.9 -99-99.913.6-9.9
5036619630511 17.9 12.3  0.619900-99.9-99.9-99.9-99.9 0.0  0-9.9-99-99.9 -99-99.9 4.3-9.9
5036619630512 17.6 10.3  0.009900-99.9-99.9-99.9-99.9 4.4 41-9.9-99-99.9 -99-99.9 9.7-9.9
5036619630513 15.6  8.3  0.519900-99.9-99.9-99.9-99.9 0.0  0-9.9-99-99.9 -99-99.9 4.3-9.9
5036619630514 19.8 13.3  2.619900-99.9-99.9-99.9-99.9 2.4 22-9.9-99-99.9 -99-99.9 7.2-9.9
5036619630515 15.3 10.9  3.419900-99.9-99.9-99.9-99.9 0.0  0-9.9-99-99.9 -99-99.9 4.2-9.9
5036619630516 13.6 10.4  1.719900-99.9-99.9-99.9-99.9 0.0  0-9.9-99-99.9 -99-99.9 4.2-9.9
5036619630517 16.5 11.7  0.009900-99.9-99.9-99.9-99.9 0.0  0-9.9-99-99.9 -99-99.9 4.2-9.9
5036619630518 21.0 12.2  0.009900-99.9-99.9-99.9-99.9 1.5 14-9.9-99-99.9 -99-99.9 5.9-9.9
5036619630519 18.6  8.8  0.009900-99.9-99.9-99.9-99.9 0.6  6-9.9-99-99.9 -99-99.9 4.8-9.9
5036619630520 22.2 11.1  0.009900-99.9-99.9-99.9-99.9 2.9 27-9.9-99-99.9 -99-99.9 7.5-9.9
5036619630521 23.2 12.2  0.009900-99.9-99.9-99.9-99.9 0.5  5-9.9-99-99.9 -99-99.9 4.7-9.9
5036619630522 25.1 11.8  0.419900-99.9-99.9-99.9-99.9 4.0 38-9.9-99-99.9 -99-99.9 8.7-9.9
5036619630523 18.9 11.9  1.619900-99.9-99.9-99.9-99.9 0.0  0-9.9-99-99.9 -99-99.9 4.0-9.9
5036619630524 15.0 10.7  0.009900-99.9-99.9-99.9-99.9 0.0  0-9.9-99-99.9 -99-99.9 4.0-9.9
5036619630525 20.0 10.8  0.009900-99.9-99.9-99.9-99.9 5.4 51-9.9-99-99.9 -99-99.910.2-9.9
5036619630526 21.0 10.7  0.009900-99.9-99.9-99.9-99.9 2.0 19-9.9-99-99.9 -99-99.9 6.3-9.9
5036619630527 23.5 10.4  0.009900-99.9-99.9-99.9-99.9 6.4 60-9.9-99-99.9 -99-99.911.3-9.9
5036619630528 25.1 12.8  0.009900-99.9-99.9-99.9-99.9 4.2 40-9.9-99-99.9 -99-99.9 8.7-9.9
5036619630529 22.0 16.1  0.009900-99.9-99.9-99.9-99.9 1.2 11-9.9-99-99.9 -99-99.9 5.3-9.9
5036619630530 24.2 16.3  0.009900-99.9-99.9-99.9-99.9 0.7  7-9.9-99-99.9 -99-99.9 4.7-9.9
5036619630531 23.7 15.4 10.819900-99.9-99.9-99.9-99.9 1.7 16-9.9-99-99.9 -99-99.9 5.8-9.9
5036619630601 17.7 15.0  4.019900-99.9-99.9-99.9-99.9 0.0  0-9.9-99-99.9 -99-99.9 3.9-9.9
5036619630602 17.8 14.8  0.009900-99.9-99.9-99.9-99.9 0.0  0-9.9-99-99.9 -99-99.9 3.9-9.9
5036619630603 21.2 12.8  0.009900-99.9-99.9-99.9-99.9 2.1 20-9.9-99-99.9 -99-99.9 6.2-9.9
5036619630604 22.8 11.4  0.009900-99.9-99.9-99.9-99.9 7.5 71-9.9-99-99.9 -99-99.912.2-9.9
5036619630605 18.1 11.0  0.009900-99.9-99.9-99.9-99.9 0.0  0-9.9-99-99.9 -99-99.9 3.8-9.9
5036619630606 19.5 14.4  0.009900-99.9-99.9-99.9-99.9 0.0  0-9.9-99-99.9 -99-99.9 3.8-9.9
5036619630607 21.4  9.2  0.009900-99.9-99.9-99.9-99.9 4.3 41-9.9-99-99.9 -99-99.9 8.6-9.9
5036619630608 22.6 10.9  0.009900-99.9-99.9-99.9-99.9 0.7  7-9.9-99-99.9 -99-99.9 4.6-9.9
5036619630609 23.7 15.7  0.009900-99.9-99.9-99.9-99.9 0.3  3-9.9-99-99.9 -99-99.9 4.1-9.9
5036619630610 21.5 13.8  2.619901-99.9-99.9-99.9-99.9 0.0  0-9.9-99-99.9 -99-99.9 3.8-9.9
5036619630611 17.7 11.8  0.419900-99.9-99.9-99.9-99.9 0.0  0-9.9-99-99.9 -99-99.9 3.8-9.9
5036619630612 14.3 10.1  0.009900-99.9-99.9-99.9-99.9 0.0  0-9.9-99-99.9 -99-99.9 3.7-9.9
5036619630613 16.7 11.4  0.009900-99.9-99.9-99.9-99.9 0.0  0-9.9-99-99.9 -99-99.9 3.7-9.9
5036619630614 16.2 11.3  1.119900-99.9-99.9-99.9-99.9 0.0  0-9.9-99-99.9 -99-99.9 3.7-9.9
5036619630615 14.9  9.0  0.009900-99.9-99.9-99.9-99.9 2.2 21-9.9-99-99.9 -99-99.9 6.1-9.9
5036619630616 13.0  1.5  0.009900-99.9-99.9-99.9-99.9 0.0  0-9.9-99-99.9 -99-99.9 3.7-9.9
5036619630617 15.6  6.6  0.009900-99.9-99.9-99.9-99.9 5.1 49-9.9-99-99.9 -99-99.9 9.3-9.9
5036619630618 15.5  1.7  0.009900-99.9-99.9-99.9-99.9 1.2 12-9.9-99-99.9 -99-99.9 5.0-9.9
5036619630619 19.8  2.3  0.009900-99.9-99.9-99.9-99.9 2.2 21-9.9-99-99.9 -99-99.9 6.1-9.9
5036619630620 16.7  2.9  0.009900-99.9-99.9-99.9-99.9 2.1 20-9.9-99-99.9 -99-99.9 6.0-9.9
5036619630621 14.6  4.0  0.009900-99.9-99.9-99.9-99.9 2.1 20-9.9-99-99.9 -99-99.9 6.0-9.9
5036619630622 17.1  3.9  0.009900-99.9-99.9-99.9-99.9 5.7 55-9.9-99-99.9 -99-99.9 9.9-9.9
5036619630623 21.3  3.4  0.009900-99.9-99.9-99.9-99.9 5.9 57-9.9-99-99.9 -99-99.910.1-9.9
5036619630624 21.4  7.3  0.009900-99.9-99.9-99.9-99.9 6.8 65-9.9-99-99.9 -99-99.911.1-9.9
5036619630625 23.1  7.6  0.009900-99.9-99.9-99.9-99.9 5.9 57-9.9-99-99.9 -99-99.910.1-9.9
5036619630626 22.8 10.4  0.009900-99.9-99.9-99.9-99.9 1.8 17-9.9-99-99.9 -99-99.9 5.7-9.9
5036619630627 26.6  9.4  0.009900-99.9-99.9-99.9-99.9 5.1 49-9.9-99-99.9 -99-99.9 9.3-9.9
5036619630628 19.0 12.4  0.319900-99.9-99.9-99.9-99.9 0.0  0-9.9-99-99.9 -99-99.9 3.7-9.9
5036619630629 18.0 13.8  2.719900-99.9-99.9-99.9-99.9 0.1  1-9.9-99-99.9 -99-99.9 3.8-9.9
5036619630630 15.5 12.5  1.519900-99.9-99.9-99.9-99.9 0.0  0-9.9-99-99.9 -99-99.9 3.7-9.9
5036619630701 12.9 10.9  0.719900-99.9-99.9-99.9-99.9 0.0  0-9.9-99-99.9 -99-99.9 3.7-9.9
5036619630702 12.1  8.9  1.019900-99.9-99.9-99.9-99.9 0.0  0-9.9-99-99.9 -99-99.9 3.7-9.9
5036619630703 12.4  9.4  0.719900-99.9-99.9-99.9-99.9 0.0  0-9.9-99-99.9 -99-99.9 3.8-9.9
5036619630704 16.5 10.4  0.419900-99.9-99.9-99.9-99.9 0.0  0-9.9-99-99.9 -99-99.9 3.8-9.9
5036619630705 21.6  9.5  0.009900-99.9-99.9-99.9-99.9 5.9 56-9.9-99-99.9 -99-99.910.3-9.9
5036619630706 23.1  8.3  0.009900-99.9-99.9-99.9-99.9 3.4 32-9.9-99-99.9 -99-99.9 7.5-9.9
5036619630707 21.8 13.6  0.009900-99.9-99.9-99.9-99.9 1.5 14-9.9-99-99.9 -99-99.9 5.4-9.9
5036619630708 21.2 11.2  0.009900-99.9-99.9-99.9-99.9 2.4 23-9.9-99-99.9 -99-99.9 6.5-9.9
5036619630709 22.7  8.1  0.009900-99.9-99.9-99.9-99.9 3.9 37-9.9-99-99.9 -99-99.9 8.1-9.9
5036619630710 17.7  8.8  0.009900-99.9-99.9-99.9-99.9 0.4  4-9.9-99-99.9 -99-99.9 4.3-9.9
5036619630711 20.7 10.3  0.009900-99.9-99.9-99.9-99.9 0.6  6-9.9-99-99.9 -99-99.9 4.5-9.9
5036619630712 20.0 12.3  0.009900-99.9-99.9-99.9-99.9 0.1  1-9.9-99-99.9 -99-99.9 4.0-9.9
5036619630713 19.6 11.9  0.719900-99.9-99.9-99.9-99.9 1.1 10-9.9-99-99.9 -99-99.9 5.1-9.9
5036619630714 17.2 14.7  4.819900-99.9-99.9-99.9-99.9 0.0  0-9.9-99-99.9 -99-99.9 3.9-9.9
5036619630715 16.1 11.1  9.719900-99.9-99.9-99.9-99.9 0.0  0-9.9-99-99.9 -99-99.9 3.9-9.9
5036619630716 11.1  9.6  1.219900-99.9-99.9-99.9-99.9 0.0  0-9.9-99-99.9 -99-99.9 3.9-9.9
5036619630717 16.4  9.4  0.009900-99.9-99.9-99.9-99.9 0.0  0-9.9-99-99.9 -99-99.9 3.9-9.9
5036619630718 18.7  6.2  0.009900-99.9-99.9-99.9-99.9 0.1  1-9.9-99-99.9 -99-99.9 4.1-9.9
5036619630719 19.4  9.4  0.009900-99.9-99.9-99.9-99.9 4.5 42-9.9-99-99.9 -99-99.9 9.1-9.9
5036619630720 16.5  9.3  9.219900-99.9-99.9-99.9-99.9 0.0  0-9.9-99-99.9 -99-99.9 4.0-9.9
5036619630721  9.6  5.7  0.519900-99.9-99.9-99.9-99.9 0.0  0-9.9-99-99.9 -99-99.9 4.0-9.9
5036619630722 19.0  1.8  0.009900-99.9-99.9-99.9-99.9 7.9 74-9.9-99-99.9 -99-99.913.2-9.9
5036619630723 21.3  3.3  0.009900-99.9-99.9-99.9-99.9 7.5 70-9.9-99-99.9 -99-99.912.8-9.9
5036619630724 20.8  6.9  0.009900-99.9-99.9-99.9-99.9 7.9 74-9.9-99-99.9 -99-99.913.3-9.9
5036619630725 21.0  6.1  0.009900-99.9-99.9-99.9-99.9 7.9 74-9.9-99-99.9 -99-99.913.3-9.9
5036619630726 24.0  7.2  0.009900-99.9-99.9-99.9-99.9 7.5 70-9.9-99-99.9 -99-99.912.9-9.9
5036619630727 23.4  8.6  0.009900-99.9-99.9-99.9-99.9 3.5 33-9.9-99-99.9 -99-99.9 8.3-9.9
5036619630728 26.3  9.7  0.009900-99.9-99.9-99.9-99.9 3.5 33-9.9-99-99.9 -99-99.9 8.3-9.9
5036619630729 26.2 10.9  0.009900-99.9-99.9-99.9-99.9 3.4 32-9.9-99-99.9 -99-99.9 8.2-9.9
5036619630730 24.2 12.5  0.119900-99.9-99.9-99.9-99.9 0.0  0-9.9-99-99.9 -99-99.9 4.2-9.9
5036619630731 19.6 13.9  1.419900-99.9-99.9-99.9-99.9 0.0  0-9.9-99-99.9 -99-99.9 4.2-9.9
5036619630801 13.9 11.9  0.009900-99.9-99.9-99.9-99.9 0.0  0-9.9-99-99.9 -99-99.9 4.3-9.9
5036619630802 20.2  6.7  0.009900-99.9-99.9-99.9-99.9 3.8 35-9.9-99-99.9 -99-99.9 8.9-9.9
5036619630803 21.4  6.4  0.009900-99.9-99.9-99.9-99.9 6.7 62-9.9-99-99.9 -99-99.912.5-9.9
5036619630804 15.8  7.9  0.009900-99.9-99.9-99.9-99.9 0.0  0-9.9-99-99.9 -99-99.9 4.4-9.9
5036619630805 17.9  1.3  0.009900-99.9-99.9-99.9-99.9 7.9 72-9.9-99-99.9 -99-99.914.1-9.9
5036619630806 17.3  1.4  0.009900-99.9-99.9-99.9-99.9 7.2 66-9.9-99-99.9 -99-99.913.3-9.9
5036619630807 18.7  1.9  0.009900-99.9-99.9-99.9-99.9 6.4 58-9.9-99-99.9 -99-99.912.4-9.9
5036619630808 20.3  1.9  0.009900-99.9-99.9-99.9-99.9 6.5 59-9.9-99-99.9 -99-99.912.6-9.9
5036619630809 22.1  3.7  0.009900-99.9-99.9-99.9-99.9 7.8 71-9.9-99-99.9 -99-99.914.3-9.9
5036619630810 19.0  4.1  0.009900-99.9-99.9-99.9-99.9 5.4 49-9.9-99-99.9 -99-99.911.3-9.9
5036619630811 21.8  4.8  0.009900-99.9-99.9-99.9-99.9-9.9 99-9.9-99-99.9 -99-99.9-9.9-9.9
5036619630812 23.2  3.5  0.009900-99.9-99.9-99.9-99.9 7.0 63-9.9-99-99.9 -99-99.913.5-9.9
5036619630813 23.7  5.0  0.009900-99.9-99.9-99.9-99.9 5.8 52-9.9-99-99.9 -99-99.912.0-9.9
5036619630814 23.9  6.5  0.009900-99.9-99.9-99.9-99.9 6.5 59-9.9-99-99.9 -99-99.913.0-9.9
5036619630815 21.0  8.3  0.009900-99.9-99.9-99.9-99.9-9.9 99-9.9-99-99.9 -99-99.9-9.9-9.9
5036619630816 19.6  9.3  0.009900-99.9-99.9-99.9-99.9 2.4 22-9.9-99-99.9 -99-99.9 7.8-9.9
5036619630817 19.9  3.7  0.009900-99.9-99.9-99.9-99.9 8.6 77-9.9-99-99.9 -99-99.916.0-9.9
5036619630818 22.3-99.9  0.009900-99.9-99.9-99.9-99.9 7.5 67-9.9-99-99.9 -99-99.914.6-9.9
5036619630819 25.4  5.5  0.009900-99.9-99.9-99.9-99.9 7.9 70-9.9-99-99.9 -99-99.915.2-9.9
5036619630820 26.6  8.4  0.009900-99.9-99.9-99.9-99.9 5.4 48-9.9-99-99.9 -99-99.912.0-9.9
5036619630821 28.2 10.4  0.009900-99.9-99.9-99.9-99.9 7.9 70-9.9-99-99.9 -99-99.915.4-9.9
5036619630822 26.6 10.5  0.009900-99.9-99.9-99.9-99.9 6.5 58-9.9-99-99.9 -99-99.913.6-9.9
5036619630823 26.6  8.6  0.009900-99.9-99.9-99.9-99.9 6.5 58-9.9-99-99.9 -99-99.913.7-9.9
5036619630824 24.8 10.4  0.009900-99.9-99.9-99.9-99.9-9.9 99-9.9-99-99.9 -99-99.9-9.9-9.9
5036619630825 25.3  6.2  0.009900-99.9-99.9-99.9-99.9 6.1 54-9.9-99-99.9 -99-99.913.3-9.9
5036619630826 27.6 10.5  0.009900-99.9-99.9-99.9-99.9 8.1 71-9.9-99-99.9 -99-99.916.1-9.9
5036619630827 31.6 15.4  0.009900-99.9-99.9-99.9-99.9 8.3 73-9.9-99-99.9 -99-99.916.5-9.9
5036619630828 33.1 17.5  0.009900-99.9-99.9-99.9-99.9-9.9 99-9.9-99-99.9 -99-99.9-9.9-9.9
5036619630829 30.6 17.8  0.009900-99.9-99.9-99.9-99.9 8.0 70-9.9-99-99.9 -99-99.916.2-9.9
5036619630830 24.5 15.5  0.009900-99.9-99.9-99.9-99.9 0.0  0-9.9-99-99.9 -99-99.9 5.2-9.9
5036619630831 27.5 16.5  0.009900-99.9-99.9-99.9-99.9 7.7 67-9.9-99-99.9 -99-99.916.0-9.9
5036619630901 20.5 14.4  1.619900-99.9-99.9-99.9-99.9 0.0  0-9.9-99-99.9 -99-99.9 5.3-9.9
5036619630902 20.6 14.9  0.009900-99.9-99.9-99.9-99.9 0.0  0-9.9-99-99.9 -99-99.9 5.3-9.9
5036619630903 26.1 12.8  0.009900-99.9-99.9-99.9-99.9 0.0  0-9.9-99-99.9 -99-99.9 5.4-9.9
5036619630904 21.2 16.3  0.519900-99.9-99.9-99.9-99.9 0.3  3-9.9-99-99.9 -99-99.9 5.8-9.9
5036619630905 18.2 14.3  0.819900-99.9-99.9-99.9-99.9 0.0  016.3 95 14.3   0  0.0 5.4 1.1
5036619630906 16.8 13.9  0.119900-99.9-99.9-99.9-99.9 0.0  013.1 76 11.0   3  2.4 5.5 1.4
5036619630907 16.4 11.4  0.009900-99.9-99.9-99.9-99.9 0.0  011.9 72  9.5   2  1.6 5.5 1.4
5036619630908 15.5 11.0  0.009900-99.9-99.9-99.9-99.9 0.0  010.5 77  7.7   6  4.8 5.5 1.7
5036619630909 14.8 11.0  0.009900-99.9-99.9-99.9-99.9 0.0  0 9.7 65  6.5   1  0.8 5.6 1.4
5036619630910 12.9  9.5  5.619900-99.9-99.9-99.9-99.9 0.0  010.2 78  7.3   7  5.6 5.6 1.4
5036619630911  9.6  7.6  3.719900-99.9-99.9-99.9-99.9 0.0  010.3 94  7.4   2  1.6 5.7 0.9
5036619630912 10.0  6.4  0.719900-99.9-99.9-99.9-99.9 0.0  010.0 90  7.0   0  0.0 5.7 0.9
5036619630913 15.9  5.5  0.009900-99.9-99.9-99.9-99.9 2.5 2110.5 77  7.7   3  2.4 9.4 1.5
5036619630914 22.6  6.2  0.009900-99.9-99.9-99.9-99.9-9.9 9911.8 69  9.4   3  2.4-9.9-9.9
5036619630915 30.4  7.9  0.009900-99.9-99.9-99.9-99.9 9.2 7711.9 54  9.5   1  0.819.5 3.0
5036619630916 30.6  9.5  0.009900-99.9-99.9-99.9-99.9 8.5 7113.1 51 11.0   4  3.218.6 3.3
5036619630917 32.4 10.4  0.009900-99.9-99.9-99.9-99.9 6.8 5712.5 47 10.3   4  3.216.1 3.3
5036619630918 33.2 12.0  0.009900-99.9-99.9-99.9-99.9 5.7 4813.6 45 11.5   4  3.214.5 3.3
5036619630919 33.7 12.2  0.009900-99.9-99.9-99.9-99.9 5.7 4814.5 46 12.5   0  0.014.6 2.9
5036619630920 27.6 15.7  0.009900-99.9-99.9-99.9-99.9 4.7 3911.4 40  8.9   8  6.413.2 3.7
5036619630921 24.6  9.7  0.319900-99.9-99.9-99.9-99.9 3.8 3212.6 54 10.4   0  0.011.8 2.2
5036619630922 20.1 15.5  0.719900-99.9-99.9-99.9-99.9 0.0  016.7 87 14.7   0  0.0 6.1 1.4
5036619630923 28.4 12.3  0.009900-99.9-99.9-99.9-99.9 3.4 2817.3 64 15.2   8  6.411.3 2.7
5036619630924 28.6 14.9  0.009900-99.9-99.9-99.9-99.9 4.7 3919.1 68 16.8   3  2.413.4 2.8
5036619630925 23.3 15.0  0.009900-99.9-99.9-99.9-99.9 0.0  011.3 61  8.8   7  5.6 6.2 2.7
5036619630926 15.9 11.4  0.009900-99.9-99.9-99.9-99.9 0.0  011.4 70  8.9   1  0.8 6.2 1.5
5036619630927 16.2 12.2  0.009900-99.9-99.9-99.9-99.9 0.0  012.8 76 10.6   1  0.8 6.2 1.4
5036619630928 15.4 11.1  5.419900-99.9-99.9-99.9-99.9 0.0  012.8 91 10.6   6  4.8 6.3 1.4
5036619630929 11.3  8.5  7.119900-99.9-99.9-99.9-99.9 0.0  011.1 94  8.5   2  1.6 6.3 1.1
5036619630930 11.2  8.9  3.519900-99.9-99.9-99.9-99.9 0.0  011.7 91  9.3   4  3.2 6.4 1.1
5036619631001 19.0  8.8  0.009900-99.9-99.9-99.9-99.9 1.9 1510.6 66  7.8   3  2.4 9.4 2.0
5036619631002 17.1 11.2  0.009900-99.9-99.9-99.9-99.9 0.0  011.8 76  9.4   8  6.4 6.4 1.9
5036619631003 23.2 11.2  0.009900-99.9-99.9-99.9-99.9 4.3 3512.0 64  9.7   3  2.413.3 2.7
5036619631004 27.4  6.7  0.009900-99.9-99.9-99.9-99.9 5.7 4612.7 56 10.5   1  0.815.6 2.7
5036619631005 28.1 11.0  0.009900-99.9-99.9-99.9-99.9 8.8 7114.2 53 12.2  10  8.020.7 4.2
5036619631006 27.9 15.0  0.009900-99.9-99.9-99.9-99.9 2.4 1917.1 61 15.0   9  7.210.4 3.0
5036619631007 33.7 13.6  0.009900-99.9-99.9-99.9-99.9 8.7 7015.2 51 13.2   8  6.420.7 4.7
5036619631008 37.0 16.9  0.119900-99.9-99.9-99.9-99.9 9.0 7218.0 45 15.8   0  0.021.2 4.3
5036619631009 29.4 20.0  0.009900-99.9-99.9-99.9-99.9 7.6 6118.4 55 16.2   7  5.619.0 4.5
5036619631010 29.7 16.3  0.009900-99.9-99.9-99.9-99.9 5.8 4619.6 63 17.2   4  3.216.1 3.5
5036619631011 25.2 18.6  3.119900-99.9-99.9-99.9-99.9 0.0  021.0 80 18.3  14 11.2 6.7 2.4
5036619631012 20.1 16.1  1.119900-99.9-99.9-99.9-99.9 0.0  017.5 85 15.4   3  2.4 6.8 1.6
5036619631013 17.9 14.4  0.319900-99.9-99.9-99.9-99.9 0.0  015.8 86 13.8   3  2.4 6.8 1.5
5036619631014 19.9 13.4  0.009900-99.9-99.9-99.9-99.9 0.0  010.5 53  7.7   6  4.8 6.8 2.5
5036619631015 20.4 13.9  0.009900-99.9-99.9-99.9-99.9 0.0  012.2 63  9.9   3  2.4 6.8 2.1
5036619631016 22.5 13.7  0.319900-99.9-99.9-99.9-99.9 1.9 1512.2 57  9.9  16 12.810.0 3.6
5036619631017 20.7 12.2  0.009900-99.9-99.9-99.9-99.9 0.0  013.2 77 11.1   7  5.6 6.9 2.1
5036619631018 21.6 14.1  0.009900-99.9-99.9-99.9-99.9 0.0  013.7 66 11.6   3  2.4 6.9 2.0
5036619631019 29.4 12.0  0.009900-99.9-99.9-99.9-99.9 8.7 6812.9 47 10.7   6  4.821.5 4.4
5036619631020 30.5 14.4  0.009900-99.9-99.9-99.9-99.9 9.8 7716.2 54 14.2   5  4.023.4 4.7
5036619631021 31.4 15.3  0.009900-99.9-99.9-99.9-99.9 9.3 7316.7 48 14.7   8  6.422.6 5.0
5036619631022 26.7 15.5  3.919900-99.9-99.9-99.9-99.9 0.0  016.4 80 14.4  21 16.8 7.1 3.6
5036619631023 15.5 11.1  3.719900-99.9-99.9-99.9-99.9 0.0  013.9 93 11.9   6  4.8 7.1 1.4
5036619631024 16.5 11.8  0.819900-99.9-99.9-99.9-99.9 0.0  014.6 89 12.6   6  4.8 7.1 1.5
5036619631025 21.1 12.9  0.009900-99.9-99.9-99.9-99.9 2.1 1616.0 77 14.0   6  4.810.7 2.2
5036619631026 23.4 15.1  0.219900-99.9-99.9-99.9-99.9 0.4  318.2 76 16.0   6  4.8 7.8 2.0
5036619631027 27.5 14.1  0.009900-99.9-99.9-99.9-99.9 5.0 3919.1 69 16.8   6  4.815.7 3.3
5036619631028 25.2 17.1  0.009900-99.9-99.9-99.9-99.9 0.0  020.1 75 17.6   3  2.4 7.2 2.0
5036619631029 33.2 19.8  0.009900-99.9-99.9-99.9-99.910.1 7821.1 57 18.4   5  4.024.4 5.5
5036619631030 37.4 20.5  0.009900-99.9-99.9-99.9-99.910.1 7723.8 54 20.3   3  2.424.5 5.7
5036619631031 33.4 21.5  3.119900-99.9-99.9-99.9-99.9 6.6 5121.7 58 18.8  21 16.818.6 6.4
5036619631101 23.7 16.4  0.919900-99.9-99.9-99.9-99.9 0.4  316.3 76 14.3   0  0.0 8.0 2.1
5036619631102 24.9 17.9  0.009900-99.9-99.9-99.9-99.9 0.0  017.6 71 15.5   1  0.8 7.3 2.1
5036619631103 31.7 18.9  0.009900-99.9-99.9-99.9-99.9 8.9 6820.9 65 18.2   9  7.222.6 5.4
5036619631104 36.3 20.0  7.319900-99.9-99.9-99.9-99.910.1 7721.7 48 18.8   2  1.624.7 5.5
5036619631105 30.7 17.8  2.219900-99.9-99.9-99.9-99.9 0.0  020.3 84 17.7   6  4.8 7.4 2.7
5036619631106 24.0 19.1 10.719900-99.9-99.9-99.9-99.9 0.4  320.8 85 18.1   3  2.4 8.1 2.1
5036619631107 19.9 12.6  9.619900-99.9-99.9-99.9-99.9 0.0  015.1 95 13.1  15 12.0 7.5 2.2
5036619631108 15.1 10.4  1.819900-99.9-99.9-99.9-99.9 0.3  212.0 81  9.7  11  8.8 8.0 1.9
5036619631109 22.7 11.2  0.009900-99.9-99.9-99.9-99.919.810011.5 57  9.0 -99-99.930.4-9.9
5036619631110 28.4  9.6  0.009900-99.9-99.9-99.9-99.911.8 8912.6 48 10.4   3  2.427.9 4.8
5036619631111 33.4 11.8  0.009900-99.9-99.9-99.9-99.911.7 8813.4 39 11.3  14 11.227.8 6.5
5036619631112 30.5 14.4  0.009900-99.9-99.9-99.9-99.910.2 7715.4 48 13.4  10  8.025.2 5.6
5036619631113 30.5 19.1  4.119900-99.9-99.9-99.9-99.9 9.7 7318.3 56 16.1  13 10.424.4 6.1
5036619631114 27.0 14.5 16.819900-99.9-99.9-99.9-99.9 0.0  017.9 96 15.8   9  7.2 7.6 2.5
5036619631115 15.3 12.5  0.819900-99.9-99.9-99.9-99.9 0.0  014.9 92 12.9   3  2.4 7.6 1.5
5036619631116 25.5 12.4  4.219900-99.9-99.9-99.9-99.9 9.1 6818.2 69 16.0   7  5.623.4 4.2
5036619631117 22.7 14.4  6.119900-99.9-99.9-99.9-99.9 0.0  015.6 91 13.6   4  3.2 7.6 2.2
5036619631118 16.9 14.2 10.819900-99.9-99.9-99.9-99.9 0.0  017.2 96 15.1   2  1.6 7.7 1.5
5036619631119 16.4 11.9  4.819900-99.9-99.9-99.9-99.9 0.0  014.1 88 12.1   8  6.4 7.7 1.7
5036619631120 21.0 12.8  0.009900-99.9-99.9-99.9-99.9 4.1 3012.7 65 10.5   9  7.214.8 3.4
5036619631121 28.3 10.8  0.009900-99.9-99.9-99.9-99.911.6 8612.6 48 10.4  18 14.428.0 6.4
5036619631122 29.3 12.9  0.009900-99.9-99.9-99.9-99.911.1 8217.6 62 15.5   8  6.427.1 5.3
5036619631123 32.5 17.0  0.009900-99.9-99.9-99.9-99.9 9.8 7221.0 57 18.3   7  5.624.9 5.5
5036619631124 34.5 20.7  0.009900-99.9-99.9-99.9-99.9 7.6 5624.9 58 21.0   7  5.621.0 5.3
5036619631125 33.2 22.8  0.009900-99.9-99.9-99.9-99.910.8 8019.6 47 17.2  14 11.226.7 7.4
5036619631126 31.0 19.9  0.009900-99.9-99.9-99.9-99.9 5.7 4218.3 57 16.1   1  0.817.8 4.1
5036619631127 31.5 19.2  0.819900-99.9-99.9-99.9-99.9 6.8 5023.0 61 19.7   7  5.619.7 4.7
5036619631128 29.4 21.3  0.009900-99.9-99.9-99.9-99.9 4.2 3125.8 77 21.6  14 11.215.2 4.1
5036619631129 32.0 20.8 18.119900-99.9-99.9-99.9-99.9 6.7 4925.4 65 21.4  14 11.219.6 5.3
5036619631130 28.7 20.4  1.619900-99.9-99.9-99.9-99.9 0.0  022.6 83 19.5  12  9.6 7.8 3.0
5036619631201 21.2 16.9  0.719900-99.9-99.9-99.9-99.9 0.0  019.2 89 16.9   7  5.6 7.8 2.0
5036619631202 24.1 17.7 15.519900-99.9-99.9-99.9-99.9 0.1  121.5 85 18.7   4  3.2 8.0 2.0
5036619631203 21.3 15.9  2.219900-99.9-99.9-99.9-99.9 0.0  017.3 79 15.2   7  5.6 7.9 2.1
5036619631204 22.8 17.5  0.009900-99.9-99.9-99.9-99.9 2.2 1614.3 61 12.3   4  3.211.7 3.1
5036619631205 31.4 12.3  0.009900-99.9-99.9-99.9-99.910.6 7714.8 47 12.8   4  3.226.5 5.2
5036619631206 30.6 14.8  0.009900-99.9-99.9-99.9-99.9 9.4 6917.6 51 15.5  13 10.424.4 5.8
5036619631207 35.4 19.3  0.009900-99.9-99.9-99.9-99.9 9.7 7122.4 55 19.3   2  1.624.9 5.6
5036619631208 36.7 22.9 19.519900-99.9-99.9-99.9-99.9 8.1 5924.9 55 21.0   8  6.422.1 6.1
5036619631209 30.5 19.8  3.519900-99.9-99.9-99.9-99.9 0.0  0-9.9-99-99.9 -99-99.9 7.9-9.9
5036619631210 27.9 20.3  0.009900-99.9-99.9-99.9-99.9 1.3  9-9.9-99-99.9 -99-99.910.2-9.9
5036619631211 30.2 22.2  0.009900-99.9-99.9-99.9-99.9 3.8 28-9.9-99-99.9 -99-99.914.6-9.9
5036619631212 29.1 21.6 17.319900-99.9-99.9-99.9-99.9 7.8 57-9.9-99-99.9 -99-99.921.7-9.9
5036619631213 29.7 20.3  0.009900-99.9-99.9-99.9-99.9 6.8 49-9.9-99-99.9 -99-99.919.9-9.9
5036619631214 31.1 22.4 14.119900-99.9-99.9-99.9-99.9 6.1 44-9.9-99-99.9 -99-99.918.7-9.9
5036619631215 29.7 21.9  1.119900-99.9-99.9-99.9-99.9 0.8  6-9.9-99-99.9 -99-99.9 9.3-9.9
5036619631216 26.5 22.1  7.119900-99.9-99.9-99.9-99.9 0.4  3-9.9-99-99.9 -99-99.9 8.6-9.9
5036619631217 28.0 17.4 45.419900-99.9-99.9-99.9-99.9 0.1  1-9.9-99-99.9 -99-99.9 8.1-9.9
5036619631218 23.2 14.2  0.419900-99.9-99.9-99.9-99.9 3.1 22-9.9-99-99.9 -99-99.913.4-9.9
5036619631219 25.3 11.1  0.009900-99.9-99.9-99.9-99.910.0 73-9.9-99-99.9 -99-99.925.6-9.9
5036619631220 28.4 12.4  0.009900-99.9-99.9-99.9-99.910.7 78-9.9-99-99.9 -99-99.926.8-9.9
5036619631221 30.0 14.8  0.009900-99.9-99.9-99.9-99.9 9.2 67-9.9-99-99.9 -99-99.924.2-9.9
5036619631222 31.1 15.6  0.009900-99.9-99.9-99.9-99.910.5 76-9.9-99-99.9 -99-99.926.5-9.9
5036619631223 34.9 20.2  0.009900-99.9-99.9-99.9-99.9 9.1 66-9.9-99-99.9 -99-99.924.0-9.9
5036619631224 32.9 20.2  0.009900-99.9-99.9-99.9-99.9 6.7 49-9.9-99-99.9 -99-99.919.8-9.9
5036619631225 33.9 20.9  0.819900-99.9-99.9-99.9-99.9 4.0 29-9.9-99-99.9 -99-99.915.0-9.9
5036619631226 29.1 18.5  2.919900-99.9-99.9-99.9-99.9 3.3 24-9.9-99-99.9 -99-99.913.8-9.9
5036619631227 31.8 18.6  0.009900-99.9-99.9-99.9-99.9 6.8 49-9.9-99-99.9 -99-99.919.9-9.9
5036619631228 34.1 21.6  0.009900-99.9-99.9-99.9-99.9 8.7 63-9.9-99-99.9 -99-99.923.3-9.9
5036619631229 33.1 21.8  0.009900-99.9-99.9-99.9-99.9 7.8 57-9.9-99-99.9 -99-99.921.7-9.9
5036619631230 36.2 22.5  0.009900-99.9-99.9-99.9-99.9 9.7 70-9.9-99-99.9 -99-99.925.1-9.9
5036619631231 31.1 20.3  0.009900-99.9-99.9-99.9-99.9 7.3 53-9.9-99-99.9 -99-99.920.8-9.9
5036619640101 30.4 21.7  0.009900-99.9-99.9-99.9-99.9 7.2 52-9.9-99-99.9 -99-99.920.6-9.9
5036619640102 31.0 18.9 16.719900-99.9-99.9-99.9-99.9 3.0 22-9.9-99-99.9 -99-99.913.2-9.9
5036619640103 33.7 23.1  0.009900-99.9-99.9-99.9-99.9 7.6 55-9.9-99-99.9 -99-99.921.3-9.9
5036619640104 35.5 21.9  0.009900-99.9-99.9-99.9-99.9 6.9 50-9.9-99-99.9 -99-99.920.1-9.9
5036619640105 32.2 23.0  0.009900-99.9-99.9-99.9-99.9 5.2 38-9.9-99-99.9 -99-99.917.1-9.9
5036619640106 33.4 22.7  0.009900-99.9-99.9-99.9-99.9 8.3 61-9.9-99-99.9 -99-99.922.6-9.9
5036619640107 30.5 23.8  5.919900-99.9-99.9-99.9-99.9 0.0  0-9.9-99-99.9 -99-99.9 7.9-9.9
5036619640108 30.6 20.1  0.419900-99.9-99.9-99.9-99.9 5.3 39-9.9-99-99.9 -99-99.917.2-9.9
5036619640109 28.5 19.7 39.419900-99.9-99.9-99.9-99.9 1.0  7-9.9-99-99.9 -99-99.9 9.7-9.9
5036619640110 28.4 19.8  0.009900-99.9-99.9-99.9-99.9 2.8 20-9.9-99-99.9 -99-99.912.8-9.9
5036619640111 25.0 18.7 10.319900-99.9-99.9-99.9-99.9 0.1  1-9.9-99-99.9 -99-99.9 8.0-9.9
5036619640112 30.0 19.2  0.009900-99.9-99.9-99.9-99.9 6.4 47-9.9-99-99.9 -99-99.919.1-9.9
5036619640113 30.8 22.1  0.009900-99.9-99.9-99.9-99.9 5.3 39-9.9-99-99.9 -99-99.917.2-9.9
5036619640114 32.3 18.1  0.009900-99.9-99.9-99.9-99.9 9.8 72-9.9-99-99.9 -99-99.925.1-9.9
5036619640115 30.1 19.4  5.219900-99.9-99.9-99.9-99.9 6.1 45-9.9-99-99.9 -99-99.918.6-9.9
5036619640116 27.4 18.4  7.319900-99.9-99.9-99.9-99.9 4.9 36-9.9-99-99.9 -99-99.916.4-9.9
5036619640117 27.3 18.9  0.009900-99.9-99.9-99.9-99.9 3.2 24-9.9-99-99.9 -99-99.913.4-9.9
5036619640118 32.8 20.5  0.009900-99.9-99.9-99.9-99.9 9.4 69-9.9-99-99.9 -99-99.924.3-9.9
5036619640119 32.7 22.3 24.419900-99.9-99.9-99.9-99.9 7.6 56-9.9-99-99.9 -99-99.921.1-9.9
5036619640120 28.3 17.0  0.319900-99.9-99.9-99.9-99.9 1.8 13-9.9-99-99.9 -99-99.910.9-9.9
5036619640121 28.3 19.0  0.009900-99.9-99.9-99.9-99.9 7.8 58-9.9-99-99.9 -99-99.921.5-9.9
5036619640122 30.5 17.9  0.009900-99.9-99.9-99.9-99.9 9.4 70-9.9-99-99.9 -99-99.924.2-9.9
5036619640123 32.9 18.8  0.009900-99.9-99.9-99.9-99.910.8 80-9.9-99-99.9 -99-99.926.7-9.9
5036619640124 35.4 20.3  0.009900-99.9-99.9-99.9-99.910.2 76-9.9-99-99.9 -99-99.925.6-9.9
5036619640125 36.3 20.5  0.009900-99.9-99.9-99.9-99.9 9.8 73-9.9-99-99.9 -99-99.924.9-9.9
5036619640126 34.1 20.9  2.019900-99.9-99.9-99.9-99.9 9.2 69-9.9-99-99.9 -99-99.923.8-9.9
5036619640127 25.8 16.4  0.219900-99.9-99.9-99.9-99.9 2.5 19-9.9-99-99.9 -99-99.912.0-9.9
5036619640128 31.3 14.3  0.009900-99.9-99.9-99.9-99.9 7.3 55-9.9-99-99.9 -99-99.920.4-9.9
5036619640129 31.8 17.5  0.009900-99.9-99.9-99.9-99.910.9 82-9.9-99-99.9 -99-99.926.7-9.9
5036619640130 34.1 19.5  0.009900-99.9-99.9-99.9-99.911.4 86-9.9-99-99.9 -99-99.927.5-9.9
5036619640131 38.9 23.0  0.009900-99.9-99.9-99.9-99.911.5 86-9.9-99-99.9 -99-99.927.7-9.9
5036619640201 31.0 21.4  5.919900-99.9-99.9-99.9-99.9 1.3 10-9.9-99-99.9 -99-99.9 9.8-9.9
5036619640202 23.9 19.2  6.919900-99.9-99.9-99.9-99.9 0.2  2-9.9-99-99.9 -99-99.9 7.9-9.9
5036619640203 27.5 18.9  0.009900-99.9-99.9-99.9-99.9 1.1  8-9.9-99-99.9 -99-99.9 9.5-9.9
5036619640204 32.1 20.3  0.009900-99.9-99.9-99.9-99.9 6.3 48-9.9-99-99.9 -99-99.918.5-9.9
5036619640205 35.0 22.3  0.009900-99.9-99.9-99.9-99.9 8.9 67-9.9-99-99.9 -99-99.922.9-9.9
5036619640206 35.3 25.5  0.219900-99.9-99.9-99.9-99.9 3.4 26-9.9-99-99.9 -99-99.913.4-9.9
5036619640207 35.1 25.3 59.219900-99.9-99.9-99.9-99.9 6.2 47-9.9-99-99.9 -99-99.918.2-9.9
5036619640208 31.7 19.9  6.319900-99.9-99.9-99.9-99.9 1.1  8-9.9-99-99.9 -99-99.9 9.3-9.9
5036619640209 30.0 20.0  0.009900-99.9-99.9-99.9-99.9 6.7 51-9.9-99-99.9 -99-99.919.0-9.9
5036619640210 27.4 21.0 14.519900-99.9-99.9-99.9-99.9 2.1 16-9.9-99-99.9 -99-99.911.0-9.9
5036619640211 25.1 19.7  0.009900-99.9-99.9-99.9-99.9 1.5 11-9.9-99-99.9 -99-99.9 9.9-9.9
5036619640212 29.6 18.9  0.009900-99.9-99.9-99.9-99.9 6.4 49-9.9-99-99.9 -99-99.918.3-9.9
5036619640213 32.4 20.8  0.009900-99.9-99.9-99.9-99.910.2 78-9.9-99-99.9 -99-99.924.8-9.9
5036619640214 34.3 22.5  3.719900-99.9-99.9-99.9-99.9 8.4 65-9.9-99-99.9 -99-99.921.7-9.9
5036619640215 30.3 16.8  0.419900-99.9-99.9-99.9-99.9 0.0  0-9.9-99-99.9 -99-99.9 7.3-9.9
5036619640216 22.4 16.1  4.919900-99.9-99.9-99.9-99.9 0.5  4-9.9-99-99.9 -99-99.9 8.1-9.9
5036619640217 21.2 14.7 16.319900-99.9-99.9-99.9-99.9 0.0  0-9.9-99-99.9 -99-99.9 7.2-9.9
5036619640218 22.8 14.0  0.009900-99.9-99.9-99.9-99.9 0.3  2-9.9-99-99.9 -99-99.9 7.7-9.9
5036619640219 26.1 13.9  0.009900-99.9-99.9-99.9-99.9 7.1 5517.0 70 15.0   0  0.019.2 3.4
5036619640220 27.6 17.4  0.009900-99.9-99.9-99.9-99.9 9.6 7520.5 72 17.9   3  2.423.4 4.5
5036619640221 31.8 18.5  0.009900-99.9-99.9-99.9-99.910.6 8321.9 69 19.0   4  3.225.0 5.2
5036619640222 29.6 17.5  0.009900-99.9-99.9-99.9-99.9 9.0 7022.4 68 19.3   4  3.222.3 4.5
5036619640223 31.6 19.3  0.009900-99.9-99.9-99.9-99.9 9.3 7322.6 64 19.5   3  2.422.7 4.8
5036619640224 33.4 20.8  0.009900-99.9-99.9-99.9-99.910.5 8320.4 58 17.8   4  3.224.7 5.4
5036619640225 32.6 18.3  0.009900-99.9-99.9-99.9-99.9 8.8 6922.7 62 19.5   6  4.821.7 4.8
5036619640226 34.7 22.4  0.009900-99.9-99.9-99.9-99.910.1 8026.9 67 22.3   6  4.823.9 5.7
5036619640227 35.0 22.9  0.009900-99.9-99.9-99.9-99.9 9.9 7827.8 65 22.8   3  2.423.5 5.4
5036619640228 37.4 24.1  0.009900-99.9-99.9-99.9-99.910.4 8227.7 58 22.8   6  4.824.2 6.2
5036619640229 33.4 24.6  0.719900-99.9-99.9-99.9-99.9 5.3 4225.6 67 21.5   3  2.415.7 4.1
5036619640301 25.5 20.1  3.319900-99.9-99.9-99.9-99.9 0.0  023.0 86 19.7  13 10.4 6.8 2.3
5036619640302 24.5 19.3  0.419900-99.9-99.9-99.9-99.9 0.4  322.8 86 19.6   0  0.0 7.4 1.7
5036619640303 30.9 19.8 17.719900-99.9-99.9-99.9-99.9 6.3 5023.4 74 20.0   4  3.217.1 3.9
5036619640304 26.1 17.9 25.819900-99.9-99.9-99.9-99.9 0.0  020.8 94 18.1   7  5.6 6.7 2.1
5036619640305 18.5 13.8 22.919900-99.9-99.9-99.9-99.9 0.0  017.1 95 15.0  13 10.4 6.7 1.5
5036619640306 14.8 12.1  6.119900-99.9-99.9-99.9-99.9 0.0  014.5 93 12.5  11  8.8 6.7 1.3
5036619640307 20.6 12.6  0.219900-99.9-99.9-99.9-99.9 1.1  916.2 82 14.2   0  0.0 8.4 1.6
5036619640308 23.4 15.8  0.219900-99.9-99.9-99.9-99.9 4.3 3519.0 87 16.7   6  4.813.6 2.7
5036619640309 25.1 16.4  0.009900-99.9-99.9-99.9-99.9 0.0  022.6 85 19.5   3  2.4 6.5 1.5
5036619640310 28.5 19.3  0.009900-99.9-99.9-99.9-99.9 5.9 4824.4 80 20.7   5  4.016.0 3.4
5036619640311 32.9 20.9  0.009900-99.9-99.9-99.9-99.9 5.9 4827.0 71 22.4   6  4.816.0 3.9
5036619640312 29.8 23.3  2.319900-99.9-99.9-99.9-99.9 1.4 1128.4 80 23.2   1  0.8 8.7 2.3
5036619640313 27.4 21.2 41.619900-99.9-99.9-99.9-99.9 0.0  025.8 94 21.6   4  3.2 6.4 1.8
5036619640314 26.5 19.8  1.919900-99.9-99.9-99.9-99.9 0.8  723.7 84 20.2   2  1.6 7.6 1.9
5036619640315 26.0 20.1 88.619900-99.9-99.9-99.9-99.9 0.0  024.6 93 20.8   3  2.4 6.3 1.7
5036619640316 21.3 15.3  4.419900-99.9-99.9-99.9-99.9 0.0  017.4 90 15.3   3  2.4 6.3 1.6
5036619640317 22.7 16.4  0.009900-99.9-99.9-99.9-99.9 0.4  318.3 79 16.1  11  8.8 6.9 2.1
5036619640318 26.6 17.2  0.009900-99.9-99.9-99.9-99.9 3.2 2621.5 79 18.7   2  1.611.2 2.4
5036619640319 27.5 17.4  0.009900-99.9-99.9-99.9-99.9 1.8 1522.7 77 19.5   2  1.6 9.0 2.0
5036619640320 29.0 20.2  0.009900-99.9-99.9-99.9-99.9 2.2 1825.6 80 21.5   5  4.0 9.6 2.4
5036619640321 29.5 19.5  1.719900-99.9-99.9-99.9-99.9 4.1 3424.0 83 20.4  10  8.012.5 3.2
5036619640322 23.2 18.9  0.009900-99.9-99.9-99.9-99.9 0.0  022.9 90 19.7   3  2.4 6.1 1.4
5036619640323 25.0 18.4  0.319900-99.9-99.9-99.9-99.9 0.0  023.2 87 19.9   1  0.8 6.0 1.4
5036619640324 26.5 18.9  0.009900-99.9-99.9-99.9-99.9 1.5 1321.5 80 18.7   3  2.4 8.3 2.1
5036619640325 28.1 19.9  0.009900-99.9-99.9-99.9-99.9 1.5 1323.2 77 19.9   6  4.8 8.3 2.3
5036619640326 29.8 19.9  0.009900-99.9-99.9-99.9-99.9 7.4 6223.5 73 20.1   8  6.417.2 3.8
5036619640327 30.5 17.8 45.219900-99.9-99.9-99.9-99.9 7.6 6424.8 75 21.0   3  2.417.4 3.4
5036619640328 26.8 14.6  0.719900-99.9-99.9-99.9-99.9 0.0  014.3 81 12.3   9  7.2 5.8 2.7
5036619640329 17.3 10.9  0.009900-99.9-99.9-99.9-99.9 0.0  0 9.1 58  5.6   3  2.4 5.8 1.8
5036619640330 20.2  7.8  0.009900-99.9-99.9-99.9-99.9 5.1 4312.5 70 10.3   4  3.213.4 2.1
5036619640331 22.5 13.3  0.009900-99.9-99.9-99.9-99.9 5.4 4613.8 68 11.8   3  2.413.8 2.5
5036619640401 20.1 12.4  0.009900-99.9-99.9-99.9-99.9 0.2  2-9.9-99-99.9 -99-99.9 6.0-9.9
5036619640402 25.2 15.0  0.009900-99.9-99.9-99.9-99.9 4.6 39-9.9-99-99.9 -99-99.912.4-9.9
5036619640403 26.6 14.9  0.009900-99.9-99.9-99.9-99.9 2.3 20-9.9-99-99.9 -99-99.9 9.0-9.9
5036619640404 24.2 16.4  0.009900-99.9-99.9-99.9-99.9 0.0  0-9.9-99-99.9 -99-99.9 5.6-9.9
5036619640405 28.5 16.3  0.009900-99.9-99.9-99.9-99.9 6.2 53-9.9-99-99.9 -99-99.914.6-9.9
5036619640406 25.3 19.4  2.219900-99.9-99.9-99.9-99.9 0.0  0-9.9-99-99.9 -99-99.9 5.5-9.9
5036619640407 22.4 19.3  1.519900-99.9-99.9-99.9-99.9 0.0  022.1 93 19.1   2  1.6 5.5 1.3
5036619640408 27.2 19.1  0.119900-99.9-99.9-99.9-99.9 2.0 1724.3 85 20.6   3  2.4 8.3 1.9
5036619640409 30.6 21.6  7.119900-99.9-99.9-99.9-99.9 8.9 7727.5 79 22.7   3  2.418.1 3.6
5036619640410 29.4 22.1  0.009900-99.9-99.9-99.9-99.9 2.3 2028.0 84 23.0   3  2.4 8.6 2.1
5036619640411 30.0 21.4  0.009900-99.9-99.9-99.9-99.9 6.9 6027.6 86 22.7   5  4.015.1 3.2
5036619640412 31.0 19.9 28.119900-99.9-99.9-99.9-99.9 6.7 5824.5 81 20.8  10  8.014.7 3.5
5036619640413 19.9 16.2  2.919900-99.9-99.9-99.9-99.9 0.0  018.1 93 15.9   0  0.0 5.2 1.2
5036619640414 20.5 16.0  0.719900-99.9-99.9-99.9-99.9 0.4  418.2 90 16.0   4  3.2 5.8 1.3
5036619640415 24.3 16.4  0.009900-99.9-99.9-99.9-99.9 6.7 5919.6 81 17.2   5  4.014.4 2.5
5036619640416 24.9 18.3  0.009900-99.9-99.9-99.9-99.9 4.4 3920.0 80 17.5   1  0.811.2 2.1
5036619640417 24.8 13.3  0.009900-99.9-99.9-99.9-99.9 5.7 5017.3 77 15.2   6  4.812.9 2.3
5036619640418 24.4 13.2  7.219900-99.9-99.9-99.9-99.9 2.2 1918.1 78 15.9   0  0.0 8.0 1.5
5036619640419 20.6 15.8 14.519900-99.9-99.9-99.9-99.9 0.0  019.0 95 16.7   8  6.4 5.0 1.2
5036619640420 20.2 13.7  0.819900-99.9-99.9-99.9-99.9 0.0  016.3 85 14.3   3  2.4 5.0 1.2
5036619640421 20.4 14.8  0.219900-99.9-99.9-99.9-99.9 0.0  018.7 89 16.4   1  0.8 4.9 1.0
5036619640422 23.5 14.0  0.009900-99.9-99.9-99.9-99.9 2.7 2419.4 85 17.0   3  2.4 8.5 1.5
5036619640423 23.5 14.0  0.009900-99.9-99.9-99.9-99.9 2.7 2420.8 86 18.1   1  0.8 8.5 1.3
5036619640424 19.9 13.4  3.819900-99.9-99.9-99.9-99.9 0.0  015.1 95 13.1   1  0.8 4.8 1.2
5036619640425 15.1 13.2  4.419900-99.9-99.9-99.9-99.9 0.0  015.5 96 13.5   1  0.8 4.8 0.8
5036619640426 17.4 14.0  6.219900-99.9-99.9-99.9-99.9 0.0  016.8 93 14.8   2  1.6 4.8 0.9
5036619640427 18.9 12.9  0.319900-99.9-99.9-99.9-99.9 0.4  415.2 84 13.2   5  4.0 5.3 1.2
5036619640428 16.3 13.1  3.619900-99.9-99.9-99.9-99.9 0.0  013.9 88 11.9   4  3.2 4.7 1.1
5036619640429 16.6 12.7  2.419900-99.9-99.9-99.9-99.9 0.0  015.0 94 13.0   8  6.4 4.7 1.1
5036619640430 19.6 13.3  0.819900-99.9-99.9-99.9-99.9 0.9  815.3 84 13.3   2  1.6 5.8 1.2
5036619640501 16.5 12.0  3.319900-99.9-99.9-99.9-99.9 0.0  013.5 87 11.4   0  0.0 4.6 1.0
5036619640502 16.0 11.8  1.919900-99.9-99.9-99.9-99.9 0.0  012.8 83 10.6   3  2.4 4.6 1.1
5036619640503 18.2 11.6  0.009900-99.9-99.9-99.9-99.9 0.8  713.9 87 11.9   1  0.8 5.5 1.1
5036619640504 21.9  6.9  0.009900-99.9-99.9-99.9-99.9 8.3 7613.2 79 11.1   1  0.814.9 1.6
5036619640505 23.7  9.4  0.009900-99.9-99.9-99.9-99.9 9.1 8314.4 74 12.4   0  0.015.8 1.8
5036619640506 23.8  9.4  0.009900-99.9-99.9-99.9-99.9 9.1 8314.7 75 12.7   1  0.815.8 1.8
5036619640507 19.0 12.1  2.919900-99.9-99.9-99.9-99.9 0.0  015.1 81 13.1   3  2.4 4.4 1.0
5036619640508 17.0 11.9  0.719900-99.9-99.9-99.9-99.9 0.0  014.0 92 12.0   1  0.8 4.4 0.9
5036619640509 18.9 12.9  1.219900-99.9-99.9-99.9-99.9 0.4  416.0 89 14.0   0  0.0 4.8 0.9
5036619640510 24.0 10.9  0.009900-99.9-99.9-99.9-99.9 4.8 4417.1 80 15.0   0  0.010.2 1.4
5036619640511 26.7 13.9  0.009900-99.9-99.9-99.9-99.9 5.6 5218.7 79 16.4   0  0.011.1 1.7
5036619640512 25.0 15.6  0.009900-99.9-99.9-99.9-99.9 4.7 4420.1 83 17.6   3  2.4 9.9 1.6
5036619640513 26.6 17.1  0.009900-99.9-99.9-99.9-99.9 6.0 5620.0 80 17.5   4  3.211.5 2.0
5036619640514 25.3 13.9  0.009900-99.9-99.9-99.9-99.9 7.6 7120.4 83 17.8   5  4.013.3 1.8
5036619640515 25.5 14.4  0.009900-99.9-99.9-99.9-99.9 5.8 5420.7 84 18.1   3  2.411.1 1.6
5036619640516 25.5 14.4  0.009900-99.9-99.9-99.9-99.9 5.8 5421.1 80 18.4   5  4.011.0 1.6
5036619640517 28.4 15.8  0.009900-99.9-99.9-99.9-99.9 4.7 4422.5 82 19.4   1  0.8 9.7 1.6
5036619640518 25.2 18.8  0.419900-99.9-99.9-99.9-99.9 1.5 1422.5 83 19.4   9  7.2 5.9 1.5
5036619640519 21.8 17.8  0.009900-99.9-99.9-99.9-99.9 0.0  019.9 89 17.4   3  2.4 4.1 1.1
5036619640520 26.8 13.8  0.009900-99.9-99.9-99.9-99.9 2.9 2719.1 80 16.8   0  0.0 7.5 1.3
5036619640521 24.2 13.7  0.009900-99.9-99.9-99.9-99.9 3.4 3219.5 87 17.1   1  0.8 8.0 1.2
5036619640522 25.1 17.1  0.009900-99.9-99.9-99.9-99.9 1.5 1421.3 83 18.5   3  2.4 5.8 1.2
5036619640523 28.0 15.4  0.009900-99.9-99.9-99.9-99.9 7.5 7121.0 81 18.3   3  2.412.7 1.9
5036619640524 26.3 15.6  0.009900-99.9-99.9-99.9-99.9 7.1 6720.8 81 18.1   5  4.012.1 1.8
5036619640525 25.9 16.4  0.009900-99.9-99.9-99.9-99.9 7.6 7219.9 82 17.4   5  4.012.7 1.9
5036619640526 20.7 15.4  0.009900-99.9-99.9-99.9-99.9 0.0  016.6 88 14.6   0  0.0 3.9 1.0
5036619640527 17.7 14.9  2.019900-99.9-99.9-99.9-99.9 0.0  017.7 93 15.6   1  0.8 3.9 0.7
5036619640528 16.9 14.5  2.919900-99.9-99.9-99.9-99.9 0.0  016.6 95 14.6   1  0.8 3.9 0.7
5036619640529 17.9 14.7  0.219900-99.9-99.9-99.9-99.9 0.0  017.7 93 15.6   0  0.0 3.9 0.7
5036619640530 21.6 16.0  0.119900-99.9-99.9-99.9-99.9 3.2 3018.5 89 16.3   3  2.4 7.5 1.2
5036619640531 23.7 12.3  0.009900-99.9-99.9-99.9-99.9 5.9 5618.5 84 16.3   3  2.410.5 1.3
5036619640601 24.3 11.6  0.009900-99.9-99.9-99.9-99.9 5.8 5517.6 85 15.5   3  2.410.3 1.3
5036619640602 21.3 13.3  0.009900-99.9-99.9-99.9-99.9 2.8 2717.1 88 15.0   1  0.8 7.0 1.0
5036619640603 22.6 11.3  7.819900-99.9-99.9-99.9-99.9 1.4 1316.0 87 14.0  13 10.4 5.4 1.4
5036619640604 18.1  5.9  0.009900-99.9-99.9-99.9-99.9 7.1 68 9.7 75  6.5   1  0.811.7 1.0
5036619640605 19.0  4.0  0.009900-99.9-99.9-99.9-99.9 7.8 74 8.9 74  5.3   3  2.412.4 1.1
5036619640606 18.1  3.5  0.009900-99.9-99.9-99.9-99.9 5.2 5010.3 76  7.4   3  2.4 9.5 0.9
5036619640607 19.5  5.4  0.009900-99.9-99.9-99.9-99.9 7.6 7311.0 78  8.4   1  0.812.2 1.0
5036619640608 23.0  5.8  0.009900-99.9-99.9-99.9-99.9 1.9 1812.2 78  9.9   0  0.0 5.9 1.0
5036619640609 13.0  8.4  0.009900-99.9-99.9-99.9-99.9 0.0  010.0 73  7.0   8  6.4 3.8 1.1
5036619640610 15.0  4.6  0.009900-99.9-99.9-99.9-99.9 0.0  0 7.4 66  2.7   6  4.8 3.7 1.3
5036619640611 19.0  1.9  0.009900-99.9-99.9-99.9-99.9 4.1 39 8.4 73  4.5   0  0.0 8.2 0.9
5036619640612 20.4  2.3  0.009900-99.9-99.9-99.9-99.9 7.6 73 9.4 71  6.1   2  1.612.0 1.0
5036619640613 20.4  4.9  0.009900-99.9-99.9-99.9-99.9 4.3 4110.9 77  8.2   0  0.0 8.4 0.9
5036619640614 19.0  9.8  0.009900-99.9-99.9-99.9-99.9 0.7  712.8 78 10.6   3  2.4 4.5 1.0
5036619640615 20.1 10.5  0.009900-99.9-99.9-99.9-99.9 4.3 4111.5 74  9.0   0  0.0 8.4 1.1
5036619640616 15.3  7.5  5.319900-99.9-99.9-99.9-99.9 0.0  011.1 83  8.5   3  2.4 3.7 0.8
5036619640617 10.0  6.3  1.519900-99.9-99.9-99.9-99.9 0.0  0 9.6 95  6.4   4  3.2 3.7 0.7
5036619640618 11.1  6.8  0.009900-99.9-99.9-99.9-99.9 0.0  010.6 90  7.8   3  2.4 3.7 0.6
5036619640619 12.8  9.1  0.009900-99.9-99.9-99.9-99.9 0.0  011.4 87  8.9   0  0.0 3.7 0.7
5036619640620 13.5 10.6  0.009900-99.9-99.9-99.9-99.9 0.0  011.6 83  9.2   3  2.4 3.7 0.8
5036619640621 13.2  9.9  0.009900-99.9-99.9-99.9-99.9 0.0  012.3 89 10.0   1  0.8 3.7 0.7
5036619640622 17.2  5.1  0.009900-99.9-99.9-99.9-99.9 2.6 2511.0 85  8.4   3  2.4 6.5 0.8
5036619640623 16.7  6.8  0.009900-99.9-99.9-99.9-99.9 0.0  012.5 79 10.3   1  0.8 3.7 0.7
5036619640624 14.2  9.9  0.009900-99.9-99.9-99.9-99.9 1.0 1010.3 74  7.4   6  4.8 4.8 1.2
5036619640625 18.6  2.4  0.009900-99.9-99.9-99.9-99.9 6.8 65 9.0 76  5.4   0  0.011.1 0.8
5036619640626 16.5  3.3  0.009900-99.9-99.9-99.9-99.9 5.9 57 8.7 74  5.0   4  3.210.2 1.0
5036619640627 18.0  2.9  0.009900-99.9-99.9-99.9-99.9 5.3 51 8.5 69  4.6   3  2.4 9.5 1.0
5036619640628 10.9  8.2  0.009900-99.9-99.9-99.9-99.9 0.0  0 8.1 70  3.9   3  2.4 3.7 1.0
5036619640629  9.0  5.2  0.009900-99.9-99.9-99.9-99.9 0.0  0 7.9 79  3.6   2  1.6 3.7 0.8
5036619640630 14.4 -0.2  0.009900-99.9-99.9-99.9-99.9 4.1 39 7.5 75  2.9   0  0.0 8.2 0.7
5036619640701 14.9  0.5  0.009900-99.9-99.9-99.9-99.9 5.7 55 8.0 75  3.8   3  2.410.0 0.8
5036619640702 11.1  6.2  0.009900-99.9-99.9-99.9-99.9 0.0  0 8.3 72  4.3   6  4.8 3.8 1.0
5036619640703 10.7  6.8  0.009900-99.9-99.9-99.9-99.9 0.0  0 8.8 79  5.1   0  0.0 3.8 0.7
5036619640704 11.0  6.1  0.009900-99.9-99.9-99.9-99.9 0.1  1 8.5 82  4.6   3  2.4 3.9 0.9
5036619640705 13.5 -0.8  0.009900-99.9-99.9-99.9-99.9 2.6 25 7.6 79  3.0   0  0.0 6.7 0.7
5036619640706 18.6  0.9  0.009900-99.9-99.9-99.9-99.9 7.2 69 8.3 72  4.3   4  3.211.8 1.1
5036619640707 19.4  4.1  0.009900-99.9-99.9-99.9-99.9 5.4 51 9.2 65  5.8  14 11.2 9.8 1.8
5036619640708 14.4  5.6  0.009900-99.9-99.9-99.9-99.9 0.0  0 8.6 68  4.8   1  0.8 3.8 0.9
5036619640709 17.6  2.3  0.009900-99.9-99.9-99.9-99.9 7.7 73 8.6 74  4.8   4  3.212.4 1.1
5036619640710 21.5  2.6  0.009900-99.9-99.9-99.9-99.9 8.0 76 9.6 70  6.4   1  0.812.8 1.1
5036619640711 22.6  4.5  0.009900-99.9-99.9-99.9-99.9 8.0 76 9.7 65  6.5   3  2.412.8 1.3
5036619640712 21.8  6.5  0.009900-99.9-99.9-99.9-99.9 2.4 2312.2 73  9.9   0  0.0 6.6 1.0
5036619640713 23.2  9.9  0.009900-99.9-99.9-99.9-99.9 6.8 6413.7 77 11.6   1  0.811.6 1.3
5036619640714 27.0  8.6  0.009900-99.9-99.9-99.9-99.9 7.3 6914.1 75 12.1   1  0.812.2 1.4
5036619640715 17.4  9.4  0.009900-99.9-99.9-99.9-99.9 1.0  9 9.9 62  6.8   4  3.2 5.1 1.3
5036619640716 19.6  3.8  0.009900-99.9-99.9-99.9-99.9 7.7 73 8.1 59  3.9   4  3.212.7 1.4
5036619640717 21.1  3.6  0.009900-99.9-99.9-99.9-99.9 6.3 59 8.2 60  4.1   0  0.011.2 1.1
5036619640718 20.6  3.4  0.009900-99.9-99.9-99.9-99.9 7.9 74 8.7 66  5.0   1  0.813.0 1.2
5036619640719 21.0  3.2  0.009900-99.9-99.9-99.9-99.9 7.8 73 8.2 63  4.1   3  2.413.0 1.4
5036619640720 22.5  3.0  0.009900-99.9-99.9-99.9-99.9 7.9 74 8.0 58  3.8   2  1.613.2 1.4
5036619640721 21.0  3.6  0.009900-99.9-99.9-99.9-99.9 7.8 73 8.9 65  5.3   4  3.213.1 1.4
5036619640722 17.2  9.5  0.009900-99.9-99.9-99.9-99.9 0.0  0 9.4 58  6.1   4  3.2 4.1 1.4
5036619640723 15.1  7.9  5.019900-99.9-99.9-99.9-99.9 0.0  0 9.3 80  5.9   3  2.4 4.1 1.2
5036619640724 17.4  4.4  0.009900-99.9-99.9-99.9-99.9 7.0 65 9.9 77  6.8   3  2.412.3 1.2
5036619640725 20.4  3.4  0.009900-99.9-99.9-99.9-99.9 8.0 75 8.2 65  4.1   4  3.213.6 1.5
5036619640726 21.0  4.3  0.009900-99.9-99.9-99.9-99.9 8.5 79 8.7 66  5.0   0  0.014.2 1.3
5036619640727 22.4  3.9  0.009900-99.9-99.9-99.9-99.9 8.6 80 8.9 61  5.3   4  3.214.4 1.6
5036619640728 21.8  4.8  0.009900-99.9-99.9-99.9-99.9 8.1 75 9.4 65  6.1   1  0.813.9 1.4
5036619640729 22.7  4.9  0.009900-99.9-99.9-99.9-99.9 8.4 78 9.4 62  6.1   0  0.014.3 1.4
5036619640730 23.6  6.4  0.009900-99.9-99.9-99.9-99.9 5.1 47 9.9 60  6.8   1  0.810.4 1.5
5036619640731 19.7  5.9  0.009900-99.9-99.9-99.9-99.9 6.1 56 7.7 52  3.2  11  8.811.7 2.3
5036619640801 15.0  7.8  0.009900-99.9-99.9-99.9-99.9 7.0 64 6.9 53  1.7   6  4.812.8 1.8
5036619640802 20.0  1.3  0.009900-99.9-99.9-99.9-99.9 7.7 71 6.7 58  1.3   6  4.813.8 1.8
5036619640803 20.3  1.0  0.009900-99.9-99.9-99.9-99.9 8.7 80 6.9 57  1.7   3  2.415.1 1.5
5036619640804 20.7  1.1  0.009900-99.9-99.9-99.9-99.9 5.4 49 6.4 49  0.6   6  4.811.1 1.8
5036619640805 22.5  3.4  0.009900-99.9-99.9-99.9-99.9 9.0 82 7.7 53  3.2   6  4.815.6 2.0
5036619640806 22.9  6.5  0.009900-99.9-99.9-99.9-99.9 5.5 50 9.5 55  6.2   3  2.411.3 1.7
5036619640807 23.2  5.8  0.009900-99.9-99.9-99.9-99.9 2.0 18 7.2 40  2.3  12  9.6 7.0 2.8
5036619640808 21.1  4.8  0.009900-99.9-99.9-99.9-99.9 7.4 67 7.9 56  3.6   1  0.813.8 1.6
5036619640809 21.4  2.0  0.009900-99.9-99.9-99.9-99.9 7.9 72 7.7 57  3.2   2  1.614.5 1.6
5036619640810 23.3  3.4  0.009900-99.9-99.9-99.9-99.9 8.3 75 8.3 58  4.3   1  0.815.1 1.7
5036619640811 24.8  4.4  0.009900-99.9-99.9-99.9-99.9 8.7 79 9.1 53  5.6   3  2.415.7 2.0
5036619640812 25.2  6.4  0.009900-99.9-99.9-99.9-99.9 8.2 7410.0 58  7.0   6  4.815.2 2.3
5036619640813 28.9  8.9  0.009900-99.9-99.9-99.9-99.9 6.8 6112.1 58  9.8   1  0.813.4 2.0
5036619640814 20.2 12.0  0.009900-99.9-99.9-99.9-99.9 4.1 37 7.8 41  3.4   8  6.410.0 2.6
5036619640815 18.3  7.9  0.009900-99.9-99.9-99.9-99.9 5.9 53 7.4 55  2.7   5  4.012.4 2.1
5036619640816 20.6  0.5  0.009900-99.9-99.9-99.9-99.9 8.7 78 7.7 57  3.2   3  2.416.2 1.7
5036619640817 21.4  4.4  0.009900-99.9-99.9-99.9-99.9 7.9 7110.5 66  7.7   3  2.415.2 1.8
5036619640818 23.9  7.1  0.009900-99.9-99.9-99.9-99.9-9.9 99 9.2 57  5.8   6  4.8-9.9-9.9
5036619640819 23.9  5.2  0.009900-99.9-99.9-99.9-99.9 8.8 78 8.6 50  4.8   7  5.616.6 2.5
5036619640820 17.4  7.3  0.009900-99.9-99.9-99.9-99.9 0.0  0 8.1 66  3.9   1  0.8 4.9 1.4
5036619640821 20.5  2.0  0.009900-99.9-99.9-99.9-99.9 8.2 73 8.1 61  3.9   8  6.415.9 2.2
5036619640822 21.3  2.5  0.009900-99.9-99.9-99.9-99.9 4.7 42 7.4 52  2.7   7  5.611.3 2.2
5036619640823 22.2  6.6  0.009900-99.9-99.9-99.9-99.9 7.5 66 8.8 59  5.1   0  0.015.2 1.9
5036619640824 25.8  5.4  0.009900-99.9-99.9-99.9-99.9 9.0 79 9.0 50  5.4   3  2.417.3 2.4
5036619640825 26.8  6.3  0.009900-99.9-99.9-99.9-99.9 9.2 81 9.3 47  5.9   1  0.817.7 2.3
5036619640826 28.2  6.4  0.009900-99.9-99.9-99.9-99.9 8.7 7610.7 55  8.0   4  3.217.1 2.6
5036619640827 30.2 10.5  0.009900-99.9-99.9-99.9-99.9 9.2 8012.9 53 10.7   2  1.617.9 2.8
5036619640828 34.7 12.3  0.009900-99.9-99.9-99.9-99.9 8.3 7216.2 53 14.2   6  4.816.7 3.4
5036619640829 25.7 14.7  0.009900-99.9-99.9-99.9-99.9 5.3 46 5.4 28 -1.7   8  6.412.6 3.6
5036619640830 23.8  3.6  0.009900-99.9-99.9-99.9-99.9 8.0 69 6.2 42  0.2   1  0.816.5 2.2
5036619640831 28.7  7.2  0.009900-99.9-99.9-99.9-99.9 5.1 44 7.6 35  3.0   4  3.212.5 2.7
5036619640901 21.5  5.6  0.009900-99.9-99.9-99.9-99.9 0.0  0 6.5 45  0.9   6  4.8 5.4 2.3
5036619640902 19.5  1.6  0.009900-99.9-99.9-99.9-99.9 8.7 75 5.0 37 -2.7   8  6.417.7 2.8
5036619640903 22.5  1.1  0.009900-99.9-99.9-99.9-99.9 7.0 60 6.2 43  0.2   9  7.215.4 2.8
5036619640904 24.2  3.9  0.009900-99.9-99.9-99.9-99.9 9.3 80 7.8 45  3.4   1  0.818.8 2.4
5036619640905 29.2  5.4  0.009900-99.9-99.9-99.9-99.9 9.0 77 8.3 40  4.3   0  0.018.5 2.5
5036619640906 30.4  8.9  0.009900-99.9-99.9-99.9-99.9 8.3 71 9.9 42  6.8   4  3.217.5 3.1
5036619640907 24.1 15.4  0.009900-99.9-99.9-99.9-99.9 2.3 2011.3 50  8.8   6  4.8 8.9 2.8
5036619640908 20.1 11.9  2.819900-99.9-99.9-99.9-99.9 0.0  012.7 79 10.5   1  0.8 5.6 1.5
5036619640909 13.3  8.0  2.919900-99.9-99.9-99.9-99.9 0.0  011.7 97  9.3   9  7.2 5.6 1.1
5036619640910 14.6  9.4  0.219900-99.9-99.9-99.9-99.9 0.0  011.4 82  8.9   2  1.6 5.7 1.2
5036619640911 24.8 11.4  0.009900-99.9-99.9-99.9-99.9 4.8 4111.8 66  9.4   3  2.412.8 2.5
5036619640912 26.6  7.4  0.009900-99.9-99.9-99.9-99.9 9.0 7611.8 51  9.4  13 10.419.1 3.7
5036619640913 28.8  9.8  0.009900-99.9-99.9-99.9-99.9 9.2 7710.8 47  8.1   2  1.619.5 3.1
5036619640914 33.0 11.4  0.009900-99.9-99.9-99.9-99.9 8.9 7512.2 45  9.9   3  2.419.2 3.5
5036619640915 35.5 16.7  0.009900-99.9-99.9-99.9-99.9 8.1 6814.6 41 12.6   1  0.818.1 3.6
5036619640916 28.3 16.2  0.009900-99.9-99.9-99.9-99.9 5.3 44 8.2 30  4.1   6  4.813.9 3.7
5036619640917 30.0  8.6  0.009900-99.9-99.9-99.9-99.9 6.6 5511.2 45  8.6   5  4.016.0 3.2
5036619640918 32.3 13.9  0.009900-99.9-99.9-99.9-99.9 6.0 5012.6 41 10.4   8  6.415.1 4.0
5036619640919 27.4 15.4  0.009900-99.9-99.9-99.9-99.9 1.7 14 9.6 42  6.4   4  3.2 8.6 3.0
5036619640920 26.9 10.8  0.009900-99.9-99.9-99.9-99.9 7.8 65 9.3 40  5.9   6  4.818.0 3.6
5036619640921 28.2 10.2  0.009900-99.9-99.9-99.9-99.9 7.9 6510.4 43  7.5   6  4.818.3 3.6
5036619640922 28.4 11.1  0.009900-99.9-99.9-99.9-99.9 4.2 3513.2 49 11.1   6  4.812.6 3.0
5036619640923 30.0 17.0  0.009900-99.9-99.9-99.9-99.9 4.0 3316.5 58 14.5   9  7.212.4 3.6
5036619640924 32.9 14.8  0.009900-99.9-99.9-99.9-99.9 5.9 4914.7 45 12.7   6  4.815.4 3.8
5036619640925 34.5 14.5  0.009900-99.9-99.9-99.9-99.9 7.0 5715.2 47 13.2   8  6.417.2 4.4
5036619640926 31.7 15.3  2.719900-99.9-99.9-99.9-99.9 4.5 3714.4 50 12.4  13 10.413.3 4.5
5036619640927 23.7 13.9  0.009900-99.9-99.9-99.9-99.9 2.4 2015.8 72 13.8   9  7.210.1 2.6
5036619640928 23.6 15.7  0.009900-99.9-99.9-99.9-99.9 0.9  716.8 75 14.8   4  3.2 7.8 2.1
5036619640929 27.5 12.7  0.009900-99.9-99.9-99.9-99.9 6.4 5215.7 63 13.7  11  8.816.5 3.7
5036619640930 20.8 13.4  0.009900-99.9-99.9-99.9-99.9 0.0  0 8.0 42  3.8   4  3.2 6.4 2.5
5036619641001 19.3 12.8  0.009900-99.9-99.9-99.9-99.9 0.0  010.8 60  8.1   7  5.6 6.4 2.3
5036619641002 23.3 14.1  0.009900-99.9-99.9-99.9-99.9 3.2 2611.6 60  9.2   3  2.411.6 2.7
5036619641003 25.0 11.1  0.009900-99.9-99.9-99.9-99.9 4.3 3512.0 54  9.7   4  3.213.4 2.9
5036619641004 28.8 10.6  0.009900-99.9-99.9-99.9-99.9 6.3 5111.4 42  8.9   9  7.216.7 4.0
5036619641005 29.2 13.3  0.009900-99.9-99.9-99.9-99.9 4.7 3811.5 42  9.0   8  6.414.2 3.9
5036619641006 26.5  9.9  0.009900-99.9-99.9-99.9-99.9 6.2 5011.4 47  8.9   1  0.816.7 3.0
5036619641007 26.0 11.9  0.009900-99.9-99.9-99.9-99.9 3.9 3111.0 47  8.4   9  7.213.0 3.6
5036619641008 19.8  9.4  0.009900-99.9-99.9-99.9-99.9 0.0  011.6 83  9.2   3  2.4 6.7 1.8
5036619641009 20.7  8.6  0.009900-99.9-99.9-99.9-99.9 2.0 1611.3 65  8.8   9  7.210.0 2.5
5036619641010 26.9  7.8  0.009900-99.9-99.9-99.9-99.911.1 8812.2 54  9.9   6  4.824.9 4.1
5036619641011 30.4 11.3  0.009900-99.9-99.9-99.9-99.910.4 8212.7 45 10.5   8  6.423.9 4.8
5036619641012 33.2 11.3  0.009900-99.9-99.9-99.9-99.910.4 8213.6 43 11.5   6  4.823.9 4.8
5036619641013 34.6 12.5  0.009900-99.9-99.9-99.9-99.9 9.7 7713.9 41 11.9   4  3.222.9 4.6
5036619641014 34.4 13.9  0.009900-99.9-99.9-99.9-99.9 6.8 5414.1 42 12.1   4  3.218.1 4.2
5036619641015 32.4 16.1  0.009900-99.9-99.9-99.9-99.9 7.6 6014.1 41 12.1   9  7.219.5 5.0
5036619641016 32.0 17.8  0.009900-99.9-99.9-99.9-99.9 8.9 7017.7 55 15.6 -99-99.921.7-9.9
5036619641017 28.4 17.2  0.009910-99.9-99.9-99.9-99.9 5.4 4218.8 67 16.5  13 10.416.0 4.2
5036619641018 19.1 14.3  0.009900-99.9-99.9-99.9-99.9 0.0  015.8 87 13.8   4  3.2 7.0 1.7
5036619641019 22.0 13.5  0.009900-99.9-99.9-99.9-99.9 1.6 1216.1 85 14.1   8  6.4 9.7 2.3
5036619641020 17.8 10.3  0.009900-99.9-99.9-99.9-99.9 1.7 1312.5 83 10.3  11  8.8 9.9 2.3
5036619641021 18.9  9.2  0.009900-99.9-99.9-99.9-99.9 2.6 2012.0 73  9.7   6  4.811.4 2.3
5036619641022 24.7 13.1  0.009900-99.9-99.9-99.9-99.9 5.6 4313.3 65 11.2   3  2.416.5 3.3
5036619641023 27.3 11.4  0.009900-99.9-99.9-99.9-99.9 7.0 5414.2 60 12.2   3  2.418.9 3.6
5036619641024 30.5 11.6  0.009900-99.9-99.9-99.9-99.9 8.4 6516.9 60 14.9   3  2.421.4 4.1
5036619641025 32.9 15.1  0.009900-99.9-99.9-99.9-99.910.2 7917.3 53 15.2  10  8.024.5 5.6
5036619641026 25.9 14.3  0.009900-99.9-99.9-99.9-99.9 4.6 3517.9 65 15.8   4  3.215.0 3.1
5036619641027 26.1 19.4  0.009900-99.9-99.9-99.9-99.9 0.4  320.3 73 17.7   1  0.8 7.9 2.2
5036619641028 33.7 17.7  0.009900-99.9-99.9-99.9-99.910.6 8122.9 60 19.7   7  5.625.3 5.6
5036619641029 31.6 21.8  0.009900-99.9-99.9-99.9-99.9 5.4 4123.3 70 20.0  10  8.016.5 4.6
5036619641030 27.2 20.4  0.009900-99.9-99.9-99.9-99.9 0.5  421.5 75 18.7   8  6.4 8.2 2.7
5036619641031 22.1 13.5  0.009900-99.9-99.9-99.9-99.9 0.0  015.5 92 13.5   8  6.4 7.3 2.2
5036619641101 22.5 14.2  0.009900-99.9-99.9-99.9-99.9 0.0  015.8 77 13.8   4  3.2 7.4 2.0
5036619641102 26.1 16.4  0.009900-99.9-99.9-99.9-99.9 2.6 2019.1 71 16.8   9  7.211.8 3.1
5036619641103 29.8 17.0  0.219900-99.9-99.9-99.9-99.9 6.9 5221.7 66 18.8   9  7.219.3 4.4
5036619641104 29.0 17.9  0.009900-99.9-99.9-99.9-99.9 7.1 5417.2 60 15.1  16 12.819.6 5.5
5036619641105 26.6 17.6  0.009900-99.9-99.9-99.9-99.9 2.6 2014.3 54 12.3   6  4.811.9 3.5
5036619641106 31.1 13.4  0.009900-99.9-99.9-99.9-99.910.5 7917.6 55 15.5   3  2.425.6 4.9
5036619641107 30.0 18.9  4.919900-99.9-99.9-99.9-99.9 6.6 5018.0 55 15.8  12  9.618.9 5.2
5036619641108 24.0 14.8  0.009900-99.9-99.9-99.9-99.9 0.8  617.2 80 15.1   2  1.6 8.9 2.2
5036619641109 27.8 15.0  0.009900-99.9-99.9-99.9-99.910.8 8118.8 66 16.5   9  7.226.2 5.2
5036619641110 26.6 19.4  0.009900-99.9-99.9-99.9-99.9 5.3 4017.9 61 15.8   6  4.816.7 4.0
5036619641111 30.5 19.0  0.009900-99.9-99.9-99.9-99.9 6.5 4919.4 63 17.0   8  6.418.8 4.8
5036619641112 33.0 17.7  0.009900-99.9-99.9-99.9-99.910.6 7916.3 46 14.3   8  6.426.0 6.0
5036619641113 29.5 19.9  0.009900-99.9-99.9-99.9-99.9 9.4 7015.6 48 13.6  16 12.823.9 6.6
5036619641114 30.6 15.4  0.009900-99.9-99.9-99.9-99.9 9.5 7116.2 54 14.2   8  6.424.1 5.4
5036619641115 24.0 19.0  0.009900-99.9-99.9-99.9-99.9 0.0  012.7 51 10.5   7  5.6 7.6 3.2
5036619641116 30.3 14.3  0.009900-99.9-99.9-99.9-99.9 8.3 6215.5 50 13.5  11  8.822.1 5.3
5036619641117 32.2 18.5  0.009900-99.9-99.9-99.9-99.9 8.7 6519.2 56 16.9   8  6.422.8 5.5
5036619641118 33.0 18.3  0.009900-99.9-99.9-99.9-99.9 7.2 5320.4 57 17.8   8  6.420.2 5.1
5036619641119 34.2 20.2  0.009900-99.9-99.9-99.9-99.9 4.3 3223.3 62 20.0  13 10.415.2 4.9
5036619641120 27.0 18.5  0.009900-99.9-99.9-99.9-99.9 0.0  020.6 93 18.0   6  4.8 7.7 2.5
5036619641121 28.0 14.1  0.009900-99.9-99.9-99.9-99.9 4.1 3020.1 76 17.6   2  1.614.9 3.1
5036619641122 30.3 18.3  0.009900-99.9-99.9-99.9-99.9 6.7 4920.8 66 18.1   1  0.819.5 4.2
5036619641123 31.6 18.5  0.009900-99.9-99.9-99.9-99.9 7.2 5320.8 61 18.1   7  5.620.4 4.9
5036619641124 27.4 19.0  0.009900-99.9-99.9-99.9-99.9 0.0  019.2 72 16.9   8  6.4 7.8 2.9
5036619641125 32.0 18.1  0.009900-99.9-99.9-99.9-99.9 5.5 4019.9 58 17.4   6  4.817.4 4.4
5036619641126 32.4 18.6  0.009900-99.9-99.9-99.9-99.9 8.2 6022.2 61 19.2   9  7.222.2 5.4
5036619641127 35.6 25.4  0.009900-99.9-99.9-99.9-99.9 7.7 5722.4 55 19.3   6  4.821.3 5.9
5036619641128 36.1 21.2  0.009900-99.9-99.9-99.9-99.9 6.1 4521.4 50 18.6   9  7.218.5 5.5
5036619641129 29.9 19.4  0.009900-99.9-99.9-99.9-99.9 0.1  121.5 81 18.7   6  4.8 8.0 2.8
5036619641130 28.4 20.0  0.009900-99.9-99.9-99.9-99.9 3.2 2321.0 70 18.3   3  2.413.5 3.4
5036619641201 32.4 18.9 18.819900-99.9-99.9-99.9-99.9 9.5 6921.0 55 18.3   8  6.424.5 5.8
5036619641202 28.7 15.0  3.619900-99.9-99.9-99.9-99.9 0.0  017.0 90 15.0   6  4.8 7.9 2.7
5036619641203 29.0 11.8  0.009900-99.9-99.9-99.9-99.912.2 8913.9 48 11.9   6  4.829.3 5.5
5036619641204 31.4 13.3  0.009900-99.9-99.9-99.9-99.911.8 8616.1 50 14.1   4  3.228.6 5.6
5036619641205 33.6 17.0  0.009900-99.9-99.9-99.9-99.911.3 8217.7 49 15.6   1  0.827.8 5.6
5036619641206 35.4 19.2  0.009900-99.9-99.9-99.9-99.9 9.0 6619.8 50 17.3   6  4.823.7 5.8
5036619641207 36.0 21.2  0.009900-99.9-99.9-99.9-99.9 7.9 5822.9 54 19.7   3  2.421.8 5.3
5036619641208 35.8 21.4  0.009900-99.9-99.9-99.9-99.9 9.3 6823.2 54 19.9   9  7.224.3 6.4
5036619641209 36.2 22.1  2.019900-99.9-99.9-99.9-99.9 2.9 2123.5 57 20.1   9  7.213.0 4.6
5036619641210 36.3 19.8  0.009900-99.9-99.9-99.9-99.9 7.2 5223.3 53 20.0   8  6.420.6 5.6
5036619641211 32.1 14.8 13.119900-99.9-99.9-99.9-99.9 3.9 2819.9 75 17.4  24 19.214.8 5.1
5036619641212 22.5  9.9  0.219900-99.9-99.9-99.9-99.9 2.7 2013.9 73 11.9   7  5.612.7 2.8
5036619641213 29.1 12.4  0.009900-99.9-99.9-99.9-99.9 8.4 6112.1 42  9.8  11  8.822.7 5.5
5036619641214 32.8 13.4  0.009900-99.9-99.9-99.9-99.910.6 7711.9 37  9.5  11  8.826.6 6.4
5036619641215 33.4 17.4  0.119900-99.9-99.9-99.9-99.9 9.3 6717.2 49 15.1   6  4.824.3 5.7
5036619641216 35.5 22.6  0.009900-99.9-99.9-99.9-99.9 6.4 4618.5 46 16.3   9  7.219.2 5.9
5036619641217 28.0 16.2  0.219900-99.9-99.9-99.9-99.9 0.0  017.4 83 15.3  13 10.4 8.0 3.3
5036619641218 22.8 16.0  0.009900-99.9-99.9-99.9-99.9 0.0  017.5 78 15.4   6  4.8 8.0 2.2
5036619641219 31.5 14.9  0.319900-99.9-99.9-99.9-99.9 7.6 5519.9 59 17.4   4  3.221.4 4.6
5036619641220 26.0 19.9  3.219900-99.9-99.9-99.9-99.9 0.0  022.0 86 19.0   6  4.8 8.0 2.4
5036619641221 26.5 19.4  1.019900-99.9-99.9-99.9-99.9 0.8  621.8 78 18.9   1  0.8 9.4 2.4
5036619641222 30.7 19.5  0.009900-99.9-99.9-99.9-99.9 2.3 1722.5 70 19.4   6  4.812.0 3.4
5036619641223 32.5 19.7  0.009900-99.9-99.9-99.9-99.9 7.4 5423.6 64 20.2   5  4.021.0 5.0
5036619641224 38.2 21.0  3.819900-99.9-99.9-99.9-99.910.3 7525.8 52 21.6   7  5.626.1 6.7
5036619641225 32.8 16.9  1.519900-99.9-99.9-99.9-99.9 0.0  018.5 82 16.3  13 10.4 8.0 3.8
5036619641226 25.8 16.4  0.009900-99.9-99.9-99.9-99.9 0.6  420.0 74 17.5   6  4.8 9.0 2.4
5036619641227 29.3 20.7 14.619900-99.9-99.9-99.9-99.9 6.1 4422.3 71 19.2   7  5.618.7 4.6
5036619641228 29.2 13.7  0.009900-99.9-99.9-99.9-99.911.4 8314.3 52 12.3  14 11.228.1 6.4
5036619641229 30.0 13.1  0.009900-99.9-99.9-99.9-99.911.0 8013.7 45 11.6   3  2.427.4 5.2
5036619641230 28.8 15.7  0.009900-99.9-99.9-99.9-99.9 3.9 2815.4 53 13.4   6  4.814.8 3.9
5036619641231 32.0 18.8  0.119900-99.9-99.9-99.9-99.9 8.3 6017.3 46 15.2   6  4.822.6 5.4
5036619650101 34.5 19.9  0.009900-99.9-99.9-99.9-99.9-9.9 9917.5 47 15.4   5  4.0-9.9-9.9
5036619650102 35.4 21.0  8.019900-99.9-99.9-99.9-99.9 7.6 5518.6 47 16.4  13 10.421.3 6.6
5036619650103 28.1 17.3  1.119900-99.9-99.9-99.9-99.9 4.5 3318.7 70 16.4   7  5.615.9 4.0
5036619650104 31.2 17.6  0.009900-99.9-99.9-99.9-99.9 4.7 3421.5 71 18.7   7  5.616.2 4.1
5036619650105 32.3 18.6  0.009900-99.9-99.9-99.9-99.9 6.8 5021.8 60 18.9  12  9.619.9 5.3
5036619650106 35.9 22.7  6.819900-99.9-99.9-99.9-99.911.6 8517.9 42 15.8   6  4.828.4 6.9
5036619650107 31.5 14.6 10.919900-99.9-99.9-99.9-99.9 3.3 2417.6 82 15.5  16 12.813.7 4.6
5036619650108 28.4 15.2  0.009900-99.9-99.9-99.9-99.9 8.4 6116.9 61 14.9   2  1.622.7 4.5
5036619650109 33.2 14.5  0.009900-99.9-99.9-99.9-99.911.0 8017.2 51 15.1   4  3.227.3 5.6
5036619650110 33.4 19.3  0.009900-99.9-99.9-99.9-99.9 7.6 5617.9 51 15.8   1  0.821.3 4.8
5036619650111 35.7 20.5  0.009900-99.9-99.9-99.9-99.910.7 7817.3 43 15.2   6  4.826.7 6.4
5036619650112 34.9 21.0  0.419900-99.9-99.9-99.9-99.9 2.8 2116.5 41 14.5   6  4.812.8 4.5
5036619650113 35.0 22.3  0.009900-99.9-99.9-99.9-99.9 3.8 2819.2 56 16.9   9  7.214.6 5.1
5036619650114 35.5 19.8  0.009900-99.9-99.9-99.9-99.911.2 8220.6 57 18.0   9  7.227.6 6.8
5036619650115 30.5 20.1  0.009900-99.9-99.9-99.9-99.9 6.6 4921.9 63 19.0  13 10.419.5 5.2
5036619650116 31.3 21.5  6.619900-99.9-99.9-99.9-99.9 3.0 2223.4 69 20.0   1  0.813.1 3.4
5036619650117 25.4 20.2 46.019900-99.9-99.9-99.9-99.9 0.2  123.4 95 20.0   8  6.4 8.2 2.3
5036619650118 31.4 20.4  0.009900-99.9-99.9-99.9-99.9 8.7 6424.8 69 21.0   1  0.823.1 5.0
5036619650119 33.8 20.9  0.009900-99.9-99.9-99.9-99.9 5.7 4224.9 63 21.0   5  4.017.8 4.6
5036619650120 32.7 21.5  0.419900-99.9-99.9-99.9-99.9 3.8 2827.0 74 22.4   1  0.814.5 3.6
5036619650121 29.2 21.2 39.619900-99.9-99.9-99.9-99.9 0.3  223.9 78 20.4  16 12.8 8.3 3.3
5036619650122 22.0 18.9  1.619900-99.9-99.9-99.9-99.9 0.0  022.6 94 19.5   4  3.2 7.7 1.7
5036619650123 29.0 20.9  0.009900-99.9-99.9-99.9-99.9 2.9 2223.7 77 20.2   3  2.412.8 3.2
5036619650124 32.9 21.4  0.009900-99.9-99.9-99.9-99.9 7.8 5827.1 73 22.4   1  0.821.4 4.8
5036619650125 33.2 23.3  6.119900-99.9-99.9-99.9-99.9 5.3 3926.2 72 21.9   3  2.417.0 4.4
5036619650126 30.8 21.8  0.319900-99.9-99.9-99.9-99.9 5.3 4024.6 75 20.8   6  4.817.0 4.3
5036619650127 30.3 21.0  2.519900-99.9-99.9-99.9-99.9 4.0 3023.3 71 20.0   1  0.814.7 3.5
5036619650128 28.1 19.5 32.319900-99.9-99.9-99.9-99.9 4.7 3523.2 77 19.9   2  1.615.9 3.5
5036619650129 29.8 19.3  0.009900-99.9-99.9-99.9-99.9 8.4 6323.2 72 19.9   6  4.822.3 4.9
5036619650130 31.0 18.8  0.009900-99.9-99.9-99.9-99.910.0 7523.0 66 19.7   3  2.425.1 5.2
5036619650131 32.1 20.9  0.009900-99.9-99.9-99.9-99.9 8.6 6525.1 72 21.2   1  0.822.6 4.9
5036619650201 33.6 20.8 11.919900-99.9-99.9-99.9-99.911.3 8525.6 64 21.5   8  6.427.3 6.4
5036619650202 29.0 19.8  2.119900-99.9-99.9-99.9-99.9 1.0  822.5 88 19.4   3  2.4 9.3 2.6
5036619650203 31.2 18.4  0.009900-99.9-99.9-99.9-99.9 9.9 7526.3 83 21.9   0  0.024.8 5.0
5036619650204 28.5 20.4  1.719900-99.9-99.9-99.9-99.9 1.7 1324.6 76 20.8   4  3.210.5 2.7
5036619650205 31.2 21.4  0.009900-99.9-99.9-99.9-99.9 3.4 2626.4 74 22.0   2  1.613.4 3.3
5036619650206 33.5 21.7  0.619900-99.9-99.9-99.9-99.9 5.9 4527.2 67 22.5   3  2.417.7 4.3
5036619650207 30.6 21.4  3.419900-99.9-99.9-99.9-99.9 8.1 6226.7 76 22.2   3  2.421.5 4.7
5036619650208 27.4 20.1 19.019900-99.9-99.9-99.9-99.9 0.0  023.3 91 20.0   9  7.2 7.4 2.4
5036619650209 26.9 19.5  0.009900-99.9-99.9-99.9-99.9 1.6 1222.5 80 19.4   3  2.410.2 2.5
5036619650210 30.0 19.8  0.119900-99.9-99.9-99.9-99.9 5.0 3824.4 75 20.7   5  4.016.0 3.8
5036619650211 31.5 21.3  4.819900-99.9-99.9-99.9-99.9 7.5 5725.6 76 21.5  11  8.820.3 5.1
5036619650212 31.2 21.2  0.009900-99.9-99.9-99.9-99.9 9.8 7525.1 75 21.2   5  4.024.2 5.3
5036619650213 27.7 20.5  0.009900-99.9-99.9-99.9-99.9 2.7 2120.4 60 17.8  13 10.412.0 3.9
5036619650214 30.4 17.7  0.009900-99.9-99.9-99.9-99.911.6 8919.3 64 16.9   3  2.427.2 5.3
5036619650215 30.3 16.2  0.009900-99.9-99.9-99.9-99.911.2 8620.8 69 18.1   3  2.426.5 5.1
5036619650216 32.3 18.1  0.009900-99.9-99.9-99.9-99.910.4 8022.5 63 19.4   7  5.625.0 5.5
5036619650217 33.6 21.0  0.009900-99.9-99.9-99.9-99.910.4 8123.5 62 20.1   6  4.825.0 5.8
5036619650218 35.7 20.2  0.009900-99.9-99.9-99.9-99.911.0 8520.3 50 17.7   8  6.425.9 6.3
5036619650219 35.8 21.0  0.009900-99.9-99.9-99.9-99.9 8.3 6522.4 58 19.3   6  4.821.3 5.4
5036619650220 35.3 20.9  0.009900-99.9-99.9-99.9-99.9 6.5 5119.3 48 16.9  21 16.818.2 6.8
5036619650221 30.7 19.3 12.919900-99.9-99.9-99.9-99.9 5.2 4121.6 68 18.7   7  5.615.9 4.0
5036619650222 32.2 19.1  0.009900-99.9-99.9-99.9-99.9 9.5 7420.5 60 17.9   6  4.823.1 5.2
5036619650223 35.3 18.7  0.009900-99.9-99.9-99.9-99.9 8.6 6719.7 56 17.3   5  4.021.6 5.1
5036619650224 34.2 18.9  0.119900-99.9-99.9-99.9-99.911.1 8722.1 64 19.1   6  4.825.7 5.7
5036619650225 32.9 18.9  0.009900-99.9-99.9-99.9-99.9 5.6 4420.4 62 17.8   0  0.016.4 3.6
5036619650226 35.2 18.4  0.009900-99.9-99.9-99.9-99.911.4 9018.6 52 16.4   3  2.426.1 5.4
5036619650227 34.9 18.0  5.619900-99.9-99.9-99.9-99.9 9.4 7421.4 57 18.6   6  4.822.6 5.2
5036619650228 28.9 21.3  2.019900-99.9-99.9-99.9-99.9 1.6 1321.4 69 18.6   6  4.8 9.6 3.0
5036619650301 29.6 21.2  2.019900-99.9-99.9-99.9-99.9 4.2 3323.4 76 20.0   9  7.213.8 3.7
5036619650302 31.2 21.2 87.319900-99.9-99.9-99.9-99.9 6.2 4924.7 76 20.9   6  4.817.1 4.1
5036619650303 25.5 14.8  1.019900-99.9-99.9-99.9-99.9 0.0  017.1 88 15.0   0  0.0 6.8 1.8
5036619650304 26.1 16.1  0.009900-99.9-99.9-99.9-99.9 7.4 5920.9 81 18.2   8  6.419.0 3.7
5036619650305 31.8 18.0  0.009900-99.9-99.9-99.9-99.9 9.3 7424.5 74 20.8   5  4.022.0 4.6
5036619650306 33.7 20.6  0.009900-99.9-99.9-99.9-99.9 5.2 4221.3 54 18.5  11  8.815.2 4.7
5036619650307 32.3 22.4  2.619900-99.9-99.9-99.9-99.9 3.8 3122.1 58 19.1  13 10.412.9 4.5
5036619650308 26.3 18.2  4.419900-99.9-99.9-99.9-99.9 0.3  220.3 77 17.7  11  8.8 7.1 2.5
5036619650309 26.0 17.6  4.419900-99.9-99.9-99.9-99.9 3.7 3017.5 69 15.4   6  4.812.6 3.1
5036619650310 27.5 15.6  0.009900-99.9-99.9-99.9-99.9 2.4 1919.4 76 17.0   4  3.210.4 2.5
5036619650311 29.8 15.3  0.009900-99.9-99.9-99.9-99.9 2.0 1620.9 77 18.2   1  0.8 9.8 2.3
5036619650312 30.4 17.2  0.009900-99.9-99.9-99.9-99.9 2.7 2221.3 71 18.5   1  0.810.8 2.6
5036619650313 30.6 18.6  0.009900-99.9-99.9-99.9-99.9 4.8 3921.9 68 19.0   4  3.214.2 3.3
5036619650314 31.4 17.7  0.009900-99.9-99.9-99.9-99.9 8.8 7222.8 72 19.6   0  0.020.5 3.9
5036619650315 31.5 18.5  0.009900-99.9-99.9-99.9-99.9 7.3 6024.3 70 20.6   3  2.418.0 3.8
5036619650316 31.2 21.1 18.619900-99.9-99.9-99.9-99.9 4.4 3624.4 74 20.7  10  8.013.3 3.7
5036619650317 22.2 13.3  2.619900-99.9-99.9-99.9-99.9 0.0  015.1 91 13.1  11  8.8 6.3 2.2
5036619650318 21.8 12.9  0.009900-99.9-99.9-99.9-99.9 1.6 1314.3 72 12.3   1  0.8 8.8 1.9
5036619650319 23.8 12.1  0.009900-99.9-99.9-99.9-99.9 2.4 2016.2 75 14.2   1  0.810.0 2.0
5036619650320 25.8 14.1  0.009900-99.9-99.9-99.9-99.9 1.4 1217.6 72 15.5   3  2.4 8.4 2.0
5036619650321 27.1 18.4  0.009900-99.9-99.9-99.9-99.9 2.6 2220.1 74 17.6   4  3.210.2 2.5
5036619650322 23.6 17.4  0.009900-99.9-99.9-99.9-99.9 0.2  217.4 73 15.3   9  7.2 6.4 2.3
5036619650323 26.0 19.2  0.009900-99.9-99.9-99.9-99.9 1.4 1218.1 67 15.9   3  2.4 8.2 2.3
5036619650324 22.6 17.5  1.719900-99.9-99.9-99.9-99.9 0.0  018.2 79 16.0   7  5.6 6.0 1.9
5036619650325 28.0 13.2  0.009900-99.9-99.9-99.9-99.9 5.5 4617.5 67 15.4   6  4.814.4 3.0
5036619650326 29.5 17.0  0.009900-99.9-99.9-99.9-99.9 4.7 3918.8 67 16.5   5  4.013.2 3.1
5036619650327 26.5 17.2  0.009900-99.9-99.9-99.9-99.9 6.2 5218.3 71 16.1   4  3.215.4 3.1
5036619650328 29.0 16.4  0.009900-99.9-99.9-99.9-99.9 6.4 5420.3 71 17.7   0  0.015.6 2.9
5036619650329 30.5 15.4  0.009900-99.9-99.9-99.9-99.9 7.8 6619.8 71 17.3   2  1.617.6 3.3
5036619650330 29.2 16.2  0.009900-99.9-99.9-99.9-99.9 6.8 5720.5 71 17.9   1  0.816.0 3.0
5036619650331 27.8 18.3  0.009900-99.9-99.9-99.9-99.9 3.5 3020.6 74 18.0   5  4.011.0 2.6
5036619650401 29.2 18.1  0.009900-99.9-99.9-99.9-99.9 3.3 28-9.9-99-99.9 -99-99.910.7-9.9
5036619650402 29.3 17.4  0.009900-99.9-99.9-99.9-99.9 8.0 68-9.9-99-99.9 -99-99.917.6-9.9
5036619650403 31.2 18.7  0.009900-99.9-99.9-99.9-99.9 6.3 54-9.9-99-99.9 -99-99.915.0-9.9
5036619650404 33.2 18.2  0.009900-99.9-99.9-99.9-99.9 8.6 74-9.9-99-99.9 -99-99.918.3-9.9
5036619650405 33.8 19.2  0.009900-99.9-99.9-99.9-99.9 9.3 80-9.9-99-99.9 -99-99.919.2-9.9
5036619650406 33.9 18.2  0.009900-99.9-99.9-99.9-99.9 9.2 79-9.9-99-99.9 -99-99.918.9-9.9
5036619650407 30.5 19.0  1.619900-99.9-99.9-99.9-99.9 4.5 39-9.9-99-99.9 -99-99.912.0-9.9
5036619650408 22.4 15.9  0.009900-99.9-99.9-99.9-99.9 2.6 22-9.9-99-99.9 -99-99.9 9.2-9.9
5036619650409 28.1 12.4  0.009900-99.9-99.9-99.9-99.9 9.7 84-9.9-99-99.9 -99-99.919.3-9.9
5036619650410 28.8 13.4  0.009900-99.9-99.9-99.9-99.9 9.8 85-9.9-99-99.9 -99-99.919.4-9.9
5036619650411 24.1 13.9  5.819900-99.9-99.9-99.9-99.9 0.0  0-9.9-99-99.9 -99-99.9 5.4-9.9
5036619650412 13.9 11.7  2.819900-99.9-99.9-99.9-99.9 0.0  0-9.9-99-99.9 -99-99.9 5.3-9.9
5036619650413 18.4 10.1  1.719900-99.9-99.9-99.9-99.9 0.7  6-9.9-99-99.9 -99-99.9 6.3-9.9
5036619650414 18.7 13.0  0.009900-99.9-99.9-99.9-99.9 0.0  0-9.9-99-99.9 -99-99.9 5.2-9.9
5036619650415 20.6 10.0  0.009900-99.9-99.9-99.9-99.9 0.4  4-9.9-99-99.9 -99-99.9 5.8-9.9
5036619650416 22.4 14.2  0.009900-99.9-99.9-99.9-99.9 1.8 16-9.9-99-99.9 -99-99.9 7.7-9.9
5036619650417 18.8 11.7  1.219900-99.9-99.9-99.9-99.9 2.0 18-9.9-99-99.9 -99-99.9 7.9-9.9
5036619650418 21.8 11.9  0.009900-99.9-99.9-99.9-99.9 6.7 59-9.9-99-99.9 -99-99.914.3-9.9
5036619650419 23.6 13.1  0.009900-99.9-99.9-99.9-99.9 8.7 77-9.9-99-99.9 -99-99.916.9-9.9
5036619650420 23.8  9.8  0.009900-99.9-99.9-99.9-99.9 1.6 14-9.9-99-99.9 -99-99.9 7.2-9.9
5036619650421 28.0 11.3  0.009900-99.9-99.9-99.9-99.9 8.7 77-9.9-99-99.9 -99-99.916.7-9.9
5036619650422 23.7 11.8  0.009900-99.9-99.9-99.9-99.9 4.3 38-9.9-99-99.9 -99-99.910.7-9.9
5036619650423 29.8 12.2  0.009900-99.9-99.9-99.9-99.9 9.1 81-9.9-99-99.9 -99-99.917.1-9.9
5036619650424 24.5 13.2  0.519900-99.9-99.9-99.9-99.9 4.9 44-9.9-99-99.9 -99-99.911.4-9.9
5036619650425 26.1 16.2  3.419900-99.9-99.9-99.9-99.9 5.4 48-9.9-99-99.9 -99-99.912.0-9.9
5036619650426 21.5 11.8  1.719900-99.9-99.9-99.9-99.9 0.0  0-9.9-99-99.9 -99-99.9 4.8-9.9
5036619650427 13.9 11.2  1.619900-99.9-99.9-99.9-99.9 0.0  0-9.9-99-99.9 -99-99.9 4.8-9.9
5036619650428 20.2 11.5  0.009900-99.9-99.9-99.9-99.9 7.5 67-9.9-99-99.9 -99-99.914.5-9.9
5036619650429 24.3  7.6  0.009900-99.9-99.9-99.9-99.9 9.2 83-9.9-99-99.9 -99-99.916.6-9.9
5036619650430 22.7  8.7  0.009900-99.9-99.9-99.9-99.9 7.8 70-9.9-99-99.9 -99-99.914.7-9.9
5036619650501 24.1  9.4  0.009900-99.9-99.9-99.9-99.9 8.9 81-9.9-99-99.9 -99-99.916.1-9.9
5036619650502 26.5 10.8  0.009900-99.9-99.9-99.9-99.9 9.8 89-9.9-99-99.9 -99-99.917.1-9.9
5036619650503 26.0 11.1  0.009900-99.9-99.9-99.9-99.9 8.5 77-9.9-99-99.9 -99-99.915.4-9.9
5036619650504 26.4 12.9  0.009900-99.9-99.9-99.9-99.9 7.6 69-9.9-99-99.9 -99-99.914.1-9.9
5036619650505 29.0 16.5  0.419900-99.9-99.9-99.9-99.9 6.8 62-9.9-99-99.9 -99-99.913.1-9.9
5036619650506 20.8 16.2 17.919900-99.9-99.9-99.9-99.9 0.0  0-9.9-99-99.9 -99-99.9 4.5-9.9
5036619650507 16.7 12.8  0.419900-99.9-99.9-99.9-99.9 0.0  0-9.9-99-99.9 -99-99.9 4.4-9.9
5036619650508 18.0 11.8  0.009900-99.9-99.9-99.9-99.9 1.5 14-9.9-99-99.9 -99-99.9 6.3-9.9
5036619650509 21.6 11.4  0.009900-99.9-99.9-99.9-99.9 5.7 52-9.9-99-99.9 -99-99.911.4-9.9
5036619650510 26.1 11.7  0.009900-99.9-99.9-99.9-99.9 6.5 60-9.9-99-99.9 -99-99.912.3-9.9
5036619650511 23.5 14.2  0.009900-99.9-99.9-99.9-99.9 6.3 58-9.9-99-99.9 -99-99.912.0-9.9
5036619650512 22.0 13.4  0.009900-99.9-99.9-99.9-99.9 4.2 39-9.9-99-99.9 -99-99.9 9.4-9.9
5036619650513 19.2 10.4  1.019900-99.9-99.9-99.9-99.9 0.7  6-9.9-99-99.9 -99-99.9 5.1-9.9
5036619650514 19.8  7.9  0.009900-99.9-99.9-99.9-99.9 7.0 65-9.9-99-99.9 -99-99.912.7-9.9
5036619650515 19.2  5.4  0.009900-99.9-99.9-99.9-99.9 8.3 77-9.9-99-99.9 -99-99.914.2-9.9
5036619650516 16.3  8.1  1.819900-99.9-99.9-99.9-99.9 0.0  0-9.9-99-99.9 -99-99.9 4.2-9.9
5036619650517  8.8  6.9  0.619900-99.9-99.9-99.9-99.9 0.0  0-9.9-99-99.9 -99-99.9 4.2-9.9
5036619650518 16.0  6.8  0.009900-99.9-99.9-99.9-99.9 2.2 21-9.9-99-99.9 -99-99.9 6.7-9.9
5036619650519 19.8  8.1  0.009900-99.9-99.9-99.9-99.9 4.8 45-9.9-99-99.9 -99-99.9 9.8-9.9
5036619650520 16.2  5.9  0.009900-99.9-99.9-99.9-99.9 0.0  0-9.9-99-99.9 -99-99.9 4.1-9.9
5036619650521 13.8  9.6  0.009900-99.9-99.9-99.9-99.9 0.0  0-9.9-99-99.9 -99-99.9 4.1-9.9
5036619650522 18.2  5.8  0.009900-99.9-99.9-99.9-99.9 6.1 57-9.9-99-99.9 -99-99.911.1-9.9
5036619650523 22.4  4.4  0.009900-99.9-99.9-99.9-99.9 8.4 79-9.9-99-99.9 -99-99.913.8-9.9
5036619650524 23.0  5.9  0.009900-99.9-99.9-99.9-99.9 8.1 76-9.9-99-99.9 -99-99.913.4-9.9
5036619650525 22.2  8.9  0.009900-99.9-99.9-99.9-99.9 4.2 40-9.9-99-99.9 -99-99.9 8.8-9.9
5036619650526 24.4  8.8  0.319900-99.9-99.9-99.9-99.9 8.0 76-9.9-99-99.9 -99-99.913.1-9.9
5036619650527 26.0 15.5  0.009900-99.9-99.9-99.9-99.9 4.4 42-9.9-99-99.9 -99-99.9 9.0-9.9
5036619650528 26.5 13.8  0.009900-99.9-99.9-99.9-99.9 8.2 78-9.9-99-99.9 -99-99.913.3-9.9
5036619650529 27.6 13.8  0.009900-99.9-99.9-99.9-99.9 8.4 80-9.9-99-99.9 -99-99.913.4-9.9
5036619650530 24.2 13.9  0.009900-99.9-99.9-99.9-99.9 4.6 44-9.9-99-99.9 -99-99.9 9.1-9.9
5036619650531 21.7 14.4  0.009900-99.9-99.9-99.9-99.9 1.6 15-9.9-99-99.9 -99-99.9 5.7-9.9
5036619650601 23.7 14.3  4.719900-99.9-99.9-99.9-99.9 4.1 39-9.9-99-99.9 -99-99.9 8.5-9.9
5036619650602 21.4 13.9  5.819900-99.9-99.9-99.9-99.9 0.0  0-9.9-99-99.9 -99-99.9 3.9-9.9
5036619650603 14.1 11.3  2.719900-99.9-99.9-99.9-99.9 0.0  0-9.9-99-99.9 -99-99.9 3.8-9.9
5036619650604 15.3 11.8  3.119900-99.9-99.9-99.9-99.9 0.0  0-9.9-99-99.9 -99-99.9 3.8-9.9
5036619650605 13.7 11.3  0.419900-99.9-99.9-99.9-99.9 0.0  0-9.9-99-99.9 -99-99.9 3.8-9.9
5036619650606 20.1 12.7  0.009900-99.9-99.9-99.9-99.9 1.8 17-9.9-99-99.9 -99-99.9 5.8-9.9
5036619650607 21.4 12.3  0.009900-99.9-99.9-99.9-99.9 3.3 32-9.9-99-99.9 -99-99.9 7.4-9.9
5036619650608 20.7  9.8  0.319900-99.9-99.9-99.9-99.9 2.6 2514.5 84 12.5   3  2.4 6.6 1.0
5036619650609 21.8 13.7  0.009900-99.9-99.9-99.9-99.9 6.5 6214.4 77 12.4   0  0.010.9 1.3
5036619650610 15.1 10.8  0.009900-99.9-99.9-99.9-99.9 0.0  013.9 92 11.9   0  0.0 3.8 0.6
5036619650611 17.2  9.3  0.009900-99.9-99.9-99.9-99.9 2.3 2213.2 86 11.1   3  2.4 6.3 0.9
5036619650612 20.0  7.9  0.009900-99.9-99.9-99.9-99.9 6.6 6312.5 80 10.3   2  1.611.0 1.1
5036619650613 20.3  8.3  0.009900-99.9-99.9-99.9-99.9 4.6 4412.2 75  9.9   0  0.0 8.8 1.0
5036619650614 22.9  6.9  0.009900-99.9-99.9-99.9-99.9 7.2 6912.7 73 10.5   3  2.411.6 1.2
5036619650615 24.4  9.3  0.009900-99.9-99.9-99.9-99.9 7.6 7313.2 74 11.1   2  1.612.0 1.3
5036619650616 24.9  8.9  0.009900-99.9-99.9-99.9-99.9 8.3 8014.1 75 12.1   2  1.612.8 1.3
5036619650617 24.0  8.3  0.009900-99.9-99.9-99.9-99.9 6.7 6413.8 75 11.8   3  2.411.0 1.3
5036619650618 25.9 10.4  0.009900-99.9-99.9-99.9-99.9 7.3 7016.4 80 14.4   1  0.811.7 1.3
5036619650619 26.3 12.1  0.009900-99.9-99.9-99.9-99.9 9.0 8617.5 77 15.4   1  0.813.5 1.4
5036619650620 25.8 12.8  0.009900-99.9-99.9-99.9-99.9 7.3 7017.0 77 15.0   8  6.411.7 1.7
5036619650621 26.7 12.4  0.009900-99.9-99.9-99.9-99.9 7.9 7615.6 73 13.6   3  2.412.3 1.6
5036619650622 25.6 10.2  0.009900-99.9-99.9-99.9-99.9 7.4 7114.8 75 12.8   0  0.011.8 1.2
5036619650623 24.7 11.3  0.009900-99.9-99.9-99.9-99.9 7.0 6715.5 75 13.5   0  0.011.3 1.2
5036619650624 26.1 12.4  0.009900-99.9-99.9-99.9-99.9 5.4 5216.3 76 14.3   0  0.0 9.6 1.3
5036619650625 27.7 12.8  0.009900-99.9-99.9-99.9-99.9 7.9 7616.9 73 14.9   1  0.812.3 1.5
5036619650626 27.5 14.3  0.009900-99.9-99.9-99.9-99.9 7.5 7218.8 78 16.5   0  0.011.9 1.5
5036619650627 26.2 17.2  0.009900-99.9-99.9-99.9-99.9 3.5 3418.2 70 16.0   4  3.2 7.5 1.6
5036619650628 25.0 13.2  0.009900-99.9-99.9-99.9-99.9 2.8 2717.1 78 15.0   0  0.0 6.8 1.1
5036619650629 22.0 15.3  0.009900-99.9-99.9-99.9-99.9 3.4 3315.0 75 13.0   4  3.2 7.4 1.5
5036619650630 25.1  9.4  0.009900-99.9-99.9-99.9-99.9 7.3 7015.0 78 13.0   0  0.011.7 1.2
5036619650701 17.2 14.3  1.819900-99.9-99.9-99.9-99.9 0.0  016.3 95 14.3   4  3.2 3.7 0.8
5036619650702 17.1 12.9  0.219900-99.9-99.9-99.9-99.9 0.1  114.9 87 12.9   1  0.8 3.9 0.8
5036619650703 18.5  7.1  2.019900-99.9-99.9-99.9-99.9 2.4 2312.9 87 10.7   3  2.4 6.4 0.8
5036619650704 12.8  5.9  0.819900-99.9-99.9-99.9-99.9 0.0  0 8.9 84  5.3   6  4.8 3.8 1.0
5036619650705  9.5  7.0  0.009900-99.9-99.9-99.9-99.9 0.0  0 7.9 72  3.6   1  0.8 3.8 0.8
5036619650706 14.0  6.9  0.009900-99.9-99.9-99.9-99.9 1.7 16 8.1 72  3.9   0  0.0 5.7 0.9
5036619650707 16.4  1.3  0.009900-99.9-99.9-99.9-99.9 8.5 81 8.1 72  3.9   2  1.613.2 0.9
5036619650708 17.8  4.2  0.009900-99.9-99.9-99.9-99.9 3.0 29 9.2 69  5.8   4  3.2 7.1 1.1
5036619650709 19.0  5.2  0.009900-99.9-99.9-99.9-99.9 5.0 48 9.2 61  5.8   5  4.0 9.4 1.3
5036619650710 14.5  6.4  0.009900-99.9-99.9-99.9-99.9 2.3 22 7.3 69  2.5   6  4.8 6.4 1.4
5036619650711 14.2 -1.0  0.009900-99.9-99.9-99.9-99.9 7.8 74 7.3 73  2.5   3  2.412.6 0.8
5036619650712 15.1  0.0  0.009900-99.9-99.9-99.9-99.9 6.1 58 8.3 65  4.3   3  2.410.7 0.8
5036619650713 17.9  2.9  0.009900-99.9-99.9-99.9-99.9 7.1 67 6.8 54  1.5   3  2.411.9 1.2
5036619650714 15.4  6.8  0.009900-99.9-99.9-99.9-99.9 5.7 54 6.7 57  1.3   4  3.210.3 1.4
5036619650715  7.9  3.3  0.009900-99.9-99.9-99.9-99.9 0.0  0 6.4 70  0.6   6  4.8 3.9 1.0
5036619650716 13.5  4.6  0.009900-99.9-99.9-99.9-99.9 3.1 29 7.2 68  2.3   5  4.0 7.4 1.2
5036619650717 17.0  0.1  0.009900-99.9-99.9-99.9-99.9 7.8 74 7.2 67  2.3   3  2.412.8 1.1
5036619650718 18.0  2.9  0.009900-99.9-99.9-99.9-99.9 7.3 69 8.0 65  3.8   5  4.012.3 1.3
5036619650719 20.4  2.1  0.009900-99.9-99.9-99.9-99.9 8.1 76 7.2 59  2.3   7  5.613.3 1.6
5036619650720 21.5  1.7  0.009900-99.9-99.9-99.9-99.9 8.5 80 7.4 56  2.7   1  0.813.8 1.2
5036619650721 20.9  2.2  0.009900-99.9-99.9-99.9-99.9 8.5 80 7.8 60  3.4   1  0.813.8 1.2
5036619650722 23.6  5.1  0.009900-99.9-99.9-99.9-99.9 8.7 82 9.3 58  5.9   2  1.614.1 1.4
5036619650723 28.4 10.1  0.009900-99.9-99.9-99.9-99.9 8.5 8011.6 55  9.2   3  2.414.0 1.9
5036619650724 28.3 12.0  0.009900-99.9-99.9-99.9-99.9 8.0 7514.5 63 12.5   3  2.413.4 2.0
5036619650725 29.4 13.1  0.009900-99.9-99.9-99.9-99.9 7.7 7216.7 68 14.7   3  2.413.1 2.0
5036619650726 21.4 12.7  4.519900-99.9-99.9-99.9-99.9 0.0  012.4 70 10.1   3  2.4 4.1 1.5
5036619650727 22.6 12.6  0.009900-99.9-99.9-99.9-99.9 5.5 5112.5 67 10.3   1  0.810.7 1.6
5036619650728 22.6 10.1  0.009900-99.9-99.9-99.9-99.9 4.1 3813.5 69 11.4   4  3.2 9.1 1.5
5036619650729 26.0  9.8  0.009900-99.9-99.9-99.9-99.9 8.1 7512.9 66 10.7   4  3.213.9 1.9
5036619650730 28.7  9.3  0.009900-99.9-99.9-99.9-99.9 8.4 78-9.9-99-99.9 -99-99.914.3-9.9
5036619650731 24.8 10.1  0.009900-99.9-99.9-99.9-99.9 8.2 7615.6 75 13.6   5  4.014.1 1.8
5036619650801 24.7 15.9  0.009900-99.9-99.9-99.9-99.9 4.2 3916.7 72 14.7   1  0.8 9.4 1.7
5036619650802 20.8 14.0  2.919900-99.9-99.9-99.9-99.9 0.0  015.3 88 13.3   6  4.8 4.3 1.4
5036619650803 23.4 10.6  0.009900-99.9-99.9-99.9-99.9 8.9 8210.9 62  8.2   3  2.415.2 1.9
5036619650804 22.7-99.9  0.009900-99.9-99.9-99.9-99.9 8.9 8210.8 63  8.1   3  2.415.3-9.9
5036619650805 24.1  6.4  0.009900-99.9-99.9-99.9-99.9 7.4 6810.8 62  8.1   0  0.013.5 1.5
5036619650806 29.3  7.2  0.009900-99.9-99.9-99.9-99.9 9.0 8211.4 60  8.9   3  2.415.6 2.1
5036619650807 30.1 11.1  0.009900-99.9-99.9-99.9-99.9 8.3 7613.8 57 11.8   3  2.414.8 2.3
5036619650808 30.4 12.7  0.009900-99.9-99.9-99.9-99.9 8.4 7715.7 61 13.7   1  0.815.0 2.2
5036619650809 35.8 15.1  0.009900-99.9-99.9-99.9-99.9 8.7 7917.0 57 15.0   4  3.215.4 3.0
5036619650810 31.6 17.6  0.009900-99.9-99.9-99.9-99.9 3.1 2816.7 57 14.7   1  0.8 8.5 2.1
5036619650811 36.2 16.3  0.009900-99.9-99.9-99.9-99.9 8.6 7812.8 44 10.6   6  4.815.5 3.4
5036619650812 25.0 13.1  0.009900-99.9-99.9-99.9-99.9 5.9 53 8.8 46  5.1   1  0.812.1 2.0
5036619650813 27.8  9.4  0.009900-99.9-99.9-99.9-99.9 1.8 1610.3 46  7.4   3  2.4 6.9 2.0
5036619650814 22.3  9.0  0.009900-99.9-99.9-99.9-99.9 0.0  0 7.0 41  1.9   8  6.4 4.7 2.6
5036619650815 26.0  8.1  0.009900-99.9-99.9-99.9-99.9 6.6 59 9.7 49  6.5   1  0.813.2 1.9
5036619650816 26.0  9.9  0.009900-99.9-99.9-99.9-99.9 6.3 5612.5 60 10.3   5  4.012.9 2.3
5036619650817 18.8 10.6  6.819900-99.9-99.9-99.9-99.9 0.0  010.5 67  7.7   9  7.2 4.8 1.9
5036619650818 12.0  5.4  6.719900-99.9-99.9-99.9-99.9 0.0  0 8.3 84  4.3  11  8.8 4.8 1.4
5036619650819 16.2  2.2  0.009900-99.9-99.9-99.9-99.9 9.9 88 6.4 57  0.6   2  1.617.9 1.7
5036619650820 18.6  0.4  0.009900-99.9-99.9-99.9-99.9 9.9 88 6.6 56  1.1   3  2.418.0 1.8
5036619650821 23.9  1.3  0.009900-99.9-99.9-99.9-99.9 8.0 71 7.1 51  2.1   1  0.815.6 1.8
5036619650822 24.6  2.9  0.009900-99.9-99.9-99.9-99.9 5.8 51 8.0 52  3.8   2  1.612.7 1.9
5036619650823 24.2  4.9  0.009900-99.9-99.9-99.9-99.9 9.1 80 7.7 49  3.2   5  4.017.2 2.5
5036619650824 20.2  5.8  0.009900-99.9-99.9-99.9-99.9 5.4 48 8.3 55  4.3   3  2.412.3 1.9
5036619650825 16.7 10.4  0.009900-99.9-99.9-99.9-99.9 1.8 16 9.8 67  6.7   2  1.6 7.5 1.6
5036619650826 15.5  5.3  0.419900-99.9-99.9-99.9-99.9 0.0  010.2 74  7.3   4  3.2 5.1 1.1
5036619650827 13.5 11.0  0.319900-99.9-99.9-99.9-99.9 0.0  011.6 86  9.2   6  4.8 5.1 1.2
5036619650828 12.5  9.9  0.009900-99.9-99.9-99.9-99.9 0.0  0 9.8 76  6.7   3  2.4 5.2 1.3
5036619650829 14.5  8.8  0.009900-99.9-99.9-99.9-99.9 0.0  0 7.3 55  2.5   6  4.8 5.2 1.9
5036619650830 20.6  6.9  0.009900-99.9-99.9-99.9-99.9 3.7 32 7.9 51  3.6   4  3.210.4 2.1
5036619650831 20.3  2.6  0.009900-99.9-99.9-99.9-99.9 8.8 76 7.9 54  3.6   1  0.817.6 2.0
5036619650901 25.2  5.3  0.009900-99.9-99.9-99.9-99.9 9.1 79 8.0 46  3.8   4  3.218.1 2.6
5036619650902 23.2 12.0  0.009900-99.9-99.9-99.9-99.9 0.0  010.1 46  7.1   1  0.8 5.3 1.8
5036619650903 23.5  7.6  0.009900-99.9-99.9-99.9-99.9 8.2 71 9.6 53  6.4   0  0.017.0 2.2
5036619650904 16.1  6.8  8.919900-99.9-99.9-99.9-99.9 0.0  010.8 78  8.1   8  6.4 5.4 1.4
5036619650905 15.6  6.7  0.009900-99.9-99.9-99.9-99.9 6.4 55 8.6 68  4.8   1  0.814.6 1.9
5036619650906 10.8  3.8  0.009900-99.9-99.9-99.9-99.9 0.0  0 8.6 78  4.8   0  0.0 5.5 0.9
5036619650907 16.4  2.5  0.009900-99.9-99.9-99.9-99.9 1.7 15 8.6 74  4.8   0  0.0 8.0 1.3
5036619650908 20.8  3.1  0.009900-99.9-99.9-99.9-99.9 8.7 74 9.1 58  5.6   4  3.218.2 2.3
5036619650909 17.0 12.4  0.009900-99.9-99.9-99.9-99.9 0.3  311.9 72  9.5   7  5.6 6.0 1.8
5036619650910 25.5  8.4  0.009900-99.9-99.9-99.9-99.9 9.8 83 9.2 48  5.8   0  0.020.0 2.6
5036619650911 17.1 10.4  0.009900-99.9-99.9-99.9-99.9 0.0  0 8.7 57  5.0   4  3.2 5.7 1.9
5036619650912 23.0  5.4  0.009900-99.9-99.9-99.9-99.9 9.5 8010.5 56  7.7   3  2.419.7 2.6
5036619650913 27.7 10.5  0.009900-99.9-99.9-99.9-99.9 8.1 6811.0 47  8.4   8  6.417.8 3.6
5036619650914 23.0 11.9  0.009900-99.9-99.9-99.9-99.9 0.0  0 5.2 37 -2.2   3  2.4 5.8 2.6
5036619650915 20.5  5.8  0.009900-99.9-99.9-99.9-99.9 2.1 18 6.8 45  1.5   3  2.4 9.0 2.2
5036619650916 22.8  8.4  1.819900-99.9-99.9-99.9-99.9 0.0  0 8.0 44  3.8   3  2.4 5.9 2.1
5036619650917 20.5 10.6  0.119900-99.9-99.9-99.9-99.9 0.0  010.4 58  7.5   1  0.8 5.9 1.7
5036619650918 19.6 11.1  0.009900-99.9-99.9-99.9-99.9 2.4 2010.6 65  7.8   0  0.0 9.6 1.9
5036619650919 26.2  5.4  0.009900-99.9-99.9-99.9-99.9 9.7 81 9.1 48  5.6   3  2.420.7 3.1
5036619650920 30.0  8.9  0.009900-99.9-99.9-99.9-99.9-9.9 99 9.4 35  6.1 -99-99.9-9.9-9.9
5036619650921 31.7 12.2  0.009900-99.9-99.9-99.9-99.9-9.9 99 8.9 32  5.3   7  5.6-9.9-9.9
5036619650922 33.3 11.1  0.009900-99.9-99.9-99.9-99.9-9.9 9912.0 43  9.7   1  0.8-9.9-9.9
5036619650923 35.6 13.2  0.009900-99.9-99.9-99.9-99.9-9.9 9914.1 43 12.1   1  0.8-9.9-9.9
5036619650924 31.4 16.6  0.009900-99.9-99.9-99.9-99.9 0.0  012.1 39  9.8  11  8.8 6.2 3.9
5036619650925 22.8  7.7  0.009900-99.9-99.9-99.9-99.9 4.8 39 5.9 32 -0.5   1  0.813.7 2.5
5036619650926 26.3  4.9  0.009900-99.9-99.9-99.9-99.9-9.9 99 6.9 36  1.7   1  0.8-9.9-9.9
5036619650927 30.0  7.4  0.009900-99.9-99.9-99.9-99.9-9.9 99 7.4 32  2.7   1  0.8-9.9-9.9
5036619650928 34.1 10.0  0.009900-99.9-99.9-99.9-99.9-9.9 9910.4 37  7.5   1  0.8-9.9-9.9
5036619650929 31.3 11.5  0.009900-99.9-99.9-99.9-99.9 4.8 39 9.2 33  5.8  11  8.813.9 4.5
5036619650930 27.9  9.9  0.009900-99.9-99.9-99.9-99.9 5.3 4311.1 43  8.5   1  0.814.8 2.8
5036619651001 23.8 12.2  0.009900-99.9-99.9-99.9-99.9 1.7 14 9.6 41  6.4   3  2.4 9.1 2.6
5036619651002 28.0 13.7  0.009900-99.9-99.9-99.9-99.9-9.9 99 9.4 37  6.1   1  0.8-9.9-9.9
5036619651003 31.5  9.8  0.009900-99.9-99.9-99.9-99.9-9.9 9910.1 36  7.1   3  2.4-9.9-9.9
5036619651004 37.1 16.3  0.009900-99.9-99.9-99.9-99.9-9.9 9911.4 32  8.9   1  0.8-9.9-9.9
5036619651005 37.3 15.9  0.519900-99.9-99.9-99.9-99.9-9.9 9914.9 37 12.9   4  3.2-9.9-9.9
5036619651006 29.6 18.5  0.009900-99.9-99.9-99.9-99.9 5.5 4415.9 51 13.9   6  4.815.5 3.9
5036619651007 30.6 16.2  0.009900-99.9-99.9-99.9-99.9 7.6 6117.2 58 15.1   1  0.818.9 3.7
5036619651008 38.0 18.5  0.009900-99.9-99.9-99.9-99.9 9.3 7416.8 40 14.8  12  9.621.7 6.2
5036619651009 37.0 19.9  0.009900-99.9-99.9-99.9-99.9 7.7 6115.5 39 13.5  16 12.819.2 6.6
5036619651010 22.5 13.1  0.009900-99.9-99.9-99.9-99.9 0.0  0 7.2 37  2.3   4  3.2 6.7 2.8
5036619651011 25.0 14.1  0.009900-99.9-99.9-99.9-99.9 7.2 57 6.6 28  1.1   7  5.618.5 4.3
5036619651012 30.0  9.6  0.009900-99.9-99.9-99.9-99.910.2 8110.5 39  7.7   3  2.423.5 4.1
5036619651013 32.1 14.2  0.009900-99.9-99.9-99.9-99.9 9.8 7812.6 38 10.4  12  9.622.9 5.6
5036619651014 34.4 17.9  0.009900-99.9-99.9-99.9-99.910.1 8016.6 42 14.6   5  4.023.5 5.2
5036619651015 37.7 20.3  0.009900-99.9-99.9-99.9-99.9 8.5 6716.2 36 14.2  17 13.620.9 7.1
5036619651016 38.7 20.4  0.009900-99.9-99.9-99.9-99.9 9.5 7516.3 33 14.3   7  5.622.6 5.8
5036619651017 38.1 22.2  0.319900-99.9-99.9-99.9-99.9 8.1 6415.7 33 13.7   8  6.420.4 5.8
5036619651018 32.5 19.4 10.219900-99.9-99.9-99.9-99.9 6.9 5418.6 58 16.4   2  1.618.4 4.2
5036619651019 26.8 13.9  9.019900-99.9-99.9-99.9-99.9 3.9 3114.7 75 12.7  12  9.613.5 3.8
5036619651020 24.7 12.7  0.009900-99.9-99.9-99.9-99.9 5.1 4016.0 71 14.0   6  4.815.5 3.1
5036619651021 29.3 17.5  4.819900-99.9-99.9-99.9-99.9 6.3 4918.4 70 16.2   4  3.217.6 3.9
5036619651022 19.0 16.1  0.719900-99.9-99.9-99.9-99.9 0.0  018.4 93 16.2   5  4.0 7.1 1.6
5036619651023 24.0 17.5  4.819900-99.9-99.9-99.9-99.9 0.6  520.7 84 18.1   1  0.8 8.1 1.9
5036619651024 27.5 14.6  0.009900-99.9-99.9-99.9-99.911.2 8715.0 57 13.0   4  3.226.0 4.7
5036619651025 32.0 12.0  0.009900-99.9-99.9-99.9-99.911.0 8514.8 50 12.8   4  3.225.7 4.9
5036619651026 35.6 14.6  0.009900-99.9-99.9-99.9-99.910.8 8316.1 47 14.1   3  2.425.5 5.2
5036619651027 26.9 16.4  0.009900-99.9-99.9-99.9-99.9 3.6 2812.3 47 10.0  19 15.213.3 5.3
5036619651028 27.2 10.8  0.009900-99.9-99.9-99.9-99.910.8 83 8.6 33  4.8   1  0.825.6 4.1
5036619651029 31.6 10.7  0.009900-99.9-99.9-99.9-99.911.1 85 8.2 27  4.1   3  2.426.1 4.7
5036619651030 31.7 10.8  0.009900-99.9-99.9-99.9-99.910.8 83 8.6 28  4.8   5  4.025.7 5.0
5036619651031 31.6 14.2  0.009900-99.9-99.9-99.9-99.910.6 8112.2 38  9.9   3  2.425.4 4.9
5036619651101 33.8 14.1  0.009900-99.9-99.9-99.9-99.9 7.3 5613.7 41 11.6   5  4.019.8 4.6
5036619651102 30.1 18.1  0.009900-99.9-99.9-99.9-99.9 2.9 2214.8 44 12.8   2  1.612.3 3.3
5036619651103 26.8 19.2  0.619900-99.9-99.9-99.9-99.9 0.0  014.2 57 12.2   8  6.4 7.4 3.3
5036619651104 22.1 15.9  0.009900-99.9-99.9-99.9-99.9 0.5  413.8 66 11.8   0  0.0 8.3 2.1
5036619651105 20.7 15.0  0.009900-99.9-99.9-99.9-99.9 0.0  015.7 80 13.7  11  8.8 7.4 2.3
5036619651106 27.8 15.7  0.009900-99.9-99.9-99.9-99.9 4.6 3516.8 60 14.8   1  0.815.4 3.3
5036619651107 30.0 17.9  0.009900-99.9-99.9-99.9-99.9 2.6 2018.6 63 16.4   3  2.411.9 3.2
5036619651108 30.0 18.0  0.009900-99.9-99.9-99.9-99.9 1.8 1422.5 69 19.4   2  1.610.6 2.7
5036619651109 33.3 21.5 10.319900-99.9-99.9-99.9-99.9 4.3 3221.4 59 18.6  20 16.014.9 5.8
5036619651110 26.0 16.9  4.119900-99.9-99.9-99.9-99.9 0.0  017.7 80 15.6   0  0.0 7.5 2.1
5036619651111 19.2 15.7 32.219900-99.9-99.9-99.9-99.9 0.0  017.8 92 15.7   9  7.2 7.5 1.8
5036619651112 15.8 11.3  2.619900-99.9-99.9-99.9-99.9 0.0  012.7 87 10.5  11  8.8 7.6 1.9
5036619651113 20.7 11.4  0.009900-99.9-99.9-99.9-99.9 4.1 3112.5 70 10.3   4  3.214.7 2.9
5036619651114 26.4  9.9  0.009900-99.9-99.9-99.9-99.911.6 8713.9 57 11.9   4  3.227.7 4.7
5036619651115 30.4 12.9  0.009900-99.9-99.9-99.9-99.911.0 8216.6 55 14.6   3  2.426.7 5.0
5036619651116 32.2 15.2  0.009900-99.9-99.9-99.9-99.9 6.7 5017.5 51 15.4   1  0.819.3 4.1
5036619651117 31.0 18.0  0.009900-99.9-99.9-99.9-99.9 5.6 4216.6 53 14.6   4  3.217.4 4.3
5036619651118 32.8 17.0  0.009900-99.9-99.9-99.9-99.9 8.8 6519.4 55 17.0   4  3.223.0 5.1
5036619651119 35.9 17.3  0.009900-99.9-99.9-99.9-99.910.5 7820.1 49 17.6   2  1.626.0 5.6
5036619651120 36.2 19.5 10.219900-99.9-99.9-99.9-99.9 9.7 7218.7 41 16.4   8  6.424.6 6.3
5036619651121 33.7 22.0  0.009900-99.9-99.9-99.9-99.9-9.9 9924.3 58 20.6   1  0.8-9.9-9.9
5036619651122 37.3 23.1  0.009900-99.9-99.9-99.9-99.9 9.9 7324.1 51 20.5   6  4.825.0 6.4
5036619651123 35.1 21.5  6.819900-99.9-99.9-99.9-99.9 3.6 2720.8 57 18.1  13 10.414.0 5.2
5036619651124 22.6 15.6  0.219900-99.9-99.9-99.9-99.9 0.0  017.3 82 15.2   0  0.0 7.8 1.9
5036619651125 31.0 15.4  0.009900-99.9-99.9-99.9-99.910.8 8018.8 60 16.5   3  2.426.7 5.3
5036619651126 34.6 17.2  0.009900-99.9-99.9-99.9-99.911.2 8222.1 59 19.1   3  2.427.4 5.8
5036619651127 35.9 19.9  0.009900-99.9-99.9-99.9-99.9 8.4 6224.2 58 20.6   4  3.222.5 5.4
5036619651128 37.4 22.7  0.009900-99.9-99.9-99.9-99.9 8.6 6324.5 51 20.8   8  6.422.9 6.3
5036619651129 39.4 24.0 99.419900-99.9-99.9-99.9-99.9 8.9 6519.4 37 17.0  16 12.823.4 8.1
5036619651130 32.4 18.1  5.619900-99.9-99.9-99.9-99.9 0.0  020.0 86 17.5   6  4.8 7.8 3.0
5036619651201 25.7 17.9  0.009900-99.9-99.9-99.9-99.9 2.9 2121.1 80 18.4   1  0.812.9 2.8
5036619651202 30.8 20.4  0.009900-99.9-99.9-99.9-99.9 9.9 7223.7 70 20.2   3  2.425.2 5.4
5036619651203 35.0 21.2  0.009900-99.9-99.9-99.9-99.910.3 7527.1 62 22.4   8  6.425.9 6.3
5036619651204 36.4 23.7 17.419900-99.9-99.9-99.9-99.9 7.1 5228.1 69 23.0   7  5.620.3 5.6
5036619651205 26.8 19.0 12.319900-99.9-99.9-99.9-99.9 4.0 2920.1 73 17.6  11  8.814.9 4.0
5036619651206 33.3 18.4  0.009900-99.9-99.9-99.9-99.910.2 7424.2 64 20.6  11  8.825.8 6.1
5036619651207 33.0 21.4 17.619900-99.9-99.9-99.9-99.9 8.0 5824.4 64 20.7  11  8.822.0 5.8
5036619651208 28.0 16.3  2.719900-99.9-99.9-99.9-99.9 0.0  017.3 85 15.2   6  4.8 7.9 2.8
5036619651209 22.6 16.3  0.009900-99.9-99.9-99.9-99.9 0.6  420.3 84 17.7   4  3.2 9.0 2.0
5036619651210 29.6 18.6  7.019900-99.9-99.9-99.9-99.9 5.1 3722.9 77 19.7   8  6.416.9 4.1
5036619651211 30.9 19.0  0.419900-99.9-99.9-99.9-99.9 7.6 5523.8 73 20.3   4  3.221.3 4.7
5036619651212 27.0 19.0  1.019900-99.9-99.9-99.9-99.9 0.0  023.1 91 19.8   9  7.2 7.9 2.4
5036619651213 26.7 19.8 12.319900-99.9-99.9-99.9-99.9 0.7  523.9 83 20.4   6  4.8 9.2 2.4
5036619651214 23.6 12.5  4.219900-99.9-99.9-99.9-99.9 0.0  015.2 80 13.2   7  5.6 7.9 2.3
5036619651215 20.7 13.9  0.009900-99.9-99.9-99.9-99.9 0.0  016.3 79 14.3   3  2.4 7.9 1.9
5036619651216 25.1 14.9  0.009900-99.9-99.9-99.9-99.9 0.0  019.5 76 17.1   3  2.4 7.9 2.0
5036619651217 29.6 17.4  0.009900-99.9-99.9-99.9-99.9 1.4 1024.4 76 20.7   3  2.410.4 2.6
5036619651218 31.7 20.3  1.319900-99.9-99.9-99.9-99.9 7.4 5426.0 75 21.7   9  7.221.0 5.1
5036619651219 27.5 21.7 24.219900-99.9-99.9-99.9-99.9 2.4 1725.4 81 21.4   1  0.812.2 2.9
5036619651220 23.0 17.6  7.219900-99.9-99.9-99.9-99.9 0.0  019.7 87 17.3   9  7.2 8.0 2.3
5036619651221 24.1 16.0  0.009900-99.9-99.9-99.9-99.9 1.5 1114.0 58 12.0   0  0.010.6 2.6
5036619651222 27.2 13.1  0.009900-99.9-99.9-99.9-99.9 8.7 6314.7 55 12.7  11  8.823.3 5.1
5036619651223 31.7 15.4  0.009900-99.9-99.9-99.9-99.911.0 8019.1 62 16.8   9  7.227.4 6.0
5036619651224 31.0 18.4  0.319900-99.9-99.9-99.9-99.9 8.9 6522.5 63 19.4   5  4.023.7 5.2
5036619651225 27.5 19.9  0.009900-99.9-99.9-99.9-99.9 2.9 2117.1 60 15.0   3  2.413.1 3.5
5036619651226 30.0 14.4  0.009900-99.9-99.9-99.9-99.9 8.3 6016.6 62 14.6   1  0.822.6 4.5
5036619651227 29.8 15.5  0.009900-99.9-99.9-99.9-99.9 7.0 5119.5 60 17.1   3  2.420.3 4.3
5036619651228 30.9 16.2  0.009900-99.9-99.9-99.9-99.9 8.1 5921.0 65 18.3   3  2.422.2 4.7
5036619651229 30.8 21.4  0.009900-99.9-99.9-99.9-99.9 4.2 3123.4 69 20.0   4  3.215.4 4.0
5036619651230 32.6 19.7  4.219900-99.9-99.9-99.9-99.9 6.1 4422.7 62 19.5  11  8.818.7 5.1
5036619651231 34.5 17.9  0.009900-99.9-99.9-99.9-99.911.0 8024.9 65 21.0   3  2.427.4 5.9
5036619660101 33.3 20.3 55.219900-99.9-99.9-99.9-99.9 5.4 3923.8 71 20.3   4  3.217.5 4.4
5036619660102 31.4 16.4  0.119900-99.9-99.9-99.9-99.9 5.8 4224.3 68 20.6   1  0.818.2 3.9
5036619660103 27.6 18.4 18.119900-99.9-99.9-99.9-99.9 1.2  922.1 84 19.1   9  7.210.0 2.9
5036619660104 30.0 16.4  0.009900-99.9-99.9-99.9-99.9 8.6 6322.0 65 19.0   0  0.023.1 4.6
5036619660105 32.0 19.8  0.009900-99.9-99.9-99.9-99.9 8.0 5826.0 70 21.7   4  3.222.0 5.0
5036619660106 32.9 21.7 60.019900-99.9-99.9-99.9-99.9 5.5 4026.7 71 22.2   2  1.617.6 4.3
5036619660107 29.4 18.5  0.119900-99.9-99.9-99.9-99.9 3.2 2323.6 82 20.2   4  3.213.6 3.3
5036619660108 29.5 20.8  0.009900-99.9-99.9-99.9-99.9 6.0 4424.6 77 20.8   5  4.018.5 4.3
5036619660109 31.0 19.4  0.219900-99.9-99.9-99.9-99.9 7.9 5822.7 64 19.5   6  4.821.8 5.0
5036619660110 25.6 18.5  0.009900-99.9-99.9-99.9-99.9 0.0  018.3 73 16.1   3  2.4 7.9 2.4
5036619660111 27.4 19.3  0.009900-99.9-99.9-99.9-99.9 2.9 2120.3 73 17.7   0  0.013.0 3.0
5036619660112 27.5 20.6  0.009900-99.9-99.9-99.9-99.9 2.6 1921.2 74 18.4   4  3.212.4 3.3
5036619660113 29.7 19.7  0.009900-99.9-99.9-99.9-99.9 5.5 4024.0 55 20.4   4  3.217.5 4.0
5036619660114 32.0 22.0  0.009900-99.9-99.9-99.9-99.9 4.8 3524.0 70 20.4   2  1.616.3 4.1
5036619660115 33.8 20.0  0.009900-99.9-99.9-99.9-99.9 8.9 6525.3 65 21.3   3  2.423.5 5.3
5036619660116 34.9 21.1  0.009900-99.9-99.9-99.9-99.9 6.7 4928.5 68 23.2   3  2.419.6 4.8
5036619660117 29.7 20.4  4.619900-99.9-99.9-99.9-99.9 0.0  023.6 87 20.2   8  6.4 7.8 2.7
5036619660118 28.2 21.0  0.319900-99.9-99.9-99.9-99.9 0.1  124.5 82 20.8   3  2.4 8.0 2.3
5036619660119 32.2 18.4  0.009900-99.9-99.9-99.9-99.9 6.8 5026.3 74 21.9   1  0.819.8 4.3
5036619660120 30.5 22.4  9.319900-99.9-99.9-99.9-99.9 3.3 2427.7 77 22.8  10  8.013.6 3.7
5036619660121 26.9 20.1  0.619900-99.9-99.9-99.9-99.9 2.1 1624.1 82 20.5   1  0.811.5 2.7
5036619660122 30.0 21.9 33.819900-99.9-99.9-99.9-99.9 5.4 4025.9 85 21.7  11  8.817.2 4.5
5036619660123 29.5 21.1 13.019900-99.9-99.9-99.9-99.9 5.9 4425.8 86 21.6  11  8.818.1 4.5
5036619660124 30.0 19.5 17.419900-99.9-99.9-99.9-99.9 4.6 3425.6 85 21.5  13 10.415.8 4.0
5036619660125 29.4 19.2  0.009900-99.9-99.9-99.9-99.9 2.5 1922.2 73 19.2   3  2.412.1 3.1
5036619660126 32.3 22.5  0.009900-99.9-99.9-99.9-99.9 5.9 4426.3 70 21.9   3  2.418.0 4.4
5036619660127 34.0 23.6  0.009900-99.9-99.9-99.9-99.9 9.1 6826.6 67 22.1   8  6.423.6 6.1
5036619660128 33.7 23.6  0.009900-99.9-99.9-99.9-99.910.1 7629.4 71 23.8   0  0.025.3 5.7
5036619660129 35.6 21.2 77.719900-99.9-99.9-99.9-99.910.1 7628.8 79 23.4   8  6.425.3 6.2
5036619660130 25.7 20.1  1.719900-99.9-99.9-99.9-99.9 0.7  523.3 85 20.0   0  0.0 8.8 2.1
5036619660131 30.4 21.8  0.009900-99.9-99.9-99.9-99.9 3.5 2625.3 78 21.3   4  3.213.7 3.5
5036619660201 25.9 19.3 13.719900-99.9-99.9-99.9-99.9 2.0 1523.0 84 19.7   3  2.411.1 2.6
5036619660202 22.0 15.4 10.719900-99.9-99.9-99.9-99.9 0.5  418.2 91 16.0   8  6.4 8.4 2.1
5036619660203 30.2 14.9  0.009900-99.9-99.9-99.9-99.910.7 8120.9 70 18.2   0  0.026.2 4.8
5036619660204 32.7 19.3  0.009900-99.9-99.9-99.9-99.912.0 9126.7 71 22.2   1  0.828.4 5.9
5036619660205 34.4 22.2  0.009900-99.9-99.9-99.9-99.9 9.9 7528.7 70 23.4   0  0.024.7 5.5
5036619660206 35.6 23.6  0.009900-99.9-99.9-99.9-99.910.8 8227.9 69 22.9  11  8.826.2 6.9
5036619660207 33.7 22.2 65.319900-99.9-99.9-99.9-99.910.4 7926.7 74 22.2  10  8.025.5 6.3
5036619660208 24.6 13.0  2.019900-99.9-99.9-99.9-99.9 0.0  013.9 79 11.9   6  4.8 7.4 2.5
5036619660209 21.7 13.5  1.219900-99.9-99.9-99.9-99.9 0.0  014.1 69 12.1   7  5.6 7.4 2.3
5036619660210 22.8 14.4  0.009900-99.9-99.9-99.9-99.9 1.9 1516.4 77 14.4   8  6.410.7 2.6
5036619660211 27.6 13.4  0.009900-99.9-99.9-99.9-99.910.6 8118.3 69 16.1   1  0.825.6 4.5
5036619660212 25.3 17.1  4.519900-99.9-99.9-99.9-99.9 2.1 1620.0 77 17.5   6  4.811.0 2.7
5036619660213 21.5 16.6 11.119900-99.9-99.9-99.9-99.9 0.0  018.4 95 16.2   8  6.4 7.3 2.0
5036619660214 26.6 16.0  0.009900-99.9-99.9-99.9-99.9 2.3 1819.3 72 16.9   0  0.011.2 2.5
5036619660215 29.5 17.6  0.009900-99.9-99.9-99.9-99.9 6.0 4623.1 74 19.8   3  2.417.6 3.7
5036619660216 30.5 21.1  0.009900-99.9-99.9-99.9-99.9 4.5 3524.5 71 20.8   6  4.814.9 3.8
5036619660217 27.6 21.3  4.519900-99.9-99.9-99.9-99.9 0.8  624.3 84 20.6   5  4.0 8.6 2.4
5036619660218 26.3 20.4 49.419900-99.9-99.9-99.9-99.9 0.2  223.9 86 20.4   1  0.8 7.5 1.9
5036619660219 26.6 16.4  0.319900-99.9-99.9-99.9-99.9 0.2  218.2 70 16.0   5  4.0 7.5 2.3
5036619660220 28.8 18.1  2.819900-99.9-99.9-99.9-99.9 7.0 5521.5 74 18.7   0  0.019.0 3.8
5036619660221 24.7 15.0  4.919900-99.9-99.9-99.9-99.9 0.2  216.2 79 14.2   8  6.4 7.4 2.5
5036619660222 23.9 16.1  0.009900-99.9-99.9-99.9-99.9 3.3 2616.7 71 14.7   0  0.012.7 2.6
5036619660223 29.8 15.9  0.009900-99.9-99.9-99.9-99.9 8.8 6921.6 72 18.7   4  3.221.9 4.3
5036619660224 29.4 19.2  0.009900-99.9-99.9-99.9-99.9 5.5 4320.0 71 17.5   3  2.416.3 3.7
5036619660225 23.6 16.9  0.009900-99.9-99.9-99.9-99.9 1.2  915.2 64 13.2   0  0.0 9.0 2.2
5036619660226 24.2 18.4  0.009900-99.9-99.9-99.9-99.9 0.2  219.3 77 16.9   3  2.4 7.3 2.0
5036619660227 29.5 18.4  0.009900-99.9-99.9-99.9-99.9 8.7 6923.1 73 19.8   1  0.821.5 4.2
5036619660228 33.0 19.2  0.009900-99.9-99.9-99.9-99.910.4 8226.7 74 22.2   1  0.824.2 5.0
5036619660301 35.9 21.5  0.009900-99.9-99.9-99.9-99.9 9.8 7828.5 69 23.2   4  3.223.2 5.4
5036619660302 29.8 23.2 13.719900-99.9-99.9-99.9-99.9 2.2 1726.5 76 22.0  13 10.410.5 3.4
5036619660303 29.0 21.9 18.219900-99.9-99.9-99.9-99.9 2.0 1626.8 86 22.2   3  2.410.1 2.5
5036619660304 26.5 18.9  7.419900-99.9-99.9-99.9-99.9 3.2 2622.6 82 19.5   5  4.012.1 2.7
5036619660305 25.0 16.5  0.009900-99.9-99.9-99.9-99.910.2 8216.8 67 14.8   2  1.623.5 4.1
5036619660306 26.5 14.5  0.009900-99.9-99.9-99.9-99.9-9.9 9917.4 74 15.3   6  4.8-9.9-9.9
5036619660307 27.4 14.4  0.009900-99.9-99.9-99.9-99.911.7 9417.3 67 15.2  10  8.025.8 4.9
5036619660308 28.0 15.3  0.009900-99.9-99.9-99.9-99.9 6.4 5220.4 73 17.8   1  0.817.1 3.2
5036619660309 28.6 16.2  0.009900-99.9-99.9-99.9-99.9 5.3 4319.6 70 17.2   4  3.215.2 3.3
5036619660310 27.9 17.7  0.009900-99.9-99.9-99.9-99.9 5.2 4221.5 72 18.7   0  0.015.0 3.0
5036619660311 29.8 18.7  0.009900-99.9-99.9-99.9-99.9 3.7 3022.2 73 19.2   2  1.612.5 2.9
5036619660312 30.2 18.4  0.009900-99.9-99.9-99.9-99.9 5.3 4323.1 71 19.8   0  0.015.0 3.1
5036619660313 32.0 19.3  0.009900-99.9-99.9-99.9-99.9 7.1 5825.2 69 21.2   3  2.417.9 3.9
5036619660314 32.0 20.9  0.009900-99.9-99.9-99.9-99.9 8.5 6926.6 69 22.1   1  0.820.0 4.2
5036619660315 34.5 21.9  0.009900-99.9-99.9-99.9-99.9 8.5 6926.1 59 21.8   9  7.220.0 5.1
5036619660316 35.2 23.1  0.009900-99.9-99.9-99.9-99.9 8.9 7329.4 68 23.8   2  1.620.5 4.7
5036619660317 29.9 14.5  5.119900-99.9-99.9-99.9-99.9 0.0  019.7 87 17.3  11  8.8 6.3 2.4
5036619660318 24.8 14.1  0.009900-99.9-99.9-99.9-99.9-9.9 9912.8 58 10.6   6  4.8-9.9-9.9
5036619660319 28.2 10.7  0.009900-99.9-99.9-99.9-99.9 8.8 7315.6 61 13.6   1  0.820.1 3.3
5036619660320 29.6 13.9 25.619900-99.9-99.9-99.9-99.9 8.2 6819.1 65 16.8   0  0.019.1 3.3
5036619660321 27.7 14.0  0.009900-99.9-99.9-99.9-99.9 8.3 6918.1 70 15.9   3  2.419.1 3.4
5036619660322 30.2 14.8  0.009900-99.9-99.9-99.9-99.9 8.9 7419.0 64 16.7   1  0.820.0 3.6
5036619660323 26.4 16.4  0.009900-99.9-99.9-99.9-99.9 5.6 4719.4 71 17.0   9  7.214.8 3.2
5036619660324 28.4 16.6  0.009900-99.9-99.9-99.9-99.9 4.9 4119.1 72 16.8   1  0.813.6 2.8
5036619660325 28.4 16.9 37.119900-99.9-99.9-99.9-99.9 3.6 3020.5 80 17.9   1  0.811.5 2.5
5036619660326 26.8 16.5  0.009900-99.9-99.9-99.9-99.9 6.9 5815.7 63 13.7   1  0.816.5 3.0
5036619660327 27.7 16.5  0.009900-99.9-99.9-99.9-99.9 7.6 6419.1 70 16.8   0  0.017.5 3.1
5036619660328 27.7 17.9  0.009900-99.9-99.9-99.9-99.9 2.9 2421.5 80 18.7   2  1.610.3 2.3
5036619660329 27.3 19.5  0.009900-99.9-99.9-99.9-99.9 1.4 1222.7 81 19.5   3  2.4 8.0 2.0
5036619660330 22.4 18.5  1.119900-99.9-99.9-99.9-99.9 0.3  320.8 89 18.1   3  2.4 6.3 1.5
5036619660331 27.3 14.4  0.419900-99.9-99.9-99.9-99.9 4.1 3517.5 69 15.4   3  2.411.9 2.5
5036619660401 23.8 17.1  1.419900-99.9-99.9-99.9-99.9 0.7  619.3 77 16.9   0  0.0 6.8 1.6
5036619660402 21.4 17.3 25.519900-99.9-99.9-99.9-99.9 0.0  019.4 93 17.0   2  1.6 5.7 1.4
5036619660403 20.6 16.9  0.319900-99.9-99.9-99.9-99.9 0.0  020.1 93 17.6   1  0.8 5.7 1.2
5036619660404 26.5 17.3 36.619900-99.9-99.9-99.9-99.9 1.8 1520.7 86 18.1   1  0.8 8.3 1.9
5036619660405 25.8 16.6  0.009900-99.9-99.9-99.9-99.9 6.7 5719.3 78 16.9   1  0.815.4 2.7
5036619660406 25.6 17.5  0.009900-99.9-99.9-99.9-99.9 2.5 2119.6 78 17.2   0  0.0 9.2 1.9
5036619660407 23.5 18.8  0.009900-99.9-99.9-99.9-99.9 0.6  520.6 86 18.0   0  0.0 6.4 1.5
5036619660408 27.7 18.4  2.819900-99.9-99.9-99.9-99.9 5.8 5021.7 80 18.8   0  0.013.9 2.6
5036619660409 29.5 19.7  0.009900-99.9-99.9-99.9-99.9 7.6 6621.7 73 18.8   3  2.416.4 3.3
5036619660410 31.0 17.0  0.009900-99.9-99.9-99.9-99.9 9.0 7820.6 64 18.0   8  6.418.3 3.8
5036619660411 29.8 16.3  0.009900-99.9-99.9-99.9-99.9 9.5 8221.6 71 18.7   1  0.818.9 3.2
5036619660412 29.1 17.7 10.019900-99.9-99.9-99.9-99.9 7.8 6821.3 71 18.5   0  0.016.4 2.9
5036619660413 25.1 16.1  0.009900-99.9-99.9-99.9-99.9 3.1 2715.8 74 13.8   0  0.0 9.7 2.0
5036619660414 27.2 10.8  0.009900-99.9-99.9-99.9-99.9 7.4 6514.9 67 12.9   3  2.415.6 2.5
5036619660415 27.9 15.2  0.009900-99.9-99.9-99.9-99.9 8.1 7119.1 71 16.8   2  1.616.5 2.8
5036619660416 25.5 15.8  0.009900-99.9-99.9-99.9-99.9 5.1 4521.3 78 18.5   1  0.812.3 2.1
5036619660417 29.9 17.4  0.419900-99.9-99.9-99.9-99.9 8.4 7422.5 72 19.4   1  0.816.7 2.9
5036619660418 25.3 18.1 19.419900-99.9-99.9-99.9-99.9 0.0  022.1 96 19.1   4  3.2 5.1 1.4
5036619660419 18.1 12.9  6.719900-99.9-99.9-99.9-99.9 0.0  014.9 96 12.9   6  4.8 5.1 1.3
5036619660420 17.2 12.7  0.519900-99.9-99.9-99.9-99.9 0.5  414.6 86 12.6   1  0.8 5.7 1.1
5036619660421 16.4 13.8  1.119900-99.9-99.9-99.9-99.9 0.0  016.4 94 14.4   0  0.0 5.0 0.9
5036619660422 22.0 15.6 13.619900-99.9-99.9-99.9-99.9 2.6 2318.8 86 16.5   0  0.0 8.5 1.5
5036619660423 20.4 14.0  5.619900-99.9-99.9-99.9-99.9 0.2  214.2 81 12.2  11  8.8 5.2 1.9
5036619660424 25.0  9.4  0.009900-99.9-99.9-99.9-99.9 9.2 8214.2 73 12.2   6  4.817.1 2.5
5036619660425 25.2  9.3  0.009900-99.9-99.9-99.9-99.9 8.6 7715.1 77 13.1   0  0.016.2 2.0
5036619660426 26.5  9.7  0.009900-99.9-99.9-99.9-99.9 8.7 7815.4 73 13.4   3  2.416.3 2.3
5036619660427 26.5 11.1  0.009900-99.9-99.9-99.9-99.9 7.2 6516.1 69 14.1   0  0.014.2 2.0
5036619660428 23.6 17.8  1.619900-99.9-99.9-99.9-99.9 0.3  318.7 77 16.4   0  0.0 5.1 1.3
5036619660429 24.0 17.6  0.009900-99.9-99.9-99.9-99.9 4.1 3720.1 84 17.6   3  2.410.0 1.8
5036619660430 26.5 17.4  0.009900-99.9-99.9-99.9-99.9 2.6 2320.4 79 17.8   3  2.4 8.0 1.8
5036619660501 25.6 17.1 25.319900-99.9-99.9-99.9-99.9 2.8 2521.6 81 18.7   1  0.8 8.2 1.6
5036619660502 24.6 14.4  1.819900-99.9-99.9-99.9-99.9 3.2 2915.6 74 13.6   5  4.0 8.7 2.0
5036619660503 24.9 13.4  0.419900-99.9-99.9-99.9-99.9 6.9 6315.8 72 13.8   5  4.013.4 2.2
5036619660504 24.4 15.5  0.009900-99.9-99.9-99.9-99.9 4.5 4118.6 77 16.4   3  2.410.2 1.8
5036619660505 22.0 14.7  0.009900-99.9-99.9-99.9-99.9 0.0  018.2 84 16.0   3  2.4 4.5 1.1
5036619660506 25.7 17.4  0.009900-99.9-99.9-99.9-99.9 0.0  018.9 80 16.6   0  0.0 4.5 1.3
5036619660507 26.5 15.8  0.009900-99.9-99.9-99.9-99.9 6.4 5918.4 76 16.2   0  0.012.4 1.9
5036619660508 26.5 13.0  0.009900-99.9-99.9-99.9-99.9 9.1 8317.9 74 15.8   3  2.415.7 2.2
5036619660509 19.8 11.7  8.219900-99.9-99.9-99.9-99.9 0.0  015.8 92 13.8   3  2.4 4.4 1.0
5036619660510 11.7  8.2  1.319900-99.9-99.9-99.9-99.9 0.0  011.3 96  8.8   1  0.8 4.4 0.7
5036619660511 13.8 10.1  0.219900-99.9-99.9-99.9-99.9 0.0  012.7 89 10.5   0  0.0 4.3 0.8
5036619660512 17.4 10.0  0.219900-99.9-99.9-99.9-99.9 2.1 1913.3 83 11.2   3  2.4 6.9 1.1
5036619660513 20.1 12.3  0.009900-99.9-99.9-99.9-99.9-9.9 9913.5 80 11.4   1  0.8-9.9-9.9
5036619660514 22.6  7.9  0.009900-99.9-99.9-99.9-99.9 8.9 8213.7 76 11.6   0  0.015.0 1.5
5036619660515 24.5  9.7  0.009900-99.9-99.9-99.9-99.9 9.3 8614.7 70 12.7   4  3.215.4 1.8
5036619660516 26.4 10.9  0.009900-99.9-99.9-99.9-99.9 8.8 8215.1 74 13.1   2  1.614.7 1.8
5036619660517 27.6 10.9  0.009900-99.9-99.9-99.9-99.9 8.8 8215.8 75 13.8   2  1.614.6 1.9
5036619660518 25.3 12.9  0.009900-99.9-99.9-99.9-99.9 7.3 6816.6 77 14.6   1  0.812.8 1.7
5036619660519 25.8 11.8  0.009900-99.9-99.9-99.9-99.9 8.4 7817.3 79 15.2   0  0.014.0 1.6
5036619660520 27.5 14.0  0.009900-99.9-99.9-99.9-99.9 8.6 8017.2 71 15.1   3  2.414.2 2.0
5036619660521 26.1 13.0 18.719900-99.9-99.9-99.9-99.9 7.5 7018.9 79 16.6   6  4.812.8 1.8
5036619660522 20.7 10.1  0.419900-99.9-99.9-99.9-99.9 0.0  0 9.4 64  6.1   8  6.4 4.1 2.0
5036619660523 20.5  6.5  0.009900-99.9-99.9-99.9-99.9 9.2 86 9.7 64  6.5   3  2.414.7 1.4
5036619660524 22.0  6.9  0.009900-99.9-99.9-99.9-99.9 9.1 8611.2 70  8.6   0  0.014.5 1.3
5036619660525 22.0  7.6  0.009900-99.9-99.9-99.9-99.9 8.7 8212.7 76 10.5   1  0.814.0 1.3
5036619660526 22.8  7.4  0.009900-99.9-99.9-99.9-99.9 8.4 7912.5 73 10.3   3  2.413.6 1.4
5036619660527 15.7  9.1  0.219900-99.9-99.9-99.9-99.9 0.0  014.0 86 12.0   0  0.0 4.0 0.6
5036619660528 15.4 12.3  0.009900-99.9-99.9-99.9-99.9 0.0  012.7 82 10.5   0  0.0 3.9 0.9
5036619660529 17.6 10.4  0.009900-99.9-99.9-99.9-99.9 0.1  113.3 84 11.2   0  0.0 4.0 0.8
5036619660530 23.2 12.1  0.009900-99.9-99.9-99.9-99.9 8.6 8214.4 78 12.4   1  0.813.6 1.5
5036619660531 24.2  6.7  0.009900-99.9-99.9-99.9-99.9 8.2 7814.3 78 12.3   0  0.013.1 1.2
5036619660601 24.7  8.9  0.009900-99.9-99.9-99.9-99.9 8.7 8313.5 70 11.4   3  2.413.6 1.5
5036619660602 25.2 10.4  0.009900-99.9-99.9-99.9-99.9 8.9 8514.4 73 12.4   1  0.813.8 1.4
5036619660603 24.4 10.0  0.009900-99.9-99.9-99.9-99.9 8.5 8115.3 77 13.3   1  0.813.3 1.4
5036619660604 25.0  9.9  0.009900-99.9-99.9-99.9-99.9 2.5 2415.2 74 13.2   6  4.8 6.6 1.4
5036619660605 24.3 16.9  0.009900-99.9-99.9-99.9-99.9 6.2 5917.5 75 15.4   1  0.810.7 1.5
5036619660606 24.8 12.9  0.009900-99.9-99.9-99.9-99.9 7.5 7216.6 76 14.6   1  0.812.1 1.4
5036619660607 26.5 10.6  0.009900-99.9-99.9-99.9-99.9 8.3 7915.3 75 13.3   1  0.813.0 1.4
5036619660608 23.4 11.0  0.009900-99.9-99.9-99.9-99.9 8.3 7915.3 75 13.3   3  2.412.9 1.4
5036619660609 25.0 11.1  0.009900-99.9-99.9-99.9-99.9 8.2 7815.8 77 13.8   2  1.612.8 1.4
5036619660610 27.1 12.0  0.009900-99.9-99.9-99.9-99.9 7.4 7116.9 76 14.9   1  0.811.9 1.5
5036619660611 19.2 12.4  1.019900-99.9-99.9-99.9-99.9 0.7  714.4 88 12.4   4  3.2 4.5 1.1
5036619660612 20.4 13.0  0.009900-99.9-99.9-99.9-99.9 1.0 1014.4 80 12.4   0  0.0 4.8 1.0
5036619660613 19.6 13.7  0.009900-99.9-99.9-99.9-99.9 1.4 1314.3 79 12.3   3  2.4 5.3 1.2
5036619660614 21.3  7.2  0.009900-99.9-99.9-99.9-99.9 5.4 5212.2 71  9.9   8  6.4 9.6 1.4
5036619660615 17.3  9.3  0.219900-99.9-99.9-99.9-99.9 2.1 2013.3 82 11.2   6  4.8 6.0 0.9
5036619660616 15.8  6.9  0.009900-99.9-99.9-99.9-99.9 0.5  512.9 85 10.7   3  2.4 4.3 0.6
5036619660617 14.0 11.3  3.319900-99.9-99.9-99.9-99.9 0.0  013.1 94 11.0   2  1.6 3.7 0.7
5036619660618 12.3  9.8  3.219900-99.9-99.9-99.9-99.9 0.0  011.9 95  9.5   1  0.8 3.7 0.6
5036619660619 12.5  9.4  0.819900-99.9-99.9-99.9-99.9 0.0  012.0 92  9.7   1  0.8 3.7 0.6
5036619660620 14.1 10.6  0.009900-99.9-99.9-99.9-99.9 0.0  012.1 86  9.8   3  2.4 3.7 0.8
5036619660621 18.5  6.3  0.009900-99.9-99.9-99.9-99.9 5.3 5112.1 79  9.8   2  1.6 9.5 0.9
5036619660622 22.8  5.9  1.319900-99.9-99.9-99.9-99.9 7.7 7410.5 72  7.7   1  0.812.1 1.1
5036619660623 12.7  8.2  0.009900-99.9-99.9-99.9-99.9 1.5 14 9.2 77  5.8   7  5.6 5.3 1.2
5036619660624 20.2  2.4  0.009900-99.9-99.9-99.9-99.9 7.6 73 9.0 73  5.4   1  0.812.0 0.9
5036619660625 18.0  5.1  0.009900-99.9-99.9-99.9-99.9 7.7 7410.0 76  7.0   4  3.212.1 1.1
5036619660626 21.7  4.3  0.009900-99.9-99.9-99.9-99.9 7.6 73 9.9 68  6.8   4  3.212.0 1.2
5036619660627 18.5  3.4  0.009900-99.9-99.9-99.9-99.9 6.3 60 9.6 74  6.4   3  2.410.6 1.0
5036619660628 17.1  4.7  0.009900-99.9-99.9-99.9-99.9 5.3 51 7.3 65  2.5   7  5.6 9.5 1.5
5036619660629 17.7  1.2  0.009900-99.9-99.9-99.9-99.9 7.8 75 7.1 63  2.1   2  1.612.2 1.0
5036619660630 17.5  1.0  0.009900-99.9-99.9-99.9-99.9 7.4 71 7.3 65  2.5   4  3.211.8 1.1
5036619660701 22.0  2.6  0.009900-99.9-99.9-99.9-99.9 8.3 79-9.9-99-99.9 -99-99.912.8-9.9
5036619660702 21.0  2.4  0.009900-99.9-99.9-99.9-99.9 8.5 81-9.9-99-99.9 -99-99.913.1-9.9
5036619660703 21.6  6.4  0.009900-99.9-99.9-99.9-99.9 6.9 66-9.9-99-99.9 -99-99.911.3-9.9
5036619660704 24.1  6.7  0.009900-99.9-99.9-99.9-99.9 8.2 78-9.9-99-99.9 -99-99.912.8-9.9
5036619660705 26.3  9.5  0.009900-99.9-99.9-99.9-99.9 8.4 80-9.9-99-99.9 -99-99.913.0-9.9
5036619660706 26.0 10.7  0.009900-99.9-99.9-99.9-99.9 8.3 79-9.9-99-99.9 -99-99.912.9-9.9
5036619660707 25.5 10.4  0.009900-99.9-99.9-99.9-99.9 5.7 54-9.9-99-99.9 -99-99.910.1-9.9
5036619660708 26.8 11.7  0.009900-99.9-99.9-99.9-99.9 7.2 69-9.9-99-99.9 -99-99.911.8-9.9
5036619660709 26.0 13.2  0.009900-99.9-99.9-99.9-99.9 7.7 73-9.9-99-99.9 -99-99.912.4-9.9
5036619660710 28.7 16.3  0.009900-99.9-99.9-99.9-99.9-9.9 99-9.9-99-99.9 -99-99.9-9.9-9.9
5036619660711 31.0 12.0  0.009900-99.9-99.9-99.9-99.9 8.3 79-9.9-99-99.9 -99-99.913.1-9.9
5036619660712 21.5 10.3  0.009900-99.9-99.9-99.9-99.9 3.7 35-9.9-99-99.9 -99-99.9 8.0-9.9
5036619660713 16.5 10.3  0.009900-99.9-99.9-99.9-99.9 0.0  0-9.9-99-99.9 -99-99.9 3.9-9.9
5036619660714 15.6  8.5  0.009900-99.9-99.9-99.9-99.9 7.7 73-9.9-99-99.9 -99-99.912.6-9.9
5036619660715 17.0  0.0  0.009900-99.9-99.9-99.9-99.9 7.8 74-9.9-99-99.9 -99-99.912.7-9.9
5036619660716 16.0 -0.2  0.009900-99.9-99.9-99.9-99.9 8.2 78-9.9-99-99.9 -99-99.913.2-9.9
5036619660717 20.0  0.9  0.009900-99.9-99.9-99.9-99.9 8.0 76-9.9-99-99.9 -99-99.913.0-9.9
5036619660718 20.3  3.0  0.009900-99.9-99.9-99.9-99.9 6.1 58-9.9-99-99.9 -99-99.910.9-9.9
5036619660719 26.9  4.3  0.009900-99.9-99.9-99.9-99.9 7.9 74-9.9-99-99.9 -99-99.913.0-9.9
5036619660720 18.5  6.1  0.009900-99.9-99.9-99.9-99.9 6.9 65-9.9-99-99.9 -99-99.911.9-9.9
5036619660721 16.8  5.8  0.009900-99.9-99.9-99.9-99.9 0.2  2-9.9-99-99.9 -99-99.9 4.3-9.9
5036619660722 20.1  9.3  0.009900-99.9-99.9-99.9-99.9 6.7 63-9.9-99-99.9 -99-99.911.8-9.9
5036619660723 16.0  4.6  0.009900-99.9-99.9-99.9-99.9 2.5 23-9.9-99-99.9 -99-99.9 7.0-9.9
5036619660724 15.9 -0.5  0.009900-99.9-99.9-99.9-99.9 8.7 81-9.9-99-99.9 -99-99.914.2-9.9
5036619660725 20.5  1.3  0.009900-99.9-99.9-99.9-99.9 7.7 72-9.9-99-99.9 -99-99.913.1-9.9
5036619660726 17.8  2.1  0.009900-99.9-99.9-99.9-99.9 3.8 35-9.9-99-99.9 -99-99.9 8.6-9.9
5036619660727 14.3  9.8  0.009900-99.9-99.9-99.9-99.9 0.0  0-9.9-99-99.9 -99-99.9 4.2-9.9
5036619660728 19.1  4.9  0.009900-99.9-99.9-99.9-99.9 8.5 79-9.9-99-99.9 -99-99.914.3-9.9
5036619660729 21.7  2.4  0.519900-99.9-99.9-99.9-99.9 8.8 82-9.9-99-99.9 -99-99.914.7-9.9
5036619660730 15.4  7.3  0.119900-99.9-99.9-99.9-99.9 4.5 42-9.9-99-99.9 -99-99.9 9.6-9.9
5036619660731 19.9  1.0  0.009900-99.9-99.9-99.9-99.9 9.0 83-9.9-99-99.9 -99-99.915.1-9.9
5036619660801 23.0  2.7  0.009900-99.9-99.9-99.9-99.9 9.2 85-9.9-99-99.9 -99-99.915.4-9.9
5036619660802 21.0  3.8  0.009900-99.9-99.9-99.9-99.9 5.9 54-9.9-99-99.9 -99-99.911.5-9.9
5036619660803 14.3  3.8  0.009900-99.9-99.9-99.9-99.9 9.0 83-9.9-99-99.9 -99-99.915.3-9.9
5036619660804 13.6  4.1  0.009900-99.9-99.9-99.9-99.9 4.5 41-9.9-99-99.9 -99-99.9 9.9-9.9
5036619660805 20.1  0.1  0.009900-99.9-99.9-99.9-99.9 9.3 85-9.9-99-99.9 -99-99.915.8-9.9
5036619660806 24.5  0.5  0.009900-99.9-99.9-99.9-99.9 8.7 80-9.9-99-99.9 -99-99.915.2-9.9
5036619660807 21.0  0.8  0.009900-99.9-99.9-99.9-99.9 8.7 79-9.9-99-99.9 -99-99.915.3-9.9
5036619660808 19.4 -0.7  0.009900-99.9-99.9-99.9-99.9 8.5 77-9.9-99-99.9 -99-99.915.1-9.9
5036619660809 21.3  0.6  0.009900-99.9-99.9-99.9-99.9 6.3 57-9.9-99-99.9 -99-99.912.4-9.9
5036619660810 21.7  3.5  0.009900-99.9-99.9-99.9-99.9 8.1 74-9.9-99-99.9 -99-99.914.7-9.9
5036619660811 24.3  4.8  0.009900-99.9-99.9-99.9-99.9 7.1 64-9.9-99-99.9 -99-99.913.6-9.9
5036619660812 25.9  6.2  0.009900-99.9-99.9-99.9-99.9 7.8 71-9.9-99-99.9 -99-99.914.5-9.9
5036619660813 17.0  7.8  0.009900-99.9-99.9-99.9-99.9 0.9  8-9.9-99-99.9 -99-99.9 5.8-9.9
5036619660814 19.1  0.6  0.009900-99.9-99.9-99.9-99.9 8.6 77-9.9-99-99.9 -99-99.915.7-9.9
5036619660815 22.1  1.8  0.009900-99.9-99.9-99.9-99.9 8.5 76-9.9-99-99.9 -99-99.915.7-9.9
5036619660816 23.0  4.0  0.009900-99.9-99.9-99.9-99.9 7.4 66-9.9-99-99.9 -99-99.914.3-9.9
5036619660817 23.0  2.5  0.009900-99.9-99.9-99.9-99.9 6.4 57-9.9-99-99.9 -99-99.913.1-9.9
5036619660818 25.9  3.1  0.009900-99.9-99.9-99.9-99.9 8.7 78-9.9-99-99.9 -99-99.916.2-9.9
5036619660819 22.7  4.8  0.009900-99.9-99.9-99.9-99.9 8.2 73-9.9-99-99.9 -99-99.915.6-9.9
5036619660820 26.1  4.7  0.009900-99.9-99.9-99.9-99.9 8.5 76-9.9-99-99.9 -99-99.916.1-9.9
5036619660821 28.5  7.5  0.009900-99.9-99.9-99.9-99.9 8.7 77-9.9-99-99.9 -99-99.916.5-9.9
5036619660822 21.5  6.8  0.009900-99.9-99.9-99.9-99.9 6.1 54-9.9-99-99.9 -99-99.913.1-9.9
5036619660823 22.2  7.5  0.009900-99.9-99.9-99.9-99.9 8.6 76-9.9-99-99.9 -99-99.916.5-9.9
5036619660824 23.5  2.8  0.009900-99.9-99.9-99.9-99.9 8.8 78-9.9-99-99.9 -99-99.916.9-9.9
5036619660825 26.8  2.9  0.009900-99.9-99.9-99.9-99.9 8.1 71-9.9-99-99.9 -99-99.916.0-9.9
5036619660826 26.0  6.0  0.009900-99.9-99.9-99.9-99.9-9.9 99-9.9-99-99.9 -99-99.9-9.9-9.9
5036619660827 30.0  5.9  0.009900-99.9-99.9-99.9-99.9 7.3 64-9.9-99-99.9 -99-99.915.1-9.9
5036619660828 25.1  5.8  0.009900-99.9-99.9-99.9-99.9 8.7 76-9.9-99-99.9 -99-99.917.1-9.9
5036619660829 26.7  6.3  0.009900-99.9-99.9-99.9-99.9 8.4 73-9.9-99-99.9 -99-99.916.8-9.9
5036619660830 29.6  7.9  0.009900-99.9-99.9-99.9-99.9 8.3 72-9.9-99-99.9 -99-99.916.8-9.9
5036619660831 18.5 10.0  0.009900-99.9-99.9-99.9-99.9 0.0  0-9.9-99-99.9 -99-99.9 5.3-9.9
5036619660901 15.2  7.0  0.009900-99.9-99.9-99.9-99.9 0.7  6-9.9-99-99.9 -99-99.9 6.3-9.9
5036619660902 17.3  2.3  0.009900-99.9-99.9-99.9-99.9 8.1 70-9.9-99-99.9 -99-99.916.8-9.9
5036619660903 21.2  0.0  0.009900-99.9-99.9-99.9-99.9 8.6 74-9.9-99-99.9 -99-99.917.6-9.9
5036619660904 22.8  0.9  0.009900-99.9-99.9-99.9-99.9 8.7 75-9.9-99-99.9 -99-99.917.8-9.9
5036619660905 23.4  2.6  0.009900-99.9-99.9-99.9-99.9 6.8 58-9.9-99-99.9 -99-99.915.2-9.9
5036619660906 26.5  6.3  0.009900-99.9-99.9-99.9-99.9 6.5 56-9.9-99-99.9 -99-99.914.8-9.9
5036619660907 26.6  9.9  0.009900-99.9-99.9-99.9-99.9 6.3 54-9.9-99-99.9 -99-99.914.6-9.9
5036619660908 22.6  8.5  0.009900-99.9-99.9-99.9-99.9 1.3 11-9.9-99-99.9 -99-99.9 7.4-9.9
5036619660909 26.6 13.5  0.009900-99.9-99.9-99.9-99.9 6.4 55-9.9-99-99.9 -99-99.914.9-9.9
5036619660910 25.3  9.8  0.009900-99.9-99.9-99.9-99.9 1.2 10-9.9-99-99.9 -99-99.9 7.4-9.9
5036619660911 22.9 11.9  0.009900-99.9-99.9-99.9-99.9 0.5  4-9.9-99-99.9 -99-99.9 6.4-9.9
5036619660912 29.7  6.9  0.009900-99.9-99.9-99.9-99.9 7.9 67-9.9-99-99.9 -99-99.917.4-9.9
5036619660913 30.7  9.5  0.009900-99.9-99.9-99.9-99.9 7.8 66-9.9-99-99.9 -99-99.917.3-9.9
5036619660914 29.4 12.0  0.009900-99.9-99.9-99.9-99.9 5.6 47-9.9-99-99.9 -99-99.914.1-9.9
5036619660915 28.0 18.4  1.819900-99.9-99.9-99.9-99.9 0.3  3-9.9-99-99.9 -99-99.9 6.3-9.9
5036619660916 23.9 12.5  6.619900-99.9-99.9-99.9-99.9-9.9 99-9.9-99-99.9 -99-99.9-9.9-9.9
5036619660917 13.9 10.7  0.819900-99.9-99.9-99.9-99.9 0.0  0-9.9-99-99.9 -99-99.9 5.9-9.9
5036619660918 10.7  7.7  0.319900-99.9-99.9-99.9-99.9 0.0  0-9.9-99-99.9 -99-99.9 5.9-9.9
5036619660919 16.0  8.0  0.009900-99.9-99.9-99.9-99.9 0.4  3-9.9-99-99.9 -99-99.9 6.6-9.9
5036619660920 17.8  7.3  0.009900-99.9-99.9-99.9-99.9 2.1 17-9.9-99-99.9 -99-99.9 9.2-9.9
5036619660921 22.7  3.4  0.009900-99.9-99.9-99.9-99.9 7.4 61-9.9-99-99.9 -99-99.917.4-9.9
5036619660922 26.9  5.6  0.009900-99.9-99.9-99.9-99.9 4.7 39-9.9-99-99.9 -99-99.913.3-9.9
5036619660923 30.0  7.9  0.009900-99.9-99.9-99.9-99.9 6.6 55-9.9-99-99.9 -99-99.916.3-9.9
5036619660924 31.0  8.4  0.009900-99.9-99.9-99.9-99.9 5.7 47-9.9-99-99.9 -99-99.915.0-9.9
5036619660925 28.9 13.2  0.009900-99.9-99.9-99.9-99.9 6.5 54-9.9-99-99.9 -99-99.916.3-9.9
5036619660926 25.3 11.4  0.009900-99.9-99.9-99.9-99.9 4.6 38-9.9-99-99.9 -99-99.913.4-9.9
5036619660927 27.1 10.2  0.009900-99.9-99.9-99.9-99.9 5.5 45-9.9-99-99.9 -99-99.914.9-9.9
5036619660928 32.3 12.1  0.009900-99.9-99.9-99.9-99.9 5.6 46-9.9-99-99.9 -99-99.915.1-9.9
5036619660929 36.6 16.9  0.009900-99.9-99.9-99.9-99.9 5.6 46-9.9-99-99.9 -99-99.915.2-9.9
5036619660930 35.3 19.8  0.009900-99.9-99.9-99.9-99.9 6.2 50-9.9-99-99.9 -99-99.916.2-9.9
5036619661001 27.9 17.8  0.009900-99.9-99.9-99.9-99.9 6.6 54-9.9-99-99.9 -99-99.916.9-9.9
5036619661002 28.5 12.1  0.009900-99.9-99.9-99.9-99.9 6.3 51-9.9-99-99.9 -99-99.916.5-9.9
5036619661003 22.6 16.4  0.009900-99.9-99.9-99.9-99.9 0.0  0-9.9-99-99.9 -99-99.9 6.5-9.9
5036619661004 22.2 13.4  0.009900-99.9-99.9-99.9-99.9 1.3 10-9.9-99-99.9 -99-99.9 8.6-9.9
5036619661005 21.0 14.1  0.009900-99.9-99.9-99.9-99.9 0.4  3-9.9-99-99.9 -99-99.9 7.2-9.9
5036619661006 26.1 11.6  0.009900-99.9-99.9-99.9-99.9 5.2 42-9.9-99-99.9 -99-99.915.0-9.9
5036619661007 30.0 11.2  0.009900-99.9-99.9-99.9-99.9 8.7 70-9.9-99-99.9 -99-99.920.7-9.9
5036619661008 28.3 18.0  0.009900-99.9-99.9-99.9-99.9 5.4 43-9.9-99-99.9 -99-99.915.4-9.9
5036619661009 34.7 15.1  0.009900-99.9-99.9-99.9-99.9 9.1 73-9.9-99-99.9 -99-99.921.5-9.9
5036619661010 36.5 18.4  0.009900-99.9-99.9-99.9-99.9 9.4 75-9.9-99-99.9 -99-99.922.0-9.9
5036619661011 30.0 19.5  0.009900-99.9-99.9-99.9-99.9 2.7 21-9.9-99-99.9 -99-99.911.1-9.9
5036619661012 26.5 16.3  0.009900-99.9-99.9-99.9-99.9 3.5 28-9.9-99-99.9 -99-99.912.5-9.9
5036619661013 31.8 11.4  0.009900-99.9-99.9-99.9-99.9 9.8 78-9.9-99-99.9 -99-99.922.9-9.9
5036619661014 36.3 17.8  0.009900-99.9-99.9-99.9-99.9 7.5 59-9.9-99-99.9 -99-99.919.2-9.9
5036619661015 29.5 16.1  5.619900-99.9-99.9-99.9-99.9 0.0  0-9.9-99-99.9 -99-99.9 6.9-9.9
5036619661016 21.4 15.1  0.619900-99.9-99.9-99.9-99.9 0.1  1-9.9-99-99.9 -99-99.9 7.1-9.9
5036619661017 27.4 17.4  0.009900-99.9-99.9-99.9-99.9 3.7 29-9.9-99-99.9 -99-99.913.1-9.9
5036619661018 23.1 15.9 13.119900-99.9-99.9-99.9-99.9 0.0  0-9.9-99-99.9 -99-99.9 6.9-9.9
5036619661019 16.9 14.1  0.319900-99.9-99.9-99.9-99.9 0.0  0-9.9-99-99.9 -99-99.9 7.0-9.9
5036619661020 25.0 14.3  0.009900-99.9-99.9-99.9-99.9 2.3 18-9.9-99-99.9 -99-99.910.9-9.9
5036619661021 27.7 10.6  0.009900-99.9-99.9-99.9-99.9 5.8 45-9.9-99-99.9 -99-99.916.8-9.9
5036619661022 25.2 18.1  0.009900-99.9-99.9-99.9-99.9 4.6 36-9.9-99-99.9 -99-99.914.8-9.9
5036619661023 30.6 11.6  0.009900-99.9-99.9-99.9-99.910.9 85-9.9-99-99.9 -99-99.925.4-9.9
5036619661024 35.7 12.8  0.009900-99.9-99.9-99.9-99.910.5 81-9.9-99-99.9 -99-99.924.8-9.9
5036619661025 35.9 17.6  0.009900-99.9-99.9-99.9-99.910.3 80-9.9-99-99.9 -99-99.924.5-9.9
5036619661026 31.7 18.4  0.009900-99.9-99.9-99.9-99.9 6.5 50-9.9-99-99.9 -99-99.918.2-9.9
5036619661027 24.8 10.5  0.009900-99.9-99.9-99.9-99.9 7.2 56-9.9-99-99.9 -99-99.919.4-9.9
5036619661028 27.6  7.1  0.009900-99.9-99.9-99.9-99.9 8.4 65-9.9-99-99.9 -99-99.921.5-9.9
5036619661029 28.8  7.3  0.009900-99.9-99.9-99.9-99.9-9.9 99-9.9-99-99.9 -99-99.9-9.9-9.9
5036619661030 29.7 10.8  0.009900-99.9-99.9-99.9-99.9 7.9 61-9.9-99-99.9 -99-99.920.7-9.9
5036619661031 31.4 17.5  0.009900-99.9-99.9-99.9-99.9 9.1 70-9.9-99-99.9 -99-99.922.8-9.9
5036619661101 34.7 14.4  0.009900-99.9-99.9-99.9-99.9 9.4 72-9.9-99-99.9 -99-99.923.4-9.9
5036619661102 37.4 18.4  0.009900-99.9-99.9-99.9-99.910.4 79-9.9-99-99.9 -99-99.925.2-9.9
5036619661103 37.8 19.8  0.009900-99.9-99.9-99.9-99.9 9.8 75-9.9-99-99.9 -99-99.924.2-9.9
5036619661104 36.8 23.2  0.119900-99.9-99.9-99.9-99.9 5.8 44-9.9-99-99.9 -99-99.917.4-9.9
5036619661105 33.1 21.9  0.419900-99.9-99.9-99.9-99.9 2.2 17-9.9-99-99.9 -99-99.911.2-9.9
5036619661106 33.9 20.4  6.619900-99.9-99.9-99.9-99.9 6.9 52-9.9-99-99.9 -99-99.919.3-9.9
5036619661107 26.8 19.0  3.419900-99.9-99.9-99.9-99.9 0.0  0-9.9-99-99.9 -99-99.9 7.5-9.9
5036619661108 24.8 18.9 46.719900-99.9-99.9-99.9-99.9 0.2  2-9.9-99-99.9 -99-99.9 7.8-9.9
5036619661109 21.9 17.0  3.119900-99.9-99.9-99.9-99.9 0.0  0-9.9-99-99.9 -99-99.9 7.5-9.9
5036619661110 27.4 17.4  0.009900-99.9-99.9-99.9-99.9 2.5 19-9.9-99-99.9 -99-99.911.8-9.9
5036619661111 27.7 18.5 44.919900-99.9-99.9-99.9-99.9 2.8 21-9.9-99-99.9 -99-99.912.4-9.9
5036619661112 21.6 16.0  0.009900-99.9-99.9-99.9-99.9 0.5  4-9.9-99-99.9 -99-99.9 8.4-9.9
5036619661113 24.9 15.2  0.009900-99.9-99.9-99.9-99.9 5.8 43-9.9-99-99.9 -99-99.917.6-9.9
5036619661114 26.2 16.9  0.119900-99.9-99.9-99.9-99.9 5.8 43-9.9-99-99.9 -99-99.917.7-9.9
5036619661115 20.3 13.0  0.419900-99.9-99.9-99.9-99.9 9.1 68-9.9-99-99.9 -99-99.923.4-9.9
5036619661116 26.1  8.9  0.009900-99.9-99.9-99.9-99.911.8 88-9.9-99-99.9 -99-99.928.2-9.9
5036619661117 30.6 11.4  0.009900-99.9-99.9-99.9-99.911.5 86-9.9-99-99.9 -99-99.927.7-9.9
5036619661118 31.7 12.0  0.009900-99.9-99.9-99.9-99.911.1 83-9.9-99-99.9 -99-99.927.0-9.9
5036619661119 30.6 14.1  0.009900-99.9-99.9-99.9-99.9 8.1 60-9.9-99-99.9 -99-99.921.8-9.9
5036619661120 32.4 15.7  0.009900-99.9-99.9-99.9-99.910.7 79-9.9-99-99.9 -99-99.926.4-9.9
5036619661121 33.8 18.0  0.009900-99.9-99.9-99.9-99.910.8 80-9.9-99-99.9 -99-99.926.6-9.9
5036619661122 35.8 23.0  0.009900-99.9-99.9-99.9-99.9 7.2 53-9.9-99-99.9 -99-99.920.3-9.9
5036619661123 34.1 22.6 13.819900-99.9-99.9-99.9-99.9 5.1 38-9.9-99-99.9 -99-99.916.7-9.9
5036619661124 26.2 20.9  0.219900-99.9-99.9-99.9-99.9 1.4 10-9.9-99-99.9 -99-99.910.2-9.9
5036619661125 33.0 21.4 59.719900-99.9-99.9-99.9-99.9 8.4 62-9.9-99-99.9 -99-99.922.5-9.9
5036619661126 29.3 19.8  2.719900-99.9-99.9-99.9-99.9 6.8 50-9.9-99-99.9 -99-99.919.7-9.9
5036619661127 33.2 20.5  0.009900-99.9-99.9-99.9-99.9 7.7 57-9.9-99-99.9 -99-99.921.3-9.9
5036619661128 32.0 21.8  8.419900-99.9-99.9-99.9-99.9 4.3 32-9.9-99-99.9 -99-99.915.3-9.9
5036619661129 27.8 20.4  5.819900-99.9-99.9-99.9-99.9 1.1  8-9.9-99-99.9 -99-99.9 9.7-9.9
5036619661130 29.3 18.4  0.009900-99.9-99.9-99.9-99.9 5.8 43-9.9-99-99.9 -99-99.918.0-9.9
5036619661201 31.8 20.5  0.009900-99.9-99.9-99.9-99.9-9.9 99-9.9-99-99.9 -99-99.9-9.9-9.9
5036619661202 33.1 20.0  0.009900-99.9-99.9-99.9-99.9-9.9 99-9.9-99-99.9 -99-99.9-9.9-9.9
5036619661203 32.0 22.2  0.009900-99.9-99.9-99.9-99.9 6.8 50-9.9-99-99.9 -99-99.919.8-9.9
5036619661204 32.2 23.2  0.719900-99.9-99.9-99.9-99.9-9.9 99-9.9-99-99.9 -99-99.9-9.9-9.9
5036619661205 24.8 16.7  0.009900-99.9-99.9-99.9-99.9 0.2  1-9.9-99-99.9 -99-99.9 8.2-9.9
5036619661206 30.4 17.7  0.009900-99.9-99.9-99.9-99.9 7.0 51-9.9-99-99.9 -99-99.920.2-9.9
5036619661207 36.0 20.5  0.009900-99.9-99.9-99.9-99.9 9.4 69-9.9-99-99.9 -99-99.924.4-9.9
5036619661208 39.8 24.3  0.009900-99.9-99.9-99.9-99.9 6.9 50-9.9-99-99.9 -99-99.920.0-9.9
5036619661209 37.8 28.7  3.619900-99.9-99.9-99.9-99.9 4.2 31-9.9-99-99.9 -99-99.915.3-9.9
5036619661210 32.7 22.1  0.009900-99.9-99.9-99.9-99.9 4.9 36-9.9-99-99.9 -99-99.916.5-9.9
5036619661211 37.2 24.2  5.719900-99.9-99.9-99.9-99.9 8.0 58-9.9-99-99.9 -99-99.922.0-9.9
5036619661212 26.2 20.0  2.919900-99.9-99.9-99.9-99.9 0.5  4-9.9-99-99.9 -99-99.9 8.8-9.9
5036619661213 28.8 19.2  0.009900-99.9-99.9-99.9-99.9 3.9 28-9.9-99-99.9 -99-99.914.8-9.9
5036619661214 29.6 15.0  7.019900-99.9-99.9-99.9-99.9 2.5 18-9.9-99-99.9 -99-99.912.3-9.9
5036619661215 27.1 14.8  0.009900-99.9-99.9-99.9-99.9 4.8 35-9.9-99-99.9 -99-99.916.4-9.9
5036619661216 31.9 17.8  0.009900-99.9-99.9-99.9-99.9 6.3 46-9.9-99-99.9 -99-99.919.0-9.9
5036619661217 34.1 21.0  1.219900-99.9-99.9-99.9-99.9 9.4 68-9.9-99-99.9 -99-99.924.5-9.9
5036619661218 29.3 18.9 32.519900-99.9-99.9-99.9-99.9 3.8 28-9.9-99-99.9 -99-99.914.6-9.9
5036619661219 25.2 16.9  2.519900-99.9-99.9-99.9-99.9 1.3  9-9.9-99-99.9 -99-99.910.2-9.9
5036619661220 22.4 18.3  1.619900-99.9-99.9-99.9-99.9 0.0  0-9.9-99-99.9 -99-99.9 8.0-9.9
5036619661221 19.5 17.7  1.519900-99.9-99.9-99.9-99.9 0.0  0-9.9-99-99.9 -99-99.9 8.0-9.9
5036619661222 17.7 12.3 18.519900-99.9-99.9-99.9-99.9 0.0  0-9.9-99-99.9 -99-99.9 8.0-9.9
5036619661223 16.7 11.2  0.919900-99.9-99.9-99.9-99.9 0.0  0-9.9-99-99.9 -99-99.9 8.0-9.9
5036619661224 18.2 13.2  0.009900-99.9-99.9-99.9-99.9 0.0  0-9.9-99-99.9 -99-99.9 8.0-9.9
5036619661225 26.8 10.9  0.009900-99.9-99.9-99.9-99.910.4 75-9.9-99-99.9 -99-99.926.3-9.9
5036619661226 29.8 13.1  0.009900-99.9-99.9-99.9-99.9 9.3 67-9.9-99-99.9 -99-99.924.4-9.9
5036619661227 32.1 14.9  0.009900-99.9-99.9-99.9-99.910.0 73-9.9-99-99.9 -99-99.925.6-9.9
5036619661228 31.7 16.9  0.009900-99.9-99.9-99.9-99.9 8.5 62-9.9-99-99.9 -99-99.922.9-9.9
5036619661229 33.2 18.9  0.009900-99.9-99.9-99.9-99.9 8.9 65-9.9-99-99.9 -99-99.923.7-9.9
5036619661230 31.1 23.0 13.019900-99.9-99.9-99.9-99.9 6.1 44-9.9-99-99.9 -99-99.918.7-9.9
5036619661231 23.8 17.4  2.619900-99.9-99.9-99.9-99.9 0.0  0-9.9-99-99.9 -99-99.9 7.9-9.9
5036619670101 23.7 16.9  0.319900-99.9-99.9-99.9-99.9 0.5  4-9.9-99-99.9 -99-99.9 8.8-9.9
5036619670102 29.8 19.4 24.019900-99.9-99.9-99.9-99.9 5.4 3924.8 77 21.0   1  0.817.5 3.8
5036619670103 27.6 19.9  7.919900-99.9-99.9-99.9-99.9 1.9 1423.4 84 20.0   1  0.811.3 2.7
5036619670104 30.7 19.4  0.009900-99.9-99.9-99.9-99.9 7.1 5219.5 61 17.1  11  8.820.5 5.4
5036619670105 29.9 18.9  0.009900-99.9-99.9-99.9-99.9 5.8 4219.9 63 17.4   8  6.418.2 4.6
5036619670106 33.8 18.2  0.009900-99.9-99.9-99.9-99.9 9.7 7122.6 64 19.5   4  3.225.0 5.6
5036619670107 34.1 22.0 54.019900-99.9-99.9-99.9-99.910.5 7723.4 58 20.0   5  4.026.4 6.2
5036619670108 29.6 18.0  1.619900-99.9-99.9-99.9-99.9 3.8 2819.0 71 16.7   6  4.814.6 3.9
5036619670109 32.2 15.0  0.009900-99.9-99.9-99.9-99.911.3 8318.4 53 16.2   4  3.227.8 5.6
5036619670110 34.6 17.9  0.009900-99.9-99.9-99.9-99.9 9.0 6621.8 59 18.9   3  2.423.8 5.3
5036619670111 32.7 20.1  0.009900-99.9-99.9-99.9-99.9 7.9 5823.5 65 20.1   4  3.221.8 5.1
5036619670112 35.5 22.9  0.009900-99.9-99.9-99.9-99.9 8.6 6323.4 54 20.0   4  3.223.0 5.7
5036619670113 36.8 20.5  7.319900-99.9-99.9-99.9-99.9 8.7 6423.9 53 20.4   4  3.223.2 5.7
5036619670114 33.4 20.7  0.009900-99.9-99.9-99.9-99.9 8.8 6522.9 61 19.7   7  5.623.4 5.7
5036619670115 33.2 20.0  0.219900-99.9-99.9-99.9-99.9 8.6 6324.0 62 20.4   4  3.223.0 5.3
5036619670116 38.2 20.4  0.009900-99.9-99.9-99.9-99.910.4 7721.9 50 19.0   9  7.226.1 6.9
5036619670117 38.2 24.4  2.319900-99.9-99.9-99.9-99.9 9.2 6821.9 54 19.0  10  8.024.0 7.1
5036619670118 30.6 13.7  0.009900-99.9-99.9-99.9-99.9 9.6 7112.7 50 10.5   6  4.824.7 5.3
5036619670119 31.3 13.6  0.009900-99.9-99.9-99.9-99.9 8.5 6316.0 50 14.0  10  8.022.7 5.3
5036619670120 26.5 16.8  5.519900-99.9-99.9-99.9-99.9 4.5 3317.9 67 15.8  14 11.215.7 4.3
5036619670121 23.5 14.4  0.009900-99.9-99.9-99.9-99.9 0.3  213.8 63 11.8   1  0.8 8.3 2.3
5036619670122 24.4 17.0  0.009900-99.9-99.9-99.9-99.9 1.2  915.2 64 13.2   4  3.2 9.9 2.8
5036619670123 29.2 16.5  0.009900-99.9-99.9-99.9-99.9 6.3 4717.2 60 15.1   4  3.218.8 4.2
5036619670124 32.0 17.8  0.009900-99.9-99.9-99.9-99.9 8.5 6318.0 55 15.8   1  0.822.6 4.7
5036619670125 34.4 17.4  0.009900-99.9-99.9-99.9-99.910.6 7920.9 55 18.2   1  0.826.3 5.4
5036619670126 37.1 20.8  0.009900-99.9-99.9-99.9-99.9 8.8 6623.8 57 20.3   2  1.623.1 5.5
5036619670127 36.3 22.9  1.019900-99.9-99.9-99.9-99.9 4.8 3627.2 65 22.5   3  2.416.1 4.4
5036619670128 29.9 23.2  3.919900-99.9-99.9-99.9-99.9 0.8  627.6 80 22.7   7  5.6 9.1 2.8
5036619670129 31.2 22.6  0.009900-99.9-99.9-99.9-99.9 4.2 3126.0 73 21.7   3  2.415.0 3.8
5036619670130 36.2 20.5  0.009900-99.9-99.9-99.9-99.910.7 8024.9 63 21.0   3  2.426.3 6.0
5036619670131 36.8 23.3  0.009900-99.9-99.9-99.9-99.9 8.8 6626.7 62 22.2   4  3.223.0 5.8
5036619670201-99.9-99.9-99.999999-99.9-99.9-99.9-99.9-9.9 99-9.9-99-99.9 -99-99.9-9.9-9.9
5036619670202-99.9-99.9-99.999999-99.9-99.9-99.9-99.9-9.9 99-9.9-99-99.9 -99-99.9-9.9-9.9
5036619670203-99.9-99.9-99.999999-99.9-99.9-99.9-99.9-9.9 99-9.9-99-99.9 -99-99.9-9.9-9.9
5036619670204-99.9-99.9-99.999999-99.9-99.9-99.9-99.9-9.9 99-9.9-99-99.9 -99-99.9-9.9-9.9
5036619670205-99.9-99.9-99.999999-99.9-99.9-99.9-99.9-9.9 99-9.9-99-99.9 -99-99.9-9.9-9.9
5036619670206-99.9-99.9-99.999999-99.9-99.9-99.9-99.9-9.9 99-9.9-99-99.9 -99-99.9-9.9-9.9
5036619670207-99.9-99.9-99.999999-99.9-99.9-99.9-99.9-9.9 99-9.9-99-99.9 -99-99.9-9.9-9.9
5036619670208-99.9-99.9-99.999999-99.9-99.9-99.9-99.9-9.9 99-9.9-99-99.9 -99-99.9-9.9-9.9
5036619670209-99.9-99.9-99.999999-99.9-99.9-99.9-99.9-9.9 99-9.9-99-99.9 -99-99.9-9.9-9.9
5036619670210-99.9-99.9-99.999999-99.9-99.9-99.9-99.9-9.9 99-9.9-99-99.9 -99-99.9-9.9-9.9
5036619670211-99.9-99.9-99.999999-99.9-99.9-99.9-99.9-9.9 99-9.9-99-99.9 -99-99.9-9.9-9.9
5036619670212-99.9-99.9-99.999999-99.9-99.9-99.9-99.9-9.9 99-9.9-99-99.9 -99-99.9-9.9-9.9
5036619670213-99.9-99.9-99.999999-99.9-99.9-99.9-99.9-9.9 99-9.9-99-99.9 -99-99.9-9.9-9.9
5036619670214-99.9-99.9-99.999999-99.9-99.9-99.9-99.9-9.9 99-9.9-99-99.9 -99-99.9-9.9-9.9
5036619670215-99.9-99.9-99.999999-99.9-99.9-99.9-99.9-9.9 99-9.9-99-99.9 -99-99.9-9.9-9.9
5036619670216-99.9-99.9-99.999999-99.9-99.9-99.9-99.9-9.9 99-9.9-99-99.9 -99-99.9-9.9-9.9
5036619670217-99.9-99.9-99.999999-99.9-99.9-99.9-99.9-9.9 99-9.9-99-99.9 -99-99.9-9.9-9.9
5036619670218-99.9-99.9-99.999999-99.9-99.9-99.9-99.9-9.9 99-9.9-99-99.9 -99-99.9-9.9-9.9
5036619670219-99.9-99.9-99.999999-99.9-99.9-99.9-99.9-9.9 99-9.9-99-99.9 -99-99.9-9.9-9.9
5036619670220-99.9-99.9-99.999999-99.9-99.9-99.9-99.9-9.9 99-9.9-99-99.9 -99-99.9-9.9-9.9
5036619670221-99.9-99.9-99.999999-99.9-99.9-99.9-99.9-9.9 99-9.9-99-99.9 -99-99.9-9.9-9.9
5036619670222-99.9-99.9-99.999999-99.9-99.9-99.9-99.9-9.9 99-9.9-99-99.9 -99-99.9-9.9-9.9
5036619670223-99.9-99.9-99.999999-99.9-99.9-99.9-99.9-9.9 99-9.9-99-99.9 -99-99.9-9.9-9.9
5036619670224-99.9-99.9-99.999999-99.9-99.9-99.9-99.9-9.9 99-9.9-99-99.9 -99-99.9-9.9-9.9
5036619670225-99.9-99.9-99.999999-99.9-99.9-99.9-99.9-9.9 99-9.9-99-99.9 -99-99.9-9.9-9.9
5036619670226-99.9-99.9-99.999999-99.9-99.9-99.9-99.9-9.9 99-9.9-99-99.9 -99-99.9-9.9-9.9
5036619670227-99.9-99.9-99.999999-99.9-99.9-99.9-99.9-9.9 99-9.9-99-99.9 -99-99.9-9.9-9.9
5036619670228-99.9-99.9-99.999999-99.9-99.9-99.9-99.9-9.9 99-9.9-99-99.9 -99-99.9-9.9-9.9
5036619670301 30.4 18.7  0.119900-99.9-99.9-99.9-99.9 5.9 4720.2 68 17.7   5  4.016.7 3.9
5036619670302 26.6 18.5  5.619900-99.9-99.9-99.9-99.9 3.5 2822.3 85 19.2  11  8.812.7 3.1
5036619670303 20.0 13.8  0.009900-99.9-99.9-99.9-99.9 0.0  0-9.9-99-99.9 -99-99.9 6.8-9.9
5036619670304 27.1 15.9  0.009900-99.9-99.9-99.9-99.9 4.7 38-9.9-99-99.9 -99-99.914.5-9.9
5036619670305 30.6 19.2  0.009900-99.9-99.9-99.9-99.9 6.3 5020.4 63 17.8   4  3.217.1 3.9
5036619670306 31.9 17.4  0.009900-99.9-99.9-99.9-99.9 9.3 7521.1 67 18.4   4  3.222.0 4.5
5036619670307 33.8 19.5  0.009900-99.9-99.9-99.9-99.910.1 8120.7 59 18.1   0  0.023.2 4.6
5036619670308 33.2 20.5  0.009900-99.9-99.9-99.9-99.9 9.8 7921.9 59 19.0   4  3.222.7 5.0
5036619670309 33.7 20.5  0.009900-99.9-99.9-99.9-99.9 7.7 6222.5 58 19.4   1  0.819.1 4.2
5036619670310 28.0 16.2  0.009900-99.9-99.9-99.9-99.9 0.7  615.8 74 13.8  10  8.0 7.7 3.1
5036619670311 20.6 15.4  0.009900-99.9-99.9-99.9-99.9 0.0  016.4 74 14.4   0  0.0 6.5 1.6
5036619670312 28.9 15.5  0.009900-99.9-99.9-99.9-99.9 6.5 5320.5 74 17.9   8  6.417.0 3.6
5036619670313 28.9 17.1  0.319900-99.9-99.9-99.9-99.9 2.0 1622.2 78 19.2   4  3.2 9.7 2.4
5036619670314 23.7 17.5 32.619900-99.9-99.9-99.9-99.9 0.0  021.1 94 18.4   9  7.2 6.4 1.8
5036619670315 18.3 15.0 11.519900-99.9-99.9-99.9-99.9 0.0  017.5 95 15.4   2  1.6 6.4 1.3
5036619670316 17.9 15.4  0.319900-99.9-99.9-99.9-99.9 0.0  017.3 91 15.2   3  2.4 6.4 1.3
5036619670317 27.0 14.1  0.009900-99.9-99.9-99.9-99.9 6.7 5521.2 82 18.4   0  0.016.9 2.9
5036619670318 31.2 17.0  0.009900-99.9-99.9-99.9-99.9 5.6 4623.1 72 19.8   0  0.015.1 3.1
5036619670319 30.2 19.1  0.519900-99.9-99.9-99.9-99.9 4.7 3926.0 79 21.7   3  2.413.6 3.0
5036619670320 26.5 18.4  1.519900-99.9-99.9-99.9-99.9 0.0  019.7 81 17.3   3  2.4 6.2 2.0
5036619670321 27.0 18.4  1.619900-99.9-99.9-99.9-99.9 4.1 3417.7 65 15.6   0  0.012.6 2.7
5036619670322 22.5 13.3  2.619900-99.9-99.9-99.9-99.9 0.0  014.7 90 12.7   3  2.4 6.1 1.8
5036619670323 21.7 13.4  0.009900-99.9-99.9-99.9-99.9 1.5 1215.7 79 13.7   1  0.8 8.4 1.8
5036619670324 28.1 13.3  0.009900-99.9-99.9-99.9-99.9 7.1 5917.5 70 15.4   4  3.217.0 3.2
5036619670325 29.7 14.3  0.009900-99.9-99.9-99.9-99.9 7.5 6319.5 72 17.1   0  0.017.6 3.1
5036619670326 30.1 15.9  0.419900-99.9-99.9-99.9-99.910.7 9021.6 71 18.7   0  0.022.4 3.8
5036619670327 31.4 20.4  9.019900-99.9-99.9-99.9-99.9 6.6 5522.9 71 19.7   0  0.016.0 3.3
5036619670328 32.4 18.5  0.009900-99.9-99.9-99.9-99.9 7.6 6422.5 70 19.4   4  3.217.5 3.7
5036619670329 34.4 19.6  0.009900-99.9-99.9-99.9-99.9 8.8 7422.9 66 19.7   0  0.019.2 3.8
5036619670330 26.5 15.1  0.119900-99.9-99.9-99.9-99.9 0.0  015.3 76 13.3  11  8.8 5.8 2.7
5036619670331 19.9 13.8  0.009900-99.9-99.9-99.9-99.9 0.0  016.2 82 14.2   1  0.8 5.8 1.3
5036619670401 22.3 16.4  0.119900-99.9-99.9-99.9-99.9 1.1  919.0 82 16.7   1  0.8 7.4 1.6
5036619670402 26.7 17.9  0.009900-99.9-99.9-99.9-99.9 4.7 4022.4 82 19.3   3  2.412.7 2.5
5036619670403 32.6 20.9  0.009900-99.9-99.9-99.9-99.9 5.3 4525.9 74 21.7   3  2.413.5 3.2
5036619670404 33.0 21.7  0.009900-99.9-99.9-99.9-99.9 6.2 5328.1 74 23.0   6  4.814.8 3.5
5036619670405 34.0 22.1  0.009900-99.9-99.9-99.9-99.9 8.7 7427.9 72 22.9   3  2.418.4 4.1
5036619670406 33.7 22.8  0.009900-99.9-99.9-99.9-99.9 8.5 7327.4 69 22.6   4  3.218.0 4.1
5036619670407 34.3 21.4  0.009900-99.9-99.9-99.9-99.9 6.7 5826.7 67 22.2   8  6.415.3 3.9
5036619670408 35.2 22.5  0.219900-99.9-99.9-99.9-99.9 6.6 5724.5 58 20.8   6  4.815.0 4.0
5036619670409 30.2 20.8  0.009900-99.9-99.9-99.9-99.9 6.5 5622.5 69 19.4   1  0.814.8 3.0
5036619670410 31.6 20.6  0.009900-99.9-99.9-99.9-99.9 9.3 8024.0 70 20.4   3  2.418.7 3.8
5036619670411 32.4 18.8  0.009900-99.9-99.9-99.9-99.9 8.7 7524.5 69 20.8   3  2.417.8 3.5
5036619670412 29.3 20.5  0.009900-99.9-99.9-99.9-99.9 8.8 7622.6 74 19.5   1  0.817.8 3.3
5036619670413 33.2 19.7  0.419900-99.9-99.9-99.9-99.9 6.8 5924.5 66 20.8   6  4.814.9 3.5
5036619670414 26.8 19.8  0.009900-99.9-99.9-99.9-99.9 5.8 5120.0 73 17.5   2  1.613.4 2.6
5036619670415 27.0 19.8  0.009900-99.9-99.9-99.9-99.9 5.7 5021.4 77 18.6   4  3.213.2 2.7
5036619670416 31.7 16.2  0.009900-99.9-99.9-99.9-99.9 8.7 7621.6 75 18.7   4  3.217.3 3.2
5036619670417 31.4 18.6  0.009900-99.9-99.9-99.9-99.9 9.1 8021.9 71 19.0   1  0.817.7 3.2
5036619670418 24.3 18.2 11.219900-99.9-99.9-99.9-99.9 0.0  018.8 82 16.5   9  7.2 5.1 1.9
5036619670419 18.2 14.4  2.619900-99.9-99.9-99.9-99.9 0.0  016.1 95 14.1   3  2.4 5.1 1.2
5036619670420 23.7 14.6  0.009900-99.9-99.9-99.9-99.9 5.7 5016.9 79 14.9   0  0.012.8 2.0
5036619670421 26.7 11.9  0.009900-99.9-99.9-99.9-99.9 8.6 7616.9 73 14.9   1  0.816.6 2.4
5036619670422 24.4 12.5  1.119900-99.9-99.9-99.9-99.9 7.9 7018.0 73 15.8  11  8.815.6 2.5
5036619670423 22.0 15.7  0.009900-99.9-99.9-99.9-99.9 0.8  713.4 68 11.3   4  3.2 6.0 1.9
5036619670424 21.4  9.3  0.009900-99.9-99.9-99.9-99.9 6.1 5412.2 74  9.9   0  0.013.0 1.7
5036619670425 24.2  8.2  0.009900-99.9-99.9-99.9-99.9 8.3 7413.1 70 11.0   4  3.215.9 2.2
5036619670426 26.6  9.7  0.009900-99.9-99.9-99.9-99.9 6.1 5513.7 70 11.6   1  0.812.9 2.0
5036619670427 25.3  8.8  0.009900-99.9-99.9-99.9-99.9 9.2 8314.4 68 12.4   4  3.216.9 2.2
5036619670428 25.4  9.2  0.009900-99.9-99.9-99.9-99.9 9.2 83-9.9-99-99.9 -99-99.916.8-9.9
5036619670429 25.3  9.5  0.009900-99.9-99.9-99.9-99.9 8.1 7312.9 64 10.7   4  3.215.2 2.2
5036619670430 27.5  8.9  0.009900-99.9-99.9-99.9-99.9 9.1 8213.5 63 11.4   1  0.816.5 2.1
5036619670501 28.6 10.2  0.009900-99.9-99.9-99.9-99.9 8.5 7714.4 63 12.4   3  2.415.6 2.3
5036619670502 29.6 12.8  0.009900-99.9-99.9-99.9-99.9 7.9 7216.1 69 14.1   0  0.014.7 2.2
5036619670503 26.9 13.0  0.009900-99.9-99.9-99.9-99.9 8.2 7417.3 74 15.2   2  1.615.0 2.2
5036619670504 26.7 14.3  0.009900-99.9-99.9-99.9-99.9 8.5 7717.8 73 15.7   0  0.015.3 2.1
5036619670505 28.4 15.6  0.009900-99.9-99.9-99.9-99.9 8.3 7619.8 72 17.3   0  0.015.0 2.2
5036619670506 27.9 16.0  0.009900-99.9-99.9-99.9-99.9 8.2 7521.1 78 18.4   1  0.814.8 2.2
5036619670507 29.4 17.4  0.009900-99.9-99.9-99.9-99.9 4.7 4322.3 78 19.2   5  4.010.3 2.2
5036619670508 29.0 17.6  0.009900-99.9-99.9-99.9-99.9 6.7 6120.1 72 17.6   5  4.012.8 2.5
5036619670509 26.9 16.7  0.009900-99.9-99.9-99.9-99.9 0.0  019.5 76 17.1   0  0.0 4.4 1.3
5036619670510 26.0 15.7  0.919900-99.9-99.9-99.9-99.9 0.9  819.6 70 17.2   6  4.8 5.5 1.5
5036619670511 23.1 15.9  0.009900-99.9-99.9-99.9-99.9 0.0  016.3 79 14.3   1  0.8 4.3 1.3
5036619670512 26.0 17.3  0.009900-99.9-99.9-99.9-99.9 2.5 2316.7 69 14.7   1  0.8 7.4 1.7
5036619670513 29.3 15.0  0.009900-99.9-99.9-99.9-99.9 8.1 7518.7 69 16.4   1  0.814.1 2.1
5036619670514 28.6 15.4  0.009900-99.9-99.9-99.9-99.9 8.5 7920.7 75 18.1   1  0.814.5 2.1
5036619670515 31.5 16.0  0.009900-99.9-99.9-99.9-99.9 8.8 8221.7 73 18.8   1  0.814.8 2.3
5036619670516 31.5 17.9  0.009900-99.9-99.9-99.9-99.9 8.8 8222.9 69 19.7   3  2.414.7 2.6
5036619670517 29.0 18.7  0.009900-99.9-99.9-99.9-99.9 4.4 4121.7 74 18.8   5  4.0 9.4 2.1
5036619670518 34.1 16.8  0.009900-99.9-99.9-99.9-99.9 5.1 4821.1 68 18.4   8  6.410.2 2.7
5036619670519 24.5 16.4  0.009900-99.9-99.9-99.9-99.9 0.3  315.0 65 13.0   7  5.6 4.5 2.0
5036619670520 22.0 15.5  0.009900-99.9-99.9-99.9-99.9 1.9 1816.2 80 14.2   5  4.0 6.3 1.5
5036619670521 25.0 16.0  0.009900-99.9-99.9-99.9-99.9 2.8 2616.9 76 14.9   0  0.0 7.4 1.4
5036619670522 26.1 11.3  0.009900-99.9-99.9-99.9-99.9 8.4 7916.0 72 14.0   1  0.813.9 1.6
5036619670523 30.0 12.8  0.009900-99.9-99.9-99.9-99.9 6.2 5817.4 66 15.3   4  3.211.2 2.0
5036619670524 28.0 16.5  0.009900-99.9-99.9-99.9-99.9 6.4 6018.8 73 16.5   6  4.811.4 2.2
5036619670525 29.9 15.2  2.219900-99.9-99.9-99.9-99.9 7.7 7318.3 70 16.1   5  4.012.9 2.2
5036619670526 21.9 15.5  3.619900-99.9-99.9-99.9-99.9 0.0  017.7 97 15.6   6  4.8 4.0 1.2
5036619670527 15.9 13.7  0.719900-99.9-99.9-99.9-99.9 0.0  016.1 97 14.1   1  0.8 4.0 0.7
5036619670528 15.6 12.3  0.619900-99.9-99.9-99.9-99.9 0.0  016.1 95 14.1   0  0.0 3.9 0.6
5036619670529 15.6 13.5  3.319900-99.9-99.9-99.9-99.9 0.0  015.5 96 13.5   1  0.8 3.9 0.7
5036619670530 13.5 11.8  2.219900-99.9-99.9-99.9-99.9 0.0  013.9 97 11.9   2  1.6 3.9 0.7
5036619670531 13.7 10.4  2.619900-99.9-99.9-99.9-99.9 0.0  012.7 93 10.5   3  2.4 3.9 0.7
5036619670601 14.4 10.4  5.619900-99.9-99.9-99.9-99.9 0.0  013.5 89 11.4   1  0.8 3.9 0.6
5036619670602 14.1  9.6 20.019900-99.9-99.9-99.9-99.9 0.0  012.3 90 10.0  11  8.8 3.9 0.9
5036619670603  9.7  5.9  5.819900-99.9-99.9-99.9-99.9 0.0  0 7.8 77  3.4   4  3.2 3.8 0.9
5036619670604  6.6  4.7  0.619900-99.9-99.9-99.9-99.9 0.0  0 8.1 90  3.9   3  2.4 3.8 0.6
5036619670605 11.7  1.0  0.009900-99.9-99.9-99.9-99.9 3.4 32 7.6 78  3.0   1  0.8 7.6 0.7
5036619670606 18.6  2.5  0.009900-99.9-99.9-99.9-99.9 8.8 84 8.0 65  3.8   1  0.813.6 1.0
5036619670607 19.8  2.1  0.009900-99.9-99.9-99.9-99.9 8.2 78 8.2 66  4.1   2  1.612.9 1.1
5036619670608 22.8  2.6  0.009900-99.9-99.9-99.9-99.9 8.3 79 8.4 63  4.5   4  3.212.9 1.3
5036619670609 20.3  3.5  0.009900-99.9-99.9-99.9-99.9 8.4 80 8.9 67  5.3   1  0.813.0 1.0
5036619670610 20.0  7.1  0.009900-99.9-99.9-99.9-99.9 8.4 80 7.5 56  2.9   8  6.413.0 1.8
5036619670611 19.8  2.0  0.009900-99.9-99.9-99.9-99.9 8.1 78 7.3 58  2.5   6  4.812.6 1.4
5036619670612 11.2  5.2  0.009900-99.9-99.9-99.9-99.9 0.0  0 4.3 43 -4.7   1  0.8 3.7 1.3
5036619670613  7.6  2.8  0.009900-99.9-99.9-99.9-99.9 0.0  0 4.0 45 -5.7   2  1.6 3.7 1.1
5036619670614 13.1  3.0  0.009900-99.9-99.9-99.9-99.9 2.8 27 5.4 59 -1.7   1  0.8 6.8 1.0
5036619670615 11.7  0.6  0.009900-99.9-99.9-99.9-99.9 2.6 25 5.9 64 -0.5   0  0.0 6.6 0.8
5036619670616 17.4 -1.1  0.009900-99.9-99.9-99.9-99.9 7.1 68 6.6 60  1.1   0  0.011.5 0.8
5036619670617  9.0 -1.0  0.009900-99.9-99.9-99.9-99.9 7.3 70 7.2 83  2.3   4  3.211.7 0.6
5036619670618 17.7  1.3  0.009900-99.9-99.9-99.9-99.9 7.3 70 6.7 60  1.3   4  3.211.7 1.1
5036619670619 16.3  0.5  0.009900-99.9-99.9-99.9-99.9 5.7 55 8.0 71  3.8   1  0.8 9.9 0.8
5036619670620 20.8  3.5  0.009900-99.9-99.9-99.9-99.9 6.9 66 7.2 57  2.3   6  4.811.2 1.5
5036619670621 20.3  0.9  0.219900-99.9-99.9-99.9-99.9 8.1 78 8.4 67  4.5   1  0.812.5 0.9
5036619670622 16.5  8.0  0.009900-99.9-99.9-99.9-99.9 4.1 39 9.8 72  6.7   1  0.8 8.2 1.0
5036619670623 20.5  2.5  0.009900-99.9-99.9-99.9-99.9 7.4 71 6.1 54  0.0   3  2.411.8 1.2
5036619670624 20.8  2.3  0.009900-99.9-99.9-99.9-99.9 7.3 70 7.6 56  3.0   1  0.811.7 1.0
5036619670625 22.2  2.9  0.009900-99.9-99.9-99.9-99.9 7.7 74 7.8 59  3.4   2  1.612.1 1.1
5036619670626 18.9  3.7  0.009900-99.9-99.9-99.9-99.9 2.4 23 9.3 63  5.9   2  1.6 6.3 1.0
5036619670627 19.0  5.1  0.009900-99.9-99.9-99.9-99.9 2.8 27 8.5 65  4.6   1  0.8 6.8 1.1
5036619670628 19.3  4.9  0.009900-99.9-99.9-99.9-99.9 2.3 2210.7 68  8.0   0  0.0 6.2 0.9
5036619670629 20.5  8.9  0.009900-99.9-99.9-99.9-99.9 8.4 81 8.9 63  5.3   1  0.812.9 1.2
5036619670630 21.4  2.5  0.919900-99.9-99.9-99.9-99.9 7.8 75 8.2 63  4.1   3  2.412.3 1.2
5036619670701-99.9-99.9-99.999999-99.9-99.9-99.9-99.9-9.9 99-9.9-99-99.9 -99-99.9-9.9-9.9
5036619670702-99.9-99.9-99.999999-99.9-99.9-99.9-99.9-9.9 99-9.9-99-99.9 -99-99.9-9.9-9.9
5036619670703-99.9-99.9-99.999999-99.9-99.9-99.9-99.9-9.9 99-9.9-99-99.9 -99-99.9-9.9-9.9
5036619670704-99.9-99.9-99.999999-99.9-99.9-99.9-99.9-9.9 99-9.9-99-99.9 -99-99.9-9.9-9.9
5036619670705-99.9-99.9-99.999999-99.9-99.9-99.9-99.9-9.9 99-9.9-99-99.9 -99-99.9-9.9-9.9
5036619670706-99.9-99.9-99.999999-99.9-99.9-99.9-99.9-9.9 99-9.9-99-99.9 -99-99.9-9.9-9.9
5036619670707-99.9-99.9-99.999999-99.9-99.9-99.9-99.9-9.9 99-9.9-99-99.9 -99-99.9-9.9-9.9
5036619670708-99.9-99.9-99.999999-99.9-99.9-99.9-99.9-9.9 99-9.9-99-99.9 -99-99.9-9.9-9.9
5036619670709-99.9-99.9-99.999999-99.9-99.9-99.9-99.9-9.9 99-9.9-99-99.9 -99-99.9-9.9-9.9
5036619670710-99.9-99.9-99.999999-99.9-99.9-99.9-99.9-9.9 99-9.9-99-99.9 -99-99.9-9.9-9.9
5036619670711-99.9-99.9-99.999999-99.9-99.9-99.9-99.9-9.9 99-9.9-99-99.9 -99-99.9-9.9-9.9
5036619670712-99.9-99.9-99.999999-99.9-99.9-99.9-99.9-9.9 99-9.9-99-99.9 -99-99.9-9.9-9.9
5036619670713-99.9-99.9-99.999999-99.9-99.9-99.9-99.9-9.9 99-9.9-99-99.9 -99-99.9-9.9-9.9
5036619670714-99.9-99.9-99.999999-99.9-99.9-99.9-99.9-9.9 99-9.9-99-99.9 -99-99.9-9.9-9.9
5036619670715-99.9-99.9-99.999999-99.9-99.9-99.9-99.9-9.9 99-9.9-99-99.9 -99-99.9-9.9-9.9
5036619670716-99.9-99.9-99.999999-99.9-99.9-99.9-99.9-9.9 99-9.9-99-99.9 -99-99.9-9.9-9.9
5036619670717-99.9-99.9-99.999999-99.9-99.9-99.9-99.9-9.9 99-9.9-99-99.9 -99-99.9-9.9-9.9
5036619670718-99.9-99.9-99.999999-99.9-99.9-99.9-99.9-9.9 99-9.9-99-99.9 -99-99.9-9.9-9.9
5036619670719-99.9-99.9-99.999999-99.9-99.9-99.9-99.9-9.9 99-9.9-99-99.9 -99-99.9-9.9-9.9
5036619670720-99.9-99.9-99.999999-99.9-99.9-99.9-99.9-9.9 99-9.9-99-99.9 -99-99.9-9.9-9.9
5036619670721-99.9-99.9-99.999999-99.9-99.9-99.9-99.9-9.9 99-9.9-99-99.9 -99-99.9-9.9-9.9
5036619670722-99.9-99.9-99.999999-99.9-99.9-99.9-99.9-9.9 99-9.9-99-99.9 -99-99.9-9.9-9.9
5036619670723-99.9-99.9-99.999999-99.9-99.9-99.9-99.9-9.9 99-9.9-99-99.9 -99-99.9-9.9-9.9
5036619670724-99.9-99.9-99.999999-99.9-99.9-99.9-99.9-9.9 99-9.9-99-99.9 -99-99.9-9.9-9.9
5036619670725-99.9-99.9-99.999999-99.9-99.9-99.9-99.9-9.9 99-9.9-99-99.9 -99-99.9-9.9-9.9
5036619670726-99.9-99.9-99.999999-99.9-99.9-99.9-99.9-9.9 99-9.9-99-99.9 -99-99.9-9.9-9.9
5036619670727-99.9-99.9-99.999999-99.9-99.9-99.9-99.9-9.9 99-9.9-99-99.9 -99-99.9-9.9-9.9
5036619670728-99.9-99.9-99.999999-99.9-99.9-99.9-99.9-9.9 99-9.9-99-99.9 -99-99.9-9.9-9.9
5036619670729-99.9-99.9-99.999999-99.9-99.9-99.9-99.9-9.9 99-9.9-99-99.9 -99-99.9-9.9-9.9
5036619670730-99.9-99.9-99.999999-99.9-99.9-99.9-99.9-9.9 99-9.9-99-99.9 -99-99.9-9.9-9.9
5036619670731-99.9-99.9-99.999999-99.9-99.9-99.9-99.9-9.9 99-9.9-99-99.9 -99-99.9-9.9-9.9
5036619670801 17.5  8.5  0.009900  9.0-99.9-99.9-99.9 2.8 2610.2 73  7.3   0  0.0 7.7 1.2
5036619670802 21.4  6.7  0.009900  5.0-99.9-99.9-99.9 6.9 64 9.2 62  5.8   4  3.212.7 1.7
5036619670803 24.0  4.8  0.009900  2.5-99.9-99.9-99.9 9.3 86 6.1 39  0.0   6  4.815.6 2.2
5036619670804 22.3  4.9  0.009900  4.2-99.9-99.9-99.9 8.8 81 7.2 47  2.3   2  1.615.1 1.7
5036619670805 20.5  3.9  0.009900  1.5-99.9-99.9-99.9 9.2 84 8.5 57  4.6   1  0.815.7 1.5
5036619670806 24.0  3.0  0.009900 -0.1-99.9-99.9-99.9 8.9 81 8.9 62  5.3   2  1.615.4 1.7
5036619670807 24.1  5.8  0.009900  2.2-99.9-99.9-99.9 9.0 82 9.6 57  6.4   2  1.615.6 1.8
5036619670808 26.7  8.0  0.009900  3.6-99.9-99.9-99.9 8.5 7711.6 57  9.2   5  4.015.1 2.2
5036619670809 22.6 15.4  0.009900 13.0-99.9-99.9-99.9 3.5 3213.1 65 11.0   0  0.0 8.9 1.6
5036619670810 24.1  9.9  0.009900  7.9-99.9-99.9-99.9 5.2 4712.9 69 10.7   6  4.811.1 2.0
5036619670811 18.7  8.9  0.009900  7.5-99.9-99.9-99.9 0.3  312.7 83 10.5   3  2.4 4.9 1.1
5036619670812 26.5  9.9  0.009900  7.3-99.9-99.9-99.9 8.2 7413.2 61 11.1   5  4.015.0 2.3
5036619670813 32.1  9.9  0.009900  4.6-99.9-99.9-99.9 8.8 7912.8 52 10.6   6  4.815.9 2.8
5036619670814 23.7 12.0  0.009900  8.2-99.9-99.9-99.9 7.8 70 7.9 42  3.6   6  4.814.7 2.6
5036619670815 25.8  7.0  0.009900  6.2-99.9-99.9-99.9 8.0 72 5.6 30 -1.2  10  8.015.0 3.2
5036619670816 28.2  6.2  0.009900  0.5-99.9-99.9-99.9 8.6 77 6.5 37  0.9   9  7.215.9 3.1
5036619670817 25.3  4.8  0.009900  2.6-99.9-99.9-99.9 8.1 73 7.8 47  3.4   4  3.215.3 2.2
5036619670818 30.2  7.9  0.009900  6.8-99.9-99.9-99.9 8.9 8010.6 47  7.8   4  3.216.4 2.6
5036619670819 25.8 12.5  0.009900 10.0-99.9-99.9-99.9 6.1 5414.7 59 12.7   0  0.012.9 2.0
5036619670820 22.3 12.6  0.009900 14.4-99.9-99.9-99.9 0.0  0 9.8 48  6.7   1  0.8 4.9 1.7
5036619670821 18.9 13.0  0.009900 12.8-99.9-99.9-99.9 0.0  010.4 64  7.5   4  3.2 4.9 1.8
5036619670822 18.4 11.6  0.009900 10.9-99.9-99.9-99.9 1.3 12 7.5 47  2.9   0  0.0 6.7 1.7
5036619670823 14.3  4.7  0.009900  4.1-99.9-99.9-99.9 1.9 17 7.7 60  3.2   3  2.4 7.5 1.4
5036619670824 23.3  4.3  0.009900  2.5-99.9-99.9-99.9 9.3 82 8.8 55  5.1   1  0.817.5 2.0
5036619670825 25.2  5.8  0.009900  1.9-99.9-99.9-99.9 8.5 75 9.8 54  6.7   1  0.816.6 2.1
5036619670826 21.2 11.1  4.419900  9.8-99.9-99.9-99.9 0.0  013.0 72 10.9   6  4.8 5.1 1.7
5036619670827 21.4 10.0  0.009900  7.0-99.9-99.9-99.9 5.4 4710.6 65  7.8   4  3.212.5 2.2
5036619670828 27.0  8.4  0.009900  4.1-99.9-99.9-99.9 9.5 83 9.7 50  6.5   8  6.418.2 3.2
5036619670829 25.9  7.7  0.009900  5.4-99.9-99.9-99.9 8.4 7311.4 56  8.9   1  0.816.8 2.3
5036619670830 24.5  9.4  0.009900  6.9-99.9-99.9-99.9 7.4 6411.2 54  8.6   9  7.215.5 2.9
5036619670831 17.8 10.0  0.009900 10.3-99.9-99.9-99.9 0.0  011.1 74  8.5   6  4.8 5.3 1.6
5036619670901 24.9  5.9  0.009900  4.1-99.9-99.9-99.9 9.3 8111.5 66  9.0   1  0.818.3 2.3
5036619670902 27.2  9.0  0.009900 10.5-99.9-99.9-99.9 9.2 8012.1 51  9.8   2  1.618.3 2.7
5036619670903 21.3 14.9  3.519900 14.1-99.9-99.9-99.9 0.0  016.3 88 14.3   4  3.2 5.4 1.5
5036619670904 14.9 11.5  2.619900 12.5-99.9-99.9-99.9 0.0  013.8 96 11.8   6  4.8 5.4 1.1
5036619670905 11.6  9.3  1.019900 10.2-99.9-99.9-99.9 0.0  012.4 96 10.1   0  0.0 5.4 0.8
5036619670906 22.5 11.1  0.009900 11.0-99.9-99.9-99.9 8.7 7511.4 62  8.9   4  3.218.0 2.8
5036619670907 26.9  8.2  0.009900  7.2-99.9-99.9-99.910.1 87 9.7 50  6.5   8  6.420.1 3.5
5036619670908 25.7  9.3  0.009900 10.2-99.9-99.9-99.9 8.3 71 8.5 40  4.6   6  4.817.6 3.2
5036619670909 28.3  9.5  0.009900  9.5-99.9-99.9-99.9 2.1 18 9.5 42  6.2   3  2.4 8.6 2.5
5036619670910 28.7 10.3  0.009900  6.7-99.9-99.9-99.9 8.5 7211.4 48  8.9   0  0.018.0 2.7
5036619670911 39.9 12.4  0.009900  7.7-99.9-99.9-99.9 8.5 72 5.3 20 -1.9  12  9.618.1 5.3
5036619670912 27.6  9.9  0.009900  3.5-99.9-99.9-99.9 5.3 45 6.9 37  1.7   3  2.413.5 2.9
5036619670913 24.9  4.8  0.009900  1.8-99.9-99.9-99.9 9.2 78 6.8 40  1.5   2  1.619.4 2.7
5036619670914 29.6  7.9  0.009900  7.2-99.9-99.9-99.9 9.3 78 7.5 31  2.9   1  0.819.6 2.9
5036619670915 30.6 10.5  0.009900  5.2-99.9-99.9-99.9 9.3 78 8.7 36  5.0   1  0.819.7 3.1
5036619670916 33.9 14.8  0.009900 14.3-99.9-99.9-99.9 9.2 77 9.0 31  5.4   3  2.419.6 3.7
5036619670917 31.1 14.8  0.009900  9.9-99.9-99.9-99.9 7.5 6311.5 36  9.0   4  3.217.2 3.6
5036619670918 25.4 11.2  0.009900 10.0-99.9-99.9-99.9 5.5 46 9.7 45  6.5   1  0.814.2 2.6
5036619670919 19.7 11.1  0.009900 10.6-99.9-99.9-99.9 0.0  010.3 69  7.4   4  3.2 6.0 2.0
5036619670920 16.3 12.3  0.009900  9.5-99.9-99.9-99.9 0.0  010.5 65  7.7   3  2.4 6.0 1.7
5036619670921 20.5 11.4  0.009900  8.9-99.9-99.9-99.9 0.2  2 8.5 51  4.6   2  1.6 6.3 2.1
5036619670922 23.5  6.1  0.009900  2.8-99.9-99.9-99.9 0.0  0 8.3 52  4.3   1  0.8 6.1 1.9
5036619670923 28.1  8.1  0.009900  5.4-99.9-99.9-99.9 5.1 42 9.7 43  6.5   1  0.814.0 2.6
5036619670924 31.6 11.7  0.009900-99.9-99.9-99.9-99.9 6.2 5112.5 45 10.3   1  0.815.7 3.1
5036619670925 32.0 15.3  0.009900 13.2-99.9-99.9-99.9 5.1 4217.4 52 15.3   0  0.014.1 2.9
5036619670926 34.6 19.7  5.119900 17.0-99.9-99.9-99.9 6.7 5520.3 51 17.7   0  0.016.7 3.6
5036619670927 30.2 17.5  8.619900 11.2-99.9-99.9-99.9 0.0  014.2 65 12.2   7  5.6 6.2 3.1
5036619670928 18.1 10.9 10.719900 10.8-99.9-99.9-99.9 0.0  012.2 93  9.9   6  4.8 6.3 1.8
5036619670929 17.0 10.4  0.009900 10.6-99.9-99.9-99.9 0.3  212.1 78  9.8   1  0.8 6.8 1.5
5036619670930 24.6  8.4  0.009900  5.5-99.9-99.9-99.9 9.5 7713.9 70 11.9   0  0.021.4 3.1
5036619671001 28.7 11.0  0.009900  7.5-99.9-99.9-99.9 8.6 7016.3 66 14.3   1  0.820.0 3.4
5036619671002 33.2 14.1  0.009900 11.9-99.9-99.9-99.9 9.4 7617.9 60 15.8   0  0.021.4 3.9
5036619671003 28.9 17.3  0.009900 16.1-99.9-99.9-99.9 8.6 7020.0 68 17.5   6  4.820.2 4.1
5036619671004 26.8 19.4  0.119900 18.0-99.9-99.9-99.9 3.4 2720.3 72 17.7  13 10.411.9 3.5
5036619671005 25.1 17.5  0.009900 17.7-99.9-99.9-99.9 2.1 1719.4 78 17.0   4  3.2 9.9 2.4
5036619671006 30.2 16.0  0.009900 14.1-99.9-99.9-99.9 9.1 7320.6 67 18.0   3  2.421.2 4.1
5036619671007 34.4 20.4  0.009900 18.4-99.9-99.9-99.9 6.5 5222.2 61 19.2   0  0.017.1 3.8
5036619671008 37.3 20.8  0.009900 18.4-99.9-99.9-99.9 9.0 7223.5 55 20.1   1  0.821.2 4.7
5036619671009 36.8 21.7  0.419900 22.6-99.9-99.9-99.9 8.7 7020.7 47 18.1   7  5.620.8 5.4
5036619671010 31.3 19.5  1.419900 22.5-99.9-99.9-99.9 0.0  018.9 69 16.6   6  4.8 6.7 2.9
5036619671011 24.4 13.1  0.009900 12.6-99.9-99.9-99.9 7.2 5710.8 50  8.1   8  6.418.5 4.0
5036619671012 27.9 15.3  0.009900 15.1-99.9-99.9-99.9 6.4 5110.0 43  7.0   9  7.217.2 4.6
5036619671013 34.4 12.6  0.009900 10.4-99.9-99.9-99.910.3 8213.1 42 11.0   2  1.623.7 4.4
5036619671014 32.8 15.6  0.009900 16.0-99.9-99.9-99.9 9.9 7814.4 41 12.4   8  6.423.1 5.2
5036619671015 26.8 17.0  0.619900 14.5-99.9-99.9-99.9 3.4 2717.2 63 15.1   2  1.612.5 2.9
5036619671016 20.9 14.9  0.519900 14.3-99.9-99.9-99.9 0.0  016.8 85 14.8   1  0.8 6.9 1.6
5036619671017 20.3 14.9  0.219900 15.1-99.9-99.9-99.9 0.0  016.3 78 14.3   1  0.8 6.9 1.6
5036619671018 22.3 16.1  0.009900 15.4-99.9-99.9-99.9 0.0  010.7 50  8.0   6  4.8 6.9 2.8
5036619671019 28.7 11.5  0.009900 15.4-99.9-99.9-99.9 8.6 6711.8 48  9.4   4  3.221.3 4.1
5036619671020 28.8 11.9  0.009900 14.0-99.9-99.9-99.9 7.8 6111.2 43  8.6   1  0.820.0 3.7
5036619671021 22.9 14.4  0.009900 14.7-99.9-99.9-99.9 0.0  012.1 65  9.8   2  1.6 7.0 2.2
5036619671022 28.4 14.7  0.009900 14.6-99.9-99.9-99.9 6.1 4713.2 55 11.1   8  6.417.3 4.3
5036619671023 30.8 13.3  0.009900 11.7-99.9-99.9-99.9 8.7 6814.1 47 12.1   6  4.821.7 4.6
5036619671024 31.6 17.1  0.009900 15.2-99.9-99.9-99.9 4.1 3215.6 50 13.6   4  3.214.0 3.7
5036619671025 34.8 19.8  3.319900 18.3-99.9-99.9-99.9 8.8 6819.3 50 16.9  11  8.822.0 5.9
5036619671026 36.3 21.4  0.009900 20.4-99.9-99.9-99.9 9.8 7619.5 47 17.1   7  5.623.7 6.0
5036619671027 33.7 23.9  0.009900 19.2-99.9-99.9-99.9 8.9 6918.2 42 16.0   8  6.422.3 5.9
5036619671028 29.6 19.7 24.819900 21.7-99.9-99.9-99.9 0.0  020.4 78 17.8   6  4.8 7.2 2.7
5036619671029 24.0 18.4  9.019900 18.4-99.9-99.9-99.9 0.3  222.1 88 19.1   4  3.2 7.8 1.9
5036619671030 27.3 19.4  0.619900 19.8-99.9-99.9-99.9 2.5 1922.4 81 19.3   1  0.811.5 2.7
5036619671031 29.7 18.4  0.009900 15.6-99.9-99.9-99.9 5.6 4324.1 72 20.5   2  1.616.8 3.6
5036619671101 26.2 18.2 55.419900 18.1-99.9-99.9-99.9 1.6 1219.7 77 17.3   9  7.210.1 2.9
5036619671102 21.2 14.4  0.219900 15.1-99.9-99.9-99.9 0.0  015.1 73 13.1   4  3.2 7.3 2.0
5036619671103 23.5 15.9  0.319900 16.7-99.9-99.9-99.9 2.8 2116.8 73 14.8   4  3.212.2 2.8
5036619671104 19.3 16.3  0.419900 16.0-99.9-99.9-99.9 9.0 6816.2 81 14.2   1  0.822.8 3.7
5036619671105 28.0 13.0  0.009900 11.4-99.9-99.9-99.910.5 8017.7 61 15.6   0  0.025.5 4.4
5036619671106 32.7 16.4  0.009900 15.4-99.9-99.9-99.910.9 8321.2 60 18.4   1  0.826.2 5.2
5036619671107 34.2 20.0  0.009900 17.6-99.9-99.9-99.9 8.1 6122.5 54 19.4   7  5.621.4 5.3
5036619671108 34.5 22.1  0.009900 19.4-99.9-99.9-99.9 8.7 6620.2 50 17.7  11  8.822.5 6.3
5036619671109 37.9 21.1  0.009900 19.2-99.9-99.9-99.910.7 8123.9 52 20.4   3  2.426.0 6.1
5036619671110 33.7 18.8  3.319900 19.8-99.9-99.9-99.9 6.6 5015.3 45 13.3  12  9.618.9 5.8
5036619671111 22.3 12.8  0.009900 11.7-99.9-99.9-99.9 1.3 10 9.4 45  6.1   3  2.4 9.8 2.8
5036619671112 30.1 10.1  0.009900  7.3-99.9-99.9-99.911.0 83 9.3 38  5.9   1  0.826.6 4.5
5036619671113 31.1 11.9  0.009900  9.2-99.9-99.9-99.9 9.5 7113.3 44 11.2   8  6.424.0 5.2
5036619671114 32.6 19.2 32.719900 17.6-99.9-99.9-99.9 7.4 5518.2 59 16.0  19 15.220.4 6.5
5036619671115 27.1 18.4  2.619900 18.1-99.9-99.9-99.9 5.8 4320.3 70 17.7   1  0.817.7 3.7
5036619671116 31.0 18.0  0.009900 15.6-99.9-99.9-99.911.2 8418.9 61 16.6   4  3.227.1 5.6
5036619671117 31.1 16.1  0.009900 14.9-99.9-99.9-99.911.1 8320.2 59 17.7   1  0.827.0 5.2
5036619671118 31.6 17.8  0.009900 16.1-99.9-99.9-99.9 9.8 7317.1 49 15.0   8  6.424.7 5.7
5036619671119 32.7 19.3  0.009900 15.3-99.9-99.9-99.9 8.9 6619.2 52 16.9   8  6.423.2 5.7
5036619671120 27.4 17.0  1.319900 18.1-99.9-99.9-99.9 0.4  317.4 72 15.3   6  4.8 8.4 2.8
5036619671121 31.2 15.8  0.009900 20.9-99.9-99.9-99.910.9 8116.0 50 14.0   1  0.826.7 5.1
5036619671122 33.1 16.9 66.319900 15.6-99.9-99.9-99.9 7.1 5319.2 65 16.9   7  5.620.1 5.0
5036619671123 19.1 15.3 16.419900 16.1-99.9-99.9-99.9 0.0  017.2 95 15.1   7  5.6 7.7 1.8
5036619671124 16.3 14.1  2.119900 15.0-99.9-99.9-99.9 9.0 6616.1 91 14.1   2  1.623.5 3.5
5036619671125 22.7 15.5  6.619900 15.1-99.9-99.9-99.9 3.5 2616.8 79 14.8   4  3.213.9 3.0
5036619671126 25.8 16.4  0.319900 15.6-99.9-99.9-99.9 4.3 3215.5 66 13.5   5  4.015.3 3.7
5036619671127 28.4 14.5  0.009900 12.4-99.9-99.9-99.911.3 8315.8 58 13.8   2  1.627.6 5.1
5036619671128 30.0 14.0  0.009900 12.9-99.9-99.9-99.911.8 8717.1 58 15.0   1  0.828.5 5.2
5036619671129 30.7 15.8  0.009900 13.8-99.9-99.9-99.911.4 8420.2 60 17.7   1  0.827.8 5.3
5036619671130 32.8 17.9  0.009900 16.0-99.9-99.9-99.910.7 7822.4 62 19.3   6  4.826.6 5.8
5036619671201 34.7 20.9  0.009900 19.2-99.9-99.9-99.910.3 7520.0 49 17.5   5  4.025.9 6.1
5036619671202 33.4 17.9  0.009900 17.1-99.9-99.9-99.9 9.8 7218.3 48 16.1  11  8.825.0 6.3
5036619671203 27.7 18.5  0.009900 17.9-99.9-99.9-99.9 0.5  411.3 45  8.8   3  2.4 8.7 3.2
5036619671204 29.2 18.3  0.009900 17.5-99.9-99.9-99.9 6.1 4516.3 50 14.3   2  1.618.6 4.2
5036619671205 36.4 21.1  0.009900 19.3-99.9-99.9-99.9 6.5 4716.9 41 14.9  12  9.619.3 6.4
5036619671206 35.8 22.2  0.009900 24.4-99.9-99.9-99.9 7.2 5321.4 47 18.6   6  4.820.5 5.6
5036619671207 29.8 20.4  3.619900 18.2-99.9-99.9-99.9 3.4 2521.6 78 18.7  11  8.813.9 4.2
5036619671208 30.6 19.2  3.019900 17.4-99.9-99.9-99.9 8.7 6320.7 62 18.1   3  2.423.2 5.0
5036619671209 27.8 20.0  0.219900 19.0-99.9-99.9-99.9 4.5 3321.5 74 18.7   2  1.615.8 3.6
5036619671210 30.7 20.3  1.119900 20.6-99.9-99.9-99.9 7.2 5220.7 64 18.1   4  3.220.6 4.8
5036619671211 32.4 20.9  0.009900 20.1-99.9-99.9-99.9 7.1 5220.7 58 18.1   4  3.220.4 5.0
5036619671212 36.1 22.8  0.009900 20.2-99.9-99.9-99.910.1 7319.9 46 17.4   9  7.225.7 6.9
5036619671213 35.6 23.8  0.919900 20.8-99.9-99.9-99.9 7.8 5722.2 58 19.2   8  6.421.7 6.1
5036619671214 33.4 22.4  0.009900 19.9-99.9-99.9-99.911.1 8120.9 56 18.2   4  3.227.5 6.3
5036619671215 36.9 22.4  0.009900 19.1-99.9-99.9-99.910.6 7718.5 41 16.3   6  4.826.6 6.7
5036619671216 37.0 20.8  0.319900 17.7-99.9-99.9-99.9 8.3 6020.5 48 17.9   2  1.622.6 5.4
5036619671217 36.5 23.7  0.009900 21.1-99.9-99.9-99.9 6.4 4620.2 48 17.7   6  4.819.2 5.6
5036619671218 38.7 23.9  1.419900 21.5-99.9-99.9-99.9 7.7 5618.8 40 16.5   0  0.021.5 5.2
5036619671219 30.6 21.1  0.009900 20.0-99.9-99.9-99.9 4.5 3322.2 64 19.2   4  3.215.9 4.1
5036619671220 31.8 19.3  1.619900 21.3-99.9-99.9-99.9 7.1 5120.4 55 17.8   3  2.420.5 4.7
5036619671221 35.9 17.9 11.619900 15.0-99.9-99.9-99.911.5 8318.6 44 16.4   3  2.428.2 6.1
5036619671222 32.7 19.9  0.009900 19.6-99.9-99.9-99.9 4.9 3619.5 52 17.1   6  4.816.6 4.6
5036619671223 36.6 21.3  0.009900 20.8-99.9-99.9-99.910.1 7318.7 43 16.4   4  3.225.8 6.2
5036619671224 33.4 24.0  0.009900 20.7-99.9-99.9-99.9 3.9 2819.5 50 17.1   8  6.414.8 5.0
5036619671225 35.9 18.9  0.009900 14.9-99.9-99.9-99.9 8.7 6320.4 50 17.8   1  0.823.3 5.2
5036619671226 39.0 20.5  0.009900 16.8-99.9-99.9-99.9 9.6 7018.7 42 16.4   1  0.824.9 5.7
5036619671227 38.1 19.9  0.009900 16.8-99.9-99.9-99.9 8.5 6217.9 43 15.8   0  0.022.9 5.2
5036619671228 37.1 21.4  0.619900 20.0-99.9-99.9-99.9 6.4 4616.4 37 14.4   9  7.219.2 6.0
5036619671229 35.8 21.3  0.009900 18.9-99.9-99.9-99.9 9.7 7021.2 51 18.4   7  5.625.1 6.4
5036619671230 39.7 24.4  0.009900 21.4-99.9-99.9-99.9 8.5 6218.3 37 16.1  11  8.822.9 7.3
5036619671231 39.0 25.0  0.619900 25.0-99.9-99.9-99.9 9.2 6715.1 31 13.1   2  1.624.2 5.8
5036619680101 32.7 23.9 71.119900 23.1-99.9-99.9-99.9 4.9 3622.2 66 19.2  11  8.816.6 5.3
5036619680102 24.2 14.5  4.919900 16.4-99.9-99.9-99.9-9.9 9917.2 86 15.1   6  4.8-9.9-9.9
5036619680103 27.2 17.1  0.009900 17.2-99.9-99.9-99.9 3.9 2815.1 60 13.1   4  3.214.8 3.7
5036619680104 30.8 15.1  0.009900 13.3-99.9-99.9-99.910.4 7618.0 59 15.8   1  0.826.3 5.1
5036619680105 33.9 18.6  0.009900 16.1-99.9-99.9-99.9 8.7 6318.9 52 16.6   6  4.823.3 5.6
5036619680106 35.3 20.8  0.009900 24.5-99.9-99.9-99.9 7.8 5719.0 47 16.7   4  3.221.7 5.4
5036619680107 35.8 20.9  0.009900 18.7-99.9-99.9-99.9 7.7 5625.3 55 21.3   1  0.821.5 5.1
5036619680108 36.3 22.2  0.009900 20.2-99.9-99.9-99.9 5.1 3721.5 50 18.7   3  2.416.9 4.6
5036619680109 35.1 22.1  0.009900 21.2-99.9-99.9-99.910.6 7824.2 54 20.6   6  4.826.6 6.5
5036619680110 36.4 24.4  3.219900 22.4-99.9-99.9-99.9 9.1 6725.0 58 21.1   9  7.223.9 6.7
5036619680111 32.5 20.4  9.919900 21.1-99.9-99.9-99.9 5.5 4021.6 65 18.7  14 11.217.6 5.4
5036619680112 30.9 21.8  0.219900 20.3-99.9-99.9-99.9 3.9 2925.1 66 21.2   1  0.814.7 3.6
5036619680113 32.4 22.8 13.819900 20.8-99.9-99.9-99.9-9.9 9922.6 57 19.5   3  2.4-9.9-9.9
5036619680114 32.2 20.3  0.009900 20.0-99.9-99.9-99.9 8.3 6121.4 63 18.6   8  6.422.5 5.6
5036619680115 27.9 17.6 17.019900 16.2-99.9-99.9-99.9 0.5  422.0 87 19.0  13 10.4 8.7 2.8
5036619680116 30.0 17.8  0.009900 16.9-99.9-99.9-99.911.6 8520.4 64 17.8   0  0.028.2 5.4
5036619680117 33.5 21.3  0.009900 20.4-99.9-99.9-99.910.8 8022.8 59 19.6   1  0.826.8 5.8
5036619680118 36.5 20.0  0.009900 19.6-99.9-99.9-99.9 9.5 7017.9 40 15.8  13 10.424.5 7.1
5036619680119 35.3 20.6  2.819900 19.0-99.9-99.9-99.9 9.8 7223.9 54 20.4   6  4.825.0 6.0
5036619680120 33.0 20.4  0.009900 20.2-99.9-99.9-99.911.0 8116.9 47 14.9   4  3.227.1 6.0
5036619680121 32.9 17.0  0.009900 23.3-99.9-99.9-99.911.5 8517.5 48 15.4   3  2.428.0 5.7
5036619680122 35.0 19.5 51.219900 16.3-99.9-99.9-99.9 8.7 6516.8 42 14.8  12  9.623.0 6.5
5036619680123 29.7 16.4  2.819900 15.8-99.9-99.9-99.9 1.1  817.0 71 15.0   6  4.8 9.7 3.2
5036619680124 29.1 19.3  0.009900 17.8-99.9-99.9-99.9 9.3 6916.6 53 14.6  11  8.824.0 5.9
5036619680125 33.4 18.7  0.009900 16.9-99.9-99.9-99.910.8 8021.5 62 18.7   4  3.226.6 5.8
5036619680126 28.9 19.9 29.719900 19.8-99.9-99.9-99.9 3.4 2523.1 71 19.8   3  2.413.6 3.3
5036619680127 30.5 18.3  0.009900 21.2-99.9-99.9-99.9 7.4 5522.3 68 19.2   2  1.620.6 4.4
5036619680128 32.9 21.4 32.319900 19.6-99.9-99.9-99.9 9.3 7023.9 61 20.4   1  0.823.9 5.2
5036619680129 29.1 20.3  3.519900 19.9-99.9-99.9-99.9 2.1 1623.1 77 19.8   1  0.811.3 2.8
5036619680130 27.2 20.3 74.719900 20.0-99.9-99.9-99.9 1.1  824.1 86 20.5   6  4.8 9.5 2.6
5036619680131 24.2-99.9 28.319900 19.2-99.9-99.9-99.9 0.2  223.3 92 20.0   7  5.6 7.9-9.9
5036619680201 25.3 18.8  2.619900 18.9-99.9-99.9-99.9 0.3  222.5 86 19.4   1  0.8 8.1 2.0
5036619680202 28.9 20.5 91.219900 20.6-99.9-99.9-99.9 3.1 2325.7 83 21.5   1  0.813.0 3.0
5036619680203 29.3 19.9  0.009900 19.6-99.9-99.9-99.9 9.2 7024.2 75 20.6   3  2.423.5 4.9
5036619680204 31.3 20.6  0.009900 18.9-99.9-99.9-99.911.2 8525.7 74 21.5   1  0.827.0 5.6
5036619680205 32.2 20.6  0.009900 24.3-99.9-99.9-99.9 8.1 6125.2 72 21.2   3  2.421.6 4.8
5036619680206 32.9 19.9 29.019900 20.3-99.9-99.9-99.9 7.1 5425.7 73 21.5   7  5.619.8 4.8
5036619680207 31.8 20.8  0.009900 19.5-99.9-99.9-99.9 7.7 5926.8 76 22.2   3  2.420.8 4.6
5036619680208 33.3 22.4  0.009900 21.0-99.9-99.9-99.9 9.6 7327.1 67 22.4   8  6.424.0 5.8
5036619680209 35.3 24.7 22.519900 22.6-99.9-99.9-99.9 7.5 5731.5 75 24.9   2  1.620.4 5.1
5036619680210 29.6 21.4  0.009900 21.3-99.9-99.9-99.9 2.1 1625.0 82 21.1   1  0.811.0 2.8
5036619680211 30.5 21.9 14.619900 21.5-99.9-99.9-99.9 2.5 1925.5 78 21.4   3  2.411.7 3.1
5036619680212 25.7 17.5 73.019900 21.5-99.9-99.9-99.9 0.0  022.1 92 19.1   4  3.2 7.3 1.9
5036619680213 28.1 16.4  0.009900 16.2-99.9-99.9-99.9 6.4 4922.6 77 19.5   2  1.618.3 3.6
5036619680214 25.9 18.3  0.919900 21.6-99.9-99.9-99.9 4.1 3221.3 77 18.5   1  0.814.3 3.0
5036619680215 26.2 17.9  0.009900 16.9-99.9-99.9-99.9 1.8 1421.5 79 18.7   6  4.810.3 2.6
5036619680216 29.3 20.8  0.009900 19.1-99.9-99.9-99.9 3.9 3026.1 80 21.8   1  0.813.9 3.1
5036619680217 30.4 21.5  0.919900 20.6-99.9-99.9-99.9 2.2 1724.9 77 21.0   4  3.211.0 3.0
5036619680218 31.7 20.5  0.009900 19.8-99.9-99.9-99.9 8.8 6824.5 72 20.8   5  4.022.2 5.0
5036619680219 33.7 20.7  3.619900 24.8-99.9-99.9-99.910.3 8023.3 62 20.0   1  0.824.7 5.2
5036619680220 33.0 21.4  0.219900 19.5-99.9-99.9-99.9 7.9 6224.0 60 20.4   7  5.620.5 5.1
5036619680221 33.5 24.2  0.009900 22.2-99.9-99.9-99.9 9.7 7624.5 63 20.8   4  3.223.5 5.6
5036619680222 28.0 18.8  3.919900 19.3-99.9-99.9-99.9 2.7 2120.6 78 18.0  11  8.811.6 3.4
5036619680223 25.1 16.5  0.009900 20.0-99.9-99.9-99.9 0.4  316.6 67 14.6   2  1.6 7.7 2.2
5036619680224 27.0 18.6  0.119900 18.9-99.9-99.9-99.9 2.7 2119.8 73 17.3   1  0.811.5 2.7
5036619680225 30.0 19.0  0.009900 17.7-99.9-99.9-99.9 6.5 5121.9 71 19.0   0  0.017.9 3.7
5036619680226 31.4 19.4  0.009900 18.4-99.9-99.9-99.910.1 8024.9 70 21.0   0  0.023.9 4.7
5036619680227 33.0 20.3  0.009900 19.8-99.9-99.9-99.911.1 8825.9 68 21.7   1  0.825.5 5.3
5036619680228 34.8 21.0  0.009900 23.5-99.9-99.9-99.910.4 8222.0 53 19.0   6  4.824.2 5.7
5036619680229 33.2 20.5  0.009900 19.7-99.9-99.9-99.910.5 8325.4 63 21.4   6  4.824.3 5.4
5036619680301 35.4 19.8  0.009900 18.9-99.9-99.9-99.9 9.9 7921.8 54 18.9   1  0.823.2 4.9
5036619680302 35.2 22.7  0.009900 17.5-99.9-99.9-99.9 7.1 5723.6 58 20.2   2  1.618.5 4.5
5036619680303 36.0 19.6  0.009900 17.3-99.9-99.9-99.9 6.5 5220.9 56 18.2   9  7.217.5 5.0
5036619680304 33.7 19.3  0.009900 12.3-99.9-99.9-99.9 8.9 7122.8 62 19.6   1  0.821.4 4.5
5036619680305 32.6 19.5 96.219900 13.1-99.9-99.9-99.9 8.1 6522.1 73 19.1   8  6.420.0 4.8
5036619680306 26.2 19.8 44.519900 19.2-99.9-99.9-99.9 1.2 1024.4 84 20.7   5  4.0 8.6 2.1
5036619680307 28.0 20.7107.319900 20.6-99.9-99.9-99.9 3.7 3024.5 82 20.8   4  3.212.6 2.9
5036619680308 29.0 20.4  0.009900-99.9-99.9-99.9-99.9 4.8 3925.4 82 21.4   1  0.814.4 3.1
5036619680309 25.2 19.9 21.519900-99.9-99.9-99.9-99.9 0.0  022.0 87 19.0  13 10.4 6.5 2.3
5036619680310 27.5 19.0  0.009900-99.9-99.9-99.9-99.9 4.2 3419.6 73 17.2   5  4.013.3 3.2
5036619680311 25.7 18.9  0.009900-99.9-99.9-99.9-99.9 1.9 1519.7 73 17.3   0  0.0 9.5 2.2
5036619680312 29.9 17.1  0.009900-99.9-99.9-99.9-99.9 8.4 6821.3 71 18.5   3  2.419.9 3.9
5036619680313 30.8 18.9  0.009900-99.9-99.9-99.9-99.9 8.5 6923.2 71 19.9   2  1.620.0 4.0
5036619680314 32.6 20.5 38.119900-99.9-99.9-99.9-99.9 9.8 8026.2 71 21.9   1  0.822.0 4.5
5036619680315 28.3 13.1  2.019900-99.9-99.9-99.9-99.9 0.0  013.1 75 11.0   9  7.2 6.3 2.9
5036619680316 18.0 14.1  0.009900-99.9-99.9-99.9-99.9 0.0  012.2 68  9.9   2  1.6 6.3 1.8
5036619680317 20.9 13.8  0.009900-99.9-99.9-99.9-99.9 2.6 2113.6 72 11.5   6  4.810.4 2.4
5036619680318 24.6 14.9  0.009900-99.9-99.9-99.9-99.9 5.2 4316.3 72 14.3   1  0.814.4 2.7
5036619680319 29.3 13.8  0.009900-99.9-99.9-99.9-99.9 7.2 6018.5 67 16.3   0  0.017.4 3.1
5036619680320 29.9 16.5  0.009900-99.9-99.9-99.9-99.9 8.6 7121.1 70 18.4   3  2.419.5 3.7
5036619680321 29.8 16.2 31.619900-99.9-99.9-99.9-99.9 5.6 4723.0 73 19.7   1  0.814.8 2.9
5036619680322 25.9 20.2  5.419900-99.9-99.9-99.9-99.9 0.2  224.3 86 20.6   1  0.8 6.4 1.6
5036619680323 31.7 19.9  0.009900-99.9-99.9-99.9-99.9 8.3 6925.0 78 21.1   6  4.818.8 4.1
5036619680324 31.0 18.3 11.219900-99.9-99.9-99.9-99.9 8.5 7125.6 77 21.5   1  0.819.0 3.7
5036619680325 25.7 12.8  1.119900-99.9-99.9-99.9-99.9 0.0  013.6 81 11.5   6  4.8 6.0 2.3
5036619680326 21.5 11.7  0.009900-99.9-99.9-99.9-99.9 6.5 5512.3 65 10.0   6  4.815.8 2.8
5036619680327 26.8 11.0  0.009900-99.9-99.9-99.9-99.9 8.2 6911.8 56  9.4   4  3.218.3 3.2
5036619680328 25.3 11.5  0.009900-99.9-99.9-99.9-99.9 6.8 5714.6 68 12.6   1  0.816.1 2.6
5036619680329 26.8 13.0  0.009900-99.9-99.9-99.9-99.9 7.1 6016.5 69 14.5   0  0.016.5 2.7
5036619680330 28.3 15.0  2.519900-99.9-99.9-99.9-99.9 4.7 4019.1 71 16.8   0  0.012.8 2.4
5036619680331 23.3 18.1 26.619900-99.9-99.9-99.9-99.9 0.0  020.6 93 18.0   1  0.8 5.7 1.4
5036619680401 18.1 12.5  5.219900-99.9-99.9-99.9-99.9 0.0  014.6 94 12.6   6  4.8 5.7 1.4
5036619680402 20.3 11.8  0.219900-99.9-99.9-99.9-99.9 2.2 1914.3 80 12.3   2  1.6 8.9 1.7
5036619680403 21.9 14.9  0.119900-99.9-99.9-99.9-99.9 1.5 1315.6 78 13.6   3  2.4 7.8 1.8
5036619680404 20.4 15.3  0.009900-99.9-99.9-99.9-99.9 0.2  215.9 78 13.9   1  0.8 5.9 1.4
5036619680405 24.2 15.0  0.009900-99.9-99.9-99.9-99.9 6.6 5716.2 74 14.2   2  1.615.1 2.6
5036619680406 25.8 12.3  0.009900-99.9-99.9-99.9-99.9 6.9 5916.7 73 14.7   1  0.815.5 2.5
5036619680407 27.5 11.9  0.009900-99.9-99.9-99.9-99.9 9.9 8516.0 66 14.0   2  1.619.7 3.0
5036619680408 28.0 12.9  0.009900-99.9-99.9-99.9-99.9 9.7 8417.4 69 15.3   0  0.019.3 2.9
5036619680409 30.0 14.0  0.009900-99.9-99.9-99.9-99.9 9.8 8518.0 67 15.8   0  0.019.4 3.0
5036619680410 29.2 15.4  0.009900-99.9-99.9-99.9-99.9 8.1 7019.9 68 17.4   1  0.816.8 2.9
5036619680411 30.1 18.1  0.009900-99.9-99.9-99.9-99.9 1.7 1520.4 76 17.8   3  2.4 7.7 2.2
5036619680412 24.0 17.4  2.019900-99.9-99.9-99.9-99.9 1.9 1719.1 76 16.8   3  2.4 7.9 1.8
5036619680413 24.2 16.0  2.019900-99.9-99.9-99.9-99.9 1.6 1416.8 73 14.8   4  3.2 7.5 1.9
5036619680414 26.7 17.4  0.519900-99.9-99.9-99.9-99.9 5.4 4718.8 72 16.5   3  2.412.7 2.5
5036619680415 26.4 19.3  0.319900-99.9-99.9-99.9-99.9 1.5 1319.2 72 16.9   0  0.0 7.2 1.8
5036619680416 22.0 18.3  6.019900-99.9-99.9-99.9-99.9 0.0  018.9 82 16.6   1  0.8 5.1 1.4
5036619680417 18.3 15.8  1.019900-99.9-99.9-99.9-99.9 0.0  017.8 94 15.7   2  1.6 5.1 1.1
5036619680418 19.3 13.2  2.219900-99.9-99.9-99.9-99.9 0.0  017.0 86 15.0   4  3.2 5.0 1.1
5036619680419 20.6 13.4  6.619900-99.9-99.9-99.9-99.9 4.0 3515.1 80 13.1   1  0.810.4 1.7
5036619680420 23.1  9.5  0.009900-99.9-99.9-99.9-99.9 8.7 7712.1 68  9.8   8  6.416.7 2.6
5036619680421 25.3  9.3  0.009900-99.9-99.9-99.9-99.910.4 9212.4 63 10.1   4  3.218.9 2.6
5036619680422 24.6  9.8  0.009900-99.9-99.9-99.9-99.9 9.8 8713.2 63 11.1   5  4.018.0 2.5
5036619680423 25.5 11.4  0.009900-99.9-99.9-99.9-99.9 4.1 3713.0 66 10.9   4  3.210.3 2.1
5036619680424 26.3 11.0  0.009900-99.9-99.9-99.9-99.9 8.2 7314.0 69 12.0   1  0.815.7 2.2
5036619680425 26.7 11.2  0.009900-99.9-99.9-99.9-99.9 9.4 8414.6 67 12.6   4  3.217.2 2.5
5036619680426 26.3 12.6  0.009900-99.9-99.9-99.9-99.9 8.9 8015.7 67 13.7   4  3.216.4 2.5
5036619680427 19.9 12.0  3.619900-99.9-99.9-99.9-99.9 0.0  013.2 75 11.1   6  4.8 4.7 1.5
5036619680428 21.8  7.1  0.009900-99.9-99.9-99.9-99.9 9.4 85 9.9 62  6.8   6  4.816.9 2.2
5036619680429 24.6  6.9  0.009900-99.9-99.9-99.9-99.9 9.7 8811.8 66  9.4   0  0.017.2 1.9
5036619680430 21.6  7.4  0.009900-99.9-99.9-99.9-99.9 7.9 72 9.9 62  6.8   6  4.814.7 2.1
5036619680501 21.8  6.8  0.009900-99.9-99.9-99.9-99.9 8.6 7811.2 67  8.6   0  0.015.6 1.6
5036619680502 23.3  8.4  0.009900-99.9-99.9-99.9-99.9 8.4 7612.5 66 10.3   1  0.815.2 1.8
5036619680503 24.6  7.5  0.009900-99.9-99.9-99.9-99.9 7.9 7212.8 67 10.6   0  0.014.5 1.7
5036619680504 25.4  8.4  0.009900-99.9-99.9-99.9-99.9 9.3 8512.6 65 10.4   7  5.616.2 2.3
5036619680505 26.4  9.9  0.009900-99.9-99.9-99.9-99.9 8.9 8113.1 64 11.0   0  0.015.6 1.9
5036619680506 27.5 11.1  0.009900-99.9-99.9-99.9-99.910.2 9314.3 67 12.3   2  1.617.1 2.2
5036619680507 27.6 11.8  0.009900-99.9-99.9-99.9-99.9 9.0 8314.4 58 12.4   4  3.215.5 2.3
5036619680508 28.6 12.9  0.919900-99.9-99.9-99.9-99.9 8.3 7615.8 67 13.8   0  0.014.6 2.0
5036619680509 29.6 15.9  0.009900-99.9-99.9-99.9-99.9 8.6 7915.2 65 13.2   8  6.414.9 3.0
5036619680510 27.9 13.5  0.009900-99.9-99.9-99.9-99.910.3 9515.2 66 13.2   2  1.616.9 2.2
5036619680511 27.6 11.4  0.009900-99.9-99.9-99.9-99.9 7.8 7215.5 64 13.5   1  0.813.8 1.9
5036619680512 29.7 14.9  0.009900-99.9-99.9-99.9-99.9 9.1 8417.7 64 15.6   1  0.815.3 2.2
5036619680513 27.4 13.5  0.219900-99.9-99.9-99.9-99.9 2.9 2715.1 68 13.1  11  8.8 7.7 2.5
5036619680514 16.4  9.3  0.009900-99.9-99.9-99.9-99.9 0.0  0 8.1 66  3.9   2  1.6 4.2 1.4
5036619680515 14.3  6.7  0.009900-99.9-99.9-99.9-99.9 5.4 50 5.4 45 -1.7   7  5.610.6 1.9
5036619680516 19.3  2.4  0.009900-99.9-99.9-99.9-99.9 7.2 67 5.9 49 -0.5   2  1.612.7 1.4
5036619680517 21.4  2.3  0.009900-99.9-99.9-99.9-99.9 4.8 45 7.5 54  2.9   2  1.6 9.8 1.4
5036619680518 22.5  5.6  0.009900-99.9-99.9-99.9-99.9 9.4 88 7.8 58  3.4   5  4.015.2 1.8
5036619680519 22.1  2.9  0.009900-99.9-99.9-99.9-99.9 9.3 87 7.2 54  2.3   2  1.615.0 1.4
5036619680520 20.8  3.7  0.009900-99.9-99.9-99.9-99.9 3.5 33 9.4 68  6.1   1  0.8 8.2 1.2
5036619680521 21.0  7.8  0.009900-99.9-99.9-99.9-99.9 2.9 27 8.7 53  5.0   3  2.4 7.4 1.6
5036619680522 18.5  3.9  0.009900-99.9-99.9-99.9-99.9 4.6 43 9.5 70  6.2   2  1.6 9.3 1.1
5036619680523 14.9  9.8  0.009900-99.9-99.9-99.9-99.9 0.0  010.6 76  7.8   0  0.0 4.0 0.9
5036619680524 18.2  3.8  0.009900-99.9-99.9-99.9-99.9 8.3 78 9.3 72  5.9   3  2.413.5 1.2
5036619680525 22.5  5.9  0.009900-99.9-99.9-99.9-99.9 8.1 7610.5 65  7.7   3  2.413.2 1.4
5036619680526 20.8  6.9  0.009900-99.9-99.9-99.9-99.9 0.0  010.7 70  8.0   4  3.2 3.9 1.3
5036619680527 21.9  9.3  0.009900-99.9-99.9-99.9-99.9 0.0  012.8 67 10.6   2  1.6 3.9 1.1
5036619680528 17.5 14.0  0.009900-99.9-99.9-99.9-99.9 0.0  012.9 74 10.7   1  0.8 3.9 1.1
5036619680529 23.4  7.7  0.009900-99.9-99.9-99.9-99.9 6.1 5812.2 73  9.9   0  0.010.8 1.2
5036619680530 25.0  8.9  0.009900-99.9-99.9-99.9-99.9 8.5 8113.4 72 11.3   0  0.013.4 1.3
5036619680531 25.0  9.4  0.009900-99.9-99.9-99.9-99.9 7.1 6714.0 75 12.0   1  0.811.8 1.3
5036619680601 26.6 10.6  0.009900-99.9-99.9-99.9-99.9 8.2 7815.2 71 13.2   1  0.813.0 1.5
5036619680602 26.1 10.1  0.009900-99.9-99.9-99.9-99.9 7.4 7014.6 69 12.6   3  2.412.1 1.5
5036619680603 25.9 10.8  0.009900-99.9-99.9-99.9-99.9 7.8 7414.6 67 12.6   3  2.412.5 1.6
5036619680604 22.0 13.9  0.009900-99.9-99.9-99.9-99.9 4.8 4612.7 63 10.5   6  4.8 9.1 1.8
5036619680605 16.6 11.7  0.009900-99.9-99.9-99.9-99.9 1.8 1712.1 78  9.8   4  3.2 5.8 1.1
5036619680606 12.7 10.1  2.819900-99.9-99.9-99.9-99.9 0.0  011.1 83  8.5   4  3.2 3.8 0.9
5036619680607 16.8 10.4  0.319900-99.9-99.9-99.9-99.9 1.9 1812.1 84  9.8   4  3.2 5.9 1.1
5036619680608 12.4  9.7  0.009900-99.9-99.9-99.9-99.9 0.0  012.0 91  9.7   0  0.0 3.8 0.6
5036619680609 17.4 10.5  0.009900-99.9-99.9-99.9-99.9 0.0  012.8 78 10.6   1  0.8 3.8 0.9
5036619680610 16.7 13.0  0.009900-99.9-99.9-99.9-99.9 0.0  013.6 83 11.5   1  0.8 3.7 0.9
5036619680611 15.4 12.1  4.019900-99.9-99.9-99.9-99.9 0.0  014.0 90 12.0   0  0.0 3.7 0.7
5036619680612 14.4 12.8  3.219900-99.9-99.9-99.9-99.9 0.0  014.7 95 12.7   0  0.0 3.7 0.6
5036619680613 15.6 12.7  0.419900-99.9-99.9-99.9-99.9 0.0  014.8 95 12.8   2  1.6 3.7 0.7
5036619680614 15.4  7.0  1.219900-99.9-99.9-99.9-99.9 0.0  013.6 89 11.5   3  2.4 3.7 0.5
5036619680615 13.6  9.9  0.719900-99.9-99.9-99.9-99.9 0.0  011.9 89  9.5   4  3.2 3.7 0.8
5036619680616 12.0 10.4  0.219900-99.9-99.9-99.9-99.9 0.0  012.5 93 10.3   0  0.0 3.7 0.6
5036619680617 19.7 10.9  0.009900-99.9-99.9-99.9-99.9 3.1 3011.7 76  9.3   2  1.6 7.1 1.2
5036619680618 17.2  6.4  0.009900-99.9-99.9-99.9-99.9 0.5  511.0 81  8.4   1  0.8 4.3 0.8
5036619680619 21.8  3.5  0.009900-99.9-99.9-99.9-99.9 8.8 84 8.1 61  3.9   2  1.613.3 1.1
5036619680620 22.6  3.8  0.009900-99.9-99.9-99.9-99.9 8.8 84 8.2 60  4.1   2  1.613.3 1.1
5036619680621 23.7  4.0  0.009900-99.9-99.9-99.9-99.9 8.4 81 8.7 62  5.0   1  0.812.8 1.1
5036619680622 21.1  6.7  0.009900-99.9-99.9-99.9-99.9 4.8 4610.8 69  8.1   2  1.6 8.9 1.1
5036619680623 21.4  8.4  0.009900-99.9-99.9-99.9-99.9 4.0 3813.6 77 11.5   9  7.2 8.1 1.3
5036619680624 20.4 13.9  0.009900-99.9-99.9-99.9-99.9 4.4 4213.2 73 11.1   6  4.8 8.5 1.6
5036619680625 14.5  8.5  0.009900-99.9-99.9-99.9-99.9 0.0  010.3 89  7.4   3  2.4 3.7 0.9
5036619680626  9.7  8.5  0.719900-99.9-99.9-99.9-99.9 0.0  010.6 90  7.8   6  4.8 3.7 0.6
5036619680627 18.8  8.8  0.009900-99.9-99.9-99.9-99.9 7.8 7510.4 74  7.5   1  0.812.2 1.1
5036619680628 21.2  3.0  0.009900-99.9-99.9-99.9-99.9 7.9 76 9.6 69  6.4   2  1.612.4 1.0
5036619680629 21.7  5.0  0.009900-99.9-99.9-99.9-99.9 7.9 7611.1 70  8.5   1  0.812.4 1.0
5036619680630 21.7  8.9  0.009900-99.9-99.9-99.9-99.9 5.2 5013.0 76 10.9   2  1.6 9.4 1.1
5036619680701 18.9  9.1  0.009900-99.9-99.9-99.9-99.9 0.4  414.8 85 12.8   1  0.8 4.2 0.7
5036619680702 23.8 14.4  0.009900-99.9-99.9-99.9-99.9 3.8 3615.4 75 13.4   3  2.4 7.9 1.4
5036619680703 24.7 10.8  1.919900-99.9-99.9-99.9-99.9 7.4 7114.7 70 12.7   7  5.611.9 1.7
5036619680704 20.3 11.2  5.219900-99.9-99.9-99.9-99.9 0.0  012.4 85 10.1   6  4.8 3.8 1.4
5036619680705 15.5  4.9  0.009900-99.9-99.9-99.9-99.9 8.4 80 7.2 64  2.3   1  0.813.1 1.0
5036619680706 20.5  3.0  0.009900-99.9-99.9-99.9-99.9 6.6 63 8.4 64  4.5   4  3.211.1 1.3
5036619680707 20.8  4.7  0.009900-99.9-99.9-99.9-99.9 7.6 7210.1 70  7.1   2  1.612.2 1.1
5036619680708 21.2  5.4  0.009900-99.9-99.9-99.9-99.9 5.6 5310.8 69  8.1   6  4.810.1 1.3
5036619680709 15.8  7.3  0.009900-99.9-99.9-99.9-99.9 2.3 2210.8 80  8.1   2  1.6 6.4 0.9
5036619680710 22.6  6.0  0.009900-99.9-99.9-99.9-99.9 8.0 7610.6 66  7.8   4  3.212.8 1.4
5036619680711 20.7  6.6  0.009900-99.9-99.9-99.9-99.9 6.4 6110.4 70  7.5   1  0.811.0 1.2
5036619680712 22.0  4.1  0.009900-99.9-99.9-99.9-99.9 6.1 58 9.8 68  6.7   1  0.810.7 1.1
5036619680713 23.5  6.5  0.009900-99.9-99.9-99.9-99.9 0.0  011.1 62  8.5   4  3.2 3.9 1.4
5036619680714 18.8 12.3  0.009900-99.9-99.9-99.9-99.9 0.2  211.5 69  9.0   1  0.8 4.1 1.2
5036619680715 21.5 12.1  0.009900-99.9-99.9-99.9-99.9 4.8 4511.7 68  9.3   0  0.0 9.4 1.3
5036619680716 18.8  7.7  0.009900-99.9-99.9-99.9-99.9 1.1 1011.5 75  9.0   2  1.6 5.2 1.0
5036619680717 14.5 10.2  1.619900-99.9-99.9-99.9-99.9 0.0  012.6 85 10.4   2  1.6 4.0 0.8
5036619680718 15.0 10.5  0.919900-99.9-99.9-99.9-99.9 0.0  013.3 89 11.2   1  0.8 4.0 0.7
5036619680719 17.7 12.6  0.009900-99.9-99.9-99.9-99.9 0.0  014.1 82 12.1   2  1.6 4.0 1.0
5036619680720 21.7 13.4  0.009900-99.9-99.9-99.9-99.9 2.7 2513.8 77 11.8   1  0.8 7.2 1.3
5036619680721 22.2  9.8  0.009900-99.9-99.9-99.9-99.9 3.8 3612.2 69  9.9   6  4.8 8.5 1.6
5036619680722 22.9 10.0  0.009900-99.9-99.9-99.9-99.9 6.3 5913.1 69 11.0   4  3.211.4 1.6
5036619680723 26.9  9.4  0.009900-99.9-99.9-99.9-99.9 7.9 7413.7 71 11.6   4  3.213.3 1.8
5036619680724 26.3  9.3  0.009900-99.9-99.9-99.9-99.9 7.9 7413.4 69 11.3   2  1.613.4 1.7
5036619680725 28.3 11.4  0.009900-99.9-99.9-99.9-99.9 8.1 7515.3 68 13.3   1  0.813.7 1.8
5036619680726 28.9 15.4  0.009900-99.9-99.9-99.9-99.9 8.1 7517.3 66 15.2   0  0.013.8 1.9
5036619680727 28.6 13.0  0.009900-99.9-99.9-99.9-99.9 7.5 7015.5 63 13.5   1  0.813.1 1.9
5036619680728 28.6 11.4  0.009900-99.9-99.9-99.9-99.9 7.1 6613.3 61 11.2   4  3.212.7 2.1
5036619680729 25.3 10.3  0.009900-99.9-99.9-99.9-99.9 4.8 4412.4 62 10.1   3  2.410.0 1.8
5036619680730 25.8  9.1  0.009900-99.9-99.9-99.9-99.9 2.5 2311.9 60  9.5   4  3.2 7.3 1.8
5036619680731 26.7 11.4  0.009900-99.9-99.9-99.9-99.9 0.3  313.2 66 11.1   4  3.2 4.7 1.8
5036619680801 27.1 12.0  0.009900-99.9-99.9-99.9-99.9 0.0  012.6 54 10.4   7  5.6 4.3 2.2
5036619680802 22.7 12.7  0.009900-99.9-99.9-99.9-99.9 0.0  012.0 69  9.7   4  3.2 4.4 1.7
5036619680803 16.9 11.5  0.009900-99.9-99.9-99.9-99.9 0.0  013.0 81 10.9   1  0.8 4.4 1.0
5036619680804 22.1 13.1  0.009900-99.9-99.9-99.9-99.9 6.1 5613.4 73 11.3   3  2.411.9 1.8
5036619680805 21.0  8.1  0.009900-99.9-99.9-99.9-99.9 6.5 5912.7 72 10.5   4  3.212.5 1.6
5036619680806 20.0 13.7  7.619900-99.9-99.9-99.9-99.9 0.0  013.4 74 11.3   6  4.8 4.5 1.6
5036619680807 14.8  7.6  3.219900-99.9-99.9-99.9-99.9 0.0  010.1 90  7.1   4  3.2 4.5 1.1
5036619680808 13.0  7.6  0.219900-99.9-99.9-99.9-99.9 1.5 1410.4 84  7.5   5  4.0 6.4 1.1
5036619680809 20.3  5.2  0.009900-99.9-99.9-99.9-99.910.4 94 9.9 66  6.8   1  0.817.7 1.7
5036619680810 22.4  3.9  0.009900-99.9-99.9-99.9-99.910.2 9210.4 68  7.5   0  0.017.5 1.6
5036619680811 27.0  7.0  0.009900-99.9-99.9-99.9-99.9 9.9 8912.5 67 10.3   1  0.817.2 2.0
5036619680812 27.5  9.4  0.009900-99.9-99.9-99.9-99.910.4 9412.3 61 10.0   3  2.418.0 2.4
5036619680813 18.1 10.0  0.009900-99.9-99.9-99.9-99.9 0.0  0 9.7 66  6.5   4  3.2 4.7 1.6
5036619680814 23.1  8.2  0.009900-99.9-99.9-99.9-99.9 2.6 2311.7 62  9.3   1  0.8 8.1 1.5
5036619680815 24.6  8.9  0.009900-99.9-99.9-99.9-99.9 9.2 8214.1 69 12.1   5  4.016.7 2.2
5036619680816 29.1 12.2  0.009900-99.9-99.9-99.9-99.9 8.8 7914.5 60 12.5   6  4.816.3 2.8
5036619680817 29.7 13.9  1.619900-99.9-99.9-99.9-99.9 9.3 8316.3 58 14.3   3  2.417.0 2.8
5036619680818 24.3 16.3  0.009900-99.9-99.9-99.9-99.9 4.4 3913.0 58 10.9   3  2.410.7 2.3
5036619680819 24.6  9.9  0.009900-99.9-99.9-99.9-99.9 9.9 8813.8 69 11.8   6  4.818.0 2.5
5036619680820 25.1 11.9  2.619900-99.9-99.9-99.9-99.9 8.5 7516.2 70 14.2   4  3.216.3 2.4
5036619680821 21.8 11.1  0.009900-99.9-99.9-99.9-99.9 5.3 47 9.3 63  5.9   2  1.612.1 2.1
5036619680822 19.5  7.6  0.009900-99.9-99.9-99.9-99.9 5.9 52 7.4 54  2.7   4  3.212.9 2.1
5036619680823 22.9  4.5  0.009900-99.9-99.9-99.9-99.9 9.6 85 9.2 58  5.8   2  1.618.0 2.1
5036619680824 25.9  8.3  0.009900-99.9-99.9-99.9-99.9 9.8 8611.4 57  8.9   2  1.618.4 2.4
5036619680825 30.7 11.4  0.009900-99.9-99.9-99.9-99.9 8.3 7313.9 56 11.9   4  3.216.4 2.9
5036619680826 28.6 13.3  0.009900-99.9-99.9-99.9-99.9 8.8 7714.9 58 12.9   6  4.817.2 3.1
5036619680827 25.6 15.0  0.009900-99.9-99.9-99.9-99.9 9.2 8012.3 52 10.0   6  4.817.9 3.2
5036619680828 27.2 12.2  0.009900-99.9-99.9-99.9-99.9 8.4 7311.7 51  9.3   4  3.216.9 2.9
5036619680829 22.2 10.0  0.009900-99.9-99.9-99.9-99.9 8.4 7311.4 65  8.9   4  3.216.9 2.5
5036619680830 25.6 11.4  0.009900-99.9-99.9-99.9-99.9 9.8 8513.5 62 11.4   3  2.419.0 2.8
5036619680831 26.8 10.3 23.719900-99.9-99.9-99.9-99.9 9.5 8212.5 53 10.3   6  4.818.7 3.1
5036619680901 22.9  8.4  3.519900-99.9-99.9-99.9-99.9 0.0  010.4 90  7.5   6  4.8 5.4 2.0
5036619680902 15.0  8.4  0.009900-99.9-99.9-99.9-99.9 0.1  110.2 74  7.3   2  1.6 5.5 1.3
5036619680903 20.2  5.6  0.009900-99.9-99.9-99.9-99.910.3 8911.9 73  9.5   1  0.820.1 2.2
5036619680904 27.3  8.7  0.009900-99.9-99.9-99.9-99.910.4 8912.4 61 10.1   2  1.620.4 2.9
5036619680905 29.1 10.2  0.009900-99.9-99.9-99.9-99.910.9 9313.4 56 11.3   2  1.621.2 3.1
5036619680906 30.3 10.7  0.009900-99.9-99.9-99.9-99.910.5 9013.8 55 11.8   0  0.020.7 3.0
5036619680907 31.4 13.9  0.009900-99.9-99.9-99.9-99.910.5 9015.1 55 13.1   3  2.420.8 3.6
5036619680908 33.6 13.0  0.009900-99.9-99.9-99.9-99.910.4 8915.3 52 13.3   2  1.620.8 3.6
5036619680909 25.6 16.1  0.009900-99.9-99.9-99.9-99.9 8.1 6910.4 44  7.5   6  4.817.5 3.6
5036619680910 20.4  7.7  0.009900-99.9-99.9-99.9-99.9 4.6 39 6.5 37  0.9   6  4.812.5 2.7
5036619680911 21.9 11.2  0.009900-99.9-99.9-99.9-99.9 6.7 57 7.1 42  2.1  12  9.615.6 3.9
5036619680912 17.3  4.0  0.009900-99.9-99.9-99.9-99.9 4.2 35 6.6 47  1.1   3  2.412.0 2.1
5036619680913 14.6  7.9  0.009900-99.9-99.9-99.9-99.9 1.4 12 6.5 49  0.9   6  4.8 7.9 2.2
5036619680914 20.7  9.4  0.419900-99.9-99.9-99.9-99.9 5.9 50 8.6 51  4.8   2  1.614.7 2.5
5036619680915 20.6 10.5  0.009900-99.9-99.9-99.9-99.9 3.7 3111.8 75  9.4   0  0.011.4 2.0
5036619680916 22.7  5.7  0.009900-99.9-99.9-99.9-99.9 2.1 18 9.8 60  6.7   4  3.2 9.1 2.1
5036619680917 27.0  7.2  0.009900-99.9-99.9-99.9-99.9 9.6 8011.3 57  8.8   4  3.220.5 3.2
5036619680918 29.1 10.9  0.009900-99.9-99.9-99.9-99.9 5.3 4412.2 46  9.9   8  6.414.1 3.4
5036619680919 23.9 14.9  0.009900-99.9-99.9-99.9-99.9 0.0  010.7 58  8.0   2  1.6 6.0 2.2
5036619680920 24.1 13.1  0.009900-99.9-99.9-99.9-99.9 6.7 56 9.0 45  5.4   1  0.816.3 2.9
5036619680921 27.7  9.1  0.009900-99.9-99.9-99.9-99.910.3 8510.1 46  7.1   1  0.822.0 3.3
5036619680922 30.6 10.5  0.009900-99.9-99.9-99.9-99.9 8.7 7212.4 48 10.1   4  3.219.6 3.6
5036619680923 32.8 15.1  0.009900-99.9-99.9-99.9-99.9 9.1 7513.2 45 11.1   1  0.820.3 3.7
5036619680924 33.1 14.4  0.009900-99.9-99.9-99.9-99.9 5.1 4215.4 48 13.4   1  0.814.1 3.1
5036619680925 34.6 14.6  0.009900-99.9-99.9-99.9-99.9 5.2 4314.2 43 12.2   4  3.214.4 3.6
5036619680926 28.1 15.5  0.009900-99.9-99.9-99.9-99.9 3.6 2915.5 57 13.5   5  4.011.9 3.0
5036619680927 24.0 17.8  1.819900-99.9-99.9-99.9-99.9 0.0  018.6 76 16.4   3  2.4 6.3 1.8
5036619680928 23.8 16.8  0.009900-99.9-99.9-99.9-99.9 0.7  615.9 66 13.9   6  4.8 7.4 2.4
5036619680929 24.7 11.8  0.009900-99.9-99.9-99.9-99.9 6.9 5611.7 56  9.3   3  2.417.3 3.2
5036619680930 30.7  8.9  0.009900-99.9-99.9-99.9-99.9 9.7 7913.4 50 11.3   6  4.821.8 4.0
5036619681001 32.4 11.5  0.009900-99.9-99.9-99.9-99.9 8.1 6614.3 47 12.3   4  3.219.4 3.9
5036619681002 28.7 18.0  0.009900-99.9-99.9-99.9-99.9 4.2 3415.6 49 13.6   8  6.413.2 3.8
5036619681003 31.4 16.1  0.009900-99.9-99.9-99.9-99.9 7.9 6418.1 58 15.9   4  3.219.2 4.0
5036619681004 33.7 17.1 17.219900-99.9-99.9-99.9-99.9 7.4 6020.5 61 17.9   4  3.218.5 4.1
5036619681005 25.7 15.3  1.119900-99.9-99.9-99.9-99.9 0.0  017.4 89 15.3   0  0.0 6.6 1.8
5036619681006 24.7 16.2  0.009900-99.9-99.9-99.9-99.9 3.9 3119.0 79 16.7   5  4.012.9 2.7
5036619681007 20.3 17.3  6.819900-99.9-99.9-99.9-99.9 0.0  019.2 89 16.9   0  0.0 6.6 1.5
5036619681008 22.5 16.6  6.719900-99.9-99.9-99.9-99.9 0.1  118.9 94 16.6   4  3.2 6.8 1.8
5036619681009 21.4 17.4  2.919900-99.9-99.9-99.9-99.9 0.0  020.7 95 18.1   2  1.6 6.7 1.5
5036619681010 28.0 18.8 14.119900-99.9-99.9-99.9-99.9 3.1 2522.9 81 19.7   6  4.811.8 2.9
5036619681011 22.1 16.5  0.419900-99.9-99.9-99.9-99.9 0.0  018.7 86 16.4   1  0.8 6.8 1.6
5036619681012 20.0 18.4  7.219900-99.9-99.9-99.9-99.9 0.0  019.8 90 17.3   1  0.8 6.8 1.5
5036619681013 20.1 17.0  6.419900-99.9-99.9-99.9-99.9 0.0  018.7 92 16.4   1  0.8 6.8 1.5
5036619681014 21.2 15.6  0.319900-99.9-99.9-99.9-99.9 0.1  117.9 84 15.8   1  0.8 7.0 1.6
5036619681015 27.1 13.4  0.009900-99.9-99.9-99.9-99.910.4 8219.5 73 17.1   1  0.824.2 4.1
5036619681016 22.7 16.8  3.219900-99.9-99.9-99.9-99.9 0.3  214.7 73 12.7   4  3.2 7.4 2.3
5036619681017 16.9 11.1  9.019900-99.9-99.9-99.9-99.9 0.0  012.9 86 10.7   2  1.6 7.0 1.6
5036619681018 23.7  6.7  0.009900-99.9-99.9-99.9-99.9 9.7 7611.1 56  8.5   3  2.423.2 3.6
5036619681019 25.7 12.2  0.009900-99.9-99.9-99.9-99.910.8 8412.6 55 10.4   3  2.425.1 4.2
5036619681020 27.7 10.2  0.009900-99.9-99.9-99.9-99.910.5 8213.9 53 11.9   1  0.824.7 4.0
5036619681021 30.4 12.4  0.009900-99.9-99.9-99.9-99.9 8.2 6415.0 51 13.0   1  0.820.9 3.9
5036619681022 33.0 13.2  0.009900-99.9-99.9-99.9-99.9 7.9 6116.6 48 14.6   2  1.620.4 4.1
5036619681023 35.3 17.2  0.009900-99.9-99.9-99.9-99.911.3 8816.4 42 14.4   6  4.826.2 5.8
5036619681024 29.8 19.8  0.009900-99.9-99.9-99.9-99.9 5.1 3918.4 55 16.2   1  0.815.8 3.6
5036619681025 26.5 17.3  0.719900-99.9-99.9-99.9-99.9 0.0  017.9 81 15.8   7  5.6 7.2 2.6
5036619681026 17.4 13.3  1.519900-99.9-99.9-99.9-99.9 0.0  015.4 91 13.4   2  1.6 7.2 1.5
5036619681027 18.7 14.9  2.119900-99.9-99.9-99.9-99.9 0.0  016.9 88 14.9   1  0.8 7.2 1.6
5036619681028 21.2 16.1 14.519900-99.9-99.9-99.9-99.9 0.2  218.2 83 16.0   0  0.0 7.6 1.7
5036619681029 18.2 13.7  0.919900-99.9-99.9-99.9-99.9 0.0  015.5 89 13.5   2  1.6 7.3 1.6
5036619681030 24.6 15.5  0.009900-99.9-99.9-99.9-99.9 0.0  017.2 72 15.1   1  0.8 7.3 2.0
5036619681031 30.6 15.4  0.009900-99.9-99.9-99.9-99.9 9.2 7020.7 66 18.1   2  1.623.1 4.5
5036619681101 35.1 18.4  0.009900-99.9-99.9-99.9-99.911.6 8825.4 62 21.4   4  3.227.2 5.9
5036619681102 30.8 21.2  0.009900-99.9-99.9-99.9-99.9 3.8 2919.2 57 16.9  13 10.413.9 4.8
5036619681103 26.0 19.7  0.009900-99.9-99.9-99.9-99.9 1.5 1117.4 62 15.3   7  5.610.0 3.2
5036619681104 26.7 20.9  0.009900-99.9-99.9-99.9-99.9 2.3 1718.6 66 16.4   7  5.611.4 3.4
5036619681105 27.9 20.1  7.819900-99.9-99.9-99.9-99.9 0.7  520.6 67 18.0   8  6.4 8.7 3.0
5036619681106 24.9 16.8  6.419900-99.9-99.9-99.9-99.9 1.0  818.1 76 15.9   7  5.6 9.2 2.6
5036619681107 29.4 16.1  0.009900-99.9-99.9-99.9-99.910.2 7718.5 67 16.3   2  1.625.1 4.8
5036619681108 34.8 18.5  0.009900-99.9-99.9-99.9-99.912.0 9022.8 56 19.6   1  0.828.2 5.8
5036619681109 35.8 22.4  1.019900-99.9-99.9-99.9-99.910.1 7626.3 60 21.9   3  2.425.0 5.9
5036619681110 30.1 16.8  0.009900-99.9-99.9-99.9-99.9 0.7  514.6 61 12.6  10  8.0 8.8 3.8
5036619681111 28.7 12.9  0.009900-99.9-99.9-99.9-99.9 7.3 5515.8 56 13.8   4  3.220.2 4.1
5036619681112 32.4 15.8  0.009900-99.9-99.9-99.9-99.9 5.1 3819.7 59 17.3   1  0.816.4 3.7
5036619681113 34.5 17.9  0.009900-99.9-99.9-99.9-99.9 6.7 5020.7 51 18.1   8  6.419.2 5.0
5036619681114 33.0 18.9 16.919900-99.9-99.9-99.9-99.9 3.4 2520.2 68 17.7  16 12.813.5 4.9
5036619681115 30.4 18.2  0.009900-99.9-99.9-99.9-99.9 8.7 6519.3 60 16.9   6  4.822.8 5.1
5036619681116 33.6 19.8 12.419900-99.9-99.9-99.9-99.910.8 8018.0 48 15.8  11  8.826.5 6.7
5036619681117 30.2 20.4  0.009900-99.9-99.9-99.9-99.9 4.0 3020.4 68 17.8   7  5.614.6 4.1
5036619681118 31.6 19.4  0.009900-99.9-99.9-99.9-99.9 8.2 6119.6 55 17.2   1  0.822.0 4.7
5036619681119 35.6 20.5  0.009900-99.9-99.9-99.9-99.911.1 8217.3 43 15.2   6  4.827.1 6.4
5036619681120 35.1 21.5 10.319900-99.9-99.9-99.9-99.9 9.3 6921.4 51 18.6  17 13.624.0 7.2
5036619681121 29.0 15.2 15.519900-99.9-99.9-99.9-99.9 0.0  018.2 91 16.0  13 10.4 7.7 3.1
5036619681122 31.0 17.4  0.009900-99.9-99.9-99.9-99.911.5 8522.0 68 19.0   0  0.027.9 5.4
5036619681123 32.6 19.0  3.319900-99.9-99.9-99.9-99.9 8.2 6023.8 63 20.3  11  8.822.1 5.5
5036619681124 35.3 21.9 51.419900-99.9-99.9-99.9-99.9 8.7 6426.6 64 22.1   7  5.623.0 5.8
5036619681125 29.1 18.8  0.919900-99.9-99.9-99.9-99.9 0.8  622.0 81 19.0   7  5.6 9.2 2.8
5036619681126 28.8 18.6  0.009900-99.9-99.9-99.9-99.9 4.9 3621.9 74 19.0   2  1.616.4 3.6
5036619681127 32.3 18.6  0.009900-99.9-99.9-99.9-99.911.1 8124.4 69 20.7   0  0.027.3 5.5
5036619681128 33.2 21.8  0.009900-99.9-99.9-99.9-99.9 9.3 6826.5 65 22.0   4  3.224.1 5.6
5036619681129 28.8 17.6 47.919900-99.9-99.9-99.9-99.9 0.0  022.0 87 19.0  11  8.8 7.8 2.7
5036619681130 26.5 18.3  1.919900-99.9-99.9-99.9-99.9 2.0 1521.5 77 18.7   4  3.211.4 2.8
5036619681201 26.9 20.4  0.009900-99.9-99.9-99.9-99.9 3.0 2222.6 79 19.5   6  4.813.1 3.3
5036619681202 31.2 19.7  0.009900-99.9-99.9-99.9-99.9 9.5 6924.3 68 20.6   4  3.224.5 5.3
5036619681203 33.0 21.1  0.009900-99.9-99.9-99.9-99.9 6.0 4425.5 65 21.4   1  0.818.4 4.3
5036619681204 34.2 20.0  0.119900-99.9-99.9-99.9-99.9 7.4 5423.7 62 20.2   9  7.220.9 5.5
5036619681205 27.2 20.2 13.319900-99.9-99.9-99.9-99.9 0.0  021.6 65 18.7   4  3.2 7.9 2.4
5036619681206 25.1 19.6  1.619900-99.9-99.9-99.9-99.9 0.0  021.5 89 18.7   6  4.8 7.9 2.3
5036619681207 28.8 19.4  0.009900-99.9-99.9-99.9-99.9 6.0 4424.1 80 20.5   1  0.818.5 3.9
5036619681208 33.4 21.0  0.819900-99.9-99.9-99.9-99.9 8.7 6326.7 72 22.2   2  1.623.2 5.3
5036619681209 34.5 23.8  0.009900-99.9-99.9-99.9-99.9 9.1 6625.4 63 21.4   6  4.823.9 6.1
5036619681210 36.4 23.3  0.009900-99.9-99.9-99.9-99.9 9.6 7026.4 57 22.0   4  3.224.8 6.2
5036619681211 41.0 26.3  0.009900-99.9-99.9-99.9-99.910.7 7819.7 37 17.3  16 12.826.8 9.1
5036619681212 34.4 23.7  0.009900-99.9-99.9-99.9-99.9 2.9 2119.1 56 16.8   7  5.613.0 4.6
5036619681213 31.4 18.2  0.009900-99.9-99.9-99.9-99.9 7.5 5415.4 49 13.4   7  5.621.1 5.3
5036619681214 34.9 18.9  0.009900-99.9-99.9-99.9-99.9 9.1 6623.6 57 20.2   5  4.024.0 5.6
5036619681215 30.1 20.2  0.009900-99.9-99.9-99.9-99.9 3.0 2213.0 46 10.9   9  7.213.2 4.8
5036619681216 31.1 21.0  0.009900-99.9-99.9-99.9-99.9 1.4 1012.4 38 10.1   7  5.610.4 4.3
5036619681217 35.1 19.0  0.009900-99.9-99.9-99.9-99.9 9.4 6815.6 41 13.6   9  7.224.5 6.4
5036619681218 36.2 20.2  0.009900-99.9-99.9-99.9-99.9 9.3 6720.3 46 17.7   4  3.224.3 5.8
5036619681219 38.9 23.0  0.119900-99.9-99.9-99.9-99.9 9.0 6522.0 43 19.0   6  4.823.8 6.4
5036619681220 32.5 19.3 83.619900-99.9-99.9-99.9-99.9 0.0  023.0 93 19.7   6  4.8 8.0 2.9
5036619681221 25.3 18.4 16.419900-99.9-99.9-99.9-99.9 0.0  021.7 92 18.8   9  7.2 8.0 2.3
5036619681222 25.6 17.9  0.009900-99.9-99.9-99.9-99.9 1.9 1420.9 79 18.2   2  1.611.3 2.6
5036619681223 28.2 17.2  6.119900-99.9-99.9-99.9-99.9 2.3 1719.3 85 16.9  14 11.212.0 3.8
5036619681224 27.0 15.7  0.009900-99.9-99.9-99.9-99.9 4.9 3618.3 68 16.1   4  3.216.6 3.6
5036619681225 30.9 18.9  0.009900-99.9-99.9-99.9-99.9 6.8 4919.5 61 17.1   2  1.619.9 4.5
5036619681226 31.7 18.1  6.319900-99.9-99.9-99.9-99.9 7.8 5722.8 63 19.6   9  7.221.7 5.2
5036619681227 30.3 16.9  0.009900-99.9-99.9-99.9-99.9 9.0 6516.8 59 14.8   6  4.823.8 5.3
5036619681228 32.0 15.8  0.009900-99.9-99.9-99.9-99.9 7.8 5718.9 60 16.6   4  3.221.7 4.8
5036619681229 31.7 17.5  0.009900-99.9-99.9-99.9-99.910.2 7422.0 61 19.0   3  2.425.9 5.4
5036619681230 35.5 20.5  0.119900-99.9-99.9-99.9-99.9 9.5 6923.5 57 20.1   6  4.824.7 6.1
5036619681231 30.1 22.4 30.019900-99.9-99.9-99.9-99.9 0.0  024.5 80 20.8   4  3.2 7.9 2.6
5036619690101 25.5 14.5  1.019900-99.9-99.9-99.9-99.9 3.3 2414.3 62 12.3   4  3.213.8 3.3
5036619690102 28.7 17.9  0.009900-99.9-99.9-99.9-99.9 2.7 2014.4 51 12.4   8  6.412.7 4.1
5036619690103 32.1 17.0  0.009900-99.9-99.9-99.9-99.910.1 7419.0 62 16.7   2  1.625.7 5.3
5036619690104 33.0 19.4  0.009900-99.9-99.9-99.9-99.9 8.0 5823.5 62 20.1   2  1.622.0 4.9
5036619690105 36.9 21.4 72.019900-99.9-99.9-99.9-99.9 5.8 4224.1 67 20.5   2  1.618.1 4.7
5036619690106 35.2 19.3  0.009900-99.9-99.9-99.9-99.9 9.8 7127.2 64 22.5   4  3.225.2 5.8
5036619690107 37.3 23.0  0.009900-99.9-99.9-99.9-99.9 6.8 5026.2 62 21.9   7  5.619.9 5.6
5036619690108 32.4 22.5  0.009900-99.9-99.9-99.9-99.9 8.0 5823.5 64 20.1   6  4.822.0 5.5
5036619690109 34.0 22.5  0.419900-99.9-99.9-99.9-99.9 7.3 5326.0 65 21.7   6  4.820.8 5.3
5036619690110 27.6 17.5  0.009900-99.9-99.9-99.9-99.9 0.0  015.8 74 13.8   2  1.6 7.9 2.6
5036619690111 27.3 18.0  0.009900-99.9-99.9-99.9-99.9 0.5  417.1 60 15.0   4  3.2 8.8 2.8
5036619690112 33.5 17.8  0.009900-99.9-99.9-99.9-99.911.0 8120.1 54 17.6   4  3.227.2 5.9
5036619690113 35.1 23.9  0.009900-99.9-99.9-99.9-99.9 8.2 6025.4 63 21.4   6  4.822.3 5.9
5036619690114 35.5 19.7 13.219910-99.9-99.9-99.9-99.9 4.7 3524.3 80 20.6  16 12.816.1 5.3
5036619690115 32.2 19.9  0.009900-99.9-99.9-99.9-99.9 7.9 5826.1 73 21.8   3  2.421.7 4.9
5036619690116 32.7 23.6  0.009900-99.9-99.9-99.9-99.9 5.2 3825.3 64 21.3   6  4.817.0 4.6
5036619690117 32.8 20.8 28.719900-99.9-99.9-99.9-99.9 5.0 3725.1 78 21.2   7  5.616.6 4.4
5036619690118 24.0 19.5  8.019900-99.9-99.9-99.9-99.9 0.5  422.7 90 19.5   1  0.8 8.7 2.0
5036619690119 28.6 19.1 23.019900-99.9-99.9-99.9-99.9 3.1 2322.9 79 19.7   4  3.213.2 3.2
5036619690120 30.9 18.2  0.009900-99.9-99.9-99.9-99.911.0 8122.1 63 19.1   1  0.827.1 5.4
5036619690121 32.2 19.9  0.009900-99.9-99.9-99.9-99.9 7.5 5624.1 67 20.5   2  1.620.9 4.7
5036619690122 32.6 21.9  2.919900-99.9-99.9-99.9-99.9 6.5 4823.5 62 20.1  11  8.819.2 5.4
5036619690123 31.5 22.3  0.009900-99.9-99.9-99.9-99.9 4.7 3523.5 69 20.1   6  4.816.0 4.3
5036619690124 34.6 20.6  0.009900-99.9-99.9-99.9-99.912.2 9119.5 47 17.1   2  1.629.1 6.2
5036619690125 32.8 19.3  0.009900-99.9-99.9-99.9-99.911.3 8419.5 55 17.1   4  3.227.5 5.9
5036619690126 31.3 17.9  0.009900-99.9-99.9-99.9-99.911.7 8720.8 60 18.1   5  4.028.2 5.9
5036619690127 33.4 18.5  0.009900-99.9-99.9-99.9-99.911.7 8721.6 56 18.7   1  0.828.2 5.7
5036619690128 34.7 19.7  0.009900-99.9-99.9-99.9-99.911.9 8921.0 53 18.3   1  0.828.5 5.9
5036619690129 36.6 20.9  0.009900-99.9-99.9-99.9-99.910.9 8223.0 52 19.7   4  3.226.7 6.2
5036619690130 34.7 23.8  0.009900-99.9-99.9-99.9-99.9 3.6 2721.9 51 19.0  11  8.813.9 5.1
5036619690131 38.1 21.5  0.009900-99.9-99.9-99.9-99.910.5 7919.6 41 17.2  12  9.625.9 7.3
5036619690201 32.3 21.4  2.319900-99.9-99.9-99.9-99.9 0.2  222.4 75 19.3   9  7.2 7.9 3.3
5036619690202 29.2 20.6  0.009900-99.9-99.9-99.9-99.9 5.4 4122.9 78 19.7   3  2.417.0 3.9
5036619690203 35.5 20.5  0.009900-99.9-99.9-99.9-99.9 2.2 1725.3 67 21.3   8  6.411.4 3.8
5036619690204 37.3 25.8  0.009900-99.9-99.9-99.9-99.9 8.7 6627.2 59 22.5   5  4.022.6 6.1
5036619690205 32.7 19.9 24.519900-99.9-99.9-99.9-99.9 5.5 4224.9 79 21.0   8  6.417.1 4.4
5036619690206 35.8 19.6  0.009900-99.9-99.9-99.9-99.9 9.3 7124.0 74 20.4  11  8.823.6 6.1
5036619690207 32.6 21.8  0.009900-99.9-99.9-99.9-99.9 5.8 4428.2 75 23.1   1  0.817.5 4.1
5036619690208 28.2 19.1  7.319900-99.9-99.9-99.9-99.9 0.0  021.7 78 18.8   4  3.2 7.4 2.3
5036619690209 27.3 18.5  0.319900-99.9-99.9-99.9-99.9 0.5  422.7 79 19.5   1  0.8 8.3 2.1
5036619690210 32.0 20.1  0.009900-99.9-99.9-99.9-99.9 9.4 7228.0 76 23.0   4  3.223.6 5.1
5036619690211 34.7 23.3 19.919900-99.9-99.9-99.9-99.9 6.8 5228.1 76 23.0   3  2.419.1 4.8
5036619690212 23.3 15.1  1.019900-99.9-99.9-99.9-99.9 0.0  016.8 81 14.8   3  2.4 7.3 2.0
5036619690213 22.7 18.0  0.009900-99.9-99.9-99.9-99.9 0.0  020.9 86 18.2   4  3.2 7.3 1.8
5036619690214 33.4 18.7  0.009900-99.9-99.9-99.9-99.910.2 7926.6 73 22.1   7  5.624.8 5.5
5036619690215 35.3 22.7  0.009900-99.9-99.9-99.9-99.9 9.0 6928.8 68 23.4   2  1.622.7 5.3
5036619690216 32.1 20.9 82.619900-99.9-99.9-99.9-99.9 3.6 2827.9 80 22.9   9  7.213.4 3.6
5036619690217 20.9 14.9  0.119900-99.9-99.9-99.9-99.9 0.0  014.4 75 12.4   6  4.8 7.2 2.2
5036619690218 20.7 14.6  0.009900-99.9-99.9-99.9-99.9 0.0  013.8 68 11.8   0  0.0 7.2 1.9
5036619690219 26.3 15.2  0.009900-99.9-99.9-99.9-99.9 6.0 4714.7 61 12.7   1  0.817.4 3.4
5036619690220 26.6 14.4  0.009900-99.9-99.9-99.9-99.9 9.9 7716.6 69 14.6   1  0.823.9 4.2
5036619690221 31.1 15.3  0.009900-99.9-99.9-99.9-99.911.3 8820.2 68 17.7   0  0.026.2 4.8
5036619690222 33.5 18.7  0.009900-99.9-99.9-99.9-99.911.4 8923.2 66 19.9   1  0.826.3 5.3
5036619690223 34.3 19.5  0.009900-99.9-99.9-99.9-99.9 8.9 7024.9 63 21.0   0  0.022.1 4.7
5036619690224 34.4 22.2  0.009900-99.9-99.9-99.9-99.910.2 8027.4 66 22.6   6  4.824.2 5.7
5036619690225 34.6 20.1 37.519900-99.9-99.9-99.9-99.9 6.4 5024.9 74 21.0  10  8.017.7 4.8
5036619690226 22.2 17.9  0.219900-99.9-99.9-99.9-99.9 0.0  021.0 87 18.3   2  1.6 7.0 1.6
5036619690227 26.7 19.4  0.009900-99.9-99.9-99.9-99.9 0.1  122.5 80 19.4   0  0.0 7.1 1.9
5036619690228 31.1 20.6  0.009900-99.9-99.9-99.9-99.9 4.9 3925.9 78 21.7   2  1.615.1 3.4
5036619690301 33.3 21.4  8.019900-99.9-99.9-99.9-99.9 8.3 6627.2 72 22.5   2  1.620.7 4.6
5036619690302 32.2 22.0  2.719900-99.9-99.9-99.9-99.9 5.8 4629.2 81 23.6   6  4.816.4 4.0
5036619690303 32.0 21.8  0.009900-99.9-99.9-99.9-99.9 4.3 3428.3 76 23.1   2  1.613.9 3.3
5036619690304 33.6 21.2  9.019900-99.9-99.9-99.9-99.9 4.3 3427.4 78 22.6   8  6.413.9 3.8
5036619690305 32.8 21.5  0.009900-99.9-99.9-99.9-99.9 4.9 3927.5 74 22.7   4  3.214.8 3.6
5036619690306 34.2 22.5  0.009900-99.9-99.9-99.9-99.9 9.1 7326.9 69 22.3   4  3.221.6 5.0
5036619690307 34.0 23.2  0.009900-99.9-99.9-99.9-99.9 6.7 5429.8 76 24.0   2  1.617.6 4.2
5036619690308 32.7 23.4 25.519900-99.9-99.9-99.9-99.9 4.2 3429.3 76 23.7   1  0.813.5 3.3
5036619690309 29.9 22.9  8.619900-99.9-99.9-99.9-99.9 3.4 2726.0 77 21.7   4  3.212.1 3.1
5036619690310 28.1 20.1  6.919900-99.9-99.9-99.9-99.9 1.7 1422.9 79 19.7   8  6.4 9.3 2.7
5036619690311 32.3 22.2  0.009900-99.9-99.9-99.9-99.9 7.2 5826.0 75 21.7   3  2.418.2 4.2
5036619690312 34.6 21.1  0.009900-99.9-99.9-99.9-99.9 9.8 8026.3 70 21.9   3  2.422.3 4.9
5036619690313 33.2 21.1  0.009900-99.9-99.9-99.9-99.9 5.2 4227.3 71 22.5   2  1.614.8 3.5
5036619690314 29.2 22.8 11.719900-99.9-99.9-99.9-99.9 0.0  024.3 78 20.6   6  4.8 6.4 2.4
5036619690315 23.0 19.3  1.219900-99.9-99.9-99.9-99.9 9.0 7422.5 91 19.4   2  1.620.7 3.6
5036619690316 25.8 19.4 19.819900-99.9-99.9-99.9-99.9 0.0  023.9 86 20.4   2  1.6 6.3 1.6
5036619690317 22.6 15.1  0.219900-99.9-99.9-99.9-99.9 0.0  014.9 71 12.9   1  0.8 6.3 1.8
5036619690318 22.0 16.0  0.009900-99.9-99.9-99.9-99.9 0.0  013.8 65 11.8   1  0.8 6.3 1.9
5036619690319 23.8 15.7  0.009900-99.9-99.9-99.9-99.9 0.4  314.8 67 12.8   2  1.6 6.9 2.0
5036619690320 26.8 11.8  0.009900-99.9-99.9-99.9-99.9 4.9 4114.1 63 12.1   0  0.013.9 2.5
5036619690321 27.7 12.1  0.009900-99.9-99.9-99.9-99.9 5.1 4216.8 70 14.8   0  0.014.1 2.5
5036619690322 30.8 13.6  0.009900-99.9-99.9-99.9-99.9 5.0 4218.9 66 16.6   1  0.813.9 2.8
5036619690323 29.8 16.0  0.009900-99.9-99.9-99.9-99.9 6.6 5521.8 72 18.9   1  0.816.3 3.1
5036619690324 31.0 18.9  0.009900-99.9-99.9-99.9-99.9 3.5 2924.6 71 20.8   3  2.411.4 2.7
5036619690325 27.4 18.9  0.219900-99.9-99.9-99.9-99.9 1.1  917.8 70 15.7   4  3.2 7.7 2.4
5036619690326 20.9 15.7  2.119900-99.9-99.9-99.9-99.9 0.0  016.9 91 14.9   6  4.8 6.0 1.7
5036619690327 21.3 15.5  0.009900-99.9-99.9-99.9-99.9 0.0  015.5 77 13.5   0  0.0 5.9 1.5
5036619690328 20.5 14.6  0.009900-99.9-99.9-99.9-99.9 0.0  015.1 77 13.1   1  0.8 5.9 1.5
5036619690329 25.6 15.6  0.009900-99.9-99.9-99.9-99.9 5.9 5015.1 70 13.1   3  2.414.8 2.9
5036619690330 28.0 12.5  0.009900-99.9-99.9-99.9-99.9 7.2 6115.6 67 13.6   5  4.016.6 3.1
5036619690331 27.8 13.4 10.119900-99.9-99.9-99.9-99.9 5.7 4817.1 74 15.0   7  5.614.3 3.0
5036619690401 17.6 12.7  0.009900-99.9-99.9-99.9-99.9 0.0  012.3 69 10.0   4  3.2 5.7 1.6
5036619690402 20.6 13.8  0.009900-99.9-99.9-99.9-99.9 0.0  013.7 70 11.6   4  3.2 5.7 1.7
5036619690403 20.8 14.3  0.009900-99.9-99.9-99.9-99.9 0.0  013.1 69 11.0   1  0.8 5.7 1.6
5036619690404 25.3  8.9  0.009900-99.9-99.9-99.9-99.9 7.4 6314.1 72 12.1   0  0.016.5 2.4
5036619690405 27.1 11.3  0.009900-99.9-99.9-99.9-99.9 6.9 5916.2 68 14.2   4  3.215.7 2.7
5036619690406 27.5 15.5  0.009900-99.9-99.9-99.9-99.9 0.9  818.1 71 15.9   1  0.8 6.9 1.8
5036619690407 28.8 18.0  0.009900-99.9-99.9-99.9-99.9 3.1 2717.6 68 15.5   4  3.210.0 2.6
5036619690408 29.0 14.1  0.009900-99.9-99.9-99.9-99.9 9.8 8518.5 71 16.3   0  0.019.6 3.1
5036619690409 31.1 15.4  0.009900-99.9-99.9-99.9-99.9 9.8 8519.8 68 17.3   5  4.019.5 3.6
5036619690410 30.1 17.8  0.009900-99.9-99.9-99.9-99.910.4 9020.1 67 17.6   1  0.820.2 3.5
5036619690411 30.6 18.6 33.219900-99.9-99.9-99.9-99.9 5.9 5122.8 74 19.6   9  7.213.7 3.3
5036619690412 27.1 18.4  0.009900-99.9-99.9-99.9-99.9 4.1 3622.8 84 19.6   2  1.611.1 2.2
5036619690413 29.0 17.1  0.009900-99.9-99.9-99.9-99.9 7.1 6221.5 75 18.7   4  3.215.3 2.9
5036619690414 28.3 18.9  0.009900-99.9-99.9-99.9-99.9 1.8 1624.2 81 20.6   0  0.0 7.8 1.7
5036619690415 32.1 20.3  0.009900-99.9-99.9-99.9-99.9 6.8 6026.2 79 21.9   6  4.814.7 3.3
5036619690416 32.6 22.4  0.009900-99.9-99.9-99.9-99.9 5.1 4527.5 75 22.7   4  3.212.2 3.0
5036619690417 33.1 21.1  0.009900-99.9-99.9-99.9-99.9 0.7  621.7 64 18.8   1  0.8 6.1 2.1
5036619690418 28.6 18.9  0.009900-99.9-99.9-99.9-99.9 3.5 3122.4 73 19.3   4  3.2 9.9 2.3
5036619690419 30.5 21.1 84.519900-99.9-99.9-99.9-99.9 5.0 4424.7 75 20.9   4  3.211.9 2.7
5036619690420 24.3 12.7  2.019900-99.9-99.9-99.9-99.9 0.0  013.4 73 11.3   2  1.6 5.0 1.7
5036619690421 21.0 12.4  0.009900-99.9-99.9-99.9-99.9 1.7 1514.0 71 12.0   0  0.0 7.3 1.4
5036619690422 27.0 12.1  0.009900-99.9-99.9-99.9-99.9 9.7 8615.9 72 13.9   1  0.818.0 2.5
5036619690423 28.1 13.7  0.009900-99.9-99.9-99.9-99.910.0 8916.4 67 14.4   3  2.418.3 2.8
5036619690424 29.8 14.0  0.009900-99.9-99.9-99.9-99.910.1 9018.4 70 16.2   3  2.418.3 2.9
5036619690425 29.9 17.4  0.009900-99.9-99.9-99.9-99.9 7.6 6819.4 68 17.0   0  0.014.9 2.5
5036619690426 29.5 16.0  7.719900-99.9-99.9-99.9-99.9 7.7 6920.8 72 18.1   1  0.814.9 2.5
5036619690427 26.1 15.4  0.009900-99.9-99.9-99.9-99.9 6.8 6115.3 70 13.3   1  0.813.7 2.2
5036619690428 27.7 12.4  0.009900-99.9-99.9-99.9-99.910.1 9115.1 65 13.1   4  3.217.9 2.6
5036619690429 26.7 12.5  0.009900-99.9-99.9-99.9-99.9 9.7 8716.5 70 14.5   1  0.817.3 2.3
5036619690430 29.6 11.9  0.009900-99.9-99.9-99.9-99.9 6.4 5816.3 64 14.3   1  0.812.9 2.1
5036619690501 26.2 13.5  0.009900-99.9-99.9-99.9-99.9 1.2 1118.9 74 16.6   5  4.0 6.2 1.5
5036619690502 22.0 11.0 40.219900-99.9-99.9-99.9-99.9 0.0  015.3 91 13.3   6  4.8 4.6 1.3
5036619690503 16.5  8.7  0.009900-99.9-99.9-99.9-99.9 5.5 50 8.6 67  4.8   3  2.411.6 1.7
5036619690504 20.6  4.8  0.009900-99.9-99.9-99.9-99.9 9.3 85 9.3 67  5.9   0  0.016.3 1.5
5036619690505 25.3  6.4  0.009900-99.9-99.9-99.9-99.9 9.2 8411.0 62  8.4   1  0.816.1 1.8
5036619690506 25.3  8.6  0.009900-99.9-99.9-99.9-99.9 7.7 7013.0 65 10.9   0  0.014.1 1.7
5036619690507 27.1 10.7  0.009900-99.9-99.9-99.9-99.9 8.3 7615.1 67 13.1   0  0.014.8 1.9
5036619690508 27.2 12.3  0.009900-99.9-99.9-99.9-99.9 7.2 6616.7 71 14.7   3  2.413.3 2.0
5036619690509 26.7 12.9  0.009900-99.9-99.9-99.9-99.9 8.1 7417.5 74 15.4   3  2.414.4 2.1
5036619690510 28.2 14.0  0.009900-99.9-99.9-99.9-99.9 7.7 7117.4 70 15.3   5  4.013.8 2.3
5036619690511 30.7 14.1  0.009900-99.9-99.9-99.9-99.9 7.3 6716.7 61 14.7   4  3.213.2 2.4
5036619690512 22.7 15.4  0.009900-99.9-99.9-99.9-99.9 0.0  011.3 60  8.8   1  0.8 4.3 1.6
5036619690513 21.6 14.4  0.009900-99.9-99.9-99.9-99.9 0.0  012.9 67 10.7   1  0.8 4.3 1.4
5036619690514 23.4 14.4  0.009900-99.9-99.9-99.9-99.9 2.1 1917.0 77 15.0   1  0.8 6.8 1.3
5036619690515 26.6 15.6  0.009900-99.9-99.9-99.9-99.9 0.0  019.6 78 17.2   2  1.6 4.2 1.3
5036619690516 31.4 15.9  0.009900-99.9-99.9-99.9-99.9 6.1 5717.4 73 15.3   3  2.411.5 2.2
5036619690517 30.4 15.5  0.009900-99.9-99.9-99.9-99.9 5.3 4920.1 73 17.6   0  0.010.5 1.8
5036619690518 29.9 17.1  0.009900-99.9-99.9-99.9-99.9 8.2 7720.3 71 17.7   2  1.613.8 2.2
5036619690519 28.9 18.3  0.419900-99.9-99.9-99.9-99.9 8.1 7620.2 70 17.7   1  0.813.7 2.1
5036619690520 23.1 17.8  8.119900-99.9-99.9-99.9-99.9 0.0  020.2 94 17.7   4  3.2 4.1 1.2
5036619690521 17.8 15.2 10.619900-99.9-99.9-99.9-99.9 0.0  017.0 94 15.0   2  1.6 4.1 0.9
5036619690522 15.7 13.9  9.019900-99.9-99.9-99.9-99.9 0.0  015.9 95 13.9   3  2.4 4.1 0.7
5036619690523 18.2 14.2  4.619900-99.9-99.9-99.9-99.9 0.0  016.7 90 14.7   4  3.2 4.0 0.9
5036619690524 16.5 14.4 10.819900-99.9-99.9-99.9-99.9 0.0  016.7 95 14.7   1  0.8 4.0 0.7
5036619690525 17.7 14.7  0.119900-99.9-99.9-99.9-99.9 0.0  016.4 89 14.4   4  3.2 4.0 0.9
5036619690526 22.6 11.6  0.009900-99.9-99.9-99.9-99.9 6.1 5813.8 71 11.8   2  1.611.0 1.4
5036619690527 20.3 11.0  0.009900-99.9-99.9-99.9-99.9 1.8 1715.4 80 13.4   1  0.8 6.0 0.9
5036619690528 20.9 15.8  0.009900-99.9-99.9-99.9-99.9 0.1  117.2 83 15.1   0  0.0 4.0 1.0
5036619690529 21.9 13.2  0.119900-99.9-99.9-99.9-99.9 1.7 1615.4 82 13.4   4  3.2 5.8 1.3
5036619690530 26.2 10.4  0.419900-99.9-99.9-99.9-99.9 7.3 6914.5 70 12.5   2  1.612.1 1.5
5036619690531 17.3 12.4  6.119900-99.9-99.9-99.9-99.9 0.0  014.5 94 12.5   6  4.8 3.9 1.0
5036619690601 13.6 12.1  1.019900-99.9-99.9-99.9-99.9 0.0  013.6 93 11.5   1  0.8 3.9 0.7
5036619690602 17.0 12.1  0.009900-99.9-99.9-99.9-99.9 0.0  012.9 81 10.7   1  0.8 3.9 0.9
5036619690603 21.3  9.9  0.009900-99.9-99.9-99.9-99.9 3.5 3312.1 71  9.8   2  1.6 7.7 1.2
5036619690604 19.7 12.5  0.009900-99.9-99.9-99.9-99.9 3.2 3012.9 75 10.7   6  4.8 7.4 1.5
5036619690605 20.6  9.9  0.009900-99.9-99.9-99.9-99.9-9.9 9912.4 69 10.1   1  0.8-9.9-9.9
5036619690606 24.1  8.9  0.009900-99.9-99.9-99.9-99.9-9.9 9912.6 70 10.4   2  1.6-9.9-9.9
5036619690607 23.0 10.1  0.009900-99.9-99.9-99.9-99.9 4.9 4713.8 74 11.8   6  4.8 9.2 1.5
5036619690608 20.8 10.9  0.009900-99.9-99.9-99.9-99.9-9.9 9915.1 80 13.1   1  0.8-9.9-9.9
5036619690609 23.7 11.7  0.009900-99.9-99.9-99.9-99.9-9.9 9916.4 81 14.4   0  0.0-9.9-9.9
5036619690610 26.3 11.4  0.009900-99.9-99.9-99.9-99.9-9.9 9916.4 75 14.4   1  0.8-9.9-9.9
5036619690611 24.9 12.3  0.119900-99.9-99.9-99.9-99.9-9.9 9918.0 77 15.8   8  6.4-9.9-9.9
5036619690612 21.1 11.5  2.319900-99.9-99.9-99.9-99.9 0.0  013.4 77 11.3   2  1.6 3.7 1.1
5036619690613 12.8  9.1  4.619900-99.9-99.9-99.9-99.9 0.0  011.8 90  9.4   4  3.2 3.7 0.7
5036619690614 19.5  3.4  0.009900-99.9-99.9-99.9-99.9-9.9 9910.0 71  7.0   2  1.6-9.9-9.9
5036619690615 14.6  4.9  0.009900-99.9-99.9-99.9-99.9 2.2 21 8.9 72  5.3   1  0.8 6.1 0.8
5036619690616 18.6  3.9  0.009900-99.9-99.9-99.9-99.9-9.9 99 9.4 74  6.1   2  1.6-9.9-9.9
5036619690617 11.7  5.9  0.009900-99.9-99.9-99.9-99.9 0.0  0 7.0 60  1.9   6  4.8 3.7 1.3
5036619690618 16.4  2.0  0.009900-99.9-99.9-99.9-99.9-9.9 99 6.5 61  0.9   2  1.6-9.9-9.9
5036619690619 16.6  4.4  0.009900-99.9-99.9-99.9-99.9-9.9 99 7.8 68  3.4   1  0.8-9.9-9.9
5036619690620 17.2  1.3  0.009900-99.9-99.9-99.9-99.9-9.9 99 7.1 66  2.1   0  0.0-9.9-9.9
5036619690621 19.2  1.5  0.009900-99.9-99.9-99.9-99.9-9.9 99 6.9 61  1.7   1  0.8-9.9-9.9
5036619690622 18.6  5.7  0.009900-99.9-99.9-99.9-99.9 0.3  3 8.6 68  4.8   1  0.8 4.0 1.1
5036619690623 21.3  5.0  0.009900-99.9-99.9-99.9-99.9-9.9 9910.3 70  7.4   0  0.0-9.9-9.9
5036619690624 22.4  9.3  0.009900-99.9-99.9-99.9-99.9-9.9 9913.0 73 10.9   1  0.8-9.9-9.9
5036619690625 23.7 10.5  0.009900-99.9-99.9-99.9-99.9-9.9 9914.7 73 12.7   1  0.8-9.9-9.9
5036619690626 19.0 11.2  7.319900-99.9-99.9-99.9-99.9 0.0  011.8 78  9.4   6  4.8 3.7 1.4
5036619690627 11.2  8.0  4.519900-99.9-99.9-99.9-99.9 0.0  010.1 87  7.1   4  3.2 3.7 0.8
5036619690628 18.0  5.2  0.009900-99.9-99.9-99.9-99.9 2.6 25 8.6 73  4.8   4  3.2 6.6 1.2
5036619690629 18.6  3.5  0.009900-99.9-99.9-99.9-99.9 5.5 53 8.8 66  5.1   1  0.8 9.7 1.0
5036619690630 17.0  8.7  0.009900-99.9-99.9-99.9-99.9 2.9 28 7.9 58  3.6   2  1.6 6.9 1.3
5036619690701 20.4  4.0  0.009900-99.9-99.9-99.9-99.9-9.9 99 9.1 69  5.6   1  0.8-9.9-9.9
5036619690702 22.6  4.6  0.009900-99.9-99.9-99.9-99.9-9.9 99 9.0 63  5.4   6  4.8-9.9-9.9
5036619690703 21.5  7.4  0.009900-99.9-99.9-99.9-99.9-9.9 9910.7 69  8.0   1  0.8-9.9-9.9
5036619690704 25.4  8.3  0.009900-99.9-99.9-99.9-99.9-9.9 9911.7 69  9.3   2  1.6-9.9-9.9
5036619690705 16.5  9.7  0.419900-99.9-99.9-99.9-99.9-9.9 9911.8 83  9.4   4  3.2-9.9-9.9
5036619690706 12.2  9.0  0.009900-99.9-99.9-99.9-99.9-9.9 99 7.9 67  3.6   3  2.4-9.9-9.9
5036619690707 10.3  6.5  0.009900-99.9-99.9-99.9-99.9-9.9 99 5.6 54 -1.2   4  3.2-9.9-9.9
5036619690708  8.6  5.1  0.119900-99.9-99.9-99.9-99.9-9.9 99 6.7 69  1.3   4  3.2-9.9-9.9
5036619690709 11.0  3.9  0.009900-99.9-99.9-99.9-99.9-9.9 99 5.8 63 -0.7   2  1.6-9.9-9.9
5036619690710 15.1 -1.7  0.009900-99.9-99.9-99.9-99.9-9.9 99 5.2 60 -2.2   4  3.2-9.9-9.9
5036619690711 14.3 -1.1  0.009900-99.9-99.9-99.9-99.9-9.9 99 6.1 58  0.0   4  3.2-9.9-9.9
5036619690712 19.9  0.9  0.009900-99.9-99.9-99.9-99.9-9.9 99 6.4 58  0.6   2  1.6-9.9-9.9
5036619690713 23.8  1.3  0.009900-99.9-99.9-99.9-99.9-9.9 99 7.0 54  1.9   2  1.6-9.9-9.9
5036619690714 24.7  3.9  0.009900-99.9-99.9-99.9-99.9-9.9 99 8.0 57  3.8   1  0.8-9.9-9.9
5036619690715 25.2  5.5  0.009900-99.9-99.9-99.9-99.9-9.9 99 9.4 59  6.1   2  1.6-9.9-9.9
5036619690716 26.6  8.2  0.009900-99.9-99.9-99.9-99.9-9.9 9912.4 63 10.1   1  0.8-9.9-9.9
5036619690717 30.6 10.3  0.009900-99.9-99.9-99.9-99.9-9.9 9913.4 64 11.3   0  0.0-9.9-9.9
5036619690718 22.2 12.0  0.009900-99.9-99.9-99.9-99.9-9.9 99 9.6 53  6.4   4  3.2-9.9-9.9
5036619690719 22.8  7.4  0.009900-99.9-99.9-99.9-99.9-9.9 99 9.3 58  5.9   2  1.6-9.9-9.9
5036619690720 23.9  6.7  0.009900-99.9-99.9-99.9-99.9-9.9 99 9.7 61  6.5   2  1.6-9.9-9.9
5036619690721 25.2  7.6  0.009900-99.9-99.9-99.9-99.9-9.9 9910.6 60  7.8   4  3.2-9.9-9.9
5036619690722 18.3 13.4  0.009900-99.9-99.9-99.9-99.9-9.9 9910.1 58  7.1   1  0.8-9.9-9.9
5036619690723 25.3  8.4  0.009900-99.9-99.9-99.9-99.9-9.9 9910.1 58  7.1   0  0.0-9.9-9.9
5036619690724 26.0  8.0  0.009900-99.9-99.9-99.9-99.9-9.9 9912.4 65 10.1   2  1.6-9.9-9.9
5036619690725 27.6 12.5  0.009900-99.9-99.9-99.9-99.9-9.9 9911.1 54  8.5   4  3.2-9.9-9.9
5036619690726 25.1  8.4  0.009900-99.9-99.9-99.9-99.9-9.9 9911.5 63  9.0   2  1.6-9.9-9.9
5036619690727 27.2  9.0  0.009900-99.9-99.9-99.9-99.9-9.9 9913.0 64 10.9   3  2.4-9.9-9.9
5036619690728 30.2 12.1  0.009900-99.9-99.9-99.9-99.9-9.9 9915.4 65 13.4   1  0.8-9.9-9.9
5036619690729 31.1 13.3  0.009900-99.9-99.9-99.9-99.9-9.9 9916.4 64 14.4   1  0.8-9.9-9.9
5036619690730 26.6 14.0  2.419900-99.9-99.9-99.9-99.9-9.9 9913.6 61 11.5  14 11.2-9.9-9.9
5036619690731 15.3  7.6  0.009900-99.9-99.9-99.9-99.9-9.9 99 8.1 69  3.9   4  3.2-9.9-9.9
5036619690801 18.4  2.0  0.009900-99.9-99.9-99.9-99.9-9.9 99 5.3 48 -1.9   4  3.2-9.9-9.9
5036619690802 17.3  2.0  0.009900-99.9-99.9-99.9-99.9-9.9 99 6.0 46 -0.2  10  8.0-9.9-9.9
5036619690803 22.1  3.3  0.009900-99.9-99.9-99.9-99.9-9.9 99 7.2 55  2.3   1  0.8-9.9-9.9
5036619690804 23.2  5.0  0.009900-99.9-99.9-99.9-99.9-9.9 99 7.6 52  3.0   4  3.2-9.9-9.9
5036619690805 19.7  6.0  0.009900-99.9-99.9-99.9-99.9-9.9 99 6.8 48  1.5   5  4.0-9.9-9.9
5036619690806 19.0  7.8  0.009900-99.9-99.9-99.9-99.9-9.9 99 6.2 46  0.2   4  3.2-9.9-9.9
5036619690807 20.3  4.6  0.009900-99.9-99.9-99.9-99.9-9.9 99 7.1 49  2.1   4  3.2-9.9-9.9
5036619690808 23.6  4.0  0.009900-99.9-99.9-99.9-99.9-9.9 99 7.6 50  3.0   2  1.6-9.9-9.9
5036619690809 25.0  5.2  0.009900-99.9-99.9-99.9-99.9-9.9 99 8.5 54  4.6   6  4.8-9.9-9.9
5036619690810 22.7  8.2  0.009900-99.9-99.9-99.9-99.9-9.9 99 9.0 53  5.4   6  4.8-9.9-9.9
5036619690811 21.3 11.3  0.009900-99.9-99.9-99.9-99.9-9.9 99 8.2 49  4.1   0  0.0-9.9-9.9
5036619690812 26.4  6.4  0.009900-99.9-99.9-99.9-99.9-9.9 99 7.5 45  2.9   2  1.6-9.9-9.9
5036619690813 32.1  7.8  0.009900-99.9-99.9-99.9-99.9-9.9 99 9.6 48  6.4   2  1.6-9.9-9.9
5036619690814 23.5  9.3  0.009900-99.9-99.9-99.9-99.9-9.9 99 7.9 43  3.6   6  4.8-9.9-9.9
5036619690815 23.6  8.0  0.009900-99.9-99.9-99.9-99.9-9.9 99 6.7 45  1.3   4  3.2-9.9-9.9
5036619690816 27.0  5.4  0.009900-99.9-99.9-99.9-99.9-9.9 99 7.7 42  3.2   6  4.8-9.9-9.9
5036619690817 23.2  5.9  0.009900-99.9-99.9-99.9-99.9-9.9 99 7.7 51  3.2   1  0.8-9.9-9.9
5036619690818 25.3  7.3  0.009900-99.9-99.9-99.9-99.9-9.9 99 8.8 48  5.1   9  7.2-9.9-9.9
5036619690819 19.3 12.3  0.009900-99.9-99.9-99.9-99.9-9.9 99 4.8 29 -3.3   6  4.8-9.9-9.9
5036619690820 17.8  8.6  0.009900-99.9-99.9-99.9-99.9-9.9 99 6.4 47  0.6   4  3.2-9.9-9.9
5036619690821 19.3  3.2  0.009900-99.9-99.9-99.9-99.9-9.9 99 6.2 48  0.2   3  2.4-9.9-9.9
5036619690822 21.7  4.9  0.009900-99.9-99.9-99.9-99.9-9.9 99 7.3 44  2.5   4  3.2-9.9-9.9
5036619690823 19.0  8.9  0.009900-99.9-99.9-99.9-99.9-9.9 99 7.5 46  2.9   6  4.8-9.9-9.9
5036619690824 13.5  7.8  0.009900-99.9-99.9-99.9-99.9-9.9 99 8.9 73  5.3   0  0.0-9.9-9.9
5036619690825 18.9  5.5  0.009900-99.9-99.9-99.9-99.9-9.9 99 8.7 61  5.0   2  1.6-9.9-9.9
5036619690826 17.8  8.1  0.009900-99.9-99.9-99.9-99.9-9.9 99 9.5 59  6.2   4  3.2-9.9-9.9
5036619690827 20.5 11.9  0.009900-99.9-99.9-99.9-99.9-9.9 99 9.7 56  6.5   2  1.6-9.9-9.9
5036619690828 21.9  3.5  0.009900-99.9-99.9-99.9-99.9-9.9 99 8.4 56  4.5   3  2.4-9.9-9.9
5036619690829 24.3  3.9  0.009900-99.9-99.9-99.9-99.9-9.9 99 8.4 51  4.5   3  2.4-9.9-9.9
5036619690830 25.4  6.9  0.009900-99.9-99.9-99.9-99.9-9.9 99 9.5 49  6.2   4  3.2-9.9-9.9
5036619690831 28.1  8.0  0.009900-99.9-99.9-99.9-99.9-9.9 9910.4 52  7.5   3  2.4-9.9-9.9
5036619690901 28.6 11.5  0.009900-99.9-99.9-99.9-99.9 1.5 1312.2 53  9.9   0  0.0 7.4 1.9
5036619690902 34.0 14.2  0.009900-99.9-99.9-99.9-99.9 4.5 3911.1 40  8.5   4  3.211.7 3.1
5036619690903 25.1 13.6  0.009900-99.9-99.9-99.9-99.9 6.2 54 9.4 44  6.1   4  3.214.2 2.9
5036619690904 26.9  7.6  0.009900-99.9-99.9-99.9-99.9 6.7 58 8.3 40  4.3   3  2.415.0 2.6
5036619690905 24.6  8.6  0.009900-99.9-99.9-99.9-99.9 9.8 84 9.3 47  5.9   2  1.619.5 2.7
5036619690906 29.7  9.5  0.009900-99.9-99.9-99.9-99.9 8.2 70 8.6 40  4.8   9  7.217.3 3.8
5036619690907 18.9 11.1  0.009900-99.9-99.9-99.9-99.9 0.0  0 4.9 30 -3.0   6  4.8 5.5 2.8
5036619690908 24.9  4.4  0.009900-99.9-99.9-99.9-99.9 7.0 60 5.4 28 -1.7   7  5.615.7 3.1
5036619690909 28.7  6.3  0.009900-99.9-99.9-99.9-99.9 7.3 62 7.4 34  2.7   6  4.816.2 3.2
5036619690910 27.8  8.7  0.009900-99.9-99.9-99.9-99.9 4.4 37 8.4 43  4.5   1  0.812.1 2.4
5036619690911 30.8  8.3  0.009900-99.9-99.9-99.9-99.9 7.1 60 9.5 41  6.2   2  1.616.1 2.9
5036619690912 31.2 10.1  0.009900-99.9-99.9-99.9-99.9 5.4 4610.9 48  8.2   0  0.013.7 2.6
5036619690913 30.7 10.9  0.009900-99.9-99.9-99.9-99.9 5.2 4411.5 45  9.0   4  3.213.5 3.0
5036619690914 32.6 13.9  0.009900-99.9-99.9-99.9-99.9 7.7 6514.0 48 12.0   1  0.817.3 3.2
5036619690915 34.3 16.5  0.009900-99.9-99.9-99.9-99.9 6.5 5516.5 50 14.5   3  2.415.6 3.5
5036619690916 34.9 17.0  0.009900-99.9-99.9-99.9-99.9 4.9 4118.4 55 16.2   3  2.413.2 3.3
5036619690917 27.0 17.3  0.009900-99.9-99.9-99.9-99.9 0.0  010.2 41  7.3   8  6.4 5.9 3.4
5036619690918 21.7 10.0  0.009900-99.9-99.9-99.9-99.9 3.5 29 6.7 37  1.3   3  2.411.2 2.6
5036619690919 25.1  5.4  0.009900-99.9-99.9-99.9-99.9 5.5 46 6.4 34  0.6   1  0.814.3 2.5
5036619690920 29.0  7.7  0.009900-99.9-99.9-99.9-99.9 4.5 37 8.4 35  4.5   1  0.812.9 2.6
5036619690921 30.9  9.4  0.009900-99.9-99.9-99.9-99.9 3.4 28 8.8 38  5.1   4  3.211.3 3.1
5036619690922 30.0 11.4  0.009900-99.9-99.9-99.9-99.9 4.2 3510.6 44  7.8   3  2.412.5 3.0
5036619690923 34.0 14.7  0.009900-99.9-99.9-99.9-99.9 4.1 3411.3 38  8.8   6  4.812.5 3.8
5036619690924 32.2 14.5  0.009900-99.9-99.9-99.9-99.9 4.8 4012.8 42 10.6   2  1.613.6 3.2
5036619690925 32.5 14.4  0.819900-99.9-99.9-99.9-99.9 4.8 3915.2 55 13.2   3  2.413.7 3.2
5036619690926 25.5 18.4  0.009900-99.9-99.9-99.9-99.9 0.0  018.7 80 16.4   5  4.0 6.2 2.1
5036619690927 20.0 13.9 10.219900-99.9-99.9-99.9-99.9 0.0  017.6 93 15.5   6  4.8 6.3 1.4
5036619690928 15.5 12.2  1.119900-99.9-99.9-99.9-99.9 0.0  014.4 89 12.4   2  1.6 6.3 1.2
5036619690929 20.2 13.0  1.719900-99.9-99.9-99.9-99.9 1.5 1213.9 80 11.9   2  1.6 8.7 1.9
5036619690930 26.0 13.7  0.009900-99.9-99.9-99.9-99.9 6.7 5512.0 51  9.7   6  4.817.0 3.6
5036619691001 28.6 10.2  0.009900-99.9-99.9-99.9-99.9 8.9 7213.8 57 11.8   3  2.420.5 3.6
5036619691002 29.6 13.4  8.919900-99.9-99.9-99.9-99.9 4.4 3613.0 59 10.9  10  8.013.5 3.9
5036619691003 25.0 13.9  0.009900-99.9-99.9-99.9-99.9 6.9 5611.7 55  9.3   6  4.817.5 3.7
5036619691004 31.6  9.4  0.009900-99.9-99.9-99.9-99.910.8 8713.0 48 10.9   6  4.823.8 4.4
5036619691005 24.7 14.9  0.009900-99.9-99.9-99.9-99.9 0.8  6 9.4 45  6.1  11  8.8 7.8 3.7
5036619691006 22.0 14.1  0.009900-99.9-99.9-99.9-99.9 0.8  6 7.7 41  3.2   8  6.4 7.9 3.3
5036619691007 26.2  6.0  0.009900-99.9-99.9-99.9-99.9 9.9 79 8.6 41  4.8   3  2.422.6 3.6
5036619691008 30.6 10.8  0.009900-99.9-99.9-99.9-99.9 7.9 63 9.9 39  6.8   1  0.819.5 3.5
5036619691009 27.0 12.1  0.009900-99.9-99.9-99.9-99.9 3.6 29 9.6 36  6.4   4  3.212.5 3.2
5036619691010 29.1 12.0  0.009900-99.9-99.9-99.9-99.9 6.7 5313.0 46 10.9   6  4.817.6 3.8
5036619691011 33.5 18.1  0.009900-99.9-99.9-99.9-99.9 7.5 6017.0 48 15.0   2  1.619.0 4.2
5036619691012 36.0 19.9  5.019900-99.9-99.9-99.9-99.9 7.7 6121.6 53 18.7   0  0.019.4 4.3
5036619691013 28.3 15.7  7.919900-99.9-99.9-99.9-99.9 0.0  017.7 87 15.6   6  4.8 6.8 2.4
5036619691014 17.2 11.8  0.009900-99.9-99.9-99.9-99.9 0.0  012.1 69  9.8   4  3.2 6.8 1.8
5036619691015 16.7 13.9  0.009900-99.9-99.9-99.9-99.9 0.0  010.4 61  7.5   1  0.8 6.9 1.9
5036619691016 21.3 12.6  0.009900-99.9-99.9-99.9-99.9 0.4  311.1 56  8.5   0  0.0 7.6 2.0
5036619691017 25.3 14.4  0.009900-99.9-99.9-99.9-99.9 8.3 65 9.2 41  5.8  11  8.820.7 5.0
5036619691018 27.2 10.9  0.009900-99.9-99.9-99.9-99.9 8.3 6512.1 50  9.8   0  0.020.8 3.5
5036619691019 31.1 11.5  0.009900-99.9-99.9-99.9-99.911.3 8811.6 40  9.2   1  0.825.9 4.4
5036619691020 29.2 13.4  2.119900-99.9-99.9-99.9-99.9 3.4 2711.5 37  9.0   7  5.612.7 3.8
5036619691021 26.7 15.4  1.719900-99.9-99.9-99.9-99.9 0.0  016.7 90 14.7   1  0.8 7.0 2.1
5036619691022 26.2 15.2  0.119900-99.9-99.9-99.9-99.9 5.3 4114.4 64 12.4   1  0.816.0 3.2
5036619691023 26.6 14.9  0.009900-99.9-99.9-99.9-99.9 2.7 2113.4 54 11.3   0  0.011.6 2.7
5036619691024 33.1 15.2  0.009900-99.9-99.9-99.9-99.911.2 8715.2 50 13.2   1  0.826.0 4.8
5036619691025 35.8 14.4  0.009900-99.9-99.9-99.9-99.910.5 8116.5 45 14.5   4  3.224.9 5.2
5036619691026 38.8 18.8  0.009900-99.9-99.9-99.9-99.910.1 7814.7 32 12.7   4  3.224.3 5.6
5036619691027 31.6 22.2  0.009900-99.9-99.9-99.9-99.9 9.1 7017.8 49 15.7   7  5.622.6 5.5
5036619691028 26.7 20.4  0.009900-99.9-99.9-99.9-99.9 0.0  014.3 51 12.3   2  1.6 7.2 2.7
5036619691029 32.9 19.6  0.009900-99.9-99.9-99.9-99.910.2 7816.3 48 14.3   0  0.024.6 4.8
5036619691030 26.4 17.3  9.219900-99.9-99.9-99.9-99.9 1.6 1219.0 80 16.7   6  4.810.0 2.7
5036619691031 24.2 15.7  0.009900-99.9-99.9-99.9-99.9 1.8 1416.6 71 14.6   4  3.210.4 2.6
5036619691101 32.0 16.4 33.719900-99.9-99.9-99.9-99.9 9.4 7221.4 61 18.6   4  3.223.4 4.9
5036619691102 27.6 14.8  1.819900-99.9-99.9-99.9-99.9 0.9  716.0 80 14.0   4  3.2 8.9 2.6
5036619691103 28.7 14.0  0.009900-99.9-99.9-99.9-99.910.8 8220.2 69 17.7   3  2.425.9 4.7
5036619691104 35.5 18.3  0.009900-99.9-99.9-99.9-99.910.4 7919.4 49 17.0   3  2.425.3 5.5
5036619691105 30.5 21.2  2.719900-99.9-99.9-99.9-99.9 6.7 5120.8 60 18.1   7  5.618.9 4.8
5036619691106 25.2 17.1  0.009900-99.9-99.9-99.9-99.9 2.3 1716.4 64 14.4   1  0.811.4 2.7
5036619691107 30.1 17.3 13.319900-99.9-99.9-99.9-99.9 6.5 4917.9 57 15.8   4  3.218.7 4.2
5036619691108 25.1 14.9  0.009900-99.9-99.9-99.9-99.9 7.0 5312.4 51 10.1   4  3.219.6 4.0
5036619691109 28.9 13.2  0.009900-99.9-99.9-99.9-99.9 6.0 4513.9 50 11.9   6  4.817.9 4.1
5036619691110 31.7 14.9  0.009900-99.9-99.9-99.9-99.9 8.0 6015.6 46 13.6   6  4.821.4 4.8
5036619691111 31.4 15.3  0.009900-99.9-99.9-99.9-99.9 9.1 6815.9 48 13.9   6  4.823.3 5.1
5036619691112 33.9 20.6  0.219900-99.9-99.9-99.9-99.9 7.6 5719.1 49 16.8   6  4.820.7 5.3
5036619691113 34.7 22.4  0.009900-99.9-99.9-99.9-99.9 6.6 4921.8 54 18.9   6  4.819.0 5.2
5036619691114 33.4 21.7  0.009900-99.9-99.9-99.9-99.9 1.1  821.3 54 18.5   6  4.8 9.5 3.5
5036619691115 32.2 20.6  4.219900-99.9-99.9-99.9-99.9 3.8 2819.6 55 17.2  11  8.814.2 4.7
5036619691116 29.4 18.2 23.919900-99.9-99.9-99.9-99.9 1.5 1120.4 82 17.8  11  8.810.2 3.4
5036619691117 25.7 17.9  0.009900-99.9-99.9-99.9-99.9 0.8  617.3 63 15.2   3  2.4 9.0 2.6
5036619691118 25.3 17.9  4.019900-99.9-99.9-99.9-99.9 0.7  515.3 58 13.3   3  2.4 8.9 2.7
5036619691119 23.4 14.5  1.419900-99.9-99.9-99.9-99.9 1.7 1314.8 73 12.8   7  5.610.7 2.9
5036619691120 23.7 17.4  0.009900-99.9-99.9-99.9-99.9 0.8  615.7 61 13.7   6  4.8 9.1 2.8
5036619691121 29.3 16.3  0.009900-99.9-99.9-99.9-99.9 7.4 5517.2 59 15.1   1  0.820.6 4.2
5036619691122 32.3 18.6  0.009900-99.9-99.9-99.9-99.9 8.5 6317.4 54 15.3   6  4.822.6 5.4
5036619691123 29.3 18.8  0.009900-99.9-99.9-99.9-99.9 0.0  019.7 60 17.3   3  2.4 7.7 2.6
5036619691124 34.7 21.2  0.009900-99.9-99.9-99.9-99.9 4.1 3022.7 54 19.5   5  4.014.9 4.3
5036619691125 30.4 20.7  0.009900-99.9-99.9-99.9-99.9 2.3 1724.2 72 20.6   2  1.611.8 3.1
5036619691126 34.2 21.1  0.009900-99.9-99.9-99.9-99.9 7.8 5724.3 60 20.6   4  3.221.4 5.2
5036619691127 36.0 23.1  0.009900-99.9-99.9-99.9-99.9 3.8 2827.0 62 22.4   6  4.814.5 4.4
5036619691128 33.6 22.7  0.319900-99.9-99.9-99.9-99.9 3.1 2319.8 47 17.3   9  7.213.2 4.7
5036619691129 28.5 17.7  0.009900-99.9-99.9-99.9-99.9 0.0  015.2 63 13.2   4  3.2 7.8 2.9
5036619691130 29.4 16.2  0.009900-99.9-99.9-99.9-99.9 7.8 5714.9 48 12.9   1  0.821.5 4.4
5036619691201 34.6 17.0  0.009900-99.9-99.9-99.9-99.9 5.7 4215.8 42 13.8   2  1.617.8 4.3
5036619691202 37.2 18.7  0.009900-99.9-99.9-99.9-99.9 7.8 5714.3 35 12.3   6  4.821.5 5.7
5036619691203 37.1 21.3  0.009900-99.9-99.9-99.9-99.9 7.8 5716.2 38 14.2   9  7.221.6 6.3
5036619691204 36.8 21.6  0.009900-99.9-99.9-99.9-99.9 6.4 4715.0 33 13.0   7  5.619.1 5.7
5036619691205 37.5 21.9  8.219900-99.9-99.9-99.9-99.9 4.2 3115.9 34 13.9  14 11.215.3 6.4
5036619691206 29.3 18.9  1.619900-99.9-99.9-99.9-99.9 4.8 3521.2 75 18.4   6  4.816.3 4.0
5036619691207 31.6 20.3  0.009900-99.9-99.9-99.9-99.9 1.8 1321.0 64 18.3   3  2.411.1 3.3
5036619691208 31.4 18.5 16.019900-99.9-99.9-99.9-99.9 0.0  020.9 67 18.2   8  6.4 7.9 3.0
5036619691209 29.3 17.2  0.009900-99.9-99.9-99.9-99.9 7.8 5719.9 63 17.4   3  2.421.6 4.5
5036619691210 25.4 18.3 11.519900-99.9-99.9-99.9-99.9 0.0  021.3 79 18.5   1  0.8 7.9 2.0
5036619691211 29.9 17.9  0.009900-99.9-99.9-99.9-99.9 8.9 6521.1 64 18.4   1  0.823.6 4.8
5036619691212 32.5 18.5 22.419900-99.9-99.9-99.9-99.9 6.9 5021.4 69 18.6   6  4.820.1 4.9
5036619691213 28.8 18.5  0.519900-99.9-99.9-99.9-99.9 1.7 1219.9 64 17.4   2  1.610.9 2.9
5036619691214 29.5 20.6  0.009900-99.9-99.9-99.9-99.9 2.1 1519.4 61 17.0   8  6.411.6 3.8
5036619691215 33.0 18.7  0.009900-99.9-99.9-99.9-99.9 6.3 4620.5 58 17.9   4  3.219.0 4.6
5036619691216 35.2 20.2  0.009900-99.9-99.9-99.9-99.9 6.7 4922.2 57 19.2   2  1.619.7 4.8
5036619691217 36.3 21.4  0.009900-99.9-99.9-99.9-99.9 4.7 3423.2 51 19.9  11  8.816.2 5.3
5036619691218 33.1 25.4  0.009900-99.9-99.9-99.9-99.9 3.3 2424.5 59 20.8   6  4.813.8 4.3
5036619691219 35.0 20.7  2.319900-99.9-99.9-99.9-99.9 6.2 4522.7 65 19.5  11  8.818.9 5.6
5036619691220 30.1 19.4  0.009900-99.9-99.9-99.9-99.9 4.1 3022.1 69 19.1   1  0.815.2 3.6
5036619691221 34.8 19.5 15.919900-99.9-99.9-99.9-99.9 7.9 5724.2 58 20.6   7  5.621.9 5.5
5036619691222 30.2 15.0  1.919900-99.9-99.9-99.9-99.9 0.0  016.5 85 14.5   8  6.4 8.0 3.1
5036619691223 31.7 17.1  0.009900-99.9-99.9-99.9-99.9 7.5 5414.7 47 12.7   1  0.821.2 4.5
5036619691224 31.6 16.5  0.009900-99.9-99.9-99.9-99.9 5.9 4316.5 46 14.5   8  6.418.4 4.8
5036619691225 34.8 18.6  0.009900-99.9-99.9-99.9-99.9 6.9 5018.0 45 15.8   8  6.420.1 5.5
5036619691226 34.6 20.0  0.009900-99.9-99.9-99.9-99.9 5.9 4321.2 55 18.4   8  6.418.4 5.2
5036619691227 36.3 21.4 11.119900-99.9-99.9-99.9-99.9 4.9 3621.0 49 18.3  11  8.816.6 5.6
5036619691228 29.8 17.3  0.009900-99.9-99.9-99.9-99.9 9.3 6820.1 67 17.6   2  1.624.4 4.9
5036619691229 32.4 18.6  0.009900-99.9-99.9-99.9-99.9 8.8 6422.3 63 19.2   6  4.823.5 5.4
5036619691230 32.9 19.2  0.009900-99.9-99.9-99.9-99.9 8.1 5920.8 55 18.1   4  3.222.2 5.2
5036619691231 35.2 20.1  0.009900-99.9-99.9-99.9-99.9 7.1 5221.1 51 18.4   4  3.220.5 5.1
5036619700101 36.2 21.7  0.009900-99.9-99.9-99.9-99.9 7.3 5320.8 52 18.1  14 11.220.8 6.6
5036619700102 34.0 22.8  1.319900-99.9-99.9-99.9-99.9 3.8 2823.5 58 20.1   4  3.214.6 4.2
5036619700103 28.9 22.3  0.009900-99.9-99.9-99.9-99.9 0.6  425.3 74 21.3   3  2.4 9.0 2.6
5036619700104 34.0 22.4  0.009900-99.9-99.9-99.9-99.9 4.7 3427.2 69 22.5   2  1.616.2 4.1
5036619700105 36.2 25.0  9.719900-99.9-99.9-99.9-99.9 6.6 4826.2 61 21.9   4  3.219.6 5.3
5036619700106 27.7 19.4  0.619900-99.9-99.9-99.9-99.9 0.0  020.9 82 18.2   4  3.2 7.9 2.5
5036619700107 28.3 18.8  0.009900-99.9-99.9-99.9-99.9 0.8  623.0 74 19.7   4  3.2 9.3 2.5
5036619700108 29.7 19.3 20.219900-99.9-99.9-99.9-99.9 0.0  022.8 88 19.6  14 11.2 7.9 3.1
5036619700109 21.6 19.3  9.519900-99.9-99.9-99.9-99.9 0.0  022.6 94 19.5   4  3.2 7.9 1.8
5036619700110 25.2 18.5 21.519900-99.9-99.9-99.9-99.9 1.6 1221.1 87 18.4   6  4.810.7 2.7
5036619700111 27.8 18.2  0.009900-99.9-99.9-99.9-99.9 4.6 3421.9 77 19.0   4  3.216.0 3.6
5036619700112 30.3 18.2  0.009900-99.9-99.9-99.9-99.9 9.2 6723.6 71 20.2   4  3.224.1 5.1
5036619700113 34.6 21.2 12.419900-99.9-99.9-99.9-99.9 7.9 5824.3 64 20.6  11  8.821.8 5.9
5036619700114 26.8 14.6  1.419900-99.9-99.9-99.9-99.9 0.1  117.2 81 15.1   4  3.2 8.0 2.4
5036619700115 30.1 14.8  0.009900-99.9-99.9-99.9-99.9 8.7 6419.6 65 17.2   2  1.623.2 4.6
5036619700116 32.7 18.0  0.009900-99.9-99.9-99.9-99.9 8.6 6323.2 64 19.9   2  1.623.0 4.9
5036619700117 34.3 19.4  0.009900-99.9-99.9-99.9-99.9 8.3 6121.4 57 18.6   2  1.622.4 5.1
5036619700118 29.4 19.5  2.319900-99.9-99.9-99.9-99.9 8.4 6219.0 57 16.7  17 13.622.6 6.2
5036619700119 34.4 22.0  0.009900-99.9-99.9-99.9-99.9 8.2 6122.7 56 19.5   7  5.622.2 5.8
5036619700120 37.8 23.0  0.009900-99.9-99.9-99.9-99.9 9.6 7125.7 55 21.5   4  3.224.7 6.2
5036619700121 40.5 24.7 24.019900-99.9-99.9-99.9-99.9 6.6 4925.0 51 21.1   6  4.819.4 5.9
5036619700122 31.2 21.0  0.219900-99.9-99.9-99.9-99.9 1.3 1024.2 81 20.6   4  3.210.0 3.0
5036619700123 33.1 22.7 10.619900-99.9-99.9-99.9-99.9 6.7 5025.8 73 21.6   6  4.819.5 5.0
5036619700124 28.3 18.4  0.119900-99.9-99.9-99.9-99.9 2.2 1619.9 71 17.4   4  3.211.6 3.1
5036619700125 24.7 17.5  5.219900-99.9-99.9-99.9-99.9 0.0  020.9 85 18.2   6  4.8 7.7 2.1
5036619700126 23.9 17.9  0.119900-99.9-99.9-99.9-99.9 0.0  019.7 81 17.3   6  4.8 7.7 2.2
5036619700127 24.5 20.0  0.009900-99.9-99.9-99.9-99.9 0.2  120.1 80 17.6   2  1.6 8.0 2.2
5036619700128 30.2 19.2  0.119900-99.9-99.9-99.9-99.9 8.0 6024.8 75 21.0   3  2.421.7 4.6
5036619700129 31.6 20.8  0.009900-99.9-99.9-99.9-99.9 4.2 3121.5 63 18.7   2  1.615.0 3.8
5036619700130 36.1 19.2  0.009900-99.9-99.9-99.9-99.9 9.3 7020.1 51 17.6   6  4.823.9 5.8
5036619700131 34.7 21.5  0.009900-99.9-99.9-99.9-99.9 9.5 7125.0 63 21.1   1  0.824.2 5.4
5036619700201 36.6 21.2  0.009900-99.9-99.9-99.9-99.9 8.7 6524.5 58 20.8   4  3.222.8 5.6
5036619700202 34.6 22.9102.719900-99.9-99.9-99.9-99.9 4.1 3123.7 64 20.2   9  7.214.7 4.7
5036619700203 30.9 18.8  0.009900-99.9-99.9-99.9-99.9 6.1 4624.6 67 20.8   4  3.218.2 4.1
5036619700204 35.7 21.8  0.009900-99.9-99.9-99.9-99.910.5 7929.5 67 23.8   4  3.225.8 6.1
5036619700205 30.5 15.5 10.719900-99.9-99.9-99.9-99.9 0.0  020.6 84 18.0   9  7.2 7.5 2.6
5036619700206 21.0 13.9  0.009900-99.9-99.9-99.9-99.9 0.9  712.4 62 10.1   1  0.8 9.0 2.3
5036619700207 26.9 13.3  0.009900-99.9-99.9-99.9-99.9 9.4 7112.0 47  9.7   7  5.623.8 4.9
5036619700208 32.8 15.0  0.009900-99.9-99.9-99.9-99.910.5 8017.6 58 15.5   2  1.625.6 5.0
5036619700209 32.5 16.8  0.009900-99.9-99.9-99.9-99.911.4 8720.0 57 17.5   2  1.627.1 5.4
5036619700210 32.5 19.0  0.009900-99.9-99.9-99.9-99.911.4 8720.8 57 18.1   0  0.027.1 5.3
5036619700211 33.9 21.0  0.009900-99.9-99.9-99.9-99.911.0 8424.4 61 20.7   3  2.426.3 5.8
5036619700212 33.9 22.5  0.009900-99.9-99.9-99.9-99.9 6.0 4621.8 62 18.9   9  7.217.7 5.2
5036619700213 30.4 20.5  5.719900-99.9-99.9-99.9-99.9 4.8 3723.4 78 20.0   4  3.215.6 3.8
5036619700214 30.1 20.5  0.119900-99.9-99.9-99.9-99.9 6.7 5224.9 76 21.0   3  2.418.8 4.1
5036619700215 32.6 21.4  0.119900-99.9-99.9-99.9-99.9 6.1 4723.8 76 20.3  11  8.817.7 4.9
5036619700216 32.5 21.3  0.009900-99.9-99.9-99.9-99.910.2 7922.5 61 19.4  13 10.424.7 6.3
5036619700217 32.8 20.8  1.919900-99.9-99.9-99.9-99.9 7.7 6023.5 63 20.1   4  3.220.4 4.7
5036619700218 33.2 23.4  0.009900-99.9-99.9-99.9-99.9 8.9 6925.6 65 21.5   1  0.822.4 5.0
5036619700219 33.2 20.9  8.219900-99.9-99.9-99.9-99.9 6.3 4924.3 63 20.6   6  4.817.9 4.5
5036619700220 30.4 20.3  0.009900-99.9-99.9-99.9-99.9 2.5 1922.2 68 19.2   7  5.611.4 3.4
5036619700221 35.3 17.8  0.009900-99.9-99.9-99.9-99.911.4 8921.6 58 18.7   3  2.426.4 5.5
5036619700222 32.0 20.8  0.009900-99.9-99.9-99.9-99.910.8 8423.0 61 19.7   8  6.425.3 5.8
5036619700223 33.9 20.7  0.009900-99.9-99.9-99.9-99.910.6 8325.1 65 21.2   5  4.024.9 5.6
5036619700224 34.9 21.2  0.009900-99.9-99.9-99.9-99.9 9.6 7525.3 60 21.3   4  3.223.2 5.3
5036619700225 38.5 22.3  0.009900-99.9-99.9-99.9-99.911.5 9023.0 50 19.7   1  0.826.3 5.8
5036619700226 37.2 23.7  0.009900-99.9-99.9-99.9-99.911.4 9023.8 53 20.3   3  2.426.1 6.0
5036619700227 39.0 24.0  0.009900-99.9-99.9-99.9-99.910.9 8620.0 41 17.5  10  8.025.2 7.0
5036619700228 32.1 25.6 24.719900-99.9-99.9-99.9-99.9 2.4 1922.2 59 19.2   9  7.210.9 4.1
5036619700301 27.4 20.1  2.119900-99.9-99.9-99.9-99.9 0.5  423.5 84 20.1   4  3.2 7.7 2.2
5036619700302 32.0 20.8  0.419900-99.9-99.9-99.9-99.9 6.0 4826.2 79 21.9   0  0.016.8 3.7
5036619700303 33.5 20.9  0.219900-99.9-99.9-99.9-99.9 8.2 6523.8 65 20.3   3  2.420.4 4.6
5036619700304 33.7 22.7  0.009900-99.9-99.9-99.9-99.9 7.4 5924.9 68 21.0   2  1.619.0 4.4
5036619700305 34.7 22.0  0.009900-99.9-99.9-99.9-99.9 9.6 7726.4 69 22.0   0  0.022.5 4.9
5036619700306 34.7 25.4  0.009900-99.9-99.9-99.9-99.9 6.8 5526.2 59 21.9   6  4.817.9 4.9
5036619700307 35.9 24.4 42.719900-99.9-99.9-99.9-99.9 7.4 5927.5 63 22.7   0  0.018.8 4.5
5036619700308 29.6 20.6 15.019900-99.9-99.9-99.9-99.9 0.2  224.6 88 20.8  12  9.6 7.0 2.6
5036619700309 30.4 21.2  0.009900-99.9-99.9-99.9-99.9 5.5 4425.4 81 21.4   4  3.215.5 3.6
5036619700310 30.9 21.2  3.919900-99.9-99.9-99.9-99.9 7.5 6125.5 78 21.4   6  4.818.7 4.3
5036619700311 23.5 14.5 10.619900-99.9-99.9-99.9-99.9 0.0  017.3 96 15.2   7  5.6 6.5 1.9
5036619700312 22.2 13.2  0.009900-99.9-99.9-99.9-99.9 0.9  714.6 69 12.6   0  0.0 7.9 1.8
5036619700313 24.0 17.1  0.009900-99.9-99.9-99.9-99.9 0.0  016.1 67 14.1   6  4.8 6.5 2.3
5036619700314 23.8 18.2  2.619900-99.9-99.9-99.9-99.9 0.0  019.1 80 16.8   0  0.0 6.4 1.7
5036619700315 25.6 16.9  6.219900-99.9-99.9-99.9-99.9 3.1 2519.0 82 16.7  11  8.811.3 3.0
5036619700316 24.7 14.9 10.819900-99.9-99.9-99.9-99.9 6.1 5016.1 71 14.1   5  4.016.0 3.2
5036619700317 18.6 12.9  0.009900-99.9-99.9-99.9-99.9 0.0  013.2 78 11.1   3  2.4 6.3 1.7
5036619700318 20.4 12.4  0.009900-99.9-99.9-99.9-99.9 0.0  014.7 77 12.7   0  0.0 6.3 1.5
5036619700319 26.5 10.9  0.009900-99.9-99.9-99.9-99.9 7.7 6317.2 74 15.1   4  3.218.3 3.1
5036619700320 28.7 15.4  0.009900-99.9-99.9-99.9-99.9 7.1 5918.8 68 16.5   1  0.817.3 3.2
5036619700321 31.1 15.4  0.009900-99.9-99.9-99.9-99.9 6.1 5120.0 61 17.5   4  3.215.7 3.3
5036619700322 32.5 18.4  0.009900-99.9-99.9-99.9-99.9 8.1 6723.3 63 20.0   2  1.618.7 3.8
5036619700323 32.5 19.9  3.919900-99.9-99.9-99.9-99.9 6.6 5524.6 71 20.8   5  4.016.3 3.8
5036619700324 25.8 18.0  3.219900-99.9-99.9-99.9-99.9 0.0  020.9 91 18.2   4  3.2 6.1 1.8
5036619700325 24.5 18.8  0.009900-99.9-99.9-99.9-99.9 0.1  122.6 86 19.5   3  2.4 6.2 1.6
5036619700326 31.4 18.9  0.009900-99.9-99.9-99.9-99.9 3.8 3224.0 73 20.4   3  2.411.8 2.8
5036619700327 34.7 20.5  0.009900-99.9-99.9-99.9-99.910.5 8825.5 70 21.4   4  3.221.9 4.7
5036619700328 32.8 21.9  0.419900-99.9-99.9-99.9-99.910.5 8825.7 66 21.5   4  3.221.8 4.7
5036619700329 27.3 17.2  2.719900-99.9-99.9-99.9-99.9 0.0  019.0 78 16.7  11  8.8 5.9 2.4
5036619700330 21.9 17.0  1.119900-99.9-99.9-99.9-99.9 0.1  120.3 85 17.7   1  0.8 6.0 1.3
5036619700331 26.7 19.9  0.009900-99.9-99.9-99.9-99.9 0.7  623.6 83 20.2   1  0.8 6.8 1.7
5036619700401 30.4 19.3 27.019900-99.9-99.9-99.9-99.9 8.5 7223.0 73 19.7   4  3.218.4 3.7
5036619700402 24.8 17.6  6.219900-99.9-99.9-99.9-99.9 0.0  020.0 95 17.5   4  3.2 5.7 1.7
5036619700403 25.8 17.4  0.009900-99.9-99.9-99.9-99.9 0.9  819.8 79 17.3   0  0.0 7.0 1.7
5036619700404 28.1 19.4 10.919900-99.9-99.9-99.9-99.9 6.2 5320.7 72 18.1   6  4.814.7 3.2
5036619700405 25.0 18.9  7.019900-99.9-99.9-99.9-99.9 0.9  821.2 83 18.4   0  0.0 6.9 1.6
5036619700406 22.9 19.6 11.319900-99.9-99.9-99.9-99.9 0.0  021.9 88 19.0   5  4.0 5.6 1.5
5036619700407 20.8 18.4  8.919900-99.9-99.9-99.9-99.9 0.0  020.8 94 18.1   2  1.6 5.5 1.2
5036619700408 25.1 18.0  0.009900-99.9-99.9-99.9-99.9 1.8 1621.3 84 18.5   0  0.0 8.1 1.7
5036619700409 28.4 18.9  0.009900-99.9-99.9-99.9-99.9 4.8 4122.6 77 19.5   0  0.012.3 2.4
5036619700410 30.6 18.2  0.009900-99.9-99.9-99.9-99.9 9.7 8422.0 72 19.0   1  0.819.3 3.4
5036619700411 30.6 17.7  0.009900-99.9-99.9-99.9-99.910.4 9022.4 73 19.3   0  0.020.2 3.4
5036619700412 31.6 18.9  0.009900-99.9-99.9-99.9-99.9 9.6 8322.4 67 19.3   4  3.218.9 3.7
5036619700413 31.2 19.6  0.009900-99.9-99.9-99.9-99.910.1 8822.9 70 19.7   1  0.819.5 3.6
5036619700414 28.1 19.8  0.219900-99.9-99.9-99.9-99.9 8.1 7122.1 74 19.1   8  6.416.6 3.4
5036619700415 26.2 19.8  0.919900-99.9-99.9-99.9-99.9 2.1 1822.1 82 19.1   6  4.8 8.1 2.1
5036619700416 26.6 19.3  0.119900-99.9-99.9-99.9-99.9 2.7 2421.9 83 19.0   4  3.2 8.9 2.1
5036619700417 29.1 15.8  0.009900-99.9-99.9-99.9-99.9 8.7 7622.6 79 19.5   4  3.217.1 2.9
5036619700418 31.2 18.6  0.009900-99.9-99.9-99.9-99.910.6 9322.7 71 19.5   1  0.819.7 3.4
5036619700419 34.6 19.3  0.009900-99.9-99.9-99.9-99.910.0 8821.2 59 18.4   6  4.818.7 4.0
5036619700420 34.0 19.1  0.009900-99.9-99.9-99.9-99.910.0 8822.9 67 19.7   0  0.018.6 3.4
5036619700421 33.7 19.1  0.009900-99.9-99.9-99.9-99.9 9.9 8822.1 65 19.1   2  1.618.4 3.5
5036619700422 35.0 20.6  0.009900-99.9-99.9-99.9-99.910.0 8921.8 62 18.9   4  3.218.4 3.8
5036619700423 30.8 18.8  0.009900-99.9-99.9-99.9-99.9 9.6 8522.4 69 19.3   3  2.417.8 3.2
5036619700424 31.8 18.9  0.009900-99.9-99.9-99.9-99.9 6.9 6221.7 67 18.8   2  1.614.1 2.8
5036619700425 31.0 19.6  0.009900-99.9-99.9-99.9-99.9 3.7 3323.2 71 19.9   3  2.4 9.8 2.3
5036619700426 25.7 17.7  0.009900-99.9-99.9-99.9-99.9 0.4  417.7 69 15.6   4  3.2 5.3 1.8
5036619700427 24.2 17.0  0.009900-99.9-99.9-99.9-99.9 0.4  414.0 59 12.0   1  0.8 5.3 1.7
5036619700428 24.5 14.2  0.009900-99.9-99.9-99.9-99.9 1.2 1115.6 69 13.6   3  2.4 6.3 1.7
5036619700429 26.2 14.4  0.009900-99.9-99.9-99.9-99.9 1.3 1216.0 67 14.0   6  4.8 6.4 2.0
5036619700430 27.2 14.2  0.009900-99.9-99.9-99.9-99.9 6.7 6118.2 71 16.0   4  3.213.3 2.3
5036619700501 25.5 15.9  0.009900-99.9-99.9-99.9-99.9 2.5 2319.8 79 17.3   3  2.4 7.9 1.6
5036619700502 27.2 15.3  0.009900-99.9-99.9-99.9-99.9 6.2 5619.0 72 16.7   2  1.612.5 2.1
5036619700503 28.6 16.9  0.009900-99.9-99.9-99.9-99.9 7.7 7020.5 73 17.9   2  1.614.4 2.4
5036619700504 30.7 15.9  0.009900-99.9-99.9-99.9-99.9 8.8 8021.8 73 18.9   1  0.815.7 2.5
5036619700505 23.3 13.1  0.009900-99.9-99.9-99.9-99.9 0.0  0 5.7 31 -1.0   8  6.4 4.5 3.1
5036619700506 19.1  5.0  0.009900-99.9-99.9-99.9-99.9 5.1 47 7.8 51  3.4  10  8.010.9 2.2
5036619700507 23.8  4.3  0.009900-99.9-99.9-99.9-99.9 6.7 61 9.1 60  5.6   1  0.812.8 1.6
5036619700508 25.5  7.3  0.009900-99.9-99.9-99.9-99.9 7.7 7111.9 59  9.5   1  0.814.0 1.7
5036619700509 25.2  9.4  0.009900-99.9-99.9-99.9-99.9 8.3 7612.4 64 10.1   1  0.814.6 1.8
5036619700510 20.3 14.6  1.919900-99.9-99.9-99.9-99.9 1.1 1010.9 57  8.2   3  2.4 5.7 1.8
5036619700511 16.7 10.6  0.319900-99.9-99.9-99.9-99.9 0.0  012.5 94 10.3   1  0.8 4.3 1.0
5036619700512 13.3 10.9  0.119900-99.9-99.9-99.9-99.9 0.0  013.6 93 11.5   0  0.0 4.3 0.7
5036619700513 18.2 13.2  0.219900-99.9-99.9-99.9-99.9 0.0  015.4 85 13.4   0  0.0 4.3 0.9
5036619700514 18.0 13.5  0.219900-99.9-99.9-99.9-99.9 0.0  017.7 94 15.6   1  0.8 4.3 0.7
5036619700515 21.9 17.1  0.419900-99.9-99.9-99.9-99.9 0.0  016.9 76 14.9   1  0.8 4.2 1.2
5036619700516 18.8 17.1  2.119900-99.9-99.9-99.9-99.9 0.0  018.4 91 16.2   1  0.8 4.2 0.9
5036619700517 17.9 13.2  7.619900-99.9-99.9-99.9-99.9 0.0  015.7 94 13.7   2  1.6 4.2 0.9
5036619700518 13.2 10.7  7.019900-99.9-99.9-99.9-99.9 0.0  012.7 95 10.5   9  7.2 4.2 0.9
5036619700519 12.3  9.7  1.419900-99.9-99.9-99.9-99.9 0.0  011.7 90  9.3   2  1.6 4.1 0.8
5036619700520 17.6 10.1  0.009900-99.9-99.9-99.9-99.9 0.1  112.2 82  9.9   1  0.8 4.2 1.0
5036619700521 22.3  6.8  0.009900-99.9-99.9-99.9-99.9 8.3 7811.2 74  8.6   0  0.013.8 1.3
5036619700522 23.7  7.1  0.009900-99.9-99.9-99.9-99.9 7.9 7412.1 72  9.8   0  0.013.3 1.3
5036619700523 23.1  7.4  0.009900-99.9-99.9-99.9-99.9 7.8 7313.0 76 10.9   1  0.813.1 1.3
5036619700524 24.6  8.0  0.009900-99.9-99.9-99.9-99.9 7.3 6912.7 70 10.5   1  0.812.4 1.4
5036619700525 22.8  9.9  0.009900-99.9-99.9-99.9-99.9 1.8 1714.0 77 12.0   1  0.8 6.1 1.1
5036619700526 23.8  9.4  0.009900-99.9-99.9-99.9-99.9 5.3 5013.7 73 11.6   4  3.210.0 1.5
5036619700527 22.2 11.9  0.009900-99.9-99.9-99.9-99.9 0.0  015.4 77 13.4   7  5.6 4.0 1.3
5036619700528 21.7 11.1  0.009900-99.9-99.9-99.9-99.9 0.0  016.0 85 14.0   8  6.4 3.9 1.1
5036619700529 20.8 13.3  0.009900-99.9-99.9-99.9-99.9 0.0  016.8 86 14.8   1  0.8 3.9 0.9
5036619700530 18.7 13.1  0.419900-99.9-99.9-99.9-99.9 0.0  015.2 86 13.2   3  2.4 3.9 1.0
5036619700531 18.5 15.4  0.819900-99.9-99.9-99.9-99.9 0.0  017.0 90 15.0   4  3.2 3.9 0.9
5036619700601 17.4 14.6  3.219900-99.9-99.9-99.9-99.9 0.0  016.2 92 14.2   2  1.6 3.9 0.8
5036619700602 14.6 10.8  2.419900-99.9-99.9-99.9-99.9 0.0  013.2 92 11.1   0  0.0 3.9 0.7
5036619700603 14.4 12.1  0.819900-99.9-99.9-99.9-99.9 0.0  014.4 94 12.4   1  0.8 3.8 0.6
5036619700604 17.4 12.9  0.009900-99.9-99.9-99.9-99.9 0.1  113.8 80 11.8   0  0.0 3.9 0.9
5036619700605 15.0 11.7  0.009900-99.9-99.9-99.9-99.9 0.0  011.8 81  9.4   1  0.8 3.8 0.9
5036619700606 19.4  7.3  0.009900-99.9-99.9-99.9-99.9 6.6 6310.0 68  7.0   6  4.811.1 1.4
5036619700607 17.1  5.7  0.009900-99.9-99.9-99.9-99.9 6.6 63 9.8 74  6.7   5  4.011.1 1.1
5036619700608 20.0  5.8  0.009900-99.9-99.9-99.9-99.9 3.4 3210.7 74  8.0   1  0.8 7.5 1.0
5036619700609 20.5  7.9  0.009900-99.9-99.9-99.9-99.9 0.2  212.1 77  9.8   2  1.6 4.0 1.0
5036619700610 22.3  7.8  0.009900-99.9-99.9-99.9-99.9 6.4 6113.1 76 11.0   2  1.610.8 1.1
5036619700611 20.3 11.4  0.009900-99.9-99.9-99.9-99.9 0.0  014.6 77 12.6   2  1.6 3.8 0.9
5036619700612 21.5 11.4  0.719900-99.9-99.9-99.9-99.9 0.0  014.3 80 12.3   1  0.8 3.7 1.0
5036619700613 17.4 12.7  0.619900-99.9-99.9-99.9-99.9 0.3  313.6 81 11.5   9  7.2 4.1 1.2
5036619700614 16.0 10.9  0.819900-99.9-99.9-99.9-99.9 0.7  712.8 85 10.6   1  0.8 4.5 0.8
5036619700615 22.3 12.7  0.009900-99.9-99.9-99.9-99.9 3.9 3713.1 72 11.0   5  4.0 8.0 1.5
5036619700616 20.6  7.4  0.009900-99.9-99.9-99.9-99.9 6.6 6312.0 78  9.7   1  0.810.9 1.0
5036619700617 24.2  8.9  0.009900-99.9-99.9-99.9-99.9 7.6 7311.0 65  8.4   4  3.212.0 1.5
5036619700618 19.1 10.4  0.009900-99.9-99.9-99.9-99.9 2.0 1911.4 71  8.9   3  2.4 5.9 1.2
5036619700619 17.2  7.6  0.009900-99.9-99.9-99.9-99.9 0.6  612.2 81  9.9   4  3.2 4.4 0.8
5036619700620 16.3 12.3  3.819900-99.9-99.9-99.9-99.9 0.0  013.0 76 10.9   0  0.0 3.7 0.8
5036619700621 17.5 10.9  0.009900-99.9-99.9-99.9-99.9 0.2  210.5 71  7.7   6  4.8 3.9 1.4
5036619700622 14.8  6.4  0.009900-99.9-99.9-99.9-99.9 1.3 12 8.8 72  5.1   3  2.4 5.1 1.0
5036619700623 18.2  2.9  0.009900-99.9-99.9-99.9-99.9 6.2 60 7.5 65  2.9   2  1.610.5 1.0
5036619700624 20.1  1.6  0.009900-99.9-99.9-99.9-99.9 6.5 62 7.7 61  3.2   1  0.810.8 1.0
5036619700625 20.0  3.0  0.009900-99.9-99.9-99.9-99.9 6.5 62 8.2 65  4.1   1  0.810.8 1.0
5036619700626 20.5  3.8  0.009900-99.9-99.9-99.9-99.9 7.0 67 9.4 66  6.1   4  3.211.3 1.2
5036619700627 21.7  3.9  0.009900-99.9-99.9-99.9-99.9 9.2 88 9.9 69  6.8   3  2.413.7 1.1
5036619700628 17.4  3.6  0.009900-99.9-99.9-99.9-99.9 6.1 58 5.3 49 -1.9   6  4.810.4 1.6
5036619700629 18.0  4.4  0.009900-99.9-99.9-99.9-99.9 5.2 50 5.9 50 -0.5   4  3.2 9.4 1.4
5036619700630 11.9  0.8  0.009900-99.9-99.9-99.9-99.9 1.1 11 5.5 57 -1.4   4  3.2 4.9 1.1
5036619700701 14.5  2.1  0.009900-99.9-99.9-99.9-99.9 6.4 61 5.8 59 -0.7   1  0.810.7 0.9
5036619700702 15.0 -0.6  0.009900-99.9-99.9-99.9-99.9 7.2 69 6.0 53 -0.2   4  3.211.6 1.0
5036619700703 17.2  0.5  0.009900-99.9-99.9-99.9-99.9 7.4 71 6.7 62  1.3   1  0.811.9 0.9
5036619700704 18.8  1.1  0.009900-99.9-99.9-99.9-99.9 7.1 68 5.9 50 -0.5   8  6.411.6 1.6
5036619700705 14.7  0.4  0.009900-99.9-99.9-99.9-99.9 6.8 65 5.5 55 -1.4   3  2.411.3 1.1
5036619700706 15.6  0.7  0.009900-99.9-99.9-99.9-99.9 5.4 52 6.1 56  0.0   7  5.6 9.7 1.4
5036619700707 18.4  0.3  0.009900-99.9-99.9-99.9-99.9 7.5 72 4.8 47 -3.3   2  1.612.1 1.1
5036619700708 18.0  0.4  0.009900-99.9-99.9-99.9-99.9 5.8 55 5.5 51 -1.4   5  4.010.2 1.4
5036619700709 19.7  1.9  0.009900-99.9-99.9-99.9-99.9 7.8 74 6.4 50  0.6   5  4.012.5 1.4
5036619700710 19.1  0.3  0.009900-99.9-99.9-99.9-99.9 7.7 73 5.9 52 -0.5  10  8.012.4 1.8
5036619700711 19.0  1.4  0.009900-99.9-99.9-99.9-99.9 7.5 71 5.9 53 -0.5   4  3.212.2 1.3
5036619700712 21.7  0.8  0.009900-99.9-99.9-99.9-99.9 7.7 73 6.7 56  1.3   1  0.812.5 1.1
5036619700713 21.5  2.5  0.009900-99.9-99.9-99.9-99.9 7.7 73 7.5 54  2.9   5  4.012.5 1.5
5036619700714 25.4  5.4  0.009900-99.9-99.9-99.9-99.9 7.8 74 8.3 52  4.3   5  4.012.7 1.7
5036619700715 26.4  8.3  0.009900-99.9-99.9-99.9-99.9 7.9 7511.4 57  8.9  12  9.612.8 2.4
5036619700716 24.6  8.5  0.009900-99.9-99.9-99.9-99.9 7.1 6711.9 63  9.5  11  8.812.0 2.1
5036619700717 20.0  7.1  0.009900-99.9-99.9-99.9-99.9 5.5 5210.8 69  8.1   6  4.810.2 1.4
5036619700718 15.3  7.4  0.009900-99.9-99.9-99.9-99.9 0.0  012.4 82 10.1   6  4.8 4.0 0.7
5036619700719 20.2 10.4  0.009900-99.9-99.9-99.9-99.9 5.4 51 9.2 59  5.8   1  0.810.2 1.4
5036619700720 17.1  5.0  0.009900-99.9-99.9-99.9-99.9 0.0  0 9.3 71  5.9   3  2.4 4.0 1.1
5036619700721 20.4  5.3  0.009900-99.9-99.9-99.9-99.9 3.7 3511.5 72  9.0   1  0.8 8.3 1.0
5036619700722 21.9  9.1  0.009900-99.9-99.9-99.9-99.9 6.4 6012.5 77 10.3   0  0.011.5 1.3
5036619700723 24.3  8.9  0.009900-99.9-99.9-99.9-99.9 5.6 5214.2 72 12.2   0  0.010.6 1.3
5036619700724 26.3 10.4  0.009900-99.9-99.9-99.9-99.9 7.5 7014.4 69 12.4   3  2.412.8 1.7
5036619700725 29.2 11.9  0.009900-99.9-99.9-99.9-99.9 7.9 7415.1 63 13.1   2  1.613.4 1.9
5036619700726 22.5 13.4  0.009900-99.9-99.9-99.9-99.9 0.3  3 9.5 51  6.2   9  7.2 4.5 2.5
5036619700727 19.9 10.7  0.009900-99.9-99.9-99.9-99.9 4.5 42 8.7 54  5.0   6  4.8 9.5 2.0
5036619700728 24.7  6.8  0.009900-99.9-99.9-99.9-99.9 7.7 72 8.7 49  5.0   3  2.413.3 1.8
5036619700729 25.4  5.9  0.009900-99.9-99.9-99.9-99.9 6.3 58 8.8 50  5.1   8  6.411.7 2.2
5036619700730 22.9  5.6  0.009900-99.9-99.9-99.9-99.9 7.4 69 5.8 40 -0.7  11  8.813.1 2.7
5036619700731 26.9  6.8  0.009900-99.9-99.9-99.9-99.9 8.1 75 7.5 41  2.9   6  4.814.0 2.3
5036619700801 27.5  7.0  0.009900-99.9-99.9-99.9-99.9 7.7 71 9.2 50  5.8   4  3.213.6 2.0
5036619700802 29.0  9.9  0.009900-99.9-99.9-99.9-99.9 5.2 4810.8 48  8.1   4  3.210.6 2.2
5036619700803 20.8  9.9  0.009900-99.9-99.9-99.9-99.9 3.8 35 9.0 52  5.4   6  4.8 9.0 2.0
5036619700804 19.9 11.9  0.009900-99.9-99.9-99.9-99.9 6.1 56 7.1 43  2.1   7  5.611.8 2.4
5036619700805 20.3  2.0  0.009900-99.9-99.9-99.9-99.9 7.5 69 7.5 57  2.9   6  4.813.6 1.8
5036619700806 18.6  8.4  0.009900-99.9-99.9-99.9-99.9 6.9 63 8.9 58  5.3   9  7.213.0 2.1
5036619700807 16.2 10.0  0.009900-99.9-99.9-99.9-99.9 1.0  9 6.8 47  1.5   1  0.8 5.7 1.5
5036619700808 18.5  4.0  0.009900-99.9-99.9-99.9-99.9 8.9 81 6.5 50  0.9  11  8.815.6 2.4
5036619700809 21.4  2.4  0.009900-99.9-99.9-99.9-99.9 9.4 85 7.3 54  2.5   2  1.616.3 1.7
5036619700810 22.8  3.9  0.009900-99.9-99.9-99.9-99.9 5.9 54 7.6 51  3.0   8  6.412.0 2.3
5036619700811 25.2  5.9  0.009900-99.9-99.9-99.9-99.9 9.6 87 8.5 50  4.6   1  0.816.7 1.8
5036619700812 26.5  8.0  0.009900-99.9-99.9-99.9-99.9 2.3 21 9.3 50  5.9   7  5.6 7.5 2.4
5036619700813 19.4  7.0  0.009900-99.9-99.9-99.9-99.9 4.4 40 6.3 38  0.4   9  7.210.3 2.5
5036619700814 22.6  3.3  0.009900-99.9-99.9-99.9-99.9 8.7 78 6.6 45  1.1   5  4.015.8 2.1
5036619700815 24.6  5.0  0.009900-99.9-99.9-99.9-99.9 6.4 58 8.0 47  3.8   2  1.613.0 1.9
5036619700816 28.2  6.9  0.009900-99.9-99.9-99.9-99.9 7.0 6310.1 48  7.1   3  2.413.8 2.2
5036619700817 30.8 10.0  0.009900-99.9-99.9-99.9-99.9 7.3 6511.9 49  9.5   2  1.614.3 2.4
5036619700818 35.2 14.9  0.009900-99.9-99.9-99.9-99.9 8.1 7211.9 41  9.5   0  0.015.4 2.5
5036619700819 34.9 13.4  0.009900-99.9-99.9-99.9-99.9 8.2 7311.2 39  8.6   3  2.415.6 2.9
5036619700820 23.9 13.9  0.009900-99.9-99.9-99.9-99.9 0.0  0 4.7 28 -3.6  11  8.8 4.9 3.9
5036619700821 21.9 11.3  0.009900-99.9-99.9-99.9-99.9 5.2 46 4.2 25 -5.0   6  4.811.8 2.9
5036619700822 23.4  2.5  0.009900-99.9-99.9-99.9-99.9 7.6 67 5.1 33 -2.5   9  7.215.1 2.9
5036619700823 23.2  2.9  0.009900-99.9-99.9-99.9-99.9 8.7 77 6.1 38  0.0  10  8.016.7 2.9
5036619700824 24.0  4.7  0.009900-99.9-99.9-99.9-99.9 6.1 54 7.3 43  2.5   9  7.213.2 2.8
5036619700825 18.5  6.8  0.009900-99.9-99.9-99.9-99.9 0.0  0 7.8 49  3.4   3  2.4 5.0 1.7
5036619700826 18.6 10.6  0.009900-99.9-99.9-99.9-99.9 2.3 20 6.3 40  0.4   1  0.8 8.2 1.9
5036619700827 20.4  1.9  0.009900-99.9-99.9-99.9-99.9 9.1 80 6.4 46  0.6   6  4.817.6 2.4
5036619700828 21.4  3.9  0.009900-99.9-99.9-99.9-99.9 7.4 65 6.9 51  1.7   3  2.415.3 2.2
5036619700829 22.4  6.0  0.009900-99.9-99.9-99.9-99.9 8.7 76 8.2 51  4.1   2  1.617.2 2.2
5036619700830 23.7  5.5  0.009900-99.9-99.9-99.9-99.9 8.9 78 8.1 47  3.9   5  4.017.6 2.6
5036619700831 26.4  9.4  0.009900-99.9-99.9-99.9-99.9 8.5 74 8.4 41  4.5  11  8.817.1 3.7
5036619700901 26.4  7.3  0.009900-99.9-99.9-99.9-99.9 8.3 72 9.4 46  6.1   0  0.016.9 2.3
5036619700902 29.4  8.4  0.009900-99.9-99.9-99.9-99.9 9.2 80 9.2 41  5.8   6  4.818.3 3.2
5036619700903 29.9 10.4  0.009900-99.9-99.9-99.9-99.9 9.2 79 9.9 39  6.8   5  4.018.4 3.3
5036619700904 29.7 10.3  0.009900-99.9-99.9-99.9-99.9 5.9 51 9.4 39  6.1   5  4.013.8 3.1
5036619700905 27.9 14.9  0.009900-99.9-99.9-99.9-99.9 5.8 5011.1 44  8.5   4  3.213.7 3.0
5036619700906 25.9 11.4  0.009900-99.9-99.9-99.9-99.9 5.4 4611.4 50  8.9   9  7.213.2 3.2
5036619700907 20.9 15.4  0.319900-99.9-99.9-99.9-99.9 0.0  012.6 56 10.4   9  7.2 5.5 2.4
5036619700908 28.4 13.1  0.009900-99.9-99.9-99.9-99.9 6.8 5812.2 53  9.9   6  4.815.4 3.3
5036619700909 30.0 11.9  0.009900-99.9-99.9-99.9-99.9 6.9 5911.9 48  9.5   1  0.815.6 2.8
5036619700910 30.9 11.7  0.009900-99.9-99.9-99.9-99.9 8.5 7210.4 35  7.5   8  6.418.1 3.9
5036619700911 32.2 13.0  0.009900-99.9-99.9-99.9-99.9 7.6 6412.0 41  9.7   0  0.016.8 2.9
5036619700912 31.5 14.7 23.119900-99.9-99.9-99.9-99.9 4.6 3916.4 54 14.4  13 10.412.5 3.9
5036619700913 24.7 13.3  0.619900-99.9-99.9-99.9-99.9 0.0  011.1 64  8.5   3  2.4 5.7 2.2
5036619700914 22.9  7.7  0.009900-99.9-99.9-99.9-99.9 3.8 32 7.7 44  3.2   3  2.411.4 2.4
5036619700915 27.2  6.2  0.009900-99.9-99.9-99.9-99.9 7.6 64 8.7 44  5.0   3  2.417.2 2.9
5036619700916 32.6  9.3  0.009900-99.9-99.9-99.9-99.9 5.7 48 9.5 38  6.2   9  7.214.4 3.9
5036619700917 33.2 12.8  0.009900-99.9-99.9-99.9-99.9 4.1 3413.5 41 11.4   2  1.612.1 2.9
5036619700918 34.0 14.8  0.009900-99.9-99.9-99.9-99.9 3.8 3211.9 38  9.5  11  8.811.7 4.4
5036619700919 24.7 15.9  0.009900-99.9-99.9-99.9-99.9 0.0  0 6.2 29  0.2   9  7.2 6.0 3.8
5036619700920 27.5  8.6  0.009900-99.9-99.9-99.9-99.9 3.8 32 7.9 36  3.6   6  4.811.8 3.2
5036619700921 34.3 11.3  0.009900-99.9-99.9-99.9-99.9 4.1 34 9.5 33  6.2   9  7.212.3 4.1
5036619700922 31.3 14.4  0.009900-99.9-99.9-99.9-99.9 4.6 3811.3 37  8.8   9  7.213.1 4.1
5036619700923 27.5 12.4  0.009900-99.9-99.9-99.9-99.9 3.8 3110.6 40  7.8   2  1.612.0 2.8
5036619700924 31.4 15.1  0.009900-99.9-99.9-99.9-99.9 4.5 3714.4 47 12.4  11  8.813.1 4.1
5036619700925 32.4 20.9  0.009900-99.9-99.9-99.9-99.9 5.1 4218.6 52 16.4   9  7.214.1 4.3
5036619700926 35.8 20.9  0.009900-99.9-99.9-99.9-99.9 5.8 4820.5 54 17.9   9  7.215.3 4.6
5036619700927 29.0 17.5  6.419900-99.9-99.9-99.9-99.9 0.0  019.1 82 16.8  14 11.2 6.3 3.0
5036619700928 18.5 16.8  3.019900-99.9-99.9-99.9-99.9 0.0  018.2 90 16.0   4  3.2 6.3 1.4
5036619700929 18.5 15.2  3.119900-99.9-99.9-99.9-99.9 0.0  016.9 94 14.9   3  2.4 6.3 1.4
5036619700930 17.2 14.9  0.719900-99.9-99.9-99.9-99.9 0.0  017.2 94 15.1   2  1.6 6.4 1.3
5036619701001 24.5 11.9  0.009900-99.9-99.9-99.9-99.9 3.9 3215.3 64 13.3   6  4.812.6 2.6
5036619701002 26.6 13.7  0.009900-99.9-99.9-99.9-99.9 5.9 4811.0 51  8.4   7  5.615.8 3.8
5036619701003 29.4  8.9  0.009900-99.9-99.9-99.9-99.910.3 8310.0 39  7.0   5  4.022.9 4.1
5036619701004 31.9 10.3  0.009900-99.9-99.9-99.9-99.910.5 8510.4 37  7.5   7  5.623.3 4.6
5036619701005 28.7 11.9  0.009900-99.9-99.9-99.9-99.910.1 81 9.7 38  6.5  22 17.622.8 6.4
5036619701006 21.3 13.1  0.009900-99.9-99.9-99.9-99.9 0.0  011.1 63  8.5   7  5.6 6.6 2.5
5036619701007 16.8 10.9  0.009900-99.9-99.9-99.9-99.9 0.0  011.9 75  9.5   6  4.8 6.6 1.8
5036619701008 26.7  9.7  2.719900-99.9-99.9-99.9-99.9 8.1 6513.4 60 11.3   9  7.219.8 3.9
5036619701009 20.7 12.4  1.619900-99.9-99.9-99.9-99.9 0.0  013.6 93 11.5   4  3.2 6.7 1.9
5036619701010 24.6 12.1  0.009900-99.9-99.9-99.9-99.9 4.3 3415.5 75 13.5   2  1.613.7 2.6
5036619701011 28.5 12.4  0.119900-99.9-99.9-99.9-99.9 8.2 6516.0 55 14.0   6  4.820.2 3.9
5036619701012 25.6 15.3  0.009900-99.9-99.9-99.9-99.9 0.0  014.6 69 12.6   3  2.4 6.8 2.3
5036619701013 32.3 14.2  0.009900-99.9-99.9-99.9-99.9 9.4 7415.9 53 13.9   0  0.022.3 4.1
5036619701014 34.6 16.6  0.009900-99.9-99.9-99.9-99.9 6.1 4817.1 52 15.0   5  4.016.9 4.2
5036619701015 30.6 18.9  0.009900-99.9-99.9-99.9-99.9 0.2  220.6 59 18.0   6  4.8 7.2 2.7
5036619701016 37.8 21.4  0.009900-99.9-99.9-99.9-99.9 3.6 2823.3 55 20.0   4  3.212.9 3.9
5036619701017 30.2 19.7  0.009900-99.9-99.9-99.9-99.9 0.0  012.9 44 10.7  12  9.6 6.9 4.3
5036619701018 23.9 16.6  0.009900-99.9-99.9-99.9-99.9 0.0  010.8 51  8.1   6  4.8 6.9 3.0
5036619701019 19.3 15.1  0.009900-99.9-99.9-99.9-99.9 0.0  010.3 54  7.4  11  8.8 7.0 3.1
5036619701020 27.0 12.7  0.009900-99.9-99.9-99.9-99.910.9 8510.9 41  8.2   9  7.225.2 5.1
5036619701021 32.8 11.3  0.009900-99.9-99.9-99.9-99.911.2 8710.6 34  7.8   1  0.825.8 4.4
5036619701022 33.5 12.5  0.009900-99.9-99.9-99.9-99.910.0 7812.1 38  9.8   6  4.823.9 5.0
5036619701023 33.5 14.9  0.009900-99.9-99.9-99.9-99.911.3 8813.8 40 11.8   5  4.026.1 5.3
5036619701024 32.2 17.2 10.019900-99.9-99.9-99.9-99.9 7.8 6014.2 42 12.2  13 10.420.3 5.8
5036619701025 34.7 18.3  0.009900-99.9-99.9-99.9-99.911.3 8716.2 43 14.2   0  0.026.2 5.0
5036619701026 29.0 16.1  2.219900-99.9-99.9-99.9-99.9 0.0  014.8 65 12.8  21 16.8 7.2 4.5
5036619701027 16.1 10.4  2.119900-99.9-99.9-99.9-99.9 0.0  012.2 89  9.9   7  5.6 7.2 1.8
5036619701028 16.0  9.9  0.219900-99.9-99.9-99.9-99.9 0.0  013.0 81 10.9   2  1.6 7.2 1.5
5036619701029 17.7 12.9  0.009900-99.9-99.9-99.9-99.9 0.2  215.4 82 13.4   1  0.8 7.6 1.5
5036619701030 30.5 12.4  0.009900-99.9-99.9-99.9-99.9 9.8 7518.7 61 16.4   3  2.424.0 4.5
5036619701031 36.4 20.8  0.919900-99.9-99.9-99.9-99.9 6.4 4917.5 44 15.4  11  8.818.2 5.8
5036619701101 26.1 15.6  0.009900-99.9-99.9-99.9-99.9 8.8 6710.4 44  7.5   6  4.822.4 4.7
5036619701102 32.8 13.4  0.009900-99.9-99.9-99.9-99.911.2 85 9.2 29  5.8  12  9.626.5 6.4
5036619701103 34.0 18.6  0.009900-99.9-99.9-99.9-99.910.7 8110.4 28  7.5  11  8.825.7 6.6
5036619701104 33.2 14.4  0.009900-99.9-99.9-99.9-99.9 7.3 5511.0 31  8.4  10  8.019.9 5.5
5036619701105 31.8 14.7  0.009900-99.9-99.9-99.9-99.9 5.7 4312.2 37  9.9  13 10.417.2 5.4
5036619701106 33.9 21.1  0.009900-99.9-99.9-99.9-99.9 4.1 3115.3 39 13.3   9  7.214.5 5.0
5036619701107 34.7 18.4  0.009900-99.9-99.9-99.9-99.9 8.9 6717.4 45 15.3   6  4.822.8 5.5
5036619701108 37.8 19.8  5.019910-99.9-99.9-99.9-99.9 9.1 6918.6 47 16.4  13 10.423.2 6.9
5036619701109 27.5 16.9 10.319900-99.9-99.9-99.9-99.9 0.0  019.4 88 17.0  12  9.6 7.5 2.8
5036619701110 22.4 16.9  0.009900-99.9-99.9-99.9-99.9 0.0  018.1 76 15.9   0  0.0 7.5 1.8
5036619701111 30.0 18.4  0.819900-99.9-99.9-99.9-99.9 4.7 3520.1 65 17.6  11  8.815.7 4.4
5036619701112 25.7 18.6  0.009900-99.9-99.9-99.9-99.9 2.8 2114.0 54 12.0   6  4.812.4 3.6
5036619701113 28.9 15.4  0.009900-99.9-99.9-99.9-99.9 6.6 4914.2 47 12.2   6  4.819.0 4.4
5036619701114 34.4 15.9  0.009900-99.9-99.9-99.9-99.9 9.3 7015.0 39 13.0   6  4.823.7 5.5
5036619701115 33.9 16.9  0.009900-99.9-99.9-99.9-99.9 7.7 5716.3 42 14.3  14 11.221.0 6.1
5036619701116 34.9 19.2  0.009900-99.9-99.9-99.9-99.9 8.1 6015.5 41 13.5  15 12.021.7 6.8
5036619701117 25.5 17.9  0.009900-99.9-99.9-99.9-99.9 1.6 1211.1 43  8.5   4  3.210.4 3.4
5036619701118 27.6 14.5  0.009900-99.9-99.9-99.9-99.9 5.1 3812.2 43  9.9   6  4.816.6 4.1
5036619701119 34.1 15.2  0.009900-99.9-99.9-99.9-99.9 8.4 6212.6 36 10.4  10  8.022.3 5.9
5036619701120 36.9 15.4  0.009900-99.9-99.9-99.9-99.9 8.7 6514.0 36 12.0   8  6.422.9 5.9
5036619701121 29.7 18.9  0.009900-99.9-99.9-99.9-99.9 0.0  013.4 55 11.3   9  7.2 7.7 3.9
5036619701122 27.3 15.6  0.009900-99.9-99.9-99.9-99.9 7.1 53 8.6 32  4.8   1  0.820.1 4.1
5036619701123 32.2  9.7  0.009900-99.9-99.9-99.9-99.9 7.1 5210.0 33  7.0  16 12.820.2 6.0
5036619701124 33.4 13.4  0.009900-99.9-99.9-99.9-99.9 7.5 5511.8 34  9.4   9  7.220.9 5.4
5036619701125 36.6 17.4  0.009900-99.9-99.9-99.9-99.9 7.8 5715.3 38 13.3   7  5.621.4 5.7
5036619701126 32.7 20.3 30.319900-99.9-99.9-99.9-99.9 5.3 3917.6 50 15.5  28 22.417.1 7.5
5036619701127 25.7 15.4  0.009900-99.9-99.9-99.9-99.9 5.1 3715.4 57 13.4  11  8.816.7 4.2
5036619701128 29.8 16.2  0.009900-99.9-99.9-99.9-99.9 6.7 4918.0 56 15.8  10  8.019.5 4.8
5036619701129 31.2 17.2 23.119900-99.9-99.9-99.9-99.9 5.8 4319.7 58 17.3   9  7.218.0 4.6
5036619701130 25.5 12.6  0.319900-99.9-99.9-99.9-99.9 1.9 1416.0 80 14.0   6  4.811.2 2.8
5036619701201 27.1 14.4  0.009900-99.9-99.9-99.9-99.9 6.3 4617.9 68 15.8   2  1.618.9 3.7
5036619701202 28.4 18.9  0.009900-99.9-99.9-99.9-99.9 5.8 4217.3 57 15.2  10  8.018.0 4.8
5036619701203 33.5 15.4  0.009900-99.9-99.9-99.9-99.9 7.0 5116.8 45 14.8  14 11.220.2 5.8
5036619701204 34.3 19.6  0.009900-99.9-99.9-99.9-99.9 8.3 6117.9 44 15.8   7  5.622.4 5.7
5036619701205 34.9 20.1  0.009900-99.9-99.9-99.9-99.9 6.7 4917.3 40 15.2   4  3.219.7 5.0
5036619701206 31.8 17.9  0.009900-99.9-99.9-99.9-99.9 6.3 4616.5 49 14.5   9  7.219.0 5.2
5036619701207 33.6 19.4  0.009900-99.9-99.9-99.9-99.9 2.1 1521.7 53 18.8   8  6.411.6 3.9
5036619701208 35.1 21.9  0.009900-99.9-99.9-99.9-99.9 4.2 3119.0 45 16.7  15 12.015.3 6.0
5036619701209 35.0 20.1  0.009900-99.9-99.9-99.9-99.9 6.8 4921.9 54 19.0   4  3.219.9 5.0
5036619701210 40.6 21.9  0.009900-99.9-99.9-99.9-99.9 7.6 5521.5 43 18.7   2  1.621.3 5.5
5036619701211 32.0 22.3  0.009900-99.9-99.9-99.9-99.9 5.5 4015.9 43 13.9  11  8.817.6 5.8
5036619701212 28.1 19.0  0.009900-99.9-99.9-99.9-99.9 1.1  816.7 55 14.7  11  8.8 9.9 3.8
5036619701213 36.2 21.1  2.419900-99.9-99.9-99.9-99.9 5.8 4221.3 57 18.5  17 13.618.1 6.5
5036619701214 34.4 22.2 10.319900-99.9-99.9-99.9-99.9 6.1 4424.8 73 21.0   9  7.218.7 5.3
5036619701215 34.2 21.7 38.219900-99.9-99.9-99.9-99.9 5.7 4125.9 69 21.7  15 12.018.0 5.5
5036619701216 30.1 21.3  0.009900-99.9-99.9-99.9-99.9 1.3  926.0 78 21.7   6  4.810.2 2.9
5036619701217 34.2 22.6 50.919900-99.9-99.9-99.9-99.9 5.8 4229.3 68 23.7   5  4.018.2 4.7
5036619701218 30.6 20.2  3.719900-99.9-99.9-99.9-99.9 0.0  022.3 77 19.2   7  5.6 8.0 2.9
5036619701219 27.0 20.8  1.319900-99.9-99.9-99.9-99.9 0.0  024.0 78 20.4   4  3.2 8.0 2.3
5036619701220 25.7 19.3  5.219900-99.9-99.9-99.9-99.9 1.8 1323.5 82 20.1   9  7.211.1 2.8
5036619701221 30.7 18.3  0.009900-99.9-99.9-99.9-99.9 8.5 6220.9 63 18.2   1  0.822.9 4.8
5036619701222 31.7 20.5  0.009900-99.9-99.9-99.9-99.9 7.1 5120.7 54 18.1   7  5.620.5 5.2
5036619701223 34.6 21.3  0.009900-99.9-99.9-99.9-99.9 6.2 4520.0 50 17.5  11  8.818.9 5.8
5036619701224 36.2 21.7  0.009900-99.9-99.9-99.9-99.9 7.9 5722.2 49 19.2   4  3.221.9 5.5
5036619701225 37.0 25.1  0.009900-99.9-99.9-99.9-99.9 7.4 5424.7 54 20.9   6  4.821.0 5.9
5036619701226 36.7 22.1  9.719900-99.9-99.9-99.9-99.9 6.4 4624.0 59 20.4   7  5.619.2 5.5
5036619701227 27.3 22.2  3.419900-99.9-99.9-99.9-99.9 0.0  021.0 73 18.3   6  4.8 8.0 2.8
5036619701228 22.9 19.1  7.419900-99.9-99.9-99.9-99.9 0.0  021.2 92 18.4   6  4.8 8.0 2.1
5036619701229 28.2 18.7  0.009900-99.9-99.9-99.9-99.9 5.1 3723.2 77 19.9   8  6.416.9 3.9
5036619701230 32.7 19.4  3.519900-99.9-99.9-99.9-99.9 7.1 5225.2 68 21.2   4  3.220.5 4.7
5036619701231 27.8 21.4 22.819900-99.9-99.9-99.9-99.9 0.7  524.3 87 20.6  14 11.2 9.2 3.1
5036619710101 25.6 17.3  0.009900-99.9-99.9-99.9-99.9 1.7 1222.0 84 19.0   1  0.810.9 2.4
5036619710102 31.3 20.7  0.009900-99.9-99.9-99.9-99.9 6.8 4925.4 70 21.4   7  5.619.9 4.8
5036619710103 33.6 20.8  0.009900-99.9-99.9-99.9-99.9 8.3 6028.3 71 23.1   4  3.222.6 5.2
5036619710104 29.5 20.0  8.419900-99.9-99.9-99.9-99.9 0.0  023.9 87 20.4  15 12.0 7.9 3.0
5036619710105 31.4 16.8  0.009900-99.9-99.9-99.9-99.9 9.1 6622.1 65 19.1   7  5.624.0 5.3
5036619710106 31.7 18.1  6.919900-99.9-99.9-99.9-99.9 7.2 5324.8 68 21.0   3  2.420.6 4.5
5036619710107 27.6 18.5  4.419900-99.9-99.9-99.9-99.9 4.5 3322.1 81 19.1   2  1.615.8 3.5
5036619710108 30.9 17.7 41.019900-99.9-99.9-99.9-99.9 5.9 4322.1 77 19.1  12  9.618.3 4.7
5036619710109 22.3 16.6 19.919900-99.9-99.9-99.9-99.9 0.7  519.1 84 16.8   4  3.2 9.1 2.2
5036619710110 20.4 13.4  3.919900-99.9-99.9-99.9-99.9 0.0  014.9 89 12.9  13 10.4 7.9 2.4
5036619710111 18.0 12.5  0.719900-99.9-99.9-99.9-99.9 0.0  014.1 82 12.1   2  1.6 7.9 1.8
5036619710112 28.2 11.5  0.009900-99.9-99.9-99.9-99.910.1 7416.1 55 14.1   6  4.825.7 4.9
5036619710113 30.6 13.9  0.009900-99.9-99.9-99.9-99.910.2 7519.2 60 16.9   3  2.425.8 5.0
5036619710114 32.4 15.4  0.009900-99.9-99.9-99.9-99.9 8.5 6221.3 63 18.5   2  1.622.8 4.7
5036619710115 32.4 17.9  0.009900-99.9-99.9-99.9-99.9 7.7 5723.9 65 20.4   1  0.821.4 4.6
5036619710116 34.0 22.1  0.009900-99.9-99.9-99.9-99.9 8.4 6225.1 66 21.2   7  5.622.6 5.7
5036619710117 34.0 20.3  0.009900-99.9-99.9-99.9-99.9 8.1 6029.1 75 23.6  10  8.022.1 5.4
5036619710118 33.5 22.3 14.519900-99.9-99.9-99.9-99.9 2.5 1823.7 77 20.2  27 21.612.2 5.9
5036619710119 32.5 21.1  0.009900-99.9-99.9-99.9-99.9 6.4 4728.2 76 23.1   2  1.619.1 4.4
5036619710120 35.1 23.9  0.009900-99.9-99.9-99.9-99.9 8.6 6430.5 68 24.4   1  0.822.9 5.5
5036619710121 34.1 21.1 94.719900-99.9-99.9-99.9-99.9 5.6 4125.9 88 21.7  19 15.217.6 5.6
5036619710122 26.5 20.2  0.009900-99.9-99.9-99.9-99.9 1.2  925.2 88 21.2   6  4.8 9.9 2.4
5036619710123 34.3 22.2 52.319900-99.9-99.9-99.9-99.9 6.4 4828.4 74 23.2  12  9.619.0 5.3
5036619710124 27.8 17.7  3.919900-99.9-99.9-99.9-99.9 0.0  020.1 91 17.6  10  8.0 7.7 2.8
5036619710125 23.7 17.9  0.009900-99.9-99.9-99.9-99.9 0.0  019.6 77 17.2   3  2.4 7.7 2.1
5036619710126 29.7 18.9  0.119900-99.9-99.9-99.9-99.9 5.4 4023.0 73 19.7   6  4.817.2 4.0
5036619710127 31.0 20.8  0.119900-99.9-99.9-99.9-99.9 5.9 4425.5 70 21.4   9  7.218.0 4.5
5036619710128 32.5 21.9  0.009900-99.9-99.9-99.9-99.9 7.9 5928.9 76 23.5   1  0.821.5 4.8
5036619710129 33.1 22.2  6.619900-99.9-99.9-99.9-99.9 6.8 5128.9 77 23.5   4  3.219.5 4.7
5036619710130 25.8 18.9  0.519900-99.9-99.9-99.9-99.9 0.1  121.9 87 19.0   7  5.6 7.8 2.3
5036619710131 25.1 19.9  0.119900-99.9-99.9-99.9-99.9 0.0  023.8 87 20.3   1  0.8 7.6 1.9
5036619710201 28.2 21.2  6.519900-99.9-99.9-99.9-99.9 1.3 1026.4 84 22.0   5  4.0 9.9 2.6
5036619710202 30.6 21.9  0.009900-99.9-99.9-99.9-99.9 4.6 3528.7 80 23.4   2  1.615.6 3.6
5036619710203 34.0 23.4  0.009900-99.9-99.9-99.9-99.9 6.7 5130.7 80 24.5   3  2.419.2 4.7
5036619710204 35.6 23.3  0.319900-99.9-99.9-99.9-99.9 7.7 5828.4 63 23.2  12  9.620.9 5.9
5036619710205 35.4 24.3 73.319900-99.9-99.9-99.9-99.9 5.3 4026.3 60 21.9   0  0.016.7 4.2
5036619710206 29.1 14.9  5.319900-99.9-99.9-99.9-99.9 0.0  017.2 93 15.1   6  4.8 7.5 2.6
5036619710207 23.5 14.6  0.119900-99.9-99.9-99.9-99.9 1.7 1319.3 86 16.9   1  0.810.4 2.1
5036619710208 29.8 18.2  0.009900-99.9-99.9-99.9-99.9 7.3 5625.6 76 21.5   1  0.820.1 4.1
5036619710209 26.6 19.2 17.319900-99.9-99.9-99.9-99.9 0.7  522.9 84 19.7   4  3.2 8.6 2.3
5036619710210 28.0 18.9  0.009900-99.9-99.9-99.9-99.9 5.8 4422.5 80 19.4   2  1.617.4 3.7
5036619710211 29.5 20.1  0.009900-99.9-99.9-99.9-99.9 5.3 4124.4 78 20.7   6  4.816.5 3.9
5036619710212 32.6 20.4 28.419900-99.9-99.9-99.9-99.910.8 8327.7 75 22.8  11  8.826.0 6.0
5036619710213 27.9 17.8  1.619900-99.9-99.9-99.9-99.9 0.6  521.3 85 18.5   9  7.2 8.4 2.6
5036619710214 28.4 18.5 19.719900-99.9-99.9-99.9-99.9 3.8 2925.1 82 21.2   1  0.813.8 2.9
5036619710215 25.7 19.4  3.919900-99.9-99.9-99.9-99.9 1.3 1022.0 82 19.0   7  5.6 9.5 2.5
5036619710216 29.4 19.2  0.009900-99.9-99.9-99.9-99.910.1 7824.0 77 20.4  11  8.824.5 5.3
5036619710217 33.5 20.4  0.009900-99.9-99.9-99.9-99.9 8.9 6927.6 76 22.7   0  0.022.4 4.8
5036619710218 33.4 22.9 63.719900-99.9-99.9-99.9-99.9 6.6 5129.8 74 24.0   1  0.818.5 4.3
5036619710219 29.3 12.9  3.119900-99.9-99.9-99.9-99.9 1.8 1417.3 87 15.2   9  7.210.2 3.0
5036619710220 24.0 16.0  0.009900-99.9-99.9-99.9-99.9 2.7 2118.8 78 16.5   1  0.811.7 2.4
5036619710221 25.7 17.9  5.119900-99.9-99.9-99.9-99.9 3.4 2720.2 77 17.7   1  0.812.9 2.7
5036619710222 27.4 17.4  2.419900-99.9-99.9-99.9-99.9 4.4 3421.7 75 18.8   8  6.414.5 3.3
5036619710223 29.9 17.4  1.719900-99.9-99.9-99.9-99.9 7.4 5824.0 74 20.4   2  1.619.6 3.9
5036619710224 25.5 18.0  0.319900-99.9-99.9-99.9-99.9 0.8  617.5 74 15.4   5  4.0 8.4 2.6
5036619710225 22.4 16.8  0.009900-99.9-99.9-99.9-99.9 1.5 1214.7 68 12.7   8  6.4 9.5 2.9
5036619710226 25.4 16.2  0.009900-99.9-99.9-99.9-99.911.2 8817.4 68 15.3   2  1.625.8 4.4
5036619710227 26.7 18.0  0.009900-99.9-99.9-99.9-99.9 7.4 5818.6 71 16.4   7  5.619.3 4.2
5036619710228 30.0 17.9  0.009900-99.9-99.9-99.9-99.9 7.5 5920.9 68 18.2   7  5.619.4 4.3
5036619710301 31.7 19.1 15.119900-99.9-99.9-99.9-99.9 7.7 6122.1 67 19.1   7  5.619.7 4.6
5036619710302 28.0 18.0  0.119900-99.9-99.9-99.9-99.9 7.5 6022.7 79 19.5   4  3.219.3 3.9
5036619710303 29.7 19.5  0.009900-99.9-99.9-99.9-99.9 7.2 5725.0 76 21.1   1  0.818.7 3.8
5036619710304 31.4 19.4  0.009900-99.9-99.9-99.9-99.9 7.9 6324.1 71 20.5   6  4.819.8 4.4
5036619710305 31.9 20.7 32.119900-99.9-99.9-99.9-99.9 9.3 7424.5 73 20.8   6  4.822.1 4.9
5036619710306 24.7 19.0  0.419900-99.9-99.9-99.9-99.9 0.9  721.2 87 18.4   8  6.4 8.2 2.3
5036619710307 28.7 16.2  0.009900-99.9-99.9-99.9-99.9 8.5 6821.6 73 18.7   5  4.020.6 4.0
5036619710308 30.6 20.4  0.009900-99.9-99.9-99.9-99.9 6.8 5525.5 77 21.4   5  4.017.7 4.0
5036619710309 31.0 20.6  5.019900-99.9-99.9-99.9-99.9 6.4 5223.6 79 20.2  12  9.617.0 4.5
5036619710310 22.9 18.6 12.919900-99.9-99.9-99.9-99.9 0.0  021.1 88 18.4   1  0.8 6.6 1.6
5036619710311 24.6 18.5  2.419900-99.9-99.9-99.9-99.9 0.0  021.3 82 18.5   7  5.6 6.5 1.9
5036619710312 27.7 17.2  0.009900-99.9-99.9-99.9-99.9 7.8 6322.7 79 19.5   1  0.819.1 3.5
5036619710313 31.4 18.2 16.719900-99.9-99.9-99.9-99.9 8.0 6522.6 78 19.5   8  6.419.3 4.3
5036619710314 21.1 12.4 11.119900-99.9-99.9-99.9-99.9 0.0  015.1 96 13.1  18 14.4 6.4 2.2
5036619710315 21.8 11.8  0.009900-99.9-99.9-99.9-99.9 3.8 3114.5 75 12.5   2  1.612.5 2.3
5036619710316 26.5 10.3  0.009900-99.9-99.9-99.9-99.9 7.9 6516.3 71 14.3   9  7.218.9 3.4
5036619710317 27.0 14.2  0.009900-99.9-99.9-99.9-99.9 4.8 3919.1 73 16.8   2  1.613.9 2.7
5036619710318 29.6 17.3  3.219900-99.9-99.9-99.9-99.9 4.7 3921.7 75 18.8   5  4.013.7 3.1
5036619710319 25.5 19.4  1.619900-99.9-99.9-99.9-99.9 0.7  621.9 85 19.0   9  7.2 7.4 2.2
5036619710320 27.6 19.3  0.419900-99.9-99.9-99.9-99.9 0.7  623.3 80 20.0   3  2.4 7.3 2.0
5036619710321 30.4 18.1  0.009900-99.9-99.9-99.9-99.9 4.8 4021.5 68 18.7   6  4.813.7 3.3
5036619710322 30.0 17.5 51.719900-99.9-99.9-99.9-99.9 4.3 3621.5 80 18.7  12  9.612.8 3.5
5036619710323 24.7 17.3  0.319900-99.9-99.9-99.9-99.9 2.6 2219.0 79 16.7   6  4.810.1 2.4
5036619710324 25.8 18.0  0.009900-99.9-99.9-99.9-99.9 0.0  020.0 78 17.5   1  0.8 6.1 1.7
5036619710325 29.2 15.4  0.009900-99.9-99.9-99.9-99.9 9.1 7620.1 70 17.6   1  0.820.0 3.5
5036619710326 30.6 16.9  0.009900-99.9-99.9-99.9-99.9 6.2 5220.5 66 17.9  12  9.615.5 3.9
5036619710327 31.0 18.9  0.009900-99.9-99.9-99.9-99.9 9.3 7822.9 70 19.7   0  0.020.1 3.8
5036619710328 32.6 19.7  0.009900-99.9-99.9-99.9-99.9 9.4 7925.5 70 21.4   9  7.220.2 4.5
5036619710329 32.2 21.4  0.009900-99.9-99.9-99.9-99.9 6.5 5527.4 73 22.6   1  0.815.7 3.4
5036619710330 28.0 18.7  1.019900-99.9-99.9-99.9-99.9 0.0  020.4 84 17.8  11  8.8 5.8 2.5
5036619710331 21.8 18.3  0.819900-99.9-99.9-99.9-99.9 0.0  020.8 88 18.1   4  3.2 5.8 1.4
5036619710401 24.6 17.9  0.119900-99.9-99.9-99.9-99.9 0.0  023.1 88 19.8   1  0.8 5.8 1.3
5036619710402 32.3 18.3  0.009900-99.9-99.9-99.9-99.9 8.3 7125.8 76 21.6   4  3.218.0 3.7
5036619710403 27.7 20.9  0.009900-99.9-99.9-99.9-99.9 5.4 4618.3 62 16.1   6  4.813.7 3.4
5036619710404 29.1 19.4  0.009900-99.9-99.9-99.9-99.9 8.3 7120.9 66 18.2   6  4.817.9 3.7
5036619710405 29.9 20.1  0.919900-99.9-99.9-99.9-99.9 6.5 5625.1 79 21.2   2  1.615.1 3.1
5036619710406 28.0 18.7 13.819900-99.9-99.9-99.9-99.9 3.4 2921.3 82 18.5  13 10.410.5 3.0
5036619710407 23.5 18.6 15.319900-99.9-99.9-99.9-99.9 0.3  321.5 91 18.7   5  4.0 6.0 1.5
5036619710408 19.5 14.2  6.619900-99.9-99.9-99.9-99.9 0.0  015.9 90 13.9   7  5.6 5.5 1.5
5036619710409 18.7 14.2  5.419900-99.9-99.9-99.9-99.9 0.0  017.0 89 15.0   4  3.2 5.4 1.2
5036619710410 18.5 16.4 11.319900-99.9-99.9-99.9-99.9 0.0  018.4 93 16.2   1  0.8 5.4 1.1
5036619710411 18.2 16.0  1.219900-99.9-99.9-99.9-99.9 0.0  018.4 95 16.2   1  0.8 5.4 1.1
5036619710412 23.7 16.0  4.619900-99.9-99.9-99.9-99.9 0.7  620.1 83 17.6   3  2.4 6.3 1.4
5036619710413 20.2 17.5  7.519900-99.9-99.9-99.9-99.9 0.0  020.3 95 17.7  10  8.0 5.3 1.2
5036619710414 20.4 16.9  1.919900-99.9-99.9-99.9-99.9 0.0  020.0 90 17.5   1  0.8 5.3 1.1
5036619710415 23.9 11.9  1.819900-99.9-99.9-99.9-99.9 2.5 2214.7 81 12.7   7  5.6 8.7 2.1
5036619710416 22.0 10.4  0.009900-99.9-99.9-99.9-99.9 7.1 62 9.0 53  5.4   9  7.215.0 3.0
5036619710417 25.7  6.3  0.009900-99.9-99.9-99.9-99.910.4 9111.2 58  8.6   8  6.419.5 2.9
5036619710418 20.1  8.8  0.009900-99.9-99.9-99.9-99.9 9.6 8510.7 65  8.0   4  3.218.3 2.3
5036619710419 21.9  7.9  0.009900-99.9-99.9-99.9-99.9 6.6 5812.9 72 10.7   6  4.814.1 2.1
5036619710420 22.5 10.5  5.219900-99.9-99.9-99.9-99.9 4.9 4315.3 74 13.3   3  2.411.7 1.8
5036619710421 19.5 10.7  5.119900-99.9-99.9-99.9-99.9 0.0  011.9 90  9.5   6  4.8 5.0 1.6
5036619710422 10.9  8.7  2.519900-99.9-99.9-99.9-99.9 0.0  011.3 94  8.8   6  4.8 5.0 0.9
5036619710423 15.5  9.0  0.009900-99.9-99.9-99.9-99.9 0.7  6 9.7 69  6.5   0  0.0 5.9 1.2
5036619710424 20.4  4.4  0.009900-99.9-99.9-99.9-99.9 9.9 88 9.0 63  5.4   4  3.218.1 2.1
5036619710425 21.6  4.9  0.009900-99.9-99.9-99.9-99.9 7.3 6510.1 64  7.1   4  3.214.5 1.9
5036619710426 16.3  5.8  0.009900-99.9-99.9-99.9-99.9 1.5 1310.4 69  7.5   3  2.4 6.8 1.2
5036619710427 23.3  6.7  0.009900-99.9-99.9-99.9-99.9 7.8 7012.2 67  9.9   4  3.215.0 2.0
5036619710428 24.5  8.8  0.009900-99.9-99.9-99.9-99.9 7.9 7114.0 69 12.0   6  4.815.1 2.2
5036619710429 25.3 12.6  0.009900-99.9-99.9-99.9-99.9 8.0 7215.6 70 13.6   6  4.815.1 2.4
5036619710430 24.6 12.9  0.419900-99.9-99.9-99.9-99.9 3.3 3018.1 80 15.9   6  4.8 9.0 1.7
5036619710501 23.0 16.8  3.919900-99.9-99.9-99.9-99.9 0.3  316.8 74 14.8   6  4.8 5.0 1.7
5036619710502 21.2 11.4 18.919900-99.9-99.9-99.9-99.9 2.1 1915.4 83 13.4   4  3.2 7.3 1.4
5036619710503 17.3  7.9  2.919900-99.9-99.9-99.9-99.9 0.0  0 9.4 80  6.1   5  4.0 4.6 1.5
5036619710504 12.0  5.6  0.009900-99.9-99.9-99.9-99.9 1.2 11 7.7 72  3.2   5  4.0 6.1 1.3
5036619710505 12.3  5.9  0.009900-99.9-99.9-99.9-99.9 0.4  4 8.4 77  4.5   5  4.0 5.0 1.2
5036619710506 12.2  8.1  0.009900-99.9-99.9-99.9-99.9 0.0  0 9.7 76  6.5   2  1.6 4.5 1.0
5036619710507 13.4  9.3  0.009900-99.9-99.9-99.9-99.9 0.0  010.3 77  7.4   2  1.6 4.5 1.0
5036619710508 18.2  9.9  0.009900-99.9-99.9-99.9-99.9 4.0 3711.3 78  8.8   3  2.4 9.4 1.5
5036619710509 20.6  6.6  0.009900-99.9-99.9-99.9-99.9 7.1 6510.7 69  8.0   3  2.413.2 1.6
5036619710510 23.4  7.3  0.009900-99.9-99.9-99.9-99.9 8.5 7812.5 70 10.3   2  1.614.8 1.7
5036619710511 23.9  9.2  0.009900-99.9-99.9-99.9-99.9 7.6 7013.9 75 11.9   0  0.013.6 1.6
5036619710512 24.5  8.8  0.009900-99.9-99.9-99.9-99.9 8.4 7814.1 74 12.1   5  4.014.5 1.9
5036619710513 26.5 10.9  0.009900-99.9-99.9-99.9-99.9 4.8 4415.2 70 13.2   1  0.810.1 1.6
5036619710514 26.1 13.7  0.009900-99.9-99.9-99.9-99.9 7.9 7317.7 75 15.6   6  4.813.8 2.1
5036619710515 24.0 16.8  0.009900-99.9-99.9-99.9-99.9 5.4 5012.8 56 10.6   3  2.410.7 2.0
5036619710516 23.5  9.9  0.009900-99.9-99.9-99.9-99.9 8.4 7812.3 65 10.0   2  1.614.2 1.7
5036619710517 24.0  8.7  0.009900-99.9-99.9-99.9-99.9 6.0 5613.7 71 11.6   5  4.011.3 1.6
5036619710518 25.0  9.7  0.009900-99.9-99.9-99.9-99.9 6.0 5613.8 71 11.8   2  1.611.3 1.6
5036619710519 27.9 11.2  0.009900-99.9-99.9-99.9-99.9 5.1 4816.3 71 14.3   2  1.610.1 1.6
5036619710520 28.5 12.9  0.009900-99.9-99.9-99.9-99.9 6.0 5617.2 71 15.1   6  4.811.2 2.0
5036619710521 27.7 14.6  0.009900-99.9-99.9-99.9-99.9 6.0 5618.5 73 16.3   1  0.811.1 1.7
5036619710522 28.7 13.9  0.009900-99.9-99.9-99.9-99.9 6.8 6418.7 75 16.4   2  1.612.0 1.8
5036619710523 21.7 13.4  0.009900-99.9-99.9-99.9-99.9 0.3  316.8 82 14.8   5  4.0 4.4 1.1
5036619710524 17.0 11.1  5.219900-99.9-99.9-99.9-99.9 0.0  015.3 90 13.3   3  2.4 4.0 0.7
5036619710525 14.6 10.4  0.009900-99.9-99.9-99.9-99.9 0.2  211.6 81  9.2   6  4.8 4.2 1.1
5036619710526 18.7 10.0  0.009900-99.9-99.9-99.9-99.9 5.0 47 9.6 64  6.4   6  4.8 9.7 1.7
5036619710527 19.2  7.8  0.009900-99.9-99.9-99.9-99.9 1.8 1710.0 67  7.0   3  2.4 6.0 1.3
5036619710528 18.0  3.9  0.009900-99.9-99.9-99.9-99.9 5.8 55 9.5 74  6.2   2  1.610.5 1.1
5036619710529 22.3  4.0  0.009900-99.9-99.9-99.9-99.9 6.5 6210.4 71  7.5   4  3.211.3 1.3
5036619710530 23.7  5.4  0.009900-99.9-99.9-99.9-99.9 4.6 4411.7 69  9.3   2  1.6 9.1 1.2
5036619710531 24.0  8.3  0.009900-99.9-99.9-99.9-99.9 6.5 6213.2 71 11.1   3  2.411.2 1.4
5036619710601 23.6  9.9  0.009900-99.9-99.9-99.9-99.9-9.9 9913.6 72 11.5   4  3.2-9.9-9.9
5036619710602 16.9 11.1  0.009900-99.9-99.9-99.9-99.9 0.0  011.9 73  9.5   6  4.8 3.9 1.2
5036619710603 11.5  7.8  0.009900-99.9-99.9-99.9-99.9 0.0  0 8.4 73  4.5   3  2.4 3.8 1.0
5036619710604  9.1  6.3  0.009900-99.9-99.9-99.9-99.9 0.0  0 8.6 82  4.8   3  2.4 3.8 0.8
5036619710605 12.7  6.2  0.419900-99.9-99.9-99.9-99.9 0.6  6 8.4 75  4.5   1  0.8 4.5 0.9
5036619710606  9.3  5.5  1.519900-99.9-99.9-99.9-99.9 0.0  0 8.7 88  5.0   1  0.8 3.8 0.7
5036619710607  9.9  6.1  1.219900-99.9-99.9-99.9-99.9 0.1  1 8.7 86  5.0   4  3.2 3.9 0.8
5036619710608 18.1  2.2  0.009900-99.9-99.9-99.9-99.9 7.8 75 8.0 69  3.8   4  3.212.4 1.1
5036619710609 17.2  1.8  0.009900-99.9-99.9-99.9-99.9 5.8 55 8.3 65  4.3   6  4.810.2 1.1
5036619710610 15.0  2.8  0.009900-99.9-99.9-99.9-99.9 0.2  2 7.9 74  3.6   0  0.0 4.0 0.8
5036619710611 17.7  5.0  0.009900-99.9-99.9-99.9-99.9 4.2 40 9.1 72  5.6   3  2.4 8.4 1.1
5036619710612 22.2  3.3  0.009900-99.9-99.9-99.9-99.9 7.4 71 9.6 72  6.4   0  0.011.9 1.0
5036619710613 20.6  3.1  0.009900-99.9-99.9-99.9-99.9 6.1 58 8.6 64  4.8   8  6.410.4 1.5
5036619710614 21.1  3.9  0.009900-99.9-99.9-99.9-99.9 6.6 63 9.1 67  5.6   3  2.410.9 1.2
5036619710615 20.7  4.2  0.009900-99.9-99.9-99.9-99.9 6.2 59 9.6 66  6.4   6  4.810.5 1.3
5036619710616 12.5  7.9  0.009900-99.9-99.9-99.9-99.9 0.0  0 7.2 65  2.3   1  0.8 3.7 1.1
5036619710617 16.0  5.8  0.009900-99.9-99.9-99.9-99.9 3.9 37 8.1 67  3.9   2  1.6 8.0 1.1
5036619710618 19.7  2.4  0.009900-99.9-99.9-99.9-99.9 6.7 64 9.1 74  5.6   2  1.611.0 1.0
5036619710619 18.9  5.3  0.009900-99.9-99.9-99.9-99.9 2.3 22 9.8 72  6.7   3  2.4 6.2 1.1
5036619710620 19.2  5.4  0.009900-99.9-99.9-99.9-99.9 4.8 4610.5 75  7.7   1  0.8 8.9 0.9
5036619710621 21.1  2.8  0.009900-99.9-99.9-99.9-99.9 5.0 4810.7 74  8.0   9  7.2 9.1 1.2
5036619710622 14.6  7.9  0.009900-99.9-99.9-99.9-99.9 0.0  0 7.1 57  2.1   2  1.6 3.7 1.3
5036619710623 19.8  7.9  0.009900-99.9-99.9-99.9-99.9 4.8 46 7.6 53  3.0  10  8.0 8.9 2.1
5036619710624 19.9  3.3  0.009900-99.9-99.9-99.9-99.9-9.9 99 7.3 60  2.5  12  9.6-9.9-9.9
5036619710625 19.2  1.4  0.009900-99.9-99.9-99.9-99.9-9.9 99 6.7 54  1.3   6  4.8-9.9-9.9
5036619710626 17.2  0.8  0.009900-99.9-99.9-99.9-99.9-9.9 99 7.1 64  2.1   7  5.6-9.9-9.9
5036619710627 22.0  2.0  0.009900-99.9-99.9-99.9-99.9-9.9 99 8.5 61  4.6   7  5.6-9.9-9.9
5036619710628 22.8  3.7  0.009900-99.9-99.9-99.9-99.9-9.9 99 8.8 60  5.1   0  0.0-9.9-9.9
5036619710629 21.4  3.3  0.009900-99.9-99.9-99.9-99.9-9.9 99 8.7 61  5.0   1  0.8-9.9-9.9
5036619710630 17.4  4.2  0.009900-99.9-99.9-99.9-99.9-9.9 99 7.1 52  2.1   6  4.8-9.9-9.9
5036619710701 17.2  3.5  0.009900-99.9-99.9-99.9-99.9 3.8 36 6.3 54  0.4  10  8.0 7.9 1.8
5036619710702 20.8  0.9  0.009900-99.9-99.9-99.9-99.9 4.8 46 5.9 48 -0.5   1  0.8 9.0 1.1
5036619710703 18.6  2.0  0.009900-99.9-99.9-99.9-99.9 0.2  2 5.5 35 -1.4   8  6.4 4.0 1.9
5036619710704 20.4  1.9  0.009900-99.9-99.9-99.9-99.9 4.3 41 6.3 51  0.4   2  1.6 8.5 1.2
5036619710705 24.6  1.8  0.009900-99.9-99.9-99.9-99.9 4.8 46 7.1 47  2.1   5  4.0 9.1 1.6
5036619710706 20.7  1.8  0.009900-99.9-99.9-99.9-99.9 4.7 45 6.8 52  1.5   6  4.8 9.0 1.5
5036619710707 22.0  3.5  0.009900-99.9-99.9-99.9-99.9 5.5 52 8.0 51  3.8   3  2.4 9.9 1.3
5036619710708 24.3  4.9  0.009900-99.9-99.9-99.9-99.9 5.1 49 9.2 61  5.8   2  1.6 9.5 1.3
5036619710709 25.6  6.4  0.009900-99.9-99.9-99.9-99.9 3.6 34 9.9 59  6.8   5  4.0 7.8 1.7
5036619710710 25.1  7.1  0.009900-99.9-99.9-99.9-99.9 3.5 3311.6 64  9.2   0  0.0 7.7 1.2
5036619710711 34.9 10.5  0.009900-99.9-99.9-99.9-99.9 4.5 4315.9 52 13.9  11  8.8 8.9 2.7
5036619710712 25.5 12.4  0.009900-99.9-99.9-99.9-99.9 3.4 32 8.6 49  4.8  10  8.0 7.7 2.8
5036619710713 20.8  3.7  0.009900-99.9-99.9-99.9-99.9 4.5 43 7.8 60  3.4   3  2.4 8.9 1.3
5036619710714 22.1  4.4  0.009900-99.9-99.9-99.9-99.9 3.6 34 9.0 63  5.4   2  1.6 7.9 1.3
5036619710715 25.3  4.9  0.009900-99.9-99.9-99.9-99.9 6.5 6210.1 61  7.1   2  1.611.2 1.4
5036619710716 24.7  7.4  0.009900-99.9-99.9-99.9-99.9 3.2 3011.9 62  9.5   4  3.2 7.5 1.5
5036619710717 27.7  8.4  0.009900-99.9-99.9-99.9-99.9 6.4 6012.5 64 10.3   3  2.411.2 1.7
5036619710718 28.3  9.7  0.009900-99.9-99.9-99.9-99.9 5.5 5212.5 59 10.3   4  3.210.2 1.8
5036619710719 30.0 11.4  0.009900-99.9-99.9-99.9-99.9 6.6 6213.5 58 11.4   3  2.411.5 1.9
5036619710720 30.4 12.2  0.009900-99.9-99.9-99.9-99.9 7.5 7113.5 56 11.4   8  6.412.6 2.5
5036619710721 29.5 12.9  0.009900-99.9-99.9-99.9-99.9 6.5 6112.9 57 10.7   3  2.411.5 2.0
5036619710722 24.6  9.1  0.009900-99.9-99.9-99.9-99.9 5.4 5111.0 61  8.4   1  0.810.3 1.5
5036619710723 25.5  9.0  0.009900-99.9-99.9-99.9-99.9 5.5 5211.1 57  8.5   1  0.810.4 1.5
5036619710724 17.5  7.4  0.009900-99.9-99.9-99.9-99.9 0.0  010.3 71  7.4   1  0.8 4.1 1.0
5036619710725 22.0  6.9  0.009900-99.9-99.9-99.9-99.9 3.1 29 9.5 61  6.2   2  1.6 7.7 1.4
5036619710726 22.7  4.9  0.009900-99.9-99.9-99.9-99.9 2.1 20 9.0 58  5.4   5  4.0 6.6 1.6
5036619710727 21.0  7.9  0.619900-99.9-99.9-99.9-99.9 1.4 1312.7 70 10.5   7  5.6 5.8 1.3
5036619710728 17.4 14.7  3.419900-99.9-99.9-99.9-99.9 0.0  014.9 83 12.9   6  4.8 4.2 1.2
5036619710729 18.2 13.3  0.919900-99.9-99.9-99.9-99.9 0.0  014.9 88 12.9   1  0.8 4.2 1.0
5036619710730 14.5 11.4  1.119900-99.9-99.9-99.9-99.9 0.0  013.2 88 11.1   2  1.6 4.2 0.8
5036619710731 13.9 10.5  0.009900-99.9-99.9-99.9-99.9 0.0  012.6 93 10.4   5  4.0 4.2 0.9
5036619710801 17.6  9.7  0.009900-99.9-99.9-99.9-99.9 0.2  212.1 81  9.8   5  4.0 4.5 1.2
5036619710802 24.7  6.8  0.009900-99.9-99.9-99.9-99.9 7.2 6612.8 68 10.6   4  3.213.0 1.7
5036619710803 22.6  6.4  0.009900-99.9-99.9-99.9-99.9 0.0  012.0 66  9.7   7  5.6 4.3 1.4
5036619710804 16.4 10.3  0.009900-99.9-99.9-99.9-99.9 0.0  0 6.8 45  1.5   0  0.0 4.4 1.4
5036619710805 16.4  6.4  0.009900-99.9-99.9-99.9-99.9 0.1  1 6.5 47  0.9   2  1.6 4.5 1.5
5036619710806 20.9  3.5  0.009900-99.9-99.9-99.9-99.9 5.7 52 7.2 50  2.3   0  0.011.5 1.4
5036619710807 23.7  4.0  0.009900-99.9-99.9-99.9-99.9 5.5 50 7.6 48  3.0  12  9.611.3 2.6
5036619710808 24.4  4.4  0.009900-99.9-99.9-99.9-99.9 6.1 56 8.8 55  5.1   6  4.812.1 2.0
5036619710809 27.3  5.9  0.009900-99.9-99.9-99.9-99.9 8.6 78 7.9 44  3.6   9  7.215.3 2.8
5036619710810 28.6  6.5  0.009900-99.9-99.9-99.9-99.9 8.3 75 9.0 44  5.4   4  3.215.0 2.3
5036619710811 25.8  7.9  0.009900-99.9-99.9-99.9-99.9 6.3 5710.5 55  7.7   5  4.012.5 2.2
5036619710812 17.6 10.2  0.009900-99.9-99.9-99.9-99.9 0.0  0 8.9 51  5.3   6  4.8 4.6 1.8
5036619710813 16.9  9.4  0.009900-99.9-99.9-99.9-99.9 4.4 40 6.9 51  1.7   4  3.210.2 1.9
5036619710814 19.5  1.9  0.009900-99.9-99.9-99.9-99.9 9.2 83 7.0 57  1.9   2  1.616.5 1.7
5036619710815 23.5  2.3  0.009900-99.9-99.9-99.9-99.910.8 97 6.2 43  0.2   5  4.018.6 2.2
5036619710816 23.5  5.4  0.009900-99.9-99.9-99.9-99.9 7.5 67 7.8 47  3.4   4  3.214.4 2.1
5036619710817 25.0  4.9  0.009900-99.9-99.9-99.9-99.9 8.2 73 9.1 53  5.6   4  3.215.4 2.2
5036619710818 28.8  5.9  0.009900-99.9-99.9-99.9-99.9 6.4 5710.3 55  7.4   2  1.613.2 2.1
5036619710819 29.8 10.5  0.009900-99.9-99.9-99.9-99.9 3.4 3011.9 51  9.5   5  4.0 9.3 2.5
5036619710820 22.9 10.8  0.009900-99.9-99.9-99.9-99.9 5.2 46 9.5 48  6.2   6  4.811.7 2.5
5036619710821 15.9  7.4  0.009900-99.9-99.9-99.9-99.9 0.0  0 8.2 58  4.1   6  4.8 4.9 1.7
5036619710822 24.5  5.4  0.009900-99.9-99.9-99.9-99.9 9.8 87 5.5 35 -1.4  11  8.818.0 3.3
5036619710823 23.9  5.0  0.009900-99.9-99.9-99.9-99.9 9.3 82 6.9 44  1.7   8  6.417.4 2.8
5036619710824 22.2  3.9  0.009900-99.9-99.9-99.9-99.9 8.0 71 8.4 58  4.5   0  0.015.8 1.8
5036619710825 25.2  4.4  0.009900-99.9-99.9-99.9-99.9 9.3 82 7.4 48  2.7  12  9.617.6 3.3
5036619710826 24.7  5.0  0.009900-99.9-99.9-99.9-99.9 8.5 75 8.8 53  5.1   8  6.416.6 2.7
5036619710827 26.6  6.5  0.009900-99.9-99.9-99.9-99.9 9.3 8210.1 51  7.1   4  3.217.8 2.6
5036619710828 26.2 11.0  0.009900-99.9-99.9-99.9-99.9 7.7 6714.1 62 12.1  11  8.815.7 3.1
5036619710829 25.7 14.1  0.009900-99.9-99.9-99.9-99.9 1.5 1317.3 70 15.2   0  0.0 7.3 1.6
5036619710830 29.2 17.4  0.009900-99.9-99.9-99.9-99.9 6.4 5617.7 61 15.6   6  4.814.1 3.1
5036619710831 24.9 16.9  0.009900-99.9-99.9-99.9-99.9 0.0  017.0 83 15.0   8  6.4 5.3 2.1
5036619710901 24.9 15.4  0.009900-99.9-99.9-99.9-99.9 3.8 3316.7 72 14.7   6  4.810.6 2.4
5036619710902 29.9 12.9  0.619900-99.9-99.9-99.9-99.9 8.7 7513.4 60 11.3   6  4.817.6 3.4
5036619710903 25.5 14.0  3.119900-99.9-99.9-99.9-99.9 0.0  015.8 92 13.8   6  4.8 5.4 1.9
5036619710904 17.3 12.5  0.009900-99.9-99.9-99.9-99.9 0.0  014.9 88 12.9   0  0.0 5.4 1.1
5036619710905 21.7 14.4  0.119900-99.9-99.9-99.9-99.9 1.3 1116.4 77 14.4   6  4.8 7.3 1.8
5036619710906 23.2 14.4  0.519900-99.9-99.9-99.9-99.9 1.8 1516.2 80 14.2   0  0.0 8.1 1.7
5036619710907 28.0  9.9  0.009900-99.9-99.9-99.9-99.9 6.8 5815.0 65 13.0   7  5.615.3 2.9
5036619710908 29.0 11.4  0.009900-99.9-99.9-99.9-99.9 6.2 5314.0 58 12.0   2  1.614.5 2.7
5036619710909 28.9 10.1  0.009900-99.9-99.9-99.9-99.9 7.4 6312.1 53  9.8   3  2.416.4 2.9
5036619710910 37.8 14.9  0.009900-99.9-99.9-99.9-99.9 6.8 58 7.5 22  2.9  19 15.215.6 6.6
5036619710911 32.3 12.3  0.009900-99.9-99.9-99.9-99.9 5.1 43 8.0 34  3.8   9  7.213.1 4.1
5036619710912 26.8 11.6  0.009900-99.9-99.9-99.9-99.9 7.8 6612.6 57 10.4   1  0.817.2 2.8
5036619710913 30.4  9.6  0.009900-99.9-99.9-99.9-99.9 5.8 4913.8 55 11.8   4  3.214.3 2.9
5036619710914 33.0 13.7  0.009900-99.9-99.9-99.9-99.9 5.8 4914.3 48 12.3  14 11.214.4 4.5
5036619710915 26.5 11.9  0.009900-99.9-99.9-99.9-99.9 6.6 5612.8 51 10.6   2  1.615.7 2.8
5036619710916 27.6 14.4  0.009900-99.9-99.9-99.9-99.9 2.9 2415.8 64 13.8   2  1.610.2 2.4
5036619710917 31.0 14.0  0.009900-99.9-99.9-99.9-99.9 4.7 3918.7 64 16.4   4  3.213.0 2.9
5036619710918 32.8 16.8  0.009900-99.9-99.9-99.9-99.9 4.2 3519.6 57 17.2   9  7.212.3 3.5
5036619710919 27.3 17.5  0.009900-99.9-99.9-99.9-99.9 0.0  017.7 81 15.6   6  4.8 6.0 2.3
5036619710920 20.5 16.5  0.819900-99.9-99.9-99.9-99.9 0.0  014.8 69 12.8   2  1.6 6.0 1.7
5036619710921 18.7 11.9  0.009900-99.9-99.9-99.9-99.9 0.0  013.7 84 11.6   4  3.2 6.0 1.5
5036619710922 21.7  9.1  0.009900-99.9-99.9-99.9-99.9 3.4 2811.0 63  8.4   3  2.411.3 2.2
5036619710923 24.0  6.8  0.009900-99.9-99.9-99.9-99.9 5.1 4210.3 53  7.4   2  1.614.0 2.4
5036619710924 27.1 13.8  0.009900-99.9-99.9-99.9-99.9 6.1 5011.7 50  9.3   7  5.615.6 3.6
5036619710925 27.7  9.9  0.119900-99.9-99.9-99.9-99.9 5.3 4412.8 49 10.6   2  1.614.4 2.8
5036619710926 24.0 17.2  3.319900-99.9-99.9-99.9-99.9 0.0  015.2 66 13.2   6  4.8 6.2 2.3
5036619710927 28.0 16.4  0.119900-99.9-99.9-99.9-99.9 5.1 4214.5 52 12.5  11  8.814.2 4.0
5036619710928 29.9 17.8  0.009900-99.9-99.9-99.9-99.9 5.0 4114.2 49 12.2   4  3.214.1 3.5
5036619710929 32.0 13.2  0.319900-99.9-99.9-99.9-99.9 5.6 4613.9 48 11.9   0  0.015.1 3.0
5036619710930 30.5 18.1  0.009900-99.9-99.9-99.9-99.9 3.8 3116.5 52 14.5   7  5.612.4 3.6
5036619711001 34.0 15.3  0.009900-99.9-99.9-99.9-99.9 4.1 3316.0 43 14.0  12  9.612.9 4.4
5036619711002 35.9 19.8  0.009900-99.9-99.9-99.9-99.9 6.1 4916.4 45 14.4   2  1.616.1 3.9
5036619711003 29.4 14.3  0.009900-99.9-99.9-99.9-99.9 0.0  0 8.8 41  5.1   9  7.2 6.5 3.8
5036619711004 17.1 11.4  0.009900-99.9-99.9-99.9-99.9 0.0  0 8.5 52  4.6   4  3.2 6.5 2.1
5036619711005 15.0 11.3  0.009900-99.9-99.9-99.9-99.9 0.0  0 9.0 61  5.4  11  8.8 6.5 2.5
5036619711006 21.2  9.4  0.009900-99.9-99.9-99.9-99.9 7.0 56 9.9 67  6.8   7  5.617.8 3.3
5036619711007 27.0  6.4  0.009900-99.9-99.9-99.9-99.9 8.2 66 9.9 44  6.8   6  4.819.9 3.6
5036619711008 30.3  9.3  0.009900-99.9-99.9-99.9-99.9 8.2 6611.7 42  9.3   9  7.219.9 4.3
5036619711009 30.1 14.5  2.519900-99.9-99.9-99.9-99.9 6.7 5413.6 44 11.5   8  6.417.6 4.3
5036619711010 25.7 10.0  4.719900-99.9-99.9-99.9-99.9 0.0  011.9 89  9.5  19 15.2 6.7 3.5
5036619711011 19.0 10.9  0.009900-99.9-99.9-99.9-99.9 3.0 2411.2 68  8.6   2  1.611.6 2.3
5036619711012 25.1  7.1  0.009900-99.9-99.9-99.9-99.9 7.9 6311.6 51  9.2  10  8.019.7 3.7
5036619711013 27.7 13.2  0.009900-99.9-99.9-99.9-99.9 8.3 6610.2 41  7.3  12  9.620.4 5.0
5036619711014 29.7 11.5  0.009900-99.9-99.9-99.9-99.911.3 8910.8 39  8.1   7  5.625.4 4.9
5036619711015 31.0 11.2  0.009900-99.9-99.9-99.9-99.910.6 8413.0 42 10.9   3  2.424.4 4.4
5036619711016 33.8 13.4  0.009900-99.9-99.9-99.9-99.9 8.7 6912.6 37 10.4   5  4.021.3 4.6
5036619711017 35.7 18.6  0.009900-99.9-99.9-99.9-99.9 8.1 6415.1 38 13.1  11  8.820.4 5.8
5036619711018 34.6 18.4  0.119900-99.9-99.9-99.9-99.9 6.9 5416.7 50 14.7  21 16.818.4 6.7
5036619711019 32.9 18.4  0.009900-99.9-99.9-99.9-99.9 9.7 7618.0 54 15.8   1  0.823.1 4.6
5036619711020 32.3 16.2  0.009900-99.9-99.9-99.9-99.910.5 8218.8 57 16.5   7  5.624.6 5.2
5036619711021 33.1 19.0  0.009900-99.9-99.9-99.9-99.9 8.5 6618.5 49 16.3   6  4.821.3 5.0
5036619711022 33.1 18.5 26.119900-99.9-99.9-99.9-99.9 6.8 5321.9 66 19.0   6  4.818.5 4.5
5036619711023 25.6 16.0  7.119900-99.9-99.9-99.9-99.9 2.0 1618.2 81 16.0   9  7.210.4 2.8
5036619711024 24.4 16.7  5.519900-99.9-99.9-99.9-99.9 0.9  717.1 70 15.0   4  3.2 8.6 2.4
5036619711025 26.3 15.6  0.419900-99.9-99.9-99.9-99.9 1.6 1216.4 64 14.4   1  0.8 9.8 2.4
5036619711026 27.2 18.5  0.119900-99.9-99.9-99.9-99.9 1.6 1217.3 56 15.2   8  6.4 9.9 3.2
5036619711027 29.0 14.9  0.009900-99.9-99.9-99.9-99.911.6 8917.2 56 15.1   7  5.626.9 5.2
5036619711028 31.6 16.3  0.009900-99.9-99.9-99.9-99.9 7.9 6116.0 45 14.0   8  6.420.6 5.0
5036619711029 31.7 17.4  4.119900-99.9-99.9-99.9-99.9 9.6 7417.5 53 15.4   7  5.623.6 5.3
5036619711030 29.9 18.5  0.009900-99.9-99.9-99.9-99.9 7.9 6119.1 61 16.8  15 12.020.7 5.5
5036619711031 30.8 18.3  0.009900-99.9-99.9-99.9-99.910.7 8220.2 60 17.7   0  0.025.6 4.9
5036619711101 32.8 18.9 45.319900-99.9-99.9-99.9-99.9 9.4 7223.4 63 20.0   3  2.423.4 5.0
5036619711102 29.4 15.2  1.219900-99.9-99.9-99.9-99.9 7.5 5717.7 64 15.6  12  9.620.2 4.8
5036619711103 30.6 15.0 38.419900-99.9-99.9-99.9-99.911.5 8819.4 59 17.0   3  2.427.1 5.1
5036619711104 26.8 15.1  0.519900-99.9-99.9-99.9-99.9 2.3 1717.9 74 15.8  11  8.811.3 3.2
5036619711105 28.9 16.7  0.009900-99.9-99.9-99.9-99.9 9.3 7119.1 63 16.8   2  1.623.4 4.6
5036619711106 26.2 17.6  0.009900-99.9-99.9-99.9-99.9 6.3 4813.4 49 11.3   3  2.418.3 4.0
5036619711107 31.8 15.8  0.009900-99.9-99.9-99.9-99.9 7.9 6019.0 57 16.7   2  1.621.1 4.4
5036619711108 33.8 19.9  0.009900-99.9-99.9-99.9-99.9 9.4 7123.2 55 19.9   7  5.623.7 5.6
5036619711109 31.0 19.3  0.009900-99.9-99.9-99.9-99.9 5.7 4320.8 62 18.1   6  4.817.3 4.3
5036619711110 31.9 20.7  0.009900-99.9-99.9-99.9-99.9 4.9 3724.4 67 20.7   3  2.416.0 3.9
5036619711111 28.9 20.6 22.619900-99.9-99.9-99.9-99.9 4.4 3323.6 71 20.2   7  5.615.2 3.8
5036619711112 28.3 19.7  5.819900-99.9-99.9-99.9-99.9 2.8 2120.9 77 18.2   6  4.812.4 3.4
5036619711113 30.8 20.9  0.009900-99.9-99.9-99.9-99.9 8.2 6121.5 62 18.7   3  2.421.8 4.9
5036619711114 33.3 18.9  0.009900-99.9-99.9-99.9-99.9 6.0 4520.3 54 17.7   2  1.618.0 4.2
5036619711115 33.9 22.7  0.009900-99.9-99.9-99.9-99.9 4.5 3419.7 54 17.3   7  5.615.4 4.8
5036619711116 34.3 18.8  0.009900-99.9-99.9-99.9-99.9 9.5 7121.2 56 18.4   5  4.024.1 5.6
5036619711117 31.4 21.1 15.019900-99.9-99.9-99.9-99.9 8.4 6320.6 56 18.0  14 11.222.3 6.1
5036619711118 28.3 18.6  8.219900-99.9-99.9-99.9-99.9 0.0  018.3 74 16.1   2  1.6 7.7 2.5
5036619711119 21.3 16.5 17.719900-99.9-99.9-99.9-99.9 0.0  018.7 91 16.4   8  6.4 7.7 2.0
5036619711120 26.7 16.9  0.009900-99.9-99.9-99.9-99.9 5.4 4017.7 67 15.6   5  4.017.1 3.8
5036619711121 29.0 15.3  0.009900-99.9-99.9-99.9-99.9 9.5 7017.2 55 15.1   3  2.424.3 4.8
5036619711122 32.9 19.4  0.009900-99.9-99.9-99.9-99.9 9.5 7019.0 52 16.7   2  1.624.3 5.3
5036619711123 34.5 18.4  0.009900-99.9-99.9-99.9-99.9 9.6 7119.6 51 17.2   1  0.824.5 5.2
5036619711124 28.6 22.1  2.519900-99.9-99.9-99.9-99.9 3.8 2819.1 58 16.8   7  5.614.4 4.2
5036619711125 24.0 17.3  1.819900-99.9-99.9-99.9-99.9 0.9  719.5 84 17.1   4  3.2 9.3 2.3
5036619711126 28.9 17.9  0.009900-99.9-99.9-99.9-99.9 2.9 2119.7 68 17.3   2  1.612.9 3.2
5036619711127 32.6 16.9  1.719900-99.9-99.9-99.9-99.9 4.8 3519.1 55 16.8   7  5.616.2 4.3
5036619711128 32.0 21.1  0.009900-99.9-99.9-99.9-99.9 3.9 2921.1 57 18.4   0  0.014.6 3.6
5036619711129 26.7 18.8  0.519900-99.9-99.9-99.9-99.9 1.4 1020.4 73 17.8   8  6.410.3 3.0
5036619711130 31.0 17.2  0.519900-99.9-99.9-99.9-99.9 4.7 3421.7 70 18.8   0  0.016.1 3.5
5036619711201 33.5 19.9  0.219900-99.9-99.9-99.9-99.9 7.4 5422.4 58 19.3   5  4.020.8 5.1
5036619711202 36.6 23.7  0.009900-99.9-99.9-99.9-99.9 9.3 6822.0 54 19.0   6  4.824.2 6.3
5036619711203 28.8 19.3 16.619900-99.9-99.9-99.9-99.9 0.5  420.6 65 18.0   2  1.6 8.7 2.6
5036619711204 23.9 14.0  0.009900-99.9-99.9-99.9-99.9 0.5  4 7.7 39  3.2   5  4.0 8.7 3.3
5036619711205 27.7 11.4  0.009900-99.9-99.9-99.9-99.9 4.1 3012.2 50  9.9  10  8.015.1 4.2
5036619711206 31.0 15.4  0.009900-99.9-99.9-99.9-99.9 5.8 4216.6 51 14.6   1  0.818.1 3.9
5036619711207 32.6 17.9  0.009900-99.9-99.9-99.9-99.9 6.4 4717.0 46 15.0   9  7.219.1 5.2
5036619711208 34.9 22.4  0.009900-99.9-99.9-99.9-99.9 6.1 4419.3 47 16.9  11  8.818.6 5.9
5036619711209 36.0 19.3  0.009900-99.9-99.9-99.9-99.9 6.6 4819.3 47 16.9   7  5.619.5 5.4
5036619711210 37.4 19.1  0.009900-99.9-99.9-99.9-99.9 7.9 5716.2 36 14.2  11  8.821.8 6.5
5036619711211 38.0 24.6  0.009900-99.9-99.9-99.9-99.9 6.4 4719.3 41 16.9   5  4.019.2 5.6
5036619711212 38.6 22.0  0.009900-99.9-99.9-99.9-99.9 7.6 5524.8 53 21.0   5  4.021.3 5.7
5036619711213 32.3 21.5  0.009900-99.9-99.9-99.9-99.9 0.0  016.8 50 14.8   9  7.2 7.9 4.0
5036619711214 26.2 18.8  0.009900-99.9-99.9-99.9-99.9 0.0  013.0 45 10.9   2  1.6 7.9 2.8
5036619711215 35.2 15.9  0.009900-99.9-99.9-99.9-99.9 6.1 4418.9 47 16.6   2  1.618.7 4.4
5036619711216 37.2 23.8  0.009900-99.9-99.9-99.9-99.9 4.9 3622.5 48 19.4   5  4.016.6 5.0
5036619711217 38.4 25.9  0.009900-99.9-99.9-99.9-99.9 4.5 3322.0 44 19.0   6  4.815.9 5.3
5036619711218 41.1 24.4  0.919900-99.9-99.9-99.9-99.9 5.1 3723.7 45 20.2   7  5.616.9 5.7
5036619711219 40.7 24.3 26.519910-99.9-99.9-99.9-99.9 4.4 3226.1 61 21.8  15 12.015.7 6.4
5036619711220 35.0 22.8  1.119900-99.9-99.9-99.9-99.9 5.4 3929.2 65 23.6   7  5.617.5 4.8
5036619711221 31.3 17.9  0.009900-99.9-99.9-99.9-99.9 0.0  013.6 53 11.5  11  8.8 8.0 4.2
5036619711222 26.5 17.4  0.009900-99.9-99.9-99.9-99.9 2.2 1612.7 49 10.5  10  8.011.8 4.2
5036619711223 31.1 13.9  0.009900-99.9-99.9-99.9-99.9 5.0 3614.8 45 12.8   3  2.416.8 4.0
5036619711224 35.6 17.2  0.009900-99.9-99.9-99.9-99.9 5.4 3912.0 32  9.7   5  4.017.5 4.9
5036619711225 37.2 20.5  0.009900-99.9-99.9-99.9-99.9 6.6 4812.3 27 10.0  20 16.019.6 8.2
5036619711226 38.7 23.0  0.009900-99.9-99.9-99.9-99.9 7.2 5217.8 36 15.7   2  1.620.7 5.3
5036619711227 40.2 26.1  0.009900-99.9-99.9-99.9-99.9 7.2 5215.9 31 13.9   5  4.020.7 6.1
5036619711228 42.1 23.8  0.009900-99.9-99.9-99.9-99.9 7.6 5514.7 26 12.7  16 12.821.4 8.3
5036619711229 41.0 25.0  0.009900-99.9-99.9-99.9-99.9 7.8 5718.8 33 16.5   9  7.221.7 6.9
5036619711230 34.6 23.8  0.009900-99.9-99.9-99.9-99.9 3.5 2520.4 47 17.8  11  8.814.1 5.3
5036619711231 38.4 23.3  0.009900-99.9-99.9-99.9-99.9 6.9 5021.7 45 18.8   3  2.420.1 5.4
5036619720101 40.5 23.5  0.009900-99.9-99.9-99.9-99.9 7.3 5322.0 40 19.0   5  4.020.8 6.0
5036619720102 40.3 24.9  0.009900-99.9-99.9-99.9-99.9 1.8 1322.7 42 19.5   0  0.011.1 3.6
5036619720103 40.7 22.4  9.519900-99.9-99.9-99.9-99.9 5.9 4323.2 56 19.9   9  7.218.3 6.0
5036619720104 33.3 21.6 66.319900-99.9-99.9-99.9-99.9 7.2 5225.2 61 21.2   8  6.420.6 5.3
5036619720105 29.8 15.4  2.419900-99.9-99.9-99.9-99.9 0.0  018.7 82 16.4   5  4.0 7.9 2.6
5036619720106 26.4 19.0  1.719900-99.9-99.9-99.9-99.9 0.3  219.9 76 17.4   9  7.2 8.4 2.8
5036619720107 28.4 18.9  0.009900-99.9-99.9-99.9-99.9 4.1 3018.3 62 16.1   7  5.615.1 4.1
5036619720108 34.3 18.6  0.009900-99.9-99.9-99.9-99.9 9.5 6918.6 47 16.4  13 10.424.6 6.7
5036619720109 36.0 20.9  0.009900-99.9-99.9-99.9-99.9 9.1 6720.6 49 18.0   2  1.623.9 5.6
5036619720110 37.6 21.4  0.009900-99.9-99.9-99.9-99.9 8.9 6520.0 53 17.5  12  9.623.6 7.0
5036619720111 37.9 24.9  0.009900-99.9-99.9-99.9-99.9 8.8 6426.7 54 22.2   5  4.023.4 6.3
5036619720112 32.3 25.1 17.819900-99.9-99.9-99.9-99.9 5.5 4021.8 64 18.9  16 12.817.6 6.2
5036619720113 31.9 19.9  0.009900-99.9-99.9-99.9-99.9 8.1 5922.8 63 19.6   6  4.822.1 5.2
5036619720114 35.8 21.2  0.009900-99.9-99.9-99.9-99.9 7.8 5726.6 61 22.1   1  0.821.6 5.1
5036619720115 36.2 22.9  1.919900-99.9-99.9-99.9-99.9 7.1 5222.8 55 19.6  19 15.220.3 7.1
5036619720116 29.5 20.3  2.219900-99.9-99.9-99.9-99.9 5.0 3722.1 74 19.1   3  2.416.6 3.9
5036619720117 33.5 20.1  2.819900-99.9-99.9-99.9-99.9 5.2 3823.5 62 20.1  11  8.817.0 4.9
5036619720118 32.9 22.0 15.519900-99.9-99.9-99.9-99.9 2.6 1925.3 70 21.3   7  5.612.4 3.8
5036619720119 28.9 21.6  2.219900-99.9-99.9-99.9-99.9 0.0  024.5 82 20.8   9  7.2 7.8 2.7
5036619720120 32.9 20.0  0.009900-99.9-99.9-99.9-99.9 8.8 6524.1 65 20.5   3  2.423.2 5.2
5036619720121 34.2 22.2  0.009900-99.9-99.9-99.9-99.9 6.3 4723.8 65 20.3   0  0.018.8 4.4
5036619720122 35.2 22.9  0.219900-99.9-99.9-99.9-99.9 8.9 6621.5 53 18.7   2  1.623.4 5.5
5036619720123 32.7 23.2  0.119900-99.9-99.9-99.9-99.9 4.3 3222.8 58 19.6   2  1.615.3 4.0
5036619720124 36.4 23.4  0.009900-99.9-99.9-99.9-99.9 7.1 5322.5 54 19.4   8  6.420.2 5.8
5036619720125 38.4 21.6  0.009900-99.9-99.9-99.9-99.9 9.4 7024.3 54 20.6   1  0.824.2 5.7
5036619720126 37.5 24.2  0.009900-99.9-99.9-99.9-99.9 4.0 3025.4 60 21.4   6  4.814.7 4.7
5036619720127 30.0 20.1  9.219900-99.9-99.9-99.9-99.9 5.6 4221.4 64 18.6   6  4.817.5 4.3
5036619720128 25.7 14.9  0.009900-99.9-99.9-99.9-99.9 2.0 1518.5 76 16.3   4  3.211.1 2.6
5036619720129 29.5 18.9  0.009900-99.9-99.9-99.9-99.9 3.7 2821.4 73 18.6   6  4.814.1 3.6
5036619720130 34.9 19.0  0.009900-99.9-99.9-99.9-99.9 9.4 7125.2 66 21.2   5  4.024.0 5.5
5036619720131 38.3 23.9  2.619900-99.9-99.9-99.9-99.910.3 7723.3 48 20.0  14 11.225.6 7.7
5036619720201 34.0 16.5  0.119900-99.9-99.9-99.9-99.9 0.0  016.1 71 14.1   8  6.4 7.6 3.6
5036619720202 31.5 14.6  0.009900-99.9-99.9-99.9-99.9 5.5 4116.9 58 14.9   6  4.817.1 4.2
5036619720203 35.1 15.8  0.009900-99.9-99.9-99.9-99.9 9.0 6815.6 42 13.6   3  2.423.2 5.0
5036619720204 36.3 16.7  0.009900-99.9-99.9-99.9-99.9 9.2 7016.5 41 14.5   0  0.023.5 4.8
5036619720205 36.8 16.9  0.009900-99.9-99.9-99.9-99.910.4 7920.0 50 17.5   0  0.025.6 5.2
5036619720206 38.2 19.3  0.009900-99.9-99.9-99.9-99.912.2 9319.8 45 17.3   8  6.428.6 6.9
5036619720207 38.3 19.4  0.009900-99.9-99.9-99.9-99.910.1 7717.2 37 15.1   7  5.624.9 6.3
5036619720208 39.2 20.7  0.009900-99.9-99.9-99.9-99.911.0 8419.8 45 17.3   4  3.226.5 6.2
5036619720209 36.9 21.3 29.419900-99.9-99.9-99.9-99.911.1 8521.9 54 19.0   6  4.826.6 6.4
5036619720210 30.7 18.3  7.819900-99.9-99.9-99.9-99.9 5.3 4120.7 73 18.1  12  9.616.5 4.5
5036619720211 33.7 17.5  0.009900-99.9-99.9-99.9-99.910.8 8320.8 55 18.1  13 10.426.0 6.3
5036619720212 34.7 21.6 36.619900-99.9-99.9-99.9-99.9 8.2 6323.4 55 20.0   9  7.221.4 5.7
5036619720213 30.2 19.0  0.009900-99.9-99.9-99.9-99.9 6.3 4823.4 76 20.0   3  2.418.1 4.0
5036619720214 32.4 21.1  0.119900-99.9-99.9-99.9-99.9 5.6 4321.8 67 18.9  14 11.216.9 5.2
5036619720215 30.3 21.0  0.009900-99.9-99.9-99.9-99.9 7.2 5624.1 73 20.5   4  3.219.6 4.4
5036619720216 31.7 20.5  0.009900-99.9-99.9-99.9-99.9 3.8 2924.2 67 20.6   5  4.013.7 3.6
5036619720217 33.3 19.8 54.219900-99.9-99.9-99.9-99.9 9.5 7425.2 67 21.2  12  9.623.4 5.7
5036619720218 29.6 19.6  0.719900-99.9-99.9-99.9-99.9 3.1 2421.9 71 19.0   4  3.212.5 3.2
5036619720219 30.2 20.2  0.009900-99.9-99.9-99.9-99.9 6.6 5121.7 64 18.8  14 11.218.4 5.0
5036619720220 30.8 19.7  0.009900-99.9-99.9-99.9-99.9 5.1 4020.9 64 18.2  10  8.015.8 4.4
5036619720221 32.2 18.9  0.419900-99.9-99.9-99.9-99.9 8.6 6722.4 61 19.3  10  8.021.7 5.2
5036619720222 28.3 20.7  0.619900-99.9-99.9-99.9-99.9 0.0  021.0 81 18.3  11  8.8 7.1 3.0
5036619720223 26.5 19.9  0.009900-99.9-99.9-99.9-99.9 0.0  019.2 69 16.9   3  2.4 7.0 2.3
5036619720224 29.2 19.6  0.009900-99.9-99.9-99.9-99.9 3.9 3120.8 68 18.1   5  4.013.6 3.4
5036619720225 27.7 21.0  0.009900-99.9-99.9-99.9-99.9 8.0 6321.4 70 18.6   4  3.220.4 4.3
5036619720226 31.3 21.9  0.009900-99.9-99.9-99.9-99.9 6.4 5121.8 65 18.9   3  2.417.7 4.2
5036619720227 33.5 19.7  0.009900-99.9-99.9-99.9-99.9 9.4 7424.8 65 21.0   0  0.022.6 4.7
5036619720228 34.0 23.2  0.009900-99.9-99.9-99.9-99.9 9.6 7626.5 68 22.0   4  3.222.9 5.3
5036619720229 34.4 21.0  0.009900-99.9-99.9-99.9-99.910.3 8219.4 51 17.0   7  5.624.0 5.7
5036619720301 35.0 19.1  0.009900-99.9-99.9-99.9-99.910.5 8418.9 48 16.6   6  4.824.2 5.5
5036619720302 32.2 21.9  0.009900-99.9-99.9-99.9-99.9 4.0 3220.2 52 17.7  17 13.613.4 5.2
5036619720303 30.2 20.9  0.009900-99.9-99.9-99.9-99.9 5.8 4617.6 53 15.5  13 10.416.3 5.0
5036619720304 27.6 19.3  0.009900-99.9-99.9-99.9-99.912.0 9619.6 70 17.2  11  8.826.4 5.5
5036619720305 34.6 21.4  0.009900-99.9-99.9-99.9-99.9 6.5 5223.6 62 20.2   6  4.817.3 4.5
5036619720306 36.3 23.7  6.219900-99.9-99.9-99.9-99.9 8.0 6424.5 48 20.8  16 12.819.7 6.3
5036619720307 31.7 18.6  5.519900-99.9-99.9-99.9-99.9 0.1  121.6 93 18.7  11  8.8 6.8 2.9
5036619720308 25.4 17.2 10.319900-99.9-99.9-99.9-99.9 0.0  022.1 87 19.1   4  3.2 6.6 1.7
5036619720309 23.2 18.2 12.119900-99.9-99.9-99.9-99.9 0.0  021.3 89 18.5   1  0.8 6.5 1.6
5036619720310 22.9 18.1  0.009900-99.9-99.9-99.9-99.9 0.0  019.6 80 17.2   2  1.6 6.5 1.7
5036619720311 28.9 18.9  0.009900-99.9-99.9-99.9-99.9 5.1 4120.6 71 18.0   4  3.214.7 3.3
5036619720312 30.2 17.1  0.319900-99.9-99.9-99.9-99.9 4.6 3720.7 69 18.1   6  4.813.8 3.3
5036619720313 26.2 19.5  3.919900-99.9-99.9-99.9-99.9 0.0  022.4 82 19.3  13 10.4 6.4 2.3
5036619720314 23.9 19.4 13.819900-99.9-99.9-99.9-99.9 0.0  023.3 93 20.0   9  7.2 6.4 1.7
5036619720315 27.9 18.7  0.009900-99.9-99.9-99.9-99.9 3.9 3222.7 79 19.5  10  8.012.5 3.1
5036619720316 28.0 18.7  0.009900-99.9-99.9-99.9-99.9 1.4 1222.6 77 19.5   6  4.8 8.5 2.3
5036619720317 31.6 19.4 18.219900-99.9-99.9-99.9-99.9 5.1 4224.6 82 20.8   4  3.214.3 3.3
5036619720318 28.2 17.9  0.009900-99.9-99.9-99.9-99.9 5.3 4417.8 67 15.7  12  9.614.5 4.0
5036619720319 31.1 15.5  0.009900-99.9-99.9-99.9-99.9 5.3 4420.5 71 17.9   4  3.214.5 3.2
5036619720320 30.7 17.4  0.219900-99.9-99.9-99.9-99.9 4.3 3621.5 69 18.7   2  1.612.8 2.9
5036619720321 30.5 21.4 19.619900-99.9-99.9-99.9-99.9 3.5 2924.0 72 20.4   1  0.811.5 2.8
5036619720322 27.5 20.5  0.219900-99.9-99.9-99.9-99.9 1.0  825.5 84 21.4   3  2.4 7.6 1.9
5036619720323 29.7 21.5  0.619900-99.9-99.9-99.9-99.9 2.1 1827.8 85 22.8   3  2.4 9.3 2.3
5036619720324 26.1 16.9 18.619900-99.9-99.9-99.9-99.9 0.0  021.0 92 18.3  12  9.6 6.0 2.0
5036619720325 18.0 11.6  0.319900-99.9-99.9-99.9-99.9 0.0  011.9 71  9.5   6  4.8 6.0 1.8
5036619720326 18.2 11.7  0.009900-99.9-99.9-99.9-99.9 0.3  312.6 77 10.4   4  3.2 6.4 1.6
5036619720327 21.5 12.9  1.719900-99.9-99.9-99.9-99.9 0.0  013.6 68 11.5   6  4.8 5.9 1.9
5036619720328 18.2 13.6  0.009900-99.9-99.9-99.9-99.9 0.0  015.5 85 13.5   7  5.6 5.8 1.4
5036619720329 23.7 15.1  0.009900-99.9-99.9-99.9-99.9 0.0  016.9 77 14.9   4  3.2 5.8 1.7
5036619720330 26.7 15.1  0.009900-99.9-99.9-99.9-99.9 3.9 3317.4 72 15.3   1  0.811.6 2.3
5036619720331 28.2 12.9  0.009900-99.9-99.9-99.9-99.9 8.2 7017.8 65 15.7   2  1.617.9 3.0
5036619720401 26.6 14.8  0.419900-99.9-99.9-99.9-99.9 2.9 2519.8 78 17.3   0  0.010.0 1.9
5036619720402 27.6 17.9  0.009900-99.9-99.9-99.9-99.9 7.6 6522.0 79 19.0   9  7.216.9 3.4
5036619720403 28.6 15.3  0.009900-99.9-99.9-99.9-99.9 9.8 8422.0 77 19.0   4  3.220.0 3.4
5036619720404 29.5 17.3  0.009900-99.9-99.9-99.9-99.9 7.5 6420.9 74 18.2   7  5.616.5 3.4
5036619720405 28.9 16.4  0.009900-99.9-99.9-99.9-99.9 5.8 5020.9 72 18.2   3  2.414.0 2.7
5036619720406 31.2 15.9  0.009900-99.9-99.9-99.9-99.9 9.8 8421.3 72 18.5   3  2.419.7 3.5
5036619720407 30.2 17.4  0.009900-99.9-99.9-99.9-99.9 8.8 7621.4 68 18.6   6  4.818.1 3.6
5036619720408 26.1 19.1  0.319900-99.9-99.9-99.9-99.9 0.0  018.2 74 16.0  11  8.8 5.4 2.5
5036619720409 21.7 17.1  0.009900-99.9-99.9-99.9-99.9 0.0  017.3 76 15.2   0  0.0 5.4 1.4
5036619720410 26.4 15.4  0.009900-99.9-99.9-99.9-99.9 1.8 1617.6 68 15.5   4  3.2 7.9 2.0
5036619720411 28.1 17.0  0.009900-99.9-99.9-99.9-99.9 6.3 5519.5 71 17.1   4  3.214.2 2.8
5036619720412 29.2 17.3  0.009900-99.9-99.9-99.9-99.9 8.1 7121.2 78 18.4   4  3.216.6 3.1
5036619720413 30.9 16.5  0.419900-99.9-99.9-99.9-99.9 9.5 8321.4 73 18.6   4  3.218.5 3.4
5036619720414 23.7 15.6  0.919900-99.9-99.9-99.9-99.9 2.2 1916.3 78 14.3   9  7.2 8.3 2.3
5036619720415 23.5  7.8  0.009900-99.9-99.9-99.9-99.9 8.8 7714.4 78 12.4   2  1.617.3 2.2
5036619720416 25.1  9.5  0.009900-99.9-99.9-99.9-99.9 9.5 8415.3 74 13.3   4  3.218.2 2.5
5036619720417 26.8 11.3  0.009900-99.9-99.9-99.9-99.9 8.6 7614.1 65 12.1  12  9.616.9 3.3
5036619720418 22.4 15.2  0.009900-99.9-99.9-99.9-99.9 1.3 1115.3 71 13.3   2  1.6 6.8 1.7
5036619720419 23.2 16.8  0.009900-99.9-99.9-99.9-99.9 0.0  016.7 72 14.7   9  7.2 5.0 2.0
5036619720420 22.3 16.8 33.619900-99.9-99.9-99.9-99.9 0.0  018.7 89 16.4   6  4.8 5.0 1.5
5036619720421 19.4 15.1  3.019900-99.9-99.9-99.9-99.9 0.0  015.8 81 13.8   1  0.8 4.9 1.2
5036619720422 25.7 14.9  0.009900-99.9-99.9-99.9-99.9 9.0 8016.8 76 14.8   3  2.416.9 2.6
5036619720423 25.6 12.2  0.009900-99.9-99.9-99.9-99.9 9.9 8817.7 75 15.6   2  1.618.0 2.4
5036619720424 22.2 12.8  8.819900-99.9-99.9-99.9-99.9 0.1  117.2 95 15.1  11  8.8 5.0 1.4
5036619720425 15.8 10.7  0.319900-99.9-99.9-99.9-99.9 0.0  013.3 89 11.2   4  3.2 4.8 1.0
5036619720426 22.0  7.5  0.009900-99.9-99.9-99.9-99.9 9.0 8112.5 71 10.3   1  0.816.5 1.9
5036619720427 22.2  8.5  0.009900-99.9-99.9-99.9-99.9 9.8 8811.6 68  9.2   6  4.817.5 2.3
5036619720428 23.6  7.9  0.009900-99.9-99.9-99.9-99.9 9.7 8813.0 71 10.9   3  2.417.2 2.0
5036619720429 25.2  8.2  0.009900-99.9-99.9-99.9-99.9 9.7 8813.8 73 11.8   5  4.017.1 2.2
5036619720430 25.4  9.7  0.009900-99.9-99.9-99.9-99.9 9.5 8614.6 73 12.6   0  0.016.8 2.0
5036619720501 26.2 11.4  0.009900-99.9-99.9-99.9-99.9 9.0 8215.9 76 13.9   3  2.416.1 2.2
5036619720502 28.2 10.6  0.009900-99.9-99.9-99.9-99.9 9.4 8516.2 73 14.2   6  4.816.5 2.5
5036619720503 26.3 12.5  0.009900-99.9-99.9-99.9-99.9 8.2 7518.2 75 16.0   2  1.614.9 2.1
5036619720504 20.9 14.4  0.219900-99.9-99.9-99.9-99.9 0.0  014.0 77 12.0   7  5.6 4.5 1.7
5036619720505 21.0 13.3  0.009900-99.9-99.9-99.9-99.9 4.5 4115.2 77 13.2   6  4.810.1 1.7
5036619720506 23.8 10.5  0.819900-99.9-99.9-99.9-99.9 1.8 1617.0 76 15.0   9  7.2 6.7 1.4
5036619720507 21.1 13.9  0.009900-99.9-99.9-99.9-99.9 0.0  016.8 90 14.8   5  4.0 4.4 1.2
5036619720508 25.8 12.5  1.119900-99.9-99.9-99.9-99.9 6.0 5518.9 80 16.6   6  4.811.8 1.8
5036619720509 21.8 12.8  1.319900-99.9-99.9-99.9-99.9 0.0  015.0 91 13.0   6  4.8 4.4 1.4
5036619720510 17.0 10.9  0.009900-99.9-99.9-99.9-99.9 0.0  014.6 87 12.6   1  0.8 4.3 0.8
5036619720511 17.8 14.6  0.009900-99.9-99.9-99.9-99.9 0.0  017.0 92 15.0   0  0.0 4.3 0.8
5036619720512 20.9 16.1  0.009900-99.9-99.9-99.9-99.9 0.0  018.6 89 16.4   4  3.2 4.3 1.1
5036619720513 26.7 13.5  0.009900-99.9-99.9-99.9-99.9 2.4 2220.4 83 17.8   2  1.6 7.1 1.3
5036619720514 28.8 16.2  0.009900-99.9-99.9-99.9-99.9 7.0 6522.1 81 19.1  15 12.012.6 2.6
5036619720515 29.6 15.5  0.009900-99.9-99.9-99.9-99.9 8.0 7421.4 77 18.6   3  2.413.7 2.2
5036619720516 30.1 15.2  0.119900-99.9-99.9-99.9-99.9 7.7 7220.0 72 17.5   6  4.813.3 2.4
5036619720517 22.5 16.5  3.319900-99.9-99.9-99.9-99.9 0.0  018.7 92 16.4   4  3.2 4.1 1.2
5036619720518 16.7 13.5  0.009900-99.9-99.9-99.9-99.9 0.0  012.7 76 10.5   2  1.6 4.1 1.1
5036619720519 17.2 12.7  0.009900-99.9-99.9-99.9-99.9 0.0  012.7 79 10.5   2  1.6 4.1 1.1
5036619720520 16.5 12.5  0.009900-99.9-99.9-99.9-99.9 0.0  013.2 83 11.1   2  1.6 4.1 1.0
5036619720521 15.9 12.0  0.009900-99.9-99.9-99.9-99.9 0.0  013.4 88 11.3   2  1.6 4.0 0.9
5036619720522 29.2  7.1  0.009900-99.9-99.9-99.9-99.9 5.8 5511.9 73  9.5   2  1.610.7 1.6
5036619720523 18.4  8.9  0.009900-99.9-99.9-99.9-99.9 0.8  813.6 82 11.5   5  4.0 4.9 0.9
5036619720524 20.9  7.2  0.009900-99.9-99.9-99.9-99.9 2.9 2712.4 74 10.1   8  6.4 7.3 1.4
5036619720525 22.3  8.7  0.009900-99.9-99.9-99.9-99.9 6.2 5913.4 76 11.3   3  2.411.1 1.3
5036619720526 23.3  8.3  0.009900-99.9-99.9-99.9-99.9 5.4 5113.9 79 11.9   4  3.210.1 1.3
5036619720527 28.5 10.0  0.009900-99.9-99.9-99.9-99.9 6.8 6415.1 76 13.1   3  2.411.7 1.7
5036619720528 26.8 11.5  0.009900-99.9-99.9-99.9-99.9 6.4 6116.2 79 14.2   2  1.611.2 1.5
5036619720529 27.9 11.5  0.009900-99.9-99.9-99.9-99.9 5.4 5116.9 75 14.9   1  0.810.0 1.5
5036619720530 27.2 13.8  0.009900-99.9-99.9-99.9-99.9 3.7 3519.3 80 16.9   5  4.0 8.0 1.5
5036619720531 29.4 13.3  0.009900-99.9-99.9-99.9-99.9 5.4 5118.3 75 16.1   0  0.0 9.9 1.5
5036619720601 23.8 14.8  0.009900-99.9-99.9-99.9-99.910.0 9518.8 78 16.5   5  4.015.0 1.8
5036619720602 19.9 11.7  0.119900-99.9-99.9-99.9-99.9 0.0  012.0 75  9.7   8  6.4 3.8 1.6
5036619720603 14.1 10.3  0.009900-99.9-99.9-99.9-99.9 0.0  010.7 78  8.0   2  1.6 3.8 1.0
5036619720604 17.4 10.9  0.009900-99.9-99.9-99.9-99.9 0.0  012.3 77 10.0   3  2.4 3.8 1.0
5036619720605 20.2 12.0  0.009900-99.9-99.9-99.9-99.9 0.2  211.9 72  9.5   4  3.2 4.0 1.4
5036619720606 17.9  7.4  0.319900-99.9-99.9-99.9-99.9 0.0  013.1 88 11.0   4  3.2 3.8 0.8
5036619720607 19.6 12.5  0.009900-99.9-99.9-99.9-99.9 0.0  014.4 86 12.4   0  0.0 3.8 0.9
5036619720608 21.2  8.2  2.319900-99.9-99.9-99.9-99.9 0.8  814.5 78 12.5   4  3.2 4.6 0.9
5036619720609 17.4 14.7  3.019900-99.9-99.9-99.9-99.9 0.0  016.8 96 14.8   0  0.0 3.8 0.7
5036619720610 15.4 14.1  6.319900-99.9-99.9-99.9-99.9 0.0  015.8 96 13.8   2  1.6 3.7 0.7
5036619720611 14.8 11.1  0.219900-99.9-99.9-99.9-99.9 0.0  013.2 94 11.1   4  3.2 3.7 0.8
5036619720612 14.2  8.7  0.519900-99.9-99.9-99.9-99.9 0.0  013.2 90 11.1   4  3.2 3.7 0.6
5036619720613 16.3 11.9  0.009900-99.9-99.9-99.9-99.9 0.0  015.0 93 13.0   2  1.6 3.7 0.7
5036619720614 19.2 13.1  0.009900-99.9-99.9-99.9-99.9 0.0  015.1 86 13.1   2  1.6 3.7 0.9
5036619720615 21.9 10.2  0.009900-99.9-99.9-99.9-99.9 0.2  214.8 80 12.8   4  3.2 3.9 1.0
5036619720616 21.2  7.6  0.009900-99.9-99.9-99.9-99.9 0.0  012.6 80 10.4   2  1.6 3.7 1.0
5036619720617 25.0  8.6  0.009900-99.9-99.9-99.9-99.9 2.6 2511.1 67  8.5   4  3.2 6.5 1.6
5036619720618 23.8  6.6  0.009900-99.9-99.9-99.9-99.9 6.7 64 9.8 63  6.7  12  9.611.0 2.1
5036619720619 21.1  4.4  0.009900-99.9-99.9-99.9-99.9 4.9 4710.6 71  7.8   3  2.4 9.0 1.1
5036619720620 23.3  5.5  0.009900-99.9-99.9-99.9-99.9 5.4 5211.2 71  8.6   6  4.8 9.6 1.4
5036619720621 25.6  8.5  0.009900-99.9-99.9-99.9-99.9 3.4 3312.8 69 10.6   5  4.0 7.4 1.5
5036619720622 25.7  9.5  0.009900-99.9-99.9-99.9-99.9 2.3 2212.7 64 10.5   6  4.8 6.2 1.6
5036619720623 23.9  9.1  0.009900-99.9-99.9-99.9-99.9 4.2 4013.8 72 11.8   2  1.6 8.3 1.2
5036619720624 25.8  8.1  0.009900-99.9-99.9-99.9-99.9 3.4 3314.1 76 12.1   4  3.2 7.4 1.3
5036619720625 27.0 10.4  0.009900-99.9-99.9-99.9-99.9 4.4 4214.9 73 12.9   0  0.0 8.5 1.2
5036619720626 16.7 11.5  0.009900-99.9-99.9-99.9-99.9 0.0  010.2 69  7.3   0  0.0 3.7 1.1
5036619720627 15.1  9.3  0.009900-99.9-99.9-99.9-99.9 0.0  0 8.7 66  5.0   3  2.4 3.7 1.2
5036619720628 14.6  5.4  0.219900-99.9-99.9-99.9-99.9 0.0  010.8 80  8.1   3  2.4 3.7 0.7
5036619720629 11.8  8.3  2.619900-99.9-99.9-99.9-99.9 0.0  010.5 91  7.7   2  1.6 3.7 0.7
5036619720630 10.3  8.4  4.119900-99.9-99.9-99.9-99.9 0.0  011.2 95  8.6   1  0.8 3.7 0.5
5036619720701  9.6  8.6 10.119900-99.9-99.9-99.9-99.9 0.0  011.0 96  8.4   3  2.4 3.8 0.6
5036619720702  8.9  7.5  1.919900-99.9-99.9-99.9-99.9 0.0  010.3 95  7.4   3  2.4 3.8 0.5
5036619720703 11.4  2.6  0.009900-99.9-99.9-99.9-99.9 0.0  0 8.7 83  5.0   2  1.6 3.8 0.6
5036619720704 17.0  6.9  0.009900-99.9-99.9-99.9-99.9 2.7 26 9.8 79  6.7   1  0.8 6.8 1.0
5036619720705 18.6  2.6  0.009900-99.9-99.9-99.9-99.9 5.6 53 9.7 79  6.5   3  2.410.0 1.0
5036619720706 14.9  3.4  8.619900-99.9-99.9-99.9-99.9 4.0 38 9.7 78  6.5  13 10.4 8.2 1.1
5036619720707 15.4  4.6  0.009900-99.9-99.9-99.9-99.9 7.0 67 7.5 68  2.9   5  4.011.6 1.2
5036619720708 18.7  0.9  0.009900-99.9-99.9-99.9-99.9 5.0 48 7.2 66  2.3   3  2.4 9.4 1.1
5036619720709 19.7  1.4  0.009900-99.9-99.9-99.9-99.9 5.5 52 7.1 62  2.1   7  5.610.0 1.5
5036619720710 22.4  1.9  0.009900-99.9-99.9-99.9-99.9 6.4 61 8.1 61  3.9   2  1.611.0 1.2
5036619720711 23.7  2.9  0.009900-99.9-99.9-99.9-99.9 5.6 53 8.9 64  5.3   4  3.210.1 1.4
5036619720712 22.7  6.1  0.009900-99.9-99.9-99.9-99.9 3.4 32 8.3 54  4.3   7  5.6 7.7 1.9
5036619720713 16.3  7.5  0.009900-99.9-99.9-99.9-99.9 2.8 27 6.1 49  0.0   9  7.2 7.1 2.1
5036619720714 17.8 -0.3  0.009900-99.9-99.9-99.9-99.9 6.0 57 7.1 61  2.1   6  4.810.7 1.3
5036619720715 20.1  1.4  0.009900-99.9-99.9-99.9-99.9 5.6 53 8.3 65  4.3   9  7.210.3 1.5
5036619720716 11.5  5.9  0.009900-99.9-99.9-99.9-99.9 0.0  0 8.1 73  3.9   3  2.4 4.0 1.0
5036619720717 17.4  8.0  0.009900-99.9-99.9-99.9-99.9 1.3 12 8.9 73  5.3   1  0.8 5.5 1.2
5036619720718 18.4  5.0  0.009900-99.9-99.9-99.9-99.9 2.7 25 9.7 71  6.5   4  3.2 7.1 1.2
5036619720719 22.6  6.3  0.009900-99.9-99.9-99.9-99.9 3.4 3211.4 73  8.9   5  4.0 7.9 1.4
5036619720720 15.1  7.0  3.619900-99.9-99.9-99.9-99.9 0.0  011.4 84  8.9   6  4.8 4.0 0.9
5036619720721 18.1  7.5  0.009900-99.9-99.9-99.9-99.9 7.3 6810.4 77  7.5   6  4.812.5 1.5
5036619720722 22.0  2.4  0.009900-99.9-99.9-99.9-99.9 7.3 68 9.5 68  6.2   6  4.812.6 1.5
5036619720723 21.2  3.4  0.009900-99.9-99.9-99.9-99.9 6.5 61 9.7 72  6.5   3  2.411.7 1.3
5036619720724 25.3  5.5  0.009900-99.9-99.9-99.9-99.9 6.8 6310.8 64  8.1   4  3.212.1 1.7
5036619720725 25.0  7.6  0.009900-99.9-99.9-99.9-99.9 5.2 4811.4 66  8.9   4  3.210.3 1.7
5036619720726 24.6 14.7  0.009900-99.9-99.9-99.9-99.9 2.0 1913.9 70 11.9   6  4.8 6.5 2.0
5036619720727 27.6  8.6  0.009900-99.9-99.9-99.9-99.9 4.7 4414.2 72 12.2   1  0.8 9.8 1.5
5036619720728 29.7 11.6  3.219900-99.9-99.9-99.9-99.9 6.1 5716.3 66 14.3   4  3.211.5 2.0
5036619720729 23.1 18.6  0.319900-99.9-99.9-99.9-99.9 0.0  020.7 87 18.1   1  0.8 4.2 1.1
5036619720730 25.0 14.6  0.009900-99.9-99.9-99.9-99.9 2.4 2218.5 84 16.3   5  4.0 7.2 1.5
5036619720731 28.7 13.8  0.009900-99.9-99.9-99.9-99.9 3.2 3019.4 78 17.0   2  1.6 8.2 1.6
5036619720801 29.6 16.2  0.009900-99.9-99.9-99.9-99.9 1.1 1019.5 72 17.1   0  0.0 5.7 1.5
5036619720802 22.4 10.8  3.619900-99.9-99.9-99.9-99.9 0.0  012.9 75 10.7  11  8.8 4.4 1.9
5036619720803 12.1  8.8  0.009900-99.9-99.9-99.9-99.9 0.0  0 6.7 53  1.3   3  2.4 4.4 1.4
5036619720804 11.8  6.3  0.009900-99.9-99.9-99.9-99.9 0.0  0 6.7 61  1.3   4  3.2 4.4 1.4
5036619720805 20.3  1.7  0.009900-99.9-99.9-99.9-99.9 5.5 50 7.6 61  3.0   1  0.811.3 1.4
5036619720806 20.3  3.0  0.009900-99.9-99.9-99.9-99.9 4.9 45 8.0 60  3.8   4  3.210.6 1.6
5036619720807 22.7  4.3  0.009900-99.9-99.9-99.9-99.9 6.7 61 8.8 57  5.1   4  3.212.9 1.8
5036619720808 26.9  6.1  0.009900-99.9-99.9-99.9-99.9 6.8 6210.4 59  7.5   4  3.213.1 2.0
5036619720809 27.3  9.5  0.009900-99.9-99.9-99.9-99.9 1.3 1212.3 61 10.0   4  3.2 6.2 1.9
5036619720810 27.5 11.3  0.009900-99.9-99.9-99.9-99.9 0.0  015.7 67 13.7   8  6.4 4.6 1.8
5036619720811 25.9 13.6  0.009900-99.9-99.9-99.9-99.9 1.9 1716.7 73 14.7   6  4.8 7.0 1.8
5036619720812 25.2 11.6  0.009900-99.9-99.9-99.9-99.9 3.6 3215.9 75 13.9   3  2.4 9.3 1.7
5036619720813 29.9 11.4  0.009900-99.9-99.9-99.9-99.9 7.2 6516.1 66 14.1   4  3.214.0 2.4
5036619720814 29.2 14.3  0.009900-99.9-99.9-99.9-99.9 0.5  417.8 67 15.7   5  4.0 5.4 1.9
5036619720815 30.3 15.5  0.009900-99.9-99.9-99.9-99.9 0.0  018.0 69 15.8   4  3.2 4.8 1.9
5036619720816 25.3 17.8  0.009900-99.9-99.9-99.9-99.9 0.8  713.4 53 11.3   6  4.8 5.8 2.4
5036619720817 20.1 12.9  0.009900-99.9-99.9-99.9-99.9 0.0  010.8 62  8.1   6  4.8 4.8 2.0
5036619720818 16.5 12.1  0.219900-99.9-99.9-99.9-99.9 0.0  010.1 62  7.1   1  0.8 4.9 1.4
5036619720819 14.3  9.3  0.009900-99.9-99.9-99.9-99.9 0.0  0 9.8 76  6.7   6  4.8 4.9 1.4
5036619720820 11.7  8.3  0.009900-99.9-99.9-99.9-99.9 0.0  0 8.4 72  4.5   2  1.6 4.9 1.2
5036619720821 20.6  1.5  0.009900-99.9-99.9-99.9-99.9 5.4 48 9.1 66  5.6   6  4.812.2 1.8
5036619720822 24.9  8.3  0.009900-99.9-99.9-99.9-99.9 9.3 8210.9 58  8.2   1  0.817.5 2.2
5036619720823 25.9  6.5  0.009900-99.9-99.9-99.9-99.9 2.1 1911.2 59  8.6   2  1.6 7.9 1.8
5036619720824 29.5  5.9  0.009900-99.9-99.9-99.9-99.9 8.9 7811.4 56  8.9   4  3.217.2 2.6
5036619720825 19.7  8.6  7.719900-99.9-99.9-99.9-99.9 0.0  011.2 86  8.6  11  8.8 5.1 1.9
5036619720826  9.2  6.2  0.519900-99.9-99.9-99.9-99.9 0.0  0 9.8 91  6.7   2  1.6 5.1 0.8
5036619720827 17.2  3.0  0.009900-99.9-99.9-99.9-99.9 7.3 64 8.7 72  5.0   6  4.815.2 1.9
5036619720828 24.2  3.1  2.419900-99.9-99.9-99.9-99.910.3 90 8.6 55  4.8  11  8.819.5 3.0
5036619720829 16.6  7.1  0.619900-99.9-99.9-99.9-99.9 4.8 42 9.1 73  5.6   4  3.211.9 1.9
5036619720830 18.0  1.9  0.009900-99.9-99.9-99.9-99.9 9.9 86 7.6 62  3.0   8  6.419.1 2.4
5036619720831 21.6  2.4  0.009900-99.9-99.9-99.9-99.910.3 89 7.2 49  2.3   6  4.819.8 2.6
5036619720901 22.1  2.5  0.009900-99.9-99.9-99.9-99.910.0 86 7.9 51  3.6   4  3.219.5 2.4
5036619720902 22.6  5.4  0.009900-99.9-99.9-99.9-99.9 6.4 55 8.4 50  4.5  13 10.414.5 3.2
5036619720903 26.6  4.7  0.009900-99.9-99.9-99.9-99.9 9.4 81 9.8 55  6.7   2  1.618.8 2.5
5036619720904 29.6  8.2  0.009900-99.9-99.9-99.9-99.9 8.5 7310.8 42  8.1   9  7.217.7 3.5
5036619720905 26.9 13.8  0.009900-99.9-99.9-99.9-99.9 6.7 5714.2 57 12.2   4  3.215.2 2.9
5036619720906 27.8 10.3  0.009900-99.9-99.9-99.9-99.9 6.4 5515.2 68 13.2   4  3.214.8 2.6
5036619720907 23.8 13.2  0.619900-99.9-99.9-99.9-99.9 0.0  016.5 73 14.5   5  4.0 5.6 1.6
5036619720908 21.6 15.6  0.319900-99.9-99.9-99.9-99.9 0.5  416.5 82 14.5   2  1.6 6.3 1.6
5036619720909 22.7 12.3  0.009900-99.9-99.9-99.9-99.9 1.3 1114.1 72 12.1   2  1.6 7.6 1.8
5036619720910 27.7  9.7  0.009900-99.9-99.9-99.9-99.9 7.1 6014.1 63 12.1   4  3.216.1 2.8
5036619720911 30.1 10.5  0.009900-99.9-99.9-99.9-99.9 7.1 6015.7 61 13.7   5  4.016.2 3.1
5036619720912 22.3 16.4  0.009900-99.9-99.9-99.9-99.9 0.1  115.9 72 13.9   6  4.8 5.9 2.0
5036619720913 29.7 16.8  0.009900-99.9-99.9-99.9-99.9 4.7 4017.1 63 15.0   5  4.012.8 3.1
5036619720914 30.4 14.4  0.009900-99.9-99.9-99.9-99.9 0.4  317.6 63 15.5   7  5.6 6.4 2.4
5036619720915 33.9 17.6  2.619900-99.9-99.9-99.9-99.9 3.8 3222.1 71 19.1  15 12.011.6 3.9
5036619720916 20.2 14.1  0.119900-99.9-99.9-99.9-99.9 0.0  015.7 85 13.7   5  4.0 5.9 1.6
5036619720917 16.3 12.6  0.009900-99.9-99.9-99.9-99.9 0.0  014.6 87 12.6   3  2.4 5.9 1.2
5036619720918 26.4 10.1  0.009900-99.9-99.9-99.9-99.9 3.9 3216.7 78 14.7   3  2.411.9 2.2
5036619720919 26.7 13.0  0.009900-99.9-99.9-99.9-99.9 1.2 1016.2 67 14.2   7  5.6 7.9 2.3
5036619720920 21.8 14.1  0.009900-99.9-99.9-99.9-99.9 3.5 2911.3 55  8.8  13 10.411.4 3.5
5036619720921 24.3 13.3  0.009900-99.9-99.9-99.9-99.9 3.1 2612.8 59 10.6   8  6.410.9 2.9
5036619720922 29.1 10.1  0.009900-99.9-99.9-99.9-99.9 5.2 4314.0 56 12.0   8  6.414.2 3.3
5036619720923 34.2 11.8  0.009900-99.9-99.9-99.9-99.9 4.4 3616.9 52 14.9   2  1.613.0 2.9
5036619720924 33.7 16.6  0.009900-99.9-99.9-99.9-99.9 3.3 2722.2 60 19.2  13 10.411.3 3.6
5036619720925 29.1 16.3  1.519900-99.9-99.9-99.9-99.9 0.0  019.3 85 16.9   6  4.8 6.2 2.2
5036619720926 17.4 12.5  5.219900-99.9-99.9-99.9-99.9 0.0  016.0 99 14.0   5  4.0 6.3 1.2
5036619720927 24.1 12.6  0.009900-99.9-99.9-99.9-99.9 3.6 2913.5 65 11.4   4  3.212.0 2.6
5036619720928 29.6 10.0  0.009900-99.9-99.9-99.9-99.9 6.0 4913.3 52 11.2   5  4.015.8 3.3
5036619720929 32.1 13.0  0.009900-99.9-99.9-99.9-99.9 4.5 3713.3 42 11.2   6  4.813.5 3.6
5036619720930 36.6 15.2  0.009900-99.9-99.9-99.9-99.9 9.1 7415.8 49 13.8   4  3.220.9 4.5
5036619721001 23.6 16.1  0.009900-99.9-99.9-99.9-99.9 4.0 32 9.3 45  5.9  18 14.412.8 5.1
5036619721002 25.3  6.4  0.009900-99.9-99.9-99.9-99.9 2.4 1910.3 48  7.4   9  7.210.3 2.9
5036619721003 20.5 11.6  0.009900-99.9-99.9-99.9-99.9 0.0  0 6.9 41  1.7   6  4.8 6.5 2.8
5036619721004 21.8  2.6  0.009900-99.9-99.9-99.9-99.9 4.3 35 7.6 48  3.0   3  2.413.5 2.4
5036619721005 23.4  7.1  0.009900-99.9-99.9-99.9-99.9 4.8 39 9.4 54  6.1   5  4.014.3 2.9
5036619721006 22.8  5.9  0.009900-99.9-99.9-99.9-99.9 3.6 29 9.8 49  6.7  11  8.812.5 3.0
5036619721007 21.5  9.2  0.009900-99.9-99.9-99.9-99.9 2.2 1810.3 58  7.4   7  5.610.2 2.6
5036619721008 20.8  6.3  0.009900-99.9-99.9-99.9-99.9 5.3 4210.2 61  7.3   5  4.015.3 2.7
5036619721009 24.2  5.9  0.009900-99.9-99.9-99.9-99.9 4.3 3411.4 58  8.9   2  1.613.7 2.5
5036619721010 26.0  8.4  0.009900-99.9-99.9-99.9-99.9 6.4 5112.2 56  9.9   6  4.817.2 3.3
5036619721011 28.1  9.3  0.009900-99.9-99.9-99.9-99.9 3.1 2512.8 49 10.6   9  7.211.9 3.2
5036619721012 32.2 10.5  0.009900-99.9-99.9-99.9-99.9 4.8 3813.7 46 11.6   8  6.414.7 3.8
5036619721013 31.2 15.5  0.419900-99.9-99.9-99.9-99.9 3.3 2615.8 51 13.8   3  2.412.3 3.2
5036619721014 27.7 17.9  0.009900-99.9-99.9-99.9-99.9 2.4 1917.9 63 15.8   1  0.810.8 2.7
5036619721015 28.8 20.3  0.009900-99.9-99.9-99.9-99.9 2.6 2017.8 62 15.7   2  1.611.2 3.0
5036619721016 33.3 15.0  0.009900-99.9-99.9-99.9-99.9 9.5 7518.4 53 16.2  14 11.222.7 5.6
5036619721017 37.2 18.3  0.009900-99.9-99.9-99.9-99.9 7.7 6019.8 50 17.3   3  2.419.8 4.7
5036619721018 36.4 19.6  0.119900-99.9-99.9-99.9-99.9 4.4 3420.1 48 17.6   1  0.814.3 3.7
5036619721019 31.9 23.2  3.519900-99.9-99.9-99.9-99.9 3.7 2923.7 66 20.2  10  8.013.2 4.2
5036619721020 26.8 20.2  0.519900-99.9-99.9-99.9-99.9 0.0  023.6 91 20.2   2  1.6 7.0 1.9
5036619721021 26.4 19.9  4.919900-99.9-99.9-99.9-99.9 0.0  024.4 91 20.7   4  3.2 7.1 1.9
5036619721022 25.5 20.5 10.819900-99.9-99.9-99.9-99.9 0.0  025.3 91 21.3   5  4.0 7.1 1.8
5036619721023 23.4 20.0  0.519900-99.9-99.9-99.9-99.9 0.0  024.4 96 20.7   3  2.4 7.1 1.6
5036619721024 30.3 20.5  0.009900-99.9-99.9-99.9-99.9 4.3 3328.7 80 23.4   7  5.614.4 3.3
5036619721025 35.7 21.5  3.219900-99.9-99.9-99.9-99.9 8.6 6630.0 75 24.1   5  4.021.8 5.2
5036619721026 31.6 21.4  0.009900-99.9-99.9-99.9-99.9 2.3 1823.3 70 20.0  12  9.611.1 3.9
5036619721027 21.9 15.9  0.009900-99.9-99.9-99.9-99.9 0.0  011.4 56  8.9   5  4.0 7.2 2.7
5036619721028 23.0 14.6  0.009900-99.9-99.9-99.9-99.9 3.7 2812.5 62 10.3  12  9.613.6 3.9
5036619721029 27.4  8.3  0.009900-99.9-99.9-99.9-99.911.4 8713.4 57 11.3   2  1.626.7 4.3
5036619721030 35.2 12.3  0.009900-99.9-99.9-99.9-99.911.3 8616.6 46 14.6   7  5.626.6 5.6
5036619721031 39.0 17.8  0.009900-99.9-99.9-99.9-99.911.0 8420.5 45 17.9   7  5.626.2 6.3
5036619721101 31.7 15.1  0.009900-99.9-99.9-99.9-99.9 0.0  014.3 65 12.3   6  4.8 7.4 3.2
5036619721102 27.7 16.1  0.009900-99.9-99.9-99.9-99.9 9.5 7212.9 48 10.7   4  3.223.7 4.7
5036619721103 32.0  9.8  0.009900-99.9-99.9-99.9-99.911.5 8714.2 45 12.2   8  6.427.2 5.4
5036619721104 33.9 14.5  0.009900-99.9-99.9-99.9-99.911.5 8716.5 48 14.5   5  4.027.2 5.6
5036619721105 33.3 17.5  0.009900-99.9-99.9-99.9-99.9 7.4 5620.0 53 17.5  12  9.620.2 5.4
5036619721106 37.8 21.9  4.419900-99.9-99.9-99.9-99.9 7.9 6026.7 66 22.2   7  5.621.1 5.7
5036619721107 31.5 21.5  1.319900-99.9-99.9-99.9-99.9 5.2 3926.6 69 22.1  12  9.616.5 4.4
5036619721108 26.9 18.1  1.719900-99.9-99.9-99.9-99.9 0.0  021.0 97 18.3   4  3.2 7.5 2.2
5036619721109 23.3 18.3  0.319900-99.9-99.9-99.9-99.9 0.0  021.7 93 18.8   2  1.6 7.5 1.8
5036619721110 24.7 19.7  0.009900-99.9-99.9-99.9-99.9 0.0  017.6 66 15.5   2  1.6 7.6 2.3
5036619721111 31.6 19.3  0.009900-99.9-99.9-99.9-99.9 5.6 4218.1 57 15.9   6  4.817.3 4.5
5036619721112 34.4 14.8 16.619900-99.9-99.9-99.9-99.9 8.5 6420.0 55 17.5   5  4.022.3 5.0
5036619721113 26.9 17.6  2.019900-99.9-99.9-99.9-99.9 0.3  220.7 87 18.1   6  4.8 8.1 2.4
5036619721114 24.3 17.3  9.719900-99.9-99.9-99.9-99.9 0.1  121.2 86 18.4   4  3.2 7.8 2.0
5036619721115 21.9 14.9  3.719900-99.9-99.9-99.9-99.9 0.0  017.0 88 15.0  10  8.0 7.6 2.2
5036619721116 18.9 14.8 10.619900-99.9-99.9-99.9-99.9 0.0  018.5 92 16.3   4  3.2 7.7 1.5
5036619721117 19.8 12.0  0.919900-99.9-99.9-99.9-99.9 0.0  014.3 80 12.3   8  6.4 7.7 2.1
5036619721118 23.5 13.8  0.009900-99.9-99.9-99.9-99.9 0.1  116.3 72 14.3   5  4.0 7.9 2.2
5036619721119 29.1 15.6  0.009900-99.9-99.9-99.9-99.9 7.3 5420.1 66 17.6   0  0.020.4 4.0
5036619721120 26.0 19.7  0.119900-99.9-99.9-99.9-99.9 1.5 1119.9 75 17.4  15 12.010.3 3.5
5036619721121 25.9 19.2  0.009900-99.9-99.9-99.9-99.9 2.1 1621.3 77 18.5   9  7.211.4 3.1
5036619721122 28.7 18.5  0.009900-99.9-99.9-99.9-99.9 2.0 1518.1 64 15.9   7  5.611.2 3.5
5036619721123 31.6 15.9  0.009900-99.9-99.9-99.9-99.9 6.4 4721.5 62 18.7   4  3.219.0 4.2
5036619721124 34.6 21.2  0.009900-99.9-99.9-99.9-99.9 7.2 5320.4 52 17.8  13 10.420.4 6.2
5036619721125 33.5 18.5  0.009900-99.9-99.9-99.9-99.9 5.9 4321.1 56 18.4   3  2.418.1 4.4
5036619721126 34.6 18.1  0.009900-99.9-99.9-99.9-99.9 8.8 6521.5 59 18.7   0  0.023.2 4.9
5036619721127 36.8 20.0  0.009900-99.9-99.9-99.9-99.9 7.3 5423.7 53 20.2   4  3.220.6 5.2
5036619721128 38.3 24.4  0.919900-99.9-99.9-99.9-99.9 6.4 4723.3 50 20.0  18 14.419.0 7.3
5036619721129 29.3 17.6  0.009900-99.9-99.9-99.9-99.9 4.6 3415.4 51 13.4   7  5.615.9 4.4
5036619721130 26.0 18.3  0.009900-99.9-99.9-99.9-99.9 0.6  418.1 67 15.9   9  7.2 8.9 3.0
5036619721201 25.6 17.8  0.219900-99.9-99.9-99.9-99.9 0.8  620.9 74 18.2   1  0.8 9.3 2.2
5036619721202 27.3 20.8  0.219900-99.9-99.9-99.9-99.9 0.0  023.9 80 20.4   2  1.6 7.9 2.2
5036619721203 31.8 19.6  0.419900-99.9-99.9-99.9-99.9 4.4 3225.9 73 21.7   1  0.815.6 3.6
5036619721204 26.8 20.4  9.119900-99.9-99.9-99.9-99.9 0.0  023.6 94 20.2  13 10.4 7.9 2.6
5036619721205 25.5 18.6  7.119900-99.9-99.9-99.9-99.9 0.9  723.1 97 19.8  12  9.6 9.5 2.5
5036619721206 21.5 18.1  0.619900-99.9-99.9-99.9-99.9 0.0  022.1 97 19.1   0  0.0 7.9 1.7
5036619721207 29.0 19.2  0.009900-99.9-99.9-99.9-99.9 3.7 2726.7 81 22.2  10  8.014.4 3.4
5036619721208 25.7 17.4  1.119900-99.9-99.9-99.9-99.9 0.0  020.7 91 18.1  10  8.0 7.9 2.4
5036619721209 25.9 17.0  0.219900-99.9-99.9-99.9-99.9 0.7  521.9 83 19.0   7  5.6 9.1 2.3
5036619721210 24.1 18.4  6.219900-99.9-99.9-99.9-99.9 0.0  022.0 93 19.0   4  3.2 7.9 2.0
5036619721211 22.4 18.0  1.819900-99.9-99.9-99.9-99.9 0.0  022.1 89 19.1   2  1.6 7.9 1.8
5036619721212 27.3 19.6  0.919900-99.9-99.9-99.9-99.9 5.0 3624.0 83 20.4   8  6.416.7 3.8
5036619721213 29.6 19.1  0.009900-99.9-99.9-99.9-99.9 3.6 2622.0 72 19.0   9  7.214.3 3.9
5036619721214 31.4 20.9  0.009900-99.9-99.9-99.9-99.9 5.1 3725.5 71 21.4   7  5.616.9 4.3
5036619721215 32.7 22.7  0.009900-99.9-99.9-99.9-99.9 1.1  824.3 66 20.6  16 12.8 9.9 4.3
5036619721216 34.3 20.9 47.119900-99.9-99.9-99.9-99.9 5.7 4126.4 76 22.0   7  5.618.0 4.8
5036619721217 29.9 20.4  0.009900-99.9-99.9-99.9-99.9 3.9 2826.3 76 21.9   3  2.414.8 3.5
5036619721218 32.2 21.6 20.019900-99.9-99.9-99.9-99.9 3.7 2727.7 75 22.8   6  4.814.5 3.8
5036619721219 26.1 19.5 15.119900-99.9-99.9-99.9-99.9 0.3  223.6 86 20.2  14 11.2 8.5 2.6
5036619721220 32.1 20.8  0.009900-99.9-99.9-99.9-99.9 5.5 4027.0 70 22.4  11  8.817.7 4.6
5036619721221 34.1 21.1  0.009900-99.9-99.9-99.9-99.9 7.7 5625.8 63 21.6   6  4.821.5 5.4
5036619721222 35.8 23.2  0.419900-99.9-99.9-99.9-99.9 7.3 5327.3 58 22.5  14 11.220.8 6.3
5036619721223 31.1 19.7  1.419900-99.9-99.9-99.9-99.9 2.8 2021.1 74 18.4   9  7.212.9 4.0
5036619721224 26.8 18.4  3.219900-99.9-99.9-99.9-99.9 2.3 1721.2 75 18.4   6  4.812.0 3.1
5036619721225 31.1 17.9  0.009900-99.9-99.9-99.9-99.9 6.8 4920.1 61 17.6   6  4.819.9 4.7
5036619721226 30.9 18.7  0.009900-99.9-99.9-99.9-99.9 5.6 4123.3 66 20.0   6  4.817.8 4.3
5036619721227 35.3 21.5  0.009900-99.9-99.9-99.9-99.9 5.1 3725.7 67 21.5   7  5.616.9 4.8
5036619721228 35.4 25.9  6.519900-99.9-99.9-99.9-99.9 6.9 5025.8 59 21.6  16 12.820.1 6.8
5036619721229 28.6 18.9  1.719900-99.9-99.9-99.9-99.9 2.5 1822.8 84 19.6   4  3.212.4 3.1
5036619721230 31.1 18.2  0.009900-99.9-99.9-99.9-99.9 6.4 4725.9 76 21.7   6  4.819.2 4.3
5036619721231 32.8 20.1  4.919900-99.9-99.9-99.9-99.9 5.3 3930.7 79 24.5   9  7.217.3 4.1
5036619730101 30.7 21.3  2.119900-99.9-99.9-99.9-99.9 2.3 1727.6 86 22.7   2  1.612.0 3.0
5036619730102 32.9 21.7 59.119900-99.9-99.9-99.9-99.9 4.7 3426.9 73 22.3   7  5.616.2 4.3
5036619730103 28.0 20.6  0.519900-99.9-99.9-99.9-99.9 1.1  824.7 82 20.9   1  0.8 9.9 2.5
5036619730104 30.8 20.7  0.009900-99.9-99.9-99.9-99.9 3.2 2327.1 76 22.4   4  3.213.6 3.4
5036619730105 34.5 23.2 23.119900-99.9-99.9-99.9-99.9 6.5 4731.4 72 24.9   3  2.419.4 4.8
5036619730106 30.7 21.5  0.009900-99.9-99.9-99.9-99.9 5.0 3623.4 66 20.0   4  3.216.7 4.2
5036619730107 32.9 21.2  2.519900-99.9-99.9-99.9-99.9 5.7 4224.2 62 20.6  12  9.618.0 5.2
5036619730108 28.3 20.2  0.009900-99.9-99.9-99.9-99.9 4.3 3116.1 54 14.1   4  3.215.5 4.1
5036619730109 29.5 18.1  0.009900-99.9-99.9-99.9-99.9 5.9 4323.0 67 19.7   2  1.618.3 3.9
5036619730110 34.8 22.0  0.009900-99.9-99.9-99.9-99.9 7.9 5828.7 66 23.4   1  0.821.8 5.1
5036619730111 38.0 24.4  0.009900-99.9-99.9-99.9-99.9 7.2 5330.0 62 24.1   8  6.420.6 5.9
5036619730112 37.1 25.9  8.619900-99.9-99.9-99.9-99.9 0.0  033.8 67 26.1   5  4.0 7.9 2.9
5036619730113 32.4 22.4  6.219900-99.9-99.9-99.9-99.9 3.6 2628.3 77 23.1   7  5.614.2 3.9
5036619730114 27.7 18.7 21.919900-99.9-99.9-99.9-99.9 0.0  023.2 93 19.9  15 12.0 7.8 2.7
5036619730115 23.6 17.9  0.009900-99.9-99.9-99.9-99.9 0.0  018.9 78 16.6   4  3.2 7.8 2.2
5036619730116 26.9 19.6  0.009900-99.9-99.9-99.9-99.9 2.5 1822.0 74 19.0   7  5.612.2 3.2
5036619730117 32.6 19.3  0.009900-99.9-99.9-99.9-99.9 7.9 5827.5 74 22.7   5  4.021.7 4.9
5036619730118 35.0 24.4 89.119900-99.9-99.9-99.9-99.9 3.8 2827.3 66 22.5   6  4.814.5 4.4
5036619730119 29.9 19.9 12.219900-99.9-99.9-99.9-99.9 4.3 3224.3 77 20.6   0  0.015.3 3.4
5036619730120 29.8 20.9  0.009900-99.9-99.9-99.9-99.9 6.3 4723.0 68 19.7   4  3.218.8 4.4
5036619730121 32.6 19.2  0.009900-99.9-99.9-99.9-99.9 9.8 7324.2 66 20.6   5  4.025.0 5.5
5036619730122 35.6 21.3  0.009900-99.9-99.9-99.9-99.9 8.6 6427.3 66 22.5   6  4.822.8 5.7
5036619730123 36.0 22.4 17.119900-99.9-99.9-99.9-99.9 3.4 2526.4 69 22.0   7  5.613.7 4.3
5036619730124 25.0 14.3  0.319900-99.9-99.9-99.9-99.9 0.0  015.2 72 13.2   6  4.8 7.7 2.5
5036619730125 27.8 17.9  0.009900-99.9-99.9-99.9-99.9 2.1 1614.3 51 12.3   6  4.811.4 3.6
5036619730126 31.2 17.6  0.009900-99.9-99.9-99.9-99.9 9.1 6817.8 54 15.7   7  5.623.6 5.4
5036619730127 33.0 19.6  0.009900-99.9-99.9-99.9-99.9 7.1 5325.0 66 21.1   2  1.620.1 4.5
5036619730128 28.6 21.4 52.019900-99.9-99.9-99.9-99.9 0.0  026.7 88 22.2  11  8.8 7.7 2.4
5036619730129 27.4 21.0  0.119900-99.9-99.9-99.9-99.9 0.9  726.7 86 22.2   1  0.8 9.2 2.2
5036619730130 33.7 23.0  0.009900-99.9-99.9-99.9-99.9 4.5 3428.8 72 23.4   1  0.815.5 3.9
5036619730131 35.9 23.7 17.919900-99.9-99.9-99.9-99.9 8.5 6433.9 73 26.2   4  3.222.4 5.6
5036619730201 32.7 23.9  0.819900-99.9-99.9-99.9-99.9 3.1 2331.5 79 24.9   4  3.213.0 3.4
5036619730202 35.4 24.0 11.119900-99.9-99.9-99.9-99.9 6.7 5129.9 65 24.0   0  0.019.2 4.7
5036619730203 31.0 21.9 19.519900-99.9-99.9-99.9-99.9 0.0  025.6 92 21.5   6  4.8 7.5 2.6
5036619730204 24.7 18.7  9.919900-99.9-99.9-99.9-99.9 9.0 6821.2 82 18.4   6  4.823.2 4.5
5036619730205 28.8 20.1  0.009900-99.9-99.9-99.9-99.9 5.2 3923.3 77 20.0   4  3.216.5 3.8
5036619730206 31.2 20.2  0.009900-99.9-99.9-99.9-99.9 8.5 6525.6 74 21.5   1  0.822.2 4.7
5036619730207 31.9 22.7  0.009900-99.9-99.9-99.9-99.9 3.9 3028.1 76 23.0   2  1.614.2 3.5
5036619730208 35.2 23.9 16.319900-99.9-99.9-99.9-99.9 7.2 5532.0 71 25.2  14 11.219.9 5.6
5036619730209 31.3 21.7 23.319900-99.9-99.9-99.9-99.9 0.0  027.4 86 22.6   8  6.4 7.4 2.5
5036619730210 22.7 17.3  7.819900-99.9-99.9-99.9-99.9 0.0  020.5 88 17.9   9  7.2 7.4 1.9
5036619730211 32.2 15.3  0.009900-99.9-99.9-99.9-99.910.8 8321.7 64 18.8   6  4.826.0 5.3
5036619730212 31.8 18.9  0.009900-99.9-99.9-99.9-99.9 6.4 4924.1 71 20.5   0  0.018.4 3.9
5036619730213 31.7 19.3 60.219900-99.9-99.9-99.9-99.9 5.7 4422.4 70 19.3  11  8.817.1 4.6
5036619730214 25.5 17.3  0.119900-99.9-99.9-99.9-99.9 3.9 3021.3 79 18.5   5  4.014.0 3.0
5036619730215 26.2 18.4  0.009900-99.9-99.9-99.9-99.9 1.3 1020.7 77 18.1   4  3.2 9.5 2.5
5036619730216 28.6 19.2  0.219900-99.9-99.9-99.9-99.9 5.8 4522.7 75 19.5   4  3.217.2 3.8
5036619730217 24.3 19.4 19.519900-99.9-99.9-99.9-99.9 0.0  023.3 89 20.0   9  7.2 7.2 1.9
5036619730218 26.1 19.5  0.009900-99.9-99.9-99.9-99.9 0.7  523.4 84 20.0   1  0.8 8.4 2.0
5036619730219 28.4 20.8  0.009900-99.9-99.9-99.9-99.9 2.4 1924.2 75 20.6   7  5.611.2 3.0
5036619730220 32.9 21.4  0.119900-99.9-99.9-99.9-99.9 9.2 7228.5 76 23.2   5  4.022.7 5.2
5036619730221 29.0 23.9  0.009900-99.9-99.9-99.9-99.9 3.8 3024.8 77 21.0   5  4.013.5 3.6
5036619730222 32.1 20.3  0.009900-99.9-99.9-99.9-99.9 7.3 5727.2 77 22.5   1  0.819.4 4.2
5036619730223 31.4 23.6  0.219900-99.9-99.9-99.9-99.9 6.1 4829.8 81 24.0   7  5.617.3 4.3
5036619730224 27.1 19.3  2.219900-99.9-99.9-99.9-99.9 0.0  019.3 79 16.9   7  5.6 7.0 2.6
5036619730225 23.8 18.4  0.009900-99.9-99.9-99.9-99.9 0.1  117.6 71 15.5   1  0.8 7.1 2.0
5036619730226 28.7 16.7  0.009900-99.9-99.9-99.9-99.910.2 8020.7 71 18.1   3  2.424.0 4.5
5036619730227 30.7 16.3  0.009900-99.9-99.9-99.9-99.910.3 8122.6 70 19.5   5  4.024.1 4.8
5036619730228 30.7 21.8  0.009900-99.9-99.9-99.9-99.9 1.5 1227.6 74 22.7   0  0.0 9.4 2.4
5036619730301 31.1 24.1  0.009900-99.9-99.9-99.9-99.9 2.9 2330.3 85 24.3   4  3.211.7 3.0
5036619730302 34.3 23.3  4.819900-99.9-99.9-99.9-99.9 6.5 5230.6 81 24.4   5  4.017.6 4.4
5036619730303 32.9 23.5187.419900-99.9-99.9-99.9-99.9 0.0  031.1 88 24.7   4  3.2 6.8 2.2
5036619730304 25.3 20.8 26.119900-99.9-99.9-99.9-99.9 0.0  025.8 94 21.6   1  0.8 6.8 1.6
5036619730305 26.8 21.7 15.919900-99.9-99.9-99.9-99.9 0.0  026.7 90 22.2   2  1.6 6.7 1.7
5036619730306 29.8 23.1 53.619900-99.9-99.9-99.9-99.9 2.0 1629.4 89 23.8   2  1.610.0 2.5
5036619730307 25.3 19.1 11.719900-99.9-99.9-99.9-99.9-9.9 9924.1 93 20.5   8  6.4-9.9-9.9
5036619730308 23.1 17.4  0.619900-99.9-99.9-99.9-99.9 0.0  021.3 87 18.5   1  0.8 6.6 1.5
5036619730309 24.7 19.2  0.009900-99.9-99.9-99.9-99.9 0.0  022.0 83 19.0   2  1.6 6.6 1.7
5036619730310 28.2 20.7  0.319900-99.9-99.9-99.9-99.9 1.3 1123.4 78 20.0   2  1.6 8.7 2.3
5036619730311 24.7 20.3  0.009900-99.9-99.9-99.9-99.9 0.8  620.5 77 17.9   7  5.6 7.8 2.4
5036619730312 27.8 18.9  0.009900-99.9-99.9-99.9-99.9 5.2 4222.2 74 19.2   3  2.414.9 3.1
5036619730313 29.8 18.4  0.009900-99.9-99.9-99.9-99.9 3.8 3125.1 79 21.2   0  0.012.5 2.7
5036619730314 32.2 21.9  0.009900-99.9-99.9-99.9-99.9 5.4 4427.4 76 22.6   3  2.415.1 3.6
5036619730315 27.7 21.8  5.319900-99.9-99.9-99.9-99.9 0.4  325.0 87 21.1  11  8.8 7.0 2.4
5036619730316 26.3 20.7 12.719900-99.9-99.9-99.9-99.9 2.9 2424.5 90 20.8   4  3.210.9 2.5
5036619730317 25.8 17.4  0.009900-99.9-99.9-99.9-99.9 2.7 2217.8 68 15.7   4  3.210.6 2.6
5036619730318 27.8 19.2  0.009900-99.9-99.9-99.9-99.9 7.0 5820.7 73 18.1   1  0.817.3 3.4
5036619730319 30.6 16.4  0.009900-99.9-99.9-99.9-99.9 8.2 6819.9 65 17.4   2  1.619.1 3.7
5036619730320 30.7 17.9  0.009900-99.9-99.9-99.9-99.9 4.2 3522.2 67 19.2   4  3.212.8 3.0
5036619730321 29.9 20.5  0.009900-99.9-99.9-99.9-99.9 2.7 2224.0 74 20.4   2  1.610.4 2.6
5036619730322 31.7 21.4  0.009900-99.9-99.9-99.9-99.9 4.0 3323.9 69 20.4   4  3.212.3 3.2
5036619730323 31.7 21.9  0.009900-99.9-99.9-99.9-99.9 4.8 4024.8 70 21.0   4  3.213.5 3.4
5036619730324 32.1 21.1  0.009900-99.9-99.9-99.9-99.9 3.5 2924.1 69 20.5   5  4.011.4 3.1
5036619730325 31.3 19.8 33.819900-99.9-99.9-99.9-99.9 2.5 2126.6 74 22.1   3  2.4 9.8 2.4
5036619730326 27.5 17.3 10.719900-99.9-99.9-99.9-99.9 0.0  019.7 96 17.3   4  3.2 6.0 2.0
5036619730327 19.3 14.2  6.919900-99.9-99.9-99.9-99.9 0.0  017.7 91 15.6   0  0.0 5.9 1.2
5036619730328 23.6 15.0  0.009900-99.9-99.9-99.9-99.9 2.4 2020.0 86 17.5   3  2.4 9.5 1.8
5036619730329 24.0 15.5  0.009900-99.9-99.9-99.9-99.9 0.0  020.3 81 17.7   5  4.0 5.9 1.5
5036619730330 26.7 16.1  0.009900-99.9-99.9-99.9-99.9 2.3 1921.9 81 19.0   1  0.8 9.3 1.9
5036619730331 30.7 20.1 22.519900-99.9-99.9-99.9-99.9 3.7 3123.8 75 20.3   3  2.411.3 2.7
5036619730401 24.3 15.4  6.519900-99.9-99.9-99.9-99.9 0.0  017.9 96 15.8   7  5.6 5.7 1.8
5036619730402 20.0 15.9  3.019900-99.9-99.9-99.9-99.9 0.0  018.2 91 16.0   2  1.6 5.7 1.3
5036619730403 19.9 16.5 18.419900-99.9-99.9-99.9-99.9 0.0  019.6 93 17.2   0  0.0 5.7 1.2
5036619730404 21.7 16.9 19.119900-99.9-99.9-99.9-99.9 0.0  019.3 89 16.9  12  9.6 5.6 1.7
5036619730405 18.4 13.5  0.719900-99.9-99.9-99.9-99.9 0.0  016.3 89 14.3   3  2.4 5.6 1.2
5036619730406 24.8 15.0  0.009900-99.9-99.9-99.9-99.9 3.4 2918.8 80 16.5   3  2.410.5 2.0
5036619730407 21.4 16.3  2.319900-99.9-99.9-99.9-99.9 0.0  017.8 87 15.7   2  1.6 5.5 1.4
5036619730408 22.6 12.5  0.009900-99.9-99.9-99.9-99.9 1.0  917.0 82 15.0   3  2.4 6.9 1.5
5036619730409 27.5 15.9  0.009900-99.9-99.9-99.9-99.9 3.5 3018.0 69 15.8   2  1.610.4 2.3
5036619730410 28.4 15.4  0.009900-99.9-99.9-99.9-99.9 7.1 6218.9 70 16.6   3  2.415.5 2.8
5036619730411 27.6 15.3  0.009900-99.9-99.9-99.9-99.9 9.7 8419.2 72 16.9   1  0.819.1 3.0
5036619730412 22.2 17.0  3.119900-99.9-99.9-99.9-99.9 0.0  019.8 92 17.3   1  0.8 5.3 1.3
5036619730413 20.9 16.9  9.619900-99.9-99.9-99.9-99.9 0.0  019.0 88 16.7   0  0.0 5.3 1.2
5036619730414 19.7 17.6  1.019900-99.9-99.9-99.9-99.9 0.0  020.2 95 17.7   6  4.8 5.2 1.1
5036619730415 20.2 16.9  1.119900-99.9-99.9-99.9-99.9 0.0  018.4 87 16.2   4  3.2 5.2 1.3
5036619730416 18.7 14.9  1.819900-99.9-99.9-99.9-99.9 0.0  015.4 83 13.4   4  3.2 5.2 1.4
5036619730417 19.5 14.5  0.009900-99.9-99.9-99.9-99.9 0.1  116.6 87 14.6   2  1.6 5.3 1.2
5036619730418 25.8 14.1  0.009900-99.9-99.9-99.9-99.9 7.2 6317.2 78 15.1   3  2.415.0 2.5
5036619730419 25.5 16.1  0.009900-99.9-99.9-99.9-99.9 7.0 6219.1 79 16.8   6  4.814.6 2.6
5036619730420 26.5 15.1  0.009900-99.9-99.9-99.9-99.9 8.5 7519.1 77 16.8   3  2.416.6 2.6
5036619730421 25.2 16.7  0.009900-99.9-99.9-99.9-99.9 0.1  121.0 80 18.3   5  4.0 5.1 1.4
5036619730422 25.6 19.0  0.519900-99.9-99.9-99.9-99.9 0.7  623.7 87 20.2   9  7.2 5.9 1.6
5036619730423 24.6 19.8  0.009900-99.9-99.9-99.9-99.9 0.0  023.5 87 20.1  10  8.0 4.9 1.5
5036619730424 26.9 20.2  0.119900-99.9-99.9-99.9-99.9 0.0  024.9 84 21.0   1  0.8 4.9 1.3
5036619730425 24.5 19.8  0.009900-99.9-99.9-99.9-99.9 0.2  217.1 68 15.0   4  3.2 5.1 1.9
5036619730426 24.7 17.2  0.009900-99.9-99.9-99.9-99.9 4.2 3815.3 68 13.3   4  3.210.3 2.3
5036619730427 25.6 14.0  0.009900-99.9-99.9-99.9-99.9 2.8 2517.7 73 15.6   3  2.4 8.4 1.7
5036619730428 25.9 18.6  2.119900-99.9-99.9-99.9-99.9 0.3  318.5 75 16.3   4  3.2 5.1 1.8
5036619730429 22.6 15.4  0.219900-99.9-99.9-99.9-99.9 1.3 1216.6 79 14.6   2  1.6 6.4 1.5
5036619730430 21.3 16.1  2.119900-99.9-99.9-99.9-99.9 0.2  216.6 79 14.6   0  0.0 4.9 1.2
5036619730501 22.4 16.8 15.819900-99.9-99.9-99.9-99.9 0.3  318.2 82 16.0   6  4.8 5.0 1.5
5036619730502 19.5 11.5  1.319900-99.9-99.9-99.9-99.9 0.3  311.7 71  9.3   6  4.8 5.0 1.7
5036619730503 16.8  6.1  0.009900-99.9-99.9-99.9-99.9 6.0 55 8.2 64  4.1   4  3.212.2 1.7
5036619730504 19.1  4.8  0.009900-99.9-99.9-99.9-99.9 9.1 8310.0 71  7.0   1  0.816.0 1.5
5036619730505 22.0  7.4  0.009900-99.9-99.9-99.9-99.9 9.2 8411.7 69  9.3   1  0.816.1 1.7
5036619730506 20.1 13.5  0.009900-99.9-99.9-99.9-99.9 0.0  014.1 73 12.1   3  2.4 4.5 1.3
5036619730507 21.2 14.9  0.009900-99.9-99.9-99.9-99.9 2.3 2114.3 76 12.3   2  1.6 7.3 1.5
5036619730508 21.7 10.7  0.009900-99.9-99.9-99.9-99.9 6.1 5613.9 78 11.9   4  3.212.0 1.7
5036619730509 23.1 11.5  2.919900-99.9-99.9-99.9-99.9 1.1 1014.5 71 12.5   2  1.6 5.7 1.3
5036619730510 19.3 11.1  1.819900-99.9-99.9-99.9-99.9 0.0  011.7 84  9.3   2  1.6 4.4 1.3
5036619730511 13.1 11.0  1.119900-99.9-99.9-99.9-99.9 0.0  011.3 83  8.8   2  1.6 4.3 1.0
5036619730512 12.4  8.9  0.119900-99.9-99.9-99.9-99.9 0.0  010.2 83  7.3   3  2.4 4.3 1.0
5036619730513 16.2  9.4  0.009900-99.9-99.9-99.9-99.9 0.3  311.6 79  9.2   2  1.6 4.6 1.0
5036619730514 18.6  6.4  0.009900-99.9-99.9-99.9-99.9 4.6 4311.5 76  9.0   4  3.2 9.8 1.2
5036619730515 21.5  6.3  0.009900-99.9-99.9-99.9-99.9 2.9 2711.9 77  9.5   1  0.8 7.7 1.2
5036619730516 22.5  8.8  0.009900-99.9-99.9-99.9-99.9 4.8 4511.9 68  9.5   3  2.4 9.9 1.5
5036619730517 20.8 12.5  0.009900-99.9-99.9-99.9-99.9 0.0  014.9 74 12.9   3  2.4 4.2 1.1
5036619730518 18.4 14.0  0.009900-99.9-99.9-99.9-99.9 0.0  016.3 85 14.3   2  1.6 4.1 0.9
5036619730519 22.9 12.4  0.009900-99.9-99.9-99.9-99.9 3.8 3615.6 78 13.6   2  1.6 8.6 1.4
5036619730520 24.8 10.5  3.719900-99.9-99.9-99.9-99.9 4.3 4017.1 78 15.0   2  1.6 9.1 1.3
5036619730521 20.7 15.1  0.319900-99.9-99.9-99.9-99.9 0.0  015.0 79 13.0   3  2.4 4.1 1.3
5036619730522 22.5 12.3  0.009900-99.9-99.9-99.9-99.9 3.4 3214.1 76 12.1   3  2.4 8.0 1.4
5036619730523 21.1 10.4  0.009900-99.9-99.9-99.9-99.9 2.8 2614.6 81 12.6   4  3.2 7.3 1.2
5036619730524 21.2 11.9  0.009900-99.9-99.9-99.9-99.9 2.2 2115.8 79 13.8   1  0.8 6.5 1.1
5036619730525 24.9 13.4  0.009900-99.9-99.9-99.9-99.9 5.3 5016.5 76 14.5   4  3.210.1 1.6
5036619730526 28.8 12.9  0.009900-99.9-99.9-99.9-99.9 5.5 5217.1 74 15.0   3  2.410.3 1.8
5036619730527 27.1 12.6  0.719900-99.9-99.9-99.9-99.9 6.9 6518.0 73 15.8   5  4.011.8 1.8
5036619730528 22.7 14.5  0.009900-99.9-99.9-99.9-99.9 0.9  912.9 71 10.7   4  3.2 5.0 1.7
5036619730529 22.0 13.9  0.009900-99.9-99.9-99.9-99.9 2.2 2111.9 64  9.5   3  2.4 6.4 1.6
5036619730530 22.0 10.4  0.009900-99.9-99.9-99.9-99.9 7.4 7013.2 76 11.1   4  3.212.3 1.5
5036619730531 20.6  9.9  0.319900-99.9-99.9-99.9-99.9 1.1 1014.9 81 12.9   2  1.6 5.1 0.9
5036619730601 19.3 14.2  9.019900-99.9-99.9-99.9-99.9 0.7  716.8 89 14.8   4  3.2 4.7 0.9
5036619730602 19.2 14.7  8.819900-99.9-99.9-99.9-99.9 0.0  017.8 91 15.7   0  0.0 3.9 0.8
5036619730603 22.8 14.6  0.009900-99.9-99.9-99.9-99.9 5.1 4917.0 83 15.0   1  0.8 9.5 1.3
5036619730604 23.6 10.9  0.009900-99.9-99.9-99.9-99.9 5.5 5215.5 75 13.5   2  1.6 9.9 1.3
5036619730605 22.5 15.7  0.009900-99.9-99.9-99.9-99.9 2.1 2017.6 79 15.5   2  1.6 6.1 1.2
5036619730606 21.9 12.7  1.219900-99.9-99.9-99.9-99.9 2.6 2517.4 80 15.3   0  0.0 6.7 1.0
5036619730607 18.7 12.3  0.819900-99.9-99.9-99.9-99.9 0.0  014.5 94 12.5   3  2.4 3.8 1.0
5036619730608 21.6  8.3  0.009900-99.9-99.9-99.9-99.9 4.5 4311.8 74  9.4   2  1.6 8.7 1.2
5036619730609 22.6  7.3  0.009900-99.9-99.9-99.9-99.9 6.1 5813.7 71 11.6   2  1.610.5 1.1
5036619730610 22.9  7.8  0.009900-99.9-99.9-99.9-99.9 6.1 5812.3 71 10.0   2  1.610.5 1.2
5036619730611 19.9  9.2  0.009900-99.9-99.9-99.9-99.9 1.4 1313.2 74 11.1   9  7.2 5.3 1.2
5036619730612 16.9 11.3  0.009900-99.9-99.9-99.9-99.9 0.0  012.3 73 10.0   0  0.0 3.7 0.9
5036619730613 14.7 10.8  0.009900-99.9-99.9-99.9-99.9 0.0  011.2 74  8.6   0  0.0 3.7 0.9
5036619730614 15.3  5.0  0.009900-99.9-99.9-99.9-99.9 0.6  611.2 78  8.6   2  1.6 4.4 0.7
5036619730615 21.6 12.2  0.009900-99.9-99.9-99.9-99.9 4.7 4512.7 76 10.5   2  1.6 8.9 1.3
5036619730616 17.0  7.1  0.319900-99.9-99.9-99.9-99.9 1.1 1111.9 76  9.5   6  4.8 4.9 0.9
5036619730617 17.0  9.4  0.009900-99.9-99.9-99.9-99.9 5.5 53 8.7 61  5.0   1  0.8 9.7 1.1
5036619730618 22.2  3.9  0.009900-99.9-99.9-99.9-99.9 6.1 59 7.8 61  3.4   4  3.210.4 1.4
5036619730619 22.7  6.6  0.009900-99.9-99.9-99.9-99.9 7.3 70 8.8 60  5.1   1  0.811.7 1.2
5036619730620 22.8  5.5  0.009900-99.9-99.9-99.9-99.9 2.9 2810.2 58  7.3   2  1.6 6.9 1.2
5036619730621 22.5  5.5  0.009900-99.9-99.9-99.9-99.9 5.5 5311.2 66  8.6   2  1.6 9.7 1.1
5036619730622 20.9  6.5  0.009900-99.9-99.9-99.9-99.9 1.9 1811.5 75  9.0   1  0.8 5.8 1.0
5036619730623 16.1  6.1  4.119900-99.9-99.9-99.9-99.9 1.5 1411.9 80  9.5   5  4.0 5.3 0.7
5036619730624 16.0 10.1  0.219900-99.9-99.9-99.9-99.9 0.4  412.3 87 10.0   3  2.4 4.1 0.9
5036619730625 20.4  6.9  0.009900-99.9-99.9-99.9-99.9 4.6 4410.8 79  8.1   7  5.6 8.7 1.4
5036619730626 15.5  7.0  0.219900-99.9-99.9-99.9-99.9 1.3 12 8.9 71  5.3   5  4.0 5.1 1.2
5036619730627 16.7  4.7  0.009900-99.9-99.9-99.9-99.9 5.5 53 9.3 71  5.9   2  1.6 9.7 0.9
5036619730628 18.0  4.3  0.009900-99.9-99.9-99.9-99.9 5.4 52 8.9 71  5.3   4  3.2 9.6 1.1
5036619730629 20.0  4.4  0.009900-99.9-99.9-99.9-99.9 5.4 5210.2 72  7.3   0  0.0 9.6 0.9
5036619730630 21.3  5.3  0.009900-99.9-99.9-99.9-99.9 4.1 3910.7 66  8.0   6  4.8 8.2 1.3
5036619730701 16.3  2.8  0.009900-99.9-99.9-99.9-99.9 5.0 48 5.7 53 -1.0   7  5.6 9.2 1.6
5036619730702 18.5  1.4  0.009900-99.9-99.9-99.9-99.9 6.8 65 7.2 56  2.3   6  4.811.2 1.3
5036619730703 21.6  2.8  0.009900-99.9-99.9-99.9-99.9 6.2 59 9.3 68  5.9   1  0.810.6 1.0
5036619730704 20.7  5.2  0.009900-99.9-99.9-99.9-99.9 4.9 4710.3 69  7.4   2  1.6 9.2 1.1
5036619730705 18.6  7.9  0.419900-99.9-99.9-99.9-99.9 0.7  711.2 73  8.6   6  4.8 4.5 1.2
5036619730706 13.5  8.5  0.219900-99.9-99.9-99.9-99.9 0.0  011.2 84  8.6   2  1.6 3.8 0.8
5036619730707 12.8  9.4  0.009900-99.9-99.9-99.9-99.9 0.0  011.2 88  8.6   2  1.6 3.8 0.8
5036619730708 21.8  5.2  0.009900-99.9-99.9-99.9-99.9 6.0 5711.4 73  8.9   6  4.810.5 1.3
5036619730709 20.6  6.2  0.009900-99.9-99.9-99.9-99.9 0.0  011.6 72  9.2   9  7.2 3.8 1.3
5036619730710 22.9  4.9  0.009900-99.9-99.9-99.9-99.9 6.5 62 9.9 65  6.8   4  3.211.1 1.4
5036619730711 21.0  6.8  0.009900-99.9-99.9-99.9-99.9 6.4 6111.7 77  9.3   4  3.211.0 1.3
5036619730712 18.1  9.4  0.119900-99.9-99.9-99.9-99.9 0.0  013.9 79 11.9   4  3.2 3.9 0.8
5036619730713 16.7 10.3  2.519900-99.9-99.9-99.9-99.9 0.0  011.8 89  9.4   4  3.2 3.9 1.1
5036619730714 11.7  8.5  0.009900-99.9-99.9-99.9-99.9 0.0  010.1 81  7.1   4  3.2 3.9 0.9
5036619730715 13.2  7.3  0.119900-99.9-99.9-99.9-99.9 0.3  3 8.1 68  3.9   4  3.2 4.3 1.2
5036619730716 12.5  7.0  0.009900-99.9-99.9-99.9-99.9 0.0  0 8.0 64  3.8   4  3.2 3.9 1.2
5036619730717  9.8  3.8  0.819900-99.9-99.9-99.9-99.9 0.0  0 6.1 69  0.0   5  4.0 3.9 1.2
5036619730718  6.3  3.7  1.019900-99.9-99.9-99.9-99.9 0.0  0 7.1 79  2.1   2  1.6 4.0 0.7
5036619730719  5.7  3.7  2.319900-99.9-99.9-99.9-99.9 0.0  0 7.7 89  3.2   1  0.8 4.0 0.6
5036619730720  7.1  4.5  0.819900-99.9-99.9-99.9-99.9 0.0  0 8.2 88  4.1   2  1.6 4.0 0.6
5036619730721  9.0  5.4  0.009900-99.9-99.9-99.9-99.9 0.0  0 7.9 77  3.6   0  0.0 4.0 0.7
5036619730722 15.3  5.9  0.009900-99.9-99.9-99.9-99.9 5.4 51 7.6 67  3.0   1  0.810.3 1.1
5036619730723 17.7 -1.4  0.009900-99.9-99.9-99.9-99.9 6.1 57 7.4 66  2.7   6  4.811.2 1.2
5036619730724  9.5  2.4  0.009900-99.9-99.9-99.9-99.9 0.0  0 8.4 84  4.5   4  3.2 4.1 0.6
5036619730725 15.7  6.7  0.009900-99.9-99.9-99.9-99.9 5.6 52 8.1 66  3.9   2  1.610.7 1.3
5036619730726 17.2  4.0  0.009900-99.9-99.9-99.9-99.9 3.9 36 8.0 59  3.8   2  1.6 8.7 1.2
5036619730727 20.6  2.0  0.009900-99.9-99.9-99.9-99.9 7.3 68 7.7 59  3.2   6  4.812.8 1.6
5036619730728 21.4  3.8  0.009900-99.9-99.9-99.9-99.9 4.0 37 8.8 61  5.1   4  3.2 8.9 1.5
5036619730729 22.6  5.5  0.009900-99.9-99.9-99.9-99.9 4.7 44 9.1 60  5.6   6  4.8 9.8 1.8
5036619730730 22.2  6.0  0.009900-99.9-99.9-99.9-99.9 4.4 41 9.8 62  6.7   3  2.4 9.5 1.5
5036619730731 19.7 10.0  0.009900-99.9-99.9-99.9-99.9 1.1 10 9.4 55  6.1   6  4.8 5.6 1.8
5036619730801 20.6  9.3  0.009900-99.9-99.9-99.9-99.9 4.9 45 8.7 60  5.0   3  2.410.2 1.7
5036619730802 23.4  5.0  0.009900-99.9-99.9-99.9-99.9 7.9 73 8.4 55  4.5   1  0.813.9 1.5
5036619730803 25.2  6.8  0.009900-99.9-99.9-99.9-99.9 6.9 6310.0 58  7.0   2  1.612.8 1.7
5036619730804 28.0  7.3  0.009900-99.9-99.9-99.9-99.9 7.3 67 9.9 54  6.8   6  4.813.3 2.3
5036619730805 27.9  8.9  0.009900-99.9-99.9-99.9-99.9 7.1 6510.3 51  7.4   2  1.613.1 2.0
5036619730806 24.8  7.6  0.009900-99.9-99.9-99.9-99.9 8.1 74 8.9 51  5.3   4  3.214.5 2.1
5036619730807 26.4  8.5  0.009900-99.9-99.9-99.9-99.9 8.8 8012.0 61  9.7   2  1.615.4 2.0
5036619730808 17.4 12.5  0.319900-99.9-99.9-99.9-99.9 0.0  013.0 75 10.9   3  2.4 4.5 1.2
5036619730809 15.0  9.3  0.009900-99.9-99.9-99.9-99.9 0.0  0 9.9 71  6.8   0  0.0 4.5 1.1
5036619730810 12.3  8.3  0.819900-99.9-99.9-99.9-99.9 0.0  0 8.3 70  4.3   7  5.6 4.6 1.5
5036619730811 12.9  7.5  0.009900-99.9-99.9-99.9-99.9 0.0  0 6.8 58  1.5   2  1.6 4.6 1.4
5036619730812 19.9  3.7  0.009900-99.9-99.9-99.9-99.9 9.4 85 7.3 52  2.5   3  2.416.6 1.8
5036619730813 22.3  2.9  0.009900-99.9-99.9-99.9-99.9 8.9 80 7.9 55  3.6   7  5.616.0 2.2
5036619730814 25.3  4.7  0.009900-99.9-99.9-99.9-99.9 7.9 71 9.0 50  5.4   6  4.814.8 2.3
5036619730815 24.6  7.8  0.009900-99.9-99.9-99.9-99.9 9.2 8310.6 59  7.8   1  0.816.6 2.0
5036619730816 26.8 10.6  0.009900-99.9-99.9-99.9-99.9 9.3 8311.5 51  9.0   5  4.016.8 2.6
5036619730817 28.3  9.4  0.009900-99.9-99.9-99.9-99.9 9.8 8810.6 50  7.8   9  7.217.6 3.1
5036619730818 23.9  7.7  0.009900-99.9-99.9-99.9-99.9 7.7 6910.7 59  8.0   5  4.014.9 2.2
5036619730819 18.7 12.7  0.009900-99.9-99.9-99.9-99.9 0.0  0 8.1 52  3.9   2  1.6 4.8 1.8
5036619730820 12.8  9.9  0.009900-99.9-99.9-99.9-99.9 0.0  0 8.2 63  4.1   2  1.6 4.9 1.4
5036619730821 14.3  8.2  0.009900-99.9-99.9-99.9-99.9 0.2  2 6.7 50  1.3   8  6.4 5.2 2.1
5036619730822 19.9  8.5  0.009900-99.9-99.9-99.9-99.9 7.4 66 9.1 58  5.6   7  5.614.9 2.4
5036619730823 23.3  6.0  0.009900-99.9-99.9-99.9-99.910.0 8810.9 63  8.2   5  4.018.4 2.4
5036619730824 23.0  7.7  0.719900-99.9-99.9-99.9-99.9 3.0 2611.3 63  8.8   8  6.4 9.1 2.1
5036619730825 19.1  9.4  0.119900-99.9-99.9-99.9-99.9 0.0  0 8.3 64  4.3   4  3.2 5.1 1.9
5036619730826 20.0  7.5  0.009900-99.9-99.9-99.9-99.9 6.1 54 6.7 48  1.3   2  1.613.4 2.1
5036619730827 24.2  4.4  0.009900-99.9-99.9-99.9-99.9 9.9 87 6.1 39  0.0   2  1.618.7 2.3
5036619730828 24.5  7.5  0.009900-99.9-99.9-99.9-99.9 9.8 86 7.5 43  2.9   4  3.218.7 2.7
5036619730829 22.3  4.4  0.009900-99.9-99.9-99.9-99.9 7.5 65 7.1 46  2.1   2  1.615.6 2.1
5036619730830 22.6  9.2  0.009900-99.9-99.9-99.9-99.9 3.2 28 8.0 49  3.8   2  1.6 9.7 2.1
5036619730831 26.2  5.8  0.009900-99.9-99.9-99.9-99.910.1 88 7.1 40  2.1   3  2.419.4 2.6
5036619730901 29.8  7.9  0.009900-99.9-99.9-99.9-99.9 9.8 85 7.9 31  3.6   6  4.819.1 3.3
5036619730902 29.7  9.4  0.009900-99.9-99.9-99.9-99.9 9.8 85 9.4 43  6.1   1  0.819.2 2.7
5036619730903 29.0  9.3  0.009900-99.9-99.9-99.9-99.9 6.8 59 9.9 40  6.8   1  0.815.0 2.5
5036619730904 29.0 10.5  0.009900-99.9-99.9-99.9-99.9 6.6 5710.7 44  8.0   4  3.214.8 2.9
5036619730905 22.8 14.1  0.009900-99.9-99.9-99.9-99.9 2.9 25 7.9 38  3.6   5  4.0 9.6 2.8
5036619730906 19.1 12.3  0.009900-99.9-99.9-99.9-99.9 2.4 21 8.3 49  4.3   3  2.4 8.9 2.2
5036619730907 23.0  6.6  0.009900-99.9-99.9-99.9-99.9 3.7 32 6.9 38  1.7   9  7.210.9 3.0
5036619730908 22.7  3.3  0.009900-99.9-99.9-99.9-99.9 8.7 74 6.2 39  0.2   2  1.618.2 2.4
5036619730909 27.7  5.2  0.009900-99.9-99.9-99.9-99.9 9.8 83 6.9 35  1.7   3  2.419.9 2.9
5036619730910 29.7  7.1  0.009900-99.9-99.9-99.9-99.9 7.2 61 9.1 40  5.6   2  1.616.2 2.8
5036619730911 30.8 10.6  0.009900-99.9-99.9-99.9-99.9 5.0 4213.7 49 11.6   2  1.613.0 2.7
5036619730912 26.7 13.8  0.009900-99.9-99.9-99.9-99.9 0.0  012.0 47  9.7  11  8.8 5.7 3.1
5036619730913 21.2 14.4  0.009900-99.9-99.9-99.9-99.9 1.1  911.5 59  9.0   4  3.2 7.4 2.2
5036619730914 23.9  9.5  0.009900-99.9-99.9-99.9-99.9 2.5 2112.4 65 10.1   6  4.8 9.5 2.3
5036619730915 17.3 12.5  0.009900-99.9-99.9-99.9-99.9 0.0  013.2 85 11.1   4  3.2 5.8 1.5
5036619730916 19.9  9.6  7.119900-99.9-99.9-99.9-99.9 0.0  014.7 76 12.7   6  4.8 5.9 1.3
5036619730917 15.0 11.1  0.119900-99.9-99.9-99.9-99.9 0.0  012.6 84 10.4   6  4.8 5.9 1.4
5036619730918 19.3 10.0  0.319900-99.9-99.9-99.9-99.9 1.4 1210.9 64  8.2   5  4.0 8.1 2.0
5036619730919 17.7 10.8  0.219900-99.9-99.9-99.9-99.9 0.0  011.6 74  9.2   4  3.2 6.0 1.6
5036619730920 21.9  5.8  0.009900-99.9-99.9-99.9-99.9 7.6 63 9.8 55  6.7   2  1.617.6 2.5
5036619730921 26.0  6.4  0.009900-99.9-99.9-99.9-99.9 7.6 63 9.0 47  5.4   2  1.617.7 2.8
5036619730922 27.6  7.3  0.009900-99.9-99.9-99.9-99.9 5.6 46 9.3 43  5.9   1  0.814.7 2.6
5036619730923 28.0  7.8  0.009900-99.9-99.9-99.9-99.9 5.5 45 9.6 44  6.4   2  1.614.6 2.8
5036619730924 31.7 10.7  0.009900-99.9-99.9-99.9-99.9 5.2 4311.1 42  8.5   4  3.214.2 3.3
5036619730925 28.2 14.1  0.009900-99.9-99.9-99.9-99.9 0.3  211.5 47  9.0   9  7.2 6.7 3.3
5036619730926 22.8 12.2  0.009900-99.9-99.9-99.9-99.9 1.7 1411.1 56  8.5   3  2.4 8.9 2.3
5036619730927 17.3 14.3  0.009900-99.9-99.9-99.9-99.9 0.0  011.3 65  8.8   1  0.8 6.3 1.7
5036619730928 19.7 10.0  1.119900-99.9-99.9-99.9-99.9 2.0 16 9.5 59  6.2   4  3.2 9.4 2.3
5036619730929 15.1  6.8  0.119900-99.9-99.9-99.9-99.9 0.0  010.1 78  7.1   1  0.8 6.3 1.3
5036619730930 20.5  7.3  0.009900-99.9-99.9-99.9-99.9 3.4 2811.7 69  9.3   4  3.211.8 2.1
5036619731001 22.1  7.9  0.009900-99.9-99.9-99.9-99.9 1.6 1312.5 66 10.3   4  3.2 8.9 2.0
5036619731002 31.0 10.0  0.009900-99.9-99.9-99.9-99.9 2.7 2215.2 52 13.2   7  5.610.7 2.9
5036619731003 30.9 14.7  0.009900-99.9-99.9-99.9-99.9 0.4  319.0 60 16.7   2  1.6 7.1 2.1
5036619731004 32.5 16.9  2.119900-99.9-99.9-99.9-99.9 2.7 2219.6 45 17.2  14 11.210.8 3.9
5036619731005 27.7 19.4  1.719900-99.9-99.9-99.9-99.9 0.0  022.2 90 19.2   0  0.0 6.5 1.8
5036619731006 20.9 14.8  8.619900-99.9-99.9-99.9-99.9 0.0  016.9 87 14.9   2  1.6 6.6 1.6
5036619731007 23.0 14.2  0.009900-99.9-99.9-99.9-99.9 0.0  017.0 74 15.0   2  1.6 6.6 1.7
5036619731008 30.5 16.6  0.009900-99.9-99.9-99.9-99.9 3.5 2818.7 65 16.4   5  4.012.3 3.2
5036619731009 31.6 15.8  0.009900-99.9-99.9-99.9-99.9 5.3 4217.7 55 15.6   7  5.615.3 3.9
5036619731010 26.5 13.4  0.009900-99.9-99.9-99.9-99.9 3.0 24 9.1 38  5.6   7  5.611.6 3.6
5036619731011 28.3 10.6  0.009900-99.9-99.9-99.9-99.910.3 8211.2 45  8.6   8  6.423.6 4.6
5036619731012 22.2 15.0  0.009900-99.9-99.9-99.9-99.9 0.0  010.9 57  8.2  10  8.0 6.8 3.1
5036619731013 25.8 16.0  0.009900-99.9-99.9-99.9-99.9 5.4 4312.0 51  9.7   2  1.615.7 3.3
5036619731014 29.0 12.2  0.009900-99.9-99.9-99.9-99.9 5.0 4012.1 48  9.8   3  2.415.1 3.4
5036619731015 29.7 12.6  0.009900-99.9-99.9-99.9-99.9 6.3 5011.0 39  8.4   2  1.617.3 3.6
5036619731016 30.5 12.0  0.009900-99.9-99.9-99.9-99.9 9.5 7512.6 41 10.4   3  2.422.7 4.2
5036619731017 32.2 18.9  0.009900-99.9-99.9-99.9-99.910.5 8215.6 45 13.6   4  3.224.4 5.1
5036619731018 32.6 16.7  0.009900-99.9-99.9-99.9-99.9 4.5 3516.0 44 14.0  14 11.214.5 4.9
5036619731019 33.8 18.2  0.009900-99.9-99.9-99.9-99.911.1 8716.8 46 14.8   5  4.025.5 5.5
5036619731020 34.3 16.6  0.009900-99.9-99.9-99.9-99.910.8 8417.8 50 15.7   5  4.025.1 5.3
5036619731021 37.1 21.1  0.009900-99.9-99.9-99.9-99.9 6.7 5217.3 43 15.2   3  2.418.3 4.7
5036619731022 30.7 17.1  0.009900-99.9-99.9-99.9-99.9 2.0 1614.6 49 12.6  12  9.610.4 4.3
5036619731023 23.7 14.4  0.009900-99.9-99.9-99.9-99.9 8.3 64 7.7 36  3.2   6  4.821.1 4.4
5036619731024 27.5  6.9  0.009900-99.9-99.9-99.9-99.910.8 84 9.6 41  6.4   3  2.425.3 4.1
5036619731025 27.0 11.9  0.009900-99.9-99.9-99.9-99.911.5 8911.2 45  8.6   4  3.226.6 4.6
5036619731026 30.3 16.6  0.009900-99.9-99.9-99.9-99.910.0 7712.2 40  9.9  11  8.824.1 5.8
5036619731027 33.5 13.3  0.009900-99.9-99.9-99.9-99.910.7 8213.0 39 10.9   2  1.625.4 4.8
5036619731028 35.5 14.9  0.009900-99.9-99.9-99.9-99.911.4 8815.2 42 13.2   4  3.226.6 5.5
5036619731029 24.6 17.1  0.009900-99.9-99.9-99.9-99.9 3.0 2311.7 48  9.3   4  3.212.4 3.4
5036619731030 28.3 15.3  2.419900-99.9-99.9-99.9-99.9 7.9 6114.1 47 12.1   6  4.820.8 4.5
5036619731031 23.1 16.2  2.819900-99.9-99.9-99.9-99.9 0.0  015.7 80 13.7  10  8.0 7.3 2.6
5036619731101-99.9 14.7  2.019900-99.9-99.9-99.9-99.9 0.0  012.3 64 10.0   8  6.4 7.3-9.9
5036619731102-99.9 12.1  0.009900-99.9-99.9-99.9-99.9 1.1  811.7 63  9.3   3  2.4 9.2-9.9
5036619731103-99.9 11.4  0.009900-99.9-99.9-99.9-99.910.9 8313.1 46 11.0   1  0.826.1-9.9
5036619731104-99.9 18.0  0.009900-99.9-99.9-99.9-99.9 7.2 5512.7 44 10.5   5  4.019.8-9.9
5036619731105-99.9 15.3  0.009900-99.9-99.9-99.9-99.9 9.5 7216.5 50 14.5   4  3.223.8-9.9
5036619731106-99.9 18.5  0.419900-99.9-99.9-99.9-99.9 7.2 5419.1 50 16.8   4  3.219.8-9.9
5036619731107-99.9 22.7  0.009900-99.9-99.9-99.9-99.9 3.5 2617.2 53 15.1   7  5.613.5-9.9
5036619731108-99.9 19.4 13.519900-99.9-99.9-99.9-99.9 1.4 1118.9 73 16.6  10  8.0 9.9-9.9
5036619731109-99.9 17.3 16.719900-99.9-99.9-99.9-99.9 0.0  019.8 93 17.3   2  1.6 7.5-9.9
5036619731110-99.9 15.9 15.119900-99.9-99.9-99.9-99.9 0.0  018.0 95 15.8   2  1.6 7.5-9.9
5036619731111 19.2 14.1  0.919900-99.9-99.9-99.9-99.9 0.0  016.9 89 14.9   2  1.6 7.5 1.6
5036619731112 20.3 14.1  0.009900-99.9-99.9-99.9-99.9 0.0  015.3 73 13.3   3  2.4 7.6 1.9
5036619731113 26.0 15.2  0.009900-99.9-99.9-99.9-99.9 6.0 4514.6 54 12.6   3  2.418.0 3.8
5036619731114 28.9 17.3  0.009900-99.9-99.9-99.9-99.9 1.3 1017.5 62 15.4   6  4.8 9.9 3.1
5036619731115 31.5 16.3  0.009900-99.9-99.9-99.9-99.9 8.3 6220.0 61 17.5   2  1.622.0 4.6
5036619731116 34.0 20.5  8.619900-99.9-99.9-99.9-99.9 6.9 5120.0 53 17.5   6  4.819.6 5.1
5036619731117 28.5 12.1  4.819900-99.9-99.9-99.9-99.9 0.0  014.8 87 12.8   7  5.6 7.7 2.8
5036619731118 26.1 14.3  0.009900-99.9-99.9-99.9-99.9 6.7 5016.1 62 14.1   0  0.019.3 3.6
5036619731119 32.2 15.2  0.009900-99.9-99.9-99.9-99.9 9.5 7115.3 45 13.3   0  0.024.2 4.7
5036619731120 35.6 15.9  0.009900-99.9-99.9-99.9-99.9 9.6 7115.3 40 13.3   3  2.424.5 5.3
5036619731121 35.9 17.5  0.009900-99.9-99.9-99.9-99.910.3 7618.3 43 16.1   8  6.425.7 6.2
5036619731122 35.1 18.5  0.009900-99.9-99.9-99.9-99.9 7.8 5818.7 43 16.4   3  2.421.4 5.0
5036619731123 38.1 21.0  5.519900-99.9-99.9-99.9-99.9 7.9 5819.4 48 17.0   4  3.221.6 5.5
5036619731124 25.4 15.1  0.009900-99.9-99.9-99.9-99.9 3.0 2212.8 56 10.6   4  3.213.0 3.4
5036619731125 29.4 16.7  0.009900-99.9-99.9-99.9-99.9 5.4 4015.2 50 13.2   3  2.417.2 4.0
5036619731126 33.1 15.9  0.009900-99.9-99.9-99.9-99.9 8.0 5914.8 42 12.8   1  0.821.8 4.6
5036619731127 30.0 16.8  0.009900-99.9-99.9-99.9-99.9 7.1 5213.7 41 11.6   6  4.820.2 4.9
5036619731128 33.7 17.3  0.009900-99.9-99.9-99.9-99.9 7.7 5716.8 46 14.8   0  0.021.3 4.5
5036619731129 36.4 17.5  0.009900-99.9-99.9-99.9-99.9 7.2 5318.8 46 16.5   2  1.620.4 4.8
5036619731130 34.7 21.2 43.819900-99.9-99.9-99.9-99.9 6.1 4517.9 44 15.8   7  5.618.5 5.3
5036619731201 26.5 17.8  4.819900-99.9-99.9-99.9-99.9 0.7  518.4 82 16.2   6  4.8 9.1 2.8
5036619731202 29.0 14.3  0.009900-99.9-99.9-99.9-99.9 7.8 5716.6 59 14.6   1  0.821.5 4.2
5036619731203 30.9 14.5 40.519900-99.9-99.9-99.9-99.9 7.9 5818.0 55 15.8   4  3.221.7 4.6
5036619731204 27.1 15.0  0.009900-99.9-99.9-99.9-99.9 0.1  116.4 70 14.4   5  4.0 8.0 2.6
5036619731205 30.5 15.1  0.009900-99.9-99.9-99.9-99.9 7.2 5314.9 44 12.9   8  6.420.5 5.0
5036619731206 31.5 15.9  4.119900-99.9-99.9-99.9-99.9 6.3 4620.5 58 17.9   2  1.619.0 4.1
5036619731207 26.9 15.8  0.009900-99.9-99.9-99.9-99.9 5.1 3711.6 44  9.2   3  2.416.9 3.9
5036619731208 29.3 12.3  0.009900-99.9-99.9-99.9-99.9 7.5 5513.6 48 11.5   4  3.221.1 4.4
5036619731209 31.4 13.5  0.009900-99.9-99.9-99.9-99.9 7.2 5216.7 52 14.7   0  0.020.6 4.1
5036619731210 32.0 17.2  0.009900-99.9-99.9-99.9-99.9 6.7 4918.7 52 16.4   6  4.819.7 4.8
5036619731211 28.7 21.8  0.009900-99.9-99.9-99.9-99.9 1.7 1220.1 66 17.6   4  3.210.9 3.3
5036619731212 33.9 17.9  2.219900-99.9-99.9-99.9-99.9 6.7 4922.3 57 19.2   2  1.619.7 4.5
5036619731213 37.1 21.0  0.419900-99.9-99.9-99.9-99.9 6.5 4724.2 58 20.6   4  3.219.4 5.1
5036619731214 25.7 19.5  5.719900-99.9-99.9-99.9-99.9 0.0  020.7 82 18.1   6  4.8 7.9 2.5
5036619731215 31.5 15.4  0.009900-99.9-99.9-99.9-99.9 8.0 5816.6 53 14.6   4  3.222.0 4.8
5036619731216 32.1 16.5 11.319900-99.9-99.9-99.9-99.9 5.9 4317.4 58 15.3   3  2.418.3 4.3
5036619731217 31.9 17.2  0.009900-99.9-99.9-99.9-99.9 8.1 5920.1 59 17.6   0  0.022.2 4.6
5036619731218 27.7 20.0  0.419900-99.9-99.9-99.9-99.9 1.0  718.1 66 15.9   4  3.2 9.7 3.1
5036619731219 32.2 18.2  0.009900-99.9-99.9-99.9-99.9 4.9 3619.7 59 17.3   2  1.616.6 4.0
5036619731220 33.8 19.7 44.619900-99.9-99.9-99.9-99.9 5.3 3822.8 67 19.6   0  0.017.3 4.1
5036619731221 25.4 18.7  0.719900-99.9-99.9-99.9-99.9 1.5 1120.7 78 18.1   4  3.210.6 2.7
5036619731222 31.4 18.5  0.519900-99.9-99.9-99.9-99.9 5.2 3819.3 55 16.9   5  4.017.1 4.3
5036619731223 32.2 19.9  0.009900-99.9-99.9-99.9-99.9 6.1 4422.0 65 19.0   1  0.818.7 4.3
5036619731224 31.3 20.0 13.619900-99.9-99.9-99.9-99.9 2.7 2020.3 59 17.7   4  3.212.7 3.6
5036619731225 23.3 18.5 11.019900-99.9-99.9-99.9-99.9 0.0  020.6 91 18.0   2  1.6 8.0 2.0
5036619731226 29.2 19.3  0.619900-99.9-99.9-99.9-99.9 1.6 1221.0 70 18.3   0  0.010.8 2.8
5036619731227 24.5 18.8 13.219900-99.9-99.9-99.9-99.9 0.0  020.1 88 17.6   3  2.4 8.0 2.2
5036619731228 20.1 18.5  8.419900-99.9-99.9-99.9-99.9 0.0  020.6 94 18.0   3  2.4 8.0 1.8
5036619731229 31.4 16.2  0.009900-99.9-99.9-99.9-99.9 9.9 7220.1 61 17.6   0  0.025.4 5.0
5036619731230 33.5 18.4  0.009900-99.9-99.9-99.9-99.9 8.7 6322.0 55 19.0   1  0.823.3 5.0
5036619731231 36.6 19.0  0.009900-99.9-99.9-99.9-99.9 8.7 6323.3 54 20.0   2  1.623.3 5.4
5036619740101 35.5 20.0  0.009900-99.9-99.9-99.9-99.9 7.5 5525.1 56 21.2   3  2.421.2 5.1
5036619740102 36.7 23.8  4.319900-99.9-99.9-99.9-99.9 7.5 5525.2 53 21.2   1  0.821.2 5.3
5036619740103 31.4 23.4  0.009900-99.9-99.9-99.9-99.9 3.7 2727.8 78 22.8   2  1.614.5 3.7
5036619740104 34.5 23.9  0.009900-99.9-99.9-99.9-99.9 5.4 3929.7 70 23.9   2  1.617.5 4.5
5036619740105 32.4 19.5  3.819900-99.9-99.9-99.9-99.9 0.8  622.7 76 19.5  11  8.8 9.3 3.5
5036619740106 31.3 17.9  0.009900-99.9-99.9-99.9-99.9 5.9 4319.8 67 17.3   3  2.418.3 4.3
5036619740107 35.0 20.3 91.619900-99.9-99.9-99.9-99.9 7.8 5725.6 63 21.5   4  3.221.7 5.2
5036619740108 29.4 21.3  1.819900-99.9-99.9-99.9-99.9 0.0  026.5 95 22.0   2  1.6 7.9 2.2
5036619740109 30.7 21.9 33.119900-99.9-99.9-99.9-99.9 3.7 2729.2 82 23.6   4  3.214.4 3.5
5036619740110 27.2 20.6 77.619900-99.9-99.9-99.9-99.9 0.0  024.1 93 20.5   2  1.6 7.9 2.2
5036619740111 29.1 20.3  0.009900-99.9-99.9-99.9-99.9 2.3 1723.3 75 20.0   3  2.411.9 3.1
5036619740112 32.9 21.9  0.009900-99.9-99.9-99.9-99.9 6.6 4827.5 72 22.7   1  0.819.5 4.5
5036619740113 34.1 22.0 28.719900-99.9-99.9-99.9-99.9 6.9 5128.2 66 23.1   2  1.620.0 4.8
5036619740114 29.8 15.7 28.819900-99.9-99.9-99.9-99.9 0.0  017.8 87 15.7   3  2.4 7.8 2.5
5036619740115 29.7 16.3  0.009900-99.9-99.9-99.9-99.9 8.4 6217.5 56 15.4   6  4.822.6 5.0
5036619740116 31.3 15.4  0.009900-99.9-99.9-99.9-99.9 8.3 6122.5 67 19.4   1  0.822.4 4.5
5036619740117 33.9 19.1  0.009900-99.9-99.9-99.9-99.9 8.7 6426.0 69 21.7   1  0.823.1 5.1
5036619740118 33.6 21.3  0.009900-99.9-99.9-99.9-99.9 6.1 4527.8 72 22.8   2  1.618.5 4.4
5036619740119 36.0 21.7  0.009900-99.9-99.9-99.9-99.9 9.0 6623.1 55 19.8   4  3.223.6 5.8
5036619740120 37.0 20.7 15.319900-99.9-99.9-99.9-99.9 6.7 5023.9 50 20.4   6  4.819.6 5.3
5036619740121 30.3 19.1  1.419900-99.9-99.9-99.9-99.9 0.2  122.1 83 19.1   3  2.4 8.1 2.5
5036619740122 25.9 20.4 11.219900-99.9-99.9-99.9-99.9 0.3  224.0 93 20.4   7  5.6 8.3 2.3
5036619740123 26.6 19.6  1.219900-99.9-99.9-99.9-99.9 1.6 1222.8 83 19.6   2  1.610.5 2.6
5036619740124 27.3 20.0  3.319900-99.9-99.9-99.9-99.9 0.3  224.6 86 20.8   0  0.0 8.2 2.1
5036619740125 31.0 20.9  0.009900-99.9-99.9-99.9-99.9 4.2 3123.6 67 20.2   2  1.615.1 3.7
5036619740126 34.4 19.0  0.009900-99.9-99.9-99.9-99.9 9.8 7323.5 66 20.1   2  1.624.9 5.4
5036619740127 31.2 22.4  0.009900-99.9-99.9-99.9-99.9 6.5 4926.2 72 21.9   2  1.619.1 4.4
5036619740128 32.4 23.2  0.009900-99.9-99.9-99.9-99.9 8.8 6628.1 71 23.0   1  0.823.1 5.2
5036619740129 33.7 24.6 17.719900-99.9-99.9-99.9-99.9 6.5 4929.6 72 23.9   7  5.619.0 5.1
5036619740130 29.6 21.2  7.819900-99.9-99.9-99.9-99.9 1.1  824.2 79 20.6   1  0.8 9.5 2.6
5036619740131 32.3 18.7  0.009900-99.9-99.9-99.9-99.910.0 7521.4 60 18.6   2  1.625.1 5.2
5036619740201 32.7 20.3  0.009900-99.9-99.9-99.9-99.9 9.8 7421.4 57 18.6   4  3.224.7 5.5
5036619740202 33.2 21.2  0.009900-99.9-99.9-99.9-99.9 8.3 6325.4 65 21.4   2  1.622.0 5.0
5036619740203 34.0 21.9  4.419900-99.9-99.9-99.9-99.9 7.6 5724.2 67 20.6  11  8.820.8 5.7
5036619740204 32.7 21.3  0.009900-99.9-99.9-99.9-99.9 8.2 6224.1 65 20.5   9  7.221.8 5.5
5036619740205 33.5 21.8  0.419900-99.9-99.9-99.9-99.9 8.8 6729.0 69 23.5   1  0.822.8 5.1
5036619740206 30.5 21.0  0.719900-99.9-99.9-99.9-99.9 2.0 1524.6 79 20.8   3  2.411.0 2.9
5036619740207 26.3 18.5 26.219900-99.9-99.9-99.9-99.9 0.2  223.8 86 20.3  10  8.0 7.8 2.1
5036619740208 19.6 14.4  5.119900-99.9-99.9-99.9-99.9 0.0  017.4 89 15.3   8  6.4 7.4 1.7
5036619740209 22.3 16.4  2.619900-99.9-99.9-99.9-99.9 0.0  019.4 85 17.0   1  0.8 7.4 1.7
5036619740210 22.5 17.8  9.119900-99.9-99.9-99.9-99.9 4.4 3420.5 88 17.9   0  0.015.0 2.8
5036619740211 24.8 19.1  4.319900-99.9-99.9-99.9-99.9 0.0  023.6 87 20.2   0  0.0 7.4 1.7
5036619740212 24.6 20.8 11.219900-99.9-99.9-99.9-99.9 0.0  025.8 94 21.6   0  0.0 7.3 1.7
5036619740213 23.1 20.1 31.419900-99.9-99.9-99.9-99.9 0.0  022.9 94 19.7   6  4.8 7.3 1.9
5036619740214 23.2 19.0 19.919900-99.9-99.9-99.9-99.9 0.0  022.6 91 19.5   5  4.0 7.3 1.8
5036619740215 20.5 15.0  9.419900-99.9-99.9-99.9-99.9 0.0  016.8 94 14.8   6  4.8 7.3 1.9
5036619740216 23.4 14.6  0.009900-99.9-99.9-99.9-99.9 0.0  016.8 76 14.8   0  0.0 7.2 1.8
5036619740217 22.3 16.7  1.319900-99.9-99.9-99.9-99.9 0.5  418.5 82 16.3   1  0.8 8.1 1.9
5036619740218 26.7 17.3  1.419900-99.9-99.9-99.9-99.9 0.8  620.9 81 18.2   2  1.6 8.6 2.2
5036619740219 28.3 19.1  7.019900-99.9-99.9-99.9-99.9 6.3 4922.9 83 19.7   5  4.017.9 3.9
5036619740220 23.5 19.2  0.619900-99.9-99.9-99.9-99.9 0.0  020.9 90 18.2   4  3.2 7.1 1.9
5036619740221 27.1 17.4  0.009900-99.9-99.9-99.9-99.9 9.0 7020.5 74 17.9   4  3.222.4 4.3
5036619740222 27.6 20.5  6.819900-99.9-99.9-99.9-99.9 2.3 1821.8 78 18.9   2  1.611.0 2.7
5036619740223 28.6 17.8  0.009900-99.9-99.9-99.9-99.9 6.6 5221.7 70 18.8   1  0.818.2 3.6
5036619740224 29.9 21.5  1.619900-99.9-99.9-99.9-99.9 6.1 4823.3 76 20.0   4  3.217.3 4.0
5036619740225 27.4 20.9  5.819900-99.9-99.9-99.9-99.9 1.5 1224.0 87 20.4   4  3.2 9.5 2.5
5036619740226 24.9 21.3  0.819900-99.9-99.9-99.9-99.9 0.0  025.0 89 21.1   2  1.6 7.0 1.8
5036619740227 24.6 21.4 14.419900-99.9-99.9-99.9-99.9 0.0  025.7 92 21.5   9  7.2 6.9 1.8
5036619740228 25.3 20.4  0.419900-99.9-99.9-99.9-99.9 0.0  024.8 89 21.0   7  5.6 6.9 1.8
5036619740301 30.0 21.7  0.119900-99.9-99.9-99.9-99.9 2.2 1727.5 83 22.7   3  2.410.5 2.6
5036619740302 26.7 15.5 23.819900-99.9-99.9-99.9-99.9 1.2 1020.8 92 18.1   4  3.2 8.8 2.1
5036619740303 23.9 15.4  0.009900-99.9-99.9-99.9-99.9 4.5 3618.4 76 16.2   2  1.614.2 2.7
5036619740304 25.5 18.1  0.719900-99.9-99.9-99.9-99.9 0.0  020.3 84 17.7   7  5.6 6.8 2.1
5036619740305 29.0 19.4  0.009900-99.9-99.9-99.9-99.9 7.4 5923.0 79 19.7   2  1.618.9 3.9
5036619740306 29.9 19.3  1.819900-99.9-99.9-99.9-99.9 4.2 3426.3 80 21.9   5  4.013.6 3.1
5036619740307 33.1 20.8 42.719900-99.9-99.9-99.9-99.9 6.7 5426.8 77 22.2   4  3.217.6 4.1
5036619740308 30.9 20.9  0.009900-99.9-99.9-99.9-99.9 4.8 3926.1 79 21.8   1  0.814.5 3.3
5036619740309 30.9 22.1  0.009900-99.9-99.9-99.9-99.9 5.3 4327.2 81 22.5   6  4.815.2 3.7
5036619740310 30.7 22.9 63.519900-99.9-99.9-99.9-99.9 6.5 5325.8 77 21.6   1  0.817.1 3.8
5036619740311 26.1 18.2  0.419900-99.9-99.9-99.9-99.9 0.5  422.5 84 19.4   3  2.4 7.3 1.9
5036619740312 29.9 20.5 21.919900-99.9-99.9-99.9-99.9 4.8 3925.4 79 21.4   2  1.614.2 3.2
5036619740313 26.3 17.7  2.019900-99.9-99.9-99.9-99.9 2.3 1921.7 82 18.8   5  4.010.2 2.4
5036619740314 26.7 20.9  8.419900-99.9-99.9-99.9-99.9 0.2  224.3 85 20.6   1  0.8 6.7 1.8
5036619740315 22.9 15.1 13.919900-99.9-99.9-99.9-99.9 0.0  018.4 95 16.2   6  4.8 6.4 1.7
5036619740316 22.8 11.7  0.009900-99.9-99.9-99.9-99.9 0.1  113.6 70 11.5   0  0.0 6.5 1.7
5036619740317 25.5 11.5  0.009900-99.9-99.9-99.9-99.9 6.5 5314.8 66 12.8   1  0.816.6 2.8
5036619740318 26.7 12.0  0.009900-99.9-99.9-99.9-99.9 5.9 4915.6 65 13.6   2  1.615.6 2.8
5036619740319 27.4 14.9  0.009900-99.9-99.9-99.9-99.9 6.5 5417.3 71 15.2   3  2.416.5 3.2
5036619740320 27.9 16.7  0.009900-99.9-99.9-99.9-99.9 6.3 5218.8 69 16.5   1  0.816.1 3.1
5036619740321 28.1 16.3  0.009900-99.9-99.9-99.9-99.9 4.5 3718.9 71 16.6   2  1.613.2 2.8
5036619740322 28.1 17.1  0.419900-99.9-99.9-99.9-99.9 5.1 4219.4 72 17.0  11  8.814.1 3.5
5036619740323 28.1 17.4  0.009900-99.9-99.9-99.9-99.9 3.9 3220.7 75 18.1   2  1.612.1 2.6
5036619740324 28.9 15.5  0.009900-99.9-99.9-99.9-99.9 5.3 4420.6 73 18.0   1  0.814.2 2.8
5036619740325 29.5 17.3  0.009900-99.9-99.9-99.9-99.9 4.3 3622.3 72 19.2   2  1.612.6 2.7
5036619740326 30.4 21.4  0.009900-99.9-99.9-99.9-99.9 5.3 4423.5 69 20.1   2  1.614.1 3.2
5036619740327 29.6 20.3 48.619900-99.9-99.9-99.9-99.9 1.8 1522.8 77 19.6   3  2.4 8.7 2.4
5036619740328 20.8 17.2  0.619900-99.9-99.9-99.9-99.9 0.0  019.6 91 17.2   2  1.6 5.9 1.3
5036619740329 22.3 16.6  0.009900-99.9-99.9-99.9-99.9 0.0  019.6 84 17.2   0  0.0 5.9 1.3
5036619740330 26.1 16.8  3.219900-99.9-99.9-99.9-99.9 4.6 3920.8 80 18.1   2  1.612.7 2.4
5036619740331 21.8 16.4  3.319900-99.9-99.9-99.9-99.9 0.0  019.0 96 16.7   3  2.4 5.8 1.4
5036619740401 23.3 16.4  0.009900-99.9-99.9-99.9-99.9 0.8  717.1 74 15.0   0  0.0 6.9 1.7
5036619740402 23.4 18.0  0.819900-99.9-99.9-99.9-99.9 0.0  018.7 78 16.4   4  3.2 5.7 1.7
5036619740403 23.9 17.6  0.009900-99.9-99.9-99.9-99.9 0.6  520.0 84 17.5   0  0.0 6.6 1.5
5036619740404 28.4 15.5  0.009900-99.9-99.9-99.9-99.9 7.0 6020.5 74 17.9   2  1.615.9 2.9
5036619740405 29.5 17.0  0.009900-99.9-99.9-99.9-99.9 5.2 4520.8 71 18.1   2  1.613.2 2.7
5036619740406 28.9 18.4  0.009900-99.9-99.9-99.9-99.9 5.9 5122.1 73 19.1   1  0.814.1 2.8
5036619740407 26.0 20.8  0.419900-99.9-99.9-99.9-99.9 0.3  323.0 80 19.7   3  2.4 6.0 1.7
5036619740408 27.9 20.3  0.009900-99.9-99.9-99.9-99.9 0.9  823.7 75 20.2   2  1.6 6.8 1.8
5036619740409 29.6 16.7  2.619900-99.9-99.9-99.9-99.9 9.2 7923.0 75 19.7   3  2.418.6 3.3
5036619740410 26.4 19.5  0.009900-99.9-99.9-99.9-99.9 3.1 2721.4 78 18.6   4  3.2 9.8 2.3
5036619740411 29.5 20.4  0.009900-99.9-99.9-99.9-99.9 5.5 4823.7 78 20.2   4  3.213.2 2.9
5036619740412 31.4 17.9  0.009900-99.9-99.9-99.9-99.9 8.9 7721.9 72 19.0   5  4.017.9 3.6
5036619740413 29.4 18.5  0.009900-99.9-99.9-99.9-99.9 7.9 6921.6 73 18.7   2  1.616.4 3.1
5036619740414 29.8 18.3  0.009900-99.9-99.9-99.9-99.9 3.9 3419.6 66 17.2   9  7.210.7 3.0
5036619740415 29.1 19.8  0.009900-99.9-99.9-99.9-99.9 1.3 1121.6 73 18.7   2  1.6 7.0 2.0
5036619740416 29.9 17.7  0.009900-99.9-99.9-99.9-99.9 5.1 4521.8 73 18.9   4  3.212.2 2.6
5036619740417 30.7 19.2  2.219900-99.9-99.9-99.9-99.9 7.8 6923.8 76 20.3   4  3.215.9 3.2
5036619740418 24.9 11.1 25.119900-99.9-99.9-99.9-99.9 0.0  016.0 93 14.0   9  7.2 5.1 1.7
5036619740419 13.3 10.5  0.009900-99.9-99.9-99.9-99.9 0.0  0 9.6 69  6.4   3  2.4 5.1 1.3
5036619740420 15.0 10.2  0.319900-99.9-99.9-99.9-99.9 0.0  011.7 78  9.3   2  1.6 5.0 1.1
5036619740421 16.2 11.8  0.119900-99.9-99.9-99.9-99.9 0.0  013.6 85 11.5   0  0.0 5.0 1.0
5036619740422 20.3 13.5  0.619900-99.9-99.9-99.9-99.9 0.0  016.0 83 14.0   4  3.2 5.0 1.3
5036619740423 18.9 13.9  6.719900-99.9-99.9-99.9-99.9 0.0  016.2 90 14.2  10  8.0 4.9 1.3
5036619740424 19.2 12.2  0.009900-99.9-99.9-99.9-99.9 1.7 1515.1 82 13.1   2  1.6 7.1 1.3
5036619740425 22.4  9.5  0.009900-99.9-99.9-99.9-99.9 7.8 7011.5 67  9.0   2  1.615.2 2.0
5036619740426 21.3 11.0  0.009900-99.9-99.9-99.9-99.9 2.1 1912.5 66 10.3   3  2.4 7.6 1.6
5036619740427 18.0 12.4  0.009900-99.9-99.9-99.9-99.9 0.0  014.2 82 12.2   4  3.2 4.8 1.2
5036619740428 22.9 12.5  0.009900-99.9-99.9-99.9-99.9 0.0  015.1 78 13.1   1  0.8 4.7 1.3
5036619740429 23.5  9.6  0.009900-99.9-99.9-99.9-99.9 1.6 1413.8 73 11.8   3  2.4 6.8 1.5
5036619740430 24.6  9.3  0.009900-99.9-99.9-99.9-99.9 6.4 5814.4 73 12.4   2  1.612.9 1.8
5036619740501 26.9  9.8  0.009900-99.9-99.9-99.9-99.9 8.9 8115.1 70 13.1   0  0.016.1 2.0
5036619740502 26.6 11.6  0.009900-99.9-99.9-99.9-99.9 4.5 4116.6 76 14.6   2  1.610.4 1.8
5036619740503 26.9 13.6  0.009900-99.9-99.9-99.9-99.9 8.6 7815.8 79 13.8   1  0.815.5 2.2
5036619740504 26.2 13.3  0.009900-99.9-99.9-99.9-99.9 9.0 8218.2 75 16.0   2  1.615.9 2.2
5036619740505 22.2 15.7  0.009900-99.9-99.9-99.9-99.9 1.5 1417.0 78 15.0   4  3.2 6.4 1.5
5036619740506 24.0 14.6  0.009900-99.9-99.9-99.9-99.9 0.0  017.8 79 15.7   1  0.8 4.5 1.2
5036619740507 25.8 14.8  0.009900-99.9-99.9-99.9-99.9 5.2 4818.2 78 16.0   4  3.210.9 1.9
5036619740508 20.0 17.6  3.119900-99.9-99.9-99.9-99.9 0.0  018.9 88 16.6   5  4.0 4.4 1.1
5036619740509 24.7 18.2  0.009900-99.9-99.9-99.9-99.9 1.3 1220.1 84 17.6   3  2.4 6.0 1.5
5036619740510 23.9 14.3  0.519900-99.9-99.9-99.9-99.9 0.0  020.0 84 17.5   4  3.2 4.4 1.0
5036619740511 22.3 15.3  1.219900-99.9-99.9-99.9-99.9 0.0  014.8 73 12.8   8  6.4 4.3 1.8
5036619740512 24.0  9.5  0.009900  6.5-99.9-99.9-99.9 8.0 7413.4 72 11.3   0  0.014.0 1.6
5036619740513 24.3 10.1  0.009900  6.6-99.9-99.9-99.9 7.9 7314.6 75 12.6   2  1.613.8 1.7
5036619740514 26.8 12.1  0.009900  9.6-99.9-99.9-99.9 4.3 4015.9 69 13.9   4  3.2 9.4 1.8
5036619740515 23.1 10.8  0.009900  8.8-99.9-99.9-99.9 1.7 1616.5 81 14.5   2  1.6 6.3 1.1
5036619740516 21.7 13.0  0.009900 11.3-99.9-99.9-99.9 0.0  016.0 82 14.0   0  0.0 4.2 1.0
5036619740517 23.9 10.8  3.019900  6.3-99.9-99.9-99.9 8.2 7615.5 78 13.5   3  2.413.9 1.7
5036619740518 17.7 14.6 23.919900  9.1-99.9-99.9-99.9 0.0  016.7 93 14.7   2  1.6 4.2 0.9
5036619740519 15.1 12.4  0.319900  9.6-99.9-99.9-99.9 0.0  013.9 91 11.9   4  3.2 4.1 0.9
5036619740520 19.5 11.6  0.009900  9.0-99.9-99.9-99.9 0.0  015.3 83 13.3   0  0.0 4.1 0.9
5036619740521 21.3 15.8  0.009900 14.5-99.9-99.9-99.9 0.0  018.3 83 16.1   1  0.8 4.1 1.0
5036619740522 21.5 15.1 11.119900 12.5-99.9-99.9-99.9 0.1  117.5 92 15.4   6  4.8 4.2 1.2
5036619740523 15.1 10.3  3.419900 11.6-99.9-99.9-99.9 0.0  013.0 90 10.9   2  1.6 4.0 0.8
5036619740524 13.3 10.4  2.619900  8.3-99.9-99.9-99.9 0.0  012.5 90 10.3   0  0.0 4.0 0.7
5036619740525 15.6 11.2  0.009900 11.0-99.9-99.9-99.9 0.0  011.5 75  9.0   6  4.8 4.0 1.2
5036619740526 20.5  5.3  0.009900  2.7-99.9-99.9-99.9 6.8 64 6.9 57  1.7   4  3.211.8 1.6
5036619740527 21.0  3.8  0.009900  0.0-99.9-99.9-99.9 6.3 60 7.6 59  3.0   0  0.011.1 1.1
5036619740528 21.0  3.6  0.009900  1.1-99.9-99.9-99.9 5.1 48 9.8 67  6.7   2  1.6 9.7 1.2
5036619740529 17.7  5.7  0.009900  2.0-99.9-99.9-99.9 4.1 3911.1 76  8.5   2  1.6 8.6 1.0
5036619740530 19.3 12.5  1.419900 12.0-99.9-99.9-99.9 0.0  014.0 81 12.0   2  1.6 3.9 1.0
5036619740531 16.3 13.2  2.119900 11.3-99.9-99.9-99.9 0.0  015.1 90 13.1   2  1.6 3.9 0.8
5036619740601 20.4 13.7  0.419900 13.0-99.9-99.9-99.9 0.6  614.5 79 12.5   3  2.4 4.5 1.2
5036619740602 19.0  9.4  0.009900  9.4-99.9-99.9-99.9 1.9 1812.2 77  9.9   3  2.4 6.0 1.1
5036619740603 21.0 10.7  0.009900  8.8-99.9-99.9-99.9 5.8 5511.9 73  9.5   3  2.410.3 1.4
5036619740604 20.8  6.8  0.009900  3.5-99.9-99.9-99.9 3.6 3411.0 70  8.4   6  4.8 7.8 1.4
5036619740605 16.2 10.5  0.009900  8.2-99.9-99.9-99.9 0.0  012.5 78 10.3   6  4.8 3.8 1.0
5036619740606 20.7  8.0  0.009900  5.7-99.9-99.9-99.9 3.0 2910.5 69  7.7   7  5.6 7.1 1.6
5036619740607 19.0  4.3  0.009900  1.4-99.9-99.9-99.9 4.5 4310.9 78  8.2   2  1.6 8.8 0.9
5036619740608 18.0  8.0  0.319900  4.8-99.9-99.9-99.9 0.0  013.2 86 11.1   0  0.0 3.8 0.7
5036619740609 20.6  8.3  0.009900  4.9-99.9-99.9-99.9 3.9 3711.3 66  8.8   5  4.0 8.1 1.3
5036619740610 23.7  8.6  2.019900  4.6-99.9-99.9-99.9 3.8 3612.3 74 10.0   5  4.0 7.9 1.5
5036619740611 14.2  8.8  1.419900  6.2-99.9-99.9-99.9 0.0  0 9.9 84  6.8   6  4.8 3.8 1.1
5036619740612 11.1  8.8  0.009900  8.2-99.9-99.9-99.9 0.0  0 9.3 76  5.9   0  0.0 3.7 0.8
5036619740613 13.3  8.4  0.009900  8.2-99.9-99.9-99.9 0.0  0 9.9 77  6.8   3  2.4 3.7 0.9
5036619740614 17.9  4.5  0.009900  1.5-99.9-99.9-99.9 2.8 27 9.6 68  6.4   7  5.6 6.8 1.2
5036619740615 17.0  9.8  0.009900  7.4-99.9-99.9-99.9 0.5  510.8 72  8.1   2  1.6 4.3 1.1
5036619740616 13.7  9.8  0.009900  7.2-99.9-99.9-99.9 0.0  010.5 81  7.7   3  2.4 3.7 1.0
5036619740617 17.7  8.4  0.009900  6.8-99.9-99.9-99.9 5.2 50 9.6 71  6.4   2  1.6 9.4 1.1
5036619740618 20.1  5.0  0.009900  0.7-99.9-99.9-99.9 5.2 50 9.5 70  6.2   4  3.2 9.4 1.2
5036619740619 20.0  6.1  0.009900  3.7-99.9-99.9-99.9 5.8 5610.8 74  8.1   0  0.010.0 0.9
5036619740620 20.6  7.3  0.009900  2.8-99.9-99.9-99.9 2.0 19 9.5 61  6.2   4  3.2 5.9 1.4
5036619740621 19.4  4.5  0.009900  2.5-99.9-99.9-99.9 4.5 43 9.1 69  5.6   2  1.6 8.6 1.1
5036619740622 20.8  4.1  0.009900  0.8-99.9-99.9-99.9 3.5 3410.0 73  7.0   2  1.6 7.5 1.0
5036619740623 19.7  5.6  0.009900  0.7-99.9-99.9-99.9 3.5 3410.5 73  7.7   1  0.8 7.5 1.0
5036619740624 21.4  6.5  0.009900  3.0-99.9-99.9-99.9 5.0 4811.1 71  8.5   3  2.4 9.2 1.2
5036619740625 22.7  6.4  0.009900  1.8-99.9-99.9-99.9 4.3 4111.6 71  9.2   2  1.6 8.4 1.1
5036619740626 21.0  8.0  0.009900  5.5-99.9-99.9-99.9 0.5  512.6 67 10.4   6  4.8 4.3 1.2
5036619740627 17.7 12.4  0.009900  9.8-99.9-99.9-99.9 0.0  014.9 84 12.9   0  0.0 3.7 0.8
5036619740628 24.0 10.4  0.009900  6.9-99.9-99.9-99.9 4.5 4316.0 75 14.0   2  1.6 8.6 1.1
5036619740629 25.4 14.3  0.009900 10.9-99.9-99.9-99.9 2.6 2516.8 76 14.8   4  3.2 6.6 1.4
5036619740630 25.0 12.0  0.319900  4.8-99.9-99.9-99.9 4.5 4317.2 78 15.1   6  4.8 8.7 1.4
5036619740701 19.8 15.7  0.119900 13.1-99.9-99.9-99.9 0.0  018.8 93 16.5   0  0.0 3.7 0.7
5036619740702 17.8 12.8  3.019900 10.5-99.9-99.9-99.9 0.0  015.7 92 13.7   1  0.8 3.7 0.7
5036619740703 14.5 11.1  2.419900 10.0-99.9-99.9-99.9 0.0  013.0 91 10.9   0  0.0 3.8 0.7
5036619740704 12.9 11.3  2.419900 10.3-99.9-99.9-99.9 0.0  013.1 94 11.0   2  1.6 3.8 0.6
5036619740705 21.9 10.7  0.009900 11.0-99.9-99.9-99.9 5.8 5512.5 74 10.3   4  3.210.2 1.4
5036619740706 24.3  7.6  0.009900  3.8-99.9-99.9-99.9 7.4 7112.5 74 10.3   0  0.012.0 1.2
5036619740707 24.6  8.8  0.009900  4.2-99.9-99.9-99.9 6.9 6613.8 73 11.8   2  1.611.4 1.3
5036619740708 24.5 10.8  0.009900  6.2-99.9-99.9-99.9 7.1 6814.5 75 12.5   4  3.211.7 1.5
5036619740709 25.6 10.7  0.009900  7.6-99.9-99.9-99.9 6.3 6015.3 72 13.3   2  1.610.8 1.4
5036619740710 24.9 13.7  0.009900 10.3-99.9-99.9-99.9 1.2 1116.7 74 14.7   3  2.4 5.2 1.3
5036619740711 25.9 16.6  0.009900 14.6-99.9-99.9-99.9 3.0 2917.8 72 15.7   2  1.6 7.2 1.5
5036619740712 26.9 17.1  0.009900 15.3-99.9-99.9-99.9 3.0 2818.6 73 16.4   2  1.6 7.2 1.5
5036619740713 26.3 13.0  1.619900  8.7-99.9-99.9-99.9 0.0  017.3 78 15.2   1  0.8 3.9 1.1
5036619740714 18.3 11.0  0.009900 10.4-99.9-99.9-99.9 0.0  0 9.4 62  6.1   0  0.0 3.9 1.2
5036619740715 16.3 11.6  0.009900 11.1-99.9-99.9-99.9 0.0  010.5 67  7.7   6  4.8 3.9 1.4
5036619740716 14.0 10.4  0.009900 11.0-99.9-99.9-99.9 0.0  010.1 70  7.1   2  1.6 3.9 1.0
5036619740717 15.5 10.8  0.419900 10.4-99.9-99.9-99.9 0.0  010.7 70  8.0   4  3.2 3.9 1.2
5036619740718 18.0 10.5  0.719900 10.2-99.9-99.9-99.9 4.8 4510.6 74  7.8   1  0.8 9.4 1.2
5036619740719 19.8  4.0  0.009900 -0.2-99.9-99.9-99.9 8.3 78 9.6 71  6.4   2  1.613.5 1.2
5036619740720 20.1  5.0  0.009900  0.7-99.9-99.9-99.9 6.5 61 8.7 61  5.0  13 10.411.5 2.1
5036619740721 11.5  6.3  0.009900  0.6-99.9-99.9-99.9 0.0  0 6.2 61  0.2   2  1.6 4.0 1.2
5036619740722  6.3  4.5  0.119900  4.0-99.9-99.9-99.9 0.0  0 6.9 77  1.7   0  0.0 4.0 0.7
5036619740723  5.2  3.4  0.319900  3.4-99.9-99.9-99.9 0.0  0 7.4 88  2.7   0  0.0 4.1 0.6
5036619740724 10.0  4.4  0.219900  4.3-99.9-99.9-99.9 0.0  0 7.9 80  3.6   1  0.8 4.1 0.8
5036619740725 16.7  0.0  0.009900 -2.9-99.9-99.9-99.9 4.0 37 7.9 74  3.6   2  1.6 8.8 1.0
5036619740726 18.5  1.7  0.009900 -1.3-99.9-99.9-99.9 6.8 63 8.7 70  5.0   3  2.412.1 1.2
5036619740727 22.6  4.7  0.009900  1.6-99.9-99.9-99.9 4.2 3910.7 68  8.0   2  1.6 9.1 1.3
5036619740728 22.4  6.1  0.009900  3.4-99.9-99.9-99.9 0.8  711.5 71  9.0   2  1.6 5.1 1.2
5036619740729 26.2  7.3  0.009900  3.8-99.9-99.9-99.9 7.7 7112.5 67 10.3   4  3.213.4 1.8
5036619740730 25.5 10.3  0.009900  7.3-99.9-99.9-99.9 5.4 5014.9 71 12.9   2  1.610.7 1.6
5036619740731 26.4  9.8  0.009900  5.7-99.9-99.9-99.9 7.6 7014.5 73 12.5   2  1.613.4 1.8
5036619740801 25.0 11.0  0.009900  7.0-99.9-99.9-99.9 2.1 1914.6 74 12.6   4  3.2 6.8 1.6
5036619740802 17.9 10.6  3.919900  7.5-99.9-99.9-99.9 0.0  015.2 88 13.2   5  4.0 4.3 0.8
5036619740803 14.3  9.4  3.719900  9.4-99.9-99.9-99.9 0.0  010.7 88  8.0   7  5.6 4.3 1.2
5036619740804 17.7  8.2  0.009900  7.0-99.9-99.9-99.9 7.2 66 9.6 71  6.4   2  1.613.2 1.5
5036619740805 24.6  3.2  0.009900 -1.0-99.9-99.9-99.9 8.6 79 8.5 58  4.6   7  5.615.0 2.1
5036619740806 22.1  5.2  0.009900  1.4-99.9-99.9-99.9 8.2 75 8.3 50  4.3   8  6.414.6 2.2
5036619740807 16.9  8.5  0.009900  7.5-99.9-99.9-99.9 3.9 36 7.1 57  2.1   1  0.8 9.3 1.5
5036619740808 18.4  1.0  0.009900 -2.7-99.9-99.9-99.9 5.8 53 7.4 58  2.7   3  2.411.7 1.4
5036619740809 20.2  3.4  0.009900 -0.5-99.9-99.9-99.9 5.2 47 8.9 62  5.3   2  1.611.0 1.4
5036619740810 22.4  6.2  0.009900  1.9-99.9-99.9-99.9 5.3 4810.1 64  7.1   2  1.611.2 1.6
5036619740811 23.5  4.4  0.009900  1.0-99.9-99.9-99.9 7.1 6410.1 61  7.1   1  0.813.6 1.6
5036619740812 25.7  6.4  0.009900  2.0-99.9-99.9-99.9 7.5 6810.7 61  8.0   2  1.614.2 1.9
5036619740813 28.4  8.9  0.009900  3.7-99.9-99.9-99.9 8.8 7911.7 58  9.3   4  3.215.9 2.4
5036619740814 30.9 11.0  0.009900  5.2-99.9-99.9-99.9 8.2 7410.2 44  7.3   0  0.015.2 2.1
5036619740815 20.2  7.4  0.009900  2.6-99.9-99.9-99.9 4.9 44 6.5 44  0.9  11  8.811.0 2.8
5036619740816 22.0  5.1  0.009900  1.5-99.9-99.9-99.9 6.3 57 7.3 49  2.5   6  4.812.9 2.2
5036619740817 25.2  5.5  0.009900  3.2-99.9-99.9-99.9 5.0 45 7.6 47  3.0  14 11.211.3 3.3
5036619740818 18.0  3.1  0.009900  1.0-99.9-99.9-99.9 6.1 54 6.3 50  0.4   6  4.812.8 2.0
5036619740819 18.3  5.0  0.009900-99.9-99.9-99.9-99.9 3.3 29 8.6 64  4.8   0  0.0 9.2 1.4
5036619740820 24.9  4.1  0.009900  0.2-99.9-99.9-99.9 8.1 72 8.8 54  5.1   2  1.615.6 2.0
5036619740821 28.5  6.6  0.009900  1.7-99.9-99.9-99.9 8.5 7510.2 54  7.3   3  2.416.2 2.4
5036619740822 30.8 12.7  0.009900  5.0-99.9-99.9-99.9 8.9 7912.4 49 10.1   2  1.616.8 2.7
5036619740823 33.2 13.3  0.009900  6.1-99.9-99.9-99.9 8.2 7216.0 59 14.0   7  5.616.0 3.3
5036619740824 22.9 14.4  0.009900 11.0-99.9-99.9-99.9 1.2 1112.4 58 10.1   7  5.6 6.6 2.3
5036619740825 23.2 12.7  0.009900  9.2-99.9-99.9-99.9 4.2 3711.7 58  9.3   7  5.610.7 2.5
5036619740826 25.1  9.4  0.009900  6.3-99.9-99.9-99.9 6.6 5814.3 70 12.3   3  2.414.1 2.2
5036619740827 21.6 13.1  0.319900  9.8-99.9-99.9-99.9 0.4  417.3 84 15.2   8  6.4 5.7 1.4
5036619740828 19.5 11.5  0.519900 12.3-99.9-99.9-99.9 0.0  012.7 88 10.5   4  3.2 5.2 1.5
5036619740829 23.7 10.5  0.009900  8.0-99.9-99.9-99.9 8.2 7211.8 66  9.4   3  2.416.5 2.5
5036619740830 28.1  9.4  1.219900  5.0-99.9-99.9-99.9 6.3 5512.7 53 10.5  10  8.014.0 3.1
5036619740831 21.9  5.5  0.009900  6.0-99.9-99.9-99.9 0.0  0 7.6 71  3.0   4  3.2 5.3 1.9
5036619740901 16.6  6.2  0.009900  6.0-99.9-99.9-99.9 0.0  0 7.6 56  3.0   4  3.2 5.3 1.7
5036619740902 17.0  3.4  0.009900  6.7-99.9-99.9-99.9 3.8 33 7.4 53  2.7   6  4.810.7 1.9
5036619740903 13.7  7.8  0.009900  7.1-99.9-99.9-99.9 0.0  0 7.5 56  2.9   2  1.6 5.4 1.5
5036619740904 20.2  7.9  0.009900  6.5-99.9-99.9-99.9 7.2 62 8.6 58  4.8   2  1.615.7 2.2
5036619740905 21.2  2.6  0.009900  1.6-99.9-99.9-99.9 6.9 59 7.2 47  2.3   4  3.215.3 2.3
5036619740906 21.6  3.2  0.009900  0.1-99.9-99.9-99.9 4.6 39 6.8 47  1.5   7  5.612.1 2.5
5036619740907 24.3  4.8  0.009900  2.1-99.9-99.9-99.9 1.5 13 8.0 50  3.8   2  1.6 7.7 2.0
5036619740908 23.7  8.4  0.009900  2.9-99.9-99.9-99.9 3.9 33 8.2 50  4.1   3  2.411.2 2.4
5036619740909 23.7  4.8  0.009900  1.6-99.9-99.9-99.9 5.9 50 8.7 53  5.0   1  0.814.2 2.2
5036619740910 25.4  8.0  0.009900  4.3-99.9-99.9-99.9 5.4 4610.4 49  7.5   4  3.213.5 2.6
5036619740911 26.7 10.3  0.419900  7.6-99.9-99.9-99.9 4.0 34 9.6 46  6.4  12  9.611.5 3.6
5036619740912 28.2  8.3  0.009900  6.3-99.9-99.9-99.9 7.5 6411.2 50  8.6   3  2.416.8 2.9
5036619740913 25.7 10.6  0.009900  8.2-99.9-99.9-99.9 3.3 2813.7 64 11.6   6  4.810.6 2.5
5036619740914 22.9 14.2  0.009900 13.7-99.9-99.9-99.9 0.0  016.2 70 14.2   5  4.0 5.8 1.7
5036619740915 22.3 17.6  1.319900 16.5-99.9-99.9-99.9 0.0  014.1 61 12.1   4  3.2 5.8 2.1
5036619740916 20.2 13.4  0.419900 13.2-99.9-99.9-99.9 0.0  014.2 85 12.2   2  1.6 5.9 1.6
5036619740917 24.0  9.3  1.219900  6.7-99.9-99.9-99.9 8.5 7111.9 57  9.5   2  1.618.7 2.8
5036619740918 18.9 12.2  0.009900 11.7-99.9-99.9-99.9 0.0  012.4 77 10.1   0  0.0 5.9 1.5
5036619740919 22.7 11.8  0.009900  8.1-99.9-99.9-99.9 0.5  413.1 71 11.0   3  2.4 6.7 1.9
5036619740920 27.9  8.4  0.009900  5.2-99.9-99.9-99.9 7.7 6413.7 59 11.6   6  4.817.8 3.2
5036619740921 23.5 16.4  0.009900 12.9-99.9-99.9-99.9 4.0 3311.9 52  9.5  14 11.212.2 4.0
5036619740922 17.9 13.4  5.019900 14.1-99.9-99.9-99.9 0.0  013.8 87 11.8   5  4.0 6.1 1.6
5036619740923 14.4 10.7  0.219900 10.5-99.9-99.9-99.9 0.0  012.3 82 10.0   1  0.8 6.1 1.2
5036619740924 14.3 10.8  0.119900 10.6-99.9-99.9-99.9 0.0  012.4 83 10.1   0  0.0 6.1 1.2
5036619740925 21.1 11.7  0.009900 11.4-99.9-99.9-99.9 2.8 2312.2 67  9.9   4  3.210.5 2.3
5036619740926 27.5  8.8  0.009900  6.0-99.9-99.9-99.9 6.5 53 8.9 40  5.3   6  4.816.4 3.5
5036619740927 30.3  9.1  0.009900  9.1-99.9-99.9-99.9 5.1 4210.9 45  8.2   2  1.614.2 2.9
5036619740928 25.9 15.1  0.009900 10.9-99.9-99.9-99.9 4.8 3912.1 50  9.8  14 11.213.8 4.3
5036619740929 20.9 14.4  0.009900 13.0-99.9-99.9-99.9 0.0  0 8.8 52  5.1   3  2.4 6.3 2.4
5036619740930 18.0 13.5  0.009900 12.3-99.9-99.9-99.9 0.0  011.0 60  8.4   3  2.4 6.4 1.9
5036619741001 23.3 13.6  0.009900 11.2-99.9-99.9-99.9 1.4 1111.6 57  9.2   3  2.4 8.6 2.4
5036619741002 22.3  9.9  0.009900  7.4-99.9-99.9-99.9 1.2 1011.3 55  8.8   7  5.6 8.3 2.4
5036619741003 25.7 13.7  0.009900 11.2-99.9-99.9-99.9 0.0  012.2 51  9.9   4  3.2 6.5 2.4
5036619741004 27.7 12.0 23.019900  6.2-99.9-99.9-99.9 5.2 4213.7 63 11.6  11  8.814.8 3.8
5036619741005 23.6 12.0  0.009900 11.6-99.9-99.9-99.9 7.1 5710.1 48  7.1   4  3.218.0 3.4
5036619741006 25.7  9.4  0.009900  6.3-99.9-99.9-99.911.0 88 8.9 45  5.3   4  3.224.3 3.9
5036619741007 29.0  9.0  0.009900  6.4-99.9-99.9-99.9 8.2 66 9.5 38  6.2   3  2.419.9 3.6
5036619741008 30.2 11.0  0.009900  7.5-99.9-99.9-99.9 8.9 7112.0 44  9.7   4  3.221.1 4.0
5036619741009 32.7 12.0  0.009900  7.4-99.9-99.9-99.9 9.9 7912.5 42 10.3   2  1.622.8 4.1
5036619741010 34.5 14.0  0.119900 10.1-99.9-99.9-99.9 9.3 7413.6 40 11.5   3  2.421.9 4.4
5036619741011 31.7 18.4  0.009900 14.8-99.9-99.9-99.9 5.7 4515.7 46 13.7   7  5.616.1 4.3
5036619741012 32.3 21.5  0.009900 19.5-99.9-99.9-99.9 6.2 4918.0 51 15.8  10  8.016.9 5.0
5036619741013 27.4 19.4 40.719910 15.8-99.9-99.9-99.9 2.7 2119.4 72 17.0   9  7.211.2 3.3
5036619741014 28.8 18.1 15.519900 16.6-99.9-99.9-99.9 5.5 4320.4 78 17.8  13 10.415.9 4.2
5036619741015 25.1 15.3 11.519900 15.8-99.9-99.9-99.9 1.4 1118.2 79 16.0  11  8.8 9.2 2.6
5036619741016 25.3 14.1  0.009900 11.6-99.9-99.9-99.9 7.3 5715.3 62 13.3   2  1.619.0 3.5
5036619741017 23.0 14.2  0.009900 12.6-99.9-99.9-99.9 4.0 3115.3 70 13.3   2  1.613.6 2.7
5036619741018 29.3 14.3  0.009900 11.6-99.9-99.9-99.9 9.8 7714.9 51 12.9   5  4.023.3 4.6
5036619741019 29.9 15.5  0.009900 13.2-99.9-99.9-99.910.4 8116.1 58 14.1   6  4.824.3 4.9
5036619741020 20.3 16.6  0.009900 15.6-99.9-99.9-99.9 0.0  015.2 75 13.2   8  6.4 7.0 2.3
5036619741021 21.6 16.8  0.009900 16.1-99.9-99.9-99.9 0.0  016.2 73 14.2  10  8.0 7.0 2.4
5036619741022 31.0 14.6  0.009900 12.0-99.9-99.9-99.910.3 8019.9 63 17.4   2  1.624.4 4.6
5036619741023 35.7 18.5  0.009900 15.5-99.9-99.9-99.9 6.5 5016.3 37 14.3  14 11.218.0 6.0
5036619741024 30.0 14.7  0.009900 12.8-99.9-99.9-99.9 9.0 70 9.4 51  6.1   9  7.222.3 5.3
5036619741025 26.2 13.6  0.009900  9.8-99.9-99.9-99.9 9.1 7012.1 46  9.8  14 11.222.5 5.3
5036619741026 30.5 12.4  0.009900 10.0-99.9-99.9-99.9 9.0 7015.6 55 13.6   2  1.622.4 4.2
5036619741027 26.0 18.6  0.009900 16.3-99.9-99.9-99.9 2.0 1515.9 59 13.9   4  3.210.6 3.0
5036619741028 30.0 16.8  2.119900 15.5-99.9-99.9-99.9 6.0 4616.1 47 14.1   4  3.217.4 4.0
5036619741029 27.3 11.5  0.009900 12.2-99.9-99.9-99.9 9.2 7111.1 51  8.5   3  2.422.9 4.2
5036619741030 28.7 12.2  0.009900 11.4-99.9-99.9-99.910.5 8011.0 41  8.4   4  3.225.2 4.7
5036619741031 30.9 12.1  0.009900 11.6-99.9-99.9-99.9 9.2 7012.1 40  9.8   1  0.823.0 4.2
5036619741101 33.2 13.5  0.009900 12.2-99.9-99.9-99.910.6 8110.3 32  7.4  12  9.625.4 6.3
5036619741102 32.5 19.1  0.009900 16.5-99.9-99.9-99.9 4.2 3214.4 44 12.4   3  2.414.5 4.0
5036619741103 34.7 15.7  0.009900 11.9-99.9-99.9-99.9 8.5 6517.1 44 15.0   3  2.421.9 4.8
5036619741104 28.7 18.4  0.009900 14.8-99.9-99.9-99.9 3.0 2312.2 39  9.9  16 12.812.5 5.4
5036619741105 24.3 14.3  0.009900 10.8-99.9-99.9-99.9 5.4 41 9.1 41  5.6   7  5.616.7 4.2
5036619741106 30.1 10.8  0.009900-99.9-99.9-99.9-99.9 8.9 67 9.4 33  6.1   9  7.222.8 5.2
5036619741107 31.2 12.4  0.009900-99.9-99.9-99.9-99.9 9.9 7511.9 39  9.5   2  1.624.5 4.6
5036619741108 31.1 16.0  0.009900-99.9-99.9-99.9-99.9 6.9 5211.9 37  9.5  15 12.019.4 6.0
5036619741109 32.0 17.4  0.009900-99.9-99.9-99.9-99.9 7.9 6012.6 36 10.4   5  4.021.1 5.0
5036619741110 32.2 14.9 19.719900-99.9-99.9-99.9-99.9 6.6 5015.8 46 13.8  11  8.818.9 5.1
5036619741111 25.0 17.3  7.019900-99.9-99.9-99.9-99.9 0.0  018.3 75 16.1   3  2.4 7.5 2.2
5036619741112 27.1 16.8  0.009900-99.9-99.9-99.9-99.9 5.1 3818.3 68 16.1   2  1.616.4 3.5
5036619741113 31.7 16.4  0.919900-99.9-99.9-99.9-99.9 7.8 5818.3 59 16.1   3  2.421.1 4.6
5036619741114 28.6 19.5  0.119900-99.9-99.9-99.9-99.9 2.5 1917.8 58 15.7   8  6.411.9 3.8
5036619741115 30.2 19.0  5.519900-99.9-99.9-99.9-99.9 6.7 5018.9 60 16.6  15 12.019.3 5.5
5036619741116 22.5 17.0  0.219900-99.9-99.9-99.9-99.9 0.0  017.9 83 15.8   0  0.0 7.6 1.9
5036619741117 31.4 15.5  0.009900-99.9-99.9-99.9-99.9 8.3 6220.1 67 17.6   0  0.022.1 4.4
5036619741118 35.6 18.8  0.009900-99.9-99.9-99.9-99.9 8.4 6220.4 49 17.8   6  4.822.3 5.5
5036619741119 31.0 15.1  0.009900-99.9-99.9-99.9-99.9 2.5 1910.3 42  7.4   3  2.412.0 3.6
5036619741120 31.5 14.4  0.009900-99.9-99.9-99.9-99.9 7.8 5813.5 44 11.4   5  4.021.3 4.8
5036619741121 31.6 15.7  0.009900-99.9-99.9-99.9-99.9 8.4 6215.3 43 13.3   1  0.822.4 4.5
5036619741122 31.7 19.0  0.009900-99.9-99.9-99.9-99.9 6.4 4711.6 36  9.2   5  4.018.9 4.9
5036619741123 37.1 17.9  0.009900-99.9-99.9-99.9-99.9 8.9 6617.4 46 15.3   5  4.023.3 5.7
5036619741124 33.3 19.8  0.009900-99.9-99.9-99.9-99.9 6.4 4715.3 40 13.3  17 13.618.9 6.7
5036619741125 35.3 17.7  3.919900-99.9-99.9-99.9-99.9 6.9 5115.8 40 13.8   2  1.619.8 4.7
5036619741126 34.1 22.9  0.009900-99.9-99.9-99.9-99.9 5.6 4119.8 51 17.3   2  1.617.6 4.5
5036619741127 29.0 15.6  7.919900-99.9-99.9-99.9-99.9 0.2  117.3 66 15.2   6  4.8 8.1 2.8
5036619741128 25.0 18.1  0.009900-99.9-99.9-99.9-99.9 1.2  916.4 64 14.4   2  1.6 9.9 2.7
5036619741129 33.5 17.0  2.619900-99.9-99.9-99.9-99.9 7.2 5320.8 64 18.1  11  8.820.4 5.3
5036619741130 28.8 16.9  0.009900-99.9-99.9-99.9-99.9 4.7 3418.4 63 16.2   9  7.216.1 4.2
5036619741201 28.4 18.6  0.119900-99.9-99.9-99.9-99.9 3.3 2417.5 57 15.4   7  5.613.6 3.9
5036619741202 27.5 14.2  0.009900-99.9-99.9-99.9-99.9 4.6 3414.5 53 12.5   7  5.615.9 4.0
5036619741203 30.9 14.3  0.009900-99.9-99.9-99.9-99.9 5.2 3813.5 43 11.4   4  3.217.0 4.1
5036619741204 31.9 15.5  0.009900-99.9-99.9-99.9-99.9 7.3 5312.5 38 10.3   2  1.620.7 4.5
5036619741205 31.9 15.4  0.009900-99.9-99.9-99.9-99.9 4.6 3414.5 42 12.5   1  0.816.0 3.8
5036619741206 35.4 18.5  0.009900-99.9-99.9-99.9-99.9 5.8 4214.1 35 12.1  12  9.618.1 6.1
5036619741207 37.6 18.9  0.009900-99.9-99.9-99.9-99.9 6.8 5015.3 36 13.3  14 11.219.8 6.8
5036619741208 31.0 21.7  0.319900-99.9-99.9-99.9-99.9 3.1 2318.4 57 16.2  14 11.213.4 5.1
5036619741209 25.6 18.5 11.319900-99.9-99.9-99.9-99.9 0.0  019.7 84 17.3   6  4.8 7.9 2.5
5036619741210 19.9 14.6  6.019900-99.9-99.9-99.9-99.9 0.0  015.9 83 13.9   4  3.2 7.9 2.0
5036619741211 19.7 14.9  0.419900-99.9-99.9-99.9-99.9 0.0  017.0 85 15.0   2  1.6 7.9 1.8
5036619741212 29.4 15.3  0.009900-99.9-99.9-99.9-99.9 5.9 4313.6 51 11.5   2  1.618.3 4.1
5036619741213 30.4 11.9  0.009900-99.9-99.9-99.9-99.9 9.3 6813.7 46 11.6   1  0.824.3 4.6
5036619741214 33.0 14.3  0.009900-99.9-99.9-99.9-99.9 8.2 6016.9 48 14.9   4  3.222.4 4.9
5036619741215 33.7 17.9  0.009900-99.9-99.9-99.9-99.9 5.6 4118.5 46 16.3   4  3.217.8 4.5
5036619741216 37.0 17.5 11.519900-99.9-99.9-99.9-99.9 6.2 4519.8 52 17.3  17 13.618.9 6.3
5036619741217 24.7 18.2 10.819900-99.9-99.9-99.9-99.9 0.0  020.0 93 17.5   5  4.0 7.9 2.3
5036619741218 20.6 14.9  1.119900-99.9-99.9-99.9-99.9 0.0  017.5 85 15.4   2  1.6 8.0 1.8
5036619741219 22.5 17.7  2.519900-99.9-99.9-99.9-99.9 0.0  020.3 87 17.7   0  0.0 8.0 1.9
5036619741220 24.4 19.9  1.019900-99.9-99.9-99.9-99.9 0.0  023.4 88 20.0   3  2.4 8.0 2.0
5036619741221 27.7 20.0  2.219900-99.9-99.9-99.9-99.9 0.6  425.7 83 21.5   2  1.6 9.0 2.2
5036619741222 32.6 22.9  0.009900-99.9-99.9-99.9-99.9 4.1 3028.4 81 23.2   2  1.615.2 3.8
5036619741223 32.2 24.1  1.019900-99.9-99.9-99.9-99.9 1.9 1430.0 76 24.1   1  0.811.3 3.0
5036619741224 29.0 24.5  6.519900-99.9-99.9-99.9-99.9 0.5  426.2 81 21.9  12  9.6 8.8 3.3
5036619741225 26.1 22.4  0.009900-99.9-99.9-99.9-99.9 0.0  025.3 83 21.3   3  2.4 8.0 2.2
5036619741226 35.2 21.7  1.819900-99.9-99.9-99.9-99.9 5.5 4027.1 68 22.4   2  1.617.7 4.4
5036619741227 29.7 20.0 13.219900-99.9-99.9-99.9-99.9 0.0  022.8 79 19.6  12  9.6 8.0 3.1
5036619741228 24.4 12.8  0.009900-99.9-99.9-99.9-99.9 1.5 1112.1 57  9.8   4  3.210.6 2.9
5036619741229 29.5 14.0  0.009900-99.9-99.9-99.9-99.9 8.6 6217.1 54 15.0   5  4.023.1 4.8
5036619741230 32.1 18.0 10.519900-99.9-99.9-99.9-99.9 6.3 4621.1 58 18.4   4  3.219.1 4.5
5036619741231 26.4 14.6  0.319900-99.9-99.9-99.9-99.9 0.0  015.2 74 13.2   4  3.2 7.9 2.6
5036619750101 27.4 14.6  0.009900-99.9-99.9-99.9-99.9 4.2 3117.7 67 15.6   1  0.815.4 3.2
5036619750102 32.1 16.0  0.009900-99.9-99.9-99.9-99.9 7.5 5520.6 67 18.0   1  0.821.2 4.4
5036619750103 31.3 17.7  0.009900-99.9-99.9-99.9-99.9 4.3 3122.0 62 19.0   2  1.615.5 3.6
5036619750104 35.9 18.9  4.019900-99.9-99.9-99.9-99.9 7.8 5722.4 55 19.3   3  2.421.7 5.2
5036619750105 30.4 21.1  0.009900-99.9-99.9-99.9-99.9 4.2 3122.0 65 19.0   4  3.215.3 4.0
5036619750106 33.6 21.9 11.619900-99.9-99.9-99.9-99.9 6.7 4923.7 62 20.2   7  5.619.7 5.2
5036619750107 26.8 21.4  2.419900-99.9-99.9-99.9-99.9 0.0  025.1 93 21.2   2  1.6 7.9 2.1
5036619750108 29.9 20.9  0.009900-99.9-99.9-99.9-99.9 1.7 1225.3 74 21.3   5  4.010.9 3.0
5036619750109 28.4 20.8  0.419900-99.9-99.9-99.9-99.9 0.0  020.8 61 18.1  12  9.6 7.9 3.3
5036619750110 25.9 18.9  0.009900-99.9-99.9-99.9-99.9 1.6 1216.9 63 14.9   1  0.810.7 2.8
5036619750111 31.0 13.0  0.009900-99.9-99.9-99.9-99.9 9.3 6816.6 55 14.6   2  1.624.3 4.7
5036619750112 33.6 16.9  0.009900-99.9-99.9-99.9-99.9 6.7 4918.9 51 16.6   6  4.819.7 4.9
5036619750113 35.7 18.8  0.009900-99.9-99.9-99.9-99.9 6.7 4919.7 47 17.3   2  1.619.7 4.7
5036619750114 35.4 22.9  0.009900-99.9-99.9-99.9-99.9 6.3 4624.1 56 20.5   2  1.618.9 4.8
5036619750115 36.6 23.4  0.009900-99.9-99.9-99.9-99.9 5.9 4324.1 53 20.5  12  9.618.2 6.0
5036619750116 35.9 24.0  4.519900-99.9-99.9-99.9-99.9 3.2 2424.1 62 20.5  12  9.613.5 5.1
5036619750117 32.1 22.2  0.219900-99.9-99.9-99.9-99.9 6.7 4922.4 58 19.3   7  5.619.6 5.1
5036619750118 29.0 22.4  0.009900-99.9-99.9-99.9-99.9 0.8  615.9 54 13.9   5  4.0 9.2 3.5
5036619750119 30.4 19.2  0.009900-99.9-99.9-99.9-99.9 3.4 2519.0 59 16.7   4  3.213.8 3.7
5036619750120 34.9 24.2  0.009900-99.9-99.9-99.9-99.9 5.8 4323.3 61 20.0   4  3.218.0 4.9
5036619750121 36.0 23.9  0.009900-99.9-99.9-99.9-99.9 3.9 2925.1 57 21.2   6  4.814.6 4.6
5036619750122 36.7 27.3  0.519900-99.9-99.9-99.9-99.9 4.4 3323.0 50 19.7   6  4.815.5 5.1
5036619750123 31.6 21.3  0.009900-99.9-99.9-99.9-99.9 2.7 2022.4 71 19.3   2  1.612.5 3.4
5036619750124 30.2 21.9  3.219900-99.9-99.9-99.9-99.9 0.0  024.0 74 20.4   8  6.4 7.7 2.9
5036619750125 29.8 20.4  3.319900-99.9-99.9-99.9-99.9 4.7 3524.0 77 20.4   4  3.216.0 3.8
5036619750126 32.0 22.2 29.919900-99.9-99.9-99.9-99.9 3.0 2224.5 75 20.8   3  2.413.0 3.5
5036619750127 29.6 20.0  9.819900-99.9-99.9-99.9-99.9 1.8 1323.6 74 20.2   4  3.210.8 2.9
5036619750128 31.6 21.2  4.019900-99.9-99.9-99.9-99.9 5.8 4325.7 78 21.5   3  2.417.8 4.2
5036619750129 32.3 21.7 11.719900-99.9-99.9-99.9-99.9 2.3 1725.5 84 21.4   7  5.611.7 3.5
5036619750130 32.6 21.8  0.009900-99.9-99.9-99.9-99.9 4.9 3726.1 73 21.8   4  3.216.2 4.1
5036619750131 36.0 23.7  0.009900-99.9-99.9-99.9-99.9 7.2 5426.2 59 21.9   9  7.220.2 5.8
5036619750201 32.9 24.8  1.919900-99.9-99.9-99.9-99.9 1.2  926.9 74 22.3   8  6.4 9.7 3.5
5036619750202 31.3 22.3 19.819900-99.9-99.9-99.9-99.9 4.0 3027.0 74 22.4  12  9.614.5 4.2
5036619750203 32.0 21.7 17.719900-99.9-99.9-99.9-99.9 5.8 4426.1 72 21.8   4  3.217.6 4.3
5036619750204 28.1 19.2 66.319900-99.9-99.9-99.9-99.9 0.2  222.3 90 19.2   2  1.6 7.9 2.2
5036619750205 22.0 17.2  0.009900-99.9-99.9-99.9-99.9 0.0  017.6 86 15.5   7  5.6 7.5 2.2
5036619750206 25.8 16.0  0.519900-99.9-99.9-99.9-99.9 0.6  520.8 79 18.1   2  1.6 8.5 2.0
5036619750207 28.6 21.5  0.009900-99.9-99.9-99.9-99.9 2.7 2122.8 74 19.6   2  1.612.1 3.1
5036619750208 29.9 21.5  0.009900-99.9-99.9-99.9-99.9 7.7 5924.7 76 20.9   4  3.220.8 4.6
5036619750209 35.4 21.6  0.009900-99.9-99.9-99.9-99.911.2 8528.0 68 23.0   6  4.826.8 6.3
5036619750210 36.7 24.0  0.009900-99.9-99.9-99.9-99.9 7.9 6030.1 66 24.2   6  4.821.0 5.6
5036619750211 38.3 26.0  0.009900-99.9-99.9-99.9-99.9 8.1 6227.4 58 22.6   1  0.821.3 5.4
5036619750212 34.2 24.6  3.919900-99.9-99.9-99.9-99.9 4.7 3629.9 76 24.0   9  7.215.4 4.5
5036619750213 27.7 22.3  0.119900-99.9-99.9-99.9-99.9 0.1  125.8 84 21.6   4  3.2 7.5 2.2
5036619750214 31.2 22.7 53.019900-99.9-99.9-99.9-99.9 5.1 3928.8 81 23.4   4  3.216.1 3.9
5036619750215 27.2 12.9  7.019900-99.9-99.9-99.9-99.9 0.0  014.4 84 12.4   6  4.8 7.3 2.6
5036619750216 24.7 14.6  0.009900-99.9-99.9-99.9-99.9 7.9 6116.5 69 14.5   2  1.620.8 3.7
5036619750217 29.8 15.9  0.009900-99.9-99.9-99.9-99.911.2 8720.6 66 18.0   2  1.626.4 4.9
5036619750218 32.7 20.1  0.009900-99.9-99.9-99.9-99.9 8.5 6623.3 66 20.0   4  3.221.7 4.9
5036619750219 33.2 23.5 29.119900-99.9-99.9-99.9-99.9 5.0 3927.1 78 22.4   8  6.415.7 4.4
5036619750220 26.0 20.3  7.519900-99.9-99.9-99.9-99.9 0.0  023.9 85 20.4   0  0.0 7.1 1.8
5036619750221 29.5 20.0  0.009900-99.9-99.9-99.9-99.9 4.0 3122.4 71 19.3   3  2.413.9 3.3
5036619750222 32.0 19.5  0.009900-99.9-99.9-99.9-99.9 7.0 5521.6 63 18.7   5  4.018.9 4.5
5036619750223 33.5 21.9 28.519900-99.9-99.9-99.9-99.9 9.0 7028.7 73 23.4   7  5.622.3 5.3
5036619750224 28.9 13.5  0.009900-99.9-99.9-99.9-99.9 0.0  014.7 66 12.7   6  4.8 7.0 2.7
5036619750225 25.3 16.3  0.009900-99.9-99.9-99.9-99.9 8.3 6515.8 67 13.8   8  6.420.9 4.3
5036619750226 29.2 15.1  0.009900-99.9-99.9-99.9-99.910.5 8319.3 66 16.9   3  2.424.6 4.5
5036619750227 32.7 17.1  0.009900-99.9-99.9-99.9-99.9 9.5 7521.4 68 18.6   2  1.622.8 4.6
5036619750228 31.7 20.4  0.009900-99.9-99.9-99.9-99.9 9.3 7425.7 76 21.5   3  2.422.4 4.8
5036619750301 35.0 23.0  0.009900-99.9-99.9-99.9-99.9 9.3 7427.7 70 22.8   4  3.222.4 5.3
5036619750302 29.6 23.3  0.009900-99.9-99.9-99.9-99.9 3.2 2527.0 77 22.4   7  5.612.2 3.3
5036619750303 34.2 22.7  0.009900-99.9-99.9-99.9-99.910.5 8425.1 62 21.2   3  2.424.2 5.4
5036619750304 34.2 23.1  0.009900-99.9-99.9-99.9-99.9 9.0 7228.4 67 23.2   4  3.221.6 5.1
5036619750305 29.4 20.4 44.119900-99.9-99.9-99.9-99.9 2.0 1623.6 85 20.2   9  7.210.0 3.0
5036619750306 22.2 15.0  0.009900-99.9-99.9-99.9-99.9 0.0  016.7 75 14.7   0  0.0 6.7 1.6
5036619750307 25.4 16.8  0.009900-99.9-99.9-99.9-99.9 5.0 4018.1 71 15.9   3  2.414.9 3.1
5036619750308 30.7 16.3  0.009900-99.9-99.9-99.9-99.911.2 9019.5 66 17.1   0  0.024.9 4.4
5036619750309 31.7 19.4  0.009900-99.9-99.9-99.9-99.9 6.6 5322.8 67 19.6   1  0.817.4 3.7
5036619750310 34.4 21.8  0.519900-99.9-99.9-99.9-99.9 4.5 3627.5 70 22.7   0  0.013.9 3.3
5036619750311 28.9 21.7 53.819900-99.9-99.9-99.9-99.9 0.0  025.4 93 21.4   6  4.8 6.5 2.2
5036619750312 26.0 20.9  0.219900-99.9-99.9-99.9-99.9 0.3  225.6 90 21.5   3  2.4 7.0 1.8
5036619750313 28.0 22.0  0.619900-99.9-99.9-99.9-99.9 1.3 1126.3 85 21.9   4  3.2 8.6 2.2
5036619750314 26.1 23.1  9.519900-99.9-99.9-99.9-99.9 0.0  027.4 96 22.6   0  0.0 6.4 1.6
5036619750315 25.3 21.7 12.419900-99.9-99.9-99.9-99.9 0.5  426.0 87 21.7   6  4.8 7.2 1.8
5036619750316 28.2 20.3  0.419900-99.9-99.9-99.9-99.9 0.5  424.6 84 20.8   6  4.8 7.2 2.1
5036619750317 27.5 21.2  0.719900-99.9-99.9-99.9-99.9 0.9  725.4 85 21.4   5  4.0 7.7 2.1
5036619750318 23.2 18.5  3.819900-99.9-99.9-99.9-99.9 0.0  019.4 88 17.0   3  2.4 6.3 1.8
5036619750319 24.5 17.2  4.719900-99.9-99.9-99.9-99.9 0.2  217.8 74 15.7   3  2.4 6.6 1.9
5036619750320 24.3 14.8  0.009900-99.9-99.9-99.9-99.9 2.5 2117.3 75 15.2   2  1.610.1 2.2
5036619750321 27.2 16.0  0.009900-99.9-99.9-99.9-99.9 4.1 3418.9 73 16.6   2  1.612.6 2.6
5036619750322 28.6 19.3 27.119900-99.9-99.9-99.9-99.9 4.5 3719.7 70 17.3   6  4.813.1 3.3
5036619750323 21.6 16.7  9.319900-99.9-99.9-99.9-99.9 0.0  018.5 87 16.3   1  0.8 6.1 1.5
5036619750324 23.1 16.3  7.119900-99.9-99.9-99.9-99.9 0.3  318.1 85 15.9   5  4.0 6.5 1.8
5036619750325 21.5 17.1  6.419900-99.9-99.9-99.9-99.9 0.2  219.2 90 16.9   2  1.6 6.3 1.5
5036619750326 18.5 17.0  1.419900-99.9-99.9-99.9-99.9 0.0  018.6 93 16.4   3  2.4 6.0 1.3
5036619750327 22.2 17.2  0.719900-99.9-99.9-99.9-99.9 0.0  020.8 89 18.1   0  0.0 5.9 1.3
5036619750328 27.9 17.9  4.719900-99.9-99.9-99.9-99.9 4.4 3722.4 77 19.3   4  3.212.6 2.7
5036619750329 24.2 19.7  0.219900-99.9-99.9-99.9-99.9 0.1  121.2 85 18.4   7  5.6 6.0 1.9
5036619750330 26.0 19.1  2.319900-99.9-99.9-99.9-99.9 0.9  820.4 81 17.8  10  8.0 7.2 2.4
5036619750331 22.8 19.1  6.019900-99.9-99.9-99.9-99.9 0.0  023.1 93 19.8   1  0.8 5.8 1.3
5036619750401 21.1 18.3 10.519900-99.9-99.9-99.9-99.9 0.0  021.0 93 18.3  10  8.0 5.8 1.4
5036619750402 24.4 17.6  2.919900-99.9-99.9-99.9-99.9 1.3 1118.9 82 16.6   3  2.4 7.6 1.9
5036619750403 22.2 17.7  1.119900-99.9-99.9-99.9-99.9 0.0  018.9 86 16.6   4  3.2 5.7 1.6
5036619750404 22.3 17.0  0.009900-99.9-99.9-99.9-99.9 0.1  118.5 83 16.3   2  1.6 5.8 1.5
5036619750405 25.9 16.4  0.009900-99.9-99.9-99.9-99.9 5.9 5020.4 78 17.8   2  1.614.2 2.5
5036619750406 27.5 16.1  0.009900-99.9-99.9-99.9-99.9 6.5 5621.0 79 18.3   3  2.415.0 2.7
5036619750407 29.0 16.7  0.419900-99.9-99.9-99.9-99.9 8.9 7722.2 74 19.2   3  2.418.4 3.3
5036619750408 24.3 15.4  0.009900-99.9-99.9-99.9-99.9 3.1 2712.9 64 10.7   1  0.810.0 2.2
5036619750409 25.7 10.0  0.009900-99.9-99.9-99.9-99.9 9.9 8513.8 69 11.8   4  3.219.7 2.9
5036619750410 25.6 13.1  0.009900-99.9-99.9-99.9-99.9 6.3 5516.3 67 14.3   3  2.414.4 2.5
5036619750411 27.9 13.9  0.009900-99.9-99.9-99.9-99.9 9.4 8218.4 68 16.2   0  0.018.8 2.9
5036619750412 28.1 15.8  0.009900-99.9-99.9-99.9-99.9 5.8 5020.1 72 17.6   5  4.013.6 2.7
5036619750413 29.0 17.3  4.619900-99.9-99.9-99.9-99.910.1 8820.8 72 18.1   3  2.419.5 3.4
5036619750414 24.2 10.3  0.009900-99.9-99.9-99.9-99.9 0.0  010.3 61  7.4   1  0.8 5.3 1.8
5036619750415 24.0  8.7  0.009900-99.9-99.9-99.9-99.910.5 9210.7 57  8.0   2  1.619.9 2.5
5036619750416 24.6  9.4  0.009900-99.9-99.9-99.9-99.910.6 9315.0 73 13.0   4  3.219.9 2.6
5036619750417 25.4 10.5  0.009900-99.9-99.9-99.9-99.910.1 8914.2 66 12.2   3  2.419.1 2.7
5036619750418 27.8 12.9  0.009900-99.9-99.9-99.9-99.9 9.9 8716.4 64 14.4   3  2.418.7 2.9
5036619750419 30.7 14.8  0.009900-99.9-99.9-99.9-99.9 9.6 8520.0 70 17.5   4  3.218.2 3.1
5036619750420 31.0 17.7  0.009900-99.9-99.9-99.9-99.9 8.8 7822.4 72 19.3   4  3.217.0 3.2
5036619750421 30.6 18.3  0.009900-99.9-99.9-99.9-99.9 9.3 8221.6 70 18.7   3  2.417.6 3.2
5036619750422 31.0 17.4  0.009900-99.9-99.9-99.9-99.910.0 8921.3 72 18.5   4  3.218.4 3.3
5036619750423 23.2 17.3  0.009900-99.9-99.9-99.9-99.9 4.8 4313.6 61 11.5   5  4.011.4 2.5
5036619750424 20.3 17.1  1.119900-99.9-99.9-99.9-99.9 0.0  017.1 79 15.0   1  0.8 4.9 1.3
5036619750425 23.2 17.5  0.119900-99.9-99.9-99.9-99.9 0.0  020.2 82 17.7   0  0.0 4.9 1.2
5036619750426 27.8 19.7  0.009900-99.9-99.9-99.9-99.9 7.2 6421.7 78 18.8   5  4.014.3 2.8
5036619750427 24.8 19.4  0.009900-99.9-99.9-99.9-99.9 1.6 1422.4 85 19.3   0  0.0 6.9 1.5
5036619750428 27.4 19.0 17.819900-99.9-99.9-99.9-99.9 4.5 4022.0 79 19.0   0  0.010.6 2.0
5036619750429 22.4 10.1 20.519900-99.9-99.9-99.9-99.9 0.0  014.9 95 12.9  12  9.6 4.7 1.5
5036619750430 10.8  6.9  1.419900-99.9-99.9-99.9-99.9 0.0  0 9.2 82  5.8   4  3.2 4.7 1.0
5036619750501 11.7-99.9  0.219900-99.9-99.9-99.9-99.9 0.3  3 9.5 81  6.2   1  0.8 5.0-9.9
5036619750502 20.8  4.0  0.009900-99.9-99.9-99.9-99.9 9.6 87 9.6 69  6.4   0  0.016.9 1.6
5036619750503 22.3  5.3  0.009900-99.9-99.9-99.9-99.9 9.7 8810.8 65  8.1   3  2.416.9 1.8
5036619750504 20.9 10.4  0.009900-99.9-99.9-99.9-99.9 3.9 3512.6 73 10.4   0  0.0 9.5 1.4
5036619750505 23.6  8.0  0.009900-99.9-99.9-99.9-99.9 9.3 8511.8 66  9.4   4  3.216.2 2.0
5036619750506 24.2  9.0  0.009900-99.9-99.9-99.9-99.9 8.9 8113.2 70 11.1   3  2.415.6 1.9
5036619750507 24.9 10.2  0.009900-99.9-99.9-99.9-99.9 6.9 6314.3 71 12.3   2  1.613.1 1.8
5036619750508 25.5 11.8  0.009900-99.9-99.9-99.9-99.9 5.3 4916.5 74 14.5   6  4.811.0 1.9
5036619750509 24.6 14.6  0.009900-99.9-99.9-99.9-99.9 0.6  618.5 81 16.3   2  1.6 5.1 1.3
5036619750510 27.1 15.0  0.009900-99.9-99.9-99.9-99.9 2.8 2620.1 79 17.6   3  2.4 7.8 1.6
5036619750511 22.4 18.5  1.419900-99.9-99.9-99.9-99.9 0.0  017.9 78 15.8   3  2.4 4.3 1.4
5036619750512 18.5 13.8  4.219900-99.9-99.9-99.9-99.9 0.0  016.1 94 14.1   4  3.2 4.3 1.0
5036619750513 16.9 12.5  0.009900-99.9-99.9-99.9-99.9 0.0  013.6 84 11.5   0  0.0 4.3 0.9
5036619750514 17.4 12.2  0.009900-99.9-99.9-99.9-99.9 0.0  011.5 68  9.0   2  1.6 4.3 1.2
5036619750515 14.6  9.8  2.019900-99.9-99.9-99.9-99.9 0.0  011.0 86  8.4   3  2.4 4.2 1.0
5036619750516 13.9  9.0  0.009900-99.9-99.9-99.9-99.9 0.0  010.6 76  7.8   2  1.6 4.2 1.0
5036619750517 14.8  9.0  0.519900-99.9-99.9-99.9-99.9 0.0  011.3 78  8.8   3  2.4 4.2 1.0
5036619750518 16.2 10.8  0.919900-99.9-99.9-99.9-99.9 0.1  113.4 87 11.3   2  1.6 4.3 0.9
5036619750519 18.0 12.5  1.619900-99.9-99.9-99.9-99.9 0.0  014.8 88 12.8   0  0.0 4.1 0.9
5036619750520 20.0 13.8  0.009900-99.9-99.9-99.9-99.9 1.5 1415.6 85 13.6   1  0.8 5.9 1.1
5036619750521 24.0 12.7  0.009900-99.9-99.9-99.9-99.9 5.8 5413.7 72 11.6   5  4.010.9 1.8
5036619750522 22.5 11.0  0.009900-99.9-99.9-99.9-99.9 7.4 6914.7 74 12.7   7  5.612.7 1.7
5036619750523 22.6 10.6  0.009900-99.9-99.9-99.9-99.9 3.8 3615.5 77 13.5   5  4.0 8.4 1.3
5036619750524 24.8 14.2  0.009900-99.9-99.9-99.9-99.9 3.8 3617.9 77 15.8   0  0.0 8.4 1.3
5036619750525 24.5 14.6  0.009900-99.9-99.9-99.9-99.9 3.1 2918.1 75 15.9   2  1.6 7.6 1.3
5036619750526 25.1 17.0  0.009900-99.9-99.9-99.9-99.9 3.2 3018.9 80 16.6   4  3.2 7.6 1.6
5036619750527 25.2 13.7  0.009900-99.9-99.9-99.9-99.9 6.1 5817.8 78 15.7   2  1.610.9 1.5
5036619750528 26.0 12.3  0.009900-99.9-99.9-99.9-99.9 7.6 7216.9 79 14.9   2  1.612.6 1.6
5036619750529 25.3 14.0  0.009900-99.9-99.9-99.9-99.9 4.9 4618.3 79 16.1   2  1.6 9.5 1.4
5036619750530 26.1 16.2  4.819900-99.9-99.9-99.9-99.9 4.4 4218.3 72 16.1   2  1.6 8.9 1.6
5036619750531 22.7 11.3  6.319900-99.9-99.9-99.9-99.9 0.0  013.5 92 11.4  11  8.8 3.9 1.8
5036619750601 11.8-99.9  3.919900-99.9-99.9-99.9-99.9 0.0  011.9 91  9.5   5  4.0 3.9-9.9
5036619750602 11.5  8.3  1.019900-99.9-99.9-99.9-99.9 0.0  010.1 86  7.1   0  0.0 3.9 0.7
5036619750603 13.6  8.0  0.009900-99.9-99.9-99.9-99.9 0.0  010.0 80  7.0   2  1.6 3.8 0.9
5036619750604 14.1  7.5  0.219900-99.9-99.9-99.9-99.9 0.0  010.9 80  8.2   2  1.6 3.8 0.8
5036619750605 15.7  9.6  0.009900-99.9-99.9-99.9-99.9 1.6 1511.9 83  9.5   4  3.2 5.6 1.0
5036619750606 18.8  6.0  0.009900-99.9-99.9-99.9-99.9 7.2 69 9.3 68  5.9   0  0.011.8 1.0
5036619750607 19.9  6.0  0.009900-99.9-99.9-99.9-99.9 6.2 59 9.5 61  6.2   5  4.010.7 1.4
5036619750608 22.3  5.5  0.009900-99.9-99.9-99.9-99.9 6.4 6110.3 69  7.4   2  1.610.8 1.2
5036619750609 25.4  7.0  0.009900-99.9-99.9-99.9-99.9 6.5 6211.2 70  8.6   2  1.610.9 1.3
5036619750610 22.4  6.0  0.009900-99.9-99.9-99.9-99.9 5.1 4911.1 73  8.5   6  4.8 9.4 1.4
5036619750611 24.9  6.8  0.009900-99.9-99.9-99.9-99.9 7.4 7113.3 75 11.2   1  0.811.9 1.2
5036619750612 24.4  7.9  0.009900-99.9-99.9-99.9-99.9 5.8 5614.3 73 12.3   7  5.610.1 1.4
5036619750613 23.7 14.2  0.009900-99.9-99.9-99.9-99.9 5.9 5717.1 81 15.0   0  0.010.2 1.3
5036619750614 26.0 12.0  0.009900-99.9-99.9-99.9-99.9 5.7 5518.5 80 16.3   1  0.810.0 1.3
5036619750615 25.7 14.0  0.009900-99.9-99.9-99.9-99.9 6.0 5818.1 76 15.9   2  1.610.3 1.4
5036619750616 25.7 14.6  0.009900-99.9-99.9-99.9-99.9 5.4 5217.8 75 15.7   7  5.6 9.6 1.7
5036619750617 24.9 13.7  0.009900-99.9-99.9-99.9-99.9 5.3 5116.7 78 14.7   6  4.8 9.5 1.6
5036619750618 25.0 12.1  0.009900-99.9-99.9-99.9-99.9 5.4 5216.4 78 14.4   5  4.0 9.6 1.5
5036619750619 24.9 12.2  0.009900-99.9-99.9-99.9-99.9 2.1 2017.4 78 15.3   3  2.4 6.0 1.1
5036619750620 24.9 14.2  0.009900-99.9-99.9-99.9-99.9 2.8 2718.1 79 15.9   2  1.6 6.8 1.2
5036619750621 20.5 14.0  1.119900-99.9-99.9-99.9-99.9 0.0  015.1 87 13.1   5  4.0 3.7 1.2
5036619750622 22.8  6.6  0.009900-99.9-99.9-99.9-99.9 6.7 6411.4 72  8.9   7  5.611.0 1.5
5036619750623 19.4  7.3  0.009900-99.9-99.9-99.9-99.9 6.9 6612.5 86 10.3   4  3.211.2 1.0
5036619750624 20.0 10.9  0.009900-99.9-99.9-99.9-99.9 1.2 1214.3 73 12.3   4  3.2 5.0 1.0
5036619750625 22.7 13.9  0.009900-99.9-99.9-99.9-99.9 5.1 4916.0 78 14.0   5  4.0 9.3 1.4
5036619750626 23.8 11.7  0.009900-99.9-99.9-99.9-99.9 5.7 5516.1 81 14.1   4  3.2 9.9 1.3
5036619750627 23.2 11.7  1.119900-99.9-99.9-99.9-99.9 1.6 1516.2 79 14.2   6  4.8 5.5 1.2
5036619750628 19.9 15.9  1.119900-99.9-99.9-99.9-99.9 0.6  617.5 91 15.4   2  1.6 4.4 0.9
5036619750629 19.4 15.1  0.319900-99.9-99.9-99.9-99.9 0.6  617.4 90 15.3   4  3.2 4.4 0.9
5036619750630 21.9 14.3  0.009900-99.9-99.9-99.9-99.9 2.0 1915.5 79 13.5   3  2.4 5.9 1.2
5036619750701 19.9 13.7  0.009900-99.9-99.9-99.9-99.9 0.8  816.1 86 14.1   3  2.4 4.6 1.0
5036619750702 18.8 14.1  0.009900-99.9-99.9-99.9-99.9 0.4  415.6 89 13.6   6  4.8 4.2 1.1
5036619750703 23.0 11.1  0.009900-99.9-99.9-99.9-99.9 5.1 4914.0 77 12.0   3  2.4 9.3 1.3
5036619750704 30.5 10.9  0.419900-99.9-99.9-99.9-99.9 5.7 5512.2 59  9.9  12  9.610.0 2.8
5036619750705 21.6  8.6  0.009900-99.9-99.9-99.9-99.9 6.4 61 7.4 52  2.7   7  5.610.8 1.9
5036619750706 21.5  8.1  0.009900-99.9-99.9-99.9-99.9 6.3 60 8.7 58  5.0  10  8.010.7 2.1
5036619750707 20.6  5.5  0.009900-99.9-99.9-99.9-99.9 9.2 88 9.8 68  6.7   4  3.214.0 1.3
5036619750708 20.3  6.0  0.009900-99.9-99.9-99.9-99.9 0.0  010.4 73  7.5   4  3.2 3.8 1.2
5036619750709 20.1  6.5  0.009900-99.9-99.9-99.9-99.9 0.0  010.8 73  8.1   3  2.4 3.8 1.1
5036619750710 19.3  5.8  0.009900-99.9-99.9-99.9-99.9 2.2 2112.0 76  9.7   7  5.6 6.3 1.1
5036619750711 15.9 13.3  0.009900-99.9-99.9-99.9-99.9 0.0  011.9 78  9.5   6  4.8 3.8 1.3
5036619750712 15.1  9.7  0.009900-99.9-99.9-99.9-99.9 0.0  010.0 73  7.0   3  2.4 3.9 1.1
5036619750713 18.1  4.1  0.009900-99.9-99.9-99.9-99.9 6.5 6210.2 75  7.3   4  3.211.2 1.1
5036619750714 17.3  5.8  0.219900-99.9-99.9-99.9-99.9 4.5 4311.9 81  9.5   4  3.2 9.0 0.9
5036619750715 14.1 10.4  0.009900-99.9-99.9-99.9-99.9 0.0  011.4 83  8.9   4  3.2 3.9 1.0
5036619750716 11.7  5.0  0.119900-99.9-99.9-99.9-99.9 0.1  1 6.2 64  0.2   5  4.0 4.0 1.3
5036619750717 13.6 -1.9  0.009900-99.9-99.9-99.9-99.9 6.3 59 4.0 50 -5.7   6  4.811.1 1.4
5036619750718 16.2 -2.5  0.009900-99.9-99.9-99.9-99.9 6.1 58 5.0 51 -2.7   3  2.410.9 1.2
5036619750719 19.3  0.3  0.009900-99.9-99.9-99.9-99.9 6.5 61 5.6 49 -1.2   5  4.011.4 1.5
5036619750720 18.0  0.6  0.009900-99.9-99.9-99.9-99.9 3.1 29 5.2 48 -2.2   9  7.2 7.6 1.9
5036619750721 18.7  2.5  0.009900-99.9-99.9-99.9-99.9 4.3 40 5.1 45 -2.5   7  5.6 9.0 1.9
5036619750722 18.4  0.7  0.009900-99.9-99.9-99.9-99.9 4.7 44 6.0 53 -0.2   5  4.0 9.5 1.5
5036619750723 19.7  1.7  0.009900-99.9-99.9-99.9-99.9 4.2 39 6.3 51  0.4   2  1.6 8.9 1.3
5036619750724 23.3  4.4  0.009900-99.9-99.9-99.9-99.9 4.6 43 6.1 34  0.0  15 12.0 9.4 3.1
5036619750725 15.7  5.8  0.009900-99.9-99.9-99.9-99.9 0.0  0 4.8 42 -3.3   4  3.2 4.1 1.8
5036619750726 15.4  0.3  0.009900-99.9-99.9-99.9-99.9 2.8 26 5.2 52 -2.2   4  3.2 7.4 1.4
5036619750727 15.1 -2.7  0.009900-99.9-99.9-99.9-99.9 5.5 51 5.6 54 -1.2   2  1.610.6 1.1
5036619750728 21.0 -1.4  0.009900-99.9-99.9-99.9-99.9 4.8 45 6.2 57  0.2   6  4.8 9.9 1.6
5036619750729 22.4  3.7  0.009900-99.9-99.9-99.9-99.9 5.9 55 7.2 51  2.3   5  4.011.2 1.8
5036619750730 21.8  4.6  0.009900-99.9-99.9-99.9-99.9 5.9 5510.3 64  7.4   7  5.611.3 1.7
5036619750731 24.6  5.3  0.009900-99.9-99.9-99.9-99.9 6.0 5511.1 63  8.5   4  3.211.5 1.6
5036619750801 26.4  7.5  0.009900-99.9-99.9-99.9-99.9 6.3 5812.3 63 10.0   7  5.611.9 2.0
5036619750802 25.0  8.5  0.009900-99.9-99.9-99.9-99.9 0.5  511.5 58  9.0   8  6.4 4.9 2.0
5036619750803 22.0 11.2  0.009900-99.9-99.9-99.9-99.9 3.4 31 7.7 44  3.2   6  4.8 8.5 2.3
5036619750804 19.7  1.0  0.009900-99.9-99.9-99.9-99.9 6.1 56 7.0 56  1.9   5  4.011.8 1.6
5036619750805 16.5  2.8  0.009900-99.9-99.9-99.9-99.9 5.1 47 8.8 64  5.1   4  3.210.7 1.3
5036619750806 13.9  9.9  0.519900-99.9-99.9-99.9-99.9 0.0  0 9.4 70  6.1   3  2.4 4.4 1.3
5036619750807 10.9  6.4  8.519900-99.9-99.9-99.9-99.9 0.0  010.3 94  7.4   8  6.4 4.4 0.8
5036619750808  8.3  5.3  3.019900-99.9-99.9-99.9-99.9 0.0  0 7.9 82  3.6   9  7.2 4.5 1.1
5036619750809 12.0  3.7  0.009900-99.9-99.9-99.9-99.9-9.9 99 7.7 72  3.2   4  3.2-9.9-9.9
5036619750810 20.0  1.2  0.009900-99.9-99.9-99.9-99.9 9.0 82 7.4 61  2.7   4  3.215.9 1.7
5036619750811 23.2  1.8  0.009900-99.9-99.9-99.9-99.9 6.7 61 8.2 55  4.1   3  2.413.0 1.7
5036619750812 24.6  5.7  0.009900-99.9-99.9-99.9-99.9 3.7 33 8.7 53  5.0   5  4.0 9.3 2.0
5036619750813 19.8  6.1  0.009900-99.9-99.9-99.9-99.9 2.3 21 5.7 44 -1.0   7  5.6 7.6 2.3
5036619750814 20.4  4.1  0.009900-99.9-99.9-99.9-99.9 8.0 72 6.4 48  0.6   5  4.014.9 2.1
5036619750815 22.0  0.9  0.009900-99.9-99.9-99.9-99.9 8.6 77 7.1 51  2.1   6  4.815.8 2.1
5036619750816 23.1  3.5  0.009900-99.9-99.9-99.9-99.9 8.9 80 7.3 47  2.5   4  3.216.3 2.1
5036619750817 25.3  3.9  0.009900-99.9-99.9-99.9-99.9 8.5 76 8.1 48  3.9   3  2.415.8 2.1
5036619750818 24.9  4.6  0.009900-99.9-99.9-99.9-99.9 8.3 74 9.3 56  5.9   1  0.815.7 1.9
5036619750819 25.9  6.6  0.009900-99.9-99.9-99.9-99.9 8.5 7610.0 52  7.0   9  7.216.0 2.8
5036619750820 22.8  7.7  0.009900-99.9-99.9-99.9-99.9 6.3 5611.4 63  8.9   6  4.813.2 2.1
5036619750821 25.6  9.9  0.009900-99.9-99.9-99.9-99.9 8.2 7312.6 59 10.4   1  0.815.8 2.2
5036619750822 30.5 10.9  0.009900-99.9-99.9-99.9-99.9 9.3 8211.6 51  9.2   7  5.617.4 3.2
5036619750823 20.3  7.8  1.319900-99.9-99.9-99.9-99.9 0.0  014.8 79 12.8   9  7.2 5.0 1.0
5036619750824 17.2 11.8  4.819900-99.9-99.9-99.9-99.9 0.0  015.7 97 13.7  12  9.6 5.0 1.0
5036619750825 16.5  6.9  0.009900-99.9-99.9-99.9-99.9 9.9 87 7.3 55  2.5   5  4.018.5 2.3
5036619750826 19.4  1.2  0.009900-99.9-99.9-99.9-99.9 9.1 80 7.5 58  2.9   6  4.817.5 2.1
5036619750827 22.0  5.4  0.009900-99.9-99.9-99.9-99.9 4.7 41 9.1 55  5.6   6  4.811.5 2.2
5036619750828 20.8  7.1  0.009900-99.9-99.9-99.9-99.9 2.9 2510.8 60  8.1   6  4.8 9.1 1.9
5036619750829 20.9 11.0  0.009900-99.9-99.9-99.9-99.9 6.6 5810.7 61  8.0   1  0.814.3 2.1
5036619750830 25.1  6.8  0.009900-99.9-99.9-99.9-99.9 9.6 8410.6 58  7.8   2  1.618.6 2.4
5036619750831 25.2  8.0  0.009900-99.9-99.9-99.9-99.9 9.9 8611.4 56  8.9   5  4.019.1 2.8
5036619750901 27.0  8.8  0.009900-99.9-99.9-99.9-99.9 9.4 8211.6 56  9.2   7  5.618.5 3.1
5036619750902 26.6 10.6  0.009900-99.9-99.9-99.9-99.9 3.6 3110.3 45  7.4   6  4.810.4 2.7
5036619750903 29.8  9.4  0.009900-99.9-99.9-99.9-99.9 8.2 7111.7 51  9.3   1  0.817.0 2.6
5036619750904 31.2 11.5  0.009900-99.9-99.9-99.9-99.9 9.4 8112.3 46 10.0   4  3.218.8 3.3
5036619750905 32.0 13.4  0.009900-99.9-99.9-99.9-99.9 7.5 6512.3 44 10.0  17 13.616.2 4.9
5036619750906 20.9 14.0  0.009900-99.9-99.9-99.9-99.9 0.0  0 7.4 41  2.7   2  1.6 5.5 2.2
5036619750907 23.3  5.6  0.009900-99.9-99.9-99.9-99.9 6.6 57 7.3 43  2.5   5  4.015.0 2.7
5036619750908 26.2  7.9  0.009900-99.9-99.9-99.9-99.9 0.0  0 9.2 43  5.8   4  3.2 5.5 2.2
5036619750909 23.0  9.0  8.019900-99.9-99.9-99.9-99.9 1.7 1413.5 61 11.4  14 11.2 8.1 2.3
5036619750910 20.5 13.3 25.519900-99.9-99.9-99.9-99.9 0.0  015.1 89 13.1   3  2.4 5.6 1.5
5036619750911 15.0  9.5  0.619900-99.9-99.9-99.9-99.9 1.0  811.8 83  9.4  10  8.0 7.1 1.5
5036619750912 21.4  5.6  0.009900-99.9-99.9-99.9-99.9 6.1 5212.3 75 10.0   3  2.414.7 2.1
5036619750913 24.7  8.5  0.009900-99.9-99.9-99.9-99.9 6.0 5113.3 62 11.2  15 12.014.6 3.1
5036619750914 23.1  8.1  0.009900-99.9-99.9-99.9-99.9 7.6 64 9.8 53  6.7   6  4.817.1 2.9
5036619750915 23.6  8.5  0.009900-99.9-99.9-99.9-99.9 7.0 5911.2 57  8.6   4  3.216.3 2.7
5036619750916 27.8  7.9  0.009900-99.9-99.9-99.9-99.9 7.0 5912.3 54 10.0   6  4.816.3 3.1
5036619750917 27.2 10.6  0.009900-99.9-99.9-99.9-99.9 4.8 4013.7 54 11.6   4  3.213.1 2.7
5036619750918 28.6 13.9  0.009900-99.9-99.9-99.9-99.9 6.3 5317.7 61 15.6   8  6.415.4 3.3
5036619750919 26.1 14.2  0.009900-99.9-99.9-99.9-99.9 6.3 5313.9 53 11.9   9  7.215.5 3.5
5036619750920 25.0 11.8  0.009900-99.9-99.9-99.9-99.9 2.1 1710.7 45  8.0   9  7.2 9.2 3.1
5036619750921 22.1 16.4  3.319900-99.9-99.9-99.9-99.9 0.0  012.3 59 10.0   5  4.0 6.0 2.3
5036619750922 17.2 13.3  1.219900-99.9-99.9-99.9-99.9 0.0  014.0 88 12.0   9  7.2 6.1 1.7
5036619750923 24.7 12.1  0.009900-99.9-99.9-99.9-99.9 5.2 4315.5 75 13.5   2  1.614.1 2.5
5036619750924 27.9 12.4 31.219900-99.9-99.9-99.9-99.9 4.6 3815.5 67 13.5   6  4.813.3 3.0
5036619750925 18.3 10.6  8.219900-99.9-99.9-99.9-99.9 0.0  012.4 92 10.1   6  4.8 6.2 1.7
5036619750926 18.0  9.8  0.009900-99.9-99.9-99.9-99.9 0.2  213.2 78 11.1   1  0.8 6.5 1.4
5036619750927 24.7 10.7  0.009900-99.9-99.9-99.9-99.9 4.8 3915.5 73 13.5   4  3.213.8 2.5
5036619750928 28.2 12.0  0.009900-99.9-99.9-99.9-99.9 5.7 4716.5 64 14.5   6  4.815.2 3.1
5036619750929 25.4 16.7  0.009900-99.9-99.9-99.9-99.9 7.3 6011.2 47  8.6   7  5.617.8 4.0
5036619750930 28.4  9.3  0.009900-99.9-99.9-99.9-99.9 7.8 6411.3 48  8.8   5  4.018.7 3.6
5036619751001 28.4 13.2  1.019900-99.9-99.9-99.9-99.9 7.4 6013.2 50 11.1  10  8.018.1 4.2
5036619751002 23.9 11.6  0.419900-99.9-99.9-99.9-99.9 0.0  012.3 81 10.0   7  5.6 6.4 2.4
5036619751003 22.6 12.3  0.009900-99.9-99.9-99.9-99.9 7.8 6314.5 75 12.5   9  7.218.9 3.4
5036619751004 18.4 14.1 29.519900-99.9-99.9-99.9-99.9 0.0  015.3 87 13.3  11  8.8 6.5 1.8
5036619751005 25.4 13.0  0.009900-99.9-99.9-99.9-99.9 7.5 6016.7 70 14.7   2  1.618.6 3.2
5036619751006 29.5 12.8  0.009900-99.9-99.9-99.9-99.9 7.6 6118.1 64 15.9   6  4.818.8 3.7
5036619751007 24.8 15.6  0.009900-99.9-99.9-99.9-99.9 5.9 4713.9 57 11.9  11  8.816.1 4.0
5036619751008 18.7 12.0  0.009900-99.9-99.9-99.9-99.9 0.2  2 8.1 48  3.9   6  4.8 7.0 2.6
5036619751009 18.3 12.2  0.009900-99.9-99.9-99.9-99.9 0.0  010.2 60  7.3   6  4.8 6.7 2.3
5036619751010 23.7  7.0  0.009900-99.9-99.9-99.9-99.9 7.9 6311.8 59  9.4   2  1.619.6 3.0
5036619751011 28.6  9.4  0.009900-99.9-99.9-99.9-99.9 9.4 7513.2 53 11.1   4  3.222.1 3.9
5036619751012 33.0 12.2  0.009900-99.9-99.9-99.9-99.9 8.1 6415.7 49 13.7   5  4.020.0 4.2
5036619751013 26.1 17.3  0.009900-99.9-99.9-99.9-99.9 0.0  015.4 73 13.4   5  4.0 6.8 2.5
5036619751014 31.7 16.0  0.009900-99.9-99.9-99.9-99.910.5 8314.3 49 12.3   7  5.624.1 5.2
5036619751015 33.4 15.9  0.009900-99.9-99.9-99.9-99.9 8.8 6917.4 48 15.3   9  7.221.4 5.1
5036619751016 27.9 17.9  0.219900-99.9-99.9-99.9-99.9 5.8 4618.3 65 16.1  11  8.816.5 4.2
5036619751017 30.7 17.5  0.009900-99.9-99.9-99.9-99.910.1 7919.6 63 17.2   6  4.823.7 4.9
5036619751018 31.4 17.7  0.919900-99.9-99.9-99.9-99.9 8.1 6420.2 66 17.7  10  8.020.4 4.9
5036619751019 26.6 16.9  0.009900-99.9-99.9-99.9-99.9 3.4 2713.6 59 11.5   5  4.012.6 3.4
5036619751020 28.6 13.3  0.009900-99.9-99.9-99.9-99.910.4 8113.3 50 11.2   2  1.624.4 4.3
5036619751021 29.8 10.7  0.009900-99.9-99.9-99.9-99.9 9.9 7714.5 52 12.5   4  3.223.6 4.3
5036619751022 30.5 11.8  0.009900-99.9-99.9-99.9-99.9 8.7 6812.8 42 10.6   4  3.221.7 4.3
5036619751023 30.4 13.7  0.009900-99.9-99.9-99.9-99.9 8.2 6413.7 43 11.6  10  8.020.9 5.0
5036619751024 33.5 14.4  0.009900-99.9-99.9-99.9-99.9 9.8 7615.2 46 13.2   6  4.823.6 5.1
5036619751025 34.2 15.6  0.009900-99.9-99.9-99.9-99.9 9.3 7215.7 40 13.7   4  3.222.8 4.9
5036619751026 39.9 16.1  0.009900-99.9-99.9-99.9-99.9 8.5 6616.7 40 14.7   7  5.621.5 5.6
5036619751027 30.8 19.7  0.009900-99.9-99.9-99.9-99.9 8.2 6310.2 32  7.3   5  4.021.1 4.9
5036619751028 28.7 17.4  0.519900-99.9-99.9-99.9-99.9 4.4 3416.8 58 14.8   7  5.614.7 3.9
5036619751029 24.0 17.6  1.319900-99.9-99.9-99.9-99.9 0.0  018.8 84 16.5   9  7.2 7.2 2.3
5036619751030 24.0 16.4  2.419900-99.9-99.9-99.9-99.9 2.0 1517.5 81 15.4   7  5.610.7 2.7
5036619751031 20.8 14.9 16.319900-99.9-99.9-99.9-99.9 0.0  017.1 85 15.0   8  6.4 7.3 1.9
5036619751101 25.5 12.3  0.009900-99.9-99.9-99.9-99.9 5.0 3816.3 70 14.3   3  2.415.9 3.1
5036619751102 24.2 16.2  8.719900-99.9-99.9-99.9-99.9 2.1 1616.6 77 14.6  14 11.210.9 3.4
5036619751103 17.6 14.3  1.519900-99.9-99.9-99.9-99.9 0.0  016.3 92 14.3  11  8.8 7.4 1.7
5036619751104 17.3 14.6  2.219900-99.9-99.9-99.9-99.9 0.0  016.3 91 14.3   5  4.0 7.4 1.6
5036619751105 24.3 14.8  0.319900-99.9-99.9-99.9-99.9 2.5 1917.9 77 15.8   4  3.211.7 2.6
5036619751106 28.0 13.3  0.009900-99.9-99.9-99.9-99.9 7.5 5717.8 63 15.7   6  4.820.3 4.1
5036619751107 31.6 17.0  0.009900-99.9-99.9-99.9-99.9 7.8 5918.2 60 16.0   4  3.220.9 4.6
5036619751108 32.5 16.9  0.009900-99.9-99.9-99.9-99.9 7.8 5916.1 52 14.1   7  5.620.9 5.1
5036619751109 27.9 15.7  0.009900-99.9-99.9-99.9-99.9 7.3 5513.5 53 11.4   6  4.820.1 4.5
5036619751110 23.9 14.7  0.619900-99.9-99.9-99.9-99.9 1.4 1113.2 61 11.1  17 13.6 9.9 3.9
5036619751111 28.9 12.4  0.009900-99.9-99.9-99.9-99.9 9.1 6816.1 57 14.1   8  6.423.3 4.8
5036619751112 34.3 15.5  0.009900-99.9-99.9-99.9-99.910.4 7818.0 52 15.8   4  3.225.6 5.4
5036619751113 36.4 19.7  0.009900-99.9-99.9-99.9-99.9 9.8 7318.6 45 16.4   6  4.824.6 6.0
5036619751114 38.2 20.4  0.009900-99.9-99.9-99.9-99.9 9.0 6720.4 40 17.8  10  8.023.2 6.5
5036619751115 40.8 23.7  0.009900-99.9-99.9-99.9-99.9 8.8 6619.6 41 17.2   9  7.222.9 6.9
5036619751116 28.5 15.5  0.009900-99.9-99.9-99.9-99.9 6.2 46 8.9 32  5.3   7  5.618.4 4.8
5036619751117 28.6 12.8  0.009900-99.9-99.9-99.9-99.9 7.2 5412.3 42 10.0  12  9.620.2 5.1
5036619751118 30.6 14.8  0.009900-99.9-99.9-99.9-99.9 8.6 6412.9 40 10.7  10  8.022.6 5.6
5036619751119 32.7 14.8  0.009900-99.9-99.9-99.9-99.9 8.4 6214.3 42 12.3  10  8.022.3 5.6
5036619751120 36.4 18.3  3.419900-99.9-99.9-99.9-99.9 8.4 6215.7 41 13.7   9  7.222.3 6.1
5036619751121 30.5 21.3  0.009900-99.9-99.9-99.9-99.9 4.0 3020.9 68 18.2  11  8.814.7 4.6
5036619751122 30.8 19.6  8.419900-99.9-99.9-99.9-99.9 4.2 3124.0 69 20.4   7  5.615.1 3.9
5036619751123 27.7 14.1 14.319900-99.9-99.9-99.9-99.9 0.0  017.7 87 15.6   9  7.2 7.7 2.6
5036619751124 24.6 14.3  0.009900-99.9-99.9-99.9-99.9 0.1  115.0 58 13.0   2  1.6 7.9 2.3
5036619751125 30.6 18.5  6.019900-99.9-99.9-99.9-99.9 5.5 4118.7 58 16.4   9  7.217.4 4.7
5036619751126 30.8 20.1  0.009900-99.9-99.9-99.9-99.9 6.7 4919.9 57 17.4   6  4.819.5 4.8
5036619751127 36.5 20.7 20.319900-99.9-99.9-99.9-99.9 9.1 6718.9 46 16.6   6  4.823.7 6.0
5036619751128 31.3 18.0 27.219900-99.9-99.9-99.9-99.9 3.9 2919.2 64 16.9   9  7.214.6 4.3
5036619751129 26.4 12.1  0.219900-99.9-99.9-99.9-99.9 4.5 3313.5 63 11.4  10  8.015.7 4.0
5036619751130 26.6 12.2  0.009900-99.9-99.9-99.9-99.9 9.3 6813.2 54 11.1  15 12.024.1 5.5
5036619751201 29.3 12.5  0.009900-99.9-99.9-99.9-99.9 8.4 6216.2 57 14.2   9  7.222.6 4.9
5036619751202 31.6 15.6  0.009900-99.9-99.9-99.9-99.9 8.4 6117.4 52 15.3   8  6.422.6 5.3
5036619751203 32.3 18.0  0.009900-99.9-99.9-99.9-99.9 7.7 5616.7 48 14.7   8  6.421.4 5.4
5036619751204 31.7 19.3  0.219900-99.9-99.9-99.9-99.9 3.3 2418.9 52 16.6   6  4.813.7 4.0
5036619751205 31.9 19.3  0.009900-99.9-99.9-99.9-99.9 5.5 4019.2 56 16.9  11  8.817.5 5.1
5036619751206 34.0 21.5 18.119900-99.9-99.9-99.9-99.9 7.0 5121.6 54 18.7   9  7.220.2 5.6
5036619751207 27.5 16.9  0.009900-99.9-99.9-99.9-99.9 3.2 2320.4 73 17.8   6  4.813.5 3.3
5036619751208 31.6 19.5  1.019900-99.9-99.9-99.9-99.9 6.5 4723.2 67 19.9  14 11.219.3 5.2
5036619751209 28.7 20.2  0.009900-99.9-99.9-99.9-99.9 4.6 3313.0 47 10.9   9  7.216.0 5.0
5036619751210 31.2 14.8  0.009900-99.9-99.9-99.9-99.9 8.8 6418.8 58 16.5   8  6.423.4 5.2
5036619751211 34.2 17.9  0.009900-99.9-99.9-99.9-99.9 8.0 5818.6 45 16.4   6  4.822.0 5.4
5036619751212 34.0 23.3 10.219900-99.9-99.9-99.9-99.9 5.9 4326.0 59 21.7  10  8.018.3 5.3
5036619751213 31.5 20.9 45.019900-99.9-99.9-99.9-99.9 0.0  024.9 86 21.0  11  8.8 7.9 3.1
5036619751214 30.8 20.9  0.009900-99.9-99.9-99.9-99.9 4.4 3223.8 71 20.3  13 10.415.7 4.6
5036619751215 33.9 21.5  0.009900-99.9-99.9-99.9-99.9 8.1 5925.7 66 21.5   4  3.222.2 5.3
5036619751216 33.5 22.9  0.009900-99.9-99.9-99.9-99.9 4.5 3327.9 67 22.9   6  4.815.9 4.3
5036619751217 34.5 23.8  0.009900-99.9-99.9-99.9-99.9 8.6 6226.8 63 22.2  11  8.823.1 6.4
5036619751218 35.8 22.9  5.619900-99.9-99.9-99.9-99.9 5.5 4028.4 62 23.2  14 11.217.6 5.5
5036619751219 31.7 17.6  6.619900-99.9-99.9-99.9-99.9 0.0  017.7 69 15.6   7  5.6 8.0 3.3
5036619751220 30.6 15.3  0.009900-99.9-99.9-99.9-99.9 7.0 5117.7 56 15.6   2  1.620.3 4.3
5036619751221 31.8 17.8  0.009900-99.9-99.9-99.9-99.9 6.4 4621.0 54 18.3   9  7.219.2 4.9
5036619751222 33.5 21.4 36.519900-99.9-99.9-99.9-99.9 5.1 3723.7 66 20.2  17 13.616.9 5.6
5036619751223 29.7 18.8  0.619900-99.9-99.9-99.9-99.9 2.6 1920.0 67 17.5   6  4.812.5 3.6
5036619751224 34.7 18.4  0.009900-99.9-99.9-99.9-99.9 7.8 5723.3 58 20.0   9  7.221.7 5.5
5036619751225 35.2 20.6  1.819900-99.9-99.9-99.9-99.9 8.6 6226.2 59 21.9   5  4.023.1 5.6
5036619751226 29.9 19.8  0.009900-99.9-99.9-99.9-99.9 1.1  820.8 77 18.1  12  9.6 9.9 3.7
5036619751227 26.7 18.7  2.019900-99.9-99.9-99.9-99.9 0.8  619.3 70 16.9   7  5.6 9.4 2.9
5036619751228 30.9 19.0  0.009900-99.9-99.9-99.9-99.9 6.2 4515.4 54 13.4   9  7.218.9 5.3
5036619751229 31.6 17.9  0.009900-99.9-99.9-99.9-99.9 8.8 6422.3 62 19.2   7  5.623.5 5.3
5036619751230 35.2 22.0  0.009900-99.9-99.9-99.9-99.9 8.7 6323.8 58 20.3   8  6.423.3 6.1
5036619751231 36.0 22.4  0.009900-99.9-99.9-99.9-99.9 7.3 5324.8 57 21.0   9  7.220.8 5.9
5036619760101 33.7 21.3 20.219900-99.9-99.9-99.9-99.9 2.6 1924.2 72 20.6  10  8.012.5 4.2
5036619760102 28.7 19.2  6.719900-99.9-99.9-99.9-99.9 5.9 4322.4 81 19.3   6  4.818.3 4.2
5036619760103 32.0 18.1  0.009900-99.9-99.9-99.9-99.9 8.3 6021.7 63 18.8   7  5.622.6 5.3
5036619760104 33.5 21.4 12.219900-99.9-99.9-99.9-99.9 3.5 2624.0 64 20.4   8  6.414.1 4.3
5036619760105 28.3 21.5 33.219900-99.9-99.9-99.9-99.9 1.7 1223.7 81 20.2   8  6.410.9 3.2
5036619760106 26.8 17.9  0.009900-99.9-99.9-99.9-99.9 2.4 1820.4 69 17.8   7  5.612.1 3.2
5036619760107 29.8 18.7  0.009900-99.9-99.9-99.9-99.9 7.7 5621.5 64 18.7   6  4.821.5 4.8
5036619760108 33.1 20.5  0.009900-99.9-99.9-99.9-99.9 8.1 5923.0 57 19.7   8  6.422.2 5.6
5036619760109 36.4 21.0  0.009900-99.9-99.9-99.9-99.9 9.4 6924.3 54 20.6  11  8.824.5 6.6
5036619760110 32.8 21.7 51.419900-99.9-99.9-99.9-99.9 6.3 4627.3 73 22.5   7  5.619.0 4.8
5036619760111 27.6 19.6  0.919900-99.9-99.9-99.9-99.9 1.0  723.4 81 20.0   7  5.6 9.6 2.7
5036619760112 30.6 19.6  0.009900-99.9-99.9-99.9-99.9 4.6 3427.8 80 22.8   9  7.216.0 3.8
5036619760113 34.6 24.0  0.009900-99.9-99.9-99.9-99.9 6.6 4830.8 74 24.5   9  7.219.5 5.3
5036619760114 32.3 17.5113.919900-99.9-99.9-99.9-99.9 1.5 1124.6 90 20.8  17 13.610.5 3.5
5036619760115 25.2 17.9  0.319900-99.9-99.9-99.9-99.9 1.8 1321.3 85 18.5   5  4.011.0 2.6
5036619760116 30.6 19.1  0.319900-99.9-99.9-99.9-99.9 7.9 5826.4 81 22.0   9  7.221.7 4.9
5036619760117 35.3 22.1  3.019900-99.9-99.9-99.9-99.9 7.9 5828.1 66 23.0  14 11.221.7 6.1
5036619760118 36.5 23.5  0.009900-99.9-99.9-99.9-99.9 9.1 6727.1 59 22.4  13 10.423.8 6.8
5036619760119 34.5 23.6 81.519900-99.9-99.9-99.9-99.9 8.6 6425.1 61 21.2  20 16.022.9 7.2
5036619760120 27.1 13.9  3.319900-99.9-99.9-99.9-99.9 0.0  014.7 85 12.7   9  7.2 7.8 3.0
5036619760121 22.5 14.4  0.009900-99.9-99.9-99.9-99.9 2.7 2014.3 67 12.3   2  1.612.5 2.8
5036619760122 27.2 16.0  0.009900-99.9-99.9-99.9-99.9 6.4 4717.3 63 15.2   8  6.419.0 4.3
5036619760123 33.8 15.9  0.009900-99.9-99.9-99.9-99.9 9.4 7024.3 67 20.6   5  4.024.2 5.2
5036619760124 33.6 21.4  0.009900-99.9-99.9-99.9-99.9 0.0  027.7 76 22.8   1  0.8 7.7 2.3
5036619760125 30.5 23.3 25.019900-99.9-99.9-99.9-99.9 3.4 2527.1 78 22.4  10  8.013.7 3.9
5036619760126 32.0 21.1 50.019900-99.9-99.9-99.9-99.9 5.6 4227.1 77 22.4   7  5.617.5 4.3
5036619760127 26.1 17.9 15.319900-99.9-99.9-99.9-99.9 0.8  621.7 88 18.8  10  8.0 9.1 2.6
5036619760128 25.4 20.2  4.019900-99.9-99.9-99.9-99.9 0.0  024.2 91 20.6   4  3.2 7.6 2.0
5036619760129 30.0 20.6  3.019900-99.9-99.9-99.9-99.9 5.3 4025.0 79 21.1   9  7.216.9 4.2
5036619760130 31.1 20.3 11.319900-99.9-99.9-99.9-99.9 0.0  025.6 83 21.5  11  8.8 7.6 2.8
5036619760131 30.9 20.2  0.009900-99.9-99.9-99.9-99.9 9.3 7022.4 66 19.3   5  4.023.8 5.3
5036619760201 32.2 20.6  0.009900-99.9-99.9-99.9-99.9 7.0 5324.6 66 20.8   7  5.619.8 4.8
5036619760202 33.4 23.3 13.419900-99.9-99.9-99.9-99.9 9.2 6928.8 71 23.4   6  4.823.6 5.7
5036619760203 29.9 18.7  1.219900-99.9-99.9-99.9-99.9 0.0  022.1 85 19.1   4  3.2 7.5 2.4
5036619760204 29.0 15.3 32.419900-99.9-99.9-99.9-99.9 4.0 3021.4 82 18.6   9  7.214.5 3.4
5036619760205 26.8 15.7  0.009900-99.9-99.9-99.9-99.9 6.4 4915.1 57 13.1   8  6.418.6 4.3
5036619760206 30.1 16.0  0.009900-99.9-99.9-99.9-99.910.9 8316.3 52 14.3   7  5.626.4 5.5
5036619760207 28.3 17.4  0.319900-99.9-99.9-99.9-99.9 4.8 3718.6 63 16.4   4  3.215.8 3.7
5036619760208 24.5 19.4  3.819900-99.9-99.9-99.9-99.9 0.0  021.6 86 18.7   1  0.8 7.4 1.9
5036619760209 25.2 19.0  1.519900-99.9-99.9-99.9-99.9 0.0  020.2 80 17.7   3  2.4 7.4 2.1
5036619760210 25.2 19.1 16.919900-99.9-99.9-99.9-99.9 1.0  822.1 90 19.1   6  4.8 9.1 2.4
5036619760211 20.4 16.7  1.719900-99.9-99.9-99.9-99.9 0.0  019.8 91 17.3   4  3.2 7.4 1.6
5036619760212 28.5 17.4  0.009900-99.9-99.9-99.9-99.9 4.4 3423.3 81 20.0   2  1.614.9 3.2
5036619760213 30.2 20.5  0.419900-99.9-99.9-99.9-99.9 5.0 3822.9 73 19.7   4  3.215.9 3.8
5036619760214 28.7 20.3  0.009900-99.9-99.9-99.9-99.9 3.3 2525.7 79 21.5   4  3.212.9 3.0
5036619760215 32.0 21.4  0.009900-99.9-99.9-99.9-99.9 5.8 4526.1 72 21.8   9  7.217.2 4.4
5036619760216 32.7 20.6 62.119900-99.9-99.9-99.9-99.9 5.8 4525.3 71 21.3   4  3.217.1 4.1
5036619760217 29.9 18.5  0.009900-99.9-99.9-99.9-99.9 4.4 3423.2 75 19.9   8  6.414.7 3.6
5036619760218 28.8 21.7 10.619900-99.9-99.9-99.9-99.9 2.3 1826.6 88 22.1   2  1.611.1 2.7
5036619760219 30.9 22.1 16.019900-99.9-99.9-99.9-99.9 1.6 1225.1 74 21.2   5  4.0 9.9 3.0
5036619760220 29.0 20.4  0.009900-99.9-99.9-99.9-99.9 8.8 6921.2 67 18.4   4  3.222.0 4.7
5036619760221 29.6 21.4  0.009900-99.9-99.9-99.9-99.9 2.8 2221.5 67 18.7   9  7.211.8 3.7
5036619760222 31.0 19.6  0.009900-99.9-99.9-99.9-99.9 6.7 5222.9 66 19.7   7  5.618.4 4.4
5036619760223 31.4 20.5  0.009900-99.9-99.9-99.9-99.9 6.1 4823.9 70 20.4   4  3.217.3 4.1
5036619760224 30.7 22.8 13.619900-99.9-99.9-99.9-99.9 4.1 3226.8 78 22.2   7  5.613.9 3.7
5036619760225 28.2 19.0  3.819900-99.9-99.9-99.9-99.9 3.5 2822.9 80 19.7   5  4.012.8 3.0
5036619760226 31.0 21.5  0.009900-99.9-99.9-99.9-99.9 2.7 2124.8 76 21.0   2  1.611.5 3.0
5036619760227 32.1 21.5  0.009900-99.9-99.9-99.9-99.9 8.5 6726.6 73 22.1   4  3.221.1 4.7
5036619760228 34.0 23.8  0.009900-99.9-99.9-99.9-99.9 5.5 4426.5 68 22.0   5  4.016.0 4.3
5036619760229 34.4 22.4 49.419900-99.9-99.9-99.9-99.9 9.3 7428.1 70 23.0   6  4.822.3 5.3
5036619760301 29.0 16.0  1.019900-99.9-99.9-99.9-99.9 0.0  017.4 82 15.3   4  3.2 6.8 2.4
5036619760302 25.0 18.0  0.009900-99.9-99.9-99.9-99.9 1.0  818.9 73 16.6   6  4.8 8.4 2.4
5036619760303 30.1 19.2  0.009900-99.9-99.9-99.9-99.9 6.9 5522.7 73 19.5   3  2.418.1 3.9
5036619760304 31.7 20.8 39.719900-99.9-99.9-99.9-99.9 4.5 3625.3 76 21.3   7  5.614.1 3.7
5036619760305 29.7 20.4  8.219900-99.9-99.9-99.9-99.9 2.3 1826.0 80 21.7   4  3.210.5 2.6
5036619760306 25.1 20.7  1.519900-99.9-99.9-99.9-99.9 0.0  024.1 92 20.5   2  1.6 6.6 1.7
5036619760307 27.5 20.3 33.919900-99.9-99.9-99.9-99.9 1.7 1425.0 85 21.1   5  4.0 9.4 2.3
5036619760308 24.1 17.4  5.019900-99.9-99.9-99.9-99.9 0.2  219.6 88 17.2  12  9.6 6.9 2.2
5036619760309 25.6 16.5  0.009900-99.9-99.9-99.9-99.9 4.7 3820.6 78 18.0   2  1.614.2 2.7
5036619760310 26.1 16.7  0.009900-99.9-99.9-99.9-99.9 0.7  622.5 83 19.4   3  2.4 7.6 1.8
5036619760311 30.4 19.2  5.719900-99.9-99.9-99.9-99.9 7.1 5826.1 75 21.8   1  0.817.9 3.6
5036619760312 27.5 14.3  0.219900-99.9-99.9-99.9-99.9 0.0  013.6 78 11.5   4  3.2 6.4 2.4
5036619760313 19.9 12.9  0.009900-99.9-99.9-99.9-99.9 0.1  111.5 64  9.0   0  0.0 6.6 1.7
5036619760314 21.2 13.8  0.009900-99.9-99.9-99.9-99.9 0.3  212.8 67 10.6   6  4.8 6.8 2.2
5036619760315 23.6 15.1  0.009900-99.9-99.9-99.9-99.9 1.9 1614.9 68 12.9   4  3.2 9.3 2.4
5036619760316 27.9 13.3  0.009900-99.9-99.9-99.9-99.9 4.5 3718.4 69 16.2   2  1.613.4 2.6
5036619760317 30.2 16.1  0.009900-99.9-99.9-99.9-99.9 7.9 6520.3 65 17.7   4  3.218.7 3.7
5036619760318 27.9 20.2  0.009900-99.9-99.9-99.9-99.9 1.9 1623.7 77 20.2   6  4.8 9.2 2.5
5036619760319 28.9 21.7  5.619900-99.9-99.9-99.9-99.9 1.9 1626.1 78 21.8   2  1.6 9.2 2.3
5036619760320 26.0 19.4 19.119900-99.9-99.9-99.9-99.9 0.0  022.0 88 19.0   8  6.4 6.1 2.0
5036619760321 27.2 17.7  4.619900-99.9-99.9-99.9-99.9 2.8 2321.2 78 18.4   8  6.410.5 2.6
5036619760322 29.6 16.8  0.009900-99.9-99.9-99.9-99.9 4.7 3920.1 66 17.6   9  7.213.3 3.3
5036619760323 28.7 18.4 68.019900-99.9-99.9-99.9-99.9 5.7 4823.1 76 19.8  11  8.814.8 3.4
5036619760324 24.8 15.7 22.119900-99.9-99.9-99.9-99.9 0.0  017.6 93 15.5   6  4.8 6.0 1.9
5036619760325 15.9 13.1  4.919900-99.9-99.9-99.9-99.9 0.0  015.1 94 13.1   4  3.2 6.0 1.2
5036619760326 15.6 12.0  1.019900-99.9-99.9-99.9-99.9 0.0  013.2 84 11.1   2  1.6 5.9 1.3
5036619760327 18.0 12.9  0.009900-99.9-99.9-99.9-99.9 0.0  013.0 76 10.9   4  3.2 5.9 1.6
5036619760328 24.0 11.6  0.009900-99.9-99.9-99.9-99.9 3.4 2916.1 76 14.1   2  1.611.0 2.0
5036619760329 25.2 11.9  0.009900-99.9-99.9-99.9-99.9 3.4 2916.3 70 14.3   6  4.810.9 2.3
5036619760330 26.2 14.0  0.009900-99.9-99.9-99.9-99.9 0.2  218.4 75 16.2   2  1.6 6.1 1.6
5036619760331 28.1 15.9  0.009900-99.9-99.9-99.9-99.9 3.1 2618.9 67 16.6  12  9.610.3 3.0
5036619760401 23.5 17.4  0.009900-99.9-99.9-99.9-99.9 0.0  015.6 66 13.6   5  4.0 5.7 2.1
5036619760402 23.9 16.7  0.009900-99.9-99.9-99.9-99.9 2.1 1817.4 75 15.3   4  3.2 8.7 2.1
5036619760403 24.5 15.8  0.009900-99.9-99.9-99.9-99.9 3.2 2718.6 83 16.4   5  4.010.3 2.2
5036619760404 28.4 16.9  0.009900-99.9-99.9-99.9-99.9 5.8 5020.8 71 18.1   4  3.214.0 2.8
5036619760405 24.5 15.2  0.009900-99.9-99.9-99.9-99.9 7.4 6412.7 57 10.5   4  3.216.3 3.0
5036619760406 26.3 11.1  0.009900-99.9-99.9-99.9-99.9 8.9 7714.8 66 12.8   3  2.418.4 2.8
5036619760407 26.9 12.1  0.009900-99.9-99.9-99.9-99.9 7.8 6716.5 67 14.5   4  3.216.7 2.8
5036619760408 28.7 15.4  0.009900-99.9-99.9-99.9-99.9 6.9 6017.5 64 15.4   2  1.615.3 2.8
5036619760409 29.2 13.6  0.219900-99.9-99.9-99.9-99.9 9.3 8118.8 70 16.5   5  4.018.6 3.2
5036619760410 24.7 15.6  0.009900-99.9-99.9-99.9-99.9 4.9 4316.4 69 14.4   7  5.612.3 2.6
5036619760411 27.3 17.1  0.009900-99.9-99.9-99.9-99.9 1.5 1318.6 69 16.4   4  3.2 7.4 2.1
5036619760412 27.0 18.3  7.719900-99.9-99.9-99.9-99.9 3.0 2620.5 76 17.9   4  3.2 9.5 2.2
5036619760413 27.2 19.0  0.219900-99.9-99.9-99.9-99.9 2.5 2219.6 74 17.2   4  3.2 8.7 2.3
5036619760414 26.7 15.4  0.009900-99.9-99.9-99.9-99.9 7.1 6218.9 74 16.6   6  4.815.1 2.8
5036619760415 28.5 14.0  0.009900-99.9-99.9-99.9-99.9 9.2 8117.6 68 15.5   2  1.617.9 2.8
5036619760416 24.6 18.3  0.119900-99.9-99.9-99.9-99.9 2.4 2117.3 72 15.2   9  7.2 8.4 2.5
5036619760417 18.3 12.5  3.419900-99.9-99.9-99.9-99.9 0.0  014.0 92 12.0   6  4.8 5.1 1.4
5036619760418 14.9 11.7  1.819900-99.9-99.9-99.9-99.9 0.0  013.3 88 11.2   2  1.6 5.0 1.0
5036619760419 21.5  8.3  0.009900-99.9-99.9-99.9-99.9 7.8 6911.4 70  8.9   3  2.415.6 2.1
5036619760420 22.3  8.4  0.219900-99.9-99.9-99.9-99.9-9.9 9911.0 60  8.4   4  3.2-9.9-9.9
5036619760421 17.4 10.2  0.619900-99.9-99.9-99.9-99.9 0.0  010.9 86  8.2   5  4.0 4.9 1.5
5036619760422 18.0  6.5  0.009900-99.9-99.9-99.9-99.9 1.6 1411.0 77  8.4   3  2.4 7.0 1.3
5036619760423 21.9 12.1  0.009900-99.9-99.9-99.9-99.9 4.8 4312.8 69 10.6   6  4.811.2 2.1
5036619760424 23.1 12.5  0.009900-99.9-99.9-99.9-99.9 5.8 5213.5 70 11.4   4  3.212.5 2.1
5036619760425 24.9 10.5  0.009900-99.9-99.9-99.9-99.9 6.7 6014.1 68 12.1   1  0.813.6 1.9
5036619760426 26.1 10.4  0.009900-99.9-99.9-99.9-99.9 7.5 6714.4 68 12.4   5  4.014.6 2.3
5036619760427 27.3 11.5  0.009900-99.9-99.9-99.9-99.9-9.9 9915.8 67 13.8   3  2.4-9.9-9.9
5036619760428 26.9 13.2  0.009900-99.9-99.9-99.9-99.9-9.9 9916.7 70 14.7   1  0.8-9.9-9.9
5036619760429 28.0 14.7  0.009900-99.9-99.9-99.9-99.9 7.8 7118.5 71 16.3   1  0.814.7 2.3
5036619760430 23.0 17.2  1.219900-99.9-99.9-99.9-99.9 0.0  018.2 79 16.0   4  3.2 4.6 1.4
5036619760501 27.0 15.2  0.009900-99.9-99.9-99.9-99.9 4.7 4318.5 72 16.3   4  3.210.6 2.0
5036619760502 28.3 16.9  0.009900-99.9-99.9-99.9-99.9 8.1 7418.4 70 16.2   4  3.214.8 2.6
5036619760503 30.5 15.7  0.009900-99.9-99.9-99.9-99.9 6.5 5918.6 65 16.4   2  1.612.7 2.3
5036619760504 29.3 14.6  0.009900-99.9-99.9-99.9-99.9 6.1 5618.8 73 16.5   4  3.212.2 2.2
5036619760505 28.3 13.9  0.009900-99.9-99.9-99.9-99.9 1.5 1416.7 64 14.7   4  3.2 6.3 1.8
5036619760506 27.3 16.5  0.009900-99.9-99.9-99.9-99.9 0.0  019.0 68 16.7   2  1.6 4.4 1.5
5036619760507 27.7 16.7 24.619900-99.9-99.9-99.9-99.9 2.1 1918.9 73 16.6  14 11.2 7.0 2.5
5036619760508 22.0 14.1 13.919900-99.9-99.9-99.9-99.9 0.0  014.8 88 12.8   2  1.6 4.4 1.3
5036619760509 14.8 11.9  2.419900-99.9-99.9-99.9-99.9 0.0  013.6 90 11.5   5  4.0 4.3 0.9
5036619760510 15.3 12.5  0.419900-99.9-99.9-99.9-99.9 0.0  014.2 90 12.2   0  0.0 4.3 0.8
5036619760511 20.3 13.2  0.009900-99.9-99.9-99.9-99.9 0.3  314.1 76 12.1   3  2.4 4.7 1.3
5036619760512 22.3 11.3  0.009900-99.9-99.9-99.9-99.9 2.5 2313.0 68 10.9   6  4.8 7.3 1.7
5036619760513 22.5 10.0  0.009900-99.9-99.9-99.9-99.9 3.4 3213.8 74 11.8   1  0.8 8.3 1.3
5036619760514 24.6 11.2  0.009900-99.9-99.9-99.9-99.9 5.3 4914.1 72 12.1   2  1.610.6 1.6
5036619760515 25.5 12.1  0.009900-99.9-99.9-99.9-99.9 7.0 6515.1 70 13.1   5  4.012.5 1.9
5036619760516 25.7 12.2  1.819900-99.9-99.9-99.9-99.9 4.3 4016.0 71 14.0   7  5.6 9.3 1.8
5036619760517 19.9 10.3  1.519900-99.9-99.9-99.9-99.9 0.0  012.3 91 10.0  11  8.8 4.1 1.7
5036619760518 12.6  9.9  1.219900-99.9-99.9-99.9-99.9 0.0  012.5 95 10.3   4  3.2 4.1 0.7
5036619760519 16.6  9.9  0.009900-99.9-99.9-99.9-99.9 0.4  412.3 81 10.0   2  1.6 4.6 1.0
5036619760520 17.0  8.5  0.419900-99.9-99.9-99.9-99.9 2.4 2312.3 81 10.0   3  2.4 6.9 1.0
5036619760521 17.0 10.1  0.009900-99.9-99.9-99.9-99.9 0.8  811.5 77  9.0   1  0.8 5.0 1.0
5036619760522 16.7  6.3  0.009900-99.9-99.9-99.9-99.9 3.0 2810.8 74  8.1   6  4.8 7.5 1.1
5036619760523 14.2 10.0  0.009900-99.9-99.9-99.9-99.9 0.2  211.7 79  9.3   2  1.6 4.2 0.9
5036619760524 13.7 11.5  0.009900-99.9-99.9-99.9-99.9 0.0  012.3 83 10.0   1  0.8 4.0 0.8
5036619760525 16.9  7.9  0.009900-99.9-99.9-99.9-99.9 0.0  012.1 81  9.8   2  1.6 4.0 0.8
5036619760526 19.3 10.4  0.009900-99.9-99.9-99.9-99.9 2.1 2013.1 82 11.0   1  0.8 6.3 1.0
5036619760527 18.7 10.2  0.219900-99.9-99.9-99.9-99.9 0.0  014.6 84 12.6   4  3.2 3.9 0.8
5036619760528 19.8  9.6  0.009900-99.9-99.9-99.9-99.9 1.6 1513.3 82 11.2   6  4.8 5.7 1.2
5036619760529 23.4  6.9  0.009900-99.9-99.9-99.9-99.9 5.6 5312.1 69  9.8   3  2.410.2 1.3
5036619760530 19.5 10.9  0.009900-99.9-99.9-99.9-99.9 2.1 2013.3 78 11.2   2  1.6 6.2 1.1
5036619760531 23.2  9.3  0.009900-99.9-99.9-99.9-99.9 4.8 4613.5 75 11.4   5  4.0 9.2 1.4
5036619760601 23.2  8.3  0.009900-99.9-99.9-99.9-99.9 8.3 7912.9 70 10.7   3  2.413.1 1.4
5036619760602 16.5 11.6  0.009900-99.9-99.9-99.9-99.9 0.0  0 9.1 60  5.6   4  3.2 3.8 1.5
5036619760603 18.6  6.8  0.009900-99.9-99.9-99.9-99.9 3.8 36 9.5 68  6.2   6  4.8 8.0 1.4
5036619760604 16.2  5.9  0.009900-99.9-99.9-99.9-99.9 4.0 3810.5 75  7.7   6  4.8 8.2 1.0
5036619760605 17.1  8.8  0.009900  5.6-99.9-99.9-99.9 1.4 1310.5 77  7.7   2  1.6 5.3 1.1
5036619760606 11.5  7.4  1.119900  5.2-99.9-99.9-99.9 0.0  0 9.6 79  6.4   2  1.6 3.8 0.8
5036619760607 10.1  6.3  1.619900  6.3-99.9-99.9-99.9 0.0  0 9.5 91  6.2   5  4.0 3.8 0.7
5036619760608  9.6  5.7  1.119900  5.0-99.9-99.9-99.9 0.0  0 8.7 79  5.0   3  2.4 3.8 0.7
5036619760609  9.9  6.6  0.419900  4.5-99.9-99.9-99.9 0.0  0 9.4 84  6.1   1  0.8 3.8 0.6
5036619760610 10.9  7.1  0.319900  5.8-99.9-99.9-99.9 0.0  0 9.3 84  5.9   4  3.2 3.7 0.8
5036619760611 16.4  1.3  0.009900  0.2-99.9-99.9-99.9 6.4 61 8.9 78  5.3   0  0.010.7 0.7
5036619760612 17.5  4.8  0.009900  2.2-99.9-99.9-99.9 6.1 58 9.6 73  6.4   8  6.410.4 1.2
5036619760613 19.7  5.1  0.009900  4.1-99.9-99.9-99.9 7.5 72 9.6 69  6.4   9  7.211.9 1.5
5036619760614 24.7  5.7  0.009900  3.0-99.9-99.9-99.9 6.5 6210.5 62  7.7   7  5.610.8 1.6
5036619760615 28.9  8.2  0.009900  6.9-99.9-99.9-99.9 3.3 3211.7 57  9.3   6  4.8 7.3 1.9
5036619760616 17.9 10.3  0.009900  7.4-99.9-99.9-99.9 0.0  0 8.9 60  5.3   8  6.4 3.7 1.8
5036619760617 20.2  9.2  0.009900  7.1-99.9-99.9-99.9 6.5 62 9.6 62  6.4   6  4.810.8 1.6
5036619760618 22.0  5.2  0.009900  2.8-99.9-99.9-99.9 6.0 5810.5 70  7.7   2  1.610.2 1.1
5036619760619 23.2  6.9  0.009900  3.7-99.9-99.9-99.9 6.0 5811.9 72  9.5   6  4.810.2 1.4
5036619760620 23.1  9.8  0.009900-99.9-99.9-99.9-99.9 6.1 5913.7 74 11.6   2  1.610.3 1.2
5036619760621 26.7 11.3  0.009900  7.7-99.9-99.9-99.9 7.4 7115.2 71 13.2   4  3.211.8 1.6
5036619760622 27.0 12.2  0.009900 10.1-99.9-99.9-99.9 7.5 7216.3 75 14.3   4  3.211.9 1.6
5036619760623 28.2 12.8  0.009900  9.8-99.9-99.9-99.9 7.4 7117.1 74 15.0   6  4.811.8 1.8
5036619760624 24.6 12.7  0.009900  9.7-99.9-99.9-99.9 5.7 5516.2 73 14.2  10  8.0 9.9 1.8
5036619760625 20.7 11.7  0.009900 11.6-99.9-99.9-99.9 0.0  0 7.4 50  2.7   8  6.4 3.7 2.4
5036619760626 11.7  9.0  0.009900  7.6-99.9-99.9-99.9 0.0  0 8.2 67  4.1   1  0.8 3.7 1.0
5036619760627 18.4  3.1  0.009900  0.7-99.9-99.9-99.9 8.2 79 7.2 59  2.3   6  4.812.7 1.3
5036619760628 19.2  2.1  0.009900 -1.1-99.9-99.9-99.9 6.4 61 7.1 56  2.1   3  2.410.7 1.2
5036619760629 17.2  3.0  0.009900  1.4-99.9-99.9-99.9 7.0 67 6.8 57  1.5   5  4.011.4 1.3
5036619760630 15.6  3.8  0.009900  2.6-99.9-99.9-99.9 7.0 67 7.3 64  2.5   2  1.611.4 1.0
5036619760701 16.9  0.8  0.009900 -1.1-99.9-99.9-99.9 5.7 55 6.5 61  0.9   1  0.810.0 0.9
5036619760702 18.2  1.4  0.009900 -1.2-99.9-99.9-99.9 6.0 57 7.3 61  2.5   2  1.610.4 1.0
5036619760703 17.3  3.3  0.009900 -0.3-99.9-99.9-99.9 7.1 68 6.6 54  1.1   6  4.811.6 1.4
5036619760704 17.6  2.2  0.009900  0.5-99.9-99.9-99.9 4.6 44 6.6 58  1.1   6  4.8 8.9 1.4
5036619760705 21.0  2.4  0.009900  0.7-99.9-99.9-99.9 5.4 52 7.5 58  2.9   5  4.0 9.8 1.4
5036619760706 20.4  4.0  0.009900  1.7-99.9-99.9-99.9 7.2 69 8.3 59  4.3   2  1.611.8 1.2
5036619760707 17.6  6.5  0.009900  3.5-99.9-99.9-99.9 0.9  9 9.7 64  6.5   9  7.2 4.8 1.4
5036619760708 15.0  5.5  0.009900  5.5-99.9-99.9-99.9 0.0  0 5.9 59 -0.5   5  4.0 3.8 1.6
5036619760709 15.1  2.6  0.009900 -0.1-99.9-99.9-99.9 6.5 62 5.5 52 -1.4   6  4.811.1 1.4
5036619760710 17.3 -0.7  0.009900 -3.4-99.9-99.9-99.9 7.3 69 5.2 49 -2.2   7  5.612.0 1.5
5036619760711 14.6  1.3  0.009900 -0.6-99.9-99.9-99.9 4.8 46 6.2 55  0.2   5  4.0 9.3 1.2
5036619760712 18.9  0.4  0.009900 -1.3-99.9-99.9-99.9 5.9 56 6.2 55  0.2   2  1.610.5 1.2
5036619760713 20.6  1.1  0.009900 -2.1-99.9-99.9-99.9 4.9 46 6.2 48  0.2   2  1.6 9.4 1.3
5036619760714 18.3  2.0  0.009900  2.0-99.9-99.9-99.9 4.8 45 6.0 52 -0.2   2  1.6 9.3 1.2
5036619760715 19.9  2.0  0.009900 -1.1-99.9-99.9-99.9 5.9 56 7.0 54  1.9   6  4.810.6 1.5
5036619760716 22.6  3.7  0.009900  0.6-99.9-99.9-99.9 6.4 60 8.2 57  4.1   1  0.811.2 1.3
5036619760717 24.4  4.9  0.009900  2.6-99.9-99.9-99.9 6.4 60 8.6 50  4.8   7  5.611.3 1.9
5036619760718 26.2  7.8  0.009900  4.3-99.9-99.9-99.9 5.3 5010.9 58  8.2   2  1.610.1 1.5
5036619760719 27.4 10.6  0.009900  7.1-99.9-99.9-99.9 2.5 2314.0 63 12.0   5  4.0 6.9 1.8
5036619760720 27.8 13.3  0.009900  9.9-99.9-99.9-99.9 4.3 4015.8 62 13.8   4  3.2 9.0 1.8
5036619760721 26.7 16.0  0.009900 12.4-99.9-99.9-99.9 5.0 4714.7 59 12.7   1  0.8 9.9 1.7
5036619760722 27.8 13.0  0.009900-99.9-99.9-99.9-99.9 5.7 5315.7 65 13.7   4  3.210.7 1.9
5036619760723 22.9 12.3  0.009900  9.8-99.9-99.9-99.9 2.8 2614.8 74 12.8   2  1.6 7.4 1.4
5036619760724 18.5 12.3  0.619900 10.5-99.9-99.9-99.9 0.0  014.5 79 12.5   2  1.6 4.1 1.0
5036619760725 16.4 12.3  0.319900 11.8-99.9-99.9-99.9 0.0  012.8 83 10.6   2  1.6 4.1 1.0
5036619760726 17.9 10.6  0.009900 10.4-99.9-99.9-99.9 0.3  311.4 71  8.9   6  4.8 4.5 1.4
5036619760727 14.7 10.7  0.009900  7.1-99.9-99.9-99.9 0.0  012.2 86  9.9   6  4.8 4.2 1.0
5036619760728 16.4 11.4  0.009900 11.4-99.9-99.9-99.9 0.0  012.8 83 10.6   2  1.6 4.2 1.0
5036619760729 20.5  5.7  0.009900  3.2-99.9-99.9-99.9 1.3 1211.8 71  9.4   1  0.8 5.8 1.0
5036619760730 17.5 11.4  1.319900  8.7-99.9-99.9-99.9 0.0  014.5 80 12.5   4  3.2 4.3 0.9
5036619760731 15.7 11.9  5.819900-99.9-99.9-99.9-99.9 0.0  013.7 93 11.6   9  7.2 4.3 1.1
5036619760801 12.2 10.5  2.319900 10.2-99.9-99.9-99.9 0.0  012.8 95 10.6  11  8.8 4.3 0.8
5036619760802 12.0  9.3  5.019900  9.7-99.9-99.9-99.9 0.0  011.8 96  9.4   9  7.2 4.4 0.8
5036619760803 11.4  8.0  0.819900  7.7-99.9-99.9-99.9 0.0  011.0 91  8.4   6  4.8 4.4 0.8
5036619760804 18.6  6.7  0.009900  4.4-99.9-99.9-99.9 8.7 8010.3 70  7.4   4  3.215.1 1.6
5036619760805 19.2  4.9  0.009900  3.7-99.9-99.9-99.9 8.4 77 9.7 69  6.5   5  4.014.8 1.7
5036619760806 19.8  4.3  0.009900  0.9-99.9-99.9-99.9-9.9 9910.1 73  7.1  10  8.0-9.9-9.9
5036619760807 18.6  5.7  0.009900  2.4-99.9-99.9-99.9 4.6 4210.3 70  7.4  11  8.810.3 1.8
5036619760808 21.5  9.1  0.009900  5.4-99.9-99.9-99.9 3.0 2710.6 57  7.8  11  8.8 8.3 2.3
5036619760809 18.0 10.5  0.009900 10.5-99.9-99.9-99.9 4.7 43 9.6 63  6.4  10  8.010.5 2.2
5036619760810 20.0  6.2  0.009900  4.2-99.9-99.9-99.9 6.9 62 9.0 61  5.4   9  7.213.4 2.2
5036619760811 21.0  7.8  0.009900  5.4-99.9-99.9-99.9 5.2 4710.3 61  7.4  12  9.611.3 2.4
5036619760812 20.5  6.4  0.009900  2.8-99.9-99.9-99.9 6.4 5810.3 69  7.4   6  4.812.9 1.9
5036619760813 18.4  7.8  0.009900  3.8-99.9-99.9-99.9 0.1  1 9.4 59  6.1   9  7.2 4.8 1.9
5036619760814 17.7  8.4  0.009900  7.1-99.9-99.9-99.9 4.3 39 6.8 50  1.5  11  8.810.3 2.7
5036619760815 23.5  3.1  0.009900 -0.3-99.9-99.9-99.9 7.8 70 8.3 55  4.3   6  4.814.9 2.2
5036619760816 22.7  4.8  0.009900  1.7-99.9-99.9-99.9 6.8 61 7.5 48  2.9  12  9.613.7 2.9
5036619760817 17.3  9.9  0.009900  7.2-99.9-99.9-99.9 2.7 24 6.8 48  1.5  12  9.6 8.4 2.9
5036619760818 23.0  7.2  0.009900  2.7-99.9-99.9-99.9 8.9 79 7.7 49  3.2   6  4.816.6 2.5
5036619760819 21.7  4.2  0.009900  1.9-99.9-99.9-99.9 6.5 58 7.9 52  3.6   6  4.813.5 2.2
5036619760820 26.0  6.1  0.009900  1.3-99.9-99.9-99.9 8.2 73 8.5 46  4.6  10  8.015.9 3.0
5036619760821 26.9  6.8  0.009900  2.8-99.9-99.9-99.9 8.5 75 9.9 50  6.8  10  8.016.4 3.0
5036619760822 26.5  8.1  0.009900  4.5-99.9-99.9-99.9 8.2 72 9.0 47  5.4   2  1.616.0 2.3
5036619760823 27.5  7.0  0.009900  4.6-99.9-99.9-99.9 8.6 76 9.7 48  6.5  10  8.016.7 3.2
5036619760824 28.0  9.3  0.009900  7.0-99.9-99.9-99.9 7.4 6510.1 47  7.1  14 11.215.1 3.8
5036619760825 20.0  9.6  0.009900  6.3-99.9-99.9-99.9 0.0  0 8.9 63  5.3  10  8.0 5.1 2.4
5036619760826 14.3  7.3  0.009900  4.5-99.9-99.9-99.9 0.3  3 8.7 65  5.0  13 10.4 5.5 1.9
5036619760827 24.7  6.0  0.009900  3.2-99.9-99.9-99.9 8.8 77 8.1 48  3.9   7  5.617.3 2.8
5036619760828 27.6  6.3  0.009900  2.9-99.9-99.9-99.9 9.4 82 7.3 35  2.5  18 14.418.2 4.5
5036619760829 28.9  7.4  0.009900  5.0-99.9-99.9-99.9 9.2 80 8.5 43  4.6  14 11.218.1 4.1
5036619760830 27.5 10.2  0.009900  4.7-99.9-99.9-99.9 9.1 7910.7 50  8.0   9  7.218.0 3.5
5036619760831 28.3 12.1  0.009900  9.6-99.9-99.9-99.9 8.0 6911.5 46  9.0   6  4.816.6 3.2
5036619760901 25.9 11.3  0.009900  9.0-99.9-99.9-99.9 8.1 7013.2 59 11.1   7  5.616.8 3.0
5036619760902 20.3 13.3  0.009900 11.0-99.9-99.9-99.9 0.0  012.3 69 10.0   6  4.8 5.4 1.9
5036619760903 17.0 12.0  0.009900 11.7-99.9-99.9-99.9 0.0  0 8.5 53  4.6   3  2.4 5.4 1.9
5036619760904 15.7  5.6  2.419900  3.5-99.9-99.9-99.9 0.0  0 7.5 53  2.9  13 10.4 5.5 2.3
5036619760905 11.8  4.0  3.919900  4.3-99.9-99.9-99.9 0.0  0 8.0 95  3.8  11  8.8 5.5 1.5
5036619760906  4.9  3.0  2.919900  2.9-99.9-99.9-99.9 0.0  0 7.5 93  2.9   9  7.2 5.5 0.8
5036619760907  8.1  3.7  0.419900  3.5-99.9-99.9-99.9 0.2  2 7.8 86  3.4   8  6.4 5.9 1.1
5036619760908  9.7  4.7  0.009900  4.4-99.9-99.9-99.9 0.0  0 7.2 70  2.3  12  9.6 5.6 1.6
5036619760909 11.1  5.8  0.009900  2.0-99.9-99.9-99.9 1.2 10 7.5 72  2.9   8  6.4 7.4 1.7
5036619760910 18.1  2.6  0.009900  0.1-99.9-99.9-99.9 3.6 31 7.0 55  1.9  10  8.011.0 2.4
5036619760911 18.4  3.5  0.009900  0.1-99.9-99.9-99.9 4.3 36 8.0 53  3.8   7  5.612.1 2.2
5036619760912 18.5 10.2  0.009900  8.4-99.9-99.9-99.9 1.1  9 9.2 59  5.8  10  8.0 7.4 2.5
5036619760913 21.2 10.3  0.009900  6.7-99.9-99.9-99.9 5.2 44 9.8 57  6.7   9  7.213.6 3.0
5036619760914 23.2  6.4  0.009900  4.2-99.9-99.9-99.9 4.9 41 8.8 52  5.1   8  6.413.2 2.9
5036619760915 29.1  7.9  0.009900  5.0-99.9-99.9-99.9 7.8 65 9.1 42  5.6  12  9.617.6 4.2
5036619760916 33.4 10.7  0.009900  6.8-99.9-99.9-99.9 9.1 76 9.1 32  5.6   7  5.619.7 4.2
5036619760917 33.0 13.1  0.009900  9.4-99.9-99.9-99.9 7.2 60 9.6 33  6.4   7  5.616.9 4.1
5036619760918 25.1 12.4  0.009900  9.7-99.9-99.9-99.9 0.0  010.6 50  7.8   8  6.4 6.0 2.8
5036619760919 27.9 11.9  0.009900  8.5-99.9-99.9-99.9 4.6 3811.0 47  8.4   6  4.813.1 3.2
5036619760920 31.3 13.0  0.009900 10.9-99.9-99.9-99.9 5.1 4213.7 49 11.6   7  5.613.9 3.6
5036619760921 32.9 15.3  0.119900 11.8-99.9-99.9-99.9 4.5 3715.6 49 13.6   6  4.813.0 3.6
5036619760922 26.1 19.4  0.009900 16.6-99.9-99.9-99.9 0.7  614.6 53 12.6   5  4.0 7.2 2.7
5036619760923 32.5 15.9  0.009900 13.4-99.9-99.9-99.9 4.1 3417.0 57 15.0  11  8.812.5 4.0
5036619760924 26.2 16.9  0.009900 14.1-99.9-99.9-99.9 2.4 2015.6 62 13.6   7  5.6 9.9 2.9
5036619760925 28.6 17.0  0.009900 13.9-99.9-99.9-99.9 0.0  017.1 56 15.0  12  9.6 6.2 3.0
5036619760926 32.7 15.5  0.009900 12.8-99.9-99.9-99.9 4.7 3817.5 52 15.4   4  3.213.7 3.4
5036619760927 36.6 21.5  0.009900 17.0-99.9-99.9-99.9 5.8 4717.7 48 15.6   9  7.215.4 4.9
5036619760928 37.1 17.6  0.009900 14.7-99.9-99.9-99.9 5.6 4616.5 40 14.5   7  5.615.2 4.4
5036619760929 30.6 19.0  0.009900 18.2-99.9-99.9-99.9 0.0  015.7 66 13.7  11  8.8 6.4 3.6
5036619760930 22.8 15.8  0.009900 14.3-99.9-99.9-99.9 0.0  0 8.9 37  5.3   9  7.2 6.4 3.4
5036619761001 27.4 15.2  0.009900 11.8-99.9-99.9-99.9 4.3 35 8.4 36  4.5  22 17.613.3 6.2
5036619761002 29.9  9.4  0.009900  6.5-99.9-99.9-99.9 5.8 47 8.5 29  4.6  14 11.215.8 4.8
5036619761003 30.8 12.5  0.009900  8.9-99.9-99.9-99.9 5.5 4411.2 37  8.6  13 10.415.4 4.7
5036619761004 26.5 15.4  0.009900 11.4-99.9-99.9-99.9 5.5 44 7.8 28  3.4  15 12.015.4 5.3
5036619761005 28.5 11.8  0.009900 10.1-99.9-99.9-99.9 5.4 4311.2 47  8.6  12  9.615.3 4.3
5036619761006 31.5 13.6  0.009900 11.7-99.9-99.9-99.9 3.0 2410.4 38  7.5  12  9.611.5 4.6
5036619761007 31.0 15.7  0.009900 13.2-99.9-99.9-99.9 3.3 2615.0 47 13.0  14 11.212.0 4.4
5036619761008 28.4 17.1 18.619900 16.5-99.9-99.9-99.9 5.9 4717.2 64 15.1  14 11.216.3 4.5
5036619761009 25.4 11.9  1.919900 12.0-99.9-99.9-99.9-9.9 9913.5 90 11.4   9  7.2-9.9-9.9
5036619761010 13.9 11.2  0.819900 11.2-99.9-99.9-99.9-9.9 9913.1 90 11.0   7  5.6-9.9-9.9
5036619761011 18.6 12.4  0.009900 12.3-99.9-99.9-99.9-9.9 9914.8 82 12.8   6  4.8-9.9-9.9
5036619761012 27.0 13.6  0.009900 12.1-99.9-99.9-99.9-9.9 9918.8 70 16.5   6  4.8-9.9-9.9
5036619761013 33.0 16.7  0.009900 14.1-99.9-99.9-99.9-9.9 9921.1 57 18.4   9  7.2-9.9-9.9
5036619761014 29.2 17.5  0.009900 16.6-99.9-99.9-99.9-9.9 9913.8 51 11.8   9  7.2-9.9-9.9
5036619761015 31.5 13.8  0.009900  9.9-99.9-99.9-99.9-9.9 9915.7 51 13.7   7  5.6-9.9-9.9
5036619761016 34.6 18.6  0.009900 15.7-99.9-99.9-99.9-9.9 9917.8 47 15.7  10  8.0-9.9-9.9
5036619761017 27.0 15.9  0.009900 13.7-99.9-99.9-99.9-9.9 9911.0 46  8.4  11  8.8-9.9-9.9
5036619761018 21.1 14.6  0.009900 10.7-99.9-99.9-99.9-9.9 9910.0 51  7.0   3  2.4-9.9-9.9
5036619761019 24.0 11.3  0.009900 10.5-99.9-99.9-99.9-9.9 99 9.1 43  5.6   9  7.2-9.9-9.9
5036619761020 27.4  9.5  0.009900  6.8-99.9-99.9-99.9-9.9 99 7.9 29  3.6  18 14.4-9.9-9.9
5036619761021 30.6 10.1  0.009900  6.3-99.9-99.9-99.9-9.9 99 8.4 28  4.5  14 11.2-9.9-9.9
5036619761022 30.4 12.0  0.009900  7.2-99.9-99.9-99.9-9.9 9911.3 38  8.8   6  4.8-9.9-9.9
5036619761023 30.6 14.0  0.009900  9.5-99.9-99.9-99.9-9.9 9911.5 38  9.0   6  4.8-9.9-9.9
5036619761024 29.6 13.5  0.009900  9.4-99.9-99.9-99.9-9.9 9912.1 41  9.8  14 11.2-9.9-9.9
5036619761025 29.2 17.8  0.119900 15.8-99.9-99.9-99.9-9.9 9912.7 41 10.5  10  8.0-9.9-9.9
5036619761026 27.6 15.9 22.119900 13.7-99.9-99.9-99.9-9.9 9914.7 54 12.7   8  6.4-9.9-9.9
5036619761027 27.0 16.2  2.419900 16.7-99.9-99.9-99.9-9.9 9918.1 73 15.9   9  7.2-9.9-9.9
5036619761028 22.0 17.7  0.119900 16.9-99.9-99.9-99.9-9.9 9918.9 84 16.6  11  8.8-9.9-9.9
5036619761029 28.8 17.9  0.009900 16.9-99.9-99.9-99.9-9.9 9920.3 69 17.7   6  4.8-9.9-9.9
5036619761030 35.2 20.9  0.009900 18.5-99.9-99.9-99.9-9.9 9917.5 47 15.4  17 13.6-9.9-9.9
5036619761031 26.7 17.2  0.009900 16.5-99.9-99.9-99.9-9.9 9917.4 68 15.3  10  8.0-9.9-9.9
5036619761101 28.0 19.0  0.009900 17.1-99.9-99.9-99.9-9.9 9918.0 68 15.8  12  9.6-9.9-9.9
5036619761102 32.4 16.3  0.819900 14.1-99.9-99.9-99.9-9.9 9921.6 60 18.7   4  3.2-9.9-9.9
5036619761103 30.0 18.9  0.009900 13.8-99.9-99.9-99.9-9.9 9916.3 51 14.3  12  9.6-9.9-9.9
5036619761104 26.4 17.6  1.619900 15.8-99.9-99.9-99.9-9.9 9915.5 60 13.5   9  7.2-9.9-9.9
5036619761105 21.5 12.5  1.519900 10.8-99.9-99.9-99.9-9.9 9913.3 72 11.2   7  5.6-9.9-9.9
5036619761106 29.1 12.3  0.009900  8.9-99.9-99.9-99.9-9.9 9912.0 40  9.7  12  9.6-9.9-9.9
5036619761107 32.9 15.3  0.009900 11.7-99.9-99.9-99.9-9.9 9914.6 45 12.6  11  8.8-9.9-9.9
5036619761108 34.5 21.8  0.009900 17.8-99.9-99.9-99.9-9.9 9912.7 35 10.5  10  8.0-9.9-9.9
5036619761109 35.9 20.1  0.009900 14.4-99.9-99.9-99.9-9.9 9911.5 28  9.0  15 12.0-9.9-9.9
5036619761110 35.8 19.8  0.009900 13.8-99.9-99.9-99.9-9.9 9913.1 33 11.0  10  8.0-9.9-9.9
5036619761111 29.0 20.7  0.009900 17.9-99.9-99.9-99.9-9.9 9915.5 45 13.5  14 11.2-9.9-9.9
5036619761112 31.9 20.6  0.009900 17.0-99.9-99.9-99.9-9.9 9917.6 50 15.5   8  6.4-9.9-9.9
5036619761113 33.1 19.6  0.009900 16.2-99.9-99.9-99.9-9.9 9914.7 43 12.7  16 12.8-9.9-9.9
5036619761114 37.0 17.6  0.009900 15.1-99.9-99.9-99.9-9.9 9917.1 40 15.0   9  7.2-9.9-9.9
5036619761115 33.9 19.9 11.119900 16.4-99.9-99.9-99.9-9.9 9918.8 47 16.5  12  9.6-9.9-9.9
5036619761116 29.6 18.9 16.919900 19.0-99.9-99.9-99.9-9.9 9921.8 94 18.9  14 11.2-9.9-9.9
5036619761117 20.6 15.5  0.219900 15.4-99.9-99.9-99.9-9.9 9917.1 82 15.0  12  9.6-9.9-9.9
5036619761118 21.6 15.5  0.319900 12.9-99.9-99.9-99.9-9.9 9915.9 69 13.9  13 10.4-9.9-9.9
5036619761119 31.0 15.1  0.009900 11.8-99.9-99.9-99.9-9.9 9913.9 46 11.9  11  8.8-9.9-9.9
5036619761120 33.1 17.6  0.009900 17.3-99.9-99.9-99.910.7 7916.8 50 14.8   7  5.626.4 6.0
5036619761121 34.1 18.0  0.009900 15.3-99.9-99.9-99.9 7.8 5817.0 46 15.0   6  4.821.4 5.3
5036619761122 30.2 20.0  0.009900 17.2-99.9-99.9-99.9 9.8 7218.4 55 16.2  12  9.624.9 6.2
5036619761123 35.2 18.4  9.619900 15.9-99.9-99.9-99.9 8.5 6318.4 48 16.2  10  8.022.6 6.1
5036619761124 29.1 16.8  1.919900 18.9-99.9-99.9-99.9 0.7  516.3 61 14.3  15 12.0 9.0 4.0
5036619761125 28.8 14.9  0.009900 14.5-99.9-99.9-99.9 7.4 5417.6 62 15.5   8  6.420.7 4.6
5036619761126 34.4 17.5  0.519900 15.7-99.9-99.9-99.9 7.6 5620.4 53 17.8   9  7.221.1 5.4
5036619761127 34.0 21.4  4.619900 21.0-99.9-99.9-99.9 6.3 4621.3 55 18.5  11  8.818.9 5.6
5036619761128 29.5 18.1  0.009900 17.9-99.9-99.9-99.9 4.8 3520.5 70 17.9   4  3.216.2 3.8
5036619761129 31.7 19.1  0.009900 16.3-99.9-99.9-99.9 8.6 6319.7 56 17.3   8  6.422.9 5.5
5036619761130 27.6 20.5  2.719900 18.6-99.9-99.9-99.9 7.6 5621.4 72 18.6   9  7.221.2 5.0
5036619761201 30.5 19.1  0.319900 17.0-99.9-99.9-99.9 3.6 2620.1 70 17.6  11  8.814.2 4.3
5036619761202 29.4 19.2  7.019900 19.3-99.9-99.9-99.9 2.2 1620.6 75 18.0  10  8.011.7 3.7
5036619761203 23.8 17.8  0.719900 17.8-99.9-99.9-99.9 0.3  219.3 77 16.9   9  7.2 8.4 2.5
5036619761204 28.8 19.7  0.009900 19.2-99.9-99.9-99.9 2.1 1521.2 68 18.4  10  8.011.6 3.6
5036619761205 31.8 18.8  0.009900 17.3-99.9-99.9-99.9 5.4 3922.4 64 19.3   7  5.617.4 4.4
5036619761206 33.0 23.2 26.319900 22.0-99.9-99.9-99.9 4.9 3626.2 64 21.9   9  7.216.5 4.8
5036619761207 28.9 19.0  2.619900 18.9-99.9-99.9-99.9 0.0  020.9 90 18.2   7  5.6 7.9 2.8
5036619761208 30.6 16.4  0.009900 14.3-99.9-99.9-99.9 9.2 6718.7 57 16.4   9  7.224.1 5.5
5036619761209 31.3 16.7  0.009900 14.7-99.9-99.9-99.910.3 7520.4 56 17.8  12  9.626.0 6.0
5036619761210 31.5 20.2  0.009900 17.8-99.9-99.9-99.9 4.8 3521.2 60 18.4   9  7.216.4 4.6
5036619761211 34.6 20.8  0.009900 18.1-99.9-99.9-99.9 5.5 4020.5 50 17.9   9  7.217.6 5.3
5036619761212 40.0 22.0  0.009900 18.2-99.9-99.9-99.9 8.5 6219.4 37 17.0  11  8.822.9 7.1
5036619761213 38.5 27.1  0.009900 21.3-99.9-99.9-99.9 8.6 6222.6 46 19.5  12  9.623.1 7.5
5036619761214 36.5 23.1  1.919900 22.1-99.9-99.9-99.9 7.3 5322.7 56 19.5  26 20.820.8 8.2
5036619761215 24.4 20.3  0.219900 19.3-99.9-99.9-99.9 0.2  118.2 73 16.0  11  8.8 8.3 3.1
5036619761216 28.5 13.0  0.009900 11.0-99.9-99.9-99.9 7.4 5414.3 49 12.3   9  7.221.0 4.8
5036619761217 30.0 15.0  0.009900 13.4-99.9-99.9-99.9 8.4 6116.7 56 14.7  17 13.622.8 5.9
5036619761218 33.1 17.3  2.019900 14.8-99.9-99.9-99.9 7.1 5120.0 57 17.5  10  8.020.5 5.3
5036619761219 33.0 18.7 17.719900 17.3-99.9-99.9-99.9 6.6 4821.0 57 18.3  21 16.819.6 6.3
5036619761220 28.2 19.4  9.019900 20.2-99.9-99.9-99.9 0.0  022.9 97 19.7  10  8.0 8.0 2.7
5036619761221 23.1 19.7 21.019900 18.9-99.9-99.9-99.9 0.0  023.3 94 20.0  10  8.0 8.0 2.0
5036619761222 26.6 20.1  4.219900 19.8-99.9-99.9-99.9 0.7  524.0 90 20.4   9  7.2 9.2 2.6
5036619761223 25.5 18.5  5.019900 18.1-99.9-99.9-99.9 0.6  421.9 79 19.0  14 11.2 9.0 2.7
5036619761224 31.4 18.3  0.009900 17.8-99.9-99.9-99.9 8.4 6123.5 70 20.1   8  6.422.8 5.2
5036619761225 34.2 19.7  0.009900 18.1-99.9-99.9-99.9 9.8 7122.4 61 19.3   8  6.425.2 6.2
5036619761226 30.7 23.3  0.009900 20.7-99.9-99.9-99.9 8.5 6226.7 70 22.2  14 11.222.9 6.0
5036619761227 32.7 22.0 42.619900 20.7-99.9-99.9-99.9 6.3 4625.7 71 21.5  12  9.619.1 5.3
5036619761228 25.7 17.6  0.009900 16.9-99.9-99.9-99.9 0.1  118.7 82 16.4   9  7.2 8.1 2.7
5036619761229 29.6 16.5  0.009900 15.6-99.9-99.9-99.9 9.3 6822.7 73 19.5   9  7.224.4 5.1
5036619761230 31.6 21.7  0.009900 19.3-99.9-99.9-99.9 0.1  126.1 70 21.8   7  5.6 8.1 2.8
5036619761231 34.3 23.0  7.519900 20.3-99.9-99.9-99.9 6.6 4827.6 65 22.7  11  8.819.6 5.5
5036619770101 30.6 20.7 25.519900 20.3-99.9-99.9-99.9 3.3 2424.7 81 20.9   9  7.213.8 3.8
5036619770102 32.9 21.7 31.219900 19.4-99.9-99.9-99.9 7.0 5126.3 71 21.9  11  8.820.3 5.4
5036619770103 27.1 18.9  8.019900 19.0-99.9-99.9-99.9 2.0 1522.1 85 19.1  12  9.611.5 3.3
5036619770104 28.2 18.6  1.519900 17.0-99.9-99.9-99.9 4.3 3121.4 70 18.6  12  9.615.5 4.1
5036619770105 30.4 17.5  0.009900 16.3-99.9-99.9-99.9 6.6 4820.7 65 18.1   5  4.019.6 4.5
5036619770106 32.4 19.0  0.009900 16.8-99.9-99.9-99.9 9.8 7119.5 53 17.1  14 11.225.2 6.6
5036619770107 35.5 20.9  0.009900 17.1-99.9-99.9-99.910.1 7422.6 56 19.5  15 12.025.7 7.2
5036619770108 37.0 22.8  0.009900 19.3-99.9-99.9-99.911.0 8019.0 44 16.7  15 12.027.3 8.1
5036619770109 36.3 22.2  0.009900 18.7-99.9-99.9-99.9 6.9 5023.1 53 19.8   7  5.620.1 5.6
5036619770110 36.2 23.2  2.719900 19.7-99.9-99.9-99.9 8.8 6424.0 60 20.4   8  6.423.4 6.3
5036619770111 30.6 23.1 60.719900 21.7-99.9-99.9-99.9 5.2 3826.8 75 22.2  11  8.817.0 4.6
5036619770112 26.0 18.1 55.419900 20.5-99.9-99.9-99.9 0.0  021.3 91 18.5  19 15.2 7.9 2.9
5036619770113 30.3 20.0  0.009900 18.2-99.9-99.9-99.9 5.0 3722.9 73 19.7   7  5.616.7 4.2
5036619770114 32.2 20.7  1.519900 18.6-99.9-99.9-99.9 9.2 6827.3 73 22.5   6  4.824.0 5.5
5036619770115 31.4 22.0  0.319900 20.9-99.9-99.9-99.9 4.3 3226.3 76 21.9  11  8.815.4 4.3
5036619770116 29.2 20.4 16.619900 13.3-99.9-99.9-99.9 1.3 1025.7 87 21.5  13 10.410.1 3.0
5036619770117 32.4 20.2  0.009900 18.0-99.9-99.9-99.9 9.5 7025.0 69 21.1   7  5.624.5 5.7
5036619770118 33.8 19.6 31.319900 16.0-99.9-99.9-99.9 8.1 6024.5 64 20.8   6  4.822.0 5.3
5036619770119 30.9 19.7  0.009900 19.3-99.9-99.9-99.9 6.8 5023.3 72 20.0   9  7.219.7 4.9
5036619770120 32.5 20.3  0.009900 17.9-99.9-99.9-99.9 8.0 5923.7 66 20.2   6  4.821.8 5.2
5036619770121 32.6 20.9 66.719900 19.9-99.9-99.9-99.9 7.8 5826.0 70 21.7   8  6.421.5 5.2
5036619770122 28.6 18.5  0.009900 18.2-99.9-99.9-99.9 5.7 4221.8 77 18.9  10  8.017.8 4.3
5036619770123 30.5 19.0  1.119900 17.7-99.9-99.9-99.9 7.7 5722.9 72 19.7  11  8.821.2 5.1
5036619770124 29.2 19.9  0.009900 18.3-99.9-99.9-99.9 7.6 5718.1 59 15.9  17 13.621.0 6.1
5036619770125 30.4 17.3  0.009900 15.1-99.9-99.9-99.9 8.7 6520.2 65 17.7  12  9.623.0 5.5
5036619770126 31.5 19.3  0.009900 17.0-99.9-99.9-99.910.2 7622.1 63 19.1  12  9.625.6 6.1
5036619770127 35.4 19.8  0.009900 18.1-99.9-99.9-99.9 8.8 6624.5 64 20.8  17 13.623.1 6.5
5036619770128 34.4 23.7  2.319900 20.3-99.9-99.9-99.910.1 7625.4 58 21.4  17 13.625.3 7.3
5036619770129 31.1 19.8 16.719900 19.4-99.9-99.9-99.9 0.0  022.8 95 19.6  14 11.2 7.6 3.3
5036619770130 22.0 18.7 35.119900 18.0-99.9-99.9-99.9 0.0  021.9 95 19.0  22 17.6 7.6 2.1
5036619770131 19.3 15.7 12.219900 15.6-99.9-99.9-99.9 0.0  017.5 92 15.4  17 13.6 7.6 2.1
5036619770201 21.7 14.0  0.419900 13.8-99.9-99.9-99.9 1.3 1017.1 84 15.0  13 10.4 9.8 2.5
5036619770202 27.3 14.1  0.009900 12.1-99.9-99.9-99.9 7.8 5919.0 70 16.7   9  7.221.1 4.3
5036619770203 29.5 19.3  0.719900 17.8-99.9-99.9-99.9 7.1 5421.3 69 18.5  14 11.219.9 5.1
5036619770204 27.3 20.4  0.919900 19.6-99.9-99.9-99.9 5.5 4222.6 79 19.5   9  7.217.1 4.1
5036619770205 23.5 18.8  4.519900 19.5-99.9-99.9-99.9 0.0  022.4 91 19.3  13 10.4 7.5 2.1
5036619770206 27.6 18.6  0.009900 16.4-99.9-99.9-99.9 2.1 1621.9 74 19.0   7  5.611.1 2.9
5036619770207 30.9 22.0  0.009900 20.7-99.9-99.9-99.9 6.3 4825.0 74 21.1   7  5.618.4 4.6
5036619770208 33.5 20.8  2.619900 18.8-99.9-99.9-99.910.0 7625.9 67 21.7  15 12.024.7 6.3
5036619770209 29.8 19.8 23.819900 20.3-99.9-99.9-99.9 0.0  024.2 90 20.6  20 16.0 7.4 3.2
5036619770210 21.1 14.0 11.319900 16.9-99.9-99.9-99.9 0.0  017.6 96 15.5  15 12.0 7.4 2.0
5036619770211 23.2 13.8  0.009900 13.0-99.9-99.9-99.9 1.1  815.9 72 13.9  11  8.8 9.3 2.7
5036619770212 24.0 16.0  0.009900 14.3-99.9-99.9-99.9 4.1 3118.7 78 16.4  11  8.814.4 3.3
5036619770213 27.3 16.6  3.119900 14.5-99.9-99.9-99.9 5.9 4522.4 77 19.3   9  7.217.5 3.7
5036619770214 24.2 18.7 26.319900 18.8-99.9-99.9-99.9 0.0  022.7 97 19.5  16 12.8 7.3 2.1
5036619770215 27.1 18.4  0.009900 17.8-99.9-99.9-99.9 6.7 5223.8 81 20.3  13 10.418.7 4.1
5036619770216 31.6 20.3  0.009900 18.9-99.9-99.9-99.9 8.4 6528.2 80 23.1  13 10.421.6 5.0
5036619770217 27.6 20.9  7.019900 22.3-99.9-99.9-99.9 1.2  925.3 86 21.3  18 14.4 9.3 2.9
5036619770218 26.7 20.1  5.019900 19.3-99.9-99.9-99.9 1.4 1124.6 88 20.8  10  8.0 9.6 2.5
5036619770219 30.5 21.7  0.009900 19.7-99.9-99.9-99.9 4.6 3627.8 85 22.8  13 10.415.0 3.9
5036619770220 34.4 21.5  0.009900 19.8-99.9-99.9-99.9 8.5 6629.0 75 23.5   6  4.821.6 5.1
5036619770221 34.1 23.2  4.019900 20.7-99.9-99.9-99.9 8.0 6227.5 71 22.7   8  6.420.6 5.3
5036619770222 32.5 21.9 40.219900 20.3-99.9-99.9-99.9 9.1 7125.6 78 21.5  12  9.622.5 5.7
5036619770223 28.6 20.3  0.009900 19.5-99.9-99.9-99.9 5.3 4227.0 86 22.4  14 11.216.0 3.7
5036619770224 33.0 21.6 55.119900 20.1-99.9-99.9-99.9 6.0 4727.7 77 22.8  11  8.817.1 4.5
5036619770225 27.0 18.8 11.119900 18.1-99.9-99.9-99.9 2.0 1623.5 86 20.1   9  7.210.3 2.6
5036619770226 28.5 21.6  2.319900 20.5-99.9-99.9-99.9 3.3 2626.2 84 21.9  13 10.412.5 3.4
5036619770227 32.4 21.3  6.319900-99.9-99.9-99.9-99.9 7.9 6228.2 78 23.1  16 12.820.1 5.1
5036619770228 28.1 12.8 46.219900 18.8-99.9-99.9-99.9 0.0  017.9 96 15.8  29 23.2 6.9 3.4
5036619770301 23.1 11.9  0.009900 10.9-99.9-99.9-99.9 1.1  913.7 68 11.6  12  9.6 8.7 2.7
5036619770302 23.3 16.3  0.009900 15.8-99.9-99.9-99.9 0.9  716.5 72 14.5  11  8.8 8.3 2.7
5036619770303 25.7 16.0  0.009900 14.3-99.9-99.9-99.9 5.8 4620.1 82 17.6  10  8.016.4 3.4
5036619770304 27.6 17.2  0.009900 15.4-99.9-99.9-99.9 6.5 5222.3 77 19.2  18 14.417.5 4.0
5036619770305 31.1 20.0  0.009900 17.8-99.9-99.9-99.9 9.0 7226.7 79 22.2   9  7.221.5 4.7
5036619770306 32.1 22.1  0.009900 20.4-99.9-99.9-99.9 7.0 5629.2 80 23.6   9  7.218.2 4.4
5036619770307 31.0 22.0 15.519900 21.3-99.9-99.9-99.9 0.3  227.9 86 22.9  16 12.8 7.1 2.8
5036619770308 22.0 18.1  1.819900 17.4-99.9-99.9-99.9 0.0  021.9 95 19.0   9  7.2 6.6 1.6
5036619770309 23.7 19.1  0.009900 18.7-99.9-99.9-99.9 0.0  023.9 92 20.4   9  7.2 6.6 1.6
5036619770310 31.0 20.9 44.119900 19.1-99.9-99.9-99.9 6.7 5427.5 84 22.7  17 13.617.4 4.4
5036619770311 22.4 16.8  1.419900 17.4-99.9-99.9-99.9 0.0  019.8 96 17.3  11  8.8 6.5 1.8
5036619770312 26.0 17.7  0.009900 17.0-99.9-99.9-99.9 1.5 1222.5 87 19.4  10  8.0 8.9 2.3
5036619770313 26.7 20.0  3.119900 18.3-99.9-99.9-99.9 0.9  724.1 87 20.5  11  8.8 7.9 2.3
5036619770314 28.6 20.3  0.219900 19.7-99.9-99.9-99.9 2.9 2424.1 85 20.5  11  8.811.1 3.1
5036619770315 29.0 20.4  0.009900 19.2-99.9-99.9-99.9 3.5 2925.3 79 21.3   7  5.612.0 2.9
5036619770316 31.6 21.4  1.319900 19.7-99.9-99.9-99.9 6.2 5126.8 76 22.2   9  7.216.2 4.0
5036619770317 31.4 23.3  0.009900 21.6-99.9-99.9-99.9 4.5 3728.5 82 23.2  12  9.613.4 3.8
5036619770318 32.6 18.3 34.619900 21.5-99.9-99.9-99.9 3.9 3226.3 84 21.9  18 14.412.4 3.6
5036619770319 29.2 18.3  0.009900 16.9-99.9-99.9-99.9 6.4 5321.7 71 18.8  10  8.016.3 3.8
5036619770320 28.8 18.3  0.009900 16.3-99.9-99.9-99.9 2.4 2022.5 78 19.4   8  6.4 9.9 2.7
5036619770321 29.6 19.1  0.009900 17.7-99.9-99.9-99.9 3.7 3124.3 77 20.6  12  9.611.9 3.1
5036619770322 31.4 20.7 28.719900 18.8-99.9-99.9-99.9 3.2 2725.1 78 21.2  13 10.411.1 3.4
5036619770323 23.8 17.4  2.019900 16.8-99.9-99.9-99.9 0.0  020.5 91 17.9  10  8.0 6.1 1.8
5036619770324 24.0 18.8  0.009900 17.9-99.9-99.9-99.9 0.0  021.2 88 18.4   3  2.4 6.0 1.6
5036619770325 28.9 16.9  0.009900 14.9-99.9-99.9-99.9 5.0 4221.8 74 18.9   4  3.213.7 2.9
5036619770326 31.1 18.9  0.009900 17.0-99.9-99.9-99.9 5.8 4924.5 77 20.8  10  8.014.8 3.6
5036619770327 32.1 20.2  5.719900 18.2-99.9-99.9-99.9 7.5 6325.0 70 21.1   9  7.217.3 4.1
5036619770328 27.9 16.7  2.019900 16.8-99.9-99.9-99.9 0.0  017.9 81 15.8  12  9.6 5.9 2.7
5036619770329 19.4 17.1 13.619900 16.4-99.9-99.9-99.9 0.0  019.1 95 16.8  14 11.2 5.9 1.5
5036619770330 17.6 11.8 28.619900 12.9-99.9-99.9-99.9 0.0  014.1 96 12.1  16 12.8 5.8 1.7
5036619770331 13.8  9.8  0.319900  9.2-99.9-99.9-99.9 0.0  011.9 86  9.5  11  8.8 5.8 1.4
5036619770401 18.6 11.8  0.009900 11.0-99.9-99.9-99.9 0.0  012.3 75 10.0  15 12.0 5.7 2.2
5036619770402 21.2 12.8  0.009900 12.3-99.9-99.9-99.9 4.2 3613.6 71 11.5   9  7.211.9 2.6
5036619770403 24.8 10.5  0.009900  8.0-99.9-99.9-99.9 9.5 8114.6 73 12.6   7  5.619.7 3.1
5036619770404 26.0 12.1  0.009900 11.5-99.9-99.9-99.9 8.5 7316.7 71 14.7  12  9.618.1 3.3
5036619770405 26.3 17.3  0.009900 15.1-99.9-99.9-99.9 1.6 1418.8 73 16.5   9  7.2 7.9 2.4
5036619770406 23.7 18.1 13.519900 16.8-99.9-99.9-99.9 0.0  021.1 89 18.4  16 12.8 5.5 1.9
5036619770407 19.6 17.1  8.819900 17.3-99.9-99.9-99.9 0.0  019.7 97 17.3  16 12.8 5.5 1.3
5036619770408 23.0 13.6 59.019900 11.2-99.9-99.9-99.9 1.8 1616.5 85 14.5  12  9.6 8.1 2.1
5036619770409 17.5  8.3  0.119900  7.9-99.9-99.9-99.9 7.1 6111.0 76  8.4  11  8.815.6 2.4
5036619770410 24.0  7.3  0.009900  5.9-99.9-99.9-99.911.4 9912.0 67  9.7   7  5.621.7 3.0
5036619770411 29.2 10.3  0.009900  8.8-99.9-99.9-99.911.4 9912.9 55 10.7  17 13.621.5 4.5
5036619770412 25.2 11.5  0.009900  8.7-99.9-99.9-99.910.4 9016.1 71 14.1  14 11.220.0 3.4
5036619770413 26.7 12.8  0.009900  9.8-99.9-99.9-99.9 9.4 8217.2 66 15.1   9  7.218.5 3.2
5036619770414 25.1 14.7  0.009900 12.8-99.9-99.9-99.9 2.6 2319.2 78 16.9  14 11.2 8.9 2.2
5036619770415 25.6 17.7  0.009900 14.3-99.9-99.9-99.9 0.1  121.8 81 18.9   7  5.6 5.3 1.6
5036619770416 26.9 20.3  0.719900 17.9-99.9-99.9-99.9 0.3  324.6 85 20.8  11  8.8 5.6 1.8
5036619770417 23.7 19.6 27.219900 19.6-99.9-99.9-99.9 0.0  024.0 97 20.4  14 11.2 5.1 1.4
5036619770418 22.7 18.3  3.519900 18.1-99.9-99.9-99.9 0.0  021.8 90 18.9  11  8.8 5.1 1.4
5036619770419 24.0 19.0  5.319900 18.9-99.9-99.9-99.9 0.2  222.5 95 19.4   6  4.8 5.3 1.4
5036619770420 25.5 19.0  0.009900 16.8-99.9-99.9-99.9 0.0  021.9 85 19.0  14 11.2 5.0 1.9
5036619770421 28.3 18.3  0.009900 15.9-99.9-99.9-99.9 6.4 5722.4 79 19.3  10  8.013.6 2.9
5036619770422 28.6 16.4  0.009900 13.8-99.9-99.9-99.9 7.9 7021.6 77 18.7   9  7.215.6 3.0
5036619770423 28.0 18.1  0.009900 16.3-99.9-99.9-99.9 0.6  522.3 80 19.2   9  7.2 5.7 1.9
5036619770424 28.1 17.7  0.219900 15.9-99.9-99.9-99.9 1.9 1722.0 79 19.0   8  6.4 7.4 2.0
5036619770425 26.4 19.8 28.519900 18.1-99.9-99.9-99.9 1.2 1122.1 82 19.1  12  9.6 6.4 2.2
5036619770426 22.6 17.6  2.119900 17.1-99.9-99.9-99.9 0.3  320.4 93 17.8  17 13.6 5.2 1.7
5036619770427 26.0 15.3  0.009900 13.0-99.9-99.9-99.9 7.6 6820.5 83 17.9  11  8.814.7 2.6
5036619770428 28.0 16.0  0.009900 13.8-99.9-99.9-99.9 8.2 7420.2 75 17.7  11  8.815.4 3.0
5036619770429 28.2 15.2  0.009900 12.3-99.9-99.9-99.9 6.6 6019.7 74 17.3  12  9.613.3 2.8
5036619770430 28.6 15.3  2.919900 12.5-99.9-99.9-99.9 6.1 5519.4 72 17.0  12  9.612.5 2.8
5036619770501 22.6 12.3  0.919900 11.8-99.9-99.9-99.9 0.0  013.6 84 11.5  12  9.6 4.6 2.1
5036619770502 16.8 12.1  0.009900 11.6-99.9-99.9-99.9 0.0  011.5 70  9.0  12  9.6 4.6 1.8
5036619770503 22.9 11.5  0.009900  8.7-99.9-99.9-99.9 4.7 4313.6 68 11.5  12  9.610.5 2.3
5036619770504 23.4 14.2  0.009900 12.3-99.9-99.9-99.9 7.7 7016.1 77 14.1  15 12.014.3 2.7
5036619770505 20.7 16.8  4.919900 14.5-99.9-99.9-99.9 0.0  017.8 87 15.7   7  5.6 4.5 1.4
5036619770506 16.8 11.5  1.319900 10.7-99.9-99.9-99.9 0.0  014.0 93 12.0   7  5.6 4.5 1.1
5036619770507 23.7 12.2  0.009900 11.6-99.9-99.9-99.9 6.4 5915.4 80 13.4   3  2.412.4 1.8
5036619770508 19.1 13.4  3.619900 10.9-99.9-99.9-99.9 1.3 1216.7 91 14.7  12  9.6 6.0 1.2
5036619770509 18.0 15.6  1.119900 14.7-99.9-99.9-99.9 0.0  017.5 96 15.4   8  6.4 4.4 1.0
5036619770510 16.9 14.4  2.819900 13.8-99.9-99.9-99.9 0.0  016.9 96 14.9   6  4.8 4.4 0.8
5036619770511 21.0 15.3  0.219900 14.7-99.9-99.9-99.9 0.4  417.8 85 15.7   6  4.8 4.8 1.2
5036619770512 24.1 13.7  0.009900 11.2-99.9-99.9-99.9 5.2 4818.3 80 16.1   7  5.610.6 1.7
5036619770513 25.1 13.9  0.009900 10.7-99.9-99.9-99.9 7.2 6717.0 75 15.0  10  8.013.0 2.3
5036619770514 24.8 12.8  7.519900 10.7-99.9-99.9-99.9 2.2 2017.6 75 15.5  12  9.6 6.9 1.7
5036619770515 21.0 13.7  8.719900 16.8-99.9-99.9-99.9 0.0  018.3 93 16.1  16 12.8 4.2 1.1
5036619770516 14.7  8.8  0.009900  8.1-99.9-99.9-99.9 0.3  310.1 75  7.1  11  8.8 4.6 1.5
5036619770517 17.2  5.1  0.009900  2.1-99.9-99.9-99.9 7.6 7110.2 77  7.3   9  7.213.2 1.5
5036619770518 17.6  6.5  0.009900  3.8-99.9-99.9-99.9 8.5 7910.9 76  8.2  10  8.014.2 1.6
5036619770519 19.5  6.6  0.009900  5.2-99.9-99.9-99.9 7.9 74 9.9 70  6.8  11  8.813.4 1.9
5036619770520 22.3  7.8  0.009900  4.1-99.9-99.9-99.9 7.9 7411.5 67  9.0  12  9.613.4 2.1
5036619770521 23.0  7.9  0.009900  4.9-99.9-99.9-99.9 6.6 6212.4 68 10.1   9  7.211.8 1.8
5036619770522 21.0 10.1  0.009900  6.7-99.9-99.9-99.9 6.2 5812.4 73 10.1  11  8.811.3 1.9
5036619770523 16.2 12.0  0.009900 11.5-99.9-99.9-99.9 0.0  013.5 85 11.4   8  6.4 4.0 1.1
5036619770524 20.7 10.3  0.009900  7.9-99.9-99.9-99.9 0.5  515.1 83 13.1   6  4.8 4.6 1.0
5036619770525 25.2 12.8  0.009900  9.0-99.9-99.9-99.9 6.2 5814.5 69 12.5  10  8.011.1 2.2
5036619770526 25.5  9.5  0.009900  6.4-99.9-99.9-99.9 4.3 4113.6 72 11.5   9  7.2 8.9 1.9
5036619770527 23.2 10.1  0.009900  6.9-99.9-99.9-99.9 4.8 4514.7 72 12.7  14 11.2 9.4 1.8
5036619770528 20.0 10.0  0.009900-99.9-99.9-99.9-99.9 0.9  913.6 79 11.5  13 10.4 5.0 1.4
5036619770529 19.3  7.3  0.009900  4.8-99.9-99.9-99.9 0.2  2 8.2 59  4.1   9  7.2 4.1 2.0
5036619770530 19.6  5.0  0.009900  2.4-99.9-99.9-99.9 4.5 43 9.5 70  6.2   9  7.2 9.0 1.6
5036619770531 22.0  5.9  0.009900  3.8-99.9-99.9-99.9 4.5 4311.4 70  8.9   7  5.6 8.9 1.4
5036619770601 24.2  9.1  0.009900  5.4-99.9-99.9-99.9 1.7 1613.3 74 11.2   7  5.6 5.8 1.5
5036619770602 23.1  9.8  0.009900  7.7-99.9-99.9-99.9 0.2  214.7 73 12.7  11  8.8 4.1 1.4
5036619770603 24.0 11.0  0.009900  9.9-99.9-99.9-99.9 1.0 1015.7 78 13.7   9  7.2 5.0 1.4
5036619770604 26.1 13.9  0.009900 10.7-99.9-99.9-99.9 1.5 1418.2 78 16.0  11  8.8 5.5 1.7
5036619770605 25.6 14.5  0.009900 11.9-99.9-99.9-99.9 2.5 2418.3 76 16.1  11  8.8 6.6 1.7
5036619770606 21.8 16.4  4.919900 13.6-99.9-99.9-99.9 0.0  018.9 98 16.6   8  6.4 3.8 1.1
5036619770607 16.7 15.0  1.719900 14.3-99.9-99.9-99.9 0.0  017.3 97 15.2   4  3.2 3.8 0.7
5036619770608 21.0 15.1  0.119900 14.8-99.9-99.9-99.9 1.2 1118.1 92 15.9   7  5.6 5.1 1.1
5036619770609 25.2 12.7  0.009900 10.1-99.9-99.9-99.9 7.0 6717.5 83 15.4  11  8.811.5 1.8
5036619770610 24.7 13.5  0.219900 10.7-99.9-99.9-99.9 1.8 1717.2 75 15.1  12  9.6 5.7 1.7
5036619770611 20.0 13.3  0.009900 12.8-99.9-99.9-99.9 0.0  014.8 89 12.8  10  8.0 3.7 1.4
5036619770612 21.9 10.6  0.009900  9.8-99.9-99.9-99.9 4.3 4115.4 86 13.4   3  2.4 8.5 1.1
5036619770613 23.2  9.7  0.009900  6.3-99.9-99.9-99.9 7.7 7414.1 77 12.1   7  5.612.2 1.5
5036619770614 24.2 10.6  0.319900  7.6-99.9-99.9-99.9 6.6 6314.9 76 12.9   7  5.610.9 1.5
5036619770615 17.5 11.0  1.719900  9.4-99.9-99.9-99.9 0.0  011.5 76  9.0  15 12.0 3.7 1.8
5036619770616 13.7 10.8  0.009900 10.1-99.9-99.9-99.9 0.0  011.7 85  9.3  11  8.8 3.7 1.1
5036619770617 20.6  6.7  0.009900  6.5-99.9-99.9-99.9 1.8 1712.9 77 10.7  11  8.8 5.7 1.2
5036619770618 15.2 11.2  0.009900  8.4-99.9-99.9-99.9 0.0  011.7 82  9.3  11  8.8 3.7 1.3
5036619770619 13.9 10.9  1.119900 10.1-99.9-99.9-99.9 0.0  012.0 87  9.7   9  7.2 3.7 1.0
5036619770620 12.6  8.7  3.419900  7.4-99.9-99.9-99.9 0.0  010.5 80  7.7   6  4.8 3.7 0.9
5036619770621 11.3  7.6  2.119900  6.9-99.9-99.9-99.9 0.0  010.1 92  7.1  11  8.8 3.7 0.9
5036619770622  8.7  4.9  0.919900  4.9-99.9-99.9-99.9 0.0  0 8.5 87  4.6  15 12.0 3.7 0.9
5036619770623  8.2  5.8  0.319900  5.1-99.9-99.9-99.9 0.0  0 9.0 90  5.4  14 11.2 3.7 0.8
5036619770624 16.9  0.8  0.009900 -1.7-99.9-99.9-99.9 4.8 46 6.9 66  1.7   7  5.6 8.9 1.3
5036619770625 16.7  2.1  0.009900 -0.9-99.9-99.9-99.9 2.5 24 8.2 70  4.1   6  4.8 6.4 1.1
5036619770626 16.3  3.5  0.009900 -0.1-99.9-99.9-99.9 0.0  0 8.5 72  4.6   7  5.6 3.7 1.2
5036619770627 19.3  3.0  0.009900  1.0-99.9-99.9-99.9 3.3 32 9.2 69  5.8   9  7.2 7.3 1.4
5036619770628 18.0  4.3  0.009900  1.6-99.9-99.9-99.9 3.4 33 9.8 76  6.7   6  4.8 7.4 1.1
5036619770629 18.7  4.6  0.009900  1.9-99.9-99.9-99.9 0.2  211.5 82  9.0   7  5.6 3.9 0.9
5036619770630 20.0  7.8  0.009900  6.1-99.9-99.9-99.9 0.0  013.0 81 10.9   9  7.2 3.7 1.1
5036619770701 27.4  9.1  0.009900  7.7-99.9-99.9-99.9 3.7 3515.7 76 13.7  10  8.0 7.8 1.7
5036619770702 26.4 10.2  0.519900  6.6-99.9-99.9-99.9 2.3 2215.4 76 13.4  11  8.8 6.3 1.7
5036619770703 19.1 11.7  0.009900 10.1-99.9-99.9-99.9 0.0  0 8.1 56  3.9  14 11.2 3.8 2.8
5036619770704 12.3  8.6  0.009900  7.6-99.9-99.9-99.9 0.0  0 5.6 47 -1.2   6  4.8 3.8 1.8
5036619770705 12.5  3.8  0.009900  1.8-99.9-99.9-99.9 0.0  0 7.4 64  2.7  11  8.8 3.8 1.4
5036619770706 16.1  7.2  0.009900  5.6-99.9-99.9-99.9 0.0  0 8.6 61  4.8  13 10.4 3.8 1.8
5036619770707 22.0  5.9  0.009900  1.9-99.9-99.9-99.9 3.0 29 8.4 55  4.5  13 10.4 7.1 2.3
5036619770708 14.6  2.8  0.009900 -1.3-99.9-99.9-99.9 0.0  0 9.2 91  5.8   9  7.2 3.8 1.0
5036619770709 13.4  2.6  0.009900 -0.5-99.9-99.9-99.9 0.0  010.5 92  7.7   7  5.6 3.8 0.5
5036619770710 21.0  6.8  0.009900  3.3-99.9-99.9-99.9 5.8 5512.4 82 10.1  11  8.810.3 1.5
5036619770711 20.1  6.5  0.319900  3.0-99.9-99.9-99.9 5.1 4813.7 84 11.6  10  8.0 9.6 1.1
5036619770712 15.7 11.9  3.019900  9.9-99.9-99.9-99.9 0.0  015.5 93 13.5   6  4.8 3.9 0.6
5036619770713 20.5  6.3  0.519900  3.7-99.9-99.9-99.9 5.8 5510.3 74  7.4  11  8.810.4 1.7
5036619770714 11.7  6.5  5.719900  3.5-99.9-99.9-99.9 0.0  011.4 96  8.9  11  8.8 3.9 0.5
5036619770715 13.6  7.8  0.009900  7.2-99.9-99.9-99.9 0.0  0 9.7 73  6.5  12  9.6 3.9 1.3
5036619770716 17.7  4.5  0.009900  1.9-99.9-99.9-99.9 5.8 55 8.6 71  4.8  11  8.810.5 1.7
5036619770717 18.9  3.4  0.009900  1.4-99.9-99.9-99.9 7.3 69 9.4 68  6.1   9  7.212.3 1.4
5036619770718 21.3  4.6  0.009900  1.8-99.9-99.9-99.9 7.0 66 9.3 66  5.9   8  6.412.0 1.7
5036619770719 18.0  6.2  0.009900  6.3-99.9-99.9-99.9 0.7  7 9.6 69  6.4   7  5.6 4.8 1.4
5036619770720 21.4  7.0  0.009900  6.2-99.9-99.9-99.9 5.2 4910.4 68  7.5   9  7.210.0 1.8
5036619770721 23.9  6.9  0.009900  5.9-99.9-99.9-99.9 0.2  212.5 69 10.3   8  6.4 4.3 1.5
5036619770722 23.6  9.2  0.219900  7.8-99.9-99.9-99.9 0.0  012.5 67 10.3   7  5.6 4.0 1.6
5036619770723 17.9 10.3  0.719900  7.4-99.9-99.9-99.9 0.0  012.4 77 10.1  14 11.2 4.1 1.5
5036619770724 22.5  7.4  0.009900  4.4-99.9-99.9-99.9 4.3 4010.4 68  7.5  12  9.6 9.1 2.2
5036619770725 22.5  7.4  0.009900  4.4-99.9-99.9-99.9 4.3 4011.3 69  8.8  10  8.0 9.2 1.9
5036619770726 25.9  8.3  0.009900  4.3-99.9-99.9-99.9 7.1 6612.2 65  9.9   8  6.412.5 2.1
5036619770727 24.5  9.0  0.009900  6.2-99.9-99.9-99.9 2.4 2215.0 75 13.0  12  9.6 7.0 1.7
5036619770728 20.5 12.5  0.009900  9.4-99.9-99.9-99.9 0.0  017.3 88 15.2   6  4.8 4.2 0.9
5036619770729 23.0 15.8  9.219900 14.9-99.9-99.9-99.9 0.0  018.6 85 16.4  11  8.8 4.2 1.5
5036619770730 18.6 10.2  0.719900 10.0-99.9-99.9-99.9 0.0  010.6 77  7.8  15 12.0 4.2 2.2
5036619770731 16.4  9.0  0.009900  7.9-99.9-99.9-99.9 0.0  0 7.4 58  2.7   7  5.6 4.3 1.9
5036619770801 20.1  3.7  0.009900  0.1-99.9-99.9-99.9 7.6 70 7.9 61  3.6  15 12.013.5 2.4
5036619770802 19.3  3.3  0.009900 -0.4-99.9-99.9-99.9 7.7 71 8.5 65  4.6   6  4.813.7 1.6
5036619770803 19.7  4.4  0.009900  0.5-99.9-99.9-99.9 8.7 80 9.9 71  6.8   9  7.215.0 1.8
5036619770804 21.5  6.6  0.009900  2.8-99.9-99.9-99.9 2.4 2210.5 67  7.7   8  6.4 7.3 1.8
5036619770805 20.2  7.8  0.009900  5.1-99.9-99.9-99.9 0.0  012.3 71 10.0  12  9.6 4.4 1.5
5036619770806 16.9 12.8  0.009900 12.0-99.9-99.9-99.9 0.0  014.0 83 12.0   6  4.8 4.4 1.2
5036619770807 18.1 12.6  0.519900  9.8-99.9-99.9-99.9 0.0  013.6 80 11.5   5  4.0 4.5 1.3
5036619770808 14.3 12.4  3.519900  8.9-99.9-99.9-99.9 0.0  014.5 96 12.5   9  7.2 4.5 0.9
5036619770809 14.1 11.6  4.119900 10.9-99.9-99.9-99.9 0.0  013.8 94 11.8  10  8.0 4.5 0.9
5036619770810 14.0 11.8  0.009900 11.1-99.9-99.9-99.9 0.0  014.3 96 12.3   8  6.4 4.6 0.8
5036619770811 24.8  8.2  0.009900  9.2-99.9-99.9-99.9 6.6 6012.8 67 10.6  12  9.613.0 2.4
5036619770812 17.6  7.2  4.119900  4.3-99.9-99.9-99.9 0.0  011.3 91  8.8  17 13.6 4.6 1.6
5036619770813 19.4  6.6  0.009900  3.8-99.9-99.9-99.9 8.5 77 6.6 48  1.1  14 11.215.5 3.0
5036619770814 19.5  4.0  0.009900 -0.6-99.9-99.9-99.9 8.2 74 7.1 50  2.1  17 13.615.2 3.0
5036619770815 18.8  3.9  0.009900 -0.1-99.9-99.9-99.9 8.3 75 7.1 53  2.1  12  9.615.4 2.5
5036619770816 17.8  8.6  0.009900  5.5-99.9-99.9-99.9 2.4 22 8.0 55  3.8  11  8.8 7.9 2.4
5036619770817 21.6  3.3  0.009900  0.3-99.9-99.9-99.910.3 92 7.9 54  3.6  10  8.018.2 2.5
5036619770818 24.6  4.8  0.009900  0.1-99.9-99.9-99.9 8.8 79 7.1 39  2.1  16 12.816.4 3.6
5036619770819 24.0  6.7  0.009900  1.7-99.9-99.9-99.9 9.1 81 8.3 50  4.3   7  5.616.9 2.6
5036619770820 22.6  5.4  0.009900  0.5-99.9-99.9-99.9 3.3 29 8.9 56  5.3   7  5.6 9.3 2.1
5036619770821 20.3  8.2  0.009900  6.2-99.9-99.9-99.9 0.0  0 9.2 48  5.8  12  9.6 4.9 2.4
5036619770822 20.6 12.4  0.919900 10.5-99.9-99.9-99.9 0.6  511.7 65  9.3   7  5.6 5.8 2.0
5036619770823 23.1 12.0  0.319900  9.6-99.9-99.9-99.9 4.3 3812.9 69 10.7  11  8.810.8 2.6
5036619770824 27.2  8.1  0.009900  4.6-99.9-99.9-99.9 9.3 8211.7 60  9.3   9  7.217.6 3.0
5036619770825 27.6  9.5  0.009900  5.4-99.9-99.9-99.9 9.6 8412.1 53  9.8  10  8.018.1 3.3
5036619770826 28.0 10.8  0.009900  6.2-99.9-99.9-99.9 6.0 5311.2 51  8.6  12  9.613.3 3.5
5036619770827 24.3 10.3  0.009900  7.3-99.9-99.9-99.9 2.5 2212.3 52 10.0  10  8.0 8.6 2.5
5036619770828 25.3 12.6  0.009900 10.9-99.9-99.9-99.9 1.8 1614.9 68 12.9  10  8.0 7.6 2.3
5036619770829 27.7 10.3  0.009900  7.4-99.9-99.9-99.9 8.5 7414.0 60 12.0  12  9.617.0 3.3
5036619770830 28.9 14.5  0.009900 11.0-99.9-99.9-99.9 9.0 7814.9 61 12.9   2  1.617.8 2.9
5036619770831 21.2  7.6 23.419900 12.1-99.9-99.9-99.9 0.0  011.5 87  9.0   8  6.4 5.3 1.7
5036619770901 12.6  5.0  0.009900  3.6-99.9-99.9-99.9 0.0  0 9.1 81  5.6   7  5.6 5.3 1.2
5036619770902 21.0  5.1  0.009900  2.3-99.9-99.9-99.910.4 9011.8 73  9.4   7  5.620.0 2.4
5036619770903 25.4  8.1  0.009900  4.4-99.9-99.9-99.911.2 9714.9 62 12.9  13 10.421.3 3.2
5036619770904 27.4 11.6  0.009900  8.2-99.9-99.9-99.9 8.4 7211.6 52  9.2  12  9.617.4 3.8
5036619770905 24.4  9.3  0.009900  5.0-99.9-99.9-99.9 7.3 6312.1 61  9.8   4  3.215.9 2.6
5036619770906 21.5  9.8  0.009900  5.8-99.9-99.9-99.9 8.0 6911.1 60  8.5   8  6.417.0 2.9
5036619770907 27.4  9.0  0.009900  6.1-99.9-99.9-99.9 7.3 6213.5 60 11.4   2  1.616.1 2.6
5036619770908 29.4 12.5  0.009900  9.1-99.9-99.9-99.9 7.8 6716.9 62 14.9  12  9.616.9 3.6
5036619770909 31.9 16.2  0.009900 12.9-99.9-99.9-99.9 6.8 5819.1 60 16.8  13 10.415.5 4.1
5036619770910 25.0 17.8  0.009900 16.0-99.9-99.9-99.9 3.5 3013.4 56 11.3   7  5.610.8 3.1
5036619770911 25.0 12.5  0.009900  9.7-99.9-99.9-99.9 2.3 2015.8 69 13.8   8  6.4 9.1 2.3
5036619770912 22.4 16.0  0.009900 14.8-99.9-99.9-99.9 0.0  015.6 68 13.6   8  6.4 5.7 2.1
5036619770913 22.4 14.7  0.009900 13.8-99.9-99.9-99.9 1.8 1514.0 70 12.0  14 11.2 8.4 2.9
5036619770914 19.6 15.7  0.009900 14.0-99.9-99.9-99.9 0.0  013.0 65 10.9   8  6.4 5.8 2.2
5036619770915 25.7 11.4  4.619900  9.8-99.9-99.9-99.9 4.1 3415.0 63 13.0   6  4.812.0 2.5
5036619770916 21.2 15.2  6.519900 14.7-99.9-99.9-99.9 0.0  018.5 95 16.3  11  8.8 5.9 1.5
5036619770917 16.6 12.9  2.219900 11.8-99.9-99.9-99.9 0.0  015.3 89 13.3   6  4.8 5.9 1.2
5036619770918 22.8 14.6  0.009900 12.5-99.9-99.9-99.9 2.7 2316.4 80 14.4  11  8.810.0 2.5
5036619770919 26.5 11.5  0.009900 10.1-99.9-99.9-99.9 7.3 6117.1 73 15.0  15 12.017.1 3.4
5036619770920 30.9 14.6  0.319900 12.8-99.9-99.9-99.9 5.0 4218.8 61 16.5   5  4.013.7 3.1
5036619770921 28.0 16.2  0.009900 12.9-99.9-99.9-99.9 2.3 1920.7 73 18.1   9  7.2 9.6 2.5
5036619770922 33.5 18.0 19.119900 15.8-99.9-99.9-99.9 6.0 5021.5 58 18.7  15 12.015.3 4.5
5036619770923 27.6 15.7  4.119900 14.5-99.9-99.9-99.9 0.0  015.7 79 13.7  13 10.4 6.1 3.1
5036619770924 25.6 12.3  0.009900 10.9-99.9-99.9-99.9 6.8 5615.2 64 13.2   9  7.216.7 3.3
5036619770925 31.4 14.0  0.009900 11.8-99.9-99.9-99.9 5.0 4118.6 62 16.4   5  4.014.0 3.2
5036619770926 30.4 18.0  0.009900 15.7-99.9-99.9-99.9 5.3 4419.4 62 17.0  10  8.014.5 3.9
5036619770927 31.4 17.8  0.009900 15.7-99.9-99.9-99.9 7.8 6418.1 55 15.9  12  9.618.5 4.8
5036619770928 24.6 17.3  0.009900 14.3-99.9-99.9-99.9 0.0  011.8 56  9.4  11  8.8 6.3 3.4
5036619770929 23.1 14.8  0.009900 13.6-99.9-99.9-99.9 2.3 19 9.1 44  5.6  15 12.010.0 4.3
5036619770930 25.6  8.3  0.009900  6.8-99.9-99.9-99.9 4.6 3710.1 49  7.1   9  7.213.7 3.4
5036619771001 25.6  9.3  0.009900  8.0-99.9-99.9-99.9 3.8 3112.2 54  9.9  12  9.612.4 3.3
5036619771002 26.6 12.0  0.009900  8.7-99.9-99.9-99.9 5.3 4315.0 57 13.0   5  4.014.9 3.1
5036619771003 25.4 16.0  0.009900 12.9-99.9-99.9-99.9 4.8 3911.5 48  9.0  12  9.614.2 4.3
5036619771004 25.9 11.8  0.009900  9.3-99.9-99.9-99.9 2.3 1910.1 55  7.1  21 16.810.2 4.8
5036619771005 27.8 12.7  0.009900 10.1-99.9-99.9-99.9 7.9 6414.1 55 12.1  16 12.819.3 4.7
5036619771006 31.0 14.2  0.009900 11.1-99.9-99.9-99.9 4.2 3418.0 65 15.8   9  7.213.4 3.5
5036619771007 33.4 17.1  0.009900 13.1-99.9-99.9-99.9 8.0 6416.9 44 14.9  12  9.619.6 5.3
5036619771008 28.8 15.6  2.419900 12.7-99.9-99.9-99.910.8 8617.1 56 15.0  13 10.424.2 5.2
5036619771009 24.6 15.2  7.019900 13.3-99.9-99.9-99.9 0.0  017.7 94 15.6  14 11.2 6.7 2.4
5036619771010 15.2 11.3  1.619900  9.7-99.9-99.9-99.9 0.0  012.0 82  9.7  12  9.6 6.7 1.9
5036619771011 15.6 11.5  0.009900 10.1-99.9-99.9-99.9 0.0  012.1 76  9.8   8  6.4 6.7 1.8
5036619771012 24.5  7.9  0.009900  5.7-99.9-99.9-99.9 7.2 5713.1 65 11.0  10  8.018.6 3.5
5036619771013 26.0  8.5  0.009900  5.3-99.9-99.9-99.911.8 9315.2 65 13.2   9  7.226.2 4.3
5036619771014 30.6 12.7  0.119900  9.0-99.9-99.9-99.9 6.1 4817.7 61 15.6  11  8.816.9 4.0
5036619771015 25.4 16.6  0.009900-99.9-99.9-99.9-99.9 0.0  011.3 55  8.8  13 10.4 6.9 3.9
5036619771016 21.9 14.3  0.009900 13.0-99.9-99.9-99.9 2.3 1813.4 69 11.3  15 12.010.7 3.4
5036619771017 28.2  9.0  0.009900  6.3-99.9-99.9-99.911.0 8612.0 50  9.7   7  5.625.2 4.5
5036619771018 30.2 11.4  0.009900  8.3-99.9-99.9-99.911.4 8913.5 48 11.4  11  8.826.0 5.3
5036619771019 34.0 14.1  0.009900 12.4-99.9-99.9-99.910.1 7915.3 43 13.3  11  8.823.9 5.7
5036619771020 33.5 17.7  0.009900 12.4-99.9-99.9-99.9 9.7 7617.2 48 15.1  12  9.623.2 5.9
5036619771021 36.2 21.7  0.009900 12.5-99.9-99.9-99.9 7.4 5822.1 52 19.1  11  8.819.5 5.7
5036619771022 38.6 25.8  0.519900 23.3-99.9-99.9-99.9 3.8 3022.0 46 19.0  25 20.013.5 7.6
5036619771023 32.9 21.6 57.619900 24.1-99.9-99.9-99.9 1.7 1322.4 69 19.3  18 14.410.0 4.5
5036619771024 22.1 16.9 25.419900 15.3-99.9-99.9-99.9 0.0  020.1 93 17.6  17 13.6 7.1 2.0
5036619771025 26.5 14.4  0.009900 11.7-99.9-99.9-99.912.4 9619.1 74 16.8   9  7.228.1 5.1
5036619771026 31.0 16.2  0.009900 13.3-99.9-99.9-99.912.1 9320.0 62 17.5   9  7.227.7 5.7
5036619771027 31.8 16.8  0.009900 14.4-99.9-99.9-99.913.010022.6 70 19.5  11  8.829.2 6.2
5036619771028 33.1 17.8  0.009900 16.0-99.9-99.9-99.911.3 8722.5 65 19.4   9  7.226.4 5.9
5036619771029 33.6 18.0  0.009900 16.3-99.9-99.9-99.911.4 8820.8 58 18.1   7  5.626.7 5.9
5036619771030 34.6 18.1  0.009900 16.0-99.9-99.9-99.911.6 8921.0 52 18.3  12  9.627.1 6.5
5036619771031 37.8 19.7  0.009900 16.2-99.9-99.9-99.912.4 9521.4 47 18.6   9  7.228.5 7.0
5036619771101 32.0 21.1  1.719900 17.1-99.9-99.9-99.912.0 9224.2 64 20.6  16 12.827.9 6.9
5036619771102 25.4 17.8 13.119900 16.9-99.9-99.9-99.9 0.0  020.8 98 18.1  15 12.0 7.4 2.5
5036619771103 18.5 14.6  8.319900 13.9-99.9-99.9-99.9 0.0  016.3 94 14.3  20 16.0 7.4 2.1
5036619771104 19.0 13.3  1.419900 12.8-99.9-99.9-99.9 0.0  016.0 88 14.0  17 13.6 7.4 2.0
5036619771105 22.4 15.2  0.009900 14.8-99.9-99.9-99.9 0.1  117.9 82 15.8  11  8.8 7.6 2.2
5036619771106 29.9 14.0  0.009900 10.8-99.9-99.9-99.9 9.9 7520.9 72 18.2   8  6.424.5 4.9
5036619771107 33.4 21.5  0.009900 19.3-99.9-99.9-99.9 9.2 7026.4 66 22.0  12  9.623.3 5.9
5036619771108 32.4 16.0 23.519900 19.3-99.9-99.9-99.9 3.8 2918.4 74 16.2  15 12.014.0 4.7
5036619771109 20.2 15.1  0.009900 14.1-99.9-99.9-99.9 0.0  012.1 56  9.8   8  6.4 7.5 2.7
5036619771110 27.5 15.0  1.619900 12.1-99.9-99.9-99.9 9.0 6815.9 57 13.9  12  9.623.1 5.2
5036619771111 29.5 15.8  0.009900 14.3-99.9-99.9-99.9 6.8 5117.1 59 15.0  12  9.619.3 4.9
5036619771112 29.7 15.2  0.009900 12.5-99.9-99.9-99.9 8.0 6018.3 59 16.1  14 11.221.4 5.2
5036619771113 27.4 19.0  0.009900 17.3-99.9-99.9-99.9 4.1 3117.9 64 15.8   7  5.614.7 3.9
5036619771114 31.2 19.0  0.009900 15.9-99.9-99.9-99.9 7.7 5820.8 63 18.1   9  7.221.0 5.2
5036619771115 31.6 18.3  0.009900 14.2-99.9-99.9-99.9 9.4 7020.1 52 17.6   7  5.624.0 5.4
5036619771116 33.6 20.2  0.009900 16.1-99.9-99.9-99.9 8.9 6619.6 48 17.2  14 11.223.1 6.5
5036619771117 36.0 19.9  0.009900 16.3-99.9-99.9-99.9 9.0 6720.6 48 18.0  15 12.023.3 6.8
5036619771118 37.0 24.0  0.009900 21.4-99.9-99.9-99.9 8.9 6624.3 53 20.6   8  6.423.2 6.4
5036619771119 31.0 19.7  0.009900 18.5-99.9-99.9-99.9 0.0  019.6 67 17.2  11  8.8 7.7 3.5
5036619771120 25.8 19.2  0.009900 17.9-99.9-99.9-99.9 0.0  021.6 82 18.7  16 12.8 7.7 2.8
5036619771121 31.7 19.6  4.919900 17.7-99.9-99.9-99.9 8.0 5922.9 71 19.7  17 13.621.7 5.9
5036619771122 29.2 19.1  0.009900 16.5-99.9-99.9-99.9 8.5 6315.6 57 13.6  13 10.422.6 6.0
5036619771123 28.5 18.0  0.009900 15.8-99.9-99.9-99.9 3.8 2818.4 65 16.2  12  9.614.4 4.3
5036619771124 23.0 19.2  0.009900 18.7-99.9-99.9-99.9 0.0  020.1 84 17.6  12  9.6 7.8 2.5
5036619771125 32.4 19.2  0.009900 18.3-99.9-99.9-99.9 6.1 4521.9 71 19.0   9  7.218.4 4.9
5036619771126 33.4 19.7 32.019900 17.0-99.9-99.9-99.9 9.7 7125.0 65 21.1  16 12.824.8 6.4
5036619771127 29.2 13.8  0.009900 13.2-99.9-99.9-99.9 7.0 5116.4 70 14.4   7  5.620.1 4.5
5036619771128 30.6 14.7  0.009900 12.1-99.9-99.9-99.9 8.8 6516.7 57 14.7   5  4.023.2 4.9
5036619771129 31.6 14.3  0.009900 10.1-99.9-99.9-99.9 8.3 6117.7 56 15.6  13 10.422.4 5.5
5036619771130 29.7 16.9  0.009900 13.0-99.9-99.9-99.9 0.0  019.9 62 17.4  14 11.2 7.8 3.2
5036619771201 35.0 19.5  0.009900 15.9-99.9-99.9-99.9 6.3 4618.3 46 16.1  14 11.218.9 6.1
5036619771202 35.1 18.9  0.009900 15.6-99.9-99.9-99.9 8.3 6123.0 57 19.7   6  4.822.4 5.5
5036619771203 36.0 21.1  0.009900 20.4-99.9-99.9-99.9 8.9 6525.0 57 21.1  11  8.823.5 6.4
5036619771204 40.0 22.9  4.119900 19.8-99.9-99.9-99.9 5.2 3827.6 53 22.7   9  7.217.0 5.5
5036619771205 34.2 25.4  0.009900 23.7-99.9-99.9-99.9 5.8 4217.4 47 15.3  17 13.618.1 7.1
5036619771206 27.2 18.7  0.009900 15.9-99.9-99.9-99.9 4.2 3120.2 69 17.7  15 12.015.3 4.3
5036619771207 29.0 20.3  0.009900 17.8-99.9-99.9-99.9 7.0 5118.6 62 16.4  14 11.220.2 5.6
5036619771208 31.0 15.5  0.009900 13.7-99.9-99.9-99.9 6.9 5017.1 54 15.0   9  7.220.0 5.0
5036619771209 33.2 17.1  0.009900 14.1-99.9-99.9-99.9 8.6 6317.9 49 15.8  10  8.023.0 5.8
5036619771210 36.9 16.4  0.009900 14.8-99.9-99.9-99.9 8.8 6418.1 43 15.9  12  9.623.4 6.4
5036619771211 37.1 20.6  0.009900 17.3-99.9-99.9-99.9 4.5 3317.3 41 15.2  18 14.415.8 6.8
5036619771212 36.1 19.6 57.219900 18.5-99.9-99.9-99.9 4.0 2921.6 64 18.7  14 11.215.0 5.3
5036619771213 30.2 19.4  0.009900 18.6-99.9-99.9-99.9 6.4 4623.5 69 20.1  14 11.219.2 5.0
5036619771214 33.0 20.5  0.009900 18.8-99.9-99.9-99.9 4.7 3422.4 58 19.3  14 11.216.2 5.2
5036619771215 33.2 23.1 28.219900 21.6-99.9-99.9-99.9 4.0 2922.5 56 19.4  15 12.015.0 5.4
5036619771216 31.9 22.2 10.419900 19.8-99.9-99.9-99.9 4.0 2922.3 69 19.2  14 11.215.0 5.1
5036619771217 28.6 21.6 26.019900 21.0-99.9-99.9-99.9 9.0 6524.0 73 20.4  11  8.823.8 5.6
5036619771218 27.0 21.5 49.319900 20.6-99.9-99.9-99.9 0.0  024.8 87 21.0  12  9.6 8.0 2.6
5036619771219 27.0 19.5 60.019900 18.0-99.9-99.9-99.9 1.3  923.1 89 19.8   9  7.210.2 2.8
5036619771220 20.1 16.1  8.919900 15.6-99.9-99.9-99.9 0.0  018.8 93 16.5  12  9.6 8.0 1.9
5036619771221 19.0 14.0  0.519900 13.4-99.9-99.9-99.9 0.0  016.7 89 14.7  11  8.8 8.0 1.9
5036619771222 23.2 15.7  1.219900-99.9-99.9-99.9-99.9 0.2  118.2 79 16.0  11  8.8 8.3 2.4
5036619771223 26.2 17.6  0.009900-99.9-99.9-99.9-99.9 1.8 1322.2 83 19.2   7  5.611.1 2.7
5036619771224 29.2 20.4  0.009900-99.9-99.9-99.9-99.9 2.1 1525.4 78 21.4   4  3.211.7 3.0
5036619771225 35.0 22.0  0.009900-99.9-99.9-99.9-99.9 5.5 4026.1 61 21.8  16 12.817.7 5.7
5036619771226 33.5 25.0  0.009900-99.9-99.9-99.9-99.9 1.7 1229.2 74 23.6  10  8.011.0 3.8
5036619771227 35.0 23.4 50.319900-99.9-99.9-99.9-99.9 5.6 4130.4 68 24.3   9  7.217.8 5.0
5036619771228 29.8 19.8 17.619900-99.9-99.9-99.9-99.9 0.0  026.0 96 21.7  17 13.6 8.0 2.8
5036619771229 28.5 21.5  0.009900-99.9-99.9-99.9-99.9 3.0 2226.3 84 21.9  12  9.613.2 3.5
5036619771230 31.6 19.4 45.319900-99.9-99.9-99.9-99.9 3.4 2526.6 83 22.1  11  8.813.9 3.7
5036619771231 20.7 17.5 26.819900-99.9-99.9-99.9-99.9 0.0  020.4 95 17.8  19 15.2 7.9 2.0
5036619780101 21.5 15.8  0.319900-99.9-99.9-99.9-99.9 0.0  018.4 87 16.2   9  7.2 7.9 2.1
5036619780102 23.8 17.5  0.009900-99.9-99.9-99.9-99.9 0.3  219.3 83 16.9   7  5.6 8.5 2.4
5036619780103 30.0 17.1  0.009900-99.9-99.9-99.9-99.9 6.2 4522.1 71 19.1   9  7.218.9 4.4
5036619780104 32.6 18.6  0.009900-99.9-99.9-99.9-99.9 8.1 5923.6 61 20.2   9  7.222.2 5.4
5036619780105 33.0 21.5  5.219900-99.9-99.9-99.9-99.9 6.9 5027.0 68 22.4   9  7.220.1 5.2
5036619780106 28.8 21.6  0.819900-99.9-99.9-99.9-99.9 0.4  325.9 88 21.7   9  7.2 8.6 2.7
5036619780107 28.0 20.3 27.019900-99.9-99.9-99.9-99.9 0.8  626.4 91 22.0  12  9.6 9.3 2.6
5036619780108 24.6 19.6  0.219900-99.9-99.9-99.9-99.9 0.0  023.3 88 20.0   8  6.4 7.9 2.1
5036619780109 30.0 19.5  0.219900-99.9-99.9-99.9-99.9 6.1 4525.1 77 21.2   9  7.218.6 4.4
5036619780110 31.0 21.3 16.219900-99.9-99.9-99.9-99.9 3.8 2826.0 85 21.7   9  7.214.6 4.0
5036619780111 30.0 21.3  0.009900-99.9-99.9-99.9-99.9 6.3 4623.7 71 20.2  10  8.019.0 4.9
5036619780112 30.0 21.0  1.819900-99.9-99.9-99.9-99.9 5.0 3724.3 69 20.6  14 11.216.7 4.6
5036619780113 27.8 19.1  0.009900-99.9-99.9-99.9-99.9 5.0 3716.9 57 14.9  12  9.616.7 4.8
5036619780114 24.6 18.5  0.009900-99.9-99.9-99.9-99.9 3.1 2317.2 70 15.1  13 10.413.3 3.9
5036619780115 30.6 14.7  0.009900-99.9-99.9-99.9-99.910.2 7519.5 58 17.1   7  5.625.8 5.3
5036619780116 32.8 16.5  0.009900-99.9-99.9-99.9-99.911.3 8316.8 47 14.8  15 12.027.7 7.0
5036619780117 33.2 18.4  0.009900-99.9-99.9-99.9-99.9 9.3 6921.2 58 18.4  11  8.824.2 6.0
5036619780118 35.2 21.5  0.009900-99.9-99.9-99.9-99.9 7.9 5823.1 59 19.8  10  8.021.7 6.0
5036619780119 34.2 22.9  0.009900-99.9-99.9-99.9-99.9 6.1 4522.4 56 19.3  11  8.818.5 5.7
5036619780120 30.0 21.0 10.319900-99.9-99.9-99.9-99.9 0.0  023.2 88 19.9  12  9.6 7.8 3.1
5036619780121 23.7 19.0  3.519900-99.9-99.9-99.9-99.9 0.0  022.9 93 19.7  13 10.4 7.8 2.1
5036619780122 28.0 20.4 12.319900-99.9-99.9-99.9-99.9 0.7  526.7 88 22.2  12  9.6 9.0 2.5
5036619780123 27.2 22.0 29.819900-99.9-99.9-99.9-99.9 0.7  526.7 95 22.2  14 11.2 9.0 2.7
5036619780124 27.0 20.7  0.919900-99.9-99.9-99.9-99.9 0.8  624.6 86 20.8   8  6.4 9.1 2.6
5036619780125 27.8 20.5 30.719900-99.9-99.9-99.9-99.9 4.2 3125.0 81 21.1  10  8.015.1 3.7
5036619780126 27.2 21.4  9.219900-99.9-99.9-99.9-99.9 0.8  625.3 86 21.3  14 11.2 9.1 2.8
5036619780127 30.3 21.3  0.009900-99.9-99.9-99.9-99.9 5.9 4427.6 82 22.7  13 10.418.0 4.5
5036619780128 32.0 21.2  0.009900-99.9-99.9-99.9-99.9 5.3 4028.8 76 23.4  14 11.216.9 4.4
5036619780129 31.0 23.0  0.009900-99.9-99.9-99.9-99.9 2.7 2028.9 78 23.5  10  8.012.4 3.5
5036619780130 33.2 24.0 39.719900-99.9-99.9-99.9-99.9-9.9 9930.6 72 24.4  10  8.0-9.9-9.9
5036619780131 30.6 16.6 35.219900-99.9-99.9-99.9-99.9 0.0  020.0 95 17.5  14 11.2 7.6 3.2
5036619780201 28.2 16.1  0.009900-99.9-99.9-99.9-99.910.9 8220.0 70 17.5   9  7.226.6 5.4
5036619780202 29.4 17.7  4.919900-99.9-99.9-99.9-99.910.0 7524.0 71 20.4  10  8.025.0 5.2
5036619780203 27.0 20.3  4.119900-99.9-99.9-99.9-99.9 0.0  022.0 85 19.0  14 11.2 7.5 2.9
5036619780204 21.0 17.6 10.119900-99.9-99.9-99.9-99.9 0.0  019.5 91 17.1  11  8.8 7.5 2.0
5036619780205 24.2 16.7  0.009900-99.9-99.9-99.9-99.9 0.3  220.9 81 18.2   7  5.6 8.0 2.0
5036619780206 29.2 19.5  0.009900-99.9-99.9-99.9-99.9 5.5 4222.7 74 19.5   9  7.217.0 4.2
5036619780207 30.6 22.0  1.019900-99.9-99.9-99.9-99.9 6.0 4623.8 78 20.3  11  8.817.9 4.8
5036619780208 28.9 20.3  5.919900-99.9-99.9-99.9-99.9 4.7 3624.4 76 20.7  10  8.015.6 3.9
5036619780209 31.1 20.0  0.009900-99.9-99.9-99.9-99.910.0 7623.3 66 20.0   9  7.224.7 5.6
5036619780210 32.8 20.8  0.919900-99.9-99.9-99.9-99.9 9.0 6924.7 68 20.9   6  4.822.9 5.3
5036619780211 31.6 17.6 16.219900-99.9-99.9-99.9-99.9 7.3 5621.1 68 18.4  12  9.620.0 5.0
5036619780212 26.3 19.2 53.419900-99.9-99.9-99.9-99.9 1.8 1421.6 87 18.7  17 13.610.4 3.3
5036619780213 26.9 18.0  0.009900-99.9-99.9-99.9-99.9 5.3 4120.3 74 17.7  12  9.616.4 4.0
5036619780214 30.6 19.2  0.009900-99.9-99.9-99.9-99.910.7 8221.9 65 19.0   6  4.825.7 5.5
5036619780215 32.1 19.0  0.009900-99.9-99.9-99.9-99.910.3 7923.2 62 19.9   7  5.624.9 5.5
5036619780216 32.1 22.0  0.009900-99.9-99.9-99.9-99.9 8.9 6926.8 70 22.2   9  7.222.5 5.4
5036619780217 30.2 21.6 99.919900-99.9-99.9-99.9-99.9 5.3 4126.5 76 22.0  15 12.016.3 4.4
5036619780218 27.2 19.8  4.519900-99.9-99.9-99.9-99.9 3.5 2723.2 84 19.9  21 16.813.2 3.8
5036619780219 21.8 20.2  9.819900-99.9-99.9-99.9-99.9 0.0  022.9 93 19.7  12  9.6 7.2 1.8
5036619780220 22.8 17.9  0.519900-99.9-99.9-99.9-99.9 0.0  021.2 87 18.4   6  4.8 7.1 1.8
5036619780221 26.9 19.4  0.219900-99.9-99.9-99.9-99.9 0.8  622.4 78 19.3   6  4.8 8.5 2.4
5036619780222 29.3 18.5  0.009900-99.9-99.9-99.9-99.9 4.3 3423.5 77 20.1   9  7.214.3 3.5
5036619780223 32.0 20.3  0.009900-99.9-99.9-99.9-99.9 4.3 3425.0 66 21.1  16 12.814.3 4.3
5036619780224 32.1 22.6  1.019900-99.9-99.9-99.9-99.9 5.8 4627.0 72 22.4  13 10.416.8 4.7
5036619780225 33.7 24.4  0.009900-99.9-99.9-99.9-99.911.0 8728.0 70 23.0  14 11.225.5 6.7
5036619780226 34.1 24.4  0.009900-99.9-99.9-99.9-99.9 6.7 5328.3 70 23.1  12  9.618.2 5.3
5036619780227 29.1 19.2  0.319900-99.9-99.9-99.9-99.9 0.0  021.1 79 18.4  15 12.0 6.9 3.1
5036619780228 28.3 18.1  0.009900-99.9-99.9-99.9-99.910.3 8219.8 64 17.3  11  8.824.1 5.2
5036619780301 30.0 17.0  0.009900-99.9-99.9-99.9-99.911.0 8719.3 60 16.9   9  7.225.2 5.3
5036619780302 32.3 19.4  0.009900-99.9-99.9-99.9-99.911.0 8720.0 59 17.5   7  5.625.1 5.5
5036619780303 32.3 20.7  0.009900-99.9-99.9-99.9-99.910.7 8520.8 56 18.1  11  8.824.5 5.9
5036619780304 28.1 21.0 17.919900-99.9-99.9-99.9-99.9 4.3 3421.7 70 18.8  17 13.613.9 4.3
5036619780305 27.4 17.3 12.819900-99.9-99.9-99.9-99.9 3.0 2421.0 75 18.3  12  9.611.7 3.1
5036619780306 25.0 18.4 10.419900-99.9-99.9-99.9-99.9 3.0 2419.8 80 17.3   7  5.611.6 2.8
5036619780307 24.8 17.6 13.819900-99.9-99.9-99.9-99.9 1.3 1020.5 85 17.9   9  7.2 8.8 2.3
5036619780308 26.1 18.5  0.009900-99.9-99.9-99.9-99.9 1.2 1020.1 78 17.6  10  8.0 8.6 2.7
5036619780309 28.8 17.4  0.009900-99.9-99.9-99.9-99.9 5.5 4420.2 72 17.7   9  7.215.5 3.7
5036619780310 29.9 17.2  0.009900-99.9-99.9-99.9-99.9 8.2 6619.8 67 17.3  10  8.019.9 4.5
5036619780311 30.2 18.4  0.009900-99.9-99.9-99.9-99.9 7.8 6321.3 67 18.5   9  7.219.1 4.4
5036619780312 32.3 20.1  0.009900-99.9-99.9-99.9-99.9 7.2 5824.4 69 20.7  12  9.618.1 4.6
5036619780313 27.4 20.3 14.419900-99.9-99.9-99.9-99.9 0.0  024.1 93 20.5  18 14.4 6.5 2.5
5036619780314 24.2 19.3  1.619900-99.9-99.9-99.9-99.9 5.0 4123.2 90 19.9  14 11.214.4 3.0
5036619780315 27.8 19.6  0.319900-99.9-99.9-99.9-99.9 7.0 5725.3 82 21.3   6  4.817.6 3.6
5036619780316 25.0 21.8  0.219900-99.9-99.9-99.9-99.9 0.0  025.8 91 21.6  12  9.6 6.3 1.8
5036619780317 29.1 21.5  1.019900-99.9-99.9-99.9-99.9 3.3 2726.9 84 22.3  14 11.211.5 3.1
5036619780318 27.0 20.8 19.119900-99.9-99.9-99.9-99.9 0.3  226.1 92 21.8  15 12.0 6.7 2.1
5036619780319 20.8 17.6  6.219900-99.9-99.9-99.9-99.9 0.0  020.0 94 17.5  14 11.2 6.2 1.7
5036619780320 21.7 16.8  5.819900-99.9-99.9-99.9-99.9 0.0  020.1 92 17.6  13 10.4 6.2 1.6
5036619780321 20.8 16.6  5.419900-99.9-99.9-99.9-99.9 0.0  020.3 94 17.7  11  8.8 6.2 1.4
5036619780322 24.6 17.7  0.009900-99.9-99.9-99.9-99.9 0.7  623.2 88 19.9  10  8.0 7.2 1.7
5036619780323 28.2 21.7  0.009900-99.9-99.9-99.9-99.9 0.0  026.2 84 21.9   7  5.6 6.1 1.9
5036619780324 32.0 19.5  1.219900-99.9-99.9-99.9-99.9 5.0 4227.7 78 22.8   8  6.413.8 3.2
5036619780325 27.3 22.1  3.319900-99.9-99.9-99.9-99.9 0.0  025.9 93 21.7  11  8.8 6.0 2.1
5036619780326 22.1 19.9 11.619900-99.9-99.9-99.9-99.9 0.0  023.5 98 20.1   7  5.6 6.0 1.4
5036619780327 22.4 19.1  6.819900-99.9-99.9-99.9-99.9 0.0  022.4 93 19.3   6  4.8 5.9 1.4
5036619780328 27.0 19.6  0.219900-99.9-99.9-99.9-99.9 1.4 1224.0 86 20.4  11  8.8 8.0 2.2
5036619780329 28.6 19.8  0.009900-99.9-99.9-99.9-99.9 4.3 3623.5 79 20.1   7  5.612.4 2.9
5036619780330 29.4 18.2  8.119900-99.9-99.9-99.9-99.9 5.3 4523.1 74 19.8  11  8.813.8 3.3
5036619780331 26.5 17.2 20.719900-99.9-99.9-99.9-99.9 3.0 2520.9 78 18.2  10  8.010.3 2.5
5036619780401 21.6 17.1  4.719900-99.9-99.9-99.9-99.9 0.0  016.7 77 14.7  12  9.6 5.7 2.2
5036619780402 27.5 15.7  0.009900-99.9-99.9-99.9-99.9 8.5 7219.5 80 17.1   9  7.218.3 3.5
5036619780403 28.6 15.1  0.009900-99.9-99.9-99.9-99.9 6.0 5119.7 74 17.3   9  7.214.5 3.1
5036619780404 29.6 16.7  0.009900-99.9-99.9-99.9-99.9 6.3 5419.3 68 16.9   6  4.814.9 3.2
5036619780405 28.6 17.0  0.009900-99.9-99.9-99.9-99.9 4.9 4218.8 66 16.5  14 11.212.8 3.6
5036619780406 23.2 16.8  0.009900-99.9-99.9-99.9-99.9 0.0  017.1 83 15.0  15 12.0 5.6 2.4
5036619780407 18.0 14.6  1.519900-99.9-99.9-99.9-99.9 0.0  015.9 91 13.9  10  8.0 5.5 1.5
5036619780408 15.8 14.0  2.219900-99.9-99.9-99.9-99.9 0.0  015.9 94 13.9  11  8.8 5.5 1.1
5036619780409 23.1 10.5  0.009900-99.9-99.9-99.9-99.9 6.3 5415.7 75 13.7   7  5.614.5 2.3
5036619780410 26.0 12.4  0.009900-99.9-99.9-99.9-99.910.2 8816.6 75 14.6   7  5.620.0 3.2
5036619780411 29.0 13.4  0.009900-99.9-99.9-99.9-99.9 8.7 7518.4 73 16.2   8  6.417.7 3.3
5036619780412 28.4 15.0  0.009900-99.9-99.9-99.9-99.9 7.1 6219.0 70 16.7   3  2.415.4 2.8
5036619780413 28.5 16.2  0.009900-99.9-99.9-99.9-99.9 8.4 7319.5 75 17.1   7  5.617.1 3.3
5036619780414 27.4 15.2  0.009900-99.9-99.9-99.9-99.9 7.0 6119.1 69 16.8   9  7.215.1 3.0
5036619780415 25.0 20.5  0.009900-99.9-99.9-99.9-99.9 0.0  019.1 73 16.8  10  8.0 5.2 2.3
5036619780416 25.5 19.6  0.009900-99.9-99.9-99.9-99.9 0.7  619.4 77 17.0   8  6.4 6.1 2.2
5036619780417 26.3 18.8  0.009900-99.9-99.9-99.9-99.9 1.7 1520.7 77 18.1  10  8.0 7.5 2.3
5036619780418 28.3 17.8  0.009900-99.9-99.9-99.9-99.9 5.3 4720.9 72 18.2   9  7.212.4 2.8
5036619780419 25.4 18.8  0.009900-99.9-99.9-99.9-99.9 3.6 3215.9 61 13.9   4  3.210.0 2.4
5036619780420 27.2 13.8  0.009900-99.9-99.9-99.9-99.9 8.3 7316.6 73 14.6   7  5.616.3 2.9
5036619780421 27.2 13.6  0.009900-99.9-99.9-99.9-99.9 6.3 5616.8 69 14.8   8  6.413.5 2.7
5036619780422 26.1 14.9  0.009900-99.9-99.9-99.9-99.9 3.0 2716.9 68 14.9   4  3.2 9.0 2.0
5036619780423 27.5 16.6  0.009900-99.9-99.9-99.9-99.910.1 9017.5 70 15.4   4  3.218.4 3.0
5036619780424 28.1 15.1  0.009900-99.9-99.9-99.9-99.9 8.0 7116.7 64 14.7   8  6.415.5 3.0
5036619780425 26.6 14.0  0.009900-99.9-99.9-99.9-99.9 7.4 6616.8 70 14.8   5  4.014.6 2.5
5036619780426 27.3 17.5  0.009900-99.9-99.9-99.9-99.9 6.3 5617.0 71 15.0   7  5.613.1 2.8
5036619780427 26.8 14.6  0.009900-99.9-99.9-99.9-99.9 7.0 6316.8 69 14.8   7  5.614.0 2.6
5036619780428 20.8 17.2  0.009900-99.9-99.9-99.9-99.9 0.0  015.1 74 13.1  14 11.2 4.7 2.3
5036619780429 25.3 10.0  0.009900-99.9-99.9-99.9-99.9 8.0 7214.3 62 12.3   9  7.215.1 2.5
5036619780430 25.7 12.6  0.009900-99.9-99.9-99.9-99.9 7.4 6714.8 66 12.8   9  7.214.2 2.6
5036619780501 25.5 12.4  0.009900-99.9-99.9-99.9-99.9 6.1 5515.6 72 13.6   9  7.212.5 2.4
5036619780502 26.5 14.1  0.009900-99.9-99.9-99.9-99.9 6.4 5817.0 75 15.0   9  7.212.8 2.5
5036619780503 25.9 14.3  0.009900-99.9-99.9-99.9-99.9 5.5 5016.2 66 14.2  10  8.011.6 2.5
5036619780504 24.5 17.3  0.009900-99.9-99.9-99.9-99.9 2.0 1818.5 76 16.3   8  6.4 7.1 1.9
5036619780505 26.5 14.3  0.009900-99.9-99.9-99.9-99.9 6.1 5618.1 75 15.9  10  8.012.2 2.4
5036619780506 29.0 17.0  0.009900-99.9-99.9-99.9-99.9 3.5 3219.2 71 16.9   6  4.8 8.9 2.2
5036619780507 29.4 17.3  0.009900-99.9-99.9-99.9-99.9 7.1 6519.4 68 17.0  11  8.813.3 3.0
5036619780508 29.6 17.7  0.009900-99.9-99.9-99.9-99.9 8.8 8121.6 71 18.7  14 11.215.3 3.3
5036619780509 29.0 16.8  0.009900-99.9-99.9-99.9-99.9 7.0 6420.5 74 17.9   6  4.813.0 2.5
5036619780510 29.0 17.0  0.009900-99.9-99.9-99.9-99.9 7.3 6719.1 70 16.8   7  5.613.3 2.6
5036619780511 30.5 16.6  0.009900-99.9-99.9-99.9-99.9 3.7 3419.5 64 17.1   9  7.2 8.9 2.5
5036619780512 29.5 16.6  0.009900-99.9-99.9-99.9-99.9 5.7 5319.9 72 17.4  10  8.011.2 2.6
5036619780513 30.0 16.6  0.009900-99.9-99.9-99.9-99.9 5.0 4620.2 67 17.7  12  9.610.3 2.7
5036619780514 23.8 17.2  3.519900-99.9-99.9-99.9-99.9 0.0  018.4 84 16.2  12  9.6 4.3 1.8
5036619780515 17.2 13.2 10.219900-99.9-99.9-99.9-99.9 0.0  014.9 96 12.9   9  7.2 4.2 1.1
5036619780516 21.0 11.0  0.009900-99.9-99.9-99.9-99.9 7.3 6813.5 77 11.4  13 10.412.9 2.1
5036619780517 22.0 10.1  0.009900-99.9-99.9-99.9-99.9 8.9 8313.9 78 11.9   8  6.414.8 1.9
5036619780518 21.7 10.9  0.009900-99.9-99.9-99.9-99.9 7.6 7113.5 75 11.4   7  5.613.1 1.8
5036619780519 23.3 11.0  0.009900-99.9-99.9-99.9-99.9 7.0 6514.4 69 12.4  17 13.612.4 2.4
5036619780520 23.2 14.2  0.009900-99.9-99.9-99.9-99.9 5.7 5311.5 59  9.0  11  8.810.8 2.6
5036619780521 23.0  7.7  0.009900-99.9-99.9-99.9-99.9 7.3 6811.7 66  9.3   6  4.812.6 1.7
5036619780522 23.7  7.7  0.009900-99.9-99.9-99.9-99.9 5.5 5212.3 68 10.0   4  3.210.5 1.5
5036619780523 20.9  7.3  0.009900-99.9-99.9-99.9-99.9 1.6 1511.6 68  9.2   6  4.8 5.9 1.4
5036619780524 21.0  8.1  0.009900-99.9-99.9-99.9-99.9 5.8 5510.8 64  8.1  14 11.210.7 2.1
5036619780525 19.8  6.5  0.009900-99.9-99.9-99.9-99.9 4.3 4110.2 64  7.3  10  8.0 8.9 1.7
5036619780526 16.7 10.5  0.009900-99.9-99.9-99.9-99.9 0.0  010.2 71  7.3   9  7.2 4.0 1.6
5036619780527 19.2 10.6  0.009900-99.9-99.9-99.9-99.9 4.8 4511.4 70  8.9   8  6.4 9.4 1.7
5036619780528 21.1  6.6  0.009900-99.9-99.9-99.9-99.9 6.6 6210.6 71  7.8   7  5.611.4 1.6
5036619780529 21.0  8.8  0.009900-99.9-99.9-99.9-99.9 2.9 2711.9 65  9.5   6  4.8 7.2 1.4
5036619780530 16.9 10.0  0.009900-99.9-99.9-99.9-99.9 0.3  310.6 73  7.8   7  5.6 4.2 1.4
5036619780531 18.2-99.9  0.009900-99.9-99.9-99.9-99.9 6.1 5810.5 70  7.7   6  4.810.8-9.9
5036619780601 22.0  5.6  0.009900-99.9-99.9-99.9-99.9 7.8 7410.9 67  8.2  10  8.012.6 1.7
5036619780602 22.0  5.2  0.009900-99.9-99.9-99.9-99.9 1.0 10 9.5 64  6.2  10  8.0 5.0 1.8
5036619780603 19.1  4.5  0.009900-99.9-99.9-99.9-99.9 5.5 52 7.9 60  3.6  12  9.610.0 1.9
5036619780604 18.1  3.4  0.009900-99.9-99.9-99.9-99.9 6.0 57 8.0 60  3.8  11  8.810.5 1.7
5036619780605 18.6  9.4  0.009900-99.9-99.9-99.9-99.9 3.6 34 8.2 57  4.1  12  9.6 7.8 2.3
5036619780606 17.0  3.1  0.009900-99.9-99.9-99.9-99.9 4.4 42 8.4 67  4.5   2  1.6 8.7 1.0
5036619780607 19.1  4.1  0.009900-99.9-99.9-99.9-99.9 6.7 64 7.7 58  3.2  11  8.811.2 1.8
5036619780608 18.0  2.9  0.009900-99.9-99.9-99.9-99.9 4.8 46 7.8 64  3.4   9  7.2 9.1 1.5
5036619780609 17.2  3.6  0.009900-99.9-99.9-99.9-99.9 1.4 13 8.0 63  3.8  10  8.0 5.3 1.6
5036619780610 16.9  4.5  0.009900-99.9-99.9-99.9-99.9 2.7 26 8.7 69  5.0  10  8.0 6.7 1.4
5036619780611 18.2  2.4  0.009900-99.9-99.9-99.9-99.9 5.7 55 8.9 68  5.3   4  3.210.0 1.0
5036619780612 20.8  4.7  0.009900-99.9-99.9-99.9-99.9 5.7 55 9.9 72  6.8   6  4.810.0 1.3
5036619780613 20.4  4.9  0.009900-99.9-99.9-99.9-99.9 1.7 1610.2 68  7.3  11  8.8 5.6 1.5
5036619780614 22.6  7.2  0.009900-99.9-99.9-99.9-99.9 5.8 5612.6 73 10.4   7  5.610.1 1.4
5036619780615 24.6 10.3  2.819900-99.9-99.9-99.9-99.9 4.4 4215.6 75 13.6  15 12.0 8.5 1.8
5036619780616 22.0 10.0  0.009900-99.9-99.9-99.9-99.9 6.5 6210.5 64  7.7  10  8.010.8 2.0
5036619780617 21.8  6.0  0.009900-99.9-99.9-99.9-99.9 7.3 7010.8 70  8.1   4  3.211.7 1.2
5036619780618 22.4  7.4  8.119900-99.9-99.9-99.9-99.9 6.0 5812.5 74 10.3   4  3.210.2 1.2
5036619780619 16.5  9.8  0.009900-99.9-99.9-99.9-99.9 0.0  0 9.6 73  6.4   7  5.6 3.7 1.5
5036619780620 13.1  7.4  0.009900-99.9-99.9-99.9-99.9 1.2 1210.2 86  7.3  10  8.0 5.0 1.0
5036619780621 15.5  6.5  0.009900-99.9-99.9-99.9-99.9 6.4 6110.1 80  7.1   7  5.610.7 1.1
5036619780622 19.8  4.5  0.009900-99.9-99.9-99.9-99.9 6.6 6311.2 78  8.6   5  4.010.9 1.0
5036619780623 19.4 11.6  0.009900-99.9-99.9-99.9-99.9 0.0  012.7 72 10.5  10  8.0 3.7 1.5
5036619780624 17.5 13.2  0.009900-99.9-99.9-99.9-99.9 0.0  014.2 84 12.2   9  7.2 3.7 1.2
5036619780625 15.9 13.1  0.519900-99.9-99.9-99.9-99.9 0.0  014.7 91 12.7  12  9.6 3.7 1.0
5036619780626 13.4 11.5  0.619900-99.9-99.9-99.9-99.9 0.0  013.8 97 11.8   6  4.8 3.7 0.6
5036619780627 14.6 11.4  0.519900-99.9-99.9-99.9-99.9 0.0  014.6 94 12.6   6  4.8 3.7 0.6
5036619780628 14.6 12.9  5.119900-99.9-99.9-99.9-99.9 0.0  015.4 97 13.4   6  4.8 3.7 0.6
5036619780629 18.0 13.1  0.319900-99.9-99.9-99.9-99.9 2.3 2215.0 92 13.0   7  5.6 6.2 1.1
5036619780630 14.2  6.8  0.009900-99.9-99.9-99.9-99.9 0.0  012.5 92 10.3   7  5.6 3.7 0.5
5036619780701 14.4 10.0  0.009900-99.9-99.9-99.9-99.9 0.0  012.6 88 10.4   8  6.4 3.7 0.8
5036619780702 16.4 11.7  0.009900-99.9-99.9-99.9-99.9 0.0  012.9 86 10.7   6  4.8 3.7 1.1
5036619780703 17.1  9.7  0.009900-99.9-99.9-99.9-99.9 0.3  312.6 85 10.4   9  7.2 4.1 1.1
5036619780704 21.4  7.7  0.009900-99.9-99.9-99.9-99.9 3.2 3114.2 81 12.2   7  5.6 7.3 1.1
5036619780705 24.0 12.4  0.009900-99.9-99.9-99.9-99.9 4.0 3815.9 78 13.9  10  8.0 8.2 1.7
5036619780706 20.2 13.3  0.009900-99.9-99.9-99.9-99.9 0.3  316.7 88 14.7   7  5.6 4.1 1.0
5036619780707 20.2 14.7  0.009900-99.9-99.9-99.9-99.9 1.0 1017.1 87 15.0   6  4.8 4.9 1.1
5036619780708 23.8 14.1  0.009900-99.9-99.9-99.9-99.9 1.2 1117.5 81 15.4   4  3.2 5.1 1.2
5036619780709 25.0 16.0  0.009900-99.9-99.9-99.9-99.9 4.2 4018.8 79 16.5   4  3.2 8.5 1.5
5036619780710 26.9 12.8  0.009900-99.9-99.9-99.9-99.9 7.0 6716.9 76 14.9   1  0.811.6 1.5
5036619780711 21.9 14.4  0.009900-99.9-99.9-99.9-99.9 1.3 1217.2 83 15.1   8  6.4 5.3 1.3
5036619780712 25.0 15.3  0.009900-99.9-99.9-99.9-99.9 4.0 3817.6 79 15.5   7  5.6 8.3 1.7
5036619780713 28.3 12.5  0.009900-99.9-99.9-99.9-99.9 6.3 6017.2 72 15.1   4  3.211.0 1.7
5036619780714 29.0 14.0  0.009900-99.9-99.9-99.9-99.9 6.8 6415.3 57 13.3   9  7.211.6 2.4
5036619780715 25.1 10.2  0.009900-99.9-99.9-99.9-99.9 4.9 4614.1 66 12.1  14 11.2 9.4 2.1
5036619780716 19.4 10.1  0.009900-99.9-99.9-99.9-99.9 0.0  014.6 85 12.6   1  0.8 3.9 0.8
5036619780717 18.0  8.6  0.009900-99.9-99.9-99.9-99.9 2.0 1912.7 83 10.5   5  4.0 6.2 1.0
5036619780718 23.3  6.2  0.009900-99.9-99.9-99.9-99.9 5.7 5410.7 70  8.0   6  4.810.5 1.6
5036619780719 21.8  7.7  0.009900-99.9-99.9-99.9-99.9 2.3 2211.2 70  8.6   2  1.6 6.6 1.3
5036619780720 20.8  7.8  0.009900-99.9-99.9-99.9-99.9 4.2 3911.9 70  9.5  11  8.8 8.8 1.7
5036619780721 22.8 10.0  0.009900-99.9-99.9-99.9-99.9 1.3 1213.0 69 10.9   4  3.2 5.5 1.4
5036619780722 17.4 10.8  0.009900-99.9-99.9-99.9-99.9 1.7 1610.7 73  8.0   9  7.2 6.0 1.7
5036619780723 20.5  6.6  0.009900-99.9-99.9-99.9-99.9 2.0 19 9.7 58  6.5  14 11.2 6.4 2.1
5036619780724 21.2 10.6  0.009900-99.9-99.9-99.9-99.9 5.3 50 7.0 42  1.9  12  9.610.3 2.9
5036619780725 23.0  6.6  0.009900-99.9-99.9-99.9-99.9 7.0 65 9.6 59  6.4   9  7.212.3 2.1
5036619780726 16.6  7.2  0.009900-99.9-99.9-99.9-99.9 0.0  0 5.4 41 -1.7   4  3.2 4.1 1.8
5036619780727 12.4  7.6  0.009900-99.9-99.9-99.9-99.9 0.0  0 6.1 53  0.0   4  3.2 4.2 1.5
5036619780728 18.4 -1.5  0.009900-99.9-99.9-99.9-99.9 7.4 69 5.2 44 -2.2   9  7.213.0 1.9
5036619780729 19.8  2.4  0.009900-99.9-99.9-99.9-99.9 8.0 74 6.6 46  1.1   3  2.413.7 1.5
5036619780730 18.3  2.0  0.009900-99.9-99.9-99.9-99.9 6.1 56 7.6 57  3.0   5  4.011.5 1.5
5036619780731 20.9  3.1  0.009900-99.9-99.9-99.9-99.9 8.3 77 8.7 63  5.0   2  1.614.2 1.4
5036619780801 24.4  6.0  0.009900-99.9-99.9-99.9-99.9 8.2 76 9.8 53  6.7  10  8.014.2 2.3
5036619780802 28.0  9.7  0.009900-99.9-99.9-99.9-99.9 7.0 6412.1 57  9.8   9  7.212.8 2.6
5036619780803 24.4 11.6  0.009900-99.9-99.9-99.9-99.9 7.8 7212.6 57 10.4  10  8.013.8 2.5
5036619780804 21.6 10.0  0.009900-99.9-99.9-99.9-99.9 6.5 6010.5 59  7.7   5  4.012.3 1.9
5036619780805 17.8 11.4  0.009900-99.9-99.9-99.9-99.9 1.3 12 8.2 50  4.1  14 11.2 6.0 2.8
5036619780806 18.1 10.3  0.009900-99.9-99.9-99.9-99.9 7.3 67 8.8 60  5.1  10  8.013.4 2.4
5036619780807 13.0  6.0  0.009900-99.9-99.9-99.9-99.9 0.0  0 9.5 72  6.2   2  1.6 4.5 0.9
5036619780808 22.8  5.2  0.009900-99.9-99.9-99.9-99.9 9.5 87 8.6 56  4.8   9  7.216.3 2.4
5036619780809 27.0  7.3  0.009900-99.9-99.9-99.9-99.9 9.4 85 9.2 47  5.8   6  4.816.3 2.4
5036619780810 28.0  7.1  0.009900-99.9-99.9-99.9-99.9 8.7 79 9.1 46  5.6  13 10.415.5 3.3
5036619780811 19.6 10.7  0.009900-99.9-99.9-99.9-99.9 0.0  0 4.8 33 -3.3   8  6.4 4.6 2.9
5036619780812 14.0  6.2  0.009900-99.9-99.9-99.9-99.9 0.3  3 5.4 45 -1.7  12  9.6 5.0 2.5
5036619780813 13.0  4.8  0.009900-99.9-99.9-99.9-99.9 8.8 79 5.7 51 -1.0   5  4.015.9 1.8
5036619780814 17.4  0.0  0.009900-99.9-99.9-99.9-99.9 9.8 88 4.5 41 -4.1   9  7.217.3 2.3
5036619780815 19.5  0.2  0.009900-99.9-99.9-99.9-99.9 9.6 86 5.5 44 -1.4   5  4.017.1 2.0
5036619780816 21.5  2.0  0.009900-99.9-99.9-99.9-99.9 7.2 65 6.1 44  0.0   5  4.014.1 2.1
5036619780817 20.8  6.0  0.009900-99.9-99.9-99.9-99.9 3.6 32 6.2 43  0.2   7  5.6 9.5 2.4
5036619780818 18.6  4.0  0.009900-99.9-99.9-99.9-99.9 6.3 56 6.4 46  0.6   6  4.813.1 2.1
5036619780819 12.6  8.2  0.009900-99.9-99.9-99.9-99.9 0.0  0 5.9 48 -0.5   7  5.6 4.8 2.0
5036619780820 16.1  5.0  0.009900-99.9-99.9-99.9-99.9 6.5 58 6.8 58  1.5   5  4.013.5 1.9
5036619780821 20.4  1.0  0.009900-99.9-99.9-99.9-99.9 9.8 87 6.4 48  0.6   2  1.617.9 1.9
5036619780822 21.2  4.3  0.009900-99.9-99.9-99.9-99.9 7.1 63 7.3 48  2.5  10  8.014.4 2.6
5036619780823 18.7  6.4  0.419900-99.9-99.9-99.9-99.9 0.0  0 9.8 60  6.7   5  4.0 5.0 1.5
5036619780824 15.6  9.0  0.009900-99.9-99.9-99.9-99.9 0.0  010.3 79  7.4  11  8.8 5.0 1.7
5036619780825 20.6  4.4  0.009900-99.9-99.9-99.9-99.9 9.2 81 9.3 62  5.9  11  8.817.5 2.6
5036619780826 24.4  9.4  0.009900-99.9-99.9-99.9-99.9 9.6 84 8.2 44  4.1  14 11.218.2 3.8
5036619780827 27.7  9.3  0.009900-99.9-99.9-99.9-99.910.2 89 8.8 42  5.1  12  9.619.1 3.8
5036619780828 29.5 10.0  0.009900-99.9-99.9-99.9-99.9 8.3 73 9.2 40  5.8  12  9.616.6 3.9
5036619780829 22.8 11.9  0.009900-99.9-99.9-99.9-99.9 0.0  0 6.2 46  0.2  22 17.6 5.2 5.0
5036619780830 19.0  6.4  0.009900-99.9-99.9-99.9-99.9 8.8 77 5.0 31 -2.7  19 15.217.5 4.2
5036619780831 25.5  3.4  0.009900-99.9-99.9-99.9-99.914.0100 6.1 34  0.0   9  7.221.3 3.3
5036619780901 23.9  6.6  0.009900-99.9-99.9-99.9-99.9 8.0 69 6.6 40  1.1  14 11.216.5 3.8
5036619780902 16.3  4.0  0.009900-99.9-99.9-99.9-99.9 6.4 55 7.1 55  2.1   5  4.014.4 2.1
5036619780903 17.4  1.5  0.009900-99.9-99.9-99.9-99.9 7.5 65 6.5 53  0.9   9  7.216.0 2.4
5036619780904 20.6  2.4  0.009900-99.9-99.9-99.9-99.9 7.7 66 7.5 51  2.9   7  5.616.4 2.5
5036619780905 25.4  6.2  0.009900-99.9-99.9-99.9-99.9 7.9 68 7.5 38  2.9   7  5.616.8 3.1
5036619780906 29.6  7.8  0.009900-99.9-99.9-99.9-99.9 7.3 63 9.1 40  5.6   5  4.016.0 3.1
5036619780907 17.2 11.3  0.419900-99.9-99.9-99.9-99.9-9.9 9912.5 75 10.3   7  5.6-9.9-9.9
5036619780908 25.8  8.0  0.009900-99.9-99.9-99.9-99.9 7.7 6610.7 54  8.0  12  9.616.7 3.5
5036619780909 25.0 13.2  0.009900-99.9-99.9-99.9-99.9 6.6 56 9.2 41  5.8  12  9.615.2 4.0
5036619780910 30.0 10.5  0.009900-99.9-99.9-99.9-99.9 8.9 76 9.7 40  6.5  15 12.018.7 4.7
5036619780911 32.1 13.9  0.009900-99.9-99.9-99.9-99.9 6.1 5210.0 37  7.0   4  3.214.6 3.4
5036619780912 29.6 11.6  0.009900-99.9-99.9-99.9-99.9 6.7 5710.1 36  7.1   9  7.215.6 3.8
5036619780913 27.0 14.0  0.009900-99.9-99.9-99.9-99.9 4.7 40 9.6 35  6.4  17 13.612.7 4.8
5036619780914 23.8 14.0  0.009900-99.9-99.9-99.9-99.9 3.0 25 8.2 37  4.1  11  8.810.2 3.8
5036619780915 29.6  8.3  0.009900-99.9-99.9-99.9-99.9 5.5 46 8.3 36  4.3   7  5.614.0 3.4
5036619780916 31.5 15.0  0.009900-99.9-99.9-99.9-99.9 5.4 4511.9 40  9.5   6  4.814.0 3.6
5036619780917 35.0 14.2  1.119900-99.9-99.9-99.9-99.9 5.8 4914.4 43 12.4   7  5.614.6 3.9
5036619780918 18.6 14.1  0.009900-99.9-99.9-99.9-99.9 0.0  0 8.3 44  4.3   9  7.2 5.9 2.9
5036619780919 23.8  8.3  0.009900-99.9-99.9-99.9-99.9 4.0 33 8.3 44  4.3   9  7.212.0 3.2
5036619780920 29.2 11.0  0.009900-99.9-99.9-99.9-99.9 4.8 40 8.9 36  5.3   7  5.613.3 3.6
5036619780921 31.4 12.0  0.009900-99.9-99.9-99.9-99.9 4.5 3710.6 37  7.8   4  3.212.9 3.2
5036619780922 33.5 14.0  0.009900-99.9-99.9-99.9-99.9 5.1 4214.4 45 12.4   2  1.613.9 3.2
5036619780923 36.8 18.0  0.009900-99.9-99.9-99.9-99.9 5.9 4917.0 42 15.0   7  5.615.2 4.3
5036619780924 34.8 22.9 11.619900-99.9-99.9-99.9-99.9 4.2 3518.4 49 16.2  12  9.612.7 4.9
5036619780925 30.6 18.3  0.009900-99.9-99.9-99.9-99.9 4.7 3921.7 69 18.8  16 12.813.5 4.0
5036619780926 25.0 17.0  0.009900-99.9-99.9-99.9-99.9 5.0 4113.0 53 10.9  12  9.614.0 4.0
5036619780927 24.0 13.3  0.009900-99.9-99.9-99.9-99.9 3.6 3014.8 63 12.8  10  8.011.9 2.9
5036619780928 25.6 15.6  0.009900-99.9-99.9-99.9-99.9 4.8 3910.5 46  7.7  11  8.813.8 4.2
5036619780929 29.8 11.0  0.009900-99.9-99.9-99.9-99.9 5.4 4412.8 45 10.6  14 11.214.8 4.3
5036619780930 33.6 14.3  0.009900-99.9-99.9-99.9-99.9 5.4 4414.3 40 12.3  14 11.214.9 4.9
5036619781001 35.8 17.3  0.009900-99.9-99.9-99.9-99.9 4.9 4014.7 40 12.7   7  5.614.2 4.3
5036619781002 26.6 18.8  0.009900-99.9-99.9-99.9-99.9 4.5 3613.6 54 11.5  10  8.013.6 4.1
5036619781003 26.6 13.0  0.009900-99.9-99.9-99.9-99.9 6.0 4914.2 58 12.2   5  4.016.1 3.3
5036619781004 26.5 15.3  0.009900-99.9-99.9-99.9-99.9 4.2 3416.4 66 14.4   9  7.213.2 3.3
5036619781005 23.4 15.4  0.009900-99.9-99.9-99.9-99.9 0.0  017.4 71 15.3   8  6.4 6.5 2.0
5036619781006 30.8 18.8  1.819900-99.9-99.9-99.9-99.9 4.7 3820.0 61 17.5   7  5.614.2 3.7
5036619781007 32.0 19.2  0.009900-99.9-99.9-99.9-99.9 4.6 3720.8 64 18.1  11  8.814.0 4.2
5036619781008 32.6 20.0 75.219900-99.9-99.9-99.9-99.9 4.3 3420.2 55 17.7  10  8.013.6 4.2
5036619781009 27.2 16.1  3.619900-99.9-99.9-99.9-99.9 4.0 3216.9 69 14.9   9  7.213.2 3.5
5036619781010 29.2 15.4  0.009900-99.9-99.9-99.9-99.911.9 9518.9 67 16.6  10  8.026.1 5.2
5036619781011 29.9 16.4 24.019910-99.9-99.9-99.9-99.9 8.7 6918.3 53 16.1  13 10.421.0 5.0
5036619781012 26.7 10.0  2.219900-99.9-99.9-99.9-99.9 0.0  012.3 91 10.0  15 12.0 6.8 3.3
5036619781013 20.0 10.8  0.009900-99.9-99.9-99.9-99.9 6.8 5413.4 76 11.3   9  7.218.0 3.1
5036619781014 26.8 10.7  0.009900-99.9-99.9-99.9-99.912.0 9513.5 55 11.4  14 11.226.6 5.2
5036619781015 21.3 13.0  0.009900-99.9-99.9-99.9-99.9 4.6 3613.5 66 11.4  19 15.214.5 3.8
5036619781016 25.0 12.4  0.009900-99.9-99.9-99.9-99.9 8.1 6414.2 65 12.2  12  9.620.3 4.2
5036619781017 25.0 15.5  0.219900-99.9-99.9-99.9-99.9 5.9 4617.3 68 15.2  11  8.816.7 3.7
5036619781018 20.7 17.8  0.519900-99.9-99.9-99.9-99.9 0.5  417.6 79 15.5   7  5.6 7.8 2.1
5036619781019 21.1 14.8  0.319900-99.9-99.9-99.9-99.9 1.8 1416.7 82 14.7   7  5.610.0 2.3
5036619781020 25.4 15.0  0.009900-99.9-99.9-99.9-99.9 7.2 5618.3 75 16.1  11  8.819.1 3.9
5036619781021 32.5 15.7  0.009900-99.9-99.9-99.9-99.911.8 9219.5 59 17.1   6  4.826.8 5.4
5036619781022 35.4 20.2  0.009900-99.9-99.9-99.9-99.911.0 8619.6 49 17.2  14 11.225.5 6.9
5036619781023 35.5 20.0  0.009900-99.9-99.9-99.9-99.911.7 9119.9 47 17.4   7  5.626.8 6.2
5036619781024 33.6 21.6  0.009900-99.9-99.9-99.9-99.9 8.3 6420.4 57 17.8  17 13.621.1 6.5
5036619781025 21.3 18.4  0.009900-99.9-99.9-99.9-99.9 0.0  019.1 82 16.8   9  7.2 7.1 2.1
5036619781026 30.8 17.0  0.009900-99.9-99.9-99.9-99.9 9.5 7320.1 63 17.6   9  7.223.3 5.2
5036619781027 30.0 20.5  0.009900-99.9-99.9-99.9-99.910.8 8323.2 70 19.9   9  7.225.5 5.6
5036619781028 36.8 19.8  0.009900-99.9-99.9-99.9-99.911.6 8923.2 59 19.9  13 10.426.9 7.0
5036619781029 30.4 21.2  0.009900-99.9-99.9-99.9-99.9 3.2 2513.8 51 11.8  15 12.012.7 5.5
5036619781030 27.2 14.3  1.019900-99.9-99.9-99.9-99.9 9.3 7113.5 51 11.4   9  7.223.1 4.9
5036619781031 24.6 19.2  0.009900-99.9-99.9-99.9-99.9 0.0  018.5 70 16.3   9  7.2 7.3 2.6
5036619781101 27.5 17.5  0.009900-99.9-99.9-99.9-99.9 3.9 3018.0 62 15.8  11  8.814.0 3.9
5036619781102 29.5 19.8  2.019900-99.9-99.9-99.9-99.9 0.5  419.9 63 17.4   9  7.2 8.2 3.2
5036619781103 27.0 17.8  0.009900-99.9-99.9-99.9-99.9 8.5 6518.7 66 16.4  14 11.221.9 5.1
5036619781104 28.6 18.0  0.009900-99.9-99.9-99.9-99.911.7 8916.5 52 14.5  14 11.227.5 6.4
5036619781105 35.3 17.0  0.009900-99.9-99.9-99.9-99.9 9.5 7215.2 42 13.2   9  7.223.7 6.0
5036619781106 38.2 22.0  0.009900-99.9-99.9-99.9-99.9-9.9 9912.8 32 10.6  17 13.6-9.9-9.9
5036619781107 33.0 22.0  0.009900-99.9-99.9-99.9-99.9 3.0 2317.0 46 15.0   9  7.212.6 4.7
5036619781108 35.5 22.8  0.009900-99.9-99.9-99.9-99.9 2.0 1519.1 44 16.8   5  4.010.9 4.0
5036619781109 36.3 21.0  8.619900-99.9-99.9-99.9-99.9-9.9 9920.6 56 18.0  17 13.6-9.9-9.9
5036619781110 27.5 20.0  0.719900-99.9-99.9-99.9-99.9 0.0  022.8 87 19.6   7  5.6 7.5 2.4
5036619781111 30.0 18.2 23.719900-99.9-99.9-99.9-99.9-9.9 9921.3 73 18.5  13 10.4-9.9-9.9
5036619781112 20.7 16.8 28.619900-99.9-99.9-99.9-99.9 0.0  018.4 85 16.2   8  6.4 7.6 2.0
5036619781113 17.9 13.8  3.219900-99.9-99.9-99.9-99.9 0.0  015.5 94 13.5   6  4.8 7.6 1.8
5036619781114 21.1 14.3  0.009900-99.9-99.9-99.9-99.9 0.0  016.4 77 14.4   7  5.6 7.6 2.0
5036619781115 26.7 16.6  0.009900-99.9-99.9-99.9-99.9 0.0  019.2 74 16.9  11  8.8 7.6 2.7
5036619781116 31.1 17.7  0.009900-99.9-99.9-99.9-99.9-9.9 9923.8 63 20.3   6  4.8-9.9-9.9
5036619781117 33.6 21.2  0.009900-99.9-99.9-99.9-99.9 0.8  625.4 65 21.4  12  9.6 9.0 3.5
5036619781118 31.6 23.2  0.009900-99.9-99.9-99.9-99.9 1.1  826.8 73 22.2  11  8.8 9.6 3.4
5036619781119 28.4 21.2  2.419900-99.9-99.9-99.9-99.9 0.0  024.6 94 20.8   7  5.6 7.7 2.5
5036619781120 22.9 17.1 20.219900-99.9-99.9-99.9-99.9 0.0  021.0 96 18.3  15 12.0 7.7 2.1
5036619781121 20.0 16.8  1.919900-99.9-99.9-99.9-99.9 0.0  019.3 91 16.9  10  8.0 7.7 1.8
5036619781122 21.5 17.3 12.019900-99.9-99.9-99.9-99.9 0.0  020.9 92 18.2   6  4.8 7.7 1.8
5036619781123 19.6 17.4  0.619900-99.9-99.9-99.9-99.9 0.0  019.6 96 17.2   9  7.2 7.7 1.8
5036619781124 26.0 18.6  0.009900-99.9-99.9-99.9-99.9 1.3 1022.7 85 19.5   6  4.810.0 2.5
5036619781125 32.6 19.2  0.009900-99.9-99.9-99.9-99.9-9.9 9927.5 75 22.7   9  7.2-9.9-9.9
5036619781126 30.1 21.7  0.009900-99.9-99.9-99.9-99.9 0.0  015.9 50 13.9   6  4.8 7.8 3.5
5036619781127 31.4 18.0  0.009900-99.9-99.9-99.9-99.9-9.9 9919.2 57 16.9  11  8.8-9.9-9.9
5036619781128 32.1 17.2  0.009900-99.9-99.9-99.9-99.9-9.9 9919.8 55 17.3  11  8.8-9.9-9.9
5036619781129 33.3 20.4  0.009900-99.9-99.9-99.9-99.9 0.0  020.4 51 17.8   9  7.2 7.8 3.6
5036619781130 34.8 20.1  0.009900-99.9-99.9-99.9-99.9 2.6 1921.9 51 19.0   7  5.612.4 4.0
5036619781201 33.9 24.1  0.009900-99.9-99.9-99.9-99.9-9.9 9921.9 53 19.0  22 17.6-9.9-9.9
5036619781202 32.0 21.7  0.519900-99.9-99.9-99.9-99.9-9.9 9924.8 75 21.0  12  9.6-9.9-9.9
5036619781203 28.0 22.0 15.619900-99.9-99.9-99.9-99.9-9.9 9925.8 79 21.6  12  9.6-9.9-9.9
5036619781204 25.0 18.4  1.819900-99.9-99.9-99.9-99.9-9.9 9919.4 84 17.0  14 11.2-9.9-9.9
5036619781205 26.0 14.8  0.009900-99.9-99.9-99.9-99.9-9.9 9920.6 78 18.0   5  4.0-9.9-9.9
5036619781206 30.0 18.9 10.019900-99.9-99.9-99.9-99.9-9.9 9921.0 69 18.3  11  8.8-9.9-9.9
5036619781207 32.4 16.9  0.009900-99.9-99.9-99.9-99.9-9.9 9919.0 51 16.7  12  9.6-9.9-9.9
5036619781208 32.0 18.0 97.819900-99.9-99.9-99.9-99.9-9.9 9922.6 69 19.5  21 16.8-9.9-9.9
5036619781209 27.0 15.3  3.819900-99.9-99.9-99.9-99.9-9.9 9917.8 70 15.7  13 10.4-9.9-9.9
5036619781210 30.0 18.8  0.009900-99.9-99.9-99.9-99.9-9.9 9918.1 54 15.9   9  7.2-9.9-9.9
5036619781211 31.0 18.4  0.009900-99.9-99.9-99.9-99.9-9.9 9921.8 62 18.9  13 10.4-9.9-9.9
5036619781212 33.0 20.5  0.009900-99.9-99.9-99.9-99.9-9.9 9924.8 67 21.0   9  7.2-9.9-9.9
5036619781213 35.0 20.5 15.619900-99.9-99.9-99.9-99.9-9.9 9922.8 52 19.6  10  8.0-9.9-9.9
5036619781214 31.1 19.9  0.009900-99.9-99.9-99.9-99.9-9.9 9924.1 80 20.5  16 12.8-9.9-9.9
5036619781215 31.5 21.0 12.419900-99.9-99.9-99.9-99.9-9.9 9924.3 79 20.6  10  8.0-9.9-9.9
5036619781216 30.5 18.1  0.009900-99.9-99.9-99.9-99.9-9.9 9923.9 72 20.4   7  5.6-9.9-9.9
5036619781217 31.0 22.0  0.009900-99.9-99.9-99.9-99.9-9.9 9925.7 74 21.5  11  8.8-9.9-9.9
5036619781218 31.0 23.8  0.009900-99.9-99.9-99.9-99.9-9.9 9925.9 70 21.7   7  5.6-9.9-9.9
5036619781219 32.6 23.2  4.419900-99.9-99.9-99.9-99.9-9.9 9924.6 66 20.8   7  5.6-9.9-9.9
5036619781220 30.7 20.2  0.009900-99.9-99.9-99.9-99.9-9.9 9925.9 75 21.7  15 12.0-9.9-9.9
5036619781221 32.0 23.3 48.219900-99.9-99.9-99.9-99.9-9.9 9926.6 84 22.1  14 11.2-9.9-9.9
5036619781222 31.0 21.8  0.009900-99.9-99.9-99.9-99.9-9.9 9927.0 76 22.4   9  7.2-9.9-9.9
5036619781223 33.0 20.6  6.519900-99.9-99.9-99.9-99.9-9.9 9925.6 62 21.5  15 12.0-9.9-9.9
5036619781224 29.4 20.8  0.009900-99.9-99.9-99.9-99.9-9.9 9919.8 68 17.3  11  8.8-9.9-9.9
5036619781225 27.3 18.4  0.009900-99.9-99.9-99.9-99.9-9.9 9921.9 72 19.0   7  5.6-9.9-9.9
5036619781226 32.0 19.8  0.009900-99.9-99.9-99.9-99.9-9.9 9921.7 58 18.8  11  8.8-9.9-9.9
5036619781227 34.0 22.0  0.009900-99.9-99.9-99.9-99.9-9.9 9927.6 68 22.7  10  8.0-9.9-9.9
5036619781228 34.0 23.9  0.009900-99.9-99.9-99.9-99.9-9.9 9926.5 61 22.0   9  7.2-9.9-9.9
5036619781229 30.8 24.0  1.319900-99.9-99.9-99.9-99.9-9.9 9922.9 60 19.7  19 15.2-9.9-9.9
5036619781230 29.0 22.3 15.019900-99.9-99.9-99.9-99.9-9.9 9924.6 74 20.8  14 11.2-9.9-9.9
5036619781231 27.0 20.9 39.919900-99.9-99.9-99.9-99.9-9.9 9926.0 87 21.7  13 10.4-9.9-9.9
5036619790101 30.5 21.3  0.009900-99.9-99.9-99.9-99.9 4.6 3326.4 82 22.0  13 10.416.1 4.3
5036619790102 33.0 21.2 11.619900-99.9-99.9-99.9-99.9 4.1 3027.3 84 22.5  11  8.815.2 4.3
5036619790103 27.5 20.0  1.219900-99.9-99.9-99.9-99.9 4.3 3125.5 86 21.4  14 11.215.5 3.7
5036619790104 32.0 21.4  0.009900-99.9-99.9-99.9-99.9 3.2 2325.5 79 21.4  17 13.613.6 4.5
5036619790105 28.0 20.2  6.019900-99.9-99.9-99.9-99.9 0.3  225.7 90 21.5  16 12.8 8.5 2.7
5036619790106 30.0 20.8  0.009900-99.9-99.9-99.9-99.9 5.0 3624.5 71 20.8  10  8.016.7 4.4
5036619790107 32.0 22.2  0.009900-99.9-99.9-99.9-99.9 4.3 3124.6 64 20.8   6  4.815.5 4.2
5036619790108 30.5 21.6  0.009900-99.9-99.9-99.9-99.9 5.5 4024.0 70 20.4   7  5.617.6 4.5
5036619790109 31.5 23.0  0.119900-99.9-99.9-99.9-99.9 3.0 2225.7 75 21.5   7  5.613.2 3.9
5036619790110 35.0 22.0  0.009900-99.9-99.9-99.9-99.9 5.0 3723.8 59 20.3  12  9.616.7 5.4
5036619790111 34.8 24.0  0.219900-99.9-99.9-99.9-99.9 2.3 1722.6 53 19.5  16 12.811.9 5.3
5036619790112 34.5 22.0  0.009900-99.9-99.9-99.9-99.9 6.4 4725.6 61 21.5  13 10.419.1 5.6
5036619790113 33.0 22.4  9.719900-99.9-99.9-99.9-99.9 3.0 2227.0 79 22.4  14 11.213.1 4.3
5036619790114 32.0 20.8  0.009900-99.9-99.9-99.9-99.9 7.0 5124.9 74 21.0   7  5.620.2 5.0
5036619790115 31.7 22.8  0.009900-99.9-99.9-99.9-99.9 4.0 2927.9 76 22.9   9  7.214.9 4.1
5036619790116 34.1 23.0  0.009900-99.9-99.9-99.9-99.9 8.9 6629.5 77 23.8   9  7.223.5 6.0
5036619790117 35.3 19.3 30.319900-99.9-99.9-99.9-99.9 4.4 3225.1 65 21.2  10  8.015.6 4.6
5036619790118 24.4 19.7 19.219900-99.9-99.9-99.9-99.9 0.0  023.1 97 19.8  13 10.4 7.8 2.3
5036619790119 28.2 19.5  3.119900-99.9-99.9-99.9-99.9 3.5 2623.9 84 20.4   6  4.813.9 3.4
5036619790120 28.2 22.1  0.009900-99.9-99.9-99.9-99.9 2.7 2025.8 82 21.6   5  4.012.5 3.2
5036619790121 32.6 21.6  0.009900-99.9-99.9-99.9-99.9 6.5 4826.5 72 22.0   4  3.219.2 4.6
5036619790122 36.5 23.0  1.419900-99.9-99.9-99.9-99.9 5.2 3925.3 57 21.3   6  4.816.9 4.9
5036619790123 30.3 20.4  0.519900-99.9-99.9-99.9-99.9 3.9 2924.1 80 20.5   8  6.414.6 3.9
5036619790124 31.6 19.8  0.009900-99.9-99.9-99.9-99.9 5.5 4126.1 75 21.8   9  7.217.4 4.3
5036619790125 29.6 23.1  0.009900-99.9-99.9-99.9-99.9-9.9 9927.1 78 22.4  11  8.8-9.9-9.9
5036619790126 31.5 23.4  0.009900-99.9-99.9-99.9-99.9 0.7  530.7 86 24.5  12  9.6 8.9 2.9
5036619790127 29.6 21.0121.919900-99.9-99.9-99.9-99.9 1.2  926.7 91 22.2  12  9.6 9.8 2.9
5036619790128 23.6 17.8  7.719900-99.9-99.9-99.9-99.9 0.2  120.0 91 17.5  11  8.8 8.0 2.4
5036619790129 28.6 18.0  0.009900-99.9-99.9-99.9-99.9 2.8 2122.1 75 19.1   4  3.212.5 3.0
5036619790130 31.2 19.2  4.919900-99.9-99.9-99.9-99.9 6.8 5124.9 73 21.0   1  0.819.5 4.2
5036619790131 29.5 20.7  4.519900-99.9-99.9-99.9-99.9 1.3 1024.8 81 21.0  14 11.2 9.9 3.3
5036619790201 30.2 20.6  0.009900-99.9-99.9-99.9-99.9 3.3 2524.3 82 20.6   6  4.813.3 3.5
5036619790202 33.0 21.5  0.009900-99.9-99.9-99.9-99.9-9.9 9923.4 61 20.0   6  4.8-9.9-9.9
5036619790203 35.5 23.2  0.009900-99.9-99.9-99.9-99.9-9.9 9926.1 62 21.8   7  5.6-9.9-9.9
5036619790204 36.2 23.1 32.119900-99.9-99.9-99.9-99.9-9.9 9926.7 59 22.2  12  9.6-9.9-9.9
5036619790205 30.0 19.3  5.319900-99.9-99.9-99.9-99.9 0.8  623.1 90 19.8  12  9.6 8.9 3.1
5036619790206 28.0 20.3  0.009900-99.9-99.9-99.9-99.9 3.0 2324.5 83 20.8   6  4.812.7 3.1
5036619790207 24.0 17.4 32.219900-99.9-99.9-99.9-99.9 0.0  022.1 94 19.1  12  9.6 7.5 1.9
5036619790208 26.9 17.8  0.009900-99.9-99.9-99.9-99.9 4.0 3021.7 83 18.8   8  6.414.4 3.3
5036619790209 32.5 20.1  0.009900-99.9-99.9-99.9-99.9 5.4 4125.7 75 21.5  17 13.616.8 4.8
5036619790210 33.7 21.6  0.009900-99.9-99.9-99.9-99.911.4 8728.8 76 23.4  12  9.627.1 6.5
5036619790211 28.8 22.0 60.419900-99.9-99.9-99.9-99.9 0.3  226.4 94 22.0  15 12.0 7.9 2.8
5036619790212 29.1 21.0 20.019900-99.9-99.9-99.9-99.9 5.4 4126.4 88 22.0   6  4.816.6 3.8
5036619790213 31.1 20.6  4.019900-99.9-99.9-99.9-99.910.0 7726.9 77 22.3  10  8.024.5 5.5
5036619790214 32.7 21.8  9.219900-99.9-99.9-99.9-99.9 9.4 7226.8 72 22.2   9  7.223.4 5.6
5036619790215 27.1 18.9  2.019900-99.9-99.9-99.9-99.9 0.8  619.9 82 17.4  12  9.6 8.6 3.1
5036619790216 27.3 14.8  0.009900-99.9-99.9-99.9-99.911.5 8919.3 71 16.9   7  5.626.9 5.0
5036619790217 30.0 16.6  0.009900-99.9-99.9-99.9-99.911.3 8721.8 71 18.9   9  7.226.5 5.4
5036619790218 29.7 20.2  0.009900-99.9-99.9-99.9-99.9 8.3 6422.5 73 19.4   7  5.621.3 4.8
5036619790219 29.6 17.8 30.319900-99.9-99.9-99.9-99.9 3.5 2722.5 75 19.4   9  7.213.1 3.4
5036619790220 25.3 16.1  0.009900-99.9-99.9-99.9-99.9 7.4 5818.0 75 15.8  18 14.419.7 4.6
5036619790221 27.9 14.7  0.009900-99.9-99.9-99.9-99.910.7 8318.2 68 16.0   9  7.225.3 4.9
5036619790222 29.5 16.4  0.009900-99.9-99.9-99.9-99.9 8.5 6619.6 65 17.2   8  6.421.5 4.6
5036619790223 30.5 17.8  0.009900-99.9-99.9-99.9-99.9-9.9 9921.0 66 18.3   7  5.6-9.9-9.9
5036619790224 31.8 18.8  0.009900-99.9-99.9-99.9-99.9-9.9 9924.1 69 20.5   8  6.4-9.9-9.9
5036619790225 32.2 21.2 40.919900-99.9-99.9-99.9-99.9 4.9 3924.8 80 21.0   7  5.615.2 4.0
5036619790226 28.5 20.4  0.009900-99.9-99.9-99.9-99.9 2.1 1723.0 79 19.7   8  6.410.5 3.0
5036619790227 32.0 19.4  0.009900-99.9-99.9-99.9-99.9-9.9 9924.8 72 21.0   4  3.2-9.9-9.9
5036619790228 32.7 20.2 15.519900-99.9-99.9-99.9-99.9 8.7 6925.1 77 21.2  14 11.221.4 5.4
5036619790301 21.7 18.0  0.219900-99.9-99.9-99.9-99.9 0.0  020.1 92 17.6  11  8.8 6.9 1.9
5036619790302 27.3 17.5  0.009900-99.9-99.9-99.9-99.9 6.8 5422.5 83 19.4   6  4.818.1 3.7
5036619790303 30.5 19.7  0.009900-99.9-99.9-99.9-99.9 9.1 7224.8 75 21.0   5  4.021.9 4.6
5036619790304 34.6 22.3 13.419900-99.9-99.9-99.9-99.9-9.9 9928.6 74 23.3   9  7.2-9.9-9.9
5036619790305 30.0 23.5 11.819900-99.9-99.9-99.9-99.9 3.1 2527.8 90 22.8  20 16.011.8 3.9
5036619790306 29.2 22.0 48.219900-99.9-99.9-99.9-99.9 5.5 4427.1 83 22.4   6  4.815.7 3.6
5036619790307 26.5 15.8  9.019900-99.9-99.9-99.9-99.9 1.1  919.3 87 16.9   8  6.4 8.5 2.4
5036619790308 21.5 15.0  8.719900-99.9-99.9-99.9-99.9 0.0  017.3 86 15.2   2  1.6 6.6 1.6
5036619790309 24.7 16.7  1.219900-99.9-99.9-99.9-99.9 1.8 1519.8 86 17.3   4  3.2 9.5 2.2
5036619790310 21.8 18.0  8.819900-99.9-99.9-99.9-99.9 0.0  019.9 90 17.4   7  5.6 6.6 1.8
5036619790311 21.4 16.6  3.719900-99.9-99.9-99.9-99.9 0.0  019.8 89 17.3   3  2.4 6.5 1.5
5036619790312 23.2 17.2 16.419900-99.9-99.9-99.9-99.9 0.0  020.8 91 18.1   7  5.6 6.5 1.7
5036619790313 26.0 17.9  0.009900-99.9-99.9-99.9-99.9 1.3 1120.8 84 18.1   8  6.4 8.6 2.4
5036619790314 28.0 19.4  0.009900-99.9-99.9-99.9-99.9 3.8 3121.8 75 18.9   3  2.412.5 2.9
5036619790315 27.5 20.9  0.009900-99.9-99.9-99.9-99.9 2.1 1722.2 74 19.2   6  4.8 9.7 2.7
5036619790316 26.1 19.9  0.619900-99.9-99.9-99.9-99.9 2.1 1722.9 82 19.7   7  5.6 9.7 2.5
5036619790317 28.1 21.1  0.619900-99.9-99.9-99.9-99.9 1.5 1224.8 85 21.0   1  0.8 8.7 2.2
5036619790318 29.3 21.1  0.009900-99.9-99.9-99.9-99.9 3.0 2524.4 81 20.7   5  4.011.0 2.8
5036619790319 30.4 21.9  0.009900-99.9-99.9-99.9-99.9 4.0 3326.1 76 21.8   4  3.212.5 3.1
5036619790320 32.0 20.2 49.319900-99.9-99.9-99.9-99.9 7.1 5925.0 79 21.1  10  8.017.3 4.2
5036619790321 24.0 20.5  0.009900-99.9-99.9-99.9-99.9 2.0 1723.9 89 20.4  10  8.0 9.3 2.2
5036619790322 26.2 19.5 11.419900-99.9-99.9-99.9-99.9 2.3 1923.0 86 19.7  11  8.8 9.7 2.5
5036619790323 20.2 15.5  0.009900-99.9-99.9-99.9-99.9 0.0  016.6 89 14.6   9  7.2 6.1 1.8
5036619790324 23.4 15.9  0.119900-99.9-99.9-99.9-99.9 0.8  717.0 75 15.0   0  0.0 7.3 1.7
5036619790325 21.0 17.6  0.519900-99.9-99.9-99.9-99.9 0.0  018.5 85 16.3   6  4.8 6.0 1.7
5036619790326 22.5 16.8 18.519900-99.9-99.9-99.9-99.9 0.1  120.1 88 17.6   6  4.8 6.1 1.5
5036619790327 20.4 16.6  7.819900-99.9-99.9-99.9-99.9 0.0  019.3 94 16.9   6  4.8 5.9 1.4
5036619790328 22.4 17.2  0.009900-99.9-99.9-99.9-99.9 0.0  019.9 88 17.4   6  4.8 5.9 1.6
5036619790329 24.8 16.5 22.319900-99.9-99.9-99.9-99.9 3.0 2520.6 85 18.0   1  0.810.4 2.0
5036619790330 21.0 17.6  8.019900-99.9-99.9-99.9-99.9 0.0  018.8 92 16.5  11  8.8 5.8 1.8
5036619790331 24.5 14.6  0.009900-99.9-99.9-99.9-99.9 4.3 3620.2 84 17.7   6  4.812.2 2.2
5036619790401 26.8 16.0  0.009900-99.9-99.9-99.9-99.9 8.3 7021.6 78 18.7   9  7.218.1 3.3
5036619790402 29.0 18.6  5.019900-99.9-99.9-99.9-99.9 9.6 8223.4 77 20.0   4  3.220.0 3.7
5036619790403 24.4 12.6 12.719900-99.9-99.9-99.9-99.9 0.0  015.9 98 13.9  11  8.8 5.7 2.0
5036619790404 12.4  9.6  4.419900-99.9-99.9-99.9-99.9 0.0  012.1 91  9.8  16 12.8 5.6 1.2
5036619790405 17.0  9.0  0.009900-99.9-99.9-99.9-99.9 5.3 4511.1 76  8.5  11  8.813.4 2.3
5036619790406 21.0  9.0  0.009900-99.9-99.9-99.9-99.910.0 8611.3 69  8.8  12  9.620.1 3.2
5036619790407 23.5  8.5  0.009900-99.9-99.9-99.9-99.910.9 9412.5 70 10.3   8  6.421.3 3.1
5036619790408 23.2 10.2  0.009900-99.9-99.9-99.9-99.9 7.0 6013.4 67 11.3   7  5.615.6 2.6
5036619790409 25.0 11.6  0.009900-99.9-99.9-99.9-99.910.5 9115.6 71 13.6   5  4.020.5 3.1
5036619790410 26.6 11.6  0.009900-99.9-99.9-99.9-99.9 9.5 8217.5 74 15.4   4  3.219.0 2.9
5036619790411 21.5 16.4  9.919900-99.9-99.9-99.9-99.9 1.5 1317.7 81 15.6  13 10.4 7.5 2.1
5036619790412 17.2 14.6 23.019900-99.9-99.9-99.9-99.9 0.0  017.1 97 15.0   7  5.6 5.3 1.1
5036619790413 15.5 11.9  1.119900-99.9-99.9-99.9-99.9 0.0  014.3 93 12.3   5  4.0 5.3 1.1
5036619790414 20.5 11.4  0.009900-99.9-99.9-99.9-99.9 4.5 3914.5 75 12.5   5  4.011.6 1.9
5036619790415 26.0 11.2  0.009900-99.9-99.9-99.9-99.910.8 9415.6 72 13.6   8  6.420.3 3.1
5036619790416 26.6 12.0  0.009900-99.9-99.9-99.9-99.910.5 9217.2 74 15.1   4  3.219.8 2.9
5036619790417 26.1 12.6  0.009900-99.9-99.9-99.9-99.910.0 8818.2 76 16.0   2  1.619.0 2.7
5036619790418 26.2 15.4  0.009900-99.9-99.9-99.9-99.9 5.7 5020.0 80 17.5   6  4.812.9 2.4
5036619790419 26.0 13.5 13.819900-99.9-99.9-99.9-99.9 5.2 4621.5 80 18.7  10  8.012.2 2.0
5036619790420 23.0 17.2  6.419900-99.9-99.9-99.9-99.9 1.5 1320.5 90 17.9   5  4.0 7.1 1.5
5036619790421 23.0 14.9  2.319900-99.9-99.9-99.9-99.9 1.0  918.8 79 16.5   7  5.6 6.4 1.5
5036619790422 19.6 16.2 34.619900-99.9-99.9-99.9-99.9 0.0  018.9 95 16.6  12  9.6 5.0 1.2
5036619790423 18.4 15.9  0.219900-99.9-99.9-99.9-99.9 0.0  017.6 91 15.5   5  4.0 4.9 1.1
5036619790424 19.2 16.1  1.619900-99.9-99.9-99.9-99.9 0.0  018.2 90 16.0   6  4.8 4.9 1.1
5036619790425 17.5 16.2  0.009900-99.9-99.9-99.9-99.9 0.0  016.8 90 14.8   6  4.8 4.9 1.2
5036619790426 22.5 13.4  0.009900-99.9-99.9-99.9-99.9 2.3 2117.3 82 15.2   2  1.6 7.9 1.4
5036619790427 23.0 13.4  0.009900-99.9-99.9-99.9-99.9 1.7 1517.1 79 15.0   1  0.8 7.0 1.4
5036619790428 25.2 13.7  0.009900-99.9-99.9-99.9-99.9 8.0 7217.9 75 15.8   4  3.215.2 2.3
5036619790429 21.2 14.5  0.009900-99.9-99.9-99.9-99.9 0.6  514.9 72 12.9   4  3.2 5.5 1.5
5036619790430 23.0 11.4  0.009900-99.9-99.9-99.9-99.9 6.5 5915.1 73 13.1   7  5.613.1 2.1
5036619790501 23.5 14.2  0.009900-99.9-99.9-99.9-99.9 7.3 6616.3 75 14.3   3  2.414.0 2.1
5036619790502 26.4 13.6  0.009900-99.9-99.9-99.9-99.9 9.8 8917.3 80 15.2   6  4.817.2 2.6
5036619790503 23.3 14.2  0.009900-99.9-99.9-99.9-99.9 3.9 3516.9 76 14.9   6  4.8 9.5 1.8
5036619790504 21.2 13.5  0.009900-99.9-99.9-99.9-99.9 1.5 1412.6 67 10.4   7  5.6 6.5 1.9
5036619790505 19.0  9.2  0.009900-99.9-99.9-99.9-99.9 3.7 3413.3 74 11.2   5  4.0 9.2 1.4
5036619790506 23.0 10.4  0.009900-99.9-99.9-99.9-99.9 6.5 5914.9 75 12.9   6  4.812.6 1.8
5036619790507 23.0 11.1  0.009900-99.9-99.9-99.9-99.9 4.5 4114.5 69 12.5   5  4.010.1 1.7
5036619790508 22.0 14.0  0.009900-99.9-99.9-99.9-99.9 5.5 5014.2 68 12.2   7  5.611.3 2.1
5036619790509 20.0 11.7  0.009900-99.9-99.9-99.9-99.9 4.5 4113.7 78 11.6   1  0.810.0 1.4
5036619790510 22.0 10.2  0.009900-99.9-99.9-99.9-99.9 5.7 5214.6 74 12.6   6  4.811.4 1.6
5036619790511 21.5 13.3  0.009900-99.9-99.9-99.9-99.9 0.1  116.1 77 14.1   4  3.2 4.5 1.2
5036619790512 22.0 14.1  0.009900-99.9-99.9-99.9-99.9 0.1  117.5 81 15.4   5  4.0 4.4 1.2
5036619790513 24.5 16.1  0.009900-99.9-99.9-99.9-99.9 5.8 5417.5 79 15.4   2  1.611.3 1.8
5036619790514 19.5 12.3  0.009900-99.9-99.9-99.9-99.9 0.3  316.3 84 14.3   4  3.2 4.6 0.9
5036619790515 25.0 15.9  0.009900-99.9-99.9-99.9-99.9 6.3 5818.2 81 16.0   4  3.211.8 1.9
5036619790516 25.5 14.0  0.009900-99.9-99.9-99.9-99.9 3.3 3117.4 74 15.3   5  4.0 8.1 1.7
5036619790517 27.0 14.2  0.009900-99.9-99.9-99.9-99.9 8.1 7518.9 80 16.6   3  2.413.8 2.0
5036619790518 20.7 16.0  1.019900-99.9-99.9-99.9-99.9 0.5  517.8 90 15.7   9  7.2 4.7 1.3
5036619790519 20.0 15.4  0.009900-99.9-99.9-99.9-99.9 0.2  217.3 83 15.2   8  6.4 4.4 1.2
5036619790520 27.0 14.3  0.009900-99.9-99.9-99.9-99.9 7.4 6919.1 79 16.8   7  5.612.8 2.1
5036619790521 25.4 14.7  0.009900-99.9-99.9-99.9-99.9 4.0 3718.5 83 16.3   5  4.0 8.8 1.6
5036619790522 19.8 14.5  0.009900-99.9-99.9-99.9-99.9 1.1 1013.1 64 11.0   8  6.4 5.3 1.8
5036619790523 22.1 11.1  0.009900-99.9-99.9-99.9-99.9 7.7 7212.9 71 10.7   6  4.813.0 1.8
5036619790524 23.9  9.0  0.009900-99.9-99.9-99.9-99.9 7.7 7214.5 75 12.5   4  3.212.9 1.5
5036619790525 22.8 12.2  0.009900-99.9-99.9-99.9-99.9 0.9  814.5 72 12.5  11  8.8 5.0 1.8
5036619790526 17.4 14.3  0.009900-99.9-99.9-99.9-99.9 0.0  011.5 64  9.0  11  8.8 4.0 1.9
5036619790527 21.6  8.9  0.009900-99.9-99.9-99.9-99.9 5.2 4912.6 70 10.4   8  6.4 9.9 1.6
5036619790528 23.0  9.2  0.219900-99.9-99.9-99.9-99.9 5.8 5513.0 68 10.9   9  7.210.5 1.7
5036619790529 17.8 10.2  0.009900-99.9-99.9-99.9-99.9 0.0  0 9.5 65  6.2  10  8.0 3.9 1.9
5036619790530 16.8  5.6  0.009900-99.9-99.9-99.9-99.9 5.3 50 9.0 72  5.4   7  5.6 9.9 1.4
5036619790531 21.5  3.4  0.009900-99.9-99.9-99.9-99.9 6.0 57 9.7 71  6.5   4  3.210.7 1.3
5036619790601 21.6  5.4  0.009900-99.9-99.9-99.9-99.9 5.3 5010.7 70  8.0   4  3.2 9.8 1.3
5036619790602 23.3  7.6  0.009900-99.9-99.9-99.9-99.9 5.5 5211.5 71  9.0   6  4.810.0 1.6
5036619790603 23.0  6.8  0.009900-99.9-99.9-99.9-99.9 5.7 5411.3 70  8.8   6  4.810.2 1.5
5036619790604 17.4  6.8  0.009900-99.9-99.9-99.9-99.9 0.0  011.2 73  8.6   6  4.8 3.8 1.0
5036619790605 14.0 11.0  0.009900-99.9-99.9-99.9-99.9 0.0  010.1 74  7.1   4  3.2 3.8 1.2
5036619790606 15.0  9.4  0.009900-99.9-99.9-99.9-99.9 0.2  210.3 72  7.4   1  0.8 4.0 1.0
5036619790607 18.7  5.1  0.009900-99.9-99.9-99.9-99.9 7.2 69 8.6 68  4.8   4  3.211.8 1.3
5036619790608 20.2  3.6  0.009900-99.9-99.9-99.9-99.9 7.3 70 8.7 67  5.0   2  1.611.8 1.1
5036619790609 20.7  4.3  0.009900-99.9-99.9-99.9-99.9 6.5 62 9.4 67  6.1   2  1.610.9 1.1
5036619790610 18.5  6.2  0.009900-99.9-99.9-99.9-99.9 4.9 4710.1 72  7.1   0  0.0 9.2 0.9
5036619790611 20.8  5.8  0.009900-99.9-99.9-99.9-99.9 6.8 6510.3 73  7.4   4  3.211.2 1.2
5036619790612 20.6  6.0  0.009900-99.9-99.9-99.9-99.9 7.0 6710.3 69  7.4   6  4.811.4 1.4
5036619790613 13.1  7.8  0.009900-99.9-99.9-99.9-99.9 0.3  3 7.7 68  3.2   6  4.8 4.1 1.4
5036619790614  7.8  3.9  0.009900-99.9-99.9-99.9-99.9 0.0  0 7.0 78  1.9   7  5.6 3.7 0.9
5036619790615  8.1  3.4  0.009900-99.9-99.9-99.9-99.9 0.0  0 7.2 80  2.3   1  0.8 3.7 0.7
5036619790616  9.9  4.0  0.009900-99.9-99.9-99.9-99.9 0.0  0 8.1 77  3.9   5  4.0 3.7 0.8
5036619790617 18.3  4.3  0.009900-99.9-99.9-99.9-99.9 3.8 36 9.8 77  6.7   4  3.2 7.9 1.0
5036619790618 21.5  4.2  0.009900-99.9-99.9-99.9-99.9 7.2 6911.2 74  8.6   4  3.211.6 1.1
5036619790619 22.6  7.1  0.009900-99.9-99.9-99.9-99.9 7.4 7112.0 72  9.7   7  5.611.8 1.4
5036619790620 16.3  9.4  0.009900-99.9-99.9-99.9-99.9 0.0  012.5 76 10.3   7  5.6 3.7 0.9
5036619790621 16.6 12.4  0.009900-99.9-99.9-99.9-99.9 0.0  013.2 80 11.1   6  4.8 3.7 1.1
5036619790622 23.1  9.6  0.009900-99.9-99.9-99.9-99.9 5.1 4914.5 79 12.5   2  1.6 9.3 1.1
5036619790623 19.7  8.6  0.009900-99.9-99.9-99.9-99.9 2.0 1911.9 67  9.5  15 12.0 5.9 1.7
5036619790624 18.7  8.6  0.009900-99.9-99.9-99.9-99.9 6.1 59 7.1 55  2.1  10  8.010.3 2.1
5036619790625 19.1  2.9  0.009900-99.9-99.9-99.9-99.9 5.1 49 7.3 58  2.5   7  5.6 9.3 1.5
5036619790626 21.2  4.1  0.009900-99.9-99.9-99.9-99.9 5.4 52 8.3 59  4.3   7  5.6 9.6 1.6
5036619790627 20.4  5.6  0.009900-99.9-99.9-99.9-99.9 4.7 45 9.5 66  6.2   4  3.2 8.8 1.3
5036619790628 20.8  5.9  0.009900-99.9-99.9-99.9-99.9 4.0 3810.1 65  7.1   3  2.4 8.1 1.2
5036619790629 22.1  9.5  0.009900-99.9-99.9-99.9-99.9 3.8 3612.5 70 10.3   4  3.2 7.9 1.3
5036619790630 22.1 10.5  0.009900-99.9-99.9-99.9-99.9 3.0 2913.6 72 11.5  10  8.0 7.0 1.6
5036619790701 18.6 11.0  0.009900-99.9-99.9-99.9-99.9 3.5 3410.3 66  7.4   6  4.8 7.6 1.6
5036619790702 20.3  5.2  0.009900-99.9-99.9-99.9-99.9-9.9 99 9.4 68  6.1   7  5.6-9.9-9.9
5036619790703 20.3  5.1  0.009900-99.9-99.9-99.9-99.9-9.9 9910.0 72  7.0   9  7.2-9.9-9.9
5036619790704 13.1  6.6  0.219900-99.9-99.9-99.9-99.9 0.0  010.9 85  8.2  12  9.6 3.8 0.8
5036619790705 12.8 10.1  0.219900-99.9-99.9-99.9-99.9 0.0  012.2 91  9.9   2  1.6 3.8 0.7
5036619790706 14.2 10.9  1.619900-99.9-99.9-99.9-99.9 0.0  012.9 87 10.7   0  0.0 3.8 0.7
5036619790707 14.5 11.3  0.009900-99.9-99.9-99.9-99.9 0.0  013.9 92 11.9   4  3.2 3.8 0.7
5036619790708 17.6 11.8  0.009900-99.9-99.9-99.9-99.9 0.0  012.6 79 10.4   2  1.6 3.8 1.0
5036619790709 14.0  8.1  0.119900-99.9-99.9-99.9-99.9 0.0  010.3 91  7.4   7  5.6 3.8 1.1
5036619790710 12.3  7.8  0.009900-99.9-99.9-99.9-99.9 0.0  010.8 86  8.1   4  3.2 3.8 0.7
5036619790711 17.2  9.8  0.009900-99.9-99.9-99.9-99.9 1.8 1711.3 78  8.8   3  2.4 5.9 1.1
5036619790712 22.7  2.5  0.009900-99.9-99.9-99.9-99.9 6.5 6212.4 73 10.1   1  0.811.1 1.0
5036619790713 22.4  8.2  0.009900-99.9-99.9-99.9-99.9 8.1 7712.9 73 10.7  11  8.813.0 1.7
5036619790714 19.5 13.6  0.009900-99.9-99.9-99.9-99.9 3.8 3612.9 74 10.7   5  4.0 8.2 1.5
5036619790715 16.0 12.2  0.009900-99.9-99.9-99.9-99.9 0.1  112.0 77  9.7   6  4.8 4.0 1.2
5036619790716 19.3  9.6  0.009900-99.9-99.9-99.9-99.9 6.7 63 9.4 61  6.1   7  5.611.5 1.8
5036619790717 19.4  5.1  0.009900-99.9-99.9-99.9-99.9-9.9 9910.0 72  7.0   4  3.2-9.9-9.9
5036619790718 19.3  5.4  0.009900-99.9-99.9-99.9-99.9 3.9 37 8.0 57  3.8  21 16.8 8.4 2.8
5036619790719 15.5  2.8  0.009900-99.9-99.9-99.9-99.9-9.9 99 5.0 48 -2.7   6  4.8-9.9-9.9
5036619790720 21.9  2.4  0.009900-99.9-99.9-99.9-99.9-9.9 99 6.1 46  0.0   1  0.8-9.9-9.9
5036619790721 23.7  2.1  0.009900-99.9-99.9-99.9-99.9-9.9 99 6.4 45  0.6   1  0.8-9.9-9.9
5036619790722 19.3  4.3  0.009900-99.9-99.9-99.9-99.9-9.9 99 7.7 55  3.2   5  4.0-9.9-9.9
5036619790723 23.3  4.7  0.009900-99.9-99.9-99.9-99.9-9.9 99 9.1 61  5.6   2  1.6-9.9-9.9
5036619790724 26.1  8.0  0.009900-99.9-99.9-99.9-99.9 6.0 5611.0 52  8.4   2  1.611.1 1.6
5036619790725 28.1 10.0  0.009900-99.9-99.9-99.9-99.9 7.3 6810.8 52  8.1   4  3.212.7 2.0
5036619790726 28.8 12.6  0.009900-99.9-99.9-99.9-99.9 7.5 7014.9 64 12.9   4  3.212.9 2.1
5036619790727 30.0 15.8  0.009900-99.9-99.9-99.9-99.9 6.1 5715.0 58 13.0   4  3.211.4 2.3
5036619790728 31.2 15.3  0.009900-99.9-99.9-99.9-99.9 7.4 6915.9 59 13.9   2  1.612.9 2.2
5036619790729 33.0 13.9  0.009900-99.9-99.9-99.9-99.9-9.9 9916.6 58 14.6   1  0.8-9.9-9.9
5036619790730 30.7 15.6  0.009900-99.9-99.9-99.9-99.9-9.9 9915.5 55 13.5   6  4.8-9.9-9.9
5036619790731 30.9 14.2  0.009900-99.9-99.9-99.9-99.9-9.9 9914.2 57 12.2   7  5.6-9.9-9.9
5036619790801 21.9 16.0  0.009900-99.9-99.9-99.9-99.9 0.5  513.1 61 11.0   4  3.2 4.9 1.8
5036619790802 20.5 13.1  0.009900-99.9-99.9-99.9-99.9 3.3 3013.3 70 11.2   5  4.0 8.3 1.7
5036619790803 19.0 13.0  0.009900-99.9-99.9-99.9-99.9 2.5 2313.0 79 10.9   4  3.2 7.4 1.5
5036619790804 20.4  7.3  0.009900-99.9-99.9-99.9-99.9 6.0 5511.8 77  9.4   3  2.411.7 1.5
5036619790805 26.6 13.2  0.009900-99.9-99.9-99.9-99.9 5.0 4613.6 67 11.5   2  1.610.5 1.9
5036619790806 25.9 12.0  0.009900-99.9-99.9-99.9-99.9 6.8 6215.2 71 13.2   4  3.212.8 2.0
5036619790807 19.8 13.0  0.009900-99.9-99.9-99.9-99.9 0.0  017.1 84 15.0   4  3.2 4.4 0.9
5036619790808 25.0 17.1  0.009900-99.9-99.9-99.9-99.9 5.0 4617.6 75 15.5   1  0.810.7 1.9
5036619790809 28.1 13.0  0.009900-99.9-99.9-99.9-99.9 8.4 7616.1 66 14.1   4  3.215.0 2.4
5036619790810 27.9 14.4  9.019900-99.9-99.9-99.9-99.9 7.4 6717.5 70 15.4   6  4.813.9 2.5
5036619790811 23.2 10.9  7.119900-99.9-99.9-99.9-99.9 0.0  013.1 94 11.0   4  3.2 4.6 1.5
5036619790812 11.8  9.1  5.919900-99.9-99.9-99.9-99.9 0.0  011.6 92  9.2   4  3.2 4.6 0.8
5036619790813 14.3 10.1  0.619900-99.9-99.9-99.9-99.9 0.0  012.8 88 10.6   5  4.0 4.6 0.9
5036619790814 17.2 12.1  0.009900-99.9-99.9-99.9-99.9 0.8  713.0 83 10.9   5  4.0 5.7 1.3
5036619790815 15.6 11.2  0.119900-99.9-99.9-99.9-99.9 0.0  013.7 89 11.6   6  4.8 4.7 1.0
5036619790816 21.3 13.4  0.009900-99.9-99.9-99.9-99.9 1.8 1614.7 76 12.7   4  3.2 7.1 1.6
5036619790817 22.5 11.0  0.009900-99.9-99.9-99.9-99.9 6.7 6013.9 74 11.9   2  1.613.5 1.9
5036619790818 27.4 10.4  0.009900-99.9-99.9-99.9-99.9 9.5 8512.7 58 10.5   2  1.617.2 2.4
5036619790819 27.6 10.3  0.009900-99.9-99.9-99.9-99.9 9.9 8813.0 55 10.9   9  7.217.9 3.0
5036619790820 30.6 11.7  0.009900-99.9-99.9-99.9-99.9 9.4 8413.9 59 11.9   4  3.217.3 2.8
5036619790821 29.5 13.4  0.009900-99.9-99.9-99.9-99.9 9.7 8615.0 58 13.0   3  2.417.8 2.8
5036619790822 28.4 13.9  0.009900-99.9-99.9-99.9-99.9 9.1 8115.0 60 13.0   7  5.617.1 3.1
5036619790823 28.9 17.5  0.009900-99.9-99.9-99.9-99.9 7.8 6917.6 63 15.5   2  1.615.4 2.8
5036619790824 32.0 16.3  0.009900-99.9-99.9-99.9-99.9 9.6 8517.9 60 15.8   4  3.218.0 3.3
5036619790825 29.7 15.6  0.009900-99.9-99.9-99.9-99.9 9.2 8112.6 48 10.4  10  8.017.5 3.9
5036619790826 25.5 13.8  0.009900-99.9-99.9-99.9-99.9 5.2 4611.5 56  9.0   6  4.812.2 2.8
5036619790827 32.6 11.1  0.009900-99.9-99.9-99.9-99.9 9.0 7914.2 51 12.2   9  7.217.4 3.6
5036619790828 23.9 11.8  0.009900-99.9-99.9-99.9-99.9 0.0  0 6.2 38  0.2   6  4.8 5.1 2.8
5036619790829 21.1  9.6  0.009900-99.9-99.9-99.9-99.9 4.7 41 6.5 40  0.9   6  4.811.7 2.7
5036619790830 24.9  7.4  0.009900-99.9-99.9-99.9-99.9 9.6 84 8.7 46  5.0   2  1.618.6 2.5
5036619790831 22.9 10.2  0.009900-99.9-99.9-99.9-99.9 9.0 78 9.0 42  5.4  14 11.217.8 3.7
5036619790901 19.2 11.9  0.009900-99.9-99.9-99.9-99.9 1.0  9 5.0 32 -2.7  12  9.6 6.7 3.6
5036619790902 22.9  2.3  0.009900-99.9-99.9-99.9-99.9 9.5 82 6.2 52  0.2   4  3.218.7 2.5
5036619790903 23.4  5.2  0.009900-99.9-99.9-99.9-99.9 9.2 79 7.1 40  2.1   3  2.418.4 2.5
5036619790904 18.0  6.2  0.009900-99.9-99.9-99.9-99.9 9.0 78 6.9 49  1.7   0  0.018.2 2.1
5036619790905 21.8  3.5  0.009900-99.9-99.9-99.9-99.9 0.9  8 7.5 49  2.9   6  4.8 6.7 2.1
5036619790906 24.3  5.6  0.009900-99.9-99.9-99.9-99.9 7.4 64 8.4 49  4.5   4  3.216.1 2.6
5036619790907 24.3  7.5  0.009900-99.9-99.9-99.9-99.9 6.0 51 9.7 48  6.5   7  5.614.2 2.8
5036619790908 19.7 11.0 11.219900-99.9-99.9-99.9-99.9 0.0  014.0 90 12.0  10  8.0 5.5 1.6
5036619790909 23.4 10.8  0.009900-99.9-99.9-99.9-99.9 9.6 8211.4 58  8.9   7  5.619.6 3.2
5036619790910 26.2  8.9  0.009900-99.9-99.9-99.9-99.9 8.2 7010.9 51  8.2   2  1.617.6 2.7
5036619790911 22.1  8.4  0.719900-99.9-99.9-99.9-99.9 8.2 7012.6 68 10.4   5  4.017.7 2.6
5036619790912 18.2 11.8  8.519900-99.9-99.9-99.9-99.9 0.0  015.1 96 13.1   4  3.2 5.7 1.2
5036619790913 20.1 10.8  0.009900-99.9-99.9-99.9-99.9 6.5 5512.0 71  9.7   4  3.215.4 2.5
5036619790914 22.2  8.1  0.009900-99.9-99.9-99.9-99.9 7.0 5912.5 66 10.3   4  3.216.2 2.5
5036619790915 21.3 10.0  4.919900-99.9-99.9-99.9-99.9-9.9 9911.5 62  9.0   6  4.8-9.9-9.9
5036619790916 17.6  6.2  3.119900-99.9-99.9-99.9-99.9 0.0  0 9.6 96  6.4   5  4.0 5.8 1.6
5036619790917  9.1  6.6  1.219900-99.9-99.9-99.9-99.9 0.0  0 8.8 83  5.1   0  0.0 5.9 1.0
5036619790918 18.3  2.8  0.009900-99.9-99.9-99.9-99.9 8.3 69 9.0 64  5.4  11  8.818.5 2.7
5036619790919 22.3  4.9  0.009900-99.9-99.9-99.9-99.9 9.0 7510.3 63  7.4   7  5.619.6 2.9
5036619790920 25.5  8.4  0.009900-99.9-99.9-99.9-99.9 7.5 6211.1 57  8.5   2  1.617.4 2.8
5036619790921 28.0  9.1  0.009900-99.9-99.9-99.9-99.9 7.9 6611.7 51  9.3   2  1.618.1 3.0
5036619790922 31.7 12.3  0.009900-99.9-99.9-99.9-99.9 7.7 6414.3 50 12.3   0  0.017.9 3.2
5036619790923 32.7 15.6  0.009900-99.9-99.9-99.9-99.9 8.1 6715.5 49 13.5   6  4.818.6 4.1
5036619790924 34.9 16.8  0.009900-99.9-99.9-99.9-99.9 8.0 6614.8 44 12.8   7  5.618.5 4.5
5036619790925 26.8 15.5  0.009900-99.9-99.9-99.9-99.9 0.3  216.4 72 14.4   7  5.6 6.6 2.4
5036619790926 28.0 12.9  3.619900-99.9-99.9-99.9-99.9-9.9 9918.8 69 16.5   8  6.4-9.9-9.9
5036619790927 26.2 14.4  1.819900-99.9-99.9-99.9-99.9 0.0  015.2 86 13.2   1  0.8 6.2 1.9
5036619790928 17.5 13.7  0.009900-99.9-99.9-99.9-99.9 0.0  012.0 69  9.7   1  0.8 6.3 1.7
5036619790929 20.8  8.3  0.009900-99.9-99.9-99.9-99.9 1.2 1010.2 58  7.3   4  3.2 8.2 2.1
5036619790930 16.6 11.1  0.009900-99.9-99.9-99.9-99.9 0.0  010.2 63  7.3   6  4.8 6.4 2.0
5036619791001 22.0 11.6  0.009900-99.9-99.9-99.9-99.9 8.2 6712.8 66 10.6   9  7.219.4 3.5
5036619791002 18.6 14.2  0.009900-99.9-99.9-99.9-99.9 0.0  015.2 84 13.2   9  7.2 6.4 1.8
5036619791003 21.9 15.1  0.009900-99.9-99.9-99.9-99.9 1.1  916.6 84 14.6   7  5.6 8.2 2.1
5036619791004 27.6 12.6  0.009900-99.9-99.9-99.9-99.9 7.8 6318.0 65 15.8  10  8.019.0 3.7
5036619791005 23.6 13.9  0.009900-99.9-99.9-99.9-99.9 0.0  010.0 56  7.0  10  8.0 6.5 3.2
5036619791006 23.0 14.6  0.009900-99.9-99.9-99.9-99.9 2.5 2010.1 46  7.1   6  4.810.6 3.1
5036619791007 26.8 13.6  0.009900-99.9-99.9-99.9-99.9 6.4 5111.4 47  8.9   2  1.616.9 3.3
5036619791008 31.0 11.5  0.009900-99.9-99.9-99.9-99.9 8.7 7013.5 48 11.4   6  4.820.7 4.2
5036619791009 30.1 13.1  0.009900-99.9-99.9-99.9-99.9 4.9 3913.4 50 11.3   8  6.414.6 3.9
5036619791010 32.7 15.2  0.009900-99.9-99.9-99.9-99.910.3 8215.1 46 13.1   4  3.223.5 4.7
5036619791011 32.0 18.5  1.519900-99.9-99.9-99.9-99.9 6.8 5416.2 47 14.2   7  5.617.8 4.6
5036619791012 27.7 19.9 12.319900-99.9-99.9-99.9-99.9 3.6 2921.8 74 18.9   4  3.212.7 3.0
5036619791013 23.7 17.7  0.619900-99.9-99.9-99.9-99.9 1.5 1219.0 78 16.7  11  8.8 9.3 2.6
5036619791014 27.9 17.0  0.009900-99.9-99.9-99.9-99.9 7.2 5716.1 56 14.1   4  3.218.7 3.9
5036619791015 30.8 15.9  0.009900-99.9-99.9-99.9-99.910.6 8415.6 52 13.6   6  4.824.4 5.0
5036619791016 32.6 15.3  0.009900-99.9-99.9-99.9-99.910.0 7916.6 56 14.6   6  4.823.4 5.0
5036619791017 34.8 15.5  0.009900-99.9-99.9-99.9-99.912.1 9514.6 43 12.6   0  0.027.0 4.8
5036619791018 30.6 17.4  0.009900-99.9-99.9-99.9-99.910.6 8314.3 43 12.3  13 10.424.6 6.0
5036619791019 24.9 12.5  0.009900-99.9-99.9-99.9-99.9 2.3 1814.6 78 12.6   9  7.210.8 2.9
5036619791020 30.2 13.2  0.009900-99.9-99.9-99.9-99.9 9.1 7117.1 59 15.0  11  8.822.2 4.8
5036619791021 33.0 17.0  0.009900-99.9-99.9-99.9-99.9 8.0 6216.1 45 14.1  15 12.020.4 5.9
5036619791022 32.2 17.4 17.519900-99.9-99.9-99.9-99.9 8.1 6319.4 66 17.0   9  7.220.7 5.0
5036619791023 23.0 16.6  0.009900-99.9-99.9-99.9-99.9 4.7 3716.6 74 14.6   9  7.215.0 3.4
5036619791024 30.9 14.8  0.009900-99.9-99.9-99.9-99.910.5 8118.0 57 15.8   4  3.224.8 4.8
5036619791025 30.3 19.8  0.009900-99.9-99.9-99.9-99.9 4.6 3620.0 61 17.5   9  7.214.9 4.2
5036619791026 34.0 19.1  0.009900-99.9-99.9-99.9-99.9 9.6 7421.2 56 18.4   6  4.823.4 5.4
5036619791027 35.0 20.5  0.009900-99.9-99.9-99.9-99.9 9.0 6924.6 60 20.8  11  8.822.4 5.8
5036619791028 29.6 15.4  0.009900-99.9-99.9-99.9-99.9 2.7 2114.8 53 12.8  12  9.611.8 4.1
5036619791029 27.4 16.4  5.119900-99.9-99.9-99.9-99.9 4.7 3618.8 72 16.5   5  4.015.2 3.4
5036619791030 23.6 14.2  2.319900-99.9-99.9-99.9-99.9 0.0  016.6 92 14.6   6  4.8 7.3 2.1
5036619791031 29.9 16.5  0.009900-99.9-99.9-99.9-99.9 6.9 5320.1 69 17.6   9  7.219.1 4.4
5036619791101 33.6 17.9  0.009900-99.9-99.9-99.9-99.9 8.7 6620.0 57 17.5  11  8.822.2 5.6
5036619791102 33.5 20.2 31.019900-99.9-99.9-99.9-99.9 9.8 7521.5 60 18.7  16 12.824.1 6.6
5036619791103 25.6 19.6 10.219900-99.9-99.9-99.9-99.9 0.0  023.0 95 19.7  11  8.8 7.4 2.3
5036619791104 24.2 19.6  0.009900-99.9-99.9-99.9-99.9 0.0  023.4 91 20.0   2  1.6 7.4 1.8
5036619791105 32.2 19.0  0.819900-99.9-99.9-99.9-99.9 3.4 2625.8 73 21.6   7  5.613.3 3.4
5036619791106 27.6 20.0  2.619900-99.9-99.9-99.9-99.9 0.0  022.4 87 19.3  10  8.0 7.4 2.6
5036619791107 33.4 18.8 37.319900-99.9-99.9-99.9-99.9 7.8 5923.6 76 20.2   6  4.820.9 4.9
5036619791108 21.2 12.3  3.119900-99.9-99.9-99.9-99.9 0.0  012.6 84 10.4  11  8.8 7.5 2.7
5036619791109 18.2 11.1  0.009900-99.9-99.9-99.9-99.9 0.3  210.6 64  7.8   3  2.4 8.0 2.1
5036619791110 24.5  9.0  0.009900-99.9-99.9-99.9-99.9 7.8 5914.5 67 12.5   2  1.621.0 3.5
5036619791111 28.4 12.4  0.009900-99.9-99.9-99.9-99.9 9.2 6914.5 55 12.5  14 11.223.5 5.4
5036619791112 32.4 14.0  0.009900-99.9-99.9-99.9-99.9 9.5 7117.5 56 15.4   9  7.224.0 5.4
5036619791113 28.2 18.0 11.319900-99.9-99.9-99.9-99.9 5.7 4316.5 63 14.5  15 12.017.5 5.1
5036619791114 18.0 11.2  0.009900-99.9-99.9-99.9-99.9 0.0  012.9 86 10.7   9  7.2 7.6 2.1
5036619791115 15.9 12.6  0.219900-99.9-99.9-99.9-99.9 0.0  015.3 92 13.3   4  3.2 7.6 1.5
5036619791116 20.2 15.0  0.009900-99.9-99.9-99.9-99.9 0.0  017.6 83 15.5   1  0.8 7.6 1.7
5036619791117 29.8 15.9  0.009900-99.9-99.9-99.9-99.9 8.3 6221.6 68 18.7  11  8.822.1 4.9
5036619791118 25.5 19.2  0.009900-99.9-99.9-99.9-99.9 0.2  117.4 72 15.3  10  8.0 8.0 3.1
5036619791119 27.4 18.6  0.009900-99.9-99.9-99.9-99.9 8.4 6218.8 63 16.5  11  8.822.3 5.2
5036619791120 30.9 17.6  0.009900-99.9-99.9-99.9-99.9 8.8 6519.2 56 16.9  11  8.823.0 5.6
5036619791121 31.4 20.4  9.019900-99.9-99.9-99.9-99.9 8.8 6520.4 63 17.8  15 12.023.1 6.3
5036619791122 25.5 18.9  2.519900-99.9-99.9-99.9-99.9 3.0 2220.6 81 18.0   8  6.413.0 3.3
5036619791123 21.0 17.9 30.319900-99.9-99.9-99.9-99.9 0.0  020.6 93 18.0   8  6.4 7.7 1.9
5036619791124 18.6 16.3 33.719900-99.9-99.9-99.9-99.9 0.0  018.7 95 16.4   6  4.8 7.8 1.7
5036619791125 19.6 12.9  0.519900-99.9-99.9-99.9-99.9 2.1 1513.3 73 11.2   3  2.411.4 2.5
5036619791126 22.7 14.6  0.009900-99.9-99.9-99.9-99.9 3.3 2415.3 67 13.3  11  8.813.6 3.4
5036619791127 26.6 13.6  0.009900-99.9-99.9-99.9-99.9 8.6 6318.9 70 16.6  11  8.822.9 4.6
5036619791128 31.0 17.5  0.009900-99.9-99.9-99.9-99.9 8.8 6519.7 61 17.3   4  3.223.2 5.0
5036619791129 33.0 18.0  0.009900-99.9-99.9-99.9-99.9 8.9 6521.5 58 18.7   5  4.023.4 5.3
5036619791130 34.7 21.8  0.009900-99.9-99.9-99.9-99.9 9.3 6822.6 58 19.5  14 11.224.1 6.8
5036619791201 26.2 18.1 29.419900-99.9-99.9-99.9-99.9 0.0  020.6 90 18.0  16 12.8 7.8 2.9
5036619791202 20.4 15.3  4.319900-99.9-99.9-99.9-99.9 0.2  117.8 90 15.7   7  5.6 8.2 2.0
5036619791203 21.0 16.9  6.219900-99.9-99.9-99.9-99.9 0.2  119.5 90 17.1  15 12.0 8.2 2.1
5036619791204 21.3 16.2  2.719900-99.9-99.9-99.9-99.9 0.0  018.8 87 16.5   8  6.4 7.9 2.0
5036619791205 24.0 17.4  0.519900-99.9-99.9-99.9-99.9 0.0  021.4 88 18.6   3  2.4 7.9 1.9
5036619791206 30.7 19.4  0.009900-99.9-99.9-99.9-99.9 7.5 5525.0 77 21.1   9  7.221.1 4.9
5036619791207 33.5 22.0  0.009900-99.9-99.9-99.9-99.9 5.4 3929.4 72 23.8   4  3.217.4 4.3
5036619791208 36.7 24.4  8.219900-99.9-99.9-99.9-99.9 4.3 3130.9 65 24.6   6  4.815.5 4.6
5036619791209 30.5 20.6  9.119900-99.9-99.9-99.9-99.9 0.0  022.6 81 19.5  14 11.2 7.9 3.4
5036619791210 30.2 19.0  0.009900-99.9-99.9-99.9-99.9 4.2 3123.7 76 20.2   9  7.215.3 3.9
5036619791211 33.4 21.1  0.009900-99.9-99.9-99.9-99.9 8.4 6126.5 64 22.0   7  5.622.7 5.5
5036619791212 35.2 21.4  9.219900-99.9-99.9-99.9-99.9 5.1 3727.5 74 22.7  10  8.016.9 4.9
5036619791213 29.5 20.4 92.519900-99.9-99.9-99.9-99.9 4.7 3425.5 84 21.4  13 10.416.2 4.2
5036619791214 23.5 15.8 11.819900-99.9-99.9-99.9-99.9 0.0  017.7 92 15.6  13 10.4 7.9 2.6
5036619791215 22.4 14.9  0.009900-99.9-99.9-99.9-99.9 0.2  115.2 68 13.2   1  0.8 8.3 2.1
5036619791216 24.0 15.3  0.009900-99.9-99.9-99.9-99.9 4.1 3015.9 68 13.9   5  4.015.2 3.4
5036619791217 28.6 16.6  0.319900-99.9-99.9-99.9-99.9 6.1 4420.0 65 17.5   5  4.018.7 4.1
5036619791218 29.9 20.6  3.219900-99.9-99.9-99.9-99.9 4.5 3322.2 66 19.2   4  3.215.9 4.0
5036619791219 32.1 20.7  0.219900-99.9-99.9-99.9-99.9 7.2 5223.1 66 19.8   8  6.420.6 5.2
5036619791220 27.9 19.2 13.519900-99.9-99.9-99.9-99.9 0.0  022.5 85 19.4  11  8.8 8.0 2.7
5036619791221 24.5 19.1 21.619900-99.9-99.9-99.9-99.9 0.0  022.1 83 19.1   2  1.6 8.0 2.0
5036619791222 22.0 18.1 11.219900-99.9-99.9-99.9-99.9 0.0  021.2 94 18.4   8  6.4 8.0 2.0
5036619791223 28.4 17.6  0.919900-99.9-99.9-99.9-99.9 5.3 3819.5 67 17.1   8  6.417.3 4.2
5036619791224 29.7 18.0  0.009900-99.9-99.9-99.9-99.9 7.8 5721.6 64 18.7   2  1.621.7 4.6
5036619791225 31.2 20.3  0.219900-99.9-99.9-99.9-99.9 4.9 3623.0 67 19.7  10  8.016.6 4.6
5036619791226 30.0 20.6  0.119900-99.9-99.9-99.9-99.9 4.2 3023.4 71 20.0   4  3.215.4 3.8
5036619791227 29.5 22.2  0.009900-99.9-99.9-99.9-99.9 3.8 2823.2 68 19.9   6  4.814.7 4.0
5036619791228 32.8 23.2  0.119900-99.9-99.9-99.9-99.9 4.9 3625.3 65 21.3   6  4.816.6 4.6
5036619791229 35.7 23.3 66.719900-99.9-99.9-99.9-99.9 6.2 4525.2 63 21.2   7  5.618.9 5.4
5036619791230 29.8 16.0  3.319900-99.9-99.9-99.9-99.9 0.4  315.8 70 13.8  14 11.2 8.7 4.0
5036619791231 25.2 16.8  0.009900-99.9-99.9-99.9-99.9 4.9 3614.4 57 12.4   5  4.016.6 3.9
5036619800101 27.5 14.8  0.009900-99.9-99.9-99.9-99.9 8.8 6417.3 60 15.2   5  4.023.5 4.7
5036619800102 31.0 16.8  0.009900-99.9-99.9-99.9-99.9 8.2 6019.3 59 16.9  14 11.222.4 5.7
5036619800103 32.1 18.1  0.009900-99.9-99.9-99.9-99.9 7.0 5123.3 66 20.0   1  0.820.3 4.4
5036619800104 33.6 20.7  0.009900-99.9-99.9-99.9-99.9 8.7 6321.8 58 18.9   9  7.223.3 6.0
5036619800105 28.1 21.2  0.009900-99.9-99.9-99.9-99.9 0.0  021.1 74 18.4   7  5.6 7.9 2.9
5036619800106 32.5 18.4  0.009900-99.9-99.9-99.9-99.9 8.1 5921.6 60 18.7   8  6.422.2 5.4
5036619800107 32.5 19.0 21.719900-99.9-99.9-99.9-99.9 3.6 2622.2 85 19.2   8  6.414.3 4.1
5036619800108 31.0 18.7  0.009900-99.9-99.9-99.9-99.9 9.4 6920.9 62 18.2   8  6.424.5 5.6
5036619800109 31.9 19.2 35.219900-99.9-99.9-99.9-99.9 7.8 5721.1 59 18.4   1  0.821.6 4.7
5036619800110 31.0 18.7  0.009900-99.9-99.9-99.9-99.9 7.3 5320.4 63 17.8   4  3.220.7 4.7
5036619800111 33.2 18.8  0.009900-99.9-99.9-99.9-99.9 9.4 6921.3 56 18.5   6  4.824.4 5.7
5036619800112 33.9 19.7  0.009900-99.9-99.9-99.9-99.9 6.8 5019.0 50 16.7   5  4.019.8 5.1
5036619800113 32.5 22.3  0.009900-99.9-99.9-99.9-99.9 7.3 5421.1 57 18.4  11  8.820.7 5.9
5036619800114 32.6 19.1  0.009900-99.9-99.9-99.9-99.9 6.9 5120.3 53 17.7   6  4.820.0 5.0
5036619800115 30.4 17.8 24.719910-99.9-99.9-99.9-99.9 3.8 2822.3 73 19.2   4  3.214.5 3.5
5036619800116 32.6 17.6  0.009900-99.9-99.9-99.9-99.9 9.7 7121.7 60 18.8   4  3.224.9 5.4
5036619800117 31.4 22.1  0.009900-99.9-99.9-99.9-99.9 9.1 6724.1 66 20.5  11  8.823.8 6.0
5036619800118 34.6 21.7 16.019900-99.9-99.9-99.9-99.9 7.9 5824.2 62 20.6   6  4.821.7 5.5
5036619800119 28.1 20.2 17.319900-99.9-99.9-99.9-99.9 0.0  023.6 91 20.2   6  4.8 7.8 2.4
5036619800120 32.1 19.1  0.009900-99.9-99.9-99.9-99.9 7.6 5622.0 61 19.0   4  3.221.1 4.8
5036619800121 35.0 21.4  0.009900-99.9-99.9-99.9-99.9 8.4 6221.5 56 18.7   9  7.222.5 6.1
5036619800122 33.4 22.6  0.009900-99.9-99.9-99.9-99.9 5.1 3826.3 66 21.9   7  5.616.7 4.6
5036619800123 36.3 21.2  1.519900-99.9-99.9-99.9-99.9 7.9 5923.5 53 20.1   5  4.021.6 5.5
5036619800124 32.4 19.5  0.219900-99.9-99.9-99.9-99.9 1.3 1017.6 67 15.5  11  8.810.0 4.2
5036619800125 28.8 15.9  0.009900-99.9-99.9-99.9-99.9 6.7 5019.7 66 17.3   9  7.219.4 4.4
5036619800126 32.5 19.0  0.009900-99.9-99.9-99.9-99.9 8.3 6222.2 63 19.2   6  4.822.2 5.2
5036619800127 26.3 18.9  9.119900-99.9-99.9-99.9-99.9 0.0  022.3 92 19.2  15 12.0 7.7 2.6
5036619800128 26.4 19.0 11.219900-99.9-99.9-99.9-99.9 0.8  621.7 82 18.8   3  2.4 9.0 2.4
5036619800129 29.9 18.5  7.919900-99.9-99.9-99.9-99.9 3.7 2822.7 75 19.5   5  4.014.1 3.5
5036619800130 30.9 20.5  0.119900-99.9-99.9-99.9-99.9 9.3 7023.6 69 20.2   5  4.023.9 5.3
5036619800131 32.5 20.2  0.219900-99.9-99.9-99.9-99.9 6.5 4921.1 59 18.4  11  8.818.9 5.3
5036619800201 28.8 20.1  0.009900-99.9-99.9-99.9-99.9 4.7 3521.3 67 18.5   0  0.015.8 3.5
5036619800202 32.2 19.0  0.009900-99.9-99.9-99.9-99.9 8.8 6623.1 66 19.8   0  0.022.9 4.8
5036619800203 34.0 20.8 14.319900-99.9-99.9-99.9-99.9 8.9 6725.1 72 21.2  11  8.823.0 5.9
5036619800204 24.0 18.4  9.119900-99.9-99.9-99.9-99.9 0.5  422.5 92 19.4   5  4.0 8.4 2.0
5036619800205 30.3 16.4  0.009900-99.9-99.9-99.9-99.910.2 7718.2 62 16.0   4  3.225.2 5.1
5036619800206 32.5 17.5  0.009900-99.9-99.9-99.9-99.910.4 7919.4 58 17.0   2  1.625.5 5.2
5036619800207 27.7 18.5  0.009900-99.9-99.9-99.9-99.9 7.6 5820.9 71 18.2  12  9.620.6 4.8
5036619800208 34.5 20.5  0.009900-99.9-99.9-99.9-99.9 8.8 6725.1 65 21.2   7  5.622.6 5.5
5036619800209 32.4 22.2  7.619900-99.9-99.9-99.9-99.9 5.8 4423.6 64 20.2  19 15.217.4 5.7
5036619800210 27.9 15.5  0.009900-99.9-99.9-99.9-99.9 6.5 5018.8 69 16.5  11  8.818.6 4.3
5036619800211 32.2 18.3  0.009900-99.9-99.9-99.9-99.910.9 8420.6 61 18.0  12  9.626.1 6.2
5036619800212 32.4 19.3  0.009900-99.9-99.9-99.9-99.9 8.9 6823.1 63 19.8   9  7.222.6 5.4
5036619800213 31.1 21.9 31.019900-99.9-99.9-99.9-99.9 5.5 4222.9 67 19.7   6  4.816.8 4.3
5036619800214 33.4 21.8  0.219900-99.9-99.9-99.9-99.9 9.2 7128.9 76 23.5   5  4.023.1 5.3
5036619800215 28.1 21.5  8.119900-99.9-99.9-99.9-99.9 1.5 1225.4 83 21.4   7  5.6 9.8 2.7
5036619800216 32.0 18.2  0.009900-99.9-99.9-99.9-99.910.6 8224.1 68 20.5   7  5.625.3 5.4
5036619800217 30.3 21.6  0.819900-99.9-99.9-99.9-99.9 7.3 5723.7 70 20.2   7  5.619.7 4.7
5036619800218 28.0 20.4  8.219900-99.9-99.9-99.9-99.9 2.2 1722.7 77 19.5   3  2.410.9 2.8
5036619800219 29.0 19.9  0.009900-99.9-99.9-99.9-99.9 2.4 1922.6 77 19.5   7  5.611.2 3.1
5036619800220 30.9 18.5  9.619900-99.9-99.9-99.9-99.9 7.6 5921.7 71 18.8   7  5.620.0 4.6
5036619800221 26.1 19.9  9.019900-99.9-99.9-99.9-99.9 0.8  622.1 80 19.1   6  4.8 8.4 2.4
5036619800222 24.3 18.1  0.319900-99.9-99.9-99.9-99.9 1.8 1421.7 85 18.8   1  0.810.1 2.2
5036619800223 28.1 20.6  6.819900-99.9-99.9-99.9-99.9 3.2 2521.9 74 19.0   5  4.012.4 3.2
5036619800224 29.0 19.3  0.009900-99.9-99.9-99.9-99.9 5.2 4122.6 76 19.5   3  2.415.7 3.5
5036619800225 31.7 19.2  2.519900-99.9-99.9-99.9-99.9 7.9 6222.6 63 19.5  11  8.820.2 5.0
5036619800226 31.6 19.0  0.009900-99.9-99.9-99.9-99.9 8.4 6620.8 60 18.1  17 13.621.0 5.7
5036619800227 28.0 17.3  8.019900-99.9-99.9-99.9-99.9 5.0 4022.6 76 19.5  14 11.215.3 3.6
5036619800228 33.4 18.0  0.009900-99.9-99.9-99.9-99.910.2 8123.2 66 19.9   6  4.823.9 5.2
5036619800229 33.2 20.8  2.619900-99.9-99.9-99.9-99.9 8.2 6525.2 67 21.2   4  3.220.5 4.7
5036619800301 29.1 19.8  6.219900-99.9-99.9-99.9-99.9 0.0  022.5 94 19.4   9  7.2 6.8 2.5
5036619800302 29.2 18.6  0.009900-99.9-99.9-99.9-99.9 7.3 5822.3 71 19.2   8  6.418.8 4.2
5036619800303 27.8 20.6  0.009900-99.9-99.9-99.9-99.9 1.9 1524.3 80 20.6   1  0.8 9.9 2.4
5036619800304 33.4 20.6  0.009900-99.9-99.9-99.9-99.9 9.0 7223.9 67 20.4   6  4.821.5 5.0
5036619800305 33.7 21.9  2.019900-99.9-99.9-99.9-99.9 9.3 7525.7 65 21.5   1  0.821.9 4.8
5036619800306 29.4 20.3 35.819900-99.9-99.9-99.9-99.9 2.3 1924.8 87 21.0  14 11.210.4 3.2
5036619800307 21.8 18.0  1.419900-99.9-99.9-99.9-99.9 0.0  021.9 93 19.0  10  8.0 6.6 1.5
5036619800308 27.3 19.4 60.619900-99.9-99.9-99.9-99.9 3.0 2423.3 82 20.0   6  4.811.5 2.7
5036619800309 29.7 20.7  5.419900-99.9-99.9-99.9-99.9 4.3 3526.1 83 21.8  11  8.813.5 3.4
5036619800310 27.7 21.9 13.319900-99.9-99.9-99.9-99.9 2.3 1925.3 86 21.3  14 11.210.2 3.0
5036619800311 27.0 20.5  0.319900-99.9-99.9-99.9-99.9 0.3  223.3 79 20.0   7  5.6 7.0 2.2
5036619800312 30.4 21.5  5.819900-99.9-99.9-99.9-99.9 4.7 3824.2 74 20.6   7  5.614.0 3.6
5036619800313 30.1 20.1  0.009900-99.9-99.9-99.9-99.9 4.0 3324.7 75 20.9  11  8.812.8 3.4
5036619800314 30.5 21.2  0.009900-99.9-99.9-99.9-99.9 5.0 4125.7 76 21.5  11  8.814.3 3.7
5036619800315 30.5 22.6  0.009900-99.9-99.9-99.9-99.9 1.1  925.8 73 21.6   6  4.8 8.1 2.6
5036619800316 31.0 23.6  0.009900-99.9-99.9-99.9-99.9 1.8 1524.4 67 20.7  14 11.2 9.1 3.7
5036619800317 34.0 21.6  0.009900-99.9-99.9-99.9-99.9 7.6 6325.8 67 21.6  11  8.818.2 4.8
5036619800318 34.0 23.6  0.009900-99.9-99.9-99.9-99.9 7.8 6427.5 68 22.7   4  3.218.5 4.4
5036619800319 34.6 22.4  0.009900-99.9-99.9-99.9-99.9 7.8 6525.8 63 21.6  10  8.018.4 4.9
5036619800320 34.5 23.7  0.009900-99.9-99.9-99.9-99.9 8.2 6826.0 61 21.7  11  8.818.9 5.2
5036619800321 37.9 26.1  0.009900-99.9-99.9-99.9-99.9 7.3 6123.4 51 20.0  14 11.217.4 6.1
5036619800322 35.4 25.0  0.009900-99.9-99.9-99.9-99.9 6.1 5127.9 60 22.9  15 12.015.5 5.2
5036619800323 34.6 24.9  0.009900-99.9-99.9-99.9-99.9 7.0 5828.5 66 23.2  11  8.816.8 4.9
5036619800324 34.0 23.8 12.619900-99.9-99.9-99.9-99.9 3.5 2928.2 76 23.1  10  8.011.4 3.7
5036619800325 23.8 19.7 33.019900-99.9-99.9-99.9-99.9 0.0  024.5 98 20.8  14 11.2 6.0 1.5
5036619800326 28.8 18.9  0.009900-99.9-99.9-99.9-99.9 6.0 5023.2 81 19.9   1  0.815.0 3.0
5036619800327 31.0 17.1  0.009900-99.9-99.9-99.9-99.9 9.0 7622.8 73 19.6   4  3.219.5 3.8
5036619800328 32.5 17.2  0.009900-99.9-99.9-99.9-99.9 7.8 6624.1 72 20.5   7  5.617.6 3.8
5036619800329 28.0 22.0  7.619900-99.9-99.9-99.9-99.9 2.3 1924.1 79 20.5  11  8.8 9.3 2.8
5036619800330 23.6 20.2  2.819900-99.9-99.9-99.9-99.9 0.0  022.9 91 19.7  12  9.6 5.8 1.7
5036619800331 25.6 19.2 23.519900-99.9-99.9-99.9-99.9 0.5  423.2 93 19.9   7  5.6 6.5 1.8
5036619800401 26.4 18.9  0.009900-99.9-99.9-99.9-99.9 3.6 3123.8 88 20.3  12  9.611.0 2.5
5036619800402 30.2 21.0  0.009900-99.9-99.9-99.9-99.9 5.0 4325.1 78 21.2   6  4.813.0 3.1
5036619800403 32.4 20.2  0.009900-99.9-99.9-99.9-99.9 8.3 7124.6 72 20.8  13 10.417.8 4.4
5036619800404 28.0 19.4 19.519900-99.9-99.9-99.9-99.9 4.0 3424.0 91 20.4  14 11.211.4 2.9
5036619800405 21.0 18.5  4.619900-99.9-99.9-99.9-99.9 0.0  021.2 94 18.4   7  5.6 5.5 1.3
5036619800406 24.4 18.4  0.519900-99.9-99.9-99.9-99.9 0.5  421.4 86 18.6   6  4.8 6.2 1.7
5036619800407 25.0 18.5  0.219900-99.9-99.9-99.9-99.9 3.6 3121.2 87 18.4  12  9.610.6 2.5
5036619800408 26.2 15.3  0.009900-99.9-99.9-99.9-99.9 5.8 5020.8 83 18.1   2  1.613.7 2.4
5036619800409 29.4 18.8  0.009900-99.9-99.9-99.9-99.9 8.3 7222.3 76 19.2   6  4.817.2 3.4
5036619800410 26.4 19.3  0.009900-99.9-99.9-99.9-99.9 0.2  224.0 82 20.4   3  2.4 5.6 1.5
5036619800411 24.9 11.2  4.419900-99.9-99.9-99.9-99.9 0.6  517.8 92 15.7  14 11.2 6.2 1.7
5036619800412 17.4 10.5  0.009900-99.9-99.9-99.9-99.9 0.0  010.3 63  7.4  10  8.0 5.3 2.0
5036619800413 14.2 11.8  0.009900-99.9-99.9-99.9-99.9 0.0  011.3 76  8.8   7  5.6 5.2 1.5
5036619800414 20.0 12.0  0.009900-99.9-99.9-99.9-99.9 4.2 3711.6 67  9.2   9  7.211.0 2.4
5036619800415 22.0  8.9  0.009900-99.9-99.9-99.9-99.9 7.4 6511.7 66  9.3   9  7.215.4 2.6
5036619800416 20.8 14.4  0.009900-99.9-99.9-99.9-99.9 0.0  013.1 68 11.0   9  7.2 5.1 2.1
5036619800417 22.9 12.5  0.009900-99.9-99.9-99.9-99.9 5.0 4414.5 72 12.5   7  5.611.9 2.3
5036619800418 25.2 12.8  0.009900-99.9-99.9-99.9-99.9 5.0 4416.7 70 14.7   9  7.211.9 2.4
5036619800419 21.8 16.8  3.819900-99.9-99.9-99.9-99.9 0.0  019.5 94 17.1   8  6.4 5.0 1.4
5036619800420 20.2 17.3  1.019900-99.9-99.9-99.9-99.9 0.0  020.1 94 17.6   8  6.4 5.0 1.1
5036619800421 21.5 17.8  0.219900-99.9-99.9-99.9-99.9 0.0  020.8 93 18.1   1  0.8 4.9 1.1
5036619800422 26.2 17.1  0.009900-99.9-99.9-99.9-99.9 4.0 3623.2 83 19.9  10  8.010.2 2.0
5036619800423 27.0 17.8  0.009900-99.9-99.9-99.9-99.9 3.0 2723.3 89 20.0  10  8.0 8.8 2.0
5036619800424 23.5 18.2  0.009900-99.9-99.9-99.9-99.9 0.4  422.0 91 19.0   5  4.0 5.4 1.3
5036619800425 28.2 20.0  0.009900-99.9-99.9-99.9-99.9 6.7 6023.3 80 20.0   2  1.613.6 2.5
5036619800426 27.0 19.0  0.009900-99.9-99.9-99.9-99.9 2.2 2024.6 85 20.8   9  7.2 7.6 1.8
5036619800427 31.2 19.0  0.009900-99.9-99.9-99.9-99.9 7.3 6624.4 74 20.7  10  8.014.2 3.2
5036619800428 29.0 20.2  0.009900-99.9-99.9-99.9-99.9 6.0 5425.7 79 21.5   7  5.612.5 2.6
5036619800429 24.8 16.3 18.919900-99.9-99.9-99.9-99.9 0.0  020.5 93 17.9  15 12.0 4.7 1.6
5036619800430 13.0 10.0  8.919900-99.9-99.9-99.9-99.9 0.0  011.8 85  9.4   8  6.4 4.6 1.0
5036619800501 17.0  9.8  0.009900-99.9-99.9-99.9-99.9 2.0 1811.3 75  8.8   1  0.8 7.1 1.2
5036619800502 20.5  7.2  0.009900-99.9-99.9-99.9-99.9 8.0 7310.4 70  7.5   6  4.814.7 1.9
5036619800503 21.4  6.1  0.009900-99.9-99.9-99.9-99.9 8.6 7810.6 68  7.8   7  5.615.4 2.0
5036619800504 21.2  7.3  0.009900-99.9-99.9-99.9-99.9 6.4 5812.0 69  9.7   2  1.612.5 1.5
5036619800505 20.2  9.8  0.009900-99.9-99.9-99.9-99.9 2.0 1814.0 80 12.0   7  5.6 7.0 1.4
5036619800506 17.2 12.6  0.009900-99.9-99.9-99.9-99.9 0.2  213.4 82 11.3   4  3.2 4.7 1.2
5036619800507 16.8 13.2  0.009900-99.9-99.9-99.9-99.9 0.0  014.9 86 12.9   4  3.2 4.4 1.0
5036619800508 20.8 14.4  0.009900-99.9-99.9-99.9-99.9 0.2  215.4 79 13.4   7  5.6 4.6 1.5
5036619800509 22.8 14.8  0.009900-99.9-99.9-99.9-99.9 6.0 5515.6 80 13.6   4  3.211.7 1.9
5036619800510 23.6 10.0  0.009900-99.9-99.9-99.9-99.9 7.0 6516.4 76 14.4   7  5.612.9 1.7
5036619800511 27.0 14.8  0.009900-99.9-99.9-99.9-99.9 7.7 7119.4 77 17.0   1  0.813.6 1.9
5036619800512 26.6 15.0  0.009900-99.9-99.9-99.9-99.9 6.8 6320.5 79 17.9   1  0.812.5 1.8
5036619800513 30.6 17.1  0.009900-99.9-99.9-99.9-99.9 5.7 5322.2 73 19.2   3  2.411.1 2.1
5036619800514 30.2 17.6  8.219900-99.9-99.9-99.9-99.9 8.5 7922.7 76 19.5   5  4.014.4 2.5
5036619800515 24.2 15.6 16.719900-99.9-99.9-99.9-99.9 0.0  019.5 95 17.1  21 16.8 4.2 1.8
5036619800516 15.6 12.6  0.619900-99.9-99.9-99.9-99.9 0.0  014.2 88 12.2   6  4.8 4.2 0.9
5036619800517 23.6 12.3  0.009900-99.9-99.9-99.9-99.9 5.1 4816.7 84 14.7   6  4.810.2 1.6
5036619800518 18.1 13.8  0.419900-99.9-99.9-99.9-99.9 0.0  016.5 90 14.5   4  3.2 4.1 0.9
5036619800519 19.2 15.7  0.219900-99.9-99.9-99.9-99.9 0.0  017.3 89 15.2   4  3.2 4.1 1.0
5036619800520 22.9 15.9  0.009900-99.9-99.9-99.9-99.9 4.8 4517.1 82 15.0   7  5.6 9.7 1.8
5036619800521 25.1 12.4  0.009900-99.9-99.9-99.9-99.9 6.6 6216.2 72 14.2   6  4.811.7 1.8
5036619800522 25.6 13.6  0.009900-99.9-99.9-99.9-99.9 6.8 6417.6 78 15.5   3  2.411.9 1.7
5036619800523 21.0 13.0  0.009900-99.9-99.9-99.9-99.9 3.8 3616.7 88 14.7   7  5.6 8.4 1.3
5036619800524 22.9 11.2  0.009900-99.9-99.9-99.9-99.9 2.3 2216.9 80 14.9  12  9.6 6.6 1.3
5036619800525 17.9 14.6  0.009900-99.9-99.9-99.9-99.9 0.0  017.0 94 15.0   7  5.6 4.0 0.9
5036619800526 24.2 13.4  0.009900-99.9-99.9-99.9-99.9 6.2 5917.6 80 15.5   2  1.611.0 1.5
5036619800527 27.0 12.2  0.009900-99.9-99.9-99.9-99.9 8.0 7617.4 79 15.3   6  4.813.0 1.9
5036619800528 21.1 10.5  0.009900-99.9-99.9-99.9-99.9 3.6 3416.8 89 14.8   2  1.6 8.0 1.0
5036619800529 20.0 14.5  0.009900-99.9-99.9-99.9-99.9 2.2 2116.0 83 14.0   4  3.2 6.4 1.2
5036619800530 22.1 14.8  0.009900-99.9-99.9-99.9-99.9 0.6  617.8 84 15.7   1  0.8 4.6 1.0
5036619800531 22.8 17.5  4.019900-99.9-99.9-99.9-99.9 4.1 3919.8 87 17.3  12  9.6 8.5 1.7
5036619800601 19.0 11.0  0.009900-99.9-99.9-99.9-99.9 0.0  0 9.1 61  5.6   4  3.2 3.8 1.6
5036619800602 17.5 10.0  0.009900-99.9-99.9-99.9-99.9 5.1 4910.6 70  7.8   6  4.8 9.5 1.4
5036619800603 12.4  7.9  0.009900-99.9-99.9-99.9-99.9 0.0  0 8.0 70  3.8   7  5.6 3.8 1.4
5036619800604 18.0  7.0  0.009900-99.9-99.9-99.9-99.9 6.3 60 9.5 74  6.2   7  5.610.8 1.4
5036619800605 19.0  5.1  0.009900-99.9-99.9-99.9-99.9 7.6 7310.6 79  7.8   2  1.612.2 1.0
5036619800606 21.7  7.7  0.009900-99.9-99.9-99.9-99.9 6.2 5911.9 76  9.5   5  4.010.6 1.3
5036619800607 19.1 11.8  0.009900-99.9-99.9-99.9-99.9 0.0  013.9 76 11.9   7  5.6 3.8 1.2
5036619800608 23.0 11.3  0.009900-99.9-99.9-99.9-99.9 5.2 5014.4 76 12.4   5  4.0 9.5 1.4
5036619800609 19.6 16.0  0.819900-99.9-99.9-99.9-99.9 0.0  018.4 89 16.2   7  5.6 3.8 0.9
5036619800610 17.6 13.8 14.519900-99.9-99.9-99.9-99.9 0.0  016.3 97 14.3   0  0.0 3.7 0.7
5036619800611 13.8 10.0  4.519900-99.9-99.9-99.9-99.9 0.0  012.2 95  9.9   7  5.6 3.7 0.8
5036619800612 14.5  8.8  0.009900-99.9-99.9-99.9-99.9 1.7 1611.2 84  8.6   6  4.8 5.6 1.0
5036619800613 18.3  5.1  0.009900-99.9-99.9-99.9-99.9 7.2 69 9.2 73  5.8   6  4.811.6 1.3
5036619800614 19.0  3.8  0.009900-99.9-99.9-99.9-99.9 8.0 77 9.6 72  6.4   4  3.212.5 1.1
5036619800615 19.2  5.4  0.009900-99.9-99.9-99.9-99.9 7.9 7610.7 73  8.0   6  4.812.3 1.2
5036619800616 20.0  5.4  0.009900-99.9-99.9-99.9-99.9 7.7 7411.1 77  8.5   6  4.812.1 1.2
5036619800617 22.7  7.8  0.009900-99.9-99.9-99.9-99.9 8.0 7712.6 71 10.4  12  9.612.4 1.7
5036619800618 23.1  8.5  1.519900-99.9-99.9-99.9-99.9 7.7 7414.0 74 12.0   7  5.612.1 1.4
5036619800619 18.6 10.3  1.119900-99.9-99.9-99.9-99.9 0.0  010.1 78  7.1   4  3.2 3.7 1.4
5036619800620 14.1  8.8  0.009900-99.9-99.9-99.9-99.9 1.0 1010.4 81  7.5   8  6.4 4.8 1.1
5036619800621 16.9  5.4  0.009900-99.9-99.9-99.9-99.9 4.8 4610.4 75  7.5   2  1.6 8.9 0.9
5036619800622 22.2  6.3  0.009900-99.9-99.9-99.9-99.9 7.4 7111.2 77  8.6   0  0.011.8 1.0
5036619800623 16.5  9.4  0.009900-99.9-99.9-99.9-99.9 2.4 2311.9 81  9.5  14 11.2 6.3 1.4
5036619800624 15.3  9.8  0.009900-99.9-99.9-99.9-99.9 0.0  011.9 78  9.5   7  5.6 3.7 1.0
5036619800625 18.2  9.8  0.009900-99.9-99.9-99.9-99.9 6.3 60 8.9 63  5.3   3  2.410.6 1.3
5036619800626 15.7  6.0  0.009900-99.9-99.9-99.9-99.9 3.7 35 9.2 71  5.8  11  8.8 7.8 1.4
5036619800627 16.4  2.8  0.009900-99.9-99.9-99.9-99.9 6.8 65 9.3 77  5.9   6  4.811.1 1.0
5036619800628 22.0  3.5  0.009900-99.9-99.9-99.9-99.9 6.4 6110.9 74  8.2   2  1.610.7 1.0
5036619800629 14.2  7.8  0.009900-99.9-99.9-99.9-99.9 0.0  010.9 77  8.2   5  4.0 3.7 0.9
5036619800630 12.8  7.3  0.009900-99.9-99.9-99.9-99.9 0.0  0 7.7 67  3.2   6  4.8 3.7 1.3
5036619800701  9.4  6.3  0.009900-99.9-99.9-99.9-99.9 0.0  0 7.7 74  3.2   4  3.2 3.8 0.9
5036619800702 12.6  4.0  0.009900-99.9-99.9-99.9-99.9 2.4 23 7.4 74  2.7   9  7.2 6.4 1.3
5036619800703 14.7 -0.8  0.009900-99.9-99.9-99.9-99.9 7.3 70 6.4 72  0.6   8  6.411.8 1.2
5036619800704 15.2  1.0  0.009900-99.9-99.9-99.9-99.9 7.3 70 7.1 70  2.1   2  1.611.8 0.9
5036619800705 16.4  1.0  0.009900-99.9-99.9-99.9-99.9 7.2 69 7.8 70  3.4   6  4.811.7 1.1
5036619800706 16.6  1.0  0.009900-99.9-99.9-99.9-99.9 7.2 69 7.9 69  3.6   6  4.811.8 1.1
5036619800707 17.1  2.1  0.009900-99.9-99.9-99.9-99.9 1.2 11 9.0 75  5.4   4  3.2 5.1 1.0
5036619800708 20.4  3.9  0.009900-99.9-99.9-99.9-99.9 7.2 69 7.4 59  2.7   6  4.811.8 1.6
5036619800709 20.0  3.2  0.009900-99.9-99.9-99.9-99.9 5.6 5310.9 77  8.2  10  8.010.1 1.2
5036619800710 21.5  3.0  0.009900-99.9-99.9-99.9-99.9 7.2 68 7.9 59  3.6   2  1.611.9 1.2
5036619800711 20.9  4.0  0.009900-99.9-99.9-99.9-99.9 5.9 56 9.2 67  5.8   6  4.810.5 1.4
5036619800712 21.6  6.1  0.009900-99.9-99.9-99.9-99.9 6.0 5710.5 66  7.7   8  6.410.6 1.6
5036619800713 26.8  6.6  0.009900-99.9-99.9-99.9-99.9 6.2 5911.4 67  8.9   6  4.810.9 1.8
5036619800714 16.3 10.0  0.009900-99.9-99.9-99.9-99.9 0.1  1 6.6 46  1.1   7  5.6 4.0 2.1
5036619800715 17.8  3.4  0.009900-99.9-99.9-99.9-99.9 6.3 60 8.0 61  3.8   6  4.811.1 1.4
5036619800716 21.1  6.2  0.009900-99.9-99.9-99.9-99.9 7.2 68 9.5 65  6.2   6  4.812.2 1.6
5036619800717 22.0  6.0  0.009900-99.9-99.9-99.9-99.9 5.8 5510.0 68  7.0   2  1.610.6 1.3
5036619800718 22.7  6.5  0.009900-99.9-99.9-99.9-99.9 7.0 6610.9 68  8.2   2  1.612.0 1.4
5036619800719 21.7  8.4  0.009900-99.9-99.9-99.9-99.9 0.4  412.6 74 10.4   5  4.0 4.5 1.3
5036619800720 22.4 13.0  0.009900-99.9-99.9-99.9-99.9 5.8 5411.3 64  8.8   2  1.610.7 1.6
5036619800721 23.6  6.0  0.009900-99.9-99.9-99.9-99.9 7.5 7010.4 64  7.5   4  3.212.8 1.6
5036619800722 25.2  6.8  0.009900-99.9-99.9-99.9-99.9 7.5 7011.2 64  8.6   6  4.812.8 1.8
5036619800723 23.6 10.6  0.009900-99.9-99.9-99.9-99.9 7.4 6912.3 67 10.0   4  3.212.8 1.8
5036619800724 25.1 10.2  0.009900-99.9-99.9-99.9-99.9 6.5 6113.3 68 11.2   8  6.411.8 2.0
5036619800725 36.6 14.0  0.009900-99.9-99.9-99.9-99.9 5.8 54 7.5 25  2.9  14 11.211.0 4.5
5036619800726 25.0 12.6  0.009900-99.9-99.9-99.9-99.9 7.8 73 7.7 44  3.2   3  2.413.4 2.0
5036619800727 23.4  7.2  0.009900-99.9-99.9-99.9-99.9 7.5 70 8.7 49  5.0   2  1.613.1 1.6
5036619800728 32.1  6.1  0.009900-99.9-99.9-99.9-99.9 8.5 79 7.6 41  3.0   8  6.414.4 2.7
5036619800729 18.8  8.3  0.009900-99.9-99.9-99.9-99.9 4.3 40 4.4 36 -4.4   7  5.6 9.4 2.4
5036619800730 17.3 -0.1  0.009900-99.9-99.9-99.9-99.9 7.6 70 4.5 39 -4.1  12  9.613.4 2.3
5036619800731 18.3  3.0  0.009900-99.9-99.9-99.9-99.9 7.8 72 5.5 42 -1.4   8  6.413.7 2.0
5036619800801 21.5  2.9  0.009900-99.9-99.9-99.9-99.9 6.1 56 6.6 48  1.1   6  4.811.7 1.9
5036619800802 19.0  5.1  0.009900-99.9-99.9-99.9-99.9 1.0  9 7.3 54  2.5   6  4.8 5.6 1.8
5036619800803 23.0  5.1  0.009900-99.9-99.9-99.9-99.9 7.8 72 9.4 61  6.1   8  6.414.0 2.1
5036619800804 21.0 12.8  0.009900-99.9-99.9-99.9-99.9 0.8  7 9.8 55  6.7   2  1.6 5.4 1.7
5036619800805 24.0  5.0  0.009900-99.9-99.9-99.9-99.9-9.9 99 8.4 55  4.5   5  4.0-9.9-9.9
5036619800806 29.5  8.3  0.009900-99.9-99.9-99.9-99.9-9.9 99 9.1 48  5.6   7  5.6-9.9-9.9
5036619800807 23.0  8.4  0.009900-99.9-99.9-99.9-99.9-9.9 99 8.0 51  3.8  10  8.0-9.9-9.9
5036619800808 21.5  4.3  0.009900-99.9-99.9-99.9-99.9-9.9 99 7.3 52  2.5   4  3.2-9.9-9.9
5036619800809 26.0  6.2  0.009900-99.9-99.9-99.9-99.9-9.9 99 9.6 55  6.4   4  3.2-9.9-9.9
5036619800810 26.0  8.5  0.319900-99.9-99.9-99.9-99.9-9.9 9911.0 56  8.4   9  7.2-9.9-9.9
5036619800811 18.0 12.7  0.009900-99.9-99.9-99.9-99.9 0.2  2 8.6 54  4.8   4  3.2 4.9 1.9
5036619800812 21.0 10.0  0.009900-99.9-99.9-99.9-99.9 4.0 3610.6 64  7.8   4  3.2 9.8 1.9
5036619800813 26.4  7.8  0.009900-99.9-99.9-99.9-99.9-9.9 9911.9 62  9.5   7  5.6-9.9-9.9
5036619800814 30.0 10.1  0.009900-99.9-99.9-99.9-99.9-9.9 9912.9 55 10.7   5  4.0-9.9-9.9
5036619800815 28.0 11.4  0.009900-99.9-99.9-99.9-99.9-9.9 9914.2 61 12.2   1  0.8-9.9-9.9
5036619800816 28.8 12.5  0.009900-99.9-99.9-99.9-99.9 8.0 7214.9 58 12.9  10  8.015.3 3.1
5036619800817 23.0 13.8  0.009900-99.9-99.9-99.9-99.9 0.5  414.1 77 12.1   9  7.2 5.5 2.1
5036619800818 18.2 12.3  0.819900-99.9-99.9-99.9-99.9 0.0  013.7 79 11.6   4  3.2 4.9 1.3
5036619800819 17.4 11.5  0.009900-99.9-99.9-99.9-99.9 0.0  013.2 78 11.1   4  3.2 4.9 1.2
5036619800820 25.0 10.4  0.009900-99.9-99.9-99.9-99.9-9.9 9911.6 62  9.2   7  5.6-9.9-9.9
5036619800821 24.8  9.3  9.819900-99.9-99.9-99.9-99.9 5.3 4713.0 69 10.9  14 11.212.1 2.8
5036619800822 17.7  9.1  0.009900-99.9-99.9-99.9-99.9 3.7 33 9.5 62  6.2   9  7.210.0 2.2
5036619800823 21.8  5.8  0.009900-99.9-99.9-99.9-99.9 8.8 78 9.5 59  6.2   9  7.216.9 2.6
5036619800824 23.8  6.8  0.009900-99.9-99.9-99.9-99.9 8.3 7310.7 61  8.0   4  3.216.4 2.3
5036619800825 25.1  7.6  0.009900-99.9-99.9-99.9-99.9 6.4 56 8.3 46  4.3  14 11.213.9 3.6
5036619800826 18.8 10.9  0.009900-99.9-99.9-99.9-99.9 7.4 65 7.6 48  3.0   7  5.615.3 2.7
5036619800827 21.5  4.3  0.009900-99.9-99.9-99.9-99.9-9.9 99 7.6 52  3.0  11  8.8-9.9-9.9
5036619800828 22.7  5.4  0.009900-99.9-99.9-99.9-99.9-9.9 99 8.7 55  5.0   6  4.8-9.9-9.9
5036619800829 27.6  7.3  0.009900-99.9-99.9-99.9-99.9 8.5 74 9.4 47  6.1   6  4.817.1 3.0
5036619800830 31.5 12.6  0.009900-99.9-99.9-99.9-99.9 5.4 4712.3 46 10.0   7  5.612.8 3.3
5036619800831 24.0 16.2  0.009900-99.9-99.9-99.9-99.9 4.8 42 9.6 43  6.4   6  4.812.1 3.1
5036619800901 19.4 12.1  0.009900-99.9-99.9-99.9-99.9 1.8 16 8.6 48  4.8   7  5.6 7.9 2.5
5036619800902 26.5  7.4  0.009900-99.9-99.9-99.9-99.9 5.7 49 7.6 42  3.0  13 10.413.5 3.8
5036619800903 27.4 10.4  0.009900-99.9-99.9-99.9-99.9 8.3 71 7.7 35  3.2   9  7.217.3 3.7
5036619800904 23.6  5.9  0.009900-99.9-99.9-99.9-99.9 8.2 70 7.3 43  2.5   7  5.617.2 3.0
5036619800905 27.1  7.2  0.009900-99.9-99.9-99.9-99.9-9.9 99 9.3 46  5.9   5  4.0-9.9-9.9
5036619800906 30.8 10.5  0.009900-99.9-99.9-99.9-99.9-9.9 9910.9 43  8.2  11  8.8-9.9-9.9
5036619800907 31.0 12.4  0.009900-99.9-99.9-99.9-99.9-9.9 9910.8 39  8.1   7  5.6-9.9-9.9
5036619800908 24.8 14.4  0.009900-99.9-99.9-99.9-99.9 2.9 25 4.4 22 -4.4  11  8.8 9.9 4.3
5036619800909 23.5  4.2  0.009900-99.9-99.9-99.9-99.9-9.9 99 4.5 26 -4.1  17 13.6-9.9-9.9
5036619800910 26.5  5.1  0.009900-99.9-99.9-99.9-99.9 7.3 62 6.0 33 -0.2   9  7.216.4 3.6
5036619800911 27.5  8.4  0.009900-99.9-99.9-99.9-99.9-9.9 99 8.5 38  4.6   7  5.6-9.9-9.9
5036619800912 32.3 10.6  0.009900-99.9-99.9-99.9-99.9-9.9 99 8.9 35  5.3  12  9.6-9.9-9.9
5036619800913 31.8 13.6  0.009900-99.9-99.9-99.9-99.9 6.9 5811.5 42  9.0   7  5.616.1 3.9
5036619800914 25.7 14.7  7.219900-99.9-99.9-99.9-99.9 1.8 15 8.1 33  3.9  23 18.4 8.5 5.6
5036619800915 18.2  7.7  0.919900-99.9-99.9-99.9-99.9 1.5 13 7.6 59  3.0  12  9.6 8.1 2.8
5036619800916 19.2  3.7  0.009900-99.9-99.9-99.9-99.9 7.7 64 6.2 49  0.2  11  8.817.5 3.3
5036619800917 19.5  2.7  0.009900-99.9-99.9-99.9-99.9 6.4 53 6.8 48  1.5   7  5.615.7 2.7
5036619800918 22.2  5.0  0.009900-99.9-99.9-99.9-99.9 5.5 46 7.7 44  3.2  12  9.614.4 3.3
5036619800919 18.0  6.4  0.009900-99.9-99.9-99.9-99.9 0.3  2 8.2 56  4.1  10  8.0 6.5 2.3
5036619800920 18.7  9.1  0.009900-99.9-99.9-99.9-99.9 0.0  0 8.6 53  4.8   2  1.6 6.1 1.8
5036619800921 26.2  8.2  0.009900-99.9-99.9-99.9-99.9 6.5 54 7.7 34  3.2  13 10.416.1 4.2
5036619800922 28.7  8.1  0.009900-99.9-99.9-99.9-99.9-9.9 99 7.0 31  1.9  21 16.8-9.9-9.9
5036619800923 29.0  8.3  0.009900-99.9-99.9-99.9-99.9 6.0 49 8.8 37  5.1  14 11.215.5 4.5
5036619800924 27.5  9.7  0.009900-99.9-99.9-99.9-99.9 6.9 5710.0 42  7.0   5  4.017.0 3.4
5036619800925 28.9 10.2  0.009900-99.9-99.9-99.9-99.9-9.9 9910.5 41  7.7  12  9.6-9.9-9.9
5036619800926 29.3 12.5  0.419900-99.9-99.9-99.9-99.9 5.0 4112.9 45 10.7   9  7.214.1 3.7
5036619800927 25.2 16.0  0.519900-99.9-99.9-99.9-99.9 4.7 3813.1 60 11.0  11  8.813.7 3.8
5036619800928 25.1  9.3  0.009900-99.9-99.9-99.9-99.9 3.7 3013.1 63 11.0   9  7.212.2 2.9
5036619800929 28.5 11.4  0.009900-99.9-99.9-99.9-99.9 2.5 2013.6 59 11.5   6  4.810.3 2.9
5036619800930 32.0 14.6  0.319900-99.9-99.9-99.9-99.9 5.4 4415.1 51 13.1   4  3.215.0 3.5
5036619801001 27.7 12.4  1.119900-99.9-99.9-99.9-99.9 0.0  013.7 81 11.6  11  8.8 6.5 2.9
5036619801002 19.5 12.4  0.009900-99.9-99.9-99.9-99.9 0.0  010.3 56  7.4   4  3.2 6.5 2.1
5036619801003 19.5 12.5  0.009900-99.9-99.9-99.9-99.9 0.8  610.6 59  7.8   6  4.8 7.8 2.4
5036619801004 25.3  6.2  0.009900-99.9-99.9-99.9-99.9 8.5 68 7.4 39  2.7   9  7.220.2 4.0
5036619801005 24.6  6.7  0.009900-99.9-99.9-99.9-99.9 7.6 6110.0 48  7.0   6  4.818.9 3.4
5036619801006 24.5 13.5  0.009900-99.9-99.9-99.9-99.9 7.6 61 7.7 36  3.2  15 12.018.9 5.2
5036619801007 22.3  7.8  0.009900-99.9-99.9-99.9-99.9 8.2 66 8.6 46  4.8  16 12.820.0 4.5
5036619801008 26.0  9.4  0.009900-99.9-99.9-99.9-99.9 9.4 75 9.4 43  6.1   9  7.222.0 4.4
5036619801009 30.0  9.6  0.009900-99.9-99.9-99.9-99.9 6.8 5410.1 41  7.1  15 12.017.8 5.0
5036619801010 24.9 15.0 11.719900-99.9-99.9-99.9-99.9 2.1 1712.0 47  9.7  17 13.610.2 4.3
5036619801011 24.6 13.6  0.219900-99.9-99.9-99.9-99.9 6.5 5214.4 67 12.4  10  8.017.5 3.8
5036619801012 29.8 12.1  0.009900-99.9-99.9-99.9-99.9-9.9 9913.5 52 11.4  12  9.6-9.9-9.9
5036619801013 30.2 12.5  0.009900-99.9-99.9-99.9-99.9-9.9 9914.6 51 12.6  12  9.6-9.9-9.9
5036619801014 33.7 16.0  0.009900-99.9-99.9-99.9-99.9 9.2 7314.7 43 12.7   8  6.422.1 5.2
5036619801015 36.0 15.6  0.009900-99.9-99.9-99.9-99.910.2 8014.5 37 12.5   9  7.223.8 5.7
5036619801016 37.2 19.0  0.009900-99.9-99.9-99.9-99.9 9.1 7115.5 37 13.5  12  9.622.1 6.4
5036619801017 35.6 18.6  0.009900-99.9-99.9-99.9-99.9 5.8 4518.9 49 16.6   6  4.816.6 4.5
5036619801018 27.5 20.5  0.009900-99.9-99.9-99.9-99.9 0.8  621.6 82 18.7  16 12.8 8.3 3.3
5036619801019 33.2 19.4  2.019900-99.9-99.9-99.9-99.9 6.8 5322.8 63 19.6  10  8.018.4 4.8
5036619801020 34.0 23.0  0.219900-99.9-99.9-99.9-99.9 6.7 5226.4 68 22.0  13 10.418.3 5.3
5036619801021 28.2 21.0 54.919900-99.9-99.9-99.9-99.9 0.0  024.4 86 20.7  14 11.2 7.1 2.7
5036619801022 22.1 11.3  0.009900-99.9-99.9-99.9-99.9 0.0  012.1 78  9.8  12  9.6 7.1 2.7
5036619801023 15.6 12.7  1.019900-99.9-99.9-99.9-99.9 0.0  011.6 72  9.2   8  6.4 7.1 2.1
5036619801024 18.8 11.5  0.009900-99.9-99.9-99.9-99.9 0.0  012.7 75 10.5   9  7.2 7.2 2.1
5036619801025 24.4 14.4  0.009900-99.9-99.9-99.9-99.9 5.1 3915.5 67 13.5   9  7.215.8 3.6
5036619801026 29.5 14.1  0.009900-99.9-99.9-99.9-99.9 9.6 7418.5 66 16.3  10  8.023.5 4.9
5036619801027 32.2 18.9 55.319900-99.9-99.9-99.9-99.9 9.1 7022.3 58 19.2  12  9.622.7 5.6
5036619801028 29.3 20.5 33.619900-99.9-99.9-99.9-99.9 0.2  224.9 89 21.0  15 12.0 7.6 2.8
5036619801029 26.8 13.7  2.419900-99.9-99.9-99.9-99.9 2.6 2019.2 88 16.9  20 16.011.7 3.3
5036619801030 24.8 14.2  0.009900-99.9-99.9-99.9-99.9 8.2 6316.3 69 14.3   2  1.621.3 3.8
5036619801031 29.8 12.8  0.009900-99.9-99.9-99.9-99.9-9.9 9912.1 43  9.8  19 15.2-9.9-9.9
5036619801101 28.7 13.1  0.009900-99.9-99.9-99.9-99.910.4 7915.6 53 13.6  13 10.425.2 5.4
5036619801102 31.9 15.6  0.009900-99.9-99.9-99.9-99.910.4 7917.8 51 15.7  14 11.225.2 6.1
5036619801103 35.2 17.8  0.009900-99.9-99.9-99.9-99.910.4 7917.5 44 15.4  14 11.225.3 6.8
5036619801104 32.4 21.1  0.009900-99.9-99.9-99.9-99.9 9.2 7020.6 57 18.0  13 10.423.3 6.2
5036619801105 34.3 21.3  6.519900-99.9-99.9-99.9-99.9 8.3 6323.1 59 19.8  10  8.021.7 5.8
5036619801106 29.6 18.5  0.009900-99.9-99.9-99.9-99.9 5.9 4520.7 64 18.1  14 11.217.6 4.8
5036619801107 33.6 17.0  3.019900-99.9-99.9-99.9-99.9 9.6 7219.9 67 17.4  16 12.824.1 6.3
5036619801108 17.0 11.8  0.009900-99.9-99.9-99.9-99.9 0.0  0 9.0 55  5.4  21 16.8 7.5 3.8
5036619801109 19.8 11.3  0.009900-99.9-99.9-99.9-99.9 6.3 47 8.8 51  5.1  12  9.618.4 4.3
5036619801110 25.0  8.3  0.009900-99.9-99.9-99.9-99.9 8.4 63 9.5 43  6.2   7  5.622.1 4.3
5036619801111 29.1 13.2  0.009900-99.9-99.9-99.9-99.9 9.6 7210.8 41  8.1  13 10.424.2 5.9
5036619801112 29.6 14.5  0.009900-99.9-99.9-99.9-99.9 8.0 6012.0 41  9.7  11  8.821.5 5.5
5036619801113 30.9 14.4  0.009900-99.9-99.9-99.9-99.9 9.5 7113.9 44 11.9  11  8.824.1 5.8
5036619801114 35.0 17.1  0.009900-99.9-99.9-99.9-99.9 9.3 6915.2 41 13.2   9  7.223.8 6.0
5036619801115 34.7 20.3  0.009900-99.9-99.9-99.9-99.9 5.0 3718.6 49 16.4  11  8.816.3 5.4
5036619801116 24.3 18.0 15.819900-99.9-99.9-99.9-99.9 0.0  020.1 84 17.6  14 11.2 7.7 2.6
5036619801117 21.0 17.8  2.919900-99.9-99.9-99.9-99.9 0.0  020.7 96 18.1  11  8.8 7.7 1.9
5036619801118 28.9 15.9  0.009900-99.9-99.9-99.9-99.9 8.7 6520.5 66 17.9  10  8.022.9 4.9
5036619801119 31.9 19.8  0.009900-99.9-99.9-99.9-99.9 7.7 5721.8 61 18.9   9  7.221.1 5.3
5036619801120 27.7 18.2 14.119900-99.9-99.9-99.9-99.9 0.0  022.1 94 19.1  12  9.6 7.7 2.6
5036619801121 23.8 17.6  1.019900-99.9-99.9-99.9-99.9 0.1  121.6 90 18.7   9  7.2 7.9 2.0
5036619801122 20.7 16.0  1.019900-99.9-99.9-99.9-99.9 0.0  016.5 86 14.5  12  9.6 7.8 2.4
5036619801123 22.0 14.4  0.009900-99.9-99.9-99.9-99.9 0.1  113.9 68 11.9   6  4.8 7.9 2.5
5036619801124 28.3 13.3  0.009900-99.9-99.9-99.9-99.9 8.1 6017.4 63 15.3   7  5.622.0 4.5
5036619801125 32.0 16.5  0.009900-99.9-99.9-99.9-99.9 5.5 4018.5 54 16.3   9  7.217.4 4.7
5036619801126 32.0 19.5  0.319900-99.9-99.9-99.9-99.9 8.9 6522.1 61 19.1   9  7.223.4 5.6
5036619801127 26.5 21.3 18.919900-99.9-99.9-99.9-99.9 0.8  625.1 86 21.2  17 13.6 9.2 2.9
5036619801128 21.7 17.2 11.319900-99.9-99.9-99.9-99.9 0.0  021.4 88 18.6  11  8.8 7.8 1.8
5036619801129 29.5 17.3  0.009900-99.9-99.9-99.9-99.9 4.4 3220.1 64 17.6   7  5.615.6 3.9
5036619801130 32.4 16.8  0.009900-99.9-99.9-99.9-99.9 9.8 7217.7 48 15.6  12  9.625.0 6.2
5036619801201 29.6 16.8  0.009900-99.9-99.9-99.9-99.9 9.8 7220.4 63 17.8   7  5.625.1 5.3
5036619801202 30.7 17.6  0.009900-99.9-99.9-99.9-99.9 9.6 7020.6 60 18.0  12  9.624.7 5.8
5036619801203 33.0 20.7  0.009900-99.9-99.9-99.9-99.9 7.9 5820.4 51 17.8   8  6.421.8 5.6
5036619801204 33.7 19.9 56.619900-99.9-99.9-99.9-99.9 4.1 3023.3 57 20.0  11  8.815.1 4.6
5036619801205 29.9 17.2  0.009900-99.9-99.9-99.9-99.9 6.6 4821.5 69 18.7   7  5.619.5 4.5
5036619801206 30.0 20.3  5.719900-99.9-99.9-99.9-99.9 4.0 2924.0 76 20.4   8  6.414.9 3.9
5036619801207 31.6 19.8  0.009900-99.9-99.9-99.9-99.9 6.1 4424.0 71 20.4  16 12.818.6 5.2
5036619801208 34.6 21.2  0.009900-99.9-99.9-99.9-99.9 6.8 4925.3 62 21.3  11  8.819.9 5.5
5036619801209 34.0 21.9  0.009900-99.9-99.9-99.9-99.9 6.9 5027.1 63 22.4  12  9.620.1 5.5
5036619801210 33.4 19.4 89.119900-99.9-99.9-99.9-99.9 3.4 2526.4 82 22.0  18 14.413.9 4.4
5036619801211 28.4 19.1  0.009900-99.9-99.9-99.9-99.9 4.5 3324.3 82 20.6  15 12.015.9 4.0
5036619801212 29.8 20.5  0.819900-99.9-99.9-99.9-99.9 5.2 3826.6 80 22.1  11  8.817.1 4.2
5036619801213 30.0 22.0  0.009900-99.9-99.9-99.9-99.9 4.3 3123.7 76 20.2  15 12.015.5 4.7
5036619801214 32.6 19.8  0.009900-99.9-99.9-99.9-99.9 6.5 4723.4 67 20.0  15 12.019.4 5.5
5036619801215 31.7 21.5  0.009900-99.9-99.9-99.9-99.9 4.1 3026.0 65 21.7  14 11.215.2 4.5
5036619801216 31.9 23.0  0.009900-99.9-99.9-99.9-99.9 8.3 6021.7 58 18.8   9  7.222.6 6.0
5036619801217 32.4 22.1  4.819900-99.9-99.9-99.9-99.9 9.0 6524.4 56 20.7  10  8.023.8 6.1
5036619801218 30.6 17.9  1.819900-99.9-99.9-99.9-99.9 0.0  017.1 73 15.0  12  9.6 8.0 3.8
5036619801219 19.2 15.6  6.019900-99.9-99.9-99.9-99.9 0.0  017.0 87 15.0  12  9.6 8.0 2.1
5036619801220 16.0 11.2  0.219900-99.9-99.9-99.9-99.9 0.0  013.0 80 10.9   8  6.4 8.0 1.9
5036619801221 23.2 13.2  0.009900-99.9-99.9-99.9-99.9 3.9 2814.0 61 12.0   7  5.614.8 3.4
5036619801222 29.0 14.4  0.009900-99.9-99.9-99.9-99.9 9.2 6717.1 57 15.0  14 11.224.2 5.6
5036619801223 31.0 14.3  0.009900-99.9-99.9-99.9-99.9 7.8 5718.2 54 16.0   7  5.621.7 4.8
5036619801224 32.8 18.7  2.419900-99.9-99.9-99.9-99.9 6.0 4420.7 57 18.1   8  6.418.5 4.9
5036619801225 32.6 22.2  0.419900-99.9-99.9-99.9-99.9 6.1 4425.0 65 21.1  17 13.618.7 5.7
5036619801226 30.7 21.0  0.009900-99.9-99.9-99.9-99.9 6.2 4522.6 65 19.5   9  7.218.9 4.9
5036619801227 30.8 22.1  6.919900-99.9-99.9-99.9-99.9 5.8 4226.1 70 21.8   8  6.418.2 4.6
5036619801228 30.2 19.7  0.009900-99.9-99.9-99.9-99.9 4.4 3223.9 70 20.4  12  9.615.7 4.3
5036619801229 32.4 20.6  4.819900-99.9-99.9-99.9-99.9 9.1 6625.5 62 21.4  15 12.024.0 6.2
5036619801230 33.4 21.5  0.009900-99.9-99.9-99.9-99.9 6.9 5025.9 70 21.7  10  8.020.1 5.4
5036619801231 30.1 21.4 80.419900-99.9-99.9-99.9-99.9 2.2 1626.6 78 22.1  20 16.011.8 3.9
5036619810101 23.2 18.6 24.419900-99.9-99.9-99.9-99.9 0.0  022.0 96 19.0   9  7.2 7.9 2.1
5036619810102 21.7 17.4  1.319900-99.9-99.9-99.9-99.9 0.0  021.1 91 18.4  10  8.0 7.9 1.9
5036619810103 23.6 18.1  0.319900-99.9-99.9-99.9-99.9 0.0  021.5 84 18.7   4  3.2 7.9 2.0
5036619810104 27.5 18.0  0.009900-99.9-99.9-99.9-99.9 1.8 1323.2 82 19.9   4  3.211.1 2.7
5036619810105 31.5 19.6  0.319900-99.9-99.9-99.9-99.9 4.8 3526.9 77 22.3   7  5.616.4 4.0
5036619810106 28.9 20.9  2.419900-99.9-99.9-99.9-99.9 3.2 2321.0 68 18.3   6  4.813.6 3.8
5036619810107 26.5 18.8  5.019900-99.9-99.9-99.9-99.9 0.7  522.3 77 19.2   4  3.2 9.1 2.4
5036619810108 29.6 21.0  0.009900-99.9-99.9-99.9-99.9 2.3 1723.1 66 19.8   9  7.212.0 3.6
5036619810109 32.5 22.7 13.119900-99.9-99.9-99.9-99.9 5.3 3927.1 74 22.4   5  4.017.2 4.4
5036619810110 30.0 20.9 20.019900-99.9-99.9-99.9-99.9 3.6 2627.6 87 22.7   4  3.214.2 3.4
5036619810111 32.0 20.0 82.819900-99.9-99.9-99.9-99.9 3.6 2626.6 83 22.1  12  9.614.2 4.0
5036619810112 29.4 19.6 41.819900-99.9-99.9-99.9-99.9 6.3 4624.4 74 20.7  12  9.619.0 4.6
5036619810113 29.6 17.6  0.919900-99.9-99.9-99.9-99.9 8.0 5923.4 78 20.0   6  4.821.9 4.7
5036619810114 30.6 21.4  0.919900-99.9-99.9-99.9-99.9 4.3 3223.9 76 20.4   4  3.215.4 3.9
5036619810115 29.4 21.4 25.919900-99.9-99.9-99.9-99.9 1.6 1224.2 80 20.6   9  7.210.7 3.3
5036619810116 26.2 16.6  0.219900-99.9-99.9-99.9-99.9 4.0 2920.3 80 17.7  11  8.814.9 3.5
5036619810117 28.2 19.1  0.009900-99.9-99.9-99.9-99.9 3.8 2824.0 75 20.4  15 12.014.5 3.8
5036619810118 31.4 20.6  0.009900-99.9-99.9-99.9-99.9 7.1 5226.9 71 22.3   6  4.820.3 4.7
5036619810119 33.9 22.3  0.519900-99.9-99.9-99.9-99.9 9.0 6728.2 71 23.1  13 10.423.6 6.2
5036619810120 24.6 21.1  1.919900-99.9-99.9-99.9-99.9 0.0  024.3 90 20.6   9  7.2 7.8 2.2
5036619810121 23.9 20.0  4.619900-99.9-99.9-99.9-99.9 0.0  023.5 91 20.1   6  4.8 7.8 2.0
5036619810122 29.7 20.0  0.219900-99.9-99.9-99.9-99.9 4.8 3625.7 87 21.5   9  7.216.2 3.9
5036619810123 30.8 20.8 51.519900-99.9-99.9-99.9-99.9 4.9 3626.6 78 22.1   7  5.616.3 4.0
5036619810124 25.6 19.3  5.719900-99.9-99.9-99.9-99.9 0.0  023.0 92 19.7   9  7.2 7.7 2.2
5036619810125 26.0 20.6  5.719900-99.9-99.9-99.9-99.9 0.9  725.4 88 21.4   4  3.2 9.3 2.3
5036619810126 32.0 22.6  5.219900-99.9-99.9-99.9-99.9 4.4 3328.7 82 23.4   8  6.415.4 4.1
5036619810127 31.4 22.8 17.819900-99.9-99.9-99.9-99.9 4.0 3029.0 81 23.5   9  7.214.7 3.9
5036619810128 26.4 20.6 15.219900-99.9-99.9-99.9-99.9 0.0  024.8 96 21.0   8  6.4 7.7 2.2
5036619810129 24.4 19.6  0.919901-99.9-99.9-99.9-99.9 0.0  024.2 91 20.6   6  4.8 7.6 1.9
5036619810130 28.3 20.2  0.009900-99.9-99.9-99.9-99.9 3.5 2626.2 88 21.9   8  6.413.7 3.3
5036619810131 32.5 22.1  0.219900-99.9-99.9-99.9-99.9 7.8 5929.5 79 23.8   6  4.821.2 5.0
5036619810201 28.6 22.0 39.219900-99.9-99.9-99.9-99.9 0.0  026.2 94 21.9   9  7.2 7.6 2.5
5036619810202 28.9 20.8  1.619900-99.9-99.9-99.9-99.9 2.1 1627.0 87 22.4   7  5.611.2 2.8
5036619810203 31.6 22.6 89.819900-99.9-99.9-99.9-99.9 2.9 2227.7 80 22.8   7  5.612.6 3.5
5036619810204 28.2 19.8  0.819900-99.9-99.9-99.9-99.9 3.2 2424.1 82 20.5   4  3.213.1 3.1
5036619810205 27.7 20.9  3.619900-99.9-99.9-99.9-99.9 2.1 1623.6 80 20.2  10  8.011.1 3.2
5036619810206 31.0 21.4  0.009900-99.9-99.9-99.9-99.9 3.6 2725.5 79 21.4  10  8.013.7 3.9
5036619810207 32.2 21.8  0.319900-99.9-99.9-99.9-99.9 8.2 6227.8 76 22.8  11  8.821.7 5.3
5036619810208 27.6 18.1 64.819900-99.9-99.9-99.9-99.9 0.0  022.4 93 19.3  17 13.6 7.4 2.7
5036619810209 23.5 17.5  0.919900-99.9-99.9-99.9-99.9 0.1  120.9 87 18.2   7  5.6 7.6 2.0
5036619810210 28.4 19.5  3.419900-99.9-99.9-99.9-99.9 4.0 3125.5 87 21.4   7  5.614.3 3.3
5036619810211 29.4 21.4  0.009900-99.9-99.9-99.9-99.9 3.0 2325.4 83 21.4  11  8.812.5 3.5
5036619810212 30.5 20.1 43.519900-99.9-99.9-99.9-99.9 7.8 6024.5 77 20.8  12  9.620.8 5.0
5036619810213 24.9 17.2 10.719900-99.9-99.9-99.9-99.9 0.0  018.2 78 16.0   9  7.2 7.3 2.5
5036619810214 18.9 16.5 16.419900-99.9-99.9-99.9-99.9 0.0  019.1 96 16.8  15 12.0 7.3 1.7
5036619810215 28.0 15.7  0.009900-99.9-99.9-99.9-99.9 7.3 5621.1 76 18.4   4  3.219.8 3.9
5036619810216 29.8 16.3  0.009900-99.9-99.9-99.9-99.910.3 8020.0 65 17.5  10  8.024.8 5.3
5036619810217 29.0 19.5  0.009900-99.9-99.9-99.9-99.9 8.8 6824.2 77 20.6   9  7.222.2 4.8
5036619810218 31.1 21.8 26.719900-99.9-99.9-99.9-99.9 4.0 3125.8 74 21.6  10  8.014.0 3.9
5036619810219 29.8 20.5  0.009900-99.9-99.9-99.9-99.9 6.1 4726.1 79 21.8  10  8.017.5 4.2
5036619810220 30.8 22.8 48.419900-99.9-99.9-99.9-99.9 4.4 3428.0 78 23.0  13 10.414.6 4.0
5036619810221 30.0 22.2  4.719900-99.9-99.9-99.9-99.9 4.6 3628.7 86 23.4   7  5.614.9 3.6
5036619810222 32.6 23.2  0.009900-99.9-99.9-99.9-99.9 7.1 5628.6 76 23.3   7  5.619.1 4.7
5036619810223 32.8 21.7  0.009900-99.9-99.9-99.9-99.9 9.1 7125.7 67 21.5   9  7.222.4 5.4
5036619810224 33.3 22.3  0.009900-99.9-99.9-99.9-99.910.8 8526.0 65 21.7  13 10.425.2 6.3
5036619810225 32.0 22.8  0.009900-99.9-99.9-99.9-99.910.3 8126.7 70 22.2   7  5.624.3 5.6
5036619810226 33.1 22.9  0.009900-99.9-99.9-99.9-99.9 9.9 7824.7 61 20.9  12  9.623.5 6.1
5036619810227 33.0 24.6  0.009900-99.9-99.9-99.9-99.9 7.9 6226.3 68 21.9  12  9.620.1 5.6
5036619810228 29.0 23.4  3.119900-99.9-99.9-99.9-99.9 0.6  526.2 84 21.9  12  9.6 7.9 2.9
5036619810301 30.6 22.2 11.219900-99.9-99.9-99.9-99.9 7.7 6127.8 85 22.8  13 10.419.7 4.8
5036619810302 32.0 22.8 45.619900-99.9-99.9-99.9-99.9 4.0 3228.5 78 23.2   6  4.813.5 3.5
5036619810303 30.0 20.3  0.009900-99.9-99.9-99.9-99.9 7.0 5623.3 72 20.0   8  6.418.4 4.3
5036619810304 27.2 19.8  0.009900-99.9-99.9-99.9-99.9 0.4  322.8 81 19.6  10  8.0 7.4 2.4
5036619810305 31.0 20.8  0.009900-99.9-99.9-99.9-99.9 7.3 5824.9 72 21.0   7  5.618.7 4.4
5036619810306 31.4 22.2 32.519900-99.9-99.9-99.9-99.9 7.1 5725.7 75 21.5  10  8.018.3 4.6
5036619810307 25.1 18.1  2.419900-99.9-99.9-99.9-99.9 0.0  021.5 86 18.7  14 11.2 6.7 2.2
5036619810308 27.0 20.4  0.009900-99.9-99.9-99.9-99.9 0.3  223.2 79 19.9   6  4.8 7.1 2.2
5036619810309 30.0 20.5  0.009900-99.9-99.9-99.9-99.9 7.0 5725.2 76 21.2   8  6.418.0 4.1
5036619810310 30.8 20.8 21.619900-99.9-99.9-99.9-99.9 6.1 4925.7 76 21.5   8  6.416.4 3.9
5036619810311 30.0 19.1  2.619900-99.9-99.9-99.9-99.9 6.5 5322.2 74 19.2  10  8.017.0 4.1
5036619810312 29.2 18.7  0.009900-99.9-99.9-99.9-99.9 4.1 3323.2 75 19.9   6  4.813.1 3.1
5036619810313 30.0 21.3  2.719900-99.9-99.9-99.9-99.9 4.8 3927.0 81 22.4   8  6.414.1 3.4
5036619810314 26.0 18.9  2.119900-99.9-99.9-99.9-99.9 0.2  221.8 87 18.9  10  8.0 6.7 2.2
5036619810315 28.7 18.6 11.719900-99.9-99.9-99.9-99.9 7.4 6124.0 79 20.4   5  4.018.2 3.7
5036619810316 24.8 14.6  3.319900-99.9-99.9-99.9-99.9 0.0  016.9 95 14.9   8  6.4 6.3 2.1
5036619810317 23.1 16.2  0.009900-99.9-99.9-99.9-99.9 0.3  219.9 88 17.4   7  5.6 6.8 1.7
5036619810318 26.5 17.5  0.919900-99.9-99.9-99.9-99.9 2.4 2021.7 79 18.8   7  5.610.0 2.4
5036619810319 22.1 19.2 16.719900-99.9-99.9-99.9-99.9 0.0  022.2 96 19.2   8  6.4 6.2 1.6
5036619810320 27.4 17.4  0.009900-99.9-99.9-99.9-99.9 5.5 4521.3 83 18.5  10  8.014.8 3.3
5036619810321 29.5 17.4  0.009900-99.9-99.9-99.9-99.9 6.7 5620.5 71 17.9  13 10.416.6 4.1
5036619810322 28.9 18.5  0.009900-99.9-99.9-99.9-99.9 4.9 4121.6 78 18.7   9  7.213.7 3.4
5036619810323 30.0 18.7  0.319900-99.9-99.9-99.9-99.9 5.3 4422.3 71 19.2   9  7.214.3 3.5
5036619810324 25.2 17.6  0.009900-99.9-99.9-99.9-99.9 2.7 2318.3 72 16.1   8  6.410.2 2.7
5036619810325 28.2 19.2  0.009900-99.9-99.9-99.9-99.9 4.0 3321.5 76 18.7   2  1.612.1 2.7
5036619810326 31.2 18.5  0.919900-99.9-99.9-99.9-99.9 4.4 3722.3 75 19.2   4  3.212.7 3.0
5036619810327 30.5 20.0  0.009900-99.9-99.9-99.9-99.9 6.0 5023.6 74 20.2   5  4.015.1 3.4
5036619810328 25.3 17.7 20.919900-99.9-99.9-99.9-99.9 3.9 3321.7 81 18.8   5  4.011.8 2.4
5036619810329 26.7 19.3  0.009900-99.9-99.9-99.9-99.9 0.9  820.4 71 17.8   6  4.8 7.2 2.2
5036619810330 24.4 20.2  0.519900-99.9-99.9-99.9-99.9 0.3  320.9 81 18.2  12  9.6 6.3 2.3
5036619810331 22.7 18.0  5.619900-99.9-99.9-99.9-99.9 0.0  019.9 91 17.4   6  4.8 5.8 1.6
5036619810401 22.9 18.1  3.519900-99.9-99.9-99.9-99.9 0.5  421.8 89 18.9   6  4.8 6.5 1.5
5036619810402 21.2 18.8  4.719900-99.9-99.9-99.9-99.9 0.0  022.4 97 19.3   9  7.2 5.7 1.3
5036619810403 25.4 18.7  0.519900-99.9-99.9-99.9-99.9 1.3 1121.8 86 18.9   7  5.6 7.6 2.0
5036619810404 22.7 18.5  0.919900-99.9-99.9-99.9-99.9 0.0  022.4 90 19.3   5  4.0 5.6 1.3
5036619810405 25.1 19.1  0.219900-99.9-99.9-99.9-99.9 2.2 1923.4 89 20.0   6  4.8 8.8 1.9
5036619810406 28.1 20.3 16.819900-99.9-99.9-99.9-99.9 4.4 3824.3 83 20.6   5  4.011.9 2.7
5036619810407 30.4 21.7  0.819900-99.9-99.9-99.9-99.9 4.2 3625.3 79 21.3   9  7.211.6 3.1
5036619810408 30.6 20.1  0.009900-99.9-99.9-99.9-99.9 6.3 5425.6 75 21.5   6  4.814.5 3.2
5036619810409 31.0 22.5  4.919900-99.9-99.9-99.9-99.9 5.8 5025.6 78 21.5  11  8.813.7 3.7
5036619810410 23.6 17.8 10.319900-99.9-99.9-99.9-99.9 0.1  120.7 94 18.1  14 11.2 5.5 1.8
5036619810411 24.5 15.8  0.009900-99.9-99.9-99.9-99.9 3.0 2620.2 81 17.7   3  2.4 9.6 1.8
5036619810412 25.6 18.2  3.719900-99.9-99.9-99.9-99.9 1.3 1121.8 84 18.9   4  3.2 7.2 1.7
5036619810413 23.9 18.5  6.319900-99.9-99.9-99.9-99.9 2.7 2422.2 87 19.2  13 10.4 9.1 2.0
5036619810414 23.6 17.6  4.219900-99.9-99.9-99.9-99.9 1.6 1420.5 90 17.9  19 15.2 7.5 2.2
5036619810415 21.1 16.1  0.419900-99.9-99.9-99.9-99.9 0.8  717.3 83 15.2   7  5.6 6.3 1.7
5036619810416 24.2 16.2  2.919900-99.9-99.9-99.9-99.9 3.0 2618.1 80 15.9   6  4.8 9.3 2.1
5036619810417 23.8 17.0  1.419900-99.9-99.9-99.9-99.9 1.9 1718.8 83 16.5   7  5.6 7.7 1.9
5036619810418 21.5 17.0  0.009900-99.9-99.9-99.9-99.9 0.5  418.6 86 16.4  14 11.2 5.8 1.8
5036619810419 28.0 14.8  0.009900-99.9-99.9-99.9-99.9 8.2 7219.2 74 16.9   7  5.616.2 2.9
5036619810420 28.9 16.1  0.009900-99.9-99.9-99.9-99.9 8.6 7620.0 73 17.5   9  7.216.7 3.2
5036619810421 27.4 17.0  0.619900-99.9-99.9-99.9-99.9 6.8 6020.5 78 17.9  13 10.414.2 3.1
5036619810422 21.4 16.6  0.119900-99.9-99.9-99.9-99.9 0.2  218.7 89 16.4   7  5.6 5.2 1.4
5036619810423 18.9 16.8 31.519900-99.9-99.9-99.9-99.9 0.0  018.7 93 16.4  10  8.0 4.9 1.2
5036619810424 17.4 13.3  8.019900-99.9-99.9-99.9-99.9 0.0  015.2 97 13.2  11  8.8 4.9 1.3
5036619810425 15.6 13.2  1.119900-99.9-99.9-99.9-99.9 0.0  015.5 94 13.5   5  4.0 4.8 0.9
5036619810426 17.1 14.2  2.719900-99.9-99.9-99.9-99.9 0.0  016.4 92 14.4   6  4.8 4.8 1.0
5036619810427 18.2 14.5 12.519900-99.9-99.9-99.9-99.9 0.1  116.7 91 14.7   5  4.0 4.9 1.1
5036619810428 18.2 11.4  1.619900-99.9-99.9-99.9-99.9 0.1  112.6 82 10.4   7  5.6 4.9 1.5
5036619810429 21.5  7.1  0.009900-99.9-99.9-99.9-99.9 8.8 7912.8 75 10.6   6  4.816.1 1.9
5036619810430 22.9  9.5  0.009900-99.9-99.9-99.9-99.9 8.1 7314.7 76 12.7   6  4.815.1 2.0
5036619810501 24.9 12.3  0.009900-99.9-99.9-99.9-99.9 7.2 6515.5 75 13.5   9  7.213.9 2.4
5036619810502 24.0 13.7  0.009900-99.9-99.9-99.9-99.9 5.9 5415.9 76 13.9   8  6.412.1 2.2
5036619810503 26.7 12.6  0.009900-99.9-99.9-99.9-99.9 8.6 7816.7 75 14.7  17 13.615.5 3.1
5036619810504 27.5 13.3  0.009900-99.9-99.9-99.9-99.9 8.6 7818.2 76 16.0   1  0.815.4 2.2
5036619810505 28.4 15.3  0.009900-99.9-99.9-99.9-99.9 9.3 8520.1 76 17.6   6  4.816.2 2.6
5036619810506 23.0 16.5  0.009900-99.9-99.9-99.9-99.9 0.8  718.9 84 16.6   5  4.0 5.5 1.4
5036619810507 27.9 15.2  0.009900-99.9-99.9-99.9-99.9 6.3 5820.7 82 18.1   4  3.212.3 2.1
5036619810508 28.6 16.4  0.419900-99.9-99.9-99.9-99.9 7.8 7222.2 79 19.2   6  4.814.1 2.4
5036619810509 24.0 17.0  0.009900-99.9-99.9-99.9-99.9 0.3  316.6 78 14.6   6  4.8 4.8 1.8
5036619810510 23.8 17.0  0.009900-99.9-99.9-99.9-99.9 1.9 1718.0 81 15.8   1  0.8 6.7 1.4
5036619810511 24.1 17.5  0.009900-99.9-99.9-99.9-99.9 0.0  020.0 80 17.5   4  3.2 4.3 1.3
5036619810512 24.0 17.4  0.009900-99.9-99.9-99.9-99.9 0.7  620.3 82 17.7  10  8.0 5.1 1.5
5036619810513 22.4 18.2  0.219900-99.9-99.9-99.9-99.9 0.3  319.0 81 16.7   9  7.2 4.6 1.5
5036619810514 23.2 13.5  0.009900-99.9-99.9-99.9-99.9 5.0 4616.7 80 14.7   9  7.210.3 1.8
5036619810515 22.2 12.1  0.009900-99.9-99.9-99.9-99.9 0.9  816.3 79 14.3   9  7.2 5.3 1.3
5036619810516 22.3 16.0  0.819900-99.9-99.9-99.9-99.9 2.7 2517.6 80 15.5   8  6.4 7.4 1.6
5036619810517 24.0 16.9  0.009900-99.9-99.9-99.9-99.9 2.4 2218.4 81 16.2   6  4.8 7.0 1.7
5036619810518 26.6 14.9  0.009900-99.9-99.9-99.9-99.9 7.3 6819.2 75 16.9   4  3.212.8 1.9
5036619810519 26.4 13.1  1.019900-99.9-99.9-99.9-99.9 6.2 5817.1 77 15.0  12  9.611.4 2.2
5036619810520 21.3 12.4  0.009900-99.9-99.9-99.9-99.9 4.7 44 9.2 53  5.8  17 13.6 9.6 3.2
5036619810521 20.2  7.3  0.009900-99.9-99.9-99.9-99.9 7.1 6711.0 69  8.4   6  4.812.4 1.5
5036619810522 22.2 10.6  0.009900-99.9-99.9-99.9-99.9 7.9 7414.2 74 12.2   5  4.013.2 1.6
5036619810523 26.6 11.5  0.009900-99.9-99.9-99.9-99.9 6.5 6116.7 78 14.7   1  0.811.6 1.5
5036619810524 26.4 14.2  0.219900-99.9-99.9-99.9-99.9 8.1 7618.0 76 15.8   5  4.013.3 1.9
5036619810525 20.2 12.3  0.009900-99.9-99.9-99.9-99.9 0.0  010.9 67  8.2  14 11.2 4.0 2.4
5036619810526 16.4 12.0  0.009900-99.9-99.9-99.9-99.9 0.0  012.1 75  9.8   6  4.8 4.0 1.2
5036619810527 17.1 12.1  0.519900-99.9-99.9-99.9-99.9 0.0  013.9 84 11.9   2  1.6 3.9 0.9
5036619810528 19.3 13.0  0.009900-99.9-99.9-99.9-99.9 2.0 1915.6 83 13.6   2  1.6 6.2 1.0
5036619810529 23.1 14.8  0.009900-99.9-99.9-99.9-99.9 1.8 1714.7 73 12.7   3  2.4 6.0 1.5
5036619810530 25.0 10.5  0.009900-99.9-99.9-99.9-99.9 7.5 7116.2 76 14.2   6  4.812.4 1.6
5036619810531 26.8 12.8  0.009900-99.9-99.9-99.9-99.9 4.2 4018.2 80 16.0   9  7.2 8.6 1.7
5036619810601 20.7 13.1  0.319900-99.9-99.9-99.9-99.9 0.0  013.0 78 10.9   3  2.4 3.9 1.3
5036619810602 17.1 12.4  0.009900-99.9-99.9-99.9-99.9 0.2  214.0 83 12.0  10  8.0 4.1 1.1
5036619810603 15.6  9.4  2.319900-99.9-99.9-99.9-99.9 0.0  012.4 88 10.1  11  8.8 3.8 1.0
5036619810604 14.8 11.0  0.919900-99.9-99.9-99.9-99.9 0.0  012.9 88 10.7   6  4.8 3.8 0.9
5036619810605 14.7 11.3  0.009900-99.9-99.9-99.9-99.9 0.0  012.4 82 10.1   6  4.8 3.8 1.0
5036619810606 17.2  9.7  0.009900-99.9-99.9-99.9-99.9 2.8 2712.1 78  9.8   6  4.8 6.9 1.1
5036619810607 18.7  7.3  0.009900-99.9-99.9-99.9-99.9 6.3 6010.7 76  8.0   6  4.810.8 1.3
5036619810608 20.4  7.0  0.009900-99.9-99.9-99.9-99.9 7.0 6711.5 69  9.0   9  7.211.5 1.5
5036619810609 19.6  6.7  0.009900-99.9-99.9-99.9-99.9 5.6 5411.2 75  8.6   7  5.6 9.9 1.3
5036619810610 20.2  9.5  0.009900-99.9-99.9-99.9-99.9 5.4 5212.7 75 10.5   7  5.6 9.7 1.4
5036619810611 14.6 10.2  2.119900-99.9-99.9-99.9-99.9 0.5  513.0 90 10.9   4  3.2 4.3 0.7
5036619810612 19.7 10.1  0.009900-99.9-99.9-99.9-99.9 3.3 3212.5 81 10.3   2  1.6 7.4 1.1
5036619810613 17.7  6.4  0.319900-99.9-99.9-99.9-99.9 2.5 2411.4 77  8.9  14 11.2 6.5 1.3
5036619810614 16.2  9.2  0.009900-99.9-99.9-99.9-99.9 1.5 1411.3 76  8.8   2  1.6 5.4 0.9
5036619810615 19.2  5.7  0.009900-99.9-99.9-99.9-99.9 8.3 8011.3 78  8.8  10  8.012.8 1.3
5036619810616 15.3  7.4  0.009900-99.9-99.9-99.9-99.9 0.0  0 9.6 67  6.4   8  6.4 3.7 1.3
5036619810617 14.0  7.2  0.009900-99.9-99.9-99.9-99.9 4.1 39 7.9 65  3.6   5  4.0 8.2 1.2
5036619810618 15.8  2.5  0.009900-99.9-99.9-99.9-99.9 7.5 72 8.6 72  4.8   2  1.611.9 0.8
5036619810619 18.5  4.4  0.009900-99.9-99.9-99.9-99.9 7.4 71 9.8 75  6.7   6  4.811.8 1.2
5036619810620 18.1  4.9  0.009900-99.9-99.9-99.9-99.9 6.7 6410.5 74  7.7   7  5.611.0 1.1
5036619810621 17.6  5.4  0.009900-99.9-99.9-99.9-99.9 6.5 6210.1 73  7.1   4  3.210.8 1.0
5036619810622 19.0 10.9  0.009900-99.9-99.9-99.9-99.9 6.9 66 9.1 60  5.6   2  1.611.2 1.3
5036619810623 22.6  6.1  0.009900-99.9-99.9-99.9-99.9 7.7 74 9.4 61  6.1  11  8.812.1 1.9
5036619810624 24.3  6.0  0.009900-99.9-99.9-99.9-99.9 7.8 7510.1 65  7.1   6  4.812.2 1.6
5036619810625 20.6  7.6  0.009900-99.9-99.9-99.9-99.9 7.5 7211.1 68  8.5   8  6.411.9 1.5
5036619810626 15.6  8.0  0.009900-99.9-99.9-99.9-99.9 0.8  8 8.0 63  3.8   6  4.8 4.6 1.5
5036619810627 19.2  4.1  0.009900-99.9-99.9-99.9-99.9 7.0 67 8.2 66  4.1   6  4.811.4 1.4
5036619810628 19.4  5.7  0.009900-99.9-99.9-99.9-99.9 3.2 31 9.5 66  6.2   6  4.8 7.2 1.3
5036619810629 21.2  6.8  0.009900-99.9-99.9-99.9-99.9 5.2 5012.1 75  9.8   7  5.6 9.4 1.3
5036619810630 22.4  6.1  0.009900-99.9-99.9-99.9-99.9 7.3 7011.5 69  9.0  10  8.011.7 1.6
5036619810701 19.6  6.5  0.419900-99.9-99.9-99.9-99.9 7.3 7011.8 74  9.4   6  4.811.7 1.2
5036619810702 20.5 10.7  0.009900-99.9-99.9-99.9-99.9 5.4 5210.9 67  8.2  12  9.6 9.7 2.0
5036619810703 18.9 11.5  0.009900-99.9-99.9-99.9-99.9 1.0 1011.2 67  8.6  10  8.0 4.9 1.8
5036619810704 22.1 12.6  0.009900-99.9-99.9-99.9-99.9 4.9 4712.0 69  9.7   6  4.8 9.2 1.7
5036619810705 23.2  7.6  0.009900-99.9-99.9-99.9-99.9 8.1 7712.1 69  9.8   6  4.812.7 1.5
5036619810706 20.8  8.6  0.009900-99.9-99.9-99.9-99.9 5.8 5513.0 78 10.9   6  4.810.2 1.3
5036619810707 22.4  8.8  0.009900-99.9-99.9-99.9-99.9 6.5 6212.8 71 10.6   6  4.811.0 1.5
5036619810708 22.0 10.3  0.009900-99.9-99.9-99.9-99.9 7.5 7113.9 75 11.9  11  8.812.1 1.7
5036619810709 22.2 10.1  0.009900-99.9-99.9-99.9-99.9 3.0 2912.7 70 10.5  12  9.6 7.2 1.9
5036619810710 19.4 12.1  0.009900-99.9-99.9-99.9-99.9 3.0 2912.3 72 10.0   8  6.4 7.2 1.6
5036619810711 22.9  9.5  0.009900-99.9-99.9-99.9-99.9 6.5 6212.9 74 10.7   8  6.411.1 1.7
5036619810712 20.0  7.8  0.009900-99.9-99.9-99.9-99.9 7.7 7313.1 81 11.0  11  8.812.5 1.4
5036619810713 16.6 12.0  0.319900-99.9-99.9-99.9-99.9 0.0  015.4 92 13.4   4  3.2 3.9 0.7
5036619810714 18.2 11.9  1.119900-99.9-99.9-99.9-99.9 1.0  914.9 92 12.9   2  1.6 5.0 0.9
5036619810715 14.7 10.8  9.619900-99.9-99.9-99.9-99.9 0.0  014.3 94 12.3   9  7.2 3.9 0.7
5036619810716 11.6  8.8  0.219900-99.9-99.9-99.9-99.9 0.1  1 9.1 76  5.6  11  8.8 4.0 1.4
5036619810717  9.2  5.5  0.519900-99.9-99.9-99.9-99.9 0.0  0 7.9 82  3.6  11  8.8 3.9 1.1
5036619810718 14.1  4.0  0.009900-99.9-99.9-99.9-99.9 7.0 66 7.7 72  3.2   7  5.612.0 1.3
5036619810719 17.1  0.6  0.009900-99.9-99.9-99.9-99.9 8.5 80 6.1 57  0.0  12  9.613.7 1.9
5036619810720 19.0  1.3  0.009900-99.9-99.9-99.9-99.9 8.8 83 7.1 58  2.1   1  0.814.1 1.1
5036619810721 16.8  1.4  0.009900-99.9-99.9-99.9-99.9 8.3 78 6.6 57  1.1   6  4.813.6 1.4
5036619810722 16.5  6.8  0.009900-99.9-99.9-99.9-99.9 3.9 37 6.7 48  1.3   9  7.2 8.6 2.0
5036619810723 14.8  6.6  0.009900-99.9-99.9-99.9-99.9 7.4 69 6.9 59  1.7   5  4.012.7 1.5
5036619810724 18.8  1.1  0.009900-99.9-99.9-99.9-99.9 8.7 81 7.4 65  2.7   5  4.014.3 1.4
5036619810725 19.4  3.0  0.009900-99.9-99.9-99.9-99.9 8.8 82 8.1 59  3.9  10  8.014.4 1.8
5036619810726 20.6  3.6  0.009900-99.9-99.9-99.9-99.9 7.8 73 8.7 63  5.0   2  1.613.3 1.3
5036619810727 24.6  5.5  0.009900-99.9-99.9-99.9-99.9 7.9 73 8.6 53  4.8   6  4.813.5 2.0
5036619810728 24.9  8.0  0.009900-99.9-99.9-99.9-99.9 8.1 75 9.9 55  6.8  11  8.813.8 2.5
5036619810729 24.5  8.3  0.009900-99.9-99.9-99.9-99.9 5.7 5311.1 62  8.5   8  6.411.0 2.1
5036619810730 23.3  8.5  0.009900-99.9-99.9-99.9-99.9 7.4 6813.1 73 11.0   6  4.813.1 1.8
5036619810731 27.6 10.5  0.009900-99.9-99.9-99.9-99.9 7.7 7114.1 65 12.1   9  7.213.5 2.4
5036619810801 21.4 12.1  0.009900-99.9-99.9-99.9-99.9 3.8 3515.4 90 13.4   8  6.4 8.9 1.6
5036619810802 29.7 11.0  0.009900-99.9-99.9-99.9-99.9 9.1 8415.3 64 13.3   6  4.815.4 2.4
5036619810803 27.6 13.6  0.009900-99.9-99.9-99.9-99.9 9.1 8416.3 67 14.3   7  5.615.5 2.5
5036619810804 21.2 15.4  0.009900-99.9-99.9-99.9-99.9 0.0  015.3 78 13.3   2  1.6 4.4 1.3
5036619810805 18.4 13.2  1.819900-99.9-99.9-99.9-99.9 0.0  014.9 94 12.9   7  5.6 4.4 1.2
5036619810806 13.4 11.4  1.019900-99.9-99.9-99.9-99.9 0.0  013.0 92 10.9   8  6.4 4.4 0.9
5036619810807 22.3 10.2  3.819900-99.9-99.9-99.9-99.9 5.4 4913.0 73 10.9   4  3.211.2 1.7
5036619810808 15.2 10.7  0.619900-99.9-99.9-99.9-99.9 0.0  011.5 85  9.0   9  7.2 4.5 1.4
5036619810809 21.6  7.1  0.009900-99.9-99.9-99.9-99.9 8.0 7312.7 77 10.5   5  4.014.6 1.7
5036619810810 24.9  8.0  0.009900-99.9-99.9-99.9-99.910.2 9311.5 62  9.0   6  4.817.4 2.3
5036619810811 25.0 10.0  0.009900-99.9-99.9-99.9-99.9 6.9 6210.2 56  7.3  10  8.013.3 2.8
5036619810812 17.4  6.4  0.009900-99.9-99.9-99.9-99.9 0.1  110.0 79  7.0   5  4.0 4.7 1.3
5036619810813 23.5  6.6  0.009900-99.9-99.9-99.9-99.9 7.5 6811.0 69  8.4   7  5.614.3 2.2
5036619810814 25.0  9.2  0.009900-99.9-99.9-99.9-99.9 6.7 6012.9 66 10.7   3  2.413.3 2.0
5036619810815 27.9 10.6  0.009900-99.9-99.9-99.9-99.9 5.4 4914.3 64 12.3   9  7.211.7 2.6
5036619810816 28.6 12.6  0.009900-99.9-99.9-99.9-99.9 8.4 7513.8 59 11.8   9  7.215.7 3.1
5036619810817 28.7 11.0  0.009900-99.9-99.9-99.9-99.9 7.4 6613.3 58 11.2   4  3.214.4 2.5
5036619810818 29.6 12.1  0.009900-99.9-99.9-99.9-99.9 6.9 6213.8 58 11.8   5  4.013.9 2.7
5036619810819 31.0 12.6  0.009900-99.9-99.9-99.9-99.9 6.9 6112.2 51  9.9   9  7.214.0 3.4
5036619810820 29.1 12.0  0.009900-99.9-99.9-99.9-99.9 6.4 5712.3 52 10.0   6  4.813.4 2.8
5036619810821 29.7 12.0  0.009900-99.9-99.9-99.9-99.9 6.6 5912.4 55 10.1   9  7.213.7 3.2
5036619810822 29.5 12.3  0.009900-99.9-99.9-99.9-99.9 6.5 5812.6 48 10.4   6  4.813.7 2.9
5036619810823 28.6 11.8  0.009900-99.9-99.9-99.9-99.9 6.2 5512.7 50 10.5   7  5.613.3 2.9
5036619810824 23.6 14.6  0.009900-99.9-99.9-99.9-99.9 5.2 4613.3 59 11.2   7  5.612.1 2.6
5036619810825 23.1  9.8  0.009900-99.9-99.9-99.9-99.9 5.4 4814.0 71 12.0   2  1.612.4 1.9
5036619810826 19.0 11.7  0.009900-99.9-99.9-99.9-99.9 0.0  011.8 70  9.4   7  5.6 5.1 1.8
5036619810827 17.1 11.8  0.009900-99.9-99.9-99.9-99.9 0.0  010.5 64  7.7   2  1.6 5.1 1.5
5036619810828 25.6  7.6  0.009900-99.9-99.9-99.9-99.9 6.4 5612.1 61  9.8   6  4.814.0 2.4
5036619810829 26.3  9.9  1.419900-99.9-99.9-99.9-99.9 6.0 5214.5 64 12.5   9  7.213.5 2.6
5036619810830 20.8 10.8 13.719900-99.9-99.9-99.9-99.9 0.0  014.1 96 12.1   9  7.2 5.2 1.6
5036619810831 10.8  6.6  4.119900-99.9-99.9-99.9-99.9 0.0  010.1 92  7.1   8  6.4 5.3 1.0
