5281120101214-99.9-99.9-99.999999-99.9-99.9-99.9-99.9-9.9 99-9.9-99-99.9 -99-99.9-9.9-9.9
5281120101215 35.4 14.7  0.009999-99.9-99.9-99.9-99.9-9.9 9910.8 28  8.1 -99-99.9-9.9-9.9
5281120101216 38.0 17.3  0.009999-99.9-99.9-99.9-99.9-9.9 9913.9 31 11.8 -99-99.9-9.9-9.9
5281120101217 40.7 22.3  0.009999-99.9-99.9-99.9-99.9-9.9 9916.9 34 14.7 -99-99.9-9.9-9.9
5281120101218 39.1 23.3 10.219999-99.9-99.9-99.9-99.9-9.9 9920.4 52 17.7 -99-99.9-9.9-9.9
5281120101219 29.2 20.2 16.219999-99.9-99.9-99.9-99.9-9.9 9923.0 82 19.7 -99-99.9-9.9-9.9
5281120101220 29.8 20.7-99.999999-99.9-99.9-99.9-99.9-9.9 9925.2 81 21.2 -99-99.9-9.9-9.9
5281120101221-99.9-99.9  0.009999-99.9-99.9-99.9-99.9-9.9 99-9.9-99-99.9 -99-99.9-9.9-9.9
5281120101222 36.2 22.7  0.009999-99.9-99.9-99.9-99.9-9.9 9926.1 59 21.8 -99-99.9-9.9-9.9
5281120101223 38.8 23.0 51.219999-99.9-99.9-99.9-99.9-9.9 9926.2 56 21.8 -99-99.9-9.9-9.9
5281120101224 31.3 21.9  2.719999-99.9-99.9-99.9-99.9-9.9 9927.4 91 22.6 -99-99.9-9.9-9.9
5281120101225 36.0 17.1  0.009999-99.9-99.9-99.9-99.9-9.9 9918.8 48 16.1 -99-99.9-9.9-9.9
5281120101226 37.8 18.8  0.009999-99.9-99.9-99.9-99.9-9.9 9917.8 39 15.6 -99-99.9-9.9-9.9
5281120101227 38.9 21.0  0.009999-99.9-99.9-99.9-99.9-9.9 9916.4 33 14.2 -99-99.9-9.9-9.9
5281120101228 38.3 19.5  0.009999-99.9-99.9-99.9-99.9-9.9 9918.3 42 16.0 -99-99.9-9.9-9.9
5281120101229 37.5 18.6  0.009999-99.9-99.9-99.9-99.9-9.9 9916.6 38 14.3 -99-99.9-9.9-9.9
5281120101230 37.2 19.1  0.009999-99.9-99.9-99.9-99.9-9.9 9918.9 45 16.6 -99-99.9-9.9-9.9
5281120101231 36.9 19.6  0.009999-99.9-99.9-99.9-99.9-9.9 9917.6 38 15.2 -99-99.9-9.9-9.9
5281120110101 36.7 21.7  0.009999-99.9-99.9-99.9-99.9-9.9 9920.2 51 17.5 -99-99.9-9.9-9.9
5281120110102 34.5 18.9  0.009999-99.9-99.9-99.9-99.9-9.9 9921.1 71 18.3 -99-99.9-9.9-9.9
5281120110103 36.8 17.3  0.009999-99.9-99.9-99.9-99.9-9.9 9919.1 44 16.7 -99-99.9-9.9-9.9
5281120110104 37.4 20.3  8.719999-99.9-99.9-99.9-99.9-9.9 9920.5 44 17.9 -99-99.9-9.9-9.9
5281120110105 30.4 20.3  0.009999-99.9-99.9-99.9-99.9-9.9 9920.9 72 18.1 -99-99.9-9.9-9.9
5281120110106 35.5 16.0  7.319999-99.9-99.9-99.9-99.9-9.9 9918.3 45 15.9 -99-99.9-9.9-9.9
5281120110107 28.3 20.8 17.319999-99.9-99.9-99.9-99.9-9.9 9925.1 95 21.2 -99-99.9-9.9-9.9
5281120110108 31.4 20.2  4.819999-99.9-99.9-99.9-99.9-9.9 9926.0 80 21.7 -99-99.9-9.9-9.9
5281120110109 27.9 23.2  0.009999-99.9-99.9-99.9-99.9-9.9 9926.7 81 22.1 -99-99.9-9.9-9.9
5281120110110 25.8 20.5  0.009999-99.9-99.9-99.9-99.9-9.9 9919.5 69 17.1 -99-99.9-9.9-9.9
5281120110111 34.5 16.1  0.009999-99.9-99.9-99.9-99.9-9.9 9919.1 54 16.7 -99-99.9-9.9-9.9
5281120110112 36.8 18.6  0.009999-99.9-99.9-99.9-99.9-9.9 9918.3 43 15.9 -99-99.9-9.9-9.9
5281120110113 37.7 19.0  0.009999-99.9-99.9-99.9-99.9-9.9 9918.0 44 15.8 -99-99.9-9.9-9.9
5281120110114 38.5 19.1  0.009999-99.9-99.9-99.9-99.9-9.9 9920.3 47 17.7 -99-99.9-9.9-9.9
5281120110115 39.2 20.3  0.009999-99.9-99.9-99.9-99.9-9.9 9920.0 41 17.5 -99-99.9-9.9-9.9
5281120110116 42.4 23.7 25.519999-99.9-99.9-99.9-99.9-9.9 9923.2 54 19.8 -99-99.9-9.9-9.9
5281120110117 25.8 18.2  2.719999-99.9-99.9-99.9-99.9-9.9 9921.9 87 18.9 -99-99.9-9.9-9.9
5281120110118 34.6 17.9  0.009999-99.9-99.9-99.9-99.9-9.9 9922.1 58 19.0 -99-99.9-9.9-9.9
5281120110119 39.1 21.9 20.919999-99.9-99.9-99.9-99.9-9.9 9926.5 68 22.0 -99-99.9-9.9-9.9
5281120110120 31.6 18.6  0.009999-99.9-99.9-99.9-99.9-9.9 9922.4 70 19.3 -99-99.9-9.9-9.9
5281120110121 35.0 17.2  0.009999-99.9-99.9-99.9-99.9-9.9 9921.4 41 18.5 -99-99.9-9.9-9.9
5281120110122 36.2 20.4  0.009999-99.9-99.9-99.9-99.9-9.9 9919.4 47 16.9 -99-99.9-9.9-9.9
5281120110123 38.0 20.0  0.009999-99.9-99.9-99.9-99.9-9.9 9922.8 51 19.6 -99-99.9-9.9-9.9
5281120110124 37.2 23.1  0.319999-99.9-99.9-99.9-99.9-9.9 9926.3 56 21.9 -99-99.9-9.9-9.9
5281120110125 39.2 25.9  0.319999-99.9-99.9-99.9-99.9-9.9 9927.6 56 22.7 -99-99.9-9.9-9.9
5281120110126 34.1 25.2 21.019999-99.9-99.9-99.9-99.9-9.9 9926.4 69 21.9 -99-99.9-9.9-9.9
5281120110127 28.2 22.4  6.519999-99.9-99.9-99.9-99.9-9.9 9929.1 91 23.6 -99-99.9-9.9-9.9
5281120110128 26.4 23.2 25.819999-99.9-99.9-99.9-99.9-9.9 9929.4 99 23.7 -99-99.9-9.9-9.9
5281120110129 32.9 22.4  0.009999-99.9-99.9-99.9-99.9-9.9 9929.3 81 23.7 -99-99.9-9.9-9.9
5281120110130 36.0 24.5  0.009999-99.9-99.9-99.9-99.9-9.9 9930.2 67 24.2 -99-99.9-9.9-9.9
5281120110131 30.2 21.4  0.009999-99.9-99.9-99.9-99.9-9.9 9926.2 82 21.8 -99-99.9-9.9-9.9
5281120110201 32.2 22.2  0.009999-99.9-99.9-99.9-99.9-9.9 9926.1 75 21.8 -99-99.9-9.9-9.9
5281120110202 33.5 18.3  0.009999-99.9-99.9-99.9-99.9-9.9 9922.2 60 19.1 -99-99.9-9.9-9.9
5281120110203 36.9 22.6 43.719999-99.9-99.9-99.9-99.9-9.9 9928.4 63 23.1 -99-99.9-9.9-9.9
5281120110204 30.7 19.1  0.009999-99.9-99.9-99.9-99.9-9.9 9928.2 86 23.0 -99-99.9-9.9-9.9
5281120110205 34.7 21.7  0.009999-99.9-99.9-99.9-99.9-9.9 9928.8 71 23.4 -99-99.9-9.9-9.9
5281120110206 34.8 23.9  0.009999-99.9-99.9-99.9-99.9-9.9 9928.9 76 23.5 -99-99.9-9.9-9.9
5281120110207 30.4 22.3  1.219999-99.9-99.9-99.9-99.9-9.9 9926.8 81 22.1 -99-99.9-9.9-9.9
5281120110208 26.9 19.8  0.319999-99.9-99.9-99.9-99.9-9.9 9921.9 81 19.0 -99-99.9-9.9-9.9
5281120110209 30.0 16.4  0.009999-99.9-99.9-99.9-99.9-9.9 9919.8 70 17.4 -99-99.9-9.9-9.9
5281120110210 31.1 15.5  0.009999-99.9-99.9-99.9-99.9-9.9 9920.4 69 17.8 -99-99.9-9.9-9.9
5281120110211 30.9 19.6  0.009999-99.9-99.9-99.9-99.9-9.9 9922.8 75 19.5 -99-99.9-9.9-9.9
5281120110212 32.4 18.5  0.009999-99.9-99.9-99.9-99.9-9.9 9922.8 65 19.6 -99-99.9-9.9-9.9
5281120110213 34.5 18.0  0.009999-99.9-99.9-99.9-99.9-9.9 9923.0 64 19.7 -99-99.9-9.9-9.9
5281120110214 33.9 17.8  0.009999-99.9-99.9-99.9-99.9-9.9 9919.5 53 17.0 -99-99.9-9.9-9.9
5281120110215 33.1 18.4  0.009999-99.9-99.9-99.9-99.9-9.9 9918.5 52 16.2 -99-99.9-9.9-9.9
5281120110216 34.2 16.8  0.009999-99.9-99.9-99.9-99.9-9.9 9921.4 58 18.6 -99-99.9-9.9-9.9
5281120110217 38.0 21.7 61.319999-99.9-99.9-99.9-99.9-9.9 9926.0 67 21.7 -99-99.9-9.9-9.9
5281120110218 26.4 21.6 27.519999-99.9-99.9-99.9-99.9-9.9 9927.9 97 22.9 -99-99.9-9.9-9.9
5281120110219 25.1 21.7  0.009999-99.9-99.9-99.9-99.9-9.9 9925.6 90 21.5 -99-99.9-9.9-9.9
5281120110220 26.2 20.8  0.919999-99.9-99.9-99.9-99.9-9.9 9925.1 91 21.1 -99-99.9-9.9-9.9
5281120110221 29.3 21.2 17.419999-99.9-99.9-99.9-99.9-9.9 9928.2 93 23.1 -99-99.9-9.9-9.9
5281120110222 31.7 23.6  6.919999-99.9-99.9-99.9-99.9-9.9 9930.2 92 24.2 -99-99.9-9.9-9.9
5281120110223 31.6 18.9  0.009999-99.9-99.9-99.9-99.9-9.9 9924.4 84 20.7 -99-99.9-9.9-9.9
5281120110224 29.6 19.4  0.009999-99.9-99.9-99.9-99.9-9.9 9923.5 81 20.1 -99-99.9-9.9-9.9
5281120110225 26.3 19.4  0.009999-99.9-99.9-99.9-99.9-9.9 9923.0 86 19.7 -99-99.9-9.9-9.9
5281120110226 31.5 16.4  0.009999-99.9-99.9-99.9-99.9-9.9 9922.0 77 19.0 -99-99.9-9.9-9.9
5281120110227 31.7 15.4  0.009999-99.9-99.9-99.9-99.9-9.9 9921.2 73 18.4 -99-99.9-9.9-9.9
5281120110228 31.6 15.3  0.009999-99.9-99.9-99.9-99.9-9.9 9918.5 65 16.2 -99-99.9-9.9-9.9
5281120110301 31.3 14.9  0.009999-99.9-99.9-99.9-99.9-9.9 9919.3 66 16.9 -99-99.9-9.9-9.9
5281120110302 32.5 15.9  0.009999-99.9-99.9-99.9-99.9-9.9 9922.6 71 19.4 -99-99.9-9.9-9.9
5281120110303 32.9 21.3  0.319999-99.9-99.9-99.9-99.9-9.9 9926.4 82 22.0 -99-99.9-9.9-9.9
5281120110304 33.7 19.3  0.009999-99.9-99.9-99.9-99.9-9.9 9922.9 62 19.6 -99-99.9-9.9-9.9
5281120110305 33.2 16.7  0.009999-99.9-99.9-99.9-99.9-9.9 9920.6 62 18.0 -99-99.9-9.9-9.9
5281120110306 33.9 19.2  0.009999-99.9-99.9-99.9-99.9-9.9 9922.5 60 19.3 -99-99.9-9.9-9.9
5281120110307 32.5 20.8  0.009999-99.9-99.9-99.9-99.9-9.9 9924.7 75 20.9 -99-99.9-9.9-9.9
5281120110308 34.4 19.2  0.009999-99.9-99.9-99.9-99.9-9.9 9924.8 71 20.9 -99-99.9-9.9-9.9
5281120110309 35.1 19.0  0.009999-99.9-99.9-99.9-99.9-9.9 9923.5 62 20.1 -99-99.9-9.9-9.9
5281120110310 36.0 19.8  0.009999-99.9-99.9-99.9-99.9-9.9 9925.1 61 21.1 -99-99.9-9.9-9.9
5281120110311 35.9 21.7  0.009999-99.9-99.9-99.9-99.9-9.9 9925.1 62 21.2 -99-99.9-9.9-9.9
5281120110312 37.7 17.6 22.419999-99.9-99.9-99.9-99.9-9.9 9923.6 69 19.9 -99-99.9-9.9-9.9
5281120110313 22.8 12.1  0.319999-99.9-99.9-99.9-99.9-9.9 9913.2 76 11.0 -99-99.9-9.9-9.9
5281120110314 25.6  9.1  0.009999-99.9-99.9-99.9-99.9-9.9 9912.9 61 10.7 -99-99.9-9.9-9.9
5281120110315 27.8 13.8  0.009999-99.9-99.9-99.9-99.9-9.9 9916.6 71 14.5 -99-99.9-9.9-9.9
5281120110316 28.5 16.3 16.519999-99.9-99.9-99.9-99.9-9.9 9919.4 80 17.0 -99-99.9-9.9-9.9
5281120110317 25.9 16.9  0.009999-99.9-99.9-99.9-99.9-9.9 9921.9 92 18.9 -99-99.9-9.9-9.9
5281120110318 29.9 16.2  0.009999-99.9-99.9-99.9-99.9-9.9 9920.0 79 17.3 -99-99.9-9.9-9.9
5281120110319 28.8 10.0  0.009999-99.9-99.9-99.9-99.9-9.9 9914.6 66 12.5 -99-99.9-9.9-9.9
5281120110320 28.8 12.6  0.009999-99.9-99.9-99.9-99.9-9.9 9916.9 66 14.7 -99-99.9-9.9-9.9
5281120110321 32.3 13.3  0.009999-99.9-99.9-99.9-99.9-9.9 9919.5 66 17.0 -99-99.9-9.9-9.9
5281120110322 34.5 19.9  0.009999-99.9-99.9-99.9-99.9-9.9 9926.1 70 21.7 -99-99.9-9.9-9.9
5281120110323 30.9 19.4 23.919999-99.9-99.9-99.9-99.9-9.9 9923.1 83 19.8 -99-99.9-9.9-9.9
5281120110324 19.8 16.8 12.919999-99.9-99.9-99.9-99.9-9.9 9920.2 99 17.6 -99-99.9-9.9-9.9
5281120110325 24.3 18.1  3.019999-99.9-99.9-99.9-99.9-9.9 9922.7 93 19.5 -99-99.9-9.9-9.9
5281120110326 25.0 19.4  0.009999-99.9-99.9-99.9-99.9-9.9 9922.1 93 19.1 -99-99.9-9.9-9.9
5281120110327 25.5 14.6  0.009999-99.9-99.9-99.9-99.9-9.9 9915.3 71 13.2 -99-99.9-9.9-9.9
5281120110328 27.6 15.2  0.009999-99.9-99.9-99.9-99.9-9.9 9917.3 71 15.2 -99-99.9-9.9-9.9
5281120110329 29.3 12.1  0.009999-99.9-99.9-99.9-99.9-9.9 9917.4 70 15.3 -99-99.9-9.9-9.9
5281120110330 30.9 12.1  0.009999-99.9-99.9-99.9-99.9-9.9 9919.5 74 17.0 -99-99.9-9.9-9.9
5281120110331 33.1 16.1  0.009999-99.9-99.9-99.9-99.9-9.9 9922.0 74 19.0 -99-99.9-9.9-9.9
5281120110401 33.4 16.5  0.009999-99.9-99.9-99.9-99.9-9.9 9920.2 63 17.6 -99-99.9-9.9-9.9
5281120110402 33.3 12.7  0.009999-99.9-99.9-99.9-99.9-9.9 9918.5 66 16.2 -99-99.9-9.9-9.9
5281120110403 33.1 15.8  0.009999-99.9-99.9-99.9-99.9-9.9 9920.9 69 18.1 -99-99.9-9.9-9.9
5281120110404 32.8 15.2  0.009999-99.9-99.9-99.9-99.9-9.9 9921.8 75 18.8 -99-99.9-9.9-9.9
5281120110405 33.3 14.7  0.009999-99.9-99.9-99.9-99.9-9.9 9920.0 71 17.4 -99-99.9-9.9-9.9
5281120110406 33.7 17.1  0.009999-99.9-99.9-99.9-99.9-9.9 9919.8 59 17.3 -99-99.9-9.9-9.9
5281120110407 33.7 16.7  0.009999-99.9-99.9-99.9-99.9-9.9 9918.5 59 16.2 -99-99.9-9.9-9.9
5281120110408 33.2 16.3  0.009999-99.9-99.9-99.9-99.9-9.9 9918.6 69 16.3 -99-99.9-9.9-9.9
5281120110409 29.2  8.6  0.009999-99.9-99.9-99.9-99.9-9.9 9913.5 61 11.4 -99-99.9-9.9-9.9
5281120110410 30.2 11.1  0.009999-99.9-99.9-99.9-99.9-9.9 9914.6 63 12.6 -99-99.9-9.9-9.9
5281120110411 27.7 13.9  0.009999-99.9-99.9-99.9-99.9-9.9 9917.7 79 15.6 -99-99.9-9.9-9.9
5281120110412 30.1 13.1  0.009999-99.9-99.9-99.9-99.9-9.9 9918.0 70 15.8 -99-99.9-9.9-9.9
5281120110413 33.6 15.5  0.009999-99.9-99.9-99.9-99.9-9.9 9921.9 69 18.8 -99-99.9-9.9-9.9
5281120110414 25.5 19.7  0.009999-99.9-99.9-99.9-99.9-9.9 9917.9 60 15.4 -99-99.9-9.9-9.9
5281120110415 22.1 15.6  0.009999-99.9-99.9-99.9-99.9-9.9 9914.8 71 12.8 -99-99.9-9.9-9.9
5281120110416 17.7 15.0  0.009999-99.9-99.9-99.9-99.9-9.9 9918.9 98 16.6 -99-99.9-9.9-9.9
5281120110417 20.0 15.8  0.009999-99.9-99.9-99.9-99.9-9.9 9919.3 99 16.9 -99-99.9-9.9-9.9
5281120110418 24.2 12.2  0.009999-99.9-99.9-99.9-99.9-9.9 9911.5 51  8.9 -99-99.9-9.9-9.9
5281120110419 18.0 15.1  0.009999-99.9-99.9-99.9-99.9-9.9 9917.3 96 15.1 -99-99.9-9.9-9.9
5281120110420 25.9 15.7  0.009999-99.9-99.9-99.9-99.9-9.9 9919.2 89 16.8 -99-99.9-9.9-9.9
5281120110421 26.4  8.7  0.009999-99.9-99.9-99.9-99.9-9.9 9916.8 50 14.6 -99-99.9-9.9-9.9
5281120110422 32.2 15.0  0.009999-99.9-99.9-99.9-99.9-9.9 9922.2 84 19.1 -99-99.9-9.9-9.9
5281120110423 25.1 10.2  0.009999-99.9-99.9-99.9-99.9-9.9 9910.5 52  7.1 -99-99.9-9.9-9.9
5281120110424 28.2  5.0  0.009999-99.9-99.9-99.9-99.9-9.9 9910.2 50  7.2 -99-99.9-9.9-9.9
5281120110425 30.2  8.9  0.009999-99.9-99.9-99.9-99.9-9.9 9910.9 45  8.1 -99-99.9-9.9-9.9
5281120110426 30.5  5.1  0.009999-99.9-99.9-99.9-99.9-9.9 9912.1 51  9.6 -99-99.9-9.9-9.9
5281120110427 32.3 16.4  0.009999-99.9-99.9-99.9-99.9-9.9 9917.6 63 15.5 -99-99.9-9.9-9.9
5281120110428 32.4 17.4  0.319999-99.9-99.9-99.9-99.9-9.9 9918.8 64 16.5 -99-99.9-9.9-9.9
5281120110429 24.0 14.3  0.009999-99.9-99.9-99.9-99.9-9.9 9917.9100 15.7 -99-99.9-9.9-9.9
5281120110430 21.9  7.7  0.009999-99.9-99.9-99.9-99.9-9.9 9912.9 83 10.7 -99-99.9-9.9-9.9
5281120110501 15.8  9.3  0.009999-99.9-99.9-99.9-99.9-9.9 9911.8 75  9.2 -99-99.9-9.9-9.9
5281120110502 19.3  0.9  0.009999-99.9-99.9-99.9-99.9-9.9 99 8.0 73  3.7 -99-99.9-9.9-9.9
5281120110503 21.4 -0.1  0.009999-99.9-99.9-99.9-99.9-9.9 99 8.7 65  4.8 -99-99.9-9.9-9.9
5281120110504 25.2  5.7  0.009999-99.9-99.9-99.9-99.9-9.9 9910.9 65  8.3 -99-99.9-9.9-9.9
5281120110505 29.2  5.3  0.009999-99.9-99.9-99.9-99.9-9.9 9912.0 64  9.6 -99-99.9-9.9-9.9
5281120110506 29.9  5.9  0.009999-99.9-99.9-99.9-99.9-9.9 9912.7 66 10.4 -99-99.9-9.9-9.9
5281120110507 30.4  9.9  0.009999-99.9-99.9-99.9-99.9-9.9 9915.9 63 13.8 -99-99.9-9.9-9.9
5281120110508 24.5 14.5  0.009999-99.9-99.9-99.9-99.9-9.9 9916.0 73 13.6 -99-99.9-9.9-9.9
5281120110509 26.0  7.8  0.009999-99.9-99.9-99.9-99.9-9.9 9914.3 69 12.1 -99-99.9-9.9-9.9
5281120110510 24.2 16.1  0.319999-99.9-99.9-99.9-99.9-9.9 9921.0 88 18.2 -99-99.9-9.9-9.9
5281120110511 27.3 19.6  0.009999-99.9-99.9-99.9-99.9-9.9 9923.0 89 19.7 -99-99.9-9.9-9.9
5281120110512 24.9 18.2  1.519999-99.9-99.9-99.9-99.9-9.9 9922.5 91 19.4 -99-99.9-9.9-9.9
5281120110513 27.5 18.0 17.819999-99.9-99.9-99.9-99.9-9.9 9923.3 85 19.9 -99-99.9-9.9-9.9
5281120110514 22.1 15.9  0.009999-99.9-99.9-99.9-99.9-9.9 9918.4 88 16.1 -99-99.9-9.9-9.9
5281120110515 23.5 10.5  0.009999-99.9-99.9-99.9-99.9-9.9 9914.7 82 12.7 -99-99.9-9.9-9.9
5281120110516 24.1  6.5  0.009999-99.9-99.9-99.9-99.9-9.9 9913.3 75 11.1 -99-99.9-9.9-9.9
5281120110517 25.5  9.9  0.009999-99.9-99.9-99.9-99.9-9.9 9913.6 72 11.5 -99-99.9-9.9-9.9
5281120110518 27.5  9.2  0.009999-99.9-99.9-99.9-99.9-9.9 9913.6 67 11.4 -99-99.9-9.9-9.9
5281120110519 26.6 10.1  0.009999-99.9-99.9-99.9-99.9-9.9 9913.7 67 11.6 -99-99.9-9.9-9.9
5281120110520 29.8 12.4  0.009999-99.9-99.9-99.9-99.9-9.9 9914.7 64 12.7 -99-99.9-9.9-9.9
5281120110521 28.8 13.1  0.009999-99.9-99.9-99.9-99.9-9.9 9916.6 68 14.5 -99-99.9-9.9-9.9
5281120110522 32.0 17.0  0.009999-99.9-99.9-99.9-99.9-9.9 9920.0 73 17.4 -99-99.9-9.9-9.9
5281120110523 19.3 14.3  2.319999-99.9-99.9-99.9-99.9-9.9 9915.6 83 13.6 -99-99.9-9.9-9.9
5281120110524 17.4 14.7  8.319999-99.9-99.9-99.9-99.9-9.9 9918.1100 15.9 -99-99.9-9.9-9.9
5281120110525 19.9 10.2  0.009999-99.9-99.9-99.9-99.9-9.9 9914.1 86 12.0 -99-99.9-9.9-9.9
5281120110526 22.7  4.6  0.319999-99.9-99.9-99.9-99.9-9.9 9911.8 80  9.2 -99-99.9-9.9-9.9
5281120110527 17.1  5.2  0.009999-99.9-99.9-99.9-99.9-9.9 9912.6 84 10.3 -99-99.9-9.9-9.9
5281120110528 20.5 11.2  0.009999-99.9-99.9-99.9-99.9-9.9 9912.5 76 10.2 -99-99.9-9.9-9.9
5281120110529 21.8  6.0  0.009999-99.9-99.9-99.9-99.9-9.9 9912.1 76  9.7 -99-99.9-9.9-9.9
5281120110530 20.4 13.6  0.009999-99.9-99.9-99.9-99.9-9.9 9915.1 80 13.2 -99-99.9-9.9-9.9
5281120110531 22.6 14.6  0.009999-99.9-99.9-99.9-99.9-9.9 9914.8 75 12.8 -99-99.9-9.9-9.9
5281120110601 18.6 12.6  0.009999-99.9-99.9-99.9-99.9-9.9 9914.7 79 12.7 -99-99.9-9.9-9.9
5281120110602 26.2 15.8  0.009999-99.9-99.9-99.9-99.9-9.9 9917.6 79 15.5 -99-99.9-9.9-9.9
5281120110603 21.5 12.5  0.009999-99.9-99.9-99.9-99.9-9.9 9915.6 83 13.6 -99-99.9-9.9-9.9
5281120110604 19.0  3.0  0.009999-99.9-99.9-99.9-99.9-9.9 99 9.7 71  6.5 -99-99.9-9.9-9.9
5281120110605 20.9  7.1  0.009999-99.9-99.9-99.9-99.9-9.9 9910.7 71  7.9 -99-99.9-9.9-9.9
5281120110606 17.2 12.6  0.319999-99.9-99.9-99.9-99.9-9.9 9913.9 89 11.8 -99-99.9-9.9-9.9
5281120110607 18.3  8.7  0.009999-99.9-99.9-99.9-99.9-9.9 9912.1 83  9.8 -99-99.9-9.9-9.9
5281120110608 22.3  7.1  0.009999-99.9-99.9-99.9-99.9-9.9 9911.8 82  9.4 -99-99.9-9.9-9.9
5281120110609 22.7  4.4  0.009999-99.9-99.9-99.9-99.9-9.9 9912.3 83  9.8 -99-99.9-9.9-9.9
5281120110610 25.2  4.6  0.009999-99.9-99.9-99.9-99.9-9.9 9912.5 73 10.0 -99-99.9-9.9-9.9
5281120110611 26.5  9.2  0.009999-99.9-99.9-99.9-99.9-9.9 9911.3 58  8.7 -99-99.9-9.9-9.9
5281120110612 25.0 10.8  0.009999-99.9-99.9-99.9-99.9-9.9 9914.6 75 12.5 -99-99.9-9.9-9.9
5281120110613 18.4  6.3  0.009999-99.9-99.9-99.9-99.9-9.9 99 9.3 63  5.6 -99-99.9-9.9-9.9
5281120110614 17.2 10.0  0.319999-99.9-99.9-99.9-99.9-9.9 9912.9 83 10.6 -99-99.9-9.9-9.9
5281120110615 27.1 15.3  0.319999-99.9-99.9-99.9-99.9-9.9 9919.9 85 17.4 -99-99.9-9.9-9.9
5281120110616 29.2 14.1  0.009999-99.9-99.9-99.9-99.9-9.9 9918.6 78 16.3 -99-99.9-9.9-9.9
5281120110617 17.8 13.3  0.009999-99.9-99.9-99.9-99.9-9.9 9915.0 91 13.0 -99-99.9-9.9-9.9
5281120110618 19.8 13.3  0.009999-99.9-99.9-99.9-99.9-9.9 9917.6 93 15.4 -99-99.9-9.9-9.9
5281120110619 19.7 15.5  0.319999-99.9-99.9-99.9-99.9-9.9 9918.8 97 16.5 -99-99.9-9.9-9.9
5281120110620 16.0 13.0  1.519999-99.9-99.9-99.9-99.9-9.9 9915.8100 13.8 -99-99.9-9.9-9.9
5281120110621 14.5 10.9  4.119999-99.9-99.9-99.9-99.9-9.9 9914.3100 12.2 -99-99.9-9.9-9.9
5281120110622 11.4 10.2-99.999999-99.9-99.9-99.9-99.9-9.9 9912.9 99 10.7 -99-99.9-9.9-9.9
5281120110623-99.9-99.9  0.009999-99.9-99.9-99.9-99.9-9.9 99-9.9 82-99.9 -99-99.9-9.9-9.9
5281120110624 21.1  2.3  0.009999-99.9-99.9-99.9-99.9-9.9 99 9.8 76  6.6 -99-99.9-9.9-9.9
5281120110625 11.5  5.3  0.009999-99.9-99.9-99.9-99.9-9.9 99 9.2 87  5.8 -99-99.9-9.9-9.9
5281120110626 13.7 -2.2  0.009999-99.9-99.9-99.9-99.9-9.9 99 6.1 76 -0.0 -99-99.9-9.9-9.9
5281120110627 17.4 -4.0  0.009999-99.9-99.9-99.9-99.9-9.9 99 5.6 58 -1.3 -99-99.9-9.9-9.9
5281120110628 19.3  0.5  0.009999-99.9-99.9-99.9-99.9-9.9 99 5.5 46 -1.5 -99-99.9-9.9-9.9
5281120110629 21.0  1.0  0.009999-99.9-99.9-99.9-99.9-9.9 99 6.3 51  0.4 -99-99.9-9.9-9.9
5281120110630 14.6  2.8  0.009999-99.9-99.9-99.9-99.9-9.9 99 6.6 60  0.8 -99-99.9-9.9-9.9
5281120110701 14.6 -5.2  0.009999-99.9-99.9-99.9-99.9-9.9 99 4.4 49 -4.4 -99-99.9-9.9-9.9
5281120110702 12.7  4.4  0.009999-99.9-99.9-99.9-99.9-9.9 99 6.0 56 -0.4 -99-99.9-9.9-9.9
5281120110703 16.2 -4.3  0.009999-99.9-99.9-99.9-99.9-9.9 99 5.3 59 -1.9 -99-99.9-9.9-9.9
5281120110704 17.9  1.4  0.009999-99.9-99.9-99.9-99.9-9.9 99 5.0 45 -2.8 -99-99.9-9.9-9.9
5281120110705 19.5 -1.0  0.009999-99.9-99.9-99.9-99.9-9.9 99 5.7 60 -0.9 -99-99.9-9.9-9.9
5281120110706 18.5 -3.0  0.009999-99.9-99.9-99.9-99.9-9.9 99 6.4 67  0.5 -99-99.9-9.9-9.9
5281120110707 22.3  1.8  0.009999-99.9-99.9-99.9-99.9-9.9 99 6.8 51  1.4 -99-99.9-9.9-9.9
5281120110708 22.7  6.0  0.009999-99.9-99.9-99.9-99.9-9.9 99 7.6 53  3.1 -99-99.9-9.9-9.9
5281120110709 22.9  6.2  0.009999-99.9-99.9-99.9-99.9-9.9 99 9.5 63  6.1 -99-99.9-9.9-9.9
5281120110710 25.0  4.8  0.009999-99.9-99.9-99.9-99.9-9.9 9911.9 72  9.4 -99-99.9-9.9-9.9
5281120110711 26.9  9.4  0.009999-99.9-99.9-99.9-99.9-9.9 9916.2 76 14.1 -99-99.9-9.9-9.9
5281120110712 26.3 13.9  0.009999-99.9-99.9-99.9-99.9-9.9 9917.7 80 15.6 -99-99.9-9.9-9.9
5281120110713 24.0 14.4  0.009999-99.9-99.9-99.9-99.9-9.9 9918.0 80 15.8 -99-99.9-9.9-9.9
5281120110714 25.4 16.9  0.009999-99.9-99.9-99.9-99.9-9.9 9920.4 89 17.8 -99-99.9-9.9-9.9
5281120110715 29.6 15.3  4.019999-99.9-99.9-99.9-99.9-9.9 9919.9 82 17.3 -99-99.9-9.9-9.9
5281120110716 20.4  9.1  0.009999-99.9-99.9-99.9-99.9-9.9 9912.1 79  9.7 -99-99.9-9.9-9.9
5281120110717 21.4  8.6  0.009999-99.9-99.9-99.9-99.9-9.9 9913.6 85 11.6 -99-99.9-9.9-9.9
5281120110718 19.5  7.7  0.009999-99.9-99.9-99.9-99.9-9.9 9913.1 85 10.9 -99-99.9-9.9-9.9
5281120110719 13.2  6.7  0.009999-99.9-99.9-99.9-99.9-9.9 99 9.2 73  5.6 -99-99.9-9.9-9.9
5281120110720 10.5  7.2  0.319999-99.9-99.9-99.9-99.9-9.9 99 9.9 90  6.8 -99-99.9-9.9-9.9
5281120110721 18.2  1.2  0.009999-99.9-99.9-99.9-99.9-9.9 99 9.0 72  5.4 -99-99.9-9.9-9.9
5281120110722 21.9  2.0  0.009999-99.9-99.9-99.9-99.9-9.9 99 8.9 65  5.3 -99-99.9-9.9-9.9
5281120110723 23.7  4.7  0.009999-99.9-99.9-99.9-99.9-9.9 9910.0 62  6.9 -99-99.9-9.9-9.9
5281120110724 28.9 11.4  0.009999-99.9-99.9-99.9-99.9-9.9 9914.4 59 12.2 -99-99.9-9.9-9.9
5281120110725 33.4 17.5  0.009999-99.9-99.9-99.9-99.9-9.9 9915.5 48 13.0 -99-99.9-9.9-9.9
5281120110726 22.4  2.9  0.009999-99.9-99.9-99.9-99.9-9.9 99 7.5 51  2.5 -99-99.9-9.9-9.9
5281120110727 25.6  7.5  0.009999-99.9-99.9-99.9-99.9-9.9 99 9.1 51  5.3 -99-99.9-9.9-9.9
5281120110728 29.1 10.4  0.009999-99.9-99.9-99.9-99.9-9.9 9915.9 73 13.8 -99-99.9-9.9-9.9
5281120110729 19.5 13.4  0.009999-99.9-99.9-99.9-99.9-9.9 9910.9 63  8.2 -99-99.9-9.9-9.9
5281120110730 14.5  5.4  0.619999-99.9-99.9-99.9-99.9-9.9 99 9.0 76  5.4 -99-99.9-9.9-9.9
5281120110731  9.9  6.0  1.819999-99.9-99.9-99.9-99.9-9.9 99 8.1 77  3.9 -99-99.9-9.9-9.9
5281120110801  7.7  3.6  0.009999-99.9-99.9-99.9-99.9-9.9 99 8.4 94  4.4 -99-99.9-9.9-9.9
5281120110802 16.3 -3.5  0.009999-99.9-99.9-99.9-99.9-9.9 99 6.9 72  1.5 -99-99.9-9.9-9.9
5281120110803 19.7  0.1  0.009999-99.9-99.9-99.9-99.9-9.9 99 6.3 56  0.3 -99-99.9-9.9-9.9
5281120110804 20.9 -3.1  0.009999-99.9-99.9-99.9-99.9-9.9 99 5.6 43 -1.1 -99-99.9-9.9-9.9
5281120110805 26.1  5.8  0.009999-99.9-99.9-99.9-99.9-9.9 99 7.1 42  2.0 -99-99.9-9.9-9.9
5281120110806 27.5  6.6  0.009999-99.9-99.9-99.9-99.9-9.9 99 9.3 51  5.9 -99-99.9-9.9-9.9
5281120110807 28.8  9.6  0.009999-99.9-99.9-99.9-99.9-9.9 9913.1 65 10.8 -99-99.9-9.9-9.9
5281120110808 24.7  6.5  0.009999-99.9-99.9-99.9-99.9-9.9 9913.5 77 11.3 -99-99.9-9.9-9.9
5281120110809 18.8 12.4  0.009999-99.9-99.9-99.9-99.9-9.9 9915.8 84 13.9 -99-99.9-9.9-9.9
5281120110810 30.2 11.3  0.009999-99.9-99.9-99.9-99.9-9.9 9915.9 68 13.9 -99-99.9-9.9-9.9
5281120110811 36.6 15.0  0.009999-99.9-99.9-99.9-99.9-9.9 9917.9 55 15.7 -99-99.9-9.9-9.9
5281120110812 38.1 19.6  0.009999-99.9-99.9-99.9-99.9-9.9 9918.0 59 15.5 -99-99.9-9.9-9.9
5281120110813 21.1 13.1  0.009999-99.9-99.9-99.9-99.9-9.9 9911.3 59  8.7 -99-99.9-9.9-9.9
5281120110814 21.8  8.1  0.009999-99.9-99.9-99.9-99.9-9.9 99 9.9 55  6.7 -99-99.9-9.9-9.9
5281120110815 28.2 14.7  0.009999-99.9-99.9-99.9-99.9-9.9 9914.0 55 11.9 -99-99.9-9.9-9.9
5281120110816 23.9 13.9  0.009999-99.9-99.9-99.9-99.9-9.9 9915.5 76 13.5 -99-99.9-9.9-9.9
5281120110817 25.8  4.0  0.009999-99.9-99.9-99.9-99.9-9.9 9910.1 62  7.0 -99-99.9-9.9-9.9
5281120110818 23.9  7.2  0.009999-99.9-99.9-99.9-99.9-9.9 9911.9 76  9.4 -99-99.9-9.9-9.9
5281120110819 16.1  7.5  0.009999-99.9-99.9-99.9-99.9-9.9 99 7.3 57  2.2 -99-99.9-9.9-9.9
5281120110820 17.4 -3.2  0.009999-99.9-99.9-99.9-99.9-9.9 99 4.5 43 -4.5 -99-99.9-9.9-9.9
5281120110821 19.4 -4.1  0.009999-99.9-99.9-99.9-99.9-9.9 99 4.3 19 -5.0 -99-99.9-9.9-9.9
5281120110822 17.3  2.1  0.009999-99.9-99.9-99.9-99.9-9.9 99 6.0 51 -0.3 -99-99.9-9.9-9.9
5281120110823 20.3 -2.1  0.009999-99.9-99.9-99.9-99.9-9.9 99 5.7 46 -1.0 -99-99.9-9.9-9.9
5281120110824 23.9  4.2  0.009999-99.9-99.9-99.9-99.9-9.9 99 7.5 52  2.8 -99-99.9-9.9-9.9
5281120110825 22.8  2.5  0.009999-99.9-99.9-99.9-99.9-9.9 99 8.3 63  4.1 -99-99.9-9.9-9.9
5281120110826 26.8  5.0  0.009999-99.9-99.9-99.9-99.9-9.9 99 9.0 50  5.5 -99-99.9-9.9-9.9
5281120110827 27.6 12.2  0.009999-99.9-99.9-99.9-99.9-9.9 9914.0 64 11.9 -99-99.9-9.9-9.9
5281120110828 25.3  7.4  0.009999-99.9-99.9-99.9-99.9-9.9 9910.1 59  6.9 -99-99.9-9.9-9.9
5281120110829 26.0  5.3  0.009999-99.9-99.9-99.9-99.9-9.9 99 9.1 53  5.6 -99-99.9-9.9-9.9
5281120110830 24.9  3.4  0.009999-99.9-99.9-99.9-99.9-9.9 99 8.0 50  3.6 -99-99.9-9.9-9.9
5281120110831 25.6  6.9  0.009999-99.9-99.9-99.9-99.9-9.9 99 6.1 33 -0.3 -99-99.9-9.9-9.9
5281120110901 26.7  8.4  0.009999-99.9-99.9-99.9-99.9-9.9 99 4.9 24 -3.2 -99-99.9-9.9-9.9
5281120110902 31.7  9.7  0.009999-99.9-99.9-99.9-99.9-9.9 99 7.6 33  3.0 -99-99.9-9.9-9.9
5281120110903 37.7 18.4  0.009999-99.9-99.9-99.9-99.9-9.9 9910.8 33  8.1 -99-99.9-9.9-9.9
5281120110904 23.5 14.7  0.009999-99.9-99.9-99.9-99.9-9.9 99 9.4 45  5.9 -99-99.9-9.9-9.9
5281120110905 25.3  5.6  0.009999-99.9-99.9-99.9-99.9-9.9 99 5.9 32 -0.9 -99-99.9-9.9-9.9
5281120110906 25.8  6.7  0.009999-99.9-99.9-99.9-99.9-9.9 99 4.8 27 -3.3 -99-99.9-9.9-9.9
5281120110907 26.4  3.9  0.009999-99.9-99.9-99.9-99.9-9.9 99 6.0 33 -0.3 -99-99.9-9.9-9.9
5281120110908 26.6  4.8  0.009999-99.9-99.9-99.9-99.9-9.9 99 6.1 34 -0.2 -99-99.9-9.9-9.9
5281120110909 29.8  3.6  0.009999-99.9-99.9-99.9-99.9-9.9 99 5.4 24 -2.0 -99-99.9-9.9-9.9
5281120110910 29.0 13.4  0.009999-99.9-99.9-99.9-99.9-9.9 99 7.8 39  3.1 -99-99.9-9.9-9.9
5281120110911 27.7  3.3  0.009999-99.9-99.9-99.9-99.9-9.9 99 5.7 28 -0.9 -99-99.9-9.9-9.9
5281120110912 35.0 11.1  0.009999-99.9-99.9-99.9-99.9-9.9 99 8.6 29  4.6 -99-99.9-9.9-9.9
5281120110913 33.1 11.7  0.009999-99.9-99.9-99.9-99.9-9.9 99 8.6 33  4.5 -99-99.9-9.9-9.9
5281120110914 32.2  9.0  0.009999-99.9-99.9-99.9-99.9-9.9 9910.2 40  7.1 -99-99.9-9.9-9.9
5281120110915 30.3 14.8  3.419999-99.9-99.9-99.9-99.9-9.9 9914.3 52 12.1 -99-99.9-9.9-9.9
5281120110916 33.9 20.2 25.419999-99.9-99.9-99.9-99.9-9.9 9919.2 62 16.7 -99-99.9-9.9-9.9
5281120110917 23.7 14.4  3.719999-99.9-99.9-99.9-99.9-9.9 9913.5 70 10.8 -99-99.9-9.9-9.9
5281120110918 21.6  9.0  0.009999-99.9-99.9-99.9-99.9-9.9 99 9.8 57  6.6 -99-99.9-9.9-9.9
5281120110919 21.5 11.2  0.009999-99.9-99.9-99.9-99.9-9.9 9911.9 74  9.6 -99-99.9-9.9-9.9
5281120110920 27.0  4.5  0.009999-99.9-99.9-99.9-99.9-9.9 9910.1 56  7.0 -99-99.9-9.9-9.9
5281120110921 30.5 10.5  0.009999-99.9-99.9-99.9-99.9-9.9 9911.4 46  8.9 -99-99.9-9.9-9.9
5281120110922 32.7 12.3  0.009999-99.9-99.9-99.9-99.9-9.9 9911.9 42  9.5 -99-99.9-9.9-9.9
5281120110923 21.9 10.9  0.009999-99.9-99.9-99.9-99.9-9.9 9911.9 82  9.5 -99-99.9-9.9-9.9
5281120110924 25.9  7.0  0.009999-99.9-99.9-99.9-99.9-9.9 9912.3 59 10.0 -99-99.9-9.9-9.9
5281120110925 31.5 13.6  0.009999-99.9-99.9-99.9-99.9-9.9 9914.2 52 12.2 -99-99.9-9.9-9.9
5281120110926 34.6 14.8  0.009999-99.9-99.9-99.9-99.9-9.9 9914.6 44 12.6 -99-99.9-9.9-9.9
5281120110927 34.2 16.0  0.009999-99.9-99.9-99.9-99.9-9.9 9915.2 42 13.2 -99-99.9-9.9-9.9
5281120110928 39.0 18.0  0.009999-99.9-99.9-99.9-99.9-9.9 9913.3 34 11.2 -99-99.9-9.9-9.9
5281120110929 31.1 19.8  1.019999-99.9-99.9-99.9-99.9-9.9 9916.0 48 14.0 -99-99.9-9.9-9.9
5281120110930 27.0 17.8  0.009999-99.9-99.9-99.9-99.9-9.9 9915.3 61 13.3 -99-99.9-9.9-9.9
5281120111001 28.1 15.8  0.009999-99.9-99.9-99.9-99.9-9.9 9917.9 74 15.7 -99-99.9-9.9-9.9
5281120111002 28.9 14.7  0.009999-99.9-99.9-99.9-99.9-9.9 9915.6 60 13.5 -99-99.9-9.9-9.9
5281120111003 28.5 11.9  0.619999-99.9-99.9-99.9-99.9-9.9 99 9.0 35  5.4 -99-99.9-9.9-9.9
5281120111004 22.9 14.2  0.009999-99.9-99.9-99.9-99.9-9.9 9913.8 74 11.7 -99-99.9-9.9-9.9
5281120111005 26.6  8.9  0.009999-99.9-99.9-99.9-99.9-9.9 9914.5 71 12.4 -99-99.9-9.9-9.9
5281120111006 37.9 15.8  2.119999-99.9-99.9-99.9-99.9-9.9 9918.0 48 15.8 -99-99.9-9.9-9.9
5281120111007 31.9 20.0  0.319999-99.9-99.9-99.9-99.9-9.9 9921.9 82 19.0 -99-99.9-9.9-9.9
5281120111008 28.5 15.6  0.009999-99.9-99.9-99.9-99.9-9.9 9918.2 67 16.0 -99-99.9-9.9-9.9
5281120111009 25.3 14.5  0.009999-99.9-99.9-99.9-99.9-9.9 9913.8 67 11.6 -99-99.9-9.9-9.9
5281120111010 29.9  7.4  0.009999-99.9-99.9-99.9-99.9-9.9 9912.3 48 10.0 -99-99.9-9.9-9.9
5281120111011 31.2 13.8  0.319999-99.9-99.9-99.9-99.9-9.9 9914.4 46 12.4 -99-99.9-9.9-9.9
5281120111012 37.3 17.0  9.619999-99.9-99.9-99.9-99.9-9.9 9918.3 59 16.0 -99-99.9-9.9-9.9
5281120111013 20.5 16.0  0.009999-99.9-99.9-99.9-99.9-9.9 9916.5 80 14.5 -99-99.9-9.9-9.9
5281120111014 24.5 15.0  0.009999-99.9-99.9-99.9-99.9-9.9 9915.8 68 13.8 -99-99.9-9.9-9.9
5281120111015 30.7 13.4  0.009999-99.9-99.9-99.9-99.9-9.9 9913.9 46 11.7 -99-99.9-9.9-9.9
5281120111016 34.2 13.1  0.009999-99.9-99.9-99.9-99.9-9.9 9911.9 35  9.5 -99-99.9-9.9-9.9
5281120111017 33.4 11.8  0.009999-99.9-99.9-99.9-99.9-9.9 9912.8 40 10.5 -99-99.9-9.9-9.9
5281120111018 34.7 15.7  5.619999-99.9-99.9-99.9-99.9-9.9 9915.0 44 12.8 -99-99.9-9.9-9.9
5281120111019 29.5 15.8  0.009999-99.9-99.9-99.9-99.9-9.9 9917.2 68 15.1 -99-99.9-9.9-9.9
5281120111020 33.2 13.9  0.009999-99.9-99.9-99.9-99.9-9.9 9914.6 44 12.5 -99-99.9-9.9-9.9
5281120111021 35.8 15.6  0.009999-99.9-99.9-99.9-99.9-9.9 9914.7 39 12.6 -99-99.9-9.9-9.9
5281120111022 33.5 19.9 24.519999-99.9-99.9-99.9-99.9-9.9 9917.9 55 15.7 -99-99.9-9.9-9.9
5281120111023 21.3 16.9  3.319999-99.9-99.9-99.9-99.9-9.9 9919.9 98 17.4 -99-99.9-9.9-9.9
5281120111024 21.4 16.4  0.919999-99.9-99.9-99.9-99.9-9.9 9920.0100 17.5 -99-99.9-9.9-9.9
5281120111025 25.8 15.3  0.009999-99.9-99.9-99.9-99.9-9.9 9915.3 66 13.2 -99-99.9-9.9-9.9
5281120111026 27.4  9.8  0.009999-99.9-99.9-99.9-99.9-9.9 9914.1 60 12.0 -99-99.9-9.9-9.9
5281120111027 29.8 12.0  0.009999-99.9-99.9-99.9-99.9-9.9 9913.7 49 11.6 -99-99.9-9.9-9.9
5281120111028 35.6 14.7  0.009999-99.9-99.9-99.9-99.9-9.9 9915.1 45 13.0 -99-99.9-9.9-9.9
5281120111029 25.3 17.8  0.009999-99.9-99.9-99.9-99.9-9.9 9915.8 63 13.6 -99-99.9-9.9-9.9
5281120111030 28.8  7.5  0.009999-99.9-99.9-99.9-99.9-9.9 9910.7 41  7.8 -99-99.9-9.9-9.9
5281120111031 29.5 11.9  0.009999-99.9-99.9-99.9-99.9-9.9 9910.2 34  7.1 -99-99.9-9.9-9.9
5281120111101 31.9 12.4  0.009999-99.9-99.9-99.9-99.9-9.9 9911.2 37  8.5 -99-99.9-9.9-9.9
5281120111102 37.3 15.9  0.009999-99.9-99.9-99.9-99.9-9.9 9914.3 37 12.3 -99-99.9-9.9-9.9
5281120111103 37.6 18.7  0.009999-99.9-99.9-99.9-99.9-9.9 9914.2 33 12.1 -99-99.9-9.9-9.9
5281120111104 42.4 20.1 23.619999-99.9-99.9-99.9-99.9-9.9 9916.8 33 14.6 -99-99.9-9.9-9.9
5281120111105 33.7 19.9  0.009999-99.9-99.9-99.9-99.9-9.9 9921.6 62 18.7 -99-99.9-9.9-9.9
5281120111106 33.5 19.9  0.009999-99.9-99.9-99.9-99.9-9.9 9922.3 61 19.2 -99-99.9-9.9-9.9
5281120111107 36.4 20.7  0.009999-99.9-99.9-99.9-99.9-9.9 9921.5 52 18.6 -99-99.9-9.9-9.9
5281120111108 40.0 21.9  0.009999-99.9-99.9-99.9-99.9-9.9 9921.6 42 18.6 -99-99.9-9.9-9.9
5281120111109 38.8 24.2  0.009999-99.9-99.9-99.9-99.9-9.9 9921.9 50 18.9 -99-99.9-9.9-9.9
5281120111110 29.7 18.0  0.009999-99.9-99.9-99.9-99.9-9.9 99 9.3 30  5.5 -99-99.9-9.9-9.9
5281120111111 33.1 12.2  0.009999-99.9-99.9-99.9-99.9-9.9 99 9.3 26  5.8 -99-99.9-9.9-9.9
5281120111112 25.0 18.1  7.819999-99.9-99.9-99.9-99.9-9.9 9917.9 74 15.4 -99-99.9-9.9-9.9
5281120111113 26.8 18.1 13.719999-99.9-99.9-99.9-99.9-9.9 9921.1 85 18.4 -99-99.9-9.9-9.9
5281120111114 29.8 16.2  0.319999-99.9-99.9-99.9-99.9-9.9 9918.7 72 16.4 -99-99.9-9.9-9.9
5281120111115 30.2 12.6  0.009999-99.9-99.9-99.9-99.9-9.9 9915.5 51 13.4 -99-99.9-9.9-9.9
5281120111116 31.3 13.9  0.009999-99.9-99.9-99.9-99.9-9.9 9913.7 42 11.6 -99-99.9-9.9-9.9
5281120111117 33.9 14.6  0.009999-99.9-99.9-99.9-99.9-9.9 9913.6 37 11.4 -99-99.9-9.9-9.9
5281120111118 35.5 18.2  0.009999-99.9-99.9-99.9-99.9-9.9 9914.7 34 12.7 -99-99.9-9.9-9.9
5281120111119 38.2 22.0  2.419999-99.9-99.9-99.9-99.9-9.9 9920.4 51 17.7 -99-99.9-9.9-9.9
5281120111120 31.7 20.8  6.619999-99.9-99.9-99.9-99.9-9.9 9923.4 73 20.0 -99-99.9-9.9-9.9
5281120111121 27.4 16.7  0.319999-99.9-99.9-99.9-99.9-9.9 9917.2 68 15.0 -99-99.9-9.9-9.9
5281120111122 32.5 11.7  0.009999-99.9-99.9-99.9-99.9-9.9 9912.4 38  9.7 -99-99.9-9.9-9.9
5281120111123 34.6 15.7  0.009999-99.9-99.9-99.9-99.9-9.9 9915.2 41 13.2 -99-99.9-9.9-9.9
5281120111124 36.9 18.3  0.009999-99.9-99.9-99.9-99.9-9.9 9917.8 40 15.7 -99-99.9-9.9-9.9
5281120111125 39.5 19.6  0.009999-99.9-99.9-99.9-99.9-9.9 9919.2 39 16.8 -99-99.9-9.9-9.9
5281120111126 39.4 20.7  0.009999-99.9-99.9-99.9-99.9-9.9 9917.7 36 15.5 -99-99.9-9.9-9.9
5281120111127 41.4 22.8  8.919999-99.9-99.9-99.9-99.9-9.9 9918.8 35 16.5 -99-99.9-9.9-9.9
5281120111128 33.5 21.3  0.319999-99.9-99.9-99.9-99.9-9.9 9923.3 73 19.9 -99-99.9-9.9-9.9
5281120111129 38.4 19.4  0.009999-99.9-99.9-99.9-99.9-9.9 9922.0 46 19.0 -99-99.9-9.9-9.9
5281120111130 29.4 18.8  0.009999-99.9-99.9-99.9-99.9-9.9 9916.0 53 13.3 -99-99.9-9.9-9.9
5281120111201 30.7 10.1  0.009999-99.9-99.9-99.9-99.9-9.9 9910.6 36  7.7 -99-99.9-9.9-9.9
5281120111202 34.4 13.0  0.009999-99.9-99.9-99.9-99.9-9.9 9911.6 33  9.0 -99-99.9-9.9-9.9
5281120111203 36.4 20.8  0.009999-99.9-99.9-99.9-99.9-9.9 9912.2 34  9.7 -99-99.9-9.9-9.9
5281120111204 37.5 18.1  0.009999-99.9-99.9-99.9-99.9-9.9 9913.6 29 11.4 -99-99.9-9.9-9.9
5281120111205 30.3 20.7  0.009999-99.9-99.9-99.9-99.9-9.9 9918.2 61 16.0 -99-99.9-9.9-9.9
5281120111206 33.4 18.8  0.319999-99.9-99.9-99.9-99.9-9.9 9921.3 62 18.5 -99-99.9-9.9-9.9
5281120111207 32.3 21.4  1.419999-99.9-99.9-99.9-99.9-9.9 9923.2 67 19.9 -99-99.9-9.9-9.9
5281120111208 33.3 21.2  0.319999-99.9-99.9-99.9-99.9-9.9 9915.2 46 12.3 -99-99.9-9.9-9.9
5281120111209 36.4 12.2  0.009999-99.9-99.9-99.9-99.9-9.9 9912.6 31 10.3 -99-99.9-9.9-9.9
5281120111210 38.7 18.2  0.009999-99.9-99.9-99.9-99.9-9.9 9914.3 32 12.0 -99-99.9-9.9-9.9
5281120111211 40.0 19.7  4.719999-99.9-99.9-99.9-99.9-9.9 9913.8 28 11.4 -99-99.9-9.9-9.9
5281120111212 32.6 20.4  0.009999-99.9-99.9-99.9-99.9-9.9 9916.8 54 14.4 -99-99.9-9.9-9.9
5281120111213 33.5 15.7  0.009999-99.9-99.9-99.9-99.9-9.9 9911.6 31  8.7 -99-99.9-9.9-9.9
5281120111214 32.2 12.4  0.009999-99.9-99.9-99.9-99.9-9.9 9912.4 37 10.0 -99-99.9-9.9-9.9
5281120111215 33.6 14.8  0.009999-99.9-99.9-99.9-99.9-9.9 9913.7 37 11.6 -99-99.9-9.9-9.9
5281120111216 33.2 16.2  0.009999-99.9-99.9-99.9-99.9-9.9 9914.8 42 12.8 -99-99.9-9.9-9.9
5281120111217 35.5 16.3  0.009999-99.9-99.9-99.9-99.9-9.9 9913.0 33 10.9 -99-99.9-9.9-9.9
5281120111218 40.8 16.6  0.009999-99.9-99.9-99.9-99.9-9.9 9910.0 18  6.7 -99-99.9-9.9-9.9
5281120111219 44.2 21.1  0.009999-99.9-99.9-99.9-99.9-9.9 99 9.3 16  5.8 -99-99.9-9.9-9.9
5281120111220 44.8 24.7  0.009999-99.9-99.9-99.9-99.9-9.9 9910.5 15  7.6 -99-99.9-9.9-9.9
5281120111221 45.5 27.1  0.009999-99.9-99.9-99.9-99.9-9.9 9914.7 13 12.5 -99-99.9-9.9-9.9
5281120111222 43.0 27.5  0.009999-99.9-99.9-99.9-99.9-9.9 9921.0 40 18.2 -99-99.9-9.9-9.9
5281120111223 35.1 19.2  2.419999-99.9-99.9-99.9-99.9-9.9 9922.4 66 19.2 -99-99.9-9.9-9.9
5281120111224 22.2 14.1  0.009999-99.9-99.9-99.9-99.9-9.9 9913.5 63 11.3 -99-99.9-9.9-9.9
5281120111225 31.7 17.7  0.009999-99.9-99.9-99.9-99.9-9.9 9914.1 46 12.0 -99-99.9-9.9-9.9
5281120111226 37.0 18.2  0.009999-99.9-99.9-99.9-99.9-9.9 9919.1 45 16.8 -99-99.9-9.9-9.9
5281120111227 38.9 22.0  0.009999-99.9-99.9-99.9-99.9-9.9 9919.4 40 16.9 -99-99.9-9.9-9.9
5281120111228 38.3 23.7  0.009999-99.9-99.9-99.9-99.9-9.9 9917.0 35 14.8 -99-99.9-9.9-9.9
5281120111229 38.6 22.0  0.009999-99.9-99.9-99.9-99.9-9.9 9915.4 34 13.3 -99-99.9-9.9-9.9
5281120111230 40.4 21.0  0.009999-99.9-99.9-99.9-99.9-9.9 9916.5 35 14.4 -99-99.9-9.9-9.9
5281120111231 40.1 23.1  0.009999-99.9-99.9-99.9-99.9-9.9 9913.1 24 10.8 -99-99.9-9.9-9.9
5281120120101 37.8 16.4  0.009999-99.9-99.9-99.9-99.9-9.9 9913.1 28 10.8 -99-99.9-9.9-9.9
5281120120102 39.0 15.7  0.009999-99.9-99.9-99.9-99.9-9.9 9913.0 26 10.6 -99-99.9-9.9-9.9
5281120120103 40.3 20.0  0.009999-99.9-99.9-99.9-99.9-9.9 9910.9 21  8.0 -99-99.9-9.9-9.9
5281120120104 41.2 21.5  0.009999-99.9-99.9-99.9-99.9-9.9 9911.9 24  9.4 -99-99.9-9.9-9.9
5281120120105 39.3 18.1  0.009999-99.9-99.9-99.9-99.9-9.9 9910.5 22  7.6 -99-99.9-9.9-9.9
5281120120106 38.4 19.8  0.009999-99.9-99.9-99.9-99.9-9.9 9911.5 24  8.9 -99-99.9-9.9-9.9
5281120120107 40.6 15.7  0.009999-99.9-99.9-99.9-99.9-9.9 9911.0 20  8.4 -99-99.9-9.9-9.9
5281120120108 42.0 21.0  0.009999-99.9-99.9-99.9-99.9-9.9 9912.6 23 10.1 -99-99.9-9.9-9.9
5281120120109 45.3 26.6  0.319999-99.9-99.9-99.9-99.9-9.9 9915.0 22 12.9 -99-99.9-9.9-9.9
5281120120110 42.5 26.5  9.319999-99.9-99.9-99.9-99.9-9.9 9921.5 41 18.6 -99-99.9-9.9-9.9
5281120120111 33.9 20.0  9.419999-99.9-99.9-99.9-99.9-9.9 9924.8 90 20.9 -99-99.9-9.9-9.9
5281120120112 33.7 21.2  0.009999-99.9-99.9-99.9-99.9-9.9 9922.8 62 19.5 -99-99.9-9.9-9.9
5281120120113 33.6 18.7  0.009999-99.9-99.9-99.9-99.9-9.9 9916.5 41 14.0 -99-99.9-9.9-9.9
5281120120114 34.6 16.4  0.009999-99.9-99.9-99.9-99.9-9.9 9912.5 31 10.0 -99-99.9-9.9-9.9
5281120120115 37.0 19.5  0.009999-99.9-99.9-99.9-99.9-9.9 9913.4 30 11.1 -99-99.9-9.9-9.9
5281120120116 38.3 17.4  0.009999-99.9-99.9-99.9-99.9-9.9 9913.7 32 11.5 -99-99.9-9.9-9.9
5281120120117 39.6 19.9  0.009999-99.9-99.9-99.9-99.9-9.9 9913.8 30 11.6 -99-99.9-9.9-9.9
5281120120118 40.5 22.0  0.319999-99.9-99.9-99.9-99.9-9.9 9914.9 30 12.8 -99-99.9-9.9-9.9
5281120120119 35.1 22.5  0.009999-99.9-99.9-99.9-99.9-9.9 9918.2 51 15.8 -99-99.9-9.9-9.9
5281120120120 40.3 18.7 36.119999-99.9-99.9-99.9-99.9-9.9 9917.8 33 15.6 -99-99.9-9.9-9.9
5281120120121 33.4 19.5 12.719999-99.9-99.9-99.9-99.9-9.9 9924.2 65 20.6 -99-99.9-9.9-9.9
5281120120122 34.2 18.6  0.619999-99.9-99.9-99.9-99.9-9.9 9923.6 66 20.1 -99-99.9-9.9-9.9
5281120120123 38.0 23.5  0.009999-99.9-99.9-99.9-99.9-9.9 9924.7 52 20.9 -99-99.9-9.9-9.9
5281120120124 30.9 20.1  1.619999-99.9-99.9-99.9-99.9-9.9 9923.5 83 20.1 -99-99.9-9.9-9.9
5281120120125 31.9 18.7  0.009999-99.9-99.9-99.9-99.9-9.9 9919.5 59 17.0 -99-99.9-9.9-9.9
5281120120126 33.6 16.0  0.009999-99.9-99.9-99.9-99.9-9.9 9916.3 48 14.2 -99-99.9-9.9-9.9
5281120120127 34.9 17.4  0.009999-99.9-99.9-99.9-99.9-9.9 9915.7 44 13.7 -99-99.9-9.9-9.9
5281120120128 38.1 18.8  0.009999-99.9-99.9-99.9-99.9-9.9 9917.2 39 15.2 -99-99.9-9.9-9.9
5281120120129 40.2 23.9  0.009999-99.9-99.9-99.9-99.9-9.9 9920.0 39 17.4 -99-99.9-9.9-9.9
5281120120130 40.8 26.3 35.219999-99.9-99.9-99.9-99.9-9.9 9922.0 40 18.9 -99-99.9-9.9-9.9
5281120120131 34.7 22.7 12.519999-99.9-99.9-99.9-99.9-9.9 9927.6 88 22.7 -99-99.9-9.9-9.9
5281120120201 31.6 23.2  2.619999-99.9-99.9-99.9-99.9-9.9 9928.6 82 23.3 -99-99.9-9.9-9.9
5281120120202 29.1 22.5  4.719999-99.9-99.9-99.9-99.9-9.9 9929.3 92 23.7 -99-99.9-9.9-9.9
5281120120203 34.8 23.4  0.009999-99.9-99.9-99.9-99.9-9.9 9929.9 80 24.0 -99-99.9-9.9-9.9
5281120120204 36.7 24.8  0.009999-99.9-99.9-99.9-99.9-9.9 9931.0 66 24.6 -99-99.9-9.9-9.9
5281120120205 37.8 27.3  0.009999-99.9-99.9-99.9-99.9-9.9 9928.2 55 23.0 -99-99.9-9.9-9.9
5281120120206 38.8 25.9  0.009999-99.9-99.9-99.9-99.9-9.9 9925.7 51 21.5 -99-99.9-9.9-9.9
5281120120207 39.7 25.8  6.419999-99.9-99.9-99.9-99.9-9.9 9924.6 47 20.7 -99-99.9-9.9-9.9
5281120120208 31.3 23.4  0.319999-99.9-99.9-99.9-99.9-9.9 9923.7 76 20.2 -99-99.9-9.9-9.9
5281120120209 29.7 20.7  0.009999-99.9-99.9-99.9-99.9-9.9 9923.9 77 20.3 -99-99.9-9.9-9.9
5281120120210 33.1 18.5  0.009999-99.9-99.9-99.9-99.9-9.9 9915.9 47 13.7 -99-99.9-9.9-9.9
5281120120211 34.3 15.1  0.009999-99.9-99.9-99.9-99.9-9.9 9914.7 45 12.7 -99-99.9-9.9-9.9
5281120120212 36.3 16.8  0.009999-99.9-99.9-99.9-99.9-9.9 9915.7 41 13.7 -99-99.9-9.9-9.9
5281120120213 37.7 20.4  0.009999-99.9-99.9-99.9-99.9-9.9 9916.3 39 14.3 -99-99.9-9.9-9.9
5281120120214 39.2 18.7  0.009999-99.9-99.9-99.9-99.9-9.9 9914.9 36 12.9 -99-99.9-9.9-9.9
5281120120215 40.4 22.2  0.009999-99.9-99.9-99.9-99.9-9.9 9920.1 42 17.5 -99-99.9-9.9-9.9
5281120120216 39.6 25.3  0.009999-99.9-99.9-99.9-99.9-9.9 9924.4 46 20.6 -99-99.9-9.9-9.9
5281120120217 40.1 26.0  0.009999-99.9-99.9-99.9-99.9-9.9 9922.6 43 19.4 -99-99.9-9.9-9.9
5281120120218 39.4 25.7  0.009999-99.9-99.9-99.9-99.9-9.9 9919.9 39 17.4 -99-99.9-9.9-9.9
5281120120219 37.8 26.3  0.009999-99.9-99.9-99.9-99.9-9.9 9921.8 50 18.9 -99-99.9-9.9-9.9
5281120120220 39.4 22.0103.019999-99.9-99.9-99.9-99.9-9.9 9926.1 62 21.8 -99-99.9-9.9-9.9
5281120120221 29.6 20.3  0.619999-99.9-99.9-99.9-99.9-9.9 9925.8 51 21.6 -99-99.9-9.9-9.9
5281120120222 32.0 18.7  0.009999-99.9-99.9-99.9-99.9-9.9 9924.1 74 20.5 -99-99.9-9.9-9.9
5281120120223 33.2 20.6  0.009999-99.9-99.9-99.9-99.9-9.9 9924.2 70 20.6 -99-99.9-9.9-9.9
5281120120224 33.0 20.4  0.009999-99.9-99.9-99.9-99.9-9.9 9924.0 69 20.4 -99-99.9-9.9-9.9
5281120120225 34.8 19.7  0.009999-99.9-99.9-99.9-99.9-9.9 9923.7 63 20.1 -99-99.9-9.9-9.9
5281120120226 31.2 21.4  0.009999-99.9-99.9-99.9-99.9-9.9 9923.0 69 19.7 -99-99.9-9.9-9.9
5281120120227 35.2 21.0  0.009999-99.9-99.9-99.9-99.9-9.9 9924.2 59 20.5 -99-99.9-9.9-9.9
5281120120228 35.7 23.6  0.009999-99.9-99.9-99.9-99.9-9.9 9926.9 62 22.3 -99-99.9-9.9-9.9
5281120120229 30.1 21.8 10.919999-99.9-99.9-99.9-99.9-9.9 9924.6 76 20.8 -99-99.9-9.9-9.9
5281120120301 26.7 17.0  0.009999-99.9-99.9-99.9-99.9-9.9 9917.4 68 15.2 -99-99.9-9.9-9.9
5281120120302 28.8 14.1  0.009999-99.9-99.9-99.9-99.9-9.9 9918.1 65 15.9 -99-99.9-9.9-9.9
5281120120303 33.8 17.4  0.009999-99.9-99.9-99.9-99.9-9.9 9923.6 67 20.0 -99-99.9-9.9-9.9
5281120120304 36.2 21.7  0.009999-99.9-99.9-99.9-99.9-9.9 9926.4 61 21.9 -99-99.9-9.9-9.9
5281120120305 37.6 24.8  0.009999-99.9-99.9-99.9-99.9-9.9 9926.5 54 22.0 -99-99.9-9.9-9.9
5281120120306 31.4 20.0 32.719999-99.9-99.9-99.9-99.9-9.9 9924.3 94 20.6 -99-99.9-9.9-9.9
5281120120307 32.4 20.7  0.009999-99.9-99.9-99.9-99.9-9.9 9928.5 85 23.2 -99-99.9-9.9-9.9
5281120120308 33.3 23.2  5.119999-99.9-99.9-99.9-99.9-9.9 9930.7 86 24.4 -99-99.9-9.9-9.9
5281120120309 37.3 21.9  0.009999-99.9-99.9-99.9-99.9-9.9 9927.0 63 22.3 -99-99.9-9.9-9.9
5281120120310 38.4 22.6  0.009999-99.9-99.9-99.9-99.9-9.9 9925.4 60 21.3 -99-99.9-9.9-9.9
5281120120311 38.6 23.1  0.009999-99.9-99.9-99.9-99.9-9.9 9923.7 49 20.2 -99-99.9-9.9-9.9
5281120120312 38.9 23.5  0.009999-99.9-99.9-99.9-99.9-9.9 9924.6 55 20.8 -99-99.9-9.9-9.9
5281120120313 29.6 21.0  5.119999-99.9-99.9-99.9-99.9-9.9 9924.5 88 20.7 -99-99.9-9.9-9.9
5281120120314 29.5 18.9  0.009999-99.9-99.9-99.9-99.9-9.9 9921.6 78 18.7 -99-99.9-9.9-9.9
5281120120315 28.8 14.2  0.009999-99.9-99.9-99.9-99.9-9.9 9917.0 65 14.9 -99-99.9-9.9-9.9
5281120120316 30.6 12.6  0.009999-99.9-99.9-99.9-99.9-9.9 9915.4 59 13.3 -99-99.9-9.9-9.9
5281120120317 33.2 13.0  0.009999-99.9-99.9-99.9-99.9-9.9 9916.3 57 14.3 -99-99.9-9.9-9.9
5281120120318 37.0 18.0  0.009999-99.9-99.9-99.9-99.9-9.9 9919.9 52 17.3 -99-99.9-9.9-9.9
5281120120319 38.2 22.1  0.009999-99.9-99.9-99.9-99.9-9.9 9923.7 56 20.2 -99-99.9-9.9-9.9
5281120120320 33.2 23.1  0.009999-99.9-99.9-99.9-99.9-9.9 9924.3 67 20.6 -99-99.9-9.9-9.9
5281120120321 29.9 21.3  0.319999-99.9-99.9-99.9-99.9-9.9 9924.9 84 21.0 -99-99.9-9.9-9.9
5281120120322 31.0 18.8  0.009999-99.9-99.9-99.9-99.9-9.9 9920.2 71 17.4 -99-99.9-9.9-9.9
5281120120323 28.8 13.2  0.009999-99.9-99.9-99.9-99.9-9.9 9915.6 62 13.5 -99-99.9-9.9-9.9
5281120120324 30.9 13.5  0.009999-99.9-99.9-99.9-99.9-9.9 9914.7 56 12.7 -99-99.9-9.9-9.9
5281120120325 34.5 16.8 21.419999-99.9-99.9-99.9-99.9-9.9 9916.5 51 14.4 -99-99.9-9.9-9.9
5281120120326 27.5 16.8  0.319999-99.9-99.9-99.9-99.9-9.9 9919.2 82 16.8 -99-99.9-9.9-9.9
5281120120327 21.7 10.4  0.009999-99.9-99.9-99.9-99.9-9.9 9910.7 66  7.9 -99-99.9-9.9-9.9
5281120120328 27.0  6.3  0.009999-99.9-99.9-99.9-99.9-9.9 9910.3 53  7.3 -99-99.9-9.9-9.9
5281120120329 30.6 10.7  0.009999-99.9-99.9-99.9-99.9-9.9 9912.8 53 10.4 -99-99.9-9.9-9.9
5281120120330 32.8 13.2  0.009999-99.9-99.9-99.9-99.9-9.9 9915.0 52 12.9 -99-99.9-9.9-9.9
5281120120331 33.0 14.7  0.009999-99.9-99.9-99.9-99.9-9.9 9914.2 50 12.1 -99-99.9-9.9-9.9
5281120120401 35.7 14.8  0.009999-99.9-99.9-99.9-99.9-9.9 9914.1 42 12.0 -99-99.9-9.9-9.9
5281120120402-99.9-99.9-99.999999-99.9-99.9-99.9-99.9-9.9 99-9.9-99-99.9 -99-99.9-9.9-9.9
5281120120403-99.9-99.9  0.009999-99.9-99.9-99.9-99.9-9.9 99-9.9-99-99.9 -99-99.9-9.9-9.9
5281120120404 36.3 20.2  0.009999-99.9-99.9-99.9-99.9-9.9 9924.2 63 20.6 -99-99.9-9.9-9.9
5281120120405 29.0 14.8  0.009999-99.9-99.9-99.9-99.9-9.9 9915.6 60 13.0 -99-99.9-9.9-9.9
5281120120406 30.5 11.1  0.009999-99.9-99.9-99.9-99.9-9.9 9913.8 51 11.6 -99-99.9-9.9-9.9
5281120120407 34.5 16.7  0.009999-99.9-99.9-99.9-99.9-9.9 9920.1 60 17.4 -99-99.9-9.9-9.9
5281120120408 32.7 21.2  0.009999-99.9-99.9-99.9-99.9-9.9 9923.1 61 19.7 -99-99.9-9.9-9.9
5281120120409 25.4 19.6  0.009999-99.9-99.9-99.9-99.9-9.9 9921.7 93 18.8 -99-99.9-9.9-9.9
5281120120410 28.0 17.0  0.009999-99.9-99.9-99.9-99.9-9.9 9923.1 88 19.8 -99-99.9-9.9-9.9
5281120120411 28.5 18.3  0.009999-99.9-99.9-99.9-99.9-9.9 9923.3 88 19.9 -99-99.9-9.9-9.9
5281120120412 31.0 16.0  0.009999-99.9-99.9-99.9-99.9-9.9 9922.0 78 19.0 -99-99.9-9.9-9.9
5281120120413 23.6 20.3  0.009999-99.9-99.9-99.9-99.9-9.9 9924.4100 20.7 -99-99.9-9.9-9.9
5281120120414 26.3 18.6  0.009999-99.9-99.9-99.9-99.9-9.9 9922.1 87 19.1 -99-99.9-9.9-9.9
5281120120415 29.1 13.5  0.009999-99.9-99.9-99.9-99.9-9.9 9918.5 76 16.2 -99-99.9-9.9-9.9
5281120120416 30.1 15.9  2.019999-99.9-99.9-99.9-99.9-9.9 9917.8 66 15.7 -99-99.9-9.9-9.9
5281120120417 30.8 16.8  0.009999-99.9-99.9-99.9-99.9-9.9 9919.3 70 16.9 -99-99.9-9.9-9.9
5281120120418 28.2 19.0 12.919999-99.9-99.9-99.9-99.9-9.9 9921.8 80 18.8 -99-99.9-9.9-9.9
5281120120419 25.9 19.7  3.419999-99.9-99.9-99.9-99.9-9.9 9924.2 92 20.5 -99-99.9-9.9-9.9
5281120120420 28.0 17.9  0.009999-99.9-99.9-99.9-99.9-9.9 9921.1 85 18.3 -99-99.9-9.9-9.9
5281120120421 28.8 12.3  0.009999-99.9-99.9-99.9-99.9-9.9 9918.8 48 16.4 -99-99.9-9.9-9.9
5281120120422 26.0 11.3  0.009999-99.9-99.9-99.9-99.9-9.9 9913.8 69 11.7 -99-99.9-9.9-9.9
5281120120423 22.9 13.8  0.009999-99.9-99.9-99.9-99.9-9.9 9915.6 75 13.6 -99-99.9-9.9-9.9
5281120120424 23.9 14.4  0.009999-99.9-99.9-99.9-99.9-9.9 9914.0 73 12.0 -99-99.9-9.9-9.9
5281120120425 23.7 13.4  0.009999-99.9-99.9-99.9-99.9-9.9 9913.1 66 10.9 -99-99.9-9.9-9.9
5281120120426 21.7  9.4  0.009999-99.9-99.9-99.9-99.9-9.9 9912.4 75 10.1 -99-99.9-9.9-9.9
5281120120427 20.3  6.4  0.009999-99.9-99.9-99.9-99.9-9.9 9911.8 72  9.3 -99-99.9-9.9-9.9
5281120120428 17.5 12.1  0.009999-99.9-99.9-99.9-99.9-9.9 9913.1 84 11.0 -99-99.9-9.9-9.9
5281120120429 20.3 10.0  0.009999-99.9-99.9-99.9-99.9-9.9 9911.8 78  9.4 -99-99.9-9.9-9.9
5281120120430 23.1  3.7  0.009999-99.9-99.9-99.9-99.9-9.9 9910.0 67  6.9 -99-99.9-9.9-9.9
5281120120501 24.3  7.8  0.009999-99.9-99.9-99.9-99.9-9.9 9910.6 60  7.8 -99-99.9-9.9-9.9
5281120120502 25.4  8.4  0.009999-99.9-99.9-99.9-99.9-9.9 9911.3 61  8.7 -99-99.9-9.9-9.9
5281120120503 29.0  9.5  0.009999-99.9-99.9-99.9-99.9-9.9 9913.2 60 11.0 -99-99.9-9.9-9.9
5281120120504 30.5 13.5  0.009999-99.9-99.9-99.9-99.9-9.9 9916.2 62 14.2 -99-99.9-9.9-9.9
5281120120505 30.9 16.2  0.009999-99.9-99.9-99.9-99.9-9.9 9917.3 68 15.2 -99-99.9-9.9-9.9
5281120120506 30.0 13.6  0.009999-99.9-99.9-99.9-99.9-9.9 9916.3 62 14.3 -99-99.9-9.9-9.9
5281120120507 33.1 17.6  0.009999-99.9-99.9-99.9-99.9-9.9 9918.2 59 16.0 -99-99.9-9.9-9.9
5281120120508 32.6 17.6  0.009999-99.9-99.9-99.9-99.9-9.9 9917.2 58 15.1 -99-99.9-9.9-9.9
5281120120509 32.4 15.7  0.009999-99.9-99.9-99.9-99.9-9.9 9917.0 60 15.0 -99-99.9-9.9-9.9
5281120120510 27.6 15.9  0.009999-99.9-99.9-99.9-99.9-9.9 9917.6 70 15.5 -99-99.9-9.9-9.9
5281120120511 24.7 13.6  0.009999-99.9-99.9-99.9-99.9-9.9 9915.2 72 13.2 -99-99.9-9.9-9.9
5281120120512 22.0  7.2  0.009999-99.9-99.9-99.9-99.9-9.9 99 7.8 48  3.0 -99-99.9-9.9-9.9
5281120120513 24.6  6.4  0.009999-99.9-99.9-99.9-99.9-9.9 99 7.8 42  3.3 -99-99.9-9.9-9.9
5281120120514 25.9  8.7  0.009999-99.9-99.9-99.9-99.9-9.9 99 9.1 52  5.5 -99-99.9-9.9-9.9
5281120120515 27.1  3.8  0.009999-99.9-99.9-99.9-99.9-9.9 99 9.5 53  6.1 -99-99.9-9.9-9.9
5281120120516 30.7 13.4  0.009999-99.9-99.9-99.9-99.9-9.9 9916.9 68 14.8 -99-99.9-9.9-9.9
5281120120517 29.5 16.9  0.009999-99.9-99.9-99.9-99.9-9.9 9918.0 65 15.8 -99-99.9-9.9-9.9
5281120120518 22.6 14.6  0.009999-99.9-99.9-99.9-99.9-9.9 9918.0 95 15.8 -99-99.9-9.9-9.9
5281120120519 17.8 14.0  0.009999-99.9-99.9-99.9-99.9-9.9 9917.8 97 15.6 -99-99.9-9.9-9.9
5281120120520 25.9 15.8-99.999999-99.9-99.9-99.9-99.9-9.9 9921.4 89 18.5 -99-99.9-9.9-9.9
5281120120521-99.9-99.9-99.999999-99.9-99.9-99.9-99.9-9.9 99-9.9-99-99.9 -99-99.9-9.9-9.9
5281120120522-99.9-99.9-99.999999-99.9-99.9-99.9-99.9-9.9 99-9.9-99-99.9 -99-99.9-9.9-9.9
5281120120523-99.9-99.9-99.999999-99.9-99.9-99.9-99.9-9.9 99-9.9-99-99.9 -99-99.9-9.9-9.9
5281120120524-99.9-99.9-99.999999-99.9-99.9-99.9-99.9-9.9 99-9.9-99-99.9 -99-99.9-9.9-9.9
5281120120525-99.9-99.9  0.009999-99.9-99.9-99.9-99.9-9.9 99-9.9-99-99.9 -99-99.9-9.9-9.9
5281120120526-99.9-99.9-99.999999-99.9-99.9-99.9-99.9-9.9 99-9.9-99-99.9 -99-99.9-9.9-9.9
5281120120527-99.9-99.9-99.999999-99.9-99.9-99.9-99.9-9.9 99-9.9-99-99.9 -99-99.9-9.9-9.9
5281120120528-99.9-99.9-99.999999-99.9-99.9-99.9-99.9-9.9 99-9.9-99-99.9 -99-99.9-9.9-9.9
5281120120529-99.9-99.9  0.009999-99.9-99.9-99.9-99.9-9.9 99-9.9-99-99.9 -99-99.9-9.9-9.9
5281120120530-99.9-99.9  0.009999-99.9-99.9-99.9-99.9-9.9 99-9.9-99-99.9 -99-99.9-9.9-9.9
5281120120531-99.9-99.9-99.999999-99.9-99.9-99.9-99.9-9.9 99-9.9-99-99.9 -99-99.9-9.9-9.9
5281120130529-99.9-99.9-99.999999-99.9-99.9-99.9-99.9-9.9 99-9.9-99-99.9 -99-99.9-9.9-9.9
5281120130530 27.3  3.3  0.009999-99.9-99.9-99.9-99.9-9.9 99 7.0 39  1.9 -99-99.9-9.9-9.9
5281120130531 25.4 12.7  0.009999-99.9-99.9-99.9-99.9-9.9 99 8.3 43  4.2 -99-99.9-9.9-9.9
5281120130601 29.2  4.5  0.009999-99.9-99.9-99.9-99.9-9.9 9910.2 55  7.2 -99-99.9-9.9-9.9
5281120130602 27.2  5.4  0.009999-99.9-99.9-99.9-99.9-9.9 99 8.6 53  4.5 -99-99.9-9.9-9.9
5281120130603 26.5  2.5  0.009999-99.9-99.9-99.9-99.9-9.9 99 8.8 50  4.9 -99-99.9-9.9-9.9
5281120130604 29.4  8.3  0.009999-99.9-99.9-99.9-99.9-9.9 99 9.7 45  6.4 -99-99.9-9.9-9.9
5281120130605 31.9 12.0  0.009999-99.9-99.9-99.9-99.9-9.9 9912.2 54  9.7 -99-99.9-9.9-9.9
5281120130606 22.4  5.1  0.009999-99.9-99.9-99.9-99.9-9.9 99 7.1 47  2.0 -99-99.9-9.9-9.9
5281120130607 30.3  8.0  0.009999-99.9-99.9-99.9-99.9-9.9 9912.4 57  9.7 -99-99.9-9.9-9.9
5281120130608 23.7 15.3  0.009999-99.9-99.9-99.9-99.9-9.9 9915.1 67 13.0 -99-99.9-9.9-9.9
5281120130609 28.0 16.7  0.009999-99.9-99.9-99.9-99.9-9.9 9919.5 77 17.1 -99-99.9-9.9-9.9
5281120130610 27.0 16.5  0.009999-99.9-99.9-99.9-99.9-9.9 9918.5 77 16.2 -99-99.9-9.9-9.9
5281120130611 29.8 15.3  0.009999-99.9-99.9-99.9-99.9-9.9 9918.7 72 16.5 -99-99.9-9.9-9.9
5281120130612 30.7 15.6  0.009999-99.9-99.9-99.9-99.9-9.9 9919.1 69 16.7 -99-99.9-9.9-9.9
5281120130613 31.5 17.5  0.009999-99.9-99.9-99.9-99.9-9.9 9920.6 71 17.9 -99-99.9-9.9-9.9
5281120130614 24.4 17.8  8.819999-99.9-99.9-99.9-99.9-9.9 9921.1100 18.4 -99-99.9-9.9-9.9
5281120130615 19.3 14.9  0.009999-99.9-99.9-99.9-99.9-9.9 9917.7 98 15.6 -99-99.9-9.9-9.9
5281120130616 17.8 11.8  2.019999-99.9-99.9-99.9-99.9-9.9 9916.0100 13.9 -99-99.9-9.9-9.9
5281120130617 15.1  9.2  0.009999-99.9-99.9-99.9-99.9-9.9 9913.5 95 11.3 -99-99.9-9.9-9.9
5281120130618 19.9 11.4  0.009999-99.9-99.9-99.9-99.9-9.9 9915.7 88 13.7 -99-99.9-9.9-9.9
5281120130619 15.1  7.7  0.009999-99.9-99.9-99.9-99.9-9.9 99 7.4 52  2.2 -99-99.9-9.9-9.9
5281120130620 11.8  5.3  0.009999-99.9-99.9-99.9-99.9-9.9 99 7.8 73  3.4 -99-99.9-9.9-9.9
5281120130621 19.4 -0.1  0.009999-99.9-99.9-99.9-99.9-9.9 99 7.1 62  2.0 -99-99.9-9.9-9.9
5281120130622 23.5  4.7  0.009999-99.9-99.9-99.9-99.9-9.9 99 9.6 63  6.2 -99-99.9-9.9-9.9
5281120130623 18.3  4.2  0.009999-99.9-99.9-99.9-99.9-9.9 9910.5 87  7.5 -99-99.9-9.9-9.9
5281120130624 19.8  2.0  0.009999-99.9-99.9-99.9-99.9-9.9 99 9.6 76  6.2 -99-99.9-9.9-9.9
5281120130625 20.5 -0.2  0.009999-99.9-99.9-99.9-99.9-9.9 99 8.8 73  5.0 -99-99.9-9.9-9.9
5281120130626 21.5  2.7  0.009999-99.9-99.9-99.9-99.9-9.9 99 9.4 68  6.1 -99-99.9-9.9-9.9
5281120130627 22.5  6.2  0.009999-99.9-99.9-99.9-99.9-9.9 9911.1 73  8.5 -99-99.9-9.9-9.9
5281120130628 24.6  8.0  0.009999-99.9-99.9-99.9-99.9-9.9 9913.9 86 11.7 -99-99.9-9.9-9.9
5281120130629 23.1  7.6  0.009999-99.9-99.9-99.9-99.9-9.9 9912.8 78 10.6 -99-99.9-9.9-9.9
5281120130630 23.4  3.6  0.009999-99.9-99.9-99.9-99.9-9.9 99 9.6 67  6.3 -99-99.9-9.9-9.9
5281120130701 24.1  2.9  0.009999-99.9-99.9-99.9-99.9-9.9 99 7.3 45  2.3 -99-99.9-9.9-9.9
5281120130702 25.4  5.2  0.009999-99.9-99.9-99.9-99.9-9.9 99 8.1 49  3.8 -99-99.9-9.9-9.9
5281120130703 27.8 12.1  0.009999-99.9-99.9-99.9-99.9-9.9 9916.2 73 14.1 -99-99.9-9.9-9.9
5281120130704 24.4 16.3  0.009999-99.9-99.9-99.9-99.9-9.9 9919.4 90 17.0 -99-99.9-9.9-9.9
5281120130705 25.2 14.1  0.009999-99.9-99.9-99.9-99.9-9.9 9918.9 90 16.5 -99-99.9-9.9-9.9
5281120130706 18.8 12.4  0.009999-99.9-99.9-99.9-99.9-9.9 9915.2 95 13.1 -99-99.9-9.9-9.9
5281120130707 13.2  9.9  0.009999-99.9-99.9-99.9-99.9-9.9 9910.6 77  7.8 -99-99.9-9.9-9.9
5281120130708 15.2  8.9  0.009999-99.9-99.9-99.9-99.9-9.9 99 9.8 73  6.7 -99-99.9-9.9-9.9
5281120130709 18.7 10.9  0.009999-99.9-99.9-99.9-99.9-9.9 9913.4 78 11.2 -99-99.9-9.9-9.9
5281120130710 22.9 15.0-99.999999-99.9-99.9-99.9-99.9-9.9 9918.8 93 16.5 -99-99.9-9.9-9.9
5281120130711-99.9-99.9  0.009999-99.9-99.9-99.9-99.9-9.9 99-9.9 82-99.9 -99-99.9-9.9-9.9
5281120130712 16.4 12.4  0.009999-99.9-99.9-99.9-99.9-9.9 9915.3 99 13.3 -99-99.9-9.9-9.9
5281120130713-99.9-99.9-99.999999-99.9-99.9-99.9-99.9-9.9 99-9.9-99-99.9 -99-99.9-9.9-9.9
5281120130714-99.9-99.9-99.999999-99.9-99.9-99.9-99.9-9.9 99-9.9-99-99.9 -99-99.9-9.9-9.9
5281120130715-99.9-99.9  0.009999-99.9-99.9-99.9-99.9-9.9 99-9.9 63-99.9 -99-99.9-9.9-9.9
5281120130716 27.1  8.3  0.009999-99.9-99.9-99.9-99.9-9.9 9913.6 69 11.5 -99-99.9-9.9-9.9
5281120130717 29.2 12.0  0.009999-99.9-99.9-99.9-99.9-9.9 9916.7 72 14.6 -99-99.9-9.9-9.9
5281120130718 20.6  7.4  0.009999-99.9-99.9-99.9-99.9-9.9 9911.0 73  7.6 -99-99.9-9.9-9.9
5281120130719 13.7  5.9  0.009999-99.9-99.9-99.9-99.9-9.9 99 6.5 56  0.8 -99-99.9-9.9-9.9
5281120130720 16.9  6.1  0.009999-99.9-99.9-99.9-99.9-9.9 99 6.8 60  1.5 -99-99.9-9.9-9.9
5281120130721 12.4  2.8  0.009999-99.9-99.9-99.9-99.9-9.9 99 4.9 49 -3.1 -99-99.9-9.9-9.9
5281120130722 12.2 -5.6  0.009999-99.9-99.9-99.9-99.9-9.9 99 4.4 56 -4.5 -99-99.9-9.9-9.9
5281120130723 15.4 -6.3  0.009999-99.9-99.9-99.9-99.9-9.9 99 3.8 45 -6.4 -99-99.9-9.9-9.9
5281120130724 18.5 -4.5  0.009999-99.9-99.9-99.9-99.9-9.9 99 4.2 39 -5.1 -99-99.9-9.9-9.9
5281120130725 21.2  1.0  0.009999-99.9-99.9-99.9-99.9-9.9 99 4.9 38 -3.1 -99-99.9-9.9-9.9
5281120130726 22.9  4.8  0.009999-99.9-99.9-99.9-99.9-9.9 99 6.1 39  0.0 -99-99.9-9.9-9.9
5281120130727 24.9  6.6  0.009999-99.9-99.9-99.9-99.9-9.9 99 8.1 51  3.8 -99-99.9-9.9-9.9
5281120130728 28.7  3.7  0.009999-99.9-99.9-99.9-99.9-9.9 99 8.6 49  4.5 -99-99.9-9.9-9.9
5281120130729 32.0 12.7  0.009999-99.9-99.9-99.9-99.9-9.9 9914.6 59 12.5 -99-99.9-9.9-9.9
5281120130730 34.3 17.8  0.009999-99.9-99.9-99.9-99.9-9.9 9914.1 45 11.8 -99-99.9-9.9-9.9
5281120130731 28.0 15.2  0.009999-99.9-99.9-99.9-99.9-9.9 9913.6 63 11.5 -99-99.9-9.9-9.9
5281120130801 15.7 12.3  0.009999-99.9-99.9-99.9-99.9-9.9 9912.8 81 10.6 -99-99.9-9.9-9.9
5281120130802 20.4  9.0  0.009999-99.9-99.9-99.9-99.9-9.9 99 9.4 60  5.9 -99-99.9-9.9-9.9
5281120130803 19.6  4.1  0.009999-99.9-99.9-99.9-99.9-9.9 9910.4 79  7.5 -99-99.9-9.9-9.9
5281120130804 21.9  1.6  0.009999-99.9-99.9-99.9-99.9-9.9 99 9.4 66  5.9 -99-99.9-9.9-9.9
5281120130805 27.1  7.2  0.009999-99.9-99.9-99.9-99.9-9.9 9911.1 62  8.4 -99-99.9-9.9-9.9
5281120130806 27.9  7.5  0.009999-99.9-99.9-99.9-99.9-9.9 99 9.9 49  6.8 -99-99.9-9.9-9.9
5281120130807 36.6 15.3  0.009999-99.9-99.9-99.9-99.9-9.9 9914.1 48 11.7 -99-99.9-9.9-9.9
5281120130808 23.4 14.1  0.009999-99.9-99.9-99.9-99.9-9.9 99 6.0 31 -0.4 -99-99.9-9.9-9.9
5281120130809 15.7  8.5  0.009999-99.9-99.9-99.9-99.9-9.9 99 4.5 32 -4.3 -99-99.9-9.9-9.9
5281120130810 19.2 -4.2  0.009999-99.9-99.9-99.9-99.9-9.9 99 3.8 34 -6.4 -99-99.9-9.9-9.9
5281120130811 24.1  1.9  0.009999-99.9-99.9-99.9-99.9-9.9 99 5.1 37 -2.4 -99-99.9-9.9-9.9
5281120130812 24.4  2.0  0.009999-99.9-99.9-99.9-99.9-9.9 99 6.2 43  0.1 -99-99.9-9.9-9.9
5281120130813 17.2  6.6  0.009999-99.9-99.9-99.9-99.9-9.9 99 5.8 44 -1.3 -99-99.9-9.9-9.9
5281120130814 16.1 -6.7  0.009999-99.9-99.9-99.9-99.9-9.9 99 3.8 37 -6.6 -99-99.9-9.9-9.9
5281120130815 21.2  0.8  0.009999-99.9-99.9-99.9-99.9-9.9 99 4.1 32 -5.5 -99-99.9-9.9-9.9
5281120130816 22.6  1.3  0.009999-99.9-99.9-99.9-99.9-9.9 99 4.3 32 -4.7 -99-99.9-9.9-9.9
5281120130817 23.7 -1.6  0.009999-99.9-99.9-99.9-99.9-9.9 99 5.3 41 -1.9 -99-99.9-9.9-9.9
5281120130818 27.1  5.9  0.009999-99.9-99.9-99.9-99.9-9.9 99 8.2 45  4.1 -99-99.9-9.9-9.9
5281120130819 32.8 10.6  0.009999-99.9-99.9-99.9-99.9-9.9 9910.8 44  8.1 -99-99.9-9.9-9.9
5281120130820 36.6 17.0  0.009999-99.9-99.9-99.9-99.9-9.9 9914.4 49 12.3 -99-99.9-9.9-9.9
5281120130821 33.1 15.3  0.009999-99.9-99.9-99.9-99.9-9.9 9914.0 50 12.0 -99-99.9-9.9-9.9
5281120130822 21.6 10.1  0.009999-99.9-99.9-99.9-99.9-9.9 99 6.6 33 -0.6 -99-99.9-9.9-9.9
5281120130823 14.6  6.3  0.009999-99.9-99.9-99.9-99.9-9.9 99 3.6 29 -7.0 -99-99.9-9.9-9.9
5281120130824 13.7  7.8  0.009999-99.9-99.9-99.9-99.9-9.9 99 4.3 34 -4.7 -99-99.9-9.9-9.9
5281120130825 17.7  7.1  0.009999-99.9-99.9-99.9-99.9-9.9 99 4.5 32 -4.5 -99-99.9-9.9-9.9
5281120130826 16.9  0.5  0.009999-99.9-99.9-99.9-99.9-9.9 99 5.1 44 -2.6 -99-99.9-9.9-9.9
5281120130827 21.4 -0.3  0.009999-99.9-99.9-99.9-99.9-9.9 99 4.6 33 -3.7 -99-99.9-9.9-9.9
5281120130828 26.9  6.0  0.009999-99.9-99.9-99.9-99.9-9.9 99 5.1 27 -2.6 -99-99.9-9.9-9.9
5281120130829 30.2  7.9  0.009999-99.9-99.9-99.9-99.9-9.9 99 5.4 24 -1.7 -99-99.9-9.9-9.9
5281120130830 34.2  8.6  0.009999-99.9-99.9-99.9-99.9-9.9 99 5.9 24 -0.6 -99-99.9-9.9-9.9
5281120130831 36.3 11.3  0.009999-99.9-99.9-99.9-99.9-9.9 99 8.6 31  4.7 -99-99.9-9.9-9.9
5281120130901 35.6 10.6  0.009999-99.9-99.9-99.9-99.9-9.9 99 8.6 30  4.7 -99-99.9-9.9-9.9
5281120130902 33.6 11.5  0.009999-99.9-99.9-99.9-99.9-9.9 9910.9 38  8.1 -99-99.9-9.9-9.9
5281120130903 23.5 11.9  0.009999-99.9-99.9-99.9-99.9-9.9 99 8.5 44  4.4 -99-99.9-9.9-9.9
5281120130904 25.4  4.8  0.009999-99.9-99.9-99.9-99.9-9.9 99 6.3 33  0.3 -99-99.9-9.9-9.9
5281120130905 32.4 13.2  0.009999-99.9-99.9-99.9-99.9-9.9 9910.7 40  7.9 -99-99.9-9.9-9.9
5281120130906 37.9 15.8  0.009999-99.9-99.9-99.9-99.9-9.9 9913.7 39 11.6 -99-99.9-9.9-9.9
5281120130907 40.1 20.3  0.009999-99.9-99.9-99.9-99.9-9.9 9913.1 28 10.8 -99-99.9-9.9-9.9
5281120130908 35.6 18.2  0.009999-99.9-99.9-99.9-99.9-9.9 9912.5 39  9.8 -99-99.9-9.9-9.9
5281120130909 41.2 18.0  0.009999-99.9-99.9-99.9-99.9-9.9 9913.4 32 11.1 -99-99.9-9.9-9.9
5281120130910 41.3 22.5  0.009999-99.9-99.9-99.9-99.9-9.9 9914.2 28 12.0 -99-99.9-9.9-9.9
5281120130911 41.6 22.0  0.009999-99.9-99.9-99.9-99.9-9.9 9912.0 23  9.5 -99-99.9-9.9-9.9
5281120130912 32.0 17.8  0.009999-99.9-99.9-99.9-99.9-9.9 9913.2 50 11.0 -99-99.9-9.9-9.9
5281120130913 18.2 11.1-99.999999-99.9-99.9-99.9-99.9-9.9 9911.4 78  8.9 -99-99.9-9.9-9.9
5281120130916-99.9-99.9-99.999999-99.9-99.9-99.9-99.9-9.9 99 9.0 61  5.4 -99-99.9-9.9-9.9
5281120130917 17.7  3.4  0.009999-99.9-99.9-99.9-99.9-9.9 99 6.2 49  0.0 -99-99.9-9.9-9.9
5281120130918 22.5  5.5  0.009999-99.9-99.9-99.9-99.9-9.9 99 5.2 30 -2.4 -99-99.9-9.9-9.9
5281120130919-99.9-99.9-99.999999-99.9-99.9-99.9-99.9-9.9 99 5.5 27 -1.7 -99-99.9-9.9-9.9
5281120130920 31.7  8.5  0.009999-99.9-99.9-99.9-99.9-9.9 99 8.0 32  3.7 -99-99.9-9.9-9.9
5281120130921 26.4  9.9 10.019999-99.9-99.9-99.9-99.9-9.9 99 9.7 47  6.5 -99-99.9-9.9-9.9
5281120130922 17.0  8.0  0.519999-99.9-99.9-99.9-99.9-9.9 9910.6 81  7.7 -99-99.9-9.9-9.9
5281120130923 20.1  1.4  0.009999-99.9-99.9-99.9-99.9-9.9 99 7.8 63  3.2 -99-99.9-9.9-9.9
5281120130924 20.6  1.0  0.009999-99.9-99.9-99.9-99.9-9.9 99 7.2 52  2.1 -99-99.9-9.9-9.9
5281120130925 23.5  4.3  0.009999-99.9-99.9-99.9-99.9-9.9 99 7.7 46  3.0 -99-99.9-9.9-9.9
5281120130926 27.9  8.9  0.009999-99.9-99.9-99.9-99.9-9.9 99 9.4 41  5.9 -99-99.9-9.9-9.9
5281120130927 30.0 12.1  0.009999-99.9-99.9-99.9-99.9-9.9 9912.0 47  9.7 -99-99.9-9.9-9.9
5281120130928 22.4 11.3  0.009999-99.9-99.9-99.9-99.9-9.9 9911.9 60  9.2 -99-99.9-9.9-9.9
5281120130929 18.2 10.0  0.009999-99.9-99.9-99.9-99.9-9.9 99 6.7 42  1.2 -99-99.9-9.9-9.9
5281120130930 23.6 10.0  0.009999-99.9-99.9-99.9-99.9-9.9 99 8.1 44  3.9 -99-99.9-9.9-9.9
5281120131001 26.8  4.9  0.009999-99.9-99.9-99.9-99.9-9.9 99 8.4 40  4.4 -99-99.9-9.9-9.9
5281120131002 28.6  8.3  0.009999-99.9-99.9-99.9-99.9-9.9 99 8.9 37  5.2 -99-99.9-9.9-9.9
5281120131003 26.4 12.3  0.009999-99.9-99.9-99.9-99.9-9.9 9911.9 52  9.4 -99-99.9-9.9-9.9
5281120131004 25.3 10.7  0.009999-99.9-99.9-99.9-99.9-9.9 99 9.7 46  6.3 -99-99.9-9.9-9.9
5281120131005 29.9  6.5  0.009999-99.9-99.9-99.9-99.9-9.9 99 9.0 35  5.4 -99-99.9-9.9-9.9
5281120131006 30.0 11.4  0.009999-99.9-99.9-99.9-99.9-9.9 99 9.1 34  5.5 -99-99.9-9.9-9.9
5281120131007 32.1 11.9  0.009999-99.9-99.9-99.9-99.9-9.9 99 8.9 30  5.2 -99-99.9-9.9-9.9
5281120131008 37.0 13.6  0.009999-99.9-99.9-99.9-99.9-9.9 9910.7 29  7.8 -99-99.9-9.9-9.9
5281120131009 39.1 20.2  2.819999-99.9-99.9-99.9-99.9-9.9 9916.7 48 14.2 -99-99.9-9.9-9.9
5281120131010 30.7 17.5  0.009999-99.9-99.9-99.9-99.9-9.9 9920.8 73 18.1 -99-99.9-9.9-9.9
5281120131011 31.6 19.0  4.819999-99.9-99.9-99.9-99.9-9.9 9921.9 76 18.9 -99-99.9-9.9-9.9
5281120131012 28.0 17.1  0.009999-99.9-99.9-99.9-99.9-9.9 9921.3 85 18.5 -99-99.9-9.9-9.9
5281120131013 31.4 16.7  0.009999-99.9-99.9-99.9-99.9-9.9 9920.3 70 17.7 -99-99.9-9.9-9.9
5281120131014 32.4 16.4  0.009999-99.9-99.9-99.9-99.9-9.9 9919.8 55 17.3 -99-99.9-9.9-9.9
5281120131015 34.3 17.8  0.009999-99.9-99.9-99.9-99.9-9.9 9917.0 40 14.5 -99-99.9-9.9-9.9
5281120131016 35.0 17.6  0.009999-99.9-99.9-99.9-99.9-9.9 9913.6 34 11.2 -99-99.9-9.9-9.9
5281120131017 34.3 16.7  0.009999-99.9-99.9-99.9-99.9-9.9 9914.4 43 12.2 -99-99.9-9.9-9.9
5281120131018 37.8 12.9  0.009999-99.9-99.9-99.9-99.9-9.9 9910.8 25  7.9 -99-99.9-9.9-9.9
5281120131019 39.4 19.2  0.009999-99.9-99.9-99.9-99.9-9.9 9912.0 25  9.6 -99-99.9-9.9-9.9
5281120131020 42.0 23.0  0.009999-99.9-99.9-99.9-99.9-9.9 9914.8 31 12.7 -99-99.9-9.9-9.9
5281120131021 31.5 17.8  0.009999-99.9-99.9-99.9-99.9-9.9 99 9.7 27  6.0 -99-99.9-9.9-9.9
5281120131022 34.3 15.0  0.009999-99.9-99.9-99.9-99.9-9.9 9910.1 28  6.9 -99-99.9-9.9-9.9
5281120131023 41.0 21.1  0.009999-99.9-99.9-99.9-99.9-9.9 9916.7 41 14.5 -99-99.9-9.9-9.9
5281120131024 28.5 17.4  0.219999-99.9-99.9-99.9-99.9-9.9 9911.6 42  8.8 -99-99.9-9.9-9.9
5281120131025 23.1 15.8  0.219999-99.9-99.9-99.9-99.9-9.9 9916.2 72 13.9 -99-99.9-9.9-9.9
5281120131026 25.6 16.5  0.009999-99.9-99.9-99.9-99.9-9.9 9918.7 78 16.4 -99-99.9-9.9-9.9
5281120131027 33.9 11.6  0.009999-99.9-99.9-99.9-99.9-9.9 9912.1 37  9.0 -99-99.9-9.9-9.9
5281120131028 33.9 15.8  0.009999-99.9-99.9-99.9-99.9-9.9 9912.4 35 10.0 -99-99.9-9.9-9.9
5281120131029 37.7 18.3  0.009999-99.9-99.9-99.9-99.9-9.9 9915.8 35 13.8 -99-99.9-9.9-9.9
5281120131030 38.5 21.1 71.819999-99.9-99.9-99.9-99.9-9.9 9924.8 61 20.6 -99-99.9-9.9-9.9
5281120131031 30.7 22.6  0.009999-99.9-99.9-99.9-99.9-9.9 9928.2 77 23.0 -99-99.9-9.9-9.9
5281120131101 29.0 17.8 42.219999-99.9-99.9-99.9-99.9-9.9 9924.7 92 20.7 -99-99.9-9.9-9.9
5281120131102 27.1 17.7  0.009999-99.9-99.9-99.9-99.9-9.9 9916.2 61 13.8 -99-99.9-9.9-9.9
5281120131103 29.9 12.9  0.009999-99.9-99.9-99.9-99.9-9.9 9913.2 51 10.8 -99-99.9-9.9-9.9
5281120131104 31.4 11.1  0.009999-99.9-99.9-99.9-99.9-9.9 9912.3 42  9.9 -99-99.9-9.9-9.9
5281120131105 32.8 14.2  0.009999-99.9-99.9-99.9-99.9-9.9 9913.7 42 11.6 -99-99.9-9.9-9.9
5281120131106 36.2 16.9  0.009999-99.9-99.9-99.9-99.9-9.9 9916.2 41 13.9 -99-99.9-9.9-9.9
5281120131107 37.8 23.8  0.009999-99.9-99.9-99.9-99.9-9.9 9918.8 39 16.4 -99-99.9-9.9-9.9
5281120131108 39.2 20.8  0.519999-99.9-99.9-99.9-99.9-9.9 9923.1 61 19.7 -99-99.9-9.9-9.9
5281120131109 32.9 20.6  1.519999-99.9-99.9-99.9-99.9-9.9 9924.2 67 20.5 -99-99.9-9.9-9.9
5281120131110 25.6 18.7 14.819999-99.9-99.9-99.9-99.9-9.9 9924.4100 20.6 -99-99.9-9.9-9.9
5281120131111 26.9 15.6  0.009999-99.9-99.9-99.9-99.9-9.9 9917.2 79 15.0 -99-99.9-9.9-9.9
5281120131112 34.0 12.4  0.009999-99.9-99.9-99.9-99.9-9.9 9913.8 41 11.6 -99-99.9-9.9-9.9
5281120131113 35.0 17.9  0.009999-99.9-99.9-99.9-99.9-9.9 9915.0 37 12.9 -99-99.9-9.9-9.9
5281120131114 40.4 19.9  0.009999-99.9-99.9-99.9-99.9-9.9 9918.0 36 15.8 -99-99.9-9.9-9.9
5281120131115 32.4 19.1  0.819999-99.9-99.9-99.9-99.9-9.9 9912.4 35  9.1 -99-99.9-9.9-9.9
5281120131116 31.2 10.8  0.009999-99.9-99.9-99.9-99.9-9.9 9910.3 33  7.2 -99-99.9-9.9-9.9
5281120131117 33.3 13.4  0.009999-99.9-99.9-99.9-99.9-9.9 9911.7 34  9.1 -99-99.9-9.9-9.9
5281120131118 38.0 19.0  0.819999-99.9-99.9-99.9-99.9-9.9 9915.4 35 13.4 -99-99.9-9.9-9.9
5281120131119 31.4 19.5  0.009999-99.9-99.9-99.9-99.9-9.9 9921.2 67 18.2 -99-99.9-9.9-9.9
5281120131120 32.4 17.7  0.009999-99.9-99.9-99.9-99.9-9.9 9918.7 52 16.1 -99-99.9-9.9-9.9
5281120131121 34.7 16.8  0.009999-99.9-99.9-99.9-99.9-9.9 9916.3 42 14.0 -99-99.9-9.9-9.9
5281120131122 34.3 16.4  0.009999-99.9-99.9-99.9-99.9-9.9 9917.2 44 14.9 -99-99.9-9.9-9.9
5281120131123 35.3 18.7  0.009999-99.9-99.9-99.9-99.9-9.9 9918.6 45 16.2 -99-99.9-9.9-9.9
5281120131124 38.9 22.0  0.009999-99.9-99.9-99.9-99.9-9.9 9919.1 39 16.6 -99-99.9-9.9-9.9
5281120131125 33.7 20.8 36.219999-99.9-99.9-99.9-99.9-9.9 9924.0 74 20.4 -99-99.9-9.9-9.9
5281120131126 27.5 20.2  5.219999-99.9-99.9-99.9-99.9-9.9 9927.6 98 22.7 -99-99.9-9.9-9.9
5281120131127 24.6 19.4  0.009999-99.9-99.9-99.9-99.9-9.9 9922.9 89 19.6 -99-99.9-9.9-9.9
5281120131128 28.9 15.3  0.009999-99.9-99.9-99.9-99.9-9.9 9916.9 59 14.7 -99-99.9-9.9-9.9
5281120131129 30.5 15.6  0.009999-99.9-99.9-99.9-99.9-9.9 9917.5 54 15.3 -99-99.9-9.9-9.9
5281120131130 33.4 15.2  0.009999-99.9-99.9-99.9-99.9-9.9 9917.3 43 15.1 -99-99.9-9.9-9.9
5281120131201 35.8 22.0  0.009999-99.9-99.9-99.9-99.9-9.9 9925.3 60 21.2 -99-99.9-9.9-9.9
5281120131202 39.2 21.1 19.519999-99.9-99.9-99.9-99.9-9.9 9922.9 53 19.5 -99-99.9-9.9-9.9
5281120131203 32.3 19.9  0.009999-99.9-99.9-99.9-99.9-9.9 9921.5 64 18.5 -99-99.9-9.9-9.9
5281120131204 36.9 20.8  0.009999-99.9-99.9-99.9-99.9-9.9 9925.5 56 21.3 -99-99.9-9.9-9.9
5281120131205 38.3 25.2  0.009999-99.9-99.9-99.9-99.9-9.9 9925.1 49 20.4 -99-99.9-9.9-9.9
5281120131206 34.8 20.9  0.009999-99.9-99.9-99.9-99.9-9.9 9920.1 53 17.5 -99-99.9-9.9-9.9
5281120131207 37.6 21.8  0.009999-99.9-99.9-99.9-99.9-9.9 9921.6 48 18.6 -99-99.9-9.9-9.9
5281120131208 39.5 24.7 72.019999-99.9-99.9-99.9-99.9-9.9 9924.9 48 21.0 -99-99.9-9.9-9.9
5281120131209 32.9 20.3  0.009999-99.9-99.9-99.9-99.9-9.9 9925.7 86 21.5 -99-99.9-9.9-9.9
5281120131210 31.5 18.6  0.009999-99.9-99.9-99.9-99.9-9.9 9920.8 60 18.0 -99-99.9-9.9-9.9
5281120131211 33.0 16.4  0.009999-99.9-99.9-99.9-99.9-9.9 9917.9 51 15.7 -99-99.9-9.9-9.9
5281120131212 32.7 18.8  0.009999-99.9-99.9-99.9-99.9-9.9 9919.3 52 16.8 -99-99.9-9.9-9.9
5281120131213 35.5 19.7  0.009999-99.9-99.9-99.9-99.9-9.9 9919.4 45 17.0 -99-99.9-9.9-9.9
5281120131214 37.8 22.8  0.009999-99.9-99.9-99.9-99.9-9.9 9921.2 46 18.3 -99-99.9-9.9-9.9
5281120131215 36.4 22.4  0.009999-99.9-99.9-99.9-99.9-9.9 9923.7 48 20.1 -99-99.9-9.9-9.9
5281120131216 39.3 22.5  0.009999-99.9-99.9-99.9-99.9-9.9 9921.8 40 18.7 -99-99.9-9.9-9.9
5281120131217 38.9 23.5  0.009999-99.9-99.9-99.9-99.9-9.9 9920.1 33 17.2 -99-99.9-9.9-9.9
5281120131218 38.8 24.9  0.009999-99.9-99.9-99.9-99.9-9.9 9918.8 40 16.5 -99-99.9-9.9-9.9
5281120131219 39.0 23.9  0.009999-99.9-99.9-99.9-99.9-9.9 9916.6 30 14.4 -99-99.9-9.9-9.9
5281120131220 38.8 21.3  0.009999-99.9-99.9-99.9-99.9-9.9 9918.4 42 16.0 -99-99.9-9.9-9.9
5281120131221 39.4 21.5  0.009999-99.9-99.9-99.9-99.9-9.9 9920.9 37 18.0 -99-99.9-9.9-9.9
5281120131222 40.1 22.8  0.009999-99.9-99.9-99.9-99.9-9.9 9919.6 34 17.0 -99-99.9-9.9-9.9
5281120131223 41.1 24.3  0.009999-99.9-99.9-99.9-99.9-9.9 9919.3 32 16.8 -99-99.9-9.9-9.9
5281120131224 41.7 20.8  0.009999-99.9-99.9-99.9-99.9-9.9 9913.6 25 11.3 -99-99.9-9.9-9.9
5281120131225 45.2 23.6  0.009999-99.9-99.9-99.9-99.9-9.9 9915.9 27 13.8 -99-99.9-9.9-9.9
5281120131226 44.3 27.9  0.009999-99.9-99.9-99.9-99.9-9.9 9918.4 27 16.2 -99-99.9-9.9-9.9
5281120131227 43.3 24.5  0.009999-99.9-99.9-99.9-99.9-9.9 9923.6 46 20.1 -99-99.9-9.9-9.9
5281120131228 42.7 24.8  0.219999-99.9-99.9-99.9-99.9-9.9 9924.1 41 20.3 -99-99.9-9.9-9.9
5281120131229 36.3 20.9  3.819999-99.9-99.9-99.9-99.9-9.9 9926.2 89 21.8 -99-99.9-9.9-9.9
5281120131230 44.5 24.9  0.009999-99.9-99.9-99.9-99.9-9.9 9924.3 37 20.3 -99-99.9-9.9-9.9
5281120131231 36.7 24.4  0.819999-99.9-99.9-99.9-99.9-9.9 9926.0 67 21.7 -99-99.9-9.9-9.9
5281120140101 40.7 20.4  0.009999-99.9-99.9-99.9-99.9-9.9 9924.4 46 20.6 -99-99.9-9.9-9.9
5281120140102 39.7 19.4  4.819999-99.9-99.9-99.9-99.9-9.9 9925.5 69 21.3 -99-99.9-9.9-9.9
5281120140103 31.3 18.0  0.009999-99.9-99.9-99.9-99.9-9.9 9915.4 54 12.5 -99-99.9-9.9-9.9
5281120140104 36.6 12.9  0.009999-99.9-99.9-99.9-99.9-9.9 9911.7 27  9.1 -99-99.9-9.9-9.9
5281120140105 38.3 17.9  0.009999-99.9-99.9-99.9-99.9-9.9 9912.2 25  9.6 -99-99.9-9.9-9.9
5281120140106 39.3 23.9  0.009999-99.9-99.9-99.9-99.9-9.9 9921.4 46 18.4 -99-99.9-9.9-9.9
5281120140107 44.1 23.4  8.219999-99.9-99.9-99.9-99.9-9.9 9924.6 56 20.6 -99-99.9-9.9-9.9
5281120140108 37.5 22.7  0.009999-99.9-99.9-99.9-99.9-9.9 9927.4 69 22.5 -99-99.9-9.9-9.9
5281120140109 38.4 23.9  0.009999-99.9-99.9-99.9-99.9-9.9 9925.7 50 21.3 -99-99.9-9.9-9.9
5281120140110 42.3 22.9 25.819999-99.9-99.9-99.9-99.9-9.9 9927.8 58 22.6 -99-99.9-9.9-9.9
5281120140111 29.0 21.3  7.219999-99.9-99.9-99.9-99.9-9.9 9927.5 92 22.6 -99-99.9-9.9-9.9
5281120140112 30.7 15.8  0.009999-99.9-99.9-99.9-99.9-9.9 9917.2 58 14.9 -99-99.9-9.9-9.9
5281120140113 34.2 17.1  0.009999-99.9-99.9-99.9-99.9-9.9 9918.7 52 16.3 -99-99.9-9.9-9.9
5281120140114 37.4 19.4  0.009999-99.9-99.9-99.9-99.9-9.9 9919.6 42 17.0 -99-99.9-9.9-9.9
5281120140115 39.5 20.0  0.009999-99.9-99.9-99.9-99.9-9.9 9920.3 43 17.5 -99-99.9-9.9-9.9
5281120140116 39.4 22.5  0.009999-99.9-99.9-99.9-99.9-9.9 9920.3 39 17.6 -99-99.9-9.9-9.9
5281120140117 42.1 22.3  0.009999-99.9-99.9-99.9-99.9-9.9 9920.3 36 17.7 -99-99.9-9.9-9.9
5281120140118 43.2 25.6  0.009999-99.9-99.9-99.9-99.9-9.9 9921.4 38 18.4 -99-99.9-9.9-9.9
5281120140119 36.5 25.4  0.009999-99.9-99.9-99.9-99.9-9.9 9924.1 51 20.4 -99-99.9-9.9-9.9
5281120140120 40.6 25.2  0.009999-99.9-99.9-99.9-99.9-9.9 9924.2 42 20.3 -99-99.9-9.9-9.9
5281120140121 42.3 28.3  0.009999-99.9-99.9-99.9-99.9-9.9 9923.7 41 20.2 -99-99.9-9.9-9.9
5281120140122 41.8 27.2  0.009999-99.9-99.9-99.9-99.9-9.9 9925.2 42 21.2 -99-99.9-9.9-9.9
5281120140123 42.3 29.6  0.009999-99.9-99.9-99.9-99.9-9.9 9924.3 40 20.6 -99-99.9-9.9-9.9
5281120140124 36.0 15.4 17.519999-99.9-99.9-99.9-99.9-9.9 9920.3 95 17.6 -99-99.9-9.9-9.9
5281120140125 24.9 15.6  0.009999-99.9-99.9-99.9-99.9-9.9 9916.3 70 14.2 -99-99.9-9.9-9.9
5281120140126 29.9 16.2  5.519999-99.9-99.9-99.9-99.9-9.9 9919.8 72 17.0 -99-99.9-9.9-9.9
5281120140127 32.3 20.0  0.219999-99.9-99.9-99.9-99.9-9.9 9926.4 78 21.9 -99-99.9-9.9-9.9
5281120140128 34.6 22.5 65.519999-99.9-99.9-99.9-99.9-9.9 9927.5 82 22.6 -99-99.9-9.9-9.9
5281120140129 26.8 19.1  5.019999-99.9-99.9-99.9-99.9-9.9 9925.1100 21.1 -99-99.9-9.9-9.9
5281120140130 28.4 21.8  3.019999-99.9-99.9-99.9-99.9-9.9 9928.7100 23.3 -99-99.9-9.9-9.9
5281120140131 36.0 22.9  0.009999-99.9-99.9-99.9-99.9-9.9 9929.4 74 23.7 -99-99.9-9.9-9.9
5281120140201 37.3 24.3  0.009999-99.9-99.9-99.9-99.9-9.9 9927.0 53 22.3 -99-99.9-9.9-9.9
5281120140202 37.6 26.0  0.009999-99.9-99.9-99.9-99.9-9.9 9923.7 49 20.2 -99-99.9-9.9-9.9
5281120140203 35.8 22.7  0.009999-99.9-99.9-99.9-99.9-9.9 9926.1 61 21.7 -99-99.9-9.9-9.9
5281120140204 37.6 25.2  0.009999-99.9-99.9-99.9-99.9-9.9 9931.3 74 24.8 -99-99.9-9.9-9.9
5281120140205 37.6 23.8  0.009999-99.9-99.9-99.9-99.9-9.9 9926.1 50 21.7 -99-99.9-9.9-9.9
5281120140206 31.6 20.5  0.009999-99.9-99.9-99.9-99.9-9.9 9924.3 91 20.6 -99-99.9-9.9-9.9
5281120140207 37.9 20.4  0.009999-99.9-99.9-99.9-99.9-9.9 9924.7 65 20.9 -99-99.9-9.9-9.9
5281120140208 38.5 23.5  0.009999-99.9-99.9-99.9-99.9-9.9 9921.4 41 18.5 -99-99.9-9.9-9.9
5281120140209 37.2 24.7 12.819999-99.9-99.9-99.9-99.9-9.9 9923.8 57 20.2 -99-99.9-9.9-9.9
5281120140210 37.3 22.4  0.009999-99.9-99.9-99.9-99.9-9.9 9928.2 71 23.0 -99-99.9-9.9-9.9
5281120140211 38.6 23.8 11.019999-99.9-99.9-99.9-99.9-9.9 9928.0 72 22.9 -99-99.9-9.9-9.9
5281120140212 24.5 20.1 28.819999-99.9-99.9-99.9-99.9-9.9 9926.0100 21.7 -99-99.9-9.9-9.9
5281120140213 30.1 20.0  0.009999-99.9-99.9-99.9-99.9-9.9 9924.0 79 20.3 -99-99.9-9.9-9.9
5281120140214 26.6 17.6-99.999999-99.9-99.9-99.9-99.9-9.9 99-9.9-99-99.9 -99-99.9-9.9-9.9
5281120140306-99.9-99.9-99.999999-99.9-99.9-99.9-99.9-9.9 99-9.9-99-99.9 -99-99.9-9.9-9.9
5281120140307 30.3 15.7  0.009999-99.9-99.9-99.9-99.9-9.9 9920.5 83 17.8 -99-99.9-9.9-9.9
5281120140308 29.1 14.8  0.009999-99.9-99.9-99.9-99.9-9.9 9918.0 69 15.8 -99-99.9-9.9-9.9
5281120140309 31.7 16.0 18.019999-99.9-99.9-99.9-99.9-9.9 9919.3 72 16.8 -99-99.9-9.9-9.9
5281120140310 26.1 11.9  0.009999-99.9-99.9-99.9-99.9-9.9 9917.0 78 14.9 -99-99.9-9.9-9.9
5281120140311 27.1 12.0  0.009999-99.9-99.9-99.9-99.9-9.9 9917.4 80 15.3 -99-99.9-9.9-9.9
5281120140312 29.5 14.1  0.009999-99.9-99.9-99.9-99.9-9.9 9919.3 69 16.9 -99-99.9-9.9-9.9
5281120140313 32.7 18.7  4.019999-99.9-99.9-99.9-99.9-9.9 9923.8 69 20.2 -99-99.9-9.9-9.9
5281120140314 33.5 17.0 11.019999-99.9-99.9-99.9-99.9-9.9 9924.9 95 20.7 -99-99.9-9.9-9.9
5281120140315 27.1 12.2  0.009999-99.9-99.9-99.9-99.9-9.9 9919.1 87 16.6 -99-99.9-9.9-9.9
5281120140316 28.3 16.7  8.219999-99.9-99.9-99.9-99.9-9.9 9924.2 93 20.5 -99-99.9-9.9-9.9
5281120140317 29.3 18.3  0.009999-99.9-99.9-99.9-99.9-9.9 9922.7 81 19.4 -99-99.9-9.9-9.9
5281120140318 22.4 15.4 20.219999-99.9-99.9-99.9-99.9-9.9 9916.6 92 14.5 -99-99.9-9.9-9.9
5281120140319 16.9 13.2  0.219999-99.9-99.9-99.9-99.9-9.9 9917.2100 15.1 -99-99.9-9.9-9.9
5281120140320 25.2 12.0  0.009999-99.9-99.9-99.9-99.9-9.9 9917.7 88 15.5 -99-99.9-9.9-9.9
5281120140321 22.6 11.4  0.009999-99.9-99.9-99.9-99.9-9.9 9917.6 95 15.3 -99-99.9-9.9-9.9
5281120140322 22.3  7.3  0.009999-99.9-99.9-99.9-99.9-9.9 9911.3 72  8.7 -99-99.9-9.9-9.9
5281120140323 24.3  7.6  0.009999-99.9-99.9-99.9-99.9-9.9 9912.3 65 10.0 -99-99.9-9.9-9.9
5281120140324 27.0  9.0  0.009999-99.9-99.9-99.9-99.9-9.9 9914.8 78 12.7 -99-99.9-9.9-9.9
5281120140325 28.9  9.9  0.009999-99.9-99.9-99.9-99.9-9.9 9915.9 75 13.8 -99-99.9-9.9-9.9
5281120140326 29.3 12.9  0.009999-99.9-99.9-99.9-99.9-9.9 9918.8 82 16.4 -99-99.9-9.9-9.9
5281120140327 29.9 18.0  0.219999-99.9-99.9-99.9-99.9-9.9 9924.1 83 20.5 -99-99.9-9.9-9.9
5281120140328 30.5 17.5  1.219999-99.9-99.9-99.9-99.9-9.9 9924.4 84 20.6 -99-99.9-9.9-9.9
5281120140329 23.8 19.4 12.219999-99.9-99.9-99.9-99.9-9.9 9924.3 99 20.6 -99-99.9-9.9-9.9
5281120140330 29.1 18.8  0.009999-99.9-99.9-99.9-99.9-9.9 9924.0 86 20.4 -99-99.9-9.9-9.9
5281120140331 26.2 14.1  0.009999-99.9-99.9-99.9-99.9-9.9 9921.3 89 18.4 -99-99.9-9.9-9.9
5281120140401 27.8 17.6  0.009999-99.9-99.9-99.9-99.9-9.9 9923.5 92 20.1 -99-99.9-9.9-9.9
5281120140402 29.2 16.9  0.009999-99.9-99.9-99.9-99.9-9.9 9922.7 86 19.5 -99-99.9-9.9-9.9
5281120140403 30.7 18.0  1.019999-99.9-99.9-99.9-99.9-9.9 9925.0 85 21.0 -99-99.9-9.9-9.9
5281120140404 32.8 21.3  0.009999-99.9-99.9-99.9-99.9-9.9 9927.1 81 22.4 -99-99.9-9.9-9.9
5281120140405 33.4 22.2  0.009999-99.9-99.9-99.9-99.9-9.9 9927.6 79 22.7 -99-99.9-9.9-9.9
5281120140406 31.2 21.5 18.219999-99.9-99.9-99.9-99.9-9.9 9930.2 95 24.2 -99-99.9-9.9-9.9
5281120140407 33.7 21.5  0.009999-99.9-99.9-99.9-99.9-9.9 9929.2 84 23.6 -99-99.9-9.9-9.9
5281120140408 25.6 16.1  0.009999-99.9-99.9-99.9-99.9-9.9 9916.3 76 14.2 -99-99.9-9.9-9.9
5281120140409 26.5 13.9  0.009999-99.9-99.9-99.9-99.9-9.9 9916.1 71 14.0 -99-99.9-9.9-9.9
5281120140410 19.6 14.9 11.819999-99.9-99.9-99.9-99.9-9.9 9918.5 99 16.2 -99-99.9-9.9-9.9
5281120140411 15.3 12.6 26.819999-99.9-99.9-99.9-99.9-9.9 9915.5100 13.5 -99-99.9-9.9-9.9
5281120140412 18.8  9.0  0.219999-99.9-99.9-99.9-99.9-9.9 9911.2 74  8.3 -99-99.9-9.9-9.9
5281120140413 17.6  3.0  0.009999-99.9-99.9-99.9-99.9-9.9 99 8.9 78  5.2 -99-99.9-9.9-9.9
5281120140414 20.9  3.8  0.009999-99.9-99.9-99.9-99.9-9.9 9910.3 68  7.2 -99-99.9-9.9-9.9
5281120140415 24.0  7.6  0.009999-99.9-99.9-99.9-99.9-9.9 9912.5 71 10.2 -99-99.9-9.9-9.9
5281120140416 26.6 10.1  0.009999-99.9-99.9-99.9-99.9-9.9 9914.4 74 12.3 -99-99.9-9.9-9.9
5281120140417 25.5 10.4  0.009999-99.9-99.9-99.9-99.9-9.9 9915.8 78 13.7 -99-99.9-9.9-9.9
5281120140418 24.5  9.9  0.009999-99.9-99.9-99.9-99.9-9.9 9915.1 76 12.9 -99-99.9-9.9-9.9
5281120140419 25.7 14.6  0.009999-99.9-99.9-99.9-99.9-9.9 9917.9 84 15.7 -99-99.9-9.9-9.9
5281120140420 26.8 10.9  0.009999-99.9-99.9-99.9-99.9-9.9 9916.9 80 14.8 -99-99.9-9.9-9.9
5281120140421 25.2 13.9  3.019999-99.9-99.9-99.9-99.9-9.9 9919.2 88 16.8 -99-99.9-9.9-9.9
5281120140422 25.1 12.6  0.009999-99.9-99.9-99.9-99.9-9.9 9917.1 85 15.0 -99-99.9-9.9-9.9
5281120140423 25.7 11.8  0.009999-99.9-99.9-99.9-99.9-9.9 9915.8 79 13.8 -99-99.9-9.9-9.9
5281120140424 25.0 10.3  0.009999-99.9-99.9-99.9-99.9-9.9 9913.6 70 11.5 -99-99.9-9.9-9.9
5281120140425 24.0  7.7  0.009999-99.9-99.9-99.9-99.9-9.9 9912.6 68 10.4 -99-99.9-9.9-9.9
5281120140426 22.0  8.6  0.009999-99.9-99.9-99.9-99.9-9.9 9912.4 75 10.1 -99-99.9-9.9-9.9
5281120140427 23.2 11.1  0.009999-99.9-99.9-99.9-99.9-9.9 9916.0 85 13.9 -99-99.9-9.9-9.9
5281120140428 24.2 12.4  5.219999-99.9-99.9-99.9-99.9-9.9 9916.4 82 14.4 -99-99.9-9.9-9.9
5281120140429 17.9 15.5  7.019999-99.9-99.9-99.9-99.9-9.9 9918.6100 16.4 -99-99.9-9.9-9.9
5281120140430 19.9 10.6  0.009999-99.9-99.9-99.9-99.9-9.9 9916.9 94 14.7 -99-99.9-9.9-9.9
5281120140501 22.6  8.0  0.009999-99.9-99.9-99.9-99.9-9.9 9914.5 88 12.3 -99-99.9-9.9-9.9
5281120140502 24.8 10.5  0.009999-99.9-99.9-99.9-99.9-9.9 9916.9 81 14.8 -99-99.9-9.9-9.9
5281120140503 23.4 17.0  0.009999-99.9-99.9-99.9-99.9-9.9 9922.5 96 19.3 -99-99.9-9.9-9.9
5281120140504 21.5 18.0  0.009999-99.9-99.9-99.9-99.9-9.9 9922.2100 19.1 -99-99.9-9.9-9.9
5281120140505 25.3 17.5  0.009999-99.9-99.9-99.9-99.9-9.9 9921.6 89 18.7 -99-99.9-9.9-9.9
5281120140506 21.0 16.0  0.009999-99.9-99.9-99.9-99.9-9.9 9919.3 98 16.9 -99-99.9-9.9-9.9
5281120140507 26.3 13.1  0.009999-99.9-99.9-99.9-99.9-9.9 9920.1 88 17.4 -99-99.9-9.9-9.9
5281120140508 25.6 16.1  0.009999-99.9-99.9-99.9-99.9-9.9 9919.7 88 17.2 -99-99.9-9.9-9.9
5281120140509 22.9  9.6  0.009999-99.9-99.9-99.9-99.9-9.9 9913.4 77 11.2 -99-99.9-9.9-9.9
5281120140510 17.4  9.2  0.009999-99.9-99.9-99.9-99.9-9.9 9913.4 89 11.3 -99-99.9-9.9-9.9
5281120140511 15.6 11.4 13.219999-99.9-99.9-99.9-99.9-9.9 9915.5100 13.5 -99-99.9-9.9-9.9
5281120140512 15.6 12.3  1.219999-99.9-99.9-99.9-99.9-9.9 9916.0100 13.9 -99-99.9-9.9-9.9
5281120140513 18.3 14.3  0.009999-99.9-99.9-99.9-99.9-9.9 9918.4100 16.1 -99-99.9-9.9-9.9
5281120140514 24.2 14.8  0.009999-99.9-99.9-99.9-99.9-9.9 9919.7 89 17.2 -99-99.9-9.9-9.9
5281120140515 26.7 13.8  0.009999-99.9-99.9-99.9-99.9-9.9 9920.5 87 17.8 -99-99.9-9.9-9.9
5281120140516 21.4 15.7 25.019999-99.9-99.9-99.9-99.9-9.9 9920.8100 18.0 -99-99.9-9.9-9.9
5281120140517 17.9 12.8  0.009999-99.9-99.9-99.9-99.9-9.9 9915.1 85 13.0 -99-99.9-9.9-9.9
5281120140518 16.1 10.5  0.219999-99.9-99.9-99.9-99.9-9.9 9914.4 95 12.2 -99-99.9-9.9-9.9
5281120140519 20.5 14.1  0.009999-99.9-99.9-99.9-99.9-9.9 9919.2 98 16.8 -99-99.9-9.9-9.9
5281120140520 27.2 16.6  9.819999-99.9-99.9-99.9-99.9-9.9 9919.6 84 17.1 -99-99.9-9.9-9.9
5281120140521 20.1 12.9  0.009999-99.9-99.9-99.9-99.9-9.9 9916.1 98 14.0 -99-99.9-9.9-9.9
5281120140522 12.9  7.2  0.009999-99.9-99.9-99.9-99.9-9.9 9910.0 83  6.9 -99-99.9-9.9-9.9
5281120140523 15.4  4.8  0.009999-99.9-99.9-99.9-99.9-9.9 99 9.5 85  6.2 -99-99.9-9.9-9.9
5281120140524 16.6  2.6  1.019999-99.9-99.9-99.9-99.9-9.9 99 9.0 73  5.4 -99-99.9-9.9-9.9
5281120140525 12.8  5.3  1.019999-99.9-99.9-99.9-99.9-9.9 9910.3 99  7.4 -99-99.9-9.9-9.9
5281120140526 19.2  1.3  0.009999-99.9-99.9-99.9-99.9-9.9 99 9.7 84  6.3 -99-99.9-9.9-9.9
5281120140527 20.4  3.1  0.009999-99.9-99.9-99.9-99.9-9.9 99 8.9 70  5.1 -99-99.9-9.9-9.9
5281120140528 20.3  4.8  0.009999-99.9-99.9-99.9-99.9-9.9 9910.5 78  7.6 -99-99.9-9.9-9.9
5281120140529 22.2  8.2  0.009999-99.9-99.9-99.9-99.9-9.9 9913.9 84 11.7 -99-99.9-9.9-9.9
5281120140530 23.1 12.4  0.009999-99.9-99.9-99.9-99.9-9.9 9916.6 88 14.6 -99-99.9-9.9-9.9
5281120140531 16.7  7.6  0.009999-99.9-99.9-99.9-99.9-9.9 9914.5 98 12.3 -99-99.9-9.9-9.9
5281120140601 20.9  2.0  0.009999-99.9-99.9-99.9-99.9-9.9 99 9.6 72  6.2 -99-99.9-9.9-9.9
5281120140602 20.5  5.3  0.009999-99.9-99.9-99.9-99.9-9.9 9910.1 73  7.1 -99-99.9-9.9-9.9
5281120140603 21.6  5.5  0.009999-99.9-99.9-99.9-99.9-9.9 9910.7 71  8.0 -99-99.9-9.9-9.9
5281120140604 21.8 12.9  0.009999-99.9-99.9-99.9-99.9-9.9 9915.4 92 13.3 -99-99.9-9.9-9.9
5281120140605 15.5  7.9  0.009999-99.9-99.9-99.9-99.9-9.9 9912.8 95 10.5 -99-99.9-9.9-9.9
5281120140606 15.5  4.0  0.009999-99.9-99.9-99.9-99.9-9.9 9911.5 90  8.9 -99-99.9-9.9-9.9
5281120140607 20.7  5.4  0.009999-99.9-99.9-99.9-99.9-9.9 9911.8 85  9.3 -99-99.9-9.9-9.9
5281120140608 19.0  2.7-99.999999-99.9-99.9-99.9-99.9-9.9 99 9.8 75  6.6 -99-99.9-9.9-9.9
5281120140625-99.9-99.9  0.009999-99.9-99.9-99.9-99.9-9.9 99-9.9 88-99.9 -99-99.9-9.9-9.9
5281120140626 14.4  8.3  0.009999-99.9-99.9-99.9-99.9-9.9 9911.4 89  8.9 -99-99.9-9.9-9.9
5281120140627 14.8  4.6  0.009999-99.9-99.9-99.9-99.9-9.9 99 8.7 69  4.8 -99-99.9-9.9-9.9
5281120140628 17.2  0.6  0.009999-99.9-99.9-99.9-99.9-9.9 99 6.7 67  1.2 -99-99.9-9.9-9.9
5281120140629 19.2 -3.4  0.009999-99.9-99.9-99.9-99.9-9.9 99 5.7 61 -1.0 -99-99.9-9.9-9.9
5281120140630 19.7 -1.3  0.009999-99.9-99.9-99.9-99.9-9.9 99 7.2 58  2.2 -99-99.9-9.9-9.9
5281120140701 19.8  2.7  0.009999-99.9-99.9-99.9-99.9-9.9 99 9.7 77  6.5 -99-99.9-9.9-9.9
5281120140702 18.8  7.0  0.009999-99.9-99.9-99.9-99.9-9.9 9912.3 84  9.9 -99-99.9-9.9-9.9
5281120140703 14.5  7.0  0.009999-99.9-99.9-99.9-99.9-9.9 9910.8 84  8.0 -99-99.9-9.9-9.9
5281120140704 16.7  6.4  0.519999-99.9-99.9-99.9-99.9-9.9 9911.7 88  9.1 -99-99.9-9.9-9.9
5281120140705 12.6  2.4  0.219999-99.9-99.9-99.9-99.9-9.9 9910.2 93  6.8 -99-99.9-9.9-9.9
5281120140706 15.8 -2.1  0.009999-99.9-99.9-99.9-99.9-9.9 99 5.5 70 -1.6 -99-99.9-9.9-9.9
5281120140707 18.9 -2.2  0.009999-99.9-99.9-99.9-99.9-9.9 99 5.6 55 -1.2 -99-99.9-9.9-9.9
5281120140708 17.9  1.4  0.009999-99.9-99.9-99.9-99.9-9.9 99 6.7 62  1.2 -99-99.9-9.9-9.9
5281120140709 19.2 -1.5  0.009999-99.9-99.9-99.9-99.9-9.9 99 7.3 67  2.4 -99-99.9-9.9-9.9
5281120140710-99.9-99.9-99.999999-99.9-99.9-99.9-99.9-9.9 99-9.9-99-99.9 -99-99.9-9.9-9.9
5281120140715-99.9-99.9-99.999999-99.9-99.9-99.9-99.9-9.9 99-9.9-99-99.9 -99-99.9-9.9-9.9
5281120140716 12.0  6.6  0.009999-99.9-99.9-99.9-99.9-9.9 9912.0 99  9.6 -99-99.9-9.9-9.9
5281120140717 16.9  5.9  0.009999-99.9-99.9-99.9-99.9-9.9 9910.6 76  7.2 -99-99.9-9.9-9.9
5281120140718 20.3 -2.0  0.009999-99.9-99.9-99.9-99.9-9.9 99 6.9 61  1.5 -99-99.9-9.9-9.9
5281120140719 21.7  1.4  0.009999-99.9-99.9-99.9-99.9-9.9 99 6.4 50  0.6 -99-99.9-9.9-9.9
5281120140720 20.3  2.2  0.009999-99.9-99.9-99.9-99.9-9.9 99 7.7 63  3.1 -99-99.9-9.9-9.9
5281120140721 24.3  6.7  0.009999-99.9-99.9-99.9-99.9-9.9 9913.0 79 10.6 -99-99.9-9.9-9.9
5281120140722 19.4 11.3-99.999999-99.9-99.9-99.9-99.9-9.9 9912.5 76 10.1 -99-99.9-9.9-9.9
5281120140723-99.9-99.9-99.999999-99.9-99.9-99.9-99.9-9.9 99-9.9-99-99.9 -99-99.9-9.9-9.9
5281120140724 13.2 -1.6  0.009999-99.9-99.9-99.9-99.9-9.9 99 4.1 48 -5.7 -99-99.9-9.9-9.9
5281120140725 15.2 -4.2  0.009999-99.9-99.9-99.9-99.9-9.9 99 3.8 41 -6.7 -99-99.9-9.9-9.9
5281120140726 16.9 -1.4-99.999999-99.9-99.9-99.9-99.9-9.9 99 5.1 52 -2.4 -99-99.9-9.9-9.9
5281120140727-99.9-99.9-99.999999-99.9-99.9-99.9-99.9-9.9 99-9.9-99-99.9 -99-99.9-9.9-9.9
5281120140729-99.9-99.9-99.999999-99.9-99.9-99.9-99.9-9.9 99-9.9-99-99.9 -99-99.9-9.9-9.9
5281120140730 23.2 11.0  0.009999-99.9-99.9-99.9-99.9-9.9 9915.6 88 13.6 -99-99.9-9.9-9.9
5281120140731 26.3 10.7  0.009999-99.9-99.9-99.9-99.9-9.9 9916.5 79 14.5 -99-99.9-9.9-9.9
5281120140801 26.7 12.8  0.009999-99.9-99.9-99.9-99.9-9.9 9917.4 84 15.2 -99-99.9-9.9-9.9
5281120140802 32.4 10.3  0.009999-99.9-99.9-99.9-99.9-9.9 9915.3 62 13.2 -99-99.9-9.9-9.9
5281120140803 23.5 13.6  0.009999-99.9-99.9-99.9-99.9-9.9 9917.9 93 15.5 -99-99.9-9.9-9.9
5281120140804 18.2  6.7  0.009999-99.9-99.9-99.9-99.9-9.9 99 7.1 50  2.0 -99-99.9-9.9-9.9
5281120140805 22.0  3.6  0.009999-99.9-99.9-99.9-99.9-9.9 99 6.3 46  0.1 -99-99.9-9.9-9.9
5281120140806 28.5  9.0  0.009999-99.9-99.9-99.9-99.9-9.9 9911.6 61  8.9 -99-99.9-9.9-9.9
5281120140807 18.9  9.2  0.009999-99.9-99.9-99.9-99.9-9.9 99 7.2 48  2.1 -99-99.9-9.9-9.9
5281120140808 18.3  1.1-99.999999-99.9-99.9-99.9-99.9-9.9 99 6.3 53  0.4 -99-99.9-9.9-9.9
5281120140809-99.9-99.9-99.999999-99.9-99.9-99.9-99.9-9.9 99-9.9-99-99.9 -99-99.9-9.9-9.9
5281120140821-99.9-99.9  0.009999-99.9-99.9-99.9-99.9-9.9 99-9.9-99-99.9 -99-99.9-9.9-9.9
5281120140822 35.0 18.1  0.009999-99.9-99.9-99.9-99.9-9.9 9915.8 45 13.8 -99-99.9-9.9-9.9
5281120140823 37.1 20.4  0.009999-99.9-99.9-99.9-99.9-9.9 9916.8 52 14.6 -99-99.9-9.9-9.9
5281120140824 23.4 11.8  0.009999-99.9-99.9-99.9-99.9-9.9 9911.2 61  8.6 -99-99.9-9.9-9.9
5281120140825 22.2  0.5  0.009999-99.9-99.9-99.9-99.9-9.9 99 7.3 50  2.3 -99-99.9-9.9-9.9
5281120140826 17.3 -1.7  0.009999-99.9-99.9-99.9-99.9-9.9 99 5.7 51 -1.0 -99-99.9-9.9-9.9
5281120140827 16.5 -3.0  0.009999-99.9-99.9-99.9-99.9-9.9 99 4.9 44 -3.1 -99-99.9-9.9-9.9
5281120140828 17.8 -0.7  0.009999-99.9-99.9-99.9-99.9-9.9 99 5.4 49 -1.7 -99-99.9-9.9-9.9
5281120140829 20.9  1.2  0.009999-99.9-99.9-99.9-99.9-9.9 99 6.1 46  0.0 -99-99.9-9.9-9.9
5281120140830 27.2  5.1-99.999999-99.9-99.9-99.9-99.9-9.9 99 9.2 51  5.5 -99-99.9-9.9-9.9
5281120140831-99.9-99.9-99.999999-99.9-99.9-99.9-99.9-9.9 99-9.9-99-99.9 -99-99.9-9.9-9.9
5281120140902-99.9-99.9  0.009999-99.9-99.9-99.9-99.9-9.9 99-9.9 69-99.9 -99-99.9-9.9-9.9
5281120140903 23.8 10.1  0.009999-99.9-99.9-99.9-99.9-9.9 9913.2 70 11.1 -99-99.9-9.9-9.9
5281120140904 18.6 13.0  0.009999-99.9-99.9-99.9-99.9-9.9 9915.9 92 13.9 -99-99.9-9.9-9.9
5281120140905 20.0 13.3  0.009999-99.9-99.9-99.9-99.9-9.9 9916.2 86 14.2 -99-99.9-9.9-9.9
5281120140906 15.3  3.7  0.009999-99.9-99.9-99.9-99.9-9.9 99 8.6 66  4.3 -99-99.9-9.9-9.9
5281120140907 13.7 -0.9  0.009999-99.9-99.9-99.9-99.9-9.9 99 5.4 58 -2.0 -99-99.9-9.9-9.9
5281120140908 16.0 -0.7  0.009999-99.9-99.9-99.9-99.9-9.9 99 7.6 72  2.9 -99-99.9-9.9-9.9
5281120140909 18.0 -2.2  0.009999-99.9-99.9-99.9-99.9-9.9 99 5.9 62 -2.4 -99-99.9-9.9-9.9
5281120140910  4.5 -5.1  0.009999-99.9-99.9-99.9-99.9-9.9 99 2.4 45-12.0 -99-99.9-9.9-9.9
5281120140911  6.1 -8.5  0.009999-99.9-99.9-99.9-99.9-9.9 99 2.3 44-12.9 -99-99.9-9.9-9.9
5281120140912-99.9-99.9-99.999999-99.9-99.9-99.9-99.9-9.9 99-9.9-99-99.9 -99-99.9-9.9-9.9
5281120140925-99.9-99.9 15.219999-99.9-99.9-99.9-99.9-9.9 99-9.9 60-99.9 -99-99.9-9.9-9.9
5281120140926  6.7 -8.6  0.009999-99.9-99.9-99.9-99.9-9.9 99 2.4 53-12.1 -99-99.9-9.9-9.9
5281120140927  5.7-12.7  0.009999-99.9-99.9-99.9-99.9-9.9 99 2.6 51-11.2 -99-99.9-9.9-9.9
5281120140928 10.7 -3.8  0.009999-99.9-99.9-99.9-99.9-9.9 99 5.1 65 -2.5 -99-99.9-9.9-9.9
5281120140929  9.2 -2.9  0.009999-99.9-99.9-99.9-99.9-9.9 99 5.0 62 -2.8 -99-99.9-9.9-9.9
5281120140930  6.3 -4.7  0.009999-99.9-99.9-99.9-99.9-9.9 99 3.9 65 -6.1 -99-99.9-9.9-9.9
5281120141001  7.8-10.3  0.009999-99.9-99.9-99.9-99.9-9.9 99 3.1 54 -9.2 -99-99.9-9.9-9.9
5281120141002  8.0 -5.8  0.009999-99.9-99.9-99.9-99.9-9.9 99 3.3 48 -8.2 -99-99.9-9.9-9.9
5281120141003  1.1 -5.5 38.819999-99.9-99.9-99.9-99.9-9.9 99 4.2 92 -5.3 -99-99.9-9.9-9.9
5281120141004 11.7 -3.8 34.519999-99.9-99.9-99.9-99.9-9.9 99 5.1 73 -2.5 -99-99.9-9.9-9.9
5281120141005 -2.0 -7.2  0.819999-99.9-99.9-99.9-99.9-9.9 99 3.9100 -6.0 -99-99.9-9.9-9.9
5281120141006  6.3-10.2  0.009999-99.9-99.9-99.9-99.9-9.9 99 3.5 65 -7.6 -99-99.9-9.9-9.9
5281120141007  6.6 -8.2  0.009999-99.9-99.9-99.9-99.9-9.9 99 3.8 69 -6.5 -99-99.9-9.9-9.9
5281120141008  9.2 -4.7  0.009999-99.9-99.9-99.9-99.9-9.9 99 4.5 68 -4.2 -99-99.9-9.9-9.9
5281120141009  5.7-13.3 12.519999-99.9-99.9-99.9-99.9-9.9 99 2.7 65-11.1 -99-99.9-9.9-9.9
5281120141010-99.9-99.9-99.999999-99.9-99.9-99.9-99.9-9.9 99-9.9-99-99.9 -99-99.9-9.9-9.9
5281120141105-99.9-99.9  0.009999-99.9-99.9-99.9-99.9-9.9 99-9.9 31-99.9 -99-99.9-9.9-9.9
5281120141106 36.0 14.0  0.009999-99.9-99.9-99.9-99.9-9.9 9911.9 40  7.4 -99-99.9-9.9-9.9
5281120141107 35.4 18.0  0.009999-99.9-99.9-99.9-99.9-9.9 9917.8 54 15.5 -99-99.9-9.9-9.9
5281120141108 36.7 14.9  0.009999-99.9-99.9-99.9-99.9-9.9 9915.1 36 12.9 -99-99.9-9.9-9.9
5281120141109 37.4 18.7  0.009999-99.9-99.9-99.9-99.9-9.9 9910.5 29  6.6 -99-99.9-9.9-9.9
5281120141110 38.8 20.2-99.999999-99.9-99.9-99.9-99.9-9.9 9914.8 32 12.8 -99-99.9-9.9-9.9
5281120141111-99.9-99.9-99.999999-99.9-99.9-99.9-99.9-9.9 99-9.9-99-99.9 -99-99.9-9.9-9.9
5281120141112-99.9-99.9-99.999999-99.9-99.9-99.9-99.9-9.9 99-9.9-99-99.9 -99-99.9-9.9-9.9
5281120141113 27.7 13.2  0.009999-99.9-99.9-99.9-99.9-9.9 9913.5 61 11.2 -99-99.9-9.9-9.9
5281120141114 32.4  8.2  0.009999-99.9-99.9-99.9-99.9-9.9 9911.5 39  9.0 -99-99.9-9.9-9.9
5281120141115 35.9 15.8  0.009999-99.9-99.9-99.9-99.9-9.9 9913.0 38 10.9 -99-99.9-9.9-9.9
5281120141116 35.7 15.1  0.009999-99.9-99.9-99.9-99.9-9.9 9913.1 35 11.0 -99-99.9-9.9-9.9
5281120141117 35.5 17.5  0.009999-99.9-99.9-99.9-99.9-9.9 9914.1 34 12.1 -99-99.9-9.9-9.9
5281120141118 36.6 19.2  0.009999-99.9-99.9-99.9-99.9-9.9 9916.3 38 14.2 -99-99.9-9.9-9.9
5281120141119 35.1 21.2  8.019999-99.9-99.9-99.9-99.9-9.9 9919.1 46 16.7 -99-99.9-9.9-9.9
5281120141120 28.0 18.8 46.219999-99.9-99.9-99.9-99.9-9.9 9921.7 78 18.8 -99-99.9-9.9-9.9
5281120141121 26.7 16.4  1.019999-99.9-99.9-99.9-99.9-9.9 9920.0 81 17.4 -99-99.9-9.9-9.9
5281120141122 31.8 13.2  0.009999-99.9-99.9-99.9-99.9-9.9 9917.9 56 15.7 -99-99.9-9.9-9.9
5281120141123 32.8 17.3  0.009999-99.9-99.9-99.9-99.9-9.9 9918.0 49 15.8 -99-99.9-9.9-9.9
5281120141124 33.4 21.3  5.019999-99.9-99.9-99.9-99.9-9.9 9925.0 79 20.8 -99-99.9-9.9-9.9
5281120141125 24.4 18.7  0.009999-99.9-99.9-99.9-99.9-9.9 9922.7 90 19.4 -99-99.9-9.9-9.9
5281120141126 31.4 18.7  0.009999-99.9-99.9-99.9-99.9-9.9 9919.6 57 17.0 -99-99.9-9.9-9.9
5281120141127 34.1 16.5  0.009999-99.9-99.9-99.9-99.9-9.9 9915.5 42 13.3 -99-99.9-9.9-9.9
5281120141128 35.3 17.1  0.009999-99.9-99.9-99.9-99.9-9.9 9917.3 42 15.2 -99-99.9-9.9-9.9
5281120141129 39.9 21.4 29.519999-99.9-99.9-99.9-99.9-9.9 9922.2 57 19.1 -99-99.9-9.9-9.9
5281120141130 21.6 13.9  0.009999-99.9-99.9-99.9-99.9-9.9 9917.0 93 15.0 -99-99.9-9.9-9.9
5281120141201 24.0 15.8  0.009999-99.9-99.9-99.9-99.9-9.9 9914.5 61 12.4 -99-99.9-9.9-9.9
5281120141202 29.5 12.7  0.009999-99.9-99.9-99.9-99.9-9.9 9913.6 54 11.3 -99-99.9-9.9-9.9
5281120141203 37.1 12.3  0.009999-99.9-99.9-99.9-99.9-9.9 9913.1 38 10.9 -99-99.9-9.9-9.9
5281120141204 34.0 18.0  0.009999-99.9-99.9-99.9-99.9-9.9 9915.3 40 13.3 -99-99.9-9.9-9.9
5281120141205 37.2 17.6  0.009999-99.9-99.9-99.9-99.9-9.9 9916.8 37 14.8 -99-99.9-9.9-9.9
5281120141206 40.2 21.2  0.009999-99.9-99.9-99.9-99.9-9.9 9920.7 42 18.0 -99-99.9-9.9-9.9
5281120141207 36.1 25.8 13.019999-99.9-99.9-99.9-99.9-9.9 9925.9 62 21.6 -99-99.9-9.9-9.9
5281120141208 32.9 20.4  0.009999-99.9-99.9-99.9-99.9-9.9 9926.6 83 22.1 -99-99.9-9.9-9.9
5281120141209 36.7 20.5 73.819999-99.9-99.9-99.9-99.9-9.9 9925.8 62 21.6 -99-99.9-9.9-9.9
5281120141210 30.4 18.8  6.819999-99.9-99.9-99.9-99.9-9.9 9924.5100 20.7 -99-99.9-9.9-9.9
5281120141211 30.3 19.1  3.019999-99.9-99.9-99.9-99.9-9.9 9926.2 88 21.8 -99-99.9-9.9-9.9
5281120141212 24.5 18.6  6.019999-99.9-99.9-99.9-99.9-9.9 9925.1100 21.1 -99-99.9-9.9-9.9
5281120141213 31.8 19.6  0.009999-99.9-99.9-99.9-99.9-9.9 9922.6 60 19.4 -99-99.9-9.9-9.9
5281120141214 32.5 20.0  0.009999-99.9-99.9-99.9-99.9-9.9 9920.8 57 18.1 -99-99.9-9.9-9.9
5281120141215 27.2 20.7-99.999999-99.9-99.9-99.9-99.9-9.9 99-9.9 48-99.9 -99-99.9-9.9-9.9
5281120141216 24.1 18.6  5.219999-99.9-99.9-99.9-99.9-9.9 99-9.9-99-99.9 -99-99.9-9.9-9.9
5281120141217 31.0 17.8  0.009999-99.9-99.9-99.9-99.9-9.9 99 2.0 16-99.9 -99-99.9-9.9-9.9
5281120141218 32.6 18.5  0.009999-99.9-99.9-99.9-99.9-9.9 99 4.3  9-99.9 -99-99.9-9.9-9.9
5281120141219 35.9 20.1  0.009999-99.9-99.9-99.9-99.9-9.9 99 1.6  6-99.9 -99-99.9-9.9-9.9
5281120141220 38.6 23.1 10.219999-99.9-99.9-99.9-99.9-9.9 99 1.7  5-99.9 -99-99.9-9.9-9.9
5281120141221 26.5 16.5  0.009999-99.9-99.9-99.9-99.9-9.9 99 0.2 17-99.9 -99-99.9-9.9-9.9
5281120141222 27.1 16.0  0.009999-99.9-99.9-99.9-99.9-9.9 99-9.9  0-99.9 -99-99.9-9.9-9.9
5281120141223 28.9 13.4  0.009999-99.9-99.9-99.9-99.9-9.9 99-9.9  0-99.9 -99-99.9-9.9-9.9
5281120141224 32.5 13.8  0.009999-99.9-99.9-99.9-99.9-9.9 99 0.0  0-99.9 -99-99.9-9.9-9.9
5281120141225 35.5 18.5  0.009999-99.9-99.9-99.9-99.9-9.9 99 2.4  6-99.9 -99-99.9-9.9-9.9
5281120141226 39.6 24.1-99.999999-99.9-99.9-99.9-99.9-9.9 99-9.9  8-99.9 -99-99.9-9.9-9.9
5281120141227 32.0 26.4-99.999999-99.9-99.9-99.9-99.9-9.9 99-9.9-99-99.9 -99-99.9-9.9-9.9
5281120141228 33.2 20.3 35.519999-99.9-99.9-99.9-99.9-9.9 9916.6 68  6.8 -99-99.9-9.9-9.9
5281120141229 33.1 19.8-99.999999-99.9-99.9-99.9-99.9-9.9 9926.3 73 21.8 -99-99.9-9.9-9.9
5281120141230 30.5 19.1-99.999999-99.9-99.9-99.9-99.9-9.9 99-9.9 77-99.9 -99-99.9-9.9-9.9
5281120141231 34.0 21.0  0.009999-99.9-99.9-99.9-99.9-9.9 9927.2 71 22.4 -99-99.9-9.9-9.9
5281120150101 30.3 21.3-99.999999-99.9-99.9-99.9-99.9-9.9 99-9.9 27-99.9 -99-99.9-9.9-9.9
5281120150102-99.9-99.9-99.999999-99.9-99.9-99.9-99.9-9.9 99-9.9-99-99.9 -99-99.9-9.9-9.9
5281120150103-99.9-99.9-99.999999-99.9-99.9-99.9-99.9-9.9 99-9.9-99-99.9 -99-99.9-9.9-9.9
5281120150104-99.9-99.9-99.999999-99.9-99.9-99.9-99.9-9.9 99-9.9-99-99.9 -99-99.9-9.9-9.9
5281120150105 35.5 31.7-99.999999-99.9-99.9-99.9-99.9-9.9 99-9.9 19-99.9 -99-99.9-9.9-9.9
5281120150106 39.4 26.6-99.999999-99.9-99.9-99.9-99.9-9.9 9926.4 47 21.8 -99-99.9-9.9-9.9
5281120150107 33.6 20.3-99.999999-99.9-99.9-99.9-99.9-9.9 99-9.9 67-99.9 -99-99.9-9.9-9.9
5281120150108 29.6 21.3  0.009999-99.9-99.9-99.9-99.9-9.9 9930.0 93 24.0 -99-99.9-9.9-9.9
5281120150109 38.4 23.2  0.009999-99.9-99.9-99.9-99.9-9.9 9932.1 77 25.2 -99-99.9-9.9-9.9
5281120150110 36.0 27.5 21.019999-99.9-99.9-99.9-99.9-9.9 9934.4 67 26.4 -99-99.9-9.9-9.9
5281120150111 30.2 19.4 19.219999-99.9-99.9-99.9-99.9-9.9 9925.4100 21.3 -99-99.9-9.9-9.9
5281120150112 34.2 20.0  0.009999-99.9-99.9-99.9-99.9-9.9 9928.8 82 23.3 -99-99.9-9.9-9.9
5281120150113 35.7 24.7 28.519999-99.9-99.9-99.9-99.9-9.9 9929.5 68 23.8 -99-99.9-9.9-9.9
5281120150114 35.2 21.2  0.009999-99.9-99.9-99.9-99.9-9.9 9920.9 60-99.9 -99-99.9-9.9-9.9
5281120150115 33.4 23.8  0.009999-99.9-99.9-99.9-99.9-9.9 9929.0 81 23.5 -99-99.9-9.9-9.9
5281120150116 26.3 21.3-99.999999-99.9-99.9-99.9-99.9-9.9 99-9.9-99-99.9 -99-99.9-9.9-9.9
5281120150117-99.9-99.9-99.999999-99.9-99.9-99.9-99.9-9.9 99-9.9-99-99.9 -99-99.9-9.9-9.9
5281120150118-99.9-99.9-99.999999-99.9-99.9-99.9-99.9-9.9 99-9.9-99-99.9 -99-99.9-9.9-9.9
5281120150119-99.9-99.9-99.999999-99.9-99.9-99.9-99.9-9.9 99-9.9-99-99.9 -99-99.9-9.9-9.9
5281120150120 22.2 21.3-99.999999-99.9-99.9-99.9-99.9-9.9 99-9.9-99-99.9 -99-99.9-9.9-9.9
5281120150121 21.3 19.1-99.999999-99.9-99.9-99.9-99.9-9.9 99-9.9-99-99.9 -99-99.9-9.9-9.9
5281120150122-99.9-99.9-99.999999-99.9-99.9-99.9-99.9-9.9 99-9.9-99-99.9 -99-99.9-9.9-9.9
5281120150123-99.9-99.9-99.999999-99.9-99.9-99.9-99.9-9.9 99-9.9-99-99.9 -99-99.9-9.9-9.9
5281120150124-99.9-99.9-99.999999-99.9-99.9-99.9-99.9-9.9 99-9.9-99-99.9 -99-99.9-9.9-9.9
5281120150125-99.9-99.9-99.999999-99.9-99.9-99.9-99.9-9.9 99-9.9-99-99.9 -99-99.9-9.9-9.9
5281120150126-99.9-99.9-99.999999-99.9-99.9-99.9-99.9-9.9 99-9.9-99-99.9 -99-99.9-9.9-9.9
5281120150127-99.9-99.9-99.999999-99.9-99.9-99.9-99.9-9.9 99-9.9-99-99.9 -99-99.9-9.9-9.9
5281120150128-99.9-99.9-99.999999-99.9-99.9-99.9-99.9-9.9 99-9.9-99-99.9 -99-99.9-9.9-9.9
5281120150129-99.9-99.9-99.999999-99.9-99.9-99.9-99.9-9.9 99-9.9-99-99.9 -99-99.9-9.9-9.9
5281120150130-99.9-99.9-99.999999-99.9-99.9-99.9-99.9-9.9 99-9.9-99-99.9 -99-99.9-9.9-9.9
5281120150131-99.9-99.9-99.999999-99.9-99.9-99.9-99.9-9.9 99-9.9-99-99.9 -99-99.9-9.9-9.9
5281120150201-99.9-99.9-99.999999-99.9-99.9-99.9-99.9-9.9 99-9.9-99-99.9 -99-99.9-9.9-9.9
5281120150202 33.7 22.5-99.999999-99.9-99.9-99.9-99.9-9.9 99-9.9  3-99.9 -99-99.9-9.9-9.9
5281120150203 27.7 22.3-99.999999-99.9-99.9-99.9-99.9-9.9 99-9.9-99-99.9 -99-99.9-9.9-9.9
5281120150204-99.9-99.9-99.999999-99.9-99.9-99.9-99.9-9.9 99-9.9-99-99.9 -99-99.9-9.9-9.9
5281120150428-99.9-99.9  0.009999-99.9-99.9-99.9-99.9-9.9 99-9.9-99-99.9 -99-99.9-9.9-9.9
5281120150429 31.2 19.3  0.009999-99.9-99.9-99.9-99.9-9.9 99 0.6  2-99.9 -99-99.9-9.9-9.9
5281120150430 32.4 17.4  0.009999-99.9-99.9-99.9-99.9-9.9 99 0.4  1-99.9 -99-99.9-9.9-9.9
5281120150501 29.1 19.4  0.009999-99.9-99.9-99.9-99.9-9.9 99 2.7 31-99.9 -99-99.9-9.9-9.9
5281120150502 32.9 18.7  0.009999-99.9-99.9-99.9-99.9-9.9 99 3.2 16-99.9 -99-99.9-9.9-9.9
5281120150503 18.7  8.7  0.009999-99.9-99.9-99.9-99.9-9.9 99 1.8 12-16.4 -99-99.9-9.9-9.9
5281120150504 24.8  3.2  0.009999-99.9-99.9-99.9-99.9-9.9 99 1.3  7-99.9 -99-99.9-9.9-9.9
5281120150505 24.8  7.6  0.009999-99.9-99.9-99.9-99.9-9.9 99 2.0 10-15.8 -99-99.9-9.9-9.9
5281120150506 24.4  8.6  0.009999-99.9-99.9-99.9-99.9-9.9 99 1.8 10-17.0 -99-99.9-9.9-9.9
5281120150507 21.3  9.7  0.009999-99.9-99.9-99.9-99.9-9.9 99 1.4  9-19.2 -99-99.9-9.9-9.9
5281120150508 24.9  6.8  0.009999-99.9-99.9-99.9-99.9-9.9 99 2.1 11-15.6 -99-99.9-9.9-9.9
5281120150509 27.7 14.1  0.009999-99.9-99.9-99.9-99.9-9.9 99 3.9 16 -6.7 -99-99.9-9.9-9.9
5281120150510 21.8 16.4  0.219999-99.9-99.9-99.9-99.9-9.9 99 1.8  8-99.9 -99-99.9-9.9-9.9
5281120150511 25.5  8.4  0.009999-99.9-99.9-99.9-99.9-9.9 99 2.0 15-99.9 -99-99.9-9.9-9.9
5281120150512 24.7 10.0  0.009999-99.9-99.9-99.9-99.9-9.9 99 4.5 25 -5.8 -99-99.9-9.9-9.9
5281120150513 26.2 11.4  0.009999-99.9-99.9-99.9-99.9-9.9 99 5.7 27 -1.5 -99-99.9-9.9-9.9
5281120150514 27.9 10.2  0.009999-99.9-99.9-99.9-99.9-9.9 99 6.1 28 -0.8 -99-99.9-9.9-9.9
5281120150515 21.5 14.3  0.009999-99.9-99.9-99.9-99.9-9.9 99 6.3 31  0.3 -99-99.9-9.9-9.9
5281120150516 24.2 17.1  0.009999-99.9-99.9-99.9-99.9-9.9 99 7.2 31  2.1 -99-99.9-9.9-9.9
5281120150517 28.4 19.6  0.009999-99.9-99.9-99.9-99.9-9.9 99 8.9 33  5.1 -99-99.9-9.9-9.9
5281120150518 29.2 20.8  0.009999-99.9-99.9-99.9-99.9-9.9 99 9.7 33  6.2 -99-99.9-9.9-9.9
5281120150519 29.9 15.7  0.009999-99.9-99.9-99.9-99.9-9.9 99 8.9 31  4.8 -99-99.9-9.9-9.9
5281120150520 30.1 16.5  0.009999-99.9-99.9-99.9-99.9-9.9 99 8.8 32  4.7 -99-99.9-9.9-9.9
5281120150521 31.1 16.8  0.009999-99.9-99.9-99.9-99.9-9.9 99 8.7 30  4.7 -99-99.9-9.9-9.9
5281120150522 30.1 19.6  0.009999-99.9-99.9-99.9-99.9-9.9 99 9.7 33  6.2 -99-99.9-9.9-9.9
5281120150523 24.6 16.8  0.009999-99.9-99.9-99.9-99.9-9.9 99 7.7 32  3.1 -99-99.9-9.9-9.9
5281120150524 18.9 14.3  0.009999-99.9-99.9-99.9-99.9-9.9 99 5.5 30 -1.4 -99-99.9-9.9-9.9
5281120150525 19.8 15.4  0.009999-99.9-99.9-99.9-99.9-9.9 99 5.9 30 -0.6 -99-99.9-9.9-9.9
5281120150526 18.8 13.7  0.009999-99.9-99.9-99.9-99.9-9.9 99 5.5 30 -1.6 -99-99.9-9.9-9.9
5281120150527 21.8 12.1  0.009999-99.9-99.9-99.9-99.9-9.9 99 5.4 30 -2.0 -99-99.9-9.9-9.9
5281120150528 23.8  8.3  0.009999-99.9-99.9-99.9-99.9-9.9 99 5.4 30 -2.4 -99-99.9-9.9-9.9
5281120150529 22.9 12.1  0.009999-99.9-99.9-99.9-99.9-9.9 99 5.7 30 -1.3 -99-99.9-9.9-9.9
5281120150530 25.7  9.8  0.009999-99.9-99.9-99.9-99.9-9.9 99 5.5 28 -1.9 -99-99.9-9.9-9.9
5281120150531 26.1  8.9  0.009999-99.9-99.9-99.9-99.9-9.9 99 5.4 26 -2.0 -99-99.9-9.9-9.9
5281120150601 23.8  7.7  0.009999-99.9-99.9-99.9-99.9-9.9 99 5.3 29 -2.7 -99-99.9-9.9-9.9
5281120150602 25.2 12.3  0.009999-99.9-99.9-99.9-99.9-9.9 99 6.3 30  0.0 -99-99.9-9.9-9.9
5281120150603 27.4 10.4  0.009999-99.9-99.9-99.9-99.9-9.9 99 6.4 30 -0.1 -99-99.9-9.9-9.9
5281120150604 26.9 14.7  0.009999-99.9-99.9-99.9-99.9-9.9 99 8.0 35  3.4 -99-99.9-9.9-9.9
5281120150605 31.7 20.4  0.009999-99.9-99.9-99.9-99.9-9.9 9910.6 32  7.5 -99-99.9-9.9-9.9
5281120150606 32.4 18.9  0.009999-99.9-99.9-99.9-99.9-9.9 99 9.9 30  6.4 -99-99.9-9.9-9.9
5281120150607 23.5 18.6  0.009999-99.9-99.9-99.9-99.9-9.9 99 7.3 30  2.5 -99-99.9-9.9-9.9
5281120150608 22.6 16.9  0.009999-99.9-99.9-99.9-99.9-9.9 99 6.5 30  0.7 -99-99.9-9.9-9.9
5281120150609 21.1 14.4  0.009999-99.9-99.9-99.9-99.9-9.9 99 6.3 30  0.3 -99-99.9-9.9-9.9
5281120150610 21.0 12.8  0.009999-99.9-99.9-99.9-99.9-9.9 99 5.2 29 -2.3 -99-99.9-9.9-9.9
5281120150611 20.7  7.7  0.009999-99.9-99.9-99.9-99.9-9.9 99 3.7 23 -7.1 -99-99.9-9.9-9.9
5281120150612 21.8  3.9  0.009999-99.9-99.9-99.9-99.9-9.9 99 3.5 23 -7.9 -99-99.9-9.9-9.9
5281120150613 23.2 10.8  0.009999-99.9-99.9-99.9-99.9-9.9 99 4.4 24 -4.6 -99-99.9-9.9-9.9
5281120150614 22.8  3.4  0.009999-99.9-99.9-99.9-99.9-9.9 99 3.4 23 -8.7 -99-99.9-9.9-9.9
5281120150615 23.8 -0.3  0.009999-99.9-99.9-99.9-99.9-9.9 99 3.1 23 -9.7 -99-99.9-9.9-9.9
5281120150616 23.6  5.3  0.009999-99.9-99.9-99.9-99.9-9.9 99 3.5 23 -7.8 -99-99.9-9.9-9.9
5281120150617 21.3  1.8  0.009999-99.9-99.9-99.9-99.9-9.9 99 3.9 25 -6.6 -99-99.9-9.9-9.9
5281120150618 16.0  4.4  0.009999-99.9-99.9-99.9-99.9-9.9 99 1.5 12-19.8 -99-99.9-9.9-9.9
5281120150619 17.6  0.1  0.009999-99.9-99.9-99.9-99.9-9.9 99 2.0 16-16.6 -99-99.9-9.9-9.9
5281120150620 22.0  3.0  0.009999-99.9-99.9-99.9-99.9-9.9 99 2.9 21-10.8 -99-99.9-9.9-9.9
5281120150621 21.6  0.1  0.009999-99.9-99.9-99.9-99.9-9.9 99 2.3 14-15.2 -99-99.9-9.9-9.9
5281120150622 17.3  8.6  0.009999-99.9-99.9-99.9-99.9-9.9 99 3.2 22 -8.6 -99-99.9-9.9-9.9
5281120150623 15.1  8.6  0.009999-99.9-99.9-99.9-99.9-9.9 99 2.6 20-11.4 -99-99.9-9.9-9.9
5281120150624 15.5  8.9  0.009999-99.9-99.9-99.9-99.9-9.9 99 3.3 23 -8.3 -99-99.9-9.9-9.9
5281120150625 22.4 13.3  0.009999-99.9-99.9-99.9-99.9-9.9 99 4.9 25 -3.1 -99-99.9-9.9-9.9
5281120150626 24.0 17.1  0.009999-99.9-99.9-99.9-99.9-9.9 99 6.0 26 -0.4 -99-99.9-9.9-9.9
5281120150627 27.8 16.5  0.009999-99.9-99.9-99.9-99.9-9.9 99 7.1 29  1.7 -99-99.9-9.9-9.9
5281120150628 25.5 13.3  0.009999-99.9-99.9-99.9-99.9-9.9 99 5.8 22 -1.4 -99-99.9-9.9-9.9
5281120150629 20.2 16.7  0.009999-99.9-99.9-99.9-99.9-9.9 99 3.6 17 -7.9 -99-99.9-9.9-9.9
5281120150630 23.5 14.8  0.009999-99.9-99.9-99.9-99.9-9.9 99 2.6 14-11.7 -99-99.9-9.9-9.9
5281120150701 23.4  7.9  0.009999-99.9-99.9-99.9-99.9-9.9 99 3.4 20 -9.6 -99-99.9-9.9-9.9
5281120150702 24.7 10.0  0.009999-99.9-99.9-99.9-99.9-9.9 99 5.2 28 -3.0 -99-99.9-9.9-9.9
5281120150703 16.9  4.5  0.009999-99.9-99.9-99.9-99.9-9.9 99 3.6 27 -7.7 -99-99.9-9.9-9.9
5281120150704 14.5 -2.8  0.009999-99.9-99.9-99.9-99.9-9.9 99 2.5 26-12.6 -99-99.9-9.9-9.9
5281120150705 18.9  1.7  0.009999-99.9-99.9-99.9-99.9-9.9 99 3.2 25 -9.1 -99-99.9-9.9-9.9
5281120150706 20.5  2.2  0.009999-99.9-99.9-99.9-99.9-9.9 99 3.9 26 -6.7 -99-99.9-9.9-9.9
5281120150707 19.8  5.0  0.009999-99.9-99.9-99.9-99.9-9.9 99 3.8 29 -6.8 -99-99.9-9.9-9.9
5281120150708 22.7  0.1  0.009999-99.9-99.9-99.9-99.9-9.9 99 4.4 30 -6.0 -99-99.9-9.9-9.9
5281120150709 24.9  6.9  0.009999-99.9-99.9-99.9-99.9-9.9 99 5.4 30 -2.4 -99-99.9-9.9-9.9
5281120150710 24.5 11.4  0.009999-99.9-99.9-99.9-99.9-9.9 99 6.9 34  1.2 -99-99.9-9.9-9.9
5281120150711 18.6 10.4  0.009999-99.9-99.9-99.9-99.9-9.9 99 5.7 35 -1.1 -99-99.9-9.9-9.9
5281120150712 26.5  9.0  0.009999-99.9-99.9-99.9-99.9-9.9 99 7.6 38  2.4 -99-99.9-9.9-9.9
5281120150713 18.6 10.7  0.009999-99.9-99.9-99.9-99.9-9.9 99 5.2 35 -2.3 -99-99.9-9.9-9.9
5281120150714 17.6  0.9  0.009999-99.9-99.9-99.9-99.9-9.9 99 3.2 27 -9.0 -99-99.9-9.9-9.9
5281120150715 19.7 -1.2  0.009999-99.9-99.9-99.9-99.9-9.9 99 3.0 26 -9.8 -99-99.9-9.9-9.9
5281120150716 21.1  1.7  0.009999-99.9-99.9-99.9-99.9-9.9 99 3.4 27 -8.1 -99-99.9-9.9-9.9
5281120150717 23.0 -1.5  0.009999-99.9-99.9-99.9-99.9-9.9 99 4.0 28 -6.7 -99-99.9-9.9-9.9
5281120150718 23.3  7.7  0.009999-99.9-99.9-99.9-99.9-9.9 99 6.6 38  0.2 -99-99.9-9.9-9.9
5281120150719 20.0 10.1  0.009999-99.9-99.9-99.9-99.9-9.9 99 6.1 35 -0.1 -99-99.9-9.9-9.9
5281120150720 17.5  6.8  0.009999-99.9-99.9-99.9-99.9-9.9 99 3.9 29 -6.2 -99-99.9-9.9-9.9
5281120150721 18.4 -3.3  0.009999-99.9-99.9-99.9-99.9-9.9 99 3.2 29 -9.4 -99-99.9-9.9-9.9
5281120150722 21.1  2.1  0.009999-99.9-99.9-99.9-99.9-9.9 99 3.5 27 -7.7 -99-99.9-9.9-9.9
5281120150723 21.5  0.4  0.009999-99.9-99.9-99.9-99.9-9.9 99 3.9 29 -6.2 -99-99.9-9.9-9.9
5281120150724 22.3 -0.8  0.009999-99.9-99.9-99.9-99.9-9.9 99 3.8 28 -7.0 -99-99.9-9.9-9.9
5281120150725 23.4  6.4  0.009999-99.9-99.9-99.9-99.9-9.9 99 4.6 30 -4.0 -99-99.9-9.9-9.9
5281120150726 24.1  6.0  0.009999-99.9-99.9-99.9-99.9-9.9 99 5.3 32 -2.3 -99-99.9-9.9-9.9
5281120150727 30.6  9.2  0.009999-99.9-99.9-99.9-99.9-9.9 99 8.0 34  3.1 -99-99.9-9.9-9.9
5281120150728 32.0 16.3  0.009999-99.9-99.9-99.9-99.9-9.9 9910.0 35  6.8 -99-99.9-9.9-9.9
5281120150729 25.1 17.9  0.009999-99.9-99.9-99.9-99.9-9.9 99 9.6 40  6.3 -99-99.9-9.9-9.9
5281120150730 30.3 15.1  0.009999-99.9-99.9-99.9-99.9-9.9 99 9.7 34  6.3 -99-99.9-9.9-9.9
5281120150731 26.3 13.3  0.009999-99.9-99.9-99.9-99.9-9.9 99 9.0 40  5.1 -99-99.9-9.9-9.9
5281120150801 26.4 10.3  0.009999-99.9-99.9-99.9-99.9-9.9 99 7.7 37  2.7 -99-99.9-9.9-9.9
5281120150802 33.1 10.5  0.009999-99.9-99.9-99.9-99.9-9.9 99 8.4 35  3.9 -99-99.9-9.9-9.9
5281120150803 24.6 13.5  0.009999-99.9-99.9-99.9-99.9-9.9 99 8.5 40  4.3 -99-99.9-9.9-9.9
5281120150804 21.6 13.0  0.009999-99.9-99.9-99.9-99.9-9.9 99 7.1 38  1.9 -99-99.9-9.9-9.9
5281120150805 28.1 13.2  0.009999-99.9-99.9-99.9-99.9-9.9 99 8.9 40  4.9 -99-99.9-9.9-9.9
5281120150806 35.4 12.6  0.009999-99.9-99.9-99.9-99.9-9.9 9910.5 35  7.0 -99-99.9-9.9-9.9
5281120150807 25.9 18.2  0.009999-99.9-99.9-99.9-99.9-9.9 99 9.9 40  6.8 -99-99.9-9.9-9.9
5281120150808 21.0 16.2  0.009999-99.9-99.9-99.9-99.9-9.9 99 8.6 42  4.7 -99-99.9-9.9-9.9
5281120150809 16.4 10.5  0.009999-99.9-99.9-99.9-99.9-9.9 99 6.4 40  0.5 -99-99.9-9.9-9.9
5281120150810 20.1  8.9  0.009999-99.9-99.9-99.9-99.9-9.9 99 6.4 40  0.4 -99-99.9-9.9-9.9
5281120150811 18.3 12.3  0.009999-99.9-99.9-99.9-99.9-9.9 99 6.9 41  1.6 -99-99.9-9.9-9.9
5281120150812 14.1 11.4  0.009999-99.9-99.9-99.9-99.9-9.9 99 5.6 40 -1.3 -99-99.9-9.9-9.9
5281120150813 12.7 10.0  0.009999-99.9-99.9-99.9-99.9-9.9 99 5.1 40 -2.5 -99-99.9-9.9-9.9
5281120150814 11.8  7.0  0.009999-99.9-99.9-99.9-99.9-9.9 99 4.5 39 -4.3 -99-99.9-9.9-9.9
5281120150815 19.0 -0.2  0.009999-99.9-99.9-99.9-99.9-9.9 99 4.8 36 -4.3 -99-99.9-9.9-9.9
5281120150816 14.0  5.8  0.009999-99.9-99.9-99.9-99.9-9.9 99 5.1 40 -2.8 -99-99.9-9.9-9.9
5281120150817 18.3  9.7  0.009999-99.9-99.9-99.9-99.9-9.9 99 5.9 41 -0.7 -99-99.9-9.9-9.9
5281120150818 22.8  6.4  0.009999-99.9-99.9-99.9-99.9-9.9 99 5.4 35 -1.8 -99-99.9-9.9-9.9
5281120150819 24.1  3.1  0.009999-99.9-99.9-99.9-99.9-9.9 99 5.8 36 -1.3 -99-99.9-9.9-9.9
5281120150820 23.2 10.9  0.009999-99.9-99.9-99.9-99.9-9.9 99 6.8 37  1.2 -99-99.9-9.9-9.9
5281120150821 26.0  6.8  0.009999-99.9-99.9-99.9-99.9-9.9 99 6.7 36  0.9 -99-99.9-9.9-9.9
5281120150822 26.2 13.4  0.009999-99.9-99.9-99.9-99.9-9.9 99 7.9 39  3.4 -99-99.9-9.9-9.9
5281120150823 22.7  7.2  0.009999-99.9-99.9-99.9-99.9-9.9 99 4.7 32 -3.6 -99-99.9-9.9-9.9
5281120150824 21.5  7.0  0.009999-99.9-99.9-99.9-99.9-9.9 99 5.3 34 -2.0 -99-99.9-9.9-9.9
5281120150825 26.2  7.5  0.009999-99.9-99.9-99.9-99.9-9.9 99 6.1 32 -0.4 -99-99.9-9.9-9.9
5281120150826 30.8 10.5  0.009999-99.9-99.9-99.9-99.9-9.9 99 8.0 35  3.5 -99-99.9-9.9-9.9
5281120150827 26.5  8.7  0.009999-99.9-99.9-99.9-99.9-9.9 99 6.1 31 -0.1 -99-99.9-9.9-9.9
5281120150828 31.8 10.5  0.009999-99.9-99.9-99.9-99.9-9.9 99 6.5 28  0.8 -99-99.9-9.9-9.9
5281120150829 35.8 14.6  0.009999-99.9-99.9-99.9-99.9-9.9 99 9.2 30  5.7 -99-99.9-9.9-9.9
5281120150830 37.3 15.5  0.009999-99.9-99.9-99.9-99.9-9.9 9910.3 31  7.4 -99-99.9-9.9-9.9
5281120150831 28.9 16.1  0.009999-99.9-99.9-99.9-99.9-9.9 9911.4 37  8.7 -99-99.9-9.9-9.9
5281120150901 23.0 11.5  0.009999-99.9-99.9-99.9-99.9-9.9 99 6.2 35 -0.1 -99-99.9-9.9-9.9
5281120150902 23.3  8.8  0.009999-99.9-99.9-99.9-99.9-9.9 99 6.6 36  0.9 -99-99.9-9.9-9.9
5281120150903 20.6 11.7  0.009999-99.9-99.9-99.9-99.9-9.9 99 6.2 35  0.1 -99-99.9-9.9-9.9
5281120150904 22.7  5.4  0.009999-99.9-99.9-99.9-99.9-9.9 99 5.2 32 -2.3 -99-99.9-9.9-9.9
5281120150905 23.7 11.7  0.009999-99.9-99.9-99.9-99.9-9.9 99 5.4 28 -1.6 -99-99.9-9.9-9.9
5281120150906 26.0  7.9  0.009999-99.9-99.9-99.9-99.9-9.9 99 5.4 29 -1.8 -99-99.9-9.9-9.9
5281120150907 29.4 12.1  0.009999-99.9-99.9-99.9-99.9-9.9 99 6.9 33  1.5 -99-99.9-9.9-9.9
5281120150908-99.9-99.9-99.999999-99.9-99.9-99.9-99.9-9.9 99-9.9-99-99.9 -99-99.9-9.9-9.9
5281120150909 32.0 13.6  0.219999-99.9-99.9-99.9-99.9 8.2 7012.6 54 10.3  15 12.017.1-9.9
5281120150910 18.2  9.0  0.219999-99.9-99.9-99.9-99.9 5.3 45 9.3 65  5.8  17 13.413.016.7
5281120150911 22.6 -0.1  0.009999-99.9-99.9-99.9-99.9 9.2 79 6.1 47 -0.2   4  3.418.8 8.2
5281120150912 26.4  5.9  0.009999-99.9-99.9-99.9-99.910.0 85 6.1 32  0.0   8  6.620.017.8
5281120150913 28.7  7.8  0.009999-99.9-99.9-99.9-99.9 9.6 81 6.5 31  0.8  10  8.419.622.8
5281120150914 30.7  8.9  0.009999-99.9-99.9-99.9-99.9 9.4 80 7.9 33  3.5  13 10.419.4-9.9
5281120150915 35.4 14.0  0.009999-99.9-99.9-99.9-99.9 9.2 7714.9 50 12.6   8  6.719.117.3
5281120150916 26.6 16.3  0.009999-99.9-99.9-99.9-99.9 6.9 5810.8 39  7.8  17 13.815.9-9.9
5281120150917 26.0 11.3  0.009999-99.9-99.9-99.9-99.9 5.5 46 9.8 49  6.7  10  7.813.917.6
5281120150918 26.7 10.4  0.009999-99.9-99.9-99.9-99.9 7.3 6112.8 54 10.4   7  6.016.711.3
5281120150919 26.6 13.8  0.009999-99.9-99.9-99.9-99.9 4.4 3716.0 69 14.0   4  3.612.4 7.0
5281120150920 27.6 15.0  0.009999-99.9-99.9-99.9-99.9 5.9 4918.1 72 15.9   6  5.114.7 7.5
5281120150921 27.0 18.0  0.009999-99.9-99.9-99.9-99.9 2.1 1720.7 78 18.0  10  7.9 9.0 7.8
5281120150922 22.7 16.3  1.019999-99.9-99.9-99.9-99.9-9.9 9917.6 92 15.5  16 13.0 2.3-9.9
5281120150923 16.7 13.7  0.009999-99.9-99.9-99.9-99.9-9.9 9915.3 91 13.3  13 10.7 1.9-9.9
5281120150924 19.5 13.0  0.009999-99.9-99.9-99.9-99.9 0.2  214.3 75 12.3  12  9.6 6.4 7.7
5281120150925 23.6 12.0  0.009999-99.9-99.9-99.9-99.9 3.4 2814.0 69 11.9   8  6.411.3 9.1
5281120150926 26.3  8.9  0.009999-99.9-99.9-99.9-99.9 9.7 8012.3 55 10.0   5  4.121.0 9.6
5281120150927 28.1  9.2  0.009999-99.9-99.9-99.9-99.9 9.0 7411.9 50  9.5   4  3.320.0 9.3
5281120150928 33.3 13.5  0.009999-99.9-99.9-99.9-99.9 9.2 7513.8 46 11.7  13 10.320.424.2
5281120150929 28.5 15.7  0.009999-99.9-99.9-99.9-99.9 5.3 4314.8 61 12.8   9  7.414.415.4
5281120150930 27.9 13.8  0.009999-99.9-99.9-99.9-99.9 5.7 4612.5 50 10.1   9  7.315.115.5
5281120151001 33.5 15.0 17.219999-99.9-99.9-99.9-99.9 8.0 6517.8 53 15.1  11  9.218.818.1
5281120151002 27.5 13.8  0.009999-99.9-99.9-99.9-99.9-9.9 9915.4 80 13.1  22 17.8 4.1-9.9
5281120151003 19.5 10.4  0.009999-99.9-99.9-99.9-99.9 6.6 5410.5 64  7.6   6  5.116.8 8.7
5281120151004 22.5 10.3  0.009999-99.9-99.9-99.9-99.9 6.1 4911.5 60  9.0   7  5.416.1 9.3
5281120151005 31.5 15.6  0.009999-99.9-99.9-99.9-99.9 8.4 6717.5 56 15.2  11  9.119.717.3
5281120151006 33.4 16.6  0.219999-99.9-99.9-99.9-99.9 7.8 6321.6 62 18.7   9  7.118.914.8
5281120151007 27.2 14.7  0.219999-99.9-99.9-99.9-99.9-9.9 9915.5 80 13.6  19 15.4 5.3-9.9
5281120151008 23.5 15.7  0.009999-99.9-99.9-99.9-99.9 2.2 1713.0 60 10.7  14 11.210.118.4
5281120151009 20.0 13.8  0.219999-99.9-99.9-99.9-99.9 1.9 1512.5 64 10.2  12  9.9 9.714.1
5281120151010 17.3 10.5  0.219999-99.9-99.9-99.9-99.9-9.9 9911.5 74  9.1  11  9.1 5.8-9.9
5281120151011 18.8 10.9  0.009999-99.9-99.9-99.9-99.9-9.9 9912.2 70  9.8   7  5.5 6.5-9.9
5281120151012 24.5  7.0  0.009999-99.9-99.9-99.9-99.9 8.5 6711.0 54  8.3   5  4.320.4 9.9
5281120151013 27.4 12.5  0.009999-99.9-99.9-99.9-99.9 7.1 5613.9 56 11.9  14 11.518.319.2
5281120151014 33.1 15.7  9.819999-99.9-99.9-99.9-99.9 9.4 7419.5 64 17.0  12  9.322.116.4
5281120151015 26.6 14.4  0.009999-99.9-99.9-99.9-99.910.6 8313.5 62 11.2  16 13.124.1-9.9
5281120151016 25.6  9.2  0.009999-99.9-99.9-99.9-99.9 9.3 7310.4 46  7.5   9  7.022.116.5
5281120151017 25.5 14.8  0.009999-99.9-99.9-99.9-99.9 8.7 6810.3 45  7.4   8  6.721.217.9
5281120151018 27.1 14.4  0.009999-99.9-99.9-99.9-99.9 7.3 5710.8 42  8.0  10  8.019.019.4
5281120151019 30.0 14.7  0.009999-99.9-99.9-99.9-99.9 3.9 3116.8 62 14.6  10  7.913.413.4
5281120151020 28.4 16.8  0.009999-99.9-99.9-99.9-99.910.3 8014.8 54 12.8  13 10.524.123.8
5281120151021 30.7 13.7  0.009999-99.9-99.9-99.9-99.9 9.5 7413.5 48 11.4   7  5.522.815.5
5281120151022 30.5 14.6  0.009999-99.9-99.9-99.9-99.910.0 7814.3 48 12.2   8  6.223.716.8
5281120151023 30.3 17.7  0.009999-99.9-99.9-99.9-99.9 9.0 6914.5 49 12.5   8  6.322.017.7
5281120151024 27.7 16.8  0.009999-99.9-99.9-99.9-99.9 6.0 4715.9 63 13.9  11  8.817.217.2
5281120151025 24.0 16.1 16.019999-99.9-99.9-99.9-99.9 0.3  217.4 73 15.2   9  7.1 7.6 8.5
5281120151026 22.3 17.5  2.019999-99.9-99.9-99.9-99.9-9.9 9922.1 98 19.1   8  6.2 2.2-9.9
5281120151027 31.2 19.9  0.009999-99.9-99.9-99.9-99.9 4.3 3323.3 73 19.9   5  3.914.4 7.2
5281120151028 34.3 20.1  0.009999-99.9-99.9-99.9-99.9 9.0 6822.8 59 19.6  10  7.922.317.6
5281120151029 33.1 17.8 63.019999-99.9-99.9-99.9-99.9 2.9 2222.4 80 19.3  17 13.312.217.3
5281120151030 26.4 17.8  0.009999-99.9-99.9-99.9-99.9 2.0 1621.5 88 18.6   6  4.510.7 4.4
5281120151031 24.7 18.1  0.219999-99.9-99.9-99.9-99.9 0.4  320.7 87 18.0   8  6.2 8.0 4.8
5281120151101 25.0 16.2  0.219999-99.9-99.9-99.9-99.9 1.7 1317.8 76 15.6   7  5.910.2 7.4
5281120151102 26.6 14.0  0.009999-99.9-99.9-99.9-99.910.1 7616.3 68 14.3   7  5.524.511.0
5281120151103 27.4 14.0  0.009999-99.9-99.9-99.9-99.9 6.7 5117.5 70 15.4   8  6.218.810.6
5281120151104 21.5 16.7  0.819999-99.9-99.9-99.9-99.9-9.9 9918.0 83 15.9  15 12.4 6.5-9.9
5281120151105 24.3 15.1  0.009999-99.9-99.9-99.9-99.9 1.1  917.2 83 15.1   9  7.1 9.4 7.1
5281120151106 28.0 10.1  0.009999-99.9-99.9-99.9-99.910.9 8215.3 62 13.3   5  3.726.010.2
5281120151107 30.0 14.4  0.009999-99.9-99.9-99.9-99.9 9.8 7415.2 50 13.2   9  7.424.318.3
5281120151108 33.1 16.8  0.009999-99.9-99.9-99.9-99.9 9.7 7317.1 51 14.9   9  6.924.118.7
5281120151109 36.5 18.3  0.519999-99.9-99.9-99.9-99.9 9.4 7022.6 59 19.3  11  9.223.721.8
5281120151110 27.4 19.6  0.519999-99.9-99.9-99.9-99.9 1.6 1221.8 82 18.9  18 14.510.315.5
5281120151111 31.8 21.6  0.009999-99.9-99.9-99.9-99.9 5.3 4024.2 72 20.5   9  7.616.712.2
5281120151112 33.6 23.2  0.009999-99.9-99.9-99.9-99.9 4.6 3426.4 72 22.0  10  8.315.613.1
5281120151113 29.9 17.5  0.009999-99.9-99.9-99.9-99.911.6 8616.6 56 14.6  13 10.527.5-9.9
5281120151114 30.9 15.9  0.009999-99.9-99.9-99.9-99.9 8.2 6116.9 53 14.8   8  6.221.815.1
5281120151115 33.5 17.0  0.009999-99.9-99.9-99.9-99.910.2 7618.6 53 16.3  10  7.925.320.3
5281120151116 33.9 18.0  9.019999-99.9-99.9-99.9-99.9 3.2 2423.3 74 19.8   6  4.913.2 9.3
5281120151117 33.5 19.5  2.819999-99.9-99.9-99.9-99.9 8.9 6622.3 58 19.2   8  6.723.115.9
5281120151118 34.2 19.9  1.219999-99.9-99.9-99.9-99.910.0 7422.1 56 19.1   8  6.725.117.2
5281120151119 27.4 17.4  4.019999-99.9-99.9-99.9-99.9 5.9 4417.4 74 14.9  15 12.418.019.8
5281120151120 24.9  8.4  0.009999-99.9-99.9-99.9-99.911.5 8411.5 54  8.9   7  5.627.713.7
5281120151121 28.8 12.4  0.009999-99.9-99.9-99.9-99.9 9.9 7313.6 48 11.4  11  8.825.019.9
5281120151122 31.0 14.4  0.009999-99.9-99.9-99.9-99.910.8 7916.4 51 14.4   8  6.626.617.2
5281120151123 31.6 18.1  0.009999-99.9-99.9-99.9-99.9 6.9 5117.5 50 15.4   7  5.319.814.2
5281120151124 30.9 18.7  0.009999-99.9-99.9-99.9-99.9 5.9 4317.3 54 15.2   8  6.118.114.9
5281120151125 33.8 18.4  4.519999-99.9-99.9-99.9-99.9 7.8 5719.5 55 17.1   9  7.121.417.5
5281120151126 28.3 21.5 56.019999-99.9-99.9-99.9-99.9 2.0 1426.0 87 21.6  10  8.311.3 8.5
5281120151127 26.2 20.2  0.009999-99.9-99.9-99.9-99.9 2.0 1522.9 82 19.5  14 10.911.411.7
5281120151128 30.0 16.6  0.009999-99.9-99.9-99.9-99.912.0 8716.3 56 14.2   7  5.728.816.3
5281120151129 29.7 15.1  0.009999-99.9-99.9-99.9-99.9 7.8 5715.2 58 13.2   6  4.821.513.5
5281120151130 30.8 15.0  0.009999-99.9-99.9-99.9-99.911.3 8213.1 42 10.9  10  7.827.623.9
5281120151201 31.3 15.2  0.009999-99.9-99.9-99.9-99.9 8.0 5815.9 51 13.8   8  6.221.816.2
5281120151202 31.1 18.1  0.009999-99.9-99.9-99.9-99.9 5.0 3623.0 67 19.7   7  5.616.6 9.5
5281120151203 34.4 21.8  0.009999-99.9-99.9-99.9-99.9 8.3 6025.3 68 21.3   5  3.822.411.0
5281120151204 35.2 22.1  3.519999-99.9-99.9-99.9-99.9 6.9 5025.0 67 21.0   6  4.419.911.9
5281120151205 27.5 19.0  3.519999-99.9-99.9-99.9-99.9 0.0  023.0 83 19.7   7  5.3 8.0 6.1
5281120151206 33.7 18.8  0.009999-99.9-99.9-99.9-99.910.2 7319.2 55 16.8   5  4.225.713.7
5281120151207 33.8 18.0  0.009999-99.9-99.9-99.9-99.9 9.8 7117.7 44 15.6  10  7.625.221.1
5281120151208 36.5 19.7 21.819999-99.9-99.9-99.9-99.9 5.5 4018.0 42 15.8  11  8.517.623.5
5281120151209 29.5 17.6  4.819999-99.9-99.9-99.9-99.9 0.7  520.8 88 18.1  10  7.6 9.2 9.8
5281120151210 32.6 14.1  0.009999-99.9-99.9-99.9-99.911.7 8418.0 56 15.7  10  7.728.517.9
5281120151211 36.4 18.8  0.009999-99.9-99.9-99.9-99.911.5 8320.5 52 17.9  10  7.728.221.5
5281120151212 39.4 22.9 26.819999-99.9-99.9-99.9-99.9 8.7 6325.7 63 21.5  10  7.723.319.2
5281120151213 31.5 20.1 35.519999-99.9-99.9-99.9-99.9 8.8 6324.6 77 20.8  10  7.723.413.1
5281120151214 30.6 18.7  2.019999-99.9-99.9-99.9-99.9 8.2 5923.8 75 20.3  10  7.722.413.2
5281120151215 31.9 17.8  0.009999-99.9-99.9-99.9-99.910.7 7723.4 69 20.0  10  7.726.715.7
5281120151216 33.0 20.5  0.009999-99.9-99.9-99.9-99.9 8.3 6025.1 66 21.1  10  7.722.615.5
5281120151217 39.5 25.7 14.019999-99.9-99.9-99.9-99.9 9.6 6928.6 65 23.2  10  7.724.918.7
5281120151218 28.0 19.9  0.009999-99.9-99.9-99.9-99.9 5.2 3720.7 73 17.7  10  7.717.113.4
5281120151219 28.1 16.4  0.009999-99.9-99.9-99.9-99.9 9.6 6913.5 52 11.4  10  7.724.820.3
5281120151220 30.9 14.8  0.009999-99.9-99.9-99.9-99.9 5.4 3921.4 65 18.4  10  7.717.510.8
5281120151221 33.3 23.1  0.009999-99.9-99.9-99.9-99.9 4.1 2927.2 75 22.5  10  7.715.212.0
5281120151222 39.4 24.8  0.009999-99.9-99.9-99.9-99.9 6.8 4928.6 67 23.3  10  7.720.018.6
5281120151223 37.5 22.4  0.009999-99.9-99.9-99.9-99.9 7.9 5726.3 73 21.8  12  9.421.916.1
5281120151224 31.5 19.3  0.009999-99.9-99.9-99.9-99.9 7.6 5522.2 70 19.2   9  6.921.412.9
5281120151225 35.0 20.5  0.009999-99.9-99.9-99.9-99.910.7 7724.0 62 20.4  12  9.526.820.4
5281120151226 34.9 23.6  0.009999-99.9-99.9-99.9-99.9 8.0 5726.8 65 22.2  12  9.822.119.7
5281120151227 39.2 24.9  2.019999-99.9-99.9-99.9-99.9 9.2 6629.0 60 23.5  13 10.224.223.4
5281120151228 31.4 22.4  3.519999-99.9-99.9-99.9-99.9-9.9 9930.1 95 24.1   9  7.1 4.3-9.9
5281120151229 34.7 23.3  0.219999-99.9-99.9-99.9-99.9 7.9 5728.9 76 23.5   8  6.121.912.4
5281120151230 37.1 22.6  5.019999-99.9-99.9-99.9-99.911.0 7927.4 58 22.6   8  6.427.317.9
5281120151231 32.4 21.2  0.009999-99.9-99.9-99.9-99.9 3.1 2226.3 77 21.8   8  6.313.410.7
5281120160101 35.9 21.2  0.009999-99.9-99.9-99.9-99.911.0 7926.1 64 21.8   8  6.327.316.3
5281120160102 37.8 23.8  0.009999-99.9-99.9-99.9-99.9 8.5 6128.1 59 22.9  12  9.623.021.7
5281120160103 37.8 23.6  0.819999-99.9-99.9-99.9-99.9 4.9 3530.5 70 24.4  15 12.216.618.4
5281120160104 34.0 22.0  0.009999-99.9-99.9-99.9-99.9 6.8 4926.5 67 22.0   9  6.919.914.2
5281120160105 35.1 21.1  0.009999-99.9-99.9-99.9-99.9 8.6 6225.3 65 21.2  13 10.723.120.3
5281120160106 34.9 22.9  0.009999-99.9-99.9-99.9-99.9 7.8 5726.1 65 21.8  11  8.921.717.9
5281120160107 34.3 21.1  0.009999-99.9-99.9-99.9-99.910.6 7721.1 52 18.2   9  7.426.620.3
5281120160108 33.7 20.0  0.009999-99.9-99.9-99.9-99.9 6.6 4819.3 60 16.9   8  6.219.516.0
5281120160109 35.9 20.7  0.009999-99.9-99.9-99.9-99.9 8.9 6421.2 50 18.4   8  6.223.518.3
5281120160110 37.7 19.3  0.009999-99.9-99.9-99.9-99.911.3 8222.5 53 19.4   7  5.427.817.6
5281120160111 38.0 21.0  0.009999-99.9-99.9-99.9-99.911.1 8022.6 49 19.4   8  6.727.421.2
5281120160112 40.2 22.9 34.819999-99.9-99.9-99.9-99.9 5.0 3628.5 78 23.2  14 11.316.619.4
5281120160113 28.8 21.6  1.519999-99.9-99.9-99.9-99.9 1.2  926.9 85 22.3  10  7.810.0 6.4
5281120160114 35.5 19.6  0.009999-99.9-99.9-99.9-99.910.5 7624.0 60 20.4   7  5.926.215.8
5281120160115 36.8 22.0  0.009999-99.9-99.9-99.9-99.911.0 8024.7 55 20.8   8  6.727.219.2
5281120160116 36.8 20.4  0.009999-99.9-99.9-99.9-99.911.9 8720.1 46 17.5  10  8.328.6-9.9
5281120160117 39.2 22.1  0.009999-99.9-99.9-99.9-99.910.5 7724.2 57 20.5  10  8.326.222.5
5281120160118 39.0 22.4  0.009999-99.9-99.9-99.9-99.911.0 8023.8 49 20.2   8  6.527.020.8
5281120160119 38.9 23.6  0.009999-99.9-99.9-99.9-99.911.5 8420.6 42 17.9  13 10.327.9-9.9
5281120160120 39.8 22.4  0.009999-99.9-99.9-99.9-99.912.0 8819.1 37 16.7  15 11.928.7-9.9
5281120160121 39.4 23.5  0.009999-99.9-99.9-99.9-99.911.2 8220.8 43 18.0  15 11.927.4-9.9
5281120160122 40.4 22.5  0.009999-99.9-99.9-99.9-99.911.6 8521.3 44 18.4  14 11.328.0-9.9
5281120160123 40.4 23.5  0.009999-99.9-99.9-99.9-99.911.4 8420.4 42 17.7  15 11.727.5-9.9
5281120160124 40.0 23.0  1.219999-99.9-99.9-99.9-99.911.1 8219.9 46 17.4  22 17.327.0-9.9
5281120160125 31.0 19.4  1.819999-99.9-99.9-99.9-99.9 3.4 2522.6 76 19.4  12  9.313.713.5
5281120160126 31.8 20.5  0.009999-99.9-99.9-99.9-99.9 7.7 5720.9 62 18.2   9  6.821.115.4
5281120160127 33.8 16.6  0.009999-99.9-99.9-99.9-99.911.5 8518.2 47 16.0  10  8.427.622.5
5281120160128 35.6 17.8  4.819999-99.9-99.9-99.9-99.911.0 8219.2 48 16.8  13 10.126.7-9.9
5281120160129 28.2 21.3 17.519999-99.9-99.9-99.9-99.9-9.9 9927.3 97 22.5   8  6.4 1.7-9.9
5281120160130 28.7 21.3  0.219999-99.9-99.9-99.9-99.9 1.6 1226.0 89 21.7  14 11.010.4 7.9
5281120160131 33.3 20.3  0.009999-99.9-99.9-99.9-99.9 9.5 7122.4 64 19.2  10  8.324.117.7
5281120160201 32.9 17.6  0.009999-99.9-99.9-99.9-99.910.9 8218.3 56 15.9   7  6.026.517.1
5281120160202 32.8 16.2  0.009999-99.9-99.9-99.9-99.9 9.4 7019.2 59 16.8   7  5.923.714.5
5281120160203 31.5 19.5  0.219999-99.9-99.9-99.9-99.9 6.3 4722.1 64 19.0   9  6.818.414.5
5281120160204 35.7 20.9  0.009999-99.9-99.9-99.9-99.910.8 8125.4 65 21.3  12  9.526.120.2
5281120160205 35.9 23.6  8.519999-99.9-99.9-99.9-99.9 8.4 6327.5 74 22.7  13 10.422.017.1
5281120160206 36.0 21.1  0.009999-99.9-99.9-99.9-99.910.8 8228.4 70 23.2  10  8.026.115.1
5281120160207 38.4 24.7  0.009999-99.9-99.9-99.9-99.910.2 7729.5 62 23.8  16 13.124.9-9.9
5281120160208 31.9 22.5 19.519999-99.9-99.9-99.9-99.9 3.5 2728.6 85 23.3  12  9.813.513.9
5281120160209 32.9 22.5  0.219999-99.9-99.9-99.9-99.9 3.3 2529.7 90 23.9   8  6.813.0 6.8
5281120160210 33.9 23.3 11.019999-99.9-99.9-99.9-99.9 5.8 4432.0 92 25.2   9  7.417.2 9.0
5281120160211 33.8 23.9  0.009999-99.9-99.9-99.9-99.9 7.3 5532.1 79 25.2   9  7.119.710.9
5281120160212 37.9 26.2  0.009999-99.9-99.9-99.9-99.910.1 7733.7 69 26.1  14 10.824.620.3
5281120160213 33.1 22.5  2.819999-99.9-99.9-99.9-99.9 2.7 2029.1 80 23.5  13 10.211.813.9
5281120160214 33.7 21.0  0.009999-99.9-99.9-99.9-99.9 9.1 7027.6 74 22.7   8  6.622.711.7
5281120160215 36.0 23.9  0.009999-99.9-99.9-99.9-99.9 6.7 5130.9 79 24.6  10  7.918.512.0
5281120160216 36.1 23.7  0.009999-99.9-99.9-99.9-99.9 9.3 7132.4 74 25.4  15 11.822.816.5
5281120160217 35.6 26.7  0.009999-99.9-99.9-99.9-99.9 6.3 4829.2 69 23.5  14 11.617.721.6
5281120160218 35.7 23.7  0.009999-99.9-99.9-99.9-99.9 7.2 5631.0 73 24.6  12 10.019.315.1
5281120160219 32.9 20.6 21.819999-99.9-99.9-99.9-99.9-9.9 9927.9 88 22.7  13 10.7 5.0-9.9
5281120160220 30.5 19.8  0.009999-99.9-99.9-99.9-99.9 7.3 5624.9 81 21.0   7  5.219.3 8.3
5281120160221 33.1 21.1  0.009999-99.9-99.9-99.9-99.9 8.0 6227.5 71 22.6   8  6.320.511.8
5281120160222 35.4 23.6  0.009999-99.9-99.9-99.9-99.9 9.4 7329.6 71 23.8   9  7.522.715.0
5281120160223 36.5 23.2  0.009999-99.9-99.9-99.9-99.9 9.4 7428.7 64 23.3   7  5.522.714.3
5281120160224 38.6 23.8  0.819999-99.9-99.9-99.9-99.9 8.5 6728.9 61 23.4   7  5.321.114.3
5281120160225 30.8 23.0  3.519999-99.9-99.9-99.9-99.9 0.5  430.4 92 24.3   8  6.8 7.7 6.2
5281120160226 38.5 20.5 13.219999-99.9-99.9-99.9-99.9 7.3 5827.7 72 22.7  13 10.519.015.1
5281120160227 29.4 19.1  0.009999-99.9-99.9-99.9-99.910.6 8320.0 70 17.4   8  6.524.213.5
5281120160228 30.7 15.8  0.009999-99.9-99.9-99.9-99.910.6 8318.8 66 16.4   9  7.024.114.7
5281120160229 33.2 18.8 32.519999-99.9-99.9-99.9-99.9 8.8 6924.1 67 20.4  10  7.921.114.6
5281120160301 29.1 18.8  0.009999-99.9-99.9-99.9-99.9 7.3 5825.4 83 21.3  11  9.118.612.4
5281120160302 28.7 20.1  0.009999-99.9-99.9-99.9-99.9 6.7 5324.5 85 20.8  11  8.817.6 9.7
5281120160303 30.3 17.4  0.009999-99.9-99.9-99.9-99.9 8.6 6921.2 79 18.4   7  5.920.710.9
5281120160304 31.3 16.6  0.009999-99.9-99.9-99.9-99.9 8.1 6420.7 70 18.0   6  5.119.711.1
5281120160305 28.6 18.0  0.009999-99.9-99.9-99.9-99.9 2.5 2021.9 77 18.9   8  6.110.7 8.6
5281120160306 30.4 12.1  0.009999-99.9-99.9-99.9-99.9 9.2 7416.7 62 14.6   8  6.221.313.4
5281120160307 29.2 17.1  1.019999-99.9-99.9-99.9-99.9 2.2 1818.6 75 16.3  11  8.910.113.4
5281120160308 23.8 18.0 13.519999-99.9-99.9-99.9-99.9-9.9 9921.0 98 18.2   8  6.7 4.2-9.9
5281120160309 27.4 15.5  0.219999-99.9-99.9-99.9-99.9 7.0 5621.3 79 18.4   8  6.517.6 8.0
5281120160310 27.1 15.2  0.009999-99.9-99.9-99.9-99.9 7.3 5917.7 77 15.5  11  8.718.012.4
5281120160311 27.2 11.7  0.009999-99.9-99.9-99.9-99.9 9.5 7716.1 72 14.1   6  5.021.3 8.7
5281120160312 28.9 12.3  0.009999-99.9-99.9-99.9-99.9 8.6 7016.4 67 14.4   7  5.619.910.5
5281120160313 29.8 11.0  0.009999-99.9-99.9-99.9-99.9 9.5 7816.8 68 14.7   6  5.121.210.7
5281120160314 30.6 15.6  0.009999-99.9-99.9-99.9-99.9 9.5 7818.1 60 15.9  10  7.721.215.3
5281120160315 33.2 16.7  0.009999-99.9-99.9-99.9-99.9 9.2 7520.7 64 18.0   9  7.320.515.0
5281120160316 36.4 19.8  0.009999-99.9-99.9-99.9-99.9 8.5 7024.6 61 20.8   9  7.319.315.7
5281120160317 36.4 25.6  0.009999-99.9-99.9-99.9-99.9 7.2 5928.0 60 22.9  15 11.917.322.9
5281120160318 30.3 15.7 23.219999-99.9-99.9-99.9-99.9-9.9 9923.6 87 19.8  17 13.6 5.2-9.9
5281120160319 19.2 14.6  3.819999-99.9-99.9-99.9-99.9-9.9 9919.3 99 16.9  12  9.8 1.9-9.9
5281120160320 18.5 15.6  5.519999-99.9-99.9-99.9-99.9-9.9 9918.8100 16.5  13 10.6 3.4-9.9
5281120160321 20.6 15.4  0.009999-99.9-99.9-99.9-99.9-9.9 9919.4 94 17.0   8  6.8 5.7-9.9
5281120160322 25.9 17.9  0.009999-99.9-99.9-99.9-99.9 3.4 2820.2 88 17.6   5  4.111.0 5.1
5281120160323 27.0 13.0  0.009999-99.9-99.9-99.9-99.9 3.6 3019.8 86 17.2   5  3.811.4 4.3
5281120160324 28.1 17.0  0.009999-99.9-99.9-99.9-99.9 3.0 2519.1 79 16.7   6  5.110.4 7.1
5281120160325 28.9 14.9  0.009999-99.9-99.9-99.9-99.9 6.1 5117.4 72 15.2  10  7.614.911.2
5281120160326 26.9 14.2  0.009999-99.9-99.9-99.9-99.9 5.0 4218.4 81 16.1   8  6.013.2 6.7
5281120160327 28.2 11.0  0.009999-99.9-99.9-99.9-99.9 7.6 6416.4 75 14.3   5  3.716.9 7.2
5281120160328 31.1 15.3  0.009999-99.9-99.9-99.9-99.9 7.9 6717.9 63 15.8   8  6.417.411.8
5281120160329 31.5 16.5  0.009999-99.9-99.9-99.9-99.9 7.8 6618.8 61 16.5  10  7.817.114.8
5281120160330 32.4 16.9  0.009999-99.9-99.9-99.9-99.9 7.5 6320.3 63 17.7  11  8.516.514.6
5281120160331 35.3 20.7  0.009999-99.9-99.9-99.9-99.9 7.0 5926.0 66 21.7  11  8.915.714.6
5281120160401 37.7 25.0  0.009999-99.9-99.9-99.9-99.9 6.4 5529.3 64 23.7  14 10.914.819.0
5281120160402 31.1 23.6 48.819999-99.9-99.9-99.9-99.9 4.2 3627.8 81 22.8  11  8.511.511.5
5281120160403 26.2 20.6 12.819999-99.9-99.9-99.9-99.9 0.5  426.1 94 21.8  12  9.4 6.2 3.8
5281120160404 32.5 21.1  0.009999-99.9-99.9-99.9-99.9 5.2 4429.6 89 23.8   9  6.912.8 4.9
5281120160405 26.3 18.2 17.819999-99.9-99.9-99.9-99.9-9.9 9923.6100 20.1  15 12.3 2.8-9.9
5281120160406 21.4 15.0  2.219999-99.9-99.9-99.9-99.9-9.9 9921.7100 18.7  10  7.9 3.7-9.9
5281120160407 25.2 20.2  0.009999-99.9-99.9-99.9-99.9-9.9 9926.7100 22.1   9  7.3 3.4-9.9
5281120160408 24.5 21.2  1.519999-99.9-99.9-99.9-99.9-9.9 9926.5 99 22.0  12  9.2 3.2-9.9
5281120160409 22.1 18.3  6.219999-99.9-99.9-99.9-99.9-9.9 9922.3100 19.2  16 13.0 1.8-9.9
5281120160410 20.0 17.4  1.519999-99.9-99.9-99.9-99.9-9.9 9921.3100 18.5  16 13.0 5.0-9.9
5281120160411 17.5 16.1 27.019999-99.9-99.9-99.9-99.9-9.9 9919.2100 16.8  16 12.5 2.1-9.9
5281120160412 18.9 16.3 44.519999-99.9-99.9-99.9-99.9-9.9 9920.5100 17.9   9  6.8 0.9-9.9
5281120160413 23.2 17.8  0.009999-99.9-99.9-99.9-99.9 1.4 1323.8 97 20.2   5  4.3 7.0 1.7
5281120160414 28.9 18.0  0.009999-99.9-99.9-99.9-99.9 3.6 3225.7 87 21.5   8  6.3 9.9 4.6
5281120160415 35.0 24.0  0.009999-99.9-99.9-99.9-99.9 6.9 6130.0 73 24.1  14 11.014.214.3
5281120160416 34.2 25.6  0.009999-99.9-99.9-99.9-99.9 4.7 4128.3 74 23.1  12  9.911.216.0
5281120160417 26.3 19.1  0.219999-99.9-99.9-99.9-99.9 1.2 1122.9 92 19.6  13 10.6 6.5 5.8
5281120160418 20.7 13.7 12.819999-99.9-99.9-99.9-99.9-9.9 9917.3100 15.2  15 11.8 0.9-9.9
5281120160419 19.3 13.7  0.009999-99.9-99.9-99.9-99.9 0.5  416.3 93 14.3  11  8.5 5.5 3.0
5281120160420 17.6  9.9 13.219999-99.9-99.9-99.9-99.9-9.9 9916.3100 14.2   6  4.7 2.1-9.9
5281120160421 26.8 13.8  0.009999-99.9-99.9-99.9-99.9 7.8 7018.5 84 16.2   7  5.914.9 6.0
5281120160422 26.6 11.2  0.009999-99.9-99.9-99.9-99.9 8.5 7616.2 78 14.1   8  6.815.7 8.0
5281120160423 31.4 16.0  0.009999-99.9-99.9-99.9-99.9 5.1 4622.7 80 19.4   8  6.211.2 5.2
5281120160424 24.5 16.4  0.819999-99.9-99.9-99.9-99.9 0.6  620.6 88 17.6  16 13.2 5.5 8.9
5281120160425 16.4 10.8  8.219999-99.9-99.9-99.9-99.9-9.9 9913.8100 11.7  21 16.9 1.5-9.9
5281120160426 17.7  8.7  0.009999-99.9-99.9-99.9-99.9 7.6 6910.2 77  7.2  13 10.814.210.0
5281120160427 17.1  1.9  0.009999-99.9-99.9-99.9-99.9 6.7 61 8.9 76  5.3   7  5.313.0 5.3
5281120160428 20.0  1.9  0.009999-99.9-99.9-99.9-99.9 7.1 65 9.1 68  5.6   7  5.413.4 6.4
5281120160429 20.0  7.1  0.009999-99.9-99.9-99.9-99.9 5.7 5211.0 73  8.4   6  4.911.6 5.5
5281120160430 20.9  3.2  0.009999-99.9-99.9-99.9-99.9 6.8 6210.4 75  7.5   7  5.312.9 6.3
5281120160501 22.7  6.9  0.009999-99.9-99.9-99.9-99.9 7.1 6511.2 69  8.5  13 10.113.211.1
5281120160502 21.4  8.7  0.009999-99.9-99.9-99.9-99.9 1.8 1713.0 80 10.8   5  3.7 6.6 4.0
5281120160503 22.4  9.7  0.009999-99.9-99.9-99.9-99.9 5.7 5213.7 79 11.6   6  4.611.3 4.7
5281120160504 24.0  9.7  0.009999-99.9-99.9-99.9-99.9 5.3 4913.4 75 11.3   8  6.410.7 7.1
5281120160505 23.7 11.7  0.009999-99.9-99.9-99.9-99.9 2.4 2215.5 83 13.5   6  5.2 7.2 3.8
5281120160506 23.9 10.1  0.009999-99.9-99.9-99.9-99.9 6.3 5915.1 82 13.1   7  5.811.8 5.6
5281120160507 23.2 11.3  0.009999-99.9-99.9-99.9-99.9 6.0 5615.2 82 13.2   8  6.411.4 5.5
5281120160508 23.4 13.5  0.009999-99.9-99.9-99.9-99.9 1.9 1717.3 87 15.2   8  6.3 6.4 3.0
5281120160509 20.2 15.7  0.009999-99.9-99.9-99.9-99.9-9.9 9919.4 95 17.0   7  5.5 2.1-9.9
5281120160510 22.8 14.2  0.009999-99.9-99.9-99.9-99.9 0.7  718.1 84 15.9   7  5.9 5.0 3.7
5281120160511 20.8 14.5  0.009999-99.9-99.9-99.9-99.9-9.9 9919.0 92 16.7   9  6.9 3.0-9.9
5281120160512 17.5 13.8  0.009999-99.9-99.9-99.9-99.9-9.9 9916.4 94 14.4   8  6.4 2.4-9.9
5281120160513 22.5  9.9  0.009999-99.9-99.9-99.9-99.9 5.9 5513.4 77 11.3   8  6.510.8 6.7
5281120160514 25.2  9.6  1.519999-99.9-99.9-99.9-99.9 5.6 5316.1 81 13.9  11  8.510.4 4.7
5281120160515 19.7 13.8  0.009999-99.9-99.9-99.9-99.9 1.8 1716.5 88 14.4  12  9.2 6.1 5.9
5281120160516 19.1  9.5  0.009999-99.9-99.9-99.9-99.9 2.7 2613.0 85 10.8   8  6.2 7.1 5.2
5281120160517 17.9  6.2  0.009999-99.9-99.9-99.9-99.9 2.1 2011.6 85  9.0   3  2.0 6.3 1.9
5281120160518 19.4  2.8  0.009999-99.9-99.9-99.9-99.9 6.6 6210.2 75  7.1   4  3.111.3 3.4
5281120160519 19.7  7.0  0.009999-99.9-99.9-99.9-99.9 4.6 4411.1 77  8.4   6  4.4 9.0 4.4
5281120160520 20.3  6.0  0.009999-99.9-99.9-99.9-99.9 4.5 4311.4 79  8.8   6  4.5 8.9 4.1
5281120160521 19.6  4.9  0.009999-99.9-99.9-99.9-99.9 6.4 6111.0 77  8.3   5  4.011.0 3.5
5281120160522 20.6  8.5  0.009999-99.9-99.9-99.9-99.9 5.9 5612.0 80  9.7   3  2.710.3 3.6
5281120160523 21.6  5.7  0.009999-99.9-99.9-99.9-99.9 5.8 5511.1 72  8.5   7  5.710.2 5.7
5281120160524 18.7  7.3  0.009999-99.9-99.9-99.9-99.9 3.8 3610.6 75  7.9   9  7.2 7.9 6.7
5281120160525 22.4  5.3  0.009999-99.9-99.9-99.9-99.9 5.2 5011.7 77  9.2   3  2.6 9.4 3.2
5281120160526 20.2 11.4  0.009999-99.9-99.9-99.9-99.9 1.9 1813.7 81 11.7   9  7.0 5.8 5.2
5281120160527 18.2 11.0  0.009999-99.9-99.9-99.9-99.9 3.2 3013.1 85 11.0   8  6.1 7.2 4.7
5281120160528 17.6  7.7  0.009999-99.9-99.9-99.9-99.9 1.0 1012.8 90 10.5   5  4.2 4.8 1.8
5281120160529 16.6 11.0  0.519999-99.9-99.9-99.9-99.9-9.9 9914.1 91 12.1   2  1.9 2.7-9.9
5281120160530 20.5  8.5  0.009999-99.9-99.9-99.9-99.9 3.8 3713.2 87 11.1   3  2.4 7.8 2.3
5281120160531 21.6  3.2  0.009999-99.9-99.9-99.9-99.9 5.7 5511.3 81  8.6   2  1.2 9.7 1.9
5281120160601 21.1  8.4  0.009999-99.9-99.9-99.9-99.9 2.7 2612.8 82 10.6   3  2.5 6.5 2.4
5281120160602 19.1  7.1  0.009999-99.9-99.9-99.9-99.9 1.8 1812.2 88  9.8   3  2.2 5.6 1.6
5281120160603 15.9  6.5  0.009999-99.9-99.9-99.9-99.9-9.9 9911.6 85  9.1   5  4.2 3.4-9.9
5281120160604 21.0 11.7  0.009999-99.9-99.9-99.9-99.9 1.3 1313.3 80 11.2   7  5.7 5.0 4.5
5281120160605 13.9 10.5  0.009999-99.9-99.9-99.9-99.9 0.1  112.2 90  9.9   5  3.8 3.7 2.2
5281120160606 18.4  5.5  0.009999-99.9-99.9-99.9-99.9 4.4 4310.6 84  7.7   3  2.0 8.3 2.2
5281120160607 22.7  1.7  0.009999-99.9-99.9-99.9-99.9 7.0 68 8.7 73  4.8   3  2.111.0 3.1
5281120160608 22.7  1.4  0.009999-99.9-99.9-99.9-99.9 6.6 64 7.8 55  3.3   4  3.010.5 4.8
5281120160609 22.1  6.3  0.009999-99.9-99.9-99.9-99.9 5.9 58 8.8 61  5.0   8  6.3 9.8 9.0
5281120160610 15.2  2.6  0.009999-99.9-99.9-99.9-99.9 6.2 60 8.7 77  4.7   9  7.510.0 6.7
5281120160611 17.3 -2.6  0.009999-99.9-99.9-99.9-99.9 6.4 62 7.1 75  2.0   1  1.010.2 1.7
5281120160612 19.4 -1.2  0.009999-99.9-99.9-99.9-99.9 6.2 60 7.2 64  2.3   6  5.010.0 5.8
5281120160613 19.7  5.1  0.009999-99.9-99.9-99.9-99.9 4.1 40 7.1 55  2.1  10  7.9 7.811.2
5281120160614 22.7  3.8  0.009999-99.9-99.9-99.9-99.9 6.1 59 8.6 61  4.8   3  2.8 9.9 4.5
5281120160615 22.8  4.1  0.009999-99.9-99.9-99.9-99.9 5.9 57 9.8 71  6.6   4  3.2 9.6 4.2
5281120160616 20.3  6.6  0.009999-99.9-99.9-99.9-99.9 5.7 5610.4 73  7.5   6  5.0 9.4 5.4
5281120160617 19.6  2.0  0.009999-99.9-99.9-99.9-99.9 4.5 44 9.6 73  6.3   2  1.4 8.2 1.9
5281120160618 20.4  1.0  0.009999-99.9-99.9-99.9-99.9 6.5 63 9.0 70  5.3   3  2.610.2 3.3
5281120160619 20.5  0.6  0.009999-99.9-99.9-99.9-99.9 6.5 64 8.6 67  4.7   3  2.810.3 3.7
5281120160620 19.4 -0.7  0.009999-99.9-99.9-99.9-99.9 5.4 53 8.8 74  4.9   2  1.9 9.1 2.6
5281120160621 18.5  1.0  0.009999-99.9-99.9-99.9-99.9 6.6 64 7.1 64  1.9   3  2.110.3 3.0
5281120160622 20.0 -4.4  0.009999-99.9-99.9-99.9-99.9 6.9 67 7.2 68  1.9   2  1.510.7 2.0
5281120160623 22.3  4.6  0.009999-99.9-99.9-99.9-99.9 6.0 5810.0 69  6.8   8  6.6 9.7 6.6
5281120160624 20.2  9.4  2.019999-99.9-99.9-99.9-99.9 1.8 1813.9 83 11.8   8  6.2 5.4 3.2
5281120160625 14.8 10.4 26.019999-99.9-99.9-99.9-99.9-9.9 9913.4100 11.3  15 12.3 0.2-9.9
5281120160626 10.5  6.9  0.009999-99.9-99.9-99.9-99.9-9.9 9910.9 98  8.1  15 11.8 1.6-9.9
5281120160627 14.5  1.4  0.009999-99.9-99.9-99.9-99.9 6.1 59 8.5 81  4.6   6  5.2 9.8 2.9
5281120160628 17.5  1.1  0.009999-99.9-99.9-99.9-99.9 4.1 40 9.6 77  6.2   6  5.1 7.8 2.7
5281120160629 19.9  6.8  0.009999-99.9-99.9-99.9-99.9 5.3 5212.8 82 10.5   6  5.2 9.1 3.2
5281120160630 17.3 11.4  0.009999-99.9-99.9-99.9-99.9-9.9 9915.6 91 13.6   3  2.1 1.8-9.9
5281120160701 17.9 13.7  0.219999-99.9-99.9-99.9-99.9-9.9 9916.6 94 14.5   6  4.6 2.2-9.9
5281120160702 15.5 12.8  0.009999-99.9-99.9-99.9-99.9-9.9 9915.6 99 13.6   8  6.8 1.2-9.9
5281120160703 13.8 12.1  3.819999-99.9-99.9-99.9-99.9-9.9 9914.5100 12.5   9  7.2 1.2-9.9
5281120160704 12.2 10.3  1.019999-99.9-99.9-99.9-99.9-9.9 9913.0100 10.8  10  8.2 0.6-9.9
5281120160705 12.4  7.3  0.009999-99.9-99.9-99.9-99.9-9.9 9911.9 97  9.4   8  6.4 2.0-9.9
5281120160706 22.5  2.1  0.009999-99.9-99.9-99.9-99.9 4.9 47 8.6 65  4.6   3  2.4 8.8 3.4
5281120160707 23.3  3.0  0.009999-99.9-99.9-99.9-99.9 4.5 43 8.4 52  4.4   6  4.6 8.3 6.9
5281120160708 18.6  7.9  0.009999-99.9-99.9-99.9-99.9-9.9 9911.6 73  9.1   8  6.8 3.3-9.9
5281120160709 22.0  7.1  0.009999-99.9-99.9-99.9-99.9 3.5 3313.1 85 10.9   6  5.1 7.3 3.9
5281120160710 17.4 10.4  0.009999-99.9-99.9-99.9-99.9 0.5  513.2 90 11.1   4  3.2 4.2 1.7
5281120160711 21.5 10.6  0.009999-99.9-99.9-99.9-99.9 3.0 2914.6 88 12.6   5  3.9 6.9 2.3
5281120160712 20.4  9.5  0.009999-99.9-99.9-99.9-99.9 4.9 4712.1 78  9.7   8  6.0 8.9 6.4
5281120160713 20.1  8.5  0.009999-99.9-99.9-99.9-99.9 1.3 1314.3 84 12.2   6  4.8 5.1 2.2
5281120160714 20.8 10.4  0.009999-99.9-99.9-99.9-99.9-9.9 9915.7 92 13.6   4  3.5 2.9-9.9
5281120160715 17.8  8.1  0.009999-99.9-99.9-99.9-99.9 4.6 4411.6 85  9.1  10  7.7 8.8 5.5
5281120160716 15.2  2.9  0.009999-99.9-99.9-99.9-99.9 3.7 36 9.0 82  5.4   5  4.1 7.8 3.2
5281120160717 17.0  2.1  0.009999-99.9-99.9-99.9-99.9 4.3 41 8.2 68  4.1   9  6.8 8.5 5.6
5281120160718 17.6  1.8  0.009999-99.9-99.9-99.9-99.9 4.5 43 8.2 74  4.1   5  4.2 8.7 5.2
5281120160719 16.8 -0.2  0.009999-99.9-99.9-99.9-99.9 4.4 42 8.6 77  4.7   4  3.2 8.6 2.8
5281120160720 18.4  2.3  0.009999-99.9-99.9-99.9-99.9 4.5 43 8.5 71  4.5   6  4.9 8.8 5.0
5281120160721 19.3  4.2  0.009999-99.9-99.9-99.9-99.9 3.6 34 8.7 68  5.0   6  4.9 7.9 5.6
5281120160722 22.0  3.4  0.009999-99.9-99.9-99.9-99.9 4.6 44 9.1 65  5.6   7  5.4 9.0 6.7
5281120160723 25.8  6.3  0.009999-99.9-99.9-99.9-99.9 3.6 3410.4 61  7.5   7  5.3 7.9 7.8
5281120160724 25.1  7.9  0.009999-99.9-99.9-99.9-99.9 1.7 1613.6 74 11.4   7  5.4 5.8 4.7
5281120160725 17.4 11.7  0.009999-99.9-99.9-99.9-99.9-9.9 9914.6 94 12.6  14 11.2 2.9-9.9
5281120160726 16.8  7.0  0.009999-99.9-99.9-99.9-99.9 4.5 4210.1 79  7.0  13 10.6 9.0 9.6
5281120160727 14.7 -1.3  0.009999-99.9-99.9-99.9-99.9 1.7 16 8.8 85  5.1   3  2.7 5.9 1.6
5281120160728 18.6  5.3  0.009999-99.9-99.9-99.9-99.9 3.8 3510.4 74  7.5   7  5.3 8.4 4.9
5281120160729 20.5  3.3  0.009999-99.9-99.9-99.9-99.9 4.2 3910.6 72  7.7   5  4.4 8.9 4.1
5281120160730 24.1  6.9  0.009999-99.9-99.9-99.9-99.9 2.8 2613.5 79 11.3   5  4.1 7.3 3.9
5281120160731 21.7 11.7  0.009999-99.9-99.9-99.9-99.9 1.5 1415.6 85 13.5  12  9.7 5.9 4.3
5281120160801 20.1  7.1  0.009999-99.9-99.9-99.9-99.9 4.7 4411.3 74  8.7   9  7.1 9.7 7.4
5281120160802 20.0  8.7  0.009999-99.9-99.9-99.9-99.9 3.9 3611.4 78  8.8   7  5.4 8.7 5.4
5281120160803 21.4  5.0  0.009999-99.9-99.9-99.9-99.9 4.3 4012.2 77  9.8   4  3.2 9.3 3.4
5281120160804 28.7  9.7  0.009999-99.9-99.9-99.9-99.9 4.4 4115.9 73 13.7   7  5.8 9.5 6.0
5281120160805 27.0 15.6  0.009999-99.9-99.9-99.9-99.9 3.4 3118.4 77 16.2  13 10.2 8.310.5
5281120160806 20.4 11.0  0.009999-99.9-99.9-99.9-99.9-9.9 9913.6 79 11.5  13 10.5 3.7-9.9
5281120160807 24.3  2.9  0.009999-99.9-99.9-99.9-99.9 5.2 48 9.5 60  6.1   6  5.110.6 7.0
5281120160808 22.8  7.8  0.009999-99.9-99.9-99.9-99.9 3.8 34 9.9 60  6.8   5  4.1 8.9 7.1
5281120160809 24.9  2.8  0.009999-99.9-99.9-99.9-99.9 5.5 5110.4 67  7.3   3  2.211.1 4.3
5281120160810 25.2  6.9  0.009999-99.9-99.9-99.9-99.9 5.6 5110.5 61  7.7   8  6.711.210.9
5281120160811 26.3  7.3  0.009999-99.9-99.9-99.9-99.9 5.4 4910.4 56  7.5  11  9.111.114.7
5281120160812 27.8  8.8  0.009999-99.9-99.9-99.9-99.9 5.3 4810.5 52  7.7  10  7.611.014.2
5281120160813 32.0 10.5  0.009999-99.9-99.9-99.9-99.9 5.3 4812.8 53 10.5   8  6.411.212.9
5281120160814 29.0 12.5  0.009999-99.9-99.9-99.9-99.9 4.4 4016.4 75 14.3   8  6.410.1 8.3
5281120160815 28.7 10.7  0.009999-99.9-99.9-99.9-99.9 5.4 4915.9 70 13.8   6  5.211.4 7.7
5281120160816 36.8  9.4  0.009999-99.9-99.9-99.9-99.9 5.6 5015.4 56 13.0  12  9.611.715.2
5281120160817 26.2  9.8  0.009999-99.9-99.9-99.9-99.9 6.2 55 8.4 48  4.0  10  8.212.520.1
5281120160818 25.2  5.6  0.009999-99.9-99.9-99.9-99.9 6.4 57 7.5 47  2.7   7  5.712.812.6
5281120160819 24.6  6.2  0.009999-99.9-99.9-99.9-99.9 3.7 33 9.4 55  6.0  11  8.5 9.514.2
5281120160820 18.8 10.1  0.009999-99.9-99.9-99.9-99.9 3.5 31 8.4 56  4.5  18 14.4 9.323.8
5281120160821 19.2 -1.1  0.009999-99.9-99.9-99.9-99.9 7.2 64 7.8 61  3.3   6  4.614.1 6.4
5281120160822 24.4  3.5  0.009999-99.9-99.9-99.9-99.9 7.7 68 6.7 41  1.2  11  9.114.917.9
5281120160823 26.1  4.7  0.009999-99.9-99.9-99.9-99.9 7.5 67 7.7 41  3.2  12  9.514.819.2
5281120160824 28.1  7.9  0.009999-99.9-99.9-99.9-99.9 7.0 6210.3 51  7.3  10  8.314.216.1
5281120160825 33.3 11.5  0.009999-99.9-99.9-99.9-99.9 7.3 6412.1 48  9.8  11  8.814.619.7
5281120160826 37.6 15.7  0.009999-99.9-99.9-99.9-99.9 5.9 5216.4 53 14.3  13 10.212.923.0
5281120160827 26.5 13.1  1.219999-99.9-99.9-99.9-99.9 2.1 18 9.8 55  6.6  22 17.7 7.8-9.9
5281120160828 15.6 10.3  2.219999-99.9-99.9-99.9-99.9-9.9 9911.6 76  9.2  21 16.6 3.6-9.9
5281120160829 18.3  9.4  0.009999-99.9-99.9-99.9-99.9 4.0 3511.5 76  9.1  14 11.210.6 9.0
5281120160830 23.1  4.3  0.009999-99.9-99.9-99.9-99.9 8.0 7010.3 66  7.2   5  4.216.1 6.7
5281120160831 28.3  9.3  0.009999-99.9-99.9-99.9-99.9 8.3 7212.4 60 10.0  11  8.616.514.0
5281120160901 19.1  8.9  5.019999-99.9-99.9-99.9-99.9 2.5 2210.8 76  8.1  21 16.6 8.716.7
5281120160902  9.3  6.2  0.219999-99.9-99.9-99.9-99.9-9.9 9910.2 94  7.3  17 13.5 2.3-9.9
5281120160903 15.5  6.8  0.009999-99.9-99.9-99.9-99.9 3.4 29 7.5 60  2.8  12  9.410.012.0
5281120160904 16.6  4.9  0.009999-99.9-99.9-99.9-99.9 4.8 41 7.5 60  2.8  12  9.412.012.8
5281120160905 16.2  2.5  0.009999-99.9-99.9-99.9-99.9 8.7 75 6.7 61  1.1  12  9.817.714.4
5281120160906 18.2 -2.1  0.009999-99.9-99.9-99.9-99.9 8.7 75 7.0 61  1.8   6  4.517.8 6.4
5281120160907 23.6  1.6  0.009999-99.9-99.9-99.9-99.9 8.7 75 7.6 49  2.9   4  3.517.9 7.4
5281120160908 28.4  7.2  0.009999-99.9-99.9-99.9-99.9 9.2 79 8.1 39  3.8  10  8.118.619.3
5281120160909 29.6  7.3  0.009999-99.9-99.9-99.9-99.9 8.7 74 9.3 46  5.8  11  8.818.019.8
5281120160910 32.0 10.1  0.009999-99.9-99.9-99.9-99.9 9.0 7611.2 45  8.5  11  8.418.520.0
5281120160911 35.0 15.2  0.009999-99.9-99.9-99.9-99.9 8.0 6816.2 52 14.1  12  9.317.220.5
5281120160912 36.8 19.3  0.009999-99.9-99.9-99.9-99.9 8.1 6818.5 57 16.3  18 14.217.4-9.9
5281120160913 24.3 13.2  0.009999-99.9-99.9-99.9-99.9 8.3 7011.6 55  8.6  14 11.217.822.1
5281120160914 24.2  5.0  0.009999-99.9-99.9-99.9-99.9 9.3 78 8.9 52  5.3   7  5.819.311.6
5281120160915 26.4  7.2  0.009999-99.9-99.9-99.9-99.9 7.3 6110.2 54  7.2   8  6.316.611.8
5281120160916 30.4 10.3  0.009999-99.9-99.9-99.9-99.9 8.8 7311.1 47  8.5  12  9.818.821.7
5281120160917 34.4 12.6  0.009999-99.9-99.9-99.9-99.9 8.4 7013.5 46 11.3  11  8.918.421.2
5281120160918 27.1 16.1  0.009999-99.9-99.9-99.9-99.9 7.5 6313.6 58 11.5  14 11.417.123.0
5281120160919 24.6  6.8  0.009999-99.9-99.9-99.9-99.9 9.2 76 9.3 48  5.8   6  4.819.711.7
5281120160920 27.6  9.2  0.009999-99.9-99.9-99.9-99.9 9.2 76 9.5 45  6.1  12  9.619.821.2
5281120160921 29.9 11.7  0.009999-99.9-99.9-99.9-99.9 8.3 6910.6 43  7.8  11  9.118.621.8
5281120160922 34.3 13.6  0.009999-99.9-99.9-99.9-99.9 8.4 6913.1 45 10.9   9  7.518.819.2
5281120160923 26.1 14.5  0.009999-99.9-99.9-99.9-99.9 0.8  7 9.2 46  5.4  18 14.3 7.3-9.9
5281120160924 15.8  8.5  0.009999-99.9-99.9-99.9-99.9-9.9 99 9.5 72  6.2   7  5.7 6.1-9.9
5281120160925 24.6  2.9  0.009999-99.9-99.9-99.9-99.9 9.4 77 9.8 61  6.6   6  4.720.6 8.5
5281120160926 29.9  9.2  0.009999-99.9-99.9-99.9-99.9 9.4 7710.5 45  7.6  10  8.120.719.7
5281120160927 33.2 13.1  0.009999-99.9-99.9-99.9-99.9 9.3 7611.7 41  9.2  12  9.420.6-9.9
5281120160928 34.7 13.9  1.219999-99.9-99.9-99.9-99.9 4.9 4012.9 38 10.6   9  7.313.820.4
5281120160929 26.3 15.8  0.219999-99.9-99.9-99.9-99.9-9.9 9915.6 83 13.6  11  9.0 6.0-9.9
5281120160930 27.0 15.1  0.009999-99.9-99.9-99.9-99.9 8.8 7114.4 59 12.3  11  8.620.115.3
5281120161001 28.2 10.6  0.819999-99.9-99.9-99.9-99.9 6.6 5313.4 56 11.3   9  6.816.712.6
5281120161002 21.8 16.5  0.009999-99.9-99.9-99.9-99.9-9.9 9918.9 93 16.5   9  7.1 4.7-9.9
5281120161003 29.0 12.0  0.009999-99.9-99.9-99.9-99.9 8.9 7118.6 75 16.3   7  5.520.5 9.3
5281120161004 30.7 14.5 22.019999-99.9-99.9-99.9-99.9 6.9 5618.6 75 16.3  15 11.717.517.9
5281120161005 22.8 11.4  0.009999-99.9-99.9-99.9-99.910.5 8411.9 61  9.3  22 18.023.2-9.9
5281120161006 25.3  5.7  0.009999-99.9-99.9-99.9-99.910.2 8212.5 61 10.1   9  7.222.911.7
5281120161007 26.1 11.0  0.009999-99.9-99.9-99.9-99.9 8.0 6414.5 66 12.4  12  9.519.514.4
5281120161008 25.5  9.6  0.009999-99.9-99.9-99.9-99.910.0 8010.6 47  7.6   9  7.322.716.8
5281120161009 26.3 11.4  0.009999-99.9-99.9-99.9-99.9 1.5 12 9.8 42  6.6  13 10.2 9.022.5
5281120161010 25.7 16.3  0.009999-99.9-99.9-99.9-99.9 4.6 3613.8 65 11.6  15 11.914.120.9
5281120161011 30.4  9.8  0.009999-99.9-99.9-99.9-99.9 8.6 6816.1 60 14.0  10  8.320.613.5
5281120161012 27.7 16.6  0.009999-99.9-99.9-99.9-99.9 4.5 3621.3 84 18.5  13 10.114.1 9.7
5281120161013 24.9 14.6  1.519999-99.9-99.9-99.9-99.9 0.4  319.9 97 17.3  10  7.8 7.4 4.6
5281120161014 31.7 14.0  0.819999-99.9-99.9-99.9-99.9 8.6 6820.1 65 17.5  11  8.421.013.4
5281120161015 29.5 19.7  0.009999-99.9-99.9-99.9-99.9 3.6 2824.1 79 20.5  13 10.112.711.6
5281120161016 30.4 19.2 17.019999-99.9-99.9-99.9-99.9 3.8 2923.7 75 20.2  12  9.813.111.6
5281120161017 23.8 19.7 11.019999-99.9-99.9-99.9-99.9-9.9 9920.4 79 17.6  15 11.9 6.6-9.9
5281120161018 20.6 16.2  2.519999-99.9-99.9-99.9-99.9-9.9 9919.4 95 17.0  13 10.6 3.1-9.9
5281120161019 24.8 15.8  0.009999-99.9-99.9-99.9-99.9 5.3 4218.3 83 16.1  16 12.615.910.9
5281120161020 21.7 13.0  0.009999-99.9-99.9-99.9-99.9 3.6 2815.2 78 13.2  14 10.913.010.4
5281120161021 24.2 10.3  0.009999-99.9-99.9-99.9-99.9 8.6 6614.5 64 12.4   9  7.221.411.8
5281120161022 28.5 13.1  0.009999-99.9-99.9-99.9-99.9 8.6 6715.7 58 13.7  13 10.721.519.5
5281120161023 32.5 15.2 29.219999-99.9-99.9-99.9-99.9 8.7 6718.9 63 16.5  11  8.421.717.0
5281120161024 23.5 19.2 37.019999-99.9-99.9-99.9-99.9-9.9 9921.9 90 18.9  16 12.4 5.6-9.9
5281120161025 19.8 15.6  3.219999-99.9-99.9-99.9-99.9-9.9 9920.0 98 17.5  13 10.0 5.3-9.9
5281120161026 24.5 13.1  0.009999-99.9-99.9-99.9-99.9 7.2 5516.5 74 14.5  12 10.019.312.3
5281120161027 22.8 12.7  0.009999-99.9-99.9-99.9-99.911.0 8411.9 59  9.3  14 10.825.720.2
5281120161028 25.4  5.5  0.009999-99.9-99.9-99.9-99.910.9 8310.5 48  7.6  10  7.625.715.7
5281120161029 28.6 11.8  0.009999-99.9-99.9-99.9-99.911.2 8512.7 55 10.4  16 12.826.2-9.9
5281120161030 32.4 13.2  0.009999-99.9-99.9-99.9-99.910.2 7815.3 51 13.2  13 10.624.623.2
5281120161031 31.9 16.5  0.009999-99.9-99.9-99.9-99.9 9.9 7520.6 64 17.9  10  7.724.215.5
5281120161101 29.4 18.5  0.009999-99.9-99.9-99.9-99.9 3.0 2318.4 61 14.8  19 15.512.523.1
5281120161102 24.5  3.4  0.009999-99.9-99.9-99.9-99.911.1 83 7.0 37  1.7  16 13.126.2-9.9
5281120161103 30.4  9.9  0.009999-99.9-99.9-99.9-99.911.2 84 8.7 34  4.9  16 13.126.5-9.9
5281120161104 34.0 12.3  0.009999-99.9-99.9-99.9-99.911.3 8511.5 36  8.9  16 13.126.7-9.9
5281120161105 34.3 14.7  0.009999-99.9-99.9-99.9-99.911.4 8514.1 42 12.0  16 13.126.9-9.9
5281120161106 37.9 17.0  0.009999-99.9-99.9-99.9-99.910.8 8116.0 39 13.9  16 13.126.0-9.9
5281120161107 35.7 19.5 54.519999-99.9-99.9-99.9-99.9 0.8  622.9 83 19.7  16 13.1 8.916.9
5281120161108 29.9 16.8  0.009999-99.9-99.9-99.9-99.9 8.4 6322.1 77 19.1  16 13.122.014.8
5281120161109 32.6 19.0  0.009999-99.9-99.9-99.9-99.9 8.7 6523.6 68 20.1  16 13.122.520.3
5281120161110 34.9 19.5 43.219999-99.9-99.9-99.9-99.9 8.9 6624.2 64 20.5  16 13.122.823.8
5281120161111 28.2 18.8  1.519999-99.9-99.9-99.9-99.9 2.1 1521.8 85 18.8  16 13.111.212.8
5281120161112 30.9 17.7  0.009999-99.9-99.9-99.9-99.910.3 7620.6 63 18.0  16 13.125.422.3
5281120161113 33.3 18.1  0.009999-99.9-99.9-99.9-99.910.4 7719.1 54 16.7  16 13.125.6-9.9
5281120161114 31.0 19.6  5.019999-99.9-99.9-99.9-99.9 6.1 4521.8 71 18.8  16 13.118.219.6
5281120161115 33.2 14.6  0.009999-99.9-99.9-99.9-99.910.5 7721.2 63 18.3  16 13.125.820.4
5281120161116 25.2 17.8  6.219999-99.9-99.9-99.9-99.9 3.0 2218.8 78 16.4  16 13.113.015.0
5281120161117 24.6 13.2  0.009999-99.9-99.9-99.9-99.9 9.4 6912.3 63  9.7  16 13.124.123.7
5281120161118 25.2  8.7  0.009999-99.9-99.9-99.9-99.910.7 7810.3 47  7.4  16 13.126.3-9.9
5281120161119 28.2 10.8  0.009999-99.9-99.9-99.9-99.9 9.4 6912.5 52 10.1  16 13.124.0-9.9
5281120161120 33.4 17.7  0.009999-99.9-99.9-99.9-99.910.3 7516.0 49 13.9  16 13.125.6-9.9
5281120161121 25.1 17.4  0.009999-99.9-99.9-99.9-99.9 3.9 2917.3 73 15.2  16 13.114.618.5
5281120161122 25.4 14.2  0.009999-99.9-99.9-99.9-99.9 3.1 2313.2 55 11.0  12  9.613.217.0
5281120161123 29.8 12.2  0.009999-99.9-99.9-99.9-99.9 9.2 6714.4 51 12.4   7  5.523.814.5
5281120161124 32.6 18.4  0.009999-99.9-99.9-99.9-99.9 6.6 4816.5 47 14.4   9  7.019.419.0
5281120161125 35.8 16.1  0.009999-99.9-99.9-99.9-99.9 7.9 5720.0 49 17.4   9  7.421.619.4
5281120161126 39.4 21.8 44.819999-99.9-99.9-99.9-99.9 9.8 7124.8 62 20.9  17 13.524.9-9.9
5281120161127 26.5 19.4  0.219999-99.9-99.9-99.9-99.9 0.4  323.8 87 20.3   9  7.4 8.5 5.3
5281120161128 27.4 19.7  0.009999-99.9-99.9-99.9-99.9 1.1  823.2 86 19.8  11  8.8 9.7 7.8
5281120161129 31.5 17.2  0.009999-99.9-99.9-99.9-99.911.5 8319.0 59 16.7   9  6.827.916.9
5281120161130 30.8 17.7  0.009999-99.9-99.9-99.9-99.910.1 7318.7 59 16.4  11  9.225.520.6
5281120161201 32.3 17.4  0.009999-99.9-99.9-99.9-99.9 9.7 7019.5 56 17.1   9  7.624.818.1
5281120161202 28.2 20.5 17.819999-99.9-99.9-99.9-99.9-9.9 9924.9 88 21.0  11  9.0 7.7-9.9
5281120161203 32.3 17.0  0.009999-99.9-99.9-99.9-99.9 9.9 7123.1 71 19.7   8  6.125.212.4
5281120161204 32.6 19.7  0.009999-99.9-99.9-99.9-99.911.6 8422.1 60 19.0  12  9.928.222.5
5281120161205 34.1 20.4  2.019999-99.9-99.9-99.9-99.9 7.3 5324.4 62 20.7  12  9.520.718.0
5281120161206 32.2 19.5  0.009999-99.9-99.9-99.9-99.9 5.4 3923.9 79 20.2  10  8.317.413.6
5281120161207 31.9 22.0 10.019999-99.9-99.9-99.9-99.9 3.4 2425.9 71 21.7  10  7.913.912.9
5281120161208 25.9 18.5 13.519999-99.9-99.9-99.9-99.9-9.9 9923.2 99 19.9  11  8.9 3.4-9.9
5281120161209 28.6 17.6 15.819999-99.9-99.9-99.9-99.9 1.2  818.6 72 16.3  10  7.810.010.5
5281120161210 30.4 14.7  0.009999-99.9-99.9-99.9-99.9 8.0 5820.4 81 17.7   8  6.622.1 9.4
5281120161211 33.5 17.2  0.009999-99.9-99.9-99.9-99.911.6 8319.2 56 16.8  10  7.728.420.0
5281120161212 36.2 18.9  0.009999-99.9-99.9-99.9-99.912.0 8619.8 47 17.3  11  9.029.0-9.9
5281120161213 28.5 15.1  9.219999-99.9-99.9-99.9-99.9 3.0 2118.9 79 16.6  12  9.813.215.0
5281120161214 27.9 13.1  0.219999-99.9-99.9-99.9-99.912.3 8814.2 49 12.1  10  7.929.619.1
5281120161215 30.1 15.3  0.009999-99.9-99.9-99.9-99.912.1 8713.7 44 11.6  14 11.429.2-9.9
5281120161216 33.3 16.1  0.009999-99.9-99.9-99.9-99.912.6 9115.5 47 13.4  13 10.630.2-9.9
5281120161217 36.5 20.7  0.009999-99.9-99.9-99.9-99.910.7 7623.5 55 20.0  13 10.826.7-9.9
5281120161218 39.6 24.8  0.219999-99.9-99.9-99.9-99.9 7.9 5724.5 52 20.7  17 13.421.9-9.9
5281120161219 31.9 17.7  0.009999-99.9-99.9-99.9-99.912.0 8617.9 57 15.7  10  8.029.221.0
5281120161220 33.4 19.1  0.009999-99.9-99.9-99.9-99.912.0 8620.4 56 17.8  10  8.229.121.2
5281120161221 35.7 22.3  0.009999-99.9-99.9-99.9-99.911.3 8122.9 52 19.6  14 11.327.9-9.9
5281120161222 38.2 22.9  0.009999-99.9-99.9-99.9-99.9 8.3 6025.0 50 21.1  14 10.922.6-9.9
5281120161223 32.0 22.1  0.009999-99.9-99.9-99.9-99.9 1.4 1023.7 73 20.2  14 11.010.417.4
5281120161224 37.5 20.7  0.009999-99.9-99.9-99.9-99.910.2 7326.0 58 21.7  15 12.125.823.9
5281120161225 41.4 26.6  0.009999-99.9-99.9-99.9-99.910.9 7826.4 45 21.9  18 14.127.2-9.9
5281120161226 34.6 20.5 27.819999-99.9-99.9-99.9-99.9-9.9 9925.2 93 21.2  14 11.0 4.7-9.9
5281120161227 24.9 17.4  0.009999-99.9-99.9-99.9-99.9 2.4 1723.1 95 19.8  13 10.112.2 5.6
5281120161228 32.6 21.3  0.009999-99.9-99.9-99.9-99.9 6.8 4924.4 65 20.7   6  5.020.011.5
5281120161229 34.2 21.4  0.009999-99.9-99.9-99.9-99.9 9.6 6926.4 64 22.0   7  5.924.915.0
5281120161230 37.3 23.1  0.009999-99.9-99.9-99.9-99.911.5 8327.1 57 22.4  10  7.628.219.9
5281120161231 40.2 25.2  0.009999-99.9-99.9-99.9-99.911.5 8328.8 57 23.3  11  8.728.224.8
5281120170101 38.8 26.2  0.009999-99.9-99.9-99.9-99.9 8.8 6329.6 61 23.8  14 11.323.4-9.9
5281120170102 34.4 22.6  0.009999-99.9-99.9-99.9-99.9 8.5 6129.1 72 23.6  13 10.322.816.2
5281120170103 42.0 26.6  0.009999-99.9-99.9-99.9-99.911.3 8127.6 46 22.5  16 13.027.8-9.9
5281120170104 34.9 24.8  4.519999-99.9-99.9-99.9-99.9 3.5 2625.8 68 21.5  15 11.814.222.6
5281120170105 31.6 20.9  0.009999-99.9-99.9-99.9-99.9 4.4 3226.1 75 21.8   9  6.915.7 9.6
5281120170106 34.3 21.8  0.009999-99.9-99.9-99.9-99.9 4.7 3426.8 69 22.2   9  6.916.212.2
5281120170107 36.2 23.5  0.009999-99.9-99.9-99.9-99.9 7.5 5430.3 74 24.2  10  8.321.115.0
5281120170108 39.9 25.0  1.219999-99.9-99.9-99.9-99.9 8.9 6430.1 65 24.1  13 10.323.520.0
5281120170109 36.5 22.8 24.019999-99.9-99.9-99.9-99.9 9.5 6829.7 70 23.9  14 10.924.518.0
5281120170110 31.9 22.0  0.009999-99.9-99.9-99.9-99.9 2.7 1927.3 85 22.5   9  7.412.6 8.0
5281120170111 33.3 20.9  0.009999-99.9-99.9-99.9-99.9 9.7 7026.0 68 21.7   7  5.824.913.2
5281120170112 35.4 23.3  0.009999-99.9-99.9-99.9-99.9 9.8 7128.9 67 23.4  11  9.225.018.2
5281120170113 39.5 25.0 45.519999-99.9-99.9-99.9-99.910.6 7730.1 59 24.1  12  9.526.523.3
5281120170114 32.1 22.7  0.009999-99.9-99.9-99.9-99.9 1.8 1330.0 90 24.1   5  4.111.1 5.7
5281120170115 27.2 20.3 26.819999-99.9-99.9-99.9-99.9-9.9 9927.6 96 22.6  10  8.2 5.9-9.9
5281120170116 31.2 17.0  0.009999-99.9-99.9-99.9-99.911.8 8623.2 75 19.9  10  8.128.413.8
5281120170117 34.0 18.9  0.009999-99.9-99.9-99.9-99.911.8 8624.7 71 20.8   5  4.328.412.5
5281120170118 35.4 20.3  0.009999-99.9-99.9-99.9-99.911.9 8724.7 59 20.8   4  3.628.713.2
5281120170119 36.2 23.6  0.009999-99.9-99.9-99.9-99.911.3 8326.0 58 21.6   9  6.927.619.2
5281120170120 36.4 21.8  0.009999-99.9-99.9-99.9-99.911.9 8722.1 52 18.9   7  5.328.618.4
5281120170121 38.2 22.6  0.009999-99.9-99.9-99.9-99.910.6 7826.7 58 22.1   7  5.326.216.0
5281120170122 36.9 23.6  0.219999-99.9-99.9-99.9-99.9 6.9 5128.0 64 22.9   6  4.619.812.2
5281120170123 35.1 22.8  0.009999-99.9-99.9-99.9-99.9 6.1 4524.6 67 20.7   6  5.018.413.0
5281120170124 36.9 19.5  0.009999-99.9-99.9-99.9-99.911.4 8423.0 57 19.7   7  5.527.716.4
5281120170125 33.5 22.3  0.009999-99.9-99.9-99.9-99.9 8.1 6018.4 48 15.9  14 10.821.9-9.9
5281120170126 30.4 15.5  0.009999-99.9-99.9-99.9-99.910.8 8015.4 53 13.4   9  7.426.421.3
5281120170127 32.3 12.8  0.009999-99.9-99.9-99.9-99.911.7 8615.1 52 13.1   3  2.627.911.1
5281120170128 33.4 15.2  0.009999-99.9-99.9-99.9-99.912.1 9016.1 46 14.1   8  6.828.720.0
5281120170129 35.2 18.0  0.009999-99.9-99.9-99.9-99.912.1 9017.4 48 15.2  10  7.728.723.5
5281120170130 38.0 20.3  0.009999-99.9-99.9-99.9-99.911.0 8221.0 48 18.1  10  7.826.623.3
5281120170131 38.3 22.3  0.009999-99.9-99.9-99.9-99.910.7 8024.1 53 20.5   9  7.226.221.2
5281120170201 32.3 21.9  0.009999-99.9-99.9-99.9-99.9 6.8 5123.9 69 20.2  12  9.419.316.8
5281120170202 34.1 18.4  0.009999-99.9-99.9-99.9-99.910.7 8021.8 63 18.8   5  3.826.111.9
5281120170203 36.6 18.4 19.219999-99.9-99.9-99.9-99.910.6 7920.8 55 18.1   6  4.725.815.5
5281120170204 28.1 18.7 29.019999-99.9-99.9-99.9-99.9 2.1 1524.1 94 20.4   9  6.911.1 8.1
5281120170205 29.4 17.2  0.009999-99.9-99.9-99.9-99.910.2 7719.0 68 16.6   9  7.125.114.0
5281120170206 28.9 15.6  0.009999-99.9-99.9-99.9-99.910.0 7518.8 67 16.5   6  4.524.710.6
5281120170207 30.9 19.0  0.009999-99.9-99.9-99.9-99.9 8.6 6520.3 61 17.7   8  6.622.114.6
5281120170208 33.7 20.3  0.009999-99.9-99.9-99.9-99.910.0 7622.1 60 19.1   9  7.124.617.2
5281120170209 36.7 21.9 33.519999-99.9-99.9-99.9-99.9 6.7 5126.7 68 22.1  10  7.818.914.4
5281120170210 28.0 21.1  0.519999-99.9-99.9-99.9-99.9-9.9 9927.3 98 22.5   7  5.8 6.7-9.9
5281120170211 26.5 21.7  0.009999-99.9-99.9-99.9-99.9 0.5  426.5 94 22.0  10  7.8 8.1 4.4
5281120170212 30.2 18.7  0.009999-99.9-99.9-99.9-99.910.1 7721.8 73 18.8  10  7.624.513.8
5281120170213 29.9 16.1  0.009999-99.9-99.9-99.9-99.911.1 8519.3 69 16.9   8  6.326.114.0
5281120170214 32.5 13.2  0.009999-99.9-99.9-99.9-99.910.6 8119.9 66 17.3   2  1.625.3 7.7
5281120170215 34.0 19.9  0.009999-99.9-99.9-99.9-99.9 8.3 6423.0 63 19.7   5  4.221.311.6
5281120170216 35.0 20.0  0.219999-99.9-99.9-99.9-99.9 4.9 3828.6 78 23.3   7  6.015.5 8.6
5281120170217 35.8 23.1  0.009999-99.9-99.9-99.9-99.9 7.8 6029.8 72 24.0  12  9.720.314.0
5281120170218 27.6 21.2  1.219999-99.9-99.9-99.9-99.9 3.7 2824.8 83 20.8  11  9.013.413.2
5281120170219 29.4 18.2  0.009999-99.9-99.9-99.9-99.9 5.0 3824.5 87 20.7   3  2.215.5 5.0
5281120170220 35.3 20.3  0.009999-99.9-99.9-99.9-99.9 8.3 6428.8 75 23.4   4  3.520.9 8.7
5281120170221 36.7 23.1 16.019999-99.9-99.9-99.9-99.9 4.8 3730.0 83 24.1   9  6.915.1 8.5
5281120170222 33.3 21.2-99.999999-99.9-99.9-99.9-99.9 8.0 6229.1 82 23.5   4  3.020.4 7.4
5281120170223 35.1 21.7-99.999999-99.9-99.9-99.9-99.9 9.2 7230.2 80 24.2   3  2.722.4 9.0
5281120170224 35.9 22.9-99.999999-99.9-99.9-99.9-99.9 9.9 7829.5 70 23.8   4  3.523.411.1
5281120170225 36.5 23.2-99.999999-99.9-99.9-99.9-99.9 9.3 7329.2 68 23.6   5  3.622.411.0
5281120170226 34.6 24.2-99.999999-99.9-99.9-99.9-99.9 6.0 4730.3 76 24.2   3  2.416.8 7.5
5281120170227 36.1 24.0-99.999999-99.9-99.9-99.9-99.9 6.5 5129.5 71 23.8   5  4.117.5 9.9
5281120170228 34.0 20.5-99.999999-99.9-99.9-99.9-99.9 9.8 7728.1 79 23.0   3  2.522.9 8.1
5281120170301 35.1 21.3-99.999999-99.9-99.9-99.9-99.9 9.5 7528.1 75 23.0   4  3.322.4 9.6
5281120170302 35.6 23.1-99.999999-99.9-99.9-99.9-99.910.1 8029.3 73 23.7   7  5.823.213.1
5281120170303 28.1 18.4-99.999999-99.9-99.9-99.9-99.9-9.9 9925.6 96 21.4  10  8.1 3.3-9.9
5281120170304 28.7 19.8-99.999999-99.9-99.9-99.9-99.9 3.7 2925.2 91 21.2   6  4.512.7 4.8
5281120170305 30.8 19.4  6.019999-99.9-99.9-99.9-99.9 4.6 3625.6 84 21.4   3  2.114.0 4.5
5281120170306 32.9 19.9  0.519999-99.9-99.9-99.9-99.9 7.9 6326.6 78 22.1   4  3.219.4 7.8
5281120170307 34.0 20.6-99.999999-99.9-99.9-99.9-99.9 9.1 7324.9 69 21.0   6  4.921.311.4
5281120170308 37.3 23.6-99.999999-99.9-99.9-99.9-99.9 8.9 7230.5 70 24.3  12  9.620.816.4
5281120170309 31.7 22.7  0.519999-99.9-99.9-99.9-99.9 5.6 4528.5 78 23.1   9  7.115.512.1
5281120170310 27.8 19.6  0.009999-99.9-99.9-99.9-99.9 3.3 2718.8 66 16.2   7  5.411.810.2
5281120170311 29.4 20.0  2.819999-99.9-99.9-99.9-99.9 2.4 2025.1 83 21.0   4  3.310.3 4.6
5281120170312 28.0 16.8  0.009999-99.9-99.9-99.9-99.910.2 8317.9 70 15.2   6  4.422.511.7
5281120170313 30.1  8.9  0.009999-99.9-99.9-99.9-99.910.5 8513.8 51 11.7   6  4.722.811.1
5281120170314 30.9 13.9  3.519999-99.9-99.9-99.9-99.910.2 8316.4 59 14.4   9  6.922.314.4
5281120170315 27.9 18.9 12.519999-99.9-99.9-99.9-99.9 0.3  323.2 98 19.8   3  2.6 6.8 2.9
5281120170316 24.3 14.9  0.009999-99.9-99.9-99.9-99.9 6.8 5617.4 79 15.1   6  4.616.9 7.9
5281120170317 23.6  9.5  0.009999-99.9-99.9-99.9-99.9 7.8 6414.1 78 12.1   3  2.218.3 5.1
5281120170318 26.8  9.6  0.009999-99.9-99.9-99.9-99.9 9.9 8215.8 74 13.8   4  3.321.5 7.1
5281120170319 28.1 12.4  0.009999-99.9-99.9-99.9-99.9 9.9 8216.1 72 14.0   4  3.121.4 7.6
5281120170320 28.2 12.9  0.009999-99.9-99.9-99.9-99.9 5.1 4219.4 81 16.9   2  1.813.9 4.1
5281120170321 28.1 16.5 57.519999-99.9-99.9-99.9-99.9 1.5 1223.1 93 19.8   3  2.3 8.3 2.5
5281120170322 23.2 20.1 19.519999-99.9-99.9-99.9-99.9-9.9 9925.2100 21.2   4  3.1 2.1-9.9
5281120170323 26.4 20.4  0.219999-99.9-99.9-99.9-99.9 0.9  825.6 98 21.5   2  1.8 7.3 2.2
5281120170324 31.8 17.1  0.009999-99.9-99.9-99.9-99.9 9.5 8025.6 83 21.4   3  2.120.3 6.1
5281120170325 25.9 20.2  2.519999-99.9-99.9-99.9-99.9-9.9 9927.6 99 22.6   5  3.9 2.9-9.9
5281120170326 28.1 19.5  0.009999-99.9-99.9-99.9-99.9 0.7  627.8 96 22.7   4  3.1 6.9 1.8
5281120170327 31.8 22.5  0.009999-99.9-99.9-99.9-99.9 6.1 5229.0 86 23.5   4  3.314.9 5.9
5281120170328 32.5 21.5  0.009999-99.9-99.9-99.9-99.9 6.9 5827.7 83 22.7   6  4.716.0 7.7
5281120170329 32.8 20.8  0.009999-99.9-99.9-99.9-99.9 7.4 6226.1 75 21.8   8  6.016.6 9.5
5281120170330 33.3 21.5  0.009999-99.9-99.9-99.9-99.9 3.0 2527.3 78 22.5   8  6.110.0 7.5
5281120170331 30.9 22.4  0.009999-99.9-99.9-99.9-99.9 1.5 1327.8 82 22.8   6  4.8 7.8 5.5
5281120170401 31.9 20.4  0.009999-99.9-99.9-99.9-99.9 7.1 6024.6 73 20.8   8  6.715.911.2
5281120170402 29.2 20.8  4.519999-99.9-99.9-99.9-99.9 0.7  625.4 84 21.3   9  7.1 6.6 7.1
5281120170403 23.8 18.7  0.009999-99.9-99.9-99.9-99.9-9.9 9923.3 97 19.9   3  2.7 4.5-9.9
5281120170404 28.8 17.2  0.009999-99.9-99.9-99.9-99.9 5.2 4424.3 87 20.6   2  1.912.9 3.9
5281120170405 29.8 18.3  0.009999-99.9-99.9-99.9-99.9 6.5 5623.9 84 20.3   3  2.314.7 5.1
5281120170406 30.1 14.3  0.009999-99.9-99.9-99.9-99.9 7.5 6421.3 81 18.4   7  5.416.0 7.6
5281120170407 31.1 18.8  0.009999-99.9-99.9-99.9-99.9 7.1 6123.7 75 20.1  10  7.815.310.4
5281120170408 24.6 15.9 27.819999-99.9-99.9-99.9-99.9-9.9 9919.7100 17.2   9  7.5 1.8-9.9
5281120170409 19.1 14.9  3.219999-99.9-99.9-99.9-99.9-9.9 9919.1 99 16.7   8  6.3 2.7-9.9
5281120170410 24.2 13.1  0.009999-99.9-99.9-99.9-99.9 8.4 7316.1 82 14.1   5  4.116.8 5.9
5281120170411 30.5  9.3  0.009999-99.9-99.9-99.9-99.9 8.9 7814.8 70 12.7   2  1.617.5 5.1
5281120170412 27.6 13.8  0.009999-99.9-99.9-99.9-99.9 8.5 7417.9 79 15.8   6  4.416.8 6.8
5281120170413 25.7 12.4  0.009999-99.9-99.9-99.9-99.9 8.6 7515.4 75 13.4   5  3.916.9 6.8
5281120170414 26.2  9.5  0.009999-99.9-99.9-99.9-99.9 7.2 6416.2 77 14.0   2  1.614.9 3.8
5281120170415 23.5 16.9  0.219999-99.9-99.9-99.9-99.9-9.9 9920.7 87 18.0   1  1.0 4.6-9.9
5281120170416 25.7 15.5  0.009999-99.9-99.9-99.9-99.9 5.3 4719.6 87 17.1   5  4.012.2 5.0
5281120170417 25.2 14.0  0.219999-99.9-99.9-99.9-99.9 3.6 3218.4 80 16.1   3  2.6 9.7 3.8
5281120170418 19.7 15.0  6.519999-99.9-99.9-99.9-99.9-9.9 9918.2 97 16.0   4  3.3 3.9-9.9
5281120170419 22.2 14.2  0.009999-99.9-99.9-99.9-99.9 0.8  718.1 95 15.9   3  2.2 5.9 1.6
5281120170420 26.3 11.5  0.009999-99.9-99.9-99.9-99.9 7.7 6917.0 84 14.9   3  2.015.0 3.9
5281120170421 26.8 11.1  0.009999-99.9-99.9-99.9-99.9 8.0 7216.3 82 14.2   2  1.915.3 4.2
5281120170422 28.0 12.8  0.009999-99.9-99.9-99.9-99.9 8.1 7215.6 72 13.6   6  5.115.3 7.9
5281120170423 27.7 13.7  0.009999-99.9-99.9-99.9-99.9 5.8 5217.5 75 15.4   7  5.612.2 7.3
5281120170424 27.5 15.8  0.219999-99.9-99.9-99.9-99.9 1.1 1022.1 94 19.0   3  2.3 6.2 2.3
5281120170425 23.1 13.4 16.219999-99.9-99.9-99.9-99.9-9.9 9919.9100 17.1   5  4.1 3.0-9.9
5281120170426 21.6  6.9  0.219999-99.9-99.9-99.9-99.9 8.6 7810.6 77  7.7   4  2.815.6 5.2
5281120170427 26.8  5.1  0.009999-99.9-99.9-99.9-99.9 8.6 7811.0 58  8.2   4  3.215.5 5.6
5281120170428-99.9-99.9-99.999999-99.9-99.9-99.9-99.9 5.0 4511.6 59  9.2 -99-99.910.8-9.9
5281120170429 27.5  8.8  0.009999-99.9-99.9-99.9-99.9 6.0 5411.7 62  9.2   7  5.412.0 9.6
5281120170430 28.3  8.2  0.009999-99.9-99.9-99.9-99.9 5.7 5212.7 58 10.4   6  5.111.6 9.0
5281120170501 28.2  9.7  0.009999-99.9-99.9-99.9-99.9 5.5 5013.4 61 11.3   5  4.211.3 7.7
5281120170502 29.6 13.2  0.009999-99.9-99.9-99.9-99.9 4.4 4118.3 71 15.9   7  5.4 9.9 6.9
5281120170503 28.0 17.6  0.009999-99.9-99.9-99.9-99.9 1.4 1320.3 81 17.7   2  1.6 6.1 3.2
5281120170504 29.9 14.3  0.009999-99.9-99.9-99.9-99.9 3.2 2919.5 80 17.0   3  2.1 8.2 3.1
5281120170505 29.6 15.6  0.009999-99.9-99.9-99.9-99.9 4.6 4319.7 77 17.2   6  5.1 9.9 6.5
5281120170506 28.2 15.3  0.519999-99.9-99.9-99.9-99.9 4.7 4420.7 79 18.0  10  8.010.0 7.5
5281120170507 32.2 21.7  0.219999-99.9-99.9-99.9-99.9 1.3 1226.6 83 22.1   9  6.8 5.8 6.5
5281120170508 24.6 16.3  0.219999-99.9-99.9-99.9-99.9 3.4 3219.4 82 16.9   8  6.5 8.3 7.3
5281120170509 23.0 11.1  0.009999-99.9-99.9-99.9-99.9 3.0 2815.4 80 13.4   5  3.6 7.7 4.4
5281120170510 23.9 14.1  0.009999-99.9-99.9-99.9-99.9 2.4 2315.5 76 13.5   7  5.5 7.0 5.5
5281120170511 20.8 14.7  7.819999-99.9-99.9-99.9-99.9-9.9 9918.0 93 15.8   6  4.6 1.4-9.9
5281120170512 17.9 15.8  0.009999-99.9-99.9-99.9-99.9-9.9 9918.2 94 16.0   6  4.7 1.2-9.9
5281120170513 19.6 15.3  0.519999-99.9-99.9-99.9-99.9-9.9 9917.0 91 14.9   6  5.0 2.4-9.9
5281120170514 19.1 14.5  0.009999-99.9-99.9-99.9-99.9-9.9 9916.7 89 14.6   3  2.6 2.1-9.9
5281120170515 20.1 12.0  0.219999-99.9-99.9-99.9-99.9-9.9 9916.7 87 14.6   1  1.0 2.1-9.9
5281120170516 21.8 12.2  0.009999-99.9-99.9-99.9-99.9-9.9 9916.1 82 14.0   4  3.2 3.9-9.9
5281120170517 24.4 15.4  0.009999-99.9-99.9-99.9-99.9 1.5 1417.7 80 15.5   6  5.1 5.6 4.4
5281120170518 26.6 16.1  0.519999-99.9-99.9-99.9-99.9 2.3 2218.8 80 16.4   4  3.1 6.6 3.6
5281120170519 21.5 11.8  0.009999-99.9-99.9-99.9-99.9 4.1 3912.4 71 10.0   6  5.0 8.6 6.9
5281120170520 23.9  2.9  0.009999-99.9-99.9-99.9-99.9 5.2 4910.1 75  7.0   2  1.5 9.7 3.0
5281120170521 26.2  5.6  0.009999-99.9-99.9-99.9-99.9 5.1 4912.0 68  9.6   4  3.5 9.6 4.8
5281120170522 25.4 10.8  0.009999-99.9-99.9-99.9-99.9 3.0 2814.2 77 12.1   8  6.8 7.1 7.5
5281120170523 24.1 12.8  0.009999-99.9-99.9-99.9-99.9 2.4 2316.6 76 14.4   3  2.0 6.4 2.6
5281120170524 20.5 14.3  2.219999-99.9-99.9-99.9-99.9-9.9 9915.6 75 13.4   2  1.4 1.3-9.9
5281120170525 18.2 15.9  0.009999-99.9-99.9-99.9-99.9-9.9 9912.4 65 10.0   5  4.0 1.1-9.9
5281120170526 16.3 13.0  0.009999-99.9-99.9-99.9-99.9-9.9 9913.7 91 11.6   7  6.0 1.9-9.9
5281120170527 18.9  5.0  0.009999-99.9-99.9-99.9-99.9 2.5 24 9.9 76  6.7   4  3.3 6.5 3.7
5281120170528 18.6  5.2  0.009999-99.9-99.9-99.9-99.9 4.7 45 9.7 79  6.3   4  2.9 8.8 3.1
5281120170529 17.8  3.3  0.009999-99.9-99.9-99.9-99.9 0.5  510.7 76  7.1   2  1.9 4.3 1.4
5281120170530 15.1 12.5  2.819999-99.9-99.9-99.9-99.9-9.9 99 9.9 63  6.7   6  4.6 1.4-9.9
5281120170531 19.0  8.7  0.219999-99.9-99.9-99.9-99.9 2.8 2710.3 68  7.0   4  3.6 6.7 4.8
5281120170601 20.6  2.3  0.009999-99.9-99.9-99.9-99.9 5.1 49 8.3 60  3.7   2  1.6 9.1 2.7
5281120170602 21.8  2.4  0.009999-99.9-99.9-99.9-99.9 4.8 4610.7 77  7.4   5  4.4 8.7 4.1
5281120170603 19.6  9.6  0.009999-99.9-99.9-99.9-99.9 0.4  412.2 75  9.3   7  5.6 4.1 5.0
5281120170604 21.4  7.1  0.009999-99.9-99.9-99.9-99.9 3.1 3010.8 67  6.8   3  2.3 6.9 3.1
5281120170605 17.7  9.0  0.009999-99.9-99.9-99.9-99.9 0.2  211.0 73  7.7   5  3.7 3.8 4.2
5281120170606 18.8  6.2  0.009999-99.9-99.9-99.9-99.9 3.7 36 9.6 69  5.8   1  1.2 7.5 2.1
5281120170607 14.2  4.4  2.819999-99.9-99.9-99.9-99.9-9.9 99 8.1 60  3.5   3  2.1 0.3-9.9
5281120170608 16.2  4.1  0.009999-99.9-99.9-99.9-99.9 3.1 30 7.9 65  3.2   9  7.2 6.9 8.5
5281120170609 20.0 -1.3  0.009999-99.9-99.9-99.9-99.9 4.5 44 7.0 68  1.8   2  1.8 8.3 3.0
5281120170610 25.3  3.7  0.009999-99.9-99.9-99.9-99.9 4.7 45 8.7 54  5.0   6  4.7 8.4 7.3
5281120170611 23.4  5.8  0.009999-99.9-99.9-99.9-99.9 4.6 4510.6 75  7.7   5  4.4 8.4 5.3
5281120170612 21.8  3.7  0.009999-99.9-99.9-99.9-99.9 4.3 4211.1 78  8.2   4  3.1 8.1 2.8
5281120170613 24.5  6.6  0.009999-99.9-99.9-99.9-99.9 4.6 4411.5 67  8.5   4  3.6 8.3 4.9
5281120170614 26.5  9.4  0.009999-99.9-99.9-99.9-99.9 3.1 3115.0 65 11.9   9  6.9 6.8 5.7
5281120170615 27.1 18.6  0.009999-99.9-99.9-99.9-99.9-9.9 9917.8 63 14.7  10  8.1 2.0-9.9
5281120170616 30.9 21.4  0.009999-99.9-99.9-99.9-99.9 1.0 1021.7 67 18.6  13 10.0 4.613.4
5281120170617 26.0 19.1  0.009999-99.9-99.9-99.9-99.9-9.9 9920.6 81 17.5   8  6.2 2.9-9.9
5281120170618 20.5  8.0  0.009999-99.9-99.9-99.9-99.9-9.9 99 6.2 50  0.1  13 10.2 2.5-9.9
5281120170619 14.4 -4.2  0.009999-99.9-99.9-99.9-99.9 5.1 50 5.3 64 -2.1   2  1.2 8.8 2.1
5281120170620 16.1 -3.2  0.009999-99.9-99.9-99.9-99.9 4.3 42 7.7 74  2.9   7  5.6 7.9 3.5
5281120170621 29.9  6.7  0.009999-99.9-99.9-99.9-99.9 2.9 2911.1 71  8.4  10  8.1 6.5 7.6
5281120170622 30.6 12.1  0.009999-99.9-99.9-99.9-99.9 4.1 4015.8 55 13.5  15 12.3 7.715.6
5281120170623 29.2 17.9  0.009999-99.9-99.9-99.9-99.9 2.3 2220.2 73 17.6  12  9.3 5.911.3
5281120170624 31.5 14.7  0.009999-99.9-99.9-99.9-99.9 4.0 3920.7 73 17.9  10  8.3 7.711.7
5281120170625 32.1 21.5  0.009999-99.9-99.9-99.9-99.9 4.0 3920.9 60 18.1  21 16.6 7.7-9.9
5281120170626 28.5 21.5  0.009999-99.9-99.9-99.9-99.9-9.9 9919.4 63 17.0  18 14.6 2.9-9.9
5281120170627 24.6 15.4  0.009999-99.9-99.9-99.9-99.9-9.9 9917.8 87 15.6  15 12.2 1.0-9.9
5281120170628 16.4 11.8  0.009999-99.9-99.9-99.9-99.9-9.9 9913.8 93 11.7  11  9.1 1.1-9.9
5281120170629 20.9 11.3  0.009999-99.9-99.9-99.9-99.9 2.5 2412.4 78 10.0   3  2.8 6.1 3.1
5281120170630 17.5  6.5  0.009999-99.9-99.9-99.9-99.9-9.9 99 9.7 78  5.7   3  2.6 3.3-9.9
5281120170701 18.1  2.6  0.009999-99.9-99.9-99.9-99.9 0.9  910.8 86  7.1   4  3.5 4.5 1.7
5281120170702 24.7  7.8  0.009999-99.9-99.9-99.9-99.9 1.9 1812.7 67 10.3  10  7.8 5.5 8.2
5281120170703 26.9  9.4  0.009999-99.9-99.9-99.9-99.9 2.3 2316.3 80 14.2  15 11.9 6.0 8.3
5281120170704 26.6 12.9  0.009999-99.9-99.9-99.9-99.9 2.4 2315.9 71 13.9  21 16.5 6.117.9
5281120170705 24.2 15.9  0.009999-99.9-99.9-99.9-99.9 1.6 1517.6 80 15.4  10  7.9 5.2 7.6
5281120170706 22.0 14.8  1.819999-99.9-99.9-99.9-99.9 2.5 2417.8 91 15.7  11  8.8 6.2 3.5
5281120170707 14.9 12.3 24.519999-99.9-99.9-99.9-99.9 3.6 3511.7 74  9.1  11  9.2 7.4 8.0
5281120170708 12.4 11.2  3.019999-99.9-99.9-99.9-99.9 4.9 4810.4 78  7.6   9  7.1 8.8 6.2
5281120170709 18.3 11.4  0.009999-99.9-99.9-99.9-99.9 7.0 6815.0 89 12.7   5  3.611.1 2.0
5281120170710 17.0 12.2  0.519999-99.9-99.9-99.9-99.9 4.4 4314.7 94 12.7  15 12.0 8.3 5.4
5281120170711 12.4 11.2  0.519999-99.9-99.9-99.9-99.9 6.8 6513.3 96 11.2   9  7.210.9 2.0
5281120170712 20.9 12.4  0.009999-99.9-99.9-99.9-99.9 4.7 4516.8 93 14.5   4  2.8 8.7 1.2
5281120170713 30.6 11.5  0.009999-99.9-99.9-99.9-99.9 6.1 5917.7 70 15.5  11  9.010.310.6
5281120170714 20.0 12.6  0.009999-99.9-99.9-99.9-99.9-9.9 9917.2100 15.1  10  8.3 2.3-9.9
5281120170715 25.4  9.9  0.009999-99.9-99.9-99.9-99.9 3.5 3313.1 76 10.2  15 11.8 7.5 7.9
5281120170716 12.8  2.7  0.009999-99.9-99.9-99.9-99.9 0.5  5 7.0 78  1.8  18 14.2 4.315.9
5281120170717 14.0 -4.2  0.009999-99.9-99.9-99.9-99.911.7 99 5.1 60 -2.7   5  3.716.5-9.9
5281120170718 17.7 -1.3  0.009999-99.9-99.9-99.9-99.9-9.9 99 4.9 46 -3.0  11  8.626.2-9.9
5281120170719 20.3 -0.4  0.009999-99.9-99.9-99.9-99.9-9.9 99 5.7 52 -0.9  11  8.530.5-9.9
5281120170720 23.2  3.1  0.009999-99.9-99.9-99.9-99.9-9.9 99 6.3 48  0.4  10  8.239.4-9.9
5281120170721 23.2  0.3  0.009999-99.9-99.9-99.9-99.9-9.9 99 7.3 58  2.4   4  3.038.9-9.9
5281120170722 26.2  5.7  0.009999-99.9-99.9-99.9-99.912.7 9910.2 60  7.1  13 10.618.0-9.9
5281120170723 30.8 14.7  0.009999-99.9-99.9-99.9-99.9-9.9 9916.3 63 14.2  11  9.026.5-9.9
5281120170724 20.6 12.1  0.009999-99.9-99.9-99.9-99.9-9.9 9913.9 78 11.8  16 12.542.5-9.9
5281120170725 15.7 12.9  0.009999-99.9-99.9-99.9-99.9-9.9 9916.0 99 14.0  11  8.4-9.9-9.9
5281120170726 24.3 12.9  0.009999-99.9-99.9-99.9-99.9-9.9 9916.8 88 14.7   6  4.848.8-9.9
5281120170727 30.8 12.9  0.009999-99.9-99.9-99.9-99.9-9.9 9914.7 57 12.5  10  8.149.9-9.9
5281120170728 32.3 15.3  0.009999-99.9-99.9-99.9-99.9-9.9 9913.5 50 11.4  17 13.349.5-9.9
5281120170729 33.3 15.3  0.009999-99.9-99.9-99.9-99.9-9.9 9914.7 58 12.6  17 13.4-9.9-9.9
5281120170730 20.3 11.6  0.009999-99.9-99.9-99.9-99.9-9.9 9912.3 81 10.0  20 16.1-9.9-9.9
5281120170731 11.9  9.1  0.009999-99.9-99.9-99.9-99.9-9.9 9912.6100 10.4  12  9.2-9.9-9.9
5281120170801 12.5 10.1  0.819999-99.9-99.9-99.9-99.9-9.9 9913.1 99 10.9  10  7.9-9.9-9.9
5281120170802 15.5  8.9  0.009999-99.9-99.9-99.9-99.9-9.9 9913.2100 10.8  15 12.2-9.9-9.9
5281120170803 18.7  0.6  0.219999-99.9-99.9-99.9-99.9-9.9 9910.6 86  7.4   6  4.8-9.9-9.9
5281120170804 21.9  3.0  0.009999-99.9-99.9-99.9-99.9-9.9 9911.6 75  9.0   8  6.5-9.9-9.9
5281120170805 25.1  7.5  0.009999-99.9-99.9-99.9-99.9-9.9 9912.8 70 10.6  13 10.2-9.9-9.9
5281120170806 30.1 11.4  0.009999-99.9-99.9-99.9-99.9-9.9 9915.3 67 13.3  12  9.642.1-9.9
5281120170807 33.0 18.1  0.009999-99.9-99.9-99.9-99.9-9.9 9919.4 69 17.0  10  7.632.4-9.9
5281120170808 22.6  9.1  0.009999-99.9-99.9-99.9-99.9-9.9 9916.6 94 14.3  14 11.5-9.9-9.9
5281120170809 24.3  5.9  0.009999-99.9-99.9-99.9-99.9-9.9 9912.4 65  9.9  10  7.8-9.9-9.9
5281120170810 24.1 13.3  0.009999-99.9-99.9-99.9-99.9-9.9 9917.3 86 15.2   8  6.4-9.9-9.9
5281120170811 21.2 12.6  1.019999-99.9-99.9-99.9-99.9-9.9 9918.0 96 15.8  12  9.8-9.9-9.9
5281120170812 19.3 11.4  0.009999-99.9-99.9-99.9-99.9-9.9 9913.8 84 11.7  17 13.7-9.9-9.9
5281120170813 21.6  2.4  0.009999-99.9-99.9-99.9-99.9-9.9 99 7.8 57  3.1   6  4.6-9.9-9.9
5281120170814 25.6  6.2  0.009999-99.9-99.9-99.9-99.9-9.9 9910.2 57  7.1  12  9.7-9.9-9.9
5281120170815 25.4  7.8  0.009999-99.9-99.9-99.9-99.9-9.9 9912.1 66  9.7  10  8.1-9.9-9.9
5281120170816 24.1  7.1  0.009999-99.9-99.9-99.9-99.9-9.9 9912.5 72 10.2   6  4.8-9.9-9.9
5281120170817 25.6  5.5  0.009999-99.9-99.9-99.9-99.9-9.9 9912.5 67 10.2   9  7.1-9.9-9.9
5281120170818 30.2 11.2  0.009999-99.9-99.9-99.9-99.9-9.9 9915.3 62 13.3  16 12.6-9.9-9.9
5281120170819 21.7 13.1  0.009999-99.9-99.9-99.9-99.9-9.9 9914.8 65 12.2  13 10.6-9.9-9.9
5281120170820 21.3  1.7  0.009999-99.9-99.9-99.9-99.9-9.9 99 9.1 62  5.4   5  3.8-9.9-9.9
5281120170821 22.7  6.7  0.009999-99.9-99.9-99.9-99.9-9.9 99 7.7 45  3.0  15 12.0-9.9-9.9
5281120170822 26.7  5.3  0.009999-99.9-99.9-99.9-99.9-9.9 99 9.4 53  5.9  17 13.6-9.9-9.9
5281120170823 28.4 12.2  0.009999-99.9-99.9-99.9-99.9-9.9 9915.8 67 13.7  12  9.9-9.9-9.9
5281120170824 27.1 11.9  0.009999-99.9-99.9-99.9-99.9-9.9 9918.0 81 15.6   5  4.4-9.9-9.9
5281120170825 31.7 17.5  3.519999-99.9-99.9-99.9-99.9-9.9 9923.4 84 20.0  11  8.6-9.9-9.9
5281120170826 23.5 13.8  0.009999-99.9-99.9-99.9-99.9-9.9 9916.9 95 14.8  16 12.8-9.9-9.9
5281120170827 22.2 15.5  0.009999-99.9-99.9-99.9-99.9-9.9 9916.8 80 14.4   5  4.3-9.9-9.9
5281120170828 29.4 18.6  0.009999-99.9-99.9-99.9-99.9-9.9 9922.0 77 18.3   6  5.1-9.9-9.9
5281120170829 23.4 13.8  0.009999-99.9-99.9-99.9-99.9-9.9 9914.1 76 11.9  21 16.5-9.9-9.9
5281120170830 18.5  8.7  0.009999-99.9-99.9-99.9-99.9-9.9 99 8.6 51  4.5   5  4.0-9.9-9.9
5281120170831 21.6  7.6  0.009999-99.9-99.9-99.9-99.9-9.9 9911.7 68  9.1   7  5.3-9.9-9.9
5281120170901 30.6  9.1  0.009999-99.9-99.9-99.9-99.9-9.9 9916.5 67 14.2  12  9.5-9.9-9.9
5281120170902 37.6 19.4  0.009999-99.9-99.9-99.9-99.9-9.9 9921.2 66 18.4  16 12.5-9.9-9.9
5281120170903 24.8 13.1  0.219999-99.9-99.9-99.9-99.9-9.9 9916.1 80 14.0  17 13.8-9.9-9.9
5281120170904 17.1 11.5  0.009999-99.9-99.9-99.9-99.9-9.9 9912.9 73 10.6  17 13.2-9.9-9.9
5281120170905 22.3  3.8  0.009999-99.9-99.9-99.9-99.9-9.9 9910.3 64  7.2   7  5.4-9.9-9.9
5281120170906 23.6  7.0  0.819999-99.9-99.9-99.9-99.9-9.9 9914.1 74 11.2  10  7.8-9.9-9.9
5281120170907 20.4 15.9  0.009999-99.9-99.9-99.9-99.9-9.9 9912.1 66  8.5   5  4.4-9.9-9.9
5281120170908 21.7 14.6  0.009999-99.9-99.9-99.9-99.9-9.9 9912.9 62  9.5   7  5.5-9.9-9.9
5281120170909 22.4 17.2  0.219999-99.9-99.9-99.9-99.9-9.9 9911.6 58  8.2  10  8.4-9.9-9.9
5281120170910 18.0 10.3  8.219999-99.9-99.9-99.9-99.9-9.9 99 9.2 64  5.4  13 10.1-9.9-9.9
5281120170911 22.3  3.1  0.009999-99.9-99.9-99.9-99.9-9.9 99 9.1 62  5.1   7  5.3-9.9-9.9
5281120170912 20.5 10.6  0.009999-99.9-99.9-99.9-99.9-9.9 9912.1 66  9.6   6  5.1-9.9-9.9
5281120170913 19.4  9.2  0.009999-99.9-99.9-99.9-99.9-9.9 9913.9 76 11.3   4  3.5-9.9-9.9
5281120170914 26.5  7.3  0.009999-99.9-99.9-99.9-99.9-9.9 9911.0 69  7.6   3  2.5-9.9-9.9
5281120170915 20.0 10.3  0.009999-99.9-99.9-99.9-99.9-9.9 9910.5 63  7.4  13 10.7-9.9-9.9
5281120170916 23.4  5.7  0.009999-99.9-99.9-99.9-99.9-9.9 9910.9 75  7.7   6  4.5-9.9-9.9
5281120170917 25.5  7.4  0.009999-99.9-99.9-99.9-99.9-9.9 9911.2 62  8.4   8  6.4-9.9-9.9
5281120170918 27.6 10.9  0.009999-99.9-99.9-99.9-99.9-9.9 9914.0 66 11.7  10  8.4-9.9-9.9
5281120170919 32.5 13.9  0.009999-99.9-99.9-99.9-99.9-9.9 9917.2 61 14.8  14 11.5-9.9-9.9
5281120170920 38.8 18.4  0.219999-99.9-99.9-99.9-99.9-9.9 9918.2 53 15.6  22 17.8-9.9-9.9
5281120170921 18.6 10.4  0.219999-99.9-99.9-99.9-99.9-9.9 99 9.1 57  5.0  18 14.5-9.9-9.9
5281120170922 20.4  9.5  0.009999-99.9-99.9-99.9-99.9-9.9 99 9.9 62  5.3   7  5.3-9.9-9.9
5281120170923 24.3  7.8  0.009999-99.9-99.9-99.9-99.9-9.9 9910.0 57  5.5   6  4.5-9.9-9.9
5281120170924 28.2 12.4  0.009999-99.9-99.9-99.9-99.9-9.9 9917.7 75 15.1  10  7.9-9.9-9.9
5281120170925 30.7 16.4  0.009999-99.9-99.9-99.9-99.9-9.9 9917.9 69 13.8   5  4.1-9.9-9.9
5281120170926 34.4 19.4  0.819999-99.9-99.9-99.9-99.9-9.9 9917.7 62 13.7  11  8.7-9.9-9.9
5281120170927 27.1 11.2 46.819999-99.9-99.9-99.9-99.9-9.9 99 5.1 39 -2.5  18 14.3-9.9-9.9
5281120170928 16.7 12.3  5.519999-99.9-99.9-99.9-99.9-9.9 99 4.7 31 -3.8   6  4.6-9.9-9.9
5281120170929 21.8 15.1  0.009999-99.9-99.9-99.9-99.9-9.9 99 9.6 46  3.8   4  3.2-9.9-9.9
5281120170930 31.1 16.6  0.219999-99.9-99.9-99.9-99.9-9.9 9916.4 50 11.3  12  9.5-9.9-9.9
5281120171001 23.5 12.8  0.219999-99.9-99.9-99.9-99.9-9.9 9912.3 70  9.9  20 15.6-9.9-9.9
5281120171002 26.0  5.6  0.009999-99.9-99.9-99.9-99.9-9.9 9910.3 63  7.2   8  6.1-9.9-9.9
5281120171003 32.1  9.3  0.009999-99.9-99.9-99.9-99.9-9.9 9911.2 38  8.6  11  8.9-9.9-9.9
5281120171004 33.6 14.7  0.009999-99.9-99.9-99.9-99.9-9.9 9911.6 36  9.0  18 14.3-9.9-9.9
5281120171005 28.7 17.2  0.009999-99.9-99.9-99.9-99.9-9.9 9915.2 62 12.8  12  9.5-9.9-9.9
5281120171006 29.6 13.9  0.009999-99.9-99.9-99.9-99.9-9.9 9914.1 60 11.8  10  8.0-9.9-9.9
5281120171007 27.8 12.1  0.009999-99.9-99.9-99.9-99.9-9.9 9915.8 63 13.8  10  8.0-9.9-9.9
5281120171008 29.7 13.4  0.009999-99.9-99.9-99.9-99.9-9.9 9920.3 79 17.4   8  6.5-9.9-9.9
5281120171009 26.6 11.9  0.009999-99.9-99.9-99.9-99.9-9.9 9914.4 67 12.3   8  6.6-9.9-9.9
5281120171010 23.4 15.3  0.519999-99.9-99.9-99.9-99.9-9.9 9918.5 82 16.1   6  5.0-9.9-9.9
5281120171011 20.4 14.4  6.019999-99.9-99.9-99.9-99.9-9.9 99 9.2 47  5.2  12  9.7-9.9-9.9
5281120171012 15.7 13.0  0.819999-99.9-99.9-99.9-99.9-9.9 99 6.9 42  1.7  15 12.1-9.9-9.9
5281120171013 17.8 10.0  0.009999-99.9-99.9-99.9-99.9-9.9 9910.4 70  6.7  13 10.5-9.9-9.9
5281120171014 24.2  3.1  0.009999-99.9-99.9-99.9-99.9-9.9 9910.7 66  7.2   4  3.0-9.9-9.9
5281120171015 26.8  9.2  0.009999-99.9-99.9-99.9-99.9-9.9 9912.4 53 10.0  10  8.3-9.9-9.9
5281120171016 32.5 12.5  0.009999-99.9-99.9-99.9-99.9-9.9 9916.7 59 14.4  11  8.8-9.9-9.9
5281120171017 37.2 21.9  0.009999-99.9-99.9-99.9-99.9-9.9 9925.5 70 21.4  10  7.6-9.9-9.9
5281120171018 38.0 20.2  0.009999-99.9-99.9-99.9-99.9-9.9 9923.0 63 18.9  10  7.8-9.9-9.9
5281120171019 28.7 15.7  0.009999-99.9-99.9-99.9-99.9-9.9 9914.9 60 12.8  13 10.4-9.9-9.9
5281120171020 31.7 15.6  0.009999-99.9-99.9-99.9-99.9-9.9 9919.6 64 16.7  11  8.4-9.9-9.9
5281120171021 26.4 13.1  0.009999-99.9-99.9-99.9-99.9-9.9 9916.4 85 14.1  15 11.8-9.9-9.9
5281120171022 24.1  3.9  0.009999-99.9-99.9-99.9-99.9-9.9 9910.4 53  7.4   4  3.3-9.9-9.9
5281120171023 27.8 11.0  0.009999-99.9-99.9-99.9-99.9-9.9 9911.4 44  8.7  13 10.2-9.9-9.9
5281120171024 33.3 11.5  0.009999-99.9-99.9-99.9-99.9-9.9 9914.4 49 12.3  10  8.3-9.9-9.9
5281120171025 33.9 17.6 17.219999-99.9-99.9-99.9-99.9-9.9 9920.1 60 17.5   9  7.6-9.9-9.9
5281120171026 27.9 19.1 10.519999-99.9-99.9-99.9-99.9-9.9 9918.2 71 15.2   7  5.8-9.9-9.9
5281120171027 27.5 16.8  0.219999-99.9-99.9-99.9-99.9-9.9 9916.3 72 13.9  10  8.3-9.9-9.9
5281120171028 30.0 13.8  0.009999-99.9-99.9-99.9-99.9-9.9 9915.6 59 13.5   9  7.1-9.9-9.9
5281120171029 32.9 15.5  3.219999-99.9-99.9-99.9-99.9-9.9 9919.4 70 16.8   9  7.6-9.9-9.9
5281120171030 29.2 17.3  0.009999-99.9-99.9-99.9-99.9-9.9 9917.4 62 14.9  10  7.6-9.9-9.9
5281120171031 30.5 14.0  0.009999-99.9-99.9-99.9-99.9-9.9 9913.1 52 10.7  11  8.4-9.9-9.9
5281120171101 33.7 15.3  0.009999-99.9-99.9-99.9-99.9-9.9 9912.8 35 10.6  17 13.5-9.9-9.9
5281120171102 39.2 20.0  2.519999-99.9-99.9-99.9-99.9-9.9 99-9.9 30-99.9  16 12.7-9.9-9.9
5281120171103-99.9-99.9 18.519999-99.9-99.9-99.9-99.9-9.9 99-9.9-99-99.9  11  9.0-9.9-9.9
5281120171104-99.9-99.9  0.009999-99.9-99.9-99.9-99.9-9.9 99-9.9-99-99.9  11  8.8-9.9-9.9
5281120171105-99.9-99.9  0.009999-99.9-99.9-99.9-99.9-9.9 99-9.9-99-99.9  12  9.6-9.9-9.9
5281120171106-99.9-99.9  0.009999-99.9-99.9-99.9-99.9-9.9 99-9.9-99-99.9  12 10.0-9.9-9.9
5281120171107-99.9-99.9  0.009999-99.9-99.9-99.9-99.9-9.9 99-9.9-99-99.9  13 10.8-9.9-9.9
5281120171108-99.9-99.9  0.219999-99.9-99.9-99.9-99.9-9.9 99-9.9-99-99.9  12  9.9-9.9-9.9
5281120171109-99.9-99.9  4.019999-99.9-99.9-99.9-99.9-9.9 99-9.9-99-99.9  10  7.9-9.9-9.9
5281120171110-99.9-99.9  0.009999-99.9-99.9-99.9-99.9-9.9 99-9.9-99-99.9   8  6.1-9.9-9.9
5281120171111-99.9-99.9  0.009999-99.9-99.9-99.9-99.9-9.9 99-9.9-99-99.9   7  5.7-9.9-9.9
5281120171112-99.9-99.9  0.009999-99.9-99.9-99.9-99.9-9.9 99-9.9-99-99.9  13 10.6-9.9-9.9
5281120171113 36.4 26.9  0.009999-99.9-99.9-99.9-99.9-9.9 99-9.9 16-99.9  14 11.6-9.9-9.9
5281120171114 37.9 17.7  0.009999-99.9-99.9-99.9-99.9-9.9 9915.0 34 13.0  12 10.0-9.9-9.9
5281120171115 43.2 20.0  0.009999-99.9-99.9-99.9-99.9-9.9 9914.2 28 11.7  20 15.9-9.9-9.9
5281120171116 26.9 16.5  0.009999-99.9-99.9-99.9-99.9-9.9 9910.0 42  6.9  18 14.2-9.9-9.9
5281120171117 32.2 11.1  0.009999-99.9-99.9-99.9-99.9-9.9 9913.2 53 11.0  10  7.8-9.9-9.9
5281120171118 25.0 15.1  0.009999-99.9-99.9-99.9-99.9-9.9 99 8.2 42  4.0  12  9.3-9.9-9.9
5281120171119 34.8  9.2  0.009999-99.9-99.9-99.9-99.9-9.9 9910.8 32  8.1  11  9.1-9.9-9.9
5281120171120 36.3 17.4  3.819999-99.9-99.9-99.9-99.9-9.9 9911.8 29  9.3  16 12.5-9.9-9.9
5281120171121 27.7 15.5  0.009999-99.9-99.9-99.9-99.9-9.9 9916.4 69 14.3  15 11.8-9.9-9.9
5281120171122 32.3 12.3  0.009999-99.9-99.9-99.9-99.9-9.9 9913.0 47 10.7  13 10.2-9.9-9.9
5281120171123 37.1 15.4  0.009999-99.9-99.9-99.9-99.9-9.9 9910.6 26  7.7  17 13.3-9.9-9.9
5281120171124 33.0 18.3 13.219999-99.9-99.9-99.9-99.9-9.9 9915.5 48 13.3  16 13.0-9.9-9.9
5281120171125 24.6 16.2  0.009999-99.9-99.9-99.9-99.9-9.9 99-9.9-99-99.9 -99-99.9-9.9-9.9
5281120171126-99.9-99.9  0.009999-99.9-99.9-99.9-99.9-9.9 99-9.9-99-99.9 -99-99.9-9.9-9.9
5281120171127-99.9-99.9  0.009999-99.9-99.9-99.9-99.9-9.9 99-9.9-99-99.9 -99-99.9-9.9-9.9
5281120171128-99.9-99.9  0.009999-99.9-99.9-99.9-99.9-9.9 99-9.9-99-99.9 -99-99.9-9.9-9.9
5281120171129-99.9-99.9  0.009999-99.9-99.9-99.9-99.9-9.9 99-9.9-99-99.9 -99-99.9-9.9-9.9
5281120171130 35.8 21.0  0.009999-99.9-99.9-99.9-99.9-9.9 99-9.9 45-99.9 -99-99.9-9.9-9.9
5281120171201 35.5 16.0 40.819999-99.9-99.9-99.9-99.9-9.9 9917.3 43 15.1   6  4.8-9.9-9.9
5281120171202 27.1 18.9 19.519999-99.9-99.9-99.9-99.9-9.9 9915.3 50 13.0   5  4.3-9.9-9.9
5281120171203 29.7 19.9  2.819999-99.9-99.9-99.9-99.9-9.9 9918.0 63 15.1   8  6.8-9.9-9.9
5281120171204 29.4 17.6  0.009999-99.9-99.9-99.9-99.9-9.9 9918.1 66 15.4   9  6.9-9.9-9.9
5281120171205 30.6 18.7  0.009999-99.9-99.9-99.9-99.9-9.9 9919.0 66 16.4   6  4.5-9.9-9.9
5281120171206 33.5 20.2  0.009999-99.9-99.9-99.9-99.9-9.9 9920.8 64 18.0   5  3.7-9.9-9.9
5281120171207 36.1 18.8  0.009999-99.9-99.9-99.9-99.9-9.9 9919.2 46 16.6   5  3.9-9.9-9.9
5281120171208 38.2 21.0 12.219999-99.9-99.9-99.9-99.9-9.9 9921.5 53 18.6  16 12.6-9.9-9.9
5281120171209 33.7 20.0  0.009999-99.9-99.9-99.9-99.9-9.9 9921.5 67 18.2  29 23.0-9.9-9.9
5281120171210 37.1 19.5  0.009999-99.9-99.9-99.9-99.9-9.9 9918.6 49 16.1  29 23.0-9.9-9.9
5281120171211 32.3 21.2  0.009999-99.9-99.9-99.9-99.9-9.9 9913.1 37 10.8  29 23.0-9.9-9.9
5281120171212 35.1 14.0  0.009999-99.9-99.9-99.9-99.9-9.9 9914.2 37 12.2  29 23.0-9.9-9.9
5281120171213 40.4 21.7  1.019999-99.9-99.9-99.9-99.9-9.9 9919.7 37 17.2  28 22.7-9.9-9.9
5281120171214 32.2 19.5  0.009999-99.9-99.9-99.9-99.9-9.9 9920.5 64 17.5 -99-99.9-9.9-9.9
5281120171215 37.5 22.1  0.009999-99.9-99.9-99.9-99.9-9.9 9922.3 54 18.9 -99-99.9-9.9-9.9
5281120171216 43.0 27.4  0.009999-99.9-99.9-99.9-99.9-9.9 9923.0 35 19.5 -99-99.9-9.9-9.9
5281120171217 35.7 20.6  0.009999-99.9-99.9-99.9-99.9-9.9 9917.4 57 14.9 -99-99.9-9.9-9.9
5281120171218 30.3 17.6  0.009999-99.9-99.9-99.9-99.9-9.9 9915.4 52 13.4 -99-99.9-9.9-9.9
5281120171219 36.1 19.8  1.219999-99.9-99.9-99.9-99.9-9.9 9921.8 60 18.7 -99-99.9-9.9-9.9
5281120171220 38.0 21.1  0.009999-99.9-99.9-99.9-99.9-9.9 9924.3 56 20.3 -99-99.9-9.9-9.9
5281120171221 37.9 24.5  0.219999-99.9-99.9-99.9-99.9-9.9 9923.1 56 19.6 -99-99.9-9.9-9.9
5281120171222 38.9 23.4  0.009999-99.9-99.9-99.9-99.9-9.9 9921.5 46 18.4 -99-99.9-9.9-9.9
5281120171223 32.4 22.0  0.009999-99.9-99.9-99.9-99.9-9.9 9919.5 70 17.0 -99-99.9-9.9-9.9
5281120171224 34.0 18.5  0.009999-99.9-99.9-99.9-99.9-9.9 9915.8 48 13.6 -99-99.9-9.9-9.9
5281120171225 37.5 19.1  0.009999-99.9-99.9-99.9-99.9-9.9 9915.0 37 12.7 -99-99.9-9.9-9.9
5281120171226 39.3 19.2  0.009999-99.9-99.9-99.9-99.9-9.9 9915.3 31 13.2 -99-99.9-9.9-9.9
5281120171227 39.4 23.2  5.019999-99.9-99.9-99.9-99.9-9.9 9920.9 40 18.0 -99-99.9-9.9-9.9
5281120171228 34.6 21.4  0.009999-99.9-99.9-99.9-99.9-9.9 9920.1 57 17.4 -99-99.9-9.9-9.9
5281120171229 37.0 18.4  0.009999-99.9-99.9-99.9-99.9-9.9 9918.8 48 16.3 -99-99.9-9.9-9.9
5281120171230 39.3 24.0  0.009999-99.9-99.9-99.9-99.9-9.9 9920.3 40 17.6 -99-99.9-9.9-9.9
5281120171231 31.6 24.2  6.219999-99.9-99.9-99.9-99.9-9.9 9923.3 69 19.8 -99-99.9-9.9-9.9
5281120180101 27.2 19.8  2.219999-99.9-99.9-99.9-99.9-9.9 9916.1 60 13.8 -99-99.9-9.9-9.9
5281120180102 34.6 15.5  0.009999-99.9-99.9-99.9-99.9-9.9 9915.0 43 12.7 -99-99.9-9.9-9.9
5281120180103 38.3 15.6  0.009999-99.9-99.9-99.9-99.9-9.9 9914.9 35 12.7 -99-99.9-9.9-9.9
5281120180104 39.2 20.3  0.009999-99.9-99.9-99.9-99.9-9.9 9916.0 32 13.8 -99-99.9-9.9-9.9
5281120180105 38.9 23.1 12.819999-99.9-99.9-99.9-99.9-9.9 9920.7 41 18.0 -99-99.9-9.9-9.9
5281120180106 31.1 16.6  0.009999-99.9-99.9-99.9-99.9-9.9 9915.7 54 13.6 -99-99.9-9.9-9.9
5281120180107 34.8 14.6  0.009999-99.9-99.9-99.9-99.9-9.9 9915.6 44 13.5 -99-99.9-9.9-9.9
5281120180108 35.4 19.2  0.009999-99.9-99.9-99.9-99.9-9.9 9914.9 37 12.8 -99-99.9-9.9-9.9
5281120180109 38.1 17.3  0.009999-99.9-99.9-99.9-99.9-9.9 9917.3 37 15.1 -99-99.9-9.9-9.9
5281120180110 38.8 25.1  0.009999-99.9-99.9-99.9-99.9-9.9 9923.2 51 19.8 -99-99.9-9.9-9.9
5281120180111 38.9 23.8  0.009999-99.9-99.9-99.9-99.9-9.9 9923.5 52 19.9 -99-99.9-9.9-9.9
5281120180112 39.8 24.2  0.519999-99.9-99.9-99.9-99.9-9.9 9924.9 63 20.9 -99-99.9-9.9-9.9
5281120180113 28.6 21.6 18.019999-99.9-99.9-99.9-99.9-9.9 9916.9 55 14.7  11  9.1-9.9-9.9
5281120180114 28.6 19.7  0.009999-99.9-99.9-99.9-99.9-9.9 9917.3 61 14.6  15 12.4-9.9-9.9
5281120180115 32.0 17.1  0.009999-99.9-99.9-99.9-99.9-9.9 9917.8 60 15.2   8  6.1-9.9-9.9
5281120180116 34.3 18.3  0.009999-99.9-99.9-99.9-99.9-9.9 9919.1 55 16.5  10  8.2-9.9-9.9
5281120180117 29.9 19.6  0.009999-99.9-99.9-99.9-99.9-9.9 9920.4 67 17.3  14 10.9-9.9-9.9
5281120180118 33.5 18.4  0.009999-99.9-99.9-99.9-99.9-9.9 9916.6 51 14.2   7  5.4-9.9-9.9
5281120180119 36.2 15.9  0.009999-99.9-99.9-99.9-99.9-9.9 9916.5 48 14.2   7  5.9-9.9-9.9
5281120180120 32.5 22.1  0.009999-99.9-99.9-99.9-99.9-9.9 9919.4 64 16.8  10  7.8-9.9-9.9
5281120180121 33.4 15.9  0.009999-99.9-99.9-99.9-99.9-9.9 9918.5 58 15.7   8  6.1-9.9-9.9
5281120180122 36.2 18.8  0.009999-99.9-99.9-99.9-99.9-9.9 9919.9 53 17.0   8  6.1-9.9-9.9
5281120180123 39.0 22.2  0.009999-99.9-99.9-99.9-99.9-9.9 9921.5 57 18.2   9  7.0-9.9-9.9
5281120180124 31.9 21.4 10.819999-99.9-99.9-99.9-99.9-9.9 9918.0 56 15.4   8  6.6-9.9-9.9
5281120180125 34.3 18.5  0.009999-99.9-99.9-99.9-99.9-9.9 9921.0 60 17.8   9  6.9-9.9-9.9
5281120180126 35.0 23.6  0.009999-99.9-99.9-99.9-99.9 5.3 3928.2 66 23.1   7  5.616.912.3
5281120180127 37.9 23.2 27.019999-99.9-99.9-99.9-99.9 6.1 4530.0 75 24.1   8  6.318.311.6
5281120180128 32.8 22.8  0.009999-99.9-99.9-99.9-99.9 4.7 3527.6 74 22.7   5  4.015.8 7.9
5281120180129 34.4 18.8  0.009999-99.9-99.9-99.9-99.9 9.2 6822.4 54 19.3   4  3.523.511.9
5281120180130 35.0 22.8  0.009999-99.9-99.9-99.9-99.9 8.3 6125.5 63 21.4   7  5.822.015.0
5281120180131 32.3 19.8  0.009999-99.9-99.9-99.9-99.9 2.8 2121.6 63 18.7   5  3.712.4 9.4
5281120180201 37.7 22.5  0.009999-99.9-99.9-99.9-99.9 8.5 6322.5 58 19.3   4  2.922.311.9
5281120180202 37.4 19.8  0.009999-99.9-99.9-99.9-99.9 8.2 6123.0 56 19.7   3  2.821.711.6
5281120180203 37.4 19.7  0.009999-99.9-99.9-99.9-99.9 8.7 6520.7 50 18.0   6  5.022.617.4
5281120180204 37.8 19.0  0.009999-99.9-99.9-99.9-99.9 8.6 6420.9 47 18.2   4  3.222.313.2
5281120180205 39.1 21.3  0.009999-99.9-99.9-99.9-99.9 8.3 6223.1 51 19.8   3  2.621.711.8
5281120180206 38.7 23.8  0.009999-99.9-99.9-99.9-99.9 8.2 6224.3 51 20.6   7  5.821.618.1
5281120180207 39.2 23.4  0.009999-99.9-99.9-99.9-99.9 8.3 6223.0 49 19.7   7  5.721.618.9
5281120180208 39.0 20.6  0.009999-99.9-99.9-99.9-99.9 8.3 6322.8 48 19.6   5  3.821.614.5
5281120180209 36.3 24.1  2.219999-99.9-99.9-99.9-99.9 7.0 5324.1 60 20.4  11  8.519.420.2
5281120180210 30.6 19.3 28.819999-99.9-99.9-99.9-99.9 3.5 2723.3 83 19.9   6  5.113.4 8.6
5281120180211 26.2 18.8  0.009999-99.9-99.9-99.9-99.9-9.9 9921.9 79 18.7  10  8.3 4.8-9.9
5281120180212 29.1 15.0  0.009999-99.9-99.9-99.9-99.9 8.6 6614.6 60 12.5   6  4.822.012.9
5281120180213 30.4 13.7  0.009999-99.9-99.9-99.9-99.9 8.9 6814.0 45 12.0   6  4.722.513.8
5281120180214 32.6 16.4  0.009999-99.9-99.9-99.9-99.9 8.9 6816.9 53 14.8   8  6.222.416.7
5281120180215 35.7 17.4  0.009999-99.9-99.9-99.9-99.9 7.9 6020.5 54 17.8   7  5.420.614.6
5281120180216 37.2 22.4  0.009999-99.9-99.9-99.9-99.9 6.8 5324.2 55 20.5   8  6.318.816.2
5281120180217 35.4 22.6  0.009999-99.9-99.9-99.9-99.9 5.0 3926.0 70 21.7   5  4.215.710.1
5281120180218 31.6 21.1  0.009999-99.9-99.9-99.9-99.9 2.3 1826.2 85 21.8   6  4.811.0 6.3
5281120180219 35.1 17.7  0.009999-99.9-99.9-99.9-99.9 5.6 4323.0 66 19.7   4  3.216.5 8.2
5281120180220 35.5 17.2  0.009999-99.9-99.9-99.9-99.9 8.3 6418.8 53 16.2   8  6.021.016.9
5281120180221 32.9 18.1  0.009999-99.9-99.9-99.9-99.9 8.8 6814.9 50 12.8   8  6.121.718.5
5281120180222 34.0 12.1  0.009999-99.9-99.9-99.9-99.9 8.7 6815.2 54 13.1   3  2.721.610.1
5281120180223 33.5 15.5  0.009999-99.9-99.9-99.9-99.9 7.8 6116.4 51 14.3   7  5.320.014.7
5281120180224 34.3 15.4  0.009999-99.9-99.9-99.9-99.9 8.5 6616.2 50 14.1   5  3.821.113.3
5281120180225 34.9 15.8  0.009999-99.9-99.9-99.9-99.9 8.0 6317.1 50 15.0   3  2.320.2 9.7
5281120180226 36.3 18.5  0.009999-99.9-99.9-99.9-99.9 8.2 6420.8 58 18.1   5  4.020.411.8
5281120180227 36.9 18.7  0.009999-99.9-99.9-99.9-99.9 5.7 4521.7 58 18.7   5  4.016.311.3
5281120180228 34.1 19.8  0.009999-99.9-99.9-99.9-99.9 7.7 6121.8 62 18.9   5  3.719.510.6
5281120180301 35.6 20.3  0.009999-99.9-99.9-99.9-99.9 6.1 4822.3 60 19.2   4  2.916.7 9.2
5281120180302 36.7 19.4  0.009999-99.9-99.9-99.9-99.9 6.1 4823.1 59 19.8   4  3.516.710.5
5281120180303 36.1 20.2  0.009999-99.9-99.9-99.9-99.9 7.4 5925.0 65 21.1   7  5.318.712.5
5281120180304 36.8 22.4 14.219999-99.9-99.9-99.9-99.9 7.4 5926.7 71 22.1   7  5.818.813.7
5281120180305 29.8 18.8  0.219999-99.9-99.9-99.9-99.9 2.6 2024.4 89 20.7   9  7.110.8 7.1
5281120180306 30.9 18.2  0.009999-99.9-99.9-99.9-99.9 7.9 6319.7 65 17.1   6  4.919.311.6
5281120180307 31.0 13.3  0.009999-99.9-99.9-99.9-99.9 8.0 6415.6 56 13.5   4  3.019.5 9.5
5281120180308 32.6 17.5  0.009999-99.9-99.9-99.9-99.9 6.8 5517.3 50 15.2   7  5.817.514.9
5281120180309 34.8 17.8  0.009999-99.9-99.9-99.9-99.9 7.6 6119.3 51 16.9   6  5.218.714.1
5281120180310 37.2 18.9  0.009999-99.9-99.9-99.9-99.9 7.8 6323.5 61 20.0   9  7.318.916.8
5281120180311 27.6 20.3  0.009999-99.9-99.9-99.9-99.9 4.5 3616.6 58 14.3  15 12.013.624.6
5281120180312 28.4 14.8  0.009999-99.9-99.9-99.9-99.9 2.7 2217.1 68 14.9   3  2.810.7 6.1
5281120180313 31.7 20.1  0.009999-99.9-99.9-99.9-99.9 3.5 2820.6 62 17.9   6  4.911.810.1
5281120180314 35.1 20.4  0.009999-99.9-99.9-99.9-99.9 3.9 3227.5 80 22.5   5  4.312.4 6.9
5281120180315 29.3 17.7  0.009999-99.9-99.9-99.9-99.9 7.7 6313.7 36  9.6  11  8.418.422.9
5281120180316 25.1  9.9  0.009999-99.9-99.9-99.9-99.9-9.9 9916.0 68 13.3   6  5.2 5.6-9.9
5281120180317 37.9 21.4  0.009999-99.9-99.9-99.9-99.9 6.2 5127.6 69 22.7  10  7.815.813.0
5281120180318 33.6 18.1  0.009999-99.9-99.9-99.9-99.9 0.2  220.8 65 17.2  14 11.0 6.517.8
5281120180319 26.9 12.4  0.009999-99.9-99.9-99.9-99.9 4.9 4011.5 54  8.8   3  2.613.6 7.6
5281120180320 29.6  9.4  0.009999-99.9-99.9-99.9-99.9 5.3 4413.7 63 11.6   4  2.814.3 6.6
5281120180321 31.0 10.9  0.009999-99.9-99.9-99.9-99.9 7.4 6115.1 63 13.0   5  4.017.3 8.6
5281120180322 30.2 16.6  0.009999-99.9-99.9-99.9-99.9 4.3 3620.5 71 17.8   5  4.412.6 7.3
5281120180323 35.3 18.3  0.009999-99.9-99.9-99.9-99.9 5.7 4726.1 72 21.7   7  5.514.5 8.6
5281120180324 27.7 17.4  1.019999-99.9-99.9-99.9-99.9 1.5 1220.7 72 17.4  11  8.9 8.213.3
5281120180325 23.7  9.6  0.009999-99.9-99.9-99.9-99.9 8.1 6810.3 56  7.3  10  7.718.015.8
5281120180326 26.0  6.9  0.009999-99.9-99.9-99.9-99.9 7.6 6310.1 52  7.0   8  6.017.112.3
5281120180327 27.1  6.8  0.009999-99.9-99.9-99.9-99.9 5.4 4511.2 59  8.6   2  1.713.9 5.3
5281120180328 30.6  9.7  0.009999-99.9-99.9-99.9-99.9 7.2 6115.8 59 13.7   6  4.516.4 9.4
5281120180329 34.6 16.6  0.009999-99.9-99.9-99.9-99.9 6.8 5818.9 55 16.6   6  4.515.811.4
5281120180330 35.0 19.3  0.009999-99.9-99.9-99.9-99.9 6.5 5522.0 60 19.0   5  4.015.310.5
5281120180331 35.9 16.9  0.009999-99.9-99.9-99.9-99.9 6.5 5520.6 58 17.9   4  3.515.210.3
5281120180401 33.5 16.0  0.219999-99.9-99.9-99.9-99.9 4.5 3821.0 67 18.2   6  5.212.2 9.8
5281120180402 28.5 19.1  0.009999-99.9-99.9-99.9-99.9 4.0 3421.4 81 18.5   8  6.211.4 8.0
5281120180403 31.6 12.8  0.009999-99.9-99.9-99.9-99.9 6.2 5318.6 73 16.3   4  3.114.5 6.4
5281120180404 34.4 17.8  0.009999-99.9-99.9-99.9-99.9 5.6 4819.7 55 17.3   6  4.613.610.9
5281120180405 36.1 19.6  0.009999-99.9-99.9-99.9-99.9 6.3 5420.0 54 17.4   9  6.914.416.3
5281120180406 27.5 18.5  0.009999-99.9-99.9-99.9-99.9 4.4 3819.6 69 17.1  12  9.511.713.9
5281120180407 31.1 16.8 32.019999-99.9-99.9-99.9-99.9 1.3 1123.0 81 19.7   8  6.4 7.2 4.9
5281120180408 24.4 20.2  3.019999-99.9-99.9-99.9-99.9-9.9 9925.1 97 21.2   9  7.5 3.1-9.9
5281120180409 35.3 18.7  0.009999-99.9-99.9-99.9-99.9 5.7 4923.6 67 20.1  10  8.313.213.0
5281120180410 35.7 19.9  0.009999-99.9-99.9-99.9-99.9 6.3 5521.4 54 18.5  14 11.014.023.3
5281120180411 36.5 22.7  0.009999-99.9-99.9-99.9-99.9 5.2 4524.5 58 20.7  12  9.412.419.1
5281120180412 29.8 15.0  0.009999-99.9-99.9-99.9-99.9-9.9 9917.0 68 14.2  20 16.3 3.0-9.9
5281120180413 18.5 14.8  0.219999-99.9-99.9-99.9-99.9-9.9 9914.1 81 12.0   8  6.6 2.1-9.9
5281120180414 18.5 14.0  0.009999-99.9-99.9-99.9-99.9-9.9 9918.4 99 16.1   5  3.7 2.6-9.9
5281120180415 28.0 17.0  0.009999-99.9-99.9-99.9-99.9 2.2 1922.1 86 19.1   4  2.9 8.0 2.7
5281120180416 31.9 17.2  0.009999-99.9-99.9-99.9-99.9 5.2 4621.5 73 18.6   7  5.912.0 8.7
5281120180417 34.2 18.1  0.009999-99.9-99.9-99.9-99.9 5.6 4922.3 67 19.2  10  7.812.412.6
5281120180418 34.5 19.7  0.009999-99.9-99.9-99.9-99.9 6.0 5321.2 62 18.4  10  7.812.915.6
5281120180419 34.6 20.5  0.009999-99.9-99.9-99.9-99.9 5.9 5323.7 64 20.2  10  8.312.714.9
5281120180420 37.5 22.0  0.009999-99.9-99.9-99.9-99.9 5.0 4523.6 56 20.1   9  7.411.516.1
5281120180421 36.1 20.7  0.009999-99.9-99.9-99.9-99.9 5.4 4823.5 59 20.1   6  4.511.910.9
5281120180422 36.7 23.9  2.019999-99.9-99.9-99.9-99.9 4.2 3825.2 63 21.2  10  8.010.316.7
5281120180423 28.4 20.9  5.819999-99.9-99.9-99.9-99.9-9.9 9926.1100 21.8   7  5.2 1.1-9.9
5281120180424 29.4 19.7  0.009999-99.9-99.9-99.9-99.9 3.0 2724.7 89 20.9   5  4.4 8.5 4.0
5281120180425 28.1 19.4  0.009999-99.9-99.9-99.9-99.9 0.7  727.3 95 22.4   5  4.0 5.6 1.7
5281120180426 34.6 21.7  0.009999-99.9-99.9-99.9-99.9 5.3 4824.7 68 20.8  12  9.711.415.6
5281120180427 35.8 21.3  0.009999-99.9-99.9-99.9-99.9 2.1 1924.0 64 20.4   9  7.1 7.212.8
5281120180428 35.0 19.2  0.009999-99.9-99.9-99.9-99.9 4.1 3725.1 68 21.1   6  5.0 9.7 8.8
5281120180429 36.5 22.1  0.009999-99.9-99.9-99.9-99.9 3.9 3527.4 65 22.6   8  6.5 9.412.1
5281120180430 29.3 21.1  1.019999-99.9-99.9-99.9-99.9 0.9  926.9 94 22.3  11  8.7 5.7 5.4
5281120180501 25.9 17.1  0.519999-99.9-99.9-99.9-99.9 1.1 1023.3 94 19.9   8  6.6 5.8 2.3
5281120180502 33.5 19.3  0.009999-99.9-99.9-99.9-99.9 2.6 2327.1 85 22.4   8  6.5 7.6 4.4
5281120180503 23.5 20.1 16.019999-99.9-99.9-99.9-99.9-9.9 9926.0 99 21.7   6  4.8 1.9-9.9
5281120180504 22.2 19.3 12.019999-99.9-99.9-99.9-99.9-9.9 9924.0100 20.4   6  4.7 0.3-9.9
5281120180505 27.8 19.6  0.009999-99.9-99.9-99.9-99.9 1.8 1724.5 90 20.8   5  3.9 6.6 2.8
5281120180506 27.9 19.1  0.009999-99.9-99.9-99.9-99.9 1.0 1024.3 89 20.6   5  3.8 5.5 2.5
5281120180507 28.7 18.6 62.219999-99.9-99.9-99.9-99.9 0.9  826.4 91 21.9   7  5.4 5.3 2.4
5281120180508 24.4 18.9 31.219999-99.9-99.9-99.9-99.9-9.9 9923.7 99 20.2  11  8.9 0.4-9.9
5281120180509 22.0 19.4 69.819999-99.9-99.9-99.9-99.9-9.9 9923.6 99 20.1   8  6.8 1.0-9.9
5281120180510 23.2 17.8  0.219999-99.9-99.9-99.9-99.9 1.3 1221.2 95 18.4   8  6.2 5.7 3.2
5281120180511 24.5 13.3  0.009999-99.9-99.9-99.9-99.9 6.2 5814.1 77 12.0   7  6.011.4 8.6
5281120180512 25.3  7.4  0.009999-99.9-99.9-99.9-99.9 6.2 5813.9 79 11.8   3  2.211.3 3.5
5281120180513 25.0 11.5  0.009999-99.9-99.9-99.9-99.9 5.1 4816.7 83 14.6   7  6.010.1 4.5
5281120180514 29.2 16.4  0.009999-99.9-99.9-99.9-99.9 4.7 4421.4 83 18.5   9  6.9 9.5 6.1
5281120180515 21.8 17.6  0.519999-99.9-99.9-99.9-99.9-9.9 9921.4 98 18.5  11  9.1 1.8-9.9
5281120180516 18.9 13.6  0.009999-99.9-99.9-99.9-99.9-9.9 9913.7 79 11.5   6  4.8 3.8-9.9
5281120180517 17.9 13.5  0.009999-99.9-99.9-99.9-99.9-9.9 9915.2 91 13.2   3  2.4 2.9-9.9
5281120180518 19.5 11.8  0.219999-99.9-99.9-99.9-99.9-9.9 9915.3 91 13.2   9  7.2 3.7-9.9
5281120180519 20.7  8.2  0.009999-99.9-99.9-99.9-99.9 5.9 5512.3 84  9.9   6  4.910.5 4.4
5281120180520 21.5  5.1  0.009999-99.9-99.9-99.9-99.9 5.8 5511.5 76  9.0   6  4.810.4 4.6
5281120180521 21.4  6.1  0.009999-99.9-99.9-99.9-99.9 3.7 3512.5 85 10.1   4  2.9 8.0 2.9
5281120180522 23.7  4.4  0.009999-99.9-99.9-99.9-99.9 5.7 5511.8 74  9.2   1  1.110.3 2.2
5281120180523 22.5  8.1  0.009999-99.9-99.9-99.9-99.9 5.7 5412.5 75 10.3   6  4.710.2 5.0
5281120180524 21.3  2.8  0.009999-99.9-99.9-99.9-99.9 5.9 5710.8 75  8.0   5  3.910.4 4.9
5281120180525 22.5  3.0  0.009999-99.9-99.9-99.9-99.9 6.2 59 9.8 67  6.6   4  3.110.6 4.5
5281120180526 26.1  8.2  0.009999-99.9-99.9-99.9-99.9 5.7 5513.8 76 11.6   9  7.510.1 7.2
5281120180527 30.8 14.1  0.009999-99.9-99.9-99.9-99.9 4.2 4022.3 81 19.0   8  6.2 8.4 4.1
5281120180528 32.7 20.7  0.009999-99.9-99.9-99.9-99.9 4.6 4521.4 62 18.3  16 12.8 8.820.4
5281120180529 29.2 20.6  0.009999-99.9-99.9-99.9-99.9 2.6 2519.8 66 17.3  13 10.2 6.515.8
5281120180530 23.0 14.9  0.009999-99.9-99.9-99.9-99.9-9.9 9918.7 97 16.4  16 12.7 0.8-9.9
5281120180531 16.3 10.9  0.519999-99.9-99.9-99.9-99.9-9.9 9913.9 98 11.9  20 15.6 0.5-9.9
5281120180601 14.6  8.3  0.009999-99.9-99.9-99.9-99.9 0.9  911.4 87  8.8  14 11.1 4.6 5.0
5281120180602 14.2  0.9  0.009999-99.9-99.9-99.9-99.9 2.0 19 8.4 83  4.4   5  3.8 5.8 2.9
5281120180603 15.0  0.2  0.009999-99.9-99.9-99.9-99.9 4.0 39 8.4 83  4.3   3  2.6 7.9 2.0
5281120180604 17.0  4.5  0.009999-99.9-99.9-99.9-99.9 5.0 4810.2 81  7.3   3  2.1 8.9 2.1
5281120180605 18.2  1.9  0.009999-99.9-99.9-99.9-99.9 5.0 49 9.4 76  5.9   2  2.0 8.9 2.4
5281120180606 19.9  5.2  0.009999-99.9-99.9-99.9-99.9 3.3 3210.6 75  7.8   5  3.9 7.1 3.5
5281120180607 18.7  2.6  0.009999-99.9-99.9-99.9-99.9 4.4 43 9.0 76  5.5   4  3.5 8.2 3.7
5281120180608 22.4  5.1  0.009999-99.9-99.9-99.9-99.9 5.0 4810.9 70  8.1  11  9.0 8.8 7.9
5281120180609 22.4  7.5  0.009999-99.9-99.9-99.9-99.9 4.7 4614.6 79 12.3  10  8.2 8.5 4.1
5281120180610 22.9 13.2  0.009999-99.9-99.9-99.9-99.9 1.2 1118.9 89 16.5   8  6.6 4.8 2.8
5281120180611 20.4 13.2  0.219999-99.9-99.9-99.9-99.9-9.9 9918.1 98 15.9  10  7.6 2.3-9.9
5281120180612 16.9  2.8  0.009999-99.9-99.9-99.9-99.9 5.1 49 9.3 79  5.6  11  8.7 8.8 9.2
5281120180613 13.9 -1.8  0.009999-99.9-99.9-99.9-99.9 5.0 49 7.0 80  1.9   6  4.6 8.8 3.7
5281120180614 14.1 -1.6  0.009999-99.9-99.9-99.9-99.9 3.3 32 6.9 79  1.5   2  1.9 6.9 1.4
5281120180615 14.7 -2.4  0.009999-99.9-99.9-99.9-99.9 5.1 50 7.2 75  2.0   3  2.5 8.9 2.0
5281120180616 17.0  0.5  0.009999-99.9-99.9-99.9-99.9 4.7 46 7.5 71  2.9   6  5.0 8.4 4.5
5281120180617 20.1  1.6  0.009999-99.9-99.9-99.9-99.9 5.3 51 7.8 65  3.3   8  6.8 9.0 7.7
5281120180618 23.3  4.6  0.009999-99.9-99.9-99.9-99.9 5.3 52 8.3 53  4.2  11  8.6 9.112.6
5281120180619 27.6  6.4  0.009999-99.9-99.9-99.9-99.9 5.2 5112.7 68 10.3  11  8.5 8.9 9.6
5281120180620 30.8 14.7  0.009999-99.9-99.9-99.9-99.9 4.5 4418.4 70 16.2  11  8.8 8.110.6
5281120180621 23.1 12.6  0.009999-99.9-99.9-99.9-99.9 3.8 3713.3 68 10.6  10  8.2 7.411.9
5281120180622 21.8  9.2  0.009999-99.9-99.9-99.9-99.9 1.2 1211.4 68  8.8   5  3.9 4.7 4.8
5281120180623 20.1  9.8  0.009999-99.9-99.9-99.9-99.9 0.7  712.2 68  9.7  14 11.3 4.211.0
5281120180624 16.8  5.0  0.009999-99.9-99.9-99.9-99.9 3.4 33 6.7 56  1.1   8  6.3 7.010.3
5281120180625 18.4 -1.6  0.009999-99.9-99.9-99.9-99.9 5.2 51 6.8 68  1.4   3  2.1 8.9 3.5
5281120180626 22.0  1.8  0.009999-99.9-99.9-99.9-99.9 5.3 52 8.0 60  3.6   7  5.6 9.1 7.7
5281120180627 24.8  6.4  0.009999-99.9-99.9-99.9-99.9 5.4 5312.5 76 10.2  10  8.1 9.2 7.0
5281120180628 19.8 10.0  0.009999-99.9-99.9-99.9-99.9-9.9 9917.8 98 15.5   6  4.6 1.9-9.9
5281120180629 21.3 14.1  0.009999-99.9-99.9-99.9-99.9-9.9 9919.2 97 16.8   7  5.6 1.6-9.9
5281120180630 25.4 14.4  0.009999-99.9-99.9-99.9-99.9 1.0 1019.7 84 17.2   5  4.4 4.6 2.7
5281120180701 30.6 16.6  0.009999-99.9-99.9-99.9-99.9 3.4 3322.0 81 18.9   8  6.6 7.1 5.3
5281120180702 21.9 14.0  0.009999-99.9-99.9-99.9-99.9 0.7  617.4 90 15.1  21 17.0 4.210.0
5281120180703 14.0  8.3  0.009999-99.9-99.9-99.9-99.9 1.0 1010.0 79  7.0  11  8.7 4.6 6.6
5281120180704 13.0  8.1  0.009999-99.9-99.9-99.9-99.9-9.9 9910.4 82  7.6   5  3.7 3.3-9.9
5281120180705 16.1  9.6  0.009999-99.9-99.9-99.9-99.9 2.0 1912.4 84 10.2   6  4.9 5.6 2.6
5281120180706 12.6 10.4  1.019999-99.9-99.9-99.9-99.9-9.9 9913.2 99 11.1   9  6.9 0.5-9.9
5281120180707 15.4  7.1  0.219999-99.9-99.9-99.9-99.9 3.3 3211.6 89  9.1  12  9.5 7.1 4.8
5281120180708 11.0  4.5  0.009999-99.9-99.9-99.9-99.9-9.9 9911.4100  8.9  11  9.2 3.3-9.9
5281120180709 16.3  5.1  0.009999-99.9-99.9-99.9-99.9 2.8 2710.9 88  8.1   5  4.1 6.6 2.7
5281120180710 16.9  3.6  0.009999-99.9-99.9-99.9-99.9 5.3 51 9.5 82  6.2  10  7.7 9.3 5.0
5281120180711 17.6  4.6  0.009999-99.9-99.9-99.9-99.9 4.9 47 9.5 76  6.1   9  7.5 8.8 5.5
5281120180712 21.3  2.7  0.009999-99.9-99.9-99.9-99.9 5.3 51 9.9 70  6.8   7  5.7 9.3 5.3
5281120180713 25.6  6.0  0.009999-99.9-99.9-99.9-99.9 5.5 5311.8 68  9.3   7  5.8 9.6 6.9
5281120180714 30.2  9.7  0.009999-99.9-99.9-99.9-99.9 5.5 5216.2 78 14.0   9  7.2 9.6 7.5
5281120180715 21.1 10.9  0.009999-99.9-99.9-99.9-99.9 3.8 3713.0 73 10.6  16 12.7 7.913.3
5281120180716 15.9 12.0  0.009999-99.9-99.9-99.9-99.9-9.9 9912.3 85  9.9  13 10.7 1.5-9.9
5281120180717 14.2 11.9  0.009999-99.9-99.9-99.9-99.9-9.9 9914.4 98 12.4   6  4.5 1.0-9.9
5281120180718 12.8 11.0  3.819999-99.9-99.9-99.9-99.9-9.9 9911.4 86  8.9  11  8.4 0.6-9.9
5281120180719 11.0  8.6  0.219999-99.9-99.9-99.9-99.9-9.9 9911.0 91  8.3  11  8.8 1.0-9.9
5281120180720 15.3  4.6  0.009999-99.9-99.9-99.9-99.9 5.2 50 8.9 75  5.1  10  7.6 9.6 7.0
5281120180721 19.4  0.6  0.009999-99.9-99.9-99.9-99.9 5.4 52 8.2 65  4.0  12  9.9 9.9 9.0
5281120180722 20.8  6.0  0.009999-99.9-99.9-99.9-99.9 5.7 54 9.7 72  6.5  10  7.910.2 9.2
5281120180723 16.0  3.6  0.009999-99.9-99.9-99.9-99.9 4.8 46 6.5 60  0.5  13 10.1 9.313.6
5281120180724 14.6 -2.7  0.009999-99.9-99.9-99.9-99.9 4.2 40 7.0 76  1.7   4  3.3 8.6 2.7
5281120180725 15.6 -1.4  0.009999-99.9-99.9-99.9-99.9 4.5 42 7.2 81  2.2   6  4.5 8.9 3.5
5281120180726 16.8 -2.0  0.009999-99.9-99.9-99.9-99.9 4.4 42 8.4 84  4.2   6  4.5 8.9 1.5
5281120180727 15.3  5.3  0.009999-99.9-99.9-99.9-99.9 2.2 21 9.9 85  6.7   5  4.1 6.5 2.4
5281120180728 19.6  0.9  0.009999-99.9-99.9-99.9-99.9 5.5 52 8.5 72  4.6   8  6.210.3 6.0
5281120180729 21.7  0.5  0.009999-99.9-99.9-99.9-99.9 5.1 48 9.6 75  6.2   3  2.3 9.8 2.8
5281120180730 21.5  2.9  0.009999-99.9-99.9-99.9-99.9 5.1 48 8.2 63  3.9   4  3.2 9.9 5.1
5281120180731 19.2  1.6  0.009999-99.9-99.9-99.9-99.9 3.7 35 8.2 63  4.0   6  4.5 8.4 5.0
5281120180801 19.4  3.2  0.009999-99.9-99.9-99.9-99.9 5.0 46 8.3 67  4.1   6  5.1 9.9 6.4
5281120180802 19.4  1.4  0.009999-99.9-99.9-99.9-99.9 6.0 56 8.2 66  4.0   4  3.111.2 4.4
5281120180803 21.2 -2.0  0.009999-99.9-99.9-99.9-99.9 6.1 56 8.1 67  3.7   2  1.311.3 2.8
5281120180804 21.3 -1.2  0.009999-99.9-99.9-99.9-99.9 6.3 58 8.0 62  3.6   3  2.211.6 3.8
5281120180805 23.3  3.9  0.009999-99.9-99.9-99.9-99.9 6.3 58 9.0 58  5.5  11  8.711.712.5
5281120180806 27.1  7.4  0.009999-99.9-99.9-99.9-99.9 5.8 5413.3 67 10.9  16 12.611.213.5
5281120180807 29.3 14.3  0.219999-99.9-99.9-99.9-99.9 4.2 3916.9 78 14.7  21 16.9 9.320.9
5281120180808 19.8  7.4  0.009999-99.9-99.9-99.9-99.9 6.0 55 9.1 62  5.3  14 10.811.615.8
5281120180809 17.5 -0.9  0.009999-99.9-99.9-99.9-99.9 6.6 61 6.6 62  0.9   7  5.812.4 7.2
5281120180810 19.7 -2.1  0.009999-99.9-99.9-99.9-99.9 6.3 57 7.7 63  3.1   6  4.812.0 5.4
5281120180811 24.0  4.2  0.009999-99.9-99.9-99.9-99.9 6.4 58 9.5 62  6.2  12  9.412.212.1
5281120180812 28.8  7.4  0.009999-99.9-99.9-99.9-99.9 5.6 5111.6 59  9.1  12  9.411.314.6
5281120180813 32.5 11.2  0.009999-99.9-99.9-99.9-99.9 5.1 4614.9 58 12.9   9  6.810.812.1
5281120180814 24.7  8.5  0.009999-99.9-99.9-99.9-99.9 3.4 31 9.5 56  5.3  16 12.5 8.822.5
5281120180815 21.3  2.2  0.009999-99.9-99.9-99.9-99.9 6.1 55 8.0 56  3.7   4  3.312.2 5.6
5281120180816 24.4  4.5  0.009999-99.9-99.9-99.9-99.9 6.4 58 9.9 61  6.8   9  6.912.610.7
5281120180817 29.6  8.9  0.009999-99.9-99.9-99.9-99.9 6.2 5613.8 61 11.6  13 10.412.514.5
5281120180818 33.6 16.6 11.519999-99.9-99.9-99.9-99.9 4.7 4215.5 56 12.8  22 17.410.5-9.9
5281120180819 16.5  7.7  0.009999-99.9-99.9-99.9-99.9-9.9 99 8.7 75  4.8  40 32.4 3.8-9.9
5281120180820 13.7  0.6  0.009999-99.9-99.9-99.9-99.9 5.7 51 7.1 69  1.9  40 32.412.1-9.9
5281120180821 15.9 -1.2  0.009999-99.9-99.9-99.9-99.9 6.8 61 6.8 60  1.2  40 32.413.5-9.9
5281120180822 19.0  1.6  0.009999-99.9-99.9-99.9-99.9 6.4 57 8.1 62  3.8  25 20.313.121.0
5281120180823 22.9  5.6  0.009999-99.9-99.9-99.9-99.9 4.4 3910.8 66  7.7  12 10.010.510.8
5281120180824 20.2  9.2  0.009999-99.9-99.9-99.9-99.9 5.2 46 8.2 55  3.8  20 15.911.7-9.9
5281120180825 19.3 -1.4  0.009999-99.9-99.9-99.9-99.9 6.1 54 6.1 50 -0.0   5  3.612.9 6.8
5281120180826 24.9  3.1  0.009999-99.9-99.9-99.9-99.9 6.3 55 7.1 45  2.0  12  9.513.217.9
5281120180827 27.0  5.4  0.009999-99.9-99.9-99.9-99.9 6.6 58 8.5 48  4.5  15 11.613.722.0
5281120180828 32.0  7.7  0.009999-99.9-99.9-99.9-99.9 6.7 5910.5 44  7.5  12  9.214.019.2
5281120180829 35.5 16.7  0.009999-99.9-99.9-99.9-99.9 6.0 5317.3 62 15.1  10  7.913.217.1
5281120180830 21.5 10.9  0.219999-99.9-99.9-99.9-99.9 1.1  913.5 70 11.2  24 19.3 6.523.5
5281120180831 11.0  7.0  2.019999-99.9-99.9-99.9-99.9-9.9 99 9.5 88  5.9  23 18.3 2.6-9.9
5281120180901  8.8  6.6  2.519999-99.9-99.9-99.9-99.9-9.9 9910.6100  7.8  19 15.4 1.2-9.9
5281120180902 19.7  5.2  0.219999-99.9-99.9-99.9-99.9 6.7 5813.4 94 11.0  10  8.114.4 3.1
5281120180903 24.2  4.1  0.009999-99.9-99.9-99.9-99.9 7.3 6314.1 87 11.4   4  3.615.3 3.3
5281120180904 26.1  6.8  0.009999-99.9-99.9-99.9-99.9 6.5 56 0.2  1-99.9  10  8.014.2-9.9
5281120180905 30.4  9.7  0.009999-99.9-99.9-99.9-99.9 7.0 60-9.9  0-99.9  17 13.715.0-9.9
5281120180906 33.4 10.8  0.009999-99.9-99.9-99.9-99.9 7.3 63-9.9  0-99.9  15 11.915.6-9.9
5281120180907 31.8 11.0  0.009999-99.9-99.9-99.9-99.9 6.7 57-9.9  0-99.9   7  5.714.824.1
5281120180908 32.8 12.4  0.009999-99.9-99.9-99.9-99.9 6.3 54-9.9  0-99.9   8  6.514.4-9.9
5281120180909 30.1 11.0  0.009999-99.9-99.9-99.9-99.9 6.5 55-9.9  0-99.9   8  6.714.7-9.9
5281120180910 28.0 10.9  0.009999-99.9-99.9-99.9-99.9 5.5 47-9.9  0-99.9   5  4.213.317.3
5281120180911 28.5 10.2  0.009999-99.9-99.9-99.9-99.9 4.6 39-9.9  0-99.9   9  7.412.1-9.9
5281120180912 30.2 16.3  0.009999-99.9-99.9-99.9-99.9 5.2 44-9.9  0-99.9   7  5.713.124.4
5281120180913 23.7 15.4  0.009999-99.9-99.9-99.9-99.9 0.9  7-9.9  0-99.9  11  9.1 6.9-9.9
5281120180914 25.6 10.6  0.009999-99.9-99.9-99.9-99.9 4.4 37-9.9  0-99.9   4  3.212.113.6
5281120180915 27.2  9.5 11.519999-99.9-99.9-99.9-99.9 7.0 59-9.9  0-99.9   8  6.216.023.8
5281120180916 21.3 14.5 17.519999-99.9-99.9-99.9-99.9 0.7  6-9.9  0-99.9   8  6.3 6.724.0
5281120180917 25.8  8.5  0.009999-99.9-99.9-99.9-99.9 7.1 60-9.9  0-99.9   3  2.416.310.8
5281120180918 29.9 13.0  0.009999-99.9-99.9-99.9-99.9 7.4 62-9.9  0-99.9  11  9.216.8-9.9
5281120180919 25.3 15.3  0.009999-99.9-99.9-99.9-99.9 4.1 35-9.9  0-99.9  14 11.512.0-9.9
5281120180920 27.7 14.4  0.009999-99.9-99.9-99.9-99.9 6.0 50-9.9  0-99.9   8  6.014.924.7
5281120180921 32.7 16.0  0.009999-99.9-99.9-99.9-99.9 7.3 61-9.9  0-99.9   9  7.317.0-9.9
5281120180922 39.5 21.7  0.009999-99.9-99.9-99.9-99.9 6.9 57-9.9  0-99.9  14 11.616.4-9.9
5281120180923 31.5 21.6 35.019999-99.9-99.9-99.9-99.9 7.0 57-9.9  0-99.9  14 11.516.6-9.9
5281120180924 25.7 17.7  0.009999-99.9-99.9-99.9-99.9-9.9 99-9.9  0-99.9  12  9.5 4.8-9.9
5281120180925 23.6 19.1  0.219999-99.9-99.9-99.9-99.9-9.9 99-9.9  0-99.9   4  3.4 3.9-9.9
5281120180926 26.7 19.4  0.009999-99.9-99.9-99.9-99.9 0.7  6-9.9  0-99.9   6  4.5 7.220.2
5281120180927 29.0 19.6  0.009999-99.9-99.9-99.9-99.9 2.9 24-9.9  0-99.9   7  5.310.624.0
5281120180928 33.3 20.9  0.009999-99.9-99.9-99.9-99.9 6.3 52-9.9  0-99.9  13 10.316.0-9.9
5281120180929 37.2 23.4  0.219999-99.9-99.9-99.9-99.9 5.1 41-9.9  0-99.9  15 11.814.1-9.9
5281120180930 30.2 18.4  2.219999-99.9-99.9-99.9-99.9 6.3 51-9.9  0-99.9   8  6.716.0-9.9
5281120181001 25.9 13.9  0.009999-99.9-99.9-99.9-99.9-9.9 99-9.9  0-99.9  20 16.1 4.6-9.9
5281120181002 18.4 11.9  0.009999-99.9-99.9-99.9-99.9-9.9 99-9.9  0-99.9   4  2.9 5.7-9.9
5281120181003 25.2 12.9  0.009999-99.9-99.9-99.9-99.9 7.8 63-9.9  0-99.9   4  3.318.714.7
5281120181004 27.1 11.4  0.009999-99.9-99.9-99.9-99.9 6.0 49-9.9  0-99.9   6  4.616.019.9
5281120181005 27.3 14.6  0.009999-99.9-99.9-99.9-99.9 6.6 53-9.9  0-99.9  10  7.916.9-9.9
5281120181006 27.6 11.3  0.009999-99.9-99.9-99.9-99.9 7.7 61-9.9  0-99.9   9  7.218.7-9.9
5281120181007 29.7 12.9  0.009999-99.9-99.9-99.9-99.9 6.2 50-9.9  0-99.9   7  5.516.423.8
5281120181008 35.4 17.2  2.219999-99.9-99.9-99.9-99.9 7.7 61-9.9  0-99.9  10  7.718.9-9.9
5281120181009 28.4 18.3  0.519999-99.9-99.9-99.9-99.9 4.3 34-9.9  0-99.9  15 12.113.5-9.9
5281120181010 26.8 16.5  0.009999-99.9-99.9-99.9-99.9 5.8 46-9.9  0-99.9  11  9.115.9-9.9
5281120181011 21.8 14.5  2.819999-99.9-99.9-99.9-99.9-9.9 99-9.9  0-99.9  11  8.6 3.6-9.9
5281120181012 15.0 10.2  0.219999-99.9-99.9-99.9-99.9-9.9 99-9.9  0-99.9  11  9.0 2.2-9.9
5281120181013 24.4 13.7  0.009999-99.9-99.9-99.9-99.9 6.1 48-9.9  0-99.9   6  4.416.718.5
5281120181014 25.9  8.8  0.009999-99.9-99.9-99.9-99.9 8.4 66-9.9  0-99.9   4  3.420.415.0
5281120181015 29.1 11.2  0.009999-99.9-99.9-99.9-99.9 9.3 73-9.9  0-99.9   8  6.221.9-9.9
5281120181016 33.4 13.0  0.009999-99.9-99.9-99.9-99.9 8.9 70-9.9  0-99.9  12  9.821.4-9.9
5281120181017 36.2 19.3  0.009999-99.9-99.9-99.9-99.9 8.3 65-9.9  0-99.9   8  6.820.5-9.9
5281120181018 35.8 19.1  3.019999-99.9-99.9-99.9-99.9 3.9 30-9.9  0-99.9   6  4.913.324.1
5281120181019 28.7 21.0  0.009999-99.9-99.9-99.9-99.9 1.3 10-9.9  0-99.9   8  6.1 9.0-9.9
5281120181020 30.6 14.6  0.009999-99.9-99.9-99.9-99.9 3.3 26-9.9  0-99.9   9  7.212.4-9.9
5281120181021 33.5 15.9  0.219999-99.9-99.9-99.9-99.9 6.3 49-9.9  0-99.9   7  5.717.5-9.9
5281120181022 24.8 19.2 43.019999-99.9-99.9-99.9-99.9-9.9 99-9.9  0-99.9   6  4.6 0.7-9.9
5281120181023 20.4 16.0  2.519999-99.9-99.9-99.9-99.9-9.9 99-9.9  0-99.9   7  5.9 1.5-9.9
5281120181024 27.9 16.2  0.009999-99.9-99.9-99.9-99.9 4.9 38-9.9  0-99.9   3  2.715.313.6
5281120181025 27.4 18.4  1.019999-99.9-99.9-99.9-99.9 3.6 28-9.9  0-99.9  10  8.413.2-9.9
5281120181026 25.4 16.8  1.219999-99.9-99.9-99.9-99.9 1.4 10-9.9  0-99.9  10  7.7 9.4-9.9
5281120181027 28.0 11.6  0.009999-99.9-99.9-99.9-99.9 9.2 70-9.9  0-99.9   5  4.022.618.6
5281120181028 27.8 17.2  0.009999-99.9-99.9-99.9-99.9 3.9 30-9.9  0-99.9   7  5.513.724.5
5281120181029 32.5 16.9  0.009999-99.9-99.9-99.9-99.9 8.4 64-9.9  0-99.9  11  8.721.4-9.9
5281120181030 35.9 18.6  0.219999-99.9-99.9-99.9-99.9 7.4 56-9.9  0-99.9  13 10.619.7-9.9
5281120181031 25.5 18.5  0.009999-99.9-99.9-99.9-99.9 0.8  6-9.9  0-99.9  14 11.0 8.6-9.9
5281120181101 28.1 15.9  0.009999-99.9-99.9-99.9-99.9 7.6 58-9.9  0-99.9  11  8.620.3-9.9
5281120181102 31.4 19.6  0.009999-99.9-99.9-99.9-99.9 6.3 48-9.9  0-99.9  15 12.018.1-9.9
5281120181103 33.6 22.3  0.009999-99.9-99.9-99.9-99.9 4.0 30-9.9  0-99.9  10  8.214.1-9.9
5281120181104 33.6 21.2  0.009999-99.9-99.9-99.9-99.9 8.7 66-9.9  0-99.9  16 13.022.3-9.9
5281120181105 34.0 20.0  0.009999-99.9-99.9-99.9-99.9 4.0 30-9.9  0-99.9  12  9.914.3-9.9
5281120181106 26.7 19.8  0.519999-99.9-99.9-99.9-99.9 1.0  7-9.9  0-99.9  11  8.8 9.1-9.9
5281120181107 32.1 16.9  0.009999-99.9-99.9-99.9-99.9 9.0 67-9.9  0-99.9  11  8.722.9-9.9
5281120181108 35.2 17.0  0.009999-99.9-99.9-99.9-99.9 9.3 69-9.9  0-99.9  13 10.123.4-9.9
5281120181109 37.5 23.1  0.009999-99.9-99.9-99.9-99.9 7.8 58-9.9  0-99.9  18 14.120.8-9.9
5281120181110 38.3 24.0  0.009999-99.9-99.9-99.9-99.9 7.8 58-9.9  0-99.9  19 15.520.9-9.9
5281120181111 40.4 26.8  5.219999-99.9-99.9-99.9-99.9 5.0 38-9.9  0-99.9  17 14.016.2-9.9
5281120181112 36.9 22.9  7.819999-99.9-99.9-99.9-99.9 4.9 37-9.9  0-99.9  15 11.816.1-9.9
5281120181113 27.2 17.0  0.009999-99.9-99.9-99.9-99.9 3.0 22-9.9  0-99.9  16 12.912.8-9.9
5281120181114 31.3 13.0  0.009999-99.9-99.9-99.9-99.910.2 76-9.9  0-99.9   7  5.925.3-9.9
5281120181115 35.0 13.7  0.009999-99.9-99.9-99.9-99.910.0 74-9.9  0-99.9  14 11.424.9-9.9
5281120181116 33.1 18.8  0.009999-99.9-99.9-99.9-99.9 8.8 65-9.9  0-99.9  14 11.122.8-9.9
5281120181117 39.0 21.6  0.009999-99.9-99.9-99.9-99.9 8.9 65-9.9  0-99.9  14 10.923.0-9.9
5281120181118 29.5 17.5  0.009999-99.9-99.9-99.9-99.9 9.9 73-9.9  0-99.9  12  9.724.9-9.9
5281120181119 31.3 12.5  0.009999-99.9-99.9-99.9-99.910.1 74-9.9  0-99.9  14 11.325.2-9.9
5281120181120 35.0 14.6  0.009999-99.9-99.9-99.9-99.9 9.6 70-9.9  0-99.9  14 11.424.4-9.9
5281120181121 38.4 19.7  0.009999-99.9-99.9-99.9-99.9 8.9 65-9.9  0-99.9  17 13.223.2-9.9
5281120181122 37.4 19.3 46.019999-99.9-99.9-99.9-99.9 1.4 10-9.9  0-99.9  17 13.710.2-9.9
5281120181123 21.2 17.4  0.009999-99.9-99.9-99.9-99.9-9.9 99-9.9  0-99.9  16 13.2 5.6-9.9
5281120181124 25.6 17.7  0.009999-99.9-99.9-99.9-99.9 1.3  9-9.9  0-99.9   8  6.510.0-9.9
5281120181125 30.3 16.0  0.009999-99.9-99.9-99.9-99.9 5.8 42-9.9  0-99.9  10  7.918.0-9.9
5281120181126 26.2 20.2  0.219999-99.9-99.9-99.9-99.9-9.9 99-9.9  0-99.9  11  9.1 5.7-9.9
5281120181127 27.2 16.7  2.019999-99.9-99.9-99.9-99.9 0.6  5-9.9  0-99.9  13 10.4 8.9-9.9
5281120181128 28.6 14.4  0.009999-99.9-99.9-99.9-99.9 6.8 50-9.9  0-99.9   8  6.719.8-9.9
5281120181129 28.9 15.8  0.009999-99.9-99.9-99.9-99.9 3.8 28-9.9  0-99.9   6  5.114.623.6
5281120181130 32.5 14.9  0.009999-99.9-99.9-99.9-99.9 9.1 66-9.9  0-99.9   6  5.023.824.2
5281120181201 26.3 17.0  0.009999-99.9-99.9-99.9-99.9 2.7 20-9.9  0-99.9  12  9.312.7-9.9
5281120181202 26.2 11.4  0.009999-99.9-99.9-99.9-99.9 6.7 48-9.9  0-99.9   9  7.219.6-9.9
5281120181203 30.4 12.4  0.009999-99.9-99.9-99.9-99.9 9.3 67-9.9  0-99.9   8  6.724.2-9.9
5281120181204 34.8 16.2  0.009999-99.9-99.9-99.9-99.9 9.8 7113.8 53-99.9   7  6.025.120.8
5281120181205 32.0 17.7  2.219999-99.9-99.9-99.9-99.9 5.4 3917.8 52 15.5   9  7.117.317.4
5281120181206 26.7 16.2  0.009999-99.9-99.9-99.9-99.9 0.3  210.0 30-99.9   7  5.9 8.516.0
5281120181207 30.0 12.9  0.009999-99.9-99.9-99.9-99.9 7.0 5011.5 47-99.9   8  6.720.219.1
5281120181208 32.3 13.9  0.009999-99.9-99.9-99.9-99.9 9.7 7014.6 47 12.4  16 12.824.9-9.9
5281120181209 36.8 18.3  0.009999-99.9-99.9-99.9-99.9 7.8 5621.1 53 18.2  15 11.821.6-9.9
5281120181210 39.5 22.0  0.009999-99.9-99.9-99.9-99.9 8.2 5922.9 52 18.7  17 13.522.3-9.9
5281120181211 43.0 28.0 19.819999-99.9-99.9-99.9-99.9 7.8 5621.4 45-99.9  20 16.321.7-9.9
5281120181212 35.7 21.8  7.819999-99.9-99.9-99.9-99.9-9.9 99-9.9  0-99.9   9  7.5 3.6-9.9
5281120181213 39.8 20.8  0.009999-99.9-99.9-99.9-99.9 7.5 5419.6 41-99.9  18 14.121.1-9.9
5281120181214 33.2 23.7  1.019999-99.9-99.9-99.9-99.9 5.3 3823.0 66 18.6  18 14.217.3-9.9
5281120181215 30.5 20.3  0.009999-99.9-99.9-99.9-99.9 3.2 2310.7 44-99.9  11  8.713.6-9.9
5281120181216 35.5 23.4  0.009999-99.9-99.9-99.9-99.9 4.6 3312.6 32-99.9  13 10.316.1-9.9
5281120181217 40.0 23.1 78.019999-99.9-99.9-99.9-99.9 5.3 3812.7 34-99.9  15 12.017.3-9.9
5281120181218 24.9 21.4  0.519999-99.9-99.9-99.9-99.9-9.9 99 0.9  3-99.9   8  6.8 5.6-9.9
5281120181219 22.0-28.3  1.519999-99.9-99.9-99.9-99.9 0.1  1-9.9  0-99.9   7  5.6 8.2-9.9
5281120181220-99.9-28.0-99.999999-99.9-99.9-99.9-99.9-9.9 99-9.9-99-99.9 -99-99.9-9.9-9.9
5281120181221-99.9-99.9-99.999999-99.9-99.9-99.9-99.9-9.9 99-9.9-99-99.9 -99-99.9-9.9-9.9
5281120181222-99.9-99.9-99.999999-99.9-99.9-99.9-99.9-9.9 99-9.9-99-99.9 -99-99.9-9.9-9.9
5281120181223-99.9-99.9-99.999999-99.9-99.9-99.9-99.9-9.9 99-9.9-99-99.9 -99-99.9-9.9-9.9
5281120181224-99.9-99.9-99.999999-99.9-99.9-99.9-99.9-9.9 99-9.9-99-99.9 -99-99.9-9.9-9.9
5281120181225-99.9-99.9-99.999999-99.9-99.9-99.9-99.9-9.9 99-9.9-99-99.9 -99-99.9-9.9-9.9
5281120181226-99.9-99.9-99.999999-99.9-99.9-99.9-99.9-9.9 99-9.9-99-99.9 -99-99.9-9.9-9.9
5281120181227-99.9-99.9-99.999999-99.9-99.9-99.9-99.9-9.9 99-9.9-99-99.9 -99-99.9-9.9-9.9
5281120181228-99.9-99.9-99.999999-99.9-99.9-99.9-99.9-9.9 99-9.9-99-99.9 -99-99.9-9.9-9.9
5281120181229-99.9-99.9-99.999999-99.9-99.9-99.9-99.9-9.9 99-9.9-99-99.9 -99-99.9-9.9-9.9
5281120181230-99.9-99.9-99.999999-99.9-99.9-99.9-99.9-9.9 99-9.9-99-99.9 -99-99.9-9.9-9.9
5281120181231-99.9-99.9-99.999999-99.9-99.9-99.9-99.9-9.9 99-9.9-99-99.9 -99-99.9-9.9-9.9
5281120190101-99.9-99.9-99.999999-99.9-99.9-99.9-99.9-9.9 99-9.9-99-99.9 -99-99.9-9.9-9.9
5281120190102-99.9-99.9-99.999999-99.9-99.9-99.9-99.9-9.9 99-9.9-99-99.9 -99-99.9-9.9-9.9
5281120190103-99.9-99.9-99.999999-99.9-99.9-99.9-99.9-9.9 99-9.9-99-99.9 -99-99.9-9.9-9.9
5281120190104-99.9-99.9-99.999999-99.9-99.9-99.9-99.9-9.9 99-9.9-99-99.9 -99-99.9-9.9-9.9
5281120190105-99.9-99.9-99.999999-99.9-99.9-99.9-99.9-9.9 99-9.9-99-99.9 -99-99.9-9.9-9.9
5281120190106-99.9-99.9-99.999999-99.9-99.9-99.9-99.9-9.9 99-9.9-99-99.9 -99-99.9-9.9-9.9
5281120190107-99.9-99.9-99.999999-99.9-99.9-99.9-99.9-9.9 99-9.9-99-99.9 -99-99.9-9.9-9.9
5281120190108-99.9-99.9-99.999999-99.9-99.9-99.9-99.9-9.9 99-9.9-99-99.9 -99-99.9-9.9-9.9
5281120190109-99.9-99.9-99.999999-99.9-99.9-99.9-99.9-9.9 99-9.9-99-99.9 -99-99.9-9.9-9.9
5281120190110-99.9-99.9-99.999999-99.9-99.9-99.9-99.9-9.9 99-9.9-99-99.9 -99-99.9-9.9-9.9
5281120190111-99.9-99.9-99.999999-99.9-99.9-99.9-99.9-9.9 99-9.9-99-99.9 -99-99.9-9.9-9.9
5281120190112-99.9-99.9-99.999999-99.9-99.9-99.9-99.9-9.9 99-9.9-99-99.9 -99-99.9-9.9-9.9
5281120190113-99.9-99.9-99.999999-99.9-99.9-99.9-99.9-9.9 99-9.9-99-99.9 -99-99.9-9.9-9.9
5281120190114-99.9-99.9-99.999999-99.9-99.9-99.9-99.9-9.9 99-9.9-99-99.9 -99-99.9-9.9-9.9
5281120190115-99.9-99.9-99.999999-99.9-99.9-99.9-99.9-9.9 99-9.9-99-99.9 -99-99.9-9.9-9.9
5281120190308-99.9-99.9-99.999999-99.9-99.9-99.9-99.9-9.9 99-9.9-99-99.9 -99-99.9-9.9-9.9
5281120190309 24.3 15.3  0.009999-99.9-99.9-99.9-99.9 6.3 5118.4 85 16.2   9  7.216.6 9.3
5281120190310 26.7 15.1  0.009999-99.9-99.9-99.9-99.9 5.2 4219.9 83 17.4   6  4.914.8 5.9
5281120190311 25.2 18.3  0.009999-99.9-99.9-99.9-99.9 1.3 1022.8 92 19.6   3  2.5 8.5 3.1
5281120190312 29.0 17.2  0.009999-99.9-99.9-99.9-99.9 6.0 4923.0 85 19.7   2  1.415.9 4.6
5281120190313 29.7 17.0  0.009999-99.9-99.9-99.9-99.9 5.4 4423.6 85 20.1   2  1.514.8 4.5
5281120190314 30.0 18.1  0.009999-99.9-99.9-99.9-99.9 5.6 4524.5 85 20.8   5  3.615.1 5.9
5281120190315 29.5 19.0  0.009999-99.9-99.9-99.9-99.9 5.3 4323.8 83 20.2   5  3.814.5 6.7
5281120190316 28.9 19.9  0.009999-99.9-99.9-99.9-99.9 2.5 2123.7 87 20.2   7  5.310.2 5.7
5281120190317 25.1 17.0  0.009999-99.9-99.9-99.9-99.9 1.1  922.1 96 19.0   6  4.8 8.0 3.2
5281120190318 30.0 14.0  0.009999-99.9-99.9-99.9-99.9 7.3 6021.5 80 18.5   3  2.117.5 5.2
5281120190319 31.0 17.0  0.009999-99.9-99.9-99.9-99.9 6.3 5222.6 83 19.4  11  8.815.910.4
5281120190320 22.3 14.9  0.009999-99.9-99.9-99.9-99.9 0.4  316.8 80 14.7  11  9.2 6.7 8.1
5281120190321 24.3 15.7  0.009999-99.9-99.9-99.9-99.9 3.7 3117.1 77 15.0   5  4.011.7 5.7
5281120190322 27.4 14.6  0.009999-99.9-99.9-99.9-99.9 4.9 4119.0 75 16.7   5  3.813.5 6.3
5281120190323 29.7 16.7  0.009999-99.9-99.9-99.9-99.9 7.0 5821.1 75 18.4   7  5.216.5 9.2
5281120190324 32.0 18.5  0.009999-99.9-99.9-99.9-99.9 5.2 4423.6 81 20.1   5  4.013.8 7.1
5281120190325 22.9 16.6  0.009999-99.9-99.9-99.9-99.9 0.3  218.5 88 16.3   7  5.9 6.3 5.7
5281120190326 18.5 13.1  0.009999-99.9-99.9-99.9-99.9-9.9 9917.4 95 15.3   7  5.5 4.6-9.9
5281120190327 24.7 14.6  0.009999-99.9-99.9-99.9-99.9 0.9  819.1 87 16.7   2  1.5 7.2 2.3
5281120190328 27.4 17.2  0.009999-99.9-99.9-99.9-99.9 2.8 2321.3 87 18.5   3  2.1 9.9 3.5
5281120190329 31.2 14.8  0.009999-99.9-99.9-99.9-99.9 3.8 3224.3 82 20.4   3  2.411.3 3.8
5281120190330 29.6 22.2  0.009999-99.9-99.9-99.9-99.9-9.9 9932.6 99 25.4   7  6.0 3.6-9.9
5281120190331 29.4 21.4  0.009999-99.9-99.9-99.9-99.9 0.2  229.9 98 24.0  12  9.4 6.0 1.6
5281120190401 25.3 22.0  0.009999-99.9-99.9-99.9-99.9-9.9 9928.0 98 22.9   5  3.9 1.6-9.9
5281120190402 30.8 21.6  0.009999-99.9-99.9-99.9-99.9 5.3 4529.2 91 23.6   2  1.513.3 3.9
5281120190403 32.4 20.1  0.009999-99.9-99.9-99.9-99.9 5.6 4828.8 87 23.3   1  0.513.6 3.9
5281120190404 31.1 20.2  0.009999-99.9-99.9-99.9-99.9 2.0 1729.4100 23.5   7  6.0 8.4 3.2
5281120190405 23.5 15.0  0.009999-99.9-99.9-99.9-99.9 4.2 3621.2100 18.2  11  8.611.4 3.3
5281120190406 25.5  8.7  0.009999-99.9-99.9-99.9-99.9 6.8 5920.3100 16.9   1  0.815.1 2.8
5281120190407 27.4  9.4  0.009999-99.9-99.9-99.9-99.9 6.5 5622.5100 18.4   2  1.414.5 2.9
5281120190408 27.5 12.2  0.009999-99.9-99.9-99.9-99.9 4.8 4224.1100 19.8   4  3.212.1 2.6
5281120190409 29.1 15.5  0.009999-99.9-99.9-99.9-99.9 4.4 3927.3100 21.9   6  4.611.5 2.6
5281120190410 31.0 17.2  0.009999-99.9-99.9-99.9-99.9 4.9 4229.1100 23.0   4  2.912.0 2.9
5281120190411 27.1 15.6  0.009999-99.9-99.9-99.9-99.9 5.3 4724.2100 20.1   6  4.512.6 2.8
5281120190412 26.9 11.6  0.009999-99.9-99.9-99.9-99.9 5.3 4623.1100 19.1   6  4.412.5 2.5
5281120190413 29.4 14.2  0.009999-99.9-99.9-99.9-99.9 3.1 2826.3100 21.3   7  5.8 9.4 2.1
5281120190414 32.2 19.5  0.009999-99.9-99.9-99.9-99.9 4.2 3733.1100 25.3   4  3.010.8 2.8
5281120190415 24.9 18.6  0.009999-99.9-99.9-99.9-99.9-9.9 9924.7100 20.8   8  6.3 1.7-9.9
5281120190416 25.8 15.5  0.009999-99.9-99.9-99.9-99.9 4.4 3921.9100 18.7   4  3.311.0 2.2
5281120190417 27.2 15.4  0.009999-99.9-99.9-99.9-99.9 5.7 5124.8100 20.5   5  3.712.7 2.6
5281120190418 28.9 19.2  0.009999-99.9-99.9-99.9-99.9 1.4 1329.2100 23.4   6  4.7 6.8 1.7
5281120190419 25.7 22.4  0.009999-99.9-99.9-99.9-99.9-9.9 9928.2100 23.1   5  3.7 2.1-9.9
5281120190420 24.3 21.1  0.009999-99.9-99.9-99.9-99.9-9.9 9927.5100 22.6   2  1.9 2.0-9.9
5281120190421 24.8 18.5  0.009999-99.9-99.9-99.9-99.9-9.9 9923.9100 20.3   8  6.5 4.7-9.9
5281120190422 19.6 15.1  0.009999-99.9-99.9-99.9-99.9-9.9 9919.5100 17.1   7  5.6 1.5-9.9
5281120190423 20.1 14.5  0.009999-99.9-99.9-99.9-99.9-9.9 9919.1100 16.7   5  4.1 4.3-9.9
5281120190424 17.3 15.4  0.009999-99.9-99.9-99.9-99.9-9.9 9918.3100 16.1  10  7.9 0.3-9.9
5281120190425 18.4 15.3  0.009999-99.9-99.9-99.9-99.9-9.9 99 8.5 33-99.9  12  9.3 2.2-9.9
5281120190426 19.9 16.8  0.009999-99.9-99.9-99.9-99.9-9.9 99-9.9  0-99.9  10  7.8 3.1-9.9
5281120190427 20.3 16.6-99.999999-99.9-99.9-99.9-99.9-9.9 99-9.9  0-99.9   5  4.0 3.1-9.9
5281120190428-99.9-99.9  0.009999-99.9-99.9-99.9-99.9-9.9 99-9.9-99-99.9 -99-99.9-9.9-9.9
5281120190429 27.1 14.9  0.009999-99.9-99.9-99.9-99.9 5.4 49-9.9  0-99.9   4  3.311.314.0
5281120190430 22.2-19.0  0.009999-99.9-99.9-99.9-99.9 3.7 33-9.9  0-99.9   7  5.9 9.1-9.9
5281120190501-99.9-27.9  0.009999-99.9-99.9-99.9-99.9 5.4 50-9.9  0-99.9   2  1.911.2-9.9
5281120190502-99.9-25.4  0.009999-99.9-99.9-99.9-99.9 5.3 48-9.9  0-99.9   9  7.011.0-9.9
5281120190503-99.9-27.8  0.819999-99.9-99.9-99.9-99.9-9.9 99-9.9  0-99.9   3  2.0 3.9-9.9
5281120190504-99.9-29.2  7.219999-99.9-99.9-99.9-99.9-9.9 99-9.9  0-99.9   3  2.5 3.9-9.9
5281120190505-99.9-27.8  0.009999-99.9-99.9-99.9-99.9 0.1  1-9.9  0-99.9   6  4.7 4.4-9.9
5281120190506 20.6-29.0  1.219999-99.9-99.9-99.9-99.9-9.9 99-9.9  0-99.9  12  9.4 2.5-9.9
5281120190507 22.2 18.8 16.019999-99.9-99.9-99.9-99.9-9.9 99-9.9  0-99.9   3  2.3 2.0-9.9
5281120190508 21.8 19.8  2.019999-99.9-99.9-99.9-99.9-9.9 99-9.9  0-99.9   4  3.0 0.9-9.9
5281120190509 23.4 18.6  9.219999-99.9-99.9-99.9-99.9-9.9 99-9.9  0-99.9   6  4.4 1.8-9.9
5281120190510 22.9 14.8  0.009999-99.9-99.9-99.9-99.9 4.3 40-9.9  0-99.9  15 12.3 9.2-9.9
5281120190511 26.1 10.8  0.009999-99.9-99.9-99.9-99.9 5.3 49-9.9  0-99.9   3  2.110.4 8.7
5281120190512 25.2  7.0  0.219999-99.9-99.9-99.9-99.9 2.2 21-9.9  0-99.9   3  2.3 6.7 9.0
5281120190513 29.5  9.7  0.009999-99.9-99.9-99.9-99.9 5.6 52-9.9  0-99.9   1  0.510.6 3.6
5281120190514 27.4  7.4  0.009999-99.9-99.9-99.9-99.9 5.4 51-9.9  0-99.9   2  1.810.3 7.7
5281120190515 26.4 10.4  0.009999-99.9-99.9-99.9-99.9 3.6 33-9.9  0-99.9   4  3.0 8.111.6
5281120190516 27.4  9.0  0.009999-99.9-99.9-99.9-99.9 4.9 46-9.9  0-99.9   5  4.2 9.615.8
5281120190517 29.0 15.7  0.009999-99.9-99.9-99.9-99.9 3.7 35-9.9  0-99.9   9  7.1 8.2-9.9
5281120190518 32.2 18.3  5.519999-99.9-99.9-99.9-99.9 0.7  7-9.9  0-99.9   5  3.7 4.816.2
5281120190519 23.4 14.5  0.219999-99.9-99.9-99.9-99.9 0.1  1-9.9  0-99.9   5  3.9 4.015.2
5281120190520 18.8 14.1  0.009999-99.9-99.9-99.9-99.9-9.9 99-9.9  0-99.9   3  2.4 1.2-9.9
5281120190521 17.3 11.5  1.519999-99.9-99.9-99.9-99.9-9.9 99-9.9  0-99.9  16 12.7 1.7-9.9
5281120190522 14.2 12.1  0.519999-99.9-99.9-99.9-99.9-9.9 99-9.9  0-99.9  11  8.8 1.3-9.9
5281120190523 21.1  8.4  0.219999-99.9-99.9-99.9-99.9 0.8  8-9.9  0-99.9   5  4.0 4.713.7
5281120190524 25.0  3.8  0.009999-99.9-99.9-99.9-99.9 4.4 42-9.9  0-99.9   4  3.1 8.610.6
5281120190525 23.5  9.8  0.009999-99.9-99.9-99.9-99.9 2.1 20-9.9  0-99.9   8  6.0 6.120.6
5281120190526 30.6 10.8  0.009999-99.9-99.9-99.9-99.9 4.1 40-9.9  0-99.9   3  2.1 8.3 9.0
5281120190527 23.4 10.7  0.009999-99.9-99.9-99.9-99.9-9.9 99-9.9  0-99.9   4  3.4 3.0-9.9
5281120190528 24.2  7.3  0.009999-99.9-99.9-99.9-99.9 1.0 10-9.9  0-99.9   4  3.1 4.811.2
5281120190529 17.0  6.7  0.519999-99.9-99.9-99.9-99.9-9.9 99-9.9  0-99.9   1  0.4 1.2-9.9
5281120190530 24.6 15.2  0.219999-99.9-99.9-99.9-99.9-9.9 99-9.9  0-99.9   4  3.5 2.6-9.9
5281120190531 16.1 11.9  0.009999-99.9-99.9-99.9-99.9-9.9 99-9.9  0-99.9   3  2.8 1.1-9.9
5281120190601 20.1 11.9  0.009999-99.9-99.9-99.9-99.9-9.9 99-9.9  0-99.9   1  0.8 1.7-9.9
5281120190602 27.3  8.8  0.009999-99.9-99.9-99.9-99.9 3.8 36-9.9  0-99.9   1  0.8 7.7 4.4
5281120190603 27.2  5.6  0.009999-99.9-99.9-99.9-99.9 1.1 11-9.9  0-99.9   2  1.9 4.9 8.0
5281120190604 25.3 11.6  0.009999-99.9-99.9-99.9-99.9 2.4 24-9.9  0-99.9  11  8.7 6.2-9.9
5281120190605 26.7 11.9  0.009999-99.9-99.9-99.9-99.9 1.8 17-9.9  0-99.9  13 10.0 5.5-9.9
5281120190606 29.4 14.4  0.009999-99.9-99.9-99.9-99.9 2.3 22-9.9  0-99.9   9  7.4 6.0-9.9
5281120190607 23.4 11.1  0.009999-99.9-99.9-99.9-99.9-9.9 99-9.9  0-99.9  13 10.1 3.3-9.9
5281120190608 27.3  9.0  0.009999-99.9-99.9-99.9-99.9 3.0 29-9.9  0-99.9   5  3.6 6.713.7
5281120190609 28.6  7.2  0.009999-99.9-99.9-99.9-99.9 1.4 14-9.9  0-99.9   5  3.7 5.113.9
5281120190610 33.8 13.3  0.009999-99.9-99.9-99.9-99.9-9.9 99-9.9  0-99.9   4  3.5 3.3-9.9
5281120190611 30.9 16.5  0.009999-99.9-99.9-99.9-99.9-9.9 99-9.9  0-99.9   2  1.7 3.3-9.9
5281120190612 32.3 15.7  0.009999-99.9-99.9-99.9-99.9-9.9 99-9.9  0-99.9   3  2.2 2.8-9.9
5281120190613 21.9 17.4  0.009999-99.9-99.9-99.9-99.9-9.9 99-9.9  0-99.9   7  5.3 0.9-9.9
5281120190614 17.7 14.6  2.819999-99.9-99.9-99.9-99.9-9.9 99-9.9  0-99.9  12  9.5 0.8-9.9
5281120190615 14.9 11.1  4.219999-99.9-99.9-99.9-99.9-9.9 99-9.9  0-99.9  14 11.5 0.4-9.9
5281120190616 12.2  8.6  0.009999-99.9-99.9-99.9-99.9-9.9 99-9.9  0-99.9   9  7.1 1.8-9.9
5281120190617 13.0 10.1  2.519999-99.9-99.9-99.9-99.9-9.9 99-9.9  0-99.9   1  0.5 0.6-9.9
5281120190618 21.8  5.5  0.009999-99.9-99.9-99.9-99.9 3.6 35-9.9  0-99.9   4  3.4 7.211.3
5281120190619 26.7  1.0  0.009999-99.9-99.9-99.9-99.9 3.6 35-9.9  0-99.9   3  2.2 7.2 7.6
5281120190620 23.9  3.9  0.009999-99.9-99.9-99.9-99.9 2.6 25-9.9  0-99.9   6  4.8 6.216.1
5281120190621 16.1-28.8  0.009999-99.9-99.9-99.9-99.9 1.2 12-9.9  0-99.9   6  4.7 4.7-9.9
5281120190622 37.1-29.3  0.009999-99.9-99.9-99.9-99.9 3.5 34-9.9  0-99.9   3  2.1 7.1-9.9
5281120190623 30.8 14.3  0.009999-99.9-99.9-99.9-99.9 3.8 37-9.9  0-99.9   6  4.7 7.519.9
5281120190624 24.5 16.8  0.009999-99.9-99.9-99.9-99.9 0.9  9-9.9  0-99.9   4  3.6 4.414.6
5281120190625 17.6  4.2  0.009999-99.9-99.9-99.9-99.9 0.7  7-9.9  0-99.9  17 13.5 4.2-9.9
5281120190626 18.7 -3.4  0.009999-99.9-99.9-99.9-99.9 5.0 49-9.9  0-99.9   9  6.8 8.717.9
5281120190627 23.0  4.5  0.009999-99.9-99.9-99.9-99.9 4.6 44-9.9  0-99.9   9  7.6 8.223.4
5281120190628 22.4 11.1  0.009999-99.9-99.9-99.9-99.9-9.9 99-9.9  0-99.9   2  1.7 2.2-9.9
5281120190629 22.4  9.0  0.009999-99.9-99.9-99.9-99.9 0.4  4-9.9  0-99.9   5  3.8 4.013.8
5281120190630 13.8  7.1  0.009999-99.9-99.9-99.9-99.9-9.9 99-9.9  0-99.9   7  5.5 1.8-9.9
5281120190701 22.2  3.3  0.009999-99.9-99.9-99.9-99.9 2.8 28-9.9  0-99.9   2  1.5 6.5 5.6
5281120190702 25.4  4.6  0.009999-99.9-99.9-99.9-99.9 3.7 36-9.9  0-99.9   4  2.8 7.4 9.6
5281120190703 21.4  1.6  0.009999-99.9-99.9-99.9-99.9 4.3 42-9.9  0-99.9   2  1.4 8.1-9.9
5281120190704-99.9-26.7  0.009999-99.9-99.9-99.9-99.9 3.6 35-9.9  0-99.9   2  1.9 7.4-9.9
5281120190705-99.9-28.3  0.009999-99.9-99.9-99.9-99.9 4.5 44-9.9  0-99.9   3  2.4 8.3-9.9
5281120190706-99.9-28.3  0.009999-99.9-99.9-99.9-99.9 4.3 42-9.9  0-99.9   7  5.4 8.2-9.9
5281120190707-99.9-29.5  0.009999-99.9-99.9-99.9-99.9 4.5 43-9.9  0-99.9  10  8.3 8.3-9.9
5281120190708-99.9-27.4  0.009999-99.9-99.9-99.9-99.9 4.3 42-9.9  0-99.9   7  5.4 8.2-9.9
5281120190709-99.9-30.0  0.009999-99.9-99.9-99.9-99.9 3.7 35-9.9  0-99.9   5  4.4 7.5-9.9
5281120190710-99.9-24.6  0.009999-99.9-99.9-99.9-99.9 3.8 36-9.9  0-99.9   2  1.3 7.6-9.9
5281120190711-99.9-26.9  0.009999-99.9-99.9-99.9-99.9 1.8 18-9.9  0-99.9   3  2.3 5.6-9.9
5281120190712-99.9-26.6  0.009999-99.9-99.9-99.9-99.9 2.0 19-9.9  0-99.9  13 10.4 5.8-9.9
5281120190713-99.9-29.5  0.009999-99.9-99.9-99.9-99.9-9.9 99-9.9  0-99.9   5  4.3 1.6-9.9
5281120190714-99.9-28.7  0.009999-99.9-99.9-99.9-99.9 1.9 19-9.9  0-99.9   2  1.2 5.8-9.9
5281120190715-99.9-26.6  0.009999-99.9-99.9-99.9-99.9 4.2 40-9.9  0-99.9   2  1.8 8.3-9.9
5281120190716-99.9-28.7  0.009999-99.9-99.9-99.9-99.9 4.5 43-9.9  0-99.9   8  6.0 8.6-9.9
5281120190717-99.9-23.7  0.009999-99.9-99.9-99.9-99.9 4.8 46-9.9  0-99.9  10  7.9 8.9-9.9
5281120190718-99.9-29.6  0.009999-99.9-99.9-99.9-99.9 1.0 10-9.9  0-99.9   8  6.2 4.9-9.9
5281120190719-99.9-29.0  0.009999-99.9-99.9-99.9-99.9 4.7 45-9.9  0-99.9   4  3.4 8.9-9.9
5281120190720-99.9-29.9  0.009999-99.9-99.9-99.9-99.9 2.9 27-9.9  0-99.9  10  7.7 7.0-9.9
5281120190721-99.9-26.8  0.009999-99.9-99.9-99.9-99.9 2.9 27-9.9  0-99.9  12  9.9 7.0-9.9
5281120190722-99.9-26.8  0.009999-99.9-99.9-99.9-99.9 0.5  5-9.9  0-99.9  24 19.2 4.4-9.9
5281120190723-99.9-20.1  5.019999-99.9-99.9-99.9-99.9-9.9 99-9.9  0-99.9  20 16.2 1.0-9.9
5281120190724-99.9-29.7 27.519999-99.9-99.9-99.9-99.9-9.9 99-9.9  0-99.9  16 12.8 1.5-9.9
5281120190725 54.1 -8.4  0.009999-99.9-99.9-99.9-99.9-9.9 99-9.9  0-99.9  13 10.4 1.7-9.9
5281120190726 20.2  5.2  0.009999-99.9-99.9-99.9-99.9 5.4 51-9.9  0-99.9   6  4.810.1-9.9
5281120190727 59.6-22.0  0.009999-99.9-99.9-99.9-99.9 4.9 46-9.9  0-99.9   5  3.8 9.5-9.9
5281120190728 39.7 12.9  0.009999-99.9-99.9-99.9-99.9-9.9 99-9.9  0-99.9   7  5.9 3.1-9.9
5281120190729 55.9  7.0  0.009999-99.9-99.9-99.9-99.9 4.5 42-9.9  0-99.9   1  0.7 9.2 4.1
5281120190730 45.6  6.4  0.009999-99.9-99.9-99.9-99.9 4.7 44-9.9  0-99.9   2  1.6 9.4-9.9
5281120190731 48.4 13.3  0.009999-99.9-99.9-99.9-99.9 4.8 45-9.9  0-99.9   8  6.7 9.6-9.9
5281120190801-99.9-26.3  0.009999-99.9-99.9-99.9-99.9 0.9  8-9.9  0-99.9  16 12.8 5.1-9.9
5281120190802-99.9-23.1  0.009999-99.9-99.9-99.9-99.9 5.5 52-9.9  0-99.9   4  3.210.6-9.9
5281120190803-99.9-26.7  0.009999-99.9-99.9-99.9-99.9 5.7 53-9.9  0-99.9   2  1.210.9-9.9
5281120190804-99.9-29.7  0.009999-99.9-99.9-99.9-99.9 5.7 53-9.9  0-99.9   9  7.310.9-9.9
5281120190805-99.9-28.8  0.009999-99.9-99.9-99.9-99.9 5.4 50-9.9  0-99.9  12  9.210.6-9.9
5281120190806 56.2-15.1  0.009999-99.9-99.9-99.9-99.9 5.5 51-9.9  0-99.9  11  8.710.8-9.9
5281120190807 39.9-29.8  0.009999-99.9-99.9-99.9-99.9 4.5 42-9.9  0-99.9  15 11.6 9.7-9.9
5281120190808 51.4-28.4  0.009999-99.9-99.9-99.9-99.9-9.9 99-9.9  0-99.9  22 17.6 1.7-9.9
5281120190809 15.3  8.7  0.009999-99.9-99.9-99.9-99.9 2.1 19-9.9  0-99.9  14 11.3 6.9-9.9
5281120190810 22.6  0.5  0.009999-99.9-99.9-99.9-99.9 5.9 54-9.9  0-99.9   6  4.811.515.0
5281120190811 24.7  7.2  0.009999-99.9-99.9-99.9-99.9 5.8 53-9.9  0-99.9   8  6.211.421.6
5281120190812 24.9  6.9  0.009999-99.9-99.9-99.9-99.9 4.7 43-9.9  0-99.9  10  8.010.2-9.9
5281120190813 59.9-24.6  0.009999-99.9-99.9-99.9-99.9 4.6 42-9.9  0-99.9   4  3.410.212.5
5281120190814 32.3  4.7  0.009999-99.9-99.9-99.9-99.9 4.2 39 2.6 22-99.9  10  7.8 9.819.3
5281120190815 21.1  3.9  0.009999-99.9-99.9-99.9-99.9 3.9 36 8.6 63  4.8   6  5.1 9.4 7.2
5281120190816 29.5  7.9  0.009999-99.9-99.9-99.9-99.9 3.8 3515.5 74 13.2   5  4.3 9.4 4.8
5281120190817 24.9 15.0  0.009999-99.9-99.9-99.9-99.9 3.3 3017.4 79 15.3  11  8.7 8.8 9.8
5281120190818 21.9  8.9  0.009999-99.9-99.9-99.9-99.9 5.2 4711.7 73  9.3   9  7.411.2 9.8
5281120190819 18.2  4.7  0.009999-99.9-99.9-99.9-99.9 5.2 46 9.2 72  5.7   5  4.411.3 5.4
5281120190820 18.9  2.3  0.009999-99.9-99.9-99.9-99.9 5.3 48 8.1 68  3.9   3  2.311.5 3.9
5281120190821 22.8  3.0  0.009999-99.9-99.9-99.9-99.9 5.5 49 9.3 67  5.9   6  4.611.8 6.7
5281120190822 23.8 11.5  0.009999-99.9-99.9-99.9-99.9 4.2 3710.9 62  8.2   5  4.010.2 7.9
5281120190823 23.9  7.1  0.009999-99.9-99.9-99.9-99.9 5.8 5110.1 60  7.1   7  5.712.3 9.3
5281120190824 26.4  9.1  0.009999-99.9-99.9-99.9-99.9 5.5 4911.9 57  9.5   8  6.712.110.5
5281120190825 24.5 13.0  0.009999-99.9-99.9-99.9-99.9 1.5 1314.9 71 12.9   7  5.8 6.9 7.8
5281120190826 28.5 11.9  0.009999-99.9-99.9-99.9-99.9 4.0 3518.9 79 16.5   6  4.710.2 4.4
5281120190827 29.9 15.6  0.009999-99.9-99.9-99.9-99.9 5.3 4719.7 72 17.2  10  7.812.010.6
5281120190828 34.8 18.3  0.009999-99.9-99.9-99.9-99.9 5.4 4819.8 58 17.4  12  9.812.218.5
5281120190829 30.3 19.6  0.009999-99.9-99.9-99.9-99.9 5.5 4816.9 60 14.7  17 13.512.4-9.9
5281120190830 21.7 14.2  0.009999-99.9-99.9-99.9-99.9 1.3 12 9.8 52  6.6  18 14.2 6.9-9.9
5281120190831 22.7  2.9  0.009999-99.9-99.9-99.9-99.9 6.3 55 9.0 58  5.3   3  2.413.7 5.4
5281120190901 23.4  6.0  0.009999-99.9-99.9-99.9-99.9 6.4 56 8.9 47  5.2   4  3.313.9 7.8
5281120190902 25.2  7.7  0.009999-99.9-99.9-99.9-99.9 6.5 57 9.7 53  6.5  10  8.014.115.5
5281120190903 17.5  7.8  0.009999-99.9-99.9-99.9-99.9 6.1 53 7.4 58  2.6   8  6.613.612.2
5281120190904 17.6  4.0  0.009999-99.9-99.9-99.9-99.9 2.4 21 7.1 51  2.0   5  4.1 8.6 6.7
5281120190905 21.1 10.4  0.009999-99.9-99.9-99.9-99.9 5.9 51 7.9 49  3.5   9  6.913.613.7
5281120190906 24.3  3.6  0.009999-99.9-99.9-99.9-99.9 6.0 5211.2 68  8.4   4  3.013.7 4.9
5281120190907 21.8  7.9  0.009999-99.9-99.9-99.9-99.9 4.4 3813.5 79 11.3  10  7.811.6 6.7
5281120190908 23.4 10.1 59.019999-99.9-99.9-99.9-99.9 2.8 2416.1 79 14.1   5  3.7 9.4 3.9
5281120190909 22.0 14.6  0.009999-99.9-99.9-99.9-99.9 3.0 2517.6 88 15.4  11  8.6 9.7 5.3
5281120190910 17.4 12.8  0.009999-99.9-99.9-99.9-99.9-9.9 9915.7 93 13.8  11  9.1 3.9-9.9
5281120190911 19.5 12.0  0.009999-99.9-99.9-99.9-99.9 1.7 1515.1 90 13.2   9  6.8 8.0 4.4
5281120190912 20.0  8.7  0.009999-99.9-99.9-99.9-99.9 5.6 4811.3 70  8.6   4  3.213.7 5.3
5281120190913 22.1  5.7  0.009999-99.9-99.9-99.9-99.9 6.1 5110.7 65  7.9   3  2.714.4 5.2
5281120190914 27.3  8.6  0.009999-99.9-99.9-99.9-99.9 5.8 4914.5 69 12.4   7  5.414.1 7.7
5281120190915 34.2 15.3  0.009999-99.9-99.9-99.9-99.9 5.2 4421.7 70 18.6   7  5.613.3 7.9
5281120190916 24.2 15.3  0.009999-99.9-99.9-99.9-99.9 3.4 2913.7 60 11.1  24 19.010.7-9.9
5281120190917 23.7  8.0  0.009999-99.9-99.9-99.9-99.9 6.2 52 9.5 50  6.2   2  1.515.0 5.5
5281120190918 27.6  8.6  0.009999-99.9-99.9-99.9-99.9 6.3 5310.7 45  7.9   5  4.015.210.2
5281120190919 23.4 11.3  0.009999-99.9-99.9-99.9-99.9 5.8 48 9.2 48  5.1  16 12.514.4-9.9
5281120190920 20.7  5.6  0.009999-99.9-99.9-99.9-99.9 5.0 42 7.4 55  2.6   2  2.013.4 5.7
5281120190921 25.4  2.4  0.009999-99.9-99.9-99.9-99.9 7.0 58 8.2 42  4.0   3  2.816.5 7.4
5281120190922 26.6  9.4  0.009999-99.9-99.9-99.9-99.9 6.6 54 8.3 38  4.2   9  7.515.918.9
5281120190923 27.8 10.8  0.009999-99.9-99.9-99.9-99.9 6.6 5410.4 46  7.5   8  6.715.916.1
5281120190924 27.7 12.7  0.009999-99.9-99.9-99.9-99.9 4.9 4014.8 64 12.8   1  1.213.4 4.8
5281120190925 30.5  8.8  0.009999-99.9-99.9-99.9-99.9 6.1 5011.4 51  8.7   1  0.715.4 4.9
5281120190926 31.2 13.5  0.009999-99.9-99.9-99.9-99.9 6.3 5211.8 44  9.3   6  4.615.713.6
5281120190927 31.2 12.1  0.009999-99.9-99.9-99.9-99.9 6.3 5212.9 46 10.7  10  8.215.919.2
5281120190928 33.8 14.2  0.009999-99.9-99.9-99.9-99.9 5.7 4716.3 52 14.2   7  6.015.013.9
5281120190929 36.6 17.4  0.009999-99.9-99.9-99.9-99.9 5.7 4616.7 43 14.6  13 10.015.0-9.9
5281120190930 37.8 22.7  0.009999-99.9-99.9-99.9-99.9 4.9 4019.8 48 17.1  12  9.513.9-9.9
5281120191001 32.8 17.2  4.019999-99.9-99.9-99.9-99.9-9.9 9912.2 55  9.7  24 19.3 6.1-9.9
5281120191002 22.2 12.3  3.819999-99.9-99.9-99.9-99.9 4.3 3512.7 69 10.3  16 12.913.116.5
5281120191003 15.9 12.3  4.519999-99.9-99.9-99.9-99.9-9.9 9915.4100 13.5  11  8.9 1.6-9.9
5281120191004 14.2 12.2  0.009999-99.9-99.9-99.9-99.9-9.9 9915.4100 13.4  14 11.4 2.4-9.9
5281120191005 20.9 11.3  0.009999-99.9-99.9-99.9-99.9 3.4 2813.8 85 11.7   8  6.411.9 6.3
5281120191006 24.4  6.6  0.009999-99.9-99.9-99.9-99.9 5.5 4413.2 69 11.0   3  2.115.3 4.9
5281120191007 30.4 12.2  0.009999-99.9-99.9-99.9-99.9 6.2 4917.4 62 15.2   8  6.416.310.4
5281120191008 31.6 14.4  0.009999-99.9-99.9-99.9-99.9 6.0 4818.2 58 16.0   6  4.816.210.8
5281120191009 33.5 15.9  0.009999-99.9-99.9-99.9-99.9 6.1 4917.5 51 15.4  10  7.816.417.6
5281120191010 37.1 19.6  0.009999-99.9-99.9-99.9-99.9 5.3 4219.1 47 16.8  11  9.215.223.3
5281120191011 40.0 21.2  0.009999-99.9-99.9-99.9-99.9 5.7 4520.5 45 17.9  12  9.515.9-9.9
5281120191012 40.9 24.2  0.009999-99.9-99.9-99.9-99.9 6.0 4721.4 40 18.6  13 10.316.4-9.9
5281120191013 33.3 19.6  7.819999-99.9-99.9-99.9-99.9 2.9 2320.4 68 17.6  19 15.011.4-9.9
5281120191014 19.8  9.2  6.219999-99.9-99.9-99.9-99.9-9.9 9913.4100 11.1  17 13.8 2.1-9.9
5281120191015 11.7  8.5  0.219999-99.9-99.9-99.9-99.9-9.9 9912.4100 10.2  12  9.4 2.3-9.9
5281120191016 15.9 10.6  0.819999-99.9-99.9-99.9-99.9-9.9 9915.7100 13.6   7  5.4 2.1-9.9
5281120191017 24.7 14.1  0.009999-99.9-99.9-99.9-99.9 2.7 2117.6 87 15.5   5  4.011.3 4.2
5281120191018 26.5 10.3  0.009999-99.9-99.9-99.9-99.9 4.2 3315.6 75 13.5   3  2.613.9 5.6
5281120191019 24.5 10.3  0.519999-99.9-99.9-99.9-99.9 0.9  715.2 67 13.1   5  3.6 8.4 5.4
5281120191020 18.3 13.4  0.009999-99.9-99.9-99.9-99.9-9.9 9917.1 98 14.9   5  4.0 3.4-9.9
5281120191021 25.0  7.1  0.009999-99.9-99.9-99.9-99.9 4.0 3113.7 77 11.5   3  2.113.6 4.2
5281120191022 26.8 10.0  0.009999-99.9-99.9-99.9-99.9 5.9 4614.6 62 12.5   6  4.716.8 9.0
5281120191023 28.7 14.3  0.009999-99.9-99.9-99.9-99.9 6.2 4815.9 58 13.9   6  4.617.410.2
5281120191024 30.6 14.5  0.009999-99.9-99.9-99.9-99.9 6.3 4814.7 46 12.7  10  8.417.519.5
5281120191025 32.5 16.3  0.009999-99.9-99.9-99.9-99.9 6.9 5315.2 49 13.2  11  9.218.722.8
5281120191026 35.0 17.8  0.009999-99.9-99.9-99.9-99.9 6.2 4817.7 50 15.3  14 11.217.6-9.9
5281120191027 38.6 21.2  0.009999-99.9-99.9-99.9-99.9 6.3 4825.5 61 21.4  12  9.217.819.2
5281120191028 36.4 20.5  0.009999-99.9-99.9-99.9-99.9 7.1 5424.5 65 20.7  15 11.919.119.4
5281120191029 28.8 20.7  0.009999-99.9-99.9-99.9-99.9 3.2 2423.9 82 20.3  12  9.712.610.7
5281120191030 23.5 18.5  0.009999-99.9-99.9-99.9-99.9-9.9 9921.9 92 18.8  18 14.8 3.9-9.9
5281120191031 25.3 17.0  0.009999-99.9-99.9-99.9-99.9 1.9 1519.7 79 17.1   9  7.610.5 7.7
5281120191101 32.2 20.0  0.009999-99.9-99.9-99.9-99.9 3.3 2526.9 79 22.3  10  7.812.9 8.7
5281120191102 29.2 19.9 27.019999-99.9-99.9-99.9-99.9-9.9 9927.0 92 22.3  11  8.9 5.0-9.9
5281120191103 21.7 18.5  0.519999-99.9-99.9-99.9-99.9-9.9 9923.6100 20.1   0  0.3 2.1-9.9
5281120191104 27.4 20.0  2.019999-99.9-99.9-99.9-99.9-9.9 9926.8 98 22.2   1  0.9 6.4-9.9
5281120191105 30.1 18.1  0.009999-99.9-99.9-99.9-99.9 5.9 4421.9 71 18.9   3  2.417.4 6.9
5281120191106 29.7 16.2  0.009999-99.9-99.9-99.9-99.9 3.9 2922.7 73 19.5   3  2.614.1 5.9
5281120191107 33.7 15.5  0.009999-99.9-99.9-99.9-99.9 7.7 5818.9 52 16.6   3  2.520.6 9.5
5281120191108 33.5 16.5  4.519999-99.9-99.9-99.9-99.9 7.3 5518.9 53 16.5   7  5.620.014.7
5281120191109 28.0 20.6  5.519999-99.9-99.9-99.9-99.9-9.9 9925.2 93 21.2   4  3.2 5.9-9.9
5281120191110 31.8 17.0  0.009999-99.9-99.9-99.9-99.9 6.9 5122.2 71 19.1   4  3.519.4 8.7
5281120191111 32.4 18.5  0.009999-99.9-99.9-99.9-99.9 6.4 4820.8 60 18.1   9  7.218.515.4
5281120191112 32.5 19.3 19.819999-99.9-99.9-99.9-99.9 1.0  826.0 76 21.7   6  5.0 9.4 7.0
5281120191113 30.3 18.2  0.009999-99.9-99.9-99.9-99.9 2.5 1923.2 82 19.9   6  4.712.0 7.6
5281120191114 34.5 17.9  0.009999-99.9-99.9-99.9-99.9 7.0 5222.5 62 19.3   1  0.919.8 6.7
5281120191115 33.3 20.1  0.009999-99.9-99.9-99.9-99.9 7.5 5521.9 55 18.9   9  7.520.517.3
5281120191116 33.8 18.3  0.009999-99.9-99.9-99.9-99.9 4.7 3517.5 47 15.3  11  9.215.723.4
5281120191117 34.1 19.3  0.009999-99.9-99.9-99.9-99.9 0.9  718.4 52 16.2   9  7.3 9.317.9
5281120191118 35.8 19.9  0.009999-99.9-99.9-99.9-99.9 5.1 3818.6 50 16.3   6  4.616.514.6
5281120191119 35.3 20.3  0.009999-99.9-99.9-99.9-99.9 3.2 2319.7 49 17.2   5  4.113.212.3
5281120191120 38.4 19.5 12.819999-99.9-99.9-99.9-99.9 1.8 1324.9 55 20.9   7  5.910.813.2
5281120191121 34.1 21.5  0.009999-99.9-99.9-99.9-99.9 5.1 3826.9 76 22.2   5  3.716.6 8.6
5281120191122 34.3 21.3  0.009999-99.9-99.9-99.9-99.9 6.5 4826.1 66 21.7   3  2.619.1 8.7
5281120191123 30.9 20.1  0.009999-99.9-99.9-99.9-99.9 4.3 3223.4 70 20.0   4  3.515.3 7.9
5281120191124 32.3 16.8  0.009999-99.9-99.9-99.9-99.9 6.2 4519.2 57 16.9  10  8.218.517.3
5281120191125 32.6 22.7  5.219999-99.9-99.9-99.9-99.9 2.9 2123.3 68 19.9   9  7.412.913.1
5281120191126 24.9 18.7  0.519999-99.9-99.9-99.9-99.9-9.9 9922.2 91 19.1   6  4.5 4.9-9.9
5281120191127 30.0 13.9  0.009999-99.9-99.9-99.9-99.9 8.3 6015.7 56 13.6   0  0.222.2 5.8
5281120191128 30.6 15.1  0.009999-99.9-99.9-99.9-99.9 6.8 5016.0 53 13.9   3  2.819.8 9.8
5281120191129 36.0 18.2  0.009999-99.9-99.9-99.9-99.9 7.5 5422.0 53 19.0   4  3.120.910.9
5281120191130 29.5 19.8 18.519999-99.9-99.9-99.9-99.9 1.9 1324.9 76 21.0   3  2.211.1 5.4
5281120191201 30.1 19.0  0.009999-99.9-99.9-99.9-99.9 5.5 4018.2 58 15.8   1  1.117.6 6.5
5281120191202 24.3 17.0  0.819999-99.9-99.9-99.9-99.9 1.6 1216.5 73 14.4   2  1.510.7 4.6
5281120191203 29.3 15.4  2.819999-99.9-99.9-99.9-99.9 5.3 3916.7 58 14.7   0  0.117.2 4.5
5281120191204 24.6 17.8  2.019999-99.9-99.9-99.9-99.9 0.5  419.3 87 16.9   2  1.2 8.8 3.6
5281120191205 30.3 13.2  0.009999-99.9-99.9-99.9-99.9 9.9 7114.7 49 12.6   1  0.525.2 6.8
5281120191206 33.4 15.1  0.009999-99.9-99.9-99.9-99.9 7.3 5215.1 43 13.1   3  2.220.610.0
5281120191207 34.0 16.7  0.009999-99.9-99.9-99.9-99.9 8.6 6215.0 41 13.0   7  5.823.019.1
5281120191208 27.0 18.8  2.819999-99.9-99.9-99.9-99.9-9.9 9921.4 80 18.6   1  1.2 7.4-9.9
5281120191209 34.1 14.5  0.009999-99.9-99.9-99.9-99.9 6.4 4618.6 49 16.3   2  1.519.3 7.8
5281120191210 36.1 19.9  0.009999-99.9-99.9-99.9-99.9 8.1 5820.5 49 17.9   5  4.222.214.7
5281120191211 38.1 21.8 10.219999-99.9-99.9-99.9-99.9 7.0 5121.4 47 18.6   9  7.020.321.4
5281120191212 30.3 20.9  0.009999-99.9-99.9-99.9-99.9 3.4 2519.1 66 16.3   7  5.214.012.9
5281120191213 31.0 16.9  0.009999-99.9-99.9-99.9-99.9 8.1 5816.3 51 14.2   7  5.322.114.8
5281120191214 38.1 22.0 24.519999-99.9-99.9-99.9-99.9 5.2 3725.1 59 21.1   8  6.417.115.4
5281120191215 31.6 17.5  1.019999-99.9-99.9-99.9-99.9-9.9 9923.4 90 20.0   5  3.9 7.9-9.9
5281120191216 31.0 19.4  0.009999-99.9-99.9-99.9-99.9 1.8 1321.3 81 18.4   0  0.111.2 3.5
5281120191217 33.6 13.3  0.009999-99.9-99.9-99.9-99.9 6.7 4817.5 51 15.3   0  0.119.8 5.4
5281120191218 33.2 18.9  0.009999-99.9-99.9-99.9-99.9 7.9 5718.4 53 16.1   6  4.621.814.8
5281120191219 36.9 20.1  0.009999-99.9-99.9-99.9-99.9 7.4 5319.8 48 17.3   6  4.421.015.1
5281120191220 37.1 18.9 25.819999-99.9-99.9-99.9-99.9-9.9 9924.0 86 20.3   9  7.6 7.8-9.9
5281120191221 30.1 15.2  0.009999-99.9-99.9-99.9-99.9 9.2 6617.7 62 15.4   3  2.424.1 9.3
5281120191222 30.0 13.4  0.009999-99.9-99.9-99.9-99.9 7.6 5514.6 54 12.5   0  0.021.4 5.5
5281120191223 32.6 14.9  0.009999-99.9-99.9-99.9-99.9 6.5 4716.7 52 14.6   5  3.719.511.7
5281120191224 36.6 18.4  0.009999-99.9-99.9-99.9-99.9 9.2 6617.9 42 15.7   9  6.924.221.1
5281120191225 32.2 21.5  1.019999-99.9-99.9-99.9-99.9 7.7 5520.8 58 18.0   8  6.821.518.2
5281120191226 32.0 18.5  0.009999-99.9-99.9-99.9-99.9 2.6 1924.1 81 20.2   4  3.312.6 6.4
5281120191227 38.9 22.9  0.009999-99.9-99.9-99.9-99.9 7.1 5128.4 58 23.2   5  4.420.612.9
5281120191228 38.1 23.9  0.009999-99.9-99.9-99.9-99.9 8.4 6127.7 56 22.8   6  5.122.816.1
5281120191229 31.5 23.4  3.819999-99.9-99.9-99.9-99.9 1.4 1030.5 76 24.4   1  1.010.5 4.3
5281120191230 38.1 23.5 12.819999-99.9-99.9-99.9-99.9 5.6 4030.0 69 24.1   3  2.117.9 7.7
5281120191231 35.3 22.6  0.009999-99.9-99.9-99.9-99.9 7.2 5126.9 61 22.2   2  1.820.6 8.6
5281120200101 34.5 20.4  0.009999-99.9-99.9-99.9-99.9 8.3 6021.9 53 18.8   2  1.522.6 9.0
5281120200102 33.2 19.2  0.009999-99.9-99.9-99.9-99.9 6.3 4521.5 59 18.6   1  0.519.1 6.1
5281120200103 33.0 17.6  0.009999-99.9-99.9-99.9-99.9 8.0 5819.8 54 17.2   1  1.122.1 7.8
5281120200104 34.2 16.8  0.009999-99.9-99.9-99.9-99.9 9.3 6718.3 48 16.1   0  0.224.4 7.0
5281120200105 36.0 19.6  8.819999-99.9-99.9-99.9-99.9 9.0 6518.5 44 16.2   2  1.923.810.8
5281120200106 28.2 17.8  0.219999-99.9-99.9-99.9-99.9 2.8 2121.5 81 18.6   6  4.912.9 8.4
5281120200107 32.8 14.4  0.009999-99.9-99.9-99.9-99.9 8.9 6515.2 46 12.9   2  1.523.6 8.9
5281120200108 36.9 19.5  0.009999-99.9-99.9-99.9-99.9 8.3 6020.9 49 18.0   6  5.022.515.6
5281120200109 37.8 25.1  0.009999-99.9-99.9-99.9-99.9 5.6 4128.4 63 23.2   4  3.217.810.6
5281120200110 34.2 25.3  0.009999-99.9-99.9-99.9-99.9 6.4 4627.4 63 22.5   5  3.819.111.6
5281120200111 35.1 22.2  0.009999-99.9-99.9-99.9-99.9 3.5 2525.5 63 21.4   3  2.514.0 8.1
5281120200112 35.6 22.4  0.009999-99.9-99.9-99.9-99.9 5.8 4228.9 70 23.5   6  4.618.010.6
5281120200113 36.2 23.7  0.009999-99.9-99.9-99.9-99.9 5.0 3730.0 67 24.1   4  3.016.7 8.3
5281120200114 37.4 24.6  0.009999-99.9-99.9-99.9-99.9 5.9 4331.7 66 25.0   5  4.218.210.8
5281120200115 41.0 24.2  9.819999-99.9-99.9-99.9-99.9 6.8 4928.9 75 23.3   7  5.319.713.8
5281120200116 29.1 18.0  0.009999-99.9-99.9-99.9-99.9 2.7 2019.5 61 16.9   3  2.212.6 6.9
5281120200117 31.6 16.0  0.009999-99.9-99.9-99.9-99.9 8.3 6116.1 46 14.0   4  3.022.311.1
5281120200118 34.7 17.5  0.009999-99.9-99.9-99.9-99.9 7.9 5821.5 55 18.5   2  1.321.6 8.1
5281120200119 39.2 24.5  0.009999-99.9-99.9-99.9-99.9 6.4 4730.0 60 24.1   4  3.319.011.1
5281120200120 36.4 26.8 74.519999-99.9-99.9-99.9-99.9 3.6 2631.8 74 25.0   6  5.214.112.0
5281120200121 31.1 23.3  3.019999-99.9-99.9-99.9-99.9 1.2  931.5 95 24.9   4  2.9 9.9 3.6
5281120200122 32.8 22.6  0.009999-99.9-99.9-99.9-99.9 5.8 4327.8 76 22.8   7  5.817.910.2
5281120200123 33.2 21.5  0.009999-99.9-99.9-99.9-99.9 9.0 6623.9 62 20.2   2  1.923.5 9.1
5281120200124 34.3 19.0  0.009999-99.9-99.9-99.9-99.9 9.2 6721.8 57 18.8   2  1.823.7 9.5
5281120200125 37.2 20.1  0.009999-99.9-99.9-99.9-99.9 8.6 6323.1 55 19.8   3  2.122.710.1
5281120200126 37.3 20.5  0.009999-99.9-99.9-99.9-99.9 7.1 5325.3 58 21.2   1  1.020.0 7.7
5281120200127 32.4 21.3 38.019999-99.9-99.9-99.9-99.9-9.9 9926.7 92 22.1   3  2.1 5.4-9.9
5281120200128 34.3 20.2  0.009999-99.9-99.9-99.9-99.9 6.8 5024.5 67 20.7   1  0.519.5 6.1
5281120200129 32.2 20.7  2.219999-99.9-99.9-99.9-99.9 1.9 1426.0 89 21.7   5  3.910.9 5.6
5281120200130 29.8 18.5  0.009999-99.9-99.9-99.9-99.9 7.9 5920.1 74 17.5   3  2.721.3 8.5
5281120200131 33.0 13.0  0.009999-99.9-99.9-99.9-99.9 8.8 6616.8 51 14.7   0  0.122.9 5.8
5281120200201 34.4 17.3  0.009999-99.9-99.9-99.9-99.9 9.0 6718.7 52 16.4   1  0.923.1 7.8
5281120200202 37.2 20.4  0.009999-99.9-99.9-99.9-99.9 8.8 6622.0 53 19.0   1  0.522.7 7.4
5281120200203 36.5 20.2  0.009999-99.9-99.9-99.9-99.9 8.8 6622.1 50 19.1   2  1.822.8 9.9
5281120200204 37.3 23.7  0.009999-99.9-99.9-99.9-99.9 8.5 6426.9 55 22.2   6  5.122.115.2
5281120200205 33.7 21.4 95.819999-99.9-99.9-99.9-99.9 0.0  028.3 90 23.1   6  4.5 7.5 5.7
5281120200206 29.8 20.9 24.519999-99.9-99.9-99.9-99.9 1.7 1329.9 93 24.0   4  3.010.4 3.3
5281120200207 33.1 24.3  0.009999-99.9-99.9-99.9-99.9 3.2 2433.1 90 25.7   4  3.012.9 5.3
5281120200208 33.3 23.0  0.009999-99.9-99.9-99.9-99.9 5.8 4430.9 84 24.6   2  1.717.4 6.0
5281120200209 28.3 22.8  0.009999-99.9-99.9-99.9-99.9 4.0 3125.5 77 21.4   2  1.314.3 5.1
5281120200210 30.4 17.7  0.009999-99.9-99.9-99.9-99.9 6.3 4819.9 66 17.3   1  0.418.1 5.2
5281120200211 32.0 17.8  0.009999-99.9-99.9-99.9-99.9 8.3 6317.8 52 15.6   0  0.321.4 6.1
5281120200212 32.7 19.5  0.009999-99.9-99.9-99.9-99.9 8.1 6219.0 55 16.6   1  0.521.1 6.7
5281120200213 37.1 22.3  1.519999-99.9-99.9-99.9-99.9 4.2 3226.8 73 22.1   2  1.714.5 6.5
5281120200214 30.5 24.3  0.009999-99.9-99.9-99.9-99.9-9.9 9932.1 89 25.2   1  0.9 4.7-9.9
5281120200215 35.1 22.8  0.009999-99.9-99.9-99.9-99.9 6.6 5032.0 82 25.1   1  0.518.4 5.8
5281120200216 35.8 24.4  2.519999-99.9-99.9-99.9-99.9 4.8 3734.6 81 26.5   4  3.315.3 6.9
5281120200217 35.1 23.4 33.519999-99.9-99.9-99.9-99.9 6.4 4933.4 78 25.8   7  5.417.910.1
5281120200218 31.2 19.1  0.009999-99.9-99.9-99.9-99.9 4.1 3220.3 75 17.5   5  3.814.0 8.6
5281120200219 31.1 15.0  0.009999-99.9-99.9-99.9-99.9 7.7 6018.0 58 15.6   0  0.020.1 5.0
5281120200220 31.2 21.0  0.009999-99.9-99.9-99.9-99.9 6.6 5120.4 59 17.7   1  0.718.2 6.0
5281120200221 26.4 16.2  0.009999-99.9-99.9-99.9-99.9 7.8 6113.5 57 11.3   1  0.820.1 6.2
5281120200222 26.4 10.1  0.009999-99.9-99.9-99.9-99.9 8.1 6313.8 59 11.7   0  0.120.5 4.7
5281120200223 29.0 12.3  0.009999-99.9-99.9-99.9-99.9 7.9 6215.3 59 13.3   0  0.220.1 5.0
5281120200224 32.7 15.6  0.009999-99.9-99.9-99.9-99.9 7.7 6018.6 59 16.3   1  0.919.7 6.3
5281120200225 32.0 20.1  0.009999-99.9-99.9-99.9-99.9 4.1 3220.9 72 18.2   2  1.613.8 5.9
5281120200226 31.7 12.6  0.009999-99.9-99.9-99.9-99.9 6.2 4816.5 67 14.4   0  0.217.0 4.6
5281120200227 32.7 12.2  0.009999-99.9-99.9-99.9-99.9 6.7 5315.7 51 13.7   0  0.017.8 4.5
5281120200228 34.0 16.2  0.009999-99.9-99.9-99.9-99.9 6.5 5218.2 49 16.0   0  0.317.5 5.2
5281120200229 33.7 16.6  0.009999-99.9-99.9-99.9-99.9 7.2 5719.2 55 16.8   0  0.118.6 5.2
5281120200301 33.9 18.1  0.009999-99.9-99.9-99.9-99.9 7.9 6317.0 47 14.9   1  0.819.7 7.0
5281120200302 34.6 18.0  0.009999-99.9-99.9-99.9-99.9 8.2 6516.7 50 14.7   0  0.420.0 6.1
5281120200303 35.2 18.1  0.009999-99.9-99.9-99.9-99.9 7.2 5719.7 53 17.2   1  0.418.4 5.8
5281120200304 35.8 18.9  0.009999-99.9-99.9-99.9-99.9 7.1 5720.3 54 17.7   0  0.218.1 5.6
5281120200305 35.4 19.4  0.009999-99.9-99.9-99.9-99.9 7.6 6119.9 50 17.4   1  0.918.9 6.9
5281120200306 34.0 17.9  0.009999-99.9-99.9-99.9-99.9 6.9 5617.4 47 15.3   1  0.817.7 6.4
5281120200307 36.1 17.0  0.009999-99.9-99.9-99.9-99.9 7.1 5718.6 51 16.3   0  0.318.0 5.4
5281120200308 37.8 19.8  0.009999-99.9-99.9-99.9-99.9 7.0 5619.6 48 17.2   1  0.917.6 6.8
5281120200309 39.3 20.9  0.009999-99.9-99.9-99.9-99.9 7.0 5621.0 47 18.2   0  0.317.5 5.8
5281120200310 38.4 22.7  0.009999-99.9-99.9-99.9-99.9 5.9 4824.9 56 21.0   0  0.415.8 5.6
5281120200311 37.0 24.7  1.019999-99.9-99.9-99.9-99.9 3.4 2724.2 54 20.6   1  0.611.7 5.1
5281120200312 33.0 22.7  0.009999-99.9-99.9-99.9-99.9 0.8  727.0 82 22.3   0  0.3 7.6 2.9
5281120200313 39.6 23.7  0.009999-99.9-99.9-99.9-99.9 6.7 5424.5 52 20.8   3  2.616.810.1
5281120200314 40.8 24.5  4.519999-99.9-99.9-99.9-99.9 5.9 4824.8 56 21.0   6  4.415.514.4
5281120200315 25.8 18.4  0.219999-99.9-99.9-99.9-99.9-9.9 9924.2100 20.5   5  4.0 2.5-9.9
5281120200316 29.5 19.5  0.009999-99.9-99.9-99.9-99.9 2.4 2026.5 89 22.0   0  0.2 9.9 2.7
5281120200317 35.9 21.7  2.219999-99.9-99.9-99.9-99.9 5.3 4428.5 78 23.2   7  5.314.4 8.3
5281120200318 27.4 18.9  0.009999-99.9-99.9-99.9-99.9 1.8 1522.1 86 19.1   7  5.6 8.8 6.1
5281120200319 31.0 12.8  0.009999-99.9-99.9-99.9-99.9 7.1 5918.3 71 16.0   1  1.117.0 5.1
5281120200320 31.8 12.6  0.009999-99.9-99.9-99.9-99.9 7.6 6315.2 58 13.1   2  1.217.6 6.2
5281120200321 32.0 15.4  0.009999-99.9-99.9-99.9-99.9 7.2 6015.9 52 13.9   3  2.016.9 7.7
5281120200322 34.1 15.8  0.009999-99.9-99.9-99.9-99.9 7.6 6315.6 49 13.6   2  1.617.4 7.5
5281120200323 36.1 17.2  0.009999-99.9-99.9-99.9-99.9 7.2 6017.5 50 15.4   3  2.716.7 9.8
5281120200324 37.1 22.3  0.009999-99.9-99.9-99.9-99.9 6.4 5319.8 50 17.3   7  5.915.417.4
5281120200325 33.9 23.3 10.519999-99.9-99.9-99.9-99.9 4.6 3819.7 60 17.1   6  5.012.613.2
5281120200326 24.1 19.3 34.519999-99.9-99.9-99.9-99.9-9.9 9924.0100 20.4   3  2.5 1.2-9.9
5281120200327 20.6 18.9 20.019999-99.9-99.9-99.9-99.9-9.9 9923.3100 19.9   0  0.1 0.9-9.9
5281120200328 26.7 20.1  0.009999-99.9-99.9-99.9-99.9 0.2  125.8 93 21.6   0  0.0 6.0 1.6
5281120200329 31.5 19.4  0.009999-99.9-99.9-99.9-99.9 3.7 3225.3 81 21.3   0  0.011.1 3.0
5281120200330 33.5 19.0 12.219999-99.9-99.9-99.9-99.9 4.8 4025.9 79 21.6   1  0.412.6 3.8
5281120200331 26.5 21.5 16.519999-99.9-99.9-99.9-99.9-9.9 9927.5100 22.6   1  0.8 3.6-9.9
5281120200401 25.8 21.3 19.519999-99.9-99.9-99.9-99.9-9.9 9929.0100 23.5   0  0.2 2.9-9.9
5281120200402 25.3 16.5  0.009999-99.9-99.9-99.9-99.9 4.2 3618.3 79 15.8  12  9.511.513.0
5281120200403 26.6  8.4  0.009999-99.9-99.9-99.9-99.9 7.5 6413.8 67 11.7   0  0.116.2 3.3
5281120200404 28.1 11.9  0.009999-99.9-99.9-99.9-99.9 6.8 5914.8 62 12.8   2  1.315.2 4.9
5281120200405 27.3 15.6  0.009999-99.9-99.9-99.9-99.9 0.1  119.6 85 17.1   0  0.4 5.5 2.0
5281120200406 27.2 16.0  0.009999-99.9-99.9-99.9-99.9 4.6 4017.2 71 14.8   5  4.111.8 7.8
5281120200407 24.3  9.6  0.009999-99.9-99.9-99.9-99.9 6.4 5511.4 55  8.7   1  1.014.3 4.2
5281120200408 24.9  9.8  0.009999-99.9-99.9-99.9-99.9 6.3 5412.2 68  9.9   0  0.414.0 3.1
5281120200409 23.9  6.6  0.009999-99.9-99.9-99.9-99.9 3.9 3412.3 70  9.9   0  0.110.7 2.4
5281120200410 25.9  8.8  0.009999-99.9-99.9-99.9-99.9 6.6 5713.6 62 11.5   0  0.314.3 3.3
5281120200411 27.7 11.6  0.009999-99.9-99.9-99.9-99.9 6.9 6013.8 60 11.7   1  1.014.6 4.4
5281120200412 29.4 11.8  0.009999-99.9-99.9-99.9-99.9 6.6 5815.1 61 13.1   2  1.514.1 5.0
5281120200413 22.0 14.4  3.219999-99.9-99.9-99.9-99.9 0.6  616.5 85 14.5   4  3.5 5.9 4.2
5281120200414 25.2  8.0  0.009999-99.9-99.9-99.9-99.9 6.4 5613.3 70 11.1   0  0.213.6 2.8
5281120200415 27.9  7.7  0.009999-99.9-99.9-99.9-99.9 6.1 5412.0 53  9.6   0  0.013.2 2.7
5281120200416 27.9 12.0  0.009999-99.9-99.9-99.9-99.9 5.9 5212.9 57 10.7   1  0.712.8 3.8
5281120200417 28.7 11.4  0.009999-99.9-99.9-99.9-99.9 6.4 5611.5 49  9.0   1  0.413.3 3.5
5281120200418 28.9 10.1  0.009999-99.9-99.9-99.9-99.9 6.3 5613.0 57 10.8   1  1.013.1 4.3
5281120200419 31.4 12.9  0.009999-99.9-99.9-99.9-99.9 6.4 5715.3 59 13.3   2  1.213.2 4.8
5281120200420 33.8 15.4  0.009999-99.9-99.9-99.9-99.9 6.3 5616.1 52 14.1   1  0.513.0 3.9
5281120200421 33.5 14.7  0.009999-99.9-99.9-99.9-99.9 5.6 5017.9 61 15.8   0  0.112.0 3.2
5281120200422 32.0 15.7  0.009999-99.9-99.9-99.9-99.9 5.0 4518.6 62 16.3   1  0.611.2 3.6
5281120200423 32.5 19.5  0.009999-99.9-99.9-99.9-99.9 2.4 2218.5 58 16.2   3  2.5 7.8 6.6
5281120200424 35.9 22.2  0.009999-99.9-99.9-99.9-99.9 5.1 4618.3 49 16.1   9  7.011.218.3
5281120200425 33.1 22.1  6.219999-99.9-99.9-99.9-99.9 4.7 4320.6 64 17.9   5  3.910.6 9.3
5281120200426 23.5 19.5  7.819999-99.9-99.9-99.9-99.9-9.9 9924.0100 20.4   2  1.2 1.3-9.9
5281120200427 29.2 19.6  0.009999-99.9-99.9-99.9-99.9 1.6 1528.1 94 22.9   0  0.0 6.5 1.6
5281120200428 30.0 19.9  0.009999-99.9-99.9-99.9-99.9-9.9 9923.9 87 20.2   6  4.7 4.2-9.9
5281120200429 25.1 12.5  0.009999-99.9-99.9-99.9-99.9 4.2 3814.3 66 12.1   0  0.2 9.7 2.3
5281120200430 24.7 13.7  0.009999-99.9-99.9-99.9-99.9-9.9 9916.1 70 14.1   0  0.0 3.9-9.9
5281120200501 26.3 17.2  0.009999-99.9-99.9-99.9-99.9 3.9 3615.8 65 13.7   0  0.0 9.2 2.2
5281120200502 26.8 10.9  0.009999-99.9-99.9-99.9-99.9 4.7 4313.8 64 11.8   1  0.710.1 3.0
5281120200503 25.0 17.4  0.009999-99.9-99.9-99.9-99.9-9.9 9915.0 62 13.0   1  0.7 4.3-9.9
5281120200504 27.9 18.2  0.009999-99.9-99.9-99.9-99.9 1.9 1717.8 67 15.7   0  0.0 6.6 1.9
5281120200505 22.1 14.3  0.009999-99.9-99.9-99.9-99.9 1.5 1414.7 72 12.2   7  5.7 6.1 7.0
5281120200506 19.3  5.8  0.009999-99.9-99.9-99.9-99.9 5.8 54 9.5 73  6.1   1  0.711.2 2.6
5281120200507 21.0  4.4  0.009999-99.9-99.9-99.9-99.9 5.9 55 9.7 65  6.5   1  0.511.3 2.1
5281120200508 23.8  5.7  0.009999-99.9-99.9-99.9-99.9 5.9 5510.5 66  7.7   3  2.411.2 4.4
5281120200509 27.8  7.5  0.009999-99.9-99.9-99.9-99.9 5.9 5510.8 51  8.1   3  2.611.1 5.7
5281120200510 31.5 12.1  0.009999-99.9-99.9-99.9-99.9 5.5 5116.8 62 14.6   5  3.910.5 6.7
5281120200511 24.9 15.8  0.009999-99.9-99.9-99.9-99.9 4.8 4512.4 55  9.8  11  9.1 9.717.6
5281120200512 22.6 15.7  0.009999-99.9-99.9-99.9-99.9 1.5 1411.3 56  8.8   2  1.8 5.8 4.7
5281120200513 24.4 10.6  0.009999-99.9-99.9-99.9-99.9 5.4 5110.7 60  7.9   3  2.610.3 6.0
5281120200514 23.4  4.7  0.009999-99.9-99.9-99.9-99.9 5.3 49 8.8 58  5.2   0  0.010.1 1.7
5281120200515 26.2  6.4  0.009999-99.9-99.9-99.9-99.9 4.6 4410.5 59  7.6   1  0.7 9.3 2.6
5281120200516 28.9  9.7  0.009999-99.9-99.9-99.9-99.9 5.3 5012.1 56  9.8   2  1.510.0 4.2
5281120200517 30.4 10.7  0.009999-99.9-99.9-99.9-99.9 5.4 5111.9 51  9.5   2  1.610.0 4.8
5281120200518 30.8 10.2  0.009999-99.9-99.9-99.9-99.9 5.3 5012.5 54 10.3   1  0.9 9.9 3.5
5281120200519 31.7 13.9  0.009999-99.9-99.9-99.9-99.9 4.9 4616.4 65 14.4   4  3.0 9.3 6.3
5281120200520 32.8 18.8  0.009999-99.9-99.9-99.9-99.9 4.1 3919.2 66 16.7   3  2.2 8.4 5.8
5281120200521 23.1 12.6  8.519999-99.9-99.9-99.9-99.9-9.9 9914.8 89 12.8  15 12.4 1.8-9.9
5281120200522 16.3 10.4  0.009999-99.9-99.9-99.9-99.9 3.8 3610.7 70  7.7  16 13.0 8.011.3
5281120200523 17.6  3.2  0.009999-99.9-99.9-99.9-99.9 5.4 52 8.6 77  4.8   1  1.1 9.8 2.2
5281120200524 22.5  3.0  0.009999-99.9-99.9-99.9-99.9 5.3 51 8.7 62  4.9   2  1.5 9.6 2.8
5281120200525 24.0  3.5  0.009999-99.9-99.9-99.9-99.9 5.4 52 8.7 60  4.9   4  2.9 9.7 5.4
5281120200526 24.3  2.2  0.009999-99.9-99.9-99.9-99.9 5.6 53 9.2 63  5.7   0  0.2 9.8 1.7
5281120200527 26.8  8.0  0.009999-99.9-99.9-99.9-99.9 5.5 5211.0 59  8.3   3  2.1 9.7 4.4
5281120200528 29.0  8.8  0.009999-99.9-99.9-99.9-99.9 5.3 5112.7 65 10.5   1  0.8 9.4 2.8
5281120200529 30.2 11.3  0.009999-99.9-99.9-99.9-99.9 4.7 4614.0 58 11.9   0  0.3 8.8 2.2
5281120200530 21.0 11.6  0.009999-99.9-99.9-99.9-99.9 2.7 2612.9 77 10.4  12  9.2 6.5 8.3
5281120200531 17.0  7.5  0.009999-99.9-99.9-99.9-99.9 4.4 42 8.3 62  4.1   5  3.6 8.3 6.0
5281120200601 16.6  6.4  0.009999-99.9-99.9-99.9-99.9 1.8 18 7.7 62  3.1   0  0.2 5.6 1.4
5281120200602 19.5  0.2  0.009999-99.9-99.9-99.9-99.9 5.1 49 7.9 67  3.5   0  0.4 9.0 1.5
5281120200603 20.6  5.1  0.009999-99.9-99.9-99.9-99.9 3.4 32 9.5 64  6.2   1  1.1 7.2 2.4
5281120200604 18.9  8.0  7.019999-99.9-99.9-99.9-99.9 1.8 1712.2 84  9.8   1  1.0 5.5 1.9
5281120200605 15.4  9.9  3.019999-99.9-99.9-99.9-99.9-9.9 9912.9 95 10.7   4  3.1 3.1-9.9
5281120200606 22.3  4.1  0.009999-99.9-99.9-99.9-99.9 4.5 4410.6 72  7.7   0  0.1 8.4 1.3
5281120200607 24.7  7.2  0.009999-99.9-99.9-99.9-99.9 4.1 4012.4 79 10.1   1  0.5 7.9 1.7
5281120200608 26.3  9.5  0.009999-99.9-99.9-99.9-99.9 3.9 3816.8 82 14.7   0  0.0 7.7 1.3
5281120200609 22.4 12.6  0.009999-99.9-99.9-99.9-99.9 0.5  515.7 83 13.5   0  0.0 4.1 1.1
5281120200610 25.7 10.3  0.009999-99.9-99.9-99.9-99.9 4.1 4015.8 78 13.8   0  0.0 7.9 1.4
5281120200611 23.4 11.4  0.009999-99.9-99.9-99.9-99.9 0.8  814.6 70 12.5   1  0.5 4.4 1.6
5281120200612 28.4 13.0  0.009999-99.9-99.9-99.9-99.9 1.8 1717.2 83 14.6   5  4.3 5.4 4.8
5281120200613 17.8  6.1  0.009999-99.9-99.9-99.9-99.9 4.3 42 6.6 61  0.7   4  3.6 8.0 7.3
5281120200614 18.6 -0.5  0.009999-99.9-99.9-99.9-99.9 3.2 32 6.2 50  0.3   3  2.2 6.9 3.7
5281120200615 22.8  7.0  0.009999-99.9-99.9-99.9-99.9 1.6 16 9.6 57  6.1   1  0.8 5.2 2.4
5281120200616 31.1 14.1  0.009999-99.9-99.9-99.9-99.9 2.4 2318.1 66 15.8   7  5.6 6.0 8.1
5281120200617 31.6 21.1  0.009999-99.9-99.9-99.9-99.9 3.1 3019.1 58 16.8   8  6.2 6.712.4
5281120200618 24.5  7.1  0.009999-99.9-99.9-99.9-99.9 3.9 3812.4 76 10.1   2  1.3 7.6 2.8
5281120200619 29.8  9.3  0.009999-99.9-99.9-99.9-99.9 3.4 3316.0 72 13.9   1  0.6 7.0 1.6
5281120200620 27.3 12.2  0.009999-99.9-99.9-99.9-99.9 2.9 2817.9 86 15.6   0  0.3 6.5 1.4
5281120200621 19.3 13.6  0.009999-99.9-99.9-99.9-99.9-9.9 9914.8 79 12.6   8  6.4 2.4-9.9
5281120200622 18.8 12.2  0.009999-99.9-99.9-99.9-99.9-9.9 9914.2 84 12.0   0  0.1 2.5-9.9
5281120200623 17.6 14.2  0.009999-99.9-99.9-99.9-99.9-9.9 9917.7100 15.5   3  2.3 0.6-9.9
5281120200624 14.9 12.5  0.009999-99.9-99.9-99.9-99.9-9.9 9914.1 89 12.0   9  7.0 0.9-9.9
5281120200625 17.1  5.2  0.009999-99.9-99.9-99.9-99.9 4.2 41 8.4 69  4.4   5  4.2 7.9 5.5
5281120200626 15.1  2.6  0.009999-99.9-99.9-99.9-99.9 0.5  5 7.2 69  2.2   1  0.5 4.0 1.6
5281120200627 17.9  0.0  0.009999-99.9-99.9-99.9-99.9 4.5 44 6.5 60  0.7   0  0.1 8.2 1.3
5281120200628 19.8  1.4  0.009999-99.9-99.9-99.9-99.9 4.1 40 7.6 67  3.0   0  0.3 7.8 1.5
5281120200629 22.5  8.2  0.009999-99.9-99.9-99.9-99.9 2.3 2211.0 67  8.2   0  0.3 5.9 1.5
5281120200630 19.5  8.3  0.009999-99.9-99.9-99.9-99.9 3.5 3410.6 66  7.6   7  5.5 7.2 6.2
5281120200701 14.6  2.2  0.009999-99.9-99.9-99.9-99.9 2.4 23 8.9 87  5.2   0  0.1 6.0 1.0
5281120200702 15.9 -2.1  0.009999-99.9-99.9-99.9-99.9 3.7 36 8.1 85  3.7   0  0.0 7.5 0.8
5281120200703 21.1  3.1  0.009999-99.9-99.9-99.9-99.9 4.3 42 8.8 65  5.0   3  2.7 8.1 3.4
5281120200704 24.3  5.8  0.009999-99.9-99.9-99.9-99.9 4.4 43 9.4 60  6.0   3  2.2 8.2 4.1
5281120200705 17.2  6.4  0.009999-99.9-99.9-99.9-99.9 3.6 35 9.9 81  6.8   8  6.2 7.4 6.0
5281120200706 15.0  2.0  0.009999-99.9-99.9-99.9-99.9 1.6 15 8.7 75  5.0   1  0.7 5.3 1.3
5281120200707 13.6  6.6  0.009999-99.9-99.9-99.9-99.9-9.9 99 9.8 86  6.6   4  3.0 3.3-9.9
5281120200708 16.0 -2.4  0.009999-99.9-99.9-99.9-99.9 4.5 43 8.0 82  3.4   0  0.0 8.4 0.9
5281120200709 18.3 -2.6  0.009999-99.9-99.9-99.9-99.9 3.8 37 8.4 71  4.0   4  2.8 7.7 2.3
5281120200710 22.8  5.5  0.009999-99.9-99.9-99.9-99.9 4.0 3911.3 76  8.8   3  2.6 8.0 3.1
5281120200711 20.9  4.7  0.009999-99.9-99.9-99.9-99.9 4.2 4011.1 81  8.4   0  0.1 8.1 1.3
5281120200712 21.3  4.1  0.009999-99.9-99.9-99.9-99.9 3.9 38 9.5 72  6.1   0  0.1 7.9 1.3
5281120200713 18.1  1.1  0.009999-99.9-99.9-99.9-99.9 4.6 44 7.3 69  2.5   2  1.3 8.6 2.4
5281120200714 18.4 -0.4  0.009999-99.9-99.9-99.9-99.9 4.6 44 7.0 63  1.9   1  0.6 8.7 1.7
5281120200715 15.4  4.2  0.009999-99.9-99.9-99.9-99.9-9.9 99 7.0 54  1.8   0  0.3 3.3-9.9
5281120200716 22.3  4.0  0.009999-99.9-99.9-99.9-99.9 4.4 42 8.5 60  4.5   0  0.0 8.6 1.5
5281120200717 21.6  6.6  0.009999-99.9-99.9-99.9-99.9 2.0 1913.5 89 11.2   1  0.6 6.0 1.0
5281120200718 33.8 10.4  0.009999-99.9-99.9-99.9-99.9 4.3 4115.9 61 13.9   3  2.7 8.5 5.1
5281120200719 29.3 11.9  0.009999-99.9-99.9-99.9-99.9 3.2 3116.7 82 14.6   1  0.8 7.4 2.4
5281120200720 16.3 13.4  0.009999-99.9-99.9-99.9-99.9-9.9 9915.9 95 14.0   5  3.6 3.4-9.9
5281120200721 16.5 13.6  0.009999-99.9-99.9-99.9-99.9-9.9 9916.3 94 14.3   1  1.1 2.0-9.9
5281120200722 15.4 11.9  0.819999-99.9-99.9-99.9-99.9-9.9 9914.6100 12.6   2  1.2 1.1-9.9
5281120200723 12.5  8.6  0.009999-99.9-99.9-99.9-99.9-9.9 9911.3 87  8.6   1  0.9 1.3-9.9
5281120200724 15.1  0.1  0.009999-99.9-99.9-99.9-99.9 4.9 47 7.4 74  2.5   4  3.0 9.5 3.4
5281120200725 20.7 -1.9  0.009999-99.9-99.9-99.9-99.9 5.7 54 6.3 56  0.2   2  1.210.5 2.8
5281120200726 22.3  3.0  0.009999-99.9-99.9-99.9-99.9 5.9 55 6.9 52  1.6   7  5.310.7 9.1
5281120200727 21.6  3.5  0.009999-99.9-99.9-99.9-99.9 4.9 46 6.9 54  1.6   4  3.6 9.6 6.9
5281120200728 16.5  0.9  0.009999-99.9-99.9-99.9-99.9 5.7 53 5.3 51 -2.0   2  1.210.6 3.3
5281120200729 17.0 -2.8  0.009999-99.9-99.9-99.9-99.9 5.8 55 5.0 45 -2.8   1  0.510.8 2.2
5281120200730 19.2  0.1  0.009999-99.9-99.9-99.9-99.9 5.8 54 5.8 50 -0.7   3  2.010.8 4.2
5281120200731 23.9  1.4  0.009999-99.9-99.9-99.9-99.9 4.2 39 7.0 50  1.7   0  0.0 9.0 1.7
5281120200801 32.1  7.9  0.009999-99.9-99.9-99.9-99.9 4.9 4514.6 64 12.2   2  1.7 9.8 3.7
5281120200802 34.6 16.9  0.009999-99.9-99.9-99.9-99.9 4.7 4316.2 57 14.2   2  1.9 9.7 5.9
5281120200803 33.8 15.1  0.009999-99.9-99.9-99.9-99.9 2.1 2015.4 48 13.3   3  2.2 6.7 5.8
5281120200804 34.2 15.8  0.009999-99.9-99.9-99.9-99.9 4.7 4313.8 46 11.8   4  3.6 9.810.2
5281120200805 34.9 16.8  0.009999-99.9-99.9-99.9-99.9 5.2 4814.0 44 11.9   5  3.610.510.7
5281120200806 24.4 16.7  0.009999-99.9-99.9-99.9-99.9 3.5 3211.4 50  8.6  12  9.4 8.419.1
5281120200807 19.1 10.6  0.009999-99.9-99.9-99.9-99.9 1.4 1311.0 72  8.3   3  2.0 6.0 3.5
5281120200808 23.1  7.7  0.009999-99.9-99.9-99.9-99.9 3.4 3213.4 84 11.2   0  0.0 8.5 1.5
5281120200809 30.2  9.4  0.009999-99.9-99.9-99.9-99.9 3.5 3215.0 67 12.9   0  0.1 8.7 1.9
5281120200810 25.1 12.5  0.009999-99.9-99.9-99.9-99.9 4.3 4010.5 50  6.8  11  8.8 9.718.7
5281120200811 17.0  6.1  0.009999-99.9-99.9-99.9-99.9 3.3 30 4.1 35 -5.3   4  3.6 8.5 9.5
5281120200812 18.2  6.0  0.009999-99.9-99.9-99.9-99.9 4.9 44 5.2 41 -2.2   0  0.210.5 2.3
5281120200813 20.7 -0.3  0.009999-99.9-99.9-99.9-99.9 5.6 51 6.0 46 -0.4   0  0.011.5 2.0
5281120200814 25.5  3.9  0.009999-99.9-99.9-99.9-99.9 5.8 52 9.4 55  5.5   2  1.211.8 3.7
5281120200815 23.0  4.0  0.009999-99.9-99.9-99.9-99.9 5.6 50 7.5 51  2.7   1  0.511.6 2.8
5281120200816 23.6  2.9  0.009999-99.9-99.9-99.9-99.9 6.0 54 6.3 40  0.4   2  1.512.2 4.8
5281120200817 25.1  7.3  0.009999-99.9-99.9-99.9-99.9 6.0 54 6.6 43  0.8   1  1.012.3 4.2
5281120200818 27.4  4.0  0.009999-99.9-99.9-99.9-99.9 5.5 49 7.4 41  2.3   0  0.311.7 2.9
5281120200819 17.6  5.1  0.009999-99.9-99.9-99.9-99.9 1.9 17 5.7 49 -0.9  12  9.3 7.217.2
5281120200820 16.0 -2.7  0.009999-99.9-99.9-99.9-99.9 6.6 59 4.2 45 -5.3   1  0.713.3 2.9
5281120200821 19.0 -0.2  0.009999-99.9-99.9-99.9-99.9 6.6 59 4.2 34 -5.1   2  1.413.4 4.4
5281120200822 20.3  0.1  0.009999-99.9-99.9-99.9-99.9 6.7 60 4.7 36 -3.7   4  3.313.6 8.0
5281120200823 26.2  5.0  0.009999-99.9-99.9-99.9-99.9 6.5 57 7.1 40  2.0   6  4.713.410.8
5281120200824 31.8 10.6  0.009999-99.9-99.9-99.9-99.9 5.6 4913.0 50 10.4   7  5.412.311.6
5281120200825 32.7 17.6  0.009999-99.9-99.9-99.9-99.9 4.3 3817.8 61 15.6   5  3.610.6 9.6
5281120200826 25.4 16.8  0.009999-99.9-99.9-99.9-99.9 5.4 4816.3 70 14.3   8  6.712.211.3
5281120200827 19.7 13.2  0.009999-99.9-99.9-99.9-99.9-9.9 9912.9 67 10.7   9  7.4 4.3-9.9
5281120200828 26.2 11.2  0.009999-99.9-99.9-99.9-99.9 3.8 3317.6 86 15.3   0  0.110.2 2.1
5281120200829 24.2 10.5  0.009999-99.9-99.9-99.9-99.9 1.2 1114.7 75 12.4  12  9.4 6.8 7.9
5281120200830 17.9 10.9  0.009999-99.9-99.9-99.9-99.9 0.5  4 9.2 56  5.7   5  3.8 5.8 7.2
5281120200831 15.8 11.5  7.519999-99.9-99.9-99.9-99.9-9.9 99 7.3 45  2.4   2  1.4 2.7-9.9
5281120200901 12.9  7.4 10.519999-99.9-99.9-99.9-99.9-9.9 9910.5100  7.7   3  2.3 0.1-9.9
5281120200902 15.4  6.8  0.009999-99.9-99.9-99.9-99.9 0.1  110.7 95  7.9   5  3.6 5.5 1.8
5281120200903 18.6  2.6  0.009999-99.9-99.9-99.9-99.9 4.3 3711.2 89  8.3   0  0.211.3 1.7
5281120200904 24.0  4.2  0.009999-99.9-99.9-99.9-99.9 7.2 6211.7 71  9.2   3  2.415.4 4.7
5281120200905 25.5  7.6  0.009999-99.9-99.9-99.9-99.9 5.4 4612.9 65 10.6   1  0.913.0 3.4
5281120200906 22.8 11.6  0.009999-99.9-99.9-99.9-99.9 6.2 5313.5 71 11.4   5  3.914.2 6.8
5281120200907 23.6 11.9  0.009999-99.9-99.9-99.9-99.9 5.2 4414.0 76 12.0   0  0.212.8 2.8
5281120200908 24.6  9.1  0.009999-99.9-99.9-99.9-99.9 5.3 4514.0 74 11.9   2  1.313.1 3.7
5281120200909 30.1 11.1  0.009999-99.9-99.9-99.9-99.9 5.7 4815.8 68 13.8   0  0.213.6 3.3
5281120200910 29.4 12.6  0.009999-99.9-99.9-99.9-99.9 6.4 5415.8 62 13.7   3  2.214.8 6.2
5281120200911 25.4 15.8  0.009999-99.9-99.9-99.9-99.9 2.2 1914.1 61 11.3  12  9.4 8.815.9
5281120200912 24.8 13.7  0.009999-99.9-99.9-99.9-99.9 3.0 2512.6 64  9.9   2  1.810.0 5.0
5281120200913 25.6 13.6  0.009999-99.9-99.9-99.9-99.9 0.8  716.4 77 14.2   3  2.2 6.9 3.6
5281120200914 23.1  5.4  0.009999-99.9-99.9-99.9-99.9 7.5 63 6.5 37  0.7   3  2.616.8 8.8
5281120200915 24.5  8.0  0.009999-99.9-99.9-99.9-99.9 6.2 52 8.5 45  4.6   1  0.714.9 4.2
5281120200916 28.2  6.9  0.009999-99.9-99.9-99.9-99.9 6.8 5710.4 54  7.5   0  0.215.9 3.7
5281120200917 30.6  5.4  0.009999-99.9-99.9-99.9-99.9 7.2 6110.2 46  7.3   0  0.216.6 3.8
5281120200918 33.3 12.7  0.009999-99.9-99.9-99.9-99.9 5.1 4310.0 36  6.9   3  2.613.5 9.7
5281120200919 24.5 13.0  0.009999-99.9-99.9-99.9-99.9 5.5 46 6.1 32 -0.1   6  4.614.214.9
5281120200920 24.1  4.1  0.009999-99.9-99.9-99.9-99.9 7.6 63 6.4 37  0.7   0  0.317.4 3.8
5281120200921 24.9  3.6  0.009999-99.9-99.9-99.9-99.9 8.1 67 6.1 34 -0.2   1  0.418.2 4.3
5281120200922 28.0  6.3  0.009999-99.9-99.9-99.9-99.9 7.7 64 6.9 34  1.7   4  2.917.8 9.7
5281120200923 33.7  8.9  0.009999-99.9-99.9-99.9-99.9 6.9 5710.7 40  7.7   1  0.916.6 5.7
5281120200924 36.5 19.3  0.009999-99.9-99.9-99.9-99.9 5.4 4516.7 48 14.5   4  3.414.411.2
5281120200925 39.9 24.6  0.009999-99.9-99.9-99.9-99.9 5.0 4118.2 41 15.9   6  4.613.816.1
5281120200926 29.9 19.5  0.819999-99.9-99.9-99.9-99.9 6.3 5120.1 70 17.5  12  9.815.917.4
5281120200927 25.8 14.7  0.219999-99.9-99.9-99.9-99.9 4.1 3312.5 53  9.9   9  7.312.514.5
5281120200928 27.0  4.3  0.009999-99.9-99.9-99.9-99.9 8.2 6711.0 52  8.3   1  0.619.1 4.8
5281120200929 33.2 13.6  0.009999-99.9-99.9-99.9-99.9 7.9 6412.4 43 10.1   6  4.518.613.9
5281120200930 38.5 18.1  0.009999-99.9-99.9-99.9-99.9 7.4 6018.1 49 15.8   1  0.817.9 6.5
5281120201001 29.0 17.3  0.009999-99.9-99.9-99.9-99.9 5.9 4811.3 40  8.5  16 13.215.7-9.9
5281120201002 27.0 15.0  0.009999-99.9-99.9-99.9-99.9 5.8 47 9.5 39  5.9   6  4.915.515.1
5281120201003 19.9 12.1  0.009999-99.9-99.9-99.9-99.9-9.9 99 8.6 58  4.8   3  2.3 3.2-9.9
5281120201004 17.9 10.7  0.009999-99.9-99.9-99.9-99.9-9.9 9912.6 78 10.4   1  0.6 4.8-9.9
5281120201005 22.4 10.0  0.009999-99.9-99.9-99.9-99.9 8.0 64 9.9 55  6.7   4  3.219.2 8.4
5281120201006 26.1  6.9  0.009999-99.9-99.9-99.9-99.9 6.5 5211.4 52  8.8   1  0.517.0 4.2
5281120201007 30.5 12.6  0.009999-99.9-99.9-99.9-99.9 4.6 3713.1 46 11.0   0  0.314.0 4.1
5281120201008 31.3  9.3  0.009999-99.9-99.9-99.9-99.9 7.6 6012.5 46 10.1   1  0.618.8 5.5
5281120201009 33.1 10.9  0.009999-99.9-99.9-99.9-99.9 7.9 6213.0 44 10.9   0  0.219.4 5.1
5281120201010 34.6 13.9  0.009999-99.9-99.9-99.9-99.9 8.0 6311.6 32  9.2   4  2.819.711.7
5281120201011 29.1 16.8  0.009999-99.9-99.9-99.9-99.9 7.6 60 9.0 30  5.1   5  4.219.115.4
5281120201012 30.7 10.3  0.009999-99.9-99.9-99.9-99.9 7.8 62 9.2 37  5.8   1  0.919.5 6.5
5281120201013 30.7 12.5  0.009999-99.9-99.9-99.9-99.9 7.0 5510.5 38  7.6   1  1.018.2 6.7
5281120201014 26.3 15.6  0.009999-99.9-99.9-99.9-99.9-9.9 9912.9 52 10.7   2  1.6 6.5-9.9
5281120201015 31.7 14.6  0.009999-99.9-99.9-99.9-99.9 6.1 4814.2 39 12.0   1  0.917.0 6.0
5281120201016 33.1 16.8  0.009999-99.9-99.9-99.9-99.9 6.6 5116.9 48 14.7   2  1.517.7 7.9
5281120201017 37.5 19.7  0.009999-99.9-99.9-99.9-99.9 7.2 5620.9 48 18.1   3  2.718.711.1
5281120201018 39.7 23.0  0.009999-99.9-99.9-99.9-99.9 7.8 6121.6 43 18.7   6  5.219.918.1
5281120201019 41.5 25.2  0.009999-99.9-99.9-99.9-99.9 7.8 6020.2 43 17.7   9  6.819.9-9.9
5281120201020 29.4 17.6  4.819999-99.9-99.9-99.9-99.9-9.9 9921.0 91 18.2   8  6.6 3.2-9.9
5281120201021 26.1 13.4  0.009999-99.9-99.9-99.9-99.9 2.3 1818.3 85 16.1   2  1.310.9 3.4
5281120201022 30.9 14.7  0.009999-99.9-99.9-99.9-99.9 5.7 4422.1 77 18.9   2  1.516.6 5.1
5281120201023 32.0 19.6  0.009999-99.9-99.9-99.9-99.9 3.6 2824.6 79 20.8   1  1.213.2 4.6
5281120201024 34.8 20.4  0.009999-99.9-99.9-99.9-99.9 5.8 4524.0 66 20.4   3  2.416.9 7.9
5281120201025 36.8 18.6 16.819999-99.9-99.9-99.9-99.9 3.1 2422.7 84 19.4  10  7.612.314.4
5281120201026 27.8 14.3  0.009999-99.9-99.9-99.9-99.9 9.1 6913.0 51 10.4   6  4.922.513.3
5281120201027 32.1 10.9  0.009999-99.9-99.9-99.9-99.9 9.2 7013.0 42 10.8   2  1.722.7 8.3
5281120201028 35.1 15.8  0.009999-99.9-99.9-99.9-99.9 5.8 4515.7 50 13.5  11  8.617.119.3
5281120201029 27.0 11.0  0.009999-99.9-99.9-99.9-99.9 9.2 70 9.6 43  6.3   3  2.722.810.5
5281120201030 24.8  9.6  0.009999-99.9-99.9-99.9-99.9 4.3 32 9.9 51  6.9   1  0.414.5 4.2
5281120201031 29.4  7.0  0.009999-99.9-99.9-99.9-99.9 9.5 72 9.8 36  6.5   1  0.623.4 6.2
5281120201101 30.3 11.3  0.009999-99.9-99.9-99.9-99.9 9.7 7311.1 39  8.5   1  1.023.8 7.5
5281120201102 31.4 12.7  0.009999-99.9-99.9-99.9-99.9 9.3 7011.6 37  9.1   1  0.423.2 6.5
5281120201103 32.3 13.0  0.009999-99.9-99.9-99.9-99.9 9.6 7211.1 32  8.4   2  1.723.7 9.8
5281120201104 32.4 14.8  0.009999-99.9-99.9-99.9-99.9 6.5 4911.8 36  9.3   5  3.818.513.7
5281120201105 32.7 15.6  0.009999-99.9-99.9-99.9-99.9 8.2 61 9.8 30  6.6   4  3.021.513.1
5281120201106 33.1 14.0  0.009999-99.9-99.9-99.9-99.9 3.5 2711.5 35  9.0   2  1.813.6 8.4
5281120201107 33.9 17.8  0.009999-99.9-99.9-99.9-99.9 3.9 2913.4 35 11.3   2  1.214.3 7.4
5281120201108 25.3 19.5  8.219999-99.9-99.9-99.9-99.9-9.9 9919.3 77 16.7   2  1.3 1.9-9.9
5281120201109 31.4 17.4  0.009999-99.9-99.9-99.9-99.9 4.9 3720.8 67 18.1   0  0.116.0 4.4
5281120201110 30.7 18.6 26.219999-99.9-99.9-99.9-99.9 1.6 1223.8 89 20.2   1  0.710.3 3.6
5281120201111 28.5 18.4  0.519999-99.9-99.9-99.9-99.9-9.9 9922.8 80 19.6   0  0.1 5.8-9.9
5281120201112 33.9 15.4  0.009999-99.9-99.9-99.9-99.9 2.2 1617.6 48 15.4   1  0.511.4 4.6
5281120201113 35.8 18.3  0.009999-99.9-99.9-99.9-99.9 5.9 4315.6 38 13.6   2  1.417.8 8.5
5281120201114 27.7 18.0 32.019999-99.9-99.9-99.9-99.9-9.9 9920.2100 17.5   5  3.8 1.7-9.9
5281120201115 28.4 16.7  0.009999-99.9-99.9-99.9-99.9 3.0 2220.4 79 17.8   1  0.612.9 4.0
5281120201116 32.2 19.0  0.009999-99.9-99.9-99.9-99.9 5.3 3917.5 49 15.2   1  0.616.9 5.9
5281120201117 31.7 17.6  0.009999-99.9-99.9-99.9-99.9 3.0 2213.1 38 10.8   3  2.412.8 9.6
5281120201118 29.4 16.4  0.009999-99.9-99.9-99.9-99.9 4.5 3316.6 51 14.5   4  3.015.5 9.1
5281120201119 32.5 12.6  0.009999-99.9-99.9-99.9-99.9 5.3 3914.5 44 12.5   0  0.417.0 5.3
5281120201120-99.9-99.9-99.999999-99.9-99.9-99.9-99.9-9.9 99-9.9-99-99.9 -99-99.9-9.9-9.9
5281120201121 32.4 17.9  0.009999-99.9-99.9-99.9-99.9 4.7 3414.6 40 12.6   5  4.315.914.3
5281120201122 36.5 16.1  0.009999-99.9-99.9-99.9-99.9 5.5 4014.2 34 12.2   5  4.117.315.5
5281120201123 39.5 20.4  0.009999-99.9-99.9-99.9-99.9 7.3 5313.1 27 11.0   9  7.220.5-9.9
5281120201124 42.9 25.2  0.009999-99.9-99.9-99.9-99.9 6.7 4915.2 26 13.2  11  8.819.6-9.9
5281120201125 34.7 24.2  7.219999-99.9-99.9-99.9-99.9 0.6  423.5 71 19.9   6  4.5 8.912.2
5281120201126 31.1 21.1  0.009999-99.9-99.9-99.9-99.9 2.9 2124.1 75 20.4   1  1.213.0 5.1
5281120201127 33.4 17.8  0.009999-99.9-99.9-99.9-99.9 3.1 2222.8 61 19.5   2  1.913.2 6.5
5281120201128 37.5 23.3  0.009999-99.9-99.9-99.9-99.9 2.1 1525.7 64 21.4   3  2.811.5 8.3
5281120201129-99.9-99.9-99.999999-99.9-99.9-99.9-99.9-9.9 99-9.9-99-99.9 -99-99.9-9.9-9.9
5281120201130-99.9-99.9-99.999999-99.9-99.9-99.9-99.9-9.9 99-9.9-99-99.9 -99-99.9-9.9-9.9
5281120201201 34.9 19.1  0.009999-99.9-99.9-99.9-99.9 5.0 3622.2 52 19.1   0  0.316.7 5.5
5281120201202 29.0 17.7 20.519999-99.9-99.9-99.9-99.9 0.3  225.4 99 21.2   4  3.3 8.4 4.6
5281120201203 31.7 17.0  0.009999-99.9-99.9-99.9-99.9 6.7 4821.0 65 18.2   1  0.519.6 5.8
5281120201204 24.6 17.7  0.009999-99.9-99.9-99.9-99.9 1.5 1116.4 66 14.2   6  4.510.5 9.2
5281120201205 27.7 10.4  0.009999-99.9-99.9-99.9-99.9 7.7 5611.6 45  9.1   1  0.721.5 6.4
5281120201206 29.6 11.0  0.009999-99.9-99.9-99.9-99.9 9.3 6712.5 41 10.2   0  0.224.3 6.2
5281120201207 32.8 13.8  0.009999-99.9-99.9-99.9-99.9 9.3 6714.8 43 12.8   1  0.524.2 7.1
5281120201208 35.7 17.0  0.009999-99.9-99.9-99.9-99.9 6.2 4517.1 42 15.0   1  0.918.8 7.4
5281120201209 37.0 19.2  0.009999-99.9-99.9-99.9-99.9 5.4 3917.2 39 15.1   1  0.517.5 6.5
5281120201210 39.7 19.2  0.009999-99.9-99.9-99.9-99.9 7.9 5715.8 32 13.4   6  5.021.919.8
5281120201211 34.0 23.2  0.009999-99.9-99.9-99.9-99.9 7.8 5616.6 41 14.5   9  7.121.624.4
5281120201212 37.3 20.4  1.219999-99.9-99.9-99.9-99.9 3.5 2521.9 65 18.3   1  0.514.0 5.3
5281120201213 27.4 19.0  0.009999-99.9-99.9-99.9-99.9-9.9 9922.0 91 18.8   6  4.9 4.0-9.9
5281120201214 30.9  5.9  0.009999-99.9-99.9-99.9-99.9 6.4 4612.0 39  9.4   1  0.919.2 6.3
5281120201215 34.2 18.2  6.819999-99.9-99.9-99.9-99.9 5.2 3722.1 56 19.1   0  0.417.1 5.6
5281120201216 33.5 20.4  0.009999-99.9-99.9-99.9-99.9 2.1 1522.0 65 18.9   1  0.511.8 4.7
5281120201217 36.3 19.8  0.009999-99.9-99.9-99.9-99.9 3.2 2322.0 50 18.9   1  0.813.7 5.9
5281120201218 37.9 22.0  2.019999-99.9-99.9-99.9-99.9 4.1 2923.8 46 20.2   3  2.715.210.3
5281120201219 31.9 18.3  0.009999-99.9-99.9-99.9-99.9 6.0 4318.2 63 15.5   5  3.818.612.3
5281120201220 31.3 15.4  0.009999-99.9-99.9-99.9-99.9 7.3 5214.5 43 12.4   1  0.820.8 7.1
5281120201221 33.1 15.4  0.009999-99.9-99.9-99.9-99.9 9.0 6413.6 35 11.4   1  0.723.8 7.7
5281120201222 33.8 16.0  0.009999-99.9-99.9-99.9-99.9 5.2 3712.9 32 10.7   2  1.417.1 8.6
5281120201223 36.8 16.6  0.009999-99.9-99.9-99.9-99.9 8.1 5813.6 32 11.4   1  0.422.3 7.3
5281120201224 39.6 19.1 19.519999-99.9-99.9-99.9-99.9 6.6 4717.7 37 15.5   1  1.119.6 8.9
5281120201225 31.1 21.5  0.519999-99.9-99.9-99.9-99.9-9.9 9927.2 98 22.4   1  0.8 5.6-9.9
5281120201226 34.2 21.1  0.009999-99.9-99.9-99.9-99.9 5.6 4026.1 70 21.8   0  0.117.9 5.4
5281120201227 35.1 23.0  0.009999-99.9-99.9-99.9-99.9 1.6 1126.3 58 21.9   1  0.710.8 4.8
5281120201228 37.6 21.1  7.519999-99.9-99.9-99.9-99.9 2.3 1726.2 65 21.8   5  3.712.1 8.8
5281120201229 35.9 21.4  0.009999-99.9-99.9-99.9-99.9 9.2 6626.1 65 21.7   0  0.024.1 6.9
5281120201230 35.4 15.2  0.009999-99.9-99.9-99.9-99.9 5.7 4122.3 68 18.6  10  7.817.915.8
5281120201231 29.7 14.4  0.009999-99.9-99.9-99.9-99.9 7.0 5114.9 46 12.8   0  0.220.4 5.4
5281120210101 34.6 17.4  0.009999-99.9-99.9-99.9-99.9 9.2 6615.6 39 13.6   2  1.724.210.1
5281120210102 36.2 20.3  0.009999-99.9-99.9-99.9-99.9 9.2 6616.5 40 14.4   4  3.024.114.3
5281120210103 27.8 21.8  0.009999-99.9-99.9-99.9-99.9-9.9 9918.7 73 16.2   1  0.5 3.6-9.9
5281120210104 35.6 18.9  0.009999-99.9-99.9-99.9-99.9 6.9 5020.8 53 18.1   0  0.020.1 5.7
5281120210105 30.6 21.3  0.009999-99.9-99.9-99.9-99.9 2.0 1421.6 61 18.6   7  5.611.411.1
5281120210106 30.7 18.3  0.009999-99.9-99.9-99.9-99.9 3.7 2719.1 57 16.7   2  1.614.5 6.5
5281120210107 35.4 15.3  0.009999-99.9-99.9-99.9-99.9 9.5 6816.1 37 14.0   0  0.024.6 6.6
5281120210108 37.3 21.2 49.519999-99.9-99.9-99.9-99.9 5.3 3818.3 40 16.1   0  0.117.2 5.7
5281120210109 30.8 18.6  0.009999-99.9-99.9-99.9-99.9 5.5 4025.4 85 21.3   4  2.917.6 7.6
5281120210110 36.3 19.4 38.519999-99.9-99.9-99.9-99.9 5.8 4229.0 75 23.5   2  1.818.2 6.4
5281120210111 39.0 24.1 41.219999-99.9-99.9-99.9-99.9 6.3 4630.7 77 24.4   6  4.619.010.6
5281120210112 28.2 18.7  0.009999-99.9-99.9-99.9-99.9 0.5  424.5 91 20.7   1  0.9 8.8 3.0
5281120210113 31.2 20.9  0.009999-99.9-99.9-99.9-99.9 4.0 2926.0 79 21.7   0  0.214.8 4.4
5281120210114 33.3 22.1  0.009999-99.9-99.9-99.9-99.9 7.0 5128.1 72 23.0   1  1.120.2 6.8
5281120210115 37.8 19.8 27.219999-99.9-99.9-99.9-99.9 3.6 2628.5 76 23.1   5  3.714.2 6.9
5281120210116 23.7 19.7 10.019999-99.9-99.9-99.9-99.9-9.9 9925.1100 21.1   4  3.2 3.8-9.9
5281120210117 28.3 16.6  0.009999-99.9-99.9-99.9-99.9 9.6 7017.2 64 14.9   6  4.424.512.0
5281120210118 31.2 11.9  0.009999-99.9-99.9-99.9-99.9 9.7 7114.8 53 12.7   0  0.024.8 6.0
5281120210119 31.9 16.1  0.009999-99.9-99.9-99.9-99.9 9.7 7116.9 51 14.7   0  0.124.8 6.5
5281120210120 33.0 16.1  0.009999-99.9-99.9-99.9-99.9 9.4 6919.2 54 16.8   0  0.324.3 6.9
5281120210121 33.9 17.8  0.009999-99.9-99.9-99.9-99.9 7.5 5522.5 59 19.3   1  0.520.9 6.5
5281120210122 33.8 20.4  0.009999-99.9-99.9-99.9-99.9 7.7 5727.1 71 22.4   1  0.921.2 6.9
5281120210123 35.7 22.4  0.009999-99.9-99.9-99.9-99.9 6.9 5127.7 65 22.8   0  0.319.8 6.3
5281120210124 36.1 23.3  0.009999-99.9-99.9-99.9-99.9 2.6 1930.5 70 24.4   0  0.212.2 4.2
5281120210125 36.7 22.0 34.519999-99.9-99.9-99.9-99.9 6.9 5128.7 64 23.3   2  1.519.8 7.9
5281120210126 33.3 22.1  0.009999-99.9-99.9-99.9-99.9 5.3 3927.5 85 22.6   2  1.216.9 5.6
5281120210127 34.2 21.7  0.009999-99.9-99.9-99.9-99.9 8.5 6326.9 75 22.3   0  0.322.5 6.6
5281120210128 34.6 21.9  0.009999-99.9-99.9-99.9-99.9 8.9 6625.4 61 21.3   1  0.523.1 7.4
5281120210129 32.4 22.4  0.009999-99.9-99.9-99.9-99.9 6.6 4926.1 67 21.7   2  1.619.0 7.2
5281120210130 28.1 20.2  0.009999-99.9-99.9-99.9-99.9-9.9 9927.0 96 22.3   1  1.1 3.9-9.9
5281120210131 23.5 19.2  0.009999-99.9-99.9-99.9-99.9 0.2  122.4 91 19.3   1  1.2 7.9 2.7
5281120210201 26.0 18.6 28.819999-99.9-99.9-99.9-99.9-9.9 9924.5 95 20.7   0  0.2 7.1-9.9
5281120210202 23.1 18.7 33.819999-99.9-99.9-99.9-99.9-9.9 9923.9100 20.4   5  3.8 4.0-9.9
5281120210203 27.9 18.6  0.009999-99.9-99.9-99.9-99.9 4.2 3122.8 88 19.6   9  7.314.8 7.5
5281120210204 30.2 16.7  0.009999-99.9-99.9-99.9-99.9 8.4 6321.1 76 18.3   1  0.622.0 6.1
5281120210205 30.6 15.2  0.009999-99.9-99.9-99.9-99.9 9.2 6919.3 63 16.8   0  0.023.4 5.9
5281120210206 32.6 17.6  0.009999-99.9-99.9-99.9-99.9 9.0 6819.8 55 17.3   0  0.123.0 6.1
5281120210207 32.4 17.8  0.009999-99.9-99.9-99.9-99.9 8.7 6520.7 61 18.0   1  0.822.3 7.1
5281120210208 31.8 17.6  0.009999-99.9-99.9-99.9-99.9 2.0 1522.7 69 19.5   0  0.310.8 3.5
5281120210209 26.1 21.1  0.009999-99.9-99.9-99.9-99.9-9.9 9925.3 90 21.3   3  2.2 5.2-9.9
5281120210210 29.5 18.0  0.009999-99.9-99.9-99.9-99.9 4.4 3421.4 78 18.5   0  0.014.9 4.0
5281120210211 31.8 16.0  0.009999-99.9-99.9-99.9-99.9 7.8 5920.3 64 17.7   0  0.020.6 5.3
5281120210212 33.0 16.9  5.219999-99.9-99.9-99.9-99.9 6.2 4721.8 70 18.8   0  0.017.8 4.8
5281120210213 31.3 19.0  3.819999-99.9-99.9-99.9-99.9 6.4 4923.9 83 20.3   0  0.418.2 5.2
5281120210214 35.0 17.4  0.009999-99.9-99.9-99.9-99.9 7.4 5723.9 69 20.3   0  0.319.8 5.6
5281120210215 32.6 17.9  0.009999-99.9-99.9-99.9-99.9 5.3 4024.6 75 20.8   0  0.316.1 4.7
5281120210216 31.2 17.8  0.009999-99.9-99.9-99.9-99.9 8.1 6222.7 78 19.5   0  0.420.9 5.7
5281120210217 32.9 17.7  0.009999-99.9-99.9-99.9-99.9 8.3 6419.7 57 17.2   0  0.021.1 5.6
5281120210218 33.4 17.9  1.219999-99.9-99.9-99.9-99.9 8.3 6416.3 48 14.3   1  0.421.1 6.5
5281120210219 28.1 18.1  7.019999-99.9-99.9-99.9-99.9-9.9 9919.7 88 17.2   3  2.5 6.6-9.9
5281120210220 30.3 13.9  0.009999-99.9-99.9-99.9-99.9 4.5 3522.1 88 18.9   0  0.014.7 3.6
5281120210221 31.2 20.0  0.009999-99.9-99.9-99.9-99.9 1.9 1425.8 77 21.6   0  0.010.1 3.1
5281120210222 37.1 21.0  0.009999-99.9-99.9-99.9-99.9 7.6 5926.5 64 22.0   1  0.519.7 6.4
5281120210223 32.4 23.3  0.219999-99.9-99.9-99.9-99.9 5.9 4627.9 84 22.9   2  1.816.8 6.8
5281120210224 31.1 19.7  0.009999-99.9-99.9-99.9-99.9 5.8 4625.3 79 21.2   0  0.016.7 4.5
5281120210225 34.0 21.3  0.009999-99.9-99.9-99.9-99.9 5.7 4525.4 68 21.3   0  0.016.3 4.7
5281120210226 33.8 18.3  0.009999-99.9-99.9-99.9-99.9 7.7 6019.9 59 17.4   0  0.419.6 5.9
5281120210227 36.1 17.8  0.009999-99.9-99.9-99.9-99.9 7.4 5822.3 58 19.2   0  0.219.1 5.5
5281120210228 36.4 21.6  0.009999-99.9-99.9-99.9-99.9 7.5 5924.9 60 20.9   1  0.519.1 6.2
5281120210301 35.4 20.9  0.009999-99.9-99.9-99.9-99.9 7.2 5724.4 62 20.7   0  0.318.5 5.6
5281120210302 35.5 21.9  0.009999-99.9-99.9-99.9-99.9 5.5 4426.0 74 21.7   0  0.115.8 4.7
5281120210303 28.4 22.2  0.219999-99.9-99.9-99.9-99.9 0.6  528.6 92 23.3   1  0.9 7.7 2.6
5281120210304 32.8 18.7  0.009999-99.9-99.9-99.9-99.9 5.0 3923.8 74 20.2   0  0.114.7 4.2
5281120210305 33.7 19.4  0.009999-99.9-99.9-99.9-99.9 5.2 4123.1 69 19.8   1  0.615.0 4.9
5281120210306 33.1 16.3  0.009999-99.9-99.9-99.9-99.9 5.3 4222.3 71 19.2   0  0.215.2 4.4
5281120210307 34.5 16.0  0.009999-99.9-99.9-99.9-99.9 6.4 5119.8 56 17.3   0  0.216.9 4.8
5281120210308 34.1 17.3  0.009999-99.9-99.9-99.9-99.9 6.7 5418.5 57 16.2   1  0.717.3 5.9
5281120210309 33.2 15.4  0.009999-99.9-99.9-99.9-99.9 6.4 5219.8 61 17.3   0  0.016.8 4.4
5281120210310 34.5 18.2  0.009999-99.9-99.9-99.9-99.9 7.0 5617.9 54 15.7   1  0.917.6 6.5
5281120210311 34.6 18.4  0.009999-99.9-99.9-99.9-99.9 6.6 5418.4 50 16.1   1  0.917.0 6.3
5281120210312 26.5 18.7  0.009999-99.9-99.9-99.9-99.9-9.9 9921.7 84 18.7   0  0.1 6.0-9.9
5281120210313 30.2 18.3  0.009999-99.9-99.9-99.9-99.9 2.4 2022.2 76 19.1   0  0.210.2 3.1
5281120210314 35.1 19.5  0.009999-99.9-99.9-99.9-99.9 5.8 4821.5 60 18.6   0  0.215.5 4.5
5281120210315 33.7 21.8 13.019999-99.9-99.9-99.9-99.9 3.2 2624.2 66 20.6   1  0.411.2 3.9
5281120210316 27.7 18.3 17.019999-99.9-99.9-99.9-99.9 1.3 1125.3 99 21.2   2  1.9 8.3 2.9
5281120210317 26.6 17.4  0.009999-99.9-99.9-99.9-99.9 5.6 4620.9 86 18.2   6  4.414.9 6.3
5281120210318 24.3 14.8  0.009999-99.9-99.9-99.9-99.9 3.7 3118.3 83 16.1   0  0.211.9 3.0
5281120210319 27.7 13.6 30.519999-99.9-99.9-99.9-99.9 4.2 3519.5 79 17.0   0  0.112.6 3.1
5281120210320 22.0 18.5 44.219999-99.9-99.9-99.9-99.9-9.9 9922.3100 19.2   0  0.3 0.9-9.9
5281120210321 26.8 15.3  0.009999-99.9-99.9-99.9-99.9 5.8 4819.9 86 17.4   0  0.214.9 3.5
5281120210322 27.6 14.6  0.009999-99.9-99.9-99.9-99.9 2.5 2120.7 86 17.9   0  0.0 9.8 2.5
5281120210323 28.9 18.0  0.009999-99.9-99.9-99.9-99.9 4.2 3522.9 81 19.6   0  0.012.3 3.2
5281120210324 32.2 21.2  0.219999-99.9-99.9-99.9-99.9 3.5 2928.4 85 23.2   1  0.611.2 3.4
5281120210325 35.2 22.3 18.519999-99.9-99.9-99.9-99.9 0.8  628.8 98 23.4   2  1.5 7.0 2.9
5281120210326 24.6 20.3  0.009999-99.9-99.9-99.9-99.9-9.9 9925.6100 21.5   4  3.3 3.0-9.9
5281120210327 24.5 16.0  0.009999-99.9-99.9-99.9-99.9 1.0  817.6 84 15.4   2  1.3 7.2 2.9
5281120210328 25.3  9.6  0.009999-99.9-99.9-99.9-99.9 4.6 3915.9 84 13.8   0  0.312.5 2.8
5281120210329 27.2 10.4  0.009999-99.9-99.9-99.9-99.9 5.2 4417.1 83 14.9   0  0.113.4 2.9
5281120210330 28.6 12.1  0.009999-99.9-99.9-99.9-99.9 6.0 5017.8 76 15.5   0  0.114.4 3.3
5281120210331 28.6 14.6  0.009999-99.9-99.9-99.9-99.9 5.2 4419.0 81 16.7   0  0.213.2 3.2
5281120210401 28.4 14.3  0.009999-99.9-99.9-99.9-99.9 4.7 4017.8 69 15.6   0  0.312.5 3.3
5281120210402 29.0 14.8  0.009999-99.9-99.9-99.9-99.9 5.4 4717.7 66 15.6   0  0.313.4 3.5
5281120210403 29.6 14.2  0.009999-99.9-99.9-99.9-99.9 5.6 4818.6 70 16.3   0  0.313.5 3.4
5281120210404 32.2 17.9  0.009999-99.9-99.9-99.9-99.9 5.8 5021.5 67 18.6   1  0.513.8 4.1
5281120210405 25.0 18.4 86.019999-99.9-99.9-99.9-99.9-9.9 9923.7100 20.2   3  2.3 0.1-9.9
5281120210406 27.5 17.8  0.009999-99.9-99.9-99.9-99.9 2.7 2324.1 91 20.5   0  0.1 9.2 2.2
5281120210407 29.3 17.3  0.009999-99.9-99.9-99.9-99.9 2.6 2325.5 88 21.2   0  0.3 9.0 2.3
5281120210408 34.1 21.6  0.009999-99.9-99.9-99.9-99.9 4.8 4228.8 79 23.4   2  1.312.1 4.3
5281120210409 32.4 23.8  0.519999-99.9-99.9-99.9-99.9 1.8 1531.3 87 24.8   1  0.6 7.8 2.6
5281120210410 26.4 20.8  0.519999-99.9-99.9-99.9-99.9-9.9 9927.2100 22.3   2  1.3 5.1-9.9
5281120210411-99.9-99.9-99.999999-99.9-99.9-99.9-99.9-9.9 99-9.9-99-99.9 -99-99.9-9.9-9.9
5281120210412-99.9-99.9-99.999999-99.9-99.9-99.9-99.9-9.9 99-9.9-99-99.9 -99-99.9-9.9-9.9
5281120210413 25.6 12.6  0.009999-99.9-99.9-99.9-99.9 3.2 2817.5 85 15.3   0  0.0 9.4 2.1
5281120210414 27.8 15.3  0.009999-99.9-99.9-99.9-99.9 4.7 4219.3 71 16.9   0  0.011.5 2.6
5281120210415 25.4 18.0 29.519999-99.9-99.9-99.9-99.9-9.9 9924.2100 20.5   0  0.2 2.5-9.9
5281120210416 29.8 17.7  0.009999-99.9-99.9-99.9-99.9 4.3 3824.1 87 20.4 -99-99.910.8 2.6
5281120210417 30.7 17.1  0.009999-99.9-99.9-99.9-99.9 4.3 3823.7 83 20.2   0  0.110.6 2.7
5281120210418 31.4 17.9  0.009999-99.9-99.9-99.9-99.9 5.3 4722.4 74 19.2   0  0.112.0 3.1
5281120210419 31.4 17.8  0.009999-99.9-99.9-99.9-99.9 5.3 4721.8 72 18.9   0  0.211.8 3.2
5281120210420-99.9-99.9-99.999999-99.9-99.9-99.9-99.9 1.9 1721.4 77 18.6 -99-99.9 7.3-9.9
5281120210421 33.3 21.1 41.219999-99.9-99.9-99.9-99.9 5.0 4520.7 63-99.9   6  5.011.411.2
5281120210422 28.0 18.1  0.009999-99.9-99.9-99.9-99.9 2.0 18-9.9  0-99.9   3  2.4 7.411.4
5281120210423-99.9-99.9-99.999999-99.9-99.9-99.9-99.9 0.5  5 3.1 23-99.9 -99-99.9 5.4-9.9
5281120210424 25.2 15.8  0.009999-99.9-99.9-99.9-99.9 4.6 41 6.5 22-99.9   4  3.210.611.7
5281120210425-99.9-99.9-99.999999-99.9-99.9-99.9-99.9-9.9 99-9.9-99-99.9 -99-99.9-9.9-9.9
5281120210426 24.0  7.6  0.009999-99.9-99.9-99.9-99.9 4.2 3811.6 60-99.9   0  0.0 9.9 2.0
5281120210427 25.9  9.1  0.009999-99.9-99.9-99.9-99.9 4.4 4014.7 64  8.0   0  0.110.2 2.2
5281120210428 26.2 10.9  0.009999-99.9-99.9-99.9-99.9 4.5 4113.3 72-99.9   0  0.310.2 2.6
5281120210429 25.9 11.0  0.009999-99.9-99.9-99.9-99.9 4.6 4212.9 61  8.2   1  0.510.3 2.8
5281120210430 26.7 10.2  0.009999-99.9-99.9-99.9-99.9 4.6 4211.8 58  5.3   1  0.910.2 3.5
5281120210501 30.3 14.2  0.009999-99.9-99.9-99.9-99.9 3.8 3416.3 58-99.9   1  0.8 9.1 3.2
5281120210502 33.1 19.0  0.009999-99.9-99.9-99.9-99.9 3.6 3319.7 59-99.9   1  1.1 8.8 4.1
5281120210503 33.3 21.5  8.219999-99.9-99.9-99.9-99.9 1.6 1516.4 47-99.9   2  1.9 6.4 6.5
5281120210504 25.3 11.6-99.999999-99.9-99.9-99.9-99.9-9.9 99 9.6 65-99.9  14 11.1 1.3-9.9
5281120210505-99.9-99.9-99.999999-99.9-99.9-99.9-99.9-9.9 99-9.9 27-99.9 -99-99.9-9.9-9.9
5281120210506-99.9-99.9  0.009999-99.9-99.9-99.9-99.9-9.9 99-9.9 56-99.9 -99-99.9-9.9-9.9
5281120210507-99.9-99.9-99.999999-99.9-99.9-99.9-99.9-9.9 99-9.9-99-99.9 -99-99.9-9.9-9.9
5281120210508-99.9-99.9-99.999999-99.9-99.9-99.9-99.9-9.9 99-9.9-99-99.9 -99-99.9-9.9-9.9
5281120210509 20.4  8.9  0.009999-99.9-99.9-99.9-99.9-9.9 99 8.6 47-99.9   0  0.0 2.8-9.9
5281120210510-99.9-99.9-99.999999-99.9-99.9-99.9-99.9-9.9 9910.4 49-99.9 -99-99.9 3.7-9.9
5281120210511 20.0  8.4  0.009999-99.9-99.9-99.9-99.9 4.4 4110.0 57-99.9   0  0.3 9.3 2.1
5281120210512 21.6  2.5  0.009999-99.9-99.9-99.9-99.9 4.8 45 9.2 60-99.9   0  0.1 9.7 1.6
5281120210513 21.1  5.6  0.009999-99.9-99.9-99.9-99.9 0.9  810.1 58  4.5   0  0.1 5.1 1.3
5281120210514 24.0  3.0  0.009999-99.9-99.9-99.9-99.9 4.5 4310.6 54-99.9   0  0.0 9.3 1.6
5281120210515 25.3  8.4  0.009999-99.9-99.9-99.9-99.9 4.1 3812.9 73-99.9   0  0.0 8.7 1.7
5281120210516 27.7  9.9  0.009999-99.9-99.9-99.9-99.9 3.0 2815.3 61-99.9   0  0.0 7.4 1.7
5281120210517 26.7 12.5  0.009999-99.9-99.9-99.9-99.9 4.1 3915.4 59-99.9   0  0.2 8.6 2.1
5281120210518 24.4 12.9  0.009999-99.9-99.9-99.9-99.9 1.5 1418.4 92 15.9   1  0.7 5.6 1.4
5281120210519 25.6 15.9  0.009999-99.9-99.9-99.9-99.9 1.4 1317.1 62-99.9   1  1.1 5.5 2.2
5281120210520 26.1 13.7  0.009999-99.9-99.9-99.9-99.9 3.6 3415.9 61-99.9   3  2.2 7.9 3.9
5281120210521 22.8 12.6  0.219999-99.9-99.9-99.9-99.9-9.9 99 5.9 30-99.9   2  1.8 3.4-9.9
5281120210522 21.9  4.9  0.009999-99.9-99.9-99.9-99.9 4.7 45 9.1 65  4.6   2  1.6 9.1 3.5
5281120210523 20.7  3.4  0.009999-99.9-99.9-99.9-99.9 4.7 4511.5 83  8.7   3  2.1 9.0 2.5
5281120210524 23.5  4.0  0.009999-99.9-99.9-99.9-99.9 4.8 4610.4 68  7.3   1  0.7 9.1 2.0
5281120210525 25.8  6.0  0.009999-99.9-99.9-99.9-99.9 4.5 4313.4 79 10.9   0  0.1 8.7 1.4
5281120210526 26.4  7.6  0.009999-99.9-99.9-99.9-99.9 4.4 4216.2 81 13.6   0  0.1 8.6 1.5
5281120210527 27.4  9.4  0.009999-99.9-99.9-99.9-99.9 4.0 3916.6 71 12.9   1  0.4 8.1 1.7
5281120210528 28.2 13.5  0.009999-99.9-99.9-99.9-99.9 4.1 4018.7 75 15.1   2  1.5 8.2 2.6
5281120210529 22.7  9.1  0.009999-99.9-99.9-99.9-99.9 4.3 4212.4 75  9.9   2  1.9 8.4 3.5
5281120210530 20.6  4.1  0.009999-99.9-99.9-99.9-99.9 1.9 1811.6 82  8.8   0  0.1 5.7 1.0
5281120210531 25.2  5.3  0.009999-99.9-99.9-99.9-99.9 4.4 4311.7 67  9.1   1  0.5 8.4 1.9
5281120210601 27.7  8.0  0.009999-99.9-99.9-99.9-99.9 4.2 4015.1 82 12.9   1  1.2 8.1 2.2
5281120210602-99.9-99.9-99.999999-99.9-99.9-99.9-99.9 0.7  713.7 75 10.2 -99-99.9 4.4-9.9
5281120210603 27.5  7.6  2.019999-99.9-99.9-99.9-99.9 3.1 3014.8 64-99.9   1  0.5 6.9 1.8
5281120210604 33.3 17.1  0.219999-99.9-99.9-99.9-99.9 3.3 3221.7 61-99.9   3  2.7 7.1 4.5
5281120210605 25.5 15.6  0.009999-99.9-99.9-99.9-99.9-9.9 9914.1 60 11.2   7  6.0 2.3-9.9
5281120210606 21.1  5.5  0.009999-99.9-99.9-99.9-99.9 3.7 3611.1 74-99.9   1  0.9 7.5 1.9
5281120210607 17.0 11.7  0.009999-99.9-99.9-99.9-99.9-9.9 99 5.5  3-99.9   0  0.0 1.8-9.9
5281120210608 19.0 14.0  0.009999-99.9-99.9-99.9-99.9-9.9 99 1.7 11-99.9   0  0.0 1.8-9.9
5281120210609 21.7 12.4  0.009999-99.9-99.9-99.9-99.9-9.9 99 3.9 21-99.9   0  0.1 1.9-9.9
5281120210610 20.2  9.0  0.219999-99.9-99.9-99.9-99.9-9.9 99 2.9 17-99.9   0  0.2 2.5-9.9
5281120210611 23.4  6.4  0.009999-99.9-99.9-99.9-99.9 1.9 1810.3 59-99.9   0  0.0 5.5 1.3
5281120210612 25.4 10.2  0.009999-99.9-99.9-99.9-99.9 3.1 3013.5 66-99.9   1  1.1 6.8 2.4
5281120210613 26.4  9.3  0.009999-99.9-99.9-99.9-99.9 3.4 3314.1 63-99.9   2  1.8 7.1 2.8
5281120210614 23.1  9.7  0.009999-99.9-99.9-99.9-99.9 2.9 2813.1 64  7.4   3  2.8 6.5 3.2
5281120210615 14.3 11.2  0.219999-99.9-99.9-99.9-99.9-9.9 9914.2 99 12.2   8  6.3 1.3-9.9
5281120210616 11.5  7.3  0.219999-99.9-99.9-99.9-99.9-9.9 9910.0 87  6.7   0  0.2 0.6-9.9
5281120210617 12.2  5.6  0.009999-99.9-99.9-99.9-99.9-9.9 99 9.8 81  6.1   0  0.0 3.1-9.9
5281120210618 13.7  7.4  0.009999-99.9-99.9-99.9-99.9-9.9 9912.1 91  9.6   0  0.0 2.8-9.9
5281120210619 17.0  4.0  0.009999-99.9-99.9-99.9-99.9 3.2 3211.7 81  8.7   0  0.2 6.9 1.0
5281120210620 19.7  0.0  0.009999-99.9-99.9-99.9-99.9 2.9 2810.2 60-99.9   0  0.3 6.5 1.0
5281120210621 20.0 10.8  0.009999-99.9-99.9-99.9-99.9-9.9 9912.7 76  8.3   0  0.1 3.1-9.9
5281120210622 21.4 10.3  0.009999-99.9-99.9-99.9-99.9 1.7 1711.9 63-99.9   1  0.9 5.3 2.1
5281120210623 16.3 11.8  0.009999-99.9-99.9-99.9-99.9-9.9 99 6.3 29-99.9   0  0.1 0.5-9.9
5281120210624 20.6  5.6  0.009999-99.9-99.9-99.9-99.9 2.8 28 9.2 62-99.9   2  1.6 6.4 3.0
5281120210625 20.6  5.2  0.009999-99.9-99.9-99.9-99.9 2.2 22 8.9 60-99.9   1  0.7 5.8 1.9
5281120210626 15.8  7.2  0.009999-99.9-99.9-99.9-99.9 0.3  3 8.3 65-99.9  11  8.6 3.810.4
5281120210627 13.9  3.0  0.009999-99.9-99.9-99.9-99.9 3.3 32 8.7 85  4.8   5  3.7 6.9 3.2
5281120210628-99.9-99.9-99.999999-99.9-99.9-99.9-99.9-9.9 99-9.9-99-99.9 -99-99.9-9.9-9.9
5281120210629 17.6 -5.0  0.009999-99.9-99.9-99.9-99.9 3.8 37 6.4 67  0.4   0  0.2 7.5 1.0
5281120210630 19.2  0.1  0.009999-99.9-99.9-99.9-99.9 3.4 33 8.1 67  3.7   3  2.7 7.1 3.0
5281120210701 20.9  2.3  0.009999-99.9-99.9-99.9-99.9 4.3 42 9.6 67  6.2   3  2.8 8.1 3.1
5281120210702 21.1  0.7  0.009999-99.9-99.9-99.9-99.9 3.3 3210.5 73  7.3   2  1.3 7.0 1.7
5281120210703 21.4  0.0  0.009999-99.9-99.9-99.9-99.9 4.2 41 9.9 63  6.2   0  0.0 8.0 1.1
5281120210704 23.7  4.9  0.009999-99.9-99.9-99.9-99.9 3.1 3012.5 59  8.8   1  0.8 6.8 1.5
5281120210705 25.5  4.6  0.009999-99.9-99.9-99.9-99.9 4.0 3813.3 59  9.5   0  0.0 7.7 1.3
5281120210706 30.7  9.6  0.009999-99.9-99.9-99.9-99.9 1.7 1614.0 41-99.9   3  2.7 5.3 4.3
5281120210707 24.4 10.5  0.009999-99.9-99.9-99.9-99.9 3.6 3517.2 76 13.0   2  1.5 7.4 2.4
5281120210708-99.9-99.9-99.999999-99.9-99.9-99.9-99.9-9.9 9910.2 36-99.9 -99-99.9 2.7-9.9
5281120210709 31.7 13.4  0.009999-99.9-99.9-99.9-99.9 3.0 2920.8 76 18.0   5  3.7 6.8 4.5
5281120210710 22.0 13.4  0.009999-99.9-99.9-99.9-99.9 2.1 2014.9 65 12.3  12  9.3 5.810.3
5281120210711 23.0  9.1  0.009999-99.9-99.9-99.9-99.9 0.4  417.0 97 14.0   0  0.1 4.1 0.8
5281120210712 31.9 13.1  0.009999-99.9-99.9-99.9-99.9 1.8 1815.3 46  7.8   3  2.2 5.6 4.8
5281120210713 21.2 12.8  0.009999-99.9-99.9-99.9-99.9-9.9 9915.5 86 13.2   7  5.9 2.9-9.9
5281120210714 17.1 10.3  0.009999-99.9-99.9-99.9-99.9-9.9 99 9.9 64  5.9   5  4.2 1.0-9.9
5281120210715 20.9  8.2  0.009999-99.9-99.9-99.9-99.9 4.3 42 6.5 45-99.9   6  4.4 8.4 9.2
5281120210716 20.7  1.7  0.009999-99.9-99.9-99.9-99.9 3.5 33 7.4 58-99.9   1  0.6 7.5 1.8
5281120210717 17.8  5.3  0.009999-99.9-99.9-99.9-99.9 4.2 40 8.5 70-99.9   8  6.8 8.3 8.9
5281120210718 16.8 -2.4  0.009999-99.9-99.9-99.9-99.9 4.6 44 6.5 70  0.8   1  1.1 8.9 1.9
5281120210719 18.5  1.3  0.009999-99.9-99.9-99.9-99.9 4.9 46 7.0 60  1.7   0  0.3 9.1 1.6
5281120210720 22.3  1.6  0.009999-99.9-99.9-99.9-99.9 4.6 44 7.8 59  3.3   1  1.1 8.9 2.6
5281120210721 24.8  2.6  0.009999-99.9-99.9-99.9-99.9 5.3 50 8.4 58  4.4   2  1.8 9.7 3.9
5281120210722 27.7  7.8  0.009999-99.9-99.9-99.9-99.9 4.9 4612.0 64  9.5   2  1.9 9.3 3.9
5281120210723 34.1 12.0  0.009999-99.9-99.9-99.9-99.9 4.8 4514.1 56 12.0   4  3.4 9.2 7.4
5281120210724 26.9 14.1  0.009999-99.9-99.9-99.9-99.9 3.0 2817.6 86 15.4   0  0.1 7.2 1.7
5281120210725 20.5  8.3  0.009999-99.9-99.9-99.9-99.9 4.6 4313.9 82 11.1   5  3.8 9.1 3.2
5281120210726 19.9  8.5  0.009999-99.9-99.9-99.9-99.9 4.8 4510.7 73  7.6  10  8.0 9.4 8.2
5281120210727 17.0  1.5  0.009999-99.9-99.9-99.9-99.9 5.6 52 6.5 59  0.1   1  0.910.3 2.5
5281120210728 15.5 -2.4  0.009999-99.9-99.9-99.9-99.9 5.4 51 6.2 69  0.1   5  4.110.2 4.7
5281120210729 17.7 -5.0  0.009999-99.9-99.9-99.9-99.9 5.5 51 5.5 58 -1.6   0  0.310.3 1.6
5281120210730 19.7 -0.5  0.009999-99.9-99.9-99.9-99.9 5.5 51 5.7 51 -1.1   3  2.210.4 4.6
5281120210731 22.1  3.1  0.009999-99.9-99.9-99.9-99.9 5.4 50 7.5 56  2.7   0  0.110.3 1.9
5281120210801 22.6  0.8  0.009999-99.9-99.9-99.9-99.9 5.6 52 8.1 61  3.7   0  0.210.6 1.8
5281120210802 22.3 -0.4  0.009999-99.9-99.9-99.9-99.9 5.9 55 9.8 68  6.3   1  0.411.0 1.9
5281120210803 22.9  3.6  0.009999-99.9-99.9-99.9-99.9 5.9 5410.0 67  6.8   0  0.311.1 2.0
5281120210804 22.7  2.2  0.009999-99.9-99.9-99.9-99.9 5.6 5211.6 76  8.8   0  0.210.9 1.7
5281120210805 22.6  1.2  0.009999-99.9-99.9-99.9-99.9 2.1 2012.7 71  8.5   0  0.1 6.7 1.2
5281120210806 28.3  8.9  0.009999-99.9-99.9-99.9-99.9 5.3 4913.9 46 10.6   1  1.210.6 3.1
5281120210807 34.3 12.1  0.009999-99.9-99.9-99.9-99.9 5.1 4717.0 56 14.7   4  3.110.4 6.3
5281120210808 23.7 13.0  0.819999-99.9-99.9-99.9-99.9 3.5 3216.8 90 14.6  13 10.4 8.5 9.3
5281120210809 12.9  8.0  0.009999-99.9-99.9-99.9-99.9-9.9 9910.3 86  7.2  18 14.5 2.6-9.9
5281120210810 17.4 -0.3  0.009999-99.9-99.9-99.9-99.9 5.7 52 8.3 76  4.2   2  1.411.3 2.9
5281120210811 17.7 -2.2  0.009999-99.9-99.9-99.9-99.9 6.1 55 7.1 67  1.6   1  0.511.8 1.9
5281120210812 18.0  2.6  0.009999-99.9-99.9-99.9-99.9 4.7 43 8.0 67  3.5   1  0.610.3 2.1
5281120210813 19.3 -0.4  0.009999-99.9-99.9-99.9-99.9 5.8 53 9.5 72  5.5   0  0.111.7 1.6
5281120210814 22.1 -1.0  0.009999-99.9-99.9-99.9-99.9 5.5 50 8.7 49  3.7   0  0.011.3 1.8
5281120210815 24.4  2.4  0.009999-99.9-99.9-99.9-99.9 5.8 5211.5 69  8.6   0  0.211.8 2.0
5281120210816 28.9  9.2  0.009999-99.9-99.9-99.9-99.9 5.6 5116.4 64 13.9   5  3.811.6 4.7
5281120210817 34.0 11.7  0.009999-99.9-99.9-99.9-99.9 5.0 4521.5 75 17.9   1  0.910.9 3.0
5281120210818 37.4 10.7  0.009999-99.9-99.9-99.9-99.9 4.9 4417.6 35-99.9   1  0.610.8 3.7
5281120210819 30.6 15.9  0.009999-99.9-99.9-99.9-99.9 5.1 4520.1 63-99.9   7  5.411.1 8.6
5281120210820 23.3 12.8  0.009999-99.9-99.9-99.9-99.9 5.5 5011.8 82-99.9  10  8.111.912.9
5281120210821 24.0  8.4  0.009999-99.9-99.9-99.9-99.9 4.3 3817.9 91 15.4   1  0.410.3 1.8
5281120210822 28.6 10.8  0.009999-99.9-99.9-99.9-99.9 5.6 5012.4 58  8.8   7  5.812.111.5
5281120210823 23.3  8.1  0.009999-99.9-99.9-99.9-99.9 5.9 53 8.3 47  4.1   3  2.612.6 6.9
5281120210824 22.5  9.6  0.009999-99.9-99.9-99.9-99.9 6.0 53 9.4 55  5.9   8  6.312.712.1
5281120210825 22.4  9.5  0.009999-99.9-99.9-99.9-99.9 4.1 36 8.9 57  4.9   8  6.510.312.5
5281120210826 24.6  0.4  0.009999-99.9-99.9-99.9-99.9 6.8 60 7.2 53  2.1   3  2.214.0 5.7
5281120210827 25.6  6.1  0.009999-99.9-99.9-99.9-99.9 6.5 58 9.8 54  6.3   5  3.713.7 7.9
5281120210828 27.5  7.4  0.009999-99.9-99.9-99.9-99.9 5.8 5113.4 70 11.1   1  0.612.7 3.1
5281120210829 30.0  9.0  0.009999-99.9-99.9-99.9-99.9 6.3 5515.4 65 13.1   2  1.613.6 4.3
5281120210830 33.1 13.7  0.009999-99.9-99.9-99.9-99.9 5.7 5022.2 71 18.6   8  6.212.9 6.8
5281120210831 35.2 18.0  0.009999-99.9-99.9-99.9-99.9 4.6 4024.0 68 20.3   9  7.511.412.0
5281120210901 38.2 20.9  9.519999-99.9-99.9-99.9-99.9 5.3 4622.6 61 19.3   9  7.412.417.1
5281120210902 29.7 18.3  0.009999-99.9-99.9-99.9-99.9 0.6  5 8.8 41-99.9   9  6.9 6.020.4
5281120210903 24.2 16.0  0.009999-99.9-99.9-99.9-99.9 1.8 16 9.1 45-99.9   1  1.0 7.7 4.4
5281120210904 28.3 14.9  0.009999-99.9-99.9-99.9-99.9 3.3 2814.5 58-99.9   1  0.4 9.8 3.1
5281120210905 24.1 13.0  0.009999-99.9-99.9-99.9-99.9 4.5 3916.2 79 12.8   2  1.411.7 3.7
5281120210906 27.9 13.5  5.219999-99.9-99.9-99.9-99.9 2.7 2418.7 65-99.9   4  3.4 9.2 5.0
5281120210907 23.0 16.1  0.219999-99.9-99.9-99.9-99.9 0.2  2 8.1 47-99.9   8  6.2 5.715.9
5281120210908 23.8 12.0  0.009999-99.9-99.9-99.9-99.9 6.5 5613.9 76 11.8   9  7.214.710.6
5281120210909 22.5  6.4  0.009999-99.9-99.9-99.9-99.9 6.6 5713.3 84 11.0   4  3.514.9 4.7
5281120210910 24.5  3.7  0.009999-99.9-99.9-99.9-99.9 5.9 5012.4 60-99.9   0  0.214.0 2.7
5281120210911 29.5 10.4  0.009999-99.9-99.9-99.9-99.9 6.0 5114.6 59 12.1   7  5.614.2 9.7
5281120210912 35.0 16.0  0.009999-99.9-99.9-99.9-99.9 5.7 4824.9 72 20.8   4  3.513.9 6.0
5281120210913 31.5 15.7  0.009999-99.9-99.9-99.9-99.9 6.0 5123.8 82 19.9  10  8.314.3 8.6
5281120210914 22.7  9.6  0.009999-99.9-99.9-99.9-99.9 6.6 5510.1 57  6.2  11  8.415.316.9
5281120210915 24.8  6.2  0.009999-99.9-99.9-99.9-99.9 7.3 61 8.1 43  3.8   1  0.916.4 4.7
5281120210916 26.8  9.8  0.009999-99.9-99.9-99.9-99.9 7.3 6110.5 51  7.5   1  0.616.4 4.3
5281120210917 29.0  6.7  0.009999-99.9-99.9-99.9-99.9 6.6 5617.1 81 14.6   1  0.515.6 3.7
5281120210918 25.9 13.7  0.009999-99.9-99.9-99.9-99.9 3.3 28 7.3 30-99.9   1  0.410.8 4.0
5281120210919 33.0 14.8  0.009999-99.9-99.9-99.9-99.9 3.5 2918.4 59-99.9   1  0.611.1 3.7
5281120210920 25.4 18.9  0.819999-99.9-99.9-99.9-99.9 0.7  615.1 75-99.9  17 13.2 7.023.4
5281120210921 23.4 14.2  0.009999-99.9-99.9-99.9-99.9 3.3 2710.6 53  5.3   1  0.710.8 4.0
5281120210922 24.1  8.6  0.009999-99.9-99.9-99.9-99.9 4.6 3815.6 78 13.5   1  0.812.9 3.1
5281120210923 27.7  4.5  0.009999-99.9-99.9-99.9-99.9 6.9 5711.9 54  6.8   1  1.116.5 4.7
5281120210924 27.6  3.6  0.009999-99.9-99.9-99.9-99.9 6.9 5615.0 68 10.8   0  0.416.5 3.5
5281120210925 29.9 11.3  0.009999-99.9-99.9-99.9-99.9 6.9 5715.4 60 12.5   2  1.716.7 5.9
5281120210926 34.2 12.3  0.009999-99.9-99.9-99.9-99.9 7.4 6117.9 59 15.6   1  1.217.5 5.9
5281120210927 33.8 12.4  0.009999-99.9-99.9-99.9-99.9 5.1 4219.7 65 16.9   2  1.214.1 5.0
5281120210928 24.5 16.3  0.009999-99.9-99.9-99.9-99.9-9.9 9913.2 59 10.2  11  9.1 2.9-9.9
5281120210929 25.4 14.2  0.009999-99.9-99.9-99.9-99.9 1.5 12 9.1 41-99.9   0  0.3 8.6 3.3
5281120210930 35.3 16.3  0.009999-99.9-99.9-99.9-99.9 5.5 4520.0 59-99.9   4  3.414.9 8.8
5281120211001 27.7 13.9  0.009999-99.9-99.9-99.9-99.9 4.8 3915.6 64 13.4   4  3.113.8 7.3
5281120211002 31.7 13.6  0.009999-99.9-99.9-99.9-99.9 6.6 5323.0 79 18.4   2  1.916.7 4.9
5281120211003 24.6 13.3  0.009999-99.9-99.9-99.9-99.9 2.2 18 8.9 42  4.8   6  4.8 9.912.4
5281120211004 25.3  2.4  0.009999-99.9-99.9-99.9-99.9 8.4 67 9.4 47  5.9   1  0.419.7 4.5
5281120211005 28.3  8.5  0.009999-99.9-99.9-99.9-99.9 7.9 6411.6 49  9.0   5  3.919.110.2
5281120211006 24.6 16.4  0.009999-99.9-99.9-99.9-99.9 1.7 1417.5 76 15.3   8  6.2 9.3 8.2
5281120211007 27.6 10.8  0.009999-99.9-99.9-99.9-99.9 7.2 5716.2 70 14.0   2  1.518.0 5.5
5281120211008 29.8 11.0  0.009999-99.9-99.9-99.9-99.9 6.8 5415.0 61 13.0   1  1.117.5 5.6
5281120211009 28.9 13.9  1.819999-99.9-99.9-99.9-99.9 7.1 5616.4 61 14.2   1  0.818.0 5.5
5281120211010 24.8 15.6  0.219999-99.9-99.9-99.9-99.9 1.4 11 7.5 36-99.9   0  0.3 9.0 3.8
5281120211011 30.3 10.3  0.009999-99.9-99.9-99.9-99.9 5.6 4414.3 55-99.9   0  0.215.8 4.1
5281120211012 34.6 15.2  0.009999-99.9-99.9-99.9-99.9 7.0 5517.9 60-99.9   5  3.618.110.6
5281120211013 29.5 19.3 11.219999-99.9-99.9-99.9-99.9 2.1 1617.3 64-99.9   3  2.710.1 7.5
5281120211014 28.7 13.7  0.009999-99.9-99.9-99.9-99.9 3.8 3011.9 58-99.9   6  4.412.911.1
5281120211015 24.1 11.6  0.009999-99.9-99.9-99.9-99.9 6.3 4911.7 62  8.9  10  8.217.114.5
5281120211016 24.7  5.5  0.009999-99.9-99.9-99.9-99.9 7.1 5612.3 67  9.9   1  0.918.5 4.5
5281120211017 27.9  7.9  0.009999-99.9-99.9-99.9-99.9 8.5 6711.7 51  9.0   1  0.720.9 5.6
5281120211018 29.4  9.9  0.009999-99.9-99.9-99.9-99.9 5.3 4113.2 54 10.8   0  0.315.7 4.4
5281120211019 30.9 11.2  0.009999-99.9-99.9-99.9-99.9 8.9 6912.5 44  9.9   1  0.821.6 6.5
5281120211020 31.7 13.9  0.009999-99.9-99.9-99.9-99.9 8.5 6613.7 43 11.4   3  2.721.110.5
5281120211021 33.0 13.7  0.009999-99.9-99.9-99.9-99.9 8.4 6515.6 48 13.5   2  1.721.0 8.4
5281120211022 35.8 16.0  4.519999-99.9-99.9-99.9-99.9 6.7 5218.9 51 16.6   3  2.718.2 9.4
5281120211023 27.0 17.0  0.009999-99.9-99.9-99.9-99.9 3.5 2713.1 59-99.9  10  8.312.919.4
5281120211024 30.0  8.6  0.009999-99.9-99.9-99.9-99.9 7.5 57 9.1 35-99.9   0  0.319.6 5.3
5281120211025 36.3 13.4  0.009999-99.9-99.9-99.9-99.9 8.0 6114.5 41 12.4   4  2.920.511.6
5281120211026 38.6 15.1  0.009999-99.9-99.9-99.9-99.9 8.2 6313.6 35 11.1   3  2.521.012.1
5281120211027 37.3 17.7  0.009999-99.9-99.9-99.9-99.9 7.8 6018.8 47 16.3   5  4.120.314.2
5281120211028 38.4 21.2  0.009999-99.9-99.9-99.9-99.9 7.9 6018.5 39 16.0   2  1.920.510.7
5281120211029 38.1 18.6  0.009999-99.9-99.9-99.9-99.9 4.6 3519.7 46 17.1   1  0.515.0 5.7
5281120211030 37.8 18.2  0.009999-99.9-99.9-99.9-99.9 8.0 6124.1 54 20.4   1  0.420.8 6.9
5281120211031 35.3 21.9  9.219999-99.9-99.9-99.9-99.9 6.3 4827.7 79 22.3   8  6.618.013.6
5281120211101 25.3 14.1 13.519999-99.9-99.9-99.9-99.9-9.9 99 2.8 14-99.9   8  6.0 2.3-9.9
5281120211102 18.3 15.8 15.019999-99.9-99.9-99.9-99.9-9.9 99-9.9  0-99.9   4  3.5 0.6-9.9
5281120211103 30.0 16.1  0.009999-99.9-99.9-99.9-99.9 5.1 3812.9 40-99.9   0  0.016.0 4.4
5281120211104 34.5 16.4 21.219999-99.9-99.9-99.9-99.9 5.5 4218.8 50-99.9   7  5.316.914.7
5281120211105 16.2 11.9 14.019999-99.9-99.9-99.9-99.9-9.9 99-9.9  0-99.9  18 14.6 1.2-9.9
5281120211106 23.9 11.8  0.219999-99.9-99.9-99.9-99.9 4.2 3210.0 44-99.9   2  1.914.6 6.4
5281120211107 29.4 14.4  0.009999-99.9-99.9-99.9-99.9 5.5 4116.7 75-99.9   0  0.016.8 4.3
5281120211108 31.7 18.5  0.009999-99.9-99.9-99.9-99.9 5.4 4120.8 80-99.9   0  0.316.8 5.1
5281120211109 32.9 17.8  2.519999-99.9-99.9-99.9-99.9 6.9 5214.1 47-99.9   5  3.919.413.5
5281120211110 32.3 17.0  0.009999-99.9-99.9-99.9-99.9 4.3 3212.8 42-99.9   1  0.615.0 5.6
5281120211111 32.0 14.2  0.009999-99.9-99.9-99.9-99.9 8.6 6417.2 68-99.9   2  1.422.4 8.1
5281120211112 34.4 16.3  0.009999-99.9-99.9-99.9-99.9 8.3 6221.0 66 17.0   2  1.822.0 8.5
5281120211113 37.9 21.6 36.219999-99.9-99.9-99.9-99.9 6.7 5027.0 65-99.9  13 10.219.221.0
5281120211114 31.3 17.6  0.009999-99.9-99.9-99.9-99.9 2.8 21 8.7 35-99.9   5  4.012.514.3
5281120211115 31.0 17.4 13.019999-99.9-99.9-99.9-99.9 6.5 4816.6 52-99.9   1  0.918.9 6.7
5281120211116 25.0 15.0  0.819999-99.9-99.9-99.9-99.9-9.9 99 7.4 41-99.9  18 14.4 3.7-9.9
5281120211117 24.5 13.7  0.009999-99.9-99.9-99.9-99.9 5.7 4216.1 79 13.6   4  2.917.6 6.9
5281120211118 29.6 12.1  0.009999-99.9-99.9-99.9-99.9 8.6 6315.3 75-99.9   0  0.122.6 5.5
5281120211119 33.3 14.1  0.009999-99.9-99.9-99.9-99.9 8.8 6517.1 61 14.6   1  0.623.0 6.8
5281120211120 34.3 16.2  0.009999-99.9-99.9-99.9-99.9 9.2 6716.5 53 13.9   4  3.523.713.4
5281120211121 35.8 17.1  0.009999-99.9-99.9-99.9-99.9 8.5 6219.1 51 16.6   2  1.822.5 9.4
5281120211122 40.1 19.2  2.519999-99.9-99.9-99.9-99.9 7.6 5624.2 61 20.0   3  2.721.011.3
5281120211123 30.5 20.7  0.009999-99.9-99.9-99.9-99.9 2.4 1816.0 46-99.9   2  1.212.0 6.5
5281120211124 35.1 17.8  0.009999-99.9-99.9-99.9-99.9 7.5 5526.5 76 18.8   9  7.220.912.7
5281120211125 34.6 20.5  0.009999-99.9-99.9-99.9-99.9 7.8 5718.0 46-99.9   5  3.821.514.7
5281120211126 34.3 14.5  0.009999-99.9-99.9-99.9-99.9 9.1 6615.1 63-99.9   1  1.023.7 8.4
5281120211127 33.3 18.8  0.009999-99.9-99.9-99.9-99.9 3.1 2323.2 74 18.3   7  5.613.311.1
5281120211128 28.2 17.2  0.009999-99.9-99.9-99.9-99.9 6.4 4712.9 55-99.9  10  8.419.122.6
5281120211129 31.2 14.7  0.009999-99.9-99.9-99.9-99.9 9.6 7013.6 64-99.9   4  3.124.612.1
5281120211130 34.2 14.5  0.009999-99.9-99.9-99.9-99.9 9.8 7116.0 46 13.7   4  3.224.912.7
5281120211201 33.7 19.0  0.009999-99.9-99.9-99.9-99.9 4.9 3519.4 48 16.7   3  2.316.5 8.4
5281120211202 34.6 18.0  0.009999-99.9-99.9-99.9-99.9 8.6 6220.6 57 17.8   4  3.523.012.2
5281120211203 34.8 20.9  0.009999-99.9-99.9-99.9-99.9 6.9 5022.3 56 19.0   6  4.820.013.4
5281120211204 30.9 20.4  0.009999-99.9-99.9-99.9-99.9 3.4 2421.3 59-99.9   2  1.713.8 6.8
5281120211205 34.0 17.4  0.009999-99.9-99.9-99.9-99.9 6.7 4820.5 69-99.9   1  0.819.7 6.8
5281120211206 34.4 20.4  0.009999-99.9-99.9-99.9-99.9 6.5 4726.3 77 21.2   1  1.019.4 6.9
5281120211207 34.8 18.7  0.009999-99.9-99.9-99.9-99.9 9.5 6922.1 56 18.9   5  4.224.614.0
5281120211208 36.5 19.6  0.009999-99.9-99.9-99.9-99.9 9.5 6822.1 55 18.9   4  3.024.612.2
5281120211209 35.2 23.1  0.009999-99.9-99.9-99.9-99.9 3.5 2525.2 57 21.1   4  3.314.1 9.9
5281120211210 31.7 21.3  0.009999-99.9-99.9-99.9-99.9 3.7 2725.5 79 21.3   3  2.214.5 6.4
5281120211211 35.0 19.0  0.009999-99.9-99.9-99.9-99.9 6.9 5026.0 74 20.7   4  3.320.1 8.6
5281120211212 38.1 22.0  0.009999-99.9-99.9-99.9-99.9 4.3 3122.5 55-99.9   6  5.215.513.6
5281120211213 27.1 20.0  0.009999-99.9-99.9-99.9-99.9-9.9 99 6.3 21-99.9   1  0.9 4.9-9.9
5281120211214 34.1 16.8  0.009999-99.9-99.9-99.9-99.9 7.7 5520.7 70-99.9   1  0.821.5 7.0
5281120211215 35.4 18.9  0.009999-99.9-99.9-99.9-99.9 6.8 4822.0 70-99.9   1  0.919.9 7.2
5281120211216 36.1 19.6  0.009999-99.9-99.9-99.9-99.9 9.1 6520.2 59 16.1   2  1.424.0 9.7
5281120211217 36.4 20.0  0.009999-99.9-99.9-99.9-99.9 9.0 6421.9 51 18.8   3  2.123.810.8
5281120211218 36.7 18.4  0.009999-99.9-99.9-99.9-99.9 9.2 6624.5 59 20.5   3  2.124.110.3
5281120211219 41.1 20.1  0.009999-99.9-99.9-99.9-99.9 7.6 5526.3 56 21.5   1  0.621.4 7.7
5281120211220 39.0 26.1  0.009999-99.9-99.9-99.9-99.9 5.0 3634.9 70 26.4   1  0.716.8 6.6
5281120211221 42.5 24.0  0.009999-99.9-99.9-99.9-99.9 7.6 5527.7 66-99.9   2  1.421.4 9.8
5281120211222 33.2 23.5  0.009999-99.9-99.9-99.9-99.9 0.4  328.1 82-99.9   4  3.2 8.7 7.2
5281120211223 37.2 20.5  0.009999-99.9-99.9-99.9-99.9 6.7 4818.2 53-99.9   2  1.519.8 9.7
5281120211224 37.1 16.4  0.009999-99.9-99.9-99.9-99.9 9.5 6817.0 38 14.8   1  1.024.7 9.3
5281120211225 39.1 18.1  0.009999-99.9-99.9-99.9-99.9 9.0 6519.2 43 16.4   3  2.123.911.9
5281120211226 37.5 21.3  0.009999-99.9-99.9-99.9-99.9 6.4 4617.9 44 15.3   2  1.519.3 9.5
5281120211227 38.9 19.0  0.009999-99.9-99.9-99.9-99.9 9.4 6711.5 23  8.9   2  1.624.512.0
5281120211228 40.1 17.6  0.009999-99.9-99.9-99.9-99.9 8.2 5814.7 28 12.5   2  1.422.310.8
5281120211229 40.4 18.8  0.009999-99.9-99.9-99.9-99.9 9.5 6815.2 28 12.6   4  3.024.716.3
5281120211230 43.0 21.8  0.009999-99.9-99.9-99.9-99.9 8.4 6117.3 33 15.1   2  1.722.812.0
5281120211231 41.6 22.2  0.009999-99.9-99.9-99.9-99.9 8.2 5921.2 39 18.4   2  1.722.411.4
5281120220101 44.7 23.6  0.009999-99.9-99.9-99.9-99.9 6.5 4719.1 33-99.9  14 11.519.4-9.9
5281120220102 37.3 21.8  0.009999-99.9-99.9-99.9-99.9 8.1 5822.9 55-99.9   8  6.222.217.3
5281120220103 38.8 21.4  0.009999-99.9-99.9-99.9-99.9 9.1 6628.0 68 21.3   3  2.124.010.6
5281120220104 35.8 22.7  0.009999-99.9-99.9-99.9-99.9 6.8 4922.4 69-99.9   6  4.919.916.0
5281120220105 35.3 19.6  0.009999-99.9-99.9-99.9-99.9 7.9 5718.1 49 14.4   3  2.621.811.9
5281120220106 34.7 14.7  0.009999-99.9-99.9-99.9-99.9 9.6 7019.1 54 16.7   2  1.524.9 9.1
5281120220107 36.7 16.9  0.009999-99.9-99.9-99.9-99.9 9.2 6719.5 49 16.9   3  2.124.110.8
5281120220108 37.2 18.2  0.009999-99.9-99.9-99.9-99.9 9.4 6820.0 44 17.3   2  1.224.4 9.7
5281120220109 39.2 20.2  0.009999-99.9-99.9-99.9-99.9 9.3 6719.7 39 17.0   1  0.724.2 8.8
5281120220110 40.7 21.1  0.009999-99.9-99.9-99.9-99.9 8.3 6024.0 49 20.1   1  0.622.4 8.2
5281120220111 41.7 21.9  0.009999-99.9-99.9-99.9-99.9 9.1 6621.2 39 18.0   1  0.723.9 9.3
5281120220112 42.0 20.0  0.009999-99.9-99.9-99.9-99.9 9.2 6618.1 31 15.5   1  1.024.010.1
5281120220113 42.7 22.8  0.009999-99.9-99.9-99.9-99.9 9.5 6913.0 24 10.8   5  4.224.522.1
5281120220114 42.4 24.1  0.009999-99.9-99.9-99.9-99.9 8.5 6221.0 42 17.9   8  6.522.7-9.9
5281120220115 42.4 27.8  0.009999-99.9-99.9-99.9-99.9 7.9 5727.2 44 22.3  11  8.721.7-9.9
5281120220116 43.4 26.4  0.009999-99.9-99.9-99.9-99.9 8.5 6228.5 45 23.1   6  4.822.819.3
5281120220117 40.0 26.0  0.009999-99.9-99.9-99.9-99.9 7.6 5532.4 65-99.9  10  7.721.119.7
5281120220118 34.7 21.4  0.009999-99.9-99.9-99.9-99.9-9.9 99 0.5  2-99.9   9  7.1 4.6-9.9
5281120220119 29.2 19.4  0.009999-99.9-99.9-99.9-99.9 0.6  5 4.1  8-99.9   3  2.3 9.011.4
5281120220120 38.4 23.0  0.009999-99.9-99.9-99.9-99.9 7.1 5222.7 42-99.9   4  2.820.211.8
5281120220121 40.8 26.1  0.009999-99.9-99.9-99.9-99.9 7.9 5828.5 71-99.9   8  6.321.519.5
5281120220122 41.3 28.5  0.009999-99.9-99.9-99.9-99.9 7.9 5838.1 66 28.1   9  7.221.617.3
5281120220123 34.4 22.2  0.009999-99.9-99.9-99.9-99.9 3.7 2713.0 36-99.9   6  4.614.117.5
5281120220124 33.9 23.0  0.009999-99.9-99.9-99.9-99.9 4.2 3110.5 30-99.9   1  0.815.1 7.2
5281120220125 30.6 22.8  0.009999-99.9-99.9-99.9-99.9-9.9 99 2.1  5-99.9   0  0.1 5.7-9.9
5281120220126 30.4 24.5  0.009999-99.9-99.9-99.9-99.9-9.9 99 0.7  2-99.9   2  1.9 6.1-9.9
5281120220127 28.3 21.7  0.009999-99.9-99.9-99.9-99.9 1.8 1310.2 37-99.9   5  4.410.815.7
5281120220128 29.6 15.0  0.009999-99.9-99.9-99.9-99.9 9.4 6914.1 57-99.9   1  0.923.9 7.5
5281120220129 32.7 15.8  0.009999-99.9-99.9-99.9-99.9 9.4 7016.9 72-99.9   1  0.524.0 7.1
5281120220130 36.0 18.0  0.009999-99.9-99.9-99.9-99.9 9.3 6920.9 66 16.8   1  0.823.8 7.8
5281120220131 35.8 17.7  0.009999-99.9-99.9-99.9-99.9 8.8 6523.7 73 19.3   1  1.122.8 8.2
5281120220201 38.9 20.2  0.009999-99.9-99.9-99.9-99.9 8.4 6318.5 45-99.9   3  2.322.211.8
5281120220202 39.9 22.5  0.009999-99.9-99.9-99.9-99.9 6.6 4927.6 57 22.6   5  4.218.913.4
5281120220203 33.4 22.0  0.009999-99.9-99.9-99.9-99.9 3.7 2823.1 49-99.9   1  1.114.0 6.1
5281120220204 31.5 20.4  0.009999-99.9-99.9-99.9-99.9 1.4 10 9.3 26-99.9   4  3.5 9.913.5
5281120220205 31.3 17.6  0.009999-99.9-99.9-99.9-99.9 8.0 6016.0 49-99.9   8  6.421.216.8
5281120220206 29.4 15.9  0.009999-99.9-99.9-99.9-99.9 8.6 6414.2 60-99.9   2  1.722.2 8.7
5281120220207 32.0 10.1  0.009999-99.9-99.9-99.9-99.9 9.2 6914.5 65  9.8   1  0.623.2 6.4
5281120220208 33.5 11.3  0.009999-99.9-99.9-99.9-99.9 8.7 6620.2 68 16.9   1  0.722.3 6.6
5281120220209 35.2 13.0  0.009999-99.9-99.9-99.9-99.9 8.7 6617.9 56 14.3   1  1.122.2 8.1
5281120220210 38.3 18.6  0.009999-99.9-99.9-99.9-99.9 7.9 6022.0 53 19.0   5  4.420.813.8
5281120220211 30.5 20.2  0.009999-99.9-99.9-99.9-99.9 3.1 2417.7 50-99.9   9  7.212.617.0
5281120220212 25.9 16.3  0.009999-99.9-99.9-99.9-99.9 6.2 4810.8 59-99.9  12  9.518.023.4
5281120220213 29.5  8.9  0.009999-99.9-99.9-99.9-99.9 8.4 6411.4 59-99.9   0  0.221.5 5.2
5281120220214 33.6 15.2  0.009999-99.9-99.9-99.9-99.9 8.3 6418.4 72 15.5   2  1.221.4 7.2
5281120220215 37.0 18.2  0.009999-99.9-99.9-99.9-99.9 8.0 6224.7 65 20.7   2  1.920.8 8.3
5281120220216 40.9 23.5  0.009999-99.9-99.9-99.9-99.9 6.8 5331.1 71 24.7   4  3.018.810.4
5281120220217 32.9 20.7  0.009999-99.9-99.9-99.9-99.9 5.9 4516.9 44-99.9   3  2.317.1 9.8
5281120220218 36.7 19.3  0.009999-99.9-99.9-99.9-99.9 6.6 5116.6 43-99.9   0  0.118.2 5.5
5281120220219 38.5 19.1  0.009999-99.9-99.9-99.9-99.9 7.1 5519.8 65-99.9   3  2.619.110.7
5281120220220 35.1 19.5  0.009999-99.9-99.9-99.9-99.9 7.7 6020.2 49-99.9   1  0.920.0 7.0
5281120220221 31.7 18.3  0.009999-99.9-99.9-99.9-99.9 4.5 3521.1 68-99.9   3  2.714.6 7.8
5281120220222 34.1 19.3  0.009999-99.9-99.9-99.9-99.9 6.0 4621.7 67 16.7   2  1.317.0 6.7
5281120220223 35.7 21.0  0.009999-99.9-99.9-99.9-99.9 3.1 2431.2 78 24.6   3  2.812.2 5.8
5281120220224 32.4 22.8  0.009999-99.9-99.9-99.9-99.9 5.2 4125.2 71 20.1   6  5.015.611.3
5281120220225 34.4 22.3  0.009999-99.9-99.9-99.9-99.9 2.4 1910.0 24-99.9   2  1.711.0 9.1
5281120220226 41.0 24.5  0.009999-99.9-99.9-99.9-99.9 7.4 5827.3 54-99.9   5  4.119.213.8
5281120220227 42.1 26.3  0.009999-99.9-99.9-99.9-99.9 7.5 5936.0 72 26.9   7  5.519.314.8
5281120220228 34.0 19.7  0.009999-99.9-99.9-99.9-99.9-9.9 99 7.5 30-99.9   6  5.0 4.7-9.9
5281120220301 27.1 20.1  0.009999-99.9-99.9-99.9-99.9-9.9 99 4.8 20-99.9   0  0.1 6.7-9.9
5281120220302 34.0 18.0  0.009999-99.9-99.9-99.9-99.9 7.4 5917.0 29-99.9   0  0.018.9 5.1
5281120220303 36.6 21.6  0.009999-99.9-99.9-99.9-99.9 6.2 4923.5 70-99.9   2  1.616.8 7.7
5281120220304 39.1 24.1  0.009999-99.9-99.9-99.9-99.9 5.7 4516.8 34-99.9   4  3.015.913.0
5281120220305 38.8 23.4  0.009999-99.9-99.9-99.9-99.9 5.8 4617.5 34-99.9   4  2.916.011.6
5281120220306 29.8 22.0  0.009999-99.9-99.9-99.9-99.9 3.5 28 5.1 12-99.9   1  1.212.3 7.9
5281120220307 30.5 17.1  0.009999-99.9-99.9-99.9-99.9-9.9 99 0.4  1-99.9   3  2.2 3.5-9.9
5281120220308 28.3 17.2  0.009999-99.9-99.9-99.9-99.9 3.8 31 9.6 29-99.9   3  2.112.7 8.5
5281120220309 33.1 20.1  0.009999-99.9-99.9-99.9-99.9 3.8 30 7.5 21-99.9   2  1.212.5 7.7
5281120220310 26.9 19.3  0.009999-99.9-99.9-99.9-99.9-9.9 99 0.3  1-99.9   2  1.8 4.7-9.9
5281120220311 28.8 15.0  0.009999-99.9-99.9-99.9-99.9 6.9 5610.4 31-99.9   2  1.517.4 7.3
5281120220312 27.6 12.0  0.009999-99.9-99.9-99.9-99.9 6.3 5111.1 24-99.9   1  1.116.3 5.9
5281120220313 29.1 12.1  0.009999-99.9-99.9-99.9-99.9 6.0 4812.1 30-99.9   0  0.215.8 4.2
5281120220314 30.2 13.2  0.009999-99.9-99.9-99.9-99.9 5.3 4318.2 74-99.9   0  0.014.7 3.8
5281120220315 31.5 15.1  0.009999-99.9-99.9-99.9-99.9 6.4 5318.3 56-99.9   1  0.816.4 5.3
5281120220316 31.4 14.9  0.009999-99.9-99.9-99.9-99.9 6.5 5317.4 68-99.9   2  1.416.3 6.3
5281120220317 32.4 17.6  0.009999-99.9-99.9-99.9-99.9 5.1 4217.6 59-99.9   2  1.914.1 7.1
5281120220318 24.2 16.3  0.009999-99.9-99.9-99.9-99.9 0.9  8 7.4 39-99.9   8  6.6 7.620.0
5281120220319 23.4 11.6  0.009999-99.9-99.9-99.9-99.9 3.7 3111.4 51-99.9   1  0.911.9 4.3
5281120220320 25.2 13.7  0.009999-99.9-99.9-99.9-99.9 4.7 3814.5 68 10.2   2  1.413.2 4.6
5281120220321 30.6 16.7  0.009999-99.9-99.9-99.9-99.9 4.7 3917.2 64-99.9   3  2.113.3 6.3
5281120220322 29.4 19.7  0.009999-99.9-99.9-99.9-99.9 1.7 14 5.2 17-99.9   0  0.2 8.5 4.0
5281120220323 28.5 21.4  0.009999-99.9-99.9-99.9-99.9 0.8  7 2.7 12-99.9   1  0.9 7.2 6.3
5281120220324 23.8 13.6  0.009999-99.9-99.9-99.9-99.9 6.3 52 9.0 69-99.9   8  6.515.417.3
5281120220325 27.4  7.9  0.009999-99.9-99.9-99.9-99.9 7.3 61 9.3 42-99.9   4  3.316.9 9.3
5281120220326 28.3  8.2  0.009999-99.9-99.9-99.9-99.9 7.1 5913.8 62-99.9   0  0.016.4 3.5
5281120220327 30.9 13.2  0.009999-99.9-99.9-99.9-99.9 7.2 6018.0 58-99.9   2  1.616.5 5.7
5281120220328 32.0 16.0  0.009999-99.9-99.9-99.9-99.9 6.8 5721.1 69 15.6   5  4.415.8 8.6
5281120220329 35.9 18.9  0.009999-99.9-99.9-99.9-99.9 6.3 5320.1 34-99.9   7  5.515.013.5
5281120220330 28.4  9.8  0.009999-99.9-99.9-99.9-99.9 4.0 3410.3 63  5.8   6  4.611.6 9.4
5281120220331 22.0  3.1  0.009999-99.9-99.9-99.9-99.9 6.5 55 6.2 39-99.9   1  0.615.1 3.7
5281120220401 22.8  6.1  0.009999-99.9-99.9-99.9-99.9 6.6 5611.3 67-99.9   1  1.215.2 3.9
5281120220402 26.1  9.1  0.009999-99.9-99.9-99.9-99.9 5.2 4413.0 64-99.9   3  2.713.1 5.6
5281120220403 28.4 17.0  0.009999-99.9-99.9-99.9-99.9 3.4 29 6.2 19-99.9   1  1.210.4 6.2
5281120220404 26.1 12.6  0.009999-99.9-99.9-99.9-99.9 5.1 43 8.8 27-99.9   2  1.312.7 6.0
5281120220405 29.0 13.0  1.819999-99.9-99.9-99.9-99.9 4.6 4013.1 49-99.9   0  0.312.0 3.5
5281120220406 27.9 14.7  1.819999-99.9-99.9-99.9-99.9 0.5  424.1 89 20.3   0  0.0 6.1 1.6
5281120220407 27.7 18.5 17.519999-99.9-99.9-99.9-99.9 0.9  823.3 88 19.9   4  3.4 6.6 3.6
5281120220408 28.7 13.6  0.009999-99.9-99.9-99.9-99.9 4.5 3921.2 86 18.2   0  0.111.6 2.6
5281120220409 29.6 17.8  0.009999-99.9-99.9-99.9-99.9 4.7 4023.3 79 19.9   3  2.211.8 4.5
5281120220410 27.9 20.0  0.519999-99.9-99.9-99.9-99.9-9.9 9926.0 93 21.7   2  1.8 4.2-9.9
5281120220411 27.8 17.3  0.009999-99.9-99.9-99.9-99.9 0.6  623.5 90 20.1   1  1.0 6.1 2.0
5281120220412 24.8 18.1  0.009999-99.9-99.9-99.9-99.9 0.5  420.6 87 17.9   1  0.5 5.8 1.9
5281120220413 24.6 12.4  0.009999-99.9-99.9-99.9-99.9 4.5 4013.9 73 11.8   1  0.711.3 3.2
5281120220414 24.9  5.5  0.009999-99.9-99.9-99.9-99.9 6.0 5211.0 71  8.3   1  0.513.2 3.1
5281120220415 24.7  8.0  0.009999-99.9-99.9-99.9-99.9 5.8 5111.3 58  8.7   2  1.312.9 4.3
5281120220416 25.3  8.0  0.009999-99.9-99.9-99.9-99.9 2.9 2613.3 73 11.2   0  0.2 9.0 2.2
5281120220417 26.1  9.1  0.009999-99.9-99.9-99.9-99.9 5.1 4514.0 71 11.9   0  0.311.7 2.7
5281120220418 26.5  9.3  0.009999-99.9-99.9-99.9-99.9 5.7 5014.5 68 12.5   1  0.712.5 3.3
5281120220419 29.9 11.3  0.009999-99.9-99.9-99.9-99.9 5.6 5015.5 62 13.5   3  2.012.3 5.1
5281120220420 32.4 18.0  0.009999-99.9-99.9-99.9-99.9 3.9 3419.3 63 16.9   2  2.0 9.9 5.1
5281120220421 28.3 15.6  0.009999-99.9-99.9-99.9-99.9 3.3 3020.6 84 17.9   2  1.6 9.2 3.3
5281120220422 25.6 14.4  0.009999-99.9-99.9-99.9-99.9-9.9 9918.3 95 15.9   3  2.6 2.8-9.9
5281120220423 25.4  5.6  0.009999-99.9-99.9-99.9-99.9 4.9 4412.2 67  9.8   3  2.611.1 4.8
5281120220424 32.5 14.0  0.009999-99.9-99.9-99.9-99.9 2.9 2622.7 74 19.0   5  4.1 8.5 4.1
5281120220425 34.3 22.5  0.009999-99.9-99.9-99.9-99.9 4.6 4227.8 79 22.8   3  2.210.6 5.0
5281120220426 33.6 19.2  0.009999-99.9-99.9-99.9-99.9 2.6 2427.6 79 22.6   2  1.3 8.0 3.0
5281120220427 27.7 17.5  0.009999-99.9-99.9-99.9-99.9 1.8 1618.6 66 15.7   7  5.7 6.9 9.6
5281120220428 25.6 15.9  0.009999-99.9-99.9-99.9-99.9 4.3 3914.8 64 12.6   6  4.710.0 8.8
5281120220429 21.9  9.2  0.009999-99.9-99.9-99.9-99.9 3.5 32 9.6 59  6.3   2  1.6 8.9 4.1
5281120220430 21.8 10.3  0.009999-99.9-99.9-99.9-99.9 1.5 1412.3 66 10.0   1  0.5 6.4 2.0
5281120220501 21.6 14.2  0.009999-99.9-99.9-99.9-99.9-9.9 9914.4 67 12.4   1  1.2 4.2-9.9
5281120220502 20.1 11.9  0.009999-99.9-99.9-99.9-99.9 0.0  012.4 70 10.1   3  2.3 4.5 4.1
5281120220503 21.8  4.7  0.009999-99.9-99.9-99.9-99.9 4.4 4010.5 75  7.6   1  0.8 9.7 2.4
5281120220504 25.3  5.2  0.009999-99.9-99.9-99.9-99.9 4.4 4010.9 65  8.2   2  1.5 9.7 3.5
5281120220505 27.2  7.6  0.009999-99.9-99.9-99.9-99.9 4.3 3912.2 62  9.7   4  3.5 9.5 6.1
5281120220506 27.0 11.8  0.009999-99.9-99.9-99.9-99.9 3.3 3016.3 75 14.2   1  0.5 8.2 2.2
5281120220507 28.6 12.2  0.009999-99.9-99.9-99.9-99.9 3.6 3316.0 70 14.0   3  2.5 8.5 4.5
5281120220508 29.6 12.0  0.009999-99.9-99.9-99.9-99.9 3.9 3614.6 64 12.6   4  3.1 8.9 6.3
5281120220509 22.4 14.6  0.009999-99.9-99.9-99.9-99.9-9.9 9916.7 86 14.6   0  0.0 1.9-9.9
5281120220510 28.1 14.1  0.009999-99.9-99.9-99.9-99.9 3.1 2818.3 79 16.0   0  0.2 7.8 1.9
5281120220511 25.6  8.3  0.009999-99.9-99.9-99.9-99.9 4.1 3813.7 71 11.6   1  0.8 9.0 2.6
5281120220512 24.5 10.5  0.009999-99.9-99.9-99.9-99.9 4.3 4014.3 75 12.2   5  4.3 9.1 5.3
5281120220513 20.7 10.6  0.009999-99.9-99.9-99.9-99.9-9.9 9916.0 87 14.0   1  0.6 1.7-9.9
5281120220514 24.1 10.4  0.009999-99.9-99.9-99.9-99.9 2.2 2014.0 77 11.9   2  1.3 6.6 2.6
5281120220515 17.6 10.7  0.009999-99.9-99.9-99.9-99.9-9.9 9910.9 67  8.1   5  3.9 3.2-9.9
5281120220516 18.7  4.2  0.009999-99.9-99.9-99.9-99.9 3.7 35 8.3 70  4.0   4  3.3 8.3 4.9
5281120220517 17.1  1.8  0.009999-99.9-99.9-99.9-99.9 3.6 34 8.3 76  4.3   6  4.9 8.1 4.4
5281120220518 18.2 -0.3  0.009999-99.9-99.9-99.9-99.9 3.7 35 8.0 73  3.6   2  1.3 8.1 2.0
5281120220519 21.0 -1.0  0.009999-99.9-99.9-99.9-99.9 3.6 34 8.5 65  4.5   4  3.2 8.0 3.8
5281120220520-99.9-99.9-99.999999-99.9-99.9-99.9-99.9 2.7 2610.4 66  7.6 -99-99.9 6.9-9.9
5281120220521 26.6  7.3  0.009999-99.9-99.9-99.9-99.9 3.2 3111.5 67  9.0   1  0.7 7.5 2.4
5281120220522 27.2  4.7  0.009999-99.9-99.9-99.9-99.9 3.3 3111.4 61  8.8   4  2.8 7.5 5.1
5281120220523 29.2 10.0  0.009999-99.9-99.9-99.9-99.9 3.3 3212.7 60 10.4   7  6.0 7.5 9.7
5281120220524 32.6 14.4  0.009999-99.9-99.9-99.9-99.9 1.9 1816.8 64 14.7   5  4.2 5.9 7.0
5281120220525 24.6 12.8  0.009999-99.9-99.9-99.9-99.9 3.2 3114.6 77 12.5  13 10.5 7.311.4
5281120220526 12.8 10.3  0.009999-99.9-99.9-99.9-99.9-9.9 9912.7 97 10.4   9  7.2 0.4-9.9
5281120220527 15.8 10.5  0.219999-99.9-99.9-99.9-99.9-9.9 9915.0 98 12.9   1  0.9 1.2-9.9
5281120220528 16.2 13.4  2.819999-99.9-99.9-99.9-99.9-9.9 9916.5100 14.5   0  0.1 1.1-9.9
5281120220529 15.6  7.5  0.009999-99.9-99.9-99.9-99.9-9.9 9912.2 82  9.5   6  5.0 3.5-9.9
5281120220530 14.7  0.0  0.009999-99.9-99.9-99.9-99.9 0.6  6 6.7 68  1.2   1  0.6 4.3 1.5
5281120220531 17.2  2.0  0.009999-99.9-99.9-99.9-99.9 2.0 20 7.1 60  1.9   3  2.6 5.9 3.8
5281120220601 17.6  7.2  0.009999-99.9-99.9-99.9-99.9 2.2 21 7.8 58  3.4   1  1.1 6.0 2.5
5281120220602 18.7  7.3  0.009999-99.9-99.9-99.9-99.9 3.4 32 8.1 62  3.9   2  1.3 7.2 2.9
5281120220603 19.6  2.0  0.009999-99.9-99.9-99.9-99.9 4.4 43 7.9 64  3.5   7  5.3 8.3 6.7
5281120220604 19.7  3.0  0.009999-99.9-99.9-99.9-99.9 1.8 1810.6 80  7.6   2  2.0 5.6 1.8
5281120220605 20.7  8.5  0.009999-99.9-99.9-99.9-99.9-9.9 9913.4 74 11.2   1  0.7 2.4-9.9
5281120220606 22.3  6.3  0.009999-99.9-99.9-99.9-99.9 4.0 3911.5 79  8.9   2  1.6 7.9 2.9
5281120220607 23.7  2.7  0.009999-99.9-99.9-99.9-99.9 4.5 4410.3 69  7.3   1  1.0 8.4 2.0
5281120220608 22.4  6.2  0.009999-99.9-99.9-99.9-99.9 2.6 2514.2 87 11.8   3  2.1 6.3 1.1
5281120220609 22.8  8.1  0.009999-99.9-99.9-99.9-99.9 2.6 2515.5 83 13.5   2  1.5 6.3 1.9
5281120220610 17.9  3.2  0.009999-99.9-99.9-99.9-99.9 4.3 42 8.6 66  4.3   3  2.5 8.1 4.1
5281120220611 20.9 -0.6  0.009999-99.9-99.9-99.9-99.9 4.6 45 6.8 57  1.5   1  0.8 8.4 2.1
5281120220612 24.3  3.7  0.009999-99.9-99.9-99.9-99.9 4.8 47 7.5 49  2.7   5  3.9 8.6 7.5
5281120220613 24.5  3.3  0.009999-99.9-99.9-99.9-99.9 5.1 49 6.7 45  1.3  10  8.2 8.815.1
5281120220614 25.5  5.3  0.009999-99.9-99.9-99.9-99.9 5.1 50 8.9 55  5.2   9  7.1 8.911.4
5281120220615 27.4  5.3  0.009999-99.9-99.9-99.9-99.9 4.1 4010.8 64  8.0   1  0.6 7.8 2.2
5281120220616 20.3 10.2  0.519999-99.9-99.9-99.9-99.9 1.7 1611.5 65  9.0   7  5.8 5.2 7.3
5281120220617 20.8  5.1  0.009999-99.9-99.9-99.9-99.9 5.0 49 8.2 60  3.8   7  5.3 8.7 9.2
5281120220618 22.3  2.9  0.009999-99.9-99.9-99.9-99.9 3.9 38 6.3 45  0.5   7  5.9 7.510.0
5281120220619 22.8  4.1  0.009999-99.9-99.9-99.9-99.9 4.9 48 7.6 54  2.9   6  4.9 8.6 8.0
5281120220620 23.3  3.5  0.009999-99.9-99.9-99.9-99.9 4.6 45 8.0 56  3.6   1  1.1 8.3 2.8
5281120220621 22.5  6.2  0.009999-99.9-99.9-99.9-99.9 2.9 28 9.0 63  5.4   6  5.1 6.5 7.0
5281120220622 12.9  7.9  0.009999-99.9-99.9-99.9-99.9-9.9 99 9.8 80  6.6   7  5.8 2.5-9.9
5281120220623 10.3  8.2  0.009999-99.9-99.9-99.9-99.9-9.9 9910.0 90  7.0   0  0.3 1.4-9.9
5281120220624 15.3  4.7  1.019999-99.9-99.9-99.9-99.9 2.7 26 9.9 84  6.8   2  1.8 6.3 1.5
5281120220625 12.7  6.3  0.219999-99.9-99.9-99.9-99.9-9.9 9912.2 94  9.9   4  3.3 0.8-9.9
5281120220626 11.3  9.3  0.519999-99.9-99.9-99.9-99.9-9.9 9912.2100  9.9   0  0.2 0.4-9.9
5281120220627 13.4 10.6  1.219999-99.9-99.9-99.9-99.9-9.9 9913.8100 11.8   1  0.9 0.4-9.9
5281120220628 18.8  6.9  0.219999-99.9-99.9-99.9-99.9 2.0 1912.2 86  9.8   5  4.4 5.6 3.3
5281120220629 21.6  3.6  0.009999-99.9-99.9-99.9-99.9 5.2 5010.5 74  7.5   8  6.4 8.9 5.4
5281120220630 20.9  1.3  0.009999-99.9-99.9-99.9-99.9 4.7 4610.9 81  8.0   3  2.1 8.5 2.2
5281120220701 27.4  8.7  0.009999-99.9-99.9-99.9-99.9 4.4 4315.4 72 13.4   8  6.1 8.2 6.1
5281120220702 22.0  9.9  0.009999-99.9-99.9-99.9-99.9 4.9 48 9.6 52  5.7   7  6.0 8.712.0
5281120220703 18.4  3.8  0.009999-99.9-99.9-99.9-99.9-9.9 99 9.8 69  6.5   0  0.1 2.9-9.9
5281120220704 20.8 11.5  0.009999-99.9-99.9-99.9-99.9 0.5  512.1 63  9.7   3  2.4 4.1 3.9
5281120220705 21.7  9.9  0.009999-99.9-99.9-99.9-99.9 1.7 1611.4 66  8.8   2  1.6 5.3 3.2
5281120220706 21.2  9.0  0.009999-99.9-99.9-99.9-99.9-9.9 9915.3 93 13.2   0  0.2 2.6-9.9
5281120220707 20.5  9.4  0.009999-99.9-99.9-99.9-99.9 4.1 40 8.5 43  3.2  10  8.1 8.014.3
5281120220708 21.8 12.5  0.009999-99.9-99.9-99.9-99.9 2.4 24 9.3 52  5.4   1  0.6 6.2 2.4
5281120220709 32.8 11.3  0.009999-99.9-99.9-99.9-99.9 4.6 4517.3 66 15.1   9  6.9 8.5 9.3
5281120220710 25.0 16.2  0.009999-99.9-99.9-99.9-99.9 3.0 2915.1 67 12.9  13 10.1 6.915.7
5281120220711 17.5  6.3  0.009999-99.9-99.9-99.9-99.9 0.6  6 7.6 55  3.0  16 13.2 4.323.7
5281120220712 18.4 -1.4  0.009999-99.9-99.9-99.9-99.9 5.2 50 7.3 62  2.4   2  1.9 9.3 2.9
5281120220713 23.0  3.9  0.009999-99.9-99.9-99.9-99.9 4.3 41 8.8 55  5.0  11  9.2 8.312.6
5281120220714 28.7  7.6  0.009999-99.9-99.9-99.9-99.9 5.1 4912.6 65 10.3   2  1.6 9.2 3.8
5281120220715 18.5 11.6  0.009999-99.9-99.9-99.9-99.9 1.2 1112.1 77  9.7  16 13.1 5.011.0
5281120220716 15.1  6.2  0.009999-99.9-99.9-99.9-99.9 1.5 14 9.0 77  5.4  14 11.1 5.410.5
5281120220717 18.7 -2.8  0.009999-99.9-99.9-99.9-99.9 5.3 51 7.5 66  2.7   5  3.8 9.6 4.1
5281120220718 21.1  3.7  0.009999-99.9-99.9-99.9-99.9 1.1 11 9.9 70  6.8   3  2.3 5.0 2.6
5281120220719 22.3  3.1  0.009999-99.9-99.9-99.9-99.9 4.2 40 9.0 60  5.3   1  0.5 8.4 2.0
5281120220720 27.1  8.6  0.009999-99.9-99.9-99.9-99.9 3.8 3613.0 65 10.8   3  2.4 8.0 4.0
5281120220721 29.8 13.3  0.009999-99.9-99.9-99.9-99.9 3.1 2916.6 71 14.6   4  3.1 7.3 5.1
5281120220722 28.5 14.5  0.009999-99.9-99.9-99.9-99.9 4.2 4018.5 81 16.2   3  2.5 8.5 3.6
5281120220723 28.3 13.0  0.009999-99.9-99.9-99.9-99.9 2.2 2118.6 79 16.3   0  0.2 6.4 1.5
5281120220724 33.3 17.5  0.009999-99.9-99.9-99.9-99.9 3.4 3220.0 70 17.5   1  0.6 7.7 2.6
5281120220725 30.5 16.5  0.009999-99.9-99.9-99.9-99.9 3.9 3620.4 78 17.8   2  2.0 8.3 3.6
5281120220726 37.5 14.9  0.009999-99.9-99.9-99.9-99.9 3.7 3518.2 66 16.0   5  3.8 8.1 7.8
5281120220727 26.0 16.6  0.009999-99.9-99.9-99.9-99.9 3.8 3618.8 81 16.5  10  7.7 8.3 6.8
5281120220728 19.4  8.9  0.009999-99.9-99.9-99.9-99.9-9.9 9910.5 65  7.2  14 11.5 2.9-9.9
5281120220729 23.0  0.2  0.009999-99.9-99.9-99.9-99.9 5.7 53 6.4 48  0.4   0  0.210.5 2.0
5281120220730 25.4  5.2  0.009999-99.9-99.9-99.9-99.9 5.9 55 6.4 39  0.6   7  5.510.812.4
5281120220731 27.4  4.5  0.009999-99.9-99.9-99.9-99.9 5.5 51 8.2 48  4.1   2  1.310.4 4.1
5281120220801 27.4  6.6  0.009999-99.9-99.9-99.9-99.9 5.3 5010.3 53  7.3   4  2.910.3 6.8
5281120220802 29.3 13.1 19.819999-99.9-99.9-99.9-99.9 4.3 4014.4 58 12.3   2  1.5 9.1 4.1
5281120220803 21.3 13.5 21.519999-99.9-99.9-99.9-99.9-9.9 9916.6100 14.5  14 11.2 0.3-9.9
5281120220804 20.5  9.2  0.009999-99.9-99.9-99.9-99.9 5.7 5311.8 78  9.2  11  8.911.0 9.5
5281120220805 21.4  2.8  0.009999-99.9-99.9-99.9-99.9 6.2 57 9.0 66  5.4   5  3.611.5 5.0
5281120220806 20.5  6.4  0.009999-99.9-99.9-99.9-99.9 5.8 5311.5 80  9.0   3  2.611.1 3.5
5281120220807 19.5  7.1  0.009999-99.9-99.9-99.9-99.9 3.3 3012.4 85 10.0   1  0.9 8.2 1.5
5281120220808 18.9  8.1  0.009999-99.9-99.9-99.9-99.9 4.2 3912.3 85 10.0   5  4.2 9.4 3.8
5281120220809 16.5  6.9  0.009999-99.9-99.9-99.9-99.9 0.8  710.8 87  8.0   9  6.9 5.2 4.7
5281120220810 20.7  0.6  0.009999-99.9-99.9-99.9-99.9 5.5 50 9.1 68  5.4   7  5.211.1 5.3
5281120220811 23.7  6.6  0.009999-99.9-99.9-99.9-99.9 6.4 5810.5 63  7.7   8  6.812.2 9.5
5281120220812 27.2 10.1  0.009999-99.9-99.9-99.9-99.9 4.4 4011.9 60  9.5   7  5.6 9.9 9.3
5281120220813 29.8  8.8  0.009999-99.9-99.9-99.9-99.9 6.3 5713.4 62 11.2   4  2.912.2 6.5
5281120220814 33.6 13.6  0.009999-99.9-99.9-99.9-99.9 6.0 5516.1 60 14.0   3  2.612.0 6.7
5281120220815 22.8 12.6  0.009999-99.9-99.9-99.9-99.9 4.6 4210.9 51  7.1  15 11.910.321.8
5281120220816 26.6  1.5  0.009999-99.9-99.9-99.9-99.9 6.4 58 7.1 41  1.9   8  6.712.613.0
5281120220817 20.5 10.1  0.009999-99.9-99.9-99.9-99.9 3.2 29 8.7 56  4.4  16 12.6 8.720.3
5281120220818 17.8  2.7  0.009999-99.9-99.9-99.9-99.9 6.2 56 5.3 46 -1.9   8  6.612.512.5
5281120220819 20.9  0.0  0.009999-99.9-99.9-99.9-99.9 6.9 62 4.3 33 -4.7   5  4.313.5 9.6
5281120220820 22.7  1.6  0.009999-99.9-99.9-99.9-99.9 6.9 62 5.0 37 -2.9   7  5.313.612.1
5281120220821 24.3  3.2  0.009999-99.9-99.9-99.9-99.9 7.1 63 6.5 46  0.8   2  1.313.9 4.6
5281120220822 24.2  4.5  0.009999-99.9-99.9-99.9-99.9 6.4 57 8.5 54  4.5   2  1.713.1 4.8
5281120220823 30.4  8.1  0.009999-99.9-99.9-99.9-99.9 6.0 5411.6 51  9.0   3  2.212.7 5.9
5281120220824 34.3 10.7  0.009999-99.9-99.9-99.9-99.9 6.0 5316.7 64 14.6   2  1.212.7 4.6
5281120220825 36.0 18.6  0.009999-99.9-99.9-99.9-99.9 5.3 4717.8 54 15.6   3  2.111.9 7.3
5281120220826 37.3 15.6  0.009999-99.9-99.9-99.9-99.9 5.5 4917.2 57 14.9   6  5.112.213.3
5281120220827 27.1 16.6  0.009999-99.9-99.9-99.9-99.9 3.9 3510.8 33  6.7  18 14.010.2-9.9
5281120220828 18.9  7.7  0.009999-99.9-99.9-99.9-99.9 5.4 48 5.5 40 -1.5   6  4.612.311.8
5281120220829 19.8  2.1  0.009999-99.9-99.9-99.9-99.9 3.3 29 6.0 47 -0.2   4  3.6 9.5 7.0
5281120220830 24.1  7.7  0.009999-99.9-99.9-99.9-99.9 4.7 41 7.9 44  3.5   4  3.211.5 7.9
5281120220831 31.6 10.8  0.009999-99.9-99.9-99.9-99.9 6.2 5412.8 48 10.5   8  6.513.613.9
5281120220901 27.4 13.8  4.219999-99.9-99.9-99.9-99.9 2.8 2517.0 87 14.9   7  5.9 9.0 9.1
5281120220902 22.4  9.9  0.009999-99.9-99.9-99.9-99.9 6.9 60 9.7 56  6.2  11  9.014.714.9
5281120220903 23.4 -0.1  0.009999-99.9-99.9-99.9-99.9 7.4 64 6.1 41 -0.3   2  1.615.4 5.4
5281120220904 24.3  4.7  0.009999-99.9-99.9-99.9-99.9 5.5 48 5.3 36 -2.0   4  2.812.9 8.4
5281120220905 25.7  3.3  0.009999-99.9-99.9-99.9-99.9 7.3 63 6.1 34 -0.2   2  1.915.5 6.8
5281120220906 29.5  4.8  0.009999-99.9-99.9-99.9-99.9 7.4 64 6.6 36  0.9   4  3.215.710.3
5281120220907 33.9  9.6  0.009999-99.9-99.9-99.9-99.9 7.1 61 7.9 28  3.5  13 10.515.3-9.9
5281120220908 23.3 15.9  0.009999-99.9-99.9-99.9-99.9 4.4 3710.6 49  7.8  16 13.211.6-9.9
5281120220909 19.9  8.3  0.009999-99.9-99.9-99.9-99.9 7.1 61 7.0 48  1.8  15 11.815.624.7
5281120220910 23.6  0.1  0.009999-99.9-99.9-99.9-99.9 7.5 64 5.3 32 -2.1   2  2.016.3 6.6
5281120220911 24.2  4.8  0.009999-99.9-99.9-99.9-99.9 7.4 63 6.0 37 -0.5   3  2.316.2 7.7
5281120220912 27.0  1.7  0.009999-99.9-99.9-99.9-99.9 7.5 64 7.3 43  2.4   1  0.616.4 4.2
5281120220913 26.3  5.0  0.009999-99.9-99.9-99.9-99.9 7.3 62 7.1 37  2.0   2  1.716.2 6.8
5281120220914 26.6  3.9  0.009999-99.9-99.9-99.9-99.9 7.2 61 8.3 41  4.1   1  1.216.1 5.4
5281120220915 28.7  8.2  0.009999-99.9-99.9-99.9-99.9 7.8 65 7.8 35  3.3   5  4.317.113.1
5281120220916 30.3 10.4  0.009999-99.9-99.9-99.9-99.9 7.8 66 8.5 33  4.2  14 10.817.3-9.9
5281120220917 34.1 14.0  0.009999-99.9-99.9-99.9-99.9 6.7 5610.4 32  7.5  16 12.815.7-9.9
5281120220918 35.0 20.1  0.009999-99.9-99.9-99.9-99.9 6.1 5113.9 42 11.8  12  9.414.9-9.9
5281120220919 22.4 14.3  0.009999-99.9-99.9-99.9-99.9 3.7 3114.8 73 12.8  12  9.411.411.3
5281120220920 20.5 12.9  0.819999-99.9-99.9-99.9-99.9-9.9 9913.9 75 11.8   3  2.3 5.0-9.9
5281120220921 15.8  9.8  2.219999-99.9-99.9-99.9-99.9-9.9 9913.1100 10.9  12  9.6 0.9-9.9
5281120220922 23.3  2.2  0.009999-99.9-99.9-99.9-99.9 8.1 67 8.0 53  3.7   1  1.018.3 4.5
5281120220923 27.9  4.9  0.009999-99.9-99.9-99.9-99.9 8.2 68 7.6 37  2.9   5  4.318.412.5
5281120220924 28.2  8.2  0.009999-99.9-99.9-99.9-99.9 7.9 65 8.4 36  4.4   8  6.718.117.9
5281120220925 28.7  9.6  0.009999-99.9-99.9-99.9-99.9 7.5 6210.5 43  7.7   3  2.317.6 8.3
5281120220926 30.2 10.2  0.009999-99.9-99.9-99.9-99.9 7.6 6310.6 46  7.7   1  1.217.8 6.4
5281120220927 29.4 14.8  0.009999-99.9-99.9-99.9-99.9 6.2 5110.3 38  7.4   5  3.915.712.5
5281120220928 25.8 16.2  0.009999-99.9-99.9-99.9-99.9 1.6 1311.1 44  8.4   5  4.0 8.711.1
5281120220929 26.4  8.7  0.009999-99.9-99.9-99.9-99.9 6.8 5510.3 44  7.3   2  1.316.8 6.0
5281120220930 28.9  8.1  0.009999-99.9-99.9-99.9-99.9 7.6 6210.7 45  7.8   1  1.018.1 5.6
5281120221001 31.2 10.7  0.009999-99.9-99.9-99.9-99.9 8.0 6511.1 41  8.4   3  2.818.910.0
5281120221002 30.5 12.2  0.009999-99.9-99.9-99.9-99.9 8.0 6510.6 39  7.4   3  2.218.9 9.2
5281120221003 31.4 10.7  0.009999-99.9-99.9-99.9-99.9 8.5 69 8.9 31  5.0  10  7.719.823.3
5281120221004 33.1 13.1  0.009999-99.9-99.9-99.9-99.9 7.8 63 9.9 31  6.8  13 10.218.8-9.9
5281120221005 35.4 15.0  3.219999-99.9-99.9-99.9-99.9 4.3 3513.2 55 10.9  14 11.313.3-9.9
5281120221006 24.6 13.4  0.009999-99.9-99.9-99.9-99.9 2.8 2313.6 67 11.5  11  8.611.012.0
5281120221007 33.6  8.2  0.009999-99.9-99.9-99.9-99.9 8.4 6710.8 40  7.9   7  5.219.914.7
5281120221008 26.4 15.6  0.009999-99.9-99.9-99.9-99.9 7.4 59 7.6 25  1.7  18 14.118.4-9.9
5281120221009 22.1  8.5  0.009999-99.9-99.9-99.9-99.9 7.7 61 4.8 28 -3.6   4  3.019.010.9
5281120221010 24.1  8.0  0.009999-99.9-99.9-99.9-99.9 8.4 67 6.6 31  1.0   6  4.520.213.5
5281120221011 27.0  6.2  0.009999-99.9-99.9-99.9-99.9 8.2 65 7.5 33  2.9   1  1.120.0 6.5
5281120221012 31.9  9.7  0.009999-99.9-99.9-99.9-99.9 8.5 67 8.2 29  3.9   5  3.820.513.9
5281120221013 27.8 13.8  0.009999-99.9-99.9-99.9-99.9 7.3 58 8.5 35  4.1  14 11.118.6-9.9
5281120221014 21.7 13.1  0.009999-99.9-99.9-99.9-99.9-9.9 99 9.1 55  5.4  10  7.6 5.2-9.9
5281120221015 26.1 11.3  0.009999-99.9-99.9-99.9-99.9 2.3 1812.4 60 10.0   7  5.510.5 9.3
5281120221016 30.0 11.8  0.009999-99.9-99.9-99.9-99.9 7.6 6013.3 49 11.1   3  2.119.3 8.1
5281120221017 23.7 15.6  0.009999-99.9-99.9-99.9-99.9-9.9 9913.0 61 10.8   3  2.0 6.5-9.9
5281120221018 30.1  9.6  1.219999-99.9-99.9-99.9-99.9 7.4 5814.1 52 12.0   2  1.919.2 7.1
5281120221019 24.6 16.4 26.519999-99.9-99.9-99.9-99.9-9.9 9918.8 85 16.4   4  3.6 6.1-9.9
5281120221020 29.2 16.2  0.219999-99.9-99.9-99.9-99.9 6.7 5219.4 83 16.9   6  5.118.0 8.7
5281120221021 32.0 13.0  0.009999-99.9-99.9-99.9-99.9 8.9 6915.5 53 13.3   1  0.721.7 6.3
5281120221022 26.3 13.6  0.009999-99.9-99.9-99.9-99.9 7.6 5915.5 67 13.5  11  8.519.814.9
5281120221023 29.3 13.7  0.009999-99.9-99.9-99.9-99.9 5.6 4316.6 66 14.6   4  3.216.3 7.4
5281120221024 35.2 16.4  0.009999-99.9-99.9-99.9-99.9 8.2 6316.0 43 14.0  11  8.720.823.5
5281120221025 38.2 19.8  0.219999-99.9-99.9-99.9-99.9 8.0 6115.4 34 13.4  16 12.620.5-9.9
5281120221026 29.9 18.7  0.009999-99.9-99.9-99.9-99.9 5.0 3818.7 72 16.3  11  9.115.619.0
5281120221027 33.9 10.1  0.009999-99.9-99.9-99.9-99.9 9.0 6913.1 42 10.7   3  2.222.3 9.7
5281120221028 36.5 16.4  0.009999-99.9-99.9-99.9-99.9 8.8 6712.9 31 10.6  10  8.022.0-9.9
5281120221029 41.6 22.9  0.009999-99.9-99.9-99.9-99.9 8.4 6419.9 38 17.2   7  5.321.420.1
5281120221030 32.6 16.3  0.009999-99.9-99.9-99.9-99.9-9.9 9913.4 42  9.5  25 20.2 7.0-9.9
5281120221031 20.7 12.3  0.009999-99.9-99.9-99.9-99.9 8.6 65 6.0 34 -0.5  16 13.021.8-9.9
5281120221101 24.9  1.4  0.009999-99.9-99.9-99.9-99.9 9.8 75 5.6 26 -1.3   2  1.524.0 7.7
5281120221102 28.5  8.4  0.009999-99.9-99.9-99.9-99.9 9.9 75 6.6 25  0.9   5  4.224.115.7
5281120221103 30.1  9.5  0.009999-99.9-99.9-99.9-99.9 9.6 73 7.8 28  3.4   6  5.023.818.0
5281120221104 32.9 11.3  0.009999-99.9-99.9-99.9-99.9 8.6 65 9.0 30  5.4   6  4.922.117.9
5281120221105 33.2 13.5  0.009999-99.9-99.9-99.9-99.9 9.0 6810.6 30  7.7   7  5.222.818.9
5281120221106 33.9 13.5  0.009999-99.9-99.9-99.9-99.9 8.9 6711.1 30  8.3   6  4.822.618.1
5281120221107 34.1 16.2  0.009999-99.9-99.9-99.9-99.9 6.1 4611.2 32  8.6   6  5.018.018.2
5281120221108 33.4 18.4  0.009999-99.9-99.9-99.9-99.9 7.5 5610.2 29  7.1   8  6.220.422.8
5281120221109 34.9 16.0  0.009999-99.9-99.9-99.9-99.9 6.8 5111.0 29  8.3   8  6.719.123.6
5281120221110 32.4 21.5  0.009999-99.9-99.9-99.9-99.9 5.7 4216.2 53 14.0  10  7.917.322.8
5281120221111 34.2 14.2  0.009999-99.9-99.9-99.9-99.9 8.0 5917.1 46 15.0   4  3.121.311.2
5281120221112 32.0 20.2 11.019999-99.9-99.9-99.9-99.9 4.1 3020.3 50 17.7   8  6.514.615.9
5281120221113 27.0 17.3  0.009999-99.9-99.9-99.9-99.9 2.4 1820.6 87 17.9   7  5.611.7 7.5
5281120221114 32.0 12.2  0.009999-99.9-99.9-99.9-99.9 9.8 7212.4 42  9.9   3  2.824.511.5
5281120221115 37.5 15.5  0.009999-99.9-99.9-99.9-99.9 9.4 6910.2 24  7.2   3  2.223.912.8
5281120221116 38.9 18.2  0.009999-99.9-99.9-99.9-99.9 9.3 6911.6 23  9.1  10  7.923.8-9.9
5281120221117 38.7 18.7  0.009999-99.9-99.9-99.9-99.9 9.9 7311.2 23  8.4  12  9.724.7-9.9
5281120221118 40.2 20.7  0.009999-99.9-99.9-99.9-99.9 9.2 6812.8 26 10.5  10  8.323.7-9.9
5281120221119 40.1 21.7  0.009999-99.9-99.9-99.9-99.9 7.6 5612.4 21  9.9   8  6.521.0-9.9
5281120221120 32.0 23.1  1.519999-99.9-99.9-99.9-99.9 1.8 1321.4 63 18.5   4  3.410.9 9.8
5281120221121 24.4 16.2  2.219999-99.9-99.9-99.9-99.9-9.9 9918.7 84 16.3  13 10.7 7.7-9.9
5281120221122 30.1 10.7  0.009999-99.9-99.9-99.9-99.9 9.9 7212.5 45 10.2   2  1.724.9 8.7
5281120221123 37.3 13.9  0.009999-99.9-99.9-99.9-99.9 9.7 7111.7 29  9.2   3  2.124.712.0
5281120221124 40.1 18.0  0.009999-99.9-99.9-99.9-99.9 9.8 7112.5 26 10.2   4  3.424.817.1
5281120221125 40.0 20.1  0.009999-99.9-99.9-99.9-99.9 9.7 7112.4 24 10.1   5  4.024.719.8
5281120221126 40.1 19.7  0.009999-99.9-99.9-99.9-99.9 9.6 7012.9 24 10.7   5  4.324.520.8
5281120221127 38.7 18.6  0.009999-99.9-99.9-99.9-99.9 9.9 7213.7 32 11.5   2  1.825.112.4
5281120221128 39.5 22.9  0.009999-99.9-99.9-99.9-99.9 9.1 6617.4 33 15.2   4  3.323.716.4
5281120221129 39.4 22.0  0.009999-99.9-99.9-99.9-99.9 7.6 5515.3 33 13.0   4  2.921.115.0
5281120221130 38.1 20.0  0.009999-99.9-99.9-99.9-99.9 7.1 5217.5 44 15.3  11  8.820.3-9.9
5281120221201 32.9 20.3  0.009999-99.9-99.9-99.9-99.9 6.6 4816.4 47 14.3  12  9.719.5-9.9
5281120221202 34.7 17.3  0.009999-99.9-99.9-99.9-99.9 9.7 7014.2 39 11.9   3  2.824.813.2
5281120221203 37.6 14.9  0.009999-99.9-99.9-99.9-99.9 8.6 6212.4 30 10.1   1  1.023.0 9.3
5281120221204 38.9 19.5  0.009999-99.9-99.9-99.9-99.9 9.6 6913.3 32 11.0   2  1.724.712.1
5281120221205 40.9 20.7  0.009999-99.9-99.9-99.9-99.9 9.9 7212.8 25 10.4   3  2.425.315.1
5281120221206 42.6 24.7  0.009999-99.9-99.9-99.9-99.9 9.3 6716.3 29 14.1   4  3.524.218.4
5281120221207 44.8 24.6  0.009999-99.9-99.9-99.9-99.9 9.3 6715.7 24 13.6   8  6.124.2-9.9
5281120221208 39.6 29.5  0.009999-99.9-99.9-99.9-99.9 8.5 6121.5 37 18.6  11  8.522.9-9.9
5281120221209 45.3 26.1 29.519999-99.9-99.9-99.9-99.9 8.1 5822.7 34 19.4   9  7.222.2-9.9
5281120221210 38.9 21.7  5.819999-99.9-99.9-99.9-99.9-9.9 9928.5 91 23.2   7  5.3 6.5-9.9
5281120221211 36.7 21.4  0.009999-99.9-99.9-99.9-99.9 8.8 6326.7 63 22.1   0  0.223.3 7.0
5281120221212 38.8 23.7  0.009999-99.9-99.9-99.9-99.9 7.9 5726.2 55 21.7   2  1.521.9 9.7
5281120221213 35.2 18.7  0.009999-99.9-99.9-99.9-99.910.3 7413.1 28 10.6   1  0.926.1 9.6
5281120221214 39.2 19.8  0.819999-99.9-99.9-99.9-99.910.1 7213.8 29 11.8   7  5.925.624.0
5281120221215 34.5 21.2  0.219999-99.9-99.9-99.9-99.9 5.2 3718.9 55 16.5   4  3.017.011.6
5281120221216 34.2 20.1  0.219999-99.9-99.9-99.9-99.9 9.2 6616.8 41 14.3   6  5.224.117.8
5281120221217 26.0 16.4  3.019999-99.9-99.9-99.9-99.9-9.9 9916.7 88 14.3   2  1.4 5.5-9.9
5281120221218 32.5 14.6  0.009999-99.9-99.9-99.9-99.9 7.6 5416.0 53 13.9   1  0.721.3 6.8
5281120221219 36.2 16.4  0.009999-99.9-99.9-99.9-99.9 9.7 6914.4 32 12.3   2  1.425.010.2
5281120221220 38.7 19.8  0.009999-99.9-99.9-99.9-99.9 9.2 6616.6 35 14.5   6  4.424.218.9
5281120221221 39.4 20.6  0.009999-99.9-99.9-99.9-99.9 9.2 6616.1 31 14.1   5  4.024.218.5
5281120221222 40.0 20.7  0.009999-99.9-99.9-99.9-99.9 6.6 4817.8 35 15.7   7  5.319.720.5
5281120221223 35.5 18.7 22.519999-99.9-99.9-99.9-99.9-9.9 9921.2 81 18.4  11  8.6 4.9-9.9
5281120221224 28.5 19.4  0.009999-99.9-99.9-99.9-99.9 4.1 3022.6 76 19.4  12  9.515.311.6
5281120221225 30.4 18.4  0.009999-99.9-99.9-99.9-99.9 9.5 6815.4 47 13.3   5  4.224.614.4
5281120221226 31.5 17.6 31.219999-99.9-99.9-99.9-99.9 7.3 5315.0 46 12.9   1  0.720.9 6.9
5281120221227 30.4 17.6  3.019999-99.9-99.9-99.9-99.9 4.8 3521.3 75 18.4   2  1.716.5 6.1
5281120221228 35.6 17.9  1.019999-99.9-99.9-99.9-99.9 9.0 6520.0 59 17.3   2  1.223.8 8.6
5281120221229 35.2 19.1  0.009999-99.9-99.9-99.9-99.9 9.8 7119.5 49 17.0   3  2.325.310.8
5281120221230 38.7 21.0  0.009999-99.9-99.9-99.9-99.9 9.5 6919.4 40 17.0   3  2.724.813.6
5281120221231 39.4 25.2  0.009999-99.9-99.9-99.9-99.9 7.2 5218.0 36 15.8  10  7.720.7-9.9
5281120230101 34.2 25.9  1.819999-99.9-99.9-99.9-99.9 4.4 3220.0 50 17.3  11  8.915.8-9.9
5281120230102 34.5 16.6  0.009999-99.9-99.9-99.9-99.910.2 7414.9 40 12.4   5  3.726.015.5
5281120230103 35.7 15.7  0.009999-99.9-99.9-99.9-99.9 8.3 6012.3 30 10.0   2  1.222.5 9.8
5281120230104 36.4 17.3  0.009999-99.9-99.9-99.9-99.9 9.4 6814.2 31 12.2   2  1.324.610.2
5281120230105 37.7 17.6  0.009999-99.9-99.9-99.9-99.910.0 7211.8 25  9.4   2  1.325.611.0
5281120230106 39.9 16.2  0.009999-99.9-99.9-99.9-99.9 9.5 6913.0 25 10.8   4  2.924.715.7
5281120230107 39.2 22.2  0.009999-99.9-99.9-99.9-99.9 8.9 6515.5 30 13.5   5  3.823.618.6
5281120230108 38.7 22.4  0.009999-99.9-99.9-99.9-99.9 7.2 5214.4 30 12.4   4  3.020.615.6
5281120230109 40.1 18.8  0.009999-99.9-99.9-99.9-99.9 8.9 6513.9 26 11.8   2  1.923.612.6
5281120230110 41.2 22.9  0.009999-99.9-99.9-99.9-99.9 8.0 5814.0 25 11.9   3  2.621.915.3
5281120230111 33.6 21.7  3.819999-99.9-99.9-99.9-99.9 2.7 2019.8 57 17.0  10  8.212.720.5
5281120230112 30.1 20.1 14.819999-99.9-99.9-99.9-99.9 1.3  922.5 64 19.3   7  5.810.2 8.8
5281120230113 32.8 18.8  0.009999-99.9-99.9-99.9-99.9 8.2 6019.6 62 17.0   5  4.122.311.7
5281120230114 36.1 15.9  0.009999-99.9-99.9-99.9-99.9 9.6 7015.5 37 13.2   2  1.624.710.2
5281120230115 36.8 19.3  0.009999-99.9-99.9-99.9-99.9 9.6 7014.7 34 12.6   4  3.524.816.5
5281120230116 37.5 20.0  0.009999-99.9-99.9-99.9-99.9 9.5 6914.7 31 12.7   3  2.524.513.9
5281120230117 41.4 22.0 31.519999-99.9-99.9-99.9-99.9 8.3 6019.6 38 17.1   4  3.222.315.4
5281120230118 34.7 21.0  0.519999-99.9-99.9-99.9-99.9 5.9 4325.4 74 21.3   9  7.518.216.6
5281120230119 40.5 22.1  0.009999-99.9-99.9-99.9-99.9 8.5 6227.5 58 22.6   1  1.122.6 8.6
5281120230120 42.9 27.1  0.009999-99.9-99.9-99.9-99.9 9.0 6622.4 36 19.1  10  7.923.5-9.9
5281120230121 36.0 24.3  0.009999-99.9-99.9-99.9-99.9 3.6 2624.3 71 20.6   7  5.814.014.3
5281120230122 37.3 17.9  0.009999-99.9-99.9-99.9-99.9 9.4 6922.3 55 19.1   1  0.624.2 7.9
5281120230123 39.8 21.6  0.009999-99.9-99.9-99.9-99.9 9.4 6919.8 36 17.0   1  1.124.1 9.8
5281120230124 41.1 24.1  7.819999-99.9-99.9-99.9-99.9 8.6 6421.2 47 18.3   6  4.422.818.3
5281120230125 29.2 21.5 13.019999-99.9-99.9-99.9-99.9 2.1 1626.9 93 22.2   4  3.411.4 5.7
5281120230126 36.6 21.7  0.009999-99.9-99.9-99.9-99.9 8.6 6328.8 66 23.4   3  2.422.6 9.3
5281120230127 41.2 21.5 56.819999-99.9-99.9-99.9-99.9 5.0 3727.7 67 22.7  11  8.816.317.8
5281120230128 33.4 21.1  0.009999-99.9-99.9-99.9-99.9 6.8 5027.7 80 22.7   1  0.619.5 5.8
5281120230129 35.9 23.2  0.009999-99.9-99.9-99.9-99.9 6.6 4929.1 69 23.6   1  0.819.1 6.8
5281120230130 35.7 24.2  0.009999-99.9-99.9-99.9-99.9 5.8 4328.2 70 23.0   1  0.717.7 6.3
5281120230131 37.6 22.2  0.009999-99.9-99.9-99.9-99.9 8.8 6624.7 56 20.7   0  0.322.9 7.2
5281120230201 38.9 22.3  0.009999-99.9-99.9-99.9-99.9 9.1 6821.2 45 18.4   1  0.523.3 8.1
5281120230202 30.1 20.8  0.009999-99.9-99.9-99.9-99.9 2.2 1721.6 70 18.7   8  6.311.412.4
5281120230203 32.5 19.9  0.009999-99.9-99.9-99.9-99.9 5.4 4122.2 68 19.1   4  3.516.9 9.0
5281120230204 32.6 18.2  0.009999-99.9-99.9-99.9-99.9 8.5 6318.8 54 16.4   2  1.822.1 8.9
5281120230205 34.0 17.0  0.009999-99.9-99.9-99.9-99.9 9.1 6816.2 43 14.2   2  1.423.1 8.8
5281120230206 38.1 18.9  0.009999-99.9-99.9-99.9-99.9 9.1 6816.1 37 14.1   2  1.723.110.7
5281120230207 41.0 21.2  0.009999-99.9-99.9-99.9-99.9 8.6 6517.9 40 15.8   2  1.322.310.0
5281120230208 37.6 25.3  3.219999-99.9-99.9-99.9-99.9 4.7 3622.5 57 19.3   4  3.615.512.4
5281120230209 28.7 22.0  2.819999-99.9-99.9-99.9-99.9 0.1  126.1 96 21.8   1  1.1 7.6 3.2
5281120230210 33.5 18.7  0.009999-99.9-99.9-99.9-99.9 8.1 6226.8 69 22.2   1  0.721.3 6.4
5281120230211 38.4 22.8  0.009999-99.9-99.9-99.9-99.9 8.4 6428.4 59 23.2   5  3.721.712.1
5281120230212 39.3 26.2  0.009999-99.9-99.9-99.9-99.9 8.6 6525.5 51 21.4   9  7.621.923.2
5281120230213 36.7 25.6  0.009999-99.9-99.9-99.9-99.9 6.9 5327.4 61 22.5   4  3.119.011.4
5281120230214 39.5 22.8  2.019999-99.9-99.9-99.9-99.9 8.2 6327.5 66 22.6   2  1.621.2 9.0
5281120230215 36.4 21.7  8.019999-99.9-99.9-99.9-99.9 8.3 6425.4 59 21.3   1  0.421.4 6.8
5281120230216 29.9 19.1  9.519999-99.9-99.9-99.9-99.9 1.1  922.7 81 19.4  11  9.1 9.112.2
5281120230217 23.7 14.2  0.009999-99.9-99.9-99.9-99.9 3.2 2411.0 58  8.0   6  5.012.510.7
5281120230218 22.4  4.4  0.009999-99.9-99.9-99.9-99.9 7.5 58 9.6 54  6.3   1  0.619.8 4.8
5281120230219 28.1 12.2  0.009999-99.9-99.9-99.9-99.9 9.2 7111.9 52  9.5   3  2.822.5 9.8
5281120230220 31.0 12.8  0.009999-99.9-99.9-99.9-99.9 9.0 7014.2 47 12.1   1  1.022.2 7.1
5281120230221 35.3 16.4  1.219999-99.9-99.9-99.9-99.9 6.5 5120.9 56 18.0   2  1.418.0 6.8
5281120230222 28.1 21.2  7.219999-99.9-99.9-99.9-99.9-9.9 9924.7 94 20.8   3  2.7 3.9-9.9
5281120230223 33.6 19.6  0.009999-99.9-99.9-99.9-99.9 7.7 6025.7 77 21.5   1  1.019.8 6.0
5281120230224 32.4 19.7  0.009999-99.9-99.9-99.9-99.9 7.6 6024.8 74 20.9   0  0.419.7 5.7
5281120230225 35.9 17.2  2.519999-99.9-99.9-99.9-99.9 5.3 4123.9 76 20.3   1  0.915.7 5.1
5281120230226 35.1 16.6  0.009999-99.9-99.9-99.9-99.9 6.9 5423.6 72 20.1   0  0.018.3 5.0
5281120230227 36.3 18.9  0.009999-99.9-99.9-99.9-99.9 7.5 5924.0 60 20.3   1  1.019.2 7.0
5281120230228 36.1 21.7  0.009999-99.9-99.9-99.9-99.9 7.4 5925.1 61 21.1   4  3.419.111.1
5281120230301 34.5 21.6  0.819999-99.9-99.9-99.9-99.9 1.2 1027.3 81 22.5   2  1.6 8.8 4.4
5281120230302 34.3 20.4  0.009999-99.9-99.9-99.9-99.9 6.6 5225.7 75 21.5   1  0.917.5 5.5
5281120230303 32.6 20.5  0.009999-99.9-99.9-99.9-99.9 6.2 4925.5 80 21.4   1  0.516.8 5.0
5281120230304 36.7 19.5  0.009999-99.9-99.9-99.9-99.9 7.5 5926.0 66 21.7   0  0.218.8 5.5
5281120230305 37.3 19.4  0.009999-99.9-99.9-99.9-99.9 6.5 5224.5 56 20.7   5  3.917.311.7
5281120230306 36.2 21.9  7.019999-99.9-99.9-99.9-99.9 7.2 5821.9 55 18.9   7  5.218.315.5
5281120230307 32.0 20.9  0.009999-99.9-99.9-99.9-99.9 4.3 3425.5 80 21.4   3  2.713.5 6.5
5281120230308 34.9 19.2  0.009999-99.9-99.9-99.9-99.9 8.1 6526.0 78 21.7   0  0.319.5 5.6
5281120230309 36.3 20.4  0.009999-99.9-99.9-99.9-99.9 8.0 6425.0 57 21.0   1  0.919.3 7.0
5281120230310 37.9 23.8  0.009999-99.9-99.9-99.9-99.9 7.6 6128.6 60 23.3   2  1.318.5 7.6
5281120230311 38.0 22.0  0.009999-99.9-99.9-99.9-99.9 7.7 6226.3 59 21.9   4  3.218.611.0
5281120230312 38.6 25.4  0.009999-99.9-99.9-99.9-99.9 6.9 5626.1 55 21.7   2  1.617.3 8.6
5281120230313 39.0 22.6  0.009999-99.9-99.9-99.9-99.9 7.2 5824.9 56 21.0   3  2.217.7 9.9
5281120230314 36.9 24.4  0.009999-99.9-99.9-99.9-99.9 5.2 4227.5 67 22.6   2  1.514.5 6.8
5281120230315 38.0 22.8  0.009999-99.9-99.9-99.9-99.9 7.5 6126.7 61 22.1   2  1.318.0 7.4
5281120230316 35.3 20.7  0.009999-99.9-99.9-99.9-99.9 5.7 4727.4 75 22.5   1  0.915.1 5.3
5281120230317 35.6 20.5  0.009999-99.9-99.9-99.9-99.9 5.0 4127.9 73 22.9   0  0.314.0 4.5
5281120230318 35.9 23.2  0.009999-99.9-99.9-99.9-99.9 5.6 4629.7 71 23.9   1  1.114.9 5.8
5281120230319 37.5 22.6  0.009999-99.9-99.9-99.9-99.9 7.3 6027.0 62 22.3   4  2.917.3 9.5
5281120230320 37.3 23.2  0.009999-99.9-99.9-99.9-99.9 6.7 5626.0 59 21.7   1  0.516.4 5.8
5281120230321 38.7 21.5  0.009999-99.9-99.9-99.9-99.9 7.3 6025.9 58 21.6   2  1.817.2 8.4
5281120230322 36.9 22.2  0.009999-99.9-99.9-99.9-99.9 6.4 5327.7 69 22.7   2  1.915.8 7.3
5281120230323 30.3 21.7 35.819999-99.9-99.9-99.9-99.9 4.9 4127.5 82 22.7   4  2.813.5 5.9
5281120230324 25.0 21.0 14.019999-99.9-99.9-99.9-99.9-9.9 9927.3100 22.5   1  1.0 3.6-9.9
5281120230325 31.5 21.1  0.009999-99.9-99.9-99.9-99.9 5.4 4526.6 84 22.1   1  0.714.0 4.1
5281120230326 31.9 18.1  0.009999-99.9-99.9-99.9-99.9 5.3 4423.1 80 19.7   1  0.613.7 4.2
5281120230327 31.9 18.2  0.009999-99.9-99.9-99.9-99.9 6.1 5121.8 73 18.8   5  4.014.9 8.4
5281120230328 31.7 19.4  0.009999-99.9-99.9-99.9-99.9 3.6 3023.4 70 19.9   6  4.511.1 7.6
5281120230329 36.3 23.7  0.009999-99.9-99.9-99.9-99.9 6.5 5526.0 63 21.5   6  5.015.311.7
5281120230330 29.3 19.7  0.009999-99.9-99.9-99.9-99.9 2.2 1923.6 87 19.9   4  3.1 9.0 4.9
5281120230331 25.5 21.7  0.009999-99.9-99.9-99.9-99.9-9.9 9924.5 87 20.3   6  4.9 2.4-9.9
5281120230401 23.9 17.3  0.009999-99.9-99.9-99.9-99.9-9.9 9915.9 66 13.7   2  1.7 5.3-9.9
5281120230402 31.8 16.3  0.009999-99.9-99.9-99.9-99.9 5.5 4718.6 62 16.2   5  3.813.6 8.6
5281120230403 30.7 19.6 13.519999-99.9-99.9-99.9-99.9-9.9 9920.6 75 17.8   2  1.8 4.5-9.9
5281120230404 22.6 17.3  0.009999-99.9-99.9-99.9-99.9-9.9 9922.2 96 19.1   2  1.3 2.8-9.9
5281120230405 27.6 18.3  0.009999-99.9-99.9-99.9-99.9 2.5 2123.0 90 19.7   0  0.0 9.0 2.3
5281120230406 30.6 16.4  0.009999-99.9-99.9-99.9-99.9 5.8 5023.2 81 19.8   1  0.513.7 3.7
5281120230407 32.3 18.4  0.009999-99.9-99.9-99.9-99.9 4.8 4123.2 73 19.8   1  0.512.2 3.8
5281120230408 30.2 17.0  0.009999-99.9-99.9-99.9-99.9 6.4 5519.5 68 17.1   2  1.414.3 5.3
5281120230409 30.6 14.6  0.009999-99.9-99.9-99.9-99.9 6.9 6017.9 62 15.7   2  1.515.0 5.4
5281120230410 32.0 15.2  0.009999-99.9-99.9-99.9-99.9 6.6 5720.0 67 17.5   2  1.414.4 5.0
5281120230411 33.5 16.9  0.009999-99.9-99.9-99.9-99.9 6.5 5721.2 66 18.3   5  3.614.2 7.9
5281120230412 27.1 18.9  5.019999-99.9-99.9-99.9-99.9-9.9 9923.2 87 19.7   5  3.8 4.4-9.9
5281120230413 21.1 16.0  0.819999-99.9-99.9-99.9-99.9-9.9 9917.4 88 15.3   5  3.7 3.7-9.9
5281120230414 24.5 11.5  0.009999-99.9-99.9-99.9-99.9 5.2 4612.7 64 10.4   0  0.412.2 3.0
5281120230415 25.6 12.2  0.009999-99.9-99.9-99.9-99.9 2.3 2015.9 67 13.9   0  0.1 8.1 2.1
5281120230416 24.9 16.5  0.009999-99.9-99.9-99.9-99.9 0.5  518.8 80 16.5   1  0.5 5.7 2.0
5281120230417 25.8 13.7  0.009999-99.9-99.9-99.9-99.9 6.4 5715.3 73 13.3   0  0.413.6 3.3
5281120230418 28.2  9.7  0.009999-99.9-99.9-99.9-99.9 6.5 5815.1 72 13.1   1  0.613.6 3.3
5281120230419 29.0  9.1  0.009999-99.9-99.9-99.9-99.9 6.6 5912.1 58  9.7   4  3.013.7 7.3
5281120230420 25.9  9.3  0.009999-99.9-99.9-99.9-99.9 6.8 6111.6 53  9.1   3  2.013.8 5.6
5281120230421 27.2 10.1  0.009999-99.9-99.9-99.9-99.9 6.4 5713.4 64 11.3   6  4.613.2 7.9
5281120230422 27.7 10.5  0.009999-99.9-99.9-99.9-99.9 3.1 2814.7 68 12.7   0  0.1 8.8 2.3
5281120230423 23.1 15.2 17.819999-99.9-99.9-99.9-99.9-9.9 9918.0 97 15.8   0  0.4 1.9-9.9
5281120230424 19.0 14.4  1.519999-99.9-99.9-99.9-99.9-9.9 9918.1100 15.8   0  0.1 2.0-9.9
5281120230425 26.9 10.6  0.009999-99.9-99.9-99.9-99.9 4.3 3817.5 85 15.2   0  0.210.1 2.0
5281120230426 29.0 12.7  0.009999-99.9-99.9-99.9-99.9 6.1 5518.8 77 16.5   0  0.012.4 2.6
5281120230427 28.9 14.5  0.009999-99.9-99.9-99.9-99.9 6.1 5518.3 71 16.1   3  2.212.4 5.0
5281120230428 28.7 14.5-99.999999-99.9-99.9-99.9-99.9-9.9 99-9.9-99-99.9 -99-99.9-9.9-9.9
5281120230429-99.9-99.9-99.999999-99.9-99.9-99.9-99.9-9.9 99-9.9-99-99.9 -99-99.9-9.9-9.9
5281120230430 33.2 19.2  0.009999-99.9-99.9-99.9-99.9 3.4 3124.3 69 19.7  13 10.1 8.716.9
5281120230501 21.8 16.5  0.009999-99.9-99.9-99.9-99.9 1.4 12 9.8 46  6.7   9  7.0 6.215.0
5281120230502 20.2 15.2  0.009999-99.9-99.9-99.9-99.9 0.5  5 9.6 50  6.3   3  2.3 5.1 5.8
5281120230503 23.9 13.5  0.009999-99.9-99.9-99.9-99.9 4.0 3612.8 59 10.6   1  1.0 9.2 3.2
5281120230504 19.3 14.5  7.019999-99.9-99.9-99.9-99.9-9.9 9918.0100 15.8   0  0.1 1.0-9.9
5281120230505 20.8 16.0  2.519999-99.9-99.9-99.9-99.9-9.9 9919.7 98 17.2   3  2.7 3.0-9.9
5281120230506 25.6 11.4  0.009999-99.9-99.9-99.9-99.9 5.4 5015.9 78 13.9   0  0.310.8 2.2
5281120230507 27.2 11.1  0.009999-99.9-99.9-99.9-99.9 5.6 5216.5 81 14.5   0  0.211.0 2.3
5281120230508 28.4 10.3  0.009999-99.9-99.9-99.9-99.9 5.8 5315.6 75 13.5   0  0.411.1 2.4
5281120230509 28.3 10.8  0.009999-99.9-99.9-99.9-99.9 5.9 5514.5 64 12.4   3  2.011.2 4.4
5281120230510 27.8  8.2  0.009999-99.9-99.9-99.9-99.9 5.8 5413.1 68 10.8   0  0.111.0 2.3
5281120230511 27.7 10.8  0.009999-99.9-99.9-99.9-99.9 4.8 4514.8 71 12.8   1  0.6 9.8 2.6
5281120230512 27.2 11.6  0.009999-99.9-99.9-99.9-99.9 5.2 4815.5 70 13.5   2  1.710.2 3.7
5281120230513 29.0 10.9  0.009999-99.9-99.9-99.9-99.9 5.6 5214.2 64 12.1   4  3.010.6 6.0
5281120230514 30.2 11.8  0.009999-99.9-99.9-99.9-99.9 5.7 5313.7 57 11.6   4  2.810.6 6.5
5281120230515 30.0 11.8  0.009999-99.9-99.9-99.9-99.9 5.7 5413.7 56 11.6   7  5.610.710.9
5281120230516 30.7 13.7  0.009999-99.9-99.9-99.9-99.9 5.3 5015.9 60 13.9   8  6.510.111.3
5281120230517 31.5 15.6  0.009999-99.9-99.9-99.9-99.9 5.3 5016.3 58 14.3   8  6.410.012.8
5281120230518 24.6 15.1  0.009999-99.9-99.9-99.9-99.9 4.7 4418.1 84 15.9   5  3.8 9.3 4.9
5281120230519 30.9 17.4  0.009999-99.9-99.9-99.9-99.9 0.7  723.0 78 19.7   2  1.8 4.7 2.5
5281120230520 22.8 14.0  3.219999-99.9-99.9-99.9-99.9-9.9 9918.1100 15.8  10  8.1 0.2-9.9
5281120230521 20.3 14.2  0.519999-99.9-99.9-99.9-99.9-9.9 9920.4 99 17.8   3  2.4 1.7-9.9
5281120230522 21.3 17.5  0.009999-99.9-99.9-99.9-99.9-9.9 9921.9 98 18.9   1  0.8 1.5-9.9
5281120230523 30.7 18.9  0.009999-99.9-99.9-99.9-99.9 1.8 1725.8 84 21.5   3  2.4 5.9 2.2
5281120230524 32.7 23.3  0.009999-99.9-99.9-99.9-99.9 1.5 1526.9 71 22.2   9  7.5 5.5 9.8
5281120230525 33.0 21.2  0.009999-99.9-99.9-99.9-99.9 2.6 2522.8 66 19.6   8  6.5 6.611.5
5281120230526 32.0 20.0  0.009999-99.9-99.9-99.9-99.9 2.3 2224.5 83 20.7   4  3.1 6.3 4.5
5281120230527 22.8 12.7  1.819999-99.9-99.9-99.9-99.9-9.9 9915.0 73 12.5  10  7.8 2.5-9.9
5281120230528 18.9 10.7  0.009999-99.9-99.9-99.9-99.9 1.6 1510.3 66  7.3   1  0.7 5.4 2.1
5281120230529 19.7 10.5  0.009999-99.9-99.9-99.9-99.9 0.4  411.5 73  9.0   0  0.2 4.2 1.3
5281120230530 23.7  5.3  0.009999-99.9-99.9-99.9-99.9 4.0 3913.0 79 10.7   0  0.1 8.1 1.4
5281120230531 26.6 13.9  0.009999-99.9-99.9-99.9-99.9 0.8  817.4 76 15.2   2  1.8 4.5 2.5
5281120230601 27.3 19.6  0.009999-99.9-99.9-99.9-99.9 0.1  120.0 74 17.5   4  3.1 3.8 4.1
5281120230602 28.4 17.6  0.009999-99.9-99.9-99.9-99.9 0.5  520.3 72 17.7   6  5.2 4.2 5.9
5281120230603 29.8 18.9  0.009999-99.9-99.9-99.9-99.9 1.8 1723.3 80 19.9   0  0.1 5.5 1.6
5281120230604 27.1 17.2  0.219999-99.9-99.9-99.9-99.9-9.9 9922.2 93 19.2   5  4.4 3.6-9.9
5281120230605 18.6 14.9-99.999999-99.9-99.9-99.9-99.9-9.9 9919.3100 16.9   1  0.9 0.6-9.9
5281120230606-99.9-99.9-99.999999-99.9-99.9-99.9-99.9-9.9 99-9.9-99-99.9 -99-99.9-9.9-9.9
5281120230607-99.9-99.9-99.999999-99.9-99.9-99.9-99.9-9.9 99-9.9-99-99.9 -99-99.9-9.9-9.9
5281120230608-99.9-99.9  0.009999-99.9-99.9-99.9-99.9-9.9 99-9.9-99-99.9 -99-99.9-9.9-9.9
5281120230609 31.7 19.2  0.009999-99.9-99.9-99.9-99.9 4.2 4017.8 60 14.8  12  9.4 7.916.0
5281120230610 20.0 11.7  0.009999-99.9-99.9-99.9-99.9-9.9 99 9.2 50  5.5  10  8.2 3.1-9.9
5281120230611 17.3  6.8  0.009999-99.9-99.9-99.9-99.9 2.0 19 6.0 46 -0.2   3  2.0 5.6 5.1
5281120230612 18.0  1.7  0.009999-99.9-99.9-99.9-99.9 4.5 44 6.4 58  0.7   1  0.7 8.2 2.0
5281120230613 16.7  1.4  0.009999-99.9-99.9-99.9-99.9 4.8 47 6.1 61 -0.2   1  0.5 8.6 1.7
5281120230614 17.8 -3.1  0.009999-99.9-99.9-99.9-99.9 5.4 53 6.2 61  0.1   0  0.2 9.2 1.3
5281120230615 20.0 -3.1  0.009999-99.9-99.9-99.9-99.9 5.5 54 7.1 67  1.9   0  0.0 9.3 1.2
5281120230616 21.7  1.5  0.009999-99.9-99.9-99.9-99.9 4.8 4710.3 75  7.0   0  0.2 8.6 1.2
5281120230617 20.7  2.6  0.009999-99.9-99.9-99.9-99.9 4.6 4510.4 79  7.3   0  0.3 8.3 1.2
5281120230618 22.8  5.3  0.009999-99.9-99.9-99.9-99.9 4.4 4211.1 71  8.5   5  3.8 8.0 3.9
5281120230619 21.2  8.0  0.009999-99.9-99.9-99.9-99.9 1.2 1212.8 73 10.6   2  1.9 4.8 2.6
5281120230620 20.6 10.9  0.009999-99.9-99.9-99.9-99.9 2.2 2111.2 69  8.6   1  0.5 5.8 1.8
5281120230621 18.3 10.6  0.009999-99.9-99.9-99.9-99.9-9.9 9910.6 65  7.8   1  1.1 3.0-9.9
5281120230622 21.0  6.4  0.009999-99.9-99.9-99.9-99.9 3.2 3112.5 81 10.2   0  0.1 6.8 1.1
5281120230623 23.6  9.4  0.009999-99.9-99.9-99.9-99.9 3.5 3416.0 89 13.8   2  1.7 7.1 1.4
5281120230624 29.9 13.3  0.009999-99.9-99.9-99.9-99.9 2.9 2820.4 85 17.7   1  1.1 6.5 1.6
5281120230625 24.6 16.4  0.009999-99.9-99.9-99.9-99.9 3.4 3319.6 88 17.1   5  3.8 7.0 3.2
5281120230626 32.0 12.7  0.009999-99.9-99.9-99.9-99.9 4.1 4020.7 80 17.8   2  1.5 7.8 2.3
5281120230627 22.3 16.2  0.009999-99.9-99.9-99.9-99.9 0.0  020.4 97 17.8   6  4.7 3.5 1.2
5281120230628 21.3  9.2  0.009999-99.9-99.9-99.9-99.9 4.1 4010.3 59  6.9   9  7.0 7.811.8
5281120230629 20.6  6.3  0.009999-99.9-99.9-99.9-99.9 4.2 41 8.3 51  4.2   2  1.3 7.9 3.2
5281120230630 20.9 13.5  0.009999-99.9-99.9-99.9-99.9 0.0  012.1 64  9.7   0  0.1 3.5 1.4
5281120230701 27.9 14.5  0.009999-99.9-99.9-99.9-99.9 0.4  418.3 75 16.0   0  0.3 4.0 1.4
5281120230702 28.8 20.4  0.009999-99.9-99.9-99.9-99.9 0.3  318.9 62 16.6   6  4.8 3.9 7.8
5281120230703 31.3 20.0  0.009999-99.9-99.9-99.9-99.9 2.7 2618.5 59 16.3   4  3.4 6.4 7.3
5281120230704 33.3 22.1  0.009999-99.9-99.9-99.9-99.9 4.0 3918.5 55 16.3   6  4.7 7.810.8
5281120230705 30.7 17.2  0.009999-99.9-99.9-99.9-99.9 4.8 4718.1 68 15.9   0  0.4 8.6 2.6
5281120230706 20.6 15.2 10.819999-99.9-99.9-99.9-99.9-9.9 9919.5 95 17.1   6  4.5 2.1-9.9
5281120230707 17.5 14.1  0.819999-99.9-99.9-99.9-99.9-9.9 9917.2100 15.1   6  5.0 0.3-9.9
5281120230708 18.1 14.1  0.009999-99.9-99.9-99.9-99.9-9.9 9918.3100 16.0   1  0.5 1.5-9.9
5281120230709 24.6 15.2  0.009999-99.9-99.9-99.9-99.9 0.3  320.1 89 17.6   0  0.2 3.9 1.0
5281120230710 23.7 15.1  0.009999-99.9-99.9-99.9-99.9 1.9 1919.0 85 16.7   0  0.4 5.7 1.3
5281120230711 19.5 14.4  1.819999-99.9-99.9-99.9-99.9-9.9 9917.3100 15.3   0  0.0 0.7-9.9
5281120230712 15.1 11.0-99.999999-99.9-99.9-99.9-99.9-9.9 9914.2100 12.1  13 10.0 1.6-9.9
5281120230713-99.9-99.9-99.999999-99.9-99.9-99.9-99.9-9.9 99-9.9-99-99.9 -99-99.9-9.9-9.9
5281120230714-99.9-99.9  0.009999-99.9-99.9-99.9-99.9-9.9 99-9.9-99-99.9 -99-99.9-9.9-9.9
5281120230715 21.4  3.7  0.009999-99.9-99.9-99.9-99.9 5.3 5110.3 76  7.3   1  0.5 9.5 1.6
5281120230716 18.8  5.0  0.009999-99.9-99.9-99.9-99.9 3.2 3111.7 86  9.2   1  0.6 7.2 1.2
5281120230717 15.1  7.1  0.009999-99.9-99.9-99.9-99.9 1.0  9 8.6 69  4.8   0  0.1 4.8 1.2
5281120230718 18.1  6.8  0.009999-99.9-99.9-99.9-99.9 4.1 39 7.7 56  3.2   0  0.3 8.3 1.8
5281120230719 19.1  1.8  0.009999-99.9-99.9-99.9-99.9 5.2 50 7.0 64  1.8   1  0.4 9.5 1.8
5281120230720 24.1  6.9  0.009999-99.9-99.9-99.9-99.9 3.7 35 9.5 59  6.2   2  2.0 7.8 3.9
5281120230721 34.1 13.1  0.009999-99.9-99.9-99.9-99.9 2.7 2517.4 61 15.1   7  5.8 6.8 9.1
5281120230722 34.0 21.6  0.009999-99.9-99.9-99.9-99.9 3.5 3317.7 57 15.5  11  8.7 7.719.8
5281120230723 21.6 13.8  0.009999-99.9-99.9-99.9-99.9-9.9 99 9.8 53  6.7   8  6.8 3.2-9.9
5281120230724 16.7 13.5  0.009999-99.9-99.9-99.9-99.9-9.9 9911.6 72  9.1   3  2.1 2.0-9.9
5281120230725 13.8 10.9  0.009999-99.9-99.9-99.9-99.9-9.9 9914.3100 12.2   0  0.3 1.0-9.9
5281120230726 20.8  7.6  0.009999-99.9-99.9-99.9-99.9 2.7 2611.9 74  9.4   2  1.6 7.0 2.5
5281120230727 18.8  4.0  0.009999-99.9-99.9-99.9-99.9 0.7  710.0 75  6.9   1  0.5 4.8 1.4
5281120230728 22.9  5.2  0.009999-99.9-99.9-99.9-99.9 5.7 53 9.8 63  6.6   0  0.110.5 1.9
5281120230729 25.1  6.5  0.009999-99.9-99.9-99.9-99.9 5.6 53 9.9 57  6.8   3  2.710.5 5.4
5281120230730 29.2  9.5  0.009999-99.9-99.9-99.9-99.9 5.7 5413.5 59 10.8   2  1.810.6 4.3
5281120230731 33.8 14.3  0.009999-99.9-99.9-99.9-99.9 5.4 5019.1 65 16.8   2  2.010.3 4.8
5281120230801 36.7 18.8  0.009999-99.9-99.9-99.9-99.9 5.6 5218.7 56 16.3   9  7.410.617.1
5281120230802 37.7 19.0  0.009999-99.9-99.9-99.9-99.9 5.8 5416.8 49 14.8   6  4.810.914.0
5281120230803 25.6 15.0  0.009999-99.9-99.9-99.9-99.9 4.8 4411.4 52  8.7  11  8.7 9.817.9
5281120230804 25.0  8.7  0.009999-99.9-99.9-99.9-99.9 5.3 4912.4 71 10.2   1  1.110.4 3.0
5281120230805 28.1 10.5  0.009999-99.9-99.9-99.9-99.9 4.3 3917.3 79 15.1   0  0.0 9.2 1.8
5281120230806 37.4 14.1  0.009999-99.9-99.9-99.9-99.9 5.4 5017.3 63 15.1   8  6.110.711.5
5281120230807 23.2 12.0  0.009999-99.9-99.9-99.9-99.9 6.0 56 8.9 47  4.8   9  7.211.516.9
5281120230808 16.7  6.3  0.009999-99.9-99.9-99.9-99.9 0.0  012.0 93  9.5   1  0.8 4.3 1.1
5281120230809 21.5  5.5  0.009999-99.9-99.9-99.9-99.9 2.0 1914.2 88 11.9   0  0.3 6.8 1.2
5281120230810 30.2 11.5  0.009999-99.9-99.9-99.9-99.9 5.2 4716.3 68 14.1   3  2.310.6 4.1
5281120230811 24.9 12.3  0.009999-99.9-99.9-99.9-99.9 6.3 5810.5 53  6.4   3  2.212.2 6.0
5281120230812 21.7 10.6  0.009999-99.9-99.9-99.9-99.9 3.7 34 5.1 29 -2.8   0  0.3 9.0 2.7
5281120230813 24.1  5.7  0.009999-99.9-99.9-99.9-99.9 6.1 55 6.0 37 -0.4   3  2.312.0 6.6
5281120230814 29.7  8.7  0.009999-99.9-99.9-99.9-99.9 6.3 57 7.8 35  3.3   3  2.312.3 7.7
5281120230815 35.1 13.5  0.009999-99.9-99.9-99.9-99.9 6.0 5412.3 39  9.6   9  7.012.018.0
5281120230816 38.3 20.6  0.009999-99.9-99.9-99.9-99.9 6.0 5416.3 42 14.2   7  5.512.017.2
5281120230817 28.3 15.8  0.009999-99.9-99.9-99.9-99.9 5.7 5115.5 69 13.5   8  6.711.713.0
5281120230818 18.3 11.6  0.009999-99.9-99.9-99.9-99.9 1.5 1313.7 83 11.5  11  8.4 6.5 6.4
5281120230819 23.2  0.9  0.009999-99.9-99.9-99.9-99.9 4.6 4212.1 76  9.4   4  3.510.6 3.5
5281120230820 25.6 10.4  0.009999-99.9-99.9-99.9-99.9 6.1 5413.6 74 11.5   1  0.612.5 2.9
5281120230821 34.9 11.7  0.009999-99.9-99.9-99.9-99.9 6.3 5618.1 64 15.8   6  4.412.8 8.1
5281120230822 25.4 14.5  0.009999-99.9-99.9-99.9-99.9 5.2 4714.6 62 12.3   7  5.811.510.5
5281120230823 25.2  9.1  0.009999-99.9-99.9-99.9-99.9 6.4 5710.4 52  7.5   3  2.213.1 5.9
5281120230824 24.7  4.4  0.009999-99.9-99.9-99.9-99.9 6.9 61 7.9 50  3.3   1  0.413.9 3.3
5281120230825 24.7  5.7  0.009999-99.9-99.9-99.9-99.9 6.8 61 7.1 43  2.0   1  0.913.9 4.3
5281120230826 22.9  1.8  0.009999-99.9-99.9-99.9-99.9 6.6 59 8.1 57  3.8   2  1.413.7 4.3
5281120230827 23.4  6.8  0.009999-99.9-99.9-99.9-99.9 6.5 57 7.0 42  1.9   2  1.413.6 5.1
5281120230828 25.2  7.6  0.009999-99.9-99.9-99.9-99.9 7.1 63 6.2 35  0.2   7  5.214.513.6
5281120230829 28.0  5.7  0.009999-99.9-99.9-99.9-99.9 6.8 60 7.2 37  2.2   0  0.214.2 3.1
5281120230830 32.2 10.3  0.009999-99.9-99.9-99.9-99.9 6.7 5810.8 42  7.7   4  3.514.110.1
5281120230831 30.0 13.9  0.009999-99.9-99.9-99.9-99.9 5.7 5011.0 38  8.0   4  3.012.9 9.3
5281120230901 34.1 15.9  0.009999-99.9-99.9-99.9-99.9 5.1 4420.2 62 17.4   1  1.012.1 4.5
5281120230902 28.7 11.6  0.519999-99.9-99.9-99.9-99.9 2.9 2518.4 94 15.8   9  7.0 9.1 8.0
5281120230903 12.7  9.1  1.019999-99.9-99.9-99.9-99.9-9.9 9913.0100 10.8  13 10.7 1.9-9.9
5281120230904 21.0 10.6  0.009999-99.9-99.9-99.9-99.9 4.0 3412.9 80 10.6  10  8.410.8 7.1
5281120230905 21.5  5.0  0.009999-99.9-99.9-99.9-99.9 6.9 6012.1 71  9.5   2  1.914.9 3.9
5281120230906 21.0 13.7  0.009999-99.9-99.9-99.9-99.9-9.9 9917.7 87 15.5   3  2.1 4.1-9.9
5281120230907 25.4 13.7  0.009999-99.9-99.9-99.9-99.9 2.6 2316.6 77 14.6   6  4.8 9.1 5.7
5281120230908 24.3  6.9  0.009999-99.9-99.9-99.9-99.9 7.1 6110.4 63  7.3   1  0.915.5 4.0
5281120230909 27.3  5.4  0.009999-99.9-99.9-99.9-99.9 7.4 6310.5 49  7.5   1  1.016.0 4.5
5281120230910 34.1 11.8  0.009999-99.9-99.9-99.9-99.9 7.2 6215.9 60 13.9   4  3.515.8 9.1
5281120230911 40.1 21.2  0.009999-99.9-99.9-99.9-99.9 5.5 4719.4 54 16.0  11  8.613.519.7
5281120230912 22.7 14.8  0.009999-99.9-99.9-99.9-99.9 2.8 24 7.0 32  1.6   4  3.4 9.711.0
5281120230913 24.4  8.1  0.009999-99.9-99.9-99.9-99.9 7.8 66 6.2 34 -0.0   1  0.716.9 4.9
5281120230914 26.9  6.0  0.009999-99.9-99.9-99.9-99.9 7.8 66 8.0 42  3.7   5  3.817.110.4
5281120230915 32.7 10.3  0.009999-99.9-99.9-99.9-99.9 7.8 66 9.7 37  6.5   9  7.417.119.8
5281120230916 39.4 15.2  0.009999-99.9-99.9-99.9-99.9 8.0 6713.8 35 11.4   6  4.917.516.5
5281120230917 30.5 16.5  0.009999-99.9-99.9-99.9-99.9 6.7 5613.4 47 11.1  14 11.015.6-9.9
5281120230918 25.7 14.6  0.009999-99.9-99.9-99.9-99.9 6.1 51 9.7 43  6.4  12  9.514.922.4
5281120230919 24.5 10.7  0.219999-99.9-99.9-99.9-99.9 4.1 3412.2 60  9.5   2  1.311.9 4.5
5281120230920 21.3 14.8  0.009999-99.9-99.9-99.9-99.9-9.9 9918.9 99 16.6   0  0.1 4.3-9.9
5281120230921 34.9 12.5  0.009999-99.9-99.9-99.9-99.9 6.1 5120.8 68 17.8   0  0.415.1 4.0
5281120230922 31.5 21.9  0.009999-99.9-99.9-99.9-99.9 2.8 2323.0 64 19.7   3  2.110.2 5.9
5281120230923 31.3 20.2  0.009999-99.9-99.9-99.9-99.9 3.1 2623.1 73 19.8   2  1.810.7 4.8
5281120230924 25.4 17.9  0.009999-99.9-99.9-99.9-99.9-9.9 9921.2 76 18.4   2  1.5 4.9-9.9
5281120230925 24.1 18.8  0.009999-99.9-99.9-99.9-99.9-9.9 9921.4 89 18.6   1  0.8 3.5-9.9
5281120230926 25.5 16.3  0.009999-99.9-99.9-99.9-99.9 2.8 2315.9 67 13.6  11  8.410.412.4
5281120230927 25.6  3.7  0.009999-99.9-99.9-99.9-99.9 8.6 70 9.2 42  5.6   1  0.619.3 4.9
5281120230928 27.5  9.4  0.009999-99.9-99.9-99.9-99.9 7.2 59 9.8 43  6.6   3  2.217.3 7.8
5281120230929 29.1  9.2  0.009999-99.9-99.9-99.9-99.9 7.7 6310.6 44  7.8   2  1.318.2 6.7
5281120230930 28.2 12.8  0.009999-99.9-99.9-99.9-99.9 4.9 4010.7 47  7.9   0  0.313.9 4.0
5281120231001 31.1 11.0  0.009999-99.9-99.9-99.9-99.9 8.3 68 8.4 32  4.4   2  1.719.3 8.4
5281120231002 34.2 13.7  0.009999-99.9-99.9-99.9-99.9 8.1 6610.4 31  7.5   6  5.019.117.1
5281120231003 37.4 16.9  5.519999-99.9-99.9-99.9-99.9 6.0 4813.5 46 11.3  12  9.515.8-9.9
5281120231004 25.3 11.2  0.009999-99.9-99.9-99.9-99.9 8.1 6611.6 58  8.6   8  6.219.313.1
5281120231005 28.7  8.2  0.009999-99.9-99.9-99.9-99.9 8.6 69 8.7 37  4.9   4  3.020.010.1
5281120231006 32.9 11.5  0.009999-99.9-99.9-99.9-99.9 8.2 6610.8 36  7.9   1  1.019.6 6.8
5281120231007 31.0 15.4  0.009999-99.9-99.9-99.9-99.9 6.7 54 9.3 36  5.9   2  1.517.3 8.1
5281120231008 33.1 16.0  0.009999-99.9-99.9-99.9-99.9 7.5 60 9.6 31  6.2   2  1.518.5 8.7
5281120231009 34.8 13.7  0.009999-99.9-99.9-99.9-99.9 8.8 70 8.8 26  4.9   7  5.520.820.9
5281120231010 39.1 17.0  0.009999-99.9-99.9-99.9-99.9 8.3 6613.3 32 11.1   8  6.420.022.8
5281120231011 30.5 15.3  0.009999-99.9-99.9-99.9-99.9-9.9 9913.8 67 11.5  20 15.6 5.1-9.9
5281120231012 23.3  6.4  0.009999-99.9-99.9-99.9-99.9 8.6 68 7.8 43  3.2   2  1.420.7 6.7
5281120231013 26.4  6.8  0.009999-99.9-99.9-99.9-99.9 9.0 71 7.0 33  1.9   2  1.221.3 6.7
5281120231014 30.8  9.1  0.009999-99.9-99.9-99.9-99.9 8.7 69 8.8 33  5.1   2  1.321.0 7.7
5281120231015 36.5 12.9  0.009999-99.9-99.9-99.9-99.9 8.5 6712.4 36 10.1   2  1.520.8 8.9
5281120231016 37.9 22.1  0.009999-99.9-99.9-99.9-99.9 4.6 3622.0 50 18.9   5  4.014.413.0
5281120231017 32.2 21.6  0.009999-99.9-99.9-99.9-99.9-9.9 9917.2 57 15.0   9  7.4 5.1-9.9
5281120231018 24.0 15.6  0.009999-99.9-99.9-99.9-99.9-9.9 9914.8 76 12.7   1  0.9 3.7-9.9
5281120231019 24.4 16.9  0.009999-99.9-99.9-99.9-99.9-9.9 9914.4 56 12.4   0  0.3 6.1-9.9
5281120231020 32.1 18.6  0.009999-99.9-99.9-99.9-99.9 4.5 3521.5 69 18.4   3  2.514.5 6.4
5281120231021 38.3 22.6  8.019999-99.9-99.9-99.9-99.9 5.7 4427.0 58 22.3   3  2.616.4 9.0
5281120231022 37.9 25.4  3.219999-99.9-99.9-99.9-99.9 5.8 4532.2 65 25.2   2  1.216.6 7.1
5281120231023 32.4 22.7  3.819999-99.9-99.9-99.9-99.9 2.3 1828.9 81 23.5   0  0.110.9 3.4
5281120231024 26.6 18.6  0.219999-99.9-99.9-99.9-99.9-9.9 9924.1 98 20.5   5  3.7 5.7-9.9
5281120231025 24.1 17.5  0.009999-99.9-99.9-99.9-99.9 0.6  520.5 85 17.9   0  0.3 8.2 2.3
5281120231026 27.9 18.1  0.009999-99.9-99.9-99.9-99.9 2.1 1617.8 61 15.5   0  0.410.6 3.6
5281120231027 34.4 20.1  0.519999-99.9-99.9-99.9-99.9 6.4 4918.3 46 16.0   1  1.217.9 7.3
5281120231028 36.8 18.7  0.009999-99.9-99.9-99.9-99.9 7.4 5621.4 50 18.5   1  1.219.6 7.7
5281120231029 40.7 20.4 16.519999-99.9-99.9-99.9-99.9 6.8 5224.3 56 20.5   3  2.718.610.6
5281120231030 27.4 15.8  0.219999-99.9-99.9-99.9-99.9 1.6 1218.7 84 16.3  14 11.610.011.8
5281120231031 27.6 16.4  1.219999-99.9-99.9-99.9-99.9 2.9 2218.4 74 16.2   1  1.012.2 3.9
5281120231101 19.6 11.4 15.019999-99.9-99.9-99.9-99.9-9.9 9915.0100 13.0   4  3.5 1.3-9.9
5281120231102 19.1 13.1  0.219999-99.9-99.9-99.9-99.9-9.9 9916.7100 14.5  16 12.6 4.2-9.9
5281120231103 23.5  9.0  0.009999-99.9-99.9-99.9-99.9 9.4 7111.6 65  9.1  11  9.223.413.9
5281120231104 27.8 10.1  0.009999-99.9-99.9-99.9-99.9 9.7 7312.7 50 10.4   2  2.024.0 8.1
5281120231105 32.9 14.3  0.009999-99.9-99.9-99.9-99.9 9.2 6915.0 47 13.0   7  5.823.215.7
5281120231106 36.8 14.8  0.009999-99.9-99.9-99.9-99.9 9.7 7315.9 39 13.8   4  3.524.013.7
5281120231107 45.4 22.8  0.009999-99.9-99.9-99.9-99.9 7.7 5819.9 30 17.3  12  9.620.7-9.9
5281120231108 36.8 19.4  0.819999-99.9-99.9-99.9-99.9 5.7 4319.2 53 16.7  12  9.317.323.2
5281120231109 30.5 18.6  2.019999-99.9-99.9-99.9-99.9 2.2 1722.6 71 19.2   2  1.911.3 5.6
5281120231110 32.4 22.5  2.019999-99.9-99.9-99.9-99.9-9.9 9932.3 94 25.3   0  0.3 4.9-9.9
5281120231111 36.7 23.0  7.519999-99.9-99.9-99.9-99.9 8.2 6128.1 65 22.9   6  4.521.612.3
5281120231112 30.8 21.5  0.219999-99.9-99.9-99.9-99.9 2.6 2025.3 78 21.1  11  8.912.112.8
5281120231113 26.9 15.3  0.009999-99.9-99.9-99.9-99.9 1.2  918.1 77 15.6  10  7.6 9.710.4
5281120231114 29.8 18.9  3.019999-99.9-99.9-99.9-99.9 3.4 2524.7 87 20.8   3  2.113.5 4.8
5281120231115-99.9-99.9-99.999999-99.9-99.9-99.9-99.9 2.9 2128.1 80 23.0 -99-99.912.6-9.9
5281120231116 33.4 18.6  0.009999-99.9-99.9-99.9-99.9 6.9 5119.0 49 16.3   3  2.419.5 9.9
5281120231117 35.8 20.2 13.219999-99.9-99.9-99.9-99.9 6.4 4724.7 60 20.8   3  2.418.8 8.8
5281120231118 30.0 19.4  0.009999-99.9-99.9-99.9-99.9 8.4 6219.9 65 16.9   6  4.622.313.1
5281120231119 33.5 17.3  0.009999-99.9-99.9-99.9-99.9 7.8 5713.0 39 10.8   3  2.121.210.5
5281120231120 39.6 18.5  0.009999-99.9-99.9-99.9-99.9 8.9 6517.6 36 15.3   8  6.323.121.5
5281120231121 42.4 27.4 34.819999-99.9-99.9-99.9-99.9 5.6 4129.2 59 23.4   8  6.217.518.6
5281120231122 28.3 20.2  1.019999-99.9-99.9-99.9-99.9-9.9 9926.4100 21.9   2  1.8 2.7-9.9
5281120231123 29.7 19.8  0.009999-99.9-99.9-99.9-99.9 3.1 2324.9 77 21.0   1  0.913.2 4.2
5281120231124 30.1 19.4  0.009999-99.9-99.9-99.9-99.9 2.9 2118.6 58 16.1   1  1.012.9 5.6
5281120231125 30.5 20.4  0.009999-99.9-99.9-99.9-99.9 4.9 3618.6 57 16.3   2  1.616.4 7.2
5281120231126 31.9 20.9  1.819999-99.9-99.9-99.9-99.9-9.9 9928.0 92 22.9   0  0.1 7.6-9.9
5281120231127 33.8 22.5  0.009999-99.9-99.9-99.9-99.9 6.7 4929.1 78 23.5   1  1.219.6 6.7
5281120231128 33.6 22.2  0.009999-99.9-99.9-99.9-99.9 7.7 5628.6 79 23.3   2  1.721.3 7.7
5281120231129 37.8 23.5 12.819999-99.9-99.9-99.9-99.9 4.2 3031.6 97 25.0   4  3.315.2 6.0
5281120231130 34.2 22.9  1.019999-99.9-99.9-99.9-99.9 4.8 3531.0 78 24.6   1  1.216.3 5.5
5281120231201 41.6 24.8  1.219999-99.9-99.9-99.9-99.9 8.4 6131.0 74 24.5   7  5.522.515.5
5281120231202 30.0 21.7 20.219999-99.9-99.9-99.9-99.9 1.7 1229.7 90 23.9   1  1.110.9 3.6
5281120231203 25.4 15.8 14.219999-99.9-99.9-99.9-99.9-9.9 9922.2100 19.0  10  8.1 2.2-9.9
5281120231204 19.4 14.7  0.819999-99.9-99.9-99.9-99.9-9.9 9919.4100 17.0   8  6.2 5.0-9.9
5281120231205 26.4 15.7  0.009999-99.9-99.9-99.9-99.9 0.0  025.8 96 21.3   0  0.3 8.0 2.1
5281120231206 28.1 22.5  0.009999-99.9-99.9-99.9-99.9 0.3  228.8 96 23.4   1  1.0 8.5 2.7
5281120231207 32.5 15.3  0.009999-99.9-99.9-99.9-99.9 9.6 6922.0 73 18.9   0  0.124.7 6.5
5281120231208 32.1 17.9  0.009999-99.9-99.9-99.9-99.9 9.8 7121.0 61 18.2   3  2.025.2 9.5
5281120231209 32.9 18.2  0.009999-99.9-99.9-99.9-99.9 8.0 5819.0 50 16.7   3  2.222.0 9.9
5281120231210 33.2 18.4  0.009999-99.9-99.9-99.9-99.910.2 7318.3 46 15.9   0  0.325.8 7.4
5281120231211 35.7 18.8  0.009999-99.9-99.9-99.9-99.910.2 7317.6 40 15.3   6  5.025.817.8
5281120231212 39.7 23.2  0.009999-99.9-99.9-99.9-99.9 5.2 3725.8 50 21.5   8  6.717.118.6
5281120231213 39.7 25.0 15.519999-99.9-99.9-99.9-99.9 2.2 1629.4 82 23.8  11  8.811.918.3
5281120231214 29.7 22.0  0.219999-99.9-99.9-99.9-99.9 1.8 1330.5 97 24.3   5  4.011.2 3.6
5281120231215 38.6 24.4  2.019999-99.9-99.9-99.9-99.9 8.7 6233.3 67 25.8   5  3.923.311.4
5281120231216 42.5 25.4  0.009999-99.9-99.9-99.9-99.9 8.4 6030.9 57 24.5  14 11.322.8-9.9
5281120231217 44.4 28.3  6.819999-99.9-99.9-99.9-99.9 7.6 5526.8 45 21.9  10  7.621.4-9.9
5281120231218 34.9 19.6 22.219999-99.9-99.9-99.9-99.9-9.9 9927.1100 22.2  10  7.7 1.5-9.9
5281120231219 22.0 17.6  1.519999-99.9-99.9-99.9-99.9-9.9 9922.5100 19.4   4  2.9 2.8-9.9
5281120231220 25.6 18.9  0.009999-99.9-99.9-99.9-99.9 0.3  225.6 98 21.4   0  0.2 8.5 2.2
5281120231221 27.9 20.9  0.009999-99.9-99.9-99.9-99.9 0.2  126.4 88 21.9   0  0.0 8.3 2.5
5281120231222 32.7 22.2  0.009999-99.9-99.9-99.9-99.9 4.1 2928.6 79 23.3   0  0.015.1 4.4
5281120231223 36.5 22.5  0.009999-99.9-99.9-99.9-99.9 8.6 6228.0 63 22.9   0  0.223.1 7.1
5281120231224 33.9 25.3  0.219999-99.9-99.9-99.9-99.9 0.3  234.7 88 26.5   0  0.2 8.5 2.9
5281120231225 34.4 24.0  0.009999-99.9-99.9-99.9-99.9 4.8 3525.7 57 21.3   3  2.316.5 8.7
5281120231226 34.5 18.5  0.009999-99.9-99.9-99.9-99.9 9.9 7118.4 46 16.0   1  0.725.5 8.2
5281120231227 36.0 19.7  0.009999-99.9-99.9-99.9-99.9 9.6 6919.4 46 16.9   5  4.225.015.6
5281120231228 41.7 22.7  9.819999-99.9-99.9-99.9-99.9 3.9 2824.4 47 20.6   4  2.914.911.3
5281120231229 35.3 21.3  0.009999-99.9-99.9-99.9-99.9 5.9 4227.4 78 22.5   1  0.618.4 6.1
5281120231230 31.0 20.2  0.009999-99.9-99.9-99.9-99.9 8.0 5725.8 74 21.6   2  1.622.0 7.5
5281120231231 35.4 21.2 15.019999-99.9-99.9-99.9-99.9 7.2 5225.8 64 21.6   4  3.620.710.2
5281120240101 28.3 20.1 11.019999-99.9-99.9-99.9-99.9 0.7  5-9.9 66-99.9 -99-99.9 9.3-9.9
5281120240102 31.1 19.0-99.999999-99.9-99.9-99.9-99.9-9.9 99-9.9-99-99.9 -99-99.9-9.9-9.9
5281120240109-99.9-99.9-99.999999-99.9-99.9-99.9-99.9-9.9 99-9.9-99-99.9 -99-99.9-9.9-9.9
5281120240110 28.7 21.8 11.819999-99.9-99.9-99.9-99.9-9.9 9929.8100 23.9   0  0.0 5.0-9.9
5281120240111 33.0 20.1  0.009999-99.9-99.9-99.9-99.9 7.3 5327.7 82 22.7   0  0.020.8 5.7
5281120240112 34.9 21.3  0.009999-99.9-99.9-99.9-99.9 9.1 6625.4 65 21.2   0  0.023.8 6.8
5281120240113 38.6 21.7  0.009999-99.9-99.9-99.9-99.9 9.3 6825.5 55 21.4   0  0.024.2 7.1
5281120240114 40.0 25.6  2.519999-99.9-99.9-99.9-99.9 4.0 2932.4 85 25.4   0  0.014.9 4.8
5281120240115 36.7 24.4  0.009999-99.9-99.9-99.9-99.9 7.5 5531.4 69 25.0   0  0.021.0 6.4
5281120240116 41.4 22.9  0.009999-99.9-99.9-99.9-99.9 5.8 4231.9 74 24.8   0  0.018.0 5.7
5281120240117 32.3 20.7  0.009999-99.9-99.9-99.9-99.9 8.1 5926.5 70 22.6   0  0.022.0 6.0
5281120240118 35.1 18.1  0.009999-99.9-99.9-99.9-99.9 8.6 6324.0 66 20.4   0  0.022.8 6.3
5281120240119 36.1 23.4  0.009999-99.9-99.9-99.9-99.9 8.1 5926.3 58 22.0   0  0.022.0 6.5
5281120240120 36.5 21.3  0.009999-99.9-99.9-99.9-99.9 9.2 6724.0 52 20.4   0  0.023.8 6.9
5281120240121 33.4 17.9  0.009999-99.9-99.9-99.9-99.9 4.6 3322.4 64 19.3   0  0.015.7 4.7
5281120240122 34.4 17.2  0.009999-99.9-99.9-99.9-99.9 9.5 7019.2 49 16.7   0  0.024.4 6.5
5281120240123 34.0 15.9  0.009999-99.9-99.9-99.9-99.9 9.9 7319.3 51 17.0   0  0.025.0 6.6
5281120240124 35.6 17.7  0.009999-99.9-99.9-99.9-99.9 9.8 7219.2 48 16.8   0  0.024.9 6.8
5281120240125 35.0 21.2  0.009999-99.9-99.9-99.9-99.910.0 7419.8 46 17.2   0  0.025.1 7.0
5281120240126 35.5 20.6  0.009999-99.9-99.9-99.9-99.910.0 7419.6 47 17.0   0  0.025.2 6.9
5281120240127 35.3 18.2  0.009999-99.9-99.9-99.9-99.9 8.3 6217.7 44 15.6   0  0.022.1 6.1
5281120240128 35.9 20.0  0.009999-99.9-99.9-99.9-99.9 8.6 6418.5 45 16.2   0  0.022.6 6.3
5281120240129 37.7 19.6  0.009999-99.9-99.9-99.9-99.9 9.0 6719.2 43 16.8   0  0.023.3 6.6
5281120240130 38.5 21.4  0.009999-99.9-99.9-99.9-99.9 9.3 6921.0 45 18.2   0  0.023.7 6.9
5281120240131 38.8 21.2  0.009999-99.9-99.9-99.9-99.9 9.3 6921.5 44 18.7   0  0.023.6 6.9
5281120240201 38.8 23.6  0.009999-99.9-99.9-99.9-99.9 9.2 6920.9 40 18.0   0  0.023.5 7.0
5281120240202 40.4 19.8  0.009999-99.9-99.9-99.9-99.9 9.8 7317.3 36 15.1   0  0.024.5 6.9
5281120240203 44.3 26.3  0.519999-99.9-99.9-99.9-99.9 7.6 5724.6 42 20.7   0  0.020.6 6.7
5281120240204 37.0 24.6  0.009999-99.9-99.9-99.9-99.9 2.1 1630.8 75 25.1   0  0.011.2 3.8
5281120240205 41.4 25.5  0.009999-99.9-99.9-99.9-99.9 7.6 57-9.9 58-99.9   0  0.020.6-9.9
5281120240206 39.9 27.0  0.009999-99.9-99.9-99.9-99.9 6.1 4627.1 55 22.4   0  0.017.9 6.0
5281120240207 41.7 26.2  0.009999-99.9-99.9-99.9-99.9 7.7 5826.4 49 22.0   0  0.020.6 6.7
5281120240208 42.2 27.6 13.219999-99.9-99.9-99.9-99.9 7.8 5926.5 47 22.0   0  0.020.8 6.9
5281120240209 35.0 25.1 18.219999-99.9-99.9-99.9-99.9 0.7  5-9.9 89-99.9   0  0.0 8.5-9.9
5281120240210 35.6 23.1  0.009999-99.9-99.9-99.9-99.9 8.0 6130.5 75 24.4   0  0.021.0 6.2
5281120240211 38.1 25.8  0.009999-99.9-99.9-99.9-99.9 7.1 54-9.9 70-99.9   0  0.019.4-9.9
5281120240212 38.7 22.3 15.819999-99.9-99.9-99.9-99.9 3.1 24-9.9 84-99.9   0  0.012.6-9.9
5281120240213 27.7 18.6  0.009999-99.9-99.9-99.9-99.9 7.1 5421.1 79 18.1   0  0.019.3 4.9
5281120240214 29.3 12.9  0.009999-99.9-99.9-99.9-99.9 6.4 4918.8 75 16.5   0  0.018.1 4.4
5281120240215 31.6 17.1  0.009999-99.9-99.9-99.9-99.9 8.9 6921.0 68 18.3   0  0.022.4 5.7
5281120240216 33.2 19.2  0.009999-99.9-99.9-99.9-99.9 8.1 6221.8 65 18.8   0  0.020.8 5.6
5281120240217 34.8 20.2  0.009999-99.9-99.9-99.9-99.9 8.4 6522.9 58 19.6   0  0.021.4 5.9
5281120240218 34.5 18.2  0.009999-99.9-99.9-99.9-99.9 6.7 5223.3 61 19.9   0  0.018.4 5.2
5281120240219 34.9 23.6  0.009999-99.9-99.9-99.9-99.9 7.9 61-9.9 63-99.9   0  0.020.4-9.9
5281120240220 35.7 19.3  0.009999-99.9-99.9-99.9-99.9 7.8 6124.0 60 20.4   0  0.020.2 5.7
5281120240221 35.9 22.3  0.009999-99.9-99.9-99.9-99.9 7.3 5725.3 58 21.3   0  0.019.2 5.7
5281120240222 37.5 22.2  2.219999-99.9-99.9-99.9-99.9 6.0 4724.8 60 20.9   0  0.017.0 5.2
5281120240223 30.2 21.6 12.519999-99.9-99.9-99.9-99.9-9.9 99-9.9100-99.9   0  0.0 3.3-9.9
5281120240224 26.1 21.6  2.519999-99.9-99.9-99.9-99.9-9.9 9929.4 97 24.2   0  0.0 5.7-9.9
5281120240225 30.5 22.9  3.519999-99.9-99.9-99.9-99.9 0.4  3-9.9 97-99.9   1  0.9 7.5-9.9
5281120240226 31.9 26.2  0.009999-99.9-99.9-99.9-99.9 1.1  9-9.9 93-99.9   2  1.7 8.7-9.9
5281120240227 29.1 25.2  4.219999-99.9-99.9-99.9-99.9-9.9 9936.9 97 28.4   2  1.7 6.1-9.9
5281120240228 27.9 25.5 17.819999-99.9-99.9-99.9-99.9-9.9 99-9.9100-99.9   2  1.7 4.1-9.9
5281120240229 32.1 23.0  0.009999-99.9-99.9-99.9-99.9 4.6 3632.1 88 25.2   2  1.714.3 4.9
5281120240301 34.1 23.7  0.009999-99.9-99.9-99.9-99.9 7.2 5732.0 83 25.2   2  1.718.6 6.7
5281120240302 37.6 24.9 20.019999-99.9-99.9-99.9-99.9 7.5 5935.5 76 26.9   2  1.718.8 7.2
5281120240303 32.4 20.2  4.019999-99.9-99.9-99.9-99.9-9.9 9928.2 99 23.0   2  1.7 3.9-9.9
5281120240304 29.5 21.3  0.009999-99.9-99.9-99.9-99.9 3.6 2826.9 87 22.3   2  1.712.4 4.2
5281120240305 29.8 17.1  0.009999-99.9-99.9-99.9-99.9 8.2 6621.2 70 18.4   2  1.719.8 6.9
5281120240306 30.1 17.8  0.009999-99.9-99.9-99.9-99.9 7.4 6022.0 71 19.0   2  1.718.5 6.2
5281120240307 24.4 20.8 21.819999-99.9-99.9-99.9-99.9-9.9 9925.6 94 21.4   2  1.7 3.2-9.9
5281120240308 36.1 21.7  0.009999-99.9-99.9-99.9-99.9 7.3 5935.2 86 26.6   2  1.718.1 5.7
5281120240309 37.4 25.4 16.019999-99.9-99.9-99.9-99.9 6.8 5537.3 84 27.7   2  1.717.2 6.7
5281120240310 32.9 23.5  0.009999-99.9-99.9-99.9-99.9 6.6 5332.2 88 25.3   2  1.716.8 5.5
5281120240311 37.6 26.1  0.009999-99.9-99.9-99.9-99.9 7.4 6037.2 77 27.7   2  1.718.1 6.9
5281120240312 38.5 27.7  0.009999-99.9-99.9-99.9-99.9 7.6 6237.9 75 28.1   2  1.718.3 7.7
5281120240313 38.5 28.6  0.009999-99.9-99.9-99.9-99.9 7.4 6039.6 69 29.5   2  1.717.8 7.8
5281120240314 39.8 28.0  0.009999-99.9-99.9-99.9-99.9 6.1 5036.1 72 27.2   2  1.715.8 7.5
5281120240315 35.3 23.6  0.009999-99.9-99.9-99.9-99.9 3.5 2933.0 85 25.7   2  1.711.7 4.6
5281120240316 34.5 24.7  0.009999-99.9-99.9-99.9-99.9 5.1 4232.2 77 25.3   2  1.714.1 5.8
5281120240317 28.2 23.8  0.009999-99.9-99.9-99.9-99.9-9.9 9930.1 91 24.1   2  1.7 4.2-9.9
5281120240318 33.2 23.6  0.009999-99.9-99.9-99.9-99.9 3.7 3133.2 89 25.7   2  1.711.8 4.1
5281120240319 35.4 25.4  0.009999-99.9-99.9-99.9-99.9 3.8 3136.0 88 27.2   2  1.711.9 4.6
5281120240320 39.3 27.0  0.009999-99.9-99.9-99.9-99.9 6.2 5136.9 75 27.5   2  1.715.5 6.9
5281120240321 31.5 17.0  0.009999-99.9-99.9-99.9-99.9 5.1 4317.9 66 15.5   2  1.713.8 6.5
5281120240322 28.1 10.9  0.009999-99.9-99.9-99.9-99.9 7.9 6614.7 62 12.7   2  1.717.9 5.9
5281120240323 30.1 12.9  0.009999-99.9-99.9-99.9-99.9 8.3 6917.9 70 15.7   2  1.718.4 5.8
5281120240324 35.7 16.6  0.009999-99.9-99.9-99.9-99.9 6.9 5823.0 73 19.6   2  1.716.2 6.0
5281120240325 35.4 20.0  0.009999-99.9-99.9-99.9-99.9 6.7 5625.8 68 21.6   2  1.715.8 6.5
5281120240326 34.7 21.3  0.009999-99.9-99.9-99.9-99.9 7.5 6325.6 68 21.4   2  1.716.9 6.9
5281120240327 33.4 17.3  0.009999-99.9-99.9-99.9-99.9 7.3 6220.6 62 18.0   2  1.716.6 6.7
5281120240328 34.4 17.7  0.009999-99.9-99.9-99.9-99.9 7.1 6019.5 58 17.0   2  1.716.2 6.9
5281120240329 35.7 17.4  0.009999-99.9-99.9-99.9-99.9 7.2 6121.1 60 18.3   2  1.716.3 6.8
5281120240330 40.5 23.3  7.019999-99.9-99.9-99.9-99.9 6.6 5626.8 57 22.2   2  1.715.2 7.4
5281120240331 31.7 22.1 50.819999-99.9-99.9-99.9-99.9 6.7 5728.1 85 23.0   2  1.715.3 5.8
5281120240401 25.6 18.0  0.009999-99.9-99.9-99.9-99.9-9.9 9922.9 99 19.6   2  1.7 2.4-9.9
5281120240402 22.0 16.6  0.009999-99.9-99.9-99.9-99.9-9.9 9921.5 96 18.6   2  1.7 3.1-9.9
5281120240403 29.8 19.6  0.009999-99.9-99.9-99.9-99.9 2.4 2127.3 94 22.4   2  1.7 8.9 2.6
5281120240404 23.6 19.1  0.009999-99.9-99.9-99.9-99.9-9.9 9923.3 99 20.0   2  1.7 2.5-9.9
5281120240405 27.3 20.4  6.219999-99.9-99.9-99.9-99.9-9.9 9927.6 93 22.7   2  1.7 3.9-9.9
5281120240406 24.8 18.9 11.219999-99.9-99.9-99.9-99.9-9.9 9925.6100 21.4   2  1.7 0.7-9.9
5281120240407 21.0 16.7  0.009999-99.9-99.9-99.9-99.9-9.9 9920.7 98 18.0   2  1.7 3.5-9.9
5281120240408 28.0 14.2  0.009999-99.9-99.9-99.9-99.9 0.7  621.8 89 18.7   2  1.7 6.3 1.8
5281120240409 27.2 19.9 18.519999-99.9-99.9-99.9-99.9-9.9 9927.5 97 22.6   2  1.7 2.7-9.9
5281120240410 23.4 19.5  1.019999-99.9-99.9-99.9-99.9-9.9 9924.7100 20.8   2  1.7 3.4-9.9
5281120240411 21.2 14.6  4.219999-99.9-99.9-99.9-99.9-9.9 9918.7 92 16.4   2  1.7 4.5-9.9
5281120240412 20.0 16.9 10.519999-99.9-99.9-99.9-99.9-9.9 9920.6100 18.0   2  1.7 1.9-9.9
5281120240413 19.3 15.9  4.219999-99.9-99.9-99.9-99.9-9.9 9920.0100 17.5   2  1.7 2.3-9.9
5281120240414 18.8 17.4 23.819999-99.9-99.9-99.9-99.9-9.9 9920.3100 17.8   2  1.7 1.8-9.9
5281120240415 22.2 16.0  0.009999-99.9-99.9-99.9-99.9-9.9 9920.5 96 17.9   2  1.7 2.8-9.9
5281120240416 25.9 11.9  0.009999-99.9-99.9-99.9-99.9 5.7 5116.3 83 14.2   2  1.712.6 4.1
5281120240417 28.9  9.8  0.009999-99.9-99.9-99.9-99.9 6.3 5615.3 70 13.2   2  1.713.3 4.4
5281120240418 30.2 13.4  0.009999-99.9-99.9-99.9-99.9 6.4 5716.3 66 14.3   2  1.713.3 5.0
5281120240419 30.4 13.2  0.009999-99.9-99.9-99.9-99.9 6.4 5716.7 63 14.6   2  1.713.2 4.9
5281120240420 32.9 16.8  0.009999-99.9-99.9-99.9-99.9 6.0 5322.0 70 19.0   2  1.712.6 4.9
5281120240421 32.4 21.6  2.019999-99.9-99.9-99.9-99.9 1.1 1029.2 86 23.6   2  1.7 6.2 2.4
5281120240422 28.2 22.5  0.219999-99.9-99.9-99.9-99.9-9.9 9930.6 96 24.4   2  1.7 3.8-9.9
5281120240423 24.5 17.8  1.819999-99.9-99.9-99.9-99.9-9.9 9924.6100 20.7   2  1.7 0.9-9.9
5281120240424 19.4 14.2  0.009999-99.9-99.9-99.9-99.9-9.9 9918.7100 16.3   2  1.7 0.9-9.9
5281120240425 17.0 13.8  3.819999-99.9-99.9-99.9-99.9-9.9 9917.7100 15.6   2  1.7 1.2-9.9
5281120240426 22.0 16.7  0.519999-99.9-99.9-99.9-99.9-9.9 9922.4100 19.2   2  1.7 2.4-9.9
5281120240427 20.8 17.8  0.219999-99.9-99.9-99.9-99.9-9.9 9920.2 91 17.5   2  1.7 1.1-9.9
5281120240428 25.6 10.6  0.009999-99.9-99.9-99.9-99.9 3.6 3316.9 77 14.6   2  1.7 9.0 2.8
5281120240429 23.6 18.3  0.009999-99.9-99.9-99.9-99.9-9.9 9924.3 98 20.6   2  1.7 2.9-9.9
5281120240430 34.1 20.1  0.009999-99.9-99.9-99.9-99.9 3.1 2829.8 90 23.9   2  1.7 8.3 2.6
5281120240501 25.4 19.0  0.009999-99.9-99.9-99.9-99.9-9.9 9923.0 92 19.7   2  1.7 4.3-9.9
5281120240502 20.1 12.9  0.009999-99.9-99.9-99.9-99.9-9.9 9914.4 85 12.4   2  1.7 3.6-9.9
5281120240503 20.9 12.8  0.009999-99.9-99.9-99.9-99.9 0.8  714.5 79 12.5   2  1.7 5.3 2.3
5281120240504 24.6 12.8  0.009999-99.9-99.9-99.9-99.9 3.0 2817.9 87 15.7   2  1.7 8.0 2.1
5281120240505 23.6 16.4  0.519999-99.9-99.9-99.9-99.9-9.9 9921.0 92 18.2   2  1.7 3.8-9.9
5281120240506 21.2 19.2  0.009999-99.9-99.9-99.9-99.9-9.9 9923.4100 20.0   2  1.7 1.6-9.9
5281120240507 20.3 18.9  0.219999-99.9-99.9-99.9-99.9-9.9 9922.8100 19.6   2  1.7 1.2-9.9
5281120240508 20.8 10.4  0.009999-99.9-99.9-99.9-99.9 3.9 3715.4 76 12.5   2  1.7 8.9 3.5
5281120240509 20.9  4.6  0.009999-99.9-99.9-99.9-99.9 4.0 37 9.4 58  5.9   2  1.7 8.9 3.2
5281120240510 25.0 13.9  0.009999-99.9-99.9-99.9-99.9 3.9 3714.4 74 12.4   2  1.7 8.7 3.3
5281120240511 21.1  9.8  0.009999-99.9-99.9-99.9-99.9 4.3 4013.8 78 11.7   2  1.7 9.1 2.6
5281120240512 20.9 10.7  0.009999-99.9-99.9-99.9-99.9 1.5 1414.5 85 12.4   2  1.7 5.8 2.0
5281120240513 17.4  7.9  0.009999-99.9-99.9-99.9-99.9 4.0 3810.8 82  8.0   2  1.7 8.7 2.5
5281120240514 17.7  0.5  0.009999-99.9-99.9-99.9-99.9 4.6 43 8.6 74  4.7   2  1.7 9.3 2.4
5281120240515 20.1  4.8  0.009999-99.9-99.9-99.9-99.9 5.5 52 9.3 67  5.9   2  1.710.3 3.2
5281120240516 21.0  2.4  0.009999-99.9-99.9-99.9-99.9 5.2 4910.2 76  7.2   2  1.7 9.9 2.8
5281120240517 21.4  3.0  0.009999-99.9-99.9-99.9-99.9 5.3 5110.0 74  6.9   2  1.710.0 2.9
5281120240518 18.8  4.6  0.009999-99.9-99.9-99.9-99.9 4.7 4510.2 83  7.1   2  1.7 9.3 2.2
5281120240519 19.8  0.4  0.009999-99.9-99.9-99.9-99.9 5.5 52 9.5 74  5.9   2  1.710.0 2.3
5281120240520 21.0  4.6  0.009999-99.9-99.9-99.9-99.9 5.4 5111.1 75  8.4   2  1.7 9.9 2.5
5281120240521 20.9 11.8  0.009999-99.9-99.9-99.9-99.9-9.9 9916.6 89 14.6   2  1.7 2.1-9.9
5281120240522 17.1 13.0  0.009999-99.9-99.9-99.9-99.9-9.9 9916.5 96 14.4   2  1.7 1.4-9.9
5281120240523 18.8 12.2  0.009999-99.9-99.9-99.9-99.9 1.5 1414.1 82 12.0   2  1.8 5.4 1.9
5281120240524 16.7  7.5  0.009999-99.9-99.9-99.9-99.9 1.5 1411.5 84  9.0   2  1.7 5.4 2.1
5281120240525 16.0  0.1  0.009999-99.9-99.9-99.9-99.9 5.1 49 7.2 73  2.1   2  1.7 9.4 2.8
5281120240526 14.7 -2.3  0.009999-99.9-99.9-99.9-99.9 4.5 43 7.1 79  1.9   2  1.7 8.7 1.9
5281120240527 16.5  0.8  0.009999-99.9-99.9-99.9-99.9 4.6 44 7.9 78  3.6   2  1.7 8.7 2.1
5281120240528 16.9 -1.6  0.009999-99.9-99.9-99.9-99.9 5.4 51 7.4 70  2.4   2  1.7 9.5 2.3
5281120240529 20.4  3.7  0.009999-99.9-99.9-99.9-99.9 4.6 44 9.8 74  6.6   2  1.7 8.6 2.4
5281120240530 22.3  6.4  0.009999-99.9-99.9-99.9-99.9 4.8 4712.0 77  9.6   2  1.7 8.9 2.3
5281120240531 25.8  7.5  0.009999-99.9-99.9-99.9-99.9 4.3 4113.6 69 11.4   2  1.7 8.2 2.5
5281120240601 29.6 12.1  0.009999-99.9-99.9-99.9-99.9 5.0 4817.3 77 15.2   2  1.7 9.0 3.2
5281120240602 26.3 15.9  0.009999-99.9-99.9-99.9-99.9 4.4 4216.0 67 13.2   2  1.7 8.3 3.4
5281120240603 19.1  8.8  0.009999-99.9-99.9-99.9-99.9 4.8 47 8.3 53  4.1   2  1.7 8.7 4.1
5281120240604 19.6  9.9  0.009999-99.9-99.9-99.9-99.9 1.9 1911.5 73  9.0   2  1.7 5.6 2.6
5281120240605 27.5 11.3  0.009999-99.9-99.9-99.9-99.9 4.7 4616.4 75 14.3   2  1.7 8.6 2.8
5281120240606 33.2 13.7  0.009999-99.9-99.9-99.9-99.9 4.5 4319.3 68 16.9   2  1.7 8.3 3.7
5281120240607 33.1 16.1  0.009999-99.9-99.9-99.9-99.9 1.3 1320.6 71 17.9   2  1.7 4.9 3.5
5281120240608 33.0 21.1  0.009999-99.9-99.9-99.9-99.9 3.5 3420.1 60 17.6   2  1.7 7.2 4.8
5281120240609 30.3 19.2  0.009999-99.9-99.9-99.9-99.9 2.8 2719.9 70 17.4   2  1.7 6.5 3.8
5281120240610 25.0 13.0  0.009999-99.9-99.9-99.9-99.9 4.5 4417.4 80 15.3   2  1.7 8.3 2.8
5281120240611 27.8 13.9  0.009999-99.9-99.9-99.9-99.9 3.6 3520.0 85 17.4   2  1.7 7.3 2.3
5281120240612 34.9 17.0  0.009999-99.9-99.9-99.9-99.9 4.7 4621.7 67 18.7   2  1.7 8.5 4.0
5281120240613 33.7 21.6  0.009999-99.9-99.9-99.9-99.9 4.4 4319.7 57 17.2   2  1.7 8.1 5.4
5281120240614 24.3 18.2  0.009999-99.9-99.9-99.9-99.9 1.9 1920.1 81 17.4   2  1.7 5.5 2.5
5281120240615 25.1 13.9  0.009999-99.9-99.9-99.9-99.9 3.5 3412.6 57 10.4   2  1.7 7.1 4.4
5281120240616 19.3 15.1  0.009999-99.9-99.9-99.9-99.9-9.9 9916.7 94 14.6   2  1.7 1.7-9.9
5281120240617 21.4 15.8  0.009999-99.9-99.9-99.9-99.9-9.9 9919.2 94 16.8   2  1.7 2.8-9.9
5281120240618-99.9-99.9-99.999999-99.9-99.9-99.9-99.9-9.9 99-9.9-99-99.9 -99-99.9-9.9-9.9
5281120240621-99.9-99.9  0.009999-99.9-99.9-99.9-99.9-9.9 99-9.9100-99.9 -99-99.9-9.9-9.9
5281120240622 23.9 19.4  0.219999-99.9-99.9-99.9-99.9-9.9 9924.0 99 20.4   2  1.7 2.4-9.9
5281120240623 19.6 10.0  0.009999-99.9-99.9-99.9-99.9-9.9 9914.3 91 12.0   2  1.8 1.6-9.9
5281120240624 13.9 11.5  0.009999-99.9-99.9-99.9-99.9-9.9 99 9.0 63  5.5   2  1.8 1.5-9.9
5281120240625 14.1  9.8  0.009999-99.9-99.9-99.9-99.9-9.9 9911.0 84  8.4   2  1.8 2.3-9.9
5281120240626 18.0 -1.5  0.009999-99.9-99.9-99.9-99.9 4.7 45 8.5 72  4.4   2  1.7 8.4 2.1
5281120240627 23.8  4.5  0.009999-99.9-99.9-99.9-99.9 5.5 54 9.6 64  6.4   2  1.7 9.3 3.0
5281120240628-99.9-99.9-99.999999-99.9-99.9-99.9-99.9-9.9 99-9.9-99-99.9 -99-99.9-9.9-9.9
5281120240701-99.9-99.9  0.009999-99.9-99.9-99.9-99.9-9.9 99-9.9 49-99.9 -99-99.9-9.9-9.9
5281120240702 28.1  6.1  0.009999-99.9-99.9-99.9-99.9 5.6 54 9.5 55  6.2   0  0.0 9.4 1.6
5281120240703 17.8 11.3  0.009999-99.9-99.9-99.9-99.9-9.9 9911.5 68  9.0   0  0.0 3.1-9.9
5281120240704 19.2 11.6  0.009999-99.9-99.9-99.9-99.9-9.9 99 9.2 56  5.6   0  0.0 3.0-9.9
5281120240705 18.5  6.6  0.009999-99.9-99.9-99.9-99.9 3.2 31 6.9 49  1.5   0  0.0 7.0 1.4
5281120240706 16.7  6.1  0.009999-99.9-99.9-99.9-99.9 2.9 28 6.3 49  0.3   0  0.0 6.6 1.3
5281120240707 15.2  4.4  0.009999-99.9-99.9-99.9-99.9 2.0 19 6.6 60  1.1   0  0.0 5.7 1.2
5281120240708 14.0 -1.7  0.009999-99.9-99.9-99.9-99.9 1.1 10 6.9 68  1.7   0  0.0 4.8 0.9
5281120240709 13.5  2.5  0.009999-99.9-99.9-99.9-99.9 4.1 40 6.4 67  0.5   0  0.0 8.1 1.2
5281120240710 13.4 -6.1  0.009999-99.9-99.9-99.9-99.9 5.2 50 5.7 73 -1.0   0  0.0 9.2 0.9
5281120240711 15.8  2.5  0.009999-99.9-99.9-99.9-99.9 2.5 24 6.8 63  1.5   0  0.0 6.3 1.1
5281120240712 16.5 -4.2  0.009999-99.9-99.9-99.9-99.9 5.7 55 6.0 64 -0.4   0  0.0 9.8 1.1
5281120240713 15.9 -4.9  0.009999-99.9-99.9-99.9-99.9 5.7 55 5.9 69 -0.6   0  0.0 9.8 1.1
5281120240714 17.5 -3.8  0.009999-99.9-99.9-99.9-99.9 5.8 55 7.1 76  1.8   0  0.010.0 1.0
5281120240715 18.9  0.4  0.009999-99.9-99.9-99.9-99.9 0.9  912.1 79  9.4   0  0.0 4.7 0.8
5281120240716 22.4  7.0  0.009999-99.9-99.9-99.9-99.9 6.0 5711.7 77  9.2   0  0.010.3 1.5
5281120240717 23.6  1.4  0.009999-99.9-99.9-99.9-99.9 6.0 5710.9 68  8.0   0  0.010.4 1.5
5281120240718 28.8  9.0  0.009999-99.9-99.9-99.9-99.9 5.6 5415.0 69 12.9   0  0.010.0 1.7
5281120240719 20.9 14.3  0.009999-99.9-99.9-99.9-99.9 2.8 2715.6 76 13.4   0  0.0 6.9 1.5
5281120240720 14.2  9.5  0.009999-99.9-99.9-99.9-99.9-9.9 9912.3100 10.0   0  0.0 1.6-9.9
5281120240721 13.3  9.3  0.009999-99.9-99.9-99.9-99.9-9.9 9912.8 96 10.6   0  0.0 2.6-9.9
5281120240722 18.7 10.3  0.009999-99.9-99.9-99.9-99.9 2.0 1914.0 92 11.9   0  0.0 6.1 1.0
5281120240723 24.4  7.5  0.009999-99.9-99.9-99.9-99.9 2.5 2416.0 84 13.8   0  0.0 6.7 1.2
5281120240724 27.6 11.0  0.009999-99.9-99.9-99.9-99.9 5.1 4816.9 81 14.8   0  0.0 9.6 1.8
5281120240725 26.7  4.8  0.009999-99.9-99.9-99.9-99.9 5.2 49 9.9 54  6.7   0  0.0 9.8 1.8
5281120240726 27.8  6.9  0.009999-99.9-99.9-99.9-99.9 5.6 5211.1 63  8.5   0  0.010.3 1.9
5281120240727 27.3  7.9  0.009999-99.9-99.9-99.9-99.9 5.1 4811.3 65  8.7   0  0.0 9.8 1.8
5281120240728 23.9  8.7  0.009999-99.9-99.9-99.9-99.9 4.5 4210.4 57  7.1   0  0.0 9.2 1.8
5281120240729 20.3  8.1  0.009999-99.9-99.9-99.9-99.9 5.8 54 7.1 53  2.0   0  0.010.7 1.8
5281120240730 21.4  2.9  0.009999-99.9-99.9-99.9-99.9 5.7 53 8.3 54  3.9   0  0.010.7 1.6
5281120240731 23.5 11.8  0.009999-99.9-99.9-99.9-99.9 0.6  516.9 83 14.7   0  0.0 4.8 1.2
5281120240801 34.1 16.6  0.009999-99.9-99.9-99.9-99.9 3.6 3318.2 57 15.9   0  0.0 8.3 2.3
5281120240802 37.2 23.5  0.009999-99.9-99.9-99.9-99.9 4.8 4417.8 46 15.6   0  0.0 9.8 2.9
5281120240803 27.0 13.8  0.009999-99.9-99.9-99.9-99.9 5.3 4915.6 69 13.5   0  0.010.5 2.3
5281120240804 25.0 10.2  0.009999-99.9-99.9-99.9-99.9 5.7 5311.8 68  9.3   0  0.011.1 2.0
5281120240805 23.7  7.0  0.009999-99.9-99.9-99.9-99.9 4.3 4014.8 83 12.5   0  0.0 9.4 1.6
5281120240806 25.5 12.0  0.009999-99.9-99.9-99.9-99.9 2.9 2717.4 93 15.1   0  0.0 7.8 1.5
5281120240807 19.1  7.7  0.009999-99.9-99.9-99.9-99.9 4.9 45 8.2 53  3.7   0  0.010.2 1.9
5281120240808 17.0  1.2  0.009999-99.9-99.9-99.9-99.9 6.0 55 7.6 70  2.9   0  0.011.6 1.7
5281120240809 18.2 -3.2  0.009999-99.9-99.9-99.9-99.9 6.7 61 6.5 63  0.7   0  0.012.5 1.6
5281120240810 23.6  1.1  0.009999-99.9-99.9-99.9-99.9 7.1 64 5.8 40 -0.8   0  0.013.1 2.1
5281120240811 23.5  2.3  0.009999-99.9-99.9-99.9-99.9 6.5 59 5.7 44 -0.9   0  0.012.5 2.1
5281120240812 20.8 -1.3  0.009999-99.9-99.9-99.9-99.9 6.6 60 5.9 47 -0.5   0  0.012.7 1.9
5281120240813 24.8  3.4  0.009999-99.9-99.9-99.9-99.9 6.6 60 6.5 40  0.7   0  0.012.8 2.2
5281120240814 28.6  6.0  0.009999-99.9-99.9-99.9-99.9 6.6 59 7.9 42  3.5   0  0.012.8 2.4
5281120240815 32.3  7.6  0.009999-99.9-99.9-99.9-99.9 6.1 5510.2 47  7.2   0  0.012.3 2.6
5281120240816 30.3  9.6  0.009999-99.9-99.9-99.9-99.9 5.0 4511.8 64  9.4   0  0.011.0 2.4
5281120240817 24.5  9.1  0.009999-99.9-99.9-99.9-99.9 5.6 5012.6 73 10.3   0  0.011.8 2.2
5281120240818 24.6  6.7  0.009999-99.9-99.9-99.9-99.9 4.4 3914.2 77 12.0   0  0.010.3 1.8
5281120240819 18.7 13.8  0.009999-99.9-99.9-99.9-99.9-9.9 9916.0 90 14.0   0  0.0 3.5-9.9
5281120240820 14.6 13.1  1.219999-99.9-99.9-99.9-99.9-9.9 9915.7100 13.8   0  0.0 1.7-9.9
5281120240821 14.9 11.0  0.009999-99.9-99.9-99.9-99.9-9.9 9914.4 98 12.4   0  0.0 2.2-9.9
5281120240822 14.1  8.3  0.009999-99.9-99.9-99.9-99.9 2.6 2310.6 83  7.7   0  0.0 8.2 1.4
5281120240823 17.6  5.7  0.009999-99.9-99.9-99.9-99.9 5.8 51 9.5 72  6.2   0  0.012.5 2.0
5281120240824 19.4 -0.5  0.009999-99.9-99.9-99.9-99.9 6.9 61 7.6 63  2.9   0  0.014.1 2.1
5281120240825 20.4 -1.4  0.009999-99.9-99.9-99.9-99.9 7.1 63 6.6 56  0.9   0  0.014.4 2.2
5281120240826 23.4  3.6  0.009999-99.9-99.9-99.9-99.9 6.9 60 7.1 45  2.0   0  0.014.1 2.5
5281120240827 24.2  5.8  0.009999-99.9-99.9-99.9-99.9 6.3 55 8.2 49  4.2   0  0.013.5 2.5
5281120240828 26.1  4.7  0.009999-99.9-99.9-99.9-99.9 6.7 59 8.4 49  4.3   0  0.014.1 2.7
5281120240829 28.7  6.1  0.009999-99.9-99.9-99.9-99.9 3.8 3311.4 54  8.8   0  0.010.2 2.3
5281120240830 21.3 14.4  0.009999-99.9-99.9-99.9-99.9-9.9 9915.2 93 13.2   0  0.0 2.9-9.9
5281120240831 21.5  9.2  0.009999-99.9-99.9-99.9-99.9 6.1 5312.6 75 10.2   0  0.013.5 2.5
5281120240901 23.2  1.3  0.009999-99.9-99.9-99.9-99.9 7.2 63 9.5 65  6.1   0  0.015.2 2.5
5281120240902 31.2  7.0  0.009999-99.9-99.9-99.9-99.9 7.3 6310.7 48  7.9   0  0.015.4 3.1
5281120240903 27.4 10.6  0.009999-99.9-99.9-99.9-99.9 6.3 5411.1 51  8.1   0  0.014.0 3.1
5281120240904 26.7 12.2  0.009999-99.9-99.9-99.9-99.9 4.2 36 7.5 39  2.8   0  0.011.1 2.8
5281120240905 27.0  5.5  0.009999-99.9-99.9-99.9-99.9 7.3 62 8.3 44  4.1   0  0.015.6 3.0
5281120240906 31.5 11.9  0.009999-99.9-99.9-99.9-99.9 7.1 60 9.5 39  6.3   0  0.015.4 3.4
5281120240907 33.0  9.1  0.009999-99.9-99.9-99.9-99.9 6.7 5711.0 43  8.3   0  0.015.0 3.4
5281120240908 31.9 11.5  0.009999-99.9-99.9-99.9-99.9 6.0 5113.5 56 11.3   0  0.014.0 3.3
5281120240909 30.7 10.0  0.009999-99.9-99.9-99.9-99.9 5.7 4914.8 64 12.7   0  0.013.8 3.1
5281120240910 32.3 11.6  0.009999-99.9-99.9-99.9-99.9 4.2 3517.5 64 15.3   0  0.011.6 2.9
5281120240911 23.8 16.7  0.009999-99.9-99.9-99.9-99.9 2.6 2215.7 68 13.5   0  0.0 9.4 2.5
5281120240912 28.1 10.2  0.009999-99.9-99.9-99.9-99.9 6.0 51 9.2 48  5.4   0  0.014.4 3.1
5281120240913-99.9-99.9-99.999999-99.9-99.9-99.9-99.9-9.9 99-9.9-99-99.9 -99-99.9-9.9-9.9
5281120240917-99.9-99.9-99.999999-99.9-99.9-99.9-99.9-9.9 99-9.9-99-99.9 -99-99.9-9.9-9.9
5281120240918 36.5 16.7  0.009999-99.9-99.9-99.9-99.9 7.3 6115.3 41 13.2   0  0.016.8 4.4
5281120240919 41.1 22.4  0.009999-99.9-99.9-99.9-99.9 6.6 5517.4 40 15.0   0  0.015.9 4.6
5281120240920 33.8 16.8  0.009999-99.9-99.9-99.9-99.9 6.9 5715.5 47 13.0   0  0.016.3 4.4
5281120240921 33.8 16.7  0.009999-99.9-99.9-99.9-99.9 5.9 4919.6 64 17.1   0  0.014.9 4.0
5281120240922 40.9 21.8  0.009999-99.9-99.9-99.9-99.9 5.8 4823.5 53 20.0   0  0.014.8 4.5
5281120240923 30.3 18.8  0.009999-99.9-99.9-99.9-99.9 2.4 2018.2 60 16.0   0  0.0 9.7 3.0
5281120240924 27.1 17.4  0.009999-99.9-99.9-99.9-99.9 0.2  216.5 64 14.3   0  0.0 6.4 2.2
5281120240925 30.7 19.6  0.009999-99.9-99.9-99.9-99.9 4.6 3720.6 72 18.0   0  0.013.2 3.5
5281120240926 24.9 13.4  0.009999-99.9-99.9-99.9-99.9 5.4 4411.9 56  9.0   0  0.014.6 3.5
5281120240927 29.1  6.1  0.009999-99.9-99.9-99.9-99.9 8.3 67 9.2 38  5.7   0  0.019.0 3.9
5281120240928 33.9 13.6  0.009999-99.9-99.9-99.9-99.9 7.9 6414.4 46 12.3   0  0.018.6 4.5
5281120240929 38.6 17.3-99.999999-99.9-99.9-99.9-99.9 7.6 6115.8 39 13.8   0  0.018.1 4.9
5281120240930-99.9-99.9-99.999999-99.9-99.9-99.9-99.9-9.9 99-9.9-99-99.9 -99-99.9-9.9-9.9
5281120241004-99.9-99.9-99.999999-99.9-99.9-99.9-99.9-9.9 99-9.9-99-99.9 -99-99.9-9.9-9.9
5281120241005-99.9-99.9  0.009999-99.9-99.9-99.9-99.9-9.9 99-9.9 37-99.9 -99-99.9-9.9-9.9
5281120241006 36.0 17.5  0.009999-99.9-99.9-99.9-99.9 5.7 4521.0 54 18.3   0  0.015.6 4.6
5281120241007 31.5 21.5  6.219999-99.9-99.9-99.9-99.9 3.0 2422.2 68 19.1   0  0.011.4 3.6
5281120241008 21.7 18.3  8.219999-99.9-99.9-99.9-99.9-9.9 9922.0 93 19.0   0  0.0 3.4-9.9
5281120241009 22.1 18.2  0.219999-99.9-99.9-99.9-99.9-9.9 9921.9 94 19.0   0  0.0 3.9-9.9
5281120241010 22.0 16.3  0.219999-99.9-99.9-99.9-99.9-9.9 9918.9 91 16.6   0  0.0 5.0-9.9
5281120241011 33.0 12.1  0.009999-99.9-99.9-99.9-99.9 7.9 6217.5 65 15.3   0  0.019.6 4.7
5281120241012 34.5 16.2  0.009999-99.9-99.9-99.9-99.9 6.9 5517.1 47 15.0   0  0.018.0 4.9
5281120241013 35.5 19.5  0.009999-99.9-99.9-99.9-99.9 5.8 4518.8 53 16.5   0  0.016.2 4.7
5281120241014 34.8 21.2  0.009999-99.9-99.9-99.9-99.9 4.5 3622.8 62 19.6   0  0.014.3 4.3
5281120241015 33.1 22.2  0.009999-99.9-99.9-99.9-99.9 3.8 3023.9 67 20.3   0  0.013.1 4.0
5281120241016 33.4 18.5  0.009999-99.9-99.9-99.9-99.9 4.3 3421.7 64 18.8   0  0.014.0 4.0
5281120241017 34.7 17.2 25.519999-99.9-99.9-99.9-99.9 2.3 1823.5 88 19.9   0  0.010.8 3.3
5281120241018 29.9 15.8  0.009999-99.9-99.9-99.9-99.9 7.1 5519.0 67 16.6   0  0.018.7 4.6
5281120241019 33.7 17.0  0.009999-99.9-99.9-99.9-99.9 9.0 7018.6 53 16.3   0  0.021.8 5.6
5281120241020 35.8 18.0  0.009999-99.9-99.9-99.9-99.9 9.0 7019.1 48 16.8   0  0.022.0 5.9
5281120241021 38.5 23.3  0.009999-99.9-99.9-99.9-99.9 5.8 4523.8 49 20.2   0  0.016.8 5.3
5281120241022 39.8 24.6  0.009999-99.9-99.9-99.9-99.9 7.8 6025.5 47 21.3   0  0.020.2 6.3
5281120241023 38.5 26.6 31.219999-99.9-99.9-99.9-99.9 7.6 5927.5 62 22.6   0  0.019.8 6.3
5281120241024 29.6 16.9  0.009999-99.9-99.9-99.9-99.9 8.5 6618.8 68 16.4   0  0.021.4 5.3
5281120241025 32.7 15.4  0.009999-99.9-99.9-99.9-99.9 8.6 6614.9 53 12.6   0  0.021.7 5.2
5281120241026 28.9  8.1  0.009999-99.9-99.9-99.9-99.9 9.7 7411.3 44  8.7   0  0.023.6 5.1
5281120241027 30.7 14.1  0.009999-99.9-99.9-99.9-99.9 6.9 5312.5 46 10.2   0  0.018.8 4.7
5281120241028 34.4 14.0  0.009999-99.9-99.9-99.9-99.9 9.1 7013.4 37 11.3   0  0.022.7 5.7
5281120241029 37.0 16.0  0.009999-99.9-99.9-99.9-99.9 9.0 6915.2 37 13.0   0  0.022.6 6.0
5281120241030 38.4 19.4  8.019999-99.9-99.9-99.9-99.9 8.7 6617.2 38 15.1   0  0.022.1 6.1
5281120241031 30.1 20.3 38.819999-99.9-99.9-99.9-99.9-9.9 9925.3 96 21.5   0  0.0 1.8-9.9
5281120241101 32.7 19.1  0.009999-99.9-99.9-99.9-99.9 7.5 5724.9 72 21.0   0  0.020.1 5.4
5281120241102 30.5 20.9  0.009999-99.9-99.9-99.9-99.9 2.7 2026.3 76 21.8   0  0.012.0 3.6
5281120241103 30.9 18.9  0.009999-99.9-99.9-99.9-99.9 3.9 2923.6 74 20.0   0  0.014.1 4.0
5281120241104 35.1 20.8 12.219999-99.9-99.9-99.9-99.9 4.1 3127.4 77 22.5   0  0.014.5 4.4
5281120241105 29.8 16.5  0.009999-99.9-99.9-99.9-99.9 6.3 4721.8 77 18.9   0  0.018.2 4.6
5281120241106 33.8 22.3  0.009999-99.9-99.9-99.9-99.9 5.5 4127.6 78 22.7   0  0.016.9 4.8
5281120241107 32.4 20.7  0.009999-99.9-99.9-99.9-99.9 8.6 6422.9 64 19.6   0  0.022.2 6.0
5281120241108 31.8 18.3  0.009999-99.9-99.9-99.9-99.9 9.3 6917.2 53 14.9   0  0.023.4 6.0
5281120241109 34.4 17.7  0.009999-99.9-99.9-99.9-99.9 9.4 7018.0 47 15.8   0  0.023.7 6.3
5281120241110 39.4 20.0  0.009999-99.9-99.9-99.9-99.9 8.8 6520.3 43 17.7   0  0.022.7 6.5
5281120241111 32.0 16.0  2.519999-99.9-99.9-99.9-99.9-9.9 9918.2 83 15.9   0  0.0 4.6-9.9
5281120241112 31.2 10.4  0.009999-99.9-99.9-99.9-99.9 9.9 7313.1 42 10.8   0  0.024.7 5.8
5281120241113 36.3 14.2  0.009999-99.9-99.9-99.9-99.9 9.7 7212.8 33 10.6   0  0.024.4 6.2
5281120241114 36.8 17.0  0.009999-99.9-99.9-99.9-99.9 8.4 6214.0 35 11.9   0  0.022.2 6.1
5281120241115 37.6 19.3  0.009999-99.9-99.9-99.9-99.9 9.6 7115.5 35 13.5   0  0.024.3 6.6
5281120241116 41.9 20.6  2.219999-99.9-99.9-99.9-99.9 8.6 6316.2 29 14.1   0  0.022.6 6.6
5281120241117 33.1 17.0  0.819999-99.9-99.9-99.9-99.9-9.9 9922.6 90 19.4   0  0.0 5.2-9.9
5281120241118 23.0 17.3  3.819999-99.9-99.9-99.9-99.9-9.9 9922.0100 19.0   0  0.0 1.5-9.9
5281120241119 22.0 19.3 13.519999-99.9-99.9-99.9-99.9-9.9 9923.8100 20.3   0  0.0 2.4-9.9
5281120241120 24.4 18.6  0.009999-99.9-99.9-99.9-99.9-9.9 9924.0 94 20.4   0  0.0 6.1-9.9
5281120241121 30.9 20.4  0.009999-99.9-99.9-99.9-99.9 6.1 4524.0 74 20.5   0  0.018.5 5.0
5281120241122 33.2 16.6  0.009999-99.9-99.9-99.9-99.9 9.0 6622.3 62 19.2   0  0.023.4 6.2
5281120241123 35.6 19.4  0.009999-99.9-99.9-99.9-99.9 9.3 6822.5 53 19.3   0  0.024.1 6.7
5281120241124 41.2 23.2  0.009999-99.9-99.9-99.9-99.9 5.3 3926.2 48 21.8   0  0.017.0 5.6
5281120241125 34.8 25.7 12.819999-99.9-99.9-99.9-99.9 0.4  330.5 77 24.3   0  0.0 8.5 3.1
5281120241126 32.6 22.4  1.219999-99.9-99.9-99.9-99.9 0.3  230.8 86 24.5   0  0.0 8.4 2.6
5281120241127 37.9 23.8 50.519999-99.9-99.9-99.9-99.9 6.1 4432.8 77 25.6   0  0.018.5 5.6
5281120241128 31.1 21.5  0.009999-99.9-99.9-99.9-99.9 3.4 2428.9 85 23.4   0  0.013.8 4.1
5281120241129 33.0 21.2  0.009999-99.9-99.9-99.9-99.9 5.4 3928.2 79 23.1   0  0.017.2 5.0
5281120241130 33.4 21.6  0.009999-99.9-99.9-99.9-99.9 2.9 2128.6 70 23.3   0  0.012.9 3.9
5281120241201 38.6 23.9  0.009999-99.9-99.9-99.9-99.9 5.5 4027.8 64 22.4   0  0.017.5 5.4
5281120241202 30.1 19.4  0.009999-99.9-99.9-99.9-99.9 8.8 6414.0 44 11.9   0  0.023.3 6.1
5281120241203 29.9 17.3  0.009999-99.9-99.9-99.9-99.9 7.3 5313.3 42 11.1   0  0.020.7 5.4
5281120241204 33.1 15.1  0.009999-99.9-99.9-99.9-99.910.1 7314.5 41 12.4   0  0.025.7 6.5
5281120241205 38.6 19.4  0.009999-99.9-99.9-99.9-99.9 8.3 6021.5 43 18.6   0  0.022.5 6.6
5281120241206 34.3 27.6 15.819999-99.9-99.9-99.9-99.9 8.2 5924.7 50 20.8   0  0.022.4 6.9
5281120241207 29.7 20.5  0.519999-99.9-99.9-99.9-99.9 0.9  722.3 76 19.2   0  0.0 9.6 3.1
5281120241208 25.9 17.8  0.009999-99.9-99.9-99.9-99.9 5.9 4217.3 67 15.2   0  0.018.3 4.7
5281120241209 28.4 19.3  0.009999-99.9-99.9-99.9-99.9 5.7 4117.3 54 15.2   0  0.017.9 4.9
5281120241210 33.1 14.5  0.009999-99.9-99.9-99.9-99.9 9.9 7116.9 49 14.8   0  0.025.4 6.5
5281120241211 36.7 19.9  0.009999-99.9-99.9-99.9-99.9 6.3 4520.2 49 17.7   0  0.019.1 5.6
5281120241212 36.5 23.6  5.519999-99.9-99.9-99.9-99.9 2.0 1425.5 58 21.4   0  0.011.5 4.0
5281120241213 32.1 19.9  0.219999-99.9-99.9-99.9-99.9 4.6 3324.4 78 20.7   0  0.016.0 4.6
5281120241214 35.3 20.0  0.009999-99.9-99.9-99.9-99.9 9.5 6819.3 50 16.5   0  0.024.7 6.8
5281120241215 34.6 16.6  0.009999-99.9-99.9-99.9-99.9 9.0 6517.8 47 15.6   0  0.023.8 6.4
5281120241216 34.5 16.9  0.009999-99.9-99.9-99.9-99.9 9.4 6817.2 47 15.1   0  0.024.6 6.6
5281120241217 35.8 20.0  0.009999-99.9-99.9-99.9-99.9 9.2 6619.3 43 16.9   0  0.024.2 6.8
5281120241218 29.0 20.2  0.819999-99.9-99.9-99.9-99.9-9.9 9921.5 77 18.6   0  0.0 4.6-9.9
5281120241219 34.2 16.7  0.009999-99.9-99.9-99.9-99.910.0 7219.9 64 17.3   0  0.025.6 6.7
5281120241220 38.9 17.3  0.009999-99.9-99.9-99.9-99.910.3 7418.7 41 16.3   0  0.026.1 7.2
5281120241221 32.9 21.7  0.009999-99.9-99.9-99.9-99.9 8.2 5922.7 58 19.5   0  0.022.4 6.4
5281120241222 34.2 16.7  0.009999-99.9-99.9-99.9-99.9 9.9 7117.8 48 15.6   0  0.025.4 6.7
5281120241223 37.9 19.1 19.219999-99.9-99.9-99.9-99.9 9.5 6818.0 39 15.8   0  0.024.7 6.9
5281120241224 30.5 18.1  0.009999-99.9-99.9-99.9-99.9 7.1 5121.5 75 18.6   0  0.020.5 5.7
5281120241225 31.9 15.7  0.009999-99.9-99.9-99.9-99.910.3 7417.3 52 15.0   0  0.026.1 6.7
5281120241226 33.4 15.3  0.009999-99.9-99.9-99.9-99.910.0 7217.0 48 14.9   0  0.025.6 6.6
5281120241227 36.6 18.0  0.009999-99.9-99.9-99.9-99.9 9.6 6918.1 43 15.9   0  0.024.9 6.8
5281120241228 35.8 18.9  0.009999-99.9-99.9-99.9-99.9 9.2 6618.5 44 16.2   0  0.024.2 6.8
5281120241229 35.9 18.7  0.009999-99.9-99.9-99.9-99.910.1 7316.2 37 14.1   0  0.025.7 7.0
5281120241230 37.3 19.8  0.009999-99.9-99.9-99.9-99.9 8.7 6218.4 44 16.1   0  0.023.3 6.7
5281120241231 40.0 21.7  0.819999-99.9-99.9-99.9-99.9 9.0 6519.4 36 17.0   0  0.023.9 7.1
5281120250101 32.2 20.9  7.519999-99.9-99.9-99.9-99.9 0.4  325.0 85 21.0   0  0.0 8.7 2.9
5281120250102 37.5 20.4  0.009999-99.9-99.9-99.9-99.9 9.4 6823.8 59 20.2   0  0.024.6 7.0
5281120250103 35.4 20.7  0.009999-99.9-99.9-99.9-99.9 5.0 3616.5 37 14.5   0  0.016.7 5.3
5281120250104 40.2 17.3  0.009999-99.9-99.9-99.9-99.9 9.7 7017.0 32 14.8   0  0.025.1 7.1
5281120250105 39.6 21.2  0.009999-99.9-99.9-99.9-99.9 9.5 6816.7 31 14.6   0  0.024.6 7.2
5281120250106 39.6 22.5  0.009999-99.9-99.9-99.9-99.9 8.6 6216.8 33 14.8   0  0.023.0 6.8
5281120250107 38.4 21.5  0.219999-99.9-99.9-99.9-99.9 5.9 4319.4 57 16.9   1  0.918.3 7.9
5281120250108 39.0 21.3  0.009999-99.9-99.9-99.9-99.9 9.4 6818.0 35 15.8   2  1.324.410.7
5281120250109 36.3 20.5  0.009999-99.9-99.9-99.9-99.9 3.9 2818.8 46 16.5   1  0.914.7 6.9
5281120250110 35.0 21.7  0.009999-99.9-99.9-99.9-99.9 0.6  419.6 45 17.1   1  0.6 9.0 4.8
5281120250111 38.6 17.1  0.009999-99.9-99.9-99.9-99.9 9.6 7015.2 32 13.2   1  0.924.8 9.4
5281120250112 37.3 16.1  0.009999-99.9-99.9-99.9-99.910.0 7315.3 34 13.3   1  0.925.5 9.3
5281120250113 38.7 19.7  0.009999-99.9-99.9-99.9-99.9 8.8 6414.3 30 12.3   1  0.523.4 7.9
5281120250114 39.9 18.0  0.009999-99.9-99.9-99.9-99.9 9.3 6814.7 28 12.6   0  0.424.2 7.8
5281120250115 41.0 17.4  0.009999-99.9-99.9-99.9-99.9 9.5 6915.4 31 13.4   0  0.324.4 8.0
5281120250116 41.0 24.2  0.009999-99.9-99.9-99.9-99.9 7.3 5319.6 38 17.1   1  0.720.6 8.4
5281120250117 40.4 23.7  0.009999-99.9-99.9-99.9-99.9 8.8 6420.8 38 18.1   3  2.723.114.5
5281120250118 39.1 24.0 19.519999-99.9-99.9-99.9-99.9 6.5 4823.7 53 20.2   5  3.619.313.7
5281120250119 30.2 20.1  9.519999-99.9-99.9-99.9-99.9 1.3  925.9 91 21.6   3  2.710.0 4.9
5281120250120 32.3 19.0  0.009999-99.9-99.9-99.9-99.9 9.6 7022.2 69 19.2   2  1.724.6 8.6
5281120250121 35.2 18.5  0.009999-99.9-99.9-99.9-99.9 9.5 6921.1 51 18.3   0  0.324.3 7.2
5281120250122 38.4 22.6  4.219999-99.9-99.9-99.9-99.9 5.5 4025.3 70 21.1   1  0.917.3 6.5
5281120250123 35.6 23.5  0.009999-99.9-99.9-99.9-99.9-9.9 9930.1 70 24.2   0  0.0 0.0-9.9
5281120250124 36.8 21.6 17.219999-99.9-99.9-99.9-99.9-9.9 9930.8 72 24.5   0  0.0 0.0-9.9
5281120250125 35.3 22.7  0.009999-99.9-99.9-99.9-99.9-9.9 9930.1 72 24.2   0  0.0 0.0-9.9
5281120250126 32.2 24.2  0.009999-99.9-99.9-99.9-99.9-9.9 9929.8 74 24.0   0  0.0 0.0-9.9
5281120250127 37.1 24.0 49.819999-99.9-99.9-99.9-99.9-9.9 9929.5 66 23.8   0  0.0 0.0-9.9
5281120250128 31.3 20.0 13.019999-99.9-99.9-99.9-99.9-9.9 9929.1 97 23.5   0  0.0 0.0-9.9
5281120250129 33.6 21.4  0.009999-99.9-99.9-99.9-99.9-9.9 9928.3 83 23.1   0  0.0 0.0-9.9
5281120250130 35.1 21.0  0.009999-99.9-99.9-99.9-99.9-9.9 9927.5 70 22.6   0  0.0 0.0-9.9
5281120250131 34.6 22.2  0.009999-99.9-99.9-99.9-99.9-9.9 9925.8 63 21.5   0  0.0 0.0-9.9
5281120250201 35.6 20.2  0.009999-99.9-99.9-99.9-99.9-9.9 9923.9 60 20.3   0  0.0 0.0-9.9
5281120250202 36.1 22.0  0.009999-99.9-99.9-99.9-99.9-9.9 9923.3 54 19.9   0  0.0 0.0-9.9
5281120250203 39.5 21.8  0.009999-99.9-99.9-99.9-99.9-9.9 9923.5 49 20.0   0  0.0 0.0-9.9
5281120250204 42.5 24.0  0.009999-99.9-99.9-99.9-99.9-9.9 9926.5 50 21.9   0  0.0 0.0-9.9
5281120250205 43.5 25.8  0.519999-99.9-99.9-99.9-99.9-9.9 9927.9 50 22.9   0  0.0 0.0-9.9
5281120250206 36.0 23.4  0.009999-99.9-99.9-99.9-99.9-9.9 9927.8 70 22.8   0  0.0 0.0-9.9
5281120250207 39.3 23.6  0.009999-99.9-99.9-99.9-99.9-9.9 9927.5 58 22.5   0  0.0 0.0-9.9
5281120250208 40.6 26.4  0.009999-99.9-99.9-99.9-99.9-9.9 9929.3 54 23.7   0  0.0 0.0-9.9
5281120250209 40.5 26.1  0.009999-99.9-99.9-99.9-99.9-9.9 9925.7 52 21.5   0  0.0 0.0-9.9
5281120250210 41.7 25.8  0.009999-99.9-99.9-99.9-99.9-9.9 9926.2 51 21.8   0  0.0 0.0-9.9
5281120250211 42.8 26.6  0.009999-99.9-99.9-99.9-99.9-9.9 9924.6 46 20.8   0  0.0 0.0-9.9
5281120250212 37.9 24.7  0.009999-99.9-99.9-99.9-99.9-9.9 9927.9 69 22.9   0  0.0 0.0-9.9
5281120250213 34.8 22.5  0.009999-99.9-99.9-99.9-99.9-9.9 9927.2 73 22.4   0  0.0 0.0-9.9
5281120250214 38.2 23.7  0.009999-99.9-99.9-99.9-99.9-9.9 9928.6 65 23.3   0  0.0 0.0-9.9
5281120250215 33.2 25.7  0.819999-99.9-99.9-99.9-99.9-9.9 9930.9 74 24.6   0  0.0 0.0-9.9
5281120250216 36.6 23.5  4.819999-99.9-99.9-99.9-99.9-9.9 9929.4 71 23.8   0  0.0 0.0-9.9
5281120250217 29.9 24.3-99.999999-99.9-99.9-99.9-99.9-9.9 9931.1 97 24.7   0  0.0 0.0-9.9
5281120250218 32.5 20.4-99.999999-99.9-99.9-99.9-99.9-9.9 9925.1 82 21.1 -99-99.9-9.9-9.9
5281120250219 35.2 17.6-99.999999-99.9-99.9-99.9-99.9-9.9 9924.1 71 20.4 -99-99.9-9.9-9.9
5281120250220 35.4 22.3-99.999999-99.9-99.9-99.9-99.9-9.9 9929.7 74 23.9 -99-99.9-9.9-9.9
5281120250221 37.8 25.6-99.999999-99.9-99.9-99.9-99.9-9.9 9933.1 71 25.8 -99-99.9-9.9-9.9
5281120250222 39.8 26.5-99.999999-99.9-99.9-99.9-99.9-9.9 9931.1 57 24.7 -99-99.9-9.9-9.9
5281120250223 40.5 26.0-99.999999-99.9-99.9-99.9-99.9-9.9 9930.9 58 24.6 -99-99.9-9.9-9.9
5281120250224 42.6 27.7-99.999999-99.9-99.9-99.9-99.9-9.9 9928.9 50 23.5 -99-99.9-9.9-9.9
5281120250225-99.9-99.9-99.999999-99.9-99.9-99.9-99.9-9.9 99-9.9-99-99.9 -99-99.9-9.9-9.9
5281120250227-99.9-99.9-99.999999-99.9-99.9-99.9-99.9-9.9 99-9.9-99-99.9 -99-99.9-9.9-9.9
5281120250228-99.9-99.9-99.999999-99.9-99.9-99.9-99.9-9.9 99-9.9-99-99.9 -99-99.9-9.9-9.9
5281120250505-99.9-99.9-99.999999-99.9-99.9-99.9-99.9-9.9 99-9.9-99-99.9 -99-99.9-9.9-9.9
5281120250514-99.9-99.9-99.999999-99.9-99.9-99.9-99.9-9.9 99-9.9-99-99.9 -99-99.9-9.9-9.9
5281120250515 31.9 22.4  0.009999-99.9-99.9-99.9-99.9 1.2 1125.2 69 21.2  14 11.1 5.314.7
5281120250516 33.2 22.9  0.219999-99.9-99.9-99.9-99.9 3.6 3424.2 68 20.6  14 11.6 8.118.3
5281120250517 34.1 21.6  3.219999-99.9-99.9-99.9-99.9 5.3 5023.7 63 20.2  15 11.610.019.2
5281120250518 26.9 12.9  0.219999-99.9-99.9-99.9-99.9 5.7 5413.4 58 10.6  16 13.010.421.8
5281120250519 22.6 13.0  2.519999-99.9-99.9-99.9-99.9-9.9 9915.6 81 13.4   6  5.0 3.3-9.9
5281120250520 16.8 14.0  0.009999-99.9-99.9-99.9-99.9-9.9 9917.1100 15.1   7  5.5 1.3-9.9
5281120250521 21.3 14.6  0.009999-99.9-99.9-99.9-99.9 0.5  517.3 85 15.2   4  3.2 4.4 2.2
5281120250522 22.3 13.4  0.009999-99.9-99.9-99.9-99.9 0.7  712.1 60  9.6   4  2.9 4.6 5.3
5281120250523 25.1 11.1  2.019999-99.9-99.9-99.9-99.9 2.6 2514.6 70 12.3   7  5.9 6.7 7.3
5281120250524 19.4 17.2  0.219999-99.9-99.9-99.9-99.9-9.9 9920.4100 17.8   5  4.2 1.4-9.9
5281120250525 19.4 15.7  2.219999-99.9-99.9-99.9-99.9-9.9 9920.3100 17.7   3  2.2 1.7-9.9
5281120250526 24.1 18.8  0.009999-99.9-99.9-99.9-99.9-9.9 9924.7 98 20.8   2  1.8 2.3-9.9
5281120250527 21.7  9.8  0.219999-99.9-99.9-99.9-99.9 1.2 1114.6 79 11.7  19 15.3 5.014.6
5281120250528 15.6  3.9  0.009999-99.9-99.9-99.9-99.9 6.1 58 7.7 71  3.1  11  9.110.310.0
5281120250529 17.6 -2.2  0.009999-99.9-99.9-99.9-99.9 6.1 59 6.3 62  0.3   3  2.310.4 3.3
5281120250530 20.2  1.6  0.009999-99.9-99.9-99.9-99.9 6.0 57 8.0 65  3.6   7  5.410.1 6.6
5281120250531 20.9  1.4  0.009999-99.9-99.9-99.9-99.9 5.4 52 9.0 69  5.3   2  1.7 9.5 2.7
5281120250601 19.6  3.6  0.009999-99.9-99.9-99.9-99.9 3.9 3710.2 74  7.2   4  3.4 7.8 3.6
5281120250602 22.7  5.3  0.009999-99.9-99.9-99.9-99.9 5.8 5611.1 70  8.4   5  3.8 9.9 4.3
5281120250603 23.1  6.9  0.009999-99.9-99.9-99.9-99.9 3.0 2912.7 76 10.4   6  4.8 6.8 4.6
5281120250604 26.9 11.2  0.009999-99.9-99.9-99.9-99.9 2.9 2817.7 80 15.4   5  4.3 6.7 3.1
5281120250605 24.5 10.2  0.009999-99.9-99.9-99.9-99.9 4.9 4714.6 78 12.4   4  3.5 8.8 4.8
5281120250606 16.4  8.4  0.009999-99.9-99.9-99.9-99.9-9.9 9913.6100 11.4   4  3.5 3.0-9.9
5281120250607 20.0  7.8  0.009999-99.9-99.9-99.9-99.9 2.4 2314.2 88 12.1   3  2.6 6.1 1.6
5281120250608 21.7  7.3  0.009999-99.9-99.9-99.9-99.9 5.5 5410.2 68  7.0   4  3.1 9.4 4.3
5281120250609 22.4  2.6  0.009999-99.9-99.9-99.9-99.9 5.8 56 9.0 66  5.3   2  1.6 9.6 2.7
5281120250610 22.3  5.3  0.009999-99.9-99.9-99.9-99.9 5.4 5211.0 80  8.2   8  6.2 9.2 5.7
5281120250611 21.5  2.8  0.009999-99.9-99.9-99.9-99.9 5.8 56 9.2 64  5.7   9  7.2 9.6 7.6
5281120250612 24.5  6.2  0.009999-99.9-99.9-99.9-99.9 5.5 5411.8 68  9.2  13 10.2 9.3 9.1
5281120250613 22.8 16.4  1.519999-99.9-99.9-99.9-99.9 0.3  316.5 77 14.5   6  4.8 3.8 5.4
5281120250614 18.2  7.2  1.519999-99.9-99.9-99.9-99.9-9.9 9913.3100 10.9  12  9.6 1.2-9.9
5281120250615 19.1  1.2  0.219999-99.9-99.9-99.9-99.9 5.3 5111.2 87  8.2   7  5.4 9.0 1.1
5281120250616 18.8  8.9  0.009999-99.9-99.9-99.9-99.9-9.9 9915.7 97 13.6   7  6.0 1.7-9.9
5281120250617 15.2 11.6  0.819999-99.9-99.9-99.9-99.9-9.9 9914.7100 12.7  11  9.1 1.3-9.9
5281120250618 14.0  6.9  0.009999-99.9-99.9-99.9-99.9 0.4  412.2 97  9.8  12  9.2 3.9 2.6
5281120250619 17.9  4.6  0.009999-99.9-99.9-99.9-99.9 1.0 1011.4 84  8.7   8  6.7 4.5 2.3
5281120250620 22.3  3.3  0.009999-99.9-99.9-99.9-99.9 5.7 5511.0 74  8.2   4  3.3 9.4 3.6
5281120250621 18.7 10.2  0.009999-99.9-99.9-99.9-99.9 0.5  513.8 97 11.8   6  4.7 4.0 1.6
5281120250622 18.7  7.9  0.009999-99.9-99.9-99.9-99.9 0.9  913.6 96 11.2   8  6.1 4.4 1.7
5281120250623 14.2  2.2  0.009999-99.9-99.9-99.9-99.9 6.1 60 4.9 48 -3.4  10  7.9 9.913.1
5281120250624 21.0 -2.4  0.009999-99.9-99.9-99.9-99.9 6.0 58 5.5 48 -1.5  11  8.6 9.711.6
5281120250625 15.3  5.1  0.009999-99.9-99.9-99.9-99.9-9.9 99 6.5 51  0.7   8  6.7 2.9-9.9
5281120250626 18.6  4.1  0.009999-99.9-99.9-99.9-99.9 3.3 33 8.3 72  4.2   5  3.7 7.0 5.3
5281120250627 21.2  1.8  0.009999-99.9-99.9-99.9-99.9 5.4 53 9.0 67  5.4   6  4.8 9.2 5.2
5281120250628 19.9  9.6  0.009999-99.9-99.9-99.9-99.9 1.8 1712.0 72  9.6   7  5.5 5.4 5.5
5281120250629 14.8  5.4  0.009999-99.9-99.9-99.9-99.9-9.9 99 8.0 76  3.5  19 15.0 2.4-9.9
5281120250630 11.9  1.0  0.009999-99.9-99.9-99.9-99.9 4.3 42 5.3 62 -2.1   4  3.5 8.1 5.0
5281120250701 12.4 -0.9  0.009999-99.9-99.9-99.9-99.9 2.7 26 5.1 55 -2.6   5  4.2 6.4 5.0
5281120250702 15.9 -0.4  0.009999-99.9-99.9-99.9-99.9 5.6 54 4.8 49 -3.5   8  6.3 9.4 9.3
5281120250703 18.4  0.7  0.009999-99.9-99.9-99.9-99.9 5.0 48 5.6 50 -1.5   9  7.4 8.811.0
5281120250704 24.4  3.9  0.009999-99.9-99.9-99.9-99.9 5.4 53 8.1 58  3.9   9  6.8 9.310.6
5281120250705 27.6  8.1  0.009999-99.9-99.9-99.9-99.9 4.9 4813.9 67 11.7   7  5.6 8.8 6.4
5281120250706 26.6 16.4  0.009999-99.9-99.9-99.9-99.9 0.7  715.7 62 13.7  12  9.7 4.314.3
5281120250707 27.4 16.9  0.009999-99.9-99.9-99.9-99.9 3.4 3318.8 82 16.5   6  4.9 7.2 5.9
5281120250708 28.2 10.4  0.009999-99.9-99.9-99.9-99.9 4.8 4617.3 74 15.1   9  7.1 8.7 6.1
5281120250709 29.4 17.7  0.009999-99.9-99.9-99.9-99.9 3.5 3417.3 61 15.0  13 10.4 7.316.4
5281120250710 23.7 14.8  0.009999-99.9-99.9-99.9-99.9 1.3 1216.7 80 14.7   9  7.1 5.0 7.9
5281120250711 17.1 11.6  0.819999-99.9-99.9-99.9-99.9-9.9 9915.0 94 13.0   7  5.9 1.7-9.9
5281120250712 21.4 12.3  0.009999-99.9-99.9-99.9-99.9 2.5 2414.8 84 12.8   4  3.4 6.4 2.6
5281120250713 24.9  8.4  0.009999-99.9-99.9-99.9-99.9 2.5 2415.1 80 13.0   3  2.7 6.3 2.2
5281120250714 29.7 15.1  0.009999-99.9-99.9-99.9-99.9 2.5 2417.0 65 14.9   8  6.4 6.4 8.6
5281120250715 32.0 17.1  0.009999-99.9-99.9-99.9-99.9 3.4 3217.0 58 14.9  13 10.4 7.317.9
5281120250716 23.4 10.1-99.999999-99.9-99.9-99.9-99.9 1.4 1412.3 66  9.5  20 15.9 5.320.6
5281120250717-99.9-99.9  0.009999-99.9-99.9-99.9-99.9-9.9 99-9.9-99-99.9 -99-99.9-9.9-9.9
5281120250718 24.1  2.7  0.009999-99.9-99.9-99.9-99.9 6.5 62 5.4 38 -1.7   9  7.410.915.1
5281120250719 26.6  4.2  0.009999-99.9-99.9-99.9-99.9 6.4 61 7.5 46  2.8  11  8.910.816.9
5281120250720 27.3  8.5  0.009999-99.9-99.9-99.9-99.9 5.7 5511.3 59  8.7   8  6.610.111.0
5281120250721 29.7  8.2  0.009999-99.9-99.9-99.9-99.9 5.1 4813.5 62 11.4   4  3.0 9.4 6.2
5281120250722 26.0 14.1  1.819999-99.9-99.9-99.9-99.9 2.2 2115.6 73 13.5  13 10.1 6.312.2
5281120250723 14.1 10.3  5.219999-99.9-99.9-99.9-99.9-9.9 9913.3100 11.1   9  6.9 0.5-9.9
5281120250724 14.5  9.4  0.219999-99.9-99.9-99.9-99.9-9.9 9913.7 99 11.5   6  4.7 1.8-9.9
5281120250725 18.1 12.6  1.519999-99.9-99.9-99.9-99.9-9.9 9916.6 97 14.6   5  3.9 2.4-9.9
5281120250726 15.3 12.8  0.219999-99.9-99.9-99.9-99.9-9.9 9915.3100 13.3  17 13.7 0.7-9.9
5281120250727 12.8  8.9  0.819999-99.9-99.9-99.9-99.9-9.9 9911.9100  9.5  20 15.7 1.1-9.9
5281120250728 11.2  8.7  0.009999-99.9-99.9-99.9-99.9-9.9 9911.7100  9.3   9  6.9 1.6-9.9
5281120250729 18.5  3.0  0.009999-99.9-99.9-99.9-99.9 3.4 3211.7 86  9.0   7  6.0 7.9 2.7
5281120250730 22.3  6.8  0.009999-99.9-99.9-99.9-99.9 5.1 4812.4 70 10.1  15 12.1 9.9 9.4
5281120250731 28.5 16.4  0.009999-99.9-99.9-99.9-99.9 0.1  115.8 65 13.7  11  8.5 4.212.7
5281120250801 30.7 19.1  0.009999-99.9-99.9-99.9-99.9 4.5 4218.7 64 16.5  11  9.1 9.415.5
5281120250802 23.9 11.5  0.009999-99.9-99.9-99.9-99.9 2.5 2314.3 79 12.2  10  8.4 7.110.1
5281120250803 24.1  8.4  0.009999-99.9-99.9-99.9-99.9 4.8 4511.3 63  8.6   9  7.4 9.810.6
5281120250804 23.0 10.7  0.009999-99.9-99.9-99.9-99.9 5.5 51 8.2 46  3.8   8  6.710.714.8
5281120250805 23.0  5.6  0.009999-99.9-99.9-99.9-99.9 6.1 56 8.1 52  4.0   7  5.611.5 9.8
5281120250806 24.2  7.6  0.009999-99.9-99.9-99.9-99.9 3.6 3412.6 70 10.2   5  3.9 8.6 6.1
5281120250807 22.7 12.6  0.009999-99.9-99.9-99.9-99.9 2.5 2311.0 61  8.3  11  9.1 7.315.1
5281120250808 17.6  2.9  0.009999-99.9-99.9-99.9-99.9 6.6 60 7.9 67  3.4   7  5.912.2 7.4
5281120250809 21.0 -2.9  0.009999-99.9-99.9-99.9-99.9 6.7 62 6.4 53  0.5   5  4.412.5 6.9
5281120250810 22.4  3.1  0.009999-99.9-99.9-99.9-99.9 6.7 61 7.7 55  3.2   9  7.012.611.9
5281120250811 24.3  5.1  0.009999-99.9-99.9-99.9-99.9 6.7 61 8.8 56  5.0   8  6.312.611.4
5281120250812 28.0  7.3  0.009999-99.9-99.9-99.9-99.9 6.1 56 9.3 53  5.9  11  9.212.017.6
5281120250813 25.2  7.8  0.009999-99.9-99.9-99.9-99.9 5.8 5212.1 70  9.7  13 10.411.614.1
5281120250814 21.6  6.6  0.009999-99.9-99.9-99.9-99.9 6.1 56 9.2 60  5.4   6  4.812.2 8.3
5281120250815 20.8  7.0  0.009999-99.9-99.9-99.9-99.9 4.4 40 9.7 62  6.4   7  5.210.1 7.1
5281120250816 23.8 10.5  0.009999-99.9-99.9-99.9-99.9 6.1 5512.6 69 10.2   5  4.212.3 6.4
5281120250817 23.2  7.9  0.009999-99.9-99.9-99.9-99.9 2.9 2611.2 67  8.6   6  4.5 8.3 6.4
5281120250818 25.6 12.1 16.519999-99.9-99.9-99.9-99.9 3.1 2815.3 77 13.2  10  7.9 8.6 8.7
5281120250819 18.5 12.3  0.219999-99.9-99.9-99.9-99.9-9.9 9915.4 94 13.4  17 13.5 3.5-9.9
5281120250820 25.1  8.4  0.009999-99.9-99.9-99.9-99.9 6.9 6211.3 60  8.7   8  6.513.710.8
5281120250821 27.0 10.4  0.009999-99.9-99.9-99.9-99.9 6.6 5915.6 74 13.5  14 11.413.311.2
5281120250822 23.0 13.5  0.009999-99.9-99.9-99.9-99.9 3.7 3314.1 68 11.2  23 18.2 9.620.2
5281120250823 20.5  6.9  0.009999-99.9-99.9-99.9-99.9 7.1 63 6.4 42  0.4  15 11.814.1-9.9
5281120250824 22.3 -0.8  0.009999-99.9-99.9-99.9-99.9 7.6 68 5.7 42 -1.1   5  4.314.9 8.7
5281120250825 27.6  5.1  0.009999-99.9-99.9-99.9-99.9 7.5 66 6.1 34 -0.2   8  6.814.817.2
5281120250826 27.6  7.1  0.009999-99.9-99.9-99.9-99.9 7.5 66 7.2 37  2.2   9  7.214.918.5
5281120250827 27.3  9.2  0.009999-99.9-99.9-99.9-99.9 7.5 66 8.6 41  4.7   9  7.015.017.0
5281120250828 28.1  8.6  0.009999-99.9-99.9-99.9-99.9 7.2 6311.2 52  8.5   8  6.114.713.2
5281120250829 30.7 13.6  0.009999-99.9-99.9-99.9-99.9 7.1 6215.4 56 13.4  15 12.014.620.8
5281120250830 32.0 18.7  4.819999-99.9-99.9-99.9-99.9-9.9 9920.4 73 17.7  12  9.7 3.9-9.9
5281120250831 21.5 13.0  0.009999-99.9-99.9-99.9-99.9-9.9 9916.2 96 14.1  17 13.5 1.1-9.9
5281120250901 20.8  5.6  0.009999-99.9-99.9-99.9-99.9 6.8 5911.1 78  8.5   6  4.514.4 5.8
5281120250902 24.3  9.3  0.009999-99.9-99.9-99.9-99.9 3.3 2815.3 80 13.2   3  2.4 9.7 3.1
5281120250903 21.9 10.1  0.009999-99.9-99.9-99.9-99.9 2.4 2015.6 88 13.5  10  7.6 8.5 5.0
5281120250904 21.2  6.4  0.009999-99.9-99.9-99.9-99.9 7.7 66 8.7 56  4.4  10  8.416.015.3
5281120250905 18.5  6.7  0.009999-99.9-99.9-99.9-99.9 6.8 59 6.6 51  1.1   6  4.614.9 9.4
5281120250906 21.1  3.2  0.009999-99.9-99.9-99.9-99.9 7.6 65 7.3 46  2.4   8  6.016.011.2
5281120250907 21.3  5.8  0.009999-99.9-99.9-99.9-99.9 4.2 36 9.0 58  5.3   8  6.611.410.2
5281120250908 26.9  5.9  0.009999-99.9-99.9-99.9-99.9 6.2 5310.9 62  8.1   4  3.614.3 7.7
5281120250909 28.4  5.1  0.009999-99.9-99.9-99.9-99.9 7.8 6710.8 56  8.0   7  5.616.611.0
5281120250910 33.9 11.7  0.009999-99.9-99.9-99.9-99.9 7.7 6613.6 53 11.5  13 10.616.522.1
5281120250911 28.6 11.7  0.009999-99.9-99.9-99.9-99.9 8.3 70 8.9 32  4.6  10  7.917.522.8
5281120250912 29.0  9.3  0.009999-99.9-99.9-99.9-99.9 7.7 65 9.7 42  6.3   9  7.216.718.1
5281120250913 35.3 12.2  0.009999-99.9-99.9-99.9-99.9 7.1 6015.3 52 13.2  10  7.816.017.3
5281120250914 31.9 17.2  0.009999-99.9-99.9-99.9-99.9 4.9 4118.0 55 15.7   9  7.312.816.1
5281120250915 29.6 18.1  0.009999-99.9-99.9-99.9-99.9 3.6 3022.3 79 19.2   9  7.610.9 9.6
5281120250916 30.8 19.6  0.009999-99.9-99.9-99.9-99.9 2.9 2421.8 70 18.8   8  6.310.0 8.4
5281120250917 32.2 19.1 10.519999-99.9-99.9-99.9-99.9 2.0 1723.6 68 20.1  10  7.6 8.811.2
5281120250918 31.5 20.5  9.819999-99.9-99.9-99.9-99.9 4.0 3325.7 83 21.5   9  7.511.7 9.4
5281120250919 39.3 21.5  5.819999-99.9-99.9-99.9-99.9 6.3 5224.3 57 20.6  13 10.215.321.3
5281120250920 30.4 20.8  1.819999-99.9-99.9-99.9-99.9 5.8 4825.0 83 21.0  16 12.514.614.4
5281120250921 23.2 16.0  0.009999-99.9-99.9-99.9-99.9 5.1 4217.5 76 15.3  20 16.413.616.5
5281120250922 26.2  8.0  0.009999-99.9-99.9-99.9-99.9 8.7 7210.3 53  7.0   7  5.519.113.0
5281120250923 29.5 12.2  0.009999-99.9-99.9-99.9-99.9 8.2 68 9.1 37  5.6  14 10.918.5-9.9
5281120250924 30.0  8.7  0.009999-99.9-99.9-99.9-99.9 8.3 6811.6 48  9.1   9  7.518.717.8
5281120250925 31.0 11.8  0.009999-99.9-99.9-99.9-99.9 8.4 6912.9 49 10.4  13 10.318.923.1
5281120250926 34.9 17.1  0.219999-99.9-99.9-99.9-99.9 7.4 6117.2 48 15.0  21 16.617.5-9.9
5281120250927 29.0 14.5  0.219999-99.9-99.9-99.9-99.9 8.1 6612.7 53 10.0  21 17.018.7-9.9
5281120250928 29.2  5.0  0.009999-99.9-99.9-99.9-99.9 8.9 73 9.1 39  5.5   7  5.820.014.7
5281120250929 33.1 14.8  0.009999-99.9-99.9-99.9-99.9 7.8 6316.8 53 14.6  11  8.718.417.8
5281120250930 29.8 18.6  0.009999-99.9-99.9-99.9-99.9 6.8 5515.3 46 13.0   9  7.116.918.2
5281120251001 29.9 13.0  0.009999-99.9-99.9-99.9-99.9 8.5 6914.6 48 12.4   7  5.619.614.4
5281120251002 28.4 18.7  0.009999-99.9-99.9-99.9-99.9 2.3 1821.7 77 18.8   4  3.2 9.9 5.7
5281120251003 34.3 17.1  0.009999-99.9-99.9-99.9-99.9 8.0 6520.1 58 17.5  11  8.719.117.8
5281120251004 38.5 20.9  0.009999-99.9-99.9-99.9-99.9 7.8 6324.1 54 20.4  17 14.018.7-9.9
5281120251005 32.3 20.2  0.009999-99.9-99.9-99.9-99.9 6.0 4821.0 70 17.9  26 20.416.0-9.9
5281120251006 24.2 13.2  0.009999-99.9-99.9-99.9-99.9 7.1 57 7.8 38  3.1  13 10.117.8-9.9
5281120251007 27.8  4.4  0.009999-99.9-99.9-99.9-99.9 9.4 75 6.5 29  0.9   6  4.821.615.2
5281120251008 29.7  8.3  0.009999-99.9-99.9-99.9-99.9 9.4 75 7.4 29  2.6   7  5.921.718.9
5281120251009 33.2 10.4  0.009999-99.9-99.9-99.9-99.9 9.4 75 8.5 30  4.4  10  8.221.7-9.9
5281120251010 35.9 13.7  0.009999-99.9-99.9-99.9-99.9 9.1 7212.4 39  9.8  15 12.021.3-9.9
5281120251011 40.3 17.6  0.009999-99.9-99.9-99.9-99.9 7.7 6117.3 46 15.1  14 11.419.2-9.9
5281120251012 30.9 14.4  0.009999-99.9-99.9-99.9-99.9 8.7 69 9.8 35  6.4  16 13.020.9-9.9
5281120251013 32.1  7.2  0.009999-99.9-99.9-99.9-99.9 9.3 73 8.4 29  4.5   4  2.821.811.5
5281120251014 33.3 13.3  0.009999-99.9-99.9-99.9-99.9 9.1 71 8.2 24  4.1  12  9.221.6-9.9
5281120251015 37.0 16.4  0.009999-99.9-99.9-99.9-99.9 8.1 6313.0 33 10.8  10  8.420.0-9.9
5281120251016 34.5 22.7  0.009999-99.9-99.9-99.9-99.9 2.6 2025.5 72 21.3   8  6.711.112.4
5281120251017 32.8 21.1  0.009999-99.9-99.9-99.9-99.9 2.9 2324.6 75 20.7   9  7.411.710.1
5281120251018 30.1 16.2  0.009999-99.9-99.9-99.9-99.9 8.9 6913.1 43 10.3  12  9.721.524.9
5281120251019 29.7 13.3  0.009999-99.9-99.9-99.9-99.9 9.3 73 9.7 33  6.4  13 10.122.4-9.9
5281120251020 32.9 12.2  0.009999-99.9-99.9-99.9-99.9 9.0 7012.7 40 10.4  14 11.421.9-9.9
5281120251021 35.1 18.7  0.009999-99.9-99.9-99.9-99.9 8.6 6715.3 36 13.2  18 14.721.3-9.9
5281120251022 37.9 18.0  0.009999-99.9-99.9-99.9-99.9 7.6 5916.5 39 14.3  14 11.319.8-9.9
5281120251023 35.6 23.1  0.009999-99.9-99.9-99.9-99.9 7.6 5921.6 52 18.7  21 16.919.7-9.9
5281120251024 40.5 22.3  0.819999-99.9-99.9-99.9-99.9 5.6 4323.3 58 19.9  18 14.516.5-9.9
5281120251025 25.4 16.5  0.219999-99.9-99.9-99.9-99.9 3.2 2519.3 85 16.8  17 13.612.513.4
5281120251026 27.9  9.3  0.009999-99.9-99.9-99.9-99.9 9.1 7012.8 55 10.4   5  4.322.511.3
5281120251027 29.4 13.8  0.009999-99.9-99.9-99.9-99.9 6.8 5214.8 52 12.8  13 10.718.721.5
5281120251028 20.8  9.7  0.219999-99.9-99.9-99.9-99.9-9.9 9913.5 99 11.4  20 16.0 1.6-9.9
5281120251029 23.2  8.4  0.009999-99.9-99.9-99.9-99.9 7.1 5412.3 67 10.0   6  5.019.3 8.8
5281120251030 25.9 15.4  2.819999-99.9-99.9-99.9-99.9 2.7 2114.9 64 12.9   6  5.011.9 8.8
5281120251031 31.7 15.2  0.009999-99.9-99.9-99.9-99.9 8.2 6216.3 50 14.2  14 11.221.124.0
5281120251101 31.4 17.4  0.009999-99.9-99.9-99.9-99.9 4.9 3718.8 56 16.5  10  7.615.715.7
5281120251102 33.0 16.8  0.009999-99.9-99.9-99.9-99.9 9.3 7016.9 45 14.7   8  6.323.117.7
5281120251103 35.7 18.7  0.009999-99.9-99.9-99.9-99.9 8.8 6718.8 49 16.4   9  7.422.420.7
5281120251104 38.9 20.4  0.009999-99.9-99.9-99.9-99.9 6.5 4921.9 57 18.9  14 11.018.524.9
5281120251105 32.0 17.3  0.009999-99.9-99.9-99.9-99.9 9.0 6816.1 47 13.9   9  7.022.820.0
5281120251106 28.4 18.4 14.519999-99.9-99.9-99.9-99.9 1.8 1316.3 50 14.2  12  9.310.518.2
5281120251107 24.2 14.6  0.009999-99.9-99.9-99.9-99.9 1.8 1318.6 95 16.3  11  9.110.5 5.9
5281120251108 24.0 10.8  0.009999-99.9-99.9-99.9-99.9 8.0 6014.3 67 12.2   7  5.721.210.2
5281120251109 28.8 12.2  0.009999-99.9-99.9-99.9-99.9 7.8 5815.3 55 13.3   8  6.120.913.0
5281120251110 31.4 14.6  0.009999-99.9-99.9-99.9-99.9 9.0 6715.0 43 13.0  11  8.523.121.4
5281120251111 37.9 17.7  0.009999-99.9-99.9-99.9-99.9 8.4 6218.9 41 16.5  13 10.122.0-9.9
5281120251112 30.8 16.6 31.019999-99.9-99.9-99.9-99.9-9.9 9922.0 97 18.9  13 10.1 2.6-9.9
5281120251113 30.4 15.9  0.009999-99.9-99.9-99.9-99.9 5.3 4019.0 71 16.6   4  3.516.8 8.0
5281120251114 25.6 18.6  0.009999-99.9-99.9-99.9-99.9-9.9 9922.6 91 19.4   6  4.7 4.4-9.9
5281120251115 36.3 17.7 12.219999-99.9-99.9-99.9-99.9 5.2 3925.4 62 21.2  11  8.816.714.7
5281120251116 29.5 17.3  0.819999-99.9-99.9-99.9-99.9 4.2 3122.4 78 19.2  13 10.614.914.6
5281120251117 28.6 12.4  0.009999-99.9-99.9-99.9-99.910.1 7414.1 51 12.0   6  4.825.113.8
5281120251118 37.5 14.2  0.009999-99.9-99.9-99.9-99.910.0 7413.7 39 11.5   8  6.225.020.7
5281120251119 37.6 17.9  0.009999-99.9-99.9-99.9-99.9 9.7 7215.3 34 13.1   9  6.924.624.7
5281120251120 40.0 22.5  1.819999-99.9-99.9-99.9-99.9 9.3 6816.2 32 14.1  21 17.023.9-9.9
5281120251121 32.0 17.8  0.009999-99.9-99.9-99.9-99.9 7.3 5317.6 64 15.1  15 12.220.4-9.9
5281120251122 30.6 12.9  0.009999-99.9-99.9-99.9-99.9 9.2 6714.9 52 12.8   6  4.523.813.4
5281120251123 30.2 13.1  0.009999-99.9-99.9-99.9-99.9 9.7 7115.0 47 12.9   5  4.224.613.2
5281120251124 33.2 14.0  0.009999-99.9-99.9-99.9-99.910.4 7612.7 35 10.2   6  5.126.018.2
5281120251125 36.3 15.8  0.009999-99.9-99.9-99.9-99.910.1 7313.7 33 11.4   8  6.725.423.8
5281120251126 38.9 16.7  0.009999-99.9-99.9-99.9-99.9 9.7 7015.0 31 12.9  10  8.224.7-9.9
5281120251127 42.1 23.6  0.009999-99.9-99.9-99.9-99.9 7.6 5518.1 35 15.9  13 10.321.1-9.9
5281120251128 38.0 25.3  0.219999-99.9-99.9-99.9-99.9 5.6 4123.2 48 19.8   9  7.417.622.5
5281120251129 36.6 22.9 68.219999-99.9-99.9-99.9-99.9 4.0 2927.9 67 22.8  12  9.614.815.9
5281120251130 31.0 20.3  0.009999-99.9-99.9-99.9-99.9 2.8 2028.5 91 23.2   9  6.912.8 7.4
5281120251201 30.1 21.9  0.009999-99.9-99.9-99.9-99.9 1.2  928.4 85 23.1   7  5.310.1 5.5
5281120251202 32.1 21.3  0.009999-99.9-99.9-99.9-99.9 7.5 5423.6 69 20.1   5  4.321.110.9
5281120251203 34.3 15.2  0.009999-99.9-99.9-99.9-99.910.3 7518.0 47 15.7   6  5.125.916.1
5281120251204 36.2 18.9  0.009999-99.9-99.9-99.9-99.910.1 7317.8 43 15.5  10  8.425.6-9.9
5281120251205 37.1 20.2  0.009999-99.9-99.9-99.9-99.9 7.8 5616.8 38 14.8   8  6.821.622.9
5281120251206 37.7 20.1  2.519999-99.9-99.9-99.9-99.9 9.9 7218.5 40 16.1   5  3.825.316.6
5281120251207 30.4 20.3 69.519999-99.9-99.9-99.9-99.9 1.0  825.2 95 21.2  16 13.0 9.811.5
5281120251208 27.4 16.6  0.009999-99.9-99.9-99.9-99.9 5.6 4122.1 87 19.0  18 14.117.810.9
5281120251209 30.2 16.9  0.009999-99.9-99.9-99.9-99.910.1 7322.5 76 19.3  14 11.125.715.1
5281120251210 32.9 18.4  0.009999-99.9-99.9-99.9-99.9 9.9 7121.2 55 18.3   8  6.125.416.4
5281120251211 37.1 20.6  4.819999-99.9-99.9-99.9-99.9 5.5 3923.1 64 19.6  14 11.417.622.1
5281120251212 34.1 18.8  0.009999-99.9-99.9-99.9-99.9 9.8 7022.9 62 19.5  10  7.925.216.4
5281120251213 34.7 20.2  0.009999-99.9-99.9-99.9-99.910.1 7222.9 56 19.5  15 12.025.6-9.9
5281120251214 34.5 21.9  5.819999-99.9-99.9-99.9-99.9 9.3 6626.0 63 21.7  11  8.724.219.3
5281120251215 28.8 17.5  3.219999-99.9-99.9-99.9-99.9 0.9  722.2 94 19.0  14 11.2 9.610.9
5281120251216 32.5 13.6  0.009999-99.9-99.9-99.9-99.910.2 7317.1 58 14.9   8  6.426.016.0
5281120251217 32.9 16.2  0.009999-99.9-99.9-99.9-99.910.5 7515.4 38 13.3  17 13.326.5-9.9
5281120251218 36.0 15.9  0.009999-99.9-99.9-99.9-99.9 9.9 7116.2 39 14.2  11  8.625.3-9.9
5281120251219 38.3 20.3  0.009999-99.9-99.9-99.9-99.9 6.4 4622.2 46 19.1  17 13.519.2-9.9
5281120251220 40.2 23.4  6.519999-99.9-99.9-99.9-99.9 2.2 1626.3 71 21.8  18 14.311.9-9.9
5281120251221 25.4 22.7  4.819999-99.9-99.9-99.9-99.9-9.9 9925.1 84 21.1   9  7.3 4.8-9.9
5281120251222 29.1 22.0  0.009999-99.9-99.9-99.9-99.9 2.8 2025.3 83 21.2  12  9.213.0 9.7
5281120251223 35.2 21.2  0.009999-99.9-99.9-99.9-99.9 7.5 5427.1 69 22.3   7  5.921.212.7
5281120251224 36.9 23.0  3.819999-99.9-99.9-99.9-99.9 8.5 6128.4 63 23.1  10  7.923.018.7
5281120251225 34.0 20.3  0.009999-99.9-99.9-99.9-99.9 5.2 3726.0 82 21.7  12  9.217.114.4
5281120251226 36.1 20.8  0.009999-99.9-99.9-99.9-99.9 7.8 5626.4 64 21.9  11  8.821.818.7
5281120251227 35.4 24.0 24.819999-99.9-99.9-99.9-99.9 0.5  328.6 82 23.2   8  6.4 8.8 8.3
5281120251228 31.4 23.1  0.009999-99.9-99.9-99.9-99.9 1.6 1128.1 82 22.9   6  4.910.7 6.8
5281120251229 33.5 22.4  0.009999-99.9-99.9-99.9-99.9 6.2 4428.0 74 22.8   8  6.718.812.3
5281120251230 35.0 21.8  0.009999-99.9-99.9-99.9-99.9 6.3 4528.8 74 23.3   7  5.819.012.1
5281120251231 38.2 24.0  0.219999-99.9-99.9-99.9-99.9 8.3 6029.7 62 23.8   6  5.222.615.1
5281120260101 38.5 22.9  0.009999-99.9-99.9-99.9-99.9 8.6 6224.8 56 20.8   7  5.923.119.5
5281120260102 41.8 23.3  0.009999-99.9-99.9-99.9-99.9 9.1 6624.4 47 20.4   9  6.924.022.7
5281120260103 33.9 25.0  0.009999-99.9-99.9-99.9-99.9 7.4 5319.0 41 16.0  11  8.721.0-9.9
5281120260104 30.1 14.2  0.009999-99.9-99.9-99.9-99.910.1 7312.8 39 10.6   9  7.025.620.9
5281120260105 33.6 16.8  0.009999-99.9-99.9-99.9-99.910.5 7614.1 35 11.9  14 11.426.4-9.9
5281120260106 37.4 18.8  0.009999-99.9-99.9-99.9-99.9 9.9 7216.5 36 14.3  16 12.625.4-9.9
5281120260107 37.4 21.7 11.219999-99.9-99.9-99.9-99.9 7.8 5622.6 51 19.3  10  8.121.622.4
5281120260108 29.7 21.3 74.019999-99.9-99.9-99.9-99.9-9.9 9922.7 84 19.5  12  9.8 2.5-9.9
5281120260109 24.5 19.1  0.219999-99.9-99.9-99.9-99.9-9.9 9920.8 82 18.1  13 10.3 6.7-9.9
5281120260110 29.3 18.2  0.009999-99.9-99.9-99.9-99.9 7.6 5521.9 79 18.8  10  8.021.212.5
5281120260111 34.0 16.1  0.009999-99.9-99.9-99.9-99.9 9.8 7120.2 61 17.5   7  5.525.214.3
5281120260112 34.6 19.5  0.009999-99.9-99.9-99.9-99.9 9.9 7222.1 56 19.0  12  9.825.323.3
5281120260113 35.6 20.9  0.009999-99.9-99.9-99.9-99.9 9.8 7123.3 57 19.9  12  9.225.122.6
5281120260114 30.9 21.2  2.019999-99.9-99.9-99.9-99.9 2.2 1628.7 83 23.3  11  9.211.8 9.7
5281120260115 39.6 25.9140.219999-99.9-99.9-99.9-99.9 7.3 5329.9 70 24.0  17 13.420.7-9.9
5281120260116 30.5 21.7  0.219999-99.9-99.9-99.9-99.9 1.9 1424.2 78 20.4  10  7.611.210.6
5281120260117 35.0 21.4  0.009999-99.9-99.9-99.9-99.9 6.6 4927.1 75 22.1   6  4.619.510.8
5281120260118 35.2 24.0  0.009999-99.9-99.9-99.9-99.9 6.6 4827.0 68 22.2  11  8.819.318.7
5281120260119 30.3 19.4  0.009999-99.9-99.9-99.9-99.9 9.3 6820.1 64 17.5  11  9.024.119.2
5281120260120 31.1 16.6  0.009999-99.9-99.9-99.9-99.9 9.8 7118.2 57 15.9   9  7.424.817.5
5281120260121 32.0 17.7  0.009999-99.9-99.9-99.9-99.9 9.8 7219.3 58 16.9  11  8.924.920.3
5281120260122 34.4 18.4  0.009999-99.9-99.9-99.9-99.9 9.6 7019.5 52 17.0  11  8.724.522.2
5281120260123 36.5 20.9  0.009999-99.9-99.9-99.9-99.9 8.9 6522.9 55 19.5  13 10.123.224.9
5281120260124 35.4 22.5  0.009999-99.9-99.9-99.9-99.9 5.5 4022.6 54 19.4  12  9.917.324.0
5281120260125 35.9 20.8  0.009999-99.9-99.9-99.9-99.9 7.1 5223.1 56 19.8  11  8.620.121.3
5281120260126 36.3 26.2  0.219999-99.9-99.9-99.9-99.9 4.2 3127.9 77 22.9  13 10.415.017.9
5281120260127 31.3 22.3  0.009999-99.9-99.9-99.9-99.9 0.2  127.3 82 22.4   8  6.5 8.0 7.1
5281120260128 36.9 22.3  0.009999-99.9-99.9-99.9-99.9 8.6 6426.5 64 21.9   9  7.422.617.0
5281120260129 37.5 20.8  0.009999-99.9-99.9-99.9-99.9 9.1 6720.8 49 17.9   7  5.323.418.4
5281120260130 37.9 15.9  0.009999-99.9-99.9-99.9-99.9 9.8 7318.2 49 15.8   6  4.824.617.1
5281120260131 36.9 21.5  0.519999-99.9-99.9-99.9-99.9 8.6 6423.8 52 20.2   9  7.022.520.3
5281120260201 31.2 21.7  1.019999-99.9-99.9-99.9-99.9 1.7 1225.3 81 21.2   9  7.310.510.6
5281120260202 34.5 19.7  0.009999-99.9-99.9-99.9-99.9 5.1 3825.3 70 21.1   6  4.516.4 9.9
5281120260203 37.5 22.9  0.009999-99.9-99.9-99.9-99.9 8.2 6126.1 61 21.8   9  7.021.717.9
5281120260204 38.5 23.8  0.009999-99.9-99.9-99.9-99.9 8.0 6025.5 52 21.3  12  9.821.4-9.9
5281120260205 39.3 24.5  3.219999-99.9-99.9-99.9-99.9 6.3 4827.0 50 22.3  11  9.018.423.6
5281120260206 34.1 23.0  0.519999-99.9-99.9-99.9-99.9 3.8 2927.0 78 22.2  13 10.014.015.6
5281120260207 34.9 21.6  0.009999-99.9-99.9-99.9-99.9 8.2 6223.7 63 20.2   9  7.021.416.7
5281120260208 35.7 20.9  0.009999-99.9-99.9-99.9-99.9 8.2 6220.3 50 17.6  10  8.121.423.2
5281120260209 39.0 23.4  3.019999-99.9-99.9-99.9-99.9 6.9 5222.3 55 19.2  13 10.219.2-9.9
5281120260210 30.6 20.4  0.009999-99.9-99.9-99.9-99.9 4.2 3226.3 80 21.7   8  6.314.6 8.0
5281120260211 35.9 23.4  0.009999-99.9-99.9-99.9-99.9 4.8 3727.8 73 22.7  12  9.815.615.7
5281120260212 31.4 18.9 11.219999-99.9-99.9-99.9-99.9 5.7 4326.9 87 22.2  13 10.716.911.8
5281120260213 28.9 20.8  1.819999-99.9-99.9-99.9-99.9 0.7  522.5 76 19.2   7  5.6 8.5 7.7
5281120260214 32.3 21.2  0.009999-99.9-99.9-99.9-99.9 7.4 5626.7 77 21.9   8  6.519.711.0
5281120260215 36.3 23.3  0.009999-99.9-99.9-99.9-99.9 7.5 5729.0 69 23.3  10  7.919.916.3
5281120260216 31.5 21.3  0.009999-99.9-99.9-99.9-99.9 0.4  322.8 75 19.6  11  8.7 7.911.0
5281120260217 35.9 22.4  0.009999-99.9-99.9-99.9-99.9 7.2 5527.7 72 22.3   7  5.619.211.6
5281120260218 39.9 26.2  0.009999-99.9-99.9-99.9-99.9 8.3 6430.8 64 24.3  10  7.721.118.9
5281120260219 34.7 24.0  0.009999-99.9-99.9-99.9-99.9 6.3 4930.3 74 24.1  15 12.317.719.5
5281120260220 34.0 20.4  0.009999-99.9-99.9-99.9-99.9 7.9 6225.2 68 21.1   9  7.420.414.6
5281120260221 34.4 21.2  0.009999-99.9-99.9-99.9-99.9 8.1 6320.8 55 18.0   9  7.220.718.8
5281120260222 34.5 19.8  0.009999-99.9-99.9-99.9-99.9 8.1 6323.2 59 19.8   8  6.120.615.2
5281120260223 35.2 19.8  0.009999-99.9-99.9-99.9-99.9 8.2 6424.0 67 20.3   6  4.920.712.8
5281120260224 37.9 19.6  0.009999-99.9-99.9-99.9-99.9 7.0 5524.4 57 20.6   8  6.318.615.5
5281120260225 33.9 20.6  0.009999-99.9-99.9-99.9-99.9 7.5 5924.7 72 20.9  11  8.619.315.8
5281120260226 31.0 14.3  3.519999-99.9-99.9-99.9-99.9 4.9 3919.5 60 17.0   8  6.715.012.8
5281120260227 30.5 19.4  0.009999-99.9-99.9-99.9-99.9 5.7 4524.1 77 20.4   8  6.316.2 9.9
5281120260228 33.9 18.7  0.009999-99.9-99.9-99.9-99.9 7.5 5921.9 67 18.9   9  7.319.215.6
5281120260301 35.5 19.2  0.009999-99.9-99.9-99.9-99.9 8.3 6522.4 62 19.3  11  9.020.319.8
5281120260302 39.5 21.2  0.219999-99.9-99.9-99.9-99.9 8.2 6523.8 54 20.3  14 10.920.2-9.9
5281120260303 31.6 18.1 24.019999-99.9-99.9-99.9-99.9-9.9 9919.9 85 17.3  14 11.2 1.7-9.9
5281120260304 29.9 16.4  0.009999-99.9-99.9-99.9-99.9 6.5 5221.2 68 17.9   7  5.317.2 8.3
5281120260305 30.9 21.0  9.819999-99.9-99.9-99.9-99.9 4.5 3620.4 65 17.0   7  5.813.912.4
5281120260306 25.9 19.8  8.219999-99.9-99.9-99.9-99.9-9.9 9911.6 39  8.6  10  8.0 4.2-9.9
5281120260307 28.9 18.3  0.009999-99.9-99.9-99.9-99.9 4.3 3415.5 56 11.2   6  5.113.512.0
5281120260308 28.6 19.8  0.009999-99.9-99.9-99.9-99.9 1.0  815.0 52 11.9   8  6.1 8.214.3
5281120260309 30.3 19.9  0.009999-99.9-99.9-99.9-99.9 2.5 2015.9 49 12.0   8  6.210.514.7
5281120260310 25.5 20.8  0.009999-99.9-99.9-99.9-99.9-9.9 9915.4 59 13.0   8  6.3 5.3-9.9
5281120260311 30.5 18.1  0.009999-99.9-99.9-99.9-99.9 6.1 4918.6 59 14.8   7  5.316.111.9
5281120260312 30.6 16.8  0.009999-99.9-99.9-99.9-99.9 7.4 6017.4 59 13.9   6  4.518.211.9
5281120260313 30.9 16.3  0.009999-99.9-99.9-99.9-99.9 7.9 6419.6 68 16.7   7  5.418.811.6
5281120260314 27.4 18.9 29.219999-99.9-99.9-99.9-99.9-9.9 9914.5 50 11.6  12  9.4 3.7-9.9
5281120260315 31.2 17.7  0.219999-99.9-99.9-99.9-99.9 5.9 4918.3 55 13.2  10  8.415.615.8
5281120260316 29.3 20.4  0.009999-99.9-99.9-99.9-99.9 3.0 2515.5 49 12.0  12  9.911.023.2
5281120260317 31.6 21.5  0.009999-99.9-99.9-99.9-99.9 3.8 3217.7 54 12.3   8  6.512.216.1
5281120260318 31.4 19.4  0.009999-99.9-99.9-99.9-99.9 7.6 6220.0 64 16.1  11  8.817.918.1
5281120260319 30.7 16.9  0.009999-99.9-99.9-99.9-99.9 6.2 5119.1 63 14.2   9  6.915.613.3
5281120260320 35.2 22.0  0.009999-99.9-99.9-99.9-99.9 6.2 5126.5 69 21.4  14 11.015.617.8
5281120260321 28.5 19.8  0.219999-99.9-99.9-99.9-99.9-9.9 9914.5 58 12.2  12  9.9 3.0-9.9
5281120260322 21.0 15.4  6.819999-99.9-99.9-99.9-99.9-9.9 9911.0 47  7.7   8  6.2 6.0-9.9
5281120260323 25.7 16.1  0.219999-99.9-99.9-99.9-99.9 3.7 3111.7 52  6.8  14 10.911.523.0
5281120260324 26.5 10.6  0.009999-99.9-99.9-99.9-99.9 8.3 6913.0 67  9.3   9  7.418.413.9
5281120260325 29.4 12.3  0.009999-99.9-99.9-99.9-99.9 7.7 6515.6 63 13.5   7  5.617.510.9
5281120260326 29.7 14.0  0.009999-99.9-99.9-99.9-99.9 6.8 5717.4 66 15.0   7  5.316.010.1
5281120260327 34.3 20.2  0.009999-99.9-99.9-99.9-99.9 4.2 3525.8 71 20.9  10  7.712.111.1
5281120260328 36.0 23.3  0.009999-99.9-99.9-99.9-99.9 6.3 5324.5 61 19.3  12  9.915.021.4
5281120260329 36.9 24.1  0.009999-99.9-99.9-99.9-99.9 6.9 5826.8 64 21.6  13 10.715.921.9
5281120260330 37.8 23.9  0.009999-99.9-99.9-99.9-99.9 6.9 5928.8 63 22.9  12  9.715.919.8
5281120260331 38.0 24.3  0.009999-99.9-99.9-99.9-99.9 7.2 6126.7 61 21.9  12  9.916.122.2
5281120260401 37.5 22.4  0.009999-99.9-99.9-99.9-99.9 7.0 6026.3 62 21.5  10  7.715.817.4
5281120260402 34.6 22.8  0.009999-99.9-99.9-99.9-99.9 5.2 4526.4 75 21.6  10  7.713.113.5
5281120260403 37.3 21.3  0.009999-99.9-99.9-99.9-99.9 6.9 5923.5 62 19.1  10  8.215.418.0
5281120260404 32.6 19.6 58.519999-99.9-99.9-99.9-99.9 4.5 3920.5 66 16.9  14 11.412.021.7
5281120260405 19.6 15.0 17.819999-99.9-99.9-99.9-99.9-9.9 99 6.8 36  1.3  10  8.2 2.0-9.9
5281120260406 15.7 15.1-99.999999-99.9-99.9-99.9-99.9-9.9 99-9.9 10-99.9 -99-99.9-9.9-9.9
5281120260407-99.9-99.9-99.999999-99.9-99.9-99.9-99.9-9.9 99-9.9-99-99.9 -99-99.9-9.9-9.9
5281120260408-99.9-99.9-99.999999-99.9-99.9-99.9-99.9-9.9 99-9.9-99-99.9 -99-99.9-9.9-9.9
5281120260409-99.9-99.9-99.999999-99.9-99.9-99.9-99.9-9.9 99-9.9-99-99.9 -99-99.9-9.9-9.9
5281120260410-99.9-99.9-99.999999-99.9-99.9-99.9-99.9-9.9 99-9.9-99-99.9 -99-99.9-9.9-9.9
5281120260411 28.4 14.9  0.009999-99.9-99.9-99.9-99.9 6.6 5816.6 64 13.9   5  4.214.3 8.7
5281120260412 30.2 15.7  0.009999-99.9-99.9-99.9-99.9 6.4 5617.8 65 14.2   4  3.413.9 7.7
5281120260413 23.4 18.1 50.019999-99.9-99.9-99.9-99.9-9.9 99 6.6 23 -0.0   7  5.3 2.8-9.9
5281120260414 22.3 18.4 88.519999-99.9-99.9-99.9-99.9-9.9 99 3.6 24 -8.9  12  9.6-9.9-9.9
5281120260415 24.2 19.0  0.819999-99.9-99.9-99.9-99.9-9.9 99 7.8 29 -0.0  16 13.1 5.0-9.9
5281120260416 28.2 17.6  0.009999-99.9-99.9-99.9-99.9 6.6 5814.5 52  9.5   5  4.413.910.8
5281120260417 29.8 16.9  0.009999-99.9-99.9-99.9-99.9 6.5 5716.4 56 10.8   4  3.213.6 8.0
5281120260418 30.3 19.3  0.009999-99.9-99.9-99.9-99.9 6.6 5820.1 65 16.8   9  6.913.712.0
5281120260419 23.1 19.6 24.019999-99.9-99.9-99.9-99.9-9.9 9910.1 37  6.7   6  5.1 0.1-9.9
5281120260420 21.7 18.1  0.819999-99.9-99.9-99.9-99.9-9.9 99 7.7 35  2.6   9  7.2 3.2-9.9
5281120260421 19.2 15.6  0.009999-99.9-99.9-99.9-99.9-9.9 9910.6 56  7.5   9  7.1 2.3-9.9
5281120260422 21.1 15.7 22.819999-99.9-99.9-99.9-99.9-9.9 9912.5 61  9.8   6  5.0 4.5-9.9
5281120260423 16.5 14.9 24.819999-99.9-99.9-99.9-99.9-9.9 99 6.1 32 -0.1   6  4.5 0.5-9.9
5281120260424 23.7 15.7  0.009999-99.9-99.9-99.9-99.9 1.5 1311.7 54  6.9   3  2.2 6.6 5.6
5281120260425 26.2 16.8  0.219999-99.9-99.9-99.9-99.9 3.2 2915.3 55 10.9   2  2.0 8.7 5.1
5281120260426 27.8 13.6  0.009999-99.9-99.9-99.9-99.9 6.3 5714.2 55 10.2   7  5.512.610.3
5281120260427 18.1 10.1  0.009999-99.9-99.9-99.9-99.9 3.8 34 9.2 64  5.5   5  4.2 9.4 7.4
5281120260428 21.5  9.2  0.009999-99.9-99.9-99.9-99.9 3.1 2812.9 77 10.6   3  2.8 8.5 3.7
5281120260429 25.8 11.1  0.009999-99.9-99.9-99.9-99.9 6.7 6114.2 76 12.1   4  3.112.9 5.2
5281120260430 26.3 10.9  0.009999-99.9-99.9-99.9-99.9 6.3 5716.5 77 14.1   7  5.412.3 6.2
5281120260501 29.9 17.2  0.009999-99.9-99.9-99.9-99.9 3.6 3322.1 68 17.8   6  4.8 8.9 6.3
5281120260502 24.5 12.2  0.009999-99.9-99.9-99.9-99.9 6.5 5914.0 68 11.4  12  9.712.416.6
5281120260503 21.0  8.2  0.009999-99.9-99.9-99.9-99.9 6.6 6112.0 75  9.6   8  6.212.5 6.8
5281120260504 26.5 10.5  0.009999-99.9-99.9-99.9-99.9 2.6 2419.6 83 16.6   7  5.8 7.5 1.9
5281120260505 31.9 20.0  0.009999-99.9-99.9-99.9-99.9 2.9 2722.3 65 18.1   8  6.1 7.8 9.0
5281120260506 32.3 21.2  0.009999-99.9-99.9-99.9-99.9 4.9 4523.6 66 19.2   9  7.410.211.2
5281120260507 26.3 10.0  8.019999-99.9-99.9-99.9-99.9-9.9 9914.5 86 12.0  12  9.4 2.4-9.9
5281120260508 19.7  6.5  0.009999-99.9-99.9-99.9-99.9 6.2 58 9.2 61  5.7   4  3.111.7 5.0
5281120260509 16.8  7.0  0.009999-99.9-99.9-99.9-99.9 5.5 5110.7 83  7.8   8  6.410.8 5.9
5281120260510 20.2  2.0  0.009999-99.9-99.9-99.9-99.9 6.4 60 9.3 69  5.6   3  2.611.7 3.3
5281120260511 22.4  5.7  0.009999-99.9-99.9-99.9-99.9 6.5 6110.9 72  8.2   7  5.711.8 6.5
5281120260512 25.2  6.6  0.009999-99.9-99.9-99.9-99.9 6.5 6112.3 77 10.0   8  6.011.7 6.8
5281120260513 25.1  7.4  0.009999-99.9-99.9-99.9-99.9 6.3 5913.2 72 11.0   4  3.511.4 4.7
5281120260514 23.2  8.8  0.009999-99.9-99.9-99.9-99.9 5.1 4714.2 77 12.0   5  3.6 9.9 3.9
5281120260515 21.9  5.3  0.009999-99.9-99.9-99.9-99.9 5.6 5311.5 72  8.9   4  3.010.5 3.8
5281120260516 22.3  7.4  0.009999-99.9-99.9-99.9-99.9 3.3 3114.5 84 12.3   9  6.9 7.8 3.1
5281120260517 16.0  7.9  0.009999-99.9-99.9-99.9-99.9 1.3 1312.4 91 10.0  12  9.6 5.5 5.5
5281120260518 17.9  2.4  0.009999-99.9-99.9-99.9-99.9 6.2 5910.6 82  7.6   3  2.311.0 2.0
5281120260519 20.0  4.1  0.009999-99.9-99.9-99.9-99.9 5.9 5610.8 79  7.9   4  3.210.6 3.1
5281120260520 20.8  2.6  0.009999-99.9-99.9-99.9-99.9 5.7 5410.4 75  7.3   2  1.510.3 2.4
5281120260521 20.1  6.3  0.009999-99.9-99.9-99.9-99.9 5.2 4910.8 78  7.9   4  3.0 9.7 3.2
5281120260522 16.7  2.6  0.009999-99.9-99.9-99.9-99.9 5.4 51 9.6 80  6.2   2  1.9 9.9 2.1
5281120260523 18.6  2.6  0.009999-99.9-99.9-99.9-99.9 5.4 51 9.8 76  6.4   3  2.5 9.8 2.4
5281120260524 20.5  5.3  0.009999-99.9-99.9-99.9-99.9 5.4 5111.9 76  9.4   4  3.3 9.8 2.9
5281120260525 21.7  9.4  0.009999-99.9-99.9-99.9-99.9 4.8 4513.7 75 11.4   3  2.5 9.0 2.9
5281120260526 22.1  4.7  0.009999-99.9-99.9-99.9-99.9 5.6 5412.1 73  9.4   2  1.7 9.9 2.6
5281120260527 22.9  8.1  0.009999-99.9-99.9-99.9-99.9 4.7 4514.0 77 11.5   6  4.8 8.9 3.7
5281120260528 20.3 14.9  0.009999-99.9-99.9-99.9-99.9-9.9 9915.1 77 13.0   6  4.5 2.3-9.9
5281120260529 22.0 15.4  0.009999-99.9-99.9-99.9-99.9-9.9 9915.3 78 13.0   6  4.5 2.7-9.9
5281120260530 24.4 14.2  0.009999-99.9-99.9-99.9-99.9 4.3 4117.0 77 14.6   4  3.0 8.3 3.5
5281120260531 22.3 13.1  0.009999-99.9-99.9-99.9-99.9 0.9  817.3 82 15.0   5  4.3 4.6 3.3
5281120260601 23.0 14.1  0.009999-99.9-99.9-99.9-99.9 2.4 2316.6 78 14.3   6  5.1 6.2 4.9
5281120260602 21.8 13.6  0.009999-99.9-99.9-99.9-99.9 1.4 1417.1 85 15.0   7  5.9 5.2 3.5
5281120260603 26.0 14.6  0.009999-99.9-99.9-99.9-99.9 2.1 2019.5 81 16.8   7  5.8 5.8 3.7
5281120260604 26.7 18.2  0.009999-99.9-99.9-99.9-99.9 3.2 3118.3 74 16.0  10  7.7 7.1 9.9
5281120260605 27.2 14.3  0.009999-99.9-99.9-99.9-99.9 3.4 3319.2 78 16.6   5  4.0 7.2 3.8
5281120260606 27.0 16.3 11.519999-99.9-99.9-99.9-99.9 1.1 1018.7 76 16.1   4  3.1 4.7 3.7
5281120260607 19.7 15.4 15.519999-99.9-99.9-99.9-99.9-9.9 9911.8 60  9.3   8  6.6 1.1-9.9
5281120260608 20.5 12.0  0.009999-99.9-99.9-99.9-99.9 2.6 2513.4 75 10.8   6  4.7 6.3 5.8
5281120260609 14.6  9.0  0.009999-99.9-99.9-99.9-99.9-9.9 9910.5 74  7.5   4  2.9 2.7-9.9
5281120260610 16.9 12.6  3.819999-99.9-99.9-99.9-99.9-9.9 9912.0 74  9.5   5  4.2 1.8-9.9
5281120260611 17.5 13.2  0.519999-99.9-99.9-99.9-99.9-9.9 9911.0 72  8.1   5  4.4 2.6-9.9
5281120260612 18.4  6.1  0.009999-99.9-99.9-99.9-99.9 3.3 3211.3 83  8.1   5  3.7 7.0 2.5
5281120260613 18.1  9.1  1.519999-99.9-99.9-99.9-99.9-9.9 9912.6 77  9.9   6  4.8 3.2-9.9
5281120260614 15.8  9.0  0.009999-99.9-99.9-99.9-99.9-9.9 9910.4 91  7.5   9  7.4 2.7-9.9
5281120260615 15.1  8.3  0.219999-99.9-99.9-99.9-99.9 2.1 2111.4 89  8.7   3  2.5 5.7 1.5
5281120260616 19.5  3.9  0.009999-99.9-99.9-99.9-99.9 3.4 3311.6 78  8.4   5  3.8 7.0 2.3
5281120260617 18.4  6.4  0.009999-99.9-99.9-99.9-99.9 1.3 1213.4 80 10.5   5  3.9 4.8 2.0
5281120260618 15.7 13.0  0.009999-99.9-99.9-99.9-99.9-9.9 9913.0 79 10.7   5  3.7 0.4-9.9
5281120260619 19.7  7.5  0.009999-99.9-99.9-99.9-99.9 4.4 43 9.7 75  6.4   7  5.3 8.1 7.0
5281120260620 18.7  5.3  0.009999-99.9-99.9-99.9-99.9 4.1 4010.5 80  7.7  10  7.7 7.8 5.3
5281120260621 21.0  6.4  0.009999-99.9-99.9-99.9-99.9 3.9 3812.9 80 10.3   6  4.6 7.5 2.0
5281120260622 17.0  6.1  0.009999-99.9-99.9-99.9-99.9 6.4 6210.8 82  7.9   9  7.210.1 6.6
5281120260623 18.8  1.5  0.009999-99.9-99.9-99.9-99.9 5.2 51 8.7 78  4.7   3  2.2 8.9 2.3
5281120260624 20.7  1.3  0.009999-99.9-99.9-99.9-99.9 5.2 5010.2 78  7.1   5  3.6 8.9 2.9
5281120260625 20.8  4.0  0.009999-99.9-99.9-99.9-99.9 5.3 5211.0 71  8.2   5  3.6 9.0 3.8
5281120260626 21.3  6.4  0.009999-99.9-99.9-99.9-99.9 5.4 5311.2 76  8.6   9  7.4 9.2 6.5
5281120260627 22.0  6.4  0.009999-99.9-99.9-99.9-99.9 5.2 5113.4 89 11.0   4  2.9 8.9 2.0
5281120260628 18.8  7.9  0.009999-99.9-99.9-99.9-99.9 5.8 5612.2 88  9.7   7  5.3 9.5 4.0
5281120260629 15.6  1.7  0.009999-99.9-99.9-99.9-99.9 0.6  610.1 86  6.7   2  1.5 4.1 1.1
5281120260630 19.2  3.9  0.009999-99.9-99.9-99.9-99.9 4.4 4310.8 78  7.9   4  3.1 8.1 2.5
5281120260701 16.5  4.8  0.009999-99.9-99.9-99.9-99.9 1.3 1311.2 87  8.4   9  7.1 4.9 2.7
5281120260702 10.1  5.5  0.009999-99.9-99.9-99.9-99.9-9.9 9910.3 96  7.2   9  7.2 1.5-9.9
5281120260703 11.2 -0.5  0.009999-99.9-99.9-99.9-99.9 1.6 15 7.0 75  1.8   5  3.9 5.2 2.5
5281120260704 12.8  6.8  0.009999-99.9-99.9-99.9-99.9 1.8 18 9.6 84  6.3   5  4.2 5.5 2.6
5281120260705 15.5  4.8  0.009999-99.9-99.9-99.9-99.9 2.8 2810.4 92  7.4   4  3.2 6.6 2.0
5281120260706 18.7  0.2  0.009999-99.9-99.9-99.9-99.9 7.5 72 8.6 78  4.6   4  3.411.5 2.9
5281120260707 20.5  3.3  0.009999-99.9-99.9-99.9-99.9 6.8 66 8.9 73  5.2  11  8.810.8 9.2
5281120260708 22.9  6.4  0.009999-99.9-99.9-99.9-99.9 7.5 7313.0 83 10.6  11  8.411.6 5.1
5281120260709 24.4 10.7  0.009999-99.9-99.9-99.9-99.9 5.5 5316.0 85 13.6   6  4.8 9.5 3.3
5281120260710 19.1 12.2  0.009999-99.9-99.9-99.9-99.9 1.7 1615.5 91 13.4  10  7.8 5.4 3.2
5281120260711 18.0  8.9  0.009999-99.9-99.9-99.9-99.9 7.0 6714.0 92 11.9  13 10.711.1 4.8
5281120260712 17.0  1.7  0.009999-99.9-99.9-99.9-99.9 7.2 6910.5 89  7.4   3  2.311.4 2.1
5281120260713 19.8  4.1  0.009999-99.9-99.9-99.9-99.9 7.6 7311.3 84  8.5  11  8.611.8 4.0
5281120260714 24.2  8.6  0.009999-99.9-99.9-99.9-99.9 7.6 7313.1 77 10.8  13 10.411.9 9.0
5281120260715 27.2 14.4  0.009999-99.9-99.9-99.9-99.9 3.8 3719.5 80 17.1  12  9.4 7.8 7.5
5281120260716 31.5 16.9  0.009999-99.9-99.9-99.9-99.9 7.4 7123.7 80 19.9  13 10.611.8 9.0
5281120260717 33.4 18.0  0.009999-99.9-99.9-99.9-99.9 5.4 5224.4 79 20.6  10  8.2 9.610.0
5281120260718 22.7 16.8  0.009999-99.9-99.9-99.9-99.9-9.9 9917.5 85 15.4  13 10.3 2.3-9.9
5281120260719 17.6 13.5  0.009999-99.9-99.9-99.9-99.9-9.9 9912.3 76 10.0  13 10.3 1.2-9.9
5281120260720 15.2 11.8  0.009999-99.9-99.9-99.9-99.9 0.4  413.4 88 11.3   7  6.0 4.3 3.3
5281120260721 15.9 11.8  0.009999-99.9-99.9-99.9-99.9-9.9 9913.4 88 11.2   9  7.2 3.5-9.9
5281120260722 13.4  8.8  0.009999-99.9-99.9-99.9-99.9-9.9 9911.5 89  9.0   7  5.7 2.9-9.9
5281120260723 17.0  3.8  0.009999-99.9-99.9-99.9-99.9 3.8 3611.1 90  8.0   3  2.8 8.1 1.5
5281120260724 20.6  9.0  0.009999-99.9-99.9-99.9-99.9 5.5 5214.1 82 11.5   4  2.810.1 2.5
5281120260725 23.9 11.7  0.009999-99.9-99.9-99.9-99.9 7.7 7217.4 84 15.0   9  7.012.5 4.6
5281120260726 22.5  9.4  0.009999-99.9-99.9-99.9-99.9 3.6 3416.0 82 13.4   4  3.2 8.1 3.3
5281120260727 29.3 14.3  0.009999-99.9-99.9-99.9-99.9 7.3 6919.7 73 16.3   6  4.412.2 5.3
5281120260728 22.7 16.3  0.009999-99.9-99.9-99.9-99.9-9.9 9911.7 53  9.1   7  5.4 3.9-9.9
5281120260729 22.9 14.8  0.009999-99.9-99.9-99.9-99.9 3.8 3515.1 72 12.6   6  4.7 8.3 6.5
5281120260730 24.8 15.2  0.009999-99.9-99.9-99.9-99.9 2.9 2717.5 75 14.7   5  4.1 7.4 4.3
5281120260731 34.2 19.5  0.009999-99.9-99.9-99.9-99.9 6.5 6020.9 59 17.0  14 10.811.518.1
5281120260801 27.4 14.5  0.009999-99.9-99.9-99.9-99.9-9.9 9913.6 67 11.3   9  7.0 3.2-9.9
5281120260802 23.7 10.7  0.009999-99.9-99.9-99.9-99.9 7.3 6816.2 73 13.1   8  6.712.7 6.0
5281120260803 25.8 17.7  0.009999-99.9-99.9-99.9-99.9 3.7 3517.5 71 15.0   7  5.2 8.5 7.3
5281120260804 21.1 16.8  0.009999-99.9-99.9-99.9-99.9-9.9 9912.6 61 10.3   5  4.2 1.7-9.9
5281120260805 27.2 17.8  0.009999-99.9-99.9-99.9-99.9 3.9 3618.4 67 14.7   4  3.1 8.8 5.0
5281120260806 26.7 10.6  0.009999-99.9-99.9-99.9-99.9 6.0 5615.6 77 13.0  15 12.311.416.8
5281120260807 16.5  3.2  0.009999-99.9-99.9-99.9-99.9 9.3 8510.7 86  7.8   8  6.115.4 3.9
5281120260808 18.1  4.6  0.009999-99.9-99.9-99.9-99.9 9.2 85 9.1 78  5.4  12  9.715.510.0
5281120260809 18.1  0.6  0.009999-99.9-99.9-99.9-99.9 9.6 88 7.7 72  3.2   4  3.416.0 4.6
5281120260810 13.4  2.1  0.009999-99.9-99.9-99.9-99.9 3.6 33 9.6 92  6.2   3  2.4 8.8 1.5
5281120260811 16.1  4.0  0.009999-99.9-99.9-99.9-99.9 3.6 3311.6 88  8.9   4  3.1 8.8 1.3
5281120260812 13.2  8.9  0.009999-99.9-99.9-99.9-99.9-9.9 9912.5 96 10.2   7  5.5 3.5-9.9
5281120260813 14.6 10.1  0.009999-99.9-99.9-99.9-99.9-9.9 9911.9 85  9.4   9  7.2 3.7-9.9
5281120260814 14.9 10.1  0.009999-99.9-99.9-99.9-99.9 0.5  510.2 72  7.1   3  2.5 5.1 3.2
5281120260815 18.7 11.8  0.009999-99.9-99.9-99.9-99.9 2.1 1913.0 75 10.2   3  2.7 7.1 3.1
5281120260816 17.5 14.1  0.009999-99.9-99.9-99.9-99.9-9.9 9914.9 85 12.9   9  7.3 2.8-9.9
5281120260817 15.2 12.8  0.009999-99.9-99.9-99.9-99.9-9.9 9912.0 76  9.5  14 10.9 0.7-9.9
5281120260818 12.8 10.2  0.009999-99.9-99.9-99.9-99.9-9.9 99 9.4 72  6.0  15 11.9 3.5-9.9
5281120260819 11.5  7.8-99.999999-99.9-99.9-99.9-99.9 0.2  2 8.9 78  5.2  10  8.3 4.9 7.3
5281120260820-99.9-99.9  0.009999-99.9-99.9-99.9-99.9 9.5 8512.8 72 10.4 -99-99.917.0-9.9
5281120260821 23.8  5.6  0.009999-99.9-99.9-99.9-99.9 8.6 7713.1 84 10.7   6  4.815.8 5.3
5281120260822 17.9  3.9  0.009999-99.9-99.9-99.9-99.9 8.1 7211.3 85  8.6   6  4.615.3 4.1
5281120260823 15.6  8.8  0.009999-99.9-99.9-99.9-99.9-9.9 9913.1 92 10.9   4  3.5 4.6-9.9
5281120260824 20.4  9.6  0.009999-99.9-99.9-99.9-99.9 6.1 5413.2 82 11.1   7  6.012.8 5.8
5281120260825 23.8  7.9  0.009999-99.9-99.9-99.9-99.9 8.0 7114.3 82 12.1   8  6.815.5 5.8
5281120260826 28.7 11.7  0.009999-99.9-99.9-99.9-99.9 8.3 7318.9 82 16.3  10  7.715.9 6.4
5281120260827 20.3 15.6  0.009999-99.9-99.9-99.9-99.9-9.9 9915.5 81 13.5  15 12.2 3.6-9.9
5281120260828 24.1 13.7  0.009999-99.9-99.9-99.9-99.9 6.6 5816.7 83 14.4  13 10.413.9 8.6
5281120260829 24.6 13.9  0.009999-99.9-99.9-99.9-99.9 5.0 4416.9 84 14.5   7  5.911.8 5.6
5281120260830 23.7  9.7  0.009999-99.9-99.9-99.9-99.9 5.2 4616.8 84 14.2   4  3.112.1 3.3
5281120260831 26.3 12.7  0.009999-99.9-99.9-99.9-99.9 5.2 4515.5 73 12.6   7  5.312.2 7.7
5281120260901 24.0 10.9  0.009999-99.9-99.9-99.9-99.9 7.4 6415.1 75 12.4   6  4.715.3 6.5
5281120260902 27.9 12.1  0.009999-99.9-99.9-99.9-99.9 8.7 7617.0 70 14.6  12  9.317.210.5
5281120260903 23.6 12.5  0.009999-99.9-99.9-99.9-99.9 8.4 7314.2 76 12.0  12  9.916.914.6
5281120260904 21.4  6.2  0.009999-99.9-99.9-99.9-99.9 3.8 3211.5 74  8.8   3  2.310.5 3.9
5281120260905 22.8  7.4  0.009999-99.9-99.9-99.9-99.9 9.1 7810.5 66  7.4   9  7.418.012.5
5281120260906 14.3  8.4  0.009999-99.9-99.9-99.9-99.9 1.5 13 8.9 76  5.0   5  3.9 7.4 5.3
