5291620061103-99.9-99.9-99.999999-99.9-99.9-99.9-99.9-9.9 99-9.9-99-99.9 -99-99.9-9.9-9.9
5291620061104-99.9-99.9-99.999999-99.9-99.9-99.9-99.9-9.9 99-9.9-99-99.9 -99-99.9-9.9-9.9
5291620131216-99.9-99.9-99.999999-99.9-99.9-99.9-99.9-9.9 99-9.9-99-99.9 -99-99.9-9.9-9.9
5291620131217 35.2 19.4  0.009999-99.9-99.9-99.9-99.9-9.9 9920.0 50 17.5 -99-99.9-9.9-9.9
5291620131218 36.0 18.3  0.009999-99.9-99.9-99.9-99.9-9.9 9920.6 56 17.9 -99-99.9-9.9-9.9
5291620131219 36.4 20.4  0.009999-99.9-99.9-99.9-99.9-9.9 9920.8 46 18.0 -99-99.9-9.9-9.9
5291620131220 35.8 21.3  0.009999-99.9-99.9-99.9-99.9-9.9 9923.5 57 20.0 -99-99.9-9.9-9.9
5291620131221 36.6 22.0  0.009999-99.9-99.9-99.9-99.9-9.9 9923.6 54 20.1 -99-99.9-9.9-9.9
5291620131222 37.8 22.8  0.009999-99.9-99.9-99.9-99.9-9.9 9922.9 53 19.5 -99-99.9-9.9-9.9
5291620131223 37.6 21.3  0.009999-99.9-99.9-99.9-99.9-9.9 9918.6 44 16.0 -99-99.9-9.9-9.9
5291620131224 39.5 19.1  0.009999-99.9-99.9-99.9-99.9-9.9 9919.1 44 16.7 -99-99.9-9.9-9.9
5291620131225 40.2 21.0  0.009999-99.9-99.9-99.9-99.9-9.9 9920.3 40 17.7 -99-99.9-9.9-9.9
5291620131226 40.2 24.1  0.009999-99.9-99.9-99.9-99.9-9.9 9923.9 44 20.3 -99-99.9-9.9-9.9
5291620131227 36.2 24.4  0.009999-99.9-99.9-99.9-99.9-9.9 9925.5 67 21.3 -99-99.9-9.9-9.9
5291620131228 39.3 22.5  0.009999-99.9-99.9-99.9-99.9-9.9 9924.9 50 21.0 -99-99.9-9.9-9.9
5291620131229 39.0 23.7  0.009999-99.9-99.9-99.9-99.9-9.9 9925.8 53 21.5 -99-99.9-9.9-9.9
5291620131230 38.8 25.3  0.009999-99.9-99.9-99.9-99.9-9.9 9926.2 53 21.8 -99-99.9-9.9-9.9
5291620131231 37.9 23.6  0.009999-99.9-99.9-99.9-99.9-9.9 9928.2 65 23.0 -99-99.9-9.9-9.9
5291620140101 37.0 23.6  0.009999-99.9-99.9-99.9-99.9-9.9 9927.8 61 22.8 -99-99.9-9.9-9.9
5291620140102 39.4 21.7  0.009999-99.9-99.9-99.9-99.9-9.9 9926.2 63 21.8 -99-99.9-9.9-9.9
5291620140103 27.3 21.2  0.009999-99.9-99.9-99.9-99.9-9.9 9921.0 71 18.2 -99-99.9-9.9-9.9
5291620140104 32.0 16.7  0.009999-99.9-99.9-99.9-99.9-9.9 9915.5 49 13.4 -99-99.9-9.9-9.9
5291620140105 34.5 15.8  0.009999-99.9-99.9-99.9-99.9-9.9 9918.4 48 16.1 -99-99.9-9.9-9.9
5291620140106 36.9 22.7  0.009999-99.9-99.9-99.9-99.9-9.9 9924.9 55 21.0 -99-99.9-9.9-9.9
5291620140107 38.3 23.9  0.009999-99.9-99.9-99.9-99.9-9.9 9924.2 51 20.5 -99-99.9-9.9-9.9
5291620140108 32.3 20.8  0.009999-99.9-99.9-99.9-99.9-9.9 9924.2 74 20.5 -99-99.9-9.9-9.9
5291620140109 36.0 21.7  0.009999-99.9-99.9-99.9-99.9-9.9 9925.7 61 21.5 -99-99.9-9.9-9.9
5291620140110 37.0 25.5  0.009999-99.9-99.9-99.9-99.9-9.9 9926.2 57 21.9 -99-99.9-9.9-9.9
5291620140111 29.8 19.4  0.009999-99.9-99.9-99.9-99.9-9.9 9923.2 89 19.8 -99-99.9-9.9-9.9
5291620140112 29.1 19.6  0.009999-99.9-99.9-99.9-99.9-9.9 9921.3 72 18.5 -99-99.9-9.9-9.9
5291620140113 32.8 18.8  0.009999-99.9-99.9-99.9-99.9-9.9 9921.9 66 18.9 -99-99.9-9.9-9.9
5291620140114 34.7 19.0  0.009999-99.9-99.9-99.9-99.9-9.9 9921.0 52 18.2 -99-99.9-9.9-9.9
5291620140115 35.0 20.8  0.009999-99.9-99.9-99.9-99.9-9.9 9921.9 54 18.9 -99-99.9-9.9-9.9
5291620140116 36.3 19.0  0.009999-99.9-99.9-99.9-99.9-9.9 9921.6 52 18.7 -99-99.9-9.9-9.9
5291620140117 38.1 22.4  0.009999-99.9-99.9-99.9-99.9-9.9 9924.2 54 20.5 -99-99.9-9.9-9.9
5291620140118 38.1 24.0  0.009999-99.9-99.9-99.9-99.9-9.9 9925.0 54 21.1 -99-99.9-9.9-9.9
5291620140119 38.8 23.5  0.009999-99.9-99.9-99.9-99.9-9.9 9926.2 54 21.8 -99-99.9-9.9-9.9
5291620140120 37.7 25.1  0.009999-99.9-99.9-99.9-99.9-9.9 9925.1 53 21.1 -99-99.9-9.9-9.9
5291620140121 38.0 25.5  0.009999-99.9-99.9-99.9-99.9-9.9 9924.6 51 20.8 -99-99.9-9.9-9.9
5291620140122 39.5 26.7  0.009999-99.9-99.9-99.9-99.9-9.9 9924.8 49 20.9 -99-99.9-9.9-9.9
5291620140123 38.6 28.0  0.009999-99.9-99.9-99.9-99.9-9.9 9924.6 48 20.8 -99-99.9-9.9-9.9
5291620140124 39.1 23.4  0.009999-99.9-99.9-99.9-99.9-9.9 9924.4 57 20.7 -99-99.9-9.9-9.9
5291620140125 25.8 19.0  0.009999-99.9-99.9-99.9-99.9-9.9 9917.2 57 15.1 -99-99.9-9.9-9.9
5291620140126 33.3 20.7  0.009999-99.9-99.9-99.9-99.9-9.9 9922.1 66 18.9 -99-99.9-9.9-9.9
5291620140127 34.5 23.1  0.009999-99.9-99.9-99.9-99.9-9.9 9926.3 73 21.9 -99-99.9-9.9-9.9
5291620140128 36.3 24.3  0.009999-99.9-99.9-99.9-99.9-9.9 9924.9 55 20.9 -99-99.9-9.9-9.9
5291620140129 36.3 23.7  0.009999-99.9-99.9-99.9-99.9-9.9 9926.1 76 21.8 -99-99.9-9.9-9.9
5291620140130 37.8 23.4  0.009999-99.9-99.9-99.9-99.9-9.9 9924.0 57 20.4 -99-99.9-9.9-9.9
5291620140131 38.2 23.7  0.009999-99.9-99.9-99.9-99.9-9.9 9925.3 58 21.2 -99-99.9-9.9-9.9
5291620140201 38.8 25.0  0.009999-99.9-99.9-99.9-99.9-9.9 9922.1 43 19.0 -99-99.9-9.9-9.9
5291620140202 39.6 26.3  0.009999-99.9-99.9-99.9-99.9-9.9 9920.9 39 18.2 -99-99.9-9.9-9.9
5291620140203 39.6 25.2  0.009999-99.9-99.9-99.9-99.9-9.9 9922.2 42 19.2 -99-99.9-9.9-9.9
5291620140204 40.4 26.1  0.009999-99.9-99.9-99.9-99.9-9.9 9922.4 48 19.3 -99-99.9-9.9-9.9
5291620140205 39.2 26.6  0.009999-99.9-99.9-99.9-99.9-9.9 9920.9 39 18.2 -99-99.9-9.9-9.9
5291620140206 41.2 25.7  0.009999-99.9-99.9-99.9-99.9-9.9 9920.6 35 17.9 -99-99.9-9.9-9.9
5291620140207 41.2 26.6  0.009999-99.9-99.9-99.9-99.9-9.9 9919.9 35 17.3 -99-99.9-9.9-9.9
5291620140208 40.8 27.3  0.009999-99.9-99.9-99.9-99.9-9.9 9919.9 36 17.4 -99-99.9-9.9-9.9
5291620140209 41.6 25.7  0.009999-99.9-99.9-99.9-99.9-9.9 9920.7 35 17.9 -99-99.9-9.9-9.9
5291620140210 41.6 26.6  0.009999-99.9-99.9-99.9-99.9-9.9 9921.4 44 18.5 -99-99.9-9.9-9.9
5291620140211 40.6 23.4  0.009999-99.9-99.9-99.9-99.9-9.9 9922.1 42 19.0 -99-99.9-9.9-9.9
5291620140212 35.9 21.4  0.009999-99.9-99.9-99.9-99.9-9.9 9922.8 61 19.6 -99-99.9-9.9-9.9
5291620140213 29.3 20.5  0.009999-99.9-99.9-99.9-99.9-9.9 9922.6 77 19.3 -99-99.9-9.9-9.9
5291620140214 24.8 18.8  0.009999-99.9-99.9-99.9-99.9-9.9 9919.8 74 17.3 -99-99.9-9.9-9.9
5291620140215 28.7 18.3  0.009999-99.9-99.9-99.9-99.9-9.9 9918.7 66 16.3 -99-99.9-9.9-9.9
5291620140216 33.1 20.4  0.009999-99.9-99.9-99.9-99.9-9.9 9920.6 58 18.0 -99-99.9-9.9-9.9
5291620140217 36.3 20.3  0.009999-99.9-99.9-99.9-99.9-9.9 9921.3 55 18.5 -99-99.9-9.9-9.9
5291620140218 36.7 21.1  0.009999-99.9-99.9-99.9-99.9-9.9 9922.0 60 19.0 -99-99.9-9.9-9.9
5291620140219 27.6 21.4  0.009999-99.9-99.9-99.9-99.9-9.9 9924.3 84 20.6 -99-99.9-9.9-9.9
5291620140220 31.2 20.6  0.009999-99.9-99.9-99.9-99.9-9.9 9923.2 73 19.9 -99-99.9-9.9-9.9
5291620140221 35.2 20.0  0.009999-99.9-99.9-99.9-99.9-9.9 9924.3 62 20.6 -99-99.9-9.9-9.9
5291620140222 31.6 22.2  0.009999-99.9-99.9-99.9-99.9-9.9 9925.0 83 21.1 -99-99.9-9.9-9.9
5291620140223 32.9 19.6  0.009999-99.9-99.9-99.9-99.9-9.9 9923.5 68 20.1 -99-99.9-9.9-9.9
5291620140224 37.0 21.4  0.009999-99.9-99.9-99.9-99.9-9.9 9925.0 61 21.1 -99-99.9-9.9-9.9
5291620140225 26.8 21.1  0.009999-99.9-99.9-99.9-99.9-9.9 9925.3 84 21.3 -99-99.9-9.9-9.9
5291620140226 23.9 18.5  0.009999-99.9-99.9-99.9-99.9-9.9 9921.3 91 18.4 -99-99.9-9.9-9.9
5291620140227 26.4 16.5  0.009999-99.9-99.9-99.9-99.9-9.9 9917.7 74 15.6 -99-99.9-9.9-9.9
5291620140228 28.3 14.3  0.009999-99.9-99.9-99.9-99.9-9.9 9915.2 58 13.2 -99-99.9-9.9-9.9
5291620140301 30.3 14.1  0.009999-99.9-99.9-99.9-99.9-9.9 9916.8 60 14.8 -99-99.9-9.9-9.9
5291620140302 30.9 17.9  0.009999-99.9-99.9-99.9-99.9-9.9 9918.3 59 16.0 -99-99.9-9.9-9.9
5291620140303 25.8 18.8  0.009999-99.9-99.9-99.9-99.9-9.9 9920.4 85 17.8 -99-99.9-9.9-9.9
5291620140304 31.3 16.3  0.009999-99.9-99.9-99.9-99.9-9.9 9920.2 71 17.6 -99-99.9-9.9-9.9
5291620140305 34.0 16.9  0.009999-99.9-99.9-99.9-99.9-9.9 9919.1 58 16.7 -99-99.9-9.9-9.9
5291620140306 34.3 17.9  0.009999-99.9-99.9-99.9-99.9-9.9 9919.6 53 17.1 -99-99.9-9.9-9.9
5291620140307 31.8 18.7  0.009999-99.9-99.9-99.9-99.9-9.9 9920.0 62 17.5 -99-99.9-9.9-9.9
5291620140308 30.5 16.0  0.009999-99.9-99.9-99.9-99.9-9.9 9915.9 56 13.9 -99-99.9-9.9-9.9
5291620140309 33.4 14.2  0.009999-99.9-99.9-99.9-99.9-9.9 9916.4 56 14.4 -99-99.9-9.9-9.9
5291620140310 27.2 18.9  0.009999-99.9-99.9-99.9-99.9-9.9 9918.6 69 16.3 -99-99.9-9.9-9.9
5291620140311 29.3 14.5  0.009999-99.9-99.9-99.9-99.9-9.9 9915.9 60 13.9 -99-99.9-9.9-9.9
5291620140312 32.4 15.3  0.009999-99.9-99.9-99.9-99.9-9.9 9916.3 54 14.3 -99-99.9-9.9-9.9
5291620140313 35.6 18.2  0.009999-99.9-99.9-99.9-99.9-9.9 9921.4 59 18.5 -99-99.9-9.9-9.9
5291620140314 36.9 19.2  0.009999-99.9-99.9-99.9-99.9-9.9 9922.8 66 19.5 -99-99.9-9.9-9.9
5291620140315 29.2 18.7  0.009999-99.9-99.9-99.9-99.9-9.9 9920.0 71 17.5 -99-99.9-9.9-9.9
5291620140316 30.1 20.9  0.009999-99.9-99.9-99.9-99.9-9.9 9926.7 84 22.1 -99-99.9-9.9-9.9
5291620140317 26.1 21.4  0.009999-99.9-99.9-99.9-99.9-9.9 9927.0 93 22.3 -99-99.9-9.9-9.9
5291620140318 24.5 20.8  0.009999-99.9-99.9-99.9-99.9-9.9 9923.4 86 20.0 -99-99.9-9.9-9.9
5291620140319 22.2 20.0  0.009999-99.9-99.9-99.9-99.9-9.9 9923.0 92 19.7 -99-99.9-9.9-9.9
5291620140320 22.6 17.9  0.009999-99.9-99.9-99.9-99.9-9.9 9919.5 85 17.1 -99-99.9-9.9-9.9
5291620140321 29.4 16.7  0.009999-99.9-99.9-99.9-99.9-9.9 9919.9 69 17.4 -99-99.9-9.9-9.9
5291620140322 23.0 13.8  0.009999-99.9-99.9-99.9-99.9-9.9 9912.0 58  9.3 -99-99.9-9.9-9.9
5291620140323 25.0  9.9  0.009999-99.9-99.9-99.9-99.9-9.9 9912.5 66 10.2 -99-99.9-9.9-9.9
5291620140324 29.1 11.3  0.009999-99.9-99.9-99.9-99.9-9.9 9915.1 60 13.0 -99-99.9-9.9-9.9
5291620140325 31.5 17.1  0.009999-99.9-99.9-99.9-99.9-9.9 9919.8 62 17.3 -99-99.9-9.9-9.9
5291620140326 32.6 20.7  0.009999-99.9-99.9-99.9-99.9-9.9 9922.6 67 19.4 -99-99.9-9.9-9.9
5291620140327 32.7 19.3  0.009999-99.9-99.9-99.9-99.9-9.9 9922.3 67 19.2 -99-99.9-9.9-9.9
5291620140328 29.2 20.7  0.009999-99.9-99.9-99.9-99.9-9.9 9923.7 77 20.2 -99-99.9-9.9-9.9
5291620140329 24.5 19.7  0.009999-99.9-99.9-99.9-99.9-9.9 9923.6 87 20.1 -99-99.9-9.9-9.9
5291620140330 31.9 20.1  0.009999-99.9-99.9-99.9-99.9-9.9 9926.3 81 21.9 -99-99.9-9.9-9.9
5291620140331 27.0 22.1  0.009999-99.9-99.9-99.9-99.9-9.9 9925.1 81 21.2 -99-99.9-9.9-9.9
5291620140401 29.8 21.7  0.009999-99.9-99.9-99.9-99.9-9.9 9924.3 78 20.6 -99-99.9-9.9-9.9
5291620140402 30.2 19.6  0.009999-99.9-99.9-99.9-99.9-9.9 9922.7 74 19.5 -99-99.9-9.9-9.9
5291620140403 32.5 19.9  0.009999-99.9-99.9-99.9-99.9-9.9 9924.5 70 20.8 -99-99.9-9.9-9.9
5291620140404 32.9 21.8  0.009999-99.9-99.9-99.9-99.9-9.9 9925.7 70 21.5 -99-99.9-9.9-9.9
5291620140405 34.0 22.4  0.009999-99.9-99.9-99.9-99.9-9.9 9926.6 70 22.1 -99-99.9-9.9-9.9
5291620140406 34.1 24.3  0.009999-99.9-99.9-99.9-99.9-9.9 9928.3 69 23.1 -99-99.9-9.9-9.9
5291620140407 35.1 25.4  0.009999-99.9-99.9-99.9-99.9-9.9 9928.0 65 22.9 -99-99.9-9.9-9.9
5291620140408 36.3 26.1  0.009999-99.9-99.9-99.9-99.9-9.9 9927.9 68 22.9 -99-99.9-9.9-9.9
5291620140409 29.2 21.2  0.009999-99.9-99.9-99.9-99.9-9.9 9916.1 46 13.9 -99-99.9-9.9-9.9
5291620140410 27.8 20.1  0.009999-99.9-99.9-99.9-99.9-9.9 9922.9 78 19.6 -99-99.9-9.9-9.9
5291620140411 23.4 18.5  0.009999-99.9-99.9-99.9-99.9-9.9 9922.4 92 19.3 -99-99.9-9.9-9.9
5291620140412 23.9 16.3  0.009999-99.9-99.9-99.9-99.9-9.9 9916.4 73 14.2 -99-99.9-9.9-9.9
5291620140413 19.9  8.7  0.009999-99.9-99.9-99.9-99.9-9.9 99 9.5 52  6.2 -99-99.9-9.9-9.9
5291620140414 23.5  8.6  0.009999-99.9-99.9-99.9-99.9-9.9 9912.6 72 10.3 -99-99.9-9.9-9.9
5291620140415 25.4 10.3  0.009999-99.9-99.9-99.9-99.9-9.9 9913.3 68 11.1 -99-99.9-9.9-9.9
5291620140416 29.3  9.7  0.009999-99.9-99.9-99.9-99.9-9.9 9916.8 70 14.5 -99-99.9-9.9-9.9
5291620140417 22.8 19.8  0.009999-99.9-99.9-99.9-99.9-9.9 9922.8 94 19.6 -99-99.9-9.9-9.9
5291620140418 24.4 19.1  0.009999-99.9-99.9-99.9-99.9-9.9 9922.6 86 19.4 -99-99.9-9.9-9.9
5291620140419 28.0 21.1  0.009999-99.9-99.9-99.9-99.9-9.9 9923.5 83 20.1 -99-99.9-9.9-9.9
5291620140420 27.6 16.7  0.009999-99.9-99.9-99.9-99.9-9.9 9920.5 78 17.9 -99-99.9-9.9-9.9
5291620140421 28.4 16.6  0.009999-99.9-99.9-99.9-99.9-9.9 9920.6 76 18.0 -99-99.9-9.9-9.9
5291620140422 27.1 17.0  0.009999-99.9-99.9-99.9-99.9-9.9 9917.6 67 15.5 -99-99.9-9.9-9.9
5291620140423 27.0 13.6  0.009999-99.9-99.9-99.9-99.9-9.9 9915.8 70 13.8 -99-99.9-9.9-9.9
5291620140424 25.1 11.6  0.009999-99.9-99.9-99.9-99.9-9.9 9913.3 64 11.2 -99-99.9-9.9-9.9
5291620140425 24.0 11.6  0.009999-99.9-99.9-99.9-99.9-9.9 9913.2 70 11.1 -99-99.9-9.9-9.9
5291620140426 24.5 10.2  0.009999-99.9-99.9-99.9-99.9-9.9 9913.7 72 11.6 -99-99.9-9.9-9.9
5291620140427 29.3 11.8  0.009999-99.9-99.9-99.9-99.9-9.9 9918.3 72 15.9 -99-99.9-9.9-9.9
5291620140428 22.6 18.1  0.009999-99.9-99.9-99.9-99.9-9.9 9919.5 81 17.1 -99-99.9-9.9-9.9
5291620140429 20.1 17.1  0.009999-99.9-99.9-99.9-99.9-9.9 9919.2 91 16.9 -99-99.9-9.9-9.9
5291620140430 19.8 17.7  0.009999-99.9-99.9-99.9-99.9-9.9 9919.6 94 17.1 -99-99.9-9.9-9.9
5291620140501 23.0 14.3  0.009999-99.9-99.9-99.9-99.9-9.9 9916.0 81 14.0 -99-99.9-9.9-9.9
5291620140502 26.0 12.0  0.009999-99.9-99.9-99.9-99.9-9.9 9917.3 77 15.2 -99-99.9-9.9-9.9
5291620140503 29.2 17.8  0.009999-99.9-99.9-99.9-99.9-9.9 9923.2 80 19.8 -99-99.9-9.9-9.9
5291620140504 24.4 21.0  0.009999-99.9-99.9-99.9-99.9-9.9 9923.5 90 20.1 -99-99.9-9.9-9.9
5291620140505 25.5 19.3  0.009999-99.9-99.9-99.9-99.9-9.9 9922.2 87 19.2 -99-99.9-9.9-9.9
5291620140506 30.1 18.3  0.009999-99.9-99.9-99.9-99.9-9.9 9922.5 80 19.4 -99-99.9-9.9-9.9
5291620140507 30.9 18.6  0.009999-99.9-99.9-99.9-99.9-9.9 9922.5 76 19.4 -99-99.9-9.9-9.9
5291620140508 27.7 18.7  0.009999-99.9-99.9-99.9-99.9-9.9 9920.6 75 18.0 -99-99.9-9.9-9.9
5291620140509 22.8 13.8  0.009999-99.9-99.9-99.9-99.9-9.9 9914.9 74 12.8 -99-99.9-9.9-9.9
5291620140510 24.0 10.6  0.009999-99.9-99.9-99.9-99.9-9.9 9914.3 75 12.3 -99-99.9-9.9-9.9
5291620140511 27.2 12.8  0.009999-99.9-99.9-99.9-99.9-9.9 9917.3 77 15.1 -99-99.9-9.9-9.9
5291620140512 24.6 14.5  0.009999-99.9-99.9-99.9-99.9-9.9 9918.7 82 16.4 -99-99.9-9.9-9.9
5291620140513 25.8 15.8  0.009999-99.9-99.9-99.9-99.9-9.9 9919.0 81 16.7 -99-99.9-9.9-9.9
5291620140514 27.8 16.3  0.009999-99.9-99.9-99.9-99.9-9.9 9920.3 77 17.7 -99-99.9-9.9-9.9
5291620140515 29.0 18.1  0.009999-99.9-99.9-99.9-99.9-9.9 9922.5 80 19.3 -99-99.9-9.9-9.9
5291620140516 27.5 16.4  0.009999-99.9-99.9-99.9-99.9-9.9 9920.5 83 17.9 -99-99.9-9.9-9.9
5291620140517 29.2 15.7  0.009999-99.9-99.9-99.9-99.9-9.9 9920.0 79 17.5 -99-99.9-9.9-9.9
5291620140518 25.7 16.8  0.009999-99.9-99.9-99.9-99.9-9.9 9919.0 83 16.7 -99-99.9-9.9-9.9
5291620140519 27.9 14.5  0.009999-99.9-99.9-99.9-99.9-9.9 9919.0 81 16.7 -99-99.9-9.9-9.9
5291620140520 27.1 15.6  0.009999-99.9-99.9-99.9-99.9-9.9 9920.6 82 17.9 -99-99.9-9.9-9.9
5291620140521 27.1 21.0  0.009999-99.9-99.9-99.9-99.9-9.9 9923.4 86 20.0 -99-99.9-9.9-9.9
5291620140522 22.0 12.2  0.009999-99.9-99.9-99.9-99.9-9.9 9912.6 74 10.2 -99-99.9-9.9-9.9
5291620140523 17.0  8.1  0.009999-99.9-99.9-99.9-99.9-9.9 9910.5 75  7.7 -99-99.9-9.9-9.9
5291620140524 15.7  6.7  0.009999-99.9-99.9-99.9-99.9-9.9 9910.7 85  7.9 -99-99.9-9.9-9.9
5291620140525 10.5  6.8  0.009999-99.9-99.9-99.9-99.9-9.9 9910.2 89  7.2 -99-99.9-9.9-9.9
5291620140526 19.5  5.0  0.009999-99.9-99.9-99.9-99.9-9.9 9910.9 80  8.2 -99-99.9-9.9-9.9
5291620140527 21.6  4.9  0.009999-99.9-99.9-99.9-99.9-9.9 9911.0 72  8.3 -99-99.9-9.9-9.9
5291620140528 21.8  6.0  0.009999-99.9-99.9-99.9-99.9-9.9 9911.4 73  8.8 -99-99.9-9.9-9.9
5291620140529 23.8  8.9  0.009999-99.9-99.9-99.9-99.9-9.9 9914.2 71 12.1 -99-99.9-9.9-9.9
5291620140530 23.2 17.6  0.009999-99.9-99.9-99.9-99.9-9.9 9917.5 86 15.4 -99-99.9-9.9-9.9
5291620140531 21.6 15.7  0.009999-99.9-99.9-99.9-99.9-9.9 9917.4 84 15.2 -99-99.9-9.9-9.9
5291620140601 21.0 10.5  0.009999-99.9-99.9-99.9-99.9-9.9 9913.4 78 11.3 -99-99.9-9.9-9.9
5291620140602 21.0  4.4  0.009999-99.9-99.9-99.9-99.9-9.9 9910.8 78  8.0 -99-99.9-9.9-9.9
5291620140603 23.3  5.9  0.009999-99.9-99.9-99.9-99.9-9.9 9911.5 68  9.0 -99-99.9-9.9-9.9
5291620140604 23.7 12.9  0.009999-99.9-99.9-99.9-99.9-9.9 9916.9 74 14.7 -99-99.9-9.9-9.9
5291620140605 21.6 16.3  0.009999-99.9-99.9-99.9-99.9-9.9 9918.2 83 16.0 -99-99.9-9.9-9.9
5291620140606 20.4 14.8  0.009999-99.9-99.9-99.9-99.9-9.9 9915.7 82 13.8 -99-99.9-9.9-9.9
5291620140607 22.5 13.6  0.009999-99.9-99.9-99.9-99.9-9.9 9915.3 81 13.3 -99-99.9-9.9-9.9
5291620140608 20.7  7.8  0.009999-99.9-99.9-99.9-99.9-9.9 9911.4 76  8.8 -99-99.9-9.9-9.9
5291620140609 22.9  4.8  0.009999-99.9-99.9-99.9-99.9-9.9 9912.1 80  9.5 -99-99.9-9.9-9.9
5291620140610 24.7  6.1  0.009999-99.9-99.9-99.9-99.9-9.9 9914.7 74 12.3 -99-99.9-9.9-9.9
5291620140611 27.9 18.2  0.009999-99.9-99.9-99.9-99.9-9.9 9919.9 71 17.5 -99-99.9-9.9-9.9
5291620140612-99.9-99.9-99.999999-99.9-99.9-99.9-99.9-9.9 99-9.9-99-99.9 -99-99.9-9.9-9.9
5291620150618-99.9-99.9-99.999999-99.9-99.9-99.9-99.9-9.9 99-9.9-99-99.9 -99-99.9-9.9-9.9
5291620150619 16.7  0.5  0.009999-99.9-99.9-99.9-99.9-9.9 99 8.5 81  4.5   4  2.9 0.0-9.9
5291620150620 22.2  2.9  0.009999-99.9-99.9-99.9-99.9-9.9 9913.1 87 10.5   3  2.3 0.0-9.9
5291620150621 25.1 10.2  0.009999-99.9-99.9-99.9-99.9-9.9 9916.7 87 14.5   1  0.9 0.0-9.9
5291620150622 26.3 14.9  0.009999-99.9-99.9-99.9-99.9-9.9 9920.5 95 17.8   6  5.0 0.0-9.9
5291620150623 17.4 11.5  0.009999-99.9-99.9-99.9-99.9-9.9 9914.7100 12.6  12  9.4 0.0-9.9
5291620150624 14.5 11.8  0.009999-99.9-99.9-99.9-99.9-9.9 9915.5100 13.5   4  3.3 0.0-9.9
5291620150625 25.4 13.8  0.009999-99.9-99.9-99.9-99.9-9.9 9919.2 88 16.8   6  5.0 0.0-9.9
5291620150626 25.3 15.2  0.009999-99.9-99.9-99.9-99.9-9.9 9920.1 87 17.6   5  3.8 0.0-9.9
5291620150627 26.8 17.0  0.009999-99.9-99.9-99.9-99.9-9.9 9920.4 84 17.8   6  4.5 0.0-9.9
5291620150628 25.1 16.4  0.519999-99.9-99.9-99.9-99.9-9.9 9921.0 90 18.3   6  5.2 0.0-9.9
5291620150629 19.4 17.2  0.009999-99.9-99.9-99.9-99.9-9.9 9920.0100 17.5   7  5.8 0.0-9.9
5291620150630 24.3 14.0  0.009999-99.9-99.9-99.9-99.9-9.9 9917.9 91 15.7   2  1.8 0.0-9.9
5291620150701 22.4 10.5  0.009999-99.9-99.9-99.9-99.9-9.9 9916.0 89 13.9   3  2.3 0.0-9.9
5291620150702 22.0 12.2  0.009999-99.9-99.9-99.9-99.9-9.9 9917.9 94 15.7   4  3.2 0.0-9.9
5291620150703 19.7  9.5  0.009999-99.9-99.9-99.9-99.9-9.9 9913.7 83 11.4  12  9.9 0.0-9.9
5291620150704 14.0  4.1  0.009999-99.9-99.9-99.9-99.9-9.9 99 9.3 87  5.8   4  2.8 0.0-9.9
5291620150705 18.1  2.9  0.009999-99.9-99.9-99.9-99.9-9.9 9910.5 81  7.5   4  3.3 0.0-9.9
5291620150706 19.0 12.2  0.009999-99.9-99.9-99.9-99.9-9.9 9916.7 94 14.6   4  2.9 0.0-9.9
5291620150707 18.1 14.3  0.009999-99.9-99.9-99.9-99.9-9.9 9917.3 96 15.2   8  6.7 0.0-9.9
5291620150708 15.5 13.5  0.009999-99.9-99.9-99.9-99.9-9.9 9916.5 98 14.5   5  3.7 0.0-9.9
5291620150709 22.7 10.5  0.009999-99.9-99.9-99.9-99.9-9.9 9917.1 88 15.0   4  3.0 0.0-9.9
5291620150710 20.0 13.4  0.009999-99.9-99.9-99.9-99.9-9.9 9918.9 98 16.5   6  4.7 0.0-9.9
5291620150711 21.5 17.1  0.009999-99.9-99.9-99.9-99.9-9.9 9920.9 94 18.2   3  2.6 0.0-9.9
5291620150712 24.9 14.3  0.009999-99.9-99.9-99.9-99.9-9.9 9922.8 98 19.5   4  3.2 0.0-9.9
5291620150713 22.4 16.4  0.009999-99.9-99.9-99.9-99.9-9.9 9921.5 98 18.5   9  7.5 0.0-9.9
5291620150714 16.5  8.6  0.009999-99.9-99.9-99.9-99.9-9.9 9912.2 89  9.8  10  7.6 0.0-9.9
5291620150715 19.9  5.8  0.009999-99.9-99.9-99.9-99.9-9.9 99 9.5 75  6.1   6  4.5 0.0-9.9
5291620150716 20.8  5.0  0.009999-99.9-99.9-99.9-99.9-9.9 9913.2 86 10.8   4  3.5 0.0-9.9
5291620150717 19.9 11.6  0.009999-99.9-99.9-99.9-99.9-9.9 9914.1 87 12.0   2  2.0 0.0-9.9
5291620150718 24.7  8.8  0.009999-99.9-99.9-99.9-99.9-9.9 9918.9 91 16.1   5  4.0 0.0-9.9
5291620150719 30.1 19.0  1.519999-99.9-99.9-99.9-99.9-9.9 9924.2 85 20.5   4  3.4 0.0-9.9
5291620150720 20.9 13.2  0.009999-99.9-99.9-99.9-99.9-9.9 9915.0 78 12.5  15 12.2 0.0-9.9
5291620150721 17.0  5.1  0.009999-99.9-99.9-99.9-99.9-9.9 99 9.6 79  6.3   4  3.2 0.0-9.9
5291620150722 18.8  3.4  0.009999-99.9-99.9-99.9-99.9-9.9 9910.2 79  7.1   3  2.7 0.0-9.9
5291620150723 21.7  8.0  0.009999-99.9-99.9-99.9-99.9-9.9 9913.6 80 11.5   3  2.4 0.0-9.9
5291620150724 20.5  6.4  0.009999-99.9-99.9-99.9-99.9-9.9 9912.3 84  9.9   4  2.9 0.0-9.9
5291620150725 22.8  6.9  0.009999-99.9-99.9-99.9-99.9-9.9 9913.9 88 11.7   4  2.8 0.0-9.9
5291620150726 24.0  7.3  0.219999-99.9-99.9-99.9-99.9-9.9 9914.8 87 12.6   4  2.9 0.0-9.9
5291620150727 28.8 11.3  0.009999-99.9-99.9-99.9-99.9-9.9 9918.7 82 16.2   6  4.6 0.0-9.9
5291620150728 30.1 18.5  0.009999-99.9-99.9-99.9-99.9-9.9 9922.0 76 19.0   8  6.0 0.0-9.9
5291620150729 29.9 20.0  0.009999-99.9-99.9-99.9-99.9-9.9 9921.4 73 18.6   5  4.4 0.0-9.9
5291620150730 32.5 19.2  0.009999-99.9-99.9-99.9-99.9-9.9 9921.0 66 18.3  10  7.8 0.0-9.9
5291620150731 32.7 20.4  0.009999-99.9-99.9-99.9-99.9-9.9 9920.9 69 18.2   9  6.8 0.0-9.9
5291620150801 30.2 16.9  0.009999-99.9-99.9-99.9-99.9-9.9 9921.1 74 18.3   9  7.1 0.0-9.9
5291620150802 31.9 21.3  0.009999-99.9-99.9-99.9-99.9-9.9 9920.4 65 17.8   7  5.4 0.0-9.9
5291620150803 32.1 19.8  0.009999-99.9-99.9-99.9-99.9-9.9 9922.0 69 19.0   4  3.3 0.0-9.9
5291620150804 31.0 20.3  2.219999-99.9-99.9-99.9-99.9-9.9 9924.7 78 20.9   6  5.0 0.0-9.9
5291620150805 29.6 19.8  0.009999-99.9-99.9-99.9-99.9-9.9 9923.8 83 20.3  10  8.2 0.0-9.9
5291620150806 33.3 22.8  0.009999-99.9-99.9-99.9-99.9-9.9 9922.5 60 19.3  12  9.7 0.0-9.9
5291620150807 32.9 22.8  0.009999-99.9-99.9-99.9-99.9-9.9 9924.5 68 20.6   9  6.9 0.0-9.9
5291620150808 34.4 23.2  0.009999-99.9-99.9-99.9-99.9-9.9 9924.9 59 21.0  11  9.0 0.0-9.9
5291620150809 34.1 23.6 17.019999-99.9-99.9-99.9-99.9-9.9 9919.6 51 17.2  15 12.2 0.0-9.9
5291620150810 28.2 13.8  0.009999-99.9-99.9-99.9-99.9-9.9 9917.5 93 15.4  12  9.3 0.0-9.9
5291620150811 23.1 16.0  0.009999-99.9-99.9-99.9-99.9-9.9 9920.4 90 17.8   7  5.7 0.0-9.9
5291620150812 22.8 17.2  0.009999-99.9-99.9-99.9-99.9-9.9 9920.8 98 18.1   8  6.2 0.0-9.9
5291620150813 17.2 13.3  0.009999-99.9-99.9-99.9-99.9-9.9 9915.9 98 13.9   8  6.2 0.0-9.9
5291620150814 16.4 12.9  0.009999-99.9-99.9-99.9-99.9-9.9 9915.6100 13.6   6  4.4 0.0-9.9
5291620150815 20.0 11.6  0.009999-99.9-99.9-99.9-99.9-9.9 9914.1 86 12.1   6  4.9 0.0-9.9
5291620150816 18.2 10.2  0.009999-99.9-99.9-99.9-99.9-9.9 9916.4 98 14.2   7  5.3 0.0-9.9
5291620150817 17.8 14.3  0.009999-99.9-99.9-99.9-99.9-9.9 9918.2100 16.0   5  3.8 0.0-9.9
5291620150818 18.4 13.6  0.009999-99.9-99.9-99.9-99.9-9.9 9917.7100 15.5  11  8.6 0.0-9.9
5291620150819 24.0 11.7  0.009999-99.9-99.9-99.9-99.9-9.9 9915.9 85 13.9   3  2.5 0.0-9.9
5291620150820 20.3 11.8  0.009999-99.9-99.9-99.9-99.9-9.9 9915.5 94 13.5   5  3.9 0.0-9.9
5291620150821 26.4  9.9  0.009999-99.9-99.9-99.9-99.9-9.9 9915.6 79 13.5   5  3.6 0.0-9.9
5291620150822 26.3 15.7  0.009999-99.9-99.9-99.9-99.9-9.9 9920.6 82 18.0   5  4.1 0.0-9.9
5291620150823 23.4 14.9  0.009999-99.9-99.9-99.9-99.9-9.9 9913.6 62 11.2  15 11.7 0.0-9.9
5291620150824 21.6 11.4  0.009999-99.9-99.9-99.9-99.9-9.9 9913.0 76 10.8   9  6.9 0.0-9.9
5291620150825 27.2  9.2  0.009999-99.9-99.9-99.9-99.9-9.9 9918.2 85 15.6   5  4.3 0.0-9.9
5291620150826 31.1 18.8  0.009999-99.9-99.9-99.9-99.9-9.9 9923.4 84 20.0   5  3.6 0.0-9.9
5291620150827-99.9-99.9-99.999999-99.9-99.9-99.9-99.9-9.9 9915.1 72 12.8 -99-99.9 0.0-9.9
5291620150828 28.7 11.1  0.009999-99.9-99.9-99.9-99.9-9.9 9915.2 59 13.2   7  5.5 0.0-9.9
5291620150829 32.3 13.8  0.009999-99.9-99.9-99.9-99.9-9.9 9919.6 64 17.1   7  5.8 0.0-9.9
5291620150830 34.1 16.8  0.009999-99.9-99.9-99.9-99.9-9.9 9920.0 60 17.5   7  5.4 0.0-9.9
5291620150831 36.5 19.5  0.009999-99.9-99.9-99.9-99.9-9.9 9923.1 60 19.7   5  4.3 0.0-9.9
5291620150901 27.1 16.0  0.009999-99.9-99.9-99.9-99.9-9.9 9918.7 84 16.2  18 14.3 0.0-9.9
5291620150902 23.8 12.4  0.009999-99.9-99.9-99.9-99.9-9.9 9917.1 81 15.0   7  5.3 0.0-9.9
5291620150903 22.8 15.6  0.009999-99.9-99.9-99.9-99.9-9.9 9914.9 73 12.9  11  8.7 0.0-9.9
5291620150904 23.3  7.9  0.009999-99.9-99.9-99.9-99.9-9.9 9912.3 70 10.0   6  4.9 0.0-9.9
5291620150905 23.4  8.7  0.009999-99.9-99.9-99.9-99.9-9.9 9912.6 73 10.4   6  5.0 0.0-9.9
5291620150906 24.0  6.9  0.009999-99.9-99.9-99.9-99.9-9.9 9912.6 69 10.4   6  5.1 0.0-9.9
5291620150907 26.4 10.4  0.009999-99.9-99.9-99.9-99.9-9.9 9915.6 72 13.5   6  5.1 0.0-9.9
5291620150908 26.8 12.5  0.009999-99.9-99.9-99.9-99.9-9.9 9915.3 74 13.3   7  5.3 0.0-9.9
5291620150909 28.7  8.7  0.009999-99.9-99.9-99.9-99.9-9.9 9915.0 64 13.0   6  4.6 0.0-9.9
5291620150910 21.8 13.3  1.219999-99.9-99.9-99.9-99.9-9.9 9914.8 82 12.7  14 11.2 0.0-9.9
5291620150911 20.4  4.0  0.009999-99.9-99.9-99.9-99.9-9.9 99 7.3 45  2.3   8  6.5 0.0-9.9
5291620150912 23.4  0.8  0.009999-99.9-99.9-99.9-99.9-9.9 99 7.6 47  3.0   3  2.7 0.0-9.9
5291620150913 26.2  6.5  0.009999-99.9-99.9-99.9-99.9-9.9 99 9.3 47  5.8   5  4.3 0.0-9.9
5291620150914 28.6  6.5  0.009999-99.9-99.9-99.9-99.9-9.9 9910.3 42  7.4   7  5.9 0.0-9.9
5291620150915 34.8 12.5  0.009999-99.9-99.9-99.9-99.9-9.9 9920.2 60 17.2   8  6.0 0.0-9.9
5291620150916 36.8 21.2  0.009999-99.9-99.9-99.9-99.9-9.9 9922.3 64 19.1  13 10.5 0.0-9.9
5291620150917 24.4 13.5  0.009999-99.9-99.9-99.9-99.9-9.9 9917.5 76 15.2  11  9.2 0.0-9.9
5291620150918 21.8 16.6  0.009999-99.9-99.9-99.9-99.9-9.9 9919.2 87 16.9   8  6.8 0.0-9.9
5291620150919 25.2 17.6  2.219999-99.9-99.9-99.9-99.9-9.9 9920.9 84 18.2   9  7.0 0.0-9.9
5291620150920 24.5 17.7  0.009999-99.9-99.9-99.9-99.9-9.9 9923.2 95 19.8  11  8.4 0.0-9.9
5291620150921 35.9 19.4  0.009999-99.9-99.9-99.9-99.9-9.9 9926.9 75 22.3   7  5.6 0.0-9.9
5291620150922 34.2 20.9  0.009999-99.9-99.9-99.9-99.9-9.9 9927.6 82 22.7   5  4.4 0.0-9.9
5291620150923 24.8 20.0  0.009999-99.9-99.9-99.9-99.9-9.9 9923.6 93 20.1   8  6.7 0.0-9.9
5291620150924 21.9 16.7  0.009999-99.9-99.9-99.9-99.9-9.9 9919.2 89 16.9   9  7.4 0.0-9.9
5291620150925 24.0 15.9  0.009999-99.9-99.9-99.9-99.9-9.9 9917.8 82 15.7  11  8.9 0.0-9.9
5291620150926 27.8 14.7  0.009999-99.9-99.9-99.9-99.9-9.9 9916.6 68 14.6   8  6.4 0.0-9.9
5291620150927 28.1 12.2  0.009999-99.9-99.9-99.9-99.9-9.9 9914.8 63 12.8   6  4.6 0.0-9.9
5291620150928 29.9 10.6  0.009999-99.9-99.9-99.9-99.9-9.9 9914.9 58 12.9   5  4.1 0.0-9.9
5291620150929 31.6 13.6  6.519999-99.9-99.9-99.9-99.9-9.9 9915.7 53 13.7   9  6.9 0.0-9.9
5291620150930 29.8 12.8  0.009999-99.9-99.9-99.9-99.9-9.9 9915.5 58 13.5  11  8.6 0.0-9.9
5291620151001 32.4 18.2  0.009999-99.9-99.9-99.9-99.9-9.9 9921.2 70 18.2  10  7.7 0.0-9.9
5291620151002 25.8 16.6  0.009999-99.9-99.9-99.9-99.9-9.9 9920.6 95 17.9  12  9.4 0.0-9.9
5291620151003 16.7 12.6  0.009999-99.9-99.9-99.9-99.9-9.9 9913.3 85 11.2  11  8.7 0.0-9.9
5291620151004 25.8  8.6  0.009999-99.9-99.9-99.9-99.9-9.9 9912.8 63 10.6   8  6.7 0.0-9.9
5291620151005 30.4 16.3  0.009999-99.9-99.9-99.9-99.9-9.9 9919.1 66 16.5   6  5.1 0.0-9.9
5291620151006 38.2 19.9  0.009999-99.9-99.9-99.9-99.9-9.9 9926.0 59 21.7   8  6.7 0.0-9.9
5291620151007 33.1 20.5  0.009999-99.9-99.9-99.9-99.9-9.9 9926.7 76 22.1  13 10.3 0.0-9.9
5291620151008 20.8 16.2  0.009999-99.9-99.9-99.9-99.9-9.9 9919.5 99 17.1  11  8.4 0.0-9.9
5291620151009 17.0 14.6  0.009999-99.9-99.9-99.9-99.9-9.9 9917.3100 15.3  16 12.4 0.0-9.9
5291620151010 14.7 12.9  0.009999-99.9-99.9-99.9-99.9-9.9 9915.7100 13.7  17 13.6 0.0-9.9
5291620151011 17.0 13.1  0.009999-99.9-99.9-99.9-99.9-9.9 9916.3 99 14.3  13 10.3 0.0-9.9
5291620151012 22.5 11.0  0.009999-99.9-99.9-99.9-99.9-9.9 9915.1 84 13.1   5  4.3 0.0-9.9
5291620151013 25.5 11.3  0.819999-99.9-99.9-99.9-99.9-9.9 9916.4 78 14.3   7  5.9 2.7-9.9
5291620151014 34.7 15.0  0.009999-99.9-99.9-99.9-99.9 5.7 4524.4 78 20.5   8  6.116.1 7.9
5291620151015 29.5 18.7  0.009999-99.9-99.9-99.9-99.912.0 9421.0 75 18.2  13 10.726.620.4
5291620151016 23.4 16.1  0.009999-99.9-99.9-99.9-99.9 5.1 4014.0 63 11.9  14 11.015.418.2
5291620151017 23.4 15.0  0.009999-99.9-99.9-99.9-99.9 6.6 5212.5 61 10.3  14 10.817.920.3
5291620151018 25.3 12.3  0.009999-99.9-99.9-99.9-99.9 9.1 7113.7 60 11.6  10  8.222.113.4
5291620151019 34.3 14.8  0.009999-99.9-99.9-99.9-99.9 7.7 6023.6 64 19.8   8  6.519.810.6
5291620151020 30.6 21.1  0.009999-99.9-99.9-99.9-99.9 5.8 4524.9 81 20.9  12  9.516.716.0
5291620151021 27.3 16.1  0.009999-99.9-99.9-99.9-99.9 8.2 6419.4 74 17.0   9  7.020.711.1
5291620151022 28.9 16.4  0.009999-99.9-99.9-99.9-99.912.1 9419.4 70 17.0  11  8.527.314.7
5291620151023 30.4 16.2  0.009999-99.9-99.9-99.9-99.912.5 9717.6 58 15.4  13 10.228.021.1
5291620151024 31.0 15.2  0.009999-99.9-99.9-99.9-99.9 7.0 5418.6 59 16.3  15 11.818.918.5
5291620151025 22.7 19.6  0.009999-99.9-99.9-99.9-99.9-9.9 9924.0100 20.3   9  6.9 1.4-9.9
5291620151026 23.1 19.6  0.009999-99.9-99.9-99.9-99.9-9.9 9924.7100 20.9   7  5.8 2.8-9.9
5291620151027 31.1 19.4  3.819999-99.9-99.9-99.9-99.9 9.8 7625.1 80 21.2   6  4.823.9 9.6
5291620151028 32.6 19.4  0.009999-99.9-99.9-99.9-99.912.5 9624.7 67 20.9   5  3.928.511.3
5291620151029 35.0 19.5 21.819999-99.9-99.9-99.9-99.911.7 8926.9 66 22.2   6  5.127.012.6
5291620151030 28.1 18.3  0.519999-99.9-99.9-99.9-99.9 1.5 1223.0 93 19.7  11  9.0 9.9 7.8
5291620151031 27.6 17.0  0.009999-99.9-99.9-99.9-99.910.2 7821.8 79 18.9  10  7.724.610.2
5291620151101 24.2 18.6  0.009999-99.9-99.9-99.9-99.9 3.3 2520.5 82 17.9  12  9.213.0 8.8
5291620151102 25.4 17.4  0.009999-99.9-99.9-99.9-99.9 7.0 5320.8 85 18.1   9  7.219.3 8.8
5291620151103 22.6 18.6  0.009999-99.9-99.9-99.9-99.9-9.9 9923.1 93 19.8   9  7.0 5.5-9.9
5291620151104 23.6 19.8  1.019999-99.9-99.9-99.9-99.9-9.9 9924.6100 20.8   7  5.8 4.4-9.9
5291620151105 24.1 17.1  1.019999-99.9-99.9-99.9-99.9 3.8 2920.2 90 17.6  11  8.913.9 7.7
5291620151106 26.5 13.7  0.009999-99.9-99.9-99.9-99.912.8 9717.6 75 15.5   8  6.029.411.7
5291620151107 28.0 13.9  0.009999-99.9-99.9-99.9-99.912.7 9617.4 63 15.3   5  3.929.310.6
5291620151108 31.6 15.0  0.009999-99.9-99.9-99.9-99.912.9 9719.7 63 17.3   3  2.629.7 9.9
5291620151109 33.9 19.2  0.009999-99.9-99.9-99.9-99.911.1 8329.2 78 23.5   8  6.226.610.6
5291620151110 32.1 23.8 12.519999-99.9-99.9-99.9-99.9 4.9 3730.4 78 24.3  10  8.116.110.5
5291620151111 29.6 22.9  0.009999-99.9-99.9-99.9-99.9 2.5 1929.6 92 23.9   7  5.511.9 5.2
5291620151112 35.0 22.9  0.009999-99.9-99.9-99.9-99.9 8.6 6532.8 76 25.5   7  5.222.5 9.5
5291620151113 30.8 20.6  1.219999-99.9-99.9-99.9-99.912.6 9424.6 75 20.6  11  8.429.517.5
5291620151114 27.6 16.2  0.009999-99.9-99.9-99.9-99.910.5 7820.2 72 17.7   8  6.325.911.4
5291620151115 29.2 18.5  0.219999-99.9-99.9-99.9-99.9 9.0 6723.5 75 20.1   9  7.323.311.6
5291620151116 29.0 20.7  2.519999-99.9-99.9-99.9-99.9 3.1 2325.6 86 21.4   9  7.113.0 7.7
5291620151117 32.9 22.1  1.519999-99.9-99.9-99.9-99.9 8.7 6429.1 84 23.6   5  4.222.7 8.4
5291620151118 32.2 23.2  0.519999-99.9-99.9-99.9-99.9 9.5 7128.3 78 23.1   4  3.424.3 9.6
5291620151119 25.5 20.3 19.819999-99.9-99.9-99.9-99.9 3.4 2524.1 91 20.4  12  9.313.5 8.2
5291620151120 23.6 15.1  0.009999-99.9-99.9-99.9-99.912.3 9116.0 74 14.0  11  8.629.214.5
5291620151121 26.2 12.3  0.009999-99.9-99.9-99.9-99.912.2 9017.3 73 15.2   6  4.829.010.4
5291620151122 30.7 15.5  0.009999-99.9-99.9-99.9-99.913.3 9819.7 65 17.3   5  4.131.012.0
5291620151123 31.2 19.5  0.009999-99.9-99.9-99.9-99.9 9.9 7323.7 73 20.2   8  6.525.012.6
5291620151124 30.3 19.2  0.009999-99.9-99.9-99.9-99.912.5 9223.4 74 19.9   9  7.429.614.7
5291620151125 33.2 20.2  1.519999-99.9-99.9-99.9-99.911.3 8327.6 75 22.6  10  7.927.612.9
5291620151126 32.1 24.5  6.819999-99.9-99.9-99.9-99.9 3.5 2530.8 93 24.5  13 10.313.9 9.6
5291620151127 32.5 23.3  9.219999-99.9-99.9-99.9-99.9 3.8 2830.5 84 24.3   7  5.614.5 7.2
5291620151128 28.4 20.0  0.009999-99.9-99.9-99.9-99.910.7 7821.5 71 18.6  11  9.226.617.4
5291620151129 28.3 16.4  0.009999-99.9-99.9-99.9-99.912.6 9217.0 62 14.9   9  7.030.016.8
5291620151130 22.5 14.5  0.819999-99.9-99.9-99.9-99.9-9.9 9917.8 75 15.6   5  4.1 6.1-9.9
5291620151201 30.0 18.0  0.009999-99.9-99.9-99.9-99.9 4.0 2922.9 80 19.5   7  5.714.9 7.3
5291620151202 27.1 21.2  3.519999-99.9-99.9-99.9-99.9-9.9 9927.7 97 22.8   7  5.4 5.1-9.9
5291620151203 29.8 22.2  0.219999-99.9-99.9-99.9-99.9 2.4 1829.6 88 23.9   4  3.512.2 4.7
5291620151204 34.0 22.7  0.009999-99.9-99.9-99.9-99.910.0 7329.8 76 24.0   5  4.125.510.8
5291620151205 30.2 20.8  0.009999-99.9-99.9-99.9-99.9 2.8 2025.0 73 21.1   8  6.612.8 9.5
5291620151206 30.8 17.3  0.009999-99.9-99.9-99.9-99.911.9 8620.8 64 18.1   6  5.028.813.7
5291620151207 32.3 15.5  0.009999-99.9-99.9-99.9-99.912.3 8918.9 58 16.6   5  3.829.412.9
5291620151208 34.5 15.7  0.009999-99.9-99.9-99.9-99.913.3 9621.3 55 18.4   6  4.631.314.3
5291620151209 29.8 19.6 22.019999-99.9-99.9-99.9-99.9-9.9 9925.2 94 21.1   9  7.1 2.3-9.9
5291620151210 29.7 17.2  0.009999-99.9-99.9-99.9-99.9 7.5 5423.8 80 20.3   3  2.421.1 7.1
5291620151211 32.1 18.2  0.009999-99.9-99.9-99.9-99.913.3 9625.4 72 21.3   4  3.131.310.5
5291620151212 35.1 22.7 55.519999-99.9-99.9-99.9-99.912.0 8731.1 70 24.7   9  7.229.114.2
5291620151213 31.2 19.6  9.519999-99.9-99.9-99.9-99.9 6.8 4927.2 86 22.4  11  8.919.911.2
5291620151214 29.6 20.9 39.019999-99.9-99.9-99.9-99.9-9.9 9928.3 98 23.1   9  7.0 5.5-9.9
5291620151215 30.7 20.1  0.009999-99.9-99.9-99.9-99.911.3 8125.9 79 21.6   7  5.827.811.0
5291620151216 32.6 20.7  0.009999-99.9-99.9-99.9-99.911.2 8129.3 76 23.6   8  6.327.611.8
5291620151217 36.6 25.6  0.009999-99.9-99.9-99.9-99.912.5 9031.8 67 25.1  10  8.029.919.0
5291620151218 31.7 23.8  0.009999-99.9-99.9-99.9-99.9 6.2 4528.7 76 23.3  13 10.118.917.9
5291620151219 28.1 21.4  0.009999-99.9-99.9-99.9-99.9 6.5 4724.3 77 20.6  13 10.519.313.5
5291620151220 30.8 20.4  0.009999-99.9-99.9-99.9-99.9 6.4 4627.0 81 22.3   8  6.419.2 8.7
5291620151221 32.8 24.2  0.009999-99.9-99.9-99.9-99.9 6.0 4332.8 81 25.6   5  3.818.6 7.6
5291620151222 36.3 27.2 16.819999-99.9-99.9-99.9-99.910.8 7832.6 69 25.5  10  8.427.018.9
5291620151223 30.9 21.0110.019999-99.9-99.9-99.9-99.9 7.4 5428.7 85 23.3  19 14.821.116.3
5291620151224 28.1 20.5  0.009999-99.9-99.9-99.9-99.9 3.6 2626.6 91 22.1   6  4.914.2 5.6
5291620151225 31.4 21.5  0.009999-99.9-99.9-99.9-99.910.9 7928.7 80 23.3   5  4.427.210.0
5291620151226 32.9 22.4  0.009999-99.9-99.9-99.9-99.911.5 8330.6 83 24.4   3  2.128.2 9.2
5291620151227 35.0 24.4  0.219999-99.9-99.9-99.9-99.9 6.5 4734.9 92 26.6   4  2.819.4 6.9
5291620151228 34.3 25.0 17.519999-99.9-99.9-99.9-99.9 3.1 2333.6 94 26.0   6  5.013.5 5.6
5291620151229 32.0 23.4  0.519999-99.9-99.9-99.9-99.9 3.8 2833.2 94 25.8   4  3.114.8 4.7
5291620151230 34.7 24.9  0.009999-99.9-99.9-99.9-99.912.8 9333.9 83 26.1   4  3.230.511.2
5291620151231 31.3 22.0 37.519999-99.9-99.9-99.9-99.9 2.7 2033.4 93 25.9   6  4.612.8 4.8
5291620160101 34.5 24.6  0.009999-99.9-99.9-99.9-99.9 6.2 4533.5 85 25.9   3  2.118.8 6.9
5291620160102 35.9 24.6  0.009999-99.9-99.9-99.9-99.910.3 7533.7 74 26.0   3  2.526.110.0
5291620160103 36.4 25.7 80.219999-99.9-99.9-99.9-99.9 8.9 6435.1 78 26.7   5  4.023.610.4
5291620160104 30.5 21.9 10.819999-99.9-99.9-99.9-99.9 0.8  631.3 98 24.7   4  3.1 9.4 3.2
5291620160105 31.6 24.0  0.009999-99.9-99.9-99.9-99.9 7.7 5632.8 91 25.5   7  5.921.5 8.6
5291620160106 32.5 24.8  0.009999-99.9-99.9-99.9-99.911.1 8132.1 83 25.2   9  7.427.512.8
5291620160107 32.2 22.6  0.009999-99.9-99.9-99.9-99.9 9.3 6729.4 82 23.7   8  6.324.311.4
5291620160108 33.9 22.5  0.009999-99.9-99.9-99.9-99.9 7.3 5331.6 86 24.9   6  4.720.7 8.3
5291620160109 34.1 25.0  0.009999-99.9-99.9-99.9-99.9 8.9 6532.1 76 25.2   8  6.123.511.7
5291620160110 35.5 24.4  0.009999-99.9-99.9-99.9-99.912.1 8833.0 76 25.7   6  4.529.212.9
5291620160111 35.7 25.0  0.009999-99.9-99.9-99.9-99.910.0 7334.8 80 26.6   4  3.225.410.2
5291620160112 37.3 24.8  3.219999-99.9-99.9-99.9-99.912.0 8833.4 74 25.9   4  3.229.012.3
5291620160113 29.7 23.3  0.009999-99.9-99.9-99.9-99.9 2.0 1431.5 92 24.9   9  7.111.4 5.5
5291620160114 34.6 22.5  0.009999-99.9-99.9-99.9-99.912.7 9329.9 77 24.0   7  5.830.113.8
5291620160115 35.6 22.8  0.009999-99.9-99.9-99.9-99.913.4 9828.0 69 22.9   6  4.931.514.8
5291620160116 35.6 19.8  0.009999-99.9-99.9-99.9-99.913.610026.2 63 21.8   5  4.131.713.9
5291620160117 38.5 21.1  0.009999-99.9-99.9-99.9-99.913.2 9728.9 65 23.4   4  3.331.013.3
5291620160118 37.6 24.1  0.009999-99.9-99.9-99.9-99.912.6 9227.0 61 22.2   5  4.129.915.7
5291620160119 37.5 21.4  0.009999-99.9-99.9-99.9-99.913.510023.9 54 20.3   5  4.031.516.1
5291620160120 37.2 22.5  0.009999-99.9-99.9-99.9-99.913.3 9825.3 55 21.3   6  4.531.016.5
5291620160121 37.2 21.1  0.009999-99.9-99.9-99.9-99.913.3 9825.8 57 21.5   6  4.531.015.9
5291620160122 38.4 21.4  0.009999-99.9-99.9-99.9-99.913.0 9625.5 56 21.3   5  4.430.516.1
5291620160123 38.3 21.5  0.009999-99.9-99.9-99.9-99.913.0 9625.7 53 21.5   5  3.730.515.3
5291620160124 37.6 22.8 25.019999-99.9-99.9-99.9-99.913.0 9624.8 53 20.9  10  7.930.523.3
5291620160125 31.3 19.6 32.519999-99.9-99.9-99.9-99.9 7.5 5627.3 88 22.5  11  8.820.812.8
5291620160126 28.2 20.0  0.009999-99.9-99.9-99.9-99.9 3.8 2825.1 89 21.1  12  9.314.3 8.8
5291620160127 31.5 17.0  0.009999-99.9-99.9-99.9-99.913.410021.1 67 18.3   7  5.831.014.5
5291620160128 33.8 18.7  0.009999-99.9-99.9-99.9-99.910.3 7727.1 75 22.4   5  3.825.7 9.9
5291620160129 36.3 23.4  7.819999-99.9-99.9-99.9-99.910.0 7532.8 77 25.6   6  4.825.111.2
5291620160130 28.5 22.1 12.819999-99.9-99.9-99.9-99.9 0.3  230.5 96 24.4   7  5.3 8.1 4.0
5291620160131 32.6 22.5  0.219999-99.9-99.9-99.9-99.9 9.6 7228.4 84 23.2   8  6.224.310.6
5291620160201 32.9 20.7  0.009999-99.9-99.9-99.9-99.910.1 7625.0 69 21.1   5  4.025.211.1
5291620160202 30.0 20.5  0.009999-99.9-99.9-99.9-99.9 4.6 3526.0 83 21.7   5  3.715.5 6.8
5291620160203 30.5 22.1  0.009999-99.9-99.9-99.9-99.9 5.5 4228.3 92 23.1   4  3.117.1 6.1
5291620160204 33.5 19.8  0.009999-99.9-99.9-99.9-99.910.3 7827.9 78 22.9   3  2.725.4 8.9
5291620160205 34.4 22.4  9.819999-99.9-99.9-99.9-99.9 6.2 4731.3 81 24.8   5  4.218.2 7.5
5291620160206 31.1 24.1  2.519999-99.9-99.9-99.9-99.9 3.6 2732.1 91 25.2   4  3.113.7 5.1
5291620160207 35.4 23.7  0.009999-99.9-99.9-99.9-99.912.0 9133.0 77 25.7   6  4.528.211.3
5291620160208 36.9 26.6  0.009999-99.9-99.9-99.9-99.910.0 7634.4 75 26.4   8  6.224.714.1
5291620160209 34.6 25.6  0.519999-99.9-99.9-99.9-99.9 6.0 4635.9 86 27.1   6  4.917.8 7.6
5291620160210 33.1 24.4  0.009999-99.9-99.9-99.9-99.9 4.3 3333.1 88 25.7   3  2.514.8 5.7
5291620160211 33.6 24.5  7.519999-99.9-99.9-99.9-99.9 7.4 5634.6 82 26.5   5  3.620.0 7.4
5291620160212 37.3 25.7  0.009999-99.9-99.9-99.9-99.9 9.0 6935.9 75 27.1   6  4.822.711.2
5291620160213 38.8 25.0  5.019999-99.9-99.9-99.9-99.910.3 7934.2 75 26.3   8  6.825.013.8
5291620160214 35.1 24.6  0.009999-99.9-99.9-99.9-99.9 7.8 6033.0 89 25.7   7  5.520.6 8.5
5291620160215 35.1 22.7  5.819999-99.9-99.9-99.9-99.9 2.4 1932.8 93 25.5   7  5.811.3 5.2
5291620160216 35.3 22.8  0.009999-99.9-99.9-99.9-99.910.4 8032.9 81 25.6   8  6.724.811.2
5291620160217 36.4 26.7  0.009999-99.9-99.9-99.9-99.910.6 8232.9 73 25.6  11  8.725.216.7
5291620160218 37.3 25.2  0.009999-99.9-99.9-99.9-99.9 9.6 7534.2 75 26.3   8  6.023.512.5
5291620160219 39.3 22.2  0.219999-99.9-99.9-99.9-99.9 9.4 7331.8 86 24.8  10  8.123.114.6
5291620160220 30.1 20.9  5.519999-99.9-99.9-99.9-99.9 1.6 1327.8 96 22.8   5  4.3 9.9 3.4
5291620160221 35.1 21.7  0.009999-99.9-99.9-99.9-99.910.8 8430.4 81 24.3   4  3.225.3 9.3
5291620160222 36.9 23.3  0.219999-99.9-99.9-99.9-99.9 9.1 7130.1 85 24.1   5  3.822.4 9.4
5291620160223 36.7 20.9  4.519999-99.9-99.9-99.9-99.911.8 9328.3 71 23.0   3  2.326.8 9.5
5291620160224 37.7 22.3  0.009999-99.9-99.9-99.9-99.912.1 9529.5 69 23.8   3  2.227.210.2
5291620160225 36.7 24.3  0.009999-99.9-99.9-99.9-99.9 5.9 4631.3 75 24.8   2  2.016.7 7.0
5291620160226 38.4 23.2 82.819999-99.9-99.9-99.9-99.910.3 8130.2 76 24.2  10  7.824.116.6
5291620160227 29.4 21.4  0.219999-99.9-99.9-99.9-99.9 5.9 4726.2 89 21.9   7  5.816.8 7.3
5291620160228 32.0 16.0  0.009999-99.9-99.9-99.9-99.912.610022.5 76 19.4   5  3.827.810.2
5291620160229 33.9 19.6  0.009999-99.9-99.9-99.9-99.911.6 9226.7 75 22.1   7  5.325.911.2
5291620160301 26.8 20.6 39.019999-99.9-99.9-99.9-99.9-9.9 9925.6 94 21.5   5  3.9 3.4-9.9
5291620160302 26.4 20.4  0.009999-99.9-99.9-99.9-99.9 0.6  425.6 94 21.4   7  5.7 7.7 3.2
5291620160303 29.3 17.3  0.009999-99.9-99.9-99.9-99.910.6 8422.9 85 19.6   8  6.624.010.2
5291620160304 30.2 18.1  0.009999-99.9-99.9-99.9-99.912.0 9622.1 78 19.0   4  3.326.2 9.2
5291620160305 30.5 16.5  0.009999-99.9-99.9-99.9-99.910.5 8423.0 75 19.7   4  3.223.7 7.9
5291620160306 29.1 18.7  0.009999-99.9-99.9-99.9-99.912.2 9821.4 77 18.5   6  4.426.410.4
5291620160307 30.0 14.2  0.009999-99.9-99.9-99.9-99.912.2 9819.4 71 17.0   4  3.526.4 9.1
5291620160308 27.7 17.4 18.819999-99.9-99.9-99.9-99.9-9.9 9922.3 95 19.2   6  4.9 6.0-9.9
5291620160309 23.9 18.5  3.019999-99.9-99.9-99.9-99.9-9.9 9923.0 97 19.7   4  3.5 6.1-9.9
5291620160310 27.4 16.8  0.009999-99.9-99.9-99.9-99.9 9.9 8023.4 89 19.9   8  6.722.4 7.3
5291620160311 26.2 15.5  0.009999-99.9-99.9-99.9-99.911.5 9320.2 83 17.7   8  6.524.8 9.2
5291620160312 27.9 14.7  0.009999-99.9-99.9-99.9-99.9 7.1 5819.7 77 17.2   4  3.017.7 6.4
5291620160313 28.9 15.8  0.009999-99.9-99.9-99.9-99.9 7.7 6320.6 82 17.9   3  2.418.6 6.1
5291620160314 32.0 16.7  0.009999-99.9-99.9-99.9-99.9 9.2 7523.6 83 20.1   2  1.820.9 6.2
5291620160315 34.4 18.6  0.009999-99.9-99.9-99.9-99.911.1 9125.7 76 21.5   3  2.423.8 8.1
5291620160316 35.7 20.1  0.009999-99.9-99.9-99.9-99.910.4 8529.0 77 23.5   4  3.222.5 8.8
5291620160317 35.4 23.0  0.009999-99.9-99.9-99.9-99.910.5 8630.8 77 24.5   7  5.622.511.4
5291620160318 36.6 24.1  0.009999-99.9-99.9-99.9-99.910.7 8830.4 75 24.3  11  8.422.815.6
5291620160319 26.0 20.6 24.819999-99.9-99.9-99.9-99.9-9.9 9926.3 99 21.9  10  8.0 5.0-9.9
5291620160320 23.7 20.0 18.019999-99.9-99.9-99.9-99.9-9.9 9925.5100 21.4   7  5.3 4.7-9.9
5291620160321 25.7 19.3  0.009999-99.9-99.9-99.9-99.9 1.4 1225.1 93 21.1   6  5.1 8.3 2.7
5291620160322 28.1 17.9  0.009999-99.9-99.9-99.9-99.9 6.5 5422.9 87 19.7   5  4.216.0 6.3
5291620160323 28.6 16.0  7.219999-99.9-99.9-99.9-99.9 9.4 7921.1 81 18.3   4  2.920.4 6.5
5291620160324 23.6 18.2  0.219999-99.9-99.9-99.9-99.9-9.9 9923.4 95 20.0   5  4.2 4.3-9.9
5291620160325 24.5 18.3  2.019999-99.9-99.9-99.9-99.9 3.5 3022.5 99 19.3  11  8.911.2 6.4
5291620160326 26.1 16.0  0.009999-99.9-99.9-99.9-99.9 8.6 7219.9 79 17.4  13 10.218.811.2
5291620160327 28.0 14.1  0.009999-99.9-99.9-99.9-99.911.1 9320.3 84 17.7   3  2.822.4 6.5
5291620160328 29.6 14.3  0.009999-99.9-99.9-99.9-99.911.5 9720.1 79 17.5   2  1.622.9 6.0
5291620160329 30.0 14.7  0.009999-99.9-99.9-99.9-99.910.6 8920.9 76 18.1   3  2.621.4 6.7
5291620160330 31.1 16.4  0.009999-99.9-99.9-99.9-99.9 8.3 7123.1 80 19.7   4  3.218.0 6.0
5291620160331 32.2 20.9  0.009999-99.9-99.9-99.9-99.9 5.7 4828.7 90 23.3   6  5.014.1 5.7
5291620160401 35.3 19.0  0.009999-99.9-99.9-99.9-99.910.3 8829.5 78 23.7   5  4.020.7 7.8
5291620160402 36.6 22.0  0.519999-99.9-99.9-99.9-99.9 7.7 6629.1 88 23.5   9  7.216.8 8.8
5291620160403 24.6 20.5 51.019999-99.9-99.9-99.9-99.9-9.9 9925.8100 21.6   8  6.8 1.5-9.9
5291620160404 36.1 20.4  0.219999-99.9-99.9-99.9-99.9 9.9 8530.7 85 24.4   5  4.419.8 7.7
5291620160405 36.3 24.2  0.009999-99.9-99.9-99.9-99.9 8.9 7733.7 79 26.1   5  3.818.3 8.0
5291620160406 35.3 24.3  0.219999-99.9-99.9-99.9-99.9 9.8 8434.3 82 26.3   5  4.019.4 8.0
5291620160407 36.3 25.6  8.019999-99.9-99.9-99.9-99.9 6.9 6035.4 89 26.9   7  5.815.2 7.3
5291620160408 32.0 22.5135.219999-99.9-99.9-99.9-99.9 6.7 5830.9 85 24.6  11  8.814.8 9.1
5291620160409 27.4 21.3  0.009999-99.9-99.9-99.9-99.9-9.9 9927.8100 22.8   4  3.0 2.1-9.9
5291620160410 29.0 21.7  0.009999-99.9-99.9-99.9-99.9 1.4 1229.3 95 23.7   4  3.1 7.2 2.2
5291620160411 29.8 22.0  1.519999-99.9-99.9-99.9-99.9 5.5 4829.1 93 23.6   6  5.012.9 4.6
5291620160412 27.3 22.6  1.019999-99.9-99.9-99.9-99.9 2.1 1928.5 93 23.2   6  4.5 8.2 3.2
5291620160413 25.1 21.9 10.019999-99.9-99.9-99.9-99.9-9.9 9928.2100 23.0   5  4.2 3.8-9.9
5291620160414 31.4 20.6  0.009999-99.9-99.9-99.9-99.9 7.0 6130.3 90 24.2   4  2.914.7 4.3
5291620160415 33.5 25.2  0.009999-99.9-99.9-99.9-99.9 9.4 8331.3 74 24.8  10  7.918.011.3
5291620160416 34.7 25.5  0.009999-99.9-99.9-99.9-99.9 9.4 8331.6 75 24.9   8  6.417.911.2
5291620160417 35.0 25.1 11.519999-99.9-99.9-99.9-99.9 8.8 7832.3 70 25.4   7  5.916.910.4
5291620160418 32.9 24.5  1.019999-99.9-99.9-99.9-99.9 2.9 2533.4 94 25.9   7  5.8 8.8 5.5
5291620160419 25.9 18.8 81.019999-99.9-99.9-99.9-99.9 2.4 2124.2 96 20.5   9  6.9 8.1 4.2
5291620160420 29.1 18.0 42.519999-99.9-99.9-99.9-99.9 2.5 2226.0 92 21.6   7  5.5 8.2 1.9
5291620160421 24.9 18.6  0.219999-99.9-99.9-99.9-99.9 2.9 2623.3 96 19.9   8  6.2 8.7 2.9
5291620160422 22.2 15.6  0.009999-99.9-99.9-99.9-99.9 0.6  622.1100 19.0   4  3.3 5.7 1.3
5291620160423 30.4 19.4  0.009999-99.9-99.9-99.9-99.9 3.4 3029.8 93 23.8   5  3.6 9.2 2.2
5291620160424 32.4 24.1  6.819999-99.9-99.9-99.9-99.9 5.0 4531.5 85 24.9   8  6.211.3 6.6
5291620160425 24.1 15.2  6.519999-99.9-99.9-99.9-99.9-9.9 9921.4100 18.4  15 11.7 3.4-9.9
5291620160426 17.0 10.9  0.219999-99.9-99.9-99.9-99.9 3.3 3012.6 79 10.3  18 14.4 9.010.3
5291620160427 18.2  7.7  0.009999-99.9-99.9-99.9-99.9 5.1 4611.9 86  9.5   5  4.011.2 3.8
5291620160428 19.6  5.2  0.009999-99.9-99.9-99.9-99.9 6.9 6311.3 81  8.6   2  1.413.4 2.7
5291620160429 18.7  6.4  0.009999-99.9-99.9-99.9-99.9 7.8 7111.9 84  9.4   4  2.914.5 3.4
5291620160430 19.2  8.3  0.009999-99.9-99.9-99.9-99.910.3 9411.6 82  9.1   5  3.917.5 5.0
5291620160501 21.2  5.2  0.009999-99.9-99.9-99.9-99.9 9.9 9011.8 82  9.4   4  3.616.9 4.0
5291620160502 23.2  7.7  0.009999-99.9-99.9-99.9-99.9 4.9 4515.1 87 12.9   3  2.610.6 2.6
5291620160503 24.1 12.2  0.009999-99.9-99.9-99.9-99.9 8.7 7915.1 84 13.1   4  3.115.2 4.7
5291620160504 24.3  9.2  0.009999-99.9-99.9-99.9-99.9 9.3 8514.9 85 12.8   3  2.815.9 3.7
5291620160505 25.0 11.2  0.009999-99.9-99.9-99.9-99.9 4.9 4517.9 85 15.6   4  3.510.4 2.8
5291620160506 24.1 15.3  4.219999-99.9-99.9-99.9-99.9 4.7 4320.1 93 17.6   5  3.610.1 2.9
5291620160507 19.6 16.1  0.219999-99.9-99.9-99.9-99.9-9.9 9920.0100 17.5   6  4.5 2.5-9.9
5291620160508 22.6 16.3  0.009999-99.9-99.9-99.9-99.9 1.3 1221.5 98 18.6   5  4.0 5.9 1.5
5291620160509 24.8 15.6  0.009999-99.9-99.9-99.9-99.9 4.3 4020.0 93 17.4   7  5.4 9.5 2.7
5291620160510 24.0 16.0  0.009999-99.9-99.9-99.9-99.9 3.1 2820.5 91 17.9   6  5.0 7.9 2.6
5291620160511 20.6 15.6  0.009999-99.9-99.9-99.9-99.9 0.2  220.2100 17.6   6  4.9 4.5 1.2
5291620160512 18.2 13.3  0.009999-99.9-99.9-99.9-99.9-9.9 9916.8100 14.7   7  5.7 3.5-9.9
5291620160513 23.0  7.3  0.009999-99.9-99.9-99.9-99.9 9.4 8813.4 83 11.2   5  3.715.3 3.9
5291620160514 19.6  9.1  5.519999-99.9-99.9-99.9-99.9 0.0  018.7100 16.1   5  3.9 4.2 0.9
5291620160515 22.2 16.7  0.819999-99.9-99.9-99.9-99.9 2.8 2720.5 92 17.9  11  8.8 7.4 4.0
5291620160516 16.8 12.5  0.009999-99.9-99.9-99.9-99.9 2.5 2314.6 91 12.5   8  6.1 7.0 3.5
5291620160517 18.4 10.2  0.009999-99.9-99.9-99.9-99.9 2.6 2414.0 90 11.9   3  2.4 7.1 2.0
5291620160518 18.9  6.3  0.009999-99.9-99.9-99.9-99.9 9.3 8711.6 86  9.1   4  2.914.7 3.3
5291620160519 21.9  6.6  0.009999-99.9-99.9-99.9-99.9 9.0 8512.5 83 10.1   6  5.114.3 4.0
5291620160520 14.2 10.8  1.019999-99.9-99.9-99.9-99.9-9.9 9915.0100 13.0   5  3.6 1.1-9.9
5291620160521 19.0  7.3  0.009999-99.9-99.9-99.9-99.9 7.9 7412.6 88 10.3   6  4.913.0 3.5
5291620160522 19.5  8.2  0.009999-99.9-99.9-99.9-99.9 7.8 7412.9 88 10.7   6  4.812.8 3.4
5291620160523 18.8  2.7  0.009999-99.9-99.9-99.9-99.9 9.3 8810.5 85  7.6   3  2.314.4 2.8
5291620160524 19.7  4.0  0.009999-99.9-99.9-99.9-99.9 6.2 5811.8 85  9.2   3  2.710.9 1.9
5291620160525 23.5  8.2  0.009999-99.9-99.9-99.9-99.9 4.8 4616.4 88 14.3   4  3.5 9.3 2.0
5291620160526 22.7 14.2  0.009999-99.9-99.9-99.9-99.9 4.6 4418.6 92 16.4   5  4.4 9.0 2.3
5291620160527 20.7 15.1  0.009999-99.9-99.9-99.9-99.9 3.2 3117.6 91 15.5   9  7.5 7.4 3.2
5291620160528 16.0 13.3  0.819999-99.9-99.9-99.9-99.9-9.9 9916.2100 14.2   7  5.6 2.0-9.9
5291620160529 17.7 11.5  0.009999-99.9-99.9-99.9-99.9-9.9 9916.1 98 14.0   5  4.1 3.8-9.9
5291620160530 19.7 10.0  0.009999-99.9-99.9-99.9-99.9 3.1 2915.1 93 13.0   4  3.1 7.2 1.5
5291620160531 21.7  6.6  0.009999-99.9-99.9-99.9-99.9 8.5 8113.0 85 10.6   2  1.513.1 2.3
5291620160601 21.3  6.3  0.009999-99.9-99.9-99.9-99.9 8.7 8312.8 88 10.4   3  2.613.3 2.7
5291620160602 20.7  5.5  0.009999-99.9-99.9-99.9-99.9 6.8 6512.3 81  9.8   2  1.711.2 2.0
5291620160603 18.5  5.4  0.009999-99.9-99.9-99.9-99.9 7.7 7411.7 87  9.1   3  2.312.1 2.4
5291620160604 21.4  5.4  0.009999-99.9-99.9-99.9-99.9 8.5 8212.1 85  9.6   4  3.013.0 2.6
5291620160605 18.0  5.9  0.009999-99.9-99.9-99.9-99.9 6.7 6411.6 88  9.0   5  4.111.0 2.6
5291620160606 16.9  5.6  0.009999-99.9-99.9-99.9-99.9 7.2 6910.6 90  7.7   4  3.311.5 2.5
5291620160607 19.7  0.8  0.009999-99.9-99.9-99.9-99.9 8.9 8510.0 87  6.6   3  2.013.3 1.8
5291620160608 20.0  2.5  0.009999-99.9-99.9-99.9-99.9 9.3 89 8.9 79  5.2   2  1.613.7 2.5
5291620160609 20.5  1.7  0.009999-99.9-99.9-99.9-99.9 8.6 83 9.5 81  6.1   3  2.513.0 3.0
5291620160610 18.6  2.3  0.009999-99.9-99.9-99.9-99.9 7.6 7310.0 87  6.6   5  4.411.8 2.9
5291620160611 16.3  0.9  0.009999-99.9-99.9-99.9-99.9 9.2 89 8.0 83  3.6   3  2.313.6 2.5
5291620160612 18.0 -2.4  0.009999-99.9-99.9-99.9-99.9 9.4 91 7.0 77  1.8   2  2.013.8 2.6
5291620160613 21.3  1.0  0.009999-99.9-99.9-99.9-99.9 6.6 63 9.0 77  5.1   4  3.210.7 3.0
5291620160614 24.4  8.5  0.009999-99.9-99.9-99.9-99.9 7.8 7512.4 76 10.1   3  2.612.0 3.8
5291620160615 22.3  9.8  0.009999-99.9-99.9-99.9-99.9 1.6 1614.7 85 12.7   3  2.1 5.4 2.0
5291620160616 21.5 11.2  0.009999-99.9-99.9-99.9-99.9 2.8 2714.2 81 12.1   5  4.1 6.7 3.7
5291620160617 18.5  6.3  0.009999-99.9-99.9-99.9-99.9 5.0 4810.7 86  7.9   4  3.3 9.0 3.2
5291620160618 20.7  2.4  0.009999-99.9-99.9-99.9-99.9 8.9 8610.1 82  7.0   4  3.313.2 2.9
5291620160619 20.0  3.3  0.009999-99.9-99.9-99.9-99.9 9.0 8710.3 83  7.3   4  3.513.3 3.2
5291620160620 17.0  3.4  0.009999-99.9-99.9-99.9-99.9 1.3 1311.1 92  8.3   4  3.1 5.0 1.2
5291620160621 16.2  2.8  0.009999-99.9-99.9-99.9-99.9 8.6 83 9.9 88  6.7   5  3.712.8 2.8
5291620160622 21.0  2.0  0.009999-99.9-99.9-99.9-99.9 8.6 8310.6 81  7.2   2  1.612.8 2.0
5291620160623 22.5  2.2  0.009999-99.9-99.9-99.9-99.9 8.0 7711.4 68  7.7   4  3.212.1 2.4
5291620160624 22.6  9.8 62.819999-99.9-99.9-99.9-99.9 3.8 3715.7 80 12.6   7  5.5 7.7 2.3
5291620160625 19.3 15.1 28.019999-99.9-99.9-99.9-99.9-9.9 9911.7 66  8.8   8  6.4 1.9-9.9
5291620160626 17.9 11.0112.019999-99.9-99.9-99.9-99.9-9.9 99 9.2 66  5.8   6  4.9 0.2-9.9
5291620160627 11.0  8.4  7.819999-99.9-99.9-99.9-99.9-9.9 9910.4 90  7.4   4  3.3 1.2-9.9
5291620160628 14.9  9.8  0.009999-99.9-99.9-99.9-99.9 0.4  413.0 93 10.8   3  2.2 4.1 1.1
5291620160629 21.3 11.1  0.009999-99.9-99.9-99.9-99.9 3.7 3517.7 92 15.3   2  2.0 7.6 1.1
5291620160630 29.2 16.3  0.009999-99.9-99.9-99.9-99.9 6.4 6220.4 76 17.8   5  4.010.5 4.9
5291620160701 28.8 14.8  0.009999-99.9-99.9-99.9-99.9 5.8 5620.8 84 18.1   4  3.0 9.9 3.5
5291620160702 29.8 17.2  0.009999-99.9-99.9-99.9-99.9 7.9 7621.5 80 18.7   5  4.112.2 5.2
5291620160703 29.1 17.9  0.009999-99.9-99.9-99.9-99.9 5.3 5122.6 82 19.4   5  4.2 9.4 4.6
5291620160704 22.0 13.8  6.519999-99.9-99.9-99.9-99.9 1.4 1318.2 90 15.8   6  4.9 5.2 2.8
5291620160705 14.3 12.5  2.019999-99.9-99.9-99.9-99.9-9.9 9914.8100 12.8  10  7.6 1.2-9.9
5291620160706 20.0  8.4  0.009999-99.9-99.9-99.9-99.9 8.6 8312.7 85 10.4   7  5.813.1 4.7
5291620160707 22.5  6.6  0.009999-99.9-99.9-99.9-99.9 8.2 7912.5 81 10.2   2  1.912.7 2.5
5291620160708 17.0  8.8 18.819999-99.9-99.9-99.9-99.9-9.9 9914.6 95 12.4   5  4.3 3.3-9.9
5291620160709 22.1 12.5  0.009999-99.9-99.9-99.9-99.9 7.1 6817.1 92 15.0   6  5.111.5 2.6
5291620160710 23.6 11.6  0.009999-99.9-99.9-99.9-99.9 5.7 5417.5 91 15.3   7  5.310.0 2.1
5291620160711 22.7 14.4  0.009999-99.9-99.9-99.9-99.9 5.3 5119.7 95 17.2   5  4.1 9.7 1.8
5291620160712 20.2 13.2  0.009999-99.9-99.9-99.9-99.9 1.8 1716.7 92 14.6   8  6.3 5.7 3.1
5291620160713 20.9 10.7  0.009999-99.9-99.9-99.9-99.9 2.5 2417.4 94 15.1   4  3.4 6.6 1.1
5291620160714 24.4 16.6  0.009999-99.9-99.9-99.9-99.9 2.6 2520.3 93 17.6   5  4.3 6.8 2.7
5291620160715 17.3  9.4  0.009999-99.9-99.9-99.9-99.9 2.4 2313.0 89 10.8   7  5.7 6.6 3.2
5291620160716 16.1  6.9  0.009999-99.9-99.9-99.9-99.9 9.2 8710.7 78  7.9   9  7.014.2 5.7
5291620160717 15.9  2.9  0.009999-99.9-99.9-99.9-99.9 9.0 86 9.2 85  5.8   3  2.514.1 2.4
5291620160718 15.7  5.2  0.009999-99.9-99.9-99.9-99.9 8.2 77 9.5 79  6.2   6  4.913.2 4.1
5291620160719 16.7  4.1  0.009999-99.9-99.9-99.9-99.9 8.8 83 9.6 84  6.3   5  4.313.9 3.7
5291620160720 18.0  2.9  0.009999-99.9-99.9-99.9-99.9 9.3 88 9.3 81  5.8   5  3.614.6 3.5
5291620160721 19.4  2.6  0.009999-99.9-99.9-99.9-99.9 8.8 83 9.3 79  5.8   3  2.814.0 3.3
5291620160722 22.8  3.5  0.009999-99.9-99.9-99.9-99.9 9.5 8910.7 80  7.8   3  2.514.9 3.2
5291620160723 27.1  8.0  0.009999-99.9-99.9-99.9-99.9 7.7 7214.7 81 12.6   3  2.412.9 3.2
5291620160724 27.7 12.6  0.009999-99.9-99.9-99.9-99.9 7.6 7119.6 85 17.1   7  5.512.8 4.3
5291620160725 30.7 16.8  0.219999-99.9-99.9-99.9-99.9 6.2 5820.5 78 17.9   7  5.311.2 6.8
5291620160726 21.4 10.0  0.009999-99.9-99.9-99.9-99.9 5.0 4613.8 89 11.6  13 10.3 9.9 8.0
5291620160727 17.2  7.4  0.009999-99.9-99.9-99.9-99.9 6.8 6311.0 82  8.3   7  5.812.1 5.4
5291620160728 19.3  5.7  0.009999-99.9-99.9-99.9-99.9 8.7 8111.4 85  8.8   6  4.714.4 3.7
5291620160729 19.7  8.1  0.009999-99.9-99.9-99.9-99.9 2.3 2114.2 86 12.0   5  4.4 6.8 1.8
5291620160730 28.5 14.3  0.009999-99.9-99.9-99.9-99.9 1.6 1520.2 86 17.6   5  3.9 6.1 2.8
5291620160731 29.1 18.7  0.009999-99.9-99.9-99.9-99.9 3.3 3121.2 76 18.4   7  6.0 8.2 8.0
5291620160801 25.1 12.6  1.019999-99.9-99.9-99.9-99.9 1.3 1217.8 94 15.5  11  8.4 5.9 5.3
5291620160802 19.9  9.5  0.009999-99.9-99.9-99.9-99.9 5.4 5013.8 88 11.8   9  7.410.8 4.8
5291620160803 23.2  8.7  0.009999-99.9-99.9-99.9-99.9 6.5 6015.8 89 13.6   3  2.512.1 2.3
5291620160804 28.1 11.6  0.009999-99.9-99.9-99.9-99.9 4.7 4319.5 87 16.9   3  2.510.0 2.8
5291620160805 33.5 16.7  0.009999-99.9-99.9-99.9-99.9 6.9 6319.6 68 17.2   5  4.112.8 7.4
5291620160806 20.9 14.6  2.519999-99.9-99.9-99.9-99.9-9.9 9920.2 93 17.5  10  8.1 3.2-9.9
5291620160807 19.6  7.8  0.009999-99.9-99.9-99.9-99.9 4.2 3813.4 87 11.3   6  4.8 9.6 3.7
5291620160808 22.7  6.5  0.009999-99.9-99.9-99.9-99.9 9.6 8711.6 79  9.1   5  3.916.4 5.6
5291620160809 24.4  6.7  0.009999-99.9-99.9-99.9-99.9 9.8 8913.1 80 10.8   4  3.216.7 4.6
5291620160810 24.1  7.2  0.009999-99.9-99.9-99.9-99.9 9.9 8911.7 70  9.2   5  3.716.9 5.9
5291620160811 24.6  5.5  0.009999-99.9-99.9-99.9-99.910.2 9311.3 72  8.7   5  4.117.5 6.1
5291620160812 27.3  6.7  0.009999-99.9-99.9-99.9-99.9 9.9 9012.4 74 10.0   4  3.517.1 6.1
5291620160813 31.6  9.5  0.009999-99.9-99.9-99.9-99.9 9.2 8315.7 70 13.5   4  3.316.4 5.8
5291620160814 31.5 13.9  0.009999-99.9-99.9-99.9-99.9 6.6 6019.9 75 17.4   5  3.813.2 6.0
5291620160815 32.4 16.0  0.009999-99.9-99.9-99.9-99.9 8.3 7422.6 79 19.4   3  2.615.3 5.4
5291620160816 33.2 14.6  0.009999-99.9-99.9-99.9-99.9 9.3 8421.3 73 18.5   5  4.416.8 7.7
5291620160817 24.8 12.7  0.009999-99.9-99.9-99.9-99.9 9.2 8313.6 53 10.5  14 11.016.721.6
5291620160818 23.1  8.3  0.009999-99.9-99.9-99.9-99.9 5.0 4510.0 51  6.8  10  8.211.313.6
5291620160819 25.0  8.7  0.009999-99.9-99.9-99.9-99.9 6.1 5515.1 74 12.8   7  5.212.9 5.8
5291620160820 21.6 13.8  0.009999-99.9-99.9-99.9-99.9 4.7 4213.2 65 10.9  16 12.811.115.6
5291620160821 18.1  5.3  0.009999-99.9-99.9-99.9-99.910.3 91 9.8 75  6.6   8  6.318.6 8.5
5291620160822 21.4  0.3  0.009999-99.9-99.9-99.9-99.910.6 94 8.3 63  4.2   3  2.619.0 5.1
5291620160823 24.8  3.7  0.009999-99.9-99.9-99.9-99.910.6 9410.4 67  7.4   5  3.719.2 6.6
5291620160824 27.8  7.1  0.009999-99.9-99.9-99.9-99.910.3 9113.3 70 11.1   5  4.318.9 7.3
5291620160825 33.2 10.4  0.009999-99.9-99.9-99.9-99.9 9.4 8217.0 72 14.8   5  3.717.7 7.4
5291620160826 36.8 18.1  0.519999-99.9-99.9-99.9-99.9 8.4 7421.6 58 18.7   8  6.416.513.4
5291620160827 35.0 22.2  0.009999-99.9-99.9-99.9-99.9 5.6 4919.6 62 17.2  10  7.812.819.3
5291620160828 22.8 13.9 36.519999-99.9-99.9-99.9-99.9-9.9 9918.3100 16.1  11  9.1 0.3-9.9
5291620160829 14.5 12.8 29.219999-99.9-99.9-99.9-99.9-9.9 9915.5100 13.5  16 12.8 1.7-9.9
5291620160830 16.1 13.7  2.819999-99.9-99.9-99.9-99.9-9.9 9916.6100 14.5   8  6.1 2.2-9.9
5291620160831 23.0 11.7  0.009999-99.9-99.9-99.9-99.9 9.8 8517.1 91 14.9   4  3.019.0 4.1
5291620160901 25.9 12.0  0.009999-99.9-99.9-99.9-99.9 8.7 7517.0 84 14.9   5  3.717.5 5.2
5291620160902 16.5  9.1  1.219999-99.9-99.9-99.9-99.9-9.9 9913.7 99 11.6  13 10.6 2.8-9.9
5291620160903 10.3  8.3  2.519999-99.9-99.9-99.9-99.9-9.9 9911.6100  9.2  14 11.1 1.7-9.9
5291620160904 12.0  9.1  1.519999-99.9-99.9-99.9-99.9-9.9 9912.4100 10.1  12  9.8 4.0-9.9
5291620160905 13.1  8.9  0.009999-99.9-99.9-99.9-99.9-9.9 9912.5 99 10.3  11  9.1 3.5-9.9
5291620160906 18.1  6.4  0.009999-99.9-99.9-99.9-99.910.2 8710.9 81  8.2   9  6.920.1 6.7
5291620160907 21.0  3.5  0.009999-99.9-99.9-99.9-99.911.3 97 9.7 71  6.5   4  3.121.8 6.4
5291620160908 25.1  3.6  0.009999-99.9-99.9-99.9-99.910.9 9310.3 68  7.2   2  1.821.4 5.3
5291620160909 27.1  7.2  0.009999-99.9-99.9-99.9-99.911.0 9313.3 69 11.1   5  3.621.6 7.2
5291620160910 31.4  9.6  0.009999-99.9-99.9-99.9-99.911.0 9415.9 66 13.8   4  3.321.8 8.0
5291620160911 33.2 13.3  0.009999-99.9-99.9-99.9-99.910.2 8620.3 68 17.7   6  4.620.7 9.3
5291620160912 37.0 19.4  0.009999-99.9-99.9-99.9-99.9 9.3 7821.3 48 18.5   9  7.319.417.5
5291620160913 31.1 14.3  0.009999-99.9-99.9-99.9-99.910.0 8414.4 59 12.0  14 11.520.624.3
5291620160914 24.0  7.8  0.009999-99.9-99.9-99.9-99.911.1 9411.7 61  9.3   8  6.722.411.9
5291620160915 24.4  6.3  0.009999-99.9-99.9-99.9-99.910.9 9212.3 65  9.9   5  3.622.2 7.1
5291620160916 28.9  8.5  0.009999-99.9-99.9-99.9-99.910.9 9213.2 58 11.0   5  4.122.3 9.2
5291620160917 34.5 11.2  0.009999-99.9-99.9-99.9-99.9 9.4 7916.4 56 14.3   6  4.420.210.5
5291620160918 28.6 19.8  0.009999-99.9-99.9-99.9-99.9 7.3 6117.8 61 15.4  14 10.917.120.5
5291620160919 24.1 10.2  0.009999-99.9-99.9-99.9-99.911.6 9712.6 63 10.3   7  5.823.612.4
5291620160920 30.1  8.2  0.009999-99.9-99.9-99.9-99.911.5 9612.7 65 10.5   9  6.923.611.2
5291620160921 29.6  8.7  0.009999-99.9-99.9-99.9-99.911.6 9613.5 61 11.4   8  6.123.812.1
5291620160922 32.0 10.4  0.009999-99.9-99.9-99.9-99.910.7 8815.6 55 13.5   7  5.322.511.9
5291620160923 27.7 14.9  0.009999-99.9-99.9-99.9-99.9 8.9 7316.3 61 14.1  10  8.419.915.4
5291620160924 18.7  9.7  0.009999-99.9-99.9-99.9-99.9 1.2  911.1 71  8.5  12  9.5 8.012.0
5291620160925 25.0  8.0  0.009999-99.9-99.9-99.9-99.911.4 9410.6 59  7.7   7  5.324.010.5
5291620160926 29.6  6.2  0.009999-99.9-99.9-99.9-99.912.1 9911.2 51  8.6   5  3.925.110.1
5291620160927 32.9  8.4  0.009999-99.9-99.9-99.9-99.911.7 9613.4 50 11.2   6  5.124.613.4
5291620160928 35.7 12.3  0.009999-99.9-99.9-99.9-99.910.7 8716.4 50 14.3   7  5.523.114.8
5291620160929 25.3 16.6  1.219999-99.9-99.9-99.9-99.9-9.9 9915.4 66 13.4  14 11.2 6.3-9.9
5291620160930 19.7 12.5  5.819999-99.9-99.9-99.9-99.9-9.9 9915.9100 13.8  10  7.8 2.6-9.9
5291620161001 29.2 10.9  0.009999-99.9-99.9-99.9-99.910.4 8417.1 72 15.0   7  5.423.0 8.6
5291620161002 21.5 16.9 40.219999-99.9-99.9-99.9-99.9-9.9 9920.7 93 18.0   7  5.9 1.6-9.9
5291620161003 28.4 16.2  0.009999-99.9-99.9-99.9-99.9 7.5 6022.3 89 19.2   5  4.218.5 6.1
5291620161004 29.1 15.5  0.009999-99.9-99.9-99.9-99.9 9.9 8022.2 82 19.1   5  3.822.4 7.6
5291620161005 22.0 15.7  0.219999-99.9-99.9-99.9-99.9-9.9 9917.7 91 15.6  18 14.6 6.5-9.9
5291620161006 24.1 14.7  0.009999-99.9-99.9-99.9-99.9 8.4 6717.2 84 15.1  10  8.320.1 9.7
5291620161007 27.1 10.0  0.009999-99.9-99.9-99.9-99.911.8 9416.2 70 14.1   4  3.325.7 7.8
5291620161008 25.3 13.8  0.009999-99.9-99.9-99.9-99.912.3 9813.1 62 10.8   9  7.026.615.7
5291620161009 26.9  8.4  0.009999-99.9-99.9-99.9-99.911.2 8911.9 51  9.5   9  7.524.915.8
5291620161010 18.5 13.8 15.019999-99.9-99.9-99.9-99.9-9.9 9915.6 90 13.6   9  7.4 1.7-9.9
5291620161011 30.3 13.6  0.009999-99.9-99.9-99.9-99.9 9.1 7222.1 79 18.8  10  8.021.6 7.7
5291620161012 24.5 18.2 38.019999-99.9-99.9-99.9-99.9 0.9  722.4 91 19.3  23 18.6 8.210.0
5291620161013 28.1 16.4  0.009999-99.9-99.9-99.9-99.9 7.4 5822.7 87 19.5   5  4.218.9 5.8
5291620161014 31.3 17.3  0.009999-99.9-99.9-99.9-99.911.0 8626.2 78 21.7   6  5.025.0 9.1
5291620161015 31.4 23.4  0.009999-99.9-99.9-99.9-99.9 4.3 3429.7 87 23.9  12  9.214.0 7.4
5291620161016 36.3 23.8  0.009999-99.9-99.9-99.9-99.9 9.2 7231.9 70 25.1   9  7.322.214.0
5291620161017 30.4 23.1 25.819999-99.9-99.9-99.9-99.9 5.6 4430.2 86 24.1  15 12.316.312.0
5291620161018 27.4 21.6  7.219999-99.9-99.9-99.9-99.9 2.0 1528.9 97 23.4  10  8.310.3 3.5
5291620161019 24.4 19.9  0.219999-99.9-99.9-99.9-99.9-9.9 9925.2 96 21.2  10  8.2 6.2-9.9
5291620161020 23.8 16.1  0.009999-99.9-99.9-99.9-99.9 9.5 7419.2 81 16.9  13 10.423.011.7
5291620161021 24.7 13.7  0.009999-99.9-99.9-99.9-99.910.5 8117.3 79 15.2   7  5.624.7 9.0
5291620161022 26.9 14.1  0.009999-99.9-99.9-99.9-99.911.5 8918.8 75 16.5   7  5.426.5 9.8
5291620161023 32.3 17.3  0.009999-99.9-99.9-99.9-99.9 8.1 6223.5 69 20.0   6  4.420.7 9.0
5291620161024 26.8 17.6 98.519999-99.9-99.9-99.9-99.9 2.4 1926.0 96 21.7  16 13.211.3 6.5
5291620161025 22.4 19.7  9.819999-99.9-99.9-99.9-99.9-9.9 9924.6100 20.8   7  5.5 2.6-9.9
5291620161026 24.9 19.1  0.519999-99.9-99.9-99.9-99.9 5.2 4021.3 83 18.4  14 11.516.010.3
5291620161027 21.6 14.9  0.009999-99.9-99.9-99.9-99.913.110014.8 70 12.6  15 12.429.418.5
5291620161028 23.0 10.7  0.009999-99.9-99.9-99.9-99.913.5 9913.2 62 11.0   5  4.030.2-9.9
5291620161029 25.3 10.2  0.009999-99.9-99.9-99.9-99.913.5 9915.8 74 13.7   7  5.330.2-9.9
5291620161030 30.5 14.3  0.009999-99.9-99.9-99.9-99.912.8 9819.9 68 17.4   8  6.129.112.7
5291620161031 34.1 18.1  0.009999-99.9-99.9-99.9-99.910.5 8025.7 69 21.4   7  5.825.311.8
5291620161101 35.3 18.9 16.219999-99.9-99.9-99.9-99.9 7.9 6026.7 74 22.0  19 15.520.9-9.9
5291620161102 21.7 13.7  0.009999-99.9-99.9-99.9-99.913.4 9913.0 58 10.4  11  8.930.3-9.9
5291620161103 26.3  9.6  0.009999-99.9-99.9-99.9-99.913.210013.3 57 11.1   4  3.630.110.4
5291620161104 29.3 11.7  0.009999-99.9-99.9-99.9-99.913.3 9916.6 62 14.5   4  3.130.3-9.9
5291620161105 31.6 13.6  0.009999-99.9-99.9-99.9-99.913.310019.0 64 16.6   5  4.130.312.2
5291620161106 34.6 16.6  0.009999-99.9-99.9-99.9-99.912.6 9524.1 63 20.4   6  5.029.313.1
5291620161107 35.9 21.2 12.219999-99.9-99.9-99.9-99.9 9.3 7026.6 67 22.1  11  8.623.516.8
5291620161108 28.8 20.7  0.219999-99.9-99.9-99.9-99.9 5.0 3826.4 91 22.0   7  5.516.2 5.6
5291620161109 31.3 19.8  0.219999-99.9-99.9-99.9-99.911.5 8626.2 78 21.8   5  4.327.310.1
5291620161110 32.0 19.1  0.009999-99.9-99.9-99.9-99.912.0 9025.7 71 21.5   6  4.928.412.2
5291620161111 27.4 19.6  0.009999-99.9-99.9-99.9-99.9 6.2 4623.8 87 20.3   6  4.618.3 7.7
5291620161112 29.6 16.6  0.009999-99.9-99.9-99.9-99.913.3 9920.9 74 18.2   7  5.630.612.9
5291620161113 32.7 13.9  0.009999-99.9-99.9-99.9-99.911.7 8723.8 69 20.0   6  5.127.910.9
5291620161114 27.9 18.6 32.519999-99.9-99.9-99.9-99.9-9.9 9925.4 96 21.3   6  4.5 6.9-9.9
5291620161115 30.7 18.5  0.009999-99.9-99.9-99.9-99.9 9.5 7125.3 86 21.2   3  2.624.2 7.4
5291620161116 32.7 18.8  5.219999-99.9-99.9-99.9-99.9 9.7 7226.1 79 21.7   7  5.224.510.2
5291620161117 24.1 16.1  0.009999-99.9-99.9-99.9-99.9 5.2 3817.3 78 15.0  17 13.316.718.4
5291620161118 22.2  8.3  0.009999-99.9-99.9-99.9-99.913.7 9911.6 62  9.0   7  5.431.5-9.9
5291620161119 27.3 10.5  0.009999-99.9-99.9-99.9-99.913.4 9915.9 63 13.8   5  4.231.110.6
5291620161120 26.1 16.0  0.009999-99.9-99.9-99.9-99.9 0.5  421.4 84 18.5   3  2.2 8.7 3.5
5291620161121 29.4 15.2  0.009999-99.9-99.9-99.9-99.9 8.4 6219.0 66 16.7   8  6.822.413.1
5291620161122 26.4 15.4  0.009999-99.9-99.9-99.9-99.9 6.7 4918.3 78 16.1   6  4.719.4 8.5
5291620161123 29.0 12.4  0.009999-99.9-99.9-99.9-99.913.5 9916.3 60 14.2   5  3.731.411.5
5291620161124 32.9 15.6  0.009999-99.9-99.9-99.9-99.9 8.7 6419.3 55 16.8   4  3.323.010.4
5291620161125 35.2 19.3  0.009999-99.9-99.9-99.9-99.912.0 8823.8 57 20.2   7  5.628.816.5
5291620161126 37.3 22.9 45.019999-99.9-99.9-99.9-99.910.7 7829.3 64 23.7   9  7.126.616.9
5291620161127 29.7 19.5 19.019999-99.9-99.9-99.9-99.9 5.1 3725.6 90 21.4  15 12.216.711.0
5291620161128 28.7 20.7  0.009999-99.9-99.9-99.9-99.9 3.2 2327.3 89 22.5   7  5.213.4 5.7
5291620161129 30.3 22.0  0.009999-99.9-99.9-99.9-99.912.8 9324.0 68 20.3  10  8.130.317.5
5291620161130 29.4 18.1  0.009999-99.9-99.9-99.9-99.912.6 9220.2 68 17.6   9  7.230.015.8
5291620161201 33.6 17.1  0.009999-99.9-99.9-99.9-99.912.6 9225.4 73 21.1   6  4.630.011.4
5291620161202 28.0 21.4 63.019999-99.9-99.9-99.9-99.9-9.9 9927.9 93 22.9   7  5.7 2.8-9.9
5291620161203 29.8 21.0  0.009999-99.9-99.9-99.9-99.9 8.6 6327.7 89 22.8   8  6.523.1 8.6
5291620161204 29.6 19.9  0.009999-99.9-99.9-99.9-99.9 8.7 6325.5 84 21.4   7  5.423.3 9.7
5291620161205 33.4 19.0  0.009999-99.9-99.9-99.9-99.913.5 9825.8 72 21.6   5  4.331.712.4
5291620161206 28.8 21.9  0.009999-99.9-99.9-99.9-99.9 3.0 2228.4 90 23.2   5  3.713.2 5.2
5291620161207 32.5 19.0 55.819999-99.9-99.9-99.9-99.912.4 9027.5 72 22.6   5  4.229.811.1
5291620161208 26.4 21.9 10.019999-99.9-99.9-99.9-99.9-9.9 9928.1100 23.0   9  6.9 6.0-9.9
5291620161209 30.4 20.0  0.009999-99.9-99.9-99.9-99.9 8.3 6027.4 83 22.5  10  7.822.5 9.8
5291620161210 26.5 21.1  1.219999-99.9-99.9-99.9-99.9 0.5  427.1 95 22.4   7  5.3 8.8 4.0
5291620161211 32.4 19.1  0.009999-99.9-99.9-99.9-99.913.2 9525.9 77 21.7   5  4.331.111.4
5291620161212 34.6 20.7  0.009999-99.9-99.9-99.9-99.913.3 9625.8 64 21.6   5  3.831.413.4
5291620161213 33.1 19.8  1.519999-99.9-99.9-99.9-99.9 7.7 5625.6 77 21.4  10  8.221.512.8
5291620161214 27.5 15.4  0.009999-99.9-99.9-99.9-99.914.5 9916.1 60 14.0   9  6.833.5-9.9
5291620161215 28.0 13.0  0.009999-99.9-99.9-99.9-99.914.7 9914.6 55 12.5   9  6.933.8-9.9
5291620161216 32.6 15.4  0.009999-99.9-99.9-99.9-99.912.8 9223.5 72 19.8   7  6.030.511.8
5291620161217 34.2 21.9  0.009999-99.9-99.9-99.9-99.911.3 8229.4 73 23.8   8  6.127.913.4
5291620161218 35.5 24.7 20.019999-99.9-99.9-99.9-99.910.3 7432.0 73 25.2   9  6.926.114.5
5291620161219 29.0 21.0  0.009999-99.9-99.9-99.9-99.9 0.5  328.5 96 23.2   5  4.3 8.8 4.2
5291620161220 33.3 20.6  0.009999-99.9-99.9-99.9-99.910.6 7726.8 71 22.2   3  2.026.7 9.1
5291620161221 33.9 21.0  0.009999-99.9-99.9-99.9-99.913.2 9528.5 71 23.2   5  4.231.212.5
5291620161222 34.9 24.1  0.009999-99.9-99.9-99.9-99.911.3 8231.4 69 24.8   7  5.327.913.2
5291620161223 32.6 25.0  0.009999-99.9-99.9-99.9-99.9 9.7 7029.5 79 23.8  11  9.125.115.7
5291620161224 34.5 23.4  0.009999-99.9-99.9-99.9-99.911.8 8530.9 73 24.6   8  6.528.814.3
5291620161225 36.5 25.3  0.009999-99.9-99.9-99.9-99.912.0 8631.8 67 25.1  10  8.229.018.7
5291620161226 36.1 24.0 54.519999-99.9-99.9-99.9-99.9 9.3 6730.0 79 24.1  15 12.024.321.8
5291620161227 24.6 20.2  3.019999-99.9-99.9-99.9-99.9-9.9 9926.7 98 22.1  10  8.1 6.3-9.9
5291620161228 28.7 21.1  0.819999-99.9-99.9-99.9-99.9 3.2 2328.2 91 23.1   4  3.413.6 4.6
5291620161229 32.1 22.8  0.009999-99.9-99.9-99.9-99.9 6.4 4731.1 87 24.7   2  1.819.3 6.4
5291620161230 34.5 23.9  0.819999-99.9-99.9-99.9-99.910.2 7432.8 82 25.6   4  3.025.910.0
5291620161231 36.6 25.1  0.009999-99.9-99.9-99.9-99.911.4 8235.6 78 26.9   6  4.428.012.0
5291620170101 36.6 26.1  0.009999-99.9-99.9-99.9-99.9 9.8 7135.2 78 26.7   8  6.325.213.6
5291620170102 36.2 25.1  0.009999-99.9-99.9-99.9-99.9 8.0 5836.2 80 27.3   5  4.022.0 9.8
5291620170103 36.7 26.1  0.009999-99.9-99.9-99.9-99.913.1 9533.6 68 26.0   8  6.531.117.2
5291620170104 36.2 23.9 94.219999-99.9-99.9-99.9-99.9 7.5 5532.7 81 25.5   9  7.521.212.6
5291620170105 28.7 21.1  8.019999-99.9-99.9-99.9-99.9 1.6 1128.4 94 23.1   7  5.810.7 4.9
5291620170106 29.3 21.8  0.819999-99.9-99.9-99.9-99.9 4.6 3429.9 88 24.0   5  3.716.1 5.7
5291620170107 31.3 24.5  6.219999-99.9-99.9-99.9-99.9 1.9 1434.3 97 26.3   8  6.311.2 3.5
5291620170108 36.5 24.6  0.819999-99.9-99.9-99.9-99.910.4 7634.0 79 26.1   7  6.026.312.5
5291620170109 37.3 24.4 39.819999-99.9-99.9-99.9-99.912.6 9233.3 68 25.9   8  6.230.016.2
5291620170110 31.0 21.2  0.009999-99.9-99.9-99.9-99.9 4.0 2929.2 94 23.6   8  6.615.0 7.7
5291620170111 33.2 22.5  0.009999-99.9-99.9-99.9-99.912.3 9030.5 84 24.4   6  4.429.510.8
5291620170112 34.5 23.5  0.009999-99.9-99.9-99.9-99.912.8 9432.6 77 25.5   6  5.230.412.8
5291620170113 37.9 24.1  0.009999-99.9-99.9-99.9-99.911.1 8135.6 78 26.9   4  3.127.510.9
5291620170114 30.8 25.3  0.009999-99.9-99.9-99.9-99.9 0.7  534.8 94 26.6   4  3.5 9.1 4.5
5291620170115 34.4 21.9 24.819999-99.9-99.9-99.9-99.9 4.8 3532.4 82 25.3   8  6.016.3 8.4
5291620170116 30.1 22.1  0.009999-99.9-99.9-99.9-99.912.3 9027.9 84 22.8   7  5.929.511.2
5291620170117 32.4 21.5  0.009999-99.9-99.9-99.9-99.911.6 8529.4 82 23.7   5  4.128.110.4
5291620170118 34.3 22.5  0.009999-99.9-99.9-99.9-99.912.6 9229.8 73 23.9   4  3.429.911.7
5291620170119 34.5 22.7  0.009999-99.9-99.9-99.9-99.913.610026.7 71 22.1   8  6.131.616.8
5291620170120 35.9 22.1  0.009999-99.9-99.9-99.9-99.912.4 9131.4 81 24.6   7  5.729.512.5
5291620170121 37.0 24.4  0.009999-99.9-99.9-99.9-99.912.4 9130.3 72 24.1   6  5.029.514.9
5291620170122 35.7 21.2  0.009999-99.9-99.9-99.9-99.912.3 9126.2 71 21.6   4  3.229.412.5
5291620170123 36.0 22.3  2.019999-99.9-99.9-99.9-99.9 8.7 6523.7 62 19.5   5  4.023.012.4
5291620170124 33.6 21.9  3.019999-99.9-99.9-99.9-99.9 3.4 2518.6 57 15.5   3  2.613.6 8.4
5291620170125 33.7 20.6  0.009999-99.9-99.9-99.9-99.912.3 9123.6 66 19.1   8  6.429.216.4
5291620170126 27.7 18.0  0.009999-99.9-99.9-99.9-99.913.3 9917.9 74 15.6  12  9.230.920.8
5291620170127 29.9 14.7  0.009999-99.9-99.9-99.9-99.912.2 9116.9 73 14.1   4  3.529.011.6
5291620170128 31.7 15.3  0.009999-99.9-99.9-99.9-99.913.8 9918.2 76 14.7   4  3.431.7-9.9
5291620170129 35.7 16.7  0.009999-99.9-99.9-99.9-99.912.8 9621.1 70 16.1   6  4.630.014.8
5291620170130 35.5 22.2  0.009999-99.9-99.9-99.9-99.912.4 9224.5 77 17.8   9  6.929.219.1
5291620170131 30.7 20.7  0.009999-99.9-99.9-99.9-99.9 8.8 6621.8 86 16.2   8  6.522.814.4
5291620170201 35.1 20.6 17.519999-99.9-99.9-99.9-99.9 9.3 7016.8 42-99.9   6  5.023.816.5
5291620170202 33.0 20.6  0.009999-99.9-99.9-99.9-99.911.6 8717.3 52-99.9   6  4.827.617.1
5291620170203 36.5 21.3  0.009999-99.9-99.9-99.9-99.9 9.2 6918.6 58-99.9   3  2.223.411.3
5291620170204 37.6 18.7 22.019999-99.9-99.9-99.9-99.9 6.6 5016.0 56-99.9  11  8.519.0-9.9
5291620170205 28.7 18.4  0.009999-99.9-99.9-99.9-99.9 6.5 4911.2 35-99.9   5  3.718.813.3
5291620170206 28.8 17.5  0.009999-99.9-99.9-99.9-99.913.1 9917.6 78 13.9   8  6.630.116.0
5291620170207 31.3 15.2  0.009999-99.9-99.9-99.9-99.911.1 8417.0 74-99.9   6  4.826.613.6
5291620170208 33.7 19.2  0.009999-99.9-99.9-99.9-99.911.7 8923.2 76 18.3   6  4.827.512.9
5291620170209 30.6 22.3 17.819999-99.9-99.9-99.9-99.9 1.2  913.6 47-99.9   7  5.6 9.416.8
5291620170210 26.6 21.4  0.009999-99.9-99.9-99.9-99.9-9.9 99 5.7 19-99.9   6  4.7 5.5-9.9
5291620170211 32.1 19.9  3.019999-99.9-99.9-99.9-99.9 5.6 4311.8 27-99.9   4  2.916.912.2
5291620170212 29.8 21.3  3.219999-99.9-99.9-99.9-99.9 7.1 54 9.8 25-99.9   9  7.519.5-9.9
5291620170213 28.4 20.0  3.019999-99.9-99.9-99.9-99.9 3.6 28 9.5 21-99.9   8  6.613.521.3
5291620170214 32.4 16.8  0.009999-99.9-99.9-99.9-99.912.5 9614.5 41-99.9   3  2.428.611.7
5291620170215 35.4 18.5  0.009999-99.9-99.9-99.9-99.912.5 9716.0 43-99.9   3  2.328.612.4
5291620170216 36.5 23.2  0.009999-99.9-99.9-99.9-99.910.8 8318.8 41-99.9   8  6.225.621.7
5291620170217 36.5 23.6  0.009999-99.9-99.9-99.9-99.911.1 8519.1 61-99.9  10  8.226.024.4
5291620170218 37.9 23.5  0.219999-99.9-99.9-99.9-99.910.3 8019.6 64-99.9  11  8.524.624.6
5291620170219 34.3 23.3  0.009999-99.9-99.9-99.9-99.9 6.8 5314.2 45-99.9   7  5.318.718.4
5291620170220 36.9 23.0  8.219999-99.9-99.9-99.9-99.9 5.3 4112.5 44-99.9   5  4.216.016.6
5291620170221 36.2 22.4  0.219999-99.9-99.9-99.9-99.9 5.4 4213.3 34-99.9   4  3.116.213.4
5291620170222 28.0 22.2 28.519999-99.9-99.9-99.9-99.9-9.9 99 4.0  8-99.9   5  4.0 5.5-9.9
5291620170223 34.0 20.1  0.219999-99.9-99.9-99.9-99.911.7 9213.0 24-99.9   3  2.326.612.5
5291620170224 35.7 22.5  0.009999-99.9-99.9-99.9-99.9 9.7 7617.1 39-99.9   2  1.723.210.5
5291620170225 35.6 22.3  0.009999-99.9-99.9-99.9-99.911.0 8618.7 58-99.9   3  2.725.312.9
5291620170226 35.8 22.2  0.009999-99.9-99.9-99.9-99.9 9.8 7721.5 65-99.9   4  3.523.213.0
5291620170227 37.5 21.9  0.219999-99.9-99.9-99.9-99.910.9 8617.1 37-99.9   3  2.124.911.7
5291620170228 29.1 24.0  1.219999-99.9-99.9-99.9-99.9-9.9 99 2.6  3-99.9   4  3.0 5.4-9.9
5291620170301 35.2 21.4  0.009999-99.9-99.9-99.9-99.9 9.5 7515.1 39-99.9   3  2.122.410.9
5291620170302 36.1 22.5  0.009999-99.9-99.9-99.9-99.911.6 9218.7 52-99.9   5  3.725.915.2
5291620170303 35.4 23.3 43.219999-99.9-99.9-99.9-99.9 3.5 2710.5 40-99.9  10  8.312.4-9.9
5291620170304 30.3 23.2  0.009999-99.9-99.9-99.9-99.9 4.8 38 4.8 16-99.9   7  5.314.522.9
5291620170305 29.8 22.3  0.009999-99.9-99.9-99.9-99.9 5.2 42 7.8 18-99.9   6  5.215.220.5
5291620170306 33.9 21.2  0.009999-99.9-99.9-99.9-99.9 9.5 7613.4 26-99.9   5  4.022.215.6
5291620170307 34.5 21.8  0.009999-99.9-99.9-99.9-99.9 9.3 7417.5 51-99.9   6  4.921.716.8
5291620170308 36.5 22.9  0.009999-99.9-99.9-99.9-99.910.5 8420.1 45-99.9   6  5.123.517.6
5291620170309 36.7 27.2 35.819999-99.9-99.9-99.9-99.9 9.8 7925.3 57-99.9   9  6.822.420.4
5291620170310 29.6 20.9 21.819999-99.9-99.9-99.9-99.9-9.9 99-9.9  0-99.9   7  6.0 3.2-9.9
5291620170311 28.6 21.8 11.019999-99.9-99.9-99.9-99.9 2.1 17-9.9  0-99.9   6  5.0 9.923.0
5291620170312 27.9 18.6  0.009999-99.9-99.9-99.9-99.9 6.5 53 9.6 37-99.9   9  7.116.923.5
5291620170313 28.2 13.3  0.009999-99.9-99.9-99.9-99.912.8 9911.2 48-99.9   4  3.226.7-9.9
5291620170314 29.8 12.2  0.009999-99.9-99.9-99.9-99.912.6 9913.9 66-99.9   5  3.826.3-9.9
5291620170315 35.6 17.6 26.219999-99.9-99.9-99.9-99.9 9.5 7713.1 39-99.9   7  5.921.318.6
5291620170316 25.2 17.8  0.009999-99.9-99.9-99.9-99.9 6.6 54 8.4 37-99.9  13 10.116.7-9.9
5291620170317 25.1 13.1  0.009999-99.9-99.9-99.9-99.911.1 9110.3 53-99.9   7  5.523.714.7
5291620170318 26.3 12.7  0.009999-99.9-99.9-99.9-99.912.0 9910.8 51-99.9   6  4.925.013.7
5291620170319 29.4 13.6  0.009999-99.9-99.9-99.9-99.911.0 9111.3 34-99.9   5  3.723.311.8
5291620170320 32.7 16.6  0.009999-99.9-99.9-99.9-99.910.7 8911.7 26-99.9   3  2.522.810.7
5291620170321 33.2 19.4  0.009999-99.9-99.9-99.9-99.9 5.8 4811.1 31-99.9   4  2.915.111.6
5291620170322 27.0 21.1  1.019999-99.9-99.9-99.9-99.9-9.9 99 0.3  1-99.9   4  3.5 5.5-9.9
5291620170323 31.5 21.2  0.009999-99.9-99.9-99.9-99.9 5.4 45 9.0 22-99.9   3  2.114.310.1
5291620170324 34.2 22.0  0.009999-99.9-99.9-99.9-99.9 8.8 7313.8 36-99.9   2  1.819.4 9.4
5291620170325 31.7 21.2 11.819999-99.9-99.9-99.9-99.9 5.0 42 9.0 23-99.9   6  4.813.618.4
5291620170326 29.9 20.9  0.009999-99.9-99.9-99.9-99.9 3.1 26 3.3 14-99.9   5  4.110.617.9
5291620170327 32.6 20.3  0.009999-99.9-99.9-99.9-99.9 8.7 73 6.9 19-99.9   4  2.819.013.4
5291620170328 33.3 21.2  0.009999-99.9-99.9-99.9-99.910.7 9010.9 23-99.9   5  4.121.916.5
5291620170329 33.3 19.3  0.009999-99.9-99.9-99.9-99.910.9 9211.5 24-99.9   5  4.222.016.1
5291620170330 32.9 20.3  0.009999-99.9-99.9-99.9-99.910.4 8810.9 23-99.9   5  4.221.216.5
5291620170331 32.8 20.6  0.009999-99.9-99.9-99.9-99.9 6.9 59 9.9 25-99.9   5  4.116.015.8
5291620170401 31.7 18.7  0.009999-99.9-99.9-99.9-99.910.4 8911.5 29-99.9   6  4.921.117.0
5291620170402 31.3 18.7  0.009999-99.9-99.9-99.9-99.9 8.4 7211.1 33-99.9   5  4.118.014.2
5291620170403 29.0 19.6  0.009999-99.9-99.9-99.9-99.9 3.2 28 7.0 21-99.9   4  3.010.312.0
5291620170404 26.1 20.1 27.519999-99.9-99.9-99.9-99.9 0.4  3 0.6  2-99.9   4  3.5 6.116.3
5291620170405 28.9 20.9  0.009999-99.9-99.9-99.9-99.9 4.0 34 3.8 11-99.9   4  2.811.312.8
5291620170406 29.8 17.8  0.009999-99.9-99.9-99.9-99.910.7 9211.9 28-99.9   6  4.420.914.5
5291620170407 30.4 14.5  5.219999-99.9-99.9-99.9-99.9 8.8 7613.1 41-99.9   5  4.118.112.3
5291620170408 25.0 22.2116.219999-99.9-99.9-99.9-99.9-9.9 99-9.9  0-99.9  10  7.7 2.0-9.9
5291620170409 23.9 18.8 20.019999-99.9-99.9-99.9-99.9-9.9 99-9.9  0-99.9   7  5.9 3.1-9.9
5291620170410 19.8 16.2  0.009999-99.9-99.9-99.9-99.9 0.2  2 2.9 15-99.9   8  6.4 5.622.0
5291620170411 28.2 12.3-99.999999-99.9-99.9-99.9-99.911.0 95 9.9 28-99.9   2  1.520.7 6.7
5291620170412 26.3 15.5-99.999999-99.9-99.9-99.9-99.910.0 87-9.9 15-99.9 -99-99.919.2-9.9
5291620170413 25.6 12.5  0.009999-99.9-99.9-99.9-99.910.6 9312.2 70-99.9   4  3.419.9 8.8
5291620170414 28.0 14.2  0.009999-99.9-99.9-99.9-99.9 9.3 8210.9 49-99.9   2  1.418.1 6.2
5291620170415 22.9 17.7 73.019999-99.9-99.9-99.9-99.9-9.9 99 1.7 19-99.9   6  5.0 1.5-9.9
5291620170416 23.2 19.4  0.009999-99.9-99.9-99.9-99.9-9.9 99 6.5 31-99.9   8  6.6 4.7-9.9
5291620170417 25.9 16.6  0.009999-99.9-99.9-99.9-99.9 7.9 6915.7 81-99.9   9  7.215.812.4
5291620170418 23.9 17.4 75.219999-99.9-99.9-99.9-99.9 1.8 16 9.8 52-99.9   7  5.9 7.515.1
5291620170419 22.2 17.8 39.819999-99.9-99.9-99.9-99.9-9.9 99-9.9  0-99.9   5  4.0 1.1-9.9
5291620170420 19.9 17.9  7.219999-99.9-99.9-99.9-99.9-9.9 99 0.0  0-99.9   5  4.0 2.3-9.9
5291620170421 26.1 18.1  0.009999-99.9-99.9-99.9-99.9 8.1 7214.7 35-99.9   6  5.115.711.2
5291620170422 25.5 14.3  0.009999-99.9-99.9-99.9-99.910.2 9115.3 82-99.9   5  3.818.4 7.8
5291620170423 25.5 13.5  0.009999-99.9-99.9-99.9-99.9 5.2 4615.4 84-99.9   6  4.511.7 6.9
5291620170424 27.5 18.4150.019999-99.9-99.9-99.9-99.9 1.4 1313.5 62-99.9   4  2.9 6.6 7.5
5291620170425 22.0 17.3 33.019999-99.9-99.9-99.9-99.9-9.9 99 5.1 30-99.9  13 10.5 4.4-9.9
5291620170426 20.6 12.9  0.219999-99.9-99.9-99.9-99.9 9.6 8614.2 85 11.7  11  8.817.2 9.6
5291620170427 23.6  7.6  0.009999-99.9-99.9-99.9-99.910.8 9811.2 80-99.9   2  1.718.7 4.9
5291620170428 23.4  8.6  0.009999-99.9-99.9-99.9-99.910.8 97 9.6 73-99.9   3  2.218.5 6.1
5291620170429 25.3  8.0  0.009999-99.9-99.9-99.9-99.910.7 97 9.1 43-99.9   4  3.418.3 8.1
5291620170430 26.8  9.4  0.009999-99.9-99.9-99.9-99.9 8.0 7210.4 38-99.9   2  1.514.7 5.0
5291620170501 27.0 14.6  0.009999-99.9-99.9-99.9-99.9 8.5 7711.6 37-99.9   3  2.315.3 7.0
5291620170502 27.8 15.7  1.019999-99.9-99.9-99.9-99.9 8.4 7615.3 55-99.9   4  3.215.1 7.5
5291620170503 21.9 18.4 11.519999-99.9-99.9-99.9-99.9-9.9 99 2.8 29-99.9   4  3.4 1.6-9.9
5291620170504 26.4 15.7  0.009999-99.9-99.9-99.9-99.9 3.3 30 9.1 33-99.9   1  1.2 8.6 4.9
5291620170505 27.3 15.1  0.009999-99.9-99.9-99.9-99.9 8.6 7912.7 54-99.9   3  2.415.1 6.8
5291620170506 28.4 15.1  0.009999-99.9-99.9-99.9-99.9 8.0 7418.5 53-99.9   6  4.514.3 7.1
5291620170507 29.7 21.4  2.219999-99.9-99.9-99.9-99.9 7.2 6730.7 98 24.3  10  8.113.2 3.4
5291620170508 25.2 20.7 56.019999-99.9-99.9-99.9-99.9-9.9 9912.8 33-99.9   7  5.7 1.7-9.9
5291620170509 22.8 16.8  0.009999-99.9-99.9-99.9-99.9 1.5 1416.1 75-99.9   8  6.1 6.1 8.1
5291620170510 23.0 14.3  0.219999-99.9-99.9-99.9-99.9 8.2 7515.4100-99.9   8  6.614.1 7.6
5291620170511 21.3 14.9  0.819999-99.9-99.9-99.9-99.9 0.3  213.9 67-99.9   7  5.7 4.6 7.6
5291620170512 28.4 19.1 63.219999-99.9-99.9-99.9-99.9 1.3 1219.9 75-99.9   5  4.1 5.8 6.6
5291620170513 24.9 18.5  6.519999-99.9-99.9-99.9-99.9-9.9 99 7.9 38-99.9  10  8.4 3.1-9.9
5291620170514 20.3 16.6  0.219999-99.9-99.9-99.9-99.9 0.2  213.7 78-99.9   4  2.9 4.4 5.0
5291620170515 20.5 16.4  0.219999-99.9-99.9-99.9-99.9 0.9  812.6 52-99.9   5  3.8 5.2 6.6
5291620170516 22.0 12.9  0.009999-99.9-99.9-99.9-99.9 7.0 6610.8 65-99.9   5  3.912.4 7.9
5291620170517 24.6 11.8  1.219999-99.9-99.9-99.9-99.9 8.3 7813.4 75-99.9   4  3.413.8 6.0
5291620170518 23.8 18.9  5.819999-99.9-99.9-99.9-99.9-9.9 99 3.5 16-99.9   4  3.5 3.1-9.9
5291620170519 22.5 14.9  0.219999-99.9-99.9-99.9-99.9 8.6 8114.4 93-99.9   9  7.214.011.2
5291620170520 23.3  9.5  0.009999-99.9-99.9-99.9-99.9 7.4 7010.8 83-99.9   2  1.312.6 3.6
5291620170521 25.8  8.1  0.009999-99.9-99.9-99.9-99.9 9.6 9010.9 72-99.9   2  1.515.0 4.0
5291620170522 23.4  9.6  5.019999-99.9-99.9-99.9-99.9 7.4 7015.4 80  9.4   5  4.012.4 4.0
5291620170523 21.5 16.8  4.519999-99.9-99.9-99.9-99.9-9.9 99 1.5  5-99.9   3  2.4 1.8-9.9
5291620170524 25.4 18.9  0.819999-99.9-99.9-99.9-99.9-9.9 99 3.5 12-99.9   2  1.3 2.4-9.9
5291620170525 30.2 20.6 18.019999-99.9-99.9-99.9-99.9 3.4 3225.1 90-99.9   9  7.3 7.7 7.5
5291620170526 20.7 15.7  8.819999-99.9-99.9-99.9-99.9-9.9 9911.2 65  7.5  13 10.7 1.0-9.9
5291620170527 15.9 13.5  3.019999-99.9-99.9-99.9-99.9-9.9 99 9.1 51-99.9  11  8.7 1.7-9.9
5291620170528 16.7 13.5  0.519999-99.9-99.9-99.9-99.9 0.1  110.4 68-99.9   6  4.8 3.9 6.8
5291620170529 16.5 12.9  3.519999-99.9-99.9-99.9-99.9 0.8  813.4 94  9.1   3  2.5 4.7 2.7
5291620170530-99.9-99.9-99.999999-99.9-99.9-99.9-99.9-9.9 99-9.9-99-99.9 -99-99.9-9.9-9.9
5291620170531-99.9-99.9-99.999999-99.9-99.9-99.9-99.9-9.9 99-9.9-99-99.9 -99-99.9-9.9-9.9
5291620170601-99.9-99.9-99.999999-99.9-99.9-99.9-99.9-9.9 99-9.9-99-99.9 -99-99.9-9.9-9.9
5291620170602-99.9-99.9  0.219999-99.9-99.9-99.9-99.9-9.9 99-9.9 88-99.9 -99-99.9-9.9-9.9
5291620170603 19.6 11.1  0.519999-99.9-99.9-99.9-99.9-9.9 9917.7100 15.4   4  2.9-9.9-9.9
5291620170604 20.4 15.8  0.009999-99.9-99.9-99.9-99.9-9.9 9916.9 89 14.2   7  5.6-9.9-9.9
5291620170605 17.7 14.1  0.009999-99.9-99.9-99.9-99.9-9.9 9917.4100 15.3   9  7.6-9.9-9.9
5291620170606-99.9-99.9-99.999999-99.9-99.9-99.9-99.9-9.9 99-9.9-99-99.9 -99-99.9-9.9-9.9
5291620170607-99.9-99.9-99.999999-99.9-99.9-99.9-99.9-9.9 99-9.9-99-99.9 -99-99.9-9.9-9.9
5291620170608-99.9-99.9-99.999999-99.9-99.9-99.9-99.9-9.9 99-9.9-99-99.9 -99-99.9-9.9-9.9
5291620170609-99.9-99.9-99.999999-99.9-99.9-99.9-99.9-9.9 99-9.9-99-99.9 -99-99.9-9.9-9.9
5291620170610 20.5  6.7  0.009999-99.9-99.9-99.9-99.9-9.9 9912.4 85 10.1   4  3.3-9.9-9.9
5291620170611 22.3  7.8  0.009999-99.9-99.9-99.9-99.9-9.9 9914.0 87 11.8   4  3.2-9.9-9.9
5291620170612 22.6  6.2  0.009999-99.9-99.9-99.9-99.9-9.9 9912.6 86  9.6   2  1.7-9.9-9.9
5291620170613 24.5  8.6  0.009999-99.9-99.9-99.9-99.9-9.9 9914.6 84 11.3   3  2.0-9.9-9.9
5291620170614 25.9 12.5  0.009999-99.9-99.9-99.9-99.9-9.9 9919.8 98 15.9   6  4.9-9.9-9.9
5291620170615 26.3 17.9-99.999999-99.9-99.9-99.9-99.9-9.9 9922.9 99 18.2   8  6.6-9.9-9.9
5291620170616-99.9-99.9-99.999999-99.9-99.9-99.9-99.9-9.9 99-9.9-99-99.9 -99-99.9-9.9-9.9
5291620170621-99.9-99.9-99.999999-99.9-99.9-99.9-99.9-9.9 99-9.9-99-99.9 -99-99.9-9.9-9.9
5291620170622 27.1 13.8  0.009999-99.9-99.9-99.9-99.9 8.5 8222.5 88 19.3  12  9.612.7 4.0
5291620170623 28.5 16.8  0.009999-99.9-99.9-99.9-99.9 8.3 8022.3 82 19.2  11  8.512.5 7.6
5291620170624 27.7 19.9  0.009999-99.9-99.9-99.9-99.9 3.7 3624.1 86 20.5  10  7.6 7.6 4.8
5291620170625 28.0 19.1  0.009999-99.9-99.9-99.9-99.9 8.5 8223.0 84 19.8  11  9.112.7 8.3
5291620170626 27.2 18.5  0.009999-99.9-99.9-99.9-99.9 6.7 6521.2 77 18.5  13 10.110.8 9.6
5291620170627 23.9 19.3  0.519999-99.9-99.9-99.9-99.9-9.9 9922.1 90 19.0   6  4.7 3.4-9.9
5291620170628 20.6 16.8  0.009999-99.9-99.9-99.9-99.9 0.0  020.9100 18.2   7  5.8 3.7 1.4
5291620170629 18.7 15.6  0.009999-99.9-99.9-99.9-99.9-9.9 9916.7 88 14.1   5  4.3 2.6-9.9
5291620170630 17.1 11.7  0.009999-99.9-99.9-99.9-99.9 0.5  515.1100 12.7   5  3.8 4.2 2.1
5291620170701 20.8  9.5  0.009999-99.9-99.9-99.9-99.9 7.8 7513.4 84 10.3   5  3.912.1 3.5
5291620170702 23.9  8.3  0.009999-99.9-99.9-99.9-99.9 8.9 8613.6 82 11.0   6  4.913.2 4.2
5291620170703 24.1  8.3  0.009999-99.9-99.9-99.9-99.9 6.2 5916.8 93 14.3   6  5.110.3 1.4
5291620170704 23.9 11.9  0.009999-99.9-99.9-99.9-99.9 8.6 8317.4 88 15.2  12  9.313.0 4.5
5291620170705 24.1 14.1  0.009999-99.9-99.9-99.9-99.9 3.5 3418.8 90 16.5   7  5.6 7.5 3.1
5291620170706 23.7 15.7  0.009999-99.9-99.9-99.9-99.9 1.9 1821.3 91 18.5   7  5.3 5.8 2.0
5291620170707 28.8 18.0  0.009999-99.9-99.9-99.9-99.9 6.3 6022.1 83 19.1   6  4.910.6 5.0
5291620170708 24.0 15.6  1.019999-99.9-99.9-99.9-99.9 1.8 1719.6 84 16.5   2  1.8 5.7 2.2
5291620170709 25.2 16.3  0.219999-99.9-99.9-99.9-99.9 3.4 3318.4 91 14.3   2  1.7 7.5 2.6
5291620170710 28.8 16.6  0.009999-99.9-99.9-99.9-99.9 4.2 4023.1 93 19.5   2  1.8 8.3 2.0
5291620170711 28.8 17.8  0.009999-99.9-99.9-99.9-99.9 5.3 5118.6 61 14.0   3  2.5 9.6 4.4
5291620170712 29.4 14.1  0.009999-99.9-99.9-99.9-99.9 8.5 8117.2 83 13.2   6  4.813.1 7.7
5291620170713 30.1 17.6  0.009999-99.9-99.9-99.9-99.9 8.8 8421.8 82 18.8   9  7.113.5 8.3
5291620170714 30.4 16.8  0.009999-99.9-99.9-99.9-99.9 8.4 8022.4 73 19.3   8  6.413.1 7.1
5291620170715 29.3 20.3  8.519999-99.9-99.9-99.9-99.9 5.9 5623.2 80 19.8  11  8.610.410.8
5291620170716 22.8  8.0  0.009999-99.9-99.9-99.9-99.9-9.9 9911.7 99  9.3  18 14.6 1.9-9.9
5291620170717 12.3  2.4  0.009999-99.9-99.9-99.9-99.9 8.0 76 7.7 78  2.9   7  5.712.9 5.1
5291620170718 15.8 -3.2  0.009999-99.9-99.9-99.9-99.9 9.8 93 5.9 72 -0.8   2  1.614.9 2.6
5291620170719 19.3 -2.0  0.009999-99.9-99.9-99.9-99.9 9.7 92 7.7 77  2.9   2  1.914.9 2.7
5291620170720 21.5  0.0  0.009999-99.9-99.9-99.9-99.9 9.4 89 9.2 77  5.5   3  2.614.6 3.6
5291620170721 22.1  2.0  0.009999-99.9-99.9-99.9-99.9 9.3 87 9.7 79  6.4   2  1.914.5 3.2
5291620170722 26.2  5.1  0.009999-99.9-99.9-99.9-99.9 8.9 8313.2 75 10.8   6  4.414.1 4.4
5291620170723 30.5 14.7  0.009999-99.9-99.9-99.9-99.9 8.1 7617.4 67 15.3   9  7.313.310.8
5291620170724 33.1 19.2  0.009999-99.9-99.9-99.9-99.9 7.4 7020.3 64 17.6   7  5.512.610.9
5291620170725 31.3 17.5  0.009999-99.9-99.9-99.9-99.9 7.3 6821.5 69 18.6   5  3.912.4 7.1
5291620170726 32.1 16.8  0.519999-99.9-99.9-99.9-99.9 8.2 7717.4 62 15.3   5  4.213.6 9.5
5291620170727 30.5 13.5  0.009999-99.9-99.9-99.9-99.9 8.9 8417.5 68 15.4   8  6.214.5 9.9
5291620170728 30.4 14.2  0.009999-99.9-99.9-99.9-99.9 9.1 8516.4 62 14.3   8  6.114.711.2
5291620170729 31.2 13.2  0.009999-99.9-99.9-99.9-99.9 9.0 8417.0 67 14.9   7  5.414.8 8.9
5291620170730 32.0 15.3  0.009999-99.9-99.9-99.9-99.9 8.7 8118.9 69 16.5   7  5.514.510.0
5291620170731 20.7 14.2  0.009999-99.9-99.9-99.9-99.9-9.9 9917.3100 15.2   6  4.6 2.5-9.9
5291620170801 20.3 14.3  9.019999-99.9-99.9-99.9-99.9-9.9 9918.2 99 16.0   6  5.1 3.4-9.9
5291620170802 16.2 14.3  9.519999-99.9-99.9-99.9-99.9-9.9 9917.0100 14.9  14 11.1 1.6-9.9
5291620170803 21.5  9.9  0.009999-99.9-99.9-99.9-99.9 9.7 9013.7 81 11.6   6  4.516.0 5.3
5291620170804 22.5  5.3  0.009999-99.9-99.9-99.9-99.9 9.8 9113.0 82 10.7   4  2.916.2 3.7
5291620170805 26.2  7.4  0.009999-99.9-99.9-99.9-99.9 9.7 8915.0 80 12.8   5  4.416.1 4.9
5291620170806 28.0 11.3  0.009999-99.9-99.9-99.9-99.9 9.3 8517.1 76 14.9   7  5.415.7 6.7
5291620170807 29.6 16.1  0.009999-99.9-99.9-99.9-99.9 5.1 4718.8 68 16.6   7  5.610.7 8.2
5291620170808 28.6 15.1  0.009999-99.9-99.9-99.9-99.9 8.1 7419.3 79 16.9   9  7.014.4 8.9
5291620170809 23.8 10.2  0.009999-99.9-99.9-99.9-99.9 8.6 7815.1 78 13.0  11  8.515.1 7.9
5291620170810 26.7 15.2  0.009999-99.9-99.9-99.9-99.9 5.9 5319.5 80 17.0  14 10.911.8 7.4
5291620170811 34.0 19.1 20.019999-99.9-99.9-99.9-99.9 4.7 4323.6 71 20.1   7  5.410.4 8.9
5291620170812 23.1 14.6 12.219999-99.9-99.9-99.9-99.9-9.9 9919.9100 17.4  13 10.2 1.1-9.9
5291620170813 19.3  9.0  0.009999-99.9-99.9-99.9-99.9 5.7 5214.0 90 11.9   9  7.311.8 5.7
5291620170814 21.7  4.8  0.009999-99.9-99.9-99.9-99.910.3 9312.7 85 10.2   4  3.317.7 3.8
5291620170815 23.9  7.6  0.009999-99.9-99.9-99.9-99.910.5 9413.3 78 11.0   6  4.418.0 5.6
5291620170816 25.0 10.6  0.009999-99.9-99.9-99.9-99.910.3 9313.4 74 11.3   7  5.217.9 7.7
5291620170817 25.4  8.1  0.009999-99.9-99.9-99.9-99.910.5 9413.5 77 11.4   5  4.118.3 6.3
5291620170818 28.9 11.3  0.219999-99.9-99.9-99.9-99.9 9.2 8220.1 76 17.3   8  6.716.7 5.8
5291620170819 30.8 15.1  0.009999-99.9-99.9-99.9-99.9 7.9 7021.1 83 18.0  11  8.915.1 9.1
5291620170820 20.9  9.0  0.009999-99.9-99.9-99.9-99.910.5 9410.3 63  7.2  11  8.618.614.5
5291620170821 20.3  1.8  0.009999-99.9-99.9-99.9-99.911.0 98 8.9 71  5.2   5  4.019.3 6.3
5291620170822 25.7  4.0  0.009999-99.9-99.9-99.9-99.910.5 9412.9 74 10.4   8  6.818.9 6.5
5291620170823 31.8 12.3  0.009999-99.9-99.9-99.9-99.9 8.3 7421.1 75 18.1  10  8.016.0 8.1
5291620170824 34.9 23.9  0.009999-99.9-99.9-99.9-99.9 8.2 7323.2 61 19.9  13 10.215.921.0
5291620170825 34.6 24.8  0.009999-99.9-99.9-99.9-99.9 8.9 7921.4 55 18.5  14 11.217.0-9.9
5291620170826 27.4 20.5 29.819999-99.9-99.9-99.9-99.9 4.7 4123.5 89 20.0  12  9.911.312.1
5291620170827 25.5 18.3  1.519999-99.9-99.9-99.9-99.9 2.4 2123.8100 20.3  15 11.9 8.3 3.2
5291620170828 30.6 17.9  0.009999-99.9-99.9-99.9-99.9 8.2 7125.2 82 21.1  10  7.816.2 7.8
5291620170829 36.1 17.2  0.219999-99.9-99.9-99.9-99.9 8.7 7622.8 69 19.5  13 10.417.121.4
5291620170830 17.4 11.8  0.009999-99.9-99.9-99.9-99.9-9.9 9911.6 65  8.8  14 10.9 4.0-9.9
5291620170831 24.0  8.1  0.009999-99.9-99.9-99.9-99.9 9.1 7915.1 81 13.0   6  4.417.8 4.8
5291620170901 32.4 13.4  0.009999-99.9-99.9-99.9-99.9 9.3 8121.7 79 18.6   7  5.218.2 7.1
5291620170902 33.1 20.7  0.009999-99.9-99.9-99.9-99.9 6.9 5922.9 66 19.6  10  8.014.915.1
5291620170903 35.5 23.9  0.009999-99.9-99.9-99.9-99.9 8.7 7522.5 55 19.4  13 10.717.624.8
5291620170904 29.1 14.2 26.219999-99.9-99.9-99.9-99.9-9.9 9918.3 98 16.0  13 10.8 3.1-9.9
5291620170905 18.9 13.6  0.219999-99.9-99.9-99.9-99.9 1.2 1017.1 93 15.0  10  8.4 7.0 2.0
5291620170906 22.5 15.6  0.219999-99.9-99.9-99.9-99.9 2.6 2320.0 95 17.5   5  4.2 9.2 2.2
5291620170907 28.8 16.0  0.519999-99.9-99.9-99.9-99.9 5.9 5024.2 91 20.4   6  5.013.9 3.7
5291620170908 25.5 18.9  2.019999-99.9-99.9-99.9-99.9-9.9 9925.1 92 21.1   6  4.7 3.7-9.9
5291620170909 31.8 21.3  1.219999-99.9-99.9-99.9-99.9 6.3 5424.3 69 20.6  10  7.814.712.4
5291620170910 32.6 14.9  4.519999-99.9-99.9-99.9-99.9 5.2 4421.0 84 18.0  12  9.713.111.4
5291620170911 21.2 12.0  0.009999-99.9-99.9-99.9-99.9 9.0 7714.7 77 12.7   8  6.318.8 7.4
5291620170912 19.1 13.0  4.019999-99.9-99.9-99.9-99.9-9.9 9916.5 87 14.4   8  6.6 5.3-9.9
5291620170913 19.3 14.8 25.219999-99.9-99.9-99.9-99.9-9.9 9919.1100 16.8   5  3.8 2.8-9.9
5291620170914 24.3 15.9  0.009999-99.9-99.9-99.9-99.9 7.4 6318.9 89 16.6   5  4.216.7 5.0
5291620170915 22.6 13.4  0.219999-99.9-99.9-99.9-99.9 3.7 3117.4 87 15.3   9  7.511.2 4.9
5291620170916 23.6 11.3  0.009999-99.9-99.9-99.9-99.910.2 8516.1 84 14.1   9  7.121.0 8.5
5291620170917 23.7 10.9  0.009999-99.9-99.9-99.9-99.9 8.7 7317.2 87 15.0   6  4.618.9 5.0
5291620170918 26.7 12.7  0.009999-99.9-99.9-99.9-99.910.8 9118.2 82 16.0   5  4.322.2 6.9
5291620170919 31.6 14.4  0.009999-99.9-99.9-99.9-99.910.3 8622.2 76 19.0   7  5.921.6 8.3
5291620170920 36.2 21.0  0.009999-99.9-99.9-99.9-99.910.1 8422.1 59 19.1   9  7.121.317.3
5291620170921 24.2 17.5  0.009999-99.9-99.9-99.9-99.9-9.9 9921.5 98 18.6  11  8.8 5.4-9.9
5291620170922 17.5 13.5 11.019999-99.9-99.9-99.9-99.9-9.9 9916.4100 14.3  10  8.2 1.0-9.9
5291620170923 22.2 13.3  0.219999-99.9-99.9-99.9-99.9 2.5 2118.0 94 15.8   8  6.210.0 2.8
5291620170924 28.0 14.7  0.219999-99.9-99.9-99.9-99.9 7.1 5922.3 91 19.1   5  4.017.1 4.4
5291620170925 33.1 19.0  0.219999-99.9-99.9-99.9-99.9 7.4 6126.4 81 21.9   4  3.217.6 6.5
5291620170926 32.9 18.6  0.219999-99.9-99.9-99.9-99.9 9.4 7724.7 73 20.9   4  3.520.8 8.5
5291620170927 26.1 18.6 14.519999-99.9-99.9-99.9-99.9 0.8  723.5 91 20.1  10  8.0 7.5 4.6
5291620170928 19.7 16.9  2.019999-99.9-99.9-99.9-99.9-9.9 9920.9 99 18.2   8  6.3 3.3-9.9
5291620170929 23.3 16.9  0.219999-99.9-99.9-99.9-99.9 0.8  722.3 96 19.2   3  2.4 7.6 2.1
5291620170930 30.0 15.4  0.009999-99.9-99.9-99.9-99.9 9.4 7623.5 87 19.9   4  3.521.1 6.3
5291620171001 25.2 15.6 19.019999-99.9-99.9-99.9-99.9-9.9 9921.3 94 18.3  12  9.5 4.6-9.9
5291620171002 24.5 12.1  0.009999-99.9-99.9-99.9-99.911.8 9513.9 71 11.8   8  6.625.111.7
5291620171003 29.8  9.9  0.009999-99.9-99.9-99.9-99.911.9 9713.8 57 11.7   5  4.325.510.6
5291620171004 30.4 14.9  0.009999-99.9-99.9-99.9-99.911.1 9014.3 47 12.3  11  8.724.321.2
5291620171005 32.6 19.2  1.819999-99.9-99.9-99.9-99.9 7.0 5619.3 62 16.6   8  6.017.714.2
5291620171006 24.1 19.8 12.819999-99.9-99.9-99.9-99.9-9.9 9924.7 97 20.8   9  7.6 3.9-9.9
5291620171007 26.1 17.1  0.009999-99.9-99.9-99.9-99.9 8.0 6421.5 81 18.6  10  8.419.4 9.1
5291620171008 29.7 17.2  1.519999-99.9-99.9-99.9-99.9 4.3 3425.9 91 21.5   7  5.613.6 4.5
5291620171009 26.1 20.3  1.019999-99.9-99.9-99.9-99.9 2.2 1825.7 98 21.5  10  7.610.3 3.9
5291620171010 24.8 19.1  0.819999-99.9-99.9-99.9-99.9-9.9 9925.7 98 21.5   8  6.2 4.6-9.9
5291620171011 23.0 20.0 12.819999-99.9-99.9-99.9-99.9-9.9 9925.0 99 21.1   9  7.4 6.3-9.9
5291620171012 21.1 17.4  0.519999-99.9-99.9-99.9-99.9-9.9 9922.0100 18.9   9  6.9 4.8-9.9
5291620171013 17.8 14.3  1.819999-99.9-99.9-99.9-99.9-9.9 9917.7 99 15.5  14 11.1 3.5-9.9
5291620171014 22.6 13.6  0.009999-99.9-99.9-99.9-99.9 8.1 6415.9 83 13.9   6  5.020.1 7.3
5291620171015 25.2 10.1  0.009999-99.9-99.9-99.9-99.912.710015.6 73 13.6   5  4.327.8 8.6
5291620171016 31.0 14.8  0.009999-99.9-99.9-99.9-99.9 6.6 5223.0 73 19.5   6  4.517.8 6.7
5291620171017 34.7 23.9  0.009999-99.9-99.9-99.9-99.9 7.0 5529.9 71 24.0  10  7.818.513.2
5291620171018 39.5 24.0 13.019999-99.9-99.9-99.9-99.910.1 7930.5 63 24.3   9  7.123.717.3
5291620171019 31.4 18.4  0.219999-99.9-99.9-99.9-99.9 0.9  723.3 93 19.9   9  7.4 8.5 7.6
5291620171020 30.0 16.7  3.219999-99.9-99.9-99.9-99.9 7.0 5425.0 85 21.0   6  4.818.6 5.9
5291620171021 28.0 20.9  0.219999-99.9-99.9-99.9-99.9 5.0 3924.9 86 20.8  13 10.515.311.4
5291620171022 23.1 10.8  0.009999-99.9-99.9-99.9-99.912.2 9513.5 66 11.4   9  7.227.614.3
5291620171023 24.3  9.4  0.009999-99.9-99.9-99.9-99.911.9 9214.4 68 12.4   7  5.527.010.1
5291620171024 32.1 12.5  0.519999-99.9-99.9-99.9-99.911.2 8620.3 69 17.5   6  4.825.9 9.6
5291620171025 28.0 19.6  8.019999-99.9-99.9-99.9-99.9 4.1 3125.2 97 21.2  11  8.914.0 5.8
5291620171026 24.0 18.9  0.219999-99.9-99.9-99.9-99.9-9.9 9923.5 98 20.0   6  4.6 6.3-9.9
5291620171027 28.1 16.3  1.519999-99.9-99.9-99.9-99.910.3 7921.0 85 18.2   8  6.424.610.0
5291620171028 27.3 13.0  1.019999-99.9-99.9-99.9-99.911.9 9118.0 76 15.8   3  2.827.5 8.4
5291620171029 29.9 14.5  0.009999-99.9-99.9-99.9-99.9 6.2 4723.8 84 20.1   8  6.117.8 5.8
5291620171030 29.1 18.6  0.219999-99.9-99.9-99.9-99.9 9.3 7123.4 74 20.0   9  7.223.211.3
5291620171031 29.1 16.5  0.009999-99.9-99.9-99.9-99.913.110016.6 61 14.4  10  7.729.717.9
5291620171101 30.8 11.9  0.009999-99.9-99.9-99.9-99.913.3 9916.6 57 14.5  10  7.930.0-9.9
5291620171102 33.9 19.3 40.819999-99.9-99.9-99.9-99.911.4 8625.2 68 21.2  13 10.626.818.7
5291620171103 24.4 18.8 28.219999-99.9-99.9-99.9-99.9-9.9 9924.1 97 20.5  11  8.9 7.0-9.9
5291620171104 26.8 17.9  0.009999-99.9-99.9-99.9-99.910.0 7621.0 84 18.3  12  9.624.612.6
5291620171105 27.9 15.7  0.009999-99.9-99.9-99.9-99.912.5 9519.4 71 17.0   7  6.028.912.2
5291620171106 28.9 16.1  0.009999-99.9-99.9-99.9-99.912.9 9819.8 66 17.3   8  6.829.713.9
5291620171107 27.3 17.0  1.819999-99.9-99.9-99.9-99.9 2.4 1824.4 89 20.5   9  6.911.6 4.5
5291620171108 30.5 19.1  3.819999-99.9-99.9-99.9-99.9 3.4 2626.6 93 22.0   3  2.613.4 4.0
5291620171109 29.7 19.5 16.219999-99.9-99.9-99.9-99.9 5.8 4326.4 88 21.9   6  5.017.5 6.3
5291620171110 28.7 16.7  0.219999-99.9-99.9-99.9-99.911.3 8520.8 83 18.1   7  5.527.011.3
5291620171111 30.9 16.0  0.009999-99.9-99.9-99.9-99.913.310019.6 57 17.1   5  3.930.612.2
5291620171112 30.9 15.5  0.219999-99.9-99.9-99.9-99.913.2 9919.2 61 16.8   3  2.630.410.7
5291620171113 31.2 15.0  0.519999-99.9-99.9-99.9-99.913.6 9919.2 63 16.8   5  4.131.2-9.9
5291620171114 33.3 15.4  0.009999-99.9-99.9-99.9-99.913.6 9919.5 55 17.1   6  4.431.2-9.9
5291620171115 36.1 19.7  0.009999-99.9-99.9-99.9-99.912.6 9423.6 59 20.1   7  5.829.617.2
5291620171116 27.2 16.9  3.019999-99.9-99.9-99.9-99.9 2.3 1719.0 79 16.5  13 10.311.613.8
5291620171117 27.3 13.6  0.009999-99.9-99.9-99.9-99.9 7.9 5921.4 86 18.5   5  4.121.4 6.3
5291620171118 26.7 15.2  0.009999-99.9-99.9-99.9-99.912.6 9314.2 55 11.8  12  9.629.622.0
5291620171119 29.8  8.5  0.009999-99.9-99.9-99.9-99.913.9 9914.4 56 12.3   4  3.432.0-9.9
5291620171120 31.9 11.5  0.009999-99.9-99.9-99.9-99.913.8 9916.3 52 14.2   6  4.731.7-9.9
5291620171121 25.1 16.0  0.009999-99.9-99.9-99.9-99.9 5.0 3718.9 77 16.6  12  9.616.411.6
5291620171122 27.7 12.2  0.009999-99.9-99.9-99.9-99.914.0 9913.7 54 11.5   5  4.332.2-9.9
5291620171123 32.1  8.8  0.009999-99.9-99.9-99.9-99.914.1 9914.4 49 12.3   5  4.132.3-9.9
5291620171124 35.2 15.3 28.519999-99.9-99.9-99.9-99.912.9 9519.2 50 16.8   9  7.430.419.9
5291620171125 26.8 15.3  0.219999-99.9-99.9-99.9-99.9 2.2 1619.5 94 17.0  15 11.811.611.5
5291620171126 30.0 14.7  0.009999-99.9-99.9-99.9-99.913.8 9919.3 71 16.8   4  3.032.0-9.9
5291620171127 31.4 15.4  0.009999-99.9-99.9-99.9-99.913.6 9921.0 63 18.3   5  3.731.611.8
5291620171128 32.9 15.9  0.009999-99.9-99.9-99.9-99.913.4 9821.5 67 18.6   7  5.231.414.5
5291620171129 34.5 19.5  0.519999-99.9-99.9-99.9-99.910.4 7625.0 63 21.1   8  6.426.114.1
5291620171130 33.5 20.5  0.009999-99.9-99.9-99.9-99.9 9.4 6925.6 74 21.5   7  5.624.313.1
5291620171201 34.3 20.1  0.009999-99.9-99.9-99.9-99.9 8.7 6427.6 79 22.7   6  5.023.210.4
5291620171202 34.9 22.2  9.219999-99.9-99.9-99.9-99.9 6.4 4727.9 75 22.9   8  6.019.110.6
5291620171203 28.4 21.1  0.009999-99.9-99.9-99.9-99.9 3.5 2528.1 88 23.0   7  5.314.0 5.4
5291620171204 30.9 20.1  0.009999-99.9-99.9-99.9-99.9 7.5 5526.3 84 21.9   9  7.421.110.1
5291620171205 31.5 18.5  0.009999-99.9-99.9-99.9-99.910.9 7924.5 74 20.8   8  6.427.112.5
5291620171206 34.4 19.7  0.519999-99.9-99.9-99.9-99.911.3 8225.9 72 21.7   5  4.327.712.0
5291620171207 35.5 19.8  0.519999-99.9-99.9-99.9-99.913.1 9524.8 60 20.9   6  4.931.015.7
5291620171208 37.7 18.8  0.009999-99.9-99.9-99.9-99.913.2 9622.4 51 19.2   5  3.831.115.3
5291620171209 35.4 19.2  0.009999-99.9-99.9-99.9-99.9 6.3 4623.9 67 20.4   3  2.719.0 9.2
5291620171210 37.0 20.2  0.009999-99.9-99.9-99.9-99.913.3 9623.0 55 19.6   8  6.131.319.0
5291620171211 33.0 20.8  0.009999-99.9-99.9-99.9-99.913.7 9917.6 50 15.4  10  8.032.0-9.9
5291620171212 35.9 14.0  0.009999-99.9-99.9-99.9-99.913.7 9917.7 51 15.5   8  6.232.019.7
5291620171213 39.6 18.6  0.009999-99.9-99.9-99.9-99.913.4 9721.5 48 18.5   7  5.831.620.4
5291620171214 31.9 23.7  0.009999-99.9-99.9-99.9-99.9 5.4 3926.2 73 21.9  10  8.117.416.1
5291620171215 39.8 20.2  0.009999-99.9-99.9-99.9-99.911.8 8525.9 55 21.6   6  5.128.815.9
5291620171216 41.6 23.9  0.009999-99.9-99.9-99.9-99.912.5 9027.9 50 22.9  11  8.529.9-9.9
5291620171217 33.8 21.0 13.019999-99.9-99.9-99.9-99.9 1.5 1126.2 85 21.9  11  9.210.615.3
5291620171218 31.4 17.0  0.009999-99.9-99.9-99.9-99.913.2 9523.3 73 19.8   9  7.531.213.5
5291620171219 36.6 20.2  1.219999-99.9-99.9-99.9-99.910.9 7927.9 75 22.9   9  7.027.214.6
5291620171220 34.9 22.8  0.009999-99.9-99.9-99.9-99.9 8.7 6329.4 77 23.7   6  4.923.211.2
5291620171221 37.5 22.0  0.009999-99.9-99.9-99.9-99.9 8.9 6428.8 65 23.4   6  4.423.612.4
5291620171222 34.5 23.3  0.519999-99.9-99.9-99.9-99.9 5.7 4131.2 88 24.7   5  4.018.0 8.2
5291620171223 34.0 24.4  0.219999-99.9-99.9-99.9-99.9 7.3 5228.2 74 22.9  11  8.720.814.7
5291620171224 33.1 20.1  0.009999-99.9-99.9-99.9-99.913.7 9921.9 63 18.9  10  8.332.120.9
5291620171225 34.7 15.8  0.009999-99.9-99.9-99.9-99.913.7 9919.8 55 17.3   7  5.332.116.7
5291620171226 37.7 17.0  0.009999-99.9-99.9-99.9-99.910.6 7724.5 55 20.6   7  5.326.714.7
5291620171227 38.1 23.3  0.009999-99.9-99.9-99.9-99.910.9 7930.0 64 24.1   6  5.027.214.7
5291620171228 33.3 23.5  0.519999-99.9-99.9-99.9-99.9 2.6 1929.5 78 23.8   8  6.412.6 8.9
5291620171229 36.8 19.9  0.009999-99.9-99.9-99.9-99.9 9.8 7126.5 60 22.0   7  5.525.213.8
5291620171230 38.0 19.7  0.009999-99.9-99.9-99.9-99.911.1 8025.6 58 21.4   4  3.427.613.3
5291620171231 40.2 20.4  0.219999-99.9-99.9-99.9-99.911.3 8224.8 49 20.9   5  3.627.815.0
5291620180101 29.1 22.1  2.219999-99.9-99.9-99.9-99.9 0.6  427.8 96 22.8  11  8.6 9.0 6.9
5291620180102 33.1 20.5  0.009999-99.9-99.9-99.9-99.911.8 8623.4 67 19.9   9  7.328.816.0
5291620180103 36.5 16.1  0.009999-99.9-99.9-99.9-99.913.710018.8 46 16.5   6  4.832.117.2
5291620180104 36.9 17.7  0.009999-99.9-99.9-99.9-99.913.5 9818.8 41 16.5   7  5.631.720.8
5291620180105 38.7 22.7  0.009999-99.9-99.9-99.9-99.912.6 9122.7 46 19.5   7  6.030.121.0
5291620180106 32.4 21.9  0.009999-99.9-99.9-99.9-99.9 8.8 6420.4 57 17.7  13 10.223.4-9.9
5291620180107 34.1 16.5  0.009999-99.9-99.9-99.9-99.913.3 9717.3 48 15.1   9  7.431.321.6
5291620180108 36.2 15.3  0.009999-99.9-99.9-99.9-99.913.6 9916.9 43 14.8   8  6.431.921.2
5291620180109 38.1 20.0  0.009999-99.9-99.9-99.9-99.9 9.3 6825.5 66 21.3   8  6.724.316.9
5291620180110 36.4 21.1  0.009999-99.9-99.9-99.9-99.9 5.7 4127.7 67 22.7   7  5.317.911.5
5291620180111 37.6 22.4  0.009999-99.9-99.9-99.9-99.910.4 7628.5 61 23.2   5  4.426.113.8
5291620180112 39.1 24.0 36.519999-99.9-99.9-99.9-99.9 8.5 6230.7 74 24.5   8  6.022.914.0
5291620180113 26.0 20.8 51.019999-99.9-99.9-99.9-99.9-9.9 9925.7 84 21.2   6  4.7 0.5-9.9
5291620180114 30.0 21.9  2.219999-99.9-99.9-99.9-99.9 2.5 1829.4 91 23.7   6  5.012.2 3.9
5291620180115 30.0 21.8  0.009999-99.9-99.9-99.9-99.9 7.7 5625.5 84 21.4   8  6.521.410.7
5291620180116 34.2 19.4  0.009999-99.9-99.9-99.9-99.9 9.0 6625.4 67 21.3   3  2.623.7 9.3
5291620180117 36.1 21.2  1.019999-99.9-99.9-99.9-99.912.5 9227.8 64 22.8   5  3.929.713.1
5291620180118 28.2 23.5  0.009999-99.9-99.9-99.9-99.9-9.9 9929.4 95 23.7   5  3.8 7.5-9.9
5291620180119 35.1 19.7  4.219999-99.9-99.9-99.9-99.910.6 7826.7 70 22.1   3  2.626.5 9.8
5291620180120 28.3 21.1104.819999-99.9-99.9-99.9-99.9-9.9 9927.3100 22.5   9  7.4 0.8-9.9
5291620180121 30.2 20.9 15.019999-99.9-99.9-99.9-99.9 1.9 1430.9 97 24.6   4  3.511.1 3.0
5291620180122 29.8 24.0  4.519999-99.9-99.9-99.9-99.9 0.2  132.5100 25.4   4  3.1 8.1 2.6
5291620180123 35.2 23.7 56.819999-99.9-99.9-99.9-99.9 4.8 3633.8 84 26.0   5  4.216.2 5.9
5291620180124 27.2 21.1 14.819999-99.9-99.9-99.9-99.9-9.9 9929.3 97 23.6   7  5.7 7.2-9.9
5291620180125 30.8 21.5  0.009999-99.9-99.9-99.9-99.9 6.9 5130.2 91 24.2   6  4.919.7 6.9
5291620180126 32.7 23.0  2.519999-99.9-99.9-99.9-99.910.0 7431.7 89 25.0   7  5.925.1 9.3
5291620180127 34.1 24.0 32.219999-99.9-99.9-99.9-99.9 8.5 6334.6 88 26.4   4  3.322.6 8.0
5291620180128 28.9 22.6  0.009999-99.9-99.9-99.9-99.9-9.9 9931.6100 24.9   5  3.9 5.8-9.9
5291620180129 33.5 22.5  0.009999-99.9-99.9-99.9-99.912.1 9030.4 80 24.3   7  5.728.712.3
5291620180130 33.0 21.8  0.009999-99.9-99.9-99.9-99.913.1 9826.0 70 21.7   8  6.330.515.9
5291620180131 33.7 21.0  0.009999-99.9-99.9-99.9-99.9 7.9 5931.4 82 24.7   7  5.621.4 8.3
5291620180201 34.2 25.3  0.009999-99.9-99.9-99.9-99.911.1 8431.4 79 24.8   5  4.327.012.2
5291620180202 34.7 22.1  0.009999-99.9-99.9-99.9-99.912.2 9129.3 74 23.7   5  4.128.712.2
5291620180203 34.6 19.7  0.009999-99.9-99.9-99.9-99.912.6 9526.2 67 21.8   4  3.629.412.3
5291620180204 34.8 22.1  0.009999-99.9-99.9-99.9-99.911.6 8729.5 75 23.8   4  3.427.610.8
5291620180205 34.7 20.1  0.009999-99.9-99.9-99.9-99.912.5 9427.8 78 22.8   4  3.029.111.0
5291620180206 35.4 20.8  0.009999-99.9-99.9-99.9-99.911.1 8428.4 72 23.1   3  2.226.7 9.7
5291620180207 36.8 22.6  0.009999-99.9-99.9-99.9-99.9 9.4 7130.3 69 24.2   2  1.723.6 8.7
5291620180208 37.1 24.3  0.009999-99.9-99.9-99.9-99.911.6 8831.0 71 24.6   4  3.627.412.5
5291620180209 37.3 23.3  0.009999-99.9-99.9-99.9-99.9 9.7 7431.9 76 25.1   6  4.424.210.8
5291620180210 30.7 22.7 20.219999-99.9-99.9-99.9-99.9 6.7 5130.3 90 24.2   8  6.319.0 7.4
5291620180211 32.8 21.7  0.009999-99.9-99.9-99.9-99.910.3 7927.8 78 22.7  11  9.225.113.9
5291620180212 28.0 16.3  0.009999-99.9-99.9-99.9-99.912.5 9619.0 74 16.7  10  8.328.815.5
5291620180213 29.8 13.7  0.009999-99.9-99.9-99.9-99.913.4 9918.7 69 16.4   6  4.930.3-9.9
5291620180214 31.6 14.6  0.009999-99.9-99.9-99.9-99.913.3 9921.1 69 18.3   5  3.629.9-9.9
5291620180215 34.9 21.1  0.009999-99.9-99.9-99.9-99.9 8.0 6227.7 73 22.8   6  4.821.010.2
5291620180216 36.0 21.2  0.009999-99.9-99.9-99.9-99.9 8.8 6828.7 72 23.3   6  5.022.211.3
5291620180217 33.9 21.6  0.009999-99.9-99.9-99.9-99.9 8.1 6329.2 75 23.6   5  3.721.0 9.3
5291620180218 32.2 21.9 31.019999-99.9-99.9-99.9-99.9 3.9 3028.4 86 23.2   5  3.713.8 5.9
5291620180219 30.5 21.6  0.009999-99.9-99.9-99.9-99.9 8.6 6729.1 92 23.5   4  3.021.7 6.4
5291620180220 31.7 21.8  0.009999-99.9-99.9-99.9-99.911.1 8728.6 88 23.3   6  4.625.9 9.1
5291620180221 31.0 20.8  0.009999-99.9-99.9-99.9-99.911.8 9224.0 75 20.3   9  6.927.014.8
5291620180222 30.5 14.8  0.009999-99.9-99.9-99.9-99.912.7 9919.7 70 17.2   5  3.628.510.7
5291620180223 32.0 15.4  0.009999-99.9-99.9-99.9-99.911.8 9222.3 73 19.2   6  4.526.810.2
5291620180224 32.7 17.8  0.009999-99.9-99.9-99.9-99.911.1 8723.4 73 20.0   5  4.325.710.9
5291620180225 34.4 18.5  0.009999-99.9-99.9-99.9-99.910.7 8424.5 72 20.7   4  2.924.9 9.6
5291620180226 35.0 19.8  0.009999-99.9-99.9-99.9-99.9 8.6 6727.4 78 22.5   4  2.921.2 8.4
5291620180227 36.4 19.2  0.519999-99.9-99.9-99.9-99.910.6 8426.8 72 22.2   3  2.824.6 9.2
5291620180228 33.6 21.3  0.009999-99.9-99.9-99.9-99.9 7.9 6228.4 87 23.2   6  4.519.9 8.3
5291620180301 33.6 19.9  0.009999-99.9-99.9-99.9-99.9 6.4 5028.7 84 23.3   2  1.817.4 5.8
5291620180302 32.6 20.1  0.009999-99.9-99.9-99.9-99.9 6.5 5229.4 84 23.7   2  1.817.6 5.9
5291620180303 34.2 22.0  0.009999-99.9-99.9-99.9-99.9 7.1 5629.2 79 23.6   4  3.418.4 7.4
5291620180304 34.7 20.6  1.019999-99.9-99.9-99.9-99.9 7.8 6229.5 84 23.8   3  2.419.6 7.0
5291620180305 32.8 19.8  0.009999-99.9-99.9-99.9-99.9 8.2 6628.2 84 23.1   6  5.120.1 8.3
5291620180306 32.6 21.3  0.009999-99.9-99.9-99.9-99.910.7 8624.3 74 20.4  10  8.124.215.4
5291620180307 31.4 14.3  0.009999-99.9-99.9-99.9-99.912.1 9715.5 56 13.4   6  4.726.213.6
5291620180308 31.9 14.0  0.009999-99.9-99.9-99.9-99.911.2 9018.0 58 15.8   4  3.424.810.4
5291620180309 35.1 13.8  0.009999-99.9-99.9-99.9-99.911.5 9317.7 54 15.4   3  2.725.110.4
5291620180310 36.9 16.6  0.009999-99.9-99.9-99.9-99.911.4 9225.1 65 21.0   4  3.324.810.3
5291620180311 36.7 21.4  0.009999-99.9-99.9-99.9-99.9 7.8 6329.0 72 23.3   8  6.419.011.8
5291620180312 31.8 16.4  0.009999-99.9-99.9-99.9-99.911.0 8920.0 64 17.5   9  7.024.014.6
5291620180313 32.8 20.6  0.519999-99.9-99.9-99.9-99.9 4.4 3624.4 85 20.3   7  5.313.5 8.0
5291620180314 35.9 20.7 98.819999-99.9-99.9-99.9-99.9 7.3 5931.2 78 24.5   6  4.517.9 7.3
5291620180315 30.3 20.6 59.819999-99.9-99.9-99.9-99.9 0.9  828.1 97 22.9   8  6.5 7.8 6.6
5291620180316 30.9 18.2  2.019999-99.9-99.9-99.9-99.9 7.3 5926.7 88 21.7   8  6.717.8 6.8
5291620180317 36.6 25.3  0.009999-99.9-99.9-99.9-99.9 8.1 6735.3 81 26.8   7  5.319.1 9.1
5291620180318 36.9 23.0 64.519999-99.9-99.9-99.9-99.910.0 8232.9 77 25.5  10  8.221.915.1
5291620180319 23.0 14.2  4.219999-99.9-99.9-99.9-99.9 1.6 1320.0 93 17.4   4  3.6 8.6 3.0
5291620180320 23.9 18.4  0.219999-99.9-99.9-99.9-99.9 0.7  621.4 86 18.5   5  4.1 7.2 3.3
5291620180321 29.0 15.6  0.009999-99.9-99.9-99.9-99.910.9 9021.5 79 18.6   6  4.623.0 8.0
5291620180322-99.9-99.9-99.999999-99.9-99.9-99.9-99.9 5.2 4324.0 78 20.4 -99-99.914.1-9.9
5291620180323 34.8 21.5  0.619999-99.9-99.9-99.9-99.9 6.4 5429.9 74 24.0   4  3.115.9 6.6
5291620180324 31.0 21.0 14.219999-99.9-99.9-99.9-99.9-9.9 9928.6 91 23.2  10  8.3 5.7-9.9
5291620180325 21.7 14.3  0.009999-99.9-99.9-99.9-99.910.2 8515.1 76 13.1  12  9.521.514.5
5291620180326 24.5 10.6  0.009999-99.9-99.9-99.9-99.911.5 9715.2 74 13.2   6  4.723.4 7.7
5291620180327 27.7 12.5  0.009999-99.9-99.9-99.9-99.9 8.5 7218.8 80 16.4   3  2.318.8 5.1
5291620180328 30.3 14.8  0.009999-99.9-99.9-99.9-99.9 9.9 8321.9 81 18.8   2  1.520.7 5.5
5291620180329 32.4 18.9-99.999999-99.9-99.9-99.9-99.9 8.4 7125.6 77 21.4   2  1.218.4 5.4
5291620180330-99.9-99.9-99.999999-99.9-99.9-99.9-99.9-9.9 99-9.9-99-99.9 -99-99.9-9.9-9.9
5291620180410-99.9-99.9-99.999999-99.9-99.9-99.9-99.9-9.9 99-9.9-99-99.9 -99-99.9-9.9-9.9
5291620180411 35.5 24.3  0.009999-99.9-99.9-99.9-99.9 9.7 8428.0 65 22.9  10  7.718.915.5
5291620180412 36.1 18.9-99.999999-99.9-99.9-99.9-99.9 8.4 7327.7 76 22.7 -99-99.917.0-9.9
5291620180502-99.9-99.9-99.999999-99.9-99.9-99.9-99.9-9.9 99-9.9-99-99.9 -99-99.9-9.9-9.9
5291620180503 31.9 21.4  5.819999-99.9-99.9-99.9-99.9 6.9 6326.6 79 22.1   8  6.313.2 8.9
5291620180504 29.9 18.9 19.619999-99.9-99.9-99.9-99.9 2.3 2125.8 92 21.5   5  4.3 7.3 3.2
5291620180505 25.1 20.2  1.619999-99.9-99.9-99.9-99.9 1.3 1224.3 91 20.6   6  5.1 6.1 3.0
5291620180506 26.2 20.1  0.009999-99.9-99.9-99.9-99.9 2.2 2124.9 90 21.0   4  3.4 7.2 2.6
5291620180507 29.9 21.5  0.009999-99.9-99.9-99.9-99.9 7.0 6425.9 83 21.7   6  5.113.0 6.1
5291620180508 27.9 21.8  0.219999-99.9-99.9-99.9-99.9 0.3  326.1 86 21.8   6  5.0 4.7 3.8
5291620180509 30.1 20.5  0.009999-99.9-99.9-99.9-99.9 5.5 5126.1 86 21.8   9  7.211.0 6.7
5291620180510 25.4 17.9 86.019999-99.9-99.9-99.9-99.9-9.9 9922.3 92 19.2   9  7.0 0.8-9.9
5291620180511 23.8 15.3  0.009999-99.9-99.9-99.9-99.9 6.4 5918.2 87 15.9   8  6.511.9 5.6
5291620180511 23.8 15.3  0.009999-99.9-99.9-99.9-99.9 6.4 5918.2 87 15.9   8  6.511.9 5.6
5291620180512 24.5 10.5  0.009999-99.9-99.9-99.9-99.9 9.5 8815.4 82 13.4   2  1.215.6 3.1
5291620180513 25.7 11.3  0.009999-99.9-99.9-99.9-99.9 8.3 7716.9 84 14.8   5  3.614.1 4.0
5291620180513 25.7 11.3  0.009999-99.9-99.9-99.9-99.9 8.3 7716.9 84 14.8   5  3.614.1 4.0
5291620180514 27.6 12.3 15.819999-99.9-99.9-99.9-99.9 6.6 6219.8 81 17.2   3  2.612.0 3.2
5291620180514 27.6 12.3 15.819999-99.9-99.9-99.9-99.9 6.6 6219.8 81 17.2   3  2.612.0 3.2
5291620180515 21.7 19.2  2.619999-99.9-99.9-99.9-99.9-9.9 9923.2100 19.8   3  2.4 0.7-9.9
5291620180516 22.4 14.6  0.009999-99.9-99.9-99.9-99.9 6.8 6416.1 72 13.8   9  7.512.2 9.3
5291620180517 26.1 11.8 48.819999-99.9-99.9-99.9-99.9 3.9 3618.2 83 15.8   3  2.6 8.6 2.0
5291620180518 19.6 15.4 35.819999-99.9-99.9-99.9-99.9-9.9 9919.1100 16.7   8  6.6 0.2-9.9
5291620180519 20.7 11.7  0.009999-99.9-99.9-99.9-99.9 9.1 8513.9 77 11.9   8  6.814.6 6.7
5291620180520 19.7  7.4  0.009999-99.9-99.9-99.9-99.9 9.4 8912.0 83  9.7   2  1.614.9 2.8
5291620180521 21.5  7.0  0.009999-99.9-99.9-99.9-99.9 9.3 8812.8 86 10.5   2  1.814.7 2.7
5291620180522 21.4  7.6  0.009999-99.9-99.9-99.9-99.9 8.9 8412.6 80 10.4   3  2.114.2 3.0
5291620180523 19.9  6.4  0.009999-99.9-99.9-99.9-99.9 9.5 9011.4 80  8.8   3  2.614.8 3.5
5291620180524 21.2  5.7  0.009999-99.9-99.9-99.9-99.9 9.6 9110.8 74  8.0   4  3.214.8 3.9
5291620180525 23.6  6.3  0.009999-99.9-99.9-99.9-99.9 9.0 8513.4 82 11.2   2  1.714.1 2.5
5291620180526 27.4 10.8  0.009999-99.9-99.9-99.9-99.9 8.3 7818.6 84 16.1   4  3.113.2 2.9
5291620180527 29.7 17.2  0.009999-99.9-99.9-99.9-99.9 6.6 6322.7 77 19.5   5  4.411.3 5.1
5291620180528 29.7 19.2  0.009999-99.9-99.9-99.9-99.9 8.6 8220.0 66 17.5   9  6.813.510.9
5291620180529 28.8 16.7  0.009999-99.9-99.9-99.9-99.9 7.8 7418.0 66 15.8   8  6.412.510.2
5291620180530 27.5 19.5  2.219999-99.9-99.9-99.9-99.9 2.5 2421.4 80 18.5   5  4.2 6.6 4.9
5291620180531 21.1 15.9  2.219999-99.9-99.9-99.9-99.9-9.9 9920.8100 18.0   8  6.4 0.6-9.9
5291620180601 15.9 12.2  2.619999-99.9-99.9-99.9-99.9-9.9 9913.8 93 11.8  15 11.9 1.8-9.9
5291620180602 15.5  7.9  0.009999-99.9-99.9-99.9-99.9 5.7 5510.6 82  7.8  10  7.710.0 6.2
5291620180603 15.5  3.7  0.009999-99.9-99.9-99.9-99.9 7.7 73 9.8 85  6.6   5  4.012.2 2.6
5291620180604 16.5  6.5  0.009999-99.9-99.9-99.9-99.9 2.0 1912.0 87  9.6   5  3.8 5.9 1.8
5291620180605 18.7  7.7  0.009999-99.9-99.9-99.9-99.9 8.4 8011.5 78  9.0   5  4.412.8 4.2
5291620180606 18.5  4.2  0.009999-99.9-99.9-99.9-99.9 8.9 8610.4 85  7.5   2  1.713.4 2.1
5291620180607 19.4  4.3  0.009999-99.9-99.9-99.9-99.9 8.8 8510.2 81  7.1   4  3.113.3 3.4
5291620180608 19.8  2.8  0.009999-99.9-99.9-99.9-99.9 9.0 8610.8 77  7.9   5  4.313.4 3.1
5291620180609 21.8  7.7  0.009999-99.9-99.9-99.9-99.9 4.7 4616.2 85 13.9   6  4.5 8.8 1.9
5291620180610 28.4 17.0  0.009999-99.9-99.9-99.9-99.9 4.3 4123.7 85 20.1   5  4.4 8.3 3.9
5291620180611 21.7 17.4  0.219999-99.9-99.9-99.9-99.9-9.9 9922.2100 19.2   3  2.3 1.9-9.9
5291620180612 18.9  9.9  0.009999-99.9-99.9-99.9-99.9 7.1 6913.6 75 11.2  12  9.611.3 9.9
5291620180613 14.9  5.2  0.009999-99.9-99.9-99.9-99.9 7.3 71 9.5 82  6.2   6  4.611.5 3.7
5291620180614 13.7  3.6  0.009999-99.9-99.9-99.9-99.9 4.0 39 9.4 88  6.0   4  2.9 7.9 1.6
5291620180615 12.2  2.1  0.009999-99.9-99.9-99.9-99.9 3.8 36 8.2 87  4.1   3  2.6 7.7 1.8
5291620180616 15.6 -0.3  0.009999-99.9-99.9-99.9-99.9 8.8 85 8.0 77  3.6   3  2.313.1 2.1
5291620180617 17.8 -0.3  0.009999-99.9-99.9-99.9-99.9 9.1 88 8.0 78  3.6   2  1.513.4 2.0
5291620180618 21.2  2.1  0.009999-99.9-99.9-99.9-99.9 8.8 85 9.1 68  5.5   2  1.713.0 2.5
5291620180619 26.4  6.5  0.009999-99.9-99.9-99.9-99.9 8.2 7915.1 79 12.6   5  3.912.4 2.7
5291620180620 29.0 13.0  0.009999-99.9-99.9-99.9-99.9 7.8 7518.6 75 16.3   5  4.011.9 4.9
5291620180621 27.3 14.6  0.009999-99.9-99.9-99.9-99.9 2.4 2319.3 80 16.8   5  4.1 6.2 3.9
5291620180622 26.1 10.7  0.009999-99.9-99.9-99.9-99.9 6.6 6317.3 79 14.9   7  5.410.6 4.8
5291620180623 29.7 18.5 17.219999-99.9-99.9-99.9-99.9 1.4 1320.4 80 17.6   7  5.9 5.1 5.9
5291620180624 18.6 10.7  0.009999-99.9-99.9-99.9-99.9 1.9 1912.1 87  9.8  11  8.6 5.7 4.8
5291620180625 15.8  7.1  0.009999-99.9-99.9-99.9-99.9 4.5 4411.4 86  8.8   4  3.4 8.5 2.8
5291620180626 20.1  2.6  0.009999-99.9-99.9-99.9-99.9 8.9 8510.3 79  7.2   2  1.613.1 2.0
5291620180627 22.8  6.1  0.009999-99.9-99.9-99.9-99.9 7.3 7015.6 92 13.1   3  2.611.4 1.3
5291620180628 29.0 15.3  5.819999-99.9-99.9-99.9-99.9 6.6 6420.5 76 17.9   7  5.510.7 5.0
5291620180629 23.2 14.4  3.219999-99.9-99.9-99.9-99.9 2.1 2018.8 93 16.5   6  4.6 5.9 3.4
5291620180630-99.9-99.9-99.999999-99.9-99.9-99.9-99.9-9.9 99-9.9-99-99.9 -99-99.9-9.9-9.9
5291620180703-99.9-99.9-99.999999-99.9-99.9-99.9-99.9-9.9 99-9.9-99-99.9 -99-99.9-9.9-9.9
5291620180704 12.3 10.0  0.009999-99.9-99.9-99.9-99.9-9.9 9912.7 99 10.5   5  3.9 2.0-9.9
5291620180705 16.4 11.0  0.009999-99.9-99.9-99.9-99.9-9.9 9914.7 95 12.7   4  3.5 3.4-9.9
5291620180706 21.2 13.1  0.009999-99.9-99.9-99.9-99.9 1.1 1017.5 96 15.4   4  3.2 4.9 1.1
5291620180707 16.7 10.5  0.009999-99.9-99.9-99.9-99.9-9.9 9914.8 91 12.7   9  7.6 2.5-9.9
5291620180708 13.3 10.0  0.009999-99.9-99.9-99.9-99.9-9.9 9912.2 93  9.8  11  8.6 1.8-9.9
5291620180709 16.7  8.3-99.999999-99.9-99.9-99.9-99.9 7.5 7211.2 79  8.5   9  7.011.9 5.6
5291620180710-99.9-99.9-99.999999-99.9-99.9-99.9-99.9-9.9 99-9.9-99-99.9 -99-99.9-9.9-9.9
5291620180711 17.7  2.4  0.009999-99.9-99.9-99.9-99.9 5.3 5010.6 88  7.6   2  1.8 9.6 1.4
5291620180712 22.5  4.8  0.009999-99.9-99.9-99.9-99.9 8.4 8012.1 84  9.6   3  2.613.0 2.6
5291620180713 25.8  6.9  0.009999-99.9-99.9-99.9-99.9 8.8 8312.9 74 10.6   3  2.513.5 3.7
5291620180714 29.9 10.2  0.009999-99.9-99.9-99.9-99.9 8.5 8118.6 75 16.1   5  4.313.2 4.5
5291620180715 30.7 16.2  0.009999-99.9-99.9-99.9-99.9 5.5 5322.2 83 19.1   3  2.610.0 4.1
5291620180716 23.6 16.4  0.009999-99.9-99.9-99.9-99.9 5.8 5519.6 86 17.2   7  5.810.3 4.6
5291620180717 24.2 15.5  0.009999-99.9-99.9-99.9-99.9 3.4 3220.4 91 17.7   3  2.4 7.6 2.1
5291620180718 32.3 15.4  0.009999-99.9-99.9-99.9-99.9 7.6 7221.0 73 18.3   5  4.312.5 6.6
5291620180719 25.2 12.1 16.419999-99.9-99.9-99.9-99.9-9.9 9918.1 99 15.7   8  6.3 2.9-9.9
5291620180720 12.8  7.0  0.219999-99.9-99.9-99.9-99.9 1.2 1110.9 94  8.1  11  8.7 5.3 3.9
5291620180721 16.9  1.2  0.009999-99.9-99.9-99.9-99.9 9.2 87 8.5 78  4.6   3  2.414.4 2.7
5291620180722 15.5  5.4  0.009999-99.9-99.9-99.9-99.9-9.9 9911.8 93  9.2   5  3.9 3.1-9.9
5291620180723 17.1  7.9  0.009999-99.9-99.9-99.9-99.9 7.9 7411.2 81  8.6  12  9.713.0 7.4
5291620180724 11.6  5.7  0.009999-99.9-99.9-99.9-99.9 0.1  110.3 90  7.4   9  6.9 4.1 1.7
5291620180725 13.8  9.6  0.009999-99.9-99.9-99.9-99.9-9.9 9913.0 94 10.8   5  4.3 2.3-9.9
5291620180726 14.7  6.6  0.009999-99.9-99.9-99.9-99.9 6.1 5711.3 93  8.7   4  3.011.1 2.0
5291620180727 15.9  8.6  0.009999-99.9-99.9-99.9-99.9 2.4 2212.5 93 10.3   3  2.5 6.8 1.4
5291620180728 16.9  6.7  0.009999-99.9-99.9-99.9-99.9 5.4 5111.8 90  9.3   6  4.610.5 3.5
5291620180729 21.8  3.4  0.009999-99.9-99.9-99.9-99.9 9.3 8711.5 79  8.8   4  3.215.0 3.2
5291620180730 20.9  7.0  0.009999-99.9-99.9-99.9-99.9 8.6 8012.2 82  9.7   5  3.914.3 3.7
5291620180731 19.9  1.4  0.009999-99.9-99.9-99.9-99.9 9.5 89 9.7 75  6.4   4  3.515.5 4.3
5291620180801 19.7  3.4  0.009999-99.9-99.9-99.9-99.9 9.8 91 9.9 77  6.7   5  4.215.9 4.6
5291620180802 15.8  2.4  0.009999-99.9-99.9-99.9-99.9 4.1 3810.2 86  7.0   3  2.8 9.2 2.0
5291620180803 18.8  1.0  0.009999-99.9-99.9-99.9-99.9 7.6 7010.3 85  7.1   3  2.713.4 2.5
5291620180804 17.5  3.6  0.009999-99.9-99.9-99.9-99.9 6.1 5610.4 87  7.5   4  3.511.7 3.2
5291620180805 21.2  0.0  0.009999-99.9-99.9-99.9-99.9 9.7 89 9.5 78  5.9   3  2.516.1 3.2
5291620180806 23.7  2.7  0.009999-99.9-99.9-99.9-99.9 9.5 8711.6 75  8.9   5  4.215.9 4.7
5291620180807 27.1  7.9  0.009999-99.9-99.9-99.9-99.9 9.2 8415.5 65 13.0  10  7.915.6 7.7
5291620180808 21.3 11.2  0.009999-99.9-99.9-99.9-99.9 6.3 5813.0 71 10.5  13 10.712.214.5
5291620180809 16.5  7.0  0.009999-99.9-99.9-99.9-99.9 8.4 7710.0 83  6.9   9  7.514.9 6.7
5291620180810 18.6 -0.3  0.009999-99.9-99.9-99.9-99.9 9.2 84 9.1 84  5.4   2  1.515.9 2.5
5291620180811 22.9  2.2  0.009999-99.9-99.9-99.9-99.910.1 92 9.4 69  5.9   5  4.017.2 5.4
5291620180812 27.6  5.1  0.009999-99.9-99.9-99.9-99.9 9.9 9013.1 71 10.9   6  5.017.0 6.8
5291620180813 31.5 11.4  0.009999-99.9-99.9-99.9-99.9 9.1 8214.8 59 12.8   6  4.816.1 9.4
5291620180814 20.2 14.4  1.619999-99.9-99.9-99.9-99.9-9.9 9915.1 80 12.9   9  7.4 2.1-9.9
5291620180815 22.3  7.6  0.009999-99.9-99.9-99.9-99.9 9.6 8610.8 71  8.0   6  4.516.9 7.2
5291620180816 24.8  5.3  0.009999-99.9-99.9-99.9-99.910.0 9011.7 70  9.1   4  2.917.5 4.8
5291620180817 29.5  9.3  0.009999-99.9-99.9-99.9-99.9 8.8 7917.2 77 14.9   5  4.316.1 5.7
5291620180818 31.6 15.0  1.419999-99.9-99.9-99.9-99.9 8.2 7418.9 66 16.6   7  5.415.4 9.4
5291620180819 22.4  8.6 11.219999-99.9-99.9-99.9-99.9-9.9 9913.7 97 11.2  17 13.7 0.8-9.9
5291620180820  9.8  6.7  0.009999-99.9-99.9-99.9-99.9-9.9 99 8.8 77  5.0   8  6.8 2.8-9.9
5291620180821 14.5  1.9  0.009999-99.9-99.9-99.9-99.9 4.6 41 8.2 73  4.0   4  3.410.9 4.1
5291620180822 18.4 -1.5  0.009999-99.9-99.9-99.9-99.910.3 92 9.1 79  5.3   4  3.318.6 3.4
5291620180823 21.3  6.5  0.009999-99.9-99.9-99.9-99.9 6.6 5914.4 88 12.1   7  5.813.7 2.6
5291620180824 20.5  9.5  0.009999-99.9-99.9-99.9-99.9 6.8 6014.1 79 11.5  13 10.514.012.6
5291620180825 19.4  3.5  0.009999-99.9-99.9-99.9-99.910.1 89 8.3 63  4.2   5  3.718.5 6.6
5291620180826 21.9  2.0  0.009999-99.9-99.9-99.9-99.910.5 93 8.3 60  4.3   4  3.219.2 6.0
5291620180827 25.3  2.9  0.009999-99.9-99.9-99.9-99.910.9 96 8.1 51  3.9   6  4.519.9 9.7
5291620180828 31.5  5.8  0.009999-99.9-99.9-99.9-99.9 9.8 8613.8 58 11.5   5  4.418.4 7.7
5291620180829 36.2 17.0  0.009999-99.9-99.9-99.9-99.9 8.6 7519.8 53 17.3  10  7.616.916.3
5291620180830 36.8 22.8-99.999999-99.9-99.9-99.9-99.9 7.2 6320.6 54 17.9  11  8.515.122.4
5291620180831-99.9-99.9  2.419999-99.9-99.9-99.9-99.9-9.9 9916.4100 14.3 -99-99.9 2.8-9.9
5291620180901 14.1 11.3  4.019999-99.9-99.9-99.9-99.9-9.9 9914.3100 12.3  13 10.0 2.0-9.9
5291620180902 15.5 11.7  1.619999-99.9-99.9-99.9-99.9-9.9 9914.6 95 12.6  13 10.2 5.2-9.9
5291620180903 22.2 13.6  0.009999-99.9-99.9-99.9-99.9 4.3 3715.9 86 13.8  10  8.411.3 6.3
5291620180904 23.8  7.5  0.009999-99.9-99.9-99.9-99.910.8 9312.7 73 10.4   5  3.720.6 6.8
5291620180905 26.3  6.6  0.009999-99.9-99.9-99.9-99.911.3 9712.0 64  9.5   6  5.221.4 9.2
5291620180906 30.9  9.7  0.009999-99.9-99.9-99.9-99.911.0 9513.4 56 11.3   7  5.521.112.1
5291620180907 32.9 11.4  0.009999-99.9-99.9-99.9-99.910.3 8813.9 56 11.9   4  3.420.2 9.7
5291620180908 31.9 10.5  0.009999-99.9-99.9-99.9-99.910.4 8915.0 58 13.0   5  4.320.510.4
5291620180909 28.9 12.9  0.009999-99.9-99.9-99.9-99.910.1 8716.6 67 14.6   8  6.320.211.1
5291620180910 28.8 14.0  0.009999-99.9-99.9-99.9-99.910.1 8617.4 70 15.3   8  6.720.310.7
5291620180911 29.3 13.9  0.009999-99.9-99.9-99.9-99.9 9.5 8017.8 70 15.7  10  7.819.411.2
5291620180912 28.8 15.6-99.999999-99.9-99.9-99.9-99.9 5.6 4719.3 71 16.9   8  6.113.8 9.0
5291620180913-99.9-99.9-99.999999-99.9-99.9-99.9-99.9-9.9 99-9.9-99-99.9 -99-99.9-9.9-9.9
5291620180919-99.9-99.9-99.999999-99.9-99.9-99.9-99.9-9.9 99-9.9-99-99.9 -99-99.9-9.9-9.9
5291620180920 29.4 17.6  0.009999-99.9-99.9-99.9-99.9 7.0 5919.7 71 17.1   9  7.216.611.9
5291620180921 34.1 15.4  0.009999-99.9-99.9-99.9-99.910.2 8522.8 66 19.6   4  3.521.5 8.8
5291620180922 38.4 20.6  0.009999-99.9-99.9-99.9-99.9 9.2 7627.8 62 22.8  10  7.720.114.8
5291620180923 40.4 26.0 33.819999-99.9-99.9-99.9-99.9 9.5 7826.6 51 22.1   9  7.320.621.9
5291620180924 32.0 19.8 15.419999-99.9-99.9-99.9-99.9 6.0 5023.9 87 20.4  13 10.315.417.0
5291620180925 24.8 18.9  0.009999-99.9-99.9-99.9-99.9-9.9 9923.5 94 20.1   8  6.2 4.5-9.9
5291620180926 26.1 20.4  0.009999-99.9-99.9-99.9-99.9-9.9 9924.4 86 20.7   5  3.7 5.2-9.9
5291620180927 30.8 19.2  0.009999-99.9-99.9-99.9-99.9 4.6 3825.1 82 21.1   4  2.813.5 5.2
5291620180928 33.2 18.8  0.009999-99.9-99.9-99.9-99.910.4 8525.1 71 21.1   6  5.122.610.6
5291620180929 36.1 22.9 19.419999-99.9-99.9-99.9-99.9 9.9 8127.1 64 22.4  11  8.921.918.0
5291620180930 30.0 19.1  0.009999-99.9-99.9-99.9-99.9 8.4 6824.3 79 20.6  11  8.819.512.0
5291620181001 31.3 17.0  0.419999-99.9-99.9-99.9-99.9 0.6  522.4 84 18.8  15 11.8 7.410.0
5291620181002 20.0 12.6  0.009999-99.9-99.9-99.9-99.9 1.1  915.7 81 13.6  11  9.1 8.2 7.0
5291620181003 25.6 14.8  0.009999-99.9-99.9-99.9-99.9 7.3 5916.9 77 14.9   9  7.118.010.3
5291620181004 26.9 12.7  0.009999-99.9-99.9-99.9-99.9 7.3 5913.8 59 11.7   8  6.118.112.3
5291620181005 25.4 14.7  0.009999-99.9-99.9-99.9-99.911.0 8813.0 55 10.8   9  7.424.116.1
5291620181006 25.1 12.0  0.009999-99.9-99.9-99.9-99.9 4.7 3814.8 69 12.7   6  4.914.2 8.1
5291620181007 31.4 13.6  0.009999-99.9-99.9-99.9-99.9 8.9 7221.5 72 18.5   5  3.921.0 7.6
5291620181008 30.7 19.2  0.009999-99.9-99.9-99.9-99.9 6.0 4826.1 79 21.7   6  4.916.2 7.7
5291620181009 28.2 19.7 30.219999-99.9-99.9-99.9-99.9 2.6 2025.8 79 21.6   7  5.810.8 6.6
5291620181010 25.6 21.0  0.009999-99.9-99.9-99.9-99.9 0.5  423.2 85 19.7  12  9.8 7.4 8.7
5291620181011 27.7 16.4  0.009999-99.9-99.9-99.9-99.9 9.7 7719.7 74 17.2  12  9.622.613.8
5291620181012 23.9 16.0  5.019999-99.9-99.9-99.9-99.9-9.9 9919.5 94 17.0  10  8.1 6.0-9.9
5291620181013 20.8 14.7  0.009999-99.9-99.9-99.9-99.9 0.1  117.3 92 15.2   9  7.0 6.9 4.0
5291620181014 25.5 13.2  0.009999-99.9-99.9-99.9-99.9 6.9 5516.7 71 14.6   7  5.618.2 8.6
5291620181015 27.8 11.2  0.009999-99.9-99.9-99.9-99.912.3 9715.9 70 13.8   3  2.627.2 8.5
5291620181016 31.5 11.8  0.219999-99.9-99.9-99.9-99.912.2 9617.7 61 15.5   4  3.227.0 9.8
5291620181017 35.2 18.1 11.419999-99.9-99.9-99.9-99.9 8.2 6427.1 77 22.3   7  5.720.5 8.9
5291620181018 33.9 20.6  0.009999-99.9-99.9-99.9-99.9 8.4 6628.6 74 23.2   9  7.221.012.1
5291620181019 27.1 20.6  0.009999-99.9-99.9-99.9-99.9 3.0 2423.7 82 20.2  10  7.912.1 9.8
5291620181020-99.9-99.9-99.999999-99.9-99.9-99.9-99.9-9.9 99-9.9 68-99.9 -99-99.9-9.9-9.9
5291620181021 33.7 15.8  0.009999-99.9-99.9-99.9-99.9 7.7 6021.6 66 18.5   7  5.519.911.1
5291620181022 34.3 20.5  6.219999-99.9-99.9-99.9-99.9 7.3 5723.6 63 20.1   5  4.119.310.4
5291620181023 25.8 19.6  0.219999-99.9-99.9-99.9-99.9 2.2 1722.3 84 19.2   8  6.210.7 6.9
5291620181024 30.9 18.9  0.009999-99.9-99.9-99.9-99.9 9.3 7222.2 72 19.1   7  5.222.810.6
5291620181025 32.1 19.8  0.009999-99.9-99.9-99.9-99.9 9.0 6925.4 70 21.3   7  5.222.310.6
5291620181026-99.9-99.9-99.999999-99.9-99.9-99.9-99.9-9.9 99-9.9-99-99.9 -99-99.9-9.9-9.9
5291620181107-99.9-99.9  0.009999-99.9-99.9-99.9-99.9-9.9 99-9.9 84-99.9 -99-99.9-9.9-9.9
5291620181108 32.2 18.6  0.009999-99.9-99.9-99.9-99.911.6 8727.0 79 22.2   7  5.627.510.5
5291620181109 32.6 22.6  0.009999-99.9-99.9-99.9-99.912.5 9427.3 73 22.5   8  6.529.014.8
5291620181110 33.3 22.4  0.009999-99.9-99.9-99.9-99.912.4 9328.3 71 23.1   8  6.429.014.4
5291620181111 34.8 23.4  0.009999-99.9-99.9-99.9-99.911.5 8631.8 72 25.0  10  7.927.414.9
5291620181112 36.3 27.2 25.019999-99.9-99.9-99.9-99.9 8.9 6631.8 67 25.0  12  9.422.919.5
5291620181113 31.0 21.0 59.019999-99.9-99.9-99.9-99.9-9.9 9928.5100 23.1  10  8.3 4.8-9.9
5291620181114 27.6 19.4  0.009999-99.9-99.9-99.9-99.913.0 9720.2 72 17.5   7  5.730.113.7
5291620181115 29.9 14.1  0.009999-99.9-99.9-99.9-99.913.5 9918.5 59 16.2   4  3.131.1-9.9
5291620181116 32.1 16.3  1.419999-99.9-99.9-99.9-99.913.1 9821.6 65 18.7   7  5.330.513.9
5291620181117 29.2 22.3 40.619999-99.9-99.9-99.9-99.9-9.9 9931.5 98 24.9   5  3.9 7.6-9.9
5291620181118 26.9 18.6  0.419999-99.9-99.9-99.9-99.9 9.4 6921.2 78 18.3  11  9.024.014.8
5291620181119 26.8 14.3  0.009999-99.9-99.9-99.9-99.914.0 9915.9 64 13.8   7  5.632.0-9.9
5291620181120 31.6 14.4  0.009999-99.9-99.9-99.9-99.913.510020.8 67 18.0   4  3.331.210.6
5291620181121 33.6 18.3  0.009999-99.9-99.9-99.9-99.913.0 9624.2 68 20.5   6  4.630.413.6
5291620181122 29.8 21.5 64.619999-99.9-99.9-99.9-99.9 0.6  427.4 83 22.6   7  5.4 8.8 5.8
5291620181123 23.7 20.4  5.019999-99.9-99.9-99.9-99.9-9.9 9924.8 93 20.9  11  8.6 5.5-9.9
5291620181124 27.8 20.2  0.009999-99.9-99.9-99.9-99.9 7.0 5123.4 83 20.0  10  8.220.010.3
5291620181125 30.0 17.0  0.009999-99.9-99.9-99.9-99.911.9 8722.4 71 19.3   7  5.628.611.6
5291620181126 32.2 18.4  0.419999-99.9-99.9-99.9-99.9 8.3 6122.8 69 19.5   6  4.722.310.9
5291620181127 29.1 21.1 67.019999-99.9-99.9-99.9-99.9-9.9 9924.9 92 21.0   8  6.1 7.6-9.9
5291620181128 28.4 19.4  0.009999-99.9-99.9-99.9-99.9 3.5 2525.4 85 21.3   4  3.313.9 5.0
5291620181129 30.1 20.3  0.009999-99.9-99.9-99.9-99.9 8.5 6225.1 77 21.1   5  4.222.7 9.3
5291620181130 29.6 18.7  0.009999-99.9-99.9-99.9-99.912.9 9422.7 72 19.5   7  5.630.513.0
5291620181201 30.5 19.0  0.009999-99.9-99.9-99.9-99.911.7 8621.0 67 18.2  10  8.328.517.0
5291620181202 24.4 13.1  0.009999-99.9-99.9-99.9-99.913.5 9814.0 63 12.0  11  8.431.618.1
5291620181203 27.9 12.3  0.009999-99.9-99.9-99.9-99.913.3 9715.4 63 13.3   4  3.231.310.9
5291620181204 31.4 13.9  0.009999-99.9-99.9-99.9-99.913.2 9618.6 59 16.3   2  1.831.1 9.7
5291620181205 33.8 16.6  0.009999-99.9-99.9-99.9-99.911.6 8522.3 63 19.2   4  3.228.311.3
5291620181206 28.0 18.6  0.009999-99.9-99.9-99.9-99.9 3.8 2719.3 71 16.9   8  6.814.511.9
5291620181207 27.5 13.7  0.009999-99.9-99.9-99.9-99.913.4 9716.3 64 14.3   7  5.731.514.0
5291620181208 28.9 10.8  0.009999-99.9-99.9-99.9-99.913.9 9916.0 60 14.0   6  4.932.4-9.9
5291620181209 33.8 13.9  0.009999-99.9-99.9-99.9-99.910.5 7621.1 58 18.1   6  4.726.412.1
5291620181210 36.8 20.8  0.009999-99.9-99.9-99.9-99.912.6 9125.6 58 21.5   5  3.930.014.5
5291620181211 39.0 24.5  0.009999-99.9-99.9-99.9-99.911.7 8528.9 57 23.5   8  6.528.519.7
5291620181212 30.9 19.8 54.219999-99.9-99.9-99.9-99.9-9.9 9924.8 94 20.9  10  8.3 2.6-9.9
5291620181213 36.2 20.1  0.009999-99.9-99.9-99.9-99.912.0 8729.9 68 24.0   9  7.129.113.8
5291620181214 37.0 28.2 28.619999-99.9-99.9-99.9-99.910.2 7430.3 64 24.2   9  7.226.019.8
5291620181215 29.9 20.4  1.419999-99.9-99.9-99.9-99.9 3.6 2625.8 86 21.6   8  6.414.4 7.7
5291620181216 34.9 22.0  0.009999-99.9-99.9-99.9-99.910.9 7930.5 73 24.3   5  4.227.211.1
5291620181217 36.9 26.0 41.819999-99.9-99.9-99.9-99.912.0 8631.0 67 24.6   9  7.429.019.5
5291620181218 30.7 20.7 25.219999-99.9-99.9-99.9-99.9 2.3 1724.9 87 21.0  13 10.612.1 9.2
5291620181219 30.9 21.6  1.019999-99.9-99.9-99.9-99.9 5.8 4227.2 77 22.5   7  5.318.2 8.4
5291620181220 35.6 23.7 70.219999-99.9-99.9-99.9-99.9 7.8 5629.7 72 23.9   6  4.721.710.4
5291620181221 29.3 20.6  0.219999-99.9-99.9-99.9-99.9 7.0 5125.1 83 21.2   7  5.920.310.3
5291620181222 31.2 20.1  0.009999-99.9-99.9-99.9-99.913.2 9524.6 70 20.8   4  3.531.211.7
5291620181223 32.0 21.2  0.009999-99.9-99.9-99.9-99.913.5 9724.3 66 20.6   5  4.331.714.0
5291620181224 33.0 21.3  0.009999-99.9-99.9-99.9-99.912.3 8925.0 66 21.0   6  4.629.713.5
5291620181225 36.1 21.1  0.009999-99.9-99.9-99.9-99.912.3 8927.6 68 22.6   3  2.629.611.3
5291620181226 37.2 23.1  0.009999-99.9-99.9-99.9-99.910.6 7630.6 66 24.4   3  2.526.610.8
5291620181227 36.8 25.3  0.009999-99.9-99.9-99.9-99.911.1 8032.6 68 25.5   6  4.427.513.3
5291620181228 30.4 23.2  5.019999-99.9-99.9-99.9-99.9-9.9 9928.8 84 23.3   4  2.9 5.2-9.9
5291620181229 35.5 22.0  0.009999-99.9-99.9-99.9-99.911.8 8531.5 71 24.8   4  2.928.810.8
5291620181230 35.4 24.1 23.619999-99.9-99.9-99.9-99.9 4.3 3131.3 89 24.8   6  4.615.6 8.2
5291620181231 31.5 24.5  1.019999-99.9-99.9-99.9-99.9 1.1  832.4 89 25.4   5  3.8 9.9 4.5
5291620190101 35.7 26.5  2.419999-99.9-99.9-99.9-99.9 4.9 3534.5 81 26.4   4  3.016.5 6.8
5291620190102 36.7 26.3  0.819999-99.9-99.9-99.9-99.911.5 8334.7 69 26.5   6  4.828.113.9
5291620190103 30.9 22.8  8.619999-99.9-99.9-99.9-99.9 2.1 1527.3 84 22.5   9  7.311.711.4
5291620190104 28.1 21.6  0.419999-99.9-99.9-99.9-99.9-9.9 9927.1 89 22.4   5  4.1 5.4-9.9
5291620190105 34.2 22.9  0.009999-99.9-99.9-99.9-99.9 9.5 6927.1 75 21.2   3  2.724.710.1
5291620190106 32.1 23.5 51.419999-99.9-99.9-99.9-99.9 4.7 3426.1 78-99.9   7  5.816.311.2
5291620190107 29.1 19.7  1.019999-99.9-99.9-99.9-99.9 2.2 1614.2 27-99.9   7  5.811.815.9
5291620190108 30.6 20.7245.419999-99.9-99.9-99.9-99.9 2.7 1916.3 51-99.9   8  6.312.616.5
5291620190109 34.4 21.5 71.219999-99.9-99.9-99.9-99.9 8.8 6419.4 58-99.9  10  7.923.422.3
5291620190110 30.2 19.8 22.419999-99.9-99.9-99.9-99.9-9.9 99 2.4 10-99.9   9  7.4 3.5-9.9
5291620190111 28.9 20.6  0.009999-99.9-99.9-99.9-99.9 4.8 3516.6 62-99.9   7  5.816.414.5
5291620190112 32.9 23.4 23.019999-99.9-99.9-99.9-99.9 5.3 3811.3 50-99.9   6  5.217.219.2
5291620190113 32.7 23.9 18.419999-99.9-99.9-99.9-99.9 3.3 24 9.3 28-99.9   4  2.913.613.3
5291620190114 28.3 24.1  0.819999-99.9-99.9-99.9-99.9-9.9 99 3.2 19-99.9   4  2.9 4.4-9.9
5291620190115 34.2 25.2 41.619999-99.9-99.9-99.9-99.9 3.9 2811.4 39-99.9   6  4.514.718.4
5291620190116 32.5 23.1  1.819999-99.9-99.9-99.9-99.9 6.6 4912.3 25-99.9   6  5.219.520.1
5291620190117 37.7 26.1 40.019999-99.9-99.9-99.9-99.910.3 7519.7 56-99.9   9  7.625.8-9.9
5291620190118 26.5 19.4 17.619999-99.9-99.9-99.9-99.9-9.9 99 9.0 46-99.9  14 11.4 5.9-9.9
5291620190119 23.7 18.8  0.009999-99.9-99.9-99.9-99.9 2.4 1814.7 53-99.9  10  7.912.015.0
5291620190120 29.1 18.8  0.009999-99.9-99.9-99.9-99.9 8.2 6012.1 54-99.9   4  3.522.213.4
5291620190121 33.2 18.4  0.009999-99.9-99.9-99.9-99.912.8 9419.7 73-99.9   3  2.730.212.0
5291620190122 36.9 23.2  0.009999-99.9-99.9-99.9-99.911.8 8725.6 71-99.9   5  4.428.415.4
5291620190123 38.5 26.1  0.009999-99.9-99.9-99.9-99.9 7.7 5731.8 71 24.8   8  6.321.215.4
5291620190124 34.9 23.9  0.009999-99.9-99.9-99.9-99.9 8.1 6030.0 73 23.7   7  5.821.912.7
5291620190125 36.6 26.0  0.009999-99.9-99.9-99.9-99.911.2 8330.2 70 23.2   5  4.427.314.8
5291620190126 38.0 26.4  0.009999-99.9-99.9-99.9-99.9 9.7 7231.0 72-99.9   6  4.624.714.7
5291620190127 35.6 24.7  5.619999-99.9-99.9-99.9-99.9 5.8 4314.8 46-99.9   5  3.817.815.7
5291620190128 35.2 24.8  0.009999-99.9-99.9-99.9-99.910.8 8122.9 69-99.9   5  4.126.615.6
5291620190129 35.6 24.9  0.009999-99.9-99.9-99.9-99.911.8 8827.0 71-99.9   6  5.228.316.5
5291620190130 36.3 26.4  0.009999-99.9-99.9-99.9-99.911.7 8830.4 68 24.3   6  5.228.115.5
5291620190131 38.3 26.5  0.009999-99.9-99.9-99.9-99.910.6 7929.8 67 23.0   5  4.026.014.5
5291620190201 35.3 25.4 13.619999-99.9-99.9-99.9-99.9 8.5 6323.7 52-99.9   7  5.722.317.5
5291620190202 26.5 23.7 11.419999-99.9-99.9-99.9-99.9-9.9 99 2.0  6-99.9   5  3.8 4.2-9.9
5291620190203 29.2 21.3  0.009999-99.9-99.9-99.9-99.9 6.8 5115.7 66-99.9   9  7.219.319.6
5291620190204 29.2 18.6  0.009999-99.9-99.9-99.9-99.910.0 7617.8 72-99.9   8  6.624.915.7
5291620190205 30.8 17.3  0.009999-99.9-99.9-99.9-99.911.8 8917.3 66-99.9   5  3.827.912.8
5291620190206 33.5 18.6  0.009999-99.9-99.9-99.9-99.910.9 8316.0 60-99.9   2  1.926.410.3
5291620190207 35.4 19.4  0.009999-99.9-99.9-99.9-99.912.5 9414.0 56-99.9   2  1.829.011.9
5291620190208 38.1 20.3  0.009999-99.9-99.9-99.9-99.911.5 8818.8 59-99.9   3  2.127.411.9
5291620190209 36.8 21.8 52.219999-99.9-99.9-99.9-99.9 6.3 4815.0 42-99.9   6  4.818.318.0
5291620190210 32.9 22.3  0.009999-99.9-99.9-99.9-99.9 5.9 4514.5 37-99.9   4  2.817.612.1
5291620190211 35.5 23.1 31.619999-99.9-99.9-99.9-99.9 4.2 3210.3 44-99.9   6  4.814.619.1
5291620190212 26.5 19.4  0.009999-99.9-99.9-99.9-99.9 5.5 4212.3 55-99.9  12  9.716.8-9.9
5291620190213 28.4 15.7  0.009999-99.9-99.9-99.9-99.912.5 9513.8 56-99.9   6  4.828.614.7
5291620190214 29.7 17.8  0.009999-99.9-99.9-99.9-99.9 7.5 5815.1 58-99.9   4  3.620.211.7
5291620190215 30.3 20.2  0.009999-99.9-99.9-99.9-99.9 8.9 6815.8 68-99.9   9  6.822.419.0
5291620190216 30.0 18.5  0.009999-99.9-99.9-99.9-99.9 9.6 7414.4 55-99.9   7  5.723.617.5
5291620190217 32.6 20.7  0.009999-99.9-99.9-99.9-99.910.7 8316.4 59-99.9   5  4.325.415.3
5291620190218 33.2 20.2  0.009999-99.9-99.9-99.9-99.910.4 8115.4 49-99.9   2  2.024.811.0
5291620190219 35.2 20.4  0.009999-99.9-99.9-99.9-99.911.5 8916.4 43-99.9   2  1.426.610.2
5291620190220 35.7 21.0  0.009999-99.9-99.9-99.9-99.911.5 9019.0 63-99.9   3  2.526.612.4
5291620190221 36.8 22.1  0.009999-99.9-99.9-99.9-99.911.1 8621.9 67-99.9   4  3.225.813.7
5291620190222 38.2 22.7  0.009999-99.9-99.9-99.9-99.911.6 9122.8 67-99.9   4  3.426.614.5
5291620190223 38.5 23.6  0.009999-99.9-99.9-99.9-99.911.4 8926.9 68-99.9   6  4.826.216.1
5291620190224 39.1 25.6 10.219999-99.9-99.9-99.9-99.9 8.9 7029.3 68 22.8  10  7.722.018.6
5291620190225 25.6 18.3 36.019999-99.9-99.9-99.9-99.9-9.9 99 0.2  1-99.9   8  6.4 0.6-9.9
5291620190226 29.3 17.0  0.009999-99.9-99.9-99.9-99.9 8.3 6512.7 50-99.9   6  4.820.814.5
5291620190227 28.5 14.5  0.009999-99.9-99.9-99.9-99.912.1 9514.7 69 10.4   5  3.927.012.1
5291620190228 30.5 13.8  0.009999-99.9-99.9-99.9-99.912.2 9613.0 70-99.9   3  2.327.110.4
5291620190301 32.3 14.3  0.219999-99.9-99.9-99.9-99.912.2 9716.0 69-99.9   4  2.827.010.9
5291620190302 36.4 18.4  0.009999-99.9-99.9-99.9-99.910.9 8623.5 69-99.9   4  2.824.810.4
5291620190303 35.9 22.2  0.009999-99.9-99.9-99.9-99.910.8 8623.3 71-99.9   6  4.724.514.9
5291620190304 37.4 21.5  1.619999-99.9-99.9-99.9-99.910.7 8525.4 67 20.9   9  7.024.317.0
5291620190305 25.0 21.2 11.619999-99.9-99.9-99.9-99.9-9.9 99 6.3 22-99.9   6  4.7 1.7-9.9
5291620190306 33.1 20.3  0.419999-99.9-99.9-99.9-99.9 9.5 7613.3 24-99.9   4  3.222.113.1
5291620190307 29.4 22.1 36.219999-99.9-99.9-99.9-99.9 1.7 14 9.9 36-99.9   6  4.9 9.417.1
5291620190308 25.3 20.6  8.619999-99.9-99.9-99.9-99.9-9.9 99 1.9  6-99.9  10  7.7 4.5-9.9
5291620190309 23.9 17.5  0.419999-99.9-99.9-99.9-99.9 0.4  313.9 63-99.9  10  8.3 7.216.0
5291620190310 28.4 18.6  0.009999-99.9-99.9-99.9-99.9 9.2 7419.5 59 16.4   9  6.821.312.5
5291620190311 24.1 20.1  0.819999-99.9-99.9-99.9-99.9-9.9 99 9.3 24-99.9   5  3.7 5.9-9.9
5291620190312 26.1 18.7  0.819999-99.9-99.9-99.9-99.9 3.5 28 8.3 15-99.9   4  3.112.011.6
5291620190313 29.5 17.1  0.219999-99.9-99.9-99.9-99.910.9 8914.5 69-99.9   4  3.023.911.0
5291620190314 30.4 16.0  0.009999-99.9-99.9-99.9-99.910.2 8315.9 73-99.9   3  2.622.6 9.3
5291620190315 30.9 16.9  0.419999-99.9-99.9-99.9-99.910.7 8720.3 83-99.9   6  4.423.310.7
5291620190316 30.7 19.9 29.219999-99.9-99.9-99.9-99.9 3.0 2410.2 24-99.9   5  3.911.013.8
5291620190317 27.1 20.5  2.219999-99.9-99.9-99.9-99.9 0.1  0 3.7 11-99.9   3  2.4 6.411.2
5291620190318 29.9 20.0  0.009999-99.9-99.9-99.9-99.9 9.4 7711.4 26-99.9   4  3.621.013.5
5291620190319 32.3 16.9  0.009999-99.9-99.9-99.9-99.9 8.7 7214.9 48-99.9   2  1.719.7 8.0
5291620190320 25.3 18.2  0.009999-99.9-99.9-99.9-99.9 4.1 3415.0 74-99.9  10  8.312.517.0
5291620190321 26.0 14.6  0.009999-99.9-99.9-99.9-99.910.3 8519.0 83 16.5   7  5.422.1 8.1
5291620190322 27.8 13.0  0.009999-99.9-99.9-99.9-99.911.0 9112.6 77-99.9   3  2.623.0 9.0
5291620190323 30.2 12.6  0.219999-99.9-99.9-99.9-99.911.0 9112.1 49-99.9   2  1.822.9 8.1
5291620190324 31.7 14.3  0.419999-99.9-99.9-99.9-99.910.6 8814.1 72-99.9   3  2.422.2 9.2
5291620190325 29.0 15.2  0.009999-99.9-99.9-99.9-99.910.9 9116.1 81-99.9   6  4.822.511.4
5291620190326 26.5 14.7  0.009999-99.9-99.9-99.9-99.9 6.4 5318.0 78 15.7   7  5.615.6 7.7
5291620190327 27.9 14.8  0.009999-99.9-99.9-99.9-99.9 9.0 7616.3 72-99.9   7  5.519.510.7
5291620190328 29.8 15.1  0.219999-99.9-99.9-99.9-99.9 9.7 8212.4 32-99.9   4  3.520.411.1
5291620190329 35.1 17.1  1.219999-99.9-99.9-99.9-99.910.0 8414.9 38-99.9   3  2.220.8 9.5
5291620190330 35.8 23.2  2.619999-99.9-99.9-99.9-99.9 9.1 7718.3 65-99.9   6  4.819.316.0
5291620190331 26.8 22.5  0.219999-99.9-99.9-99.9-99.9-9.9 99 2.3 14-99.9   3  2.6 3.0-9.9
5291620190401 30.6 21.7  0.009999-99.9-99.9-99.9-99.9 6.6 5612.0 24-99.9   4  3.415.412.9
5291620190402 28.4 20.3  0.009999-99.9-99.9-99.9-99.9 2.5 21 7.7 18-99.9   2  1.8 9.3 8.4
5291620190403 33.2 21.9  1.019999-99.9-99.9-99.9-99.9 7.5 6411.6 23-99.9   3  2.516.611.0
5291620190404 29.8 21.1  9.019999-99.9-99.9-99.9-99.9-9.9 99 3.7 19-99.9   4  3.1 3.9-9.9
5291620190405 24.2 16.9  0.009999-99.9-99.9-99.9-99.9 3.4 2919.1 91 16.7  12  9.710.5 8.4
5291620190406 26.9 14.2  0.009999-99.9-99.9-99.9-99.9 8.3 7115.6 77-99.9   5  4.417.5 8.2
5291620190407 27.2 10.9  0.009999-99.9-99.9-99.9-99.910.9 9411.2 73-99.9   4  3.321.1 9.6
5291620190408 29.3 11.0  0.009999-99.9-99.9-99.9-99.9 7.7 6712.2 52-99.9   3  2.516.4 7.2
5291620190409 30.8 14.8  0.009999-99.9-99.9-99.9-99.9 8.4 7312.8 39-99.9   4  3.417.410.4
5291620190410 32.5 14.0  0.009999-99.9-99.9-99.9-99.9 8.3 7213.8 47-99.9   2  1.317.1 6.2
5291620190411 30.9 17.2  0.009999-99.9-99.9-99.9-99.9 9.9 8613.9 76-99.9   5  3.819.311.4
5291620190412 28.1 11.7  0.219999-99.9-99.9-99.9-99.910.2 89 9.9 32-99.9   3  2.619.5 8.6
5291620190413 30.8 13.4  0.009999-99.9-99.9-99.9-99.9 9.4 8213.8 48-99.9   3  2.418.3 7.5
5291620190414 35.4 17.3  0.219999-99.9-99.9-99.9-99.9 9.5 8316.8 60-99.9   3  2.518.4 9.0
5291620190415 31.6 20.4  3.819999-99.9-99.9-99.9-99.9 2.6 2311.3 28-99.9   6  4.5 8.714.8
5291620190416 26.7 15.9  0.009999-99.9-99.9-99.9-99.9 6.6 58 9.2 27-99.9   7  5.614.215.8
5291620190417 27.2 11.9  0.009999-99.9-99.9-99.9-99.9 6.7 59 8.5 27-99.9   2  1.814.3 6.5
5291620190418 31.8 12.3  0.219999-99.9-99.9-99.9-99.9 9.5 8313.7 53-99.9   2  1.917.9 6.6
5291620190419 31.8 19.4  3.619999-99.9-99.9-99.9-99.9 2.4 2117.0 59-99.9   4  3.6 8.2 8.8
5291620190420 25.7 22.1 52.219999-99.9-99.9-99.9-99.9-9.9 99-9.9  0-99.9   6  4.4 0.7-9.9
5291620190421 26.9 21.3  1.019999-99.9-99.9-99.9-99.9 0.4  4 3.8 21-99.9   8  6.2 5.523.7
5291620190422 24.9 19.0  0.009999-99.9-99.9-99.9-99.9 0.3  2 4.9 27-99.9  10  7.8 5.2-9.9
5291620190423 27.9 16.1  0.009999-99.9-99.9-99.9-99.9 5.7 5113.6 45-99.9   6  4.512.410.8
5291620190424 32.4 17.3  9.219999-99.9-99.9-99.9-99.9 5.4 4810.6 26-99.9   5  4.011.912.9
5291620190425 30.1 21.6 23.419999-99.9-99.9-99.9-99.9 2.5 23 2.4  6-99.9   4  3.4 8.115.4
5291620190426 22.1 19.3 17.619999-99.9-99.9-99.9-99.9-9.9 99-9.9  0-99.9   3  2.3 2.3-9.9
5291620190427 24.5 18.9  0.219999-99.9-99.9-99.9-99.9 0.5  5 2.0 14-99.9   7  5.3 5.420.4
5291620190428 23.8 15.1  0.009999-99.9-99.9-99.9-99.9 5.8 52 8.6 40-99.9   3  2.712.1 8.3
5291620190429 27.3 11.8  0.219999-99.9-99.9-99.9-99.9 8.8 80 9.2 28-99.9   2  1.915.9 6.5
5291620190430 24.2 13.8  0.009999-99.9-99.9-99.9-99.9 2.0 18 7.7 29-99.9   3  2.0 7.2 6.8
5291620190501 26.7 14.6  0.009999-99.9-99.9-99.9-99.9 8.9 81 9.0 28-99.9   3  2.415.9 7.9
5291620190502 28.7 12.9  0.419999-99.9-99.9-99.9-99.9 8.4 7611.5 33-99.9   4  3.015.1 8.7
5291620190503 29.9 22.3 16.419999-99.9-99.9-99.9-99.9 1.4 13 2.1 16-99.9   3  2.6 6.312.3
5291620190504 30.5 23.7 19.419999-99.9-99.9-99.9-99.9 5.6 52 6.8 20-99.9   7  5.811.521.8
5291620190505 29.2 22.1 20.819999-99.9-99.9-99.9-99.9 0.4  3 0.9  5-99.9   6  4.9 4.921.8
5291620190506 29.0 21.8  0.419999-99.9-99.9-99.9-99.9 4.7 43 3.4 18-99.9   6  4.710.219.5
5291620190507 27.2 21.9  0.219999-99.9-99.9-99.9-99.9 1.3 12 3.3 13-99.9   7  5.6 6.022.4
5291620190508 25.7 19.7 11.019999-99.9-99.9-99.9-99.9 0.7  6 1.2  4-99.9   6  5.1 5.220.9
5291620190509 23.1 19.9 33.819999-99.9-99.9-99.9-99.9-9.9 99-9.9  0-99.9   9  7.4 1.3-9.9
5291620190510 24.4 18.4  0.819999-99.9-99.9-99.9-99.9 0.2  2-9.9  0-99.9   9  7.3 4.5-9.9
5291620190511 22.0 14.7  0.219999-99.9-99.9-99.9-99.9 6.5 60 8.0 35-99.9  10  8.012.119.0
5291620190512 17.7 13.4  0.009999-99.9-99.9-99.9-99.9-9.9 99 2.6 19-99.9   3  2.3 3.4-9.9
5291620190513 22.7 11.4  0.009999-99.9-99.9-99.9-99.9 8.5 79 7.3 28-99.9   4  2.814.3 8.0
5291620190514 23.6  8.2  0.009999-99.9-99.9-99.9-99.9 8.7 81 8.5 36-99.9   4  3.414.5 8.1
5291620190515 24.4 11.0  0.419999-99.9-99.9-99.9-99.9 7.7 72 7.5 28-99.9   4  3.213.2 8.7
5291620190516 27.0 13.0  0.219999-99.9-99.9-99.9-99.9 8.9 83 8.9 28-99.9   4  3.514.5 9.7
5291620190517 27.7 14.9  0.219999-99.9-99.9-99.9-99.9 8.1 7610.2 29-99.9   6  4.513.612.1
5291620190518 29.4 17.2 14.019999-99.9-99.9-99.9-99.9 8.1 7610.4 27-99.9   4  2.913.5 9.2
5291620190519 21.6 19.6 31.619999-99.9-99.9-99.9-99.9-9.9 99-9.9  0-99.9   3  2.8 2.3-9.9
5291620190520 25.0 20.0  6.619999-99.9-99.9-99.9-99.9-9.9 99 0.0  0-99.9   4  3.0 3.8-9.9
5291620190521 22.6 15.9  1.419999-99.9-99.9-99.9-99.9 0.1  1-9.9  0-99.9   8  6.2 4.124.7
5291620190522 19.9 15.7  1.219999-99.9-99.9-99.9-99.9 1.2 11 0.9  4-99.9   7  5.7 5.420.6
5291620190523 17.2 15.3 66.619999-99.9-99.9-99.9-99.9-9.9 99-9.9  0-99.9   9  7.0 2.0-9.9
5291620190524 20.9 11.1  0.419999-99.9-99.9-99.9-99.9 8.5 80 6.5 28-99.9   6  4.513.511.5
5291620190525 22.3  8.9  0.419999-99.9-99.9-99.9-99.9 7.9 75 7.2 29-99.9   4  3.112.9 7.4
5291620190526 21.7 12.9  0.009999-99.9-99.9-99.9-99.9 0.9  9 4.5 27-99.9   4  3.6 4.911.0
5291620190527 21.9 15.3  2.219999-99.9-99.9-99.9-99.9-9.9 99-9.9  0-99.9   4  3.0 3.2-9.9
5291620190528 19.4 16.8  1.219999-99.9-99.9-99.9-99.9-9.9 99-9.9  0-99.9   5  4.3 2.6-9.9
5291620190529 21.4 15.6  0.009999-99.9-99.9-99.9-99.9 0.9  8 3.3 24-99.9   6  4.5 4.814.9
5291620190530 21.8 16.2  0.009999-99.9-99.9-99.9-99.9 2.1 20 3.6 21-99.9   5  3.7 6.112.8
5291620190531 18.8 14.5  0.619999-99.9-99.9-99.9-99.9 0.1  1 2.7 18-99.9   5  4.3 4.014.1
5291620190601 21.1 13.6  0.009999-99.9-99.9-99.9-99.9 2.0 19 1.1  3-99.9   3  2.4 6.0 9.6
5291620190602 22.3 12.7  0.009999-99.9-99.9-99.9-99.9 5.9 57 5.2 28-99.9   4  3.010.3 9.1
5291620190603 23.0  9.7  0.219999-99.9-99.9-99.9-99.9 9.0 86 7.1 25-99.9   3  2.613.6 6.8
5291620190604 23.1  7.6  0.009999-99.9-99.9-99.9-99.9 8.2 79 5.9 25-99.9   4  3.412.7 8.5
5291620190605 24.9 12.0  0.009999-99.9-99.9-99.9-99.9 7.9 76 9.5 42-99.9   8  6.012.412.5
5291620190606 25.6 12.8  0.009999-99.9-99.9-99.9-99.9 8.7 8310.7 59-99.9   7  5.913.112.4
5291620190607 26.2 11.6  0.009999-99.9-99.9-99.9-99.9 6.6 64 8.7 42-99.9   4  2.910.9 7.9
5291620190608 21.3 15.7  3.419999-99.9-99.9-99.9-99.9 1.1 10 2.3 16-99.9   7  5.5 4.919.0
5291620190609 24.3 16.2  0.009999-99.9-99.9-99.9-99.9 4.8 46 6.1 24-99.9   4  3.4 8.910.8
5291620190610 26.2 18.7  0.819999-99.9-99.9-99.9-99.9 1.3 1312.7 63-99.9   6  4.5 5.110.1
5291620190611 26.9 17.6  0.819999-99.9-99.9-99.9-99.9 4.4 43 7.6 29-99.9   7  5.4 8.516.1
5291620190612 31.3 21.1  0.219999-99.9-99.9-99.9-99.9 7.0 6714.2 47-99.9   7  5.811.215.1
5291620190613 30.4 22.3  0.009999-99.9-99.9-99.9-99.9 6.3 6119.7 52 15.7   9  6.910.414.1
5291620190614 29.3 20.3  0.009999-99.9-99.9-99.9-99.9 3.6 3515.0 50-99.9   4  3.2 7.5 8.8
5291620190615 29.7 21.6  0.009999-99.9-99.9-99.9-99.9 2.4 2415.5 44-99.9   6  5.1 6.312.5
5291620190616 21.6 14.2  0.009999-99.9-99.9-99.9-99.9-9.9 99 2.1 16-99.9   7  5.5 2.6-9.9
5291620190617 16.4 13.4  0.009999-99.9-99.9-99.9-99.9-9.9 99-9.9  0-99.9   3  2.0 1.7-9.9
5291620190618 16.3 13.4  0.009999-99.9-99.9-99.9-99.9-9.9 99 1.7 15-99.9   6  4.5 1.3-9.9
5291620190619 21.2  6.8  0.009999-99.9-99.9-99.9-99.9 8.9 86 5.6 21-99.9   3  2.013.2 5.6
5291620190620 22.0  4.6  0.009999-99.9-99.9-99.9-99.9 8.8 85 6.2 22-99.9   3  2.513.0 5.8
5291620190621 28.6 11.3  0.009999-99.9-99.9-99.9-99.9 7.8 7510.0 30-99.9   4  3.511.9 8.5
5291620190622 30.1 18.1  0.009999-99.9-99.9-99.9-99.9 7.7 7513.0 46-99.9   6  5.011.912.4
5291620190623 30.4 17.3  0.219999-99.9-99.9-99.9-99.9 8.0 7712.6 41-99.9   6  4.712.211.9
5291620190624 29.7 17.4  1.619999-99.9-99.9-99.9-99.9 7.4 7216.3 65-99.9   8  6.211.611.8
5291620190625 23.5  8.2  1.219999-99.9-99.9-99.9-99.9-9.9 99 9.5 42-99.9  11  9.0 1.6-9.9
5291620190626 16.2  0.4  0.009999-99.9-99.9-99.9-99.9 9.1 88 5.6 58-99.9   3  2.313.3 4.4
5291620190627 20.7  3.0  0.219999-99.9-99.9-99.9-99.9 7.8 75 6.1 43-99.9   6  4.611.9 8.2
5291620190628 28.6 15.2  0.219999-99.9-99.9-99.9-99.9 1.4 14 9.9 28-99.9   8  6.5 5.217.7
5291620190629 24.9 15.5  0.219999-99.9-99.9-99.9-99.9-9.9 99 5.3 20-99.9   5  3.7 3.4-9.9
5291620190630 20.2 13.3  0.009999-99.9-99.9-99.9-99.9-9.9 99 5.1 27-99.9  11  9.0 2.5-9.9
5291620190701 14.3  7.6  0.009999-99.9-99.9-99.9-99.9 1.7 16 6.6 43-99.9   6  4.4 5.5 8.0
5291620190702 18.7  6.3  0.009999-99.9-99.9-99.9-99.9 1.9 18 4.2 27-99.9   2  1.7 5.7 4.9
5291620190703 18.7  7.0  0.009999-99.9-99.9-99.9-99.9 8.7 83 6.0 64-99.9   6  4.613.0 9.7
5291620190704 17.6  2.1  0.009999-99.9-99.9-99.9-99.9 6.5 62 6.2 65-99.9   5  3.610.7 5.4
5291620190705 14.1  2.1-99.999999-99.9-99.9-99.9-99.9 7.9 76 5.6 62-99.9   4  3.412.3 5.2
5291620190706-99.9-99.9-99.999999-99.9-99.9-99.9-99.9-9.9 99-9.9-99-99.9 -99-99.9-9.9-9.9
5291620190707 17.8  0.0  0.009999-99.9-99.9-99.9-99.9 8.6 83 5.7 65-99.9   5  3.613.1 5.3
5291620190708 22.6  1.9  0.009999-99.9-99.9-99.9-99.9 8.9 86 8.2 64-99.9   5  4.113.4 5.8
5291620190709 25.5 10.5  0.219999-99.9-99.9-99.9-99.9 4.3 4214.4 72 12.1   5  4.4 8.5 5.2
5291620190710 29.2 12.3  1.619999-99.9-99.9-99.9-99.9 7.0 6715.1 68-99.9   5  4.111.4 7.2
5291620190711 27.8 16.0  0.619999-99.9-99.9-99.9-99.9 2.5 2415.5 65-99.9   5  3.8 6.5 7.2
5291620190712 29.9 16.6  0.009999-99.9-99.9-99.9-99.9 5.0 4816.2 66-99.9   4  3.6 9.3 7.5
5291620190713 22.8 16.6  0.009999-99.9-99.9-99.9-99.9 0.5  5 3.3 21-99.9   8  6.2 4.420.9
5291620190714 21.0 15.4  0.419999-99.9-99.9-99.9-99.9 2.7 26 6.1 23-99.9   6  5.0 6.813.7
5291620190715 24.0  8.1  0.009999-99.9-99.9-99.9-99.9 8.5 81 5.9 16-99.9   3  2.713.3 7.5
5291620190716 21.6  6.9  0.009999-99.9-99.9-99.9-99.9 8.9 84 8.1 53-99.9   5  3.713.7 7.2
5291620190717 22.6  3.8  0.009999-99.9-99.9-99.9-99.9 9.1 86 6.7 52-99.9   4  3.014.0 6.1
5291620190718 25.0  8.8  1.619999-99.9-99.9-99.9-99.9 4.8 46 9.2 57-99.9   5  3.8 9.3 7.8
5291620190719 24.9 14.2  0.009999-99.9-99.9-99.9-99.9 5.6 53 7.3 26-99.9   4  3.310.2 9.7
5291620190720 27.9 14.8  0.219999-99.9-99.9-99.9-99.9 4.1 3913.5 47-99.9   8  6.2 8.511.9
5291620190721 30.9 21.9  0.419999-99.9-99.9-99.9-99.9 7.6 7222.9 67 19.6  17 13.212.619.3
5291620190722 28.3 16.0 10.819999-99.9-99.9-99.9-99.9 3.2 3116.5 64-99.9  10  7.9 7.714.5
5291620190723 16.0 12.3  7.419999-99.9-99.9-99.9-99.9-9.9 99-9.9  0-99.9   8  6.5 0.5-9.9
5291620190724 12.6 10.5 32.419999-99.9-99.9-99.9-99.9-9.9 99-9.9  0-99.9   7  5.9 0.4-9.9
5291620190725 10.8  8.1  0.619999-99.9-99.9-99.9-99.9-9.9 99 0.0  0-99.9   8  6.1 1.9-9.9
5291620190726 11.8  7.2  0.009999-99.9-99.9-99.9-99.9-9.9 99 7.2 67-99.9   8  6.7 3.0-9.9
5291620190727 13.1 10.1  0.419999-99.9-99.9-99.9-99.9-9.9 99 5.3 46-99.9   4  2.8 3.1-9.9
5291620190728 17.6  8.8  0.009999-99.9-99.9-99.9-99.9 4.2 39 5.4 31-99.9   4  2.8 9.0 6.8
5291620190729 21.6 11.4  0.219999-99.9-99.9-99.9-99.9 3.9 36 7.1 36-99.9   4  2.9 8.7 7.2
5291620190730 23.8  9.1  0.009999-99.9-99.9-99.9-99.9 8.9 83 7.0 23-99.9   3  2.414.7 6.9
5291620190731 28.1  8.2  0.219999-99.9-99.9-99.9-99.9 8.7 8011.8 40-99.9   5  3.714.4 7.6
5291620190801 27.3 13.5  0.009999-99.9-99.9-99.9-99.9 3.3 3010.8 61-99.9  12  9.8 8.120.1
5291620190802 18.0  6.5  0.009999-99.9-99.9-99.9-99.9 9.3 86 9.0 72-99.9   8  6.115.3 9.9
5291620190803 19.0  1.6  0.009999-99.9-99.9-99.9-99.9 9.7 90 5.9 42-99.9   2  1.916.0 4.4
5291620190804 20.0  2.2  0.009999-99.9-99.9-99.9-99.9 9.8 90 6.9 62-99.9   4  3.616.1 6.6
5291620190805 23.6  3.9  0.009999-99.9-99.9-99.9-99.910.0 92 7.6 52-99.9   5  4.216.4 8.3
5291620190806 26.8  9.3  0.219999-99.9-99.9-99.9-99.9 9.3 8510.8 63-99.9   6  5.015.6 9.8
5291620190807 30.1 12.7  0.619999-99.9-99.9-99.9-99.9 8.2 7512.0 43-99.9   5  3.914.4 9.6
5291620190808 26.2 13.8  0.619999-99.9-99.9-99.9-99.9 4.6 42 7.7 35-99.9   8  6.610.119.0
5291620190809 13.8 10.6  0.219999-99.9-99.9-99.9-99.9-9.9 99 0.4  3-99.9  10  8.0 1.3-9.9
5291620190810 19.6  9.8  0.009999-99.9-99.9-99.9-99.9 6.6 60 9.0 65-99.9   5  3.812.7 6.4
5291620190811 20.6  4.9  0.009999-99.9-99.9-99.9-99.9 3.9 35 6.7 32-99.9   4  3.5 9.4 7.6
5291620190812 22.4 11.1  0.419999-99.9-99.9-99.9-99.9 7.1 65 9.3 51-99.9   8  6.813.513.8
5291620190813 17.1  5.7  0.009999-99.9-99.9-99.9-99.9 9.8 89 8.0 66-99.9   9  6.916.9 9.9
5291620190814 16.3  0.4  0.009999-99.9-99.9-99.9-99.9 9.3 84 6.1 67-99.9   6  4.516.4 6.8
5291620190815 24.4  2.2  0.419999-99.9-99.9-99.9-99.9 8.3 75 8.8 53-99.9   5  3.815.2 6.3
5291620190816 30.7 13.4  0.009999-99.9-99.9-99.9-99.9 5.9 5417.4 70-99.9   8  6.112.3 9.4
5291620190817 30.6 18.4  0.009999-99.9-99.9-99.9-99.9 5.7 5118.2 57-99.9   6  4.812.1 9.9
5291620190818 21.0 13.3  0.009999-99.9-99.9-99.9-99.9 4.6 41 9.8 61-99.9  13 10.710.720.3
5291620190819 19.7  7.0  0.009999-99.9-99.9-99.9-99.9 9.7 87 9.1 71  4.5   9  7.217.410.5
5291620190820 22.8  2.0  0.009999-99.9-99.9-99.9-99.910.0 89 7.9 58-99.9   6  4.517.9 8.2
5291620190821 24.5  5.2  0.009999-99.9-99.9-99.9-99.910.1 90 8.8 59-99.9   9  6.918.212.3
5291620190822 22.1 10.4  0.009999-99.9-99.9-99.9-99.9 4.0 3511.7 80-99.9   7  5.510.1 6.8
5291620190823 24.1  3.0  0.009999-99.9-99.9-99.9-99.9 9.7 86 8.6 58-99.9   5  3.817.8 7.9
5291620190824 26.8  6.3  0.009999-99.9-99.9-99.9-99.9 9.5 8411.5 65-99.9   7  5.917.610.2
5291620190825 29.4 14.5 28.219999-99.9-99.9-99.9-99.9 3.4 3011.3 45-99.9   8  6.8 9.514.5
5291620190826 24.8 17.5  0.619999-99.9-99.9-99.9-99.9 4.7 41 7.4 25-99.9   8  6.411.318.9
5291620190827 29.1 12.6  0.009999-99.9-99.9-99.9-99.9 8.6 7511.0 37-99.9   6  4.716.712.3
5291620190828 33.1 15.6  0.009999-99.9-99.9-99.9-99.9 9.1 8015.9 66-99.9   6  4.917.512.7
5291620190829 34.8 18.2  0.009999-99.9-99.9-99.9-99.9 9.4 8219.3 68-99.9   7  5.217.913.2
5291620190830 33.1 22.0 22.419999-99.9-99.9-99.9-99.9 6.8 5921.7 72-99.9  11  8.714.517.0
5291620190831 22.4 12.3  0.009999-99.9-99.9-99.9-99.9 9.7 85 8.9 60-99.9  13 10.518.722.6
5291620190901 22.9  8.5  0.009999-99.9-99.9-99.9-99.910.2 8910.5 68-99.9   6  4.919.5 9.0
5291620190902 23.2  6.1  0.009999-99.9-99.9-99.9-99.910.7 92 8.0 65-99.9   4  3.220.2 8.3
5291620190903 21.2  8.3  0.009999-99.9-99.9-99.9-99.9 9.8 8511.4 75  8.7   8  6.519.1 8.6
5291620190904 20.4  7.1  0.009999-99.9-99.9-99.9-99.9 9.0 77 9.4 60  6.0   9  7.518.011.2
5291620190905 19.0  9.3  0.009999-99.9-99.9-99.9-99.9 2.6 22 9.9 68  6.7  10  8.2 9.0 9.9
5291620190906 27.1 12.1  0.009999-99.9-99.9-99.9-99.9 7.0 6114.6 58-99.9   6  5.015.5 8.3
5291620190907 30.6 15.1  0.009999-99.9-99.9-99.9-99.9 7.3 6310.6 27-99.9   5  4.315.912.6
5291620190908 24.2 17.9  0.009999-99.9-99.9-99.9-99.9 1.6 14 5.3 23-99.9   5  4.0 7.914.3
5291620190909 26.6 17.5  1.219999-99.9-99.9-99.9-99.9 4.7 4013.5 70-99.9   9  7.212.416.1
5291620190910 19.9 15.6  2.819999-99.9-99.9-99.9-99.9 0.5  4 3.7 22-99.9  12  9.5 6.3-9.9
5291620190911 16.7 14.5  1.219999-99.9-99.9-99.9-99.9-9.9 99 1.2  6-99.9   8  6.7 1.0-9.9
5291620190912 22.1 12.0  0.009999-99.9-99.9-99.9-99.9 9.4 8010.4 70-99.9   8  6.719.413.7
5291620190913 24.5  7.2  0.419999-99.9-99.9-99.9-99.9 8.8 7510.1 73-99.9   4  3.518.7 8.1
5291620190914 28.2 12.2  0.619999-99.9-99.9-99.9-99.9 9.2 7711.7 48-99.9   4  2.919.3 8.6
5291620190915 35.6 17.1  0.219999-99.9-99.9-99.9-99.9 8.2 6921.0 64-99.9   8  6.318.013.4
5291620190916 32.3 17.3  2.219999-99.9-99.9-99.9-99.9 3.3 2822.7 82 19.3  16 13.010.718.9
5291620190917 21.4 14.0  0.009999-99.9-99.9-99.9-99.9 2.6 2213.2 67 10.3  11  8.7 9.712.3
5291620190918 26.6 14.0  0.009999-99.9-99.9-99.9-99.910.6 8813.6 62 11.4   5  4.121.8 9.8
5291620190919 28.5  9.8  0.009999-99.9-99.9-99.9-99.9 8.5 7113.8 69-99.9   9  7.518.813.7
5291620190920 24.1 10.9  0.009999-99.9-99.9-99.9-99.910.2 8510.4 55  7.4  13 10.621.421.8
5291620190921 26.0  7.0  0.009999-99.9-99.9-99.9-99.911.0 91 9.9 52  6.8   8  6.322.713.3
5291620190922 27.0  7.9  0.009999-99.9-99.9-99.9-99.911.9 99 9.5 45  6.1  12  9.724.221.7
5291620190923 28.3 10.0  0.009999-99.9-99.9-99.9-99.911.0 9115.4 66 13.2  11  8.623.012.2
5291620190924 29.8 12.9  0.219999-99.9-99.9-99.9-99.9 7.5 6216.8 68 14.6   6  5.217.710.9
5291620190925 31.6 14.5  0.009999-99.9-99.9-99.9-99.911.3 9313.6 49 11.4   6  5.023.614.3
5291620190926 31.7  9.3  0.009999-99.9-99.9-99.9-99.911.2 9212.5 52  9.7   5  4.223.612.6
5291620190927 31.6 12.1  0.219999-99.9-99.9-99.9-99.911.2 9215.0 55 13.0  11  8.523.718.8
5291620190928 35.8 14.3  0.819999-99.9-99.9-99.9-99.910.3 8416.9 58 14.7   7  5.822.415.0
5291620190929 36.1 17.2  0.009999-99.9-99.9-99.9-99.910.7 8717.7 57 15.4   9  7.523.120.4
5291620190930 37.9 19.1  0.219999-99.9-99.9-99.9-99.9 9.1 7421.4 45 18.5  14 11.120.7-9.9
5291620191001 40.4 22.7 27.619999-99.9-99.9-99.9-99.9 8.9 7220.1 57-99.9  18 14.220.4-9.9
5291620191002 22.7 16.0  7.819999-99.9-99.9-99.9-99.9-9.9 99-9.9  0-99.9  10  8.2 1.7-9.9
5291620191003 19.9 17.2  2.219999-99.9-99.9-99.9-99.9-9.9 99-9.9  0-99.9  10  8.0 2.4-9.9
5291620191004 21.4 17.8  1.819999-99.9-99.9-99.9-99.9-9.9 99 0.0  0-99.9   8  6.5 5.6-9.9
5291620191005 17.9 15.2  1.619999-99.9-99.9-99.9-99.9-9.9 99 0.2  1-99.9  11  8.8 1.5-9.9
5291620191006 23.6 12.8  0.819999-99.9-99.9-99.9-99.9 6.8 5510.4 42-99.9   5  4.417.510.9
5291620191007 29.1 10.4  0.009999-99.9-99.9-99.9-99.911.6 9314.4 73-99.9   3  2.325.3 8.1
5291620191008 30.5 12.1  0.619999-99.9-99.9-99.9-99.911.7 9314.4 72-99.9   5  4.025.512.4
5291620191009 32.8 14.2  1.419999-99.9-99.9-99.9-99.911.5 9217.6 71-99.9   6  4.925.313.0
5291620191010 36.1 17.8  1.019999-99.9-99.9-99.9-99.911.2 8922.3 62 18.7   8  6.024.915.7
5291620191011 38.2 23.1  0.219999-99.9-99.9-99.9-99.910.9 8729.2 65 23.5  10  7.724.517.6
5291620191012 38.2 24.0  0.009999-99.9-99.9-99.9-99.910.8 8629.6 65 23.8  10  7.724.419.8
5291620191013 38.6 24.2 46.219999-99.9-99.9-99.9-99.9 7.1 5629.2 75 23.5  12  9.718.517.3
5291620191014 25.1 14.6 11.819999-99.9-99.9-99.9-99.9-9.9 99 0.1  0-99.9  18 14.4 2.1-9.9
5291620191015 16.1 13.7  6.419999-99.9-99.9-99.9-99.9-9.9 99-9.9  0-99.9  10  7.7 1.7-9.9
5291620191016 19.6 13.4  0.009999-99.9-99.9-99.9-99.9 0.7  6 3.6 25-99.9   5  4.0 8.113.3
5291620191017 19.7 16.7  1.019999-99.9-99.9-99.9-99.9-9.9 99 4.5 17-99.9   5  3.7 4.1-9.9
5291620191018 21.3 16.6  1.019999-99.9-99.9-99.9-99.9-9.9 99 7.9 37-99.9   6  4.8 6.3-9.9
5291620191019 21.1 17.3  0.009999-99.9-99.9-99.9-99.9 0.3  316.5 90-99.9   9  7.6 7.5 9.0
5291620191020 19.7 13.4 14.419999-99.9-99.9-99.9-99.9-9.9 9911.4 48-99.9  10  8.1 3.1-9.9
5291620191021 20.8 12.6  0.419999-99.9-99.9-99.9-99.9 2.5 20 7.3 30-99.9   9  7.311.216.9
5291620191022 25.5 10.2  0.219999-99.9-99.9-99.9-99.911.7 9113.3 84-99.9   5  4.126.710.2
5291620191023 27.6 13.8  0.419999-99.9-99.9-99.9-99.911.7 9114.3 82-99.9   5  3.926.711.4
5291620191024 29.4 14.4  0.219999-99.9-99.9-99.9-99.912.4 9615.5 71-99.9   9  7.027.917.0
5291620191025 29.8 16.3  0.009999-99.9-99.9-99.9-99.912.2 9419.7 70 17.2  10  8.127.615.3
5291620191026 32.5 15.1  0.009999-99.9-99.9-99.9-99.9 8.7 6724.1 76 20.2  10  7.821.811.3
5291620191027 33.7 23.5  0.009999-99.9-99.9-99.9-99.9 7.5 5729.3 83 23.6  17 13.719.816.3
5291620191028 40.2 21.1  0.009999-99.9-99.9-99.9-99.911.2 8629.2 66 23.2  12  9.926.219.7
5291620191029 38.8 27.1  0.009999-99.9-99.9-99.9-99.910.9 8333.2 70 25.7   7  5.925.716.5
5291620191030 40.4 25.4 13.419999-99.9-99.9-99.9-99.9 9.7 7429.6 66 22.9  13 10.123.823.9
5291620191031 25.3 19.8 11.219999-99.9-99.9-99.9-99.9-9.9 99 4.0  5-99.9   8  6.1 5.8-9.9
5291620191101 32.7 20.0  0.419999-99.9-99.9-99.9-99.9 9.9 7621.3 54-99.9  10  7.724.317.4
5291620191102 39.0 24.1 30.019999-99.9-99.9-99.9-99.9 9.0 6929.5 80-99.9  12  9.222.817.0
5291620191103 24.6 20.7  4.419999-99.9-99.9-99.9-99.9-9.9 99 2.1  7-99.9   8  6.1 4.3-9.9
5291620191104 32.2 20.8  1.819999-99.9-99.9-99.9-99.9 7.7 5815.3 52-99.9   9  7.420.620.7
5291620191105 27.7 20.8  0.009999-99.9-99.9-99.9-99.9 7.0 5319.5 85-99.9  12  9.719.417.8
5291620191106 29.8 18.2  0.009999-99.9-99.9-99.9-99.9 8.6 6521.8 84-99.9   8  6.022.311.9
5291620191107 30.7 20.6  0.619999-99.9-99.9-99.9-99.910.4 7824.0 87-99.9   6  4.925.312.3
5291620191108 32.6 19.5  0.009999-99.9-99.9-99.9-99.910.3 7824.4 77-99.9   6  4.425.311.5
5291620191109 32.3 20.2 11.819999-99.9-99.9-99.9-99.9-9.9 9911.2 27-99.9   8  6.0 6.8-9.9
5291620191110 31.4 20.1  0.219999-99.9-99.9-99.9-99.9 8.9 6620.4 66-99.9   7  5.622.814.1
5291620191111 31.1 18.0  0.009999-99.9-99.9-99.9-99.911.9 8921.9 85-99.9   8  6.228.014.0
5291620191112 35.2 19.8105.419999-99.9-99.9-99.9-99.911.0 8326.3 86-99.9   6  5.026.712.7
5291620191113 28.3 20.5 12.019999-99.9-99.9-99.9-99.9 2.0 15 9.8 50-99.9   7  5.911.119.4
5291620191114 32.0 19.5  0.009999-99.9-99.9-99.9-99.910.6 7920.1 74-99.9   6  4.526.013.8
5291620191115 30.6 20.7  0.009999-99.9-99.9-99.9-99.912.7 9524.3 84 20.4   6  4.629.712.5
5291620191116 30.1 17.3  0.009999-99.9-99.9-99.9-99.912.9 9621.3 80 17.2   7  5.530.013.0
5291620191117 32.1 17.4  0.009999-99.9-99.9-99.9-99.912.4 9221.2 73-99.9   6  4.429.113.0
5291620191118 34.7 18.5  0.009999-99.9-99.9-99.9-99.912.6 9326.8 76 22.0   5  4.129.611.5
5291620191119 35.8 21.7  0.009999-99.9-99.9-99.9-99.910.5 7831.9 80 25.0   7  5.426.011.5
5291620191120 37.9 23.0  0.009999-99.9-99.9-99.9-99.911.6 8630.6 76-99.9   6  5.027.914.3
5291620191121 33.6 25.3  0.009999-99.9-99.9-99.9-99.9 5.5 4129.2 77-99.9   5  4.217.410.3
5291620191122 32.6 24.3  0.819999-99.9-99.9-99.9-99.9 6.5 4824.6 78-99.9   7  5.419.113.6
5291620191123 30.4 19.6  0.009999-99.9-99.9-99.9-99.911.3 8325.6 91-99.9  11  8.827.513.4
5291620191124 30.4 16.3  0.009999-99.9-99.9-99.9-99.913.0 9523.7 85 19.5   8  6.730.511.5
5291620191125 38.5 21.8 30.219999-99.9-99.9-99.9-99.911.5 8429.6 76 22.4  10  7.627.916.3
5291620191126 31.0 21.1  7.619999-99.9-99.9-99.9-99.9-9.9 9910.1  7-99.9  11  8.4 3.0-9.9
5291620191127 28.7 20.3  0.009999-99.9-99.9-99.9-99.9 8.9 6520.3 80 16.5  10  7.823.315.1
5291620191128 29.0 15.4  0.009999-99.9-99.9-99.9-99.913.710020.7 81-99.9   8  6.231.713.6
5291620191129 34.5 15.2 10.219999-99.9-99.9-99.9-99.912.9 9425.1 82-99.9   6  4.630.411.5
5291620191130 27.1 19.8 64.619999-99.9-99.9-99.9-99.9-9.9 9913.2 18-99.9   8  6.4 0.6-9.9
5291620191201 29.6 17.2  0.009999-99.9-99.9-99.9-99.911.6 8419.0 78-99.9   9  7.028.116.0
5291620191202 26.7 15.9  0.009999-99.9-99.9-99.9-99.910.2 7418.4 66 16.2  11  8.525.814.8
5291620191203 30.4 16.8  0.009999-99.9-99.9-99.9-99.912.4 9022.0 74 19.0   5  3.729.710.5
5291620191204 30.0 17.7  0.009999-99.9-99.9-99.9-99.911.1 8123.4 74 19.9  12  9.727.413.7
5291620191205 27.2 18.5  0.009999-99.9-99.9-99.9-99.913.4 9719.2 74 16.7   9  7.231.415.1
5291620191206 30.5 12.2  0.009999-99.9-99.9-99.9-99.913.810017.7 70 15.3   2  1.832.2 9.5
5291620191207 32.0 14.7  0.009999-99.9-99.9-99.9-99.912.9 9321.5 63 18.5   6  4.630.512.6
5291620191208 34.1 19.0  0.009999-99.9-99.9-99.9-99.9 9.8 7124.4 65 20.6   6  4.725.212.0
5291620191209 33.9 17.9  0.009999-99.9-99.9-99.9-99.912.8 9326.0 78 21.6   5  3.830.411.8
5291620191210 35.2 19.0  0.009999-99.9-99.9-99.9-99.913.0 9426.3 66 21.8   3  2.330.811.2
5291620191211 36.7 19.1  3.019999-99.9-99.9-99.9-99.912.4 9027.2 65 22.4   4  2.829.711.9
5291620191212 27.7 21.0 10.019999-99.9-99.9-99.9-99.9-9.9 9928.5100 23.2   6  4.9 2.7-9.9
5291620191213 31.5 17.8  0.219999-99.9-99.9-99.9-99.912.2 8825.8 79 21.5   8  6.629.312.2
5291620191214 36.8 21.3  6.619999-99.9-99.9-99.9-99.912.1 8731.6 72 24.9   9  6.929.214.6
5291620191215 29.6 19.3  3.419999-99.9-99.9-99.9-99.9-9.9 9927.3 99 22.3  11  9.1 6.3-9.9
5291620191216 29.4 19.1  0.009999-99.9-99.9-99.9-99.9 8.2 5925.4 89 21.3   4  3.022.3 6.9
5291620191217 32.6 18.1  0.009999-99.9-99.9-99.9-99.913.5 9721.9 58 18.8   5  4.031.713.6
5291620191218 32.9 16.6  0.009999-99.9-99.9-99.9-99.913.3 9622.3 65 19.1   6  4.531.513.6
5291620191219 35.6 18.1  0.219999-99.9-99.9-99.9-99.912.7 9225.3 63 21.2   7  5.330.414.6
5291620191220 39.1 20.3 25.019999-99.9-99.9-99.9-99.9 9.8 7131.6 82 24.8  13 10.225.216.5
5291620191221 27.3 18.3  0.009999-99.9-99.9-99.9-99.9 8.0 5823.1 90 19.8   9  7.222.1 9.0
5291620191222 27.9 16.2  0.009999-99.9-99.9-99.9-99.911.8 8619.2 71 16.8   5  4.428.811.2
5291620191223 30.7 13.0  0.009999-99.9-99.9-99.9-99.914.3 9916.3 56 14.2   3  2.733.1-9.9
5291620191224 33.5 16.0  0.009999-99.9-99.9-99.9-99.913.910019.9 57 17.4   7  5.432.415.9
5291620191225 38.3 19.1 15.019999-99.9-99.9-99.9-99.910.5 7629.5 72 23.7   6  5.226.513.1
5291620191226 29.8 23.1 15.419999-99.9-99.9-99.9-99.9-9.9 9933.2100 25.8   7  5.3 2.6-9.9
5291620191227 36.2 22.5  0.219999-99.9-99.9-99.9-99.912.4 8931.5 77 24.8   6  5.029.813.0
5291620191228 37.6 22.2  4.019999-99.9-99.9-99.9-99.911.0 8033.7 80 25.9   5  3.927.410.6
5291620191229 37.8 24.0  0.419999-99.9-99.9-99.9-99.9 9.3 6734.0 80 26.1   5  3.924.410.4
5291620191230 38.3 24.4 20.419999-99.9-99.9-99.9-99.910.5 7634.7 75 26.5   6  4.526.512.5
5291620191231 32.4 22.7  0.219999-99.9-99.9-99.9-99.9 6.0 4333.3 94 25.8   6  5.218.5 6.8
5291620200101 32.0 23.2  0.009999-99.9-99.9-99.9-99.912.4 9030.0 82 24.0  11  9.129.815.5
5291620200102 31.3 20.8  0.219999-99.9-99.9-99.9-99.9 9.6 6926.4 81 21.9   9  7.224.812.2
5291620200103 31.1 19.1  0.009999-99.9-99.9-99.9-99.911.7 8523.1 69 19.8   9  7.128.615.4
5291620200104 33.6 18.9  0.219999-99.9-99.9-99.9-99.910.9 7924.0 70 20.4   6  4.727.112.7
5291620200105 36.6 17.0  1.419999-99.9-99.9-99.9-99.912.9 9423.6 60 20.0   4  3.130.712.6
5291620200106 30.5 21.0 21.819999-99.9-99.9-99.9-99.9 0.4  329.1 94 23.5   7  5.5 8.7 5.2
5291620200107 32.1 18.4  0.009999-99.9-99.9-99.9-99.913.1 9520.4 63 17.7   6  4.730.914.5
5291620200108 35.8 17.4  0.009999-99.9-99.9-99.9-99.912.3 8924.5 60 20.6   6  4.729.513.6
5291620200109 37.6 25.3  0.419999-99.9-99.9-99.9-99.911.1 8133.5 69 25.9   5  3.827.412.6
5291620200110 38.5 23.7  1.819999-99.9-99.9-99.9-99.9 7.9 5733.9 81 26.1   9  7.221.812.3
5291620200111 33.3 22.4  0.009999-99.9-99.9-99.9-99.9 7.4 5431.9 92 25.0   8  6.321.0 7.7
5291620200112 35.7 23.8 16.219999-99.9-99.9-99.9-99.9 2.7 2034.0 96 26.1   6  5.012.6 4.7
5291620200113 34.5 24.8  0.009999-99.9-99.9-99.9-99.9 7.2 5333.9 89 26.1   6  4.520.6 8.4
5291620200114 36.6 23.4  0.009999-99.9-99.9-99.9-99.910.0 7334.7 87 26.5   6  4.625.4 9.9
5291620200115 40.4 23.8 46.819999-99.9-99.9-99.9-99.910.3 7533.2 79 25.7  11  8.825.916.3
5291620200116 24.9 20.9 27.019999-99.9-99.9-99.9-99.9-9.9 9927.9100 22.8   9  7.5 3.1-9.9
5291620200117 29.6 17.6  0.009999-99.9-99.9-99.9-99.9 9.1 6720.1 65 17.4  10  7.823.815.6
5291620200118 34.4 20.5  0.419999-99.9-99.9-99.9-99.911.2 8227.2 74 22.4   5  3.927.411.1
5291620200119 37.2 25.1  0.009999-99.9-99.9-99.9-99.910.3 7637.2 80 27.7   5  4.325.810.8
5291620200120 35.5 25.7 33.819999-99.9-99.9-99.9-99.9 5.3 3935.3 81 26.8   8  6.217.110.1
5291620200121 28.0 23.2 33.819999-99.9-99.9-99.9-99.9-9.9 9932.1100 25.2   6  4.4 4.8-9.9
5291620200122 29.7 23.5  4.019999-99.9-99.9-99.9-99.9 2.6 1931.4 96 24.8  10  7.912.2 4.5
5291620200123 30.9 19.7  0.009999-99.9-99.9-99.9-99.912.2 9026.5 85 22.0   9  7.029.012.2
5291620200124 32.1 20.7  0.009999-99.9-99.9-99.9-99.912.9 9626.2 78 21.8   5  4.030.312.0
5291620200125 34.3 18.6  0.009999-99.9-99.9-99.9-99.912.8 9525.4 75 21.3   2  1.830.1 9.9
5291620200126 35.7 20.3  0.009999-99.9-99.9-99.9-99.910.9 8127.8 75 22.8   2  1.426.7 8.9
5291620200127 34.1 23.6  0.009999-99.9-99.9-99.9-99.9 8.1 6028.4 77 23.1   3  2.721.7 9.1
5291620200128 35.9 20.5  0.009999-99.9-99.9-99.9-99.910.4 7727.3 76 22.4   2  2.025.8 9.3
5291620200129 34.9 21.8 68.019999-99.9-99.9-99.9-99.9 7.8 5830.0 81 24.1   7  5.621.2 9.7
5291620200130 27.5 21.6  0.219999-99.9-99.9-99.9-99.9 4.8 3627.8 94 22.8   8  6.516.0 5.8
5291620200131 30.6 17.5  0.009999-99.9-99.9-99.9-99.913.310022.7 75 19.4   2  1.730.7 9.2
5291620200201 32.8 18.1  0.219999-99.9-99.9-99.9-99.912.1 9124.7 75 20.8   3  2.128.7 9.4
5291620200202 34.7 20.8  0.419999-99.9-99.9-99.9-99.912.2 9228.4 73 23.2   3  2.728.710.6
5291620200203 35.1 21.4  0.219999-99.9-99.9-99.9-99.910.3 7831.3 78 24.7   5  4.325.410.5
5291620200204 35.6 22.8  0.009999-99.9-99.9-99.9-99.911.6 8732.2 74 25.2   7  5.927.513.3
5291620200205 36.0 23.1 41.819999-99.9-99.9-99.9-99.910.4 7932.3 83 25.3   9  7.025.514.2
5291620200206 33.2 22.2  0.009999-99.9-99.9-99.9-99.9 8.6 6532.3 92 25.3   5  4.222.3 7.4
5291620200207 36.2 24.5  0.009999-99.9-99.9-99.9-99.910.0 7635.5 86 26.9   3  2.724.8 9.2
5291620200208 36.3 24.0  0.009999-99.9-99.9-99.9-99.911.8 9034.1 77 26.2   6  5.127.813.2
5291620200209 32.3 23.7  0.009999-99.9-99.9-99.9-99.9 6.1 4730.3 81 24.1  10  8.118.011.6
5291620200210 30.4 19.1  0.009999-99.9-99.9-99.9-99.910.6 8122.9 74 19.6   9  6.925.614.9
5291620200211 30.7 16.7  0.009999-99.9-99.9-99.9-99.912.2 9320.4 72 17.8   7  5.528.314.2
5291620200212 33.3 18.3  0.009999-99.9-99.9-99.9-99.912.0 9225.0 72 21.0   4  3.427.910.3
5291620200213 35.8 22.5  3.019999-99.9-99.9-99.9-99.9 9.9 7631.4 77 24.8   7  5.324.311.4
5291620200214 31.0 24.5 81.019999-99.9-99.9-99.9-99.9 1.3 1033.6 97 26.0   6  5.0 9.4 5.3
5291620200215 27.6 22.9 22.419999-99.9-99.9-99.9-99.9-9.9 9931.5100 24.9   5  4.2 4.7-9.9
5291620200216 33.4 24.3  0.219999-99.9-99.9-99.9-99.9 7.3 5635.1 93 26.6   9  7.319.6 7.0
5291620200217 35.5 24.4 66.219999-99.9-99.9-99.9-99.9 8.1 6336.5 88 27.3   7  5.620.9 8.8
5291620200218 31.1 22.0  8.419999-99.9-99.9-99.9-99.9-9.9 9929.6100 23.8   6  4.6 4.9-9.9
5291620200219 30.4 19.0  0.009999-99.9-99.9-99.9-99.911.6 9025.4 82 21.3   4  3.326.7 8.9
5291620200220 30.7 21.6  0.009999-99.9-99.9-99.9-99.9 9.0 7024.3 75 20.5   9  7.622.414.1
5291620200221 25.7 16.7  0.009999-99.9-99.9-99.9-99.9 8.6 6714.9 63 12.9  11  9.021.519.3
5291620200222 25.2 13.6  0.219999-99.9-99.9-99.9-99.912.5 9816.1 72 14.1   8  6.228.011.9
5291620200223 27.8 13.8  0.219999-99.9-99.9-99.9-99.912.0 9418.8 77 16.4   4  3.227.2 8.5
5291620200224 32.6 15.5  0.009999-99.9-99.9-99.9-99.911.7 9221.2 67 18.4   3  2.526.5 9.2
5291620200225 28.6 21.0  0.009999-99.9-99.9-99.9-99.9-9.9 9926.9 89 22.3   3  2.6 6.9-9.9
5291620200226 29.5 15.4  0.009999-99.9-99.9-99.9-99.912.3 9719.1 68 16.7   6  5.127.512.7
5291620200227 30.9 13.5  0.009999-99.9-99.9-99.9-99.912.1 9618.8 69 16.4   2  1.327.0 7.6
5291620200228 31.8 15.0  0.009999-99.9-99.9-99.9-99.911.9 9420.5 69 17.8   2  1.926.6 8.4
5291620200229 32.6 16.0  0.009999-99.9-99.9-99.9-99.912.0 9521.5 69 18.6   4  3.626.610.6
5291620200301 33.6 16.8  0.009999-99.9-99.9-99.9-99.912.0 9520.6 60 17.9   6  4.826.513.0
5291620200302 33.6 16.4  0.009999-99.9-99.9-99.9-99.912.0 9621.6 64 18.7   5  3.826.511.5
5291620200303 34.4 17.4  0.009999-99.9-99.9-99.9-99.911.4 9123.5 70 20.1   3  2.425.4 9.2
5291620200304 34.8 17.6  0.009999-99.9-99.9-99.9-99.9 9.5 7623.6 70 20.0   3  2.022.1 8.1
5291620200305 33.5 18.7  0.009999-99.9-99.9-99.9-99.910.1 8122.0 65 19.0   5  3.923.211.3
5291620200306 34.6 14.4  0.009999-99.9-99.9-99.9-99.911.9 9619.7 61 17.1   3  2.326.0 9.4
5291620200307 36.4 15.6  0.009999-99.9-99.9-99.9-99.9 9.7 7819.9 61 17.3   3  2.222.3 9.0
5291620200308 37.5 17.1  0.009999-99.9-99.9-99.9-99.910.4 8422.0 58 18.9   4  2.923.410.6
5291620200309 39.8 21.1  0.219999-99.9-99.9-99.9-99.910.0 8127.9 65 22.8   5  3.922.512.0
5291620200310 39.0 22.3  0.009999-99.9-99.9-99.9-99.9 9.5 7726.6 61 22.1   5  4.021.713.0
5291620200311 37.5 20.6  0.009999-99.9-99.9-99.9-99.9 9.2 7523.9 55 20.3   5  4.221.113.1
5291620200312 40.0 21.3  0.009999-99.9-99.9-99.9-99.9 9.5 7823.9 53 20.3   5  3.621.612.7
5291620200313 40.9 23.2  0.009999-99.9-99.9-99.9-99.9 9.9 8126.3 55 21.8   5  4.222.014.6
5291620200314 41.2 24.8  0.619999-99.9-99.9-99.9-99.9 8.9 7327.4 54 22.6   5  3.920.513.6
5291620200315 29.8 23.2  0.419999-99.9-99.9-99.9-99.9-9.9 9930.3100 24.2   7  5.9 5.1-9.9
5291620200316 33.3 20.7  0.219999-99.9-99.9-99.9-99.9 7.5 6129.2 89 23.6   7  5.318.0 7.1
5291620200317 38.3 21.5  2.219999-99.9-99.9-99.9-99.9 8.8 7329.2 73 23.6   6  4.420.010.5
5291620200318 30.0 23.5  0.819999-99.9-99.9-99.9-99.9-9.9 9931.1100 24.7   4  3.4 2.7-9.9
5291620200319 30.6 19.8  0.009999-99.9-99.9-99.9-99.910.2 8423.5 79 20.0   7  5.821.910.4
5291620200320 29.9 12.4  0.009999-99.9-99.9-99.9-99.911.5 9518.7 73 16.4   5  4.023.8 9.5
5291620200321 32.1 10.6  0.009999-99.9-99.9-99.9-99.911.7 9717.0 65 14.8   4  3.224.0 9.2
5291620200322 34.9 13.7  0.009999-99.9-99.9-99.9-99.911.4 9518.2 60 15.9   4  3.423.510.4
5291620200323 37.4 15.6  0.009999-99.9-99.9-99.9-99.911.0 9221.8 63 18.8   5  4.222.711.8
5291620200324 36.3 19.6  0.009999-99.9-99.9-99.9-99.910.8 9021.4 56 18.4   6  4.922.314.3
5291620200325 35.9 14.9  0.009999-99.9-99.9-99.9-99.9 9.8 8321.4 66 18.5   5  4.420.811.2
5291620200326 36.3 21.9  0.009999-99.9-99.9-99.9-99.9 5.1 4324.7 66 20.8   6  4.613.510.4
5291620200327 27.0 19.9  5.419999-99.9-99.9-99.9-99.9-9.9 9926.4100 22.0   2  1.8 3.5-9.9
5291620200328 27.8 20.5  0.419999-99.9-99.9-99.9-99.9 1.9 1628.1 97 22.9   4  2.9 8.6 2.1
5291620200329 32.8 21.0  0.419999-99.9-99.9-99.9-99.9 4.3 3731.0 94 24.5   4  3.412.2 3.7
5291620200330 35.1 21.7  0.219999-99.9-99.9-99.9-99.9 6.7 5731.9 91 25.0   4  3.315.7 5.9
5291620200331 31.5 22.7  2.819999-99.9-99.9-99.9-99.9-9.9 9931.3100 24.7   5  3.7 4.9-9.9
5291620200401 35.2 21.9 13.819999-99.9-99.9-99.9-99.9 5.1 4333.3 88 25.7   3  2.613.1 4.7
5291620200402 27.1 18.2  0.219999-99.9-99.9-99.9-99.9 2.5 2124.3 83 20.2  11  9.0 9.2 8.9
5291620200403 25.9 10.4  0.009999-99.9-99.9-99.9-99.911.2 9614.7 77 12.7   5  3.621.9 8.1
5291620200404 28.3  9.2  0.219999-99.9-99.9-99.9-99.910.8 9316.8 79 14.5   4  3.021.1 5.8
5291620200405 31.1 13.4  3.019999-99.9-99.9-99.9-99.9 4.7 4120.6 74 17.8   5  4.112.3 5.9
5291620200406 29.9 19.8  0.009999-99.9-99.9-99.9-99.9 9.1 7823.1 82 19.6  10  8.218.411.8
5291620200407 24.2 10.5  0.009999-99.9-99.9-99.9-99.910.4 9012.4 62 10.1   8  6.020.212.0
5291620200408 23.4  8.1  0.009999-99.9-99.9-99.9-99.9 8.0 6912.5 73 10.2   5  4.116.7 6.6
5291620200409 25.7  8.1  0.009999-99.9-99.9-99.9-99.910.6 9213.4 74 11.2   5  3.920.2 6.8
5291620200410 26.7  9.5  0.009999-99.9-99.9-99.9-99.910.5 9214.5 77 12.5   5  4.020.0 7.2
5291620200411 28.1  8.3  0.009999-99.9-99.9-99.9-99.910.9 9514.1 71 11.9   5  4.020.4 7.9
5291620200412 30.6 10.5  0.009999-99.9-99.9-99.9-99.910.7 9314.6 66 12.5   5  4.120.0 9.0
5291620200413 27.9 11.9  0.009999-99.9-99.9-99.9-99.9 3.4 3017.6 88 15.4   8  6.5 9.8 5.7
5291620200414 24.4 10.8  0.009999-99.9-99.9-99.9-99.910.4 9113.4 79 11.2   7  5.819.4 8.9
5291620200415 26.0  6.0  0.009999-99.9-99.9-99.9-99.910.0 8812.1 76  9.7   3  2.718.8 5.5
5291620200416 27.1  5.0  0.009999-99.9-99.9-99.9-99.910.3 9110.9 60  8.1   3  2.619.0 6.5
5291620200417 28.3  7.1  0.009999-99.9-99.9-99.9-99.910.3 9112.5 64 10.1   4  2.818.9 6.9
5291620200418 29.5 11.6  0.009999-99.9-99.9-99.9-99.9 9.7 8616.1 74 14.0   4  3.218.1 6.5
5291620200419 32.5 11.5  1.619999-99.9-99.9-99.9-99.910.0 8917.8 72 15.5   3  2.718.3 6.3
5291620200420 33.5 13.1  0.009999-99.9-99.9-99.9-99.9 9.5 8419.9 76 17.3   3  2.517.5 6.3
5291620200421 34.6 13.5  0.009999-99.9-99.9-99.9-99.9 9.6 8519.9 75 17.2   3  2.417.5 6.4
5291620200422 32.8 12.6  0.009999-99.9-99.9-99.9-99.9 9.9 8819.6 79 17.0   4  3.017.8 6.7
5291620200423 33.3 14.7  0.009999-99.9-99.9-99.9-99.9 9.2 8220.0 73 17.4   5  4.016.8 8.0
5291620200424 34.7 16.2  0.009999-99.9-99.9-99.9-99.9 9.0 8120.6 62 17.9   7  5.916.511.6
5291620200425 36.5 17.3  0.009999-99.9-99.9-99.9-99.9 8.7 7825.6 62 21.4   7  5.616.010.1
5291620200426 28.6 21.4 26.619999-99.9-99.9-99.9-99.9-9.9 9927.6100 22.7   8  6.6 3.4-9.9
5291620200427 34.7 20.6  0.009999-99.9-99.9-99.9-99.9 8.5 7627.1 72 22.3  10  8.015.510.8
5291620200428 34.7 21.0  0.009999-99.9-99.9-99.9-99.9 8.8 7923.9 71 20.2   9  6.915.813.9
5291620200429 25.0 18.2  0.009999-99.9-99.9-99.9-99.9 4.0 3621.0 86 18.2   9  6.9 9.7 7.6
5291620200430 29.0 14.3  8.619999-99.9-99.9-99.9-99.9 7.0 6317.3 71 15.2   6  4.813.4 7.6
5291620200501 22.5 14.4  0.219999-99.9-99.9-99.9-99.9 1.5 1320.3100 17.6   4  3.1 6.3 1.8
5291620200502 26.9 12.1  0.009999-99.9-99.9-99.9-99.9 9.3 8516.3 79 14.2   5  4.016.1 6.6
5291620200503 28.5 11.4  0.009999-99.9-99.9-99.9-99.9 8.2 7515.5 68 13.5   6  4.614.7 7.3
5291620200504 32.0 18.8  0.009999-99.9-99.9-99.9-99.9 3.4 3122.7 81 19.3   6  4.9 8.6 5.8
5291620200505 23.1 17.3  0.009999-99.9-99.9-99.9-99.9 0.1  122.2100 19.0  10  8.1 4.5 2.1
5291620200506 19.3  9.7  0.009999-99.9-99.9-99.9-99.9 9.6 8812.8 85 10.6  11  8.716.1 8.1
5291620200507 20.4  2.7  0.009999-99.9-99.9-99.9-99.9 9.2 8510.4 83  7.4   2  1.715.5 3.1
5291620200508 22.6  4.5  0.009999-99.9-99.9-99.9-99.910.0 9211.2 81  8.5   4  2.816.4 3.8
5291620200509 27.1  5.6  0.009999-99.9-99.9-99.9-99.9 9.7 9013.1 73 10.8   6  4.816.0 6.5
5291620200510 31.5 10.8  0.009999-99.9-99.9-99.9-99.9 7.2 6718.5 64 16.2   7  6.012.9 8.0
5291620200511 30.8 20.6  0.219999-99.9-99.9-99.9-99.9 6.1 5724.3 80 20.4   5  4.211.5 6.7
5291620200512 24.6 17.0  0.219999-99.9-99.9-99.9-99.9 0.2  224.4100 20.5   5  4.0 4.5 1.1
5291620200513 26.3 14.0  0.009999-99.9-99.9-99.9-99.9 4.6 4317.9 77 15.5   8  6.8 9.6 7.1
5291620200514 22.4  7.7  0.009999-99.9-99.9-99.9-99.9 9.5 8811.1 72  8.4   5  3.915.3 6.3
5291620200515 24.8  4.1  0.009999-99.9-99.9-99.9-99.9 9.3 8710.5 78  7.6   2  1.615.0 3.4
5291620200516 28.0  6.0  0.009999-99.9-99.9-99.9-99.9 9.0 8412.4 67 10.1   3  2.314.6 4.2
5291620200517 29.9  8.2  0.009999-99.9-99.9-99.9-99.9 9.2 8613.2 65 11.0   3  2.414.7 5.4
5291620200518 29.9  6.6  0.009999-99.9-99.9-99.9-99.9 9.2 8716.1 78 13.8   4  3.014.7 4.6
5291620200519 31.1 12.7  0.009999-99.9-99.9-99.9-99.9 8.7 8218.0 74 15.8   6  4.814.0 7.3
5291620200520 32.7 15.4  0.819999-99.9-99.9-99.9-99.9 4.9 4622.1 67 19.0   8  6.0 9.6 7.6
5291620200521 30.7 16.4  2.419999-99.9-99.9-99.9-99.9 3.6 3425.3 99 21.0  11  9.1 8.1 7.1
5291620200522 16.4 10.6 11.619999-99.9-99.9-99.9-99.9-9.9 9914.9100 12.9  19 15.2 2.9-9.9
5291620200523 13.8  7.3  0.009999-99.9-99.9-99.9-99.9 0.2  213.0100 10.7  12  9.3 4.2 2.0
5291620200524 20.1  2.4  0.009999-99.9-99.9-99.9-99.9 8.4 8011.0 84  8.1   3  2.413.4 2.2
5291620200525 23.8  7.4  0.009999-99.9-99.9-99.9-99.9 9.0 8511.6 71  9.1   7  5.514.0 6.7
5291620200526 23.0  5.3  0.009999-99.9-99.9-99.9-99.9 9.0 8612.4 83 10.0   2  1.814.0 2.8
5291620200527 24.8  7.0  0.009999-99.9-99.9-99.9-99.9 9.0 8513.1 79 10.8   4  3.113.9 3.8
5291620200528 28.5  8.1  0.009999-99.9-99.9-99.9-99.9 9.1 8713.8 69 11.6   4  3.414.0 5.2
5291620200529 28.2  9.5  0.009999-99.9-99.9-99.9-99.9 7.8 7416.4 82 14.2   4  3.312.5 4.0
5291620200530 30.5 10.9  1.419999-99.9-99.9-99.9-99.9 7.3 7018.2 83 15.7   6  4.911.9 4.8
5291620200531 18.7 10.0  0.009999-99.9-99.9-99.9-99.9-9.9 9912.6 86 10.3  10  8.0 2.1-9.9
5291620200601 17.0  5.4  0.009999-99.9-99.9-99.9-99.9 4.5 4310.5 87  7.7   5  3.6 8.7 3.4
5291620200602 20.2  1.7  0.009999-99.9-99.9-99.9-99.9 9.0 86 9.3 78  5.8   3  2.713.6 3.2
5291620200603 22.5  2.1  0.219999-99.9-99.9-99.9-99.9 8.9 8510.4 74  7.4   7  6.013.4 5.3
5291620200604 19.8 11.5  6.219999-99.9-99.9-99.9-99.9 1.3 1215.6 93 13.6   7  5.8 5.1 1.7
5291620200605 14.7 11.6  1.219999-99.9-99.9-99.9-99.9-9.9 9914.6100 12.6  14 10.8 2.2-9.9
5291620200606 19.8 11.0  0.219999-99.9-99.9-99.9-99.9 3.9 3714.7 94 12.5   8  6.7 7.9 2.4
5291620200607 24.6  6.1  0.009999-99.9-99.9-99.9-99.9 8.4 8113.5 79 11.2   3  2.812.8 2.6
5291620200608 23.8 11.9  0.219999-99.9-99.9-99.9-99.9 1.0 1020.1 93 17.5   6  5.0 4.8 0.9
5291620200609-99.9-99.9-99.999999-99.9-99.9-99.9-99.9-9.9 99-9.9-99-99.9 -99-99.9-9.9-9.9
5291620200613-99.9-99.9-99.999999-99.9-99.9-99.9-99.9-9.9 99-9.9-99-99.9 -99-99.9-9.9-9.9
5291620200614 20.1 -0.1  0.009999-99.9-99.9-99.9-99.9 8.3 80 7.3 65  2.3   6  5.012.5 6.0
5291620200615 27.5  8.9  0.009999-99.9-99.9-99.9-99.9 6.4 6217.2 80 14.3   6  4.510.5 3.3
5291620200616 31.2 18.9  0.009999-99.9-99.9-99.9-99.9 7.6 7322.7 73 19.5  12  9.611.711.6
5291620200617 32.1 19.9  0.009999-99.9-99.9-99.9-99.9 6.2 6021.1 59 18.4  14 11.410.218.1
5291620200618 27.8 17.1  0.009999-99.9-99.9-99.9-99.9 6.0 5820.0 74 17.4   6  5.110.0 9.1
5291620200619 32.7 14.3  0.009999-99.9-99.9-99.9-99.9 6.8 6622.7 79 19.4   6  4.910.9 4.6
5291620200620 34.9 20.5  0.009999-99.9-99.9-99.9-99.9 6.8 6624.2 62 20.6   9  7.010.912.5
5291620200621 31.8 21.9  0.009999-99.9-99.9-99.9-99.9 3.5 3423.8 71 20.3   7  5.7 7.4 9.8
5291620200622 31.3 19.0  0.009999-99.9-99.9-99.9-99.9 0.9  924.4 77 20.7   6  4.6 4.6 4.8
5291620200623 34.2 22.6  0.009999-99.9-99.9-99.9-99.9 7.0 6721.7 55 18.7  11  8.711.117.3
5291620200624 32.3 20.4 17.419999-99.9-99.9-99.9-99.9 5.4 5221.5 72 18.7  10  8.1 9.415.6
5291620200625 20.4  8.5  0.219999-99.9-99.9-99.9-99.9 2.5 2412.7 77 10.1  12  9.8 6.3 8.4
5291620200626 16.6  4.8  0.009999-99.9-99.9-99.9-99.9 5.2 50 9.4 74  6.1   6  4.7 9.2 4.0
5291620200627 19.0  3.1  0.009999-99.9-99.9-99.9-99.9 8.6 83 8.3 71  4.2   6  4.612.9 6.0
5291620200628 21.3  2.5  1.219999-99.9-99.9-99.9-99.9 7.9 7712.0 86  9.3   6  5.012.2 2.1
5291620200629 18.5 10.8 15.019999-99.9-99.9-99.9-99.9-9.9 9918.1100 15.8   4  2.9 1.4-9.9
5291620200630 18.4 12.6  0.219999-99.9-99.9-99.9-99.9 3.3 3215.5 85 13.3  11  9.1 7.2 5.5
5291620200701 13.3  9.4  0.009999-99.9-99.9-99.9-99.9-9.9 9911.7 94  9.2   7  5.8 2.7-9.9
5291620200702 16.8  7.2  0.009999-99.9-99.9-99.9-99.9 6.6 6311.0 88  8.3   3  2.110.8 2.3
5291620200703 18.4  2.1  0.009999-99.9-99.9-99.9-99.9 8.6 83 9.8 77  6.5   4  3.413.0 2.8
5291620200704 25.9  4.9  0.009999-99.9-99.9-99.9-99.9 6.9 6613.6 73 11.2   7  5.211.2 3.8
5291620200705 24.3 15.0  0.009999-99.9-99.9-99.9-99.9 5.3 5017.5 83 15.4   9  7.4 9.4 6.2
5291620200706 19.4  9.3  5.019999-99.9-99.9-99.9-99.9 3.7 3513.0 83 10.8  11  9.0 7.7 6.2
5291620200707 13.4  9.3  2.419999-99.9-99.9-99.9-99.9-9.9 9912.2100  9.9  11  8.9 0.6-9.9
5291620200708 15.9  6.5  0.009999-99.9-99.9-99.9-99.9 3.0 2812.1 95  9.8   7  5.4 7.0 1.9
5291620200709 18.4  1.5  0.009999-99.9-99.9-99.9-99.9 8.7 8310.7 86  7.7   3  2.313.3 2.0
5291620200710 23.6  4.1  0.009999-99.9-99.9-99.9-99.9 4.7 4514.8 88 12.2   5  4.2 9.0 1.2
5291620200711 23.2 14.6  0.009999-99.9-99.9-99.9-99.9 3.5 3318.5 92 16.2   8  6.8 7.7 4.2
5291620200712 22.4  9.5  0.009999-99.9-99.9-99.9-99.9 6.2 5915.8 86 13.6   4  3.310.7 3.1
5291620200713 21.1  7.1  0.009999-99.9-99.9-99.9-99.9 8.5 81 9.4 63  6.0   7  5.413.2 8.1
5291620200714 17.9  2.7  0.009999-99.9-99.9-99.9-99.9 8.9 85 7.5 64  2.8   5  4.313.7 5.7
5291620200715 16.8  2.4  0.009999-99.9-99.9-99.9-99.9 0.3  3 8.6 65  4.6   7  5.9 4.2 4.9
5291620200716 22.4 11.2  1.819999-99.9-99.9-99.9-99.9 4.2 4016.1 91 14.0   6  4.6 8.6 2.7
5291620200717 26.6 11.8  0.009999-99.9-99.9-99.9-99.9 4.8 4519.8 92 16.9   7  5.9 9.2 1.5
5291620200718 32.9 20.3  0.009999-99.9-99.9-99.9-99.9 8.1 7719.5 57 17.1  10  8.313.116.2
5291620200719 33.4 19.8  0.009999-99.9-99.9-99.9-99.9 8.2 7718.1 54 15.9  10  8.213.217.5
5291620200720 32.3 20.5  0.009999-99.9-99.9-99.9-99.9 6.3 6017.8 54 15.7  10  7.811.117.2
5291620200721 33.1 21.8  0.009999-99.9-99.9-99.9-99.9 5.9 5518.7 54 16.4   8  6.710.715.8
5291620200722 29.2 19.0  0.009999-99.9-99.9-99.9-99.9 4.2 4019.2 68 16.9   7  5.6 8.810.3
5291620200723 19.3 12.2  0.009999-99.9-99.9-99.9-99.9-9.9 9916.7 99 14.6  10  7.7 1.9-9.9
5291620200724 12.3  7.9  8.419999-99.9-99.9-99.9-99.9-9.9 9911.3100  8.8  10  8.0 0.2-9.9
5291620200725 17.0  2.6  0.009999-99.9-99.9-99.9-99.9 8.7 82 9.4 83  6.0   3  2.414.2 2.5
5291620200726 21.1  1.7  0.009999-99.9-99.9-99.9-99.9 9.3 87 9.5 68  6.0   5  4.314.9 4.6
5291620200727 24.2  9.1  0.009999-99.9-99.9-99.9-99.9 3.1 2914.2 74 12.1   3  2.7 7.7 4.0
5291620200728 18.2  5.7-99.999999-99.9-99.9-99.9-99.9 7.5 70 7.0 51  1.6  13 10.413.017.9
5291620200729-99.9-99.9-99.999999-99.9-99.9-99.9-99.9-9.9 99-9.9-99-99.9 -99-99.9-9.9-9.9
5291620200803-99.9-99.9-99.999999-99.9-99.9-99.9-99.9-9.9 99-9.9-99-99.9 -99-99.9-9.9-9.9
5291620200804 32.7 13.5  0.009999-99.9-99.9-99.9-99.9 7.9 7315.9 61 13.9   7  5.414.010.7
5291620200805 33.4 16.5  0.009999-99.9-99.9-99.9-99.9 8.3 7614.7 46 12.7   9  7.114.517.0
5291620200806 33.9 17.8  0.009999-99.9-99.9-99.9-99.9 8.4 7714.0 46 11.9   7  5.614.715.5
5291620200807 31.1 14.5  0.009999-99.9-99.9-99.9-99.9 3.8 3515.3 52 13.3   5  3.9 9.1 8.8
5291620200808 33.2 14.9  0.009999-99.9-99.9-99.9-99.9 8.0 7314.9 51 12.9   6  5.014.413.1
5291620200809 33.7 14.1  0.009999-99.9-99.9-99.9-99.9 8.2 7514.0 47 11.9   6  4.914.812.6
5291620200810 35.3 17.0  0.219999-99.9-99.9-99.9-99.9 6.9 6214.0 42 12.0   9  7.213.119.7
5291620200811 24.8  8.7  0.009999-99.9-99.9-99.9-99.9-9.9 99 7.3 57  2.3  15 11.8 2.4-9.9
5291620200812 16.7  8.2  0.009999-99.9-99.9-99.9-99.9 0.8  7 9.0 71  5.4   7  5.4 5.6 6.0
5291620200813 22.2  4.3  0.009999-99.9-99.9-99.9-99.9 8.8 8011.5 75  8.9   3  2.615.8 4.0
5291620200814 20.3  6.6  0.219999-99.9-99.9-99.9-99.9 1.5 1313.8 93 11.6   3  2.8 6.5 1.5
5291620200815 21.9  5.0  0.009999-99.9-99.9-99.9-99.9 7.4 6612.6 82 10.1   6  4.614.2 4.1
5291620200816 24.7  3.0  0.009999-99.9-99.9-99.9-99.9 8.6 77 7.6 45  2.9   6  4.915.810.0
5291620200817 26.8  3.3  0.009999-99.9-99.9-99.9-99.910.0 90 7.7 47  3.1   5  3.817.8 8.8
5291620200818 29.9  7.3  0.009999-99.9-99.9-99.9-99.9 8.8 7910.3 49  7.2   4  3.016.3 7.5
5291620200819 35.0  5.8  0.009999-99.9-99.9-99.9-99.9 8.3 74 6.8 40  1.3  18 14.215.7-9.9
5291620200820 15.5  5.2-99.999999-99.9-99.9-99.9-99.9 7.8 69 4.9 42 -3.2 -99-99.915.2-9.9
5291620200824-99.9-99.9-99.999999-99.9-99.9-99.9-99.9-9.9 99-9.9-99-99.9 -99-99.9-9.9-9.9
5291620200825 35.4 21.8  0.009999-99.9-99.9-99.9-99.9 5.7 5017.4 45 15.4  20 15.912.8-9.9
5291620200826 35.6 22.0  0.009999-99.9-99.9-99.9-99.9 4.3 3816.1 39 14.1  13 10.610.9-9.9
5291620200827 34.0 21.8  0.009999-99.9-99.9-99.9-99.9 5.8 5117.2 45 15.0   8  6.713.019.3
5291620200828 30.5 15.8  0.009999-99.9-99.9-99.9-99.9 6.7 5821.5 81 18.6   5  3.814.3 6.4
5291620200829 33.4 16.0  0.419999-99.9-99.9-99.9-99.9 4.8 4121.5 71 18.6  11  8.511.812.3
5291620200830 25.3 14.1  0.009999-99.9-99.9-99.9-99.9 0.1  114.7 83 12.7  19 15.1 5.413.0
5291620200831 16.4 10.9  1.419999-99.9-99.9-99.9-99.9-9.9 9910.9 74  8.2  14 11.4 2.9-9.9
5291620200901 14.1 10.0  0.009999-99.9-99.9-99.9-99.9-9.9 9911.7 83  9.3  11  9.2 3.8-9.9
5291620200902 14.0  9.8  0.009999-99.9-99.9-99.9-99.9 1.2 1111.9 87  9.5  13 10.5 7.1 5.1
5291620200903 18.1  8.5  0.009999-99.9-99.9-99.9-99.9 4.3 3711.5 81  9.0   6  4.511.4 4.4
5291620200904 25.1  3.2  0.009999-99.9-99.9-99.9-99.910.3 8811.1 66  8.4   8  6.220.1 9.1
5291620200905 30.1 13.5  1.419999-99.9-99.9-99.9-99.9 5.0 4314.6 57 12.6  11  8.512.614.8
5291620200906 21.9 14.5  0.619999-99.9-99.9-99.9-99.9-9.9 9917.5100 15.4  14 10.9 2.2-9.9
5291620200907 23.3 14.4  0.009999-99.9-99.9-99.9-99.9 4.6 3917.2 84 15.1  13 10.812.2 6.2
5291620200908 27.7 15.3  0.009999-99.9-99.9-99.9-99.9 8.7 7417.4 73 15.3   9  7.218.110.1
5291620200909 30.8 13.1  0.009999-99.9-99.9-99.9-99.9 8.1 6919.6 74 17.1   7  5.317.5 8.4
5291620200910 32.2 13.4  0.009999-99.9-99.9-99.9-99.9 8.4 7118.3 68 16.0   9  6.917.912.6
5291620200911 35.9 18.2  0.009999-99.9-99.9-99.9-99.9 3.4 2923.7 71 20.2  11  8.810.712.0
5291620200912 28.5 17.3  0.009999-99.9-99.9-99.9-99.9 5.6 4821.4 78 18.5  17 13.314.016.1
5291620200913 27.0 17.4  0.009999-99.9-99.9-99.9-99.9 4.9 4122.9 87 19.6  13 10.413.0 7.2
5291620200914 22.0 15.1  0.009999-99.9-99.9-99.9-99.9 5.9 4911.5 47  8.0  16 12.514.523.7
5291620200915 24.4 10.3  4.219999-99.9-99.9-99.9-99.9 5.5 4612.0 64  9.4   8  6.114.0 9.7
5291620200916 20.5 13.3  0.009999-99.9-99.9-99.9-99.9 0.2  118.4 98 16.1   7  6.0 6.1 1.4
5291620200917 29.2 11.5  0.009999-99.9-99.9-99.9-99.910.3 8615.0 65 12.7   5  3.821.5 9.0
5291620200918 33.7 10.0  0.009999-99.9-99.9-99.9-99.910.1 8413.9 53 11.5   4  3.221.310.0
5291620200919 27.4 12.3  0.009999-99.9-99.9-99.9-99.9 8.8 73 9.9 42  5.6  16 12.719.4-9.9
5291620200920 22.6  8.2  0.009999-99.9-99.9-99.9-99.9 8.2 68 7.0 37  1.7  12  9.418.621.7
5291620200921 24.9  4.3  0.009999-99.9-99.9-99.9-99.911.2 92 6.3 33  0.3  11  8.523.221.5
5291620200922 29.4  5.2  0.009999-99.9-99.9-99.9-99.911.4 94 7.8 36  3.3   8  6.723.617.6
5291620200923 34.7 10.2  0.009999-99.9-99.9-99.9-99.9 9.4 7714.9 42 12.7  10  8.020.618.7
5291620200924 35.7 17.5  0.009999-99.9-99.9-99.9-99.9 8.8 7217.4 41 15.3  11  8.419.823.8
5291620200925 39.8 20.7  0.009999-99.9-99.9-99.9-99.9 7.1 5817.6 36 15.4  12  9.717.2-9.9
5291620200926 42.5 25.7  1.219999-99.9-99.9-99.9-99.9 7.6 6319.1 30 16.6  13 10.318.2-9.9
5291620200927 35.6 18.4  0.009999-99.9-99.9-99.9-99.9-9.9 9919.4 77 16.7  16 13.2 3.1-9.9
5291620200928 27.6 13.6  0.009999-99.9-99.9-99.9-99.910.9 8911.3 45  8.7  12  9.423.523.7
5291620200929 34.0 12.5  0.009999-99.9-99.9-99.9-99.9 9.7 7913.9 42 11.8  10  7.721.719.6
5291620200930 43.5 22.3  0.009999-99.9-99.9-99.9-99.9 8.3 6719.1 36 16.6  13 10.219.5-9.9
5291620201001 43.6 29.2  0.009999-99.9-99.9-99.9-99.9 7.7 6219.1 38 16.5  17 13.418.7-9.9
5291620201002 29.2 18.5  0.009999-99.9-99.9-99.9-99.9 7.5 6018.6 66 16.3  18 14.518.4-9.9
5291620201003 18.5 13.2  0.009999-99.9-99.9-99.9-99.9-9.9 9915.0 85 13.0  18 14.4 3.4-9.9
5291620201004 22.8 14.0  0.009999-99.9-99.9-99.9-99.9 5.3 4215.1 73 13.1  10  8.215.0 9.7
5291620201005 17.8 13.0  0.009999-99.9-99.9-99.9-99.9-9.9 9914.7 81 12.8  10  7.9 3.6-9.9
5291620201006 27.8 12.1  0.009999-99.9-99.9-99.9-99.9 9.1 7314.7 60 12.7   5  4.021.3 9.8
5291620201007 30.6 14.2  0.009999-99.9-99.9-99.9-99.9 6.9 5515.0 51 13.1   8  6.817.815.4
5291620201008 32.3 16.5  0.009999-99.9-99.9-99.9-99.9 9.6 7616.2 52 14.2  10  7.822.219.6
5291620201009 32.8 17.9  0.009999-99.9-99.9-99.9-99.9 9.3 7411.9 41  8.8  10  7.721.923.7
5291620201010 33.1 11.9  0.009999-99.9-99.9-99.9-99.910.7 8511.5 37  9.0   7  6.024.219.1
5291620201011 35.0 14.7  0.009999-99.9-99.9-99.9-99.910.3 8211.4 32  8.9  10  7.923.7-9.9
5291620201012 32.6 16.7  0.009999-99.9-99.9-99.9-99.9 9.9 78 9.8 28  6.7  11  9.023.1-9.9
5291620201013 32.0 14.3  0.009999-99.9-99.9-99.9-99.9 9.5 7511.6 40  9.1  11  8.822.4-9.9
5291620201014 22.7 16.4  6.419999-99.9-99.9-99.9-99.9-9.9 9916.3 80 14.0  14 11.2 1.1-9.9
5291620201015 31.1 16.1  0.009999-99.9-99.9-99.9-99.9 9.1 7119.1 70 16.6  10  8.121.913.4
5291620201016 34.5 16.2  0.009999-99.9-99.9-99.9-99.9 9.4 7419.7 59 17.2   6  5.022.513.0
5291620201017 35.1 22.9  0.009999-99.9-99.9-99.9-99.9 5.1 4025.0 57 21.1  10  7.915.417.3
5291620201018 37.9 21.0  0.009999-99.9-99.9-99.9-99.910.2 7922.0 45 18.9  11  8.423.923.7
5291620201019 39.4 21.6  0.009999-99.9-99.9-99.9-99.910.7 8321.8 44 18.8   8  6.724.922.9
5291620201020 40.8 22.4  0.009999-99.9-99.9-99.9-99.9 7.4 5823.3 54 19.9  11  8.719.522.4
5291620201021 36.2 20.8  0.009999-99.9-99.9-99.9-99.910.2 7923.3 60 19.9  13 10.224.123.2
5291620201022 39.4 22.1  0.009999-99.9-99.9-99.9-99.9 5.3 4122.6 51 19.5   9  7.416.019.7
5291620201023 36.7 22.6  3.619999-99.9-99.9-99.9-99.9 4.4 3425.9 71 21.6  11  8.714.616.1
5291620201024 37.3 19.9  0.009999-99.9-99.9-99.9-99.9 9.8 7521.6 58 18.7  11  9.023.622.0
5291620201025 40.0 21.0 48.219999-99.9-99.9-99.9-99.910.1 7823.5 58 20.0  15 11.824.3-9.9
5291620201026 26.0 19.9  0.009999-99.9-99.9-99.9-99.9 2.9 2223.7 94 20.2  14 11.012.1 8.1
5291620201027 30.7 16.2  0.009999-99.9-99.9-99.9-99.912.2 9420.1 68 17.5   5  4.028.011.0
5291620201028 35.2 15.9  0.009999-99.9-99.9-99.9-99.912.0 9218.6 51 16.3  10  7.927.620.4
5291620201029 26.7 16.3  0.009999-99.9-99.9-99.9-99.9 9.4 7212.0 48  9.5  18 14.223.3-9.9
5291620201030 25.8 13.2  0.009999-99.9-99.9-99.9-99.9 8.6 6512.4 49 10.1  12  9.921.920.9
5291620201031 29.3 13.3  0.009999-99.9-99.9-99.9-99.912.5 9512.2 46  9.9  13 10.128.7-9.9
5291620201101 29.8 13.5  0.009999-99.9-99.9-99.9-99.912.6 9513.4 47 11.2  11  9.028.922.8
5291620201102 32.0 14.5  0.009999-99.9-99.9-99.9-99.912.3 9313.1 42 10.9   9  7.028.421.1
5291620201103 31.8 14.0  0.009999-99.9-99.9-99.9-99.912.4 9413.0 43 10.8  10  8.228.624.2
5291620201104 30.8 16.0  0.009999-99.9-99.9-99.9-99.912.6 9512.1 40  9.7  15 12.229.1-9.9
5291620201105 31.1 14.4  0.009999-99.9-99.9-99.9-99.913.2100 9.4 33  6.0  14 11.130.2-9.9
5291620201106 33.7 14.9  0.009999-99.9-99.9-99.9-99.912.4 9313.3 40 11.2  10  8.328.924.8
5291620201107 35.7 17.2  0.009999-99.9-99.9-99.9-99.911.0 8314.9 41 12.8   9  7.426.523.9
5291620201108 28.0 20.3  4.219999-99.9-99.9-99.9-99.9-9.9 9921.2 79 18.3  11  8.8 4.5-9.9
5291620201109 32.9 18.8  0.819999-99.9-99.9-99.9-99.9 7.6 5722.8 71 19.6   7  5.420.610.8
5291620201110 30.2 19.4  0.009999-99.9-99.9-99.9-99.9 4.8 3626.0 78 21.7   4  3.015.8 6.9
5291620201111 33.3 19.2 11.819999-99.9-99.9-99.9-99.9 4.2 3125.2 77 21.2   4  3.414.8 6.9
5291620201112 33.3 19.0  0.009999-99.9-99.9-99.9-99.912.0 8921.8 65 18.7   6  4.928.414.0
5291620201113 35.0 17.9  0.009999-99.9-99.9-99.9-99.910.7 7918.8 48 16.5   6  4.426.115.3
5291620201114 37.1 18.8 19.419999-99.9-99.9-99.9-99.9 5.7 4221.5 72 18.6  15 12.217.620.5
5291620201115 29.7 18.5  1.219999-99.9-99.9-99.9-99.9 8.9 6625.5 90 21.3   7  5.923.1 7.9
5291620201116 31.8 19.9  0.009999-99.9-99.9-99.9-99.9 8.1 6022.8 71 19.3   8  6.121.812.9
5291620201117 31.5 16.3  0.009999-99.9-99.9-99.9-99.912.2 9012.3 38  9.9  11  8.728.9-9.9
5291620201118 31.6 18.3  0.009999-99.9-99.9-99.9-99.910.3 7612.3 40 10.0  10  7.725.624.7
5291620201119 32.0 14.9  0.009999-99.9-99.9-99.9-99.912.2 9014.9 47 12.9   4  3.329.013.4
5291620201120 33.4 15.3  0.009999-99.9-99.9-99.9-99.911.0 8116.1 44 14.0   7  5.626.917.4
5291620201121 34.5 16.0  0.009999-99.9-99.9-99.9-99.912.5 9213.7 38 11.6   9  7.229.524.7
5291620201122 35.5 18.4  0.009999-99.9-99.9-99.9-99.912.7 9314.1 36 12.0  10  8.429.9-9.9
5291620201123 39.2 15.6  0.009999-99.9-99.9-99.9-99.913.0 9513.4 32 11.3   9  7.630.5-9.9
5291620201124 40.5 21.1  0.009999-99.9-99.9-99.9-99.912.3 9016.1 28 14.1  12  9.329.2-9.9
5291620201125 42.8 23.6 43.219999-99.9-99.9-99.9-99.9 7.1 5221.2 47 18.3  17 13.520.2-9.9
5291620201126 26.9 19.7  0.819999-99.9-99.9-99.9-99.9 1.0  725.9 99 21.6   9  7.4 9.6 4.2
5291620201127 32.3 19.7  0.219999-99.9-99.9-99.9-99.910.6 7729.0 86 23.5   5  3.926.4 8.8
5291620201128 37.0 23.3  0.009999-99.9-99.9-99.9-99.910.8 7930.1 72 24.0   9  7.526.717.9
5291620201129 34.7 20.0 79.419999-99.9-99.9-99.9-99.9 9.5 6929.0 89 23.4  16 13.124.511.4
5291620201130 29.4 20.3  0.009999-99.9-99.9-99.9-99.9 5.5 4028.7 96 23.3   6  4.817.5 5.1
5291620201201 32.7 21.8  0.009999-99.9-99.9-99.9-99.911.0 8030.5 81 24.3   3  2.627.2 9.2
5291620201202 33.6 20.4 13.619999-99.9-99.9-99.9-99.9 3.5 2530.8 92 24.3   8  6.614.0 6.8
5291620201203 29.2 19.8  1.219999-99.9-99.9-99.9-99.9 7.6 5526.9 93 22.3   7  5.321.3 7.0
5291620201204 29.0 20.5  0.009999-99.9-99.9-99.9-99.9 2.0 1424.1 76 20.4   9  7.611.4 9.6
5291620201205 27.5 16.1  0.009999-99.9-99.9-99.9-99.912.4 9019.3 73 16.9  13 10.129.817.5
5291620201206 28.8 14.8  0.009999-99.9-99.9-99.9-99.913.0 9419.3 70 16.9   7  5.230.712.5
5291620201207 29.8 16.0  0.009999-99.9-99.9-99.9-99.913.5 9819.6 70 17.1   6  5.231.613.6
5291620201208 32.1 15.2  0.009999-99.9-99.9-99.9-99.913.5 9820.4 62 17.8   5  4.131.712.9
5291620201209 33.3 16.7  0.009999-99.9-99.9-99.9-99.913.4 9721.3 59 18.5   6  5.031.515.2
5291620201210 35.1 17.9  0.009999-99.9-99.9-99.9-99.913.5 9820.9 50 18.2   6  5.231.717.5
5291620201211 39.7 20.1  0.009999-99.9-99.9-99.9-99.912.6 9122.0 43 19.0   8  6.630.222.9
5291620201212 37.9 22.5  0.009999-99.9-99.9-99.9-99.9 8.6 6227.0 69 22.3  13 10.423.024.8
5291620201213 30.3 20.0 16.419999-99.9-99.9-99.9-99.9 1.3 1025.3 93 21.3  13 10.710.3 7.0
5291620201214 29.5 17.9  0.009999-99.9-99.9-99.9-99.9 9.5 6923.9 86 20.3   6  4.724.7 8.8
5291620201215 34.1 19.2  3.419999-99.9-99.9-99.9-99.9 8.5 6128.4 75 23.1   4  3.323.0 8.5
5291620201216 32.0 21.6  1.419999-99.9-99.9-99.9-99.9 6.6 4828.0 84 22.9   5  4.319.6 8.3
5291620201217 34.1 19.4  0.009999-99.9-99.9-99.9-99.912.6 9125.1 66 21.1   6  4.530.213.5
5291620201218 35.6 20.6  0.009999-99.9-99.9-99.9-99.911.4 8227.6 62 22.7   8  6.128.115.4
5291620201219 33.4 23.0  0.009999-99.9-99.9-99.9-99.9 9.8 7128.7 81 23.3  12  9.325.316.8
5291620201220 29.1 19.9  0.009999-99.9-99.9-99.9-99.9 7.4 5318.1 59 15.9  11  8.521.017.9
5291620201221 31.3 16.2  0.009999-99.9-99.9-99.9-99.913.4 9615.3 46 13.3   8  6.731.519.7
5291620201222 32.4 14.0  0.009999-99.9-99.9-99.9-99.913.7 9914.0 41 12.0   7  5.932.119.7
5291620201223 36.1 15.9  0.009999-99.9-99.9-99.9-99.913.4 9716.0 44 13.9   7  5.231.619.2
5291620201224 39.0 18.5  0.009999-99.9-99.9-99.9-99.912.8 9320.3 45 17.7   7  5.430.620.1
5291620201225 34.9 23.3  0.219999-99.9-99.9-99.9-99.9 3.7 2727.4 71 22.5   8  6.414.512.0
5291620201226 34.0 22.9  0.009999-99.9-99.9-99.9-99.9 7.4 5427.2 74 22.4   7  5.621.111.3
5291620201227 36.5 20.2  0.009999-99.9-99.9-99.9-99.910.2 7425.0 57 21.0   6  5.126.015.0
5291620201228 39.2 22.0  0.009999-99.9-99.9-99.9-99.9 9.6 7026.0 53 21.7   5  4.224.915.0
5291620201229 39.9 25.0  0.009999-99.9-99.9-99.9-99.911.3 8128.0 53 22.9   6  4.627.817.0
5291620201230 40.5 23.8 16.819999-99.9-99.9-99.9-99.910.3 7430.7 69 24.4  10  8.226.118.9
5291620201231 31.3 19.2  0.009999-99.9-99.9-99.9-99.913.6 9818.8 58 16.2  11  8.631.921.9
5291620210101 34.2 14.6  0.009999-99.9-99.9-99.9-99.913.3 9615.6 42 13.6   7  5.231.418.2
5291620210102 36.6 19.5  0.009999-99.9-99.9-99.9-99.913.0 9417.2 39 15.1  11  9.030.8-9.9
5291620210103 38.0 19.0  0.009999-99.9-99.9-99.9-99.911.1 8017.0 40 14.9  10  7.827.4-9.9
5291620210104 38.6 19.8  0.009999-99.9-99.9-99.9-99.9 8.4 6122.3 52 19.2   6  4.822.815.7
5291620210105 36.8 23.8  0.619999-99.9-99.9-99.9-99.9 7.1 5227.7 79 22.7   6  4.520.511.2
5291620210106 34.9 23.1  1.219999-99.9-99.9-99.9-99.910.7 7825.3 61 21.2  10  8.226.818.6
5291620210107 36.1 22.2  0.009999-99.9-99.9-99.9-99.911.7 8520.7 46 17.8   5  4.228.616.5
5291620210108 37.4 20.0  0.009999-99.9-99.9-99.9-99.910.9 7919.4 41 17.0   6  4.827.018.5
5291620210109 32.2 20.2  5.819999-99.9-99.9-99.9-99.9 8.8 6428.6 81 23.2   7  5.923.311.8
5291620210110 38.2 21.8  0.009999-99.9-99.9-99.9-99.9 9.8 7230.4 67 24.3   7  5.825.214.1
5291620210111 41.0 26.6 25.019999-99.9-99.9-99.9-99.911.5 8430.5 56 24.3  12  9.628.1-9.9
5291620210112 33.8 20.6  9.619999-99.9-99.9-99.9-99.9 0.1  128.5100 23.2  10  8.1 8.1 5.9
5291620210113 33.4 22.2  0.009999-99.9-99.9-99.9-99.911.2 8228.9 79 23.5  12  9.527.613.8
5291620210114 34.9 21.3  0.009999-99.9-99.9-99.9-99.910.4 7628.9 73 23.4  10  8.226.215.2
5291620210115 36.4 23.7  1.619999-99.9-99.9-99.9-99.910.3 7630.8 77 24.5  11  8.926.018.2
5291620210116 34.2 22.1  0.009999-99.9-99.9-99.9-99.9 4.6 3431.2 84 24.6   9  7.116.0 6.5
5291620210117 28.4 22.4  0.009999-99.9-99.9-99.9-99.9 9.2 6722.3 70 19.1  17 13.423.920.9
5291620210118 31.1 15.3  0.009999-99.9-99.9-99.9-99.913.8 9915.7 46 13.6   8  6.232.0-9.9
5291620210119 32.8 15.1  0.009999-99.9-99.9-99.9-99.913.4 9918.1 52 15.9   7  5.731.316.9
5291620210120 35.1 20.2  0.009999-99.9-99.9-99.9-99.910.6 7823.4 59 19.9  10  7.926.518.1
5291620210121 34.7 22.3  0.009999-99.9-99.9-99.9-99.9 9.5 7028.0 68 22.9  12  9.324.417.7
5291620210122 34.9 22.5  0.819999-99.9-99.9-99.9-99.9 5.0 3730.3 77 24.2   9  7.316.410.2
5291620210123 35.8 21.2  8.619999-99.9-99.9-99.9-99.9 9.4 6930.4 81 24.2   6  4.624.1 9.6
5291620210124 34.6 23.3  0.009999-99.9-99.9-99.9-99.9 6.9 5131.1 80 24.7   6  5.219.9 9.6
5291620210125 35.9 22.6 47.619999-99.9-99.9-99.9-99.9 6.8 5131.4 83 24.8   6  4.919.7 8.3
5291620210126 27.5 21.8 22.419999-99.9-99.9-99.9-99.9 0.4  330.2100 24.1   5  4.3 8.3 2.4
5291620210127 31.4 23.4  3.219999-99.9-99.9-99.9-99.9 7.4 5531.1 91 24.7   7  5.220.5 7.4
5291620210128 32.8 21.6  0.009999-99.9-99.9-99.9-99.9 7.8 5830.8 86 24.5   4  3.621.3 7.5
5291620210129 35.6 23.1  1.819999-99.9-99.9-99.9-99.9 7.9 5931.5 86 24.9   7  5.821.5 8.7
5291620210130 32.5 20.9  3.619999-99.9-99.9-99.9-99.9 3.8 2930.2 98 24.1   8  6.114.3 5.7
5291620210131 29.1 20.4  0.009999-99.9-99.9-99.9-99.9 5.0 3728.3 93 23.1   7  5.216.3 5.0
5291620210201 31.2 23.0  0.009999-99.9-99.9-99.9-99.9 7.7 5830.5 89 24.3   6  5.121.0 8.1
5291620210202 26.5 24.2 19.019999-99.9-99.9-99.9-99.9-9.9 9931.3100 24.8   8  6.4 7.0-9.9
5291620210203 26.4 22.1  0.219999-99.9-99.9-99.9-99.9 0.5  329.7 99 23.9  11  8.5 8.3 3.1
5291620210204 28.5 19.8  0.009999-99.9-99.9-99.9-99.911.6 8724.3 83 20.6  10  8.227.512.7
5291620210205 29.9 17.4  0.009999-99.9-99.9-99.9-99.912.8 9721.4 70 18.5   5  4.229.711.5
5291620210206 30.4 17.0  0.009999-99.9-99.9-99.9-99.912.9 9821.5 69 18.6   4  3.529.811.0
5291620210207 31.3 16.2  0.009999-99.9-99.9-99.9-99.912.9 9822.8 74 19.5   4  3.529.810.6
5291620210208 33.4 18.3  0.009999-99.9-99.9-99.9-99.910.1 7724.5 69 20.7   4  2.924.9 9.6
5291620210209 33.3 20.8  6.619999-99.9-99.9-99.9-99.9 5.5 4225.3 78 21.2   6  4.716.9 9.0
5291620210210 29.6 19.2  1.419999-99.9-99.9-99.9-99.9 3.3 2625.2 90 21.2   3  2.713.1 4.1
5291620210211 30.8 21.0  0.219999-99.9-99.9-99.9-99.9 8.8 6725.3 84 21.3   4  3.022.5 8.0
5291620210212 32.6 17.3  0.219999-99.9-99.9-99.9-99.911.9 9123.2 74 19.8   2  1.627.8 8.8
5291620210213 31.1 18.1  3.419999-99.9-99.9-99.9-99.9 4.5 3524.9 80 21.0   4  3.315.1 6.4
5291620210214 33.2 19.3  1.419999-99.9-99.9-99.9-99.911.1 8626.8 77 22.2   5  3.826.3 9.2
5291620210215 33.6 20.1  0.419999-99.9-99.9-99.9-99.911.8 9127.3 74 22.5   6  4.627.411.2
5291620210216 32.0 19.8  0.219999-99.9-99.9-99.9-99.911.5 8923.8 70 20.3   6  4.926.912.7
5291620210217 32.8 18.1  0.009999-99.9-99.9-99.9-99.912.4 9619.5 55 17.0   5  4.228.213.5
5291620210218 33.3 13.0  0.009999-99.9-99.9-99.9-99.912.6 9816.3 53 14.2   3  2.728.611.6
5291620210219 34.2 15.5  0.219999-99.9-99.9-99.9-99.911.1 8620.0 55 17.4   7  5.225.914.3
5291620210220 35.4 20.8  0.009999-99.9-99.9-99.9-99.9 8.8 6822.4 59 19.3   5  4.122.012.7
5291620210221 36.0 19.5  0.009999-99.9-99.9-99.9-99.910.9 8521.8 53 18.8   6  5.125.515.5
5291620210222 39.2 20.4  0.009999-99.9-99.9-99.9-99.911.4 8924.1 53 20.4   5  4.126.214.8
5291620210223 36.9 23.8  0.419999-99.9-99.9-99.9-99.9 8.0 6228.1 71 23.0   9  7.220.415.5
5291620210224 33.7 21.1  0.219999-99.9-99.9-99.9-99.9 6.8 5427.0 76 22.3   6  4.618.4 8.7
5291620210225 35.1 21.3  0.009999-99.9-99.9-99.9-99.911.7 9221.4 52 18.4   8  6.326.518.4
5291620210226 36.5 16.6  0.009999-99.9-99.9-99.9-99.912.1 9520.0 53 17.5   6  4.727.014.9
5291620210227 38.0 21.9  0.009999-99.9-99.9-99.9-99.9 9.9 7825.4 59 21.3   9  7.123.317.4
5291620210228 36.5 21.7  0.009999-99.9-99.9-99.9-99.911.4 9023.2 57 19.9   9  6.925.719.6
5291620210301 37.8 20.9  0.009999-99.9-99.9-99.9-99.9 7.6 6125.9 60 21.7   6  5.019.512.6
5291620210302 37.5 22.1  0.009999-99.9-99.9-99.9-99.9 6.9 5527.8 64 22.8   5  3.818.110.6
5291620210303 35.5 22.1  0.619999-99.9-99.9-99.9-99.9 5.2 4229.0 76 23.5   7  6.015.310.5
5291620210304 31.8 21.7  3.019999-99.9-99.9-99.9-99.9 4.3 3528.3 82 23.1   7  5.313.8 7.1
5291620210305 33.7 20.8  0.009999-99.9-99.9-99.9-99.9 6.8 5425.0 70 21.1   8  6.617.811.5
5291620210306 33.1 17.7  0.009999-99.9-99.9-99.9-99.910.6 8519.6 56 17.1   6  4.823.913.5
5291620210307 34.3 15.3  0.009999-99.9-99.9-99.9-99.911.7 9417.9 53 15.7   5  3.925.612.9
5291620210308 34.0 15.1  0.009999-99.9-99.9-99.9-99.911.3 9118.2 52 16.0   6  5.024.914.6
5291620210309 34.8 17.8  0.009999-99.9-99.9-99.9-99.911.3 9119.1 51 16.7   7  5.524.815.9
5291620210310 34.4 16.4  0.009999-99.9-99.9-99.9-99.910.9 8817.7 50 15.5   7  5.524.116.4
5291620210311 34.8 15.6  0.009999-99.9-99.9-99.9-99.911.2 9116.8 46 14.7   7  5.624.516.9
5291620210312 35.3 16.3  0.009999-99.9-99.9-99.9-99.911.0 9015.9 42 13.8   7  5.424.117.5
5291620210313 35.2 17.8  0.009999-99.9-99.9-99.9-99.9 6.9 5616.2 45 14.1   5  4.117.413.2
5291620210314 37.1 21.5  0.009999-99.9-99.9-99.9-99.9 9.6 7818.8 43 16.5   7  5.421.618.0
5291620210315 38.0 20.9  0.009999-99.9-99.9-99.9-99.910.7 8721.1 48 18.3   8  6.023.218.7
5291620210316 38.7 21.0 14.419999-99.9-99.9-99.9-99.9 6.0 4924.3 65 20.6  11  9.215.817.8
5291620210317 26.7 19.8  0.009999-99.9-99.9-99.9-99.9 2.5 2123.6 86 20.2  11  9.110.2 7.3
5291620210318 26.1 18.5  0.009999-99.9-99.9-99.9-99.9 5.6 4620.2 82 17.7   9  7.515.010.2
5291620210319 31.6 17.0  0.009999-99.9-99.9-99.9-99.910.1 8422.6 73 19.4   6  5.122.0 9.1
5291620210320 35.9 20.1 29.019999-99.9-99.9-99.9-99.9 6.8 5627.9 82 22.8  12  9.516.711.5
5291620210321 23.0 19.0  0.009999-99.9-99.9-99.9-99.9 0.7  623.3 96 19.9   9  7.6 7.2 2.7
5291620210322 27.5 18.6  1.819999-99.9-99.9-99.9-99.9 2.1 1826.0 93 21.7   3  2.8 9.3 2.8
5291620210323 31.4 21.7  0.009999-99.9-99.9-99.9-99.9 5.0 4228.0 85 22.9   3  2.713.7 5.1
5291620210324 34.0 21.1  0.009999-99.9-99.9-99.9-99.9 8.7 7230.0 84 24.1   6  5.019.2 8.4
5291620210325 34.7 23.1  0.819999-99.9-99.9-99.9-99.9 8.0 6729.9 73 24.0   6  4.918.110.2
5291620210326 28.6 21.2 38.219999-99.9-99.9-99.9-99.9-9.9 9928.3100 23.1   7  5.8 2.0-9.9
5291620210327 22.2 19.0 22.019999-99.9-99.9-99.9-99.9-9.9 9923.8100 20.3   8  6.5 1.9-9.9
5291620210328 24.4 15.7  0.009999-99.9-99.9-99.9-99.9 7.0 5920.2 89 17.6   6  4.416.3 5.6
5291620210329 25.1 15.2  0.009999-99.9-99.9-99.9-99.9 8.5 7219.4 89 17.0   4  3.218.6 5.4
5291620210330 27.6 15.1  0.009999-99.9-99.9-99.9-99.9 9.3 7921.2 83 18.3   5  4.119.6 6.0
5291620210331 28.4 16.4  0.009999-99.9-99.9-99.9-99.9 9.1 7720.1 78 17.6   6  4.519.2 8.1
5291620210401 27.8 17.1  0.009999-99.9-99.9-99.9-99.9 9.6 8218.9 70 16.6   6  5.019.8 9.2
5291620210402 29.3 15.3  0.009999-99.9-99.9-99.9-99.9 9.1 7719.1 73 16.7   4  3.318.9 7.1
5291620210403 30.1 13.9  0.009999-99.9-99.9-99.9-99.910.5 9020.3 78 17.7   2  1.720.9 5.8
5291620210404 32.7 18.8  0.009999-99.9-99.9-99.9-99.9 7.2 6226.4 83 21.9   2  1.816.0 5.0
5291620210405 25.0 19.5 63.419999-99.9-99.9-99.9-99.9-9.9 9926.3 99 21.9  10  8.3 1.2-9.9
5291620210406 28.8 19.2  0.009999-99.9-99.9-99.9-99.9 5.0 4326.1 92 21.7   5  4.112.7 3.9
5291620210407 31.3 19.1  0.009999-99.9-99.9-99.9-99.9 9.1 7927.5 88 22.6   6  4.618.5 6.4
5291620210408 32.3 21.6  0.009999-99.9-99.9-99.9-99.9 7.2 6229.3 86 23.7   8  6.215.7 7.3
5291620210409 33.8 23.9  0.009999-99.9-99.9-99.9-99.9 9.3 8031.1 79 24.7   8  6.118.5 9.7
5291620210410 34.1 25.1  1.019999-99.9-99.9-99.9-99.9 9.1 7931.5 77 24.9   9  7.118.111.6
5291620210411 28.0 17.1  1.219999-99.9-99.9-99.9-99.9 1.2 1021.7 89 18.5  15 12.3 6.910.5
5291620210412 23.5 16.7  0.009999-99.9-99.9-99.9-99.9 3.3 2919.0 87 16.7   6  4.7 9.8 4.6
5291620210413 26.8 15.3  0.009999-99.9-99.9-99.9-99.9 8.1 7020.1 80 17.5   4  3.616.4 5.2
5291620210414 29.7 16.6  0.009999-99.9-99.9-99.9-99.9 8.2 7223.3 87 19.9   2  1.916.5 4.4
5291620210415 32.9 19.6  8.019999-99.9-99.9-99.9-99.9 7.6 6727.2 89 22.4   7  5.315.6 6.4
5291620210416 27.1 20.3  0.009999-99.9-99.9-99.9-99.9 3.7 3226.7 94 22.1   4  3.310.1 3.2
5291620210417 29.6 18.1  0.009999-99.9-99.9-99.9-99.9 9.6 8525.4 88 21.3   3  2.718.1 5.3
5291620210418 29.7 19.0  0.009999-99.9-99.9-99.9-99.9 9.4 8325.3 88 21.2   6  4.517.8 6.2
5291620210419 29.9 17.3  0.009999-99.9-99.9-99.9-99.9 9.8 8723.5 83 20.1   6  4.918.2 6.8
5291620210420 30.4 17.4  0.009999-99.9-99.9-99.9-99.9 9.9 8824.0 84 20.4   6  4.818.2 6.6
5291620210421 30.6 18.0  0.819999-99.9-99.9-99.9-99.9 9.3 8224.3 81 20.6   9  7.217.2 9.0
5291620210422 23.5 18.3  9.019999-99.9-99.9-99.9-99.9-9.9 9922.9 94 19.7   7  5.2 3.8-9.9
5291620210423 29.9 17.1  6.219999-99.9-99.9-99.9-99.9 8.6 7724.0 84 20.4   5  3.716.2 5.2
5291620210424 26.2 19.6  1.019999-99.9-99.9-99.9-99.9 2.5 2324.4 95 20.7   8  6.5 8.1 3.8
5291620210425 24.0 14.5  0.009999-99.9-99.9-99.9-99.9 7.4 6617.7 87 15.5   8  6.114.4 6.9
5291620210426 22.5  8.9  0.009999-99.9-99.9-99.9-99.9 9.8 8814.4 84 12.4   4  3.017.5 4.5
5291620210427 23.8 10.2  0.009999-99.9-99.9-99.9-99.910.0 9014.8 82 12.8   3  2.417.6 4.4
5291620210428 23.4  9.9  0.009999-99.9-99.9-99.9-99.910.0 9015.1 84 13.0   4  2.817.5 4.4
5291620210429 24.4  9.4  0.009999-99.9-99.9-99.9-99.910.2 9214.1 82 12.0   4  2.917.7 4.9
5291620210430 28.1  9.1  0.009999-99.9-99.9-99.9-99.9 9.4 8516.6 81 14.4   5  3.716.6 4.9
5291620210501 29.3 12.8  0.009999-99.9-99.9-99.9-99.9 8.7 7919.6 81 17.0   5  4.015.5 5.3
5291620210502 31.7 17.0  0.009999-99.9-99.9-99.9-99.9 8.2 7523.9 86 20.3   4  3.614.8 5.4
5291620210503 32.6 19.9  0.009999-99.9-99.9-99.9-99.9 8.1 7428.5 86 23.2   7  5.814.6 6.8
5291620210504 30.3 16.2 16.419999-99.9-99.9-99.9-99.9 3.2 2925.7 92 21.2  12  9.8 8.4 7.1
5291620210505 16.3 12.2  5.619999-99.9-99.9-99.9-99.9-9.9 9915.3 91 13.3  16 12.8 3.8-9.9
5291620210506 17.9 10.0  0.009999-99.9-99.9-99.9-99.9 8.2 7512.6 81 10.3   8  6.614.5 6.3
5291620210507 19.7  5.4  0.009999-99.9-99.9-99.9-99.9 8.7 8011.7 83  9.2   4  3.215.0 3.5
5291620210508 23.2  6.4  0.009999-99.9-99.9-99.9-99.9 9.8 9013.2 79 11.0   5  3.716.3 4.0
5291620210509 24.3 11.4  0.009999-99.9-99.9-99.9-99.9 1.5 1419.5 93 17.0   3  2.5 6.2 1.3
5291620210510 18.5 14.6  2.219999-99.9-99.9-99.9-99.9-9.9 9918.6100 16.3   6  5.1 1.9-9.9
5291620210511 19.3 10.9  0.009999-99.9-99.9-99.9-99.9 3.4 3115.2 90 13.1   7  5.3 8.3 3.4
5291620210512 20.3  7.1  0.009999-99.9-99.9-99.9-99.9 9.7 9011.6 80  9.1   4  3.615.8 4.3
5291620210513 22.6  3.7  0.009999-99.9-99.9-99.9-99.9 9.7 9011.5 75  8.8   4  3.515.7 4.0
5291620210514 24.7  7.7  0.009999-99.9-99.9-99.9-99.9 5.9 5515.0 81 12.8   3  2.711.2 2.9
5291620210515 26.3 10.8  0.009999-99.9-99.9-99.9-99.9 7.2 6718.1 85 15.7   3  2.212.6 2.8
5291620210516 29.0 15.4  0.009999-99.9-99.9-99.9-99.9 7.9 7419.7 84 17.2   2  1.713.4 3.6
5291620210517 25.0 13.3  0.009999-99.9-99.9-99.9-99.9 8.5 8017.1 83 14.9   4  3.214.0 4.4
5291620210518 24.7  8.2  0.009999-99.9-99.9-99.9-99.9 8.9 8313.6 76 11.5   4  3.114.4 4.3
5291620210519 22.7 12.0  2.419999-99.9-99.9-99.9-99.9 0.2  218.3 89 16.0   9  6.8 4.3 1.7
5291620210520 23.0 15.4  0.009999-99.9-99.9-99.9-99.9 4.4 4217.4 79 15.3  16 12.7 9.1 9.4
5291620210521 27.5 16.2  0.009999-99.9-99.9-99.9-99.9 5.1 4821.6 89 18.6  10  7.7 9.8 5.1
5291620210522 19.7 10.1  0.009999-99.9-99.9-99.9-99.9 8.6 8112.9 76 10.5  12  9.213.810.2
5291620210523 19.8  7.3  0.009999-99.9-99.9-99.9-99.9 8.5 8011.7 79  9.3   8  6.513.6 5.3
5291620210524 21.9  2.4  0.009999-99.9-99.9-99.9-99.9 9.2 8710.5 75  7.5   3  2.014.4 3.1
5291620210525 24.3  4.2  0.009999-99.9-99.9-99.9-99.9 9.0 8511.9 79  9.3   2  1.714.0 2.9
5291620210526 26.5  7.3  0.009999-99.9-99.9-99.9-99.9 8.8 8313.1 79 10.9   3  2.013.7 3.3
5291620210527 26.3  6.7  0.009999-99.9-99.9-99.9-99.9 8.4 8014.4 72 12.1   3  2.313.3 3.3
5291620210528 30.8 17.4  0.009999-99.9-99.9-99.9-99.9 4.9 4624.3 85 20.5   7  5.5 9.3 5.2
5291620210529 24.2 13.1  0.009999-99.9-99.9-99.9-99.9 8.6 8213.9 62 11.3   9  7.413.412.0
5291620210530 19.9  6.6  0.009999-99.9-99.9-99.9-99.9 8.8 84 9.6 71  6.3   6  4.813.6 6.4
5291620210531 23.7  2.3  0.009999-99.9-99.9-99.9-99.9 9.0 86 9.2 68  5.6   2  1.413.7 2.9
5291620210601 26.9  3.9  0.009999-99.9-99.9-99.9-99.9 8.5 8112.5 67 10.0   4  3.213.1 4.3
5291620210602 27.1 12.6  0.009999-99.9-99.9-99.9-99.9 6.4 6117.3 77 15.0   5  3.810.8 4.4
5291620210603 28.6 11.5  0.009999-99.9-99.9-99.9-99.9 6.0 5719.8 82 17.0   8  6.010.3 4.1
5291620210604 32.5 19.5  0.009999-99.9-99.9-99.9-99.9 7.8 7524.2 69 20.6   9  6.912.3 9.4
5291620210605 27.7 18.8  4.619999-99.9-99.9-99.9-99.9 0.4  423.1 83 19.8   9  6.9 4.2 7.1
5291620210606 20.6 16.5  0.009999-99.9-99.9-99.9-99.9 0.9  819.7 96 17.2  12  9.3 4.7 2.3
5291620210607 23.6 16.2  0.419999-99.9-99.9-99.9-99.9 4.5 4320.6 92 18.0   5  4.3 8.6 2.1
5291620210608 25.0 15.0  0.009999-99.9-99.9-99.9-99.9 5.0 4820.7 90 18.0   4  3.5 9.1 2.7
5291620210609 22.8 14.4  0.009999-99.9-99.9-99.9-99.9 3.7 3518.7 92 16.4   6  4.6 7.6 2.6
5291620210610 24.7 14.5  0.009999-99.9-99.9-99.9-99.9 7.3 7118.1 87 15.9   6  5.111.6 4.4
5291620210611 23.5  8.9  0.009999-99.9-99.9-99.9-99.9 8.4 8114.9 87 12.8   2  2.012.7 2.6
5291620210612 22.9  6.6  0.009999-99.9-99.9-99.9-99.9 8.4 8114.8 89 12.5   4  2.912.7 2.3
5291620210613 25.6  7.2  0.009999-99.9-99.9-99.9-99.9 8.7 8413.4 80 11.3   5  3.813.0 4.5
5291620210614 27.5  6.4  0.009999-99.9-99.9-99.9-99.9 8.5 8214.7 76 12.4   2  2.012.8 3.0
5291620210615 16.6  8.2  0.009999-99.9-99.9-99.9-99.9 0.4  314.9 99 12.8   8  6.4 4.0 1.3
5291620210616 15.4  6.0  0.009999-99.9-99.9-99.9-99.9 2.7 2610.4 80  7.5   9  7.0 6.5 4.8
5291620210617 15.2  8.2  0.009999-99.9-99.9-99.9-99.9 3.3 3210.0 76  7.0   8  6.2 7.2 5.2
5291620210618 15.1  9.2  0.009999-99.9-99.9-99.9-99.9 2.3 2210.7 79  7.9   6  5.1 6.1 3.9
5291620210619 18.8  9.2  0.009999-99.9-99.9-99.9-99.9 4.3 4112.2 83  9.8   7  5.6 8.2 3.9
5291620210620 19.9  3.8  0.009999-99.9-99.9-99.9-99.9 8.2 7913.1 89 10.6   4  3.512.4 1.6
5291620210621 17.3 11.0  0.009999-99.9-99.9-99.9-99.9 1.7 1615.3 95 13.3   5  4.1 5.4 1.4
5291620210622 14.9  7.7  0.819999-99.9-99.9-99.9-99.9 0.1  113.9 99 11.7   4  2.8 3.7 0.7
5291620210623 23.3 13.1 70.819999-99.9-99.9-99.9-99.9-9.9 9921.1100 18.1   8  6.1 1.4-9.9
5291620210624 22.8 11.1  0.009999-99.9-99.9-99.9-99.9 6.0 5716.3 92 14.2   9  6.810.0 4.8
5291620210625 19.0  7.1  0.819999-99.9-99.9-99.9-99.9 6.2 6014.9 95 12.7   5  4.210.3 1.2
5291620210626 15.5 12.3 13.019999-99.9-99.9-99.9-99.9-9.9 9916.1100 14.1  11  8.6 0.7-9.9
5291620210627 12.3  4.9  0.009999-99.9-99.9-99.9-99.9 2.7 26 9.9 89  6.7  10  8.1 6.6 5.0
5291620210628 13.3  1.9  0.009999-99.9-99.9-99.9-99.9 8.7 84 8.0 78  3.8   6  4.913.0 3.2
5291620210629 15.1  2.1  0.009999-99.9-99.9-99.9-99.9 8.9 86 7.8 81  3.4   5  3.713.2 3.3
5291620210630 16.0 -0.5  0.009999-99.9-99.9-99.9-99.9 8.8 85 8.5 82  4.4   4  3.313.1 2.4
5291620210701 20.1  3.4  0.009999-99.9-99.9-99.9-99.9 8.8 8510.7 81  7.8   6  4.713.1 3.4
5291620210702 23.6  5.3  0.009999-99.9-99.9-99.9-99.9 8.4 8111.1 71  8.5   3  2.012.7 3.2
5291620210703 23.0  7.3  0.009999-99.9-99.9-99.9-99.9 8.7 8412.0 78  9.6   3  2.313.1 3.3
5291620210704 22.4  7.4  0.009999-99.9-99.9-99.9-99.9 7.2 6913.2 79 10.9   5  4.211.5 3.4
5291620210705 23.6 10.8  0.009999-99.9-99.9-99.9-99.9 3.0 2916.3 88 14.2   4  3.1 6.9 2.1
5291620210706 28.0 12.7  0.009999-99.9-99.9-99.9-99.9 8.1 7717.3 79 15.2   8  6.112.5 6.1
5291620210707 27.3 14.5  0.009999-99.9-99.9-99.9-99.9 6.2 5917.6 77 15.5   7  5.310.4 6.0
5291620210708 28.8 12.5  0.009999-99.9-99.9-99.9-99.9 8.0 7717.3 77 15.2   5  3.812.4 5.1
5291620210709 27.8 13.5  0.009999-99.9-99.9-99.9-99.9 8.1 7717.5 76 15.4   7  5.812.6 6.9
5291620210710 27.9 14.2  0.009999-99.9-99.9-99.9-99.9 5.7 5518.3 80 16.1   4  3.210.0 4.2
5291620210711 29.1 14.0  0.009999-99.9-99.9-99.9-99.9 5.9 5719.7 82 17.2   6  4.810.3 4.3
5291620210712 29.9 14.8  0.009999-99.9-99.9-99.9-99.9 7.8 7516.9 61 14.9   7  6.012.410.7
5291620210713 25.7 16.7  0.009999-99.9-99.9-99.9-99.9 0.1  119.7 78 17.2   4  3.2 3.9 3.2
5291620210714 27.3 18.0  0.009999-99.9-99.9-99.9-99.9 5.7 5420.4 85 17.8   9  7.110.1 7.5
5291620210715 18.1 11.6  0.009999-99.9-99.9-99.9-99.9 2.0 1916.0 94 14.0  12 10.0 6.0 4.7
5291620210716 15.4  8.2  0.009999-99.9-99.9-99.9-99.9 0.1  112.7100 10.4   3  2.4 4.0 1.0
5291620210717 18.7  4.6  0.219999-99.9-99.9-99.9-99.9 6.7 6411.9 84  9.1   7  5.811.4 2.9
5291620210718 16.0  3.2  0.009999-99.9-99.9-99.9-99.9 9.2 87 7.0 58  1.9   8  6.314.2 8.9
5291620210719 15.7 -2.0  0.009999-99.9-99.9-99.9-99.9 6.4 61 7.4 75  2.6   1  1.211.1 1.9
5291620210720 12.5  0.5  0.419999-99.9-99.9-99.9-99.9-9.9 99 9.2 91  5.6   1  1.2 2.6-9.9
5291620210721 23.8  2.3  0.009999-99.9-99.9-99.9-99.9 9.1 86 9.4 67  5.9   4  2.814.3 4.2
5291620210722 28.6  7.4  0.009999-99.9-99.9-99.9-99.9 8.7 8213.0 66 10.7   5  4.313.9 6.4
5291620210723 30.2 13.8  0.009999-99.9-99.9-99.9-99.9 8.8 8312.9 54 10.7   7  5.714.112.1
5291620210724 32.4 13.5  0.009999-99.9-99.9-99.9-99.9 7.9 7417.0 58 14.8   8  6.613.111.1
5291620210725 33.2 19.9  0.009999-99.9-99.9-99.9-99.9 6.8 6319.3 62 16.9   8  6.311.913.1
5291620210726 22.8 13.5  0.009999-99.9-99.9-99.9-99.9-9.9 9916.8 98 14.7  14 11.0 1.5-9.9
5291620210727 15.2  2.8  0.009999-99.9-99.9-99.9-99.9 9.5 89 6.6 55  0.4  12  9.515.215.5
5291620210728 14.4  0.5  0.009999-99.9-99.9-99.9-99.9 9.1 85 5.8 56 -0.8   9  7.414.8 9.0
5291620210729 16.2 -2.5  0.009999-99.9-99.9-99.9-99.9 9.4 87 6.3 68  0.4   2  1.415.2 2.8
5291620210730 18.1 -1.3  0.009999-99.9-99.9-99.9-99.9 9.3 87 6.7 62  1.3   6  4.415.2 5.5
5291620210731 23.4  0.6  0.009999-99.9-99.9-99.9-99.9 9.0 84 8.4 58  4.4   4  2.914.9 5.0
5291620210801 22.9  4.5  0.009999-99.9-99.9-99.9-99.9 9.1 8410.1 63  7.1   4  2.815.0 5.6
5291620210802 21.5  4.4  0.009999-99.9-99.9-99.9-99.9 9.7 90 9.6 67  6.4   4  3.415.9 5.5
5291620210803 22.0  2.9  0.009999-99.9-99.9-99.9-99.9 9.7 90 9.7 72  6.4   6  4.816.0 6.3
5291620210804 19.4  5.8  0.009999-99.9-99.9-99.9-99.9 2.1 1912.3 83  9.9   3  2.4 6.8 2.1
5291620210805 23.9  9.5  0.009999-99.9-99.9-99.9-99.9 2.5 2315.0 82 13.0   6  4.4 7.3 2.8
5291620210806 28.4 11.8  0.009999-99.9-99.9-99.9-99.9 8.3 7617.2 73 15.1   6  4.614.5 6.4
5291620210807 32.7 12.8  0.009999-99.9-99.9-99.9-99.9 8.4 7717.0 63 14.9   7  5.914.710.5
5291620210808 33.7 16.7  0.009999-99.9-99.9-99.9-99.9 5.7 5217.6 55 15.5   8  6.411.513.2
5291620210809 26.0 10.7  0.009999-99.9-99.9-99.9-99.9-9.9 9913.4 93 11.3  16 13.0 2.6-9.9
5291620210810 12.4  9.0  0.009999-99.9-99.9-99.9-99.9-9.9 9911.6 92  9.1  13 10.3 4.3-9.9
5291620210811 17.4  2.7  0.009999-99.9-99.9-99.9-99.9 9.8 89 8.2 67  4.1   7  6.016.8 7.3
5291620210812 17.3  6.3  0.009999-99.9-99.9-99.9-99.9 6.5 59 8.1 68  3.9   7  5.912.7 7.5
5291620210813 20.5  1.8  0.009999-99.9-99.9-99.9-99.9 9.3 8411.0 82  8.0   5  4.116.3 3.5
5291620210814 23.4  7.5  0.009999-99.9-99.9-99.9-99.9 7.3 6613.0 76 10.8   3  2.313.9 3.6
5291620210815 25.8  8.0  0.009999-99.9-99.9-99.9-99.9 8.7 7914.4 76 12.3   3  2.815.8 4.6
5291620210816 28.5  8.6  0.009999-99.9-99.9-99.9-99.9 9.1 8215.7 70 13.5   6  4.816.4 6.8
5291620210817 35.8 14.4  0.009999-99.9-99.9-99.9-99.9 8.0 7219.9 62 17.4   7  5.415.0 9.9
5291620210818 38.6 20.2  0.009999-99.9-99.9-99.9-99.9 7.8 7018.6 41 16.3   9  7.214.920.6
5291620210819 38.0 20.4  0.009999-99.9-99.9-99.9-99.9 7.1 6314.8 34 12.8   9  7.014.023.3
5291620210820 27.1 17.0  0.009999-99.9-99.9-99.9-99.9 4.5 4018.0 81 15.8  13 10.110.714.2
5291620210821 29.2 13.9  0.009999-99.9-99.9-99.9-99.9 6.9 6118.7 75 16.4   7  5.713.9 7.0
5291620210822 32.0 14.7  0.009999-99.9-99.9-99.9-99.9 5.6 5019.6 68 17.1   8  6.412.3 9.7
5291620210823 25.0 17.0  0.009999-99.9-99.9-99.9-99.9 7.4 6615.7 64 13.6  16 12.414.819.6
5291620210824 19.6 11.9  0.419999-99.9-99.9-99.9-99.9 3.3 2914.3 81 12.3  11  8.6 9.4 7.1
5291620210825 16.2 13.0  3.819999-99.9-99.9-99.9-99.9-9.9 9915.3100 13.3  11  8.7 1.1-9.9
5291620210826 21.9  5.5  0.009999-99.9-99.9-99.9-99.910.5 9210.9 68  8.0   4  3.219.2 6.0
5291620210827 25.4  4.7  0.009999-99.9-99.9-99.9-99.910.6 9310.7 60  7.9   6  4.719.5 8.2
5291620210828 27.6  7.3  0.009999-99.9-99.9-99.9-99.910.1 8813.8 65 11.6   5  4.218.9 7.4
5291620210829 29.9 11.6  0.009999-99.9-99.9-99.9-99.9 9.9 8617.6 71 15.4   6  4.418.7 7.4
5291620210830 32.4 15.0  0.009999-99.9-99.9-99.9-99.9 8.9 7819.6 64 17.1   8  6.717.512.1
5291620210831 33.3 15.5  0.009999-99.9-99.9-99.9-99.9 9.7 8417.9 55 15.8   9  7.118.715.9
5291620210901 35.8 19.0  0.419999-99.9-99.9-99.9-99.9 9.3 8117.2 43 15.0  12  9.318.2-9.9
5291620210902 27.5 19.3  7.219999-99.9-99.9-99.9-99.9-9.9 9921.1 91 18.2  10  7.7 3.6-9.9
5291620210903 26.1 15.3  0.009999-99.9-99.9-99.9-99.9 6.1 5220.5 88 17.8   8  6.613.9 5.4
5291620210904 26.8 14.8  0.009999-99.9-99.9-99.9-99.9 3.0 2620.9 89 18.1   5  4.0 9.6 3.7
5291620210905 29.7 14.1  0.009999-99.9-99.9-99.9-99.910.3 8917.8 72 15.7   8  6.120.110.4
5291620210906 27.3 17.2  0.009999-99.9-99.9-99.9-99.9 4.3 3719.5 77 17.1  15 12.311.612.9
5291620210907 33.9 18.5 58.419999-99.9-99.9-99.9-99.9 6.6 5624.4 79 20.6  13 10.114.912.0
5291620210908 23.4 16.6  0.009999-99.9-99.9-99.9-99.9 6.4 5516.5 73 14.2  17 13.214.815.0
5291620210909 22.3 10.1  0.009999-99.9-99.9-99.9-99.910.6 9013.1 75 11.0  10  8.420.810.8
5291620210910 23.4  7.4  0.009999-99.9-99.9-99.9-99.911.0 9313.3 75 11.2   4  3.221.5 6.0
5291620210911 26.6 10.7  0.009999-99.9-99.9-99.9-99.910.8 9215.3 73 13.3   8  6.321.5 9.3
5291620210912 35.9 15.9  0.009999-99.9-99.9-99.9-99.9 8.6 7321.8 60 18.7  10  8.318.314.3
5291620210913 35.5 24.8  0.009999-99.9-99.9-99.9-99.9 6.2 5325.6 62 21.5  11  8.514.918.4
5291620210914 26.9 14.0  0.009999-99.9-99.9-99.9-99.9 8.8 7416.6 73 13.8  19 14.918.822.8
5291620210915 22.2  7.3  0.009999-99.9-99.9-99.9-99.9 7.5 63 9.5 54  6.2   7  5.817.011.5
5291620210916 26.2  8.4  0.009999-99.9-99.9-99.9-99.9 8.3 6910.9 54  8.2   8  6.318.212.8
5291620210917 27.4 13.1  0.009999-99.9-99.9-99.9-99.9 6.7 5619.1 84 16.6   6  4.715.9 5.6
5291620210918 28.4 15.9  0.009999-99.9-99.9-99.9-99.9 6.0 5013.2 27-99.9   8  6.414.914.4
5291620210919 39.3 20.8  0.009999-99.9-99.9-99.9-99.9 8.2 6820.4 35-99.9  10  7.618.320.0
5291620210920 31.1 21.0  8.619999-99.9-99.9-99.9-99.9 6.4 5324.0 65-99.9  17 13.215.724.3
5291620210921 22.5 15.0  0.009999-99.9-99.9-99.9-99.9 0.4  3 8.6 57-99.9  11  8.9 6.620.2
5291620210922 22.3  9.9  0.009999-99.9-99.9-99.9-99.9 7.6 6312.3 77-99.9   7  6.017.7 9.2
5291620210923 26.2 16.4  0.009999-99.9-99.9-99.9-99.9 9.8 8116.2 76 13.3   8  6.321.111.7
5291620210924 26.8 11.2  0.009999-99.9-99.9-99.9-99.911.3 9311.0 68-99.9   6  4.723.512.7
5291620210925 27.3 10.1  0.009999-99.9-99.9-99.9-99.911.5 9511.4 76-99.9   6  4.424.011.8
5291620210926 32.2 10.5  0.009999-99.9-99.9-99.9-99.911.6 9513.5 68-99.9   6  4.824.312.9
5291620210927 36.2 13.0  8.619999-99.9-99.9-99.9-99.9 7.8 6418.5 67-99.9   6  4.818.411.4
5291620210928 27.0 20.2 23.019999-99.9-99.9-99.9-99.9-9.9 99 4.7 16-99.9  10  8.1 0.3-9.9
5291620210929 23.2 17.6  0.009999-99.9-99.9-99.9-99.9 0.9  810.4 40-99.9   7  5.7 7.814.2
5291620210930 32.9 18.2  0.009999-99.9-99.9-99.9-99.9 6.4 5223.7 91-99.9   8  6.416.4 9.5
5291620211001 27.2 18.8  0.009999-99.9-99.9-99.9-99.9 5.2 4223.3 93 19.8  11  8.814.6 9.0
5291620211002 26.8 17.1  0.009999-99.9-99.9-99.9-99.9 3.1 2520.6 93-99.9   7  5.811.4 6.9
5291620211003 24.5 16.7  0.219999-99.9-99.9-99.9-99.9 7.5 6115.3 75-99.9  17 13.518.420.7
5291620211004 24.0 11.9  0.009999-99.9-99.9-99.9-99.911.5 9211.5 58  8.9  10  7.624.815.3
5291620211005 23.2  8.7  0.009999-99.9-99.9-99.9-99.9 3.5 2813.7 63 11.5   7  5.812.2 7.7
5291620211006 24.9 18.1  0.009999-99.9-99.9-99.9-99.9-9.9 9919.7 81 17.1   7  5.6 3.4-9.9
5291620211007 26.5 14.7  0.009999-99.9-99.9-99.9-99.9 9.8 7816.7 68 14.6  14 11.522.418.6
5291620211008 25.6 16.4  0.009999-99.9-99.9-99.9-99.9 1.7 1318.6 77 16.1   9  7.0 9.4 8.6
5291620211009 25.9 18.6  1.219999-99.9-99.9-99.9-99.9 4.3 3423.2 91 19.8  10  8.313.6 7.2
5291620211010 23.1 19.5 11.619999-99.9-99.9-99.9-99.9-9.9 9912.2 81-99.9   6  4.5 5.2-9.9
5291620211011 28.2 18.2  0.009999-99.9-99.9-99.9-99.9 9.0 7117.6 83-99.9   5  4.221.310.4
5291620211012 30.3 14.4  0.009999-99.9-99.9-99.9-99.911.3 9020.4 72 17.7   5  3.925.3 9.2
5291620211013 33.8 18.1 13.619999-99.9-99.9-99.9-99.9 4.3 3422.4 76 19.2  10  7.813.8 9.4
5291620211014 24.3 15.6 10.019999-99.9-99.9-99.9-99.9 2.7 2224.2100 20.4   7  6.011.3 2.7
5291620211015 23.9 14.1  0.009999-99.9-99.9-99.9-99.9 3.9 3117.5 80 15.2  17 13.613.312.8
5291620211016 23.1 11.2  0.009999-99.9-99.9-99.9-99.910.0 7915.5 81 13.5   8  6.423.5 8.0
5291620211017 26.8 11.1  0.009999-99.9-99.9-99.9-99.910.1 7916.5 70 14.4   8  6.123.710.1
5291620211018 27.4 12.6  0.009999-99.9-99.9-99.9-99.912.2 9613.5 52 11.3   7  6.027.315.2
5291620211019 28.9 10.8  0.009999-99.9-99.9-99.9-99.912.3 9613.2 50 11.0   7  5.527.514.3
5291620211020 29.3 11.5  0.009999-99.9-99.9-99.9-99.912.5 9812.5 44 10.2   7  5.827.916.7
5291620211021 30.4 11.4  0.009999-99.9-99.9-99.9-99.912.5 9713.8 52 11.7   6  4.727.914.1
5291620211022 33.0 13.0 39.819999-99.9-99.9-99.9-99.911.9 9216.8 54 14.7   8  6.127.115.8
5291620211023 23.1 18.3  9.219999-99.9-99.9-99.9-99.9-9.9 9921.2 98 18.4  11  8.9 4.3-9.9
5291620211024 26.1 13.2  0.009999-99.9-99.9-99.9-99.911.3 8716.9 75 14.7   4  3.426.1 9.2
5291620211025 28.9 11.3  0.009999-99.9-99.9-99.9-99.912.4 9617.2 68 15.1   4  3.528.2 9.6
5291620211026 31.7 12.5  0.009999-99.9-99.9-99.9-99.912.6 9718.0 58 15.7   4  3.528.510.9
5291620211027 34.3 17.0  0.009999-99.9-99.9-99.9-99.912.1 9320.5 55 17.8   8  6.027.615.9
5291620211028 34.6 16.7  0.009999-99.9-99.9-99.9-99.912.3 9419.5 57 17.0   5  3.728.113.6
5291620211029 36.6 17.5  0.009999-99.9-99.9-99.9-99.911.8 9022.6 58 19.4   4  3.227.412.0
5291620211030 33.7 20.5  0.009999-99.9-99.9-99.9-99.9 9.4 7228.1 79 23.0   5  3.623.4 9.6
5291620211031 34.2 19.7  0.009999-99.9-99.9-99.9-99.911.9 9125.8 73 21.6   3  2.627.610.2
5291620211101 35.2 19.3  0.009999-99.9-99.9-99.9-99.910.2 7826.1 66 21.7   3  2.724.710.0
5291620211102 35.9 20.3  2.819999-99.9-99.9-99.9-99.9 9.4 7126.0 72 21.7   9  7.123.512.3
5291620211103 24.3 19.4 21.219999-99.9-99.9-99.9-99.9-9.9 9924.8100 20.9   3  2.5 7.1-9.9
5291620211104 33.6 18.7 38.819999-99.9-99.9-99.9-99.910.0 7528.8 81 23.3   9  7.124.5 9.9
5291620211105 27.8 20.5 21.219999-99.9-99.9-99.9-99.9-9.9 9927.1100 22.4  12  9.6 6.5-9.9
5291620211106 26.4 18.3  0.009999-99.9-99.9-99.9-99.9 5.0 3823.7 92 20.2  11  8.716.0 6.8
5291620211107 28.7 18.1  0.009999-99.9-99.9-99.9-99.9 7.6 5724.2 88 20.6   5  4.220.6 7.1
5291620211108 30.1 18.4  0.009999-99.9-99.9-99.9-99.911.5 8623.9 76 20.3   6  4.427.310.3
5291620211109 30.7 17.1  0.009999-99.9-99.9-99.9-99.912.5 9419.9 60 17.3  10  8.229.018.7
5291620211110 27.9 18.8  0.009999-99.9-99.9-99.9-99.9 4.2 3117.8 66 15.6   9  7.614.714.9
5291620211111 30.8 15.9  0.009999-99.9-99.9-99.9-99.912.5 9318.8 64 16.5   8  6.729.214.9
5291620211112 32.9 16.8  0.009999-99.9-99.9-99.9-99.912.4 9323.8 70 20.2   6  5.229.011.9
5291620211113 34.3 20.0 63.619999-99.9-99.9-99.9-99.912.1 9025.1 63 21.1   9  7.428.617.7
5291620211114 27.5 19.4 26.019999-99.9-99.9-99.9-99.9 1.3 1025.2 98 21.2   9  7.5 9.9 6.0
5291620211115 31.8 20.3  4.419999-99.9-99.9-99.9-99.910.7 8029.8 84 23.9   4  3.326.3 8.3
5291620211116 27.3 22.0 94.019999-99.9-99.9-99.9-99.9-9.9 9928.9100 23.4   7  5.7 3.3-9.9
5291620211117 23.0 17.1  0.009999-99.9-99.9-99.9-99.9 4.7 3520.1 85 17.6  14 11.515.9 9.9
5291620211118 26.4 15.9  0.009999-99.9-99.9-99.9-99.912.7 9419.5 77 17.1   6  4.929.810.4
5291620211119 28.5 14.6  0.009999-99.9-99.9-99.9-99.913.3 9819.8 72 17.3   5  3.930.910.9
5291620211120 30.0 16.1  0.009999-99.9-99.9-99.9-99.912.7 9319.9 69 17.3   5  3.929.811.9
5291620211121 33.2 15.4  0.009999-99.9-99.9-99.9-99.913.2 9821.2 62 18.4   3  2.530.810.9
5291620211122 36.0 20.7  0.009999-99.9-99.9-99.9-99.911.9 8829.5 70 23.8   5  3.828.612.0
5291620211123 28.0 22.1  0.009999-99.9-99.9-99.9-99.9 3.6 2726.1 82 21.7   5  4.114.1 7.5
5291620211124 34.7 18.6  0.009999-99.9-99.9-99.9-99.912.1 8924.8 64 20.9   7  5.429.013.9
5291620211125 29.8 23.1 18.019999-99.9-99.9-99.9-99.9 0.7  530.7 95 24.5   6  5.2 8.9 4.5
5291620211126 29.4 19.2  0.009999-99.9-99.9-99.9-99.912.9 9423.7 82 20.2   9  7.430.314.0
5291620211127 30.5 17.5 48.619999-99.9-99.9-99.9-99.912.9 9524.5 76 20.7   6  4.930.511.3
5291620211128 27.3 19.3  5.219999-99.9-99.9-99.9-99.9 4.1 3024.9 91 21.0   8  6.315.0 6.3
5291620211129 28.9 16.7  0.009999-99.9-99.9-99.9-99.913.5 9920.3 76 17.7   8  6.231.513.6
5291620211130 30.2 16.3  0.009999-99.9-99.9-99.9-99.913.5 9819.8 61 17.2   5  4.231.512.9
5291620211201 31.0 16.3  0.009999-99.9-99.9-99.9-99.912.0 8819.5 60 17.0   5  4.128.912.6
5291620211202 30.7 18.3  0.009999-99.9-99.9-99.9-99.913.1 9521.6 66 18.7   8  6.530.815.3
5291620211203 31.6 16.3  0.009999-99.9-99.9-99.9-99.913.4 9720.9 62 18.2   7  5.531.314.6
5291620211204 30.8 18.6  0.009999-99.9-99.9-99.9-99.9 8.9 6524.1 72 20.4   8  6.123.511.5
5291620211205 32.7 17.7  0.009999-99.9-99.9-99.9-99.912.6 9124.9 72 20.9   6  4.730.012.2
5291620211206 32.3 20.6  0.009999-99.9-99.9-99.9-99.910.6 7723.7 66 20.2   7  5.426.514.4
5291620211207 31.6 18.5  0.009999-99.9-99.9-99.9-99.913.1 9523.1 72 19.8   9  7.230.915.5
5291620211208 33.5 18.5  0.009999-99.9-99.9-99.9-99.912.0 8723.0 65 19.6   8  6.029.015.5
5291620211209 33.3 17.3  0.009999-99.9-99.9-99.9-99.913.2 9619.9 57 17.4   6  4.731.215.6
5291620211210 34.3 17.5  0.009999-99.9-99.9-99.9-99.910.5 7621.4 60 18.5   7  5.726.415.3
5291620211211 28.6 20.5  0.819999-99.9-99.9-99.9-99.9 1.1  823.2 76 19.8   6  5.0 9.8 7.7
5291620211212 30.4 20.0  1.419999-99.9-99.9-99.9-99.9 3.4 2426.4 75 21.9   7  5.513.9 7.7
5291620211213 25.5 21.7 16.219999-99.9-99.9-99.9-99.9-9.9 9927.7100 22.7   9  7.3 5.7-9.9
5291620211214 28.9 20.6  0.009999-99.9-99.9-99.9-99.9 4.5 3328.9 95 23.4   8  6.716.0 5.0
5291620211215 31.7 21.5  0.009999-99.9-99.9-99.9-99.9 9.1 6627.0 82 22.3   8  6.324.011.0
5291620211216 33.2 19.7  0.009999-99.9-99.9-99.9-99.913.3 9624.4 66 20.6   7  5.831.315.2
5291620211217 32.6 18.0  0.009999-99.9-99.9-99.9-99.912.9 9322.9 65 19.6   8  6.330.615.9
5291620211218 35.7 18.6  0.009999-99.9-99.9-99.9-99.913.3 9624.2 64 20.5   6  4.631.413.9
5291620211219 40.5 20.6  0.009999-99.9-99.9-99.9-99.911.2 8130.8 68 24.4   5  4.127.812.6
5291620211220 36.2 23.3 27.219999-99.9-99.9-99.9-99.9 5.3 3832.3 91 25.3   5  4.217.3 8.2
5291620211221 35.9 21.0  4.219999-99.9-99.9-99.9-99.911.6 8432.0 86 25.0   5  4.128.510.3
5291620211222 33.2 23.0  0.009999-99.9-99.9-99.9-99.9 6.0 4333.0 90 25.6   7  5.318.5 7.3
5291620211223 32.3 20.1  0.009999-99.9-99.9-99.9-99.913.6 9820.9 54 17.9   8  6.032.018.8
5291620211224 33.4 15.3  0.009999-99.9-99.9-99.9-99.913.7 9921.1 60 17.9   6  4.732.114.2
5291620211225 36.3 16.8  0.009999-99.9-99.9-99.9-99.913.4 9720.6 54 16.4   5  3.931.615.3
5291620211226 36.1 20.2  0.009999-99.9-99.9-99.9-99.913.2 9521.9 57 17.4   7  5.431.217.9
5291620211227 36.5 17.4  0.009999-99.9-99.9-99.9-99.913.3 9622.0 58 17.5   6  5.131.516.6
5291620211228 38.7 16.6  0.009999-99.9-99.9-99.9-99.912.7 9224.2 56 18.8   5  3.930.314.6
5291620211229 38.3 18.8  0.009999-99.9-99.9-99.9-99.913.0 9424.5 56 19.5   5  4.430.815.9
5291620211230 40.3 19.4  0.009999-99.9-99.9-99.9-99.912.6 9125.5 56 19.9   6  4.530.216.6
5291620211231 40.1 22.6  0.009999-99.9-99.9-99.9-99.911.5 8326.5 59 20.7   5  3.928.215.2
5291620220101 41.1 20.1  0.219999-99.9-99.9-99.9-99.912.6 9127.6 56 20.9  11  9.130.1-9.9
5291620220102 32.7 22.3  5.419999-99.9-99.9-99.9-99.9 1.8 1317.2 54 14.7   7  5.311.214.6
5291620220103 36.9 20.9  0.009999-99.9-99.9-99.9-99.9 8.1 5921.3 55 17.6   5  3.622.313.0
5291620220104 36.7 20.3  0.009999-99.9-99.9-99.9-99.911.3 8220.7 54 17.1   7  5.827.919.1
5291620220105 34.9 21.5  0.009999-99.9-99.9-99.9-99.9 8.5 6220.0 54 16.8  10  8.322.923.0
5291620220106 33.8 19.5  0.009999-99.9-99.9-99.9-99.913.0 9419.7 58 16.4  10  7.930.821.7
5291620220107 35.7 18.9  0.009999-99.9-99.9-99.9-99.913.2 9621.0 56 17.1   9  7.031.120.2
5291620220108 37.2 19.3  0.009999-99.9-99.9-99.9-99.911.3 8222.6 54 18.2   7  5.727.816.8
5291620220109 38.6 18.6  0.009999-99.9-99.9-99.9-99.911.8 8623.8 58 18.9   6  4.828.716.7
5291620220110 38.5 20.4  0.009999-99.9-99.9-99.9-99.9 9.2 6724.8 58 19.7   5  4.124.014.3
5291620220111 39.7 17.7  0.009999-99.9-99.9-99.9-99.912.8 9326.2 59 20.0   6  4.730.316.4
5291620220112 41.1 18.4  0.009999-99.9-99.9-99.9-99.912.9 9427.9 58 20.7   5  4.230.515.7
5291620220113 41.9 18.0  0.009999-99.9-99.9-99.9-99.912.1 8928.8 58 21.4   7  5.729.217.1
5291620220114 40.1 25.6  0.009999-99.9-99.9-99.9-99.9 9.8 7129.4 57 23.0   9  6.925.019.8
5291620220115 41.5 28.3  0.009999-99.9-99.9-99.9-99.910.3 7631.4 57 24.2   9  7.426.023.1
5291620220116 42.6 29.6  0.009999-99.9-99.9-99.9-99.910.6 7835.1 58 26.2  11  8.826.5-9.9
5291620220117 42.4 31.4  0.009999-99.9-99.9-99.9-99.9 9.8 7235.2 61 26.2  12  9.625.0-9.9
5291620220118 39.1 28.8  0.009999-99.9-99.9-99.9-99.9 8.9 6626.9 59 21.8   9  7.423.522.7
5291620220119 40.3 26.8  0.009999-99.9-99.9-99.9-99.910.5 7728.4 59 22.4   5  4.126.116.1
5291620220120 42.2 27.7  0.009999-99.9-99.9-99.9-99.910.1 7431.8 57 24.2   6  4.925.417.6
5291620220121 41.5 25.9  0.009999-99.9-99.9-99.9-99.911.3 8432.7 58 24.7   8  6.827.621.4
5291620220122 42.2 28.6  0.009999-99.9-99.9-99.9-99.911.1 8234.0 61 25.6   9  7.627.323.8
5291620220123 41.4 28.6  0.219999-99.9-99.9-99.9-99.9 5.6 4229.5 56 23.3   8  6.117.618.7
5291620220124 40.0 27.6  0.009999-99.9-99.9-99.9-99.9 6.7 5030.1 57 23.6   8  6.319.518.8
5291620220125 42.1 27.2  0.009999-99.9-99.9-99.9-99.9 5.4 4028.9 55 22.7   7  5.417.116.8
5291620220126 38.3 27.9  0.009999-99.9-99.9-99.9-99.9 4.4 3224.4 53 20.4   9  7.115.320.4
5291620220127 30.0 25.1  0.009999-99.9-99.9-99.9-99.9-9.9 9918.6 53 16.3  13 10.7 7.3-9.9
5291620220128 34.4 19.0  0.009999-99.9-99.9-99.9-99.912.7 9520.7 57 17.2  10  7.929.822.0
5291620220129 35.2 17.5  0.009999-99.9-99.9-99.9-99.912.1 9020.5 57 16.8   8  6.628.718.3
5291620220130 37.7 16.3  0.009999-99.9-99.9-99.9-99.912.5 9322.7 57 18.1   4  3.429.313.1
5291620220131 39.1 20.7  0.009999-99.9-99.9-99.9-99.911.8 8926.8 59 21.0   6  5.228.216.7
5291620220201 41.8 20.0  0.009999-99.9-99.9-99.9-99.911.8 8829.4 59 22.3   6  4.828.015.8
5291620220202 41.5 21.5  0.009999-99.9-99.9-99.9-99.9 9.1 6830.8 59 23.4   6  4.823.415.5
5291620220203 33.6 27.2  0.009999-99.9-99.9-99.9-99.9 2.5 1921.9 55 18.8   8  6.711.918.6
5291620220204 37.0 20.0  5.019999-99.9-99.9-99.9-99.910.1 7622.4 57 18.1   7  5.624.916.6
5291620220205 34.2 22.0  0.009999-99.9-99.9-99.9-99.911.2 8520.4 55 17.2  12  9.527.024.0
5291620220206 31.0 19.3  0.009999-99.9-99.9-99.9-99.912.7 9617.0 55 14.3  12  9.829.4-9.9
5291620220207 32.5 12.1  0.009999-99.9-99.9-99.9-99.913.110016.8 57 13.5   6  4.930.214.5
5291620220208 35.5 13.9  0.009999-99.9-99.9-99.9-99.912.5 9520.1 57 16.0   5  4.129.013.2
5291620220209 36.9 16.2  0.009999-99.9-99.9-99.9-99.912.2 9322.1 57 17.6   6  4.728.414.9
5291620220210 39.6 17.2  0.009999-99.9-99.9-99.9-99.911.2 8524.8 58 19.3   4  3.626.613.0
5291620220211 41.4 20.1  0.009999-99.9-99.9-99.9-99.910.9 8328.2 58 21.6   9  7.526.120.0
5291620220212 31.0 18.7  3.219999-99.9-99.9-99.9-99.9-9.9 9913.5 51 11.4  12  9.3 4.4-9.9
5291620220213 31.5 16.2  0.009999-99.9-99.9-99.9-99.912.3 9416.8 57 13.9   8  6.028.316.6
5291620220214 35.5 14.0  0.009999-99.9-99.9-99.9-99.911.3 8719.7 57 15.7   5  3.926.612.6
5291620220215 39.5 16.2  0.009999-99.9-99.9-99.9-99.911.6 8924.9 60 19.3   6  4.427.014.0
5291620220216 41.6 18.0  0.009999-99.9-99.9-99.9-99.910.8 8328.5 60 21.5   5  4.425.614.2
5291620220217 37.4 22.6  0.009999-99.9-99.9-99.9-99.9 8.4 6524.9 56 20.4  10  7.721.520.7
5291620220218 40.0 18.7  0.009999-99.9-99.9-99.9-99.910.5 8126.9 58 21.1   5  3.925.014.3
5291620220219 40.5 18.9  0.009999-99.9-99.9-99.9-99.9 9.0 6926.8 58 20.8   4  3.122.311.5
5291620220220 34.6 22.8  0.009999-99.9-99.9-99.9-99.9 3.1 2421.9 57 18.5   7  5.312.414.8
5291620220221 34.8 19.3  0.219999-99.9-99.9-99.9-99.9 5.3 4120.5 55 17.2   5  4.216.112.2
5291620220222 37.0 21.4  0.009999-99.9-99.9-99.9-99.9 8.0 6323.4 58 19.1   7  5.420.615.3
5291620220223 40.0 21.8  0.009999-99.9-99.9-99.9-99.910.3 8127.1 58 21.3   9  6.924.418.6
5291620220224 42.5 23.6  0.819999-99.9-99.9-99.9-99.9 8.6 6725.8 57 20.3   9  7.521.420.4
5291620220225 38.7 22.7  0.009999-99.9-99.9-99.9-99.9 8.7 6924.2 56 19.7  11  8.521.621.2
5291620220226 41.8 25.1  0.009999-99.9-99.9-99.9-99.9 9.8 7730.6 56 23.4   8  6.723.219.3
5291620220227 42.9 29.3  0.009999-99.9-99.9-99.9-99.9 9.3 7335.3 60 26.1   9  7.222.421.8
5291620220228 39.7 25.0  4.219999-99.9-99.9-99.9-99.9 6.0 4824.8 56 20.5  13 10.516.9-9.9
5291620220301 25.6 21.8  9.419999-99.9-99.9-99.9-99.9-9.9 9914.7 51 12.7   6  4.5 3.9-9.9
5291620220302 36.1 22.0  0.009999-99.9-99.9-99.9-99.9 8.5 6721.1 52 17.6   5  4.020.813.3
5291620220303 37.3 23.2  0.009999-99.9-99.9-99.9-99.910.1 8123.1 53 19.2   4  3.523.513.7
5291620220304 39.4 23.6  0.009999-99.9-99.9-99.9-99.9 9.7 7726.3 54 21.0   5  4.022.614.6
5291620220305 40.0 26.0  0.009999-99.9-99.9-99.9-99.9 9.7 7727.4 55 21.7   8  6.722.520.9
5291620220306 33.1 24.8  0.009999-99.9-99.9-99.9-99.9 2.1 1719.1 51 16.6   8  6.410.116.6
5291620220307 40.9 22.0 33.619999-99.9-99.9-99.9-99.9 6.4 5220.7 52 16.7  12  9.417.124.0
5291620220308 24.9 21.3 15.419999-99.9-99.9-99.9-99.9-9.9 9913.0 48 10.9   6  4.7 3.3-9.9
5291620220309 37.5 22.1  0.819999-99.9-99.9-99.9-99.9 9.1 7321.4 52 17.6   7  5.721.216.7
5291620220310 27.6 19.9 40.219999-99.9-99.9-99.9-99.9-9.9 9912.0 47  9.6  12  9.8 2.5-9.9
5291620220311 29.6 20.0  0.009999-99.9-99.9-99.9-99.9 5.0 4013.6 49 11.1  11  9.014.521.7
5291620220312 29.1 14.1  0.009999-99.9-99.9-99.9-99.910.1 8214.2 53 11.3   8  6.822.616.1
5291620220313 29.9 15.0  0.009999-99.9-99.9-99.9-99.911.3 9214.9 53 12.0   7  5.824.515.6
5291620220314 29.4 14.4  0.009999-99.9-99.9-99.9-99.9 9.6 7813.9 53 10.9   4  3.521.610.8
5291620220315 31.1 14.5  0.009999-99.9-99.9-99.9-99.911.5 9415.6 54 12.6   5  3.824.611.6
5291620220316 33.6 15.7  0.009999-99.9-99.9-99.9-99.911.0 9017.4 53 14.1   3  2.523.6 9.7
5291620220317 36.0 19.8  0.009999-99.9-99.9-99.9-99.9 9.1 7520.2 57 16.5   4  3.620.611.4
5291620220318 33.9 20.7  0.009999-99.9-99.9-99.9-99.9 6.2 5116.8 52 14.2  12  9.316.023.1
5291620220319 26.7 14.3  0.009999-99.9-99.9-99.9-99.911.0 9113.0 54 10.3  13 10.823.423.2
5291620220320 29.7 14.0  0.009999-99.9-99.9-99.9-99.9 8.4 7014.4 56 11.6  12 10.019.319.7
5291620220321 35.1 17.6  0.419999-99.9-99.9-99.9-99.910.1 8418.4 54 15.2  11  8.621.819.3
5291620220322 27.7 21.1 24.019999-99.9-99.9-99.9-99.9-9.9 9914.4 51 12.3   8  6.3 0.3-9.9
5291620220323 22.9 20.5 12.419999-99.9-99.9-99.9-99.9-9.9 9912.7 49 10.5   9  7.3 2.1-9.9
5291620220324 24.2 17.5  0.219999-99.9-99.9-99.9-99.9 3.9 3311.8 50  9.3  10  7.912.018.7
5291620220325 27.3 11.9  0.009999-99.9-99.9-99.9-99.910.8 9112.3 52  9.2  10  7.722.516.7
5291620220326 28.6 15.0  0.009999-99.9-99.9-99.9-99.910.8 9013.0 50 10.2   4  3.122.310.2
5291620220327 31.6 14.0  0.009999-99.9-99.9-99.9-99.910.9 9114.9 51 11.7   3  2.122.3 8.3
5291620220328 31.9 14.0  0.009999-99.9-99.9-99.9-99.911.0 9315.5 52 12.4   6  4.922.413.3
5291620220329 36.5 18.0 57.419999-99.9-99.9-99.9-99.9 9.8 8320.6 53 16.9   6  5.120.513.6
5291620220330 30.5 13.2  0.009999-99.9-99.9-99.9-99.9-9.9 99 9.1 51  5.3  17 13.6 3.4-9.9
5291620220331 21.0  7.4  0.009999-99.9-99.9-99.9-99.911.2 95 9.1 52  5.0   7  5.422.311.4
5291620220401 23.8  9.5  0.009999-99.9-99.9-99.9-99.910.8 9210.4 52  6.9   7  5.821.712.5
5291620220402 27.1 10.8  7.819999-99.9-99.9-99.9-99.9 7.1 6012.0 53  8.8   6  4.716.010.6
5291620220403 25.2 18.8  3.819999-99.9-99.9-99.9-99.9-9.9 9913.3 49 11.2   5  4.0 3.4-9.9
5291620220404 26.6 18.9  0.009999-99.9-99.9-99.9-99.9 4.5 3913.0 51 10.7   7  5.312.213.2
5291620220405 28.5 17.6 10.619999-99.9-99.9-99.9-99.9 3.0 2613.6 51 11.3   4  3.5 9.9 9.1
5291620220406 28.3 21.6 43.019999-99.9-99.9-99.9-99.9 1.1  914.7 50 12.6   5  4.1 7.010.4
5291620220407 22.7 20.0 20.219999-99.9-99.9-99.9-99.9-9.9 9912.4 52 10.2   8  6.4 1.1-9.9
5291620220408 26.3 19.4  0.009999-99.9-99.9-99.9-99.9 5.1 4412.9 49 10.7   4  3.512.6 9.7
5291620220409 28.4 17.0  0.009999-99.9-99.9-99.9-99.9 8.8 7614.3 52 12.0   5  3.817.910.5
5291620220410 23.5 20.0 82.019999-99.9-99.9-99.9-99.9-9.9 9912.7 50 10.5  13 10.3 1.6-9.9
5291620220411 20.8 18.8 52.619999-99.9-99.9-99.9-99.9-9.9 9912.2 53  9.9   8  6.3 0.6-9.9
5291620220412 26.7 17.1  0.219999-99.9-99.9-99.9-99.9 7.5 6613.1 51 10.8   6  4.715.811.9
5291620220413 24.9 17.1  0.009999-99.9-99.9-99.9-99.9 9.5 8311.4 49  8.6  10  8.018.419.4
5291620220414 22.3 11.0  0.009999-99.9-99.9-99.9-99.910.6 93 9.6 50  5.9   6  5.219.812.2
5291620220415 22.8  9.9  0.009999-99.9-99.9-99.9-99.910.6 93 9.4 49  5.3   5  4.119.8 9.9
5291620220416 24.6 11.9  0.009999-99.9-99.9-99.9-99.9 9.9 8710.7 49  7.4   6  4.518.710.4
5291620220417 24.5 13.1  0.009999-99.9-99.9-99.9-99.9 9.7 8510.5 48  7.1   4  3.018.3 8.9
5291620220418 26.6 11.6  0.009999-99.9-99.9-99.9-99.910.1 8911.2 50  7.9   1  1.218.7 5.4
5291620220419 28.7 12.5  0.009999-99.9-99.9-99.9-99.9 9.8 8712.9 51 10.0   4  3.018.3 8.4
5291620220420 29.9 15.3  0.009999-99.9-99.9-99.9-99.9 7.8 6914.6 50 12.1   4  3.315.4 9.1
5291620220421 24.7 18.5  0.009999-99.9-99.9-99.9-99.9 1.3 1112.3 48  9.9   5  3.9 6.610.0
5291620220422 29.2 16.6  0.009999-99.9-99.9-99.9-99.9 7.1 6312.9 51 10.4   7  5.814.313.6
5291620220423 24.4 11.5  0.009999-99.9-99.9-99.9-99.9 9.6 86 9.9 50  6.3   5  3.817.6 9.6
5291620220424 31.1 14.2  0.009999-99.9-99.9-99.9-99.9 8.2 7315.1 48 12.4  10  8.215.516.7
5291620220425 32.2 25.0  2.219999-99.9-99.9-99.9-99.9 5.1 4618.3 48 16.0   9  7.511.520.1
5291620220426 32.6 22.0  0.009999-99.9-99.9-99.9-99.9 6.2 5619.4 51 16.7  12  9.412.822.8
5291620220427 33.5 22.7  0.009999-99.9-99.9-99.9-99.9 5.5 5018.5 49 15.8   9  7.311.820.1
5291620220428 25.5 18.3  7.219999-99.9-99.9-99.9-99.9 3.0 2711.8 48  9.3  12  9.3 8.621.7
5291620220429 22.7 14.0  0.009999-99.9-99.9-99.9-99.9 7.8 71 9.9 49  6.5  11  9.114.618.9
5291620220430 16.7 13.3 11.219999-99.9-99.9-99.9-99.9-9.9 99 7.9 47  3.6   4  3.1 0.9-9.9
5291620220501 18.5 15.8 12.019999-99.9-99.9-99.9-99.9-9.9 9910.0 51  7.0   4  3.4 1.6-9.9
5291620220502 18.0 14.7  7.219999-99.9-99.9-99.9-99.9-9.9 99 9.1 50  5.6  11  8.8 0.8-9.9
5291620220503 20.4 11.1  0.009999-99.9-99.9-99.9-99.9 7.0 64 8.2 46  3.8  12  9.413.318.5
5291620220504 21.7  9.7  0.009999-99.9-99.9-99.9-99.9 9.2 84 8.7 48  4.4   5  4.316.0 9.5
5291620220505 25.0 12.1  0.009999-99.9-99.9-99.9-99.9 4.6 4210.2 49  6.9   2  1.510.2 4.6
5291620220506 26.2 12.5  0.009999-99.9-99.9-99.9-99.9 7.7 7011.0 49  7.7   2  1.713.9 5.5
5291620220507 26.7 12.6  0.009999-99.9-99.9-99.9-99.9 8.9 8210.7 50  7.3   3  2.715.3 7.4
5291620220508 27.1 10.1  0.009999-99.9-99.9-99.9-99.9 9.7 89 9.3 46  4.5   2  1.716.2 5.5
5291620220509 23.6 12.5  4.619999-99.9-99.9-99.9-99.9 1.2 11 6.3 32  0.2   3  2.1 5.7 6.6
5291620220510 22.0 13.7  0.009999-99.9-99.9-99.9-99.9 4.4 41 6.1 32 -0.1   4  2.9 9.6 8.8
5291620220511 22.7 10.7  0.009999-99.9-99.9-99.9-99.9 8.3 77 6.1 32 -0.3   4  3.314.2 9.6
5291620220512 22.0 11.0  0.009999-99.9-99.9-99.9-99.9 9.0 83 5.8 32 -1.0   5  4.215.011.5
5291620220513 23.8 11.4  0.219999-99.9-99.9-99.9-99.9 8.6 80 6.6 32  0.6   5  3.714.410.3
5291620220514 23.1 15.2  0.009999-99.9-99.9-99.9-99.9 5.8 54 6.6 32  0.9   5  3.711.011.1
5291620220515 21.4 10.8  0.009999-99.9-99.9-99.9-99.9 8.1 76 5.7 32 -1.2   9  7.413.818.6
5291620220516 17.6  7.4  0.009999-99.9-99.9-99.9-99.9 9.2 86 4.7 32 -3.9   9  7.014.916.2
5291620220517 16.8  7.7  0.009999-99.9-99.9-99.9-99.9 8.0 75 4.4 32 -4.7  13 10.113.522.0
5291620220518 16.8  6.8  0.009999-99.9-99.9-99.9-99.9 8.7 81 4.5 32 -4.4   9  7.014.215.2
5291620220519 18.4  5.6  0.009999-99.9-99.9-99.9-99.9 9.1 85 4.6 32 -4.4   3  2.614.6 7.2
5291620220520 20.4  4.8  0.009999-99.9-99.9-99.9-99.9 9.0 84 4.9 32 -3.8   5  3.814.4 9.3
5291620220521 23.9  6.0  0.009999-99.9-99.9-99.9-99.9 8.2 77 5.5 32 -2.3   2  2.013.4 5.9
5291620220522 23.5  8.7  0.009999-99.9-99.9-99.9-99.9 7.3 69 5.6 32 -1.8   2  1.912.3 6.0
5291620220523 24.8  8.4  0.009999-99.9-99.9-99.9-99.9 8.8 83 6.1 32 -0.8   4  3.513.9 9.5
5291620220524 29.1 11.8  0.009999-99.9-99.9-99.9-99.9 7.5 71 8.1 32  3.1   6  4.912.413.3
5291620220525 29.5 19.4  1.619999-99.9-99.9-99.9-99.9 6.4 61 9.4 32  5.8   7  6.011.218.1
5291620220526 23.2 16.7  1.219999-99.9-99.9-99.9-99.9-9.9 99 6.8 32  1.5   6  4.9 2.3-9.9
5291620220527 18.1 15.7  0.619999-99.9-99.9-99.9-99.9-9.9 99 6.2 32  0.1   4  3.4 1.7-9.9
5291620220528 21.2 17.3  1.219999-99.9-99.9-99.9-99.9-9.9 99 7.1 33  2.1   3  2.3 1.9-9.9
5291620220529 19.5 12.1  0.619999-99.9-99.9-99.9-99.9-9.9 99 5.9 32 -0.7  10  7.7 3.5-9.9
5291620220530 16.3  8.0  0.009999-99.9-99.9-99.9-99.9 6.5 62 4.2 32 -5.4   7  6.011.013.6
5291620220531 15.1  3.0  0.009999-99.9-99.9-99.9-99.9 5.8 55 3.6 32 -7.6   6  4.810.2 9.9
5291620220601 16.8  3.7  0.009999-99.9-99.9-99.9-99.9 6.3 60 3.9 32 -6.6   6  5.110.710.3
5291620220602 17.6  4.6  0.009999-99.9-99.9-99.9-99.9 8.3 80 4.1 32 -6.0   7  5.312.911.6
5291620220603 17.1  2.4  0.009999-99.9-99.9-99.9-99.9 7.4 71 3.8 31 -6.9   6  4.611.9 9.5
5291620220604 19.4  5.1  0.009999-99.9-99.9-99.9-99.9 2.9 27 4.9 32 -3.6   4  3.2 6.9 7.3
5291620220605 24.3 15.2 27.219999-99.9-99.9-99.9-99.9 2.6 25 7.3 32  2.2   6  4.6 6.612.4
5291620220606 20.7 14.3  9.219999-99.9-99.9-99.9-99.9-9.9 99 5.8 32 -0.8   7  5.5 0.3-9.9
5291620220607 18.9 11.2  0.619999-99.9-99.9-99.9-99.9 3.6 35 5.4 32 -1.7   3  2.5 7.6 7.0
5291620220608 17.3 14.8  0.819999-99.9-99.9-99.9-99.9-9.9 99 5.7 32 -0.9   2  1.6 2.7-9.9
5291620220609 19.2 14.9  0.009999-99.9-99.9-99.9-99.9 1.6 15 6.0 32 -0.4   6  5.0 5.413.0
5291620220610 16.7  7.7  0.009999-99.9-99.9-99.9-99.9 6.9 67 4.5 32 -4.3  10  7.911.218.6
5291620220611 16.7  1.8  0.009999-99.9-99.9-99.9-99.9 8.9 85 3.5 31 -8.2   2  1.413.2 3.7
5291620220612 19.0  0.9  0.009999-99.9-99.9-99.9-99.9 8.9 86 4.0 31 -6.9   1  1.013.2 3.1
5291620220613 19.2  2.3  0.009999-99.9-99.9-99.9-99.9 8.8 85 4.3 32 -5.6   5  3.613.1 8.0
5291620220614 23.0  5.6  0.009999-99.9-99.9-99.9-99.9 8.9 86 5.3 32 -2.8   6  5.213.211.7
5291620220615 24.8  7.7  0.009999-99.9-99.9-99.9-99.9 8.6 83 6.1 32 -0.7   5  3.812.8 9.9
5291620220616 26.9 13.8  0.219999-99.9-99.9-99.9-99.9 4.0 39 7.4 32  2.4   4  3.5 7.910.2
5291620220617 19.5  9.2  0.009999-99.9-99.9-99.9-99.9 5.9 57 5.3 32 -2.2  11  8.810.022.2
5291620220618 17.6  3.9  0.009999-99.9-99.9-99.9-99.9 8.5 82 4.0 32 -6.4   3  2.312.7 5.7
5291620220619 20.6  2.6  0.009999-99.9-99.9-99.9-99.9 8.5 82 4.3 32 -5.8   3  2.412.7 5.6
5291620220620 23.0  5.6  0.009999-99.9-99.9-99.9-99.9 8.0 77 5.7 32 -1.8   4  2.812.2 7.0
5291620220621 19.7 15.6  0.009999-99.9-99.9-99.9-99.9-9.9 99 6.3 32  0.4   8  6.1 1.7-9.9
5291620220622 16.5 11.0  0.009999-99.9-99.9-99.9-99.9-9.9 99 4.6 32 -4.0  10  8.3 0.8-9.9
5291620220623 12.3  9.6  0.009999-99.9-99.9-99.9-99.9-9.9 99 4.1 32 -5.4   7  5.4 1.8-9.9
5291620220624 13.1 11.3  0.009999-99.9-99.9-99.9-99.9-9.9 99 4.6 32 -4.0   6  5.1 1.2-9.9
5291620220625 14.1 12.3  0.009999-99.9-99.9-99.9-99.9-9.9 99 4.9 32 -3.0   9  6.9 1.4-9.9
5291620220626 15.8 11.7  0.009999-99.9-99.9-99.9-99.9 0.0  0 5.0 32 -2.7   6  4.8 3.611.6
5291620220627 18.7 14.0  4.619999-99.9-99.9-99.9-99.9-9.9 99 5.9 32 -0.5   4  3.2 2.3-9.9
5291620220628 17.6  9.4  0.619999-99.9-99.9-99.9-99.9-9.9 99 5.0 32 -2.9   8  6.6 2.0-9.9
5291620220629 16.8  4.8  0.219999-99.9-99.9-99.9-99.9 7.8 76 4.2 32 -5.5   4  3.112.1 7.2
5291620220630 20.9  4.8  0.009999-99.9-99.9-99.9-99.9 8.4 81 4.8 32 -3.9   3  2.612.7 6.6
5291620220701 27.1  9.9  0.009999-99.9-99.9-99.9-99.9 6.0 58 7.6 32  2.4   7  5.910.114.8
5291620220702 22.2 14.6  0.009999-99.9-99.9-99.9-99.9 3.5 34 6.3 32  0.4   8  6.1 7.516.7
5291620220703 21.4 13.7  0.009999-99.9-99.9-99.9-99.9 2.4 23 6.1 32 -0.2   5  3.7 6.2 9.9
5291620220704 30.0 15.5  0.009999-99.9-99.9-99.9-99.9 3.8 37 8.8 32  4.8   5  4.2 7.812.4
5291620220705 22.0 16.8  0.009999-99.9-99.9-99.9-99.9-9.9 99 6.8 32  1.4   5  4.2 3.4-9.9
5291620220706 27.5 16.8  0.009999-99.9-99.9-99.9-99.9 4.6 44 8.1 32  3.6   4  3.0 8.7 9.3
5291620220707 22.2 16.5  0.009999-99.9-99.9-99.9-99.9 2.1 20 7.1 32  1.9  10  8.1 6.022.2
5291620220708 25.6 13.9  0.219999-99.9-99.9-99.9-99.9 3.9 38 7.1 32  1.8   5  3.9 8.011.0
5291620220709 30.7 16.8  0.009999-99.9-99.9-99.9-99.9 7.6 73 9.9 32  6.3   9  7.212.120.3
5291620220710 29.5 21.7  0.009999-99.9-99.9-99.9-99.9 3.8 36 9.9 32  6.7   9  7.5 7.923.2
5291620220711 22.9 11.7  0.419999-99.9-99.9-99.9-99.9-9.9 99 6.1 32 -0.2  12  9.4 1.3-9.9
5291620220712 17.7  5.7  0.009999-99.9-99.9-99.9-99.9 8.7 83 4.2 32 -5.5   5  4.013.4 9.6
5291620220713 19.8  2.4  0.009999-99.9-99.9-99.9-99.9 6.9 66 5.0 32 -3.7   7  5.411.411.2
5291620220714 26.8 14.2  4.419999-99.9-99.9-99.9-99.9 3.9 37 7.6 32  2.7   6  4.5 8.112.6
5291620220715 28.0 17.0 21.819999-99.9-99.9-99.9-99.9 5.2 49 7.9 32  3.3   8  6.6 9.618.9
5291620220716 17.1  9.5  2.019999-99.9-99.9-99.9-99.9-9.9 99 4.2 32 -5.0  17 13.6 2.1-9.9
5291620220717 15.2  5.4  0.009999-99.9-99.9-99.9-99.9 7.6 73 3.8 31 -6.7   3  2.612.4 6.4
5291620220718 16.4  3.9  0.009999-99.9-99.9-99.9-99.9 1.3 13 4.4 32 -4.9   4  2.8 5.4 6.5
5291620220719 21.8 11.4  0.009999-99.9-99.9-99.9-99.9 8.0 75 5.9 32 -0.6   5  4.012.910.9
5291620220720 29.1 11.5  0.009999-99.9-99.9-99.9-99.9 7.6 72 8.0 32  2.9   4  2.812.5 8.5
5291620220721 29.0 18.9  0.219999-99.9-99.9-99.9-99.9 5.0 47 8.9 32  5.0   5  3.9 9.612.7
5291620220722 31.4 17.7  0.219999-99.9-99.9-99.9-99.9 5.9 56 9.2 32  5.3   8  6.210.718.0
5291620220723 29.3 18.8  0.009999-99.9-99.9-99.9-99.9 6.1 58 9.1 32  5.4   7  5.711.017.2
5291620220724 32.1 20.8  0.009999-99.9-99.9-99.9-99.9 6.4 6010.4 32  7.1   6  4.411.414.5
5291620220725 30.8 18.6  0.009999-99.9-99.9-99.9-99.9 8.0 7510.1 32  6.7   6  5.213.316.7
5291620220726 32.3 18.8  0.619999-99.9-99.9-99.9-99.9 8.3 7810.2 32  6.7   6  4.613.715.3
5291620220727 32.0 18.0  0.819999-99.9-99.9-99.9-99.9 7.2 67 9.9 32  6.3   4  3.312.511.2
5291620220728 22.6 12.7  0.009999-99.9-99.9-99.9-99.9-9.9 99 6.0 32 -0.4  12  9.3 1.3-9.9
5291620220729 19.3  5.3  0.009999-99.9-99.9-99.9-99.9 9.5 88 4.3 32 -5.2   4  2.915.2 7.6
5291620220730 21.1  3.4  0.009999-99.9-99.9-99.9-99.9 9.4 87 4.7 32 -4.4   4  3.315.2 8.0
5291620220731 24.6  5.9  0.009999-99.9-99.9-99.9-99.9 9.3 87 5.7 32 -1.9   3  2.215.3 6.6
5291620220801 25.1  9.6  0.009999-99.9-99.9-99.9-99.9 7.0 65 6.6 32  0.4   5  3.712.510.2
5291620220802 31.0 15.4  4.619999-99.9-99.9-99.9-99.9 4.9 45 8.8 32  4.5   6  4.610.113.5
5291620220803 24.6 18.9 40.019999-99.9-99.9-99.9-99.9 1.2 11 8.0 32  3.6   7  5.7 5.716.9
5291620220804 19.4 11.4  0.009999-99.9-99.9-99.9-99.9-9.9 99 5.2 32 -2.2  12  9.7 3.0-9.9
5291620220805 18.0  4.9  0.009999-99.9-99.9-99.9-99.9 9.2 85 4.2 32 -5.3   5  3.915.5 9.4
5291620220806 16.4  8.1  1.819999-99.9-99.9-99.9-99.9 1.1 10 4.4 32 -4.6   7  5.4 5.712.2
5291620220807 20.4 10.3  0.009999-99.9-99.9-99.9-99.9 5.4 49 5.3 32 -2.3   6  4.911.012.1
5291620220808 17.4 12.2  0.009999-99.9-99.9-99.9-99.9 0.3  3 5.3 32 -1.9  10  7.8 4.818.8
5291620220809 16.9 10.6  0.419999-99.9-99.9-99.9-99.9 1.2 11 4.8 32 -3.2  12  9.7 5.922.3
5291620220810 18.6  5.4  0.009999-99.9-99.9-99.9-99.9 9.1 83 4.4 32 -4.8   4  3.315.8 8.9
5291620220811 21.5  6.6  0.009999-99.9-99.9-99.9-99.9 9.4 85 5.3 32 -2.7   6  4.916.211.9
5291620220812 24.6 10.2  0.009999-99.9-99.9-99.9-99.9 6.9 63 6.4 32 -0.0   7  5.513.214.2
5291620220813 28.1 12.1  0.009999-99.9-99.9-99.9-99.9 8.6 78 7.7 32  2.6   6  5.015.514.5
5291620220814 30.8 17.7  0.009999-99.9-99.9-99.9-99.9 8.8 79 9.6 32  5.9   8  6.715.720.2
5291620220815 32.5 18.6  0.009999-99.9-99.9-99.9-99.9 7.4 67 9.2 32  5.2  12  9.614.1-9.9
5291620220816 24.5  9.0  0.009999-99.9-99.9-99.9-99.9 9.9 89 6.1 32 -0.6   8  6.717.417.8
5291620220817 25.5 11.0  0.009999-99.9-99.9-99.9-99.9 3.4 31 6.5 32  0.3  11  8.9 9.122.1
5291620220818 17.8  6.7  0.009999-99.9-99.9-99.9-99.9 9.8 88 4.3 32 -5.1  16 12.617.5-9.9
5291620220819 17.3 -1.4  0.009999-99.9-99.9-99.9-99.910.4 93 3.7 32 -7.9   4  3.118.3 7.4
5291620220820 20.7  1.4  0.009999-99.9-99.9-99.9-99.910.5 93 4.4 32 -5.5   5  4.218.510.0
5291620220821 22.8  4.0  0.009999-99.9-99.9-99.9-99.910.4 93 5.3 32 -3.1   4  3.618.5 9.5
5291620220822 26.2  8.0  0.009999-99.9-99.9-99.9-99.9 9.8 87 6.6 32  0.2   7  5.317.814.3
5291620220823 27.0 13.1  7.619999-99.9-99.9-99.9-99.9 3.2 28 7.0 32  1.5   8  6.2 9.116.8
5291620220824 31.8 15.5  0.219999-99.9-99.9-99.9-99.9 8.2 72 9.3 32  5.2   6  4.815.915.4
5291620220825 34.6 19.5  0.009999-99.9-99.9-99.9-99.9 8.3 7311.1 32  7.9   7  5.816.119.2
5291620220826 33.2 18.2  0.009999-99.9-99.9-99.9-99.9 5.4 4710.0 32  6.6   6  5.012.317.0
5291620220827 35.2 17.6  2.219999-99.9-99.9-99.9-99.9 7.7 6810.9 32  7.4  12  9.615.6-9.9
5291620220828 22.8  7.6  0.009999-99.9-99.9-99.9-99.9 6.7 59 4.6 32 -4.2  16 12.814.3-9.9
5291620220829 18.5  3.3  0.219999-99.9-99.9-99.9-99.9 8.2 72 6.1 45 -1.5   9  7.216.412.6
5291620220830 23.9  8.2  0.219999-99.9-99.9-99.9-99.9 8.0 7011.6 63  9.0   7  5.516.3 8.3
5291620220831 27.5 12.2  0.009999-99.9-99.9-99.9-99.9 8.8 7614.6 61 12.6   9  7.217.312.4
5291620220901 26.6 16.0  0.619999-99.9-99.9-99.9-99.9-9.9 9918.0 78 15.8  11  8.5 4.0-9.9
5291620220902 23.0 13.9  0.009999-99.9-99.9-99.9-99.9 4.8 4114.5 68 12.2  14 11.312.014.9
5291620220903 21.3  5.8  0.009999-99.9-99.9-99.9-99.910.9 94 8.2 55  3.8   6  5.020.610.2
5291620220904 21.6  2.5  0.009999-99.9-99.9-99.9-99.910.7 92 7.2 48  2.3   7  5.620.510.7
5291620220905 22.8  4.0  0.009999-99.9-99.9-99.9-99.910.5 91 9.4 61  6.0   3  2.420.3 5.8
5291620220906 26.7  4.7  0.009999-99.9-99.9-99.9-99.910.3 88 9.3 53  5.7   3  2.020.1 6.4
5291620220907 30.2  9.4  0.009999-99.9-99.9-99.9-99.910.4 8912.2 53  9.6   8  6.220.413.2
5291620220908 34.3 16.2  0.009999-99.9-99.9-99.9-99.9 6.5 5518.2 56 16.0   8  6.614.813.4
5291620220909 24.4 14.6  0.009999-99.9-99.9-99.9-99.9 2.3 1911.2 58  8.3  19 14.8 8.8-9.9
5291620220910 20.3  3.5  0.009999-99.9-99.9-99.9-99.910.8 92 7.5 52  2.9   5  3.921.3 9.0
5291620220911 23.5  4.8  0.009999-99.9-99.9-99.9-99.9 7.6 64 8.6 51  4.8   6  4.916.7 9.2
5291620220912 24.8  6.3  0.009999-99.9-99.9-99.9-99.910.5 89 9.3 52  5.9   7  5.421.011.4
5291620220913 25.0  6.5  0.009999-99.9-99.9-99.9-99.910.9 92 9.3 51  5.7   7  5.721.812.5
5291620220914 24.7  8.4  0.009999-99.9-99.9-99.9-99.910.6 9010.7 57  7.9   8  6.221.412.5
5291620220915 25.7  7.8  0.009999-99.9-99.9-99.9-99.911.0 9211.1 56  8.4   6  4.522.110.1
5291620220916 27.7  9.1  0.009999-99.9-99.9-99.9-99.911.2 9411.5 52  8.9   8  6.622.514.3
5291620220917 31.0  9.6  0.009999-99.9-99.9-99.9-99.910.6 8912.2 42  9.9  12  9.721.821.7
5291620220918 26.2 14.6 37.019999-99.9-99.9-99.9-99.9 3.7 3114.2 59 12.0  12  9.911.517.0
5291620220919 23.4 15.7  0.219999-99.9-99.9-99.9-99.9 1.6 1418.0 85 15.8  10  7.9 8.4 7.1
5291620220920 25.3 14.4  0.009999-99.9-99.9-99.9-99.9 6.4 5317.7 79 15.6   7  5.815.7 7.2
5291620220921 25.5 14.8  1.019999-99.9-99.9-99.9-99.9 8.2 6817.4 73 15.3  10  8.218.610.8
5291620220922 20.9  9.7  0.009999-99.9-99.9-99.9-99.910.6 8711.2 62  8.5  12  9.322.215.1
5291620220923 24.1  5.3  0.009999-99.9-99.9-99.9-99.911.3 93 9.1 50  5.5   4  2.923.4 8.4
5291620220924 25.3  6.6  0.009999-99.9-99.9-99.9-99.911.3 9310.1 49  7.1   7  5.723.612.7
5291620220925 27.4  9.6  0.009999-99.9-99.9-99.9-99.910.6 8711.9 56  9.5   4  3.522.6 9.2
5291620220926 28.4  9.7  0.009999-99.9-99.9-99.9-99.910.7 8814.7 65 12.7   5  3.722.8 8.7
5291620220927 29.4 12.6  0.009999-99.9-99.9-99.9-99.910.8 8913.3 45 11.1  12  9.523.120.9
5291620220928 26.0 16.3  0.009999-99.9-99.9-99.9-99.9 7.1 5811.2 45  8.6  16 13.017.4-9.9
5291620220929 24.0 13.7  0.009999-99.9-99.9-99.9-99.9 7.5 6114.0 64 11.9  10  8.118.114.5
5291620220930 27.1 13.8  0.009999-99.9-99.9-99.9-99.910.4 8414.6 64 12.5   6  4.722.710.7
5291620221001 28.2 10.1  0.009999-99.9-99.9-99.9-99.911.3 9213.9 61 11.8   5  4.324.210.4
5291620221002 28.6 12.6  0.009999-99.9-99.9-99.9-99.911.5 9313.0 51 10.7   8  6.224.715.4
5291620221003 29.2 10.3  0.009999-99.9-99.9-99.9-99.911.8 9511.3 44  8.7  10  7.825.219.7
5291620221004 30.0  9.4  0.009999-99.9-99.9-99.9-99.912.0 9710.5 41  7.5  10  7.725.620.5
5291620221005 25.2 13.3 64.219999-99.9-99.9-99.9-99.9-9.9 9917.1 77 14.6  13 10.1 5.6-9.9
5291620221006 23.2 16.4  0.219999-99.9-99.9-99.9-99.9 3.9 3117.9 85 15.6  15 12.112.811.8
5291620221007 27.7 11.5  0.009999-99.9-99.9-99.9-99.911.8 9513.0 54 10.7   4  3.425.6 9.9
5291620221008 31.4 14.2  3.619999-99.9-99.9-99.9-99.911.0 8813.1 41 10.4  12  9.724.423.9
5291620221009 20.2 10.2  0.009999-99.9-99.9-99.9-99.9 7.4 59 9.0 59  5.4  10  8.118.615.5
5291620221010 19.4  8.9  0.009999-99.9-99.9-99.9-99.9 2.3 1810.1 60  7.0   8  6.810.4 9.9
5291620221011 23.3 10.5  0.009999-99.9-99.9-99.9-99.9 8.0 6413.9 76 11.8   5  3.919.8 7.0
5291620221012 27.2  9.3  0.009999-99.9-99.9-99.9-99.911.5 9113.9 67 11.8   3  2.725.5 8.4
5291620221013 30.3 12.0  0.009999-99.9-99.9-99.9-99.911.8 9315.1 53 13.1   5  4.326.212.3
5291620221014 27.6 14.2  0.009999-99.9-99.9-99.9-99.911.4 9015.7 62 13.7  11  8.525.616.5
5291620221015 29.4 14.2  0.009999-99.9-99.9-99.9-99.9 9.9 7818.1 65 15.8   7  5.723.211.1
5291620221016 30.4 16.9  0.009999-99.9-99.9-99.9-99.910.1 7917.5 57 15.4   9  7.023.616.6
5291620221017 24.9 15.4  0.009999-99.9-99.9-99.9-99.9 4.0 3215.1 66 13.1   9  7.413.612.9
5291620221018 29.4 13.9  0.009999-99.9-99.9-99.9-99.911.3 8915.8 58 13.8   5  4.025.811.3
5291620221019 32.3 14.6 33.219999-99.9-99.9-99.9-99.9 5.6 4420.1 80 17.4   4  2.916.3 6.3
5291620221020 26.3 18.7  0.219999-99.9-99.9-99.9-99.9 3.1 2422.0 84 19.0   7  5.412.2 6.5
5291620221021 28.2 15.3  0.009999-99.9-99.9-99.9-99.911.7 9118.5 67 16.3   7  5.926.512.4
5291620221022 30.3 14.7  0.009999-99.9-99.9-99.9-99.911.2 8718.6 59 16.3   5  4.225.911.6
5291620221023 29.1 15.7  0.009999-99.9-99.9-99.9-99.911.6 9018.6 68 16.4   8  6.226.613.5
5291620221024 31.8 15.3  0.009999-99.9-99.9-99.9-99.911.9 9215.6 50 13.6   9  7.227.119.2
5291620221025 34.4 16.6  0.009999-99.9-99.9-99.9-99.912.0 9215.7 43 13.7   8  6.227.319.5
5291620221026 30.6 19.0 17.619999-99.9-99.9-99.9-99.9-9.9 9920.4 80 17.7  10  8.2 4.9-9.9
5291620221027 30.5 14.1  0.009999-99.9-99.9-99.9-99.912.6 9717.0 62 14.8   4  3.428.511.4
5291620221028 31.5 14.1  0.009999-99.9-99.9-99.9-99.912.2 9417.7 51 15.4   7  5.228.014.2
5291620221029 35.9 20.4  0.009999-99.9-99.9-99.9-99.9 9.4 7224.7 55 20.8   8  6.023.215.4
5291620221030 34.7 16.8  5.819999-99.9-99.9-99.9-99.9 8.6 6619.3 58 16.7  18 14.722.0-9.9
5291620221031 20.7 12.4  0.009999-99.9-99.9-99.9-99.9 6.6 5110.0 56  6.6  21 17.018.6-9.9
5291620221101 21.7  7.3  0.009999-99.9-99.9-99.9-99.912.9 99 8.2 49  4.2   8  6.429.415.8
5291620221102 24.2  6.0  0.009999-99.9-99.9-99.9-99.913.2100 8.9 41  5.3   6  4.929.913.8
5291620221103 27.6  8.0  0.009999-99.9-99.9-99.9-99.913.2100 9.7 38  6.5   6  4.929.915.1
5291620221104 29.1 11.6  0.009999-99.9-99.9-99.9-99.910.7 8111.2 42  8.5   8  6.425.718.2
5291620221105 30.5 11.9  0.009999-99.9-99.9-99.9-99.913.0 9812.5 47 10.2   8  6.229.718.1
5291620221106 31.1 13.3  0.009999-99.9-99.9-99.9-99.912.9 9712.9 42 10.7   8  6.729.620.1
5291620221107 31.0 15.4  0.009999-99.9-99.9-99.9-99.912.7 9612.5 40 10.2  11  8.929.3-9.9
5291620221108 30.1 14.4  0.009999-99.9-99.9-99.9-99.913.2 9912.1 45  9.8   9  6.830.221.0
5291620221109 32.5 12.9  0.009999-99.9-99.9-99.9-99.912.6 9413.1 44 10.9   9  7.529.221.6
5291620221110 22.6 17.8  3.219999-99.9-99.9-99.9-99.9-9.9 9917.4 78 15.2   6  5.2 3.6-9.9
5291620221111 32.9 14.0  0.219999-99.9-99.9-99.9-99.910.8 8119.6 60 17.2   5  4.026.311.3
5291620221112 33.9 19.4 19.619999-99.9-99.9-99.9-99.9 7.1 5321.7 64 18.8   7  5.319.912.5
5291620221113 28.8 19.4  7.219999-99.9-99.9-99.9-99.9 6.1 4622.5 79 19.4   8  6.518.2 9.2
5291620221114 29.0 17.5  0.419999-99.9-99.9-99.9-99.913.3 9914.9 56 12.6   9  7.030.618.9
5291620221115 32.6 13.2  0.009999-99.9-99.9-99.9-99.913.1 9714.2 48 11.9   3  2.330.311.6
5291620221116 32.8 13.3  0.009999-99.9-99.9-99.9-99.912.9 9615.5 43 13.4   4  3.430.113.8
5291620221117 34.0 14.2  0.009999-99.9-99.9-99.9-99.913.1 9715.3 42 13.2   6  4.730.417.4
5291620221118 35.0 16.2  0.009999-99.9-99.9-99.9-99.913.0 9615.3 38 13.3   8  6.330.322.0
5291620221119 35.3 15.8  0.009999-99.9-99.9-99.9-99.913.0 9616.5 41 14.4   8  6.430.321.4
5291620221120 29.2 21.9 11.419999-99.9-99.9-99.9-99.9-9.9 9923.7 84 20.1   7  5.8 4.6-9.9
5291620221121 27.1 20.7 10.819999-99.9-99.9-99.9-99.9 1.2  923.3 93 19.9   9  7.3 9.9 6.1
5291620221122 27.0 16.8  0.009999-99.9-99.9-99.9-99.913.4 9914.1 50 11.7  11  8.631.121.7
5291620221123 30.2 10.7  0.009999-99.9-99.9-99.9-99.913.3 9712.2 43  9.9   6  4.530.915.7
5291620221124 34.3 12.7  0.009999-99.9-99.9-99.9-99.913.2 9713.8 38 11.7   4  3.630.814.7
5291620221125 35.7 17.1  0.009999-99.9-99.9-99.9-99.912.4 9114.0 34 11.9   8  6.729.524.4
5291620221126 35.8 19.5  0.009999-99.9-99.9-99.9-99.913.1 9614.4 37 12.3  10  8.230.8-9.9
5291620221127 37.4 19.6  0.009999-99.9-99.9-99.9-99.910.8 7920.0 46 17.5   7  5.926.719.8
5291620221128 36.0 21.8  0.009999-99.9-99.9-99.9-99.912.0 8820.2 48 17.7   9  7.128.923.2
5291620221129 37.0 19.0  0.009999-99.9-99.9-99.9-99.912.2 8917.9 42 15.7   7  5.229.319.7
5291620221130 38.0 20.1  3.619999-99.9-99.9-99.9-99.911.0 8020.8 45 18.1   6  4.527.117.0
5291620221201 32.8 20.8  2.619999-99.9-99.9-99.9-99.9 3.4 2423.4 71 20.0   9  7.113.711.3
5291620221202 30.7 20.2  0.009999-99.9-99.9-99.9-99.9 9.2 6721.0 59 18.3   9  7.524.117.5
5291620221203 33.2 21.1  1.219999-99.9-99.9-99.9-99.9 7.2 5222.6 65 19.4   5  4.220.511.9
5291620221204 36.1 18.5  1.219999-99.9-99.9-99.9-99.911.2 8220.4 47 17.6   6  5.027.616.5
5291620221205 37.7 19.4  0.009999-99.9-99.9-99.9-99.912.8 9319.6 44 17.1   6  5.130.319.8
5291620221206 40.6 20.7  0.009999-99.9-99.9-99.9-99.911.9 8621.2 41 18.4   5  4.028.817.6
5291620221207 40.7 23.3  0.009999-99.9-99.9-99.9-99.9 8.9 6521.2 38 18.3   5  3.923.617.8
5291620221208 41.1 25.6  1.619999-99.9-99.9-99.9-99.9 5.2 3826.2 66 21.8   7  5.817.116.7
5291620221209 40.2 22.9  1.219999-99.9-99.9-99.9-99.9 9.1 6628.2 51 23.1   8  6.023.917.9
5291620221210 33.6 21.6 21.219999-99.9-99.9-99.9-99.9-9.9 9927.0 83 22.2   9  7.4 1.8-9.9
5291620221211 33.5 22.6  0.819999-99.9-99.9-99.9-99.9 7.2 5228.3 74 23.1   4  3.120.7 8.7
5291620221212 37.2 24.7  0.219999-99.9-99.9-99.9-99.911.6 8427.7 63 22.5   7  5.328.416.8
5291620221213 34.8 18.2  0.009999-99.9-99.9-99.9-99.913.5 9713.1 39 10.9   7  5.831.724.6
5291620221214 35.7 16.3  0.009999-99.9-99.9-99.9-99.913.4 9713.7 35 11.5   7  5.231.620.9
5291620221215 33.5 14.3  0.009999-99.9-99.9-99.9-99.9 7.9 5717.4 51 15.2   8  6.421.817.8
5291620221216 34.0 19.5  0.009999-99.9-99.9-99.9-99.911.3 8214.2 36 11.8   9  7.427.8-9.9
5291620221217 32.3 16.2  1.019999-99.9-99.9-99.9-99.9 8.6 6213.8 42 11.5  10  7.723.222.0
5291620221218 34.0 19.5  0.219999-99.9-99.9-99.9-99.913.5 9815.9 39 13.8   7  5.431.820.0
5291620221219 36.2 17.7  0.009999-99.9-99.9-99.9-99.910.0 7217.1 39 15.0   5  4.325.516.4
5291620221220 37.4 19.8  0.009999-99.9-99.9-99.9-99.911.3 8116.9 39 14.6   7  5.727.822.1
5291620221221 38.0 18.2  0.009999-99.9-99.9-99.9-99.913.4 9714.3 32 12.0   5  4.331.620.3
5291620221222 38.9 20.1  0.009999-99.9-99.9-99.9-99.911.2 8117.0 35 14.9   6  5.227.821.5
5291620221223 37.7 24.5  0.009999-99.9-99.9-99.9-99.9 8.7 6318.3 39 16.0   9  6.923.4-9.9
5291620221224 34.2 21.7 12.419999-99.9-99.9-99.9-99.9 6.2 4522.0 68 19.0   9  7.118.917.2
5291620221225 31.9 21.3 10.219999-99.9-99.9-99.9-99.9 6.5 4722.8 67 19.5   9  7.319.413.7
5291620221226 32.8 19.7  0.219999-99.9-99.9-99.9-99.911.0 8016.5 45 14.4  10  7.627.423.7
5291620221227 26.3 18.9 18.019999-99.9-99.9-99.9-99.9-9.9 9920.0 88 17.4   7  5.4 6.3-9.9
5291620221228 31.7 17.1  1.419999-99.9-99.9-99.9-99.912.9 9320.5 68 17.9   5  3.730.611.9
5291620221229 34.9 18.3  0.009999-99.9-99.9-99.9-99.912.4 8917.7 48 15.5   4  3.429.814.4
5291620221230 38.3 18.1  0.219999-99.9-99.9-99.9-99.912.8 9316.1 35 14.0   4  3.330.516.1
5291620221231 40.0 20.3  0.009999-99.9-99.9-99.9-99.912.5 9115.0 29 13.0   6  4.630.121.4
5291620230101 41.5 23.2 14.019999-99.9-99.9-99.9-99.9 9.3 6822.9 56 19.5  10  7.624.424.1
5291620230102 32.4 23.0  0.619999-99.9-99.9-99.9-99.9 7.0 5122.6 69 19.0   8  6.620.315.0
5291620230103 30.0 17.2  0.009999-99.9-99.9-99.9-99.9 1.8 1315.0 49 13.0   5  3.911.211.0
5291620230104 34.8 16.3  0.009999-99.9-99.9-99.9-99.912.9 9314.4 36 12.2   8  6.230.621.6
5291620230105 37.0 15.1  0.009999-99.9-99.9-99.9-99.913.3 9713.4 35 11.0   4  3.131.416.2
5291620230106 38.0 17.0  0.009999-99.9-99.9-99.9-99.910.6 7715.6 35 13.5   5  3.826.617.0
5291620230107 37.9 19.3  0.009999-99.9-99.9-99.9-99.912.8 9315.6 32 13.3   7  5.430.523.2
5291620230108 37.8 18.3  0.009999-99.9-99.9-99.9-99.911.5 8414.4 34 12.2   5  3.628.217.3
5291620230109 38.1 18.2  0.009999-99.9-99.9-99.9-99.9 9.2 6715.9 35 13.8   4  3.124.115.0
5291620230110 39.4 20.2  0.009999-99.9-99.9-99.9-99.910.5 7716.7 34 14.6   5  3.826.417.9
5291620230111 40.1 22.3  0.009999-99.9-99.9-99.9-99.9 8.4 6219.1 37 16.6   7  5.222.720.8
5291620230112 39.2 21.5 37.819999-99.9-99.9-99.9-99.9 7.1 5221.1 57 18.3  11  8.520.323.2
5291620230113 27.2 19.7  0.819999-99.9-99.9-99.9-99.9 2.5 1822.7 82 19.5   8  6.212.2 7.4
5291620230114 32.2 16.3  2.019999-99.9-99.9-99.9-99.911.7 8617.8 56 15.5   3  2.328.410.8
5291620230115 34.0 16.1  8.819999-99.9-99.9-99.9-99.913.0 9517.3 50 15.0   3  2.730.713.1
5291620230116 36.0 17.8  1.819999-99.9-99.9-99.9-99.912.7 9318.9 46 16.6   3  2.630.213.2
5291620230117 38.4 21.3  0.009999-99.9-99.9-99.9-99.9 9.9 7321.7 45 18.8   4  3.425.214.4
5291620230118 38.5 22.3  4.419999-99.9-99.9-99.9-99.910.8 7926.6 65 22.0   5  4.226.814.8
5291620230119 39.7 23.5  0.009999-99.9-99.9-99.9-99.911.4 8427.5 56 22.6   5  3.627.714.2
5291620230120 40.0 22.7  0.009999-99.9-99.9-99.9-99.912.2 9023.4 45 19.9   7  5.429.120.6
5291620230121 34.9 25.0  0.009999-99.9-99.9-99.9-99.9 8.9 6623.3 56 19.9  11  9.223.423.5
5291620230122 37.5 20.4  0.009999-99.9-99.9-99.9-99.912.8 9421.4 47 18.5   6  4.930.118.2
5291620230123 40.7 20.5  0.009999-99.9-99.9-99.9-99.912.4 9217.9 31 15.5   4  2.929.415.8
5291620230124 40.7 20.8  0.009999-99.9-99.9-99.9-99.911.7 8619.4 36 16.9   5  4.328.119.6
5291620230125 40.5 25.0  1.019999-99.9-99.9-99.9-99.9 6.0 4423.1 50 19.6   7  5.418.217.7
5291620230126 40.6 23.5  0.009999-99.9-99.9-99.9-99.9 6.9 5125.9 55 21.6   7  6.019.815.9
5291620230127 41.5 23.3  0.009999-99.9-99.9-99.9-99.910.4 7722.6 40 19.2   7  5.925.821.6
5291620230128 33.5 23.7  0.009999-99.9-99.9-99.9-99.9 3.8 2824.8 63 20.9   8  6.214.214.6
5291620230129 38.2 24.7  0.009999-99.9-99.9-99.9-99.9 8.3 6222.9 48 19.6   7  5.422.118.9
5291620230130 37.7 22.8  0.219999-99.9-99.9-99.9-99.9 6.9 5223.0 55 19.7   6  4.619.714.7
5291620230131 39.8 20.3  0.009999-99.9-99.9-99.9-99.911.9 8920.2 42 17.2   4  3.428.215.4
5291620230201 40.4 19.9  0.009999-99.9-99.9-99.9-99.910.9 8217.7 38 15.4   4  3.326.516.1
5291620230202 36.1 23.8  0.009999-99.9-99.9-99.9-99.9 6.1 4623.7 59 20.2  11  8.718.221.4
5291620230203 33.9 21.0  0.009999-99.9-99.9-99.9-99.9 8.9 6721.4 55 18.5  11  8.722.920.0
5291620230204 35.5 20.3  0.009999-99.9-99.9-99.9-99.911.3 8517.1 42 14.9   8  6.327.122.0
5291620230205 36.1 17.3  0.009999-99.9-99.9-99.9-99.912.1 9113.9 33 11.9   5  4.228.518.2
5291620230206 39.6 18.2  0.009999-99.9-99.9-99.9-99.911.9 9016.0 32 13.9   6  4.528.119.3
5291620230207 41.7 22.4  0.009999-99.9-99.9-99.9-99.910.1 7619.0 37 16.6   6  4.824.920.3
5291620230208 41.2 24.6  0.009999-99.9-99.9-99.9-99.9 9.2 7018.7 35 16.2   6  4.623.320.4
5291620230209 33.5 20.7  4.019999-99.9-99.9-99.9-99.9 1.5 1124.2 77 20.5   9  7.010.012.0
5291620230210 37.5 23.5  0.009999-99.9-99.9-99.9-99.9 9.8 7424.3 59 20.6   6  4.724.215.2
5291620230211 39.0 22.1  0.009999-99.9-99.9-99.9-99.910.1 7723.4 49 19.9   6  4.824.817.1
5291620230212 40.6 23.1  0.009999-99.9-99.9-99.9-99.911.1 8520.8 40 17.9   7  5.526.321.7
5291620230213 41.3 25.7  0.009999-99.9-99.9-99.9-99.910.6 8124.0 47 20.4   7  5.725.421.4
5291620230214 38.8 22.2 59.819999-99.9-99.9-99.9-99.9 7.7 5924.7 61 20.9  10  8.220.520.0
5291620230215 35.1 22.0  0.009999-99.9-99.9-99.9-99.9 9.8 7526.5 67 22.0   3  2.423.9 9.6
5291620230216 33.7 22.2  0.009999-99.9-99.9-99.9-99.9 6.9 5424.7 75 20.8  11  8.919.116.7
5291620230217 23.2 14.7-99.999999-99.9-99.9-99.9-99.911.9 9210.8 38  7.0  20 16.227.4-9.9
5291620230218-99.9-99.9-99.999999-99.9-99.9-99.9-99.9-9.9 99-9.9-99-99.9 -99-99.9-9.9-9.9
5291620230224-99.9-99.9-99.999999-99.9-99.9-99.9-99.9-9.9 99-9.9-99-99.9 -99-99.9-9.9-9.9
5291620230225 36.5 21.0 10.419999-99.9-99.9-99.9-99.910.2 8024.1 69 20.4   6  4.924.012.6
5291620230226 33.6 18.4  0.009999-99.9-99.9-99.9-99.911.0 8723.3 62 19.9   3  2.725.3 9.8
5291620230227 34.6 20.8  0.009999-99.9-99.9-99.9-99.910.9 8623.8 64 20.2   4  3.025.011.2
5291620230228 35.4 19.0  0.009999-99.9-99.9-99.9-99.910.7 8521.7 57 18.7   4  3.024.711.8
5291620230301 35.3 22.2 29.419999-99.9-99.9-99.9-99.9 7.6 6025.7 71 21.5   6  4.819.410.8
5291620230302 25.4 20.5 61.819999-99.9-99.9-99.9-99.9-9.9 9926.2 98 21.9   3  2.5 6.5-9.9
5291620230303 29.6 20.9  3.819999-99.9-99.9-99.9-99.9 7.3 5827.4 89 22.6   5  3.718.8 6.2
5291620230304 32.4 21.4  0.009999-99.9-99.9-99.9-99.910.7 8628.6 81 23.3   4  3.124.4 8.6
5291620230305 34.5 22.1  0.009999-99.9-99.9-99.9-99.911.3 9025.5 63 21.3   5  3.925.211.9
5291620230306 33.7 19.7  0.009999-99.9-99.9-99.9-99.911.4 9123.3 62 19.9   5  3.925.311.9
5291620230307 28.7 19.0  0.009999-99.9-99.9-99.9-99.9 2.3 1925.3 85 21.2   3  2.210.4 4.4
5291620230308 33.9 20.3  0.009999-99.9-99.9-99.9-99.910.3 8326.4 72 22.0   2  2.023.3 8.2
5291620230309 35.9 22.0  0.009999-99.9-99.9-99.9-99.910.4 8429.5 74 23.8   2  1.923.4 8.5
5291620230310 34.9 21.4  0.009999-99.9-99.9-99.9-99.910.3 8328.3 73 23.1   3  2.023.1 8.7
5291620230311 37.3 21.5  0.009999-99.9-99.9-99.9-99.910.3 8427.0 68 22.3   2  1.923.1 9.2
5291620230312 37.9 20.1  0.009999-99.9-99.9-99.9-99.910.5 8525.3 59 21.2   3  2.523.310.1
5291620230313 35.4 22.3  0.009999-99.9-99.9-99.9-99.910.1 8227.2 63 22.4   4  3.122.610.5
5291620230314 35.3 22.8  0.619999-99.9-99.9-99.9-99.9 9.4 7728.4 71 23.2   5  3.821.4 9.9
5291620230315 35.1 22.3  0.219999-99.9-99.9-99.9-99.9 7.3 6029.7 78 23.9   4  2.917.9 7.1
5291620230316 31.7 24.6  6.419999-99.9-99.9-99.9-99.9 2.9 2431.3 94 24.8   3  2.510.9 3.9
5291620230317 34.6 22.3 37.219999-99.9-99.9-99.9-99.9 9.3 7630.0 83 24.1   5  3.820.9 8.1
5291620230318 34.3 23.7  0.219999-99.9-99.9-99.9-99.9 3.2 2730.5 84 24.4   3  2.611.3 4.4
5291620230319 36.2 21.9  0.009999-99.9-99.9-99.9-99.910.1 8428.2 72 23.1   4  2.922.0 9.0
5291620230320 36.5 22.0  0.009999-99.9-99.9-99.9-99.910.3 8528.7 70 23.3   2  1.422.1 7.8
5291620230321 37.4 22.6  0.009999-99.9-99.9-99.9-99.9 9.9 8228.6 71 23.3   3  2.321.4 8.8
5291620230322 37.5 23.0  0.009999-99.9-99.9-99.9-99.9 9.7 8029.1 69 23.6   4  2.921.0 9.5
5291620230323 37.7 22.7  0.009999-99.9-99.9-99.9-99.9 8.9 7428.7 66 23.3   5  3.819.710.2
5291620230324 35.0 22.4 18.219999-99.9-99.9-99.9-99.9 5.6 4728.6 82 23.3   4  3.514.6 6.6
5291620230325 28.1 22.7  4.419999-99.9-99.9-99.9-99.9 1.4 1229.9100 24.0   3  2.8 8.1 2.4
5291620230326 30.8 19.2  0.009999-99.9-99.9-99.9-99.910.4 8724.4 81 20.7   3  2.421.7 7.3
5291620230327 30.0 17.4  0.009999-99.9-99.9-99.9-99.911.0 9219.8 69 17.3   5  3.822.5 9.7
5291620230328 33.8 16.4  0.009999-99.9-99.9-99.9-99.910.0 8420.8 67 18.1   4  2.920.9 8.3
5291620230329 36.7 21.9 41.019999-99.9-99.9-99.9-99.9 8.6 7228.3 71 23.1   4  3.218.7 8.9
5291620230330 29.6 20.9  2.819999-99.9-99.9-99.9-99.9 4.7 4027.4 89 22.5   7  5.612.8 7.1
5291620230331 33.1 21.0  0.009999-99.9-99.9-99.9-99.9 8.5 7227.3 79 22.5   5  4.018.3 7.9
5291620230401 26.2 17.9  0.009999-99.9-99.9-99.9-99.910.1 8617.2 63 14.9   9  7.120.614.5
5291620230402 29.7 13.7  0.009999-99.9-99.9-99.9-99.910.3 8716.4 61 14.3   5  3.820.8 9.3
5291620230403 34.3 15.4  0.219999-99.9-99.9-99.9-99.910.0 8620.3 63 17.5   4  3.320.3 8.6
5291620230404 24.9 18.5 34.019999-99.9-99.9-99.9-99.9-9.9 9921.2 95 18.3   9  6.8 0.2-9.9
5291620230405 25.2 19.0  0.819999-99.9-99.9-99.9-99.9 0.6  524.8 94 20.9   3  2.4 6.4 2.0
5291620230406 28.2 20.6  0.009999-99.9-99.9-99.9-99.9 6.7 5724.7 86 20.9   3  2.315.1 4.8
5291620230407 28.2 18.0  0.009999-99.9-99.9-99.9-99.9 8.4 7322.5 81 19.3   4  2.917.6 5.8
5291620230408 27.6 14.9  0.009999-99.9-99.9-99.9-99.9 8.9 7719.8 80 17.3   3  2.418.1 5.7
5291620230409 30.8 16.0  0.009999-99.9-99.9-99.9-99.910.5 9020.7 76 18.0   1  1.120.2 5.3
5291620230410 32.0 16.0  0.009999-99.9-99.9-99.9-99.910.0 8722.0 78 19.0   2  1.319.5 5.4
5291620230411 33.0 19.2  0.009999-99.9-99.9-99.9-99.9 9.6 8324.9 73 21.0   4  3.218.8 7.5
5291620230412 33.3 20.1 47.819999-99.9-99.9-99.9-99.9 6.4 5527.6 76 22.6   4  3.314.2 6.4
5291620230413 26.1 17.8  1.019999-99.9-99.9-99.9-99.9-9.9 9921.1 94 18.2  11  8.5 2.4-9.9
5291620230414 23.9 15.3  0.009999-99.9-99.9-99.9-99.9 6.5 5718.3 81 16.0   6  4.814.1 5.9
5291620230415 27.3 15.7  0.009999-99.9-99.9-99.9-99.9 8.8 7720.2 83 17.6   3  2.717.3 5.1
5291620230416 26.1 18.2  0.009999-99.9-99.9-99.9-99.9 2.4 2122.7 85 19.5   3  2.6 8.4 3.1
5291620230417 25.2 18.0  0.009999-99.9-99.9-99.9-99.9 4.2 3720.7 86 18.0   4  3.410.8 4.6
5291620230418 26.0 14.4  2.619999-99.9-99.9-99.9-99.9 9.9 8816.9 76 14.8   3  2.118.5 5.4
5291620230419 27.1 13.4  0.009999-99.9-99.9-99.9-99.9 9.4 8314.3 62 12.1   8  6.217.711.5
5291620230420 22.6 10.3  0.009999-99.9-99.9-99.9-99.910.2 9012.9 73 10.7   4  3.318.7 6.5
5291620230421 24.7  8.6  0.009999-99.9-99.9-99.9-99.9 9.0 8014.4 75 12.3   4  3.217.0 5.2
5291620230422 28.6 12.3  0.009999-99.9-99.9-99.9-99.9 8.8 7817.0 71 14.9   2  1.416.6 4.4
5291620230423 28.1 13.4  0.009999-99.9-99.9-99.9-99.9 9.2 8217.4 72 15.3   3  2.217.0 5.5
5291620230424 26.3 14.1 19.219999-99.9-99.9-99.9-99.9 1.3 1119.5 94 17.0   3  2.5 6.5 2.3
5291620230425 23.4 15.9  0.219999-99.9-99.9-99.9-99.9 3.0 2719.4 94 17.0   2  1.9 8.7 2.3
5291620230426 25.7 12.8  0.009999-99.9-99.9-99.9-99.9 8.6 7818.1 85 15.8   2  1.716.0 3.7
5291620230427 27.3 12.5  0.009999-99.9-99.9-99.9-99.9 9.7 8718.2 83 15.9   1  1.117.2 3.8
5291620230428 27.6 12.6  0.009999-99.9-99.9-99.9-99.9 9.6 8618.0 76 15.8   4  3.017.0 5.4
5291620230429 29.8 14.3  0.009999-99.9-99.9-99.9-99.9 9.3 8421.0 77 18.2   6  4.516.6 6.2
5291620230430 32.8 21.5  0.219999-99.9-99.9-99.9-99.9 8.6 7826.7 75 22.1   7  5.415.5 8.3
5291620230501 26.3 15.7  9.219999-99.9-99.9-99.9-99.9-9.9 9920.1 99 17.4   9  7.0 0.6-9.9
5291620230502 16.4 14.2 10.419999-99.9-99.9-99.9-99.9-9.9 9917.3100 15.3   9  7.2 1.1-9.9
5291620230503 17.9 14.1  1.219999-99.9-99.9-99.9-99.9-9.9 9918.6100 16.3   5  4.2 3.2-9.9
5291620230504 18.6 17.0  5.619999-99.9-99.9-99.9-99.9-9.9 9920.1100 17.6   2  1.4 1.6-9.9
5291620230505 19.0 16.6  7.219999-99.9-99.9-99.9-99.9-9.9 9919.8100 17.4   2  1.6 1.9-9.9
5291620230506-99.9-99.9-99.999999-99.9-99.9-99.9-99.9-9.9 99-9.9-99-99.9 -99-99.9-9.9-9.9
5291620230507-99.9-99.9-99.999999-99.9-99.9-99.9-99.9-9.9 99-9.9-99-99.9 -99-99.9-9.9-9.9
5291620230508-99.9-99.9  0.009999-99.9-99.9-99.9-99.9-9.9 99-9.9-99-99.9 -99-99.9-9.9-9.9
5291620230509 25.8 11.6  0.009999-99.9-99.9-99.9-99.9 9.1 8417.1 84 15.0   2  1.415.3 3.3
5291620230510 25.9 10.6  0.009999-99.9-99.9-99.9-99.9 9.3 8615.6 81 13.6   2  1.815.5 3.9
5291620230511 23.0 11.5  0.009999-99.9-99.9-99.9-99.9 7.5 6915.5 81 13.5   3  2.713.3 4.0
5291620230512 22.4  8.7  0.009999-99.9-99.9-99.9-99.9 9.0 8313.2 80 11.1   3  2.115.0 3.7
5291620230513 26.8  8.2  0.009999-99.9-99.9-99.9-99.9 9.3 8613.4 79 11.2   2  1.315.3 3.3
5291620230514 26.9 10.3  0.009999-99.9-99.9-99.9-99.9 9.2 8615.0 74 13.0   3  2.115.1 4.1
5291620230515 27.9 10.2  0.009999-99.9-99.9-99.9-99.9 9.4 8815.6 75 13.6   3  2.115.3 4.3
5291620230516 27.9 10.0  0.009999-99.9-99.9-99.9-99.9 9.3 8716.1 73 14.1   5  3.615.1 5.5
5291620230517 27.3 12.7  0.009999-99.9-99.9-99.9-99.9 8.9 8316.4 72 14.4   5  4.014.5 6.2
5291620230518 29.8 13.1  0.009999-99.9-99.9-99.9-99.9 8.1 7618.9 76 16.6   3  2.113.5 3.7
5291620230519 28.8 17.3  0.009999-99.9-99.9-99.9-99.9 8.0 7520.7 72 18.0   5  3.713.3 5.8
5291620230520 22.5 18.7  0.009999-99.9-99.9-99.9-99.9-9.9 9922.2100 19.1   3  2.6 1.2-9.9
5291620230521 19.6 16.9  0.009999-99.9-99.9-99.9-99.9-9.9 9920.8100 18.2   5  3.7 1.7-9.9
5291620230522 23.1 16.9  0.009999-99.9-99.9-99.9-99.9 0.5  421.7 95 18.8   3  2.5 4.5 1.3
5291620230523 30.1 17.2  0.009999-99.9-99.9-99.9-99.9 7.5 7023.9 84 20.3   5  4.012.5 4.3
5291620230524 29.5 21.1  0.009999-99.9-99.9-99.9-99.9 7.5 7121.8 70 18.9   7  5.712.4 9.1
5291620230525 29.2 18.9  0.009999-99.9-99.9-99.9-99.9 7.9 7521.3 72 18.5   7  5.712.8 7.9
5291620230526 29.5 19.8  0.009999-99.9-99.9-99.9-99.9 4.7 4525.6 86 21.4   5  4.0 9.2 4.6
5291620230527 23.7 17.3  0.009999-99.9-99.9-99.9-99.9-9.9 9921.7 90 18.4  11  9.2 1.5-9.9
5291620230528 19.6 11.9  0.009999-99.9-99.9-99.9-99.9 3.4 3212.8 81 10.6  10  7.9 7.6 7.8
5291620230529 20.7  8.7  0.009999-99.9-99.9-99.9-99.9 6.4 6113.9 87 11.8   5  4.110.9 2.8
5291620230530 25.2 11.9  0.009999-99.9-99.9-99.9-99.9 6.3 6017.5 89 15.3   2  1.710.8 2.0
5291620230531 25.0 13.0  0.009999-99.9-99.9-99.9-99.9 2.1 2019.3 92 16.8   2  1.6 6.1 1.6
5291620230601 26.4 13.2  0.009999-99.9-99.9-99.9-99.9 7.0 6719.3 88 16.9   3  2.211.5 2.8
5291620230602 27.2 15.1  0.009999-99.9-99.9-99.9-99.9 8.5 8120.0 82 17.5   6  4.513.1 4.7
5291620230603 29.2 17.2  0.009999-99.9-99.9-99.9-99.9 7.2 6923.0 79 19.7   5  4.411.7 4.7
5291620230604 30.2 18.9  2.819999-99.9-99.9-99.9-99.9 6.7 6423.3 81 19.9   6  4.811.0 5.9
5291620230605 27.0 19.4  0.219999-99.9-99.9-99.9-99.9 4.2 4123.6 89 20.2   6  4.9 8.4 3.5
5291620230606 28.5 16.8  0.009999-99.9-99.9-99.9-99.9 7.8 7521.3 80 18.5   4  3.312.2 4.6
5291620230607 29.3 16.5  0.009999-99.9-99.9-99.9-99.9 7.7 7320.8 77 18.1   4  3.012.0 4.7
5291620230608 28.9 16.6  0.009999-99.9-99.9-99.9-99.9 8.3 8020.1 74 17.5   5  4.012.7 5.9
5291620230609 30.5 17.8  0.009999-99.9-99.9-99.9-99.9 8.0 7721.9 73 18.9   5  4.312.3 6.1
5291620230610 30.4 16.8  1.819999-99.9-99.9-99.9-99.9 4.8 4621.7 74 18.4  10  7.6 8.8 9.1
5291620230611 16.8 11.3  0.009999-99.9-99.9-99.9-99.9 5.0 48 9.1 59  5.6  12  9.7 9.014.6
5291620230612 14.5  6.1  0.009999-99.9-99.9-99.9-99.9 2.6 25 7.9 60  3.7   7  5.4 6.5 5.9
5291620230613 12.6  6.4  0.009999-99.9-99.9-99.9-99.9 1.9 18 8.3 73  4.3   5  4.2 5.7 4.6
5291620230614 17.7  3.7  0.009999-99.9-99.9-99.9-99.9 8.4 81 9.9 77  6.8   6  4.812.7 3.7
5291620230615 15.1  9.5  0.009999-99.9-99.9-99.9-99.9 0.3  314.4 96 12.4   7  5.7 4.0 0.7
5291620230616 19.4 10.7  0.419999-99.9-99.9-99.9-99.9 2.6 2514.8 92 12.7   3  2.3 6.4 1.9
5291620230617 21.8  8.0  0.219999-99.9-99.9-99.9-99.9 6.7 6413.8 85 11.7   2  1.210.8 1.7
5291620230618 20.8  7.3  0.009999-99.9-99.9-99.9-99.9 8.6 8411.7 78  9.2   4  3.412.9 4.2
5291620230619 20.0  5.9  0.009999-99.9-99.9-99.9-99.9 2.4 2313.9 87 11.6   3  2.8 6.2 1.2
5291620230620 23.6 12.4  8.019999-99.9-99.9-99.9-99.9 4.6 4416.9 84 14.8   5  4.2 8.5 3.2
5291620230621 17.5 14.5  0.009999-99.9-99.9-99.9-99.9-9.9 9917.3100 15.2   6  4.8 1.6-9.9
5291620230622 16.1 12.6-99.999999-99.9-99.9-99.9-99.9-9.9 9916.3 99 14.3   5  3.9 2.4-9.9
5291620230623-99.9-99.9-99.999999-99.9-99.9-99.9-99.9-9.9 99-9.9-99-99.9 -99-99.9-9.9-9.9
5291620230624-99.9-99.9-99.999999-99.9-99.9-99.9-99.9-9.9 99-9.9-99-99.9 -99-99.9-9.9-9.9
5291620230625 31.2 19.5  0.009999-99.9-99.9-99.9-99.9 7.2 6924.7 80 20.9   4  3.011.3 4.9
5291620230626 31.5 22.2  0.009999-99.9-99.9-99.9-99.9 6.8 6623.7 71 20.2   6  5.010.9 7.9
5291620230627 31.0 20.6  0.009999-99.9-99.9-99.9-99.9 7.9 7720.2 65 17.7   6  4.912.1 9.2
5291620230628 22.0 13.2  1.419999-99.9-99.9-99.9-99.9-9.9 9917.7 98 15.4   8  6.8 1.6-9.9
5291620230629 17.9 10.1  0.009999-99.9-99.9-99.9-99.9 3.2 3112.2 77 10.0   8  6.4 7.1 5.7
5291620230630 23.0 11.2  0.009999-99.9-99.9-99.9-99.9 5.7 5515.6 84 13.4   4  3.2 9.7 2.7
5291620230701 28.6 12.2  0.219999-99.9-99.9-99.9-99.9 7.3 7118.5 80 16.2   3  2.311.5 3.1
5291620230702 27.7 14.0  0.009999-99.9-99.9-99.9-99.9 7.9 7618.5 81 16.2   5  3.912.2 5.2
5291620230703 25.2 14.1  0.009999-99.9-99.9-99.9-99.9 2.0 2019.5 84 17.0   4  3.1 5.9 2.5
5291620230704 26.8 16.0  0.009999-99.9-99.9-99.9-99.9 3.8 3618.7 78 16.4   6  4.6 7.7 5.5
5291620230705 29.0 16.4  0.009999-99.9-99.9-99.9-99.9 6.8 6518.8 68 16.5   5  3.711.0 6.1
5291620230706 29.2 17.3  0.009999-99.9-99.9-99.9-99.9 5.5 5320.5 78 17.9   4  2.9 9.6 4.5
5291620230707 24.6 18.2  0.619999-99.9-99.9-99.9-99.9 2.7 2521.9 87 18.9   4  3.3 6.6 3.4
5291620230708 23.3 17.4  0.009999-99.9-99.9-99.9-99.9 2.8 2720.7 92 18.1   6  4.5 6.8 2.9
5291620230709 24.1 13.9  0.009999-99.9-99.9-99.9-99.9 3.9 3719.7 91 17.2   5  3.7 7.9 2.3
5291620230710 23.4 17.2  0.009999-99.9-99.9-99.9-99.9 1.3 1220.2 88 17.7   7  5.7 5.1 3.2
5291620230711 21.2 17.3-99.999999-99.9-99.9-99.9-99.9-9.9 9919.8 93 17.3   7  5.9 3.4-9.9
5291620230712-99.9-99.9-99.999999-99.9-99.9-99.9-99.9-9.9 99-9.9-99-99.9 -99-99.9-9.9-9.9
5291620230715-99.9-99.9-99.999999-99.9-99.9-99.9-99.9-9.9 99-9.9-99-99.9 -99-99.9-9.9-9.9
5291620230716 19.7  6.2  0.009999-99.9-99.9-99.9-99.9 8.4 8011.5 74  8.9   6  4.913.2 4.8
5291620230717 16.6  5.7  0.009999-99.9-99.9-99.9-99.9 8.6 82 9.2 72  5.7   6  4.813.5 6.0
5291620230718 16.0  2.5-99.999999-99.9-99.9-99.9-99.9 9.0 85 7.5 66  2.8   6  5.113.9 5.8
5291620230719-99.9-99.9-99.999999-99.9-99.9-99.9-99.9-9.9 99-9.9-99-99.9 -99-99.9-9.9-9.9
5291620230720 26.0 10.9  0.009999-99.9-99.9-99.9-99.9 5.5 5218.2 82 15.8   5  4.310.1 3.0
5291620230721 31.1 17.9  0.009999-99.9-99.9-99.9-99.9 7.1 6721.1 65 18.3  12  9.312.013.2
5291620230722 32.3 20.8  0.009999-99.9-99.9-99.9-99.9 8.3 7918.6 55 16.3  11  8.813.518.8
5291620230723 26.7 16.9  0.009999-99.9-99.9-99.9-99.9 6.7 6319.0 77 16.6   6  5.011.6 8.3
5291620230724 20.3 14.6  0.219999-99.9-99.9-99.9-99.9-9.9 9916.2 91 14.2   7  5.4 2.2-9.9
5291620230725 14.5 11.4-99.999999-99.9-99.9-99.9-99.9-9.9 9915.1100 13.1   3  2.6 2.0-9.9
5291620230726-99.9-99.9-99.999999-99.9-99.9-99.9-99.9-9.9 99-9.9-99-99.9 -99-99.9-9.9-9.9
5291620230727-99.9-99.9-99.999999-99.9-99.9-99.9-99.9-9.9 99-9.9-99-99.9 -99-99.9-9.9-9.9
5291620230728-99.9-99.9  0.009999-99.9-99.9-99.9-99.9-9.9 99-9.9 70-99.9 -99-99.9-9.9-9.9
5291620230729 23.2  5.7  0.009999-99.9-99.9-99.9-99.9-9.9 9910.9 70  8.2   4  3.3-9.9-9.9
5291620230730 27.9  6.3  0.009999-99.9-99.9-99.9-99.9-9.9 9915.5 77 13.1   4  3.1-9.9-9.9
5291620230731 32.2 13.5  0.219999-99.9-99.9-99.9-99.9-9.9 9919.9 76 17.3   4  3.2-9.9-9.9
5291620230801 33.1 17.1  0.009999-99.9-99.9-99.9-99.9-9.9 9920.0 65 17.5   7  5.3-9.9-9.9
5291620230802 33.2 15.7  0.219999-99.9-99.9-99.9-99.9-9.9 9918.6 60 16.4   5  4.4-9.9-9.9
5291620230803 34.6 18.3  0.009999-99.9-99.9-99.9-99.9-9.9 9920.2 66 17.7   3  2.1-9.9-9.9
5291620230804 32.8 18.2  0.009999-99.9-99.9-99.9-99.9-9.9 9920.3 67 17.7   4  3.4-9.9-9.9
5291620230805 34.0 17.6  0.009999-99.9-99.9-99.9-99.9-9.9 9918.6 60 16.3   5  4.1-9.9-9.9
5291620230806 34.5 19.3  0.819999-99.9-99.9-99.9-99.9-9.9 9918.3 53 16.1   7  5.3-9.9-9.9
5291620230807 25.6 15.7  0.009999-99.9-99.9-99.9-99.9-9.9 9915.8 66 13.4  13 10.6-9.9-9.9
5291620230808 18.6 12.0 10.019999-99.9-99.9-99.9-99.9-9.9 9914.8 87 12.7  11  8.5-9.9-9.9
5291620230809 22.7 13.6  0.819999-99.9-99.9-99.9-99.9-9.9 9917.4 91 15.3   3  2.2-9.9-9.9
5291620230810 29.4 11.8  0.419999-99.9-99.9-99.9-99.9-9.9 9920.9 86 17.9   4  2.9-9.9-9.9
5291620230811 25.4 16.2  0.009999-99.9-99.9-99.9-99.9-9.9 9918.9 80 16.3   9  6.9-9.9-9.9
5291620230812 20.5  8.1  0.009999-99.9-99.9-99.9-99.9-9.9 99 7.4 50  2.4   8  6.4-9.9-9.9
5291620230813 20.5  3.5  0.009999-99.9-99.9-99.9-99.9 9.6 87 7.0 47  1.9   5  4.216.7 8.2
5291620230814 27.2  5.6  0.009999-99.9-99.9-99.9-99.9 9.3 84 9.3 52  5.7   4  3.316.4 7.3
5291620230815 32.5 11.2  0.009999-99.9-99.9-99.9-99.9 8.9 8016.6 56 14.2   7  5.916.010.9
5291620230816 34.5 21.5  0.009999-99.9-99.9-99.9-99.9 8.6 7820.9 55 18.2  10  7.915.717.5
5291620230817 36.2 22.4  1.619999-99.9-99.9-99.9-99.9 8.6 7719.4 50 17.0   8  6.515.817.8
5291620230818 27.6 16.1  0.009999-99.9-99.9-99.9-99.9-9.9 9918.8 96 16.5  10  8.2 3.1-9.9
5291620230819 22.2 12.2  0.219999-99.9-99.9-99.9-99.9 7.2 6414.8 83 12.8   6  4.614.1 5.5
5291620230820 28.3  9.9  0.009999-99.9-99.9-99.9-99.9 8.4 7516.0 76 13.9   3  2.715.8 4.6
5291620230821 32.0 13.1  0.009999-99.9-99.9-99.9-99.9 9.3 8320.5 71 17.7   7  5.517.1 7.5
5291620230822 36.5 21.6  0.009999-99.9-99.9-99.9-99.9 9.3 8323.9 62 20.3   7  5.817.113.0
5291620230823 24.3 16.9  0.009999-99.9-99.9-99.9-99.9 0.3  219.4 90 16.9   9  7.4 5.3 5.5
5291620230824 24.2 10.4  0.009999-99.9-99.9-99.9-99.9 8.7 77 9.2 47  5.7  13 10.216.520.8
5291620230825 23.1  8.9  0.009999-99.9-99.9-99.9-99.9 9.7 86 8.8 54  5.1  11  8.518.016.3
5291620230826 21.2  5.7  0.009999-99.9-99.9-99.9-99.910.2 90 8.4 52  4.4   9  7.418.814.1
5291620230827 21.5  4.0  0.009999-99.9-99.9-99.9-99.910.4 91 7.3 48  2.5   8  6.219.211.8
5291620230828 23.5  3.1  0.009999-99.9-99.9-99.9-99.910.5 92 7.4 45  2.7  10  8.019.415.5
5291620230829 27.2  9.0  0.009999-99.9-99.9-99.9-99.9 8.2 7211.8 62  9.3   5  3.716.3 7.6
5291620230830 29.6  9.7  0.009999-99.9-99.9-99.9-99.9 9.2 8014.7 62 12.6   5  4.217.8 8.6
5291620230831 31.5 13.9  0.219999-99.9-99.9-99.9-99.9 9.4 8216.4 58 14.4   7  5.718.312.3
5291620230901 23.4 18.5 31.219999-99.9-99.9-99.9-99.9-9.9 9921.8 97 18.8  12  9.4 2.1-9.9
5291620230902 27.8 19.1  1.819999-99.9-99.9-99.9-99.9 3.2 2723.7 85 20.2  10  7.6 9.7 5.6
5291620230903 25.9 17.5 67.619999-99.9-99.9-99.9-99.9 2.2 1923.4 94 19.9   8  6.1 8.4 4.3
5291620230904 18.1 14.9  3.219999-99.9-99.9-99.9-99.9-9.9 9917.4 99 15.3  12  9.4 2.7-9.9
5291620230905 16.6 12.0  0.009999-99.9-99.9-99.9-99.9 0.9  715.5 92 13.5   6  4.5 6.6 2.1
5291620230906 18.5 12.9  1.019999-99.9-99.9-99.9-99.9-9.9 9917.3 93 15.1   7  5.3 4.9-9.9
5291620230907 31.9 17.1  1.619999-99.9-99.9-99.9-99.9 4.4 3822.1 88 19.0   9  7.411.7 5.9
5291620230908 18.6 15.0  0.219999-99.9-99.9-99.9-99.9-9.9 9917.4 97 15.3   8  6.8 3.7-9.9
5291620230909 23.7 13.8  0.009999-99.9-99.9-99.9-99.910.1 8617.0 83 15.0   5  4.420.1 6.0
5291620230910 29.1 14.6  0.009999-99.9-99.9-99.9-99.9 7.6 6523.1 82 19.7   5  3.916.6 5.0
5291620230911 36.6 22.2  0.009999-99.9-99.9-99.9-99.9 9.0 7725.2 63 21.2  11  9.018.717.6
5291620230912 29.7 11.4  4.219999-99.9-99.9-99.9-99.9-9.9 9915.3 95 13.3  18 14.2 3.1-9.9
5291620230913 16.8 10.1  0.009999-99.9-99.9-99.9-99.9 0.4  313.1 92 11.0  12  9.7 6.3 3.8
5291620230914 22.0  4.9  0.009999-99.9-99.9-99.9-99.911.1 9411.0 70  8.2   3  2.222.2 5.5
5291620230915 26.3  9.3  0.009999-99.9-99.9-99.9-99.911.1 9411.8 56  9.4   7  5.622.311.7
5291620230916 32.7 13.1  0.009999-99.9-99.9-99.9-99.910.6 8917.9 57 15.3   9  7.121.614.1
5291620230917 36.8 23.5  0.009999-99.9-99.9-99.9-99.9 9.6 8123.7 53 20.2  10  8.220.320.5
5291620230918 31.3 15.7  0.009999-99.9-99.9-99.9-99.9 1.5 1318.3 82 16.0  12  9.5 8.212.6
5291620230919 19.1 14.9  0.009999-99.9-99.9-99.9-99.9-9.9 9918.8 97 16.5   6  4.6 4.0-9.9
5291620230920 27.3 16.4  0.009999-99.9-99.9-99.9-99.9 7.7 6420.8 86 18.1   3  2.517.6 4.9
5291620230921 36.7 18.9  0.009999-99.9-99.9-99.9-99.9 9.0 7526.0 67 21.6   5  4.219.7 9.0
5291620230922 38.5 23.8  0.009999-99.9-99.9-99.9-99.9 9.0 7529.0 62 23.5   7  5.519.813.3
5291620230923 31.7 23.6  0.009999-99.9-99.9-99.9-99.9 9.4 7829.8 78 24.0   8  6.120.510.9
5291620230924 31.3 22.5  0.009999-99.9-99.9-99.9-99.9 5.5 4627.4 81 22.6  10  7.914.6 9.9
5291620230925 26.0 19.9  0.009999-99.9-99.9-99.9-99.9 0.8  722.4 82 19.3   9  7.2 7.5 7.3
5291620230926 22.3 16.2  0.009999-99.9-99.9-99.9-99.9-9.9 9918.7 94 16.4  13 10.7 2.2-9.9
5291620230927 22.8 12.8  0.009999-99.9-99.9-99.9-99.910.8 8912.7 67 10.4  12  9.723.115.8
5291620230928 23.9  7.4  0.219999-99.9-99.9-99.9-99.910.4 8512.3 64 10.0   6  4.622.6 8.7
5291620230929 26.8 10.4  0.009999-99.9-99.9-99.9-99.911.3 9314.4 66 12.4   7  5.724.110.5
5291620230930 26.7 11.9  0.009999-99.9-99.9-99.9-99.9 9.1 7414.7 65 12.6   8  6.120.711.3
5291620231001 27.4  9.2  0.009999-99.9-99.9-99.9-99.911.3 9213.0 59 10.8   7  5.424.211.9
5291620231002 29.7 10.7  0.009999-99.9-99.9-99.9-99.911.4 9213.3 52 11.2   8  6.324.514.4
5291620231003 32.2 15.5  0.219999-99.9-99.9-99.9-99.9 8.6 7019.6 64 16.8  13 10.120.216.6
5291620231004 25.8 16.0  0.009999-99.9-99.9-99.9-99.9 6.9 5615.8 70 13.7  17 13.317.519.6
5291620231005 25.5 13.2  0.009999-99.9-99.9-99.9-99.911.4 9213.4 61 11.3   7  5.624.812.3
5291620231006 30.1 13.7  0.009999-99.9-99.9-99.9-99.9 8.1 6515.5 55 13.5   8  6.219.613.0
5291620231007 30.2 14.8  0.009999-99.9-99.9-99.9-99.9 9.0 7313.4 48 11.2  10  8.321.221.1
5291620231008 29.6 13.1  0.009999-99.9-99.9-99.9-99.911.8 9513.2 54 11.0   7  5.625.715.7
5291620231009 28.7 11.2  0.009999-99.9-99.9-99.9-99.911.9 9514.5 61 12.5   7  5.626.013.1
5291620231010 34.0 12.2  0.009999-99.9-99.9-99.9-99.911.2 8916.6 53 14.5   8  6.524.915.5
5291620231011 30.7 18.8  2.419999-99.9-99.9-99.9-99.9 1.4 1120.0 65 17.2  17 13.5 9.022.1
5291620231012 21.0 11.1  0.009999-99.9-99.9-99.9-99.910.1 80 9.8 54  6.6  14 11.123.220.6
5291620231013 24.2  7.2  0.009999-99.9-99.9-99.9-99.912.3 9710.2 54  7.3   8  6.226.913.0
5291620231014 29.0  8.5  0.009999-99.9-99.9-99.9-99.911.5 9113.5 58 11.2   6  4.625.710.7
5291620231015 35.3 15.9  0.009999-99.9-99.9-99.9-99.910.3 8121.5 60 18.5   7  5.323.712.5
5291620231016 43.1 24.3  2.819999-99.9-99.9-99.9-99.9 9.2 7225.0 51 21.0  13 10.122.1-9.9
5291620231017 27.0 19.8  1.419999-99.9-99.9-99.9-99.9 1.0  823.6 89 20.1  17 13.4 8.611.0
5291620231018 20.4 17.1  0.009999-99.9-99.9-99.9-99.9-9.9 9920.5 93 17.9  14 11.3 3.6-9.9
5291620231019 22.5 16.8 18.419999-99.9-99.9-99.9-99.9-9.9 9920.1 93 17.6   7  5.4 4.3-9.9
5291620231020 25.2 18.1  0.009999-99.9-99.9-99.9-99.9-9.9 9924.7 94 20.8   6  5.2 4.7-9.9
5291620231021 35.2 21.2  0.009999-99.9-99.9-99.9-99.9 9.1 7128.8 72 23.4   8  6.622.312.1
5291620231022 38.0 26.2 25.819999-99.9-99.9-99.9-99.9 8.9 6929.0 63 23.5  15 12.222.0-9.9
5291620231023 27.2 21.6 22.619999-99.9-99.9-99.9-99.9 2.1 1626.9 91 22.3  14 11.210.5 8.6
5291620231024 24.4 20.5  1.219999-99.9-99.9-99.9-99.9-9.9 9924.6 96 20.8   9  7.0 4.8-9.9
5291620231025 25.3 17.8  0.009999-99.9-99.9-99.9-99.9 2.2 1720.9 83 18.2   7  5.410.9 5.8
5291620231026 26.5 16.9  0.219999-99.9-99.9-99.9-99.9 6.3 4918.8 66 16.5   6  4.717.8 9.0
5291620231027 29.4 18.0  0.009999-99.9-99.9-99.9-99.9 7.7 5923.5 79 20.0   6  4.620.3 8.2
5291620231028 27.6 21.4  1.819999-99.9-99.9-99.9-99.9 1.9 1526.4 91 22.0   7  5.210.5 5.1
5291620231029 32.2 17.0 44.819999-99.9-99.9-99.9-99.911.3 8727.4 80 22.4   7  5.626.5 9.0
5291620231030 29.5 18.3  0.009999-99.9-99.9-99.9-99.9 5.6 4324.3 83 20.6  10  8.016.811.7
5291620231031 29.7 18.8  0.009999-99.9-99.9-99.9-99.9 4.8 3724.8 85 20.9   7  5.715.6 6.6
5291620231101 27.8 18.3  0.009999-99.9-99.9-99.9-99.9 5.5 4223.8 85 20.3  12  9.316.7 9.5
5291620231102 22.9 20.1 11.019999-99.9-99.9-99.9-99.9-9.9 9923.7 95 20.2  10  7.8 4.1-9.9
5291620231103-99.9-99.9-99.999999-99.9-99.9-99.9-99.9 6.3 4814.2 79 12.0 -99-99.918.2-9.9
5291620231104-99.9-99.9-99.999999-99.9-99.9-99.9-99.9-9.9 99-9.9-99-99.9 -99-99.9-9.9-9.9
5291620231105-99.9-99.9-99.999999-99.9-99.9-99.9-99.9-9.9 99-9.9-99-99.9 -99-99.9-9.9-9.9
5291620231106-99.9-99.9-99.999999-99.9-99.9-99.9-99.9-9.9 99-9.9-99-99.9 -99-99.9-9.9-9.9
5291620231203-99.9-99.9-99.999999-99.9-99.9-99.9-99.9-9.9 99-9.9-99-99.9 -99-99.9-9.9-9.9
5291620231204 23.7 20.7  0.009999-99.9-99.9-99.9-99.9-9.9 9924.4 91 20.7  12  9.6-9.9-9.9
5291620231205-99.9-99.9-99.999999-99.9-99.9-99.9-99.9-9.9 99-9.9-99-99.9 -99-99.9-9.9-9.9
5291620231206-99.9-99.9-99.999999-99.9-99.9-99.9-99.9-9.9 99-9.9-99-99.9 -99-99.9-9.9-9.9
5291620231207 29.8 22.6  0.219999-99.9-99.9-99.9-99.9-9.9 9926.7 84 22.1   7  5.7-9.9-9.9
5291620231208 29.4 18.9-99.999999-99.9-99.9-99.9-99.9-9.9 9920.9 70 18.2   9  7.0-9.9-9.9
5291620231211-99.9-99.9-99.999999-99.9-99.9-99.9-99.9-9.9 99-9.9-99-99.9 -99-99.9-9.9-9.9
5291620231212 35.6 20.4  0.009999-99.9-99.9-99.9-99.912.0 8729.8 70 23.9   7  5.629.013.6
5291620231213 36.6 22.9  0.009999-99.9-99.9-99.9-99.9 6.1 4431.1 82 24.7  14 11.318.717.3
5291620231214 29.6 21.5 48.219999-99.9-99.9-99.9-99.9 0.1  029.8 91 23.9  11  8.5 8.1 5.2
5291620231215 32.0 25.1  0.009999-99.9-99.9-99.9-99.9-9.9 9932.5 84 25.4   9  6.8 7.3-9.9
5291620231216 38.2 24.6  0.819999-99.9-99.9-99.9-99.910.2 7433.3 68 25.8   9  7.425.915.4
5291620231217 38.7 28.0  0.419999-99.9-99.9-99.9-99.912.1 8732.2 61 25.3   8  6.229.319.8
5291620231218 33.8 25.2  1.419999-99.9-99.9-99.9-99.9 6.8 4930.7 75 24.4  10  8.120.015.2
5291620231219 25.3 20.8  7.219999-99.9-99.9-99.9-99.9-9.9 9926.0 98 21.7  10  8.0 2.5-9.9
5291620231220 29.1 20.4  0.009999-99.9-99.9-99.9-99.9 4.2 3025.8 84 21.6   8  6.115.4 7.0
5291620231221 29.8 21.8  0.009999-99.9-99.9-99.9-99.9 4.5 3227.5 85 22.6   5  4.215.9 6.9
5291620231222 33.7 22.6 11.219999-99.9-99.9-99.9-99.9 4.1 3029.7 85 23.9   4  3.015.2 6.0
5291620231223 33.4 22.4  0.219999-99.9-99.9-99.9-99.9 6.5 4732.5 88 25.3   2  2.019.4 6.3
5291620231224 33.2 24.3 11.419999-99.9-99.9-99.9-99.9 2.7 2033.1 92 25.7   5  4.212.8 5.6
5291620231225 31.5 22.9  0.009999-99.9-99.9-99.9-99.9 5.6 4031.1 89 24.6   5  4.217.8 6.7
5291620231226 30.1 19.1  0.009999-99.9-99.9-99.9-99.913.1 9522.0 69 19.0   5  4.431.113.2
5291620231227 29.9 16.6  0.009999-99.9-99.9-99.9-99.913.5 9720.6 68 17.8   6  4.531.713.1
5291620231228 37.4 19.8 28.619999-99.9-99.9-99.9-99.911.6 8429.3 67 23.4   5  4.328.412.4
5291620231229 31.7 21.0 10.619999-99.9-99.9-99.9-99.9-9.9 9927.3100 22.4   7  5.4 7.3-9.9
5291620231230 28.8 20.7  0.009999-99.9-99.9-99.9-99.9 8.9 6430.0 97 23.9   6  4.823.6 6.3
5291620231231 31.3 19.3  0.009999-99.9-99.9-99.9-99.910.6 7726.3 81 21.7   6  4.626.7 9.9
5291620240101 33.5 20.8  0.009999-99.9-99.9-99.9-99.9 8.1 5827.9 79 22.8   6  4.722.2 9.4
5291620240102 32.2 20.7  0.009999-99.9-99.9-99.9-99.912.9 9426.4 73 21.7   6  4.930.713.2
5291620240103 32.8 20.3  0.009999-99.9-99.9-99.9-99.912.8 9224.4 66 20.6   6  5.030.414.7
5291620240104 33.2 21.0  0.009999-99.9-99.9-99.9-99.911.8 8626.2 70 21.7   5  3.828.812.4
5291620240105 33.5 20.7  0.009999-99.9-99.9-99.9-99.912.5 9126.1 70 21.6   4  3.530.012.3
5291620240106 35.4 21.0  0.009999-99.9-99.9-99.9-99.912.8 9326.3 66 21.7   4  2.830.412.2
5291620240107 30.3 22.5  0.009999-99.9-99.9-99.9-99.9 7.2 5226.2 77 21.8   9  7.120.612.4
5291620240108 31.6 22.3  0.009999-99.9-99.9-99.9-99.9 8.0 5825.4 73 21.3   9  6.921.913.8
5291620240109 32.4 21.8  0.009999-99.9-99.9-99.9-99.910.5 7727.7 76 22.6   6  5.226.511.6
5291620240110 26.2 21.6 67.819999-99.9-99.9-99.9-99.9-9.9 9925.7 93 21.5   2  1.8 3.2-9.9
5291620240111 28.6 21.8  0.009999-99.9-99.9-99.9-99.9 2.0 1528.7 95 23.3   0  0.411.5 3.1
5291620240112 32.1 21.3  0.009999-99.9-99.9-99.9-99.911.9 8726.9 77 22.1   3  2.428.9 9.7
5291620240113 35.1 21.2  0.009999-99.9-99.9-99.9-99.912.4 9128.1 71 22.8   1  0.629.7 8.8
5291620240114 37.6 24.4 19.619999-99.9-99.9-99.9-99.9 9.1 6633.2 79 25.6   1  0.823.8 7.9
5291620240115 33.2 23.6  0.009999-99.9-99.9-99.9-99.9 6.1 4533.3 85 25.8   0  0.018.6 5.4
5291620240116 37.7 25.5 22.219999-99.9-99.9-99.9-99.911.1 8134.0 73 26.1   0  0.027.3 8.4
5291620240117 31.3 22.4  0.819999-99.9-99.9-99.9-99.9-9.9 9927.7 95 22.8 -99-99.9 7.8-9.9
5291620240118 32.0 23.2  0.009999-99.9-99.9-99.9-99.9 6.0 4430.0 84 24.0   0  0.018.3 5.2
5291620240119 34.0 23.2  0.009999-99.9-99.9-99.9-99.910.0 7430.0 74 23.9   0  0.025.3 7.3
5291620240120 33.7 24.4  0.009999-99.9-99.9-99.9-99.911.7 8628.3 71 22.9   0  0.028.2 8.0
5291620240121 29.5 21.3  0.009999-99.9-99.9-99.9-99.9 4.5 3326.1 79 21.7   0  0.015.7 4.5
5291620240122 30.5 20.8  0.009999-99.9-99.9-99.9-99.912.1 8923.6 71 20.0   0  0.028.9 7.5
5291620240123 31.0 20.1  0.009999-99.9-99.9-99.9-99.911.0 8124.2 74 20.5   0  0.026.9 7.0
5291620240124 32.0 20.1  0.009999-99.9-99.9-99.9-99.912.3 9124.7 72 20.7   0  0.029.2 7.6
5291620240125 31.1 19.2  0.009999-99.9-99.9-99.9-99.912.8 9522.3 69 19.0   0  0.030.1 7.6
5291620240126 31.6 18.6  0.009999-99.9-99.9-99.9-99.911.8 8821.7 66 18.6   0  0.028.2 7.2
5291620240127 31.3 18.6  0.009999-99.9-99.9-99.9-99.912.2 9121.5 65 18.4   0  0.029.0 7.3
5291620240128 32.9 18.7  0.009999-99.9-99.9-99.9-99.911.8 8822.0 63 18.8   0  0.028.2 7.3
5291620240129 34.0 18.2  0.009999-99.9-99.9-99.9-99.911.8 8823.0 63 19.5 -99-99.928.2 7.4
5291620240130 35.0 19.5  0.009999-99.9-99.9-99.9-99.911.4 8623.6 62 19.9   0  0.027.5 7.5
5291620240131 35.5 20.2  0.009999-99.9-99.9-99.9-99.911.3 8524.2 62 20.3   0  0.027.3 7.5
5291620240201-99.9-99.9-99.999999-99.9-99.9-99.9-99.9-9.9 99-9.9-99-99.9 -99-99.9-9.9-9.9
5291620240322-99.9-99.9  1.419999-99.9-99.9-99.9-99.9-9.9 99-9.9 85-99.9 -99-99.9-9.9-9.9
5291620240323 28.3 15.2  0.009999-99.9-99.9-99.9-99.9 7.3 6123.7 87 19.9   5  3.917.1 4.3
5291620240324 33.6 21.6  0.219999-99.9-99.9-99.9-99.9 8.9 7529.2 83 23.5   3  2.319.5 6.3
5291620240325 32.5 20.4  0.009999-99.9-99.9-99.9-99.9 8.9 7428.3 80 22.9   3  2.419.3 6.6
5291620240326 31.0 20.1  0.009999-99.9-99.9-99.9-99.910.6 8924.6 76 20.5   5  4.421.8 9.3
5291620240327 31.9 17.0  0.009999-99.9-99.9-99.9-99.910.5 8923.2 75 19.5   3  2.721.6 7.2
5291620240328 32.5 18.8  0.009999-99.9-99.9-99.9-99.9 8.2 6925.8 80 21.2   4  3.118.0 6.5
5291620240329 34.6 19.6  0.009999-99.9-99.9-99.9-99.9 9.5 8028.5 79 22.9   2  1.719.8 6.2
5291620240330 36.0 21.3  0.009999-99.9-99.9-99.9-99.9 8.7 7330.1 77 24.0   3  2.118.5 6.8
5291620240331 35.8 23.7  0.009999-99.9-99.9-99.9-99.9 7.6 6529.6 73 23.7   4  3.116.9 8.0
5291620240401 32.6 21.0  0.009999-99.9-99.9-99.9-99.9 9.6 8228.0 78 22.8   3  2.819.7 7.4
5291620240402 30.7 21.0  0.009999-99.9-99.9-99.9-99.9 6.5 5628.4 91 23.0   7  5.315.1 5.6
5291620240403 36.7 22.2 49.419999-99.9-99.9-99.9-99.9 9.2 7932.7 79 25.4   7  5.318.9 8.4
5291620240404 29.8 23.2  0.419999-99.9-99.9-99.9-99.9 0.4  431.9100 25.1   6  4.7 6.1 2.5
5291620240405 31.1 23.8  0.619999-99.9-99.9-99.9-99.9 4.2 3634.4 99 26.3   5  4.111.5 3.0
5291620240406 32.2 21.7  8.619999-99.9-99.9-99.9-99.9 6.6 5630.9 92 24.4   8  6.114.8 5.8
5291620240407 26.6 18.9  0.219999-99.9-99.9-99.9-99.9-9.9 9924.1100 20.5   5  4.1 2.2-9.9
5291620240408 27.1 19.4  0.419999-99.9-99.9-99.9-99.9 4.7 4127.7100 22.6   2  1.912.0 2.8
5291620240409 29.7 20.4  0.009999-99.9-99.9-99.9-99.9 4.2 3630.6 95 24.2   4  3.411.2 2.9
5291620240410 28.8 21.7 25.419999-99.9-99.9-99.9-99.9 0.2  227.2 95 22.4   9  7.2 5.6 3.4
5291620240411 23.5 19.1  1.019999-99.9-99.9-99.9-99.9-9.9 9924.3100 20.6  12  9.9 3.5-9.9
5291620240412 25.4 18.8 11.019999-99.9-99.9-99.9-99.9 1.5 1326.7100 22.0   7  5.3 7.3 1.8
5291620240413 26.0 22.3  0.009999-99.9-99.9-99.9-99.9-9.9 9929.6100 23.9   2  1.5 4.6-9.9
5291620240414 24.4 22.4 58.619999-99.9-99.9-99.9-99.9-9.9 9929.1100 23.6   3  2.6 0.8-9.9
5291620240415 25.1 19.3  0.219999-99.9-99.9-99.9-99.9-9.9 9924.0100 20.4   5  3.8 3.7-9.9
5291620240416 25.5 18.3-99.999999-99.9-99.9-99.9-99.9 5.4 4824.7100 20.7 -99-99.912.4-9.9
5291620240417-99.9-99.9  0.009999-99.9-99.9-99.9-99.9-9.9 99-9.9 85-99.9 -99-99.9-9.9-9.9
5291620240418 26.9 11.7  0.009999-99.9-99.9-99.9-99.910.2 9018.7 77 16.0   2  2.018.6 4.6
5291620240419 28.6 12.9  0.009999-99.9-99.9-99.9-99.910.2 9118.7 75 15.9   5  3.818.6 6.5
5291620240420 30.3 15.9  0.009999-99.9-99.9-99.9-99.9 9.6 8623.1 81 19.4   5  4.017.7 5.7
5291620240421 32.9 17.3  0.009999-99.9-99.9-99.9-99.9 6.8 6028.3 87 22.8   4  3.513.8 3.7
5291620240422 25.4 22.2  8.619999-99.9-99.9-99.9-99.9-9.9 9928.8100 23.4   5  4.3 2.0-9.9
5291620240423 25.4 21.2  2.819999-99.9-99.9-99.9-99.9-9.9 9928.1100 23.0   4  3.3 3.6-9.9
5291620240424 23.3 21.5  1.219999-99.9-99.9-99.9-99.9-9.9 9926.5100 22.0   9  7.3-9.9-9.9
5291620240425 25.6 19.3  8.019999-99.9-99.9-99.9-99.9-9.9 9927.0100 22.3   6  4.8-9.9-9.9
5291620240426 33.0 22.8  0.009999-99.9-99.9-99.9-99.9-9.9 9934.4 94 26.2   5  4.2-9.9-9.9
5291620240427 34.4 20.5  1.419999-99.9-99.9-99.9-99.9-9.9 9931.2 88 24.5   8  6.5-9.9-9.9
5291620240428 22.1 17.2  0.009999-99.9-99.9-99.9-99.9-9.9 9922.9 98 19.6   6  5.1-9.9-9.9
5291620240429 33.1 19.7  0.419999-99.9-99.9-99.9-99.9-9.9 9933.0 97 25.3   3  2.5-9.9-9.9
5291620240430 33.3 25.2  0.009999-99.9-99.9-99.9-99.9-9.9 9935.5 88 26.8   5  3.6-9.9-9.9
5291620240501 32.0 24.5  9.019999-99.9-99.9-99.9-99.9-9.9 9935.1 96 26.6   4  3.5-9.9-9.9
5291620240502 24.7 16.7  0.009999-99.9-99.9-99.9-99.9-9.9 9922.3100 19.1  12  9.6-9.9-9.9
5291620240503 20.2 15.8  9.419999-99.9-99.9-99.9-99.9-9.9 9920.3100 17.7   8  6.2-9.9-9.9
5291620240504 21.1 17.2  0.219999-99.9-99.9-99.9-99.9-9.9 9922.1100 19.1   2  1.9-9.9-9.9
5291620240505 28.9 18.3  0.009999-99.9-99.9-99.9-99.9-9.9 9929.1100 23.3   4  3.0-9.9-9.9
5291620240506 33.6 23.5  0.009999-99.9-99.9-99.9-99.9-9.9 9933.7 84 26.0   8  6.3-9.9-9.9
5291620240507 32.8 26.6  0.009999-99.9-99.9-99.9-99.9-9.9 9930.9 75 24.6   8  6.3-9.9-9.9
5291620240508 29.1 18.1  4.619999-99.9-99.9-99.9-99.9-9.9 9923.5 81 19.6  13 10.1-9.9-9.9
5291620240509 21.1  9.8  0.009999-99.9-99.9-99.9-99.9-9.9 9914.0 79 11.7   5  4.4-9.9-9.9
5291620240510 19.6 14.6  2.619999-99.9-99.9-99.9-99.9-9.9 9919.3 99 16.9   3  2.5-9.9-9.9
5291620240511 18.7 16.2  6.219999-99.9-99.9-99.9-99.9-9.9 9919.5100 17.1   7  5.3-9.9-9.9
5291620240512 17.7 15.6  0.219999-99.9-99.9-99.9-99.9-9.9 9918.7100 16.4   9  7.1-9.9-9.9
5291620240513 15.8 10.7  0.009999-99.9-99.9-99.9-99.9-9.9 9915.2100 13.2  12  9.6-9.9-9.9
5291620240514 16.9  7.3  0.009999-99.9-99.9-99.9-99.9-9.9 9912.5 90 10.0   6  4.9-9.9-9.9
5291620240515 17.1  5.9  0.009999-99.9-99.9-99.9-99.9-9.9 9912.2 87  9.6   3  2.8-9.9-9.9
5291620240516 19.0 11.5  0.009999-99.9-99.9-99.9-99.9-9.9 9915.7 92 13.6   2  1.5-9.9-9.9
5291620240517 19.7  8.9  0.009999-99.9-99.9-99.9-99.9-9.9 9913.9 81 11.7   5  3.7-9.9-9.9
5291620240518 17.0 11.1  0.009999-99.9-99.9-99.9-99.9-9.9 9912.8 83 10.6   6  4.5-9.9-9.9
5291620240519 18.2  7.9  0.009999-99.9-99.9-99.9-99.9-9.9 9912.1 84  9.4   4  3.1-9.9-9.9
5291620240520 19.9  4.8  0.009999-99.9-99.9-99.9-99.9-9.9 9913.0 85 10.2   5  3.9-9.9-9.9
5291620240521 21.9 12.2  0.009999-99.9-99.9-99.9-99.9-9.9 9920.1 96 17.4   5  3.6 3.9-9.9
5291620240522 24.6 16.4  6.219999-99.9-99.9-99.9-99.9-9.9 9922.0100 18.8   5  3.8 3.2-9.9
5291620240523 18.0 14.3  6.019999-99.9-99.9-99.9-99.9-9.9 9916.9100 14.8   9  7.3 0.9-9.9
5291620240524 15.0  9.6  0.009999-99.9-99.9-99.9-99.9 2.5 2314.1100 12.0  12  9.3 6.7 2.7
5291620240525 14.2  3.8-99.999999-99.9-99.9-99.9-99.9 6.9 6510.5 89  7.4   5  4.311.6 2.0
5291620240526-99.9-99.9  0.009999-99.9-99.9-99.9-99.9 0.5  510.8 89  8.0 -99-99.9 4.4-9.9
5291620240527 15.4  6.6-99.999999-99.9-99.9-99.9-99.9-9.9 99-9.9 84-99.9 -99-99.9-9.9-9.9
5291620240528-99.9-99.9  0.009999-99.9-99.9-99.9-99.9 3.6 3511.5 91  8.7 -99-99.9 7.9-9.9
5291620240529 16.5 10.7  0.009999-99.9-99.9-99.9-99.9 1.6 1514.8 96 12.7   4  3.2 5.5 0.9
5291620240530 22.0  5.7  0.009999-99.9-99.9-99.9-99.9 8.7 8314.4 89 11.9   2  1.813.4 2.1
5291620240531 25.7  8.0  0.009999-99.9-99.9-99.9-99.9 7.8 7417.0 87 14.2   3  2.512.3 1.8
5291620240601 27.0 14.0  0.009999-99.9-99.9-99.9-99.9 7.4 7119.8 84 17.1   5  3.811.9 3.3
5291620240602 29.2 13.6  0.009999-99.9-99.9-99.9-99.9 6.3 6121.3 81 18.2   5  3.910.7 3.6
5291620240603 22.2 10.7  0.009999-99.9-99.9-99.9-99.9 6.2 5912.5 74 10.0  12  9.510.510.9
5291620240604 16.5  8.0  0.009999-99.9-99.9-99.9-99.9 0.9  913.9 96 11.5   4  3.4 4.7 0.7
5291620240605 28.6 13.6  0.009999-99.9-99.9-99.9-99.9 7.3 7021.3 88 18.0   2  1.611.7 2.0
5291620240606 29.8 16.9  0.009999-99.9-99.9-99.9-99.9 7.0 6723.5 83 19.9   4  3.211.3 3.5
5291620240607 30.2 16.7  0.009999-99.9-99.9-99.9-99.9 7.3 7023.3 82 19.7   4  3.111.6 4.0
5291620240608 30.3 17.0  0.009999-99.9-99.9-99.9-99.9 7.4 7223.6 79 20.0   8  6.111.7 5.9
5291620240609 31.3 19.2  0.009999-99.9-99.9-99.9-99.9 7.2 6921.7 73 18.6   7  5.411.4 8.3
5291620240610 31.4 18.2  0.009999-99.9-99.9-99.9-99.9 7.2 7023.9 79 20.1   2  1.911.4 3.4
5291620240611 30.0 18.2  0.009999-99.9-99.9-99.9-99.9 6.2 6024.2 81 20.4   4  3.610.4 4.4
5291620240612 31.7 20.9  0.009999-99.9-99.9-99.9-99.9 7.0 6723.1 71 19.7   7  5.911.2 9.1
5291620240613 32.0 20.7  0.009999-99.9-99.9-99.9-99.9 7.6 7319.7 58 17.2  11  8.711.816.3
5291620240614 30.7 20.5  0.009999-99.9-99.9-99.9-99.9 4.7 4621.0 66 18.2   6  4.7 8.7 9.2
5291620240615 26.1 20.2  0.009999-99.9-99.9-99.9-99.9 3.3 3224.6 90 20.8   7  5.6 7.1 3.7
5291620240616 21.9 19.3  0.009999-99.9-99.9-99.9-99.9-9.9 9923.8100 20.3   4  3.5 1.9-9.9
5291620240617 19.7 17.6  0.009999-99.9-99.9-99.9-99.9-9.9 9921.5100 18.7   3  2.0 1.5-9.9
5291620240618-99.9-99.9-99.999999-99.9-99.9-99.9-99.9-9.9 99-9.9-99-99.9 -99-99.9-9.9-9.9
5291620240814-99.9-99.9-99.999999-99.9-99.9-99.9-99.9-9.9 99-9.9-99-99.9 -99-99.9-9.9-9.9
5291620240815 30.4 10.1  0.009999-99.9-99.9-99.9-99.9 7.7 6915.5 65 12.9   4  3.514.6 6.3
5291620240816 30.6 14.7  0.009999-99.9-99.9-99.9-99.9 6.4 5718.7 69 16.1   5  3.812.9 6.7
5291620240817 23.7 14.8  0.009999-99.9-99.9-99.9-99.9 7.0 6316.9 80 14.7   6  5.013.9 6.7
5291620240818 26.7 12.8  0.009999-99.9-99.9-99.9-99.9 6.5 5819.3 83 16.5   5  4.013.2 4.0
5291620240819 19.8 16.0  0.009999-99.9-99.9-99.9-99.9-9.9 9919.3 98 16.9   9  7.1 3.7-9.9
5291620240820 20.0 15.6  2.819999-99.9-99.9-99.9-99.9-9.9 9920.4100 17.8   3  2.3 3.0-9.9
5291620240821 18.3 15.4 50.619999-99.9-99.9-99.9-99.9-9.9 9918.7100 16.4   2  1.7 0.3-9.9
5291620240822 15.4  9.5  0.419999-99.9-99.9-99.9-99.9-9.9 9913.1100 10.9  10  8.3 2.3-9.9
5291620240823 15.4  9.1  0.009999-99.9-99.9-99.9-99.9 2.9 2613.0 97 10.7   6  4.7 8.9 1.7
5291620240824 17.7  4.6  0.009999-99.9-99.9-99.9-99.9 9.9 8711.0 80  7.9   5  4.018.3 4.2
5291620240825 17.2  4.3  0.009999-99.9-99.9-99.9-99.910.1 89 9.1 70  5.2   4  3.018.7 4.9
5291620240826 19.3  2.3  0.009999-99.9-99.9-99.9-99.910.2 89 9.7 70  5.8   5  3.918.9 5.3
5291620240827 20.9  6.2  0.009999-99.9-99.9-99.9-99.9 6.4 5611.4 71  8.3   5  3.713.8 4.7
5291620240828 25.1  8.1  0.009999-99.9-99.9-99.9-99.9 8.5 7513.6 69 11.0   5  4.016.9 6.1
5291620240829 24.5 14.0  0.009999-99.9-99.9-99.9-99.9 1.9 1717.5 82 15.2   6  4.4 7.8 4.1
5291620240830 28.3 15.3  0.009999-99.9-99.9-99.9-99.9 2.1 1919.8 82 17.1   7  5.8 8.2 4.7
5291620240831 21.0 14.6  0.009999-99.9-99.9-99.9-99.9 4.4 3816.1 82 13.9  12  9.511.3 8.2
5291620240901 18.7  7.5  0.009999-99.9-99.9-99.9-99.9 7.5 6511.7 82  9.0   5  4.015.9 5.0
5291620240902 23.9  7.4  0.009999-99.9-99.9-99.9-99.910.4 9014.3 76 11.9   5  3.920.0 5.1
5291620240903 28.2 11.7  1.019999-99.9-99.9-99.9-99.9 5.7 4916.2 70 13.7   6  4.913.5 7.4
5291620240904 19.8 12.9  0.419999-99.9-99.9-99.9-99.9 1.9 1715.3 84 13.2  11  8.6 8.2 7.9
5291620240905 22.5  7.2  0.009999-99.9-99.9-99.9-99.910.6 9112.7 72  9.9   5  4.220.5 6.2
5291620240906 26.9  6.5  0.009999-99.9-99.9-99.9-99.910.1 8612.9 65 10.1   4  3.119.9 6.4
5291620240907 27.9 12.8  0.009999-99.9-99.9-99.9-99.9 4.4 3717.7 71 15.1   6  4.511.9 6.2
5291620240908 24.3 18.4  0.009999-99.9-99.9-99.9-99.9 1.1  922.0 92 18.9   3  2.6 7.1 2.8
5291620240909 23.5 16.8  0.009999-99.9-99.9-99.9-99.9 0.9  822.2 98 19.0   2  1.2 7.0 1.7
5291620240910 29.7 15.4  0.009999-99.9-99.9-99.9-99.9 3.3 2824.3 86 20.2   4  3.510.5 3.1
5291620240911 28.0 19.3  8.019999-99.9-99.9-99.9-99.9 2.0 1719.5 74 17.1  11  8.7 8.613.8
5291620240912 19.4 14.5  0.009999-99.9-99.9-99.9-99.9-9.9 9918.1 97 15.9   9  6.9 4.3-9.9
5291620240913 19.1 14.6  0.009999-99.9-99.9-99.9-99.9-9.9 9918.5100 16.2   3  2.7 4.3-9.9
5291620240914 24.8 12.8  0.219999-99.9-99.9-99.9-99.9 9.0 7616.8 80 14.2   7  5.819.2 6.7
5291620240915 26.1  9.2  0.009999-99.9-99.9-99.9-99.9 9.8 8214.0 67 11.4   6  4.620.5 8.3
5291620240916 27.2  8.2  0.009999-99.9-99.9-99.9-99.910.6 8814.0 65 11.3   5  4.021.7 8.3
5291620240917 29.3 11.1  0.009999-99.9-99.9-99.9-99.9 9.4 7816.6 66 14.0   7  5.820.010.1
5291620240918 32.4 14.1  0.009999-99.9-99.9-99.9-99.9 9.9 8219.3 66 16.6   6  4.720.9 9.8
5291620240919 34.4 20.3 31.019999-99.9-99.9-99.9-99.9 4.4 3723.9 67 20.3   7  5.612.810.5
5291620240920 27.4 19.4  0.009999-99.9-99.9-99.9-99.9 7.2 6022.5 83 19.3  10  8.317.011.2
5291620240921 30.6 13.8  0.009999-99.9-99.9-99.9-99.9 9.7 8022.7 78 19.2   7  5.421.0 7.6
5291620240922 35.0 22.6  0.009999-99.9-99.9-99.9-99.9 5.8 4828.9 74 23.4   7  5.815.0 9.5
5291620240923 36.1 24.9  0.009999-99.9-99.9-99.9-99.9 4.5 3728.0 65 22.9   5  4.213.110.2
5291620240924 27.4 21.4  0.009999-99.9-99.9-99.9-99.9-9.9 9926.4 98 22.0   6  4.7 5.0-9.9
5291620240925 22.4 20.0 13.619999-99.9-99.9-99.9-99.9-9.9 9924.9100 21.0   8  6.0 3.1-9.9
5291620240926 21.3 17.0  0.219999-99.9-99.9-99.9-99.9-9.9 9920.7100 18.0  12  9.4 2.7-9.9
5291620240927 23.8 13.5  0.009999-99.9-99.9-99.9-99.9 9.7 7918.3 86 15.8   5  4.121.4 6.0
5291620240928 28.4 12.3  0.009999-99.9-99.9-99.9-99.911.1 9018.6 75 15.9   4  3.223.8 7.2
5291620240929 33.5 13.8  0.009999-99.9-99.9-99.9-99.9 9.5 7721.6 68 18.2   5  3.821.4 8.6
5291620240930 36.6 21.8  0.009999-99.9-99.9-99.9-99.9 8.4 6825.8 60 21.6   9  6.819.615.4
5291620241001 37.3 25.4  4.219999-99.9-99.9-99.9-99.9 7.0 5625.5 60 21.3  10  8.317.521.6
5291620241002 25.6 16.4  0.219999-99.9-99.9-99.9-99.9 5.2 4215.6 63 13.0  14 11.314.718.9
5291620241003 24.3 11.0  0.009999-99.9-99.9-99.9-99.910.9 8811.6 57  8.9  10  7.623.915.6
5291620241004 27.7  8.3  0.009999-99.9-99.9-99.9-99.911.6 9312.8 59 10.2   7  5.825.212.3
5291620241005 32.0 14.2  0.009999-99.9-99.9-99.9-99.9 7.1 5721.9 73 18.4   6  4.818.1 7.4
5291620241006 30.2 21.2  0.219999-99.9-99.9-99.9-99.9 3.8 3026.5 83 21.9   5  4.312.8 6.3
5291620241007 26.0 20.6 18.019999-99.9-99.9-99.9-99.9 2.1 1624.7 91 20.9  13 10.010.0 6.9
5291620241008 21.2 18.9 12.819999-99.9-99.9-99.9-99.9-9.9 9923.3100 20.0  12  9.2 3.2-9.9
5291620241009 22.6 19.1  0.009999-99.9-99.9-99.9-99.9 0.5  423.2 99 19.9  10  7.8 7.6 2.3
5291620241010 20.3 17.6  0.009999-99.9-99.9-99.9-99.9-9.9 9921.2 98 18.4   7  5.3 4.7-9.9
5291620241011 26.7 15.9  0.009999-99.9-99.9-99.9-99.910.2 8120.8 82 17.8   6  4.423.5 7.7
5291620241012 29.4 13.3  0.009999-99.9-99.9-99.9-99.9 9.9 7819.5 72 16.7   4  2.923.0 7.7
5291620241013 32.3 16.1  0.009999-99.9-99.9-99.9-99.910.9 8622.3 70 18.9   6  4.724.810.4
5291620241014 26.6 21.1  2.619999-99.9-99.9-99.9-99.9-9.9 9924.4 90 20.6   6  5.1 5.7-9.9
5291620241015 22.2 19.6  0.009999-99.9-99.9-99.9-99.9-9.9 9924.1100 20.5   4  3.6 2.3-9.9
5291620241016 28.9 18.4  0.009999-99.9-99.9-99.9-99.9 9.1 7125.4 87 21.1   7  6.022.1 7.0
5291620241017 32.2 17.7  0.009999-99.9-99.9-99.9-99.9 7.6 5924.9 77 20.6   9  7.119.610.6
5291620241018 27.8 15.7  0.009999-99.9-99.9-99.9-99.9 7.7 6020.6 80 17.7   6  4.919.8 8.6
5291620241019 29.7 16.9  0.009999-99.9-99.9-99.9-99.911.7 9120.5 70 17.6   5  3.726.610.3
5291620241020 32.5 18.3  0.009999-99.9-99.9-99.9-99.9 9.6 7525.0 75 20.7   6  5.123.210.1
5291620241021 33.8 20.1  0.009999-99.9-99.9-99.9-99.910.0 7727.8 74 22.7   5  4.123.810.3
5291620241022 36.1 21.8  0.009999-99.9-99.9-99.9-99.9 9.3 7229.7 71 23.8   5  3.922.710.8
5291620241023 36.9 24.2  0.009999-99.9-99.9-99.9-99.9 9.7 7529.9 66 23.9   7  5.323.414.2
5291620241024 30.4 21.3  0.009999-99.9-99.9-99.9-99.9 4.7 3724.2 83 20.3  11  9.115.214.2
5291620241025 29.3 14.2  0.009999-99.9-99.9-99.9-99.911.9 9219.8 71 16.9   6  4.727.411.2
5291620241026 24.8 10.3  0.009999-99.9-99.9-99.9-99.912.4 9613.8 65 11.4   6  4.628.311.4
5291620241027 27.1 11.9  0.009999-99.9-99.9-99.9-99.911.7 9015.0 64 12.7   6  5.027.211.5
5291620241028 31.3 13.9  0.009999-99.9-99.9-99.9-99.912.1 9217.3 60 14.9   5  4.027.812.0
5291620241029 33.6 15.4  0.009999-99.9-99.9-99.9-99.912.2 9319.8 61 16.9   6  4.928.113.7
5291620241030 34.7 18.0  0.009999-99.9-99.9-99.9-99.911.7 8923.1 66 19.5   8  6.327.215.0
5291620241031 30.5 20.3  0.009999-99.9-99.9-99.9-99.9 1.2  924.9 78 20.9   5  3.8 9.5 6.3
5291620241101 27.7 21.3  0.009999-99.9-99.9-99.9-99.9-9.9 9927.9 91 22.8   4  3.0 6.9-9.9
5291620241102 28.4 21.8  0.009999-99.9-99.9-99.9-99.9-9.9 9929.7 97 23.9   3  2.2 6.4-9.9
5291620241103 31.8 21.6  0.009999-99.9-99.9-99.9-99.9 5.6 4330.2 86 24.1   6  5.217.1 6.7
5291620241104 36.4 20.8  0.009999-99.9-99.9-99.9-99.910.8 8230.1 76 23.9   5  4.026.010.9
5291620241105 28.0 19.4  0.009999-99.9-99.9-99.9-99.9-9.9 9924.2 98 20.5  10  8.2 5.3-9.9
5291620241106 32.4 19.6  0.009999-99.9-99.9-99.9-99.9 8.7 6530.8 88 24.2   4  3.022.4 6.6
5291620241107 28.6 20.3  0.009999-99.9-99.9-99.9-99.9 6.5 4930.5100 24.3   8  6.618.8 5.9
5291620241108 28.1 19.3  0.009999-99.9-99.9-99.9-99.9 8.2 6225.1 89 21.0   7  5.621.7 7.6
5291620241109 29.4 16.7  0.009999-99.9-99.9-99.9-99.912.3 9221.3 73 18.3   6  4.928.811.6
5291620241110 34.1 16.1  0.009999-99.9-99.9-99.9-99.912.3 9223.0 69 19.4   4  3.428.810.9
5291620241111 30.3 16.9  0.009999-99.9-99.9-99.9-99.9 5.0 3721.7 79 18.4  12  9.416.213.2
5291620241112 25.7 15.3  0.009999-99.9-99.9-99.9-99.912.7 9515.3 63 12.9   6  5.129.712.7
5291620241113 30.9 10.5  0.009999-99.9-99.9-99.9-99.912.5 9315.3 58 12.9   3  2.629.410.0
5291620241114 31.4 13.8  0.009999-99.9-99.9-99.9-99.911.4 8516.9 57 14.6   4  3.227.411.9
5291620241115 33.3 16.7  0.009999-99.9-99.9-99.9-99.912.5 9319.5 58 16.8   4  3.329.412.5
5291620241116 37.8 18.8  0.009999-99.9-99.9-99.9-99.911.8 8725.2 61 20.9   6  4.628.214.2
5291620241117 32.3 22.2  0.009999-99.9-99.9-99.9-99.9-9.9 9927.5 83 22.6   7  5.5 5.5-9.9
5291620241118 29.9 22.1  0.009999-99.9-99.9-99.9-99.9 6.2 4629.8 89 23.9   9  7.018.5 7.4
5291620241119 26.4 22.2  0.219999-99.9-99.9-99.9-99.9-9.9 9928.6 99 23.3   6  4.9 6.4-9.9
5291620241120 27.8 21.6  0.009999-99.9-99.9-99.9-99.9 3.5 2627.5 96 22.5   8  6.513.8 4.7
5291620241121 26.3 18.8  0.009999-99.9-99.9-99.9-99.9 5.1 3823.8 85 20.3   7  5.716.7 7.2
5291620241122 30.9 18.3  0.009999-99.9-99.9-99.9-99.911.4 8424.9 79 20.8   6  5.227.710.7
5291620241123 32.8 19.1  0.009999-99.9-99.9-99.9-99.912.6 9325.5 73 21.1   5  4.029.811.5
5291620241124 37.3 20.2  0.009999-99.9-99.9-99.9-99.911.3 8329.8 70 23.7   6  5.027.513.2
5291620241125 36.7 25.1  0.009999-99.9-99.9-99.9-99.9 9.3 6829.4 70 23.7  11  9.024.119.9
5291620241126 25.4 21.5  0.009999-99.9-99.9-99.9-99.9-9.9 9927.2 98 22.5   9  7.4 1.7-9.9
5291620241127 32.7 22.2  0.009999-99.9-99.9-99.9-99.9 7.3 5432.8 97 25.4   7  5.420.7 5.6
5291620241128 25.6 21.2  0.009999-99.9-99.9-99.9-99.9-9.9 9927.9100 22.9   9  6.9 7.2-9.9
5291620241129 31.4 20.7  0.819999-99.9-99.9-99.9-99.910.1 7434.4100 26.1   6  5.125.5 6.9
5291620241130 33.2 24.0  0.009999-99.9-99.9-99.9-99.9 8.4 6134.0 86 26.1   9  7.022.610.3
5291620241201 36.9 23.6  0.009999-99.9-99.9-99.9-99.911.3 8234.6 82 26.1  11  8.427.614.6
5291620241202 27.5 15.6  5.619999-99.9-99.9-99.9-99.9 5.9 4320.8 81 17.8   6  4.918.2 8.3
5291620241203 25.8 18.0  0.009999-99.9-99.9-99.9-99.9 4.5 3316.7 66 14.6   7  6.015.811.6
5291620241204 29.8 14.7  0.009999-99.9-99.9-99.9-99.913.0 9418.8 67 16.2   7  5.430.713.1
5291620241205 34.6 18.5  0.009999-99.9-99.9-99.9-99.911.8 8628.6 74 22.8   7  5.728.611.6
5291620241206 36.9 25.4  0.009999-99.9-99.9-99.9-99.910.4 7631.7 74 24.8   9  7.026.315.9
5291620241207 26.3 21.1 11.819999-99.9-99.9-99.9-99.9-9.9 9926.7 98 22.2  10  8.3 3.7-9.9
5291620241208 26.3 18.4  0.009999-99.9-99.9-99.9-99.9 6.7 4821.2 78 18.3  10  8.419.711.7
5291620241209 25.5 16.4  1.219999-99.9-99.9-99.9-99.9 2.1 1520.2 84 17.5   4  3.511.7 5.2
5291620241210 30.0 15.6  0.009999-99.9-99.9-99.9-99.912.7 9221.8 73 18.6   4  3.430.310.2
5291620241211 32.3 15.8  0.009999-99.9-99.9-99.9-99.912.4 9023.1 70 19.5   4  3.229.710.8
5291620241212 35.0 21.6 31.419999-99.9-99.9-99.9-99.9 9.3 6729.1 74 23.4   6  4.924.311.3
5291620241213 28.5 20.8  0.619999-99.9-99.9-99.9-99.9 2.6 1926.6 92 22.1   8  6.212.5 6.8
5291620241214 30.5 21.4  0.009999-99.9-99.9-99.9-99.913.1 9526.4 78 21.8   9  7.031.113.4
5291620241215 29.8 18.5  0.009999-99.9-99.9-99.9-99.913.1 9520.7 65 17.8   7  5.731.115.2
5291620241216 31.3 17.9  0.009999-99.9-99.9-99.9-99.911.3 8221.8 70 18.6   3  2.527.9 9.9
5291620241217 30.6 17.6  0.009999-99.9-99.9-99.9-99.913.3 9621.6 67 18.5   6  4.531.413.3
5291620241218 33.3 18.7 11.219999-99.9-99.9-99.9-99.911.5 8324.0 68 20.2   8  6.628.214.8
5291620241219 30.0 21.2  0.009999-99.9-99.9-99.9-99.9 4.1 2926.6 87 22.0   5  3.715.1 6.1
5291620241220 32.9 19.0  0.009999-99.9-99.9-99.9-99.912.0 8726.5 74 21.8   3  2.029.1 9.6
5291620241221 34.6 20.5  0.009999-99.9-99.9-99.9-99.911.8 8526.0 69 21.4   6  4.528.813.5
5291620241222 31.2 18.6  0.009999-99.9-99.9-99.9-99.911.7 8422.0 69 18.7   7  5.728.514.3
5291620241223 31.9 16.5  0.009999-99.9-99.9-99.9-99.913.4 9721.4 68 18.1   4  3.331.611.9
5291620241224 23.5 17.5  6.619999-99.9-99.9-99.9-99.9-9.9 9921.8 91 18.7   5  4.3 5.5-9.9
5291620241225 28.7 15.3  0.009999-99.9-99.9-99.9-99.913.2 9619.0 65 16.4   7  5.931.314.3
5291620241226 29.7 15.4  0.009999-99.9-99.9-99.9-99.913.5 9717.5 60 15.0   4  3.031.712.0
5291620241227 32.0 14.0  0.009999-99.9-99.9-99.9-99.913.3 9618.3 59 15.6   3  2.631.311.6
5291620241228 32.7 16.8  0.009999-99.9-99.9-99.9-99.912.6 9118.9 56 16.2   5  3.630.213.5
5291620241229 33.3 17.2  0.009999-99.9-99.9-99.9-99.912.9 9319.3 58 16.5   5  3.930.613.9
5291620241230 35.0 18.9  0.009999-99.9-99.9-99.9-99.912.9 9421.6 59 18.4   5  3.730.813.8
5291620241231 36.5 17.5  0.009999-99.9-99.9-99.9-99.912.9 9420.8 53 17.6   3  2.330.712.6
5291620250101 35.1 19.6  0.009999-99.9-99.9-99.9-99.9 6.6 4823.9 64 19.9   5  4.319.511.5
5291620250102 36.4 18.9  0.009999-99.9-99.9-99.9-99.912.5 9124.2 62 20.2   4  3.430.013.1
5291620250103 36.1 20.2  0.009999-99.9-99.9-99.9-99.910.9 7919.9 49 17.0   6  4.627.216.6
5291620250104 35.2 18.0  0.009999-99.9-99.9-99.9-99.912.9 9316.9 45 14.5   5  4.030.617.3
5291620250105 36.2 15.1  0.009999-99.9-99.9-99.9-99.913.0 9417.3 47 14.6   3  2.830.713.7
5291620250106 36.2 18.2  0.009999-99.9-99.9-99.9-99.912.6 9117.5 46 14.9   5  3.830.116.0
5291620250107 36.0 17.8  0.009999-99.9-99.9-99.9-99.911.7 8517.5 47 15.1   5  4.128.616.4
5291620250108 35.9 17.4  0.009999-99.9-99.9-99.9-99.912.7 9317.8 48 15.1   6  4.930.318.2
5291620250109 36.1 16.7  0.009999-99.9-99.9-99.9-99.912.1 8818.5 49 15.7   6  4.529.216.6
5291620250110 37.0 19.5  0.009999-99.9-99.9-99.9-99.911.8 8619.2 46 16.7   6  5.128.719.7
5291620250111 36.3 18.5  0.009999-99.9-99.9-99.9-99.9 9.7 7117.8 46 15.2   5  4.424.916.8
5291620250112 34.7 18.7  0.009999-99.9-99.9-99.9-99.913.1 9616.4 45 13.8   7  5.530.920.0
5291620250113 36.5 18.9  0.009999-99.9-99.9-99.9-99.9 9.6 7118.7 49 15.9   6  4.924.816.7
5291620250114 36.5 18.7  0.009999-99.9-99.9-99.9-99.912.2 8917.3 43 14.8   5  4.229.317.8
5291620250115 37.9 18.0  0.009999-99.9-99.9-99.9-99.911.7 8621.3 53 18.0   4  3.528.514.5
5291620250116 37.8 20.5  0.009999-99.9-99.9-99.9-99.9 7.9 5822.7 52 19.2   4  3.021.812.5
5291620250117 40.8 21.1  0.009999-99.9-99.9-99.9-99.911.4 8422.4 47 18.7   5  4.127.917.4
5291620250118 40.9 21.4  0.009999-99.9-99.9-99.9-99.9 9.3 6922.3 47 18.9   5  3.924.216.5
5291620250119 32.3 22.8  4.219999-99.9-99.9-99.9-99.9 5.9 4323.1 70 19.7   9  7.318.216.1
5291620250120 30.8 19.9  0.009999-99.9-99.9-99.9-99.9 6.1 4523.1 76 19.6   7  5.318.5 9.6
5291620250121 36.2 18.1  0.009999-99.9-99.9-99.9-99.912.5 9321.5 55 18.2   4  3.229.813.3
5291620250122 39.4 18.9  0.009999-99.9-99.9-99.9-99.911.6 8520.4 47 17.3   5  4.028.016.8
5291620250123 37.5 23.4  0.219999-99.9-99.9-99.9-99.9 5.9 4422.7 54 19.4   6  5.218.116.2
5291620250124 40.3 24.0  0.219999-99.9-99.9-99.9-99.910.3 7628.4 65 22.8  11  8.425.719.1
5291620250125 32.1 22.3  0.009999-99.9-99.9-99.9-99.9 5.0 3725.9 77 21.5   4  3.016.5 7.5
5291620250126 37.5 19.0  0.009999-99.9-99.9-99.9-99.9 7.8 5825.6 61 21.0   6  4.621.312.5
5291620250127 29.9 23.7  1.019999-99.9-99.9-99.9-99.9 1.6 1224.6 77 20.7   4  3.210.4 7.2
5291620250128 30.1 21.1  0.419999-99.9-99.9-99.9-99.9 0.7  527.9 86 22.8   5  4.4 8.9 4.7
5291620250129 34.9 22.4  6.219999-99.9-99.9-99.9-99.9 5.8 4327.6 81 22.6   5  3.817.7 7.9
5291620250130 35.4 20.3  0.009999-99.9-99.9-99.9-99.910.2 7627.4 73 22.3   5  4.325.410.8
5291620250131 36.4 20.3  0.009999-99.9-99.9-99.9-99.912.2 9122.2 56 18.7   6  4.628.816.1
5291620250201 37.0 18.6  0.009999-99.9-99.9-99.9-99.912.3 9319.6 49 16.7   5  3.829.015.8
5291620250202 39.6 18.4  0.009999-99.9-99.9-99.9-99.912.2 9220.9 47 17.7   4  3.328.814.9
5291620250203 40.8 23.6  0.009999-99.9-99.9-99.9-99.910.2 7723.0 46 19.4   6  4.525.318.2
5291620250204 42.0 26.2  0.009999-99.9-99.9-99.9-99.9 9.7 7324.0 43 20.1   6  4.724.319.5
5291620250205 41.7 24.1  0.009999-99.9-99.9-99.9-99.910.6 8025.5 47 21.2   6  4.625.918.5
5291620250206 39.8 25.0  0.009999-99.9-99.9-99.9-99.9 9.4 7126.9 54 22.2   6  4.523.717.3
5291620250207 40.9 26.2  4.819999-99.9-99.9-99.9-99.9 9.6 7327.1 59 22.2   5  3.824.014.4
5291620250208 40.2 23.2  0.009999-99.9-99.9-99.9-99.9 9.8 7428.2 59 22.8   4  3.224.212.8
5291620250209 40.8 21.9  0.009999-99.9-99.9-99.9-99.9 8.3 6326.6 57 21.7   4  3.021.712.0
5291620250210 40.5 23.6  0.009999-99.9-99.9-99.9-99.910.3 7925.7 50 21.3   6  4.625.117.8
5291620250211 42.2 26.6  0.009999-99.9-99.9-99.9-99.911.0 8423.1 40 19.6   8  6.526.3-9.9
5291620250212 41.4 28.2  8.419999-99.9-99.9-99.9-99.9 9.8 7523.2 46 19.8  12  9.224.2-9.9
5291620250213 29.8 22.7 52.619999-99.9-99.9-99.9-99.9-9.9 9926.9 91 22.3   5  4.2 3.2-9.9
5291620250214 36.4 21.4  0.009999-99.9-99.9-99.9-99.911.2 8631.6 75 24.7   3  2.126.5 8.9
5291620250215 39.1 25.5  0.009999-99.9-99.9-99.9-99.910.5 8129.2 60 23.4   5  3.925.114.2
5291620250216 39.7 26.7  0.009999-99.9-99.9-99.9-99.910.4 8029.1 60 23.5   9  7.025.020.7
5291620250217 29.4 22.5  2.019999-99.9-99.9-99.9-99.9-9.9 9927.0 88 22.3   8  6.3 7.0-9.9
5291620250218 31.0 20.2  0.009999-99.9-99.9-99.9-99.9 5.4 4226.6 83 21.9   5  3.616.3 6.4
5291620250219 35.2 18.7  0.009999-99.9-99.9-99.9-99.911.9 9323.4 62 19.6   4  3.027.311.3
5291620250220 34.1 21.4  0.009999-99.9-99.9-99.9-99.9 7.3 5726.0 66 21.5   4  3.419.510.0
5291620250221 38.8 23.7  0.009999-99.9-99.9-99.9-99.910.6 8228.3 59 23.0   5  4.124.914.4
5291620250222 40.4 24.8  0.009999-99.9-99.9-99.9-99.9 9.9 7727.3 58 22.3   7  5.323.617.7
5291620250223 41.3 22.7  0.009999-99.9-99.9-99.9-99.910.0 7828.0 57 22.6   6  4.623.815.2
5291620250224 39.9 24.2  0.009999-99.9-99.9-99.9-99.911.2 8826.6 55 21.8   5  4.125.715.5
5291620250225 40.1 25.2  0.009999-99.9-99.9-99.9-99.910.8 8527.0 52 22.1   6  4.525.017.2
5291620250226 39.9 24.3 11.819999-99.9-99.9-99.9-99.910.3 8125.4 59 21.1   7  5.824.019.0
5291620250227 35.4 23.4  0.009999-99.9-99.9-99.9-99.9 8.3 6529.3 74 23.5   6  4.620.610.4
5291620250228 36.1 24.6  0.009999-99.9-99.9-99.9-99.9 7.9 6330.9 69 24.4   6  4.520.011.2
5291620250301 38.3 26.9  0.009999-99.9-99.9-99.9-99.9 5.1 4128.4 63 23.1   6  4.815.313.3
5291620250302 40.2 23.1  0.009999-99.9-99.9-99.9-99.9 9.8 7827.2 55 22.1   6  5.023.015.9
5291620250303 41.5 25.2  0.009999-99.9-99.9-99.9-99.9 9.9 7924.4 47 20.4   5  3.923.016.5
5291620250304 42.1 25.6  0.009999-99.9-99.9-99.9-99.910.4 8324.7 47 20.7   5  3.823.816.5
5291620250305 40.8 25.9  0.009999-99.9-99.9-99.9-99.9 9.4 7624.7 47 20.6   6  4.522.117.7
5291620250306 38.5 25.2  0.009999-99.9-99.9-99.9-99.910.6 8524.0 50 20.3   9  7.223.823.3
5291620250307 39.7 23.5  0.009999-99.9-99.9-99.9-99.9 9.9 8023.7 49 20.0   8  6.222.720.4
5291620250308 39.8 24.0  1.619999-99.9-99.9-99.9-99.9 6.9 5524.1 60 20.3   9  7.517.719.4
5291620250309 31.2 19.9  0.009999-99.9-99.9-99.9-99.9 4.6 3722.2 75 18.8  10  7.813.912.0
5291620250310 31.9 13.5  0.009999-99.9-99.9-99.9-99.911.3 9216.2 56 13.7   5  4.424.812.6
5291620250311 35.2 18.6  0.009999-99.9-99.9-99.9-99.9 8.6 7018.2 52 15.7   6  4.920.314.2
5291620250312 35.6 18.2  0.009999-99.9-99.9-99.9-99.910.7 8718.2 51 15.8  10  7.823.521.7
5291620250313 28.7 16.6  0.009999-99.9-99.9-99.9-99.9 8.2 6716.2 61 14.0   8  6.519.514.6
5291620250314 30.4 14.5  0.009999-99.9-99.9-99.9-99.910.1 8314.6 53 12.2   7  5.522.514.1
5291620250315 33.0 15.3  0.009999-99.9-99.9-99.9-99.910.8 8814.4 46 12.0   6  4.823.314.9
5291620250316 34.1 15.6  0.009999-99.9-99.9-99.9-99.9 9.0 7414.9 45 12.5   7  5.420.416.4
5291620250317 34.6 18.6  0.009999-99.9-99.9-99.9-99.9 9.2 7617.1 50 14.7   5  3.720.812.8
5291620250318 35.8 17.7  0.009999-99.9-99.9-99.9-99.911.1 9118.3 50 15.4   5  3.923.513.3
5291620250319 35.5 17.5  0.009999-99.9-99.9-99.9-99.9 9.9 8216.4 46 13.8   6  4.721.615.8
5291620250320 37.0 16.0  0.009999-99.9-99.9-99.9-99.910.6 8715.0 42 12.4   5  4.122.515.2
5291620250321 37.8 18.1 14.419999-99.9-99.9-99.9-99.9 7.8 6516.6 44 14.2   5  4.018.214.0
5291620250322 29.7 20.3  0.009999-99.9-99.9-99.9-99.9 3.4 2923.6 81 20.0   5  3.811.3 6.2
5291620250323 32.9 20.6 20.819999-99.9-99.9-99.9-99.9 8.3 6925.3 76 21.0   5  3.918.7 8.2
5291620250324 35.2 20.5 36.419999-99.9-99.9-99.9-99.9 8.3 6927.3 75 22.2   4  3.118.6 7.5
5291620250325 28.2 21.5  5.419999-99.9-99.9-99.9-99.9 1.3 1126.1 90 21.7   7  5.3 8.0 4.7
5291620250326 32.0 21.8  0.009999-99.9-99.9-99.9-99.9 6.9 5829.3 84 23.6   3  2.616.4 5.6
5291620250327 32.3 21.9  6.619999-99.9-99.9-99.9-99.9 3.8 3228.6 86 23.1   5  4.311.6 5.9
5291620250328 25.3 21.8  1.419999-99.9-99.9-99.9-99.9-9.9 9928.9 99 23.5   3  2.7 1.1-9.9
5291620250329 31.1 21.2  0.009999-99.9-99.9-99.9-99.9 4.1 3430.0 94 23.9   2  1.611.9 3.3
5291620250330 33.5 21.4 10.219999-99.9-99.9-99.9-99.9 9.6 8129.8 79 23.8   4  3.420.0 7.4
5291620250331 26.6 17.0  0.009999-99.9-99.9-99.9-99.9-9.9 9921.5 91 18.4  12  9.3 5.0-9.9
5291620250401 20.6 15.9  0.419999-99.9-99.9-99.9-99.9-9.9 9918.4 87 16.2   7  5.4 5.2-9.9
5291620250402 21.7 18.8  0.819999-99.9-99.9-99.9-99.9-9.9 9923.3 99 19.9   1  1.1 3.4-9.9
5291620250403 24.2 19.4  0.819999-99.9-99.9-99.9-99.9 0.3  224.9 98 21.0   4  3.1 6.0 1.7
5291620250404 21.3 12.0  0.009999-99.9-99.9-99.9-99.915.9 9914.6 76 12.1  10  7.828.7-9.9
5291620250405 24.2  8.2  0.619999-99.9-99.9-99.9-99.916.0 9912.8 68 10.1   7  6.028.6-9.9
5291620250406 25.9 15.2  2.419999-99.9-99.9-99.9-99.9 2.6 2220.5 84 17.6   6  4.8 9.2 4.1
5291620250407 21.7 17.4 10.019999-99.9-99.9-99.9-99.9-9.9 9920.6 99 18.0   4  2.9 4.2-9.9
5291620250408 19.6 15.5  0.009999-99.9-99.9-99.9-99.9 1.3 1219.8 98 17.3   6  5.0 7.3 1.7
5291620250409 23.3 15.5  0.009999-99.9-99.9-99.9-99.9 3.4 2921.7 93 18.7   3  2.310.2 2.6
5291620250410 28.0 13.4  0.009999-99.9-99.9-99.9-99.9 9.9 8620.8 82 17.8   2  1.319.3 4.5
5291620250411 28.5 14.5  0.009999-99.9-99.9-99.9-99.910.9 9520.0 73 17.3   2  1.920.6 6.0
5291620250412 28.8 17.0  0.009999-99.9-99.9-99.9-99.9 6.5 5620.4 73 17.5   4  2.914.3 6.3
5291620250413 28.2 15.9  0.009999-99.9-99.9-99.9-99.911.7 9918.2 71 15.6   5  4.121.5-9.9
5291620250414-99.9-99.9-99.999999-99.9-99.9-99.9-99.9-9.9 99-9.9-99-99.9 -99-99.9-9.9-9.9
5291620250415-99.9-99.9  0.009999-99.9-99.9-99.9-99.9-9.9 99-9.9 64-99.9 -99-99.9-9.9-9.9
5291620250416 29.7 13.4  0.009999-99.9-99.9-99.9-99.914.9 9916.7 65 14.1   3  2.425.5-9.9
5291620250417 31.8 16.1  0.009999-99.9-99.9-99.9-99.9 9.5 8421.9 72 18.4   4  3.117.9 6.4
5291620250418 32.3 20.4 10.019999-99.9-99.9-99.9-99.9 7.3 6425.8 79 21.4   4  3.214.9 6.1
5291620250419 28.0 18.3  0.009999-99.9-99.9-99.9-99.911.0 9720.1 73 17.2  10  7.719.812.2
5291620250420 26.3 11.6  0.009999-99.9-99.9-99.9-99.910.4 9213.6 62 11.2   7  5.418.810.2
5291620250421 25.1 11.4  0.009999-99.9-99.9-99.9-99.9 9.5 8513.8 66 11.5   5  4.317.6 8.0
5291620250422 28.0 14.6  0.009999-99.9-99.9-99.9-99.914.4 9915.8 67 13.5   4  3.123.9-9.9
5291620250423 31.9 12.1  0.219999-99.9-99.9-99.9-99.916.0 9920.8 74 17.4   3  2.625.9-9.9
5291620250424 23.7 19.9 25.819999-99.9-99.9-99.9-99.9 6.3 5623.6 97 20.2   2  1.913.1 3.3
5291620250425 26.9 16.4  0.009999-99.9-99.9-99.9-99.912.6 9925.2 98 21.0   3  2.221.1-9.9
5291620250426 26.4 19.2  0.009999-99.9-99.9-99.9-99.9 5.8 5225.8 90 21.5   3  2.012.3 3.2
5291620250427 25.9 16.5  0.009999-99.9-99.9-99.9-99.911.6 9920.8 83 17.7   7  5.819.7-9.9
5291620250428 25.4  9.4  0.009999-99.9-99.9-99.9-99.9-9.9 9913.3 66 10.5   3  2.129.4-9.9
5291620250429 25.8  7.9  0.009999-99.9-99.9-99.9-99.9-9.9 9912.6 65  9.6   2  1.629.8-9.9
5291620250430 26.5  8.0  0.009999-99.9-99.9-99.9-99.9-9.9 9913.3 66 10.3   4  2.931.8-9.9
5291620250501 29.5  9.8  0.009999-99.9-99.9-99.9-99.917.5 9915.4 65 12.6   4  3.126.6-9.9
5291620250502 24.5 16.8  9.419999-99.9-99.9-99.9-99.9 2.7 2418.9 84 16.6   3  2.4 7.9 3.4
5291620250503 28.7 13.0  0.009999-99.9-99.9-99.9-99.912.5 9921.5 85 18.2   2  1.620.1-9.9
5291620250504 29.7 16.4  1.219999-99.9-99.9-99.9-99.9 7.2 6523.3 83 19.6   4  3.013.4 4.0
5291620250505 30.9 18.4 30.819999-99.9-99.9-99.9-99.9 8.3 7626.0 82 21.4   4  3.114.7 4.9
5291620250506 23.1 20.3118.219999-99.9-99.9-99.9-99.9-9.9 9924.7 99 20.9   9  7.5 3.0-9.9
5291620250507 27.6 19.1  0.419999-99.9-99.9-99.9-99.9 4.5 4227.7100 22.6   8  6.3 9.9 2.1
5291620250508 31.2 23.2 91.219999-99.9-99.9-99.9-99.9 7.2 6730.5 89 24.3   8  6.313.2 5.9
5291620250509 23.2 18.9  3.619999-99.9-99.9-99.9-99.9-9.9 9924.3100 20.6   4  2.8 3.2-9.9
5291620250510 25.3 16.7  0.219999-99.9-99.9-99.9-99.9 8.7 8123.3 99 19.7   2  1.314.8 2.8
5291620250511 25.5 13.5  0.009999-99.9-99.9-99.9-99.9-9.9 9919.7 86 16.9   2  2.032.5-9.9
5291620250512 25.1 12.1  0.009999-99.9-99.9-99.9-99.9-9.9 9917.8 84 15.3   3  2.631.8-9.9
5291620250513 28.2 15.0  0.009999-99.9-99.9-99.9-99.9-9.9 9922.3 86 18.9   4  3.127.9-9.9
5291620250514 30.3 18.5  0.009999-99.9-99.9-99.9-99.9-9.9 9926.3 86 21.7   4  3.126.2-9.9
5291620250515 29.1 19.2  0.009999-99.9-99.9-99.9-99.9-9.9 9924.8 83 20.8   6  4.529.3-9.9
5291620250516 29.2 17.8  0.009999-99.9-99.9-99.9-99.9-9.9 9922.6 81 19.3   4  2.926.9-9.9
5291620250517 30.3 19.1 55.819999-99.9-99.9-99.9-99.917.6 9924.7 78 20.8   7  5.524.6-9.9
5291620250518 25.3 17.1 10.419999-99.9-99.9-99.9-99.914.1 9921.4100 18.5   8  6.720.4-9.9
5291620250519 22.8 15.9  0.009999-99.9-99.9-99.9-99.913.8 9922.1100 19.0   4  3.220.1-9.9
5291620250520 23.5 18.4  0.009999-99.9-99.9-99.9-99.912.7 9923.8100 20.2   6  5.018.7-9.9
5291620250521 22.3 17.2  0.009999-99.9-99.9-99.9-99.916.6 9921.8100 18.8   7  5.823.0-9.9
5291620250522 23.5 15.0  0.009999-99.9-99.9-99.9-99.917.1 9918.9 92 16.4   8  6.123.5-9.9
5291620250523 20.8 12.1  3.419999-99.9-99.9-99.9-99.9-9.9 9917.9 97 15.5   8  6.627.4-9.9
5291620250524 25.0 17.6  4.419999-99.9-99.9-99.9-99.914.0 9924.4100 20.6   6  4.819.8-9.9
5291620250525 23.3 19.4  1.419999-99.9-99.9-99.9-99.9 9.6 9124.5100 20.7   6  4.414.8 2.6
5291620250526 29.3 20.8  0.419999-99.9-99.9-99.9-99.9 6.1 5830.3 98 24.1   6  4.510.8 2.3
5291620250527 24.4 14.1 34.819999-99.9-99.9-99.9-99.9 4.5 4321.0100 18.0  14 11.4 8.9 5.4
5291620250528 14.3  9.3  0.009999-99.9-99.9-99.9-99.9-9.9 9912.5 93 10.2  13 10.525.0-9.9
5291620250529 14.8  4.8  0.009999-99.9-99.9-99.9-99.9-9.9 9910.9 88  8.1   2  1.630.3-9.9
5291620250530 16.6  5.0  0.009999-99.9-99.9-99.9-99.9-9.9 9911.0 85  8.0   2  2.028.2-9.9
5291620250531 16.7  5.5  0.009999-99.9-99.9-99.9-99.9-9.9 9912.3 90  9.6   2  1.428.1-9.9
5291620250601 17.9  6.6  0.009999-99.9-99.9-99.9-99.9-9.9 9912.6 90 10.0   3  2.331.8-9.9
5291620250602 22.1  8.3  0.009999-99.9-99.9-99.9-99.9-9.9 9915.1 90 12.6   1  1.127.9-9.9
5291620250603 22.5  9.3  0.009999-99.9-99.9-99.9-99.9-9.9 9917.8 97 15.1   2  1.325.4-9.9
5291620250604 25.6 14.3  0.009999-99.9-99.9-99.9-99.914.6 9924.1100 20.2   4  3.419.6-9.9
5291620250605 22.9 14.9  0.009999-99.9-99.9-99.9-99.9-9.9 9920.4 93 17.6   7  5.224.0-9.9
5291620250606 17.1 11.6  0.219999-99.9-99.9-99.9-99.917.8 9915.4100 13.3   5  4.123.1-9.9
5291620250607 19.7  9.7  0.009999-99.9-99.9-99.9-99.9-9.9 9915.9100 13.6   4  2.924.8-9.9
5291620250608 19.9  7.9  0.009999-99.9-99.9-99.9-99.9-9.9 9914.0 89 11.6   4  3.330.0-9.9
5291620250609 20.2  6.7  0.009999-99.9-99.9-99.9-99.9-9.9 9912.6 82 10.0   3  2.328.4-9.9
5291620250610 17.2  8.0  0.009999-99.9-99.9-99.9-99.9-9.9 9912.5 94 10.0   3  2.825.9-9.9
5291620250611 19.5  5.5  0.009999-99.9-99.9-99.9-99.9-9.9 9912.3 86  9.6   6  4.833.1-9.9
5291620250612 22.6  6.7  0.009999-99.9-99.9-99.9-99.9-9.9 9914.3 83 11.7   8  6.230.9-9.9
5291620250613 21.0 14.8 76.219999-99.9-99.9-99.9-99.9-9.9 9916.1 83 14.0   7  6.024.0-9.9
5291620250614 17.1 13.9  7.419999-99.9-99.9-99.9-99.915.0 9917.4100 15.3   8  6.419.8-9.9
5291620250615 16.5 12.0  0.009999-99.9-99.9-99.9-99.9-9.9 9915.3100 13.3   4  3.026.3-9.9
5291620250616 20.7 10.2 46.219999-99.9-99.9-99.9-99.9-9.9 9919.2100 16.4   4  3.523.0-9.9
5291620250617 21.9 17.5 24.419999-99.9-99.9-99.9-99.915.7 9920.9100 18.2   5  3.920.4-9.9
5291620250618 18.1 13.1 11.419999-99.9-99.9-99.9-99.914.4 9916.8100 14.7   9  7.519.0-9.9
5291620250619 14.3 12.1  3.819999-99.9-99.9-99.9-99.914.8 9915.3100 13.3   7  5.619.5-9.9
5291620250620 16.5 13.2  0.009999-99.9-99.9-99.9-99.915.6 9916.4100 14.4   2  1.720.3-9.9
5291620250621 17.0 11.2  0.219999-99.9-99.9-99.9-99.911.8 9916.5100 14.4   2  1.416.2-9.9
5291620250622 18.6 11.4  0.009999-99.9-99.9-99.9-99.912.1 9917.1100 15.0   6  4.716.6-9.9
5291620250623 14.4  5.5  0.009999-99.9-99.9-99.9-99.9-9.9 9910.0 85  6.5  11  8.526.6-9.9
5291620250624 16.2  0.1  0.009999-99.9-99.9-99.9-99.9-9.9 99 8.5 75  4.0   4  2.925.5-9.9
5291620250625 14.6  2.4  0.009999-99.9-99.9-99.9-99.9 8.0 77 9.7 77  6.2   6  5.212.2 3.4
5291620250626 18.4  8.6  0.009999-99.9-99.9-99.9-99.9 7.8 7512.3 84  9.6   4  3.312.0 3.1
5291620250627 18.4  5.7  0.009999-99.9-99.9-99.9-99.9 7.6 7312.0 86  9.2   4  3.211.7 2.0
5291620250628 15.1  7.7  0.009999-99.9-99.9-99.9-99.9-9.9 9914.1100 11.9   3  2.1 2.6-9.9
5291620250629 13.5  7.9  0.009999-99.9-99.9-99.9-99.9 3.1 3012.0100  9.6  13 10.0 6.9 2.4
5291620250630 11.0  2.0  0.009999-99.9-99.9-99.9-99.913.3 99 8.7 90  4.6   6  4.717.9-9.9
5291620250701 12.0  0.2  0.009999-99.9-99.9-99.9-99.915.4 99 7.6 81  2.6   4  3.520.2-9.9
5291620250702 13.9 -1.1  0.009999-99.9-99.9-99.9-99.9 9.0 86 7.7 78  2.5   4  3.013.3 2.1
5291620250703 17.5  0.5  0.009999-99.9-99.9-99.9-99.9 9.1 88 9.4 82  5.2   3  2.213.5 1.7
5291620250704 22.5  2.8  0.009999-99.9-99.9-99.9-99.9 8.0 7712.8 82  9.6   3  2.212.3 1.7
5291620250705 25.3  9.6  0.219999-99.9-99.9-99.9-99.912.9 9916.4 84 13.7   3  2.217.7-9.9
5291620250706 25.0  8.9  0.009999-99.9-99.9-99.9-99.916.3 9917.0 85 14.3   5  3.921.4-9.9
5291620250707 25.0 13.5  0.009999-99.9-99.9-99.9-99.911.2 9918.6 89 16.1   5  3.915.9-9.9
5291620250708 23.9 13.1  0.009999-99.9-99.9-99.9-99.914.3 9919.5 95 16.8   5  4.119.3-9.9
5291620250709 24.7 11.9  0.009999-99.9-99.9-99.9-99.9-9.9 9918.2 89 15.6   5  3.825.6-9.9
5291620250710 23.8 10.8  0.009999-99.9-99.9-99.9-99.915.7 9916.5 88 14.1   4  3.520.9-9.9
5291620250711 24.0 10.0  0.009999-99.9-99.9-99.9-99.917.1 9916.6 87 14.1   4  2.922.6-9.9
5291620250712 24.0 10.4  0.009999-99.9-99.9-99.9-99.915.9 9915.8 79 13.5   5  4.121.3-9.9
5291620250713 23.2 10.8  0.009999-99.9-99.9-99.9-99.9-9.9 9917.5 91 15.1   5  3.724.3-9.9
5291620250714 28.3 12.7  0.009999-99.9-99.9-99.9-99.9-9.9 9920.0 85 17.0   4  3.228.1-9.9
5291620250715 28.4 14.6  0.009999-99.9-99.9-99.9-99.9-9.9 9920.4 80 17.5   4  3.627.9-9.9
5291620250716 23.8 11.8  2.019999-99.9-99.9-99.9-99.911.4 9918.0 95 15.5   9  7.416.6-9.9
5291620250717 17.1  7.4  0.009999-99.9-99.9-99.9-99.9 8.0 7610.8 79  7.7   9  7.612.8 6.3
5291620250718 20.6  0.9  0.009999-99.9-99.9-99.9-99.913.6 99 9.4 70  4.9   1  1.119.2-9.9
5291620250719 22.6  2.9  0.009999-99.9-99.9-99.9-99.9-9.9 9911.8 75  8.3   4  2.828.7-9.9
5291620250720 25.9  6.6  0.009999-99.9-99.9-99.9-99.9-9.9 9915.2 80 12.3   2  1.928.2-9.9
5291620250721 27.2 11.4  0.009999-99.9-99.9-99.9-99.913.9 9918.2 83 15.4   1  1.019.8-9.9
5291620250722 27.5 14.8  0.009999-99.9-99.9-99.9-99.9-9.9 9921.1 87 18.0   5  3.629.0-9.9
5291620250723 20.0 13.8  9.619999-99.9-99.9-99.9-99.913.7 9916.2 97 14.2  10  7.719.7-9.9
5291620250724 18.7 12.5  0.009999-99.9-99.9-99.9-99.9-9.9 9917.5100 15.3   7  5.325.9-9.9
5291620250725 25.5 15.5  0.009999-99.9-99.9-99.9-99.9-9.9 9921.8 93 18.6   4  3.232.4-9.9
5291620250726 27.1 17.4 18.419999-99.9-99.9-99.9-99.9-9.9 9923.7 91 20.0   5  4.431.3-9.9
5291620250727 21.4 11.3 18.619999-99.9-99.9-99.9-99.913.7 9917.0100 14.8  11  8.620.0-9.9
5291620250728 17.0 10.7  0.009999-99.9-99.9-99.9-99.916.3 9915.0100 12.8   7  5.623.2-9.9
5291620250729 18.3  6.9  0.009999-99.9-99.9-99.9-99.914.0 9913.7 93 11.3   4  2.920.6-9.9
5291620250730 21.3  6.4  0.009999-99.9-99.9-99.9-99.9-9.9 9913.8 81 11.3   7  5.929.7-9.9
5291620250731 26.9 14.4  0.009999-99.9-99.9-99.9-99.9-9.9 9916.7 66 14.6  12  9.633.4-9.9
5291620250801 30.1 19.9  0.009999-99.9-99.9-99.9-99.9-9.9 9917.5 58 15.3  13 10.333.2-9.9
5291620250802 26.6 20.0  0.009999-99.9-99.9-99.9-99.9-9.9 9921.2 77 18.3   5  3.628.8-9.9
5291620250803 23.5 16.8  0.009999-99.9-99.9-99.9-99.9-9.9 9920.8 90 18.1  10  7.730.2-9.9
5291620250804 18.7 14.4  0.009999-99.9-99.9-99.9-99.913.4 9916.4 91 14.4  12  9.520.6-9.9
5291620250805 21.6 11.1  0.009999-99.9-99.9-99.9-99.9-9.9 9914.7 80 12.5   9  7.132.5-9.9
5291620250806 23.7 13.0  7.619999-99.9-99.9-99.9-99.9-9.9 9918.1 87 15.7   3  2.832.2-9.9
5291620250807 19.5 12.8  7.019999-99.9-99.9-99.9-99.916.8 9915.9 92 13.7   6  4.725.0-9.9
5291620250808 12.8  8.2  0.009999-99.9-99.9-99.9-99.9 5.0 4610.8 86  8.0   8  6.210.6 4.6
5291620250809 17.5  2.0  0.009999-99.9-99.9-99.9-99.9-9.9 99 9.9 79  6.2   1  1.230.6-9.9
5291620250810 19.0  2.8  0.009999-99.9-99.9-99.9-99.9-9.9 9910.7 78  7.2   3  2.130.6-9.9
5291620250811 20.8  4.5  0.009999-99.9-99.9-99.9-99.9-9.9 9911.4 76  8.1   2  1.528.2-9.9
5291620250812 23.7  5.8  0.009999-99.9-99.9-99.9-99.9-9.9 9912.6 71  9.5   3  2.632.8-9.9
5291620250813 25.7  7.0  0.009999-99.9-99.9-99.9-99.9-9.9 9913.3 68 10.4   3  2.531.3-9.9
5291620250814 20.8 10.1  0.009999-99.9-99.9-99.9-99.9-9.9 9913.4 80 10.9   6  4.733.7-9.9
5291620250815 20.1  6.0  0.009999-99.9-99.9-99.9-99.9-9.9 9912.5 85  9.8   4  3.027.9-9.9
5291620250816 22.3  9.1  0.009999-99.9-99.9-99.9-99.916.8 9915.6 90 13.2   2  1.526.3-9.9
5291620250817 24.0 11.4  0.819999-99.9-99.9-99.9-99.9-9.9 9917.0 82 14.7   9  6.934.6-9.9
5291620250818 24.8 17.0  6.219999-99.9-99.9-99.9-99.916.3 9920.2 84 17.5  13 10.625.9-9.9
5291620250819 23.6 13.5 13.819999-99.9-99.9-99.9-99.911.8 9917.5 97 15.4  13 10.020.2-9.9
5291620250820 22.5 11.8  0.009999-99.9-99.9-99.9-99.9-9.9 9916.1 88 13.7   8  6.236.3-9.9
5291620250821 23.2  9.6  0.009999-99.9-99.9-99.9-99.9-9.9 9918.4 88 15.6   7  6.030.9-9.9
5291620250822 34.4 19.2 37.219999-99.9-99.9-99.9-99.9-9.9 9927.1 74 22.2  12  9.334.7-9.9
5291620250823 24.2 11.9  2.619999-99.9-99.9-99.9-99.9-9.9 9913.1 78 10.7  16 12.929.9-9.9
5291620250824 18.3  5.7  0.009999-99.9-99.9-99.9-99.9-9.9 99 8.7 62  4.5   3  2.730.7-9.9
5291620250825 21.5  2.9  0.009999-99.9-99.9-99.9-99.9-9.9 99 9.7 64  5.8   2  1.936.9-9.9
5291620250826 23.3  5.0  0.009999-99.9-99.9-99.9-99.9-9.9 9910.4 60  6.7   2  1.631.0-9.9
5291620250827 24.0  6.5  0.009999-99.9-99.9-99.9-99.9-9.9 9912.4 66  9.6   5  3.632.5-9.9
5291620250828 26.6  9.4  0.009999-99.9-99.9-99.9-99.9-9.9 9916.3 74 13.6   3  2.137.5-9.9
5291620250829 28.5 12.2  0.009999-99.9-99.9-99.9-99.9-9.9 9918.8 73 16.1   6  5.038.8-9.9
5291620250830 30.8 17.7  0.009999-99.9-99.9-99.9-99.9-9.9 9922.9 74 19.5  10  8.433.6-9.9
5291620250831 32.8 23.3 13.819999-99.9-99.9-99.9-99.9-9.9 9920.5 59 17.8  14 11.237.2-9.9
5291620250901 23.7 12.4  1.019999-99.9-99.9-99.9-99.910.0 8714.8 97 12.8   7  5.319.2 5.0
5291620250902 25.3 13.7  0.009999-99.9-99.9-99.9-99.916.5 9923.0100 19.5   3  2.328.4-9.9
5291620250903 25.3 18.7  5.819999-99.9-99.9-99.9-99.9-9.9 9924.7 99 20.8  10  7.935.1-9.9
5291620250904 19.2 12.1  0.009999-99.9-99.9-99.9-99.915.9 9914.2 83 11.9  15 11.727.8-9.9
5291620250905 15.8  7.8  0.009999-99.9-99.9-99.9-99.914.5 99 9.5 70  6.0  10  7.726.0-9.9
5291620250906 18.2  5.7  0.009999-99.9-99.9-99.9-99.9-9.9 9910.0 71  6.6   7  5.531.4-9.9
5291620250907 15.7  7.3 13.219999-99.9-99.9-99.9-99.9 8.5 7212.2 86  9.6   4  3.117.6 3.5
5291620250908 16.0 13.1 21.419999-99.9-99.9-99.9-99.9 9.8 8316.5 99 14.5   3  2.419.6 3.2
5291620250909 23.3 12.3  0.009999-99.9-99.9-99.9-99.9-9.9 9919.3100 16.6   3  2.139.6-9.9
5291620250910 27.3 12.0  0.009999-99.9-99.9-99.9-99.9-9.9 9920.8 87 17.7   6  4.641.2-9.9
5291620250911 26.6 14.9  0.009999-99.9-99.9-99.9-99.9-9.9 9919.1 78 16.6   7  5.940.9-9.9
5291620250912 25.3 11.6  0.009999-99.9-99.9-99.9-99.9-9.9 9915.4 70 13.0   9  6.941.5-9.9
5291620250913 29.3 14.0  0.009999-99.9-99.9-99.9-99.9-9.9 9919.8 74 16.9   7  5.839.7-9.9
5291620250914 29.7 19.3  8.619999-99.9-99.9-99.9-99.915.6 9924.5 84 20.6   4  3.428.8-9.9
5291620250915 25.5 19.7  0.009999-99.9-99.9-99.9-99.916.5 9924.5 94 20.7  10  7.830.3-9.9
5291620250916 26.8 19.2  0.009999-99.9-99.9-99.9-99.9-9.9 9924.3 89 20.5   9  7.139.5-9.9
5291620250917 30.2 18.5  0.009999-99.9-99.9-99.9-99.9-9.9 9925.2 82 21.0   8  6.740.3-9.9
5291620250918 31.3 20.5  1.419999-99.9-99.9-99.9-99.916.9 9925.1 81 21.0   6  5.131.4-9.9
5291620250919 33.1 21.1  0.009999-99.9-99.9-99.9-99.9-9.9 9927.1 75 22.3   8  6.637.1-9.9
5291620250920 28.4 22.1 21.419999-99.9-99.9-99.9-99.9-9.9 9925.1 83 21.1  13 10.638.3-9.9
5291620250921 25.0 19.7  1.019999-99.9-99.9-99.9-99.914.4 9923.9 96 20.3  12  9.528.0-9.9
5291620250922 22.7 12.5  0.009999-99.9-99.9-99.9-99.9-9.9 9915.1 74 12.7   7  5.642.9-9.9
5291620250923 24.7  8.7  0.009999-99.9-99.9-99.9-99.9-9.9 9913.8 67 11.3   4  3.340.2-9.9
5291620250924 26.6 12.0  0.009999-99.9-99.9-99.9-99.9-9.9 9915.0 65 12.6   9  7.143.7-9.9
5291620250925 25.7 13.0  0.009999-99.9-99.9-99.9-99.9-9.9 9916.8 75 14.5  10  8.443.6-9.9
5291620250926 28.6 13.9  0.819999-99.9-99.9-99.9-99.9-9.9 9919.6 72 17.0  11  8.442.9-9.9
5291620250927 22.5 16.3 35.019999-99.9-99.9-99.9-99.9 8.7 7119.2 90 16.8   6  5.119.7 7.1
5291620250928 23.1 10.9  0.009999-99.9-99.9-99.9-99.9-9.9 9917.7 88 15.3   3  2.341.2-9.9
5291620250929 28.0 13.4 63.219999-99.9-99.9-99.9-99.9-9.9 9923.3 88 19.5   6  4.536.3-9.9
5291620250930 23.4 20.5  0.619999-99.9-99.9-99.9-99.910.9 8824.8100 20.9   7  5.423.5 6.0
5291620251001 23.1 18.3  0.009999-99.9-99.9-99.9-99.914.4 9924.5100 20.7   7  6.029.2-9.9
5291620251002 25.8 18.7  0.009999-99.9-99.9-99.9-99.915.1 9925.3 96 21.2   5  3.730.4-9.9
5291620251003 27.1 20.3  0.419999-99.9-99.9-99.9-99.915.1 9927.5 97 22.5   3  2.730.5-9.9
5291620251004 32.8 21.6  0.009999-99.9-99.9-99.9-99.9-9.9 9931.1 85 24.6   9  6.941.4-9.9
5291620251005 36.5 24.7 25.619999-99.9-99.9-99.9-99.9-9.9 9929.3 70 23.6  10  8.237.1-9.9
5291620251006 27.1 14.8  0.009999-99.9-99.9-99.9-99.912.410016.3 82 14.2  13 10.726.613.3
5291620251007 22.8 12.0  0.009999-99.9-99.9-99.9-99.9-9.9 9913.4 66 11.0   6  4.539.2-9.9
5291620251008 24.8 10.9  0.009999-99.9-99.9-99.9-99.9-9.9 9914.1 68 11.6   6  4.539.1-9.9
5291620251009 27.8 11.8  0.009999-99.9-99.9-99.9-99.9-9.9 9916.6 69 14.1   4  2.944.9-9.9
5291620251010 28.9 13.9  0.009999-99.9-99.9-99.9-99.9-9.9 9919.6 73 16.7   4  3.545.6-9.9
5291620251011 33.9 17.0  5.819999-99.9-99.9-99.9-99.9-9.9 9926.0 74 21.4   5  3.942.3-9.9
5291620251012 27.0 16.8  0.219999-99.9-99.9-99.9-99.915.2 9919.6 80 16.8   8  6.131.6-9.9
5291620251013 26.6 11.7  0.009999-99.9-99.9-99.9-99.917.3 9914.8 65 12.4   5  3.935.2-9.9
5291620251014 27.0 10.2  0.009999-99.9-99.9-99.9-99.9-9.9 9915.0 63 12.4   5  4.337.0-9.9
5291620251015 31.4 16.6 84.019999-99.9-99.9-99.9-99.9-9.9 9922.4 70 19.0   6  4.937.9-9.9
5291620251016 25.9 21.1 56.819999-99.9-99.9-99.9-99.9 9.5 7527.0100 22.3   9  7.522.7 7.3
5291620251017 22.4 19.9  4.019999-99.9-99.9-99.9-99.9 8.9 7024.3100 20.6   5  4.021.7 5.3
5291620251018 25.4 17.2  0.009999-99.9-99.9-99.9-99.917.7 9921.9 85 18.7  10  8.136.3-9.9
5291620251019 22.7 12.9  0.009999-99.9-99.9-99.9-99.915.9 9914.9 71 12.8   8  6.233.5-9.9
5291620251020 27.1 13.0  0.009999-99.9-99.9-99.9-99.916.0 9918.1 73 15.6   8  6.033.7-9.9
5291620251021 27.2 16.6  0.009999-99.9-99.9-99.9-99.914.4 9918.4 68 16.0   8  6.731.1-9.9
5291620251022 29.5 16.2  0.419999-99.9-99.9-99.9-99.915.6 9920.5 71 17.7   8  6.033.2-9.9
5291620251023 26.6 20.4  0.009999-99.9-99.9-99.9-99.9 4.8 3721.7 77 18.7   9  7.115.210.3
5291620251024 34.0 21.1 67.019999-99.9-99.9-99.9-99.917.6 9923.3 59 19.9  12  9.936.7-9.9
5291620251025 29.2 19.7  4.019999-99.9-99.9-99.9-99.9 5.5 4223.4 93 19.9   9  7.416.4 9.9
5291620251026 23.4 16.8  0.009999-99.9-99.9-99.9-99.9 7.1 5419.5 87 17.0   7  5.519.1 6.9
5291620251027 28.2 16.6 24.419999-99.9-99.9-99.9-99.911.6 8922.9 80 19.4   7  6.026.8 9.3
5291620251028 23.1 14.7  0.819999-99.9-99.9-99.9-99.9-9.9 9916.7 95 14.7  13 10.7 6.4-9.9
5291620251029 21.1 12.0  0.009999-99.9-99.9-99.9-99.9 6.1 4716.7 88 14.6   7  5.417.6 5.2
5291620251030 24.1 11.8  0.009999-99.9-99.9-99.9-99.912.5 9617.6 80 15.2   4  3.028.6 7.6
5291620251031 26.3 15.8  0.009999-99.9-99.9-99.9-99.913.210019.0 73 16.5   4  3.029.8 9.2
5291620251101 22.8 16.5 15.619999-99.9-99.9-99.9-99.9-9.9 9921.8 94 18.7   6  4.5 3.9-9.9
5291620251102 26.6 18.0  0.009999-99.9-99.9-99.9-99.9 4.2 3224.6 92 20.7   4  3.514.6 4.4
5291620251103 30.1 16.7  0.009999-99.9-99.9-99.9-99.912.9 9824.0 81 20.1   3  2.629.5 8.4
5291620251104 33.8 17.6  0.419999-99.9-99.9-99.9-99.912.1 9225.6 76 21.1   5  4.328.210.6
5291620251105 27.3 19.3  0.009999-99.9-99.9-99.9-99.9 8.6 6521.9 80 18.8   8  6.422.210.9
5291620251106 27.4 16.0  0.009999-99.9-99.9-99.9-99.911.1 8419.8 73 17.2  10  8.126.513.2
5291620251107 22.0 16.9  1.219999-99.9-99.9-99.9-99.9 0.1  018.2 87 16.0  12  9.4 7.6 8.7
5291620251108 22.3 13.8  0.009999-99.9-99.9-99.9-99.9 5.1 3917.3 85 15.1   9  6.916.4 6.6
5291620251109 26.6 13.7  0.009999-99.9-99.9-99.9-99.910.9 8218.2 74 15.6   6  4.626.3 9.5
5291620251110 28.2 15.2  0.009999-99.9-99.9-99.9-99.913.2 9918.4 68 16.0   8  6.530.413.8
5291620251111 32.5 19.1  7.219999-99.9-99.9-99.9-99.911.8 8823.8 68 20.0   6  4.927.912.7
5291620251112 25.5 21.8  7.019999-99.9-99.9-99.9-99.9-9.9 9926.5 97 22.0   5  3.9 5.0-9.9
5291620251113 29.8 18.0  0.009999-99.9-99.9-99.9-99.9 9.3 7025.4 81 21.2   6  4.523.8 8.8
5291620251114 31.1 19.2  0.009999-99.9-99.9-99.9-99.9 9.5 7126.6 78 21.9   4  3.424.1 8.9
5291620251115 32.8 21.1  0.009999-99.9-99.9-99.9-99.910.7 8029.6 77 23.7   6  5.126.310.9
5291620251116 27.7 18.1 14.819999-99.9-99.9-99.9-99.9 0.8  623.4 94 19.8   8  6.6 9.1 6.3
5291620251117 24.9 16.5  0.009999-99.9-99.9-99.9-99.914.0 9919.0 78 16.4   7  5.632.0-9.9
5291620251118 29.8 10.6  0.009999-99.9-99.9-99.9-99.914.5 9917.3 66 14.7   3  2.732.9-9.9
5291620251119 32.8 15.1  0.009999-99.9-99.9-99.9-99.914.3 9920.0 62 17.1   2  2.032.6-9.9
5291620251120 33.5 19.0  0.009999-99.9-99.9-99.9-99.914.6 9922.1 61 18.9   8  6.033.2-9.9
5291620251121 28.5 19.6  0.009999-99.9-99.9-99.9-99.9 4.1 3020.4 71 17.7   8  6.214.911.6
5291620251122 27.5 13.9  0.009999-99.9-99.9-99.9-99.911.4 8418.3 69 15.9   7  5.327.711.8
5291620251123 27.7 15.3  0.009999-99.9-99.9-99.9-99.912.6 9317.6 67 15.2   6  5.129.812.8
5291620251124 29.0 14.4  0.009999-99.9-99.9-99.9-99.914.7 9917.5 65 15.0   4  3.333.5-9.9
5291620251125 32.4 11.7  0.009999-99.9-99.9-99.9-99.915.1 9917.3 58 14.5   3  2.134.2-9.9
5291620251126 34.3 17.2  0.009999-99.9-99.9-99.9-99.914.1 9920.3 57 17.2   5  4.232.5-9.9
5291620251127 37.1 19.9  0.009999-99.9-99.9-99.9-99.913.4 9823.0 56 19.6   6  4.931.316.9
5291620251128 32.0 22.7  0.009999-99.9-99.9-99.9-99.9 2.8 2125.6 80 21.4   5  3.712.8 7.4
5291620251129 36.3 19.8  0.009999-99.9-99.9-99.9-99.913.1 9628.4 68 22.9   4  3.530.812.3
5291620251130 29.6 22.3  0.009999-99.9-99.9-99.9-99.9-9.9 9927.6 96 22.7   5  4.1 3.7-9.9
5291620251201 26.1 20.0  0.219999-99.9-99.9-99.9-99.9-9.9 9927.2100 22.4   3  2.2 4.9-9.9
5291620251202 32.3 20.2  0.009999-99.9-99.9-99.9-99.912.7 9228.5 80 22.9   5  3.630.110.3
5291620251203 31.6 17.5  0.009999-99.9-99.9-99.9-99.913.9 9920.6 62 17.7   5  3.732.3-9.9
5291620251204 32.1 16.8  0.009999-99.9-99.9-99.9-99.915.0 9918.8 57 16.1   4  3.534.2-9.9
5291620251205 34.6 16.3  0.009999-99.9-99.9-99.9-99.914.1 9920.5 57 17.4   3  2.632.6-9.9
5291620251206 37.3 20.5  0.009999-99.9-99.9-99.9-99.913.2 9623.8 57 19.9   4  2.831.113.5
5291620251207 38.3 22.7 58.019999-99.9-99.9-99.9-99.910.4 7525.0 62 20.8   6  5.126.215.9
5291620251208 23.7 21.0 40.419999-99.9-99.9-99.9-99.9 0.8  625.8 99 21.6   9  6.9 9.4 4.0
5291620251209 26.5 19.5  3.019999-99.9-99.9-99.9-99.9 5.0 3626.6100 22.0  14 10.916.7 4.2
5291620251210 29.2 19.3  0.009999-99.9-99.9-99.9-99.914.3 9924.1 78 20.3   9  7.233.1-9.9
5291620251211 32.1 17.1  0.219999-99.9-99.9-99.9-99.914.5 9923.4 69 19.7   3  2.433.4-9.9
5291620251212 32.0 21.1  0.009999-99.9-99.9-99.9-99.910.9 7924.8 76 20.8   4  3.127.110.2
5291620251213 32.4 18.8  0.009999-99.9-99.9-99.9-99.913.7 9924.7 71 20.6   5  3.832.112.5
5291620251214 34.2 20.1 19.019999-99.9-99.9-99.9-99.9 9.7 7028.4 74 23.0   4  3.425.110.0
5291620251215 27.4 19.9 22.619999-99.9-99.9-99.9-99.9 1.5 1124.7 90 20.8   9  7.610.6 8.0
5291620251216 29.1 16.2  0.009999-99.9-99.9-99.9-99.915.3 9919.0 64 16.3   7  5.634.8-9.9
5291620251217 29.0 14.5  0.009999-99.9-99.9-99.9-99.915.3 9917.3 62 14.9   5  4.234.8-9.9
5291620251218 33.6 14.7  0.009999-99.9-99.9-99.9-99.914.2 9921.2 64 18.0   4  3.133.0-9.9
5291620251219 34.2 21.9  0.009999-99.9-99.9-99.9-99.913.1 9525.0 61 20.9   7  5.931.017.2
5291620251220 36.6 21.9202.019999-99.9-99.9-99.9-99.911.8 8528.6 65 23.1   9  7.128.817.6
5291620251221 30.9 21.2 19.019999-99.9-99.9-99.9-99.9-9.9 9926.8100 22.2   6  4.8 2.9-9.9
5291620251222 25.5 21.4 44.619999-99.9-99.9-99.9-99.9-9.9 9928.4100 23.2   4  3.3 7.1-9.9
5291620251223 31.5 22.8  0.009999-99.9-99.9-99.9-99.9 9.3 6735.3100 26.6   3  2.324.3 6.7
5291620251224 33.3 23.5  1.619999-99.9-99.9-99.9-99.9 7.6 5537.7 95 27.8   2  1.721.4 6.3
5291620251225 28.8 21.8 30.019999-99.9-99.9-99.9-99.9-9.9 9929.3100 23.6   3  2.2 4.2-9.9
5291620251226 29.1 21.1  2.019999-99.9-99.9-99.9-99.9 5.3 3831.5100 24.7   3  2.717.3 4.6
5291620251227 36.6 24.2 29.419999-99.9-99.9-99.9-99.911.9 8635.7 92 26.8   6  4.528.910.3
5291620251228 31.1 24.0  9.419999-99.9-99.9-99.9-99.9 5.9 4335.7100 26.9   5  4.318.4 5.2
5291620251229 28.3 24.4 10.219999-99.9-99.9-99.9-99.9 2.7 2032.7100 25.5   3  2.212.8 3.6
5291620251230 31.6 23.7  0.009999-99.9-99.9-99.9-99.910.6 7735.3 95 26.7   4  3.626.6 7.7
5291620251231 34.8 24.5  0.009999-99.9-99.9-99.9-99.910.1 7336.5 84 27.3   2  1.225.7 8.3
5291620260101 35.1 25.7  0.009999-99.9-99.9-99.9-99.912.9 9435.6 81 26.8   4  3.330.711.8
5291620260102 35.7 23.4  0.009999-99.9-99.9-99.9-99.913.910032.1 74 25.0   2  2.032.411.5
5291620260103 29.7 20.1  6.419999-99.9-99.9-99.9-99.9 6.6 4826.6 83 21.8   5  4.319.5 9.0
5291620260104 26.5 15.5  0.009999-99.9-99.9-99.9-99.915.2 9916.7 65 14.5   6  4.934.7-9.9
5291620260105 28.4 14.3  0.009999-99.9-99.9-99.9-99.915.0 9918.1 67 15.6   5  4.034.4-9.9
5291620260106 33.7 15.4  0.009999-99.9-99.9-99.9-99.914.4 9924.4 71 20.2   5  4.133.2-9.9
5291620260107 37.1 23.4  0.009999-99.9-99.9-99.9-99.912.6 9230.4 69 24.2   6  4.730.214.6
5291620260108 32.4 22.9  6.619999-99.9-99.9-99.9-99.9 7.4 5430.8 84 24.4   9  7.320.911.1
5291620260109 27.6 21.6 45.219999-99.9-99.9-99.9-99.9-9.9 9927.4100 22.6   7  5.8 5.7-9.9
5291620260110 27.9 20.0  0.009999-99.9-99.9-99.9-99.9 8.2 6029.2100 23.5   5  4.022.4 5.7
5291620260111 29.2 17.6  0.009999-99.9-99.9-99.9-99.914.3 9925.5 84 21.1   5  3.833.1-9.9
5291620260112 32.2 18.3  0.009999-99.9-99.9-99.9-99.913.5 9924.1 71 20.2   2  1.731.6 9.8
5291620260113 33.4 18.6  0.009999-99.9-99.9-99.9-99.914.2 9924.7 68 20.6   3  2.132.8-9.9
5291620260114 34.0 21.4  0.009999-99.9-99.9-99.9-99.910.8 7928.4 73 23.0   4  3.626.911.1
5291620260115 36.2 24.0 41.819999-99.9-99.9-99.9-99.912.5 9131.3 69 24.7   8  6.329.716.2
5291620260116 30.0 21.9 17.019999-99.9-99.9-99.9-99.9-9.9 9928.5 99 23.2   6  4.6 7.4-9.9
5291620260117 32.7 22.0  0.009999-99.9-99.9-99.9-99.910.2 7537.5100 27.6   2  2.025.7 7.3
5291620260118 34.3 25.0  0.009999-99.9-99.9-99.9-99.912.2 9034.1 81 26.1   4  3.429.311.0
5291620260119 29.2 21.7  0.009999-99.9-99.9-99.9-99.9 9.5 7024.1 77 20.3  10  7.724.514.5
5291620260120 28.6 16.4  0.009999-99.9-99.9-99.9-99.914.6 9919.6 69 17.0   6  5.133.5-9.9
5291620260121 30.4 16.3  0.009999-99.9-99.9-99.9-99.914.6 9919.9 66 17.0   5  4.333.4-9.9
5291620260122 34.0 16.1  0.009999-99.9-99.9-99.9-99.913.2 9724.1 70 20.0   3  2.430.810.3
5291620260123 34.7 21.6  0.009999-99.9-99.9-99.9-99.913.6 9926.2 66 21.6   3  2.731.6-9.9
5291620260124 33.8 21.2  0.009999-99.9-99.9-99.9-99.911.9 8824.8 67 20.7   4  3.228.511.9
5291620260125 35.3 20.0  0.009999-99.9-99.9-99.9-99.913.1 9724.8 63 20.7   4  3.630.713.4
5291620260126 37.5 21.5  0.009999-99.9-99.9-99.9-99.912.0 8927.2 64 22.2   5  3.828.713.7
5291620260127 36.8 23.0  0.419999-99.9-99.9-99.9-99.9 9.3 7029.1 71 23.3   4  3.224.010.2
5291620260128 37.1 23.6  0.009999-99.9-99.9-99.9-99.913.0 9730.9 71 24.4   4  3.330.312.7
5291620260129 36.4 23.3  0.009999-99.9-99.9-99.9-99.913.6 9925.5 59 20.9   5  3.731.3-9.9
5291620260130 35.8 21.9  0.009999-99.9-99.9-99.9-99.913.1 9824.0 60 20.1   5  3.930.414.8
5291620260131 35.5 19.8  0.009999-99.9-99.9-99.9-99.913.7 9923.5 60 19.7   3  2.631.5-9.9
5291620260201 34.0 20.4  0.009999-99.9-99.9-99.9-99.9 9.0 6825.1 66 20.9   4  2.923.310.3
5291620260202 36.1 19.9  0.009999-99.9-99.9-99.9-99.912.2 9224.7 62 20.6   3  2.228.711.2
5291620260203 37.5 20.1  0.009999-99.9-99.9-99.9-99.913.1 9923.9 56 20.1   3  2.530.312.8
5291620260204 37.8 21.1  0.009999-99.9-99.9-99.9-99.913.6 9924.5 58 20.5   4  3.131.1-9.9
5291620260205 38.4 20.2  0.009999-99.9-99.9-99.9-99.913.5 9923.7 55 19.8   4  2.830.9-9.9
5291620260206 38.1 21.2  0.009999-99.9-99.9-99.9-99.910.2 7725.7 61 21.3   5  4.425.214.1
5291620260207 36.2 24.8  0.009999-99.9-99.9-99.9-99.911.7 8926.1 61 21.6   7  5.327.717.0
5291620260208 35.9 20.4  0.009999-99.9-99.9-99.9-99.913.9 9921.5 55 18.1   6  4.931.4-9.9
5291620260209 39.0 17.5  0.419999-99.9-99.9-99.9-99.912.6 9622.9 56 19.1   4  3.329.113.3
5291620260210 34.0 23.0  0.009999-99.9-99.9-99.9-99.9 8.6 6625.9 70 21.4   6  4.522.212.4
5291620260211 38.6 23.4  0.009999-99.9-99.9-99.9-99.910.2 7830.1 66 24.0   4  3.124.911.4
5291620260212 41.2 23.3  0.009999-99.9-99.9-99.9-99.912.1 9227.6 62 22.4  11  9.128.023.7
5291620260213 28.2 20.7  0.009999-99.9-99.9-99.9-99.9 3.9 3024.3 80 20.6   7  5.613.9 8.1
5291620260214 35.8 21.0 11.619999-99.9-99.9-99.9-99.9 9.5 7328.4 77 22.9   5  3.723.5 8.8
5291620260215 35.8 23.9  0.009999-99.9-99.9-99.9-99.910.2 7831.8 74 25.0   3  2.724.6 9.7
5291620260216 38.0 23.8  0.009999-99.9-99.9-99.9-99.9 9.6 7430.8 72 24.4   7  5.423.513.8
5291620260217 41.2 23.2  0.009999-99.9-99.9-99.9-99.913.010031.3 66 24.5   8  6.629.317.5
5291620260218 42.4 24.9  0.009999-99.9-99.9-99.9-99.913.0 9930.3 56 24.0   6  4.629.2-9.9
5291620260219 41.5 25.9  0.009999-99.9-99.9-99.9-99.910.6 8228.5 62 23.0   9  7.125.119.6
5291620260220 32.9 22.5  0.009999-99.9-99.9-99.9-99.9 7.1 5525.5 72 21.3   7  5.519.111.4
5291620260221 34.7 20.3  0.009999-99.9-99.9-99.9-99.913.3 9923.6 64 19.9   8  6.129.6-9.9
5291620260222 35.4 20.8  0.009999-99.9-99.9-99.9-99.9 9.2 7226.1 71 21.6   5  4.322.511.1
5291620260223 34.2 23.2  0.419999-99.9-99.9-99.9-99.9 4.9 3828.4 80 23.0   3  2.415.2 6.2
5291620260224 36.8 20.3  0.009999-99.9-99.9-99.9-99.913.0 9926.8 65 21.8   4  3.528.8-9.9
5291620260225 35.5 21.8  0.009999-99.9-99.9-99.9-99.910.4 8223.7 60 20.1   7  5.724.316.1
5291620260226 33.9 16.8  0.009999-99.9-99.9-99.9-99.912.3 9720.0 59 17.1   5  4.327.413.6
5291620260227 33.6 17.2  0.009999-99.9-99.9-99.9-99.910.9 8618.7 57 16.2   6  5.225.015.0
5291620260228 36.9 18.1  0.009999-99.9-99.9-99.9-99.911.4 9019.4 51 16.6   6  4.625.815.4
5291620260301 36.5 18.7  0.009999-99.9-99.9-99.9-99.911.5 9119.9 52 17.1   6  5.225.917.0
5291620260302 40.2 19.0  0.009999-99.9-99.9-99.9-99.9 9.8 7822.3 52 18.8   6  4.722.915.5
5291620260303 36.7 24.0  0.009999-99.9-99.9-99.9-99.9 9.3 7423.5 66 19.9  10  7.622.017.9
5291620260304 28.4 20.9  0.419999-99.9-99.9-99.9-99.9 0.1  125.8 87 21.5   3  2.3 6.9 3.3
5291620260305 35.4 21.5  0.009999-99.9-99.9-99.9-99.9 9.0 7227.4 69 22.3   4  2.921.5 9.0
5291620260306 35.1 22.0 41.819999-99.9-99.9-99.9-99.9 3.9 3125.7 76 21.3   7  5.413.0 9.6
5291620260307 29.4 20.8  0.009999-99.9-99.9-99.9-99.9 5.9 4726.9 86 22.2   5  4.316.2 6.0
5291620260308 32.8 20.1  0.009999-99.9-99.9-99.9-99.9 7.4 6027.2 76 22.3   6  4.418.6 8.4
5291620260309 30.8 22.1  0.009999-99.9-99.9-99.9-99.9 6.6 5426.1 76 21.7   9  6.917.311.8
5291620260310 33.3 19.3  0.009999-99.9-99.9-99.9-99.910.6 8525.7 74 21.3   6  4.523.510.1
5291620260311 29.8 21.5  0.009999-99.9-99.9-99.9-99.9 4.6 3725.3 81 21.1   5  4.113.9 7.1
5291620260312 32.4 18.4  0.009999-99.9-99.9-99.9-99.911.8 9623.2 70 19.5   5  3.725.410.2
5291620260313 33.0 15.3  0.009999-99.9-99.9-99.9-99.913.0 9920.2 64 17.2   4  2.927.1-9.9
5291620260314 34.7 17.7  0.009999-99.9-99.9-99.9-99.912.4 9921.5 61 18.3   5  4.026.0-9.9
5291620260315 32.1 21.0  7.419999-99.9-99.9-99.9-99.9 6.5 5322.3 66 19.1   5  4.216.710.4
5291620260316 28.4 21.4  4.019999-99.9-99.9-99.9-99.9 4.0 3326.4 88 21.9   6  5.112.7 6.3
5291620260317 31.4 22.2  4.019999-99.9-99.9-99.9-99.9 7.5 6230.4 87 24.2   4  2.818.0 5.7
5291620260318 32.2 23.3  0.009999-99.9-99.9-99.9-99.911.8 9728.7 80 23.1   7  5.424.711.2
5291620260319 32.8 19.6  0.009999-99.9-99.9-99.9-99.9 9.6 7926.2 81 21.6   4  2.921.2 7.1
5291620260320 36.8 21.9  0.009999-99.9-99.9-99.9-99.912.110028.8 68 23.1   5  4.124.911.2
5291620260321 33.6 21.0  1.819999-99.9-99.9-99.9-99.9 3.2 2626.5 81 21.8   7  6.011.0 9.6
5291620260322 25.4 19.9 54.619999-99.9-99.9-99.9-99.9 1.6 1426.7 98 22.1   6  5.2 8.6 2.1
5291620260323 25.0 18.8 67.419999-99.9-99.9-99.9-99.9-9.9 9926.5100 21.9   7  5.5 5.3-9.9
5291620260324 27.2 15.2  0.009999-99.9-99.9-99.9-99.912.8 9921.9 86 18.7   4  3.225.6-9.9
5291620260325 29.5 17.4  0.009999-99.9-99.9-99.9-99.9 9.7 8121.5 73 18.5   4  3.020.8 7.3
5291620260326 32.7 18.7  0.009999-99.9-99.9-99.9-99.910.7 9025.3 75 21.0   4  3.222.2 8.0
5291620260327 34.9 22.8  0.009999-99.9-99.9-99.9-99.911.4 9630.0 75 23.9   5  4.223.110.0
5291620260328 35.2 23.2  0.009999-99.9-99.9-99.9-99.911.4 9630.4 74 24.2   4  3.122.9 9.5
5291620260329 36.6 23.1  0.009999-99.9-99.9-99.9-99.911.7 9929.1 68 23.3   4  2.923.310.2
5291620260330 36.7 22.3  0.009999-99.9-99.9-99.9-99.911.5 9827.4 66 22.3   2  1.422.9 8.2
5291620260331 36.9 23.5  0.009999-99.9-99.9-99.9-99.910.1 8629.6 71 23.7   3  2.220.7 8.2
5291620260401 35.8 22.7  0.009999-99.9-99.9-99.9-99.911.7 9928.9 70 23.2   3  2.022.9 8.6
5291620260402 34.4 21.4  0.009999-99.9-99.9-99.9-99.9 9.7 8227.4 72 22.3   3  2.419.8 8.0
5291620260403 36.2 20.6  0.009999-99.9-99.9-99.9-99.911.6 9927.1 70 22.1   3  2.122.6 8.3
5291620260404 36.0 22.1  0.009999-99.9-99.9-99.9-99.9 8.9 7627.7 77 22.5   6  4.918.5 9.3
5291620260405 24.3 19.3  0.009999-99.9-99.9-99.9-99.9 2.4 2123.7 92 20.2   9  7.4 9.1 5.4
5291620260406 32.8 19.8 62.019999-99.9-99.9-99.9-99.9 4.4 3827.1 86 22.2   6  5.111.9 4.8
5291620260407 22.8 18.0  2.619999-99.9-99.9-99.9-99.9 1.6 1322.8100 19.6   8  6.7 7.7 2.7
5291620260408 22.4 18.1  0.009999-99.9-99.9-99.9-99.9 3.4 2922.2 95 19.2   6  4.710.2 2.8
5291620260409 25.0 14.9  0.009999-99.9-99.9-99.9-99.9 7.3 6320.1 82 17.5   3  2.515.7 4.9
5291620260410 26.6 15.1  0.009999-99.9-99.9-99.9-99.9 9.4 8219.2 79 16.6   4  2.918.6 5.8
5291620260411 24.8 17.2  0.819999-99.9-99.9-99.9-99.9 2.2 2021.4 86 18.4   3  2.7 8.4 3.0
5291620260412 25.6 20.5  0.009999-99.9-99.9-99.9-99.9 2.1 1827.0 99 22.3   4  3.1 8.2 2.0
5291620260413 26.6 20.5  0.819999-99.9-99.9-99.9-99.9 3.7 3227.1 94 22.4   4  3.310.4 2.9
5291620260414 29.3 21.6 80.619999-99.9-99.9-99.9-99.9 3.7 3228.9 93 23.3   7  5.810.3 4.0
5291620260415 27.1 18.9  2.219999-99.9-99.9-99.9-99.9 4.0 3524.5100 20.7   8  6.110.6 2.4
5291620260416 23.6 20.3  0.009999-99.9-99.9-99.9-99.9 2.8 2525.9100 21.7   6  4.7 8.9 2.0
5291620260417 28.1 16.8  0.419999-99.9-99.9-99.9-99.911.0 9725.4 92 21.0   2  1.520.0 4.7
5291620260418 28.9 15.8  0.009999-99.9-99.9-99.9-99.911.6 9923.1 83 19.5   3  2.520.8-9.9
5291620260419 30.1 17.4 10.219999-99.9-99.9-99.9-99.9 9.2 8225.8 84 21.3   4  3.117.4 5.1
5291620260420 24.6 21.0  6.019999-99.9-99.9-99.9-99.9-9.9 9925.9 97 21.7   7  5.5 4.1-9.9
5291620260421 27.2 20.4  0.009999-99.9-99.9-99.9-99.9 5.7 5027.1 94 22.3   2  1.812.5 3.2
5291620260422 26.2 20.0  0.419999-99.9-99.9-99.9-99.9 3.0 2726.5 97 22.0   5  3.7 8.9 2.2
5291620260423 22.9 17.8 52.019999-99.9-99.9-99.9-99.9-9.9 9922.0100 19.0   9  6.8 4.1-9.9
5291620260424 20.2 18.0  6.619999-99.9-99.9-99.9-99.9 0.0  022.2100 19.2   5  4.3 4.8 1.1
5291620260425 22.9 19.5  0.009999-99.9-99.9-99.9-99.9 1.2 1024.8100 20.9   3  2.1 6.3 1.5
5291620260426 27.3 17.5  0.009999-99.9-99.9-99.9-99.9 9.0 8124.6 91 20.6   4  3.516.4 4.5
5291620260427 20.7  9.6  0.009999-99.9-99.9-99.9-99.912.0 9911.3 67  8.6   6  5.020.2-9.9
5291620260428 21.6  8.8  0.009999-99.9-99.9-99.9-99.9-9.9 9912.3 72  9.6   4  2.928.9-9.9
5291620260429 25.2  8.9  0.009999-99.9-99.9-99.9-99.9-9.9 9914.6 73 12.0   2  1.627.8-9.9
5291620260430 27.4 11.7  2.219999-99.9-99.9-99.9-99.913.6 9919.1 77 16.2   5  4.021.9-9.9
5291620260501 32.0 22.0  2.419999-99.9-99.9-99.9-99.9 5.7 5230.0 91 23.9   4  3.511.8 3.8
5291620260502 25.8 14.6  0.009999-99.9-99.9-99.9-99.917.8 9921.8 83 18.1   8  6.627.0-9.9
5291620260503 21.9  8.8  0.009999-99.9-99.9-99.9-99.9-9.9 9913.1 75 10.7   6  5.035.2-9.9
5291620260504 27.6 13.2  0.009999-99.9-99.9-99.9-99.912.7 9922.7 89 19.1   2  1.620.2-9.9
5291620260505 32.2 19.9  0.009999-99.9-99.9-99.9-99.910.0 9228.4 83 22.9   5  4.116.9 5.8
5291620260506 32.0 23.1  0.009999-99.9-99.9-99.9-99.910.0 9228.0 79 22.9   7  6.016.7 8.5
5291620260507 29.3 13.9 14.619999-99.9-99.9-99.9-99.9 7.5 6922.1 84 18.5  12  9.413.512.4
5291620260508 19.2  9.2  0.009999-99.9-99.9-99.9-99.9-9.9 9912.6 78 10.0   5  4.328.0-9.9
5291620260509 16.0  6.9  0.009999-99.9-99.9-99.9-99.916.7 9910.6 78  7.7   6  5.124.6-9.9
5291620260510 17.5  5.1  0.009999-99.9-99.9-99.9-99.911.9 9910.3 78  7.0   2  1.618.6-9.9
5291620260511 19.8  3.2  0.009999-99.9-99.9-99.9-99.9-9.9 9910.5 74  6.8   2  1.326.6-9.9
5291620260512 22.9  4.2  0.009999-99.9-99.9-99.9-99.9-9.9 9911.9 73  8.6   2  1.529.1-9.9
5291620260513 24.2  5.3  0.009999-99.9-99.9-99.9-99.9-9.9 9912.9 75  9.8   1  1.030.2-9.9
5291620260514 22.8  7.8  0.009999-99.9-99.9-99.9-99.916.8 9914.3 80 11.7   3  2.624.1-9.9
5291620260515 22.1  8.9  0.009999-99.9-99.9-99.9-99.914.4 9913.7 81 11.2   3  2.121.1-9.9
5291620260516 23.2  8.9  0.009999-99.9-99.9-99.9-99.915.1 9915.5 81 13.1   3  2.621.8-9.9
5291620260517 19.3 12.2  0.009999-99.9-99.9-99.9-99.9-9.9 9914.2 80 12.1  10  8.333.1-9.9
5291620260518 17.4  8.5  0.009999-99.9-99.9-99.9-99.916.9 9912.7 87 10.2   6  4.423.7-9.9
5291620260519 19.6  3.7  0.009999-99.9-99.9-99.9-99.914.9 9911.1 80  7.7   1  1.121.2-9.9
5291620260520 19.8  2.9  0.009999-99.9-99.9-99.9-99.914.5 9910.8 77  7.3   2  2.020.8-9.9
5291620260521 19.3  6.5  0.009999-99.9-99.9-99.9-99.914.4 9911.6 79  8.7   5  4.020.5-9.9
5291620260522 17.3  6.9  0.009999-99.9-99.9-99.9-99.9 7.0 6610.5 81  7.3   3  2.811.9 3.0
5291620260523 19.0  3.2  0.009999-99.9-99.9-99.9-99.915.5 9910.9 81  7.5   2  1.521.6-9.9
5291620260524 21.6  4.1  0.009999-99.9-99.9-99.9-99.912.8 9913.6 84 10.7   2  1.818.5-9.9
5291620260525 20.8 13.0  0.009999-99.9-99.9-99.9-99.9 8.9 8517.5 91 15.3   3  2.414.0 2.3
5291620260526 21.7 11.3  0.009999-99.9-99.9-99.9-99.911.6 9916.6 89 14.3   3  2.716.9-9.9
5291620260527 20.5 10.0  0.009999-99.9-99.9-99.9-99.9 9.7 9217.1 94 14.9   5  4.214.7 2.2
5291620260528 20.4 14.5 29.419999-99.9-99.9-99.9-99.9-9.9 9919.1 98 16.7   4  3.1 3.2-9.9
5291620260529 18.8 16.2  0.009999-99.9-99.9-99.9-99.9-9.9 9920.2100 17.6   4  2.9 2.3-9.9
5291620260530 21.5 15.5  0.009999-99.9-99.9-99.9-99.9 1.7 1620.4100 17.7   2  1.6 5.7 1.3
5291620260531 22.4 13.0  0.009999-99.9-99.9-99.9-99.9 7.9 7518.9 98 16.5   1  1.112.5 1.8
5291620260601 22.3 12.6  0.009999-99.9-99.9-99.9-99.9-9.9 9917.6 90 15.3   6  4.727.0-9.9
5291620260602 23.2 11.1  0.009999-99.9-99.9-99.9-99.9-9.9 9916.9 89 14.6   5  4.225.0-9.9
5291620260603 26.9 12.9  0.009999-99.9-99.9-99.9-99.911.5 9919.6 86 16.7   4  3.616.4-9.9
5291620260604 25.6 14.2  0.009999-99.9-99.9-99.9-99.917.8 9918.7 84 16.1   4  3.623.2-9.9
5291620260605 27.5 12.3  0.009999-99.9-99.9-99.9-99.9-9.9 9919.5 85 16.6   2  1.624.6-9.9
5291620260606 29.3 13.6  0.009999-99.9-99.9-99.9-99.9-9.9 9920.9 82 17.7   2  1.426.9-9.9
5291620260607 21.0 16.2 22.219999-99.9-99.9-99.9-99.915.9 9919.6 98 17.1   6  4.620.9-9.9
5291620260608 17.3 14.9  0.009999-99.9-99.9-99.9-99.916.2 9918.1100 15.9   4  3.521.2-9.9
5291620260609 19.4 11.2  0.009999-99.9-99.9-99.9-99.9-9.9 9916.8 96 14.6   3  2.427.5-9.9
5291620260610 20.6 12.1  6.019999-99.9-99.9-99.9-99.910.4 9917.8 95 15.5   5  3.714.9-9.9
5291620260611 17.5 13.5 13.419999-99.9-99.9-99.9-99.9-9.9 9916.9100 14.8   8  6.3 1.5-9.9
5291620260612 19.1 13.2  0.009999-99.9-99.9-99.9-99.912.0 9917.1 99 15.0   2  1.816.6-9.9
5291620260613 20.1 13.4  0.009999-99.9-99.9-99.9-99.9-9.9 9916.8 90 14.7   4  3.224.0-9.9
5291620260614 18.2 10.2  0.009999-99.9-99.9-99.9-99.9 3.2 3014.7 90 12.6   5  3.6 7.0 2.5
5291620260615 13.8  9.5  0.009999-99.9-99.9-99.9-99.9 1.0 1013.1 96 10.9   3  2.5 4.8 1.3
5291620260616 19.0  4.4  0.009999-99.9-99.9-99.9-99.9-9.9 9912.4 93  9.6   1  0.925.1-9.9
5291620260617 19.8  4.6  0.009999-99.9-99.9-99.9-99.9-9.9 9913.1 86 10.4   3  2.629.3-9.9
5291620260618 21.1  8.9 20.019999-99.9-99.9-99.9-99.9-9.9 9916.2 88 13.8   6  5.024.2-9.9
5291620260619-99.9-99.9-99.999999-99.9-99.9-99.9-99.9-9.9 99-9.9-99-99.9 -99-99.9-9.9-9.9
5291620260620-99.9-99.9  0.009999-99.9-99.9-99.9-99.9-9.9 99-9.9-99-99.9 -99-99.9-9.9-9.9
5291620260621 18.0  5.0  0.009999-99.9-99.9-99.9-99.9-9.9 9913.3 90 10.7   5  4.027.1-9.9
5291620260622 16.6  8.7  0.009999-99.9-99.9-99.9-99.9-9.9 9912.0 83  9.5   9  7.234.4-9.9
5291620260623 16.5  2.3  0.009999-99.9-99.9-99.9-99.9-9.9 99 9.5 80  5.4   3  2.435.0-9.9
5291620260624 19.2  1.8  0.009999-99.9-99.9-99.9-99.9-9.9 9910.0 74  6.2   3  2.634.1-9.9
5291620260625 19.9  6.8  0.009999-99.9-99.9-99.9-99.9-9.9 9910.3 75  6.8   2  1.829.1-9.9
5291620260626 20.4  3.4  0.009999-99.9-99.9-99.9-99.9-9.9 9910.4 72  6.9   3  2.535.5-9.9
5291620260627 23.0  7.4  2.419999-99.9-99.9-99.9-99.9-9.9 9915.6 84 12.9   3  2.133.8-9.9
5291620260628 21.4 11.4  0.219999-99.9-99.9-99.9-99.9-9.9 9916.3 87 13.8   5  4.329.9-9.9
5291620260629 18.2  6.1  0.009999-99.9-99.9-99.9-99.9-9.9 9912.0 82  9.3   4  3.336.4-9.9
5291620260630 18.8 10.0  0.009999-99.9-99.9-99.9-99.9-9.9 9912.4 84  9.9   2  1.833.5-9.9
5291620260701 14.3  8.0  0.009999-99.9-99.9-99.9-99.9-9.9 9913.6 95 11.4   7  5.326.1-9.9
5291620260702 15.2  8.8  0.009999-99.9-99.9-99.9-99.9-9.9 9912.0 87  9.5  13 10.341.0-9.9
5291620260703 12.1  1.7  0.009999-99.9-99.9-99.9-99.9-9.9 99 8.1 79  3.8   7  5.736.7-9.9
5291620260704 10.5  7.2  0.009999-99.9-99.9-99.9-99.9-9.9 99 9.2 83  5.7   6  5.127.1-9.9
5291620260705 11.9  8.1  0.009999-99.9-99.9-99.9-99.9-9.9 9911.9 93  9.5   5  4.327.6-9.9
5291620260706 15.8  4.8  0.009999-99.9-99.9-99.9-99.9-9.9 9910.7 87  7.5   4  3.240.2-9.9
5291620260707 18.1  0.4  0.009999-99.9-99.9-99.9-99.9-9.9 99 9.4 78  5.2   4  2.938.8-9.9
5291620260708 22.3  1.5  0.009999-99.9-99.9-99.9-99.9-9.9 9911.2 75  7.6   5  4.042.8-9.9
5291620260709 26.6 10.3  0.009999-99.9-99.9-99.9-99.9-9.9 9917.3 80 14.7   3  2.335.9-9.9
5291620260710 27.9 15.0  0.009999-99.9-99.9-99.9-99.9-9.9 9921.0 86 17.9   4  3.435.7-9.9
5291620260711 23.7 15.7  0.009999-99.9-99.9-99.9-99.9-9.9 9917.8 84 15.4  10  7.642.1-9.9
5291620260712 16.3  8.8  0.009999-99.9-99.9-99.9-99.9-9.9 9912.1 87  9.5   7  5.335.8-9.9
5291620260713 18.3  3.3  0.009999-99.9-99.9-99.9-99.9-9.9 9911.4 86  8.3   4  3.444.3-9.9
5291620260714 23.5  6.4  0.009999-99.9-99.9-99.9-99.9-9.9 9913.7 82 11.1   7  5.343.4-9.9
5291620260715 26.4 11.6  0.009999-99.9-99.9-99.9-99.9-9.9 9915.9 72 13.6   8  6.541.5-9.9
5291620260716 30.9 15.5  0.009999-99.9-99.9-99.9-99.9-9.9 9922.1 71 18.9  13 10.740.9-9.9
5291620260717 33.2 25.8  0.009999-99.9-99.9-99.9-99.9-9.9 9925.5 66 21.3  14 11.043.0-9.9
5291620260718 32.5 25.8  0.009999-99.9-99.9-99.9-99.9-9.9 9927.6 72 22.7   9  7.335.8-9.9
5291620260719 27.4 17.9  0.619999-99.9-99.9-99.9-99.9-9.9 9922.9 88 19.5   9  7.033.0-9.9
5291620260720 17.9 15.4 16.419999-99.9-99.9-99.9-99.9-9.9 9918.2 99 16.0   5  3.827.5-9.9
5291620260721 16.3 13.8  1.219999-99.9-99.9-99.9-99.9-9.9 9917.3100 15.2   5  4.127.3-9.9
5291620260722 15.5 12.9  0.009999-99.9-99.9-99.9-99.9-9.9 9915.8100 13.8   8  6.828.0-9.9
5291620260723 16.8 11.5  0.009999-99.9-99.9-99.9-99.9-9.9 9915.8 99 13.8   4  3.129.6-9.9
5291620260724 21.3 13.5  0.009999-99.9-99.9-99.9-99.9-9.9 9917.7 92 15.5   4  3.133.7-9.9
5291620260725 20.8 14.0  0.219999-99.9-99.9-99.9-99.9-9.9 9919.4 95 16.9   3  2.130.5-9.9
5291620260726 24.8 15.2  0.009999-99.9-99.9-99.9-99.9-9.9 9921.9 95 18.8   2  1.540.0-9.9
5291620260727 32.8 17.5  0.009999-99.9-99.9-99.9-99.9-9.9 9926.0 81 21.4   5  4.441.8-9.9
5291620260728 32.0 19.4  0.009999-99.9-99.9-99.9-99.9-9.9 9926.1 80 21.6   4  3.140.3-9.9
5291620260729 27.1 17.2  0.009999-99.9-99.9-99.9-99.9-9.9 9922.8 89 19.5   9  7.043.8-9.9
5291620260730 28.5 16.2  0.009999-99.9-99.9-99.9-99.9-9.9 9923.1 87 19.5   8  6.741.6-9.9
5291620260731 32.0 22.1 48.819999-99.9-99.9-99.9-99.9-9.9 9926.0 77 21.7  13 10.544.5-9.9
5291620260801 26.9 14.6 16.019999-99.9-99.9-99.9-99.9-9.9 9919.6 92 17.1   9  7.234.7-9.9
5291620260802 23.7 12.8  0.009999-99.9-99.9-99.9-99.9-9.9 9920.9100 17.9   8  6.043.1-9.9
5291620260803 30.3 18.8 35.619999-99.9-99.9-99.9-99.9-9.9 9928.2100 22.7   8  6.438.7-9.9
5291620260804 23.4 18.4  0.009999-99.9-99.9-99.9-99.9-9.9 9923.6100 20.1   2  1.930.1-9.9
5291620260805 26.4 16.8  0.009999-99.9-99.9-99.9-99.9-9.9 9923.8 95 20.1   2  1.740.6-9.9
5291620260806 30.6 17.3  0.009999-99.9-99.9-99.9-99.9-9.9 9923.2 89 19.2  12  9.843.7-9.9
5291620260807 17.3  9.1  0.009999-99.9-99.9-99.9-99.9-9.9 9911.9 84  9.4   6  4.443.2-9.9
5291620260808 20.8  6.9  0.009999-99.9-99.9-99.9-99.9-9.9 9913.1 83 10.5   5  4.145.1-9.9
5291620260809 18.0  6.5  0.009999-99.9-99.9-99.9-99.9-9.9 9910.4 72  7.3   8  6.247.6-9.9
5291620260810 15.1  6.4  0.009999-99.9-99.9-99.9-99.9-9.9 99 9.2 68  5.7  11  8.735.6-9.9
5291620260811 14.5 10.7  0.619999-99.9-99.9-99.9-99.9-9.9 9910.8 79  8.0   7  5.631.1-9.9
5291620260812 15.5 10.4  2.219999-99.9-99.9-99.9-99.9-9.9 9913.2 93 11.0   4  3.433.0-9.9
5291620260813 15.5 11.9  0.619999-99.9-99.9-99.9-99.9-9.9 9915.1 98 13.1   5  4.129.4-9.9
5291620260814 17.3 13.5  0.219999-99.9-99.9-99.9-99.9-9.9 9916.8100 14.7   2  1.530.7-9.9
5291620260815 21.3 12.0  0.009999-99.9-99.9-99.9-99.9-9.9 9919.2100 16.6   2  1.832.2-9.9
5291620260816 25.9 17.5  0.009999-99.9-99.9-99.9-99.9-9.9 9923.5 95 19.9   8  6.542.6-9.9
5291620260817 19.7 16.7  0.009999-99.9-99.9-99.9-99.9-9.9 9920.1 99 17.6   5  4.029.8-9.9
5291620260818 17.2 12.7  3.219999-99.9-99.9-99.9-99.917.6 9915.8100 13.8   7  5.627.6-9.9
5291620260819 12.8 11.5 51.619999-99.9-99.9-99.9-99.915.0 9913.8100 11.8   4  2.924.3-9.9
5291620260820 14.6  9.1  0.219999-99.9-99.9-99.9-99.9-9.9 9913.2100 11.0   8  6.030.8-9.9
5291620260821 23.2  5.1  0.009999-99.9-99.9-99.9-99.9-9.9 9915.4 89 12.6   5  3.843.0-9.9
5291620260822 18.4  8.1  0.009999-99.9-99.9-99.9-99.9-9.9 9912.0 83  9.4   6  4.642.9-9.9
5291620260823 19.7  6.7  0.009999-99.9-99.9-99.9-99.9-9.9 9911.4 76  8.7   8  6.643.3-9.9
5291620260824 19.1  9.0  0.009999-99.9-99.9-99.9-99.9-9.9 9911.3 76  8.6   7  5.933.9-9.9
5291620260825 24.5  8.5  0.009999-99.9-99.9-99.9-99.9-9.9 9913.8 75 11.3   8  6.444.1-9.9
5291620260826 29.8 12.0  0.009999-99.9-99.9-99.9-99.9-9.9 9920.3 76 17.1   7  5.843.1-9.9
5291620260827 32.0 21.6  0.009999-99.9-99.9-99.9-99.9-9.9 9924.7 73 20.8   8  6.341.4-9.9
5291620260828 24.1 18.1  0.009999-99.9-99.9-99.9-99.9-9.9 9922.6 93 19.5   7  6.031.0-9.9
5291620260829 21.6 17.6  0.009999-99.9-99.9-99.9-99.916.9 9920.4 93 17.8   8  6.228.4-9.9
5291620260830 20.3 16.8  0.009999-99.9-99.9-99.9-99.915.7 9920.2 95 17.6   4  3.226.9-9.9
5291620260831 22.8 16.4  0.819999-99.9-99.9-99.9-99.916.2 9921.3 98 18.4   6  5.127.7-9.9
5291620260901 20.8 16.3  0.219999-99.9-99.9-99.9-99.916.4 9920.0 98 17.4   6  4.528.1-9.9
5291620260902 25.4 11.1  0.009999-99.9-99.9-99.9-99.9-9.9 9919.8 88 16.9   5  3.645.2-9.9
5291620260903 31.2 14.5  0.009999-99.9-99.9-99.9-99.9-9.9 9920.8 78 17.7   7  5.745.0-9.9
5291620260904 22.0 14.6  0.009999-99.9-99.9-99.9-99.9-9.9 9913.5 67 11.3   9  6.941.4-9.9
5291620260905 22.1 14.2  0.009999-99.9-99.9-99.9-99.9-9.9 9911.8 60  9.1  10  8.341.0-9.9
5291620260906 16.2  8.6  0.009999-99.9-99.9-99.9-99.9-9.9 99 8.1 61  3.9   7  5.641.0-9.9
