5294020150722-99.9-99.9-99.999999-99.9-99.9-99.9-99.9-9.9 99-9.9-99-99.9 -99-99.9-9.9-9.9
5294020150805-99.9-99.9-99.999999-99.9-99.9-99.9-99.9-9.9 99-9.9-99-99.9 -99-99.9-9.9-9.9
5294020150806 14.5  7.9 11.219999-99.9-99.9-99.9-99.9-9.9 99 9.3 81  5.7 -99-99.9-9.9-9.9
5294020150807 11.8  2.5  5.819999-99.9-99.9-99.9-99.9-9.9 99 8.3 91  4.2 -99-99.9-9.9-9.9
5294020150808  8.2  4.5  0.219999-99.9-99.9-99.9-99.9-9.9 99 7.6 81  3.0 -99-99.9-9.9-9.9
5294020150809 16.9 -0.9  6.519999-99.9-99.9-99.9-99.9-9.9 99 7.9 80  3.4 -99-99.9-9.9-9.9
5294020150810 10.1  4.6  5.219999-99.9-99.9-99.9-99.9-9.9 99 8.4 91  4.5 -99-99.9-9.9-9.9
5294020150811  8.5  0.5  1.219999-99.9-99.9-99.9-99.9-9.9 99 7.1 77  2.0 -99-99.9-9.9-9.9
5294020150812  7.4  2.8  2.519999-99.9-99.9-99.9-99.9-9.9 99 7.5 88  2.8 -99-99.9-9.9-9.9
5294020150813  6.3  2.6  0.009999-99.9-99.9-99.9-99.9-9.9 99 6.6 82  1.0 -99-99.9-9.9-9.9
5294020150814 11.8  1.2  0.009999-99.9-99.9-99.9-99.9-9.9 99 6.9 84  1.6 -99-99.9-9.9-9.9
5294020150815 14.9 -2.0  0.009999-99.9-99.9-99.9-99.9-9.9 99 6.8 70  1.3 -99-99.9-9.9-9.9
5294020150816 14.9  3.8  0.009999-99.9-99.9-99.9-99.9-9.9 99 6.7 73  1.2 -99-99.9-9.9-9.9
5294020150817 22.5 -1.3-99.999999-99.9-99.9-99.9-99.9-9.9 99 7.8 80  2.3 -99-99.9-9.9-9.9
5294020150818-99.9-99.9  0.009999-99.9-99.9-99.9-99.9-9.9 99-9.9 46-99.9 -99-99.9-9.9-9.9
5294020150819 22.2  0.8  0.009999-99.9-99.9-99.9-99.9-9.9 99 6.5 53  0.8 -99-99.9-9.9-9.9
5294020150820 21.4  3.8  0.009999-99.9-99.9-99.9-99.9-9.9 99 7.4 59  2.6 -99-99.9-9.9-9.9
5294020150821 20.3  4.8  0.009999-99.9-99.9-99.9-99.9-9.9 99 8.2 61  3.9 -99-99.9-9.9-9.9
5294020150822 18.0  3.2  0.009999-99.9-99.9-99.9-99.9-9.9 99 4.4 43 -4.5 -99-99.9-9.9-9.9
5294020150823 16.2 -1.0  0.009999-99.9-99.9-99.9-99.9-9.9 99 4.8 53 -3.2 -99-99.9-9.9-9.9
5294020150824 20.1 -1.2  0.009999-99.9-99.9-99.9-99.9-9.9 99 5.4 49 -1.7 -99-99.9-9.9-9.9
5294020150825 21.6  4.8  0.009999-99.9-99.9-99.9-99.9-9.9 99 5.2 35 -2.8 -99-99.9-9.9-9.9
5294020150826 23.3  2.1  0.009999-99.9-99.9-99.9-99.9-9.9 99 4.5 36 -4.5 -99-99.9-9.9-9.9
5294020150827 20.6  1.7  0.009999-99.9-99.9-99.9-99.9-9.9 99 4.9 41 -3.0 -99-99.9-9.9-9.9
5294020150828 23.1  5.3  0.009999-99.9-99.9-99.9-99.9-9.9 99 6.3 31  0.0 -99-99.9-9.9-9.9
5294020150829 28.7 11.5  0.009999-99.9-99.9-99.9-99.9-9.9 99 4.8 20 -3.8 -99-99.9-9.9-9.9
5294020150830 27.5  6.4  0.009999-99.9-99.9-99.9-99.9-9.9 99 9.0 47  5.1 -99-99.9-9.9-9.9
5294020150831 18.3  7.9  0.009999-99.9-99.9-99.9-99.9-9.9 99 8.9 55  5.2 -99-99.9-9.9-9.9
5294020150901 15.4  6.2  0.009999-99.9-99.9-99.9-99.9-9.9 99 6.4 58  0.6 -99-99.9-9.9-9.9
5294020150902 18.4 -1.3  0.009999-99.9-99.9-99.9-99.9-9.9 99 6.3 57  0.3 -99-99.9-9.9-9.9
5294020150903 20.5 -0.6  0.009999-99.9-99.9-99.9-99.9-9.9 99 5.7 50 -1.1 -99-99.9-9.9-9.9
5294020150904 22.8  0.5  0.009999-99.9-99.9-99.9-99.9-9.9 99 4.9 34 -3.1 -99-99.9-9.9-9.9
5294020150905 23.9  0.5  0.009999-99.9-99.9-99.9-99.9-9.9 99 5.7 41 -1.0 -99-99.9-9.9-9.9
5294020150906 24.3  3.9  2.219999-99.9-99.9-99.9-99.9-9.9 99 7.8 53  3.3 -99-99.9-9.9-9.9
5294020150907 21.6  5.1  0.009999-99.9-99.9-99.9-99.9-9.9 99 7.6 43  2.6 -99-99.9-9.9-9.9
5294020150908 22.4  1.7  0.009999-99.9-99.9-99.9-99.9-9.9 99 5.8 39 -1.3 -99-99.9-9.9-9.9
5294020150909 16.4  2.0  0.009999-99.9-99.9-99.9-99.9-9.9 99 4.8 47 -3.3 -99-99.9-9.9-9.9
5294020150910 14.7 -1.2  0.009999-99.9-99.9-99.9-99.9-9.9 99 4.3 51 -5.2 -99-99.9-9.9-9.9
5294020150911 19.7 -6.9  0.009999-99.9-99.9-99.9-99.9-9.9 99 2.9 31-10.0 -99-99.9-9.9-9.9
5294020150912 18.8 -2.7  0.009999-99.9-99.9-99.9-99.9-9.9 99 3.4 31 -7.7 -99-99.9-9.9-9.9
5294020150913 21.0 -0.6  0.009999-99.9-99.9-99.9-99.9-9.9 99 3.9 32 -6.0 -99-99.9-9.9-9.9
5294020150914 26.2  2.9  0.009999-99.9-99.9-99.9-99.9-9.9 99 4.3 24 -4.8 -99-99.9-9.9-9.9
5294020150915 20.1  7.2  0.009999-99.9-99.9-99.9-99.9-9.9 99 4.1 29 -5.5 -99-99.9-9.9-9.9
5294020150916 17.2 -1.1  0.009999-99.9-99.9-99.9-99.9-9.9 99 4.5 41 -4.1 -99-99.9-9.9-9.9
5294020150917 21.2  0.4  0.009999-99.9-99.9-99.9-99.9-9.9 99 4.6 31 -3.8 -99-99.9-9.9-9.9
5294020150918 18.9  4.3  0.009999-99.9-99.9-99.9-99.9-9.9 99 5.1 40 -2.5 -99-99.9-9.9-9.9
5294020150919 22.9  2.9  0.009999-99.9-99.9-99.9-99.9-9.9 99 5.4 37 -1.8 -99-99.9-9.9-9.9
5294020150920 23.2  5.0  0.009999-99.9-99.9-99.9-99.9-9.9 99 6.6 38  0.9 -99-99.9-9.9-9.9
5294020150921 17.8  9.0  0.519999-99.9-99.9-99.9-99.9-9.9 9910.0 72  7.0 -99-99.9-9.9-9.9
5294020150922 13.9  6.3  0.219999-99.9-99.9-99.9-99.9-9.9 99 9.3 80  5.9 -99-99.9-9.9-9.9
5294020150923 21.5  6.0 18.019999-99.9-99.9-99.9-99.9-9.9 99 9.1 69  5.4 -99-99.9-9.9-9.9
5294020150924 18.3  3.7  0.009999-99.9-99.9-99.9-99.9-9.9 99 8.7 73  4.9 -99-99.9-9.9-9.9
5294020150925 16.5 -1.2  0.009999-99.9-99.9-99.9-99.9-9.9 99 6.5 57  0.7 -99-99.9-9.9-9.9
5294020150926 21.0  0.5  0.009999-99.9-99.9-99.9-99.9-9.9 99 6.5 53  0.8 -99-99.9-9.9-9.9
5294020150927 22.6  4.7  0.009999-99.9-99.9-99.9-99.9-9.9 99 6.8 43  1.4 -99-99.9-9.9-9.9
5294020150928 27.3  7.6  0.009999-99.9-99.9-99.9-99.9-9.9 99 7.8 37  3.4 -99-99.9-9.9-9.9
5294020150929 19.9 10.3  0.009999-99.9-99.9-99.9-99.9-9.9 99 7.8 51  3.2 -99-99.9-9.9-9.9
5294020150930 24.5  2.4  0.009999-99.9-99.9-99.9-99.9-9.9 99 7.5 45  2.8 -99-99.9-9.9-9.9
5294020151001 16.3 10.3  9.019999-99.9-99.9-99.9-99.9-9.9 9910.6 80  7.8 -99-99.9-9.9-9.9
5294020151002 10.4  3.9  0.009999-99.9-99.9-99.9-99.9-9.9 99 8.4 85  4.5 -99-99.9-9.9-9.9
5294020151003 12.4  5.4  0.009999-99.9-99.9-99.9-99.9-9.9 99 8.8 79  5.2 -99-99.9-9.9-9.9
5294020151004 10.6  7.1  0.009999-99.9-99.9-99.9-99.9-9.9 99 9.7 84  6.5 -99-99.9-9.9-9.9
5294020151005 16.6  8.5 15.219999-99.9-99.9-99.9-99.9-9.9 9910.3 68  7.4 -99-99.9-9.9-9.9
5294020151006 11.8  7.6 29.219999-99.9-99.9-99.9-99.9-9.9 9910.6 94  7.9 -99-99.9-9.9-9.9
5294020151007 13.9  4.4  4.219999-99.9-99.9-99.9-99.9-9.9 99 9.1 74  5.6 -99-99.9-9.9-9.9
5294020151008  9.6  3.9  0.009999-99.9-99.9-99.9-99.9-9.9 99 6.8 74  1.3 -99-99.9-9.9-9.9
5294020151009  8.8  2.1  7.819999-99.9-99.9-99.9-99.9-9.9 99 7.5 91  2.9 -99-99.9-9.9-9.9
5294020151010  7.1  2.6  0.009999-99.9-99.9-99.9-99.9-9.9 99 7.4 83  2.7 -99-99.9-9.9-9.9
5294020151011  8.8  3.5  0.219999-99.9-99.9-99.9-99.9-9.9 99 7.7 85  3.3 -99-99.9-9.9-9.9
5294020151012 14.3  2.4  0.009999-99.9-99.9-99.9-99.9-9.9 99 8.4 86  4.4 -99-99.9-9.9-9.9
5294020151013 22.4  3.5  0.819999-99.9-99.9-99.9-99.9-9.9 99 8.6 47  4.7 -99-99.9-9.9-9.9
5294020151014 17.3  7.9  0.519999-99.9-99.9-99.9-99.9-9.9 99 9.0 65  4.9 -99-99.9-9.9-9.9
5294020151015 17.7  0.0  0.009999-99.9-99.9-99.9-99.9-9.9 99 6.5 58  0.8 -99-99.9-9.9-9.9
5294020151016 15.7  4.5  0.009999-99.9-99.9-99.9-99.9-9.9 99 5.6 41 -1.4 -99-99.9-9.9-9.9
5294020151017 21.0  3.0  0.009999-99.9-99.9-99.9-99.9-9.9 99 7.3 48  2.3 -99-99.9-9.9-9.9
5294020151018 24.9  3.3  0.009999-99.9-99.9-99.9-99.9-9.9 99 8.0 47  3.8 -99-99.9-9.9-9.9
5294020151019 18.1  7.0  7.219999-99.9-99.9-99.9-99.9-9.9 9910.7 77  7.8 -99-99.9-9.9-9.9
5294020151020 21.3  3.7  0.519999-99.9-99.9-99.9-99.9-9.9 99 9.7 55  6.4 -99-99.9-9.9-9.9
5294020151021 21.9  5.9  1.219999-99.9-99.9-99.9-99.9-9.9 99 8.6 46  4.5 -99-99.9-9.9-9.9
5294020151022 16.4  6.7  1.819999-99.9-99.9-99.9-99.9-9.9 99 8.7 60  4.9 -99-99.9-9.9-9.9
5294020151023 10.7  5.9  0.219999-99.9-99.9-99.9-99.9-9.9 99 8.8 86  5.2 -99-99.9-9.9-9.9
5294020151024 11.5  4.1  0.009999-99.9-99.9-99.9-99.9-9.9 99 8.1 86  3.9 -99-99.9-9.9-9.9
5294020151025 16.9  5.1  0.009999-99.9-99.9-99.9-99.9-9.9 99 9.0 74  5.3 -99-99.9-9.9-9.9
5294020151026 21.9  7.3  0.009999-99.9-99.9-99.9-99.9-9.9 9910.0 59  7.0 -99-99.9-9.9-9.9
5294020151027 26.1  4.6  0.009999-99.9-99.9-99.9-99.9-9.9 9910.4 56  7.5 -99-99.9-9.9-9.9
5294020151028 30.5 10.1  0.009999-99.9-99.9-99.9-99.9-9.9 9913.0 50 10.8 -99-99.9-9.9-9.9
5294020151029 24.4 10.0  0.009999-99.9-99.9-99.9-99.9-9.9 99 7.8 35  3.2 -99-99.9-9.9-9.9
5294020151030 23.3  8.3 16.019999-99.9-99.9-99.9-99.9-9.9 9911.2 69  8.6 -99-99.9-9.9-9.9
5294020151031 16.8  9.1  0.009999-99.9-99.9-99.9-99.9-9.9 99 9.9 76  6.7 -99-99.9-9.9-9.9
5294020151101 22.0  4.0  0.219999-99.9-99.9-99.9-99.9-9.9 99 9.2 60  5.6 -99-99.9-9.9-9.9
5294020151102 22.9 10.0 10.819999-99.9-99.9-99.9-99.9-9.9 9912.7 69 10.5 -99-99.9-9.9-9.9
5294020151103 21.0  9.6 11.219999-99.9-99.9-99.9-99.9-9.9 9912.1 79  9.8 -99-99.9-9.9-9.9
5294020151104 17.8 10.0  1.219999-99.9-99.9-99.9-99.9-9.9 9912.0 87  9.7 -99-99.9-9.9-9.9
5294020151105 21.0  5.3  0.009999-99.9-99.9-99.9-99.9-9.9 9910.7 66  7.9 -99-99.9-9.9-9.9
5294020151106 24.9  6.5  0.009999-99.9-99.9-99.9-99.9-9.9 9910.1 48  7.0 -99-99.9-9.9-9.9
5294020151107 27.2  6.4  0.009999-99.9-99.9-99.9-99.9-9.9 9910.2 44  7.2 -99-99.9-9.9-9.9
5294020151108 27.5  7.3  0.009999-99.9-99.9-99.9-99.9-9.9 99 8.4 34  4.1 -99-99.9-9.9-9.9
5294020151109 23.7  7.0 16.819999-99.9-99.9-99.9-99.9-9.9 99 9.8 52  6.6 -99-99.9-9.9-9.9
5294020151110 18.8  9.4  1.019999-99.9-99.9-99.9-99.9-9.9 9911.1 68  8.3 -99-99.9-9.9-9.9
5294020151111 24.5 10.0 20.019999-99.9-99.9-99.9-99.9-9.9 9914.2 65 12.2 -99-99.9-9.9-9.9
5294020151112 23.5 11.6  0.009999-99.9-99.9-99.9-99.9-9.9 9912.8 72 10.5 -99-99.9-9.9-9.9
5294020151113 25.8  8.1  0.009999-99.9-99.9-99.9-99.9-9.9 9912.2 58  9.8 -99-99.9-9.9-9.9
5294020151114 29.8  8.7  0.009999-99.9-99.9-99.9-99.9-9.9 9911.3 45  8.6 -99-99.9-9.9-9.9
5294020151115 29.8 12.6  1.819999-99.9-99.9-99.9-99.9-9.9 9911.7 38  9.1 -99-99.9-9.9-9.9
5294020151116 29.5 13.3  0.009999-99.9-99.9-99.9-99.9-9.9 9912.7 47 10.4 -99-99.9-9.9-9.9
5294020151117 22.4 12.4  1.019999-99.9-99.9-99.9-99.9-9.9 9911.9 52  9.3 -99-99.9-9.9-9.9
5294020151118 25.4 11.2  0.009999-99.9-99.9-99.9-99.9-9.9 99 9.0 34  4.7 -99-99.9-9.9-9.9
5294020151119 19.2  6.6  0.009999-99.9-99.9-99.9-99.9-9.9 99 7.7 52  3.1 -99-99.9-9.9-9.9
5294020151120 22.5  2.3  0.009999-99.9-99.9-99.9-99.9-9.9 99 7.3 41  2.4 -99-99.9-9.9-9.9
5294020151121 25.7  5.2  0.009999-99.9-99.9-99.9-99.9-9.9 99 8.1 32  3.8 -99-99.9-9.9-9.9
5294020151122 26.5 10.1  0.009999-99.9-99.9-99.9-99.9-9.9 9910.2 38  7.1 -99-99.9-9.9-9.9
5294020151123 25.9 10.7  0.009999-99.9-99.9-99.9-99.9-9.9 9911.0 46  8.2 -99-99.9-9.9-9.9
5294020151124 26.8  8.1  0.009999-99.9-99.9-99.9-99.9-9.9 9910.8 41  7.8 -99-99.9-9.9-9.9
5294020151125 28.9 11.7  2.019999-99.9-99.9-99.9-99.9-9.9 9912.6 52 10.1 -99-99.9-9.9-9.9
5294020151126 21.1 12.2 12.019999-99.9-99.9-99.9-99.9-9.9 9913.2 76 11.0 -99-99.9-9.9-9.9
5294020151127 23.0  6.9  0.009999-99.9-99.9-99.9-99.9-9.9 9911.0 56  8.2 -99-99.9-9.9-9.9
5294020151128 21.6 10.0  0.009999-99.9-99.9-99.9-99.9-9.9 99 9.8 55  6.6 -99-99.9-9.9-9.9
5294020151129 24.0  6.5  0.009999-99.9-99.9-99.9-99.9-9.9 9910.8 52  8.0 -99-99.9-9.9-9.9
5294020151130 27.3  7.2  0.009999-99.9-99.9-99.9-99.9-9.9 9911.5 45  9.0 -99-99.9-9.9-9.9
5294020151201 28.5  9.4  8.219999-99.9-99.9-99.9-99.9-9.9 9911.6 47  8.9 -99-99.9-9.9-9.9
5294020151202 19.0 12.6  0.819999-99.9-99.9-99.9-99.9-9.9 9915.3 89 13.4 -99-99.9-9.9-9.9
5294020151203 26.1 11.6  0.009999-99.9-99.9-99.9-99.9-9.9 9913.5 57 11.4 -99-99.9-9.9-9.9
5294020151204 28.0  9.9  1.519999-99.9-99.9-99.9-99.9-9.9 9913.7 57 11.7 -99-99.9-9.9-9.9
5294020151205 25.7 13.9  1.019999-99.9-99.9-99.9-99.9-9.9 9915.3 77 13.3 -99-99.9-9.9-9.9
5294020151206 26.7 12.3  0.009999-99.9-99.9-99.9-99.9-9.9 9915.3 67 13.3 -99-99.9-9.9-9.9
5294020151207 30.3 12.9  0.219999-99.9-99.9-99.9-99.9-9.9 9915.2 52 13.2 -99-99.9-9.9-9.9
5294020151208 26.3 14.9  0.009999-99.9-99.9-99.9-99.9-9.9 9912.7 45 10.2 -99-99.9-9.9-9.9
5294020151209 29.6 10.2  0.009999-99.9-99.9-99.9-99.9-9.9 9911.6 46  9.0 -99-99.9-9.9-9.9
5294020151210 32.8 11.6  0.009999-99.9-99.9-99.9-99.9-9.9 9910.1 32  6.9 -99-99.9-9.9-9.9
5294020151211 34.1 12.7  0.009999-99.9-99.9-99.9-99.9-9.9 9910.3 28  7.3 -99-99.9-9.9-9.9
5294020151212 32.9 14.8  0.009999-99.9-99.9-99.9-99.9-9.9 99 8.5 26  4.3 -99-99.9-9.9-9.9
5294020151213 30.9 12.0  0.519999-99.9-99.9-99.9-99.9-9.9 99 9.6 29  6.1 -99-99.9-9.9-9.9
5294020151214 28.3 12.4  0.219999-99.9-99.9-99.9-99.9-9.9 9910.9 39  8.1 -99-99.9-9.9-9.9
5294020151215 26.9 12.8  0.009999-99.9-99.9-99.9-99.9-9.9 9911.9 45  9.3 -99-99.9-9.9-9.9
5294020151216 32.3 12.0  0.009999-99.9-99.9-99.9-99.9-9.9 9913.1 41 10.9 -99-99.9-9.9-9.9
5294020151217 29.3  9.4  0.009999-99.9-99.9-99.9-99.9-9.9 99 7.1 26  1.9 -99-99.9-9.9-9.9
5294020151218 22.5 10.4  0.009999-99.9-99.9-99.9-99.9-9.9 99 6.2 30  0.1 -99-99.9-9.9-9.9
5294020151219 27.6  5.3  0.009999-99.9-99.9-99.9-99.9-9.9 99 7.9 32  3.5 -99-99.9-9.9-9.9
5294020151220 30.2  7.8  0.009999-99.9-99.9-99.9-99.9-9.9 99 9.5 31  6.3 -99-99.9-9.9-9.9
5294020151221 30.7 12.6  0.009999-99.9-99.9-99.9-99.9-9.9 9911.6 36  9.1 -99-99.9-9.9-9.9
5294020151222 30.2 14.8  0.009999-99.9-99.9-99.9-99.9-9.9 9910.9 35  8.1 -99-99.9-9.9-9.9
5294020151223 31.3 13.6  6.519999-99.9-99.9-99.9-99.9-9.9 9915.2 51 13.1 -99-99.9-9.9-9.9
5294020151224 31.5 12.1  0.009999-99.9-99.9-99.9-99.9-9.9 9914.7 45 12.7 -99-99.9-9.9-9.9
5294020151225 35.3 13.8  5.819999-99.9-99.9-99.9-99.9-9.9 9914.1 37 12.0 -99-99.9-9.9-9.9
5294020151226 35.5 13.9  0.009999-99.9-99.9-99.9-99.9-9.9 9915.0 37 13.0 -99-99.9-9.9-9.9
5294020151227 36.4 16.3  0.009999-99.9-99.9-99.9-99.9-9.9 9915.4 39 13.3 -99-99.9-9.9-9.9
5294020151228 36.9 16.4 59.219999-99.9-99.9-99.9-99.9-9.9 9915.8 35 13.8 -99-99.9-9.9-9.9
5294020151229 32.7 15.1  2.519999-99.9-99.9-99.9-99.9-9.9 9917.1 44 14.9 -99-99.9-9.9-9.9
5294020151230 28.4 16.3 28.519999-99.9-99.9-99.9-99.9-9.9 9917.5 65 15.4 -99-99.9-9.9-9.9
5294020151231 28.7 15.4  0.009999-99.9-99.9-99.9-99.9-9.9 9918.3 67 16.0 -99-99.9-9.9-9.9
5294020160101 30.4 17.0 14.819999-99.9-99.9-99.9-99.9-9.9 9919.4 75 17.0 -99-99.9-9.9-9.9
5294020160102 30.8 16.3  1.019999-99.9-99.9-99.9-99.9-9.9 9919.4 63 17.0 -99-99.9-9.9-9.9
5294020160103 28.0 16.7 24.519999-99.9-99.9-99.9-99.9-9.9 9920.0 72 17.4 -99-99.9-9.9-9.9
5294020160104 26.9 15.0  8.019999-99.9-99.9-99.9-99.9-9.9 9918.7 79 16.4 -99-99.9-9.9-9.9
5294020160105 25.9 14.8  0.009999-99.9-99.9-99.9-99.9-9.9 9916.8 77 14.7 -99-99.9-9.9-9.9
5294020160106 29.2 13.6  6.219999-99.9-99.9-99.9-99.9-9.9 9916.1 62 14.1 -99-99.9-9.9-9.9
5294020160107 25.1 15.5  4.819999-99.9-99.9-99.9-99.9-9.9 9917.6 89 15.4 -99-99.9-9.9-9.9
5294020160108 27.9 15.0  3.019999-99.9-99.9-99.9-99.9-9.9 9917.6 71 15.5 -99-99.9-9.9-9.9
5294020160109 20.2 14.9  0.009999-99.9-99.9-99.9-99.9-9.9 9916.8 88 14.8 -99-99.9-9.9-9.9
5294020160110 29.2 12.4  0.009999-99.9-99.9-99.9-99.9-9.9 9917.5 64 15.3 -99-99.9-9.9-9.9
5294020160111 30.8 14.4  0.009999-99.9-99.9-99.9-99.9-9.9 9919.3 72 16.9 -99-99.9-9.9-9.9
5294020160112 28.4 17.0  0.009999-99.9-99.9-99.9-99.9-9.9 9913.4 43 10.9 -99-99.9-9.9-9.9
5294020160113 29.5 14.5  0.009999-99.9-99.9-99.9-99.9-9.9 9913.8 49 11.6 -99-99.9-9.9-9.9
5294020160114 32.8 11.9  0.009999-99.9-99.9-99.9-99.9-9.9 9914.9 47 12.9 -99-99.9-9.9-9.9
5294020160115 30.3 16.9  0.009999-99.9-99.9-99.9-99.9-9.9 9913.5 38 10.9 -99-99.9-9.9-9.9
5294020160116 33.3 14.6  0.009999-99.9-99.9-99.9-99.9-9.9 9915.7 42 13.6 -99-99.9-9.9-9.9
5294020160117 30.2 19.0  0.009999-99.9-99.9-99.9-99.9-9.9 9914.8 38 12.5 -99-99.9-9.9-9.9
5294020160118 33.1 18.4  0.009999-99.9-99.9-99.9-99.9-9.9 9919.3 55 16.9 -99-99.9-9.9-9.9
5294020160119 36.4 18.1  0.009999-99.9-99.9-99.9-99.9-9.9 9919.7 47 17.2 -99-99.9-9.9-9.9
5294020160120 35.0 21.5  0.009999-99.9-99.9-99.9-99.9-9.9 9920.9 57 18.2 -99-99.9-9.9-9.9
5294020160121 35.6 20.1  0.009999-99.9-99.9-99.9-99.9-9.9 9918.7 48 16.4 -99-99.9-9.9-9.9
5294020160122 35.0 18.5  0.009999-99.9-99.9-99.9-99.9-9.9 9914.0 33 11.8 -99-99.9-9.9-9.9
5294020160123 35.4 19.8 45.219999-99.9-99.9-99.9-99.9-9.9 9916.3 45 14.1 -99-99.9-9.9-9.9
5294020160124 27.5 16.6  0.219999-99.9-99.9-99.9-99.9-9.9 9916.9 66 14.6 -99-99.9-9.9-9.9
5294020160125 23.3 15.0  0.009999-99.9-99.9-99.9-99.9-9.9 9914.9 75 12.7 -99-99.9-9.9-9.9
5294020160126 26.4 10.4  0.009999-99.9-99.9-99.9-99.9-9.9 9913.0 58 10.8 -99-99.9-9.9-9.9
5294020160127 30.8 11.6  0.219999-99.9-99.9-99.9-99.9-9.9 9914.1 50 12.0 -99-99.9-9.9-9.9
5294020160128 27.5 16.7  0.009999-99.9-99.9-99.9-99.9-9.9 9918.2 76 16.0 -99-99.9-9.9-9.9
5294020160129 29.3 16.3 14.219999-99.9-99.9-99.9-99.9-9.9 9917.6 69 15.4 -99-99.9-9.9-9.9
5294020160130 28.3 12.6  0.009999-99.9-99.9-99.9-99.9-9.9 9914.9 61 12.7 -99-99.9-9.9-9.9
5294020160131 30.3 13.7  0.009999-99.9-99.9-99.9-99.9-9.9 9915.2 52 13.1 -99-99.9-9.9-9.9
5294020160201 29.3 14.6  0.009999-99.9-99.9-99.9-99.9-9.9 9916.4 61 14.4 -99-99.9-9.9-9.9
5294020160202 29.4 13.2  0.009999-99.9-99.9-99.9-99.9-9.9 9916.1 58 14.1 -99-99.9-9.9-9.9
5294020160203 32.2 11.7  0.009999-99.9-99.9-99.9-99.9-9.9 9915.2 49 13.2 -99-99.9-9.9-9.9
5294020160204 31.4 14.8  9.219999-99.9-99.9-99.9-99.9-9.9 9917.3 63 15.2 -99-99.9-9.9-9.9
5294020160205 26.9 15.5  7.019999-99.9-99.9-99.9-99.9-9.9 9919.1 69 16.7 -99-99.9-9.9-9.9
5294020160206 29.8 16.8  0.219999-99.9-99.9-99.9-99.9-9.9 9920.2 77 17.7 -99-99.9-9.9-9.9
5294020160207 26.6 17.5  0.009999-99.9-99.9-99.9-99.9-9.9 9920.2 75 17.6 -99-99.9-9.9-9.9
5294020160208 30.7 14.6  0.219999-99.9-99.9-99.9-99.9-9.9 9918.1 59 15.9 -99-99.9-9.9-9.9
5294020160209 31.5 15.5  0.219999-99.9-99.9-99.9-99.9-9.9 9919.0 62 16.6 -99-99.9-9.9-9.9
5294020160210 33.3 18.4  0.009999-99.9-99.9-99.9-99.9-9.9 9921.3 57 18.4 -99-99.9-9.9-9.9
5294020160211 32.2 18.1  0.009999-99.9-99.9-99.9-99.9-9.9 9921.7 61 18.8 -99-99.9-9.9-9.9
5294020160212 35.6 19.6  0.009999-99.9-99.9-99.9-99.9-9.9 9922.4 56 19.2 -99-99.9-9.9-9.9
5294020160213 29.4 17.9  0.009999-99.9-99.9-99.9-99.9-9.9 9913.4 37 11.0 -99-99.9-9.9-9.9
5294020160214 33.5 10.4 10.819999-99.9-99.9-99.9-99.9-9.9 9912.6 41 10.3 -99-99.9-9.9-9.9
5294020160215 33.2 17.5  0.009999-99.9-99.9-99.9-99.9-9.9 9919.9 68 17.3 -99-99.9-9.9-9.9
5294020160216 36.3 17.1  1.519999-99.9-99.9-99.9-99.9-9.9 9919.1 51 16.6 -99-99.9-9.9-9.9
5294020160217 31.3 14.3  0.009999-99.9-99.9-99.9-99.9-9.9 9911.5 33  8.4 -99-99.9-9.9-9.9
5294020160218 35.7 12.3  0.009999-99.9-99.9-99.9-99.9-9.9 9912.6 41 10.2 -99-99.9-9.9-9.9
5294020160219 27.3 13.0  0.009999-99.9-99.9-99.9-99.9-9.9 99 8.7 36  4.6 -99-99.9-9.9-9.9
5294020160220 31.9 10.2  0.009999-99.9-99.9-99.9-99.9-9.9 9913.8 46 11.5 -99-99.9-9.9-9.9
5294020160221 34.6 15.4  0.009999-99.9-99.9-99.9-99.9-9.9 9918.6 51 16.4 -99-99.9-9.9-9.9
5294020160222 37.3 17.4  5.219999-99.9-99.9-99.9-99.9-9.9 9919.7 53 17.2 -99-99.9-9.9-9.9
5294020160223 31.9 18.2  0.009999-99.9-99.9-99.9-99.9-9.9 9918.7 52 16.1 -99-99.9-9.9-9.9
5294020160224 32.6 15.2  0.009999-99.9-99.9-99.9-99.9-9.9 9914.4 46 12.0 -99-99.9-9.9-9.9
5294020160225 31.8 11.7  0.009999-99.9-99.9-99.9-99.9-9.9 9912.1 44  9.5 -99-99.9-9.9-9.9
5294020160226 28.4 12.0  0.009999-99.9-99.9-99.9-99.9-9.9 99 9.4 35  5.7 -99-99.9-9.9-9.9
5294020160227 29.1  8.5  0.009999-99.9-99.9-99.9-99.9-9.9 99 9.3 38  5.8 -99-99.9-9.9-9.9
5294020160228 31.0 11.0  0.009999-99.9-99.9-99.9-99.9-9.9 9911.0 43  8.2 -99-99.9-9.9-9.9
5294020160229 30.7 12.1  0.009999-99.9-99.9-99.9-99.9-9.9 9913.7 52 11.6 -99-99.9-9.9-9.9
5294020160301 22.7 17.9  0.009999-99.9-99.9-99.9-99.9-9.9 9915.8 66 13.8 -99-99.9-9.9-9.9
5294020160302 28.4 14.1  0.009999-99.9-99.9-99.9-99.9-9.9 9915.1 64 13.1 -99-99.9-9.9-9.9
5294020160303 33.2 11.4  0.009999-99.9-99.9-99.9-99.9-9.9 9914.2 50 12.1 -99-99.9-9.9-9.9
5294020160304 31.8 11.9  7.219999-99.9-99.9-99.9-99.9-9.9 9914.2 56 12.0 -99-99.9-9.9-9.9
5294020160305 27.6 16.9  0.009999-99.9-99.9-99.9-99.9-9.9 9917.1 70 14.8 -99-99.9-9.9-9.9
5294020160306 26.9 10.3 14.519999-99.9-99.9-99.9-99.9-9.9 9915.0 62 12.9 -99-99.9-9.9-9.9
5294020160307 21.6 13.4 30.219999-99.9-99.9-99.9-99.9-9.9 9916.0 86 14.0 -99-99.9-9.9-9.9
5294020160308 31.3  8.6  0.009999-99.9-99.9-99.9-99.9-9.9 9912.7 57 10.3 -99-99.9-9.9-9.9
5294020160309 27.2 12.2  3.219999-99.9-99.9-99.9-99.9-9.9 9913.2 65 11.1 -99-99.9-9.9-9.9
5294020160310 22.3 11.4  0.009999-99.9-99.9-99.9-99.9-9.9 9914.5 87 12.5 -99-99.9-9.9-9.9
5294020160311 28.5  9.3  0.009999-99.9-99.9-99.9-99.9-9.9 9913.2 63 10.9 -99-99.9-9.9-9.9
5294020160312 27.2 16.3  0.009999-99.9-99.9-99.9-99.9-9.9 9916.2 71 14.2 -99-99.9-9.9-9.9
5294020160313 28.7 11.0  0.009999-99.9-99.9-99.9-99.9-9.9 9915.4 68 13.4 -99-99.9-9.9-9.9
5294020160314 31.0 11.6  0.009999-99.9-99.9-99.9-99.9-9.9 9915.8 64 13.8 -99-99.9-9.9-9.9
5294020160315 33.7 12.6  0.009999-99.9-99.9-99.9-99.9-9.9 9915.3 46 13.3 -99-99.9-9.9-9.9
5294020160316 32.0 14.4  0.009999-99.9-99.9-99.9-99.9-9.9 9917.2 57 15.1 -99-99.9-9.9-9.9
5294020160317 34.5 14.8  0.009999-99.9-99.9-99.9-99.9-9.9 9917.1 51 14.9 -99-99.9-9.9-9.9
5294020160318 24.3 10.3  0.009999-99.9-99.9-99.9-99.9-9.9 99 7.5 45  2.7 -99-99.9-9.9-9.9
5294020160319 24.1  5.4  0.009999-99.9-99.9-99.9-99.9-9.9 99 6.9 37  1.5 -99-99.9-9.9-9.9
5294020160320 25.6  4.1  0.009999-99.9-99.9-99.9-99.9-9.9 99 8.1 52  3.9 -99-99.9-9.9-9.9
5294020160321 28.2  5.1  0.009999-99.9-99.9-99.9-99.9-9.9 9910.0 54  7.0 -99-99.9-9.9-9.9
5294020160322 29.9  7.3  0.009999-99.9-99.9-99.9-99.9-9.9 99 9.3 45  5.9 -99-99.9-9.9-9.9
5294020160323 31.5  7.1  0.009999-99.9-99.9-99.9-99.9-9.9 99 9.6 46  6.3 -99-99.9-9.9-9.9
5294020160324 23.3 13.5  0.009999-99.9-99.9-99.9-99.9-9.9 99 7.2 37  2.1 -99-99.9-9.9-9.9
5294020160325 18.0 11.2  0.009999-99.9-99.9-99.9-99.9-9.9 9912.1 86  9.6 -99-99.9-9.9-9.9
5294020160326 20.7 12.3  0.009999-99.9-99.9-99.9-99.9-9.9 9913.9 80 11.9 -99-99.9-9.9-9.9
5294020160327 27.8  6.4  0.009999-99.9-99.9-99.9-99.9-9.9 9911.9 62  9.5 -99-99.9-9.9-9.9
5294020160328 27.8  9.2  0.009999-99.9-99.9-99.9-99.9-9.9 9912.5 63 10.2 -99-99.9-9.9-9.9
5294020160329 30.6 10.2  0.009999-99.9-99.9-99.9-99.9-9.9 9913.0 55 10.9 -99-99.9-9.9-9.9
5294020160330 31.2  9.9  0.009999-99.9-99.9-99.9-99.9-9.9 9914.0 57 12.0 -99-99.9-9.9-9.9
5294020160331 23.6 12.0  0.009999-99.9-99.9-99.9-99.9-9.9 9911.4 49  8.7 -99-99.9-9.9-9.9
5294020160401 23.8  9.4  0.009999-99.9-99.9-99.9-99.9-9.9 9911.5 55  8.8 -99-99.9-9.9-9.9
5294020160402 21.4 12.7  0.009999-99.9-99.9-99.9-99.9-9.9 9914.4 74 12.4 -99-99.9-9.9-9.9
5294020160403 23.5 13.9  2.519999-99.9-99.9-99.9-99.9-9.9 9915.9 81 13.9 -99-99.9-9.9-9.9
5294020160404 17.3 11.4  0.009999-99.9-99.9-99.9-99.9-9.9 9913.6 82 11.5 -99-99.9-9.9-9.9
5294020160405 24.6  8.2  0.009999-99.9-99.9-99.9-99.9-9.9 99 9.3 56  5.2 -99-99.9-9.9-9.9
5294020160406 26.2  3.5  0.009999-99.9-99.9-99.9-99.9-9.9 99 9.2 59  5.7 -99-99.9-9.9-9.9
5294020160407 28.8  7.7 32.219999-99.9-99.9-99.9-99.9-9.9 9911.5 59  8.8 -99-99.9-9.9-9.9
5294020160408 20.8 12.0 16.519999-99.9-99.9-99.9-99.9-9.9 9914.0 84 12.0 -99-99.9-9.9-9.9
5294020160409 13.6 10.7  7.219999-99.9-99.9-99.9-99.9-9.9 9913.4 98 11.3 -99-99.9-9.9-9.9
5294020160410 16.6  9.4  0.519999-99.9-99.9-99.9-99.9-9.9 9911.8 86  9.4 -99-99.9-9.9-9.9
5294020160411 12.0  7.7  0.009999-99.9-99.9-99.9-99.9-9.9 9910.6 91  7.8 -99-99.9-9.9-9.9
5294020160412 13.5  7.7  0.009999-99.9-99.9-99.9-99.9-9.9 9910.8 92  8.1 -99-99.9-9.9-9.9
5294020160413 22.3  1.9  0.009999-99.9-99.9-99.9-99.9-9.9 9910.8 90  7.8 -99-99.9-9.9-9.9
5294020160414 22.8  5.9  0.219999-99.9-99.9-99.9-99.9-9.9 9913.4 79 11.1 -99-99.9-9.9-9.9
5294020160415 24.5 13.0  0.009999-99.9-99.9-99.9-99.9-9.9 9913.7 69 11.5 -99-99.9-9.9-9.9
5294020160416 19.8 11.8  0.009999-99.9-99.9-99.9-99.9-9.9 9911.8 75  9.4 -99-99.9-9.9-9.9
5294020160417 15.0  9.9  0.219999-99.9-99.9-99.9-99.9-9.9 9911.4 85  8.9 -99-99.9-9.9-9.9
5294020160418 18.1  8.9  0.009999-99.9-99.9-99.9-99.9-9.9 9911.1 82  8.5 -99-99.9-9.9-9.9
5294020160419 21.7  0.7  0.009999-99.9-99.9-99.9-99.9-9.9 99 8.2 71  4.1 -99-99.9-9.9-9.9
5294020160420 25.7  3.0  0.009999-99.9-99.9-99.9-99.9-9.9 99 9.3 65  5.8 -99-99.9-9.9-9.9
5294020160421 21.8  6.2  0.009999-99.9-99.9-99.9-99.9-9.9 99 8.9 56  5.3 -99-99.9-9.9-9.9
5294020160422 23.5  4.0  0.009999-99.9-99.9-99.9-99.9-9.9 99 9.7 63  6.3 -99-99.9-9.9-9.9
5294020160423 21.0  6.6  0.219999-99.9-99.9-99.9-99.9-9.9 9910.9 67  8.1 -99-99.9-9.9-9.9
5294020160424 11.7  2.6 17.219999-99.9-99.9-99.9-99.9-9.9 99 8.8 99  5.0 -99-99.9-9.9-9.9
5294020160425 10.0  0.4  0.219999-99.9-99.9-99.9-99.9-9.9 99 6.7 81  1.2 -99-99.9-9.9-9.9
5294020160426 14.1 -3.7  1.519999-99.9-99.9-99.9-99.9-9.9 99 5.4 67 -1.9 -99-99.9-9.9-9.9
5294020160427 12.7 -3.0  0.009999-99.9-99.9-99.9-99.9-9.9 99 6.3 81  0.3 -99-99.9-9.9-9.9
5294020160428 12.9  0.1  0.009999-99.9-99.9-99.9-99.9-9.9 99 7.7 79  3.2 -99-99.9-9.9-9.9
5294020160429 15.2  5.5  0.009999-99.9-99.9-99.9-99.9-9.9 99 8.3 71  4.3 -99-99.9-9.9-9.9
5294020160430 15.2  4.8  0.009999-99.9-99.9-99.9-99.9-9.9 99 8.3 78  4.3 -99-99.9-9.9-9.9
5294020160501 22.7  0.8  0.009999-99.9-99.9-99.9-99.9-9.9 99 8.8 72  4.9 -99-99.9-9.9-9.9
5294020160502 15.6  7.4  2.819999-99.9-99.9-99.9-99.9-9.9 9910.9 86  8.3 -99-99.9-9.9-9.9
5294020160503 16.3  7.4  0.009999-99.9-99.9-99.9-99.9-9.9 9911.2 92  8.6 -99-99.9-9.9-9.9
5294020160504 22.8  3.6  0.009999-99.9-99.9-99.9-99.9-9.9 9910.8 74  7.9 -99-99.9-9.9-9.9
5294020160505 14.3 10.9  0.219999-99.9-99.9-99.9-99.9-9.9 9912.6 92 10.4 -99-99.9-9.9-9.9
5294020160506 15.0  9.6  1.019999-99.9-99.9-99.9-99.9-9.9 9912.6 92 10.4 -99-99.9-9.9-9.9
5294020160507 11.8  9.0  0.009999-99.9-99.9-99.9-99.9-9.9 9912.3 98 10.0 -99-99.9-9.9-9.9
5294020160508 16.7  9.0  0.009999-99.9-99.9-99.9-99.9-9.9 9911.7 84  9.3 -99-99.9-9.9-9.9
5294020160509 20.5  8.1  0.009999-99.9-99.9-99.9-99.9-9.9 9912.1 77  9.7 -99-99.9-9.9-9.9
5294020160510 14.5 11.0  1.019999-99.9-99.9-99.9-99.9-9.9 9913.6 94 11.5 -99-99.9-9.9-9.9
5294020160511 14.1 10.8  0.219999-99.9-99.9-99.9-99.9-9.9 9913.3 98 11.2 -99-99.9-9.9-9.9
5294020160512 18.7  6.6  0.009999-99.9-99.9-99.9-99.9-9.9 9911.8 85  9.3 -99-99.9-9.9-9.9
5294020160513 16.0 10.1  0.009999-99.9-99.9-99.9-99.9-9.9 9912.9 89 10.7 -99-99.9-9.9-9.9
5294020160514 17.8 10.5  0.009999-99.9-99.9-99.9-99.9-9.9 9912.3 83 10.0 -99-99.9-9.9-9.9
5294020160515 15.1  7.0 16.519999-99.9-99.9-99.9-99.9-9.9 9911.4 89  8.8 -99-99.9-9.9-9.9
5294020160516  9.4  6.4  5.019999-99.9-99.9-99.9-99.9-9.9 9910.4100  7.5 -99-99.9-9.9-9.9
5294020160517 14.1  6.4  0.009999-99.9-99.9-99.9-99.9-9.9 99 9.9 85  6.8 -99-99.9-9.9-9.9
5294020160518  9.4  5.9  0.009999-99.9-99.9-99.9-99.9-9.9 99 9.9100  6.8 -99-99.9-9.9-9.9
5294020160519 17.6  3.8  0.009999-99.9-99.9-99.9-99.9-9.9 99 9.8 78  6.6 -99-99.9-9.9-9.9
5294020160520  9.8  5.4  4.019999-99.9-99.9-99.9-99.9-9.9 99 9.7100  6.5 -99-99.9-9.9-9.9
5294020160521  7.8  4.1  2.019999-99.9-99.9-99.9-99.9-9.9 99 8.7 99  4.9 -99-99.9-9.9-9.9
5294020160522 15.4 -2.0  0.219999-99.9-99.9-99.9-99.9-9.9 99 7.6 83  3.0 -99-99.9-9.9-9.9
5294020160523 16.9  1.9  0.009999-99.9-99.9-99.9-99.9-9.9 99 8.8 83  5.0 -99-99.9-9.9-9.9
5294020160524 19.1  1.2  0.009999-99.9-99.9-99.9-99.9-9.9 99 8.5 81  4.5 -99-99.9-9.9-9.9
5294020160525 20.4  1.0  0.009999-99.9-99.9-99.9-99.9-9.9 99 9.1 77  5.5 -99-99.9-9.9-9.9
5294020160526  8.6  6.2  2.519999-99.9-99.9-99.9-99.9-9.9 99 9.6 94  6.4 -99-99.9-9.9-9.9
5294020160527  8.6  6.0  0.819999-99.9-99.9-99.9-99.9-9.9 99 9.7 98  6.6 -99-99.9-9.9-9.9
5294020160528 11.1  5.7  0.009999-99.9-99.9-99.9-99.9-9.9 99 9.7 86  6.5 -99-99.9-9.9-9.9
5294020160529 13.3  5.2  0.519999-99.9-99.9-99.9-99.9-9.9 99 9.6 89  6.4 -99-99.9-9.9-9.9
5294020160530 17.9  1.7 23.019999-99.9-99.9-99.9-99.9-9.9 99 9.4 82  6.0 -99-99.9-9.9-9.9
5294020160531  9.6  5.7  1.519999-99.9-99.9-99.9-99.9-9.9 99 9.6 96  6.3 -99-99.9-9.9-9.9
5294020160601  8.9  3.2  0.219999-99.9-99.9-99.9-99.9-9.9 99 8.6 98  4.8 -99-99.9-9.9-9.9
5294020160602  5.5 -0.5  3.519999-99.9-99.9-99.9-99.9-9.9 99 7.5 99  2.8 -99-99.9-9.9-9.9
5294020160603  4.1  2.0 13.519999-99.9-99.9-99.9-99.9-9.9 99 7.5100  2.9 -99-99.9-9.9-9.9
5294020160604  9.4  0.5  1.019999-99.9-99.9-99.9-99.9-9.9 99 7.6 90  2.9 -99-99.9-9.9-9.9
5294020160605 10.7 -0.1  0.009999-99.9-99.9-99.9-99.9-9.9 99 7.1 86  1.9 -99-99.9-9.9-9.9
5294020160606 15.2 -3.8  0.009999-99.9-99.9-99.9-99.9-9.9 99 4.9 69 -3.1 -99-99.9-9.9-9.9
5294020160607 17.7 -3.1  0.009999-99.9-99.9-99.9-99.9-9.9 99 4.4 59 -4.5 -99-99.9-9.9-9.9
5294020160608 15.7 -2.5  0.009999-99.9-99.9-99.9-99.9-9.9 99 5.1 69 -2.5 -99-99.9-9.9-9.9
5294020160609 13.4 -2.5  0.009999-99.9-99.9-99.9-99.9-9.9 99 5.5 64 -1.7 -99-99.9-9.9-9.9
5294020160610  4.9 -0.5  0.219999-99.9-99.9-99.9-99.9-9.9 99 6.4 93  0.6 -99-99.9-9.9-9.9
5294020160611 13.2 -6.2  0.009999-99.9-99.9-99.9-99.9-9.9 99 5.4 83 -2.0 -99-99.9-9.9-9.9
5294020160612 12.1 -4.7  0.009999-99.9-99.9-99.9-99.9-9.9 99 6.1 86 -0.2 -99-99.9-9.9-9.9
5294020160613 21.3 -2.3  0.009999-99.9-99.9-99.9-99.9-9.9 99 6.5 69  0.8 -99-99.9-9.9-9.9
5294020160614 18.0  0.1  0.009999-99.9-99.9-99.9-99.9-9.9 99 7.3 73  2.3 -99-99.9-9.9-9.9
5294020160615 15.4 -1.2  0.009999-99.9-99.9-99.9-99.9-9.9 99 7.7 75  3.0 -99-99.9-9.9-9.9
5294020160616 17.6 -0.6  0.009999-99.9-99.9-99.9-99.9-9.9 99 7.2 78  2.1 -99-99.9-9.9-9.9
5294020160617 16.9 -1.6  0.009999-99.9-99.9-99.9-99.9-9.9 99 7.0 77  1.7 -99-99.9-9.9-9.9
5294020160618 17.9 -1.1  0.009999-99.9-99.9-99.9-99.9-9.9 99 7.3 71  2.4 -99-99.9-9.9-9.9
5294020160619 11.2  5.7  0.009999-99.9-99.9-99.9-99.9-9.9 99 8.2 78  4.2 -99-99.9-9.9-9.9
5294020160620 16.1  1.1  0.009999-99.9-99.9-99.9-99.9-9.9 99 7.4 82  2.7 -99-99.9-9.9-9.9
5294020160621 15.8 -3.0  0.009999-99.9-99.9-99.9-99.9-9.9 99 6.7 83  1.0 -99-99.9-9.9-9.9
5294020160622 17.6 -2.2  0.009999-99.9-99.9-99.9-99.9-9.9 99 6.5 78  0.8 -99-99.9-9.9-9.9
5294020160623 15.7 -0.7  0.009999-99.9-99.9-99.9-99.9-9.9 99 6.6 64  1.0 -99-99.9-9.9-9.9
5294020160624  9.8  2.9  0.009999-99.9-99.9-99.9-99.9-9.9 99 7.6 82  3.1 -99-99.9-9.9-9.9
5294020160625 10.6  1.2  0.009999-99.9-99.9-99.9-99.9-9.9 99 6.3 76  0.3 -99-99.9-9.9-9.9
5294020160626 11.8 -2.4  0.519999-99.9-99.9-99.9-99.9-9.9 99 6.2 73  0.2 -99-99.9-9.9-9.9
5294020160627 13.3  2.4  0.519999-99.9-99.9-99.9-99.9-9.9 99 7.5 82  2.8 -99-99.9-9.9-9.9
5294020160628 16.2 -2.4  0.009999-99.9-99.9-99.9-99.9-9.9 99 6.9 83  1.5 -99-99.9-9.9-9.9
5294020160629 19.7 -0.6  0.009999-99.9-99.9-99.9-99.9-9.9 99 7.1 65  1.7 -99-99.9-9.9-9.9
5294020160630 15.4 -3.0  0.009999-99.9-99.9-99.9-99.9-9.9 99 5.6 70 -1.2 -99-99.9-9.9-9.9
5294020160701 13.5  0.2  3.819999-99.9-99.9-99.9-99.9-9.9 99 6.8 77  1.4 -99-99.9-9.9-9.9
5294020160702  7.6  4.1  0.519999-99.9-99.9-99.9-99.9-9.9 99 9.0100  5.5 -99-99.9-9.9-9.9
5294020160703  7.0  4.2  0.009999-99.9-99.9-99.9-99.9-9.9 99 8.5 95  4.6 -99-99.9-9.9-9.9
5294020160704 16.6 -2.0  0.009999-99.9-99.9-99.9-99.9-9.9 99 6.9 83  1.6 -99-99.9-9.9-9.9
5294020160705 19.6 -3.6  0.009999-99.9-99.9-99.9-99.9-9.9 99 4.5 52 -4.4 -99-99.9-9.9-9.9
5294020160706 19.8 -1.3  0.009999-99.9-99.9-99.9-99.9-9.9 99 4.5 53 -4.3 -99-99.9-9.9-9.9
5294020160707 20.3 -2.5  0.009999-99.9-99.9-99.9-99.9-9.9 99 4.9 62 -2.9 -99-99.9-9.9-9.9
5294020160708 21.3 -1.6  0.009999-99.9-99.9-99.9-99.9-9.9 99 5.2 56 -2.3 -99-99.9-9.9-9.9
5294020160709 20.5  0.3  0.009999-99.9-99.9-99.9-99.9-9.9 99 5.3 53 -2.0 -99-99.9-9.9-9.9
5294020160710 20.6 -0.6  0.009999-99.9-99.9-99.9-99.9-9.9 99 5.7 59 -1.1 -99-99.9-9.9-9.9
5294020160711 17.5  2.0  0.009999-99.9-99.9-99.9-99.9-9.9 99 6.5 58  0.7 -99-99.9-9.9-9.9
5294020160712 16.0 -2.9  0.009999-99.9-99.9-99.9-99.9-9.9 99 5.8 67 -0.9 -99-99.9-9.9-9.9
5294020160713 12.1  2.4  0.009999-99.9-99.9-99.9-99.9-9.9 99 6.7 74  1.3 -99-99.9-9.9-9.9
5294020160714 16.8 -2.1  0.009999-99.9-99.9-99.9-99.9-9.9 99 5.9 70 -0.5 -99-99.9-9.9-9.9
5294020160715 14.7 -3.8  0.009999-99.9-99.9-99.9-99.9-9.9 99 4.2 53 -5.2 -99-99.9-9.9-9.9
5294020160716  7.5 -3.6  0.009999-99.9-99.9-99.9-99.9-9.9 99 5.6 87 -1.4 -99-99.9-9.9-9.9
5294020160717  8.5 -5.2  0.009999-99.9-99.9-99.9-99.9-9.9 99 5.4 82 -1.7 -99-99.9-9.9-9.9
5294020160718 17.2 -4.4  0.009999-99.9-99.9-99.9-99.9-9.9 99 5.3 69 -2.0 -99-99.9-9.9-9.9
5294020160719 13.4 -3.2  0.009999-99.9-99.9-99.9-99.9-9.9 99 6.4 76  0.6 -99-99.9-9.9-9.9
5294020160720 18.2 -2.5  0.009999-99.9-99.9-99.9-99.9-9.9 99 6.4 73  0.5 -99-99.9-9.9-9.9
5294020160721 20.7 -3.2  0.009999-99.9-99.9-99.9-99.9-9.9 99 6.3 66  0.2 -99-99.9-9.9-9.9
5294020160722 16.0 -2.1  0.009999-99.9-99.9-99.9-99.9-9.9 99 7.1 73  1.9 -99-99.9-9.9-9.9
5294020160723 18.2  1.0  0.009999-99.9-99.9-99.9-99.9-9.9 99 6.8 56  1.5 -99-99.9-9.9-9.9
5294020160724 12.3  3.1  0.009999-99.9-99.9-99.9-99.9-9.9 99 7.5 72  2.9 -99-99.9-9.9-9.9
5294020160725 20.1 -0.6  0.519999-99.9-99.9-99.9-99.9-9.9 99 7.4 74  2.7 -99-99.9-9.9-9.9
5294020160726  8.2  1.6  0.009999-99.9-99.9-99.9-99.9-9.9 99 8.0 93  3.8 -99-99.9-9.9-9.9
5294020160727 12.6  0.6  0.009999-99.9-99.9-99.9-99.9-9.9 99 7.0 82  1.9 -99-99.9-9.9-9.9
5294020160728 13.7 -3.1  0.009999-99.9-99.9-99.9-99.9-9.9 99 6.2 80  0.1 -99-99.9-9.9-9.9
5294020160729 19.5 -2.1  0.009999-99.9-99.9-99.9-99.9-9.9 99 6.8 73  1.3 -99-99.9-9.9-9.9
5294020160730 19.8 -2.0  0.009999-99.9-99.9-99.9-99.9-9.9 99 7.0 71  1.7 -99-99.9-9.9-9.9
5294020160731 15.0  4.2  0.219999-99.9-99.9-99.9-99.9-9.9 99 9.0 80  5.5 -99-99.9-9.9-9.9
5294020160801 17.8  1.8  0.009999-99.9-99.9-99.9-99.9-9.9 99 8.2 72  4.1 -99-99.9-9.9-9.9
5294020160802 18.6 -1.2  0.009999-99.9-99.9-99.9-99.9-9.9 99 7.2 73  2.1 -99-99.9-9.9-9.9
5294020160803 19.9 -0.9  0.009999-99.9-99.9-99.9-99.9-9.9 99 7.4 75  2.5 -99-99.9-9.9-9.9
5294020160804 21.8  1.8  0.009999-99.9-99.9-99.9-99.9-9.9 99 7.9 66  3.4 -99-99.9-9.9-9.9
5294020160805 17.4  2.8  0.009999-99.9-99.9-99.9-99.9-9.9 99 9.1 79  5.5 -99-99.9-9.9-9.9
5294020160806 22.7  1.4  0.009999-99.9-99.9-99.9-99.9-9.9 99 7.6 62  2.8 -99-99.9-9.9-9.9
5294020160807 20.4  3.5  0.009999-99.9-99.9-99.9-99.9-9.9 99 7.7 69  3.3 -99-99.9-9.9-9.9
5294020160808 20.2  1.6  0.009999-99.9-99.9-99.9-99.9-9.9 99 6.0 47 -0.3 -99-99.9-9.9-9.9
5294020160809 21.5 -2.2  0.009999-99.9-99.9-99.9-99.9-9.9 99 5.9 59 -0.6 -99-99.9-9.9-9.9
5294020160810 21.9  0.1  0.009999-99.9-99.9-99.9-99.9-9.9 99 6.8 59  1.4 -99-99.9-9.9-9.9
5294020160811 26.7  1.1  0.009999-99.9-99.9-99.9-99.9-9.9 99 7.1 50  2.0 -99-99.9-9.9-9.9
5294020160812 19.3  2.6  0.009999-99.9-99.9-99.9-99.9-9.9 99 7.7 65  3.0 -99-99.9-9.9-9.9
5294020160813 27.1  7.7  0.009999-99.9-99.9-99.9-99.9-9.9 99 7.4 39  2.6 -99-99.9-9.9-9.9
5294020160814 29.2  2.6  0.009999-99.9-99.9-99.9-99.9-9.9 99 6.0 37 -1.0 -99-99.9-9.9-9.9
5294020160815 27.1 11.1  0.009999-99.9-99.9-99.9-99.9-9.9 99 4.4 20 -4.7 -99-99.9-9.9-9.9
5294020160816 25.6  7.2  0.009999-99.9-99.9-99.9-99.9-9.9 99 4.0 18 -6.7 -99-99.9-9.9-9.9
5294020160817 19.0 -0.2  0.009999-99.9-99.9-99.9-99.9-9.9 99 4.8 46 -3.3 -99-99.9-9.9-9.9
5294020160818 20.7 -2.7  0.009999-99.9-99.9-99.9-99.9-9.9 99 3.2 29 -8.6 -99-99.9-9.9-9.9
5294020160819 17.3 -2.7  0.009999-99.9-99.9-99.9-99.9-9.9 99 3.7 38 -6.9 -99-99.9-9.9-9.9
5294020160820  8.1 -2.5  0.009999-99.9-99.9-99.9-99.9-9.9 99 5.3 71 -2.3 -99-99.9-9.9-9.9
5294020160821 18.3 -3.3  0.009999-99.9-99.9-99.9-99.9-9.9 99 6.2 71  0.3 -99-99.9-9.9-9.9
5294020160822 23.6 -2.0  0.009999-99.9-99.9-99.9-99.9-9.9 99 4.9 47 -3.0 -99-99.9-9.9-9.9
5294020160823 25.5 -1.5  0.009999-99.9-99.9-99.9-99.9-9.9 99 5.1 42 -2.6 -99-99.9-9.9-9.9
5294020160824 28.3  1.2  0.009999-99.9-99.9-99.9-99.9-9.9 99 5.4 39 -1.9 -99-99.9-9.9-9.9
5294020160825 29.2  2.2  0.009999-99.9-99.9-99.9-99.9-9.9 99 6.1 39 -0.1 -99-99.9-9.9-9.9
5294020160826 18.5  7.8  0.009999-99.9-99.9-99.9-99.9-9.9 99 6.5 43  0.8 -99-99.9-9.9-9.9
5294020160827 17.2  3.0  0.009999-99.9-99.9-99.9-99.9-9.9 99 4.7 39 -3.7 -99-99.9-9.9-9.9
5294020160828 18.2  0.0  0.009999-99.9-99.9-99.9-99.9-9.9 99 4.5 47 -4.3 -99-99.9-9.9-9.9
5294020160829 21.2 -3.0  0.009999-99.9-99.9-99.9-99.9-9.9 99 4.8 47 -3.3 -99-99.9-9.9-9.9
5294020160830 27.7  0.4  0.009999-99.9-99.9-99.9-99.9-9.9 99 4.9 27 -2.9 -99-99.9-9.9-9.9
5294020160831 21.8  2.8  0.009999-99.9-99.9-99.9-99.9-9.9 99 5.8 59 -0.9 -99-99.9-9.9-9.9
5294020160901 13.1  1.6  0.009999-99.9-99.9-99.9-99.9-9.9 99 5.9 63 -0.6 -99-99.9-9.9-9.9
5294020160902  9.9  2.6  0.009999-99.9-99.9-99.9-99.9-9.9 99 4.9 57 -3.1 -99-99.9-9.9-9.9
5294020160903  8.8  0.0  0.009999-99.9-99.9-99.9-99.9-9.9 99 4.9 60 -3.1 -99-99.9-9.9-9.9
5294020160904  5.3 -0.4  0.009999-99.9-99.9-99.9-99.9-9.9 99 6.0 83 -0.3 -99-99.9-9.9-9.9
5294020160905 11.8 -1.1  0.219999-99.9-99.9-99.9-99.9-9.9 99 5.3 71 -2.1 -99-99.9-9.9-9.9
5294020160906 17.3 -6.6  0.009999-99.9-99.9-99.9-99.9-9.9 99 4.3 54 -4.7 -99-99.9-9.9-9.9
5294020160907 23.1 -3.5  0.009999-99.9-99.9-99.9-99.9-9.9 99 4.8 42 -3.5 -99-99.9-9.9-9.9
5294020160908 28.6  1.5  0.009999-99.9-99.9-99.9-99.9-9.9 99 4.7 31 -3.7 -99-99.9-9.9-9.9
5294020160909 29.3  5.5  0.009999-99.9-99.9-99.9-99.9-9.9 99 5.2 28 -2.4 -99-99.9-9.9-9.9
5294020160910 28.7  3.5  0.009999-99.9-99.9-99.9-99.9-9.9 99 6.2 35  0.1 -99-99.9-9.9-9.9
5294020160911 28.1  4.8  0.009999-99.9-99.9-99.9-99.9-9.9 99 7.7 40  3.3 -99-99.9-9.9-9.9
5294020160912 24.9  1.8  0.009999-99.9-99.9-99.9-99.9-9.9 99 5.1 30 -3.5 -99-99.9-9.9-9.9
5294020160913 21.2 -0.7  0.009999-99.9-99.9-99.9-99.9-9.9 99 4.1 34 -5.5 -99-99.9-9.9-9.9
5294020160914 19.8 -2.0  0.009999-99.9-99.9-99.9-99.9-9.9 99 5.4 49 -1.7 -99-99.9-9.9-9.9
5294020160915 24.2  2.3  0.009999-99.9-99.9-99.9-99.9-9.9 99 5.8 37 -0.8 -99-99.9-9.9-9.9
5294020160916 24.4  6.5  0.009999-99.9-99.9-99.9-99.9-9.9 99 6.4 36  0.4 -99-99.9-9.9-9.9
5294020160917 24.0  6.2  0.009999-99.9-99.9-99.9-99.9-9.9 99 6.4 33  0.5 -99-99.9-9.9-9.9
5294020160918 21.1  7.7  0.009999-99.9-99.9-99.9-99.9-9.9 99 7.2 50  2.3 -99-99.9-9.9-9.9
5294020160919 23.0  0.2  0.009999-99.9-99.9-99.9-99.9-9.9 99 7.5 52  2.8 -99-99.9-9.9-9.9
5294020160920 28.4  4.3  0.009999-99.9-99.9-99.9-99.9-9.9 99 8.0 45  3.8 -99-99.9-9.9-9.9
5294020160921 30.5  5.2  0.009999-99.9-99.9-99.9-99.9-9.9 99 7.3 32  2.2 -99-99.9-9.9-9.9
5294020160922 21.0 10.1  0.009999-99.9-99.9-99.9-99.9-9.9 99 5.6 26 -1.9 -99-99.9-9.9-9.9
5294020160923 18.6  5.6  0.009999-99.9-99.9-99.9-99.9-9.9 99 3.4 27 -7.9 -99-99.9-9.9-9.9
5294020160924 23.3 -2.6  0.009999-99.9-99.9-99.9-99.9-9.9 99 3.9 30 -6.1 -99-99.9-9.9-9.9
5294020160925 25.4  1.8  0.009999-99.9-99.9-99.9-99.9-9.9 99 4.8 30 -3.2 -99-99.9-9.9-9.9
5294020160926 29.1  3.0  0.009999-99.9-99.9-99.9-99.9-9.9 99 6.3 34  0.3 -99-99.9-9.9-9.9
5294020160927 30.1  6.9  0.009999-99.9-99.9-99.9-99.9-9.9 99 7.2 31  2.2 -99-99.9-9.9-9.9
5294020160928 24.6  6.0  0.009999-99.9-99.9-99.9-99.9-9.9 99 8.2 43  3.9 -99-99.9-9.9-9.9
5294020160929 16.2  8.6  0.009999-99.9-99.9-99.9-99.9-9.9 9910.6 76  7.9 -99-99.9-9.9-9.9
5294020160930 20.5  6.6  0.009999-99.9-99.9-99.9-99.9-9.9 99 8.9 60  5.3 -99-99.9-9.9-9.9
5294020161001 20.2  4.9  0.009999-99.9-99.9-99.9-99.9-9.9 99 9.0 68  5.5 -99-99.9-9.9-9.9
5294020161002 26.9  5.3  0.009999-99.9-99.9-99.9-99.9-9.9 99 9.2 44  5.8 -99-99.9-9.9-9.9
5294020161003 29.0  6.6  0.009999-99.9-99.9-99.9-99.9-9.9 9910.1 48  7.1 -99-99.9-9.9-9.9
5294020161004 17.9 11.4  1.219999-99.9-99.9-99.9-99.9-9.9 9910.1 66  7.0 -99-99.9-9.9-9.9
5294020161005 14.5  8.6  0.009999-99.9-99.9-99.9-99.9-9.9 9910.7 82  7.9 -99-99.9-9.9-9.9
5294020161006 25.5  1.6  0.009999-99.9-99.9-99.9-99.9-9.9 99 8.6 60  4.7 -99-99.9-9.9-9.9
5294020161007 20.1  5.2  0.009999-99.9-99.9-99.9-99.9-9.9 99 7.4 43  2.5 -99-99.9-9.9-9.9
5294020161008 23.8  0.1  0.009999-99.9-99.9-99.9-99.9-9.9 99 6.6 41  1.0 -99-99.9-9.9-9.9
5294020161009 24.7  4.9  0.009999-99.9-99.9-99.9-99.9-9.9 99 6.8 35  1.4 -99-99.9-9.9-9.9
5294020161010 27.8  5.8  0.009999-99.9-99.9-99.9-99.9-9.9 99 8.0 39  3.7 -99-99.9-9.9-9.9
5294020161011 30.8  8.4  0.009999-99.9-99.9-99.9-99.9-9.9 99 7.0 21  0.9 -99-99.9-9.9-9.9
5294020161012 28.1  5.7  0.009999-99.9-99.9-99.9-99.9-9.9 99 7.5 30  2.0 -99-99.9-9.9-9.9
5294020161013 20.7  9.6  0.009999-99.9-99.9-99.9-99.9-9.9 99 7.6 52  2.8 -99-99.9-9.9-9.9
5294020161014 26.4  4.4  0.009999-99.9-99.9-99.9-99.9-9.9 99 9.1 47  5.4 -99-99.9-9.9-9.9
5294020161015 21.4  9.8 28.019999-99.9-99.9-99.9-99.9-9.9 9913.5 89 11.4 -99-99.9-9.9-9.9
5294020161016 23.8  7.7  4.519999-99.9-99.9-99.9-99.9-9.9 99 9.5 62  5.7 -99-99.9-9.9-9.9
5294020161017 13.9  7.3 27.819999-99.9-99.9-99.9-99.9-9.9 9910.3 88  7.3 -99-99.9-9.9-9.9
5294020161018 15.1  7.4  0.009999-99.9-99.9-99.9-99.9-9.9 99 9.7 73  6.6 -99-99.9-9.9-9.9
5294020161019 15.9  6.9  0.219999-99.9-99.9-99.9-99.9-9.9 99 7.6 59  3.0 -99-99.9-9.9-9.9
5294020161020 17.3  0.9  0.009999-99.9-99.9-99.9-99.9-9.9 99 8.1 58  3.8 -99-99.9-9.9-9.9
5294020161021 21.8 -0.6  0.009999-99.9-99.9-99.9-99.9-9.9 99 7.8 53  3.2 -99-99.9-9.9-9.9
5294020161022 26.7  4.2  0.009999-99.9-99.9-99.9-99.9-9.9 99 9.8 47  6.6 -99-99.9-9.9-9.9
5294020161023 19.8 10.3 15.019999-99.9-99.9-99.9-99.9-9.9 9913.3 83 11.2 -99-99.9-9.9-9.9
5294020161024 14.6  7.2  5.219999-99.9-99.9-99.9-99.9-9.9 9910.5 90  7.6 -99-99.9-9.9-9.9
5294020161025 19.4  2.4  0.219999-99.9-99.9-99.9-99.9-9.9 99 9.4 73  6.0 -99-99.9-9.9-9.9
5294020161026 27.3  2.3  0.009999-99.9-99.9-99.9-99.9-9.9 99 9.2 47  5.7 -99-99.9-9.9-9.9
5294020161027 20.2 10.2  0.009999-99.9-99.9-99.9-99.9-9.9 99 9.6 61  6.4 -99-99.9-9.9-9.9
5294020161028 27.8  3.1  0.009999-99.9-99.9-99.9-99.9-9.9 99 9.2 44  5.7 -99-99.9-9.9-9.9
5294020161029 30.7  6.9  0.009999-99.9-99.9-99.9-99.9-9.9 9910.3 32  7.3 -99-99.9-9.9-9.9
5294020161030 23.6 12.1  5.519999-99.9-99.9-99.9-99.9-9.9 9911.5 69  9.0 -99-99.9-9.9-9.9
5294020161031 26.4  4.7  0.009999-99.9-99.9-99.9-99.9-9.9 99 7.2 32  1.3 -99-99.9-9.9-9.9
5294020161101 22.1  4.2  0.009999-99.9-99.9-99.9-99.9-9.9 99 4.3 30 -5.6 -99-99.9-9.9-9.9
5294020161102 21.4 -0.8  0.009999-99.9-99.9-99.9-99.9-9.9 99 4.9 29 -3.0 -99-99.9-9.9-9.9
5294020161103 31.5  3.5  0.009999-99.9-99.9-99.9-99.9-9.9 99 6.2 29 -0.0 -99-99.9-9.9-9.9
5294020161104 32.5  8.6  0.009999-99.9-99.9-99.9-99.9-9.9 99 7.5 34  2.7 -99-99.9-9.9-9.9
5294020161105 35.0 10.0  0.009999-99.9-99.9-99.9-99.9-9.9 99 7.6 26  2.8 -99-99.9-9.9-9.9
5294020161106 30.5 15.3  0.009999-99.9-99.9-99.9-99.9-9.9 99 7.9 25  3.5 -99-99.9-9.9-9.9
5294020161107 29.0  9.2  0.009999-99.9-99.9-99.9-99.9-9.9 99 9.7 36  6.5 -99-99.9-9.9-9.9
5294020161108 30.6  9.1  0.009999-99.9-99.9-99.9-99.9-9.9 9911.4 45  8.9 -99-99.9-9.9-9.9
5294020161109 26.2  6.3  0.009999-99.9-99.9-99.9-99.9-9.9 99 7.4 32  2.5 -99-99.9-9.9-9.9
5294020161110 30.3  6.6  0.009999-99.9-99.9-99.9-99.9-9.9 99 6.6 23  0.9 -99-99.9-9.9-9.9
5294020161111 28.1  5.9  0.009999-99.9-99.9-99.9-99.9-9.9 99 6.6 30  1.1 -99-99.9-9.9-9.9
5294020161112 30.0  7.1  0.009999-99.9-99.9-99.9-99.9-9.9 99 7.8 31  3.2 -99-99.9-9.9-9.9
5294020161113 30.4 11.6  0.009999-99.9-99.9-99.9-99.9-9.9 99 8.0 26  3.3 -99-99.9-9.9-9.9
5294020161114 28.0 12.6  0.009999-99.9-99.9-99.9-99.9-9.9 99 8.9 27  5.0 -99-99.9-9.9-9.9
5294020161115 30.4  9.4  0.009999-99.9-99.9-99.9-99.9-9.9 99 8.7 35  4.9 -99-99.9-9.9-9.9
5294020161116 21.4 11.7  0.009999-99.9-99.9-99.9-99.9-9.9 99 6.3 32  0.3 -99-99.9-9.9-9.9
5294020161117 23.5  0.9  0.009999-99.9-99.9-99.9-99.9-9.9 99 6.3 30  0.3 -99-99.9-9.9-9.9
5294020161118 29.0  3.4  0.009999-99.9-99.9-99.9-99.9-9.9 99 7.6 32  2.9 -99-99.9-9.9-9.9
5294020161119 31.4  7.6  0.009999-99.9-99.9-99.9-99.9-9.9 99 7.7 27  3.0 -99-99.9-9.9-9.9
5294020161120 25.1 11.0 29.019999-99.9-99.9-99.9-99.9-9.9 9910.5 70  7.5 -99-99.9-9.9-9.9
5294020161121 17.7  8.5  0.219999-99.9-99.9-99.9-99.9-9.9 9911.1 76  8.5 -99-99.9-9.9-9.9
5294020161122 24.8  6.1  0.009999-99.9-99.9-99.9-99.9-9.9 9911.8 52  9.3 -99-99.9-9.9-9.9
5294020161123 26.0 11.5  7.219999-99.9-99.9-99.9-99.9-9.9 9913.9 70 11.9 -99-99.9-9.9-9.9
5294020161124 26.4 11.7  9.519999-99.9-99.9-99.9-99.9-9.9 9913.8 72 11.7 -99-99.9-9.9-9.9
5294020161125 28.1 11.6  0.819999-99.9-99.9-99.9-99.9-9.9 9914.3 58 12.3 -99-99.9-9.9-9.9
5294020161126 27.0 13.2 20.819999-99.9-99.9-99.9-99.9-9.9 9912.6 47 10.4 -99-99.9-9.9-9.9
5294020161127 20.4  9.7  2.019999-99.9-99.9-99.9-99.9-9.9 9912.8 86 10.5 -99-99.9-9.9-9.9
5294020161128 25.4  9.6  0.009999-99.9-99.9-99.9-99.9-9.9 9910.5 54  7.5 -99-99.9-9.9-9.9
5294020161129 28.0  6.8  0.009999-99.9-99.9-99.9-99.9-9.9 9911.1 47  8.4 -99-99.9-9.9-9.9
5294020161130 31.6  9.7  0.009999-99.9-99.9-99.9-99.9-9.9 9913.6 48 11.4 -99-99.9-9.9-9.9
5294020161201 32.2 13.4  0.009999-99.9-99.9-99.9-99.9-9.9 9914.1 40 12.0 -99-99.9-9.9-9.9
5294020161202 32.3 11.7  0.009999-99.9-99.9-99.9-99.9-9.9 9912.4 38 10.0 -99-99.9-9.9-9.9
5294020161203 32.7 17.2  0.009999-99.9-99.9-99.9-99.9-9.9 9915.0 40 12.9 -99-99.9-9.9-9.9
5294020161204 35.3 13.3  0.009999-99.9-99.9-99.9-99.9-9.9 99 9.6 22  3.4 -99-99.9-9.9-9.9
5294020161205 27.9 11.7  0.009999-99.9-99.9-99.9-99.9-9.9 99 8.1 34  3.7 -99-99.9-9.9-9.9
5294020161206 27.5  6.9  0.009999-99.9-99.9-99.9-99.9-9.9 99 8.1 36  3.8 -99-99.9-9.9-9.9
5294020161207 30.6  8.6 17.519999-99.9-99.9-99.9-99.9-9.9 99 9.1 43  5.3 -99-99.9-9.9-9.9
5294020161208 20.0 12.0  8.819999-99.9-99.9-99.9-99.9-9.9 9914.4 90 12.4 -99-99.9-9.9-9.9
5294020161209 22.2 12.7  0.219999-99.9-99.9-99.9-99.9-9.9 9915.0 81 13.0 -99-99.9-9.9-9.9
5294020161210 29.7  9.6  0.009999-99.9-99.9-99.9-99.9-9.9 9912.0 46  9.5 -99-99.9-9.9-9.9
5294020161211 28.2 10.4  0.009999-99.9-99.9-99.9-99.9-9.9 9911.2 43  8.5 -99-99.9-9.9-9.9
5294020161212 37.0 11.6  0.009999-99.9-99.9-99.9-99.9-9.9 99 9.0 22  4.0 -99-99.9-9.9-9.9
5294020161213 29.0  4.5  0.009999-99.9-99.9-99.9-99.9-9.9 99 6.7 32  0.9 -99-99.9-9.9-9.9
5294020161214 29.9  5.1  0.009999-99.9-99.9-99.9-99.9-9.9 99 8.0 29  3.7 -99-99.9-9.9-9.9
5294020161215 32.3  8.7  0.009999-99.9-99.9-99.9-99.9-9.9 9911.4 34  8.8 -99-99.9-9.9-9.9
5294020161216 36.9 14.7  0.009999-99.9-99.9-99.9-99.9-9.9 9911.9 31  9.3 -99-99.9-9.9-9.9
5294020161217 34.1 15.8  4.819999-99.9-99.9-99.9-99.9-9.9 9912.0 31  9.6 -99-99.9-9.9-9.9
5294020161218 27.8 11.2  0.009999-99.9-99.9-99.9-99.9-9.9 9911.6 44  9.1 -99-99.9-9.9-9.9
5294020161219 32.2 10.0  0.009999-99.9-99.9-99.9-99.9-9.9 9911.1 34  8.4 -99-99.9-9.9-9.9
5294020161220 36.2 12.3  0.009999-99.9-99.9-99.9-99.9-9.9 99 9.9 26  6.7 -99-99.9-9.9-9.9
5294020161221 31.4 16.0  0.009999-99.9-99.9-99.9-99.9-9.9 99 7.9 26  3.5 -99-99.9-9.9-9.9
5294020161222 28.9 14.9  0.009999-99.9-99.9-99.9-99.9-9.9 99 6.7 23  1.2 -99-99.9-9.9-9.9
5294020161223 32.1  9.3  0.009999-99.9-99.9-99.9-99.9-9.9 99 8.0 28  3.8 -99-99.9-9.9-9.9
5294020161224 35.2 12.5  0.009999-99.9-99.9-99.9-99.9-9.9 9911.0 29  8.2 -99-99.9-9.9-9.9
5294020161225 29.4 17.9  5.019999-99.9-99.9-99.9-99.9-9.9 9912.0 38  9.2 -99-99.9-9.9-9.9
5294020161226 19.0  9.8  5.519999-99.9-99.9-99.9-99.9-9.9 9911.7 84  9.2 -99-99.9-9.9-9.9
5294020161227 27.6  5.9  0.009999-99.9-99.9-99.9-99.9-9.9 99 9.9 39  6.6 -99-99.9-9.9-9.9
5294020161228 33.0  8.4  0.009999-99.9-99.9-99.9-99.9-9.9 9910.1 31  6.9 -99-99.9-9.9-9.9
5294020161229 36.3 11.6  0.009999-99.9-99.9-99.9-99.9-9.9 99 9.9 26  6.5 -99-99.9-9.9-9.9
5294020161230 37.0 17.6  0.009999-99.9-99.9-99.9-99.9-9.9 9910.6 24  7.7 -99-99.9-9.9-9.9
5294020161231 36.3 17.8  0.009999-99.9-99.9-99.9-99.9-9.9 9911.3 25  8.7 -99-99.9-9.9-9.9
5294020170101 30.3 15.2  0.009999-99.9-99.9-99.9-99.9-9.9 99 9.2 30  5.7 -99-99.9-9.9-9.9
5294020170102 34.5 11.7  0.009999-99.9-99.9-99.9-99.9-9.9 99 9.5 26  6.2 -99-99.9-9.9-9.9
5294020170103 33.6 16.5  0.009999-99.9-99.9-99.9-99.9-9.9 99 7.4 15  2.1 -99-99.9-9.9-9.9
5294020170104 29.2  8.1  0.009999-99.9-99.9-99.9-99.9-9.9 99 6.5 26  0.7 -99-99.9-9.9-9.9
5294020170105 29.3 11.9  0.009999-99.9-99.9-99.9-99.9-9.9 99 6.8 25  1.4 -99-99.9-9.9-9.9
5294020170106 34.5 10.3  0.009999-99.9-99.9-99.9-99.9-9.9 9910.7 32  7.9 -99-99.9-9.9-9.9
5294020170107 37.2 15.9  0.009999-99.9-99.9-99.9-99.9-9.9 9912.0 26  9.0 -99-99.9-9.9-9.9
5294020170108 33.5 16.4  0.009999-99.9-99.9-99.9-99.9-9.9 9914.3 40 12.2 -99-99.9-9.9-9.9
5294020170109 36.3 16.1  7.519999-99.9-99.9-99.9-99.9-9.9 9911.0 39  5.9 -99-99.9-9.9-9.9
5294020170110 30.6 13.4-99.999999-99.9-99.9-99.9-99.9-9.9 9910.6 33  7.8 -99-99.9-9.9-9.9
5294020170111-99.9-99.9-99.999999-99.9-99.9-99.9-99.9-9.9 99-9.9-99-99.9 -99-99.9-9.9-9.9
5294020170112 37.2 17.1  0.009999-99.9-99.9-99.9-99.9-9.9 9913.9 33 11.6 -99-99.9-9.9-9.9
5294020170113 32.0 18.5  0.009999-99.9-99.9-99.9-99.9-9.9 99 8.6 26  4.6 -99-99.9-9.9-9.9
5294020170114 36.3 12.0  0.009999-99.9-99.9-99.9-99.9-9.9 99 9.4 24  6.0 -99-99.9-9.9-9.9
5294020170115 32.7 16.1  0.009999-99.9-99.9-99.9-99.9-9.9 99 9.2 28  5.4 -99-99.9-9.9-9.9
5294020170116 35.7 11.8  0.009999-99.9-99.9-99.9-99.9-9.9 9910.5 31  7.6 -99-99.9-9.9-9.9
5294020170117 35.1 14.6  0.009999-99.9-99.9-99.9-99.9-9.9 99 9.1 27  5.6 -99-99.9-9.9-9.9
5294020170118 34.9 16.3  0.009999-99.9-99.9-99.9-99.9-9.9 99 7.7 19  3.0 -99-99.9-9.9-9.9
5294020170119 38.4 16.2  0.009999-99.9-99.9-99.9-99.9-9.9 9910.9 26  8.2 -99-99.9-9.9-9.9
5294020170120 38.7 21.8  0.009999-99.9-99.9-99.9-99.9-9.9 9911.7 25  9.0 -99-99.9-9.9-9.9
5294020170121 39.3 19.1  1.819999-99.9-99.9-99.9-99.9-9.9 9915.1 38 13.1 -99-99.9-9.9-9.9
5294020170122 37.1 15.1 13.219999-99.9-99.9-99.9-99.9-9.9 9913.8 33 11.6 -99-99.9-9.9-9.9
5294020170123 33.0 16.0  0.009999-99.9-99.9-99.9-99.9-9.9 9915.8 49 13.7 -99-99.9-9.9-9.9
5294020170124 31.2 17.6  0.009999-99.9-99.9-99.9-99.9-9.9 9911.5 32  8.8 -99-99.9-9.9-9.9
5294020170125 32.7 11.0  0.009999-99.9-99.9-99.9-99.9-9.9 99 9.7 30  6.4 -99-99.9-9.9-9.9
5294020170126 32.5 10.7  0.009999-99.9-99.9-99.9-99.9-9.9 9910.0 32  6.8 -99-99.9-9.9-9.9
5294020170127 36.2 12.1  0.009999-99.9-99.9-99.9-99.9-9.9 99 9.5 25  6.0 -99-99.9-9.9-9.9
5294020170128 37.2 14.0  0.009999-99.9-99.9-99.9-99.9-9.9 9910.6 26  7.7 -99-99.9-9.9-9.9
5294020170129 36.6 12.9  0.009999-99.9-99.9-99.9-99.9-9.9 9910.8 27  8.0 -99-99.9-9.9-9.9
5294020170130 34.8 16.6  0.009999-99.9-99.9-99.9-99.9-9.9 9910.5 29  7.6 -99-99.9-9.9-9.9
5294020170131 35.1 14.2 26.519999-99.9-99.9-99.9-99.9-9.9 9910.5 32  7.2 -99-99.9-9.9-9.9
5294020170201 30.6 16.6  0.219999-99.9-99.9-99.9-99.9-9.9 9913.8 46 11.6 -99-99.9-9.9-9.9
5294020170202 30.1 14.4  1.219999-99.9-99.9-99.9-99.9-9.9 9916.1 55 14.1 -99-99.9-9.9-9.9
5294020170203 27.3 13.9  8.219999-99.9-99.9-99.9-99.9-9.9 9913.4 50 11.2 -99-99.9-9.9-9.9
5294020170204 22.7 12.9  3.819999-99.9-99.9-99.9-99.9-9.9 9913.7 74 11.6 -99-99.9-9.9-9.9
5294020170205 22.9  8.1  0.009999-99.9-99.9-99.9-99.9-9.9 9911.8 59  9.4 -99-99.9-9.9-9.9
5294020170206 26.9  8.6  0.009999-99.9-99.9-99.9-99.9-9.9 9912.3 54 10.0 -99-99.9-9.9-9.9
5294020170207 30.6 11.2  0.009999-99.9-99.9-99.9-99.9-9.9 9913.5 48 11.3 -99-99.9-9.9-9.9
5294020170208 31.9 16.2  0.009999-99.9-99.9-99.9-99.9-9.9 9915.8 54 13.8 -99-99.9-9.9-9.9
5294020170209 26.4 17.7  4.219999-99.9-99.9-99.9-99.9-9.9 9915.4 63 13.3 -99-99.9-9.9-9.9
5294020170210 25.0 14.2  0.009999-99.9-99.9-99.9-99.9-9.9 9915.4 82 13.4 -99-99.9-9.9-9.9
5294020170211 31.3  9.5  0.009999-99.9-99.9-99.9-99.9-9.9 9912.5 49 10.2 -99-99.9-9.9-9.9
5294020170212 33.6 13.3 11.019999-99.9-99.9-99.9-99.9-9.9 9912.9 38 10.6 -99-99.9-9.9-9.9
5294020170213 30.9 14.0  0.009999-99.9-99.9-99.9-99.9-9.9 9915.5 56 13.4 -99-99.9-9.9-9.9
5294020170214 32.0 13.2  0.009999-99.9-99.9-99.9-99.9-9.9 9912.8 42 10.6 -99-99.9-9.9-9.9
5294020170215 33.4 13.9  0.009999-99.9-99.9-99.9-99.9-9.9 9912.2 35  9.7 -99-99.9-9.9-9.9
5294020170216 32.3 11.1  0.009999-99.9-99.9-99.9-99.9-9.9 9910.8 30  7.7 -99-99.9-9.9-9.9
5294020170217 31.0 15.4  0.009999-99.9-99.9-99.9-99.9-9.9 9911.7 39  9.2 -99-99.9-9.9-9.9
5294020170218 32.3 13.9  0.009999-99.9-99.9-99.9-99.9-9.9 9912.2 40  9.9 -99-99.9-9.9-9.9
5294020170219 34.7 13.9  0.009999-99.9-99.9-99.9-99.9-9.9 9913.7 42 11.6 -99-99.9-9.9-9.9
5294020170220 35.5 14.8  0.009999-99.9-99.9-99.9-99.9-9.9 9914.5 38 12.5 -99-99.9-9.9-9.9
5294020170221 35.7 16.8  0.009999-99.9-99.9-99.9-99.9-9.9 9914.4 36 12.4 -99-99.9-9.9-9.9
5294020170222 37.4 20.2  0.009999-99.9-99.9-99.9-99.9-9.9 9914.9 36 12.9 -99-99.9-9.9-9.9
5294020170223 38.7 20.3  0.009999-99.9-99.9-99.9-99.9-9.9 9914.3 32 12.3 -99-99.9-9.9-9.9
5294020170224 39.6 18.7  6.019999-99.9-99.9-99.9-99.9-9.9 9914.1 38 11.9 -99-99.9-9.9-9.9
5294020170225 29.9 17.8  0.009999-99.9-99.9-99.9-99.9-9.9 9917.6 71 15.5 -99-99.9-9.9-9.9
5294020170226 31.8 17.9  0.219999-99.9-99.9-99.9-99.9-9.9 9917.5 57 15.3 -99-99.9-9.9-9.9
5294020170227 34.6 12.6  0.009999-99.9-99.9-99.9-99.9-9.9 9913.2 39 11.0 -99-99.9-9.9-9.9
5294020170228 35.5 15.4  0.009999-99.9-99.9-99.9-99.9-9.9 9913.6 40 11.4 -99-99.9-9.9-9.9
5294020170301 31.7 14.7  0.009999-99.9-99.9-99.9-99.9-9.9 9912.1 39  9.7 -99-99.9-9.9-9.9
5294020170302 26.7 13.3  0.009999-99.9-99.9-99.9-99.9-9.9 9912.1 44  9.6 -99-99.9-9.9-9.9
5294020170303 25.8 15.4  0.009999-99.9-99.9-99.9-99.9-9.9 99 8.7 38  4.9 -99-99.9-9.9-9.9
5294020170304 28.3  7.4  0.009999-99.9-99.9-99.9-99.9-9.9 99 9.2 41  5.7 -99-99.9-9.9-9.9
5294020170305 29.9 10.6  0.009999-99.9-99.9-99.9-99.9-9.9 9911.3 42  8.8 -99-99.9-9.9-9.9
5294020170306 27.1 13.3  0.009999-99.9-99.9-99.9-99.9-9.9 9913.6 55 11.5 -99-99.9-9.9-9.9
5294020170307 28.6 15.3  0.009999-99.9-99.9-99.9-99.9-9.9 9917.2 67 15.1 -99-99.9-9.9-9.9
5294020170308 33.7 14.0  0.009999-99.9-99.9-99.9-99.9-9.9 9915.5 51 13.3 -99-99.9-9.9-9.9
5294020170309 31.3 11.3  0.009999-99.9-99.9-99.9-99.9-9.9 99 6.9 34 -0.8 -99-99.9-9.9-9.9
5294020170310 25.1  5.8  0.009999-99.9-99.9-99.9-99.9-9.9 99 6.1 31 -0.2 -99-99.9-9.9-9.9
5294020170311 27.4  4.5  0.009999-99.9-99.9-99.9-99.9-9.9 99 6.3 31  0.5 -99-99.9-9.9-9.9
5294020170312 26.0  2.7  0.009999-99.9-99.9-99.9-99.9-9.9 99 6.9 38  1.7 -99-99.9-9.9-9.9
5294020170313 31.6  5.7  0.009999-99.9-99.9-99.9-99.9-9.9 99 7.9 35  3.5 -99-99.9-9.9-9.9
5294020170314 33.0 12.1  7.219999-99.9-99.9-99.9-99.9-9.9 99 9.9 39  6.7 -99-99.9-9.9-9.9
5294020170315 27.9  9.3  0.009999-99.9-99.9-99.9-99.9-9.9 99 7.8 34  3.0 -99-99.9-9.9-9.9
5294020170316 22.9  4.9  0.009999-99.9-99.9-99.9-99.9-9.9 99 7.0 42  1.7 -99-99.9-9.9-9.9
5294020170317 27.3  4.2  0.009999-99.9-99.9-99.9-99.9-9.9 99 7.9 45  3.5 -99-99.9-9.9-9.9
5294020170318 29.1  7.1  0.009999-99.9-99.9-99.9-99.9-9.9 99 9.7 46  6.4 -99-99.9-9.9-9.9
5294020170319 30.4  8.0  0.009999-99.9-99.9-99.9-99.9-9.9 9910.4 43  7.5 -99-99.9-9.9-9.9
5294020170320 27.1 14.4  0.009999-99.9-99.9-99.9-99.9-9.9 9911.6 57  9.1 -99-99.9-9.9-9.9
5294020170321 28.4  6.9  0.009999-99.9-99.9-99.9-99.9-9.9 99 9.2 44  5.6 -99-99.9-9.9-9.9
5294020170322 28.6  8.5  0.009999-99.9-99.9-99.9-99.9-9.9 9910.7 47  7.9 -99-99.9-9.9-9.9
5294020170323 30.7 10.8  0.009999-99.9-99.9-99.9-99.9-9.9 9911.5 47  9.0 -99-99.9-9.9-9.9
5294020170324 29.8 12.1  0.009999-99.9-99.9-99.9-99.9-9.9 9910.7 41  7.9 -99-99.9-9.9-9.9
5294020170325 29.9 12.8  0.009999-99.9-99.9-99.9-99.9-9.9 9912.6 53 10.2 -99-99.9-9.9-9.9
5294020170326 29.5 12.9  1.519999-99.9-99.9-99.9-99.9-9.9 9913.9 51 11.8 -99-99.9-9.9-9.9
5294020170327 29.0 13.7  0.519999-99.9-99.9-99.9-99.9-9.9 9916.5 66 14.4 -99-99.9-9.9-9.9
5294020170328 24.2 14.1  1.519999-99.9-99.9-99.9-99.9-9.9 9916.9 80 14.9 -99-99.9-9.9-9.9
5294020170329 22.4 14.7 13.519999-99.9-99.9-99.9-99.9-9.9 9917.2 90 15.1 -99-99.9-9.9-9.9
5294020170330 22.3 12.5  4.219999-99.9-99.9-99.9-99.9-9.9 9915.0 78 13.0 -99-99.9-9.9-9.9
5294020170331-99.9-99.9-99.999999-99.9-99.9-99.9-99.9-9.9 99-9.9-99-99.9 -99-99.9-9.9-9.9
5294020170710-99.9-99.9-99.999999-99.9-99.9-99.9-99.9-9.9 99-9.9-99-99.9 -99-99.9-9.9-9.9
5294020170711 10.4 -4.9  0.009999-99.9-99.9-99.9-99.9-9.9 99 6.1 84 -0.2 -99-99.9-9.9-9.9
5294020170712 15.8 -0.4  0.009999-99.9-99.9-99.9-99.9-9.9 99 7.7 79  3.1 -99-99.9-9.9-9.9
5294020170713 17.5 -0.7  0.009999-99.9-99.9-99.9-99.9-9.9 99 6.8 62  1.5 -99-99.9-9.9-9.9
5294020170714 17.4  4.6  0.009999-99.9-99.9-99.9-99.9-9.9 99 7.3 67  2.5 -99-99.9-9.9-9.9
5294020170715 10.3  0.0  0.009999-99.9-99.9-99.9-99.9-9.9 99 4.5 35 -4.7 -99-99.9-9.9-9.9
5294020170716  3.7 -8.8  1.819999-99.9-99.9-99.9-99.9-9.9 99 4.2 83 -5.5 -99-99.9-9.9-9.9
5294020170717 12.1-13.1  7.019999-99.9-99.9-99.9-99.9-9.9 99 3.2 62 -8.8 -99-99.9-9.9-9.9
5294020170718 17.1 -5.1  0.819999-99.9-99.9-99.9-99.9-9.9 99 4.7 63 -3.7 -99-99.9-9.9-9.9
5294020170719 21.6 -2.2  0.009999-99.9-99.9-99.9-99.9-9.9 99 5.2 61 -2.2 -99-99.9-9.9-9.9
5294020170720 25.7 -0.9  0.009999-99.9-99.9-99.9-99.9-9.9 99 4.5 42 -4.4 -99-99.9-9.9-9.9
5294020170721 20.3 -0.1  0.009999-99.9-99.9-99.9-99.9-9.9 99 5.2 58 -2.1 -99-99.9-9.9-9.9
5294020170722 22.4 -0.2  0.009999-99.9-99.9-99.9-99.9-9.9 99 5.1 52 -2.5 -99-99.9-9.9-9.9
5294020170723 11.7  0.3  3.219999-99.9-99.9-99.9-99.9-9.9 99 6.4 65  0.4 -99-99.9-9.9-9.9
5294020170724 17.6  1.0  0.009999-99.9-99.9-99.9-99.9-9.9 99 6.9 67  1.4 -99-99.9-9.9-9.9
5294020170725 16.1 -1.4  0.009999-99.9-99.9-99.9-99.9-9.9 99 5.5 66 -1.5 -99-99.9-9.9-9.9
5294020170726 18.8 -1.6  0.009999-99.9-99.9-99.9-99.9-9.9 99 5.6 64 -1.1 -99-99.9-9.9-9.9
5294020170727 21.9 -0.8  0.009999-99.9-99.9-99.9-99.9-9.9 99 6.2 64  0.0 -99-99.9-9.9-9.9
5294020170728 22.4  1.9  0.009999-99.9-99.9-99.9-99.9-9.9 99 9.2 70  5.4 -99-99.9-9.9-9.9
5294020170729 12.5  6.6  0.009999-99.9-99.9-99.9-99.9-9.9 99 7.1 60  1.7 -99-99.9-9.9-9.9
5294020170730  6.8  2.4  0.009999-99.9-99.9-99.9-99.9-9.9 99 4.5 53 -4.2 -99-99.9-9.9-9.9
5294020170731 11.6 -6.1  0.009999-99.9-99.9-99.9-99.9-9.9 99 4.7 70 -3.7 -99-99.9-9.9-9.9
5294020170801 12.5 -3.7  0.009999-99.9-99.9-99.9-99.9-9.9 99 5.2 66 -2.3 -99-99.9-9.9-9.9
5294020170802 20.7 -3.7  0.009999-99.9-99.9-99.9-99.9-9.9 99 4.3 48 -4.8 -99-99.9-9.9-9.9
5294020170803 21.8 -2.7  0.009999-99.9-99.9-99.9-99.9-9.9 99 4.4 45 -4.4 -99-99.9-9.9-9.9
5294020170804 19.9 -0.5  0.009999-99.9-99.9-99.9-99.9-9.9 99 5.1 52 -2.5 -99-99.9-9.9-9.9
5294020170805 18.0 -1.2  0.009999-99.9-99.9-99.9-99.9-9.9 99 6.5 62  0.8 -99-99.9-9.9-9.9
5294020170806 21.3  4.8  0.009999-99.9-99.9-99.9-99.9-9.9 99 7.1 57  2.0 -99-99.9-9.9-9.9
5294020170807 20.4  3.4  0.009999-99.9-99.9-99.9-99.9-9.9 99 8.6 71  4.7 -99-99.9-9.9-9.9
5294020170808 16.0  5.4  0.009999-99.9-99.9-99.9-99.9-9.9 99 9.6 80  6.4 -99-99.9-9.9-9.9
5294020170809 14.6  7.7  3.219999-99.9-99.9-99.9-99.9-9.9 99 9.5 73  6.3 -99-99.9-9.9-9.9
5294020170810 12.4  5.3  0.219999-99.9-99.9-99.9-99.9-9.9 99 9.0 82  5.4 -99-99.9-9.9-9.9
5294020170811 13.5  2.3 33.519999-99.9-99.9-99.9-99.9-9.9 99 7.8 87  3.3 -99-99.9-9.9-9.9
5294020170812 13.1  0.4  8.819999-99.9-99.9-99.9-99.9-9.9 99 6.7 83  1.2 -99-99.9-9.9-9.9
5294020170813 16.4 -1.6  0.009999-99.9-99.9-99.9-99.9-9.9 99 6.0 55 -0.4 -99-99.9-9.9-9.9
5294020170814 23.9  2.0  0.009999-99.9-99.9-99.9-99.9-9.9 99 4.5 28 -4.5 -99-99.9-9.9-9.9
5294020170815 21.5  0.9  0.009999-99.9-99.9-99.9-99.9-9.9 99 4.9 42 -3.0 -99-99.9-9.9-9.9
5294020170816 18.0 -2.2  0.009999-99.9-99.9-99.9-99.9-9.9 99 5.5 62 -1.6 -99-99.9-9.9-9.9
5294020170817 23.7  1.0  0.009999-99.9-99.9-99.9-99.9-9.9 99 5.9 46 -0.5 -99-99.9-9.9-9.9
5294020170818 27.3  3.0  0.009999-99.9-99.9-99.9-99.9-9.9 99 6.3 42  0.3 -99-99.9-9.9-9.9
5294020170819 21.1  0.2  0.009999-99.9-99.9-99.9-99.9-9.9 99 4.3 35 -6.6 -99-99.9-9.9-9.9
5294020170820 16.0 -4.3  0.009999-99.9-99.9-99.9-99.9-9.9 99 3.9 49 -6.4 -99-99.9-9.9-9.9
5294020170821 20.2 -2.1  0.009999-99.9-99.9-99.9-99.9-9.9 99 5.0 51 -2.8 -99-99.9-9.9-9.9
5294020170822 20.4 -1.1  0.009999-99.9-99.9-99.9-99.9-9.9 99 6.2 58  0.1 -99-99.9-9.9-9.9
5294020170823 15.3  1.1  0.009999-99.9-99.9-99.9-99.9-9.9 99 5.7 65 -1.1 -99-99.9-9.9-9.9
5294020170824 23.0 -4.4  0.009999-99.9-99.9-99.9-99.9-9.9 99 4.5 46 -4.2 -99-99.9-9.9-9.9
5294020170825 16.9  4.7  0.009999-99.9-99.9-99.9-99.9-9.9 99 5.8 53 -0.8 -99-99.9-9.9-9.9
5294020170826 18.2 -2.4  0.009999-99.9-99.9-99.9-99.9-9.9 99 6.1 65 -0.2 -99-99.9-9.9-9.9
5294020170827 18.1  0.3  0.009999-99.9-99.9-99.9-99.9-9.9 99 7.1 64  2.0 -99-99.9-9.9-9.9
5294020170828 11.2  4.7  4.019999-99.9-99.9-99.9-99.9-9.9 99 9.3 86  5.9 -99-99.9-9.9-9.9
5294020170829 12.1  1.6  0.009999-99.9-99.9-99.9-99.9-9.9 99 7.0 86  1.8 -99-99.9-9.9-9.9
5294020170830 15.2 -3.7  0.009999-99.9-99.9-99.9-99.9-9.9 99 5.4 63 -1.8 -99-99.9-9.9-9.9
5294020170831 21.3 -2.7  0.009999-99.9-99.9-99.9-99.9-9.9 99 6.0 61 -0.3 -99-99.9-9.9-9.9
5294020170901 24.4 -0.6  0.009999-99.9-99.9-99.9-99.9-9.9 99 6.7 54  1.1 -99-99.9-9.9-9.9
5294020170902 16.0  5.6  0.009999-99.9-99.9-99.9-99.9-9.9 99 5.5 50 -1.6 -99-99.9-9.9-9.9
5294020170903 12.3 -0.9  0.009999-99.9-99.9-99.9-99.9-9.9 99 4.9 51 -3.0 -99-99.9-9.9-9.9
5294020170904 16.1  1.8  0.009999-99.9-99.9-99.9-99.9-9.9 99 5.7 56 -1.0 -99-99.9-9.9-9.9
5294020170905 16.0 -1.9  0.009999-99.9-99.9-99.9-99.9-9.9 99 5.6 53 -1.3 -99-99.9-9.9-9.9
5294020170906 19.2 -0.1  0.009999-99.9-99.9-99.9-99.9-9.9 99 5.5 46 -1.5 -99-99.9-9.9-9.9
5294020170907 19.8 -1.5  0.009999-99.9-99.9-99.9-99.9-9.9 99 5.9 53 -0.6 -99-99.9-9.9-9.9
5294020170908 20.9  3.1  8.519999-99.9-99.9-99.9-99.9-9.9 99 6.9 47  1.6 -99-99.9-9.9-9.9
5294020170909 10.7  3.5  5.019999-99.9-99.9-99.9-99.9-9.9 99 7.6 85  3.1 -99-99.9-9.9-9.9
5294020170910 15.6  1.7  0.009999-99.9-99.9-99.9-99.9-9.9 99 8.0 81  3.6 -99-99.9-9.9-9.9
5294020170911 14.7 -2.1  0.009999-99.9-99.9-99.9-99.9-9.9 99 6.6 64  1.0 -99-99.9-9.9-9.9
5294020170912 19.1  1.1  0.009999-99.9-99.9-99.9-99.9-9.9 99 6.7 60  1.2 -99-99.9-9.9-9.9
5294020170913 23.7  0.8  0.009999-99.9-99.9-99.9-99.9-9.9 99 5.6 36 -1.4 -99-99.9-9.9-9.9
5294020170914 18.9  0.9  0.009999-99.9-99.9-99.9-99.9-9.9 99 5.6 46 -1.5 -99-99.9-9.9-9.9
5294020170915 15.6  4.0  0.009999-99.9-99.9-99.9-99.9-9.9 99 5.7 57 -1.3 -99-99.9-9.9-9.9
5294020170916 19.3 -2.3  0.009999-99.9-99.9-99.9-99.9-9.9 99 6.1 51 -0.2 -99-99.9-9.9-9.9
5294020170917 23.1 -0.1  0.009999-99.9-99.9-99.9-99.9-9.9 99 7.5 55  2.7 -99-99.9-9.9-9.9
5294020170918 26.0  2.0  0.009999-99.9-99.9-99.9-99.9-9.9 99 8.0 48  3.6 -99-99.9-9.9-9.9
5294020170919 29.6  4.9  1.819999-99.9-99.9-99.9-99.9-9.9 99 8.8 43  5.2 -99-99.9-9.9-9.9
5294020170920 19.0  4.4  0.009999-99.9-99.9-99.9-99.9-9.9 99 8.8 79  5.1 -99-99.9-9.9-9.9
5294020170921 21.0  0.3  0.009999-99.9-99.9-99.9-99.9-9.9 99 6.6 55  1.1 -99-99.9-9.9-9.9
5294020170922 25.8  1.6  0.009999-99.9-99.9-99.9-99.9-9.9 99 5.9 39 -0.5 -99-99.9-9.9-9.9
5294020170923 25.1  4.4  0.009999-99.9-99.9-99.9-99.9-9.9 99 6.8 43  1.4 -99-99.9-9.9-9.9
5294020170924 28.1  4.7  0.009999-99.9-99.9-99.9-99.9-9.9 99 7.1 38  2.1 -99-99.9-9.9-9.9
5294020170925 23.9  5.8  0.009999-99.9-99.9-99.9-99.9-9.9 99 8.1 49  4.0 -99-99.9-9.9-9.9
5294020170926 14.9  6.6  0.009999-99.9-99.9-99.9-99.9-9.9 99 7.9 70  3.6 -99-99.9-9.9-9.9
5294020170927 15.1  5.5  0.009999-99.9-99.9-99.9-99.9-9.9 99 8.8 77  5.0 -99-99.9-9.9-9.9
5294020170928 13.0  6.9  0.009999-99.9-99.9-99.9-99.9-9.9 99 9.9 88  6.8 -99-99.9-9.9-9.9
5294020170929 26.3  1.7  0.009999-99.9-99.9-99.9-99.9-9.9 99 9.8 69  6.6 -99-99.9-9.9-9.9
5294020170930 13.9 10.2  2.519999-99.9-99.9-99.9-99.9-9.9 99 9.1 53  4.8 -99-99.9-9.9-9.9
5294020171001 21.5 -2.2  0.009999-99.9-99.9-99.9-99.9-9.9 99 4.8 37 -4.2 -99-99.9-9.9-9.9
5294020171002 21.0 -1.8  0.009999-99.9-99.9-99.9-99.9-9.9 99 4.2 27 -5.2 -99-99.9-9.9-9.9
5294020171003 24.5  4.9  0.009999-99.9-99.9-99.9-99.9-9.9 99 4.6 23 -4.0 -99-99.9-9.9-9.9
5294020171004 24.7 10.4  0.009999-99.9-99.9-99.9-99.9-9.9 99 3.0 12 -9.8 -99-99.9-9.9-9.9
5294020171005 24.5  6.1  0.009999-99.9-99.9-99.9-99.9-9.9 99 5.9 28 -1.2 -99-99.9-9.9-9.9
5294020171006 24.2  5.5  0.009999-99.9-99.9-99.9-99.9-9.9 99 5.5 32 -1.4 -99-99.9-9.9-9.9
5294020171007 26.2  2.4  0.009999-99.9-99.9-99.9-99.9-9.9 99 7.1 43  2.0 -99-99.9-9.9-9.9
5294020171008 20.7  9.6  0.009999-99.9-99.9-99.9-99.9-9.9 99 6.2 38  0.1 -99-99.9-9.9-9.9
5294020171009 24.3  0.6  0.009999-99.9-99.9-99.9-99.9-9.9 99 6.8 43  1.5 -99-99.9-9.9-9.9
5294020171010 21.2  8.1  0.009999-99.9-99.9-99.9-99.9-9.9 99 5.8 30 -1.1 -99-99.9-9.9-9.9
5294020171011 12.4  3.8  0.219999-99.9-99.9-99.9-99.9-9.9 99 7.9 88  3.7 -99-99.9-9.9-9.9
5294020171012 12.8  3.5  0.219999-99.9-99.9-99.9-99.9-9.9 99 7.6 78  3.1 -99-99.9-9.9-9.9
5294020171013 21.2 -1.9  0.009999-99.9-99.9-99.9-99.9-9.9 99 6.2 50 -0.1 -99-99.9-9.9-9.9
5294020171014 24.6  0.0  0.009999-99.9-99.9-99.9-99.9-9.9 99 6.1 38 -0.0 -99-99.9-9.9-9.9
5294020171015 26.0  3.6  0.009999-99.9-99.9-99.9-99.9-9.9 99 6.3 37  0.2 -99-99.9-9.9-9.9
5294020171016 31.5  5.2  0.009999-99.9-99.9-99.9-99.9-9.9 99 5.7 19 -2.3 -99-99.9-9.9-9.9
5294020171017 29.5  5.7  0.009999-99.9-99.9-99.9-99.9-9.9 99 5.9 29 -1.0 -99-99.9-9.9-9.9
5294020171018 28.8 10.1  0.009999-99.9-99.9-99.9-99.9-9.9 99 7.7 36  3.0 -99-99.9-9.9-9.9
5294020171019 21.7 -0.3  0.009999-99.9-99.9-99.9-99.9-9.9 99 5.6 37 -1.3 -99-99.9-9.9-9.9
5294020171020 23.3  6.6  0.009999-99.9-99.9-99.9-99.9-9.9 99 5.8 33 -0.7 -99-99.9-9.9-9.9
5294020171021 22.2 -0.6  0.009999-99.9-99.9-99.9-99.9-9.9 99 5.1 32 -2.6 -99-99.9-9.9-9.9
5294020171022 23.6  0.4  0.009999-99.9-99.9-99.9-99.9-9.9 99 5.5 38 -1.4 -99-99.9-9.9-9.9
5294020171023 27.9  3.6  0.009999-99.9-99.9-99.9-99.9-9.9 99 6.6 34  0.9 -99-99.9-9.9-9.9
5294020171024 25.7  8.7  0.009999-99.9-99.9-99.9-99.9-9.9 99 7.5 33  2.8 -99-99.9-9.9-9.9
5294020171025 29.0  8.2  0.009999-99.9-99.9-99.9-99.9-9.9 99 9.2 36  5.7 -99-99.9-9.9-9.9
5294020171026 27.3 10.4  0.009999-99.9-99.9-99.9-99.9-9.9 99 8.6 36  4.7 -99-99.9-9.9-9.9
5294020171027 24.9  3.3  0.009999-99.9-99.9-99.9-99.9-9.9 99 6.9 31  1.7 -99-99.9-9.9-9.9
5294020171028 30.5  6.2  0.009999-99.9-99.9-99.9-99.9-9.9 99 5.0 14 -4.6 -99-99.9-9.9-9.9
5294020171029 22.8 -0.2  0.009999-99.9-99.9-99.9-99.9-9.9 99 4.3 27 -4.7 -99-99.9-9.9-9.9
5294020171030 24.6  3.3  0.009999-99.9-99.9-99.9-99.9-9.9 99 5.0 23 -2.8 -99-99.9-9.9-9.9
5294020171031 27.6  4.7  0.009999-99.9-99.9-99.9-99.9-9.9 99 6.0 33 -0.2 -99-99.9-9.9-9.9
5294020171101 25.6  8.0  0.009999-99.9-99.9-99.9-99.9-9.9 9910.0 47  6.8 -99-99.9-9.9-9.9
5294020171102 21.6  7.7  0.009999-99.9-99.9-99.9-99.9-9.9 99 9.8 56  6.6 -99-99.9-9.9-9.9
5294020171103 22.5  7.0  0.009999-99.9-99.9-99.9-99.9-9.9 99 7.9 47  3.5 -99-99.9-9.9-9.9
5294020171104 24.4  2.4  0.009999-99.9-99.9-99.9-99.9-9.9 99 6.8 40  1.3 -99-99.9-9.9-9.9
5294020171105 28.1  6.6  0.009999-99.9-99.9-99.9-99.9-9.9 99 9.4 37  6.0 -99-99.9-9.9-9.9
5294020171106 26.1 11.9  0.009999-99.9-99.9-99.9-99.9-9.9 9911.7 49  9.2 -99-99.9-9.9-9.9
5294020171107 25.9 10.2  2.519999-99.9-99.9-99.9-99.9-9.9 9912.0 53  9.5 -99-99.9-9.9-9.9
5294020171108 21.6 10.0  0.009999-99.9-99.9-99.9-99.9-9.9 9912.5 75 10.2 -99-99.9-9.9-9.9
5294020171109 28.2  7.2  0.009999-99.9-99.9-99.9-99.9-9.9 9911.2 49  8.6 -99-99.9-9.9-9.9
5294020171110 26.4  8.9  0.009999-99.9-99.9-99.9-99.9-9.9 99 9.7 38  6.4 -99-99.9-9.9-9.9
5294020171111 30.4  8.6  0.009999-99.9-99.9-99.9-99.9-9.9 99 9.7 33  6.6 -99-99.9-9.9-9.9
5294020171112 34.1 11.3  0.009999-99.9-99.9-99.9-99.9-9.9 99 9.6 27  6.4 -99-99.9-9.9-9.9
5294020171113 34.8 16.4  0.009999-99.9-99.9-99.9-99.9-9.9 9910.4 25  7.4 -99-99.9-9.9-9.9
5294020171114 33.5 16.1  0.009999-99.9-99.9-99.9-99.9-9.9 9912.4 36 10.1 -99-99.9-9.9-9.9
5294020171115 27.2 14.6  0.009999-99.9-99.9-99.9-99.9-9.9 99 7.4 22  1.8 -99-99.9-9.9-9.9
5294020171116 26.0  1.3  0.009999-99.9-99.9-99.9-99.9-9.9 99 4.9 25 -3.0 -99-99.9-9.9-9.9
5294020171117 26.4  8.8  0.819999-99.9-99.9-99.9-99.9-9.9 99 5.9 27 -0.8 -99-99.9-9.9-9.9
5294020171118 24.8 -1.1  0.009999-99.9-99.9-99.9-99.9-9.9 99 4.2 21 -5.1 -99-99.9-9.9-9.9
5294020171119 27.9  6.4  0.009999-99.9-99.9-99.9-99.9-9.9 99 6.0 25 -0.4 -99-99.9-9.9-9.9
5294020171120 25.8  7.4  0.009999-99.9-99.9-99.9-99.9-9.9 99 6.5 28  0.8 -99-99.9-9.9-9.9
5294020171121 26.7  2.3  0.009999-99.9-99.9-99.9-99.9-9.9 99 5.8 26 -0.7 -99-99.9-9.9-9.9
5294020171122 31.9  5.5  0.009999-99.9-99.9-99.9-99.9-9.9 99 5.2 19 -2.3 -99-99.9-9.9-9.9
5294020171123 32.2 10.8  0.009999-99.9-99.9-99.9-99.9-9.9 99 4.2 14 -5.0 -99-99.9-9.9-9.9
5294020171124 27.8  3.5  0.009999-99.9-99.9-99.9-99.9-9.9 99 5.0 26 -3.0 -99-99.9-9.9-9.9
5294020171125 30.5  8.2  0.009999-99.9-99.9-99.9-99.9-9.9 99 5.6 21 -1.4 -99-99.9-9.9-9.9
5294020171126 34.6  9.4  0.009999-99.9-99.9-99.9-99.9-9.9 99 6.1 17 -0.1 -99-99.9-9.9-9.9
5294020171127 28.0 12.8  0.009999-99.9-99.9-99.9-99.9-9.9 99 5.5 28 -1.5 -99-99.9-9.9-9.9
5294020171128 28.7  7.2  0.009999-99.9-99.9-99.9-99.9-9.9 99 8.0 31  3.6 -99-99.9-9.9-9.9
5294020171129 30.6 14.6  2.219999-99.9-99.9-99.9-99.9-9.9 9911.5 53  8.8 -99-99.9-9.9-9.9
5294020171130 32.0 12.2 15.819999-99.9-99.9-99.9-99.9-9.9 9910.6 36  7.5 -99-99.9-9.9-9.9
5294020171201 25.1 14.7  1.519999-99.9-99.9-99.9-99.9-9.9 9915.2 85 13.2 -99-99.9-9.9-9.9
5294020171202 22.0 13.6  4.019999-99.9-99.9-99.9-99.9-9.9 9914.9 87 12.9 -99-99.9-9.9-9.9
5294020171203 23.8 11.6 18.219999-99.9-99.9-99.9-99.9-9.9 9912.9 71 10.7 -99-99.9-9.9-9.9
5294020171204 19.5  9.8  0.009999-99.9-99.9-99.9-99.9-9.9 9913.7 72 11.7 -99-99.9-9.9-9.9
5294020171205 27.1  8.8  0.009999-99.9-99.9-99.9-99.9-9.9 9914.3 59 12.2 -99-99.9-9.9-9.9
5294020171206 29.7 13.6  0.009999-99.9-99.9-99.9-99.9-9.9 9915.0 58 12.9 -99-99.9-9.9-9.9
5294020171207 31.4 12.9  0.009999-99.9-99.9-99.9-99.9-9.9 9914.6 46 12.5 -99-99.9-9.9-9.9
5294020171208 30.1 14.2  0.009999-99.9-99.9-99.9-99.9-9.9 9910.6 31  7.4 -99-99.9-9.9-9.9
5294020171209 30.6 12.9  0.009999-99.9-99.9-99.9-99.9-9.9 9910.5 31  7.5 -99-99.9-9.9-9.9
5294020171210 33.3 13.1  0.009999-99.9-99.9-99.9-99.9-9.9 99 9.9 27  6.8 -99-99.9-9.9-9.9
5294020171211 28.3 12.4  0.009999-99.9-99.9-99.9-99.9-9.9 9912.1 43  9.8 -99-99.9-9.9-9.9
5294020171212 34.0 12.6  7.819999-99.9-99.9-99.9-99.9-9.9 9913.5 47 11.2 -99-99.9-9.9-9.9
5294020171213 28.5 15.2  0.009999-99.9-99.9-99.9-99.9-9.9 9914.4 47 12.3 -99-99.9-9.9-9.9
5294020171214 31.3 12.4  0.009999-99.9-99.9-99.9-99.9-9.9 9913.6 43 11.5 -99-99.9-9.9-9.9
5294020171215 33.3 15.1  0.009999-99.9-99.9-99.9-99.9-9.9 9911.7 43  9.2 -99-99.9-9.9-9.9
5294020171216 38.6 15.9  0.009999-99.9-99.9-99.9-99.9-9.9 99 8.9 17  1.1 -99-99.9-9.9-9.9
5294020171217 31.5 10.3  0.009999-99.9-99.9-99.9-99.9-9.9 99 5.5 27 -2.1 -99-99.9-9.9-9.9
5294020171218 29.6  3.9  0.009999-99.9-99.9-99.9-99.9-9.9 99 7.1 27  1.8 -99-99.9-9.9-9.9
5294020171219 34.3 11.8  0.009999-99.9-99.9-99.9-99.9-9.9 9910.9 31  8.0 -99-99.9-9.9-9.9
5294020171220 36.4 14.3  0.009999-99.9-99.9-99.9-99.9-9.9 9912.8 33 10.3 -99-99.9-9.9-9.9
5294020171221 31.4 18.8  0.009999-99.9-99.9-99.9-99.9-9.9 9910.0 33  6.6 -99-99.9-9.9-9.9
5294020171222 33.2 12.2  0.009999-99.9-99.9-99.9-99.9-9.9 9910.9 29  8.0 -99-99.9-9.9-9.9
5294020171223 25.1 12.5  0.009999-99.9-99.9-99.9-99.9-9.9 99 5.3 24 -2.3 -99-99.9-9.9-9.9
5294020171224 31.4  7.3  0.009999-99.9-99.9-99.9-99.9-9.9 99 6.8 23  1.3 -99-99.9-9.9-9.9
5294020171225 33.5 11.5  0.009999-99.9-99.9-99.9-99.9-9.9 99 9.7 28  6.4 -99-99.9-9.9-9.9
5294020171226 33.7 17.5  0.009999-99.9-99.9-99.9-99.9-9.9 99 8.8 25  4.9 -99-99.9-9.9-9.9
5294020171227 32.5 10.9  0.009999-99.9-99.9-99.9-99.9-9.9 9910.4 34  7.5 -99-99.9-9.9-9.9
5294020171228 35.0 14.3  0.009999-99.9-99.9-99.9-99.9-9.9 9910.6 24  7.6 -99-99.9-9.9-9.9
5294020171229 37.1 15.4  0.009999-99.9-99.9-99.9-99.9-9.9 9910.8 25  8.0 -99-99.9-9.9-9.9
5294020171230 33.8 19.5  0.009999-99.9-99.9-99.9-99.9-9.9 99 8.2 24  3.9 -99-99.9-9.9-9.9
5294020171231 29.1 16.3  1.819999-99.9-99.9-99.9-99.9-9.9 9911.0 40  8.3 -99-99.9-9.9-9.9
5294020180101 30.7  9.7  0.009999-99.9-99.9-99.9-99.9-9.9 9910.0 36  6.3 -99-99.9-9.9-9.9
5294020180102 30.9 11.5  0.009999-99.9-99.9-99.9-99.9-9.9 99 6.1 19 -0.4 -99-99.9-9.9-9.9
5294020180103 34.0  9.9  0.009999-99.9-99.9-99.9-99.9-9.9 99 7.3 22  2.3 -99-99.9-9.9-9.9
5294020180104 38.2 14.9  0.009999-99.9-99.9-99.9-99.9-9.9 99 6.5 13  0.4 -99-99.9-9.9-9.9
5294020180105 30.8 13.0  0.009999-99.9-99.9-99.9-99.9-9.9 99 8.0 29  3.7 -99-99.9-9.9-9.9
5294020180106 29.4 11.0  0.009999-99.9-99.9-99.9-99.9-9.9 99 7.2 24  2.3 -99-99.9-9.9-9.9
5294020180107 33.0 11.2  0.009999-99.9-99.9-99.9-99.9-9.9 99 8.2 25  4.0 -99-99.9-9.9-9.9
5294020180108 35.2 14.8  0.009999-99.9-99.9-99.9-99.9-9.9 9912.0 32  9.5 -99-99.9-9.9-9.9
5294020180109 35.3 14.2  0.219999-99.9-99.9-99.9-99.9-9.9 9912.9 37 10.6 -99-99.9-9.9-9.9
5294020180110 35.8 18.5  0.009999-99.9-99.9-99.9-99.9-9.9 9912.7 28 10.3 -99-99.9-9.9-9.9
5294020180111 37.1 16.3 24.519999-99.9-99.9-99.9-99.9-9.9 9914.7 51 12.5 -99-99.9-9.9-9.9
5294020180112 35.8 16.0 24.019999-99.9-99.9-99.9-99.9-9.9 9914.6 32 12.5 -99-99.9-9.9-9.9
5294020180113 27.1 14.8  0.009999-99.9-99.9-99.9-99.9-9.9 9912.9 54 10.6 -99-99.9-9.9-9.9
5294020180114 26.8 15.1  0.009999-99.9-99.9-99.9-99.9-9.9 9914.8 63 12.8 -99-99.9-9.9-9.9
5294020180115 30.0 12.5  0.009999-99.9-99.9-99.9-99.9-9.9 9912.4 41 10.1 -99-99.9-9.9-9.9
5294020180116 26.9 15.7  0.009999-99.9-99.9-99.9-99.9-9.9 9914.5 59 12.5 -99-99.9-9.9-9.9
5294020180117 28.7 14.0  0.009999-99.9-99.9-99.9-99.9-9.9 9911.2 39  8.5 -99-99.9-9.9-9.9
5294020180118 30.9 13.8  0.009999-99.9-99.9-99.9-99.9-9.9 9911.4 41  8.8 -99-99.9-9.9-9.9
5294020180119 33.2 11.9  0.009999-99.9-99.9-99.9-99.9-9.9 9910.6 29  7.7 -99-99.9-9.9-9.9
5294020180120 33.6 12.8  0.819999-99.9-99.9-99.9-99.9-9.9 9911.9 37  9.4 -99-99.9-9.9-9.9
5294020180121 33.1 15.1  0.519999-99.9-99.9-99.9-99.9-9.9 9912.7 40 10.4 -99-99.9-9.9-9.9
5294020180122 31.7 12.5  0.009999-99.9-99.9-99.9-99.9-9.9 9911.0 39  8.2 -99-99.9-9.9-9.9
5294020180123 32.1 11.7  0.009999-99.9-99.9-99.9-99.9-9.9 99 9.5 25  6.2 -99-99.9-9.9-9.9
5294020180124 27.8 13.0  0.009999-99.9-99.9-99.9-99.9-9.9 9911.9 45  9.6 -99-99.9-9.9-9.9
5294020180125 29.6 15.4  4.019999-99.9-99.9-99.9-99.9-9.9 9913.7 48 11.4 -99-99.9-9.9-9.9
5294020180126 31.6 16.5  0.219999-99.9-99.9-99.9-99.9-9.9 9916.7 51 14.6 -99-99.9-9.9-9.9
5294020180127 30.5 17.3  0.519999-99.9-99.9-99.9-99.9-9.9 9912.5 40 10.1 -99-99.9-9.9-9.9
5294020180128 31.0 16.1  0.009999-99.9-99.9-99.9-99.9-9.9 9912.7 49 10.2 -99-99.9-9.9-9.9
5294020180129 32.6 13.6  0.009999-99.9-99.9-99.9-99.9-9.9 9914.4 43 12.3 -99-99.9-9.9-9.9
5294020180130 32.1 16.7  0.009999-99.9-99.9-99.9-99.9-9.9 9913.6 42 11.4 -99-99.9-9.9-9.9
5294020180131 32.7 14.4  7.819999-99.9-99.9-99.9-99.9-9.9 9910.8 29  7.7 -99-99.9-9.9-9.9
5294020180201 33.3 16.6  7.019999-99.9-99.9-99.9-99.9-9.9 9918.1 53 15.8 -99-99.9-9.9-9.9
5294020180202 32.7 18.4  0.009999-99.9-99.9-99.9-99.9-9.9 9919.2 55 16.8 -99-99.9-9.9-9.9
5294020180203 36.2 18.6  0.009999-99.9-99.9-99.9-99.9-9.9 9916.8 44 14.7 -99-99.9-9.9-9.9
5294020180204 37.0 19.7  0.009999-99.9-99.9-99.9-99.9-9.9 9915.8 40 13.8 -99-99.9-9.9-9.9
5294020180205 37.1 18.6  0.219999-99.9-99.9-99.9-99.9-9.9 9914.1 34 11.9 -99-99.9-9.9-9.9
5294020180206 36.7 18.5 12.519999-99.9-99.9-99.9-99.9-9.9 9914.8 31 12.7 -99-99.9-9.9-9.9
5294020180207 30.8 14.5  0.009999-99.9-99.9-99.9-99.9-9.9 9913.7 47 11.6 -99-99.9-9.9-9.9
5294020180208 34.0 13.2  0.009999-99.9-99.9-99.9-99.9-9.9 9912.6 36 10.3 -99-99.9-9.9-9.9
5294020180209 29.1 10.6  0.009999-99.9-99.9-99.9-99.9-9.9 99 8.0 28  3.7 -99-99.9-9.9-9.9
5294020180210 26.2  8.7  0.009999-99.9-99.9-99.9-99.9-9.9 99 7.1 29  2.0 -99-99.9-9.9-9.9
5294020180211 19.5  7.1  0.009999-99.9-99.9-99.9-99.9-9.9 99 6.6 43  1.1 -99-99.9-9.9-9.9
5294020180212 26.9  2.0  0.009999-99.9-99.9-99.9-99.9-9.9 99 7.2 34  2.2 -99-99.9-9.9-9.9
5294020180213 30.9  7.4  0.009999-99.9-99.9-99.9-99.9-9.9 9910.1 37  7.0 -99-99.9-9.9-9.9
5294020180214 33.2 11.2  0.009999-99.9-99.9-99.9-99.9-9.9 9913.4 43 11.3 -99-99.9-9.9-9.9
5294020180215 34.0 14.5  0.009999-99.9-99.9-99.9-99.9-9.9 9914.3 39 12.3 -99-99.9-9.9-9.9
5294020180216 36.8 16.4 27.519999-99.9-99.9-99.9-99.9-9.9 9915.6 50 13.5 -99-99.9-9.9-9.9
5294020180217 33.9 15.9  0.009999-99.9-99.9-99.9-99.9-9.9 9914.6 40 12.6 -99-99.9-9.9-9.9
5294020180218 34.5 16.8  0.009999-99.9-99.9-99.9-99.9-9.9 9914.5 45 12.4 -99-99.9-9.9-9.9
5294020180219 29.6 12.4  1.019999-99.9-99.9-99.9-99.9-9.9 9912.1 44  9.7 -99-99.9-9.9-9.9
5294020180220 25.1 11.6  0.219999-99.9-99.9-99.9-99.9-9.9 9912.9 56 10.7 -99-99.9-9.9-9.9
5294020180221 28.8  8.2  0.009999-99.9-99.9-99.9-99.9-9.9 9911.4 50  8.9 -99-99.9-9.9-9.9
5294020180222 31.3 11.7  0.009999-99.9-99.9-99.9-99.9-9.9 9911.8 35  9.3 -99-99.9-9.9-9.9
5294020180223 24.9 13.4 18.019999-99.9-99.9-99.9-99.9-9.9 9913.6 71 11.5 -99-99.9-9.9-9.9
5294020180224 24.2  9.8  0.009999-99.9-99.9-99.9-99.9-9.9 9913.4 65 11.3 -99-99.9-9.9-9.9
5294020180225 29.2  9.0  0.009999-99.9-99.9-99.9-99.9-9.9 9913.2 54 11.0 -99-99.9-9.9-9.9
5294020180226 31.0 11.6  0.519999-99.9-99.9-99.9-99.9-9.9 9913.3 46 11.1 -99-99.9-9.9-9.9
5294020180227 28.2 13.3 11.819999-99.9-99.9-99.9-99.9-9.9 9914.1 65 12.0 -99-99.9-9.9-9.9
5294020180228 28.2 10.6  0.009999-99.9-99.9-99.9-99.9-9.9 9913.1 63 10.9 -99-99.9-9.9-9.9
5294020180301 30.7 10.9  0.009999-99.9-99.9-99.9-99.9-9.9 9911.7 44  9.1 -99-99.9-9.9-9.9
5294020180302 31.9 11.7  0.009999-99.9-99.9-99.9-99.9-9.9 9911.4 43  8.9 -99-99.9-9.9-9.9
5294020180303 33.3 14.0  0.009999-99.9-99.9-99.9-99.9-9.9 9911.0 40  8.3 -99-99.9-9.9-9.9
5294020180304 32.4 14.6  0.009999-99.9-99.9-99.9-99.9-9.9 9910.9 34  8.2 -99-99.9-9.9-9.9
5294020180305 25.4 13.5  0.009999-99.9-99.9-99.9-99.9-9.9 99 7.5 32  2.6 -99-99.9-9.9-9.9
5294020180306 28.0  5.7  0.009999-99.9-99.9-99.9-99.9-9.9 99 8.8 41  5.0 -99-99.9-9.9-9.9
5294020180307 30.0  9.5  0.009999-99.9-99.9-99.9-99.9-9.9 9911.4 42  8.8 -99-99.9-9.9-9.9
5294020180308 33.9 11.9  2.519999-99.9-99.9-99.9-99.9-9.9 9914.3 50 12.1 -99-99.9-9.9-9.9
5294020180309 32.2 10.9  0.009999-99.9-99.9-99.9-99.9-9.9 9911.8 41  9.4 -99-99.9-9.9-9.9
5294020180310 26.0 14.7  0.009999-99.9-99.9-99.9-99.9-9.9 9910.2 40  7.0 -99-99.9-9.9-9.9
5294020180311 25.2  8.3  0.009999-99.9-99.9-99.9-99.9-9.9 99 7.9 42  3.6 -99-99.9-9.9-9.9
5294020180312 31.0  5.8  0.009999-99.9-99.9-99.9-99.9-9.9 99 7.9 36  3.5 -99-99.9-9.9-9.9
5294020180313 24.1  3.8  0.009999-99.9-99.9-99.9-99.9-9.9 99 5.4 31 -1.7 -99-99.9-9.9-9.9
5294020180314 32.8  5.6  1.019999-99.9-99.9-99.9-99.9-9.9 99 4.4 19 -5.9 -99-99.9-9.9-9.9
5294020180315 24.1  2.1  0.009999-99.9-99.9-99.9-99.9-9.9 99 5.8 38 -0.8 -99-99.9-9.9-9.9
5294020180316 31.5  4.9  0.009999-99.9-99.9-99.9-99.9-9.9 99 6.2 29  0.2 -99-99.9-9.9-9.9
5294020180317 32.9  8.8  0.009999-99.9-99.9-99.9-99.9-9.9 99 7.8 30  3.3 -99-99.9-9.9-9.9
5294020180318 24.5  6.0  0.009999-99.9-99.9-99.9-99.9-9.9 99 8.3 48  4.3 -99-99.9-9.9-9.9
5294020180319 27.6  3.8  0.009999-99.9-99.9-99.9-99.9-9.9 99 7.1 39  1.9 -99-99.9-9.9-9.9
5294020180320 23.4  8.2  0.009999-99.9-99.9-99.9-99.9-9.9 99 6.1 34  0.0 -99-99.9-9.9-9.9
5294020180321 23.5  0.2  0.009999-99.9-99.9-99.9-99.9-9.9 99 6.4 43  0.6 -99-99.9-9.9-9.9
5294020180322 29.9  5.8  0.009999-99.9-99.9-99.9-99.9-9.9 99 7.4 33  2.5 -99-99.9-9.9-9.9
5294020180323 32.3  6.6  0.009999-99.9-99.9-99.9-99.9-9.9 99 5.5 16 -2.6 -99-99.9-9.9-9.9
5294020180324 24.2  6.6  0.009999-99.9-99.9-99.9-99.9-9.9 99 6.2 38 -0.1 -99-99.9-9.9-9.9
5294020180325 21.8 -3.3  0.009999-99.9-99.9-99.9-99.9-9.9 99 4.2 34 -5.2 -99-99.9-9.9-9.9
5294020180326 27.0  3.2  0.009999-99.9-99.9-99.9-99.9-9.9 99 6.2 37 -0.0 -99-99.9-9.9-9.9
5294020180327 28.2  3.2  0.009999-99.9-99.9-99.9-99.9-9.9 99 7.4 40  2.7 -99-99.9-9.9-9.9
5294020180328 33.0  5.5  0.009999-99.9-99.9-99.9-99.9-9.9 99 6.6 25  0.9 -99-99.9-9.9-9.9
5294020180329 31.5  9.0  0.009999-99.9-99.9-99.9-99.9-9.9 99 7.6 30  3.0 -99-99.9-9.9-9.9
5294020180330 31.6 10.0  0.009999-99.9-99.9-99.9-99.9-9.9 99 8.8 37  5.2 -99-99.9-9.9-9.9
5294020180331 31.9 12.9  0.009999-99.9-99.9-99.9-99.9-9.9 9910.3 38  7.4 -99-99.9-9.9-9.9
5294020180401 27.0 14.9  4.819999-99.9-99.9-99.9-99.9-9.9 9912.1 57  9.6 -99-99.9-9.9-9.9
5294020180402 25.0 11.1  0.009999-99.9-99.9-99.9-99.9-9.9 9914.7 75 12.6 -99-99.9-9.9-9.9
5294020180403 29.9  8.2  0.009999-99.9-99.9-99.9-99.9-9.9 9911.4 52  8.8 -99-99.9-9.9-9.9
5294020180404 30.6  8.1  0.009999-99.9-99.9-99.9-99.9-9.9 9911.0 51  8.3 -99-99.9-9.9-9.9
5294020180405 23.0 11.0  0.009999-99.9-99.9-99.9-99.9-9.9 99 7.9 44  3.2 -99-99.9-9.9-9.9
5294020180406 21.3  0.5  0.009999-99.9-99.9-99.9-99.9-9.9 99 6.2 47 -0.2 -99-99.9-9.9-9.9
5294020180407 23.4  3.7  0.009999-99.9-99.9-99.9-99.9-9.9 99 9.1 58  5.6 -99-99.9-9.9-9.9
5294020180408 27.4  4.7  0.009999-99.9-99.9-99.9-99.9-9.9 99 9.3 52  5.8 -99-99.9-9.9-9.9
5294020180409 27.1  8.5  0.009999-99.9-99.9-99.9-99.9-9.9 9911.0 57  8.3 -99-99.9-9.9-9.9
5294020180410 31.5  9.9  0.009999-99.9-99.9-99.9-99.9-9.9 9913.2 52 11.0 -99-99.9-9.9-9.9
5294020180411 31.7 10.2  0.009999-99.9-99.9-99.9-99.9-9.9 99 7.6 37  2.7 -99-99.9-9.9-9.9
5294020180412 16.6  5.8  0.009999-99.9-99.9-99.9-99.9-9.9 99 5.8 47 -0.8 -99-99.9-9.9-9.9
5294020180413 20.7 -0.1  0.009999-99.9-99.9-99.9-99.9-9.9 99 5.7 49 -1.0 -99-99.9-9.9-9.9
5294020180414 24.7  0.5  0.009999-99.9-99.9-99.9-99.9-9.9 99 7.4 54  2.5 -99-99.9-9.9-9.9
5294020180415 24.7  2.4  0.009999-99.9-99.9-99.9-99.9-9.9 99 9.0 55  5.3 -99-99.9-9.9-9.9
5294020180416 25.0  5.8  0.009999-99.9-99.9-99.9-99.9-9.9 9911.5 67  8.9 -99-99.9-9.9-9.9
5294020180417 20.9  8.1  0.009999-99.9-99.9-99.9-99.9-9.9 99 8.7 50  4.8 -99-99.9-9.9-9.9
5294020180418 24.5  5.5  0.009999-99.9-99.9-99.9-99.9-9.9 99 8.3 56  4.3 -99-99.9-9.9-9.9
5294020180419 29.6  8.4  0.009999-99.9-99.9-99.9-99.9-9.9 9910.3 51  7.3 -99-99.9-9.9-9.9
5294020180420 29.4  8.8  0.009999-99.9-99.9-99.9-99.9-9.9 9910.4 44  7.5 -99-99.9-9.9-9.9
5294020180421 30.1  9.9  0.009999-99.9-99.9-99.9-99.9-9.9 9911.0 51  8.3 -99-99.9-9.9-9.9
5294020180422 27.1 14.4  0.009999-99.9-99.9-99.9-99.9-9.9 99 8.6 34  4.8 -99-99.9-9.9-9.9
5294020180423 24.1  7.1  0.009999-99.9-99.9-99.9-99.9-9.9 99 9.6 56  6.2 -99-99.9-9.9-9.9
5294020180424 22.5  7.4  0.009999-99.9-99.9-99.9-99.9-9.9 9911.3 67  8.7 -99-99.9-9.9-9.9
5294020180425 24.1 11.4  0.009999-99.9-99.9-99.9-99.9-9.9 9911.5 62  8.9 -99-99.9-9.9-9.9
5294020180426 28.0  7.4  0.009999-99.9-99.9-99.9-99.9-9.9 9912.1 62  9.7 -99-99.9-9.9-9.9
5294020180427 21.2 11.3  0.009999-99.9-99.9-99.9-99.9-9.9 99 9.7 44  5.9 -99-99.9-9.9-9.9
5294020180428 21.1  6.0  0.009999-99.9-99.9-99.9-99.9-9.9 99 7.3 51  2.4 -99-99.9-9.9-9.9
5294020180429 23.8  2.0  0.009999-99.9-99.9-99.9-99.9-9.9 99 7.6 56  2.9 -99-99.9-9.9-9.9
5294020180430 18.2  7.8  0.009999-99.9-99.9-99.9-99.9-9.9 99 6.4 49  0.7 -99-99.9-9.9-9.9
5294020180501 19.2  0.2  0.009999-99.9-99.9-99.9-99.9-9.9 99 7.6 68  2.8 -99-99.9-9.9-9.9
5294020180502 23.5  2.5  0.009999-99.9-99.9-99.9-99.9-9.9 99 9.1 65  5.6 -99-99.9-9.9-9.9
5294020180503 25.5  2.4  0.009999-99.9-99.9-99.9-99.9-9.9 99 9.3 62  5.8 -99-99.9-9.9-9.9
5294020180504 16.4 10.2  0.009999-99.9-99.9-99.9-99.9-9.9 9911.7 78  9.2 -99-99.9-9.9-9.9
5294020180505 17.0  9.0  0.009999-99.9-99.9-99.9-99.9-9.9 9911.3 77  8.8 -99-99.9-9.9-9.9
5294020180506 19.4  9.1  2.519999-99.9-99.9-99.9-99.9-9.9 9911.9 75  9.5 -99-99.9-9.9-9.9
5294020180507 18.3 10.2 25.019999-99.9-99.9-99.9-99.9-9.9 9913.8 90 11.7 -99-99.9-9.9-9.9
5294020180508 20.5 10.7  0.009999-99.9-99.9-99.9-99.9-9.9 9912.8 78 10.6 -99-99.9-9.9-9.9
5294020180509 20.5 10.8  1.219999-99.9-99.9-99.9-99.9-9.9 9912.9 80 10.8 -99-99.9-9.9-9.9
5294020180510 22.0  8.6  0.009999-99.9-99.9-99.9-99.9-9.9 9910.6 74  7.8 -99-99.9-9.9-9.9
5294020180511 20.9  4.2  0.009999-99.9-99.9-99.9-99.9-9.9 99 9.4 69  6.0 -99-99.9-9.9-9.9
5294020180512 22.5  3.9  0.009999-99.9-99.9-99.9-99.9-9.9 99 9.0 68  5.3 -99-99.9-9.9-9.9
5294020180513 17.3  6.4  0.009999-99.9-99.9-99.9-99.9-9.9 9910.1 73  7.1 -99-99.9-9.9-9.9
5294020180514 22.1  4.7  0.009999-99.9-99.9-99.9-99.9-9.9 99 8.2 55  4.2 -99-99.9-9.9-9.9
5294020180515 16.1  6.5  0.009999-99.9-99.9-99.9-99.9-9.9 99 6.3 53  0.3 -99-99.9-9.9-9.9
5294020180516 16.8 -0.3  0.009999-99.9-99.9-99.9-99.9-9.9 99 6.2 65  0.2 -99-99.9-9.9-9.9
5294020180517 22.5 -1.2  0.009999-99.9-99.9-99.9-99.9-9.9 99 6.9 64  1.7 -99-99.9-9.9-9.9
5294020180518 19.1  2.7  0.009999-99.9-99.9-99.9-99.9-9.9 99 7.1 64  2.0 -99-99.9-9.9-9.9
5294020180519 17.5 -1.4  0.009999-99.9-99.9-99.9-99.9-9.9 99 6.3 71  0.4 -99-99.9-9.9-9.9
5294020180520 22.1 -0.8  0.009999-99.9-99.9-99.9-99.9-9.9 99 5.9 49 -0.6 -99-99.9-9.9-9.9
5294020180521 16.8  4.0  0.009999-99.9-99.9-99.9-99.9-9.9 99 7.0 66  1.9 -99-99.9-9.9-9.9
5294020180522 18.1 -0.9  0.009999-99.9-99.9-99.9-99.9-9.9 99 6.5 67  0.9 -99-99.9-9.9-9.9
5294020180523 21.6  0.9  0.009999-99.9-99.9-99.9-99.9-9.9 99 7.2 65  2.3 -99-99.9-9.9-9.9
5294020180524 20.0  0.4  0.009999-99.9-99.9-99.9-99.9-9.9 99 7.2 66  2.3 -99-99.9-9.9-9.9
5294020180525 21.5 -0.4  0.009999-99.9-99.9-99.9-99.9-9.9 99 6.8 65  1.4 -99-99.9-9.9-9.9
5294020180526 24.1  0.5  0.009999-99.9-99.9-99.9-99.9-9.9 99 7.3 58  2.2 -99-99.9-9.9-9.9
5294020180527 18.6 -0.5  0.009999-99.9-99.9-99.9-99.9-9.9 99 6.1 65 -0.1 -99-99.9-9.9-9.9
5294020180528 22.6  1.9  0.009999-99.9-99.9-99.9-99.9-9.9 99 7.6 62  2.9 -99-99.9-9.9-9.9
5294020180529 20.7  3.8  7.019999-99.9-99.9-99.9-99.9-9.9 9910.0 69  7.0 -99-99.9-9.9-9.9
5294020180530 12.8  4.4  0.009999-99.9-99.9-99.9-99.9-9.9 99 8.0 83  3.8 -99-99.9-9.9-9.9
5294020180531  6.0  1.4  1.819999-99.9-99.9-99.9-99.9-9.9 99 6.7 85  1.2 -99-99.9-9.9-9.9
5294020180601  4.9 -3.3  0.009999-99.9-99.9-99.9-99.9-9.9 99 5.6 82 -1.2 -99-99.9-9.9-9.9
5294020180602  4.6  1.4  2.219999-99.9-99.9-99.9-99.9-9.9 99 6.7 89  1.2 -99-99.9-9.9-9.9
5294020180603  2.6  0.4  9.219999-99.9-99.9-99.9-99.9-9.9 99 6.8100  1.5 -99-99.9-9.9-9.9
5294020180604 10.1 -0.7  0.219999-99.9-99.9-99.9-99.9-9.9 99 6.3 85  0.4 -99-99.9-9.9-9.9
5294020180605 11.3 -4.0  0.009999-99.9-99.9-99.9-99.9-9.9 99 5.8 81 -0.9 -99-99.9-9.9-9.9
5294020180606 17.9 -1.6  0.009999-99.9-99.9-99.9-99.9-9.9 99 5.5 57 -1.6 -99-99.9-9.9-9.9
5294020180607 12.2 -4.7  0.009999-99.9-99.9-99.9-99.9-9.9 99 4.9 72 -2.9 -99-99.9-9.9-9.9
5294020180608 24.4 -1.2  0.009999-99.9-99.9-99.9-99.9-9.9 99 5.6 59 -1.2 -99-99.9-9.9-9.9
5294020180609  9.4 -0.2  0.009999-99.9-99.9-99.9-99.9-9.9 99 6.9 76  1.7 -99-99.9-9.9-9.9
5294020180610 15.8  2.0  0.009999-99.9-99.9-99.9-99.9-9.9 99 6.5 66  0.8 -99-99.9-9.9-9.9
5294020180611  9.4  0.1  0.009999-99.9-99.9-99.9-99.9-9.9 99 6.1 76  0.1 -99-99.9-9.9-9.9
5294020180612  6.8 -3.7  0.009999-99.9-99.9-99.9-99.9-9.9 99 5.5 84 -1.5 -99-99.9-9.9-9.9
5294020180613  7.7 -5.1  0.009999-99.9-99.9-99.9-99.9-9.9 99 4.6 76 -4.0 -99-99.9-9.9-9.9
5294020180614  8.4 -6.8  0.009999-99.9-99.9-99.9-99.9-9.9 99 4.2 72 -5.2 -99-99.9-9.9-9.9
5294020180615 11.9 -4.1  0.009999-99.9-99.9-99.9-99.9-9.9 99 4.6 67 -4.0 -99-99.9-9.9-9.9
5294020180616 14.8 -5.6  0.009999-99.9-99.9-99.9-99.9-9.9 99 4.6 69 -3.8 -99-99.9-9.9-9.9
5294020180617 19.2 -3.9  0.009999-99.9-99.9-99.9-99.9-9.9 99 4.8 58 -3.2 -99-99.9-9.9-9.9
5294020180618 20.8 -2.5  0.009999-99.9-99.9-99.9-99.9-9.9 99 5.0 58 -2.8 -99-99.9-9.9-9.9
5294020180619 27.5 -0.6  0.009999-99.9-99.9-99.9-99.9-9.9 99 4.5 37 -4.4 -99-99.9-9.9-9.9
5294020180620 21.6 -0.3  0.009999-99.9-99.9-99.9-99.9-9.9 99 5.2 54 -2.1 -99-99.9-9.9-9.9
5294020180621 16.4  0.9  0.009999-99.9-99.9-99.9-99.9-9.9 99 5.7 60 -1.1 -99-99.9-9.9-9.9
5294020180622 18.2 -1.7  0.009999-99.9-99.9-99.9-99.9-9.9 99 5.5 60 -1.6 -99-99.9-9.9-9.9
5294020180623 15.7 -1.1  0.009999-99.9-99.9-99.9-99.9-9.9 99 5.1 59 -2.4 -99-99.9-9.9-9.9
5294020180624 10.9 -1.6  0.009999-99.9-99.9-99.9-99.9-9.9 99 5.5 82 -1.4 -99-99.9-9.9-9.9
5294020180625 17.3 -3.2  0.009999-99.9-99.9-99.9-99.9-9.9 99 4.8 59 -3.4 -99-99.9-9.9-9.9
5294020180626 16.6 -3.3  0.009999-99.9-99.9-99.9-99.9-9.9 99 4.8 55 -3.3 -99-99.9-9.9-9.9
5294020180627 24.5  0.5  0.009999-99.9-99.9-99.9-99.9-9.9 99 5.2 46 -2.3 -99-99.9-9.9-9.9
5294020180628 19.8  1.0  0.009999-99.9-99.9-99.9-99.9-9.9 99 6.1 54 -0.0 -99-99.9-9.9-9.9
5294020180629 18.7 -0.9  0.009999-99.9-99.9-99.9-99.9-9.9 99 6.6 71  1.0 -99-99.9-9.9-9.9
5294020180630 21.2 -1.0  0.009999-99.9-99.9-99.9-99.9-9.9 99 6.2 64  0.2 -99-99.9-9.9-9.9
5294020180701 18.7 -1.1  0.009999-99.9-99.9-99.9-99.9-9.9 99 6.8 66  1.1 -99-99.9-9.9-9.9
5294020180702  9.5  3.9  7.019999-99.9-99.9-99.9-99.9-9.9 99 7.8 81  3.4 -99-99.9-9.9-9.9
5294020180703  3.9 -1.2  0.519999-99.9-99.9-99.9-99.9-9.9 99 5.8 95 -0.8 -99-99.9-9.9-9.9
5294020180704  1.6 -1.1  0.819999-99.9-99.9-99.9-99.9-9.9 99 6.0 95 -0.4 -99-99.9-9.9-9.9
5294020180705  5.8 -1.2  0.009999-99.9-99.9-99.9-99.9-9.9 99 6.5 92  0.8 -99-99.9-9.9-9.9
5294020180706  5.7  1.6  0.009999-99.9-99.9-99.9-99.9-9.9 99 7.1 91  2.0 -99-99.9-9.9-9.9
5294020180707 13.2 -4.4  0.009999-99.9-99.9-99.9-99.9-9.9 99 6.5 81  0.6 -99-99.9-9.9-9.9
5294020180708  4.8  0.1  0.009999-99.9-99.9-99.9-99.9-9.9 99 6.8 94  1.4 -99-99.9-9.9-9.9
5294020180709  5.8 -1.4  0.009999-99.9-99.9-99.9-99.9-9.9 99 6.2 87  0.3 -99-99.9-9.9-9.9
5294020180710 10.4 -5.0  0.009999-99.9-99.9-99.9-99.9-9.9 99 5.9 87 -0.8 -99-99.9-9.9-9.9
5294020180711 19.2 -4.8  0.009999-99.9-99.9-99.9-99.9-9.9 99 5.3 67 -2.0 -99-99.9-9.9-9.9
5294020180712 19.8 -1.8  0.009999-99.9-99.9-99.9-99.9-9.9 99 5.9 64 -0.5 -99-99.9-9.9-9.9
5294020180713 25.1  0.9  0.009999-99.9-99.9-99.9-99.9-9.9 99 5.1 50 -2.5 -99-99.9-9.9-9.9
5294020180714 22.0  1.4  0.009999-99.9-99.9-99.9-99.9-9.9 99 5.6 40 -1.3 -99-99.9-9.9-9.9
5294020180715 13.8  2.2  0.009999-99.9-99.9-99.9-99.9-9.9 99 5.6 56 -1.4 -99-99.9-9.9-9.9
5294020180716 15.1 -3.7  0.009999-99.9-99.9-99.9-99.9-9.9 99 4.5 57 -4.3 -99-99.9-9.9-9.9
5294020180717 12.0 -2.2  0.009999-99.9-99.9-99.9-99.9-9.9 99 5.4 69 -1.7 -99-99.9-9.9-9.9
5294020180718  6.7  1.9  2.019999-99.9-99.9-99.9-99.9-9.9 99 7.2 89  2.3 -99-99.9-9.9-9.9
5294020180719 10.6 -1.6  3.019999-99.9-99.9-99.9-99.9-9.9 99 5.2 64 -2.4 -99-99.9-9.9-9.9
5294020180720  9.4 -7.7  0.009999-99.9-99.9-99.9-99.9-9.9 99 4.1 74 -5.4 -99-99.9-9.9-9.9
5294020180721 12.5 -5.9  0.009999-99.9-99.9-99.9-99.9-9.9 99 4.5 64 -4.2 -99-99.9-9.9-9.9
5294020180722 10.4 -1.7  0.009999-99.9-99.9-99.9-99.9-9.9 99 4.7 64 -3.4 -99-99.9-9.9-9.9
5294020180723  9.1 -7.2  0.009999-99.9-99.9-99.9-99.9-9.9 99 3.6 64 -7.3 -99-99.9-9.9-9.9
5294020180724 11.3 -7.8  0.009999-99.9-99.9-99.9-99.9-9.9 99 3.2 58 -8.4 -99-99.9-9.9-9.9
5294020180725 14.6 -6.4  0.009999-99.9-99.9-99.9-99.9-9.9 99 3.5 57 -7.5 -99-99.9-9.9-9.9
5294020180726 14.8 -6.3  0.009999-99.9-99.9-99.9-99.9-9.9 99 3.5 52 -7.5 -99-99.9-9.9-9.9
5294020180727  9.5 -3.8  0.009999-99.9-99.9-99.9-99.9-9.9 99 4.3 54 -5.0 -99-99.9-9.9-9.9
5294020180728 15.7 -4.1  0.009999-99.9-99.9-99.9-99.9-9.9 99 5.1 64 -2.4 -99-99.9-9.9-9.9
5294020180729 15.1 -4.8  0.009999-99.9-99.9-99.9-99.9-9.9 99 4.7 65 -3.5 -99-99.9-9.9-9.9
5294020180730 15.8 -4.4  0.009999-99.9-99.9-99.9-99.9-9.9 99 4.4 53 -4.6 -99-99.9-9.9-9.9
5294020180731 15.5 -4.3  0.009999-99.9-99.9-99.9-99.9-9.9 99 4.4 62 -4.5 -99-99.9-9.9-9.9
5294020180801 17.2 -4.0  0.009999-99.9-99.9-99.9-99.9-9.9 99 4.8 56 -3.3 -99-99.9-9.9-9.9
5294020180802 15.6 -2.9  0.009999-99.9-99.9-99.9-99.9-9.9 99 5.3 64 -2.0 -99-99.9-9.9-9.9
5294020180803 19.5 -2.8  0.009999-99.9-99.9-99.9-99.9-9.9 99 4.0 46 -6.3 -99-99.9-9.9-9.9
5294020180804 15.3 -3.8  0.009999-99.9-99.9-99.9-99.9-9.9 99 4.3 53 -4.9 -99-99.9-9.9-9.9
5294020180805 21.9 -1.2  0.009999-99.9-99.9-99.9-99.9-9.9 99 4.7 44 -3.5 -99-99.9-9.9-9.9
5294020180806 22.1  1.0  0.009999-99.9-99.9-99.9-99.9-9.9 99 5.4 53 -1.6 -99-99.9-9.9-9.9
5294020180807 18.9  3.1  0.009999-99.9-99.9-99.9-99.9-9.9 99 3.7 33 -9.0 -99-99.9-9.9-9.9
5294020180808 13.4 -7.2  0.009999-99.9-99.9-99.9-99.9-9.9 99 2.7 43-11.0 -99-99.9-9.9-9.9
5294020180809 14.4 -3.0  0.009999-99.9-99.9-99.9-99.9-9.9 99 3.8 51 -6.5 -99-99.9-9.9-9.9
5294020180810 21.0 -2.4  0.009999-99.9-99.9-99.9-99.9-9.9 99 3.8 39 -6.2 -99-99.9-9.9-9.9
5294020180811 21.7 -2.3  0.009999-99.9-99.9-99.9-99.9-9.9 99 4.1 46 -5.5 -99-99.9-9.9-9.9
5294020180812 21.5  0.8  0.009999-99.9-99.9-99.9-99.9-9.9 99 5.0 40 -2.7 -99-99.9-9.9-9.9
5294020180813 19.5  1.3  0.009999-99.9-99.9-99.9-99.9-9.9 99 5.2 39 -2.8 -99-99.9-9.9-9.9
5294020180814 13.4 -5.4  0.009999-99.9-99.9-99.9-99.9-9.9 99 3.1 44 -9.0 -99-99.9-9.9-9.9
5294020180815 19.2 -3.0  0.009999-99.9-99.9-99.9-99.9-9.9 99 3.7 38 -6.6 -99-99.9-9.9-9.9
5294020180816 22.7 -1.9  0.009999-99.9-99.9-99.9-99.9-9.9 99 4.2 39 -5.2 -99-99.9-9.9-9.9
5294020180817 27.4  0.2  0.009999-99.9-99.9-99.9-99.9-9.9 99 4.6 32 -3.9 -99-99.9-9.9-9.9
5294020180818 11.0  4.6  0.009999-99.9-99.9-99.9-99.9-9.9 99 5.6 57 -1.4 -99-99.9-9.9-9.9
5294020180819 10.8 -0.8  0.009999-99.9-99.9-99.9-99.9-9.9 99 3.0 39 -9.5 -99-99.9-9.9-9.9
5294020180820 13.2 -9.6  0.009999-99.9-99.9-99.9-99.9-9.9 99 2.7 44-10.6 -99-99.9-9.9-9.9
5294020180821 17.9 -7.7  0.009999-99.9-99.9-99.9-99.9-9.9 99 2.8 35-10.2 -99-99.9-9.9-9.9
5294020180822 19.1 -4.2  0.009999-99.9-99.9-99.9-99.9-9.9 99 3.3 36 -8.2 -99-99.9-9.9-9.9
5294020180823 16.7  3.7  0.819999-99.9-99.9-99.9-99.9-9.9 99 5.1 50 -2.9 -99-99.9-9.9-9.9
5294020180824 12.5 -4.2  0.009999-99.9-99.9-99.9-99.9-9.9 99 4.6 56 -3.9 -99-99.9-9.9-9.9
5294020180825 20.8 -4.6  0.009999-99.9-99.9-99.9-99.9-9.9 99 4.4 48 -4.4 -99-99.9-9.9-9.9
5294020180826 25.5 -0.2  0.009999-99.9-99.9-99.9-99.9-9.9 99 4.0 30 -5.6 -99-99.9-9.9-9.9
5294020180827 29.8  2.6  0.009999-99.9-99.9-99.9-99.9-9.9 99 3.5 20 -7.4 -99-99.9-9.9-9.9
5294020180828 26.4  3.5  0.009999-99.9-99.9-99.9-99.9-9.9 99 4.1 27 -5.5 -99-99.9-9.9-9.9
5294020180829 21.7  5.3  0.009999-99.9-99.9-99.9-99.9-9.9 99 4.4 29 -4.5 -99-99.9-9.9-9.9
5294020180830 12.1  5.8  0.009999-99.9-99.9-99.9-99.9-9.9 99 6.8 64  1.6 -99-99.9-9.9-9.9
5294020180831  5.8 -0.4  0.009999-99.9-99.9-99.9-99.9-9.9 99 5.4 70 -1.7 -99-99.9-9.9-9.9
5294020180901 14.5 -0.4  0.009999-99.9-99.9-99.9-99.9-9.9 99 5.6 64 -1.3 -99-99.9-9.9-9.9
5294020180902 22.3 -4.4  0.009999-99.9-99.9-99.9-99.9-9.9 99 4.9 48 -3.1 -99-99.9-9.9-9.9
5294020180903 23.1  0.4  0.009999-99.9-99.9-99.9-99.9-9.9 99 4.6 33 -4.1 -99-99.9-9.9-9.9
5294020180904 25.5  0.9  0.009999-99.9-99.9-99.9-99.9-9.9 99 5.1 38 -2.5 -99-99.9-9.9-9.9
5294020180905 31.8  3.0  0.009999-99.9-99.9-99.9-99.9-9.9 99 4.5 28 -4.2 -99-99.9-9.9-9.9
5294020180906 23.9  6.0  0.009999-99.9-99.9-99.9-99.9-9.9 99 5.6 34 -1.2 -99-99.9-9.9-9.9
5294020180907 22.2  1.2  0.009999-99.9-99.9-99.9-99.9-9.9 99 5.0 37 -2.7 -99-99.9-9.9-9.9
5294020180908 23.3  3.0  0.009999-99.9-99.9-99.9-99.9-9.9 99 6.0 42 -0.6 -99-99.9-9.9-9.9
5294020180909 22.5  4.6  0.009999-99.9-99.9-99.9-99.9-9.9 99 8.0 54  3.8 -99-99.9-9.9-9.9
5294020180910 22.0  2.3  0.009999-99.9-99.9-99.9-99.9-9.9 99 8.6 62  4.8 -99-99.9-9.9-9.9
5294020180911 25.1  3.2  0.009999-99.9-99.9-99.9-99.9-9.9 99 9.6 55  6.2 -99-99.9-9.9-9.9
5294020180912 20.4 11.4  0.009999-99.9-99.9-99.9-99.9-9.9 99 5.7 30 -1.2 -99-99.9-9.9-9.9
5294020180913 23.0  2.7  0.009999-99.9-99.9-99.9-99.9-9.9 99 5.6 39 -1.4 -99-99.9-9.9-9.9
5294020180914 24.0  2.1  0.009999-99.9-99.9-99.9-99.9-9.9 99 7.1 43  2.1 -99-99.9-9.9-9.9
5294020180915 24.0  7.1  1.219999-99.9-99.9-99.9-99.9-9.9 99 7.9 45  3.5 -99-99.9-9.9-9.9
5294020180916 25.3  3.0  0.009999-99.9-99.9-99.9-99.9-9.9 99 5.8 32 -0.7 -99-99.9-9.9-9.9
5294020180917 26.6  5.0  0.009999-99.9-99.9-99.9-99.9-9.9 99 6.7 33  1.3 -99-99.9-9.9-9.9
5294020180918 20.1  9.3  0.009999-99.9-99.9-99.9-99.9-9.9 99 6.1 32 -0.3 -99-99.9-9.9-9.9
5294020180919 21.0  0.3  0.009999-99.9-99.9-99.9-99.9-9.9 99 5.6 43 -1.2 -99-99.9-9.9-9.9
5294020180920 28.0  1.7  0.009999-99.9-99.9-99.9-99.9-9.9 99 4.7 28 -3.6 -99-99.9-9.9-9.9
5294020180921 29.8  7.6  0.009999-99.9-99.9-99.9-99.9-9.9 99 6.0 37 -0.5 -99-99.9-9.9-9.9
5294020180922 31.6  7.6  0.009999-99.9-99.9-99.9-99.9-9.9 99 2.5 12-14.3 -99-99.9-9.9-9.9
5294020180923 26.2  6.4  0.009999-99.9-99.9-99.9-99.9-9.9 99 5.2 28 -2.2 -99-99.9-9.9-9.9
5294020180924 22.3  5.9  0.009999-99.9-99.9-99.9-99.9-9.9 99 5.5 35 -1.5 -99-99.9-9.9-9.9
5294020180925 26.6  4.2  0.009999-99.9-99.9-99.9-99.9-9.9 99 5.8 28 -0.8 -99-99.9-9.9-9.9
5294020180926 19.4  8.6  0.009999-99.9-99.9-99.9-99.9-9.9 99 8.1 57  3.8 -99-99.9-9.9-9.9
5294020180927 22.1  7.8  0.009999-99.9-99.9-99.9-99.9-9.9 9910.5 65  7.6 -99-99.9-9.9-9.9
5294020180928 22.4 10.1  0.009999-99.9-99.9-99.9-99.9-9.9 9910.0 56  6.3 -99-99.9-9.9-9.9
5294020180929 20.4 11.0  0.819999-99.9-99.9-99.9-99.9-9.9 9910.2 59  7.2 -99-99.9-9.9-9.9
5294020180930 24.8  8.8  0.009999-99.9-99.9-99.9-99.9-9.9 99 6.7 35  0.8 -99-99.9-9.9-9.9
5294020181001 16.0  4.0  0.009999-99.9-99.9-99.9-99.9-9.9 99 4.0 32 -5.9 -99-99.9-9.9-9.9
5294020181002 24.8 -2.3  0.009999-99.9-99.9-99.9-99.9-9.9 99 3.9 26 -6.0 -99-99.9-9.9-9.9
5294020181003 21.3  1.0  0.009999-99.9-99.9-99.9-99.9-9.9 99 3.6 26 -7.2 -99-99.9-9.9-9.9
5294020181004 23.8  2.1  0.009999-99.9-99.9-99.9-99.9-9.9 99 4.4 25 -4.5 -99-99.9-9.9-9.9
5294020181005 25.9  4.4  0.009999-99.9-99.9-99.9-99.9-9.9 99 5.7 30 -1.2 -99-99.9-9.9-9.9
5294020181006 29.6  5.8  0.009999-99.9-99.9-99.9-99.9-9.9 99 6.2 25  0.2 -99-99.9-9.9-9.9
5294020181007 30.2  9.0  0.009999-99.9-99.9-99.9-99.9-9.9 99 6.0 20 -0.6 -99-99.9-9.9-9.9
5294020181008 27.3 11.2  0.009999-99.9-99.9-99.9-99.9-9.9 99 4.1 21 -5.7 -99-99.9-9.9-9.9
5294020181009 20.9  4.1  0.009999-99.9-99.9-99.9-99.9-9.9 99 4.9 30 -3.2 -99-99.9-9.9-9.9
5294020181010 16.6  2.9  0.009999-99.9-99.9-99.9-99.9-9.9 99 3.3 26 -8.3 -99-99.9-9.9-9.9
5294020181011 22.0  5.7  0.009999-99.9-99.9-99.9-99.9-9.9 99 4.6 30 -4.1 -99-99.9-9.9-9.9
5294020181012 25.1  3.7 10.219999-99.9-99.9-99.9-99.9-9.9 99 6.6 43  0.4 -99-99.9-9.9-9.9
5294020181013 21.2  9.2  1.219999-99.9-99.9-99.9-99.9-9.9 9910.2 65  7.2 -99-99.9-9.9-9.9
5294020181014 27.1  4.0  0.009999-99.9-99.9-99.9-99.9-9.9 99 8.2 41  3.9 -99-99.9-9.9-9.9
5294020181015 29.5  6.7  0.009999-99.9-99.9-99.9-99.9-9.9 99 7.9 33  3.4 -99-99.9-9.9-9.9
5294020181016 27.6  7.0  0.009999-99.9-99.9-99.9-99.9-9.9 99 5.2 22 -2.3 -99-99.9-9.9-9.9
5294020181017 27.8  5.0  0.009999-99.9-99.9-99.9-99.9-9.9 99 4.4 19 -5.0 -99-99.9-9.9-9.9
5294020181018 23.8  8.4 17.019999-99.9-99.9-99.9-99.9-9.9 99 8.9 60  4.5 -99-99.9-9.9-9.9
5294020181019 16.2 10.4  0.009999-99.9-99.9-99.9-99.9-9.9 9912.7 86 10.4 -99-99.9-9.9-9.9
5294020181020 22.8 10.2  0.009999-99.9-99.9-99.9-99.9-9.9 9912.4 72 10.2 -99-99.9-9.9-9.9
5294020181021 22.6 12.0  0.009999-99.9-99.9-99.9-99.9-9.9 9912.4 66 10.1 -99-99.9-9.9-9.9
5294020181022 19.7 12.3  0.009999-99.9-99.9-99.9-99.9-9.9 9910.0 51  6.6 -99-99.9-9.9-9.9
5294020181023 19.9  9.0  1.819999-99.9-99.9-99.9-99.9-9.9 99 8.8 62  4.9 -99-99.9-9.9-9.9
5294020181024 24.0  8.2 49.819999-99.9-99.9-99.9-99.9-9.9 9910.9 54  8.2 -99-99.9-9.9-9.9
5294020181025 19.2  9.7  0.009999-99.9-99.9-99.9-99.9-9.9 9911.6 72  9.2 -99-99.9-9.9-9.9
5294020181026 25.6  9.7  0.009999-99.9-99.9-99.9-99.9-9.9 9911.5 60  9.0 -99-99.9-9.9-9.9
5294020181027 26.3 11.1  2.819999-99.9-99.9-99.9-99.9-9.9 9912.6 63 10.4 -99-99.9-9.9-9.9
5294020181028 25.8  8.0  0.009999-99.9-99.9-99.9-99.9-9.9 9911.9 51  9.4 -99-99.9-9.9-9.9
5294020181029 26.0 11.4  0.009999-99.9-99.9-99.9-99.9-9.9 9911.4 46  8.8 -99-99.9-9.9-9.9
5294020181030 25.9 10.2 13.519999-99.9-99.9-99.9-99.9-9.9 9910.5 51  7.6 -99-99.9-9.9-9.9
5294020181031 20.9  9.6  0.219999-99.9-99.9-99.9-99.9-9.9 9911.7 75  9.2 -99-99.9-9.9-9.9
5294020181101 22.8  8.8  0.009999-99.9-99.9-99.9-99.9-9.9 9911.6 67  9.1 -99-99.9-9.9-9.9
5294020181102 29.8 11.9  0.009999-99.9-99.9-99.9-99.9-9.9 99 9.1 40  2.9 -99-99.9-9.9-9.9
5294020181103 28.4  9.2  0.009999-99.9-99.9-99.9-99.9-9.9 99 8.2 42  3.8 -99-99.9-9.9-9.9
5294020181104 33.8 13.3  0.009999-99.9-99.9-99.9-99.9-9.9 99 8.9 27  4.1 -99-99.9-9.9-9.9
5294020181105 27.3 12.8  3.219999-99.9-99.9-99.9-99.9-9.9 99 9.8 35  6.5 -99-99.9-9.9-9.9
5294020181106 21.6 11.1  0.009999-99.9-99.9-99.9-99.9-9.9 9912.3 62 10.0 -99-99.9-9.9-9.9
5294020181107 24.0 13.8  0.009999-99.9-99.9-99.9-99.9-9.9 9913.6 63 11.5 -99-99.9-9.9-9.9
5294020181108 30.4 11.5  0.009999-99.9-99.9-99.9-99.9-9.9 9913.6 50 11.4 -99-99.9-9.9-9.9
5294020181109 31.5 13.9  0.009999-99.9-99.9-99.9-99.9-9.9 9910.5 32  7.2 -99-99.9-9.9-9.9
5294020181110 29.9 15.6  5.819999-99.9-99.9-99.9-99.9-9.9 9912.0 49  9.4 -99-99.9-9.9-9.9
5294020181111 23.7 12.1 12.219999-99.9-99.9-99.9-99.9-9.9 9913.1 69 11.0 -99-99.9-9.9-9.9
5294020181112 16.1 10.3 29.519999-99.9-99.9-99.9-99.9-9.9 9912.2 87  9.8 -99-99.9-9.9-9.9
5294020181113 21.1  5.0  0.009999-99.9-99.9-99.9-99.9-9.9 99 8.8 56  4.9 -99-99.9-9.9-9.9
5294020181114 25.6  2.9  0.009999-99.9-99.9-99.9-99.9-9.9 99 7.8 34  3.4 -99-99.9-9.9-9.9
5294020181115 28.2  9.7  0.009999-99.9-99.9-99.9-99.9-9.9 99 8.2 32  4.1 -99-99.9-9.9-9.9
5294020181116 26.9  9.9  0.009999-99.9-99.9-99.9-99.9-9.9 99 9.6 44  6.1 -99-99.9-9.9-9.9
5294020181117 25.4  9.4  0.009999-99.9-99.9-99.9-99.9-9.9 99 9.0 46  5.3 -99-99.9-9.9-9.9
5294020181118 24.3  3.7  0.009999-99.9-99.9-99.9-99.9-9.9 99 8.0 36  3.7 -99-99.9-9.9-9.9
5294020181119 31.0  6.9  0.009999-99.9-99.9-99.9-99.9-9.9 99 9.5 36  6.1 -99-99.9-9.9-9.9
5294020181120 32.9 11.0  0.009999-99.9-99.9-99.9-99.9-9.9 99 8.1 26  3.8 -99-99.9-9.9-9.9
5294020181121 36.4 11.3  0.009999-99.9-99.9-99.9-99.9-9.9 99 8.1 19  2.3 -99-99.9-9.9-9.9
5294020181122 29.7 15.2  0.009999-99.9-99.9-99.9-99.9-9.9 99 7.5 37  2.6 -99-99.9-9.9-9.9
5294020181123 26.4  5.6  0.009999-99.9-99.9-99.9-99.9-9.9 99 7.9 38  3.5 -99-99.9-9.9-9.9
5294020181124 28.3  6.0  0.009999-99.9-99.9-99.9-99.9-9.9 99 6.6 31  0.9 -99-99.9-9.9-9.9
5294020181125 30.9  9.7  0.009999-99.9-99.9-99.9-99.9-9.9 9910.3 41  7.2 -99-99.9-9.9-9.9
5294020181126 28.3 12.1  0.009999-99.9-99.9-99.9-99.9-9.9 9913.7 55 11.6 -99-99.9-9.9-9.9
5294020181127 27.4 13.8  0.009999-99.9-99.9-99.9-99.9-9.9 9912.1 42  9.7 -99-99.9-9.9-9.9
5294020181128 28.4 14.0  0.009999-99.9-99.9-99.9-99.9-9.9 9913.5 55 11.4 -99-99.9-9.9-9.9
5294020181129 30.0 10.5  0.009999-99.9-99.9-99.9-99.9-9.9 9912.5 47 10.2 -99-99.9-9.9-9.9
5294020181130 27.7  9.3  7.819999-99.9-99.9-99.9-99.9-9.9 9910.2 47  7.1 -99-99.9-9.9-9.9
5294020181201 14.8  7.7  0.009999-99.9-99.9-99.9-99.9-9.9 99 9.8 71  6.5 -99-99.9-9.9-9.9
5294020181202 22.4  8.5  0.009999-99.9-99.9-99.9-99.9-9.9 99 8.4 42  4.5 -99-99.9-9.9-9.9
5294020181203 29.4  5.1  0.009999-99.9-99.9-99.9-99.9-9.9 99 9.4 35  6.0 -99-99.9-9.9-9.9
5294020181204 25.9 13.1 22.019999-99.9-99.9-99.9-99.9-9.9 9910.4 53  7.3 -99-99.9-9.9-9.9
5294020181205 19.0 10.1 18.819999-99.9-99.9-99.9-99.9-9.9 9911.9 80  9.5 -99-99.9-9.9-9.9
5294020181206 22.3 10.2  0.009999-99.9-99.9-99.9-99.9-9.9 9912.5 71 10.2 -99-99.9-9.9-9.9
5294020181207 26.9  8.3  0.009999-99.9-99.9-99.9-99.9-9.9 9912.2 49  9.9 -99-99.9-9.9-9.9
5294020181208 30.6 10.7  0.009999-99.9-99.9-99.9-99.9-9.9 9911.9 47  9.3 -99-99.9-9.9-9.9
5294020181209 28.0 12.5  0.009999-99.9-99.9-99.9-99.9-9.9 9910.0 43  6.9 -99-99.9-9.9-9.9
5294020181210 34.1 11.7  0.009999-99.9-99.9-99.9-99.9-9.9 9911.9 37  9.4 -99-99.9-9.9-9.9
5294020181211 32.3 14.9  4.019999-99.9-99.9-99.9-99.9-9.9 99 9.1 32  5.5 -99-99.9-9.9-9.9
5294020181212 26.2 14.0  0.009999-99.9-99.9-99.9-99.9-9.9 9910.4 49  7.4 -99-99.9-9.9-9.9
5294020181213 32.2 10.5  0.009999-99.9-99.9-99.9-99.9-9.9 99 7.8 21  0.7 -99-99.9-9.9-9.9
5294020181214 25.6 10.7  0.009999-99.9-99.9-99.9-99.9-9.9 99 9.5 41  6.1 -99-99.9-9.9-9.9
5294020181215 29.8  6.1  0.009999-99.9-99.9-99.9-99.9-9.9 99 8.0 29  3.7 -99-99.9-9.9-9.9
5294020181216 34.3 10.3  0.009999-99.9-99.9-99.9-99.9-9.9 99 9.9 29  6.7 -99-99.9-9.9-9.9
5294020181217 26.0 16.9  0.009999-99.9-99.9-99.9-99.9-9.9 99 8.1 33  3.9 -99-99.9-9.9-9.9
5294020181218 26.8 13.6  0.009999-99.9-99.9-99.9-99.9-9.9 9910.2 41  7.2 -99-99.9-9.9-9.9
5294020181219 32.3 10.0  0.009999-99.9-99.9-99.9-99.9-9.9 9910.8 34  8.1 -99-99.9-9.9-9.9
5294020181220 22.9 11.2  0.219999-99.9-99.9-99.9-99.9-9.9 9910.4 50  7.5 -99-99.9-9.9-9.9
5294020181221 28.8  6.5  0.009999-99.9-99.9-99.9-99.9-9.9 99 9.2 34  5.7 -99-99.9-9.9-9.9
5294020181222 33.9 10.3  0.009999-99.9-99.9-99.9-99.9-9.9 99 8.9 24  5.3 -99-99.9-9.9-9.9
5294020181223 34.8 13.3  0.009999-99.9-99.9-99.9-99.9-9.9 99 9.5 24  6.1 -99-99.9-9.9-9.9
5294020181224 35.2 14.8  0.009999-99.9-99.9-99.9-99.9-9.9 9911.2 30  8.6 -99-99.9-9.9-9.9
5294020181225 37.2 15.6  0.009999-99.9-99.9-99.9-99.9-9.9 9912.3 29  9.9 -99-99.9-9.9-9.9
5294020181226 36.2 17.2  0.009999-99.9-99.9-99.9-99.9-9.9 9915.0 33 13.0 -99-99.9-9.9-9.9
5294020181227 31.0 15.9  0.009999-99.9-99.9-99.9-99.9-9.9 9913.0 37 10.8 -99-99.9-9.9-9.9
5294020181228 33.5 17.4  0.009999-99.9-99.9-99.9-99.9-9.9 9915.5 47 13.5 -99-99.9-9.9-9.9
5294020181229 36.2 17.1  0.009999-99.9-99.9-99.9-99.9-9.9 9911.6 29  4.2 -99-99.9-9.9-9.9
5294020181230 30.2  8.3  0.009999-99.9-99.9-99.9-99.9-9.9 99 6.3 28  0.1 -99-99.9-9.9-9.9
5294020181231 35.1  7.5  0.009999-99.9-99.9-99.9-99.9-9.9 99 7.6 22  2.6 -99-99.9-9.9-9.9
5294020190101 35.3 15.0  0.009999-99.9-99.9-99.9-99.9-9.9 9914.1 37 12.0 -99-99.9-9.9-9.9
5294020190102 29.7 20.7  0.009999-99.9-99.9-99.9-99.9-9.9 9910.4 33  6.8 -99-99.9-9.9-9.9
5294020190103 29.4  6.2  0.009999-99.9-99.9-99.9-99.9-9.9 99 6.0 23 -0.4 -99-99.9-9.9-9.9
5294020190104 33.9 11.5  0.009999-99.9-99.9-99.9-99.9-9.9 99 9.2 27  5.2 -99-99.9-9.9-9.9
5294020190105 35.7 14.7  3.019999-99.9-99.9-99.9-99.9-9.9 9914.7 38 12.6 -99-99.9-9.9-9.9
5294020190106 29.6 16.0  0.009999-99.9-99.9-99.9-99.9-9.9 9911.8 36  8.8 -99-99.9-9.9-9.9
5294020190107 31.6 10.1  0.009999-99.9-99.9-99.9-99.9-9.9 99 7.7 28  2.9 -99-99.9-9.9-9.9
5294020190108 31.9 11.6  0.009999-99.9-99.9-99.9-99.9-9.9 99 8.6 27  4.7 -99-99.9-9.9-9.9
5294020190109 28.6  9.5  0.519999-99.9-99.9-99.9-99.9-9.9 99 8.9 38  5.2 -99-99.9-9.9-9.9
5294020190110 19.9  6.8  0.009999-99.9-99.9-99.9-99.9-9.9 99 7.8 50  3.3 -99-99.9-9.9-9.9
5294020190111 27.4  4.3  0.009999-99.9-99.9-99.9-99.9-9.9 99 8.5 35  4.6 -99-99.9-9.9-9.9
5294020190112 32.3  9.6  0.009999-99.9-99.9-99.9-99.9-9.9 9912.4 51 10.0 -99-99.9-9.9-9.9
5294020190113 26.6 15.3 12.219999-99.9-99.9-99.9-99.9-9.9 9910.4 38  7.3 -99-99.9-9.9-9.9
5294020190114 23.3 14.8  0.009999-99.9-99.9-99.9-99.9-9.9 9914.0 65 11.8 -99-99.9-9.9-9.9
5294020190115 31.2  8.1  0.009999-99.9-99.9-99.9-99.9-9.9 9910.6 29  7.6 -99-99.9-9.9-9.9
5294020190116 34.0 12.3  0.009999-99.9-99.9-99.9-99.9-9.9 9911.1 32  8.4 -99-99.9-9.9-9.9
5294020190117 21.4 12.2  1.519999-99.9-99.9-99.9-99.9-9.9 9912.1 77  9.8 -99-99.9-9.9-9.9
5294020190118 25.7  6.7  0.009999-99.9-99.9-99.9-99.9-9.9 9910.6 52  7.8 -99-99.9-9.9-9.9
5294020190119 30.3  8.7  0.009999-99.9-99.9-99.9-99.9-9.9 9911.7 41  9.2 -99-99.9-9.9-9.9
5294020190120 31.7  9.5  0.009999-99.9-99.9-99.9-99.9-9.9 9913.3 42 11.1 -99-99.9-9.9-9.9
5294020190121 33.1 13.7  0.009999-99.9-99.9-99.9-99.9-9.9 9912.6 33 10.2 -99-99.9-9.9-9.9
5294020190122 36.1 15.2  0.009999-99.9-99.9-99.9-99.9-9.9 9913.8 32 11.8 -99-99.9-9.9-9.9
5294020190123 35.3 21.4 14.519999-99.9-99.9-99.9-99.9-9.9 9912.2 30  8.9 -99-99.9-9.9-9.9
5294020190124 35.4 20.2  0.009999-99.9-99.9-99.9-99.9-9.9 9922.5 53 19.3 -99-99.9-9.9-9.9
5294020190125 37.3 22.2  0.009999-99.9-99.9-99.9-99.9-9.9 9921.5 55 18.6 -99-99.9-9.9-9.9
5294020190126 32.9 19.6  0.009999-99.9-99.9-99.9-99.9-9.9 9914.9 35 12.4 -99-99.9-9.9-9.9
5294020190127 35.3 19.3  0.009999-99.9-99.9-99.9-99.9-9.9 9918.6 47 16.3 -99-99.9-9.9-9.9
5294020190128 35.8 19.5  0.009999-99.9-99.9-99.9-99.9-9.9 9916.7 42 14.6 -99-99.9-9.9-9.9
5294020190129 37.8 19.0 13.519999-99.9-99.9-99.9-99.9-9.9 9917.5 46 15.3 -99-99.9-9.9-9.9
5294020190130 35.4 15.1  0.009999-99.9-99.9-99.9-99.9-9.9 9913.8 38 11.6 -99-99.9-9.9-9.9
5294020190131 34.3 16.3  0.009999-99.9-99.9-99.9-99.9-9.9 9916.4 47 14.3 -99-99.9-9.9-9.9
5294020190201 32.8 16.3  6.019999-99.9-99.9-99.9-99.9-9.9 9913.6 43 11.4 -99-99.9-9.9-9.9
5294020190202 25.8 16.1 12.019999-99.9-99.9-99.9-99.9-9.9 9917.1 81 15.0 -99-99.9-9.9-9.9
5294020190203 18.6 14.7  1.019999-99.9-99.9-99.9-99.9-9.9 9917.0 91 15.0 -99-99.9-9.9-9.9
5294020190204 26.4 15.7  0.009999-99.9-99.9-99.9-99.9-9.9 9918.5 73 16.3 -99-99.9-9.9-9.9
5294020190205 32.2 13.4  0.009999-99.9-99.9-99.9-99.9-9.9 9917.1 53 15.0 -99-99.9-9.9-9.9
5294020190206 34.1 13.7  0.009999-99.9-99.9-99.9-99.9-9.9 9917.1 49 15.0 -99-99.9-9.9-9.9
5294020190207 34.3 15.9  0.009999-99.9-99.9-99.9-99.9-9.9 9910.4 28  7.1 -99-99.9-9.9-9.9
5294020190208 31.1 13.4  0.009999-99.9-99.9-99.9-99.9-9.9 9913.6 47 11.4 -99-99.9-9.9-9.9
5294020190209 34.3 18.9  0.009999-99.9-99.9-99.9-99.9-9.9 9916.9 49 14.8 -99-99.9-9.9-9.9
5294020190210 33.4 15.7  0.009999-99.9-99.9-99.9-99.9-9.9 9911.5 32  8.7 -99-99.9-9.9-9.9
5294020190211 24.5  9.4 11.519999-99.9-99.9-99.9-99.9-9.9 99 9.6 86  6.0 -99-99.9-9.9-9.9
5294020190212 21.3  8.7  0.009999-99.9-99.9-99.9-99.9-9.9 9910.0 55  6.9 -99-99.9-9.9-9.9
5294020190213 28.6  9.5  0.009999-99.9-99.9-99.9-99.9-9.9 9910.8 43  7.9 -99-99.9-9.9-9.9
5294020190214 34.1  9.0  0.009999-99.9-99.9-99.9-99.9-9.9 99 9.0 28  5.3 -99-99.9-9.9-9.9
5294020190215 34.2 13.2  0.009999-99.9-99.9-99.9-99.9-9.9 99 9.5 32  6.2 -99-99.9-9.9-9.9
5294020190216 35.2 13.7  0.009999-99.9-99.9-99.9-99.9-9.9 9911.1 32  8.4 -99-99.9-9.9-9.9
5294020190217 35.5 13.2  0.009999-99.9-99.9-99.9-99.9-9.9 9912.8 35 10.6 -99-99.9-9.9-9.9
5294020190218 36.8 14.7  0.219999-99.9-99.9-99.9-99.9-9.9 9913.0 34 10.6 -99-99.9-9.9-9.9
5294020190219 33.3 16.7  0.009999-99.9-99.9-99.9-99.9-9.9 99 9.5 28  5.8 -99-99.9-9.9-9.9
5294020190220 36.2 15.8  0.009999-99.9-99.9-99.9-99.9-9.9 9911.9 32  9.4 -99-99.9-9.9-9.9
5294020190221 35.2 19.3  0.009999-99.9-99.9-99.9-99.9-9.9 9913.9 38 11.8 -99-99.9-9.9-9.9
5294020190222 31.2 18.4  0.009999-99.9-99.9-99.9-99.9-9.9 9912.7 36 10.2 -99-99.9-9.9-9.9
5294020190223 30.6 17.1  0.009999-99.9-99.9-99.9-99.9-9.9 9912.6 44 10.3 -99-99.9-9.9-9.9
5294020190224 27.2 13.4  0.009999-99.9-99.9-99.9-99.9-9.9 99 7.7 29  2.9 -99-99.9-9.9-9.9
5294020190225 23.6  8.0  0.009999-99.9-99.9-99.9-99.9-9.9 99 5.2 25 -2.4 -99-99.9-9.9-9.9
5294020190226 26.2  4.0  0.009999-99.9-99.9-99.9-99.9-9.9 99 7.3 36  2.5 -99-99.9-9.9-9.9
5294020190227 31.8  8.1  0.009999-99.9-99.9-99.9-99.9-9.9 99 8.3 32  4.2 -99-99.9-9.9-9.9
5294020190228 31.9 10.6  0.009999-99.9-99.9-99.9-99.9-9.9 99 8.7 31  4.6 -99-99.9-9.9-9.9
5294020190301 34.6 17.4  0.009999-99.9-99.9-99.9-99.9-9.9 99 7.9 22  3.3 -99-99.9-9.9-9.9
5294020190302 30.1  8.3  0.009999-99.9-99.9-99.9-99.9-9.9 99 7.7 31  3.0 -99-99.9-9.9-9.9
5294020190303 35.0 13.7  0.009999-99.9-99.9-99.9-99.9-9.9 9910.5 34  7.6 -99-99.9-9.9-9.9
5294020190304 30.8 10.9  0.009999-99.9-99.9-99.9-99.9-9.9 99 9.5 29  6.2 -99-99.9-9.9-9.9
5294020190305 27.4 15.5  0.009999-99.9-99.9-99.9-99.9-9.9 9911.2 46  8.4 -99-99.9-9.9-9.9
5294020190306 30.7 10.1  0.009999-99.9-99.9-99.9-99.9-9.9 9913.3 49 11.0 -99-99.9-9.9-9.9
5294020190307 34.2 13.4  0.009999-99.9-99.9-99.9-99.9-9.9 9910.6 35  7.6 -99-99.9-9.9-9.9
5294020190308 23.9 11.7  3.519999-99.9-99.9-99.9-99.9-9.9 99 7.6 49  2.7 -99-99.9-9.9-9.9
5294020190309 15.3  9.6  0.819999-99.9-99.9-99.9-99.9-9.9 9911.8 85  9.4 -99-99.9-9.9-9.9
5294020190310 15.6 10.6  0.009999-99.9-99.9-99.9-99.9-9.9 9913.2 92 11.1 -99-99.9-9.9-9.9
5294020190311 24.0  9.6  0.009999-99.9-99.9-99.9-99.9-9.9 9912.5 67 10.2 -99-99.9-9.9-9.9
5294020190312 29.7  7.3  0.819999-99.9-99.9-99.9-99.9-9.9 9911.2 51  8.4 -99-99.9-9.9-9.9
5294020190313 28.0  8.1  0.009999-99.9-99.9-99.9-99.9-9.9 9911.8 56  9.4 -99-99.9-9.9-9.9
5294020190314 30.0  9.6  0.519999-99.9-99.9-99.9-99.9-9.9 9911.2 46  8.5 -99-99.9-9.9-9.9
5294020190315 24.8  8.5  0.009999-99.9-99.9-99.9-99.9-9.9 99 7.8 40  2.9 -99-99.9-9.9-9.9
5294020190316 17.7 13.8  0.219999-99.9-99.9-99.9-99.9-9.9 9912.5 72 10.1 -99-99.9-9.9-9.9
5294020190317 26.4  3.8  0.009999-99.9-99.9-99.9-99.9-9.9 99 9.8 55  6.6 -99-99.9-9.9-9.9
5294020190318 27.3  7.7  0.009999-99.9-99.9-99.9-99.9-9.9 9910.3 50  7.4 -99-99.9-9.9-9.9
5294020190319 21.0  2.8  0.009999-99.9-99.9-99.9-99.9-9.9 99 5.3 32 -2.0 -99-99.9-9.9-9.9
5294020190320 19.6  0.7  0.009999-99.9-99.9-99.9-99.9-9.9 99 5.1 39 -2.5 -99-99.9-9.9-9.9
5294020190321 23.8  1.2  0.009999-99.9-99.9-99.9-99.9-9.9 99 7.1 45  1.9 -99-99.9-9.9-9.9
5294020190322 27.2  4.8  0.009999-99.9-99.9-99.9-99.9-9.9 99 8.1 41  3.9 -99-99.9-9.9-9.9
5294020190323 30.9  6.1  0.009999-99.9-99.9-99.9-99.9-9.9 9910.3 48  7.4 -99-99.9-9.9-9.9
5294020190324 25.0 11.5  0.009999-99.9-99.9-99.9-99.9-9.9 99 6.5 32  0.6 -99-99.9-9.9-9.9
5294020190325 24.9  4.6  0.009999-99.9-99.9-99.9-99.9-9.9 99 6.8 42  1.5 -99-99.9-9.9-9.9
5294020190326 21.6  4.1  0.009999-99.9-99.9-99.9-99.9-9.9 99 9.0 61  5.3 -99-99.9-9.9-9.9
5294020190327 18.1 11.2  0.009999-99.9-99.9-99.9-99.9-9.9 9912.4 76 10.2 -99-99.9-9.9-9.9
5294020190328 24.8 12.3  0.009999-99.9-99.9-99.9-99.9-9.9 9912.3 68 10.0 -99-99.9-9.9-9.9
5294020190329 29.6  6.2  0.009999-99.9-99.9-99.9-99.9-9.9 9910.4 53  7.5 -99-99.9-9.9-9.9
5294020190330 28.2  7.5  0.009999-99.9-99.9-99.9-99.9-9.9 9910.5 43  7.5 -99-99.9-9.9-9.9
5294020190331 32.8 14.7  5.019999-99.9-99.9-99.9-99.9-9.9 9912.9 61 10.6 -99-99.9-9.9-9.9
5294020190401 28.7 10.9  0.009999-99.9-99.9-99.9-99.9-9.9 9914.2 62 12.1 -99-99.9-9.9-9.9
5294020190402 33.2  9.3  0.009999-99.9-99.9-99.9-99.9-9.9 9911.5 36  9.0 -99-99.9-9.9-9.9
5294020190403 30.0 10.7  0.009999-99.9-99.9-99.9-99.9-9.9 9910.0 43  6.8 -99-99.9-9.9-9.9
5294020190404 27.2 13.4  0.009999-99.9-99.9-99.9-99.9-9.9 99 6.0 26 -1.0 -99-99.9-9.9-9.9
5294020190405 24.7  2.9  0.009999-99.9-99.9-99.9-99.9-9.9 99 6.1 40 -0.1 -99-99.9-9.9-9.9
5294020190406 31.0  3.2  0.009999-99.9-99.9-99.9-99.9-9.9 99 5.6 32 -1.4 -99-99.9-9.9-9.9
5294020190407 30.3  4.8  0.009999-99.9-99.9-99.9-99.9-9.9 99 5.4 24 -1.9 -99-99.9-9.9-9.9
5294020190408 29.7  6.5  0.009999-99.9-99.9-99.9-99.9-9.9 99 6.7 31  1.1 -99-99.9-9.9-9.9
5294020190409 29.3  6.8  0.009999-99.9-99.9-99.9-99.9-9.9 99 6.4 27  0.6 -99-99.9-9.9-9.9
5294020190410 26.5  9.7  0.009999-99.9-99.9-99.9-99.9-9.9 99 5.9 28 -0.6 -99-99.9-9.9-9.9
5294020190411 25.6  5.1  0.009999-99.9-99.9-99.9-99.9-9.9 99 7.4 46  2.6 -99-99.9-9.9-9.9
5294020190412 27.5  6.1  0.009999-99.9-99.9-99.9-99.9-9.9 99 8.5 45  4.4 -99-99.9-9.9-9.9
5294020190413 25.8  9.9  0.009999-99.9-99.9-99.9-99.9-9.9 99 7.6 31  2.6 -99-99.9-9.9-9.9
5294020190414 25.7  8.2  0.009999-99.9-99.9-99.9-99.9-9.9 99 6.6 32  0.4 -99-99.9-9.9-9.9
5294020190415 23.7  9.0  0.009999-99.9-99.9-99.9-99.9-9.9 99 6.9 42  1.6 -99-99.9-9.9-9.9
5294020190416 25.5  3.2  0.009999-99.9-99.9-99.9-99.9-9.9 99 9.3 60  5.8 -99-99.9-9.9-9.9
5294020190417 31.9  4.9  0.009999-99.9-99.9-99.9-99.9-9.9 99 8.9 42  4.9 -99-99.9-9.9-9.9
5294020190418 27.5  7.9  0.009999-99.9-99.9-99.9-99.9-9.9 9911.0 54  8.3 -99-99.9-9.9-9.9
5294020190419 27.7 11.7  3.219999-99.9-99.9-99.9-99.9-9.9 9911.7 50  9.3 -99-99.9-9.9-9.9
5294020190420 24.5 12.7  3.219999-99.9-99.9-99.9-99.9-9.9 9911.3 64  8.5 -99-99.9-9.9-9.9
5294020190421 22.8  7.8  3.819999-99.9-99.9-99.9-99.9-9.9 99 8.2 49  3.9 -99-99.9-9.9-9.9
5294020190422 22.0  9.3  0.219999-99.9-99.9-99.9-99.9-9.9 9911.4 73  8.8 -99-99.9-9.9-9.9
5294020190423 19.9 11.2  0.009999-99.9-99.9-99.9-99.9-9.9 9912.6 81 10.4 -99-99.9-9.9-9.9
5294020190424 18.2  9.1  4.519999-99.9-99.9-99.9-99.9-9.9 9912.6 85 10.3 -99-99.9-9.9-9.9
5294020190425 15.8  8.3  0.009999-99.9-99.9-99.9-99.9-9.9 9912.0 86  9.6 -99-99.9-9.9-9.9
5294020190426 19.6  7.9  0.009999-99.9-99.9-99.9-99.9-9.9 9911.1 76  8.5 -99-99.9-9.9-9.9
5294020190427 21.0  3.0  0.009999-99.9-99.9-99.9-99.9-9.9 99 9.7 76  6.4 -99-99.9-9.9-9.9
5294020190428 26.8  3.7  0.009999-99.9-99.9-99.9-99.9-9.9 99 9.7 65  6.4 -99-99.9-9.9-9.9
5294020190429 20.1  9.4  0.009999-99.9-99.9-99.9-99.9-9.9 9910.0 60  6.9 -99-99.9-9.9-9.9
5294020190430 19.8  7.8  0.009999-99.9-99.9-99.9-99.9-9.9 99 8.9 70  5.1 -99-99.9-9.9-9.9
5294020190501 23.3  2.5  0.009999-99.9-99.9-99.9-99.9-9.9 99 7.9 59  3.4 -99-99.9-9.9-9.9
5294020190502 29.0  6.3  0.009999-99.9-99.9-99.9-99.9-9.9 99 8.9 61  5.0 -99-99.9-9.9-9.9
5294020190503 22.2  9.0  0.009999-99.9-99.9-99.9-99.9-9.9 9911.0 65  8.4 -99-99.9-9.9-9.9
5294020190504 24.8 10.0  0.009999-99.9-99.9-99.9-99.9-9.9 9911.5 62  9.0 -99-99.9-9.9-9.9
5294020190505 16.2  9.5  0.009999-99.9-99.9-99.9-99.9-9.9 99 9.8 62  6.6 -99-99.9-9.9-9.9
5294020190506 21.9  9.0  0.009999-99.9-99.9-99.9-99.9-9.9 99 9.5 56  6.2 -99-99.9-9.9-9.9
5294020190507 23.8  6.9  0.009999-99.9-99.9-99.9-99.9-9.9 99 9.7 64  6.6 -99-99.9-9.9-9.9
5294020190508 21.2  8.2  0.819999-99.9-99.9-99.9-99.9-9.9 9914.0 83 11.8 -99-99.9-9.9-9.9
5294020190509 18.8  8.0  6.519999-99.9-99.9-99.9-99.9-9.9 9912.8 91 10.5 -99-99.9-9.9-9.9
5294020190510 17.5  6.6  0.519999-99.9-99.9-99.9-99.9-9.9 99 9.9 79  6.6 -99-99.9-9.9-9.9
5294020190511 21.5  0.2  0.519999-99.9-99.9-99.9-99.9-9.9 99 7.3 66  2.3 -99-99.9-9.9-9.9
5294020190512 24.4  2.3  0.219999-99.9-99.9-99.9-99.9-9.9 99 6.6 54  0.9 -99-99.9-9.9-9.9
5294020190513 20.9  5.2  0.009999-99.9-99.9-99.9-99.9-9.9 99 7.0 47  1.8 -99-99.9-9.9-9.9
5294020190514 20.7  1.4  0.009999-99.9-99.9-99.9-99.9-9.9 99 7.5 67  2.7 -99-99.9-9.9-9.9
5294020190515 21.9  3.0  0.009999-99.9-99.9-99.9-99.9-9.9 99 8.4 67  4.3 -99-99.9-9.9-9.9
5294020190516 19.7  2.7  0.009999-99.9-99.9-99.9-99.9-9.9 99 9.0 77  5.4 -99-99.9-9.9-9.9
5294020190517 22.1  4.8  0.219999-99.9-99.9-99.9-99.9-9.9 9910.6 73  7.8 -99-99.9-9.9-9.9
5294020190518 16.3  4.5  0.519999-99.9-99.9-99.9-99.9-9.9 99 9.1 82  5.5 -99-99.9-9.9-9.9
5294020190519 17.1  0.6  0.009999-99.9-99.9-99.9-99.9-9.9 99 8.1 70  3.9 -99-99.9-9.9-9.9
5294020190520 11.2  2.7  0.519999-99.9-99.9-99.9-99.9-9.9 99 8.3 90  4.2 -99-99.9-9.9-9.9
5294020190521  7.4  0.5  0.519999-99.9-99.9-99.9-99.9-9.9 99 7.0 92  1.9 -99-99.9-9.9-9.9
5294020190522 12.5 -1.7 10.219999-99.9-99.9-99.9-99.9-9.9 99 5.7 75 -1.0 -99-99.9-9.9-9.9
5294020190523 19.8 -3.7  0.009999-99.9-99.9-99.9-99.9-9.9 99 5.2 58 -2.3 -99-99.9-9.9-9.9
5294020190524 21.6  0.3  0.009999-99.9-99.9-99.9-99.9-9.9 99 6.1 60  0.0 -99-99.9-9.9-9.9
5294020190525 23.7  0.4  0.009999-99.9-99.9-99.9-99.9-9.9 99 5.9 51 -0.6 -99-99.9-9.9-9.9
5294020190526 17.2  1.4  0.009999-99.9-99.9-99.9-99.9-9.9 99 5.5 55 -1.6 -99-99.9-9.9-9.9
5294020190527 17.6 -2.0  0.009999-99.9-99.9-99.9-99.9-9.9 99 5.6 64 -1.1 -99-99.9-9.9-9.9
5294020190528 19.6 -0.8  0.009999-99.9-99.9-99.9-99.9-9.9 99 5.2 54 -2.3 -99-99.9-9.9-9.9
5294020190529 15.2  1.3  0.009999-99.9-99.9-99.9-99.9-9.9 99 7.7 80  3.1 -99-99.9-9.9-9.9
5294020190530 14.0  3.9  0.009999-99.9-99.9-99.9-99.9-9.9 99 8.3 82  4.3 -99-99.9-9.9-9.9
5294020190531  9.8  0.0  0.009999-99.9-99.9-99.9-99.9-9.9 99 7.6 93  3.0 -99-99.9-9.9-9.9
5294020190601 18.2 -1.6  0.009999-99.9-99.9-99.9-99.9-9.9 99 5.7 65 -0.9 -99-99.9-9.9-9.9
5294020190602 21.4 -1.3  0.009999-99.9-99.9-99.9-99.9-9.9 99 5.0 55 -2.8 -99-99.9-9.9-9.9
5294020190603 18.3 -1.5  0.009999-99.9-99.9-99.9-99.9-9.9 99 5.8 66 -1.2 -99-99.9-9.9-9.9
5294020190604 17.9 -0.4  0.009999-99.9-99.9-99.9-99.9-9.9 99 7.6 77  2.9 -99-99.9-9.9-9.9
5294020190605 19.5  2.7  0.009999-99.9-99.9-99.9-99.9-9.9 99 8.8 74  4.9 -99-99.9-9.9-9.9
5294020190606 20.3  4.0  0.009999-99.9-99.9-99.9-99.9-9.9 99 8.5 70  4.4 -99-99.9-9.9-9.9
5294020190607 16.6  3.8  0.009999-99.9-99.9-99.9-99.9-9.9 99 6.9 66  1.7 -99-99.9-9.9-9.9
5294020190608 18.6 -2.0  0.009999-99.9-99.9-99.9-99.9-9.9 99 6.5 65  0.6 -99-99.9-9.9-9.9
5294020190609 21.9 -0.7  0.009999-99.9-99.9-99.9-99.9-9.9 99 7.0 69  1.7 -99-99.9-9.9-9.9
5294020190610 19.9 -0.1  0.009999-99.9-99.9-99.9-99.9-9.9 99 6.4 54  0.4 -99-99.9-9.9-9.9
5294020190611 14.4  0.5  0.009999-99.9-99.9-99.9-99.9-9.9 99 7.2 78  2.2 -99-99.9-9.9-9.9
5294020190612 15.2 -1.7  0.009999-99.9-99.9-99.9-99.9-9.9 99 5.9 67 -0.6 -99-99.9-9.9-9.9
5294020190613 16.3 -0.3  0.009999-99.9-99.9-99.9-99.9-9.9 99 6.0 54 -0.4 -99-99.9-9.9-9.9
5294020190614 13.9  1.2  0.009999-99.9-99.9-99.9-99.9-9.9 99 5.3 55 -2.0 -99-99.9-9.9-9.9
5294020190615  6.2  1.9  0.009999-99.9-99.9-99.9-99.9-9.9 99 5.9 85 -0.4 -99-99.9-9.9-9.9
5294020190616  8.2 -2.9  1.019999-99.9-99.9-99.9-99.9-9.9 99 6.1 81 -0.0 -99-99.9-9.9-9.9
5294020190617 10.9 -2.6  0.009999-99.9-99.9-99.9-99.9-9.9 99 5.6 75 -1.2 -99-99.9-9.9-9.9
5294020190618 15.8 -4.6  0.009999-99.9-99.9-99.9-99.9-9.9 99 4.0 51 -5.9 -99-99.9-9.9-9.9
5294020190619 19.9 -3.2  0.009999-99.9-99.9-99.9-99.9-9.9 99 3.6 43 -7.3 -99-99.9-9.9-9.9
5294020190620 17.6 -2.6  0.009999-99.9-99.9-99.9-99.9-9.9 99 3.9 51 -5.9 -99-99.9-9.9-9.9
5294020190621 22.9 -1.5  0.009999-99.9-99.9-99.9-99.9-9.9 99 4.5 45 -4.1 -99-99.9-9.9-9.9
5294020190622 20.7 -0.5  0.009999-99.9-99.9-99.9-99.9-9.9 99 6.7 65  1.2 -99-99.9-9.9-9.9
5294020190623 13.9  3.9  0.009999-99.9-99.9-99.9-99.9-9.9 99 7.0 59  1.9 -99-99.9-9.9-9.9
5294020190624 12.6  6.2  2.019999-99.9-99.9-99.9-99.9-9.9 99 7.1 71  1.6 -99-99.9-9.9-9.9
5294020190625 10.4 -3.9  1.219999-99.9-99.9-99.9-99.9-9.9 99 3.9 61 -6.2 -99-99.9-9.9-9.9
5294020190626 14.3 -3.1  0.009999-99.9-99.9-99.9-99.9-9.9 99 3.7 48 -6.9 -99-99.9-9.9-9.9
5294020190627 20.0 -1.1  0.009999-99.9-99.9-99.9-99.9-9.9 99 4.9 50 -3.0 -99-99.9-9.9-9.9
5294020190628 16.3 -0.8  0.009999-99.9-99.9-99.9-99.9-9.9 99 5.2 53 -2.3 -99-99.9-9.9-9.9
5294020190629 14.1  2.4  0.009999-99.9-99.9-99.9-99.9-9.9 99 6.6 67  1.1 -99-99.9-9.9-9.9
5294020190630  7.2 -3.3  0.009999-99.9-99.9-99.9-99.9-9.9 99 6.2 91  0.1 -99-99.9-9.9-9.9
5294020190701 12.4 -6.4  0.009999-99.9-99.9-99.9-99.9-9.9 99 4.8 75 -3.3 -99-99.9-9.9-9.9
5294020190702 19.4 -3.3  0.009999-99.9-99.9-99.9-99.9-9.9 99 4.7 60 -3.8 -99-99.9-9.9-9.9
5294020190703 11.6 -4.6  0.009999-99.9-99.9-99.9-99.9-9.9 99 4.4 64 -4.5 -99-99.9-9.9-9.9
5294020190704 10.6 -3.1  0.009999-99.9-99.9-99.9-99.9-9.9 99 5.0 69 -2.9 -99-99.9-9.9-9.9
5294020190705 11.4 -7.3  0.009999-99.9-99.9-99.9-99.9-9.9 99 4.6 75 -3.9 -99-99.9-9.9-9.9
5294020190706 13.4 -5.1  0.009999-99.9-99.9-99.9-99.9-9.9 99 5.1 69 -2.6 -99-99.9-9.9-9.9
5294020190707 13.5 -3.4  0.009999-99.9-99.9-99.9-99.9-9.9 99 5.6 73 -1.2 -99-99.9-9.9-9.9
5294020190708 18.5 -1.1  0.009999-99.9-99.9-99.9-99.9-9.9 99 6.2 71  0.2 -99-99.9-9.9-9.9
5294020190709 18.4 -2.1  0.009999-99.9-99.9-99.9-99.9-9.9 99 6.0 68 -0.3 -99-99.9-9.9-9.9
5294020190710 16.3 -1.8  0.009999-99.9-99.9-99.9-99.9-9.9 99 6.5 71  0.8 -99-99.9-9.9-9.9
5294020190711 18.0  0.7  0.009999-99.9-99.9-99.9-99.9-9.9 99 7.2 68  2.1 -99-99.9-9.9-9.9
5294020190712 14.4  6.2  0.219999-99.9-99.9-99.9-99.9-9.9 99 8.4 72  4.4 -99-99.9-9.9-9.9
5294020190713 15.9 -1.2  0.009999-99.9-99.9-99.9-99.9-9.9 99 6.6 74  1.1 -99-99.9-9.9-9.9
5294020190714 16.5 -1.7  0.009999-99.9-99.9-99.9-99.9-9.9 99 6.3 75  0.4 -99-99.9-9.9-9.9
5294020190715 15.2 -3.7  0.009999-99.9-99.9-99.9-99.9-9.9 99 5.2 67 -2.4 -99-99.9-9.9-9.9
5294020190716 18.6 -3.2  0.009999-99.9-99.9-99.9-99.9-9.9 99 5.5 65 -1.5 -99-99.9-9.9-9.9
5294020190717 21.4 -0.3  0.009999-99.9-99.9-99.9-99.9-9.9 99 6.6 62  0.8 -99-99.9-9.9-9.9
5294020190718  9.1  0.9  0.009999-99.9-99.9-99.9-99.9-9.9 99 6.6 79  1.0 -99-99.9-9.9-9.9
5294020190719 14.7 -4.9  0.009999-99.9-99.9-99.9-99.9-9.9 99 5.0 67 -2.8 -99-99.9-9.9-9.9
5294020190720 19.4 -0.3  0.009999-99.9-99.9-99.9-99.9-9.9 99 5.8 58 -1.0 -99-99.9-9.9-9.9
5294020190721 23.7  5.5  0.009999-99.9-99.9-99.9-99.9-9.9 99 4.7 36 -5.3 -99-99.9-9.9-9.9
5294020190722  9.3  0.9  0.009999-99.9-99.9-99.9-99.9-9.9 99 4.4 47 -4.7 -99-99.9-9.9-9.9
5294020190723 13.0 -0.4  0.009999-99.9-99.9-99.9-99.9-9.9 99 3.7 48 -6.8 -99-99.9-9.9-9.9
5294020190724 13.7 -6.6  0.009999-99.9-99.9-99.9-99.9-9.9 99 3.6 56 -7.1 -99-99.9-9.9-9.9
5294020190725 17.6 -5.9  0.009999-99.9-99.9-99.9-99.9-9.9 99 3.5 48 -7.6 -99-99.9-9.9-9.9
5294020190726 19.3 -2.3  0.009999-99.9-99.9-99.9-99.9-9.9 99 3.0 31 -9.5 -99-99.9-9.9-9.9
5294020190727 15.8 -2.4  0.009999-99.9-99.9-99.9-99.9-9.9 99 4.1 51 -5.4 -99-99.9-9.9-9.9
5294020190728 20.7 -1.3  0.009999-99.9-99.9-99.9-99.9-9.9 99 4.8 52 -3.3 -99-99.9-9.9-9.9
5294020190729 22.2 -0.4  0.009999-99.9-99.9-99.9-99.9-9.9 99 4.9 44 -2.9 -99-99.9-9.9-9.9
5294020190730 20.1  2.4  0.009999-99.9-99.9-99.9-99.9-9.9 99 5.6 48 -1.2 -99-99.9-9.9-9.9
5294020190731 18.1  1.4  0.009999-99.9-99.9-99.9-99.9-9.9 99 6.5 62  0.7 -99-99.9-9.9-9.9
5294020190801 17.2 -1.2  0.009999-99.9-99.9-99.9-99.9-9.9 99 4.1 40 -6.9 -99-99.9-9.9-9.9
5294020190802 14.0 -8.3  0.009999-99.9-99.9-99.9-99.9-9.9 99 2.3 38-12.9 -99-99.9-9.9-9.9
5294020190803 17.6 -4.5  0.009999-99.9-99.9-99.9-99.9-9.9 99 2.6 33-11.1 -99-99.9-9.9-9.9
5294020190804 19.0 -4.0  0.009999-99.9-99.9-99.9-99.9-9.9 99 3.1 37 -9.0 -99-99.9-9.9-9.9
5294020190805 21.6 -5.4  0.009999-99.9-99.9-99.9-99.9-9.9 99 3.3 39 -8.3 -99-99.9-9.9-9.9
5294020190806 23.7 -2.0  0.009999-99.9-99.9-99.9-99.9-9.9 99 4.2 38 -5.3 -99-99.9-9.9-9.9
5294020190807 13.9  1.0  0.009999-99.9-99.9-99.9-99.9-9.9 99 3.0 33 -9.5 -99-99.9-9.9-9.9
5294020190808 12.9 -4.5  0.009999-99.9-99.9-99.9-99.9-9.9 99 2.8 39-10.1 -99-99.9-9.9-9.9
5294020190809 15.8 -8.5  0.009999-99.9-99.9-99.9-99.9-9.9 99 2.7 43-10.7 -99-99.9-9.9-9.9
5294020190810 18.2 -6.2  0.009999-99.9-99.9-99.9-99.9-9.9 99 1.8 24-15.9 -99-99.9-9.9-9.9
5294020190811 21.0 -2.2  0.009999-99.9-99.9-99.9-99.9-9.9 99 2.3 22-13.0 -99-99.9-9.9-9.9
5294020190812 14.6 -4.5  0.009999-99.9-99.9-99.9-99.9-9.9 99 3.4 43 -7.7 -99-99.9-9.9-9.9
5294020190813 12.3 -2.9  0.009999-99.9-99.9-99.9-99.9-9.9 99 4.3 55 -4.8 -99-99.9-9.9-9.9
5294020190814 15.0 -4.3  0.009999-99.9-99.9-99.9-99.9-9.9 99 4.3 56 -4.7 -99-99.9-9.9-9.9
5294020190815 22.2 -2.9  0.009999-99.9-99.9-99.9-99.9-9.9 99 4.5 42 -4.1 -99-99.9-9.9-9.9
5294020190816 23.1 -1.6  0.009999-99.9-99.9-99.9-99.9-9.9 99 4.8 45 -3.2 -99-99.9-9.9-9.9
5294020190817 19.6 -2.4  0.009999-99.9-99.9-99.9-99.9-9.9 99 5.0 45 -2.7 -99-99.9-9.9-9.9
5294020190818 10.8  2.9  0.009999-99.9-99.9-99.9-99.9-9.9 99 6.5 71  0.8 -99-99.9-9.9-9.9
5294020190819  8.9  1.5  0.009999-99.9-99.9-99.9-99.9-9.9 99 6.5 75  0.8 -99-99.9-9.9-9.9
5294020190820 13.6 -4.3  0.009999-99.9-99.9-99.9-99.9-9.9 99 6.0 67 -0.4 -99-99.9-9.9-9.9
5294020190821 16.7 -1.0  0.009999-99.9-99.9-99.9-99.9-9.9 99 6.8 63  1.4 -99-99.9-9.9-9.9
5294020190822 19.5 -0.5  0.009999-99.9-99.9-99.9-99.9-9.9 99 6.6 57  1.1 -99-99.9-9.9-9.9
5294020190823 23.9  1.2  0.009999-99.9-99.9-99.9-99.9-9.9 99 6.3 52  0.4 -99-99.9-9.9-9.9
5294020190824 25.0  2.1  0.009999-99.9-99.9-99.9-99.9-9.9 99 6.5 44  0.7 -99-99.9-9.9-9.9
5294020190825 24.8  4.9  0.009999-99.9-99.9-99.9-99.9-9.9 99 7.0 49  1.9 -99-99.9-9.9-9.9
5294020190826 26.5  2.7  0.009999-99.9-99.9-99.9-99.9-9.9 99 7.4 50  2.6 -99-99.9-9.9-9.9
5294020190827 23.3  7.2  0.009999-99.9-99.9-99.9-99.9-9.9 99 8.5 52  4.5 -99-99.9-9.9-9.9
5294020190828 34.1  4.2  0.009999-99.9-99.9-99.9-99.9-9.9 99 5.5 25 -4.5 -99-99.9-9.9-9.9
5294020190829 24.3  7.9  0.009999-99.9-99.9-99.9-99.9-9.9 99 6.5 50  0.7 -99-99.9-9.9-9.9
5294020190830 20.4  5.1  0.009999-99.9-99.9-99.9-99.9-9.9 99 4.4 36 -4.4 -99-99.9-9.9-9.9
5294020190831 18.0 -2.8  0.009999-99.9-99.9-99.9-99.9-9.9 99 4.3 43 -4.9 -99-99.9-9.9-9.9
5294020190901 16.6 -0.8  0.009999-99.9-99.9-99.9-99.9-9.9 99 3.7 38 -6.8 -99-99.9-9.9-9.9
5294020190902  9.5 -1.4  0.009999-99.9-99.9-99.9-99.9-9.9 99 3.2 36 -8.8 -99-99.9-9.9-9.9
5294020190903 13.0 -9.0  0.009999-99.9-99.9-99.9-99.9-9.9 99 2.2 35-13.1 -99-99.9-9.9-9.9
5294020190904 14.2 -5.6  0.009999-99.9-99.9-99.9-99.9-9.9 99 2.8 31-10.5 -99-99.9-9.9-9.9
5294020190905 11.0  1.2  0.009999-99.9-99.9-99.9-99.9-9.9 99 4.2 49 -5.1 -99-99.9-9.9-9.9
5294020190906 18.7  1.3  0.009999-99.9-99.9-99.9-99.9-9.9 99 5.3 46 -2.1 -99-99.9-9.9-9.9
5294020190907 18.8 -1.3  0.009999-99.9-99.9-99.9-99.9-9.9 99 6.0 53 -0.3 -99-99.9-9.9-9.9
5294020190908 19.8  1.2  0.009999-99.9-99.9-99.9-99.9-9.9 99 6.7 50  1.2 -99-99.9-9.9-9.9
5294020190909 12.2  4.8  3.519999-99.9-99.9-99.9-99.9-9.9 99 8.2 94  4.1 -99-99.9-9.9-9.9
5294020190910 15.3  0.6  1.519999-99.9-99.9-99.9-99.9-9.9 99 7.3 65  2.4 -99-99.9-9.9-9.9
5294020190911 12.3  1.7  0.519999-99.9-99.9-99.9-99.9-9.9 99 6.9 79  1.7 -99-99.9-9.9-9.9
5294020190912 18.9 -2.2  3.019999-99.9-99.9-99.9-99.9-9.9 99 5.2 47 -2.3 -99-99.9-9.9-9.9
5294020190913 22.5  0.5  0.009999-99.9-99.9-99.9-99.9-9.9 99 5.2 42 -2.2 -99-99.9-9.9-9.9
5294020190914 23.2  1.3  0.009999-99.9-99.9-99.9-99.9-9.9 99 6.1 40 -0.1 -99-99.9-9.9-9.9
5294020190915 27.0  8.5  0.009999-99.9-99.9-99.9-99.9-9.9 99 4.5 24 -4.7 -99-99.9-9.9-9.9
5294020190916 15.9  3.1  0.009999-99.9-99.9-99.9-99.9-9.9 99 5.4 46 -1.9 -99-99.9-9.9-9.9
5294020190917 25.4 -0.1  0.009999-99.9-99.9-99.9-99.9-9.9 99 3.5 25 -7.8 -99-99.9-9.9-9.9
5294020190918 24.2  1.1  0.009999-99.9-99.9-99.9-99.9-9.9 99 4.3 30 -4.7 -99-99.9-9.9-9.9
5294020190919 15.5  1.7  0.009999-99.9-99.9-99.9-99.9-9.9 99 3.7 36 -6.7 -99-99.9-9.9-9.9
5294020190920 19.3 -3.8  0.009999-99.9-99.9-99.9-99.9-9.9 99 2.4 23-12.2 -99-99.9-9.9-9.9
5294020190921 22.9 -1.1  0.009999-99.9-99.9-99.9-99.9-9.9 99 2.2 17-13.1 -99-99.9-9.9-9.9
5294020190922 23.4  2.0  0.009999-99.9-99.9-99.9-99.9-9.9 99 3.0 21 -9.3 -99-99.9-9.9-9.9
5294020190923 26.9  3.5  0.009999-99.9-99.9-99.9-99.9-9.9 99 4.1 22 -5.6 -99-99.9-9.9-9.9
5294020190924 28.2  6.2  0.009999-99.9-99.9-99.9-99.9-9.9 99 4.9 25 -3.1 -99-99.9-9.9-9.9
5294020190925 29.7  5.8  0.009999-99.9-99.9-99.9-99.9-9.9 99 5.0 25 -2.8 -99-99.9-9.9-9.9
5294020190926 30.9  9.4  0.009999-99.9-99.9-99.9-99.9-9.9 99 6.0 24 -0.4 -99-99.9-9.9-9.9
5294020190927 30.0  8.6  0.009999-99.9-99.9-99.9-99.9-9.9 99 6.5 31  0.9 -99-99.9-9.9-9.9
5294020190928 30.0  6.9  0.009999-99.9-99.9-99.9-99.9-9.9 99 6.0 27 -0.6 -99-99.9-9.9-9.9
5294020190929 33.4 10.1  0.009999-99.9-99.9-99.9-99.9-9.9 99 6.3 25  0.4 -99-99.9-9.9-9.9
5294020190930 19.6 12.3  0.009999-99.9-99.9-99.9-99.9-9.9 99 5.5 34 -1.5 -99-99.9-9.9-9.9
5294020191001 15.9  7.0  0.009999-99.9-99.9-99.9-99.9-9.9 99 3.8 29 -6.3 -99-99.9-9.9-9.9
5294020191002 16.5 -0.2  0.009999-99.9-99.9-99.9-99.9-9.9 99 3.4 30 -7.8 -99-99.9-9.9-9.9
5294020191003 18.1  3.8  0.009999-99.9-99.9-99.9-99.9-9.9 99 5.0 42 -3.3 -99-99.9-9.9-9.9
5294020191004 18.7  4.0  0.009999-99.9-99.9-99.9-99.9-9.9 99 4.9 39 -3.2 -99-99.9-9.9-9.9
5294020191005 21.0 -0.2  0.009999-99.9-99.9-99.9-99.9-9.9 99 3.9 29 -6.2 -99-99.9-9.9-9.9
5294020191006 25.6  2.3  0.009999-99.9-99.9-99.9-99.9-9.9 99 4.3 22 -4.8 -99-99.9-9.9-9.9
5294020191007 23.4  8.1  0.009999-99.9-99.9-99.9-99.9-9.9 99 6.4 36  0.6 -99-99.9-9.9-9.9
5294020191008 25.0  4.3  0.009999-99.9-99.9-99.9-99.9-9.9 99 5.5 28 -1.6 -99-99.9-9.9-9.9
5294020191009 29.6  6.6  0.009999-99.9-99.9-99.9-99.9-9.9 99 5.4 21 -1.7 -99-99.9-9.9-9.9
5294020191010 31.1  8.6  0.009999-99.9-99.9-99.9-99.9-9.9 99 6.6 26  0.9 -99-99.9-9.9-9.9
5294020191011 29.0  9.5  0.009999-99.9-99.9-99.9-99.9-9.9 99 5.7 24 -1.0 -99-99.9-9.9-9.9
5294020191012 27.5  9.8  0.009999-99.9-99.9-99.9-99.9-9.9 99 6.7 28  1.1 -99-99.9-9.9-9.9
5294020191013 21.3  6.7  0.009999-99.9-99.9-99.9-99.9-9.9 99 4.1 24 -5.5 -99-99.9-9.9-9.9
5294020191014 11.8  1.2  3.019999-99.9-99.9-99.9-99.9-9.9 99 6.3 96  0.1 -99-99.9-9.9-9.9
5294020191015  9.9  1.1  0.519999-99.9-99.9-99.9-99.9-9.9 99 6.7 73  1.1 -99-99.9-9.9-9.9
5294020191016 10.7  4.1  0.219999-99.9-99.9-99.9-99.9-9.9 99 7.6 81  3.0 -99-99.9-9.9-9.9
5294020191017 21.3 -1.2  0.219999-99.9-99.9-99.9-99.9-9.9 99 6.6 41  0.9 -99-99.9-9.9-9.9
5294020191018 22.0  9.5  0.009999-99.9-99.9-99.9-99.9-9.9 99 8.7 45  4.8 -99-99.9-9.9-9.9
5294020191019 24.4  7.0  0.009999-99.9-99.9-99.9-99.9-9.9 9910.8 52  8.0 -99-99.9-9.9-9.9
5294020191020 24.7  8.9  0.009999-99.9-99.9-99.9-99.9-9.9 99 9.4 52  5.9 -99-99.9-9.9-9.9
5294020191021 26.4  5.6  0.009999-99.9-99.9-99.9-99.9-9.9 99 5.8 25 -0.7 -99-99.9-9.9-9.9
5294020191022 22.5  3.2  0.009999-99.9-99.9-99.9-99.9-9.9 99 4.6 24 -3.9 -99-99.9-9.9-9.9
5294020191023 24.7  2.8  0.009999-99.9-99.9-99.9-99.9-9.9 99 5.3 26 -2.1 -99-99.9-9.9-9.9
5294020191024 29.0  7.5  0.009999-99.9-99.9-99.9-99.9-9.9 99 6.4 27  0.6 -99-99.9-9.9-9.9
5294020191025 28.4  9.1  0.009999-99.9-99.9-99.9-99.9-9.9 99 7.9 29  3.5 -99-99.9-9.9-9.9
5294020191026 32.4 11.2  0.009999-99.9-99.9-99.9-99.9-9.9 99 7.4 23  2.2 -99-99.9-9.9-9.9
5294020191027 27.0 10.3  0.819999-99.9-99.9-99.9-99.9-9.9 99 7.4 31  2.4 -99-99.9-9.9-9.9
5294020191028 25.2 10.7  0.519999-99.9-99.9-99.9-99.9-9.9 99 9.9 60  6.5 -99-99.9-9.9-9.9
5294020191029 27.1  7.9  0.009999-99.9-99.9-99.9-99.9-9.9 99 7.6 38  2.8 -99-99.9-9.9-9.9
5294020191030 20.4 10.7  0.009999-99.9-99.9-99.9-99.9-9.9 99 7.3 46  2.3 -99-99.9-9.9-9.9
5294020191031 27.5  4.2  0.009999-99.9-99.9-99.9-99.9-9.9 99 8.9 39  5.2 -99-99.9-9.9-9.9
5294020191101 31.9 10.9  0.009999-99.9-99.9-99.9-99.9-9.9 99 7.0 22  1.5 -99-99.9-9.9-9.9
5294020191102 24.2  7.9  0.009999-99.9-99.9-99.9-99.9-9.9 99 4.8 25 -3.5 -99-99.9-9.9-9.9
5294020191103 28.8  4.7  0.009999-99.9-99.9-99.9-99.9-9.9 99 4.9 20 -3.2 -99-99.9-9.9-9.9
5294020191104 29.6 11.3  0.009999-99.9-99.9-99.9-99.9-9.9 99 3.9 11 -6.6 -99-99.9-9.9-9.9
5294020191105 24.8  4.6  0.009999-99.9-99.9-99.9-99.9-9.9 99 5.3 27 -1.9 -99-99.9-9.9-9.9
5294020191106 31.5  6.6  0.009999-99.9-99.9-99.9-99.9-9.9 99 7.3 30  1.9 -99-99.9-9.9-9.9
5294020191107 28.0 12.9  0.009999-99.9-99.9-99.9-99.9-9.9 99 6.2 23 -0.2 -99-99.9-9.9-9.9
5294020191108 33.0 11.0  0.009999-99.9-99.9-99.9-99.9-9.9 99 7.5 24  2.6 -99-99.9-9.9-9.9
5294020191109 30.4  9.7  0.009999-99.9-99.9-99.9-99.9-9.9 99 9.0 28  5.3 -99-99.9-9.9-9.9
5294020191110 32.2 14.3  0.009999-99.9-99.9-99.9-99.9-9.9 9913.1 39 10.9 -99-99.9-9.9-9.9
5294020191111 31.1 15.0  0.519999-99.9-99.9-99.9-99.9-9.9 9914.8 47 12.8 -99-99.9-9.9-9.9
5294020191112 30.1 16.8  1.219999-99.9-99.9-99.9-99.9-9.9 9914.3 52 12.2 -99-99.9-9.9-9.9
5294020191113 29.7 14.5  1.219999-99.9-99.9-99.9-99.9-9.9 9914.4 54 12.3 -99-99.9-9.9-9.9
5294020191114 28.8 15.0  0.519999-99.9-99.9-99.9-99.9-9.9 9910.5 41  7.5 -99-99.9-9.9-9.9
5294020191115 34.7 11.8  0.009999-99.9-99.9-99.9-99.9-9.9 99 9.1 24  5.6 -99-99.9-9.9-9.9
5294020191116 30.8 17.4  0.009999-99.9-99.9-99.9-99.9-9.9 99 8.2 29  4.0 -99-99.9-9.9-9.9
5294020191117 33.5 14.6  0.009999-99.9-99.9-99.9-99.9-9.9 99 8.8 26  4.9 -99-99.9-9.9-9.9
5294020191118 28.9 17.8  0.009999-99.9-99.9-99.9-99.9-9.9 99 6.5 23  0.4 -99-99.9-9.9-9.9
5294020191119 32.8 11.9  0.009999-99.9-99.9-99.9-99.9-9.9 99 9.3 29  5.7 -99-99.9-9.9-9.9
5294020191120 33.7 17.9  0.009999-99.9-99.9-99.9-99.9-9.9 99 7.7 20  2.5 -99-99.9-9.9-9.9
5294020191121 34.3 16.6  0.009999-99.9-99.9-99.9-99.9-9.9 9911.0 28  8.1 -99-99.9-9.9-9.9
5294020191122 25.6 15.7  0.009999-99.9-99.9-99.9-99.9-9.9 9912.3 59  9.4 -99-99.9-9.9-9.9
5294020191123 24.8 17.0  1.019999-99.9-99.9-99.9-99.9-9.9 9917.9 73 15.8 -99-99.9-9.9-9.9
5294020191124 26.8 17.8  0.519999-99.9-99.9-99.9-99.9-9.9 9918.0 71 15.8 -99-99.9-9.9-9.9
5294020191125 23.4 11.8  1.519999-99.9-99.9-99.9-99.9-9.9 9913.1 63 10.9 -99-99.9-9.9-9.9
5294020191126 20.0  8.0  3.019999-99.9-99.9-99.9-99.9-9.9 99 8.9 50  5.2 -99-99.9-9.9-9.9
5294020191127 25.2  7.7  1.519999-99.9-99.9-99.9-99.9-9.9 99 8.1 34  3.7 -99-99.9-9.9-9.9
5294020191128 30.5 11.2  0.009999-99.9-99.9-99.9-99.9-9.9 9910.2 36  7.2 -99-99.9-9.9-9.9
5294020191129 34.2 13.6  0.009999-99.9-99.9-99.9-99.9-9.9 99 6.7 18  0.1 -99-99.9-9.9-9.9
5294020191130 28.7  6.2  0.009999-99.9-99.9-99.9-99.9-9.9 99 4.6 16 -3.9 -99-99.9-9.9-9.9
5294020191201 30.5  9.6  0.009999-99.9-99.9-99.9-99.9-9.9 99 8.2 25  3.6 -99-99.9-9.9-9.9
5294020191202 31.6 13.9  0.009999-99.9-99.9-99.9-99.9-9.9 9912.0 35  9.6 -99-99.9-9.9-9.9
5294020191203 23.4 12.1  0.009999-99.9-99.9-99.9-99.9-9.9 99 9.2 33  5.4 -99-99.9-9.9-9.9
5294020191204 23.4 12.1  0.009999-99.9-99.9-99.9-99.9-9.9 99 5.4 29 -1.7 -99-99.9-9.9-9.9
5294020191205 29.9  4.8  0.009999-99.9-99.9-99.9-99.9-9.9 99 5.5 20 -1.5 -99-99.9-9.9-9.9
5294020191206 30.9 13.7  0.009999-99.9-99.9-99.9-99.9-9.9 99 5.1 17 -2.7 -99-99.9-9.9-9.9
5294020191207 30.4 12.4  0.009999-99.9-99.9-99.9-99.9-9.9 99 7.8 27  3.0 -99-99.9-9.9-9.9
5294020191208 31.9 12.8  0.009999-99.9-99.9-99.9-99.9-9.9 99 9.9 34  6.7 -99-99.9-9.9-9.9
5294020191209 33.7 11.5  0.009999-99.9-99.9-99.9-99.9-9.9 99 8.6 22  4.7 -99-99.9-9.9-9.9
5294020191210 33.1 16.1  0.009999-99.9-99.9-99.9-99.9-9.9 99 6.7 17  1.0 -99-99.9-9.9-9.9
5294020191211 35.0 15.6  0.009999-99.9-99.9-99.9-99.9-9.9 99 6.3 15  0.3 -99-99.9-9.9-9.9
5294020191212 28.6 11.0  0.009999-99.9-99.9-99.9-99.9-9.9 99 4.7 19 -3.6 -99-99.9-9.9-9.9
5294020191213 31.6  6.1  0.009999-99.9-99.9-99.9-99.9-9.9 99 4.7 16 -3.6 -99-99.9-9.9-9.9
5294020191214 28.7 11.6  0.009999-99.9-99.9-99.9-99.9-9.9 99 6.8 29  1.4 -99-99.9-9.9-9.9
5294020191215 27.4 10.4  0.009999-99.9-99.9-99.9-99.9-9.9 99 8.6 34  4.7 -99-99.9-9.9-9.9
5294020191216 29.1 10.6  0.009999-99.9-99.9-99.9-99.9-9.9 99 7.2 22  2.2 -99-99.9-9.9-9.9
5294020191217 32.2 13.1  0.009999-99.9-99.9-99.9-99.9-9.9 99 6.3 18  0.2 -99-99.9-9.9-9.9
5294020191218 34.3 11.9  0.009999-99.9-99.9-99.9-99.9-9.9 99 7.4 20  2.3 -99-99.9-9.9-9.9
5294020191219 32.7 18.6  0.009999-99.9-99.9-99.9-99.9-9.9 99 8.9 25  5.1 -99-99.9-9.9-9.9
5294020191220 27.5 14.8  0.009999-99.9-99.9-99.9-99.9-9.9 99 8.7 33  5.0 -99-99.9-9.9-9.9
5294020191221 28.5 15.8  0.009999-99.9-99.9-99.9-99.9-9.9 99 9.7 36  6.4 -99-99.9-9.9-9.9
5294020191222 32.0 11.6  0.009999-99.9-99.9-99.9-99.9-9.9 99 9.3 28  5.8 -99-99.9-9.9-9.9
5294020191223 35.0 13.3  0.009999-99.9-99.9-99.9-99.9-9.9 99 9.3 24  5.8 -99-99.9-9.9-9.9
5294020191224 37.3 17.1  3.019999-99.9-99.9-99.9-99.9-9.9 99 7.7 21  3.2 -99-99.9-9.9-9.9
5294020191225 25.1 14.2  0.009999-99.9-99.9-99.9-99.9-9.9 99 6.7 29  1.1 -99-99.9-9.9-9.9
5294020191226 31.4  9.0  0.009999-99.9-99.9-99.9-99.9-9.9 99 8.8 30  5.1 -99-99.9-9.9-9.9
5294020191227 35.2 15.2  0.009999-99.9-99.9-99.9-99.9-9.9 9912.3 33 10.0 -99-99.9-9.9-9.9
5294020191228 32.8 18.5  0.009999-99.9-99.9-99.9-99.9-9.9 99 7.4 18  2.4 -99-99.9-9.9-9.9
5294020191229 35.0 13.8  0.009999-99.9-99.9-99.9-99.9-9.9 9912.7 33 10.3 -99-99.9-9.9-9.9
5294020191230 37.4 18.9  0.009999-99.9-99.9-99.9-99.9-9.9 9913.7 32 11.4 -99-99.9-9.9-9.9
5294020191231 33.6 19.6  0.009999-99.9-99.9-99.9-99.9-9.9 9913.3 35 11.1 -99-99.9-9.9-9.9
5294020200101 30.6 20.1  0.009999-99.9-99.9-99.9-99.9-9.9 9911.5 32  8.9 -99-99.9-9.9-9.9
5294020200102 33.0 13.8  1.519999-99.9-99.9-99.9-99.9-9.9 9912.3 33  9.8 -99-99.9-9.9-9.9
5294020200103 34.2 16.6  3.019999-99.9-99.9-99.9-99.9-9.9 9916.5 45 14.4 -99-99.9-9.9-9.9
5294020200104 34.4 16.8  0.219999-99.9-99.9-99.9-99.9-9.9 9914.1 35 12.1 -99-99.9-9.9-9.9
5294020200105 33.2 15.8  0.219999-99.9-99.9-99.9-99.9-9.9 9911.1 29  7.4 -99-99.9-9.9-9.9
5294020200106 26.2  7.9  0.009999-99.9-99.9-99.9-99.9-9.9 99 5.6 26 -1.2 -99-99.9-9.9-9.9
5294020200107 31.6  9.4  0.009999-99.9-99.9-99.9-99.9-9.9 99 6.6 23  1.1 -99-99.9-9.9-9.9
5294020200108 36.0 11.9  0.009999-99.9-99.9-99.9-99.9-9.9 99 6.4 16 -1.3 -99-99.9-9.9-9.9
5294020200109 31.7 12.1  0.009999-99.9-99.9-99.9-99.9-9.9 99 6.0 22 -0.8 -99-99.9-9.9-9.9
5294020200110 28.1 13.0  0.009999-99.9-99.9-99.9-99.9-9.9 99 9.7 31  6.4 -99-99.9-9.9-9.9
5294020200111 34.8 13.0  1.519999-99.9-99.9-99.9-99.9-9.9 9911.7 31  8.8 -99-99.9-9.9-9.9
5294020200112 32.2 18.4  0.819999-99.9-99.9-99.9-99.9-9.9 9917.0 55 14.9 -99-99.9-9.9-9.9
5294020200113 32.1 19.7  0.009999-99.9-99.9-99.9-99.9-9.9 9918.8 54 16.5 -99-99.9-9.9-9.9
5294020200114 35.4 19.0  0.009999-99.9-99.9-99.9-99.9-9.9 9917.0 47 14.9 -99-99.9-9.9-9.9
5294020200115 29.4 15.8  0.009999-99.9-99.9-99.9-99.9-9.9 99 7.6 24  2.7 -99-99.9-9.9-9.9
5294020200116 28.0  8.6  0.009999-99.9-99.9-99.9-99.9-9.9 99 6.6 25  1.0 -99-99.9-9.9-9.9
5294020200117 31.6  9.2  0.009999-99.9-99.9-99.9-99.9-9.9 99 7.5 25  2.8 -99-99.9-9.9-9.9
5294020200118 36.2 12.5  0.009999-99.9-99.9-99.9-99.9-9.9 9910.9 30  8.1 -99-99.9-9.9-9.9
5294020200119 37.5 17.0  0.009999-99.9-99.9-99.9-99.9-9.9 9913.7 33 11.6 -99-99.9-9.9-9.9
5294020200120 38.6 20.0  0.009999-99.9-99.9-99.9-99.9-9.9 9914.5 32 12.5 -99-99.9-9.9-9.9
5294020200121 34.5 17.7  0.009999-99.9-99.9-99.9-99.9-9.9 9915.4 42 13.4 -99-99.9-9.9-9.9
5294020200122 34.6 17.1  0.009999-99.9-99.9-99.9-99.9-9.9 9913.9 40 11.6 -99-99.9-9.9-9.9
5294020200123 37.0 16.2  0.009999-99.9-99.9-99.9-99.9-9.9 9912.6 31 10.4 -99-99.9-9.9-9.9
5294020200124 33.7 19.3  0.009999-99.9-99.9-99.9-99.9-9.9 99 9.2 20  5.3 -99-99.9-9.9-9.9
5294020200125 35.4 14.9  0.009999-99.9-99.9-99.9-99.9-9.9 99 7.9 20  3.6 -99-99.9-9.9-9.9
5294020200126 35.9 16.3  0.009999-99.9-99.9-99.9-99.9-9.9 99 8.8 24  5.0 -99-99.9-9.9-9.9
5294020200127 33.5 16.5  0.009999-99.9-99.9-99.9-99.9-9.9 9911.8 31  9.4 -99-99.9-9.9-9.9
5294020200128 35.4 15.0  0.219999-99.9-99.9-99.9-99.9-9.9 9912.8 39 10.5 -99-99.9-9.9-9.9
5294020200129 28.0 16.2  0.009999-99.9-99.9-99.9-99.9-9.9 9910.0 33  6.7 -99-99.9-9.9-9.9
5294020200130 31.2  9.9  0.009999-99.9-99.9-99.9-99.9-9.9 99 9.8 32  6.7 -99-99.9-9.9-9.9
5294020200131 34.1 14.0  0.009999-99.9-99.9-99.9-99.9-9.9 99 9.3 24  5.9 -99-99.9-9.9-9.9
5294020200201 36.0 14.7  0.219999-99.9-99.9-99.9-99.9-9.9 99 8.9 22  5.3 -99-99.9-9.9-9.9
5294020200202 33.7 18.1  0.009999-99.9-99.9-99.9-99.9-9.9 9911.5 33  9.0 -99-99.9-9.9-9.9
5294020200203 35.6 17.0  0.009999-99.9-99.9-99.9-99.9-9.9 9913.6 35 11.4 -99-99.9-9.9-9.9
5294020200204 31.5 18.5  0.819999-99.9-99.9-99.9-99.9-9.9 9913.2 36 10.8 -99-99.9-9.9-9.9
5294020200205 27.6 15.2  1.219999-99.9-99.9-99.9-99.9-9.9 9911.0 37  8.3 -99-99.9-9.9-9.9
5294020200206 29.5 13.4  0.519999-99.9-99.9-99.9-99.9-9.9 9913.3 46 11.1 -99-99.9-9.9-9.9
5294020200207 28.0 16.8  1.219999-99.9-99.9-99.9-99.9-9.9 9918.3 76 16.1 -99-99.9-9.9-9.9
5294020200208 28.4 15.7  1.019999-99.9-99.9-99.9-99.9-9.9 9917.6 72 15.5 -99-99.9-9.9-9.9
5294020200209 23.9 15.5  0.519999-99.9-99.9-99.9-99.9-9.9 9917.7 85 15.6 -99-99.9-9.9-9.9
5294020200210 22.6 15.4  0.219999-99.9-99.9-99.9-99.9-9.9 9917.5 79 15.4 -99-99.9-9.9-9.9
5294020200211 25.3 17.1  0.519999-99.9-99.9-99.9-99.9-9.9 9918.5 75 16.2 -99-99.9-9.9-9.9
5294020200212 30.2 14.0  0.219999-99.9-99.9-99.9-99.9-9.9 9916.8 56 14.7 -99-99.9-9.9-9.9
5294020200213 25.9 15.2  0.009999-99.9-99.9-99.9-99.9-9.9 99 8.7 32  4.5 -99-99.9-9.9-9.9
5294020200214 28.9  8.6  0.009999-99.9-99.9-99.9-99.9-9.9 9910.0 41  6.8 -99-99.9-9.9-9.9
5294020200215 34.1 11.9  0.009999-99.9-99.9-99.9-99.9-9.9 9912.5 32 10.0 -99-99.9-9.9-9.9
5294020200216 33.5 17.0  0.009999-99.9-99.9-99.9-99.9-9.9 9913.0 37 10.7 -99-99.9-9.9-9.9
5294020200217 28.6 17.9  0.009999-99.9-99.9-99.9-99.9-9.9 9914.2 47 11.6 -99-99.9-9.9-9.9
5294020200218 26.7  9.2  0.009999-99.9-99.9-99.9-99.9-9.9 99 9.8 41  6.7 -99-99.9-9.9-9.9
5294020200219 33.0  9.1  0.009999-99.9-99.9-99.9-99.9-9.9 99 8.9 30  5.1 -99-99.9-9.9-9.9
5294020200220 28.0 10.6  0.009999-99.9-99.9-99.9-99.9-9.9 99 7.7 37  3.1 -99-99.9-9.9-9.9
5294020200221 24.3  6.4  0.009999-99.9-99.9-99.9-99.9-9.9 99 6.5 30  0.7 -99-99.9-9.9-9.9
5294020200222 25.7  5.8  0.009999-99.9-99.9-99.9-99.9-9.9 99 8.5 39  4.5 -99-99.9-9.9-9.9
5294020200223 29.7  7.0  0.009999-99.9-99.9-99.9-99.9-9.9 99 9.9 43  6.8 -99-99.9-9.9-9.9
5294020200224 29.0 10.4  0.009999-99.9-99.9-99.9-99.9-9.9 99 9.5 33  6.1 -99-99.9-9.9-9.9
5294020200225 27.5  9.4  0.009999-99.9-99.9-99.9-99.9-9.9 99 7.8 32  3.4 -99-99.9-9.9-9.9
5294020200226 29.2  6.2  0.009999-99.9-99.9-99.9-99.9-9.9 99 7.4 33  2.5 -99-99.9-9.9-9.9
5294020200227 32.2 11.1  0.009999-99.9-99.9-99.9-99.9-9.9 99 9.3 33  5.9 -99-99.9-9.9-9.9
5294020200228 35.0 14.1  1.019999-99.9-99.9-99.9-99.9-9.9 9910.1 37  6.9 -99-99.9-9.9-9.9
5294020200229 32.8 14.1  0.009999-99.9-99.9-99.9-99.9-9.9 99 9.5 30  6.1 -99-99.9-9.9-9.9
5294020200301 32.6 11.8  0.009999-99.9-99.9-99.9-99.9-9.9 9910.6 35  7.8 -99-99.9-9.9-9.9
5294020200302 32.4 11.9  0.009999-99.9-99.9-99.9-99.9-9.9 9910.7 37  7.9 -99-99.9-9.9-9.9
5294020200303 34.3 12.2  0.009999-99.9-99.9-99.9-99.9-9.9 9911.6 34  9.2 -99-99.9-9.9-9.9
5294020200304 34.5 15.2  0.009999-99.9-99.9-99.9-99.9-9.9 9911.7 36  9.3 -99-99.9-9.9-9.9
5294020200305 34.4 15.1  0.009999-99.9-99.9-99.9-99.9-9.9 9911.9 36  9.6 -99-99.9-9.9-9.9
5294020200306 32.6 17.1  0.009999-99.9-99.9-99.9-99.9-9.9 9915.5 48 13.5 -99-99.9-9.9-9.9
5294020200307 35.2 14.9  0.009999-99.9-99.9-99.9-99.9-9.9 9913.8 37 11.7 -99-99.9-9.9-9.9
5294020200308 32.1 17.1  0.009999-99.9-99.9-99.9-99.9-9.9 9910.2 33  6.8 -99-99.9-9.9-9.9
5294020200309 33.0 12.7  0.009999-99.9-99.9-99.9-99.9-9.9 9910.4 35  7.1 -99-99.9-9.9-9.9
5294020200310 30.6 13.7  0.009999-99.9-99.9-99.9-99.9-9.9 9916.2 61 14.2 -99-99.9-9.9-9.9
5294020200311 31.6 15.3  0.009999-99.9-99.9-99.9-99.9-9.9 9913.5 51 11.2 -99-99.9-9.9-9.9
5294020200312 31.2 13.6  0.009999-99.9-99.9-99.9-99.9-9.9 9913.9 51 11.8 -99-99.9-9.9-9.9
5294020200313 34.7 15.3  0.009999-99.9-99.9-99.9-99.9-9.9 9914.5 41 12.4 -99-99.9-9.9-9.9
5294020200314 26.9 14.8  0.009999-99.9-99.9-99.9-99.9-9.9 99 7.5 34  2.3 -99-99.9-9.9-9.9
5294020200315 27.7 10.5  0.009999-99.9-99.9-99.9-99.9-9.9 99 5.5 24 -1.6 -99-99.9-9.9-9.9
5294020200316 27.5  6.2  0.009999-99.9-99.9-99.9-99.9-9.9 99 9.5 45  6.1 -99-99.9-9.9-9.9
5294020200317 27.6 10.8  0.009999-99.9-99.9-99.9-99.9-9.9 99 8.5 34  4.3 -99-99.9-9.9-9.9
5294020200318 27.5  6.4  0.009999-99.9-99.9-99.9-99.9-9.9 99 7.1 35  2.0 -99-99.9-9.9-9.9
5294020200319 29.1  7.4  0.009999-99.9-99.9-99.9-99.9-9.9 99 8.3 36  4.2 -99-99.9-9.9-9.9
5294020200320 29.9  9.4  0.009999-99.9-99.9-99.9-99.9-9.9 99 8.5 33  4.7 -99-99.9-9.9-9.9
5294020200321 31.0 10.4  0.009999-99.9-99.9-99.9-99.9-9.9 99 9.4 37  6.1 -99-99.9-9.9-9.9
5294020200322 32.4 12.1  0.009999-99.9-99.9-99.9-99.9-9.9 9910.7 37  7.9 -99-99.9-9.9-9.9
5294020200323 33.5 13.1  0.009999-99.9-99.9-99.9-99.9-9.9 9911.2 38  8.6 -99-99.9-9.9-9.9
5294020200324 33.4 13.8  1.019999-99.9-99.9-99.9-99.9-9.9 99 8.6 34  3.8 -99-99.9-9.9-9.9
5294020200325 26.2 13.5  0.519999-99.9-99.9-99.9-99.9-9.9 9910.2 49  7.1 -99-99.9-9.9-9.9
5294020200326 25.7 11.4  0.009999-99.9-99.9-99.9-99.9-9.9 9911.8 60  9.3 -99-99.9-9.9-9.9
5294020200327 28.1  8.2  0.009999-99.9-99.9-99.9-99.9-9.9 9910.7 51  8.0 -99-99.9-9.9-9.9
5294020200328 28.7  8.8  0.009999-99.9-99.9-99.9-99.9-9.9 9911.4 51  8.9 -99-99.9-9.9-9.9
5294020200329 26.2 13.3  0.009999-99.9-99.9-99.9-99.9-9.9 9910.2 41  7.2 -99-99.9-9.9-9.9
5294020200330 24.1 11.6  0.009999-99.9-99.9-99.9-99.9-9.9 9913.3 74 11.2 -99-99.9-9.9-9.9
5294020200331 24.0 12.5  0.009999-99.9-99.9-99.9-99.9-9.9 9913.7 69 11.6 -99-99.9-9.9-9.9
5294020200401 21.9 12.3  0.009999-99.9-99.9-99.9-99.9-9.9 9912.9 64 10.5 -99-99.9-9.9-9.9
5294020200402 23.6 12.6  0.009999-99.9-99.9-99.9-99.9-9.9 99 8.6 44  4.5 -99-99.9-9.9-9.9
5294020200403 25.5  3.0  0.009999-99.9-99.9-99.9-99.9-9.9 99 7.9 51  3.5 -99-99.9-9.9-9.9
5294020200404 25.7  6.2  0.009999-99.9-99.9-99.9-99.9-9.9 99 7.9 38  3.6 -99-99.9-9.9-9.9
5294020200405 26.5  8.5  0.009999-99.9-99.9-99.9-99.9-9.9 99 9.8 56  6.6 -99-99.9-9.9-9.9
5294020200406 19.4  4.3  0.009999-99.9-99.9-99.9-99.9-9.9 99 5.3 38 -2.1 -99-99.9-9.9-9.9
5294020200407 21.1  0.3  0.009999-99.9-99.9-99.9-99.9-9.9 99 5.4 38 -1.8 -99-99.9-9.9-9.9
5294020200408 23.6  3.4  0.009999-99.9-99.9-99.9-99.9-9.9 99 7.2 47  2.2 -99-99.9-9.9-9.9
5294020200409 24.2  3.5  0.009999-99.9-99.9-99.9-99.9-9.9 99 8.5 53  4.5 -99-99.9-9.9-9.9
5294020200410 24.4  4.3  0.009999-99.9-99.9-99.9-99.9-9.9 99 9.2 58  5.7 -99-99.9-9.9-9.9
5294020200411 25.7  6.2  1.019999-99.9-99.9-99.9-99.9-9.9 9910.2 66  7.2 -99-99.9-9.9-9.9
5294020200412 19.9 10.1  0.009999-99.9-99.9-99.9-99.9-9.9 9910.0 66  7.0 -99-99.9-9.9-9.9
5294020200413 22.6  2.5  0.009999-99.9-99.9-99.9-99.9-9.9 99 8.4 55  4.3 -99-99.9-9.9-9.9
5294020200414 21.3  4.7  0.009999-99.9-99.9-99.9-99.9-9.9 99 8.0 57  3.7 -99-99.9-9.9-9.9
5294020200415 24.6  4.7  0.009999-99.9-99.9-99.9-99.9-9.9 99 8.3 50  4.2 -99-99.9-9.9-9.9
5294020200416 27.0  7.4  0.009999-99.9-99.9-99.9-99.9-9.9 99 9.0 50  5.4 -99-99.9-9.9-9.9
5294020200417 27.2  5.5  0.009999-99.9-99.9-99.9-99.9-9.9 99 9.0 48  5.4 -99-99.9-9.9-9.9
5294020200418 28.1  5.6  0.009999-99.9-99.9-99.9-99.9-9.9 99 9.6 51  6.4 -99-99.9-9.9-9.9
5294020200419 28.8  6.5  0.009999-99.9-99.9-99.9-99.9-9.9 99 8.8 42  5.1 -99-99.9-9.9-9.9
5294020200420 26.7  8.0  0.009999-99.9-99.9-99.9-99.9-9.9 99 8.9 48  5.1 -99-99.9-9.9-9.9
5294020200421 23.0  3.2  0.009999-99.9-99.9-99.9-99.9-9.9 99 7.1 51  2.0 -99-99.9-9.9-9.9
5294020200422 23.8  4.8  0.009999-99.9-99.9-99.9-99.9-9.9 99 8.3 57  4.2 -99-99.9-9.9-9.9
5294020200423 24.6  7.6  0.009999-99.9-99.9-99.9-99.9-9.9 9910.1 59  7.1 -99-99.9-9.9-9.9
5294020200424 19.5 10.5  0.009999-99.9-99.9-99.9-99.9-9.9 99 9.1 50  5.5 -99-99.9-9.9-9.9
5294020200425 16.0  5.8  0.009999-99.9-99.9-99.9-99.9-9.9 99 9.3 62  5.8 -99-99.9-9.9-9.9
5294020200426 20.7  8.7  0.009999-99.9-99.9-99.9-99.9-9.9 9911.1 71  8.5 -99-99.9-9.9-9.9
5294020200427 20.3 11.0  0.519999-99.9-99.9-99.9-99.9-9.9 9912.3 70 10.0 -99-99.9-9.9-9.9
5294020200428 19.9  6.7  0.519999-99.9-99.9-99.9-99.9-9.9 99 9.3 68  5.8 -99-99.9-9.9-9.9
5294020200429 20.8  0.8  0.219999-99.9-99.9-99.9-99.9-9.9 99 7.5 67  2.8 -99-99.9-9.9-9.9
5294020200430 24.4  2.0  0.219999-99.9-99.9-99.9-99.9-9.9 99 7.6 55  2.9 -99-99.9-9.9-9.9
5294020200501 20.3  5.3  0.009999-99.9-99.9-99.9-99.9-9.9 99 7.1 55  2.0 -99-99.9-9.9-9.9
5294020200502 22.6  2.7  0.009999-99.9-99.9-99.9-99.9-9.9 99 8.1 61  3.9 -99-99.9-9.9-9.9
5294020200503 25.0  4.9  0.009999-99.9-99.9-99.9-99.9-9.9 99 8.2 53  4.1 -99-99.9-9.9-9.9
5294020200504 21.8  5.8  0.009999-99.9-99.9-99.9-99.9-9.9 9910.0 65  6.9 -99-99.9-9.9-9.9
5294020200505 12.2  1.9  0.009999-99.9-99.9-99.9-99.9-9.9 99 6.5 64  0.7 -99-99.9-9.9-9.9
5294020200506 15.7 -3.7  0.009999-99.9-99.9-99.9-99.9-9.9 99 4.9 59 -3.0 -99-99.9-9.9-9.9
5294020200507 19.9 -3.0  0.009999-99.9-99.9-99.9-99.9-9.9 99 5.0 51 -2.8 -99-99.9-9.9-9.9
5294020200508 23.5 -0.7  0.009999-99.9-99.9-99.9-99.9-9.9 99 5.4 44 -1.7 -99-99.9-9.9-9.9
5294020200509 33.0  0.2  0.009999-99.9-99.9-99.9-99.9-9.9 99 4.9 46 -6.2 -99-99.9-9.9-9.9
5294020200510 27.1  3.4  0.009999-99.9-99.9-99.9-99.9-9.9 99 6.3 48  0.2 -99-99.9-9.9-9.9
5294020200511 16.4  4.2  0.009999-99.9-99.9-99.9-99.9-9.9 99 5.6 43 -1.5 -99-99.9-9.9-9.9
5294020200512 19.8 -0.2  0.009999-99.9-99.9-99.9-99.9-9.9 99 4.9 49 -2.9 -99-99.9-9.9-9.9
5294020200513 15.0 -1.9  0.009999-99.9-99.9-99.9-99.9-9.9 99 4.7 53 -3.6 -99-99.9-9.9-9.9
5294020200514 18.7 -3.7  0.009999-99.9-99.9-99.9-99.9-9.9 99 4.7 54 -3.7 -99-99.9-9.9-9.9
5294020200515 28.1  0.9  0.009999-99.9-99.9-99.9-99.9-9.9 99 3.8 27 -6.3 -99-99.9-9.9-9.9
5294020200516 29.5  4.8  0.009999-99.9-99.9-99.9-99.9-9.9 99 4.2 29 -5.0 -99-99.9-9.9-9.9
5294020200517 26.0  6.1  0.009999-99.9-99.9-99.9-99.9-9.9 99 4.8 30 -3.5 -99-99.9-9.9-9.9
5294020200518 24.4  3.8  0.009999-99.9-99.9-99.9-99.9-9.9 99 6.2 46  0.2 -99-99.9-9.9-9.9
5294020200519 25.9  4.0  0.009999-99.9-99.9-99.9-99.9-9.9 99 6.0 40 -0.7 -99-99.9-9.9-9.9
5294020200520 12.4  5.2  0.819999-99.9-99.9-99.9-99.9-9.9 99 6.8 63  1.4 -99-99.9-9.9-9.9
5294020200521  7.1  3.1  1.519999-99.9-99.9-99.9-99.9-9.9 99 7.7 97  3.2 -99-99.9-9.9-9.9
5294020200522  9.9 -1.2  0.819999-99.9-99.9-99.9-99.9-9.9 99 5.9 81 -0.5 -99-99.9-9.9-9.9
5294020200523 13.5 -4.1  8.019999-99.9-99.9-99.9-99.9-9.9 99 6.0 78 -0.5 -99-99.9-9.9-9.9
5294020200524 26.3 -0.2  0.219999-99.9-99.9-99.9-99.9-9.9 99 6.2 46  0.2 -99-99.9-9.9-9.9
5294020200525 19.1  3.6  0.009999-99.9-99.9-99.9-99.9-9.9 99 6.3 58  0.3 -99-99.9-9.9-9.9
5294020200526 22.2  0.3  0.009999-99.9-99.9-99.9-99.9-9.9 99 5.7 55 -0.9 -99-99.9-9.9-9.9
5294020200527 21.1  1.5  0.009999-99.9-99.9-99.9-99.9-9.9 99 6.1 45 -0.2 -99-99.9-9.9-9.9
5294020200528 19.3  1.4  0.009999-99.9-99.9-99.9-99.9-9.9 99 6.8 64  1.5 -99-99.9-9.9-9.9
5294020200529 14.0  1.8  0.009999-99.9-99.9-99.9-99.9-9.9 99 7.2 72  2.2 -99-99.9-9.9-9.9
5294020200530 10.7  1.1  0.009999-99.9-99.9-99.9-99.9-9.9 99 5.7 68 -1.0 -99-99.9-9.9-9.9
5294020200531 13.9 -5.7  0.009999-99.9-99.9-99.9-99.9-9.9 99 4.5 64 -4.2 -99-99.9-9.9-9.9
5294020200601 14.7 -2.1  0.009999-99.9-99.9-99.9-99.9-9.9 99 5.0 62 -2.8 -99-99.9-9.9-9.9
5294020200602 16.9 -1.4  0.009999-99.9-99.9-99.9-99.9-9.9 99 5.5 61 -1.4 -99-99.9-9.9-9.9
5294020200603  8.2  3.3  0.819999-99.9-99.9-99.9-99.9-9.9 99 6.5 84  0.8 -99-99.9-9.9-9.9
5294020200604 10.0 -4.6  0.219999-99.9-99.9-99.9-99.9-9.9 99 5.8 85 -0.8 -99-99.9-9.9-9.9
5294020200605 19.2 -4.0  0.009999-99.9-99.9-99.9-99.9-9.9 99 5.3 63 -2.1 -99-99.9-9.9-9.9
5294020200606 18.5 -2.9  0.009999-99.9-99.9-99.9-99.9-9.9 99 4.8 56 -3.3 -99-99.9-9.9-9.9
5294020200607 15.0 -1.9  0.009999-99.9-99.9-99.9-99.9-9.9 99 5.2 57 -2.3 -99-99.9-9.9-9.9
5294020200608 12.7 -4.3  0.009999-99.9-99.9-99.9-99.9-9.9 99 5.8 61 -1.0 -99-99.9-9.9-9.9
5294020200609 13.0  2.8  0.009999-99.9-99.9-99.9-99.9-9.9 99 5.3 55 -2.0 -99-99.9-9.9-9.9
5294020200610 21.0 -2.7  0.009999-99.9-99.9-99.9-99.9-9.9 99 4.0 47 -6.0 -99-99.9-9.9-9.9
5294020200611 24.2 -2.1  0.219999-99.9-99.9-99.9-99.9-9.9 99 4.0 42 -7.9 -99-99.9-9.9-9.9
5294020200612 14.5  3.2  0.219999-99.9-99.9-99.9-99.9-9.9 99 5.0 54 -3.6 -99-99.9-9.9-9.9
5294020200613 10.1 -6.1  1.019999-99.9-99.9-99.9-99.9-9.9 99 3.7 62 -6.8 -99-99.9-9.9-9.9
5294020200614 14.5 -5.3  0.009999-99.9-99.9-99.9-99.9-9.9 99 3.5 54 -7.5 -99-99.9-9.9-9.9
5294020200615 14.2 -5.7  0.009999-99.9-99.9-99.9-99.9-9.9 99 4.3 61 -4.7 -99-99.9-9.9-9.9
5294020200616 15.7 -0.3  0.009999-99.9-99.9-99.9-99.9-9.9 99 5.0 49 -2.8 -99-99.9-9.9-9.9
5294020200617 14.1 -0.9  0.009999-99.9-99.9-99.9-99.9-9.9 99 5.5 67 -1.5 -99-99.9-9.9-9.9
5294020200618 15.2 -1.5  0.009999-99.9-99.9-99.9-99.9-9.9 99 5.5 60 -1.3 -99-99.9-9.9-9.9
5294020200619 17.2  4.8  0.009999-99.9-99.9-99.9-99.9-9.9 99 5.8 52 -0.7 -99-99.9-9.9-9.9
5294020200620 14.6  1.0  0.009999-99.9-99.9-99.9-99.9-9.9 99 6.0 54 -0.4 -99-99.9-9.9-9.9
5294020200621 13.7 -0.2  0.009999-99.9-99.9-99.9-99.9-9.9 99 4.8 60 -3.2 -99-99.9-9.9-9.9
5294020200622 14.7 -4.2  0.219999-99.9-99.9-99.9-99.9-9.9 99 4.9 49 -3.4 -99-99.9-9.9-9.9
5294020200623 11.3  1.8  0.519999-99.9-99.9-99.9-99.9-9.9 99 7.8 93  3.3 -99-99.9-9.9-9.9
5294020200624  6.2 -0.5  0.519999-99.9-99.9-99.9-99.9-9.9 99 6.7 89  1.3 -99-99.9-9.9-9.9
5294020200625  9.0 -3.1 17.219999-99.9-99.9-99.9-99.9-9.9 99 5.9 86 -0.6 -99-99.9-9.9-9.9
5294020200626 12.5 -3.2  0.009999-99.9-99.9-99.9-99.9-9.9 99 5.4 76 -1.8 -99-99.9-9.9-9.9
5294020200627 11.1 -3.4  0.009999-99.9-99.9-99.9-99.9-9.9 99 5.6 75 -1.2 -99-99.9-9.9-9.9
5294020200628 10.1 -4.3  0.009999-99.9-99.9-99.9-99.9-9.9 99 5.7 79 -1.0 -99-99.9-9.9-9.9
5294020200629  9.4 -2.2  0.009999-99.9-99.9-99.9-99.9-9.9 99 5.6 82 -1.3 -99-99.9-9.9-9.9
5294020200630 10.6 -5.3  0.009999-99.9-99.9-99.9-99.9-9.9 99 5.0 72 -2.7 -99-99.9-9.9-9.9
5294020200701 11.5 -3.0  0.009999-99.9-99.9-99.9-99.9-9.9 99 5.2 74 -2.2 -99-99.9-9.9-9.9
5294020200702 13.8 -4.6  0.009999-99.9-99.9-99.9-99.9-9.9 99 4.7 69 -3.5 -99-99.9-9.9-9.9
5294020200703 12.4 -4.0  3.819999-99.9-99.9-99.9-99.9-9.9 99 5.3 61 -1.9 -99-99.9-9.9-9.9
5294020200704  8.3 -0.8 21.219999-99.9-99.9-99.9-99.9-9.9 99 6.6100  0.9 -99-99.9-9.9-9.9
5294020200705 10.3 -4.1  3.519999-99.9-99.9-99.9-99.9-9.9 99 5.8 84 -0.7 -99-99.9-9.9-9.9
5294020200706  4.0 -1.0  0.009999-99.9-99.9-99.9-99.9-9.9 99 6.3 90  0.4 -99-99.9-9.9-9.9
5294020200707 10.5 -2.6  0.009999-99.9-99.9-99.9-99.9-9.9 99 5.8 83 -0.7 -99-99.9-9.9-9.9
5294020200708  9.4 -3.3  0.009999-99.9-99.9-99.9-99.9-9.9 99 5.9 81 -0.6 -99-99.9-9.9-9.9
5294020200709  9.6 -3.3  0.009999-99.9-99.9-99.9-99.9-9.9 99 5.8 83 -0.8 -99-99.9-9.9-9.9
5294020200710 21.0 -1.6  0.009999-99.9-99.9-99.9-99.9-9.9 99 5.1 39 -2.7 -99-99.9-9.9-9.9
5294020200711 16.4 -2.0  0.009999-99.9-99.9-99.9-99.9-9.9 99 6.0 66 -0.2 -99-99.9-9.9-9.9
5294020200712 17.2  0.2  0.009999-99.9-99.9-99.9-99.9-9.9 99 6.0 62 -0.4 -99-99.9-9.9-9.9
5294020200713  6.3 -4.4  0.009999-99.9-99.9-99.9-99.9-9.9 99 5.1 94 -2.6 -99-99.9-9.9-9.9
5294020200714 13.8 -7.9  0.009999-99.9-99.9-99.9-99.9-9.9 99 4.7 73 -3.6 -99-99.9-9.9-9.9
5294020200715 17.3 -6.3  0.009999-99.9-99.9-99.9-99.9-9.9 99 4.6 62 -4.0 -99-99.9-9.9-9.9
5294020200716 20.8 -4.3  0.009999-99.9-99.9-99.9-99.9-9.9 99 4.2 54 -5.2 -99-99.9-9.9-9.9
5294020200717  7.0 -2.0  0.009999-99.9-99.9-99.9-99.9-9.9 99 6.1 73 -0.0 -99-99.9-9.9-9.9
5294020200718 15.2  3.8  0.009999-99.9-99.9-99.9-99.9-9.9 99 6.4 62  0.6 -99-99.9-9.9-9.9
5294020200719 18.4  0.5  0.009999-99.9-99.9-99.9-99.9-9.9 99 6.3 62  0.4 -99-99.9-9.9-9.9
5294020200720 10.3  4.5  1.019999-99.9-99.9-99.9-99.9-9.9 99 6.6 68  1.0 -99-99.9-9.9-9.9
5294020200721  7.4  3.1  2.219999-99.9-99.9-99.9-99.9-9.9 99 7.4 85  2.6 -99-99.9-9.9-9.9
5294020200722  5.8  0.2  0.219999-99.9-99.9-99.9-99.9-9.9 99 5.8 82 -0.8 -99-99.9-9.9-9.9
5294020200723  7.4 -5.7  0.009999-99.9-99.9-99.9-99.9-9.9 99 3.9 64 -6.0 -99-99.9-9.9-9.9
5294020200724 11.9 -9.0  0.009999-99.9-99.9-99.9-99.9-9.9 99 3.5 66 -7.5 -99-99.9-9.9-9.9
5294020200725 14.0 -6.7  0.009999-99.9-99.9-99.9-99.9-9.9 99 3.2 54 -8.6 -99-99.9-9.9-9.9
5294020200726 20.2 -2.7  0.009999-99.9-99.9-99.9-99.9-9.9 99 3.9 39 -6.2 -99-99.9-9.9-9.9
5294020200727 10.4 -3.7  0.009999-99.9-99.9-99.9-99.9-9.9 99 4.4 73 -4.4 -99-99.9-9.9-9.9
5294020200728  9.1 -8.6  0.009999-99.9-99.9-99.9-99.9-9.9 99 3.6 70 -7.0 -99-99.9-9.9-9.9
5294020200729 12.5 -7.5  0.009999-99.9-99.9-99.9-99.9-9.9 99 3.7 62 -6.7 -99-99.9-9.9-9.9
5294020200730  9.8 -7.5  0.009999-99.9-99.9-99.9-99.9-9.9 99 4.1 64 -5.3 -99-99.9-9.9-9.9
5294020200731 15.3 -4.6  0.009999-99.9-99.9-99.9-99.9-9.9 99 3.9 55 -6.1 -99-99.9-9.9-9.9
5294020200801 12.7 -3.8  0.009999-99.9-99.9-99.9-99.9-9.9 99 4.2 59 -5.2 -99-99.9-9.9-9.9
5294020200802 17.3 -0.4  0.009999-99.9-99.9-99.9-99.9-9.9 99 4.3 47 -4.6 -99-99.9-9.9-9.9
5294020200803 18.7 -3.8  0.009999-99.9-99.9-99.9-99.9-9.9 99 4.4 55 -4.3 -99-99.9-9.9-9.9
5294020200804 20.7  0.2  0.009999-99.9-99.9-99.9-99.9-9.9 99 5.6 52 -1.2 -99-99.9-9.9-9.9
5294020200805 19.4 -1.5  0.009999-99.9-99.9-99.9-99.9-9.9 99 6.4 63  0.6 -99-99.9-9.9-9.9
5294020200806  8.4 -2.8  0.009999-99.9-99.9-99.9-99.9-9.9 99 4.4 56 -4.7 -99-99.9-9.9-9.9
5294020200807 15.7 -6.5  0.009999-99.9-99.9-99.9-99.9-9.9 99 3.9 54 -6.0 -99-99.9-9.9-9.9
5294020200808 22.0 -3.8  0.009999-99.9-99.9-99.9-99.9-9.9 99 4.0 48 -5.8 -99-99.9-9.9-9.9
5294020200809 20.4 -1.7  0.009999-99.9-99.9-99.9-99.9-9.9 99 3.7 27 -7.1 -99-99.9-9.9-9.9
5294020200810 20.5 -4.7  0.009999-99.9-99.9-99.9-99.9-9.9 99 2.0 31-99.9 -99-99.9-9.9-9.9
5294020200811  9.1-11.2  0.009999-99.9-99.9-99.9-99.9-9.9 99 1.9 43-15.0 -99-99.9-9.9-9.9
5294020200812 14.5 -8.7  0.009999-99.9-99.9-99.9-99.9-9.9 99 2.1 36-14.0 -99-99.9-9.9-9.9
5294020200813 17.7 -6.9  0.009999-99.9-99.9-99.9-99.9-9.9 99 2.2 31-13.2 -99-99.9-9.9-9.9
5294020200814 15.2 -3.6  0.009999-99.9-99.9-99.9-99.9-9.9 99 2.5 31-12.0 -99-99.9-9.9-9.9
5294020200815 15.3 -8.5  0.009999-99.9-99.9-99.9-99.9-9.9 99 2.2 30-13.4 -99-99.9-9.9-9.9
5294020200816 19.1 -7.0  0.009999-99.9-99.9-99.9-99.9-9.9 99 2.3 27-12.6 -99-99.9-9.9-9.9
5294020200817 18.3 -3.7  0.009999-99.9-99.9-99.9-99.9-9.9 99 2.5 30-11.5 -99-99.9-9.9-9.9
5294020200818 11.7 -2.7  0.009999-99.9-99.9-99.9-99.9-9.9 99 3.2 37 -8.7 -99-99.9-9.9-9.9
5294020200819  2.8 -3.7  0.009999-99.9-99.9-99.9-99.9-9.9 99 3.5 72 -7.3 -99-99.9-9.9-9.9
5294020200820 11.2-12.5  0.009999-99.9-99.9-99.9-99.9-9.9 99 2.8 56-10.4 -99-99.9-9.9-9.9
5294020200821 15.0 -8.7  0.009999-99.9-99.9-99.9-99.9-9.9 99 2.5 34-11.5 -99-99.9-9.9-9.9
5294020200822 16.7 -7.9  0.009999-99.9-99.9-99.9-99.9-9.9 99 2.6 37-11.2 -99-99.9-9.9-9.9
5294020200823 18.4 -6.6  0.009999-99.9-99.9-99.9-99.9-9.9 99 2.7 34-10.8 -99-99.9-9.9-9.9
5294020200824 19.8 -1.1  0.009999-99.9-99.9-99.9-99.9-9.9 99 2.9 30 -9.8 -99-99.9-9.9-9.9
5294020200825 19.7 -0.4  0.219999-99.9-99.9-99.9-99.9-9.9 99 4.6 44 -4.6 -99-99.9-9.9-9.9
5294020200826 13.8  2.4  0.219999-99.9-99.9-99.9-99.9-9.9 99 6.5 68  0.7 -99-99.9-9.9-9.9
5294020200827 16.7 -3.2  0.009999-99.9-99.9-99.9-99.9-9.9 99 4.8 52 -3.3 -99-99.9-9.9-9.9
5294020200828 14.1 -1.7  0.009999-99.9-99.9-99.9-99.9-9.9 99 4.3 46 -5.0 -99-99.9-9.9-9.9
5294020200829 11.2 -5.3  0.009999-99.9-99.9-99.9-99.9-9.9 99 3.7 44 -6.7 -99-99.9-9.9-9.9
5294020200830 13.3 -7.1  0.009999-99.9-99.9-99.9-99.9-9.9 99 3.4 49 -7.9 -99-99.9-9.9-9.9
5294020200831 14.8 -4.2  0.009999-99.9-99.9-99.9-99.9-9.9 99 3.6 38 -6.9 -99-99.9-9.9-9.9
5294020200901 13.7  1.3  0.009999-99.9-99.9-99.9-99.9-9.9 99 3.2 35 -8.8 -99-99.9-9.9-9.9
5294020200902 15.8 -4.3  0.009999-99.9-99.9-99.9-99.9-9.9 99 3.2 38 -8.5 -99-99.9-9.9-9.9
5294020200903 17.9 -3.0  0.009999-99.9-99.9-99.9-99.9-9.9 99 3.8 40 -6.3 -99-99.9-9.9-9.9
5294020200904 14.7 -4.5  0.009999-99.9-99.9-99.9-99.9-9.9 99 3.7 41 -6.9 -99-99.9-9.9-9.9
5294020200905 17.2 -1.1  0.009999-99.9-99.9-99.9-99.9-9.9 99 4.6 48 -4.2 -99-99.9-9.9-9.9
5294020200906 15.2 -4.1  0.009999-99.9-99.9-99.9-99.9-9.9 99 4.9 57 -3.0 -99-99.9-9.9-9.9
5294020200907 16.5 -4.6  0.009999-99.9-99.9-99.9-99.9-9.9 99 5.2 56 -2.2 -99-99.9-9.9-9.9
5294020200908 21.9 -0.7  0.009999-99.9-99.9-99.9-99.9-9.9 99 5.3 46 -2.2 -99-99.9-9.9-9.9
5294020200909 19.5  4.3  0.009999-99.9-99.9-99.9-99.9-9.9 99 4.8 38 -3.4 -99-99.9-9.9-9.9
5294020200910 26.6  1.1  0.009999-99.9-99.9-99.9-99.9-9.9 99 5.3 36 -2.2 -99-99.9-9.9-9.9
5294020200911 17.9 -2.3  0.009999-99.9-99.9-99.9-99.9-9.9 99 3.3 29 -8.3 -99-99.9-9.9-9.9
5294020200912 22.0 -4.1  0.009999-99.9-99.9-99.9-99.9-9.9 99 2.8 28-10.2 -99-99.9-9.9-9.9
5294020200913 19.1 -2.9  0.009999-99.9-99.9-99.9-99.9-9.9 99 2.4 21-12.2 -99-99.9-9.9-9.9
5294020200914 17.0 -6.6  0.009999-99.9-99.9-99.9-99.9-9.9 99 2.4 27-12.1 -99-99.9-9.9-9.9
5294020200915 24.3 -3.2  0.009999-99.9-99.9-99.9-99.9-9.9 99 2.6 19-11.0 -99-99.9-9.9-9.9
5294020200916 20.8  4.2  0.009999-99.9-99.9-99.9-99.9-9.9 99 4.7 37 -3.6 -99-99.9-9.9-9.9
5294020200917 27.1  1.4  0.009999-99.9-99.9-99.9-99.9-9.9 99 4.3 28 -5.0 -99-99.9-9.9-9.9
5294020200918 20.6  2.8  0.009999-99.9-99.9-99.9-99.9-9.9 99 3.4 27 -8.0 -99-99.9-9.9-9.9
5294020200919 14.8 -5.0  0.009999-99.9-99.9-99.9-99.9-9.9 99 2.9 30 -9.8 -99-99.9-9.9-9.9
5294020200920 18.9 -4.8  0.009999-99.9-99.9-99.9-99.9-9.9 99 2.8 27-10.3 -99-99.9-9.9-9.9
5294020200921 21.2 -1.5  0.009999-99.9-99.9-99.9-99.9-9.9 99 3.1 26 -9.1 -99-99.9-9.9-9.9
5294020200922 24.8  0.0  0.009999-99.9-99.9-99.9-99.9-9.9 99 3.6 23 -7.1 -99-99.9-9.9-9.9
5294020200923 23.8  3.2  0.009999-99.9-99.9-99.9-99.9-9.9 99 3.6 21 -7.3 -99-99.9-9.9-9.9
5294020200924 26.6  4.2  0.009999-99.9-99.9-99.9-99.9-9.9 99 3.7 20 -6.6 -99-99.9-9.9-9.9
5294020200925 24.4  6.5  0.009999-99.9-99.9-99.9-99.9-9.9 99 6.3 38 -0.6 -99-99.9-9.9-9.9
5294020200926 18.1  7.0  1.019999-99.9-99.9-99.9-99.9-9.9 99 7.3 55  1.7 -99-99.9-9.9-9.9
5294020200927 19.3 -2.9  0.009999-99.9-99.9-99.9-99.9-9.9 99 4.7 41 -3.7 -99-99.9-9.9-9.9
5294020200928 21.3 -1.2  0.009999-99.9-99.9-99.9-99.9-9.9 99 4.0 30 -5.6 -99-99.9-9.9-9.9
5294020200929 25.1  0.1  0.009999-99.9-99.9-99.9-99.9-9.9 99 2.8 15-11.3 -99-99.9-9.9-9.9
5294020200930 23.9  1.0  0.009999-99.9-99.9-99.9-99.9-9.9 99 3.3 21 -8.5 -99-99.9-9.9-9.9
5294020201001 17.2 -2.9  0.009999-99.9-99.9-99.9-99.9-9.9 99 2.8 27-10.4 -99-99.9-9.9-9.9
5294020201002 13.5 -3.5  4.019999-99.9-99.9-99.9-99.9-9.9 99 3.7 37 -7.1 -99-99.9-9.9-9.9
5294020201003  5.5 -0.3  1.019999-99.9-99.9-99.9-99.9-9.9 99 6.1 91  0.0 -99-99.9-9.9-9.9
5294020201004  9.2 -0.4  0.009999-99.9-99.9-99.9-99.9-9.9 99 5.8 76 -0.6 -99-99.9-9.9-9.9
5294020201005 17.0 -6.8  0.009999-99.9-99.9-99.9-99.9-9.9 99 4.9 52 -3.3 -99-99.9-9.9-9.9
5294020201006 23.2  4.1  0.009999-99.9-99.9-99.9-99.9-9.9 99 5.3 33 -2.0 -99-99.9-9.9-9.9
5294020201007 21.1 -0.6  0.009999-99.9-99.9-99.9-99.9-9.9 99 3.8 30 -6.2 -99-99.9-9.9-9.9
5294020201008 22.9 -0.9  0.009999-99.9-99.9-99.9-99.9-9.9 99 3.3 22 -8.3 -99-99.9-9.9-9.9
5294020201009 23.2  1.3  0.009999-99.9-99.9-99.9-99.9-9.9 99 3.9 28 -5.9 -99-99.9-9.9-9.9
5294020201010 30.6  1.0  0.009999-99.9-99.9-99.9-99.9-9.9 99 3.1 16-11.1 -99-99.9-9.9-9.9
5294020201011 20.5 -3.0  0.009999-99.9-99.9-99.9-99.9-9.9 99 3.8 28 -6.4 -99-99.9-9.9-9.9
5294020201012 24.9  0.7  0.009999-99.9-99.9-99.9-99.9-9.9 99 4.3 27 -4.7 -99-99.9-9.9-9.9
5294020201013 28.1  2.8  0.009999-99.9-99.9-99.9-99.9-9.9 99 4.6 23 -4.0 -99-99.9-9.9-9.9
5294020201014 25.9  8.0  0.009999-99.9-99.9-99.9-99.9-9.9 99 4.6 19 -3.9 -99-99.9-9.9-9.9
5294020201015 25.3  4.9  0.009999-99.9-99.9-99.9-99.9-9.9 99 6.7 32  1.0 -99-99.9-9.9-9.9
5294020201016 27.4  6.1  0.009999-99.9-99.9-99.9-99.9-9.9 99 7.8 37  3.3 -99-99.9-9.9-9.9
5294020201017 30.9  8.1  0.009999-99.9-99.9-99.9-99.9-9.9 99 6.9 28  1.6 -99-99.9-9.9-9.9
5294020201018 29.9 12.2  0.009999-99.9-99.9-99.9-99.9-9.9 99 5.1 18 -2.7 -99-99.9-9.9-9.9
5294020201019 25.0  6.8  0.009999-99.9-99.9-99.9-99.9-9.9 99 4.5 22 -4.2 -99-99.9-9.9-9.9
5294020201020 22.8  3.6  0.009999-99.9-99.9-99.9-99.9-9.9 99 5.4 33 -2.4 -99-99.9-9.9-9.9
5294020201021 21.0  6.2  0.009999-99.9-99.9-99.9-99.9-9.9 99 9.3 59  5.9 -99-99.9-9.9-9.9
5294020201022 24.4  3.3  0.009999-99.9-99.9-99.9-99.9-9.9 99 8.7 46  5.0 -99-99.9-9.9-9.9
5294020201023 26.9  5.6  0.009999-99.9-99.9-99.9-99.9-9.9 99 9.4 43  6.0 -99-99.9-9.9-9.9
5294020201024 29.3  8.4 10.219999-99.9-99.9-99.9-99.9-9.9 9910.4 45  7.6 -99-99.9-9.9-9.9
5294020201025 18.3  7.5  0.009999-99.9-99.9-99.9-99.9-9.9 99 9.7 76  6.4 -99-99.9-9.9-9.9
5294020201026 22.0  0.1  0.009999-99.9-99.9-99.9-99.9-9.9 99 7.4 44  2.6 -99-99.9-9.9-9.9
5294020201027 25.7  5.2  0.009999-99.9-99.9-99.9-99.9-9.9 99 5.0 23 -2.9 -99-99.9-9.9-9.9
5294020201028 20.4  4.6  0.009999-99.9-99.9-99.9-99.9-9.9 99 4.8 32 -3.4 -99-99.9-9.9-9.9
5294020201029 16.5  7.2  0.009999-99.9-99.9-99.9-99.9-9.9 99 3.9 31 -6.1 -99-99.9-9.9-9.9
5294020201030 22.4  0.6  0.009999-99.9-99.9-99.9-99.9-9.9 99 4.1 24 -5.2 -99-99.9-9.9-9.9
5294020201031 25.9  2.7  0.009999-99.9-99.9-99.9-99.9-9.9 99 4.8 24 -3.2 -99-99.9-9.9-9.9
5294020201101 28.4  4.7  0.009999-99.9-99.9-99.9-99.9-9.9 99 5.0 23 -2.9 -99-99.9-9.9-9.9
5294020201102 29.1  5.6  0.009999-99.9-99.9-99.9-99.9-9.9 99 5.2 21 -2.3 -99-99.9-9.9-9.9
5294020201103 30.8  8.8  0.009999-99.9-99.9-99.9-99.9-9.9 99 5.2 17 -2.2 -99-99.9-9.9-9.9
5294020201104 29.9  9.4  0.009999-99.9-99.9-99.9-99.9-9.9 99 5.9 23 -0.5 -99-99.9-9.9-9.9
5294020201105 23.2  8.5  0.009999-99.9-99.9-99.9-99.9-9.9 99 3.9 20 -6.3 -99-99.9-9.9-9.9
5294020201106 24.5  2.3  0.009999-99.9-99.9-99.9-99.9-9.9 99 4.2 18 -5.9 -99-99.9-9.9-9.9
5294020201107 27.3  7.1  0.009999-99.9-99.9-99.9-99.9-9.9 99 7.8 32  3.5 -99-99.9-9.9-9.9
5294020201108 30.6 11.3  0.009999-99.9-99.9-99.9-99.9-9.9 99 8.0 29  3.6 -99-99.9-9.9-9.9
5294020201109 26.1  8.8  3.019999-99.9-99.9-99.9-99.9-9.9 9910.5 41  7.5 -99-99.9-9.9-9.9
5294020201110 25.6 11.4  0.819999-99.9-99.9-99.9-99.9-9.9 9911.1 51  8.5 -99-99.9-9.9-9.9
5294020201111 26.6  9.7  0.219999-99.9-99.9-99.9-99.9-9.9 9910.4 40  7.5 -99-99.9-9.9-9.9
5294020201112 28.6 11.7  0.009999-99.9-99.9-99.9-99.9-9.9 99 9.8 38  6.7 -99-99.9-9.9-9.9
5294020201113 26.8  9.6 12.819999-99.9-99.9-99.9-99.9-9.9 9910.4 50  7.4 -99-99.9-9.9-9.9
5294020201114 17.6  8.6  0.009999-99.9-99.9-99.9-99.9-9.9 9910.3 69  7.4 -99-99.9-9.9-9.9
5294020201115 22.1  4.0  0.009999-99.9-99.9-99.9-99.9-9.9 99 8.1 48  3.9 -99-99.9-9.9-9.9
5294020201116 26.6  5.2  0.009999-99.9-99.9-99.9-99.9-9.9 99 5.5 19 -1.6 -99-99.9-9.9-9.9
5294020201117 21.3  9.9  0.009999-99.9-99.9-99.9-99.9-9.9 99 8.1 50  3.9 -99-99.9-9.9-9.9
5294020201118 27.2  6.3  0.009999-99.9-99.9-99.9-99.9-9.9 99 6.5 27  0.7 -99-99.9-9.9-9.9
5294020201119 26.4 10.2  0.009999-99.9-99.9-99.9-99.9-9.9 99 7.4 34  2.6 -99-99.9-9.9-9.9
5294020201120 26.3  6.6  0.009999-99.9-99.9-99.9-99.9-9.9 99 8.1 38  3.8 -99-99.9-9.9-9.9
5294020201121 26.5  5.4  0.009999-99.9-99.9-99.9-99.9-9.9 99 7.4 31  2.5 -99-99.9-9.9-9.9
5294020201122 28.8 10.4  0.009999-99.9-99.9-99.9-99.9-9.9 99 8.8 34  5.1 -99-99.9-9.9-9.9
5294020201123 30.7 14.5  0.009999-99.9-99.9-99.9-99.9-9.9 99 8.4 29  4.3 -99-99.9-9.9-9.9
5294020201124 26.4 14.8  0.009999-99.9-99.9-99.9-99.9-9.9 99 7.0 26  1.6 -99-99.9-9.9-9.9
5294020201125 25.5 11.4  5.819999-99.9-99.9-99.9-99.9-9.9 99 7.9 41  3.5 -99-99.9-9.9-9.9
5294020201126 22.3  6.7  0.009999-99.9-99.9-99.9-99.9-9.9 99 4.9 24 -3.1 -99-99.9-9.9-9.9
5294020201127 29.0  5.0  0.009999-99.9-99.9-99.9-99.9-9.9 99 5.8 25 -1.0 -99-99.9-9.9-9.9
5294020201128 30.3 13.7  2.019999-99.9-99.9-99.9-99.9-9.9 99 8.8 28  5.1 -99-99.9-9.9-9.9
5294020201129 22.8  9.8  0.009999-99.9-99.9-99.9-99.9-9.9 99 9.2 36  5.5 -99-99.9-9.9-9.9
5294020201130 27.3 12.8  0.009999-99.9-99.9-99.9-99.9-9.9 99 8.0 35  3.6 -99-99.9-9.9-9.9
5294020201201 29.8 11.3  0.009999-99.9-99.9-99.9-99.9-9.9 99 9.7 37  6.5 -99-99.9-9.9-9.9
5294020201202 26.7  9.3  0.009999-99.9-99.9-99.9-99.9-9.9 99 6.2 25  0.0 -99-99.9-9.9-9.9
5294020201203 25.3  9.1  0.009999-99.9-99.9-99.9-99.9-9.9 99 4.5 19 -4.3 -99-99.9-9.9-9.9
5294020201204 23.6  1.5  0.009999-99.9-99.9-99.9-99.9-9.9 99 3.8 19 -6.5 -99-99.9-9.9-9.9
5294020201205 26.0  6.6  0.009999-99.9-99.9-99.9-99.9-9.9 99 6.7 34  1.1 -99-99.9-9.9-9.9
5294020201206 28.3  6.4  0.009999-99.9-99.9-99.9-99.9-9.9 99 7.5 30  2.7 -99-99.9-9.9-9.9
5294020201207 30.2  9.6  0.009999-99.9-99.9-99.9-99.9-9.9 99 8.2 29  4.0 -99-99.9-9.9-9.9
5294020201208 31.4 11.8  0.009999-99.9-99.9-99.9-99.9-9.9 99 6.1 18 -0.6 -99-99.9-9.9-9.9
5294020201209 26.0  9.7  0.009999-99.9-99.9-99.9-99.9-9.9 99 4.2 18 -5.2 -99-99.9-9.9-9.9
5294020201210 32.4  8.9  0.009999-99.9-99.9-99.9-99.9-9.9 99 4.2 12 -6.8 -99-99.9-9.9-9.9
5294020201211 22.5  5.3  0.009999-99.9-99.9-99.9-99.9-9.9 99 3.5 24 -7.5 -99-99.9-9.9-9.9
5294020201212 29.6  3.6  0.009999-99.9-99.9-99.9-99.9-9.9 99 2.9 11-10.6 -99-99.9-9.9-9.9
5294020201213 20.7  2.9  0.009999-99.9-99.9-99.9-99.9-9.9 99 5.1 33 -2.5 -99-99.9-9.9-9.9
5294020201214 25.8  1.3  0.009999-99.9-99.9-99.9-99.9-9.9 99 3.9 15 -6.3 -99-99.9-9.9-9.9
5294020201215 20.1  2.3  0.009999-99.9-99.9-99.9-99.9-9.9 99 3.3 21 -8.2 -99-99.9-9.9-9.9
5294020201216 25.3  2.2  0.009999-99.9-99.9-99.9-99.9-9.9 99 3.3 15 -8.4 -99-99.9-9.9-9.9
5294020201217 27.5  6.7  0.009999-99.9-99.9-99.9-99.9-9.9 99 5.6 27 -1.4 -99-99.9-9.9-9.9
5294020201218 21.7  6.0  3.819999-99.9-99.9-99.9-99.9-9.9 99 6.7 44  1.1 -99-99.9-9.9-9.9
5294020201219 19.1 -1.0  0.009999-99.9-99.9-99.9-99.9-9.9 99 5.0 31 -3.0 -99-99.9-9.9-9.9
5294020201220 18.0  1.9  0.009999-99.9-99.9-99.9-99.9-9.9 99 4.9 36 -3.1 -99-99.9-9.9-9.9
5294020201221 25.0  1.6  0.009999-99.9-99.9-99.9-99.9-9.9 99 5.3 26 -1.9 -99-99.9-9.9-9.9
5294020201222 27.6  5.4  0.009999-99.9-99.9-99.9-99.9-9.9 99 6.0 24 -0.2 -99-99.9-9.9-9.9
5294020201223 27.8  9.4  0.009999-99.9-99.9-99.9-99.9-9.9 99 5.5 19 -1.6 -99-99.9-9.9-9.9
5294020201224 26.6 10.8  1.019999-99.9-99.9-99.9-99.9-9.9 99 5.4 22 -1.9 -99-99.9-9.9-9.9
5294020201225 26.0  6.0  0.009999-99.9-99.9-99.9-99.9-9.9 99 6.2 30  0.2 -99-99.9-9.9-9.9
5294020201226 27.8 11.3  1.819999-99.9-99.9-99.9-99.9-9.9 99 7.4 43  2.2 -99-99.9-9.9-9.9
5294020201227 23.7  6.7  0.009999-99.9-99.9-99.9-99.9-9.9 99 9.4 46  6.0 -99-99.9-9.9-9.9
5294020201228 24.8  9.4  0.009999-99.9-99.9-99.9-99.9-9.9 99 8.4 38  4.4 -99-99.9-9.9-9.9
5294020201229 27.1  7.0  0.009999-99.9-99.9-99.9-99.9-9.9 99 7.1 26  1.5 -99-99.9-9.9-9.9
5294020201230 21.9  5.9  0.009999-99.9-99.9-99.9-99.9-9.9 99 4.6 26 -3.9 -99-99.9-9.9-9.9
5294020201231 24.3  1.4  0.009999-99.9-99.9-99.9-99.9-9.9 99 4.8 24 -3.7 -99-99.9-9.9-9.9
5294020210101 27.9  6.0  3.819999-99.9-99.9-99.9-99.9-9.9 99 6.1 22  0.0 -99-99.9-9.9-9.9
5294020210102 21.7  8.5 24.219999-99.9-99.9-99.9-99.9-9.9 99 9.3 78  5.9 -99-99.9-9.9-9.9
5294020210103 21.4  4.9  0.009999-99.9-99.9-99.9-99.9-9.9 99 8.9 57  5.3 -99-99.9-9.9-9.9
5294020210104 17.7  5.2  7.219999-99.9-99.9-99.9-99.9-9.9 99 9.8 76  6.6 -99-99.9-9.9-9.9
5294020210105 11.2  6.5  8.219999-99.9-99.9-99.9-99.9-9.9 99 8.8 80  5.1 -99-99.9-9.9-9.9
5294020210106 18.8  1.4  0.009999-99.9-99.9-99.9-99.9-9.9 99 7.3 47  2.3 -99-99.9-9.9-9.9
5294020210107 23.3  2.8  0.009999-99.9-99.9-99.9-99.9-9.9 99 6.9 34  1.7 -99-99.9-9.9-9.9
5294020210108 20.9  4.6  0.009999-99.9-99.9-99.9-99.9-9.9 99 7.4 43  2.6 -99-99.9-9.9-9.9
5294020210109 22.0  4.7  0.009999-99.9-99.9-99.9-99.9-9.9 99 7.1 38  2.0 -99-99.9-9.9-9.9
5294020210110 25.6  7.5  0.009999-99.9-99.9-99.9-99.9-9.9 99 6.1 22 -1.5 -99-99.9-9.9-9.9
5294020210111 21.0  8.6  0.009999-99.9-99.9-99.9-99.9-9.9 99 4.9 28 -3.1 -99-99.9-9.9-9.9
5294020210112 19.2  0.4  0.009999-99.9-99.9-99.9-99.9-9.9 99 4.8 32 -3.3 -99-99.9-9.9-9.9
5294020210113 24.1  3.0  0.009999-99.9-99.9-99.9-99.9-9.9 99 7.6 39  2.9 -99-99.9-9.9-9.9
5294020210114 25.4  9.3  0.009999-99.9-99.9-99.9-99.9-9.9 99 9.9 43  6.8 -99-99.9-9.9-9.9
5294020210115 24.2 11.5  0.219999-99.9-99.9-99.9-99.9-9.9 99 8.7 35  4.8 -99-99.9-9.9-9.9
5294020210116 19.4  6.3  0.009999-99.9-99.9-99.9-99.9-9.9 99 5.0 34 -2.8 -99-99.9-9.9-9.9
5294020210117 21.7 -1.0  0.009999-99.9-99.9-99.9-99.9-9.9 99 4.6 27 -3.8 -99-99.9-9.9-9.9
5294020210118 25.0  1.7  0.009999-99.9-99.9-99.9-99.9-9.9 99 4.7 21 -3.5 -99-99.9-9.9-9.9
5294020210119 27.5  4.1  0.009999-99.9-99.9-99.9-99.9-9.9 99 5.2 22 -2.2 -99-99.9-9.9-9.9
5294020210120 28.6  6.6  0.009999-99.9-99.9-99.9-99.9-9.9 99 5.1 21 -2.6 -99-99.9-9.9-9.9
5294020210121 28.1  7.5  0.009999-99.9-99.9-99.9-99.9-9.9 99 4.9 21 -2.9 -99-99.9-9.9-9.9
5294020210122 29.0  6.8  0.009999-99.9-99.9-99.9-99.9-9.9 99 4.7 20 -3.6 -99-99.9-9.9-9.9
5294020210123 29.9  7.2  0.009999-99.9-99.9-99.9-99.9-9.9 99 5.7 22 -1.0 -99-99.9-9.9-9.9
5294020210124 30.4  8.5  0.009999-99.9-99.9-99.9-99.9-9.9 99 6.6 22  1.0 -99-99.9-9.9-9.9
5294020210125 29.5 13.4  0.009999-99.9-99.9-99.9-99.9-9.9 99 7.2 37  2.1 -99-99.9-9.9-9.9
5294020210126 26.0  8.1  7.519999-99.9-99.9-99.9-99.9-9.9 99 7.2 33  2.0 -99-99.9-9.9-9.9
5294020210127 23.5  7.7  0.009999-99.9-99.9-99.9-99.9-9.9 99 6.2 32 -0.1 -99-99.9-9.9-9.9
5294020210128 21.3  4.0  0.009999-99.9-99.9-99.9-99.9-9.9 99 4.2 25 -5.3 -99-99.9-9.9-9.9
5294020210129 23.9  4.2  3.819999-99.9-99.9-99.9-99.9-9.9 99 6.8 42  1.3 -99-99.9-9.9-9.9
5294020210130 14.5  5.5 28.819999-99.9-99.9-99.9-99.9-9.9 99 8.6 89  4.8 -99-99.9-9.9-9.9
5294020210131 12.4  3.8  6.019999-99.9-99.9-99.9-99.9-9.9 99 8.1 82  3.9 -99-99.9-9.9-9.9
5294020210201  9.6  1.8 51.219999-99.9-99.9-99.9-99.9-9.9 99 7.2 83  2.2 -99-99.9-9.9-9.9
5294020210202 13.9  3.3  1.519999-99.9-99.9-99.9-99.9-9.9 99 7.8 77  3.4 -99-99.9-9.9-9.9
5294020210203 19.3  0.6  0.009999-99.9-99.9-99.9-99.9-9.9 99 7.2 52  2.1 -99-99.9-9.9-9.9
5294020210204 21.4  1.7  0.009999-99.9-99.9-99.9-99.9-9.9 99 6.9 47  1.5 -99-99.9-9.9-9.9
5294020210205 23.3  3.6  0.009999-99.9-99.9-99.9-99.9-9.9 99 7.2 42  2.1 -99-99.9-9.9-9.9
5294020210206 25.1  5.6  0.009999-99.9-99.9-99.9-99.9-9.9 99 8.1 41  3.8 -99-99.9-9.9-9.9
5294020210207 25.6  8.1 24.819999-99.9-99.9-99.9-99.9-9.9 99 9.3 54  5.8 -99-99.9-9.9-9.9
5294020210208 11.7  5.2 19.519999-99.9-99.9-99.9-99.9-9.9 99 9.0 96  5.4 -99-99.9-9.9-9.9
5294020210209 16.6  5.1  8.819999-99.9-99.9-99.9-99.9-9.9 99 9.5 86  6.2 -99-99.9-9.9-9.9
5294020210210 16.5  7.1  0.009999-99.9-99.9-99.9-99.9-9.9 99 9.8 77  6.7 -99-99.9-9.9-9.9
5294020210211 18.2  3.9  1.219999-99.9-99.9-99.9-99.9-9.9 99 9.2 67  5.7 -99-99.9-9.9-9.9
5294020210212 20.5  5.1  0.219999-99.9-99.9-99.9-99.9-9.9 99 8.4 51  4.4 -99-99.9-9.9-9.9
5294020210213 23.0  3.6  0.009999-99.9-99.9-99.9-99.9-9.9 99 8.1 50  3.8 -99-99.9-9.9-9.9
5294020210214 22.7  3.2  0.009999-99.9-99.9-99.9-99.9-9.9 99 7.4 46  2.6 -99-99.9-9.9-9.9
5294020210215 18.0  7.5  4.819999-99.9-99.9-99.9-99.9-9.9 99 8.5 65  4.6 -99-99.9-9.9-9.9
5294020210216 18.2  3.1  0.009999-99.9-99.9-99.9-99.9-9.9 99 9.2 66  5.7 -99-99.9-9.9-9.9
5294020210217 21.6  3.6  0.009999-99.9-99.9-99.9-99.9-9.9 99 8.9 61  5.1 -99-99.9-9.9-9.9
5294020210218 20.8  4.2  0.009999-99.9-99.9-99.9-99.9-9.9 99 8.7 46  4.9 -99-99.9-9.9-9.9
5294020210219 16.6  5.4  0.009999-99.9-99.9-99.9-99.9-9.9 99 6.5 56  0.8 -99-99.9-9.9-9.9
5294020210220 19.1 -2.1  0.009999-99.9-99.9-99.9-99.9-9.9 99 6.3 55  0.3 -99-99.9-9.9-9.9
5294020210221 22.0  2.1  0.009999-99.9-99.9-99.9-99.9-9.9 99 7.9 51  3.5 -99-99.9-9.9-9.9
5294020210222 19.6  6.2  0.009999-99.9-99.9-99.9-99.9-9.9 99 5.8 35 -1.0 -99-99.9-9.9-9.9
5294020210223 21.1  1.4  0.009999-99.9-99.9-99.9-99.9-9.9 99 6.5 47  0.8 -99-99.9-9.9-9.9
5294020210224 23.3  1.5  0.009999-99.9-99.9-99.9-99.9-9.9 99 7.4 45  2.4 -99-99.9-9.9-9.9
5294020210225 24.4  6.4  0.009999-99.9-99.9-99.9-99.9-9.9 99 9.9 51  6.8 -99-99.9-9.9-9.9
5294020210226 26.0  7.3  0.009999-99.9-99.9-99.9-99.9-9.9 99 9.8 44  6.6 -99-99.9-9.9-9.9
5294020210227 23.0  6.6 11.819999-99.9-99.9-99.9-99.9-9.9 9910.4 58  7.5 -99-99.9-9.9-9.9
5294020210228 23.4  6.7  0.009999-99.9-99.9-99.9-99.9-9.9 9910.8 61  8.0 -99-99.9-9.9-9.9
5294020210301 24.7  8.2  0.009999-99.9-99.9-99.9-99.9-9.9 99 9.2 50  5.6 -99-99.9-9.9-9.9
5294020210302 22.6  6.3  0.009999-99.9-99.9-99.9-99.9-9.9 99 9.7 56  6.5 -99-99.9-9.9-9.9
5294020210303 23.0  5.6  0.009999-99.9-99.9-99.9-99.9-9.9 99 8.7 50  4.9 -99-99.9-9.9-9.9
5294020210304 26.6  6.7  0.009999-99.9-99.9-99.9-99.9-9.9 99 8.9 45  5.3 -99-99.9-9.9-9.9
5294020210305 23.4  9.2  0.009999-99.9-99.9-99.9-99.9-9.9 9910.6 61  7.8 -99-99.9-9.9-9.9
5294020210306 26.1  7.2  0.009999-99.9-99.9-99.9-99.9-9.9 99 9.7 47  6.5 -99-99.9-9.9-9.9
5294020210307 27.1  7.8  0.009999-99.9-99.9-99.9-99.9-9.9 99 9.1 44  5.6 -99-99.9-9.9-9.9
5294020210308 19.2  9.7  0.009999-99.9-99.9-99.9-99.9-9.9 99 6.4 45  0.7 -99-99.9-9.9-9.9
5294020210309 22.5  2.9  0.009999-99.9-99.9-99.9-99.9-9.9 99 7.4 49  2.5 -99-99.9-9.9-9.9
5294020210310 26.0  4.9  0.009999-99.9-99.9-99.9-99.9-9.9 99 8.8 50  5.1 -99-99.9-9.9-9.9
5294020210311 19.4  8.2  0.009999-99.9-99.9-99.9-99.9-9.9 99 6.0 40 -0.3 -99-99.9-9.9-9.9
5294020210312 20.2  3.2  0.009999-99.9-99.9-99.9-99.9-9.9 99 8.1 59  3.8 -99-99.9-9.9-9.9
5294020210313 22.2  2.4  7.219999-99.9-99.9-99.9-99.9-9.9 99 8.4 71  4.4 -99-99.9-9.9-9.9
5294020210314 21.1  3.0 30.519999-99.9-99.9-99.9-99.9-9.9 99 8.7 68  4.8 -99-99.9-9.9-9.9
5294020210315 18.1  6.3  0.009999-99.9-99.9-99.9-99.9-9.9 99 9.6 79  6.4 -99-99.9-9.9-9.9
5294020210316 17.8  5.5  6.819999-99.9-99.9-99.9-99.9-9.9 99 7.6 60  2.9 -99-99.9-9.9-9.9
5294020210317  9.0  1.2  3.219999-99.9-99.9-99.9-99.9-9.9 99 7.0 88  1.7 -99-99.9-9.9-9.9
5294020210318  5.3 -0.1  1.219999-99.9-99.9-99.9-99.9-9.9 99 6.4 90  0.7 -99-99.9-9.9-9.9
5294020210319  9.9 -3.5  0.009999-99.9-99.9-99.9-99.9-9.9 99 6.3 79  0.5 -99-99.9-9.9-9.9
5294020210320 11.5 -3.1  0.219999-99.9-99.9-99.9-99.9-9.9 99 6.0 73 -0.4 -99-99.9-9.9-9.9
5294020210321  9.3 -1.8 21.219999-99.9-99.9-99.9-99.9-9.9 99 5.6 66 -1.1 -99-99.9-9.9-9.9
5294020210322 14.0 -1.2  0.009999-99.9-99.9-99.9-99.9-9.9 99 5.8 72 -0.7 -99-99.9-9.9-9.9
5294020210323  3.1-29.6  0.009999-99.9-99.9-99.9-99.9-9.9 99 1.5 69-19.6 -99-99.9-9.9-9.9
5294020210324 -9.6-27.2  0.009999-99.9-99.9-99.9-99.9-9.9 99 0.9 53-99.9 -99-99.9-9.9-9.9
5294020210325-16.3-23.9  4.519999-99.9-99.9-99.9-99.9-9.9 99 0.8 72-99.9 -99-99.9-9.9-9.9
5294020210326-18.2-28.3  0.009999-99.9-99.9-99.9-99.9-9.9 99 0.7 86-99.9 -99-99.9-9.9-9.9
5294020210327-24.7-30.0  0.009999-99.9-99.9-99.9-99.9-9.9 99-9.9 59-99.9 -99-99.9-9.9-9.9
5294020210328-99.9-99.9  0.009999-99.9-99.9-99.9-99.9-9.9 99-9.9 64-99.9 -99-99.9-9.9-9.9
5294020210329-99.9-99.9  0.009999-99.9-99.9-99.9-99.9-9.9 99-9.9 59-99.9 -99-99.9-9.9-9.9
5294020210330-99.9-99.9  0.009999-99.9-99.9-99.9-99.9-9.9 99-9.9 55-99.9 -99-99.9-9.9-9.9
5294020210331-99.9-99.9  0.009999-99.9-99.9-99.9-99.9-9.9 99-9.9 52-99.9 -99-99.9-9.9-9.9
5294020210401-99.9-99.9  0.009999-99.9-99.9-99.9-99.9-9.9 99-9.9 62-99.9 -99-99.9-9.9-9.9
5294020210402-99.9-99.9  0.009999-99.9-99.9-99.9-99.9-9.9 99-9.9 73-99.9 -99-99.9-9.9-9.9
5294020210403-99.9-99.9  0.009999-99.9-99.9-99.9-99.9-9.9 99-9.9 62-99.9 -99-99.9-9.9-9.9
5294020210404-99.9-99.9  0.009999-99.9-99.9-99.9-99.9-9.9 99-9.9 69-99.9 -99-99.9-9.9-9.9
5294020210405-99.9-99.9  0.009999-99.9-99.9-99.9-99.9-9.9 99-9.9 57-99.9 -99-99.9-9.9-9.9
5294020210406-99.9-99.9  0.009999-99.9-99.9-99.9-99.9-9.9 99-9.9 71-99.9 -99-99.9-9.9-9.9
5294020210407-99.9-99.9  0.009999-99.9-99.9-99.9-99.9-9.9 99-9.9 80-99.9 -99-99.9-9.9-9.9
5294020210408-99.9-99.9  0.009999-99.9-99.9-99.9-99.9-9.9 99-9.9 68-99.9 -99-99.9-9.9-9.9
5294020210409-99.9-99.9  1.219999-99.9-99.9-99.9-99.9-9.9 99-9.9 77-99.9 -99-99.9-9.9-9.9
5294020210410-99.9-99.9  1.219999-99.9-99.9-99.9-99.9-9.9 99-9.9 91-99.9 -99-99.9-9.9-9.9
5294020210411-99.9-99.9  0.009999-99.9-99.9-99.9-99.9-9.9 99-9.9 67-99.9 -99-99.9-9.9-9.9
5294020210412-99.9-99.9  0.009999-99.9-99.9-99.9-99.9-9.9 99-9.9 61-99.9 -99-99.9-9.9-9.9
5294020210413-99.9-99.9  0.009999-99.9-99.9-99.9-99.9-9.9 99-9.9 59-99.9 -99-99.9-9.9-9.9
5294020210414-99.9-99.9  0.009999-99.9-99.9-99.9-99.9-9.9 99-9.9 55-99.9 -99-99.9-9.9-9.9
5294020210415-99.9-99.9  0.009999-99.9-99.9-99.9-99.9-9.9 99-9.9 50-99.9 -99-99.9-9.9-9.9
5294020210416-99.9-99.9  0.009999-99.9-99.9-99.9-99.9-9.9 99-9.9 54-99.9 -99-99.9-9.9-9.9
5294020210417-99.9-99.9  0.009999-99.9-99.9-99.9-99.9-9.9 99-9.9 65-99.9 -99-99.9-9.9-9.9
5294020210418-99.9-99.9  0.009999-99.9-99.9-99.9-99.9-9.9 99-9.9 67-99.9 -99-99.9-9.9-9.9
5294020210419-99.9-99.9  0.009999-99.9-99.9-99.9-99.9-9.9 99-9.9 71-99.9 -99-99.9-9.9-9.9
5294020210420-99.9-99.9 25.819999-99.9-99.9-99.9-99.9-9.9 99-9.9 75-99.9 -99-99.9-9.9-9.9
5294020210421-99.9-99.9  0.009999-99.9-99.9-99.9-99.9-9.9 99-9.9 81-99.9 -99-99.9-9.9-9.9
5294020210422-99.9-99.9  0.009999-99.9-99.9-99.9-99.9-9.9 99-9.9 72-99.9 -99-99.9-9.9-9.9
5294020210423-99.9-99.9  1.219999-99.9-99.9-99.9-99.9-9.9 99-9.9 73-99.9 -99-99.9-9.9-9.9
5294020210424-99.9-99.9  0.009999-99.9-99.9-99.9-99.9-9.9 99-9.9 74-99.9 -99-99.9-9.9-9.9
5294020210425-99.9-99.9  0.009999-99.9-99.9-99.9-99.9-9.9 99-9.9 76-99.9 -99-99.9-9.9-9.9
5294020210426-99.9-99.9  0.009999-99.9-99.9-99.9-99.9-9.9 99-9.9 68-99.9 -99-99.9-9.9-9.9
5294020210427-99.9-99.9  0.009999-99.9-99.9-99.9-99.9-9.9 99-9.9 71-99.9 -99-99.9-9.9-9.9
5294020210428-99.9-99.9  0.009999-99.9-99.9-99.9-99.9-9.9 99-9.9 63-99.9 -99-99.9-9.9-9.9
5294020210429-99.9-99.9  0.009999-99.9-99.9-99.9-99.9-9.9 99-9.9 69-99.9 -99-99.9-9.9-9.9
5294020210430-99.9-99.9  0.009999-99.9-99.9-99.9-99.9-9.9 99-9.9 71-99.9 -99-99.9-9.9-9.9
5294020210501-99.9-99.9  0.009999-99.9-99.9-99.9-99.9-9.9 99-9.9 63-99.9 -99-99.9-9.9-9.9
5294020210502-99.9-99.9  0.009999-99.9-99.9-99.9-99.9-9.9 99-9.9 66-99.9 -99-99.9-9.9-9.9
5294020210503-99.9-99.9  1.819999-99.9-99.9-99.9-99.9-9.9 99-9.9 70-99.9 -99-99.9-9.9-9.9
5294020210504-99.9-99.9  0.009999-99.9-99.9-99.9-99.9-9.9 99-9.9 80-99.9 -99-99.9-9.9-9.9
5294020210505-99.9-99.9  0.009999-99.9-99.9-99.9-99.9-9.9 99-9.9 77-99.9 -99-99.9-9.9-9.9
5294020210506-99.9-99.9  0.009999-99.9-99.9-99.9-99.9-9.9 99-9.9 73-99.9 -99-99.9-9.9-9.9
5294020210507-99.9-99.9  0.009999-99.9-99.9-99.9-99.9-9.9 99-9.9 77-99.9 -99-99.9-9.9-9.9
5294020210508-99.9-99.9  0.009999-99.9-99.9-99.9-99.9-9.9 99-9.9 66-99.9 -99-99.9-9.9-9.9
5294020210509-99.9-99.9  0.009999-99.9-99.9-99.9-99.9-9.9 99-9.9 71-99.9 -99-99.9-9.9-9.9
5294020210510-99.9-99.9  0.009999-99.9-99.9-99.9-99.9-9.9 99-9.9 69-99.9 -99-99.9-9.9-9.9
5294020210511-99.9-99.9  0.009999-99.9-99.9-99.9-99.9-9.9 99-9.9 72-99.9 -99-99.9-9.9-9.9
5294020210512-99.9-99.9  0.009999-99.9-99.9-99.9-99.9-9.9 99-9.9 70-99.9 -99-99.9-9.9-9.9
5294020210513-99.9-99.9  0.009999-99.9-99.9-99.9-99.9-9.9 99-9.9 66-99.9 -99-99.9-9.9-9.9
5294020210514-99.9-99.9  0.009999-99.9-99.9-99.9-99.9-9.9 99-9.9 65-99.9 -99-99.9-9.9-9.9
5294020210515-99.9-99.9  0.009999-99.9-99.9-99.9-99.9-9.9 99-9.9 68-99.9 -99-99.9-9.9-9.9
5294020210516-99.9-99.9  0.009999-99.9-99.9-99.9-99.9-9.9 99-9.9 71-99.9 -99-99.9-9.9-9.9
5294020210517-99.9-99.9  0.009999-99.9-99.9-99.9-99.9-9.9 99-9.9 76-99.9 -99-99.9-9.9-9.9
5294020210518-99.9-99.9  0.009999-99.9-99.9-99.9-99.9-9.9 99-9.9 74-99.9 -99-99.9-9.9-9.9
5294020210519-99.9-99.9 17.819999-99.9-99.9-99.9-99.9-9.9 99-9.9 77-99.9 -99-99.9-9.9-9.9
5294020210520-99.9-99.9 14.219999-99.9-99.9-99.9-99.9-9.9 99-9.9 82-99.9 -99-99.9-9.9-9.9
5294020210521-99.9-99.9  0.009999-99.9-99.9-99.9-99.9-9.9 99-9.9 77-99.9 -99-99.9-9.9-9.9
5294020210522-99.9-99.9  0.009999-99.9-99.9-99.9-99.9-9.9 99-9.9 66-99.9 -99-99.9-9.9-9.9
5294020210523-99.9-99.9  0.009999-99.9-99.9-99.9-99.9-9.9 99-9.9 75-99.9 -99-99.9-9.9-9.9
5294020210524-99.9-99.9  0.009999-99.9-99.9-99.9-99.9-9.9 99-9.9 62-99.9 -99-99.9-9.9-9.9
5294020210525-99.9-99.9  0.009999-99.9-99.9-99.9-99.9-9.9 99-9.9 50-99.9 -99-99.9-9.9-9.9
5294020210526-99.9-99.9  0.009999-99.9-99.9-99.9-99.9-9.9 99-9.9 49-99.9 -99-99.9-9.9-9.9
5294020210527-99.9-99.9  0.009999-99.9-99.9-99.9-99.9-9.9 99-9.9 60-99.9 -99-99.9-9.9-9.9
5294020210528-99.9-99.9  0.009999-99.9-99.9-99.9-99.9-9.9 99-9.9 51-99.9 -99-99.9-9.9-9.9
5294020210529-99.9-99.9  0.009999-99.9-99.9-99.9-99.9-9.9 99-9.9 71-99.9 -99-99.9-9.9-9.9
5294020210530-99.9-99.9  0.009999-99.9-99.9-99.9-99.9-9.9 99-9.9 71-99.9 -99-99.9-9.9-9.9
5294020210531-99.9-99.9  0.009999-99.9-99.9-99.9-99.9-9.9 99-9.9 62-99.9 -99-99.9-9.9-9.9
5294020210601-99.9-99.9  0.009999-99.9-99.9-99.9-99.9-9.9 99-9.9 51-99.9 -99-99.9-9.9-9.9
5294020210602-99.9-99.9  0.009999-99.9-99.9-99.9-99.9-9.9 99-9.9 69-99.9 -99-99.9-9.9-9.9
5294020210603-99.9-99.9  0.009999-99.9-99.9-99.9-99.9-9.9 99-9.9 72-99.9 -99-99.9-9.9-9.9
5294020210604-99.9-99.9  0.009999-99.9-99.9-99.9-99.9-9.9 99-9.9 58-99.9 -99-99.9-9.9-9.9
5294020210605-99.9-99.9  0.009999-99.9-99.9-99.9-99.9-9.9 99-9.9 65-99.9 -99-99.9-9.9-9.9
5294020210606-99.9-99.9  0.009999-99.9-99.9-99.9-99.9-9.9 99-9.9 71-99.9 -99-99.9-9.9-9.9
5294020210607-99.9-99.9  0.009999-99.9-99.9-99.9-99.9-9.9 99-9.9 67-99.9 -99-99.9-9.9-9.9
5294020210608-99.9-99.9  0.009999-99.9-99.9-99.9-99.9-9.9 99-9.9 71-99.9 -99-99.9-9.9-9.9
5294020210609-99.9-99.9  0.009999-99.9-99.9-99.9-99.9-9.9 99-9.9 62-99.9 -99-99.9-9.9-9.9
5294020210610-99.9-99.9  0.009999-99.9-99.9-99.9-99.9-9.9 99-9.9 67-99.9 -99-99.9-9.9-9.9
5294020210611-99.9-99.9  0.009999-99.9-99.9-99.9-99.9-9.9 99-9.9 71-99.9 -99-99.9-9.9-9.9
5294020210612-99.9-99.9  0.009999-99.9-99.9-99.9-99.9-9.9 99-9.9 61-99.9 -99-99.9-9.9-9.9
5294020210613-99.9-99.9  0.009999-99.9-99.9-99.9-99.9-9.9 99-9.9 43-99.9 -99-99.9-9.9-9.9
5294020210614-99.9-99.9  0.009999-99.9-99.9-99.9-99.9-9.9 99-9.9 59-99.9 -99-99.9-9.9-9.9
5294020210615-99.9-99.9  0.009999-99.9-99.9-99.9-99.9-9.9 99-9.9 62-99.9 -99-99.9-9.9-9.9
5294020210616-99.9-99.9  2.519999-99.9-99.9-99.9-99.9-9.9 99-9.9 90-99.9 -99-99.9-9.9-9.9
5294020210617-99.9-99.9  0.009999-99.9-99.9-99.9-99.9-9.9 99-9.9 98-99.9 -99-99.9-9.9-9.9
5294020210618-99.9-99.9  0.219999-99.9-99.9-99.9-99.9-9.9 99-9.9 93-99.9 -99-99.9-9.9-9.9
5294020210619-99.9-99.9  0.009999-99.9-99.9-99.9-99.9-9.9 99-9.9 82-99.9 -99-99.9-9.9-9.9
5294020210620-99.9-99.9  0.009999-99.9-99.9-99.9-99.9-9.9 99-9.9 82-99.9 -99-99.9-9.9-9.9
5294020210621-99.9-99.9  0.009999-99.9-99.9-99.9-99.9-9.9 99-9.9 67-99.9 -99-99.9-9.9-9.9
5294020210622-99.9-99.9  0.009999-99.9-99.9-99.9-99.9-9.9 99-9.9 78-99.9 -99-99.9-9.9-9.9
5294020210623-99.9-99.9  0.009999-99.9-99.9-99.9-99.9-9.9 99-9.9 68-99.9 -99-99.9-9.9-9.9
5294020210624-99.9-99.9  0.009999-99.9-99.9-99.9-99.9-9.9 99-9.9 67-99.9 -99-99.9-9.9-9.9
5294020210625-99.9-99.9  6.219999-99.9-99.9-99.9-99.9-9.9 99-9.9 75-99.9 -99-99.9-9.9-9.9
5294020210626-99.9-99.9  0.009999-99.9-99.9-99.9-99.9-9.9 99-9.9 76-99.9 -99-99.9-9.9-9.9
5294020210627-99.9-99.9  0.009999-99.9-99.9-99.9-99.9-9.9 99-9.9 76-99.9 -99-99.9-9.9-9.9
5294020210628-99.9-99.9  0.009999-99.9-99.9-99.9-99.9-9.9 99-9.9 72-99.9 -99-99.9-9.9-9.9
5294020210629-99.9-99.9  0.009999-99.9-99.9-99.9-99.9-9.9 99-9.9 59-99.9 -99-99.9-9.9-9.9
5294020210630-99.9-99.9  0.009999-99.9-99.9-99.9-99.9-9.9 99-9.9 67-99.9 -99-99.9-9.9-9.9
5294020210701-99.9-99.9  0.009999-99.9-99.9-99.9-99.9-9.9 99-9.9 61-99.9 -99-99.9-9.9-9.9
5294020210702-99.9-99.9  0.009999-99.9-99.9-99.9-99.9-9.9 99-9.9 59-99.9 -99-99.9-9.9-9.9
5294020210703-99.9-99.9  0.009999-99.9-99.9-99.9-99.9-9.9 99-9.9 54-99.9 -99-99.9-9.9-9.9
5294020210704-99.9-99.9  0.009999-99.9-99.9-99.9-99.9-9.9 99-9.9 42-99.9 -99-99.9-9.9-9.9
5294020210705-99.9-99.9  0.009999-99.9-99.9-99.9-99.9-9.9 99-9.9 44-99.9 -99-99.9-9.9-9.9
5294020210706-99.9-99.9  0.009999-99.9-99.9-99.9-99.9-9.9 99-9.9 45-99.9 -99-99.9-9.9-9.9
5294020210707-99.9-99.9  0.009999-99.9-99.9-99.9-99.9-9.9 99-9.9 52-99.9 -99-99.9-9.9-9.9
5294020210708-99.9-99.9  0.009999-99.9-99.9-99.9-99.9-9.9 99-9.9 65-99.9 -99-99.9-9.9-9.9
5294020210709-99.9-99.9  0.009999-99.9-99.9-99.9-99.9-9.9 99-9.9 64-99.9 -99-99.9-9.9-9.9
5294020210710-99.9-99.9  0.009999-99.9-99.9-99.9-99.9-9.9 99-9.9 74-99.9 -99-99.9-9.9-9.9
5294020210711-99.9-99.9  0.009999-99.9-99.9-99.9-99.9-9.9 99-9.9 58-99.9 -99-99.9-9.9-9.9
5294020210712-99.9-99.9  0.009999-99.9-99.9-99.9-99.9-9.9 99-9.9 53-99.9 -99-99.9-9.9-9.9
5294020210713-99.9-99.9  0.009999-99.9-99.9-99.9-99.9-9.9 99-9.9 59-99.9 -99-99.9-9.9-9.9
5294020210714-99.9-99.9  0.009999-99.9-99.9-99.9-99.9-9.9 99-9.9 60-99.9 -99-99.9-9.9-9.9
5294020210715-99.9-99.9  0.009999-99.9-99.9-99.9-99.9-9.9 99-9.9 57-99.9 -99-99.9-9.9-9.9
5294020210716-99.9-99.9  0.009999-99.9-99.9-99.9-99.9-9.9 99-9.9 36-99.9 -99-99.9-9.9-9.9
5294020210717-99.9-99.9  0.009999-99.9-99.9-99.9-99.9-9.9 99-9.9 55-99.9 -99-99.9-9.9-9.9
5294020210718-99.9-99.9  0.009999-99.9-99.9-99.9-99.9-9.9 99-9.9 56-99.9 -99-99.9-9.9-9.9
5294020210719-99.9-99.9  0.009999-99.9-99.9-99.9-99.9-9.9 99-9.9 43-99.9 -99-99.9-9.9-9.9
5294020210720-99.9-99.9  0.009999-99.9-99.9-99.9-99.9-9.9 99-9.9 32-99.9 -99-99.9-9.9-9.9
5294020210721 24.0  4.1  9.019999-99.9-99.9-99.9-99.9-9.9 99-9.9 34-99.9 -99-99.9-9.9-9.9
5294020210722 24.5 -1.1  0.009999-99.9-99.9-99.9-99.9-9.9 99 3.9 38 -6.2 -99-99.9-9.9-9.9
5294020210723 19.5  0.6  0.009999-99.9-99.9-99.9-99.9-9.9 99 4.7 46 -3.7 -99-99.9-9.9-9.9
5294020210724 14.5 -1.2  0.009999-99.9-99.9-99.9-99.9-9.9 99 5.7 67 -1.1 -99-99.9-9.9-9.9
5294020210725 16.6 -2.2  0.009999-99.9-99.9-99.9-99.9-9.9 99 5.2 59 -2.1 -99-99.9-9.9-9.9
5294020210726 14.7 -2.2  0.009999-99.9-99.9-99.9-99.9-9.9 99 5.0 61 -2.9 -99-99.9-9.9-9.9
5294020210727 12.9 -7.8  0.009999-99.9-99.9-99.9-99.9-9.9 99 3.3 53 -8.3 -99-99.9-9.9-9.9
5294020210728 12.2 -7.3  0.009999-99.9-99.9-99.9-99.9-9.9 99 3.0 51 -9.3 -99-99.9-9.9-9.9
5294020210729 15.6 -7.9  0.009999-99.9-99.9-99.9-99.9-9.9 99 3.1 46 -9.2 -99-99.9-9.9-9.9
5294020210730 18.3 -6.4  0.009999-99.9-99.9-99.9-99.9-9.9 99 3.3 41 -8.4 -99-99.9-9.9-9.9
5294020210731 17.0 -1.8  0.009999-99.9-99.9-99.9-99.9-9.9 99 4.6 46 -4.1 -99-99.9-9.9-9.9
5294020210801 17.4 -3.4  0.009999-99.9-99.9-99.9-99.9-9.9 99 5.2 64 -2.2 -99-99.9-9.9-9.9
5294020210802 21.6 -2.0  0.009999-99.9-99.9-99.9-99.9-9.9 99 4.6 45 -4.0 -99-99.9-9.9-9.9
5294020210803 25.3 -2.3  0.009999-99.9-99.9-99.9-99.9-9.9 99 4.1 35 -5.6 -99-99.9-9.9-9.9
5294020210804 23.0  0.8  0.009999-99.9-99.9-99.9-99.9-9.9 99 4.8 45 -3.3 -99-99.9-9.9-9.9
5294020210805 23.9  0.1  0.009999-99.9-99.9-99.9-99.9-9.9 99 5.0 39 -2.8 -99-99.9-9.9-9.9
5294020210806 25.2  0.7  0.009999-99.9-99.9-99.9-99.9-9.9 99 4.7 38 -3.7 -99-99.9-9.9-9.9
5294020210807 14.6  3.8  0.009999-99.9-99.9-99.9-99.9-9.9 99 6.5 56  0.8 -99-99.9-9.9-9.9
5294020210808 10.0  4.6  0.009999-99.9-99.9-99.9-99.9-9.9 99 4.9 49 -3.1 -99-99.9-9.9-9.9
5294020210809 11.0 -4.0  0.009999-99.9-99.9-99.9-99.9-9.9 99 4.9 69 -3.0 -99-99.9-9.9-9.9
5294020210810 17.0 -5.8  0.009999-99.9-99.9-99.9-99.9-9.9 99 4.2 52 -5.1 -99-99.9-9.9-9.9
5294020210811 15.3 -3.3  0.009999-99.9-99.9-99.9-99.9-9.9 99 4.0 42 -5.8 -99-99.9-9.9-9.9
5294020210812 16.2 -3.1  0.009999-99.9-99.9-99.9-99.9-9.9 99 4.1 48 -5.3 -99-99.9-9.9-9.9
5294020210813 18.1 -3.1  0.009999-99.9-99.9-99.9-99.9-9.9 99 4.1 48 -5.3 -99-99.9-9.9-9.9
5294020210814 20.2 -4.7  0.009999-99.9-99.9-99.9-99.9-9.9 99 3.4 33 -8.1 -99-99.9-9.9-9.9
5294020210815 21.2 -1.9  0.009999-99.9-99.9-99.9-99.9-9.9 99 4.3 42 -4.9 -99-99.9-9.9-9.9
5294020210816 19.0  3.0  0.009999-99.9-99.9-99.9-99.9-9.9 99 4.9 43 -3.0 -99-99.9-9.9-9.9
5294020210817 18.9  4.7  0.009999-99.9-99.9-99.9-99.9-9.9 99 6.0 44 -0.4 -99-99.9-9.9-9.9
5294020210818 20.0 10.4  2.019999-99.9-99.9-99.9-99.9-9.9 99 7.5 45  2.8 -99-99.9-9.9-9.9
5294020210819 15.5  3.1  0.519999-99.9-99.9-99.9-99.9-9.9 99 8.5 76  4.2 -99-99.9-9.9-9.9
5294020210820 15.3 -2.6  0.009999-99.9-99.9-99.9-99.9-9.9 99 5.8 63 -0.7 -99-99.9-9.9-9.9
5294020210821 15.5 -0.4  0.009999-99.9-99.9-99.9-99.9-9.9 99 5.3 49 -2.4 -99-99.9-9.9-9.9
5294020210822 19.1  0.6  0.009999-99.9-99.9-99.9-99.9-9.9 99 4.9 48 -3.4 -99-99.9-9.9-9.9
5294020210823  9.4  2.7  0.009999-99.9-99.9-99.9-99.9-9.9 99 4.9 62 -3.5 -99-99.9-9.9-9.9
5294020210824 16.5 -0.5  0.009999-99.9-99.9-99.9-99.9-9.9 99 4.6 44 -4.1 -99-99.9-9.9-9.9
5294020210825 18.5 -3.2  0.009999-99.9-99.9-99.9-99.9-9.9 99 3.8 38 -6.5 -99-99.9-9.9-9.9
5294020210826 21.6 -0.9  0.009999-99.9-99.9-99.9-99.9-9.9 99 3.4 29 -7.7 -99-99.9-9.9-9.9
5294020210827 18.3 -1.6  0.009999-99.9-99.9-99.9-99.9-9.9 99 4.4 45 -4.5 -99-99.9-9.9-9.9
5294020210828 24.1  3.0  0.009999-99.9-99.9-99.9-99.9-9.9 99 4.4 35 -4.5 -99-99.9-9.9-9.9
5294020210829 24.3  2.8  0.009999-99.9-99.9-99.9-99.9-9.9 99 5.1 37 -2.5 -99-99.9-9.9-9.9
5294020210830 28.0  5.3  0.009999-99.9-99.9-99.9-99.9-9.9 99 6.2 33  0.1 -99-99.9-9.9-9.9
5294020210831 27.8  8.3  0.009999-99.9-99.9-99.9-99.9-9.9 99 8.4 42  4.4 -99-99.9-9.9-9.9
5294020210901 21.8  9.0  0.219999-99.9-99.9-99.9-99.9-9.9 99 8.7 50  4.8 -99-99.9-9.9-9.9
5294020210902 21.2  9.3  0.009999-99.9-99.9-99.9-99.9-9.9 9911.4 70  8.9 -99-99.9-9.9-9.9
5294020210903 19.3 10.2  0.009999-99.9-99.9-99.9-99.9-9.9 9911.5 73  9.0 -99-99.9-9.9-9.9
5294020210904 20.6  5.4  0.009999-99.9-99.9-99.9-99.9-9.9 99 8.9 54  5.2 -99-99.9-9.9-9.9
5294020210905 21.3  7.6  0.009999-99.9-99.9-99.9-99.9-9.9 99 8.5 57  4.5 -99-99.9-9.9-9.9
5294020210906 21.7  5.7  0.009999-99.9-99.9-99.9-99.9-9.9 99 8.7 63  4.9 -99-99.9-9.9-9.9
5294020210907 12.0  6.0  0.009999-99.9-99.9-99.9-99.9-9.9 99 7.2 63  2.0 -99-99.9-9.9-9.9
5294020210908 18.6 -1.7  0.009999-99.9-99.9-99.9-99.9-9.9 99 4.6 40 -4.1 -99-99.9-9.9-9.9
5294020210909 17.8 -2.1  0.009999-99.9-99.9-99.9-99.9-9.9 99 6.7 62  1.1 -99-99.9-9.9-9.9
5294020210910 21.6 -0.8  0.009999-99.9-99.9-99.9-99.9-9.9 99 6.2 52  0.2 -99-99.9-9.9-9.9
5294020210911 18.2  1.2  0.009999-99.9-99.9-99.9-99.9-9.9 99 6.1 45 -0.3 -99-99.9-9.9-9.9
5294020210912 23.7  6.3  0.009999-99.9-99.9-99.9-99.9-9.9 99 2.5 12-12.4 -99-99.9-9.9-9.9
5294020210913 15.6  1.4  0.009999-99.9-99.9-99.9-99.9-9.9 99 4.4 58 -5.7 -99-99.9-9.9-9.9
5294020210914 17.5 -5.2  0.009999-99.9-99.9-99.9-99.9-9.9 99 4.0 42 -5.7 -99-99.9-9.9-9.9
5294020210915 22.3 -2.1  0.009999-99.9-99.9-99.9-99.9-9.9 99 3.7 30 -6.8 -99-99.9-9.9-9.9
5294020210916 23.6  0.3  0.009999-99.9-99.9-99.9-99.9-9.9 99 3.9 29 -6.0 -99-99.9-9.9-9.9
5294020210917 26.7  2.0  0.009999-99.9-99.9-99.9-99.9-9.9 99 4.4 25 -4.5 -99-99.9-9.9-9.9
5294020210918 25.3  4.4  0.009999-99.9-99.9-99.9-99.9-9.9 99 5.6 31 -1.2 -99-99.9-9.9-9.9
5294020210919 22.9  3.3  0.009999-99.9-99.9-99.9-99.9-9.9 99 5.8 32 -0.8 -99-99.9-9.9-9.9
5294020210920 15.3  8.7  0.009999-99.9-99.9-99.9-99.9-9.9 99 5.6 39 -1.3 -99-99.9-9.9-9.9
5294020210921 19.8  8.4  0.009999-99.9-99.9-99.9-99.9-9.9 99 7.5 47  2.8 -99-99.9-9.9-9.9
5294020210922 24.1  4.9  1.019999-99.9-99.9-99.9-99.9-9.9 99 9.4 59  5.9 -99-99.9-9.9-9.9
5294020210923 23.8  3.7  0.009999-99.9-99.9-99.9-99.9-9.9 99 7.5 43  2.8 -99-99.9-9.9-9.9
5294020210924 27.0  4.0  0.009999-99.9-99.9-99.9-99.9-9.9 99 6.3 34  0.4 -99-99.9-9.9-9.9
5294020210925 29.5  3.6  0.009999-99.9-99.9-99.9-99.9-9.9 99 7.0 38  1.8 -99-99.9-9.9-9.9
5294020210926 20.5  4.1  0.009999-99.9-99.9-99.9-99.9-9.9 99 5.1 36 -2.6 -99-99.9-9.9-9.9
5294020210927 20.7 -0.2  0.009999-99.9-99.9-99.9-99.9-9.9 99 5.3 39 -2.1 -99-99.9-9.9-9.9
5294020210928 22.6  1.2  0.009999-99.9-99.9-99.9-99.9-9.9 99 5.2 35 -2.3 -99-99.9-9.9-9.9
5294020210929 23.0 -0.2  0.009999-99.9-99.9-99.9-99.9-9.9 99 6.6 41  0.7 -99-99.9-9.9-9.9
5294020210930 24.5 10.0  0.009999-99.9-99.9-99.9-99.9-9.9 99 5.2 27 -2.3 -99-99.9-9.9-9.9
5294020211001 21.9  0.9  0.009999-99.9-99.9-99.9-99.9-9.9 99 4.7 32 -3.5 -99-99.9-9.9-9.9
5294020211002 21.5  7.0  0.009999-99.9-99.9-99.9-99.9-9.9 99 4.4 25 -4.6 -99-99.9-9.9-9.9
5294020211003 18.4 -4.7  0.009999-99.9-99.9-99.9-99.9-9.9 99 2.9 26 -9.7 -99-99.9-9.9-9.9
5294020211004 22.5 -0.7  0.009999-99.9-99.9-99.9-99.9-9.9 99 3.5 25 -7.6 -99-99.9-9.9-9.9
5294020211005 26.9  3.0  0.009999-99.9-99.9-99.9-99.9-9.9 99 3.9 20 -6.1 -99-99.9-9.9-9.9
5294020211006 15.9  1.9  0.009999-99.9-99.9-99.9-99.9-9.9 99 5.1 51 -2.5 -99-99.9-9.9-9.9
5294020211007 20.7 -2.5  0.009999-99.9-99.9-99.9-99.9-9.9 99 5.2 38 -2.3 -99-99.9-9.9-9.9
5294020211008 21.0  4.7  0.009999-99.9-99.9-99.9-99.9-9.9 99 7.3 45  2.2 -99-99.9-9.9-9.9
5294020211009 22.1  4.0  0.009999-99.9-99.9-99.9-99.9-9.9 99 8.7 52  4.9 -99-99.9-9.9-9.9
5294020211010 22.2  7.5  6.519999-99.9-99.9-99.9-99.9-9.9 9910.5 78  7.5 -99-99.9-9.9-9.9
5294020211011 26.1  4.3  0.009999-99.9-99.9-99.9-99.9-9.9 99 9.3 44  5.8 -99-99.9-9.9-9.9
5294020211012 28.4 10.8  2.219999-99.9-99.9-99.9-99.9-9.9 9910.2 46  7.2 -99-99.9-9.9-9.9
5294020211013 24.4  8.7  0.009999-99.9-99.9-99.9-99.9-9.9 99 8.9 44  5.3 -99-99.9-9.9-9.9
5294020211014 22.4  5.8  0.009999-99.9-99.9-99.9-99.9-9.9 99 5.9 38 -0.9 -99-99.9-9.9-9.9
5294020211015 17.6 -2.6  0.009999-99.9-99.9-99.9-99.9-9.9 99 4.3 30 -4.6 -99-99.9-9.9-9.9
5294020211016 24.4 -0.9  0.009999-99.9-99.9-99.9-99.9-9.9 99 4.1 23 -5.5 -99-99.9-9.9-9.9
5294020211017 23.2  4.5  0.009999-99.9-99.9-99.9-99.9-9.9 99 4.8 29 -3.4 -99-99.9-9.9-9.9
5294020211018 24.2  1.1  0.009999-99.9-99.9-99.9-99.9-9.9 99 5.8 29 -0.8 -99-99.9-9.9-9.9
5294020211019 28.0  4.9  0.009999-99.9-99.9-99.9-99.9-9.9 99 6.2 28  0.3 -99-99.9-9.9-9.9
5294020211020 30.4  7.0  0.009999-99.9-99.9-99.9-99.9-9.9 99 6.6 25  1.0 -99-99.9-9.9-9.9
5294020211021 28.5 10.7  0.009999-99.9-99.9-99.9-99.9-9.9 99 5.9 24 -0.6 -99-99.9-9.9-9.9
5294020211022 22.2 10.1  0.009999-99.9-99.9-99.9-99.9-9.9 99 7.4 38  2.5 -99-99.9-9.9-9.9
5294020211023 23.6  3.9  0.009999-99.9-99.9-99.9-99.9-9.9 99 8.1 41  3.8 -99-99.9-9.9-9.9
5294020211024 27.6  5.4  0.009999-99.9-99.9-99.9-99.9-9.9 99 6.4 28  0.6 -99-99.9-9.9-9.9
5294020211025 36.5  7.4  0.009999-99.9-99.9-99.9-99.9-9.9 99 5.5 19 -1.6 -99-99.9-9.9-9.9
5294020211026 33.2 11.3  0.009999-99.9-99.9-99.9-99.9-9.9 99 6.0 20 -0.4 -99-99.9-9.9-9.9
5294020211027 32.1 15.6  0.009999-99.9-99.9-99.9-99.9-9.9 99 7.3 25  2.4 -99-99.9-9.9-9.9
5294020211028 34.5 13.4  0.009999-99.9-99.9-99.9-99.9-9.9 99 7.5 24  2.6 -99-99.9-9.9-9.9
5294020211029 33.9 15.0  0.009999-99.9-99.9-99.9-99.9-9.9 9910.9 36  8.1 -99-99.9-9.9-9.9
5294020211030 29.0 16.4  0.009999-99.9-99.9-99.9-99.9-9.9 99 7.4 26  2.6 -99-99.9-9.9-9.9
5294020211031 18.3 10.1  0.009999-99.9-99.9-99.9-99.9-9.9 99 9.1 67  5.6 -99-99.9-9.9-9.9
5294020211101 25.0  4.5  0.009999-99.9-99.9-99.9-99.9-9.9 9910.1 59  7.0 -99-99.9-9.9-9.9
5294020211102 29.9  7.5  0.009999-99.9-99.9-99.9-99.9-9.9 9910.1 41  7.0 -99-99.9-9.9-9.9
5294020211103 31.1  9.2  0.219999-99.9-99.9-99.9-99.9-9.9 9910.9 38  8.2 -99-99.9-9.9-9.9
5294020211104 22.9  9.6  0.009999-99.9-99.9-99.9-99.9-9.9 99 6.9 42  1.2 -99-99.9-9.9-9.9
5294020211105 22.0  7.2  0.009999-99.9-99.9-99.9-99.9-9.9 99 6.8 40  1.3 -99-99.9-9.9-9.9
5294020211106 23.1  3.3  0.009999-99.9-99.9-99.9-99.9-9.9 99 6.4 35  0.5 -99-99.9-9.9-9.9
5294020211107 27.4  4.9  0.009999-99.9-99.9-99.9-99.9-9.9 99 7.3 30  2.4 -99-99.9-9.9-9.9
5294020211108 30.0  9.1  0.009999-99.9-99.9-99.9-99.9-9.9 99 8.4 28  4.2 -99-99.9-9.9-9.9
5294020211109 24.9 11.0 29.219999-99.9-99.9-99.9-99.9-9.9 9913.0 70 10.7 -99-99.9-9.9-9.9
5294020211110 25.4  9.9 24.519999-99.9-99.9-99.9-99.9-9.9 9914.2 74 12.1 -99-99.9-9.9-9.9
5294020211111 25.9 12.5  0.009999-99.9-99.9-99.9-99.9-9.9 9916.0 70 13.9 -99-99.9-9.9-9.9
5294020211112 27.1 14.1  0.009999-99.9-99.9-99.9-99.9-9.9 9915.8 65 13.8 -99-99.9-9.9-9.9
5294020211113 24.3 14.2  0.009999-99.9-99.9-99.9-99.9-9.9 9913.4 62 11.0 -99-99.9-9.9-9.9
5294020211114 24.4 10.7  0.009999-99.9-99.9-99.9-99.9-9.9 9911.1 54  8.4 -99-99.9-9.9-9.9
5294020211115 32.2  9.1  0.009999-99.9-99.9-99.9-99.9-9.9 99 8.1 31  3.6 -99-99.9-9.9-9.9
5294020211116 18.2  6.9  0.009999-99.9-99.9-99.9-99.9-9.9 99 5.5 41 -1.7 -99-99.9-9.9-9.9
5294020211117 25.2  1.2  0.009999-99.9-99.9-99.9-99.9-9.9 99 6.8 32  1.5 -99-99.9-9.9-9.9
5294020211118 29.4  6.0  0.009999-99.9-99.9-99.9-99.9-9.9 99 7.4 28  2.5 -99-99.9-9.9-9.9
5294020211119 30.0  7.6  0.009999-99.9-99.9-99.9-99.9-9.9 99 7.9 29  3.5 -99-99.9-9.9-9.9
5294020211120 32.9 12.8  0.009999-99.9-99.9-99.9-99.9-9.9 99 9.7 28  6.5 -99-99.9-9.9-9.9
5294020211121 33.7 14.0  0.009999-99.9-99.9-99.9-99.9-9.9 9910.1 29  7.0 -99-99.9-9.9-9.9
5294020211122 31.4 13.7  0.009999-99.9-99.9-99.9-99.9-9.9 99 8.2 23  4.0 -99-99.9-9.9-9.9
5294020211123 33.1 12.3  0.009999-99.9-99.9-99.9-99.9-9.9 9910.5 30  7.5 -99-99.9-9.9-9.9
5294020211124 29.2 15.6  9.819999-99.9-99.9-99.9-99.9-9.9 9914.3 51 12.2 -99-99.9-9.9-9.9
5294020211125 29.2  8.7  0.009999-99.9-99.9-99.9-99.9-9.9 9911.0 41  8.4 -99-99.9-9.9-9.9
5294020211126 31.5  9.7  0.009999-99.9-99.9-99.9-99.9-9.9 99 9.2 29  5.8 -99-99.9-9.9-9.9
5294020211127 24.8 12.9  5.219999-99.9-99.9-99.9-99.9-9.9 9910.2 52  7.1 -99-99.9-9.9-9.9
5294020211128 26.6  8.5  0.009999-99.9-99.9-99.9-99.9-9.9 9910.2 42  7.1 -99-99.9-9.9-9.9
5294020211129 29.7  6.8  0.009999-99.9-99.9-99.9-99.9-9.9 99 8.0 29  3.8 -99-99.9-9.9-9.9
5294020211130 31.1 13.0  0.009999-99.9-99.9-99.9-99.9-9.9 99 9.9 36  6.8 -99-99.9-9.9-9.9
5294020211201 29.9  8.2  0.009999-99.9-99.9-99.9-99.9-9.9 9911.1 40  8.5 -99-99.9-9.9-9.9
5294020211202 26.1 12.9  0.009999-99.9-99.9-99.9-99.9-9.9 9914.2 62 12.1 -99-99.9-9.9-9.9
5294020211203 23.6 15.8  0.819999-99.9-99.9-99.9-99.9-9.9 9914.0 64 11.9 -99-99.9-9.9-9.9
5294020211204 18.5 11.5  3.019999-99.9-99.9-99.9-99.9-9.9 9914.8 87 12.7 -99-99.9-9.9-9.9
5294020211205 25.1 13.3  0.009999-99.9-99.9-99.9-99.9-9.9 9915.8 74 13.8 -99-99.9-9.9-9.9
5294020211206 29.3 10.6  0.009999-99.9-99.9-99.9-99.9-9.9 9915.3 58 13.3 -99-99.9-9.9-9.9
5294020211207 32.8 15.3 21.019999-99.9-99.9-99.9-99.9-9.9 9917.3 48 15.2 -99-99.9-9.9-9.9
5294020211208 27.1 14.9 21.819999-99.9-99.9-99.9-99.9-9.9 9917.2 80 15.1 -99-99.9-9.9-9.9
5294020211209 20.1 13.1  1.819999-99.9-99.9-99.9-99.9-9.9 9916.0 90 14.0 -99-99.9-9.9-9.9
5294020211210 27.8 11.4  0.009999-99.9-99.9-99.9-99.9-9.9 9915.7 58 13.7 -99-99.9-9.9-9.9
5294020211211 31.5 12.8  0.009999-99.9-99.9-99.9-99.9-9.9 9915.8 52 13.8 -99-99.9-9.9-9.9
5294020211212 25.0 11.7  4.819999-99.9-99.9-99.9-99.9-9.9 9911.6 48  9.1 -99-99.9-9.9-9.9
5294020211213 23.5 10.2  0.009999-99.9-99.9-99.9-99.9-9.9 9912.3 63  9.9 -99-99.9-9.9-9.9
5294020211214 24.0 12.6  0.009999-99.9-99.9-99.9-99.9-9.9 9914.2 60 12.2 -99-99.9-9.9-9.9
5294020211215 28.9 12.0  0.009999-99.9-99.9-99.9-99.9-9.9 9913.4 46 11.2 -99-99.9-9.9-9.9
5294020211216 29.9 16.7  1.519999-99.9-99.9-99.9-99.9-9.9 9917.3 57 15.2 -99-99.9-9.9-9.9
5294020211217 28.7 15.6  0.009999-99.9-99.9-99.9-99.9-9.9 9918.4 72 16.2 -99-99.9-9.9-9.9
5294020211218 33.7 16.6  0.009999-99.9-99.9-99.9-99.9-9.9 9918.3 50 16.1 -99-99.9-9.9-9.9
5294020211219 32.8 18.2  0.009999-99.9-99.9-99.9-99.9-9.9 9916.9 48 14.8 -99-99.9-9.9-9.9
5294020211220 34.8 19.7  0.009999-99.9-99.9-99.9-99.9-9.9 9919.2 50 16.8 -99-99.9-9.9-9.9
5294020211221 33.9 15.5  0.519999-99.9-99.9-99.9-99.9-9.9 9914.2 34 12.0 -99-99.9-9.9-9.9
5294020211222 30.3 16.8  0.009999-99.9-99.9-99.9-99.9-9.9 9913.4 47 11.3 -99-99.9-9.9-9.9
5294020211223 33.3 14.0  0.009999-99.9-99.9-99.9-99.9-9.9 9914.3 39 12.3 -99-99.9-9.9-9.9
5294020211224 33.1 16.3  0.009999-99.9-99.9-99.9-99.9-9.9 9911.4 28  8.7 -99-99.9-9.9-9.9
5294020211225 33.6 11.2  0.009999-99.9-99.9-99.9-99.9-9.9 99 8.6 23  4.8 -99-99.9-9.9-9.9
5294020211226 35.6 13.8  0.009999-99.9-99.9-99.9-99.9-9.9 9911.6 28  9.1 -99-99.9-9.9-9.9
5294020211227 34.3 15.8  0.519999-99.9-99.9-99.9-99.9-9.9 9913.0 40 10.7 -99-99.9-9.9-9.9
5294020211228 32.9 14.1 16.819999-99.9-99.9-99.9-99.9-9.9 9915.0 51 12.9 -99-99.9-9.9-9.9
5294020211229 32.5 13.1  0.009999-99.9-99.9-99.9-99.9-9.9 9916.9 56 14.8 -99-99.9-9.9-9.9
5294020211230 29.0 17.4  0.009999-99.9-99.9-99.9-99.9-9.9 9911.0 36  8.3 -99-99.9-9.9-9.9
5294020211231 33.1 11.1  0.009999-99.9-99.9-99.9-99.9-9.9 9911.5 33  9.0 -99-99.9-9.9-9.9
5294020220101 31.6 15.8  0.009999-99.9-99.9-99.9-99.9-9.9 99 9.9 28  6.6 -99-99.9-9.9-9.9
5294020220102 36.2 12.9  0.009999-99.9-99.9-99.9-99.9-9.9 99 8.9 22  4.8 -99-99.9-9.9-9.9
5294020220103 35.5 12.3  0.009999-99.9-99.9-99.9-99.9-9.9 99 8.6 21  4.2 -99-99.9-9.9-9.9
5294020220104 31.7 15.4  0.009999-99.9-99.9-99.9-99.9-9.9 9910.7 33  7.8 -99-99.9-9.9-9.9
5294020220105 32.6 14.1  0.009999-99.9-99.9-99.9-99.9-9.9 9912.2 33  9.9 -99-99.9-9.9-9.9
5294020220106 33.5 14.5  9.519999-99.9-99.9-99.9-99.9-9.9 9914.1 35 12.0 -99-99.9-9.9-9.9
5294020220107 31.1 15.2  0.009999-99.9-99.9-99.9-99.9-9.9 9916.4 55 14.2 -99-99.9-9.9-9.9
5294020220108 34.3 14.7  0.009999-99.9-99.9-99.9-99.9-9.9 9915.2 39 13.2 -99-99.9-9.9-9.9
5294020220109 35.8 18.4 22.519999-99.9-99.9-99.9-99.9-9.9 9915.3 39 13.3 -99-99.9-9.9-9.9
5294020220110 36.3 19.1  0.009999-99.9-99.9-99.9-99.9-9.9 9917.1 38 14.9 -99-99.9-9.9-9.9
5294020220111 35.3 21.1  0.009999-99.9-99.9-99.9-99.9-9.9 9914.1 39 11.9 -99-99.9-9.9-9.9
5294020220112 37.4 17.9  0.009999-99.9-99.9-99.9-99.9-9.9 9914.9 30 12.9 -99-99.9-9.9-9.9
5294020220113 38.3 18.5  0.009999-99.9-99.9-99.9-99.9-9.9 9914.5 29 12.4 -99-99.9-9.9-9.9
5294020220114 35.1 22.3  0.009999-99.9-99.9-99.9-99.9-9.9 9911.5 27  8.9 -99-99.9-9.9-9.9
5294020220115 36.3 21.1  0.009999-99.9-99.9-99.9-99.9-9.9 9911.5 30  9.0 -99-99.9-9.9-9.9
5294020220116 32.4 16.0  0.009999-99.9-99.9-99.9-99.9-9.9 99 9.5 25  6.1 -99-99.9-9.9-9.9
5294020220117 26.2 11.4  0.519999-99.9-99.9-99.9-99.9-9.9 99 8.5 43  4.5 -99-99.9-9.9-9.9
5294020220118 18.1  6.9  0.009999-99.9-99.9-99.9-99.9-9.9 99 9.6 64  6.3 -99-99.9-9.9-9.9
5294020220119 23.0 11.4  0.009999-99.9-99.9-99.9-99.9-9.9 9911.2 62  8.6 -99-99.9-9.9-9.9
5294020220120 30.3  9.7  0.009999-99.9-99.9-99.9-99.9-9.9 9912.5 45 10.2 -99-99.9-9.9-9.9
5294020220121 31.3 14.9  0.009999-99.9-99.9-99.9-99.9-9.9 9914.3 44 12.2 -99-99.9-9.9-9.9
5294020220122 33.3 16.5 11.019999-99.9-99.9-99.9-99.9-9.9 9917.7 54 15.5 -99-99.9-9.9-9.9
5294020220123 31.9 16.5  0.009999-99.9-99.9-99.9-99.9-9.9 9918.3 59 16.0 -99-99.9-9.9-9.9
5294020220124 30.8 18.5  0.219999-99.9-99.9-99.9-99.9-9.9 9920.0 62 17.5 -99-99.9-9.9-9.9
5294020220125 32.5 18.0  2.219999-99.9-99.9-99.9-99.9-9.9 9921.1 69 18.3 -99-99.9-9.9-9.9
5294020220126 31.8 16.2 15.519999-99.9-99.9-99.9-99.9-9.9 9917.6 68 15.5 -99-99.9-9.9-9.9
5294020220127 25.5 15.1  0.009999-99.9-99.9-99.9-99.9-9.9 9917.7 72 15.6 -99-99.9-9.9-9.9
5294020220128 28.8 15.5  0.009999-99.9-99.9-99.9-99.9-9.9 9918.5 70 16.3 -99-99.9-9.9-9.9
5294020220129 32.3 15.4  0.009999-99.9-99.9-99.9-99.9-9.9 9916.3 48 14.3 -99-99.9-9.9-9.9
5294020220130 32.6 15.3  0.009999-99.9-99.9-99.9-99.9-9.9 9912.1 36  9.6 -99-99.9-9.9-9.9
5294020220131 29.2 10.2  0.009999-99.9-99.9-99.9-99.9-9.9 99 9.6 32  6.3 -99-99.9-9.9-9.9
5294020220201 32.7 12.4  0.009999-99.9-99.9-99.9-99.9-9.9 9912.1 38  9.8 -99-99.9-9.9-9.9
5294020220202 32.5 15.2 40.019999-99.9-99.9-99.9-99.9-9.9 9915.5 60 13.4 -99-99.9-9.9-9.9
5294020220203 27.8 14.0  1.019999-99.9-99.9-99.9-99.9-9.9 9915.9 57 13.8 -99-99.9-9.9-9.9
5294020220204 28.1 12.7  0.009999-99.9-99.9-99.9-99.9-9.9 9912.9 52 10.7 -99-99.9-9.9-9.9
5294020220205 18.9 12.9  7.019999-99.9-99.9-99.9-99.9-9.9 9913.6 90 11.5 -99-99.9-9.9-9.9
5294020220206 25.0  7.3  0.009999-99.9-99.9-99.9-99.9-9.9 9913.3 65 11.1 -99-99.9-9.9-9.9
5294020220207 29.1  9.1  0.009999-99.9-99.9-99.9-99.9-9.9 9912.6 46 10.4 -99-99.9-9.9-9.9
5294020220208 32.2 11.6  0.009999-99.9-99.9-99.9-99.9-9.9 9913.1 41 10.9 -99-99.9-9.9-9.9
5294020220209 32.9 12.8  0.009999-99.9-99.9-99.9-99.9-9.9 9913.1 41 10.9 -99-99.9-9.9-9.9
5294020220210 31.3 14.1  5.019999-99.9-99.9-99.9-99.9-9.9 9913.5 38 11.2 -99-99.9-9.9-9.9
5294020220211 23.0 10.7  0.009999-99.9-99.9-99.9-99.9-9.9 9910.6 43  7.7 -99-99.9-9.9-9.9
5294020220212 23.5 12.0  0.009999-99.9-99.9-99.9-99.9-9.9 9910.1 50  6.9 -99-99.9-9.9-9.9
5294020220213 29.3  4.8  0.009999-99.9-99.9-99.9-99.9-9.9 99 9.2 39  5.7 -99-99.9-9.9-9.9
5294020220214 34.3 11.8  0.009999-99.9-99.9-99.9-99.9-9.9 99 9.4 32  6.1 -99-99.9-9.9-9.9
5294020220215 34.2 12.1  0.009999-99.9-99.9-99.9-99.9-9.9 99 9.9 34  6.8 -99-99.9-9.9-9.9
5294020220216 31.8 16.0  0.009999-99.9-99.9-99.9-99.9-9.9 99 7.5 25  2.5 -99-99.9-9.9-9.9
5294020220217 31.6 12.0  0.009999-99.9-99.9-99.9-99.9-9.9 9910.7 45  7.9 -99-99.9-9.9-9.9
5294020220218 32.8 12.1  0.219999-99.9-99.9-99.9-99.9-9.9 9912.5 40 10.0 -99-99.9-9.9-9.9
5294020220219 30.2 13.8  0.009999-99.9-99.9-99.9-99.9-9.9 9911.6 41  8.9 -99-99.9-9.9-9.9
5294020220220 28.9 10.6 49.019999-99.9-99.9-99.9-99.9-9.9 9911.4 50  8.8 -99-99.9-9.9-9.9
5294020220221 21.3 12.7 62.019999-99.9-99.9-99.9-99.9-9.9 9915.2 99 13.3 -99-99.9-9.9-9.9
5294020220222 20.1 12.4 40.219999-99.9-99.9-99.9-99.9-9.9 9916.2 92 14.1 -99-99.9-9.9-9.9
5294020220223 25.5 14.2  0.219999-99.9-99.9-99.9-99.9-9.9 9917.3 86 15.2 -99-99.9-9.9-9.9
5294020220224 23.5 10.0  0.009999-99.9-99.9-99.9-99.9-9.9 9913.6 77 11.5 -99-99.9-9.9-9.9
5294020220225 28.5  9.4  0.009999-99.9-99.9-99.9-99.9-9.9 9914.2 62 12.1 -99-99.9-9.9-9.9
5294020220226 31.6 12.4  0.009999-99.9-99.9-99.9-99.9-9.9 9917.5 63 15.3 -99-99.9-9.9-9.9
5294020220227 29.6 16.2  0.219999-99.9-99.9-99.9-99.9-9.9 9916.3 50 14.2 -99-99.9-9.9-9.9
5294020220228 28.5  8.6  0.009999-99.9-99.9-99.9-99.9-9.9 9911.3 46  8.6 -99-99.9-9.9-9.9
5294020220301 31.1  8.5  0.009999-99.9-99.9-99.9-99.9-9.9 9911.6 50  9.1 -99-99.9-9.9-9.9
5294020220302 29.0 13.7  0.009999-99.9-99.9-99.9-99.9-9.9 9914.2 53 12.0 -99-99.9-9.9-9.9
5294020220303 32.6 13.0  3.519999-99.9-99.9-99.9-99.9-9.9 9914.6 48 12.6 -99-99.9-9.9-9.9
5294020220304 30.9 15.0  0.009999-99.9-99.9-99.9-99.9-9.9 9915.3 51 13.2 -99-99.9-9.9-9.9
5294020220305 22.8 16.8  0.009999-99.9-99.9-99.9-99.9-9.9 9914.7 64 12.4 -99-99.9-9.9-9.9
5294020220306 28.1  9.5  0.009999-99.9-99.9-99.9-99.9-9.9 9913.2 61 11.1 -99-99.9-9.9-9.9
5294020220307 27.5  8.5  0.009999-99.9-99.9-99.9-99.9-9.9 99 9.6 49  6.2 -99-99.9-9.9-9.9
5294020220308 30.0  8.1  0.009999-99.9-99.9-99.9-99.9-9.9 9911.2 51  8.6 -99-99.9-9.9-9.9
5294020220309 24.6 12.1  0.009999-99.9-99.9-99.9-99.9-9.9 99 9.9 47  6.7 -99-99.9-9.9-9.9
5294020220310 26.8  5.3  0.009999-99.9-99.9-99.9-99.9-9.9 99 9.3 43  5.8 -99-99.9-9.9-9.9
5294020220311 23.0 12.3  0.009999-99.9-99.9-99.9-99.9-9.9 99 9.4 51  6.1 -99-99.9-9.9-9.9
5294020220312 29.4  6.6  0.519999-99.9-99.9-99.9-99.9-9.9 9911.0 47  8.2 -99-99.9-9.9-9.9
5294020220313 27.9 10.0  0.009999-99.9-99.9-99.9-99.9-9.9 9913.1 55 10.9 -99-99.9-9.9-9.9
5294020220314 34.4  9.3  0.009999-99.9-99.9-99.9-99.9-9.9 9910.8 35  8.0 -99-99.9-9.9-9.9
5294020220315 30.2  9.3  0.009999-99.9-99.9-99.9-99.9-9.9 9910.6 47  7.8 -99-99.9-9.9-9.9
5294020220316 32.4 10.1  0.009999-99.9-99.9-99.9-99.9-9.9 9911.1 45  8.5 -99-99.9-9.9-9.9
5294020220317 25.8 13.8  0.009999-99.9-99.9-99.9-99.9-9.9 99 9.0 41  5.3 -99-99.9-9.9-9.9
5294020220318 23.4  7.2  0.009999-99.9-99.9-99.9-99.9-9.9 99 8.8 47  5.1 -99-99.9-9.9-9.9
5294020220319 24.7  5.9  0.009999-99.9-99.9-99.9-99.9-9.9 9910.1 52  7.0 -99-99.9-9.9-9.9
5294020220320 24.4  7.2  0.009999-99.9-99.9-99.9-99.9-9.9 9911.2 63  8.5 -99-99.9-9.9-9.9
5294020220321 26.9  6.3  0.009999-99.9-99.9-99.9-99.9-9.9 9911.7 57  9.2 -99-99.9-9.9-9.9
5294020220322 27.3 11.6  0.009999-99.9-99.9-99.9-99.9-9.9 9912.1 49  9.8 -99-99.9-9.9-9.9
5294020220323 32.5  9.2  0.009999-99.9-99.9-99.9-99.9-9.9 9910.1 51  6.6 -99-99.9-9.9-9.9
5294020220324 25.1 -0.9  0.009999-99.9-99.9-99.9-99.9-9.9 99 5.8 43 -0.8 -99-99.9-9.9-9.9
5294020220325 23.9  2.2  0.009999-99.9-99.9-99.9-99.9-9.9 99 6.4 46  0.5 -99-99.9-9.9-9.9
5294020220326 27.0  2.9  0.009999-99.9-99.9-99.9-99.9-9.9 99 7.4 47  2.5 -99-99.9-9.9-9.9
5294020220327 30.2  3.9  0.009999-99.9-99.9-99.9-99.9-9.9 99 7.7 39  3.1 -99-99.9-9.9-9.9
5294020220328 31.8  8.3  0.009999-99.9-99.9-99.9-99.9-9.9 99 8.7 40  4.8 -99-99.9-9.9-9.9
5294020220329 31.0  9.3  0.009999-99.9-99.9-99.9-99.9-9.9 99 6.3 24 -1.0 -99-99.9-9.9-9.9
5294020220330 17.5 -2.7  0.009999-99.9-99.9-99.9-99.9-9.9 99 3.7 36 -6.8 -99-99.9-9.9-9.9
5294020220331 21.1 -0.9  0.009999-99.9-99.9-99.9-99.9-9.9 99 4.5 40 -4.3 -99-99.9-9.9-9.9
5294020220401 22.7 -0.2  0.009999-99.9-99.9-99.9-99.9-9.9 99 5.2 40 -2.2 -99-99.9-9.9-9.9
5294020220402 25.4  1.1  0.009999-99.9-99.9-99.9-99.9-9.9 99 6.5 41  0.7 -99-99.9-9.9-9.9
5294020220403 21.6  4.9  0.009999-99.9-99.9-99.9-99.9-9.9 99 7.3 52  2.3 -99-99.9-9.9-9.9
5294020220404 24.7  0.7  0.009999-99.9-99.9-99.9-99.9-9.9 99 6.0 46 -0.5 -99-99.9-9.9-9.9
5294020220405 28.4  4.6  0.009999-99.9-99.9-99.9-99.9-9.9 99 6.5 35  0.7 -99-99.9-9.9-9.9
5294020220406 30.4  5.1  0.009999-99.9-99.9-99.9-99.9-9.9 99 8.2 41  4.0 -99-99.9-9.9-9.9
5294020220407 29.2 10.2  0.009999-99.9-99.9-99.9-99.9-9.9 9910.0 48  6.9 -99-99.9-9.9-9.9
5294020220408 28.4  9.7  0.009999-99.9-99.9-99.9-99.9-9.9 9912.1 53  9.7 -99-99.9-9.9-9.9
5294020220409 29.0 11.6  0.009999-99.9-99.9-99.9-99.9-9.9 9913.4 58 11.3 -99-99.9-9.9-9.9
5294020220410 20.0 10.8  0.009999-99.9-99.9-99.9-99.9-9.9 9911.8 71  9.2 -99-99.9-9.9-9.9
5294020220411 19.8  5.3  0.009999-99.9-99.9-99.9-99.9-9.9 99 8.5 57  4.5 -99-99.9-9.9-9.9
5294020220412 21.6  2.5  0.009999-99.9-99.9-99.9-99.9-9.9 99 8.0 54  3.8 -99-99.9-9.9-9.9
5294020220413 22.9  1.4  0.009999-99.9-99.9-99.9-99.9-9.9 99 6.5 49  0.9 -99-99.9-9.9-9.9
5294020220414 23.6  1.2  0.009999-99.9-99.9-99.9-99.9-9.9 99 6.6 50  1.0 -99-99.9-9.9-9.9
5294020220415 25.8  4.5  0.009999-99.9-99.9-99.9-99.9-9.9 99 8.6 53  4.7 -99-99.9-9.9-9.9
5294020220416 26.8  6.2  0.009999-99.9-99.9-99.9-99.9-9.9 99 8.8 45  5.0 -99-99.9-9.9-9.9
5294020220417 24.6  5.7  0.009999-99.9-99.9-99.9-99.9-9.9 99 8.9 55  5.3 -99-99.9-9.9-9.9
5294020220418 25.5  5.0  0.009999-99.9-99.9-99.9-99.9-9.9 99 9.2 57  5.7 -99-99.9-9.9-9.9
5294020220419 26.6  6.0  0.009999-99.9-99.9-99.9-99.9-9.9 99 9.3 53  5.7 -99-99.9-9.9-9.9
5294020220420 21.3  8.0  0.009999-99.9-99.9-99.9-99.9-9.9 9910.2 61  7.2 -99-99.9-9.9-9.9
5294020220421 19.2  6.6  0.009999-99.9-99.9-99.9-99.9-9.9 99 9.8 70  6.7 -99-99.9-9.9-9.9
5294020220422 19.7  8.4  0.009999-99.9-99.9-99.9-99.9-9.9 99 9.2 63  5.7 -99-99.9-9.9-9.9
5294020220423 25.6  3.5  0.009999-99.9-99.9-99.9-99.9-9.9 99 9.7 69  6.5 -99-99.9-9.9-9.9
5294020220424 28.7  6.1  0.009999-99.9-99.9-99.9-99.9-9.9 99 8.3 47  3.0 -99-99.9-9.9-9.9
5294020220425 26.3  5.9  0.009999-99.9-99.9-99.9-99.9-9.9 99 6.6 46  0.7 -99-99.9-9.9-9.9
5294020220426 25.2  4.1  0.009999-99.9-99.9-99.9-99.9-9.9 99 6.4 41  0.3 -99-99.9-9.9-9.9
5294020220427 22.8  0.8  0.009999-99.9-99.9-99.9-99.9-9.9 99 5.2 47 -2.3 -99-99.9-9.9-9.9
5294020220428 15.2 -2.7  0.009999-99.9-99.9-99.9-99.9-9.9 99 5.0 57 -2.8 -99-99.9-9.9-9.9
5294020220429 16.6 -3.6  0.009999-99.9-99.9-99.9-99.9-9.9 99 4.5 53 -4.2 -99-99.9-9.9-9.9
5294020220430 23.3 -1.1  0.009999-99.9-99.9-99.9-99.9-9.9 99 5.3 47 -2.1 -99-99.9-9.9-9.9
5294020220501 19.3  1.6  0.009999-99.9-99.9-99.9-99.9-9.9 99 6.4 53  0.6 -99-99.9-9.9-9.9
5294020220502 20.5  1.9  0.009999-99.9-99.9-99.9-99.9-9.9 99 5.9 50 -0.5 -99-99.9-9.9-9.9
5294020220503 23.0 -0.3  0.009999-99.9-99.9-99.9-99.9-9.9 99 6.3 53  0.3 -99-99.9-9.9-9.9
5294020220504 24.8  1.4  0.009999-99.9-99.9-99.9-99.9-9.9 99 6.2 47  0.1 -99-99.9-9.9-9.9
5294020220505 26.9  1.5  0.009999-99.9-99.9-99.9-99.9-9.9 99 6.1 36 -0.2 -99-99.9-9.9-9.9
5294020220506 23.7  5.1  0.009999-99.9-99.9-99.9-99.9-9.9 99 7.0 50  1.8 -99-99.9-9.9-9.9
5294020220507 24.3  2.4  0.009999-99.9-99.9-99.9-99.9-9.9 99 7.3 55  2.5 -99-99.9-9.9-9.9
5294020220508-99.9-99.9-99.999999-99.9-99.9-99.9-99.9-9.9 99-9.9-99-99.9 -99-99.9-9.9-9.9
5294020220509 21.9  5.9  0.009999-99.9-99.9-99.9-99.9-9.9 99 8.8 62  5.2 -99-99.9-9.9-9.9
5294020220510 19.8  5.8  0.009999-99.9-99.9-99.9-99.9-9.9 99 8.7 61  5.0 -99-99.9-9.9-9.9
5294020220511 20.8  8.4  0.009999-99.9-99.9-99.9-99.9-9.9 99 8.9 58  5.2 -99-99.9-9.9-9.9
5294020220512 20.5  3.2  0.009999-99.9-99.9-99.9-99.9-9.9 99 9.9 72  6.7 -99-99.9-9.9-9.9
5294020220513 20.4  5.8  0.009999-99.9-99.9-99.9-99.9-9.9 99 9.9 65  6.9 -99-99.9-9.9-9.9
5294020220514 13.7  7.8  0.009999-99.9-99.9-99.9-99.9-9.9 99 7.0 52  1.6 -99-99.9-9.9-9.9
5294020220515 16.1  2.4  0.009999-99.9-99.9-99.9-99.9-9.9 99 5.2 53 -2.2 -99-99.9-9.9-9.9
5294020220516-99.9-99.9-99.999999-99.9-99.9-99.9-99.9-9.9 99-9.9 66-99.9 -99-99.9-9.9-9.9
5294020220517 15.6 -3.9  0.009999-99.9-99.9-99.9-99.9-9.9 99 4.9 64 -3.0 -99-99.9-9.9-9.9
5294020220518 16.3 -5.0  0.009999-99.9-99.9-99.9-99.9-9.9 99 4.9 62 -3.1 -99-99.9-9.9-9.9
5294020220519 22.0 -0.3  0.009999-99.9-99.9-99.9-99.9-9.9 99 5.2 48 -2.2 -99-99.9-9.9-9.9
5294020220520 23.6 -1.7  0.009999-99.9-99.9-99.9-99.9-9.9 99 5.2 47 -2.4 -99-99.9-9.9-9.9
5294020220521 19.6  1.4  0.009999-99.9-99.9-99.9-99.9-9.9 99 5.3 49 -2.0 -99-99.9-9.9-9.9
5294020220522 22.2  1.6  0.009999-99.9-99.9-99.9-99.9-9.9 99 6.0 54 -0.2 -99-99.9-9.9-9.9
5294020220523 18.1  5.5  0.009999-99.9-99.9-99.9-99.9-9.9 99 7.6 64  3.0 -99-99.9-9.9-9.9
5294020220524 15.3 -1.2  0.009999-99.9-99.9-99.9-99.9-9.9 99 7.3 79  2.3 -99-99.9-9.9-9.9
5294020220525  7.6  0.2  0.819999-99.9-99.9-99.9-99.9-9.9 99 8.1 96  3.9 -99-99.9-9.9-9.9
5294020220526  9.1  1.2  0.009999-99.9-99.9-99.9-99.9-9.9 99 7.6 86  3.0 -99-99.9-9.9-9.9
5294020220527 11.1 -4.2  0.009999-99.9-99.9-99.9-99.9-9.9 99 6.5 84  0.8 -99-99.9-9.9-9.9
5294020220528 12.5 -1.8  0.009999-99.9-99.9-99.9-99.9-9.9 99 7.0 75  1.9 -99-99.9-9.9-9.9
5294020220529 12.1 -1.1  0.009999-99.9-99.9-99.9-99.9-9.9 99 6.1 73 -0.5 -99-99.9-9.9-9.9
5294020220530  9.7 -5.3  0.009999-99.9-99.9-99.9-99.9-9.9 99 3.9 60 -6.2 -99-99.9-9.9-9.9
5294020220531 11.8 -7.6  0.009999-99.9-99.9-99.9-99.9-9.9 99 3.7 62 -6.9 -99-99.9-9.9-9.9
5294020220601 11.6 -6.2  0.009999-99.9-99.9-99.9-99.9-9.9 99 4.4 67 -4.6 -99-99.9-9.9-9.9
5294020220602 11.2 -4.1  0.009999-99.9-99.9-99.9-99.9-9.9 99 4.7 66 -3.6 -99-99.9-9.9-9.9
5294020220603  9.1 -3.3  0.009999-99.9-99.9-99.9-99.9-9.9 99 5.6 74 -1.3 -99-99.9-9.9-9.9
5294020220604 17.0 -0.2  0.009999-99.9-99.9-99.9-99.9-9.9 99 6.2 63  0.0 -99-99.9-9.9-9.9
5294020220605 18.6 -0.9  0.009999-99.9-99.9-99.9-99.9-9.9 99 6.1 67 -0.1 -99-99.9-9.9-9.9
5294020220606 21.2 -2.0  0.009999-99.9-99.9-99.9-99.9-9.9 99 5.5 58 -1.4 -99-99.9-9.9-9.9
5294020220607 25.3  0.2  0.009999-99.9-99.9-99.9-99.9-9.9 99 5.5 56 -1.5 -99-99.9-9.9-9.9
5294020220608 19.6  3.3  0.009999-99.9-99.9-99.9-99.9-9.9 99 6.3 57  0.2 -99-99.9-9.9-9.9
5294020220609 15.6  1.0  0.009999-99.9-99.9-99.9-99.9-9.9 99 6.0 57 -0.4 -99-99.9-9.9-9.9
5294020220610 12.3 -4.6  0.009999-99.9-99.9-99.9-99.9-9.9 99 4.7 69 -3.5 -99-99.9-9.9-9.9
5294020220611 17.2 -5.9  0.009999-99.9-99.9-99.9-99.9-9.9 99 4.6 64 -4.0 -99-99.9-9.9-9.9
5294020220612 20.0 -4.0  0.009999-99.9-99.9-99.9-99.9-9.9 99 4.6 48 -4.1 -99-99.9-9.9-9.9
5294020220613 17.9 -2.6  0.009999-99.9-99.9-99.9-99.9-9.9 99 5.1 55 -2.8 -99-99.9-9.9-9.9
5294020220614 20.5 -0.4  0.009999-99.9-99.9-99.9-99.9-9.9 99 4.4 42 -4.7 -99-99.9-9.9-9.9
5294020220615 16.2 -1.5  0.009999-99.9-99.9-99.9-99.9-9.9 99 5.1 55 -2.8 -99-99.9-9.9-9.9
5294020220616 15.4 -1.5  0.009999-99.9-99.9-99.9-99.9-9.9 99 5.4 65 -1.8 -99-99.9-9.9-9.9
5294020220617 18.3 -3.7  0.009999-99.9-99.9-99.9-99.9-9.9 99 4.0 52 -6.0 -99-99.9-9.9-9.9
5294020220618 18.9 -3.0  0.009999-99.9-99.9-99.9-99.9-9.9 99 3.3 44 -8.3 -99-99.9-9.9-9.9
5294020220619 19.8 -2.1  0.009999-99.9-99.9-99.9-99.9-9.9 99 3.8 44 -6.4 -99-99.9-9.9-9.9
5294020220620 18.1 -3.2  0.009999-99.9-99.9-99.9-99.9-9.9 99 4.5 54 -4.1 -99-99.9-9.9-9.9
5294020220621  5.6 -0.1  1.519999-99.9-99.9-99.9-99.9-9.9 99 6.1 87 -0.0 -99-99.9-9.9-9.9
5294020220622  3.4 -1.2  1.519999-99.9-99.9-99.9-99.9-9.9 99 6.4 99  0.5 -99-99.9-9.9-9.9
5294020220623  5.6  0.5  0.009999-99.9-99.9-99.9-99.9-9.9 99 6.7 95  1.3 -99-99.9-9.9-9.9
5294020220624  4.5 -5.6  1.519999-99.9-99.9-99.9-99.9-9.9 99 6.0 93 -0.4 -99-99.9-9.9-9.9
5294020220625  3.2  0.3  0.219999-99.9-99.9-99.9-99.9-9.9 99 6.9100  1.6 -99-99.9-9.9-9.9
5294020220626  4.8 -0.6  0.009999-99.9-99.9-99.9-99.9-9.9 99 6.6 95  1.1 -99-99.9-9.9-9.9
5294020220627 18.1 -5.8  0.009999-99.9-99.9-99.9-99.9-9.9 99 5.3 64 -2.1 -99-99.9-9.9-9.9
5294020220628 17.5 -2.5  0.009999-99.9-99.9-99.9-99.9-9.9 99 5.0 60 -2.8 -99-99.9-9.9-9.9
5294020220629 24.8 -1.4  0.009999-99.9-99.9-99.9-99.9-9.9 99 5.9 39 -0.6 -99-99.9-9.9-9.9
5294020220630 19.6 -0.2  0.009999-99.9-99.9-99.9-99.9-9.9 99 6.3 71  0.4 -99-99.9-9.9-9.9
5294020220701 12.2 -2.5  0.009999-99.9-99.9-99.9-99.9-9.9 99 6.8 76  1.3 -99-99.9-9.9-9.9
5294020220702 11.6 -3.7  0.009999-99.9-99.9-99.9-99.9-9.9 99 5.2 70 -2.3 -99-99.9-9.9-9.9
5294020220703  9.1 -3.1  0.009999-99.9-99.9-99.9-99.9-9.9 99 5.1 64 -2.4 -99-99.9-9.9-9.9
5294020220704 18.8 -1.1  0.009999-99.9-99.9-99.9-99.9-9.9 99 4.7 45 -3.6 -99-99.9-9.9-9.9
5294020220705 17.3 -4.3  0.009999-99.9-99.9-99.9-99.9-9.9 99 4.9 64 -3.1 -99-99.9-9.9-9.9
5294020220706 19.4 -2.1  0.009999-99.9-99.9-99.9-99.9-9.9 99 4.4 42 -4.9 -99-99.9-9.9-9.9
5294020220707 12.9 -4.9  0.009999-99.9-99.9-99.9-99.9-9.9 99 4.3 64 -4.7 -99-99.9-9.9-9.9
5294020220708 15.9 -5.0  0.009999-99.9-99.9-99.9-99.9-9.9 99 4.3 56 -4.8 -99-99.9-9.9-9.9
5294020220709 14.3 -4.2  0.009999-99.9-99.9-99.9-99.9-9.9 99 4.3 48 -4.7 -99-99.9-9.9-9.9
5294020220710 13.0  0.1  0.009999-99.9-99.9-99.9-99.9-9.9 99 4.3 50 -4.7 -99-99.9-9.9-9.9
5294020220711 11.6 -2.2  0.009999-99.9-99.9-99.9-99.9-9.9 99 4.5 56 -4.3 -99-99.9-9.9-9.9
5294020220712 13.9 -6.2  0.009999-99.9-99.9-99.9-99.9-9.9 99 4.4 66 -4.5 -99-99.9-9.9-9.9
5294020220713 19.4 -5.9  0.009999-99.9-99.9-99.9-99.9-9.9 99 4.7 58 -3.6 -99-99.9-9.9-9.9
5294020220714  9.8  2.0  3.219999-99.9-99.9-99.9-99.9-9.9 99 5.7 69 -1.0 -99-99.9-9.9-9.9
5294020220715  5.2  0.2 13.019999-99.9-99.9-99.9-99.9-9.9 99 6.7 95  1.2 -99-99.9-9.9-9.9
5294020220716  7.7 -5.1  0.009999-99.9-99.9-99.9-99.9-9.9 99 5.6 88 -1.3 -99-99.9-9.9-9.9
5294020220717 12.7 -5.2  0.009999-99.9-99.9-99.9-99.9-9.9 99 5.7 81 -1.1 -99-99.9-9.9-9.9
5294020220718 10.7 -0.7  0.009999-99.9-99.9-99.9-99.9-9.9 99 5.7 75 -0.9 -99-99.9-9.9-9.9
5294020220719 12.7 -5.2  0.009999-99.9-99.9-99.9-99.9-9.9 99 5.4 79 -1.8 -99-99.9-9.9-9.9
5294020220720 22.0 -3.1  0.009999-99.9-99.9-99.9-99.9-9.9 99 5.8 61 -0.8 -99-99.9-9.9-9.9
5294020220721 19.0 -0.4  0.009999-99.9-99.9-99.9-99.9-9.9 99 5.4 55 -1.8 -99-99.9-9.9-9.9
5294020220722 25.2 -1.3  0.009999-99.9-99.9-99.9-99.9-9.9 99 5.3 47 -2.1 -99-99.9-9.9-9.9
5294020220723 26.0  0.6  0.009999-99.9-99.9-99.9-99.9-9.9 99 5.8 49 -0.9 -99-99.9-9.9-9.9
5294020220724 20.9  4.8  0.009999-99.9-99.9-99.9-99.9-9.9 9910.1 69  6.9 -99-99.9-9.9-9.9
5294020220725 14.6  9.7  0.009999-99.9-99.9-99.9-99.9-9.9 9912.3 91 10.1 -99-99.9-9.9-9.9
5294020220726 14.6  8.3  0.009999-99.9-99.9-99.9-99.9-9.9 9911.1 85  8.5 -99-99.9-9.9-9.9
5294020220727  9.4  6.8  3.019999-99.9-99.9-99.9-99.9-9.9 9910.0 99  7.0 -99-99.9-9.9-9.9
5294020220728 16.9  1.1  0.009999-99.9-99.9-99.9-99.9-9.9 99 7.5 78  2.8 -99-99.9-9.9-9.9
5294020220729 19.7 -1.8  0.009999-99.9-99.9-99.9-99.9-9.9 99 5.7 61 -1.0 -99-99.9-9.9-9.9
5294020220730 21.6  0.0  0.009999-99.9-99.9-99.9-99.9-9.9 99 5.6 49 -1.2 -99-99.9-9.9-9.9
5294020220731 18.6 -0.9  0.009999-99.9-99.9-99.9-99.9-9.9 99 6.1 66 -0.0 -99-99.9-9.9-9.9
5294020220801 18.9  0.4  0.009999-99.9-99.9-99.9-99.9-9.9 99 6.6 66  1.1 -99-99.9-9.9-9.9
5294020220802 17.9  1.2  0.009999-99.9-99.9-99.9-99.9-9.9 99 6.5 60  0.9 -99-99.9-9.9-9.9
5294020220803 16.0 -2.3  0.009999-99.9-99.9-99.9-99.9-9.9 99 6.1 72 -0.1 -99-99.9-9.9-9.9
5294020220804 16.3 -2.1  0.009999-99.9-99.9-99.9-99.9-9.9 99 6.9 68  1.6 -99-99.9-9.9-9.9
5294020220805 16.7  3.9  0.009999-99.9-99.9-99.9-99.9-9.9 99 8.1 68  3.9 -99-99.9-9.9-9.9
5294020220806 10.0  1.9  0.219999-99.9-99.9-99.9-99.9-9.9 99 7.1 81  2.1 -99-99.9-9.9-9.9
5294020220807  8.1  0.4  2.819999-99.9-99.9-99.9-99.9-9.9 99 7.1 93  2.1 -99-99.9-9.9-9.9
5294020220808 11.5 -4.7  0.009999-99.9-99.9-99.9-99.9-9.9 99 6.2 77  0.0 -99-99.9-9.9-9.9
5294020220809 11.5  1.3  0.009999-99.9-99.9-99.9-99.9-9.9 99 6.7 80  1.2 -99-99.9-9.9-9.9
5294020220810 16.2 -3.7  0.009999-99.9-99.9-99.9-99.9-9.9 99 6.0 73 -0.3 -99-99.9-9.9-9.9
5294020220811 19.8 -0.8  0.009999-99.9-99.9-99.9-99.9-9.9 99 5.3 49 -2.1 -99-99.9-9.9-9.9
5294020220812 24.2 -2.0  0.009999-99.9-99.9-99.9-99.9-9.9 99 5.7 56 -1.1 -99-99.9-9.9-9.9
5294020220813 21.6  0.2  0.009999-99.9-99.9-99.9-99.9-9.9 99 6.4 58  0.5 -99-99.9-9.9-9.9
5294020220814 16.8  2.0  0.009999-99.9-99.9-99.9-99.9-9.9 99 5.7 43 -1.3 -99-99.9-9.9-9.9
5294020220815 13.8  2.9  0.009999-99.9-99.9-99.9-99.9-9.9 99 5.0 53 -2.8 -99-99.9-9.9-9.9
5294020220816 24.2  0.3  0.009999-99.9-99.9-99.9-99.9-9.9 99 5.4 34 -1.7 -99-99.9-9.9-9.9
5294020220817 17.2 -2.6  0.009999-99.9-99.9-99.9-99.9-9.9 99 5.9 65 -0.7 -99-99.9-9.9-9.9
5294020220818 13.8 -7.8  0.009999-99.9-99.9-99.9-99.9-9.9 99 3.8 53 -6.7 -99-99.9-9.9-9.9
5294020220819 18.8 -4.1  0.009999-99.9-99.9-99.9-99.9-9.9 99 4.1 45 -5.5 -99-99.9-9.9-9.9
5294020220820 25.4 -3.4  0.009999-99.9-99.9-99.9-99.9-9.9 99 4.2 36 -5.1 -99-99.9-9.9-9.9
5294020220821 19.9  2.6  0.009999-99.9-99.9-99.9-99.9-9.9 99 5.6 47 -1.2 -99-99.9-9.9-9.9
5294020220822 20.4 -1.2  0.009999-99.9-99.9-99.9-99.9-9.9 99 5.3 54 -2.0 -99-99.9-9.9-9.9
5294020220823 24.1 -0.8  0.009999-99.9-99.9-99.9-99.9-9.9 99 4.5 37 -4.1 -99-99.9-9.9-9.9
5294020220824 23.7  2.1  0.009999-99.9-99.9-99.9-99.9-9.9 99 5.3 38 -1.9 -99-99.9-9.9-9.9
5294020220825 21.9  1.6  0.009999-99.9-99.9-99.9-99.9-9.9 99 6.3 51  0.4 -99-99.9-9.9-9.9
5294020220826 23.4  2.2  0.009999-99.9-99.9-99.9-99.9-9.9 99 6.8 47  1.5 -99-99.9-9.9-9.9
5294020220827 19.4  6.3  0.009999-99.9-99.9-99.9-99.9-9.9 99 5.4 44 -2.0 -99-99.9-9.9-9.9
5294020220828 16.4 -5.7  0.009999-99.9-99.9-99.9-99.9-9.9 99 2.9 36 -9.7 -99-99.9-9.9-9.9
5294020220829 19.0 -5.6  0.009999-99.9-99.9-99.9-99.9-9.9 99 3.4 38 -8.1 -99-99.9-9.9-9.9
5294020220830 21.5 -3.2  0.009999-99.9-99.9-99.9-99.9-9.9 99 3.9 38 -6.0 -99-99.9-9.9-9.9
5294020220831 24.6 -0.3  0.009999-99.9-99.9-99.9-99.9-9.9 99 4.3 30 -4.7 -99-99.9-9.9-9.9
5294020220901 18.8  3.7  0.009999-99.9-99.9-99.9-99.9-9.9 99 4.8 36 -3.3 -99-99.9-9.9-9.9
5294020220902 18.1 -2.2  0.009999-99.9-99.9-99.9-99.9-9.9 99 4.3 44 -4.7 -99-99.9-9.9-9.9
5294020220903 21.3 -3.0  0.009999-99.9-99.9-99.9-99.9-9.9 99 4.3 39 -4.7 -99-99.9-9.9-9.9
5294020220904 24.3 -0.6  0.009999-99.9-99.9-99.9-99.9-9.9 99 4.1 30 -5.6 -99-99.9-9.9-9.9
5294020220905 24.7 -0.8  0.009999-99.9-99.9-99.9-99.9-9.9 99 3.9 30 -6.1 -99-99.9-9.9-9.9
5294020220906 25.4  1.3  0.009999-99.9-99.9-99.9-99.9-9.9 99 3.5 24 -7.5 -99-99.9-9.9-9.9
5294020220907 22.0  2.0  0.009999-99.9-99.9-99.9-99.9-9.9 99 3.8 24 -6.4 -99-99.9-9.9-9.9
5294020220908 12.2  2.5  0.009999-99.9-99.9-99.9-99.9-9.9 99 4.4 49 -4.4 -99-99.9-9.9-9.9
5294020220909 14.7 -4.9  0.009999-99.9-99.9-99.9-99.9-9.9 99 3.7 42 -6.7 -99-99.9-9.9-9.9
5294020220910 18.9 -5.0  0.009999-99.9-99.9-99.9-99.9-9.9 99 3.8 39 -6.6 -99-99.9-9.9-9.9
5294020220911 23.5 -1.4  0.009999-99.9-99.9-99.9-99.9-9.9 99 3.5 28 -7.6 -99-99.9-9.9-9.9
5294020220912 20.9  1.3  0.009999-99.9-99.9-99.9-99.9-9.9 99 4.0 30 -5.8 -99-99.9-9.9-9.9
5294020220913 20.8  4.9  0.009999-99.9-99.9-99.9-99.9-9.9 99 4.7 39 -3.6 -99-99.9-9.9-9.9
5294020220914 23.1 -0.3  0.009999-99.9-99.9-99.9-99.9-9.9 99 4.5 31 -4.2 -99-99.9-9.9-9.9
5294020220915 24.5  1.5  0.009999-99.9-99.9-99.9-99.9-9.9 99 4.4 30 -4.4 -99-99.9-9.9-9.9
5294020220916 25.7  1.7  0.009999-99.9-99.9-99.9-99.9-9.9 99 4.8 32 -3.3 -99-99.9-9.9-9.9
5294020220917 23.1  5.8  0.009999-99.9-99.9-99.9-99.9-9.9 99 6.1 34 -0.2 -99-99.9-9.9-9.9
5294020220918 17.7  5.6  0.819999-99.9-99.9-99.9-99.9-9.9 99 8.4 68  4.3 -99-99.9-9.9-9.9
5294020220919  8.4  4.9  0.219999-99.9-99.9-99.9-99.9-9.9 99 9.1 95  5.6 -99-99.9-9.9-9.9
5294020220920 15.9  4.4 11.819999-99.9-99.9-99.9-99.9-9.9 99 7.3 61  2.3 -99-99.9-9.9-9.9
5294020220921 12.6  0.6  0.009999-99.9-99.9-99.9-99.9-9.9 99 6.6 69  1.0 -99-99.9-9.9-9.9
5294020220922 20.1 -1.6  0.009999-99.9-99.9-99.9-99.9-9.9 99 5.5 44 -1.6 -99-99.9-9.9-9.9
5294020220923 22.7  0.3  0.009999-99.9-99.9-99.9-99.9-9.9 99 5.6 41 -1.2 -99-99.9-9.9-9.9
5294020220924 21.5  6.7  0.009999-99.9-99.9-99.9-99.9-9.9 99 7.4 46  2.5 -99-99.9-9.9-9.9
5294020220925 20.0  1.2  0.009999-99.9-99.9-99.9-99.9-9.9 99 7.3 53  2.4 -99-99.9-9.9-9.9
5294020220926 22.7  2.6  0.009999-99.9-99.9-99.9-99.9-9.9 99 7.1 48  2.0 -99-99.9-9.9-9.9
5294020220927 17.8  8.9  0.009999-99.9-99.9-99.9-99.9-9.9 99 7.5 47  2.8 -99-99.9-9.9-9.9
5294020220928 19.0  5.1  0.009999-99.9-99.9-99.9-99.9-9.9 99 9.1 60  5.5 -99-99.9-9.9-9.9
5294020220929 19.1  6.9  0.009999-99.9-99.9-99.9-99.9-9.9 99 9.8 74  6.6 -99-99.9-9.9-9.9
5294020220930 25.7  1.5  0.009999-99.9-99.9-99.9-99.9-9.9 99 7.9 44  3.5 -99-99.9-9.9-9.9
5294020221001 27.8  5.4  0.009999-99.9-99.9-99.9-99.9-9.9 99 7.4 35  2.5 -99-99.9-9.9-9.9
5294020221002 28.4  7.6  0.009999-99.9-99.9-99.9-99.9-9.9 99 7.6 32  3.0 -99-99.9-9.9-9.9
5294020221003 26.6  7.5  0.009999-99.9-99.9-99.9-99.9-9.9 99 9.4 46  6.0 -99-99.9-9.9-9.9
5294020221004 23.4  9.1  2.519999-99.9-99.9-99.9-99.9-9.9 99 8.1 40  3.8 -99-99.9-9.9-9.9
5294020221005 19.5  8.0  0.009999-99.9-99.9-99.9-99.9-9.9 99 8.9 61  5.3 -99-99.9-9.9-9.9
5294020221006 26.9  2.0  0.009999-99.9-99.9-99.9-99.9-9.9 99 6.8 38  1.3 -99-99.9-9.9-9.9
5294020221007 29.1  3.7  0.009999-99.9-99.9-99.9-99.9-9.9 99 5.7 24 -1.3 -99-99.9-9.9-9.9
5294020221008 21.3  7.8  0.009999-99.9-99.9-99.9-99.9-9.9 99 4.5 29 -4.6 -99-99.9-9.9-9.9
5294020221009 18.4 -4.6  0.009999-99.9-99.9-99.9-99.9-9.9 99 3.0 25 -9.4 -99-99.9-9.9-9.9
5294020221010 22.7 -0.1  0.009999-99.9-99.9-99.9-99.9-9.9 99 3.4 23 -7.9 -99-99.9-9.9-9.9
5294020221011 26.3  1.4  0.009999-99.9-99.9-99.9-99.9-9.9 99 4.2 22 -5.2 -99-99.9-9.9-9.9
5294020221012 26.9  2.4  0.009999-99.9-99.9-99.9-99.9-9.9 99 4.2 19 -5.1 -99-99.9-9.9-9.9
5294020221013 19.9  4.3  0.009999-99.9-99.9-99.9-99.9-9.9 99 4.3 36 -4.9 -99-99.9-9.9-9.9
5294020221014 22.0  0.4  0.009999-99.9-99.9-99.9-99.9-9.9 99 4.0 24 -5.6 -99-99.9-9.9-9.9
5294020221015 23.1  1.5  0.009999-99.9-99.9-99.9-99.9-9.9 99 4.7 28 -3.4 -99-99.9-9.9-9.9
5294020221016 26.0  3.8  5.219999-99.9-99.9-99.9-99.9-9.9 99 5.9 27 -0.8 -99-99.9-9.9-9.9
5294020221017 18.9  9.7 26.819999-99.9-99.9-99.9-99.9-9.9 9912.1 95  9.7 -99-99.9-9.9-9.9
5294020221018 12.5  8.7 18.019999-99.9-99.9-99.9-99.9-9.9 9911.7 94  9.2 -99-99.9-9.9-9.9
5294020221019 21.8  7.3  2.519999-99.9-99.9-99.9-99.9-9.9 9911.8 84  9.4 -99-99.9-9.9-9.9
5294020221020 24.9  3.7  0.009999-99.9-99.9-99.9-99.9-9.9 99 9.2 52  5.8 -99-99.9-9.9-9.9
5294020221021 21.0  8.2  0.009999-99.9-99.9-99.9-99.9-9.9 99 9.0 54  5.4 -99-99.9-9.9-9.9
5294020221022 18.6  6.0  0.009999-99.9-99.9-99.9-99.9-9.9 99 9.0 66  5.4 -99-99.9-9.9-9.9
5294020221023 26.3  3.6  0.009999-99.9-99.9-99.9-99.9-9.9 99 9.7 49  6.5 -99-99.9-9.9-9.9
5294020221024 30.1  8.5  0.009999-99.9-99.9-99.9-99.9-9.9 9911.3 43  8.8 -99-99.9-9.9-9.9
5294020221025 27.3 13.0  0.819999-99.9-99.9-99.9-99.9-9.9 9912.3 56 10.1 -99-99.9-9.9-9.9
5294020221026 26.3  6.7  0.009999-99.9-99.9-99.9-99.9-9.9 99 9.5 46  6.1 -99-99.9-9.9-9.9
5294020221027 27.7  4.4  0.009999-99.9-99.9-99.9-99.9-9.9 99 7.4 37  2.7 -99-99.9-9.9-9.9
5294020221028 31.6  8.6  0.009999-99.9-99.9-99.9-99.9-9.9 99 7.0 28  1.7 -99-99.9-9.9-9.9
5294020221029 34.3  9.8  0.009999-99.9-99.9-99.9-99.9-9.9 99 6.3 20  0.2 -99-99.9-9.9-9.9
5294020221030 26.8  6.1  0.009999-99.9-99.9-99.9-99.9-9.9 99 4.6 32 -4.3 -99-99.9-9.9-9.9
5294020221031 17.6 -2.2  0.009999-99.9-99.9-99.9-99.9-9.9 99 4.1 26 -5.5 -99-99.9-9.9-9.9
5294020221101 23.8 -1.3  0.009999-99.9-99.9-99.9-99.9-9.9 99 4.0 21 -5.7 -99-99.9-9.9-9.9
5294020221102 26.2  0.7  0.009999-99.9-99.9-99.9-99.9-9.9 99 3.9 19 -6.1 -99-99.9-9.9-9.9
5294020221103 27.4  4.3  0.009999-99.9-99.9-99.9-99.9-9.9 99 5.1 25 -2.5 -99-99.9-9.9-9.9
5294020221104 28.5  5.5  0.009999-99.9-99.9-99.9-99.9-9.9 99 6.4 27  0.5 -99-99.9-9.9-9.9
5294020221105 31.3  8.9  0.009999-99.9-99.9-99.9-99.9-9.9 99 7.4 28  2.6 -99-99.9-9.9-9.9
5294020221106 32.3 10.9  0.009999-99.9-99.9-99.9-99.9-9.9 99 8.6 29  4.7 -99-99.9-9.9-9.9
5294020221107 31.5 12.7  0.009999-99.9-99.9-99.9-99.9-9.9 99 9.7 34  6.5 -99-99.9-9.9-9.9
5294020221108 30.5 15.1  0.009999-99.9-99.9-99.9-99.9-9.9 9910.8 36  8.1 -99-99.9-9.9-9.9
5294020221109 27.6 12.5  0.009999-99.9-99.9-99.9-99.9-9.9 9911.1 42  8.4 -99-99.9-9.9-9.9
5294020221110 26.3  8.1  0.219999-99.9-99.9-99.9-99.9-9.9 9911.9 57  9.4 -99-99.9-9.9-9.9
5294020221111 20.9 11.8  0.009999-99.9-99.9-99.9-99.9-9.9 9914.2 81 12.1 -99-99.9-9.9-9.9
5294020221112 17.6 11.7  0.009999-99.9-99.9-99.9-99.9-9.9 9913.8 91 11.7 -99-99.9-9.9-9.9
5294020221113 20.5  7.0  0.009999-99.9-99.9-99.9-99.9-9.9 9911.1 69  8.5 -99-99.9-9.9-9.9
5294020221114 25.8  6.4  0.009999-99.9-99.9-99.9-99.9-9.9 9910.7 51  7.8 -99-99.9-9.9-9.9
5294020221115 31.2  9.9  0.009999-99.9-99.9-99.9-99.9-9.9 9911.3 40  8.7 -99-99.9-9.9-9.9
5294020221116 32.5 13.7  0.009999-99.9-99.9-99.9-99.9-9.9 9911.6 30  9.0 -99-99.9-9.9-9.9
5294020221117 32.2 14.9  0.009999-99.9-99.9-99.9-99.9-9.9 9914.3 44 12.3 -99-99.9-9.9-9.9
5294020221118 30.4 16.1  0.009999-99.9-99.9-99.9-99.9-9.9 9914.7 44 12.7 -99-99.9-9.9-9.9
5294020221119 32.4 17.0  0.009999-99.9-99.9-99.9-99.9-9.9 9914.4 45 12.1 -99-99.9-9.9-9.9
5294020221120 23.5 13.2  0.009999-99.9-99.9-99.9-99.9-9.9 99 6.7 31  1.2 -99-99.9-9.9-9.9
5294020221121 24.6  5.8  0.009999-99.9-99.9-99.9-99.9-9.9 99 8.0 36  3.6 -99-99.9-9.9-9.9
5294020221122 30.1  7.4  0.009999-99.9-99.9-99.9-99.9-9.9 99 8.8 32  5.0 -99-99.9-9.9-9.9
5294020221123 35.8 11.4  0.009999-99.9-99.9-99.9-99.9-9.9 99 8.6 24  4.8 -99-99.9-9.9-9.9
5294020221124 32.0 15.3  0.009999-99.9-99.9-99.9-99.9-9.9 9910.3 30  7.4 -99-99.9-9.9-9.9
5294020221125 30.5 14.6  0.009999-99.9-99.9-99.9-99.9-9.9 9913.2 43 11.1 -99-99.9-9.9-9.9
5294020221126 36.3 15.8  0.009999-99.9-99.9-99.9-99.9-9.9 9912.4 31 10.1 -99-99.9-9.9-9.9
5294020221127 35.0 17.3  0.009999-99.9-99.9-99.9-99.9-9.9 9912.3 32 10.0 -99-99.9-9.9-9.9
5294020221128 36.8 17.1  0.009999-99.9-99.9-99.9-99.9-9.9 9912.7 33 10.4 -99-99.9-9.9-9.9
5294020221129 33.4 17.5  3.819999-99.9-99.9-99.9-99.9-9.9 9912.7 33 10.4 -99-99.9-9.9-9.9
5294020221130 28.0 12.8  1.019999-99.9-99.9-99.9-99.9-9.9 9910.7 35  7.7 -99-99.9-9.9-9.9
5294020221201 27.3 13.2  0.009999-99.9-99.9-99.9-99.9-9.9 9912.2 52  9.8 -99-99.9-9.9-9.9
5294020221202 31.6  9.5  0.009999-99.9-99.9-99.9-99.9-9.9 9911.3 36  8.7 -99-99.9-9.9-9.9
5294020221203 34.4 12.2  0.009999-99.9-99.9-99.9-99.9-9.9 9910.2 28  7.3 -99-99.9-9.9-9.9
5294020221204 32.4 14.2  0.009999-99.9-99.9-99.9-99.9-9.9 9910.5 29  7.6 -99-99.9-9.9-9.9
5294020221205 34.6 14.5  0.009999-99.9-99.9-99.9-99.9-9.9 9911.0 29  8.3 -99-99.9-9.9-9.9
5294020221206 32.1 16.5  0.009999-99.9-99.9-99.9-99.9-9.9 99 9.2 26  5.7 -99-99.9-9.9-9.9
5294020221207 37.9 17.2  0.009999-99.9-99.9-99.9-99.9-9.9 99 9.2 20  4.7 -99-99.9-9.9-9.9
5294020221208 36.6 13.7  0.009999-99.9-99.9-99.9-99.9-9.9 99 7.6 25  2.5 -99-99.9-9.9-9.9
5294020221209 34.8 18.0  0.009999-99.9-99.9-99.9-99.9-9.9 9910.3 28  7.1 -99-99.9-9.9-9.9
5294020221210 35.2 17.0  0.009999-99.9-99.9-99.9-99.9-9.9 9911.4 29  8.8 -99-99.9-9.9-9.9
5294020221211 35.5 16.9  0.009999-99.9-99.9-99.9-99.9-9.9 99 9.9 24  6.7 -99-99.9-9.9-9.9
5294020221212 31.4  9.4  0.009999-99.9-99.9-99.9-99.9-9.9 99 6.9 21  1.6 -99-99.9-9.9-9.9
5294020221213 33.0  6.9  0.009999-99.9-99.9-99.9-99.9-9.9 99 6.6 21  0.9 -99-99.9-9.9-9.9
5294020221214 37.8 14.0  0.009999-99.9-99.9-99.9-99.9-9.9 99 6.7 15  0.8 -99-99.9-9.9-9.9
5294020221215 30.1 11.7  0.009999-99.9-99.9-99.9-99.9-9.9 99 8.7 31  5.0 -99-99.9-9.9-9.9
5294020221216 31.2 12.3  0.009999-99.9-99.9-99.9-99.9-9.9 99 9.1 32  5.4 -99-99.9-9.9-9.9
5294020221217 28.8  8.0 38.019999-99.9-99.9-99.9-99.9-9.9 9912.0 56  9.5 -99-99.9-9.9-9.9
5294020221218 29.9 10.7  0.009999-99.9-99.9-99.9-99.9-9.9 9913.6 43 11.4 -99-99.9-9.9-9.9
5294020221219 32.0 12.1  0.009999-99.9-99.9-99.9-99.9-9.9 9912.2 36  9.8 -99-99.9-9.9-9.9
5294020221220 34.5 13.9  0.009999-99.9-99.9-99.9-99.9-9.9 9912.2 35  9.8 -99-99.9-9.9-9.9
5294020221221 34.7 17.2  0.009999-99.9-99.9-99.9-99.9-9.9 9912.7 33 10.4 -99-99.9-9.9-9.9
5294020221222 33.7 12.7  0.009999-99.9-99.9-99.9-99.9-9.9 9913.5 43 11.3 -99-99.9-9.9-9.9
5294020221223 24.7 14.6  0.009999-99.9-99.9-99.9-99.9-9.9 99 9.9 43  6.7 -99-99.9-9.9-9.9
5294020221224 18.4 12.3  0.009999-99.9-99.9-99.9-99.9-9.9 99 9.3 47  5.8 -99-99.9-9.9-9.9
5294020221225 24.1 13.2  0.009999-99.9-99.9-99.9-99.9-9.9 99 8.5 40  4.6 -99-99.9-9.9-9.9
5294020221226 28.9  6.4  0.009999-99.9-99.9-99.9-99.9-9.9 99 8.9 34  5.2 -99-99.9-9.9-9.9
5294020221227 30.6 11.5  0.009999-99.9-99.9-99.9-99.9-9.9 99 9.3 30  5.8 -99-99.9-9.9-9.9
5294020221228 29.9 10.1  0.009999-99.9-99.9-99.9-99.9-9.9 99 8.7 30  4.9 -99-99.9-9.9-9.9
5294020221229 32.3  7.8  0.009999-99.9-99.9-99.9-99.9-9.9 99 7.8 25  3.4 -99-99.9-9.9-9.9
5294020221230 34.9 12.4  0.009999-99.9-99.9-99.9-99.9-9.9 99 8.8 22  5.1 -99-99.9-9.9-9.9
5294020221231 28.0 17.7  0.009999-99.9-99.9-99.9-99.9-9.9 9912.3 53  9.9 -99-99.9-9.9-9.9
5294020230101 30.0  6.7  0.009999-99.9-99.9-99.9-99.9-9.9 9910.5 34  7.6 -99-99.9-9.9-9.9
5294020230102 31.8 10.7  0.009999-99.9-99.9-99.9-99.9-9.9 99 9.8 34  6.5 -99-99.9-9.9-9.9
5294020230103 30.3 11.9  0.009999-99.9-99.9-99.9-99.9-9.9 99 7.8 27  3.4 -99-99.9-9.9-9.9
5294020230104 33.9 11.4  0.009999-99.9-99.9-99.9-99.9-9.9 99 8.4 23  4.4 -99-99.9-9.9-9.9
5294020230105 36.7 13.6  0.009999-99.9-99.9-99.9-99.9-9.9 99 8.1 20  4.0 -99-99.9-9.9-9.9
5294020230106 35.2 16.8  0.009999-99.9-99.9-99.9-99.9-9.9 99 9.9 25  6.8 -99-99.9-9.9-9.9
5294020230107 34.7 17.4  0.219999-99.9-99.9-99.9-99.9-9.9 9911.2 28  8.6 -99-99.9-9.9-9.9
5294020230108 34.1 15.5  0.009999-99.9-99.9-99.9-99.9-9.9 9914.5 37 12.5 -99-99.9-9.9-9.9
5294020230109 35.5 15.5  0.009999-99.9-99.9-99.9-99.9-9.9 9911.9 32  9.5 -99-99.9-9.9-9.9
5294020230110 32.4 19.0-99.999999-99.9-99.9-99.9-99.9-9.9 9913.0 43 10.8 -99-99.9-9.9-9.9
5294020230111 30.1 11.8  2.219999-99.9-99.9-99.9-99.9-9.9 9912.4 38 10.1 -99-99.9-9.9-9.9
5294020230112 28.2 13.9  1.019999-99.9-99.9-99.9-99.9-9.9 9910.6 50  7.7 -99-99.9-9.9-9.9
5294020230113 29.8  8.8  0.009999-99.9-99.9-99.9-99.9-9.9 9910.7 35  7.9 -99-99.9-9.9-9.9
5294020230114 34.5 11.1  1.019999-99.9-99.9-99.9-99.9-9.9 9910.8 29  8.0 -99-99.9-9.9-9.9
5294020230115 31.1 14.8  0.009999-99.9-99.9-99.9-99.9-9.9 9913.1 45 10.8 -99-99.9-9.9-9.9
5294020230116 32.3 13.9 14.019999-99.9-99.9-99.9-99.9-9.9 9912.8 38 10.5 -99-99.9-9.9-9.9
5294020230117 26.8 15.6  0.009999-99.9-99.9-99.9-99.9-9.9 9917.3 71 15.2 -99-99.9-9.9-9.9
5294020230118 32.7 14.3  0.009999-99.9-99.9-99.9-99.9-9.9 9915.0 43 12.9 -99-99.9-9.9-9.9
5294020230119 34.6 16.7  0.009999-99.9-99.9-99.9-99.9-9.9 9917.6 47 15.5 -99-99.9-9.9-9.9
5294020230120 33.4 20.4  0.009999-99.9-99.9-99.9-99.9-9.9 9916.0 48 14.0 -99-99.9-9.9-9.9
5294020230121 32.4 17.5  0.009999-99.9-99.9-99.9-99.9-9.9 9913.1 36 10.6 -99-99.9-9.9-9.9
5294020230122 33.1 16.8  0.009999-99.9-99.9-99.9-99.9-9.9 99 9.8 27  6.7 -99-99.9-9.9-9.9
5294020230123 35.5 16.2  0.009999-99.9-99.9-99.9-99.9-9.9 9912.6 32 10.3 -99-99.9-9.9-9.9
5294020230124 35.2 14.6  0.009999-99.9-99.9-99.9-99.9-9.9 9913.4 43 11.2 -99-99.9-9.9-9.9
5294020230125 32.3 14.4  0.009999-99.9-99.9-99.9-99.9-9.9 9913.3 42 11.1 -99-99.9-9.9-9.9
5294020230126 31.8 17.5-99.999999-99.9-99.9-99.9-99.9-9.9 9917.0 49 14.9 -99-99.9-9.9-9.9
5294020230127 30.4 18.3-99.999999-99.9-99.9-99.9-99.9-9.9 9911.1 32  8.1 -99-99.9-9.9-9.9
5294020230128 33.7 13.1-99.999999-99.9-99.9-99.9-99.9-9.9 9912.9 46 10.5 -99-99.9-9.9-9.9
5294020230129 32.9 16.3  0.009999-99.9-99.9-99.9-99.9-9.9 9916.2 43 14.1 -99-99.9-9.9-9.9
5294020230130 36.8 16.2  0.009999-99.9-99.9-99.9-99.9-9.9 9917.2 43 15.0 -99-99.9-9.9-9.9
5294020230131 30.6 21.3  0.009999-99.9-99.9-99.9-99.9-9.9 9918.9 57 16.6 -99-99.9-9.9-9.9
5294020230201 25.2 16.9  0.009999-99.9-99.9-99.9-99.9-9.9 9917.7 74 15.6 -99-99.9-9.9-9.9
5294020230202 31.9 12.9  0.009999-99.9-99.9-99.9-99.9-9.9 9914.9 48 12.7 -99-99.9-9.9-9.9
5294020230203 28.4 20.5  0.009999-99.9-99.9-99.9-99.9-9.9 9914.1 47 12.0 -99-99.9-9.9-9.9
5294020230204 33.3 11.8  0.009999-99.9-99.9-99.9-99.9-9.9 9911.7 37  9.2 -99-99.9-9.9-9.9
5294020230205 36.8 11.4  0.009999-99.9-99.9-99.9-99.9-9.9 9910.0 27  6.9 -99-99.9-9.9-9.9
5294020230206 35.5 15.9  0.009999-99.9-99.9-99.9-99.9-9.9 9910.9 27  8.1 -99-99.9-9.9-9.9
5294020230207 36.1 17.4  0.009999-99.9-99.9-99.9-99.9-9.9 9912.2 31  9.8 -99-99.9-9.9-9.9
5294020230208 34.1 16.0  0.009999-99.9-99.9-99.9-99.9-9.9 9915.0 46 13.0 -99-99.9-9.9-9.9
5294020230209 35.9 15.2  0.009999-99.9-99.9-99.9-99.9-9.9 9914.2 38 12.1 -99-99.9-9.9-9.9
5294020230210 36.7 16.9  0.009999-99.9-99.9-99.9-99.9-9.9 9914.7 37 12.5 -99-99.9-9.9-9.9
5294020230211 37.0 17.2  0.009999-99.9-99.9-99.9-99.9-9.9 9912.7 34 10.4 -99-99.9-9.9-9.9
5294020230212 37.9 19.3  0.009999-99.9-99.9-99.9-99.9-9.9 9911.4 29  8.6 -99-99.9-9.9-9.9
5294020230213 30.4 12.9  0.009999-99.9-99.9-99.9-99.9-9.9 99 8.6 30  4.8 -99-99.9-9.9-9.9
5294020230214 31.9 13.7  0.009999-99.9-99.9-99.9-99.9-9.9 99 7.5 24  2.6 -99-99.9-9.9-9.9
5294020230215 35.1 10.0  0.009999-99.9-99.9-99.9-99.9-9.9 99 8.8 27  5.0 -99-99.9-9.9-9.9
5294020230216 26.2 11.8  0.009999-99.9-99.9-99.9-99.9-9.9 99 7.6 35  3.1 -99-99.9-9.9-9.9
5294020230217 17.4  6.4  0.009999-99.9-99.9-99.9-99.9-9.9 99 3.9 28 -6.2 -99-99.9-9.9-9.9
5294020230218 24.6 -0.4  0.009999-99.9-99.9-99.9-99.9-9.9 99 4.6 26 -4.0 -99-99.9-9.9-9.9
5294020230219 31.0  5.8  0.009999-99.9-99.9-99.9-99.9-9.9 99 7.3 28  2.4 -99-99.9-9.9-9.9
5294020230220 31.6 11.3  0.009999-99.9-99.9-99.9-99.9-9.9 99 9.2 36  5.6 -99-99.9-9.9-9.9
5294020230221 33.7 12.4  0.009999-99.9-99.9-99.9-99.9-9.9 9910.4 35  7.4 -99-99.9-9.9-9.9
5294020230222 35.0 13.0  0.009999-99.9-99.9-99.9-99.9-9.9 9910.3 32  7.4 -99-99.9-9.9-9.9
5294020230223 32.2 14.0  0.009999-99.9-99.9-99.9-99.9-9.9 99 9.1 27  5.6 -99-99.9-9.9-9.9
5294020230224 33.8 13.2  0.009999-99.9-99.9-99.9-99.9-9.9 9910.4 32  7.4 -99-99.9-9.9-9.9
5294020230225 32.8 14.8  0.009999-99.9-99.9-99.9-99.9-9.9 99 9.2 28  5.8 -99-99.9-9.9-9.9
5294020230226 29.1  7.6  0.009999-99.9-99.9-99.9-99.9-9.9 99 6.2 25  0.2 -99-99.9-9.9-9.9
5294020230227 32.1  7.9  0.009999-99.9-99.9-99.9-99.9-9.9 99 7.6 28  2.9 -99-99.9-9.9-9.9
5294020230228 37.7 13.7-99.999999-99.9-99.9-99.9-99.9-9.9 9910.6 28  7.6 -99-99.9-9.9-9.9
5294020230301 33.6 14.6-99.999999-99.9-99.9-99.9-99.9-9.9 9911.4 32  8.5 -99-99.9-9.9-9.9
5294020230302 33.5 13.8-99.999999-99.9-99.9-99.9-99.9-9.9 9911.1 29  8.4 -99-99.9-9.9-9.9
5294020230303 37.7 14.5-99.999999-99.9-99.9-99.9-99.9-9.9 9912.0 37  9.3 -99-99.9-9.9-9.9
5294020230304 32.0 14.5-99.999999-99.9-99.9-99.9-99.9-9.9 9911.9 35  9.3 -99-99.9-9.9-9.9
5294020230305 35.3 14.2-99.999999-99.9-99.9-99.9-99.9-9.9 9912.6 35 10.3 -99-99.9-9.9-9.9
5294020230306 32.3 18.3-99.999999-99.9-99.9-99.9-99.9-9.9 9914.0 46 11.9 -99-99.9-9.9-9.9
5294020230307 31.9 12.9-99.999999-99.9-99.9-99.9-99.9-9.9 9913.2 41 11.0 -99-99.9-9.9-9.9
5294020230308 32.7 14.6-99.999999-99.9-99.9-99.9-99.9-9.9 9915.3 53 13.2 -99-99.9-9.9-9.9
5294020230309 30.6 16.6-99.999999-99.9-99.9-99.9-99.9-9.9 9920.1 76 17.6 -99-99.9-9.9-9.9
5294020230310 30.3 17.3-99.999999-99.9-99.9-99.9-99.9-9.9 9916.9 61 14.8 -99-99.9-9.9-9.9
5294020230311 33.9 17.1-99.999999-99.9-99.9-99.9-99.9-9.9 9919.1 56 16.8 -99-99.9-9.9-9.9
5294020230312 33.0 19.8-99.999999-99.9-99.9-99.9-99.9-9.9 9919.3 59 16.8 -99-99.9-9.9-9.9
5294020230313 28.1 17.9-99.999999-99.9-99.9-99.9-99.9-9.9 9919.7 78 17.2 -99-99.9-9.9-9.9
5294020230314 30.6 14.5-99.999999-99.9-99.9-99.9-99.9-9.9 9918.3 68 16.1 -99-99.9-9.9-9.9
5294020230315 33.2 13.5-99.999999-99.9-99.9-99.9-99.9-9.9 9917.1 54 15.0 -99-99.9-9.9-9.9
5294020230316 29.8 14.4-99.999999-99.9-99.9-99.9-99.9-9.9 9919.1 74 16.8 -99-99.9-9.9-9.9
5294020230317 30.7 18.4-99.999999-99.9-99.9-99.9-99.9-9.9 9919.0 64 16.6 -99-99.9-9.9-9.9
5294020230318 27.0 18.2-99.999999-99.9-99.9-99.9-99.9-9.9 9920.2 81 17.6 -99-99.9-9.9-9.9
5294020230319 21.3 15.5-99.999999-99.9-99.9-99.9-99.9-9.9 9918.1 87 15.9 -99-99.9-9.9-9.9
5294020230320 24.8 16.2-99.999999-99.9-99.9-99.9-99.9-9.9 9918.4 85 16.2 -99-99.9-9.9-9.9
5294020230321 30.0 16.6-99.999999-99.9-99.9-99.9-99.9-9.9 9917.6 67 15.5 -99-99.9-9.9-9.9
5294020230322 29.7 17.2-99.999999-99.9-99.9-99.9-99.9-9.9 9917.1 66 15.0 -99-99.9-9.9-9.9
5294020230323 26.6 16.7-99.999999-99.9-99.9-99.9-99.9-9.9 9917.7 72 15.5 -99-99.9-9.9-9.9
5294020230324 29.4 13.4-99.999999-99.9-99.9-99.9-99.9-9.9 9917.5 68 15.3 -99-99.9-9.9-9.9
5294020230325 26.5 13.9-99.999999-99.9-99.9-99.9-99.9-9.9 9914.9 58 12.6 -99-99.9-9.9-9.9
5294020230326 24.6 14.4-99.999999-99.9-99.9-99.9-99.9-9.9 9912.4 59 10.1 -99-99.9-9.9-9.9
5294020230327 29.2  9.9-99.999999-99.9-99.9-99.9-99.9-9.9 9915.0 60 12.9 -99-99.9-9.9-9.9
5294020230328 31.7 10.9-99.999999-99.9-99.9-99.9-99.9-9.9 9916.1 59 14.1 -99-99.9-9.9-9.9
5294020230329 22.3 12.3-99.999999-99.9-99.9-99.9-99.9-9.9 99 9.0 44  4.9 -99-99.9-9.9-9.9
5294020230330 27.9  3.1-99.999999-99.9-99.9-99.9-99.9-9.9 99 8.2 46  4.1 -99-99.9-9.9-9.9
5294020230331 19.7  7.9-99.999999-99.9-99.9-99.9-99.9-9.9 99 6.4 41  0.6 -99-99.9-9.9-9.9
5294020230401 25.9  0.9-99.999999-99.9-99.9-99.9-99.9-9.9 99 7.2 48  2.0 -99-99.9-9.9-9.9
5294020230402 29.4  7.6-99.999999-99.9-99.9-99.9-99.9-9.9 99 9.6 42  6.0 -99-99.9-9.9-9.9
5294020230403 26.0 12.4-99.999999-99.9-99.9-99.9-99.9-9.9 9911.3 48  8.7 -99-99.9-9.9-9.9
5294020230404 27.1 11.3-99.999999-99.9-99.9-99.9-99.9-9.9 9912.5 55 10.2 -99-99.9-9.9-9.9
5294020230405 26.0  9.3-99.999999-99.9-99.9-99.9-99.9-9.9 9913.0 64 10.7 -99-99.9-9.9-9.9
5294020230406 29.4 11.4-99.999999-99.9-99.9-99.9-99.9-9.9 9914.7 69 12.7 -99-99.9-9.9-9.9
5294020230407 27.4 12.5-99.999999-99.9-99.9-99.9-99.9-9.9 9915.9 69 13.9 -99-99.9-9.9-9.9
5294020230408 28.7 11.6-99.999999-99.9-99.9-99.9-99.9-9.9 9915.2 68 13.2 -99-99.9-9.9-9.9
5294020230409 30.1 11.4-99.999999-99.9-99.9-99.9-99.9-9.9 9916.0 67 13.9 -99-99.9-9.9-9.9
5294020230410 25.0 14.0-99.999999-99.9-99.9-99.9-99.9-9.9 9913.1 53 10.8 -99-99.9-9.9-9.9
5294020230411 28.0 11.1-99.999999-99.9-99.9-99.9-99.9-9.9 9913.8 62 11.7 -99-99.9-9.9-9.9
5294020230412 18.6 12.9-99.999999-99.9-99.9-99.9-99.9-9.9 9912.0 70  9.7 -99-99.9-9.9-9.9
5294020230413 15.8  7.9-99.999999-99.9-99.9-99.9-99.9-9.9 9910.9 84  8.2 -99-99.9-9.9-9.9
5294020230414 17.4  9.0-99.999999-99.9-99.9-99.9-99.9-9.9 9911.4 82  8.9 -99-99.9-9.9-9.9
5294020230415 16.0  4.3-99.999999-99.9-99.9-99.9-99.9-9.9 9911.4 82  8.8 -99-99.9-9.9-9.9
5294020230416 19.2  8.0-99.999999-99.9-99.9-99.9-99.9-9.9 9911.2 80  8.6 -99-99.9-9.9-9.9
5294020230417 19.7  2.6-99.999999-99.9-99.9-99.9-99.9-9.9 99 8.0 68  3.6 -99-99.9-9.9-9.9
5294020230418 23.2  0.0-99.999999-99.9-99.9-99.9-99.9-9.9 99 6.8 58  1.3 -99-99.9-9.9-9.9
5294020230419 25.0  4.5-99.999999-99.9-99.9-99.9-99.9-9.9 99 7.5 50  2.8 -99-99.9-9.9-9.9
5294020230420 25.7  4.5-99.999999-99.9-99.9-99.9-99.9-9.9 99 8.1 49  3.9 -99-99.9-9.9-9.9
5294020230421 24.7  8.6-99.999999-99.9-99.9-99.9-99.9-9.9 99 8.3 49  4.3 -99-99.9-9.9-9.9
5294020230422 23.6  7.9-99.999999-99.9-99.9-99.9-99.9-9.9 99 9.4 51  6.0 -99-99.9-9.9-9.9
5294020230423 23.8  8.0-99.999999-99.9-99.9-99.9-99.9-9.9 9910.6 59  7.8 -99-99.9-9.9-9.9
5294020230424 25.2  6.5-99.999999-99.9-99.9-99.9-99.9-9.9 9910.2 63  7.2 -99-99.9-9.9-9.9
5294020230425 27.4  3.8-99.999999-99.9-99.9-99.9-99.9-9.9 99 8.2 46  4.1 -99-99.9-9.9-9.9
5294020230426 27.4  8.3-99.999999-99.9-99.9-99.9-99.9-9.9 99 9.3 48  5.9 -99-99.9-9.9-9.9
5294020230427 27.1  6.6-99.999999-99.9-99.9-99.9-99.9-9.9 9910.5 59  7.6 -99-99.9-9.9-9.9
5294020230428 26.5  7.5-99.999999-99.9-99.9-99.9-99.9-9.9 99-9.9-99-99.9 -99-99.9-9.9-9.9
5294020230429-99.9-99.9-99.999999-99.9-99.9-99.9-99.9-9.9 99-9.9-99-99.9 -99-99.9-9.9-9.9
5294020230430 17.0 10.6-99.999999-99.9-99.9-99.9-99.9-9.9 99 8.5 58  4.6 -99-99.9-9.9-9.9
5294020230501 18.0 -0.8-99.999999-99.9-99.9-99.9-99.9-9.9 99 5.9 57 -0.6 -99-99.9-9.9-9.9
5294020230502 19.3 -0.6-99.999999-99.9-99.9-99.9-99.9-9.9 99 5.5 50 -1.6 -99-99.9-9.9-9.9
5294020230503 20.3  0.2-99.999999-99.9-99.9-99.9-99.9-9.9 99 5.6 52 -1.1 -99-99.9-9.9-9.9
5294020230504 22.6  0.4-99.999999-99.9-99.9-99.9-99.9-9.9 99 5.3 45 -2.1 -99-99.9-9.9-9.9
5294020230505 23.0  3.5-99.999999-99.9-99.9-99.9-99.9-9.9 99 6.4 45  0.3 -99-99.9-9.9-9.9
5294020230506 20.6  4.0-99.999999-99.9-99.9-99.9-99.9-9.9 99 8.5 68  4.6 -99-99.9-9.9-9.9
5294020230507 24.1  2.7-99.999999-99.9-99.9-99.9-99.9-9.9 99 6.4 47  0.6 -99-99.9-9.9-9.9
5294020230508 20.7  0.4-99.999999-99.9-99.9-99.9-99.9-9.9 99 7.0 63  1.9 -99-99.9-9.9-9.9
5294020230509 25.3  2.1-99.999999-99.9-99.9-99.9-99.9-9.9 99 7.0 47  1.6 -99-99.9-9.9-9.9
5294020230510 20.1  2.8-99.999999-99.9-99.9-99.9-99.9-9.9 99 7.4 56  2.4 -99-99.9-9.9-9.9
5294020230511 23.9  5.1-99.999999-99.9-99.9-99.9-99.9-9.9 99 9.1 62  5.5 -99-99.9-9.9-9.9
5294020230512 26.7  5.0-99.999999-99.9-99.9-99.9-99.9-9.9 99 8.8 58  5.1 -99-99.9-9.9-9.9
5294020230513 25.6  5.5-99.999999-99.9-99.9-99.9-99.9-9.9 99 9.5 65  6.1 -99-99.9-9.9-9.9
5294020230514 28.2  4.1-99.999999-99.9-99.9-99.9-99.9-9.9 99 8.3 45  4.0 -99-99.9-9.9-9.9
5294020230515 27.9  5.5-99.999999-99.9-99.9-99.9-99.9-9.9 9910.1 55  7.0 -99-99.9-9.9-9.9
5294020230516 24.2  6.2-99.999999-99.9-99.9-99.9-99.9-9.9 9910.2 60  7.2 -99-99.9-9.9-9.9
5294020230517 19.9  8.7-99.999999-99.9-99.9-99.9-99.9-9.9 9910.4 75  7.5 -99-99.9-9.9-9.9
5294020230518 19.2  4.4-99.999999-99.9-99.9-99.9-99.9-9.9 99 7.8 66  3.2 -99-99.9-9.9-9.9
5294020230519 22.1  1.6-99.999999-99.9-99.9-99.9-99.9-9.9 99 6.5 54  0.9 -99-99.9-9.9-9.9
5294020230520 18.1  1.3-99.999999-99.9-99.9-99.9-99.9-9.9 99 6.7 62  1.1 -99-99.9-9.9-9.9
5294020230521 19.7  0.2-99.999999-99.9-99.9-99.9-99.9-9.9 99 8.6 68  4.6 -99-99.9-9.9-9.9
5294020230522 19.3  8.7-99.999999-99.9-99.9-99.9-99.9-9.9 9910.1 70  7.1 -99-99.9-9.9-9.9
5294020230523 17.8  6.6-99.999999-99.9-99.9-99.9-99.9-9.9 99 9.9 66  6.5 -99-99.9-9.9-9.9
5294020230524 22.2  6.6-99.999999-99.9-99.9-99.9-99.9-9.9 9910.6 72  7.6 -99-99.9-9.9-9.9
5294020230525 22.4  5.7-99.999999-99.9-99.9-99.9-99.9-9.9 99 9.7 67  6.1 -99-99.9-9.9-9.9
5294020230526 21.2  4.6-99.999999-99.9-99.9-99.9-99.9-9.9 99 9.7 68  6.4 -99-99.9-9.9-9.9
5294020230527 11.2  3.0-99.999999-99.9-99.9-99.9-99.9-9.9 99 7.0 80  1.8 -99-99.9-9.9-9.9
5294020230528 14.3 -3.3-99.999999-99.9-99.9-99.9-99.9-9.9 99 6.4 71  0.5 -99-99.9-9.9-9.9
5294020230529 21.9  2.3-99.999999-99.9-99.9-99.9-99.9-9.9 99 7.0 61  1.8 -99-99.9-9.9-9.9
5294020230530 19.8  2.1-99.999999-99.9-99.9-99.9-99.9-9.9 99 7.5 70  2.9 -99-99.9-9.9-9.9
5294020230531 25.6  1.1-99.999999-99.9-99.9-99.9-99.9-9.9 99 6.7 57  1.3 -99-99.9-9.9-9.9
5294020230601 18.6  2.2-99.999999-99.9-99.9-99.9-99.9-9.9 99 9.0 81  5.2 -99-99.9-9.9-9.9
5294020230602 26.7  3.8-99.999999-99.9-99.9-99.9-99.9-9.9 99 9.8 69  6.6 -99-99.9-9.9-9.9
5294020230603 21.0  5.9-99.999999-99.9-99.9-99.9-99.9-9.9 99 9.9 74  6.8 -99-99.9-9.9-9.9
5294020230604 14.9  6.3-99.999999-99.9-99.9-99.9-99.9-9.9 99 8.0 60  3.7 -99-99.9-9.9-9.9
5294020230605 19.3  2.6-99.999999-99.9-99.9-99.9-99.9-9.9 99 7.5 72  2.9 -99-99.9-9.9-9.9
5294020230606 22.0  2.3-99.999999-99.9-99.9-99.9-99.9-9.9 99 8.4 67  4.4 -99-99.9-9.9-9.9
5294020230607 18.9  3.3-99.999999-99.9-99.9-99.9-99.9-9.9 99 9.2 77  5.6 -99-99.9-9.9-9.9
5294020230608 21.3  1.7-99.999999-99.9-99.9-99.9-99.9-9.9 99 9.7 73  6.3 -99-99.9-9.9-9.9
5294020230609 20.4  7.1-99.999999-99.9-99.9-99.9-99.9-9.9 99 8.3 84  4.2 -99-99.9-9.9-9.9
5294020230610 10.0 -0.5-99.999999-99.9-99.9-99.9-99.9-9.9 99 5.8 62 -1.7 -99-99.9-9.9-9.9
5294020230611 11.0 -9.3-99.999999-99.9-99.9-99.9-99.9-9.9 99 4.0 69 -6.0 -99-99.9-9.9-9.9
5294020230612 11.2 -7.0-99.999999-99.9-99.9-99.9-99.9-9.9 99 3.3 57 -8.3 -99-99.9-9.9-9.9
5294020230613 12.6 -8.8-99.999999-99.9-99.9-99.9-99.9-9.9 99 3.3 57 -8.2 -99-99.9-9.9-9.9
5294020230614 18.6 -7.0-99.999999-99.9-99.9-99.9-99.9-9.9 99 3.4 37 -8.1 -99-99.9-9.9-9.9
5294020230615 22.0  0.1-99.999999-99.9-99.9-99.9-99.9-9.9 99 3.1 34 -9.0 -99-99.9-9.9-9.9
5294020230616 12.8 -2.0-99.999999-99.9-99.9-99.9-99.9-9.9 99 4.8 59 -4.0 -99-99.9-9.9-9.9
5294020230617  4.4 -1.6-99.999999-99.9-99.9-99.9-99.9-9.9 99 6.4 92  0.5 -99-99.9-9.9-9.9
5294020230618  9.8 -7.4-99.999999-99.9-99.9-99.9-99.9-9.9 99 5.5 85 -1.7 -99-99.9-9.9-9.9
5294020230619 11.2 -2.1-99.999999-99.9-99.9-99.9-99.9-9.9 99 7.1 80  2.0 -99-99.9-9.9-9.9
5294020230620  8.0  2.6-99.999999-99.9-99.9-99.9-99.9-9.9 99 7.4 87  2.5 -99-99.9-9.9-9.9
5294020230621 14.5 -3.5-99.999999-99.9-99.9-99.9-99.9-9.9 99 6.7 80  1.2 -99-99.9-9.9-9.9
5294020230622 12.4 -0.3-99.999999-99.9-99.9-99.9-99.9-9.9 99 8.2 86  3.9 -99-99.9-9.9-9.9
5294020230623 24.6  5.6-99.999999-99.9-99.9-99.9-99.9-9.9 99 9.3 38  5.9 -99-99.9-9.9-9.9
5294020230624 28.2  9.6-99.999999-99.9-99.9-99.9-99.9-9.9 99 8.4 47  4.3 -99-99.9-9.9-9.9
5294020230625 22.0  0.4-99.999999-99.9-99.9-99.9-99.9-9.9 99 7.5 53  2.8 -99-99.9-9.9-9.9
5294020230626 18.9  8.7-99.999999-99.9-99.9-99.9-99.9-9.9 99 7.4 69  2.3 -99-99.9-9.9-9.9
5294020230627 16.1  0.4-99.999999-99.9-99.9-99.9-99.9-9.9 99 6.1 62 -0.3 -99-99.9-9.9-9.9
5294020230628 14.8 -4.6-99.999999-99.9-99.9-99.9-99.9-9.9 99 4.4 60 -4.4 -99-99.9-9.9-9.9
5294020230629 17.8 -1.5-99.999999-99.9-99.9-99.9-99.9-9.9 99 4.9 52 -3.0 -99-99.9-9.9-9.9
5294020230630 19.3 -2.0-99.999999-99.9-99.9-99.9-99.9-9.9 99 5.4 60 -1.7 -99-99.9-9.9-9.9
5294020230701 18.1 -1.4-99.999999-99.9-99.9-99.9-99.9-9.9 99 6.1 67 -0.2 -99-99.9-9.9-9.9
5294020230702 24.4  0.0-99.999999-99.9-99.9-99.9-99.9-9.9 99 7.1 59  2.1 -99-99.9-9.9-9.9
5294020230703 20.7  3.3-99.999999-99.9-99.9-99.9-99.9-9.9 99 9.7 77  6.3 -99-99.9-9.9-9.9
5294020230704 25.1  3.8-99.999999-99.9-99.9-99.9-99.9-9.9 99 8.6 65  4.3 -99-99.9-9.9-9.9
5294020230705 16.3  6.1-99.999999-99.9-99.9-99.9-99.9-9.9 99 8.0 63  3.7 -99-99.9-9.9-9.9
5294020230706 13.6 -0.6-99.999999-99.9-99.9-99.9-99.9-9.9 99 6.4 71  0.6 -99-99.9-9.9-9.9
5294020230707 16.3 -1.3-99.999999-99.9-99.9-99.9-99.9-9.9 99 6.2 69  0.1 -99-99.9-9.9-9.9
5294020230708 15.8 -4.0-99.999999-99.9-99.9-99.9-99.9-9.9 99 5.7 70 -1.1 -99-99.9-9.9-9.9
5294020230709 16.0  0.5-99.999999-99.9-99.9-99.9-99.9-9.9 99 7.4 71  2.5 -99-99.9-9.9-9.9
5294020230710 10.5  2.8-99.999999-99.9-99.9-99.9-99.9-9.9 99 9.0 92  5.4 -99-99.9-9.9-9.9
5294020230711  7.2  2.6-99.999999-99.9-99.9-99.9-99.9-9.9 99 7.4 89  2.6 -99-99.9-9.9-9.9
5294020230712 11.3  1.5-99.999999-99.9-99.9-99.9-99.9-9.9 99 6.9 80  1.7 -99-99.9-9.9-9.9
5294020230713 10.9 -0.2-99.999999-99.9-99.9-99.9-99.9-9.9 99 6.7 81  1.1 -99-99.9-9.9-9.9
5294020230714 14.7 -3.6-99.999999-99.9-99.9-99.9-99.9-9.9 99 5.9 74 -0.7 -99-99.9-9.9-9.9
5294020230715 14.3 -3.2-99.999999-99.9-99.9-99.9-99.9-9.9 99 6.0 62 -0.3 -99-99.9-9.9-9.9
5294020230716 11.8  3.4-99.999999-99.9-99.9-99.9-99.9-9.9 99 5.0 51 -2.9 -99-99.9-9.9-9.9
5294020230717 10.6 -6.4-99.999999-99.9-99.9-99.9-99.9-9.9 99 4.1 65 -5.4 -99-99.9-9.9-9.9
5294020230718 13.6 -5.2-99.999999-99.9-99.9-99.9-99.9-9.9 99 4.7 67 -3.6 -99-99.9-9.9-9.9
5294020230719 14.0 -3.3-99.999999-99.9-99.9-99.9-99.9-9.9 99 5.8 72 -0.7 -99-99.9-9.9-9.9
5294020230720 15.5 -3.6-99.999999-99.9-99.9-99.9-99.9-9.9 99 6.7 71  1.0 -99-99.9-9.9-9.9
5294020230721 24.9  6.0-99.999999-99.9-99.9-99.9-99.9-9.9 99 5.4 20 -2.0 -99-99.9-9.9-9.9
5294020230722 14.7  5.5-99.999999-99.9-99.9-99.9-99.9-9.9 99 6.6 55  1.0 -99-99.9-9.9-9.9
5294020230723 14.2  2.6-99.999999-99.9-99.9-99.9-99.9-9.9 99 5.6 57 -1.3 -99-99.9-9.9-9.9
5294020230724 15.4 -3.2-99.999999-99.9-99.9-99.9-99.9-9.9 99 5.2 64 -2.3 -99-99.9-9.9-9.9
5294020230725 20.0 -3.3-99.999999-99.9-99.9-99.9-99.9-9.9 99 5.6 64 -1.4 -99-99.9-9.9-9.9
5294020230726 16.8 -1.5-99.999999-99.9-99.9-99.9-99.9-9.9 99 5.1 58 -2.5 -99-99.9-9.9-9.9
5294020230727 18.0 -1.8-99.999999-99.9-99.9-99.9-99.9-9.9 99 5.2 55 -2.3 -99-99.9-9.9-9.9
5294020230728 17.3 -1.3-99.999999-99.9-99.9-99.9-99.9-9.9 99 5.5 56 -1.6 -99-99.9-9.9-9.9
5294020230729 22.9  3.3-99.999999-99.9-99.9-99.9-99.9-9.9 99 6.9 55  1.7 -99-99.9-9.9-9.9
5294020230730 28.4  3.6-99.999999-99.9-99.9-99.9-99.9-9.9 99 5.7 35 -1.0 -99-99.9-9.9-9.9
5294020230731 24.1  2.2-99.999999-99.9-99.9-99.9-99.9-9.9 99 7.2 63  2.2 -99-99.9-9.9-9.9
5294020230801 30.3  1.2-99.999999-99.9-99.9-99.9-99.9-9.9 99 6.5 37  0.4 -99-99.9-9.9-9.9
5294020230802 24.3  7.7-99.999999-99.9-99.9-99.9-99.9-9.9 99 9.1 59  5.3 -99-99.9-9.9-9.9
5294020230803 18.4  6.2-99.999999-99.9-99.9-99.9-99.9-9.9 99 6.4 52  0.6 -99-99.9-9.9-9.9
5294020230804 19.3 -0.4-99.999999-99.9-99.9-99.9-99.9-9.9 99 5.6 53 -1.3 -99-99.9-9.9-9.9
5294020230805 21.4 -0.9-99.999999-99.9-99.9-99.9-99.9-9.9 99 5.7 55 -1.0 -99-99.9-9.9-9.9
5294020230806 20.2  4.0-99.999999-99.9-99.9-99.9-99.9-9.9 99 5.2 40 -2.6 -99-99.9-9.9-9.9
5294020230807 18.3 -2.8-99.999999-99.9-99.9-99.9-99.9-9.9 99 3.6 37 -7.1 -99-99.9-9.9-9.9
5294020230808 21.8  2.3-99.999999-99.9-99.9-99.9-99.9-9.9 99 3.8 34 -6.3 -99-99.9-9.9-9.9
5294020230809 20.5 -1.0-99.999999-99.9-99.9-99.9-99.9-9.9 99 4.4 40 -4.6 -99-99.9-9.9-9.9
5294020230810 20.0  1.9-99.999999-99.9-99.9-99.9-99.9-9.9 99 5.5 36 -1.5 -99-99.9-9.9-9.9
5294020230811 14.9  0.1-99.999999-99.9-99.9-99.9-99.9-9.9 99 4.5 54 -4.0 -99-99.9-9.9-9.9
5294020230812 13.4 -3.4-99.999999-99.9-99.9-99.9-99.9-9.9 99 4.1 54 -5.4 -99-99.9-9.9-9.9
5294020230813 22.2 -2.8-99.999999-99.9-99.9-99.9-99.9-9.9 99 4.2 41 -5.0 -99-99.9-9.9-9.9
5294020230814 28.6  2.5-99.999999-99.9-99.9-99.9-99.9-9.9 99 4.4 29 -4.5 -99-99.9-9.9-9.9
5294020230815 30.4  3.7-99.999999-99.9-99.9-99.9-99.9-9.9 99 4.1 24 -5.4 -99-99.9-9.9-9.9
5294020230816 21.2  7.2-99.999999-99.9-99.9-99.9-99.9-9.9 99 7.1 51  1.9 -99-99.9-9.9-9.9
5294020230817 16.3 -0.1-99.999999-99.9-99.9-99.9-99.9-9.9 99 7.4 70  2.6 -99-99.9-9.9-9.9
5294020230818 14.8 -0.3-99.999999-99.9-99.9-99.9-99.9-9.9 99 6.3 63  0.3 -99-99.9-9.9-9.9
5294020230819 19.4 -1.5-99.999999-99.9-99.9-99.9-99.9-9.9 99 6.6 57  1.0 -99-99.9-9.9-9.9
5294020230820 15.5  2.7-99.999999-99.9-99.9-99.9-99.9-9.9 99 7.4 63  2.7 -99-99.9-9.9-9.9
5294020230821 17.6  9.7-99.999999-99.9-99.9-99.9-99.9-9.9 99 7.4 43  2.7 -99-99.9-9.9-9.9
5294020230822 15.3  0.6-99.999999-99.9-99.9-99.9-99.9-9.9 99 7.7100  3.2 -99-99.9-9.9-9.9
5294020230823  2.9  0.3-99.999999-99.9-99.9-99.9-99.9-9.9 99 7.0100  1.8 -99-99.9-9.9-9.9
5294020230824 10.6  1.9-99.999999-99.9-99.9-99.9-99.9-9.9 99 7.4 82  2.7 -99-99.9-9.9-9.9
5294020230825 11.3  2.9-99.999999-99.9-99.9-99.9-99.9-9.9 99 7.2 73  2.2 -99-99.9-9.9-9.9
5294020230826 13.6  0.9-99.999999-99.9-99.9-99.9-99.9-9.9 99 7.2 69  2.2 -99-99.9-9.9-9.9
5294020230827 15.3 -0.1-99.999999-99.9-99.9-99.9-99.9-9.9 99 7.1 72  2.0 -99-99.9-9.9-9.9
5294020230828 22.3  0.4-99.999999-99.9-99.9-99.9-99.9-9.9 99 7.5 66  2.9 -99-99.9-9.9-9.9
5294020230829 20.2 -0.1-99.999999-99.9-99.9-99.9-99.9-9.9 99 6.9 61  1.7 -99-99.9-9.9-9.9
5294020230830 24.3  4.1-99.999999-99.9-99.9-99.9-99.9-9.9 99 5.7 26 -1.1 -99-99.9-9.9-9.9
5294020230831 18.2 -0.8-99.999999-99.9-99.9-99.9-99.9-9.9 99 6.2 61  0.1 -99-99.9-9.9-9.9
5294020230901 25.1  2.3-99.999999-99.9-99.9-99.9-99.9-9.9 99 6.9 46  1.7 -99-99.9-9.9-9.9
5294020230902 15.3  5.9-99.999999-99.9-99.9-99.9-99.9-9.9 99 4.8 44 -3.3 -99-99.9-9.9-9.9
5294020230903 19.3 -2.1-99.999999-99.9-99.9-99.9-99.9-9.9 99 6.3 56  0.1 -99-99.9-9.9-9.9
5294020230904  9.8  4.3-99.999999-99.9-99.9-99.9-99.9-9.9 99 8.4 98  4.5 -99-99.9-9.9-9.9
5294020230905 13.0  1.0-99.999999-99.9-99.9-99.9-99.9-9.9 99 8.1 80  4.0 -99-99.9-9.9-9.9
5294020230906 19.4  5.8-99.999999-99.9-99.9-99.9-99.9-9.9 99 9.4 64  6.0 -99-99.9-9.9-9.9
5294020230907 13.4  6.9-99.999999-99.9-99.9-99.9-99.9-9.9 99 9.4 75  6.0 -99-99.9-9.9-9.9
5294020230908 17.7  2.2-99.999999-99.9-99.9-99.9-99.9-9.9 99 7.7 64  3.2 -99-99.9-9.9-9.9
5294020230909 16.0  1.1-99.999999-99.9-99.9-99.9-99.9-9.9 99 7.3 58  2.5 -99-99.9-9.9-9.9
5294020230910 16.6  5.4-99.999999-99.9-99.9-99.9-99.9-9.9 99 8.1 56  3.9 -99-99.9-9.9-9.9
5294020230911 23.2 10.2-99.999999-99.9-99.9-99.9-99.9-9.9 99 4.7 24 -4.5 -99-99.9-9.9-9.9
5294020230912 15.8 -2.2-99.999999-99.9-99.9-99.9-99.9-9.9 99 4.4 46 -4.4 -99-99.9-9.9-9.9
5294020230913 17.3 -0.4-99.999999-99.9-99.9-99.9-99.9-9.9 99 5.1 44 -2.5 -99-99.9-9.9-9.9
5294020230914 23.8  0.9-99.999999-99.9-99.9-99.9-99.9-9.9 99 5.5 44 -1.6 -99-99.9-9.9-9.9
5294020230915 30.8  2.6-99.999999-99.9-99.9-99.9-99.9-9.9 99 6.1 36 -0.1 -99-99.9-9.9-9.9
5294020230916 30.1  9.8-99.999999-99.9-99.9-99.9-99.9-9.9 99 5.5 26 -2.1 -99-99.9-9.9-9.9
5294020230917 15.7  5.3-99.999999-99.9-99.9-99.9-99.9-9.9 99 6.6 49  0.9 -99-99.9-9.9-9.9
5294020230918 14.3  4.6-99.999999-99.9-99.9-99.9-99.9-9.9 99 5.7 52 -0.9 -99-99.9-9.9-9.9
5294020230919 19.6  0.6-99.999999-99.9-99.9-99.9-99.9-9.9 99 5.6 46 -1.2 -99-99.9-9.9-9.9
5294020230920 22.4  2.5-99.999999-99.9-99.9-99.9-99.9-9.9 99 6.5 44  0.9 -99-99.9-9.9-9.9
5294020230921 20.4  8.3-99.999999-99.9-99.9-99.9-99.9-9.9 99 9.0 49  5.4 -99-99.9-9.9-9.9
5294020230922 20.8  9.9-99.999999-99.9-99.9-99.9-99.9-9.9 9910.7 62  7.9 -99-99.9-9.9-9.9
5294020230923 16.2 11.4-99.999999-99.9-99.9-99.9-99.9-9.9 9913.8 90 11.8 -99-99.9-9.9-9.9
5294020230924 16.7  9.7-99.999999-99.9-99.9-99.9-99.9-9.9 9911.2 77  8.6 -99-99.9-9.9-9.9
5294020230925 17.9  8.3-99.999999-99.9-99.9-99.9-99.9-9.9 9910.5 75  7.7 -99-99.9-9.9-9.9
5294020230926 17.5  6.5-99.999999-99.9-99.9-99.9-99.9-9.9 99 8.4 71  4.4 -99-99.9-9.9-9.9
5294020230927 23.3 -0.4-99.999999-99.9-99.9-99.9-99.9-9.9 99 6.7 49  1.2 -99-99.9-9.9-9.9
5294020230928 20.0  4.8-99.999999-99.9-99.9-99.9-99.9-9.9 99 5.8 34 -0.9 -99-99.9-9.9-9.9
5294020230929 17.6  6.6-99.999999-99.9-99.9-99.9-99.9-9.9 99 5.2 36 -2.3 -99-99.9-9.9-9.9
5294020230930 21.0  0.7-99.999999-99.9-99.9-99.9-99.9-9.9 99 5.4 39 -1.6 -99-99.9-9.9-9.9
5294020231001 26.3  1.5-99.999999-99.9-99.9-99.9-99.9-9.9 99 6.7 36  1.0 -99-99.9-9.9-9.9
5294020231002 23.0  6.9-99.999999-99.9-99.9-99.9-99.9-9.9 99 7.5 37  2.6 -99-99.9-9.9-9.9
5294020231003 17.5  8.6-99.999999-99.9-99.9-99.9-99.9-9.9 99 8.3 60  4.3 -99-99.9-9.9-9.9
5294020231004 17.3  6.9-99.999999-99.9-99.9-99.9-99.9-9.9 99 9.3 75  5.9 -99-99.9-9.9-9.9
5294020231005 24.6  1.9-99.999999-99.9-99.9-99.9-99.9-9.9 99 6.4 38  0.4 -99-99.9-9.9-9.9
5294020231006 24.4  1.7-99.999999-99.9-99.9-99.9-99.9-9.9 99 4.0 16 -6.1 -99-99.9-9.9-9.9
5294020231007 23.6 -0.9-99.999999-99.9-99.9-99.9-99.9-9.9 99 4.9 31 -3.0 -99-99.9-9.9-9.9
5294020231008 27.6  5.9-99.999999-99.9-99.9-99.9-99.9-9.9 99 5.6 24 -1.2 -99-99.9-9.9-9.9
5294020231009 28.6  7.6-99.999999-99.9-99.9-99.9-99.9-9.9 99 6.0 31 -0.4 -99-99.9-9.9-9.9
5294020231010 25.8  8.1-99.999999-99.9-99.9-99.9-99.9-9.9 99 4.7 21 -3.8 -99-99.9-9.9-9.9
5294020231011 16.5  4.6-99.999999-99.9-99.9-99.9-99.9-9.9 99 5.4 51 -1.8 -99-99.9-9.9-9.9
5294020231012 20.4 -1.3-99.999999-99.9-99.9-99.9-99.9-9.9 99 5.3 37 -2.0 -99-99.9-9.9-9.9
5294020231013 23.3  1.9-99.999999-99.9-99.9-99.9-99.9-9.9 99 6.2 38 -0.0 -99-99.9-9.9-9.9
5294020231014 27.4  4.4-99.999999-99.9-99.9-99.9-99.9-9.9 99 6.5 32  0.8 -99-99.9-9.9-9.9
5294020231015 28.4  6.9-99.999999-99.9-99.9-99.9-99.9-9.9 99 6.4 28  0.5 -99-99.9-9.9-9.9
5294020231016 23.8  2.4-99.999999-99.9-99.9-99.9-99.9-9.9 99 4.7 25 -3.6 -99-99.9-9.9-9.9
5294020231017 23.6  4.3-99.999999-99.9-99.9-99.9-99.9-9.9 99 6.3 36  0.3 -99-99.9-9.9-9.9
5294020231018 21.0  7.0-99.999999-99.9-99.9-99.9-99.9-9.9 99 7.3 51  2.2 -99-99.9-9.9-9.9
5294020231019 26.2  2.3-99.999999-99.9-99.9-99.9-99.9-9.9 99 7.9 38  3.6 -99-99.9-9.9-9.9
5294020231020 31.4  8.4-99.999999-99.9-99.9-99.9-99.9-9.9 99 9.8 37  6.6 -99-99.9-9.9-9.9
5294020231021 30.5 14.9-99.999999-99.9-99.9-99.9-99.9-9.9 9913.1 43 10.9 -99-99.9-9.9-9.9
5294020231022 23.3 12.9-99.999999-99.9-99.9-99.9-99.9-9.9 9915.0 78 13.0 -99-99.9-9.9-9.9
5294020231023 22.5 11.4-99.999999-99.9-99.9-99.9-99.9-9.9 9914.8 82 12.8 -99-99.9-9.9-9.9
5294020231024 18.2 11.0-99.999999-99.9-99.9-99.9-99.9-9.9 9914.4 88 12.4 -99-99.9-9.9-9.9
5294020231025 19.2 11.2-99.999999-99.9-99.9-99.9-99.9-9.9 9914.0 86 11.9 -99-99.9-9.9-9.9
5294020231026 26.3  7.2-99.999999-99.9-99.9-99.9-99.9-9.9 9911.2 50  8.5 -99-99.9-9.9-9.9
5294020231027 27.7  6.3-99.999999-99.9-99.9-99.9-99.9-9.9 99 8.1 31  2.6 -99-99.9-9.9-9.9
5294020231028 29.5  7.7-99.999999-99.9-99.9-99.9-99.9-9.9 99 7.0 26  1.7 -99-99.9-9.9-9.9
5294020231029 25.3  8.2-99.999999-99.9-99.9-99.9-99.9-9.9 99 6.4 25  0.6 -99-99.9-9.9-9.9
5294020231030 21.9  4.1-99.999999-99.9-99.9-99.9-99.9-9.9 99 6.4 58  0.6 -99-99.9-9.9-9.9
5294020231031 20.7  1.2-99.999999-99.9-99.9-99.9-99.9-9.9 99 6.5 37  0.4 -99-99.9-9.9-9.9
5294020231101 15.4  6.4-99.999999-99.9-99.9-99.9-99.9-9.9 99 9.9 82  6.8 -99-99.9-9.9-9.9
5294020231102 13.2  2.9-99.999999-99.9-99.9-99.9-99.9-9.9 99 8.8 81  5.0 -99-99.9-9.9-9.9
5294020231103 22.5  0.0-99.999999-99.9-99.9-99.9-99.9-9.9 99 7.8 51  3.3 -99-99.9-9.9-9.9
5294020231104 26.6  4.0-99.999999-99.9-99.9-99.9-99.9-9.9 99 8.6 41  4.6 -99-99.9-9.9-9.9
5294020231105 31.0  6.4-99.999999-99.9-99.9-99.9-99.9-9.9 99 9.3 37  5.9 -99-99.9-9.9-9.9
5294020231106 32.6 10.4-99.999999-99.9-99.9-99.9-99.9-9.9 9910.0 34  6.9 -99-99.9-9.9-9.9
5294020231107 32.5 14.5-99.999999-99.9-99.9-99.9-99.9-9.9 99 7.8 23  2.9 -99-99.9-9.9-9.9
5294020231108 25.1  5.4-99.999999-99.9-99.9-99.9-99.9-9.9 99 6.5 36  0.7 -99-99.9-9.9-9.9
5294020231109 28.0  5.2-99.999999-99.9-99.9-99.9-99.9-9.9 99 7.6 29  2.9 -99-99.9-9.9-9.9
5294020231110 30.2 12.9-99.999999-99.9-99.9-99.9-99.9-9.9 99 8.7 32  4.2 -99-99.9-9.9-9.9
5294020231111 28.2  6.3-99.999999-99.9-99.9-99.9-99.9-9.9 99 8.1 33  3.0 -99-99.9-9.9-9.9
5294020231112 20.1  5.5-99.999999-99.9-99.9-99.9-99.9-9.9 99 5.4 37 -1.9 -99-99.9-9.9-9.9
5294020231113 24.3  1.2-99.999999-99.9-99.9-99.9-99.9-9.9 99 5.6 28 -1.2 -99-99.9-9.9-9.9
5294020231114 28.9  5.8-99.999999-99.9-99.9-99.9-99.9-9.9 99 6.0 22 -0.3 -99-99.9-9.9-9.9
5294020231115 28.4  6.3-99.999999-99.9-99.9-99.9-99.9-9.9 99 5.3 24 -2.5 -99-99.9-9.9-9.9
5294020231116 27.7  4.3-99.999999-99.9-99.9-99.9-99.9-9.9 99 5.6 24 -1.6 -99-99.9-9.9-9.9
5294020231117 26.1  8.5-99.999999-99.9-99.9-99.9-99.9-9.9 99 3.9 17 -6.4 -99-99.9-9.9-9.9
5294020231118 24.1 10.0-99.999999-99.9-99.9-99.9-99.9-9.9 99 5.3 29 -2.1 -99-99.9-9.9-9.9
5294020231119 30.7  5.3-99.999999-99.9-99.9-99.9-99.9-9.9 99 6.9 24  1.5 -99-99.9-9.9-9.9
5294020231120 34.9 11.5-99.999999-99.9-99.9-99.9-99.9-9.9 99 9.5 31  6.1 -99-99.9-9.9-9.9
5294020231121 31.7 11.9-99.999999-99.9-99.9-99.9-99.9-9.9 99 6.8 25  1.2 -99-99.9-9.9-9.9
5294020231122 28.5  8.7-99.999999-99.9-99.9-99.9-99.9-9.9 99 7.7 29  3.2 -99-99.9-9.9-9.9
5294020231123 27.6 12.9-99.999999-99.9-99.9-99.9-99.9-9.9 99 6.9 29  1.5 -99-99.9-9.9-9.9
5294020231124 29.6 13.1-99.999999-99.9-99.9-99.9-99.9-9.9 9912.0 42  9.5 -99-99.9-9.9-9.9
5294020231125 32.8 11.9-99.999999-99.9-99.9-99.9-99.9-9.9 9913.4 42 11.2 -99-99.9-9.9-9.9
5294020231126 33.4 11.2-99.999999-99.9-99.9-99.9-99.9-9.9 9911.3 31  8.8 -99-99.9-9.9-9.9
5294020231127 34.8 14.3-99.999999-99.9-99.9-99.9-99.9-9.9 9913.1 35 10.8 -99-99.9-9.9-9.9
5294020231128 29.0 14.9-99.999999-99.9-99.9-99.9-99.9-9.9 9917.5 63 15.3 -99-99.9-9.9-9.9
5294020231129 26.5 11.6-99.999999-99.9-99.9-99.9-99.9-9.9 9911.6 44  8.9 -99-99.9-9.9-9.9
5294020231130 31.2 11.2-99.999999-99.9-99.9-99.9-99.9-9.9 9911.8 39  9.4 -99-99.9-9.9-9.9
5294020231201 29.6 16.8-99.999999-99.9-99.9-99.9-99.9-9.9 9910.5 32  7.4 -99-99.9-9.9-9.9
5294020231202 27.3 14.9-99.999999-99.9-99.9-99.9-99.9-9.9 99 9.1 31  5.2 -99-99.9-9.9-9.9
5294020231203 22.4  8.4-99.999999-99.9-99.9-99.9-99.9-9.9 99 4.9 26 -3.2 -99-99.9-9.9-9.9
5294020231204 25.7  5.0-99.999999-99.9-99.9-99.9-99.9-9.9 99 6.7 29  1.3 -99-99.9-9.9-9.9
5294020231205 28.4 10.0-99.999999-99.9-99.9-99.9-99.9-9.9 9911.4 45  8.7 -99-99.9-9.9-9.9
5294020231206 27.3  9.5-99.999999-99.9-99.9-99.9-99.9-9.9 9912.0 54  9.5 -99-99.9-9.9-9.9
5294020231207 30.1 10.3-99.999999-99.9-99.9-99.9-99.9-9.9 9910.4 34  7.5 -99-99.9-9.9-9.9
5294020231208 31.9 14.5-99.999999-99.9-99.9-99.9-99.9-9.9 9912.4 41 10.1 -99-99.9-9.9-9.9
5294020231209 28.7 13.9-99.999999-99.9-99.9-99.9-99.9-9.9 9913.9 49 11.9 -99-99.9-9.9-9.9
5294020231210 29.8 12.3-99.999999-99.9-99.9-99.9-99.9-9.9 9914.3 49 12.2 -99-99.9-9.9-9.9
5294020231211 35.4 13.6-99.999999-99.9-99.9-99.9-99.9-9.9 9913.3 34 11.2 -99-99.9-9.9-9.9
5294020231212 32.5 16.9-99.999999-99.9-99.9-99.9-99.9-9.9 9912.2 32  9.8 -99-99.9-9.9-9.9
5294020231213 31.3 12.4-99.999999-99.9-99.9-99.9-99.9-9.9 99 8.9 24  5.2 -99-99.9-9.9-9.9
5294020231214 37.0 13.7-99.999999-99.9-99.9-99.9-99.9-9.9 9912.5 28  9.7 -99-99.9-9.9-9.9
5294020231215 32.5 15.7-99.999999-99.9-99.9-99.9-99.9-9.9 9915.4 38 13.2 -99-99.9-9.9-9.9
5294020231216 39.1 18.6-99.999999-99.9-99.9-99.9-99.9-9.9 9916.1 42 12.8 -99-99.9-9.9-9.9
5294020231217 29.1 14.5-99.999999-99.9-99.9-99.9-99.9-9.9 9910.1 32  7.0 -99-99.9-9.9-9.9
5294020231218 23.4 13.7-99.999999-99.9-99.9-99.9-99.9-9.9 99 7.0 34  1.6 -99-99.9-9.9-9.9
5294020231219 18.0  9.4-99.999999-99.9-99.9-99.9-99.9-9.9 9910.9 75  8.3 -99-99.9-9.9-9.9
5294020231220 24.0  6.6-99.999999-99.9-99.9-99.9-99.9-9.9 9910.8 55  8.1 -99-99.9-9.9-9.9
5294020231221 28.9  7.8-99.999999-99.9-99.9-99.9-99.9-9.9 9912.4 49 10.1 -99-99.9-9.9-9.9
5294020231222 32.8 14.1-99.999999-99.9-99.9-99.9-99.9-9.9 9913.6 38 11.5 -99-99.9-9.9-9.9
5294020231223 32.3 17.9-99.999999-99.9-99.9-99.9-99.9-9.9 9914.1 40 12.1 -99-99.9-9.9-9.9
5294020231224 34.4 13.4-99.999999-99.9-99.9-99.9-99.9-9.9 9912.6 38  9.8 -99-99.9-9.9-9.9
5294020231225 31.1 12.8-99.999999-99.9-99.9-99.9-99.9-9.9 99 8.0 25  3.5 -99-99.9-9.9-9.9
5294020231226 34.4 13.0-99.999999-99.9-99.9-99.9-99.9-9.9 9911.8 31  9.3 -99-99.9-9.9-9.9
5294020231227 35.4 17.6-99.999999-99.9-99.9-99.9-99.9-9.9 9915.4 38 13.4 -99-99.9-9.9-9.9
5294020231228 33.0 17.5-99.999999-99.9-99.9-99.9-99.9-9.9 9911.3 30  8.5 -99-99.9-9.9-9.9
5294020231229 30.3 11.9-99.999999-99.9-99.9-99.9-99.9-9.9 99 9.6 33  6.3 -99-99.9-9.9-9.9
5294020231230 33.2 12.0-99.999999-99.9-99.9-99.9-99.9-9.9 9910.1 29  6.9 -99-99.9-9.9-9.9
5294020231231 28.6 16.9-99.999999-99.9-99.9-99.9-99.9-9.9 9914.7 52 12.7 -99-99.9-9.9-9.9
5294020240101 32.9 13.4-99.999999-99.9-99.9-99.9-99.9-9.9 9911.4 32  8.6 -99-99.9-9.9-9.9
5294020240102 33.7 16.8-99.999999-99.9-99.9-99.9-99.9-9.9 9913.0 43 10.7 -99-99.9-9.9-9.9
5294020240103 32.3 13.0-99.999999-99.9-99.9-99.9-99.9-9.9 9914.8 45 12.8 -99-99.9-9.9-9.9
5294020240104 34.2 16.5-99.999999-99.9-99.9-99.9-99.9-9.9 9915.5 43 13.6 -99-99.9-9.9-9.9
5294020240105 32.1 18.5-99.999999-99.9-99.9-99.9-99.9-9.9 9918.5 54 16.2 -99-99.9-9.9-9.9
5294020240106 30.3 20.3-99.999999-99.9-99.9-99.9-99.9-9.9 9912.1 32  9.2 -99-99.9-9.9-9.9
5294020240107 33.5 12.4-99.999999-99.9-99.9-99.9-99.9-9.9 9910.3 28  7.3 -99-99.9-9.9-9.9
5294020240108 27.9 16.7-99.999999-99.9-99.9-99.9-99.9-9.9 9910.8 38  7.9 -99-99.9-9.9-9.9
5294020240109 31.7 13.4-99.999999-99.9-99.9-99.9-99.9-9.9 9912.1 36  9.7 -99-99.9-9.9-9.9
5294020240110 31.0 17.8-99.999999-99.9-99.9-99.9-99.9-9.9 9912.6 41  9.9 -99-99.9-9.9-9.9
5294020240111 28.4 14.4-99.999999-99.9-99.9-99.9-99.9-9.9 9916.3 62 14.2 -99-99.9-9.9-9.9
5294020240112 31.7 15.4-99.999999-99.9-99.9-99.9-99.9-9.9 9917.6 50 15.4 -99-99.9-9.9-9.9
5294020240113 31.9 17.3-99.999999-99.9-99.9-99.9-99.9-9.9 9918.6 56 16.3 -99-99.9-9.9-9.9
5294020240114 29.4 17.8-99.999999-99.9-99.9-99.9-99.9-9.9 9912.4 31  9.4 -99-99.9-9.9-9.9
5294020240115 34.5 12.0-99.999999-99.9-99.9-99.9-99.9-9.9 9911.3 33  8.6 -99-99.9-9.9-9.9
5294020240116 30.6 14.4-99.999999-99.9-99.9-99.9-99.9-9.9 9910.2 39  7.1 -99-99.9-9.9-9.9
5294020240117 33.6 11.3-99.999999-99.9-99.9-99.9-99.9-9.9 9910.6 33  7.8 -99-99.9-9.9-9.9
5294020240118 32.1 14.9-99.999999-99.9-99.9-99.9-99.9-9.9 99 9.0 25  5.5 -99-99.9-9.9-9.9
5294020240119 34.0 11.1-99.999999-99.9-99.9-99.9-99.9-9.9 99 7.7 23  3.2 -99-99.9-9.9-9.9
5294020240120 34.5 14.1-99.999999-99.9-99.9-99.9-99.9-9.9 9913.2 40 10.5 -99-99.9-9.9-9.9
5294020240121 31.7 17.3-99.999999-99.9-99.9-99.9-99.9-9.9 9918.0 57 15.8 -99-99.9-9.9-9.9
5294020240122 33.0 12.7-99.999999-99.9-99.9-99.9-99.9-9.9 9914.7 41 12.7 -99-99.9-9.9-9.9
5294020240123 34.1 15.2-99.999999-99.9-99.9-99.9-99.9-9.9 9914.3 39 12.3 -99-99.9-9.9-9.9
5294020240124 36.0 15.1-99.999999-99.9-99.9-99.9-99.9-9.9 9913.4 34 11.3 -99-99.9-9.9-9.9
5294020240125 37.0 15.0-99.999999-99.9-99.9-99.9-99.9-9.9 9912.4 29 10.1 -99-99.9-9.9-9.9
5294020240126 37.0 18.6-99.999999-99.9-99.9-99.9-99.9-9.9 9914.4 34 12.4 -99-99.9-9.9-9.9
5294020240127 37.0 17.0-99.999999-99.9-99.9-99.9-99.9-9.9 9914.0 33 12.0 -99-99.9-9.9-9.9
5294020240128 37.6 17.3-99.999999-99.9-99.9-99.9-99.9-9.9 9914.0 35 12.0 -99-99.9-9.9-9.9
5294020240129 36.3 15.3-99.999999-99.9-99.9-99.9-99.9-9.9 9914.2 36 12.2 -99-99.9-9.9-9.9
5294020240130 39.0 17.9-99.999999-99.9-99.9-99.9-99.9-9.9 9914.9 32 12.8 -99-99.9-9.9-9.9
5294020240131 36.4 15.7-99.999999-99.9-99.9-99.9-99.9-9.9 9915.3 39 13.2 -99-99.9-9.9-9.9
5294020240201 37.5 20.6-99.999999-99.9-99.9-99.9-99.9-9.9 9915.5 37 13.5 -99-99.9-9.9-9.9
5294020240202 38.4 20.2-99.999999-99.9-99.9-99.9-99.9-9.9 9916.0 35 13.9 -99-99.9-9.9-9.9
5294020240203 33.5 18.8-99.999999-99.9-99.9-99.9-99.9-9.9 9911.6 30  9.0 -99-99.9-9.9-9.9
5294020240204 32.3 14.9-99.999999-99.9-99.9-99.9-99.9-9.9 9911.1 35  8.2 -99-99.9-9.9-9.9
5294020240205 37.4 16.1-99.999999-99.9-99.9-99.9-99.9-9.9 9915.8 55 13.5 -99-99.9-9.9-9.9
5294020240206 34.5 18.8-99.999999-99.9-99.9-99.9-99.9-9.9 9921.4 59 18.5 -99-99.9-9.9-9.9
5294020240207 36.7 18.1-99.999999-99.9-99.9-99.9-99.9-9.9 9917.4 43 15.1 -99-99.9-9.9-9.9
5294020240208 30.9 20.5-99.999999-99.9-99.9-99.9-99.9-9.9 9918.5 64 16.2 -99-99.9-9.9-9.9
5294020240209 27.0 17.6-99.999999-99.9-99.9-99.9-99.9-9.9 9921.0 88 18.3 -99-99.9-9.9-9.9
5294020240210 30.7 16.6-99.999999-99.9-99.9-99.9-99.9-9.9 9920.8 76 18.1 -99-99.9-9.9-9.9
5294020240211 32.0 18.3-99.999999-99.9-99.9-99.9-99.9-9.9 9922.0 65 19.0 -99-99.9-9.9-9.9
5294020240212 30.0 18.3-99.999999-99.9-99.9-99.9-99.9-9.9 9912.0 44  9.4 -99-99.9-9.9-9.9
5294020240213 26.9 10.5-99.999999-99.9-99.9-99.9-99.9-9.9 9913.4 55 11.2 -99-99.9-9.9-9.9
5294020240214 31.1 12.7-99.999999-99.9-99.9-99.9-99.9-9.9 9915.7 52 13.6 -99-99.9-9.9-9.9
5294020240215 34.4 12.6-99.999999-99.9-99.9-99.9-99.9-9.9 9916.2 48 14.2 -99-99.9-9.9-9.9
5294020240216 35.1 15.8-99.999999-99.9-99.9-99.9-99.9-9.9 9917.2 48 15.1 -99-99.9-9.9-9.9
5294020240217 32.3 16.4-99.999999-99.9-99.9-99.9-99.9-9.9 9915.2 42 13.1 -99-99.9-9.9-9.9
5294020240218 31.9 17.2-99.999999-99.9-99.9-99.9-99.9-9.9 9914.5 45 12.2 -99-99.9-9.9-9.9
5294020240219 33.2 16.0-99.999999-99.9-99.9-99.9-99.9-9.9 9918.5 54 16.2 -99-99.9-9.9-9.9
5294020240220 35.5 17.4-99.999999-99.9-99.9-99.9-99.9-9.9 9917.1 46 15.0 -99-99.9-9.9-9.9
5294020240221 32.0 17.2-99.999999-99.9-99.9-99.9-99.9-9.9 9918.0 55 15.8 -99-99.9-9.9-9.9
5294020240222 25.3 17.2-99.999999-99.9-99.9-99.9-99.9-9.9 9914.4 57 12.2 -99-99.9-9.9-9.9
5294020240223 27.4 14.2-99.999999-99.9-99.9-99.9-99.9-9.9 9913.0 52 10.7 -99-99.9-9.9-9.9
5294020240224 28.2 10.5-99.999999-99.9-99.9-99.9-99.9-9.9 9913.0 57 10.6 -99-99.9-9.9-9.9
5294020240225 30.4 12.4-99.999999-99.9-99.9-99.9-99.9-9.9 9916.6 59 14.5 -99-99.9-9.9-9.9
5294020240226 32.5 16.9-99.999999-99.9-99.9-99.9-99.9-9.9 9917.8 55 15.6 -99-99.9-9.9-9.9
5294020240227 32.2 16.5-99.999999-99.9-99.9-99.9-99.9-9.9 9918.5 59 16.2 -99-99.9-9.9-9.9
5294020240228 31.0 17.8-99.999999-99.9-99.9-99.9-99.9-9.9 9919.7 76 17.2 -99-99.9-9.9-9.9
5294020240229 30.3 18.6-99.999999-99.9-99.9-99.9-99.9-9.9 9919.0 62 16.6 -99-99.9-9.9-9.9
5294020240301 32.7 19.1-99.999999-99.9-99.9-99.9-99.9-9.9 9921.9 69 18.9 -99-99.9-9.9-9.9
5294020240302 28.7 18.5-99.999999-99.9-99.9-99.9-99.9-9.9 9911.9 37  9.0 -99-99.9-9.9-9.9
5294020240303 28.8 10.5-99.999999-99.9-99.9-99.9-99.9-9.9 99 9.3 38  5.9 -99-99.9-9.9-9.9
5294020240304 29.7 10.7-99.999999-99.9-99.9-99.9-99.9-9.9 9911.8 43  9.2 -99-99.9-9.9-9.9
5294020240305 28.4 16.4-99.999999-99.9-99.9-99.9-99.9-9.9 9917.1 64 15.1 -99-99.9-9.9-9.9
5294020240306 31.6 13.0-99.999999-99.9-99.9-99.9-99.9-9.9 9916.8 54 14.7 -99-99.9-9.9-9.9
5294020240307 30.7 16.6-99.999999-99.9-99.9-99.9-99.9-9.9 9918.9 66 16.6 -99-99.9-9.9-9.9
5294020240308 35.3 16.8-99.999999-99.9-99.9-99.9-99.9-9.9 9918.3 57 16.0 -99-99.9-9.9-9.9
5294020240309 27.5 16.9-99.999999-99.9-99.9-99.9-99.9-9.9 9914.0 52 11.6 -99-99.9-9.9-9.9
5294020240310 30.7 12.3-99.999999-99.9-99.9-99.9-99.9-9.9 9917.1 65 15.0 -99-99.9-9.9-9.9
5294020240311 31.4 17.5-99.999999-99.9-99.9-99.9-99.9-9.9 9920.6 74 17.9 -99-99.9-9.9-9.9
5294020240312 34.7 18.2-99.999999-99.9-99.9-99.9-99.9-9.9 9921.2 60 18.3 -99-99.9-9.9-9.9
5294020240313 31.9 13.2-99.999999-99.9-99.9-99.9-99.9-9.9 9914.0 52 11.8 -99-99.9-9.9-9.9
5294020240314 28.4 14.4-99.999999-99.9-99.9-99.9-99.9-9.9 9910.9 39  8.1 -99-99.9-9.9-9.9
5294020240315 31.0  9.0-99.999999-99.9-99.9-99.9-99.9-9.9 9911.6 49  9.0 -99-99.9-9.9-9.9
5294020240316 29.3 11.0-99.999999-99.9-99.9-99.9-99.9-9.9 9913.4 50 11.2 -99-99.9-9.9-9.9
5294020240317 29.2 17.0-99.999999-99.9-99.9-99.9-99.9-9.9 9915.0 59 13.0 -99-99.9-9.9-9.9
5294020240318 28.7 14.0-99.999999-99.9-99.9-99.9-99.9-9.9 9911.6 41  8.7 -99-99.9-9.9-9.9
5294020240319 33.1 10.2-99.999999-99.9-99.9-99.9-99.9-9.9 9913.5 52 11.3 -99-99.9-9.9-9.9
5294020240320 33.4 14.8-99.999999-99.9-99.9-99.9-99.9-9.9 9910.9 37  7.9 -99-99.9-9.9-9.9
5294020240321 22.1  5.9-99.999999-99.9-99.9-99.9-99.9-9.9 99 7.1 45  2.0 -99-99.9-9.9-9.9
5294020240322 27.7  6.1-99.999999-99.9-99.9-99.9-99.9-9.9 99 8.3 43  4.1 -99-99.9-9.9-9.9
5294020240323 31.4  8.0-99.999999-99.9-99.9-99.9-99.9-9.9 9911.0 49  8.2 -99-99.9-9.9-9.9
5294020240324 31.2 14.0-99.999999-99.9-99.9-99.9-99.9-9.9 9912.4 46 10.1 -99-99.9-9.9-9.9
5294020240325 31.0 11.5-99.999999-99.9-99.9-99.9-99.9-9.9 9913.2 49 11.0 -99-99.9-9.9-9.9
5294020240326 33.5 14.7-99.999999-99.9-99.9-99.9-99.9-9.9 9915.1 46 13.1 -99-99.9-9.9-9.9
5294020240327 31.0 14.6-99.999999-99.9-99.9-99.9-99.9-9.9 9916.2 53 14.2 -99-99.9-9.9-9.9
5294020240328 28.4 17.1-99.999999-99.9-99.9-99.9-99.9-9.9 9916.7 69 14.7 -99-99.9-9.9-9.9
5294020240329 32.2 11.9-99.999999-99.9-99.9-99.9-99.9-9.9 9916.3 62 14.2 -99-99.9-9.9-9.9
5294020240330 27.4 13.6-99.999999-99.9-99.9-99.9-99.9-9.9 99 7.8 31  2.7 -99-99.9-9.9-9.9
5294020240331 25.2  4.4-99.999999-99.9-99.9-99.9-99.9-9.9 99 5.1 31 -2.4 -99-99.9-9.9-9.9
5294020240401 23.4  4.1-99.999999-99.9-99.9-99.9-99.9-9.9 99 6.5 42  0.8 -99-99.9-9.9-9.9
5294020240402 26.0  4.8-99.999999-99.9-99.9-99.9-99.9-9.9 99 8.4 51  4.3 -99-99.9-9.9-9.9
5294020240403 26.3 10.6-99.999999-99.9-99.9-99.9-99.9-9.9 9910.0 43  6.9 -99-99.9-9.9-9.9
5294020240404 27.4  8.2-99.999999-99.9-99.9-99.9-99.9-9.9 9910.6 56  7.8 -99-99.9-9.9-9.9
5294020240405 28.3 11.8-99.999999-99.9-99.9-99.9-99.9-9.9 9911.3 53  8.7 -99-99.9-9.9-9.9
5294020240406 31.9 11.6-99.999999-99.9-99.9-99.9-99.9-9.9 9911.1 42  8.5 -99-99.9-9.9-9.9
5294020240407 28.7 12.8-99.999999-99.9-99.9-99.9-99.9-9.9 9913.5 57 11.3 -99-99.9-9.9-9.9
5294020240408 31.9 10.6-99.999999-99.9-99.9-99.9-99.9-9.9 9913.7 53 11.6 -99-99.9-9.9-9.9
5294020240409 23.9 11.7-99.999999-99.9-99.9-99.9-99.9-9.9 99 8.2 43  3.9 -99-99.9-9.9-9.9
5294020240410 11.7  4.9-99.999999-99.9-99.9-99.9-99.9-9.9 99 7.7 71  3.1 -99-99.9-9.9-9.9
5294020240411 11.0  6.0-99.999999-99.9-99.9-99.9-99.9-9.9 99 9.4 86  6.1 -99-99.9-9.9-9.9
5294020240412 14.5  7.6-99.999999-99.9-99.9-99.9-99.9-9.9 9910.6 83  7.9 -99-99.9-9.9-9.9
5294020240413 10.3  8.1-99.999999-99.9-99.9-99.9-99.9-9.9 9911.0 99  8.4 -99-99.9-9.9-9.9
5294020240414 17.4  7.4-99.999999-99.9-99.9-99.9-99.9-9.9 9911.0 79  8.3 -99-99.9-9.9-9.9
5294020240415 19.5  9.6-99.999999-99.9-99.9-99.9-99.9-9.9 9912.4 81 10.1 -99-99.9-9.9-9.9
5294020240416 21.7  9.7-99.999999-99.9-99.9-99.9-99.9-9.9 9912.4 82 10.1 -99-99.9-9.9-9.9
5294020240417 25.6  6.1-99.999999-99.9-99.9-99.9-99.9-9.9 9910.4 68  7.4 -99-99.9-9.9-9.9
5294020240418 25.9  5.8-99.999999-99.9-99.9-99.9-99.9-9.9 9911.5 72  8.9 -99-99.9-9.9-9.9
5294020240419 31.1  7.6-99.999999-99.9-99.9-99.9-99.9-9.9 9910.8 55  8.0 -99-99.9-9.9-9.9
5294020240420 25.4  9.3-99.999999-99.9-99.9-99.9-99.9-9.9 9912.6 67 10.3 -99-99.9-9.9-9.9
5294020240421 17.6  8.3-99.999999-99.9-99.9-99.9-99.9-9.9 99 9.3 65  5.9 -99-99.9-9.9-9.9
5294020240422 21.9  3.1-99.999999-99.9-99.9-99.9-99.9-9.9 99 9.2 69  5.6 -99-99.9-9.9-9.9
5294020240423 19.7  6.7-99.999999-99.9-99.9-99.9-99.9-9.9 99 9.8 74  6.6 -99-99.9-9.9-9.9
5294020240424 19.8  1.7-99.999999-99.9-99.9-99.9-99.9-9.9 99 8.0 67  3.7 -99-99.9-9.9-9.9
5294020240425 24.0  0.8-99.999999-99.9-99.9-99.9-99.9-9.9 99 7.8 57  3.2 -99-99.9-9.9-9.9
5294020240426 23.3  4.8-99.999999-99.9-99.9-99.9-99.9-9.9 9910.3 63  7.3 -99-99.9-9.9-9.9
5294020240427 19.3  7.7-99.999999-99.9-99.9-99.9-99.9-9.9 9910.3 77  7.3 -99-99.9-9.9-9.9
5294020240428 17.1  3.6-99.999999-99.9-99.9-99.9-99.9-9.9 99 9.7 82  6.4 -99-99.9-9.9-9.9
5294020240429 21.5  2.3-99.999999-99.9-99.9-99.9-99.9-9.9 99 8.0 48  2.8 -99-99.9-9.9-9.9
5294020240430 25.0  6.3-99.999999-99.9-99.9-99.9-99.9-9.9 99 5.7 37 -1.9 -99-99.9-9.9-9.9
5294020240501 13.8  3.8-99.999999-99.9-99.9-99.9-99.9-9.9 99 6.2 53  0.1 -99-99.9-9.9-9.9
5294020240502 14.4 -3.5-99.999999-99.9-99.9-99.9-99.9-9.9 99 5.7 68 -1.1 -99-99.9-9.9-9.9
5294020240503 17.0 -2.0-99.999999-99.9-99.9-99.9-99.9-9.9 99 6.2 64  0.3 -99-99.9-9.9-9.9
5294020240504 22.1  0.3-99.999999-99.9-99.9-99.9-99.9-9.9 99 7.6 67  2.9 -99-99.9-9.9-9.9
5294020240505 21.6  3.7-99.999999-99.9-99.9-99.9-99.9-9.9 99 8.0 60  3.7 -99-99.9-9.9-9.9
5294020240506 16.5  5.3-99.999999-99.9-99.9-99.9-99.9-9.9 99 9.4 79  6.1 -99-99.9-9.9-9.9
5294020240507 15.5  0.9-99.999999-99.9-99.9-99.9-99.9-9.9 99 9.0 74  5.3 -99-99.9-9.9-9.9
5294020240508 13.7 -2.0-99.999999-99.9-99.9-99.9-99.9-9.9 99 6.4 73  0.5 -99-99.9-9.9-9.9
5294020240509 16.4 -4.1-99.999999-99.9-99.9-99.9-99.9-9.9 99 5.6 69 -1.4 -99-99.9-9.9-9.9
5294020240510 15.6  0.0-99.999999-99.9-99.9-99.9-99.9-9.9 99 6.1 57 -0.1 -99-99.9-9.9-9.9
5294020240511 11.8  4.4-99.999999-99.9-99.9-99.9-99.9-9.9 99 6.5 61  0.8 -99-99.9-9.9-9.9
5294020240512  8.4  4.0-99.999999-99.9-99.9-99.9-99.9-9.9 99 7.7 93  3.2 -99-99.9-9.9-9.9
5294020240513  4.5  0.5-99.999999-99.9-99.9-99.9-99.9-9.9 99 6.9100  1.7 -99-99.9-9.9-9.9
5294020240514  9.6  2.2-99.999999-99.9-99.9-99.9-99.9-9.9 99 7.8 86  3.3 -99-99.9-9.9-9.9
5294020240515  9.0  2.9-99.999999-99.9-99.9-99.9-99.9-9.9 99 7.4 80  2.7 -99-99.9-9.9-9.9
5294020240516 14.8 -2.9-99.999999-99.9-99.9-99.9-99.9-9.9 99 6.1 76 -0.1 -99-99.9-9.9-9.9
5294020240517  7.5 -1.2-99.999999-99.9-99.9-99.9-99.9-9.9 99 6.6 85  1.1 -99-99.9-9.9-9.9
5294020240518 14.0 -1.5-99.999999-99.9-99.9-99.9-99.9-9.9 99 6.2 80  0.2 -99-99.9-9.9-9.9
5294020240519 16.2 -2.7-99.999999-99.9-99.9-99.9-99.9-9.9 99 6.3 75  0.3 -99-99.9-9.9-9.9
5294020240520 17.1 -1.8-99.999999-99.9-99.9-99.9-99.9-9.9 99 7.3 70  2.3 -99-99.9-9.9-9.9
5294020240521 10.5  6.2-99.999999-99.9-99.9-99.9-99.9-9.9 99 8.5 80  4.5 -99-99.9-9.9-9.9
5294020240522 12.9 -0.7-99.999999-99.9-99.9-99.9-99.9-9.9 99 6.9 72  1.6 -99-99.9-9.9-9.9
5294020240523  7.6  3.2-99.999999-99.9-99.9-99.9-99.9-9.9 99 7.9 97  3.6 -99-99.9-9.9-9.9
5294020240524  4.4  2.2-99.999999-99.9-99.9-99.9-99.9-9.9 99 7.5 99  2.8 -99-99.9-9.9-9.9
5294020240525  5.5  2.1-99.999999-99.9-99.9-99.9-99.9-9.9 99 7.5 96  2.8 -99-99.9-9.9-9.9
5294020240526  6.9  2.6-99.999999-99.9-99.9-99.9-99.9-9.9 99 7.8100  3.4 -99-99.9-9.9-9.9
5294020240527  7.8  1.5-99.999999-99.9-99.9-99.9-99.9-9.9 99 7.0 93  1.9 -99-99.9-9.9-9.9
5294020240528 13.9 -2.8-99.999999-99.9-99.9-99.9-99.9-9.9 99 6.9 88  1.5 -99-99.9-9.9-9.9
5294020240529 22.0 -1.4-99.999999-99.9-99.9-99.9-99.9-9.9 99 7.5 72  2.8 -99-99.9-9.9-9.9
5294020240530 18.7  0.1-99.999999-99.9-99.9-99.9-99.9-9.9 99 7.6 74  2.9 -99-99.9-9.9-9.9
5294020240531 17.9 -0.9-99.999999-99.9-99.9-99.9-99.9-9.9 99 7.6 80  2.9 -99-99.9-9.9-9.9
5294020240601 21.5 -0.2-99.999999-99.9-99.9-99.9-99.9-9.9 99 6.6 61  1.1 -99-99.9-9.9-9.9
5294020240602  8.7  2.8-99.999999-99.9-99.9-99.9-99.9-9.9 99 6.3 70  0.3 -99-99.9-9.9-9.9
5294020240603 10.4 -0.8-99.999999-99.9-99.9-99.9-99.9-9.9 99 5.7 73 -1.0 -99-99.9-9.9-9.9
5294020240604 15.0 -2.7-99.999999-99.9-99.9-99.9-99.9-9.9 99 5.9 74 -0.6 -99-99.9-9.9-9.9
5294020240605 24.1 -1.4-99.999999-99.9-99.9-99.9-99.9-9.9 99 6.4 49  0.6 -99-99.9-9.9-9.9
5294020240606 26.6  2.2-99.999999-99.9-99.9-99.9-99.9-9.9 99 7.1 54  1.9 -99-99.9-9.9-9.9
5294020240607 20.4  2.3-99.999999-99.9-99.9-99.9-99.9-9.9 99 8.9 79  5.2 -99-99.9-9.9-9.9
5294020240608 19.9  2.0-99.999999-99.9-99.9-99.9-99.9-9.9 99 9.1 80  5.5 -99-99.9-9.9-9.9
5294020240609 19.3  5.7-99.999999-99.9-99.9-99.9-99.9-9.9 99 6.5 46  0.6 -99-99.9-9.9-9.9
5294020240610 18.8  2.6-99.999999-99.9-99.9-99.9-99.9-9.9 99 7.3 63  2.5 -99-99.9-9.9-9.9
5294020240611 21.1  4.6-99.999999-99.9-99.9-99.9-99.9-9.9 99 8.0 61  3.7 -99-99.9-9.9-9.9
5294020240612 15.3  8.2-99.999999-99.9-99.9-99.9-99.9-9.9 9910.6 79  7.7 -99-99.9-9.9-9.9
5294020240613 16.5  9.1-99.999999-99.9-99.9-99.9-99.9-9.9 99 9.6 69  6.3 -99-99.9-9.9-9.9
5294020240614 18.7  5.0-99.999999-99.9-99.9-99.9-99.9-9.9 99 7.6 61  2.7 -99-99.9-9.9-9.9
5294020240615 17.5  0.8-99.999999-99.9-99.9-99.9-99.9-9.9 99 6.9 67  1.6 -99-99.9-9.9-9.9
5294020240616 17.9 -0.5-99.999999-99.9-99.9-99.9-99.9-9.9 99 6.3 66  0.5 -99-99.9-9.9-9.9
5294020240617 18.7 -0.8-99.999999-99.9-99.9-99.9-99.9-9.9 99 6.4 56  0.3 -99-99.9-9.9-9.9
5294020240618 16.2  4.6-99.999999-99.9-99.9-99.9-99.9-9.9 99 7.1 67  1.8 -99-99.9-9.9-9.9
5294020240619-99.9-99.9-99.999999-99.9-99.9-99.9-99.9-9.9 99-9.9-99-99.9 -99-99.9-9.9-9.9
5294020240620 14.3  1.1-99.999999-99.9-99.9-99.9-99.9-9.9 99 8.4 87  4.4 -99-99.9-9.9-9.9
5294020240621  9.5  4.0-99.999999-99.9-99.9-99.9-99.9-9.9 9910.1 93  7.1 -99-99.9-9.9-9.9
5294020240622 12.8  4.2-99.999999-99.9-99.9-99.9-99.9-9.9 99 9.2 83  5.8 -99-99.9-9.9-9.9
5294020240623  7.2  3.7-99.999999-99.9-99.9-99.9-99.9-9.9 99 7.4 80  2.5 -99-99.9-9.9-9.9
5294020240624  5.1  0.1-99.999999-99.9-99.9-99.9-99.9-9.9 99 6.1 92 -0.1 -99-99.9-9.9-9.9
5294020240625  7.8 -4.5-99.999999-99.9-99.9-99.9-99.9-9.9 99 5.6 87 -1.4 -99-99.9-9.9-9.9
5294020240626 12.1 -4.5-99.999999-99.9-99.9-99.9-99.9-9.9 99 5.7 79 -1.0 -99-99.9-9.9-9.9
5294020240627 24.8  0.1-99.999999-99.9-99.9-99.9-99.9-9.9 99 5.9 43 -0.7 -99-99.9-9.9-9.9
5294020240628 20.4 -2.4-99.999999-99.9-99.9-99.9-99.9-9.9 99 5.5 76 -1.5 -99-99.9-9.9-9.9
5294020240629 12.8 -4.4-99.999999-99.9-99.9-99.9-99.9-9.9 99 4.5 68 -4.1 -99-99.9-9.9-9.9
5294020240630 17.5 -3.3-99.999999-99.9-99.9-99.9-99.9-9.9 99 5.0 60 -2.8 -99-99.9-9.9-9.9
5294020240701 21.4 -0.9-99.999999-99.9-99.9-99.9-99.9-9.9 99 4.8 49 -3.4 -99-99.9-9.9-9.9
5294020240702 24.7 -2.1-99.999999-99.9-99.9-99.9-99.9-9.9 99 5.1 47 -2.5 -99-99.9-9.9-9.9
5294020240703 12.5 -3.5-99.999999-99.9-99.9-99.9-99.9-9.9 99 5.0 64 -2.8 -99-99.9-9.9-9.9
5294020240704 11.0 -2.2-99.999999-99.9-99.9-99.9-99.9-9.9 99 3.8 56 -6.5 -99-99.9-9.9-9.9
5294020240705  9.5 -8.4-99.999999-99.9-99.9-99.9-99.9-9.9 99 3.3 63 -8.3 -99-99.9-9.9-9.9
5294020240706 12.5 -7.9-99.999999-99.9-99.9-99.9-99.9-9.9 99 3.3 56 -8.3 -99-99.9-9.9-9.9
5294020240707  9.3 -7.5-99.999999-99.9-99.9-99.9-99.9-9.9 99 3.2 58 -8.8 -99-99.9-9.9-9.9
5294020240708  9.7 -8.9-99.999999-99.9-99.9-99.9-99.9-9.9 99 3.4 66 -8.1 -99-99.9-9.9-9.9
5294020240709  9.7 -8.0-99.999999-99.9-99.9-99.9-99.9-9.9 99 3.9 62 -6.2 -99-99.9-9.9-9.9
5294020240710 10.0 -6.5-99.999999-99.9-99.9-99.9-99.9-9.9 99 4.4 72 -4.6 -99-99.9-9.9-9.9
5294020240711 10.5 -5.1-99.999999-99.9-99.9-99.9-99.9-9.9 99 4.1 60 -5.4 -99-99.9-9.9-9.9
5294020240712  9.5 -9.3-99.999999-99.9-99.9-99.9-99.9-9.9 99 4.1 75 -5.5 -99-99.9-9.9-9.9
5294020240713 12.5 -7.8-99.999999-99.9-99.9-99.9-99.9-9.9 99 3.9 69 -6.0 -99-99.9-9.9-9.9
5294020240714 15.2 -7.4-99.999999-99.9-99.9-99.9-99.9-9.9 99 3.6 55 -7.1 -99-99.9-9.9-9.9
5294020240715 14.4 -6.9-99.999999-99.9-99.9-99.9-99.9-9.9 99 3.8 56 -6.3 -99-99.9-9.9-9.9
5294020240716 19.9 -3.5-99.999999-99.9-99.9-99.9-99.9-9.9 99 3.5 30 -7.6 -99-99.9-9.9-9.9
5294020240717 17.5 -4.8-99.999999-99.9-99.9-99.9-99.9-9.9 99 4.2 52 -5.2 -99-99.9-9.9-9.9
5294020240718 18.6 -0.8-99.999999-99.9-99.9-99.9-99.9-9.9 99 5.3 48 -2.2 -99-99.9-9.9-9.9
5294020240719  7.2  2.6-99.999999-99.9-99.9-99.9-99.9-9.9 99 5.3 65 -1.9 -99-99.9-9.9-9.9
5294020240720 11.9 -5.9-99.999999-99.9-99.9-99.9-99.9-9.9 99 5.0 73 -2.9 -99-99.9-9.9-9.9
5294020240721-99.9-99.9-99.999999-99.9-99.9-99.9-99.9-9.9 99-9.9-99-99.9 -99-99.9-9.9-9.9
5294020240722 20.1 -3.0-99.999999-99.9-99.9-99.9-99.9-9.9 99 4.6 49 -3.9 -99-99.9-9.9-9.9
5294020240723 21.8 -1.6-99.999999-99.9-99.9-99.9-99.9-9.9 99 4.9 43 -3.1 -99-99.9-9.9-9.9
5294020240724 22.8 -0.4-99.999999-99.9-99.9-99.9-99.9-9.9 99 4.1 39 -5.6 -99-99.9-9.9-9.9
5294020240725 23.3 -0.4-99.999999-99.9-99.9-99.9-99.9-9.9 99 3.9 34 -5.9 -99-99.9-9.9-9.9
5294020240726 16.0 -2.4-99.999999-99.9-99.9-99.9-99.9-9.9 99 5.6 65 -1.2 -99-99.9-9.9-9.9
5294020240727 18.8 -3.0-99.999999-99.9-99.9-99.9-99.9-9.9 99 5.8 64 -0.7 -99-99.9-9.9-9.9
5294020240728 12.7  1.0-99.999999-99.9-99.9-99.9-99.9-9.9 99 4.2 47 -5.1 -99-99.9-9.9-9.9
5294020240729 12.5 -5.5-99.999999-99.9-99.9-99.9-99.9-9.9 99 3.7 53 -6.7 -99-99.9-9.9-9.9
5294020240730 16.4 -4.3-99.999999-99.9-99.9-99.9-99.9-9.9 99 4.3 56 -4.7 -99-99.9-9.9-9.9
5294020240731 19.5 -1.4-99.999999-99.9-99.9-99.9-99.9-9.9 99 5.1 48 -2.5 -99-99.9-9.9-9.9
5294020240801 22.3  2.7-99.999999-99.9-99.9-99.9-99.9-9.9 99 7.5 62  2.5 -99-99.9-9.9-9.9
5294020240802 22.0  4.7-99.999999-99.9-99.9-99.9-99.9-9.9 99 6.9 46  0.3 -99-99.9-9.9-9.9
5294020240803 17.9 -0.2-99.999999-99.9-99.9-99.9-99.9-9.9 99 5.2 44 -2.4 -99-99.9-9.9-9.9
5294020240804 20.1 -0.9-99.999999-99.9-99.9-99.9-99.9-9.9 99 4.8 48 -3.3 -99-99.9-9.9-9.9
5294020240805 20.2 -0.6-99.999999-99.9-99.9-99.9-99.9-9.9 99 5.9 49 -0.6 -99-99.9-9.9-9.9
5294020240806 12.3  3.2-99.999999-99.9-99.9-99.9-99.9-9.9 99 8.4 95  4.5 -99-99.9-9.9-9.9
5294020240807  9.2  0.2-99.999999-99.9-99.9-99.9-99.9-9.9 99 6.4 78  0.5 -99-99.9-9.9-9.9
5294020240808  9.9 -2.2-99.999999-99.9-99.9-99.9-99.9-9.9 99 5.9 82 -0.6 -99-99.9-9.9-9.9
5294020240809 15.3 -6.3-99.999999-99.9-99.9-99.9-99.9-9.9 99 5.2 69 -2.3 -99-99.9-9.9-9.9
5294020240810 21.7 -2.5-99.999999-99.9-99.9-99.9-99.9-9.9 99 5.0 45 -2.7 -99-99.9-9.9-9.9
5294020240811 17.4 -0.2-99.999999-99.9-99.9-99.9-99.9-9.9 99 4.9 55 -3.0 -99-99.9-9.9-9.9
5294020240812 18.4 -3.9-99.999999-99.9-99.9-99.9-99.9-9.9 99 4.3 51 -4.9 -99-99.9-9.9-9.9
5294020240813 25.3 -1.7-99.999999-99.9-99.9-99.9-99.9-9.9 99 5.1 47 -2.5 -99-99.9-9.9-9.9
5294020240814 25.8  1.5-99.999999-99.9-99.9-99.9-99.9-9.9 99 5.6 40 -1.3 -99-99.9-9.9-9.9
5294020240815 17.1  4.3-99.999999-99.9-99.9-99.9-99.9-9.9 99 6.3 54  0.4 -99-99.9-9.9-9.9
5294020240816 12.1  3.2-99.999999-99.9-99.9-99.9-99.9-9.9 99 7.5 67  2.7 -99-99.9-9.9-9.9
5294020240817 14.7  4.3-99.999999-99.9-99.9-99.9-99.9-9.9 99 8.2 79  4.1 -99-99.9-9.9-9.9
5294020240818 10.2  3.7-99.999999-99.9-99.9-99.9-99.9-9.9 99 7.6 79  3.0 -99-99.9-9.9-9.9
5294020240819  5.5  2.7-99.999999-99.9-99.9-99.9-99.9-9.9 99 7.4 94  2.6 -99-99.9-9.9-9.9
5294020240820  6.8  1.7-99.999999-99.9-99.9-99.9-99.9-9.9 99 7.4 91  2.7 -99-99.9-9.9-9.9
5294020240821  9.3  1.4-99.999999-99.9-99.9-99.9-99.9-9.9 99 7.5 98  2.9 -99-99.9-9.9-9.9
5294020240822 11.5 -3.1-99.999999-99.9-99.9-99.9-99.9-9.9 99 6.3 75  0.4 -99-99.9-9.9-9.9
5294020240823 12.3  0.4-99.999999-99.9-99.9-99.9-99.9-9.9 99 5.9 69 -0.8 -99-99.9-9.9-9.9
5294020240824 12.6 -3.6-99.999999-99.9-99.9-99.9-99.9-9.9 99 5.6 66 -1.2 -99-99.9-9.9-9.9
5294020240825 14.0 -5.6-99.999999-99.9-99.9-99.9-99.9-9.9 99 5.2 66 -2.2 -99-99.9-9.9-9.9
5294020240826 21.3 -2.6-99.999999-99.9-99.9-99.9-99.9-9.9 99 5.5 49 -1.5 -99-99.9-9.9-9.9
5294020240827 18.5 -0.3-99.999999-99.9-99.9-99.9-99.9-9.9 99 5.8 52 -0.7 -99-99.9-9.9-9.9
5294020240828 20.4  0.8-99.999999-99.9-99.9-99.9-99.9-9.9 99 6.4 48  0.5 -99-99.9-9.9-9.9
5294020240829 11.6  6.3-99.999999-99.9-99.9-99.9-99.9-9.9 99 9.1 91  5.5 -99-99.9-9.9-9.9
5294020240830 14.3  6.1-99.999999-99.9-99.9-99.9-99.9-9.9 99 9.8 80  6.6 -99-99.9-9.9-9.9
5294020240831 18.7 -0.3-99.999999-99.9-99.9-99.9-99.9-9.9 99 7.9 73  3.5 -99-99.9-9.9-9.9
5294020240901 22.1  0.8-99.999999-99.9-99.9-99.9-99.9-9.9 99 9.0 73  5.2 -99-99.9-9.9-9.9
5294020240902 26.7  4.3-99.999999-99.9-99.9-99.9-99.9-9.9 99 7.8 49  3.1 -99-99.9-9.9-9.9
5294020240903 16.5 -2.4-99.999999-99.9-99.9-99.9-99.9-9.9 99 5.2 54 -2.3 -99-99.9-9.9-9.9
5294020240904 20.3 -0.6-99.999999-99.9-99.9-99.9-99.9-9.9 99 4.8 42 -3.3 -99-99.9-9.9-9.9
5294020240905 22.9 -1.1-99.999999-99.9-99.9-99.9-99.9-9.9 99 5.5 46 -1.6 -99-99.9-9.9-9.9
5294020240906 21.3  2.3-99.999999-99.9-99.9-99.9-99.9-9.9 99 5.6 41 -1.2 -99-99.9-9.9-9.9
5294020240907 20.5  1.9-99.999999-99.9-99.9-99.9-99.9-9.9 99 5.8 42 -0.8 -99-99.9-9.9-9.9
5294020240908 20.2  2.5-99.999999-99.9-99.9-99.9-99.9-9.9 99 6.2 47  0.3 -99-99.9-9.9-9.9
5294020240909 23.7  5.5-99.999999-99.9-99.9-99.9-99.9-9.9 99 7.2 46  2.2 -99-99.9-9.9-9.9
5294020240910 18.8  9.1-99.999999-99.9-99.9-99.9-99.9-9.9 99 7.2 46  2.2 -99-99.9-9.9-9.9
5294020240911 19.2  0.8-99.999999-99.9-99.9-99.9-99.9-9.9 99 5.3 42 -2.0 -99-99.9-9.9-9.9
5294020240912 22.0 -0.3-99.999999-99.9-99.9-99.9-99.9-9.9 99 5.0 39 -2.9 -99-99.9-9.9-9.9
5294020240913 21.3  6.4-99.999999-99.9-99.9-99.9-99.9-9.9 99 4.3 31 -4.8 -99-99.9-9.9-9.9
5294020240914 20.7 -0.9-99.999999-99.9-99.9-99.9-99.9-9.9 99 4.8 38 -3.4 -99-99.9-9.9-9.9
5294020240915 25.8  3.1-99.999999-99.9-99.9-99.9-99.9-9.9 99 4.0 26 -5.9 -99-99.9-9.9-9.9
5294020240916 24.4  2.7-99.999999-99.9-99.9-99.9-99.9-9.9 99 6.1 37 -0.4 -99-99.9-9.9-9.9
5294020240917 27.6  5.0-99.999999-99.9-99.9-99.9-99.9-9.9 99 5.4 34 -1.9 -99-99.9-9.9-9.9
5294020240918 25.7  4.9-99.999999-99.9-99.9-99.9-99.9-9.9 99 6.4 37  0.3 -99-99.9-9.9-9.9
5294020240919 24.4  6.6-99.999999-99.9-99.9-99.9-99.9-9.9 99 3.3 14 -8.8 -99-99.9-9.9-9.9
5294020240920 22.1  1.9-99.999999-99.9-99.9-99.9-99.9-9.9 99 3.6 28 -7.2 -99-99.9-9.9-9.9
5294020240921 28.5  6.2-99.999999-99.9-99.9-99.9-99.9-9.9 99 4.1 19 -5.5 -99-99.9-9.9-9.9
5294020240922 19.0  9.6-99.999999-99.9-99.9-99.9-99.9-9.9 99 5.8 45 -1.1 -99-99.9-9.9-9.9
5294020240923 19.7  8.8-99.999999-99.9-99.9-99.9-99.9-9.9 99 6.0 39 -0.2 -99-99.9-9.9-9.9
5294020240924 25.5  2.8-99.999999-99.9-99.9-99.9-99.9-9.9 99 5.5 30 -1.7 -99-99.9-9.9-9.9
5294020240925 17.6  4.0-99.999999-99.9-99.9-99.9-99.9-9.9 99 4.8 39 -3.4 -99-99.9-9.9-9.9
5294020240926 20.0 -3.2-99.999999-99.9-99.9-99.9-99.9-9.9 99 4.8 40 -3.3 -99-99.9-9.9-9.9
5294020240927 27.9  0.8-99.999999-99.9-99.9-99.9-99.9-9.9 99 5.7 29 -1.1 -99-99.9-9.9-9.9
5294020240928 27.5  9.1-99.999999-99.9-99.9-99.9-99.9-9.9 99 6.1 28 -0.3 -99-99.9-9.9-9.9
5294020240929 33.7  7.7-99.999999-99.9-99.9-99.9-99.9-9.9 99 5.8 21 -1.6 -99-99.9-9.9-9.9
5294020240930 27.1 10.0-99.999999-99.9-99.9-99.9-99.9-9.9 99 4.0 14 -5.8 -99-99.9-9.9-9.9
5294020241001 21.0  5.9-99.999999-99.9-99.9-99.9-99.9-9.9 99 6.5 49  0.9 -99-99.9-9.9-9.9
5294020241002 16.4  6.9-99.999999-99.9-99.9-99.9-99.9-9.9 99 4.8 37 -3.3 -99-99.9-9.9-9.9
5294020241003 22.9 -0.1-99.999999-99.9-99.9-99.9-99.9-9.9 99 4.9 33 -3.2 -99-99.9-9.9-9.9
5294020241004 28.4  4.2-99.999999-99.9-99.9-99.9-99.9-9.9 99 6.1 31 -0.2 -99-99.9-9.9-9.9
5294020241005 29.7  8.8-99.999999-99.9-99.9-99.9-99.9-9.9 99 7.0 28  1.8 -99-99.9-9.9-9.9
5294020241006 27.2 10.2-99.999999-99.9-99.9-99.9-99.9-9.9 99 8.3 35  4.2 -99-99.9-9.9-9.9
5294020241007 19.9 12.2-99.999999-99.9-99.9-99.9-99.9-9.9 9912.6 85 10.2 -99-99.9-9.9-9.9
5294020241008 13.3 10.1-99.999999-99.9-99.9-99.9-99.9-9.9 9912.6 95 10.4 -99-99.9-9.9-9.9
5294020241009 15.8  8.6-99.999999-99.9-99.9-99.9-99.9-9.9 9911.7 90  9.3 -99-99.9-9.9-9.9
5294020241010 26.0  4.1-99.999999-99.9-99.9-99.9-99.9-9.9 9911.6 67  8.9 -99-99.9-9.9-9.9
5294020241011 24.4  9.6-99.999999-99.9-99.9-99.9-99.9-9.9 9910.9 51  8.1 -99-99.9-9.9-9.9
5294020241012 22.0  9.9-99.999999-99.9-99.9-99.9-99.9-9.9 99 9.2 55  5.7 -99-99.9-9.9-9.9
5294020241013 24.7  7.2-99.999999-99.9-99.9-99.9-99.9-9.9 9911.0 51  8.4 -99-99.9-9.9-9.9
5294020241014 28.5 10.1-99.999999-99.9-99.9-99.9-99.9-9.9 9913.3 54 11.2 -99-99.9-9.9-9.9
5294020241015 27.2 13.0-99.999999-99.9-99.9-99.9-99.9-9.9 9912.4 48  9.9 -99-99.9-9.9-9.9
5294020241016 29.3 10.1-99.999999-99.9-99.9-99.9-99.9-9.9 9915.6 64 13.5 -99-99.9-9.9-9.9
5294020241017 23.9 14.2-99.999999-99.9-99.9-99.9-99.9-9.9 9910.6 45  7.3 -99-99.9-9.9-9.9
5294020241018 28.6  7.1-99.999999-99.9-99.9-99.9-99.9-9.9 9911.5 48  8.8 -99-99.9-9.9-9.9
5294020241019 30.9 10.0-99.999999-99.9-99.9-99.9-99.9-9.9 9914.9 53 12.8 -99-99.9-9.9-9.9
5294020241020 32.3 12.6-99.999999-99.9-99.9-99.9-99.9-9.9 9913.8 49 11.3 -99-99.9-9.9-9.9
5294020241021 25.4  7.8-99.999999-99.9-99.9-99.9-99.9-9.9 99 8.3 40  4.2 -99-99.9-9.9-9.9
5294020241022 16.7 11.1-99.999999-99.9-99.9-99.9-99.9-9.9 9913.7 99 11.5 -99-99.9-9.9-9.9
5294020241023 22.1  9.4-99.999999-99.9-99.9-99.9-99.9-9.9 9913.6 66 11.4 -99-99.9-9.9-9.9
5294020241024 26.7  7.1-99.999999-99.9-99.9-99.9-99.9-9.9 9911.8 53  9.3 -99-99.9-9.9-9.9
5294020241025 21.7  6.9-99.999999-99.9-99.9-99.9-99.9-9.9 99 9.3 54  5.8 -99-99.9-9.9-9.9
5294020241026 25.4  6.1-99.999999-99.9-99.9-99.9-99.9-9.9 99 9.5 44  6.2 -99-99.9-9.9-9.9
5294020241027 29.6  6.6-99.999999-99.9-99.9-99.9-99.9-9.9 9910.5 44  7.5 -99-99.9-9.9-9.9
5294020241028 30.9  9.5-99.999999-99.9-99.9-99.9-99.9-9.9 9910.9 39  8.1 -99-99.9-9.9-9.9
5294020241029 33.3 11.5-99.999999-99.9-99.9-99.9-99.9-9.9 9912.5 42 10.2 -99-99.9-9.9-9.9
5294020241030 33.7 13.9-99.999999-99.9-99.9-99.9-99.9-9.9 9913.8 44 11.7 -99-99.9-9.9-9.9
5294020241031 31.2 14.8-99.999999-99.9-99.9-99.9-99.9-9.9 9911.6 39  8.9 -99-99.9-9.9-9.9
5294020241101 33.4 13.6-99.999999-99.9-99.9-99.9-99.9-9.9 9914.2 46 11.9 -99-99.9-9.9-9.9
5294020241102 23.6  8.7-99.999999-99.9-99.9-99.9-99.9-9.9 99 8.0 41  3.8 -99-99.9-9.9-9.9
5294020241103 27.1  6.6-99.999999-99.9-99.9-99.9-99.9-9.9 99 9.3 45  5.5 -99-99.9-9.9-9.9
5294020241104 25.6  9.0-99.999999-99.9-99.9-99.9-99.9-9.9 99 9.8 42  6.5 -99-99.9-9.9-9.9
5294020241105 27.7  7.0-99.999999-99.9-99.9-99.9-99.9-9.9 99 9.4 38  6.0 -99-99.9-9.9-9.9
5294020241106 26.5 11.1-99.999999-99.9-99.9-99.9-99.9-9.9 99 8.6 33  4.7 -99-99.9-9.9-9.9
5294020241107 26.9  5.8-99.999999-99.9-99.9-99.9-99.9-9.9 9910.2 45  6.9 -99-99.9-9.9-9.9
5294020241108 28.9  9.6-99.999999-99.9-99.9-99.9-99.9-9.9 9913.1 48 10.9 -99-99.9-9.9-9.9
5294020241109 32.6 12.0-99.999999-99.9-99.9-99.9-99.9-9.9 9914.5 48 12.5 -99-99.9-9.9-9.9
5294020241110 24.3 13.2-99.999999-99.9-99.9-99.9-99.9-9.9 9912.7 59 10.5 -99-99.9-9.9-9.9
5294020241111 23.8  7.5-99.999999-99.9-99.9-99.9-99.9-9.9 9910.8 49  8.1 -99-99.9-9.9-9.9
5294020241112 28.8  7.3-99.999999-99.9-99.9-99.9-99.9-9.9 99 9.7 40  6.4 -99-99.9-9.9-9.9
5294020241113 31.3  9.3-99.999999-99.9-99.9-99.9-99.9-9.9 99 9.7 35  6.5 -99-99.9-9.9-9.9
5294020241114 33.4 13.6-99.999999-99.9-99.9-99.9-99.9-9.9 9910.5 34  7.6 -99-99.9-9.9-9.9
5294020241115 34.7 13.9-99.999999-99.9-99.9-99.9-99.9-9.9 99 9.5 28  6.1 -99-99.9-9.9-9.9
5294020241116 26.4 13.4-99.999999-99.9-99.9-99.9-99.9-9.9 99 7.0 34  1.9 -99-99.9-9.9-9.9
5294020241117 21.7  4.7-99.999999-99.9-99.9-99.9-99.9-9.9 99 6.7 36  1.3 -99-99.9-9.9-9.9
5294020241118 25.4  5.5-99.999999-99.9-99.9-99.9-99.9-9.9 99 7.5 39  2.8 -99-99.9-9.9-9.9
5294020241119 28.3  7.8-99.999999-99.9-99.9-99.9-99.9-9.9 9911.3 43  8.7 -99-99.9-9.9-9.9
5294020241120 26.5 13.7-99.999999-99.9-99.9-99.9-99.9-9.9 9915.7 65 13.7 -99-99.9-9.9-9.9
5294020241121 29.0 13.9-99.999999-99.9-99.9-99.9-99.9-9.9 9915.2 53 13.1 -99-99.9-9.9-9.9
5294020241122 32.0 15.7-99.999999-99.9-99.9-99.9-99.9-9.9 9916.7 51 14.6 -99-99.9-9.9-9.9
5294020241123 26.1 16.6-99.999999-99.9-99.9-99.9-99.9-9.9 9917.4 66 15.3 -99-99.9-9.9-9.9
5294020241124 28.3 16.8-99.999999-99.9-99.9-99.9-99.9-9.9 9916.4 60 14.2 -99-99.9-9.9-9.9
5294020241125 29.9 16.0-99.999999-99.9-99.9-99.9-99.9-9.9 9912.1 42  9.5 -99-99.9-9.9-9.9
5294020241126 26.9 12.3-99.999999-99.9-99.9-99.9-99.9-9.9 9910.5 40  7.6 -99-99.9-9.9-9.9
5294020241127 27.2 12.0-99.999999-99.9-99.9-99.9-99.9-9.9 9910.0 40  6.9 -99-99.9-9.9-9.9
5294020241128 28.2 12.2-99.999999-99.9-99.9-99.9-99.9-9.9 9910.0 36  7.0 -99-99.9-9.9-9.9
5294020241129 27.0 10.9-99.999999-99.9-99.9-99.9-99.9-9.9 99 7.9 28  3.4 -99-99.9-9.9-9.9
5294020241130 30.0  7.4-99.999999-99.9-99.9-99.9-99.9-9.9 99 8.9 29  4.9 -99-99.9-9.9-9.9
5294020241201 29.6 14.5-99.999999-99.9-99.9-99.9-99.9-9.9 9910.1 36  6.4 -99-99.9-9.9-9.9
5294020241202 25.6  6.1-99.999999-99.9-99.9-99.9-99.9-9.9 99 6.5 28  0.7 -99-99.9-9.9-9.9
5294020241203 29.2  5.6-99.999999-99.9-99.9-99.9-99.9-9.9 99 7.8 31  3.2 -99-99.9-9.9-9.9
5294020241204 30.7 10.1-99.999999-99.9-99.9-99.9-99.9-9.9 99 9.3 30  5.8 -99-99.9-9.9-9.9
5294020241205 29.2 12.4-99.999999-99.9-99.9-99.9-99.9-9.9 99 8.2 27  3.9 -99-99.9-9.9-9.9
5294020241206 25.6  7.3-99.999999-99.9-99.9-99.9-99.9-9.9 99 7.4 33  2.5 -99-99.9-9.9-9.9
5294020241207 19.6  4.5-99.999999-99.9-99.9-99.9-99.9-9.9 99 7.6 53  3.0 -99-99.9-9.9-9.9
5294020241208 27.1  4.3-99.999999-99.9-99.9-99.9-99.9-9.9 99 8.2 37  4.1 -99-99.9-9.9-9.9
5294020241209 29.6 10.6-99.999999-99.9-99.9-99.9-99.9-9.9 9910.8 39  8.0 -99-99.9-9.9-9.9
5294020241210 33.1 11.4-99.999999-99.9-99.9-99.9-99.9-9.9 9911.1 31  8.4 -99-99.9-9.9-9.9
5294020241211 33.5 15.2-99.999999-99.9-99.9-99.9-99.9-9.9 99 7.6 20  2.8 -99-99.9-9.9-9.9
5294020241212 30.2 11.2-99.999999-99.9-99.9-99.9-99.9-9.9 99 8.2 30  4.0 -99-99.9-9.9-9.9
5294020241213 31.3 11.4-99.999999-99.9-99.9-99.9-99.9-9.9 99 9.0 27  5.4 -99-99.9-9.9-9.9
5294020241214 33.4 11.9-99.999999-99.9-99.9-99.9-99.9-9.9 99 9.3 27  5.8 -99-99.9-9.9-9.9
5294020241215 33.2 13.5-99.999999-99.9-99.9-99.9-99.9-9.9 9912.3 31  9.9 -99-99.9-9.9-9.9
5294020241216 32.8 15.4-99.999999-99.9-99.9-99.9-99.9-9.9 9914.7 39 12.6 -99-99.9-9.9-9.9
5294020241217 30.3 15.3-99.999999-99.9-99.9-99.9-99.9-9.9 9914.8 45 12.8 -99-99.9-9.9-9.9
5294020241218 30.8 14.0-99.999999-99.9-99.9-99.9-99.9-9.9 9915.2 49 13.0 -99-99.9-9.9-9.9
5294020241219 31.7 13.5-99.999999-99.9-99.9-99.9-99.9-9.9 9913.4 34 11.1 -99-99.9-9.9-9.9
5294020241220 29.2 16.5-99.999999-99.9-99.9-99.9-99.9-9.9 99 9.2 29  5.7 -99-99.9-9.9-9.9
5294020241221 29.9 11.7-99.999999-99.9-99.9-99.9-99.9-9.9 9910.6 35  7.9 -99-99.9-9.9-9.9
5294020241222 33.6 11.9-99.999999-99.9-99.9-99.9-99.9-9.9 9912.7 35 10.4 -99-99.9-9.9-9.9
5294020241223 33.6 15.3-99.999999-99.9-99.9-99.9-99.9-9.9 9910.6 26  7.7 -99-99.9-9.9-9.9
5294020241224 30.5 13.5-99.999999-99.9-99.9-99.9-99.9-9.9 99 7.3 24  2.4 -99-99.9-9.9-9.9
5294020241225 30.6 10.4-99.999999-99.9-99.9-99.9-99.9-9.9 99 8.6 29  4.8 -99-99.9-9.9-9.9
5294020241226 33.7 10.1-99.999999-99.9-99.9-99.9-99.9-9.9 99 8.4 24  4.3 -99-99.9-9.9-9.9
5294020241227 35.6 14.8-99.999999-99.9-99.9-99.9-99.9-9.9 9911.7 53  9.0 -99-99.9-9.9-9.9
5294020241228 33.2 13.9-99.999999-99.9-99.9-99.9-99.9-9.9 9912.3 34 10.0 -99-99.9-9.9-9.9
5294020241229 34.6 16.3-99.999999-99.9-99.9-99.9-99.9-9.9 9913.6 36 11.4 -99-99.9-9.9-9.9
5294020241230 33.0 13.1-99.999999-99.9-99.9-99.9-99.9-9.9 9915.6 47 13.6 -99-99.9-9.9-9.9
5294020241231 30.0 16.9-99.999999-99.9-99.9-99.9-99.9-9.9 9916.8 59 14.7 -99-99.9-9.9-9.9
5294020250101 31.3 15.4-99.999999-99.9-99.9-99.9-99.9-9.9 9914.2 35 12.0 -99-99.9-9.9-9.9
5294020250102 33.4 14.7-99.999999-99.9-99.9-99.9-99.9-9.9 9913.9 41 11.6 -99-99.9-9.9-9.9
5294020250103 35.0 16.1-99.999999-99.9-99.9-99.9-99.9-9.9 9913.0 31 10.7 -99-99.9-9.9-9.9
5294020250104 36.7 17.2-99.999999-99.9-99.9-99.9-99.9-9.9 9914.0 35 11.9 -99-99.9-9.9-9.9
5294020250105 33.7 17.9-99.999999-99.9-99.9-99.9-99.9-9.9 9917.2 47 15.1 -99-99.9-9.9-9.9
5294020250106 36.0 15.5-99.999999-99.9-99.9-99.9-99.9-9.9 9917.7 52 15.5 -99-99.9-9.9-9.9
5294020250107 34.3 16.9-99.999999-99.9-99.9-99.9-99.9-9.9 9916.6 45 14.5 -99-99.9-9.9-9.9
5294020250108 32.2 14.1-99.999999-99.9-99.9-99.9-99.9-9.9 9915.4 48 13.4 -99-99.9-9.9-9.9
5294020250109 32.5 14.5-99.999999-99.9-99.9-99.9-99.9-9.9 9913.7 38 11.6 -99-99.9-9.9-9.9
5294020250110 31.1 16.8-99.999999-99.9-99.9-99.9-99.9-9.9 9917.8 58 15.7 -99-99.9-9.9-9.9
5294020250111 30.0 16.8-99.999999-99.9-99.9-99.9-99.9-9.9 9918.0 56 15.8 -99-99.9-9.9-9.9
5294020250112 34.4 15.3-99.999999-99.9-99.9-99.9-99.9-9.9 9915.1 39 13.0 -99-99.9-9.9-9.9
5294020250113 34.8 17.4-99.999999-99.9-99.9-99.9-99.9-9.9 9911.9 27  9.5 -99-99.9-9.9-9.9
5294020250114 37.7 17.3-99.999999-99.9-99.9-99.9-99.9-9.9 9912.6 27 10.4 -99-99.9-9.9-9.9
5294020250115 36.9 20.4-99.999999-99.9-99.9-99.9-99.9-9.9 9913.7 34 11.5 -99-99.9-9.9-9.9
5294020250116 32.7 18.3-99.999999-99.9-99.9-99.9-99.9-9.9 9915.6 43 13.5 -99-99.9-9.9-9.9
5294020250117 33.2 16.9-99.999999-99.9-99.9-99.9-99.9-9.9 9917.1 51 14.9 -99-99.9-9.9-9.9
5294020250118 28.9 16.6-99.999999-99.9-99.9-99.9-99.9-9.9 9916.7 67 14.5 -99-99.9-9.9-9.9
5294020250119 30.8 10.4-99.999999-99.9-99.9-99.9-99.9-9.9 9911.2 34  8.5 -99-99.9-9.9-9.9
5294020250120 31.3 12.4-99.999999-99.9-99.9-99.9-99.9-9.9 9912.6 39 10.4 -99-99.9-9.9-9.9
5294020250121 34.1 15.2-99.999999-99.9-99.9-99.9-99.9-9.9 9911.2 29  8.6 -99-99.9-9.9-9.9
5294020250122 35.4 16.2-99.999999-99.9-99.9-99.9-99.9-9.9 9912.2 29  9.9 -99-99.9-9.9-9.9
5294020250123 33.3 16.0-99.999999-99.9-99.9-99.9-99.9-9.9 9916.2 62 13.9 -99-99.9-9.9-9.9
5294020250124 31.3 15.9-99.999999-99.9-99.9-99.9-99.9-9.9 9913.0 40 10.9 -99-99.9-9.9-9.9
5294020250125 34.3 14.1-99.999999-99.9-99.9-99.9-99.9-9.9 9915.5 45 13.3 -99-99.9-9.9-9.9
5294020250126 35.4 18.8-99.999999-99.9-99.9-99.9-99.9-9.9 9919.3 52 16.9 -99-99.9-9.9-9.9
5294020250127 29.1 17.1-99.999999-99.9-99.9-99.9-99.9-9.9 9918.0 66 15.8 -99-99.9-9.9-9.9
5294020250128 32.9 16.0-99.999999-99.9-99.9-99.9-99.9-9.9 9917.8 56 15.7 -99-99.9-9.9-9.9
5294020250129 34.4 14.3-99.999999-99.9-99.9-99.9-99.9-9.9 9916.2 44 14.2 -99-99.9-9.9-9.9
5294020250130 35.9 16.6-99.999999-99.9-99.9-99.9-99.9-9.9 9915.8 40 13.7 -99-99.9-9.9-9.9
5294020250131 37.8 16.3-99.999999-99.9-99.9-99.9-99.9-9.9 9915.7 38 13.6 -99-99.9-9.9-9.9
5294020250201 36.4 17.2-99.999999-99.9-99.9-99.9-99.9-9.9 9913.3 32 11.1 -99-99.9-9.9-9.9
5294020250202 38.4 19.2-99.999999-99.9-99.9-99.9-99.9-9.9 9916.8 37 14.7 -99-99.9-9.9-9.9
5294020250203 32.3 19.2-99.999999-99.9-99.9-99.9-99.9-9.9 9910.8 29  8.0 -99-99.9-9.9-9.9
5294020250204 31.3 14.8-99.999999-99.9-99.9-99.9-99.9-9.9 9910.3 30  7.4 -99-99.9-9.9-9.9
5294020250205 34.8 14.1-99.999999-99.9-99.9-99.9-99.9-9.9 9912.5 36 10.1 -99-99.9-9.9-9.9
5294020250206 36.4 15.8-99.999999-99.9-99.9-99.9-99.9-9.9 9915.8 40 13.8 -99-99.9-9.9-9.9
5294020250207 37.9 19.2-99.999999-99.9-99.9-99.9-99.9-9.9 9917.1 38 14.9 -99-99.9-9.9-9.9
5294020250208 37.8 22.0-99.999999-99.9-99.9-99.9-99.9-9.9 9915.8 39 13.7 -99-99.9-9.9-9.9
5294020250209 36.7 19.3-99.999999-99.9-99.9-99.9-99.9-9.9 9919.7 49 17.2 -99-99.9-9.9-9.9
5294020250210 41.2 18.7-99.999999-99.9-99.9-99.9-99.9-9.9 9914.9 31 12.7 -99-99.9-9.9-9.9
5294020250211 31.1 13.6-99.999999-99.9-99.9-99.9-99.9-9.9 99 7.2 21  2.0 -99-99.9-9.9-9.9
5294020250212 31.7 10.0-99.999999-99.9-99.9-99.9-99.9-9.9 99 7.0 25  1.7 -99-99.9-9.9-9.9
5294020250213 32.8 11.7-99.999999-99.9-99.9-99.9-99.9-9.9 9912.2 39  9.9 -99-99.9-9.9-9.9
5294020250214 32.5 16.8-99.999999-99.9-99.9-99.9-99.9-9.9 9915.0 46 12.8 -99-99.9-9.9-9.9
5294020250215 32.8 19.0-99.999999-99.9-99.9-99.9-99.9-9.9 9911.4 34  8.4 -99-99.9-9.9-9.9
5294020250216 31.5 15.8-99.999999-99.9-99.9-99.9-99.9-9.9 99 9.4 34  5.8 -99-99.9-9.9-9.9
5294020250217 30.9 12.8-99.999999-99.9-99.9-99.9-99.9-9.9 99 6.1 20 -0.0 -99-99.9-9.9-9.9
5294020250218 30.9  7.5-99.999999-99.9-99.9-99.9-99.9-9.9 99 8.2 33  4.1 -99-99.9-9.9-9.9
5294020250219 34.5 11.5-99.999999-99.9-99.9-99.9-99.9-9.9 9910.8 33  8.0 -99-99.9-9.9-9.9
5294020250220 34.8 17.0-99.999999-99.9-99.9-99.9-99.9-9.9 9912.5 33 10.2 -99-99.9-9.9-9.9
5294020250221 36.9 18.8-99.999999-99.9-99.9-99.9-99.9-9.9 9916.0 39 13.9 -99-99.9-9.9-9.9
5294020250222 39.7 19.6-99.999999-99.9-99.9-99.9-99.9-9.9 9917.1 36 15.1 -99-99.9-9.9-9.9
5294020250223 35.8 22.8-99.999999-99.9-99.9-99.9-99.9-9.9 9916.8 39 14.6 -99-99.9-9.9-9.9
5294020250224 33.7 22.5-99.999999-99.9-99.9-99.9-99.9-9.9 9914.9 39 12.8 -99-99.9-9.9-9.9
5294020250225 33.0 16.4-99.999999-99.9-99.9-99.9-99.9-9.9 9915.0 43 13.0 -99-99.9-9.9-9.9
5294020250226 33.1 19.4-99.999999-99.9-99.9-99.9-99.9-9.9 9919.9 63 17.4 -99-99.9-9.9-9.9
5294020250227 32.7 19.4-99.999999-99.9-99.9-99.9-99.9-9.9 9920.7 68 18.0 -99-99.9-9.9-9.9
5294020250228 28.5 16.7-99.999999-99.9-99.9-99.9-99.9-9.9 9917.8 69 15.7 -99-99.9-9.9-9.9
5294020250301 32.0 15.4-99.999999-99.9-99.9-99.9-99.9-9.9 9915.7 51 13.6 -99-99.9-9.9-9.9
5294020250302 33.2 16.1-99.999999-99.9-99.9-99.9-99.9-9.9 9918.4 55 16.2 -99-99.9-9.9-9.9
5294020250303 26.7 17.7-99.999999-99.9-99.9-99.9-99.9-9.9 9922.2 85 19.2 -99-99.9-9.9-9.9
5294020250304 32.0 18.5-99.999999-99.9-99.9-99.9-99.9-9.9 9919.9 64 17.4 -99-99.9-9.9-9.9
5294020250305 29.7 19.5-99.999999-99.9-99.9-99.9-99.9-9.9 9921.7 77 18.8 -99-99.9-9.9-9.9
5294020250306 30.3 16.3-99.999999-99.9-99.9-99.9-99.9-9.9 9920.5 69 17.9 -99-99.9-9.9-9.9
5294020250307 30.2 15.7-99.999999-99.9-99.9-99.9-99.9-9.9 9919.1 69 16.7 -99-99.9-9.9-9.9
5294020250308 22.6 13.2-99.999999-99.9-99.9-99.9-99.9-9.9 99 9.8 51  6.3 -99-99.9-9.9-9.9
5294020250309 24.6  9.5-99.999999-99.9-99.9-99.9-99.9-9.9 99 9.4 45  6.1 -99-99.9-9.9-9.9
5294020250310 30.6  6.8-99.999999-99.9-99.9-99.9-99.9-9.9 9910.4 44  7.5 -99-99.9-9.9-9.9
5294020250311 22.8 13.9-99.999999-99.9-99.9-99.9-99.9-9.9 9910.0 51  6.8 -99-99.9-9.9-9.9
5294020250312 22.5  8.9-99.999999-99.9-99.9-99.9-99.9-9.9 99 8.8 50  5.1 -99-99.9-9.9-9.9
5294020250313 24.7  5.3-99.999999-99.9-99.9-99.9-99.9-9.9 9911.4 62  8.7 -99-99.9-9.9-9.9
5294020250314 26.9 14.7-99.999999-99.9-99.9-99.9-99.9-9.9 9914.8 64 12.9 -99-99.9-9.9-9.9
5294020250315 28.6 10.8-99.999999-99.9-99.9-99.9-99.9-9.9 9914.6 56 12.5 -99-99.9-9.9-9.9
5294020250316 30.5 13.8-99.999999-99.9-99.9-99.9-99.9-9.9 9914.0 51 11.9 -99-99.9-9.9-9.9
5294020250317 31.1 11.9-99.999999-99.9-99.9-99.9-99.9-9.9 9913.5 49 11.4 -99-99.9-9.9-9.9
5294020250318 31.3 12.7-99.999999-99.9-99.9-99.9-99.9-9.9 9911.4 38  8.7 -99-99.9-9.9-9.9
5294020250319 32.3 11.7-99.999999-99.9-99.9-99.9-99.9-9.9 9912.5 44 10.0 -99-99.9-9.9-9.9
5294020250320 29.2 15.4-99.999999-99.9-99.9-99.9-99.9-9.9 9914.5 54 12.5 -99-99.9-9.9-9.9
5294020250321 31.8 14.6-99.999999-99.9-99.9-99.9-99.9-9.9 9913.2 48 10.8 -99-99.9-9.9-9.9
5294020250322 29.9 13.2-99.999999-99.9-99.9-99.9-99.9-9.9 9914.2 59 12.1 -99-99.9-9.9-9.9
5294020250323 16.4  6.9-99.999999-99.9-99.9-99.9-99.9-9.9 9910.8 93  8.0 -99-99.9-9.9-9.9
5294020250324 16.9  6.3-99.999999-99.9-99.9-99.9-99.9-9.9 9910.1 76  7.0 -99-99.9-9.9-9.9
5294020250325 16.8  8.9-99.999999-99.9-99.9-99.9-99.9-9.9 9913.0 90 10.8 -99-99.9-9.9-9.9
5294020250326 25.6 11.3-99.999999-99.9-99.9-99.9-99.9-9.9 9913.3 71 11.1 -99-99.9-9.9-9.9
5294020250327 26.9  7.2-99.999999-99.9-99.9-99.9-99.9-9.9 9912.8 64 10.5 -99-99.9-9.9-9.9
5294020250328 19.5 12.1-99.999999-99.9-99.9-99.9-99.9-9.9 9914.9 82 12.8 -99-99.9-9.9-9.9
5294020250329 25.7 11.9-99.999999-99.9-99.9-99.9-99.9-9.9 9915.3 75 13.3 -99-99.9-9.9-9.9
5294020250330 26.0 13.0-99.999999-99.9-99.9-99.9-99.9-9.9 9913.8 66 11.5 -99-99.9-9.9-9.9
5294020250331 18.0  4.5-99.999999-99.9-99.9-99.9-99.9-9.9 99 8.2 65  3.9 -99-99.9-9.9-9.9
5294020250401 21.7  0.8-99.999999-99.9-99.9-99.9-99.9-9.9 99 7.2 54  2.2 -99-99.9-9.9-9.9
5294020250402 26.1  3.5-99.999999-99.9-99.9-99.9-99.9-9.9 99 7.1 44  2.1 -99-99.9-9.9-9.9
5294020250403 19.3  7.8-99.999999-99.9-99.9-99.9-99.9-9.9 99 7.9 47  3.6 -99-99.9-9.9-9.9
5294020250404 13.3  6.1-99.999999-99.9-99.9-99.9-99.9-9.9 99 6.7 61  1.3 -99-99.9-9.9-9.9
5294020250405 19.1  0.2-99.999999-99.9-99.9-99.9-99.9-9.9 99 7.9 62  3.4 -99-99.9-9.9-9.9
5294020250406 22.5  7.2-99.999999-99.9-99.9-99.9-99.9-9.9 99 9.5 56  6.3 -99-99.9-9.9-9.9
5294020250407 24.7  3.9-99.999999-99.9-99.9-99.9-99.9-9.9 99 9.7 59  6.4 -99-99.9-9.9-9.9
5294020250408 21.2  9.3-99.999999-99.9-99.9-99.9-99.9-9.9 9911.4 66  8.8 -99-99.9-9.9-9.9
5294020250409 23.3  7.4-99.999999-99.9-99.9-99.9-99.9-9.9 9911.5 71  9.0 -99-99.9-9.9-9.9
5294020250410 26.2  7.0-99.999999-99.9-99.9-99.9-99.9-9.9 9912.0 62  9.6 -99-99.9-9.9-9.9
5294020250411 18.3 10.4-99.999999-99.9-99.9-99.9-99.9-9.9 9912.8 94 10.6 -99-99.9-9.9-9.9
5294020250412 18.9  8.8-99.999999-99.9-99.9-99.9-99.9-9.9 99 9.7 71  6.4 -99-99.9-9.9-9.9
5294020250413 21.9  1.5-99.999999-99.9-99.9-99.9-99.9-9.9 99 8.9 62  5.1 -99-99.9-9.9-9.9
5294020250414-99.9-99.9-99.999999-99.9-99.9-99.9-99.9-9.9 99-9.9-99-99.9 -99-99.9-9.9-9.9
5294020250415-99.9-99.9-99.999999-99.9-99.9-99.9-99.9-9.9 99-9.9 90-99.9 -99-99.9-9.9-9.9
5294020250416 23.7  4.0-99.999999-99.9-99.9-99.9-99.9-9.9 9910.8 71  8.0 -99-99.9-9.9-9.9
5294020250417 24.5 10.6-99.999999-99.9-99.9-99.9-99.9-9.9 9913.7 74 11.7 -99-99.9-9.9-9.9
5294020250418 15.7  9.1-99.999999-99.9-99.9-99.9-99.9-9.9 9911.2 79  8.4 -99-99.9-9.9-9.9
5294020250419 16.5  8.9-99.999999-99.9-99.9-99.9-99.9-9.9 99 8.8 65  5.1 -99-99.9-9.9-9.9
5294020250420 21.4  1.3-99.999999-99.9-99.9-99.9-99.9-9.9 99 9.0 71  5.3 -99-99.9-9.9-9.9
5294020250421 22.9  2.7-99.999999-99.9-99.9-99.9-99.9-9.9 99 9.7 69  6.4 -99-99.9-9.9-9.9
5294020250422 24.2  5.4-99.999999-99.9-99.9-99.9-99.9-9.9 9910.7 72  7.9 -99-99.9-9.9-9.9
5294020250423 24.4  6.3-99.999999-99.9-99.9-99.9-99.9-9.9 9911.6 66  8.8 -99-99.9-9.9-9.9
5294020250424 22.4  9.8-99.999999-99.9-99.9-99.9-99.9-9.9 9913.8 81 11.7 -99-99.9-9.9-9.9
5294020250425 27.6  6.9-99.999999-99.9-99.9-99.9-99.9-9.9 9910.1 47  6.2 -99-99.9-9.9-9.9
5294020250426 23.9  8.1-99.999999-99.9-99.9-99.9-99.9-9.9 99 8.3 64  4.1 -99-99.9-9.9-9.9
5294020250427 22.4  1.4-99.999999-99.9-99.9-99.9-99.9-9.9 99 7.9 61  3.4 -99-99.9-9.9-9.9
5294020250428 23.9  2.5-99.999999-99.9-99.9-99.9-99.9-9.9 99 8.5 60  4.4 -99-99.9-9.9-9.9
5294020250429 25.9  3.9-99.999999-99.9-99.9-99.9-99.9-9.9 99 8.4 54  4.4 -99-99.9-9.9-9.9
5294020250430 25.1  6.4-99.999999-99.9-99.9-99.9-99.9-9.9 9910.2 57  7.0 -99-99.9-9.9-9.9
5294020250501 26.0  6.4-99.999999-99.9-99.9-99.9-99.9-9.9 9911.1 63  8.4 -99-99.9-9.9-9.9
5294020250502 22.4  7.0-99.999999-99.9-99.9-99.9-99.9-9.9 99 9.7 64  6.4 -99-99.9-9.9-9.9
5294020250503 25.4  6.2-99.999999-99.9-99.9-99.9-99.9-9.9 9910.1 65  7.1 -99-99.9-9.9-9.9
5294020250504 20.8  8.5-99.999999-99.9-99.9-99.9-99.9-9.9 99 9.3 62  5.8 -99-99.9-9.9-9.9
5294020250505 20.0  2.2-99.999999-99.9-99.9-99.9-99.9-9.9 99 8.3 66  4.2 -99-99.9-9.9-9.9
5294020250506 25.6  2.2-99.999999-99.9-99.9-99.9-99.9-9.9 99 9.0 63  5.3 -99-99.9-9.9-9.9
5294020250507 22.0  7.9-99.999999-99.9-99.9-99.9-99.9-9.9 9912.4 78 10.0 -99-99.9-9.9-9.9
5294020250508 17.5  6.0-99.999999-99.9-99.9-99.9-99.9-9.9 9910.3 83  7.1 -99-99.9-9.9-9.9
5294020250509 23.6  2.0-99.999999-99.9-99.9-99.9-99.9-9.9 99 7.7 63  3.1 -99-99.9-9.9-9.9
5294020250510 24.7  2.9-99.999999-99.9-99.9-99.9-99.9-9.9 99 7.4 55  2.5 -99-99.9-9.9-9.9
5294020250511 22.7  3.8-99.999999-99.9-99.9-99.9-99.9-9.9 99 9.6 70  6.1 -99-99.9-9.9-9.9
5294020250512 26.0  7.3-99.999999-99.9-99.9-99.9-99.9-9.9 9910.3 59  7.3 -99-99.9-9.9-9.9
5294020250513 24.6  5.9-99.999999-99.9-99.9-99.9-99.9-9.9 9911.2 75  8.5 -99-99.9-9.9-9.9
5294020250514 23.9  6.6-99.999999-99.9-99.9-99.9-99.9-9.9 9911.5 67  8.9 -99-99.9-9.9-9.9
5294020250515 24.3  7.2-99.999999-99.9-99.9-99.9-99.9-9.9 9911.3 70  8.7 -99-99.9-9.9-9.9
5294020250516 24.4  5.9-99.999999-99.9-99.9-99.9-99.9-9.9 9910.1 68  7.1 -99-99.9-9.9-9.9
5294020250517 27.7  6.1-99.999999-99.9-99.9-99.9-99.9-9.9 99 8.3 56  3.9 -99-99.9-9.9-9.9
5294020250518 14.4  1.9-99.999999-99.9-99.9-99.9-99.9-9.9 99 6.1 56 -0.1 -99-99.9-9.9-9.9
5294020250519 17.0  4.3-99.999999-99.9-99.9-99.9-99.9-9.9 99 8.3 73  4.3 -99-99.9-9.9-9.9
5294020250520 17.3  1.3-99.999999-99.9-99.9-99.9-99.9-9.9 99 7.2 71  2.2 -99-99.9-9.9-9.9
5294020250521 20.7  1.5-99.999999-99.9-99.9-99.9-99.9-9.9 99 7.4 66  2.5 -99-99.9-9.9-9.9
5294020250522 17.2  0.1-99.999999-99.9-99.9-99.9-99.9-9.9 99 6.5 69  0.9 -99-99.9-9.9-9.9
5294020250523 19.0 -0.7-99.999999-99.9-99.9-99.9-99.9-9.9 99 7.6 75  2.9 -99-99.9-9.9-9.9
5294020250524 20.5  0.8-99.999999-99.9-99.9-99.9-99.9-9.9 99 7.3 64  2.4 -99-99.9-9.9-9.9
5294020250525 20.3  1.4-99.999999-99.9-99.9-99.9-99.9-9.9 99 9.1 77  5.5 -99-99.9-9.9-9.9
5294020250526 19.4  3.5-99.999999-99.9-99.9-99.9-99.9-9.9 99 9.4 74  6.0 -99-99.9-9.9-9.9
5294020250527 11.4  1.4-99.999999-99.9-99.9-99.9-99.9-9.9 99 7.5 88  2.8 -99-99.9-9.9-9.9
5294020250528 12.6 -3.0-99.999999-99.9-99.9-99.9-99.9-9.9 99 6.4 85  0.6 -99-99.9-9.9-9.9
5294020250529 19.2 -0.5-99.999999-99.9-99.9-99.9-99.9-9.9 99 6.2 66  0.1 -99-99.9-9.9-9.9
5294020250530 17.6 -0.7-99.999999-99.9-99.9-99.9-99.9-9.9 99 6.6 64  1.1 -99-99.9-9.9-9.9
5294020250531 14.8 -0.5-99.999999-99.9-99.9-99.9-99.9-9.9 99 6.4 77  0.5 -99-99.9-9.9-9.9
5294020250601 13.7 -2.1-99.999999-99.9-99.9-99.9-99.9-9.9 99 6.6 83  1.0 -99-99.9-9.9-9.9
5294020250602 23.5  0.1-99.999999-99.9-99.9-99.9-99.9-9.9 99 6.4 55  0.6 -99-99.9-9.9-9.9
5294020250603 20.9  1.0-99.999999-99.9-99.9-99.9-99.9-9.9 99 7.3 61  2.4 -99-99.9-9.9-9.9
5294020250604 22.0  3.3-99.999999-99.9-99.9-99.9-99.9-9.9 99 6.2 53  0.1 -99-99.9-9.9-9.9
5294020250605 20.2 -0.1-99.999999-99.9-99.9-99.9-99.9-9.9 99 6.3 64  0.4 -99-99.9-9.9-9.9
5294020250606 19.9  1.0-99.999999-99.9-99.9-99.9-99.9-9.9 99 7.6 67  2.8 -99-99.9-9.9-9.9
5294020250607 19.4  5.8-99.999999-99.9-99.9-99.9-99.9-9.9 99 8.2 68  4.0 -99-99.9-9.9-9.9
5294020250608 16.7  1.6-99.999999-99.9-99.9-99.9-99.9-9.9 99 8.1 79  3.8 -99-99.9-9.9-9.9
5294020250609 16.0 -1.1-99.999999-99.9-99.9-99.9-99.9-9.9 99 7.4 82  2.6 -99-99.9-9.9-9.9
5294020250610 18.1 -0.6-99.999999-99.9-99.9-99.9-99.9-9.9 99 7.2 76  2.2 -99-99.9-9.9-9.9
5294020250611 16.8 -0.3-99.999999-99.9-99.9-99.9-99.9-9.9 99 8.1 79  3.8 -99-99.9-9.9-9.9
5294020250612 15.0  3.8-99.999999-99.9-99.9-99.9-99.9-9.9 99 8.9 70  5.3 -99-99.9-9.9-9.9
5294020250613 11.3  4.2-99.999999-99.9-99.9-99.9-99.9-9.9 99 8.2 83  4.1 -99-99.9-9.9-9.9
5294020250614 12.4 -2.1-99.999999-99.9-99.9-99.9-99.9-9.9 99 6.8 82  1.3 -99-99.9-9.9-9.9
5294020250615 16.5 -1.3-99.999999-99.9-99.9-99.9-99.9-9.9 99 7.4 81  2.5 -99-99.9-9.9-9.9
5294020250616 17.2  3.4-99.999999-99.9-99.9-99.9-99.9-9.9 99 7.0 68  1.8 -99-99.9-9.9-9.9
5294020250617 13.7  0.2-99.999999-99.9-99.9-99.9-99.9-9.9 99 6.9 79  1.7 -99-99.9-9.9-9.9
5294020250618 14.8 -1.3-99.999999-99.9-99.9-99.9-99.9-9.9 99 5.7 69 -1.1 -99-99.9-9.9-9.9
5294020250619 16.9 -3.2-99.999999-99.9-99.9-99.9-99.9-9.9 99 5.7 70 -1.0 -99-99.9-9.9-9.9
5294020250620 20.6 -2.4-99.999999-99.9-99.9-99.9-99.9-9.9 99 5.2 53 -2.4 -99-99.9-9.9-9.9
5294020250621 14.4 -1.8-99.999999-99.9-99.9-99.9-99.9-9.9 99 5.2 55 -2.2 -99-99.9-9.9-9.9
5294020250622 16.5  0.8-99.999999-99.9-99.9-99.9-99.9-9.9 99 4.9 53 -3.3 -99-99.9-9.9-9.9
5294020250623 10.3 -9.5-99.999999-99.9-99.9-99.9-99.9-9.9 99 3.2 59 -8.9 -99-99.9-9.9-9.9
5294020250624 20.0 -4.1-99.999999-99.9-99.9-99.9-99.9-9.9 99 3.6 48 -7.0 -99-99.9-9.9-9.9
5294020250625 12.2 -0.6-99.999999-99.9-99.9-99.9-99.9-9.9 99 4.7 57 -3.8 -99-99.9-9.9-9.9
5294020250626 17.3 -5.8-99.999999-99.9-99.9-99.9-99.9-9.9 99 4.5 61 -4.3 -99-99.9-9.9-9.9
5294020250627 13.7 -3.1-99.999999-99.9-99.9-99.9-99.9-9.9 99 4.1 54 -5.3 -99-99.9-9.9-9.9
5294020250628  7.9 -4.4-99.999999-99.9-99.9-99.9-99.9-9.9 99 4.5 71 -4.3 -99-99.9-9.9-9.9
5294020250629 -0.4 -2.5-99.999999-99.9-99.9-99.9-99.9-9.9 99 4.8 92 -3.3 -99-99.9-9.9-9.9
5294020250630 -0.1 -9.0-99.999999-99.9-99.9-99.9-99.9-9.9 99 4.4 96 -4.5 -99-99.9-9.9-9.9
5294020250701-99.9-99.9-99.999999-99.9-99.9-99.9-99.9-9.9 99 4.7 76 -3.7 -99-99.9-9.9-9.9
5294020250702 10.9 -6.3-99.999999-99.9-99.9-99.9-99.9-9.9 99 5.0 79 -2.9 -99-99.9-9.9-9.9
5294020250703 12.9 -4.2-99.999999-99.9-99.9-99.9-99.9-9.9 99 5.3 76 -1.9 -99-99.9-9.9-9.9
5294020250704 23.3 -3.1-99.999999-99.9-99.9-99.9-99.9-9.9 99 4.6 42 -3.8 -99-99.9-9.9-9.9
5294020250705 15.0 -1.4-99.999999-99.9-99.9-99.9-99.9-9.9 99 5.5 66 -1.5 -99-99.9-9.9-9.9
5294020250706 18.1 -1.3-99.999999-99.9-99.9-99.9-99.9-9.9 99 6.0 66 -0.4 -99-99.9-9.9-9.9
5294020250707 17.5 -1.2-99.999999-99.9-99.9-99.9-99.9-9.9 99 6.3 68  0.3 -99-99.9-9.9-9.9
5294020250708 20.2 -1.7-99.999999-99.9-99.9-99.9-99.9-9.9 99 7.3 70  2.2 -99-99.9-9.9-9.9
5294020250709 13.8 -0.3-99.999999-99.9-99.9-99.9-99.9-9.9 99 6.8 73  1.3 -99-99.9-9.9-9.9
5294020250710 12.1 -1.1-99.999999-99.9-99.9-99.9-99.9-9.9 99 6.9 84  1.5 -99-99.9-9.9-9.9
5294020250711 17.7 -4.5-99.999999-99.9-99.9-99.9-99.9-9.9 99 5.1 60 -2.7 -99-99.9-9.9-9.9
5294020250712 18.7 -3.2-99.999999-99.9-99.9-99.9-99.9-9.9 99 5.9 66 -0.6 -99-99.9-9.9-9.9
5294020250713 18.0 -3.9-99.999999-99.9-99.9-99.9-99.9-9.9 99 6.0 70 -0.7 -99-99.9-9.9-9.9
5294020250714 19.2 -2.2-99.999999-99.9-99.9-99.9-99.9-9.9 99 7.2 75  2.1 -99-99.9-9.9-9.9
5294020250715 19.2  1.0-99.999999-99.9-99.9-99.9-99.9-9.9 99 8.1 65  3.5 -99-99.9-9.9-9.9
5294020250716 14.8 -4.4-99.999999-99.9-99.9-99.9-99.9-9.9 99 4.5 58 -4.3 -99-99.9-9.9-9.9
5294020250717 21.6 -4.2-99.999999-99.9-99.9-99.9-99.9-9.9 99 4.2 46 -5.3 -99-99.9-9.9-9.9
5294020250718 24.0 -1.8-99.999999-99.9-99.9-99.9-99.9-9.9 99 4.5 45 -4.3 -99-99.9-9.9-9.9
5294020250719 27.6  0.8-99.999999-99.9-99.9-99.9-99.9-9.9 99 3.9 32 -6.1 -99-99.9-9.9-9.9
5294020250720 22.1  0.2-99.999999-99.9-99.9-99.9-99.9-9.9 99 4.8 41 -3.5 -99-99.9-9.9-9.9
5294020250721 19.7 -1.3-99.999999-99.9-99.9-99.9-99.9-9.9 99 5.9 61 -0.6 -99-99.9-9.9-9.9
5294020250722  7.1  1.9-99.999999-99.9-99.9-99.9-99.9-9.9 99 7.2 86  2.3 -99-99.9-9.9-9.9
5294020250723  9.4  3.7-99.999999-99.9-99.9-99.9-99.9-9.9 99 7.3 78  2.4 -99-99.9-9.9-9.9
5294020250724 12.6 -4.3-99.999999-99.9-99.9-99.9-99.9-9.9 99 6.3 83  0.2 -99-99.9-9.9-9.9
5294020250725 17.3 -2.6-99.999999-99.9-99.9-99.9-99.9-9.9 99 5.3 54 -1.9 -99-99.9-9.9-9.9
5294020250726  6.9  1.6-99.999999-99.9-99.9-99.9-99.9-9.9 99 7.0 89  1.9 -99-99.9-9.9-9.9
5294020250727  9.9 -5.3-99.999999-99.9-99.9-99.9-99.9-9.9 99 6.2 82  0.0 -99-99.9-9.9-9.9
5294020250728  9.9  1.3-99.999999-99.9-99.9-99.9-99.9-9.9 99 7.0 88  2.0 -99-99.9-9.9-9.9
5294020250729 15.3 -3.2-99.999999-99.9-99.9-99.9-99.9-9.9 99 6.7 77  1.1 -99-99.9-9.9-9.9
5294020250730 12.7  0.5-99.999999-99.9-99.9-99.9-99.9-9.9 99 8.2 90  4.1 -99-99.9-9.9-9.9
5294020250731 19.4  0.4-99.999999-99.9-99.9-99.9-99.9-9.9 99 9.1 77  5.2 -99-99.9-9.9-9.9
5294020250801 17.1  7.9-99.999999-99.9-99.9-99.9-99.9-9.9 99 9.9 77  6.8 -99-99.9-9.9-9.9
5294020250802 17.3  1.5-99.999999-99.9-99.9-99.9-99.9-9.9 99 7.4 69  2.5 -99-99.9-9.9-9.9
5294020250803 13.0  1.7-99.999999-99.9-99.9-99.9-99.9-9.9 99 5.8 55 -0.9 -99-99.9-9.9-9.9
5294020250804 13.4 -1.9-99.999999-99.9-99.9-99.9-99.9-9.9 99 5.3 67 -2.0 -99-99.9-9.9-9.9
5294020250805 15.7 -2.7-99.999999-99.9-99.9-99.9-99.9-9.9 99 5.7 69 -1.0 -99-99.9-9.9-9.9
5294020250806 15.5 -1.8-99.999999-99.9-99.9-99.9-99.9-9.9 99 7.2 59  1.9 -99-99.9-9.9-9.9
5294020250807 13.4  4.8-99.999999-99.9-99.9-99.9-99.9-9.9 99 8.5 77  4.6 -99-99.9-9.9-9.9
5294020250808 15.0 -0.9-99.999999-99.9-99.9-99.9-99.9-9.9 99 6.9 75  1.6 -99-99.9-9.9-9.9
5294020250809 17.9 -0.8-99.999999-99.9-99.9-99.9-99.9-9.9 99 6.6 70  1.0 -99-99.9-9.9-9.9
5294020250810 22.0  1.0-99.999999-99.9-99.9-99.9-99.9-9.9 99 5.9 51 -0.7 -99-99.9-9.9-9.9
5294020250811 22.5  1.5-99.999999-99.9-99.9-99.9-99.9-9.9 99 6.1 52  0.0 -99-99.9-9.9-9.9
5294020250812 25.1  4.6-99.999999-99.9-99.9-99.9-99.9-9.9 99 6.9 45  1.7 -99-99.9-9.9-9.9
5294020250813 13.9  6.3-99.999999-99.9-99.9-99.9-99.9-9.9 99 7.4 62  2.6 -99-99.9-9.9-9.9
5294020250814 11.2  5.9-99.999999-99.9-99.9-99.9-99.9-9.9 99 8.0 71  3.8 -99-99.9-9.9-9.9
5294020250815 10.3  6.4-99.999999-99.9-99.9-99.9-99.9-9.9 99 8.3 78  4.3 -99-99.9-9.9-9.9
5294020250816 18.1  0.0-99.999999-99.9-99.9-99.9-99.9-9.9 99 8.2 70  4.1 -99-99.9-9.9-9.9
5294020250817 17.0  4.7-99.999999-99.9-99.9-99.9-99.9-9.9 99 9.1 69  5.5 -99-99.9-9.9-9.9
5294020250818 14.9  7.4-99.999999-99.9-99.9-99.9-99.9-9.9 9910.9 85  8.2 -99-99.9-9.9-9.9
5294020250819 20.6  0.9-99.999999-99.9-99.9-99.9-99.9-9.9 99 7.7 64  3.2 -99-99.9-9.9-9.9
5294020250820 17.9  3.4-99.999999-99.9-99.9-99.9-99.9-9.9 99 7.9 64  3.5 -99-99.9-9.9-9.9
5294020250821 19.5  8.0-99.999999-99.9-99.9-99.9-99.9-9.9 99 6.9 44  1.4 -99-99.9-9.9-9.9
5294020250822 12.8  2.7-99.999999-99.9-99.9-99.9-99.9-9.9 99 4.6 51 -4.1 -99-99.9-9.9-9.9
5294020250823 12.9 -8.1-99.999999-99.9-99.9-99.9-99.9-9.9 99 3.5 52 -7.6 -99-99.9-9.9-9.9
5294020250824 20.9 -4.2-99.999999-99.9-99.9-99.9-99.9-9.9 99 3.6 38 -7.1 -99-99.9-9.9-9.9
5294020250825 23.9  1.6-99.999999-99.9-99.9-99.9-99.9-9.9 99 4.1 31 -5.4 -99-99.9-9.9-9.9
5294020250826 24.7  2.0-99.999999-99.9-99.9-99.9-99.9-9.9 99 4.2 29 -5.1 -99-99.9-9.9-9.9
5294020250827 25.7  2.9-99.999999-99.9-99.9-99.9-99.9-9.9 99 4.5 33 -4.1 -99-99.9-9.9-9.9
5294020250828 24.5  2.2-99.999999-99.9-99.9-99.9-99.9-9.9 99 5.0 36 -2.7 -99-99.9-9.9-9.9
5294020250829 23.7  4.6-99.999999-99.9-99.9-99.9-99.9-9.9 99 6.6 35  0.8 -99-99.9-9.9-9.9
5294020250830 17.0  4.2-99.999999-99.9-99.9-99.9-99.9-9.9 99 9.4 88  6.0 -99-99.9-9.9-9.9
5294020250831  6.2  2.9-99.999999-99.9-99.9-99.9-99.9-9.9 99 8.1100  3.9 -99-99.9-9.9-9.9
5294020250901 16.3  0.7-99.999999-99.9-99.9-99.9-99.9-9.9 99 8.5 81  4.5 -99-99.9-9.9-9.9
5294020250902 19.8  2.5-99.999999-99.9-99.9-99.9-99.9-9.9 99 9.4 78  5.9 -99-99.9-9.9-9.9
5294020250903 16.3  2.8-99.999999-99.9-99.9-99.9-99.9-9.9 99 7.8 72  3.3 -99-99.9-9.9-9.9
5294020250904 11.7  1.8-99.999999-99.9-99.9-99.9-99.9-9.9 99 6.1 67 -0.2 -99-99.9-9.9-9.9
5294020250905 13.4 -1.6-99.999999-99.9-99.9-99.9-99.9-9.9 99 6.1 70 -0.1 -99-99.9-9.9-9.9
5294020250906 17.2 -1.7-99.999999-99.9-99.9-99.9-99.9-9.9 99 7.2 72  2.2 -99-99.9-9.9-9.9
5294020250907 19.5  0.8-99.999999-99.9-99.9-99.9-99.9-9.9 99 7.9 63  3.5 -99-99.9-9.9-9.9
5294020250908 20.6  3.3-99.999999-99.9-99.9-99.9-99.9-9.9 99 7.4 53  2.7 -99-99.9-9.9-9.9
5294020250909 23.1  2.2-99.999999-99.9-99.9-99.9-99.9-9.9 99 8.5 60  4.5 -99-99.9-9.9-9.9
5294020250910 22.4  7.2-99.999999-99.9-99.9-99.9-99.9-9.9 99 7.1 38  1.8 -99-99.9-9.9-9.9
5294020250911 22.0  1.3-99.999999-99.9-99.9-99.9-99.9-9.9 99 6.0 48 -0.5 -99-99.9-9.9-9.9
5294020250912 24.6  4.6-99.999999-99.9-99.9-99.9-99.9-9.9 99 7.7 50  3.1 -99-99.9-9.9-9.9
5294020250913 24.9  4.2-99.999999-99.9-99.9-99.9-99.9-9.9 99 7.6 47  2.9 -99-99.9-9.9-9.9
5294020250914 20.1  2.6-99.999999-99.9-99.9-99.9-99.9-9.9 99 6.3 39  0.4 -99-99.9-9.9-9.9
5294020250915 25.8  3.1-99.999999-99.9-99.9-99.9-99.9-9.9 99 6.5 42  0.8 -99-99.9-9.9-9.9
5294020250916 28.1  5.0-99.999999-99.9-99.9-99.9-99.9-9.9 99 8.8 48  4.9 -99-99.9-9.9-9.9
5294020250917 27.4 10.3-99.999999-99.9-99.9-99.9-99.9-9.9 9911.9 54  9.4 -99-99.9-9.9-9.9
5294020250918 29.0  9.9-99.999999-99.9-99.9-99.9-99.9-9.9 9913.2 62 11.0 -99-99.9-9.9-9.9
5294020250919 21.8 11.7-99.999999-99.9-99.9-99.9-99.9-9.9 9910.1 48  7.0 -99-99.9-9.9-9.9
5294020250920 25.0  9.2-99.999999-99.9-99.9-99.9-99.9-9.9 9910.0 46  6.6 -99-99.9-9.9-9.9
5294020250921 18.1  5.1-99.999999-99.9-99.9-99.9-99.9-9.9 99 7.4 56  1.9 -99-99.9-9.9-9.9
5294020250922 20.2 -0.4-99.999999-99.9-99.9-99.9-99.9-9.9 99 6.3 53  0.4 -99-99.9-9.9-9.9
5294020250923 22.4  3.4-99.999999-99.9-99.9-99.9-99.9-9.9 99 6.3 41  0.3 -99-99.9-9.9-9.9
5294020250924 22.5  4.0-99.999999-99.9-99.9-99.9-99.9-9.9 99 8.4 55  4.4 -99-99.9-9.9-9.9
5294020250925 24.9  5.4-99.999999-99.9-99.9-99.9-99.9-9.9 99 9.3 53  5.9 -99-99.9-9.9-9.9
5294020250926 26.1  7.1-99.999999-99.9-99.9-99.9-99.9-9.9 99 9.8 62  6.6 -99-99.9-9.9-9.9
5294020250927 19.8 -0.1-99.999999-99.9-99.9-99.9-99.9-9.9 99 7.0 58  1.8 -99-99.9-9.9-9.9
5294020250928 25.8  1.4-99.999999-99.9-99.9-99.9-99.9-9.9 99 7.9 54  3.4 -99-99.9-9.9-9.9
5294020250929 25.5  7.7-99.999999-99.9-99.9-99.9-99.9-9.9 99 8.4 41  4.5 -99-99.9-9.9-9.9
5294020250930 23.3  7.1-99.999999-99.9-99.9-99.9-99.9-9.9 99 9.3 51  5.9 -99-99.9-9.9-9.9
5294020251001 25.2  5.6-99.999999-99.9-99.9-99.9-99.9-9.9 9910.4 51  7.4 -99-99.9-9.9-9.9
5294020251002 29.2  7.2-99.999999-99.9-99.9-99.9-99.9-9.9 9910.8 46  8.1 -99-99.9-9.9-9.9
5294020251003 29.4  8.2-99.999999-99.9-99.9-99.9-99.9-9.9 9911.0 54  8.3 -99-99.9-9.9-9.9
5294020251004 28.3 11.5-99.999999-99.9-99.9-99.9-99.9-9.9 99 8.2 29  3.6 -99-99.9-9.9-9.9
5294020251005 17.7  6.8-99.999999-99.9-99.9-99.9-99.9-9.9 99 6.0 47 -0.3 -99-99.9-9.9-9.9
5294020251006 20.1 -0.8-99.999999-99.9-99.9-99.9-99.9-9.9 99 4.7 32 -3.6 -99-99.9-9.9-9.9
5294020251007 24.3  0.0-99.999999-99.9-99.9-99.9-99.9-9.9 99 5.7 37 -0.9 -99-99.9-9.9-9.9
5294020251008 27.0  4.6-99.999999-99.9-99.9-99.9-99.9-9.9 99 6.3 34  0.3 -99-99.9-9.9-9.9
5294020251009 30.2  5.4-99.999999-99.9-99.9-99.9-99.9-9.9 99 6.9 32  1.6 -99-99.9-9.9-9.9
5294020251010 29.3  9.2-99.999999-99.9-99.9-99.9-99.9-9.9 99 7.0 32  1.8 -99-99.9-9.9-9.9
5294020251011 24.2  6.6-99.999999-99.9-99.9-99.9-99.9-9.9 99 6.0 32 -0.6 -99-99.9-9.9-9.9
5294020251012 22.9 -0.6-99.999999-99.9-99.9-99.9-99.9-9.9 99 4.8 29 -3.4 -99-99.9-9.9-9.9
5294020251013 27.4  1.9-99.999999-99.9-99.9-99.9-99.9-9.9 99 5.7 33 -1.0 -99-99.9-9.9-9.9
5294020251014 28.9  7.4-99.999999-99.9-99.9-99.9-99.9-9.9 99 6.4 29  0.5 -99-99.9-9.9-9.9
5294020251015 29.9  9.7-99.999999-99.9-99.9-99.9-99.9-9.9 99 6.5 25  0.9 -99-99.9-9.9-9.9
5294020251016 25.0  8.1-99.999999-99.9-99.9-99.9-99.9-9.9 99 7.0 38  1.9 -99-99.9-9.9-9.9
5294020251017 23.0  9.9-99.999999-99.9-99.9-99.9-99.9-9.9 99 8.7 46  4.9 -99-99.9-9.9-9.9
5294020251018 25.3  7.2-99.999999-99.9-99.9-99.9-99.9-9.9 99 8.8 40  5.1 -99-99.9-9.9-9.9
5294020251019 28.1  6.6-99.999999-99.9-99.9-99.9-99.9-9.9 9911.0 51  8.1 -99-99.9-9.9-9.9
5294020251020 30.6  9.3-99.999999-99.9-99.9-99.9-99.9-9.9 9911.6 40  9.1 -99-99.9-9.9-9.9
5294020251021 29.2 11.8-99.999999-99.9-99.9-99.9-99.9-9.9 9910.3 38  7.3 -99-99.9-9.9-9.9
5294020251022 26.0  6.8-99.999999-99.9-99.9-99.9-99.9-9.9 99 8.7 38  4.6 -99-99.9-9.9-9.9
5294020251023 31.2 10.4-99.999999-99.9-99.9-99.9-99.9-9.9 9912.0 44  9.6 -99-99.9-9.9-9.9
5294020251024 21.8  7.7-99.999999-99.9-99.9-99.9-99.9-9.9 99 9.8 53  6.6 -99-99.9-9.9-9.9
5294020251025 18.5  6.0-99.999999-99.9-99.9-99.9-99.9-9.9 9910.1 82  7.1 -99-99.9-9.9-9.9
5294020251026 25.6  4.6-99.999999-99.9-99.9-99.9-99.9-9.9 99 8.8 48  5.0 -99-99.9-9.9-9.9
5294020251027 16.9  3.2-99.999999-99.9-99.9-99.9-99.9-9.9 99 7.9 91  3.5 -99-99.9-9.9-9.9
5294020251028 11.9  1.4-99.999999-99.9-99.9-99.9-99.9-9.9 99 7.2 67  2.3 -99-99.9-9.9-9.9
5294020251029 18.9  4.4-99.999999-99.9-99.9-99.9-99.9-9.9 99 8.9 65  5.2 -99-99.9-9.9-9.9
5294020251030 24.8  4.0-99.999999-99.9-99.9-99.9-99.9-9.9 99 9.2 44  5.7 -99-99.9-9.9-9.9
5294020251031 24.0  5.9-99.999999-99.9-99.9-99.9-99.9-9.9 9910.5 56  7.6 -99-99.9-9.9-9.9
5294020251101 25.7  8.5-99.999999-99.9-99.9-99.9-99.9-9.9 99 9.7 53  6.5 -99-99.9-9.9-9.9
5294020251102 28.8  7.1-99.999999-99.9-99.9-99.9-99.9-9.9 99 9.2 37  5.8 -99-99.9-9.9-9.9
5294020251103 30.7  8.2-99.999999-99.9-99.9-99.9-99.9-9.9 99 9.4 37  6.0 -99-99.9-9.9-9.9
5294020251104 26.9 10.4-99.999999-99.9-99.9-99.9-99.9-9.9 99 9.5 34  6.1 -99-99.9-9.9-9.9
5294020251105 22.2 11.0-99.999999-99.9-99.9-99.9-99.9-9.9 9913.8 74 11.7 -99-99.9-9.9-9.9
5294020251106 18.9 10.3-99.999999-99.9-99.9-99.9-99.9-9.9 9913.6 92 11.5 -99-99.9-9.9-9.9
5294020251107 18.4  7.6-99.999999-99.9-99.9-99.9-99.9-9.9 9910.9 69  8.1 -99-99.9-9.9-9.9
5294020251108 18.3  7.0-99.999999-99.9-99.9-99.9-99.9-9.9 9912.5 78 10.2 -99-99.9-9.9-9.9
5294020251109 23.1 10.7-99.999999-99.9-99.9-99.9-99.9-9.9 9913.1 66 11.0 -99-99.9-9.9-9.9
5294020251110 27.2 10.1-99.999999-99.9-99.9-99.9-99.9-9.9 9913.9 55 11.8 -99-99.9-9.9-9.9
5294020251111 26.6 11.5-99.999999-99.9-99.9-99.9-99.9-9.9 9911.4 50  8.8 -99-99.9-9.9-9.9
5294020251112 23.5 11.2-99.999999-99.9-99.9-99.9-99.9-9.9 99 9.9 49  6.7 -99-99.9-9.9-9.9
5294020251113 28.6  7.3-99.999999-99.9-99.9-99.9-99.9-9.9 9910.4 41  7.5 -99-99.9-9.9-9.9
5294020251114 31.2  9.5-99.999999-99.9-99.9-99.9-99.9-9.9 9913.4 45 11.3 -99-99.9-9.9-9.9
5294020251115 33.4 11.2-99.999999-99.9-99.9-99.9-99.9-9.9 9912.3 41  9.6 -99-99.9-9.9-9.9
5294020251116 26.0 10.7-99.999999-99.9-99.9-99.9-99.9-9.9 99 8.7 39  4.9 -99-99.9-9.9-9.9
5294020251117 29.6  4.9-99.999999-99.9-99.9-99.9-99.9-9.9 99 8.4 31  4.4 -99-99.9-9.9-9.9
5294020251118 35.3 13.4-99.999999-99.9-99.9-99.9-99.9-9.9 99 8.5 25  4.5 -99-99.9-9.9-9.9
5294020251119 29.9 10.3-99.999999-99.9-99.9-99.9-99.9-9.9 99 9.0 31  5.4 -99-99.9-9.9-9.9
5294020251120 33.7 12.4-99.999999-99.9-99.9-99.9-99.9-9.9 99 8.0 31  3.3 -99-99.9-9.9-9.9
5294020251121 26.1  3.8-99.999999-99.9-99.9-99.9-99.9-9.9 99 7.2 31  2.2 -99-99.9-9.9-9.9
5294020251122 30.6  9.5-99.999999-99.9-99.9-99.9-99.9-9.9 99 7.6 26  3.0 -99-99.9-9.9-9.9
5294020251123 32.6 10.7-99.999999-99.9-99.9-99.9-99.9-9.9 99 9.6 30  6.3 -99-99.9-9.9-9.9
5294020251124 33.8 12.0-99.999999-99.9-99.9-99.9-99.9-9.9 9910.6 33  7.8 -99-99.9-9.9-9.9
5294020251125 35.4 14.7-99.999999-99.9-99.9-99.9-99.9-9.9 9910.4 27  7.4 -99-99.9-9.9-9.9
5294020251126 34.1 14.7-99.999999-99.9-99.9-99.9-99.9-9.9 9910.3 29  7.2 -99-99.9-9.9-9.9
5294020251127 33.1  9.7-99.999999-99.9-99.9-99.9-99.9-9.9 9910.4 32  7.5 -99-99.9-9.9-9.9
5294020251128 27.4 20.3-99.999999-99.9-99.9-99.9-99.9-9.9 9915.3 57 13.2 -99-99.9-9.9-9.9
5294020251129 24.1 14.0-99.999999-99.9-99.9-99.9-99.9-9.9 9916.9 72 14.8 -99-99.9-9.9-9.9
5294020251130 29.1 15.0-99.999999-99.9-99.9-99.9-99.9-9.9 9915.1 57 13.1 -99-99.9-9.9-9.9
5294020251201 26.8 15.2-99.999999-99.9-99.9-99.9-99.9-9.9 9914.0 55 11.9 -99-99.9-9.9-9.9
5294020251202 32.7 11.0-99.999999-99.9-99.9-99.9-99.9-9.9 9912.5 38 10.2 -99-99.9-9.9-9.9
5294020251203 33.9 14.1-99.999999-99.9-99.9-99.9-99.9-9.9 9915.0 44 13.0 -99-99.9-9.9-9.9
5294020251204 37.3 16.5-99.999999-99.9-99.9-99.9-99.9-9.9 9912.7 31 10.4 -99-99.9-9.9-9.9
5294020251205 33.9 17.3-99.999999-99.9-99.9-99.9-99.9-9.9 9910.3 25  7.2 -99-99.9-9.9-9.9
5294020251206 30.2 15.0-99.999999-99.9-99.9-99.9-99.9-9.9 9910.7 39  7.2 -99-99.9-9.9-9.9
5294020251207 19.9 13.9-99.999999-99.9-99.9-99.9-99.9-9.9 9916.0 93 14.0 -99-99.9-9.9-9.9
5294020251208 27.9  9.9-99.999999-99.9-99.9-99.9-99.9-9.9 9913.5 63 11.3 -99-99.9-9.9-9.9
5294020251209 31.0 11.9-99.999999-99.9-99.9-99.9-99.9-9.9 9912.6 38 10.3 -99-99.9-9.9-9.9
5294020251210 30.5 12.7-99.999999-99.9-99.9-99.9-99.9-9.9 9912.7 42 10.4 -99-99.9-9.9-9.9
5294020251211 30.5 14.0-99.999999-99.9-99.9-99.9-99.9-9.9 9913.7 50 11.6 -99-99.9-9.9-9.9
5294020251212 32.8 12.5-99.999999-99.9-99.9-99.9-99.9-9.9 9911.8 33  9.4 -99-99.9-9.9-9.9
5294020251213 31.3 17.2-99.999999-99.9-99.9-99.9-99.9-9.9 9910.4 32  7.4 -99-99.9-9.9-9.9
5294020251214 25.4 14.4-99.999999-99.9-99.9-99.9-99.9-9.9 9910.5 58  7.6 -99-99.9-9.9-9.9
5294020251215 26.8  6.0-99.999999-99.9-99.9-99.9-99.9-9.9 99 8.7 33  5.0 -99-99.9-9.9-9.9
5294020251216 28.0 11.1-99.999999-99.9-99.9-99.9-99.9-9.9 99 8.7 36  4.9 -99-99.9-9.9-9.9
5294020251217 35.1 11.5-99.999999-99.9-99.9-99.9-99.9-9.9 9910.3 27  7.4 -99-99.9-9.9-9.9
5294020251218 30.6 15.1-99.999999-99.9-99.9-99.9-99.9-9.9 99 9.7 32  6.4 -99-99.9-9.9-9.9
5294020251219 33.3 14.1-99.999999-99.9-99.9-99.9-99.9-9.9 9911.0 26  8.2 -99-99.9-9.9-9.9
5294020251220 31.5 13.8-99.999999-99.9-99.9-99.9-99.9-9.9 9910.2 32  7.2 -99-99.9-9.9-9.9
5294020251221 28.8 13.7-99.999999-99.9-99.9-99.9-99.9-9.9 9914.3 53 12.3 -99-99.9-9.9-9.9
5294020251222 27.0 13.8-99.999999-99.9-99.9-99.9-99.9-9.9 9914.8 63 12.8 -99-99.9-9.9-9.9
5294020251223 31.2 10.6-99.999999-99.9-99.9-99.9-99.9-9.9 9913.5 41 11.3 -99-99.9-9.9-9.9
5294020251224 29.6 17.3-99.999999-99.9-99.9-99.9-99.9-9.9 9910.5 31  7.5 -99-99.9-9.9-9.9
5294020251225 33.3 10.2-99.999999-99.9-99.9-99.9-99.9-9.9 9910.5 32  7.7 -99-99.9-9.9-9.9
5294020251226 35.6 14.5-99.999999-99.9-99.9-99.9-99.9-9.9 9913.3 33 11.1 -99-99.9-9.9-9.9
5294020251227 30.9 13.0-99.999999-99.9-99.9-99.9-99.9-9.9 99 9.3 30  5.8 -99-99.9-9.9-9.9
5294020251228 34.4 15.4-99.999999-99.9-99.9-99.9-99.9-9.9 9911.4 32  8.8 -99-99.9-9.9-9.9
5294020251229 32.5 13.1-99.999999-99.9-99.9-99.9-99.9-9.9 9914.7 44 12.6 -99-99.9-9.9-9.9
5294020251230 33.9 16.5-99.999999-99.9-99.9-99.9-99.9-9.9 9914.9 46 12.8 -99-99.9-9.9-9.9
5294020251231 33.8 14.2-99.999999-99.9-99.9-99.9-99.9-9.9 9913.6 37 11.5 -99-99.9-9.9-9.9
5294020260101 37.4 13.6-99.999999-99.9-99.9-99.9-99.9-9.9 9911.4 26  8.9 -99-99.9-9.9-9.9
5294020260102 34.8 16.3-99.999999-99.9-99.9-99.9-99.9-9.9 9910.4 29  7.5 -99-99.9-9.9-9.9
5294020260103 32.0 15.3-99.999999-99.9-99.9-99.9-99.9-9.9 9910.1 28  7.1 -99-99.9-9.9-9.9
5294020260104 31.7 12.0-99.999999-99.9-99.9-99.9-99.9-9.9 9911.4 35  8.8 -99-99.9-9.9-9.9
5294020260105 34.2 14.6-99.999999-99.9-99.9-99.9-99.9-9.9 9912.5 37  9.9 -99-99.9-9.9-9.9
5294020260106 31.5 17.6-99.999999-99.9-99.9-99.9-99.9-9.9 9912.9 37 10.7 -99-99.9-9.9-9.9
5294020260107 34.0 12.9-99.999999-99.9-99.9-99.9-99.9-9.9 9910.9 30  8.2 -99-99.9-9.9-9.9
5294020260108 26.1 13.7-99.999999-99.9-99.9-99.9-99.9-9.9 9915.6 88 13.6 -99-99.9-9.9-9.9
5294020260109 24.3 13.2-99.999999-99.9-99.9-99.9-99.9-9.9 9915.7 69 13.7 -99-99.9-9.9-9.9
5294020260110 32.2 13.6-99.999999-99.9-99.9-99.9-99.9-9.9 9916.5 62 14.4 -99-99.9-9.9-9.9
5294020260111 33.2 13.4-99.999999-99.9-99.9-99.9-99.9-9.9 9915.8 42 13.8 -99-99.9-9.9-9.9
5294020260112 33.2 15.0-99.999999-99.9-99.9-99.9-99.9-9.9 9914.2 36 12.0 -99-99.9-9.9-9.9
5294020260113 29.6 15.3-99.999999-99.9-99.9-99.9-99.9-9.9 9912.6 43 10.2 -99-99.9-9.9-9.9
5294020260114 32.7 14.0-99.999999-99.9-99.9-99.9-99.9-9.9 9917.3 51 15.2 -99-99.9-9.9-9.9
5294020260115 28.7 16.5-99.999999-99.9-99.9-99.9-99.9-9.9 9917.7 60 15.5 -99-99.9-9.9-9.9
5294020260116 32.2 16.7-99.999999-99.9-99.9-99.9-99.9-9.9 9916.6 51 14.6 -99-99.9-9.9-9.9
5294020260117 33.5 16.4-99.999999-99.9-99.9-99.9-99.9-9.9 9913.4 38 11.2 -99-99.9-9.9-9.9
5294020260118 28.5 18.0-99.999999-99.9-99.9-99.9-99.9-9.9 99 9.4 32  5.8 -99-99.9-9.9-9.9
5294020260119 30.7 11.5-99.999999-99.9-99.9-99.9-99.9-9.9 9912.1 41  9.5 -99-99.9-9.9-9.9
5294020260120 34.5 13.4-99.999999-99.9-99.9-99.9-99.9-9.9 9915.8 43 13.8 -99-99.9-9.9-9.9
5294020260121 35.9 16.3-99.999999-99.9-99.9-99.9-99.9-9.9 9917.2 47 15.1 -99-99.9-9.9-9.9
5294020260122 36.6 15.8-99.999999-99.9-99.9-99.9-99.9-9.9 9917.5 43 15.3 -99-99.9-9.9-9.9
5294020260123 33.5 17.6-99.999999-99.9-99.9-99.9-99.9-9.9 9920.9 60 18.2 -99-99.9-9.9-9.9
5294020260124 31.9 17.7-99.999999-99.9-99.9-99.9-99.9-9.9 9919.0 62 16.7 -99-99.9-9.9-9.9
5294020260125 30.9 16.2-99.999999-99.9-99.9-99.9-99.9-9.9 9917.2 52 15.0 -99-99.9-9.9-9.9
5294020260126 29.7 14.5-99.999999-99.9-99.9-99.9-99.9-9.9 9915.5 54 13.5 -99-99.9-9.9-9.9
5294020260127 33.0 15.1-99.999999-99.9-99.9-99.9-99.9-9.9 9916.8 64 14.7 -99-99.9-9.9-9.9
5294020260128 31.7 14.4-99.999999-99.9-99.9-99.9-99.9-9.9 9917.0 58 14.9 -99-99.9-9.9-9.9
5294020260129 35.3 15.3-99.999999-99.9-99.9-99.9-99.9-9.9 9917.9 45 15.7 -99-99.9-9.9-9.9
5294020260130 32.3 18.9-99.999999-99.9-99.9-99.9-99.9-9.9 9921.1 74 18.3 -99-99.9-9.9-9.9
5294020260131 25.3 16.0-99.999999-99.9-99.9-99.9-99.9-9.9 9918.4 83 16.2 -99-99.9-9.9-9.9
5294020260201 26.6 16.4-99.999999-99.9-99.9-99.9-99.9-9.9 9918.0 76 15.8 -99-99.9-9.9-9.9
5294020260202 32.3 12.1-99.999999-99.9-99.9-99.9-99.9-9.9 9916.6 57 14.5 -99-99.9-9.9-9.9
5294020260203 31.3 17.7-99.999999-99.9-99.9-99.9-99.9-9.9 9913.9 48 11.7 -99-99.9-9.9-9.9
5294020260204 26.2 16.7-99.999999-99.9-99.9-99.9-99.9-9.9 9917.6 69 15.4 -99-99.9-9.9-9.9
5294020260205 22.8 14.9-99.999999-99.9-99.9-99.9-99.9-9.9 9917.7 84 15.5 -99-99.9-9.9-9.9
5294020260206 28.3 10.7-99.999999-99.9-99.9-99.9-99.9-9.9 9915.2 67 13.2 -99-99.9-9.9-9.9
5294020260207 31.3 11.5-99.999999-99.9-99.9-99.9-99.9-9.9 9915.8 55 13.8 -99-99.9-9.9-9.9
5294020260208 32.8 17.5-99.999999-99.9-99.9-99.9-99.9-9.9 9919.2 61 16.9 -99-99.9-9.9-9.9
5294020260209 29.7 15.1-99.999999-99.9-99.9-99.9-99.9-9.9 9912.7 45 10.5 -99-99.9-9.9-9.9
5294020260210 35.1 11.0-99.999999-99.9-99.9-99.9-99.9-9.9 9910.2 29  6.5 -99-99.9-9.9-9.9
5294020260211 30.8 13.8-99.999999-99.9-99.9-99.9-99.9-9.9 99 9.1 35  5.4 -99-99.9-9.9-9.9
5294020260212 28.0  9.0-99.999999-99.9-99.9-99.9-99.9-9.9 99 9.6 39  6.4 -99-99.9-9.9-9.9
5294020260213 30.0  9.5-99.999999-99.9-99.9-99.9-99.9-9.9 9910.9 40  8.1 -99-99.9-9.9-9.9
5294020260214 31.8 14.4-99.999999-99.9-99.9-99.9-99.9-9.9 9915.3 57 13.3 -99-99.9-9.9-9.9
5294020260215 29.4 16.2-99.999999-99.9-99.9-99.9-99.9-9.9 9914.5 47 12.3 -99-99.9-9.9-9.9
5294020260216 32.8 13.7-99.999999-99.9-99.9-99.9-99.9-9.9 9915.2 49 13.2 -99-99.9-9.9-9.9
5294020260217 34.1 13.5-99.999999-99.9-99.9-99.9-99.9-9.9 9914.9 50 12.8 -99-99.9-9.9-9.9
5294020260218 31.2 17.0-99.999999-99.9-99.9-99.9-99.9-9.9 9914.4 45 12.3 -99-99.9-9.9-9.9
5294020260219 29.3 18.2-99.999999-99.9-99.9-99.9-99.9-9.9 9911.0 41  8.4 -99-99.9-9.9-9.9
5294020260220 27.2 12.2-99.999999-99.9-99.9-99.9-99.9-9.9 9913.5 60 11.3 -99-99.9-9.9-9.9
5294020260221 29.8 14.0-99.999999-99.9-99.9-99.9-99.9-9.9 9915.3 65 13.3 -99-99.9-9.9-9.9
5294020260222 30.5 11.3-99.999999-99.9-99.9-99.9-99.9-9.9 9914.8 53 12.8 -99-99.9-9.9-9.9
5294020260223 33.8 13.6-99.999999-99.9-99.9-99.9-99.9-9.9 9914.0 40 11.9 -99-99.9-9.9-9.9
5294020260224 29.4 15.2-99.999999-99.9-99.9-99.9-99.9-9.9 9910.5 35  7.6 -99-99.9-9.9-9.9
5294020260225 29.2 10.6-99.999999-99.9-99.9-99.9-99.9-9.9 9910.8 43  8.1 -99-99.9-9.9-9.9
5294020260226 31.3 10.3-99.999999-99.9-99.9-99.9-99.9-9.9 9913.0 43 10.6 -99-99.9-9.9-9.9
5294020260227 29.5 12.6-99.999999-99.9-99.9-99.9-99.9-9.9 9917.0 68 14.9 -99-99.9-9.9-9.9
5294020260228 29.9 12.9-99.999999-99.9-99.9-99.9-99.9-9.9 9916.8 64 14.7 -99-99.9-9.9-9.9
5294020260301 33.2 14.5-99.999999-99.9-99.9-99.9-99.9-9.9 9917.4 55 15.3 -99-99.9-9.9-9.9
5294020260302 35.2 15.0-99.999999-99.9-99.9-99.9-99.9-9.9 9915.2 53 13.1 -99-99.9-9.9-9.9
5294020260303 26.0 12.3-99.999999-99.9-99.9-99.9-99.9-9.9 9910.5 50  7.7 -99-99.9-9.9-9.9
5294020260304 28.3  9.4-99.999999-99.9-99.9-99.9-99.9-9.9 9910.1 39  7.0 -99-99.9-9.9-9.9
5294020260305 27.0 16.0-99.999999-99.9-99.9-99.9-99.9-9.9 9915.8 70 13.8 -99-99.9-9.9-9.9
5294020260306 23.3 15.1-99.999999-99.9-99.9-99.9-99.9-9.9 9917.6 84 15.5 -99-99.9-9.9-9.9
5294020260307 27.2 16.6-99.999999-99.9-99.9-99.9-99.9-9.9 9917.6 74 15.5 -99-99.9-9.9-9.9
5294020260308 22.9 13.7-99.999999-99.9-99.9-99.9-99.9-9.9 9916.3 85 14.3 -99-99.9-9.9-9.9
5294020260309 26.6  8.7-99.999999-99.9-99.9-99.9-99.9-9.9 9914.7 68 12.7 -99-99.9-9.9-9.9
5294020260310 29.2 13.6-99.999999-99.9-99.9-99.9-99.9-9.9 9917.5 62 15.3 -99-99.9-9.9-9.9
5294020260311 29.0 16.0-99.999999-99.9-99.9-99.9-99.9-9.9 9920.1 76 17.5 -99-99.9-9.9-9.9
5294020260312 30.3 13.9-99.999999-99.9-99.9-99.9-99.9-9.9 9918.5 66 16.3 -99-99.9-9.9-9.9
5294020260313 28.9 15.3-99.999999-99.9-99.9-99.9-99.9-9.9 9918.7 73 16.4 -99-99.9-9.9-9.9
5294020260314 28.1 13.3-99.999999-99.9-99.9-99.9-99.9-9.9 9917.4 69 15.3 -99-99.9-9.9-9.9
5294020260315 31.9 13.4-99.999999-99.9-99.9-99.9-99.9-9.9 9917.8 66 15.6 -99-99.9-9.9-9.9
5294020260316 28.0 13.0-99.999999-99.9-99.9-99.9-99.9-9.9 9915.4 72 13.4 -99-99.9-9.9-9.9
5294020260317 24.2 11.9-99.999999-99.9-99.9-99.9-99.9-9.9 9913.4 57 11.1 -99-99.9-9.9-9.9
5294020260318 27.1  7.7-99.999999-99.9-99.9-99.9-99.9-9.9 9911.8 59  9.2 -99-99.9-9.9-9.9
5294020260319 30.7 10.8-99.999999-99.9-99.9-99.9-99.9-9.9 9914.5 57 12.4 -99-99.9-9.9-9.9
5294020260320 21.1 13.4-99.999999-99.9-99.9-99.9-99.9-9.9 9911.1 65  8.4 -99-99.9-9.9-9.9
5294020260321 20.6  7.6-99.999999-99.9-99.9-99.9-99.9-9.9 9910.6 70  7.7 -99-99.9-9.9-9.9
5294020260322 27.8  5.1-99.999999-99.9-99.9-99.9-99.9-9.9 99 8.2 41  3.9 -99-99.9-9.9-9.9
5294020260323 21.7 -0.1-99.999999-99.9-99.9-99.9-99.9-9.9 99 6.5 50  0.8 -99-99.9-9.9-9.9
5294020260324 28.2  2.6-99.999999-99.9-99.9-99.9-99.9-9.9 99 8.1 45  3.8 -99-99.9-9.9-9.9
5294020260325 22.0 10.0-99.999999-99.9-99.9-99.9-99.9-9.9 99 7.2 44  2.2 -99-99.9-9.9-9.9
5294020260326 26.8  5.3-99.999999-99.9-99.9-99.9-99.9-9.9 99 9.2 49  5.6 -99-99.9-9.9-9.9
5294020260327 29.1  8.1-99.999999-99.9-99.9-99.9-99.9-9.9 9911.9 55  9.5 -99-99.9-9.9-9.9
5294020260328 32.0 10.8-99.999999-99.9-99.9-99.9-99.9-9.9 9913.2 50 11.0 -99-99.9-9.9-9.9
5294020260329 33.7 13.0-99.999999-99.9-99.9-99.9-99.9-9.9 9917.0 53 14.7 -99-99.9-9.9-9.9
5294020260330 33.7 18.3-99.999999-99.9-99.9-99.9-99.9-9.9 9921.8 66 18.8 -99-99.9-9.9-9.9
5294020260331 34.1 17.7-99.999999-99.9-99.9-99.9-99.9-9.9 9920.8 71 18.1 -99-99.9-9.9-9.9
5294020260401 27.9 16.8-99.999999-99.9-99.9-99.9-99.9-9.9 9914.9 52 12.4 -99-99.9-9.9-9.9
5294020260402 28.2  9.8-99.999999-99.9-99.9-99.9-99.9-9.9 9912.9 59 10.5 -99-99.9-9.9-9.9
5294020260403 28.6  9.9-99.999999-99.9-99.9-99.9-99.9-9.9 9914.2 54 12.0 -99-99.9-9.9-9.9
5294020260404 20.1 11.8-99.999999-99.9-99.9-99.9-99.9-9.9 9911.1 75  8.4 -99-99.9-9.9-9.9
5294020260405 15.7  5.9-99.999999-99.9-99.9-99.9-99.9-9.9 99 9.7 69  6.5 -99-99.9-9.9-9.9
5294020260406 24.5  6.0-99.999999-99.9-99.9-99.9-99.9-9.9 99 9.8 65  6.6 -99-99.9-9.9-9.9
5294020260407 24.6  3.2-99.999999-99.9-99.9-99.9-99.9-9.9 99 9.4 65  6.1 -99-99.9-9.9-9.9
5294020260408 19.7  4.2-99.999999-99.9-99.9-99.9-99.9-9.9 9910.8 70  8.0 -99-99.9-9.9-9.9
5294020260409 23.2  5.6-99.999999-99.9-99.9-99.9-99.9-9.9 9910.8 67  8.1 -99-99.9-9.9-9.9
5294020260410 24.3  6.1-99.999999-99.9-99.9-99.9-99.9-9.9 9911.4 63  8.8 -99-99.9-9.9-9.9
5294020260411 28.9  9.0-99.999999-99.9-99.9-99.9-99.9-9.9 9912.5 59 10.2 -99-99.9-9.9-9.9
5294020260412 28.0  7.4-99.999999-99.9-99.9-99.9-99.9-9.9 9911.6 59  9.2 -99-99.9-9.9-9.9
5294020260413 27.3  9.7-99.999999-99.9-99.9-99.9-99.9-9.9 9913.3 66 11.1 -99-99.9-9.9-9.9
5294020260414 30.3  9.5-99.999999-99.9-99.9-99.9-99.9-9.9 9912.4 48  9.8 -99-99.9-9.9-9.9
5294020260415 23.2 11.7-99.999999-99.9-99.9-99.9-99.9-9.9 9911.8 71  9.2 -99-99.9-9.9-9.9
5294020260416 25.2  5.7-99.999999-99.9-99.9-99.9-99.9-9.9 9910.8 66  8.0 -99-99.9-9.9-9.9
5294020260417 28.4 10.1-99.999999-99.9-99.9-99.9-99.9-9.9 9912.5 55 10.3 -99-99.9-9.9-9.9
5294020260418 27.8 12.1-99.999999-99.9-99.9-99.9-99.9-9.9 9915.3 74 13.3 -99-99.9-9.9-9.9
5294020260419 17.3  9.7-99.999999-99.9-99.9-99.9-99.9-9.9 99 9.8 65  6.5 -99-99.9-9.9-9.9
5294020260420 12.4  7.2-99.999999-99.9-99.9-99.9-99.9-9.9 9910.5 89  7.6 -99-99.9-9.9-9.9
5294020260421 16.8  7.6-99.999999-99.9-99.9-99.9-99.9-9.9 9911.3 87  8.7 -99-99.9-9.9-9.9
5294020260422 22.2  3.0-99.999999-99.9-99.9-99.9-99.9-9.9 99 8.8 64  5.0 -99-99.9-9.9-9.9
5294020260423 22.4  2.5-99.999999-99.9-99.9-99.9-99.9-9.9 99 9.2 71  5.7 -99-99.9-9.9-9.9
5294020260424 25.8  2.7-99.999999-99.9-99.9-99.9-99.9-9.9 99 8.3 54  4.1 -99-99.9-9.9-9.9
5294020260425 19.6  6.0-99.999999-99.9-99.9-99.9-99.9-9.9 99 7.4 60  2.6 -99-99.9-9.9-9.9
5294020260426 19.3  1.6-99.999999-99.9-99.9-99.9-99.9-9.9 99 5.9 47 -0.6 -99-99.9-9.9-9.9
5294020260427 17.7 -5.0-99.999999-99.9-99.9-99.9-99.9-9.9 99 5.0 54 -2.9 -99-99.9-9.9-9.9
5294020260428 21.9  1.9-99.999999-99.9-99.9-99.9-99.9-9.9 99 6.4 48  0.6 -99-99.9-9.9-9.9
5294020260429 25.2  3.5-99.999999-99.9-99.9-99.9-99.9-9.9 99 7.6 52  3.0 -99-99.9-9.9-9.9
5294020260430 24.7  4.6-99.999999-99.9-99.9-99.9-99.9-9.9 99 7.8 54  3.4 -99-99.9-9.9-9.9
5294020260501 23.1  4.2-99.999999-99.9-99.9-99.9-99.9-9.9 99 6.6 45  0.7 -99-99.9-9.9-9.9
5294020260502 16.1  0.1-99.999999-99.9-99.9-99.9-99.9-9.9 99 5.0 50 -2.7 -99-99.9-9.9-9.9
5294020260503 20.8 -1.5-99.999999-99.9-99.9-99.9-99.9-9.9 99 5.7 53 -1.0 -99-99.9-9.9-9.9
5294020260504 26.6  3.0-99.999999-99.9-99.9-99.9-99.9-9.9 99 7.0 49  1.8 -99-99.9-9.9-9.9
5294020260505 25.5  4.9-99.999999-99.9-99.9-99.9-99.9-9.9 99 8.9 58  5.3 -99-99.9-9.9-9.9
5294020260506 21.9  8.9-99.999999-99.9-99.9-99.9-99.9-9.9 99 9.0 46  4.8 -99-99.9-9.9-9.9
5294020260507 22.0  2.1-99.999999-99.9-99.9-99.9-99.9-9.9 99 3.8 29 -6.9 -99-99.9-9.9-9.9
5294020260508 17.1 -4.2-99.999999-99.9-99.9-99.9-99.9-9.9 99 4.2 52 -5.8 -99-99.9-9.9-9.9
5294020260509 13.9  1.8-99.999999-99.9-99.9-99.9-99.9-9.9 99 5.5 61 -1.4 -99-99.9-9.9-9.9
5294020260510 21.1 -4.8-99.999999-99.9-99.9-99.9-99.9-9.9 99 4.5 45 -4.3 -99-99.9-9.9-9.9
5294020260511 22.4 -1.7-99.999999-99.9-99.9-99.9-99.9-9.9 99 4.7 46 -3.6 -99-99.9-9.9-9.9
5294020260512 28.8  0.9-99.999999-99.9-99.9-99.9-99.9-9.9 99 4.5 31 -4.3 -99-99.9-9.9-9.9
5294020260513 23.0  2.0-99.999999-99.9-99.9-99.9-99.9-9.9 99 6.4 50  0.6 -99-99.9-9.9-9.9
5294020260514 19.0  4.9-99.999999-99.9-99.9-99.9-99.9-9.9 99 8.3 65  4.3 -99-99.9-9.9-9.9
5294020260515 20.2  2.4-99.999999-99.9-99.9-99.9-99.9-9.9 99 8.2 69  4.1 -99-99.9-9.9-9.9
5294020260516  9.5  1.5-99.999999-99.9-99.9-99.9-99.9-9.9 99 7.6 98  2.9 -99-99.9-9.9-9.9
5294020260517 13.0 -4.1-99.999999-99.9-99.9-99.9-99.9-9.9 99 6.3 85  0.2 -99-99.9-9.9-9.9
5294020260518 14.6 -3.6-99.999999-99.9-99.9-99.9-99.9-9.9 99 6.3 81  0.3 -99-99.9-9.9-9.9
5294020260519 21.7 -2.7-99.999999-99.9-99.9-99.9-99.9-9.9 99 5.3 53 -2.0 -99-99.9-9.9-9.9
5294020260520 18.3 -2.0-99.999999-99.9-99.9-99.9-99.9-9.9 99 5.4 57 -1.8 -99-99.9-9.9-9.9
5294020260521 15.4 -0.2-99.999999-99.9-99.9-99.9-99.9-9.9 99 6.2 71  0.3 -99-99.9-9.9-9.9
5294020260522 16.5 -2.4-99.999999-99.9-99.9-99.9-99.9-9.9 99 6.4 75  0.5 -99-99.9-9.9-9.9
5294020260523 15.5 -1.8-99.999999-99.9-99.9-99.9-99.9-9.9 99 7.1 81  1.9 -99-99.9-9.9-9.9
5294020260524 20.8 -1.9-99.999999-99.9-99.9-99.9-99.9-9.9 99 7.0 73  1.8 -99-99.9-9.9-9.9
5294020260525 18.1 -2.1-99.999999-99.9-99.9-99.9-99.9-9.9 99 6.7 67  1.1 -99-99.9-9.9-9.9
5294020260526 17.6  1.6-99.999999-99.9-99.9-99.9-99.9-9.9 99 7.7 75  3.2 -99-99.9-9.9-9.9
5294020260527 15.7  0.2-99.999999-99.9-99.9-99.9-99.9-9.9 99 7.8 79  3.3 -99-99.9-9.9-9.9
5294020260528 19.9  1.6-99.999999-99.9-99.9-99.9-99.9-9.9 99 9.0 76  5.3 -99-99.9-9.9-9.9
5294020260529 16.8  4.0-99.999999-99.9-99.9-99.9-99.9-9.9 99 9.5 80  6.1 -99-99.9-9.9-9.9
5294020260530 19.9  2.8-99.999999-99.9-99.9-99.9-99.9-9.9 99 9.1 79  5.5 -99-99.9-9.9-9.9
5294020260531 19.8  2.3-99.999999-99.9-99.9-99.9-99.9-9.9 99 8.7 80  4.9 -99-99.9-9.9-9.9
5294020260601 15.8  5.1-99.999999-99.9-99.9-99.9-99.9-9.9 9911.5 90  9.0 -99-99.9-9.9-9.9
5294020260602 18.1  9.4-99.999999-99.9-99.9-99.9-99.9-9.9 9912.5 82 10.2 -99-99.9-9.9-9.9
5294020260603 20.1  9.5-99.999999-99.9-99.9-99.9-99.9-9.9 9912.0 74  9.6 -99-99.9-9.9-9.9
5294020260604 19.0  5.3-99.999999-99.9-99.9-99.9-99.9-9.9 9911.4 81  8.8 -99-99.9-9.9-9.9
5294020260605 13.9  6.3-99.999999-99.9-99.9-99.9-99.9-9.9 9911.7 86  9.3 -99-99.9-9.9-9.9
5294020260606 14.8  4.6-99.999999-99.9-99.9-99.9-99.9-9.9 9910.2 79  7.2 -99-99.9-9.9-9.9
5294020260607 13.3  5.3-99.999999-99.9-99.9-99.9-99.9-9.9 9910.9 93  8.1 -99-99.9-9.9-9.9
5294020260608 12.0  7.3-99.999999-99.9-99.9-99.9-99.9-9.9 9910.9 91  8.2 -99-99.9-9.9-9.9
5294020260609 15.6  5.6-99.999999-99.9-99.9-99.9-99.9-9.9 99 9.9 87  6.8 -99-99.9-9.9-9.9
5294020260610 17.6  3.0-99.999999-99.9-99.9-99.9-99.9-9.9 99 7.6 73  2.9 -99-99.9-9.9-9.9
5294020260611 15.8 -1.3-99.999999-99.9-99.9-99.9-99.9-9.9 99 7.4 80  2.3 -99-99.9-9.9-9.9
5294020260612 24.0  0.5-99.999999-99.9-99.9-99.9-99.9-9.9 99 8.6 73  4.7 -99-99.9-9.9-9.9
5294020260613 12.3  2.2-99.999999-99.9-99.9-99.9-99.9-9.9 99 7.7 85  3.2 -99-99.9-9.9-9.9
5294020260614 14.8 -1.4-99.999999-99.9-99.9-99.9-99.9-9.9 99 7.3 81  2.3 -99-99.9-9.9-9.9
5294020260615 17.1 -2.0-99.999999-99.9-99.9-99.9-99.9-9.9 99 6.6 73  0.8 -99-99.9-9.9-9.9
5294020260616 23.9 -0.9-99.999999-99.9-99.9-99.9-99.9-9.9 99 5.0 42 -2.8 -99-99.9-9.9-9.9
5294020260617 16.7  1.8-99.999999-99.9-99.9-99.9-99.9-9.9 99 6.8 64  1.0 -99-99.9-9.9-9.9
5294020260618 18.1  2.6-99.999999-99.9-99.9-99.9-99.9-9.9 99 7.0 64  1.8 -99-99.9-9.9-9.9
5294020260619 13.9 -2.5-99.999999-99.9-99.9-99.9-99.9-9.9 99 5.9 75 -0.6 -99-99.9-9.9-9.9
5294020260620 16.5 -0.6-99.999999-99.9-99.9-99.9-99.9-9.9 99 6.4 71  0.5 -99-99.9-9.9-9.9
5294020260621 15.1 -1.7-99.999999-99.9-99.9-99.9-99.9-9.9 99 5.3 63 -2.3 -99-99.9-9.9-9.9
5294020260622 11.0 -7.7-99.999999-99.9-99.9-99.9-99.9-9.9 99 4.1 66 -5.6 -99-99.9-9.9-9.9
5294020260623 15.2 -6.5-99.999999-99.9-99.9-99.9-99.9-9.9 99 3.7 51 -6.9 -99-99.9-9.9-9.9
5294020260624 11.3 -4.6-99.999999-99.9-99.9-99.9-99.9-9.9 99 4.4 58 -4.5 -99-99.9-9.9-9.9
5294020260625 14.9 -5.7-99.999999-99.9-99.9-99.9-99.9-9.9 99 4.8 68 -3.3 -99-99.9-9.9-9.9
5294020260626 19.9 -0.7-99.999999-99.9-99.9-99.9-99.9-9.9 99 4.9 46 -3.1 -99-99.9-9.9-9.9
5294020260627 16.3 -1.1-99.999999-99.9-99.9-99.9-99.9-9.9 99 5.6 64 -1.3 -99-99.9-9.9-9.9
5294020260628 12.4 -7.2-99.999999-99.9-99.9-99.9-99.9-9.9 99 4.2 69 -5.2 -99-99.9-9.9-9.9
5294020260629 12.5 -3.7-99.999999-99.9-99.9-99.9-99.9-9.9 99 4.4 64 -4.5 -99-99.9-9.9-9.9
5294020260630 13.5 -6.6-99.999999-99.9-99.9-99.9-99.9-9.9 99 4.5 70 -4.2 -99-99.9-9.9-9.9
5294020260701  5.3 -1.8-99.999999-99.9-99.9-99.9-99.9-9.9 99 5.4 83 -1.8 -99-99.9-9.9-9.9
5294020260702  1.6 -2.6-99.999999-99.9-99.9-99.9-99.9-9.9 99 5.6 97 -1.2 -99-99.9-9.9-9.9
5294020260703  1.4 -1.3-99.999999-99.9-99.9-99.9-99.9-9.9 99 5.9 99 -0.4 -99-99.9-9.9-9.9
5294020260704  4.0 -3.3-99.999999-99.9-99.9-99.9-99.9-9.9 99 5.5 92 -1.5 -99-99.9-9.9-9.9
5294020260705 12.8 -6.5-99.999999-99.9-99.9-99.9-99.9-9.9 99 4.0 63 -5.6 -99-99.9-9.9-9.9
5294020260706 14.7 -5.7-99.999999-99.9-99.9-99.9-99.9-9.9 99 3.9 57 -6.1 -99-99.9-9.9-9.9
5294020260707 19.1 -3.2-99.999999-99.9-99.9-99.9-99.9-9.9 99 4.4 49 -4.6 -99-99.9-9.9-9.9
5294020260708 24.0 -0.1-99.999999-99.9-99.9-99.9-99.9-9.9 99 4.3 35 -4.8 -99-99.9-9.9-9.9
5294020260709 19.8  2.7-99.999999-99.9-99.9-99.9-99.9-9.9 99 5.9 58 -0.6 -99-99.9-9.9-9.9
5294020260710 13.9 -0.5-99.999999-99.9-99.9-99.9-99.9-9.9 99 6.5 77  0.7 -99-99.9-9.9-9.9
5294020260711 13.5 -1.3-99.999999-99.9-99.9-99.9-99.9-9.9 99 7.2 83  2.1 -99-99.9-9.9-9.9
5294020260712 15.9 -2.7-99.999999-99.9-99.9-99.9-99.9-9.9 99 6.7 82  1.0 -99-99.9-9.9-9.9
5294020260713 17.4 -1.8-99.999999-99.9-99.9-99.9-99.9-9.9 99 7.4 80  2.5 -99-99.9-9.9-9.9
5294020260714 19.3  1.9-99.999999-99.9-99.9-99.9-99.9-9.9 99 8.8 80  4.9 -99-99.9-9.9-9.9
5294020260715 21.6  2.9-99.999999-99.9-99.9-99.9-99.9-9.9 99 9.3 75  5.8 -99-99.9-9.9-9.9
5294020260716 19.0  2.5-99.999999-99.9-99.9-99.9-99.9-9.9 99 9.6 80  6.3 -99-99.9-9.9-9.9
5294020260717 12.7  7.4-99.999999-99.9-99.9-99.9-99.9-9.9 99 9.8 82  6.7 -99-99.9-9.9-9.9
5294020260718 13.5  3.1-99.999999-99.9-99.9-99.9-99.9-9.9 99 8.7 88  4.8 -99-99.9-9.9-9.9
5294020260719 12.1 -2.1-99.999999-99.9-99.9-99.9-99.9-9.9 99 6.8 75  1.3 -99-99.9-9.9-9.9
5294020260720 13.0  1.5-99.999999-99.9-99.9-99.9-99.9-9.9 99 8.4 88  4.3 -99-99.9-9.9-9.9
5294020260721  8.1  2.9-99.999999-99.9-99.9-99.9-99.9-9.9 99 8.0 99  3.8 -99-99.9-9.9-9.9
5294020260722  3.9 -0.6-99.999999-99.9-99.9-99.9-99.9-9.9 99 7.2 99  2.1 -99-99.9-9.9-9.9
5294020260723  9.0  2.8-99.999999-99.9-99.9-99.9-99.9-9.9 99 7.9 91  3.6 -99-99.9-9.9-9.9
5294020260724 18.2  0.3-99.999999-99.9-99.9-99.9-99.9-9.9 99 7.4 76  2.6 -99-99.9-9.9-9.9
5294020260725 17.4  1.0-99.999999-99.9-99.9-99.9-99.9-9.9 99 8.8 78  4.9 -99-99.9-9.9-9.9
5294020260726 19.9  2.1-99.999999-99.9-99.9-99.9-99.9-9.9 99 8.8 65  5.0 -99-99.9-9.9-9.9
5294020260727 25.3  7.4-99.999999-99.9-99.9-99.9-99.9-9.9 99 7.4 45  2.3 -99-99.9-9.9-9.9
5294020260728 20.4  2.8-99.999999-99.9-99.9-99.9-99.9-9.9 99 9.0 73  5.3 -99-99.9-9.9-9.9
5294020260729 14.9  7.4-99.999999-99.9-99.9-99.9-99.9-9.9 9910.9 83  8.2 -99-99.9-9.9-9.9
5294020260730 13.7  9.1-99.999999-99.9-99.9-99.9-99.9-9.9 9911.4 90  9.0 -99-99.9-9.9-9.9
5294020260731 23.9  4.2-99.999999-99.9-99.9-99.9-99.9-9.9 99 7.2 55  0.5 -99-99.9-9.9-9.9
5294020260801 18.1  0.7-99.999999-99.9-99.9-99.9-99.9-9.9 99 6.5 58  0.9 -99-99.9-9.9-9.9
5294020260802 15.3  5.6-99.999999-99.9-99.9-99.9-99.9-9.9 99 9.4 78  6.0 -99-99.9-9.9-9.9
5294020260803 20.8  3.5-99.999999-99.9-99.9-99.9-99.9-9.9 99 8.3 67  4.2 -99-99.9-9.9-9.9
5294020260804 20.0  3.4-99.999999-99.9-99.9-99.9-99.9-9.9 99 9.9 83  6.8 -99-99.9-9.9-9.9
5294020260805 18.3  7.2-99.999999-99.9-99.9-99.9-99.9-9.9 9912.2 82  9.9 -99-99.9-9.9-9.9
5294020260806 18.4  4.1-99.999999-99.9-99.9-99.9-99.9-9.9 99 6.6 57  0.4 -99-99.9-9.9-9.9
5294020260807 15.8 -3.5-99.999999-99.9-99.9-99.9-99.9-9.9 99 4.7 55 -3.7 -99-99.9-9.9-9.9
5294020260808 11.0 -4.8-99.999999-99.9-99.9-99.9-99.9-9.9 99 4.5 64 -4.3 -99-99.9-9.9-9.9
5294020260809  6.9 -4.7-99.999999-99.9-99.9-99.9-99.9-9.9 99 3.9 56 -6.0 -99-99.9-9.9-9.9
5294020260810  4.5  0.0-99.999999-99.9-99.9-99.9-99.9-9.9 99 5.6 81 -1.3 -99-99.9-9.9-9.9
5294020260811 13.1  0.4-99.999999-99.9-99.9-99.9-99.9-9.9 99 5.3 63 -2.0 -99-99.9-9.9-9.9
5294020260812 14.5 -1.6-99.999999-99.9-99.9-99.9-99.9-9.9 99 5.7 69 -1.1 -99-99.9-9.9-9.9
5294020260813 13.2 -3.1-99.999999-99.9-99.9-99.9-99.9-9.9 99 5.9 73 -0.6 -99-99.9-9.9-9.9
5294020260814 16.5 -1.5-99.999999-99.9-99.9-99.9-99.9-9.9 99 6.5 70  0.9 -99-99.9-9.9-9.9
5294020260815 17.7  0.2-99.999999-99.9-99.9-99.9-99.9-9.9 99 8.0 78  3.5 -99-99.9-9.9-9.9
5294020260816 16.2  1.3-99.999999-99.9-99.9-99.9-99.9-9.9 99 8.9 82  5.2 -99-99.9-9.9-9.9
5294020260817  9.8  3.3-99.999999-99.9-99.9-99.9-99.9-9.9 99 8.5 95  4.5 -99-99.9-9.9-9.9
5294020260818 15.2  1.4-99.999999-99.9-99.9-99.9-99.9-9.9 99 8.4 86  4.4 -99-99.9-9.9-9.9
5294020260819 22.7 -0.7-99.999999-99.9-99.9-99.9-99.9-9.9 99 6.4 63  0.6 -99-99.9-9.9-9.9
5294020260820 25.1  3.2-99.999999-99.9-99.9-99.9-99.9-9.9 99 6.3 51  0.3 -99-99.9-9.9-9.9
5294020260821 10.7  2.3-99.999999-99.9-99.9-99.9-99.9-9.9 99 7.6 80  2.8 -99-99.9-9.9-9.9
5294020260822 12.9  4.3-99.999999-99.9-99.9-99.9-99.9-9.9 99 8.1 86  3.9 -99-99.9-9.9-9.9
5294020260823 13.4  0.8-99.999999-99.9-99.9-99.9-99.9-9.9 99 7.8 74  3.3 -99-99.9-9.9-9.9
5294020260824 16.5  5.3-99.999999-99.9-99.9-99.9-99.9-9.9 99 9.1 81  5.6 -99-99.9-9.9-9.9
5294020260825 20.6  3.6-99.999999-99.9-99.9-99.9-99.9-9.9 99 9.7 77  6.5 -99-99.9-9.9-9.9
5294020260826 14.1  8.4-99.999999-99.9-99.9-99.9-99.9-9.9 9910.7 90  8.0 -99-99.9-9.9-9.9
5294020260827 15.9  3.6-99.999999-99.9-99.9-99.9-99.9-9.9 99 9.9 89  6.7 -99-99.9-9.9-9.9
5294020260828 19.6  1.7-99.999999-99.9-99.9-99.9-99.9-9.9 99 6.9 64  1.5 -99-99.9-9.9-9.9
5294020260829 20.9  2.0-99.999999-99.9-99.9-99.9-99.9-9.9 99 5.7 50 -1.1 -99-99.9-9.9-9.9
5294020260830 20.9  2.3-99.999999-99.9-99.9-99.9-99.9-9.9 99 6.1 50 -0.1 -99-99.9-9.9-9.9
5294020260831 21.8  5.5-99.999999-99.9-99.9-99.9-99.9-9.9 99 6.7 51  1.3 -99-99.9-9.9-9.9
5294020260901 22.8  2.5-99.999999-99.9-99.9-99.9-99.9-9.9 99 8.2 64  4.1 -99-99.9-9.9-9.9
5294020260902 23.1  4.8-99.999999-99.9-99.9-99.9-99.9-9.9 99 7.2 48  2.2 -99-99.9-9.9-9.9
5294020260903 17.6  3.8-99.999999-99.9-99.9-99.9-99.9-9.9 99 8.3 66  4.2 -99-99.9-9.9-9.9
5294020260904 18.7  4.8-99.999999-99.9-99.9-99.9-99.9-9.9 99 4.8 44 -3.4 -99-99.9-9.9-9.9
5294020260905  8.5 -0.2-99.999999-99.9-99.9-99.9-99.9-9.9 99 5.3 82 -1.9 -99-99.9-9.9-9.9
5294020260906  8.9 -0.4-99.999999-99.9-99.9-99.9-99.9-9.9 99 5.0 69 -2.9 -99-99.9-9.9-9.9
