5295020130903-99.9-99.9-99.999999-99.9-99.9-99.9-99.9-9.9 99-9.9-99-99.9 -99-99.9-9.9-9.9
5295020130904 23.5  5.4  0.009999-99.9-99.9-99.9-99.9-9.9 99 8.8 52  5.1 -99-99.9-9.9-9.9
5295020130905 28.9  9.7  0.009999-99.9-99.9-99.9-99.9-9.9 9911.5 51  8.9 -99-99.9-9.9-9.9
5295020130906 34.1 13.8  0.009999-99.9-99.9-99.9-99.9-9.9 9918.0 59 15.7 -99-99.9-9.9-9.9
5295020130907 36.3 20.3  0.009999-99.9-99.9-99.9-99.9-9.9 9918.4 49 16.2 -99-99.9-9.9-9.9
5295020130908 33.9 19.6  0.009999-99.9-99.9-99.9-99.9-9.9 9918.8 56 16.4 -99-99.9-9.9-9.9
5295020130909 36.9 19.5  0.009999-99.9-99.9-99.9-99.9-9.9 9920.2 54 17.6 -99-99.9-9.9-9.9
5295020130910 38.2 21.3  0.009999-99.9-99.9-99.9-99.9-9.9 9918.4 42 16.2 -99-99.9-9.9-9.9
5295020130911 38.6 21.5  0.009999-99.9-99.9-99.9-99.9-9.9 9916.3 36 14.3 -99-99.9-9.9-9.9
5295020130912 39.6 22.7  0.009999-99.9-99.9-99.9-99.9-9.9 9916.9 44 14.8 -99-99.9-9.9-9.9
5295020130913 23.7 13.1  0.009999-99.9-99.9-99.9-99.9-9.9 9915.8 92 13.8 -99-99.9-9.9-9.9
5295020130914 13.7 11.6  0.009999-99.9-99.9-99.9-99.9-9.9 9914.2 99 12.2 -99-99.9-9.9-9.9
5295020130915 15.1 11.0  0.009999-99.9-99.9-99.9-99.9-9.9 9913.4 92 11.4 -99-99.9-9.9-9.9
5295020130916 15.4 10.8  0.009999-99.9-99.9-99.9-99.9-9.9 9912.7 92 10.5 -99-99.9-9.9-9.9
5295020130917 16.3  7.6  0.009999-99.9-99.9-99.9-99.9-9.9 99 9.0 69  5.3 -99-99.9-9.9-9.9
5295020130918 21.4  4.3  0.009999-99.9-99.9-99.9-99.9-9.9 99 7.7 50  3.0 -99-99.9-9.9-9.9
5295020130919-99.9-99.9-99.999999-99.9-99.9-99.9-99.9-9.9 99 8.6 61  4.7 -99-99.9-9.9-9.9
5295020130920 28.9  7.8  0.009999-99.9-99.9-99.9-99.9-9.9 9910.5 50  7.6 -99-99.9-9.9-9.9
5295020130921 27.5 12.5  0.009999-99.9-99.9-99.9-99.9-9.9 9912.4 52 10.1 -99-99.9-9.9-9.9
5295020130922 17.4 11.4  0.009999-99.9-99.9-99.9-99.9-9.9 9911.0 71  8.4 -99-99.9-9.9-9.9
5295020130923 18.5  7.6  0.009999-99.9-99.9-99.9-99.9-9.9 99 9.3 64  5.7 -99-99.9-9.9-9.9
5295020130924 18.9  3.2  0.009999-99.9-99.9-99.9-99.9-9.9 99 8.1 58  3.8 -99-99.9-9.9-9.9
5295020130925 22.7  6.1  0.009999-99.9-99.9-99.9-99.9-9.9 9910.6 60  7.8 -99-99.9-9.9-9.9
5295020130926 25.9  7.0  0.009999-99.9-99.9-99.9-99.9-9.9 9911.5 58  9.0 -99-99.9-9.9-9.9
5295020130927 25.1 12.7  0.009999-99.9-99.9-99.9-99.9-9.9 9914.0 65 12.0 -99-99.9-9.9-9.9
5295020130928 27.3 15.0  0.009999-99.9-99.9-99.9-99.9-9.9 9917.3 71 15.1 -99-99.9-9.9-9.9
5295020130929 19.5 10.3  0.009999-99.9-99.9-99.9-99.9-9.9 9911.1 78  8.5 -99-99.9-9.9-9.9
5295020130930 20.7  9.3  0.009999-99.9-99.9-99.9-99.9-9.9 9911.5 79  9.0 -99-99.9-9.9-9.9
5295020131001 23.6  6.8  0.009999-99.9-99.9-99.9-99.9-9.9 9911.7 67  9.2 -99-99.9-9.9-9.9
5295020131002 27.8  7.1  0.009999-99.9-99.9-99.9-99.9-9.9 9911.9 54  9.5 -99-99.9-9.9-9.9
5295020131003 27.6 12.6  0.009999-99.9-99.9-99.9-99.9-9.9 9913.6 57 11.5 -99-99.9-9.9-9.9
5295020131004 21.6 12.0  0.009999-99.9-99.9-99.9-99.9-9.9 9913.4 75 11.3 -99-99.9-9.9-9.9
5295020131005 26.0  8.6  0.009999-99.9-99.9-99.9-99.9-9.9 9912.4 63 10.1 -99-99.9-9.9-9.9
5295020131006 27.4  9.1  0.009999-99.9-99.9-99.9-99.9-9.9 9911.8 51  9.4 -99-99.9-9.9-9.9
5295020131007 29.0  8.6  0.009999-99.9-99.9-99.9-99.9-9.9 9911.2 51  8.5 -99-99.9-9.9-9.9
5295020131008 33.8 11.7  0.009999-99.9-99.9-99.9-99.9-9.9 9914.9 49 12.8 -99-99.9-9.9-9.9
5295020131009 34.9 15.2  0.009999-99.9-99.9-99.9-99.9-9.9 9917.1 47 14.9 -99-99.9-9.9-9.9
5295020131010 33.9 20.7  0.009999-99.9-99.9-99.9-99.9-9.9 9920.3 61 17.7 -99-99.9-9.9-9.9
5295020131011 31.0 17.4  0.009999-99.9-99.9-99.9-99.9-9.9 9921.2 63 18.4 -99-99.9-9.9-9.9
5295020131012 26.9 16.9  0.009999-99.9-99.9-99.9-99.9-9.9 9920.8 86 18.2 -99-99.9-9.9-9.9
5295020131013 30.1 16.4  0.009999-99.9-99.9-99.9-99.9-9.9 9921.2 72 18.4 -99-99.9-9.9-9.9
5295020131014 30.6 17.5  0.009999-99.9-99.9-99.9-99.9-9.9 9921.4 67 18.5 -99-99.9-9.9-9.9
5295020131015 32.8 16.7  0.009999-99.9-99.9-99.9-99.9-9.9 9917.6 53 15.3 -99-99.9-9.9-9.9
5295020131016 31.5 15.3  0.009999-99.9-99.9-99.9-99.9-9.9 9915.6 53 13.5 -99-99.9-9.9-9.9
5295020131017 30.4 13.5  0.009999-99.9-99.9-99.9-99.9-9.9 9915.1 61 13.0 -99-99.9-9.9-9.9
5295020131018 32.8 14.5  0.009999-99.9-99.9-99.9-99.9-9.9 9916.1 53 14.1 -99-99.9-9.9-9.9
5295020131019 34.5 15.4  0.009999-99.9-99.9-99.9-99.9-9.9 9917.1 46 15.0 -99-99.9-9.9-9.9
5295020131020 37.1 20.4  0.009999-99.9-99.9-99.9-99.9-9.9 9918.8 45 16.5 -99-99.9-9.9-9.9
5295020131021 29.5 16.7  0.009999-99.9-99.9-99.9-99.9-9.9 9916.7 68 14.4 -99-99.9-9.9-9.9
5295020131022 28.8 12.4  0.009999-99.9-99.9-99.9-99.9-9.9 9917.2 66 15.0 -99-99.9-9.9-9.9
5295020131023 35.3 19.3  0.009999-99.9-99.9-99.9-99.9-9.9 9925.0 67 20.9 -99-99.9-9.9-9.9
5295020131024 27.0 18.0  0.009999-99.9-99.9-99.9-99.9-9.9 9916.9 66 14.7 -99-99.9-9.9-9.9
5295020131025 27.9 14.4  0.009999-99.9-99.9-99.9-99.9-9.9 9917.9 72 15.5 -99-99.9-9.9-9.9
5295020131026 25.2 18.4  0.009999-99.9-99.9-99.9-99.9-9.9 9921.0 87 18.2 -99-99.9-9.9-9.9
5295020131027 30.1 13.6  0.009999-99.9-99.9-99.9-99.9-9.9 9916.8 66 14.7 -99-99.9-9.9-9.9
5295020131028 28.5 11.1  0.009999-99.9-99.9-99.9-99.9-9.9 9913.0 44 10.8 -99-99.9-9.9-9.9
5295020131029 32.0 15.3  0.009999-99.9-99.9-99.9-99.9-9.9 9916.2 58 14.0 -99-99.9-9.9-9.9
5295020131030 34.3 17.7  0.009999-99.9-99.9-99.9-99.9-9.9 9923.8 64 20.1 -99-99.9-9.9-9.9
5295020131031 28.4 22.2  0.009999-99.9-99.9-99.9-99.9-9.9 9925.8 86 21.6 -99-99.9-9.9-9.9
5295020131101 35.5 20.6  0.009999-99.9-99.9-99.9-99.9-9.9 9925.4 72 21.3 -99-99.9-9.9-9.9
5295020131102 25.7 19.1  0.009999-99.9-99.9-99.9-99.9-9.9 9920.3 78 17.6 -99-99.9-9.9-9.9
5295020131103 26.2 15.0  0.009999-99.9-99.9-99.9-99.9-9.9 9915.9 66 13.9 -99-99.9-9.9-9.9
5295020131104 28.5 11.4  0.009999-99.9-99.9-99.9-99.9-9.9 9914.2 56 12.1 -99-99.9-9.9-9.9
5295020131105 29.3 12.5  0.009999-99.9-99.9-99.9-99.9-9.9 9916.8 61 14.8 -99-99.9-9.9-9.9
5295020131106 32.3 14.9  0.009999-99.9-99.9-99.9-99.9-9.9 9919.6 64 17.0 -99-99.9-9.9-9.9
5295020131107 34.0 21.6  0.009999-99.9-99.9-99.9-99.9-9.9 9922.5 59 19.4 -99-99.9-9.9-9.9
5295020131108 34.8 19.7 17.019999-99.9-99.9-99.9-99.9-9.9 9923.6 60 20.2 -99-99.9-9.9-9.9
5295020131109 26.5 19.5  0.009999-99.9-99.9-99.9-99.9-9.9 9924.4 91 20.7 -99-99.9-9.9-9.9
5295020131110 30.7 21.3  0.009999-99.9-99.9-99.9-99.9-9.9 9926.5 86 22.0 -99-99.9-9.9-9.9
5295020131111 23.7 17.9  0.009999-99.9-99.9-99.9-99.9-9.9 9920.2 85 17.6 -99-99.9-9.9-9.9
5295020131112 31.6 15.3  0.009999-99.9-99.9-99.9-99.9-9.9 9917.9 60 15.6 -99-99.9-9.9-9.9
5295020131113 31.8 16.8  0.009999-99.9-99.9-99.9-99.9-9.9 99-9.9 33-99.9 -99-99.9-9.9-9.9
5295020131114-99.9-99.9  0.009999-99.9-99.9-99.9-99.9-9.9 99-9.9-99-99.9 -99-99.9-9.9-9.9
5295020131115-99.9-99.9  0.009999-99.9-99.9-99.9-99.9-9.9 99-9.9-99-99.9 -99-99.9-9.9-9.9
5295020131116-99.9-99.9  0.009999-99.9-99.9-99.9-99.9-9.9 99-9.9-99-99.9 -99-99.9-9.9-9.9
5295020131117-99.9-99.9  0.009999-99.9-99.9-99.9-99.9-9.9 99-9.9-99-99.9 -99-99.9-9.9-9.9
5295020131118-99.9-99.9  0.009999-99.9-99.9-99.9-99.9-9.9 99-9.9-99-99.9 -99-99.9-9.9-9.9
5295020131119-99.9-99.9  0.009999-99.9-99.9-99.9-99.9-9.9 99-9.9-99-99.9 -99-99.9-9.9-9.9
5295020131120-99.9-99.9  0.009999-99.9-99.9-99.9-99.9-9.9 99-9.9-99-99.9 -99-99.9-9.9-9.9
5295020131121-99.9-99.9  0.009999-99.9-99.9-99.9-99.9-9.9 99-9.9-99-99.9 -99-99.9-9.9-9.9
5295020131122-99.9-99.9  0.009999-99.9-99.9-99.9-99.9-9.9 99-9.9-99-99.9 -99-99.9-9.9-9.9
5295020131123-99.9-99.9  0.009999-99.9-99.9-99.9-99.9-9.9 99-9.9-99-99.9 -99-99.9-9.9-9.9
5295020131124-99.9-99.9  0.009999-99.9-99.9-99.9-99.9-9.9 99-9.9-99-99.9 -99-99.9-9.9-9.9
5295020131125-99.9-99.9  0.009999-99.9-99.9-99.9-99.9-9.9 99-9.9-99-99.9 -99-99.9-9.9-9.9
5295020131126-99.9-99.9  0.009999-99.9-99.9-99.9-99.9-9.9 99-9.9-99-99.9 -99-99.9-9.9-9.9
5295020131127-99.9-99.9  0.009999-99.9-99.9-99.9-99.9-9.9 99-9.9-99-99.9 -99-99.9-9.9-9.9
5295020131128-99.9-99.9  0.009999-99.9-99.9-99.9-99.9-9.9 99-9.9-99-99.9 -99-99.9-9.9-9.9
5295020131129 24.2 20.5  0.009999-99.9-99.9-99.9-99.9-9.9 99-9.9 28-99.9 -99-99.9-9.9-9.9
5295020131130 32.3 16.9  0.009999-99.9-99.9-99.9-99.9-9.9 9919.4 61 17.0 -99-99.9-9.9-9.9
5295020131201 26.6 19.6  1.019999-99.9-99.9-99.9-99.9-9.9 9924.5 92 20.7 -99-99.9-9.9-9.9
5295020131202 33.2 18.1  0.009999-99.9-99.9-99.9-99.9-9.9 9925.1 74 21.1 -99-99.9-9.9-9.9
5295020131203 34.0 22.9  0.009999-99.9-99.9-99.9-99.9-9.9 9926.8 77 22.2 -99-99.9-9.9-9.9
5295020131204 35.4 19.4  0.009999-99.9-99.9-99.9-99.9-9.9 9926.9 72 22.2 -99-99.9-9.9-9.9
5295020131205 34.2 23.7  0.009999-99.9-99.9-99.9-99.9-9.9 9926.6 64 21.8 -99-99.9-9.9-9.9
5295020131206 31.9 17.9  0.009999-99.9-99.9-99.9-99.9-9.9 9919.0 59 16.7 -99-99.9-9.9-9.9
5295020131207 33.6 17.8  0.009999-99.9-99.9-99.9-99.9-9.9 9920.4 60 17.8 -99-99.9-9.9-9.9
5295020131208 36.6 19.1  0.009999-99.9-99.9-99.9-99.9-9.9 9926.0 61 21.5 -99-99.9-9.9-9.9
5295020131209 30.9 20.8  0.009999-99.9-99.9-99.9-99.9-9.9 9925.7 82 21.5 -99-99.9-9.9-9.9
5295020131210 29.2 19.8  0.009999-99.9-99.9-99.9-99.9-9.9 9920.2 66 17.6 -99-99.9-9.9-9.9
5295020131211 31.8 17.0  0.009999-99.9-99.9-99.9-99.9-9.9 9920.7 68 18.0 -99-99.9-9.9-9.9
5295020131212 31.3 16.7  0.009999-99.9-99.9-99.9-99.9-9.9 9919.2 59 16.8 -99-99.9-9.9-9.9
5295020131213 33.7 18.0  0.009999-99.9-99.9-99.9-99.9-9.9 9920.5 59 17.9 -99-99.9-9.9-9.9
5295020131214 35.7 19.0  0.009999-99.9-99.9-99.9-99.9-9.9 9921.8 55 18.8 -99-99.9-9.9-9.9
5295020131215 37.0 21.0  0.009999-99.9-99.9-99.9-99.9-9.9 9924.3 54 20.5 -99-99.9-9.9-9.9
5295020131216 37.6 22.7  0.009999-99.9-99.9-99.9-99.9-9.9 9924.8 53 20.8 -99-99.9-9.9-9.9
5295020131217 36.0 21.0  0.009999-99.9-99.9-99.9-99.9-9.9 9922.0 53 18.9 -99-99.9-9.9-9.9
5295020131218 36.7 19.7  0.009999-99.9-99.9-99.9-99.9-9.9 9921.6 51 18.7 -99-99.9-9.9-9.9
5295020131219 36.5 20.4  0.009999-99.9-99.9-99.9-99.9-9.9 9923.8 62 20.3 -99-99.9-9.9-9.9
5295020131220 35.6 21.0  0.009999-99.9-99.9-99.9-99.9-9.9 9925.5 62 21.4 -99-99.9-9.9-9.9
5295020131221 36.7 21.1  0.009999-99.9-99.9-99.9-99.9-9.9 9924.7 58 20.8 -99-99.9-9.9-9.9
5295020131222 37.6 21.5  0.009999-99.9-99.9-99.9-99.9-9.9 9924.3 57 20.6 -99-99.9-9.9-9.9
5295020131223 37.5 20.7  0.009999-99.9-99.9-99.9-99.9-9.9 9920.7 51 18.0 -99-99.9-9.9-9.9
5295020131224 37.5 18.1  0.009999-99.9-99.9-99.9-99.9-9.9 9920.9 53 18.1 -99-99.9-9.9-9.9
5295020131225 39.8 19.4  0.009999-99.9-99.9-99.9-99.9-9.9 9922.1 42 19.0 -99-99.9-9.9-9.9
5295020131226 40.7 25.5  0.009999-99.9-99.9-99.9-99.9-9.9 9927.0 50 22.3 -99-99.9-9.9-9.9
5295020131227 39.8 24.2  0.009999-99.9-99.9-99.9-99.9-9.9 9928.4 63 23.2 -99-99.9-9.9-9.9
5295020131228 38.7 22.2  0.009999-99.9-99.9-99.9-99.9-9.9 9926.8 58 22.2 -99-99.9-9.9-9.9
5295020131229 35.5 24.9  0.009999-99.9-99.9-99.9-99.9-9.9 9930.0 68 24.1 -99-99.9-9.9-9.9
5295020131230 39.3 24.7  0.009999-99.9-99.9-99.9-99.9-9.9 9930.0 54 24.1 -99-99.9-9.9-9.9
5295020131231 36.5 22.2  0.009999-99.9-99.9-99.9-99.9-9.9 9930.0 85 24.1 -99-99.9-9.9-9.9
5295020140101 39.7 22.0  0.009999-99.9-99.9-99.9-99.9-9.9 9930.2 68 24.2 -99-99.9-9.9-9.9
5295020140102 38.3 24.9  0.009999-99.9-99.9-99.9-99.9-9.9 9926.6 61 21.9 -99-99.9-9.9-9.9
5295020140103 30.7 20.3  0.009999-99.9-99.9-99.9-99.9-9.9 9916.4 50 13.9 -99-99.9-9.9-9.9
5295020140104 34.8 13.2  0.009999-99.9-99.9-99.9-99.9-9.9 9914.3 44 12.2 -99-99.9-9.9-9.9
5295020140105 36.3 15.8  0.009999-99.9-99.9-99.9-99.9-9.9 9916.8 42 14.7 -99-99.9-9.9-9.9
5295020140106 39.0 20.3  0.009999-99.9-99.9-99.9-99.9-9.9 9925.4 56 21.2 -99-99.9-9.9-9.9
5295020140107 40.1 24.0  0.009999-99.9-99.9-99.9-99.9-9.9 9926.7 61 22.2 -99-99.9-9.9-9.9
5295020140108 34.9 20.7  0.009999-99.9-99.9-99.9-99.9-9.9 9926.8 76 22.2 -99-99.9-9.9-9.9
5295020140109 37.0 22.5  0.009999-99.9-99.9-99.9-99.9-9.9 9927.4 63 22.6 -99-99.9-9.9-9.9
5295020140110 39.0 25.6  0.009999-99.9-99.9-99.9-99.9-9.9 9929.4 63 23.7 -99-99.9-9.9-9.9
5295020140111 28.7 19.4  0.009999-99.9-99.9-99.9-99.9-9.9 9924.0 83 20.4 -99-99.9-9.9-9.9
5295020140112 30.8 17.2  0.009999-99.9-99.9-99.9-99.9-9.9 9920.8 70 18.1 -99-99.9-9.9-9.9
5295020140113 32.4 18.8  0.009999-99.9-99.9-99.9-99.9-9.9 9923.9 72 20.3 -99-99.9-9.9-9.9
5295020140114 34.5 19.2  0.009999-99.9-99.9-99.9-99.9-9.9 9924.0 67 20.4 -99-99.9-9.9-9.9
5295020140115 34.9 20.0  0.009999-99.9-99.9-99.9-99.9-9.9 9924.0 61 20.4 -99-99.9-9.9-9.9
5295020140116 35.9 20.2  0.009999-99.9-99.9-99.9-99.9-9.9 9923.8 58 20.2 -99-99.9-9.9-9.9
5295020140117 38.5 21.8  0.009999-99.9-99.9-99.9-99.9-9.9 9926.1 59 21.8 -99-99.9-9.9-9.9
5295020140118 38.2 22.9  0.009999-99.9-99.9-99.9-99.9-9.9 9928.0 56 23.0 -99-99.9-9.9-9.9
5295020140119 38.8 24.3  0.009999-99.9-99.9-99.9-99.9-9.9 9929.7 65 23.9 -99-99.9-9.9-9.9
5295020140120 38.0 23.5  0.009999-99.9-99.9-99.9-99.9-9.9 9928.8 60 23.4 -99-99.9-9.9-9.9
5295020140121 39.3 25.3  0.009999-99.9-99.9-99.9-99.9-9.9 9928.5 56 23.2 -99-99.9-9.9-9.9
5295020140122 40.3 25.4  0.009999-99.9-99.9-99.9-99.9-9.9 9929.3 54 23.7 -99-99.9-9.9-9.9
5295020140123 39.6 27.0  0.009999-99.9-99.9-99.9-99.9-9.9 9928.7 54 23.3 -99-99.9-9.9-9.9
5295020140124 35.6 20.3  3.519999-99.9-99.9-99.9-99.9-9.9 9927.0 74 22.3 -99-99.9-9.9-9.9
5295020140125 27.5 17.8  0.009999-99.9-99.9-99.9-99.9-9.9 9915.4 58 13.3 -99-99.9-9.9-9.9
5295020140126 29.3 19.2  0.009999-99.9-99.9-99.9-99.9-9.9 9922.6 77 19.4 -99-99.9-9.9-9.9
5295020140127 33.1 22.1  5.519999-99.9-99.9-99.9-99.9-9.9 9928.9 91 23.4 -99-99.9-9.9-9.9
5295020140128 35.9 23.6 31.519999-99.9-99.9-99.9-99.9-9.9 9929.9 78 24.0 -99-99.9-9.9-9.9
5295020140129-99.9-99.9-99.999999-99.9-99.9-99.9-99.9-9.9 9928.1 88 23.0 -99-99.9-9.9-9.9
5295020140130 36.3 20.7  3.519999-99.9-99.9-99.9-99.9-9.9 9928.4 78 23.1 -99-99.9-9.9-9.9
5295020140131 38.2 23.3  0.009999-99.9-99.9-99.9-99.9-9.9 9928.7 67 23.3 -99-99.9-9.9-9.9
5295020140201 39.4 24.4  0.009999-99.9-99.9-99.9-99.9-9.9 9927.8 54 22.8 -99-99.9-9.9-9.9
5295020140202 39.6 25.7  0.009999-99.9-99.9-99.9-99.9-9.9 9926.3 52 21.9 -99-99.9-9.9-9.9
5295020140203 35.8 24.9  0.219999-99.9-99.9-99.9-99.9-9.9 9928.7 68 23.3 -99-99.9-9.9-9.9
5295020140204 33.9 22.4  0.819999-99.9-99.9-99.9-99.9-9.9 9927.2 82 22.5 -99-99.9-9.9-9.9
5295020140205 38.3 22.5  0.009999-99.9-99.9-99.9-99.9-9.9 9927.1 55 22.4 -99-99.9-9.9-9.9
5295020140206 39.6 24.3  0.009999-99.9-99.9-99.9-99.9-9.9 9928.4 56 23.1 -99-99.9-9.9-9.9
5295020140207 41.3 25.7  0.009999-99.9-99.9-99.9-99.9-9.9 9926.8 54 22.2 -99-99.9-9.9-9.9
5295020140208 39.9 24.7  0.009999-99.9-99.9-99.9-99.9-9.9 9925.3 49 21.3 -99-99.9-9.9-9.9
5295020140209 37.4 24.8  0.009999-99.9-99.9-99.9-99.9-9.9 9927.0 57 22.3 -99-99.9-9.9-9.9
5295020140210 37.8 23.4  1.019999-99.9-99.9-99.9-99.9-9.9 9927.9 70 22.9 -99-99.9-9.9-9.9
5295020140211 38.6 22.6  4.019999-99.9-99.9-99.9-99.9-9.9 9928.0 71 22.9 -99-99.9-9.9-9.9
5295020140212 29.4 22.6  0.519999-99.9-99.9-99.9-99.9-9.9 9927.0 85 22.4 -99-99.9-9.9-9.9
5295020140213 25.3 19.3  0.009999-99.9-99.9-99.9-99.9-9.9 9922.2 84 19.1 -99-99.9-9.9-9.9
5295020140214 29.6 18.2  0.009999-99.9-99.9-99.9-99.9-9.9 9919.6 68 17.1 -99-99.9-9.9-9.9
5295020140215 30.8 17.6  0.009999-99.9-99.9-99.9-99.9-9.9 9918.9 64 16.6 -99-99.9-9.9-9.9
5295020140216 32.2 19.8  0.009999-99.9-99.9-99.9-99.9-9.9 9920.8 71 18.1 -99-99.9-9.9-9.9
5295020140217 32.9 18.1  0.009999-99.9-99.9-99.9-99.9-9.9 9924.0 71 20.3 -99-99.9-9.9-9.9
5295020140218 33.6 20.4  0.009999-99.9-99.9-99.9-99.9-9.9 9924.8 79 20.9 -99-99.9-9.9-9.9
5295020140219 23.6 20.2  0.009999-99.9-99.9-99.9-99.9-9.9 9925.6 97 21.5 -99-99.9-9.9-9.9
5295020140220 32.6 19.3  0.009999-99.9-99.9-99.9-99.9-9.9 9924.8 79 20.9 -99-99.9-9.9-9.9
5295020140221 34.1 19.0  0.009999-99.9-99.9-99.9-99.9-9.9 9925.0 69 21.1 -99-99.9-9.9-9.9
5295020140222 33.5 20.7  0.009999-99.9-99.9-99.9-99.9-9.9 9926.7 79 22.2 -99-99.9-9.9-9.9
5295020140223 30.8 19.5  0.009999-99.9-99.9-99.9-99.9-9.9 9924.9 82 21.0 -99-99.9-9.9-9.9
5295020140224 34.4 19.5  0.009999-99.9-99.9-99.9-99.9-9.9 9923.9 62 20.3 -99-99.9-9.9-9.9
5295020140225 25.4 20.5  0.009999-99.9-99.9-99.9-99.9-9.9 9924.5 99 20.7 -99-99.9-9.9-9.9
5295020140226 20.8 17.3  0.009999-99.9-99.9-99.9-99.9-9.9 9920.4 99 17.8 -99-99.9-9.9-9.9
5295020140227 27.7 15.5  0.009999-99.9-99.9-99.9-99.9-9.9 9918.3 78 16.1 -99-99.9-9.9-9.9
5295020140228 27.9 13.6  0.009999-99.9-99.9-99.9-99.9-9.9 9916.1 63 14.0 -99-99.9-9.9-9.9
5295020140301 30.4 14.9  0.009999-99.9-99.9-99.9-99.9-9.9 9919.2 66 16.8 -99-99.9-9.9-9.9
5295020140302 30.2 17.7  0.009999-99.9-99.9-99.9-99.9-9.9 9920.9 71 18.2 -99-99.9-9.9-9.9
5295020140303 26.5 18.3  0.009999-99.9-99.9-99.9-99.9-9.9 9922.0 88 19.0 -99-99.9-9.9-9.9
5295020140304 30.1 16.4  0.009999-99.9-99.9-99.9-99.9-9.9 9921.2 77 18.4 -99-99.9-9.9-9.9
5295020140305 33.1 17.1  0.009999-99.9-99.9-99.9-99.9-9.9 9922.5 70 19.4 -99-99.9-9.9-9.9
5295020140306 33.2 18.8  0.009999-99.9-99.9-99.9-99.9-9.9 9923.1 68 19.8 -99-99.9-9.9-9.9
5295020140307 30.4 19.4  0.009999-99.9-99.9-99.9-99.9-9.9 9920.3 69 17.7 -99-99.9-9.9-9.9
5295020140308 29.7 13.9  0.009999-99.9-99.9-99.9-99.9-9.9 9916.4 61 14.3 -99-99.9-9.9-9.9
5295020140309 32.0 13.8  0.009999-99.9-99.9-99.9-99.9-9.9 9918.8 65 16.5 -99-99.9-9.9-9.9
5295020140310 27.3 17.4  0.009999-99.9-99.9-99.9-99.9-9.9 9919.2 81 16.8 -99-99.9-9.9-9.9
5295020140311 30.1 13.0  0.009999-99.9-99.9-99.9-99.9-9.9 9917.0 62 14.9 -99-99.9-9.9-9.9
5295020140312 31.9 13.7  0.009999-99.9-99.9-99.9-99.9-9.9 9918.4 67 16.1 -99-99.9-9.9-9.9
5295020140313 34.5 15.3  0.009999-99.9-99.9-99.9-99.9-9.9 9924.4 72 20.4 -99-99.9-9.9-9.9
5295020140314 36.2 18.2 11.519999-99.9-99.9-99.9-99.9-9.9 9924.6 74 20.7 -99-99.9-9.9-9.9
5295020140315 29.3 16.5  0.219999-99.9-99.9-99.9-99.9-9.9 9920.7 76 18.0 -99-99.9-9.9-9.9
5295020140316 23.4 18.8  0.219999-99.9-99.9-99.9-99.9-9.9 9924.7100 20.8 -99-99.9-9.9-9.9
5295020140317 28.8 19.8  0.009999-99.9-99.9-99.9-99.9-9.9 9925.7 87 21.5 -99-99.9-9.9-9.9
5295020140318 24.5 16.8  0.009999-99.9-99.9-99.9-99.9-9.9 9919.1 84 16.7 -99-99.9-9.9-9.9
5295020140319 21.2 18.5  0.009999-99.9-99.9-99.9-99.9-9.9 9921.1 94 18.4 -99-99.9-9.9-9.9
5295020140320 24.2 16.5  0.009999-99.9-99.9-99.9-99.9-9.9 9919.0 90 16.7 -99-99.9-9.9-9.9
5295020140321 29.5 15.0  0.009999-99.9-99.9-99.9-99.9-9.9 9920.1 81 17.5 -99-99.9-9.9-9.9
5295020140322 23.6 10.7  0.009999-99.9-99.9-99.9-99.9-9.9 9912.0 62  9.6 -99-99.9-9.9-9.9
5295020140323 25.3 10.0  0.009999-99.9-99.9-99.9-99.9-9.9 9912.9 61 10.7 -99-99.9-9.9-9.9
5295020140324 29.8 10.6  0.009999-99.9-99.9-99.9-99.9-9.9 9915.0 65 13.0 -99-99.9-9.9-9.9
5295020140325 31.7 14.9  0.009999-99.9-99.9-99.9-99.9-9.9 9918.6 63 16.3 -99-99.9-9.9-9.9
5295020140326 30.7 19.4  0.009999-99.9-99.9-99.9-99.9-9.9 9924.2 79 20.5 -99-99.9-9.9-9.9
5295020140327 33.5 18.4  0.009999-99.9-99.9-99.9-99.9-9.9 9923.1 72 19.8 -99-99.9-9.9-9.9
5295020140328 32.5 18.8  0.009999-99.9-99.9-99.9-99.9-9.9 9923.6 77 20.1 -99-99.9-9.9-9.9
5295020140329 27.0 18.7  0.009999-99.9-99.9-99.9-99.9-9.9 9923.8 91 20.2 -99-99.9-9.9-9.9
5295020140330 32.0 20.3  0.009999-99.9-99.9-99.9-99.9-9.9 9925.9 82 21.6 -99-99.9-9.9-9.9
5295020140331 28.2 19.4  0.009999-99.9-99.9-99.9-99.9-9.9 9923.8 84 20.3 -99-99.9-9.9-9.9
5295020140401 30.8 19.9  0.009999-99.9-99.9-99.9-99.9-9.9 9924.4 76 20.7 -99-99.9-9.9-9.9
5295020140402 31.3 17.3  0.009999-99.9-99.9-99.9-99.9-9.9 9923.5 80 20.0 -99-99.9-9.9-9.9
5295020140403 32.8 18.8  0.009999-99.9-99.9-99.9-99.9-9.9 9924.9 75 21.0 -99-99.9-9.9-9.9
5295020140404 36.0 19.9  0.009999-99.9-99.9-99.9-99.9-9.9 9926.6 72 22.1 -99-99.9-9.9-9.9
5295020140405 35.8 21.4  0.009999-99.9-99.9-99.9-99.9-9.9 9927.9 71 22.9 -99-99.9-9.9-9.9
5295020140406 34.5 22.7  0.009999-99.9-99.9-99.9-99.9-9.9 9930.1 77 24.1 -99-99.9-9.9-9.9
5295020140407 36.8 26.6  0.009999-99.9-99.9-99.9-99.9-9.9 9930.1 65 24.1 -99-99.9-9.9-9.9
5295020140408 29.6 23.6  0.009999-99.9-99.9-99.9-99.9-9.9 9926.9 77 22.3 -99-99.9-9.9-9.9
5295020140409 30.2 16.1  0.009999-99.9-99.9-99.9-99.9-9.9 9918.1 56 15.8 -99-99.9-9.9-9.9
5295020140410 23.7 17.1  0.009999-99.9-99.9-99.9-99.9-9.9 9919.8 91 17.3 -99-99.9-9.9-9.9
5295020140411 19.7 16.4  0.009999-99.9-99.9-99.9-99.9-9.9 9920.2100 17.6 -99-99.9-9.9-9.9
5295020140412 23.6 13.6  0.009999-99.9-99.9-99.9-99.9-9.9 9916.0 76 13.7 -99-99.9-9.9-9.9
5295020140413 19.2  9.0  0.009999-99.9-99.9-99.9-99.9-9.9 9911.2 70  8.6 -99-99.9-9.9-9.9
5295020140414 22.2  8.5  0.009999-99.9-99.9-99.9-99.9-9.9 9913.3 77 11.1 -99-99.9-9.9-9.9
5295020140415 25.2  9.9  0.009999-99.9-99.9-99.9-99.9-9.9 9914.0 69 12.0 -99-99.9-9.9-9.9
5295020140416 29.2 10.8  0.009999-99.9-99.9-99.9-99.9-9.9 9915.7 66 13.6 -99-99.9-9.9-9.9
5295020140417 30.5 16.8  0.009999-99.9-99.9-99.9-99.9-9.9 9923.7 83 20.2 -99-99.9-9.9-9.9
5295020140418 28.4 17.3  0.009999-99.9-99.9-99.9-99.9-9.9 9920.7 75 18.1 -99-99.9-9.9-9.9
5295020140419 29.8 18.0  0.009999-99.9-99.9-99.9-99.9-9.9 9920.1 74 17.5 -99-99.9-9.9-9.9
5295020140420 29.4 12.9  0.009999-99.9-99.9-99.9-99.9-9.9 9918.6 74 16.3 -99-99.9-9.9-9.9
5295020140421 29.2 15.3  0.009999-99.9-99.9-99.9-99.9-9.9 9919.4 78 17.0 -99-99.9-9.9-9.9
5295020140422 27.9 14.0  0.009999-99.9-99.9-99.9-99.9-9.9 9917.8 70 15.6 -99-99.9-9.9-9.9
5295020140423 27.3 11.6  0.009999-99.9-99.9-99.9-99.9-9.9 9915.6 71 13.6 -99-99.9-9.9-9.9
5295020140424 26.2 10.8  1.019999-99.9-99.9-99.9-99.9-9.9 9913.9 67 11.9 -99-99.9-9.9-9.9
5295020140425 25.5  9.7  0.009999-99.9-99.9-99.9-99.9-9.9 9913.4 69 11.3 -99-99.9-9.9-9.9
5295020140426 24.6  8.2  0.009999-99.9-99.9-99.9-99.9-9.9 9913.2 75 11.1 -99-99.9-9.9-9.9
5295020140427 28.1 10.2  0.009999-99.9-99.9-99.9-99.9-9.9 9917.8 75 15.4 -99-99.9-9.9-9.9
5295020140428 23.0 17.7  0.009999-99.9-99.9-99.9-99.9-9.9 9921.5 93 18.6 -99-99.9-9.9-9.9
5295020140429 19.2 15.7  0.009999-99.9-99.9-99.9-99.9-9.9 9920.0 96 17.5 -99-99.9-9.9-9.9
5295020140430 24.1 15.3  0.009999-99.9-99.9-99.9-99.9-9.9 9919.9 91 17.4 -99-99.9-9.9-9.9
5295020140501 24.1 15.1  0.009999-99.9-99.9-99.9-99.9-9.9 9917.2 84 15.1 -99-99.9-9.9-9.9
5295020140502 26.0 13.1  0.009999-99.9-99.9-99.9-99.9-9.9 9917.7 79 15.5 -99-99.9-9.9-9.9
5295020140503 21.9 16.5  0.009999-99.9-99.9-99.9-99.9-9.9 9922.4 99 19.2 -99-99.9-9.9-9.9
5295020140504 23.8 20.1  0.009999-99.9-99.9-99.9-99.9-9.9 9925.3 98 21.3 -99-99.9-9.9-9.9
5295020140505 26.9 19.8  0.009999-99.9-99.9-99.9-99.9-9.9 9924.2 90 20.6 -99-99.9-9.9-9.9
5295020140506 25.7 19.3  0.009999-99.9-99.9-99.9-99.9-9.9 9923.4 90 20.0 -99-99.9-9.9-9.9
5295020140507 30.1 17.0  0.009999-99.9-99.9-99.9-99.9-9.9 9922.5 81 19.3 -99-99.9-9.9-9.9
5295020140508 25.8 17.6  0.009999-99.9-99.9-99.9-99.9-9.9 9920.5 81 17.9 -99-99.9-9.9-9.9
5295020140509 21.8 10.9  0.009999-99.9-99.9-99.9-99.9-9.9 9914.2 79 12.2 -99-99.9-9.9-9.9
5295020140510 23.9 10.5  0.009999-99.9-99.9-99.9-99.9-9.9 9915.5 81 13.4 -99-99.9-9.9-9.9
5295020140511 27.2 13.0  0.009999-99.9-99.9-99.9-99.9-9.9 9918.1 81 15.9 -99-99.9-9.9-9.9
5295020140512 19.2 16.2  0.009999-99.9-99.9-99.9-99.9-9.9 9920.0 98 17.5 -99-99.9-9.9-9.9
5295020140513 25.8 16.3  0.009999-99.9-99.9-99.9-99.9-9.9 9919.4 88 17.0 -99-99.9-9.9-9.9
5295020140514 27.9 14.8  0.009999-99.9-99.9-99.9-99.9-9.9 9919.8 79 17.3 -99-99.9-9.9-9.9
5295020140515 29.8 17.8  0.009999-99.9-99.9-99.9-99.9-9.9 9923.2 89 19.9 -99-99.9-9.9-9.9
5295020140516 24.7 15.5  0.009999-99.9-99.9-99.9-99.9-9.9 9921.4 91 18.5 -99-99.9-9.9-9.9
5295020140517 28.5 17.1  0.009999-99.9-99.9-99.9-99.9-9.9 9921.5 91 18.6 -99-99.9-9.9-9.9
5295020140518 23.7 14.2  0.009999-99.9-99.9-99.9-99.9-9.9 9916.3 81 14.2 -99-99.9-9.9-9.9
5295020140519 24.7 12.8  0.009999-99.9-99.9-99.9-99.9-9.9 9917.4 83 15.2 -99-99.9-9.9-9.9
5295020140520 28.2 14.2  0.009999-99.9-99.9-99.9-99.9-9.9 9919.4 80 16.9 -99-99.9-9.9-9.9
5295020140521 21.2 18.0  0.009999-99.9-99.9-99.9-99.9-9.9 9921.7 97 18.8 -99-99.9-9.9-9.9
5295020140522 18.0 12.1  0.009999-99.9-99.9-99.9-99.9-9.9 9912.7 81 10.4 -99-99.9-9.9-9.9
5295020140523 16.3  9.1  0.009999-99.9-99.9-99.9-99.9-9.9 9911.5 84  9.0 -99-99.9-9.9-9.9
5295020140524 17.4  7.4  0.009999-99.9-99.9-99.9-99.9-9.9 9911.3 88  8.8 -99-99.9-9.9-9.9
5295020140525 12.2  7.2  0.009999-99.9-99.9-99.9-99.9-9.9 9911.1 92  8.5 -99-99.9-9.9-9.9
5295020140526 21.1  7.5  0.009999-99.9-99.9-99.9-99.9-9.9 9912.7 86 10.5 -99-99.9-9.9-9.9
5295020140527 22.6  8.5  0.009999-99.9-99.9-99.9-99.9-9.9 9913.4 85 11.2 -99-99.9-9.9-9.9
5295020140528 22.2  8.0  0.009999-99.9-99.9-99.9-99.9-9.9 9912.9 80 10.7 -99-99.9-9.9-9.9
5295020140529 24.1 10.4  0.009999-99.9-99.9-99.9-99.9-9.9 9915.2 75 13.1 -99-99.9-9.9-9.9
5295020140530 22.0 16.5  0.009999-99.9-99.9-99.9-99.9-9.9 9918.5 89 16.3 -99-99.9-9.9-9.9
5295020140531 21.1 14.7  0.009999-99.9-99.9-99.9-99.9-9.9 9917.7 90 15.6 -99-99.9-9.9-9.9
5295020140601 20.7 10.2  0.009999-99.9-99.9-99.9-99.9-9.9 9912.8 78 10.4 -99-99.9-9.9-9.9
5295020140602 21.8  6.9  0.009999-99.9-99.9-99.9-99.9-9.9 9911.6 79  9.1 -99-99.9-9.9-9.9
5295020140603 22.9  8.3  0.009999-99.9-99.9-99.9-99.9-9.9 9912.6 71 10.3 -99-99.9-9.9-9.9
5295020140604 23.5 13.4  0.009999-99.9-99.9-99.9-99.9-9.9 9917.9 82 15.6 -99-99.9-9.9-9.9
5295020140605 19.1 14.5  0.009999-99.9-99.9-99.9-99.9-9.9 9917.8 95 15.6 -99-99.9-9.9-9.9
5295020140606 16.5 13.8  0.009999-99.9-99.9-99.9-99.9-9.9 9915.8 93 13.8 -99-99.9-9.9-9.9
5295020140607 22.0 11.4  0.009999-99.9-99.9-99.9-99.9-9.9 9914.9 89 12.9 -99-99.9-9.9-9.9
5295020140608 20.7  9.1  0.009999-99.9-99.9-99.9-99.9-9.9 9911.6 71  9.0 -99-99.9-9.9-9.9
5295020140609 23.2  5.3  0.009999-99.9-99.9-99.9-99.9-9.9 9911.8 75  9.4 -99-99.9-9.9-9.9
5295020140610 24.3  6.2  0.009999-99.9-99.9-99.9-99.9-9.9 9914.4 81 12.1 -99-99.9-9.9-9.9
5295020140611 27.2 16.6  0.009999-99.9-99.9-99.9-99.9-9.9 9921.3 83 18.5 -99-99.9-9.9-9.9
5295020140612 28.0 17.2  0.009999-99.9-99.9-99.9-99.9-9.9 9921.1 81 18.2 -99-99.9-9.9-9.9
5295020140613 17.2 10.8  0.009999-99.9-99.9-99.9-99.9-9.9 9912.3 83 10.0 -99-99.9-9.9-9.9
5295020140614 19.6  7.1  0.009999-99.9-99.9-99.9-99.9-9.9 9911.3 75  8.7 -99-99.9-9.9-9.9
5295020140615 16.2  9.0  0.009999-99.9-99.9-99.9-99.9-9.9 9915.1 97 13.0 -99-99.9-9.9-9.9
5295020140616 17.5 14.6  0.009999-99.9-99.9-99.9-99.9-9.9 9916.2 90 14.1 -99-99.9-9.9-9.9
5295020140617 19.3  9.7  0.009999-99.9-99.9-99.9-99.9-9.9 9914.0 85 11.9 -99-99.9-9.9-9.9
5295020140618 19.0  9.2  0.009999-99.9-99.9-99.9-99.9-9.9 9911.4 75  8.8 -99-99.9-9.9-9.9
5295020140619 16.5  3.1  0.009999-99.9-99.9-99.9-99.9-9.9 99 9.0 75  5.3 -99-99.9-9.9-9.9
5295020140620 19.4  4.4  0.009999-99.9-99.9-99.9-99.9-9.9 99 9.9 75  6.8 -99-99.9-9.9-9.9
5295020140621 23.4  5.3  0.009999-99.9-99.9-99.9-99.9-9.9 9913.5 76 11.1 -99-99.9-9.9-9.9
5295020140622 24.5 16.0  0.009999-99.9-99.9-99.9-99.9-9.9 9918.4 82 16.2 -99-99.9-9.9-9.9
5295020140623 24.4 16.5  0.009999-99.9-99.9-99.9-99.9-9.9 9920.5 89 17.9 -99-99.9-9.9-9.9
5295020140624 21.0 15.5  0.009999-99.9-99.9-99.9-99.9-9.9 9920.0 97 17.5 -99-99.9-9.9-9.9
5295020140625 18.8 15.7  0.009999-99.9-99.9-99.9-99.9-9.9 9918.1 94 15.9 -99-99.9-9.9-9.9
5295020140626 16.2 13.0  0.009999-99.9-99.9-99.9-99.9-9.9 9915.5 96 13.5 -99-99.9-9.9-9.9
5295020140627 17.0 12.6  0.009999-99.9-99.9-99.9-99.9-9.9 9913.8 84 11.7 -99-99.9-9.9-9.9
5295020140628 16.2 10.2  0.009999-99.9-99.9-99.9-99.9-9.9 9912.0 81  9.6 -99-99.9-9.9-9.9
5295020140629 18.9  6.7  0.009999-99.9-99.9-99.9-99.9-9.9 9911.6 81  9.1 -99-99.9-9.9-9.9
5295020140630 20.1  3.5  0.009999-99.9-99.9-99.9-99.9-9.9 9910.6 83  7.7 -99-99.9-9.9-9.9
5295020140701 19.4  3.9  0.009999-99.9-99.9-99.9-99.9-9.9 9910.8 84  8.0 -99-99.9-9.9-9.9
5295020140702 22.7  7.8  0.009999-99.9-99.9-99.9-99.9-9.9 9914.3 78 12.2 -99-99.9-9.9-9.9
5295020140703 21.9 16.1  0.009999-99.9-99.9-99.9-99.9-9.9 9918.4 86 16.2 -99-99.9-9.9-9.9
5295020140704 24.8 16.5  0.009999-99.9-99.9-99.9-99.9-9.9 9921.5 90 18.5 -99-99.9-9.9-9.9
5295020140705 21.5 12.9  0.009999-99.9-99.9-99.9-99.9-9.9 9918.6 95 15.9 -99-99.9-9.9-9.9
5295020140706 15.9  5.7  0.009999-99.9-99.9-99.9-99.9-9.9 99 9.2 74  5.7 -99-99.9-9.9-9.9
5295020140707 20.8  5.1  0.009999-99.9-99.9-99.9-99.9-9.9 99 9.5 72  6.1 -99-99.9-9.9-9.9
5295020140708 21.2  5.8  0.009999-99.9-99.9-99.9-99.9-9.9 9910.5 78  7.7 -99-99.9-9.9-9.9
5295020140709 19.4  5.5  0.009999-99.9-99.9-99.9-99.9-9.9 9912.2 85  9.7 -99-99.9-9.9-9.9
5295020140710 18.1  8.0  0.009999-99.9-99.9-99.9-99.9-9.9 9914.5 94 12.4 -99-99.9-9.9-9.9
5295020140711 23.4 11.4  0.009999-99.9-99.9-99.9-99.9-9.9 9917.4 88 15.2 -99-99.9-9.9-9.9
5295020140712 24.9 17.6  0.009999-99.9-99.9-99.9-99.9-9.9 9919.8 86 17.3 -99-99.9-9.9-9.9
5295020140713 28.1 14.4  0.009999-99.9-99.9-99.9-99.9-9.9 9919.6 81 17.2 -99-99.9-9.9-9.9
5295020140714 29.4 18.7  0.009999-99.9-99.9-99.9-99.9-9.9 9920.8 72 18.1 -99-99.9-9.9-9.9
5295020140715 28.1 20.4  0.009999-99.9-99.9-99.9-99.9-9.9 9920.5 76 17.9 -99-99.9-9.9-9.9
5295020140716 26.3 17.2  0.009999-99.9-99.9-99.9-99.9-9.9 9921.8 89 18.8 -99-99.9-9.9-9.9
5295020140717 20.2 11.6  0.009999-99.9-99.9-99.9-99.9-9.9 9917.5 94 14.9 -99-99.9-9.9-9.9
5295020140718 21.2  7.7  0.009999-99.9-99.9-99.9-99.9-9.9 9911.6 75  9.1 -99-99.9-9.9-9.9
5295020140719 22.5  8.5  0.009999-99.9-99.9-99.9-99.9-9.9 9912.1 77  9.7 -99-99.9-9.9-9.9
5295020140720 23.2  9.0  0.009999-99.9-99.9-99.9-99.9-9.9 9912.8 72 10.6 -99-99.9-9.9-9.9
5295020140721 26.1 11.5  0.009999-99.9-99.9-99.9-99.9-9.9 9915.4 71 13.3 -99-99.9-9.9-9.9
5295020140722 27.7 16.7  0.009999-99.9-99.9-99.9-99.9-9.9 9919.0 78 16.7 -99-99.9-9.9-9.9
5295020140723 18.6 10.6  0.009999-99.9-99.9-99.9-99.9-9.9 9913.9 90 11.7 -99-99.9-9.9-9.9
5295020140724 15.0  5.8  0.009999-99.9-99.9-99.9-99.9-9.9 99 8.9 73  5.2 -99-99.9-9.9-9.9
5295020140725 17.4  2.5  0.009999-99.9-99.9-99.9-99.9-9.9 99 8.4 77  4.3 -99-99.9-9.9-9.9
5295020140726 18.6  2.8  0.009999-99.9-99.9-99.9-99.9-9.9 99 8.2 69  4.1 -99-99.9-9.9-9.9
5295020140727 19.4  2.8  0.009999-99.9-99.9-99.9-99.9-9.9 99 8.9 71  5.3 -99-99.9-9.9-9.9
5295020140728 21.8  4.7  0.009999-99.9-99.9-99.9-99.9-9.9 9913.6 82 11.1 -99-99.9-9.9-9.9
5295020140729 26.9 15.4  0.009999-99.9-99.9-99.9-99.9-9.9 9919.9 81 17.4 -99-99.9-9.9-9.9
5295020140730 24.7 16.9  0.009999-99.9-99.9-99.9-99.9-9.9 9920.8 90 18.1 -99-99.9-9.9-9.9
5295020140731 28.9 17.3  0.009999-99.9-99.9-99.9-99.9-9.9 9922.1 86 19.1 -99-99.9-9.9-9.9
5295020140801 30.5 17.9  0.009999-99.9-99.9-99.9-99.9-9.9 9923.9 78 20.4 -99-99.9-9.9-9.9
5295020140802 32.0 21.4  0.009999-99.9-99.9-99.9-99.9-9.9 9924.3 70 20.6 -99-99.9-9.9-9.9
5295020140803 32.1 19.3  0.009999-99.9-99.9-99.9-99.9-9.9 9923.4 75 20.0 -99-99.9-9.9-9.9
5295020140804 24.0 10.8  0.009999-99.9-99.9-99.9-99.9-9.9 9910.5 55  7.5 -99-99.9-9.9-9.9
5295020140805 22.6  6.0  0.009999-99.9-99.9-99.9-99.9-9.9 9910.3 64  7.3 -99-99.9-9.9-9.9
5295020140806 30.3 11.7  0.009999-99.9-99.9-99.9-99.9-9.9 9918.4 70 16.0 -99-99.9-9.9-9.9
5295020140807 22.8 12.6  0.009999-99.9-99.9-99.9-99.9-9.9 9911.8 69  9.3 -99-99.9-9.9-9.9
5295020140808 20.3  5.3  0.009999-99.9-99.9-99.9-99.9-9.9 99 9.9 66  6.8 -99-99.9-9.9-9.9
5295020140809 15.7  8.4  0.009999-99.9-99.9-99.9-99.9-9.9 9912.8 84 10.5 -99-99.9-9.9-9.9
5295020140810 27.7 10.8  0.009999-99.9-99.9-99.9-99.9-9.9 9916.9 77 14.7 -99-99.9-9.9-9.9
5295020140811 22.0 14.4  0.009999-99.9-99.9-99.9-99.9-9.9 9913.8 72 11.7 -99-99.9-9.9-9.9
5295020140812 19.5  7.6  0.009999-99.9-99.9-99.9-99.9-9.9 99 9.9 63  6.7 -99-99.9-9.9-9.9
5295020140813 17.9  3.0  0.009999-99.9-99.9-99.9-99.9-9.9 99 6.9 56  1.5 -99-99.9-9.9-9.9
5295020140814 19.8  1.9  0.009999-99.9-99.9-99.9-99.9-9.9 99 7.7 64  3.2 -99-99.9-9.9-9.9
5295020140815 19.5  5.9  0.009999-99.9-99.9-99.9-99.9-9.9 9912.0 72  9.4 -99-99.9-9.9-9.9
5295020140816 25.6 10.2  0.009999-99.9-99.9-99.9-99.9-9.9 9916.5 83 14.4 -99-99.9-9.9-9.9
5295020140817 28.5 11.3  0.009999-99.9-99.9-99.9-99.9-9.9 9917.5 82 15.3 -99-99.9-9.9-9.9
5295020140818 28.9 12.7  0.009999-99.9-99.9-99.9-99.9-9.9 9916.7 70 14.7 -99-99.9-9.9-9.9
5295020140819 30.5 13.1  0.009999-99.9-99.9-99.9-99.9-9.9 9918.8 69 16.5 -99-99.9-9.9-9.9
5295020140820 33.0 15.1  0.009999-99.9-99.9-99.9-99.9-9.9 9919.6 65 17.2 -99-99.9-9.9-9.9
5295020140821 33.0 15.5  0.009999-99.9-99.9-99.9-99.9-9.9 9917.8 54 15.7 -99-99.9-9.9-9.9
5295020140822 33.7 15.6  0.009999-99.9-99.9-99.9-99.9-9.9 9919.5 64 17.0 -99-99.9-9.9-9.9
5295020140823 34.6 21.6  0.009999-99.9-99.9-99.9-99.9-9.9 9921.5 58 18.6 -99-99.9-9.9-9.9
5295020140824 25.3 12.1  0.009999-99.9-99.9-99.9-99.9-9.9 9917.6 95 15.2 -99-99.9-9.9-9.9
5295020140825 19.6 10.8  0.009999-99.9-99.9-99.9-99.9-9.9 99 8.9 50  5.1 -99-99.9-9.9-9.9
5295020140826 16.5  6.7  0.009999-99.9-99.9-99.9-99.9-9.9 99 8.8 69  5.1 -99-99.9-9.9-9.9
5295020140827 18.7  1.7  0.009999-99.9-99.9-99.9-99.9-9.9 99 8.3 68  4.3 -99-99.9-9.9-9.9
5295020140828 21.6  2.9  0.009999-99.9-99.9-99.9-99.9-9.9 99 8.7 63  4.9 -99-99.9-9.9-9.9
5295020140829 25.2  4.0  0.009999-99.9-99.9-99.9-99.9-9.9 99 9.8 58  6.6 -99-99.9-9.9-9.9
5295020140830 27.6  8.7  0.009999-99.9-99.9-99.9-99.9-9.9 9915.4 66 13.1 -99-99.9-9.9-9.9
5295020140831 29.7 14.8  0.009999-99.9-99.9-99.9-99.9-9.9 9915.3 62 13.2 -99-99.9-9.9-9.9
5295020140901 30.3 11.9  0.519999-99.9-99.9-99.9-99.9-9.9 9918.2 70 15.7 -99-99.9-9.9-9.9
5295020140902 27.7 17.8  0.009999-99.9-99.9-99.9-99.9-9.9 9920.2 84 17.6 -99-99.9-9.9-9.9
5295020140903 25.7 14.1  0.009999-99.9-99.9-99.9-99.9-9.9 9918.4 83 16.2 -99-99.9-9.9-9.9
5295020140904 20.3 16.3  0.009999-99.9-99.9-99.9-99.9-9.9 9920.5 99 17.8 -99-99.9-9.9-9.9
5295020140905 25.4 18.7  0.009999-99.9-99.9-99.9-99.9-9.9 9921.5 82 18.6 -99-99.9-9.9-9.9
5295020140906 22.4 15.1  0.009999-99.9-99.9-99.9-99.9-9.9 9919.5 96 17.0 -99-99.9-9.9-9.9
5295020140907 25.7 10.7  0.009999-99.9-99.9-99.9-99.9-9.9 9915.5 72 13.4 -99-99.9-9.9-9.9
5295020140908 31.8 16.6  0.009999-99.9-99.9-99.9-99.9-9.9 9923.6 76 20.0 -99-99.9-9.9-9.9
5295020140909 35.1 16.3  0.009999-99.9-99.9-99.9-99.9-9.9 9923.3 69 19.6 -99-99.9-9.9-9.9
5295020140910 16.3 11.1  0.009999-99.9-99.9-99.9-99.9-9.9 9913.2 86 11.0 -99-99.9-9.9-9.9
5295020140911 23.3 11.5  0.009999-99.9-99.9-99.9-99.9-9.9 9910.6 50  7.6 -99-99.9-9.9-9.9
5295020140912 18.4 13.1  0.009999-99.9-99.9-99.9-99.9-9.9 9915.4 93 13.3 -99-99.9-9.9-9.9
5295020140913 25.4 14.7  0.009999-99.9-99.9-99.9-99.9-9.9 9919.2 84 16.8 -99-99.9-9.9-9.9
5295020140914 19.4 15.8  0.009999-99.9-99.9-99.9-99.9-9.9 9918.4 96 16.2 -99-99.9-9.9-9.9
5295020140915 23.1 12.8  0.009999-99.9-99.9-99.9-99.9-9.9 9914.6 71 12.5 -99-99.9-9.9-9.9
5295020140916 25.4 11.0  0.009999-99.9-99.9-99.9-99.9-9.9 9914.9 69 12.8 -99-99.9-9.9-9.9
5295020140917 23.3 11.8  0.009999-99.9-99.9-99.9-99.9-9.9 9915.6 73 13.6 -99-99.9-9.9-9.9
5295020140918 23.4 14.0  0.009999-99.9-99.9-99.9-99.9-9.9 9918.0 85 15.7 -99-99.9-9.9-9.9
5295020140919 24.9 13.7  0.009999-99.9-99.9-99.9-99.9-9.9 9916.9 75 14.8 -99-99.9-9.9-9.9
5295020140920 26.8 15.1  0.009999-99.9-99.9-99.9-99.9-9.9 9915.7 64 13.7 -99-99.9-9.9-9.9
5295020140921 26.2 10.5  0.009999-99.9-99.9-99.9-99.9-9.9 9913.8 60 11.7 -99-99.9-9.9-9.9
5295020140922 27.4 10.8  0.009999-99.9-99.9-99.9-99.9-9.9 9915.4 65 13.4 -99-99.9-9.9-9.9
5295020140923 32.3 13.1  0.009999-99.9-99.9-99.9-99.9-9.9 9918.6 66 16.3 -99-99.9-9.9-9.9
5295020140924 25.9 12.7  0.009999-99.9-99.9-99.9-99.9-9.9 9914.9 69 12.9 -99-99.9-9.9-9.9
5295020140925 26.8 15.4  0.009999-99.9-99.9-99.9-99.9-9.9 9921.2 85 18.4 -99-99.9-9.9-9.9
5295020140926 23.8 15.5  0.009999-99.9-99.9-99.9-99.9-9.9 9913.8 59 11.5 -99-99.9-9.9-9.9
5295020140927 27.5 10.0  0.009999-99.9-99.9-99.9-99.9-9.9 9913.7 61 11.4 -99-99.9-9.9-9.9
5295020140928 26.8 17.6  0.009999-99.9-99.9-99.9-99.9-9.9 9923.8 92 20.2 -99-99.9-9.9-9.9
5295020140929 30.3 19.7  0.009999-99.9-99.9-99.9-99.9-9.9 9922.8 73 19.6 -99-99.9-9.9-9.9
5295020140930 23.7 18.4  0.009999-99.9-99.9-99.9-99.9-9.9 9921.0 97 18.3 -99-99.9-9.9-9.9
5295020141001 27.9 14.3  0.009999-99.9-99.9-99.9-99.9-9.9 9916.3 61 14.2 -99-99.9-9.9-9.9
5295020141002 27.2 14.1  0.009999-99.9-99.9-99.9-99.9-9.9 9916.1 66 14.1 -99-99.9-9.9-9.9
5295020141003 23.9 15.4  0.009999-99.9-99.9-99.9-99.9-9.9 9916.9 73 14.8 -99-99.9-9.9-9.9
5295020141004 27.8 17.9  0.009999-99.9-99.9-99.9-99.9-9.9 9918.3 68 16.1 -99-99.9-9.9-9.9
5295020141005 25.4 19.4  0.009999-99.9-99.9-99.9-99.9-9.9 9921.2 84 18.4 -99-99.9-9.9-9.9
5295020141006 28.0 17.2  0.009999-99.9-99.9-99.9-99.9-9.9 9920.8 84 18.1 -99-99.9-9.9-9.9
5295020141007 28.4 15.9  0.009999-99.9-99.9-99.9-99.9-9.9 9921.3 84 18.5 -99-99.9-9.9-9.9
5295020141008 32.8 18.4  0.009999-99.9-99.9-99.9-99.9-9.9 9924.5 70 20.7 -99-99.9-9.9-9.9
5295020141009 39.2 23.6  0.009999-99.9-99.9-99.9-99.9-9.9 9925.8 61 21.6 -99-99.9-9.9-9.9
5295020141010 23.6 12.8  0.009999-99.9-99.9-99.9-99.9-9.9 9915.2 85 13.1 -99-99.9-9.9-9.9
5295020141011 24.0 13.2  0.009999-99.9-99.9-99.9-99.9-9.9 9915.9 71 13.9 -99-99.9-9.9-9.9
5295020141012 25.9 16.3  0.009999-99.9-99.9-99.9-99.9-9.9 9918.8 75 16.5 -99-99.9-9.9-9.9
5295020141013 26.1 15.4  0.009999-99.9-99.9-99.9-99.9-9.9 9918.2 77 16.0 -99-99.9-9.9-9.9
5295020141014 30.2 14.5  0.009999-99.9-99.9-99.9-99.9-9.9 9918.9 65 16.6 -99-99.9-9.9-9.9
5295020141015 33.2 18.9  0.009999-99.9-99.9-99.9-99.9-9.9 9926.3 75 21.7 -99-99.9-9.9-9.9
5295020141016 36.7 27.2  0.009999-99.9-99.9-99.9-99.9-9.9 9927.6 56 22.7 -99-99.9-9.9-9.9
5295020141017 34.6 22.1  0.009999-99.9-99.9-99.9-99.9-9.9 9927.8 74 22.8 -99-99.9-9.9-9.9
5295020141018 31.6 19.1  0.009999-99.9-99.9-99.9-99.9-9.9 9924.4 82 20.7 -99-99.9-9.9-9.9
5295020141019 25.7 19.3  0.819999-99.9-99.9-99.9-99.9-9.9 9922.3 88 19.2 -99-99.9-9.9-9.9
5295020141020 29.2 12.9  0.009999-99.9-99.9-99.9-99.9-9.9 9915.2 60 13.2 -99-99.9-9.9-9.9
5295020141021 30.6 12.6  0.009999-99.9-99.9-99.9-99.9-9.9 9916.4 61 14.3 -99-99.9-9.9-9.9
5295020141022 32.1 14.4  0.009999-99.9-99.9-99.9-99.9-9.9 9918.0 57 15.8 -99-99.9-9.9-9.9
5295020141023 34.8 18.1  0.009999-99.9-99.9-99.9-99.9-9.9 9921.8 62 18.8 -99-99.9-9.9-9.9
5295020141024 34.5 18.0  0.009999-99.9-99.9-99.9-99.9-9.9 9920.5 57 17.8 -99-99.9-9.9-9.9
5295020141025 34.7 18.0  0.009999-99.9-99.9-99.9-99.9-9.9 9921.2 63 18.4 -99-99.9-9.9-9.9
5295020141026 36.1 17.3  0.009999-99.9-99.9-99.9-99.9-9.9 9923.0 59 19.7 -99-99.9-9.9-9.9
5295020141027 37.6 24.4  0.009999-99.9-99.9-99.9-99.9-9.9 9926.8 55 22.2 -99-99.9-9.9-9.9
5295020141028 37.1 26.6  0.009999-99.9-99.9-99.9-99.9-9.9 9927.4 54 22.6 -99-99.9-9.9-9.9
5295020141029 38.9 25.1  0.009999-99.9-99.9-99.9-99.9-9.9 9927.2 51 22.4 -99-99.9-9.9-9.9
5295020141030 31.0 19.7  0.009999-99.9-99.9-99.9-99.9-9.9 9923.1 81 19.8 -99-99.9-9.9-9.9
5295020141031 23.7 18.7  0.009999-99.9-99.9-99.9-99.9-9.9 9923.0 95 19.8 -99-99.9-9.9-9.9
5295020141101 25.4 19.4  0.009999-99.9-99.9-99.9-99.9-9.9 9923.7 89 20.2 -99-99.9-9.9-9.9
5295020141102 26.7 20.3  0.009999-99.9-99.9-99.9-99.9-9.9 9924.5 89 20.7 -99-99.9-9.9-9.9
5295020141103 24.2 19.6  0.009999-99.9-99.9-99.9-99.9-9.9 9923.2 85 19.7 -99-99.9-9.9-9.9
5295020141104 24.3 12.7  0.009999-99.9-99.9-99.9-99.9-9.9 9913.3 60 11.1 -99-99.9-9.9-9.9
5295020141105 27.9 10.1  0.009999-99.9-99.9-99.9-99.9-9.9 9914.5 59 12.5 -99-99.9-9.9-9.9
5295020141106 30.1 16.3  0.009999-99.9-99.9-99.9-99.9-9.9 9919.9 74 17.4 -99-99.9-9.9-9.9
5295020141107 33.4 17.3  0.009999-99.9-99.9-99.9-99.9-9.9 9922.7 67 19.5 -99-99.9-9.9-9.9
5295020141108 34.2 16.7  0.009999-99.9-99.9-99.9-99.9-9.9 9918.0 51 15.8 -99-99.9-9.9-9.9
5295020141109 35.3 18.0  0.009999-99.9-99.9-99.9-99.9-9.9 9918.3 48 16.0 -99-99.9-9.9-9.9
5295020141110 35.1 17.2  0.009999-99.9-99.9-99.9-99.9-9.9 9918.8 48 16.5 -99-99.9-9.9-9.9
5295020141111 29.5 20.3  0.009999-99.9-99.9-99.9-99.9-9.9 9924.0 86 20.4 -99-99.9-9.9-9.9
5295020141112 30.1 19.7  0.009999-99.9-99.9-99.9-99.9-9.9 9920.5 61 17.8 -99-99.9-9.9-9.9
5295020141113 27.0 14.7-99.999999-99.9-99.9-99.9-99.9-9.9 9914.4 55 12.2 -99-99.9-9.9-9.9
5295020141114 29.6  9.9  0.009999-99.9-99.9-99.9-99.9-9.9 9912.5 46 10.2 -99-99.9-9.9-9.9
5295020141115 32.1 12.9  0.009999-99.9-99.9-99.9-99.9-9.9 9913.9 38 11.7 -99-99.9-9.9-9.9
5295020141116 34.2 14.7  0.009999-99.9-99.9-99.9-99.9-9.9 9916.0 42 13.9 -99-99.9-9.9-9.9
5295020141117 34.7 16.4  0.009999-99.9-99.9-99.9-99.9-9.9 9917.5 44 15.4 -99-99.9-9.9-9.9
5295020141118 36.5 17.2  0.009999-99.9-99.9-99.9-99.9-9.9 9919.0 46 16.6 -99-99.9-9.9-9.9
5295020141119 34.4 20.7  0.009999-99.9-99.9-99.9-99.9-9.9 9922.8 70 19.6 -99-99.9-9.9-9.9
5295020141120 30.5 19.8 12.219999-99.9-99.9-99.9-99.9-9.9 9922.6 75 19.4 -99-99.9-9.9-9.9
5295020141121 24.5 17.4  4.819999-99.9-99.9-99.9-99.9-9.9 9920.6 92 17.9 -99-99.9-9.9-9.9
5295020141122 27.8 15.2  0.219999-99.9-99.9-99.9-99.9-9.9 9916.6 64 14.5 -99-99.9-9.9-9.9
5295020141123 30.7 14.7  0.009999-99.9-99.9-99.9-99.9-9.9 9916.7 53 14.7 -99-99.9-9.9-9.9
5295020141124 37.1 18.8 17.219999-99.9-99.9-99.9-99.9-9.9 9921.8 63 18.7 -99-99.9-9.9-9.9
5295020141125 29.5 19.6  0.009999-99.9-99.9-99.9-99.9-9.9 9923.5 78 20.1 -99-99.9-9.9-9.9
5295020141126 30.8 19.2  0.219999-99.9-99.9-99.9-99.9-9.9 9922.5 70 19.3 -99-99.9-9.9-9.9
5295020141127 31.3 17.1  0.009999-99.9-99.9-99.9-99.9-9.9 9917.7 55 15.5 -99-99.9-9.9-9.9
5295020141128 33.5 16.8  0.009999-99.9-99.9-99.9-99.9-9.9 9919.6 56 17.1 -99-99.9-9.9-9.9
5295020141129 37.1 21.3  0.219999-99.9-99.9-99.9-99.9-9.9 9925.3 55 21.3 -99-99.9-9.9-9.9
5295020141130 29.4 18.0  0.009999-99.9-99.9-99.9-99.9-9.9 9924.0 98 20.3 -99-99.9-9.9-9.9
5295020141201 18.7 16.7  0.009999-99.9-99.9-99.9-99.9-9.9 9919.6 98 17.2 -99-99.9-9.9-9.9
5295020141202 26.2 16.9  0.009999-99.9-99.9-99.9-99.9-9.9 9919.1 76 16.8 -99-99.9-9.9-9.9
5295020141203 31.8 13.8  0.009999-99.9-99.9-99.9-99.9-9.9 9916.7 53 14.6 -99-99.9-9.9-9.9
5295020141204 32.6 15.9  0.009999-99.9-99.9-99.9-99.9-9.9 9918.3 55 16.1 -99-99.9-9.9-9.9
5295020141205 34.1 15.8  0.009999-99.9-99.9-99.9-99.9-9.9 9922.0 58 18.9 -99-99.9-9.9-9.9
5295020141206 36.9 21.3  0.009999-99.9-99.9-99.9-99.9-9.9 9926.5 59 22.0 -99-99.9-9.9-9.9
5295020141207 38.2 23.6  0.009999-99.9-99.9-99.9-99.9-9.9 9927.7 59 22.7 -99-99.9-9.9-9.9
5295020141208 32.8 21.7  0.009999-99.9-99.9-99.9-99.9-9.9 9926.3 77 21.9 -99-99.9-9.9-9.9
5295020141209 36.6 23.8  0.009999-99.9-99.9-99.9-99.9-9.9 9927.6 63 22.7 -99-99.9-9.9-9.9
5295020141210 28.8 18.6  0.009999-99.9-99.9-99.9-99.9-9.9 9924.3 84 20.6 -99-99.9-9.9-9.9
5295020141211 31.8 20.6  0.009999-99.9-99.9-99.9-99.9-9.9 9924.2 72 20.5 -99-99.9-9.9-9.9
5295020141212 28.0 20.4  0.009999-99.9-99.9-99.9-99.9-9.9 9923.8 77 20.3 -99-99.9-9.9-9.9
5295020141213 32.8 19.9  0.009999-99.9-99.9-99.9-99.9-9.9 9922.9 70 19.6 -99-99.9-9.9-9.9
5295020141214 33.3 17.8  0.009999-99.9-99.9-99.9-99.9-9.9 9919.5 57 17.1 -99-99.9-9.9-9.9
5295020141215 33.1 19.5  7.019999-99.9-99.9-99.9-99.9-9.9 9919.8 56 17.3 -99-99.9-9.9-9.9
5295020141216 25.3 19.0  0.519999-99.9-99.9-99.9-99.9-9.9 9923.0 98 19.8 -99-99.9-9.9-9.9
5295020141217 30.3 19.4  0.009999-99.9-99.9-99.9-99.9-9.9 9924.3 78 20.6 -99-99.9-9.9-9.9
5295020141218 33.0 19.9  0.009999-99.9-99.9-99.9-99.9-9.9 9921.9 61 18.9 -99-99.9-9.9-9.9
5295020141219 34.2 18.7  0.009999-99.9-99.9-99.9-99.9-9.9 9921.6 57 18.7 -99-99.9-9.9-9.9
5295020141220 37.7 20.7 31.519999-99.9-99.9-99.9-99.9-9.9 9926.5 71 21.9 -99-99.9-9.9-9.9
5295020141221 26.4 19.7  0.009999-99.9-99.9-99.9-99.9-9.9 9921.9 85 18.8 -99-99.9-9.9-9.9
5295020141222 26.5 17.5  0.819999-99.9-99.9-99.9-99.9-9.9 9914.5 57 12.2 -99-99.9-9.9-9.9
5295020141223 27.9 16.1  0.009999-99.9-99.9-99.9-99.9-9.9 9913.9 51 11.8 -99-99.9-9.9-9.9
5295020141224 31.7 14.6  0.009999-99.9-99.9-99.9-99.9-9.9 9918.3 57 16.0 -99-99.9-9.9-9.9
5295020141225 35.9 22.4  0.009999-99.9-99.9-99.9-99.9-9.9 9927.8 66 22.8 -99-99.9-9.9-9.9
5295020141226-99.9-99.9-99.999999-99.9-99.9-99.9-99.9-9.9 99-9.9-99-99.9 -99-99.9-9.9-9.9
5295020150617-99.9-99.9-99.999999-99.9-99.9-99.9-99.9-9.9 99-9.9-99-99.9 -99-99.9-9.9-9.9
5295020150618 15.3  5.4  0.009999-99.9-99.9-99.9-99.9 7.6 75 9.5 78  6.0   0  0.011.4 1.2
5295020150619 15.8 -0.1  0.009999-99.9-99.9-99.9-99.9 8.1 79 7.6 72  3.0   0  0.011.9 1.0
5295020150620 21.5  3.5  0.009999-99.9-99.9-99.9-99.9 6.7 6611.9 75  9.1   0  0.010.4 1.1
5295020150621 24.0 10.2  2.519999-99.9-99.9-99.9-99.9 7.6 7416.0 79 14.0   0  0.011.3 1.6
5295020150622 17.3 13.9 21.519999-99.9-99.9-99.9-99.9-9.9 9917.5100 15.3   0  0.0 1.1-9.9
5295020150623 14.5  8.8  0.009999-99.9-99.9-99.9-99.9 1.5 1411.4 79  8.8   0  0.0 5.0 1.0
5295020150624 14.3 10.8  0.009999-99.9-99.9-99.9-99.9-9.9 9913.3 94 11.2   0  0.0 3.4-9.9
5295020150625 26.0 12.0  0.009999-99.9-99.9-99.9-99.9 5.7 5518.1 86 15.8   0  0.0 9.3 1.4
5295020150626 23.7 14.8  0.009999-99.9-99.9-99.9-99.9 1.9 1919.6 89 17.1   0  0.0 5.5 1.1
5295020150627 27.6 17.8  0.009999-99.9-99.9-99.9-99.9 6.7 6620.2 83 17.7   0  0.010.4 1.9
5295020150628 27.5 14.8  4.519999-99.9-99.9-99.9-99.9 2.7 2620.7 82 18.0   0  0.0 6.3 1.3
5295020150629 21.4 14.2  9.519999-99.9-99.9-99.9-99.9-9.9 9920.1 98 17.5   0  0.0 2.8-9.9
5295020150630 22.1 13.8  0.009999-99.9-99.9-99.9-99.9 4.3 4217.3 94 15.2   0  0.0 8.0 1.2
5295020150701 23.5 10.3  0.009999-99.9-99.9-99.9-99.9 8.0 7814.2 78 12.1   0  0.011.9 1.6
5295020150702 16.3 11.3  0.009999-99.9-99.9-99.9-99.9-9.9 9915.9 98 13.8   0  0.0 2.5-9.9
5295020150703 18.9  9.6  0.219999-99.9-99.9-99.9-99.9 6.8 6612.5 78 10.0   0  0.010.6 1.4
5295020150704 14.3  3.7  0.009999-99.9-99.9-99.9-99.9 6.1 59 9.0 85  5.5   0  0.0 9.9 1.0
5295020150705 17.5  2.0  0.009999-99.9-99.9-99.9-99.9 7.8 7610.0 80  6.8   0  0.011.7 1.1
5295020150706 17.9 10.4  0.009999-99.9-99.9-99.9-99.9 0.5  514.3 84 12.3   0  0.0 4.1 0.8
5295020150707 21.4 12.4  0.009999-99.9-99.9-99.9-99.9 5.0 4915.2 83 13.2   0  0.0 8.8 1.4
5295020150708 21.1  8.8  0.009999-99.9-99.9-99.9-99.9 5.9 5714.9 84 12.8   0  0.0 9.7 1.3
5295020150709 21.6 11.0  0.009999-99.9-99.9-99.9-99.9-9.9 9916.4 92 14.4   0  0.0 3.4-9.9
5295020150710 21.3 12.0  0.009999-99.9-99.9-99.9-99.9-9.9 9917.6 91 15.5   0  0.0 2.5-9.9
5295020150711 20.1 13.2  0.009999-99.9-99.9-99.9-99.9-9.9 9919.4100 16.9   0  0.0 2.1-9.9
5295020150712 24.6 16.3  0.009999-99.9-99.9-99.9-99.9-9.9 9922.1 93 19.1   0  0.0 3.5-9.9
5295020150713 21.0 13.9  0.009999-99.9-99.9-99.9-99.9-9.9 9918.4 96 15.9   0  0.0 1.1-9.9
5295020150714 15.4  8.7  0.009999-99.9-99.9-99.9-99.9 1.0 1010.3 74  7.2   0  0.0 4.8 1.1
5295020150715 19.6  3.9  0.009999-99.9-99.9-99.9-99.9 3.7 35 7.8 59  3.3   0  0.0 7.6 1.3
5295020150716 19.9  1.5  0.009999-99.9-99.9-99.9-99.9 3.7 3510.7 81  7.6   0  0.0 7.6 1.0
5295020150717 19.8  6.7  0.009999-99.9-99.9-99.9-99.9 3.2 3012.2 84  9.8   0  0.0 7.1 1.2
5295020150718 22.2  6.7  4.019999-99.9-99.9-99.9-99.9 0.7  715.9 88 13.6   0  0.0 4.5 0.8
5295020150719 21.2 16.8  6.219999-99.9-99.9-99.9-99.9-9.9 9920.4 95 17.8   0  0.0 3.0-9.9
5295020150720 18.3 11.6  0.009999-99.9-99.9-99.9-99.9 5.3 5011.4 65  8.5   0  0.0 9.6 1.6
5295020150721 15.1  3.4  0.009999-99.9-99.9-99.9-99.9 7.2 69 8.2 71  4.0   0  0.011.7 1.3
5295020150722 16.5  3.7  0.009999-99.9-99.9-99.9-99.9 5.3 51 9.7 81  6.5   0  0.0 9.7 1.1
5295020150723 19.5  7.1  0.009999-99.9-99.9-99.9-99.9 3.4 3312.1 82  9.8   0  0.0 7.7 1.1
5295020150724 20.6  6.5  0.009999-99.9-99.9-99.9-99.9 7.1 6711.9 80  9.5   0  0.011.7 1.5
5295020150725 21.5  6.1  0.009999-99.9-99.9-99.9-99.9 6.9 6613.7 89 11.4   0  0.011.6 1.4
5295020150726 23.6  7.7  0.009999-99.9-99.9-99.9-99.9 7.1 6714.7 83 12.6   0  0.011.9 1.7
5295020150727 27.7 10.0  0.009999-99.9-99.9-99.9-99.9 6.8 6417.3 77 15.0   0  0.011.6 1.9
5295020150728 28.6 19.3  0.009999-99.9-99.9-99.9-99.9 2.7 2521.8 76 18.8   0  0.0 7.0 1.8
5295020150729 28.1 20.7  0.009999-99.9-99.9-99.9-99.9 1.1 1022.1 75 19.1   0  0.0 5.2 1.6
5295020150730 32.3 20.6  0.009999-99.9-99.9-99.9-99.9 5.1 4820.4 61 17.8   0  0.0 9.9 2.5
5295020150731 30.8 18.3  0.009999-99.9-99.9-99.9-99.9 5.0 4719.3 66 16.9   0  0.0 9.8 2.4
5295020150801 28.5 14.5  0.009999-99.9-99.9-99.9-99.9 4.4 4119.6 75 17.1   0  0.0 9.1 1.9
5295020150802 33.0 19.9  0.009999-99.9-99.9-99.9-99.9 5.3 5020.3 60 17.8   0  0.010.3 2.6
5295020150803 28.2 17.5  0.009999-99.9-99.9-99.9-99.9 6.4 6021.4 76 18.6   0  0.011.6 2.6
5295020150804 24.0 16.5  0.819999-99.9-99.9-99.9-99.9-9.9 9921.5 95 18.6   0  0.0 4.0-9.9
5295020150805 28.3 18.5  0.009999-99.9-99.9-99.9-99.9 4.3 4022.1 82 19.1   0  0.0 9.2 2.0
5295020150806 32.3 21.8  0.009999-99.9-99.9-99.9-99.9 6.1 5622.4 59 19.3   0  0.011.4 3.0
5295020150807 31.7 22.7  0.009999-99.9-99.9-99.9-99.9 4.1 3824.1 73 20.4   0  0.0 9.1 2.6
5295020150808 33.5 21.0  0.009999-99.9-99.9-99.9-99.9 5.9 5425.3 65 21.3   0  0.011.3 2.9
5295020150809 34.5 25.0 18.219999-99.9-99.9-99.9-99.9 6.6 6119.0 46 16.7   0  0.012.3 3.3
5295020150810 28.3 13.7  0.819999-99.9-99.9-99.9-99.9 0.3  316.7 94 14.6   0  0.0 4.7 1.2
5295020150811 20.3 13.1  3.019999-99.9-99.9-99.9-99.9 0.2  217.8 96 15.7   0  0.0 4.6 1.0
5295020150812 16.5 14.6 31.219999-99.9-99.9-99.9-99.9-9.9 9917.2100 15.1   0  0.0 1.4-9.9
5295020150813 15.4 12.2  0.009999-99.9-99.9-99.9-99.9-9.9 9915.3 97 13.3   0  0.0 3.6-9.9
5295020150814 13.4 11.9  7.819999-99.9-99.9-99.9-99.9-9.9 9914.4100 12.4   0  0.0 0.9-9.9
5295020150815 17.9  7.6  0.009999-99.9-99.9-99.9-99.9 5.4 4912.7 88 10.5   0  0.011.2 1.7
5295020150816 19.4  8.1 21.019999-99.9-99.9-99.9-99.9 1.6 1514.9 92 12.7   0  0.0 6.6 1.1
5295020150817 17.8 15.3 77.219999-99.9-99.9-99.9-99.9-9.9 9918.9100 16.6   0  0.0 0.2-9.9
5295020150818 18.4 14.7  6.219999-99.9-99.9-99.9-99.9-9.9 9917.9100 15.7   0  0.0 2.4-9.9
5295020150819 22.3 11.2  0.009999-99.9-99.9-99.9-99.9 8.3 7514.8 79 12.8   0  0.015.2 2.5
5295020150820 20.2 10.3  0.009999-99.9-99.9-99.9-99.9 3.6 3214.9 90 12.8   0  0.0 9.2 1.6
5295020150821 24.3  9.9  0.009999-99.9-99.9-99.9-99.9 8.3 7415.9 80 13.8   0  0.015.4 2.5
5295020150822 27.6 14.7  0.009999-99.9-99.9-99.9-99.9 3.9 3520.1 77 17.5   0  0.0 9.8 2.2
5295020150823 22.4 13.5  0.009999-99.9-99.9-99.9-99.9 8.6 7611.3 55  8.7   0  0.015.9 2.9
5295020150824 20.2  8.2  0.009999-99.9-99.9-99.9-99.9 8.2 7311.6 74  9.2   0  0.015.5 2.4
5295020150825 24.9  8.5  0.009999-99.9-99.9-99.9-99.9 8.4 7515.8 76 13.6   0  0.015.9 2.7
5295020150826 30.5 17.3  0.009999-99.9-99.9-99.9-99.9 6.8 6022.5 81 19.3   0  0.013.9 3.2
5295020150827 25.7 14.2  0.009999-99.9-99.9-99.9-99.9 8.7 7614.8 64 12.4   0  0.016.4 3.2
5295020150828 28.5 12.1  0.009999-99.9-99.9-99.9-99.9 8.0 7114.8 56 12.8   0  0.015.7 3.1
5295020150829 31.9 16.1  0.009999-99.9-99.9-99.9-99.9 6.7 5919.5 68 17.0   0  0.014.1 3.2
5295020150830 33.9 20.0  0.009999-99.9-99.9-99.9-99.9 8.0 7020.8 59 18.1   0  0.015.8 3.9
5295020150831 37.6 21.9  0.009999-99.9-99.9-99.9-99.9 7.4 6522.9 62 19.6   0  0.015.1 4.0
5295020150901 27.0 13.9  0.009999-99.9-99.9-99.9-99.9 1.4 1212.8 64 10.3   0  0.0 7.0 2.1
5295020150902 23.6 10.4  0.009999-99.9-99.9-99.9-99.9 7.7 6713.7 66 11.6   0  0.015.6 2.8
5295020150903 21.9 13.1  0.009999-99.9-99.9-99.9-99.9 8.3 7213.8 74 11.7   0  0.016.7 3.1
5295020150904 21.7  8.1  0.009999-99.9-99.9-99.9-99.9 9.1 7911.7 69  9.2   0  0.017.8 3.0
5295020150905 22.9  7.3  0.009999-99.9-99.9-99.9-99.9 8.8 7611.3 66  8.8   0  0.017.5 3.0
5295020150906 23.6  6.9  0.009999-99.9-99.9-99.9-99.9 9.4 8111.7 64  9.2   0  0.018.5 3.2
5295020150907 24.9  9.9  0.009999-99.9-99.9-99.9-99.9 7.2 6213.9 69 11.8   0  0.015.4 3.0
5295020150908 25.9 11.7  0.009999-99.9-99.9-99.9-99.9 7.9 6814.3 70 12.3   0  0.016.6 3.3
5295020150909 28.4 12.0  0.009999-99.9-99.9-99.9-99.9 7.0 6015.8 64 13.8   0  0.015.4 3.2
5295020150910 21.3 11.6  0.009999-99.9-99.9-99.9-99.9 0.9  813.0 83 10.7   0  0.0 6.8 1.7
5295020150911 19.4  4.2  0.009999-99.9-99.9-99.9-99.9 9.2 79 7.9 55  3.4   0  0.018.8 3.0
5295020150912 23.6  3.7  0.009999-99.9-99.9-99.9-99.9 9.2 78 8.7 49  4.9   0  0.018.8 3.1
5295020150913 26.0  8.3  0.009999-99.9-99.9-99.9-99.9 9.6 82 9.6 50  6.2   0  0.019.5 3.6
5295020150914 28.0 10.6  0.009999-99.9-99.9-99.9-99.9 9.6 8110.0 41  6.9   0  0.019.6 3.9
5295020150915 33.4 17.0  0.009999-99.9-99.9-99.9-99.9 8.2 6919.2 58 16.3   0  0.017.6 4.2
5295020150916 26.2 16.2  0.009999-99.9-99.9-99.9-99.9 6.6 5518.6 72 16.0   0  0.015.3 3.6
5295020150917 23.1 12.1  0.009999-99.9-99.9-99.9-99.9 6.2 5215.4 73 13.3   0  0.014.9 3.0
5295020150918 24.4 14.5  0.009999-99.9-99.9-99.9-99.9 1.5 1218.0 87 15.8   0  0.0 8.0 1.9
5295020150919 25.7 15.3  0.009999-99.9-99.9-99.9-99.9 4.9 4119.0 81 16.6   0  0.013.1 3.0
5295020150920 23.5 16.6  0.009999-99.9-99.9-99.9-99.9-9.9 9920.9 93 18.2   0  0.0 5.8-9.9
5295020150921 30.7 18.7  0.009999-99.9-99.9-99.9-99.9 6.3 5224.8 83 20.9   0  0.015.3 3.7
5295020150922 25.3 18.7  0.009999-99.9-99.9-99.9-99.9 1.9 1624.0 93 20.4   0  0.0 8.8 2.2
5295020150923 21.7 17.1  3.019999-99.9-99.9-99.9-99.9-9.9 9921.6 97 18.7   0  0.0 4.9-9.9
5295020150924 19.0 15.9  0.519999-99.9-99.9-99.9-99.9-9.9 9919.3100 16.9   0  0.0 4.7-9.9
5295020150925 23.2 14.4  0.009999-99.9-99.9-99.9-99.9 6.5 5417.2 84 15.1   0  0.016.0 3.3
5295020150926 25.3 12.8  0.009999-99.9-99.9-99.9-99.9 9.4 7716.1 73 14.1   0  0.020.5 4.1
5295020150927 25.7 11.9  0.009999-99.9-99.9-99.9-99.9 9.6 7914.8 67 12.8   0  0.020.9 4.3
5295020150928 28.7 11.6  0.009999-99.9-99.9-99.9-99.9 9.3 7614.9 58 12.9   0  0.020.5 4.3
5295020150929 27.0 14.2  0.009999-99.9-99.9-99.9-99.9 5.4 4416.1 68 14.1   0  0.014.6 3.5
5295020150930 26.7 13.5  0.009999-99.9-99.9-99.9-99.9 8.4 6812.1 51  9.6   0  0.019.3 4.2
5295020151001 30.8 15.0  9.519999-99.9-99.9-99.9-99.9 3.7 3020.2 69 17.1   0  0.012.1 3.1
5295020151002 25.7 15.2  2.819999-99.9-99.9-99.9-99.9-9.9 9918.9 92 16.5   0  0.0 5.3-9.9
5295020151003 16.8 10.1  0.009999-99.9-99.9-99.9-99.9 1.8 1412.2 86  9.9   0  0.0 9.1 2.0
5295020151004 23.4  9.3  0.009999-99.9-99.9-99.9-99.9 9.8 7911.8 57  9.3   0  0.021.8 4.1
5295020151005 29.6 15.1  0.009999-99.9-99.9-99.9-99.9 7.9 6316.9 62 14.7   0  0.018.9 4.4
5295020151006 34.7 18.3  5.019999-99.9-99.9-99.9-99.9 5.3 4325.5 72 21.2   0  0.014.9 4.1
5295020151007 28.9 17.5  5.819999-99.9-99.9-99.9-99.9-9.9 9922.4 98 19.2   0  0.0 4.6-9.9
5295020151008 17.6 15.2  8.519999-99.9-99.9-99.9-99.9-9.9 9918.3100 16.1   0  0.0 2.3-9.9
5295020151009 16.0 13.0  9.219999-99.9-99.9-99.9-99.9-9.9 9915.4100 13.5   0  0.0 2.6-9.9
5295020151010 13.4 11.4-99.999999-99.9-99.9-99.9-99.9-9.9 9914.4100 12.4   0  0.0 3.0-9.9
5295020151011 17.7 12.8-99.999999-99.9-99.9-99.9-99.9 0.4  315.6 92 13.6   0  0.0 7.3 1.6
5295020151012 23.5 11.5-99.999999-99.9-99.9-99.9-99.9 9.3 7414.2 74 12.2   0  0.021.8 4.3
5295020151013 25.6 11.6-99.999999-99.9-99.9-99.9-99.9 8.8 7016.7 71 14.6   0  0.021.0 4.4
5295020151014 30.1 14.8-99.999999-99.9-99.9-99.9-99.9 4.9 3823.7 87 20.0   0  0.014.7 3.6
5295020151015 24.7 16.0  0.009999-99.9-99.9-99.9-99.910.2 8017.9 72 15.6   0  0.023.5 5.3
5295020151016 23.5 13.3  0.009999-99.9-99.9-99.9-99.9 7.9 6212.9 61 10.7   0  0.019.7 4.3
5295020151017 22.6 13.9  0.009999-99.9-99.9-99.9-99.9 7.7 6012.0 61  9.7   0  0.019.5 4.2
5295020151018 23.3  9.9  0.009999-99.9-99.9-99.9-99.9 7.4 5812.9 63 10.7   0  0.019.1 4.0
5295020151019 26.5 15.6  0.009999-99.9-99.9-99.9-99.9-9.9 9921.0 85 17.9   0  0.0 6.4-9.9
5295020151020 27.0 18.5  0.009999-99.9-99.9-99.9-99.9 4.8 3721.0 79 18.2   0  0.014.8 3.8
5295020151021 28.0 15.2  0.009999-99.9-99.9-99.9-99.910.1 7817.6 68 15.4   0  0.023.7 5.4
5295020151022 28.1 16.2  0.009999-99.9-99.9-99.9-99.910.5 8118.4 66 16.2   0  0.024.4 5.6
5295020151023 29.1 15.5  0.009999-99.9-99.9-99.9-99.910.3 8018.2 65 16.0   0  0.024.2 5.6
5295020151024 25.9 14.9 13.019999-99.9-99.9-99.9-99.9 2.7 2118.2 75 16.0   0  0.011.6 3.0
5295020151025 19.7 16.4-99.999999-99.9-99.9-99.9-99.9-9.9 9920.0 99 17.5   0  0.0 4.1-9.9
5295020151026 26.9 18.1-99.999999-99.9-99.9-99.9-99.9 1.7 1323.4 93 20.0   0  0.010.0 2.5
5295020151027 31.8 18.5-99.999999-99.9-99.9-99.9-99.9 9.3 7124.2 72 20.5   0  0.022.7 5.8
5295020151028 31.1 19.0-99.999999-99.9-99.9-99.9-99.910.5 8024.2 72 20.5   0  0.024.9 6.4
5295020151029 34.1 19.4-99.999999-99.9-99.9-99.9-99.9 9.9 7525.6 68 21.4   0  0.023.9 6.4
5295020151030 26.6 18.4-99.999999-99.9-99.9-99.9-99.9 2.8 2121.8 83 18.8   0  0.012.0 3.2
5295020151031 26.3 18.5-99.999999-99.9-99.9-99.9-99.9 4.9 3721.5 83 18.6   0  0.015.6 3.9
5295020151101 25.0 15.4-99.999999-99.9-99.9-99.9-99.9 7.4 5618.0 72 15.9   0  0.019.8 4.5
5295020151102 23.0 15.3-99.999999-99.9-99.9-99.9-99.9 5.1 3918.3 77 16.1   0  0.016.0 3.8
5295020151103 22.4 18.1-99.999999-99.9-99.9-99.9-99.9-9.9 9922.0 93 19.0   0  0.0 5.4-9.9
5295020151104 20.3 18.1-99.999999-99.9-99.9-99.9-99.9-9.9 9922.0100 19.0   0  0.0 2.2-9.9
5295020151105 23.4 16.0-99.999999-99.9-99.9-99.9-99.9 4.0 3019.5 88 17.1   0  0.014.3 3.3
5295020151106 26.5 15.0-99.999999-99.9-99.9-99.9-99.9 9.6 7217.8 71 15.7   0  0.023.8 5.4
5295020151107 27.1 14.0-99.999999-99.9-99.9-99.9-99.911.6 8716.2 59 14.1   0  0.027.2 6.1
5295020151108 30.2 15.4-99.999999-99.9-99.9-99.9-99.910.9 8219.2 61 16.8   0  0.026.2 6.3
5295020151109 33.3 18.9-99.999999-99.9-99.9-99.9-99.9 9.1 6827.8 74 22.7   0  0.023.0 6.2
5295020151110 28.9 21.0-99.999999-99.9-99.9-99.9-99.9 2.4 1827.5 92 22.6   0  0.011.6 3.2
5295020151111 28.6 22.2-99.999999-99.9-99.9-99.9-99.9 1.2  928.1 90 23.0   0  0.0 9.7 2.8
5295020151112 31.9 23.3-99.999999-99.9-99.9-99.9-99.9 7.7 5732.4 89 25.3   0  0.020.8 5.8
5295020151113 28.1 20.4-99.999999-99.9-99.9-99.9-99.9 8.2 6121.8 76 18.7   0  0.021.7 5.6
5295020151114 28.6 17.1-99.999999-99.9-99.9-99.9-99.911.4 8420.3 70 17.7   0  0.027.2 6.5
5295020151115 28.7 18.9-99.999999-99.9-99.9-99.9-99.9 9.2 6820.7 65 18.0   0  0.023.5 5.9
5295020151116 28.9 22.2-99.999999-99.9-99.9-99.9-99.9 4.3 3125.6 82 21.5   0  0.015.0 4.2
5295020151117 32.4 20.3-99.999999-99.9-99.9-99.9-99.9 7.2 5327.4 84 22.6   0  0.020.1 5.4
5295020151118 32.4 22.2-99.999999-99.9-99.9-99.9-99.9 8.5 6226.5 80 22.0   0  0.022.4 6.2
5295020151119 25.9 17.3-99.999999-99.9-99.9-99.9-99.9 2.5 1821.8 90 18.7   0  0.012.0 3.2
5295020151120 23.1 13.7-99.999999-99.9-99.9-99.9-99.911.5 8415.0 75 13.0   0  0.027.6 5.9
5295020151121 25.6 13.0-99.999999-99.9-99.9-99.9-99.911.2 8217.1 72 15.0   0  0.027.3 6.1
5295020151122 29.1 15.1-99.999999-99.9-99.9-99.9-99.911.7 8619.3 68 16.9   0  0.028.1 6.7
5295020151123 29.7 18.6-99.999999-99.9-99.9-99.9-99.9 9.1 6619.2 63 16.8   0  0.023.6 6.0
5295020151124 28.2 17.2-99.999999-99.9-99.9-99.9-99.9 9.3 6719.9 71 17.3   0  0.023.9 5.9
5295020151125 31.8 18.2-99.999999-99.9-99.9-99.9-99.910.3 7522.7 66 19.5   0  0.025.8 6.6
5295020151126 26.2 20.5-99.999999-99.9-99.9-99.9-99.9-9.9 9926.4 96 21.9   0  0.0 2.6-9.9
5295020151127 27.6 22.4-99.999999-99.9-99.9-99.9-99.9-9.9 9928.3 99 23.1   0  0.0 4.8-9.9
5295020151128 27.7 19.6-99.999999-99.9-99.9-99.9-99.911.5 8319.9 68 17.3   0  0.027.9 6.9
5295020151129 28.1 16.4-99.999999-99.9-99.9-99.9-99.911.7 8515.4 50 13.3   0  0.028.3 6.8
5295020151130 28.2 15.3-99.999999-99.9-99.9-99.9-99.911.5 8315.7 50 13.6   0  0.028.0 6.7
5295020151201 24.8 18.4-99.999999-99.9-99.9-99.9-99.9-9.9 9921.3 87 18.4   0  0.0 6.5-9.9
5295020151202 28.8 19.3-99.999999-99.9-99.9-99.9-99.9 4.6 3325.2 86 21.2   0  0.015.9 4.2
5295020151203 31.1 21.8-99.999999-99.9-99.9-99.9-99.9 6.3 4528.2 82 23.0   0  0.018.9 5.2
5295020151204 33.1 22.1-99.999999-99.9-99.9-99.9-99.910.8 7827.3 72 22.5   0  0.026.9 7.4
5295020151205 30.0 20.6-99.999999-99.9-99.9-99.9-99.9 5.9 4323.1 69 19.8   0  0.018.3 5.2
5295020151206 29.8 18.8-99.999999-99.9-99.9-99.9-99.911.6 8421.2 67 18.4   0  0.028.3 7.1
5295020151207 29.4 14.4-99.999999-99.9-99.9-99.9-99.912.5 9016.3 56 14.1   0  0.029.8 7.1
5295020151208 32.6 17.6-99.999999-99.9-99.9-99.9-99.911.2 8120.0 57 17.4   0  0.027.6 7.1
5295020151209 25.3 17.7-99.999999-99.9-99.9-99.9-99.9-9.9 9923.2100 19.9   0  0.0 2.0-9.9
5295020151210 31.0 17.5-99.999999-99.9-99.9-99.9-99.911.5 8322.4 74 19.2   0  0.028.2 7.1
5295020151211 31.0 19.7-99.999999-99.9-99.9-99.9-99.9 8.8 6325.6 74 21.5   0  0.023.5 6.3
5295020151212 34.6 21.8-99.999999-99.9-99.9-99.9-99.9 9.5 6830.6 77 24.3   0  0.024.6 7.1
5295020151213 29.6 20.6-99.999999-99.9-99.9-99.9-99.9 4.4 3226.7 91 22.1   0  0.015.7 4.2
5295020151214 25.0 20.4-99.999999-99.9-99.9-99.9-99.9-9.9 9926.9 99 22.3   0  0.0 4.9-9.9
5295020151215 31.1 19.4-99.999999-99.9-99.9-99.9-99.911.0 7925.1 77 21.2   0  0.027.4 7.1
5295020151216 30.9 20.9-99.999999-99.9-99.9-99.9-99.911.5 8226.5 73 22.0   0  0.028.2 7.5
5295020151217 36.0 24.8-99.999999-99.9-99.9-99.9-99.910.4 7532.3 68 25.3   0  0.026.3 7.9
5295020151218 31.4 21.8-99.999999-99.9-99.9-99.9-99.9-9.9 9928.1100 23.0   0  0.0 3.3-9.9
5295020151219 26.9 19.0-99.999999-99.9-99.9-99.9-99.9 6.7 4818.0 66 15.8   0  0.019.8 5.2
5295020151220 29.9 17.4-99.999999-99.9-99.9-99.9-99.9 9.7 7024.8 78 20.7   0  0.025.1 6.4
5295020151221 32.7 23.3-99.999999-99.9-99.9-99.9-99.9 5.1 3630.8 83 24.5   0  0.016.9 5.0
5295020151222 35.7 23.7-99.999999-99.9-99.9-99.9-99.9 9.7 6932.1 77 25.2   0  0.025.1 7.5
5295020151223 29.0 20.2-99.999999-99.9-99.9-99.9-99.9 3.3 2426.4 92 21.9   0  0.013.8 3.7
5295020151224 29.3 20.8-99.999999-99.9-99.9-99.9-99.9 4.8 3427.0 89 22.3   0  0.016.4 4.4
5295020151225 30.9 21.5-99.999999-99.9-99.9-99.9-99.910.0 7228.4 79 23.2   0  0.025.6 6.9
5295020151226 31.4 22.8-99.999999-99.9-99.9-99.9-99.9 8.2 5929.2 83 23.6   0  0.022.5 6.3
5295020151227 35.2 24.0-99.999999-99.9-99.9-99.9-99.9 9.1 6532.9 79 25.6   0  0.024.0 7.0
5295020151228 30.8 24.0-99.999999-99.9-99.9-99.9-99.9-9.9 9934.0 91 26.2   0  0.0 8.0-9.9
5295020151229 32.0 23.0-99.999999-99.9-99.9-99.9-99.9 3.0 2131.8 92 25.1   0  0.013.2 3.8
5295020151230 33.2 23.6-99.999999-99.9-99.9-99.9-99.9 7.9 5732.6 81 25.5   0  0.021.9 6.3
5295020151231 30.7 24.6-99.999999-99.9-99.9-99.9-99.9 1.9 1331.9 88 25.1   0  0.011.3 3.5
5295020160101 33.6 23.7-99.999999-99.9-99.9-99.9-99.9 9.7 7031.3 76 24.8   0  0.025.0 7.2
5295020160102 34.6 24.3-99.999999-99.9-99.9-99.9-99.910.3 7432.4 78 25.4   0  0.026.0 7.6
5295020160103 34.5 24.9-99.999999-99.9-99.9-99.9-99.9 7.8 5633.6 80 26.0   0  0.021.6 6.5
5295020160104 30.4 24.5-99.999999-99.9-99.9-99.9-99.9-9.9 9932.1 91 25.2   0  0.0 8.0-9.9
5295020160105 32.0 23.7-99.999999-99.9-99.9-99.9-99.9 7.6 5530.8 85 24.5   0  0.021.3 6.0
5295020160106 29.9 24.1-99.999999-99.9-99.9-99.9-99.9 5.1 3729.7 83 23.9   0  0.017.0 4.9
5295020160107 31.6 22.4-99.999999-99.9-99.9-99.9-99.910.1 7325.5 72 21.3   0  0.025.7 7.0
5295020160108 33.2 20.6-99.999999-99.9-99.9-99.9-99.9 9.6 6927.8 74 22.8   0  0.024.7 6.7
5295020160109 32.8 22.0-99.999999-99.9-99.9-99.9-99.9 9.8 7127.7 73 22.7   0  0.025.2 7.1
5295020160110 34.4 22.4-99.999999-99.9-99.9-99.9-99.9 7.4 5431.3 82 24.8   0  0.020.9 6.1
5295020160111 36.0 24.9-99.999999-99.9-99.9-99.9-99.9 9.1 6631.7 74 25.0   0  0.023.9 7.1
5295020160112 37.2 24.1-99.999999-99.9-99.9-99.9-99.910.2 7432.3 81 25.3   0  0.025.7 7.7
5295020160113 30.2 23.1-99.999999-99.9-99.9-99.9-99.9 2.3 1728.1 83 23.0   0  0.011.9 3.6
5295020160114 33.4 20.9-99.999999-99.9-99.9-99.9-99.911.4 8326.8 71 22.2   0  0.027.9 7.6
5295020160115 34.1 20.7-99.999999-99.9-99.9-99.9-99.911.7 8524.8 65 20.9   0  0.028.4 7.7
5295020160116 34.9 19.4-99.999999-99.9-99.9-99.9-99.911.8 8623.6 61 20.1   0  0.028.5 7.8
5295020160117 37.1 20.6-99.999999-99.9-99.9-99.9-99.911.3 8325.4 61 21.3   0  0.027.7 7.7
5295020160118 36.8 22.8-99.999999-99.9-99.9-99.9-99.911.4 8324.8 53 20.9   0  0.027.8 8.0
5295020160119 37.2 21.5-99.999999-99.9-99.9-99.9-99.911.4 8426.1 56 21.7   0  0.027.8 8.0
5295020160120 37.0 22.6-99.999999-99.9-99.9-99.9-99.911.3 8228.0 63 22.9   0  0.027.5 8.0
5295020160121 36.1 22.3-99.999999-99.9-99.9-99.9-99.910.9 8027.6 63 22.7   0  0.026.8 7.7
5295020160122 37.2 21.7-99.999999-99.9-99.9-99.9-99.911.2 8227.4 60 22.6   0  0.027.3 7.9
5295020160123 38.4 22.2-99.999999-99.9-99.9-99.9-99.911.3 8327.5 61 22.6   0  0.027.4 8.1
5295020160124 37.2 24.1-99.999999-99.9-99.9-99.9-99.911.0 8124.8 52 20.9   0  0.026.9 7.8
5295020160125 29.7 18.5-99.999999-99.9-99.9-99.9-99.9-9.9 9925.5 95 21.4   0  0.0 4.3-9.9
5295020160126 29.8 19.1-99.999999-99.9-99.9-99.9-99.9 8.7 6422.6 79 19.4   0  0.022.7 5.8
5295020160127 31.3 18.3-99.999999-99.9-99.9-99.9-99.911.5 8521.2 65 18.4   0  0.027.7 7.0
5295020160128 32.5 18.5-99.999999-99.9-99.9-99.9-99.911.4 8524.9 73 20.9   0  0.027.5 7.1
5295020160129 31.2 22.4-99.999999-99.9-99.9-99.9-99.9 0.9  729.7 84 23.9   0  0.0 9.2 2.8
5295020160130 27.1 22.4-99.999999-99.9-99.9-99.9-99.9-9.9 9929.2 96 23.6   0  0.0 4.7-9.9
5295020160131 33.0 22.3-99.999999-99.9-99.9-99.9-99.9 9.6 7226.9 74 22.3   0  0.024.2 6.6
5295020160201 32.1 19.4-99.999999-99.9-99.9-99.9-99.911.0 8222.9 69 19.6   0  0.026.6 6.9
5295020160202 30.9 18.8-99.999999-99.9-99.9-99.9-99.9 7.5 5622.3 65 19.2   0  0.020.4 5.4
5295020160203 31.8 21.6-99.999999-99.9-99.9-99.9-99.9 4.3 3226.0 78 21.7   0  0.015.0 4.2
5295020160204 32.9 20.9-99.999999-99.9-99.9-99.9-99.9 9.7 7326.9 71 22.3   0  0.024.2 6.7
5295020160205 34.0 21.0-99.999999-99.9-99.9-99.9-99.9 8.3 6329.2 75 23.6   0  0.021.8 6.2
5295020160206 34.2 23.5-99.999999-99.9-99.9-99.9-99.9 7.1 5331.6 76 25.0   0  0.019.6 5.7
5295020160207 35.7 24.0-99.999999-99.9-99.9-99.9-99.9 9.3 7032.7 76 25.5   0  0.023.3 6.8
5295020160208 33.2 24.7-99.999999-99.9-99.9-99.9-99.9-9.9 9933.1 90 25.7   0  0.0 6.8-9.9
5295020160209 32.6 23.8-99.999999-99.9-99.9-99.9-99.9 4.1 3133.4 84 25.9   0  0.014.4 4.2
5295020160210 31.8 25.3-99.999999-99.9-99.9-99.9-99.9 0.4  333.8 99 26.1   0  0.0 8.0 2.5
5295020160211 34.8 23.6-99.999999-99.9-99.9-99.9-99.9 7.0 5333.9 93 26.1   0  0.019.3 5.6
5295020160212 37.0 25.0-99.999999-99.9-99.9-99.9-99.9 9.1 6935.8 79 27.0   0  0.022.7 6.9
5295020160213 35.7 24.7-99.999999-99.9-99.9-99.9-99.9 5.0 3833.3 89 25.8   0  0.015.8 4.8
5295020160214 33.4 22.9-99.999999-99.9-99.9-99.9-99.9 7.0 5431.2 84 24.7   0  0.019.1 5.4
5295020160215 32.4 24.1-99.999999-99.9-99.9-99.9-99.9 0.0  032.6 94 25.5   0  0.0 7.3 2.3
5295020160216 34.5 23.0-99.999999-99.9-99.9-99.9-99.9 8.0 6133.1 80 25.7   0  0.020.6 5.9
5295020160217 31.4 21.4-99.999999-99.9-99.9-99.9-99.9 0.6  530.4 87 24.2   0  0.0 8.2 2.7
5295020160218 35.2 21.7-99.999999-99.9-99.9-99.9-99.9 9.1 7031.9 79 25.0   0  0.022.4 6.2
5295020160219 34.8 19.7-99.999999-99.9-99.9-99.9-99.9 4.5 3430.0 77 23.7   0  0.014.6 4.4
5295020160220 32.7 19.7-99.999999-99.9-99.9-99.9-99.9 9.2 7227.0 81 22.3   0  0.022.5 5.8
5295020160221 34.2 21.9-99.999999-99.9-99.9-99.9-99.9 7.9 6131.2 82 24.7   0  0.020.2 5.7
5295020160222 35.3 23.9-99.999999-99.9-99.9-99.9-99.9 8.4 6632.4 81 25.4   0  0.021.1 6.1
5295020160223 35.3 23.5-99.999999-99.9-99.9-99.9-99.9 9.7 7531.2 76 24.7   0  0.023.0 6.6
5295020160224 36.5 22.5-99.999999-99.9-99.9-99.9-99.910.4 8128.7 66 23.3   0  0.024.1 6.9
5295020160225 35.0 23.7-99.999999-99.9-99.9-99.9-99.9 6.2 4930.0 70 24.1   0  0.017.2 5.1
5295020160226 36.0 21.9-99.999999-99.9-99.9-99.9-99.9 7.3 5829.6 74 23.8   0  0.019.0 5.3
5295020160227 29.0 19.8-99.999999-99.9-99.9-99.9-99.9 9.7 7720.6 74 17.8   0  0.022.8 5.6
5295020160228 32.0 15.0-99.999999-99.9-99.9-99.9-99.911.1 8820.2 69 17.6   0  0.025.0 5.9
5295020160229 33.5 17.8-99.999999-99.9-99.9-99.9-99.910.2 8124.3 69 20.6   0  0.023.5 6.0
5295020160301 25.4 20.2-99.999999-99.9-99.9-99.9-99.9-9.9 9924.6 98 20.8   0  0.0 3.4-9.9
5295020160302 28.2 20.0-99.999999-99.9-99.9-99.9-99.9 3.7 2925.0 86 21.0   0  0.012.7 3.3
5295020160303 29.7 17.2-99.999999-99.9-99.9-99.9-99.910.1 8022.1 76 19.0   0  0.023.0 5.4
5295020160304 30.4 17.0-99.999999-99.9-99.9-99.9-99.9 9.5 7621.3 72 18.5   0  0.022.0 5.3
5295020160305 28.8 18.0-99.999999-99.9-99.9-99.9-99.9 4.2 3422.8 75 19.6   0  0.013.3 3.4
5295020160306 28.2 15.7-99.999999-99.9-99.9-99.9-99.911.1 8919.1 69 16.8   0  0.024.3 5.5
5295020160307 29.6 14.0-99.999999-99.9-99.9-99.9-99.9 9.4 7518.4 71 16.2   0  0.021.5 4.9
5295020160308 28.6 13.8-99.999999-99.9-99.9-99.9-99.9 3.5 2818.8 71 16.5   0  0.012.1 3.0
5295020160309 30.3 17.4-99.999999-99.9-99.9-99.9-99.9 5.1 4122.0 75 19.0   0  0.014.5 3.7
5295020160310 27.6 18.7-99.999999-99.9-99.9-99.9-99.9 6.4 5221.7 84 18.8   0  0.016.6 4.0
5295020160311 26.9 14.3-99.999999-99.9-99.9-99.9-99.910.9 8818.5 78 16.2   0  0.023.5 5.0
5295020160312 29.2 15.5-99.999999-99.9-99.9-99.9-99.9 7.3 5918.6 74 16.4   0  0.017.7 4.0
5295020160313 29.0 14.8-99.999999-99.9-99.9-99.9-99.9 8.1 6619.2 68 16.8   0  0.018.9 4.3
5295020160314 31.8 15.0-99.999999-99.9-99.9-99.9-99.9 9.3 7622.2 79 19.1   0  0.020.7 4.9
5295020160315 34.0 18.4-99.999999-99.9-99.9-99.9-99.9 9.3 7624.7 75 20.8   0  0.020.6 5.2
5295020160316 35.3 19.4-99.999999-99.9-99.9-99.9-99.9 8.2 6727.4 73 22.5   0  0.018.8 5.0
5295020160317 35.4 21.5-99.999999-99.9-99.9-99.9-99.9 9.1 7529.3 68 23.7   0  0.020.1 5.6
5295020160318 34.4 22.2-99.999999-99.9-99.9-99.9-99.9 3.8 3129.0 86 23.5   0  0.011.9 3.5
5295020160319 22.7 19.8-99.999999-99.9-99.9-99.9-99.9-9.9 9923.9 96 20.4   0  0.0 4.2-9.9
5295020160320 20.5 18.0-99.999999-99.9-99.9-99.9-99.9-9.9 9921.8 99 18.9   0  0.0 3.0-9.9
5295020160321 23.3 18.1-99.999999-99.9-99.9-99.9-99.9 0.9  822.3 95 19.2   0  0.0 7.4 1.8
5295020160322 28.8 17.1-99.999999-99.9-99.9-99.9-99.9 8.6 7120.9 82 18.2   0  0.018.8 4.2
5295020160323 29.3 14.4-99.999999-99.9-99.9-99.9-99.9 9.3 7819.5 75 17.0   0  0.019.9 4.3
5295020160324 27.5 15.6-99.999999-99.9-99.9-99.9-99.9 2.7 2320.4 78 17.8   0  0.0 9.9 2.5
5295020160325 25.1 18.8-99.999999-99.9-99.9-99.9-99.9 0.7  620.7 86 18.0   0  0.0 6.9 2.0
5295020160326 26.2 16.9-99.999999-99.9-99.9-99.9-99.9 5.4 4619.9 84 17.4   0  0.013.8 3.2
5295020160327 27.1 15.8-99.999999-99.9-99.9-99.9-99.9 7.1 6019.8 86 17.3   0  0.016.2 3.5
5295020160328 30.2 15.5-99.999999-99.9-99.9-99.9-99.9 9.9 8420.9 75 18.1   0  0.020.3 4.4
5295020160329 30.4 15.4-99.999999-99.9-99.9-99.9-99.9 9.4 8020.5 77 17.9   0  0.019.4 4.3
5295020160330 31.2 15.5-99.999999-99.9-99.9-99.9-99.9 9.6 8221.3 69 18.5   0  0.019.6 4.4
5295020160331 33.6 19.9-99.999999-99.9-99.9-99.9-99.9 5.3 4526.0 77 21.7   0  0.013.2 3.4
5295020160401 35.3 20.7-99.999999-99.9-99.9-99.9-99.9 8.5 7329.3 77 23.7   0  0.017.7 4.7
5295020160402 28.0 19.8-99.999999-99.9-99.9-99.9-99.9-9.9 9927.1100 22.3   0  0.0 2.1-9.9
5295020160403 22.1 19.6-99.999999-99.9-99.9-99.9-99.9-9.9 9924.2100 20.6   0  0.0 1.5-9.9
5295020160404 34.2 20.1-99.999999-99.9-99.9-99.9-99.9 3.0 2629.0 91 23.4   0  0.0 9.7 2.5
5295020160405 28.4 21.9-99.999999-99.9-99.9-99.9-99.9 1.2 1029.8 97 24.0   0  0.0 7.0 1.8
5295020160406 31.1 23.1-99.999999-99.9-99.9-99.9-99.9 4.2 3630.8 92 24.5   0  0.011.2 3.0
5295020160407 30.8 21.5-99.999999-99.9-99.9-99.9-99.9 5.0 4329.0 88 23.5   0  0.012.2 3.1
5295020160408 29.1 22.9-99.999999-99.9-99.9-99.9-99.9 2.3 2030.1 95 24.1   0  0.0 8.5 2.2
5295020160409 27.8 21.5  0.219999-99.9-99.9-99.9-99.9 0.0  029.0 94 23.5   0  0.0 5.2 1.5
5295020160410 25.2 21.6  7.819999-99.9-99.9-99.9-99.9-9.9 9927.9100 22.9   0  0.0 1.6-9.9
5295020160411 25.8 20.8  0.819999-99.9-99.9-99.9-99.9 0.9  826.5 96 22.0   0  0.0 6.4 1.6
5295020160412 24.4 20.3 53.519999-99.9-99.9-99.9-99.9-9.9 9926.1 99 21.8   0  0.0 3.9-9.9
5295020160413 22.3 19.3 57.019999-99.9-99.9-99.9-99.9-9.9 9924.1100 20.5   0  0.0 1.3-9.9
5295020160414 29.1 20.2  0.219999-99.9-99.9-99.9-99.9 3.3 2928.7 95 23.2   0  0.0 9.4 2.2
5295020160415 33.3 24.4  0.009999-99.9-99.9-99.9-99.9 7.9 7031.5 77 24.9   0  0.015.6 4.2
5295020160416 33.7 25.1  0.009999-99.9-99.9-99.9-99.9 7.9 7032.0 77 25.2   0  0.015.4 4.3
5295020160417 33.4 24.6 37.019999-99.9-99.9-99.9-99.9 4.0 3532.8 82 25.6   0  0.010.2 3.1
5295020160418 25.8 22.1 79.519999-99.9-99.9-99.9-99.9-9.9 9929.0100 23.5   0  0.0 0.7-9.9
5295020160419 23.2 18.0 11.219999-99.9-99.9-99.9-99.9-9.9 9923.0100 19.7   0  0.0 2.3-9.9
5295020160420 19.5 16.1 28.519999-99.9-99.9-99.9-99.9-9.9 9920.6100 17.9   0  0.0 2.0-9.9
5295020160421 25.9 18.1  0.009999-99.9-99.9-99.9-99.9 7.2 6421.8 89 18.8   0  0.014.0 2.9
5295020160422 25.0 14.8  0.519999-99.9-99.9-99.9-99.9 7.6 6820.9 90 18.1   0  0.014.4 2.7
5295020160423 26.6 18.2  0.009999-99.9-99.9-99.9-99.9 3.5 3226.6 94 22.0   0  0.0 9.2 2.1
5295020160424 26.9 20.6  2.019999-99.9-99.9-99.9-99.9 0.1  128.0 98 22.9   0  0.0 4.8 1.3
5295020160425 20.7 14.7 12.819999-99.9-99.9-99.9-99.9-9.9 9919.1 97 16.7   0  0.0 2.8-9.9
5295020160426 16.0 10.5  0.009999-99.9-99.9-99.9-99.9 4.7 4211.9 78  9.6   0  0.010.4 1.7
5295020160427 16.9  8.4  0.009999-99.9-99.9-99.9-99.9 6.0 5511.1 78  8.4   0  0.012.0 1.8
5295020160428 17.8  7.2  0.009999-99.9-99.9-99.9-99.9 3.8 3511.7 83  9.2   0  0.0 9.3 1.5
5295020160429-99.9-99.9-99.999999-99.9-99.9-99.9-99.9-9.9 99-9.9-99-99.9 -99-99.9-9.9-9.9
5295020160703-99.9-99.9-99.999999-99.9-99.9-99.9-99.9-9.9 99-9.9-99-99.9 -99-99.9-9.9-9.9
5295020160704 19.8 13.3  4.519999-99.9-99.9-99.9-99.9-9.9 9916.7100 14.6  10  8.0 1.2-9.9
5295020160705 13.6 11.3  1.819999-99.9-99.9-99.9-99.9-9.9 9914.4100 12.3  10  7.8 1.8-9.9
5295020160706 19.4  8.5  0.219999-99.9-99.9-99.9-99.9 7.3 7112.9 87 10.7   5  3.811.2 2.8
5295020160707 22.2  7.8  0.009999-99.9-99.9-99.9-99.9 7.6 7411.2 69  8.6   2  1.511.6 2.9
5295020160708 18.5  8.3 27.819999-99.9-99.9-99.9-99.9 1.9 1814.1 88 12.0   5  4.2 5.6 1.9
5295020160709 15.4 11.1  0.009999-99.9-99.9-99.9-99.9-9.9 9915.1100 13.1   5  4.2 3.1-9.9
5295020160710 15.3 10.7  0.219999-99.9-99.9-99.9-99.9-9.9 9915.3100 13.3   7  5.8 3.1-9.9
5295020160711 20.4 13.0  0.009999-99.9-99.9-99.9-99.9 2.9 2816.7 94 14.6   6  4.4 6.7 1.6
5295020160712 19.9 11.7  0.009999-99.9-99.9-99.9-99.9 7.4 7114.3 86 12.2  11  8.611.5 5.6
5295020160713 20.5  7.7  0.009999-99.9-99.9-99.9-99.9 4.4 4214.7 86 12.5   5  3.8 8.4 1.5
5295020160714 21.9 13.8  0.009999-99.9-99.9-99.9-99.9 2.9 2818.0 96 15.7   5  4.1 6.8 2.3
5295020160715 16.3  9.8  0.009999-99.9-99.9-99.9-99.9 5.0 4812.9 89 10.7   9  6.9 9.1 3.6
5295020160716 13.5  7.0  0.009999-99.9-99.9-99.9-99.9 7.0 6710.6 91  7.8  10  8.111.3 4.3
5295020160717 14.6  3.0  0.009999-99.9-99.9-99.9-99.9 8.2 78 9.0 82  5.4   3  2.112.7 2.2
5295020160718 15.0  4.7  0.009999-99.9-99.9-99.9-99.9 5.5 53 9.8 82  6.6   6  4.6 9.8 3.1
5295020160719 15.8  4.2  0.009999-99.9-99.9-99.9-99.9 8.0 76 9.8 84  6.6   6  4.712.6 3.7
5295020160720 16.4  3.0  0.009999-99.9-99.9-99.9-99.9 8.3 79 9.3 84  5.9   4  3.213.0 2.8
5295020160721 17.1  2.4  0.009999-99.9-99.9-99.9-99.9 8.3 79 9.3 80  5.9   3  2.213.0 2.5
5295020160722 20.4  2.7  0.009999-99.9-99.9-99.9-99.9 8.6 8210.3 74  7.3   2  1.913.5 2.5
5295020160723 24.4  7.3  0.009999-99.9-99.9-99.9-99.9 6.5 6113.8 79 11.6   2  1.411.1 2.4
5295020160724 25.9 12.1  0.009999-99.9-99.9-99.9-99.9 6.7 6417.5 82 15.3   7  5.211.5 4.0
5295020160725 28.2 16.4  2.019999-99.9-99.9-99.9-99.9 3.6 3419.7 86 17.2  10  7.6 7.9 6.8
5295020160726 16.5 10.5  0.009999-99.9-99.9-99.9-99.9 3.6 3412.3 86 10.0  20 16.2 8.0 8.3
5295020160727 16.5  8.7  0.009999-99.9-99.9-99.9-99.9 5.6 5211.2 84  8.7   6  4.510.3 4.0
5295020160728 17.7  5.5  0.009999-99.9-99.9-99.9-99.9 8.1 7610.7 83  8.0   7  5.413.3 4.0
5295020160729 18.4  6.2  0.009999-99.9-99.9-99.9-99.9 3.3 3112.9 84 10.6   4  3.5 7.8 1.8
5295020160730 21.2 12.2  0.009999-99.9-99.9-99.9-99.9-9.9 9918.3 93 16.0   5  3.8 3.7-9.9
5295020160731 27.2 17.9  0.009999-99.9-99.9-99.9-99.9 1.6 1520.9 78 18.2   9  7.0 5.9 6.9
5295020160801 21.1 13.4  0.009999-99.9-99.9-99.9-99.9 7.9 7314.9 82 12.9  15 11.813.311.1
5295020160802 18.5  8.1  0.009999-99.9-99.9-99.9-99.9 5.7 5312.3 85 10.0  10  7.810.8 5.1
5295020160803 19.0  7.1  0.009999-99.9-99.9-99.9-99.9 5.7 5314.0 92 11.8   5  4.110.9 2.0
5295020160804 27.6 11.1  0.009999-99.9-99.9-99.9-99.9 6.4 5918.3 84 16.0   1  0.711.8 2.2
5295020160805 31.1 16.3  0.009999-99.9-99.9-99.9-99.9 4.9 4520.4 72 17.8   5  3.710.0 5.4
5295020160806 22.2 11.3  0.219999-99.9-99.9-99.9-99.9-9.9 9916.9 94 14.8  12 10.0 2.6-9.9
5295020160807 21.8  9.0  0.219999-99.9-99.9-99.9-99.9 8.0 7413.5 83 11.4   3  2.314.0 3.0
5295020160808 22.6  7.6  0.009999-99.9-99.9-99.9-99.9 8.2 7513.0 81 10.8   3  2.414.2 3.6
5295020160809 23.7  9.0  0.009999-99.9-99.9-99.9-99.9 8.8 8013.3 77 11.2   3  2.715.0 4.4
5295020160810 21.8  6.1  0.009999-99.9-99.9-99.9-99.9 9.1 8310.8 71  8.1   4  3.015.5 5.1
5295020160811 22.8  6.9  0.009999-99.9-99.9-99.9-99.9 9.0 8212.3 76 10.0   5  3.915.4 5.0
5295020160812 25.4  8.0  0.009999-99.9-99.9-99.9-99.9 8.7 7913.1 67 10.9   4  3.215.2 5.2
5295020160813 29.2 13.0  0.009999-99.9-99.9-99.9-99.9 8.3 7615.7 69 13.6   4  3.414.8 6.3
5295020160814 30.2 13.9  0.009999-99.9-99.9-99.9-99.9 7.1 6418.5 72 16.2   3  2.213.4 4.6
5295020160815 29.9 15.5  0.009999-99.9-99.9-99.9-99.9 7.2 6520.8 77 18.0   6  4.513.6 7.1
5295020160816 31.0 13.9  0.219999-99.9-99.9-99.9-99.9 8.1 7321.0 76 18.0   8  6.114.8 7.6
5295020160817 23.9 12.6  0.009999-99.9-99.9-99.9-99.9 8.7 7811.7 54  8.6  13 10.215.720.6
5295020160818 24.1  7.9  0.009999-99.9-99.9-99.9-99.9 7.2 64 9.3 49  5.8   8  6.413.811.8
5295020160819 23.7  8.3  0.009999-99.9-99.9-99.9-99.9 4.7 4211.7 59  9.2   9  7.110.710.1
5295020160820 20.3 12.0  0.009999-99.9-99.9-99.9-99.9 5.3 4710.8 61  8.0  17 13.411.519.2
5295020160821 17.4  4.8  0.009999-99.9-99.9-99.9-99.9 9.4 84 8.9 77  5.2   7  5.316.9 6.9
5295020160822 21.7  5.1  0.009999-99.9-99.9-99.9-99.9 9.4 84 9.2 58  5.7   3  2.717.1 5.3
5295020160823 22.9  6.8  0.009999-99.9-99.9-99.9-99.9 9.3 8311.1 62  8.5   5  3.617.1 6.2
5295020160824 26.1  8.9  0.009999-99.9-99.9-99.9-99.9 8.8 7813.7 68 11.6   4  3.416.5 6.0
5295020160825 29.3 11.3  0.009999-99.9-99.9-99.9-99.9 8.4 7416.6 74 14.5   3  2.716.1 5.5
5295020160826 34.7 15.5  0.009999-99.9-99.9-99.9-99.9 7.5 6622.1 68 19.0   6  5.014.9 8.5
5295020160827 29.5 16.2 47.219999-99.9-99.9-99.9-99.9 3.4 3020.7 79 18.0  12  9.8 9.515.2
5295020160828 16.8 12.0  3.819999-99.9-99.9-99.9-99.9-9.9 9915.0100 13.0  16 12.9 0.9-9.9
5295020160829 13.6 11.4  3.519999-99.9-99.9-99.9-99.9-9.9 9914.5100 12.5  17 13.9 1.0-9.9
5295020160830 20.6 13.3  0.219999-99.9-99.9-99.9-99.9 2.0 1816.7 94 14.6   8  6.5 7.9 2.1
5295020160831 24.6 11.7  0.519999-99.9-99.9-99.9-99.9 9.1 7917.5 87 15.3   4  3.117.6 4.5
5295020160901 25.2 12.3  0.009999-99.9-99.9-99.9-99.9 5.6 4916.7 92 14.6   8  6.612.9 5.5
5295020160902 13.3  7.6  1.519999-99.9-99.9-99.9-99.9-9.9 9911.6100  9.2  18 14.3 1.6-9.9
5295020160903 11.0  7.3  1.019999-99.9-99.9-99.9-99.9-9.9 9911.4 98  8.8  17 13.7 3.0-9.9
5295020160904  9.5  7.8  3.519999-99.9-99.9-99.9-99.9-9.9 9911.4100  8.9  15 12.0 2.2-9.9
5295020160905 12.9  9.1  0.519999-99.9-99.9-99.9-99.9-9.9 9912.6100 10.3  15 11.9 4.2-9.9
5295020160906 17.4  6.8  0.009999-99.9-99.9-99.9-99.9 9.2 7911.0 80  8.3   9  7.218.3 7.2
5295020160907 19.9  6.7  0.009999-99.9-99.9-99.9-99.9 9.4 8010.6 73  7.8   6  4.618.7 6.6
5295020160908 24.0  6.2  0.009999-99.9-99.9-99.9-99.9 9.9 8411.3 64  8.7   2  1.519.5 4.7
5295020160909 26.0  8.3  0.009999-99.9-99.9-99.9-99.9 9.9 8414.5 73 12.4   4  3.219.6 6.2
5295020160910 29.8 10.2  0.009999-99.9-99.9-99.9-99.9 9.9 8416.6 75 14.5   3  2.519.7 6.5
5295020160911 31.4 14.5  0.009999-99.9-99.9-99.9-99.9 9.1 7720.7 73 17.9   5  4.018.7 7.8
5295020160912 34.9 20.0  0.009999-99.9-99.9-99.9-99.9 8.0 6822.7 59 19.5  13 10.417.219.3
5295020160913 26.3 13.4  0.009999-99.9-99.9-99.9-99.9 9.3 7814.1 65 11.7  16 12.619.221.7
5295020160914 21.6 11.8  0.009999-99.9-99.9-99.9-99.9 9.9 8312.5 69 10.2  12  9.620.113.7
5295020160915 22.9  6.7  0.009999-99.9-99.9-99.9-99.910.1 8512.0 71  9.5   3  2.120.6 5.3
5295020160916 25.9  9.4  0.009999-99.9-99.9-99.9-99.910.1 8413.3 66 11.2   4  3.120.7 7.0
5295020160917 30.3 10.9  0.009999-99.9-99.9-99.9-99.9 9.0 7516.1 59 14.1   5  4.119.2 8.7
5295020160918 27.6 16.6  0.009999-99.9-99.9-99.9-99.9 8.5 7115.8 63 13.6  13 10.518.618.9
5295020160919 22.7 10.4  0.009999-99.9-99.9-99.9-99.910.4 8712.1 64  9.7   9  7.521.512.9
5295020160920 24.5  7.8  0.009999-99.9-99.9-99.9-99.910.4 8613.3 72 11.2   6  4.621.6 8.0
5295020160921 26.9 10.0  0.009999-99.9-99.9-99.9-99.910.6 8814.7 62 12.7   7  5.522.0 9.7
5295020160922 31.1 12.7  0.009999-99.9-99.9-99.9-99.9 9.4 7816.8 60 14.7   5  3.720.3 8.9
5295020160923 22.6 15.5  0.219999-99.9-99.9-99.9-99.9 8.3 6813.8 55 11.3  12 10.018.617.0
5295020160924 16.8  9.2  0.519999-99.9-99.9-99.9-99.9-9.9 9912.0 94  9.6  10  8.1 2.3-9.9
5295020160925 23.4  7.0  0.009999-99.9-99.9-99.9-99.910.5 8611.1 71  8.5   5  3.722.3 7.4
5295020160926 26.8  7.3  0.009999-99.9-99.9-99.9-99.910.6 8712.6 64 10.3   3  2.822.5 7.2
5295020160927 30.2 10.3  0.009999-99.9-99.9-99.9-99.910.7 8712.9 54 10.7   5  3.922.710.6
5295020160928 32.1 11.5  0.009999-99.9-99.9-99.9-99.9 9.4 7614.0 49 11.9   6  5.220.813.4
5295020160929 25.0 15.3  0.219999-99.9-99.9-99.9-99.9 2.9 2414.6 66 12.6  12  9.310.814.9
5295020160930 21.3 11.4  2.019999-99.9-99.9-99.9-99.9 1.3 1114.5 87 12.5  10  8.2 8.4 7.6
5295020161001 27.6 10.7  0.009999-99.9-99.9-99.9-99.9 9.2 7415.5 65 13.5   7  5.620.8 9.3
5295020161002 21.0 15.0  1.019999-99.9-99.9-99.9-99.9-9.9 9919.5 94 17.0   4  3.1 4.4-9.9
5295020161003 29.5 14.3  0.219999-99.9-99.9-99.9-99.9 9.4 7519.1 76 16.7   4  3.621.2 7.9
5295020161004 29.7 14.9 10.019999-99.9-99.9-99.9-99.9 9.8 7919.2 73 16.8   6  5.122.010.1
5295020161005 21.6 14.0  5.019999-99.9-99.9-99.9-99.9-9.9 9917.5100 15.4  13 10.3 4.9-9.9
5295020161006 24.3 14.3  0.009999-99.9-99.9-99.9-99.9 7.5 6017.2 88 15.1   8  6.618.6 7.3
5295020161007 25.8 11.2  0.009999-99.9-99.9-99.9-99.9 8.2 6616.6 78 14.6   7  5.319.8 8.1
5295020161008 24.0 11.4  0.009999-99.9-99.9-99.9-99.911.1 8811.6 52  8.9   7  5.524.413.0
5295020161009 27.1  8.0  0.009999-99.9-99.9-99.9-99.910.3 8211.2 52  8.6   7  5.723.212.9
5295020161010 17.6 12.8  3.219999-99.9-99.9-99.9-99.9-9.9 9914.6 90 12.4   7  5.3 3.1-9.9
5295020161011 30.5 12.6  9.219999-99.9-99.9-99.9-99.9 8.5 6720.1 81 17.4   6  5.020.5 6.7
5295020161012 22.4 18.3 59.819999-99.9-99.9-99.9-99.9-9.9 9921.7 97 18.8  12  9.7 1.2-9.9
5295020161013 27.8 14.8  0.009999-99.9-99.9-99.9-99.9 7.2 5622.1 87 18.9   6  4.618.5 5.4
5295020161014 30.7 18.0 47.819999-99.9-99.9-99.9-99.9 9.7 7625.3 79 21.2   8  6.422.7 9.7
5295020161015 24.6 19.7 35.519999-99.9-99.9-99.9-99.9-9.9 9925.6 96 21.5  13 10.1 6.6-9.9
5295020161016 32.9 20.9 54.019999-99.9-99.9-99.9-99.9 9.0 7030.2 81 24.1   9  7.521.6 9.1
5295020161017 27.5 19.1 21.019999-99.9-99.9-99.9-99.9 2.0 1626.3 95 21.9  19 15.210.3 6.8
5295020161018 24.7 18.4  8.019999-99.9-99.9-99.9-99.9-9.9 9924.2 99 20.5  14 11.0 6.0-9.9
5295020161019 23.5 18.4  0.219999-99.9-99.9-99.9-99.9 3.9 3022.9 95 19.7  14 11.113.4 5.8
5295020161020 22.4 15.6  0.009999-99.9-99.9-99.9-99.9 6.3 4918.6 89 16.4  12  9.817.5 8.2
5295020161021 23.4 13.4  0.009999-99.9-99.9-99.9-99.910.4 8016.8 83 14.7   8  6.524.3 9.6
5295020161022 25.8 13.2  0.009999-99.9-99.9-99.9-99.910.5 8118.1 70 15.8   8  6.024.6 9.9
5295020161023 29.5 18.6 11.819999-99.9-99.9-99.9-99.9 7.5 5723.1 78 19.7   5  4.019.6 7.8
5295020161024 24.2 18.7 30.019999-99.9-99.9-99.9-99.9-9.9 9923.0100 19.7  14 11.5 0.4-9.9
5295020161025 25.5 18.8  1.019999-99.9-99.9-99.9-99.9 0.7  524.5 96 20.7   6  4.6 8.3 2.5
5295020161026 24.1 17.6  0.219999-99.9-99.9-99.9-99.9 6.2 4721.1 90 18.3  14 11.517.6 9.7
5295020161027 20.6 12.9  0.009999-99.9-99.9-99.9-99.910.6 8113.9 69 11.8  20 16.125.020.6
5295020161028 22.9 10.4  0.009999-99.9-99.9-99.9-99.911.8 9013.0 64 10.7   4  3.227.1 8.5
5295020161029 25.2 10.6  0.009999-99.9-99.9-99.9-99.911.8 8915.9 71 13.8   8  6.227.210.4
5295020161030 30.5 13.9  0.009999-99.9-99.9-99.9-99.911.1 8420.2 70 17.6   7  5.426.011.2
5295020161031 34.7 18.5  0.009999-99.9-99.9-99.9-99.910.2 7725.2 68 21.1   4  3.224.610.0
5295020161101 33.5 17.6  5.519999-99.9-99.9-99.9-99.9 2.1 1626.5 90 21.7  19 15.410.914.5
5295020161102 21.7 12.6  0.009999-99.9-99.9-99.9-99.911.7 8811.3 54  8.4  10  8.127.317.3
5295020161103 25.7 11.1  0.009999-99.9-99.9-99.9-99.911.2 8413.9 65 11.7   5  3.726.5 9.7
5295020161104 30.3 14.5  0.009999-99.9-99.9-99.9-99.911.5 8716.9 57 14.8   3  2.727.1 9.9
5295020161105 31.8 15.4  0.009999-99.9-99.9-99.9-99.911.6 8720.3 63 17.7   4  3.527.311.1
5295020161106 34.0 17.3  0.009999-99.9-99.9-99.9-99.911.3 8523.7 62 20.2   5  4.426.912.4
5295020161107 34.9 21.2  8.019999-99.9-99.9-99.9-99.9 7.7 5826.7 69 22.2   6  4.920.811.2
5295020161108 29.2 20.4  5.019999-99.9-99.9-99.9-99.9 3.1 2326.0 95 21.7   9  6.912.8 5.4
5295020161109 31.2 19.4  0.009999-99.9-99.9-99.9-99.9 9.9 7425.3 78 21.2   3  2.724.5 8.1
5295020161110 32.2 21.3  4.819999-99.9-99.9-99.9-99.910.4 7726.6 76 22.1   7  5.525.411.9
5295020161111 28.9 18.9  0.009999-99.9-99.9-99.9-99.9 8.9 6621.8 72 18.9   5  4.022.8 9.3
5295020161112 28.2 15.3  0.009999-99.9-99.9-99.9-99.911.7 8617.6 70 15.4   8  6.427.714.6
5295020161113 32.2 13.5  0.009999-99.9-99.9-99.9-99.911.5 8519.6 62 17.1   4  3.327.610.4
5295020161114 25.0 18.5 12.219999-99.9-99.9-99.9-99.9-9.9 9923.6 95 20.1   3  2.7 4.3-9.9
5295020161115 32.1 17.5  0.009999-99.9-99.9-99.9-99.910.5 7824.7 79 20.8   2  1.425.9 7.5
5295020161116 31.1 20.7 12.019999-99.9-99.9-99.9-99.9 8.6 6425.3 72 21.2  11  8.722.613.6
5295020161117 24.1 15.6  0.009999-99.9-99.9-99.9-99.9 7.7 5615.0 67 12.6  17 13.721.021.9
5295020161118 22.2  8.4  0.009999-99.9-99.9-99.9-99.911.9 8711.6 64  9.0   5  4.328.310.6
5295020161119 26.5 10.8  0.009999-99.9-99.9-99.9-99.910.7 7816.0 67 14.0   5  3.726.3 9.0
5295020161120 28.6 16.0  0.009999-99.9-99.9-99.9-99.9 5.5 4020.3 78 17.7   4  2.917.3 6.6
5295020161121 28.2 16.0  0.009999-99.9-99.9-99.9-99.9 9.7 7119.3 68 16.9   9  7.324.713.9
5295020161122 24.5 13.4  0.009999-99.9-99.9-99.9-99.9 6.4 4716.0 75 14.0   5  4.318.9 8.6
5295020161123 28.3 12.0  0.009999-99.9-99.9-99.9-99.912.2 8915.3 62 13.3   4  2.929.010.2
5295020161124 31.2 15.3  0.009999-99.9-99.9-99.9-99.9 9.1 6618.2 55 15.9   4  3.423.610.8
5295020161125 34.5 18.2  0.009999-99.9-99.9-99.9-99.911.3 8222.0 62 18.9   5  3.727.413.3
5295020161126 36.4 23.1 52.519999-99.9-99.9-99.9-99.910.3 7530.1 69 24.1  13 10.225.819.4
5295020161127 29.6 18.9  5.219999-99.9-99.9-99.9-99.9 2.9 2124.6 93 20.8  10  8.113.0 5.9
5295020161128 29.9 19.6  0.009999-99.9-99.9-99.9-99.9 7.3 5326.0 80 21.7   7  5.720.6 8.8
5295020161129 30.5 20.2  0.009999-99.9-99.9-99.9-99.911.5 8321.8 64 18.8   8  6.227.915.4
5295020161130 29.2 16.7  0.009999-99.9-99.9-99.9-99.911.4 8218.3 61 16.0   9  6.827.816.4
5295020161201 32.0 16.9  0.009999-99.9-99.9-99.9-99.9 8.6 6222.4 74 19.2   4  3.223.0 8.6
5295020161202 32.0 22.1  2.819999-99.9-99.9-99.9-99.9 3.1 2329.0 86 23.5   6  5.213.4 6.5
5295020161203 30.2 21.2  0.009999-99.9-99.9-99.9-99.9 7.1 5126.3 84 21.9   8  6.620.3 9.7
5295020161204 30.7 18.2  0.009999-99.9-99.9-99.9-99.912.0 8622.6 73 19.4   7  5.328.913.0
5295020161205 33.9 18.6  0.009999-99.9-99.9-99.9-99.911.8 8525.2 72 21.2   5  3.628.611.4
5295020161206 30.2 21.4  6.519999-99.9-99.9-99.9-99.9 2.9 2127.2 83 22.5   4  2.913.1 5.2
5295020161207 32.8 20.0  0.219999-99.9-99.9-99.9-99.9 9.7 7027.3 75 22.5   5  4.325.010.7
5295020161208 26.7 21.4  1.819999-99.9-99.9-99.9-99.9-9.9 9927.1 92 22.3  10  8.1 7.5-9.9
5295020161209 29.5 18.1  7.019999-99.9-99.9-99.9-99.9 9.8 7122.7 80 19.4  10  8.325.213.8
5295020161210 28.1 19.1  0.819999-99.9-99.9-99.9-99.9 3.0 2122.7 84 19.5   5  4.313.2 6.5
5295020161211 34.0 19.9  0.009999-99.9-99.9-99.9-99.911.6 8324.3 68 20.6   5  4.228.412.5
5295020161212 34.2 19.0  0.009999-99.9-99.9-99.9-99.911.7 8424.1 61 20.4   5  3.828.512.8
5295020161213 28.1 18.2 16.519999-99.9-99.9-99.9-99.9 0.9  723.2 89 19.8   9  7.1 9.6 7.4
5295020161214 26.9 12.9  0.009999-99.9-99.9-99.9-99.912.5 9013.9 56 11.8   8  6.130.016.4
5295020161215 28.8 12.1  0.009999-99.9-99.9-99.9-99.912.5 9013.6 49 11.4   7  5.630.015.9
5295020161216 32.0 15.0  0.009999-99.9-99.9-99.9-99.911.7 8420.9 62 17.9   6  5.228.612.1
5295020161217 34.1 20.5  0.009999-99.9-99.9-99.9-99.910.8 7728.7 72 23.4   6  4.826.912.4
5295020161218 35.7 24.1  6.019999-99.9-99.9-99.9-99.9 9.0 6531.0 72 24.6  11  8.923.915.4
5295020161219 30.9 20.2  0.009999-99.9-99.9-99.9-99.9 6.7 4825.2 86 21.2   8  6.719.910.5
5295020161220 33.0 17.6  0.009999-99.9-99.9-99.9-99.911.6 8322.8 65 19.5   2  1.528.4 9.3
5295020161221 34.4 20.8  0.009999-99.9-99.9-99.9-99.911.6 8326.5 65 22.0   4  3.228.411.6
5295020161222 36.1 23.8  0.009999-99.9-99.9-99.9-99.911.1 7929.2 62 23.5   7  5.727.415.6
5295020161223 32.5 20.6  0.519999-99.9-99.9-99.9-99.9 6.4 4527.8 86 22.7  11  8.819.212.8
5295020161224 34.5 20.3  0.009999-99.9-99.9-99.9-99.9 6.9 5030.2 78 24.1   8  6.420.2 9.3
5295020161225 36.9 26.1  0.009999-99.9-99.9-99.9-99.910.6 7632.9 68 25.6  12  9.426.618.6
5295020161226 31.7 20.2114.819999-99.9-99.9-99.9-99.9 0.4  326.9 86 22.2  13 10.5 8.712.3
5295020161227 28.0 20.5  2.019999-99.9-99.9-99.9-99.9 2.4 1726.3 91 21.9   6  5.212.2 4.8
5295020161228 31.8 21.4  0.009999-99.9-99.9-99.9-99.9 9.4 6728.7 81 23.3   4  2.924.5 8.3
5295020161229 33.5 22.9  0.009999-99.9-99.9-99.9-99.9 7.3 5230.2 79 24.2   2  1.720.8 7.3
5295020161230 35.9 23.7  0.009999-99.9-99.9-99.9-99.910.8 7831.5 75 24.9   2  1.327.0 9.1
5295020161231 37.7 25.4  0.009999-99.9-99.9-99.9-99.911.0 7935.9 77 27.1   3  2.727.210.4
5295020170101 34.1 25.4  0.009999-99.9-99.9-99.9-99.9 6.0 4333.4 80 25.7   7  5.518.611.1
5295020170102 32.1 22.7  0.009999-99.9-99.9-99.9-99.9 2.8 2033.9 92 26.1   6  4.612.8 5.0
5295020170103 36.5 27.1  0.009999-99.9-99.9-99.9-99.9 9.9 7133.5 74 25.8  12  9.725.419.0
5295020170104 30.8 22.3  1.519999-99.9-99.9-99.9-99.9 4.1 2928.2 86 23.0  12  9.215.2 9.1
5295020170105 30.0 21.8  0.009999-99.9-99.9-99.9-99.9 2.6 1828.6 91 23.3   5  3.712.5 4.7
5295020170106 32.5 21.6  0.009999-99.9-99.9-99.9-99.9 9.8 7029.9 79 24.0   6  4.625.1 9.8
5295020170107 29.9 23.2  7.519999-99.9-99.9-99.9-99.9 5.2 3833.1 96 25.7   8  6.117.1 6.4
5295020170108 30.6 23.4  8.219999-99.9-99.9-99.9-99.9 3.4 2532.7 96 25.5  10  7.713.9 5.6
5295020170109 36.9 22.6 34.519999-99.9-99.9-99.9-99.9 9.2 6733.2 86 25.7   9  6.924.111.0
5295020170110 29.3 21.5  0.219999-99.9-99.9-99.9-99.9 2.3 1629.1 98 23.6   6  5.111.9 4.0
5295020170111 31.4 21.4  0.009999-99.9-99.9-99.9-99.9 9.4 6830.6 91 24.4   5  4.424.4 8.3
5295020170112 34.2 22.0  0.009999-99.9-99.9-99.9-99.911.0 8031.7 79 24.9   6  4.627.210.8
5295020170113 38.0 22.8 37.219999-99.9-99.9-99.9-99.910.2 7434.3 77 26.3   3  2.325.8 9.7
5295020170114 32.3 22.4  0.009999-99.9-99.9-99.9-99.9 5.1 3733.1 87 25.7   7  5.816.8 8.8
5295020170115 31.4 21.8 24.219999-99.9-99.9-99.9-99.9-9.9 9932.1 96 25.1   6  4.6 5.8-9.9
5295020170116 26.7 19.2  0.009999-99.9-99.9-99.9-99.9 1.9 1426.3 96 21.9   6  4.511.2 3.7
5295020170117 32.0 21.5  0.009999-99.9-99.9-99.9-99.9 8.7 6330.7 88 24.4   8  6.323.1 8.6
5295020170118 34.4 21.6  0.009999-99.9-99.9-99.9-99.911.5 8430.3 81 24.2   2  1.927.9 9.4
5295020170119 34.4 22.4  0.009999-99.9-99.9-99.9-99.911.5 8428.7 74 23.3   6  4.827.912.9
5295020170120 35.1 20.1  0.009999-99.9-99.9-99.9-99.912.0 8828.4 75 23.1   6  4.728.712.1
5295020170121 35.3 22.7  0.009999-99.9-99.9-99.9-99.910.6 7830.5 73 24.3   5  4.226.311.7
5295020170122 33.6 20.1  0.009999-99.9-99.9-99.9-99.911.6 8527.5 79 22.6   5  4.228.112.1
5295020170123 33.0 21.3  0.009999-99.9-99.9-99.9-99.910.0 7429.2 77 23.6   4  3.225.2 9.4
5295020170124 34.0 23.2  0.009999-99.9-99.9-99.9-99.9 8.4 6230.8 88 24.5   3  2.422.3 8.3
5295020170125 31.4 23.0  0.009999-99.9-99.9-99.9-99.910.3 7625.3 68 21.0  11  8.625.617.7
5295020170126 26.9 17.4  0.009999-99.9-99.9-99.9-99.912.0 8818.1 71 15.9  11  8.528.517.4
5295020170127 29.5 14.7  0.009999-99.9-99.9-99.9-99.911.9 8819.1 71 16.7   3  2.628.3 9.2
5295020170128 30.6 16.0  0.009999-99.9-99.9-99.9-99.912.2 9121.2 67 18.4   3  2.528.9 9.6
5295020170129 34.1 17.2  0.009999-99.9-99.9-99.9-99.911.6 8624.2 69 20.5   4  3.527.811.1
5295020170130 35.8 22.3  0.009999-99.9-99.9-99.9-99.910.7 8029.2 71 23.6   7  5.326.213.6
5295020170131 32.9 21.8  0.009999-99.9-99.9-99.9-99.9 9.7 7228.9 77 23.5   7  5.324.411.4
5295020170201 32.8 21.2  0.009999-99.9-99.9-99.9-99.9 9.1 6828.7 81 23.3   7  5.423.310.6
5295020170202 33.0 20.6  0.009999-99.9-99.9-99.9-99.910.3 7727.2 79 22.4   6  4.825.411.0
5295020170203 35.9 20.9  0.009999-99.9-99.9-99.9-99.911.1 8325.8 67 21.5   2  1.526.6 9.4
5295020170204 28.7 18.3 74.519999-99.9-99.9-99.9-99.9-9.9 9926.8 98 22.1   7  5.5 6.2-9.9
5295020170205 27.7 18.0  0.009999-99.9-99.9-99.9-99.9 5.9 4422.2 81 19.2   9  6.917.7 8.4
5295020170206 28.0 15.9  0.009999-99.9-99.9-99.9-99.911.7 8819.7 75 17.3   7  5.427.511.2
5295020170207 28.7 15.7  0.009999-99.9-99.9-99.9-99.9 4.5 3420.9 77 18.1   3  2.615.2 5.8
5295020170208 32.0 19.3  0.009999-99.9-99.9-99.9-99.910.6 8023.1 72 19.7   6  4.625.511.4
5295020170209 33.5 21.0 73.519999-99.9-99.9-99.9-99.9 5.6 4229.8 82 23.8   7  5.416.9 7.9
5295020170210 29.5 21.3  0.009999-99.9-99.9-99.9-99.9 3.1 2427.2 85 22.4   6  4.412.7 6.1
5295020170211 31.3 21.7  0.009999-99.9-99.9-99.9-99.9 7.5 5726.9 76 22.2   5  3.720.0 8.1
5295020170212 27.9 22.1  1.519999-99.9-99.9-99.9-99.9 5.7 4422.8 76 19.5  12  9.217.113.2
5295020170213 29.0 21.0  0.519999-99.9-99.9-99.9-99.9 5.7 4422.0 76 18.9  13 10.717.014.6
5295020170214 29.6 17.1  0.009999-99.9-99.9-99.9-99.9 7.2 5522.2 78 18.8   3  2.619.4 6.7
5295020170215 34.0 20.3  0.009999-99.9-99.9-99.9-99.9 8.7 6724.9 69 20.7   1  0.922.0 6.9
5295020170216 34.9 21.6 43.519999-99.9-99.9-99.9-99.9 4.4 3424.7 78 20.4   8  6.514.611.2
5295020170217 29.2 20.5 37.219999-99.9-99.9-99.9-99.9 3.2 2423.8 83 19.9  10  7.712.5 9.7
5295020170218 31.1 21.0  0.519999-99.9-99.9-99.9-99.9 3.9 3024.2 83 20.1  11  8.613.711.8
5295020170219 30.3 20.9  4.019999-99.9-99.9-99.9-99.9 4.1 3225.7 89 21.0   5  4.114.0 6.1
5295020170220 34.7 23.6  2.819999-99.9-99.9-99.9-99.9 7.3 5631.5 87 24.6   3  2.119.3 6.7
5295020170221 32.8 23.4  0.009999-99.9-99.9-99.9-99.9 0.9  730.5 96 24.1   4  3.5 8.6 4.1
5295020170222 32.0 23.0  0.009999-99.9-99.9-99.9-99.9 6.9 5328.5 85 22.6   4  3.218.4 7.5
5295020170223 35.5 22.0  0.009999-99.9-99.9-99.9-99.9 9.4 7328.2 83 22.6   2  1.222.6 7.6
5295020170224 36.2 23.8  0.009999-99.9-99.9-99.9-99.9 9.8 7727.1 76 21.7   1  1.123.2 8.3
5295020170225 35.7 23.8  0.009999-99.9-99.9-99.9-99.9 9.3 7326.7 75 21.4   2  1.922.4 9.3
5295020170226 34.0 22.2  0.009999-99.9-99.9-99.9-99.9 9.4 7427.9 78 22.6   4  3.022.4 9.6
5295020170227 35.9 21.6  1.019999-99.9-99.9-99.9-99.9 8.3 6527.1 70 21.8   3  2.420.5 8.3
5295020170228 27.6 23.6  2.019999-99.9-99.9-99.9-99.9-9.9 9921.9 73 17.9   4  3.0 5.8-9.9
5295020170301 34.8 22.4  0.009999-99.9-99.9-99.9-99.9 8.7 6927.0 88 21.0   2  2.021.1 7.9
5295020170302 34.6 22.7  0.009999-99.9-99.9-99.9-99.9 9.4 7431.6 87 24.7   3  2.822.1 8.4
5295020170303 29.1 23.0 37.019999-99.9-99.9-99.9-99.9-9.9 9930.5 93 24.2   6  4.8 3.9-9.9
5295020170304 30.9 22.6  0.009999-99.9-99.9-99.9-99.9 7.9 6331.4 95 24.7   9  7.119.5 7.0
5295020170305 30.0 22.9  0.009999-99.9-99.9-99.9-99.9 3.9 3130.1 94 24.1   5  4.312.9 4.5
5295020170306 32.6 20.6  0.009999-99.9-99.9-99.9-99.9 8.9 7129.9 88 24.0   6  4.421.0 7.3
5295020170307 25.6 20.3-99.999999-99.9-99.9-99.9-99.9-9.9 99-9.9-99-99.9 -99-99.9-9.9-9.9
5295020170308-99.9-99.9-99.999999-99.9-99.9-99.9-99.9-9.9 99-9.9-99-99.9 -99-99.9-9.9-9.9
5295020170309-99.9-99.9-99.999999-99.9-99.9-99.9-99.9-9.9 99-9.9-99-99.9 -99-99.9-9.9-9.9
5295020170310-99.9-99.9-99.999999-99.9-99.9-99.9-99.9-9.9 99-9.9-99-99.9 -99-99.9-9.9-9.9
5295020170311-99.9-99.9-99.999999-99.9-99.9-99.9-99.9-9.9 99-9.9-99-99.9 -99-99.9-9.9-9.9
5295020170312-99.9-99.9-99.999999-99.9-99.9-99.9-99.9-9.9 99-9.9-99-99.9 -99-99.9-9.9-9.9
5295020170313 28.1 13.0  0.009999-99.9-99.9-99.9-99.9-9.9 99-9.9 70-99.9 -99-99.9-9.9-9.9
5295020170314 29.4 12.8  0.009999-99.9-99.9-99.9-99.911.2 9218.9 72 16.5   5  3.623.9 8.4
5295020170315 30.5 16.3 25.019999-99.9-99.9-99.9-99.9 0.6  522.6 92 19.2   7  5.4 7.1 3.4
5295020170316 23.9 15.8  0.009999-99.9-99.9-99.9-99.9 6.9 5720.8 99 18.0  13 10.617.0 6.3
5295020170317 24.3 11.4  0.009999-99.9-99.9-99.9-99.910.6 8716.3 84 14.3   7  5.522.6 8.2
5295020170318 25.7 11.8  0.009999-99.9-99.9-99.9-99.910.6 8717.8 85 15.6   5  4.222.5 6.9
5295020170319 28.1 12.5  0.009999-99.9-99.9-99.9-99.910.8 8919.5 85 16.9   5  4.422.7 7.0
5295020170320 29.7 15.4  0.009999-99.9-99.9-99.9-99.9 8.6 7124.3 89 20.4   5  3.919.2 5.2
5295020170321 31.3 18.3  6.519999-99.9-99.9-99.9-99.9 6.8 5627.2 87 22.3   4  2.916.3 4.8
5295020170322 24.7 21.6  2.219999-99.9-99.9-99.9-99.9-9.9 9924.7 93 20.7   2  1.9 3.3-9.9
5295020170323 28.5 20.1  0.009999-99.9-99.9-99.9-99.9 1.7 1427.9 94 22.7   3  2.5 8.5 2.4
5295020170324 32.6 19.9  0.009999-99.9-99.9-99.9-99.9 7.7 6427.0 86 22.3   1  1.117.5 5.1
5295020170325 32.3 20.7  0.009999-99.9-99.9-99.9-99.9 5.5 4629.1 86 23.5   5  4.214.1 5.2
5295020170326 31.1 20.4  0.009999-99.9-99.9-99.9-99.9 6.4 5429.3 93 23.5   4  3.415.4 5.4
5295020170327 32.3 20.7  0.009999-99.9-99.9-99.9-99.9 7.3 6127.7 89 22.3   3  2.116.5 5.5
5295020170328 31.7 19.5  0.009999-99.9-99.9-99.9-99.9 9.6 8127.7 87 22.7   5  4.320.0 7.4
5295020170329 32.3 18.7  0.009999-99.9-99.9-99.9-99.9 9.5 8027.8 88 22.7   6  5.019.6 7.0
5295020170330 32.5 20.5  0.009999-99.9-99.9-99.9-99.9 8.1 6828.6 87 23.2   6  4.717.4 7.1
5295020170331 30.6 21.1  0.009999-99.9-99.9-99.9-99.9 5.9 5028.2 89 23.1   6  5.114.2 5.6
5295020170401 31.0 18.1  0.009999-99.9-99.9-99.9-99.9 9.6 8224.8 85 20.9   7  5.819.5 8.8
5295020170402 29.8 18.5  0.519999-99.9-99.9-99.9-99.9 5.5 4724.6 86 20.8   7  5.413.5 6.1
5295020170403 29.3 20.1  0.009999-99.9-99.9-99.9-99.9 3.7 3226.1 93 21.7   5  3.910.8 4.2
5295020170404 31.8 18.2  0.009999-99.9-99.9-99.9-99.9 5.8 5025.7 88 21.3   3  2.513.7 4.4
5295020170405 30.1 20.6  0.009999-99.9-99.9-99.9-99.9 8.9 7727.0 89 22.3   5  4.418.1 6.9
5295020170406 29.9 16.3  0.009999-99.9-99.9-99.9-99.9 9.9 8519.2 66 16.8   5  4.119.4 9.1
5295020170407 30.8 13.9  0.819999-99.9-99.9-99.9-99.9 8.6 7422.9 76 19.3   7  5.617.4 6.3
5295020170408 25.3 21.6 28.019999-99.9-99.9-99.9-99.9-9.9 9928.4100 23.1  11  8.4 2.2-9.9
5295020170409 23.5 19.4 39.219999-99.9-99.9-99.9-99.9-9.9 9921.6 79 18.5   5  3.9 1.4-9.9
5295020170410 19.6 14.6  1.019999-99.9-99.9-99.9-99.9-9.9 9917.3 95 15.1   5  4.1 3.6-9.9
5295020170411 28.7 14.1  0.009999-99.9-99.9-99.9-99.9 9.7 8518.5 81 16.1   3  2.418.6 5.2
5295020170412 25.6 14.5  0.009999-99.9-99.9-99.9-99.9 9.4 8218.9 88 16.5   7  5.518.0 6.6
5295020170413 24.3 10.6  0.009999-99.9-99.9-99.9-99.9 9.6 8516.0 84 13.9   5  4.018.2 5.5
5295020170414 24.7 12.5  0.009999-99.9-99.9-99.9-99.9 5.4 4820.3 89 17.5   3  2.212.4 2.7
5295020170415 24.3 19.1  1.519999-99.9-99.9-99.9-99.9-9.9 9922.0 89 18.6   1  0.9 3.5-9.9
5295020170416 22.9 18.7  0.009999-99.9-99.9-99.9-99.9 0.1  122.2 98 19.0   9  7.1 5.1 3.1
5295020170417 25.7 13.9  0.009999-99.9-99.9-99.9-99.9 7.7 6919.0 86 16.7   8  6.315.2 6.9
5295020170418 18.6 14.8 51.519999-99.9-99.9-99.9-99.9-9.9 9916.7 85 14.5   9  6.9 1.4-9.9
5295020170419 19.9 18.0 13.519999-99.9-99.9-99.9-99.9-9.9 99 8.6 41  4.6   2  1.8 1.3-9.9
5295020170420 23.8 18.3  0.519999-99.9-99.9-99.9-99.9-9.9 9914.2 67 11.1   5  3.9 4.8-9.9
5295020170421 26.0 16.9  0.009999-99.9-99.9-99.9-99.9 9.0 8016.5 84 13.5   6  5.116.5 9.8
5295020170422 25.0 12.8  0.009999-99.9-99.9-99.9-99.9 9.1 8214.0 77 11.1   5  3.816.6 7.7
5295020170423 24.6 12.3  0.009999-99.9-99.9-99.9-99.9 5.1 4618.1 87 15.8   5  4.111.3 3.9
5295020170424 28.2 14.5  7.019999-99.9-99.9-99.9-99.9 5.3 4821.9 92 18.2   2  1.711.4 2.8
5295020170425 21.7 16.4 36.519999-99.9-99.9-99.9-99.9-9.9 9914.0 77 11.2  11  8.9 3.0-9.9
5295020170426 19.4 12.0  0.009999-99.9-99.9-99.9-99.9 9.3 8412.8 75 10.5  13 10.116.311.4
5295020170427 24.3  9.5  0.009999-99.9-99.9-99.9-99.9 9.6 8713.5 76 11.3   3  2.116.7 4.4
5295020170428 24.0  9.8  0.009999-99.9-99.9-99.9-99.9 9.7 8814.1 83 11.9   3  2.216.7 4.3
5295020170429 25.2  8.8  0.009999-99.9-99.9-99.9-99.9 9.6 8812.9 82  9.9   3  2.216.5 4.9
5295020170430 27.7  9.5  0.009999-99.9-99.9-99.9-99.9 9.0 8214.7 82 11.4   2  1.715.5 4.1
5295020170501 26.9 12.7  0.009999-99.9-99.9-99.9-99.9 7.9 7216.4 74 14.0   2  1.714.1 3.9
5295020170502 27.7 14.3  0.009999-99.9-99.9-99.9-99.9 8.4 7717.6 89 11.8   4  3.414.7 6.0
5295020170503 24.2 17.9  0.219999-99.9-99.9-99.9-99.9-9.9 9912.4 58-99.9   2  1.4 4.2-9.9
5295020170504 27.1 16.7  0.009999-99.9-99.9-99.9-99.9 5.7 5210.4 30-99.9   2  1.611.2 5.7
5295020170505 27.9 14.9  0.009999-99.9-99.9-99.9-99.9 7.3 6813.9 46-99.9   2  1.413.1 4.7
5295020170506 28.1 16.1  0.219999-99.9-99.9-99.9-99.9 7.7 7118.8 79 12.9   6  4.713.4 7.0
5295020170507 30.1 21.2 44.519999-99.9-99.9-99.9-99.9 1.8 1727.4 94 22.1   8  6.4 6.4 3.5
5295020170508 24.9 19.3  0.009999-99.9-99.9-99.9-99.9 2.2 2116.4 60-99.9   8  6.6 6.811.7
5295020170509 22.6 15.4  0.009999-99.9-99.9-99.9-99.9 5.5 5117.8 86 15.4   9  6.910.6 6.4
5295020170510 22.2 11.8  0.009999-99.9-99.9-99.9-99.9 7.6 7116.5 88 14.3   8  6.213.0 4.3
5295020170511 21.4 12.1  1.219999-99.9-99.9-99.9-99.9 2.6 2418.3 97 15.7   8  6.5 7.1 1.2
5295020170512 26.7 18.0 63.019999-99.9-99.9-99.9-99.9 0.5  4 9.4 41-99.9   6  4.9 4.613.4
5295020170513 20.7 16.2  8.219999-99.9-99.9-99.9-99.9-9.9 99 4.2 27-99.9   8  6.5 2.5-9.9
5295020170514 18.5 14.2  0.009999-99.9-99.9-99.9-99.9 0.5  414.7 93 10.7   3  2.5 4.5 3.2
5295020170515 22.4 15.2  0.219999-99.9-99.9-99.9-99.9 4.8 4515.9 75 13.3   4  3.5 9.4 4.4
5295020170516 22.2 14.2  0.009999-99.9-99.9-99.9-99.9 7.6 7114.2 80 10.4   4  3.312.6 5.3
5295020170517 23.7 12.3  1.019999-99.9-99.9-99.9-99.9 7.5 7114.3 81  5.8   5  4.412.5 5.6
5295020170518 22.5 17.0  4.819999-99.9-99.9-99.9-99.9-9.9 99 3.4 13-99.9   6  4.4 1.6-9.9
5295020170519 19.3 12.3  0.009999-99.9-99.9-99.9-99.9 7.5 7113.6 85  9.7   9  7.412.4 9.1
5295020170520 21.0  9.7  0.219999-99.9-99.9-99.9-99.9 8.2 7811.3 77-99.9   3  2.713.0 4.4
5295020170521 23.3 11.3  0.009999-99.9-99.9-99.9-99.9 8.5 8113.9 86 10.4   3  2.713.3 4.1
5295020170522 23.8 10.6  1.019999-99.9-99.9-99.9-99.9 7.6 7314.8 87 10.8   5  3.812.3 4.6
5295020170523 18.4 14.9  2.019999-99.9-99.9-99.9-99.9-9.9 99 6.0 19-99.9   4  3.3 2.0-9.9
5295020170524 22.5 17.5 21.219999-99.9-99.9-99.9-99.9-9.9 99 5.5 29-99.9   2  2.0 3.5-9.9
5295020170525 21.4 19.1  2.219999-99.9-99.9-99.9-99.9-9.9 99 3.6 19-99.9   6  5.1 1.6-9.9
5295020170526 19.1 15.4  1.519999-99.9-99.9-99.9-99.9-9.9 9916.7 98 14.6  13 10.3 2.1-9.9
5295020170527 16.9 12.1  0.009999-99.9-99.9-99.9-99.9 0.7  614.8 96 12.6  13 10.8 4.4 3.9
5295020170528 15.8 12.4  0.009999-99.9-99.9-99.9-99.9 0.0  0 9.4 60  4.7   8  6.6 3.7 9.2
5295020170529 16.4 11.7  3.519999-99.9-99.9-99.9-99.9 1.2 1110.0 60  5.0   6  4.6 4.9 6.3
5295020170530 15.4 13.8-99.999999-99.9-99.9-99.9-99.9-9.9 99 5.5 33 -4.2  10  7.8 1.3-9.9
5295020170531-99.9-99.9-99.999999-99.9-99.9-99.9-99.9-9.9 99-9.9-99-99.9 -99-99.9-9.9-9.9
5295020170601-99.9-99.9  0.009999-99.9-99.9-99.9-99.9-9.9 99-9.9 89-99.9 -99-99.9-9.9-9.9
5295020170602 19.6  7.6  0.009999-99.9-99.9-99.9-99.9 5.2 5110.8 83  4.9   2  1.7 9.2 2.7
5295020170603 18.7 10.4  0.009999-99.9-99.9-99.9-99.9 1.3 1313.1 81  8.6   4  2.9 5.0 3.1
5295020170604 21.2 11.8  0.219999-99.9-99.9-99.9-99.9 7.1 6811.3 62-99.9   6  4.511.0 6.7
5295020170605 15.3 11.6  0.009999-99.9-99.9-99.9-99.9-9.9 9912.8 86 10.0  10  7.9 2.8-9.9
5295020170606 17.3  8.6  0.009999-99.9-99.9-99.9-99.9 5.4 5310.3 73  4.6   4  3.4 9.3 4.2
5295020170607 13.8  9.4-99.999999-99.9-99.9-99.9-99.9-9.9 99 3.6 31-99.9   3  2.2 1.5-9.9
5295020170608-99.9-99.9-99.999999-99.9-99.9-99.9-99.9-9.9 99-9.9-99-99.9 -99-99.9-9.9-9.9
5295020170609-99.9-99.9  0.009999-99.9-99.9-99.9-99.9-9.9 99-9.9 91-99.9 -99-99.9-9.9-9.9
5295020170610 20.1  8.3  0.009999-99.9-99.9-99.9-99.9 7.9 7712.6 82 10.3   7  5.311.8 3.9
5295020170611 20.8  8.5  0.009999-99.9-99.9-99.9-99.9 8.0 7812.2 79  8.9   3  2.611.8 3.2
5295020170612 21.0  6.9  0.009999-99.9-99.9-99.9-99.9 7.9 77 9.4 63-99.9   1  0.511.7 2.0
5295020170613 22.8  7.7  0.009999-99.9-99.9-99.9-99.9 8.0 78 9.5 59-99.9   2  1.211.8 3.0
5295020170614 25.3 10.2  0.009999-99.9-99.9-99.9-99.9 7.3 7114.2 79  8.9   3  2.711.0 3.6
5295020170615 27.2 16.5  0.219999-99.9-99.9-99.9-99.9 4.3 4219.9 80 14.5   8  6.7 7.9 6.0
5295020170616 27.9 20.7  0.009999-99.9-99.9-99.9-99.9 5.3 5227.1 93 22.4  13 10.4 9.0 3.8
5295020170617 27.0 20.4  0.009999-99.9-99.9-99.9-99.9 3.8 3725.7 83 21.2   9  7.2 7.4 4.4
5295020170618 22.4 10.3  0.009999-99.9-99.9-99.9-99.9-9.9 9910.5 72  7.3  19 15.0 2.2-9.9
5295020170619 14.2  3.8  0.009999-99.9-99.9-99.9-99.9 8.2 80 8.7 80  4.9   4  3.011.9 2.7
5295020170620 14.6  1.8  0.219999-99.9-99.9-99.9-99.9 8.1 80 8.0 88  2.5   4  3.211.9 2.9
5295020170621 19.5  3.4  0.009999-99.9-99.9-99.9-99.9 3.9 38 9.7 66  4.2   5  3.9 7.5 3.5
5295020170622 27.0 13.5  0.009999-99.9-99.9-99.9-99.9 7.6 7419.2 87 15.9  11  8.511.3 6.7
5295020170623 27.4 18.6  0.009999-99.9-99.9-99.9-99.9 3.7 3623.2 88 19.8   8  6.7 7.3 3.8
5295020170624 27.9 19.8  0.009999-99.9-99.9-99.9-99.9 5.2 5024.0 87 20.4   9  7.1 8.8 5.3
5295020170625 27.8 19.5  0.009999-99.9-99.9-99.9-99.9 7.3 7123.5 87 20.1  11  8.811.0 7.5
5295020170626 26.1 18.9  0.009999-99.9-99.9-99.9-99.9 4.9 4822.0 83 19.0  10  8.1 8.6 6.4
5295020170627 24.7 19.6  0.009999-99.9-99.9-99.9-99.9 2.2 2120.9 81 18.2  10  8.1 5.7 7.3
5295020170628 19.9 14.6 13.019999-99.9-99.9-99.9-99.9-9.9 9913.5 71 10.6   9  7.4 2.2-9.9
5295020170629 16.0 13.6  0.219999-99.9-99.9-99.9-99.9-9.9 99 9.5 67  5.1   5  4.2 1.7-9.9
5295020170630 17.3 10.2  0.519999-99.9-99.9-99.9-99.9 4.1 4012.6 78  8.6   3  2.5 7.7 2.7
5295020170701 20.2  6.8  0.219999-99.9-99.9-99.9-99.9 7.8 76 9.7 57-99.9   3  2.311.6 3.7
5295020170702 21.5  7.9  0.009999-99.9-99.9-99.9-99.9 8.3 8113.1 84 10.7   7  5.412.2 4.1
5295020170703 23.8  8.9  0.819999-99.9-99.9-99.9-99.9 7.6 7416.9 91 14.4   8  6.411.4 1.9
5295020170704 23.4 13.7  0.009999-99.9-99.9-99.9-99.9 7.4 7217.5 86 15.3  12  9.311.3 5.5
5295020170705 24.2 14.4  0.009999-99.9-99.9-99.9-99.9 5.4 5218.1 88 15.9   7  5.3 9.1 4.2
5295020170706 23.1 15.3  0.819999-99.9-99.9-99.9-99.9 1.1 1117.6 86 15.1   4  3.1 4.7 2.9
5295020170707 23.8 15.9  1.219999-99.9-99.9-99.9-99.9 1.2 1217.7 90 14.5   4  3.2 4.9 3.4
5295020170708 19.7 16.5  4.819999-99.9-99.9-99.9-99.9-9.9 99 7.5 29-99.9   3  2.3 0.6-9.9
5295020170709 24.3 15.6  0.009999-99.9-99.9-99.9-99.9 1.9 19 9.7 50-99.9   1  1.2 5.6 3.9
5295020170710 26.9 17.3  5.519999-99.9-99.9-99.9-99.9 2.9 2810.5 41-99.9   3  2.6 6.7 7.0
5295020170711 19.6 14.4  7.219999-99.9-99.9-99.9-99.9-9.9 99 4.3 28-99.9   8  6.4 1.9-9.9
5295020170712 29.1 16.1  0.009999-99.9-99.9-99.9-99.9 7.2 6914.7 47-99.9   6  4.611.3 9.1
5295020170713 29.2 18.8  0.009999-99.9-99.9-99.9-99.9 7.6 7421.0 73 18.3   9  7.011.8 8.7
5295020170714 28.5 17.0  0.009999-99.9-99.9-99.9-99.9 7.3 7122.0 83 18.9   7  5.711.5 6.5
5295020170715 28.3 16.3  0.219999-99.9-99.9-99.9-99.9 5.3 5121.7 88 18.6  16 12.7 9.411.1
5295020170716 16.3  7.9  0.009999-99.9-99.9-99.9-99.9-9.9 9910.8 90  8.0  18 14.2 2.1-9.9
5295020170717 10.4  2.0  0.009999-99.9-99.9-99.9-99.9 8.3 79 7.1 75  1.7   6  4.612.7 4.1
5295020170718 15.0 -0.1  0.009999-99.9-99.9-99.9-99.9 8.6 82 6.7 79  1.0   3  2.513.1 2.9
5295020170719 17.3  1.6  0.009999-99.9-99.9-99.9-99.9 8.4 80 8.4 77  4.3   4  3.312.9 3.3
5295020170720 20.1  3.9  0.009999-99.9-99.9-99.9-99.9 8.4 8010.1 81  6.9   5  4.113.0 4.2
5295020170721 22.3  4.1  0.009999-99.9-99.9-99.9-99.9 8.5 81 9.2 73  4.4   1  1.213.2 2.9
5295020170722 23.7  6.4  0.009999-99.9-99.9-99.9-99.9 8.0 7613.3 83 10.1   6  4.712.7 3.9
5295020170723 28.6 15.8  0.009999-99.9-99.9-99.9-99.9 4.4 4118.6 74 16.3   6  5.1 8.7 6.3
5295020170724 30.6 16.8  0.009999-99.9-99.9-99.9-99.9 6.9 6520.3 82 17.6   5  3.911.6 7.1
5295020170725 27.6 16.5  0.009999-99.9-99.9-99.9-99.9 6.5 6113.6 47-99.9   4  3.211.1 7.8
5295020170726 29.8 17.6  0.009999-99.9-99.9-99.9-99.9 6.1 5814.8 51-99.9   2  2.010.8 5.5
5295020170727 30.0 16.0  0.009999-99.9-99.9-99.9-99.9 8.1 7619.7 73 17.3   5  4.213.1 6.9
5295020170728 30.0 17.2  0.009999-99.9-99.9-99.9-99.9 8.1 7717.7 61 15.5   8  6.413.211.2
5295020170729 30.3 15.1  0.009999-99.9-99.9-99.9-99.9 8.0 7618.6 72 16.3   7  5.613.2 8.7
5295020170730 29.5 16.4  0.009999-99.9-99.9-99.9-99.9 7.5 7115.6 52-99.9   9  7.312.712.2
5295020170731 16.6 13.6  0.009999-99.9-99.9-99.9-99.9-9.9 99 5.5 46-99.9   7  5.3 1.9-9.9
5295020170801 15.6 13.3 20.019999-99.9-99.9-99.9-99.9-9.9 99 6.2 48-99.9   5  3.8 1.2-9.9
5295020170802 16.3 14.0  6.819999-99.9-99.9-99.9-99.9-9.9 99 5.2 42-99.9  14 10.9 1.9-9.9
5295020170803 20.4 10.3  0.009999-99.9-99.9-99.9-99.9 8.8 8210.2 77  5.9   4  3.514.5 6.1
5295020170804 20.5  6.2  0.219999-99.9-99.9-99.9-99.9 8.9 8310.4 71  5.9   2  1.914.6 3.6
5295020170805 24.0  8.9  0.009999-99.9-99.9-99.9-99.9 8.6 8013.0 80  8.5   5  4.214.4 5.5
5295020170806 26.6 12.0  0.009999-99.9-99.9-99.9-99.9 8.3 7715.3 78 12.0   6  4.414.1 7.2
5295020170807 28.3 16.6  0.009999-99.9-99.9-99.9-99.9 5.2 4820.9 85 18.2   7  6.010.4 5.1
5295020170808 23.1 14.4  0.009999-99.9-99.9-99.9-99.9 6.2 5717.3 91 14.3   9  7.111.7 8.1
5295020170809 20.4  9.3  0.009999-99.9-99.9-99.9-99.9 8.3 7612.3 80  7.0  10  7.814.3 8.1
5295020170810 21.6 13.7  1.219999-99.9-99.9-99.9-99.9 3.0 2817.8 92 15.5  16 12.8 8.0 3.6
5295020170811 28.0 16.3 36.819999-99.9-99.9-99.9-99.9 4.7 4319.7 70-99.9  12  9.710.2 9.6
5295020170812 19.9 13.4  0.009999-99.9-99.9-99.9-99.9-9.9 99 5.9 26-99.9  17 13.5 2.2-9.9
5295020170813 18.6 10.6  0.009999-99.9-99.9-99.9-99.9 7.2 6612.0 72  8.6   9  7.313.3 7.7
5295020170814 22.0  7.9  0.009999-99.9-99.9-99.9-99.9 8.9 8110.0 81-99.9   4  3.115.5 5.8
5295020170815 23.1  9.2  0.219999-99.9-99.9-99.9-99.9 9.2 8310.9 78  6.0   4  2.916.0 5.8
5295020170816 23.3  8.4  0.009999-99.9-99.9-99.9-99.9 8.9 8011.4 76  7.8   5  4.015.7 7.0
5295020170817 24.2  8.4  0.009999-99.9-99.9-99.9-99.9 9.0 8112.6 70  9.4   3  2.515.9 4.9
5295020170818 28.7  9.9  0.009999-99.9-99.9-99.9-99.9 7.8 7018.7 83 15.1   8  6.514.5 5.9
5295020170819 26.6 13.7  0.009999-99.9-99.9-99.9-99.9 2.8 2513.6 78-99.9  14 11.2 8.217.0
5295020170820 20.3  9.4  0.009999-99.9-99.9-99.9-99.9 9.1 8110.4 77  7.3   8  6.716.310.2
5295020170821 20.0  5.4  0.009999-99.9-99.9-99.9-99.9 9.1 81 9.6 79  6.2   4  3.216.4 5.6
5295020170822 24.4  5.7  0.009999-99.9-99.9-99.9-99.9 9.3 8311.7 77  5.9   9  7.516.8 8.8
5295020170823 28.9 13.0  0.009999-99.9-99.9-99.9-99.9 6.7 6021.5 81 17.3   9  6.813.5 5.3
5295020170824 33.1 22.0  0.009999-99.9-99.9-99.9-99.9 6.5 5726.5 75 22.0  10  7.913.311.6
5295020170825 33.2 24.4  8.819999-99.9-99.9-99.9-99.9 4.6 4124.4 62 20.7  13 10.310.919.2
5295020170826 27.1 19.5  5.519999-99.9-99.9-99.9-99.9 2.1 1914.3 37-99.9  12  9.4 7.720.1
5295020170827 24.2 18.3  0.009999-99.9-99.9-99.9-99.9 0.7  611.3 58-99.9  10  7.7 5.917.4
5295020170828 29.3 17.5  0.009999-99.9-99.9-99.9-99.9 7.0 6117.9 65-99.9  10  7.914.313.6
5295020170829 33.2 15.8  1.019999-99.9-99.9-99.9-99.9 5.9 5220.9 72 16.9  17 13.213.019.7
5295020170830 16.4 10.1  0.009999-99.9-99.9-99.9-99.9-9.9 9912.2 89  9.7  11  9.1 3.4-9.9
5295020170831 22.7  9.3  0.009999-99.9-99.9-99.9-99.9 7.6 6613.8 83 10.7   8  6.215.4 6.0
5295020170901 31.4 14.2  0.009999-99.9-99.9-99.9-99.9 7.8 6819.3 79-99.9   5  4.215.8 7.4
5295020170902 32.7 21.1  0.009999-99.9-99.9-99.9-99.9 6.7 5826.4 75 21.9   9  7.414.410.6
5295020170903 33.8 24.3  0.009999-99.9-99.9-99.9-99.9 6.1 5323.5 71 19.6   9  7.613.616.5
5295020170904 28.1 13.4 15.019999-99.9-99.9-99.9-99.9-9.9 99 5.0 44-99.9  18 14.2 2.0-9.9
5295020170905 20.4 12.1  0.009999-99.9-99.9-99.9-99.9 6.8 5910.7 75  5.9  13 10.514.815.2
5295020170906 20.7 10.8  0.009999-99.9-99.9-99.9-99.9 1.6 1413.3 69  8.7  10  8.0 7.5 9.1
5295020170907 21.8 16.2  0.009999-99.9-99.9-99.9-99.9-9.9 99 8.4 40-99.9   9  7.4 5.2-9.9
5295020170908 22.7 17.4  1.019999-99.9-99.9-99.9-99.9-9.9 99 4.8 22-99.9  10  8.2 2.5-9.9
5295020170909 30.5 19.3  0.219999-99.9-99.9-99.9-99.9 4.6 3922.7 81 19.0  14 11.012.012.2
5295020170910 24.6 13.0  0.219999-99.9-99.9-99.9-99.9-9.9 9915.8 83 12.7  12  9.8 5.4-9.9
5295020170911 21.3  9.9  0.009999-99.9-99.9-99.9-99.9 9.6 8213.0 81 10.7  11  8.919.3 9.9
5295020170912 16.8 11.9 10.519999-99.9-99.9-99.9-99.9-9.9 9914.7 97 12.4  12  9.5 3.5-9.9
5295020170913 15.6 13.2 13.019999-99.9-99.9-99.9-99.9-9.9 99 3.1  3-99.9   9  7.6 0.8-9.9
5295020170914 22.1 13.8  0.009999-99.9-99.9-99.9-99.9 8.0 6711.7 81-99.9   8  6.617.211.9
5295020170915 23.4 13.3  0.009999-99.9-99.9-99.9-99.9 8.1 6815.6 87 12.9  15 12.217.512.2
5295020170916 22.8 11.4  0.009999-99.9-99.9-99.9-99.9 9.2 7714.3 86 12.0  11  8.919.210.6
5295020170917 24.2 10.1  0.009999-99.9-99.9-99.9-99.9 9.0 7615.5 87 13.0   8  6.419.1 7.7
5295020170918 25.3 11.1  0.009999-99.9-99.9-99.9-99.9 9.8 8214.9 82 12.0   8  6.220.4 9.9
5295020170919 29.1 13.4  0.009999-99.9-99.9-99.9-99.9 8.9 7418.9 83 15.5  11  8.619.110.2
5295020170920 35.7 20.0  0.009999-99.9-99.9-99.9-99.9 8.8 7324.5 68 20.7  12  9.819.117.8
5295020170921 25.8 16.1  0.009999-99.9-99.9-99.9-99.9-9.9 9915.6 79 12.3  19 15.0 2.7-9.9
5295020170922 16.1 12.3 15.219999-99.9-99.9-99.9-99.9-9.9 99 4.8 31 -5.5  14 11.1 1.1-9.9
5295020170923 22.9 13.1  0.009999-99.9-99.9-99.9-99.9 8.1 6613.3 81  9.5   9  7.618.210.8
5295020170924 24.3 12.0  0.009999-99.9-99.9-99.9-99.9 3.8 3115.5 69-99.9  11  8.511.8 9.0
5295020170925 29.9 18.1  0.009999-99.9-99.9-99.9-99.9 5.5 4618.0 67-99.9   7  5.714.511.8
5295020170926 31.8 19.4 15.819999-99.9-99.9-99.9-99.9 6.2 5119.2 73-99.9   7  5.915.713.2
5295020170927 24.4 16.1 15.019999-99.9-99.9-99.9-99.9-9.9 99 5.9 22-99.9  14 11.5 1.1-9.9
5295020170928 19.7 15.3  0.009999-99.9-99.9-99.9-99.9-9.9 9915.8 85 13.2  13 10.5 5.0-9.9
5295020170929 24.3 16.3  0.009999-99.9-99.9-99.9-99.9 3.5 2818.9 92 15.7   8  6.411.6 6.4
5295020170930 28.6 16.2  9.819999-99.9-99.9-99.9-99.9 7.8 6316.8 80-99.9   7  5.918.312.0
5295020171001 22.5 16.0  8.019999-99.9-99.9-99.9-99.9-9.9 9917.1 67 14.4  19 15.4 6.0-9.9
5295020171002 22.6 11.9  2.819999-99.9-99.9-99.9-99.9 8.9 7213.1 73 10.8   8  6.620.310.7
5295020171003 28.5 11.3  0.009999-99.9-99.9-99.9-99.910.3 8314.7 57 12.6   8  6.422.611.9
5295020171004 29.2 16.0  0.009999-99.9-99.9-99.9-99.910.3 8315.2 51 13.2  19 15.122.7-9.9
5295020171005 31.7 19.8  0.009999-99.9-99.9-99.9-99.9 8.5 6819.1 65 16.4  14 11.119.922.5
5295020171006 29.1 18.1  0.009999-99.9-99.9-99.9-99.9 6.6 5317.9 57 15.4  18 14.317.0-9.9
5295020171007 26.9 12.6  0.009999-99.9-99.9-99.9-99.9 7.5 6015.6 63 13.5  16 12.918.519.7
5295020171008 27.2 15.6  2.219999-99.9-99.9-99.9-99.9 3.7 2917.2 71-99.9  11  8.712.512.7
5295020171009 23.1 17.8  0.009999-99.9-99.9-99.9-99.9 0.5  4 9.6 57-99.9  12  9.9 7.423.9
5295020171010 23.1 15.8  0.519999-99.9-99.9-99.9-99.9-9.9 9918.7 91-99.9  15 11.7 6.6-9.9
5295020171011 20.5 16.1  2.219999-99.9-99.9-99.9-99.9-9.9 9913.8 74 10.8  17 13.9 2.6-9.9
5295020171012 18.7 15.0  0.519999-99.9-99.9-99.9-99.9-9.9 99 6.4 39 -2.1  15 11.8 3.6-9.9
5295020171013 17.6 13.4  0.009999-99.9-99.9-99.9-99.9-9.9 9913.2 77  9.3  20 16.3 6.5-9.9
5295020171014 22.4 10.1  0.009999-99.9-99.9-99.9-99.911.0 8713.2 78 10.7   8  6.424.810.6
5295020171015 24.6 10.1  0.009999-99.9-99.9-99.9-99.911.1 8712.8 74-99.9   8  6.625.012.8
5295020171016 28.4 13.6  0.009999-99.9-99.9-99.9-99.9 2.7 2119.4 86 16.3   8  6.311.3 6.4
5295020171017 33.9 20.0  0.009999-99.9-99.9-99.9-99.9 3.6 2826.1 86 20.2  15 11.612.712.7
5295020171018 33.0 21.4 24.519999-99.9-99.9-99.9-99.9 7.3 5730.3 89 23.6  18 14.118.912.6
5295020171019 27.8 18.1  0.009999-99.9-99.9-99.9-99.9 6.4 5016.5 90-99.9  13 10.317.518.2
5295020171020 28.2 15.0  4.819999-99.9-99.9-99.9-99.9 8.6 6722.6 84 18.9   9  7.621.2 8.1
5295020171021 27.1 18.7  0.219999-99.9-99.9-99.9-99.9 5.9 4619.6 84 15.1  19 14.816.822.1
5295020171022 22.1 10.8  0.009999-99.9-99.9-99.9-99.911.2 8713.8 74 11.7   9  7.325.711.9
5295020171023 23.7  9.8  0.009999-99.9-99.9-99.9-99.911.0 8514.4 71 12.4  10  8.025.511.4
5295020171024 29.6 13.1  0.219999-99.9-99.9-99.9-99.9 9.2 7118.2 74 15.9  10  7.722.411.8
5295020171025 29.8 17.9  0.009999-99.9-99.9-99.9-99.9 9.7 7524.4 85 20.4  11  8.623.411.5
5295020171026 27.2 18.8  2.019999-99.9-99.9-99.9-99.9 3.4 2615.7 71-99.9   7  5.812.813.4
5295020171027 26.0 17.1  0.519999-99.9-99.9-99.9-99.9 8.3 6416.3 77 12.9  15 12.321.220.8
5295020171028 26.4 13.6  0.009999-99.9-99.9-99.9-99.911.4 8715.9 70 13.2   7  5.626.412.4
5295020171029 28.5 15.4  0.009999-99.9-99.9-99.9-99.9 6.1 4620.6 83 17.5  11  8.717.511.2
5295020171030 28.8 17.6  0.009999-99.9-99.9-99.9-99.9 7.2 5520.5 81 17.7  14 11.419.415.8
5295020171031 27.5 13.5  0.009999-99.9-99.9-99.9-99.911.8 9014.3 56 12.1  11  9.127.320.5
5295020171101 29.8 12.6  0.009999-99.9-99.9-99.9-99.911.8 8915.7 54 13.6  15 12.127.323.1
5295020171102 34.2 17.9 20.519999-99.9-99.9-99.9-99.9 8.7 6621.1 62 17.9  20 16.122.224.4
5295020171103 21.2 18.6 40.819999-99.9-99.9-99.9-99.9-9.9 99 9.8 46  3.1   7  5.9 2.0-9.9
5295020171104 26.0 15.5  0.009999-99.9-99.9-99.9-99.911.4 8615.7 74-99.9  16 12.626.922.5
5295020171105 27.4 15.6  0.009999-99.9-99.9-99.9-99.9 9.6 7218.3 73 16.0   8  6.823.712.5
5295020171106 28.4 15.5  0.009999-99.9-99.9-99.9-99.910.6 7919.1 68 16.7  11  8.925.515.2
5295020171107 25.1 16.6  0.009999-99.9-99.9-99.9-99.9 0.5  423.0 88 19.6  10  7.9 8.3 4.0
5295020171108 30.1 17.5  0.009999-99.9-99.9-99.9-99.9 7.5 5623.1 81 19.3  11  8.420.411.7
5295020171109 29.1 19.8  2.219999-99.9-99.9-99.9-99.9 7.5 5621.1 68 18.2  12  9.320.415.8
5295020171110 29.7 16.7  0.009999-99.9-99.9-99.9-99.910.7 8018.8 61 16.4   8  6.725.915.5
5295020171111 30.0 17.6  0.009999-99.9-99.9-99.9-99.911.3 8419.3 55 16.8  11  9.027.019.0
5295020171112 31.0 13.8  0.009999-99.9-99.9-99.9-99.911.3 8416.3 49 14.2   5  4.227.013.2
5295020171113 31.6 16.8  0.009999-99.9-99.9-99.9-99.911.6 8619.5 57 17.0   7  5.927.615.6
5295020171114 33.2 15.6  0.009999-99.9-99.9-99.9-99.911.6 8618.2 52 15.6   9  6.827.718.5
5295020171115 36.0 20.0  0.009999-99.9-99.9-99.9-99.910.7 7924.4 66 20.5  12 10.026.122.3
5295020171116 28.0 13.2  0.009999-99.9-99.9-99.9-99.9-9.9 9915.0 83 11.7  16 12.8 7.6-9.9
5295020171117 27.3  9.9  0.009999-99.9-99.9-99.9-99.910.6 7813.4 75-99.9   7  5.826.012.8
5295020171118 24.2 15.5  0.009999-99.9-99.9-99.9-99.9 6.5 4812.1 51  9.4  15 12.219.024.3
5295020171119 30.0 10.9  0.009999-99.9-99.9-99.9-99.911.6 8514.7 52 12.6   8  6.327.814.9
5295020171120 31.6 15.8  0.219999-99.9-99.9-99.9-99.911.6 8517.3 51 15.1  10  7.727.919.8
5295020171121 24.6 15.1  5.519999-99.9-99.9-99.9-99.9 4.3 3119.3 91 16.5  17 13.615.211.5
5295020171122 26.2 10.9  0.009999-99.9-99.9-99.9-99.912.1 8813.3 50 11.0   8  6.528.815.8
5295020171123 30.9 15.0  0.009999-99.9-99.9-99.9-99.912.0 8815.5 48 13.3  11  8.728.721.2
5295020171124 32.9 14.7 25.519999-99.9-99.9-99.9-99.911.2 8218.6 53 16.2  15 12.027.424.6
5295020171125 25.2 14.1  0.009999-99.9-99.9-99.9-99.9 5.9 4315.4 76-99.9  13 10.718.116.7
5295020171126 29.3 16.5  0.009999-99.9-99.9-99.9-99.912.1 8816.5 66 13.9   6  4.928.914.1
5295020171127 31.7 16.6  0.009999-99.9-99.9-99.9-99.911.7 8520.5 59 17.8   7  6.028.315.0
5295020171128 32.7 15.7  0.009999-99.9-99.9-99.9-99.911.2 8122.7 72 19.4  10  7.827.415.1
5295020171129 32.0 19.2  0.519999-99.9-99.9-99.9-99.9 8.1 5923.2 62 19.8  12  9.922.117.8
5295020171130 32.1 18.9  0.009999-99.9-99.9-99.9-99.911.7 8520.7 63 17.9  11  8.928.320.3
5295020171201 33.2 18.6  0.009999-99.9-99.9-99.9-99.911.0 8025.0 80 20.9   9  7.627.213.4
5295020171202 30.7 22.0 21.519999-99.9-99.9-99.9-99.9 2.4 1720.2 73-99.9  11  8.912.015.9
5295020171203 27.2 20.3  0.519999-99.9-99.9-99.9-99.9 1.4 1019.8 93-99.9  11  8.510.413.3
5295020171204 28.2 19.1  0.009999-99.9-99.9-99.9-99.9 8.3 6021.8 93 16.1  14 11.622.417.3
5295020171205 29.9 18.2  0.009999-99.9-99.9-99.9-99.9 9.5 6823.9 87 20.2  11  8.724.612.6
5295020171206 32.1 18.7  0.009999-99.9-99.9-99.9-99.910.1 7325.1 83 20.8   9  7.325.712.8
5295020171207 34.6 20.3  0.009999-99.9-99.9-99.9-99.911.8 8523.1 71 19.0   8  6.628.618.4
5295020171208 36.4 20.5  0.009999-99.9-99.9-99.9-99.911.6 8422.8 61-99.9   6  5.028.316.5
5295020171209 34.3 21.8  0.009999-99.9-99.9-99.9-99.9 8.6 6226.0 70 21.6   8  6.523.015.3
5295020171210 34.8 22.8  0.009999-99.9-99.9-99.9-99.911.9 8521.9 58 18.6  11  9.228.8-9.9
5295020171211 30.3 19.3  0.009999-99.9-99.9-99.9-99.912.6 9115.7 51 13.4  14 10.930.1-9.9
5295020171212 32.1 13.6  0.009999-99.9-99.9-99.9-99.912.5 9019.2 68 16.7  10  7.729.917.2
5295020171213 36.6 18.8  0.009999-99.9-99.9-99.9-99.911.8 8423.1 61 19.7  10  7.928.620.4
5295020171214 29.4 20.2  8.219999-99.9-99.9-99.9-99.9-9.9 9918.2 66-99.9  10  8.1 7.1-9.9
5295020171215 34.4 19.8  0.009999-99.9-99.9-99.9-99.911.5 8221.2 72-99.9   7  6.028.217.6
5295020171216 39.1 24.4 22.219999-99.9-99.9-99.9-99.910.7 7730.4 57 24.3  15 11.726.8-9.9
5295020171217 33.1 20.1  5.819999-99.9-99.9-99.9-99.9-9.9 9920.6 53-99.9  15 12.1 5.5-9.9
5295020171218 28.3 14.4  0.009999-99.9-99.9-99.9-99.911.7 8320.4 80 17.6  12  9.728.513.4
5295020171219 32.0 19.1  0.009999-99.9-99.9-99.9-99.910.1 7223.5 75 19.5  12  9.525.716.5
5295020171220 33.1 22.0  0.009999-99.9-99.9-99.9-99.9 8.0 5730.4 89 24.2   9  7.622.110.8
5295020171221 35.0 22.5  0.009999-99.9-99.9-99.9-99.911.3 8128.5 82-99.9   8  6.727.916.4
5295020171222 35.9 23.3  0.009999-99.9-99.9-99.9-99.910.0 7228.5 77 22.2   8  6.425.616.6
5295020171223 32.2 22.6  0.009999-99.9-99.9-99.9-99.9 9.4 6821.4 78-99.9  18 14.124.6-9.9
5295020171224 30.3 18.5  0.009999-99.9-99.9-99.9-99.911.1 8021.1 78 18.0  12  9.727.519.0
5295020171225 33.7 15.6  0.009999-99.9-99.9-99.9-99.912.4 8920.5 60 17.8   9  7.029.817.4
5295020171226 34.6 17.5  0.009999-99.9-99.9-99.9-99.912.3 8823.2 64 19.7   8  6.729.516.9
5295020171227 36.5 22.0  0.009999-99.9-99.9-99.9-99.910.5 7528.3 85 22.0   7  5.526.414.2
5295020171228 27.5 22.2  4.819999-99.9-99.9-99.9-99.9-9.9 9919.3 83 14.1   9  7.1 3.9-9.9
5295020171229 35.2 19.8-99.999999-99.9-99.9-99.9-99.911.6 8323.4 76 18.8   9  7.028.317.3
5295020171230 28.0 20.7-99.999999-99.9-99.9-99.9-99.9-9.9 99-9.9-99-99.9 -99-99.9-9.9-9.9
5295020171231-99.9-99.9-99.999999-99.9-99.9-99.9-99.9-9.9 99-9.9-99-99.9 -99-99.9-9.9-9.9
5295020180101-99.9-99.9-99.999999-99.9-99.9-99.9-99.9-9.9 99-9.9-99-99.9 -99-99.9-9.9-9.9
5295020180102 30.6 20.2  0.009999-99.9-99.9-99.9-99.9 9.7 7020.2 73 16.3  11  8.725.0-9.9
5295020180103 33.7 17.5  0.009999-99.9-99.9-99.9-99.911.6 8319.8 57-99.9   6  4.628.415.1
5295020180104 35.0 20.0  0.009999-99.9-99.9-99.9-99.911.9 8620.9 49 18.2  13 10.028.9-9.9
5295020180105 35.2 22.5  9.219999-99.9-99.9-99.9-99.9 9.8 7026.7 65 22.1  11  8.725.219.8
5295020180106 30.5 17.5  0.219999-99.9-99.9-99.9-99.9 8.0 5819.6 65 17.1  14 11.522.023.5
5295020180107 31.8 16.1  0.009999-99.9-99.9-99.9-99.911.9 8618.6 57 16.2   9  6.828.817.6
5295020180108 33.1 15.6  0.009999-99.9-99.9-99.9-99.912.1 8718.3 52 16.1   8  6.429.218.1
5295020180109 36.0 19.1  0.009999-99.9-99.9-99.9-99.911.7 8427.9 74 22.7   8  6.428.413.9
5295020180110 33.6 21.2  0.009999-99.9-99.9-99.9-99.910.7 7728.2 77 22.3   8  6.726.614.8
5295020180111 35.4 22.3  0.009999-99.9-99.9-99.9-99.910.9 7927.6 73 21.5   7  5.626.915.5
5295020180112 35.3 23.9  0.009999-99.9-99.9-99.9-99.9 8.3 6031.9 75 24.9   6  4.422.411.3
5295020180113 31.6 22.4  8.019999-99.9-99.9-99.9-99.9 1.7 1222.8 76 16.9   7  5.610.910.8
5295020180114 28.6 22.6  0.009999-99.9-99.9-99.9-99.9 2.1 1624.7100 19.5  11  9.211.610.3
5295020180115 30.3 19.5  0.009999-99.9-99.9-99.9-99.9 7.9 5824.4 86 20.7  12  9.221.811.6
5295020180116 34.0 18.4  0.009999-99.9-99.9-99.9-99.9 9.4 6825.8 72 21.5   7  5.624.311.8
5295020180117 34.9 21.3  0.009999-99.9-99.9-99.9-99.910.9 7927.3 70 22.4  10  7.626.817.0
5295020180118 32.2 20.5  0.009999-99.9-99.9-99.9-99.9 5.4 3924.7 85 20.7   9  7.117.211.5
5295020180119 35.8 19.9  0.009999-99.9-99.9-99.9-99.911.4 8323.6 62 19.9   7  5.527.716.1
5295020180120 26.1 20.9 26.819999-99.9-99.9-99.9-99.9-9.9 9924.5 94 20.6   7  5.8 3.5-9.9
5295020180121 27.4 20.3  6.019999-99.9-99.9-99.9-99.9 1.4 1015.2 62-99.9   8  6.310.214.1
5295020180122 34.5 20.1  0.009999-99.9-99.9-99.9-99.910.4 7620.6 87-99.9   6  4.625.914.7
5295020180123 35.0 22.5  1.219999-99.9-99.9-99.9-99.9 4.9 3625.4 83 18.7   7  5.316.311.5
5295020180124 30.7 23.2  1.519999-99.9-99.9-99.9-99.9 2.8 2128.3 86 23.0   8  6.212.6 7.9
5295020180125 32.0 19.7  0.009999-99.9-99.9-99.9-99.9 8.3 6129.4 89 23.7  11  8.822.1 9.4
5295020180126 32.3 20.7  0.009999-99.9-99.9-99.9-99.910.1 7529.1 89 23.5  12  9.625.312.4
5295020180127 34.6 23.6 15.519999-99.9-99.9-99.9-99.9 6.5 4831.5 81 24.7  11  8.519.011.3
5295020180128 29.1 23.8  0.009999-99.9-99.9-99.9-99.9 0.9  728.3 93 22.7   8  6.7 9.2 6.9
5295020180129 34.0 19.7  0.009999-99.9-99.9-99.9-99.910.3 7628.8 78 23.2  10  8.125.513.3
5295020180130 32.6 18.5  0.009999-99.9-99.9-99.9-99.912.0 8922.6 69 19.3  10  7.928.518.3
5295020180131 34.0 18.5  0.009999-99.9-99.9-99.9-99.9 8.7 6527.0 76 22.3   8  6.122.610.8
5295020180201 34.3 21.6  0.009999-99.9-99.9-99.9-99.910.2 7626.0 69 21.7   6  5.225.113.7
5295020180202 36.1 19.4  0.009999-99.9-99.9-99.9-99.911.5 8623.6 58 20.0   5  3.827.513.4
5295020180203 37.0 18.4  0.009999-99.9-99.9-99.9-99.911.0 8222.8 63 19.3   5  4.026.513.7
5295020180204 35.5 22.4  0.009999-99.9-99.9-99.9-99.910.4 7828.9 72 23.4   8  6.125.414.1
5295020180205 35.8 19.9  0.009999-99.9-99.9-99.9-99.9 9.7 7324.1 68 19.7   6  4.624.213.9
5295020180206 36.7 20.0  0.009999-99.9-99.9-99.9-99.910.9 8224.7 59 20.7   5  3.926.113.5
5295020180207 37.4 20.0  0.009999-99.9-99.9-99.9-99.911.0 8323.9 57 20.1   4  3.426.213.3
5295020180208 36.7 21.5  1.019999-99.9-99.9-99.9-99.9 6.3 4829.8 73 23.9   7  5.718.210.3
5295020180209 35.7 23.0  2.519999-99.9-99.9-99.9-99.9 4.0 3029.5 93 23.4   9  7.114.3 9.7
5295020180210 29.1 20.7 13.519999-99.9-99.9-99.9-99.9 1.6 1223.5 90 19.4  12  9.410.1 9.7
5295020180211 29.0 20.3  0.009999-99.9-99.9-99.9-99.9 7.9 6025.4 80 21.1  15 11.720.813.2
5295020180212 27.2 16.2  0.009999-99.9-99.9-99.9-99.912.0 9115.7 57 13.5  12  9.727.720.2
5295020180213 30.3 10.4  0.009999-99.9-99.9-99.9-99.912.1 9215.1 54 13.0   7  5.227.813.6
5295020180214 31.8 13.0  0.009999-99.9-99.9-99.9-99.911.9 9119.5 64 16.9   5  4.227.411.2
5295020180215 35.0 20.0  0.009999-99.9-99.9-99.9-99.9 9.4 7226.2 72 21.8   9  7.223.113.6
5295020180216 35.6 20.2  0.009999-99.9-99.9-99.9-99.9 9.3 7125.7 72 21.5   8  6.222.814.6
5295020180217 35.6 21.0  0.009999-99.9-99.9-99.9-99.9 6.9 5328.6 75 23.3   8  6.018.811.2
5295020180218 32.6 21.9  0.009999-99.9-99.9-99.9-99.9 5.9 4629.0 87 23.4   8  6.117.1 9.3
5295020180219 30.1 21.5  3.519999-99.9-99.9-99.9-99.9 4.3 3328.3 89 22.8   7  5.814.4 6.2
5295020180220 32.8 20.0  0.009999-99.9-99.9-99.9-99.9 9.8 7624.2 81 20.4  12  9.823.516.5
5295020180221 31.5 19.9  0.009999-99.9-99.9-99.9-99.910.2 7920.0 62 17.1  14 11.624.124.8
5295020180222 31.0 14.3  0.009999-99.9-99.9-99.9-99.911.3 8819.0 63 16.6   7  5.525.913.1
5295020180223 32.8 15.1  0.009999-99.9-99.9-99.9-99.911.2 8719.5 59 17.0   6  5.225.613.6
5295020180224 32.8 14.9  0.009999-99.9-99.9-99.9-99.910.6 8319.7 62 17.2   6  4.524.612.2
5295020180225 33.0 17.1  0.009999-99.9-99.9-99.9-99.9 6.2 4925.4 79 21.2   6  4.817.2 8.1
5295020180226 34.9 20.5  0.009999-99.9-99.9-99.9-99.9 8.3 6525.7 72 21.5   8  6.520.612.3
5295020180227 35.5 17.7  5.019999-99.9-99.9-99.9-99.9 8.7 6823.3 78 19.0   6  4.521.110.9
5295020180228 33.7 19.3  0.219999-99.9-99.9-99.9-99.9 9.0 7125.3 84 21.2   6  5.021.610.4
5295020180301-99.9-99.9-99.999999-99.9-99.9-99.9-99.9-9.9 99-9.9-99-99.9 -99-99.9-9.9-9.9
5295020180327-99.9-99.9-99.999999-99.9-99.9-99.9-99.9-9.9 99-9.9-99-99.9 -99-99.9-9.9-9.9
5295020180328 29.2 13.9  0.009999-99.9-99.9-99.9-99.910.2 8618.8 70 16.5   0  0.420.8 4.9
5295020180329 32.3 18.2  0.009999-99.9-99.9-99.9-99.9 7.3 6224.1 75 20.5   1  1.016.5 4.9
5295020180330 33.0 20.2  0.009999-99.9-99.9-99.9-99.9 9.1 7724.0 71 20.4   3  2.418.9 7.5
5295020180331 30.6 19.6  0.009999-99.9-99.9-99.9-99.9 6.3 5424.8 80 20.9   4  3.014.8 6.2
5295020180401 30.2 18.5  0.009999-99.9-99.9-99.9-99.9 7.8 6621.4 76 18.5   6  4.616.9 8.4
5295020180402 29.4 18.0  0.009999-99.9-99.9-99.9-99.9 7.1 6022.1 77 19.1   4  3.115.7 6.1
5295020180403 29.2 18.1  0.009999-99.9-99.9-99.9-99.9 7.5 6422.1 82 19.1   3  2.216.3 5.6
5295020180404 31.4 17.2  0.009999-99.9-99.9-99.9-99.9 9.2 7919.1 58 16.6   3  2.218.6 7.0
5295020180405 33.2 17.5  0.009999-99.9-99.9-99.9-99.9 9.0 7820.3 64 17.7   3  2.418.3 7.3
5295020180406 32.5 18.2  0.009999-99.9-99.9-99.9-99.9 8.7 7520.6 63 18.0   3  2.417.7 7.5
5295020180407 33.7 19.8  0.009999-99.9-99.9-99.9-99.9 8.7 7520.2 55 17.6   6  5.117.612.7
5295020180408 27.1 19.4  0.009999-99.9-99.9-99.9-99.9-9.9 9922.4 79 19.3   6  4.8 4.7-9.9
5295020180409 33.7 18.5  0.009999-99.9-99.9-99.9-99.9 8.4 7321.3 63 18.5   5  3.616.9 9.1
5295020180410 33.5 21.1  0.009999-99.9-99.9-99.9-99.9 8.6 7521.8 56 18.8  10  7.617.116.7
5295020180411 35.1 23.3  0.009999-99.9-99.9-99.9-99.9 8.7 7625.8 61 21.6  12  9.217.218.5
5295020180412 32.2 18.6  0.009999-99.9-99.9-99.9-99.9 5.2 4523.0 73 19.5  14 11.412.317.7
5295020180413 24.8 15.7 25.219999-99.9-99.9-99.9-99.9 6.9 6116.4 66 14.4  12  9.614.612.7
5295020180414 21.1 16.9  0.219999-99.9-99.9-99.9-99.9-9.9 9920.9 96 18.1   6  5.1 3.9-9.9
5295020180415 26.4 18.5  0.009999-99.9-99.9-99.9-99.9 4.3 3821.9 86 19.0   4  2.810.8 4.0
5295020180416 29.1 16.1  0.009999-99.9-99.9-99.9-99.9 9.2 8121.5 79 18.6   5  3.817.3 6.3
5295020180417 32.0 19.0  0.009999-99.9-99.9-99.9-99.9 9.0 7922.9 72 19.7   5  4.116.9 7.8
5295020180418 31.8 19.4  0.009999-99.9-99.9-99.9-99.9 8.4 7522.7 66 19.5   6  4.516.1 9.1
5295020180419 32.9 21.5  0.009999-99.9-99.9-99.9-99.9 7.9 7025.0 66 21.1   7  5.815.310.7
5295020180420 34.0 23.0  0.009999-99.9-99.9-99.9-99.9 8.4 7525.9 67 21.7   7  5.415.911.0
5295020180421 34.8 21.9  0.009999-99.9-99.9-99.9-99.9 8.5 7625.4 66 21.3   4  3.315.8 8.5
5295020180422 34.1 23.0 70.019999-99.9-99.9-99.9-99.9 8.2 7326.2 67 21.8   7  5.415.410.8
5295020180423 28.2 19.7  0.009999-99.9-99.9-99.9-99.9-9.9 9924.2 99 20.6   7  5.8 0.8-9.9
5295020180424 24.7 18.9  0.009999-99.9-99.9-99.9-99.9 0.2  224.3 93 20.6   3  2.2 4.9 1.8
5295020180425 29.0 20.0  0.219999-99.9-99.9-99.9-99.9 3.4 3026.8 91 22.2   4  3.1 8.9 3.3
5295020180426 32.3 21.0  0.009999-99.9-99.9-99.9-99.9 7.3 6626.6 79 22.1   5  4.113.8 6.1
5295020180427 32.1 21.9  0.009999-99.9-99.9-99.9-99.9 5.0 4525.0 74 21.1   4  3.010.9 5.9
5295020180428 33.9 20.5  0.009999-99.9-99.9-99.9-99.9 8.1 7325.1 71 21.1   3  2.214.7 5.8
5295020180429 33.1 22.3  0.009999-99.9-99.9-99.9-99.9 6.8 6226.9 77 22.3   5  4.113.0 7.3
5295020180430 27.9 21.3 52.819999-99.9-99.9-99.9-99.9 2.9 2625.8 85 21.6  10  8.3 8.0 6.0
5295020180501 24.0 20.1 21.619999-99.9-99.9-99.9-99.9-9.9 9924.3 98 20.7  11  8.7 3.7-9.9
5295020180502 27.4 19.7  2.819999-99.9-99.9-99.9-99.9 3.4 3125.0 92 21.1   9  7.2 8.5 3.1
5295020180503 30.3 20.0  0.219999-99.9-99.9-99.9-99.9 4.5 4123.8 89 20.3  12  9.6 9.8 6.8
5295020180504 22.7 19.7  2.219999-99.9-99.9-99.9-99.9-9.9 9923.4 91 20.0   9  7.1 1.9-9.9
5295020180505 26.1 19.2  0.009999-99.9-99.9-99.9-99.9 4.0 3723.9 92 20.3   5  3.8 9.1 3.0
5295020180506 26.5 19.2  0.009999-99.9-99.9-99.9-99.9 1.3 1224.6 92 20.8   5  4.1 5.8 2.6
5295020180507 28.5 20.0  0.219999-99.9-99.9-99.9-99.9 4.5 4225.6 87 21.5   7  5.7 9.6 4.3
5295020180508 23.9 19.7 84.219999-99.9-99.9-99.9-99.9-9.9 9924.8100 21.0   8  6.4 0.2-9.9
5295020180509 21.9 19.8109.819999-99.9-99.9-99.9-99.9-9.9 9923.9100 20.3  10  8.2 0.2-9.9
5295020180510 21.4 17.5 23.019999-99.9-99.9-99.9-99.9-9.9 9921.8 99 18.9   9  7.1 1.6-9.9
5295020180511 22.6 14.9  0.009999-99.9-99.9-99.9-99.9 7.1 6716.9 76 14.8   7  5.812.5 6.5
5295020180512 22.6 12.0  0.009999-99.9-99.9-99.9-99.9 8.6 8115.8 86 13.8   2  1.514.1 2.9
5295020180513 23.7 12.2  0.009999-99.9-99.9-99.9-99.9 7.1 6717.1 82 15.0   5  3.612.3 3.6
5295020180514 25.9 13.7  0.009999-99.9-99.9-99.9-99.9 5.0 4719.4 84 17.0   4  2.8 9.8 3.1
5295020180515 25.3 18.2  0.009999-99.9-99.9-99.9-99.9 2.0 1921.8 88 18.9   6  4.8 6.3 3.1
5295020180516 19.8 14.1  0.009999-99.9-99.9-99.9-99.9 4.5 4212.3 63  9.8  10  7.9 9.011.8
5295020180517 19.6 10.3  0.419999-99.9-99.9-99.9-99.9 1.2 1114.6 82 12.5   5  3.9 5.3 2.9
5295020180518 16.4 14.8  0.619999-99.9-99.9-99.9-99.9-9.9 9916.7 96 14.7   9  7.2 1.4-9.9
5295020180519 19.2 11.5  0.009999-99.9-99.9-99.9-99.9 6.8 6513.4 80 11.3   8  6.711.6 5.6
5295020180520 18.6  7.4  0.009999-99.9-99.9-99.9-99.9 8.4 8011.7 81  9.3   2  1.313.3 2.3
5295020180521 19.3  7.2  0.009999-99.9-99.9-99.9-99.9 7.1 6712.3 84 10.0   1  1.011.7 1.9
5295020180522 20.3  8.4  0.009999-99.9-99.9-99.9-99.9 8.0 7612.4 84 10.1   3  2.212.7 2.7
5295020180523 19.4  6.2  0.009999-99.9-99.9-99.9-99.9 8.7 8310.4 77  7.5   2  2.013.4 3.1
5295020180524 20.0  5.0  0.009999-99.9-99.9-99.9-99.9 8.8 8410.1 72  7.1   2  1.913.4 2.9
5295020180525 21.9  5.2  0.009999-99.9-99.9-99.9-99.9 8.4 8011.4 75  8.7   3  2.112.9 2.9
5295020180526 26.2 10.8  0.009999-99.9-99.9-99.9-99.9 7.6 7317.6 83 15.3   4  3.312.1 2.9
5295020180527 27.8 15.5  0.009999-99.9-99.9-99.9-99.9 4.9 4721.9 83 18.9   5  3.8 9.1 3.7
5295020180528 29.9 19.8  0.009999-99.9-99.9-99.9-99.9 6.7 6419.9 64 17.4  11  9.110.914.3
5295020180529 28.0 20.1  0.009999-99.9-99.9-99.9-99.9 3.2 3117.6 62 15.5   9  7.2 7.111.7
5295020180530 26.0 19.8 15.419999-99.9-99.9-99.9-99.9 2.2 2220.6 79 17.9   6  4.9 6.1 5.5
5295020180531 20.4 12.2  1.019999-99.9-99.9-99.9-99.9-9.9 9917.9100 15.6  13 10.2 1.2-9.9
5295020180601 14.1 11.1  0.009999-99.9-99.9-99.9-99.9-9.9 9913.4 94 11.3  15 12.3 2.6-9.9
5295020180602 13.8  6.1  0.009999-99.9-99.9-99.9-99.9 7.7 74 9.8 84  6.7   9  6.911.8 4.8
5295020180603 14.7  4.2  0.009999-99.9-99.9-99.9-99.9 7.6 74 9.6 84  6.3   4  3.311.7 2.5
5295020180604 16.1  5.7  0.009999-99.9-99.9-99.9-99.9 3.4 3311.1 88  8.4   5  3.8 7.2 1.7
5295020180605 17.1  6.3  0.009999-99.9-99.9-99.9-99.9 7.2 7010.7 88  7.9   3  2.611.2 2.4
5295020180606 17.2  4.4  0.009999-99.9-99.9-99.9-99.9 6.8 6610.5 86  7.6   2  1.610.7 1.7
5295020180607 16.1  6.4  0.009999-99.9-99.9-99.9-99.9 8.1 7810.3 83  7.4   5  4.012.0 3.6
5295020180608 19.3  4.4  0.219999-99.9-99.9-99.9-99.9 8.1 7810.7 75  8.0   6  4.512.0 3.5
5295020180609 21.3  7.1  0.009999-99.9-99.9-99.9-99.9 4.8 4714.6 81 12.4   6  4.6 8.6 2.2
5295020180610 26.3 15.1  0.009999-99.9-99.9-99.9-99.9 2.8 2821.8 88 18.8   6  4.5 6.5 2.8
5295020180611 23.8 17.5  0.009999-99.9-99.9-99.9-99.9 3.7 3620.3 86 17.7   7  5.3 7.3 3.9
5295020180612 18.2  9.1  0.009999-99.9-99.9-99.9-99.9 5.5 5312.1 81  9.6  16 12.7 9.210.0
5295020180613 13.6  4.9  0.009999-99.9-99.9-99.9-99.9 7.4 72 9.6 88  6.4   6  4.611.2 2.6
5295020180614 11.8  3.7  0.009999-99.9-99.9-99.9-99.9 6.4 63 9.0 88  5.4   5  3.710.2 2.1
5295020180615 13.1  1.5  0.009999-99.9-99.9-99.9-99.9 7.5 73 8.2 85  4.1   4  2.911.2 2.0
5295020180616 14.6  1.2  0.009999-99.9-99.9-99.9-99.9 7.4 73 7.8 75  3.3   2  2.011.2 2.0
5295020180617 16.0  1.7  0.009999-99.9-99.9-99.9-99.9 8.0 78 8.4 81  4.3   2  1.311.7 1.7
5295020180618 18.3  3.5  0.009999-99.9-99.9-99.9-99.9 8.0 7810.0 80  6.8   2  1.911.7 2.1
5295020180619 24.8  6.8  0.009999-99.9-99.9-99.9-99.9 7.6 7413.4 70 10.9   4  3.411.3 3.6
5295020180620 27.9 12.9  0.009999-99.9-99.9-99.9-99.9 7.2 7018.1 72 15.9   6  5.010.9 5.8
5295020180621 24.9 15.1  0.009999-99.9-99.9-99.9-99.9 3.0 2916.8 74 14.4   7  5.7 6.6 6.3
5295020180622 20.5  8.5  0.009999-99.9-99.9-99.9-99.9 4.1 4011.9 68  9.3   8  6.2 7.7 6.1
5295020180623 23.9 13.8  2.819999-99.9-99.9-99.9-99.9 2.9 2817.4 78 15.0  11  8.8 6.4 7.5
5295020180624 14.8  7.4  0.009999-99.9-99.9-99.9-99.9 2.6 25 9.2 76  5.5  12  9.4 6.1 9.0
5295020180625 15.6  6.7  0.009999-99.9-99.9-99.9-99.9 3.0 29 9.4 76  6.1   4  3.2 6.6 3.1
5295020180626 18.7  2.6  0.009999-99.9-99.9-99.9-99.9 8.0 78 9.6 76  6.2   2  1.911.8 2.1
5295020180627 21.9  6.0  3.219999-99.9-99.9-99.9-99.9 7.9 7714.2 88 11.9   4  3.511.6 1.9
5295020180628 23.2 12.4 29.019999-99.9-99.9-99.9-99.9-9.9 9918.8 94 16.4   7  5.5 3.4-9.9
5295020180629 19.9 15.1  5.619999-99.9-99.9-99.9-99.9-9.9 9919.2 99 16.8   3  2.3 2.6-9.9
5295020180630 20.2 12.9  0.009999-99.9-99.9-99.9-99.9 3.6 3517.5 94 15.3   5  3.9 7.2 1.6
5295020180701 27.6 14.0  0.009999-99.9-99.9-99.9-99.9 4.2 4121.1 86 18.2   4  3.0 7.9 1.6
5295020180702 21.6 15.1  0.009999-99.9-99.9-99.9-99.9 2.3 2319.0 87 16.5  14 10.9 5.9 7.3
5295020180703 15.1  8.6  0.009999-99.9-99.9-99.9-99.9 2.1 2010.1 76  7.0  14 11.2 5.7 9.6
5295020180704 10.3  8.6  0.009999-99.9-99.9-99.9-99.9-9.9 9910.8 98  8.1   7  5.4 2.0-9.9
5295020180705 13.7  9.2  0.009999-99.9-99.9-99.9-99.9-9.9 9913.1 94 11.0   4  3.2 3.3-9.9
5295020180706 16.9 12.2  0.219999-99.9-99.9-99.9-99.9-9.9 9915.8 96 13.8   7  5.4 2.9-9.9
5295020180707 15.1 10.0  0.009999-99.9-99.9-99.9-99.9-9.9 9912.9 91 10.6  14 11.2 3.3-9.9
5295020180708 12.8  9.7  0.009999-99.9-99.9-99.9-99.9-9.9 9912.5 94 10.2  10  8.4 3.0-9.9
5295020180709 15.7  6.6  0.009999-99.9-99.9-99.9-99.9 6.8 6510.5 79  7.6   8  6.810.7 4.9
5295020180710 15.9  3.7  0.009999-99.9-99.9-99.9-99.9 6.8 65 9.8 86  6.7   3  2.810.8 2.3
5295020180711 17.5  4.0  0.009999-99.9-99.9-99.9-99.9 6.7 6411.3 88  8.6   3  2.510.7 1.7
5295020180712 21.2  5.8  0.009999-99.9-99.9-99.9-99.9 7.7 7412.1 81  9.7   4  2.811.8 2.6
5295020180713 24.2  8.2  0.009999-99.9-99.9-99.9-99.9 7.9 7613.1 77 11.0   2  1.812.1 2.8
5295020180714 28.1 10.3  0.009999-99.9-99.9-99.9-99.9 7.7 7417.4 74 15.1   5  3.711.9 4.0
5295020180715 28.3 15.6  0.009999-99.9-99.9-99.9-99.9 6.4 6221.3 80 18.4   7  5.210.6 5.3
5295020180716 23.0 14.4  0.009999-99.9-99.9-99.9-99.9 4.2 4015.2 80 13.3  13 10.4 8.2 9.5
5295020180717 21.2 14.5 15.619999-99.9-99.9-99.9-99.9 2.7 2617.8 91 15.6   5  3.9 6.7 2.1
5295020180718 28.2 16.4  0.009999-99.9-99.9-99.9-99.9 3.1 3021.7 87 18.7   5  4.0 7.1 2.7
5295020180719 21.1 10.8 50.619999-99.9-99.9-99.9-99.9-9.9 9914.8100 12.8  12  9.4 0.9-9.9
5295020180720 11.0  7.3  0.009999-99.9-99.9-99.9-99.9-9.9 9910.4 89  7.5  13 10.7 3.7-9.9
5295020180721 16.1  3.6  0.009999-99.9-99.9-99.9-99.9 8.6 82 8.8 72  5.0   5  3.713.3 3.8
5295020180722 12.1  6.7  0.009999-99.9-99.9-99.9-99.9-9.9 9911.3 91  8.8   6  5.0 1.9-9.9
5295020180723 13.5  7.8  0.009999-99.9-99.9-99.9-99.9 1.9 18 9.7 73  6.4  14 10.9 5.9 8.8
5295020180724 12.6  4.4  0.009999-99.9-99.9-99.9-99.9 4.9 47 9.9 82  6.6  11  8.5 9.4 3.2
5295020180725 13.0 10.0  0.009999-99.9-99.9-99.9-99.9-9.9 9913.2 99 11.0   7  5.7 2.4-9.9
5295020180726 11.2  8.3  0.009999-99.9-99.9-99.9-99.9-9.9 9911.7 98  9.3   4  3.1 2.5-9.9
5295020180727 11.6  7.9  0.009999-99.9-99.9-99.9-99.9-9.9 9911.7 96  9.3   3  2.6 3.3-9.9
5295020180728 14.6  7.5  0.009999-99.9-99.9-99.9-99.9 2.1 2011.5 93  9.0   5  3.9 6.3 2.0
5295020180729 17.8  7.9  0.009999-99.9-99.9-99.9-99.9 5.7 5312.2 91  9.9   5  3.710.5 2.2
5295020180730 18.6  5.8  0.009999-99.9-99.9-99.9-99.9 7.9 7411.3 86  8.7   3  2.313.1 2.6
5295020180731 16.8  6.3  0.009999-99.9-99.9-99.9-99.9 7.9 7410.1 79  7.0   6  5.113.1 4.7
5295020180801 16.8  4.5  0.009999-99.9-99.9-99.9-99.9 8.8 82 9.8 79  6.7   6  4.514.2 3.9
5295020180802 16.1  2.8  0.009999-99.9-99.9-99.9-99.9 7.8 7310.0 81  6.9   5  3.713.2 2.9
5295020180803 18.4  5.2  0.009999-99.9-99.9-99.9-99.9 8.8 8211.1 81  8.4   5  3.714.4 3.3
5295020180804 18.2  7.5  0.009999-99.9-99.9-99.9-99.9 8.3 7711.6 85  9.1   6  4.513.9 3.9
5295020180805 19.9  5.8  0.009999-99.9-99.9-99.9-99.9 9.1 8410.5 75  7.7   3  2.214.9 3.4
5295020180806 22.2  6.1  0.009999-99.9-99.9-99.9-99.9 8.8 8211.2 67  8.6   6  5.014.7 6.6
5295020180807 25.5 11.1  0.009999-99.9-99.9-99.9-99.9 8.5 7914.3 63 11.9   9  6.914.4 9.5
5295020180808 21.0 12.1  0.009999-99.9-99.9-99.9-99.9 6.6 6012.1 72  9.6  20 16.112.117.7
5295020180809 12.1  4.6  0.009999-99.9-99.9-99.9-99.9 1.1 10 9.6 92  6.3  12  9.4 5.6 5.1
5295020180810 17.5  1.2  0.009999-99.9-99.9-99.9-99.9 8.5 78 9.1 80  5.5   2  1.314.7 2.3
5295020180811 21.1  4.0  0.009999-99.9-99.9-99.9-99.9 9.3 8510.8 73  7.9   5  4.215.7 4.5
5295020180812 24.0  8.2  0.009999-99.9-99.9-99.9-99.9 9.0 8213.7 78 11.6   8  6.415.5 6.2
5295020180813 29.8 11.8  0.009999-99.9-99.9-99.9-99.9 8.2 7515.7 66 13.7   5  4.314.5 7.3
5295020180814 24.1 12.2  0.009999-99.9-99.9-99.9-99.9 1.9 1713.6 73 11.2  13 10.5 6.813.7
5295020180815 20.0  6.8  0.009999-99.9-99.9-99.9-99.9 9.3 8410.7 71  8.0   7  5.416.0 7.0
5295020180816 22.2  5.1  0.009999-99.9-99.9-99.9-99.9 9.4 8511.7 75  9.1   4  3.516.3 4.7
5295020180817 28.5 10.3  0.009999-99.9-99.9-99.9-99.9 8.0 7217.1 74 14.9   5  4.214.6 5.2
5295020180818 30.5 16.8 10.819999-99.9-99.9-99.9-99.9 7.3 6619.4 67 17.0   7  5.913.8 9.9
5295020180819 23.7  8.6 10.419999-99.9-99.9-99.9-99.9-9.9 9912.5 94  9.9  23 18.2 1.5-9.9
5295020180820 12.0  5.4  0.009999-99.9-99.9-99.9-99.9 2.6 23 8.2 74  4.1   9  7.0 7.9 6.4
5295020180821 14.2  3.1  0.009999-99.9-99.9-99.9-99.9 7.6 68 7.8 71  3.4   4  3.014.5 4.0
5295020180822 17.6  2.7  0.009999-99.9-99.9-99.9-99.9 9.2 8210.3 79  7.3   5  4.216.7 3.7
5295020180823 20.9  7.5  0.009999-99.9-99.9-99.9-99.9 7.9 7114.0 82 11.8   8  6.815.1 4.0
5295020180824 17.9 12.4  0.009999-99.9-99.9-99.9-99.9 6.4 5612.6 69  9.8  19 15.213.117.0
5295020180825 17.5  4.7  0.009999-99.9-99.9-99.9-99.9 9.3 83 8.2 65  4.1   6  4.517.1 7.5
5295020180826 20.3  4.1  0.009999-99.9-99.9-99.9-99.9 9.6 85 8.6 57  4.7   4  3.317.6 5.9
5295020180827 23.1  6.3  0.009999-99.9-99.9-99.9-99.910.0 88 9.2 55  5.8   7  5.418.210.2
5295020180828 29.1  6.9  0.009999-99.9-99.9-99.9-99.9 9.0 7913.6 61 11.2   5  4.217.0 7.5
5295020180829 34.1 16.2  3.419999-99.9-99.9-99.9-99.9 7.3 6419.8 57 17.3  10  7.714.814.4
5295020180830 32.0 19.7  1.419999-99.9-99.9-99.9-99.9 5.9 5222.0 75 19.0  10  8.413.115.3
5295020180831 20.3 10.9  1.019999-99.9-99.9-99.9-99.9-9.9 9915.0 99 12.8  19 15.5 2.8-9.9
5295020180901 13.2 10.8  2.819999-99.9-99.9-99.9-99.9-9.9 9913.9100 11.8  17 13.3 3.3-9.9
5295020180902 15.1 11.2  0.819999-99.9-99.9-99.9-99.9-9.9 9915.0 99 13.0  16 12.9 4.9-9.9
5295020180903 20.9 11.8  0.009999-99.9-99.9-99.9-99.9 3.0 2615.7 91 13.7   9  7.0 9.4 3.9
5295020180904 22.0  8.7  0.009999-99.9-99.9-99.9-99.9 9.9 8613.1 76 10.9   4  3.518.9 5.7
5295020180905 24.5  9.6  0.009999-99.9-99.9-99.9-99.910.2 8812.7 57 10.5   7  5.619.5 9.9
5295020180906 28.8 11.6  0.009999-99.9-99.9-99.9-99.910.1 8713.7 58 11.6   7  5.619.412.3
5295020180907 29.6 12.8  0.009999-99.9-99.9-99.9-99.9 9.8 8415.1 63 13.1   4  2.819.1 7.7
5295020180908 29.4 12.9  0.009999-99.9-99.9-99.9-99.9 9.4 8115.2 57 13.2   7  5.318.711.0
5295020180909 26.5 14.7  0.009999-99.9-99.9-99.9-99.9 9.3 8016.8 71 14.7   9  7.218.710.7
5295020180910 25.6 12.8  0.009999-99.9-99.9-99.9-99.9 8.9 7617.2 77 15.1  10  8.018.2 9.1
5295020180911 26.4 13.8  0.009999-99.9-99.9-99.9-99.9 8.6 7317.0 71 14.9  12  9.517.911.7
5295020180912 26.4 15.3  1.419999-99.9-99.9-99.9-99.9 7.0 6017.5 75 15.3   9  7.315.7 9.7
5295020180913 21.0 16.8  6.619999-99.9-99.9-99.9-99.9-9.9 9919.7 99 17.3   8  6.1 2.8-9.9
5295020180914 23.1 14.0  0.219999-99.9-99.9-99.9-99.9 6.1 5217.0 90 14.9   8  6.414.6 5.8
5295020180915 23.7 11.4  0.009999-99.9-99.9-99.9-99.9 6.8 5716.3 88 14.2   3  2.715.6 4.1
5295020180916 24.9 12.2  0.009999-99.9-99.9-99.9-99.9 4.9 4117.9 82 15.7   5  3.813.0 4.6
5295020180917 27.4 15.0  0.009999-99.9-99.9-99.9-99.9 9.3 7816.7 62 14.7   5  3.819.4 8.1
5295020180918 28.2 13.8  0.009999-99.9-99.9-99.9-99.9 9.7 8217.5 68 15.4   5  4.020.2 8.1
5295020180919 27.3 16.2  0.009999-99.9-99.9-99.9-99.9 6.8 5718.1 74 15.7  13 10.615.914.5
5295020180920 27.8 16.2  0.009999-99.9-99.9-99.9-99.9 8.9 7416.3 61 14.0  13 10.219.217.8
5295020180921 31.3 16.4  0.009999-99.9-99.9-99.9-99.9 9.1 7623.2 74 19.8   5  3.719.6 7.5
5295020180922 36.6 21.0  0.009999-99.9-99.9-99.9-99.9 8.1 6726.9 60 22.3  10  8.318.115.4
5295020180923 39.7 26.4 55.419999-99.9-99.9-99.9-99.9 8.7 7226.3 57 21.8  11  8.519.123.6
5295020180924 27.8 19.8  2.219999-99.9-99.9-99.9-99.9 1.4 1223.8 89 20.3  14 10.9 8.2 8.1
5295020180925 22.7 19.0  0.819999-99.9-99.9-99.9-99.9-9.9 9923.1 93 19.8   8  6.7 5.5-9.9
5295020180926 24.8 19.4  0.219999-99.9-99.9-99.9-99.9 0.3  324.9 94 21.0   5  4.2 6.6 2.5
5295020180927 27.7 19.5  0.009999-99.9-99.9-99.9-99.9 3.0 2425.1 91 21.1   6  5.210.7 4.4
5295020180928 31.4 20.0  0.009999-99.9-99.9-99.9-99.9 9.0 7425.2 77 21.2   8  6.320.1 9.9
5295020180929 35.2 23.3 17.619999-99.9-99.9-99.9-99.9 8.7 7126.6 67 22.1  14 11.219.720.1
5295020180930 28.8 19.4 19.019999-99.9-99.9-99.9-99.9 8.5 6924.7 79 20.9  11  9.119.511.1
5295020181001 25.1 15.1  3.819999-99.9-99.9-99.9-99.9-9.9 9919.3 89 16.5  18 14.6 4.3-9.9
5295020181002 21.1 11.7  0.009999-99.9-99.9-99.9-99.9 3.8 3112.5 69 10.2  14 11.212.213.2
5295020181003 24.0 11.9  0.009999-99.9-99.9-99.9-99.910.1 8214.5 71 12.5   9  6.922.310.5
5295020181004 26.8 10.0  0.009999-99.9-99.9-99.9-99.910.2 8213.1 61 10.8   5  4.022.5 9.8
5295020181005 22.9 12.5  0.009999-99.9-99.9-99.9-99.9 9.1 7312.4 55 10.1   9  7.120.814.1
5295020181006 25.0 14.4  0.009999-99.9-99.9-99.9-99.9 9.2 7414.0 62 11.9   8  6.721.112.7
5295020181007 28.5 14.0  0.009999-99.9-99.9-99.9-99.9 9.7 7720.1 76 17.4   6  5.222.0 7.9
5295020181008 32.0 20.5  0.009999-99.9-99.9-99.9-99.9 8.7 7027.1 83 22.4   7  5.620.5 8.6
5295020181009 28.5 21.1  2.619999-99.9-99.9-99.9-99.9 1.1  827.0 87 22.3   9  7.3 8.3 5.8
5295020181010 25.1 18.1  0.009999-99.9-99.9-99.9-99.9 4.3 3416.8 62 14.5  18 14.213.622.8
5295020181011 24.4 16.0  0.009999-99.9-99.9-99.9-99.9 7.6 6015.3 67 13.2  16 12.518.919.4
5295020181012 20.2 14.0 11.619999-99.9-99.9-99.9-99.9-9.9 9916.9 98 14.9  14 11.4 2.8-9.9
5295020181013 23.4 14.0  0.009999-99.9-99.9-99.9-99.9 5.4 4315.6 77 13.6  12  9.815.5 9.9
5295020181014 24.0 11.3  0.009999-99.9-99.9-99.9-99.910.5 8314.1 66 12.1   7  5.823.910.4
5295020181015 27.0 11.0  0.009999-99.9-99.9-99.9-99.911.5 9014.6 59 12.6   4  2.925.6 8.8
5295020181016 30.0 14.0  0.009999-99.9-99.9-99.9-99.911.2 8818.3 61 16.0   4  3.425.2 9.9
5295020181017 31.6 18.3  0.009999-99.9-99.9-99.9-99.9 3.8 3026.1 78 21.7   6  4.813.1 6.8
5295020181018 32.2 22.5  0.009999-99.9-99.9-99.9-99.9 6.2 4828.2 77 23.0  11  8.517.011.6
5295020181019 28.1 19.0  0.009999-99.9-99.9-99.9-99.9 7.1 5520.8 71 18.1  14 10.918.617.1
5295020181020 28.2 16.0  0.009999-99.9-99.9-99.9-99.911.1 8615.9 59 13.9  16 12.925.324.7
5295020181021 30.0 15.1  0.009999-99.9-99.9-99.9-99.910.7 8318.8 65 16.3   9  7.224.813.9
5295020181022 24.4 19.4  6.219999-99.9-99.9-99.9-99.9-9.9 9921.3 84 18.4  12  9.6 4.6-9.9
5295020181023 26.6 17.8  0.009999-99.9-99.9-99.9-99.9-9.9 9919.4 74 17.0  12  9.7 6.8-9.9
5295020181024 28.6 16.0  0.009999-99.9-99.9-99.9-99.910.2 7819.7 73 17.0   9  7.024.112.2
5295020181025 30.1 20.0 23.819999-99.9-99.9-99.9-99.9 7.4 5722.8 69 19.6  10  8.119.613.2
5295020181026 25.2 16.0 15.619999-99.9-99.9-99.9-99.9 1.1  919.8 92 17.3  14 11.1 9.0 9.7
5295020181027 25.5 13.6  0.009999-99.9-99.9-99.9-99.911.5 8816.5 70 14.5   8  6.426.511.8
5295020181028 27.9 13.8  0.009999-99.9-99.9-99.9-99.910.3 7917.6 66 15.5   5  3.624.5 9.1
5295020181029 29.3 15.6  0.009999-99.9-99.9-99.9-99.910.0 7618.1 59 15.9   7  5.524.113.3
5295020181030 34.4 18.7 12.419999-99.9-99.9-99.9-99.9 9.2 7022.2 59 19.0   9  7.222.716.1
5295020181031 28.7 19.3  0.009999-99.9-99.9-99.9-99.9 0.3  221.7 82 18.8  14 11.4 7.810.3
5295020181101 26.3 16.4  0.009999-99.9-99.9-99.9-99.910.7 8117.7 68 15.5  12  9.725.416.3
5295020181102 29.7 15.9  0.009999-99.9-99.9-99.9-99.9 6.4 4823.3 75 19.6   8  6.118.2 8.0
5295020181103 30.2 22.5  0.009999-99.9-99.9-99.9-99.9 6.3 4826.8 77 22.1  10  8.218.111.9
5295020181104 29.4 17.3  0.009999-99.9-99.9-99.9-99.910.7 8120.5 65 17.9  11  9.025.717.2
5295020181105 32.0 16.8  0.619999-99.9-99.9-99.9-99.910.8 8121.3 66 18.4   8  6.025.813.4
5295020181106 24.8 20.2  5.419999-99.9-99.9-99.9-99.9-9.9 9923.6 90 20.1   8  6.0 3.6-9.9
5295020181107 29.9 19.3  0.009999-99.9-99.9-99.9-99.910.5 7920.5 66 17.9  13 10.025.519.3
5295020181108 31.4 17.9  0.009999-99.9-99.9-99.9-99.911.2 8323.1 68 19.7   8  6.526.612.7
5295020181109 33.1 23.2  0.009999-99.9-99.9-99.9-99.911.1 8325.4 63 21.3  10  7.726.618.0
5295020181110 33.6 22.1  0.009999-99.9-99.9-99.9-99.911.4 8525.4 62 21.3  11  8.627.019.3
5295020181111 34.7 22.6  0.009999-99.9-99.9-99.9-99.9 9.2 6828.7 66 23.3  11  8.823.316.8
5295020181112 33.2 25.6 57.419999-99.9-99.9-99.9-99.9 0.3  229.0 69 23.5  13 10.2 8.015.7
5295020181113 32.1 19.8  3.019999-99.9-99.9-99.9-99.9-9.9 9926.8 98 22.2  10  7.8 4.7-9.9
5295020181114 27.4 18.6  0.009999-99.9-99.9-99.9-99.912.2 9018.1 68 15.8   9  7.228.616.1
5295020181115 29.7 16.4  0.009999-99.9-99.9-99.9-99.912.2 9017.6 60 15.4   5  4.028.712.6
5295020181116 31.0 16.6 29.219999-99.9-99.9-99.9-99.911.9 8819.4 56 17.0   9  7.228.217.1
5295020181117 26.4 20.5 41.819999-99.9-99.9-99.9-99.9-9.9 9926.1 98 21.7   7  5.9 7.6-9.9
5295020181118 25.4 18.1  0.009999-99.9-99.9-99.9-99.911.1 8217.1 69 14.8  15 12.426.923.0
5295020181119 25.9 13.2  0.009999-99.9-99.9-99.9-99.912.7 9414.4 56 12.3   8  6.029.814.8
5295020181120 30.5 13.4  0.009999-99.9-99.9-99.9-99.912.6 9217.5 55 15.3   5  4.029.512.2
5295020181121 33.4 17.8  0.009999-99.9-99.9-99.9-99.912.1 8921.5 53 18.7   6  5.028.815.1
5295020181122 32.8 20.7 25.219999-99.9-99.9-99.9-99.9 9.5 6925.3 74 21.3  12  9.324.217.2
5295020181123 26.5 20.9  1.219999-99.9-99.9-99.9-99.9 2.2 1625.5 89 21.4  14 10.911.7 6.3
5295020181124 23.8 19.1  0.009999-99.9-99.9-99.9-99.9 1.0  721.9 90 18.9  10  8.2 9.6 6.3
5295020181125 28.3 16.5  0.009999-99.9-99.9-99.9-99.911.6 8519.2 62 16.8   8  6.728.114.2
5295020181126 30.5 17.6  0.009999-99.9-99.9-99.9-99.9 9.7 7018.3 61 16.0  10  7.824.717.7
5295020181127 26.5 19.0  8.819999-99.9-99.9-99.9-99.9 3.7 2722.9 84 19.5  10  8.414.3 9.0
5295020181128 28.3 18.3  0.009999-99.9-99.9-99.9-99.9 5.2 3725.4 86 21.3   7  5.516.8 6.5
5295020181129 28.4 19.0  0.009999-99.9-99.9-99.9-99.911.8 8521.7 70 18.8  10  7.728.414.7
5295020181130 29.1 18.1  0.009999-99.9-99.9-99.9-99.911.8 8521.6 70 18.7   9  7.028.413.9
5295020181201 27.3 19.0  0.009999-99.9-99.9-99.9-99.910.6 7618.7 61 16.2  15 12.126.322.7
5295020181202 23.4 11.8  0.009999-99.9-99.9-99.9-99.912.0 8712.4 58 10.2  11  8.729.018.7
5295020181203 26.6 11.7  0.009999-99.9-99.9-99.9-99.912.1 8813.8 53 11.6   3  2.529.1 9.8
5295020181204 31.3 14.8  0.009999-99.9-99.9-99.9-99.912.3 8816.3 51 14.2   4  3.229.412.2
5295020181205 30.8 18.8  0.009999-99.9-99.9-99.9-99.910.4 7519.7 62 17.2   8  6.726.116.9
5295020181206 24.5 17.7  0.009999-99.9-99.9-99.9-99.9 2.5 1816.7 74 14.7  11  8.512.313.4
5295020181207 25.8 14.4  0.009999-99.9-99.9-99.9-99.912.2 8814.7 59 12.7   7  5.829.314.1
5295020181208 28.2 11.0  0.009999-99.9-99.9-99.9-99.912.5 9013.8 49 11.7   7  5.229.915.0
5295020181209 32.6 15.9  0.009999-99.9-99.9-99.9-99.9 9.4 6717.8 53 15.6   6  4.524.413.7
5295020181210 35.6 22.5  0.009999-99.9-99.9-99.9-99.911.6 8323.5 52 20.0   6  5.128.317.0
5295020181211 37.8 26.4 97.419999-99.9-99.9-99.9-99.910.0 7226.9 50 22.3  14 11.125.6-9.9
5295020181212 32.6 20.6  4.619999-99.9-99.9-99.9-99.9-9.9 9925.6 95 21.5  12  9.8 4.7-9.9
5295020181213 35.0 20.7  0.009999-99.9-99.9-99.9-99.910.2 7329.4 70 23.7  11  9.025.814.5
5295020181214 30.8 21.6 20.619999-99.9-99.9-99.9-99.9 6.8 4927.4 83 22.6  19 15.319.921.9
5295020181215 29.1 21.4  0.009999-99.9-99.9-99.9-99.9 6.2 4525.9 83 21.7   8  6.618.9 8.8
5295020181216 33.6 21.8  0.009999-99.9-99.9-99.9-99.910.1 7230.5 76 24.3   5  4.125.710.1
5295020181217 36.7 21.3 79.819999-99.9-99.9-99.9-99.910.2 7330.4 74 24.2  16 13.025.924.8
5295020181218 25.3 20.6 26.819999-99.9-99.9-99.9-99.9-9.9 9926.0 94 21.7   9  7.6 7.5-9.9
5295020181219 24.2 20.9  4.019999-99.9-99.9-99.9-99.9-9.9 9926.2 97 21.9   6  4.7 5.4-9.9
5295020181220 30.1 21.8 24.619999-99.9-99.9-99.9-99.9 5.2 3729.1 90 23.5   5  3.617.1 5.8
5295020181221 28.0 21.6  0.009999-99.9-99.9-99.9-99.9 7.3 5225.3 82 21.2   9  6.820.810.8
5295020181222 31.1 19.4  0.009999-99.9-99.9-99.9-99.912.1 8722.6 65 19.4   4  3.229.211.2
5295020181223 30.8 21.2  0.009999-99.9-99.9-99.9-99.912.2 8722.5 63 19.3   7  5.329.414.9
5295020181224 31.3 19.8  0.009999-99.9-99.9-99.9-99.912.3 8822.5 69 19.3   6  4.529.613.6
5295020181225 34.2 21.1  0.009999-99.9-99.9-99.9-99.911.7 8425.3 65 21.2   4  3.428.612.0
5295020181226 36.7 23.8  0.009999-99.9-99.9-99.9-99.9 9.5 6830.1 67 24.1   3  2.724.610.5
5295020181227 35.7 24.0  6.019999-99.9-99.9-99.9-99.9 8.3 5932.6 79 25.5   8  6.222.612.7
5295020181228 32.4 23.8  0.009999-99.9-99.9-99.9-99.9 3.1 2332.3 88 25.3   4  3.413.5 5.7
5295020181229 36.1 23.7  0.009999-99.9-99.9-99.9-99.911.0 7932.1 74 25.2   4  3.327.411.3
5295020181230 33.7 22.3 30.419999-99.9-99.9-99.9-99.9 6.8 4929.9 71 23.9  11  8.920.015.8
5295020181231 33.3 22.9  8.019999-99.9-99.9-99.9-99.9 7.2 5131.1 85 24.6   9  6.920.610.0
5295020190101 34.2 24.8 10.019999-99.9-99.9-99.9-99.9 6.2 4534.1 83 26.2   7  5.819.010.0
5295020190102 36.1 25.8 73.819999-99.9-99.9-99.9-99.9 9.2 6636.0 75 27.2   8  6.424.212.8
5295020190103 31.3 21.4  3.019999-99.9-99.9-99.9-99.9 0.1  126.9 95 22.2  10  7.9 8.2 7.3
5295020190104 29.5 19.0  0.009999-99.9-99.9-99.9-99.9 7.6 5425.3 80 21.2   7  5.821.2 8.4
5295020190105 32.7 21.4  0.009999-99.9-99.9-99.9-99.9 9.6 6929.2 80 23.6   7  5.324.710.4
5295020190106 32.2 25.8 54.219999-99.9-99.9-99.9-99.9 2.5 1832.3 80 25.3   8  6.012.4 7.7
5295020190107 29.8 20.0  0.009999-99.9-99.9-99.9-99.9 6.5 4725.0 87 21.1  10  7.719.410.4
5295020190108 31.1 21.1 28.819999-99.9-99.9-99.9-99.9 8.7 6329.0 84 23.5   9  7.123.310.0
5295020190109 27.4 19.1119.819999-99.9-99.9-99.9-99.9 0.2  126.8 96 22.1  15 12.3 8.2 4.7
5295020190110 22.5 19.2 15.019999-99.9-99.9-99.9-99.9-9.9 9923.7 99 20.2   7  5.4 4.2-9.9
5295020190111 25.6 20.0  0.419999-99.9-99.9-99.9-99.9 2.1 1525.4 92 21.3  10  7.711.6 4.7
5295020190112 27.0 21.8 25.219999-99.9-99.9-99.9-99.9-9.9 9927.9 96 22.9   8  6.4 7.8-9.9
5295020190113 32.1 22.7  0.219999-99.9-99.9-99.9-99.9 6.8 4930.8 84 24.5   7  5.319.8 7.6
5295020190114 27.7 22.8  6.419999-99.9-99.9-99.9-99.9-9.9 9930.8 95 24.5   4  3.6 6.8-9.9
5295020190115 28.0 24.3  5.219999-99.9-99.9-99.9-99.9-9.9 9931.3 95 24.8   5  4.0 3.5-9.9
5295020190116 29.7 21.8  0.009999-99.9-99.9-99.9-99.9 6.9 5028.5 83 23.2   4  3.320.0 7.3
5295020190117 26.8 22.9 46.219999-99.9-99.9-99.9-99.9-9.9 9929.5 95 23.8  13 10.4 5.2-9.9
5295020190118 23.7 18.6  0.009999-99.9-99.9-99.9-99.9 2.0 1422.5 89 19.4  20 16.311.210.0
5295020190119 23.3 17.3  0.009999-99.9-99.9-99.9-99.9 3.3 2420.7 87 18.0  11  9.113.6 7.3
5295020190120 27.9 18.8  0.009999-99.9-99.9-99.9-99.9 6.5 4723.5 85 20.1   4  3.419.1 6.6
5295020190121 31.6 19.2  0.009999-99.9-99.9-99.9-99.911.3 8325.6 78 21.5   2  1.827.5 8.7
5295020190122 35.6 22.6  0.009999-99.9-99.9-99.9-99.910.4 7630.8 71 24.5   6  4.825.812.2
5295020190123 32.4 22.9  0.009999-99.9-99.9-99.9-99.9-9.9 9931.5 88 24.8  10  8.3 7.1-9.9
5295020190124 33.6 22.2  0.009999-99.9-99.9-99.9-99.910.0 7331.1 79 24.6  12  9.325.112.0
5295020190125 35.7 25.2  0.009999-99.9-99.9-99.9-99.9 9.8 7334.6 78 26.4   9  7.124.913.3
5295020190126 33.2 26.3  7.219999-99.9-99.9-99.9-99.9 4.3 3133.7 85 26.0   9  6.915.1 9.5
5295020190127 34.1 25.2  0.219999-99.9-99.9-99.9-99.9 3.1 2332.7 83 25.5   3  2.613.0 5.6
5295020190128 35.2 24.8  0.009999-99.9-99.9-99.9-99.9 9.9 7332.0 72 25.1   6  4.824.811.9
5295020190129 34.7 25.9  0.009999-99.9-99.9-99.9-99.910.5 7832.4 71 25.4   9  7.125.915.4
5295020190130 35.0 26.5  0.419999-99.9-99.9-99.9-99.9 9.4 7030.9 68 24.6   8  6.623.915.7
5295020190131 32.8 23.5 26.219999-99.9-99.9-99.9-99.9 6.3 4733.6 90 26.0   6  5.218.6 7.9
5295020190201 30.1 23.8  0.819999-99.9-99.9-99.9-99.9 4.3 3230.7 87 24.5   9  7.215.1 7.5
5295020190202 28.8 24.2  0.419999-99.9-99.9-99.9-99.9 0.6  529.5 90 23.8   7  5.9 8.6 5.0
5295020190203 27.4 19.6  0.009999-99.9-99.9-99.9-99.910.4 7820.4 73 17.8  14 11.225.419.7
5295020190204 28.2 18.3  0.009999-99.9-99.9-99.9-99.9 7.4 5520.7 73 18.0   8  6.420.311.2
5295020190205 29.2 16.7  0.009999-99.9-99.9-99.9-99.911.1 8320.8 73 18.1   6  4.826.610.8
5295020190206 31.7 18.3  0.009999-99.9-99.9-99.9-99.911.0 8323.9 74 20.3   4  3.026.4 9.3
5295020190207 34.5 21.0  0.009999-99.9-99.9-99.9-99.911.1 8325.0 68 21.0   2  1.826.4 9.4
5295020190208 35.8 22.2  0.009999-99.9-99.9-99.9-99.9 9.9 7527.6 73 22.7   3  2.724.410.1
5295020190209 35.3 22.7 40.419999-99.9-99.9-99.9-99.9 2.0 1529.5 83 23.8   4  3.110.8 5.9
5295020190210 32.3 22.1  0.009999-99.9-99.9-99.9-99.9 9.4 7130.7 81 24.5   5  3.923.4 8.6
5295020190211 30.5 22.2 28.819999-99.9-99.9-99.9-99.9 1.8 1429.7 87 23.9   9  6.910.4 6.7
5295020190212 26.2 18.8  0.009999-99.9-99.9-99.9-99.9 7.0 5318.8 74 16.5  17 13.319.319.7
5295020190213 26.6 14.2  0.009999-99.9-99.9-99.9-99.911.4 8717.3 70 15.2   6  5.126.611.0
5295020190214 28.5 17.3  0.009999-99.9-99.9-99.9-99.9 5.9 4522.6 81 19.4   7  5.817.2 7.4
5295020190215 28.3 19.5  0.009999-99.9-99.9-99.9-99.911.1 8523.1 75 19.8  11  8.726.014.0
5295020190216 30.0 19.3  0.009999-99.9-99.9-99.9-99.9 9.1 7024.5 77 20.7   8  6.222.510.7
5295020190217 31.9 20.9  0.009999-99.9-99.9-99.9-99.910.4 8026.3 76 21.9   6  4.724.810.5
5295020190218 33.2 22.0  0.009999-99.9-99.9-99.9-99.910.2 7927.7 74 22.8   4  3.224.3 9.6
5295020190219 35.8 22.3  0.009999-99.9-99.9-99.9-99.910.4 8028.5 68 23.2   2  1.324.6 8.4
5295020190220 35.5 23.2  0.009999-99.9-99.9-99.9-99.910.7 8329.4 73 23.7   3  2.125.0 9.6
5295020190221 35.9 24.1  0.009999-99.9-99.9-99.9-99.910.0 7829.7 66 23.9   5  4.423.812.6
5295020190222 36.6 25.0  0.009999-99.9-99.9-99.9-99.910.7 8329.7 66 23.9   6  4.924.914.4
5295020190223 37.3 25.4  0.009999-99.9-99.9-99.9-99.9 9.7 7530.5 66 24.4   8  6.423.116.0
5295020190224 30.5 20.5 33.219999-99.9-99.9-99.9-99.9 2.5 2025.4 76 21.2  13 10.411.115.5
5295020190225 23.8 17.9  3.219999-99.9-99.9-99.9-99.9-9.9 9922.1 97 19.1   5  3.6 5.1-9.9
5295020190226 26.9 17.6  0.009999-99.9-99.9-99.9-99.9 8.7 6919.4 75 16.9   8  6.221.310.5
5295020190227 27.8 12.6  0.009999-99.9-99.9-99.9-99.911.2 8814.3 58 12.2   3  2.625.2 8.9
5295020190228 30.4 14.2  0.009999-99.9-99.9-99.9-99.911.3 8917.2 60 15.1   1  1.225.4 7.3
5295020190301 31.2 16.0  0.009999-99.9-99.9-99.9-99.911.1 8719.3 60 16.9   4  3.624.910.7
5295020190302 35.6 18.4  0.009999-99.9-99.9-99.9-99.910.2 8123.1 64 19.8   2  1.623.5 8.3
5295020190303 34.3 21.2  0.009999-99.9-99.9-99.9-99.910.1 8025.4 68 21.3   7  5.623.113.4
5295020190304 32.2 21.7  9.819999-99.9-99.9-99.9-99.9 2.7 2124.1 77 20.5  12  9.711.013.7
5295020190305 26.2 20.7  1.419999-99.9-99.9-99.9-99.9-9.9 9925.8 95 21.6   5  3.6 3.7-9.9
5295020190306 33.5 20.4  0.009999-99.9-99.9-99.9-99.9 8.5 6828.8 83 23.4   4  3.220.3 7.1
5295020190307 32.0 21.5 46.019999-99.9-99.9-99.9-99.9 3.1 2528.5 86 23.2   8  6.711.5 6.9
5295020190308 26.6 19.6  1.219999-99.9-99.9-99.9-99.9 1.0  823.9 89 20.3  15 12.0 8.1 7.2
5295020190309 25.5 15.2  0.009999-99.9-99.9-99.9-99.9 8.9 7119.0 80 16.6  15 11.620.713.8
5295020190310 26.8 16.0  0.009999-99.9-99.9-99.9-99.9 7.8 6319.5 79 17.1   9  7.318.9 9.4
5295020190311 21.2 17.7  4.419999-99.9-99.9-99.9-99.9-9.9 9921.6 94 18.7   7  5.6 5.0-9.9
5295020190312 27.5 18.6  0.009999-99.9-99.9-99.9-99.9 5.8 4722.4 85 19.3   5  4.015.6 5.8
5295020190313 28.5 17.0  0.009999-99.9-99.9-99.9-99.9 8.1 6621.4 77 18.6   4  3.419.2 6.9
5295020190314 28.8 15.9  0.009999-99.9-99.9-99.9-99.910.2 8320.7 78 18.0   3  2.322.3 6.9
5295020190315 30.0 16.6  0.009999-99.9-99.9-99.9-99.9 9.5 7821.8 77 18.9   5  4.221.1 8.3
5295020190316 28.5 19.1  0.819999-99.9-99.9-99.9-99.9 3.1 2625.1 89 21.1   7  5.311.1 4.7
5295020190317 27.8 20.2 12.419999-99.9-99.9-99.9-99.9 1.4 1226.6 91 22.1   3  2.5 8.4 2.7
5295020190318 29.9 20.4  0.009999-99.9-99.9-99.9-99.9 8.1 6725.4 83 21.4   3  2.818.7 6.2
5295020190319 30.3 21.2  1.619999-99.9-99.9-99.9-99.9 5.6 4626.6 78 22.1   6  5.114.8 7.7
5295020190320 24.9 15.2  0.009999-99.9-99.9-99.9-99.9 7.5 6217.0 72 14.9  15 12.217.516.8
5295020190321 24.7 13.2  0.009999-99.9-99.9-99.9-99.9 8.4 6914.7 68 12.6   7  5.918.810.6
5295020190322 26.3 12.3  0.009999-99.9-99.9-99.9-99.910.0 8315.3 69 13.3   3  2.521.1 6.9
5295020190323 30.0 14.3  0.009999-99.9-99.9-99.9-99.910.2 8517.7 68 15.6   2  1.721.4 6.4
5295020190324 30.9 15.9  0.009999-99.9-99.9-99.9-99.9 9.0 7520.5 70 17.8   4  3.119.5 7.6
5295020190325 25.6 12.6  0.009999-99.9-99.9-99.9-99.910.0 8415.9 71 13.9   8  6.020.910.9
5295020190326 24.6 14.9  0.009999-99.9-99.9-99.9-99.9 7.5 6316.3 74 14.2   8  6.117.0 9.1
5295020190327 26.6 13.0  0.009999-99.9-99.9-99.9-99.9 8.2 6917.5 76 15.4   7  5.618.0 8.2
5295020190328 28.3 14.6  0.009999-99.9-99.9-99.9-99.9 8.4 7021.1 86 18.3   7  5.418.1 6.4
5295020190329 32.1 17.2  0.009999-99.9-99.9-99.9-99.9 9.3 7824.7 79 20.8   3  2.619.4 6.4
5295020190330 26.1 21.6  8.219999-99.9-99.9-99.9-99.9-9.9 9927.6 96 22.7   7  5.8 1.9-9.9
5295020190331 29.7 20.9  0.009999-99.9-99.9-99.9-99.9 1.8 1628.4 92 23.1   4  3.2 8.3 3.1
5295020190401 33.0 22.0  0.009999-99.9-99.9-99.9-99.9 6.3 5429.2 80 23.6   3  2.414.8 5.2
5295020190402 32.5 21.2  0.009999-99.9-99.9-99.9-99.9 6.0 5127.4 86 22.6   2  1.514.2 4.8
5295020190403 31.2 21.5  0.009999-99.9-99.9-99.9-99.9 7.5 6432.2 97 25.1   2  1.716.2 4.2
5295020190404 29.8 21.2 15.219999-99.9-99.9-99.9-99.9 2.7 2328.9 93 23.2   7  5.7 9.4 4.3
5295020190405 23.8 16.1  0.009999-99.9-99.9-99.9-99.9 7.4 6416.2 77 14.2  13 10.816.013.9
5295020190406 26.1 13.4  0.009999-99.9-99.9-99.9-99.9 8.4 7317.4 80 15.3   5  3.617.3 5.9
5295020190407 25.5 13.4  0.009999-99.9-99.9-99.9-99.910.0 8617.1 77 14.9   3  2.619.4 5.7
5295020190408 28.1 13.4  0.009999-99.9-99.9-99.9-99.9 8.8 7619.8 83 17.2   3  2.117.6 4.5
5295020190409 28.7 14.3  0.009999-99.9-99.9-99.9-99.9 9.4 8120.1 80 17.5   3  2.318.3 5.3
5295020190410 30.4 16.3  0.009999-99.9-99.9-99.9-99.9 8.0 6922.5 80 19.3   2  1.916.3 4.7
5295020190411 26.6 18.6  0.009999-99.9-99.9-99.9-99.9 9.3 8121.1 82 18.3   8  6.318.0 8.5
5295020190412 25.3 12.6  0.009999-99.9-99.9-99.9-99.9 9.7 8418.1 85 15.8   3  2.718.4 4.8
5295020190413 27.8 12.4  0.009999-99.9-99.9-99.9-99.9 9.3 8118.5 76 16.1   2  2.017.7 4.6
5295020190414 32.4 17.1  0.009999-99.9-99.9-99.9-99.9 7.2 6323.2 77 19.8   2  1.414.8 4.5
5295020190415 26.1 17.8 16.019999-99.9-99.9-99.9-99.9-9.9 9924.0 96 20.4   7  5.6 1.8-9.9
5295020190416 24.4 15.6  0.219999-99.9-99.9-99.9-99.9 8.8 7820.4 90 17.8   9  6.916.8 5.9
5295020190417 25.0 13.7  0.009999-99.9-99.9-99.9-99.9 7.3 6419.8 89 17.2   3  2.014.6 3.4
5295020190418 28.4 14.2  0.009999-99.9-99.9-99.9-99.9 8.9 7920.9 82 18.0   2  1.816.8 4.1
5295020190419 29.7 18.8 33.219999-99.9-99.9-99.9-99.9 3.0 2724.5 82 20.7   4  2.8 8.9 3.8
5295020190420 25.2 21.4  0.819999-99.9-99.9-99.9-99.9 0.5  427.1 97 22.4   6  5.1 5.5 1.9
5295020190421 25.5 19.6  0.009999-99.9-99.9-99.9-99.9 1.2 1123.7 90 20.1  10  8.4 6.3 5.5
5295020190422 24.0 14.0  0.009999-99.9-99.9-99.9-99.9 6.4 5716.7 77 14.5  12  9.813.0 9.7
5295020190423 24.9 14.5  0.009999-99.9-99.9-99.9-99.9 6.6 5917.6 82 15.3   8  6.513.2 6.9
5295020190424 21.0 15.6 56.819999-99.9-99.9-99.9-99.9-9.9 9921.1 99 18.3   9  7.2 3.0-9.9
5295020190425 24.2 19.2  2.219999-99.9-99.9-99.9-99.9-9.9 9925.7100 21.5   8  6.5 2.7-9.9
5295020190426 21.7 18.5  0.619999-99.9-99.9-99.9-99.9-9.9 9923.3 99 20.0   4  2.8 4.1-9.9
5295020190427 20.5 18.2  0.419999-99.9-99.9-99.9-99.9 0.8  821.4 98 18.6   9  6.9 5.6 2.2
5295020190428 21.5 14.8  0.009999-99.9-99.9-99.9-99.9 2.5 2317.9 88 15.7   3  2.3 7.7 2.9
5295020190429 24.7 11.7  0.009999-99.9-99.9-99.9-99.9 8.6 7818.7 89 16.3   2  1.715.3 2.9
5295020190430 25.1 15.4  0.009999-99.9-99.9-99.9-99.9 6.4 5820.3 88 17.7   7  5.912.4 4.4
5295020190501 25.2 13.4  0.009999-99.9-99.9-99.9-99.9 8.9 8218.2 85 15.9   3  2.515.5 3.9
5295020190502 26.8 13.5  0.619999-99.9-99.9-99.9-99.9 8.8 8021.6 86 18.5   5  4.115.2 3.3
5295020190503 25.5 22.2  2.219999-99.9-99.9-99.9-99.9-9.9 9928.8 99 23.4   4  3.3 3.5-9.9
5295020190504 28.8 23.4  6.819999-99.9-99.9-99.9-99.9 0.3  331.4 99 24.8   6  5.0 4.7 1.4
5295020190505 25.6 22.2  8.219999-99.9-99.9-99.9-99.9-9.9 9927.6100 22.7   7  5.8 1.4-9.9
5295020190506 23.0 21.2  0.219999-99.9-99.9-99.9-99.9-9.9 9926.3100 21.9   9  7.5 3.2-9.9
5295020190507 24.1 19.5  0.009999-99.9-99.9-99.9-99.9 0.8  724.9 98 21.0  10  7.9 5.2 1.7
5295020190508 21.0 17.7  1.619999-99.9-99.9-99.9-99.9 0.1  121.5 99 18.6   8  6.6 4.3 1.7
5295020190509 25.4 17.8 52.619999-99.9-99.9-99.9-99.9 0.5  526.1100 21.7   9  7.5 4.8 1.1
5295020190510 22.2 16.5  0.009999-99.9-99.9-99.9-99.9-9.9 9921.2100 18.3  10  7.7 3.5-9.9
5295020190511 21.0 13.8  0.009999-99.9-99.9-99.9-99.9 8.6 8017.3 92 15.2   8  6.714.1 3.9
5295020190512 17.8 11.2  0.219999-99.9-99.9-99.9-99.9 1.5 1416.4 98 14.3   2  1.5 5.8 1.0
5295020190513 21.7 13.5  0.009999-99.9-99.9-99.9-99.9 7.3 6916.7 88 14.6   4  3.312.6 3.2
5295020190514 19.8 10.9  0.009999-99.9-99.9-99.9-99.9 4.5 4215.9100 13.7   5  3.8 9.2 1.3
5295020190515 23.3 10.9  0.219999-99.9-99.9-99.9-99.9 8.4 7917.9 93 15.5   4  3.313.7 2.0
5295020190516 24.8 13.7  0.009999-99.9-99.9-99.9-99.9 8.3 7820.2 94 17.5   5  4.113.4 2.5
5295020190517 26.4 15.2  0.009999-99.9-99.9-99.9-99.9 7.5 7122.4 90 19.2   7  5.412.5 3.0
5295020190518 26.6 17.5  0.009999-99.9-99.9-99.9-99.9 4.0 3823.8 95 20.2   4  3.1 8.4 2.4
5295020190519 21.4 18.6  2.419999-99.9-99.9-99.9-99.9-9.9 9923.0100 19.8   5  4.1 3.2-9.9
5295020190520 22.5 18.9  1.219999-99.9-99.9-99.9-99.9-9.9 9924.0100 20.4   4  3.0 2.1-9.9
5295020190521 20.3 16.4  1.219999-99.9-99.9-99.9-99.9-9.9 9920.1100 17.6  10  8.0 2.8-9.9
5295020190522 17.1 15.4  3.819999-99.9-99.9-99.9-99.9 0.4  418.1100 15.9  10  8.4 4.3 0.9
5295020190523 17.9 14.4  0.419999-99.9-99.9-99.9-99.9 1.5 1517.6100 15.4  11  9.0 5.5 1.5
5295020190524 20.2  9.8  0.009999-99.9-99.9-99.9-99.9 8.5 8114.7 92 12.6   4  3.013.1 2.5
5295020190525 20.5  8.8  0.009999-99.9-99.9-99.9-99.9 5.5 5316.1 94 13.8   4  3.5 9.8 1.3
5295020190526 21.0 13.5  0.009999-99.9-99.9-99.9-99.9 3.1 2918.8 98 16.5   4  3.3 7.1 1.3
5295020190527 21.8 14.0  0.009999-99.9-99.9-99.9-99.9 2.0 1920.1 98 17.4   5  3.7 5.8 1.0
5295020190528 18.7 15.9  0.009999-99.9-99.9-99.9-99.9-9.9 9918.9100 16.6   7  5.3 2.8-9.9
5295020190529 19.6 14.6  0.009999-99.9-99.9-99.9-99.9 2.3 2219.5 99 17.1   5  4.0 6.1 1.1
5295020190530 19.9 16.1  0.219999-99.9-99.9-99.9-99.9 1.2 1219.4 99 17.0   7  5.3 5.0 1.5
5295020190531 16.9 13.2  0.219999-99.9-99.9-99.9-99.9 0.3  316.8100 14.8   7  5.6 3.9 0.7
5295020190601 18.9 14.4  0.219999-99.9-99.9-99.9-99.9 1.3 1218.5 98 16.3   3  2.5 5.0 1.1
5295020190602 22.4 10.0  0.009999-99.9-99.9-99.9-99.9 7.2 7016.5 93 14.2   3  2.311.3 1.9
5295020190603 22.1 10.5  0.009999-99.9-99.9-99.9-99.9 8.3 8015.7 89 13.5   2  1.512.4 2.0
5295020190604 22.2  9.3  0.009999-99.9-99.9-99.9-99.9 7.9 7716.0 88 13.8   5  3.812.0 2.1
5295020190605 24.2 12.5  0.009999-99.9-99.9-99.9-99.9 6.8 6618.2 86 16.0  10  8.010.8 4.2
5295020190606 24.8 14.2  0.009999-99.9-99.9-99.9-99.9 8.1 7817.9 82 15.7   7  5.712.1 5.3
5295020190607 22.0 13.9  0.009999-99.9-99.9-99.9-99.9 2.7 2619.0 93 16.6   6  5.1 6.4 1.7
5295020190608 22.1 13.0  0.009999-99.9-99.9-99.9-99.9 6.1 6014.6 77 12.5   7  5.810.0 6.1
5295020190609 23.2 12.2  0.009999-99.9-99.9-99.9-99.9 5.0 4819.1 93 16.5   6  4.5 8.7 1.3
5295020190610 21.5 16.6  8.419999-99.9-99.9-99.9-99.9-9.9 9922.0100 19.0   4  3.3 3.2-9.9
5295020190611 24.3 17.0  0.009999-99.9-99.9-99.9-99.9 1.3 1222.7 97 19.5   7  5.3 4.8 1.0
5295020190612 28.2 20.7  0.009999-99.9-99.9-99.9-99.9 4.4 4326.9 91 22.2   7  5.5 8.1 3.1
5295020190613 29.2 22.5  0.009999-99.9-99.9-99.9-99.9 4.5 4426.8 82 22.2   9  7.2 8.2 7.0
5295020190614 25.1 20.4  0.219999-99.9-99.9-99.9-99.9-9.9 9925.3100 21.3   5  4.3 2.4-9.9
5295020190615 25.4 17.0  0.419999-99.9-99.9-99.9-99.9-9.9 9923.8 99 20.2   5  3.9 3.1-9.9
5295020190616 17.6 13.2  0.619999-99.9-99.9-99.9-99.9-9.9 9916.1100 14.1   5  4.0 2.5-9.9
5295020190617 15.3 13.3  0.009999-99.9-99.9-99.9-99.9-9.9 9916.3100 14.3   2  1.8 1.0-9.9
5295020190618 15.6  9.9  0.009999-99.9-99.9-99.9-99.9-9.9 9915.0100 12.9   5  3.7 2.5-9.9
5295020190619 20.9  9.0  0.219999-99.9-99.9-99.9-99.9 8.3 8113.4 83 11.1   4  3.212.0 2.6
5295020190620 20.2  6.9  0.009999-99.9-99.9-99.9-99.9 8.0 7813.0 83 10.7   3  2.111.7 2.1
5295020190621 26.5 10.9  0.009999-99.9-99.9-99.9-99.9 6.3 6220.3 88 17.4   5  4.010.0 1.4
5295020190622 28.9 16.8  0.009999-99.9-99.9-99.9-99.9 6.1 6022.9 83 19.6   6  4.7 9.8 4.6
5295020190623 28.9 18.5  0.009999-99.9-99.9-99.9-99.9 6.3 6222.1 80 19.1   9  6.910.0 6.8
5295020190624 28.0 17.8  2.619999-99.9-99.9-99.9-99.9 5.9 5821.9 80 18.9   9  7.1 9.6 6.9
5295020190625 22.3  7.6  1.219999-99.9-99.9-99.9-99.9 1.6 1612.8 80  9.7  14 11.3 5.110.5
5295020190626 14.9  2.7  0.009999-99.9-99.9-99.9-99.9 8.3 81 8.5 75  4.4   3  2.412.1 2.4
5295020190627 20.1  3.8  0.009999-99.9-99.9-99.9-99.9 7.8 7612.7 83 10.0   7  5.411.6 1.8
5295020190628 25.9 15.4  2.219999-99.9-99.9-99.9-99.9 0.7  722.3 95 19.1   7  5.4 4.2 0.9
5295020190629 21.4 16.5  0.009999-99.9-99.9-99.9-99.9 0.0  020.3100 17.7   6  5.2 3.5 1.0
5295020190630 16.9 10.4  0.009999-99.9-99.9-99.9-99.9 0.2  214.2 95 12.1  13 10.4 3.7 3.9
5295020190701 16.3  7.8  0.009999-99.9-99.9-99.9-99.9 6.7 6511.4 90  8.8   6  5.110.4 2.5
5295020190702 18.0  4.7  0.009999-99.9-99.9-99.9-99.9 6.5 6312.6 90 10.0   4  3.210.3 1.0
5295020190703 16.7  5.0  0.009999-99.9-99.9-99.9-99.9 8.0 78 9.6 74  6.2   5  4.211.8 4.7
5295020190704 16.6  3.2  0.009999-99.9-99.9-99.9-99.9 7.9 76 8.9 75  5.2   4  2.911.7 3.0
5295020190705 12.5  4.3  0.009999-99.9-99.9-99.9-99.9 8.1 79 7.8 74  3.3   7  5.712.0 5.3
5295020190706 13.0  0.0  0.009999-99.9-99.9-99.9-99.9 8.3 81 7.4 78  2.4   2  1.412.3 1.7
5295020190707 15.4  2.1  0.009999-99.9-99.9-99.9-99.9 7.4 72 8.4 78  4.2   4  2.911.3 2.4
5295020190708 21.4  2.4  0.009999-99.9-99.9-99.9-99.9 8.4 8110.4 74  7.2   4  3.412.4 2.9
5295020190709 20.2 10.0  0.009999-99.9-99.9-99.9-99.9 2.0 2014.4 78 12.3   4  3.6 5.7 3.0
5295020190710 27.6 15.4  0.009999-99.9-99.9-99.9-99.9 4.6 4516.9 72 14.8   5  3.9 8.5 5.0
5295020190711 27.4 15.2  0.009999-99.9-99.9-99.9-99.9 3.2 3119.1 77 16.7   4  3.2 7.0 3.8
5295020190712 26.7 17.1  0.009999-99.9-99.9-99.9-99.9 5.2 5020.2 82 17.7   7  5.5 9.1 6.5
5295020190713 17.6 15.4  0.009999-99.9-99.9-99.9-99.9-9.9 9918.3100 16.1   9  7.4 1.7-9.9
5295020190714 22.0 10.0  0.009999-99.9-99.9-99.9-99.9 6.2 6014.5 79 12.4   6  5.010.3 4.3
5295020190715 21.8  7.9  0.009999-99.9-99.9-99.9-99.9 8.1 7813.2 82 10.9   4  2.912.4 3.2
5295020190716 19.7  6.3  0.009999-99.9-99.9-99.9-99.9 8.2 7911.4 80  8.7   4  2.912.6 3.2
5295020190717 20.8  4.8  0.009999-99.9-99.9-99.9-99.9 8.6 8211.7 80  9.1   4  3.513.0 2.9
5295020190718 23.1  9.8  0.009999-99.9-99.9-99.9-99.9 5.3 5115.2 80 13.1   3  2.8 9.5 2.9
5295020190719 23.6 11.6  0.009999-99.9-99.9-99.9-99.9 6.9 6618.4 89 16.0   3  2.111.2 2.2
5295020190720 25.6 16.6  0.009999-99.9-99.9-99.9-99.9 5.9 5621.1 84 18.3   8  6.710.2 4.7
5295020190721 30.9 21.9  1.019999-99.9-99.9-99.9-99.9 6.9 6621.0 61 18.2  16 12.711.420.9
5295020190722 25.3 13.3  2.219999-99.9-99.9-99.9-99.9-9.9 9917.2 96 15.0  13 10.5 1.6-9.9
5295020190723 13.8 10.7 10.219999-99.9-99.9-99.9-99.9-9.9 9913.6100 11.6  14 11.3 0.8-9.9
5295020190724 12.0  8.9 26.219999-99.9-99.9-99.9-99.9-9.9 9912.1100  9.8  15 12.0 0.7-9.9
5295020190725 11.3  8.7  0.419999-99.9-99.9-99.9-99.9-9.9 9912.1100  9.8   6  5.0 2.5-9.9
5295020190726 11.3  7.9  0.009999-99.9-99.9-99.9-99.9-9.9 9912.0100  9.7   7  5.6 2.6-9.9
5295020190727-99.9-99.9-99.999999-99.9-99.9-99.9-99.9-9.9 99-9.9-99-99.9 -99-99.9-9.9-9.9
5295020190728-99.9-99.9-99.999999-99.9-99.9-99.9-99.9-9.9 99-9.9-99-99.9 -99-99.9-9.9-9.9
5295020190729-99.9-99.9  0.009999-99.9-99.9-99.9-99.9-9.9 99-9.9-99-99.9 -99-99.9-9.9-9.9
5295020190730 21.1  8.3  0.009999-99.9-99.9-99.9-99.9 8.4 7914.3 88 12.1   3  2.313.6 2.5
5295020190731 26.3 10.5  0.009999-99.9-99.9-99.9-99.9 8.2 7718.6 86 16.0   6  5.013.5 2.6
5295020190801 19.7 11.9  0.009999-99.9-99.9-99.9-99.9-9.9 9916.0 90 13.7  11  8.6 2.4-9.9
5295020190802 17.7  6.5  0.009999-99.9-99.9-99.9-99.9 8.8 82 9.4 68  6.0   8  6.714.3 8.4
5295020190803 18.0  4.4  0.009999-99.9-99.9-99.9-99.9 8.8 82 9.2 72  5.5   3  2.414.4 3.5
5295020190804 18.9  4.3  0.009999-99.9-99.9-99.9-99.9 9.0 84 9.2 67  5.6   4  3.114.7 4.4
5295020190805 22.7  3.5  0.009999-99.9-99.9-99.9-99.9 9.3 8610.7 68  7.7   5  4.215.1 5.4
5295020190806 26.1 10.8  0.009999-99.9-99.9-99.9-99.9 8.7 8015.6 75 13.4   8  6.814.5 7.5
5295020190807 27.5 11.9  0.419999-99.9-99.9-99.9-99.9 6.7 6219.4 83 16.8   3  2.612.2 3.3
5295020190808 20.6 16.0  0.009999-99.9-99.9-99.9-99.9-9.9 9919.7100 17.2   8  6.5 3.7-9.9
5295020190809 16.0 10.4  0.009999-99.9-99.9-99.9-99.9-9.9 9913.4100 11.3  10  7.8 2.3-9.9
5295020190810 17.6  5.9  0.009999-99.9-99.9-99.9-99.9 8.9 8211.4 84  8.8   4  3.015.2 3.1
5295020190811 19.5  8.2  0.009999-99.9-99.9-99.9-99.9 4.8 4414.3 90 12.1   5  4.310.2 2.1
5295020190812 21.7  9.3  0.009999-99.9-99.9-99.9-99.9 6.7 6113.4 76 11.0  12  9.212.6 8.8
5295020190813 15.4  5.9  0.009999-99.9-99.9-99.9-99.9 9.0 82 8.7 72  4.8  11  9.215.610.8
5295020190814 15.5  1.6  0.009999-99.9-99.9-99.9-99.9 9.1 82 7.8 74  3.3   7  5.615.7 5.0
5295020190815 22.8  3.1  0.009999-99.9-99.9-99.9-99.9 7.4 6711.8 75  9.1   4  3.413.7 3.4
5295020190816 29.4 13.7  0.009999-99.9-99.9-99.9-99.9 5.3 4818.5 75 16.1   5  4.311.2 5.5
5295020190817 30.7 19.8  0.009999-99.9-99.9-99.9-99.9 6.4 5818.7 65 16.4  13 10.512.617.9
5295020190818 21.2 10.4  0.009999-99.9-99.9-99.9-99.9 7.6 6812.5 73 10.2  16 13.014.214.8
5295020190819 16.9  4.9  0.009999-99.9-99.9-99.9-99.9 8.7 78 9.5 75  6.0  11  8.915.7 8.7
5295020190820 19.8  2.9  0.009999-99.9-99.9-99.9-99.9 8.9 80 9.6 72  6.1   7  5.816.1 6.2
5295020190821 22.6  5.1  0.009999-99.9-99.9-99.9-99.9 9.2 8210.6 68  7.6   8  6.416.5 7.7
5295020190822 19.9  9.1  0.009999-99.9-99.9-99.9-99.9 3.5 3111.3 78  8.6   6  5.2 9.3 5.4
5295020190823 22.9  5.1  0.009999-99.9-99.9-99.9-99.9 8.9 7911.4 72  8.6   4  3.416.4 4.9
5295020190824 24.9  8.5  0.009999-99.9-99.9-99.9-99.9 7.1 6312.5 70 10.0   6  5.114.1 6.9
5295020190825 22.1 13.5 16.419999-99.9-99.9-99.9-99.9-9.9 9917.0 90 14.8   8  6.4 3.6-9.9
5295020190826 25.0 16.9  0.009999-99.9-99.9-99.9-99.9 7.1 6321.4 91 18.5  10  7.714.3 4.8
5295020190827 27.5 13.8  0.009999-99.9-99.9-99.9-99.9 7.8 6921.0 85 18.1   6  4.715.3 4.7
5295020190828 31.2 16.6  0.009999-99.9-99.9-99.9-99.9 8.3 7322.0 73 19.0   8  6.316.0 8.8
5295020190829 34.2 19.4  0.009999-99.9-99.9-99.9-99.9 8.1 7122.7 66 19.5   9  7.215.913.8
5295020190830 24.6 14.6  0.009999-99.9-99.9-99.9-99.9 4.4 3920.0 91 17.3  15 11.711.0 9.1
5295020190831 21.5  9.9  0.009999-99.9-99.9-99.9-99.9 9.6 8411.9 70  9.3  12  9.818.112.9
5295020190901 22.5  7.5  0.009999-99.9-99.9-99.9-99.9 9.7 8410.2 63  7.1   4  3.318.3 7.0
5295020190902 23.8  7.9  0.009999-99.9-99.9-99.9-99.9 9.3 8110.8 61  8.0   5  3.817.9 7.5
5295020190903 16.8  8.1  0.009999-99.9-99.9-99.9-99.9 7.2 62 9.5 70  6.2   9  7.615.1 9.9
5295020190904 18.6  5.1  0.009999-99.9-99.9-99.9-99.9 9.1 79 7.8 56  3.3   9  7.517.811.2
5295020190905 19.1  6.7  0.009999-99.9-99.9-99.9-99.9 6.0 52 8.7 63  4.9  10  8.313.611.2
5295020190906 20.0  8.4  0.009999-99.9-99.9-99.9-99.9-9.9 9913.6 80 11.4   8  6.4 5.3-9.9
5295020190907 24.5 12.7  0.009999-99.9-99.9-99.9-99.9 3.2 2719.0 89 16.5   7  5.6 9.8 3.1
5295020190908 19.8 16.0  1.219999-99.9-99.9-99.9-99.9-9.9 9919.8 99 17.4   8  6.5 4.8-9.9
5295020190909 24.7 16.8  4.219999-99.9-99.9-99.9-99.9 2.9 2520.3 95 17.7  11  9.2 9.6 4.1
5295020190910 18.8 14.1  1.019999-99.9-99.9-99.9-99.9-9.9 9917.3 94 15.2  13 10.4 5.4-9.9
5295020190911 19.0 13.5  0.009999-99.9-99.9-99.9-99.9-9.9 9916.5 94 14.5  11  8.8 5.5-9.9
5295020190912 19.6 11.0  0.009999-99.9-99.9-99.9-99.9 8.9 7613.8 84 11.6   8  6.718.4 6.5
5295020190913 23.5  6.4  0.009999-99.9-99.9-99.9-99.9 8.9 7513.7 78 11.4   5  3.818.4 5.1
5295020190914 26.1 12.1  0.009999-99.9-99.9-99.9-99.9 9.3 7816.9 79 14.7   4  3.019.1 5.5
5295020190915 34.5 15.9  0.009999-99.9-99.9-99.9-99.9 7.5 6324.2 74 20.3   6  4.616.6 6.9
5295020190916 25.9 16.1  0.009999-99.9-99.9-99.9-99.9 0.6  519.2 82 16.5  18 14.6 6.615.2
5295020190917 21.7 11.3  0.009999-99.9-99.9-99.9-99.9 5.4 4613.1 68 10.8   8  6.813.8 9.9
5295020190918 25.6  8.3  0.009999-99.9-99.9-99.9-99.910.2 8511.2 58  8.5   3  2.120.8 7.0
5295020190919 26.8 11.1  0.009999-99.9-99.9-99.9-99.9 8.4 7014.2 65 12.0  10  7.718.312.8
5295020190920 21.4  9.6  0.009999-99.9-99.9-99.9-99.9 9.9 82 8.5 52  4.5  13 10.020.620.4
5295020190921 24.9  6.0  0.009999-99.9-99.9-99.9-99.910.4 86 8.5 47  4.5   5  4.221.510.6
5295020190922 26.8  7.5  0.009999-99.9-99.9-99.9-99.910.8 90 9.1 45  5.5   8  6.022.215.1
5295020190923 26.8  9.4  0.009999-99.9-99.9-99.9-99.910.4 8612.5 60 10.1  11  8.521.615.3
5295020190924 29.1 12.1  0.009999-99.9-99.9-99.9-99.9 9.2 7613.3 57 11.1   6  5.020.011.9
5295020190925 30.1 10.1  0.009999-99.9-99.9-99.9-99.910.6 8712.3 52  9.8   4  3.522.210.8
5295020190926 30.8 10.9  0.009999-99.9-99.9-99.9-99.910.5 8612.4 48 10.0   3  2.722.210.0
5295020190927 29.2 12.9  0.009999-99.9-99.9-99.9-99.910.1 8314.9 60 12.8  11  8.821.718.0
5295020190928 32.2 14.0  0.009999-99.9-99.9-99.9-99.9 9.5 7716.3 61 14.2   6  5.020.812.1
5295020190929 34.2 16.0  0.009999-99.9-99.9-99.9-99.9 9.9 8117.4 51 15.1   8  6.121.615.8
5295020190930 36.8 21.6  0.009999-99.9-99.9-99.9-99.9 7.8 6320.5 49 17.8  14 11.618.4-9.9
5295020191001 34.7 17.1 25.419999-99.9-99.9-99.9-99.9 6.9 5621.0 69 18.2  18 14.117.0-9.9
5295020191002 17.9 14.7  1.619999-99.9-99.9-99.9-99.9-9.9 9918.5100 16.3  13 10.6 2.6-9.9
5295020191003 19.7 14.8  0.819999-99.9-99.9-99.9-99.9-9.9 9919.1 99 16.7  15 12.2 3.8-9.9
5295020191004 19.4 16.5  1.419999-99.9-99.9-99.9-99.9-9.9 9919.5100 17.1  10  7.9 4.6-9.9
5295020191005 18.1 14.6  0.009999-99.9-99.9-99.9-99.9-9.9 9916.8 95 14.8  12  9.8 5.3-9.9
5295020191006 24.1 11.6  0.009999-99.9-99.9-99.9-99.9 9.3 7515.7 78 13.6   6  4.521.3 7.0
5295020191007 29.1 10.6  0.009999-99.9-99.9-99.9-99.910.5 8417.5 74 15.2   3  2.423.3 6.7
5295020191008 30.6 14.2  0.009999-99.9-99.9-99.9-99.9 9.5 7519.1 71 16.6   4  3.121.7 8.6
5295020191009 31.8 15.3  0.009999-99.9-99.9-99.9-99.910.6 8418.9 64 16.5   6  4.823.511.6
5295020191010 35.4 19.4  0.009999-99.9-99.9-99.9-99.9 9.9 7920.6 55 17.9   5  4.422.513.3
5295020191011 38.3 23.5  0.009999-99.9-99.9-99.9-99.9 9.6 7623.9 51 20.3   9  7.122.120.6
5295020191012 38.8 26.3  0.009999-99.9-99.9-99.9-99.9 9.5 7526.3 51 21.9  13 10.122.1-9.9
5295020191013 31.4 22.6 32.819999-99.9-99.9-99.9-99.9 6.4 5122.8 69 19.5  19 14.817.2-9.9
5295020191014 22.6 10.0 22.619999-99.9-99.9-99.9-99.9-9.9 9913.9100 11.8  23 18.6 1.8-9.9
5295020191015 16.0 11.2  2.419999-99.9-99.9-99.9-99.9-9.9 9915.9 99 13.9  10  8.2 2.4-9.9
5295020191016 19.3 14.7  2.019999-99.9-99.9-99.9-99.9-9.9 9919.6100 17.2   3  2.1 2.8-9.9
5295020191017 23.7 16.9  0.819999-99.9-99.9-99.9-99.9-9.9 9921.3 98 18.4   5  4.1 6.5-9.9
5295020191018 25.2 15.3  0.009999-99.9-99.9-99.9-99.9 5.0 3919.6 87 17.1   8  6.315.2 6.5
5295020191019 25.9 12.4  3.219999-99.9-99.9-99.9-99.9 8.4 6514.9 63 12.8   9  7.520.713.6
5295020191020 19.7 10.8 18.019999-99.9-99.9-99.9-99.9-9.9 9914.9 98 12.9  12  9.8 1.6-9.9
5295020191021 23.2 11.8  0.009999-99.9-99.9-99.9-99.9 7.2 5616.2 86 14.1  10  8.218.9 6.4
5295020191022 25.4  9.9  0.009999-99.9-99.9-99.9-99.910.3 8016.0 74 13.8   5  4.024.1 8.1
5295020191023 26.7 12.2  0.009999-99.9-99.9-99.9-99.9 9.8 7615.9 69 13.8   5  4.023.4 9.3
5295020191024 29.2 13.2  0.009999-99.9-99.9-99.9-99.911.1 8516.5 61 14.4   5  4.225.511.3
5295020191025 29.6 15.6  0.009999-99.9-99.9-99.9-99.911.3 8714.5 53 12.5   8  6.326.117.0
5295020191026 32.8 14.4  0.009999-99.9-99.9-99.9-99.9 8.2 6318.9 59 16.4   9  7.421.015.1
5295020191027 28.3 22.9  0.009999-99.9-99.9-99.9-99.9 5.6 4323.5 75 20.0  19 15.516.621.9
5295020191028 39.6 21.1  0.009999-99.9-99.9-99.9-99.910.1 7726.5 61 21.9  12  9.724.120.5
5295020191029 37.4 23.2  0.009999-99.9-99.9-99.9-99.9 8.0 6129.8 74 24.0  12  9.220.715.8
5295020191030 31.5 19.8  3.419999-99.9-99.9-99.9-99.9 4.9 3828.5 85 23.1  14 11.515.613.4
5295020191031 24.8 18.1  0.009999-99.9-99.9-99.9-99.9-9.9 9923.4 92 20.0  13 10.3 6.6-9.9
5295020191101 32.5 19.5  0.009999-99.9-99.9-99.9-99.9 8.5 6427.0 78 22.3   9  7.421.710.3
5295020191102 30.5 22.0 15.619999-99.9-99.9-99.9-99.9 4.7 3626.5 79 21.9  14 11.015.414.4
5295020191103 26.5 19.9  6.019999-99.9-99.9-99.9-99.9 1.5 1125.0 95 21.1   5  3.9 9.9 3.5
5295020191104 23.8 20.6 29.819999-99.9-99.9-99.9-99.9-9.9 9925.3100 21.3   9  7.5 3.0-9.9
5295020191105 28.5 17.8  0.009999-99.9-99.9-99.9-99.9 9.4 7023.7 84 20.2  12  9.323.410.5
5295020191106 29.5 17.3  0.009999-99.9-99.9-99.9-99.9 9.7 7321.8 74 18.8   9  7.124.012.2
5295020191107 30.5 17.8  0.009999-99.9-99.9-99.9-99.911.7 8819.8 62 17.2   6  4.827.513.1
5295020191108 32.6 18.2  0.009999-99.9-99.9-99.9-99.911.0 8323.1 69 19.7   7  5.726.413.2
5295020191109 26.0 19.9  0.009999-99.9-99.9-99.9-99.9-9.9 9924.9 89 20.9   6  5.0 5.7-9.9
5295020191110 30.6 18.9  0.009999-99.9-99.9-99.9-99.9 6.6 4924.8 85 20.8  10  7.718.9 9.4
5295020191111 30.4 18.5  0.009999-99.9-99.9-99.9-99.910.8 8022.2 72 19.1  11  8.626.115.0
5295020191112 33.4 18.6 12.619999-99.9-99.9-99.9-99.9 6.9 5126.9 81 22.1   7  5.619.4 8.1
5295020191113 26.4 21.3  9.419999-99.9-99.9-99.9-99.9 0.6  527.2 95 22.4   5  3.7 8.7 3.8
5295020191114 32.6 18.9  0.009999-99.9-99.9-99.9-99.910.9 8025.6 76 21.3   7  5.826.412.1
5295020191115 30.9 18.7  0.009999-99.9-99.9-99.9-99.911.8 8716.6 50 14.4   5  4.127.914.6
5295020191116 31.4 17.3  0.009999-99.9-99.9-99.9-99.911.5 8517.6 56 15.4   6  4.627.614.1
5295020191117 31.3 17.5  0.009999-99.9-99.9-99.9-99.9 8.7 6416.7 52 14.6   5  4.222.713.1
5295020191118 34.7 17.2  0.009999-99.9-99.9-99.9-99.911.2 8219.3 55 16.9   6  4.827.115.0
5295020191119 34.7 18.7  0.009999-99.9-99.9-99.9-99.9 7.7 5620.3 56 17.6   5  3.821.012.5
5295020191120 37.2 20.1  0.009999-99.9-99.9-99.9-99.910.3 7526.1 64 21.5   5  3.925.512.7
5295020191121 31.8 24.3  0.009999-99.9-99.9-99.9-99.9 4.4 3228.2 77 23.1   8  6.615.411.6
5295020191122 32.5 22.5  0.009999-99.9-99.9-99.9-99.9 9.9 7227.4 77 22.5  11  8.624.914.7
5295020191123 29.4 18.7  0.009999-99.9-99.9-99.9-99.910.3 7521.4 72 18.4  11  9.025.716.6
5295020191124 29.8 16.5  0.009999-99.9-99.9-99.9-99.911.9 8718.8 65 16.5  12  9.328.518.4
5295020191125 36.1 19.2 72.219999-99.9-99.9-99.9-99.9 8.2 6024.2 73 20.4  16 13.122.116.8
5295020191126 26.0 20.2  8.219999-99.9-99.9-99.9-99.9-9.9 9925.9 98 21.6  13 10.4 5.3-9.9
5295020191127 28.6 18.5  0.009999-99.9-99.9-99.9-99.911.9 8620.3 70 17.6  11  8.628.616.6
5295020191128 29.5 14.4  0.009999-99.9-99.9-99.9-99.912.4 9018.2 65 15.9   7  5.529.514.0
5295020191129 33.1 15.2  0.009999-99.9-99.9-99.9-99.911.8 8622.8 67 19.4   5  4.328.511.6
5295020191130 26.1 21.6 14.419999-99.9-99.9-99.9-99.9-9.9 9926.8 95 22.2   4  3.3 5.5-9.9
5295020191201 29.5 19.3  0.009999-99.9-99.9-99.9-99.912.1 8818.9 60 16.3  10  8.329.119.0
5295020191202 22.1 14.6  1.219999-99.9-99.9-99.9-99.9-9.9 9914.9 74 12.9   5  4.0 7.5-9.9
5295020191203 29.0 13.3  0.009999-99.9-99.9-99.9-99.910.9 7916.8 64 14.7   5  4.427.011.4
5295020191204 23.2 16.5  0.819999-99.9-99.9-99.9-99.9 0.4  318.3 78 16.1   9  7.6 8.6 8.2
5295020191205 26.1 15.8  0.009999-99.9-99.9-99.9-99.912.5 9016.0 62 13.9   9  7.029.815.6
5295020191206 30.9 13.5  0.009999-99.9-99.9-99.9-99.912.6 9115.7 55 13.6   2  1.930.0 9.8
5295020191207 32.6 17.0  0.009999-99.9-99.9-99.9-99.911.8 8518.7 55 16.4   4  3.428.712.9
5295020191208 32.5 18.3  0.009999-99.9-99.9-99.9-99.9 7.0 5020.6 56 17.9   6  4.920.212.7
5295020191209 34.0 18.4  0.009999-99.9-99.9-99.9-99.911.3 8119.2 53 16.8   4  3.027.812.8
5295020191210 36.0 19.5  0.009999-99.9-99.9-99.9-99.911.2 8020.6 49 17.9   3  2.127.611.6
5295020191211 36.3 20.3  2.219999-99.9-99.9-99.9-99.911.8 8523.1 56 19.7   4  3.028.713.2
5295020191212 30.3 20.3  0.009999-99.9-99.9-99.9-99.9 3.7 2724.0 79 20.2   9  7.314.511.7
5295020191213 30.4 16.9  0.009999-99.9-99.9-99.9-99.911.5 8216.8 57 14.6  10  7.728.120.2
5295020191214 34.0 19.5 77.419999-99.9-99.9-99.9-99.910.1 7324.7 66 20.6  11  9.125.717.7
5295020191215 28.7 17.9  3.619999-99.9-99.9-99.9-99.9-9.9 9922.8100 19.6  13 10.5 5.5-9.9
5295020191216 30.8 18.8  0.009999-99.9-99.9-99.9-99.9 9.5 6827.4 91 22.3   4  3.324.7 7.0
5295020191217 32.2 17.2  0.009999-99.9-99.9-99.9-99.912.2 8722.9 67 19.5   4  3.129.411.2
5295020191218 31.9 17.8  0.009999-99.9-99.9-99.9-99.912.4 8920.4 62 17.8   6  4.729.814.5
5295020191219 34.3 18.0  0.009999-99.9-99.9-99.9-99.911.9 8521.5 56 18.6   5  4.029.014.0
5295020191220 34.9 17.9 64.619999-99.9-99.9-99.9-99.9 6.7 4827.2 83 22.1  13 10.419.814.0
5295020191221 26.6 17.4  0.009999-99.9-99.9-99.9-99.9 8.2 5923.8 96 20.1  12  9.322.4 6.2
5295020191222 27.7 14.7  0.009999-99.9-99.9-99.9-99.912.9 9219.1 72 16.7   5  3.630.610.6
5295020191223 29.7 13.9  0.009999-99.9-99.9-99.9-99.912.9 9217.0 61 14.9   3  2.230.610.2
5295020191224 32.4 17.3  0.009999-99.9-99.9-99.9-99.912.8 9119.4 56 17.0   8  6.130.416.8
5295020191225 36.0 19.3 75.219999-99.9-99.9-99.9-99.9 8.6 6127.7 69 22.5   6  5.023.011.5
5295020191226 31.1 22.6  6.019999-99.9-99.9-99.9-99.9-9.9 9930.2 91 24.2   7  5.5 6.5-9.9
5295020191227 35.9 23.0  0.009999-99.9-99.9-99.9-99.911.0 7933.4 77 25.9   6  4.827.311.5
5295020191228 36.6 23.9  0.009999-99.9-99.9-99.9-99.911.0 7932.0 70 25.1   5  4.027.313.1
5295020191229 37.3 26.1  0.009999-99.9-99.9-99.9-99.9 7.3 5233.2 73 25.8   5  3.920.811.2
5295020191230 35.8 23.8 10.019999-99.9-99.9-99.9-99.9 4.7 3433.5 81 25.8   6  4.616.2 8.6
5295020191231 32.6 23.7  0.009999-99.9-99.9-99.9-99.9 6.5 4630.6 84 24.4   9  7.519.410.3
5295020200101 31.1 22.7  0.009999-99.9-99.9-99.9-99.911.5 8327.3 76 22.5  11  9.228.215.8
5295020200102 30.3 21.8  0.009999-99.9-99.9-99.9-99.910.2 7324.6 73 20.8  11  8.725.916.0
5295020200103 30.9 19.8  0.009999-99.9-99.9-99.9-99.910.7 7722.4 69 19.3   8  6.826.815.1
5295020200104 31.5 19.2  0.009999-99.9-99.9-99.9-99.911.1 8022.0 65 18.9   7  5.527.414.2
5295020200105 33.5 18.9  0.009999-99.9-99.9-99.9-99.912.4 8923.3 66 19.9   4  2.829.611.7
5295020200106 27.2 21.1  0.619999-99.9-99.9-99.9-99.9 3.8 2823.3 84 19.9   9  7.414.710.6
5295020200107 29.4 16.7  0.009999-99.9-99.9-99.9-99.911.7 8418.8 63 16.5   7  5.328.413.8
5295020200108 34.5 16.3  0.009999-99.9-99.9-99.9-99.911.9 8621.9 59 18.8   5  4.028.912.8
5295020200109 34.6 24.6  0.009999-99.9-99.9-99.9-99.9 8.6 6231.9 75 25.1   6  5.023.012.2
5295020200110 34.2 24.4  6.019999-99.9-99.9-99.9-99.9 7.8 5631.4 82 24.7   9  7.321.512.5
5295020200111 33.7 21.2  0.009999-99.9-99.9-99.9-99.9 9.0 6527.8 76 22.8   7  5.323.710.7
5295020200112 34.8 22.3  0.009999-99.9-99.9-99.9-99.9 7.4 5429.8 75 23.9   5  4.120.9 9.7
5295020200113 35.6 22.3  0.009999-99.9-99.9-99.9-99.910.1 7428.9 69 23.4   7  6.025.614.7
5295020200114 35.6 24.0  0.009999-99.9-99.9-99.9-99.910.2 7432.8 76 25.6   7  5.925.712.6
5295020200115 37.3 20.6 40.419999-99.9-99.9-99.9-99.9 6.0 4330.5 93 24.2  13 10.618.313.8
5295020200116 28.8 21.2  0.009999-99.9-99.9-99.9-99.9 3.4 2526.9 91 22.0  10  7.813.8 6.0
5295020200117 29.2 14.4  0.009999-99.9-99.9-99.9-99.911.7 8618.4 66 16.1   8  6.228.414.4
5295020200118 32.9 18.9  0.009999-99.9-99.9-99.9-99.9 9.9 7222.3 65 19.1   4  2.925.1 9.9
5295020200119 37.3 23.9  0.009999-99.9-99.9-99.9-99.9 7.8 5731.3 73 24.7   7  5.521.411.9
5295020200120 30.4 23.6 35.019999-99.9-99.9-99.9-99.9-9.9 9931.4 94 24.8   7  5.8 3.1-9.9
5295020200121 26.3 23.2 18.419999-99.9-99.9-99.9-99.9-9.9 9929.9100 24.0   6  5.0 4.3-9.9
5295020200122 29.9 22.7  0.009999-99.9-99.9-99.9-99.9 2.9 2129.4 91 23.7  10  8.212.9 6.2
5295020200123 31.2 19.5  0.009999-99.9-99.9-99.9-99.911.3 8325.1 76 21.1   7  5.527.312.0
5295020200124 32.3 20.4  0.009999-99.9-99.9-99.9-99.911.8 8724.5 71 20.7   4  3.228.210.9
5295020200125 34.5 19.2  0.009999-99.9-99.9-99.9-99.911.4 8424.8 67 20.9   3  2.227.610.0
5295020200126 36.1 22.5  0.009999-99.9-99.9-99.9-99.910.8 7927.8 65 22.8   3  2.626.411.1
5295020200127 33.3 22.3  0.009999-99.9-99.9-99.9-99.9 9.8 7225.9 70 21.6   5  4.424.713.0
5295020200128 33.9 19.8  2.419999-99.9-99.9-99.9-99.9 9.4 6924.6 67 20.7   3  2.723.910.0
5295020200129 30.4 21.5 37.419999-99.9-99.9-99.9-99.9 1.9 1426.2 87 21.8   8  6.311.0 7.2
5295020200130 25.7 20.1  0.009999-99.9-99.9-99.9-99.9 1.8 1424.4 91 20.7   8  6.510.8 5.6
5295020200131 30.4 16.7  0.009999-99.9-99.9-99.9-99.912.2 9121.0 72 18.1   2  1.628.6 8.6
5295020200201 32.3 18.2  0.009999-99.9-99.9-99.9-99.911.4 8522.3 66 19.2   3  2.227.3 9.6
5295020200202 33.9 19.5  0.009999-99.9-99.9-99.9-99.911.7 8724.5 68 20.7   4  3.127.711.3
5295020200203 34.3 20.0  0.009999-99.9-99.9-99.9-99.911.4 8526.4 68 21.9   5  4.227.212.3
5295020200204 35.7 23.3  0.009999-99.9-99.9-99.9-99.9 9.8 7430.5 71 24.3   7  5.424.412.9
5295020200205 35.6 22.9 25.819999-99.9-99.9-99.9-99.9 8.1 6129.9 78 24.0  10  8.121.514.6
5295020200206 34.4 23.0  0.009999-99.9-99.9-99.9-99.9 8.9 6731.5 80 24.9   2  1.822.8 7.9
5295020200207 36.3 24.6  0.009999-99.9-99.9-99.9-99.9 6.9 5233.8 79 26.1   4  2.919.2 8.4
5295020200208 34.7 24.1  0.009999-99.9-99.9-99.9-99.910.4 7932.5 79 25.4  10  7.725.214.1
5295020200209 29.3 22.0  0.009999-99.9-99.9-99.9-99.9 5.3 4024.3 72 20.6  13 10.416.516.3
5295020200210 30.0 16.9  0.009999-99.9-99.9-99.9-99.910.6 8119.3 67 16.8   9  7.225.516.2
5295020200211 30.7 14.7  0.009999-99.9-99.9-99.9-99.911.6 8818.7 64 16.2   5  4.227.011.9
5295020200212 32.1 17.0  0.009999-99.9-99.9-99.9-99.911.3 8622.0 70 18.9   5  4.126.511.3
5295020200213 35.0 20.0  1.219999-99.9-99.9-99.9-99.9 7.5 5828.8 77 23.2   5  3.820.1 8.7
5295020200214 28.9 23.8 15.819999-99.9-99.9-99.9-99.9-9.9 9930.6 97 24.4   6  5.0 4.3-9.9
5295020200215 31.9 23.6  1.819999-99.9-99.9-99.9-99.9 2.9 2232.3 94 25.3   4  3.512.1 3.9
5295020200216 32.4 25.2  0.009999-99.9-99.9-99.9-99.9 6.7 5233.7 86 26.0   9  7.218.6 9.0
5295020200217 32.9 22.8 63.819999-99.9-99.9-99.9-99.9 3.1 2433.6 92 25.9   7  5.912.4 5.0
5295020200218 29.6 19.9  0.819999-99.9-99.9-99.9-99.9 2.9 2226.2 93 21.6   7  5.911.9 7.3
5295020200219 30.1 15.7  0.009999-99.9-99.9-99.9-99.911.7 9120.8 74 18.0   2  2.026.7 7.9
5295020200220 30.1 19.7  0.009999-99.9-99.9-99.9-99.911.0 8522.1 72 18.8  10  7.925.414.9
5295020200221 25.3 16.4  0.009999-99.9-99.9-99.9-99.911.2 8714.4 59 12.4  11  9.125.719.5
5295020200222 25.4 12.1  0.009999-99.9-99.9-99.9-99.911.6 9115.4 70 13.3   6  5.026.410.8
5295020200223 27.4 12.7  0.009999-99.9-99.9-99.9-99.911.2 8717.8 74 15.6   4  3.225.5 8.4
5295020200224 32.6 15.7  0.009999-99.9-99.9-99.9-99.911.0 8620.8 69 18.0   2  1.725.1 7.7
5295020200225 30.5 19.9  0.009999-99.9-99.9-99.9-99.9 4.9 3822.2 72 19.1   7  5.915.010.7
5295020200226 29.5 14.5  0.009999-99.9-99.9-99.9-99.911.4 8917.5 66 15.3   5  3.825.610.8
5295020200227 31.1 15.1  0.009999-99.9-99.9-99.9-99.911.2 8818.8 65 16.4   2  1.425.3 7.7
5295020200228 32.7 16.0  0.009999-99.9-99.9-99.9-99.910.9 8619.8 66 17.2   2  1.924.7 8.5
5295020200229 33.1 17.4  0.009999-99.9-99.9-99.9-99.910.7 8420.5 65 17.7   4  3.024.210.4
5295020200301 33.9 17.7  0.009999-99.9-99.9-99.9-99.911.1 8820.1 62 17.5   5  3.824.812.0
5295020200302 33.2 16.0  0.009999-99.9-99.9-99.9-99.911.1 8820.0 61 17.4   4  3.524.711.1
5295020200303 33.5 16.8  0.009999-99.9-99.9-99.9-99.911.2 8921.0 63 18.2   3  2.224.7 9.1
5295020200304 34.0 18.7  0.009999-99.9-99.9-99.9-99.9 9.7 7822.5 65 19.3   3  2.122.3 8.7
5295020200305 33.4 18.8  0.009999-99.9-99.9-99.9-99.910.9 8720.9 63 18.1   4  2.824.110.3
5295020200306 32.7 15.3  0.009999-99.9-99.9-99.9-99.910.5 8419.5 65 17.0   3  2.523.3 9.0
5295020200307 34.0 17.2  0.009999-99.9-99.9-99.9-99.910.5 8420.6 63 17.9   3  2.223.3 9.0
5295020200308 35.7 17.6  0.009999-99.9-99.9-99.9-99.910.5 8421.4 61 18.5   3  2.123.2 9.2
5295020200309 37.6 19.0  0.009999-99.9-99.9-99.9-99.9 9.9 8024.5 64 20.6   3  2.422.2 9.4
5295020200310 37.9 22.1  0.009999-99.9-99.9-99.9-99.9 8.4 6826.1 62 21.8   4  2.819.710.1
5295020200311 36.9 22.5  0.009999-99.9-99.9-99.9-99.9 7.5 6124.2 59 20.5   6  4.518.113.0
5295020200312 37.8 21.9  0.009999-99.9-99.9-99.9-99.9 8.2 6725.6 65 21.4   4  2.819.2 9.9
5295020200313 39.4 23.1  0.009999-99.9-99.9-99.9-99.9 7.5 6126.8 58 22.2   4  3.518.011.5
5295020200314 40.0 24.4 41.019999-99.9-99.9-99.9-99.9 7.7 6327.9 63 22.9   9  6.818.218.1
5295020200315 25.0 21.6 16.819999-99.9-99.9-99.9-99.9-9.9 9926.3 99 21.9  10  8.0 1.4-9.9
5295020200316 29.7 20.8  0.009999-99.9-99.9-99.9-99.9 4.4 3627.0 93 22.3   5  3.912.9 3.9
5295020200317 35.0 20.6 13.619999-99.9-99.9-99.9-99.9 7.9 6529.2 82 23.5   5  4.218.3 7.5
5295020200318 27.7 21.8  0.009999-99.9-99.9-99.9-99.9 3.0 2526.9 92 22.2   8  6.710.6 5.4
5295020200319 29.2 17.9  0.009999-99.9-99.9-99.9-99.910.3 8521.9 80 18.8   7  5.421.8 9.2
5295020200320 28.5 15.9  0.009999-99.9-99.9-99.9-99.910.7 8918.8 74 16.4   3  2.722.2 7.7
5295020200321 29.8 14.7  0.009999-99.9-99.9-99.9-99.910.8 9018.6 70 16.3   3  2.322.4 7.5
5295020200322 32.1 15.8  0.009999-99.9-99.9-99.9-99.910.6 8819.9 68 17.3   4  3.421.9 9.0
5295020200323 34.1 16.9  0.009999-99.9-99.9-99.9-99.910.4 8721.8 65 18.8   5  4.121.410.0
5295020200324 35.1 21.6  0.009999-99.9-99.9-99.9-99.9 9.8 8222.2 59 19.1   7  6.020.515.8
5295020200325 34.5 19.4  0.009999-99.9-99.9-99.9-99.9 9.7 8121.1 61 18.3   4  3.420.210.3
5295020200326 32.2 20.5  0.009999-99.9-99.9-99.9-99.9 3.3 2823.6 75 20.1   6  4.410.6 7.4
5295020200327 24.4 20.7  0.219999-99.9-99.9-99.9-99.9-9.9 9925.2 95 21.2   3  2.4 4.0-9.9
5295020200328 26.6 20.8  0.219999-99.9-99.9-99.9-99.9 0.1  126.0 94 21.7   2  1.9 5.9 2.0
5295020200329 29.9 19.9  0.009999-99.9-99.9-99.9-99.9 6.3 5326.6 89 22.0   2  1.914.8 4.2
5295020200330 32.6 19.2  0.009999-99.9-99.9-99.9-99.9 9.0 7726.4 80 21.8   3  2.318.7 6.2
5295020200331 30.1 20.4  0.009999-99.9-99.9-99.9-99.9 0.3  227.1 86 22.3   2  1.9 5.9 2.7
5295020200401 34.5 22.3 28.619999-99.9-99.9-99.9-99.9 5.4 4630.1 85 24.1   4  3.413.3 5.3
5295020200402 25.2 17.4  0.009999-99.9-99.9-99.9-99.9 9.8 8421.0 78 17.9  13 10.719.514.2
5295020200403 24.5 12.5  0.009999-99.9-99.9-99.9-99.910.6 9114.2 69 12.0   5  3.920.5 8.2
5295020200404 27.2 11.3  0.009999-99.9-99.9-99.9-99.910.2 8816.8 75 14.6   3  2.619.8 5.6
5295020200405 28.0 14.3  0.619999-99.9-99.9-99.9-99.9 4.5 3820.6 76 17.8   3  2.811.6 4.6
5295020200406 29.6 18.8  0.009999-99.9-99.9-99.9-99.9 8.5 7420.0 73 17.0  10  7.817.313.4
5295020200407 23.1  9.1  0.009999-99.9-99.9-99.9-99.9 9.9 8611.4 65  8.8   7  5.819.211.0
5295020200408 22.5  7.7  0.009999-99.9-99.9-99.9-99.9 9.8 8512.0 71  9.5   5  4.118.9 6.8
5295020200409 24.1  8.9  0.009999-99.9-99.9-99.9-99.9 9.7 8513.5 75 11.3   5  3.818.6 6.0
5295020200410 25.2  9.7  0.009999-99.9-99.9-99.9-99.9 9.1 7914.4 75 12.2   4  3.617.6 6.0
5295020200411 26.6  8.5  0.009999-99.9-99.9-99.9-99.910.0 8815.0 74 12.7   4  3.018.8 5.7
5295020200412 28.1 11.0  0.009999-99.9-99.9-99.9-99.9 9.9 8715.2 68 13.0   4  3.418.5 6.9
5295020200413 20.5 13.4  1.819999-99.9-99.9-99.9-99.9-9.9 9916.4 90 14.4   6  4.6 2.9-9.9
5295020200414 22.7 11.4  0.009999-99.9-99.9-99.9-99.9 9.4 8314.7 79 12.6   8  6.317.6 7.2
5295020200415 24.6  8.5  0.009999-99.9-99.9-99.9-99.9 9.6 8513.7 73 11.4   3  2.517.8 5.3
5295020200416 25.0  8.4  0.009999-99.9-99.9-99.9-99.9 9.6 8512.7 68 10.3   3  2.117.6 5.1
5295020200417 26.6  8.6  0.009999-99.9-99.9-99.9-99.9 9.6 8513.3 65 10.9   3  2.317.5 5.4
5295020200418 27.9 11.6  0.009999-99.9-99.9-99.9-99.9 9.5 8516.1 72 13.9   4  3.017.4 6.0
5295020200419 30.4 12.0  0.009999-99.9-99.9-99.9-99.9 9.5 8517.6 72 15.3   2  2.017.2 5.1
5295020200420 31.7 14.9  0.009999-99.9-99.9-99.9-99.9 9.2 8219.1 69 16.6   3  2.416.7 6.3
5295020200421 31.1 14.6  0.009999-99.9-99.9-99.9-99.9 8.9 8019.5 73 16.9   2  1.516.3 5.0
5295020200422 31.8 14.5  0.009999-99.9-99.9-99.9-99.9 9.1 8218.9 68 16.5   3  2.116.4 5.8
5295020200423 30.7 15.9  0.009999-99.9-99.9-99.9-99.9 7.6 6819.2 69 16.8   5  4.114.4 8.1
5295020200424 33.8 20.6  0.009999-99.9-99.9-99.9-99.9 8.4 7619.8 59 17.4  10  8.015.316.4
5295020200425 35.8 19.5  0.009999-99.9-99.9-99.9-99.9 7.7 6922.5 63 19.3   7  6.014.312.2
5295020200426 26.2 20.5  1.819999-99.9-99.9-99.9-99.9-9.9 9922.9 91 19.7   9  7.4 1.5-9.9
5295020200427 33.2 19.5  0.419999-99.9-99.9-99.9-99.9 3.6 3327.3 88 22.4  10  8.2 9.0 4.2
5295020200428 33.7 21.7  5.019999-99.9-99.9-99.9-99.9 6.1 5522.3 69 19.2  14 10.812.017.5
5295020200429 25.4 14.7  0.009999-99.9-99.9-99.9-99.9 8.2 7516.8 73 14.6   8  6.214.6 9.2
5295020200430 25.7 12.1  0.219999-99.9-99.9-99.9-99.9 5.6 5114.1 63 12.0   6  4.411.3 7.7
5295020200501 26.9 14.2  0.009999-99.9-99.9-99.9-99.9 8.5 7815.6 70 13.6   4  2.914.7 6.1
5295020200502 25.2 10.3  0.009999-99.9-99.9-99.9-99.9 9.2 8513.6 70 11.3   4  3.215.5 5.8
5295020200503 25.9  9.3  0.009999-99.9-99.9-99.9-99.9 6.9 6414.2 67 12.0   4  3.512.7 5.1
5295020200504 21.7 16.5 17.219999-99.9-99.9-99.9-99.9-9.9 9917.5 89 15.4   4  3.3 2.5-9.9
5295020200505 24.1 15.1  0.009999-99.9-99.9-99.9-99.9 4.0 3718.2 89 15.7  11  8.7 9.1 4.9
5295020200506 18.9  8.7  0.009999-99.9-99.9-99.9-99.9 8.0 7412.0 82  9.6   8  6.613.7 6.0
5295020200507 19.2  4.6  0.009999-99.9-99.9-99.9-99.9 8.9 8311.1 80  8.3   2  1.514.8 2.6
5295020200508 21.6  6.2  0.009999-99.9-99.9-99.9-99.9 9.4 8711.3 72  8.5   3  2.615.2 3.8
5295020200509 26.4  8.5  0.009999-99.9-99.9-99.9-99.9 9.2 8612.6 65 10.3   7  5.414.9 7.7
5295020200510 30.6 14.8  0.009999-99.9-99.9-99.9-99.9 7.6 7117.3 66 15.0  10  7.713.011.2
5295020200511 30.6 20.5  0.009999-99.9-99.9-99.9-99.9 7.1 6619.9 69 17.3   7  5.312.3 9.8
5295020200512 23.8 18.1  0.009999-99.9-99.9-99.9-99.9 1.6 1518.9 81 16.6  10  7.6 5.9 7.1
5295020200513 24.4 13.7  0.009999-99.9-99.9-99.9-99.9 8.0 7515.2 69 12.8   9  7.513.210.4
5295020200514 22.3  7.7  0.009999-99.9-99.9-99.9-99.9 9.1 8510.8 67  7.8   3  2.314.3 4.3
5295020200515 23.7  7.0  0.009999-99.9-99.9-99.9-99.9 8.0 7611.2 67  8.5   3  2.213.1 3.8
5295020200516 27.7 10.0  0.009999-99.9-99.9-99.9-99.9 8.3 7912.9 63 10.6   5  4.213.4 7.1
5295020200517 28.7 11.2  0.009999-99.9-99.9-99.9-99.9 8.5 8013.1 62 10.9   3  2.813.5 6.1
5295020200518 27.5  9.7  0.009999-99.9-99.9-99.9-99.9 8.5 8014.9 72 12.7   3  2.613.4 4.4
5295020200519 30.4 14.2  0.009999-99.9-99.9-99.9-99.9 8.0 7617.7 65 15.5   7  5.812.7 9.2
5295020200520 29.2 16.9  4.019999-99.9-99.9-99.9-99.9 3.8 3621.3 79 18.4   7  5.7 8.0 5.5
5295020200521 23.3 15.4 21.619999-99.9-99.9-99.9-99.9-9.9 9920.2 96 17.6  10  8.1 2.6-9.9
5295020200522 15.4 10.2 30.819999-99.9-99.9-99.9-99.9-9.9 9914.3100 12.2  20 15.8 1.9-9.9
5295020200523 16.6 10.3  0.009999-99.9-99.9-99.9-99.9 3.2 3113.5 96 11.4  13 10.1 7.3 2.4
5295020200524 19.3  5.3  0.009999-99.9-99.9-99.9-99.9 7.8 7411.8 83  9.1   4  3.012.2 2.5
5295020200525 22.7  9.3  0.009999-99.9-99.9-99.9-99.9 8.6 8311.6 66  9.1   9  6.913.1 8.2
5295020200526 22.4  5.6  0.009999-99.9-99.9-99.9-99.9 8.5 8112.5 79 10.1   2  1.412.9 2.5
5295020200527 24.1  9.3  0.009999-99.9-99.9-99.9-99.9 8.4 8114.1 77 11.9   5  3.712.8 4.0
5295020200528 26.9  9.1  0.009999-99.9-99.9-99.9-99.9 8.5 8215.2 77 12.9   3  2.112.8 3.2
5295020200529 28.0 10.0  0.009999-99.9-99.9-99.9-99.9 7.3 7015.7 75 13.5   3  2.711.4 3.8
5295020200530 26.1 11.8  2.619999-99.9-99.9-99.9-99.9 7.3 7116.3 84 14.0   8  6.611.5 5.1
5295020200531 15.5  8.2  0.009999-99.9-99.9-99.9-99.9 4.5 4410.9 80  8.2  11  8.8 8.5 7.0
5295020200601 15.9  5.4  0.009999-99.9-99.9-99.9-99.9 6.3 6010.2 81  7.1   4  3.610.3 2.8
5295020200602 17.6  2.9  0.009999-99.9-99.9-99.9-99.9 8.3 8110.0 81  6.6   2  1.612.4 1.9
5295020200603 19.5  3.0  0.009999-99.9-99.9-99.9-99.9 8.2 7911.2 80  8.3   7  5.712.2 3.3
5295020200604 19.6  8.7  3.219999-99.9-99.9-99.9-99.9 5.5 5314.0 89 11.8   9  7.3 9.3 2.3
5295020200605 14.3 11.4  3.219999-99.9-99.9-99.9-99.9-9.9 9914.5100 12.5   8  6.3 1.7-9.9
5295020200606 14.7 12.3  0.009999-99.9-99.9-99.9-99.9-9.9 9916.0100 14.0   6  5.0 2.4-9.9
5295020200607 18.6  6.6  0.009999-99.9-99.9-99.9-99.9 5.2 5014.5 98 12.3   2  1.3 9.0 1.3
5295020200608 23.7  9.0  0.009999-99.9-99.9-99.9-99.9 5.5 5317.8 90 15.4   3  2.7 9.3 1.3
5295020200609 24.4 13.2  0.009999-99.9-99.9-99.9-99.9 6.1 6016.1 77 14.0   6  4.7 9.9 4.9
5295020200610 23.0 11.7  0.009999-99.9-99.9-99.9-99.9 3.9 3816.9 95 14.6   3  2.7 7.6 1.6
5295020200611 20.6 11.1 12.219999-99.9-99.9-99.9-99.9 2.2 2118.1 98 15.7   5  4.3 5.7 0.9
5295020200612 25.8 17.2  0.219999-99.9-99.9-99.9-99.9 2.1 2123.8 95 20.1   5  3.7 5.7 1.4
5295020200613 19.7  7.9  0.009999-99.9-99.9-99.9-99.9 8.3 8110.1 61  6.4  12  9.812.114.2
5295020200614 17.5  1.4  0.009999-99.9-99.9-99.9-99.9 8.1 79 8.0 67  3.6   6  5.111.9 5.0
5295020200615 21.8  9.6  0.009999-99.9-99.9-99.9-99.9 3.2 3113.8 78 11.3   6  5.1 6.8 3.1
5295020200616 30.3 15.8  0.009999-99.9-99.9-99.9-99.9 5.8 5722.6 76 19.4  11  8.6 9.5 8.0
5295020200617 30.2 20.8  0.009999-99.9-99.9-99.9-99.9 5.9 5820.9 63 18.2  15 11.8 9.618.1
5295020200618 26.5 13.2  0.009999-99.9-99.9-99.9-99.9 6.1 6016.7 83 14.5   8  6.6 9.8 8.9
5295020200619 30.2 10.3  0.009999-99.9-99.9-99.9-99.9 6.5 6320.8 83 17.6   5  4.010.1 2.0
5295020200620 32.8 16.7  0.009999-99.9-99.9-99.9-99.9 6.3 6123.6 75 20.0   6  5.0 9.9 5.6
5295020200621 30.5 18.8  0.219999-99.9-99.9-99.9-99.9 5.8 5722.1 81 18.9   7  5.6 9.5 7.7
5295020200622 26.6 14.7  0.619999-99.9-99.9-99.9-99.9 0.6  621.5 94 18.4   6  5.1 4.1 1.1
5295020200623 31.6 19.2  0.009999-99.9-99.9-99.9-99.9 2.8 2824.0 78 20.3   6  4.7 6.4 4.9
5295020200624 22.8 15.6  3.619999-99.9-99.9-99.9-99.9 1.2 1221.0 99 18.2   9  7.0 4.7 3.0
5295020200625 17.0  8.3  0.009999-99.9-99.9-99.9-99.9 7.6 7412.2 81  9.5  13 10.311.3 7.7
5295020200626 15.9  4.3  0.009999-99.9-99.9-99.9-99.9 5.8 57 8.9 71  5.2   5  3.7 9.5 3.5
5295020200627 18.3  2.6  0.009999-99.9-99.9-99.9-99.9 8.2 80 8.5 69  4.4   5  3.812.0 4.2
5295020200628 20.1  3.5  0.009999-99.9-99.9-99.9-99.9 7.0 68 9.9 72  6.4   6  4.910.7 4.2
5295020200629 16.0 10.0  0.009999-99.9-99.9-99.9-99.9-9.9 9915.4 99 13.3   5  4.1 1.5-9.9
5295020200630 15.6 12.1  0.219999-99.9-99.9-99.9-99.9 1.3 1214.7 94 12.6  14 10.8 4.8 3.7
5295020200701 12.3  7.9  0.009999-99.9-99.9-99.9-99.9-9.9 9910.7 89  8.0   8  6.1 2.5-9.9
5295020200702 15.5  5.2  0.009999-99.9-99.9-99.9-99.9 7.6 7410.3 86  7.2   2  1.811.5 1.6
5295020200703 18.4  3.8  0.009999-99.9-99.9-99.9-99.9 7.9 7710.3 78  7.2   6  4.711.8 2.9
5295020200704 20.2  5.4  0.009999-99.9-99.9-99.9-99.9 2.9 2812.5 81 10.0   5  4.2 6.6 2.8
5295020200705 19.8 11.5  0.009999-99.9-99.9-99.9-99.9 5.0 4814.2 86 12.0   9  7.2 8.8 4.6
5295020200706 17.8  5.9  0.219999-99.9-99.9-99.9-99.9 5.6 5411.5 85  8.9  11  9.0 9.4 4.3
5295020200707 11.2  8.5  4.419999-99.9-99.9-99.9-99.9-9.9 9911.1 97  8.5  12  9.6 1.4-9.9
5295020200708 16.1  7.8  0.009999-99.9-99.9-99.9-99.9 6.1 5911.6 93  9.0   6  4.410.1 2.1
5295020200709 17.7  1.9  0.009999-99.9-99.9-99.9-99.9 8.0 7810.3 82  7.1   3  2.312.1 1.8
5295020200710 20.8  6.4  0.009999-99.9-99.9-99.9-99.9 4.1 3913.6 81 11.2   7  5.6 8.0 2.5
5295020200711 20.3 12.3  0.009999-99.9-99.9-99.9-99.9 4.0 3914.1 77 12.1   8  6.6 7.9 6.3
5295020200712 20.4  8.8  0.009999-99.9-99.9-99.9-99.9 6.7 6512.5 79  9.9   5  3.710.8 4.0
5295020200713 19.3  4.9  0.009999-99.9-99.9-99.9-99.9 8.0 77 8.4 65  4.2   6  5.212.3 6.7
5295020200714 16.4  1.7  0.009999-99.9-99.9-99.9-99.9 8.5 82 7.0 64  1.5   3  2.412.9 3.5
5295020200715 19.3 -0.4  3.219999-99.9-99.9-99.9-99.9 4.9 47 7.3 56  2.1   5  4.3 9.0 5.4
5295020200716 18.3  9.9  0.009999-99.9-99.9-99.9-99.9 2.3 2212.9 88 10.6   8  6.5 6.2 3.8
5295020200717 19.2 10.3  0.009999-99.9-99.9-99.9-99.9 0.3  316.3100 14.1   8  6.4 4.1 0.8
5295020200718 32.8 16.0  0.009999-99.9-99.9-99.9-99.9 7.4 7020.3 61 17.6  11  8.511.813.7
5295020200719 33.1 19.9  0.009999-99.9-99.9-99.9-99.9 7.4 7018.4 56 16.2  10  8.011.916.6
5295020200720 30.7 21.6  0.009999-99.9-99.9-99.9-99.9 3.8 3618.9 56 16.6  10  7.6 8.015.3
5295020200721 30.5 20.9  0.009999-99.9-99.9-99.9-99.9 3.9 3719.7 65 17.2   6  5.2 8.1 9.9
5295020200722 21.3 15.5  0.009999-99.9-99.9-99.9-99.9 1.5 1418.8 93 16.5   8  6.1 5.5 3.5
5295020200723 15.5  9.5  3.219999-99.9-99.9-99.9-99.9-9.9 9914.3100 12.2  10  8.3 1.3-9.9
5295020200724  9.6  7.2 12.219999-99.9-99.9-99.9-99.9-9.9 9910.4100  7.6   8  6.5 1.1-9.9
5295020200725 18.2  3.4  0.009999-99.9-99.9-99.9-99.9 8.5 8110.2 81  6.9   4  3.313.6 2.5
5295020200726 20.4  4.3  0.009999-99.9-99.9-99.9-99.9 8.6 81 9.8 70  6.5   5  4.113.7 4.8
5295020200727 24.4  7.5  0.009999-99.9-99.9-99.9-99.9 5.5 5211.9 66  9.2   6  5.110.2 6.5
5295020200728 15.5  4.5  0.009999-99.9-99.9-99.9-99.9 8.7 82 6.5 58  0.7  12  9.813.915.5
5295020200729 15.8 -0.8  0.009999-99.9-99.9-99.9-99.9 8.9 83 6.6 64  0.7   3  2.714.2 3.7
5295020200730 19.0 -0.7  0.009999-99.9-99.9-99.9-99.9 8.5 80 8.1 70  3.5   4  3.513.9 3.6
5295020200731 22.7  6.1  0.009999-99.9-99.9-99.9-99.9 3.3 3113.2 82 10.7   3  2.5 7.9 2.0
5295020200801 30.8 10.9  0.009999-99.9-99.9-99.9-99.9 7.6 7118.7 74 16.2   6  4.913.0 5.5
5295020200802 32.8 18.3  0.009999-99.9-99.9-99.9-99.9 5.4 5018.0 57 15.8   7  5.410.511.0
5295020200803 31.5 19.8  0.009999-99.9-99.9-99.9-99.9 8.2 7615.3 49 13.2   9  7.113.817.4
5295020200804 33.0 13.9  0.009999-99.9-99.9-99.9-99.9 7.6 7016.6 60 14.5   8  6.213.112.1
5295020200805 32.3 18.5  0.009999-99.9-99.9-99.9-99.9 6.9 6316.0 49 14.0  10  7.912.417.9
5295020200806 32.2 15.1  0.009999-99.9-99.9-99.9-99.9 6.8 6215.4 53 13.3   5  4.212.410.6
5295020200807 28.8 14.0  0.419999-99.9-99.9-99.9-99.9 2.8 2616.7 69 14.6   3  2.5 7.7 4.7
5295020200808 32.8 17.4  0.009999-99.9-99.9-99.9-99.9 6.8 6217.7 60 15.4   5  3.612.5 7.8
5295020200809 33.2 14.8  0.009999-99.9-99.9-99.9-99.9 7.0 6415.9 56 13.8   6  4.512.910.7
5295020200810 32.9 18.2  0.219999-99.9-99.9-99.9-99.9 5.8 5314.3 51 12.1  13 10.311.524.4
5295020200811 19.6  9.3  0.009999-99.9-99.9-99.9-99.9-9.9 99 6.1 46 -0.1  13 10.1 2.3-9.9
5295020200812 17.2  5.3  0.009999-99.9-99.9-99.9-99.9 3.5 32 7.0 57  1.9   7  5.7 8.8 8.1
5295020200813 21.7  4.0  0.009999-99.9-99.9-99.9-99.9 8.6 7810.0 70  6.7   4  2.915.2 4.1
5295020200814 17.5  8.0  0.219999-99.9-99.9-99.9-99.9-9.9 9913.9 98 11.7   3  2.3 3.4-9.9
5295020200815 20.6  7.8  0.009999-99.9-99.9-99.9-99.9 4.6 4212.2 88  9.4   5  4.210.4 3.2
5295020200816 22.1  3.5  0.009999-99.9-99.9-99.9-99.9 9.1 82 7.8 53  3.0   4  2.816.1 6.0
5295020200817 25.8  4.4  0.009999-99.9-99.9-99.9-99.9 9.4 84 6.9 42  1.3   4  2.916.5 7.5
5295020200818 26.4  5.9  0.009999-99.9-99.9-99.9-99.9 8.6 78 9.3 53  5.5   4  2.915.7 6.8
5295020200819 18.4  8.8  0.009999-99.9-99.9-99.9-99.9 7.4 66 7.8 53  3.2  15 12.114.220.5
5295020200820 15.0  2.2  0.009999-99.9-99.9-99.9-99.9 8.5 76 6.3 60  0.2   8  6.015.8 8.9
5295020200821 17.4  0.8  0.009999-99.9-99.9-99.9-99.9 9.4 83 5.4 46 -2.1   2  1.916.9 4.7
5295020200822 20.3  1.1  0.009999-99.9-99.9-99.9-99.9 9.2 82 7.1 57  1.9   5  3.916.8 7.2
5295020200823 25.1  4.7  0.009999-99.9-99.9-99.9-99.9 9.1 8110.6 59  7.6   8  6.416.8 9.7
5295020200824 29.8 11.6  0.009999-99.9-99.9-99.9-99.9 8.7 7716.0 64 13.8  11  8.616.312.5
5295020200825 33.6 21.8  0.009999-99.9-99.9-99.9-99.9 1.8 1618.9 54 16.6  12  9.4 7.319.2
5295020200826 35.3 23.1  0.009999-99.9-99.9-99.9-99.9 6.4 5617.7 49 15.5  13 10.113.5-9.9
5295020200827 25.8 17.8  1.019999-99.9-99.9-99.9-99.9 0.5  421.1 89 18.3  12  9.3 5.6 6.7
5295020200828 27.6 18.1  0.009999-99.9-99.9-99.9-99.9 5.7 5022.3 86 19.2   4  3.412.7 4.3
5295020200829 29.1 15.7  0.009999-99.9-99.9-99.9-99.9 5.0 4421.4 84 18.3  11  9.211.9 7.8
5295020200830 18.9 12.7  0.009999-99.9-99.9-99.9-99.9 1.6 1412.0 69  9.5  16 13.0 7.315.3
5295020200831 17.7  9.2  7.219999-99.9-99.9-99.9-99.9 0.3  3 8.9 60  5.3  15 12.3 5.617.3
5295020200901 10.2  7.1  6.019999-99.9-99.9-99.9-99.9-9.9 9911.3100  8.7  15 11.7 1.3-9.9
5295020200902 11.6  8.7  4.019999-99.9-99.9-99.9-99.9-9.9 9912.3100 10.0   5  4.2 2.0-9.9
5295020200903 17.2  8.2  0.219999-99.9-99.9-99.9-99.9 3.8 3212.9 92 10.6   7  5.410.5 2.8
5295020200904 22.9  5.1  0.009999-99.9-99.9-99.9-99.9 9.6 8212.7 77 10.2   5  4.018.7 4.9
5295020200905 24.4  8.2  9.019999-99.9-99.9-99.9-99.9 7.4 6414.7 77 12.5   9  7.415.8 6.7
5295020200906 18.5 12.5  0.009999-99.9-99.9-99.9-99.9-9.9 9916.1 94 14.1  13 10.0 4.6-9.9
5295020200907 22.3 11.9  0.009999-99.9-99.9-99.9-99.9 7.3 6215.5 79 13.5  12  9.915.7 8.9
5295020200908 24.3  9.7  0.009999-99.9-99.9-99.9-99.9 8.0 6815.6 83 13.5   7  5.316.9 6.0
5295020200909 26.7 12.3  0.009999-99.9-99.9-99.9-99.9 5.9 5019.2 86 16.6   5  4.313.9 4.4
5295020200910 28.9 11.9  0.009999-99.9-99.9-99.9-99.9 9.3 7916.7 69 14.5   7  5.218.9 9.0
5295020200911 25.9 15.9 18.819999-99.9-99.9-99.9-99.9 1.0  820.2 85 17.4  10  7.8 7.0 6.3
5295020200912 21.3 14.2  3.219999-99.9-99.9-99.9-99.9-9.9 9918.6100 16.4  12  9.7 2.4-9.9
5295020200913 23.3 15.6  0.009999-99.9-99.9-99.9-99.9 2.7 2220.5 97 17.8  10  7.7 9.5 2.5
5295020200914 19.1 10.9  0.009999-99.9-99.9-99.9-99.9 6.8 5711.4 64  8.6  12  9.715.614.0
5295020200915 22.4  7.9  6.619999-99.9-99.9-99.9-99.9 6.8 5711.0 65  8.3   6  4.815.7 7.4
5295020200916 24.4 12.1  0.009999-99.9-99.9-99.9-99.9 6.9 5714.4 74 12.3   4  3.615.9 6.1
5295020200917 27.5  9.3  0.009999-99.9-99.9-99.9-99.910.1 8413.1 64 10.7   2  1.920.8 6.2
5295020200918 32.9 10.6  0.009999-99.9-99.9-99.9-99.9 9.6 8014.5 55 12.2   4  3.020.1 8.8
5295020200919 22.1 12.2  0.009999-99.9-99.9-99.9-99.9 4.0 33 9.8 51  6.3  14 10.911.822.5
5295020200920 20.6  4.4  0.009999-99.9-99.9-99.9-99.910.5 87 7.7 55  3.1   7  5.421.711.0
5295020200921 23.8  4.5  0.009999-99.9-99.9-99.9-99.910.7 89 7.9 48  3.4   5  4.322.110.6
5295020200922 26.3  5.6  0.009999-99.9-99.9-99.9-99.910.7 88 8.8 47  5.0   6  5.122.212.4
5295020200923 32.8  9.5  0.009999-99.9-99.9-99.9-99.9 8.8 7214.7 56 12.4   5  4.119.4 9.7
5295020200924 34.6 16.3  0.009999-99.9-99.9-99.9-99.9 8.4 6917.4 53 15.2   8  6.418.916.8
5295020200925 33.2 20.7  0.009999-99.9-99.9-99.9-99.9 1.1  919.7 57 17.1  11  9.1 7.918.6
5295020200926 41.7 22.6 20.419999-99.9-99.9-99.9-99.9 5.5 4521.9 51 18.9  11  8.814.622.8
5295020200927 25.8 16.4  0.009999-99.9-99.9-99.9-99.9 4.3 3518.0 79 15.7  17 13.312.814.8
5295020200928 25.5  9.3  0.009999-99.9-99.9-99.9-99.910.5 8513.6 67 11.3   4  3.222.5 8.2
5295020200929 30.5 11.7  0.009999-99.9-99.9-99.9-99.9 9.6 7815.9 60 13.9   8  6.121.312.2
5295020200930 40.8 18.8  0.009999-99.9-99.9-99.9-99.9 7.8 6321.7 49 18.6   8  6.218.516.3
5295020201001 31.7 24.0  7.419999-99.9-99.9-99.9-99.9 6.8 5523.6 70 20.0  10  8.217.118.4
5295020201002 24.0 13.7  0.819999-99.9-99.9-99.9-99.9-9.9 9914.6 87 12.6  19 15.1 5.3-9.9
5295020201003 14.2  9.5  0.009999-99.9-99.9-99.9-99.9-9.9 9912.2 86  9.9  19 15.1 2.5-9.9
5295020201004 16.8 11.1  0.009999-99.9-99.9-99.9-99.9-9.9 9914.5 91 12.5   8  6.6 6.0-9.9
5295020201005 17.0 11.8  0.009999-99.9-99.9-99.9-99.9 0.1  114.4 91 12.4   9  6.9 6.6 3.9
5295020201006 24.3  6.7  0.009999-99.9-99.9-99.9-99.9 7.1 5614.6 76 12.3   4  3.317.8 5.3
5295020201007 26.7 12.4  0.009999-99.9-99.9-99.9-99.9 7.4 5915.6 69 13.5   6  4.918.4 9.2
5295020201008 29.9 14.4  0.009999-99.9-99.9-99.9-99.910.3 8215.3 55 13.2   9  7.523.116.7
5295020201009 30.8 13.9  0.009999-99.9-99.9-99.9-99.910.5 8314.7 56 12.5   6  4.523.512.7
5295020201010 29.6 12.7  0.009999-99.9-99.9-99.9-99.910.2 8112.3 49 10.0   8  6.023.116.4
5295020201011 30.8 14.9  0.009999-99.9-99.9-99.9-99.9 9.5 7513.3 49 11.1   7  5.622.215.4
5295020201012 27.4 12.2  0.009999-99.9-99.9-99.9-99.9 9.9 7812.6 54 10.3   8  6.422.815.8
5295020201013 29.0 11.2  0.819999-99.9-99.9-99.9-99.9 9.9 7813.2 55 11.0   6  5.122.912.8
5295020201014 20.1 15.2  4.819999-99.9-99.9-99.9-99.9-9.9 9916.1 89 14.0   6  4.8 0.8-9.9
5295020201015 30.2 15.1  0.009999-99.9-99.9-99.9-99.910.2 8017.7 65 15.4   8  6.323.612.6
5295020201016 32.2 14.1  0.009999-99.9-99.9-99.9-99.9 9.2 7118.9 65 16.4   5  3.821.9 9.7
5295020201017 34.1 20.1 31.819999-99.9-99.9-99.9-99.9 2.9 2323.6 82 20.0   8  6.211.7 8.9
5295020201018 35.2 20.0  0.009999-99.9-99.9-99.9-99.9 9.7 7624.3 62 20.5   8  6.423.014.9
5295020201019 38.5 22.5  0.009999-99.9-99.9-99.9-99.9 9.1 7123.2 53 19.8   7  5.922.118.1
5295020201020 31.6 21.5  0.009999-99.9-99.9-99.9-99.9 7.0 5423.0 69 19.7  13 10.818.618.5
5295020201021 30.1 16.0  0.009999-99.9-99.9-99.9-99.9 7.3 5621.1 74 18.2  14 11.219.214.8
5295020201022 33.2 19.5  0.009999-99.9-99.9-99.9-99.9 7.0 5424.8 70 20.9   9  7.318.813.1
5295020201023 31.7 22.6  0.009999-99.9-99.9-99.9-99.9 2.8 2126.0 79 21.7  10  8.111.710.6
5295020201024 32.1 20.4  0.009999-99.9-99.9-99.9-99.9 8.5 6523.6 68 20.1   9  7.521.414.9
5295020201025 37.5 20.6 48.419999-99.9-99.9-99.9-99.9 6.2 4824.4 70 20.6  16 12.617.618.7
5295020201026 26.5 18.1  0.009999-99.9-99.9-99.9-99.9 6.1 4722.0 85 18.8  12  9.817.5 9.9
5295020201027 27.9 12.3  0.009999-99.9-99.9-99.9-99.911.7 8916.3 67 14.1   5  4.026.810.4
5295020201028 31.0 13.3  0.009999-99.9-99.9-99.9-99.911.0 8417.6 57 15.3  10  8.025.816.4
5295020201029 24.4 13.1  0.009999-99.9-99.9-99.9-99.910.6 8013.1 64 10.8  15 12.325.122.3
5295020201030 23.4 10.0  0.009999-99.9-99.9-99.9-99.9 7.2 5512.6 63 10.3   9  7.619.513.1
5295020201031 26.7 10.2  0.009999-99.9-99.9-99.9-99.911.6 8713.8 61 11.5  10  7.926.915.7
5295020201101 27.5 10.9  0.009999-99.9-99.9-99.9-99.911.7 8814.3 63 12.1   8  6.127.213.9
5295020201102 28.4 11.2  0.009999-99.9-99.9-99.9-99.911.8 8914.3 59 12.2   7  5.827.414.2
5295020201103 29.7 11.9  0.009999-99.9-99.9-99.9-99.911.6 8714.9 58 12.7   8  6.527.215.7
5295020201104 28.2 14.6  0.009999-99.9-99.9-99.9-99.911.8 8813.7 53 11.4  11  9.227.521.5
5295020201105 28.3 12.5  0.009999-99.9-99.9-99.9-99.912.1 9011.7 47  9.2  11  8.628.122.1
5295020201106 29.8 13.1  0.009999-99.9-99.9-99.9-99.911.3 8415.4 57 13.3   8  6.126.815.5
5295020201107 31.7 14.1  0.009999-99.9-99.9-99.9-99.9 9.8 7317.0 59 14.8   9  7.124.316.5
5295020201108 30.8 17.7  4.219999-99.9-99.9-99.9-99.9 3.2 2420.8 72 18.1   8  6.613.010.4
5295020201109 30.7 18.6  0.009999-99.9-99.9-99.9-99.9 7.5 5623.2 80 19.7   6  5.020.4 9.3
5295020201110 31.5 16.3  0.009999-99.9-99.9-99.9-99.9 9.2 6821.6 70 18.6   5  4.123.410.6
5295020201111 30.0 17.4  0.009999-99.9-99.9-99.9-99.9 7.6 5619.9 64 17.3   7  5.520.612.6
5295020201112 31.6 16.6  0.009999-99.9-99.9-99.9-99.911.4 8418.1 58 15.7   7  5.327.215.4
5295020201113 33.5 15.5  0.009999-99.9-99.9-99.9-99.911.7 8617.5 55 15.2   5  3.827.713.5
5295020201114 31.2 16.5 27.419999-99.9-99.9-99.9-99.9-9.9 9919.1 84 16.7  15 12.1 5.5-9.9
5295020201115 30.5 17.5  0.009999-99.9-99.9-99.9-99.910.5 7823.5 79 20.0   9  6.925.910.4
5295020201116 30.3 19.0  0.009999-99.9-99.9-99.9-99.910.9 8017.6 59 15.2  11  8.526.520.8
5295020201117 29.9 13.3  9.619999-99.9-99.9-99.9-99.911.1 8112.7 46 10.5   7  5.826.917.8
5295020201118 29.5 17.1  0.009999-99.9-99.9-99.9-99.9 7.1 5214.6 53 12.6   5  3.720.111.7
5295020201119 31.9 13.7  0.009999-99.9-99.9-99.9-99.911.5 8416.5 56 14.4   4  3.227.611.7
5295020201120 30.6 15.3  0.009999-99.9-99.9-99.9-99.911.5 8417.1 58 14.8   6  4.827.714.1
5295020201121 30.9 15.1  0.009999-99.9-99.9-99.9-99.911.1 8114.9 51 12.8   7  5.327.116.0
5295020201122 33.2 15.7  0.009999-99.9-99.9-99.9-99.911.9 8715.6 48 13.5   6  5.128.417.2
5295020201123 38.5 14.0  0.009999-99.9-99.9-99.9-99.912.4 9015.5 40 13.3   7  5.929.420.9
5295020201124 40.4 21.7  0.009999-99.9-99.9-99.9-99.911.3 8217.1 32 15.0  10  8.227.5-9.9
5295020201125 31.5 22.0 19.219999-99.9-99.9-99.9-99.9 1.7 1322.1 69 19.0  14 11.010.921.8
5295020201126 30.9 21.0  0.009999-99.9-99.9-99.9-99.9 6.0 4425.6 78 21.4   5  3.918.4 7.8
5295020201127 33.0 19.7  0.009999-99.9-99.9-99.9-99.910.4 7526.3 75 21.9   8  6.626.012.8
5295020201128 36.3 17.9 25.819999-99.9-99.9-99.9-99.9 7.6 5526.7 78 21.9  13 10.621.118.2
5295020201129 28.2 18.2 17.419999-99.9-99.9-99.9-99.9 3.9 2827.9 98 22.7  11  9.014.7 3.8
5295020201130 30.7 19.6  0.009999-99.9-99.9-99.9-99.9 9.2 6725.5 80 21.3  10  7.724.111.2
5295020201201 32.4 19.8  0.009999-99.9-99.9-99.9-99.910.3 7426.5 76 21.9   7  5.925.912.1
5295020201202 27.3 19.7 77.419999-99.9-99.9-99.9-99.9-9.9 9925.8 93 21.5   8  6.7 5.2-9.9
5295020201203 30.0 20.0  0.009999-99.9-99.9-99.9-99.9 9.5 6924.8 82 20.9   7  5.724.6 9.6
5295020201204 30.1 18.9  0.009999-99.9-99.9-99.9-99.910.6 7619.8 63 17.2  14 11.126.521.6
5295020201205 25.8 14.5  0.009999-99.9-99.9-99.9-99.912.0 8614.6 61 12.5  15 11.728.923.1
5295020201206 27.8 13.4  0.009999-99.9-99.9-99.9-99.911.4 8216.2 64 14.1   7  5.827.913.3
5295020201207 28.8 15.1  0.009999-99.9-99.9-99.9-99.912.2 8818.1 66 15.8   6  5.229.413.3
5295020201208 31.0 15.6  0.009999-99.9-99.9-99.9-99.912.5 9019.2 64 16.8   5  4.129.912.6
5295020201209 32.9 16.4  0.009999-99.9-99.9-99.9-99.912.3 8820.8 62 18.0   5  4.329.513.5
5295020201210 34.9 18.1  0.009999-99.9-99.9-99.9-99.912.4 8921.6 58 18.6   6  5.029.615.8
5295020201211 38.1 22.0  0.009999-99.9-99.9-99.9-99.910.9 7823.6 55 20.1  11  8.527.123.4
5295020201212 36.0 20.3 57.219999-99.9-99.9-99.9-99.9 1.5 1125.3 82 21.2  14 11.310.613.4
5295020201213 24.8 19.1 20.619999-99.9-99.9-99.9-99.9-9.9 9922.7 95 19.5  10  8.2 1.8-9.9
5295020201214 26.9 13.4  0.009999-99.9-99.9-99.9-99.911.0 7919.4 78 16.9   6  4.627.3 9.6
5295020201215 32.6 17.3  0.009999-99.9-99.9-99.9-99.910.4 7524.7 75 20.7   5  4.126.310.0
5295020201216 31.6 21.8  0.009999-99.9-99.9-99.9-99.9 6.0 4325.2 76 21.2   6  4.418.6 9.5
5295020201217 33.5 19.2  0.009999-99.9-99.9-99.9-99.911.7 8423.2 64 19.8   4  3.228.612.2
5295020201218 34.5 20.2 42.819999-99.9-99.9-99.9-99.910.8 7725.5 62 21.3   7  5.226.914.2
5295020201219 29.6 18.9  6.419999-99.9-99.9-99.9-99.9 4.2 3027.0100 22.2  11  8.915.4 7.6
5295020201220 27.4 17.8  0.009999-99.9-99.9-99.9-99.912.0 8620.4 73 17.7  11  9.029.115.9
5295020201221 28.4 16.2  0.009999-99.9-99.9-99.9-99.912.6 9117.0 61 14.8   7  5.630.215.3
5295020201222 29.4 14.7  0.009999-99.9-99.9-99.9-99.913.1 9415.1 52 13.0   5  4.431.114.8
5295020201223 31.4 15.3  0.009999-99.9-99.9-99.9-99.912.5 8918.8 60 16.4   5  4.429.913.5
5295020201224 34.6 17.6  0.009999-99.9-99.9-99.9-99.912.2 8722.6 62 19.4   5  4.029.413.2
5295020201225 32.7 22.2  1.419999-99.9-99.9-99.9-99.9 3.3 2327.2 83 22.4   7  5.413.7 8.4
5295020201226 31.3 22.0  9.419999-99.9-99.9-99.9-99.9 2.3 1726.4 82 21.9   3  2.612.1 5.5
5295020201227 33.2 20.1  0.009999-99.9-99.9-99.9-99.910.2 7327.5 76 22.5   4  3.426.010.0
5295020201228 34.6 21.6  0.009999-99.9-99.9-99.9-99.910.4 7427.9 71 22.8   4  3.326.211.1
5295020201229 36.4 22.9  0.009999-99.9-99.9-99.9-99.910.9 7828.0 64 22.9   2  2.027.210.8
5295020201230 35.9 23.2  2.819999-99.9-99.9-99.9-99.9 7.4 5326.9 76 21.9  13 10.121.018.4
5295020201231 28.0 15.5  0.009999-99.9-99.9-99.9-99.912.6 9016.3 63 14.2   8  6.030.015.5
5295020210101 30.3 14.7  0.009999-99.9-99.9-99.9-99.912.5 9016.1 53 14.1   6  4.629.914.7
5295020210102 33.0 17.2  0.009999-99.9-99.9-99.9-99.912.3 8818.7 52 16.4   8  6.529.619.1
5295020210103 33.1 17.6  0.009999-99.9-99.9-99.9-99.911.1 8019.8 58 17.3   9  7.127.518.2
5295020210104 34.5 19.6  0.009999-99.9-99.9-99.9-99.9 8.5 6122.5 62 19.3   4  2.823.010.3
5295020210105 35.4 21.6  0.009999-99.9-99.9-99.9-99.9 9.3 6725.2 63 21.1   6  4.624.313.9
5295020210106 30.3 20.3  0.009999-99.9-99.9-99.9-99.9 9.7 7022.0 67 19.0   9  6.825.016.2
5295020210107 33.2 18.2  0.009999-99.9-99.9-99.9-99.912.2 8818.9 53 16.5   4  3.029.313.0
5295020210108 35.4 18.6  1.419999-99.9-99.9-99.9-99.911.9 8619.0 50 16.6   4  3.528.914.6
5295020210109 30.5 19.0 15.219999-99.9-99.9-99.9-99.9 4.4 3222.7 79 19.3   8  6.115.710.8
5295020210110 34.8 18.8  1.219999-99.9-99.9-99.9-99.9 8.3 6028.6 81 23.0   7  5.722.4 9.7
5295020210111 39.7 22.8  7.419999-99.9-99.9-99.9-99.9 9.2 6729.3 72 23.5  16 12.924.124.1
5295020210112 26.2 19.9  4.219999-99.9-99.9-99.9-99.9 0.2  126.3 96 21.9  10  8.1 8.2 3.5
5295020210113 31.7 19.1  0.009999-99.9-99.9-99.9-99.910.9 7925.7 77 21.4  10  7.926.913.3
5295020210114 31.8 19.1  0.009999-99.9-99.9-99.9-99.911.0 8025.9 76 21.6  11  8.827.114.7
5295020210115 35.1 21.8 56.819999-99.9-99.9-99.9-99.9 4.8 3527.5 81 22.5  11  9.216.312.5
5295020210116 27.9 20.3 62.419999-99.9-99.9-99.9-99.9-9.9 9927.4100 22.5   6  5.1 7.3-9.9
5295020210117 26.8 18.5  0.009999-99.9-99.9-99.9-99.910.6 7723.1 83 19.7  14 11.126.413.4
5295020210118 29.8 14.6  0.009999-99.9-99.9-99.9-99.912.8 9317.5 61 15.3   5  4.030.212.9
5295020210119 30.7 16.3  0.009999-99.9-99.9-99.9-99.912.1 8820.1 67 17.4   6  5.028.913.3
5295020210120 31.8 17.8  0.009999-99.9-99.9-99.9-99.911.7 8523.5 70 19.9   8  6.228.113.5
5295020210121 31.8 20.7  0.009999-99.9-99.9-99.9-99.9 8.6 6326.6 76 22.1  10  7.622.813.1
5295020210122 32.2 22.1  0.009999-99.9-99.9-99.9-99.9 7.1 5228.6 79 23.2   8  6.320.210.5
5295020210123 34.0 23.7  0.009999-99.9-99.9-99.9-99.9 9.6 7129.9 78 23.9   6  4.724.511.2
5295020210124 35.5 22.8  0.009999-99.9-99.9-99.9-99.9 9.6 7130.6 77 24.3   4  2.924.5 9.4
5295020210125 34.7 22.5  1.019999-99.9-99.9-99.9-99.9 9.8 7230.6 76 24.3   5  4.424.811.2
5295020210126 28.3 23.8  2.219999-99.9-99.9-99.9-99.9 1.7 1329.9 94 24.0   7  5.310.7 5.2
5295020210127 32.8 22.6  0.009999-99.9-99.9-99.9-99.9 8.8 6528.7 79 23.2   7  5.422.910.1
5295020210128 33.6 20.6  0.009999-99.9-99.9-99.9-99.910.8 8027.0 72 22.2   6  4.626.311.7
5295020210129 33.0 20.6  3.619999-99.9-99.9-99.9-99.9 3.8 2828.2 92 22.9   5  4.114.2 6.0
5295020210130 31.2 20.6 10.419999-99.9-99.9-99.9-99.9 2.9 2227.6 92 22.5   9  6.812.7 5.5
5295020210131 27.3 18.5  0.219999-99.9-99.9-99.9-99.9 4.5 3424.4 90 20.7   8  6.815.5 6.2
5295020210201 24.8 20.8  1.419999-99.9-99.9-99.9-99.9-9.9 9927.1 98 22.3   6  4.9 4.5-9.9
5295020210202 27.1 21.3 62.619999-99.9-99.9-99.9-99.9-9.9 9927.5 97 22.6  10  7.9 6.8-9.9
5295020210203 23.2 20.2 38.419999-99.9-99.9-99.9-99.9-9.9 9925.1100 21.2  11  9.1 4.5-9.9
5295020210204 29.1 19.6  0.009999-99.9-99.9-99.9-99.910.2 7724.7 83 20.7  10  8.025.110.5
5295020210205 30.4 17.1  0.009999-99.9-99.9-99.9-99.911.9 8920.9 70 18.2   5  3.927.911.1
5295020210206 30.7 17.3  0.009999-99.9-99.9-99.9-99.912.0 9021.6 70 18.6   2  1.928.1 9.1
5295020210207 31.7 17.8  0.009999-99.9-99.9-99.9-99.912.0 9022.6 71 19.3   4  3.128.010.4
5295020210208 34.2 19.5  0.009999-99.9-99.9-99.9-99.910.7 8124.2 69 20.4   3  2.625.810.1
5295020210209 32.0 19.5 18.019999-99.9-99.9-99.9-99.9 7.6 5724.6 83 20.7   7  5.720.310.1
5295020210210 28.4 19.2  0.009999-99.9-99.9-99.9-99.9 5.0 3824.3 84 20.6   4  3.515.9 5.6
5295020210211 30.4 18.0  0.009999-99.9-99.9-99.9-99.910.5 8022.7 75 19.3   2  1.825.2 7.8
5295020210212 32.3 19.5  0.009999-99.9-99.9-99.9-99.911.0 8424.2 74 20.5   2  2.026.0 8.7
5295020210213 31.7 19.8  0.009999-99.9-99.9-99.9-99.9 8.5 6525.1 75 21.1   4  3.321.6 8.9
5295020210214 29.0 19.9  0.419999-99.9-99.9-99.9-99.9 4.1 3125.9 87 21.6   4  3.114.1 5.2
5295020210215 32.6 21.1  0.009999-99.9-99.9-99.9-99.9 9.9 7627.6 76 22.6   6  4.723.910.0
5295020210216 29.9 20.7  0.009999-99.9-99.9-99.9-99.9 9.8 7524.1 76 20.4   7  5.523.811.9
5295020210217 29.7 17.5  0.009999-99.9-99.9-99.9-99.911.9 9118.6 62 16.2   6  5.127.214.1
5295020210218 31.7 15.5  0.009999-99.9-99.9-99.9-99.911.8 9118.0 61 15.7   3  2.727.010.5
5295020210219 32.3 17.4  0.419999-99.9-99.9-99.9-99.9 4.8 3721.3 71 18.4   4  3.615.1 7.8
5295020210220 33.8 19.2  0.009999-99.9-99.9-99.9-99.910.4 8023.2 67 19.8   4  3.424.410.5
5295020210221 33.7 19.9  0.009999-99.9-99.9-99.9-99.9 8.3 6423.8 68 20.2   4  3.320.810.0
5295020210222 37.8 20.1  0.009999-99.9-99.9-99.9-99.910.4 8125.6 65 21.4   3  2.424.410.3
5295020210223 28.0 22.2 18.619999-99.9-99.9-99.9-99.9 1.3 1027.1 88 22.4   7  5.7 9.2 6.5
5295020210224 31.9 20.7  0.009999-99.9-99.9-99.9-99.9 7.7 6028.3 84 23.0   4  3.019.7 6.5
5295020210225 31.7 19.2  0.009999-99.9-99.9-99.9-99.911.5 9022.0 68 18.9   5  3.725.911.5
5295020210226 32.4 17.0  0.009999-99.9-99.9-99.9-99.911.4 9022.0 69 18.9   4  3.525.710.4
5295020210227 34.4 21.1  0.009999-99.9-99.9-99.9-99.910.1 8027.1 73 22.3   7  5.623.512.1
5295020210228 33.7 20.4  0.009999-99.9-99.9-99.9-99.910.6 8425.4 73 21.2   7  5.724.213.2
5295020210301 34.0 20.4  0.009999-99.9-99.9-99.9-99.910.3 8227.1 76 22.3   5  4.423.710.4
5295020210302 34.5 21.4  0.009999-99.9-99.9-99.9-99.9 5.0 3928.9 77 23.3   3  2.414.8 6.2
5295020210303 34.0 22.3  5.619999-99.9-99.9-99.9-99.9 4.7 3729.0 83 23.4   4  3.414.3 6.8
5295020210304 27.4 22.2 14.819999-99.9-99.9-99.9-99.9 0.6  528.1 98 23.0   4  3.3 7.6 2.4
5295020210305 31.4 20.2  0.009999-99.9-99.9-99.9-99.9 9.8 7825.9 79 21.6   7  5.722.410.1
5295020210306 29.9 17.3  0.009999-99.9-99.9-99.9-99.911.2 9020.7 73 17.9   4  3.324.6 9.6
5295020210307 31.1 14.2  0.009999-99.9-99.9-99.9-99.911.5 9217.9 66 15.6   2  1.425.0 7.5
5295020210308 32.0 16.0  0.009999-99.9-99.9-99.9-99.910.5 8421.4 72 18.5   3  2.123.3 7.8
5295020210309 32.0 17.4  0.009999-99.9-99.9-99.9-99.910.8 8721.6 69 18.5   4  3.523.710.1
5295020210310 32.7 17.9  0.009999-99.9-99.9-99.9-99.910.7 8720.9 66 18.1   3  2.623.5 9.3
5295020210311 32.6 17.1  0.009999-99.9-99.9-99.9-99.910.6 8619.7 64 17.1   3  2.623.2 9.4
5295020210312 32.5 17.5  0.009999-99.9-99.9-99.9-99.9 8.6 7020.4 66 17.8   3  2.520.0 8.4
5295020210313 33.5 20.4  0.009999-99.9-99.9-99.9-99.9 7.0 5722.5 66 19.3   1  0.917.3 5.8
5295020210314 35.8 20.5  0.009999-99.9-99.9-99.9-99.9 9.4 7723.9 66 20.2   3  2.121.1 8.3
5295020210315 34.5 18.9  0.009999-99.9-99.9-99.9-99.9 9.6 7923.5 65 19.9   5  3.621.310.5
5295020210316 29.1 20.7 20.419999-99.9-99.9-99.9-99.9 1.7 1424.3 87 20.6   8  6.0 8.9 7.1
5295020210317 26.0 18.7  0.009999-99.9-99.9-99.9-99.9 4.6 3823.2 88 19.8  12  9.713.3 6.6
5295020210318 25.4 17.0  0.009999-99.9-99.9-99.9-99.9 6.5 5318.7 80 16.4   8  6.316.1 8.7
5295020210319 29.4 14.1  0.009999-99.9-99.9-99.9-99.9 9.0 7421.2 80 18.2   4  3.419.9 6.3
5295020210320 30.2 18.8  4.419999-99.9-99.9-99.9-99.9 2.2 1824.7 92 20.7   9  7.0 9.4 5.0
5295020210321 25.3 17.1  0.009999-99.9-99.9-99.9-99.9 3.2 2621.9 91 18.9   8  6.010.9 4.2
5295020210322 29.1 16.1  0.009999-99.9-99.9-99.9-99.9 5.5 4623.5 85 19.9   5  3.714.3 4.5
5295020210323 29.5 20.8  0.009999-99.9-99.9-99.9-99.9 4.2 3525.9 83 21.6   2  1.712.3 4.4
5295020210324 32.7 20.9  0.009999-99.9-99.9-99.9-99.9 7.6 6428.2 78 23.0   6  4.717.3 7.8
5295020210325 33.5 23.3 46.419999-99.9-99.9-99.9-99.9 7.2 6029.6 75 23.8   9  7.016.611.6
5295020210326 28.7 19.9  5.219999-99.9-99.9-99.9-99.9-9.9 9925.9100 21.6   7  5.2 4.2-9.9
5295020210327 22.5 17.9  0.009999-99.9-99.9-99.9-99.9-9.9 9922.0 97 18.9   9  7.6 5.6-9.9
5295020210328 23.0 13.7  0.009999-99.9-99.9-99.9-99.9 5.2 4418.6 90 16.3   5  3.613.5 3.6
5295020210329 26.5 14.2  0.009999-99.9-99.9-99.9-99.9 8.1 6919.8 84 17.2   4  3.117.6 4.9
5295020210330 27.1 15.5  0.009999-99.9-99.9-99.9-99.9 6.5 5520.8 86 18.0   4  3.215.2 5.0
5295020210331 27.8 15.5  0.009999-99.9-99.9-99.9-99.9 9.4 8019.1 77 16.6   5  3.919.3 7.1
5295020210401 27.8 14.7  0.009999-99.9-99.9-99.9-99.9 7.6 6517.6 72 15.4   4  3.316.6 6.7
5295020210402 28.3 14.7  0.009999-99.9-99.9-99.9-99.9 8.1 6918.4 73 16.0   3  2.717.2 6.3
5295020210403 29.4 14.3  0.009999-99.9-99.9-99.9-99.9 9.4 8120.3 79 17.5   3  2.219.0 5.5
5295020210404 31.3 16.7  1.019999-99.9-99.9-99.9-99.9 7.8 6723.2 78 19.8   2  2.016.6 5.1
5295020210405 23.5 19.6 51.819999-99.9-99.9-99.9-99.9-9.9 9924.2 97 20.5   5  4.0 0.4-9.9
5295020210406 28.9 18.0  0.009999-99.9-99.9-99.9-99.9 7.0 6124.6 86 20.7   5  4.115.3 5.3
5295020210407 31.7 17.7  0.009999-99.9-99.9-99.9-99.9 9.0 7825.1 80 21.0   4  3.318.0 6.2
5295020210408 32.5 20.9  0.009999-99.9-99.9-99.9-99.9 6.4 5527.2 77 22.4   7  5.314.2 7.8
5295020210409 34.2 24.0  0.009999-99.9-99.9-99.9-99.9 9.0 7829.2 76 23.6   8  6.217.811.1
5295020210410 34.4 23.2 87.819999-99.9-99.9-99.9-99.9 8.3 7230.5 76 24.3  10  7.716.611.0
5295020210411 28.9 16.2  0.009999-99.9-99.9-99.9-99.9 4.2 3719.9 92 17.3  15 11.911.0 9.0
5295020210412 24.2 13.2  0.009999-99.9-99.9-99.9-99.9 8.5 7418.2 85 15.9   4  3.516.8 4.8
5295020210413 25.5 13.1  0.009999-99.9-99.9-99.9-99.9 7.0 6218.5 81 16.2   3  2.514.7 4.2
5295020210414 27.7 15.1  0.009999-99.9-99.9-99.9-99.9 7.9 6921.6 83 18.6   3  2.315.7 4.2
5295020210415 32.1 19.9  0.219999-99.9-99.9-99.9-99.9 5.3 4726.5 87 21.9   2  1.912.2 4.1
5295020210416 28.9 18.9  0.009999-99.9-99.9-99.9-99.9 6.5 5825.6 89 21.4   2  1.713.7 3.8
5295020210417 30.1 18.3  0.009999-99.9-99.9-99.9-99.9 7.6 6724.8 85 20.8   3  2.115.0 4.4
5295020210418 29.3 17.9  0.009999-99.9-99.9-99.9-99.9 9.1 8022.8 80 19.5   5  4.216.9 6.8
5295020210419 29.2 16.6  0.009999-99.9-99.9-99.9-99.9 9.3 8322.1 82 18.9   5  4.217.2 6.2
5295020210420 29.4 16.6  0.009999-99.9-99.9-99.9-99.9 9.2 8221.9 80 18.9   8  6.116.9 7.8
5295020210421 30.5 17.6  0.009999-99.9-99.9-99.9-99.9 8.7 7822.7 76 19.5  10  8.016.1 9.9
5295020210422 25.0 19.1  0.009999-99.9-99.9-99.9-99.9 1.5 1322.6 88 19.4   6  5.1 6.6 4.5
5295020210423 30.2 17.1  5.619999-99.9-99.9-99.9-99.9 6.9 6223.8 81 20.2   4  3.513.5 4.8
5295020210424 23.4 17.7  2.819999-99.9-99.9-99.9-99.9-9.9 9922.8 98 19.5   6  4.7 4.1-9.9
5295020210425 23.2 14.0  0.009999-99.9-99.9-99.9-99.9 9.3 8416.4 79 14.1   7  5.416.5 6.4
5295020210426 22.8  9.2  0.009999-99.9-99.9-99.9-99.9 7.9 7115.2 84 13.0   2  2.014.6 3.2
5295020210427 24.1 11.1  0.009999-99.9-99.9-99.9-99.9 9.4 8515.5 79 13.3   2  1.516.4 3.6
5295020210428 23.5 10.4  0.009999-99.9-99.9-99.9-99.9 9.3 8515.0 79 12.9   3  2.216.2 4.0
5295020210429 23.6  9.1  0.009999-99.9-99.9-99.9-99.9 9.5 8614.8 81 12.6   3  2.216.3 3.8
5295020210430 27.6 10.0  0.009999-99.9-99.9-99.9-99.9 9.2 8416.4 75 14.2   4  2.815.9 4.4
5295020210501 28.9 13.6  0.009999-99.9-99.9-99.9-99.9 8.5 7818.7 73 16.3   4  3.014.9 5.4
5295020210502 30.7 17.7  0.009999-99.9-99.9-99.9-99.9 8.1 7422.4 75 19.2   4  2.914.3 5.8
5295020210503 32.6 19.1  3.819999-99.9-99.9-99.9-99.9 6.7 6227.7 81 22.6   6  5.112.6 6.1
5295020210504 26.6 13.8 29.619999-99.9-99.9-99.9-99.9-9.9 9921.1 99 18.0  15 11.7 1.2-9.9
5295020210505 17.3 12.9  0.219999-99.9-99.9-99.9-99.9 0.5  514.2 85 12.1  13 10.7 4.9 5.7
5295020210506 18.0  9.3  0.009999-99.9-99.9-99.9-99.9 8.7 8011.1 76  8.5   7  5.514.7 6.6
5295020210507 19.2  5.4  0.009999-99.9-99.9-99.9-99.9 7.8 7311.5 81  8.7   3  2.313.6 2.7
5295020210508 22.0  6.2  0.009999-99.9-99.9-99.9-99.9 9.2 8612.9 80 10.4   4  3.015.1 3.3
5295020210509 20.4  9.8  0.009999-99.9-99.9-99.9-99.9-9.9 9916.8 92 14.6   2  1.8 3.6-9.9
5295020210510 18.4 15.8  0.819999-99.9-99.9-99.9-99.9-9.9 9918.5 99 16.3   3  2.1 2.3-9.9
5295020210511 18.8 11.2  0.009999-99.9-99.9-99.9-99.9 4.5 4213.6 84 11.4   8  6.1 9.3 5.2
5295020210512 20.6  5.2  0.009999-99.9-99.9-99.9-99.9 9.3 8711.2 78  8.4   2  1.814.9 2.9
5295020210513 20.6  5.5  0.009999-99.9-99.9-99.9-99.9 5.1 4812.6 85 10.1   3  2.010.0 2.0
5295020210514 22.9  5.4  0.009999-99.9-99.9-99.9-99.9 9.1 8612.4 78  9.8   2  1.714.5 2.7
5295020210515 25.6  8.9  0.009999-99.9-99.9-99.9-99.9 8.0 7515.2 78 12.9   2  1.413.2 2.7
5295020210516 26.7 14.9  0.009999-99.9-99.9-99.9-99.9 7.1 6719.0 81 16.6   2  1.812.1 3.2
5295020210517 23.8 12.8  0.009999-99.9-99.9-99.9-99.9 8.3 7915.8 77 13.5   4  3.213.4 4.6
5295020210518 22.4  7.6  0.009999-99.9-99.9-99.9-99.9 8.7 8312.9 77 10.5   3  2.513.8 3.5
5295020210519 20.0 11.5 21.819999-99.9-99.9-99.9-99.9-9.9 9916.0 91 13.9   8  6.1 3.0-9.9
5295020210520 21.2 14.3  4.019999-99.9-99.9-99.9-99.9 2.5 2419.5 97 17.1  13 10.2 6.7 1.2
5295020210521 20.3 16.1  0.219999-99.9-99.9-99.9-99.9-9.9 9919.3 99 16.9  10  7.9 3.1-9.9
5295020210522 17.9 11.8  0.009999-99.9-99.9-99.9-99.9 7.4 7113.6 81 11.4   8  6.712.1 5.4
5295020210523 17.3  9.0  0.009999-99.9-99.9-99.9-99.9 5.9 5712.2 87  9.8   6  5.110.3 3.6
5295020210524 20.5  6.0  0.009999-99.9-99.9-99.9-99.9 8.7 8412.1 80  9.6   2  2.013.4 2.5
5295020210525 23.6  7.6  0.009999-99.9-99.9-99.9-99.9 8.5 8212.9 78 10.5   2  1.413.1 2.4
5295020210526 24.4  8.8  0.009999-99.9-99.9-99.9-99.9 8.5 8214.2 78 12.0   2  1.813.1 2.7
5295020210527 24.3  9.2  0.819999-99.9-99.9-99.9-99.9 8.2 7914.9 78 12.6   2  1.912.6 2.8
5295020210528 28.1 14.3  0.009999-99.9-99.9-99.9-99.9 5.8 5621.4 85 18.4   5  3.910.0 3.8
5295020210529 22.1 12.5  0.009999-99.9-99.9-99.9-99.9 8.2 7913.2 67 10.8   8  6.712.6 9.3
5295020210530 18.8  5.8  0.009999-99.9-99.9-99.9-99.9 8.3 8010.7 76  7.8   4  2.812.6 3.3
5295020210531 22.5  6.6  0.009999-99.9-99.9-99.9-99.9 8.4 8110.4 65  7.4   3  2.612.6 4.0
5295020210601 25.1  9.2  0.009999-99.9-99.9-99.9-99.9 7.5 7212.5 67 10.1   4  3.411.6 4.7
5295020210602 22.6 11.3  0.009999-99.9-99.9-99.9-99.9 4.9 4714.8 81 12.7   4  3.4 8.8 3.4
5295020210603 25.3  9.8  0.009999-99.9-99.9-99.9-99.9 6.8 6516.6 79 14.4   4  3.310.8 2.8
5295020210604 31.4 18.1  0.009999-99.9-99.9-99.9-99.9 4.4 4324.0 75 20.4   9  6.8 8.3 6.9
5295020210605 25.9 17.4 12.219999-99.9-99.9-99.9-99.9-9.9 9921.4 89 18.5  11  8.5 2.9-9.9
5295020210606 20.8 10.7  0.009999-99.9-99.9-99.9-99.9 8.1 7915.9 87 13.8  10  8.112.1 4.9
5295020210607 18.9 11.8  0.009999-99.9-99.9-99.9-99.9 1.1 1117.1 97 14.9   5  4.1 4.7 0.9
5295020210608 22.6 14.0  0.219999-99.9-99.9-99.9-99.9 5.5 5319.3 95 16.8   4  2.8 9.3 1.7
5295020210609 17.9 13.0  0.009999-99.9-99.9-99.9-99.9 1.1 1017.4100 15.2   3  2.6 4.6 0.9
5295020210610 23.2 12.7  0.009999-99.9-99.9-99.9-99.9 6.6 6417.1 87 14.8   5  3.710.4 2.7
5295020210611 21.6 10.4  0.009999-99.9-99.9-99.9-99.9 7.6 7415.1 87 13.0   2  1.611.5 2.0
5295020210612 22.4 10.2  0.009999-99.9-99.9-99.9-99.9 8.0 7816.3 88 14.1   4  3.511.8 2.2
5295020210613 23.9  8.7  0.009999-99.9-99.9-99.9-99.9 8.3 8115.0 77 12.8   5  3.612.1 3.8
5295020210614 25.1  9.4  0.009999-99.9-99.9-99.9-99.9 8.4 8214.8 77 12.6   2  2.012.2 3.2
5295020210615 15.4  9.6  0.009999-99.9-99.9-99.9-99.9-9.9 9913.8 99 11.6   9  7.1 1.4-9.9
5295020210616 12.6  4.8  0.009999-99.9-99.9-99.9-99.9 2.2 2210.4 89  7.5   9  7.3 5.8 2.3
5295020210617 14.1  6.2  0.009999-99.9-99.9-99.9-99.9 4.8 4710.1 81  7.0   7  5.3 8.4 3.6
5295020210618 13.7  7.7  0.009999-99.9-99.9-99.9-99.9 2.0 2010.7 84  7.9   7  5.4 5.6 2.8
5295020210619 16.9  8.2  0.009999-99.9-99.9-99.9-99.9 4.1 4012.1 90  9.7   7  5.6 7.7 2.8
5295020210620 16.8  6.1  0.009999-99.9-99.9-99.9-99.9 5.8 5612.7 99 10.3   5  3.9 9.4 0.9
5295020210621 17.4 10.3  0.219999-99.9-99.9-99.9-99.9 4.1 4014.2 99 12.0   4  3.6 7.7 1.2
5295020210622 16.0  5.6  0.219999-99.9-99.9-99.9-99.9 3.1 3013.9 99 11.5   5  4.0 6.6 0.8
5295020210623 17.1 13.8 59.219999-99.9-99.9-99.9-99.9-9.9 9917.3100 15.2   6  4.9 0.7-9.9
5295020210624 17.1 10.9  0.219999-99.9-99.9-99.9-99.9 3.5 3415.4 99 13.3   9  7.0 7.1 2.4
5295020210625 18.0  6.2  0.009999-99.9-99.9-99.9-99.9 5.7 5613.9 98 11.6   3  2.6 9.3 1.0
5295020210626 14.5 10.4  0.009999-99.9-99.9-99.9-99.9-9.9 9913.9100 11.8  11  8.4 1.7-9.9
5295020210627 12.1  5.3  0.009999-99.9-99.9-99.9-99.9 5.7 55 9.3 84  5.7  11  8.7 9.4 5.1
5295020210628 11.7  3.0  0.009999-99.9-99.9-99.9-99.9 7.5 73 8.1 83  3.9   7  5.711.2 3.3
5295020210629 13.7  2.0  0.009999-99.9-99.9-99.9-99.9 8.4 82 8.0 79  3.6   4  3.412.2 2.7
5295020210630 15.0  0.5  0.009999-99.9-99.9-99.9-99.9 8.1 79 8.8 78  4.8   5  3.711.9 2.2
5295020210701 18.2  3.6  0.009999-99.9-99.9-99.9-99.9 8.2 8011.2 82  8.3   6  4.712.0 2.8
5295020210702 22.1  5.0  0.009999-99.9-99.9-99.9-99.9 7.2 7011.5 77  8.7   2  1.911.0 2.4
5295020210703 19.6  6.1  0.009999-99.9-99.9-99.9-99.9 7.2 7011.6 84  8.8   2  1.711.0 1.8
5295020210704 20.1  6.3  0.009999-99.9-99.9-99.9-99.9 7.1 6912.2 84  9.5   3  2.311.0 1.9
5295020210705 23.0  7.2  0.009999-99.9-99.9-99.9-99.9 7.7 7413.6 81 11.2   3  2.211.6 2.1
5295020210706 27.3 11.3  0.009999-99.9-99.9-99.9-99.9 7.5 7316.9 77 14.6   6  4.811.4 4.4
5295020210707 23.4 15.2  0.009999-99.9-99.9-99.9-99.9 4.8 4617.2 80 15.1   7  5.7 8.6 5.7
5295020210708 28.5 12.7  0.009999-99.9-99.9-99.9-99.9 7.4 7217.7 76 15.4   4  3.211.4 4.0
5295020210709 27.6 14.6  0.009999-99.9-99.9-99.9-99.9 7.7 7417.1 70 15.0   6  4.811.7 6.9
5295020210710 24.5 16.4  0.009999-99.9-99.9-99.9-99.9 2.7 2617.2 77 15.1   8  6.3 6.4 6.9
5295020210711 25.7 11.6  0.009999-99.9-99.9-99.9-99.9 6.2 6018.7 85 16.1   6  5.010.2 2.8
5295020210712 28.5 19.9  0.009999-99.9-99.9-99.9-99.9 2.6 2517.3 60 15.2   8  6.3 6.411.0
5295020210713 23.9 17.6  2.219999-99.9-99.9-99.9-99.9-9.9 9918.2 79 16.0   3  2.3 3.1-9.9
5295020210714 20.0 15.4  3.819999-99.9-99.9-99.9-99.9-9.9 9918.7100 16.4   8  6.3 3.3-9.9
5295020210715 16.0 12.3  0.219999-99.9-99.9-99.9-99.9 0.1  115.1100 13.1   9  7.2 3.8 1.6
5295020210716 16.4  6.0  0.009999-99.9-99.9-99.9-99.9 4.1 3912.7 98 10.3   3  2.7 8.1 1.2
5295020210717 17.4  4.9  0.009999-99.9-99.9-99.9-99.9 6.6 6310.8 82  7.7   7  5.610.9 3.4
5295020210718 14.4  3.7  0.009999-99.9-99.9-99.9-99.9 8.7 83 7.4 67  2.6   8  6.513.2 7.0
5295020210719 16.6  1.3  0.009999-99.9-99.9-99.9-99.9 8.7 83 8.0 74  3.6   2  1.413.3 2.2
5295020210720 15.4  2.7  0.009999-99.9-99.9-99.9-99.9 3.2 31 8.9 81  5.1   3  2.6 7.3 2.2
5295020210721 22.4  4.9  0.009999-99.9-99.9-99.9-99.9 8.7 8310.1 66  6.9   3  2.613.4 3.8
5295020210722 27.0  8.7  0.009999-99.9-99.9-99.9-99.9 8.3 7912.9 64 10.6   3  2.713.0 4.4
5295020210723 30.3 11.9  0.009999-99.9-99.9-99.9-99.9 8.4 8013.6 55 11.5   5  4.213.2 8.9
5295020210724 31.2 13.1  0.009999-99.9-99.9-99.9-99.9 6.4 6016.7 61 14.5   7  5.511.0 9.3
5295020210725 26.1 16.0  0.619999-99.9-99.9-99.9-99.9 7.4 7017.1 72 15.0   8  6.012.210.4
5295020210726 17.1 12.4  0.009999-99.9-99.9-99.9-99.9-9.9 9914.7 92 12.6  13 10.6 2.7-9.9
5295020210727 14.5  5.7  0.009999-99.9-99.9-99.9-99.9 9.0 85 7.0 56  1.7  11  8.614.212.2
5295020210728 13.0  3.2  0.009999-99.9-99.9-99.9-99.9 8.7 82 6.9 67  1.5   9  7.413.9 7.8
5295020210729 15.4  0.9  0.009999-99.9-99.9-99.9-99.9 8.9 84 7.5 72  2.6   2  1.614.2 2.4
5295020210730 17.0  0.4  0.009999-99.9-99.9-99.9-99.9 8.7 82 7.7 68  3.0   4  3.114.1 3.9
5295020210731 21.0  3.3  0.009999-99.9-99.9-99.9-99.9 9.0 84 9.6 66  6.0   2  1.814.4 3.1
5295020210801 20.3  5.8  0.009999-99.9-99.9-99.9-99.9 8.9 8310.2 70  7.1   4  3.414.4 5.2
5295020210802 18.9  4.0  0.009999-99.9-99.9-99.9-99.9 9.2 86 9.5 72  6.0   3  2.314.9 3.5
5295020210803 21.1  3.6  0.009999-99.9-99.9-99.9-99.9 9.2 8510.0 71  6.6   4  3.514.9 4.2
5295020210804 20.2  4.0  0.009999-99.9-99.9-99.9-99.9 4.6 4311.3 79  8.4   4  3.0 9.6 2.8
5295020210805 21.5  7.7  0.009999-99.9-99.9-99.9-99.9 3.7 3415.0 87 12.7   2  1.9 8.6 1.8
5295020210806 27.2 11.7  0.009999-99.9-99.9-99.9-99.9 8.0 7416.9 75 14.7   4  3.313.8 4.7
5295020210807 31.4 12.7  0.009999-99.9-99.9-99.9-99.9 8.2 7517.7 68 15.4   6  4.914.0 8.4
5295020210808 31.6 18.5  0.009999-99.9-99.9-99.9-99.9 3.5 3218.1 62 15.9   8  6.1 8.511.1
5295020210809 25.2 10.4  0.219999-99.9-99.9-99.9-99.9-9.9 9913.1 99 10.9  14 11.5 2.6-9.9
5295020210810 10.5  6.5  0.009999-99.9-99.9-99.9-99.9-9.9 9910.8 96  8.0   9  7.5 2.8-9.9
5295020210811 15.2  1.4  0.009999-99.9-99.9-99.9-99.9 9.4 86 8.7 79  4.7   6  4.415.9 3.6
5295020210812 15.9  3.3  0.009999-99.9-99.9-99.9-99.9 5.3 48 8.6 75  4.6   6  4.910.9 4.1
5295020210813 18.5  3.1  0.009999-99.9-99.9-99.9-99.9 9.0 8210.8 82  7.8   6  4.915.6 3.7
5295020210814 21.6  5.0  0.009999-99.9-99.9-99.9-99.9 9.1 8212.7 80 10.1   2  1.715.7 2.9
5295020210815 24.0  6.6  0.009999-99.9-99.9-99.9-99.9 9.3 8412.9 74 10.4   3  2.116.1 3.8
5295020210816 26.0  8.9  0.009999-99.9-99.9-99.9-99.9 8.9 8115.0 74 12.7   4  3.515.7 4.9
5295020210817 32.7 12.8  0.009999-99.9-99.9-99.9-99.9 7.5 6719.6 72 16.9   5  3.814.0 5.7
5295020210818 36.3 18.6  0.009999-99.9-99.9-99.9-99.9 7.6 6920.5 58 17.8   7  5.614.312.2
5295020210819 35.9 21.2  0.009999-99.9-99.9-99.9-99.9 6.8 6117.8 52 15.7  11  9.013.323.7
5295020210820 23.1 12.9  4.219999-99.9-99.9-99.9-99.9 3.0 2714.8 82 12.7  16 12.8 8.511.6
5295020210821 25.1 12.3  0.009999-99.9-99.9-99.9-99.9 6.2 5516.7 81 14.5   8  6.612.7 6.0
5295020210822 25.5 14.9  0.219999-99.9-99.9-99.9-99.9 4.0 3618.7 76 16.3   7  5.7 9.9 5.9
5295020210823 21.1 14.2  0.009999-99.9-99.9-99.9-99.9 5.9 5212.6 65 10.3  17 13.612.519.8
5295020210824 16.1 11.5  3.019999-99.9-99.9-99.9-99.9 0.0  013.3 84 11.1  12  9.8 4.9 6.4
5295020210825 14.0 12.1  3.019999-99.9-99.9-99.9-99.9-9.9 9914.2 99 12.2   9  6.9 1.5-9.9
5295020210826 21.1  5.6  0.009999-99.9-99.9-99.9-99.9 9.8 8711.8 77  9.0   2  1.717.9 3.6
5295020210827 23.2  5.6  0.009999-99.9-99.9-99.9-99.910.1 8910.8 66  7.8   4  3.318.4 6.2
5295020210828 25.9  7.1  0.009999-99.9-99.9-99.9-99.9 9.2 8113.0 69 10.5   3  2.717.3 5.1
5295020210829 27.3  9.4  0.009999-99.9-99.9-99.9-99.9 9.8 8615.4 72 13.1   3  2.818.2 5.6
5295020210830 30.8 14.1  0.009999-99.9-99.9-99.9-99.9 7.7 6819.1 70 16.6   6  4.915.5 7.6
5295020210831 32.4 15.8  0.009999-99.9-99.9-99.9-99.9 8.9 7818.5 62 16.2   6  5.117.211.5
5295020210901 34.9 16.6  2.819999-99.9-99.9-99.9-99.9 8.4 7318.5 57 16.1   7  5.616.613.9
5295020210902 24.3 18.3  4.019999-99.9-99.9-99.9-99.9 2.2 2020.2 88 17.6   7  5.9 8.3 6.7
5295020210903 22.6 14.6  0.009999-99.9-99.9-99.9-99.9 1.9 1719.2 95 16.8   6  5.0 7.9 2.7
5295020210904 22.3 13.7  1.219999-99.9-99.9-99.9-99.9 2.7 2318.9 96 16.5   5  4.1 8.9 2.5
5295020210905 21.9 13.1  0.009999-99.9-99.9-99.9-99.9 3.3 2817.8 98 15.5   5  3.7 9.9 2.1
5295020210906 22.9 15.0 32.219999-99.9-99.9-99.9-99.9 2.5 2118.2 87 16.0  11  9.0 8.8 5.2
5295020210907 26.2 17.0  1.019999-99.9-99.9-99.9-99.9 2.5 2122.4 94 19.2  13 10.4 8.9 3.0
5295020210908 21.1 14.3  0.009999-99.9-99.9-99.9-99.9 5.3 4516.5 86 14.2  14 11.112.9 8.5
5295020210909 18.2 11.6  0.009999-99.9-99.9-99.9-99.9 5.3 4512.5 78 10.3  10  8.313.0 8.4
5295020210910 22.0  8.7  0.009999-99.9-99.9-99.9-99.910.0 8513.6 79 11.4   4  3.119.8 5.2
5295020210911 24.6  9.9  0.009999-99.9-99.9-99.9-99.910.2 8715.9 79 13.7   7  5.420.2 6.2
5295020210912 34.1 14.6  0.009999-99.9-99.9-99.9-99.9 8.8 7521.5 61 18.4   9  7.118.312.3
5295020210913 32.5 21.8  0.009999-99.9-99.9-99.9-99.9 8.5 7225.3 73 21.2   7  6.017.912.2
5295020210914 24.9 11.9  0.009999-99.9-99.9-99.9-99.9 9.9 8413.5 65 10.7  16 13.020.120.9
5295020210915 22.7  5.4  0.009999-99.9-99.9-99.9-99.9 9.7 81 9.3 57  5.7   3  2.519.8 6.6
5295020210916 25.2  8.3  0.009999-99.9-99.9-99.9-99.910.5 8910.8 56  7.9   6  4.921.210.5
5295020210917 21.1 10.3  0.009999-99.9-99.9-99.9-99.9 2.3 1916.1 89 13.8   5  3.9 9.2 2.9
5295020210918 25.9 16.3  0.009999-99.9-99.9-99.9-99.9 3.1 2621.2 90 18.3   6  5.010.4 3.4
5295020210919 31.9 17.2  0.009999-99.9-99.9-99.9-99.9 7.2 6025.6 83 21.2   8  6.216.5 6.1
5295020210920 26.2 19.1  0.009999-99.9-99.9-99.9-99.9 2.8 2322.4 88 19.2  15 12.410.110.2
5295020210921 21.8 12.9  0.009999-99.9-99.9-99.9-99.9 8.6 7112.7 66 10.1  15 11.918.817.9
5295020210922 22.5  8.0  0.009999-99.9-99.9-99.9-99.9 9.5 7913.0 72 10.7   8  6.720.4 8.4
5295020210923 24.9 13.2  0.009999-99.9-99.9-99.9-99.9 9.8 8115.7 73 13.6   7  5.820.810.1
5295020210924 25.4 10.1  0.009999-99.9-99.9-99.9-99.910.6 8814.6 72 12.4   6  4.822.2 9.0
5295020210925 25.9  9.1  0.009999-99.9-99.9-99.9-99.910.9 8914.4 71 12.3   5  3.722.7 7.8
5295020210926 30.7 11.1  0.009999-99.9-99.9-99.9-99.911.1 9115.8 66 13.6   4  3.423.2 8.7
5295020210927 34.0 11.9 13.219999-99.9-99.9-99.9-99.9 9.9 8118.2 61 15.8   6  4.821.310.9
5295020210928 24.9 17.9  5.619999-99.9-99.9-99.9-99.9-9.9 9920.7 99 18.1   9  7.4 1.3-9.9
5295020210929 24.7 15.0  0.009999-99.9-99.9-99.9-99.9 2.9 2321.4 93 18.4   9  7.210.7 3.0
5295020210930 28.9 18.1  0.219999-99.9-99.9-99.9-99.9 2.8 2323.7 85 20.1   7  5.210.7 5.2
5295020211001 25.7 17.5  0.009999-99.9-99.9-99.9-99.9 6.4 5219.5 82 17.0  11  9.116.310.6
5295020211002 28.4 12.5  9.219999-99.9-99.9-99.9-99.9 8.5 6821.4 83 18.3   7  5.319.6 6.3
5295020211003 24.4 13.5  0.009999-99.9-99.9-99.9-99.9 5.0 4013.3 69 10.8  15 12.214.215.8
5295020211004 22.2  6.2  0.009999-99.9-99.9-99.9-99.911.1 8910.2 61  7.1   6  4.723.910.1
5295020211005 25.2  7.8  0.009999-99.9-99.9-99.9-99.910.1 8112.2 62  9.8   6  4.422.4 9.0
5295020211006 24.5 15.6  0.009999-99.9-99.9-99.9-99.9-9.9 9916.0 71 14.0   8  6.3 6.2-9.9
5295020211007 22.5  9.7  0.009999-99.9-99.9-99.9-99.9 9.1 7312.2 66  9.8  11  8.921.114.7
5295020211008 26.0 12.0  0.009999-99.9-99.9-99.9-99.9 8.3 6613.7 60 11.5  11  8.419.914.5
5295020211009 26.9 14.3  0.619999-99.9-99.9-99.9-99.910.2 8116.9 70 14.7  11  8.522.914.3
5295020211010 23.7 16.8  0.009999-99.9-99.9-99.9-99.9-9.9 9922.5 97 19.3   6  4.8 5.9-9.9
5295020211011 27.6 17.6  0.009999-99.9-99.9-99.9-99.9 8.3 6620.7 80 17.8   6  4.720.1 7.7
5295020211012 29.5 13.1  0.009999-99.9-99.9-99.9-99.911.0 8718.7 71 16.2   4  2.924.6 8.2
5295020211013 27.5 16.4 17.219999-99.9-99.9-99.9-99.9-9.9 9919.3 90 16.8  10  7.6 6.7-9.9
5295020211014 26.4 13.8  1.619999-99.9-99.9-99.9-99.9 7.8 6121.2 87 18.2   7  5.819.5 5.4
5295020211015 22.1 13.6  0.009999-99.9-99.9-99.9-99.9 8.1 6413.5 74 11.3  17 13.820.018.6
5295020211016 22.1  9.0  0.009999-99.9-99.9-99.9-99.910.3 8111.8 66  9.4   8  6.623.711.3
5295020211017 26.0  8.9  0.009999-99.9-99.9-99.9-99.911.2 8712.8 61 10.4   6  4.725.210.9
5295020211018 26.8  9.5  0.009999-99.9-99.9-99.9-99.911.4 8912.6 57 10.1   6  4.525.711.7
5295020211019 28.4 11.1  0.009999-99.9-99.9-99.9-99.911.5 8912.7 52 10.3   3  2.825.910.1
5295020211020 28.0 11.5  0.009999-99.9-99.9-99.9-99.911.5 8913.9 56 11.6   5  4.125.911.8
5295020211021 28.7 12.2  0.009999-99.9-99.9-99.9-99.911.6 9013.9 55 11.7   5  4.126.212.2
5295020211022 31.6 13.4  8.019999-99.9-99.9-99.9-99.911.1 8615.9 55 13.8   8  6.025.614.9
5295020211023 24.1 16.4  4.219999-99.9-99.9-99.9-99.9 2.1 1618.9 86 16.5  11  8.410.6 8.4
5295020211024 26.7 12.1  0.009999-99.9-99.9-99.9-99.911.8 9113.7 61 11.3   3  2.726.7 9.4
5295020211025 30.3 13.1  0.009999-99.9-99.9-99.9-99.911.8 9014.5 53 12.4   7  5.526.814.7
5295020211026 32.6 15.7  0.009999-99.9-99.9-99.9-99.911.9 9116.2 52 14.1   5  3.827.113.4
5295020211027 34.8 15.9  0.009999-99.9-99.9-99.9-99.911.4 8717.7 49 15.5   5  3.926.414.0
5295020211028 35.1 18.7  0.009999-99.9-99.9-99.9-99.911.5 8817.9 49 15.6   5  4.226.615.3
5295020211029 35.1 16.9  0.009999-99.9-99.9-99.9-99.910.8 8320.5 55 17.7   6  4.425.514.1
5295020211030 35.1 20.1  0.009999-99.9-99.9-99.9-99.910.6 8025.5 67 21.3   5  3.825.112.2
5295020211031 35.1 19.2  0.009999-99.9-99.9-99.9-99.9 9.4 7124.6 65 20.7   3  2.123.2 9.1
5295020211101 35.5 19.2  0.619999-99.9-99.9-99.9-99.9 7.6 5723.8 68 20.1   5  4.020.210.4
5295020211102 28.3 19.0  9.419999-99.9-99.9-99.9-99.9 2.2 1724.0 96 20.3  10  7.711.1 5.4
5295020211103 28.5 18.3  0.009999-99.9-99.9-99.9-99.9 6.1 4623.4 86 19.9   3  2.417.7 5.3
5295020211104 33.6 19.0 47.619999-99.9-99.9-99.9-99.910.3 7726.1 71 21.7   5  4.124.910.3
5295020211105 27.2 19.2 12.219999-99.9-99.9-99.9-99.9-9.9 9924.1 97 20.4  13 10.5 6.1-9.9
5295020211106 24.3 15.8  0.009999-99.9-99.9-99.9-99.9 7.5 5619.2 79 16.9  12  9.620.310.2
5295020211107 28.4 17.0  0.009999-99.9-99.9-99.9-99.910.6 7920.5 76 17.9   6  4.525.6 9.9
5295020211108 29.5 17.2  0.009999-99.9-99.9-99.9-99.911.1 8318.9 63 16.5   7  5.326.613.3
5295020211109 30.6 15.8  0.009999-99.9-99.9-99.9-99.911.6 8617.5 56 15.3   8  6.727.417.2
5295020211110 29.1 18.7  0.009999-99.9-99.9-99.9-99.910.2 7616.6 59 14.5  10  8.325.120.2
5295020211111 29.6 15.3  0.009999-99.9-99.9-99.9-99.911.7 8716.5 58 14.4   9  7.527.717.5
5295020211112 31.4 15.9  0.009999-99.9-99.9-99.9-99.911.6 8619.7 66 17.2   8  6.327.514.4
5295020211113 34.8 18.2 51.619999-99.9-99.9-99.9-99.910.6 7923.3 62 19.8  10  7.925.917.3
5295020211114 28.9 18.5  0.419999-99.9-99.9-99.9-99.9-9.9 9922.7 92 19.5   9  7.4 6.5-9.9
5295020211115 32.6 17.5 36.419999-99.9-99.9-99.9-99.910.8 8026.1 78 21.6   4  3.126.3 8.5
5295020211116 25.7 18.9  7.619999-99.9-99.9-99.9-99.9-9.9 9925.6 96 21.3  11  9.1 6.9-9.9
5295020211117 23.7 15.7  0.009999-99.9-99.9-99.9-99.9 6.4 4715.0 67 13.0  13 10.418.816.6
5295020211118 26.6 11.6  0.009999-99.9-99.9-99.9-99.912.5 9214.2 61 12.1   5  3.929.311.4
5295020211119 29.6 12.0  0.009999-99.9-99.9-99.9-99.912.2 9016.1 61 14.0   2  1.828.9 9.1
5295020211120 31.1 15.7  0.009999-99.9-99.9-99.9-99.912.2 9017.8 58 15.5   4  3.229.012.2
5295020211121 33.6 16.2  0.009999-99.9-99.9-99.9-99.912.4 9117.6 52 15.4   3  2.829.212.5
5295020211122 36.8 17.7  0.009999-99.9-99.9-99.9-99.911.0 8124.2 61 20.4   4  3.326.911.8
5295020211123 30.7 20.6  0.009999-99.9-99.9-99.9-99.9 6.0 4417.1 51 14.9  10  7.718.220.0
5295020211124 34.0 15.7 36.019999-99.9-99.9-99.9-99.911.5 8419.6 58 17.0   6  5.227.815.0
5295020211125 30.5 22.2  3.219999-99.9-99.9-99.9-99.9 6.7 4923.7 75 20.1   9  7.319.514.0
5295020211126 30.6 17.7  0.419999-99.9-99.9-99.9-99.911.7 8520.3 68 17.6   8  6.728.215.4
5295020211127 30.5 16.9 22.819999-99.9-99.9-99.9-99.911.8 8622.1 70 19.0   8  6.028.513.6
5295020211128 25.4 18.6  0.219999-99.9-99.9-99.9-99.9 5.4 4021.8 85 18.8   9  7.117.410.1
5295020211129 28.2 16.7  0.009999-99.9-99.9-99.9-99.912.4 9017.4 63 15.3   8  6.829.615.9
5295020211130 30.6 14.9  0.009999-99.9-99.9-99.9-99.912.3 8917.2 58 15.0   4  2.829.411.7
5295020211201 30.1 15.5  0.009999-99.9-99.9-99.9-99.9 8.1 5917.2 57 15.1   3  2.622.1 9.8
5295020211202 30.1 16.2  0.009999-99.9-99.9-99.9-99.912.1 8819.6 67 17.1   6  5.229.113.4
5295020211203 30.7 14.8  0.009999-99.9-99.9-99.9-99.912.0 8718.8 64 16.4   8  6.029.015.0
5295020211204 28.5 18.2  0.009999-99.9-99.9-99.9-99.9 4.3 3120.1 71 17.5   8  6.515.511.9
5295020211205 32.4 17.3  0.009999-99.9-99.9-99.9-99.911.3 8121.6 66 18.6   7  5.827.613.9
5295020211206 33.0 19.3  0.009999-99.9-99.9-99.9-99.911.6 8321.2 60 18.3   6  4.928.215.1
5295020211207 31.4 17.7  0.009999-99.9-99.9-99.9-99.912.3 8820.2 64 17.5  10  7.629.418.1
5295020211208 33.4 17.6  0.009999-99.9-99.9-99.9-99.911.4 8219.8 60 17.2   7  5.827.916.3
5295020211209 32.2 18.3  0.009999-99.9-99.9-99.9-99.912.2 8818.0 54 15.7   7  5.829.417.8
5295020211210 29.1 18.3  9.219999-99.9-99.9-99.9-99.9 5.3 3820.6 76 17.9   7  5.917.310.3
5295020211211 27.5 19.1  8.819999-99.9-99.9-99.9-99.9 1.5 1123.5 85 20.1   3  2.710.7 4.1
5295020211212 27.8 20.2  6.619999-99.9-99.9-99.9-99.9-9.9 9925.8 88 21.6   5  3.8 7.3-9.9
5295020211213 25.6 21.0  3.019999-99.9-99.9-99.9-99.9 0.8  624.4 93 20.7  10  8.2 9.5 5.7
5295020211214 26.7 20.1  0.009999-99.9-99.9-99.9-99.9 2.3 1726.1 90 21.8   8  6.712.1 4.8
5295020211215 33.0 19.7  0.009999-99.9-99.9-99.9-99.911.5 8225.3 74 21.2   7  5.828.213.1
5295020211216 33.5 18.5  0.009999-99.9-99.9-99.9-99.912.2 8721.9 64 18.8   6  4.829.415.1
5295020211217 31.3 17.5  0.009999-99.9-99.9-99.9-99.912.4 8920.5 64 17.9   8  6.529.816.5
5295020211218 33.2 19.5  0.009999-99.9-99.9-99.9-99.912.3 8823.2 67 19.8   8  6.129.615.5
5295020211219 37.4 19.7  0.009999-99.9-99.9-99.9-99.911.3 8126.3 68 21.8   4  2.927.911.2
5295020211220 37.3 23.5  0.009999-99.9-99.9-99.9-99.9 7.6 5428.2 67 23.0   6  4.721.312.8
5295020211221 36.1 21.8  2.619999-99.9-99.9-99.9-99.9 9.1 6529.0 76 23.4   6  4.723.911.5
5295020211222 33.4 21.4  0.009999-99.9-99.9-99.9-99.9 7.2 5126.7 72 22.0   5  3.920.610.0
5295020211223 32.4 18.2  0.009999-99.9-99.9-99.9-99.912.7 9118.0 50 15.5   7  5.830.318.8
5295020211224 32.9 16.2  0.009999-99.9-99.9-99.9-99.912.5 9016.4 48 14.2   5  4.230.015.8
5295020211225 36.7 16.5  0.009999-99.9-99.9-99.9-99.911.8 8518.8 45 16.4   3  2.328.812.2
5295020211226 35.0 20.4  0.009999-99.9-99.9-99.9-99.912.9 9215.2 41 12.8   8  6.230.624.0
5295020211227 35.8 15.5  0.009999-99.9-99.9-99.9-99.912.7 9115.5 42 13.3   4  3.330.415.3
5295020211228 38.3 18.6  0.009999-99.9-99.9-99.9-99.911.7 8416.9 38 14.6   4  3.028.615.2
5295020211229 37.5 18.6  0.009999-99.9-99.9-99.9-99.912.8 9215.3 39 13.2   4  3.530.417.7
5295020211230 38.8 19.3  0.009999-99.9-99.9-99.9-99.912.0 8619.4 45 16.8   4  3.129.014.9
5295020211231 40.2 21.4  0.009999-99.9-99.9-99.9-99.911.5 8221.7 47 18.7   3  2.428.113.7
5295020220101 39.5 21.2 29.019999-99.9-99.9-99.9-99.910.3 7422.4 55 19.2  15 11.726.1-9.9
5295020220102 32.7 19.9  0.009999-99.9-99.9-99.9-99.9 5.8 4225.7 74 21.5   5  4.118.1 8.5
5295020220103 36.5 20.9  0.009999-99.9-99.9-99.9-99.910.3 7425.7 64 21.5   4  3.526.112.9
5295020220104 32.9 22.4  5.219999-99.9-99.9-99.9-99.9 8.8 6326.2 72 21.7   8  6.223.414.3
5295020220105 32.0 22.2  0.009999-99.9-99.9-99.9-99.911.9 8618.7 51 15.8  12  9.928.9-9.9
5295020220106 31.9 16.4  0.009999-99.9-99.9-99.9-99.912.5 9015.7 51 13.6   8  6.529.919.8
5295020220107 33.2 17.0  0.009999-99.9-99.9-99.9-99.912.3 8918.0 55 15.7   8  6.229.618.0
5295020220108 33.7 17.1  0.009999-99.9-99.9-99.9-99.912.0 8717.7 54 15.4   7  5.429.017.7
5295020220109 35.9 20.1  0.009999-99.9-99.9-99.9-99.911.6 8421.4 57 18.4   5  3.728.314.3
5295020220110 37.3 20.1  0.009999-99.9-99.9-99.9-99.911.2 8120.1 49 17.5   4  2.827.613.6
5295020220111 38.5 20.7  0.009999-99.9-99.9-99.9-99.911.9 8618.4 40 16.1   3  2.528.714.2
5295020220112 39.5 18.1  0.009999-99.9-99.9-99.9-99.911.9 8617.1 37 14.8   3  2.728.815.2
5295020220113 40.4 21.0  0.009999-99.9-99.9-99.9-99.911.7 8517.0 34 14.9   4  3.428.317.5
5295020220114 38.6 24.1  0.009999-99.9-99.9-99.9-99.910.2 7424.0 51 20.3   8  6.625.822.4
5295020220115 39.7 26.1  0.009999-99.9-99.9-99.9-99.9 9.8 7125.7 48 21.5  10  8.025.0-9.9
5295020220116 41.0 27.6  0.009999-99.9-99.9-99.9-99.9 9.5 6924.4 42 20.6  11  8.624.5-9.9
5295020220117 36.6 27.8  0.619999-99.9-99.9-99.9-99.9 9.9 7224.5 53 20.7  14 11.225.1-9.9
5295020220118 31.0 23.3  5.019999-99.9-99.9-99.9-99.9 0.9  627.8 85 22.8  11  8.9 9.312.0
5295020220119 37.1 23.0  0.009999-99.9-99.9-99.9-99.9 6.8 5030.9 77 24.5   7  5.419.810.2
5295020220120 40.2 24.3  0.009999-99.9-99.9-99.9-99.9 8.2 6029.7 64 23.8   4  3.522.112.6
5295020220121 40.9 26.7  0.009999-99.9-99.9-99.9-99.9 8.4 6126.2 48 21.8   9  7.222.423.5
5295020220122 40.3 28.4  0.009999-99.9-99.9-99.9-99.910.4 7625.1 44 21.1   9  7.425.8-9.9
5295020220123 38.7 25.9  0.009999-99.9-99.9-99.9-99.9 9.8 7226.5 59 22.0   7  5.624.819.4
5295020220124 36.1 25.2  0.009999-99.9-99.9-99.9-99.9 7.3 5428.3 65 23.1   9  7.420.517.3
5295020220125 36.1 26.3  5.219999-99.9-99.9-99.9-99.9 8.2 6128.4 61 23.1  10  8.122.019.7
5295020220126 29.4 23.9  1.819999-99.9-99.9-99.9-99.9-9.9 9930.5 91 24.3   6  4.6 7.6-9.9
5295020220127 28.4 23.1  0.009999-99.9-99.9-99.9-99.9 4.8 3523.9 75 20.1  16 13.016.018.6
5295020220128 31.3 15.7  0.009999-99.9-99.9-99.9-99.911.9 8817.3 57 15.1   9  7.428.319.0
5295020220129 33.2 14.7  0.009999-99.9-99.9-99.9-99.912.1 8916.4 52 14.2   7  5.328.617.0
5295020220130 35.2 15.6  0.009999-99.9-99.9-99.9-99.912.0 8917.4 49 15.1   4  3.028.413.0
5295020220131 36.7 17.7  0.009999-99.9-99.9-99.9-99.911.6 8618.3 45 16.0   6  4.527.717.2
5295020220201 39.6 19.9  0.009999-99.9-99.9-99.9-99.911.2 8420.6 48 17.8   5  4.027.016.7
5295020220202 41.0 21.7  0.219999-99.9-99.9-99.9-99.910.8 8117.9 35 15.6   5  4.226.219.5
5295020220203 32.8 22.9  8.619999-99.9-99.9-99.9-99.9-9.9 9923.4 78 19.8   4  2.9 6.2-9.9
5295020220204 33.6 19.0  0.219999-99.9-99.9-99.9-99.9 9.0 6826.2 74 21.7   6  5.123.110.9
5295020220205 31.8 21.3  0.009999-99.9-99.9-99.9-99.910.9 8221.5 63 18.3  13 10.126.322.2
5295020220206 27.8 16.1  0.009999-99.9-99.9-99.9-99.910.8 8115.4 59 13.1   9  7.626.018.2
5295020220207 30.2 10.9  0.009999-99.9-99.9-99.9-99.912.3 9312.5 46 10.0   5  4.028.613.9
5295020220208 32.9 14.8  0.009999-99.9-99.9-99.9-99.911.7 8816.1 52 14.0   5  4.127.414.2
5295020220209 34.6 14.5  0.009999-99.9-99.9-99.9-99.911.7 8914.6 44 12.4   4  3.027.513.4
5295020220210 37.0 16.7  0.009999-99.9-99.9-99.9-99.911.0 8314.9 41 12.7   4  3.326.114.7
5295020220211 40.0 19.7  0.619999-99.9-99.9-99.9-99.9 9.1 6918.2 46 15.9  11  9.022.9-9.9
5295020220212 25.6 18.1  0.009999-99.9-99.9-99.9-99.9 0.5  420.6 87 17.8  12  9.7 8.2 8.9
5295020220213 29.8 13.2  0.009999-99.9-99.9-99.9-99.911.6 8915.8 62 13.6   6  4.827.012.4
5295020220214 34.3 12.1  0.009999-99.9-99.9-99.9-99.911.6 8913.4 43 11.2   3  2.527.011.5
5295020220215 37.6 14.9  0.009999-99.9-99.9-99.9-99.911.3 8713.1 35 10.8   4  2.926.414.0
5295020220216 39.9 18.6  1.219999-99.9-99.9-99.9-99.910.1 7715.5 37 13.4   5  3.624.216.1
5295020220217 37.9 20.1  0.009999-99.9-99.9-99.9-99.910.0 7720.2 52 17.5   6  4.824.116.4
5295020220218 38.3 20.0  0.009999-99.9-99.9-99.9-99.910.4 8019.7 50 17.1   5  4.324.716.3
5295020220219 38.8 18.7  0.009999-99.9-99.9-99.9-99.9 8.8 6816.9 41 14.8   3  2.622.012.6
5295020220220 34.7 21.8  0.009999-99.9-99.9-99.9-99.9 4.6 3618.9 54 16.5   6  5.014.815.2
5295020220221 35.4 18.4  0.009999-99.9-99.9-99.9-99.9 8.8 6818.8 52 16.4   8  6.121.717.2
5295020220222 35.4 19.4  0.009999-99.9-99.9-99.9-99.910.5 8216.8 44 14.6   8  6.624.521.6
5295020220223 37.9 18.6  0.009999-99.9-99.9-99.9-99.910.5 8217.2 43 15.0   8  6.524.421.8
5295020220224 38.7 22.9 33.619999-99.9-99.9-99.9-99.9 4.0 3123.8 75 20.1  11  8.513.617.2
5295020220225 31.3 22.9  1.819999-99.9-99.9-99.9-99.9 3.6 2830.2 91 24.1   4  3.412.8 4.5
5295020220226 39.1 23.9  0.009999-99.9-99.9-99.9-99.9 9.4 7430.7 66 24.4   8  6.022.415.1
5295020220227 41.2 28.1  0.419999-99.9-99.9-99.9-99.9 9.9 7828.3 50 23.1   8  6.823.122.7
5295020220228 33.4 21.4 13.619999-99.9-99.9-99.9-99.9-9.9 9926.2 96 21.8  10  8.4 3.8-9.9
5295020220301 29.7 20.1  0.009999-99.9-99.9-99.9-99.9 5.2 4124.8 78 20.8   5  3.715.3 6.6
5295020220302 34.9 19.2  0.009999-99.9-99.9-99.9-99.910.4 8322.8 64 19.5   3  2.823.810.0
5295020220303 36.3 19.6  0.009999-99.9-99.9-99.9-99.9 9.1 7225.5 64 21.2   4  2.821.5 9.8
5295020220304 35.8 23.6  0.009999-99.9-99.9-99.9-99.9 3.7 3025.7 65 21.4   7  5.712.713.2
5295020220305 37.5 22.6 24.619999-99.9-99.9-99.9-99.9 5.3 4228.2 72 23.0  10  8.215.114.2
5295020220306 27.5 21.0 13.819999-99.9-99.9-99.9-99.9-9.9 9928.2 97 23.0   6  4.8 5.2-9.9
5295020220307 32.4 19.6  9.219999-99.9-99.9-99.9-99.9 0.5  426.5 96 21.8  10  7.8 7.4 5.1
5295020220308 25.1 17.1  0.009999-99.9-99.9-99.9-99.9 1.2 1023.7 90 20.1   7  5.2 8.5 3.0
5295020220309 33.8 20.7 25.419999-99.9-99.9-99.9-99.9 5.7 4628.2 87 22.9   6  5.215.7 6.4
5295020220310 24.2 19.2  6.819999-99.9-99.9-99.9-99.9-9.9 9923.4100 20.0   8  6.2 3.4-9.9
5295020220311 27.2 17.8  0.009999-99.9-99.9-99.9-99.910.5 8519.6 74 16.7  10  8.223.012.6
5295020220312 27.3 13.3  0.009999-99.9-99.9-99.9-99.910.3 8316.1 67 14.0   5  3.722.6 9.0
5295020220313 27.9 14.3  0.009999-99.9-99.9-99.9-99.910.7 8716.5 68 14.4   5  4.223.210.3
5295020220314 28.1 12.5  0.009999-99.9-99.9-99.9-99.9 9.9 8016.0 67 13.9   4  2.921.8 8.1
5295020220315 29.5 13.8  0.009999-99.9-99.9-99.9-99.910.6 8717.0 65 14.8   3  2.322.8 7.8
5295020220316 31.5 14.5  0.009999-99.9-99.9-99.9-99.910.5 8619.8 69 17.1   2  1.922.5 7.3
5295020220317 33.5 19.7  0.009999-99.9-99.9-99.9-99.9 5.9 4923.1 69 19.7   3  2.415.4 6.7
5295020220318 27.2 17.4  0.009999-99.9-99.9-99.9-99.9 4.7 3821.0 80 18.0  12  9.913.312.3
5295020220319 23.7 11.6  0.009999-99.9-99.9-99.9-99.910.6 8714.1 72 12.0  11  8.522.312.9
5295020220320 26.4 10.7  0.009999-99.9-99.9-99.9-99.9 9.3 7714.5 66 12.3  10  8.220.312.7
5295020220321 30.5 16.0 30.219999-99.9-99.9-99.9-99.9 8.7 7219.0 69 16.5  10  7.719.412.2
5295020220322 25.2 20.7 10.419999-99.9-99.9-99.9-99.9-9.9 9924.5 95 20.8   7  5.2 5.7-9.9
5295020220323 23.2 19.3 54.419999-99.9-99.9-99.9-99.9-9.9 9925.1100 21.1   7  5.7 2.4-9.9
5295020220324 21.3 14.9  0.009999-99.9-99.9-99.9-99.9 7.1 5918.2 80 15.6   8  6.416.6 8.1
5295020220325 22.9 12.8  0.009999-99.9-99.9-99.9-99.9 8.2 6815.4 72 13.4   8  6.518.1 8.6
5295020220326 27.0 15.1  0.009999-99.9-99.9-99.9-99.910.1 8419.4 79 16.9   4  3.120.8 6.8
5295020220327 29.7 15.6  0.009999-99.9-99.9-99.9-99.910.4 8719.3 72 16.7   2  1.621.2 6.1
5295020220328 30.4 15.1  0.009999-99.9-99.9-99.9-99.910.4 8819.1 70 16.6   5  4.121.2 9.0
5295020220329 34.9 18.5  3.419999-99.9-99.9-99.9-99.9 8.6 7324.6 70 20.6   8  6.318.411.6
5295020220330 27.2 11.3  0.009999-99.9-99.9-99.9-99.9-9.9 9911.1 64  8.2  15 11.7 4.7-9.9
5295020220331 20.1  4.6  0.009999-99.9-99.9-99.9-99.910.6 9010.1 69  6.9   5  3.621.0 6.6
5295020220401 22.5  7.1  0.009999-99.9-99.9-99.9-99.910.4 8911.8 70  9.2   5  3.920.7 6.9
5295020220402 26.5  8.3  3.419999-99.9-99.9-99.9-99.9 9.6 8215.1 70 12.9   4  3.319.4 5.9
5295020220403 22.8 17.5  5.219999-99.9-99.9-99.9-99.9-9.9 9922.4 99 19.2   5  4.0 3.4-9.9
5295020220404 24.7 17.3  0.009999-99.9-99.9-99.9-99.9 2.6 2222.5 94 19.3   6  4.7 9.1 2.7
5295020220405 27.7 14.6  0.219999-99.9-99.9-99.9-99.9 8.0 6922.6 87 19.2   4  3.316.8 4.6
5295020220406 28.8 20.3 16.819999-99.9-99.9-99.9-99.9 2.2 1926.7 89 22.1   3  2.5 8.5 2.9
5295020220407 24.9 19.6  7.219999-99.9-99.9-99.9-99.9 0.2  224.4 99 20.7   5  3.7 5.6 2.2
5295020220408 28.6 16.0  0.009999-99.9-99.9-99.9-99.9 8.2 7124.1 89 20.3   2  1.916.8 4.1
5295020220409 28.6 16.7  0.009999-99.9-99.9-99.9-99.9 8.3 7223.8 86 20.1   4  3.216.8 5.0
5295020220410 24.6 19.9 38.219999-99.9-99.9-99.9-99.9-9.9 9923.6 97 20.1   9  7.0 3.0-9.9
5295020220411 26.4 18.7  0.009999-99.9-99.9-99.9-99.9 6.6 5724.4 93 20.6   5  3.714.2 3.9
5295020220412 25.4 18.1  0.009999-99.9-99.9-99.9-99.9 5.7 5022.4 89 19.2   8  6.113.0 5.4
5295020220413 23.8 13.6  0.009999-99.9-99.9-99.9-99.9 9.1 8014.1 69 12.0   9  7.317.511.8
5295020220414 22.7  8.1  0.009999-99.9-99.9-99.9-99.910.2 8911.7 68  9.1   4  3.518.8 6.6
5295020220415 23.4  7.5  0.009999-99.9-99.9-99.9-99.910.0 8812.8 72 10.4   4  3.218.5 5.8
5295020220416 24.1  8.6  0.009999-99.9-99.9-99.9-99.9 9.4 8315.0 78 12.8   5  3.817.6 5.3
5295020220417 23.9 11.2  0.009999-99.9-99.9-99.9-99.9 7.9 7015.1 77 13.0   4  3.515.5 5.6
5295020220418 25.4 10.3  0.009999-99.9-99.9-99.9-99.9 9.4 8415.9 79 13.6   1  1.217.4 3.8
5295020220419 27.3 11.5  0.009999-99.9-99.9-99.9-99.9 9.5 8517.0 75 14.6   3  2.117.4 4.7
5295020220420 29.6 13.0  0.219999-99.9-99.9-99.9-99.9 8.9 8019.5 77 16.8   3  2.416.5 5.1
5295020220421 28.2 15.8  0.009999-99.9-99.9-99.9-99.9 8.9 7919.3 77 16.9   4  3.516.4 6.2
5295020220422 25.6 14.8  0.009999-99.9-99.9-99.9-99.9 2.6 2319.6 92 16.9   7  5.5 8.1 3.7
5295020220423 22.7  7.1  0.009999-99.9-99.9-99.9-99.9 9.2 8214.2 81 12.0   3  2.616.5 3.9
5295020220424 30.2 11.3  0.009999-99.9-99.9-99.9-99.9 6.7 6023.4 82 19.3   8  6.613.2 3.1
5295020220425 31.7 25.4  4.619999-99.9-99.9-99.9-99.9 4.9 4429.5 82 23.8  11  8.710.810.1
5295020220426 31.8 19.5  0.009999-99.9-99.9-99.9-99.9 6.3 5728.6 84 23.1  12  9.912.6 6.5
5295020220427 29.2 18.2  6.019999-99.9-99.9-99.9-99.9 0.8  823.5 81 19.8  14 11.0 5.612.8
5295020220428 23.0 15.9  0.009999-99.9-99.9-99.9-99.9 5.5 5019.7 90 17.1  11  8.711.4 5.6
5295020220429 19.5  9.4  0.009999-99.9-99.9-99.9-99.9 7.9 7212.7 78 10.4  11  8.514.3 8.4
5295020220430 18.6 10.5  0.009999-99.9-99.9-99.9-99.9 0.4  414.2 82 12.1   6  4.6 5.0 2.8
5295020220501 19.3 15.3  1.219999-99.9-99.9-99.9-99.9-9.9 9918.3 96 16.1   5  4.2 2.4-9.9
5295020220502 18.0 13.2  0.009999-99.9-99.9-99.9-99.9 0.2  215.2 93 13.2  11  8.5 4.7 4.6
5295020220503 20.9  9.8  0.009999-99.9-99.9-99.9-99.9 7.6 7013.8 83 11.6   9  7.113.7 5.1
5295020220504 22.1  8.8  0.009999-99.9-99.9-99.9-99.9 9.1 8413.5 79 11.2   4  3.215.4 4.1
5295020220505 24.4 10.6  0.009999-99.9-99.9-99.9-99.9 6.1 5617.0 86 14.7   2  1.411.7 2.4
5295020220506 24.1 12.6  0.009999-99.9-99.9-99.9-99.9 4.7 4419.2 91 16.7   2  1.6 9.9 2.1
5295020220507 24.6 13.1  0.009999-99.9-99.9-99.9-99.9 8.3 7716.3 80 14.1   3  2.414.2 4.0
5295020220508 24.6  9.2  0.009999-99.9-99.9-99.9-99.9 9.1 8415.1 80 12.8   2  1.915.0 3.3
5295020220509 22.4  8.8  0.009999-99.9-99.9-99.9-99.9 3.0 2815.8 86 13.6   1  0.8 7.7 1.7
5295020220510 23.1 11.7  0.009999-99.9-99.9-99.9-99.9 6.7 6316.7 87 14.4   3  2.612.0 2.8
5295020220511 21.5 11.1  0.009999-99.9-99.9-99.9-99.9 8.0 7515.6 89 13.5   4  3.413.5 2.9
5295020220512 21.9  8.5  0.219999-99.9-99.9-99.9-99.9 8.4 7914.7 86 12.5   4  3.013.9 3.0
5295020220513 22.8  8.9  0.009999-99.9-99.9-99.9-99.9 6.9 6415.7 85 13.4   4  3.012.0 2.4
5295020220514 22.2  9.8  0.009999-99.9-99.9-99.9-99.9 7.2 6815.0 83 12.8   5  4.312.3 4.3
5295020220515 19.4 10.0  0.009999-99.9-99.9-99.9-99.9 8.0 7512.4 80  9.9   9  7.313.1 6.3
5295020220516 16.6  5.5  0.009999-99.9-99.9-99.9-99.9 8.5 8010.9 78  8.2   9  6.813.7 5.2
5295020220517 13.5  7.2  0.009999-99.9-99.9-99.9-99.9 4.4 4110.9 86  8.2  11  8.9 8.9 5.4
5295020220518 16.5  5.6  0.009999-99.9-99.9-99.9-99.9 7.4 7011.3 84  8.6   8  6.212.3 4.0
5295020220519 18.0  2.7  0.009999-99.9-99.9-99.9-99.9 7.7 7311.0 84  8.0   2  1.912.5 2.3
5295020220520 20.3  4.4  0.009999-99.9-99.9-99.9-99.9 8.5 8112.2 81  9.6   5  3.813.4 3.1
5295020220521 23.1  5.6  0.009999-99.9-99.9-99.9-99.9 7.2 6813.2 82 10.6   2  1.411.8 2.1
5295020220522 23.3  8.3  0.009999-99.9-99.9-99.9-99.9 8.0 7614.3 79 12.0   2  1.712.7 2.6
5295020220523 24.3  7.9  0.009999-99.9-99.9-99.9-99.9 8.0 7614.2 76 11.9   4  2.912.6 3.6
5295020220524 29.1 10.7  2.819999-99.9-99.9-99.9-99.9 6.9 6618.3 73 15.9   7  5.711.4 6.1
5295020220525 24.6 19.1  6.219999-99.9-99.9-99.9-99.9 1.4 1421.5 89 18.6   6  4.8 5.3 4.2
5295020220526 20.0 12.7  2.219999-99.9-99.9-99.9-99.9-9.9 9916.1100 14.1   9  7.6 1.1-9.9
5295020220527 16.7 14.0  0.219999-99.9-99.9-99.9-99.9-9.9 9917.1100 15.1   5  4.4 2.8-9.9
5295020220528 16.9 14.3  2.619999-99.9-99.9-99.9-99.9-9.9 9917.7100 15.6   4  3.2 1.5-9.9
5295020220529 17.8 11.4  0.009999-99.9-99.9-99.9-99.9 1.7 1716.0 99 13.8  10  8.1 5.6 2.8
5295020220530 14.7  4.0  0.009999-99.9-99.9-99.9-99.9 8.1 78 9.1 81  5.3   7  5.912.3 4.3
5295020220531 15.0  0.8  0.009999-99.9-99.9-99.9-99.9 8.1 79 8.0 76  3.5   4  3.312.4 2.8
5295020220601 16.0  1.6  0.009999-99.9-99.9-99.9-99.9 7.9 76 8.5 77  4.3   6  5.012.1 3.6
5295020220602 16.3  2.8  0.009999-99.9-99.9-99.9-99.9 7.8 76 8.9 75  5.0   7  5.211.9 4.0
5295020220603 17.3  1.5  0.009999-99.9-99.9-99.9-99.9 8.0 78 9.2 78  5.4   6  4.612.1 3.5
5295020220604 18.0  3.2  0.009999-99.9-99.9-99.9-99.9 5.1 4911.7 90  8.8   3  2.4 9.0 1.0
5295020220605 17.8 10.2  2.619999-99.9-99.9-99.9-99.9-9.9 9916.7 99 14.6   6  4.5 2.6-9.9
5295020220606 16.4 10.9  0.219999-99.9-99.9-99.9-99.9 0.9  914.9 98 12.8   7  5.7 4.5 1.9
5295020220607 17.5  7.3  0.219999-99.9-99.9-99.9-99.9 2.8 2713.2100 10.8   2  1.7 6.4 0.8
5295020220608 15.4  7.7  0.419999-99.9-99.9-99.9-99.9-9.9 9915.0100 12.9   1  1.2 2.6-9.9
5295020220609 15.2 13.2  0.009999-99.9-99.9-99.9-99.9-9.9 9915.6 99 13.6   5  3.7 3.0-9.9
5295020220610 14.8  5.3  0.009999-99.9-99.9-99.9-99.9 8.0 7810.4 80  7.0  10  8.011.9 6.2
5295020220611 16.5 -0.9  0.009999-99.9-99.9-99.9-99.9 8.4 82 7.4 72  2.3   2  1.612.3 2.0
5295020220612 19.7  3.2  0.009999-99.9-99.9-99.9-99.9 8.3 81 8.6 68  4.6   2  1.712.2 2.5
5295020220613 20.1  2.2  0.009999-99.9-99.9-99.9-99.9 8.3 81 9.3 69  5.7   4  3.212.2 3.9
5295020220614 22.7  5.6  0.009999-99.9-99.9-99.9-99.9 8.5 8311.9 71  9.4   6  5.112.3 5.0
5295020220615 25.1  6.7  0.009999-99.9-99.9-99.9-99.9 7.8 7713.7 76 11.2   3  2.311.6 3.0
5295020220616 19.8 12.1  1.419999-99.9-99.9-99.9-99.9 0.5  416.8 94 14.6   5  3.9 3.9 1.2
5295020220617 17.7 10.8  0.619999-99.9-99.9-99.9-99.9 5.5 5413.2 86 10.8   9  7.4 9.2 4.9
5295020220618 17.4  2.2  0.009999-99.9-99.9-99.9-99.9 7.5 73 8.0 68  3.6   2  1.911.2 2.9
5295020220619 19.6  1.2  0.009999-99.9-99.9-99.9-99.9 8.2 80 8.6 69  4.3   3  2.111.9 2.7
5295020220620 21.8  3.2  0.009999-99.9-99.9-99.9-99.9 8.1 7911.7 78  8.7   3  2.211.8 2.1
5295020220621 18.9 11.3  0.009999-99.9-99.9-99.9-99.9-9.9 9915.2 91 13.0   7  5.4 2.7-9.9
5295020220622 13.2  8.4  0.009999-99.9-99.9-99.9-99.9-9.9 9911.7 98  9.3  11  9.1 1.7-9.9
5295020220623 11.4  7.7  0.009999-99.9-99.9-99.9-99.9-9.9 9911.7100  9.2   7  5.5 2.6-9.9
5295020220624 13.0  9.6  0.219999-99.9-99.9-99.9-99.9-9.9 9913.4100 11.3   6  4.6 1.4-9.9
5295020220625 13.7 11.4  0.009999-99.9-99.9-99.9-99.9 0.0  014.0 97 11.9  10  8.3 3.5 1.7
5295020220626 14.4 10.0-99.999999-99.9-99.9-99.9-99.9-9.9 9912.7 90 10.5 -99-99.9 3.5-9.9
5295020220628-99.9-99.9-99.999999-99.9-99.9-99.9-99.9-9.9 99-9.9-99-99.9 -99-99.9-9.9-9.9
5295020220629 17.8  4.0  0.009999-99.9-99.9-99.9-99.9 7.9 7712.1 89  9.4   5  4.211.7 1.7
5295020220630 19.9  4.8  0.009999-99.9-99.9-99.9-99.9 6.9 6712.4 89  9.7   2  1.710.6 1.4
5295020220701 26.2  7.7  0.009999-99.9-99.9-99.9-99.9 4.2 4117.7 85 15.1   8  6.1 7.9 1.1
5295020220702 22.2 13.1  0.009999-99.9-99.9-99.9-99.9 4.5 4315.0 76 12.7  13 10.5 8.211.0
5295020220703 21.9 10.3  0.009999-99.9-99.9-99.9-99.9 4.6 4414.8 81 12.5   8  6.5 8.3 4.5
5295020220704 25.1 14.8  0.009999-99.9-99.9-99.9-99.9 3.7 3619.7 89 17.1   7  5.3 7.4 2.7
5295020220705 18.9 13.7  0.009999-99.9-99.9-99.9-99.9-9.9 9916.2 95 14.2   9  7.2 3.2-9.9
5295020220706 24.4 13.6  0.009999-99.9-99.9-99.9-99.9 2.1 2119.9 98 17.2   3  2.2 5.8 1.0
5295020220707 18.6 14.6  0.009999-99.9-99.9-99.9-99.9 0.3  314.5 73 11.9  13 10.0 3.9 9.1
5295020220708 22.2  9.2  0.009999-99.9-99.9-99.9-99.9 1.4 1414.4 78 11.8   6  5.1 5.1 3.7
5295020220709 30.8 16.4  0.009999-99.9-99.9-99.9-99.9 6.3 6121.3 71 18.4  12  9.310.210.2
5295020220710 28.1 20.5  0.009999-99.9-99.9-99.9-99.9 2.1 2120.6 70 17.9  10  7.7 5.911.3
5295020220711 23.9 10.8  7.019999-99.9-99.9-99.9-99.9-9.9 9916.0 99 13.8  13 10.4 1.1-9.9
5295020220712 15.6  4.7  0.009999-99.9-99.9-99.9-99.9 7.9 7610.6 89  7.6   3  2.612.0 2.0
5295020220713 18.7  2.6  0.009999-99.9-99.9-99.9-99.9 7.9 7611.8 81  9.0   7  5.312.1 2.5
5295020220714 25.5 13.0 13.419999-99.9-99.9-99.9-99.9 6.1 5919.2 86 16.6   7  5.310.3 3.1
5295020220715 20.4 14.2  5.019999-99.9-99.9-99.9-99.9-9.9 9918.7100 16.3  11  8.7 2.5-9.9
5295020220716 14.2  8.5  1.019999-99.9-99.9-99.9-99.9-9.9 9912.0100  9.6  15 11.9 1.7-9.9
5295020220717 14.2  4.9  0.009999-99.9-99.9-99.9-99.9 8.3 8010.6 88  7.8   3  2.412.8 2.0
5295020220718 16.7  4.0  0.009999-99.9-99.9-99.9-99.9 4.6 4412.2 89  9.6   3  2.7 8.8 1.2
5295020220719 20.5  8.3  0.009999-99.9-99.9-99.9-99.9 7.7 7412.9 79 10.6   5  4.212.2 4.2
5295020220720 26.2 10.1  0.009999-99.9-99.9-99.9-99.9 6.5 6219.4 89 16.5   4  3.010.9 1.6
5295020220721 26.7 16.1  0.009999-99.9-99.9-99.9-99.9 3.5 3322.1 86 19.0   2  1.3 7.6 2.2
5295020220722 24.7 16.4  3.819999-99.9-99.9-99.9-99.9 1.5 1422.0 96 18.9   5  4.3 5.5 2.3
5295020220723 27.2 17.6  0.009999-99.9-99.9-99.9-99.9 5.0 4721.9 82 18.9   5  4.4 9.3 4.1
5295020220724 28.6 17.9  0.009999-99.9-99.9-99.9-99.9 2.6 2423.0 84 19.7   3  2.0 6.7 2.6
5295020220725 30.3 19.8  0.009999-99.9-99.9-99.9-99.9 3.9 3722.2 73 19.2   6  4.8 8.2 6.2
5295020220726 32.7 21.1  0.009999-99.9-99.9-99.9-99.9 7.3 6920.9 64 18.1   6  5.112.210.0
5295020220727 32.5 17.4  0.009999-99.9-99.9-99.9-99.9 7.2 6820.4 67 17.7   5  3.912.1 7.5
5295020220728 23.7 11.2  3.819999-99.9-99.9-99.9-99.9-9.9 9915.1 95 12.9  12 10.0 2.2-9.9
5295020220729 18.1  5.4  0.009999-99.9-99.9-99.9-99.9 8.7 82 9.9 75  6.6   3  2.613.9 3.5
5295020220730 20.8  4.4  0.009999-99.9-99.9-99.9-99.9 8.8 8310.9 75  7.9   4  2.814.1 3.3
5295020220731 22.9  5.9  0.009999-99.9-99.9-99.9-99.9 8.7 8112.5 75  9.9   2  1.414.1 2.8
5295020220801 23.4  7.9  0.009999-99.9-99.9-99.9-99.9 8.4 7913.1 74 10.8   4  3.313.8 4.5
5295020220802 23.5 13.1  9.019999-99.9-99.9-99.9-99.9 2.4 2317.5 84 15.2   7  5.5 6.9 3.8
5295020220803 18.2 15.7 25.019999-99.9-99.9-99.9-99.9-9.9 9919.3100 17.0   9  7.0 1.7-9.9
5295020220804 17.2  9.9  0.219999-99.9-99.9-99.9-99.9 0.8  814.9100 12.8  11  9.1 5.1 3.4
5295020220805 18.0  3.9  0.009999-99.9-99.9-99.9-99.9 8.9 8311.1 85  8.1   4  3.514.7 2.9
5295020220806 15.4  5.8  0.009999-99.9-99.9-99.9-99.9 2.3 2111.5 92  8.9   6  5.2 6.9 1.6
5295020220807 19.7  5.6  0.009999-99.9-99.9-99.9-99.9 8.4 7813.2 91 10.7   6  5.214.3 2.0
5295020220808 15.7 10.3  0.219999-99.9-99.9-99.9-99.9 0.5  514.4 96 12.4   9  7.5 4.9 1.3
5295020220809 12.8  9.6  3.019999-99.9-99.9-99.9-99.9-9.9 9913.3100 11.2   9  7.2 3.5-9.9
5295020220810 16.9  4.7  0.009999-99.9-99.9-99.9-99.9 8.5 7811.2 86  8.3   4  3.314.7 2.9
5295020220811 20.2  5.4  0.009999-99.9-99.9-99.9-99.9 8.5 7712.7 84 10.1   4  3.414.7 2.8
5295020220812 23.2  8.7  0.009999-99.9-99.9-99.9-99.9 6.1 5614.8 81 12.6   5  3.711.9 3.5
5295020220813 26.4 10.8  0.009999-99.9-99.9-99.9-99.9 8.7 7917.1 80 14.8   6  5.015.1 4.9
5295020220814 28.7 15.8  0.219999-99.9-99.9-99.9-99.9 8.3 7619.8 74 17.3   9  7.314.8 9.4
5295020220815 25.4 15.2  0.219999-99.9-99.9-99.9-99.9 6.3 5718.6 81 16.0  11  8.612.4 9.7
5295020220816 22.1  6.2  0.009999-99.9-99.9-99.9-99.9 9.4 8511.4 71  8.7   6  5.116.3 6.9
5295020220817 24.7 11.2  0.009999-99.9-99.9-99.9-99.9 4.1 3714.8 80 12.3  12  9.6 9.7 7.5
5295020220818 15.5  4.5  0.009999-99.9-99.9-99.9-99.9 9.2 83 6.9 56  1.4  13 10.116.315.0
5295020220819 16.5 -1.1  0.009999-99.9-99.9-99.9-99.9 9.3 84 6.7 62  1.0   3  2.216.5 4.0
5295020220820 19.0  1.3  0.009999-99.9-99.9-99.9-99.9 9.9 89 7.5 62  2.6   4  3.617.3 6.0
5295020220821 21.0  2.6  0.009999-99.9-99.9-99.9-99.9 9.9 88 9.7 70  6.2   3  2.417.4 4.1
5295020220822 23.7  3.8  0.009999-99.9-99.9-99.9-99.9 8.6 7711.6 71  8.7   4  2.915.9 4.3
5295020220823 26.5 10.6  0.009999-99.9-99.9-99.9-99.9 5.1 4516.9 80 14.6   5  3.711.4 4.0
5295020220824 29.9 14.6  0.009999-99.9-99.9-99.9-99.9 7.7 6820.7 80 17.9   5  4.314.9 5.4
5295020220825 33.6 17.6  0.009999-99.9-99.9-99.9-99.9 7.8 6921.1 65 18.3   9  6.915.111.9
5295020220826 27.3 18.2  0.009999-99.9-99.9-99.9-99.9 4.5 4020.8 76 18.1  11  8.910.911.4
5295020220827 31.0 18.0  1.219999-99.9-99.9-99.9-99.9 6.7 6017.4 62 15.1  16 12.413.922.7
5295020220828 18.0  6.4  0.009999-99.9-99.9-99.9-99.9 8.2 72 8.1 61  3.6  16 13.216.019.2
5295020220829 18.2  0.9  0.009999-99.9-99.9-99.9-99.9 9.8 86 8.5 69  4.3   8  6.418.2 6.9
5295020220830 20.8  5.2  0.009999-99.9-99.9-99.9-99.9 6.5 5711.6 75  8.9   7  5.413.8 5.4
5295020220831 26.4 11.3  5.219999-99.9-99.9-99.9-99.9 8.6 7515.9 72 13.7   7  6.016.8 8.3
5295020220901 22.6 14.7  3.219999-99.9-99.9-99.9-99.9-9.9 9918.5 95 16.2   8  6.4 3.9-9.9
5295020220902 21.2 12.9  0.009999-99.9-99.9-99.9-99.9 7.9 6815.6 81 13.2  12  9.915.9 9.4
5295020220903 19.7  4.8  0.009999-99.9-99.9-99.9-99.910.5 91 8.8 62  4.9   7  5.319.7 8.9
5295020220904 19.9  4.0  0.009999-99.9-99.9-99.9-99.910.5 91 8.3 60  4.0   5  3.919.8 7.4
5295020220905 21.3  4.1  0.009999-99.9-99.9-99.9-99.910.1 8710.0 68  6.6   4  3.419.3 5.9
5295020220906 23.9  4.8  0.009999-99.9-99.9-99.9-99.910.0 8611.5 69  8.7   2  1.519.4 4.4
5295020220907 28.7  9.2  0.009999-99.9-99.9-99.9-99.910.3 8813.5 57 11.2   8  6.119.811.7
5295020220908 31.5 15.1  0.009999-99.9-99.9-99.9-99.9 6.0 5219.4 73 16.7   9  7.513.911.2
5295020220909 20.9 10.0  0.009999-99.9-99.9-99.9-99.9 7.2 6211.0 67  8.0  17 13.615.719.5
5295020220910 20.0  2.4  0.009999-99.9-99.9-99.9-99.910.6 90 7.8 58  3.1   4  3.320.6 6.9
5295020220911 21.7  5.0  0.009999-99.9-99.9-99.9-99.9 8.1 69 8.8 59  5.0   7  5.317.2 9.1
5295020220912 23.4  4.9  0.009999-99.9-99.9-99.9-99.910.5 89 9.5 59  6.0   6  5.020.7 9.5
5295020220913 23.6  4.6  0.009999-99.9-99.9-99.9-99.910.3 8710.6 63  7.6   8  6.220.510.2
5295020220914 23.2  7.3  0.009999-99.9-99.9-99.9-99.910.1 8511.8 68  9.2   7  5.820.3 9.4
5295020220915 24.5  7.0  0.009999-99.9-99.9-99.9-99.910.4 8812.1 66  9.5   4  3.120.9 6.9
5295020220916 26.1  7.6  0.009999-99.9-99.9-99.9-99.910.3 8613.5 66 11.1   8  6.120.8 9.9
5295020220917 29.3 12.2  0.009999-99.9-99.9-99.9-99.910.1 8515.1 62 12.9  10  8.320.714.9
5295020220918 24.5 15.2  0.619999-99.9-99.9-99.9-99.9 3.7 3115.2 64 13.2  13 10.211.215.5
5295020220919 23.9 14.9  0.009999-99.9-99.9-99.9-99.9 4.3 3617.2 81 15.0  11  8.812.3 9.6
5295020220920 24.3 14.0  0.009999-99.9-99.9-99.9-99.9 2.9 2417.6 83 15.4   6  5.210.2 4.4
5295020220921 18.3 14.2 18.019999-99.9-99.9-99.9-99.9 0.3  317.0 97 14.9  10  7.8 6.4 3.4
5295020220922 19.9  8.7  0.009999-99.9-99.9-99.9-99.9 8.5 7112.3 78  9.8   9  7.218.8 7.9
5295020220923 23.3  7.3  0.009999-99.9-99.9-99.9-99.910.8 8910.1 56  7.0   3  2.722.3 7.4
5295020220924 24.3  7.4  0.009999-99.9-99.9-99.9-99.910.8 8911.2 61  8.4   6  4.622.4 9.5
5295020220925 26.5  8.5  0.009999-99.9-99.9-99.9-99.910.2 8412.6 63 10.1   5  4.121.7 8.8
5295020220926 28.0 10.5  0.009999-99.9-99.9-99.9-99.910.4 8513.4 60 11.0   4  3.422.1 9.1
5295020220927 28.2 11.7  0.009999-99.9-99.9-99.9-99.910.8 8812.8 52 10.5  11  8.722.718.4
5295020220928 23.4 13.3  0.009999-99.9-99.9-99.9-99.9 4.2 3411.9 55  9.5  13 10.412.619.1
5295020220929 24.0  9.8  0.009999-99.9-99.9-99.9-99.9 9.6 7913.2 67 10.9   9  7.321.212.6
5295020220930 25.4  9.1  0.009999-99.9-99.9-99.9-99.910.6 8613.8 69 11.5   6  4.522.8 8.9
5295020221001 26.4  9.8  0.009999-99.9-99.9-99.9-99.910.6 8614.5 68 12.3   5  3.922.8 8.6
5295020221002 26.6  9.9  0.009999-99.9-99.9-99.9-99.910.9 8813.7 65 11.4   7  5.823.511.6
5295020221003 28.3  9.7  0.009999-99.9-99.9-99.9-99.910.9 8812.8 56 10.4   7  6.023.513.7
5295020221004 27.2 10.0  0.009999-99.9-99.9-99.9-99.911.2 9011.3 55  8.6   9  7.424.116.8
5295020221005 28.2 11.6 20.019999-99.9-99.9-99.9-99.9 4.9 3915.2 65 13.0  10  8.314.211.8
5295020221006 20.9 15.1  5.219999-99.9-99.9-99.9-99.9-9.9 9917.6 95 15.5  11  8.5 5.1-9.9
5295020221007 27.6 11.7  0.009999-99.9-99.9-99.9-99.911.0 8815.1 65 12.9   4  3.524.1 8.7
5295020221008 28.1 14.1  0.009999-99.9-99.9-99.9-99.9 8.7 7012.9 52  9.7  15 12.020.523.8
5295020221009 19.5  9.7  0.009999-99.9-99.9-99.9-99.9 6.2 49 7.8 53  3.4  11  8.616.517.2
5295020221010 21.4  6.3  0.009999-99.9-99.9-99.9-99.9 9.5 75 9.1 54  5.4   9  7.321.813.4
5295020221011 24.2  8.0  0.009999-99.9-99.9-99.9-99.910.7 8511.7 64  9.1   5  4.023.9 8.7
5295020221012 26.6  7.6  0.009999-99.9-99.9-99.9-99.911.4 9012.2 57  9.6   3  2.225.1 8.0
5295020221013 29.3 13.7  0.009999-99.9-99.9-99.9-99.910.4 8215.3 59 13.0   9  7.223.615.9
5295020221014 26.0 11.7  0.009999-99.9-99.9-99.9-99.910.5 8213.1 59 10.9  12  9.923.818.3
5295020221015 27.2 13.0  0.009999-99.9-99.9-99.9-99.910.2 8017.0 71 14.8  10  8.323.412.7
5295020221016 27.5 13.9  0.009999-99.9-99.9-99.9-99.910.1 7916.6 67 14.4  10  8.123.414.8
5295020221017 23.1 12.2  0.009999-99.9-99.9-99.9-99.9 4.6 3615.4 74 13.3  11  8.714.510.4
5295020221018 28.2 12.5  0.009999-99.9-99.9-99.9-99.910.3 8116.9 70 14.7   6  4.823.910.0
5295020221019 29.7 14.1 15.419999-99.9-99.9-99.9-99.9 6.4 5020.1 73 17.4   6  4.617.5 8.2
5295020221020 26.4 18.3  0.009999-99.9-99.9-99.9-99.9 6.8 5321.2 85 18.3  10  8.418.2 9.5
5295020221021 28.4 15.7  0.009999-99.9-99.9-99.9-99.9 9.1 7019.8 75 17.2   6  5.022.0 9.2
5295020221022 29.0 14.9  0.009999-99.9-99.9-99.9-99.9 8.1 6319.6 73 17.0   8  6.320.510.7
5295020221023 25.8 12.4  0.009999-99.9-99.9-99.9-99.910.8 8315.2 68 13.2   8  6.525.012.3
5295020221024 31.0 13.5  0.009999-99.9-99.9-99.9-99.911.0 8515.3 55 13.2   7  5.425.514.4
5295020221025 33.6 15.3  3.019999-99.9-99.9-99.9-99.911.2 8616.6 50 14.5   7  5.825.816.5
5295020221026 25.6 18.2 19.819999-99.9-99.9-99.9-99.9 1.1  820.1 87 17.4  10  7.9 9.0 9.5
5295020221027 29.7 14.7  0.009999-99.9-99.9-99.9-99.911.7 8917.4 64 15.1   4  3.526.810.5
5295020221028 31.6 15.7  0.009999-99.9-99.9-99.9-99.911.7 9016.2 53 14.1   6  4.527.013.9
5295020221029 36.3 20.2  0.009999-99.9-99.9-99.9-99.910.4 7924.6 59 20.6   6  4.824.713.6
5295020221030 32.4 15.0  0.009999-99.9-99.9-99.9-99.9 4.9 3820.3 75 17.1  21 16.715.624.6
5295020221031 19.4 11.5  0.009999-99.9-99.9-99.9-99.9 9.7 74 9.6 54  6.1  19 15.423.8-9.9
5295020221101 21.8  5.0  0.009999-99.9-99.9-99.9-99.912.2 92 8.6 50  4.7   6  5.128.012.3
5295020221102 24.6  6.3  0.009999-99.9-99.9-99.9-99.912.2 92 9.9 49  6.7   4  3.528.010.8
5295020221103 27.9  9.6  0.009999-99.9-99.9-99.9-99.912.2 9211.1 47  8.3   6  4.528.213.7
5295020221104 28.6 10.6  0.009999-99.9-99.9-99.9-99.911.9 9012.4 51 10.0   8  6.327.716.7
5295020221105 28.6 10.4  0.009999-99.9-99.9-99.9-99.912.1 9113.2 53 10.9   8  6.528.016.2
5295020221106 29.8 13.0  0.009999-99.9-99.9-99.9-99.911.9 8914.0 51 11.7  10  8.327.720.1
5295020221107 30.3 13.6  0.009999-99.9-99.9-99.9-99.912.0 9013.3 47 10.9  11  8.428.122.9
5295020221108 28.7 11.8  0.009999-99.9-99.9-99.9-99.912.3 9213.0 53 10.7   8  6.328.517.1
5295020221109 31.0 12.6  0.419999-99.9-99.9-99.9-99.911.7 8714.1 50 12.0  10  8.127.620.6
5295020221110 23.1 17.0  0.009999-99.9-99.9-99.9-99.9-9.9 9917.4 78 15.2   6  5.1 5.1-9.9
5295020221111 32.8 14.5  0.009999-99.9-99.9-99.9-99.910.2 7619.1 60 16.7   8  6.025.014.5
5295020221112 28.8 17.3  8.219999-99.9-99.9-99.9-99.9 2.3 1723.5 83 19.9   8  6.711.5 7.8
5295020221113 27.2 20.1  0.009999-99.9-99.9-99.9-99.9 2.1 1622.2 85 19.0   7  5.411.3 6.9
5295020221114 28.4 16.1  0.009999-99.9-99.9-99.9-99.912.3 9113.8 49 11.5  12  9.728.823.6
5295020221115 33.6 15.0  0.009999-99.9-99.9-99.9-99.912.2 9013.1 39 10.8   5  3.828.615.5
5295020221116 35.8 14.1  0.009999-99.9-99.9-99.9-99.912.1 8914.7 39 12.6   5  4.228.516.9
5295020221117 34.8 15.8  0.009999-99.9-99.9-99.9-99.912.1 8915.2 41 13.0   6  5.128.619.5
5295020221118 36.8 16.4  0.009999-99.9-99.9-99.9-99.912.2 9014.9 37 12.8   8  6.428.822.7
5295020221119 37.9 17.3  0.009999-99.9-99.9-99.9-99.911.8 8716.4 38 14.2   8  6.328.223.2
5295020221120 29.0 20.6  3.819999-99.9-99.9-99.9-99.9-9.9 9921.6 81 18.6   5  3.8 4.5-9.9
5295020221121 23.7 18.5  2.019999-99.9-99.9-99.9-99.9 0.8  522.9 94 19.6  10  7.7 9.1 4.5
5295020221122 26.3 13.8  0.009999-99.9-99.9-99.9-99.912.4 9115.2 64 12.9   9  7.229.315.4
5295020221123 30.8 11.5  0.009999-99.9-99.9-99.9-99.912.5 9112.5 43 10.1   4  2.929.512.5
5295020221124 35.1 15.5  0.009999-99.9-99.9-99.9-99.912.1 8813.8 38 11.7   4  3.328.914.7
5295020221125 37.0 16.4  0.009999-99.9-99.9-99.9-99.911.8 8616.4 40 14.3   6  4.528.417.9
5295020221126 36.6 18.0  0.009999-99.9-99.9-99.9-99.912.1 8814.7 33 12.5   9  7.329.0-9.9
5295020221127 37.0 17.8  0.009999-99.9-99.9-99.9-99.912.0 8720.0 50 17.3   7  5.528.818.6
5295020221128 35.9 20.1  0.009999-99.9-99.9-99.9-99.911.5 8420.5 50 17.7   9  7.628.023.2
5295020221129 36.6 17.6  0.009999-99.9-99.9-99.9-99.911.6 8418.6 46 16.2   6  4.628.017.4
5295020221130 38.7 21.2  0.009999-99.9-99.9-99.9-99.911.1 8120.6 49 17.9   8  6.327.321.7
5295020221201 33.3 20.2 19.819999-99.9-99.9-99.9-99.9 4.5 3223.1 81 19.7   8  6.615.712.0
5295020221202 31.1 17.8  0.009999-99.9-99.9-99.9-99.9 9.5 6920.9 68 18.1   9  7.424.615.2
5295020221203 33.5 19.5  0.009999-99.9-99.9-99.9-99.9 8.8 6422.8 67 19.5   6  4.823.412.6
5295020221204 34.6 19.5  0.009999-99.9-99.9-99.9-99.911.6 8421.5 59 18.3   6  4.628.314.9
5295020221205 35.6 20.1  0.009999-99.9-99.9-99.9-99.911.9 8520.8 51 17.9   6  5.128.718.0
5295020221206 38.4 20.2  0.009999-99.9-99.9-99.9-99.912.0 8622.4 50 19.1   5  3.928.915.9
5295020221207 39.6 23.3  0.009999-99.9-99.9-99.9-99.911.9 8522.3 44 19.1   6  4.528.719.3
5295020221208 37.4 24.0  0.009999-99.9-99.9-99.9-99.9 4.7 3423.9 61 20.2   9  7.516.219.7
5295020221209 40.0 21.9  8.419999-99.9-99.9-99.9-99.9 8.2 5926.4 50 21.9   8  6.722.319.9
5295020221210 34.1 22.0 10.819999-99.9-99.9-99.9-99.9-9.9 9926.6 93 22.1  11  8.6 3.0-9.9
5295020221211 36.6 22.1  0.009999-99.9-99.9-99.9-99.910.5 7528.4 66 23.1   6  4.526.313.1
5295020221212 37.6 25.6  0.009999-99.9-99.9-99.9-99.9 9.4 6826.9 59 21.6   8  6.824.519.5
5295020221213 32.8 16.3  0.009999-99.9-99.9-99.9-99.912.8 9113.6 41 11.4   3  2.830.314.3
5295020221214 34.9 15.8  0.009999-99.9-99.9-99.9-99.912.5 9014.5 39 12.5   5  4.329.917.7
5295020221215 33.9 15.7  0.009999-99.9-99.9-99.9-99.9 5.5 3917.4 49 15.2   9  6.817.718.5
5295020221216 31.5 18.1  0.009999-99.9-99.9-99.9-99.912.1 8713.6 42 10.8  12  9.429.2-9.9
5295020221217 28.1 15.3  0.009999-99.9-99.9-99.9-99.9 5.4 3913.7 51 11.4   9  7.117.517.8
5295020221218 32.7 17.5  0.009999-99.9-99.9-99.9-99.911.8 8515.0 47 12.8   6  5.228.818.0
5295020221219 34.9 18.0  0.009999-99.9-99.9-99.9-99.910.5 7517.8 49 15.4   6  4.726.416.5
5295020221220 35.7 19.4  0.009999-99.9-99.9-99.9-99.912.2 8817.8 46 15.4   7  5.829.520.8
5295020221221 36.7 18.7  0.009999-99.9-99.9-99.9-99.911.5 8218.7 46 16.3   7  5.628.219.7
5295020221222 38.1 20.9  0.009999-99.9-99.9-99.9-99.9 9.6 6919.0 43 16.6   7  5.624.820.4
5295020221223 37.5 24.3  0.009999-99.9-99.9-99.9-99.9 9.1 6520.9 49 18.1  11  9.024.0-9.9
5295020221224 34.0 21.6  0.009999-99.9-99.9-99.9-99.9 5.3 3822.4 63 19.3  12  9.317.319.1
5295020221225 30.4 18.5  0.009999-99.9-99.9-99.9-99.9 5.4 3818.8 56 16.3  13 10.817.421.9
5295020221226 31.2 17.1  5.019999-99.9-99.9-99.9-99.9 6.9 5013.6 45 11.4   9  6.920.219.8
5295020221227 24.5 17.8 10.819999-99.9-99.9-99.9-99.9-9.9 9919.9 92 17.2   4  2.8 6.9-9.9
5295020221228 32.7 15.4  0.009999-99.9-99.9-99.9-99.912.0 8620.3 67 17.4   5  4.029.011.6
5295020221229 34.4 16.2  0.009999-99.9-99.9-99.9-99.912.1 8716.9 48 14.6   3  2.529.312.4
5295020221230 36.9 19.2  0.009999-99.9-99.9-99.9-99.912.2 8716.9 39 14.7   4  3.629.316.8
5295020221231 38.9 23.6  0.009999-99.9-99.9-99.9-99.911.9 8515.5 30 13.5   6  5.128.823.1
5295020230101 40.6 22.3 50.819999-99.9-99.9-99.9-99.9 4.8 3422.3 60 19.0  10  7.916.418.7
5295020230102 32.7 20.1  0.009999-99.9-99.9-99.9-99.912.6 9020.0 58 16.9  10  8.430.121.5
5295020230103 34.1 15.9  0.009999-99.9-99.9-99.9-99.9 9.4 6815.1 43 13.1   4  2.924.512.6
5295020230104 34.0 19.5  0.009999-99.9-99.9-99.9-99.912.2 8815.0 38 12.8   8  6.729.424.0
5295020230105 36.1 17.0  0.009999-99.9-99.9-99.9-99.912.0 8616.3 45 14.0   5  3.729.015.9
5295020230106 37.6 19.6  0.009999-99.9-99.9-99.9-99.911.5 8317.1 40 15.0   4  3.528.116.3
5295020230107 36.9 20.1  0.009999-99.9-99.9-99.9-99.912.0 8616.9 41 14.8   6  5.129.020.5
5295020230108 36.9 18.5  0.009999-99.9-99.9-99.9-99.912.0 8716.8 42 14.7   5  4.329.018.2
5295020230109 36.8 19.6  0.009999-99.9-99.9-99.9-99.912.2 8816.8 40 14.6   4  2.829.314.9
5295020230110 39.0 20.6  0.009999-99.9-99.9-99.9-99.911.1 8017.8 38 15.4   4  3.427.416.3
5295020230111 40.5 23.1  0.009999-99.9-99.9-99.9-99.9 8.7 6321.1 47 18.2  10  7.923.224.9
5295020230112 34.4 20.8 19.019999-99.9-99.9-99.9-99.9 4.6 3323.1 68 19.7   7  5.715.912.4
5295020230113 27.1 19.8  0.009999-99.9-99.9-99.9-99.9 2.2 1622.7 81 19.4   5  4.011.7 6.2
5295020230114 33.1 16.3  0.009999-99.9-99.9-99.9-99.910.8 7817.9 56 15.5   2  2.026.810.1
5295020230115 35.1 17.9  0.009999-99.9-99.9-99.9-99.912.0 8715.7 42 13.6   3  2.728.914.0
5295020230116 37.0 19.0  0.009999-99.9-99.9-99.9-99.911.7 8517.9 42 15.6   5  3.828.416.5
5295020230117 38.2 20.5  0.009999-99.9-99.9-99.9-99.9 9.6 7021.5 47 18.6   4  3.124.714.1
5295020230118 37.5 23.7  0.009999-99.9-99.9-99.9-99.9 9.6 7022.1 49 19.1   8  6.724.521.4
5295020230119 40.0 23.5  2.019999-99.9-99.9-99.9-99.9 9.3 6826.0 59 21.7   4  3.624.013.2
5295020230120 39.7 23.6  0.009999-99.9-99.9-99.9-99.911.4 8324.4 47 20.6   9  7.027.722.7
5295020230121 33.6 20.3 18.019999-99.9-99.9-99.9-99.9-9.9 9924.0 90 20.4   9  7.5 2.9-9.9
5295020230122 35.6 19.2  0.009999-99.9-99.9-99.9-99.911.0 8125.0 66 20.9   4  3.227.011.0
5295020230123 38.1 21.2  0.009999-99.9-99.9-99.9-99.911.8 8620.0 45 17.4   3  2.828.314.2
5295020230124 39.6 19.4  0.009999-99.9-99.9-99.9-99.911.5 8419.9 41 17.2   4  3.527.716.1
5295020230125 36.1 22.8 12.419999-99.9-99.9-99.9-99.9 4.1 3023.1 62 19.7   5  4.214.812.2
5295020230126 36.3 22.7  0.009999-99.9-99.9-99.9-99.9 9.6 7128.1 72 22.9   6  4.824.312.1
5295020230127 39.1 23.0  0.009999-99.9-99.9-99.9-99.910.3 7626.2 62 21.7  11  9.125.621.4
5295020230128 33.7 22.6  0.009999-99.9-99.9-99.9-99.9 2.7 2025.7 68 21.5   7  5.712.411.0
5295020230129 37.5 21.8  0.009999-99.9-99.9-99.9-99.9 9.4 7022.7 51 19.3   7  5.624.018.3
5295020230130 37.4 21.4  0.009999-99.9-99.9-99.9-99.910.7 8018.5 44 16.0   6  5.226.220.1
5295020230131 38.8 20.2  0.009999-99.9-99.9-99.9-99.911.8 8718.5 45 16.0   4  3.227.915.5
5295020230201 40.1 19.5  0.009999-99.9-99.9-99.9-99.911.5 8516.9 36 14.8   4  2.827.415.2
5295020230202 30.2 21.7  0.009999-99.9-99.9-99.9-99.9 0.7  522.9 77 19.5  10  7.9 8.713.3
5295020230203 32.8 19.8  0.009999-99.9-99.9-99.9-99.9 8.2 6121.9 65 18.8  13 10.221.718.9
5295020230204 33.0 18.8  0.009999-99.9-99.9-99.9-99.910.4 7818.2 53 15.7   9  6.925.519.8
5295020230205 33.1 14.4  0.009999-99.9-99.9-99.9-99.911.9 9012.9 39 10.6   4  3.328.014.6
5295020230206 37.8 16.8  0.009999-99.9-99.9-99.9-99.911.2 8414.6 35 12.5   4  3.326.815.4
5295020230207 40.6 18.8  0.009999-99.9-99.9-99.9-99.910.9 8217.5 37 15.2   5  3.926.217.8
5295020230208 39.6 25.2 11.619999-99.9-99.9-99.9-99.9 6.4 4922.1 53 19.1   8  6.818.521.3
5295020230209 31.2 21.8  0.009999-99.9-99.9-99.9-99.9 3.5 2624.8 74 20.9   9  7.313.311.2
5295020230210 37.5 21.9  0.009999-99.9-99.9-99.9-99.910.2 7724.0 56 20.3   3  2.524.811.4
5295020230211 38.4 22.7  0.009999-99.9-99.9-99.9-99.910.8 8223.7 51 20.2   5  4.225.716.1
5295020230212 39.5 22.2  0.009999-99.9-99.9-99.9-99.911.0 8422.0 46 18.9   8  6.726.123.6
5295020230213 39.9 25.4  0.009999-99.9-99.9-99.9-99.9 9.7 7424.3 51 20.6   9  7.123.824.1
5295020230214 37.9 24.4  0.009999-99.9-99.9-99.9-99.9 5.0 3924.7 66 20.8   9  7.415.817.2
5295020230215 37.9 19.1  0.009999-99.9-99.9-99.9-99.910.9 8422.0 55 18.9   3  2.325.711.1
5295020230216 30.5 19.2  4.419999-99.9-99.9-99.9-99.9 0.6  523.6 84 20.0  11  8.6 8.211.1
5295020230217 20.8 11.2  0.009999-99.9-99.9-99.9-99.9 4.9 3810.0 52  6.4  18 14.115.5-9.9
5295020230218 24.9  5.9  0.009999-99.9-99.9-99.9-99.912.2 94 9.0 49  5.3   5  3.927.711.8
5295020230219 29.0 10.0  0.009999-99.9-99.9-99.9-99.911.4 88 9.4 37  5.9   5  4.026.214.1
5295020230220 33.6 13.6  0.009999-99.9-99.9-99.9-99.911.4 8811.6 39  8.9   5  4.226.216.0
5295020230221 35.7 15.7  0.009999-99.9-99.9-99.9-99.9 9.9 7717.5 49 15.1   5  3.823.613.8
5295020230222 34.7 20.8  0.009999-99.9-99.9-99.9-99.9 5.7 4419.2 53 16.8   8  6.316.517.5
5295020230223 33.9 19.1  0.009999-99.9-99.9-99.9-99.9 4.9 3821.0 64 18.2   6  4.715.111.4
5295020230224 34.2 20.8  0.009999-99.9-99.9-99.9-99.9 9.7 7620.8 58 18.0   6  5.023.114.9
5295020230225 36.4 16.8  0.009999-99.9-99.9-99.9-99.910.7 8420.3 55 17.6   5  3.824.713.4
5295020230226 37.2 19.2  2.219999-99.9-99.9-99.9-99.9 7.4 5819.8 57 17.2   6  5.019.115.6
5295020230227 36.8 18.8  0.009999-99.9-99.9-99.9-99.9 9.0 7121.5 61 18.5   5  3.621.611.8
5295020230228 37.1 19.6  0.009999-99.9-99.9-99.9-99.910.5 8319.5 47 16.9   6  5.124.017.5
5295020230301 37.7 20.0  7.819999-99.9-99.9-99.9-99.9 8.3 6622.0 62 18.9   8  6.120.416.2
5295020230302 27.5 21.3 43.819999-99.9-99.9-99.9-99.9 2.0 1626.3 92 21.9   4  3.410.0 3.7
5295020230303 30.9 21.2  6.019999-99.9-99.9-99.9-99.9 4.0 3227.5 91 22.6   4  3.613.3 4.1
5295020230304 32.7 21.6  0.009999-99.9-99.9-99.9-99.9 6.9 5528.5 85 23.1   3  2.618.0 5.9
5295020230305 36.2 21.4  0.009999-99.9-99.9-99.9-99.910.4 8324.6 61 20.7   5  3.923.412.2
5295020230306 34.6 21.4  0.009999-99.9-99.9-99.9-99.910.9 8720.9 55 18.0   7  5.524.216.8
5295020230307 33.0 18.5  0.009999-99.9-99.9-99.9-99.9 7.1 5720.8 63 17.9   3  2.118.1 8.0
5295020230308 36.0 21.2  0.009999-99.9-99.9-99.9-99.910.5 8421.2 56 18.3   4  3.223.412.1
5295020230309 37.2 20.3  0.009999-99.9-99.9-99.9-99.9 9.5 7622.2 54 19.1   4  2.921.711.6
5295020230310 37.0 23.7  0.009999-99.9-99.9-99.9-99.910.3 8324.5 57 20.7   5  3.722.813.6
5295020230311 38.3 21.7  0.009999-99.9-99.9-99.9-99.910.2 8322.5 50 19.2   5  3.622.614.0
5295020230312 38.4 22.2  0.009999-99.9-99.9-99.9-99.910.0 8122.8 53 19.4   5  4.422.115.3
5295020230313 37.5 22.8  0.009999-99.9-99.9-99.9-99.9 8.5 6924.6 56 20.8   6  4.519.814.0
5295020230314 35.2 22.2  0.009999-99.9-99.9-99.9-99.9 8.1 6625.8 67 21.6   6  5.119.113.2
5295020230315 35.2 22.8  4.219999-99.9-99.9-99.9-99.9 4.5 3728.0 78 22.9   5  3.713.3 7.3
5295020230316 29.7 22.9  0.009999-99.9-99.9-99.9-99.9 0.7  629.6 91 23.8   3  2.8 7.3 2.9
5295020230317 33.6 23.2  0.009999-99.9-99.9-99.9-99.9 3.9 3229.7 86 23.9   6  4.412.3 6.2
5295020230318 34.9 22.6  0.009999-99.9-99.9-99.9-99.9 5.2 4228.4 75 23.0   4  2.914.1 6.6
5295020230319 36.2 21.6  0.009999-99.9-99.9-99.9-99.910.1 8326.3 65 21.8   5  3.721.611.1
5295020230320 37.0 23.4  0.009999-99.9-99.9-99.9-99.9 9.2 7625.8 60 21.6   4  3.220.111.0
5295020230321 37.0 22.8  0.009999-99.9-99.9-99.9-99.9 7.0 5826.5 66 21.9   8  6.516.714.5
5295020230322 33.7 22.6  0.009999-99.9-99.9-99.9-99.9 5.2 4327.7 79 22.7  10  7.913.911.6
5295020230323 33.1 20.9  1.219999-99.9-99.9-99.9-99.9 6.1 5127.3 76 22.4   7  5.815.2 9.3
5295020230324 28.8 21.0  6.619999-99.9-99.9-99.9-99.9 2.0 1727.6 91 22.7   6  5.1 8.9 4.4
5295020230325 29.6 22.3  1.019999-99.9-99.9-99.9-99.9 5.2 4326.5 84 21.9   7  5.513.6 6.7
5295020230326 31.8 19.4  0.009999-99.9-99.9-99.9-99.9 8.2 6821.8 68 18.7   7  5.318.011.1
5295020230327 30.3 16.1  0.009999-99.9-99.9-99.9-99.910.3 8718.7 66 16.3   5  3.621.1 9.8
5295020230328 33.0 15.8  0.009999-99.9-99.9-99.9-99.9 9.2 7818.9 59 16.5   5  4.019.410.2
5295020230329 37.2 23.3 35.419999-99.9-99.9-99.9-99.9 8.1 6825.5 67 21.3  11  9.017.619.3
5295020230330 31.2 21.4  0.009999-99.9-99.9-99.9-99.9 7.2 6128.4 85 23.1   6  4.616.2 6.5
5295020230331 29.7 22.1  5.819999-99.9-99.9-99.9-99.9 0.6  526.7 91 22.1   8  6.6 6.5 6.1
5295020230401 24.5 14.2  0.009999-99.9-99.9-99.9-99.910.0 8514.6 66 12.6   9  7.520.113.4
5295020230402 29.7 13.1  0.009999-99.9-99.9-99.9-99.9 9.8 8315.4 62 13.3   5  4.019.7 9.5
5295020230403 33.8 16.0 10.619999-99.9-99.9-99.9-99.9 9.3 7918.0 61 15.8   8  6.218.813.3
5295020230404 23.8 17.9  0.419999-99.9-99.9-99.9-99.9-9.9 9920.7 87 18.0   8  6.6 5.2-9.9
5295020230405 28.2 18.3  0.009999-99.9-99.9-99.9-99.9 5.1 4423.2 83 19.8   5  4.012.7 4.8
5295020230406 29.1 19.3  0.009999-99.9-99.9-99.9-99.9 7.8 6723.4 80 19.9   5  4.116.4 7.1
5295020230407 28.8 16.6  0.009999-99.9-99.9-99.9-99.9 8.6 7420.6 77 17.8   5  3.717.4 7.0
5295020230408 27.9 14.0  0.009999-99.9-99.9-99.9-99.9 9.7 8417.7 72 15.5   4  2.918.9 6.7
5295020230409 29.2 14.7  0.009999-99.9-99.9-99.9-99.9 7.7 6618.7 72 16.3   2  1.715.9 5.3
5295020230410 30.8 14.5  0.009999-99.9-99.9-99.9-99.9 9.6 8319.2 72 16.7   2  1.618.5 5.6
5295020230411 32.8 17.6  0.009999-99.9-99.9-99.9-99.9 7.9 6922.7 66 19.4   6  5.016.1 9.3
5295020230412 32.7 20.9 20.419999-99.9-99.9-99.9-99.9 3.1 2724.7 85 20.8   9  7.0 9.4 8.3
5295020230413 21.4 16.2  0.009999-99.9-99.9-99.9-99.9 0.6  618.1 88 15.9  15 12.1 6.0 7.5
5295020230414 22.8 10.8  0.009999-99.9-99.9-99.9-99.9 9.0 7915.1 80 13.0  10  7.617.2 8.3
5295020230415 25.0 12.8  0.009999-99.9-99.9-99.9-99.9 8.0 7017.2 79 15.0   7  5.315.8 6.6
5295020230416 24.0 15.5  0.009999-99.9-99.9-99.9-99.9 1.4 1219.8 90 17.2   6  4.8 6.8 3.2
5295020230417 24.5 13.6  0.009999-99.9-99.9-99.9-99.9 7.5 6717.4 80 15.2   5  4.115.0 6.3
5295020230418 23.4 10.9  0.009999-99.9-99.9-99.9-99.9 7.2 6415.4 78 13.3   4  3.414.5 4.8
5295020230419 24.7 13.7  0.009999-99.9-99.9-99.9-99.9 7.5 6612.9 57 10.6   9  7.314.713.0
5295020230420 22.4  6.6  0.009999-99.9-99.9-99.9-99.9 8.0 7111.2 66  8.4   4  3.115.3 6.0
5295020230421 24.9  9.4  0.009999-99.9-99.9-99.9-99.9 7.1 6413.1 67 10.8   5  4.114.1 6.5
5295020230422 25.8 12.0  0.009999-99.9-99.9-99.9-99.9 4.5 4015.9 74 13.7   2  1.610.6 3.5
5295020230423 28.2 16.4  0.009999-99.9-99.9-99.9-99.9 4.4 4016.6 63 14.5   6  4.710.5 8.2
5295020230424 22.5 16.4  2.419999-99.9-99.9-99.9-99.9-9.9 9918.6 87 16.3   4  3.6 4.6-9.9
5295020230425 23.2 16.1  0.009999-99.9-99.9-99.9-99.9 5.8 5219.3 90 16.9   3  2.512.0 3.1
5295020230426 25.1 11.1  0.009999-99.9-99.9-99.9-99.9 7.0 6317.8 83 15.4   3  2.213.5 3.5
5295020230427 27.3 12.0  0.009999-99.9-99.9-99.9-99.9 7.8 7017.8 77 15.5   2  1.314.4 3.6
5295020230428 27.5 12.4  0.009999-99.9-99.9-99.9-99.9 8.4 7617.8 74 15.5   5  4.215.1 6.5
5295020230429 29.5 14.6  0.009999-99.9-99.9-99.9-99.9 8.3 7619.7 70 17.1   9  7.614.9 9.8
5295020230430 32.5 21.0  7.619999-99.9-99.9-99.9-99.9 6.9 6324.7 74 20.7  12  9.813.013.9
5295020230501 27.4 14.1  0.619999-99.9-99.9-99.9-99.9-9.9 9916.3 90 14.2  16 13.0 2.8-9.9
5295020230502 19.4 11.9  0.009999-99.9-99.9-99.9-99.9 2.2 2014.2 80 12.2  17 13.3 7.0 9.3
5295020230503 18.3 13.2  0.009999-99.9-99.9-99.9-99.9-9.9 9916.2 92 14.0  11  8.6 3.7-9.9
5295020230504 18.2 16.4-99.999999-99.9-99.9-99.9-99.9-9.9 9919.7100 17.2   5  4.3 2.2-9.9
5295020230505-99.9-99.9-99.999999-99.9-99.9-99.9-99.9-9.9 99-9.9-99-99.9 -99-99.9-9.9-9.9
5295020230506-99.9-99.9-99.999999-99.9-99.9-99.9-99.9-9.9 99-9.9-99-99.9 -99-99.9-9.9-9.9
5295020230507-99.9-99.9-99.999999-99.9-99.9-99.9-99.9-9.9 99-9.9-99-99.9 -99-99.9-9.9-9.9
5295020230508 25.9 10.6  0.009999-99.9-99.9-99.9-99.9 8.2 7616.0 78 13.7   3  2.014.0 3.5
5295020230509 26.1 10.7  0.009999-99.9-99.9-99.9-99.9 8.2 7715.9 79 13.7   2  1.513.9 3.3
5295020230510 26.1  8.4  0.009999-99.9-99.9-99.9-99.9 7.8 7315.4 75 13.2   2  1.913.3 3.5
5295020230511 22.6 10.7  0.009999-99.9-99.9-99.9-99.9 5.1 4714.5 80 12.4   3  2.710.0 3.6
5295020230512 21.6  6.9  0.009999-99.9-99.9-99.9-99.9 7.5 7112.1 74  9.5   2  1.512.9 2.9
5295020230513 24.8  7.9  0.009999-99.9-99.9-99.9-99.9 8.2 7712.4 64  9.9   4  3.313.6 5.4
5295020230514 27.0 10.2  0.009999-99.9-99.9-99.9-99.9 8.4 7913.4 65 11.1   4  3.613.7 6.4
5295020230515 28.2 10.9  0.009999-99.9-99.9-99.9-99.9 8.5 8014.5 67 12.4   4  3.213.7 6.0
5295020230516 28.5  8.8  0.009999-99.9-99.9-99.9-99.9 8.4 7915.0 67 12.7   5  4.413.5 6.6
5295020230517 27.9 10.7  0.009999-99.9-99.9-99.9-99.9 8.1 7615.0 69 12.8   6  5.213.1 7.6
5295020230518 28.8 12.3  0.009999-99.9-99.9-99.9-99.9 7.2 6817.4 73 15.2   2  1.812.0 3.8
5295020230519 28.9 15.6 11.419999-99.9-99.9-99.9-99.9 4.4 4119.5 73 17.0   5  3.8 8.8 5.1
5295020230520 21.5 18.0  7.019999-99.9-99.9-99.9-99.9-9.9 9920.9 97 18.2   9  6.8 2.5-9.9
5295020230521 18.5 17.4 18.619999-99.9-99.9-99.9-99.9-9.9 9920.5100 17.9   5  4.0 1.4-9.9
5295020230522 21.7 16.8  0.009999-99.9-99.9-99.9-99.9 0.1  122.3100 19.2   4  2.9 4.0 0.9
5295020230523 29.1 19.2  0.009999-99.9-99.9-99.9-99.9 6.8 6526.0 87 21.6   6  4.611.4 3.6
5295020230524 30.0 21.3  0.009999-99.9-99.9-99.9-99.9 7.0 6722.8 71 19.5  12  9.711.513.1
5295020230525 29.2 19.6  6.219999-99.9-99.9-99.9-99.9 7.0 6721.1 70 18.4  11  9.011.512.2
5295020230526 28.6 20.2  0.219999-99.9-99.9-99.9-99.9 2.8 2725.0 88 21.0   7  6.0 6.8 4.9
5295020230527 23.2 15.3  0.219999-99.9-99.9-99.9-99.9 2.5 2417.6 83 15.0  19 15.0 6.411.4
5295020230528 17.7  9.4  0.009999-99.9-99.9-99.9-99.9 7.1 6810.7 76  7.9  12  9.411.4 9.5
5295020230529 18.0  6.1  0.009999-99.9-99.9-99.9-99.9 2.6 2512.4 87  9.9   6  4.9 6.5 2.1
5295020230530 22.6  8.8  0.009999-99.9-99.9-99.9-99.9 7.4 7214.4 80 12.2   3  2.711.7 2.9
5295020230531 25.0 11.8  0.009999-99.9-99.9-99.9-99.9 6.0 5818.6 84 16.1   4  3.510.1 2.7
5295020230601 25.7 17.4  0.009999-99.9-99.9-99.9-99.9 5.6 5420.8 85 18.0   5  3.7 9.6 3.7
5295020230602 27.0 16.8  0.009999-99.9-99.9-99.9-99.9 7.4 7220.4 79 17.7  10  7.711.5 6.6
5295020230603 28.6 19.1  0.009999-99.9-99.9-99.9-99.9 5.4 5222.8 81 19.5   9  7.0 9.4 6.6
5295020230604 22.8 19.8 24.019999-99.9-99.9-99.9-99.9-9.9 9923.0 97 19.7   7  5.6 1.4-9.9
5295020230605 21.5 18.3  0.009999-99.9-99.9-99.9-99.9 1.1 1022.5 99 19.4   9  7.6 4.7 1.3
5295020230606 27.1 17.6  0.009999-99.9-99.9-99.9-99.9 5.2 5122.8 87 19.5   6  4.7 9.1 3.3
5295020230607 25.5 17.0  0.009999-99.9-99.9-99.9-99.9 2.0 2022.1 85 19.0   4  3.1 5.7 2.6
5295020230608 27.7 15.9  0.009999-99.9-99.9-99.9-99.9 7.4 7220.7 78 18.0   9  7.111.3 7.9
5295020230609 30.3 18.1  0.009999-99.9-99.9-99.9-99.9 7.1 6922.6 75 19.4   9  7.011.0 7.8
5295020230610 24.1 14.5  0.009999-99.9-99.9-99.9-99.9-9.9 9917.2 89 14.8  15 11.7 2.6-9.9
5295020230611 14.8  5.8  0.009999-99.9-99.9-99.9-99.9 6.4 63 7.8 65  3.2  12  9.810.213.3
5295020230612 14.5  0.8  0.009999-99.9-99.9-99.9-99.9 8.2 79 6.4 62  0.4   8  6.412.0 6.9
5295020230613 13.8  0.9  0.009999-99.9-99.9-99.9-99.9 5.5 53 7.4 71  2.4   6  4.5 9.2 4.0
5295020230614 15.8  1.5  0.009999-99.9-99.9-99.9-99.9 7.9 77 8.6 76  4.5   7  5.511.7 3.9
5295020230615 16.0  7.0  0.009999-99.9-99.9-99.9-99.9 1.6 1613.0 92 10.7   7  5.5 5.1 1.1
5295020230616 19.7  8.8  0.009999-99.9-99.9-99.9-99.9 5.8 5714.8 90 12.7   3  2.4 9.5 1.6
5295020230617 19.6  7.5  0.009999-99.9-99.9-99.9-99.9 4.5 4413.2 87 10.8   3  2.1 8.2 2.2
5295020230618 20.1  4.8  0.009999-99.9-99.9-99.9-99.9 6.8 6712.1 81  9.4   4  3.110.5 2.5
5295020230619 17.0  5.1  0.009999-99.9-99.9-99.9-99.9 1.7 1712.5 88 10.0   6  4.5 5.2 1.7
5295020230620 19.8  8.8  0.619999-99.9-99.9-99.9-99.9 5.2 5113.4 86 11.1   7  5.5 8.8 3.6
5295020230621 15.0 10.7  4.019999-99.9-99.9-99.9-99.9-9.9 9914.1 99 12.1   9  6.9 1.7-9.9
5295020230622 13.1  9.5  0.009999-99.9-99.9-99.9-99.9-9.9 9913.6100 11.5   6  4.9 2.5-9.9
5295020230623 18.6 12.5  0.009999-99.9-99.9-99.9-99.9-9.9 9917.2100 15.0   3  2.6 3.4-9.9
5295020230624 30.6 14.3  0.009999-99.9-99.9-99.9-99.9 6.2 6124.8 86 20.5   7  5.3 9.9 1.7
5295020230625 25.8 18.0  0.009999-99.9-99.9-99.9-99.9 0.3  222.6 99 19.4   4  3.0 3.7 2.0
5295020230626 31.1 17.5  0.009999-99.9-99.9-99.9-99.9 5.5 5426.1 83 21.7   8  6.1 9.2 4.3
5295020230627 31.6 20.9 12.019999-99.9-99.9-99.9-99.9 6.1 6022.0 68 19.0  10  8.4 9.812.8
5295020230628 26.2 10.9  1.419999-99.9-99.9-99.9-99.9 2.2 2215.2 91 13.0  13 10.1 5.8 7.8
5295020230629 16.5  6.0  0.009999-99.9-99.9-99.9-99.9 5.3 5210.7 81  7.9   7  5.6 9.0 3.7
5295020230630 19.3  9.4  0.009999-99.9-99.9-99.9-99.9 4.1 4013.6 85 11.5   5  4.4 7.8 2.6
5295020230701 24.6 11.6  0.009999-99.9-99.9-99.9-99.9 5.5 5418.5 92 16.0   5  3.8 9.2 1.5
5295020230702 26.8 16.2  0.009999-99.9-99.9-99.9-99.9 7.4 7320.7 80 18.0   7  5.511.3 4.8
5295020230703 27.7 13.7  0.009999-99.9-99.9-99.9-99.9 5.2 5120.1 81 17.5   6  5.2 9.0 4.6
5295020230704 26.3 19.9  0.009999-99.9-99.9-99.9-99.9 4.2 4119.3 70 16.9  10  8.3 7.911.0
5295020230705 29.5 17.3  0.009999-99.9-99.9-99.9-99.9 6.9 6719.4 70 17.0   6  4.610.7 7.2
5295020230706 28.9 17.7  0.819999-99.9-99.9-99.9-99.9 6.4 6220.1 74 17.5   7  6.010.2 8.1
5295020230707 21.7 17.1  1.819999-99.9-99.9-99.9-99.9-9.9 9920.5 99 17.9  12  9.4 3.1-9.9
5295020230708 23.7 15.4  0.009999-99.9-99.9-99.9-99.9 7.6 7419.2 88 16.7  10  8.011.6 5.1
5295020230709 19.1 11.9  0.009999-99.9-99.9-99.9-99.9 1.7 1717.1 98 15.0   8  6.0 5.4 1.1
5295020230710 21.3 13.3  0.009999-99.9-99.9-99.9-99.9 3.1 3017.9 93 15.7  10  7.7 6.9 2.3
5295020230711 17.5 13.6  1.419999-99.9-99.9-99.9-99.9-9.9 9916.8 97 14.8  12  9.5 2.5-9.9
5295020230712 15.7 10.7  0.009999-99.9-99.9-99.9-99.9-9.9 9915.0100 13.0  16 12.4 2.2-9.9
5295020230713-99.9-99.9-99.999999-99.9-99.9-99.9-99.9-9.9 99-9.9-99-99.9 -99-99.9-9.9-9.9
5295020230714-99.9-99.9-99.999999-99.9-99.9-99.9-99.9-9.9 99-9.9-99-99.9 -99-99.9-9.9-9.9
5295020230715-99.9-99.9  0.009999-99.9-99.9-99.9-99.9-9.9 99-9.9-99-99.9 -99-99.9-9.9-9.9
5295020230716 17.4  4.6  0.009999-99.9-99.9-99.9-99.9 6.0 5811.5 84  8.8   6  4.910.2 2.6
5295020230717 15.3  1.8  0.009999-99.9-99.9-99.9-99.9 8.2 79 8.1 73  3.8   8  6.512.6 6.2
5295020230718 14.2  0.7  0.009999-99.9-99.9-99.9-99.9 7.8 74 7.3 73  2.2   7  5.712.2 4.9
5295020230719 16.7  0.4  0.009999-99.9-99.9-99.9-99.9 7.7 73 9.5 83  5.7   6  5.012.1 2.3
5295020230720 22.2  8.8  0.009999-99.9-99.9-99.9-99.9 1.3 1216.2 89 13.9   5  4.1 5.2 0.9
5295020230721 30.4 17.6  0.009999-99.9-99.9-99.9-99.9 6.5 6221.9 71 18.9  17 13.310.913.8
5295020230722 31.1 22.4  0.009999-99.9-99.9-99.9-99.9 7.0 6719.5 57 17.1  17 13.911.6-9.9
5295020230723 25.3 14.6  0.009999-99.9-99.9-99.9-99.9 5.8 5514.0 63 11.8  19 14.910.322.4
5295020230724 17.2 10.2  0.219999-99.9-99.9-99.9-99.9-9.9 9912.7 88 10.4  16 12.9 2.9-9.9
5295020230725 14.2 10.2  0.009999-99.9-99.9-99.9-99.9-9.9 9914.2 99 12.1   6  4.6 2.3-9.9
5295020230726 15.0  6.9  0.009999-99.9-99.9-99.9-99.9-9.9 9913.5 97 11.2   7  5.7 3.3-9.9
5295020230727 16.7  1.4  0.009999-99.9-99.9-99.9-99.9 3.4 3211.5 86  8.5   5  4.2 7.7 1.1
5295020230728 20.0  9.0  0.009999-99.9-99.9-99.9-99.9 8.4 7911.3 71  8.5   7  5.513.4 7.2
5295020230729 21.7  5.7  0.009999-99.9-99.9-99.9-99.9 8.6 8110.6 70  7.6   5  4.213.8 5.1
5295020230730 26.5  6.6  0.009999-99.9-99.9-99.9-99.9 8.3 7814.4 74 12.0   4  3.613.5 4.4
5295020230731 28.3 12.3  0.009999-99.9-99.9-99.9-99.9 7.0 6618.9 78 16.3   5  3.912.1 4.5
5295020230801 33.3 18.3  0.009999-99.9-99.9-99.9-99.9 8.2 7720.4 63 17.8  10  8.413.514.1
5295020230802 33.7 18.8  0.009999-99.9-99.9-99.9-99.9 8.1 7619.1 58 16.7  10  7.713.615.8
5295020230803 31.5 20.4  0.009999-99.9-99.9-99.9-99.9 6.9 6420.2 68 17.6   9  6.912.212.8
5295020230804 26.9 13.4  0.009999-99.9-99.9-99.9-99.9 6.8 6319.2 84 16.7   8  6.712.1 5.6
5295020230805 31.7 15.5  0.009999-99.9-99.9-99.9-99.9 7.2 6719.8 73 17.1   7  5.612.7 7.6
5295020230806 34.2 18.3  0.009999-99.9-99.9-99.9-99.9 7.1 6619.2 54 16.8  12  9.712.619.8
5295020230807 27.6 13.2  0.009999-99.9-99.9-99.9-99.9 7.8 7212.5 59  9.7  21 16.913.5-9.9
5295020230808 17.5  7.1 16.619999-99.9-99.9-99.9-99.9 3.4 3112.5 82 10.1  14 11.6 8.4 5.9
5295020230809 22.9 11.6  0.009999-99.9-99.9-99.9-99.9 7.6 6916.8 88 14.7   5  4.013.4 3.2
5295020230810 25.0 13.6  0.009999-99.9-99.9-99.9-99.9 4.9 4520.8 93 17.9   7  5.210.3 2.2
5295020230811 23.5 14.9  0.009999-99.9-99.9-99.9-99.9 8.9 8214.9 67 12.0  15 11.815.215.9
5295020230812 19.4  6.0  0.009999-99.9-99.9-99.9-99.9 7.5 69 6.6 49  1.1  11  9.213.616.7
5295020230813 19.3  1.4  0.009999-99.9-99.9-99.9-99.9 8.9 81 6.6 52  0.8   5  3.815.3 6.9
5295020230814 25.9  6.4  0.009999-99.9-99.9-99.9-99.9 8.5 78 8.7 48  4.8   5  4.215.0 9.0
5295020230815 31.5 11.1  0.009999-99.9-99.9-99.9-99.9 8.2 7515.7 55 13.2  11  8.514.715.6
5295020230816 33.2 20.7  0.009999-99.9-99.9-99.9-99.9 8.0 7222.2 63 19.1  13 10.114.518.3
5295020230817 35.1 21.4 53.619999-99.9-99.9-99.9-99.9 6.2 5621.0 65 18.2  14 11.112.421.2
5295020230818 21.3 14.1  0.009999-99.9-99.9-99.9-99.9 0.1  117.4 98 15.3  14 11.3 4.8 3.6
5295020230819 19.9  7.3  0.009999-99.9-99.9-99.9-99.9 9.1 8213.5 83 11.3   6  5.016.2 4.4
5295020230820 23.0 10.7  0.009999-99.9-99.9-99.9-99.9 6.6 5916.4 83 14.2   4  3.013.1 3.6
5295020230821 29.0 13.4  0.009999-99.9-99.9-99.9-99.9 8.7 7820.8 78 17.9   9  7.315.9 6.0
5295020230822 30.2 19.2  0.009999-99.9-99.9-99.9-99.9 8.9 7922.6 78 19.3  11  8.916.212.4
5295020230823 22.6 14.5  0.009999-99.9-99.9-99.9-99.9 3.0 2714.6 73 12.2  16 12.5 8.713.0
5295020230824 21.6  8.1  0.009999-99.9-99.9-99.9-99.9 9.6 85 9.5 59  6.0  14 11.217.317.7
5295020230825 21.3  5.5  0.009999-99.9-99.9-99.9-99.9 9.4 83 8.7 57  4.9  11  9.117.214.5
5295020230826 19.4  5.4  0.009999-99.9-99.9-99.9-99.9 9.5 84 8.7 61  4.8   9  7.217.411.1
5295020230827 19.1  3.4  0.009999-99.9-99.9-99.9-99.9 9.3 82 7.7 58  3.0   7  5.917.2 9.8
5295020230828 20.1  4.2  0.009999-99.9-99.9-99.9-99.9 9.5 83 7.6 55  2.9  11  8.617.613.5
5295020230829 24.4  4.7  0.009999-99.9-99.9-99.9-99.9 9.6 85 9.2 55  5.3   4  3.517.9 7.3
5295020230830 27.9  7.9  0.009999-99.9-99.9-99.9-99.9 9.4 8213.1 62 10.6   6  4.717.7 8.7
5295020230831 28.4 12.6  0.009999-99.9-99.9-99.9-99.9 8.6 7516.0 65 13.9   8  6.516.810.5
5295020230901 24.1 16.6  0.419999-99.9-99.9-99.9-99.9 0.8  719.3 86 16.8  12 10.0 6.2 7.4
5295020230902 23.6 16.2  1.819999-99.9-99.9-99.9-99.9-9.9 9922.6 95 19.3   9  7.3 5.0-9.9
5295020230903 23.1 16.6 20.819999-99.9-99.9-99.9-99.9-9.9 9922.4 99 19.2  10  8.0 4.4-9.9
5295020230904 17.2 12.7  0.619999-99.9-99.9-99.9-99.9-9.9 9915.7100 13.7  15 12.1 3.0-9.9
5295020230905 19.0  6.4  0.009999-99.9-99.9-99.9-99.9 9.6 8312.7 86 10.3   9  7.218.6 5.3
5295020230906 19.9  8.6 26.619999-99.9-99.9-99.9-99.9 1.7 1415.3 87 13.1  10  8.0 7.6 3.0
5295020230907 17.7 16.0 34.819999-99.9-99.9-99.9-99.9-9.9 9918.9100 16.6   9  7.3 1.7-9.9
5295020230908 17.2 11.9  0.219999-99.9-99.9-99.9-99.9 2.4 2115.8 97 13.8   9  7.4 8.8 2.8
5295020230909 22.3  9.2  0.009999-99.9-99.9-99.9-99.9 9.7 8315.7 87 13.6   7  5.819.2 4.9
5295020230910 27.0 11.5  0.009999-99.9-99.9-99.9-99.9 7.7 6620.5 87 17.5   5  3.816.4 3.7
5295020230911 35.8 21.1 23.219999-99.9-99.9-99.9-99.9 7.6 6524.8 73 20.5  16 13.116.518.4
5295020230912 21.4  9.7 14.419999-99.9-99.9-99.9-99.9-9.9 9913.4 96 11.2  22 18.0 1.6-9.9
5295020230913 17.4  8.9  0.009999-99.9-99.9-99.9-99.9 6.3 5312.5 88 10.0  14 11.414.7 5.7
5295020230914 20.6  4.6  0.009999-99.9-99.9-99.9-99.910.3 8710.5 68  7.5   4  2.920.6 5.7
5295020230915 25.0 10.8  0.009999-99.9-99.9-99.9-99.9 9.4 7912.9 63 10.7  11  9.019.413.5
5295020230916 31.0 13.0  0.009999-99.9-99.9-99.9-99.910.1 8517.5 60 15.1  12  9.820.616.6
5295020230917 35.2 19.9  0.009999-99.9-99.9-99.9-99.9 8.9 7425.4 67 21.3  12  9.318.816.5
5295020230918 27.7 13.8  0.219999-99.9-99.9-99.9-99.9-9.9 9915.4 91 13.5  20 16.4 5.2-9.9
5295020230919 16.8 13.7  0.419999-99.9-99.9-99.9-99.9-9.9 9917.4100 15.3  10  8.0 3.5-9.9
5295020230920 21.7 16.0  2.419999-99.9-99.9-99.9-99.9 0.8  720.9100 18.1   3  2.2 7.0 1.6
5295020230921 29.4 16.7  0.009999-99.9-99.9-99.9-99.9 5.9 4927.0 93 22.0   7  5.914.7 3.4
5295020230922 30.4 20.8  0.009999-99.9-99.9-99.9-99.9 3.3 2728.6 88 23.2  16 12.710.8 8.8
5295020230923 29.1 17.9  0.009999-99.9-99.9-99.9-99.9 3.1 2525.6 90 21.4  14 11.310.6 7.7
5295020230924 25.0 18.8  2.419999-99.9-99.9-99.9-99.9 0.4  323.1 90 19.8  15 12.4 6.6 6.1
5295020230925 21.4 16.5  0.619999-99.9-99.9-99.9-99.9 0.0  019.5 93 17.1  16 12.5 6.1 6.3
5295020230926 17.7 14.2  0.419999-99.9-99.9-99.9-99.9-9.9 9916.9100 14.8  16 13.0 2.0-9.9
5295020230927 21.1  9.4  0.009999-99.9-99.9-99.9-99.9 8.0 6513.6 78 11.3  11  8.518.4 8.8
5295020230928 23.1  7.3  0.009999-99.9-99.9-99.9-99.9 8.1 6612.5 70 10.1   8  6.418.7 8.9
5295020230929 24.9  9.7  0.009999-99.9-99.9-99.9-99.9 7.9 6514.6 73 12.4  11  8.518.510.8
5295020230930 23.9 11.3  0.009999-99.9-99.9-99.9-99.9 7.6 6213.9 70 11.5  11  8.618.112.3
5295020231001 25.3  7.8  0.009999-99.9-99.9-99.9-99.9 8.1 6611.8 61  9.2   8  6.019.011.1
5295020231002 26.9  7.5  0.009999-99.9-99.9-99.9-99.9 8.1 6611.8 57  9.2   8  6.419.112.4
5295020231003 28.4 13.0  6.019999-99.9-99.9-99.9-99.9 2.9 2316.6 72 14.3  15 11.710.912.8
5295020231004 21.5 13.4  0.009999-99.9-99.9-99.9-99.9 8.2 6615.0 78 12.9  16 12.719.314.6
5295020231005 23.9  6.7  0.009999-99.9-99.9-99.9-99.9 8.7 7011.9 65  9.3   5  4.120.2 8.4
5295020231006 27.4 10.5  0.009999-99.9-99.9-99.9-99.9 8.1 6513.3 60 11.1   8  6.319.412.3
5295020231007 28.0 14.0  0.009999-99.9-99.9-99.9-99.9 9.0 7212.2 47  9.8  14 11.620.9-9.9
5295020231008 27.1 10.6  0.009999-99.9-99.9-99.9-99.9 9.3 7411.7 53  9.0   7  6.021.414.5
5295020231009 28.5 10.7  0.009999-99.9-99.9-99.9-99.9 9.6 7713.5 58 11.3   7  5.822.013.3
5295020231010 33.3 12.8  2.819999-99.9-99.9-99.9-99.9 8.9 7117.7 59 15.4   9  7.421.014.9
5295020231011 25.9 13.7  1.819999-99.9-99.9-99.9-99.9-9.9 9917.6 83 15.3  19 15.1 3.7-9.9
5295020231012 18.5  8.7  0.009999-99.9-99.9-99.9-99.9 9.6 76 9.3 60  5.9  16 13.022.218.9
5295020231013 22.0  4.8  0.009999-99.9-99.9-99.9-99.9 8.4 66 9.9 61  6.7   9  7.220.411.6
5295020231014 26.4  6.1  0.009999-99.9-99.9-99.9-99.9 5.3 4212.2 61  9.5   7  5.715.4 9.7
5295020231015 32.7 13.3  0.009999-99.9-99.9-99.9-99.9 5.1 4017.4 61 15.1   5  4.215.0 9.2
5295020231016 37.2 20.8  3.619999-99.9-99.9-99.9-99.9 1.9 1527.4 79 22.4  13 10.2 9.911.3
5295020231017 24.1 18.5  1.819999-99.9-99.9-99.9-99.9 1.2  921.0 86 18.2  17 13.5 8.810.9
5295020231018 19.5 13.5  0.419999-99.9-99.9-99.9-99.9-9.9 9915.8 89 13.8  14 11.1 3.1-9.9
5295020231019 17.7 15.4  0.009999-99.9-99.9-99.9-99.9-9.9 9917.8 93 15.6   9  7.1 1.7-9.9
5295020231020 25.2 16.6  0.009999-99.9-99.9-99.9-99.9-9.9 9923.9 95 20.3   8  6.5 6.9-9.9
5295020231021 33.6 20.6 35.019999-99.9-99.9-99.9-99.9 6.5 5028.6 80 23.2  10  7.917.7 9.4
5295020231022 29.8 23.3 77.019999-99.9-99.9-99.9-99.9 2.8 2229.6 90 23.8  18 14.711.711.3
5295020231023 24.5 20.0  1.819999-99.9-99.9-99.9-99.9-9.9 9925.6 99 21.5  10  8.1 5.0-9.9
5295020231024 21.8 18.1  0.419999-99.9-99.9-99.9-99.9-9.9 9922.2 98 19.1  11  8.7 6.4-9.9
5295020231025 22.1 16.2  0.009999-99.9-99.9-99.9-99.9 4.4 3419.3 92 16.9   9  7.414.5 5.5
5295020231026 24.6 14.0  0.009999-99.9-99.9-99.9-99.9 5.6 4318.0 80 15.8   7  5.616.6 7.3
5295020231027 28.9 15.5  0.009999-99.9-99.9-99.9-99.9 5.3 4120.1 71 17.5   7  5.916.1 9.2
5295020231028 30.2 19.5  0.009999-99.9-99.9-99.9-99.9 8.8 6725.1 79 21.1   8  6.222.010.2
5295020231029 32.0 18.4  0.619999-99.9-99.9-99.9-99.9 8.3 6326.2 81 21.7  10  8.121.2 9.8
5295020231030 27.9 21.7  0.009999-99.9-99.9-99.9-99.9 5.5 4222.0 70 19.0  16 12.516.520.8
5295020231031 23.1 16.4  0.009999-99.9-99.9-99.9-99.9 0.9  720.1 92 17.5  16 12.5 8.9 8.1
5295020231101 21.6 13.6 20.619999-99.9-99.9-99.9-99.9-9.9 9920.3 98 17.5  15 11.8 5.6-9.9
5295020231102 20.0 17.3 30.219999-99.9-99.9-99.9-99.9-9.9 9921.0100 18.2  15 11.7 5.4-9.9
5295020231103 19.1  9.1  0.009999-99.9-99.9-99.9-99.9 5.4 4113.8 89 11.7  17 13.916.5 9.6
5295020231104 23.0  9.2  0.009999-99.9-99.9-99.9-99.911.3 8513.7 72 11.5   5  3.926.6 8.5
5295020231105 26.2 11.2  0.009999-99.9-99.9-99.9-99.9 8.0 6015.5 70 13.4   6  5.221.0 9.2
5295020231106 30.1 12.3  0.009999-99.9-99.9-99.9-99.911.1 8318.5 68 16.1   7  5.626.311.3
5295020231107 35.2 18.7  0.619999-99.9-99.9-99.9-99.9 8.9 6724.9 61 20.9  11  8.822.616.8
5295020231108 32.0 23.8 17.019999-99.9-99.9-99.9-99.9 4.5 3427.7 78 22.7  13 10.015.215.2
5295020231109 26.2 21.4  0.009999-99.9-99.9-99.9-99.9-9.9 9926.9 96 22.3  14 11.0 5.4-9.9
5295020231110 30.9 21.8  0.219999-99.9-99.9-99.9-99.9 2.6 2030.5 90 24.3  15 11.612.1 5.1
5295020231111 33.2 25.0  0.009999-99.9-99.9-99.9-99.9 6.6 4932.9 80 25.6  11  8.618.913.7
5295020231112 30.6 23.7 77.019999-99.9-99.9-99.9-99.9 4.3 3229.9 86 24.0  17 13.515.013.6
5295020231113 23.6 20.8 41.019999-99.9-99.9-99.9-99.9-9.9 9926.0100 21.7   8  6.6 2.6-9.9
5295020231114 24.7 19.5  2.019999-99.9-99.9-99.9-99.9-9.9 9925.7100 21.5   9  6.9 7.6-9.9
5295020231115 25.7 20.1  0.009999-99.9-99.9-99.9-99.9 0.9  727.3 97 22.5   4  3.4 9.2 2.4
5295020231116 29.2 19.5  0.219999-99.9-99.9-99.9-99.9 8.2 6126.0 83 21.6   9  7.121.910.2
5295020231117 29.4 20.2  3.419999-99.9-99.9-99.9-99.9 6.6 4927.2 85 22.4   9  7.219.1 8.4
5295020231118 28.4 18.6  0.009999-99.9-99.9-99.9-99.910.1 7421.3 73 18.0  15 12.325.120.7
5295020231119 28.5 13.5  0.009999-99.9-99.9-99.9-99.911.2 8315.3 58 13.2   9  6.927.215.8
5295020231120 32.4 16.6  0.009999-99.9-99.9-99.9-99.910.2 7423.2 67 19.5  11  8.725.314.8
5295020231121 33.5 24.3 34.619999-99.9-99.9-99.9-99.9 8.3 6131.5 79 24.9  10  8.322.213.2
5295020231122 29.0 19.5  8.019999-99.9-99.9-99.9-99.9-9.9 9924.7 99 20.9  15 12.1 4.6-9.9
5295020231123 27.5 16.9  0.009999-99.9-99.9-99.9-99.9 8.6 6324.1 89 20.3  12  9.422.7 8.7
5295020231124 28.1 17.6  0.009999-99.9-99.9-99.9-99.9 4.8 3519.1 66 16.7   7  5.416.211.1
5295020231125 27.6 17.3  0.009999-99.9-99.9-99.9-99.9 7.2 5320.3 74 17.7   8  6.720.411.2
5295020231126 31.2 18.7  0.009999-99.9-99.9-99.9-99.9 9.4 6824.9 75 20.9   5  4.224.2 9.5
5295020231127 30.0 22.1  0.419999-99.9-99.9-99.9-99.9 4.0 2927.2 84 22.4   6  5.214.9 8.1
5295020231128 29.8 18.7  0.009999-99.9-99.9-99.9-99.9 5.5 4026.4 88 21.8   7  5.417.5 6.5
5295020231129 32.6 20.5  0.009999-99.9-99.9-99.9-99.910.2 7429.3 82 23.6   8  6.825.610.8
5295020231130 29.1 23.2  0.009999-99.9-99.9-99.9-99.9 2.2 1628.6 88 23.3   8  6.711.8 7.2
5295020231201 36.3 23.7 35.019999-99.9-99.9-99.9-99.910.5 7632.7 73 25.4  12  9.526.216.5
5295020231202 31.0 20.6 48.219999-99.9-99.9-99.9-99.9-9.9 9925.6 98 21.4  13 10.1 5.9-9.9
5295020231203 21.7 20.0 20.419999-99.9-99.9-99.9-99.9-9.9 9924.2100 20.6  12  9.5 3.0-9.9
5295020231204 21.4 16.4  0.009999-99.9-99.9-99.9-99.9-9.9 9922.2 96 19.2  15 12.0 7.2-9.9
5295020231205 28.2 18.9  3.019999-99.9-99.9-99.9-99.9 5.8 4226.2 89 21.7   8  6.318.1 5.8
5295020231206 29.0 23.3  5.019999-99.9-99.9-99.9-99.9 3.5 2530.4 94 24.3   4  3.514.1 4.8
5295020231207 28.9 21.7  0.009999-99.9-99.9-99.9-99.9 9.2 6625.7 84 21.4  10  8.024.111.5
5295020231208 27.3 18.7  0.009999-99.9-99.9-99.9-99.912.4 8920.1 72 17.5  10  8.029.715.7
5295020231209 27.7 15.8  0.009999-99.9-99.9-99.9-99.910.1 7219.6 71 17.1  10  8.225.613.9
5295020231210 28.9 17.9  0.009999-99.9-99.9-99.9-99.911.7 8421.3 72 18.5   9  7.028.414.0
5295020231211 30.7 16.8  0.009999-99.9-99.9-99.9-99.912.4 8921.7 70 18.8   7  5.429.813.2
5295020231212 33.9 20.4  0.009999-99.9-99.9-99.9-99.910.1 7329.5 74 23.7   9  7.425.713.1
5295020231213 29.5 20.3 61.619999-99.9-99.9-99.9-99.9-9.9 9928.9 94 23.4  14 10.9 3.4-9.9
5295020231214 24.7 21.1 12.419999-99.9-99.9-99.9-99.9-9.9 9927.6 99 22.7   8  6.4 1.8-9.9
5295020231215 31.4 22.7 13.619999-99.9-99.9-99.9-99.9 2.1 1531.4 90 24.8  15 11.911.8 7.5
5295020231216 33.4 22.9  2.419999-99.9-99.9-99.9-99.9 6.4 4634.5 87 26.3  12  9.619.2 7.6
5295020231217 37.1 28.4  0.009999-99.9-99.9-99.9-99.910.8 7735.4 74 26.9  12  9.627.020.4
5295020231218 30.1 21.2 54.419999-99.9-99.9-99.9-99.9-9.9 9929.1 96 23.4  14 11.5 2.3-9.9
5295020231219 21.8 17.3  0.009999-99.9-99.9-99.9-99.9-9.9 9923.1 98 19.8  15 11.8 6.3-9.9
5295020231220 24.5 19.1  0.009999-99.9-99.9-99.9-99.9 2.5 1824.4 93 20.7   8  6.712.5 4.2
5295020231221 27.1 21.1  0.009999-99.9-99.9-99.9-99.9 5.4 3927.0 88 22.3   7  5.317.5 6.4
5295020231222 32.3 22.5  0.009999-99.9-99.9-99.9-99.9 7.2 5130.2 82 24.2   2  2.020.6 7.0
5295020231223 33.8 23.1  0.009999-99.9-99.9-99.9-99.910.1 7230.9 79 24.6   3  2.425.7 9.3
5295020231224 32.8 24.3 34.819999-99.9-99.9-99.9-99.9 7.6 5432.0 83 25.1   5  3.921.4 9.0
5295020231225 31.2 21.4  0.009999-99.9-99.9-99.9-99.910.1 7227.8 80 22.6   9  7.125.812.9
5295020231226 28.2 18.0  0.009999-99.9-99.9-99.9-99.912.5 8921.0 74 18.3   5  4.230.011.8
5295020231227 29.1 16.3  0.009999-99.9-99.9-99.9-99.912.4 8919.8 68 17.3   6  4.929.712.9
5295020231228 34.6 18.6 53.819999-99.9-99.9-99.9-99.9 9.6 6928.7 72 23.1   6  4.724.910.5
5295020231229 30.6 20.9  0.009999-99.9-99.9-99.9-99.9 6.5 4630.0 99 23.9   7  5.419.4 6.8
5295020231230 26.9 18.0  0.009999-99.9-99.9-99.9-99.911.7 8424.8 89 20.8  10  8.028.510.9
5295020231231 28.6 16.9  0.009999-99.9-99.9-99.9-99.910.7 7721.5 76 18.6   8  6.126.811.4
5295020240101 28.5 18.7  0.009999-99.9-99.9-99.9-99.9 4.2 3024.3 83 20.5   4  3.615.4 6.4
5295020240102 30.9 20.1  0.009999-99.9-99.9-99.9-99.912.1 8725.0 75 21.0   6  4.529.311.5
5295020240103 31.3 20.9  0.009999-99.9-99.9-99.9-99.911.7 8426.0 77 21.7   6  4.928.612.2
5295020240104 30.8 21.3  0.009999-99.9-99.9-99.9-99.9 9.9 7127.6 81 22.6   5  3.825.4 9.6
5295020240105 31.8 20.9  0.009999-99.9-99.9-99.9-99.911.0 7927.4 78 22.5   4  3.427.310.1
5295020240106 33.0 21.5 10.419999-99.9-99.9-99.9-99.911.8 8527.8 75 22.8   4  2.928.710.7
5295020240107 27.3 20.3 96.219999-99.9-99.9-99.9-99.9-9.9 9925.2 97 21.2  10  8.0 1.6-9.9
5295020240108 22.4 20.3 94.219999-99.9-99.9-99.9-99.9-9.9 9925.1100 21.1   6  5.0 2.0-9.9
5295020240109 28.2 20.3 90.819999-99.9-99.9-99.9-99.9 5.1 3729.1 99 23.4   9  7.116.8 4.3
5295020240110 25.2 20.8 47.819999-99.9-99.9-99.9-99.9-9.9 9925.9100 21.6  10  7.7 1.2-9.9
5295020240111 28.7 20.7  0.009999-99.9-99.9-99.9-99.9 6.4 4629.3 97 23.5   5  4.219.2 4.9
5295020240112 31.0 21.6  0.009999-99.9-99.9-99.9-99.911.9 8627.1 79 22.3   7  5.328.711.7
5295020240113 31.5 19.8  0.009999-99.9-99.9-99.9-99.911.6 8427.9 80 22.8   5  4.328.110.4
5295020240114 35.1 24.5  0.009999-99.9-99.9-99.9-99.9 8.4 6131.5 84 24.7   6  5.222.510.1
5295020240115 33.0 22.6  0.009999-99.9-99.9-99.9-99.911.1 8131.4 82 24.8   5  4.127.210.0
5295020240116 35.5 23.9 16.619999-99.9-99.9-99.9-99.9 7.8 5733.6 84 25.9  12  9.321.514.1
5295020240117 24.6 19.9  0.619999-99.9-99.9-99.9-99.9-9.9 9926.3 99 21.9  12  9.4 7.0-9.9
5295020240118 32.0 22.6  0.009999-99.9-99.9-99.9-99.9 8.2 6031.3 89 24.7   3  2.422.1 6.7
5295020240119 31.4 25.1  0.009999-99.9-99.9-99.9-99.9 6.4 4732.0 85 25.1   5  4.219.0 7.9
5295020240120 30.9 22.7  0.009999-99.9-99.9-99.9-99.911.5 8426.9 78 22.2   7  5.627.912.8
5295020240121 29.8 19.9  0.009999-99.9-99.9-99.9-99.9 8.5 6225.8 83 21.5   7  5.922.5 9.7
5295020240122 28.8 19.3  0.009999-99.9-99.9-99.9-99.912.0 8822.2 74 19.1   9  7.028.714.1
5295020240123 29.1 18.9  0.009999-99.9-99.9-99.9-99.911.8 8722.7 76 19.4   7  5.828.211.9
5295020240124 30.7 19.1  0.009999-99.9-99.9-99.9-99.911.5 8524.2 76 20.5   6  4.627.811.1
5295020240125 29.8 18.8  0.009999-99.9-99.9-99.9-99.912.0 8923.9 78 20.3   7  5.328.611.5
5295020240126 30.1 16.9  0.009999-99.9-99.9-99.9-99.912.3 9120.9 69 18.1   6  4.629.012.3
5295020240127 30.3 17.9  0.009999-99.9-99.9-99.9-99.911.7 8622.2 73 19.1   6  4.627.911.4
5295020240128 31.0 18.0  0.009999-99.9-99.9-99.9-99.911.2 8323.1 72 19.7   3  2.627.1 9.5
5295020240129 32.7 19.7  0.009999-99.9-99.9-99.9-99.910.1 7525.2 73 21.1   2  1.825.1 8.5
5295020240130 33.8 20.5  0.009999-99.9-99.9-99.9-99.911.0 8226.5 72 21.9   2  1.526.7 9.0
5295020240131 35.0 22.1  0.009999-99.9-99.9-99.9-99.910.4 7727.8 72 22.8   2  2.025.5 9.5
5295020240201 34.4 20.2  0.009999-99.9-99.9-99.9-99.911.7 8723.5 65 20.0   4  3.627.813.0
5295020240202 35.9 19.0  0.009999-99.9-99.9-99.9-99.911.2 8425.7 65 21.4   4  3.426.811.7
5295020240203 38.4 23.8  0.009999-99.9-99.9-99.9-99.910.0 7531.1 69 24.6   5  3.824.812.4
5295020240204 38.2 26.3  0.009999-99.9-99.9-99.9-99.9 9.1 6830.4 68 24.3   4  3.623.212.6
5295020240205 37.9 23.5  0.009999-99.9-99.9-99.9-99.9 9.9 7429.5 68 23.7   5  4.124.512.6
5295020240206 38.2 24.0  0.009999-99.9-99.9-99.9-99.9 9.5 7230.5 71 24.2   5  3.623.811.4
5295020240207 37.9 24.2  0.009999-99.9-99.9-99.9-99.910.5 8030.4 67 24.2   3  2.425.510.7
5295020240208 37.7 25.4  0.009999-99.9-99.9-99.9-99.9 8.3 6331.7 72 25.0   5  3.721.711.1
5295020240209 35.1 23.7  2.419999-99.9-99.9-99.9-99.9 6.1 4630.1 79 24.1   6  4.417.9 9.6
5295020240210 34.9 23.7  0.009999-99.9-99.9-99.9-99.9 8.5 6533.1 82 25.7   2  1.821.9 7.3
5295020240211 36.2 24.7  0.009999-99.9-99.9-99.9-99.9 5.8 4432.6 78 25.4   3  2.717.3 7.7
5295020240212 36.7 23.4  3.219999-99.9-99.9-99.9-99.9 4.6 3530.9 80 24.4  11  8.415.110.9
5295020240213 26.4 19.3  0.009999-99.9-99.9-99.9-99.9 3.3 2523.3 87 19.8  12 10.012.8 9.2
5295020240214 28.4 14.6  0.009999-99.9-99.9-99.9-99.910.7 8219.6 75 17.1   7  5.225.410.3
5295020240215 30.4 16.9  0.009999-99.9-99.9-99.9-99.911.0 8521.5 74 18.5   5  4.325.810.3
5295020240216 32.0 18.0  0.009999-99.9-99.9-99.9-99.910.3 7923.3 74 19.7   3  2.424.6 8.4
5295020240217 31.5 19.5  0.009999-99.9-99.9-99.9-99.910.2 7825.3 78 21.1   4  3.424.3 9.0
5295020240218 33.3 20.4  0.009999-99.9-99.9-99.9-99.9 9.0 7026.8 77 22.1   7  5.322.310.3
5295020240219 33.1 22.3  0.009999-99.9-99.9-99.9-99.9 9.8 7627.5 76 22.6   8  6.623.513.1
5295020240220 33.6 21.1  0.009999-99.9-99.9-99.9-99.9 9.3 7226.8 74 22.1   5  3.922.610.1
5295020240221 33.7 18.8  0.009999-99.9-99.9-99.9-99.910.4 8124.2 71 20.5   4  3.324.410.3
5295020240222 36.0 20.0  0.009999-99.9-99.9-99.9-99.9 8.9 6928.6 69 23.0   3  2.721.7 8.6
5295020240223 35.9 21.3  0.009999-99.9-99.9-99.9-99.9 7.1 5528.2 75 22.8   8  6.718.811.5
5295020240224 35.6 21.7  3.219999-99.9-99.9-99.9-99.9 7.1 5529.2 81 23.5   8  6.418.6 9.4
5295020240225 35.1 23.9  2.219999-99.9-99.9-99.9-99.9 5.7 4533.1 93 25.6   9  6.916.4 7.6
5295020240226 33.5 24.1 25.019999-99.9-99.9-99.9-99.9 4.0 3134.1 95 26.2   4  2.913.4 4.6
5295020240227 29.9 24.5  3.019999-99.9-99.9-99.9-99.9 1.9 1533.8 98 26.1   2  1.9 9.9 2.9
5295020240228 28.6 21.6 47.419999-99.9-99.9-99.9-99.9-9.9 9930.4100 24.2   4  3.0 6.1-9.9
5295020240229 29.9 21.3  0.009999-99.9-99.9-99.9-99.9 3.1 2430.2 98 24.1   2  1.511.8 3.1
5295020240301 33.3 21.6  0.009999-99.9-99.9-99.9-99.9 9.8 7831.7 86 24.9   2  1.722.8 6.8
5295020240302 36.1 23.4 27.419999-99.9-99.9-99.9-99.9 9.5 7633.7 80 25.9   4  3.422.2 8.9
5295020240303 29.3 22.3  5.019999-99.9-99.9-99.9-99.9-9.9 9928.4100 23.2   6  5.1 4.9-9.9
5295020240304 28.8 20.1  0.009999-99.9-99.9-99.9-99.9 3.9 3126.3 92 21.8   7  5.912.9 5.2
5295020240305 28.8 15.5  0.009999-99.9-99.9-99.9-99.910.5 8420.1 76 17.4   6  4.623.5 9.7
5295020240306 29.4 14.6  0.009999-99.9-99.9-99.9-99.910.4 8319.5 73 17.0   5  4.123.2 9.1
5295020240307 32.8 16.7  0.009999-99.9-99.9-99.9-99.9 7.5 6024.9 78 20.8   5  4.118.5 7.3
5295020240308 34.7 24.2  0.009999-99.9-99.9-99.9-99.9 9.2 7434.0 83 26.1   6  4.521.1 8.9
5295020240309 29.9 21.6  2.219999-99.9-99.9-99.9-99.9 3.4 2730.4 94 24.3   9  7.211.8 6.7
5295020240310 30.8 22.1  0.819999-99.9-99.9-99.9-99.9 4.0 3229.7 93 23.8   6  4.612.7 4.3
5295020240311 35.5 23.4  0.009999-99.9-99.9-99.9-99.9 9.7 7930.2 74 24.2   8  6.621.712.7
5295020240312 37.4 23.4  0.009999-99.9-99.9-99.9-99.9 9.8 7933.3 76 25.7   8  6.521.712.1
5295020240313 37.3 26.8  0.009999-99.9-99.9-99.9-99.9 9.6 7834.2 70 26.3   9  7.021.315.4
5295020240314 38.2 27.4  3.619999-99.9-99.9-99.9-99.9 9.2 7533.3 70 25.7   9  7.520.617.1
5295020240315 31.5 22.2  1.019999-99.9-99.9-99.9-99.9 6.3 5128.7 89 23.3  13 10.615.9 8.8
5295020240316 29.3 22.7  0.009999-99.9-99.9-99.9-99.9 5.0 4129.0 92 23.5  11  8.514.0 6.5
5295020240317 27.9 21.7  0.009999-99.9-99.9-99.9-99.9 2.0 1628.9 96 23.4   7  5.6 9.2 3.2
5295020240318 27.9 21.9 21.819999-99.9-99.9-99.9-99.9 2.4 2030.1100 24.1   5  3.7 9.8 2.5
5295020240319 32.5 23.5  0.009999-99.9-99.9-99.9-99.9 6.8 5733.2 89 25.7   9  7.116.5 6.3
5295020240320 36.6 24.9 39.019999-99.9-99.9-99.9-99.9 9.2 7633.6 76 25.9   9  7.520.012.5
5295020240321 31.3 17.2  0.009999-99.9-99.9-99.9-99.9 4.6 3823.2 92 19.6  11  9.112.9 9.7
5295020240322 24.1 12.9  0.009999-99.9-99.9-99.9-99.910.4 8617.3 84 15.1   7  5.721.6 7.0
5295020240323 28.0 13.1  0.009999-99.9-99.9-99.9-99.910.1 8421.5 86 18.4   4  3.621.0 5.0
5295020240324 33.8 19.8  0.009999-99.9-99.9-99.9-99.9 9.3 7828.2 84 22.9   2  2.019.8 6.0
5295020240325 32.0 21.4  0.009999-99.9-99.9-99.9-99.9 8.4 7128.0 82 22.8   3  2.618.3 6.6
5295020240326 29.7 17.8  0.009999-99.9-99.9-99.9-99.9 9.7 8222.8 79 19.5   4  3.420.2 7.7
5295020240327 28.5 15.5  0.009999-99.9-99.9-99.9-99.910.2 8620.8 79 18.0   3  2.820.8 6.6
5295020240328 28.3 16.8  0.009999-99.9-99.9-99.9-99.9 6.9 5922.4 84 19.1   4  2.915.9 5.1
5295020240329 31.8 15.8  0.009999-99.9-99.9-99.9-99.9 9.5 8024.8 83 20.7   2  1.419.4 5.1
5295020240330 35.1 20.7  0.009999-99.9-99.9-99.9-99.9 9.1 7729.0 78 23.4   3  2.518.8 6.8
5295020240331 31.2 23.4  0.619999-99.9-99.9-99.9-99.9 2.5 2129.0 85 23.5   6  5.2 9.1 6.5
5295020240401 25.1 20.0  9.019999-99.9-99.9-99.9-99.9 0.2  225.2100 21.1   7  5.4 5.8 3.1
5295020240402 25.9 16.1  0.009999-99.9-99.9-99.9-99.9 4.1 3523.0 98 19.5   8  6.711.3 2.4
5295020240403 35.1 19.5  4.819999-99.9-99.9-99.9-99.9 8.5 7330.1 87 23.8   9  7.017.6 6.9
5295020240404 27.4 21.1  0.009999-99.9-99.9-99.9-99.9-9.9 9928.5100 23.2   7  5.8 4.2-9.9
5295020240405 30.3 22.1  0.009999-99.9-99.9-99.9-99.9 5.4 4729.6 93 23.7   7  5.313.0 4.4
5295020240406 24.2 16.9 14.019999-99.9-99.9-99.9-99.9-9.9 9921.9 97 18.9  12  9.2 3.2-9.9
5295020240407 23.8 16.5  0.009999-99.9-99.9-99.9-99.9 3.0 2622.2 97 19.1   7  5.7 9.4 2.0
5295020240408 28.1 18.3  0.009999-99.9-99.9-99.9-99.9 7.4 6524.6 87 20.7   2  1.215.5 3.9
5295020240409 28.9 18.9  0.009999-99.9-99.9-99.9-99.9 7.2 6325.3 88 21.2   4  3.215.2 4.7
5295020240410 24.8 18.8-99.999999-99.9-99.9-99.9-99.9-9.9 99-9.9 61-99.9 -99-99.9-9.9-9.9
5295020240411 24.0 16.4-99.999999-99.9-99.9-99.9-99.9-9.9 99-9.9 67-99.9 -99-99.9-9.9-9.9
5295020240412 21.6 17.3-99.999999-99.9-99.9-99.9-99.9-9.9 99-9.9 64-99.9 -99-99.9-9.9-9.9
5295020240413-99.9-99.9-99.999999-99.9-99.9-99.9-99.9-9.9 99-9.9-99-99.9 -99-99.9-9.9-9.9
5295020240415-99.9-99.9-99.999999-99.9-99.9-99.9-99.9-9.9 99-9.9-99-99.9 -99-99.9-9.9-9.9
5295020240416-99.9-99.9  0.009999-99.9-99.9-99.9-99.9-9.9 99-9.9-99-99.9 -99-99.9-9.9-9.9
5295020240417 26.1 12.4  0.009999-99.9-99.9-99.9-99.9 9.5 8417.1 81 14.8   3  2.417.5 4.6
5295020240418 27.7 12.6  0.009999-99.9-99.9-99.9-99.9 9.5 8517.4 75 15.1   3  2.817.3 5.4
5295020240419 28.4 13.6-99.999999-99.9-99.9-99.9-99.9-9.9 99-9.9 57-99.9   5  3.8-9.9-9.9
5295020240420 30.8 16.9  0.009999-99.9-99.9-99.9-99.9 8.9 8022.1 78 18.9   5  4.316.4 6.8
5295020240421 31.5 15.3  6.819999-99.9-99.9-99.9-99.9 4.7 4226.6 89 21.8   3  2.710.8 2.9
5295020240422 25.9 21.3  0.009999-99.9-99.9-99.9-99.9 0.8  828.0100 22.9   8  6.5 5.8 2.6
5295020240423 27.1 21.7-99.999999-99.9-99.9-99.9-99.9 1.0  928.6 99 23.3 -99-99.9 5.9-9.9
5295020240424-99.9-99.9-99.999999-99.9-99.9-99.9-99.9-9.9 99-9.9-99-99.9 -99-99.9-9.9-9.9
5295020240425-99.9-99.9 86.019999-99.9-99.9-99.9-99.9-9.9 99-9.9-99-99.9 -99-99.9-9.9-9.9
5295020240426 32.8 21.8  0.009999-99.9-99.9-99.9-99.9 7.8 7133.4 93 25.7   7  6.014.4 3.7
5295020240427 27.0 17.7  0.009999-99.9-99.9-99.9-99.9-9.9 9925.0100 20.8  10  8.2 2.3-9.9
5295020240428-99.9-99.9-99.999999-99.9-99.9-99.9-99.9-9.9 99-9.9-99-99.9 -99-99.9-9.9-9.9
5295020240430-99.9-99.9-99.999999-99.9-99.9-99.9-99.9-9.9 99-9.9-99-99.9 -99-99.9-9.9-9.9
5295020240501 26.5 21.0  1.219999-99.9-99.9-99.9-99.9-9.9 9927.3100 22.5   8  6.6 2.8-9.9
5295020240502 21.1 14.6  0.219999-99.9-99.9-99.9-99.9-9.9 9918.4100 16.1  13 10.7 3.4-9.9
5295020240503-99.9-99.9-99.999999-99.9-99.9-99.9-99.9-9.9 99-9.9-99-99.9 -99-99.9-9.9-9.9
5295020240504-99.9-99.9-99.999999-99.9-99.9-99.9-99.9-9.9 9920.1100 17.5 -99-99.9 2.1-9.9
5295020240505-99.9-99.9-99.999999-99.9-99.9-99.9-99.9 0.0  024.1100 20.4 -99-99.9 4.3-9.9
5295020240506-99.9-99.9-99.999999-99.9-99.9-99.9-99.9-9.9 99-9.9-99-99.9 -99-99.9-9.9-9.9
5295020240509-99.9-99.9-99.999999-99.9-99.9-99.9-99.9-9.9 99-9.9-99-99.9 -99-99.9-9.9-9.9
5295020240510-99.9-99.9-99.999999-99.9-99.9-99.9-99.9-9.9 99-9.9-99-99.9 -99-99.9-9.9-9.9
5295020240511 18.7 15.1-99.999999-99.9-99.9-99.9-99.9-9.9 9918.3 99 16.0   7  5.9 3.4-9.9
5295020240512-99.9-99.9-99.999999-99.9-99.9-99.9-99.9-9.9 99-9.9-99-99.9 -99-99.9-9.9-9.9
5295020240515-99.9-99.9-99.999999-99.9-99.9-99.9-99.9-9.9 99-9.9-99-99.9 -99-99.9-9.9-9.9
5295020240516-99.9-99.9-99.999999-99.9-99.9-99.9-99.9-9.9 99-9.9-99-99.9 -99-99.9-9.9-9.9
5295020240517-99.9-99.9-99.999999-99.9-99.9-99.9-99.9-9.9 99-9.9-99-99.9 -99-99.9-9.9-9.9
5295020240522-99.9-99.9-99.999999-99.9-99.9-99.9-99.9-9.9 99-9.9-99-99.9 -99-99.9-9.9-9.9
5295020240523 14.4 12.7  3.219999-99.9-99.9-99.9-99.9-9.9 9915.3100 13.3  11  8.6 1.7-9.9
5295020240524 14.8  7.8  0.009999-99.9-99.9-99.9-99.9 5.5 5312.6 96 10.2  13 10.7 9.8 4.0
5295020240525 13.2  3.0  0.009999-99.9-99.9-99.9-99.9 6.1 58 9.2 87  5.6   5  4.110.4 2.3
5295020240526 12.3  2.6  0.009999-99.9-99.9-99.9-99.9 0.7  710.5 93  7.4   4  3.6 4.5 0.6
5295020240527 14.1  6.6  0.009999-99.9-99.9-99.9-99.9 5.0 4810.1 85  7.0   9  6.9 9.1 4.1
5295020240528 12.5  4.0  0.009999-99.9-99.9-99.9-99.9 0.8  711.4 98  8.6   5  3.7 4.5 0.7
5295020240529 16.8  7.4  0.009999-99.9-99.9-99.9-99.9 2.7 2613.9 93 11.7   4  3.1 6.5 1.0
5295020240530 19.8  7.6  0.009999-99.9-99.9-99.9-99.9 7.6 7314.0 89 11.8   3  2.111.7 2.3
5295020240531 23.8  6.4  0.009999-99.9-99.9-99.9-99.9 7.4 7115.8 88 13.4   3  2.411.5 1.5
5295020240601 26.6 12.2  0.009999-99.9-99.9-99.9-99.9 7.1 6919.2 86 16.7   5  4.211.2 3.1
5295020240602 26.5 15.8  0.009999-99.9-99.9-99.9-99.9 3.5 3419.7 84 17.1   9  7.0 7.3 5.5
5295020240603 18.7  8.3  0.009999-99.9-99.9-99.9-99.9 7.4 7211.1 78  8.3  11  8.911.4 8.5
5295020240604 17.2  7.2  0.009999-99.9-99.9-99.9-99.9 4.5 4412.8 89 10.4   8  6.1 8.4 1.5
5295020240605 24.7 11.1  0.009999-99.9-99.9-99.9-99.9 5.9 5718.5 92 16.0   2  1.2 9.8 1.4
5295020240606 28.8 17.2  0.009999-99.9-99.9-99.9-99.9 6.1 5923.1 84 19.7   5  3.8 9.9 3.6
5295020240607 30.7 15.9  0.009999-99.9-99.9-99.9-99.9 5.8 5723.0 84 19.5   4  3.0 9.6 3.2
5295020240608 29.7 18.3  0.009999-99.9-99.9-99.9-99.9 6.2 6123.4 80 19.9   8  6.310.0 5.8
5295020240609 28.4 19.2  0.009999-99.9-99.9-99.9-99.9 5.7 5621.9 81 18.9   8  6.2 9.5 7.2
5295020240610 26.2 16.6  0.009999-99.9-99.9-99.9-99.9 6.0 5822.3 94 19.1   8  6.1 9.8 2.4
5295020240611 27.9 17.0  0.009999-99.9-99.9-99.9-99.9 3.7 3724.1 91 20.3   4  3.3 7.4 1.8
5295020240612 30.8 19.6  0.009999-99.9-99.9-99.9-99.9 7.0 6823.9 73 20.3  10  8.010.8 9.9
5295020240613 30.7 19.3  0.009999-99.9-99.9-99.9-99.9 6.2 6120.3 66 17.7  12  9.410.014.1
5295020240614 29.9 21.1  0.009999-99.9-99.9-99.9-99.9 5.1 5022.3 73 19.2   9  7.3 8.710.1
5295020240615 24.3 16.0 25.819999-99.9-99.9-99.9-99.9 5.0 4920.6 88 18.0  12  9.8 8.7 6.5
5295020240616 19.2 16.0  0.219999-99.9-99.9-99.9-99.9-9.9 9919.8100 17.3   8  6.2 1.7-9.9
5295020240617 19.6 15.0  0.009999-99.9-99.9-99.9-99.9-9.9 9919.3100 16.9   3  2.7 3.4-9.9
5295020240618 23.4 15.8  0.819999-99.9-99.9-99.9-99.9 4.6 4522.6 99 19.4   3  2.6 8.2 1.3
5295020240619 25.6 19.3  0.009999-99.9-99.9-99.9-99.9 3.0 2924.2 99 20.4   4  3.6 6.6 1.7
5295020240620 22.1 14.3  0.009999-99.9-99.9-99.9-99.9 1.0 1021.2100 18.3   8  6.0 4.5 0.9
5295020240621 25.5 18.5  0.009999-99.9-99.9-99.9-99.9 4.4 4324.9 95 21.0   9  6.8 8.0 2.0
5295020240622 30.1 17.1  0.009999-99.9-99.9-99.9-99.9 6.5 6322.9 84 19.6   4  2.910.1 4.1
5295020240623 20.4 13.8  0.009999-99.9-99.9-99.9-99.9-9.9 9919.2100 16.7  12  9.3 2.5-9.9
5295020240624 16.3  7.9  0.009999-99.9-99.9-99.9-99.9 5.9 5811.9 85  9.5   9  7.6 9.6 4.3
5295020240625 14.0  8.8  0.009999-99.9-99.9-99.9-99.9 1.0  911.2 88  8.6  11  9.0 4.5 4.1
5295020240626 16.2  5.3  0.009999-99.9-99.9-99.9-99.9 7.6 7410.9 87  8.0   4  2.911.4 2.2
5295020240627 19.1  5.8  0.009999-99.9-99.9-99.9-99.9 7.0 6811.8 82  9.2   7  5.310.7 2.8
5295020240628 16.7  7.5  0.009999-99.9-99.9-99.9-99.9 6.8 6710.9 81  8.0   7  5.810.6 4.4
5295020240629 14.9  3.4  0.009999-99.9-99.9-99.9-99.9 8.0 78 8.0 73  3.7   6  4.711.8 4.4
5295020240630 16.8  0.7  0.009999-99.9-99.9-99.9-99.9 8.0 78 8.3 75  4.1   3  2.111.8 2.1
5295020240701 19.8  3.2  0.009999-99.9-99.9-99.9-99.9 8.2 80 9.6 74  6.2   3  2.512.1 2.7
5295020240702 24.7  3.3  0.009999-99.9-99.9-99.9-99.9 7.7 7512.3 75  9.5   2  1.511.5 2.0
5295020240703 21.3 12.9  0.009999-99.9-99.9-99.9-99.9 1.2 1214.5 79 12.5   6  5.1 4.8 4.5
5295020240704 16.8 11.6-99.999999-99.9-99.9-99.9-99.9-9.9 9911.9 79  9.4  10  7.9 3.3-9.9
5295020240705-99.9-99.9  0.009999-99.9-99.9-99.9-99.9 5.4 52 8.5 70  4.5 -99-99.9 9.2-9.9
5295020240706 11.8  1.3-99.999999-99.9-99.9-99.9-99.9 1.2 11 7.4 73  2.6   5  3.7 4.8 3.0
5295020240707-99.9-99.9  0.009999-99.9-99.9-99.9-99.9 7.2 70 8.1 75  3.9 -99-99.911.2-9.9
5295020240708 13.3  0.9  0.009999-99.9-99.9-99.9-99.9 7.5 73 7.9 81  3.3   6  5.111.6 3.2
5295020240709  9.8 -0.4  0.009999-99.9-99.9-99.9-99.9 5.1 49 6.7 85  1.2   6  4.8 9.0 2.2
5295020240710 12.8 -1.2  0.009999-99.9-99.9-99.9-99.9 7.9 77 7.5 83  2.5   3  2.612.1 1.6
5295020240711 12.9  1.3  0.009999-99.9-99.9-99.9-99.9 2.2 21 8.2 88  3.8   3  2.4 5.9 1.2
5295020240712 13.4 -1.4  0.009999-99.9-99.9-99.9-99.9 7.8 75 7.4 79  2.3   4  3.112.0 2.2
5295020240713 13.7 -0.5  0.009999-99.9-99.9-99.9-99.9 3.7 35 8.8 85  4.7   3  2.8 7.6 1.1
5295020240714 16.0  6.2  0.009999-99.9-99.9-99.9-99.9 4.8 4711.9 88  9.4   6  5.1 8.9 2.4
5295020240715 18.2  8.5  0.009999-99.9-99.9-99.9-99.9 3.3 3114.1 93 11.9   4  3.3 7.3 1.3
5295020240716 20.5  7.3  0.009999-99.9-99.9-99.9-99.9 6.4 6114.2 90 11.9   2  1.710.7 1.7
5295020240717 20.2  5.9  0.009999-99.9-99.9-99.9-99.9 5.8 5513.5 90 11.1   2  1.310.0 1.6
5295020240718 26.2  7.6  0.009999-99.9-99.9-99.9-99.9 7.5 7217.0 84 14.5   6  4.412.0 2.1
5295020240719 31.2 15.3  0.009999-99.9-99.9-99.9-99.9 6.6 6320.0 76 17.3   7  5.911.1 6.4
5295020240720 28.1 13.1  0.009999-99.9-99.9-99.9-99.9 3.6 3419.4 87 16.8   6  5.0 7.8 2.9
5295020240721 23.2 11.5  0.009999-99.9-99.9-99.9-99.9 4.6 4417.1 95 14.8   5  4.1 8.9 2.2
5295020240722 21.8 12.6  0.009999-99.9-99.9-99.9-99.9 3.1 2917.4100 15.1   4  3.4 7.3 1.3
5295020240723 29.0 10.7  0.009999-99.9-99.9-99.9-99.9 6.0 5719.3 86 16.4   5  3.810.6 2.1
5295020240724 30.2 18.1  0.009999-99.9-99.9-99.9-99.9 2.1 1918.6 68 16.3   6  5.1 6.2 7.3
5295020240725 25.1 11.3  0.009999-99.9-99.9-99.9-99.9 8.6 8214.3 71 12.2   5  4.413.7 6.9
5295020240726 26.3 10.6  0.009999-99.9-99.9-99.9-99.9 6.0 5716.9 82 14.5   4  3.210.8 3.3
5295020240727 26.1 12.6  0.009999-99.9-99.9-99.9-99.9 4.6 4318.0 82 15.7   5  4.1 9.2 4.0
5295020240728 19.7 13.8  0.009999-99.9-99.9-99.9-99.9-9.9 9916.5 93 14.3  11  8.9 3.3-9.9
5295020240729 17.1  6.5  0.009999-99.9-99.9-99.9-99.9 7.9 74 8.4 66  4.1   9  7.213.1 9.3
5295020240730 19.9  1.3  0.009999-99.9-99.9-99.9-99.9 6.9 6410.6 82  7.1   6  4.512.0 2.4
5295020240731 25.7  8.2  0.009999-99.9-99.9-99.9-99.9 4.1 3818.4 90 15.7   8  6.0 8.8 1.4
5295020240801 33.2 16.5-99.999999-99.9-99.9-99.9-99.9 5.4 5021.5 68 18.6 -99-99.910.4-9.9
5295020240824-99.9-99.9  0.009999-99.9-99.9-99.9-99.9 8.9 79 9.8 77  6.4 -99-99.916.6-9.9
5295020240825 16.4  3.1  0.009999-99.9-99.9-99.9-99.9 8.9 79 9.3 80  5.7   3  2.716.7 3.5
5295020240826 18.9  2.9  0.009999-99.9-99.9-99.9-99.9 9.2 81 9.8 74  6.3   5  4.117.3 4.8
5295020240827 21.3  3.4  0.009999-99.9-99.9-99.9-99.9 9.1 8010.1 69  6.9   3  2.817.2 4.7
5295020240828 24.8  6.6  0.009999-99.9-99.9-99.9-99.9 9.0 7912.0 69  9.4   6  4.417.2 6.7
5295020240829 18.5 10.5  0.009999-99.9-99.9-99.9-99.9-9.9 9916.1 95 14.0   5  3.6 4.0-9.9
5295020240830 20.3 13.6  0.009999-99.9-99.9-99.9-99.9-9.9 9918.1 95 15.9   7  5.6 4.3-9.9
5295020240831 18.7 11.9  0.009999-99.9-99.9-99.9-99.9 5.4 4715.0 89 12.9  12  9.812.6 6.0
5295020240901 19.5  8.8  0.009999-99.9-99.9-99.9-99.9 6.8 5912.2 82  9.8   9  7.114.5 6.4
5295020240902 24.7  7.5  0.009999-99.9-99.9-99.9-99.9 9.7 8414.0 75 11.8   6  5.018.6 5.7
5295020240903 26.8  9.0  0.009999-99.9-99.9-99.9-99.9 8.3 7215.4 75 13.2   7  5.916.9 7.7
5295020240904 19.6 11.1  0.009999-99.9-99.9-99.9-99.9 2.9 2513.7 90 11.5   8  6.5 9.4 5.6
5295020240905 22.2  4.2  0.009999-99.9-99.9-99.9-99.9 9.2 7912.0 74  9.3   5  3.718.3 5.0
5295020240906 26.0  7.9  0.009999-99.9-99.9-99.9-99.9 8.7 7412.8 67 10.5   5  3.817.6 7.0
5295020240907 26.3 10.3  0.009999-99.9-99.9-99.9-99.9 6.1 5216.6 76 14.4   5  3.814.1 5.4
5295020240908 23.9 14.9  0.009999-99.9-99.9-99.9-99.9 1.4 1218.7 87 16.4   8  6.1 7.4 4.7
5295020240909 23.1 13.4  0.009999-99.9-99.9-99.9-99.9 1.6 1418.7 94 16.3   3  2.2 7.8 2.1
5295020240910 26.2 12.7  0.009999-99.9-99.9-99.9-99.9 3.2 2721.1 90 18.0   4  3.410.1 2.5
5295020240911 20.7 15.9  0.009999-99.9-99.9-99.9-99.9-9.9 9919.6 96 17.1  14 11.0 2.7-9.9
5295020240912 21.7 12.1  0.009999-99.9-99.9-99.9-99.9 2.3 2016.4 91 14.3  11  9.0 9.0 4.4
5295020240913 20.3 13.1  0.009999-99.9-99.9-99.9-99.9 2.5 2116.9 94 14.8   6  5.1 9.3 2.9
5295020240914 24.1 11.2  0.009999-99.9-99.9-99.9-99.9 9.5 8013.9 72 11.5   8  6.719.6 9.9
5295020240915 24.3  6.3  0.009999-99.9-99.9-99.9-99.9 9.4 7912.1 68  9.6   4  3.319.6 6.7
5295020240916 26.6  7.5  0.009999-99.9-99.9-99.9-99.9 9.6 8012.5 65 10.0   5  4.320.0 8.5
5295020240917 28.5 10.6  0.009999-99.9-99.9-99.9-99.9 9.2 7715.9 71 13.7   8  6.619.4 9.9
5295020240918 31.1 13.3  0.009999-99.9-99.9-99.9-99.9 9.0 7518.7 71 16.3   7  5.619.2 9.7
5295020240919 32.4 18.6  0.009999-99.9-99.9-99.9-99.9 4.1 3423.9 72 20.3   8  6.212.1 8.5
5295020240920 28.2 19.6  0.009999-99.9-99.9-99.9-99.9 5.7 4723.4 82 19.9   9  6.814.5 9.8
5295020240921 29.6 12.9  0.009999-99.9-99.9-99.9-99.9 9.2 7620.7 78 17.9   8  6.619.8 9.4
5295020240922 35.5 19.5  0.009999-99.9-99.9-99.9-99.9 6.7 5527.7 75 22.7   7  5.216.1 8.8
5295020240923 34.1 21.7  0.009999-99.9-99.9-99.9-99.9 5.3 4328.7 82 23.2   8  6.014.1 9.0
5295020240924 22.0 18.3  0.009999-99.9-99.9-99.9-99.9-9.9 9922.8100 19.5   9  7.3 3.3-9.9
5295020240925 21.1 18.0  0.009999-99.9-99.9-99.9-99.9-9.9 9922.5100 19.4  10  8.0 4.4-9.9
5295020240926 20.0 14.2  0.009999-99.9-99.9-99.9-99.9-9.9 9918.3 98 16.1  13 10.0 4.8-9.9
5295020240927 23.8 10.2  0.009999-99.9-99.9-99.9-99.9 9.9 8116.3 83 14.1   4  3.321.5 5.4
5295020240928 27.4 11.1  0.009999-99.9-99.9-99.9-99.910.1 8217.5 77 15.2   4  2.921.9 6.5
5295020240929 32.3 13.1  0.009999-99.9-99.9-99.9-99.9 9.5 7720.3 69 17.6   5  3.721.1 8.4
5295020240930 35.9 21.7  0.009999-99.9-99.9-99.9-99.9 7.8 6325.4 60 21.3  11  8.718.518.0
5295020241001 30.3 19.5  0.009999-99.9-99.9-99.9-99.9 4.1 3324.5 84 20.6  14 11.212.916.5
5295020241002 24.7 14.1  0.009999-99.9-99.9-99.9-99.9 9.7 7812.2 56  9.7  13 10.821.722.0
5295020241003 24.2  7.4  0.009999-99.9-99.9-99.9-99.910.3 8311.0 62  8.2   7  5.222.710.6
5295020241004 27.0  6.3  0.009999-99.9-99.9-99.9-99.910.8 8711.6 60  9.0   7  5.923.612.1
5295020241005 29.8 10.8  0.009999-99.9-99.9-99.9-99.9 5.5 4419.0 74 16.3   5  4.215.2 6.0
5295020241006 32.4 16.9  0.009999-99.9-99.9-99.9-99.9 8.4 6722.5 69 19.3   8  6.420.012.0
5295020241007 25.4 17.4  0.009999-99.9-99.9-99.9-99.9-9.9 9921.1 93 18.3  13 10.1 5.4-9.9
5295020241008 20.4 17.1  0.009999-99.9-99.9-99.9-99.9-9.9 9921.2100 18.4   9  6.9 2.9-9.9
5295020241009 23.2 18.0  0.009999-99.9-99.9-99.9-99.9 1.1  921.0 91 18.3  12  9.5 8.4 5.2
5295020241010 21.6 15.5  0.009999-99.9-99.9-99.9-99.9-9.9 9919.1 90 16.7   6  5.0 5.8-9.9
5295020241011 27.8 16.0  0.009999-99.9-99.9-99.9-99.910.2 8019.2 77 16.7   5  3.923.2 8.4
5295020241012 29.2 15.8  0.009999-99.9-99.9-99.9-99.9 9.6 7618.9 69 16.5   6  4.622.4 9.9
5295020241013 30.6 15.3  0.009999-99.9-99.9-99.9-99.9 9.9 7820.7 71 17.9   6  5.223.010.2
5295020241014 28.4 18.1  0.009999-99.9-99.9-99.9-99.9 2.4 1923.8 86 20.2   6  4.710.8 5.3
5295020241015 24.0 18.7  0.009999-99.9-99.9-99.9-99.9-9.9 9924.2 99 20.5   5  4.1 5.7-9.9
5295020241016 28.5 15.4  0.009999-99.9-99.9-99.9-99.910.2 8021.6 80 18.5   6  4.523.7 8.3
5295020241017 26.4 16.0  0.009999-99.9-99.9-99.9-99.9 3.3 2520.0 79 17.2  10  7.712.3 8.7
5295020241018 27.1 15.5  0.009999-99.9-99.9-99.9-99.9 7.7 6019.2 79 16.7   6  5.019.7 8.4
5295020241019 29.2 14.1  0.009999-99.9-99.9-99.9-99.910.5 8119.4 74 16.9   4  3.424.3 8.6
5295020241020 32.1 15.5  0.009999-99.9-99.9-99.9-99.9 8.9 6924.8 78 20.7   7  5.921.8 8.9
5295020241021 33.4 19.7  0.009999-99.9-99.9-99.9-99.9 9.6 7427.5 77 22.6   5  4.323.010.2
5295020241022 34.7 21.3  0.009999-99.9-99.9-99.9-99.9 7.9 6129.1 75 23.5   5  3.820.2 9.5
5295020241023 36.0 21.7  0.009999-99.9-99.9-99.9-99.9 8.8 6830.5 72 24.3   8  6.421.812.8
5295020241024 29.2 19.4  0.009999-99.9-99.9-99.9-99.9 4.2 3222.7 90 19.4  12  9.614.211.7
5295020241025 29.7 15.8-99.999999-99.9-99.9-99.9-99.910.7 8219.2 72 16.6 -99-99.925.2-9.9
5295020241026-99.9-99.9  0.009999-99.9-99.9-99.9-99.911.3 8613.5 67 11.3 -99-99.926.2-9.9
5295020241027 26.2 10.3  0.009999-99.9-99.9-99.9-99.910.4 7913.6 61 11.5   6  5.224.711.6
5295020241028 28.9 11.8  0.009999-99.9-99.9-99.9-99.911.0 8416.4 65 14.3   4  3.425.8 9.7
5295020241029 31.9 13.4  0.009999-99.9-99.9-99.9-99.911.1 8419.1 66 16.6   6  4.826.011.6
5295020241030 32.2 14.1  0.009999-99.9-99.9-99.9-99.911.2 8520.3 67 17.5   7  5.726.313.0
5295020241031 32.4 16.0  0.009999-99.9-99.9-99.9-99.9 5.5 4223.8 75 20.1   6  4.716.7 8.1
5295020241101 31.2 19.6  0.009999-99.9-99.9-99.9-99.9 5.8 4426.0 80 21.6   8  6.517.2 9.0
5295020241102 30.9 21.7  0.009999-99.9-99.9-99.9-99.9 3.8 2927.9 85 22.8   7  5.613.9 8.0
5295020241103 29.3 20.7  0.009999-99.9-99.9-99.9-99.9 5.6 4226.7 86 22.1   8  6.417.0 7.6
5295020241104 34.9 20.5  0.009999-99.9-99.9-99.9-99.9 8.8 6627.5 79 22.4   8  6.222.411.6
5295020241105 27.6 17.6  0.009999-99.9-99.9-99.9-99.9 3.1 2322.2 86 19.1  10  8.012.8 7.3
5295020241106 32.4 18.2  0.009999-99.9-99.9-99.9-99.910.1 7626.3 79 21.8   6  5.224.8 9.4
5295020241107 30.4 20.1  0.009999-99.9-99.9-99.9-99.9 9.0 6723.7 78 20.0  12  9.923.016.1
5295020241108 28.4 14.0  0.009999-99.9-99.9-99.9-99.911.4 8518.4 75 16.1   7  5.527.111.4
5295020241109 29.2 13.4  0.009999-99.9-99.9-99.9-99.911.4 8518.3 69 15.9   6  4.727.211.5
5295020241110 33.2 13.1  0.009999-99.9-99.9-99.9-99.911.2 8319.8 63 17.2   5  4.326.811.7
5295020241111 24.9 14.3  0.009999-99.9-99.9-99.9-99.9-9.9 9918.5 85 16.1  11  8.6 6.0-9.9
5295020241112 26.0  8.9  0.009999-99.9-99.9-99.9-99.911.7 8612.8 57 10.4   5  4.327.711.7
5295020241113 30.8 11.6  0.009999-99.9-99.9-99.9-99.911.0 8114.2 52 12.1   5  3.726.611.7
5295020241114 31.6 14.5  0.009999-99.9-99.9-99.9-99.910.4 7716.6 54 14.6   3  2.625.710.7
5295020241115 33.2 15.0  0.009999-99.9-99.9-99.9-99.911.5 8518.2 54 15.9   4  3.027.611.7
5295020241116 37.9 18.1  0.009999-99.9-99.9-99.9-99.911.2 8322.9 56 19.5   5  4.227.214.3
5295020241117 28.3 22.5  0.009999-99.9-99.9-99.9-99.9-9.9 9927.7 96 22.8   6  4.9 2.1-9.9
5295020241118 25.3 20.7  0.009999-99.9-99.9-99.9-99.9-9.9 9925.7 97 21.5   9  6.8 6.0-9.9
5295020241119 21.9 19.6  0.009999-99.9-99.9-99.9-99.9-9.9 9923.6100 20.2   9  7.3 3.4-9.9
5295020241120 27.1 17.9  0.009999-99.9-99.9-99.9-99.9 2.8 2024.1 94 20.4   9  7.112.6 3.9
5295020241121 25.7 17.6  0.009999-99.9-99.9-99.9-99.9 4.4 3221.2 87 18.4   7  5.815.4 6.9
5295020241122 29.6 16.2-99.999999-99.9-99.9-99.9-99.911.0 8023.1 81 19.7   7  5.926.9 9.8
5295020241123-99.9-99.9-99.999999-99.9-99.9-99.9-99.9-9.9 99-9.9-99-99.9 -99-99.9-9.9-9.9
5295020241124-99.9-99.9-99.999999-99.9-99.9-99.9-99.9-9.9 99-9.9-99-99.9 -99-99.9-9.9-9.9
5295020241125-99.9-99.9-99.999999-99.9-99.9-99.9-99.9-9.9 99-9.9-99-99.9 -99-99.9-9.9-9.9
5295020241126-99.9-99.9-99.999999-99.9-99.9-99.9-99.9-9.9 99-9.9-99-99.9 -99-99.9-9.9-9.9
5295020241203-99.9-99.9-99.999999-99.9-99.9-99.9-99.9-9.9 99-9.9-99-99.9 -99-99.9-9.9-9.9
5295020241204 28.5 11.7  0.009999-99.9-99.9-99.9-99.911.9 8617.0 66 14.8   5  4.028.810.7
5295020241205 33.8 14.9  0.009999-99.9-99.9-99.9-99.910.3 7426.5 73 21.6   6  5.026.0 9.7
5295020241206 33.2 23.8  0.009999-99.9-99.9-99.9-99.9 5.2 3728.7 79 23.3  10  8.317.112.9
5295020241207 27.7 19.9  0.009999-99.9-99.9-99.9-99.9 4.3 3121.8 77 18.7  14 11.515.514.8
5295020241208 23.8 15.2  0.009999-99.9-99.9-99.9-99.9 5.6 4016.5 75 14.4  10  8.117.812.8
5295020241209 26.5 13.9-99.999999-99.9-99.9-99.9-99.9 6.8 4917.6 75 15.4   7  5.319.8 9.0
5295020241210-99.9-99.9-99.999999-99.9-99.9-99.9-99.9-9.9 99-9.9-99-99.9 -99-99.9-9.9-9.9
5295020241211-99.9-99.9-99.999999-99.9-99.9-99.9-99.9-9.9 99-9.9-99-99.9 -99-99.9-9.9-9.9
5295020241212-99.9-99.9-99.999999-99.9-99.9-99.9-99.9-9.9 99-9.9-99-99.9 -99-99.9-9.9-9.9
5295020241221-99.9-99.9-99.999999-99.9-99.9-99.9-99.9-9.9 99-9.9-99-99.9 -99-99.9-9.9-9.9
5295020241222 29.9 15.2  0.009999-99.9-99.9-99.9-99.912.1 8618.3 68 16.0   8  6.129.214.0
5295020241223 30.8 13.9  0.009999-99.9-99.9-99.9-99.912.2 8718.2 64 15.9   5  4.129.512.4
5295020241224 27.6 15.8  0.009999-99.9-99.9-99.9-99.9 2.8 2019.8 79 17.2   6  4.912.9 6.7
5295020241225 28.2 12.5  0.009999-99.9-99.9-99.9-99.911.9 8517.7 69 15.5   7  5.628.913.0
5295020241226 28.7 13.6  0.009999-99.9-99.9-99.9-99.911.6 8317.2 65 15.0   4  3.628.411.1
5295020241227 30.8 12.9  0.009999-99.9-99.9-99.9-99.912.3 8817.7 60 15.5   4  2.829.510.9
5295020241228 31.1 15.2  0.009999-99.9-99.9-99.9-99.912.1 8718.0 58 15.7   5  4.129.313.4
5295020241229 32.0 15.9  0.009999-99.9-99.9-99.9-99.911.7 8420.0 63 17.4   5  4.028.512.4
5295020241230 32.9 16.3  0.009999-99.9-99.9-99.9-99.912.0 8620.0 61 17.4   5  3.929.113.1
5295020241231 35.3 17.1  0.009999-99.9-99.9-99.9-99.912.0 8621.0 58 18.2   3  2.529.011.7
5295020250101 30.5 18.9  0.009999-99.9-99.9-99.9-99.9 2.5 1823.5 77 20.0   5  3.812.3 7.1
5295020250102 35.3 18.8-99.999999-99.9-99.9-99.9-99.911.7 8424.3 67 20.5   5  3.828.512.4
5295020250103-99.9-99.9  0.009999-99.9-99.9-99.9-99.9 8.8 6417.6 53 15.4 -99-99.923.5-9.9
5295020250104 33.3 16.9  0.009999-99.9-99.9-99.9-99.911.9 8618.7 50 16.4   4  3.628.913.8
5295020250105 34.2 14.5  0.009999-99.9-99.9-99.9-99.911.9 8517.5 48 15.4   3  2.528.812.0
5295020250106 34.2 15.7  0.009999-99.9-99.9-99.9-99.911.6 8316.6 47 14.6   5  4.328.215.7
5295020250107 34.2 16.2  0.009999-99.9-99.9-99.9-99.9 8.4 6119.2 53 16.8   3  2.422.710.3
5295020250108 34.9 16.7  0.009999-99.9-99.9-99.9-99.911.7 8418.3 49 16.0   6  4.628.516.2
5295020250109 34.6 16.2  0.009999-99.9-99.9-99.9-99.910.8 7819.4 55 16.9   4  3.426.812.7
5295020250110 35.4 17.2  0.009999-99.9-99.9-99.9-99.910.6 7620.0 57 17.3   6  4.626.415.5
5295020250111 34.2 17.6  0.009999-99.9-99.9-99.9-99.911.9 8617.6 53 15.2   8  6.528.720.2
5295020250112 33.6 16.2  0.009999-99.9-99.9-99.9-99.912.1 8816.5 49 14.3   6  4.829.216.7
5295020250113 34.7 15.8  0.009999-99.9-99.9-99.9-99.911.9 8717.8 52 15.5   5  4.328.815.1
5295020250114 36.1 15.9  0.009999-99.9-99.9-99.9-99.911.7 8518.9 50 16.5   4  3.428.414.0
5295020250115 37.3 19.9  0.009999-99.9-99.9-99.9-99.910.1 7323.9 59 20.3   4  3.625.513.3
5295020250116 37.5 20.5  0.009999-99.9-99.9-99.9-99.911.3 8223.5 54 20.0   4  3.527.614.5
5295020250117 39.1 21.0  0.009999-99.9-99.9-99.9-99.910.9 7924.1 54 20.4   5  4.026.915.6
5295020250118 39.4 21.0  0.009999-99.9-99.9-99.9-99.910.2 7524.0 56 20.4   6  4.725.716.7
5295020250119 26.6 20.9  0.009999-99.9-99.9-99.9-99.9-9.9 9925.4 94 21.3   7  5.7 5.2-9.9
5295020250120 29.8 19.9  0.009999-99.9-99.9-99.9-99.9 4.8 3522.8 77 19.6   9  7.116.210.3
5295020250121 34.5 17.5  0.009999-99.9-99.9-99.9-99.912.0 8821.1 63 18.3   3  2.428.710.9
5295020250122 36.9 18.9  0.009999-99.9-99.9-99.9-99.9 8.6 6321.0 51 18.2   4  3.322.812.7
5295020250123 37.1 22.5  0.009999-99.9-99.9-99.9-99.9 5.5 4023.4 53 20.0   5  4.017.313.1
5295020250124 34.6 21.6  0.009999-99.9-99.9-99.9-99.9 2.8 2027.6 91 22.7   8  6.012.6 8.0
5295020250125 34.4 19.1  0.009999-99.9-99.9-99.9-99.9 9.3 6826.1 75 21.7   2  2.023.8 7.8
5295020250126 35.0 21.9  0.009999-99.9-99.9-99.9-99.9 6.6 4927.1 69 22.3   5  4.019.110.5
5295020250127 37.2 22.4  0.009999-99.9-99.9-99.9-99.9 9.7 7223.4 58 19.9   6  4.624.515.7
5295020250128 29.0 21.4  0.009999-99.9-99.9-99.9-99.9 0.6  427.2 84 22.4   5  3.8 8.7 5.5
5295020250129 31.8 21.5  0.009999-99.9-99.9-99.9-99.9 4.6 3425.1 76 21.1   8  6.415.610.7
5295020250130 34.0 19.0  0.009999-99.9-99.9-99.9-99.910.2 7623.8 69 20.2   7  5.425.213.3
5295020250131 34.7 18.2  0.009999-99.9-99.9-99.9-99.9 8.8 6521.1 60 18.3   4  3.422.811.6
5295020250201 35.8 17.1  0.009999-99.9-99.9-99.9-99.911.3 8520.3 54 17.7   3  2.727.211.9
5295020250202 37.1 18.2  0.009999-99.9-99.9-99.9-99.911.6 8621.4 52 18.5   4  3.527.513.7
5295020250203 40.3 21.3  0.009999-99.9-99.9-99.9-99.910.2 7623.1 50 19.7   5  4.025.115.8
5295020250204 41.7 24.6  0.009999-99.9-99.9-99.9-99.9 8.6 6424.3 45 20.6   6  5.022.319.4
5295020250205 42.1 23.6  0.009999-99.9-99.9-99.9-99.910.2 7724.5 51 20.7   8  6.525.023.4
5295020250206 37.0 21.9  0.009999-99.9-99.9-99.9-99.9 7.3 5524.2 64 20.4   8  6.620.016.5
5295020250207 38.7 20.2  0.009999-99.9-99.9-99.9-99.9 9.3 7025.8 61 21.4   7  5.723.416.0
5295020250208 40.2 21.5  0.009999-99.9-99.9-99.9-99.910.1 7723.8 49 20.2   5  3.724.814.9
5295020250209 40.9 23.7  0.009999-99.9-99.9-99.9-99.911.1 8420.1 41 17.3   4  3.026.315.5
5295020250210 41.3 22.8  0.009999-99.9-99.9-99.9-99.910.3 7824.2 46 20.5   7  5.624.920.3
5295020250211 42.2 25.6  0.009999-99.9-99.9-99.9-99.9 9.8 7523.5 38 20.0   9  7.424.1-9.9
5295020250212 36.2 23.4  0.009999-99.9-99.9-99.9-99.9 2.7 2126.6 76 22.1   8  6.512.011.8
5295020250213 29.5 21.5  0.009999-99.9-99.9-99.9-99.9 0.6  527.6 94 22.6   6  4.4 8.4 3.5
5295020250214 36.1 21.4  0.009999-99.9-99.9-99.9-99.9 8.6 6629.3 74 23.6   5  3.821.8 9.8
5295020250215 35.4 24.3  0.009999-99.9-99.9-99.9-99.9 4.6 3628.5 79 23.1   8  6.215.111.2
5295020250216 39.9 22.8  0.009999-99.9-99.9-99.9-99.9 3.9 3030.0 85 24.0   9  7.513.810.5
5295020250217 23.9 20.9  0.009999-99.9-99.9-99.9-99.9-9.9 9926.6100 22.1   4  3.3 3.0-9.9
5295020250218 31.1 17.5  0.009999-99.9-99.9-99.9-99.9 7.4 5724.2 85 20.4   2  1.619.6 5.6
5295020250219 33.5 18.4  0.009999-99.9-99.9-99.9-99.910.9 8522.1 66 19.0   3  2.625.4 9.8
5295020250220 34.8 19.4  0.009999-99.9-99.9-99.9-99.9 8.6 6726.7 69 22.0   6  4.921.510.8
5295020250221 36.4 23.4  0.009999-99.9-99.9-99.9-99.9 6.5 5030.9 74 24.6   5  3.717.8 9.2
5295020250222 37.2 23.8  0.009999-99.9-99.9-99.9-99.9 6.4 5029.9 72 24.0   8  6.317.612.8
5295020250223 37.4 22.3  0.009999-99.9-99.9-99.9-99.9 9.7 7629.3 67 23.7   7  5.623.113.2
5295020250224 38.1 24.0  0.009999-99.9-99.9-99.9-99.910.0 7829.4 65 23.8   6  4.823.513.9
5295020250225 38.4 25.0  0.009999-99.9-99.9-99.9-99.9 9.4 7330.2 65 24.2   6  4.622.413.4
5295020250226 38.0 21.6  0.009999-99.9-99.9-99.9-99.9 7.8 6127.6 74 22.6   9  7.219.814.0
5295020250227 34.4 20.1  0.009999-99.9-99.9-99.9-99.9 6.5 5128.9 84 23.4   7  5.517.6 7.5
5295020250228 35.2 23.7  0.009999-99.9-99.9-99.9-99.9 6.5 5130.5 80 24.3   8  6.217.4 9.5
5295020250301 35.4 23.8  0.009999-99.9-99.9-99.9-99.9 7.3 5829.8 76 24.0   9  7.318.714.7
5295020250302 36.5 22.0  0.009999-99.9-99.9-99.9-99.9 8.9 7030.3 80 24.2   8  6.121.210.0
5295020250303 39.6 24.5  0.009999-99.9-99.9-99.9-99.9 9.7 7728.7 60 23.3   6  4.922.514.8
5295020250304 39.1 25.3  0.009999-99.9-99.9-99.9-99.9 9.5 7529.7 62 23.9   5  4.222.013.5
5295020250305 39.4 24.7  0.619999-99.9-99.9-99.9-99.9 9.6 7629.3 61-99.9   7  5.522.116.4
5295020250306 37.0 25.7  0.009999-99.9-99.9-99.9-99.9 9.4 7527.1 62 22.4  10  8.121.820.9
5295020250307 37.6 21.4  0.009999-99.9-99.9-99.9-99.9 9.4 7526.7 56 22.2  10  7.721.618.5
5295020250308 33.7 22.6  1.019999-99.9-99.9-99.9-99.9 1.9 1525.1 76 21.1  13 10.1 9.616.7
5295020250309 28.9 16.8  0.009999-99.9-99.9-99.9-99.910.2 8218.3 66 16.0  12  9.822.717.3
5295020250310 29.0 11.3  0.009999-99.9-99.9-99.9-99.910.4 8416.7 67 14.7   4  3.423.0 8.5
5295020250311 33.4 13.9  0.009999-99.9-99.9-99.9-99.910.3 8316.3 53 14.3   4  3.322.710.8
5295020250312 29.9 17.9  0.419999-99.9-99.9-99.9-99.9 8.6 7020.0 74 17.5  12  9.619.914.8
5295020250313 25.8 14.3  0.009999-99.9-99.9-99.9-99.9 9.2 7515.9 75 13.9  10  7.720.811.4
5295020250314 28.0  9.9  0.009999-99.9-99.9-99.9-99.910.4 8514.0 61 12.0   5  4.022.6 9.3
5295020250315 30.8 13.0  0.009999-99.9-99.9-99.9-99.9 9.4 7715.2 56 13.2   5  4.020.910.6
5295020250316 31.9 15.0  0.009999-99.9-99.9-99.9-99.9 9.2 7617.1 55 15.0   6  4.520.611.8
5295020250317 32.0 18.0  0.009999-99.9-99.9-99.9-99.9 7.1 5820.6 66 17.9   5  3.917.2 9.5
5295020250318 34.2 16.8  0.009999-99.9-99.9-99.9-99.910.2 8418.8 56 16.5   6  4.521.912.6
5295020250319 34.1 14.3  0.009999-99.9-99.9-99.9-99.910.4 8617.5 58 15.4   5  3.722.111.5
5295020250320 34.6 13.7  0.009999-99.9-99.9-99.9-99.910.3 8614.3 44 12.2   5  4.021.913.3
5295020250321 35.8 15.8  0.009999-99.9-99.9-99.9-99.9 6.7 5518.5 51 16.2   5  4.316.211.1
5295020250322 32.2 18.2  0.009999-99.9-99.9-99.9-99.9 8.4 7023.2 69 19.8   7  5.418.810.8
5295020250323 32.8 19.6  3.219999-99.9-99.9-99.9-99.9 6.5 5524.8 72 20.9   5  4.115.8 8.1
5295020250324 34.4 19.6 16.819999-99.9-99.9-99.9-99.9 5.2 4324.9 88 21.0   6  4.513.7 6.4
5295020250325 27.3 19.8  1.219999-99.9-99.9-99.9-99.9 0.8  725.3 94 21.3   6  4.8 7.0 2.9
5295020250326 32.3 20.1  0.009999-99.9-99.9-99.9-99.9 7.5 6326.0 76 21.7   6  4.916.9 7.6
5295020250327 28.3 19.5  5.019999-99.9-99.9-99.9-99.9-9.9 9926.9 95 22.2   7  5.7 5.3-9.9
5295020250328 25.8 18.8  9.019999-99.9-99.9-99.9-99.9-9.9 9925.6 96 21.4   4  3.5 3.8-9.9
5295020250329 31.7 19.6  0.009999-99.9-99.9-99.9-99.9 6.4 5427.3 85 22.5   5  3.715.1 5.6
5295020250330 33.9 21.1 12.819999-99.9-99.9-99.9-99.9 8.9 7527.4 75 22.6   6  5.118.6 9.9
5295020250331 25.7 14.4  0.009999-99.9-99.9-99.9-99.9 1.3 1118.5 91 16.0  15 11.7 7.5 9.7
5295020250401 23.8 12.9  1.819999-99.9-99.9-99.9-99.9 5.3 4516.6 76 14.6   9  7.113.2 7.1
5295020250402 19.7 16.1  1.619999-99.9-99.9-99.9-99.9-9.9 9920.6100 17.9   4  3.3 3.6-9.9
5295020250403 25.9 17.9  0.009999-99.9-99.9-99.9-99.9 1.0  820.9 92 18.2   6  4.5 6.9 3.4
5295020250404 19.7  8.0  0.009999-99.9-99.9-99.9-99.910.0 8610.8 73  8.0  11  8.919.813.3
5295020250405 23.7  4.8  0.009999-99.9-99.9-99.9-99.910.1 8711.8 73  9.3   7  5.719.8 7.2
5295020250406 23.1 11.0 37.819999-99.9-99.9-99.9-99.9-9.9 9919.3 90 16.7   7  5.5 4.7-9.9
5295020250407 19.3 16.0  1.619999-99.9-99.9-99.9-99.9-9.9 9919.9100 17.4   7  5.2 2.1-9.9
5295020250408 20.4 15.0  0.009999-99.9-99.9-99.9-99.9 0.4  419.1100 16.8   6  4.7 5.9 1.8
5295020250409 23.4 17.1  0.009999-99.9-99.9-99.9-99.9 2.1 1820.7 92 18.0   3  2.4 8.2 2.6
5295020250410 27.6 15.3  0.009999-99.9-99.9-99.9-99.9 5.5 4819.6 86 17.1   1  1.012.8 3.3
5295020250411 27.6 17.0  0.009999-99.9-99.9-99.9-99.9 5.7 5020.3 79 17.7   3  2.113.0 4.5
5295020250412-99.9-99.9-99.999999-99.9-99.9-99.9-99.9-9.9 99-9.9-99-99.9 -99-99.9-9.9-9.9
5295020250413-99.9-99.9-99.999999-99.9-99.9-99.9-99.9-9.9 99-9.9-99-99.9 -99-99.9-9.9-9.9
5295020250414-99.9-99.9-99.999999-99.9-99.9-99.9-99.9-9.9 99-9.9-99-99.9 -99-99.9-9.9-9.9
5295020250420-99.9-99.9-99.999999-99.9-99.9-99.9-99.9-9.9 99-9.9-99-99.9 -99-99.9-9.9-9.9
5295020250421-99.9-99.9-99.999999-99.9-99.9-99.9-99.9-9.9 99-9.9-99-99.9 -99-99.9-9.9-9.9
5295020250422-99.9-99.9-99.999999-99.9-99.9-99.9-99.9-9.9 99-9.9-99-99.9 -99-99.9-9.9-9.9
5295020250423-99.9-99.9-99.999999-99.9-99.9-99.9-99.9-9.9 99-9.9-99-99.9 -99-99.9-9.9-9.9
5295020250424-99.9-99.9-99.999999-99.9-99.9-99.9-99.9-9.9 99-9.9-99-99.9 -99-99.9-9.9-9.9
5295020260828-99.9-99.9-99.999999-99.9-99.9-99.9-99.9-9.9 99-9.9-99-99.9 -99-99.9-9.9-9.9
