5287220061105-99.9-99.9-99.999999-99.9-99.9-99.9-99.9-9.9 99-9.9-99-99.9 -99-99.9-9.9-9.9
5287220061106-99.9-99.9-99.999999-99.9-99.9-99.9-99.9-9.9 99-9.9-99-99.9 -99-99.9-9.9-9.9
5287220061107-99.9-99.9-99.999999-99.9-99.9-99.9-99.9-9.9 99-9.9-99-99.9 -99-99.9-9.9-9.9
5287220120904-99.9-99.9-99.999999-99.9-99.9-99.9-99.9-9.9 99-9.9-99-99.9 -99-99.9-9.9-9.9
5287220120905 12.5  9.9  0.009999-99.9-99.9-99.9-99.9-9.9 9912.7 98 10.5   5  3.6-9.9-9.9
5287220120906 13.2  8.7 23.219999-99.9-99.9-99.9-99.9-9.9 9912.9 98 10.7   2  1.9-9.9-9.9
5287220120907 14.9 12.1  0.519999-99.9-99.9-99.9-99.9-9.9 9915.1100 13.1   5  4.3-9.9-9.9
5287220120908 20.0  9.9  0.009999-99.9-99.9-99.9-99.9-9.9 9913.6 87 11.4   4  3.4-9.9-9.9
5287220120909 18.6  6.4  0.009999-99.9-99.9-99.9-99.9-9.9 99 9.8 69  6.6   2  1.2-9.9-9.9
5287220120910 20.3  4.2  0.009999-99.9-99.9-99.9-99.9-9.9 9910.6 72  7.7   2  1.2-9.9-9.9
5287220120911 24.2  6.9  0.009999-99.9-99.9-99.9-99.9-9.9 9913.8 80 11.6   2  1.2-9.9-9.9
5287220120912 26.1 11.6  0.009999-99.9-99.9-99.9-99.9-9.9 9915.6 76 13.5   1  1.2-9.9-9.9
5287220120913 26.9 11.0  0.009999-99.9-99.9-99.9-99.9-9.9 9914.5 66 12.4   2  2.0-9.9-9.9
5287220120914 26.7 10.4  0.009999-99.9-99.9-99.9-99.9-9.9 9914.2 64 12.2   2  1.8-9.9-9.9
5287220120915 26.8 12.6  0.009999-99.9-99.9-99.9-99.9-9.9 9917.2 69 15.0   3  2.5-9.9-9.9
5287220120916 23.8 10.7  2.219999-99.9-99.9-99.9-99.9-9.9 9915.0 74 13.0   2  1.6-9.9-9.9
5287220120917 19.4 11.6  0.009999-99.9-99.9-99.9-99.9-9.9 9913.3 81 11.2   5  3.7-9.9-9.9
5287220120918 17.1  9.9  3.819999-99.9-99.9-99.9-99.9-9.9 9912.0 84  9.7   7  5.2-9.9-9.9
5287220120919 17.5  7.8  0.009999-99.9-99.9-99.9-99.9-9.9 9911.1 83  8.4   8  6.7-9.9-9.9
5287220120920 17.9  6.2  0.219999-99.9-99.9-99.9-99.9-9.9 99 9.9 76  6.8   4  3.0-9.9-9.9
5287220120921 19.8  5.9  0.009999-99.9-99.9-99.9-99.9-9.9 99 9.4 63  6.0   3  2.4-9.9-9.9
5287220120922 23.8  6.3  0.009999-99.9-99.9-99.9-99.9-9.9 99 9.0 56  5.3   3  2.1-9.9-9.9
5287220120923 21.0  7.5  0.009999-99.9-99.9-99.9-99.9-9.9 9911.3 70  8.7   2  1.5-9.9-9.9
5287220120924 17.3  9.8  0.009999-99.9-99.9-99.9-99.9-9.9 99 9.5 60  6.0   9  6.9-9.9-9.9
5287220120925 15.3  3.1  0.219999-99.9-99.9-99.9-99.9-9.9 99 8.1 73  3.9   7  5.3-9.9-9.9
5287220120926 17.8  0.7  0.009999-99.9-99.9-99.9-99.9-9.9 99 8.1 64  3.9   1  1.0-9.9-9.9
5287220120927 22.0  3.9  0.009999-99.9-99.9-99.9-99.9-9.9 9910.2 66  7.2   3  2.2-9.9-9.9
5287220120928 20.4  9.4  0.219999-99.9-99.9-99.9-99.9-9.9 9913.7 82 11.6   1  1.0-9.9-9.9
5287220120929 24.4 12.5  0.009999-99.9-99.9-99.9-99.9-9.9 9914.7 75 12.7   1  0.8-9.9-9.9
5287220120930 29.2  9.9  0.219999-99.9-99.9-99.9-99.9-9.9 9915.2 71 13.1   2  2.0-9.9-9.9
5287220121001 24.4 12.9 10.819999-99.9-99.9-99.9-99.9-9.9 9917.0 86 14.9   2  1.9-9.9-9.9
5287220121002 21.8 12.9  0.519999-99.9-99.9-99.9-99.9-9.9 9915.3 84 13.3   3  2.4-9.9-9.9
5287220121003 22.4  9.1  0.009999-99.9-99.9-99.9-99.9-9.9 9913.4 74 11.2   3  2.6-9.9-9.9
5287220121004 24.9  6.9  0.009999-99.9-99.9-99.9-99.9-9.9 9912.7 70 10.4   2  1.4-9.9-9.9
5287220121005 24.8 12.0 46.519999-99.9-99.9-99.9-99.9-9.9 9918.4 91 16.0   3  2.1-9.9-9.9
5287220121006 19.4 16.0  0.009999-99.9-99.9-99.9-99.9-9.9 9919.1 98 16.7   3  2.5-9.9-9.9
5287220121007 17.5 13.4  2.019999-99.9-99.9-99.9-99.9-9.9 9916.8 96 14.7   3  2.2-9.9-9.9
5287220121008 19.6 13.3  0.009999-99.9-99.9-99.9-99.9-9.9 9918.4 97 16.1   2  1.5-9.9-9.9
5287220121009 23.6 13.2  0.009999-99.9-99.9-99.9-99.9-9.9 9916.4 83 14.0   6  4.4-9.9-9.9
5287220121010 16.9  5.5  0.009999-99.9-99.9-99.9-99.9-9.9 99 9.8 75  6.6   4  2.9-9.9-9.9
5287220121011 21.2  4.3  0.009999-99.9-99.9-99.9-99.9-9.9 9911.4 74  8.8   1  1.1-9.9-9.9
5287220121012 25.4  7.9  0.009999-99.9-99.9-99.9-99.9-9.9 9913.7 73 11.6   2  1.2-9.9-9.9
5287220121013 28.1  9.1  0.009999-99.9-99.9-99.9-99.9-9.9 9915.4 71 13.3   1  1.1-9.9-9.9
5287220121014 29.2 14.0  0.009999-99.9-99.9-99.9-99.9-9.9 9917.9 69 15.7   2  1.6-9.9-9.9
5287220121015 24.5 16.4 20.219999-99.9-99.9-99.9-99.9-9.9 9919.2 85 16.8   1  1.1-9.9-9.9
5287220121016 17.5 14.9  3.219999-99.9-99.9-99.9-99.9-9.9 9918.1100 15.9   8  6.6-9.9-9.9
5287220121017 22.8 12.8  0.009999-99.9-99.9-99.9-99.9-9.9 9916.2 88 14.2   6  4.5-9.9-9.9
5287220121018 24.9  9.6  1.219999-99.9-99.9-99.9-99.9-9.9 9915.0 82 13.0   1  0.6-9.9-9.9
5287220121019 25.6 13.7  0.009999-99.9-99.9-99.9-99.9-9.9 9917.6 88 15.5   1  1.1-9.9-9.9
5287220121020 29.0 13.9  0.009999-99.9-99.9-99.9-99.9-9.9 9918.6 83 16.3   0  0.2-9.9-9.9
5287220121021 26.8 14.7  6.519999-99.9-99.9-99.9-99.9-9.9 9919.5 88 17.1   1  0.5-9.9-9.9
5287220121022 18.5 14.2 30.019999-99.9-99.9-99.9-99.9-9.9 9917.7 99 15.6   3  2.0-9.9-9.9
5287220121023 20.7 11.4  0.009999-99.9-99.9-99.9-99.9-9.9 9915.0 93 13.0   5  4.2-9.9-9.9
5287220121024 25.1  9.3  0.009999-99.9-99.9-99.9-99.9-9.9 9914.1 76 12.0   2  1.2-9.9-9.9
5287220121025 27.5  8.1  0.009999-99.9-99.9-99.9-99.9-9.9 9914.8 74 12.7   1  0.7-9.9-9.9
5287220121026 29.0 12.0  0.009999-99.9-99.9-99.9-99.9-9.9 9917.8 76 15.6   1  0.8-9.9-9.9
5287220121027 25.7 15.1  0.519999-99.9-99.9-99.9-99.9-9.9 9918.8 87 16.5   1  1.0-9.9-9.9
5287220121028 28.5 14.2 18.219999-99.9-99.9-99.9-99.9-9.9 9919.7 82 17.2   2  1.3-9.9-9.9
5287220121029 22.3 17.2  7.519999-99.9-99.9-99.9-99.9-9.9 9921.1 98 18.3   3  2.4-9.9-9.9
5287220121030 26.0 14.1  0.009999-99.9-99.9-99.9-99.9-9.9 9917.8 84 15.7   2  1.7-9.9-9.9
5287220121031 26.8 13.2  0.009999-99.9-99.9-99.9-99.9-9.9 9917.3 77 15.2   1  0.4-9.9-9.9
5287220121101 29.8 14.5  0.009999-99.9-99.9-99.9-99.9-9.9 9917.0 73 14.8   1  0.5-9.9-9.9
5287220121102 31.5 13.7  0.009999-99.9-99.9-99.9-99.9-9.9 9916.8 61 14.7   1  0.6-9.9-9.9
5287220121103 29.6 15.9  0.009999-99.9-99.9-99.9-99.9-9.9 9920.2 75 17.6   1  1.0-9.9-9.9
5287220121104 31.9 12.8  0.009999-99.9-99.9-99.9-99.9-9.9 9918.6 64 16.0   1  0.8-9.9-9.9
5287220121105 34.0 18.1  0.009999-99.9-99.9-99.9-99.9-9.9 9920.8 68 18.0   1  1.0-9.9-9.9
5287220121106 36.2 18.3  0.009999-99.9-99.9-99.9-99.9-9.9 9921.9 67 18.9   1  0.8-9.9-9.9
5287220121107 36.7 17.6  0.009999-99.9-99.9-99.9-99.9-9.9 9919.9 50 17.4   1  1.2-9.9-9.9
5287220121108 36.3 18.8 16.019999-99.9-99.9-99.9-99.9-9.9 9921.4 50 18.5   2  1.8-9.9-9.9
5287220121109 27.6 14.9  6.019999-99.9-99.9-99.9-99.9-9.9 9918.3 91 15.9   6  5.1-9.9-9.9
5287220121110 21.7  8.3  0.009999-99.9-99.9-99.9-99.9-9.9 9912.6 72 10.3   4  3.4-9.9-9.9
5287220121111 18.6  9.6  0.009999-99.9-99.9-99.9-99.9-9.9 9915.0 87 13.0   1  0.8-9.9-9.9
5287220121112 24.7 10.2  0.009999-99.9-99.9-99.9-99.9-9.9 9914.2 73 12.1   2  1.4-9.9-9.9
5287220121113 26.5 10.2  0.009999-99.9-99.9-99.9-99.9-9.9 9914.1 63 12.1   2  1.4-9.9-9.9
5287220121114 26.7 11.8  0.009999-99.9-99.9-99.9-99.9-9.9 9915.4 69 13.4   1  1.1-9.9-9.9
5287220121115 29.9 12.9  0.009999-99.9-99.9-99.9-99.9-9.9 9915.9 60 13.9   1  1.2-9.9-9.9
5287220121116 30.2 13.9  0.009999-99.9-99.9-99.9-99.9-9.9 9916.9 67 14.8   1  0.9-9.9-9.9
5287220121117 31.0 14.9  4.019999-99.9-99.9-99.9-99.9-9.9 9920.0 77 17.4   2  1.3-9.9-9.9
5287220121118 27.3 16.2  0.009999-99.9-99.9-99.9-99.9-9.9 9920.3 84 17.7   1  1.1-9.9-9.9
5287220121119 31.6 17.2  0.009999-99.9-99.9-99.9-99.9-9.9 9920.3 71 17.7   2  1.3-9.9-9.9
5287220121120 32.2 16.9  0.009999-99.9-99.9-99.9-99.9-9.9 9921.8 67 18.8   2  1.3-9.9-9.9
5287220121121 35.3 19.5 16.819999-99.9-99.9-99.9-99.9-9.9 9921.3 60 18.5   3  2.2-9.9-9.9
5287220121122 26.0 17.2  0.219999-99.9-99.9-99.9-99.9-9.9 9921.6 89 18.7   6  4.9-9.9-9.9
5287220121123 21.6 14.0  0.009999-99.9-99.9-99.9-99.9-9.9 9916.3 87 14.3   2  1.9-9.9-9.9
5287220121124 24.8 11.9  0.009999-99.9-99.9-99.9-99.9-9.9 9913.2 63 11.0   4  2.9-9.9-9.9
5287220121125 24.1  9.3  1.019999-99.9-99.9-99.9-99.9-9.9 9914.1 73 11.9   1  1.1-9.9-9.9
5287220121126 27.9 12.8  0.009999-99.9-99.9-99.9-99.9-9.9 9916.6 76 14.6   2  1.3-9.9-9.9
5287220121127 34.1 13.9  0.009999-99.9-99.9-99.9-99.9-9.9 9918.2 57 16.0   2  1.5-9.9-9.9
5287220121128 28.0 14.3  0.009999-99.9-99.9-99.9-99.9-9.9 9914.6 58 12.5   3  2.6-9.9-9.9
5287220121129 27.5 11.1 31.019999-99.9-99.9-99.9-99.9-9.9 9914.7 63 12.7   5  3.7-9.9-9.9
5287220121130 25.1 15.5  0.009999-99.9-99.9-99.9-99.9-9.9 9918.7 89 16.4   2  1.9-9.9-9.9
5287220121201 30.4 15.1  0.009999-99.9-99.9-99.9-99.9-9.9 9917.1 60 14.9   2  1.8-9.9-9.9
5287220121202 34.1 15.5 14.019999-99.9-99.9-99.9-99.9-9.9 9918.9 53 16.5   3  2.1-9.9-9.9
5287220121203 33.6 19.5  0.009999-99.9-99.9-99.9-99.9-9.9 9925.7 77 21.5   1  0.7-9.9-9.9
5287220121204 31.9 17.6  0.009999-99.9-99.9-99.9-99.9-9.9 9923.5 69 20.0   3  2.1-9.9-9.9
5287220121205 32.8 19.9 11.219999-99.9-99.9-99.9-99.9-9.9 9925.5 81 21.4   3  2.4-9.9-9.9
5287220121206 22.0 18.1  5.019999-99.9-99.9-99.9-99.9-9.9 9922.8 97 19.6   5  3.7-9.9-9.9
5287220121207 26.3 14.9  0.009999-99.9-99.9-99.9-99.9-9.9 9915.3 64 13.3   5  4.1-9.9-9.9
5287220121208 31.2 15.3  0.009999-99.9-99.9-99.9-99.9-9.9 9915.5 56 13.4   3  2.4-9.9-9.9
5287220121209 35.6 14.7  0.009999-99.9-99.9-99.9-99.9-9.9 9917.1 54 15.0   2  1.6-9.9-9.9
5287220121210 31.9 17.2 16.819999-99.9-99.9-99.9-99.9-9.9 9921.7 86 18.7   2  1.4-9.9-9.9
5287220121211 32.6 12.8  0.009999-99.9-99.9-99.9-99.9-9.9 9918.0 68 15.7   1  1.0-9.9-9.9
5287220121212 34.3 16.2  0.009999-99.9-99.9-99.9-99.9-9.9 9919.7 54 17.2   3  2.2-9.9-9.9
5287220121213 30.7 12.5  0.009999-99.9-99.9-99.9-99.9-9.9 9914.3 51 12.2   1  0.8-9.9-9.9
5287220121214 28.3 14.6  4.019999-99.9-99.9-99.9-99.9-9.9 9918.2 71 16.0   1  0.9-9.9-9.9
5287220121215 32.7 15.0  0.219999-99.9-99.9-99.9-99.9-9.9 9919.5 64 17.0   1  0.5-9.9-9.9
5287220121216 27.1 18.4  2.019999-99.9-99.9-99.9-99.9-9.9 9921.3 81 18.5   2  1.6-9.9-9.9
5287220121217 27.5 12.9  0.009999-99.9-99.9-99.9-99.9-9.9 9913.9 56 11.7   2  1.4-9.9-9.9
5287220121218 28.7 11.6  0.009999-99.9-99.9-99.9-99.9-9.9 9916.0 58 13.9   1  1.1-9.9-9.9
5287220121219 29.8 17.6 16.519999-99.9-99.9-99.9-99.9-9.9 9922.7 94 19.4   3  2.8-9.9-9.9
5287220121220 26.5 14.7  0.009999-99.9-99.9-99.9-99.9-9.9 9917.3 80 15.2   5  4.0-9.9-9.9
5287220121221 30.2 11.1  0.009999-99.9-99.9-99.9-99.9-9.9 9913.7 51 11.5   1  0.8-9.9-9.9
5287220121222 32.7 13.5  0.009999-99.9-99.9-99.9-99.9-9.9 9916.7 50 14.7   3  2.4-9.9-9.9
5287220121223 34.6 16.1  0.009999-99.9-99.9-99.9-99.9-9.9 9921.3 60 18.3   2  1.3-9.9-9.9
5287220121224 38.4 24.0 23.819999-99.9-99.9-99.9-99.9-9.9 9929.4 63 23.7   4  3.1-9.9-9.9
5287220121225 31.1 16.7  0.009999-99.9-99.9-99.9-99.9-9.9 9917.8 72 15.4   5  4.2-9.9-9.9
5287220121226 25.2 12.0  0.009999-99.9-99.9-99.9-99.9-9.9 9914.3 66 12.2   3  2.6-9.9-9.9
5287220121227 28.2 12.8  0.009999-99.9-99.9-99.9-99.9-9.9 9916.8 64 14.7   1  0.8-9.9-9.9
5287220121228 30.7 14.9  0.009999-99.9-99.9-99.9-99.9-9.9 9918.2 64 15.9   2  1.7-9.9-9.9
5287220121229 31.2 14.5  0.009999-99.9-99.9-99.9-99.9-9.9 9918.8 67 16.5   2  1.2-9.9-9.9
5287220121230 35.6 18.2  6.219999-99.9-99.9-99.9-99.9-9.9 9922.6 63 19.4   2  1.7-9.9-9.9
5287220121231 27.3 18.7 21.219999-99.9-99.9-99.9-99.9-9.9 9920.4 76 17.2   5  4.3-9.9-9.9
5287220130101 22.6  9.9  0.009999-99.9-99.9-99.9-99.9-9.9 9912.3 71 10.0   5  3.8-9.9-9.9
5287220130102 26.1  8.8  0.009999-99.9-99.9-99.9-99.9-9.9 9913.1 63 10.9   1  0.8-9.9-9.9
5287220130103 29.3 12.7  0.009999-99.9-99.9-99.9-99.9-9.9 9916.9 64 14.8   2  1.6-9.9-9.9
5287220130104 32.7 14.5  4.219999-99.9-99.9-99.9-99.9-9.9 9921.0 73 18.2   1  0.9-9.9-9.9
5287220130105 28.9 18.8  0.009999-99.9-99.9-99.9-99.9-9.9 9924.3 86 20.6   2  1.5-9.9-9.9
5287220130106 33.1 15.7  0.009999-99.9-99.9-99.9-99.9-9.9 9921.6 71 18.6   1  1.0-9.9-9.9
5287220130107 31.8 18.4  0.009999-99.9-99.9-99.9-99.9-9.9 9922.7 74 19.4   2  1.2-9.9-9.9
5287220130108 30.2 13.6  0.009999-99.9-99.9-99.9-99.9-9.9 9920.3 77 17.6   1  0.7-9.9-9.9
5287220130109 33.2 12.7  0.009999-99.9-99.9-99.9-99.9-9.9 9918.7 65 16.3   1  0.5-9.9-9.9
5287220130110 35.0 16.5  0.009999-99.9-99.9-99.9-99.9-9.9 9922.5 64 19.3   1  0.8-9.9-9.9
5287220130111 34.4 17.7  0.009999-99.9-99.9-99.9-99.9-9.9 9919.5 52 17.0   2  1.3-9.9-9.9
5287220130112 33.0 16.4  0.009999-99.9-99.9-99.9-99.9-9.9 9920.1 64 17.5   1  0.8-9.9-9.9
5287220130113 34.2 15.7  0.009999-99.9-99.9-99.9-99.9-9.9 9920.3 66 17.7   0  0.4-9.9-9.9
5287220130114 33.2 18.0  0.009999-99.9-99.9-99.9-99.9-9.9 9924.1 77 20.5   1  0.7-9.9-9.9
5287220130115 33.5 17.3  0.009999-99.9-99.9-99.9-99.9-9.9 9921.4 65 18.5   1  0.8-9.9-9.9
5287220130116 34.0 18.0  6.519999-99.9-99.9-99.9-99.9-9.9 9923.5 95 20.1   1  0.8-9.9-9.9
5287220130117 31.9 16.8  0.009999-99.9-99.9-99.9-99.9-9.9 9922.8 78 19.6   2  2.0-9.9-9.9
5287220130118 28.0 16.6  0.009999-99.9-99.9-99.9-99.9-9.9 9920.3 77 17.7   2  1.5-9.9-9.9
5287220130119 28.1 12.5  0.009999-99.9-99.9-99.9-99.9-9.9 9917.3 73 15.2   2  1.8-9.9-9.9
5287220130120 29.7 11.2  0.009999-99.9-99.9-99.9-99.9-9.9 9917.0 67 14.9   1  1.1-9.9-9.9
5287220130121 31.2 14.7  0.009999-99.9-99.9-99.9-99.9-9.9 9918.5 67 16.2   1  1.0-9.9-9.9
5287220130122 33.5 15.5  0.009999-99.9-99.9-99.9-99.9-9.9 9920.5 67 17.8   1  0.7-9.9-9.9
5287220130123 35.7 17.5  0.009999-99.9-99.9-99.9-99.9-9.9 9922.2 63 19.1   1  0.7-9.9-9.9
5287220130124 38.2 19.6  0.009999-99.9-99.9-99.9-99.9-9.9 9921.9 58 18.8   5  4.0-9.9-9.9
5287220130125 24.1 11.8  0.009999-99.9-99.9-99.9-99.9-9.9 9912.7 67 10.4   6  4.5-9.9-9.9
5287220130126 30.6  9.5  0.009999-99.9-99.9-99.9-99.9-9.9 9912.1 52  9.6   1  1.0-9.9-9.9
5287220130127 34.2 13.1  0.009999-99.9-99.9-99.9-99.9-9.9 9918.1 57 15.7   2  1.8-9.9-9.9
5287220130128 35.9 18.8  0.009999-99.9-99.9-99.9-99.9-9.9 9922.7 66 19.5   1  1.0-9.9-9.9
5287220130129 34.9 19.4  0.219999-99.9-99.9-99.9-99.9-9.9 9924.3 73 20.6   0  0.2-9.9-9.9
5287220130130 33.7 18.2  0.009999-99.9-99.9-99.9-99.9-9.9 9922.4 70 19.3   1  1.1-9.9-9.9
5287220130131 32.8 18.5  0.009999-99.9-99.9-99.9-99.9-9.9 9923.4 79 20.0   1  0.5-9.9-9.9
5287220130201 37.1 18.6  0.009999-99.9-99.9-99.9-99.9-9.9 9926.0 71 21.6   2  1.5-9.9-9.9
5287220130202 31.8 15.6  0.009999-99.9-99.9-99.9-99.9-9.9 9917.4 53 15.1   2  1.9-9.9-9.9
5287220130203 29.5  9.7  0.009999-99.9-99.9-99.9-99.9-9.9 9912.7 54 10.4   1  0.7-9.9-9.9
5287220130204 31.1 11.3  0.009999-99.9-99.9-99.9-99.9-9.9 9913.2 54 11.0   1  1.1-9.9-9.9
5287220130205 34.3 10.6  0.009999-99.9-99.9-99.9-99.9-9.9 9914.9 55 12.9   1  0.6-9.9-9.9
5287220130206 34.3 14.3  0.009999-99.9-99.9-99.9-99.9-9.9 9917.1 57 15.0   1  0.9-9.9-9.9
5287220130207 33.6 13.4  0.009999-99.9-99.9-99.9-99.9-9.9 9916.9 58 14.8   1  0.7-9.9-9.9
5287220130208 35.2 16.1  0.009999-99.9-99.9-99.9-99.9-9.9 9919.3 61 16.9   1  0.9-9.9-9.9
5287220130209 35.7 17.1  0.009999-99.9-99.9-99.9-99.9-9.9 9919.8 60 17.3   1  0.9-9.9-9.9
5287220130210 35.6 19.2 10.819999-99.9-99.9-99.9-99.9-9.9 9925.4 84 21.2   1  0.5-9.9-9.9
5287220130211 34.7 19.0  0.009999-99.9-99.9-99.9-99.9-9.9 9921.9 68 18.8   1  1.1-9.9-9.9
5287220130212 31.6 17.8  0.009999-99.9-99.9-99.9-99.9-9.9 9922.5 84 19.3   1  1.0-9.9-9.9
5287220130213 33.1 16.0  0.009999-99.9-99.9-99.9-99.9-9.9 9921.1 70 18.3   1  0.8-9.9-9.9
5287220130214 35.1 13.9  0.009999-99.9-99.9-99.9-99.9-9.9 9918.3 64 16.0   1  0.6-9.9-9.9
5287220130215 37.0 16.7  0.009999-99.9-99.9-99.9-99.9-9.9 9920.3 66 17.6   1  0.7-9.9-9.9
5287220130216 36.2 17.8  0.009999-99.9-99.9-99.9-99.9-9.9 9922.6 64 19.4   2  1.6-9.9-9.9
5287220130217-99.9-99.9-99.999999-99.9-99.9-99.9-99.9-9.9 99-9.9-99-99.9 -99-99.9-9.9-9.9
5287220130301-99.9-99.9-99.999999-99.9-99.9-99.9-99.9-9.9 99-9.9-99-99.9 -99-99.9-9.9-9.9
5287220130302 26.4 16.5  1.819999-99.9-99.9-99.9-99.9-9.9 9918.9 79 16.5   5  4.3-9.9-9.9
5287220130303 24.5 13.7  0.009999-99.9-99.9-99.9-99.9-9.9 9915.6 80 13.6   5  4.1-9.9-9.9
5287220130304 25.2  8.7  0.009999-99.9-99.9-99.9-99.9-9.9 9913.9 80 11.8   3  2.1-9.9-9.9
5287220130305 28.2  9.8  0.009999-99.9-99.9-99.9-99.9-9.9 9914.0 68 11.9   1  0.8-9.9-9.9
5287220130306 31.4 13.3  0.009999-99.9-99.9-99.9-99.9-9.9 9916.8 66 14.6   3  2.3-9.9-9.9
5287220130307 28.3 11.3  0.009999-99.9-99.9-99.9-99.9-9.9 9916.0 71 13.8   1  0.5-9.9-9.9
5287220130308 32.6 12.2  0.009999-99.9-99.9-99.9-99.9-9.9 9918.8 74 16.4   1  0.8-9.9-9.9
5287220130309-99.9-99.9-99.999999-99.9-99.9-99.9-99.9-9.9 99-9.9-99-99.9 -99-99.9-9.9-9.9
5287220130313-99.9-99.9  1.219999-99.9-99.9-99.9-99.9-9.9 99-9.9-99-99.9 -99-99.9-9.9-9.9
5287220130314 20.3  4.2  1.819999-99.9-99.9-99.9-99.9-9.9 9910.6 83  7.7   1  1.2-9.9-9.9
5287220130315 18.8  8.2  2.219999-99.9-99.9-99.9-99.9-9.9 9912.2 88  9.8   2  1.9-9.9-9.9
5287220130316 22.3  3.1  0.009999-99.9-99.9-99.9-99.9-9.9 9910.3 76  7.2   1  0.6-9.9-9.9
5287220130317 22.0  4.6  0.009999-99.9-99.9-99.9-99.9-9.9 9910.6 76  7.8   1  1.1-9.9-9.9
5287220130318 26.0  5.4  0.009999-99.9-99.9-99.9-99.9-9.9 9912.4 76 10.0   1  1.1-9.9-9.9
5287220130319 24.8 12.1  0.219999-99.9-99.9-99.9-99.9-9.9 9917.1 82 15.0   2  1.6-9.9-9.9
5287220130320 28.4 16.1  0.009999-99.9-99.9-99.9-99.9-9.9 9919.6 83 17.2   1  1.2-9.9-9.9
5287220130321 28.0 12.5  0.009999-99.9-99.9-99.9-99.9-9.9 9915.7 79 13.4   4  3.1-9.9-9.9
5287220130322 28.2  5.6  0.009999-99.9-99.9-99.9-99.9-9.9 9910.9 65  8.1   1  0.7-9.9-9.9
5287220130323 29.3 12.8  0.009999-99.9-99.9-99.9-99.9-9.9 9915.9 74 13.8   1  0.5-9.9-9.9
5287220130324 30.1 11.6  8.819999-99.9-99.9-99.9-99.9-9.9 9917.3 77 15.1   2  1.2-9.9-9.9
5287220130325 28.5 14.8  0.009999-99.9-99.9-99.9-99.9-9.9 9917.3 78 15.1   3  2.3-9.9-9.9
5287220130326 27.7  9.2  0.009999-99.9-99.9-99.9-99.9-9.9 9913.2 74 11.0   1  1.0-9.9-9.9
5287220130327 29.8  9.0  0.009999-99.9-99.9-99.9-99.9-9.9 9912.6 65 10.3   1  0.6-9.9-9.9
5287220130328 30.0  8.9  0.009999-99.9-99.9-99.9-99.9-9.9 9913.5 71 11.3   1  0.7-9.9-9.9
5287220130329 30.6  9.3  0.009999-99.9-99.9-99.9-99.9-9.9 9915.7 73 13.6   1  0.9-9.9-9.9
5287220130330 30.9 11.7  0.009999-99.9-99.9-99.9-99.9-9.9 9916.9 73 14.8   1  0.7-9.9-9.9
5287220130331 18.5 14.1 72.019999-99.9-99.9-99.9-99.9-9.9 9918.9100 16.6   1  1.1-9.9-9.9
5287220130401 23.0 15.2  4.519999-99.9-99.9-99.9-99.9-9.9 9921.0 97 18.2   2  1.3-9.9-9.9
5287220130402 24.3 16.7  0.219999-99.9-99.9-99.9-99.9-9.9 9921.7 93 18.8   1  0.6-9.9-9.9
5287220130403 25.4 15.5  0.819999-99.9-99.9-99.9-99.9-9.9 9919.5 97 17.0   0  0.4-9.9-9.9
5287220130404 23.3 13.3  5.019999-99.9-99.9-99.9-99.9-9.9 9917.2 90 15.1   2  1.3-9.9-9.9
5287220130405 28.0 12.6 19.019999-99.9-99.9-99.9-99.9-9.9 9916.8 75 14.7   2  2.0-9.9-9.9
5287220130406 19.3  7.2  0.219999-99.9-99.9-99.9-99.9-9.9 9911.4 76  8.4   4  3.2-9.9-9.9
5287220130407 25.3  5.1  0.009999-99.9-99.9-99.9-99.9-9.9 9910.5 69  7.5   1  1.1-9.9-9.9
5287220130408 28.1  7.8  0.009999-99.9-99.9-99.9-99.9-9.9 9912.1 70  9.7   1  0.7-9.9-9.9
5287220130409 27.6  8.5  0.009999-99.9-99.9-99.9-99.9-9.9 9912.4 64 10.1   1  1.1-9.9-9.9
5287220130410 23.5 10.9  5.219999-99.9-99.9-99.9-99.9-9.9 9915.5 78 13.5   2  1.4-9.9-9.9
5287220130411 21.6 12.9  0.009999-99.9-99.9-99.9-99.9-9.9 9917.5 94 15.3   2  1.7-9.9-9.9
5287220130412 20.2  6.9  0.009999-99.9-99.9-99.9-99.9-9.9 9910.8 69  7.7   6  4.8-9.9-9.9
5287220130413 20.6  3.3  0.009999-99.9-99.9-99.9-99.9-9.9 99 8.4 65  4.4   2  1.5-9.9-9.9
5287220130414 26.9 10.4  0.009999-99.9-99.9-99.9-99.9-9.9 9911.2 59  8.6   3  2.4-9.9-9.9
5287220130415 26.7  9.0  0.009999-99.9-99.9-99.9-99.9-9.9 9913.5 75 11.3   2  1.9-9.9-9.9
5287220130416 22.1  6.0  0.009999-99.9-99.9-99.9-99.9-9.9 9912.4 86 10.1   1  0.7-9.9-9.9
5287220130417 28.9  6.7  0.009999-99.9-99.9-99.9-99.9-9.9 9914.6 79 12.3   1  0.7-9.9-9.9
5287220130418 31.7 11.7  0.009999-99.9-99.9-99.9-99.9-9.9 9916.6 73 14.5   1  1.2-9.9-9.9
5287220130419 32.3  8.8  0.009999-99.9-99.9-99.9-99.9-9.9 9914.2 70 12.1   1  0.6-9.9-9.9
5287220130420 30.8  8.8  0.009999-99.9-99.9-99.9-99.9-9.9 9913.8 67 11.7   1  0.8-9.9-9.9
5287220130421 30.7 10.3  0.009999-99.9-99.9-99.9-99.9-9.9 9915.4 74 13.3   1  0.7-9.9-9.9
5287220130422 29.8 10.5  0.009999-99.9-99.9-99.9-99.9-9.9 9915.9 77 13.8   1  0.6-9.9-9.9
5287220130423 30.2 10.4  0.009999-99.9-99.9-99.9-99.9-9.9 9916.8 74 14.7   1  0.4-9.9-9.9
5287220130424 29.9 12.8  0.009999-99.9-99.9-99.9-99.9-9.9 9917.0 76 14.9   1  0.6-9.9-9.9
5287220130425 31.0 10.8  0.009999-99.9-99.9-99.9-99.9-9.9 9916.9 77 14.8   1  0.6-9.9-9.9
5287220130426 30.3 10.5  0.009999-99.9-99.9-99.9-99.9-9.9 9915.6 70 13.6   1  0.8-9.9-9.9
5287220130427 20.5 16.0 18.819999-99.9-99.9-99.9-99.9-9.9 9919.8100 17.4   2  1.5-9.9-9.9
5287220130428 24.5 15.7  0.009999-99.9-99.9-99.9-99.9-9.9 9917.7 82 15.5   2  1.4-9.9-9.9
5287220130429 23.5 11.3  0.009999-99.9-99.9-99.9-99.9-9.9 9916.1 90 14.1   2  1.7-9.9-9.9
5287220130430 26.7  7.6  0.009999-99.9-99.9-99.9-99.9-9.9 9915.7 79 13.5   1  0.6-9.9-9.9
5287220130501 21.8 12.8  7.019999-99.9-99.9-99.9-99.9-9.9 9917.9100 15.7   1  0.9-9.9-9.9
5287220130502 23.8 15.7 40.019999-99.9-99.9-99.9-99.9-9.9 9919.1 91 16.8   2  1.7-9.9-9.9
5287220130503 17.9 12.0  7.219999-99.9-99.9-99.9-99.9-9.9 9915.8100 13.7   4  3.4-9.9-9.9
5287220130504 22.4  6.1  0.009999-99.9-99.9-99.9-99.9-9.9 9913.9 87 11.6   1  1.1-9.9-9.9
5287220130505 23.8  7.5  0.009999-99.9-99.9-99.9-99.9-9.9 9912.4 79 10.0   1  0.6-9.9-9.9
5287220130506 22.3  8.9  0.009999-99.9-99.9-99.9-99.9-9.9 9912.8 75 10.6   5  4.3-9.9-9.9
5287220130507 18.9  3.0  0.009999-99.9-99.9-99.9-99.9-9.9 99 8.4 70  4.4   2  1.5-9.9-9.9
5287220130508 26.1  8.0  0.009999-99.9-99.9-99.9-99.9-9.9 9911.7 70  9.0   3  2.3-9.9-9.9
5287220130509 26.3 10.2  0.009999-99.9-99.9-99.9-99.9-9.9 9915.4 80 13.4   1  1.1-9.9-9.9
5287220130510 25.6 11.8  0.009999-99.9-99.9-99.9-99.9-9.9 9917.1 81 15.0   1  1.0-9.9-9.9
5287220130511 22.7  9.0  0.009999-99.9-99.9-99.9-99.9-9.9 9911.9 68  9.2   4  3.5-9.9-9.9
5287220130512 24.6  4.4  0.009999-99.9-99.9-99.9-99.9-9.9 9910.1 74  7.0   1  0.4-9.9-9.9
5287220130513 22.0  7.0  0.009999-99.9-99.9-99.9-99.9-9.9 9911.6 78  9.1   1  0.5-9.9-9.9
5287220130514 19.7  8.0  1.819999-99.9-99.9-99.9-99.9-9.9 9911.7 77  9.2   4  2.9-9.9-9.9
5287220130515 11.3  1.2  0.009999-99.9-99.9-99.9-99.9-9.9 99 6.3 65  0.1   6  4.5-9.9-9.9
5287220130516 14.8 -0.4  0.009999-99.9-99.9-99.9-99.9-9.9 99 6.6 73  0.9   2  1.8-9.9-9.9
5287220130517 18.8  1.2  0.009999-99.9-99.9-99.9-99.9-9.9 99 7.4 71  2.6   2  1.5-9.9-9.9
5287220130518 11.6  2.2  8.519999-99.9-99.9-99.9-99.9-9.9 9910.0 99  6.8   0  0.2-9.9-9.9
5287220130519 12.7  7.5  0.009999-99.9-99.9-99.9-99.9-9.9 9911.5 98  9.0   0  0.1-9.9-9.9
5287220130520 16.2  2.6  0.009999-99.9-99.9-99.9-99.9-9.9 99 9.7 94  6.3   0  0.2-9.9-9.9
5287220130521 18.4  0.4  0.009999-99.9-99.9-99.9-99.9-9.9 99 9.8 87  6.3   1  0.4-9.9-9.9
5287220130522 20.0  2.8  0.009999-99.9-99.9-99.9-99.9-9.9 9910.4 86  7.3   1  0.6-9.9-9.9
5287220130523 19.2  1.0  0.009999-99.9-99.9-99.9-99.9-9.9 9910.8 88  7.7   1  0.9-9.9-9.9
5287220130524 21.1  7.2  0.009999-99.9-99.9-99.9-99.9-9.9 9911.5 85  9.0   3  2.1-9.9-9.9
5287220130525 20.6  5.1  0.009999-99.9-99.9-99.9-99.9-9.9 9912.3 86  9.8   2  1.2-9.9-9.9
5287220130526 22.3  6.7  0.009999-99.9-99.9-99.9-99.9-9.9 9912.9 86 10.6   2  1.5-9.9-9.9
5287220130527 21.2  5.3  1.819999-99.9-99.9-99.9-99.9-9.9 9912.7 85 10.3   1  0.9-9.9-9.9
5287220130528 18.2 10.7  3.519999-99.9-99.9-99.9-99.9-9.9 9916.1 96 14.0   1  1.0-9.9-9.9
5287220130529 18.9  6.5  0.219999-99.9-99.9-99.9-99.9-9.9 9910.4 73  7.4   3  2.4-9.9-9.9
5287220130530 21.2  4.9  0.009999-99.9-99.9-99.9-99.9-9.9 99 8.8 64  5.0   4  2.9-9.9-9.9
5287220130531 17.9  9.7  0.009999-99.9-99.9-99.9-99.9-9.9 9910.9 71  8.2   4  3.1-9.9-9.9
5287220130601 22.8  5.5  0.009999-99.9-99.9-99.9-99.9-9.9 99 9.9 61  6.7   3  2.6-9.9-9.9
5287220130602 18.5  7.0  0.009999-99.9-99.9-99.9-99.9-9.9 99 8.8 68  5.0   3  2.4-9.9-9.9
5287220130603 21.5  6.7  0.009999-99.9-99.9-99.9-99.9-9.9 99 9.9 64  6.7   4  3.0-9.9-9.9
5287220130604 22.5 10.2  0.009999-99.9-99.9-99.9-99.9-9.9 9910.8 71  8.1   3  2.7-9.9-9.9
5287220130605 21.5  7.3  0.009999-99.9-99.9-99.9-99.9-9.9 99 9.9 59  6.5   6  5.1-9.9-9.9
5287220130606 16.5  3.0  0.009999-99.9-99.9-99.9-99.9-9.9 99 9.1 84  5.6   3  2.4-9.9-9.9
5287220130607 20.4  4.3  0.009999-99.9-99.9-99.9-99.9-9.9 99 9.4 76  6.0   3  2.3-9.9-9.9
5287220130608 18.3 -1.5  7.019999-99.9-99.9-99.9-99.9-9.9 99 6.8 64  1.3   1  0.6-9.9-9.9
5287220130609 15.0  6.8  0.009999-99.9-99.9-99.9-99.9-9.9 9913.1 99 10.8   1  0.5-9.9-9.9
5287220130610 21.0  8.8  0.009999-99.9-99.9-99.9-99.9-9.9 9913.1 85 11.0   2  1.8-9.9-9.9
5287220130611 16.4  8.0  0.219999-99.9-99.9-99.9-99.9-9.9 9914.7100 12.5   2  1.8-9.9-9.9
5287220130612 25.9 12.3  0.009999-99.9-99.9-99.9-99.9-9.9 9917.7 86 15.5   2  1.6-9.9-9.9
5287220130613 25.7 13.9  0.009999-99.9-99.9-99.9-99.9-9.9 9917.4 86 15.1   3  2.0-9.9-9.9
5287220130614 16.4  4.4  0.009999-99.9-99.9-99.9-99.9-9.9 99 9.1 79  5.5   3  2.7-9.9-9.9
5287220130615 16.7  3.1  5.019999-99.9-99.9-99.9-99.9-9.9 99 9.8 77  6.6   3  2.4-9.9-9.9
5287220130616 12.9  5.1  4.519999-99.9-99.9-99.9-99.9-9.9 9911.2 94  8.4   4  3.4-9.9-9.9
5287220130617 14.9 -2.3  0.009999-99.9-99.9-99.9-99.9-9.9 99 6.9 82  1.6   1  0.7-9.9-9.9
5287220130618 15.6  1.8  0.009999-99.9-99.9-99.9-99.9-9.9 99 7.7 71  2.5   6  4.7-9.9-9.9
5287220130619 13.6 -3.2  0.009999-99.9-99.9-99.9-99.9-9.9 99 5.3 72 -2.0   2  1.7-9.9-9.9
5287220130620 14.6 -2.3  0.009999-99.9-99.9-99.9-99.9-9.9 99 5.5 72 -1.4   1  1.2-9.9-9.9
5287220130621 17.5 -2.3  0.009999-99.9-99.9-99.9-99.9-9.9 99 6.6 66  1.0   3  2.4-9.9-9.9
5287220130622 14.4  5.2  0.009999-99.9-99.9-99.9-99.9-9.9 99 8.0 74  3.8   4  3.5-9.9-9.9
5287220130623 16.4 -1.4  0.009999-99.9-99.9-99.9-99.9-9.9 99 6.4 71  0.7   1  0.7-9.9-9.9
5287220130624 16.9 -1.8  0.009999-99.9-99.9-99.9-99.9-9.9 99 6.9 76  1.6   1  0.6-9.9-9.9
5287220130625 14.3 -1.1  0.009999-99.9-99.9-99.9-99.9-9.9 99 7.9 88  3.5   1  0.4-9.9-9.9
5287220130626 19.7  1.8  0.009999-99.9-99.9-99.9-99.9-9.9 99 9.7 75  6.4   3  2.3-9.9-9.9
5287220130627 18.1  4.4  0.009999-99.9-99.9-99.9-99.9-9.9 9910.5 80  7.6   2  1.7-9.9-9.9
5287220130628 18.0  7.6  0.009999-99.9-99.9-99.9-99.9-9.9 9912.7 95 10.3   1  1.1-9.9-9.9
5287220130629 17.7  3.7  1.519999-99.9-99.9-99.9-99.9-9.9 99 7.4 64  2.3   6  4.7-9.9-9.9
5287220130630 15.8  0.5  0.219999-99.9-99.9-99.9-99.9-9.9 99 8.1 77  3.9   3  2.2-9.9-9.9
5287220130701 19.7 -0.4  0.009999-99.9-99.9-99.9-99.9-9.9 99 9.2 83  5.5   1  0.8-9.9-9.9
5287220130702 20.7  5.0  0.009999-99.9-99.9-99.9-99.9-9.9 99 8.9 62  5.2   4  2.8-9.9-9.9
5287220130703 23.9  4.7  0.009999-99.9-99.9-99.9-99.9-9.9 9913.4 86 10.8   2  1.7-9.9-9.9
5287220130704 21.7 12.7  0.009999-99.9-99.9-99.9-99.9-9.9 9917.3 94 15.2   2  1.9-9.9-9.9
5287220130705 15.8 10.9  0.009999-99.9-99.9-99.9-99.9-9.9 9915.4100 13.4   2  1.3-9.9-9.9
5287220130706 14.2  8.4  0.009999-99.9-99.9-99.9-99.9-9.9 9912.6 89 10.1   8  6.5-9.9-9.9
5287220130707 13.0  2.7  0.009999-99.9-99.9-99.9-99.9-9.9 99 8.6 89  4.8   4  3.6-9.9-9.9
5287220130708 15.7 -2.2  0.009999-99.9-99.9-99.9-99.9-9.9 99 7.1 74  1.9   1  0.9-9.9-9.9
5287220130709  8.9  3.5  8.219999-99.9-99.9-99.9-99.9-9.9 9910.2 99  7.2   1  0.8-9.9-9.9
5287220130710 13.6  8.0  2.819999-99.9-99.9-99.9-99.9-9.9 9912.8 99 10.6   1  0.6-9.9-9.9
5287220130711 14.3  9.9  0.009999-99.9-99.9-99.9-99.9-9.9 9914.1100 12.0   4  3.2-9.9-9.9
5287220130712 16.7  6.2  0.009999-99.9-99.9-99.9-99.9-9.9 9911.6 90  9.1   2  1.9-9.9-9.9
5287220130713 17.9  6.1  0.009999-99.9-99.9-99.9-99.9-9.9 9912.1 91  9.7   4  3.3-9.9-9.9
5287220130714 15.9  3.8  0.009999-99.9-99.9-99.9-99.9-9.9 99 8.3 74  4.2   4  3.5-9.9-9.9
5287220130715 18.4 -0.4  0.009999-99.9-99.9-99.9-99.9-9.9 99 7.5 66  2.8   3  2.6-9.9-9.9
5287220130716 24.2  5.0  0.009999-99.9-99.9-99.9-99.9-9.9 9910.0 72  6.9   3  2.7-9.9-9.9
5287220130717 25.8  7.7  0.009999-99.9-99.9-99.9-99.9-9.9 9910.8 66  8.1   4  3.3-9.9-9.9
5287220130718 13.4  2.5  0.009999-99.9-99.9-99.9-99.9-9.9 99 8.0 81  3.5  10  7.9-9.9-9.9
5287220130719 11.8 -2.3  0.009999-99.9-99.9-99.9-99.9-9.9 99 6.2 80  0.1   2  1.9-9.9-9.9
5287220130720 11.5 -0.9  0.009999-99.9-99.9-99.9-99.9-9.9 99 6.8 86  1.5   5  3.8-9.9-9.9
5287220130721  8.7 -0.7  1.519999-99.9-99.9-99.9-99.9-9.9 99 7.5 98  2.7   7  5.5-9.9-9.9
5287220130722  9.4  1.0  0.009999-99.9-99.9-99.9-99.9-9.9 99 7.7 89  3.2   7  5.8-9.9-9.9
5287220130723 10.7 -2.6  0.009999-99.9-99.9-99.9-99.9-9.9 99 5.5 69 -1.5   4  3.0-9.9-9.9
5287220130724 13.9 -2.7  0.009999-99.9-99.9-99.9-99.9-9.9 99 6.8 85  1.4   2  1.2-9.9-9.9
5287220130725 17.6 -1.9  0.009999-99.9-99.9-99.9-99.9-9.9 99 6.9 67  1.7   3  2.5-9.9-9.9
5287220130726 16.3  2.1  0.009999-99.9-99.9-99.9-99.9-9.9 99 7.9 70  3.6   3  2.2-9.9-9.9
5287220130727 20.7  2.2  0.009999-99.9-99.9-99.9-99.9-9.9 99 9.4 79  6.0   1  0.7-9.9-9.9
5287220130728 22.7 -0.3  0.009999-99.9-99.9-99.9-99.9-9.9 99 9.9 79  6.5   1  0.5-9.9-9.9
5287220130729 23.0  1.6  0.009999-99.9-99.9-99.9-99.9-9.9 9911.0 75  8.1   1  0.5-9.9-9.9
5287220130730 17.9  7.6  0.009999-99.9-99.9-99.9-99.9-9.9 9913.7 89 11.5   2  1.5-9.9-9.9
5287220130731 19.5 11.3  0.009999-99.9-99.9-99.9-99.9-9.9 9914.7 90 12.7   6  5.1-9.9-9.9
5287220130801 14.7  7.9  0.009999-99.9-99.9-99.9-99.9-9.9 9910.9 87  8.1   5  4.0-9.9-9.9
5287220130802 13.7  0.2  0.009999-99.9-99.9-99.9-99.9-9.9 99 8.2 88  4.1   2  1.6-9.9-9.9
5287220130803 16.9  1.2  0.009999-99.9-99.9-99.9-99.9-9.9 99 9.3 82  5.8   1  1.1-9.9-9.9
5287220130804 20.4  1.7  0.009999-99.9-99.9-99.9-99.9-9.9 99 9.4 71  5.9   2  1.9-9.9-9.9
5287220130805 21.8  9.1  0.009999-99.9-99.9-99.9-99.9-9.9 99 8.4 55  4.1   5  3.8-9.9-9.9
5287220130806 21.7  3.0  0.009999-99.9-99.9-99.9-99.9-9.9 99 7.0 50  1.7   3  2.2-9.9-9.9
5287220130807 20.7  5.3  0.009999-99.9-99.9-99.9-99.9-9.9 99 9.6 66  6.3   5  4.2-9.9-9.9
5287220130808 16.1  7.3  0.009999-99.9-99.9-99.9-99.9-9.9 99 6.9 56  1.7   7  5.9-9.9-9.9
5287220130809 16.5 -1.2  0.009999-99.9-99.9-99.9-99.9-9.9 99 5.7 61 -1.0   3  2.2-9.9-9.9
5287220130810 18.4 -0.1  0.009999-99.9-99.9-99.9-99.9-9.9 99 5.2 48 -2.2   4  3.0-9.9-9.9
5287220130811 18.2  5.9  0.009999-99.9-99.9-99.9-99.9-9.9 99 7.6 59  2.8   5  4.0-9.9-9.9
5287220130812 14.3  3.4  0.009999-99.9-99.9-99.9-99.9-9.9 99 8.7 88  4.8   9  6.8-9.9-9.9
5287220130813 12.2 -2.2  0.009999-99.9-99.9-99.9-99.9-9.9 99 5.5 73 -1.5   5  4.1-9.9-9.9
5287220130814 16.3 -3.6  0.009999-99.9-99.9-99.9-99.9-9.9 99 5.2 58 -2.1   3  2.5-9.9-9.9
5287220130815 17.9  2.1  0.009999-99.9-99.9-99.9-99.9-9.9 99 6.6 59  1.0   6  4.6-9.9-9.9
5287220130816 19.7  2.6  0.009999-99.9-99.9-99.9-99.9-9.9 99 6.0 55 -0.5   5  4.2-9.9-9.9
5287220130817 18.9 -1.5  0.009999-99.9-99.9-99.9-99.9-9.9 99 6.7 68  1.0   2  1.5-9.9-9.9
5287220130818 21.4  1.5  0.009999-99.9-99.9-99.9-99.9-9.9 99 8.9 70  5.2   3  2.0-9.9-9.9
5287220130819 25.2  5.9  0.009999-99.9-99.9-99.9-99.9-9.9 9912.4 77 10.0   2  1.6-9.9-9.9
5287220130820 27.2  7.4  0.009999-99.9-99.9-99.9-99.9-9.9 9913.5 68 11.4   1  1.1-9.9-9.9
5287220130821 23.1  7.5  0.009999-99.9-99.9-99.9-99.9-9.9 9914.6 90 12.4   2  1.6-9.9-9.9
5287220130822 13.6 -0.5  0.009999-99.9-99.9-99.9-99.9-9.9 99 5.4 60 -2.0  14 10.8-9.9-9.9
5287220130823 12.2 -4.2  0.009999-99.9-99.9-99.9-99.9-9.9 99 5.1 69 -2.7   3  2.4-9.9-9.9
5287220130824 15.1 -1.7  0.009999-99.9-99.9-99.9-99.9-9.9 99 6.1 71 -0.1   3  2.3-9.9-9.9
5287220130825 12.0 -0.7  0.009999-99.9-99.9-99.9-99.9-9.9 99 5.0 63 -2.9   3  2.8-9.9-9.9
5287220130826 12.5 -5.8  0.009999-99.9-99.9-99.9-99.9-9.9 99 4.7 64 -3.7   2  1.6-9.9-9.9
5287220130827 17.4 -3.2  0.009999-99.9-99.9-99.9-99.9-9.9 99 6.0 53 -0.4   4  3.4-9.9-9.9
5287220130828 28.4  8.3  0.009999-99.9-99.9-99.9-99.9-9.9 99 7.7 41  3.2   5  4.3-9.9-9.9
5287220130829 30.6  7.6  0.009999-99.9-99.9-99.9-99.9-9.9 99 7.9 37  3.5   5  4.2-9.9-9.9
5287220130830 30.3  7.2  0.009999-99.9-99.9-99.9-99.9-9.9 99 9.0 45  5.4   3  2.3-9.9-9.9
5287220130831 28.5  6.5  0.009999-99.9-99.9-99.9-99.9-9.9 9911.2 55  8.5   1  0.7-9.9-9.9
5287220130901 26.8  5.4  0.009999-99.9-99.9-99.9-99.9-9.9 9912.3 72  9.9   1  1.1-9.9-9.9
5287220130902 21.7  8.4  0.009999-99.9-99.9-99.9-99.9-9.9 9910.4 71  7.4   5  3.6-9.9-9.9
5287220130903 16.3  2.3  0.009999-99.9-99.9-99.9-99.9-9.9 99 7.6 70  2.9   5  4.3-9.9-9.9
5287220130904 18.6  0.8  0.009999-99.9-99.9-99.9-99.9-9.9 99 7.9 63  3.6   2  2.0-9.9-9.9
5287220130905 21.2  8.8  0.009999-99.9-99.9-99.9-99.9-9.9 99 9.4 62  6.1   2  1.7-9.9-9.9
5287220130906 28.2  4.4 25.219999-99.9-99.9-99.9-99.9-9.9 9911.4 61  8.8   1  1.0-9.9-9.9
5287220130907 18.5 13.0 29.019999-99.9-99.9-99.9-99.9-9.9 9917.1100 14.9   3  2.1-9.9-9.9
5287220130908 26.6  9.8  0.009999-99.9-99.9-99.9-99.9-9.9 9913.4 72 11.1   2  1.3-9.9-9.9
5287220130909 30.6 11.9  0.009999-99.9-99.9-99.9-99.9-9.9 9919.5 71 16.8   5  3.7-9.9-9.9
5287220130910 31.9 20.8  0.009999-99.9-99.9-99.9-99.9-9.9 9919.5 63 16.8   5  4.1-9.9-9.9
5287220130911 24.5 12.9  0.009999-99.9-99.9-99.9-99.9-9.9 9913.8 70 11.6   4  3.5-9.9-9.9
5287220130912 15.8 12.0  0.009999-99.9-99.9-99.9-99.9-9.9 9914.9 97 12.9   8  6.5-9.9-9.9
5287220130913 13.2  7.1  0.009999-99.9-99.9-99.9-99.9-9.9 9910.2 86  7.2   8  6.4-9.9-9.9
5287220130914 15.4  0.7  0.009999-99.9-99.9-99.9-99.9-9.9 99 7.8 77  3.3   3  2.7-9.9-9.9
5287220130915 13.7  3.3  1.019999-99.9-99.9-99.9-99.9-9.9 99 9.4 91  5.8   7  5.4-9.9-9.9
5287220130916  8.6  5.3  3.219999-99.9-99.9-99.9-99.9-9.9 99 9.7100  6.4   9  6.9-9.9-9.9
5287220130917 14.5  0.8  0.219999-99.9-99.9-99.9-99.9-9.9 99 7.8 80  3.3   7  6.0-9.9-9.9
5287220130918 19.5  2.3  0.009999-99.9-99.9-99.9-99.9-9.9 99 6.8 56  1.4   4  3.2-9.9-9.9
5287220130919 24.5  3.3  0.009999-99.9-99.9-99.9-99.9-9.9 99 7.1 43  2.1   4  3.3-9.9-9.9
5287220130920 23.9  8.7  0.009999-99.9-99.9-99.9-99.9-9.9 99 9.4 57  6.1   5  3.6-9.9-9.9
5287220130921 17.8  5.4  0.009999-99.9-99.9-99.9-99.9-9.9 99 8.3 64  4.1   6  4.8-9.9-9.9
5287220130922 16.5  1.5  0.009999-99.9-99.9-99.9-99.9-9.9 99 8.1 73  3.8   4  2.9-9.9-9.9
5287220130923 15.9  3.4  0.009999-99.9-99.9-99.9-99.9-9.9 99 8.4 72  4.4   3  2.0-9.9-9.9
5287220130924 17.6  1.1  0.009999-99.9-99.9-99.9-99.9-9.9 99 7.9 65  3.6   3  2.4-9.9-9.9
5287220130925 20.2  0.6  0.009999-99.9-99.9-99.9-99.9-9.9 99 8.8 63  5.0   3  2.2-9.9-9.9
5287220130926 21.5  7.8  0.009999-99.9-99.9-99.9-99.9-9.9 9910.9 64  8.2   3  2.8-9.9-9.9
5287220130927 23.1  7.2  0.009999-99.9-99.9-99.9-99.9-9.9 9911.7 64  9.2   6  4.6-9.9-9.9
5287220130928 17.1  8.3 17.219999-99.9-99.9-99.9-99.9-9.9 9913.6100 11.4   4  3.4-9.9-9.9
5287220130929 11.2  4.8  1.019999-99.9-99.9-99.9-99.9-9.9 99 9.9 88  6.8   4  2.9-9.9-9.9
5287220130930 16.2  5.8  0.009999-99.9-99.9-99.9-99.9-9.9 9910.9 84  8.2   6  4.4-9.9-9.9
5287220131001 19.5  8.0  0.009999-99.9-99.9-99.9-99.9-9.9 9912.6 87 10.3   7  5.4-9.9-9.9
5287220131002 21.6  9.0  0.009999-99.9-99.9-99.9-99.9-9.9 9912.9 76 10.7   5  3.9-9.9-9.9
5287220131003 19.5  8.5  0.009999-99.9-99.9-99.9-99.9-9.9 9913.5 81 11.4   5  3.6-9.9-9.9
5287220131004 22.8  9.2  0.009999-99.9-99.9-99.9-99.9-9.9 9912.4 69 10.1   5  3.8-9.9-9.9
5287220131005 24.8  6.3  0.009999-99.9-99.9-99.9-99.9-9.9 9911.8 73  9.4   2  1.3-9.9-9.9
5287220131006 27.1  7.4  0.009999-99.9-99.9-99.9-99.9-9.9 9911.7 58  9.1   2  1.6-9.9-9.9
5287220131007 27.8  9.0  0.009999-99.9-99.9-99.9-99.9-9.9 9911.4 52  8.7   3  2.1-9.9-9.9
5287220131008 28.0  9.7  0.009999-99.9-99.9-99.9-99.9-9.9 9912.8 53 10.5   3  2.8-9.9-9.9
5287220131009 25.5 15.1  2.819999-99.9-99.9-99.9-99.9-9.9 9917.4 88 15.2   3  2.4-9.9-9.9
5287220131010 25.7 10.2  0.219999-99.9-99.9-99.9-99.9-9.9 9915.3 82 13.2   4  2.9-9.9-9.9
5287220131011 22.1  9.8  0.009999-99.9-99.9-99.9-99.9-9.9 9913.2 72 11.0   9  7.6-9.9-9.9
5287220131012 21.8 10.9  0.009999-99.9-99.9-99.9-99.9-9.9 9916.0 85 13.9   7  6.0-9.9-9.9
5287220131013 21.8 15.5  0.009999-99.9-99.9-99.9-99.9-9.9 9917.9 88 15.8   4  2.9-9.9-9.9
5287220131014 30.0 10.7  0.009999-99.9-99.9-99.9-99.9-9.9 9915.2 61 13.1   2  1.5-9.9-9.9
5287220131015 32.4 10.9  2.019999-99.9-99.9-99.9-99.9-9.9 9916.7 58 14.5   2  1.4-9.9-9.9
5287220131016 31.3 17.0  2.819999-99.9-99.9-99.9-99.9-9.9 9919.3 71 16.8   2  1.7-9.9-9.9
5287220131017 26.9 14.9  0.009999-99.9-99.9-99.9-99.9-9.9 9918.4 85 16.2   3  2.3-9.9-9.9
5287220131018 31.6  8.9  0.009999-99.9-99.9-99.9-99.9-9.9 9915.3 63 13.2   2  1.5-9.9-9.9
5287220131019 32.8 12.7 11.219999-99.9-99.9-99.9-99.9-9.9 9916.3 53 14.3   3  2.5-9.9-9.9
5287220131020 25.2 14.5  0.819999-99.9-99.9-99.9-99.9-9.9 9916.9 78 14.7   3  2.1-9.9-9.9
5287220131021 20.6  8.9  0.009999-99.9-99.9-99.9-99.9-9.9 9910.8 68  8.0   4  2.9-9.9-9.9
5287220131022 23.5  5.7  0.009999-99.9-99.9-99.9-99.9-9.9 9912.3 66 10.0   4  2.9-9.9-9.9
5287220131023 19.2 12.8  3.019999-99.9-99.9-99.9-99.9-9.9 9915.2 93 13.2   4  3.5-9.9-9.9
5287220131024 19.6  6.1  0.219999-99.9-99.9-99.9-99.9-9.9 99 9.6 63  6.4   4  3.5-9.9-9.9
5287220131025 12.4  4.8  0.009999-99.9-99.9-99.9-99.9-9.9 9910.8 88  8.1   3  2.5-9.9-9.9
5287220131026 29.3  7.6  0.009999-99.9-99.9-99.9-99.9-9.9 9913.4 66 11.2   2  1.4-9.9-9.9
5287220131027 24.7  7.8  0.009999-99.9-99.9-99.9-99.9-9.9 99 9.3 42  5.8   4  3.4-9.9-9.9
5287220131028 27.5  9.5  0.219999-99.9-99.9-99.9-99.9-9.9 9910.1 45  7.1   4  2.9-9.9-9.9
5287220131029 26.0 13.4  0.009999-99.9-99.9-99.9-99.9-9.9 9913.5 70 11.4   4  3.0-9.9-9.9
5287220131030 28.0  9.8  0.009999-99.9-99.9-99.9-99.9-9.9 9913.8 55 11.7   6  4.7-9.9-9.9
5287220131031 22.0 15.8 24.819999-99.9-99.9-99.9-99.9-9.9 9918.9 89 16.6   5  3.9-9.9-9.9
5287220131101 22.8 17.4  4.519999-99.9-99.9-99.9-99.9-9.9 9921.0 94 18.2   4  3.3-9.9-9.9
5287220131102 24.8 13.2  0.009999-99.9-99.9-99.9-99.9-9.9 9916.1 79 14.0   5  4.3-9.9-9.9
5287220131103 27.6  9.5  0.009999-99.9-99.9-99.9-99.9-9.9 9914.2 64 12.2   2  1.9-9.9-9.9
5287220131104 25.4  9.1  0.009999-99.9-99.9-99.9-99.9-9.9 9913.8 68 11.8   6  4.6-9.9-9.9
5287220131105 28.8  9.8  0.009999-99.9-99.9-99.9-99.9-9.9 9914.9 61 12.8   3  2.1-9.9-9.9
5287220131106 31.7 12.0  3.219999-99.9-99.9-99.9-99.9-9.9 9914.6 49 12.5   4  3.1-9.9-9.9
5287220131107 22.9 13.9  2.819999-99.9-99.9-99.9-99.9-9.9 9916.6 91 14.6   3  2.3-9.9-9.9
5287220131108 28.5  9.0  0.009999-99.9-99.9-99.9-99.9-9.9 9917.1 81 14.8   2  1.5-9.9-9.9
5287220131109 25.8 13.9 13.219999-99.9-99.9-99.9-99.9-9.9 9919.0 89 16.7   7  5.6-9.9-9.9
5287220131110 22.9 16.0  1.819999-99.9-99.9-99.9-99.9-9.9 9920.6 92 17.9   5  4.0-9.9-9.9
5287220131111 26.7 13.5  0.009999-99.9-99.9-99.9-99.9-9.9 9916.9 74 14.9   3  2.6-9.9-9.9
5287220131112 28.5 11.7  0.519999-99.9-99.9-99.9-99.9-9.9 9911.8 47  9.2   3  2.7-9.9-9.9
5287220131113 31.2 11.1  0.009999-99.9-99.9-99.9-99.9-9.9 9915.2 56 13.1   5  3.9-9.9-9.9
5287220131114 35.4 17.7 18.819999-99.9-99.9-99.9-99.9-9.9 9918.6 47 16.3   5  4.0-9.9-9.9
5287220131115 27.7 15.4  0.009999-99.9-99.9-99.9-99.9-9.9 9913.7 54 11.3   7  5.5-9.9-9.9
5287220131116 29.6  7.6  0.009999-99.9-99.9-99.9-99.9-9.9 9912.3 52  9.9   2  1.3-9.9-9.9
5287220131117 30.9 12.8  0.009999-99.9-99.9-99.9-99.9-9.9 9914.9 51 12.9   3  2.1-9.9-9.9
5287220131118 30.6 14.9  0.009999-99.9-99.9-99.9-99.9-9.9 9916.8 56 14.6   4  3.0-9.9-9.9
5287220131119 28.3 11.6  0.009999-99.9-99.9-99.9-99.9-9.9 9915.4 64 13.3   7  5.2-9.9-9.9
5287220131120 28.4  9.2  0.009999-99.9-99.9-99.9-99.9-9.9 9917.0 77 14.7   3  2.1-9.9-9.9
5287220131121 31.6 12.8  0.009999-99.9-99.9-99.9-99.9-9.9 9917.4 62 15.2   2  1.7-9.9-9.9
5287220131122 33.9 14.3  0.009999-99.9-99.9-99.9-99.9-9.9 9917.0 51 14.8   3  2.7-9.9-9.9
5287220131123 33.7 16.3  0.009999-99.9-99.9-99.9-99.9-9.9 9916.1 48 14.0   4  2.9-9.9-9.9
5287220131124 34.5 16.9 62.519999-99.9-99.9-99.9-99.9-9.9 9920.5 68 17.8   5  4.2-9.9-9.9
5287220131125 24.9 16.6  0.819999-99.9-99.9-99.9-99.9-9.9 9920.8 96 18.0   5  4.1-9.9-9.9
5287220131126 18.8 12.6 23.019999-99.9-99.9-99.9-99.9-9.9 9916.0 94 14.0   9  7.1-9.9-9.9
5287220131127 21.0 12.0  1.019999-99.9-99.9-99.9-99.9-9.9 9914.9 88 12.9   5  4.3-9.9-9.9
5287220131128 31.6 10.1  0.009999-99.9-99.9-99.9-99.9-9.9 9914.7 52 12.6   3  2.4-9.9-9.9
5287220131129 30.2 11.0  0.009999-99.9-99.9-99.9-99.9-9.9 9914.9 56 12.9   4  3.4-9.9-9.9
5287220131130 33.7 13.5  0.009999-99.9-99.9-99.9-99.9-9.9 9917.1 56 14.9   4  2.9-9.9-9.9
5287220131201 33.0 17.1  0.009999-99.9-99.9-99.9-99.9-9.9 9919.1 59 16.7   2  1.3-9.9-9.9
5287220131202 36.5 17.1  0.009999-99.9-99.9-99.9-99.9-9.9 9919.4 53 16.9   3  2.3-9.9-9.9
5287220131203 24.8  8.3  0.009999-99.9-99.9-99.9-99.9-9.9 99 9.6 45  6.2   3  2.8-9.9-9.9
5287220131204 33.9 13.0  0.009999-99.9-99.9-99.9-99.9-9.9 9913.5 49 11.3   5  3.8-9.9-9.9
5287220131205 26.3 10.4  0.009999-99.9-99.9-99.9-99.9-9.9 9911.8 47  9.3   4  3.4-9.9-9.9
5287220131206 28.8  7.9  0.009999-99.9-99.9-99.9-99.9-9.9 9910.9 43  8.1   2  1.6-9.9-9.9
5287220131207 34.4 13.7  0.009999-99.9-99.9-99.9-99.9-9.9 9916.9 54 14.8   3  2.4-9.9-9.9
5287220131208 32.9 18.6  4.519999-99.9-99.9-99.9-99.9-9.9 9922.1 73 19.0   3  2.7-9.9-9.9
5287220131209 28.4 17.1  0.519999-99.9-99.9-99.9-99.9-9.9 9919.6 74 17.0   5  4.4-9.9-9.9
5287220131210 27.2 11.2  0.219999-99.9-99.9-99.9-99.9-9.9 9914.4 59 12.3   3  2.7-9.9-9.9
5287220131211 31.1 11.0  0.219999-99.9-99.9-99.9-99.9-9.9 9916.7 59 14.6   2  1.4-9.9-9.9
5287220131212 33.0 15.1  0.009999-99.9-99.9-99.9-99.9-9.9 9918.4 57 16.2   2  1.3-9.9-9.9
5287220131213 34.2 16.6  0.009999-99.9-99.9-99.9-99.9-9.9 9918.5 52 16.2   3  2.5-9.9-9.9
5287220131214 36.2 15.7  0.009999-99.9-99.9-99.9-99.9-9.9 9920.5 53 17.8   2  1.4-9.9-9.9
5287220131215 36.8 19.5  1.219999-99.9-99.9-99.9-99.9-9.9 9921.9 66 18.9   2  1.6-9.9-9.9
5287220131216 37.1 16.6  0.009999-99.9-99.9-99.9-99.9-9.9 9921.0 55 18.2   2  1.6-9.9-9.9
5287220131217 37.0 18.9  2.519999-99.9-99.9-99.9-99.9-9.9 9923.9 57 20.3   2  1.5-9.9-9.9
5287220131218 31.1 19.2  0.519999-99.9-99.9-99.9-99.9-9.9 9921.5 67 18.5   5  4.2-9.9-9.9
5287220131219 33.7 18.8  0.219999-99.9-99.9-99.9-99.9-9.9 9922.2 68 19.1   4  3.2-9.9-9.9
5287220131220 34.6 19.3  0.009999-99.9-99.9-99.9-99.9-9.9 9922.2 57 19.1   3  2.7-9.9-9.9
5287220131221 35.9 18.2  0.009999-99.9-99.9-99.9-99.9-9.9 9921.3 55 18.5   2  1.9-9.9-9.9
5287220131222 38.0 19.2  0.009999-99.9-99.9-99.9-99.9-9.9 9921.9 53 18.8   2  1.7-9.9-9.9
5287220131223 38.2 18.2  0.009999-99.9-99.9-99.9-99.9-9.9 9920.7 52 18.0   2  1.3-9.9-9.9
5287220131224 38.9 20.1  0.009999-99.9-99.9-99.9-99.9-9.9 9923.2 50 19.9   2  1.2-9.9-9.9
5287220131225 34.2 21.5  0.009999-99.9-99.9-99.9-99.9-9.9 9923.8 61 20.2   1  1.0-9.9-9.9
5287220131226 33.1 18.1  0.819999-99.9-99.9-99.9-99.9-9.9 9924.1 86 20.3   2  1.5-9.9-9.9
5287220131227 36.4 15.7  0.009999-99.9-99.9-99.9-99.9-9.9 9918.8 49 16.3   2  1.4-9.9-9.9
5287220131228 38.5 14.3  0.009999-99.9-99.9-99.9-99.9-9.9 9918.1 51 15.6   2  1.4-9.9-9.9
5287220131229 37.8 20.6  0.009999-99.9-99.9-99.9-99.9-9.9 9924.0 57 20.4   2  1.9-9.9-9.9
5287220131230 36.3 20.3  0.009999-99.9-99.9-99.9-99.9-9.9 9919.3 65 16.6   3  2.3-9.9-9.9
5287220131231 33.7 14.7  0.009999-99.9-99.9-99.9-99.9-9.9 9916.1 54 14.0   2  1.5-9.9-9.9
5287220140101 34.6 17.8  0.219999-99.9-99.9-99.9-99.9-9.9 9918.5 41 15.9   2  2.0-9.9-9.9
5287220140102 28.6 16.0  0.009999-99.9-99.9-99.9-99.9-9.9 9916.0 67 13.5   3  2.5-9.9-9.9
5287220140103 26.2  7.0  0.009999-99.9-99.9-99.9-99.9-9.9 9910.5 51  7.6   3  2.1-9.9-9.9
5287220140104 33.5 11.3  0.009999-99.9-99.9-99.9-99.9-9.9 9914.6 45 12.3   5  3.6-9.9-9.9
5287220140105 36.5 14.9  0.009999-99.9-99.9-99.9-99.9-9.9 9917.4 55 15.2   3  2.7-9.9-9.9
5287220140106 37.2 16.6  0.009999-99.9-99.9-99.9-99.9-9.9 9919.0 48 16.6   3  2.4-9.9-9.9
5287220140107 37.7 21.4  0.009999-99.9-99.9-99.9-99.9-9.9 9921.2 43 17.5   4  3.0-9.9-9.9
5287220140108 33.6  8.2  0.009999-99.9-99.9-99.9-99.9-9.9 9911.9 47  9.4   3  2.1-9.9-9.9
5287220140109 34.0 14.7  5.019999-99.9-99.9-99.9-99.9-9.9 9922.9 84 19.3   3  2.4-9.9-9.9
5287220140110 32.4 15.5  0.219999-99.9-99.9-99.9-99.9-9.9 9918.0 62 15.7   3  2.5-9.9-9.9
5287220140111 26.7 11.3  0.009999-99.9-99.9-99.9-99.9-9.9 9911.4 45  8.8   5  3.9-9.9-9.9
5287220140112 28.1  9.7  0.009999-99.9-99.9-99.9-99.9-9.9 9913.3 54 11.1   4  3.0-9.9-9.9
5287220140113 32.1 11.8  0.009999-99.9-99.9-99.9-99.9-9.9 9918.5 62 16.2   3  2.5-9.9-9.9
5287220140114 33.8 15.9  0.009999-99.9-99.9-99.9-99.9-9.9 9921.3 65 18.4   2  1.3-9.9-9.9
5287220140115 36.6 19.1  0.009999-99.9-99.9-99.9-99.9-9.9 9923.4 60 20.0   2  1.5-9.9-9.9
5287220140116 37.5 17.2  0.009999-99.9-99.9-99.9-99.9-9.9 9923.0 62 19.7   3  2.1-9.9-9.9
5287220140117 37.7 19.9  0.009999-99.9-99.9-99.9-99.9-9.9 9923.0 56 19.7   2  1.8-9.9-9.9
5287220140118 39.5 20.6  2.519999-99.9-99.9-99.9-99.9-9.9 9923.8 51 20.2   4  2.8-9.9-9.9
5287220140119 31.9 18.6  0.219999-99.9-99.9-99.9-99.9-9.9 9921.8 63 18.8   4  3.3-9.9-9.9
5287220140120 36.5 18.4  0.219999-99.9-99.9-99.9-99.9-9.9 9927.2 76 22.3   2  1.8-9.9-9.9
5287220140121 33.4 20.5  0.009999-99.9-99.9-99.9-99.9-9.9 9924.9 77 20.9   2  1.8-9.9-9.9
5287220140122 34.4 18.9  0.009999-99.9-99.9-99.9-99.9-9.9 9928.8 78 23.3   3  2.2-9.9-9.9
5287220140123-99.9-99.9-99.999999-99.9-99.9-99.9-99.9-9.9 99-9.9-99-99.9 -99-99.9-9.9-9.9
5287220140124-99.9-99.9-99.999999-99.9-99.9-99.9-99.9-9.9 99-9.9-99-99.9 -99-99.9-9.9-9.9
5287220140125 24.7  6.0  0.009999-99.9-99.9-99.9-99.9-9.9 9911.4 62  8.8   2  1.5-9.9-9.9
5287220140126 28.5 10.1  0.009999-99.9-99.9-99.9-99.9-9.9 9916.3 68 14.2   2  1.5-9.9-9.9
5287220140127 33.1 14.8  0.219999-99.9-99.9-99.9-99.9-9.9 9922.8 76 19.5   2  1.3-9.9-9.9
5287220140128 30.4 20.4  0.009999-99.9-99.9-99.9-99.9-9.9 9925.2 88 21.2   2  1.2-9.9-9.9
5287220140129 32.5 17.6  0.009999-99.9-99.9-99.9-99.9-9.9 9923.8 85 20.2   2  1.9-9.9-9.9
5287220140130 33.8 17.9  0.009999-99.9-99.9-99.9-99.9-9.9 9924.4 75 20.7   2  1.5-9.9-9.9
5287220140131 35.4 21.8  0.219999-99.9-99.9-99.9-99.9-9.9 9927.1 74 22.2   3  2.4-9.9-9.9
5287220140201 25.9 15.6  0.009999-99.9-99.9-99.9-99.9-9.9 9921.6 95 18.5   3  2.6-9.9-9.9
5287220140202 28.1 18.2  0.009999-99.9-99.9-99.9-99.9-9.9 9923.3 90 19.9   1  1.1-9.9-9.9
5287220140203 28.5 18.8  0.009999-99.9-99.9-99.9-99.9-9.9 9923.3 91 19.9   1  1.1-9.9-9.9
5287220140204 31.6 16.3  0.009999-99.9-99.9-99.9-99.9-9.9 9924.4 81 20.6   2  1.7-9.9-9.9
5287220140205 28.1 19.7  2.019999-99.9-99.9-99.9-99.9-9.9 9924.1 87 20.3   3  2.6-9.9-9.9
5287220140206 28.6 13.2  2.519999-99.9-99.9-99.9-99.9-9.9 9917.7 81 15.6   2  1.3-9.9-9.9
5287220140207 29.2 16.0  0.009999-99.9-99.9-99.9-99.9-9.9 9923.2 92 19.8   1  0.8-9.9-9.9
5287220140208 23.3 16.6 59.219999-99.9-99.9-99.9-99.9-9.9 9922.8100 19.5   3  2.5-9.9-9.9
5287220140209 31.0 16.4  0.009999-99.9-99.9-99.9-99.9-9.9 9922.5 88 19.3   2  1.4-9.9-9.9
5287220140210 32.2 17.7 16.819999-99.9-99.9-99.9-99.9-9.9 9925.8 82 21.5   2  1.8-9.9-9.9
5287220140211 29.1 18.8  3.219999-99.9-99.9-99.9-99.9-9.9 9924.8 89 20.9   3  2.2-9.9-9.9
5287220140212 33.8 18.0  1.819999-99.9-99.9-99.9-99.9-9.9 9924.0 73 20.4   2  1.8-9.9-9.9
5287220140213 27.3 16.6  0.219999-99.9-99.9-99.9-99.9-9.9 9919.7 82 17.2   5  4.0-9.9-9.9
5287220140214 24.8 11.2  0.009999-99.9-99.9-99.9-99.9-9.9 9914.5 65 12.5   5  3.8-9.9-9.9
5287220140215 26.6 14.5  0.009999-99.9-99.9-99.9-99.9-9.9 9917.1 70 15.0   4  2.9-9.9-9.9
5287220140216 27.7 16.5  5.019999-99.9-99.9-99.9-99.9-9.9 9920.4 76 17.8   5  4.1-9.9-9.9
5287220140217 30.8 18.7  7.219999-99.9-99.9-99.9-99.9-9.9 9924.3 78 20.6   2  1.7-9.9-9.9
5287220140218 25.3 20.4 10.019999-99.9-99.9-99.9-99.9-9.9 9925.1 95 21.1   1  0.9-9.9-9.9
5287220140219 33.6 20.2  0.219999-99.9-99.9-99.9-99.9-9.9 9924.5 76 20.7   1  1.1-9.9-9.9
5287220140220 30.3 17.8  2.019999-99.9-99.9-99.9-99.9-9.9 9922.7 83 19.5   2  1.3-9.9-9.9
5287220140221 27.5 17.8  0.009999-99.9-99.9-99.9-99.9-9.9 9923.2 90 19.8   2  1.3-9.9-9.9
5287220140222 29.7 16.3  0.009999-99.9-99.9-99.9-99.9-9.9 9919.6 79 17.1   2  1.3-9.9-9.9
5287220140223 30.7 12.8  0.009999-99.9-99.9-99.9-99.9-9.9 9917.9 73 15.6   1  0.8-9.9-9.9
5287220140224 28.1 12.9  0.009999-99.9-99.9-99.9-99.9-9.9 9917.9 72 15.6   4  3.0-9.9-9.9
5287220140225 24.2 10.5  0.009999-99.9-99.9-99.9-99.9-9.9 9913.9 70 11.8   4  3.2-9.9-9.9
5287220140226 24.2  9.2  0.009999-99.9-99.9-99.9-99.9-9.9 9913.6 72 11.5   2  2.0-9.9-9.9
5287220140227 26.7  8.5  0.009999-99.9-99.9-99.9-99.9-9.9 9913.3 72 11.1   2  1.2-9.9-9.9
5287220140228 28.6  8.2  0.009999-99.9-99.9-99.9-99.9-9.9 9914.4 66 12.3   1  0.9-9.9-9.9
5287220140301 29.7 12.8  0.009999-99.9-99.9-99.9-99.9-9.9 9917.5 76 15.3   1  0.7-9.9-9.9
5287220140302 30.0 11.8  0.009999-99.9-99.9-99.9-99.9-9.9 9917.8 65 15.6   1  1.0-9.9-9.9
5287220140303 28.1 13.8 20.219999-99.9-99.9-99.9-99.9-9.9 9918.0 72 15.8   3  2.4-9.9-9.9
5287220140304 19.5 17.3 92.819999-99.9-99.9-99.9-99.9-9.9 9921.2100 18.5   3  2.7-9.9-9.9
5287220140305 31.8 16.7  0.009999-99.9-99.9-99.9-99.9-9.9 9920.4 70 17.7   3  2.5-9.9-9.9
5287220140306 27.3 14.5  0.009999-99.9-99.9-99.9-99.9-9.9 9916.4 79 14.4   3  2.4-9.9-9.9
5287220140307 30.7 10.7  0.009999-99.9-99.9-99.9-99.9-9.9 9916.6 73 14.5   1  1.1-9.9-9.9
5287220140308 30.4 12.5  1.219999-99.9-99.9-99.9-99.9-9.9 9915.5 54 13.4   2  1.9-9.9-9.9
5287220140309 20.8 15.9  6.019999-99.9-99.9-99.9-99.9-9.9 9918.1 98 15.9   2  2.0-9.9-9.9
5287220140310 23.8  9.1  0.009999-99.9-99.9-99.9-99.9-9.9 9913.0 70 10.7   3  2.2-9.9-9.9
5287220140311 29.5 10.2  0.009999-99.9-99.9-99.9-99.9-9.9 9914.4 68 12.3   3  2.2-9.9-9.9
5287220140312 31.4 13.4  0.009999-99.9-99.9-99.9-99.9-9.9 9916.5 64 14.4   3  2.1-9.9-9.9
5287220140313 32.1 14.8  0.009999-99.9-99.9-99.9-99.9-9.9 9918.0 61 15.8   3  2.1-9.9-9.9
5287220140314 20.7 16.2 70.819999-99.9-99.9-99.9-99.9-9.9 9919.9100 17.4   4  3.5-9.9-9.9
5287220140315 29.5 12.6  0.009999-99.9-99.9-99.9-99.9-9.9 9918.3 82 16.0   2  1.4-9.9-9.9
5287220140316 30.3 11.3 11.519999-99.9-99.9-99.9-99.9-9.9 9918.2 70 15.8   2  1.5-9.9-9.9
5287220140317 24.3 10.9-99.999999-99.9-99.9-99.9-99.9-9.9 9913.8 71 11.7   5  3.9-9.9-9.9
5287220140318-99.9-99.9  3.219999-99.9-99.9-99.9-99.9-9.9 9912.6 81 10.3 -99-99.9-9.9-9.9
5287220140319 20.8 11.9  0.009999-99.9-99.9-99.9-99.9-9.9 9915.0 87 13.0   1  1.1-9.9-9.9
5287220140320 27.7  9.9-99.999999-99.9-99.9-99.9-99.9-9.9 9916.6 79 14.5   2  1.9-9.9-9.9
5287220140321-99.9-99.9-99.999999-99.9-99.9-99.9-99.9-9.9 99-9.9-99-99.9 -99-99.9-9.9-9.9
5287220140322 25.0  4.0  0.009999-99.9-99.9-99.9-99.9-9.9 99 9.7 65  6.4   1  1.1-9.9-9.9
5287220140323 28.8  8.4  0.009999-99.9-99.9-99.9-99.9-9.9 9913.1 67 10.8   2  2.0-9.9-9.9
5287220140324 28.5  9.1  0.009999-99.9-99.9-99.9-99.9-9.9 9914.9 68 12.8   2  1.4-9.9-9.9
5287220140325 26.3 13.0  0.009999-99.9-99.9-99.9-99.9-9.9 9917.5 81 15.4   3  2.7-9.9-9.9
5287220140326 28.0 13.2  0.009999-99.9-99.9-99.9-99.9-9.9 9920.1 86 17.5   2  2.0-9.9-9.9
5287220140327 29.0 15.9 15.519999-99.9-99.9-99.9-99.9-9.9 9921.7 89 18.7   2  1.5-9.9-9.9
5287220140328 31.5 15.5  0.009999-99.9-99.9-99.9-99.9-9.9 9921.7 80 18.7   2  1.5-9.9-9.9
5287220140329 32.0 17.2 22.219999-99.9-99.9-99.9-99.9-9.9 9922.6 75 19.4   2  1.9-9.9-9.9
5287220140330 23.0 11.4  0.819999-99.9-99.9-99.9-99.9-9.9 9917.9 88 15.2   5  4.0-9.9-9.9
5287220140331 24.3  5.4  0.009999-99.9-99.9-99.9-99.9-9.9 9911.1 68  8.4   3  2.2-9.9-9.9
5287220140401 25.6  8.3  0.009999-99.9-99.9-99.9-99.9-9.9 9915.7 75 13.5   3  2.5-9.9-9.9
5287220140402 22.1 15.3  4.219999-99.9-99.9-99.9-99.9-9.9 9919.5 94 17.1   5  3.7-9.9-9.9
5287220140403 29.0 18.5 17.019999-99.9-99.9-99.9-99.9-9.9 9923.0 86 19.8   4  2.9-9.9-9.9
5287220140404 29.5 19.3 42.819999-99.9-99.9-99.9-99.9-9.9 9924.7 90 20.8   4  2.9-9.9-9.9
5287220140405 21.4 18.8 18.519999-99.9-99.9-99.9-99.9-9.9 9922.9100 19.6   3  2.5-9.9-9.9
5287220140406 24.0 19.1  0.009999-99.9-99.9-99.9-99.9-9.9 9924.5 99 20.7   4  3.1-9.9-9.9
5287220140407 23.0 20.5 39.819999-99.9-99.9-99.9-99.9-9.9 9925.8100 21.6   5  3.8-9.9-9.9
5287220140408 24.2 12.8  0.009999-99.9-99.9-99.9-99.9-9.9 9915.4 69 13.2   5  4.2-9.9-9.9
5287220140409 25.8 13.3  0.009999-99.9-99.9-99.9-99.9-9.9 9914.1 66 12.1   4  3.1-9.9-9.9
5287220140410 22.4 10.0  0.219999-99.9-99.9-99.9-99.9-9.9 9914.2 86 12.1   3  2.2-9.9-9.9
5287220140411 23.9  6.0  1.519999-99.9-99.9-99.9-99.9-9.9 9911.7 71  9.1   1  0.9-9.9-9.9
5287220140412 16.3  8.4  0.219999-99.9-99.9-99.9-99.9-9.9 9911.1 78  8.3   8  6.1-9.9-9.9
5287220140413 16.5  9.5  0.009999-99.9-99.9-99.9-99.9-9.9 9911.8 88  9.3   5  4.2-9.9-9.9
5287220140414 22.6  5.8  0.009999-99.9-99.9-99.9-99.9-9.9 9910.7 74  7.8   2  1.7-9.9-9.9
5287220140415 25.6  8.2  0.009999-99.9-99.9-99.9-99.9-9.9 9912.9 67 10.7   3  2.2-9.9-9.9
5287220140416 28.4  9.3  0.009999-99.9-99.9-99.9-99.9-9.9 9915.5 74 13.4   2  1.4-9.9-9.9
5287220140417 20.4 10.5  0.009999-99.9-99.9-99.9-99.9-9.9 9912.7 75 10.0   5  3.9-9.9-9.9
5287220140418 22.7  3.0  0.009999-99.9-99.9-99.9-99.9-9.9 99 9.7 74  6.4   1  0.9-9.9-9.9
5287220140419 22.0  4.9  0.009999-99.9-99.9-99.9-99.9-9.9 9911.7 74  9.1   2  1.7-9.9-9.9
5287220140420 23.6  9.3  1.019999-99.9-99.9-99.9-99.9-9.9 9913.9 80 11.8   1  1.2-9.9-9.9
5287220140421 23.4 11.2  0.009999-99.9-99.9-99.9-99.9-9.9 9913.8 76 11.6   2  1.9-9.9-9.9
5287220140422 24.2  7.1  0.009999-99.9-99.9-99.9-99.9-9.9 9912.4 78 10.0   1  1.0-9.9-9.9
5287220140423 25.6  8.2  0.009999-99.9-99.9-99.9-99.9-9.9 9913.4 75 11.2   1  1.1-9.9-9.9
5287220140424 21.8 10.8  0.009999-99.9-99.9-99.9-99.9-9.9 9915.0 81 13.0   1  0.8-9.9-9.9
5287220140425 20.8 13.0  0.819999-99.9-99.9-99.9-99.9-9.9 9915.0 86 13.0   3  2.7-9.9-9.9
5287220140426 22.2  7.5  0.009999-99.9-99.9-99.9-99.9-9.9 9912.6 78 10.4   3  2.3-9.9-9.9
5287220140427 22.2 10.2  0.009999-99.9-99.9-99.9-99.9-9.9 9914.3 77 12.3   2  1.8-9.9-9.9
5287220140428 23.8 10.1  0.009999-99.9-99.9-99.9-99.9-9.9 9915.4 87 13.4   3  2.3-9.9-9.9
5287220140429 15.3 13.0 11.019999-99.9-99.9-99.9-99.9-9.9 9915.7100 13.7   4  2.9-9.9-9.9
5287220140430 17.7 12.8  0.009999-99.9-99.9-99.9-99.9-9.9 9915.8 97 13.8   3  2.4-9.9-9.9
5287220140501 23.1  7.3  0.009999-99.9-99.9-99.9-99.9-9.9 9914.6 87 12.4   1  1.2-9.9-9.9
5287220140502 21.4  8.8  1.819999-99.9-99.9-99.9-99.9-9.9 9916.7 91 14.4   1  0.9-9.9-9.9
5287220140503 18.3 14.1 13.019999-99.9-99.9-99.9-99.9-9.9 9918.8100 16.5   1  0.7-9.9-9.9
5287220140504 21.5 12.3  0.219999-99.9-99.9-99.9-99.9-9.9 9916.8 94 14.7   1  1.0-9.9-9.9
5287220140505 17.0 11.5  0.009999-99.9-99.9-99.9-99.9-9.9 9916.0 96 14.0   1  0.9-9.9-9.9
5287220140506 22.5 11.5  0.009999-99.9-99.9-99.9-99.9-9.9 9915.5 87 13.5   1  1.1-9.9-9.9
5287220140507 23.3 11.0  0.219999-99.9-99.9-99.9-99.9-9.9 9916.6 89 14.5   2  1.5-9.9-9.9
5287220140508 17.5 10.0  0.009999-99.9-99.9-99.9-99.9-9.9 9914.0 88 12.0   5  3.9-9.9-9.9
5287220140509 19.9 10.4  0.009999-99.9-99.9-99.9-99.9-9.9 9913.6 83 11.5   2  1.6-9.9-9.9
5287220140510 22.2  9.4  7.519999-99.9-99.9-99.9-99.9-9.9 9914.9 85 12.8   2  1.3-9.9-9.9
5287220140511 16.0 13.4  5.519999-99.9-99.9-99.9-99.9-9.9 9916.7100 14.6   1  0.8-9.9-9.9
5287220140512 17.4 14.4  2.219999-99.9-99.9-99.9-99.9-9.9 9917.6100 15.5   1  0.4-9.9-9.9
5287220140513 24.9 11.8  1.819999-99.9-99.9-99.9-99.9-9.9 9916.7 85 14.7   1  1.1-9.9-9.9
5287220140514 20.2 11.8  0.009999-99.9-99.9-99.9-99.9-9.9 9917.8 96 15.6   2  1.3-9.9-9.9
5287220140515 20.5 11.8  0.009999-99.9-99.9-99.9-99.9-9.9 9915.6 88 13.5   3  2.2-9.9-9.9
5287220140516 19.5  7.9  6.519999-99.9-99.9-99.9-99.9-9.9 9914.1 90 11.9   4  2.9-9.9-9.9
5287220140517 18.5  4.0  0.009999-99.9-99.9-99.9-99.9-9.9 99 9.2 72  5.7   3  2.0-9.9-9.9
5287220140518 18.0  4.9  0.009999-99.9-99.9-99.9-99.9-9.9 9910.9 82  8.1   2  1.4-9.9-9.9
5287220140519 19.6  8.5  0.009999-99.9-99.9-99.9-99.9-9.9 9911.9 84  9.5   1  1.2-9.9-9.9
5287220140520 11.8  6.5 16.519999-99.9-99.9-99.9-99.9-9.9 9912.2 99  9.8   4  3.0-9.9-9.9
5287220140521 13.8 10.1 10.819999-99.9-99.9-99.9-99.9-9.9 9913.1 98 10.9   8  6.3-9.9-9.9
5287220140522 16.2  7.4  0.219999-99.9-99.9-99.9-99.9-9.9 9911.6 91  9.1  10  7.9-9.9-9.9
5287220140523 14.7  2.7  0.009999-99.9-99.9-99.9-99.9-9.9 99 9.2 87  5.8   3  2.7-9.9-9.9
5287220140524 18.6  4.5  0.009999-99.9-99.9-99.9-99.9-9.9 9910.0 82  6.9   3  2.1-9.9-9.9
5287220140525 21.0  5.3  0.009999-99.9-99.9-99.9-99.9-9.9 9911.0 82  8.3   3  2.6-9.9-9.9
5287220140526 19.7  3.1  0.009999-99.9-99.9-99.9-99.9-9.9 99 8.9 75  5.2   3  2.2-9.9-9.9
5287220140527 18.3  2.5  0.009999-99.9-99.9-99.9-99.9-9.9 99 9.8 86  6.6   1  0.9-9.9-9.9
5287220140528 20.3  3.4  0.009999-99.9-99.9-99.9-99.9-9.9 9912.2 87  9.5   2  1.9-9.9-9.9
5287220140529 18.2 10.0  0.009999-99.9-99.9-99.9-99.9-9.9 9913.1 85 11.0   4  3.4-9.9-9.9
5287220140530 18.3 11.8 33.019999-99.9-99.9-99.9-99.9-9.9 9915.6 94 13.6   1  1.2-9.9-9.9
5287220140531 18.5  8.2  0.009999-99.9-99.9-99.9-99.9-9.9 9913.2 85 10.9   4  3.4-9.9-9.9
5287220140601 21.7  5.2  0.009999-99.9-99.9-99.9-99.9-9.9 9910.9 77  8.2   2  1.7-9.9-9.9
5287220140602 21.6  7.6  0.009999-99.9-99.9-99.9-99.9-9.9 9910.9 69  8.3   3  2.2-9.9-9.9
5287220140603 19.8  6.9  0.009999-99.9-99.9-99.9-99.9-9.9 9911.4 79  8.9   4  3.1-9.9-9.9
5287220140604 17.2  9.6  0.519999-99.9-99.9-99.9-99.9-9.9 9912.6 87 10.3   4  3.1-9.9-9.9
5287220140605 13.6  3.6  0.009999-99.9-99.9-99.9-99.9-9.9 99 9.5 90  6.2   3  2.2-9.9-9.9
5287220140606 18.0  1.5  2.519999-99.9-99.9-99.9-99.9-9.9 99 8.9 83  5.1   2  1.3-9.9-9.9
5287220140607 14.4  4.7  0.219999-99.9-99.9-99.9-99.9-9.9 9910.7 92  7.9   2  1.8-9.9-9.9
5287220140608 18.4  2.6  0.009999-99.9-99.9-99.9-99.9-9.9 99 8.9 71  5.2   3  2.5-9.9-9.9
5287220140609 19.0  7.0  0.009999-99.9-99.9-99.9-99.9-9.9 99 9.3 74  5.9   3  2.4-9.9-9.9
5287220140610 21.3  6.6  0.009999-99.9-99.9-99.9-99.9-9.9 9910.9 71  8.1   4  2.9-9.9-9.9
5287220140611 17.3 11.1  1.219999-99.9-99.9-99.9-99.9-9.9 9916.1 96 13.7   5  4.2-9.9-9.9
5287220140612 19.5  9.0 24.519999-99.9-99.9-99.9-99.9-9.9 9916.5 96 14.0   9  7.2-9.9-9.9
5287220140613 15.4  3.9  0.009999-99.9-99.9-99.9-99.9-9.9 99 9.0 84  5.4   3  2.0-9.9-9.9
5287220140614 15.6  2.3  0.009999-99.9-99.9-99.9-99.9-9.9 99 8.8 83  5.1   2  1.3-9.9-9.9
5287220140615 13.8  4.0  0.009999-99.9-99.9-99.9-99.9-9.9 9911.4 97  8.6   2  1.4-9.9-9.9
5287220140616 18.1  5.7  0.009999-99.9-99.9-99.9-99.9-9.9 9910.7 84  7.8   3  2.2-9.9-9.9
5287220140617 12.8  3.5  0.009999-99.9-99.9-99.9-99.9-9.9 99 9.3 91  5.9   3  2.8-9.9-9.9
5287220140618 12.4  0.1  0.009999-99.9-99.9-99.9-99.9-9.9 99 7.1 82  2.0   3  2.7-9.9-9.9
5287220140619 14.4 -1.0  0.009999-99.9-99.9-99.9-99.9-9.9 99 7.7 84  3.1   2  1.7-9.9-9.9
5287220140620 17.5  1.4  0.009999-99.9-99.9-99.9-99.9-9.9 99 8.6 72  4.8   2  1.7-9.9-9.9
5287220140621 15.7  7.4  1.519999-99.9-99.9-99.9-99.9-9.9 9910.0 74  6.9   3  2.0-9.9-9.9
5287220140622 18.9 10.4  0.009999-99.9-99.9-99.9-99.9-9.9 9915.2 96 13.2   2  1.4-9.9-9.9
5287220140623 14.2  9.6  0.009999-99.9-99.9-99.9-99.9-9.9 9913.4100 11.2   2  1.9-9.9-9.9
5287220140624 19.0  5.3  0.009999-99.9-99.9-99.9-99.9-9.9 9910.7 86  7.9   1  1.2-9.9-9.9
5287220140625 17.1  4.0  0.009999-99.9-99.9-99.9-99.9-9.9 9910.3 80  7.3   2  1.2-9.9-9.9
5287220140626 18.4  6.4  0.009999-99.9-99.9-99.9-99.9-9.9 99 9.9 81  6.9   2  1.6-9.9-9.9
5287220140627 18.2  0.8  0.009999-99.9-99.9-99.9-99.9-9.9 99 8.2 79  4.0   1  1.1-9.9-9.9
5287220140628 18.6  1.6  0.009999-99.9-99.9-99.9-99.9-9.9 99 8.5 81  4.6   1  1.1-9.9-9.9
5287220140629 17.0  0.9  0.219999-99.9-99.9-99.9-99.9-9.9 99 8.6 85  4.6   1  0.8-9.9-9.9
5287220140630 16.4 -0.8  0.009999-99.9-99.9-99.9-99.9-9.9 99 7.5 76  2.7   1  0.8-9.9-9.9
5287220140701 14.6 -0.7  0.009999-99.9-99.9-99.9-99.9-9.9 99 8.4 89  4.2   2  1.3-9.9-9.9
5287220140702 12.1  3.3  0.009999-99.9-99.9-99.9-99.9-9.9 9910.0 94  6.8   3  2.4-9.9-9.9
5287220140703 13.1  3.7  0.009999-99.9-99.9-99.9-99.9-9.9 99 9.0 86  5.4   3  2.5-9.9-9.9
5287220140704 16.0  1.5  1.019999-99.9-99.9-99.9-99.9-9.9 9910.3 89  7.1   4  3.3-9.9-9.9
5287220140705 11.4  7.6  3.819999-99.9-99.9-99.9-99.9-9.9 9911.5100  8.9  12  9.4-9.9-9.9
5287220140706  9.4  4.9  6.219999-99.9-99.9-99.9-99.9-9.9 99 9.3 97  5.9   6  5.2-9.9-9.9
5287220140707 16.9  3.8  0.009999-99.9-99.9-99.9-99.9-9.9 99 9.1 82  5.6   4  3.1-9.9-9.9
5287220140708 15.8  5.1  0.009999-99.9-99.9-99.9-99.9-9.9 9910.7 90  7.9   3  2.2-9.9-9.9
5287220140709 15.3  3.1  0.009999-99.9-99.9-99.9-99.9-9.9 9910.8 93  7.9   2  2.0-9.9-9.9
5287220140710 15.3  8.4  0.009999-99.9-99.9-99.9-99.9-9.9 9912.5 92 10.2   5  4.0-9.9-9.9
5287220140711 20.4  9.8  0.219999-99.9-99.9-99.9-99.9-9.9 9913.8 88 11.7   4  3.0-9.9-9.9
5287220140712 13.8 11.1 39.019999-99.9-99.9-99.9-99.9-9.9 9914.9100 12.9   4  2.8-9.9-9.9
5287220140713 15.0 12.6  0.009999-99.9-99.9-99.9-99.9-9.9 9915.0 97 13.0   1  0.8-9.9-9.9
5287220140714 20.8 10.1  3.519999-99.9-99.9-99.9-99.9-9.9 9917.6 95 15.1   5  3.7-9.9-9.9
5287220140715 19.1  8.5  0.009999-99.9-99.9-99.9-99.9-9.9 9914.1 85 11.7   7  5.5-9.9-9.9
5287220140716 16.9  6.1  0.009999-99.9-99.9-99.9-99.9-9.9 9911.5 90  8.9   1  1.1-9.9-9.9
5287220140717 18.0  6.2  0.009999-99.9-99.9-99.9-99.9-9.9 9911.7 87  9.2   3  2.6-9.9-9.9
5287220140718 16.1  5.2  0.009999-99.9-99.9-99.9-99.9-9.9 9911.1 91  8.5   2  2.0-9.9-9.9
5287220140719 20.8  5.7  0.009999-99.9-99.9-99.9-99.9-9.9 9912.5 87 10.1   2  1.6-9.9-9.9
5287220140720 20.8  7.5  0.009999-99.9-99.9-99.9-99.9-9.9 9912.0 82  9.7   3  2.0-9.9-9.9
5287220140721 19.2  7.5  0.009999-99.9-99.9-99.9-99.9-9.9 9913.9 90 11.7   2  1.4-9.9-9.9
5287220140722 15.0 10.4  6.019999-99.9-99.9-99.9-99.9-9.9 9913.1 96 10.9   8  6.4-9.9-9.9
5287220140723 11.7  5.0  0.009999-99.9-99.9-99.9-99.9-9.9 99 9.7 90  6.5   6  5.1-9.9-9.9
5287220140724 15.8  1.3  0.009999-99.9-99.9-99.9-99.9-9.9 99 7.3 73  2.3   3  2.0-9.9-9.9
5287220140725 14.6  2.0  0.009999-99.9-99.9-99.9-99.9-9.9 99 7.4 67  2.7   5  3.7-9.9-9.9
5287220140726 10.0  0.3  0.009999-99.9-99.9-99.9-99.9-9.9 99 6.8 80  1.5   6  5.0-9.9-9.9
5287220140727 13.0 -0.1  0.009999-99.9-99.9-99.9-99.9-9.9 99 7.3 78  2.3   2  1.7-9.9-9.9
5287220140728 16.8  3.4  0.009999-99.9-99.9-99.9-99.9-9.9 99 9.7 79  6.5   3  2.5-9.9-9.9
5287220140729 17.6  9.5  0.009999-99.9-99.9-99.9-99.9-9.9 9914.8 95 12.8   2  1.8-9.9-9.9
5287220140730 20.2  6.2  0.519999-99.9-99.9-99.9-99.9-9.9 9911.4 79  8.9   3  2.4-9.9-9.9
5287220140731 17.4 10.6 12.019999-99.9-99.9-99.9-99.9-9.9 9916.1100 14.0   2  1.7-9.9-9.9
5287220140801 18.7 12.5  0.219999-99.9-99.9-99.9-99.9-9.9 9916.5100 14.4   1  0.9-9.9-9.9
5287220140802 21.7 12.8  0.009999-99.9-99.9-99.9-99.9-9.9 9920.2 98 17.6   2  1.9-9.9-9.9
5287220140803 17.0 10.7  1.219999-99.9-99.9-99.9-99.9-9.9 9913.9 96 11.8   3  2.2-9.9-9.9
5287220140804 17.5  5.6  5.819999-99.9-99.9-99.9-99.9-9.9 99 9.0 70  5.3   3  2.6-9.9-9.9
5287220140805 18.4  3.3  0.009999-99.9-99.9-99.9-99.9-9.9 99 9.1 70  5.6   4  3.5-9.9-9.9
5287220140806 16.9 10.7  0.009999-99.9-99.9-99.9-99.9-9.9 9911.7 83  9.2   4  3.1-9.9-9.9
5287220140807 17.5  5.1  0.009999-99.9-99.9-99.9-99.9-9.9 99 8.9 69  5.3   4  2.9-9.9-9.9
5287220140808 19.0  2.0  0.009999-99.9-99.9-99.9-99.9-9.9 99 8.6 73  4.7   2  1.2-9.9-9.9
5287220140809 20.1  5.0  0.009999-99.9-99.9-99.9-99.9-9.9 9910.4 65  7.5   4  2.9-9.9-9.9
5287220140810 17.8  6.4  0.009999-99.9-99.9-99.9-99.9-9.9 9911.2 83  8.6   5  4.1-9.9-9.9
5287220140811 16.7  3.1  0.009999-99.9-99.9-99.9-99.9-9.9 99 7.8 64  3.4   3  2.3-9.9-9.9
5287220140812 14.4  3.9  0.009999-99.9-99.9-99.9-99.9-9.9 99 6.9 65  1.6   7  5.9-9.9-9.9
5287220140813 18.5  1.4  0.009999-99.9-99.9-99.9-99.9-9.9 99 6.1 55 -0.1   4  3.5-9.9-9.9
5287220140814 19.4  2.5  0.009999-99.9-99.9-99.9-99.9-9.9 99 7.2 58  2.3   3  2.7-9.9-9.9
5287220140815 20.4  3.5  0.009999-99.9-99.9-99.9-99.9-9.9 99 8.6 65  4.8   3  2.3-9.9-9.9
5287220140816 23.7  5.8  0.009999-99.9-99.9-99.9-99.9-9.9 9912.2 75  9.6   2  1.5-9.9-9.9
5287220140817 26.7  8.3  0.009999-99.9-99.9-99.9-99.9-9.9 9915.3 79 13.1   2  1.8-9.9-9.9
5287220140818 28.0 12.1  0.009999-99.9-99.9-99.9-99.9-9.9 9917.3 76 15.2   3  2.3-9.9-9.9
5287220140819 30.0 11.2  0.009999-99.9-99.9-99.9-99.9-9.9 9918.0 80 15.6   2  1.6-9.9-9.9
5287220140820 30.1 13.2  0.009999-99.9-99.9-99.9-99.9-9.9 9919.4 74 16.9   3  2.1-9.9-9.9
5287220140821 31.3 18.4  1.219999-99.9-99.9-99.9-99.9-9.9 9921.5 79 18.6   2  1.8-9.9-9.9
5287220140822 25.8 13.4  0.009999-99.9-99.9-99.9-99.9-9.9 9919.1 85 16.7   8  6.4-9.9-9.9
5287220140823 26.1 16.0  0.219999-99.9-99.9-99.9-99.9-9.9 9918.9 82 16.6   3  2.6-9.9-9.9
5287220140824 17.2  9.2  0.009999-99.9-99.9-99.9-99.9-9.9 9911.9 84  9.4  11  8.9-9.9-9.9
5287220140825 10.3  5.4  3.519999-99.9-99.9-99.9-99.9-9.9 9910.1 97  7.0  14 11.1-9.9-9.9
5287220140826 11.0  6.2  0.009999-99.9-99.9-99.9-99.9-9.9 99 9.2 83  5.8  13 10.6-9.9-9.9
5287220140827 14.9  0.1  0.009999-99.9-99.9-99.9-99.9-9.9 99 8.4 85  4.3   3  2.0-9.9-9.9
5287220140828 17.4  1.8  0.009999-99.9-99.9-99.9-99.9-9.9 99 9.2 77  5.7   2  1.3-9.9-9.9
5287220140829 21.4  3.6  0.009999-99.9-99.9-99.9-99.9-9.9 99 9.6 73  6.3   2  1.4-9.9-9.9
5287220140830 22.8  6.2  0.219999-99.9-99.9-99.9-99.9-9.9 9912.5 77 10.1   2  1.4-9.9-9.9
5287220140831 24.5  8.8  0.009999-99.9-99.9-99.9-99.9-9.9 9913.1 68 10.9   3  2.7-9.9-9.9
5287220140901 19.9  9.7  8.019999-99.9-99.9-99.9-99.9-9.9 9914.5 87 12.5   6  4.7-9.9-9.9
5287220140902 18.2 12.5  0.009999-99.9-99.9-99.9-99.9-9.9 9915.8 93 13.8   5  3.8-9.9-9.9
5287220140903 19.5 12.5  0.219999-99.9-99.9-99.9-99.9-9.9 9916.8 92 14.7   6  4.6-9.9-9.9
5287220140904 19.6 14.7 25.519999-99.9-99.9-99.9-99.9-9.9 9916.4 85 14.4   8  6.6-9.9-9.9
5287220140905 17.0 14.1 28.819999-99.9-99.9-99.9-99.9-9.9 9917.4100 15.3   5  3.6-9.9-9.9
5287220140906 19.2 11.7  0.009999-99.9-99.9-99.9-99.9-9.9 9913.5 80 11.3   7  5.5-9.9-9.9
5287220140907 23.2  9.6  0.009999-99.9-99.9-99.9-99.9-9.9 9912.0 64  9.6   4  3.5-9.9-9.9
5287220140908 25.5  8.9 10.819999-99.9-99.9-99.9-99.9-9.9 9916.2 77 13.9   2  1.8-9.9-9.9
5287220140909 20.7  9.7  0.009999-99.9-99.9-99.9-99.9-9.9 9912.3 75  9.3  10  8.3-9.9-9.9
5287220140910 19.1  4.6  0.009999-99.9-99.9-99.9-99.9-9.9 99 9.4 65  6.0   5  3.7-9.9-9.9
5287220140911 20.2  6.5  0.009999-99.9-99.9-99.9-99.9-9.9 9910.0 68  6.9   2  2.0-9.9-9.9
5287220140912 21.9  5.9  0.009999-99.9-99.9-99.9-99.9-9.9 9911.3 66  8.8   2  1.7-9.9-9.9
5287220140913 21.7  8.6  0.009999-99.9-99.9-99.9-99.9-9.9 9913.7 77 11.5   4  3.2-9.9-9.9
5287220140914 20.1 14.0  0.009999-99.9-99.9-99.9-99.9-9.9 9916.3 90 14.3   5  4.1-9.9-9.9
5287220140915 21.4  8.6 13.819999-99.9-99.9-99.9-99.9-9.9 9911.2 66  8.5   5  3.9-9.9-9.9
5287220140916 23.9  6.7  0.009999-99.9-99.9-99.9-99.9-9.9 9911.3 60  8.7   2  1.7-9.9-9.9
5287220140917 24.3  7.3  0.009999-99.9-99.9-99.9-99.9-9.9 9911.8 60  9.3   2  1.5-9.9-9.9
5287220140918 23.6  9.0  0.009999-99.9-99.9-99.9-99.9-9.9 9914.6 77 12.5   2  1.3-9.9-9.9
5287220140919 26.5  9.8  0.009999-99.9-99.9-99.9-99.9-9.9 9914.3 73 12.2   4  3.2-9.9-9.9
5287220140920 21.4  9.8  0.009999-99.9-99.9-99.9-99.9-9.9 9912.9 71 10.7   7  5.7-9.9-9.9
5287220140921 22.8  6.7  0.009999-99.9-99.9-99.9-99.9-9.9 9912.9 80 10.6   3  2.3-9.9-9.9
5287220140922 24.6 11.6  1.819999-99.9-99.9-99.9-99.9-9.9 9914.5 65 12.5   4  3.4-9.9-9.9
5287220140923 18.4 10.0  7.519999-99.9-99.9-99.9-99.9-9.9 9913.7 99 11.6   3  2.5-9.9-9.9
5287220140924 24.4  7.6  0.009999-99.9-99.9-99.9-99.9-9.9 9912.4 63 10.1   2  1.9-9.9-9.9
5287220140925 23.1 11.4  0.009999-99.9-99.9-99.9-99.9-9.9 9913.3 79 11.1   6  4.5-9.9-9.9
5287220140926 19.8  4.7  0.009999-99.9-99.9-99.9-99.9-9.9 99 9.2 64  5.6   3  2.0-9.9-9.9
5287220140927 22.8  3.9  1.819999-99.9-99.9-99.9-99.9-9.9 99 9.6 59  6.4   2  1.7-9.9-9.9
5287220140928 23.1  9.7  0.219999-99.9-99.9-99.9-99.9-9.9 9914.7 89 12.5   1  0.9-9.9-9.9
5287220140929 24.2  9.2  0.819999-99.9-99.9-99.9-99.9-9.9 9915.1 84 13.0   2  1.3-9.9-9.9
5287220140930 18.3 11.6  0.009999-99.9-99.9-99.9-99.9-9.9 9914.5 88 12.4   2  1.7-9.9-9.9
5287220141001 18.9  9.5  0.009999-99.9-99.9-99.9-99.9-9.9 9911.4 75  8.9   6  4.8-9.9-9.9
5287220141002 17.2  5.5  0.009999-99.9-99.9-99.9-99.9-9.9 9910.7 76  7.9   6  4.9-9.9-9.9
5287220141003 18.2 11.4  2.819999-99.9-99.9-99.9-99.9-9.9 9913.8 81 11.8   7  5.9-9.9-9.9
5287220141004 17.3 13.3  9.519999-99.9-99.9-99.9-99.9-9.9 9916.2 95 14.2   9  6.8-9.9-9.9
5287220141005 19.6 14.8  0.009999-99.9-99.9-99.9-99.9-9.9 9918.0 95 15.8   2  1.5-9.9-9.9
5287220141006 20.4 12.3  0.009999-99.9-99.9-99.9-99.9-9.9 9916.3 91 14.3   2  1.8-9.9-9.9
5287220141007 30.2 11.3  0.009999-99.9-99.9-99.9-99.9-9.9 9917.5 67 15.3   1  1.1-9.9-9.9
5287220141008 28.4 14.2  6.219999-99.9-99.9-99.9-99.9-9.9 9919.8 69 17.2   2  2.0-9.9-9.9
5287220141009 22.2 13.2  1.219999-99.9-99.9-99.9-99.9-9.9 9917.6 95 15.3   7  5.2-9.9-9.9
5287220141010 17.4  6.7  0.009999-99.9-99.9-99.9-99.9-9.9 9910.8 82  8.1   4  3.3-9.9-9.9
5287220141011 21.8  5.6  0.009999-99.9-99.9-99.9-99.9-9.9 9911.2 71  8.6   1  1.1-9.9-9.9
5287220141012 25.5  7.4  0.009999-99.9-99.9-99.9-99.9-9.9 9913.8 71 11.7   1  1.1-9.9-9.9
5287220141013 28.7 11.5  0.009999-99.9-99.9-99.9-99.9-9.9 9915.1 66 13.1   1  1.1-9.9-9.9
5287220141014 29.9 10.7  0.009999-99.9-99.9-99.9-99.9-9.9 9916.5 63 14.5   1  1.0-9.9-9.9
5287220141015 29.6 13.5  0.009999-99.9-99.9-99.9-99.9-9.9 9917.0 58 14.8   2  1.5-9.9-9.9
5287220141016 28.3 14.5  0.009999-99.9-99.9-99.9-99.9-9.9 9915.9 63 13.7   3  2.6-9.9-9.9
5287220141017 23.8 11.3  0.009999-99.9-99.9-99.9-99.9-9.9 9915.0 75 13.0   3  2.5-9.9-9.9
5287220141018 26.0 13.6  0.009999-99.9-99.9-99.9-99.9-9.9 9916.8 80 14.6   4  3.0-9.9-9.9
5287220141019 26.4  9.3  0.009999-99.9-99.9-99.9-99.9-9.9 9911.8 57  9.4   4  3.1-9.9-9.9
5287220141020 26.8  9.7  0.009999-99.9-99.9-99.9-99.9-9.9 9913.9 61 11.8   2  1.7-9.9-9.9
5287220141021 31.8 13.3  4.519999-99.9-99.9-99.9-99.9-9.9 9916.6 55 14.5   2  1.9-9.9-9.9
5287220141022 34.3 15.7  0.009999-99.9-99.9-99.9-99.9-9.9 9916.6 49 14.6   2  1.7-9.9-9.9
5287220141023 33.6 16.8  0.009999-99.9-99.9-99.9-99.9-9.9 9920.2 58 17.6   2  1.6-9.9-9.9
5287220141024 32.3 18.8  0.009999-99.9-99.9-99.9-99.9-9.9 9923.7 75 20.2   2  1.9-9.9-9.9
5287220141025 34.3 17.9  0.009999-99.9-99.9-99.9-99.9-9.9 9921.9 58 18.9   1  1.0-9.9-9.9
5287220141026 35.5 19.6  0.009999-99.9-99.9-99.9-99.9-9.9 9922.0 60 19.0   2  1.4-9.9-9.9
5287220141027 35.0 16.2  0.009999-99.9-99.9-99.9-99.9-9.9 9921.2 74 18.2   4  3.4-9.9-9.9
5287220141028 19.5 12.0 56.519999-99.9-99.9-99.9-99.9-9.9 9916.8 99 14.8   6  4.5-9.9-9.9
5287220141029 20.8 14.0  3.219999-99.9-99.9-99.9-99.9-9.9 9918.3100 16.0   3  2.0-9.9-9.9
5287220141030 25.6  8.2  0.009999-99.9-99.9-99.9-99.9-9.9 9912.2 59  9.6   1  0.9-9.9-9.9
5287220141031 19.6 13.2  0.009999-99.9-99.9-99.9-99.9-9.9 9914.9 85 12.8   4  3.6-9.9-9.9
5287220141101 16.7 10.3  6.519999-99.9-99.9-99.9-99.9-9.9 9910.0 67  7.0   8  6.6-9.9-9.9
5287220141102 12.6  8.5 35.519999-99.9-99.9-99.9-99.9-9.9 9912.9100 10.7   8  6.7-9.9-9.9
5287220141103 18.0 11.3  6.219999-99.9-99.9-99.9-99.9-9.9 9916.1 98 13.9   3  2.1-9.9-9.9
5287220141104 24.4  7.6  0.009999-99.9-99.9-99.9-99.9-9.9 9912.8 71 10.5   2  1.9-9.9-9.9
5287220141105 26.2  8.8  0.009999-99.9-99.9-99.9-99.9-9.9 9913.6 59 11.4   2  1.7-9.9-9.9
5287220141106 28.4 10.9  0.009999-99.9-99.9-99.9-99.9-9.9 9916.6 68 14.5   1  0.9-9.9-9.9
5287220141107 27.6 13.9  0.009999-99.9-99.9-99.9-99.9-9.9 9915.8 73 13.6   2  1.9-9.9-9.9
5287220141108 28.1 11.4  0.009999-99.9-99.9-99.9-99.9-9.9 9914.6 68 12.6   2  1.6-9.9-9.9
5287220141109 31.5 11.3  0.219999-99.9-99.9-99.9-99.9-9.9 9916.9 64 14.7   1  1.0-9.9-9.9
5287220141110 27.5 16.4  0.009999-99.9-99.9-99.9-99.9-9.9 9922.1 86 19.0   1  0.7-9.9-9.9
5287220141111 32.0 14.6  0.009999-99.9-99.9-99.9-99.9-9.9 9919.1 63 16.7   1  1.0-9.9-9.9
5287220141112 24.3 14.4  0.009999-99.9-99.9-99.9-99.9-9.9 9913.7 58 11.5   4  3.1-9.9-9.9
5287220141113 27.3  8.2  0.009999-99.9-99.9-99.9-99.9-9.9 9912.0 59  9.6   1  0.9-9.9-9.9
5287220141114 31.4 13.0  0.009999-99.9-99.9-99.9-99.9-9.9 9915.0 58 13.0   3  2.3-9.9-9.9
5287220141115 35.6 16.7  0.009999-99.9-99.9-99.9-99.9-9.9 9917.4 51 15.3   2  1.8-9.9-9.9
5287220141116 30.3 15.1  0.009999-99.9-99.9-99.9-99.9-9.9 9915.8 50 13.7   3  2.5-9.9-9.9
5287220141117 33.9 16.1  0.009999-99.9-99.9-99.9-99.9-9.9 9919.8 55 17.3   3  2.1-9.9-9.9
5287220141118 34.6 19.6 16.519999-99.9-99.9-99.9-99.9-9.9 9919.2 50 16.8   3  2.2-9.9-9.9
5287220141119 26.7 15.3  3.519999-99.9-99.9-99.9-99.9-9.9 9919.0 88 16.6   3  2.2-9.9-9.9
5287220141120 26.2 12.7  0.009999-99.9-99.9-99.9-99.9-9.9 9917.1 69 15.0   3  2.2-9.9-9.9
5287220141121 21.3 15.4  0.219999-99.9-99.9-99.9-99.9-9.9 9918.1 87 15.9   3  2.6-9.9-9.9
5287220141122 27.1 12.3  0.009999-99.9-99.9-99.9-99.9-9.9 9915.8 67 13.8   2  1.2-9.9-9.9
5287220141123 32.5 13.2  0.819999-99.9-99.9-99.9-99.9-9.9 9917.5 52 15.4   3  2.3-9.9-9.9
5287220141124 27.2 14.5  0.219999-99.9-99.9-99.9-99.9-9.9 9918.1 77 15.6   2  1.5-9.9-9.9
5287220141125 26.8  9.2  0.219999-99.9-99.9-99.9-99.9-9.9 9912.4 52 10.1   1  1.2-9.9-9.9
5287220141126 30.0 11.1  0.009999-99.9-99.9-99.9-99.9-9.9 9915.0 63 13.0   1  1.1-9.9-9.9
5287220141127 31.3 11.8  0.009999-99.9-99.9-99.9-99.9-9.9 9915.1 49 13.1   1  1.1-9.9-9.9
5287220141128 32.4 14.8  0.009999-99.9-99.9-99.9-99.9-9.9 9914.6 46 12.5   3  2.2-9.9-9.9
5287220141129 22.4 16.6  1.019999-99.9-99.9-99.9-99.9-9.9 9918.4 89 16.0   4  3.1-9.9-9.9
5287220141130 21.4 12.0  0.009999-99.9-99.9-99.9-99.9-9.9 9914.3 83 12.3   6  4.6-9.9-9.9
5287220141201 22.7  9.4  0.219999-99.9-99.9-99.9-99.9-9.9 9913.5 76 11.3   3  2.4-9.9-9.9
5287220141202 25.9 11.5  0.009999-99.9-99.9-99.9-99.9-9.9 9914.9 68 12.9   1  1.0-9.9-9.9
5287220141203 32.6 12.3  0.009999-99.9-99.9-99.9-99.9-9.9 9916.3 57 14.2   1  1.1-9.9-9.9
5287220141204 34.2 15.5  0.009999-99.9-99.9-99.9-99.9-9.9 9918.2 50 16.0   2  1.5-9.9-9.9
5287220141205 33.8 17.1  0.009999-99.9-99.9-99.9-99.9-9.9 9917.0 46 14.9   3  2.1-9.9-9.9
5287220141206 35.9 17.4  0.009999-99.9-99.9-99.9-99.9-9.9 9922.2 53 19.0   2  1.8-9.9-9.9
5287220141207 27.6 17.7  0.009999-99.9-99.9-99.9-99.9-9.9 9921.8 90 18.8   2  1.8-9.9-9.9
5287220141208 31.8 16.7  0.009999-99.9-99.9-99.9-99.9-9.9 9920.3 66 17.7   2  1.5-9.9-9.9
5287220141209 34.1 15.9  3.219999-99.9-99.9-99.9-99.9-9.9 9923.7 76 20.1   2  1.8-9.9-9.9
5287220141210 26.0 16.1  0.009999-99.9-99.9-99.9-99.9-9.9 9915.7 58 13.5   4  3.5-9.9-9.9
5287220141211 26.2 12.6  0.009999-99.9-99.9-99.9-99.9-9.9 9914.1 64 12.0   2  1.7-9.9-9.9
5287220141212 31.1 12.2  0.009999-99.9-99.9-99.9-99.9-9.9 9918.0 64 15.8   1  0.8-9.9-9.9
5287220141213 31.6 16.8  0.009999-99.9-99.9-99.9-99.9-9.9 9919.9 59 17.3   2  1.9-9.9-9.9
5287220141214 27.6 10.5  0.009999-99.9-99.9-99.9-99.9-9.9 9914.9 59 12.9   3  2.4-9.9-9.9
5287220141215 28.4 13.4  0.009999-99.9-99.9-99.9-99.9-9.9 9918.1 72 15.8   2  1.5-9.9-9.9
5287220141216 30.0 16.4  0.009999-99.9-99.9-99.9-99.9-9.9 9921.6 68 18.7   1  0.7-9.9-9.9
5287220141217 32.4 15.5  0.009999-99.9-99.9-99.9-99.9-9.9 9918.8 58 16.5   2  1.3-9.9-9.9
5287220141218 35.0 14.9  0.009999-99.9-99.9-99.9-99.9-9.9 9918.2 56 16.0   2  1.3-9.9-9.9
5287220141219 35.8 19.7  0.009999-99.9-99.9-99.9-99.9-9.9 9920.6 58 17.9   4  2.9-9.9-9.9
5287220141220 28.5 17.2  0.519999-99.9-99.9-99.9-99.9-9.9 9920.5 87 17.7   3  2.1-9.9-9.9
5287220141221 26.4 13.1  5.019999-99.9-99.9-99.9-99.9-9.9 9913.1 58 11.0   2  1.6-9.9-9.9
5287220141222 23.7  8.5  0.009999-99.9-99.9-99.9-99.9-9.9 9911.8 65  9.3   2  1.9-9.9-9.9
5287220141223 28.5  7.9  0.009999-99.9-99.9-99.9-99.9-9.9 9911.8 53  9.4   2  1.7-9.9-9.9
5287220141224 30.3 12.1  0.009999-99.9-99.9-99.9-99.9-9.9 9913.7 53 11.6   2  1.9-9.9-9.9
5287220141225 33.3 13.3  0.009999-99.9-99.9-99.9-99.9-9.9 9917.9 59 15.7   1  1.0-9.9-9.9
5287220141226 30.8 17.3  0.009999-99.9-99.9-99.9-99.9-9.9 9923.1 75 19.7   1  0.9-9.9-9.9
5287220141227 32.5 16.8  0.009999-99.9-99.9-99.9-99.9-9.9 9923.7 82 20.2   1  0.8-9.9-9.9
5287220141228 35.2 18.7  0.009999-99.9-99.9-99.9-99.9-9.9 9924.7 63 20.9   1  0.7-9.9-9.9
5287220141229 36.0 18.8  0.009999-99.9-99.9-99.9-99.9-9.9 9925.0 58 21.1   2  1.5-9.9-9.9
5287220141230 34.9 17.9  8.219999-99.9-99.9-99.9-99.9-9.9 9921.5 65 18.6   1  0.7-9.9-9.9
5287220141231 27.1 16.1  9.819999-99.9-99.9-99.9-99.9-9.9 9920.4 89 17.7   2  1.3-9.9-9.9
5287220150101 25.4 12.2  0.519999-99.9-99.9-99.9-99.9-9.9 9915.7 75 13.7   4  2.8-9.9-9.9
5287220150102 26.9  9.3  0.009999-99.9-99.9-99.9-99.9-9.9 9913.3 62 11.1   3  2.0-9.9-9.9
5287220150103 30.2 10.2  0.009999-99.9-99.9-99.9-99.9-9.9 9915.4 60 13.3   3  2.6-9.9-9.9
5287220150104 28.0  9.5  0.009999-99.9-99.9-99.9-99.9-9.9 9914.7 62 12.6   2  1.8-9.9-9.9
5287220150105 34.9 14.5 22.819999-99.9-99.9-99.9-99.9-9.9 9921.8 61 18.7   2  1.8-9.9-9.9
5287220150106 30.4 18.8  0.219999-99.9-99.9-99.9-99.9-9.9 9925.5 82 21.4   2  1.5-9.9-9.9
5287220150107 32.8 18.6  0.009999-99.9-99.9-99.9-99.9-9.9 9926.3 79 21.8   1  0.9-9.9-9.9
5287220150108 33.8 20.5  1.519999-99.9-99.9-99.9-99.9-9.9 9926.8 63 22.2   1  0.9-9.9-9.9
5287220150109 35.0 19.9  0.009999-99.9-99.9-99.9-99.9-9.9 9925.3 68 21.1   2  1.5-9.9-9.9
5287220150110 33.3 14.1  0.009999-99.9-99.9-99.9-99.9-9.9 9920.2 67 17.4   1  0.6-9.9-9.9
5287220150111 35.2 20.2  0.009999-99.9-99.9-99.9-99.9-9.9 9921.5 57 18.6   2  1.2-9.9-9.9
5287220150112 36.4 15.9  8.219999-99.9-99.9-99.9-99.9-9.9 9921.7 60 18.7   2  1.8-9.9-9.9
5287220150113 27.5 16.2  0.219999-99.9-99.9-99.9-99.9-9.9 9921.4 89 18.5   3  2.2-9.9-9.9
5287220150114 32.8 16.3  1.519999-99.9-99.9-99.9-99.9-9.9 9922.5 76 19.2   2  1.9-9.9-9.9
5287220150115 29.8 15.0  0.009999-99.9-99.9-99.9-99.9-9.9 9919.1 72 16.3   3  2.4-9.9-9.9
5287220150116 32.6 19.4  1.519999-99.9-99.9-99.9-99.9-9.9 9926.3 82 21.8   2  1.6-9.9-9.9
5287220150117 28.2 15.8  0.219999-99.9-99.9-99.9-99.9-9.9 9918.4 69 16.1   3  2.7-9.9-9.9
5287220150118 29.2 15.0 15.019999-99.9-99.9-99.9-99.9-9.9 9922.0 92 18.9   1  1.0-9.9-9.9
5287220150119 27.7 18.5  1.019999-99.9-99.9-99.9-99.9-9.9 9922.1 86 19.0   3  2.6-9.9-9.9
5287220150120 26.4 12.5  0.009999-99.9-99.9-99.9-99.9-9.9 9916.2 73 14.2   3  2.2-9.9-9.9
5287220150121 29.6 11.7  0.009999-99.9-99.9-99.9-99.9-9.9 9917.5 68 15.4   1  1.2-9.9-9.9
5287220150122 30.8 14.5  0.009999-99.9-99.9-99.9-99.9-9.9 9919.4 73 16.9   2  1.7-9.9-9.9
5287220150123 32.8 16.3  0.009999-99.9-99.9-99.9-99.9-9.9 9922.6 76 19.4   1  1.2-9.9-9.9
5287220150124 33.4 16.2  0.009999-99.9-99.9-99.9-99.9-9.9 9922.8 73 19.5   1  0.8-9.9-9.9
5287220150125 35.6 18.5  0.009999-99.9-99.9-99.9-99.9-9.9 9926.8 68 22.1   1  0.6-9.9-9.9
5287220150126 33.4 20.8  0.219999-99.9-99.9-99.9-99.9-9.9 9928.0 81 22.9   2  1.3-9.9-9.9
5287220150127 32.0 21.1 54.519999-99.9-99.9-99.9-99.9-9.9 9929.1 87 23.5   1  0.6-9.9-9.9
5287220150128 25.3 17.5  4.819999-99.9-99.9-99.9-99.9-9.9 9922.0 88 18.7   3  2.1-9.9-9.9
5287220150129 27.4 10.3  0.009999-99.9-99.9-99.9-99.9-9.9 9915.1 72 13.0   2  1.2-9.9-9.9
5287220150130 28.5 11.1  0.009999-99.9-99.9-99.9-99.9-9.9 9916.8 72 14.7   1  1.1-9.9-9.9
5287220150131 31.2 13.4  0.009999-99.9-99.9-99.9-99.9-9.9 9918.8 73 16.4   1  1.2-9.9-9.9
5287220150201 32.9 15.8  0.009999-99.9-99.9-99.9-99.9-9.9 9922.3 74 19.2   1  1.1-9.9-9.9
5287220150202 32.4 17.7  0.009999-99.9-99.9-99.9-99.9-9.9 9924.2 71 20.5   1  1.1-9.9-9.9
5287220150203 32.4 20.1  0.009999-99.9-99.9-99.9-99.9-9.9 9924.2 70 20.5   2  1.6-9.9-9.9
5287220150204 32.9 20.2 15.519999-99.9-99.9-99.9-99.9-9.9 9926.7 82 22.2   2  1.4-9.9-9.9
5287220150205 34.5 18.1  0.009999-99.9-99.9-99.9-99.9-9.9 9924.8 79 20.9   2  1.2-9.9-9.9
5287220150206 35.6 19.1  0.009999-99.9-99.9-99.9-99.9-9.9 9926.0 71 21.7   1  0.7-9.9-9.9
5287220150207 34.8 18.8  0.009999-99.9-99.9-99.9-99.9-9.9 9925.2 73 21.2   1  0.8-9.9-9.9
5287220150208 27.5 18.0  3.219999-99.9-99.9-99.9-99.9-9.9 9923.6 95 20.1   1  0.9-9.9-9.9
5287220150209 31.5 17.4  0.009999-99.9-99.9-99.9-99.9-9.9 9921.4 80 18.5   1  0.8-9.9-9.9
5287220150210 31.6 15.2  0.009999-99.9-99.9-99.9-99.9-9.9 9918.0 77 15.8   1  1.0-9.9-9.9
5287220150211 33.3 13.8  0.009999-99.9-99.9-99.9-99.9-9.9 9918.9 61 16.6   2  1.4-9.9-9.9
5287220150212 31.3 15.5  0.009999-99.9-99.9-99.9-99.9-9.9 9918.2 69 15.8   3  2.0-9.9-9.9
5287220150213 27.8  8.5  0.009999-99.9-99.9-99.9-99.9-9.9 9914.1 63 12.0   2  1.3-9.9-9.9
5287220150214 28.1 15.1  0.009999-99.9-99.9-99.9-99.9-9.9 9917.8 75 15.6   3  2.2-9.9-9.9
5287220150215 29.0 15.6  0.009999-99.9-99.9-99.9-99.9-9.9 9919.2 69 16.9   2  1.7-9.9-9.9
5287220150216 32.2 17.4  0.009999-99.9-99.9-99.9-99.9-9.9 9921.2 70 18.4   2  1.4-9.9-9.9
5287220150217 34.3 15.4  0.009999-99.9-99.9-99.9-99.9-9.9 9921.8 72 18.8   1  1.0-9.9-9.9
5287220150218 29.9 17.4  1.819999-99.9-99.9-99.9-99.9-9.9 9921.4 78 18.5   2  1.9-9.9-9.9
5287220150219 27.3  9.7  0.009999-99.9-99.9-99.9-99.9-9.9 9914.5 71 12.5   3  2.4-9.9-9.9
5287220150220 26.7  6.5  0.009999-99.9-99.9-99.9-99.9-9.9 9911.4 64  8.9   1  1.2-9.9-9.9
5287220150221 29.5 10.6  0.009999-99.9-99.9-99.9-99.9-9.9 9918.1 79 15.8   1  0.7-9.9-9.9
5287220150222 33.5 11.6  0.009999-99.9-99.9-99.9-99.9-9.9 9918.3 78 16.0   1  0.5-9.9-9.9
5287220150223 35.7 13.9  0.009999-99.9-99.9-99.9-99.9-9.9 9919.7 70 17.1   1  0.6-9.9-9.9
5287220150224 37.1 15.9  0.009999-99.9-99.9-99.9-99.9-9.9 9922.6 69 19.4   1  0.7-9.9-9.9
5287220150225 26.4 18.8  0.009999-99.9-99.9-99.9-99.9-9.9 9920.5 78 17.9   4  3.1-9.9-9.9
5287220150226 30.7 16.7  0.009999-99.9-99.9-99.9-99.9-9.9 9921.2 82 18.4   2  1.6-9.9-9.9
5287220150227 31.6 16.5  0.009999-99.9-99.9-99.9-99.9-9.9 9917.8 63 15.5   2  1.8-9.9-9.9
5287220150228 28.0  9.8  0.219999-99.9-99.9-99.9-99.9-9.9 9915.4 69 13.4   1  0.8-9.9-9.9
5287220150301 23.7 15.3 21.519999-99.9-99.9-99.9-99.9-9.9 9920.9100 18.0   1  0.5-9.9-9.9
5287220150302 33.5 17.2  0.519999-99.9-99.9-99.9-99.9-9.9 9923.4 83 20.0   1  1.0-9.9-9.9
5287220150303 25.6 18.5  6.019999-99.9-99.9-99.9-99.9-9.9 9924.6 97 20.7   1  1.0-9.9-9.9
5287220150304 30.6 20.1  1.819999-99.9-99.9-99.9-99.9-9.9 9924.4 89 20.7   1  1.2-9.9-9.9
5287220150305 32.4 15.4  0.219999-99.9-99.9-99.9-99.9-9.9 9922.4 85 19.2   1  0.6-9.9-9.9
5287220150306 34.2 14.7  0.009999-99.9-99.9-99.9-99.9-9.9 9921.8 82 18.8   1  0.8-9.9-9.9
5287220150307 34.6 14.4  0.009999-99.9-99.9-99.9-99.9-9.9 9922.4 79 19.2   1  0.8-9.9-9.9
5287220150308 34.8 16.4  0.009999-99.9-99.9-99.9-99.9-9.9 9922.8 76 19.5   1  0.7-9.9-9.9
5287220150309 32.5 15.4  0.009999-99.9-99.9-99.9-99.9-9.9 9921.8 82 18.8   1  0.8-9.9-9.9
5287220150310 35.9 17.6  0.009999-99.9-99.9-99.9-99.9-9.9 9924.9 82 20.9   1  0.6-9.9-9.9
5287220150311 35.5 18.7  0.009999-99.9-99.9-99.9-99.9-9.9 9924.3 77 20.6   1  0.8-9.9-9.9
5287220150312 34.2 17.6  0.009999-99.9-99.9-99.9-99.9-9.9 9921.8 79 18.9   1  0.8-9.9-9.9
5287220150313 34.0 15.9  5.219999-99.9-99.9-99.9-99.9-9.9 9921.6 75 18.6   1  0.9-9.9-9.9
5287220150314 27.9 18.6  0.219999-99.9-99.9-99.9-99.9-9.9 9922.3 87 19.1   2  1.6-9.9-9.9
5287220150315 30.3 10.5  0.009999-99.9-99.9-99.9-99.9-9.9 9915.5 74 13.4   1  0.7-9.9-9.9
5287220150316 33.4 13.5  0.009999-99.9-99.9-99.9-99.9-9.9 9921.5 84 18.5   1  0.8-9.9-9.9
5287220150317 37.3 17.5  0.009999-99.9-99.9-99.9-99.9-9.9 9925.4 76 21.2   1  0.5-9.9-9.9
5287220150318 36.0 18.8  0.009999-99.9-99.9-99.9-99.9-9.9 9922.7 68 19.5   1  0.8-9.9-9.9
5287220150319 34.4 13.8  0.009999-99.9-99.9-99.9-99.9-9.9 9920.5 77 17.8   1  0.8-9.9-9.9
5287220150320 34.1 16.4  0.009999-99.9-99.9-99.9-99.9-9.9 9918.4 70 15.7   3  2.8-9.9-9.9
5287220150321 24.6  6.5  0.009999-99.9-99.9-99.9-99.9-9.9 9911.2 72  8.6   3  2.5-9.9-9.9
5287220150322 24.9  4.2  0.009999-99.9-99.9-99.9-99.9-9.9 9911.7 81  9.1   1  0.7-9.9-9.9
5287220150323 26.5  7.0  0.009999-99.9-99.9-99.9-99.9-9.9 9913.4 74 11.1   1  0.5-9.9-9.9
5287220150324 24.8 10.8  0.219999-99.9-99.9-99.9-99.9-9.9 9915.8 82 13.8   0  0.3-9.9-9.9
5287220150325 25.2 11.5  0.009999-99.9-99.9-99.9-99.9-9.9 9915.3 78 13.1   2  1.3-9.9-9.9
5287220150326 25.9  5.4  0.009999-99.9-99.9-99.9-99.9-9.9 9912.3 78  9.9   1  1.0-9.9-9.9
5287220150327 27.9  6.9  0.009999-99.9-99.9-99.9-99.9-9.9 9912.3 72 10.0   1  0.5-9.9-9.9
5287220150328 29.7  7.4  0.009999-99.9-99.9-99.9-99.9-9.9 9913.5 69 11.3   1  0.9-9.9-9.9
5287220150329 31.3 10.7  0.009999-99.9-99.9-99.9-99.9-9.9 9915.1 67 13.0   1  0.8-9.9-9.9
5287220150330 30.2 11.8  0.009999-99.9-99.9-99.9-99.9-9.9 9915.9 71 13.9   2  1.4-9.9-9.9
5287220150331 29.4  8.1  0.009999-99.9-99.9-99.9-99.9-9.9 9913.2 72 11.0   1  0.9-9.9-9.9
5287220150401 32.1  7.9  0.009999-99.9-99.9-99.9-99.9-9.9 9913.2 60 11.1   2  1.6-9.9-9.9
5287220150402 33.4 12.2  0.009999-99.9-99.9-99.9-99.9-9.9 9916.3 61 14.2   2  1.8-9.9-9.9
5287220150403 35.0 16.6  0.009999-99.9-99.9-99.9-99.9-9.9 9919.7 71 17.1   2  1.2-9.9-9.9
5287220150404 31.0 10.4  0.009999-99.9-99.9-99.9-99.9-9.9 9915.2 67 13.2   1  1.1-9.9-9.9
5287220150405 28.2 10.0  0.009999-99.9-99.9-99.9-99.9-9.9 9912.0 60  9.5   2  1.9-9.9-9.9
5287220150406 24.2  3.0  0.009999-99.9-99.9-99.9-99.9-9.9 9910.1 73  6.9   1  0.8-9.9-9.9
5287220150407 28.0  7.0  0.009999-99.9-99.9-99.9-99.9-9.9 9912.5 71 10.2   1  1.0-9.9-9.9
5287220150408 30.6 13.7  0.009999-99.9-99.9-99.9-99.9-9.9 9915.0 63 13.0   1  1.0-9.9-9.9
5287220150409 33.2 11.4  0.009999-99.9-99.9-99.9-99.9-9.9 9915.0 65 13.0   1  0.7-9.9-9.9
5287220150410 33.6 12.1  4.519999-99.9-99.9-99.9-99.9-9.9 9917.2 68 15.0   1  1.2-9.9-9.9
5287220150411 27.5 14.7  0.009999-99.9-99.9-99.9-99.9-9.9 9915.8 71 13.7   2  1.6-9.9-9.9
5287220150412 29.6 12.0  0.009999-99.9-99.9-99.9-99.9-9.9 9918.2 77 15.9   2  1.2-9.9-9.9
5287220150413 34.6 17.2 13.519999-99.9-99.9-99.9-99.9-9.9 9919.9 62 17.4   2  2.0-9.9-9.9
5287220150414 28.5 16.7  0.219999-99.9-99.9-99.9-99.9-9.9 9920.9 86 18.2   2  1.4-9.9-9.9
5287220150415 26.4 17.3  3.219999-99.9-99.9-99.9-99.9-9.9 9920.5 89 17.9   4  2.8-9.9-9.9
5287220150416 22.0 15.7  9.519999-99.9-99.9-99.9-99.9-9.9 9919.5 93 17.1   3  2.5-9.9-9.9
5287220150417 22.1 10.8  0.009999-99.9-99.9-99.9-99.9-9.9 9913.7 82 11.5   3  2.1-9.9-9.9
5287220150418 27.9  8.6  0.009999-99.9-99.9-99.9-99.9-9.9 9912.8 68 10.6   2  1.4-9.9-9.9
5287220150419 28.9 10.3  0.009999-99.9-99.9-99.9-99.9-9.9 9914.7 72 12.5   2  1.6-9.9-9.9
5287220150420 27.6  6.2  0.009999-99.9-99.9-99.9-99.9-9.9 9911.0 72  8.3   1  0.8-9.9-9.9
5287220150421 25.1  5.6  0.009999-99.9-99.9-99.9-99.9-9.9 9911.4 79  8.7   1  0.9-9.9-9.9
5287220150422 27.1  4.6  0.009999-99.9-99.9-99.9-99.9-9.9 9910.9 75  8.1   1  0.5-9.9-9.9
5287220150423 29.4  6.2  0.009999-99.9-99.9-99.9-99.9-9.9 9912.3 68 10.0   1  0.9-9.9-9.9
5287220150424 30.9  8.9  0.009999-99.9-99.9-99.9-99.9-9.9 9914.9 76 12.8   2  1.2-9.9-9.9
5287220150425 31.3 13.5  0.009999-99.9-99.9-99.9-99.9-9.9 9916.3 74 14.3   2  1.4-9.9-9.9
5287220150426 30.7 10.7 11.219999-99.9-99.9-99.9-99.9-9.9 9916.1 78 14.0   1  0.9-9.9-9.9
5287220150427 28.1 10.6  0.009999-99.9-99.9-99.9-99.9-9.9 9916.5 79 14.4   2  1.8-9.9-9.9
5287220150428 24.5 11.7 19.019999-99.9-99.9-99.9-99.9-9.9 9916.4 83 14.4   3  2.8-9.9-9.9
5287220150429 17.8 14.0  7.219999-99.9-99.9-99.9-99.9-9.9 9917.1100 15.1   3  2.4-9.9-9.9
5287220150430 20.2 14.5  0.819999-99.9-99.9-99.9-99.9-9.9 9919.0 99 16.6   1  0.5-9.9-9.9
5287220150501 18.2 14.3 37.519999-99.9-99.9-99.9-99.9-9.9 9918.3100 16.1   1  1.2-9.9-9.9
5287220150502 20.7  9.2  3.219999-99.9-99.9-99.9-99.9-9.9 9914.9 84 12.4   3  2.6-9.9-9.9
5287220150503 17.5  4.3  0.009999-99.9-99.9-99.9-99.9-9.9 99 8.3 68  4.3   3  2.4-9.9-9.9
5287220150504 22.2  5.0  0.009999-99.9-99.9-99.9-99.9-9.9 9910.6 75  7.8   2  1.9-9.9-9.9
5287220150505 25.3  5.0  0.009999-99.9-99.9-99.9-99.9-9.9 9911.4 78  8.8   1  1.1-9.9-9.9
5287220150506 17.8  4.2  0.009999-99.9-99.9-99.9-99.9-9.9 9910.2 82  7.1   4  3.0-9.9-9.9
5287220150507 17.2 -0.1  0.009999-99.9-99.9-99.9-99.9-9.9 99 8.4 85  4.3   1  0.9-9.9-9.9
5287220150508 23.0  2.5  0.009999-99.9-99.9-99.9-99.9-9.9 9910.8 81  7.9   1  0.7-9.9-9.9
5287220150509 21.8  5.7  0.009999-99.9-99.9-99.9-99.9-9.9 9912.8 84 10.5   1  0.5-9.9-9.9
5287220150510 22.5  7.6  0.009999-99.9-99.9-99.9-99.9-9.9 9913.5 84 11.4   1  0.9-9.9-9.9
5287220150511 21.8  4.9  0.009999-99.9-99.9-99.9-99.9-9.9 9913.4 88 11.0   1  0.9-9.9-9.9
5287220150512 24.8 10.1  0.009999-99.9-99.9-99.9-99.9-9.9 9914.7 79 12.6   2  1.7-9.9-9.9
5287220150513 24.5 10.8  0.009999-99.9-99.9-99.9-99.9-9.9 9914.9 84 12.8   2  1.3-9.9-9.9
5287220150514 25.7  9.1  0.009999-99.9-99.9-99.9-99.9-9.9 9915.4 86 13.3   1  0.9-9.9-9.9
5287220150515 28.6 10.6  0.009999-99.9-99.9-99.9-99.9-9.9 9916.4 82 14.2   1  1.1-9.9-9.9
5287220150516 28.7 13.0  0.009999-99.9-99.9-99.9-99.9-9.9 9919.0 84 16.6   2  1.4-9.9-9.9
5287220150517 28.5 14.7  0.519999-99.9-99.9-99.9-99.9-9.9 9921.4 86 18.5   1  1.2-9.9-9.9
5287220150518 29.0 18.4 26.819999-99.9-99.9-99.9-99.9-9.9 9924.8 91 20.9   1  0.9-9.9-9.9
5287220150519 26.1 19.0  0.219999-99.9-99.9-99.9-99.9-9.9 9924.4 94 20.7   2  1.7-9.9-9.9
5287220150520 28.2 18.0  0.009999-99.9-99.9-99.9-99.9-9.9 9922.0 86 19.0   2  2.0-9.9-9.9
5287220150521 27.2 16.4  0.009999-99.9-99.9-99.9-99.9-9.9 9921.5 88 18.6   3  2.1-9.9-9.9
5287220150522 21.3 16.6 35.519999-99.9-99.9-99.9-99.9-9.9 9921.5100 18.7   2  1.2-9.9-9.9
5287220150523 20.3 12.1  0.219999-99.9-99.9-99.9-99.9-9.9 9915.3 80 13.1   7  5.8-9.9-9.9
5287220150524 19.3  7.7  0.009999-99.9-99.9-99.9-99.9-9.9 9911.7 83  9.2   2  1.7-9.9-9.9
5287220150525 21.6  5.3  0.009999-99.9-99.9-99.9-99.9-9.9 9911.1 83  8.5   2  1.8-9.9-9.9
5287220150526 13.5  6.5  1.519999-99.9-99.9-99.9-99.9-9.9 9912.7100 10.5   0  0.3-9.9-9.9
5287220150527 18.4  8.1  0.009999-99.9-99.9-99.9-99.9-9.9 9913.2 90 11.0   0  0.0-9.9-9.9
5287220150528 20.7  7.1  0.009999-99.9-99.9-99.9-99.9-9.9 9913.5 89 11.2   1  0.6-9.9-9.9
5287220150529 17.7  8.1  9.019999-99.9-99.9-99.9-99.9-9.9 9912.7 89 10.5   1  0.9-9.9-9.9
5287220150530 14.7  9.1  0.219999-99.9-99.9-99.9-99.9-9.9 9913.9100 11.8   1  0.5-9.9-9.9
5287220150531 22.5  7.3  0.009999-99.9-99.9-99.9-99.9-9.9 9913.4 85 11.2   2  1.3-9.9-9.9
5287220150601 22.1  9.4  0.009999-99.9-99.9-99.9-99.9-9.9 9914.5 88 12.4   2  1.5-9.9-9.9
5287220150602 23.4  8.1  0.219999-99.9-99.9-99.9-99.9-9.9 9915.2 86 13.0   3  2.5-9.9-9.9
5287220150603 23.7 10.0  0.009999-99.9-99.9-99.9-99.9-9.9 9913.7 75 11.3   3  2.3-9.9-9.9
5287220150604 23.3  4.1  0.009999-99.9-99.9-99.9-99.9-9.9 9911.4 80  8.6   2  1.2-9.9-9.9
5287220150605 22.7 10.6  0.009999-99.9-99.9-99.9-99.9-9.9 9919.8100 16.9   1  1.1-9.9-9.9
5287220150606 22.8  9.5  0.009999-99.9-99.9-99.9-99.9-9.9 9914.3 81 11.9   4  3.6-9.9-9.9
5287220150607 21.7  7.0  0.009999-99.9-99.9-99.9-99.9-9.9 9910.4 74  7.4   3  2.5-9.9-9.9
5287220150608 20.8  3.4  0.009999-99.9-99.9-99.9-99.9-9.9 99 9.2 68  5.8   2  1.6-9.9-9.9
5287220150609 21.5  7.7  0.009999-99.9-99.9-99.9-99.9-9.9 9911.6 80  9.1   3  2.5-9.9-9.9
5287220150610 15.5  5.2  0.009999-99.9-99.9-99.9-99.9-9.9 99 9.5 74  6.1   3  2.1-9.9-9.9
5287220150611 15.6  2.4  0.009999-99.9-99.9-99.9-99.9-9.9 99 7.6 70  2.9   5  4.1-9.9-9.9
5287220150612 19.2  0.9  0.009999-99.9-99.9-99.9-99.9-9.9 99 8.3 77  4.2   4  3.3-9.9-9.9
5287220150613 20.1  2.0  2.219999-99.9-99.9-99.9-99.9-9.9 99 9.3 77  5.9   3  2.7-9.9-9.9
5287220150614 15.5  4.3  0.009999-99.9-99.9-99.9-99.9-9.9 99 7.9 73  3.5   4  3.4-9.9-9.9
5287220150615 18.9  1.4  0.009999-99.9-99.9-99.9-99.9-9.9 99 6.8 60  1.4   5  4.1-9.9-9.9
5287220150616 21.8  5.8  0.009999-99.9-99.9-99.9-99.9-9.9 99 9.6 74  6.3   4  3.3-9.9-9.9
5287220150617 15.4  2.6  0.009999-99.9-99.9-99.9-99.9-9.9 99 8.2 76  3.7   8  6.1-9.9-9.9
5287220150618 13.4 -3.3  0.009999-99.9-99.9-99.9-99.9-9.9 99 4.9 67 -2.9   3  2.5-9.9-9.9
5287220150619 12.5 -2.9  0.009999-99.9-99.9-99.9-99.9-9.9 99 5.7 68 -1.0   3  2.8-9.9-9.9
5287220150620 16.2  0.6  0.009999-99.9-99.9-99.9-99.9-9.9 99 8.4 83  4.4   3  2.7-9.9-9.9
5287220150621 20.5  0.8  0.009999-99.9-99.9-99.9-99.9-9.9 99 8.4 76  4.4   2  1.9-9.9-9.9
5287220150622 12.6  2.4  3.219999-99.9-99.9-99.9-99.9-9.9 99 6.8 68  1.1   7  5.4-9.9-9.9
5287220150623 13.0 -3.6  0.009999-99.9-99.9-99.9-99.9-9.9 99 6.3 83  0.4   2  1.4-9.9-9.9
5287220150624 17.2 -0.8  0.009999-99.9-99.9-99.9-99.9-9.9 99 7.9 75  3.4   3  2.4-9.9-9.9
5287220150625 15.4  7.8 14.219999-99.9-99.9-99.9-99.9-9.9 9914.8100 12.8   1  0.9-9.9-9.9
5287220150626 20.6 12.9  0.519999-99.9-99.9-99.9-99.9-9.9 9917.8 98 15.5   1  0.8-9.9-9.9
5287220150627 18.1 12.6 36.519999-99.9-99.9-99.9-99.9-9.9 9917.7 98 15.5   1  1.0-9.9-9.9
5287220150628 18.1 16.1  0.219999-99.9-99.9-99.9-99.9-9.9 9918.3 95 16.1   1  1.0-9.9-9.9
5287220150629 20.2 10.9  0.009999-99.9-99.9-99.9-99.9-9.9 9914.9 88 12.9   2  1.6-9.9-9.9
5287220150630 19.8  6.6  0.009999-99.9-99.9-99.9-99.9-9.9 9911.1 82  8.4   3  2.1-9.9-9.9
5287220150701 10.0  5.9  0.219999-99.9-99.9-99.9-99.9-9.9 9910.5100  7.7   4  2.9-9.9-9.9
5287220150702 16.4  6.8  5.819999-99.9-99.9-99.9-99.9-9.9 9913.1 97 10.8   2  1.8-9.9-9.9
5287220150703 12.6  6.0  0.009999-99.9-99.9-99.9-99.9-9.9 9910.4 87  7.4  11  8.8-9.9-9.9
5287220150704 12.5 -1.0  0.009999-99.9-99.9-99.9-99.9-9.9 99 7.4 85  2.6   2  1.5-9.9-9.9
5287220150705 14.5  0.9  0.009999-99.9-99.9-99.9-99.9-9.9 99 8.9 87  5.2   3  2.7-9.9-9.9
5287220150706 18.0  3.1  0.009999-99.9-99.9-99.9-99.9-9.9 99 9.9 84  6.7   1  1.0-9.9-9.9
5287220150707 20.8  2.9  0.009999-99.9-99.9-99.9-99.9-9.9 99 9.6 80  6.3   1  0.9-9.9-9.9
5287220150708 19.1  3.5  0.009999-99.9-99.9-99.9-99.9-9.9 9910.0 82  6.9   1  1.1-9.9-9.9
5287220150709 18.7  4.8  0.009999-99.9-99.9-99.9-99.9-9.9 9912.4 92  9.8   2  1.2-9.9-9.9
5287220150710 16.1  7.8  1.019999-99.9-99.9-99.9-99.9-9.9 9910.8 80  8.0   3  2.7-9.9-9.9
5287220150711 15.2  6.7  0.009999-99.9-99.9-99.9-99.9-9.9 9912.4 93 10.0   1  1.0-9.9-9.9
5287220150712 16.0  9.3  0.009999-99.9-99.9-99.9-99.9-9.9 9914.6100 12.5   3  2.2-9.9-9.9
5287220150713 14.1  5.2  0.219999-99.9-99.9-99.9-99.9-9.9 99 9.6 85  6.2   5  4.3-9.9-9.9
5287220150714 14.6  3.0  0.009999-99.9-99.9-99.9-99.9-9.9 99 6.9 71  1.7   4  3.0-9.9-9.9
5287220150715 16.9 -1.3  0.009999-99.9-99.9-99.9-99.9-9.9 99 7.3 69  2.4   3  2.6-9.9-9.9
5287220150716 19.3  2.2  0.009999-99.9-99.9-99.9-99.9-9.9 99 7.8 77  3.3   2  1.2-9.9-9.9
5287220150717 18.4  0.3  0.009999-99.9-99.9-99.9-99.9-9.9 99 8.7 78  4.7   2  1.7-9.9-9.9
5287220150718 19.9  3.0  0.009999-99.9-99.9-99.9-99.9-9.9 9912.2 86  9.7   1  1.1-9.9-9.9
5287220150719 17.9  3.4  0.009999-99.9-99.9-99.9-99.9-9.9 99 8.6 66  4.5   7  5.6-9.9-9.9
5287220150720 13.9  1.1  0.009999-99.9-99.9-99.9-99.9-9.9 99 7.6 81  2.9   5  3.9-9.9-9.9
5287220150721 14.7 -3.0  0.009999-99.9-99.9-99.9-99.9-9.9 99 6.3 71  0.2   2  1.4-9.9-9.9
5287220150722 17.9 -1.0  0.009999-99.9-99.9-99.9-99.9-9.9 99 7.8 79  3.4   3  2.1-9.9-9.9
5287220150723 20.9  4.9  0.009999-99.9-99.9-99.9-99.9-9.9 99 8.7 69  4.9   2  1.5-9.9-9.9
5287220150724 20.5  1.0  0.009999-99.9-99.9-99.9-99.9-9.9 99 9.2 80  5.6   2  1.2-9.9-9.9
5287220150725 16.3  4.3  0.009999-99.9-99.9-99.9-99.9-9.9 9912.3 97  9.7   3  2.3-9.9-9.9
5287220150726 21.8  7.7  0.009999-99.9-99.9-99.9-99.9-9.9 9914.0 87 11.9   4  2.9-9.9-9.9
5287220150727 23.5  9.8  0.009999-99.9-99.9-99.9-99.9-9.9 9914.9 85 12.8   4  2.8-9.9-9.9
5287220150728 22.5 13.9  0.009999-99.9-99.9-99.9-99.9-9.9 9918.0 91 15.8   3  2.1-9.9-9.9
5287220150729 21.5 12.1  0.009999-99.9-99.9-99.9-99.9-9.9 9912.3 68  9.7   5  4.2-9.9-9.9
5287220150730 19.2  7.5 81.019999-99.9-99.9-99.9-99.9-9.9 9915.7 96 13.3   5  4.0-9.9-9.9
5287220150731 18.4  9.5  1.519999-99.9-99.9-99.9-99.9-9.9 9916.0 93 13.7   5  3.7-9.9-9.9
5287220150801 19.5  4.7  0.009999-99.9-99.9-99.9-99.9-9.9 9912.0 85  9.5   2  1.7-9.9-9.9
5287220150802 19.5  7.9  0.009999-99.9-99.9-99.9-99.9-9.9 9913.4 89 11.2   3  2.1-9.9-9.9
5287220150803 21.0  7.0  0.009999-99.9-99.9-99.9-99.9-9.9 99 9.8 57  6.5   3  2.5-9.9-9.9
5287220150804 19.5  5.8  0.009999-99.9-99.9-99.9-99.9-9.9 9911.0 80  8.3   4  3.4-9.9-9.9
5287220150805 18.0  6.6 32.819999-99.9-99.9-99.9-99.9-9.9 9914.8 97 12.6   5  3.8-9.9-9.9
5287220150806 21.8 14.8  4.519999-99.9-99.9-99.9-99.9-9.9 9920.6 97 17.9   3  2.2-9.9-9.9
5287220150807 18.9 12.1  0.009999-99.9-99.9-99.9-99.9-9.9 9916.7 97 14.6   7  5.5-9.9-9.9
5287220150808 15.0 10.4 47.219999-99.9-99.9-99.9-99.9-9.9 9914.6 99 12.5   5  4.1-9.9-9.9
5287220150809 15.5 11.8 66.519999-99.9-99.9-99.9-99.9-9.9 9913.9 94 11.8   5  4.1-9.9-9.9
5287220150810 15.7 10.3  0.219999-99.9-99.9-99.9-99.9-9.9 9913.5 97 11.4   6  4.5-9.9-9.9
5287220150811 14.8 10.2  0.009999-99.9-99.9-99.9-99.9-9.9 9914.1100 12.0   2  1.3-9.9-9.9
5287220150812 15.1  9.7  1.219999-99.9-99.9-99.9-99.9-9.9 9911.6 81  9.1   9  6.9-9.9-9.9
5287220150813 11.4  8.2 19.519999-99.9-99.9-99.9-99.9-9.9 9911.4100  8.9  13 10.4-9.9-9.9
5287220150814 11.5  7.4  0.009999-99.9-99.9-99.9-99.9-9.9 9911.3 97  8.8   5  3.8-9.9-9.9
5287220150815 18.3  5.9  0.009999-99.9-99.9-99.9-99.9-9.9 9911.5 86  9.0   3  2.3-9.9-9.9
5287220150816 18.1  8.2  0.009999-99.9-99.9-99.9-99.9-9.9 9912.5 87 10.2   2  1.3-9.9-9.9
5287220150817 16.8  7.2  0.009999-99.9-99.9-99.9-99.9-9.9 9912.4 91 10.0   1  1.0-9.9-9.9
5287220150818 19.5  9.1  0.009999-99.9-99.9-99.9-99.9-9.9 9913.0 80 10.9   7  5.7-9.9-9.9
5287220150819 14.5  7.1  0.009999-99.9-99.9-99.9-99.9-9.9 9911.6 96  9.1   4  3.1-9.9-9.9
5287220150820 13.4  6.0  0.009999-99.9-99.9-99.9-99.9-9.9 9912.1 97  9.7   3  2.3-9.9-9.9
5287220150821 20.2  9.5  0.519999-99.9-99.9-99.9-99.9-9.9 9914.3 82 12.2   3  2.7-9.9-9.9
5287220150822 19.6 14.0  0.219999-99.9-99.9-99.9-99.9-9.9 9913.2 70 10.7   6  4.8-9.9-9.9
5287220150823 14.3  8.6  0.009999-99.9-99.9-99.9-99.9-9.9 9910.2 84  7.2   9  7.4-9.9-9.9
5287220150824 15.8  6.5  0.009999-99.9-99.9-99.9-99.9-9.9 9910.7 78  7.9   3  2.4-9.9-9.9
5287220150825 19.4  8.2  0.009999-99.9-99.9-99.9-99.9-9.9 9912.9 85 10.7   4  2.9-9.9-9.9
5287220150826 21.1 12.8  0.009999-99.9-99.9-99.9-99.9-9.9 9914.8 81 12.8   3  2.4-9.9-9.9
5287220150827 19.4  9.2  0.009999-99.9-99.9-99.9-99.9-9.9 9910.8 66  8.1   4  3.3-9.9-9.9
5287220150828 25.8 11.4  0.009999-99.9-99.9-99.9-99.9-9.9 9914.0 67 11.8   4  3.4-9.9-9.9
5287220150829 24.6 12.6  0.009999-99.9-99.9-99.9-99.9-9.9 9916.2 79 14.2   2  2.0-9.9-9.9
5287220150830 25.1 12.7  0.009999-99.9-99.9-99.9-99.9-9.9 9914.6 60 12.6   4  2.9-9.9-9.9
5287220150831 22.9 11.3  0.009999-99.9-99.9-99.9-99.9-9.9 9912.8 65 10.4  10  7.6-9.9-9.9
5287220150901 11.4  3.3  0.009999-99.9-99.9-99.9-99.9-9.9 99 8.1 69  3.9   5  4.0-9.9-9.9
5287220150902 15.4  8.6  0.009999-99.9-99.9-99.9-99.9-9.9 9911.0 90  8.3   4  3.5-9.9-9.9
5287220150903 18.4  4.3  0.009999-99.9-99.9-99.9-99.9-9.9 99 9.9 74  6.7   2  1.6-9.9-9.9
5287220150904 22.3  6.4  0.009999-99.9-99.9-99.9-99.9-9.9 9910.6 67  7.7   3  2.1-9.9-9.9
5287220150905 22.8  8.1  0.009999-99.9-99.9-99.9-99.9-9.9 9910.6 61  7.8   2  1.8-9.9-9.9
5287220150906 22.5  8.6  0.009999-99.9-99.9-99.9-99.9-9.9 9910.6 57  7.9   4  3.1-9.9-9.9
5287220150907 17.4 10.7  0.219999-99.9-99.9-99.9-99.9-9.9 9913.1 84 10.9   2  1.7-9.9-9.9
5287220150908 21.2  8.2  0.009999-99.9-99.9-99.9-99.9-9.9 9911.1 72  8.3   4  3.3-9.9-9.9
5287220150909 13.2  7.7  1.019999-99.9-99.9-99.9-99.9-9.9 9910.5 90  7.6   5  4.0-9.9-9.9
5287220150910 15.3  2.6  0.009999-99.9-99.9-99.9-99.9-9.9 99 7.3 60  2.3   5  4.3-9.9-9.9
5287220150911 13.4  0.6  0.009999-99.9-99.9-99.9-99.9-9.9 99 5.9 57 -0.6   6  4.8-9.9-9.9
5287220150912 18.8  3.8  0.009999-99.9-99.9-99.9-99.9-9.9 99 7.9 60  3.5   3  2.3-9.9-9.9
5287220150913 23.3  7.5  0.009999-99.9-99.9-99.9-99.9-9.9 99 9.0 59  5.3   3  2.7-9.9-9.9
5287220150914 25.3  8.2  0.009999-99.9-99.9-99.9-99.9-9.9 9910.9 53  8.2   5  4.0-9.9-9.9
5287220150915 23.9 13.0  0.009999-99.9-99.9-99.9-99.9-9.9 9910.0 53  6.9   7  5.9-9.9-9.9
5287220150916 18.0  6.0  0.009999-99.9-99.9-99.9-99.9-9.9 99 9.3 66  5.8   3  2.8-9.9-9.9
5287220150917 21.6  4.7  0.009999-99.9-99.9-99.9-99.9-9.9 99 9.7 61  6.5   2  1.8-9.9-9.9
5287220150918 20.3  6.7  0.009999-99.9-99.9-99.9-99.9-9.9 99 9.8 57  6.6   3  2.5-9.9-9.9
5287220150919 23.9  7.3  0.009999-99.9-99.9-99.9-99.9-9.9 9911.1 62  8.4   2  1.6-9.9-9.9
5287220150920 20.2  9.9  0.009999-99.9-99.9-99.9-99.9-9.9 9912.1 71  9.7   5  3.8-9.9-9.9
5287220150921 15.8 11.0  3.019999-99.9-99.9-99.9-99.9-9.9 9914.2 94 12.1   7  5.9-9.9-9.9
5287220150922 12.2  9.6  7.219999-99.9-99.9-99.9-99.9-9.9 9912.9 99 10.7   8  6.4-9.9-9.9
5287220150923 15.2 10.3  1.219999-99.9-99.9-99.9-99.9-9.9 9914.4100 12.4   7  5.6-9.9-9.9
5287220150924 18.1 10.9  0.009999-99.9-99.9-99.9-99.9-9.9 9913.9 84 11.9   7  6.0-9.9-9.9
5287220150925 17.6  8.9  0.009999-99.9-99.9-99.9-99.9-9.9 9912.6 88 10.4   2  1.6-9.9-9.9
5287220150926 22.0  9.3  0.009999-99.9-99.9-99.9-99.9-9.9 9912.9 80 10.6   2  1.7-9.9-9.9
5287220150927 24.9  9.3  0.009999-99.9-99.9-99.9-99.9-9.9 9912.8 67 10.6   3  2.1-9.9-9.9
5287220150928 23.1 11.8  0.009999-99.9-99.9-99.9-99.9-9.9 9913.3 73 11.0   6  4.5-9.9-9.9
5287220150929 19.3  6.6  0.009999-99.9-99.9-99.9-99.9-9.9 99 9.4 66  6.0   6  4.9-9.9-9.9
5287220150930 22.2  4.3  0.219999-99.9-99.9-99.9-99.9-9.9 9910.1 61  7.0   2  1.8-9.9-9.9
5287220151001 14.2  9.2 16.019999-99.9-99.9-99.9-99.9-9.9 9913.2 96 11.0   4  3.3-9.9-9.9
5287220151002 14.1  6.4  0.009999-99.9-99.9-99.9-99.9-9.9 9910.6 86  7.6  12  9.2-9.9-9.9
5287220151003 16.4  0.4  0.009999-99.9-99.9-99.9-99.9-9.9 99 8.8 78  5.0   5  3.7-9.9-9.9
5287220151004 19.2  3.8  0.009999-99.9-99.9-99.9-99.9-9.9 9911.1 77  8.3   4  2.9-9.9-9.9
5287220151005 18.4 10.2  2.219999-99.9-99.9-99.9-99.9-9.9 9914.0 83 11.9   3  2.3-9.9-9.9
5287220151006 15.9 11.9 17.819999-99.9-99.9-99.9-99.9-9.9 9915.1100 13.1   5  3.7-9.9-9.9
5287220151007 20.9  9.6  0.009999-99.9-99.9-99.9-99.9-9.9 9913.8 86 11.7   6  4.5-9.9-9.9
5287220151008 21.8  7.3  0.009999-99.9-99.9-99.9-99.9-9.9 9911.0 64  8.2   5  4.2-9.9-9.9
5287220151009 17.8  6.4  0.009999-99.9-99.9-99.9-99.9-9.9 99 9.1 61  5.5   5  4.3-9.9-9.9
5287220151010 17.7  3.8  0.009999-99.9-99.9-99.9-99.9-9.9 99 9.0 71  5.5   4  3.3-9.9-9.9
5287220151011 17.5  5.1  0.009999-99.9-99.9-99.9-99.9-9.9 9910.6 79  7.7   4  3.3-9.9-9.9
5287220151012 21.5  9.0  0.009999-99.9-99.9-99.9-99.9-9.9 9911.7 73  9.2   1  1.2-9.9-9.9
5287220151013 23.4  7.8  0.009999-99.9-99.9-99.9-99.9-9.9 9912.9 66 10.7   3  2.2-9.9-9.9
5287220151014 24.6 11.2 30.519999-99.9-99.9-99.9-99.9-9.9 9915.4 77 13.4   5  3.7-9.9-9.9
5287220151015 19.6 11.3  0.009999-99.9-99.9-99.9-99.9-9.9 9913.0 83 10.8  10  7.6-9.9-9.9
5287220151016 17.7  5.1  0.009999-99.9-99.9-99.9-99.9-9.9 9910.2 75  7.2   6  4.6-9.9-9.9
5287220151017 20.8  4.4  0.009999-99.9-99.9-99.9-99.9-9.9 99 9.8 66  6.5   1  1.2-9.9-9.9
5287220151018 23.6  7.1  0.009999-99.9-99.9-99.9-99.9-9.9 9910.7 58  7.9   2  1.9-9.9-9.9
5287220151019 20.2 10.2 10.019999-99.9-99.9-99.9-99.9-9.9 9913.8 83 11.6   1  1.1-9.9-9.9
5287220151020 25.7 11.2  0.009999-99.9-99.9-99.9-99.9-9.9 9915.8 80 13.7   2  2.0-9.9-9.9
5287220151021 28.0 11.1  0.009999-99.9-99.9-99.9-99.9-9.9 9916.1 75 14.0   2  1.3-9.9-9.9
5287220151022 25.3 10.8  0.009999-99.9-99.9-99.9-99.9-9.9 9913.9 67 11.7   6  4.6-9.9-9.9
5287220151023 17.4  5.4  0.009999-99.9-99.9-99.9-99.9-9.9 99 9.5 72  6.2   5  4.2-9.9-9.9
5287220151024 13.7  5.5  0.009999-99.9-99.9-99.9-99.9-9.9 9910.5 77  7.5   4  3.0-9.9-9.9
5287220151025 22.8  9.8  0.009999-99.9-99.9-99.9-99.9-9.9 9914.3 78 12.2   5  3.8-9.9-9.9
5287220151026 24.8 11.3  0.009999-99.9-99.9-99.9-99.9-9.9 9917.1 87 15.0   2  2.0-9.9-9.9
5287220151027 27.5 12.7  0.009999-99.9-99.9-99.9-99.9-9.9 9918.0 79 15.8   2  1.9-9.9-9.9
5287220151028 30.6 15.3 38.019999-99.9-99.9-99.9-99.9-9.9 9919.3 68 16.9   5  3.7-9.9-9.9
5287220151029 24.0 16.8  2.219999-99.9-99.9-99.9-99.9-9.9 9919.9 93 17.4   3  2.4-9.9-9.9
5287220151030 23.1 10.5  0.009999-99.9-99.9-99.9-99.9-9.9 9911.9 61  9.4   5  4.3-9.9-9.9
5287220151031 22.9  6.9  0.009999-99.9-99.9-99.9-99.9-9.9 9910.7 60  8.0   3  2.0-9.9-9.9
5287220151101 23.8  9.2  0.009999-99.9-99.9-99.9-99.9-9.9 9911.4 61  8.9   2  1.3-9.9-9.9
5287220151102 23.6  7.7  0.009999-99.9-99.9-99.9-99.9-9.9 9911.7 63  9.3   2  1.4-9.9-9.9
5287220151103 25.6 11.0  0.009999-99.9-99.9-99.9-99.9-9.9 9914.8 65 12.8   3  2.8-9.9-9.9
5287220151104 24.1  7.0  0.009999-99.9-99.9-99.9-99.9-9.9 9911.0 64  8.2   3  2.1-9.9-9.9
5287220151105 27.3  7.5  0.009999-99.9-99.9-99.9-99.9-9.9 9911.7 57  9.2   1  1.0-9.9-9.9
5287220151106 29.5 11.1  0.009999-99.9-99.9-99.9-99.9-9.9 9913.2 49 11.0   1  0.8-9.9-9.9
5287220151107 30.3 11.4  0.009999-99.9-99.9-99.9-99.9-9.9 9914.2 51 12.2   2  1.5-9.9-9.9
5287220151108 28.9 13.7  0.219999-99.9-99.9-99.9-99.9-9.9 9916.2 64 14.2   2  1.4-9.9-9.9
5287220151109 18.5 15.5 19.019999-99.9-99.9-99.9-99.9-9.9 9918.1100 15.9   2  1.7-9.9-9.9
5287220151110 29.8 14.4  0.009999-99.9-99.9-99.9-99.9-9.9 9918.5 75 16.1   3  2.4-9.9-9.9
5287220151111 30.1 12.9  0.009999-99.9-99.9-99.9-99.9-9.9 9914.4 53 12.4   1  1.0-9.9-9.9
5287220151112 22.0 13.2 22.819999-99.9-99.9-99.9-99.9-9.9 9915.8 88 13.8   3  2.3-9.9-9.9
5287220151113 25.5 12.4  0.009999-99.9-99.9-99.9-99.9-9.9 9917.6 87 15.4   6  4.4-9.9-9.9
5287220151114 32.4 14.7  0.009999-99.9-99.9-99.9-99.9-9.9 9919.7 72 17.1   2  1.3-9.9-9.9
5287220151115 31.9 15.7  0.009999-99.9-99.9-99.9-99.9-9.9 9919.1 63 16.8   2  1.5-9.9-9.9
5287220151116 31.8 15.6  0.219999-99.9-99.9-99.9-99.9-9.9 9918.5 56 16.2   1  1.2-9.9-9.9
5287220151117 25.0 18.4  0.819999-99.9-99.9-99.9-99.9-9.9 9922.1 86 19.0   2  1.7-9.9-9.9
5287220151118 19.2 12.6 10.219999-99.9-99.9-99.9-99.9-9.9 9916.9100 14.8   2  1.4-9.9-9.9
5287220151119 22.8 13.1  0.519999-99.9-99.9-99.9-99.9-9.9 9915.8 84 13.8   4  2.8-9.9-9.9
5287220151120 24.4  5.6  0.009999-99.9-99.9-99.9-99.9-9.9 9911.2 67  8.6   1  0.9-9.9-9.9
5287220151121 26.7 11.4  0.009999-99.9-99.9-99.9-99.9-9.9 9913.7 66 11.5   2  1.9-9.9-9.9
5287220151122 28.8 12.3  0.009999-99.9-99.9-99.9-99.9-9.9 9915.2 54 13.1   1  1.1-9.9-9.9
5287220151123 27.8 15.4  0.009999-99.9-99.9-99.9-99.9-9.9 9915.3 58 13.2   2  1.9-9.9-9.9
5287220151124 27.0 11.5  0.009999-99.9-99.9-99.9-99.9-9.9 9913.7 53 11.5   2  1.9-9.9-9.9
5287220151125 29.5 13.8  0.009999-99.9-99.9-99.9-99.9-9.9 9917.3 63 15.2   2  1.9-9.9-9.9
5287220151126 28.5 15.5 10.819999-99.9-99.9-99.9-99.9-9.9 9920.1 74 17.6   2  1.7-9.9-9.9
5287220151127 26.0 16.8  0.519999-99.9-99.9-99.9-99.9-9.9 9920.1 87 17.5   3  2.4-9.9-9.9
5287220151128 27.7 10.8  0.009999-99.9-99.9-99.9-99.9-9.9 9913.6 64 11.5   4  3.0-9.9-9.9
5287220151129 29.6  8.7  0.009999-99.9-99.9-99.9-99.9-9.9 9914.2 55 12.0   1  0.8-9.9-9.9
5287220151130 32.7 11.4  0.009999-99.9-99.9-99.9-99.9-9.9 9914.8 47 12.8   1  0.9-9.9-9.9
5287220151201 33.4 14.4  0.009999-99.9-99.9-99.9-99.9-9.9 9917.1 54 15.0   1  0.8-9.9-9.9
5287220151202 29.6 16.1  0.009999-99.9-99.9-99.9-99.9-9.9 9920.6 75 18.0   3  2.5-9.9-9.9
5287220151203 30.5 15.4 10.519999-99.9-99.9-99.9-99.9-9.9 9920.3 78 17.7   2  1.4-9.9-9.9
5287220151204 29.6 17.0  0.219999-99.9-99.9-99.9-99.9-9.9 9922.2 79 19.1   3  2.6-9.9-9.9
5287220151205 25.6 14.9  0.219999-99.9-99.9-99.9-99.9-9.9 9917.4 77 15.2   5  3.6-9.9-9.9
5287220151206 24.9  7.1  0.009999-99.9-99.9-99.9-99.9-9.9 9912.1 63  9.6   1  1.0-9.9-9.9
5287220151207 29.1 11.5  0.219999-99.9-99.9-99.9-99.9-9.9 9914.8 59 12.8   2  1.4-9.9-9.9
5287220151208 22.6 15.5  0.009999-99.9-99.9-99.9-99.9-9.9 9918.1 89 15.9   2  1.3-9.9-9.9
5287220151209 31.5 13.5  0.009999-99.9-99.9-99.9-99.9-9.9 9917.8 66 15.6   1  1.1-9.9-9.9
5287220151210 35.1 13.2  0.009999-99.9-99.9-99.9-99.9-9.9 9916.5 57 14.4   2  1.2-9.9-9.9
5287220151211 37.0 15.0  0.009999-99.9-99.9-99.9-99.9-9.9 9918.4 56 16.1   3  2.1-9.9-9.9
5287220151212 30.5 18.6  0.009999-99.9-99.9-99.9-99.9-9.9 9922.1 84 19.1   1  0.7-9.9-9.9
5287220151213 34.1 15.3  0.009999-99.9-99.9-99.9-99.9-9.9 9920.9 67 18.2   1  0.9-9.9-9.9
5287220151214 27.5 15.3  0.219999-99.9-99.9-99.9-99.9-9.9 9920.4 82 17.8   3  2.6-9.9-9.9
5287220151215 30.0 15.5  0.009999-99.9-99.9-99.9-99.9-9.9 9916.6 52 14.6   2  1.6-9.9-9.9
5287220151216 33.3 15.4  0.219999-99.9-99.9-99.9-99.9-9.9 9917.5 55 15.3   4  2.8-9.9-9.9
5287220151217 27.8 16.0  0.009999-99.9-99.9-99.9-99.9-9.9 9921.2 89 18.4   3  2.8-9.9-9.9
5287220151218 25.0 13.1  0.009999-99.9-99.9-99.9-99.9-9.9 9913.9 62 11.7   4  3.3-9.9-9.9
5287220151219 27.2  8.4  0.009999-99.9-99.9-99.9-99.9-9.9 9912.4 56 10.1   2  1.5-9.9-9.9
5287220151220 29.6  9.7  0.009999-99.9-99.9-99.9-99.9-9.9 9914.2 52 12.0   2  1.4-9.9-9.9
5287220151221 32.1 17.1  0.009999-99.9-99.9-99.9-99.9-9.9 9922.5 86 19.3   2  1.4-9.9-9.9
5287220151222 31.4 18.5  0.009999-99.9-99.9-99.9-99.9-9.9 9924.5 86 20.7   2  1.7-9.9-9.9
5287220151223 28.8 18.5  0.009999-99.9-99.9-99.9-99.9-9.9 9922.6 90 19.4   2  1.5-9.9-9.9
5287220151224 32.4 13.1  0.009999-99.9-99.9-99.9-99.9-9.9 9918.0 55 15.8   1  1.1-9.9-9.9
5287220151225 33.8 15.7  0.009999-99.9-99.9-99.9-99.9-9.9 9922.2 64 19.1   2  1.5-9.9-9.9
5287220151226 35.5 19.8  0.009999-99.9-99.9-99.9-99.9-9.9 9925.7 70 21.5   2  1.3-9.9-9.9
5287220151227 35.8 19.4  0.009999-99.9-99.9-99.9-99.9-9.9 9925.8 67 21.5   2  1.2-9.9-9.9
5287220151228 36.9 18.9  0.009999-99.9-99.9-99.9-99.9-9.9 9926.7 61 22.1   1  1.0-9.9-9.9
5287220151229 36.4 20.4  0.009999-99.9-99.9-99.9-99.9-9.9 9927.1 66 22.4   1  0.5-9.9-9.9
5287220151230 34.2 20.4  0.009999-99.9-99.9-99.9-99.9-9.9 9927.3 73 22.5   2  1.7-9.9-9.9
5287220151231 33.0 20.8  0.009999-99.9-99.9-99.9-99.9-9.9 9926.5 84 22.0   2  1.6-9.9-9.9
5287220160101 31.9 18.3  1.219999-99.9-99.9-99.9-99.9-9.9 9924.6 70 20.8   2  1.5-9.9-9.9
5287220160102 33.2 19.3  0.819999-99.9-99.9-99.9-99.9-9.9 9925.6 71 21.4   2  1.9-9.9-9.9
5287220160103 29.0 21.0  0.009999-99.9-99.9-99.9-99.9-9.9 9926.9 87 22.3   2  1.3-9.9-9.9
5287220160104 25.7 19.9  0.519999-99.9-99.9-99.9-99.9-9.9 9928.3100 23.0   0  0.4-9.9-9.9
5287220160105 31.5 20.0  0.009999-99.9-99.9-99.9-99.9-9.9 9923.1 72 19.6   4  2.9-9.9-9.9
5287220160106 28.5 11.1  0.009999-99.9-99.9-99.9-99.9-9.9 9915.9 70 13.8   2  1.2-9.9-9.9
5287220160107 30.3 13.0  0.009999-99.9-99.9-99.9-99.9-9.9 9918.8 70 16.5   1  0.6-9.9-9.9
5287220160108 31.4 17.9  0.009999-99.9-99.9-99.9-99.9-9.9 9920.3 75 17.7   1  0.7-9.9-9.9
5287220160109 26.5 16.7  0.009999-99.9-99.9-99.9-99.9-9.9 9919.8 81 17.4   3  2.8-9.9-9.9
5287220160110 27.7 16.7  2.519999-99.9-99.9-99.9-99.9-9.9 9921.6 94 18.7   1  0.8-9.9-9.9
5287220160111 33.3 16.5  1.019999-99.9-99.9-99.9-99.9-9.9 9923.6 77 20.0   1  0.7-9.9-9.9
5287220160112 28.4 18.8  0.009999-99.9-99.9-99.9-99.9-9.9 9922.2 76 19.1   3  2.3-9.9-9.9
5287220160113 32.6 13.6  0.009999-99.9-99.9-99.9-99.9-9.9 9920.6 75 17.9   1  1.1-9.9-9.9
5287220160114 34.3 18.4  0.009999-99.9-99.9-99.9-99.9-9.9 9922.4 67 19.3   2  1.6-9.9-9.9
5287220160115 33.7 18.7  0.009999-99.9-99.9-99.9-99.9-9.9 9920.4 59 17.7   3  2.4-9.9-9.9
5287220160116 33.4 14.5 12.219999-99.9-99.9-99.9-99.9-9.9 9920.1 89 17.5   2  1.6-9.9-9.9
5287220160117 31.3 17.4  0.219999-99.9-99.9-99.9-99.9-9.9 9925.0 82 21.0   1  0.9-9.9-9.9
5287220160118 30.7 15.8  0.009999-99.9-99.9-99.9-99.9-9.9 9918.5 66 16.2   1  1.1-9.9-9.9
5287220160119 30.1 17.0  0.009999-99.9-99.9-99.9-99.9-9.9 9919.6 63 17.1   1  1.1-9.9-9.9
5287220160120 35.4 18.8  0.009999-99.9-99.9-99.9-99.9-9.9 9924.9 66 20.9   3  2.3-9.9-9.9
5287220160121 36.0 19.6  0.009999-99.9-99.9-99.9-99.9-9.9 9926.4 68 21.9   2  1.6-9.9-9.9
5287220160122 36.7 21.7  0.009999-99.9-99.9-99.9-99.9-9.9 9926.5 65 21.9   3  2.5-9.9-9.9
5287220160123 30.0 16.4  0.009999-99.9-99.9-99.9-99.9-9.9 9922.0 73 19.0   4  2.9-9.9-9.9
5287220160124 36.0 18.5  2.519999-99.9-99.9-99.9-99.9-9.9 9925.1 74 21.0   3  2.7-9.9-9.9
5287220160125 29.8 17.5  0.009999-99.9-99.9-99.9-99.9-9.9 9921.9 73 18.9   2  1.6-9.9-9.9
5287220160126 28.8 14.4  0.009999-99.9-99.9-99.9-99.9-9.9 9916.5 64 14.3   2  1.6-9.9-9.9
5287220160127 29.2 11.2  1.519999-99.9-99.9-99.9-99.9-9.9 9916.0 68 13.9   2  1.4-9.9-9.9
5287220160128 23.7 14.8  2.219999-99.9-99.9-99.9-99.9-9.9 9920.4100 17.7   1  0.6-9.9-9.9
5287220160129 30.0 14.7  2.019999-99.9-99.9-99.9-99.9-9.9 9922.2 97 19.0   0  0.3-9.9-9.9
5287220160130 32.1 16.1  0.009999-99.9-99.9-99.9-99.9-9.9 9922.4 85 19.2   2  1.7-9.9-9.9
5287220160131 28.1 13.6  0.009999-99.9-99.9-99.9-99.9-9.9 9916.8 74 14.7   3  2.1-9.9-9.9
5287220160201 28.9  9.7  0.009999-99.9-99.9-99.9-99.9-9.9 9916.2 70 14.0   1  0.9-9.9-9.9
5287220160202 31.7 13.1  0.009999-99.9-99.9-99.9-99.9-9.9 9919.2 76 16.7   1  1.1-9.9-9.9
5287220160203 33.5 16.7  0.009999-99.9-99.9-99.9-99.9-9.9 9920.1 69 17.5   2  1.3-9.9-9.9
5287220160204 34.3 15.8  0.009999-99.9-99.9-99.9-99.9-9.9 9921.6 73 18.6   1  0.5-9.9-9.9
5287220160205 34.1 17.5  0.009999-99.9-99.9-99.9-99.9-9.9 9924.6 74 20.7   1  1.0-9.9-9.9
5287220160206 35.1 19.9  0.009999-99.9-99.9-99.9-99.9-9.9 9926.5 72 22.0   2  1.7-9.9-9.9
5287220160207 27.1 20.0 16.819999-99.9-99.9-99.9-99.9-9.9 9924.5 99 20.7   2  1.8-9.9-9.9
5287220160208 33.1 18.6  2.819999-99.9-99.9-99.9-99.9-9.9 9926.8 88 22.1   1  0.8-9.9-9.9
5287220160209 34.7 19.1  1.519999-99.9-99.9-99.9-99.9-9.9 9925.9 83 21.6   1  0.8-9.9-9.9
5287220160210 32.8 16.3  0.219999-99.9-99.9-99.9-99.9-9.9 9922.4 70 19.3   1  1.1-9.9-9.9
5287220160211 34.5 18.2  0.009999-99.9-99.9-99.9-99.9-9.9 9926.8 79 22.0   1  1.0-9.9-9.9
5287220160212 37.1 22.3  0.519999-99.9-99.9-99.9-99.9-9.9 9931.3 81 24.7   2  1.4-9.9-9.9
5287220160213 31.1 17.5  0.009999-99.9-99.9-99.9-99.9-9.9 9924.0 87 20.3   2  1.5-9.9-9.9
5287220160214 33.3 13.4  0.009999-99.9-99.9-99.9-99.9-9.9 9920.0 73 17.3   1  0.7-9.9-9.9
5287220160215 35.0 16.9  0.009999-99.9-99.9-99.9-99.9-9.9 9925.1 77 21.0   1  0.6-9.9-9.9
5287220160216 35.2 20.7 15.819999-99.9-99.9-99.9-99.9-9.9 9930.3 88 24.1   2  1.6-9.9-9.9
5287220160217 33.5 18.3  0.219999-99.9-99.9-99.9-99.9-9.9 9924.1 82 20.4   2  1.3-9.9-9.9
5287220160218 29.7 17.6 11.819999-99.9-99.9-99.9-99.9-9.9 9925.7100 21.3   2  1.3-9.9-9.9
5287220160219 24.5 17.4  0.009999-99.9-99.9-99.9-99.9-9.9 9922.2 95 19.1   1  0.6-9.9-9.9
5287220160220 30.9 12.6  0.009999-99.9-99.9-99.9-99.9-9.9 9921.5 88 18.4   1  0.7-9.9-9.9
5287220160221 33.4 16.4  0.009999-99.9-99.9-99.9-99.9-9.9 9925.4 86 21.2   1  1.0-9.9-9.9
5287220160222 34.9 20.4  0.009999-99.9-99.9-99.9-99.9-9.9 9928.6 85 23.2   1  1.1-9.9-9.9
5287220160223 35.2 19.0  0.009999-99.9-99.9-99.9-99.9-9.9 9927.4 84 22.5   1  0.6-9.9-9.9
5287220160224 35.4 19.5  0.219999-99.9-99.9-99.9-99.9-9.9 9926.1 87 21.7   2  1.3-9.9-9.9
5287220160225 28.9 12.8  3.819999-99.9-99.9-99.9-99.9-9.9 9917.9 81 15.7   1  1.0-9.9-9.9
5287220160226 28.7 14.8  1.819999-99.9-99.9-99.9-99.9-9.9 9919.6 88 17.1   2  1.2-9.9-9.9
5287220160227 28.8 10.2  0.519999-99.9-99.9-99.9-99.9-9.9 9915.2 77 13.0   1  0.9-9.9-9.9
5287220160228 31.6 13.4  0.009999-99.9-99.9-99.9-99.9-9.9 9919.1 75 16.6   1  1.2-9.9-9.9
5287220160229 29.7 13.0  3.819999-99.9-99.9-99.9-99.9-9.9 9919.8 84 17.1   1  1.0-9.9-9.9
5287220160301 27.1 15.3  0.009999-99.9-99.9-99.9-99.9-9.9 9918.3 83 16.0   2  1.5-9.9-9.9
5287220160302 26.8 10.6  0.009999-99.9-99.9-99.9-99.9-9.9 9916.1 78 14.0   2  1.4-9.9-9.9
5287220160303 30.4 11.8  0.219999-99.9-99.9-99.9-99.9-9.9 9920.3 85 17.4   1  0.8-9.9-9.9
5287220160304 27.0 16.5  4.019999-99.9-99.9-99.9-99.9-9.9 9922.1 97 19.0   1  0.7-9.9-9.9
5287220160305 26.2 13.4  0.009999-99.9-99.9-99.9-99.9-9.9 9916.8 79 14.6   5  4.1-9.9-9.9
5287220160306 25.9  7.5  0.009999-99.9-99.9-99.9-99.9-9.9 9913.3 82 11.1   1  1.0-9.9-9.9
5287220160307 27.8  8.7  0.009999-99.9-99.9-99.9-99.9-9.9 9915.2 82 13.1   1  0.4-9.9-9.9
5287220160308 27.7 11.1  0.009999-99.9-99.9-99.9-99.9-9.9 9918.5 87 16.1   1  0.4-9.9-9.9
5287220160309 25.6 14.6  0.009999-99.9-99.9-99.9-99.9-9.9 9918.0 81 15.8   2  1.6-9.9-9.9
5287220160310 24.4  8.1  0.009999-99.9-99.9-99.9-99.9-9.9 9914.4 83 12.2   2  1.7-9.9-9.9
5287220160311 26.3  8.2  0.009999-99.9-99.9-99.9-99.9-9.9 9914.9 83 12.8   1  1.1-9.9-9.9
5287220160312 26.9  9.9  0.009999-99.9-99.9-99.9-99.9-9.9 9915.1 78 13.0   1  1.0-9.9-9.9
5287220160313 28.9  9.3  0.009999-99.9-99.9-99.9-99.9-9.9 9915.7 80 13.6   1  1.0-9.9-9.9
5287220160314 31.1 11.8  0.009999-99.9-99.9-99.9-99.9-9.9 9917.4 78 15.2   1  1.0-9.9-9.9
5287220160315 33.4 13.7  0.009999-99.9-99.9-99.9-99.9-9.9 9920.8 80 17.9   1  0.7-9.9-9.9
5287220160316 35.3 16.9  0.009999-99.9-99.9-99.9-99.9-9.9 9923.1 76 19.8   1  0.7-9.9-9.9
5287220160317 35.4 18.6  4.819999-99.9-99.9-99.9-99.9-9.9 9925.3 73 21.2   2  1.8-9.9-9.9
5287220160318 27.1 12.9  1.819999-99.9-99.9-99.9-99.9-9.9 9917.8 82 15.2   5  4.0-9.9-9.9
5287220160319 22.0  6.0  0.009999-99.9-99.9-99.9-99.9-9.9 9912.7 83 10.3   1  0.7-9.9-9.9
5287220160320 25.5  7.8  0.009999-99.9-99.9-99.9-99.9-9.9 9912.8 76 10.6   1  1.0-9.9-9.9
5287220160321 26.4  8.3  0.009999-99.9-99.9-99.9-99.9-9.9 9916.3 88 14.0   1  0.6-9.9-9.9
5287220160322 30.3  9.4  0.009999-99.9-99.9-99.9-99.9-9.9 9917.3 82 15.0   0  0.0-9.9-9.9
5287220160323 31.1 12.5  0.009999-99.9-99.9-99.9-99.9-9.9 9917.9 77 15.7   0  0.0-9.9-9.9
5287220160324 26.2 12.3  0.009999-99.9-99.9-99.9-99.9-9.9 9915.0 71 13.0   1  0.7-9.9-9.9
5287220160325 24.6  6.1  0.009999-99.9-99.9-99.9-99.9-9.9 9913.8 81 11.6   2  1.3-9.9-9.9
5287220160326 26.2  9.4  0.009999-99.9-99.9-99.9-99.9-9.9 9916.1 85 13.9   0  0.1-9.9-9.9
5287220160327 29.3 12.0  0.009999-99.9-99.9-99.9-99.9-9.9 9918.0 84 15.7   0  0.0-9.9-9.9
5287220160328 30.2 11.1  0.009999-99.9-99.9-99.9-99.9-9.9 9917.4 82 15.2   0  0.0-9.9-9.9
5287220160329 33.4 12.5  0.009999-99.9-99.9-99.9-99.9-9.9 9918.9 75 16.5   0  0.0-9.9-9.9
5287220160330 33.5 13.3  0.009999-99.9-99.9-99.9-99.9-9.9 9918.3 71 16.0   0  0.0-9.9-9.9
5287220160331 34.9 13.6  0.009999-99.9-99.9-99.9-99.9-9.9 9920.3 73 17.6   1  0.4-9.9-9.9
5287220160401 21.5 17.0  6.019999-99.9-99.9-99.9-99.9-9.9 9921.7100 18.8   0  0.4-9.9-9.9
5287220160402 24.0 17.0  2.819999-99.9-99.9-99.9-99.9-9.9 9921.6 98 18.7   1  1.2-9.9-9.9
5287220160403 29.2 13.4  4.219999-99.9-99.9-99.9-99.9-9.9 9920.0 88 17.4   1  0.5-9.9-9.9
5287220160404 20.1 14.6  6.219999-99.9-99.9-99.9-99.9-9.9 9919.1 99 16.7   0  0.4-9.9-9.9
5287220160405 19.8 15.7  1.219999-99.9-99.9-99.9-99.9-9.9 9919.4 98 17.0   0  0.0-9.9-9.9
5287220160406 24.9 14.8  3.019999-99.9-99.9-99.9-99.9-9.9 9918.8 93 16.4   0  0.0-9.9-9.9
5287220160407 28.7 12.1  0.009999-99.9-99.9-99.9-99.9-9.9 9918.3 84 15.9   0  0.0-9.9-9.9
5287220160408 23.1 12.9  3.219999-99.9-99.9-99.9-99.9-9.9 9917.8 93 15.5   0  0.0-9.9-9.9
5287220160409 23.0 11.5  0.819999-99.9-99.9-99.9-99.9-9.9 9916.4 93 14.2   0  0.0-9.9-9.9
5287220160410 19.7  9.1  0.009999-99.9-99.9-99.9-99.9-9.9 9913.4 87 11.3   0  0.3-9.9-9.9
5287220160411 22.9  5.7  0.009999-99.9-99.9-99.9-99.9-9.9 9913.5 85 11.2   1  0.6-9.9-9.9
5287220160412 22.7 10.5  0.819999-99.9-99.9-99.9-99.9-9.9 9916.8 86 14.7   1  1.1-9.9-9.9
5287220160413 22.8 15.2  2.519999-99.9-99.9-99.9-99.9-9.9 9918.7 97 16.4   0  0.1-9.9-9.9
5287220160414 26.0 11.0  0.219999-99.9-99.9-99.9-99.9-9.9 9921.7 93 18.3   0  0.1-9.9-9.9
5287220160415 30.9 19.4 14.019999-99.9-99.9-99.9-99.9-9.9 9925.9 92 21.5   0  0.2-9.9-9.9
5287220160416 25.0 14.2  0.009999-99.9-99.9-99.9-99.9-9.9 9916.9 82 14.7   3  2.4-9.9-9.9
5287220160417 21.3 10.9  0.009999-99.9-99.9-99.9-99.9-9.9 9913.0 83 10.7   2  1.7-9.9-9.9
5287220160418 21.7  6.4 37.819999-99.9-99.9-99.9-99.9-9.9 9913.0 88 10.7   1  1.0-9.9-9.9
5287220160419 18.6 10.5  0.219999-99.9-99.9-99.9-99.9-9.9 9914.5 97 12.5   0  0.0-9.9-9.9
5287220160420 26.4  9.4  0.009999-99.9-99.9-99.9-99.9-9.9 9914.3 78 12.2   0  0.1-9.9-9.9
5287220160421 23.5  8.5  0.009999-99.9-99.9-99.9-99.9-9.9 9911.4 67  8.9   2  1.8-9.9-9.9
5287220160422 24.9  6.0  0.009999-99.9-99.9-99.9-99.9-9.9 9912.4 71  9.9   1  0.7-9.9-9.9
5287220160423 27.1  9.7 14.219999-99.9-99.9-99.9-99.9-9.9 9917.0 85 14.7   0  0.1-9.9-9.9
5287220160424 17.7 12.4  6.219999-99.9-99.9-99.9-99.9-9.9 9915.9 94 13.9   0  0.0-9.9-9.9
5287220160425 16.0  6.2  0.009999-99.9-99.9-99.9-99.9-9.9 9911.0 87  8.3   2  1.5-9.9-9.9
5287220160426 16.2  4.3  0.009999-99.9-99.9-99.9-99.9-9.9 99 9.5 81  6.2   4  3.2-9.9-9.9
5287220160427 14.0  2.2  0.219999-99.9-99.9-99.9-99.9-9.9 99 9.8 90  6.6   1  0.9-9.9-9.9
5287220160428 17.8  2.5  0.009999-99.9-99.9-99.9-99.9-9.9 99 9.9 87  6.7   0  0.3-9.9-9.9
5287220160429 17.3  5.1  0.009999-99.9-99.9-99.9-99.9-9.9 99 9.8 85  6.7   0  0.3-9.9-9.9
5287220160430 18.1  2.0  0.009999-99.9-99.9-99.9-99.9-9.9 99 9.0 81  5.3   0  0.3-9.9-9.9
5287220160501 20.5  2.5  0.009999-99.9-99.9-99.9-99.9-9.9 9910.9 84  7.9   1  0.6-9.9-9.9
5287220160502 21.1  8.2  0.009999-99.9-99.9-99.9-99.9-9.9 9913.0 87 10.8   1  0.6-9.9-9.9
5287220160503 18.1  3.3  0.009999-99.9-99.9-99.9-99.9-9.9 99 9.3 82  5.9   1  0.6-9.9-9.9
5287220160504 23.3  3.4  0.009999-99.9-99.9-99.9-99.9-9.9 9912.7 85 10.1   0  0.4-9.9-9.9
5287220160505 18.4 10.8  3.219999-99.9-99.9-99.9-99.9-9.9 9915.1 91 13.1   0  0.3-9.9-9.9
5287220160506 13.5  9.4  1.819999-99.9-99.9-99.9-99.9-9.9 9913.1100 11.0   0  0.0-9.9-9.9
5287220160507 17.7  7.2  0.009999-99.9-99.9-99.9-99.9-9.9 9911.1 83  8.5   1  0.6-9.9-9.9
5287220160508 18.8  5.7  0.219999-99.9-99.9-99.9-99.9-9.9 9913.0 96 10.6   1  0.7-9.9-9.9
5287220160509 22.6  7.2  0.009999-99.9-99.9-99.9-99.9-9.9 9914.2 88 11.9   0  0.0-9.9-9.9
5287220160510 20.7  8.9  0.009999-99.9-99.9-99.9-99.9-9.9 9912.9 88 10.7   1  0.5-9.9-9.9
5287220160511 17.5  3.3  0.009999-99.9-99.9-99.9-99.9-9.9 99 9.9 85  6.8   1  0.5-9.9-9.9
5287220160512 17.7  2.3  0.009999-99.9-99.9-99.9-99.9-9.9 99 9.4 85  5.9   1  0.7-9.9-9.9
5287220160513 17.7  2.3  0.009999-99.9-99.9-99.9-99.9-9.9 99 9.9 85  6.7   1  0.6-9.9-9.9
5287220160514 18.9  5.5  5.219999-99.9-99.9-99.9-99.9-9.9 9912.3 86  9.9   1  0.8-9.9-9.9
5287220160515 12.9  9.1  0.819999-99.9-99.9-99.9-99.9-9.9 9913.3 99 11.2   0  0.0-9.9-9.9
5287220160516 14.3  3.6  0.009999-99.9-99.9-99.9-99.9-9.9 99 9.9 87  6.7   3  2.7-9.9-9.9
5287220160517 14.5  4.5  0.219999-99.9-99.9-99.9-99.9-9.9 99 9.4 84  6.0   1  1.1-9.9-9.9
5287220160518 16.3  4.9  0.009999-99.9-99.9-99.9-99.9-9.9 99 9.5 82  6.3   0  0.2-9.9-9.9
5287220160519 15.9  3.3  0.009999-99.9-99.9-99.9-99.9-9.9 9910.0 83  6.8   1  0.5-9.9-9.9
5287220160520 20.0  8.1  0.009999-99.9-99.9-99.9-99.9-9.9 9911.7 81  9.3   1  1.0-9.9-9.9
5287220160521 14.9  2.4  0.219999-99.9-99.9-99.9-99.9-9.9 9910.6 92  7.6   0  0.1-9.9-9.9
5287220160522 16.7  2.5  0.009999-99.9-99.9-99.9-99.9-9.9 99 9.7 88  6.4   0  0.0-9.9-9.9
5287220160523 19.9  2.5  0.009999-99.9-99.9-99.9-99.9-9.9 99 9.5 74  6.1   0  0.0-9.9-9.9
5287220160524 18.6  3.3  0.009999-99.9-99.9-99.9-99.9-9.9 9910.3 83  7.2   1  0.7-9.9-9.9
5287220160525 19.6  5.0  0.009999-99.9-99.9-99.9-99.9-9.9 9911.8 86  9.3   0  0.1-9.9-9.9
5287220160526 17.9  7.5  0.009999-99.9-99.9-99.9-99.9-9.9 9912.7 90 10.4   1  1.1-9.9-9.9
5287220160527 16.2  7.6  0.009999-99.9-99.9-99.9-99.9-9.9 9912.8 88 10.6   1  0.5-9.9-9.9
5287220160528 20.0  8.1  6.019999-99.9-99.9-99.9-99.9-9.9 9912.7 83 10.4   2  1.4-9.9-9.9
5287220160529 16.3 11.2  3.519999-99.9-99.9-99.9-99.9-9.9 9915.2 99 13.2   2  1.5-9.9-9.9
5287220160530 14.9 11.5  1.019999-99.9-99.9-99.9-99.9-9.9 9914.2 99 12.2   0  0.1-9.9-9.9
5287220160531 14.1  9.8  0.009999-99.9-99.9-99.9-99.9-9.9 9912.1 87  9.7   4  2.9-9.9-9.9
5287220160601 16.5  7.4  0.519999-99.9-99.9-99.9-99.9-9.9 9910.5 85  7.7   4  3.5-9.9-9.9
5287220160602 15.6  5.0  0.519999-99.9-99.9-99.9-99.9-9.9 9911.5 96  8.9   0  0.4-9.9-9.9
5287220160603 18.6  6.1  0.009999-99.9-99.9-99.9-99.9-9.9 9911.1 85  8.5   0  0.0-9.9-9.9
5287220160604 10.8  4.8  6.219999-99.9-99.9-99.9-99.9-9.9 9911.0100  8.2   0  0.0-9.9-9.9
5287220160605 13.9 -0.2  0.009999-99.9-99.9-99.9-99.9-9.9 99 9.2 90  5.6   0  0.0-9.9-9.9
5287220160606 17.0  3.9-99.999999-99.9-99.9-99.9-99.9-9.9 99 9.6 79  6.3 -99-99.9-9.9-9.9
5287220160607-99.9-99.9-99.999999-99.9-99.9-99.9-99.9-9.9 99-9.9-99-99.9 -99-99.9-9.9-9.9
5287220160608-99.9-99.9  0.009999-99.9-99.9-99.9-99.9-9.9 99 6.6 76  0.9   4  3.1-9.9-9.9
5287220160609 13.0 -1.1  0.009999-99.9-99.9-99.9-99.9-9.9 99 7.9 88  3.4   3  2.7-9.9-9.9
5287220160610 11.2  0.9  0.009999-99.9-99.9-99.9-99.9-9.9 99 7.1 80  2.0   6  4.5-9.9-9.9
5287220160611 16.1 -0.7  0.009999-99.9-99.9-99.9-99.9-9.9 99 7.3 77  2.4   3  2.6-9.9-9.9
5287220160612 18.3 -1.1  0.009999-99.9-99.9-99.9-99.9-9.9 99 7.8 77  3.2   1  0.9-9.9-9.9
5287220160613 16.3  1.9  0.009999-99.9-99.9-99.9-99.9-9.9 99 8.1 80  3.9   2  1.5-9.9-9.9
5287220160614 19.6  0.0  0.009999-99.9-99.9-99.9-99.9-9.9 99 8.2 73  4.0   1  0.5-9.9-9.9
5287220160615 19.6  1.4  0.009999-99.9-99.9-99.9-99.9-9.9 99 8.9 80  5.2   1  0.6-9.9-9.9
5287220160616 19.2  2.7  0.009999-99.9-99.9-99.9-99.9-9.9 99 9.9 90  6.8   1  0.9-9.9-9.9
5287220160617 20.3  2.5  0.009999-99.9-99.9-99.9-99.9-9.9 99 9.7 81  6.4   1  1.2-9.9-9.9
5287220160618 20.3 -0.5  0.009999-99.9-99.9-99.9-99.9-9.9 99 9.3 82  5.6   1  0.5-9.9-9.9
5287220160619 15.2  0.8  0.009999-99.9-99.9-99.9-99.9-9.9 99 8.1 85  3.9   1  0.8-9.9-9.9
5287220160620 13.6 -0.3  0.009999-99.9-99.9-99.9-99.9-9.9 99 7.5 85  2.8   1  0.7-9.9-9.9
5287220160621 14.7 -1.6  0.009999-99.9-99.9-99.9-99.9-9.9 99 7.6 88  2.8   1  0.7-9.9-9.9
5287220160622 17.3  0.0  0.009999-99.9-99.9-99.9-99.9-9.9 99 9.0 87  5.1   1  0.9-9.9-9.9
5287220160623 18.8 -0.7  0.009999-99.9-99.9-99.9-99.9-9.9 9910.1 87  6.7   1  0.6-9.9-9.9
5287220160624 13.8  6.1  0.009999-99.9-99.9-99.9-99.9-9.9 9911.5 96  8.9   1  0.6-9.9-9.9
5287220160625 14.8  6.3  0.009999-99.9-99.9-99.9-99.9-9.9 9910.2 87  7.2   4  3.0-9.9-9.9
5287220160626 11.5  4.8  4.019999-99.9-99.9-99.9-99.9-9.9 99 9.9 91  6.8   5  3.7-9.9-9.9
5287220160627 14.5  8.4  7.819999-99.9-99.9-99.9-99.9-9.9 9913.5100 11.3   2  1.8-9.9-9.9
5287220160628 10.5  7.1  0.009999-99.9-99.9-99.9-99.9-9.9 9911.5100  9.0   2  1.7-9.9-9.9
5287220160629 18.8  4.6  0.009999-99.9-99.9-99.9-99.9-9.9 9911.6 88  9.0   2  1.8-9.9-9.9
5287220160630 13.3  7.6  0.819999-99.9-99.9-99.9-99.9-9.9 9913.8100 11.8   1  1.1-9.9-9.9
5287220160701 13.1 11.1  0.819999-99.9-99.9-99.9-99.9-9.9 9913.7100 11.7   1  0.7-9.9-9.9
5287220160702 11.2 10.0 10.519999-99.9-99.9-99.9-99.9-9.9 9912.7100 10.6   3  2.2-9.9-9.9
5287220160703 12.5  9.7  0.219999-99.9-99.9-99.9-99.9-9.9 9913.4100 11.3   5  3.6-9.9-9.9
5287220160704 13.5  7.1  0.009999-99.9-99.9-99.9-99.9-9.9 9912.3 98  9.9   6  4.5-9.9-9.9
5287220160705 14.0  3.2  0.009999-99.9-99.9-99.9-99.9-9.9 9910.5 93  7.5   2  1.6-9.9-9.9
5287220160706 17.8  2.0  0.219999-99.9-99.9-99.9-99.9-9.9 99 9.2 76  5.7   3  2.2-9.9-9.9
5287220160707 21.6  3.4  0.009999-99.9-99.9-99.9-99.9-9.9 99 9.6 77  6.3   3  2.4-9.9-9.9
5287220160708 22.8  5.1  0.009999-99.9-99.9-99.9-99.9-9.9 9910.0 77  7.0   3  2.1-9.9-9.9
5287220160709 19.3  3.2  0.009999-99.9-99.9-99.9-99.9-9.9 9911.5 89  8.8   1  0.8-9.9-9.9
5287220160710 15.3  7.9  0.009999-99.9-99.9-99.9-99.9-9.9 9912.8 97 10.6   1  0.5-9.9-9.9
5287220160711 16.8  7.9  0.219999-99.9-99.9-99.9-99.9-9.9 9913.0 96 10.9   2  1.2-9.9-9.9
5287220160712 18.3  5.4  0.219999-99.9-99.9-99.9-99.9-9.9 99 9.9 77  6.7   4  3.2-9.9-9.9
5287220160713 16.5  4.4  0.009999-99.9-99.9-99.9-99.9-9.9 99 9.8 80  6.7   2  1.5-9.9-9.9
5287220160714 15.7  7.7  0.009999-99.9-99.9-99.9-99.9-9.9 9911.4 91  8.8   4  3.3-9.9-9.9
5287220160715 16.1  2.0  0.009999-99.9-99.9-99.9-99.9-9.9 99 8.6 82  4.7   3  2.8-9.9-9.9
5287220160716 12.9  2.5  0.519999-99.9-99.9-99.9-99.9-9.9 99 8.5 94  4.5   8  6.6-9.9-9.9
5287220160717 12.3 -2.4  0.009999-99.9-99.9-99.9-99.9-9.9 99 6.8 85  1.4   2  1.8-9.9-9.9
5287220160718 11.6 -0.8  0.009999-99.9-99.9-99.9-99.9-9.9 99 8.8 91  4.9   0  0.4-9.9-9.9
5287220160719 16.2  4.1  0.009999-99.9-99.9-99.9-99.9-9.9 99 8.5 84  4.5   1  1.0-9.9-9.9
5287220160720 14.3 -2.2  0.009999-99.9-99.9-99.9-99.9-9.9 99 7.3 85  2.3   1  0.9-9.9-9.9
5287220160721 16.7 -1.9  0.009999-99.9-99.9-99.9-99.9-9.9 99 8.4 86  4.0   1  1.1-9.9-9.9
5287220160722 17.4  2.4  0.009999-99.9-99.9-99.9-99.9-9.9 99 9.5 82  6.0   2  1.3-9.9-9.9
5287220160723 19.3  3.2  0.009999-99.9-99.9-99.9-99.9-9.9 9910.1 80  7.0   3  2.7-9.9-9.9
5287220160724 13.6  2.1  0.009999-99.9-99.9-99.9-99.9-9.9 99 9.0 86  5.4   3  2.7-9.9-9.9
5287220160725 10.4  5.9 20.819999-99.9-99.9-99.9-99.9-9.9 9911.1100  8.4   4  3.4-9.9-9.9
5287220160726 11.3  8.0  1.019999-99.9-99.9-99.9-99.9-9.9 9911.6100  9.1  13 10.6-9.9-9.9
5287220160727 13.6  2.6  0.009999-99.9-99.9-99.9-99.9-9.9 99 9.3 91  5.9   3  2.3-9.9-9.9
5287220160728 14.5  0.3  0.219999-99.9-99.9-99.9-99.9-9.9 99 8.5 87  4.4   1  0.9-9.9-9.9
5287220160729 17.7  2.9  0.009999-99.9-99.9-99.9-99.9-9.9 99 9.3 85  5.8   2  1.2-9.9-9.9
5287220160730 17.8  3.7  0.519999-99.9-99.9-99.9-99.9-9.9 9911.7 91  9.0   1  0.9-9.9-9.9
5287220160731 14.0  7.9  0.009999-99.9-99.9-99.9-99.9-9.9 9912.8 98 10.5   6  4.6-9.9-9.9
5287220160801 14.9  2.4  0.009999-99.9-99.9-99.9-99.9-9.9 99 9.6 89  6.2   4  3.1-9.9-9.9
5287220160802 16.2  0.6  0.009999-99.9-99.9-99.9-99.9-9.9 99 8.9 90  5.0   1  0.9-9.9-9.9
5287220160803 19.3  2.0  0.009999-99.9-99.9-99.9-99.9-9.9 99 9.9 81  6.6   2  1.5-9.9-9.9
5287220160804 20.6  4.7  0.009999-99.9-99.9-99.9-99.9-9.9 9911.8 87  9.3   1  0.9-9.9-9.9
5287220160805 20.4  4.6  0.009999-99.9-99.9-99.9-99.9-9.9 9911.5 88  8.8   2  1.7-9.9-9.9
5287220160806 21.6  3.8  0.819999-99.9-99.9-99.9-99.9-9.9 99 9.5 76  6.2   3  2.1-9.9-9.9
5287220160807 22.0  1.7  0.009999-99.9-99.9-99.9-99.9-9.9 99 9.3 67  5.7   1  0.8-9.9-9.9
5287220160808 19.1  7.5  3.519999-99.9-99.9-99.9-99.9-9.9 9911.8 94  9.1   2  1.6-9.9-9.9
5287220160809 21.4  1.2  0.009999-99.9-99.9-99.9-99.9-9.9 99 9.2 77  5.6   1  0.8-9.9-9.9
5287220160810 22.6  3.6  0.009999-99.9-99.9-99.9-99.9-9.9 9910.2 73  7.2   2  1.7-9.9-9.9
5287220160811 21.4  5.4  0.009999-99.9-99.9-99.9-99.9-9.9 9911.1 79  8.5   3  2.5-9.9-9.9
5287220160812 24.2  4.0  0.009999-99.9-99.9-99.9-99.9-9.9 9912.0 78  9.3   2  1.4-9.9-9.9
5287220160813 24.3  8.3  0.009999-99.9-99.9-99.9-99.9-9.9 9912.4 79 10.0   5  3.8-9.9-9.9
5287220160814 21.7  3.9  0.009999-99.9-99.9-99.9-99.9-9.9 99 9.6 64  6.3   1  0.9-9.9-9.9
5287220160815 21.4  6.4  0.009999-99.9-99.9-99.9-99.9-9.9 99 9.5 60  6.2   5  4.0-9.9-9.9
5287220160816 20.3  6.7  0.009999-99.9-99.9-99.9-99.9-9.9 99 9.8 70  6.6   2  1.7-9.9-9.9
5287220160817 20.9  6.4  0.009999-99.9-99.9-99.9-99.9-9.9 99 7.1 51  2.1   4  3.3-9.9-9.9
5287220160818 21.3  4.2  0.009999-99.9-99.9-99.9-99.9-9.9 99 7.5 58  2.9   3  2.4-9.9-9.9
5287220160819 16.9  1.9  0.009999-99.9-99.9-99.9-99.9-9.9 99 8.1 70  3.9   2  1.6-9.9-9.9
5287220160820 15.4  3.6  0.009999-99.9-99.9-99.9-99.9-9.9 99 8.0 78  3.7   4  2.9-9.9-9.9
5287220160821 16.6 -1.6  0.009999-99.9-99.9-99.9-99.9-9.9 99 7.4 71  2.6   3  2.7-9.9-9.9
5287220160822 25.2  5.5  0.009999-99.9-99.9-99.9-99.9-9.9 9910.0 66  6.9   4  3.2-9.9-9.9
5287220160823 25.4  4.5  0.009999-99.9-99.9-99.9-99.9-9.9 99 9.2 59  5.7   3  2.6-9.9-9.9
5287220160824 25.9  4.5  0.009999-99.9-99.9-99.9-99.9-9.9 9910.6 66  7.8   2  1.3-9.9-9.9
5287220160825 29.3  7.1  0.009999-99.9-99.9-99.9-99.9-9.9 9912.6 67 10.2   1  1.0-9.9-9.9
5287220160826 31.1  8.7  0.219999-99.9-99.9-99.9-99.9-9.9 9914.1 62 11.9   3  2.7-9.9-9.9
5287220160827 18.3  9.6  0.009999-99.9-99.9-99.9-99.9-9.9 99 9.6 69  6.3   5  4.3-9.9-9.9
5287220160828 12.7  2.9  0.009999-99.9-99.9-99.9-99.9-9.9 99 9.6 86  6.3   4  2.9-9.9-9.9
5287220160829 20.1  5.3  0.009999-99.9-99.9-99.9-99.9-9.9 9910.5 79  7.6   2  1.6-9.9-9.9
5287220160830 21.8  3.0  0.009999-99.9-99.9-99.9-99.9-9.9 9910.9 81  8.1   2  1.3-9.9-9.9
5287220160831 21.2  6.6  0.009999-99.9-99.9-99.9-99.9-9.9 99 9.6 64  6.2   7  5.9-9.9-9.9
5287220160901 17.1  3.4  0.009999-99.9-99.9-99.9-99.9-9.9 99 7.4 67  2.4   3  2.5-9.9-9.9
5287220160902 18.6 -1.8  0.009999-99.9-99.9-99.9-99.9-9.9 99 6.1 58 -0.1   2  1.4-9.9-9.9
5287220160903 14.3 -1.5  0.009999-99.9-99.9-99.9-99.9-9.9 99 7.4 74  2.5   3  2.1-9.9-9.9
5287220160904 15.2 -1.7  0.009999-99.9-99.9-99.9-99.9-9.9 99 8.0 72  3.5   2  1.7-9.9-9.9
5287220160905 15.9  5.9  0.219999-99.9-99.9-99.9-99.9-9.9 9910.0 82  6.9   6  4.6-9.9-9.9
5287220160906 16.2  6.6  0.009999-99.9-99.9-99.9-99.9-9.9 9910.1 77  7.1  14 11.3-9.9-9.9
5287220160907 16.7  7.7  0.009999-99.9-99.9-99.9-99.9-9.9 9911.9 91  9.4   5  4.3-9.9-9.9
5287220160908 28.1  3.1  0.009999-99.9-99.9-99.9-99.9-9.9 99 9.8 63  6.6   3  2.2-9.9-9.9
5287220160909 28.1  8.1  0.009999-99.9-99.9-99.9-99.9-9.9 9912.2 63  9.8   3  2.4-9.9-9.9
5287220160910 30.6  7.4  0.009999-99.9-99.9-99.9-99.9-9.9 9913.0 63 10.8   1  1.0-9.9-9.9
5287220160911 28.5  9.0  0.219999-99.9-99.9-99.9-99.9-9.9 9916.3 74 14.1   3  2.1-9.9-9.9
5287220160912 18.4 11.3 32.819999-99.9-99.9-99.9-99.9-9.9 9915.4100 13.4   4  3.1-9.9-9.9
5287220160913 15.8  7.8  0.219999-99.9-99.9-99.9-99.9-9.9 9911.8 85  9.4  12  9.4-9.9-9.9
5287220160914 18.5  7.6  0.009999-99.9-99.9-99.9-99.9-9.9 9910.9 77  8.2  11  8.5-9.9-9.9
5287220160915 22.8  1.7  0.009999-99.9-99.9-99.9-99.9-9.9 9910.1 77  7.0   2  1.4-9.9-9.9
5287220160916 24.0  6.6  0.009999-99.9-99.9-99.9-99.9-9.9 9912.9 73 10.6   3  2.4-9.9-9.9
5287220160917 21.9 12.3  1.219999-99.9-99.9-99.9-99.9-9.9 9914.9 87 12.9   3  2.7-9.9-9.9
5287220160918 18.4  6.8  0.009999-99.9-99.9-99.9-99.9-9.9 9911.5 79  9.0   8  6.7-9.9-9.9
5287220160919 14.7  3.2  0.009999-99.9-99.9-99.9-99.9-9.9 9911.2 89  8.5   3  2.7-9.9-9.9
5287220160920 23.3  3.8  0.009999-99.9-99.9-99.9-99.9-9.9 9911.9 79  9.3   2  2.0-9.9-9.9
5287220160921 24.9  9.6  0.009999-99.9-99.9-99.9-99.9-9.9 9914.1 71 12.0   3  2.1-9.9-9.9
5287220160922 29.2  9.8  0.009999-99.9-99.9-99.9-99.9-9.9 9913.3 62 10.8   5  4.3-9.9-9.9
5287220160923 18.9  2.7  0.009999-99.9-99.9-99.9-99.9-9.9 99 8.8 72  5.0   6  5.1-9.9-9.9
5287220160924 22.6  1.2  0.009999-99.9-99.9-99.9-99.9-9.9 99 7.4 60  2.5   2  1.5-9.9-9.9
5287220160925 25.3  0.6  0.009999-99.9-99.9-99.9-99.9-9.9 99 7.7 47  3.2   2  1.5-9.9-9.9
5287220160926 27.3  3.4  0.009999-99.9-99.9-99.9-99.9-9.9 9910.3 53  7.3   2  1.6-9.9-9.9
5287220160927 29.7  7.4  0.009999-99.9-99.9-99.9-99.9-9.9 9912.8 55 10.6   2  1.5-9.9-9.9
5287220160928 25.5  9.7  0.009999-99.9-99.9-99.9-99.9-9.9 9912.5 63 10.1   4  3.1-9.9-9.9
5287220160929 14.9  4.6  5.219999-99.9-99.9-99.9-99.9-9.9 9910.2 80  7.3   3  2.2-9.9-9.9
5287220160930 13.5  9.0  0.819999-99.9-99.9-99.9-99.9-9.9 9912.7 99 10.4   2  1.4-9.9-9.9
5287220161001 24.8  7.2  7.019999-99.9-99.9-99.9-99.9-9.9 9912.9 69 10.7   2  1.9-9.9-9.9
5287220161002 17.3 11.7  0.219999-99.9-99.9-99.9-99.9-9.9 9915.0 97 13.0   1  1.0-9.9-9.9
5287220161003 25.3  8.3  0.009999-99.9-99.9-99.9-99.9-9.9 9915.4 85 13.3   3  2.1-9.9-9.9
5287220161004 24.2 12.3  0.009999-99.9-99.9-99.9-99.9-9.9 9916.0 77 14.0   4  3.1-9.9-9.9
5287220161005 19.8  8.8  0.009999-99.9-99.9-99.9-99.9-9.9 9914.4 94 12.2   3  2.7-9.9-9.9
5287220161006 22.1  4.0  5.019999-99.9-99.9-99.9-99.9-9.9 9911.0 74  8.3   1  1.1-9.9-9.9
5287220161007 22.0  9.4  1.519999-99.9-99.9-99.9-99.9-9.9 9912.3 82  9.9   4  2.8-9.9-9.9
5287220161008 20.9  4.0  0.009999-99.9-99.9-99.9-99.9-9.9 9910.5 76  7.6   3  2.4-9.9-9.9
5287220161009 28.4  5.8  0.009999-99.9-99.9-99.9-99.9-9.9 9912.3 63  9.9   3  2.2-9.9-9.9
5287220161010 22.2  8.0  1.019999-99.9-99.9-99.9-99.9-9.9 9913.1 89 10.9   1  0.8-9.9-9.9
5287220161011 28.6  8.1  1.519999-99.9-99.9-99.9-99.9-9.9 9915.0 68 12.8   0  0.0-9.9-9.9
5287220161012 30.1 14.7 20.819999-99.9-99.9-99.9-99.9-9.9 9919.3 81 16.9   0  0.0-9.9-9.9
5287220161013 24.3 14.3  0.009999-99.9-99.9-99.9-99.9-9.9 9918.2 86 16.0   0  0.0-9.9-9.9
5287220161014 27.7 11.6 48.819999-99.9-99.9-99.9-99.9-9.9 9917.5 78 15.3   1  0.6-9.9-9.9
5287220161015 20.8 14.4  0.519999-99.9-99.9-99.9-99.9-9.9 9919.0 99 16.7   0  0.3-9.9-9.9
5287220161016 26.1 14.2  0.009999-99.9-99.9-99.9-99.9-9.9 9917.9 90 15.7   1  0.9-9.9-9.9
5287220161017 23.0  8.7  2.219999-99.9-99.9-99.9-99.9-9.9 9914.8 84 12.7   4  3.6-9.9-9.9
5287220161018 17.3 11.3  5.819999-99.9-99.9-99.9-99.9-9.9 9914.8 93 12.8   2  1.7-9.9-9.9
5287220161019 13.0 10.9  7.519999-99.9-99.9-99.9-99.9-9.9 9913.6100 11.6   2  1.6-9.9-9.9
5287220161020 18.4  9.2  0.009999-99.9-99.9-99.9-99.9-9.9 9913.0 93 10.8   1  0.9-9.9-9.9
5287220161021 22.8  7.1  0.219999-99.9-99.9-99.9-99.9-9.9 9913.0 82 10.8   1  0.7-9.9-9.9
5287220161022 25.7  8.6  0.009999-99.9-99.9-99.9-99.9-9.9 9914.8 78 12.7   2  1.3-9.9-9.9
5287220161023 26.6 12.1  0.009999-99.9-99.9-99.9-99.9-9.9 9916.3 73 14.3   1  1.2-9.9-9.9
5287220161024 24.9 12.4  0.009999-99.9-99.9-99.9-99.9-9.9 9918.1 89 15.9   4  2.8-9.9-9.9
5287220161025 18.3 15.4 21.019999-99.9-99.9-99.9-99.9-9.9 9917.9 95 15.8   2  1.8-9.9-9.9
5287220161026 22.3 12.8  0.009999-99.9-99.9-99.9-99.9-9.9 9916.0 84 13.7   6  5.1-9.9-9.9
5287220161027 19.8  8.0  0.009999-99.9-99.9-99.9-99.9-9.9 9910.9 72  8.2   8  6.7-9.9-9.9
5287220161028 23.6  2.5  0.009999-99.9-99.9-99.9-99.9-9.9 99 9.9 65  6.7   1  1.2-9.9-9.9
5287220161029 28.0  6.9  0.009999-99.9-99.9-99.9-99.9-9.9 9913.6 69 11.4   3  2.0-9.9-9.9
5287220161030 29.8  9.1  0.009999-99.9-99.9-99.9-99.9-9.9 9916.0 66 13.9   2  1.3-9.9-9.9
5287220161031 25.1 14.6  2.019999-99.9-99.9-99.9-99.9-9.9 9918.5 90 16.2   1  0.8-9.9-9.9
5287220161101 22.6 10.0  8.019999-99.9-99.9-99.9-99.9-9.9 9915.0 93 12.9   5  4.4-9.9-9.9
5287220161102 21.5  7.3  0.009999-99.9-99.9-99.9-99.9-9.9 9910.9 73  8.2   6  4.7-9.9-9.9
5287220161103 30.5  9.3  0.009999-99.9-99.9-99.9-99.9-9.9 9912.8 49 10.4   4  3.1-9.9-9.9
5287220161104 31.5 14.2  0.009999-99.9-99.9-99.9-99.9-9.9 9916.6 60 14.5   2  1.8-9.9-9.9
5287220161105 34.9 13.7  0.009999-99.9-99.9-99.9-99.9-9.9 9918.4 57 16.1   2  1.5-9.9-9.9
5287220161106 35.3 15.8  0.219999-99.9-99.9-99.9-99.9-9.9 9919.7 59 17.2   2  1.5-9.9-9.9
5287220161107 21.7 10.3  6.819999-99.9-99.9-99.9-99.9-9.9 9914.9 92 12.7   3  2.1-9.9-9.9
5287220161108 22.3 11.0  6.819999-99.9-99.9-99.9-99.9-9.9 9918.1 87 15.8   3  2.1-9.9-9.9
5287220161109 26.6 13.1  0.009999-99.9-99.9-99.9-99.9-9.9 9918.5 89 16.1   2  1.5-9.9-9.9
5287220161110 29.8 11.8  0.009999-99.9-99.9-99.9-99.9-9.9 9914.8 58 12.7   3  2.7-9.9-9.9
5287220161111 27.0  6.3  0.009999-99.9-99.9-99.9-99.9-9.9 9911.6 54  9.1   1  1.0-9.9-9.9
5287220161112 30.4  8.0  1.519999-99.9-99.9-99.9-99.9-9.9 9914.6 59 12.4   1  0.9-9.9-9.9
5287220161113 27.8 15.9  0.219999-99.9-99.9-99.9-99.9-9.9 9919.4 80 17.0   3  2.1-9.9-9.9
5287220161114 32.2 15.5  4.019999-99.9-99.9-99.9-99.9-9.9 9920.5 87 17.8   2  1.4-9.9-9.9
5287220161115 29.2 16.4  0.009999-99.9-99.9-99.9-99.9-9.9 9916.4 61 14.0   4  3.1-9.9-9.9
5287220161116 22.8  8.5  0.009999-99.9-99.9-99.9-99.9-9.9 9912.6 64 10.3   1  1.2-9.9-9.9
5287220161117 21.2  5.9  0.009999-99.9-99.9-99.9-99.9-9.9 99 9.6 62  6.3   5  3.6-9.9-9.9
5287220161118 25.5  5.0  0.009999-99.9-99.9-99.9-99.9-9.9 9910.1 53  7.1   2  1.5-9.9-9.9
5287220161119 29.5  7.5  0.009999-99.9-99.9-99.9-99.9-9.9 9912.4 53 10.0   2  1.6-9.9-9.9
5287220161120 28.8 11.3  0.009999-99.9-99.9-99.9-99.9-9.9 9914.9 53 12.7   3  2.0-9.9-9.9
5287220161121 22.6  7.2  0.009999-99.9-99.9-99.9-99.9-9.9 9911.3 72  8.7   3  2.5-9.9-9.9
5287220161122 27.3  5.4  0.009999-99.9-99.9-99.9-99.9-9.9 9910.9 52  8.1   1  1.1-9.9-9.9
5287220161123 31.4 10.8  0.009999-99.9-99.9-99.9-99.9-9.9 9912.7 48 10.5   1  1.1-9.9-9.9
5287220161124 33.6 10.9  0.009999-99.9-99.9-99.9-99.9-9.9 9913.8 47 11.7   1  1.1-9.9-9.9
5287220161125 34.1 15.4  0.009999-99.9-99.9-99.9-99.9-9.9 9917.3 51 15.2   2  1.4-9.9-9.9
5287220161126 23.1 17.3 27.219999-99.9-99.9-99.9-99.9-9.9 9920.4 97 17.7   2  1.4-9.9-9.9
5287220161127 31.3 14.4  0.219999-99.9-99.9-99.9-99.9-9.9 9918.4 73 16.1   2  1.8-9.9-9.9
5287220161128 27.8 13.4  0.009999-99.9-99.9-99.9-99.9-9.9 9917.6 73 15.4   2  1.2-9.9-9.9
5287220161129 32.6 11.8  0.009999-99.9-99.9-99.9-99.9-9.9 9917.6 67 15.4   1  0.6-9.9-9.9
5287220161130 32.2 14.6  0.009999-99.9-99.9-99.9-99.9-9.9 9917.1 57 15.0   2  1.6-9.9-9.9
5287220161201 33.0 13.9  0.009999-99.9-99.9-99.9-99.9-9.9 9916.4 51 14.4   2  1.8-9.9-9.9
5287220161202 35.3 15.8  0.009999-99.9-99.9-99.9-99.9-9.9 9921.9 62 18.8   1  0.7-9.9-9.9
5287220161203 31.8 15.4  0.009999-99.9-99.9-99.9-99.9-9.9 9922.2 82 19.1   2  1.9-9.9-9.9
5287220161204 35.2 17.5  0.009999-99.9-99.9-99.9-99.9-9.9 9922.3 61 19.2   2  1.8-9.9-9.9
5287220161205 31.0 14.1  1.019999-99.9-99.9-99.9-99.9-9.9 9919.4 87 16.9   2  1.8-9.9-9.9
5287220161206 30.7  8.6  0.009999-99.9-99.9-99.9-99.9-9.9 9913.1 56 10.9   2  1.7-9.9-9.9
5287220161207 33.1 11.6  0.009999-99.9-99.9-99.9-99.9-9.9 9914.2 51 12.1   2  1.8-9.9-9.9
5287220161208 28.7 10.3  0.009999-99.9-99.9-99.9-99.9-9.9 9912.5 51 10.1   3  2.5-9.9-9.9
5287220161209 30.7 10.2  0.009999-99.9-99.9-99.9-99.9-9.9 9912.6 49 10.4   2  1.9-9.9-9.9
5287220161210 35.1 14.8  0.009999-99.9-99.9-99.9-99.9-9.9 9914.4 41 12.4   4  2.9-9.9-9.9
5287220161211 31.8 13.4  0.009999-99.9-99.9-99.9-99.9-9.9 9914.1 50 12.0   1  1.0-9.9-9.9
5287220161212 35.5 14.9  0.009999-99.9-99.9-99.9-99.9-9.9 9913.4 33 10.9   4  3.1-9.9-9.9
5287220161213 25.9 10.8  0.009999-99.9-99.9-99.9-99.9-9.9 9910.5 52  7.6   5  4.2-9.9-9.9
5287220161214 27.8  5.0  0.009999-99.9-99.9-99.9-99.9-9.9 9910.1 49  7.1   2  1.2-9.9-9.9
5287220161215 33.4 10.5  0.009999-99.9-99.9-99.9-99.9-9.9 9911.8 38  9.4   4  2.9-9.9-9.9
5287220161216 34.4 12.5  0.009999-99.9-99.9-99.9-99.9-9.9 9913.4 42 11.3   3  2.3-9.9-9.9
5287220161217 38.6 13.6  1.519999-99.9-99.9-99.9-99.9-9.9 9918.1 47 15.8   2  1.6-9.9-9.9
5287220161218 26.5 16.5  3.219999-99.9-99.9-99.9-99.9-9.9 9919.8 99 17.3   4  3.2-9.9-9.9
5287220161219 33.1 12.4  0.219999-99.9-99.9-99.9-99.9-9.9 9916.6 65 14.4   1  0.9-9.9-9.9
5287220161220 34.8 13.5  0.009999-99.9-99.9-99.9-99.9-9.9 9916.4 49 14.3   2  1.7-9.9-9.9
5287220161221 35.8 16.6  0.219999-99.9-99.9-99.9-99.9-9.9 9919.9 56 17.2   3  2.0-9.9-9.9
5287220161222 24.7 16.2  0.009999-99.9-99.9-99.9-99.9-9.9 9921.9 97 18.9   2  1.3-9.9-9.9
5287220161223 32.9 16.2  0.009999-99.9-99.9-99.9-99.9-9.9 9919.5 78 17.0   1  1.0-9.9-9.9
5287220161224 33.3 15.1  0.519999-99.9-99.9-99.9-99.9-9.9 9920.8 70 18.0   2  1.5-9.9-9.9
5287220161225 29.8 19.4  0.009999-99.9-99.9-99.9-99.9-9.9 9925.1 89 21.1   3  2.0-9.9-9.9
5287220161226 32.5 18.0  3.019999-99.9-99.9-99.9-99.9-9.9 9924.8 89 20.9   2  1.8-9.9-9.9
5287220161227 30.5 14.0  0.009999-99.9-99.9-99.9-99.9-9.9 9921.7 84 18.7   1  0.7-9.9-9.9
5287220161228 33.2 16.9  0.009999-99.9-99.9-99.9-99.9-9.9 9924.8 82 20.8   1  0.9-9.9-9.9
5287220161229 34.9 19.6  0.009999-99.9-99.9-99.9-99.9-9.9 9926.2 79 21.8   1  0.5-9.9-9.9
5287220161230 35.5 20.9  0.009999-99.9-99.9-99.9-99.9-9.9 9927.7 74 22.8   1  0.7-9.9-9.9
5287220161231 37.2 22.3  0.009999-99.9-99.9-99.9-99.9-9.9 9929.3 75 23.6   2  1.3-9.9-9.9
5287220170101 33.9 19.6  0.009999-99.9-99.9-99.9-99.9-9.9 9923.7 72 20.1   2  1.7-9.9-9.9
5287220170102 33.0 13.1  0.009999-99.9-99.9-99.9-99.9-9.9 9920.0 65 17.2   2  1.4-9.9-9.9
5287220170103 32.5 19.4  1.519999-99.9-99.9-99.9-99.9-9.9 9924.8 90 20.8   2  1.3-9.9-9.9
5287220170104 30.7 13.2  0.009999-99.9-99.9-99.9-99.9-9.9 9916.4 66 14.3   2  1.6-9.9-9.9
5287220170105 27.6 12.8  0.009999-99.9-99.9-99.9-99.9-9.9 9914.1 63 12.0   3  2.3-9.9-9.9
5287220170106 32.1 11.9  0.009999-99.9-99.9-99.9-99.9-9.9 9919.3 72 16.7   3  2.1-9.9-9.9
5287220170107 36.2 21.2  0.009999-99.9-99.9-99.9-99.9-9.9 9928.0 73 22.9   2  1.7-9.9-9.9
5287220170108 28.1 17.7  0.009999-99.9-99.9-99.9-99.9-9.9 9923.3 94 19.9   1  1.1-9.9-9.9
5287220170109 32.9 15.6  0.009999-99.9-99.9-99.9-99.9-9.9 9922.7 86 19.3   2  1.6-9.9-9.9
5287220170110 30.1 11.3-99.999999-99.9-99.9-99.9-99.9-9.9 9917.7 79 15.4   1  1.2-9.9-9.9
5287220170111-99.9-99.9-99.999999-99.9-99.9-99.9-99.9-9.9 99-9.9-99-99.9 -99-99.9-9.9-9.9
5287220170112 35.3 16.8  0.009999-99.9-99.9-99.9-99.9-9.9 9923.9 69 20.3   2  1.7-9.9-9.9
5287220170113 33.3 19.9  0.009999-99.9-99.9-99.9-99.9-9.9 9922.4 64 19.1   3  2.5-9.9-9.9
5287220170114 32.6 12.6  0.009999-99.9-99.9-99.9-99.9-9.9 9916.7 60 14.6   2  1.3-9.9-9.9
5287220170115 20.3 16.1  0.009999-99.9-99.9-99.9-99.9-9.9 9920.3 98 17.7   2  1.3-9.9-9.9
5287220170116 29.8 17.2  0.009999-99.9-99.9-99.9-99.9-9.9 9925.8 95 21.4   1  0.5-9.9-9.9
5287220170117 35.4 17.8  0.009999-99.9-99.9-99.9-99.9-9.9 9923.2 76 19.7   1  0.9-9.9-9.9
5287220170118 35.1 12.7  0.009999-99.9-99.9-99.9-99.9-9.9 9919.8 72 17.2   1  1.0-9.9-9.9
5287220170119 34.5 17.5  0.009999-99.9-99.9-99.9-99.9-9.9 9926.4 77 21.8   1  0.8-9.9-9.9
5287220170120 35.7 22.5  0.009999-99.9-99.9-99.9-99.9-9.9 9927.1 75 22.4   2  1.4-9.9-9.9
5287220170121 37.0 19.7  0.009999-99.9-99.9-99.9-99.9-9.9 9924.6 66 20.8   2  1.7-9.9-9.9
5287220170122 34.1 18.9  0.009999-99.9-99.9-99.9-99.9-9.9 9926.8 76 22.1   2  1.2-9.9-9.9
5287220170123 33.6 19.7  0.009999-99.9-99.9-99.9-99.9-9.9 9925.6 81 21.5   1  1.0-9.9-9.9
5287220170124 32.4 18.7  0.009999-99.9-99.9-99.9-99.9-9.9 9921.6 66 18.4   3  2.4-9.9-9.9
5287220170125 27.7 11.9  0.009999-99.9-99.9-99.9-99.9-9.9 9914.2 67 12.1   4  2.8-9.9-9.9
5287220170126 28.0  6.8  0.009999-99.9-99.9-99.9-99.9-9.9 9913.1 67 10.9   2  1.4-9.9-9.9
5287220170127 31.7 10.1  0.009999-99.9-99.9-99.9-99.9-9.9 9915.6 66 13.6   1  1.0-9.9-9.9
5287220170128 33.8 13.0  0.009999-99.9-99.9-99.9-99.9-9.9 9918.4 61 16.2   2  1.7-9.9-9.9
5287220170129 35.0 15.9  0.009999-99.9-99.9-99.9-99.9-9.9 9920.2 62 17.7   2  1.9-9.9-9.9
5287220170130 37.4 16.8  0.009999-99.9-99.9-99.9-99.9-9.9 9923.8 67 20.2   2  1.6-9.9-9.9
5287220170131 37.3 21.0 16.019999-99.9-99.9-99.9-99.9-9.9 9927.7 75 22.7   3  2.0-9.9-9.9
5287220170201 29.1 17.6  1.019999-99.9-99.9-99.9-99.9-9.9 9923.3 85 19.9   4  3.1-9.9-9.9
5287220170202 31.6 14.5  0.219999-99.9-99.9-99.9-99.9-9.9 9919.9 79 17.4   2  1.2-9.9-9.9
5287220170203 33.1 16.1  0.009999-99.9-99.9-99.9-99.9-9.9 9922.4 78 19.2   1  0.7-9.9-9.9
5287220170204 29.8 17.7  2.219999-99.9-99.9-99.9-99.9-9.9 9923.3 87 19.9   1  1.0-9.9-9.9
5287220170205 20.2 14.3  0.219999-99.9-99.9-99.9-99.9-9.9 9918.5 99 16.3   8  6.1-9.9-9.9
5287220170206 25.7 10.6  0.219999-99.9-99.9-99.9-99.9-9.9 9914.8 77 12.8   2  1.8-9.9-9.9
5287220170207 30.2 11.2  0.219999-99.9-99.9-99.9-99.9-9.9 9916.5 72 14.4   1  0.9-9.9-9.9
5287220170208 31.6 15.5  0.219999-99.9-99.9-99.9-99.9-9.9 9919.9 72 17.4   2  1.4-9.9-9.9
5287220170209 27.7 15.8  0.819999-99.9-99.9-99.9-99.9-9.9 9922.3 90 19.2   1  0.8-9.9-9.9
5287220170210 31.7 15.7  0.219999-99.9-99.9-99.9-99.9-9.9 9921.9 78 18.9   1  0.8-9.9-9.9
5287220170211 31.4 16.2  0.219999-99.9-99.9-99.9-99.9-9.9 9921.2 80 18.4   1  0.8-9.9-9.9
5287220170212 27.9 14.9  0.009999-99.9-99.9-99.9-99.9-9.9 9921.0 85 18.2   1  1.1-9.9-9.9
5287220170213 26.3 17.0  0.219999-99.9-99.9-99.9-99.9-9.9 9922.7 90 19.4   2  1.9-9.9-9.9
5287220170214 29.6 19.2  0.009999-99.9-99.9-99.9-99.9-9.9 9924.5 88 20.7   3  2.0-9.9-9.9
5287220170215 33.3 15.5  0.219999-99.9-99.9-99.9-99.9-9.9 9923.2 84 19.8   1  0.9-9.9-9.9
5287220170216 33.2 19.0  0.219999-99.9-99.9-99.9-99.9-9.9 9925.2 80 21.1   2  1.2-9.9-9.9
5287220170217 35.4 18.0  0.219999-99.9-99.9-99.9-99.9-9.9 9923.4 73 19.8   2  1.3-9.9-9.9
5287220170218 32.2 17.7  0.219999-99.9-99.9-99.9-99.9-9.9 9922.3 82 19.2   2  1.3-9.9-9.9
5287220170219 35.2 16.5  0.009999-99.9-99.9-99.9-99.9-9.9 9923.8 79 20.2   2  1.2-9.9-9.9
5287220170220 37.3 19.1  0.009999-99.9-99.9-99.9-99.9-9.9 9927.2 78 22.4   1  1.0-9.9-9.9
5287220170221 37.9 21.2  2.519999-99.9-99.9-99.9-99.9-9.9 9929.1 84 23.5   1  0.9-9.9-9.9
5287220170222 35.8 20.6  1.219999-99.9-99.9-99.9-99.9-9.9 9927.2 86 22.4   1  0.5-9.9-9.9
5287220170223 35.1 22.3  0.009999-99.9-99.9-99.9-99.9-9.9 9929.1 86 23.5   1  1.0-9.9-9.9
5287220170224 35.8 18.9  0.009999-99.9-99.9-99.9-99.9-9.9 9927.0 81 22.3   1  0.5-9.9-9.9
5287220170225 37.9 19.6  0.009999-99.9-99.9-99.9-99.9-9.9 9928.2 79 23.0   0  0.4-9.9-9.9
5287220170226 36.4 21.3  5.219999-99.9-99.9-99.9-99.9-9.9 9928.0 81 22.9   1  0.9-9.9-9.9
5287220170227 31.3 19.7  1.519999-99.9-99.9-99.9-99.9-9.9 9927.7 96 22.7   0  0.3-9.9-9.9
5287220170228 36.9 19.6  0.819999-99.9-99.9-99.9-99.9-9.9 9928.0 81 22.9   1  0.9-9.9-9.9
5287220170301 32.9 19.4  0.219999-99.9-99.9-99.9-99.9-9.9 9923.0 74 19.7   2  1.6-9.9-9.9
5287220170302 33.6 17.8  0.819999-99.9-99.9-99.9-99.9-9.9 9925.0 90 20.9   2  1.8-9.9-9.9
5287220170303 29.0 12.9  0.819999-99.9-99.9-99.9-99.9-9.9 9918.3 82 16.0   1  0.6-9.9-9.9
5287220170304 29.3 14.6  0.519999-99.9-99.9-99.9-99.9-9.9 9918.0 82 15.8   1  0.5-9.9-9.9
5287220170305 31.5 11.0  0.519999-99.9-99.9-99.9-99.9-9.9 9917.1 81 15.0   1  0.6-9.9-9.9
5287220170306 32.8 13.8  0.009999-99.9-99.9-99.9-99.9-9.9 9919.6 76 17.1   1  0.9-9.9-9.9
5287220170307 28.5 10.9  0.009999-99.9-99.9-99.9-99.9-9.9 9918.1 83 15.8   1  1.0-9.9-9.9
5287220170308 31.0 16.1  3.219999-99.9-99.9-99.9-99.9-9.9 9923.9 89 20.2   2  1.6-9.9-9.9
5287220170309 29.6 15.1  0.519999-99.9-99.9-99.9-99.9-9.9 9919.6 78 16.9   5  3.7-9.9-9.9
5287220170310 27.3 10.8  0.519999-99.9-99.9-99.9-99.9-9.9 9913.0 71 10.8   2  1.7-9.9-9.9
5287220170311 27.0  9.4  0.219999-99.9-99.9-99.9-99.9-9.9 9916.1 79 13.9   1  1.2-9.9-9.9
5287220170312 24.5  7.5  0.009999-99.9-99.9-99.9-99.9-9.9 9912.8 74 10.6   3  2.6-9.9-9.9
5287220170313 31.8  9.1  0.009999-99.9-99.9-99.9-99.9-9.9 9914.2 67 12.0   2  1.8-9.9-9.9
5287220170314 32.2 11.9  1.819999-99.9-99.9-99.9-99.9-9.9 9918.0 77 15.7   1  0.9-9.9-9.9
5287220170315 26.0 15.0  0.519999-99.9-99.9-99.9-99.9-9.9 9919.6 99 17.1   1  0.6-9.9-9.9
5287220170316 23.7 10.9  0.009999-99.9-99.9-99.9-99.9-9.9 9914.2 81 12.1   4  3.5-9.9-9.9
5287220170317 28.1  6.4  0.009999-99.9-99.9-99.9-99.9-9.9 9913.3 80 11.1   1  0.5-9.9-9.9
5287220170318 29.2  8.7  0.009999-99.9-99.9-99.9-99.9-9.9 9915.0 81 12.9   1  0.8-9.9-9.9
5287220170319 30.4 10.0  0.009999-99.9-99.9-99.9-99.9-9.9 9915.7 77 13.6   1  0.8-9.9-9.9
5287220170320 31.1 11.2  0.009999-99.9-99.9-99.9-99.9-9.9 9916.8 78 14.7   1  0.7-9.9-9.9
5287220170321 30.0 12.9  0.009999-99.9-99.9-99.9-99.9-9.9 9918.7 83 16.4   1  0.9-9.9-9.9
5287220170322 32.1 14.9  0.009999-99.9-99.9-99.9-99.9-9.9 9921.2 83 18.4   1  0.6-9.9-9.9
5287220170323 29.7 16.4  0.009999-99.9-99.9-99.9-99.9-9.9 9921.7 91 18.8   1  0.4-9.9-9.9
5287220170324 32.9 13.8  0.009999-99.9-99.9-99.9-99.9-9.9 9920.6 80 17.8   1  0.5-9.9-9.9
5287220170325 33.3 16.6  0.009999-99.9-99.9-99.9-99.9-9.9 9922.3 79 19.2   1  0.9-9.9-9.9
5287220170326 28.7 17.8  0.009999-99.9-99.9-99.9-99.9-9.9 9922.6 85 19.4   2  1.5-9.9-9.9
5287220170327 33.5 16.7  0.009999-99.9-99.9-99.9-99.9-9.9 9922.6 78 19.4   1  1.0-9.9-9.9
5287220170328 31.7 17.8  0.009999-99.9-99.9-99.9-99.9-9.9 9921.7 79 18.7   2  1.6-9.9-9.9
5287220170329 31.4 15.3  0.219999-99.9-99.9-99.9-99.9-9.9 9919.9 74 17.4   3  2.2-9.9-9.9
5287220170330 28.6 17.9  7.819999-99.9-99.9-99.9-99.9-9.9 9922.3 90 19.2   2  1.4-9.9-9.9
5287220170331 32.3 18.5  0.009999-99.9-99.9-99.9-99.9-9.9 9923.5 76 20.1   2  1.4-9.9-9.9
5287220170401 30.4 17.0  0.009999-99.9-99.9-99.9-99.9-9.9 9919.8 72 17.3   2  1.6-9.9-9.9
5287220170402 20.3 16.7  8.019999-99.9-99.9-99.9-99.9-9.9 9919.6 96 17.2   1  1.1-9.9-9.9
5287220170403 28.1 13.6  0.009999-99.9-99.9-99.9-99.9-9.9 9916.2 79 14.2   1  1.0-9.9-9.9
5287220170404 29.2 12.4  0.009999-99.9-99.9-99.9-99.9-9.9 9918.5 82 16.1   1  0.7-9.9-9.9
5287220170405 27.3 11.6  0.009999-99.9-99.9-99.9-99.9-9.9 9914.3 71 12.1   3  2.6-9.9-9.9
5287220170406 30.2  8.3  0.009999-99.9-99.9-99.9-99.9-9.9 9913.2 68 11.0   1  1.1-9.9-9.9
5287220170407 26.3 12.8 11.019999-99.9-99.9-99.9-99.9-9.9 9915.3 89 13.3   4  3.1-9.9-9.9
5287220170408 19.4 12.5164.519999-99.9-99.9-99.9-99.9-9.9 9918.9100 16.5   4  3.0-9.9-9.9
5287220170409 21.5 17.7 44.819999-99.9-99.9-99.9-99.9-9.9 9922.2100 19.1   3  2.6-9.9-9.9
5287220170410 18.9 12.8 12.819999-99.9-99.9-99.9-99.9-9.9 9917.5 99 15.4   5  4.2-9.9-9.9
5287220170411 20.8 11.2  0.009999-99.9-99.9-99.9-99.9-9.9 9915.0 87 12.9   5  3.6-9.9-9.9
5287220170412 22.1  5.9  0.009999-99.9-99.9-99.9-99.9-9.9 9910.8 78  8.0   1  0.7-9.9-9.9
5287220170413 25.5  7.9  0.009999-99.9-99.9-99.9-99.9-9.9 9912.4 76 10.1   1  0.7-9.9-9.9
5287220170414 27.1  9.2  0.009999-99.9-99.9-99.9-99.9-9.9 9914.0 77 11.9   1  0.6-9.9-9.9
5287220170415 24.3 12.2  0.009999-99.9-99.9-99.9-99.9-9.9 9916.2 86 14.2   1  0.7-9.9-9.9
5287220170416 22.2 10.4  0.009999-99.9-99.9-99.9-99.9-9.9 9914.6 85 12.6   2  1.3-9.9-9.9
5287220170417 22.5  8.2  0.009999-99.9-99.9-99.9-99.9-9.9 9912.9 83 10.7   1  0.7-9.9-9.9
5287220170418 24.4  8.5  0.009999-99.9-99.9-99.9-99.9-9.9 9914.4 83 12.3   1  0.7-9.9-9.9
5287220170419 23.1 13.3  0.009999-99.9-99.9-99.9-99.9-9.9 9918.5 94 16.2   0  0.4-9.9-9.9
5287220170420 26.4 12.7  0.009999-99.9-99.9-99.9-99.9-9.9 9916.3 79 14.2   2  1.6-9.9-9.9
5287220170421 24.8 10.9  0.009999-99.9-99.9-99.9-99.9-9.9 9912.2 63  9.6   3  2.4-9.9-9.9
5287220170422 21.0  5.9  0.009999-99.9-99.9-99.9-99.9-9.9 9911.4 77  8.9   2  1.4-9.9-9.9
5287220170423 24.4  8.3  1.219999-99.9-99.9-99.9-99.9-9.9 9913.4 73 11.2   1  1.0-9.9-9.9
5287220170424 22.8 12.5  0.009999-99.9-99.9-99.9-99.9-9.9 9915.6 86 13.6   1  0.7-9.9-9.9
5287220170425 15.8  9.8  1.519999-99.9-99.9-99.9-99.9-9.9 9914.5 99 12.5   3  2.0-9.9-9.9
5287220170426 18.3  7.7  0.009999-99.9-99.9-99.9-99.9-9.9 99 9.8 69  6.6   6  4.8-9.9-9.9
5287220170427 25.2  6.3  0.009999-99.9-99.9-99.9-99.9-9.9 99 9.6 56  6.3   4  3.2-9.9-9.9
5287220170428 28.1 10.8  0.009999-99.9-99.9-99.9-99.9-9.9 9912.4 66 10.1   3  2.2-9.9-9.9
5287220170429 28.8  8.9  0.009999-99.9-99.9-99.9-99.9-9.9 9914.0 66 11.9   2  1.3-9.9-9.9
5287220170430 30.6  9.4  0.009999-99.9-99.9-99.9-99.9-9.9 9912.2 63  9.8   2  1.8-9.9-9.9
5287220170501 29.4  7.8  0.009999-99.9-99.9-99.9-99.9-9.9 9912.3 61  9.9   2  1.5-9.9-9.9
5287220170502 28.3 10.0  0.009999-99.9-99.9-99.9-99.9-9.9 9916.0 78 13.9   1  1.1-9.9-9.9
5287220170503 26.6 12.6  0.009999-99.9-99.9-99.9-99.9-9.9 9916.1 81 14.1   2  1.3-9.9-9.9
5287220170504 28.5 11.0  0.009999-99.9-99.9-99.9-99.9-9.9 9917.6 84 15.3   1  1.2-9.9-9.9
5287220170505 29.5 14.0  0.009999-99.9-99.9-99.9-99.9-9.9 9918.7 81 16.4   1  1.0-9.9-9.9
5287220170506 26.8 13.9  0.009999-99.9-99.9-99.9-99.9-9.9 9919.2 82 16.9   3  2.1-9.9-9.9
5287220170507 27.9 16.4  0.519999-99.9-99.9-99.9-99.9-9.9 9921.7 90 18.7   2  1.7-9.9-9.9
5287220170508 20.8 12.1  0.009999-99.9-99.9-99.9-99.9-9.9 9917.2 88 14.9   7  5.3-9.9-9.9
5287220170509 20.7  6.3  0.009999-99.9-99.9-99.9-99.9-9.9 9911.6 77  9.1   2  1.9-9.9-9.9
5287220170510 19.5  6.4  2.019999-99.9-99.9-99.9-99.9-9.9 9910.9 77  8.2   1  1.2-9.9-9.9
5287220170511 10.9  8.3 10.219999-99.9-99.9-99.9-99.9-9.9 9911.8100  9.4   1  1.0-9.9-9.9
5287220170512 13.7  9.2 11.819999-99.9-99.9-99.9-99.9-9.9 9914.2100 12.2   1  0.8-9.9-9.9
5287220170513 17.6  9.9  0.009999-99.9-99.9-99.9-99.9-9.9 9915.9 98 13.9   4  2.8-9.9-9.9
5287220170514 20.3  9.9  0.009999-99.9-99.9-99.9-99.9-9.9 9914.6 91 12.5   1  1.1-9.9-9.9
5287220170515 21.9  8.5  0.009999-99.9-99.9-99.9-99.9-9.9 9913.1 86 10.8   1  1.0-9.9-9.9
5287220170516 22.5  4.1  0.009999-99.9-99.9-99.9-99.9-9.9 99 9.6 70  6.3   1  0.7-9.9-9.9
5287220170517 22.1  6.0  0.519999-99.9-99.9-99.9-99.9-9.9 9913.0 80 10.6   2  1.7-9.9-9.9
5287220170518 16.0 11.3 50.819999-99.9-99.9-99.9-99.9-9.9 9916.2100 14.2   2  1.2-9.9-9.9
5287220170519 15.6 11.1  1.019999-99.9-99.9-99.9-99.9-9.9 9915.3100 13.3   2  1.5-9.9-9.9
5287220170520 11.9  8.1  2.219999-99.9-99.9-99.9-99.9-9.9 9911.9 96  9.5   1  0.9-9.9-9.9
5287220170521 20.6  9.4  0.219999-99.9-99.9-99.9-99.9-9.9 9913.9 87 11.9   2  1.9-9.9-9.9
5287220170522 20.8  8.5  0.009999-99.9-99.9-99.9-99.9-9.9 9914.1 88 12.0   2  1.2-9.9-9.9
5287220170523 24.1  9.7  0.009999-99.9-99.9-99.9-99.9-9.9 9914.8 85 12.8   1  0.8-9.9-9.9
5287220170524 22.6  9.0  0.009999-99.9-99.9-99.9-99.9-9.9 9914.7 91 12.6   1  0.7-9.9-9.9
5287220170525 19.1 11.1  0.519999-99.9-99.9-99.9-99.9-9.9 9915.7 92 13.7   3  2.1-9.9-9.9
5287220170526 18.3  6.2  0.009999-99.9-99.9-99.9-99.9-9.9 9910.8 79  7.9   5  4.0-9.9-9.9
5287220170527 15.8  2.9  0.009999-99.9-99.9-99.9-99.9-9.9 99 9.2 85  5.6   1  0.9-9.9-9.9
5287220170528 16.6  4.5  0.009999-99.9-99.9-99.9-99.9-9.9 9910.4 90  7.5   1  0.6-9.9-9.9
5287220170529 17.4  3.0  0.009999-99.9-99.9-99.9-99.9-9.9 99 9.9 86  6.7   1  0.9-9.9-9.9
5287220170530 18.2  2.1  0.009999-99.9-99.9-99.9-99.9-9.9 9910.0 85  6.7   1  1.0-9.9-9.9
5287220170531 16.3  1.2  0.009999-99.9-99.9-99.9-99.9-9.9 99 9.0 83  5.3   1  0.6-9.9-9.9
5287220170601 18.1  1.2  0.009999-99.9-99.9-99.9-99.9-9.9 99 9.3 85  5.7   1  1.0-9.9-9.9
5287220170602 19.6  4.3  0.009999-99.9-99.9-99.9-99.9-9.9 9910.7 85  7.9   2  1.7-9.9-9.9
5287220170603 20.3  5.2  0.009999-99.9-99.9-99.9-99.9-9.9 9911.1 88  8.3   1  1.1-9.9-9.9
5287220170604 18.4  2.6  0.009999-99.9-99.9-99.9-99.9-9.9 99 8.4 78  4.3   3  2.7-9.9-9.9
5287220170605 16.4 -0.4  0.009999-99.9-99.9-99.9-99.9-9.9 99 7.2 77  2.1   2  1.3-9.9-9.9
5287220170606 17.1  0.5  0.009999-99.9-99.9-99.9-99.9-9.9 99 7.9 77  3.5   2  1.9-9.9-9.9
5287220170607 19.4  2.9  0.009999-99.9-99.9-99.9-99.9-9.9 99 9.6 82  6.3   2  1.9-9.9-9.9
5287220170608 13.9  5.7  0.009999-99.9-99.9-99.9-99.9-9.9 9910.9 89  8.2   6  4.8-9.9-9.9
5287220170609 18.7  3.1  0.009999-99.9-99.9-99.9-99.9-9.9 99 8.9 67  5.3   4  3.1-9.9-9.9
5287220170610 21.8  7.9  0.009999-99.9-99.9-99.9-99.9-9.9 9910.2 73  7.3   4  3.3-9.9-9.9
5287220170611 17.2  2.7  0.009999-99.9-99.9-99.9-99.9-9.9 99 8.3 75  4.1   5  4.2-9.9-9.9
5287220170612 14.8 -1.7  0.009999-99.9-99.9-99.9-99.9-9.9 99 7.3 81  2.4   2  1.9-9.9-9.9
5287220170613 19.2  2.3  0.009999-99.9-99.9-99.9-99.9-9.9 9910.9 87  7.9   1  0.9-9.9-9.9
5287220170614 22.3  5.9  0.009999-99.9-99.9-99.9-99.9-9.9 9912.7 86 10.3   2  1.6-9.9-9.9
5287220170615 18.8  9.9  0.009999-99.9-99.9-99.9-99.9-9.9 9917.2 97 14.9   3  2.4-9.9-9.9
5287220170616 23.0 17.3  0.009999-99.9-99.9-99.9-99.9-9.9 9922.9 97 19.7   3  2.1-9.9-9.9
5287220170617 21.9  7.7  0.009999-99.9-99.9-99.9-99.9-9.9 9913.6 64  9.7   6  4.9-9.9-9.9
5287220170618 11.4  3.8  0.009999-99.9-99.9-99.9-99.9-9.9 99 7.2 77  2.3  10  7.7-9.9-9.9
5287220170619 14.0 -1.5  0.009999-99.9-99.9-99.9-99.9-9.9 99 5.5 68 -1.4   3  2.5-9.9-9.9
5287220170620 15.6 -2.4  0.009999-99.9-99.9-99.9-99.9-9.9 99 6.2 66  0.1   2  1.4-9.9-9.9
5287220170621 16.6  3.7  0.009999-99.9-99.9-99.9-99.9-9.9 99 9.3 81  5.8   2  1.6-9.9-9.9
5287220170622 19.2  5.9  0.219999-99.9-99.9-99.9-99.9-9.9 9916.4 95 14.2   3  2.5-9.9-9.9
5287220170623 23.2 12.8  0.009999-99.9-99.9-99.9-99.9-9.9 9917.1 98 14.9   2  2.0-9.9-9.9
5287220170624 17.8 11.9  0.009999-99.9-99.9-99.9-99.9-9.9 9916.2 98 14.1   2  1.8-9.9-9.9
5287220170625 24.9 14.1  0.009999-99.9-99.9-99.9-99.9-9.9 9920.2 87 17.7   2  1.8-9.9-9.9
5287220170626 21.0 16.9 23.519999-99.9-99.9-99.9-99.9-9.9 9919.8 97 17.3   1  1.1-9.9-9.9
5287220170627 19.2 11.0  1.519999-99.9-99.9-99.9-99.9-9.9 9914.8100 12.7   9  7.4-9.9-9.9
5287220170628 11.0  8.6  0.009999-99.9-99.9-99.9-99.9-9.9 9911.8100  9.4   3  2.5-9.9-9.9
5287220170629 16.5  7.1  0.009999-99.9-99.9-99.9-99.9-9.9 9911.7 92  9.2   3  2.3-9.9-9.9
5287220170630 14.9  8.9-99.999999-99.9-99.9-99.9-99.9-9.9 9911.5 87  8.9   2  1.6-9.9-9.9
5287220170701-99.9-99.9  0.009999-99.9-99.9-99.9-99.9-9.9 99-9.9-99-99.9 -99-99.9-9.9-9.9
5287220170702 20.6  6.6  0.009999-99.9-99.9-99.9-99.9-9.9 9911.6 80  9.1   3  2.3-9.9-9.9
5287220170703 21.4  6.2  0.009999-99.9-99.9-99.9-99.9-9.9 9911.2 77  8.5   3  2.5-9.9-9.9
5287220170704 22.5  8.8  4.019999-99.9-99.9-99.9-99.9-9.9 9914.0 84 11.9   3  2.2-9.9-9.9
5287220170705 14.7  8.2  4.219999-99.9-99.9-99.9-99.9-9.9 9913.2 96 10.9   4  3.4-9.9-9.9
5287220170706 13.5  5.1  0.009999-99.9-99.9-99.9-99.9-9.9 9910.5 94  7.7   1  1.0-9.9-9.9
5287220170707 12.3  5.0 11.819999-99.9-99.9-99.9-99.9-9.9 9911.6100  9.0   2  1.5-9.9-9.9
5287220170708 13.9 10.4-99.999999-99.9-99.9-99.9-99.9-9.9 9913.6 99 11.5   2  1.6-9.9-9.9
5287220170709-99.9-99.9-99.999999-99.9-99.9-99.9-99.9-9.9 99-9.9-99-99.9 -99-99.9-9.9-9.9
5287220170710-99.9-99.9-99.999999-99.9-99.9-99.9-99.9-9.9 99-9.9-99-99.9 -99-99.9-9.9-9.9
5287220170711-99.9-99.9  0.219999-99.9-99.9-99.9-99.9-9.9 99-9.9-99-99.9 -99-99.9-9.9-9.9
5287220170712 16.5  7.3-99.999999-99.9-99.9-99.9-99.9-9.9 99-9.9100-99.9 -99-99.9-9.9-9.9
5287220170714-99.9-99.9-99.999999-99.9-99.9-99.9-99.9-9.9 99-9.9-99-99.9 -99-99.9-9.9-9.9
5287220170715-99.9-99.9-99.999999-99.9-99.9-99.9-99.9-9.9 99-9.9-99-99.9 -99-99.9-9.9-9.9
5287220170716-99.9-99.9  0.009999-99.9-99.9-99.9-99.9-9.9 99-9.9-99-99.9 -99-99.9-9.9-9.9
5287220170717 12.4 -2.9  0.009999-99.9-99.9-99.9-99.9-9.9 99 5.4 66 -1.8   4  2.9-9.9-9.9
5287220170718 17.4  0.1  0.009999-99.9-99.9-99.9-99.9-9.9 99 6.5 66  0.7   4  3.0-9.9-9.9
5287220170719 17.9  3.0  0.009999-99.9-99.9-99.9-99.9-9.9 99 7.8 67  3.4   4  3.4-9.9-9.9
5287220170720 18.4  4.5  0.009999-99.9-99.9-99.9-99.9-9.9 99 9.3 76  5.9   3  2.4-9.9-9.9
5287220170721 20.1  4.1  0.009999-99.9-99.9-99.9-99.9-9.9 9910.0 78  6.9   1  1.1-9.9-9.9
5287220170722 19.6  5.0  0.009999-99.9-99.9-99.9-99.9-9.9 9910.1 78  7.1   3  2.2-9.9-9.9
5287220170723 16.8  4.8  0.219999-99.9-99.9-99.9-99.9-9.9 9911.7 91  9.1   2  1.6-9.9-9.9
5287220170724 19.8  5.8  0.009999-99.9-99.9-99.9-99.9-9.9 9910.9 83  8.2   2  1.4-9.9-9.9
5287220170725 17.3  3.0  0.009999-99.9-99.9-99.9-99.9-9.9 99 9.5 74  6.1   2  1.9-9.9-9.9
5287220170726 15.8 11.3  0.219999-99.9-99.9-99.9-99.9-9.9 9915.1100 13.1   1  0.8-9.9-9.9
5287220170727 24.8 13.0  0.009999-99.9-99.9-99.9-99.9-9.9 9918.2 87 15.9   1  0.9-9.9-9.9
5287220170728 26.2 15.4  0.009999-99.9-99.9-99.9-99.9-9.9 9917.9 81 15.7   2  1.7-9.9-9.9
5287220170729 17.2 13.1  7.019999-99.9-99.9-99.9-99.9-9.9 9915.6 91 13.5   4  3.5-9.9-9.9
5287220170730 13.0  6.8  0.219999-99.9-99.9-99.9-99.9-9.9 9911.0100  8.4   6  5.2-9.9-9.9
5287220170731 13.4  6.1  0.009999-99.9-99.9-99.9-99.9-9.9 9912.0 98  9.6   3  2.0-9.9-9.9
5287220170801 15.0  8.6-99.999999-99.9-99.9-99.9-99.9-9.9 9913.0 97 10.7   2  1.9-9.9-9.9
5287220170802-99.9-99.9  0.009999-99.9-99.9-99.9-99.9-9.9 9911.4 85  8.8 -99-99.9-9.9-9.9
5287220170803 20.3  4.1  0.009999-99.9-99.9-99.9-99.9-9.9 9910.3 83  7.3   2  2.0-9.9-9.9
5287220170804 19.9  3.5  0.009999-99.9-99.9-99.9-99.9-9.9 9910.8 83  7.8   2  1.3-9.9-9.9
5287220170805 21.7  5.9  0.009999-99.9-99.9-99.9-99.9-9.9 9911.5 81  8.9   3  2.2-9.9-9.9
5287220170806 24.6  7.4  0.009999-99.9-99.9-99.9-99.9-9.9 9914.3 83 12.1   2  1.4-9.9-9.9
5287220170807 21.9 11.1 19.219999-99.9-99.9-99.9-99.9-9.9 9916.0 92 13.9   4  3.3-9.9-9.9
5287220170808 17.5  8.7  0.009999-99.9-99.9-99.9-99.9-9.9 9912.9 89 10.7   8  6.5-9.9-9.9
5287220170809 17.4  7.6  0.219999-99.9-99.9-99.9-99.9-9.9 9913.2 94 11.1   3  2.4-9.9-9.9
5287220170810 13.9 10.4 28.019999-99.9-99.9-99.9-99.9-9.9 9914.4100 12.4   4  3.2-9.9-9.9
5287220170811 15.4 13.1 35.819999-99.9-99.9-99.9-99.9-9.9 9916.3100 14.3   3  2.2-9.9-9.9
5287220170812 16.8 10.0  0.009999-99.9-99.9-99.9-99.9-9.9 9913.1 90 10.9   9  7.0-9.9-9.9
5287220170813 19.2  3.9  0.009999-99.9-99.9-99.9-99.9-9.9 99 9.2 67  5.7   2  2.0-9.9-9.9
5287220170814 19.3  7.1  0.009999-99.9-99.9-99.9-99.9-9.9 99 9.8 63  6.6   4  3.2-9.9-9.9
5287220170815 21.3  5.5  0.009999-99.9-99.9-99.9-99.9-9.9 9911.4 79  8.7   3  2.5-9.9-9.9
5287220170816 19.5  3.2  0.009999-99.9-99.9-99.9-99.9-9.9 99 8.9 77  5.2   2  1.6-9.9-9.9
5287220170817 23.9  5.5  0.009999-99.9-99.9-99.9-99.9-9.9 9911.7 74  9.0   3  2.6-9.9-9.9
5287220170818 24.5 10.0  1.519999-99.9-99.9-99.9-99.9-9.9 9915.4 80 13.3   3  2.3-9.9-9.9
5287220170819 19.2  8.1  0.009999-99.9-99.9-99.9-99.9-9.9 9910.4 65  7.1   6  4.9-9.9-9.9
5287220170820 15.9  4.2  0.009999-99.9-99.9-99.9-99.9-9.9 99 8.0 74  3.7   4  3.1-9.9-9.9
5287220170821 19.9  3.2  0.009999-99.9-99.9-99.9-99.9-9.9 99 9.5 65  6.2   5  3.9-9.9-9.9
5287220170822 18.9  7.9  0.009999-99.9-99.9-99.9-99.9-9.9 9910.1 69  7.0   6  4.6-9.9-9.9
5287220170823 20.1 10.1  0.009999-99.9-99.9-99.9-99.9-9.9 9914.0 89 11.9   1  1.0-9.9-9.9
5287220170824 22.9 11.1  0.009999-99.9-99.9-99.9-99.9-9.9 9918.0 93 15.6   1  0.8-9.9-9.9
5287220170825 17.6 14.3  0.009999-99.9-99.9-99.9-99.9-9.9 9915.8 86 13.5   6  4.9-9.9-9.9
5287220170826 20.9  9.9  0.009999-99.9-99.9-99.9-99.9-9.9 9913.7 84 11.3   4  3.4-9.9-9.9
5287220170827 16.9 12.7  0.009999-99.9-99.9-99.9-99.9-9.9 9916.7 99 14.7   3  2.1-9.9-9.9
5287220170828 24.8 13.9  0.219999-99.9-99.9-99.9-99.9-9.9 9920.1 93 17.4   2  1.8-9.9-9.9
5287220170829 19.7 10.3  0.219999-99.9-99.9-99.9-99.9-9.9 9915.5 94 13.1  10  7.7-9.9-9.9
5287220170830 17.1  5.0  0.009999-99.9-99.9-99.9-99.9-9.9 9910.1 83  7.1   5  4.1-9.9-9.9
5287220170831 20.4  4.5  0.009999-99.9-99.9-99.9-99.9-9.9 9910.5 74  7.5   3  2.2-9.9-9.9
5287220170901 23.1 10.0  0.009999-99.9-99.9-99.9-99.9-9.9 9915.5 84 13.4   2  2.0-9.9-9.9
5287220170902 21.2 12.6 19.819999-99.9-99.9-99.9-99.9-9.9 9914.9 83 12.9   4  3.3-9.9-9.9
5287220170903 15.2  9.6  0.819999-99.9-99.9-99.9-99.9-9.9 9913.1100 11.0   8  6.8-9.9-9.9
5287220170904 17.7  6.7  0.009999-99.9-99.9-99.9-99.9-9.9 9911.1 86  8.5   7  5.7-9.9-9.9
5287220170905 19.4  3.7  0.009999-99.9-99.9-99.9-99.9-9.9 99 9.1 73  5.6   1  1.2-9.9-9.9
5287220170906 21.9  6.0  0.009999-99.9-99.9-99.9-99.9-9.9 9911.5 79  8.9   2  1.6-9.9-9.9
5287220170907 22.5  5.8  0.009999-99.9-99.9-99.9-99.9-9.9 9912.8 84 10.5   2  1.3-9.9-9.9
5287220170908 17.4  7.8  9.519999-99.9-99.9-99.9-99.9-9.9 9913.7 91 11.6   2  1.7-9.9-9.9
5287220170909 17.5 12.5  5.819999-99.9-99.9-99.9-99.9-9.9 9916.5100 14.5   3  2.4-9.9-9.9
5287220170910 17.7 13.6 41.019999-99.9-99.9-99.9-99.9-9.9 9917.0100 14.9   4  3.3-9.9-9.9
5287220170911 18.1  9.0  0.009999-99.9-99.9-99.9-99.9-9.9 9911.3 76  8.7  11  8.9-9.9-9.9
5287220170912 22.5  6.2  0.009999-99.9-99.9-99.9-99.9-9.9 9911.3 76  8.7   2  1.3-9.9-9.9
5287220170913 21.8  7.2  0.009999-99.9-99.9-99.9-99.9-9.9 9912.7 81 10.5   2  1.3-9.9-9.9
5287220170914 21.6 10.1  0.009999-99.9-99.9-99.9-99.9-9.9 9912.7 72 10.5   8  6.1-9.9-9.9
5287220170915 17.3  6.1  0.009999-99.9-99.9-99.9-99.9-9.9 9910.4 83  7.6   4  3.3-9.9-9.9
5287220170916 21.1  4.9  0.009999-99.9-99.9-99.9-99.9-9.9 9910.8 80  7.9   1  1.0-9.9-9.9
5287220170917 23.1  6.5  0.009999-99.9-99.9-99.9-99.9-9.9 9912.2 77  9.8   2  1.7-9.9-9.9
5287220170918 26.2  8.6  0.009999-99.9-99.9-99.9-99.9-9.9 9914.2 73 12.1   2  1.9-9.9-9.9
5287220170919 27.4  9.4  0.009999-99.9-99.9-99.9-99.9-9.9 9915.4 72 13.3   3  2.2-9.9-9.9
5287220170920 21.6 12.8  8.219999-99.9-99.9-99.9-99.9-9.9 9916.3 91 14.1   5  4.3-9.9-9.9
5287220170921 17.0  8.6  0.009999-99.9-99.9-99.9-99.9-9.9 9911.6 90  9.0   2  1.9-9.9-9.9
5287220170922 21.6  3.4  0.009999-99.9-99.9-99.9-99.9-9.9 9910.2 81  7.1   1  1.1-9.9-9.9
5287220170923 25.0  8.1  0.009999-99.9-99.9-99.9-99.9-9.9 9912.4 67 10.1   2  1.4-9.9-9.9
5287220170924 25.6  9.2  0.009999-99.9-99.9-99.9-99.9-9.9 9914.1 75 12.0   2  1.9-9.9-9.9
5287220170925 27.0 11.7  0.009999-99.9-99.9-99.9-99.9-9.9 9916.6 74 14.5   2  1.5-9.9-9.9
5287220170926 19.5  7.8 21.219999-99.9-99.9-99.9-99.9-9.9 9911.2 94  8.6   5  3.6-9.9-9.9
5287220170927 17.1  6.6  0.009999-99.9-99.9-99.9-99.9-9.9 9910.4 78  7.5   4  3.3-9.9-9.9
5287220170928 20.3  5.9  0.009999-99.9-99.9-99.9-99.9-9.9 9912.6 81 10.2   2  1.7-9.9-9.9
5287220170929 20.8 12.1  0.009999-99.9-99.9-99.9-99.9-9.9 9915.6 89 13.6   3  2.2-9.9-9.9
5287220170930 21.2 12.5 29.819999-99.9-99.9-99.9-99.9-9.9 9918.3100 16.0   1  1.0-9.9-9.9
5287220171001 19.7 12.9  4.019999-99.9-99.9-99.9-99.9-9.9 9915.4 88 13.4   7  5.8-9.9-9.9
5287220171002 21.3  8.8  0.009999-99.9-99.9-99.9-99.9-9.9 9913.0 75 10.8   4  3.1-9.9-9.9
5287220171003 23.8 13.0  0.009999-99.9-99.9-99.9-99.9-9.9 9912.3 66 10.0   4  2.8-9.9-9.9
5287220171004 26.5 11.3  0.009999-99.9-99.9-99.9-99.9-9.9 9915.3 69 13.1   3  2.7-9.9-9.9
5287220171005 25.0 11.8  0.009999-99.9-99.9-99.9-99.9-9.9 9913.1 69 10.8   4  3.2-9.9-9.9
5287220171006 22.1  9.9  0.009999-99.9-99.9-99.9-99.9-9.9 9910.9 68  8.3   5  4.4-9.9-9.9
5287220171007 23.4  7.9  0.009999-99.9-99.9-99.9-99.9-9.9 9912.4 70 10.1   3  2.1-9.9-9.9
5287220171008 23.0  9.4  0.519999-99.9-99.9-99.9-99.9-9.9 9915.6 86 13.6   2  2.0-9.9-9.9
5287220171009 24.8 11.3  0.219999-99.9-99.9-99.9-99.9-9.9 9913.8 73 11.6   4  3.5-9.9-9.9
5287220171010 18.9  7.4  0.219999-99.9-99.9-99.9-99.9-9.9 9912.0 73  9.6   1  0.9-9.9-9.9
5287220171011 22.7 10.3  0.009999-99.9-99.9-99.9-99.9-9.9 9912.9 72 10.6   2  1.8-9.9-9.9
5287220171012 15.4  9.2  0.009999-99.9-99.9-99.9-99.9-9.9 9911.8 87  9.4   2  2.0-9.9-9.9
5287220171013 20.9  9.4  0.009999-99.9-99.9-99.9-99.9-9.9 9910.6 63  7.7   2  2.0-9.9-9.9
5287220171014 26.9  6.8  0.009999-99.9-99.9-99.9-99.9-9.9 9912.0 64  9.6   3  2.7-9.9-9.9
5287220171015 28.3  9.0  0.009999-99.9-99.9-99.9-99.9-9.9 9913.3 62 11.2   2  1.7-9.9-9.9
5287220171016 28.2 11.4  0.009999-99.9-99.9-99.9-99.9-9.9 9915.8 69 13.8   2  1.9-9.9-9.9
5287220171017 30.7 13.9  0.009999-99.9-99.9-99.9-99.9-9.9 9920.0 83 17.4   1  0.6-9.9-9.9
5287220171018 31.2 14.7 24.019999-99.9-99.9-99.9-99.9-9.9 9920.7 83 17.9   5  3.8-9.9-9.9
5287220171019 23.4  7.8  0.009999-99.9-99.9-99.9-99.9-9.9 9910.9 64  8.0   3  2.5-9.9-9.9
5287220171020 24.7 10.0  3.019999-99.9-99.9-99.9-99.9-9.9 9915.9 80 13.7   3  2.3-9.9-9.9
5287220171021 21.4  9.1  0.219999-99.9-99.9-99.9-99.9-9.9 9912.2 74  9.8   8  6.1-9.9-9.9
5287220171022 19.9  5.1  0.219999-99.9-99.9-99.9-99.9-9.9 9910.2 75  7.3   3  2.3-9.9-9.9
5287220171023 25.6  7.3  0.009999-99.9-99.9-99.9-99.9-9.9 9912.8 69 10.5   2  1.9-9.9-9.9
5287220171024 28.8  9.6  0.009999-99.9-99.9-99.9-99.9-9.9 9914.8 66 12.8   1  0.9-9.9-9.9
5287220171025 30.3 11.0  0.009999-99.9-99.9-99.9-99.9-9.9 9916.2 65 14.1   1  0.7-9.9-9.9
5287220171026 29.6 14.4  6.519999-99.9-99.9-99.9-99.9-9.9 9918.8 69 16.4   3  2.3-9.9-9.9
5287220171027 23.7 12.9  0.009999-99.9-99.9-99.9-99.9-9.9 9916.7 86 14.6   3  2.7-9.9-9.9
5287220171028 26.3 11.4  5.519999-99.9-99.9-99.9-99.9-9.9 9915.3 75 13.3   2  1.5-9.9-9.9
5287220171029 24.7 12.9 16.819999-99.9-99.9-99.9-99.9-9.9 9918.4 93 16.1   2  1.4-9.9-9.9
5287220171030 24.8 10.8  0.009999-99.9-99.9-99.9-99.9-9.9 9913.3 76 11.1   3  2.1-9.9-9.9
5287220171031 28.0  9.4  0.009999-99.9-99.9-99.9-99.9-9.9 9913.0 49 10.8   2  1.4-9.9-9.9
5287220171101 24.9 13.9  2.019999-99.9-99.9-99.9-99.9-9.9 9917.0 79 14.9   3  2.2-9.9-9.9
5287220171102 21.8 14.5  7.019999-99.9-99.9-99.9-99.9-9.9 9918.3 93 16.1   3  2.0-9.9-9.9
5287220171103 24.7 13.1  0.009999-99.9-99.9-99.9-99.9-9.9 9914.9 72 12.8   3  2.4-9.9-9.9
5287220171104 25.7 10.9  0.009999-99.9-99.9-99.9-99.9-9.9 9913.6 64 11.5   3  2.3-9.9-9.9
5287220171105 29.0 11.7  0.219999-99.9-99.9-99.9-99.9-9.9 9915.4 65 13.4   1  0.8-9.9-9.9
5287220171106 27.1 14.1  0.219999-99.9-99.9-99.9-99.9-9.9 9918.3 80 16.0   1  1.0-9.9-9.9
5287220171107 18.7 16.0 14.519999-99.9-99.9-99.9-99.9-9.9 9919.5100 17.1   2  1.2-9.9-9.9
5287220171108 24.0 16.1  0.009999-99.9-99.9-99.9-99.9-9.9 9919.8 90 17.3   2  1.6-9.9-9.9
5287220171109 28.1 12.0  0.009999-99.9-99.9-99.9-99.9-9.9 9915.7 68 13.7   2  1.9-9.9-9.9
5287220171110 28.7 14.3  0.009999-99.9-99.9-99.9-99.9-9.9 9916.4 67 14.3   3  2.5-9.9-9.9
5287220171111 25.5  8.0  0.009999-99.9-99.9-99.9-99.9-9.9 9912.3 62  9.9   4  2.9-9.9-9.9
5287220171112 32.8  9.4  0.009999-99.9-99.9-99.9-99.9-9.9 9914.2 51 12.1   1  0.8-9.9-9.9
5287220171113 35.3 13.2  0.009999-99.9-99.9-99.9-99.9-9.9 9918.1 55 15.7   2  1.7-9.9-9.9
5287220171114 36.6 14.3  4.219999-99.9-99.9-99.9-99.9-9.9 9918.5 60 16.1   2  1.4-9.9-9.9
5287220171115 30.9 15.1  2.819999-99.9-99.9-99.9-99.9-9.9 9918.7 87 16.2   5  4.0-9.9-9.9
5287220171116 26.2  8.1  0.009999-99.9-99.9-99.9-99.9-9.9 9912.2 62  9.8   2  2.0-9.9-9.9
5287220171117 26.0 12.0  0.219999-99.9-99.9-99.9-99.9-9.9 9912.6 63 10.2   5  3.9-9.9-9.9
5287220171118 21.6  6.0  0.009999-99.9-99.9-99.9-99.9-9.9 99 9.6 62  6.2   3  2.3-9.9-9.9
5287220171119 25.5  8.7  0.009999-99.9-99.9-99.9-99.9-9.9 9910.8 57  7.9   5  3.8-9.9-9.9
5287220171120 23.5  9.1  0.009999-99.9-99.9-99.9-99.9-9.9 9913.3 79 11.0   3  2.3-9.9-9.9
5287220171121 24.8  6.8  0.009999-99.9-99.9-99.9-99.9-9.9 9910.6 49  7.8   2  1.3-9.9-9.9
5287220171122 31.0  9.0  0.009999-99.9-99.9-99.9-99.9-9.9 9913.2 50 11.0   3  2.1-9.9-9.9
5287220171123 32.7 13.8  0.009999-99.9-99.9-99.9-99.9-9.9 9914.6 53 12.2   5  4.2-9.9-9.9
5287220171124 23.2  4.0  0.009999-99.9-99.9-99.9-99.9-9.9 99 9.3 53  5.8   2  1.8-9.9-9.9
5287220171125 29.7  6.9  0.009999-99.9-99.9-99.9-99.9-9.9 9911.5 48  8.9   1  1.0-9.9-9.9
5287220171126 33.4 10.4  0.009999-99.9-99.9-99.9-99.9-9.9 9913.9 50 11.8   2  1.5-9.9-9.9
5287220171127 25.5 13.9  0.009999-99.9-99.9-99.9-99.9-9.9 9910.8 47  8.1   5  3.7-9.9-9.9
5287220171128 27.2  6.2  0.009999-99.9-99.9-99.9-99.9-9.9 9911.2 51  8.6   2  1.4-9.9-9.9
5287220171129 29.9 13.7  0.219999-99.9-99.9-99.9-99.9-9.9 9916.6 54 14.6   1  1.2-9.9-9.9
5287220171130 33.6 16.1  0.009999-99.9-99.9-99.9-99.9-9.9 9917.4 49 15.2   2  1.4-9.9-9.9
5287220171201 31.5 15.6  0.009999-99.9-99.9-99.9-99.9-9.9 9918.8 58 16.5   2  1.3-9.9-9.9
5287220171202 29.9 17.2  6.219999-99.9-99.9-99.9-99.9-9.9 9921.4 75 18.6   2  1.4-9.9-9.9
5287220171203 25.5 16.2  0.009999-99.9-99.9-99.9-99.9-9.9 9920.3 78 17.7   3  2.4-9.9-9.9
5287220171204 28.2 12.1  0.009999-99.9-99.9-99.9-99.9-9.9 9916.0 72 14.0   2  1.9-9.9-9.9
5287220171205 31.0 12.4  0.009999-99.9-99.9-99.9-99.9-9.9 9916.9 62 14.8   1  1.1-9.9-9.9
5287220171206 32.1 15.7  0.009999-99.9-99.9-99.9-99.9-9.9 9920.1 75 17.6   1  1.2-9.9-9.9
5287220171207 31.3 14.4  0.009999-99.9-99.9-99.9-99.9-9.9 9920.7 75 18.0   2  1.4-9.9-9.9
5287220171208 34.0 17.4  0.009999-99.9-99.9-99.9-99.9-9.9 9921.0 58 18.3   2  1.7-9.9-9.9
5287220171209 34.9 17.9  0.009999-99.9-99.9-99.9-99.9-9.9 9917.3 50 15.0   3  2.8-9.9-9.9
5287220171210 30.1 10.6  0.009999-99.9-99.9-99.9-99.9-9.9 9913.6 45 11.4   6  4.5-9.9-9.9
5287220171211 27.9  7.4  0.009999-99.9-99.9-99.9-99.9-9.9 9912.1 51  9.8   2  1.6-9.9-9.9
5287220171212 33.6 10.5  0.009999-99.9-99.9-99.9-99.9-9.9 9914.9 49 12.9   2  1.8-9.9-9.9
5287220171213 30.2 17.4-99.999999-99.9-99.9-99.9-99.9-9.9 9920.6 93 17.9   1  1.0-9.9-9.9
5287220171214 32.8 14.7-99.999999-99.9-99.9-99.9-99.9-9.9 9918.3 61 16.0   2  1.9-9.9-9.9
5287220171215 37.7 16.9  0.009999-99.9-99.9-99.9-99.9-9.9 9917.5 41 15.3   2  1.9-9.9-9.9
5287220171216 35.3 19.7-99.999999-99.9-99.9-99.9-99.9-9.9 9922.5 66 19.3   5  3.7-9.9-9.9
5287220171217 25.0 13.7-99.999999-99.9-99.9-99.9-99.9-9.9 9913.5 66 11.2   6  4.6-9.9-9.9
5287220171218 27.0  8.6  0.009999-99.9-99.9-99.9-99.9-9.9 9911.7 50  9.2   2  2.0-9.9-9.9
5287220171219 23.5 12.9-99.999999-99.9-99.9-99.9-99.9-9.9 9917.6 88 15.4   2  1.6-9.9-9.9
5287220171220 33.3 12.6  0.009999-99.9-99.9-99.9-99.9-9.9 9919.2 60 16.7   2  1.8-9.9-9.9
5287220171221 32.5 19.0  0.009999-99.9-99.9-99.9-99.9-9.9 9923.7 71 20.2   1  0.8-9.9-9.9
5287220171222 36.5 18.2-99.999999-99.9-99.9-99.9-99.9-9.9 9924.2 61 20.5   1  1.1-9.9-9.9
5287220171223 27.1 16.0-99.999999-99.9-99.9-99.9-99.9-9.9 9915.0 60 12.7   4  2.9-9.9-9.9
5287220171224 29.4  8.7  0.009999-99.9-99.9-99.9-99.9-9.9 9913.1 50 10.8   2  1.6-9.9-9.9
5287220171225 35.2 12.5  0.009999-99.9-99.9-99.9-99.9-9.9 9918.5 50 16.1   3  2.3-9.9-9.9
5287220171226 33.0 17.9-99.999999-99.9-99.9-99.9-99.9-9.9 9922.6 70 19.4   1  1.0-9.9-9.9
5287220171227 34.6 13.7-99.999999-99.9-99.9-99.9-99.9-9.9 9919.0 61 16.6   1  0.7-9.9-9.9
5287220171228 38.1 16.1-99.999999-99.9-99.9-99.9-99.9-9.9 9919.6 50 17.1   1  0.9-9.9-9.9
5287220171229 38.2 19.8  0.009999-99.9-99.9-99.9-99.9-9.9 9921.4 53 18.5   2  1.4-9.9-9.9
5287220171230 37.5 20.1  0.009999-99.9-99.9-99.9-99.9-9.9 9921.4 53 18.4   3  2.4-9.9-9.9
5287220171231 29.2 12.3  0.009999-99.9-99.9-99.9-99.9-9.9 9913.5 59 11.3   1  1.1-9.9-9.9
5287220180101 31.8  9.9  0.009999-99.9-99.9-99.9-99.9-9.9 9913.3 53 11.2   1  0.6-9.9-9.9
5287220180102 33.3 14.4  0.009999-99.9-99.9-99.9-99.9-9.9 9914.5 44 12.4   3  2.1-9.9-9.9
5287220180103 33.3 13.1-99.999999-99.9-99.9-99.9-99.9-9.9 9914.0 44 11.9   2  1.8-9.9-9.9
5287220180104 37.9 17.4-99.999999-99.9-99.9-99.9-99.9-9.9 9920.2 53 17.5   3  2.6-9.9-9.9
5287220180105 27.4 15.5-99.999999-99.9-99.9-99.9-99.9-9.9 9918.1 86 15.8   3  2.2-9.9-9.9
5287220180106 31.0 11.1  0.009999-99.9-99.9-99.9-99.9-9.9 9913.8 53 11.6   2  1.2-9.9-9.9
5287220180107 34.2 13.9  0.009999-99.9-99.9-99.9-99.9-9.9 9917.1 51 15.0   2  2.0-9.9-9.9
5287220180108 36.2 16.9  0.009999-99.9-99.9-99.9-99.9-9.9 9917.6 46 15.4   2  1.5-9.9-9.9
5287220180109 35.9 16.9  0.009999-99.9-99.9-99.9-99.9-9.9 9916.4 44 14.3   2  1.9-9.9-9.9
5287220180110 37.5 17.4  0.009999-99.9-99.9-99.9-99.9-9.9 9924.4 59 20.6   2  1.3-9.9-9.9
5287220180111 40.0 20.7  0.009999-99.9-99.9-99.9-99.9-9.9 9924.7 57 20.9   2  1.7-9.9-9.9
5287220180112 34.3 22.4  0.009999-99.9-99.9-99.9-99.9-9.9 9925.0 71 21.1   2  1.3-9.9-9.9
5287220180113 29.0 20.2  0.009999-99.9-99.9-99.9-99.9-9.9 9920.5 63 17.4   3  2.6-9.9-9.9
5287220180114 23.9 15.4  0.009999-99.9-99.9-99.9-99.9-9.9 9915.7 74 13.6   4  2.9-9.9-9.9
5287220180115 30.3 10.2  0.009999-99.9-99.9-99.9-99.9-9.9 9914.6 59 12.5   1  1.2-9.9-9.9
5287220180116 31.4 15.8  0.009999-99.9-99.9-99.9-99.9-9.9 9921.3 68 18.4   1  1.1-9.9-9.9
5287220180117 29.2 17.6  0.009999-99.9-99.9-99.9-99.9-9.9 9919.8 78 17.2   1  1.1-9.9-9.9
5287220180118 36.3 13.2  0.009999-99.9-99.9-99.9-99.9-9.9 9917.5 53 15.3   2  1.5-9.9-9.9
5287220180119 36.4 13.4  0.009999-99.9-99.9-99.9-99.9-9.9 9916.1 45 14.0   1  0.7-9.9-9.9
5287220180120 38.2 17.6  0.009999-99.9-99.9-99.9-99.9-9.9 9917.6 41 15.3   2  1.3-9.9-9.9
5287220180121 37.0 16.4  0.009999-99.9-99.9-99.9-99.9-9.9 9920.0 56 17.4   1  0.9-9.9-9.9
5287220180122 36.3 16.9 32.519999-99.9-99.9-99.9-99.9-9.9 9921.8 67 18.9   1  1.1-9.9-9.9
5287220180123 35.0 17.3  0.009999-99.9-99.9-99.9-99.9-9.9 9922.2 72 19.1   3  2.3-9.9-9.9
5287220180124 27.6 14.2  0.009999-99.9-99.9-99.9-99.9-9.9 9915.4 65 13.4   5  4.0-9.9-9.9
5287220180125 28.3  9.5  0.009999-99.9-99.9-99.9-99.9-9.9 9914.2 57 12.2   2  1.9-9.9-9.9
5287220180126 32.9 16.6  2.219999-99.9-99.9-99.9-99.9-9.9 9919.3 67 16.9   3  2.3-9.9-9.9
5287220180127 31.9 17.5  0.009999-99.9-99.9-99.9-99.9-9.9 9923.0 83 19.7   2  1.5-9.9-9.9
5287220180128 34.3 14.9  0.009999-99.9-99.9-99.9-99.9-9.9 9917.6 59 15.2   2  1.3-9.9-9.9
5287220180129 33.8 14.0  0.009999-99.9-99.9-99.9-99.9-9.9 9914.1 42 11.9   2  1.7-9.9-9.9
5287220180130 36.1 14.3  0.519999-99.9-99.9-99.9-99.9-9.9 9920.6 61 17.8   3  2.0-9.9-9.9
5287220180131 36.4 19.1  0.219999-99.9-99.9-99.9-99.9-9.9 9923.6 67 20.1   1  0.5-9.9-9.9
5287220180201 36.8 17.0  0.009999-99.9-99.9-99.9-99.9-9.9 9922.3 63 19.2   1  0.5-9.9-9.9
5287220180202 34.8 18.0  0.009999-99.9-99.9-99.9-99.9-9.9 9919.2 49 16.7   2  1.3-9.9-9.9
5287220180203 34.9 14.8  0.009999-99.9-99.9-99.9-99.9-9.9 9918.8 58 16.5   2  1.5-9.9-9.9
5287220180204 36.2 17.2  0.009999-99.9-99.9-99.9-99.9-9.9 9921.1 60 18.3   1  1.1-9.9-9.9
5287220180205 38.0 18.0  0.009999-99.9-99.9-99.9-99.9-9.9 9922.0 55 19.0   1  0.8-9.9-9.9
5287220180206 38.4 18.7  0.009999-99.9-99.9-99.9-99.9-9.9 9921.2 54 18.4   1  0.9-9.9-9.9
5287220180207 37.7 17.5  0.009999-99.9-99.9-99.9-99.9-9.9 9920.6 55 17.9   1  0.5-9.9-9.9
5287220180208 39.8 19.0  3.519999-99.9-99.9-99.9-99.9-9.9 9921.3 50 18.4   1  1.0-9.9-9.9
5287220180209 30.8 17.2  0.219999-99.9-99.9-99.9-99.9-9.9 9919.6 69 16.6   3  2.3-9.9-9.9
5287220180210 31.8 13.1  0.009999-99.9-99.9-99.9-99.9-9.9 9915.3 54 13.3   3  2.1-9.9-9.9
5287220180211 25.4 10.0  0.009999-99.9-99.9-99.9-99.9-9.9 9910.9 53  8.2   4  3.6-9.9-9.9
5287220180212 28.3  5.3  0.009999-99.9-99.9-99.9-99.9-9.9 9910.8 53  8.1   1  1.1-9.9-9.9
5287220180213 30.8  9.0  0.009999-99.9-99.9-99.9-99.9-9.9 9911.5 44  9.0   1  1.1-9.9-9.9
5287220180214 33.5 10.5  0.009999-99.9-99.9-99.9-99.9-9.9 9913.3 50 11.2   2  1.6-9.9-9.9
5287220180215 35.0 14.5  0.009999-99.9-99.9-99.9-99.9-9.9 9917.6 56 15.4   2  2.0-9.9-9.9
5287220180216 36.2 16.2  0.009999-99.9-99.9-99.9-99.9-9.9 9920.5 57 17.9   2  1.9-9.9-9.9
5287220180217 37.3 16.9  0.009999-99.9-99.9-99.9-99.9-9.9 9920.5 59 17.9   1  0.9-9.9-9.9
5287220180218 38.6 18.5  9.219999-99.9-99.9-99.9-99.9-9.9 9922.8 56 19.6   2  1.6-9.9-9.9
5287220180219 32.4 18.7  0.009999-99.9-99.9-99.9-99.9-9.9 9921.3 78 18.5   3  2.3-9.9-9.9
5287220180220 29.2 12.8  0.009999-99.9-99.9-99.9-99.9-9.9 9916.3 66 14.2   4  2.9-9.9-9.9
5287220180221 29.5 12.9  0.009999-99.9-99.9-99.9-99.9-9.9 9915.3 63 13.2   3  2.6-9.9-9.9
5287220180222 32.6 11.5  0.009999-99.9-99.9-99.9-99.9-9.9 9916.5 69 14.4   1  0.8-9.9-9.9
5287220180223 31.0 14.5  0.009999-99.9-99.9-99.9-99.9-9.9 9918.8 74 16.4   2  1.4-9.9-9.9
5287220180224 30.3 12.7  0.009999-99.9-99.9-99.9-99.9-9.9 9915.6 61 13.6   1  1.2-9.9-9.9
5287220180225 29.9 12.1  0.009999-99.9-99.9-99.9-99.9-9.9 9917.3 68 15.2   1  1.1-9.9-9.9
5287220180226 32.7 13.9  0.009999-99.9-99.9-99.9-99.9-9.9 9918.4 70 16.1   1  1.1-9.9-9.9
5287220180227 33.8 13.0  0.009999-99.9-99.9-99.9-99.9-9.9 9917.7 66 15.6   1  0.8-9.9-9.9
5287220180228 32.6 16.7  0.819999-99.9-99.9-99.9-99.9-9.9 9922.1 87 19.1   1  1.1-9.9-9.9
5287220180301 34.8 14.0  0.219999-99.9-99.9-99.9-99.9-9.9 9919.2 68 16.8   1  0.7-9.9-9.9
5287220180302 36.4 16.1  0.009999-99.9-99.9-99.9-99.9-9.9 9918.9 56 16.5   1  0.7-9.9-9.9
5287220180303 36.9 15.3  0.009999-99.9-99.9-99.9-99.9-9.9 9920.4 67 17.8   1  0.9-9.9-9.9
5287220180304 36.8 17.0  0.009999-99.9-99.9-99.9-99.9-9.9 9921.4 62 18.6   1  1.1-9.9-9.9
5287220180305 30.4 16.6  0.009999-99.9-99.9-99.9-99.9-9.9 9916.8 67 14.4   5  4.2-9.9-9.9
5287220180306 29.2  6.6  0.009999-99.9-99.9-99.9-99.9-9.9 9910.5 54  7.6   1  1.1-9.9-9.9
5287220180307 31.9 10.4  0.009999-99.9-99.9-99.9-99.9-9.9 9911.9 51  9.5   1  1.1-9.9-9.9
5287220180308 33.1 11.1  0.009999-99.9-99.9-99.9-99.9-9.9 9912.4 49 10.1   1  1.1-9.9-9.9
5287220180309 35.2 11.8  0.009999-99.9-99.9-99.9-99.9-9.9 9915.9 59 13.8   1  1.0-9.9-9.9
5287220180310 36.1 15.6  2.019999-99.9-99.9-99.9-99.9-9.9 9919.3 64 16.8   5  3.7-9.9-9.9
5287220180311 25.8  8.8  0.009999-99.9-99.9-99.9-99.9-9.9 9912.1 66  9.8   4  3.1-9.9-9.9
5287220180312 30.3  7.7  0.009999-99.9-99.9-99.9-99.9-9.9 9911.8 51  9.3   2  1.3-9.9-9.9
5287220180313 29.6 12.5  0.009999-99.9-99.9-99.9-99.9-9.9 9910.9 48  7.9   3  2.1-9.9-9.9
5287220180314 31.7  5.9  4.819999-99.9-99.9-99.9-99.9-9.9 9914.3 59 11.7   2  1.7-9.9-9.9
5287220180315 26.7  8.0  0.219999-99.9-99.9-99.9-99.9-9.9 99 9.6 53  6.3   5  4.1-9.9-9.9
5287220180316 30.3  6.1  0.009999-99.9-99.9-99.9-99.9-9.9 9910.6 51  7.7   2  1.7-9.9-9.9
5287220180317 32.3 12.6 23.519999-99.9-99.9-99.9-99.9-9.9 9920.4 69 17.4   2  1.3-9.9-9.9
5287220180318 25.1 13.3  0.219999-99.9-99.9-99.9-99.9-9.9 9917.5 73 15.0   7  5.6-9.9-9.9
5287220180319 29.3  8.5  0.009999-99.9-99.9-99.9-99.9-9.9 9911.6 62  9.1   2  1.5-9.9-9.9
5287220180320 24.9 10.6  0.009999-99.9-99.9-99.9-99.9-9.9 9911.6 63  9.1   5  4.0-9.9-9.9
5287220180321 24.9  6.9  0.009999-99.9-99.9-99.9-99.9-9.9 9911.6 75  9.0   2  1.3-9.9-9.9
5287220180322 22.8  8.5  0.219999-99.9-99.9-99.9-99.9-9.9 9915.5 92 13.3   1  1.1-9.9-9.9
5287220180323 31.6 11.8 10.019999-99.9-99.9-99.9-99.9-9.9 9918.3 80 15.9   1  1.0-9.9-9.9
5287220180324 26.3  9.8 11.219999-99.9-99.9-99.9-99.9-9.9 9914.5 85 12.4   5  3.7-9.9-9.9
5287220180325 21.1  6.3  0.009999-99.9-99.9-99.9-99.9-9.9 9910.8 79  8.0   5  3.7-9.9-9.9
5287220180326 25.4  5.1  0.009999-99.9-99.9-99.9-99.9-9.9 9910.5 68  7.7   1  1.0-9.9-9.9
5287220180327 27.5  8.9  0.009999-99.9-99.9-99.9-99.9-9.9 9914.3 77 12.2   2  1.3-9.9-9.9
5287220180328 30.5 11.9  0.009999-99.9-99.9-99.9-99.9-9.9 9917.6 79 15.4   1  1.2-9.9-9.9
5287220180329 33.5 13.0  0.009999-99.9-99.9-99.9-99.9-9.9 9918.4 73 16.1   1  0.8-9.9-9.9
5287220180330 35.1 13.6  0.009999-99.9-99.9-99.9-99.9-9.9 9919.6 69 17.1   1  0.4-9.9-9.9
5287220180331 35.0 15.7  9.019999-99.9-99.9-99.9-99.9-9.9 9921.2 79 18.4   1  0.8-9.9-9.9
5287220180401 19.8 16.0  5.019999-99.9-99.9-99.9-99.9-9.9 9919.7100 17.2   1  1.2-9.9-9.9
5287220180402 26.9 12.8  0.009999-99.9-99.9-99.9-99.9-9.9 9917.4 86 15.3   1  0.8-9.9-9.9
5287220180403 30.0 11.6  0.009999-99.9-99.9-99.9-99.9-9.9 9916.8 80 14.7   1  0.5-9.9-9.9
5287220180404 31.4 12.8  0.009999-99.9-99.9-99.9-99.9-9.9 9917.6 77 15.4   1  0.9-9.9-9.9
5287220180405 32.4 12.9 12.019999-99.9-99.9-99.9-99.9-9.9 9916.7 67 14.5   3  2.1-9.9-9.9
5287220180406 19.3 12.2  7.219999-99.9-99.9-99.9-99.9-9.9 9914.8100 12.8   2  1.4-9.9-9.9
5287220180407 25.9 12.3  0.519999-99.9-99.9-99.9-99.9-9.9 9917.4 89 15.2   1  0.8-9.9-9.9
5287220180408 19.2 12.5 16.819999-99.9-99.9-99.9-99.9-9.9 9918.9 99 16.5   1  0.5-9.9-9.9
5287220180409 30.8 14.8  0.009999-99.9-99.9-99.9-99.9-9.9 9922.8 81 19.4   2  1.5-9.9-9.9
5287220180410 32.2 21.4  0.009999-99.9-99.9-99.9-99.9-9.9 9923.6 70 20.1   3  2.4-9.9-9.9
5287220180411 29.3 18.9  0.009999-99.9-99.9-99.9-99.9-9.9 9923.3 81 19.9   3  2.0-9.9-9.9
5287220180412 22.0  7.7  0.009999-99.9-99.9-99.9-99.9-9.9 9910.3 68  7.3   6  4.4-9.9-9.9
5287220180413 22.2  2.4  0.009999-99.9-99.9-99.9-99.9-9.9 99 9.0 72  5.4   1  0.9-9.9-9.9
5287220180414 25.6  7.3  0.009999-99.9-99.9-99.9-99.9-9.9 9913.5 78 11.2   2  1.6-9.9-9.9
5287220180415 28.5 11.0  0.009999-99.9-99.9-99.9-99.9-9.9 9916.4 77 14.3   2  1.4-9.9-9.9
5287220180416 29.6 12.9  0.009999-99.9-99.9-99.9-99.9-9.9 9918.7 78 16.3   2  1.9-9.9-9.9
5287220180417 31.5 15.5  6.819999-99.9-99.9-99.9-99.9-9.9 9921.1 76 18.2   2  1.3-9.9-9.9
5287220180418 26.9 18.7  4.219999-99.9-99.9-99.9-99.9-9.9 9924.3 97 20.6   1  0.6-9.9-9.9
5287220180419 32.6 17.5  4.519999-99.9-99.9-99.9-99.9-9.9 9924.8 84 20.9   1  0.8-9.9-9.9
5287220180420 23.2 19.2 10.019999-99.9-99.9-99.9-99.9-9.9 9924.2100 20.5   1  0.6-9.9-9.9
5287220180421 27.3 17.3  0.009999-99.9-99.9-99.9-99.9-9.9 9922.3 93 19.2   1  1.0-9.9-9.9
5287220180422 29.9 15.0 13.219999-99.9-99.9-99.9-99.9-9.9 9921.4 86 18.5   2  1.4-9.9-9.9
5287220180423 25.1 15.2  0.519999-99.9-99.9-99.9-99.9-9.9 9919.0 90 16.6   2  1.7-9.9-9.9
5287220180424 22.5 11.8  0.009999-99.9-99.9-99.9-99.9-9.9 9918.2 91 15.9   2  1.3-9.9-9.9
5287220180425 27.1 18.3  0.009999-99.9-99.9-99.9-99.9-9.9 9922.6 93 19.4   0  0.4-9.9-9.9
5287220180426 27.6 18.3  0.819999-99.9-99.9-99.9-99.9-9.9 9925.2 89 21.2   3  2.1-9.9-9.9
5287220180427 28.2 17.2  0.009999-99.9-99.9-99.9-99.9-9.9 9922.0 89 18.7   2  1.3-9.9-9.9
5287220180428 19.6 14.1 80.019999-99.9-99.9-99.9-99.9-9.9 9917.9 90 15.8   1  1.1-9.9-9.9
5287220180429 20.0 15.5  0.219999-99.9-99.9-99.9-99.9-9.9 9920.6100 17.9   1  0.8-9.9-9.9
5287220180430 23.6 12.5  0.519999-99.9-99.9-99.9-99.9-9.9 9915.4 78 13.3   3  2.4-9.9-9.9
5287220180501 17.5  9.3  0.219999-99.9-99.9-99.9-99.9-9.9 9913.3 87 11.1   2  1.4-9.9-9.9
5287220180502 18.0 13.6  1.219999-99.9-99.9-99.9-99.9-9.9 9917.2100 15.1   1  1.2-9.9-9.9
5287220180503 22.3 13.5  0.519999-99.9-99.9-99.9-99.9-9.9 9918.0 92 15.8   1  0.5-9.9-9.9
5287220180504 18.4 13.0 26.519999-99.9-99.9-99.9-99.9-9.9 9917.6100 15.4   1  0.9-9.9-9.9
5287220180505 16.5 11.6  1.219999-99.9-99.9-99.9-99.9-9.9 9916.3100 14.1   2  1.2-9.9-9.9
5287220180506 24.0 15.9  0.009999-99.9-99.9-99.9-99.9-9.9 9919.7 90 17.2   2  1.4-9.9-9.9
5287220180507 22.1 15.9 82.019999-99.9-99.9-99.9-99.9-9.9 9921.6 98 18.7   2  1.4-9.9-9.9
5287220180508-99.9-99.9-99.999999-99.9-99.9-99.9-99.9-9.9 99-9.9-99-99.9 -99-99.9-9.9-9.9
5287220180509-99.9-99.9-99.999999-99.9-99.9-99.9-99.9-9.9 99-9.9-99-99.9 -99-99.9-9.9-9.9
5287220180511-99.9-99.9  0.009999-99.9-99.9-99.9-99.9-9.9 99-9.9-99-99.9 -99-99.9-9.9-9.9
5287220180512 24.2  7.5  0.009999-99.9-99.9-99.9-99.9-9.9 9913.3 83 11.1   1  0.6-9.9-9.9
5287220180513 21.0  9.9  0.009999-99.9-99.9-99.9-99.9-9.9 9915.0 89 12.9   2  1.2-9.9-9.9
5287220180514 24.4 13.5  0.009999-99.9-99.9-99.9-99.9-9.9 9917.9 90 15.6   2  1.3-9.9-9.9
5287220180515 18.8  6.9  0.219999-99.9-99.9-99.9-99.9-9.9 9910.5 78  7.6   3  2.6-9.9-9.9
5287220180516 17.9  5.8  2.819999-99.9-99.9-99.9-99.9-9.9 9910.6 83  7.8   2  1.9-9.9-9.9
5287220180517 14.7  7.0  2.219999-99.9-99.9-99.9-99.9-9.9 9911.6 91  9.1   1  0.9-9.9-9.9
5287220180518 20.9  6.2  0.009999-99.9-99.9-99.9-99.9-9.9 9912.4 86 10.0   3  2.7-9.9-9.9
5287220180519 16.1  6.6  0.009999-99.9-99.9-99.9-99.9-9.9 9911.4 89  8.9   6  5.0-9.9-9.9
5287220180520 16.7  3.0  0.009999-99.9-99.9-99.9-99.9-9.9 9911.0 88  8.2   1  0.6-9.9-9.9
5287220180521 18.0  5.2  0.009999-99.9-99.9-99.9-99.9-9.9 9910.6 82  7.7   4  3.4-9.9-9.9
5287220180522 20.1  1.9  0.009999-99.9-99.9-99.9-99.9-9.9 99 9.0 76  5.3   2  1.3-9.9-9.9
5287220180523 21.4  3.9  0.009999-99.9-99.9-99.9-99.9-9.9 9910.2 80  7.1   1  0.5-9.9-9.9
5287220180524 23.0  8.0  0.009999-99.9-99.9-99.9-99.9-9.9 9911.5 74  9.0   2  1.7-9.9-9.9
5287220180525 21.4  3.4  0.009999-99.9-99.9-99.9-99.9-9.9 9910.2 75  7.2   2  1.4-9.9-9.9
5287220180526 23.0  5.0  0.009999-99.9-99.9-99.9-99.9-9.9 9912.3 83  9.8   1  1.2-9.9-9.9
5287220180527 24.2  5.8  0.009999-99.9-99.9-99.9-99.9-9.9 9914.0 82 11.7   1  0.8-9.9-9.9
5287220180528 24.5 14.1 14.519999-99.9-99.9-99.9-99.9-9.9 9920.8 98 18.0   3  2.6-9.9-9.9
5287220180529 26.5 13.9 20.219999-99.9-99.9-99.9-99.9-9.9 9919.4 91 16.9   3  2.6-9.9-9.9
5287220180530 18.7 11.3  0.009999-99.9-99.9-99.9-99.9-9.9 9913.9 96 11.9   6  5.0-9.9-9.9
5287220180531 11.9  8.9  0.009999-99.9-99.9-99.9-99.9-9.9 9911.1 88  8.4   6  4.8-9.9-9.9
5287220180601 13.6  5.9  0.009999-99.9-99.9-99.9-99.9-9.9 99 9.5 83  6.2   8  6.2-9.9-9.9
5287220180602 12.7  2.0  0.009999-99.9-99.9-99.9-99.9-9.9 99 9.4 88  5.9   4  3.4-9.9-9.9
5287220180603 10.9  3.5  0.009999-99.9-99.9-99.9-99.9-9.9 99 9.0 87  5.4   1  0.8-9.9-9.9
5287220180604 12.5  2.8  2.519999-99.9-99.9-99.9-99.9-9.9 99 9.0 92  5.3   1  0.4-9.9-9.9
5287220180605 15.7  2.9  0.009999-99.9-99.9-99.9-99.9-9.9 99 9.3 88  5.9   1  0.8-9.9-9.9
5287220180606 18.5  3.7  0.009999-99.9-99.9-99.9-99.9-9.9 99 9.5 78  6.2   3  2.5-9.9-9.9
5287220180607 14.3  4.9  0.009999-99.9-99.9-99.9-99.9-9.9 99 8.6 75  4.6   5  4.0-9.9-9.9
5287220180608 18.6  1.9  0.009999-99.9-99.9-99.9-99.9-9.9 99 8.9 77  5.1   3  2.1-9.9-9.9
5287220180609 19.3  1.9  0.009999-99.9-99.9-99.9-99.9-9.9 9911.4 85  8.5   2  1.6-9.9-9.9
5287220180610 19.5 11.4  0.009999-99.9-99.9-99.9-99.9-9.9 9914.7 91 12.6   1  0.9-9.9-9.9
5287220180611 12.7  9.9  4.019999-99.9-99.9-99.9-99.9-9.9 9913.1100 11.0   5  3.8-9.9-9.9
5287220180612 11.1  6.5 11.519999-99.9-99.9-99.9-99.9-9.9 9910.6100  7.8  10  7.8-9.9-9.9
5287220180613 11.4  2.8  0.009999-99.9-99.9-99.9-99.9-9.9 99 9.0 93  5.4   5  3.7-9.9-9.9
5287220180614 11.9  0.2  0.009999-99.9-99.9-99.9-99.9-9.9 99 7.4 89  2.7   2  1.9-9.9-9.9
5287220180615 14.0 -1.6  0.009999-99.9-99.9-99.9-99.9-9.9 99 7.1 86  2.0   1  0.5-9.9-9.9
5287220180616 14.6 -1.0  0.009999-99.9-99.9-99.9-99.9-9.9 99 7.5 81  2.7   2  1.6-9.9-9.9
5287220180617 16.9  0.5  0.009999-99.9-99.9-99.9-99.9-9.9 99 8.4 79  4.4   2  1.9-9.9-9.9
5287220180618 19.5  2.1  0.009999-99.9-99.9-99.9-99.9-9.9 99 9.4 75  6.0   3  2.4-9.9-9.9
5287220180619 19.9  7.0  0.009999-99.9-99.9-99.9-99.9-9.9 9910.9 83  8.2   3  2.4-9.9-9.9
5287220180620 21.1  1.7  0.009999-99.9-99.9-99.9-99.9-9.9 9911.4 87  8.4   1  0.8-9.9-9.9
5287220180621 16.1  4.4  0.009999-99.9-99.9-99.9-99.9-9.9 99 8.3 66  4.1   6  4.8-9.9-9.9
5287220180622 18.3  1.8  0.009999-99.9-99.9-99.9-99.9-9.9 99 8.2 71  4.0   3  2.6-9.9-9.9
5287220180623 13.5  1.6  0.009999-99.9-99.9-99.9-99.9-9.9 99 7.0 66  1.4   7  5.5-9.9-9.9
5287220180624 11.6 -4.6  0.009999-99.9-99.9-99.9-99.9-9.9 99 4.2 65 -5.0   2  1.6-9.9-9.9
5287220180625 17.4 -0.9  0.009999-99.9-99.9-99.9-99.9-9.9 99 6.5 65  0.8   4  3.3-9.9-9.9
5287220180626 18.9  3.1  0.009999-99.9-99.9-99.9-99.9-9.9 99 7.3 62  2.4   3  2.8-9.9-9.9
5287220180627 21.6  4.0  0.009999-99.9-99.9-99.9-99.9-9.9 99 9.6 76  6.3   3  2.2-9.9-9.9
5287220180628 20.6  1.5-99.999999-99.9-99.9-99.9-99.9-9.9 9910.0 78  6.7   2  1.4-9.9-9.9
5287220180629 20.8  4.4  0.009999-99.9-99.9-99.9-99.9-9.9 9911.1 84  8.3   2  1.7-9.9-9.9
5287220180630 19.9  3.3  9.519999-99.9-99.9-99.9-99.9-9.9 9911.9 88  9.2   2  1.5-9.9-9.9
5287220180701 14.1  9.6 10.519999-99.9-99.9-99.9-99.9-9.9 9914.0100 11.9   2  2.0-9.9-9.9
5287220180702 12.1  3.4  0.009999-99.9-99.9-99.9-99.9-9.9 9910.1 90  6.8  10  8.4-9.9-9.9
5287220180703 10.4 -1.5  0.009999-99.9-99.9-99.9-99.9-9.9 99 7.1 82  2.0   3  2.5-9.9-9.9
5287220180704  9.0  3.9  0.009999-99.9-99.9-99.9-99.9-9.9 99 8.6 90  4.7   2  1.4-9.9-9.9
5287220180705 14.5  5.9  0.009999-99.9-99.9-99.9-99.9-9.9 99 9.5 88  6.1   4  3.2-9.9-9.9
5287220180706 11.6  3.1  6.519999-99.9-99.9-99.9-99.9-9.9 9910.0 93  6.9   4  3.2-9.9-9.9
5287220180707 11.3  8.7  2.519999-99.9-99.9-99.9-99.9-9.9 9912.0100  9.6   4  3.2-9.9-9.9
5287220180708 16.4  4.2  0.819999-99.9-99.9-99.9-99.9-9.9 9910.9 89  8.1   5  3.8-9.9-9.9
5287220180709 10.8  6.3  0.009999-99.9-99.9-99.9-99.9-9.9 9910.4 94  7.6   1  1.0-9.9-9.9
5287220180710 14.4  5.5  0.009999-99.9-99.9-99.9-99.9-9.9 99 9.1 84  5.6   2  1.8-9.9-9.9
5287220180711 15.9  0.9  0.009999-99.9-99.9-99.9-99.9-9.9 99 9.2 88  5.5   2  1.6-9.9-9.9
5287220180712 17.4  3.5  0.219999-99.9-99.9-99.9-99.9-9.9 9910.2 86  7.1   3  2.1-9.9-9.9
5287220180713 17.9  6.7  0.009999-99.9-99.9-99.9-99.9-9.9 9911.6 87  9.1   2  1.8-9.9-9.9
5287220180714 23.9  7.1  0.009999-99.9-99.9-99.9-99.9-9.9 9912.9 86 10.6   3  2.7-9.9-9.9
5287220180715 17.8  4.4  0.009999-99.9-99.9-99.9-99.9-9.9 99 9.0 74  5.5   5  4.0-9.9-9.9
5287220180716 13.6  3.2  0.009999-99.9-99.9-99.9-99.9-9.9 99 9.0 85  5.5   5  3.9-9.9-9.9
5287220180717 14.4  3.7  8.519999-99.9-99.9-99.9-99.9-9.9 9911.0 93  8.1   7  5.4-9.9-9.9
5287220180718 12.5 10.6  1.019999-99.9-99.9-99.9-99.9-9.9 9913.7100 11.6   4  2.9-9.9-9.9
5287220180719 13.5 10.8  0.219999-99.9-99.9-99.9-99.9-9.9 9913.4 99 11.3   4  3.3-9.9-9.9
5287220180720 10.9  5.5  0.009999-99.9-99.9-99.9-99.9-9.9 99 9.3 95  5.8   7  5.9-9.9-9.9
5287220180721 16.1  0.8  0.009999-99.9-99.9-99.9-99.9-9.9 99 7.6 77  3.0   5  3.6-9.9-9.9
5287220180722 13.2  3.0  0.009999-99.9-99.9-99.9-99.9-9.9 99 8.3 82  4.2   5  3.6-9.9-9.9
5287220180723 12.4 -1.8  0.009999-99.9-99.9-99.9-99.9-9.9 99 5.9 74 -0.5   5  4.2-9.9-9.9
5287220180724 13.1 -3.2  0.009999-99.9-99.9-99.9-99.9-9.9 99 6.2 71-99.9   2  1.4-9.9-9.9
5287220180725 14.1  2.8 12.019999-99.9-99.9-99.9-99.9-9.9 9910.4100  7.3   3  2.4-9.9-9.9
5287220180726 14.2  8.9  2.019999-99.9-99.9-99.9-99.9-9.9 9913.7100 11.5   8  6.1-9.9-9.9
5287220180727 14.4 11.7  3.019999-99.9-99.9-99.9-99.9-9.9 9914.6100 12.6   6  4.6-9.9-9.9
5287220180728 12.6 11.0  2.819999-99.9-99.9-99.9-99.9-9.9 9913.8100 11.7   6  4.5-9.9-9.9
5287220180729 15.6  5.9  1.019999-99.9-99.9-99.9-99.9-9.9 9911.4 95  8.8   6  4.9-9.9-9.9
5287220180730 15.7  3.7  0.819999-99.9-99.9-99.9-99.9-9.9 99 8.4 76  4.4   7  5.2-9.9-9.9
5287220180731 13.9 -2.6  0.009999-99.9-99.9-99.9-99.9-9.9 99 6.3 77  0.3   1  1.1-9.9-9.9
5287220180801 14.5 -0.2  0.009999-99.9-99.9-99.9-99.9-9.9 99 7.2 78  2.3   2  1.6-9.9-9.9
5287220180802 15.2  0.0  0.009999-99.9-99.9-99.9-99.9-9.9 99 8.1 83  3.8   2  1.6-9.9-9.9
5287220180803 15.3  3.2  0.009999-99.9-99.9-99.9-99.9-9.9 9910.0 92  6.9   2  1.7-9.9-9.9
5287220180804 18.8  1.3  0.009999-99.9-99.9-99.9-99.9-9.9 99 9.2 84  5.6   2  1.3-9.9-9.9
5287220180805 20.9  3.6  0.009999-99.9-99.9-99.9-99.9-9.9 9910.4 80  7.4   3  2.3-9.9-9.9
5287220180806 22.0  5.1  0.009999-99.9-99.9-99.9-99.9-9.9 9911.2 73  8.6   3  2.0-9.9-9.9
5287220180807 21.3  9.7  8.019999-99.9-99.9-99.9-99.9-9.9 9913.7 83 11.5   6  4.8-9.9-9.9
5287220180808 13.5  6.6 18.519999-99.9-99.9-99.9-99.9-9.9 9911.1 98  8.3  12  9.7-9.9-9.9
5287220180809 12.2  3.9  0.009999-99.9-99.9-99.9-99.9-9.9 99 8.8 87  5.1   6  4.8-9.9-9.9
5287220180810 13.9 -0.3  0.009999-99.9-99.9-99.9-99.9-9.9 99 8.7 88  4.8   2  1.5-9.9-9.9
5287220180811 12.7  4.3  0.219999-99.9-99.9-99.9-99.9-9.9 9911.9 97  9.5   2  1.8-9.9-9.9
5287220180812 13.0  7.9  0.009999-99.9-99.9-99.9-99.9-9.9 9913.2100 11.0   2  1.4-9.9-9.9
5287220180813 15.4  8.7  3.219999-99.9-99.9-99.9-99.9-9.9 9913.8 99 11.7   4  3.3-9.9-9.9
5287220180814 17.4  5.7  0.009999-99.9-99.9-99.9-99.9-9.9 99 9.9 79  6.8   6  4.9-9.9-9.9
5287220180815 18.1  0.4  0.009999-99.9-99.9-99.9-99.9-9.9 99 8.3 74  4.2   2  1.3-9.9-9.9
5287220180816 20.2  4.1  0.009999-99.9-99.9-99.9-99.9-9.9 9911.0 79  8.2   3  2.1-9.9-9.9
5287220180817 22.8  5.5  0.009999-99.9-99.9-99.9-99.9-9.9 9913.6 83 11.4   2  1.8-9.9-9.9
5287220180818 17.6  9.7  0.009999-99.9-99.9-99.9-99.9-9.9 9912.8 76 10.1   7  5.5-9.9-9.9
5287220180819 13.0  4.5  0.009999-99.9-99.9-99.9-99.9-9.9 99 7.8 76  3.4  10  8.4-9.9-9.9
5287220180820 12.4 -0.9  0.009999-99.9-99.9-99.9-99.9-9.9 99 6.9 81  1.6   5  3.9-9.9-9.9
5287220180821 16.2 -1.2  0.009999-99.9-99.9-99.9-99.9-9.9 99 6.6 64  1.1   2  2.0-9.9-9.9
5287220180822 17.0  1.4  0.009999-99.9-99.9-99.9-99.9-9.9 99 9.0 75  5.3   4  3.0-9.9-9.9
5287220180823 17.1  4.2  0.009999-99.9-99.9-99.9-99.9-9.9 9911.2 86  8.5   3  2.1-9.9-9.9
5287220180824 17.9  6.3  0.009999-99.9-99.9-99.9-99.9-9.9 99 9.5 72  6.1   9  7.0-9.9-9.9
5287220180825 16.1 -0.5  0.009999-99.9-99.9-99.9-99.9-9.9 99 7.0 72  1.8   4  3.3-9.9-9.9
5287220180826 24.6  4.0  0.009999-99.9-99.9-99.9-99.9-9.9 99 8.1 53  3.9   5  3.9-9.9-9.9
5287220180827 25.0  7.0  0.009999-99.9-99.9-99.9-99.9-9.9 99 9.4 53  6.1   5  3.8-9.9-9.9
5287220180828 26.9  7.8  0.009999-99.9-99.9-99.9-99.9-9.9 9910.3 57  7.4   3  2.4-9.9-9.9
5287220180829 29.4  8.0  0.009999-99.9-99.9-99.9-99.9-9.9 9914.4 69 12.0   4  3.6-9.9-9.9
5287220180830 18.5  8.1  1.219999-99.9-99.9-99.9-99.9-9.9 99 9.7 81  6.4   9  7.2-9.9-9.9
5287220180831 12.2  3.9  0.009999-99.9-99.9-99.9-99.9-9.9 99 7.6 74  3.1   8  6.2-9.9-9.9
5287220180901 16.0  2.9  0.009999-99.9-99.9-99.9-99.9-9.9 99 8.9 83  5.3   5  3.7-9.9-9.9
5287220180902 19.7  1.0  0.009999-99.9-99.9-99.9-99.9-9.9 99 9.2 78  5.6   2  1.6-9.9-9.9
5287220180903 21.5  3.5  0.009999-99.9-99.9-99.9-99.9-9.9 9910.8 80  7.9   1  0.9-9.9-9.9
5287220180904 23.2  6.9  0.009999-99.9-99.9-99.9-99.9-9.9 9912.1 73  9.7   3  2.5-9.9-9.9
5287220180905 25.5  8.8  0.009999-99.9-99.9-99.9-99.9-9.9 9913.2 68 11.0   4  3.6-9.9-9.9
5287220180906 26.2 10.9  0.009999-99.9-99.9-99.9-99.9-9.9 9913.8 69 11.7   4  3.2-9.9-9.9
5287220180907 25.2  6.8  0.009999-99.9-99.9-99.9-99.9-9.9 99 9.2 49  5.7   3  2.7-9.9-9.9
5287220180908 17.5 10.3  0.219999-99.9-99.9-99.9-99.9-9.9 9911.2 68  8.6   6  4.9-9.9-9.9
5287220180909 18.7  9.7  3.019999-99.9-99.9-99.9-99.9-9.9 9912.7 86 10.5   9  7.1-9.9-9.9
5287220180910 17.6 10.5  0.009999-99.9-99.9-99.9-99.9-9.9 9913.9 91 11.8   6  4.7-9.9-9.9
5287220180911 23.3  8.3  0.009999-99.9-99.9-99.9-99.9-9.9 9914.0 80 11.8   4  3.0-9.9-9.9
5287220180912 16.7 12.3  0.819999-99.9-99.9-99.9-99.9-9.9 9914.8 96 12.7   2  1.2-9.9-9.9
5287220180913 22.8  7.5  0.009999-99.9-99.9-99.9-99.9-9.9 9913.2 84 11.0   2  1.5-9.9-9.9
5287220180914 18.6  7.5  0.009999-99.9-99.9-99.9-99.9-9.9 9913.0 92 10.8   2  2.0-9.9-9.9
5287220180915 21.4  8.0  0.009999-99.9-99.9-99.9-99.9-9.9 9915.9 89 13.9   2  1.9-9.9-9.9
5287220180916 24.5 14.5  0.219999-99.9-99.9-99.9-99.9-9.9 9916.6 84 14.6   2  1.4-9.9-9.9
5287220180917 26.1 11.5  0.009999-99.9-99.9-99.9-99.9-9.9 9915.5 77 13.4   2  1.4-9.9-9.9
5287220180918 27.0 12.2 19.019999-99.9-99.9-99.9-99.9-9.9 9917.3 84 15.1   3  2.7-9.9-9.9
5287220180919 21.8  9.7  0.009999-99.9-99.9-99.9-99.9-9.9 9911.6 67  9.1   4  3.5-9.9-9.9
5287220180920 24.3  7.7  0.009999-99.9-99.9-99.9-99.9-9.9 9911.3 57  8.7   3  2.3-9.9-9.9
5287220180921 27.0 11.2  0.009999-99.9-99.9-99.9-99.9-9.9 9913.3 58 11.1   3  2.8-9.9-9.9
5287220180922 31.6 15.0  0.009999-99.9-99.9-99.9-99.9-9.9 9920.7 78 17.7   6  4.7-9.9-9.9
5287220180923 26.0 12.9  0.009999-99.9-99.9-99.9-99.9-9.9 9913.2 60 10.8   5  4.0-9.9-9.9
5287220180924 25.0  5.3  0.009999-99.9-99.9-99.9-99.9-9.9 9910.4 58  7.5   2  1.6-9.9-9.9
5287220180925 25.0  7.2  0.009999-99.9-99.9-99.9-99.9-9.9 9912.0 58  9.5   3  2.3-9.9-9.9
5287220180926 22.6  9.6  0.009999-99.9-99.9-99.9-99.9-9.9 9914.9 84 12.8   5  4.1-9.9-9.9
5287220180927 17.8  8.7 16.219999-99.9-99.9-99.9-99.9-9.9 9914.1 89 11.9   7  6.0-9.9-9.9
5287220180928 18.2 13.4 27.819999-99.9-99.9-99.9-99.9-9.9 9918.7100 16.3   5  4.0-9.9-9.9
5287220180929 23.0 14.0  0.819999-99.9-99.9-99.9-99.9-9.9 9918.0 91 15.7   5  4.1-9.9-9.9
5287220180930 24.9  9.7  0.219999-99.9-99.9-99.9-99.9-9.9 9915.1 72 12.9   5  3.8-9.9-9.9
5287220181001 16.9  6.4  0.009999-99.9-99.9-99.9-99.9-9.9 99 9.3 68  5.7   6  4.5-9.9-9.9
5287220181002 22.7  3.8  0.819999-99.9-99.9-99.9-99.9-9.9 99 9.6 63  6.3   3  2.2-9.9-9.9
5287220181003 24.2  8.0  0.009999-99.9-99.9-99.9-99.9-9.9 9910.3 52  7.3   4  3.0-9.9-9.9
5287220181004 22.3  5.5  0.009999-99.9-99.9-99.9-99.9-9.9 9910.1 65  7.0   2  1.7-9.9-9.9
5287220181005 20.9  6.9  0.009999-99.9-99.9-99.9-99.9-9.9 9911.2 67  8.5   3  2.4-9.9-9.9
5287220181006 24.8  9.5  0.009999-99.9-99.9-99.9-99.9-9.9 9913.7 68 11.6   3  2.6-9.9-9.9
5287220181007 29.5 10.6  0.009999-99.9-99.9-99.9-99.9-9.9 9914.6 64 12.6   2  1.7-9.9-9.9
5287220181008 30.2 12.7  7.019999-99.9-99.9-99.9-99.9-9.9 9919.7 88 17.0   3  2.3-9.9-9.9
5287220181009 22.7  9.5  0.009999-99.9-99.9-99.9-99.9-9.9 9911.1 65  8.1   5  4.1-9.9-9.9
5287220181010 20.7  4.7  0.009999-99.9-99.9-99.9-99.9-9.9 99 9.2 58  5.6   3  2.6-9.9-9.9
5287220181011 16.1  8.8  0.009999-99.9-99.9-99.9-99.9-9.9 9910.3 70  7.3   4  2.9-9.9-9.9
5287220181012 20.4 10.6  0.009999-99.9-99.9-99.9-99.9-9.9 9912.7 80 10.5   1  1.1-9.9-9.9
5287220181013 26.8  8.5  0.009999-99.9-99.9-99.9-99.9-9.9 9913.5 63 11.2   2  1.6-9.9-9.9
5287220181014 28.9 11.4  0.009999-99.9-99.9-99.9-99.9-9.9 9914.0 57 11.9   4  3.0-9.9-9.9
5287220181015 31.8 13.7  0.009999-99.9-99.9-99.9-99.9-9.9 9914.5 52 12.5   4  2.8-9.9-9.9
5287220181016 30.5 11.8  4.019999-99.9-99.9-99.9-99.9-9.9 9916.4 59 14.4   2  1.9-9.9-9.9
5287220181017 24.9 13.6 15.519999-99.9-99.9-99.9-99.9-9.9 9918.4 86 16.2   4  3.1-9.9-9.9
5287220181018 25.0 15.7  0.219999-99.9-99.9-99.9-99.9-9.9 9917.6 76 15.4   6  4.5-9.9-9.9
5287220181019 21.1  8.5 12.519999-99.9-99.9-99.9-99.9-9.9 9913.1 72 10.9   7  5.4-9.9-9.9
5287220181020 16.0 11.0  5.819999-99.9-99.9-99.9-99.9-9.9 9914.3 99 12.2   4  2.9-9.9-9.9
5287220181021 19.6 11.5  0.009999-99.9-99.9-99.9-99.9-9.9 9915.8 87 13.8   2  1.5-9.9-9.9
5287220181022 24.3 12.6  0.009999-99.9-99.9-99.9-99.9-9.9 9914.7 68 12.6   3  2.4-9.9-9.9
5287220181023 19.4  8.7  6.519999-99.9-99.9-99.9-99.9-9.9 9912.1 81  9.8   5  3.8-9.9-9.9
5287220181024 13.6  9.1  3.819999-99.9-99.9-99.9-99.9-9.9 9913.0100 10.8   3  2.6-9.9-9.9
5287220181025 21.2  9.3  0.009999-99.9-99.9-99.9-99.9-9.9 9914.7 85 12.6   1  1.1-9.9-9.9
5287220181026 23.3 11.5  0.009999-99.9-99.9-99.9-99.9-9.9 9915.2 88 13.2   2  1.8-9.9-9.9
5287220181027 25.5 10.2  0.009999-99.9-99.9-99.9-99.9-9.9 9915.4 80 13.3   1  1.1-9.9-9.9
5287220181028 27.4 13.6  0.009999-99.9-99.9-99.9-99.9-9.9 9915.9 69 13.8   2  1.3-9.9-9.9
5287220181029 28.1 14.5  9.019999-99.9-99.9-99.9-99.9-9.9 9918.6 74 16.4   2  1.2-9.9-9.9
5287220181030 19.3 15.8 25.219999-99.9-99.9-99.9-99.9-9.9 9919.5100 17.1   1  0.6-9.9-9.9
5287220181031 20.1 12.3  0.009999-99.9-99.9-99.9-99.9-9.9 9914.9 83 12.8   4  3.2-9.9-9.9
5287220181101 19.3  5.4  0.009999-99.9-99.9-99.9-99.9-9.9 9910.4 62  7.5   3  2.7-9.9-9.9
5287220181102 20.5 11.1  8.219999-99.9-99.9-99.9-99.9-9.9 9914.6 79 12.6   4  3.5-9.9-9.9
5287220181103 28.9 10.2  0.009999-99.9-99.9-99.9-99.9-9.9 9917.5 75 15.3   1  0.9-9.9-9.9
5287220181104 31.2 12.9  0.009999-99.9-99.9-99.9-99.9-9.9 9916.9 55 14.8   2  1.9-9.9-9.9
5287220181105 30.2 16.2  0.009999-99.9-99.9-99.9-99.9-9.9 9920.8 76 18.0   2  1.7-9.9-9.9
5287220181106 26.5 13.0  0.009999-99.9-99.9-99.9-99.9-9.9 9913.6 53 11.5   4  3.0-9.9-9.9
5287220181107 25.5  9.8  0.009999-99.9-99.9-99.9-99.9-9.9 9912.9 62 10.7   4  3.0-9.9-9.9
5287220181108 30.8 13.1  0.009999-99.9-99.9-99.9-99.9-9.9 9917.9 62 15.7   3  2.2-9.9-9.9
5287220181109 36.4 15.6 61.019999-99.9-99.9-99.9-99.9-9.9 9923.6 72 20.0   2  1.9-9.9-9.9
5287220181110 21.3 17.6  8.819999-99.9-99.9-99.9-99.9-9.9 9922.4 99 19.3   6  4.5-9.9-9.9
5287220181111 26.6 18.3  0.219999-99.9-99.9-99.9-99.9-9.9 9924.3 92 20.6   4  3.3-9.9-9.9
5287220181112 27.4 20.6  1.219999-99.9-99.9-99.9-99.9-9.9 9926.2 95 21.9   2  1.6-9.9-9.9
5287220181113 22.0 17.6  0.519999-99.9-99.9-99.9-99.9-9.9 9923.2100 19.8   2  1.8-9.9-9.9
5287220181114 27.2 15.2  1.019999-99.9-99.9-99.9-99.9-9.9 9917.5 65 15.4   3  2.5-9.9-9.9
5287220181115 27.0 15.5  0.009999-99.9-99.9-99.9-99.9-9.9 9915.6 62 13.6   3  2.7-9.9-9.9
5287220181116 20.5  9.6  8.019999-99.9-99.9-99.9-99.9-9.9 9911.9 67  9.1   4  3.4-9.9-9.9
5287220181117 24.0 14.8  8.219999-99.9-99.9-99.9-99.9-9.9 9918.6 88 16.3   3  2.3-9.9-9.9
5287220181118 26.3 11.3  0.009999-99.9-99.9-99.9-99.9-9.9 9913.6 60 11.4   2  1.6-9.9-9.9
5287220181119 30.6 13.2  0.009999-99.9-99.9-99.9-99.9-9.9 9914.4 47 12.4   3  2.1-9.9-9.9
5287220181120 32.7 15.3  0.009999-99.9-99.9-99.9-99.9-9.9 9918.0 56 15.7   3  2.1-9.9-9.9
5287220181121 35.8 17.1 29.519999-99.9-99.9-99.9-99.9-9.9 9921.0 53 18.2   3  2.2-9.9-9.9
5287220181122 25.5 15.4  4.219999-99.9-99.9-99.9-99.9-9.9 9918.9 91 16.4   5  3.9-9.9-9.9
5287220181123 23.0  8.4  0.009999-99.9-99.9-99.9-99.9-9.9 9914.1 71 12.0   5  4.1-9.9-9.9
5287220181124 24.0 10.3  0.009999-99.9-99.9-99.9-99.9-9.9 9914.5 76 12.5   3  2.1-9.9-9.9
5287220181125 29.8 11.6  0.009999-99.9-99.9-99.9-99.9-9.9 9915.4 64 13.2   1  0.7-9.9-9.9
5287220181126 30.1 16.9  0.009999-99.9-99.9-99.9-99.9-9.9 9915.5 50 13.4   2  1.2-9.9-9.9
5287220181127 26.2 15.6  2.219999-99.9-99.9-99.9-99.9-9.9 9916.6 68 14.4   3  2.0-9.9-9.9
5287220181128 27.9 16.2  0.009999-99.9-99.9-99.9-99.9-9.9 9919.3 74 16.9   3  2.7-9.9-9.9
5287220181129 27.9 15.9  0.009999-99.9-99.9-99.9-99.9-9.9 9918.5 71 16.3   2  2.0-9.9-9.9
5287220181130 29.6 15.3 15.219999-99.9-99.9-99.9-99.9-9.9 9920.1 80 17.5   3  2.1-9.9-9.9
5287220181201 22.5 11.4  0.009999-99.9-99.9-99.9-99.9-9.9 9912.8 66 10.6   6  4.5-9.9-9.9
5287220181202 22.9  7.0  0.009999-99.9-99.9-99.9-99.9-9.9 9911.7 67  9.1   2  1.5-9.9-9.9
5287220181203 30.4 11.4  0.009999-99.9-99.9-99.9-99.9-9.9 9913.2 59 11.0   3  2.5-9.9-9.9
5287220181204 26.2 11.2  0.009999-99.9-99.9-99.9-99.9-9.9 9913.9 60 11.9   4  3.0-9.9-9.9
5287220181205 26.6 10.1  0.009999-99.9-99.9-99.9-99.9-9.9 9915.0 63 13.0   3  2.3-9.9-9.9
5287220181206 22.8 11.0  0.009999-99.9-99.9-99.9-99.9-9.9 9912.4 67 10.1   3  2.5-9.9-9.9
5287220181207 26.7  9.1  0.009999-99.9-99.9-99.9-99.9-9.9 9912.5 59 10.2   2  1.3-9.9-9.9
5287220181208 30.9 11.8  0.009999-99.9-99.9-99.9-99.9-9.9 9913.3 43 11.2   2  1.8-9.9-9.9
5287220181209 31.7 14.2 18.519999-99.9-99.9-99.9-99.9-9.9 9917.8 84 15.6   2  1.2-9.9-9.9
5287220181210 34.0 13.5 16.519999-99.9-99.9-99.9-99.9-9.9 9917.7 50 15.4   2  1.7-9.9-9.9
5287220181211 29.6 18.1  0.009999-99.9-99.9-99.9-99.9-9.9 9923.9 89 20.2   3  2.4-9.9-9.9
5287220181212 32.9 14.4  2.519999-99.9-99.9-99.9-99.9-9.9 9917.1 52 14.8   2  1.2-9.9-9.9
5287220181213 22.8 14.4 44.219999-99.9-99.9-99.9-99.9-9.9 9917.8 98 15.7   7  5.3-9.9-9.9
5287220181214 28.2 15.2  0.009999-99.9-99.9-99.9-99.9-9.9 9916.8 74 14.5   3  2.8-9.9-9.9
5287220181215 31.4 11.5  0.009999-99.9-99.9-99.9-99.9-9.9 9915.4 60 13.3   2  1.3-9.9-9.9
5287220181216 34.1 15.0 35.219999-99.9-99.9-99.9-99.9-9.9 9923.1 65 19.5   2  2.0-9.9-9.9
5287220181217 26.3 17.7  0.009999-99.9-99.9-99.9-99.9-9.9 9919.1 77 16.6   5  4.0-9.9-9.9
5287220181218 25.0 10.5  0.009999-99.9-99.9-99.9-99.9-9.9 9915.8 72 13.6   3  2.3-9.9-9.9
5287220181219-99.9-99.9-99.999999-99.9-99.9-99.9-99.9-9.9 9921.8 74 18.8 -99-99.9-9.9-9.9
5287220181220 29.2 17.6  0.219999-99.9-99.9-99.9-99.9-9.9 9922.1 86 19.1   3  2.2-9.9-9.9
5287220181221 28.9 16.2  0.009999-99.9-99.9-99.9-99.9-9.9 9920.6 84 17.9   3  2.5-9.9-9.9
5287220181222 32.4 15.7  0.009999-99.9-99.9-99.9-99.9-9.9 9920.4 69 17.8   1  1.1-9.9-9.9
5287220181223 34.6 17.5  0.009999-99.9-99.9-99.9-99.9-9.9 9922.5 67 19.3   2  1.4-9.9-9.9
5287220181224 35.3 17.6  0.009999-99.9-99.9-99.9-99.9-9.9 9921.0 48 18.2   2  1.5-9.9-9.9
5287220181225 34.6 17.7  0.009999-99.9-99.9-99.9-99.9-9.9 9921.5 63 18.6   2  1.4-9.9-9.9
5287220181226 34.0 17.6  0.219999-99.9-99.9-99.9-99.9-9.9 9924.2 60 20.5   2  1.9-9.9-9.9
5287220181227 32.9 22.0  0.009999-99.9-99.9-99.9-99.9-9.9 9926.3 80 21.9   1  1.0-9.9-9.9
5287220181228 33.5 18.7 11.219999-99.9-99.9-99.9-99.9-9.9 9921.9 60 18.8   4  3.5-9.9-9.9
5287220181229 32.7 17.6 26.219999-99.9-99.9-99.9-99.9-9.9 9925.9 84 21.4   4  2.9-9.9-9.9
5287220181230 28.1 16.7  0.009999-99.9-99.9-99.9-99.9-9.9 9917.9 71 15.6   3  2.6-9.9-9.9
5287220181231 30.1 16.2  0.009999-99.9-99.9-99.9-99.9-9.9 9918.7 58 16.4   3  2.1-9.9-9.9
5287220190101 36.1 20.0  3.519999-99.9-99.9-99.9-99.9-9.9 9929.2 76 23.5   2  2.0-9.9-9.9
5287220190102 28.8 21.3 18.519999-99.9-99.9-99.9-99.9-9.9 9928.1 90 22.9   3  2.3-9.9-9.9
5287220190103 27.7 13.2  0.009999-99.9-99.9-99.9-99.9-9.9 9913.9 62 11.6   2  1.4-9.9-9.9
5287220190104 32.1 13.4  0.009999-99.9-99.9-99.9-99.9-9.9 9918.2 66 15.9   1  1.1-9.9-9.9
5287220190105 32.7 16.4 18.219999-99.9-99.9-99.9-99.9-9.9 9919.7 58 17.2   2  1.5-9.9-9.9
5287220190106 29.3 18.5  0.009999-99.9-99.9-99.9-99.9-9.9 9924.0 87 20.4   2  1.6-9.9-9.9
5287220190107 31.8 18.9  0.009999-99.9-99.9-99.9-99.9-9.9 9924.9 85 21.0   2  1.3-9.9-9.9
5287220190108 30.5 18.0 14.219999-99.9-99.9-99.9-99.9-9.9 9922.8 79 19.5   3  2.1-9.9-9.9
5287220190109 25.3 17.7  0.519999-99.9-99.9-99.9-99.9-9.9 9923.1 86 19.7   2  1.6-9.9-9.9
5287220190110 22.6 13.8  0.219999-99.9-99.9-99.9-99.9-9.9 9916.7 83 14.6   4  2.9-9.9-9.9
5287220190111 27.5  9.4  0.009999-99.9-99.9-99.9-99.9-9.9 9914.1 69 12.0   1  1.1-9.9-9.9
5287220190112 32.6 13.8 36.019999-99.9-99.9-99.9-99.9-9.9 9920.4 64 17.7   1  1.1-9.9-9.9
5287220190113 28.7 18.2  0.219999-99.9-99.9-99.9-99.9-9.9 9924.1 87 20.4   2  1.6-9.9-9.9
5287220190114 30.3 18.3  0.009999-99.9-99.9-99.9-99.9-9.9 9924.2 79 20.5   2  1.3-9.9-9.9
5287220190115 29.0 19.4  0.219999-99.9-99.9-99.9-99.9-9.9 9923.3 86 19.9   1  1.0-9.9-9.9
5287220190116 33.1 17.1  0.009999-99.9-99.9-99.9-99.9-9.9 9921.5 72 18.5   2  1.3-9.9-9.9
5287220190117 23.9 16.0  0.009999-99.9-99.9-99.9-99.9-9.9 9916.7 74 14.6   4  3.2-9.9-9.9
5287220190118 26.3 13.6  0.009999-99.9-99.9-99.9-99.9-9.9 9915.9 73 13.9   2  1.7-9.9-9.9
5287220190119 28.3 13.3  0.009999-99.9-99.9-99.9-99.9-9.9 9917.1 64 15.0   1  1.1-9.9-9.9
5287220190120 30.1 13.8  0.009999-99.9-99.9-99.9-99.9-9.9 9917.8 65 15.7   2  1.9-9.9-9.9
5287220190121 32.8 14.9  0.009999-99.9-99.9-99.9-99.9-9.9 9922.7 74 19.4   2  1.6-9.9-9.9
5287220190122 35.6 19.3  0.519999-99.9-99.9-99.9-99.9-9.9 9927.3 68 22.5   2  1.8-9.9-9.9
5287220190123 31.3 18.6  0.009999-99.9-99.9-99.9-99.9-9.9 9923.4 74 19.9   5  3.9-9.9-9.9
5287220190124 34.7 19.4 50.519999-99.9-99.9-99.9-99.9-9.9 9926.0 71 21.7   3  2.7-9.9-9.9
5287220190125 26.6 20.4  7.219999-99.9-99.9-99.9-99.9-9.9 9925.8100 21.6   6  5.0-9.9-9.9
5287220190126 32.2 20.4  0.009999-99.9-99.9-99.9-99.9-9.9 9928.6 82 23.2   4  3.6-9.9-9.9
5287220190127 31.6 22.2  0.009999-99.9-99.9-99.9-99.9-9.9 9930.0 90 24.1   5  4.0-9.9-9.9
5287220190128 36.5 23.8  1.019999-99.9-99.9-99.9-99.9-9.9 9933.5 80 25.9   4  3.4-9.9-9.9
5287220190129 37.8 23.9  1.519999-99.9-99.9-99.9-99.9-9.9 9934.2 78 26.2   5  4.2-9.9-9.9
5287220190130 34.1 21.7  0.009999-99.9-99.9-99.9-99.9-9.9 9927.9 87 22.7   5  4.2-9.9-9.9
5287220190131 31.8 15.2  0.009999-99.9-99.9-99.9-99.9-9.9 9921.6 72 18.3   5  4.2-9.9-9.9
5287220190201 35.8 22.5  0.009999-99.9-99.9-99.9-99.9-9.9 9927.1 64 22.3   5  3.9-9.9-9.9
5287220190202 25.9 15.0  0.009999-99.9-99.9-99.9-99.9-9.9 9916.9 66 14.8   6  4.7-9.9-9.9
5287220190203 26.1 11.3  0.009999-99.9-99.9-99.9-99.9-9.9 9914.6 69 12.5   5  3.9-9.9-9.9
5287220190204 28.7 12.4  0.009999-99.9-99.9-99.9-99.9-9.9 9917.3 71 15.1   4  3.4-9.9-9.9
5287220190205 30.1 13.9  0.009999-99.9-99.9-99.9-99.9-9.9 9918.7 70 16.4   4  3.5-9.9-9.9
5287220190206 31.1 15.2  0.009999-99.9-99.9-99.9-99.9-9.9 9920.1 64 17.6   5  3.8-9.9-9.9
5287220190207 33.0 17.0  0.009999-99.9-99.9-99.9-99.9-9.9 9922.6 71 19.4   5  3.8-9.9-9.9
5287220190208 34.2 18.8  0.009999-99.9-99.9-99.9-99.9-9.9 9925.3 69 21.3   4  3.3-9.9-9.9
5287220190209 34.9 20.4  0.009999-99.9-99.9-99.9-99.9-9.9 9925.6 78 21.5   4  3.4-9.9-9.9
5287220190210 34.5 20.4  2.019999-99.9-99.9-99.9-99.9-9.9 9926.1 73 21.7   5  3.7-9.9-9.9
5287220190211 26.8 14.5  0.009999-99.9-99.9-99.9-99.9-9.9 9916.7 78 14.5   9  6.8-9.9-9.9
5287220190212 24.1  8.8  0.009999-99.9-99.9-99.9-99.9-9.9 9913.0 73 10.8   6  4.6-9.9-9.9
5287220190213 26.1  9.2  0.519999-99.9-99.9-99.9-99.9-9.9 9915.0 74 12.9   5  3.7-9.9-9.9
5287220190214 28.5 14.6  0.009999-99.9-99.9-99.9-99.9-9.9 9916.8 64 14.8   4  3.5-9.9-9.9
5287220190215 32.1 13.5  0.009999-99.9-99.9-99.9-99.9-9.9 9918.8 69 16.4   4  3.4-9.9-9.9
5287220190216 33.0 15.8  0.009999-99.9-99.9-99.9-99.9-9.9 9919.8 67 17.3   4  3.4-9.9-9.9
5287220190217 34.4 15.2  0.009999-99.9-99.9-99.9-99.9-9.9 9922.2 68 19.1   5  3.6-9.9-9.9
5287220190218 35.6 18.8  0.009999-99.9-99.9-99.9-99.9-9.9 9924.6 70 20.8   5  4.0-9.9-9.9
5287220190219 37.3 21.3  0.009999-99.9-99.9-99.9-99.9-9.9 9925.2 65 21.2   5  3.6-9.9-9.9
5287220190220 37.6 20.1  0.009999-99.9-99.9-99.9-99.9-9.9 9927.3 68 22.5   5  4.0-9.9-9.9
5287220190221 34.9 21.0 12.519999-99.9-99.9-99.9-99.9-9.9 9927.1 73 22.4   5  4.3-9.9-9.9
5287220190222 29.0 21.9  2.519999-99.9-99.9-99.9-99.9-9.9 9928.5 99 23.2   5  3.9-9.9-9.9
5287220190223 26.5 20.1  0.009999-99.9-99.9-99.9-99.9-9.9 9925.1 96 21.1   5  3.6-9.9-9.9
5287220190224 25.2 13.2  0.009999-99.9-99.9-99.9-99.9-9.9 9915.5 78 13.4   5  4.1-9.9-9.9
5287220190225 22.8  8.3  0.009999-99.9-99.9-99.9-99.9-9.9 9912.4 79 10.0   6  4.4-9.9-9.9
5287220190226 24.9  5.1  0.009999-99.9-99.9-99.9-99.9-9.9 99 9.9 66  6.7   3  2.6-9.9-9.9
5287220190227 29.3 10.4  2.019999-99.9-99.9-99.9-99.9-9.9 9914.7 64 12.4   3  2.3-9.9-9.9
5287220190228 27.9  8.3  0.009999-99.9-99.9-99.9-99.9-9.9 9914.1 71 12.0   1  0.8-9.9-9.9
5287220190301 32.7 14.3  0.009999-99.9-99.9-99.9-99.9-9.9 9920.0 70 17.3   4  3.0-9.9-9.9
5287220190302 27.4 11.9  0.009999-99.9-99.9-99.9-99.9-9.9 9915.8 73 13.8   3  2.0-9.9-9.9
5287220190303 29.2 12.0 66.219999-99.9-99.9-99.9-99.9-9.9 9917.6 65 15.4   3  2.4-9.9-9.9
5287220190304 29.0 16.7  0.219999-99.9-99.9-99.9-99.9-9.9 9921.1 86 18.3   3  2.0-9.9-9.9
5287220190305 31.2 15.3  0.009999-99.9-99.9-99.9-99.9-9.9 9922.4 82 19.2   1  0.6-9.9-9.9
5287220190306 33.0 18.9  0.009999-99.9-99.9-99.9-99.9-9.9 9925.5 84 21.4   1  1.1-9.9-9.9
5287220190307 32.0 19.6 11.219999-99.9-99.9-99.9-99.9-9.9 9925.9 91 21.6   1  1.1-9.9-9.9
5287220190308 23.4 13.0  0.009999-99.9-99.9-99.9-99.9-9.9 9915.4 78 13.3   3  2.3-9.9-9.9
5287220190309 23.2  7.2  0.009999-99.9-99.9-99.9-99.9-9.9 9913.0 78 10.7   2  1.4-9.9-9.9
5287220190310 26.1 10.2  0.009999-99.9-99.9-99.9-99.9-9.9 9915.3 78 13.2   1  1.1-9.9-9.9
5287220190311 26.5 12.2  7.019999-99.9-99.9-99.9-99.9-9.9 9917.3 78 15.1   1  0.8-9.9-9.9
5287220190312 19.9 15.6 14.519999-99.9-99.9-99.9-99.9-9.9 9919.4100 17.0   1  0.7-9.9-9.9
5287220190313 27.6 12.3  0.009999-99.9-99.9-99.9-99.9-9.9 9918.1 87 15.9   2  1.6-9.9-9.9
5287220190314 27.4 13.2  0.219999-99.9-99.9-99.9-99.9-9.9 9917.8 87 15.6   1  0.8-9.9-9.9
5287220190315 28.1 14.8  0.819999-99.9-99.9-99.9-99.9-9.9 9922.9 88 19.7   3  2.6-9.9-9.9
5287220190316 28.7 17.3  3.819999-99.9-99.9-99.9-99.9-9.9 9922.9 92 19.6   1  0.9-9.9-9.9
5287220190317 30.8 16.5  0.009999-99.9-99.9-99.9-99.9-9.9 9923.2 84 19.9   1  0.6-9.9-9.9
5287220190318 30.7 15.1  0.009999-99.9-99.9-99.9-99.9-9.9 9919.7 76 17.2   2  1.4-9.9-9.9
5287220190319 21.0 11.2  6.219999-99.9-99.9-99.9-99.9-9.9 9915.1 85 13.1   2  1.7-9.9-9.9
5287220190320 21.8  8.4  0.009999-99.9-99.9-99.9-99.9-9.9 9912.2 77  9.8   3  2.6-9.9-9.9
5287220190321 24.2  6.5  0.009999-99.9-99.9-99.9-99.9-9.9 9912.5 78 10.2   1  0.7-9.9-9.9
5287220190322 25.9  9.0  0.009999-99.9-99.9-99.9-99.9-9.9 9914.4 77 12.3   1  1.0-9.9-9.9
5287220190323 28.5 10.5  0.009999-99.9-99.9-99.9-99.9-9.9 9916.7 76 14.5   2  1.6-9.9-9.9
5287220190324 23.3  9.3  0.009999-99.9-99.9-99.9-99.9-9.9 9913.8 78 11.7   5  4.2-9.9-9.9
5287220190325 21.6  7.0  0.009999-99.9-99.9-99.9-99.9-9.9 9911.9 78  9.5   3  2.6-9.9-9.9
5287220190326 23.0  9.4  0.009999-99.9-99.9-99.9-99.9-9.9 9913.8 79 11.7   1  0.9-9.9-9.9
5287220190327 25.6  8.7  0.009999-99.9-99.9-99.9-99.9-9.9 9914.3 74 12.2   2  1.4-9.9-9.9
5287220190328 27.9 10.6  4.019999-99.9-99.9-99.9-99.9-9.9 9916.7 73 14.6   2  1.2-9.9-9.9
5287220190329 30.4 15.9  0.009999-99.9-99.9-99.9-99.9-9.9 9920.8 81 18.1   2  1.3-9.9-9.9
5287220190330 33.9 16.0  0.009999-99.9-99.9-99.9-99.9-9.9 9922.3 77 19.1   1  0.4-9.9-9.9
5287220190331 30.5 16.2  0.009999-99.9-99.9-99.9-99.9-9.9 9922.8 84 19.5   1  0.6-9.9-9.9
5287220190401 31.6 14.4  0.009999-99.9-99.9-99.9-99.9-9.9 9922.5 83 19.2   1  0.7-9.9-9.9
5287220190402 33.2 18.1  0.009999-99.9-99.9-99.9-99.9-9.9 9923.0 71 19.5   2  1.6-9.9-9.9
5287220190403 27.8  9.3  0.009999-99.9-99.9-99.9-99.9-9.9 9915.4 75 13.3   1  0.8-9.9-9.9
5287220190404 22.8 13.5 11.519999-99.9-99.9-99.9-99.9-9.9 9917.6 84 15.3   6  4.6-9.9-9.9
5287220190405 22.4  9.5  0.219999-99.9-99.9-99.9-99.9-9.9 9912.7 79 10.4   3  2.8-9.9-9.9
5287220190406 26.8  6.8  0.009999-99.9-99.9-99.9-99.9-9.9 9913.0 75 10.7   1  0.9-9.9-9.9
5287220190407 29.9  8.3  0.009999-99.9-99.9-99.9-99.9-9.9 9913.9 70 11.7   2  1.2-9.9-9.9
5287220190408 30.5 10.0  0.009999-99.9-99.9-99.9-99.9-9.9 9914.7 64 12.7   1  1.1-9.9-9.9
5287220190409 30.5 10.0  0.009999-99.9-99.9-99.9-99.9-9.9 9915.9 69 13.8   1  1.0-9.9-9.9
5287220190410 30.5 12.7  2.519999-99.9-99.9-99.9-99.9-9.9 9917.6 79 15.4   2  1.9-9.9-9.9
5287220190411-99.9-99.9-99.999999-99.9-99.9-99.9-99.9-9.9 99-9.9-99-99.9 -99-99.9-9.9-9.9
5287220190412-99.9-99.9  0.009999-99.9-99.9-99.9-99.9-9.9 9912.0 74  9.6   1  1.0-9.9-9.9
5287220190413 29.8  9.6  0.009999-99.9-99.9-99.9-99.9-9.9 9914.8 60 12.7   2  1.6-9.9-9.9
5287220190414 26.3 12.2  0.009999-99.9-99.9-99.9-99.9-9.9 9915.6 75 13.5   3  2.2-9.9-9.9
5287220190415 21.8 10.8  0.009999-99.9-99.9-99.9-99.9-9.9 9913.7 83 11.6   2  1.5-9.9-9.9
5287220190416 25.4  4.9  0.009999-99.9-99.9-99.9-99.9-9.9 9912.7 75 10.3   1  1.0-9.9-9.9
5287220190417-99.9-99.9-99.999999-99.9-99.9-99.9-99.9-9.9 9915.5 86 13.3 -99-99.9-9.9-9.9
5287220190418 29.2 11.7  0.009999-99.9-99.9-99.9-99.9-9.9 9917.5 80 15.3   2  1.2-9.9-9.9
5287220190419 31.6 14.8  0.009999-99.9-99.9-99.9-99.9-9.9 9918.8 77 16.4   2  1.7-9.9-9.9
5287220190420-99.9-99.9-99.999999-99.9-99.9-99.9-99.9-9.9 99-9.9-99-99.9 -99-99.9-9.9-9.9
5287220190421 24.8  5.0  0.009999-99.9-99.9-99.9-99.9-9.9 9911.6 78  9.1   1  0.7-9.9-9.9
5287220190422-99.9-99.9-99.999999-99.9-99.9-99.9-99.9-9.9 9912.5 88 10.2 -99-99.9-9.9-9.9
5287220190423 21.7  7.3  0.009999-99.9-99.9-99.9-99.9-9.9 9912.5 84 10.3   1  0.6-9.9-9.9
5287220190424 20.7  4.7  0.009999-99.9-99.9-99.9-99.9-9.9 9914.5 87 12.1   2  1.2-9.9-9.9
5287220190425 22.6 11.4  4.019999-99.9-99.9-99.9-99.9-9.9 9915.8 82 13.8   4  3.4-9.9-9.9
5287220190426 17.6 14.0 18.519999-99.9-99.9-99.9-99.9-9.9 9917.9100 15.8   3  2.7-9.9-9.9
5287220190427 21.2 14.4  0.219999-99.9-99.9-99.9-99.9-9.9 9917.5 94 15.4   3  2.5-9.9-9.9
5287220190428 26.1 10.6  0.219999-99.9-99.9-99.9-99.9-9.9 9916.2 88 14.1   1  1.0-9.9-9.9
5287220190429 22.2  9.2  0.009999-99.9-99.9-99.9-99.9-9.9 9914.2 82 11.9   3  2.4-9.9-9.9
5287220190430 21.9  6.4  0.009999-99.9-99.9-99.9-99.9-9.9 99 9.3 68  5.8   1  0.5-9.9-9.9
5287220190501 22.8  3.8  0.009999-99.9-99.9-99.9-99.9-9.9 9911.3 73  8.5   2  1.4-9.9-9.9
5287220190502 25.6 12.4  0.009999-99.9-99.9-99.9-99.9-9.9 9917.5 87 15.4   3  2.1-9.9-9.9
5287220190503 25.5 13.0  0.009999-99.9-99.9-99.9-99.9-9.9 9914.9 75 12.9   3  2.3-9.9-9.9
5287220190504 22.2  9.8  0.009999-99.9-99.9-99.9-99.9-9.9 9915.6 83 13.6   3  2.1-9.9-9.9
5287220190505 18.9 14.5 12.019999-99.9-99.9-99.9-99.9-9.9 9918.8100 16.5   3  2.5-9.9-9.9
5287220190506 22.1  5.8  0.009999-99.9-99.9-99.9-99.9-9.9 9912.5 81 10.1   2  1.4-9.9-9.9
5287220190507 20.9  6.0  0.219999-99.9-99.9-99.9-99.9-9.9 9912.6 79 10.3   3  2.1-9.9-9.9
5287220190508 23.8  9.0  0.009999-99.9-99.9-99.9-99.9-9.9 9914.2 83 12.1   2  1.4-9.9-9.9
5287220190509 16.5 11.2 16.019999-99.9-99.9-99.9-99.9-9.9 9916.2100 14.2   4  3.6-9.9-9.9
5287220190510 19.0 12.2  0.009999-99.9-99.9-99.9-99.9-9.9 9915.0 89 13.0   5  4.1-9.9-9.9
5287220190511 22.4  6.9  0.009999-99.9-99.9-99.9-99.9-9.9 9911.8 81  9.4   2  1.8-9.9-9.9
5287220190512-99.9-99.9-99.999999-99.9-99.9-99.9-99.9-9.9 99-9.9-99-99.9 -99-99.9-9.9-9.9
5287220190514-99.9-99.9  0.009999-99.9-99.9-99.9-99.9-9.9 99-9.9 80-99.9 -99-99.9-9.9-9.9
5287220190515-99.9-99.9-99.999999-99.9-99.9-99.9-99.9-9.9 99-9.9-99-99.9 -99-99.9-9.9-9.9
5287220190516-99.9-99.9  0.009999-99.9-99.9-99.9-99.9-9.9 9913.7 82 11.3   2  1.5-9.9-9.9
5287220190517 23.9 12.7  5.219999-99.9-99.9-99.9-99.9-9.9 9918.0 86 15.8   3  2.0-9.9-9.9
5287220190518 18.7 13.5  4.819999-99.9-99.9-99.9-99.9-9.9 9917.7100 15.5   4  3.4-9.9-9.9
5287220190519 20.1  5.2  0.009999-99.9-99.9-99.9-99.9-9.9 9910.9 82  8.2   2  1.3-9.9-9.9
5287220190520 15.3  4.3  0.519999-99.9-99.9-99.9-99.9-9.9 9911.0 84  8.2   4  3.2-9.9-9.9
5287220190521 17.3  6.7  0.219999-99.9-99.9-99.9-99.9-9.9 9911.2 88  8.6   6  5.0-9.9-9.9
5287220190522 16.6  2.3  0.009999-99.9-99.9-99.9-99.9-9.9 99 9.2 89  5.6   3  2.3-9.9-9.9
5287220190523 19.7  1.9  0.009999-99.9-99.9-99.9-99.9-9.9 99 9.2 76  5.7   2  1.9-9.9-9.9
5287220190524 23.1  5.2  0.009999-99.9-99.9-99.9-99.9-9.9 9910.5 74  7.6   2  1.8-9.9-9.9
5287220190525 18.4  5.9  0.009999-99.9-99.9-99.9-99.9-9.9 9912.1 89  9.7   2  1.6-9.9-9.9
5287220190526 19.8  9.1  0.219999-99.9-99.9-99.9-99.9-9.9 9913.9 94 11.8   1  0.7-9.9-9.9
5287220190527 17.3  5.2  0.009999-99.9-99.9-99.9-99.9-9.9 9912.0 91  9.5   2  1.7-9.9-9.9
5287220190528 19.9  3.7  0.009999-99.9-99.9-99.9-99.9-9.9 9911.2 87  8.4   2  1.3-9.9-9.9
5287220190529 13.0  2.2  0.009999-99.9-99.9-99.9-99.9-9.9 99 9.6 87  6.3   2  1.5-9.9-9.9
5287220190530 11.1  6.8  4.019999-99.9-99.9-99.9-99.9-9.9 9911.4 97  8.8   2  1.9-9.9-9.9
5287220190531 18.0  7.1  0.009999-99.9-99.9-99.9-99.9-9.9 9911.6 87  9.1   1  0.9-9.9-9.9
5287220190601 20.7  6.8  0.219999-99.9-99.9-99.9-99.9-9.9 9912.6 87 10.2   1  1.2-9.9-9.9
5287220190602 22.3  3.8  0.009999-99.9-99.9-99.9-99.9-9.9 9912.0 85  9.3   1  1.1-9.9-9.9
5287220190603 22.8  6.9  0.009999-99.9-99.9-99.9-99.9-9.9 9911.5 76  8.9   2  1.4-9.9-9.9
5287220190604 20.5  6.4  0.009999-99.9-99.9-99.9-99.9-9.9 9912.7 87 10.4   2  2.0-9.9-9.9
5287220190605 18.8 10.2  0.009999-99.9-99.9-99.9-99.9-9.9 9914.3 92 12.2   3  2.3-9.9-9.9
5287220190606 17.9  9.8  0.009999-99.9-99.9-99.9-99.9-9.9 9916.7 97 14.6   2  1.6-9.9-9.9
5287220190607 17.5  4.1  0.009999-99.9-99.9-99.9-99.9-9.9 99 9.2 70  5.6   4  3.4-9.9-9.9
5287220190608 21.7  3.4  0.009999-99.9-99.9-99.9-99.9-9.9 99 8.9 68  5.1   3  2.4-9.9-9.9
5287220190609 23.2  2.8  0.009999-99.9-99.9-99.9-99.9-9.9 99 9.4 66  6.0   1  1.1-9.9-9.9
5287220190610 21.1  9.1  0.009999-99.9-99.9-99.9-99.9-9.9 9914.9 89 12.7   2  1.8-9.9-9.9
5287220190611 15.2  5.1  4.819999-99.9-99.9-99.9-99.9-9.9 9912.7 96 10.2   5  3.9-9.9-9.9
5287220190612 16.7 12.7  1.019999-99.9-99.9-99.9-99.9-9.9 9916.8 99 14.7   2  1.8-9.9-9.9
5287220190613 15.8 13.3 22.519999-99.9-99.9-99.9-99.9-9.9 9916.2100 14.2   5  3.7-9.9-9.9
5287220190614 17.3  8.1  1.519999-99.9-99.9-99.9-99.9-9.9 9912.7 91 10.4   6  5.2-9.9-9.9
5287220190615 11.9  7.2  9.819999-99.9-99.9-99.9-99.9-9.9 9912.0 99  9.6   7  5.5-9.9-9.9
5287220190616-99.9-99.9-99.999999-99.9-99.9-99.9-99.9-9.9 99-9.9-99-99.9 -99-99.9-9.9-9.9
5287220190617-99.9-99.9-99.999999-99.9-99.9-99.9-99.9-9.9 99-9.9-99-99.9 -99-99.9-9.9-9.9
5287220190618-99.9-99.9-99.999999-99.9-99.9-99.9-99.9-9.9 99-9.9-99-99.9 -99-99.9-9.9-9.9
5287220190619-99.9-99.9  0.009999-99.9-99.9-99.9-99.9-9.9 99-9.9-99-99.9 -99-99.9-9.9-9.9
5287220190620 17.0  3.1  0.009999-99.9-99.9-99.9-99.9-9.9 9910.3 87  7.3   1  1.2-9.9-9.9
5287220190621 15.6  7.0  0.009999-99.9-99.9-99.9-99.9-9.9 9912.7 96 10.4   1  0.9-9.9-9.9
5287220190622 22.0  7.5  0.219999-99.9-99.9-99.9-99.9-9.9 9914.1 88 11.9   1  0.5-9.9-9.9
5287220190623 18.8  9.1  0.009999-99.9-99.9-99.9-99.9-9.9 9914.7 97 12.5   1  1.1-9.9-9.9
5287220190624 15.6  5.3  0.219999-99.9-99.9-99.9-99.9-9.9 9912.5 95 10.1   2  1.8-9.9-9.9
5287220190625 12.6  4.7  0.009999-99.9-99.9-99.9-99.9-9.9 99 8.1 75  3.8   8  6.7-9.9-9.9
5287220190626 14.7  2.2  0.009999-99.9-99.9-99.9-99.9-9.9 99 7.1 66  2.0   4  3.2-9.9-9.9
5287220190627 16.5  2.3  0.009999-99.9-99.9-99.9-99.9-9.9 99 9.0 80  5.3   2  1.8-9.9-9.9
5287220190628 13.1  7.3  0.009999-99.9-99.9-99.9-99.9-9.9 9911.7 94  9.1   2  1.8-9.9-9.9
5287220190629 11.6  9.3  0.819999-99.9-99.9-99.9-99.9-9.9 9912.1100  9.8   6  4.4-9.9-9.9
5287220190630 12.3  5.8  0.009999-99.9-99.9-99.9-99.9-9.9 99 9.9 87  6.7   4  3.4-9.9-9.9
5287220190701 14.6  0.1  0.009999-99.9-99.9-99.9-99.9-9.9 99 7.5 74  2.8   4  3.4-9.9-9.9
5287220190702 16.4  6.3  0.009999-99.9-99.9-99.9-99.9-9.9 99 7.9 70  3.5   5  4.3-9.9-9.9
5287220190703 11.3  1.6  0.009999-99.9-99.9-99.9-99.9-9.9 99 7.1 77  2.1   4  3.5-9.9-9.9
5287220190704 10.2 -0.2  0.009999-99.9-99.9-99.9-99.9-9.9 99 6.8 80  1.4   6  4.8-9.9-9.9
5287220190705 10.3 -1.6  0.009999-99.9-99.9-99.9-99.9-9.9 99 6.3 85  0.3   5  4.2-9.9-9.9
5287220190706 14.0 -2.8  0.009999-99.9-99.9-99.9-99.9-9.9 99 6.3 79  0.2   3  2.0-9.9-9.9
5287220190707 15.3 -0.7  0.009999-99.9-99.9-99.9-99.9-9.9 99 7.6 76  3.0   2  1.6-9.9-9.9
5287220190708 16.1 -0.4  0.009999-99.9-99.9-99.9-99.9-9.9 99 8.1 76  3.8   2  1.4-9.9-9.9
5287220190709 19.7  6.0  0.009999-99.9-99.9-99.9-99.9-9.9 9910.4 77  7.5   1  1.0-9.9-9.9
5287220190710 20.7  6.7  0.009999-99.9-99.9-99.9-99.9-9.9 9911.4 84  8.8   1  1.0-9.9-9.9
5287220190711-99.9-99.9-99.999999-99.9-99.9-99.9-99.9-9.9 99-9.9-99-99.9 -99-99.9-9.9-9.9
5287220190712-99.9-99.9  0.009999-99.9-99.9-99.9-99.9-9.9 9911.7 86  9.3   5  4.4-9.9-9.9
5287220190713 12.8  1.2  0.009999-99.9-99.9-99.9-99.9-9.9 99 8.4 92  4.3   2  1.2-9.9-9.9
5287220190714 15.3 -0.4  0.219999-99.9-99.9-99.9-99.9-9.9 99 9.1 92  5.3   1  0.7-9.9-9.9
5287220190715 17.1  4.1  0.009999-99.9-99.9-99.9-99.9-9.9 99 9.1 80  5.5   3  2.0-9.9-9.9
5287220190716 18.2  0.6  0.009999-99.9-99.9-99.9-99.9-9.9 99 8.3 72  4.1   2  1.5-9.9-9.9
5287220190717 18.4  5.2  0.219999-99.9-99.9-99.9-99.9-9.9 9910.1 74  7.1   4  2.9-9.9-9.9
5287220190718 15.5  8.3  0.009999-99.9-99.9-99.9-99.9-9.9 9911.1 85  8.5   2  2.0-9.9-9.9
5287220190719 18.0  3.5  0.009999-99.9-99.9-99.9-99.9-9.9 9910.9 90  8.0   1  1.1-9.9-9.9
5287220190720 18.9  6.1  0.009999-99.9-99.9-99.9-99.9-9.9 9915.4 95 13.0   2  1.4-9.9-9.9
5287220190721 20.0 13.4  0.009999-99.9-99.9-99.9-99.9-9.9 9916.4 85 13.8   7  5.4-9.9-9.9
5287220190722 14.3  4.1  0.009999-99.9-99.9-99.9-99.9-9.9 99 8.6 76  4.7   4  3.4-9.9-9.9
5287220190723 10.7  1.5  0.009999-99.9-99.9-99.9-99.9-9.9 99 8.5 87  4.6   3  2.3-9.9-9.9
5287220190724 16.8 -0.4  0.009999-99.9-99.9-99.9-99.9-9.9 99 6.9 73  1.6   2  1.3-9.9-9.9
5287220190725 12.0  2.1  3.219999-99.9-99.9-99.9-99.9-9.9 99 9.3 91  5.7   3  2.3-9.9-9.9
5287220190726 14.0  6.9  0.219999-99.9-99.9-99.9-99.9-9.9 9911.8100  9.3   7  5.3-9.9-9.9
5287220190727 16.9  1.4  0.009999-99.9-99.9-99.9-99.9-9.9 99 9.5 86  6.1   3  2.2-9.9-9.9
5287220190728 15.5  4.6  0.009999-99.9-99.9-99.9-99.9-9.9 9910.9 89  8.2   2  1.7-9.9-9.9
5287220190729 15.4  7.2  0.219999-99.9-99.9-99.9-99.9-9.9 9911.7 93  9.2   1  0.7-9.9-9.9
5287220190730 20.5  4.1  0.009999-99.9-99.9-99.9-99.9-9.9 9911.6 83  8.9   3  2.3-9.9-9.9
5287220190731 21.5  7.5  0.009999-99.9-99.9-99.9-99.9-9.9 9913.1 88 10.9   5  3.7-9.9-9.9
5287220190801 16.1  8.5  0.009999-99.9-99.9-99.9-99.9-9.9 99 7.8 57  3.3   7  5.4-9.9-9.9
5287220190802 15.3  4.1  0.009999-99.9-99.9-99.9-99.9-9.9 99 6.9 59  1.6   6  5.0-9.9-9.9
5287220190803-99.9-99.9-99.999999-99.9-99.9-99.9-99.9-9.9 99 6.9 66  1.6 -99-99.9-9.9-9.9
5287220190804 20.1  2.6  0.009999-99.9-99.9-99.9-99.9-9.9 99 7.7 60  3.2   5  3.6-9.9-9.9
5287220190805 21.6  4.8  0.009999-99.9-99.9-99.9-99.9-9.9 99 9.4 66  6.1   5  4.4-9.9-9.9
5287220190806 24.3  8.0  0.009999-99.9-99.9-99.9-99.9-9.9 9911.0 68  8.4   5  3.8-9.9-9.9
5287220190807 18.2  3.6  0.009999-99.9-99.9-99.9-99.9-9.9 99 8.1 63  3.8   4  3.2-9.9-9.9
5287220190808 14.0  1.5  0.009999-99.9-99.9-99.9-99.9-9.9 99 7.9 74  3.6   3  2.7-9.9-9.9
5287220190809 12.8  3.1  0.009999-99.9-99.9-99.9-99.9-9.9 99 8.2 85  4.1   3  2.8-9.9-9.9
5287220190810 21.4  1.5  0.009999-99.9-99.9-99.9-99.9-9.9 99 7.3 56  2.3   4  3.2-9.9-9.9
5287220190811 20.8  3.8  0.009999-99.9-99.9-99.9-99.9-9.9 9910.1 83  7.1   3  2.4-9.9-9.9
5287220190812 13.9  3.6  0.009999-99.9-99.9-99.9-99.9-9.9 99 8.0 77  3.7  10  8.4-9.9-9.9
5287220190813 12.4 -1.5  0.009999-99.9-99.9-99.9-99.9-9.9 99 6.4 81  0.6   5  4.2-9.9-9.9
5287220190814-99.9-99.9-99.999999-99.9-99.9-99.9-99.9-9.9 99-9.9-99-99.9 -99-99.9-9.9-9.9
5287220190815 19.1  1.3  0.009999-99.9-99.9-99.9-99.9-9.9 99 8.3 73  4.2   2  1.5-9.9-9.9
5287220190816 21.5  2.8  0.009999-99.9-99.9-99.9-99.9-9.9 99 9.9 80  6.7   1  0.8-9.9-9.9
5287220190817 20.5  5.4  0.009999-99.9-99.9-99.9-99.9-9.9 9910.2 72  7.2   4  3.5-9.9-9.9
5287220190818 13.7  3.7  0.009999-99.9-99.9-99.9-99.9-9.9 99 8.0 73  3.5   7  5.5-9.9-9.9
5287220190819  9.9 -1.8  0.009999-99.9-99.9-99.9-99.9-9.9 99 6.2 70  0.1   2  1.7-9.9-9.9
5287220190820 13.5  4.4  0.009999-99.9-99.9-99.9-99.9-9.9 99 7.4 68  2.6   2  1.7-9.9-9.9
5287220190821-99.9-99.9-99.999999-99.9-99.9-99.9-99.9-9.9 99-9.9-99-99.9 -99-99.9-9.9-9.9
5287220190822 19.4  6.3  0.009999-99.9-99.9-99.9-99.9-9.9 9910.0 83  7.0   2  1.6-9.9-9.9
5287220190823 21.6  5.3  0.009999-99.9-99.9-99.9-99.9-9.9 9910.0 71  6.9   2  1.6-9.9-9.9
5287220190824 21.0  5.1  0.009999-99.9-99.9-99.9-99.9-9.9 9910.5 73  7.6   2  1.9-9.9-9.9
5287220190825 22.7  5.7  0.009999-99.9-99.9-99.9-99.9-9.9 9912.2 74  9.8   3  2.3-9.9-9.9
5287220190826 24.7  5.5  0.009999-99.9-99.9-99.9-99.9-9.9 9914.5 87 12.2   1  1.2-9.9-9.9
5287220190827 26.2  9.7  0.009999-99.9-99.9-99.9-99.9-9.9 9917.1 83 14.9   3  2.0-9.9-9.9
5287220190828 27.8 15.3  3.819999-99.9-99.9-99.9-99.9-9.9 9920.1 76 17.5   4  3.5-9.9-9.9
5287220190829 22.8  8.3  0.219999-99.9-99.9-99.9-99.9-9.9 9913.2 81 10.5   5  4.1-9.9-9.9
5287220190830 18.7  5.4  0.009999-99.9-99.9-99.9-99.9-9.9 99 9.5 76  6.3   1  1.1-9.9-9.9
5287220190831 20.1  3.0  0.009999-99.9-99.9-99.9-99.9-9.9 99 7.7 60  3.1   3  2.3-9.9-9.9
5287220190901 14.5  3.0  0.009999-99.9-99.9-99.9-99.9-9.9 99 7.0 67  1.8   7  5.2-9.9-9.9
5287220190902 17.4  0.8  0.009999-99.9-99.9-99.9-99.9-9.9 99 6.7 58  1.1   7  5.6-9.9-9.9
5287220190903 15.0 -0.9  0.009999-99.9-99.9-99.9-99.9-9.9 99 5.6 53 -1.3   4  3.5-9.9-9.9
5287220190904 13.4 -1.9  0.009999-99.9-99.9-99.9-99.9-9.9 99 6.2 66  0.2   4  3.1-9.9-9.9
5287220190905 13.7  0.8  0.009999-99.9-99.9-99.9-99.9-9.9 99 7.5 74  2.8   6  4.7-9.9-9.9
5287220190906 17.6  6.1  0.009999-99.9-99.9-99.9-99.9-9.9 9910.6 83  7.8   6  5.2-9.9-9.9
5287220190907 18.7  8.0  0.009999-99.9-99.9-99.9-99.9-9.9 9913.0 92 10.8   5  4.0-9.9-9.9
5287220190908 21.6  7.3  0.009999-99.9-99.9-99.9-99.9-9.9 9912.4 84 10.1   4  2.9-9.9-9.9
5287220190909 13.0 10.5  5.019999-99.9-99.9-99.9-99.9-9.9 9913.9100 11.9   7  5.7-9.9-9.9
5287220190910 19.5  6.0  0.009999-99.9-99.9-99.9-99.9-9.9 9910.8 73  8.0   3  2.4-9.9-9.9
5287220190911 16.7  6.4  0.009999-99.9-99.9-99.9-99.9-9.9 9911.5 92  8.9   3  2.3-9.9-9.9
5287220190912 22.8  1.2  0.009999-99.9-99.9-99.9-99.9-9.9 99 9.3 66  5.7   3  2.4-9.9-9.9
5287220190913 21.6  5.5  0.009999-99.9-99.9-99.9-99.9-9.9 9911.2 80  8.5   4  3.3-9.9-9.9
5287220190914 23.9  7.5  0.009999-99.9-99.9-99.9-99.9-9.9 9912.5 76 10.3   3  2.4-9.9-9.9
5287220190915 25.3  9.1  0.519999-99.9-99.9-99.9-99.9-9.9 9913.8 77 11.6   5  3.8-9.9-9.9
5287220190916 20.0  9.0  0.009999-99.9-99.9-99.9-99.9-9.9 99 9.2 56  5.2   6  4.7-9.9-9.9
5287220190917 26.5  4.9  0.009999-99.9-99.9-99.9-99.9-9.9 99 8.3 49  4.1   5  3.7-9.9-9.9
5287220190918 24.5  3.0  0.009999-99.9-99.9-99.9-99.9-9.9 99 9.4 53  5.9   2  1.8-9.9-9.9
5287220190919 17.5  5.4  0.009999-99.9-99.9-99.9-99.9-9.9 99 7.4 50  2.1   8  6.4-9.9-9.9
5287220190920 21.0  4.4  0.009999-99.9-99.9-99.9-99.9-9.9 99 6.1 41 -0.0   4  3.4-9.9-9.9
5287220190921 23.0  5.6  0.009999-99.9-99.9-99.9-99.9-9.9 99 7.1 47  2.1   5  4.0-9.9-9.9
5287220190922 22.0  3.5  0.009999-99.9-99.9-99.9-99.9-9.9 99 6.4 42  0.5   3  2.6-9.9-9.9
5287220190923 23.0  5.0  0.009999-99.9-99.9-99.9-99.9-9.9 99 9.7 56  6.4   3  2.4-9.9-9.9
5287220190924 30.4  8.3  0.009999-99.9-99.9-99.9-99.9-9.9 9911.5 52  9.0   3  2.1-9.9-9.9
5287220190925 29.9 10.8  0.009999-99.9-99.9-99.9-99.9-9.9 9911.5 51  8.9   3  2.2-9.9-9.9
5287220190926 29.3 10.4  0.009999-99.9-99.9-99.9-99.9-9.9 9912.8 54 10.6   5  4.4-9.9-9.9
5287220190927 24.1  9.0  0.009999-99.9-99.9-99.9-99.9-9.9 9910.8 60  7.8   7  5.7-9.9-9.9
5287220190928 27.7 11.0  0.009999-99.9-99.9-99.9-99.9-9.9 9913.9 65 11.9   3  2.4-9.9-9.9
5287220190929 32.0 11.2  0.009999-99.9-99.9-99.9-99.9-9.9 9915.3 53 13.2   4  3.0-9.9-9.9
5287220190930 27.2 14.7  3.219999-99.9-99.9-99.9-99.9-9.9 9914.5 62 12.4   8  6.4-9.9-9.9
5287220191001 21.7  7.2  1.019999-99.9-99.9-99.9-99.9-9.9 99 9.5 56  6.1   8  6.7-9.9-9.9
5287220191002 20.2  7.5  0.009999-99.9-99.9-99.9-99.9-9.9 99 8.4 53  4.3   8  6.7-9.9-9.9
5287220191003 13.1  3.7  2.019999-99.9-99.9-99.9-99.9-9.9 99 8.3 73  4.2   9  6.8-9.9-9.9
5287220191004 14.4  7.7  3.219999-99.9-99.9-99.9-99.9-9.9 9913.4100 11.1   5  4.3-9.9-9.9
5287220191005 23.1  5.9  0.009999-99.9-99.9-99.9-99.9-9.9 9910.8 71  8.0   3  2.6-9.9-9.9
5287220191006 24.1  7.0  0.009999-99.9-99.9-99.9-99.9-9.9 9910.8 56  8.0   4  3.2-9.9-9.9
5287220191007 24.9 11.2  0.009999-99.9-99.9-99.9-99.9-9.9 9910.1 52  6.9   4  3.6-9.9-9.9
5287220191008 27.3  5.1  0.009999-99.9-99.9-99.9-99.9-9.9 99 8.9 45  5.2   2  1.8-9.9-9.9
5287220191009 29.1  8.1  0.009999-99.9-99.9-99.9-99.9-9.9 9914.6 64 12.1   2  1.6-9.9-9.9
5287220191010 28.4 10.7  2.019999-99.9-99.9-99.9-99.9-9.9 9919.8 76 17.1   3  2.1-9.9-9.9
5287220191011 27.3 16.8  1.519999-99.9-99.9-99.9-99.9-9.9 9922.3 89 19.2   3  2.4-9.9-9.9
5287220191012 23.3 15.6  0.819999-99.9-99.9-99.9-99.9-9.9 9919.8 98 17.3   3  2.6-9.9-9.9
5287220191013 20.4 11.5  0.219999-99.9-99.9-99.9-99.9-9.9 9911.5 56  8.5   6  4.9-9.9-9.9
5287220191014 15.6  6.2  0.519999-99.9-99.9-99.9-99.9-9.9 99 8.8 66  5.1   8  6.1-9.9-9.9
5287220191015 11.0  6.7  1.019999-99.9-99.9-99.9-99.9-9.9 9910.6 96  7.7   6  4.6-9.9-9.9
5287220191016 19.8 10.0  6.519999-99.9-99.9-99.9-99.9-9.9 9914.9 88 12.8   7  5.7-9.9-9.9
5287220191017 20.0 13.2  3.219999-99.9-99.9-99.9-99.9-9.9 9917.4 99 15.2   2  1.8-9.9-9.9
5287220191018 25.3  9.6  0.009999-99.9-99.9-99.9-99.9-9.9 9913.5 68 11.3   4  3.4-9.9-9.9
5287220191019 27.6  7.2  0.009999-99.9-99.9-99.9-99.9-9.9 9912.4 55 10.0   1  1.0-9.9-9.9
5287220191020 18.9  9.3  0.219999-99.9-99.9-99.9-99.9-9.9 9914.4 87 12.4   2  1.6-9.9-9.9
5287220191021 22.9 11.2  0.009999-99.9-99.9-99.9-99.9-9.9 9913.6 74 11.5   1  0.9-9.9-9.9
5287220191022 23.2  5.2  0.009999-99.9-99.9-99.9-99.9-9.9 99 9.9 54  6.8   3  2.5-9.9-9.9
5287220191023 22.4  4.6  0.009999-99.9-99.9-99.9-99.9-9.9 9911.5 71  8.9   3  2.5-9.9-9.9
5287220191024 28.6  6.2  0.009999-99.9-99.9-99.9-99.9-9.9 9911.8 52  9.2   1  1.1-9.9-9.9
5287220191025 31.3 12.8  0.009999-99.9-99.9-99.9-99.9-9.9 9917.4 67 15.2   2  1.5-9.9-9.9
5287220191026 30.7 15.7  3.219999-99.9-99.9-99.9-99.9-9.9 9916.9 58 14.8   4  3.4-9.9-9.9
5287220191027 28.0 13.6  6.219999-99.9-99.9-99.9-99.9-9.9 9917.9 75 15.7   4  3.2-9.9-9.9
5287220191028 21.5 13.3  5.019999-99.9-99.9-99.9-99.9-9.9 9916.7 98 14.7   5  3.7-9.9-9.9
5287220191029 24.5  9.1  2.019999-99.9-99.9-99.9-99.9-9.9 9915.1 80 13.0   4  3.6-9.9-9.9
5287220191030 24.7 12.1  0.219999-99.9-99.9-99.9-99.9-9.9 9914.9 81 12.9   3  2.5-9.9-9.9
5287220191031-99.9-99.9-99.999999-99.9-99.9-99.9-99.9-9.9 99-9.9-99-99.9 -99-99.9-9.9-9.9
5287220191105-99.9-99.9  0.009999-99.9-99.9-99.9-99.9-9.9 99-9.9-99-99.9 -99-99.9-9.9-9.9
5287220191106 28.8 11.6  0.009999-99.9-99.9-99.9-99.9-9.9 9918.0 71 15.7   2  1.7-9.9-9.9
5287220191107 28.5 15.6  0.009999-99.9-99.9-99.9-99.9-9.9 9915.2 51 13.0   4  3.0-9.9-9.9
5287220191108 26.1  9.5  4.519999-99.9-99.9-99.9-99.9-9.9 9911.9 58  9.4   6  4.9-9.9-9.9
5287220191109 26.0 10.5  0.009999-99.9-99.9-99.9-99.9-9.9 9915.9 69 13.7   4  3.1-9.9-9.9
5287220191110 27.6 10.0  0.009999-99.9-99.9-99.9-99.9-9.9 9914.8 69 12.7   4  3.3-9.9-9.9
5287220191111 27.2 14.3  0.219999-99.9-99.9-99.9-99.9-9.9 9917.8 65 15.6   3  2.7-9.9-9.9
5287220191112 30.7 15.6  0.009999-99.9-99.9-99.9-99.9-9.9 9921.1 78 18.3   2  1.7-9.9-9.9
5287220191113 32.4 16.4  0.819999-99.9-99.9-99.9-99.9-9.9 9921.1 71 18.2   1  1.0-9.9-9.9
5287220191114 31.4 15.1  0.009999-99.9-99.9-99.9-99.9-9.9 9916.4 52 14.2   2  1.2-9.9-9.9
5287220191115 33.4 12.3  4.519999-99.9-99.9-99.9-99.9-9.9 9916.4 49 14.4   1  1.1-9.9-9.9
5287220191116 30.0 16.6  0.009999-99.9-99.9-99.9-99.9-9.9 9921.8 82 18.8   2  1.9-9.9-9.9
5287220191117 31.7 14.6  0.009999-99.9-99.9-99.9-99.9-9.9 9920.0 62 17.5   2  1.5-9.9-9.9
5287220191118 32.8 16.3  0.009999-99.9-99.9-99.9-99.9-9.9 9918.8 64 16.4   1  1.1-9.9-9.9
5287220191119 34.1 14.7  0.009999-99.9-99.9-99.9-99.9-9.9 9918.6 58 16.0   3  2.2-9.9-9.9
5287220191120 37.1 18.0  0.009999-99.9-99.9-99.9-99.9-9.9 9921.2 51 18.2   2  2.0-9.9-9.9
5287220191121 31.4 14.5 18.519999-99.9-99.9-99.9-99.9-9.9 9920.1 75 17.1   7  5.3-9.9-9.9
5287220191122 25.7 15.1  0.009999-99.9-99.9-99.9-99.9-9.9 9915.8 67 13.5   5  4.1-9.9-9.9
5287220191123 25.0  8.1  0.009999-99.9-99.9-99.9-99.9-9.9 9913.0 62 10.8   6  5.0-9.9-9.9
5287220191124 26.8 12.1  1.219999-99.9-99.9-99.9-99.9-9.9 9915.1 60 13.1   6  4.5-9.9-9.9
5287220191125 21.5 15.0  3.219999-99.9-99.9-99.9-99.9-9.9 9918.4 92 16.2   4  3.5-9.9-9.9
5287220191126 28.0 13.5  0.009999-99.9-99.9-99.9-99.9-9.9 9916.3 81 14.1   3  2.8-9.9-9.9
5287220191127 28.5  9.1  0.009999-99.9-99.9-99.9-99.9-9.9 9912.3 52  9.9   2  1.5-9.9-9.9
5287220191128 32.7 10.4  0.009999-99.9-99.9-99.9-99.9-9.9 9914.3 46 12.2   3  2.1-9.9-9.9
5287220191129 31.3 16.3  0.009999-99.9-99.9-99.9-99.9-9.9 9917.5 62 15.2   2  1.9-9.9-9.9
5287220191130 28.9 10.2  0.009999-99.9-99.9-99.9-99.9-9.9 9911.2 48  8.6   4  2.8-9.9-9.9
5287220191201 27.1  6.8  0.009999-99.9-99.9-99.9-99.9-9.9 9910.3 48  7.3   2  1.8-9.9-9.9
5287220191202 31.1  8.5  0.009999-99.9-99.9-99.9-99.9-9.9 9911.6 37  9.1   2  1.8-9.9-9.9
5287220191203 25.0 15.6  2.519999-99.9-99.9-99.9-99.9-9.9 9916.7 86 14.5   1  1.1-9.9-9.9
5287220191204-99.9-99.9-99.999999-99.9-99.9-99.9-99.9-9.9 99-9.9-99-99.9 -99-99.9-9.9-9.9
5287220191205 28.3  6.7  0.009999-99.9-99.9-99.9-99.9-9.9 9912.6 59 10.3   2  1.5-9.9-9.9
5287220191206 30.8 12.0  0.009999-99.9-99.9-99.9-99.9-9.9 9912.0 38  9.6   3  2.2-9.9-9.9
5287220191207 28.0  8.0  0.009999-99.9-99.9-99.9-99.9-9.9 9911.5 44  9.0   2  1.3-9.9-9.9
5287220191208 35.0 12.2  0.009999-99.9-99.9-99.9-99.9-9.9 9915.8 41 13.7   2  1.5-9.9-9.9
5287220191209 37.6 15.3  1.219999-99.9-99.9-99.9-99.9-9.9 9917.4 44 15.2   2  1.8-9.9-9.9
5287220191210 39.2 20.4  0.009999-99.9-99.9-99.9-99.9-9.9 9919.1 49 16.6   3  2.2-9.9-9.9
5287220191211 35.0 16.3  2.019999-99.9-99.9-99.9-99.9-9.9 9919.6 65 17.0   3  2.5-9.9-9.9
5287220191212 26.6 14.0  0.009999-99.9-99.9-99.9-99.9-9.9 9911.7 43  8.8   5  4.1-9.9-9.9
5287220191213 29.2  7.0  0.009999-99.9-99.9-99.9-99.9-9.9 9910.8 42  8.0   2  1.3-9.9-9.9
5287220191214 33.7 14.1  0.009999-99.9-99.9-99.9-99.9-9.9 9915.5 49 13.5   1  1.1-9.9-9.9
5287220191215 29.9 16.5  0.009999-99.9-99.9-99.9-99.9-9.9 9918.4 67 16.2   2  1.9-9.9-9.9
5287220191216 32.2 13.0  0.819999-99.9-99.9-99.9-99.9-9.9 9917.2 64 15.0   1  1.0-9.9-9.9
5287220191217 32.2 12.0  0.219999-99.9-99.9-99.9-99.9-9.9 9916.1 52 14.0   3  2.6-9.9-9.9
5287220191218 35.7 16.8  0.009999-99.9-99.9-99.9-99.9-9.9 9917.6 42 15.4   3  2.7-9.9-9.9
5287220191219 35.0 16.0  6.819999-99.9-99.9-99.9-99.9-9.9 9918.2 54 16.0   1  1.1-9.9-9.9
5287220191220 23.6 15.8  6.219999-99.9-99.9-99.9-99.9-9.9 9918.8 94 16.4   5  3.7-9.9-9.9
5287220191221 27.0  9.6  0.009999-99.9-99.9-99.9-99.9-9.9 9912.2 59  9.7   5  3.9-9.9-9.9
5287220191222 28.7  4.7  0.009999-99.9-99.9-99.9-99.9-9.9 9911.2 55  8.5   1  1.1-9.9-9.9
5287220191223 34.2 10.7  0.009999-99.9-99.9-99.9-99.9-9.9 9913.4 42 11.3   2  2.0-9.9-9.9
5287220191224 36.1 17.5  7.019999-99.9-99.9-99.9-99.9-9.9 9916.8 42 14.7   5  3.9-9.9-9.9
5287220191225 26.6 12.8  6.819999-99.9-99.9-99.9-99.9-9.9 9915.8100 13.8   2  1.5-9.9-9.9
5287220191226 29.6 10.7  0.519999-99.9-99.9-99.9-99.9-9.9 9919.4 76 16.7   3  2.1-9.9-9.9
5287220191227 34.3 20.1 57.519999-99.9-99.9-99.9-99.9-9.9 9928.7 79 23.3   2  1.3-9.9-9.9
5287220191228 31.5 20.4  0.219999-99.9-99.9-99.9-99.9-9.9 9927.3 87 22.5   2  1.9-9.9-9.9
5287220191229 30.9 19.6  0.819999-99.9-99.9-99.9-99.9-9.9 9928.5 92 23.2   1  1.1-9.9-9.9
5287220191230 25.4 21.6 11.819999-99.9-99.9-99.9-99.9-9.9 9927.4100 22.6   1  0.9-9.9-9.9
5287220191231 32.3 21.1  0.009999-99.9-99.9-99.9-99.9-9.9 9925.6 80 21.4   5  3.7-9.9-9.9
5287220200101 28.3 17.8  0.009999-99.9-99.9-99.9-99.9-9.9 9921.4 75 18.6   4  3.0-9.9-9.9
5287220200102 29.6 13.5  0.009999-99.9-99.9-99.9-99.9-9.9 9919.9 77 17.4   3  2.8-9.9-9.9
5287220200103 31.3 15.7  0.009999-99.9-99.9-99.9-99.9-9.9 9920.6 69 17.9   3  2.2-9.9-9.9
5287220200104 33.0 15.6  0.009999-99.9-99.9-99.9-99.9-9.9 9920.9 63 18.1   2  1.3-9.9-9.9
5287220200105 30.4 16.8 43.219999-99.9-99.9-99.9-99.9-9.9 9921.2 73 18.4   2  1.5-9.9-9.9
5287220200106 28.3 13.8  0.009999-99.9-99.9-99.9-99.9-9.9 9916.8 65 14.7   3  2.1-9.9-9.9
5287220200107 31.7 12.4  0.009999-99.9-99.9-99.9-99.9-9.9 9917.0 62 14.9   3  2.1-9.9-9.9
5287220200108 33.0 15.4  0.009999-99.9-99.9-99.9-99.9-9.9 9918.6 54 16.3   3  2.3-9.9-9.9
5287220200109 30.5 17.3  0.009999-99.9-99.9-99.9-99.9-9.9 9917.0 63 14.8   2  1.9-9.9-9.9
5287220200110 31.8 13.7  0.009999-99.9-99.9-99.9-99.9-9.9 9917.6 64 15.4   2  1.4-9.9-9.9
5287220200111 34.0 12.4  0.009999-99.9-99.9-99.9-99.9-9.9 9917.5 59 15.2   1  1.1-9.9-9.9
5287220200112 29.7 13.9-99.999999-99.9-99.9-99.9-99.9-9.9 9915.3 51 13.4   4  3.3-9.9-9.9
5287220200116-99.9-99.9  0.009999-99.9-99.9-99.9-99.9-9.9 9913.2 66 11.0   1  1.2-9.9-9.9
5287220200117 30.2 10.2  0.009999-99.9-99.9-99.9-99.9-9.9 9915.9 62 13.6   2  1.6-9.9-9.9
5287220200118 32.7 17.8  0.009999-99.9-99.9-99.9-99.9-9.9 9920.4 62 17.8   2  1.3-9.9-9.9
5287220200119 35.0 16.4  0.009999-99.9-99.9-99.9-99.9-9.9 9924.1 66 20.4   1  0.9-9.9-9.9
5287220200120 36.3 21.9  9.219999-99.9-99.9-99.9-99.9-9.9 9928.4 68 23.2   2  1.9-9.9-9.9
5287220200121 31.1 19.9  0.009999-99.9-99.9-99.9-99.9-9.9 9926.5 90 22.0   3  2.7-9.9-9.9
5287220200122 31.8 19.6  0.009999-99.9-99.9-99.9-99.9-9.9 9925.7 79 21.5   3  2.1-9.9-9.9
5287220200123 34.4 19.0  0.009999-99.9-99.9-99.9-99.9-9.9 9925.5 72 21.4   2  1.7-9.9-9.9
5287220200124 34.9 17.6  0.009999-99.9-99.9-99.9-99.9-9.9 9924.2 64 20.5   2  1.9-9.9-9.9
5287220200125 37.5 19.5  0.009999-99.9-99.9-99.9-99.9-9.9 9923.5 64 19.9   2  1.9-9.9-9.9
5287220200126 35.0 13.2  0.009999-99.9-99.9-99.9-99.9-9.9 9917.2 51 14.9   4  2.9-9.9-9.9
5287220200127 26.7 10.0  0.009999-99.9-99.9-99.9-99.9-9.9 9912.7 59 10.5   3  2.1-9.9-9.9
5287220200128 32.5 10.7  1.519999-99.9-99.9-99.9-99.9-9.9 9917.4 58 15.1   3  2.0-9.9-9.9
5287220200129 24.4 16.8  2.819999-99.9-99.9-99.9-99.9-9.9 9919.2 87 16.7   3  2.8-9.9-9.9
5287220200130 29.4  6.5  0.009999-99.9-99.9-99.9-99.9-9.9 9912.3 63  9.8   1  1.1-9.9-9.9
5287220200131 31.7 11.4  0.009999-99.9-99.9-99.9-99.9-9.9 9915.1 56 13.1   2  1.7-9.9-9.9
5287220200201 34.2 13.5  0.009999-99.9-99.9-99.9-99.9-9.9 9918.0 65 15.7   2  1.4-9.9-9.9
5287220200202 36.2 16.5  0.009999-99.9-99.9-99.9-99.9-9.9 9922.3 63 19.2   2  1.3-9.9-9.9
5287220200203 37.1 17.6  0.009999-99.9-99.9-99.9-99.9-9.9 9922.9 54 19.6   2  1.6-9.9-9.9
5287220200204 37.0 20.0  7.519999-99.9-99.9-99.9-99.9-9.9 9925.2 61 21.2   3  2.8-9.9-9.9
5287220200205 28.8 19.0  8.019999-99.9-99.9-99.9-99.9-9.9 9926.0 91 21.7   3  2.2-9.9-9.9
5287220200206 35.7 20.1  0.219999-99.9-99.9-99.9-99.9-9.9 9929.2 76 23.6   1  1.2-9.9-9.9
5287220200207 27.7 20.9  3.019999-99.9-99.9-99.9-99.9-9.9 9927.7 90 22.8   3  2.2-9.9-9.9
5287220200208 30.8 17.9  0.009999-99.9-99.9-99.9-99.9-9.9 9920.4 69 17.8   4  3.0-9.9-9.9
5287220200209 26.5 12.0  0.009999-99.9-99.9-99.9-99.9-9.9 9914.8 64 12.7   3  2.2-9.9-9.9
5287220200210 27.5  9.0  0.009999-99.9-99.9-99.9-99.9-9.9 9914.0 69 11.9   2  1.7-9.9-9.9
5287220200211 29.8 11.4  0.009999-99.9-99.9-99.9-99.9-9.9 9916.9 68 14.8   3  2.2-9.9-9.9
5287220200212 31.4 15.2  0.009999-99.9-99.9-99.9-99.9-9.9 9918.7 65 16.5   3  2.4-9.9-9.9
5287220200213 34.9 16.8  1.519999-99.9-99.9-99.9-99.9-9.9 9921.9 66 18.9   3  2.3-9.9-9.9
5287220200214 31.1 15.0  0.009999-99.9-99.9-99.9-99.9-9.9 9918.1 73 15.8   2  1.4-9.9-9.9
5287220200215 35.5 12.4  0.009999-99.9-99.9-99.9-99.9-9.9 9919.6 62 16.9   2  1.5-9.9-9.9
5287220200216 36.8 18.1  0.009999-99.9-99.9-99.9-99.9-9.9 9925.7 70 21.5   2  1.5-9.9-9.9
5287220200217 31.2 18.5 26.019999-99.9-99.9-99.9-99.9-9.9 9924.5 95 20.7   2  1.9-9.9-9.9
5287220200218 27.4 12.2  0.009999-99.9-99.9-99.9-99.9-9.9 9917.3 79 15.2   3  2.8-9.9-9.9
5287220200219 31.7 10.2  0.009999-99.9-99.9-99.9-99.9-9.9 9915.7 61 13.6   3  2.2-9.9-9.9
5287220200220 25.6  7.9  0.009999-99.9-99.9-99.9-99.9-9.9 9910.8 59  7.9   5  3.9-9.9-9.9
5287220200221 25.7  7.7  0.009999-99.9-99.9-99.9-99.9-9.9 9912.0 65  9.7   4  3.4-9.9-9.9
5287220200222 27.0  5.4  0.009999-99.9-99.9-99.9-99.9-9.9 9912.1 66  9.7   1  1.2-9.9-9.9
5287220200223 29.5  9.2  0.009999-99.9-99.9-99.9-99.9-9.9 9916.0 67 13.9   2  1.4-9.9-9.9
5287220200224 31.9 12.9  0.009999-99.9-99.9-99.9-99.9-9.9 9918.0 63 15.7   2  1.8-9.9-9.9
5287220200225 32.1  9.3  0.009999-99.9-99.9-99.9-99.9-9.9 9913.8 57 11.7   1  1.1-9.9-9.9
5287220200226 29.9  9.8  0.009999-99.9-99.9-99.9-99.9-9.9 9914.3 61 12.2   2  1.7-9.9-9.9
5287220200227 33.3 11.8  0.009999-99.9-99.9-99.9-99.9-9.9 9915.7 61 13.7   2  1.7-9.9-9.9
5287220200228 35.8 12.5  0.009999-99.9-99.9-99.9-99.9-9.9 9918.2 59 16.0   2  1.3-9.9-9.9
5287220200229 36.5 15.8  0.009999-99.9-99.9-99.9-99.9-9.9 9921.6 75 18.6   2  1.8-9.9-9.9
5287220200301 37.3 16.1  0.009999-99.9-99.9-99.9-99.9-9.9 9920.3 59 17.7   2  1.4-9.9-9.9
5287220200302 37.2 16.9  0.009999-99.9-99.9-99.9-99.9-9.9 9920.5 57 17.9   1  1.1-9.9-9.9
5287220200303 35.7 16.2  0.009999-99.9-99.9-99.9-99.9-9.9 9919.5 61 17.1   1  1.1-9.9-9.9
5287220200304 36.1 15.1  0.009999-99.9-99.9-99.9-99.9-9.9 9919.1 56 16.7   2  1.5-9.9-9.9
5287220200305 35.7 16.4  0.009999-99.9-99.9-99.9-99.9-9.9 9919.1 56 16.7   2  1.8-9.9-9.9
5287220200306 35.4 16.4  0.009999-99.9-99.9-99.9-99.9-9.9 9919.0 62 16.7   2  1.5-9.9-9.9
5287220200307 35.1 16.4  0.009999-99.9-99.9-99.9-99.9-9.9 9920.2 65 17.6   2  1.4-9.9-9.9
5287220200308 27.6 18.2  1.819999-99.9-99.9-99.9-99.9-9.9 9923.4 87 19.9   1  0.6-9.9-9.9
5287220200309 26.5 16.3  2.019999-99.9-99.9-99.9-99.9-9.9 9918.1 73 15.9   4  3.0-9.9-9.9
5287220200310 27.0 14.1 63.519999-99.9-99.9-99.9-99.9-9.9 9918.5 79 16.2   5  4.4-9.9-9.9
5287220200311 20.3 17.6 35.019999-99.9-99.9-99.9-99.9-9.9 9920.8100 18.1   3  2.3-9.9-9.9
5287220200312 32.2 13.7  0.009999-99.9-99.9-99.9-99.9-9.9 9921.6 84 18.6   1  0.8-9.9-9.9
5287220200313 35.8 17.4 34.219999-99.9-99.9-99.9-99.9-9.9 9926.2 75 21.7   2  1.4-9.9-9.9
5287220200314 26.0 15.6  2.019999-99.9-99.9-99.9-99.9-9.9 9921.2 89 18.2   3  2.6-9.9-9.9
5287220200315 26.7 13.5  0.009999-99.9-99.9-99.9-99.9-9.9 9916.0 81 13.9   2  1.4-9.9-9.9
5287220200316 28.4 11.2  3.019999-99.9-99.9-99.9-99.9-9.9 9916.3 72 14.2   2  1.3-9.9-9.9
5287220200317 17.1 13.5 42.019999-99.9-99.9-99.9-99.9-9.9 9917.5100 15.4   2  1.8-9.9-9.9
5287220200318 28.8 12.5  0.219999-99.9-99.9-99.9-99.9-9.9 9918.4 85 16.1   2  1.4-9.9-9.9
5287220200319 28.7 13.1  0.009999-99.9-99.9-99.9-99.9-9.9 9917.3 83 15.2   3  2.6-9.9-9.9
5287220200320 32.1 11.3  0.009999-99.9-99.9-99.9-99.9-9.9 9916.6 72 14.5   1  1.1-9.9-9.9
5287220200321 32.8 12.5  0.009999-99.9-99.9-99.9-99.9-9.9 9916.9 63 14.8   1  1.1-9.9-9.9
5287220200322 32.9 12.4  0.009999-99.9-99.9-99.9-99.9-9.9 9917.6 65 15.5   1  1.0-9.9-9.9
5287220200323 33.4 14.5  0.009999-99.9-99.9-99.9-99.9-9.9 9917.3 58 15.2   2  1.8-9.9-9.9
5287220200324 34.6 15.1 71.019999-99.9-99.9-99.9-99.9-9.9 9921.8 67 18.7   1  1.1-9.9-9.9
5287220200325 23.7 17.8  4.019999-99.9-99.9-99.9-99.9-9.9 9922.3100 19.2   3  2.6-9.9-9.9
5287220200326 27.6 16.7  0.219999-99.9-99.9-99.9-99.9-9.9 9922.7 92 19.4   3  2.1-9.9-9.9
5287220200327 33.1 18.0  0.009999-99.9-99.9-99.9-99.9-9.9 9923.7 80 20.2   2  1.7-9.9-9.9
5287220200328 32.0 16.6  0.009999-99.9-99.9-99.9-99.9-9.9 9922.6 81 19.4   1  0.7-9.9-9.9
5287220200329 31.3 18.1  0.009999-99.9-99.9-99.9-99.9-9.9 9923.9 78 20.3   1  1.1-9.9-9.9
5287220200330 31.6 19.3 44.819999-99.9-99.9-99.9-99.9-9.9 9924.4 87 20.6   3  2.7-9.9-9.9
5287220200331 22.5 16.2 27.819999-99.9-99.9-99.9-99.9-9.9 9920.9 94 18.1   6  4.6-9.9-9.9
5287220200401 26.2 17.9  0.819999-99.9-99.9-99.9-99.9-9.9 9921.6 92 18.6   4  3.0-9.9-9.9
5287220200402 24.7 12.3  0.009999-99.9-99.9-99.9-99.9-9.9 9914.8 77 12.8   7  5.7-9.9-9.9
5287220200403 25.5  6.3  0.009999-99.9-99.9-99.9-99.9-9.9 9913.0 81 10.8   1  1.0-9.9-9.9
5287220200404 29.6  9.1  0.009999-99.9-99.9-99.9-99.9-9.9 9915.8 75 13.6   2  1.3-9.9-9.9
5287220200405 27.4 12.4  0.009999-99.9-99.9-99.9-99.9-9.9 9917.8 81 15.6   1  1.0-9.9-9.9
5287220200406 21.1  6.8  0.009999-99.9-99.9-99.9-99.9-9.9 9910.2 69  6.9   6  4.8-9.9-9.9
5287220200407 22.0  3.2  0.009999-99.9-99.9-99.9-99.9-9.9 9910.2 75  7.1   2  1.5-9.9-9.9
5287220200408 22.2  4.8  0.009999-99.9-99.9-99.9-99.9-9.9 9911.0 75  8.2   2  1.2-9.9-9.9
5287220200409 23.3  3.9  0.219999-99.9-99.9-99.9-99.9-9.9 9911.6 81  8.9   2  1.2-9.9-9.9
5287220200410 24.8  6.3  0.009999-99.9-99.9-99.9-99.9-9.9 9913.3 81 11.1   2  1.4-9.9-9.9
5287220200411 27.3  9.2  0.009999-99.9-99.9-99.9-99.9-9.9 9913.9 79 11.8   1  1.2-9.9-9.9
5287220200412 27.7 10.6  1.219999-99.9-99.9-99.9-99.9-9.9 9916.0 75 14.0   1  0.9-9.9-9.9
5287220200413 18.2 10.1 13.819999-99.9-99.9-99.9-99.9-9.9 9915.3100 13.2   4  3.0-9.9-9.9
5287220200414 22.4  6.1  0.009999-99.9-99.9-99.9-99.9-9.9 9912.0 78  9.6   5  3.8-9.9-9.9
5287220200415 22.9  5.3  0.009999-99.9-99.9-99.9-99.9-9.9 9910.6 76  7.8   3  2.0-9.9-9.9
5287220200416 26.3  4.8  0.009999-99.9-99.9-99.9-99.9-9.9 9911.5 73  8.9   1  0.7-9.9-9.9
5287220200417 28.1  7.1  0.009999-99.9-99.9-99.9-99.9-9.9 9912.3 64 10.0   1  1.0-9.9-9.9
5287220200418 28.9  9.5  0.009999-99.9-99.9-99.9-99.9-9.9 9914.1 64 12.0   2  1.7-9.9-9.9
5287220200419 30.3 10.1  0.009999-99.9-99.9-99.9-99.9-9.9 9916.5 74 14.4   1  1.0-9.9-9.9
5287220200420 32.5 12.6  0.009999-99.9-99.9-99.9-99.9-9.9 9917.6 66 15.4   2  1.5-9.9-9.9
5287220200421 22.5 11.9  0.009999-99.9-99.9-99.9-99.9-9.9 9913.1 71 11.0   4  2.9-9.9-9.9
5287220200422 23.3 10.4  0.009999-99.9-99.9-99.9-99.9-9.9 9913.8 76 11.7   3  2.1-9.9-9.9
5287220200423 27.4 13.5  9.519999-99.9-99.9-99.9-99.9-9.9 9919.5 83 17.0   3  2.7-9.9-9.9
5287220200424 24.5 17.5 17.219999-99.9-99.9-99.9-99.9-9.9 9920.8 93 18.2   2  1.4-9.9-9.9
5287220200425 21.0 13.7  6.219999-99.9-99.9-99.9-99.9-9.9 9918.3 94 16.1   4  2.9-9.9-9.9
5287220200426 21.8 11.2  0.009999-99.9-99.9-99.9-99.9-9.9 9916.3 86 14.2   6  5.1-9.9-9.9
5287220200427 18.1 15.2 13.219999-99.9-99.9-99.9-99.9-9.9 9919.1 99 16.8   4  3.6-9.9-9.9
5287220200428 23.5 14.7  2.519999-99.9-99.9-99.9-99.9-9.9 9918.3 83 15.9   4  2.9-9.9-9.9
5287220200429 23.3  9.4  0.009999-99.9-99.9-99.9-99.9-9.9 9912.9 76 10.7   3  2.4-9.9-9.9
5287220200430 25.5  5.7  0.009999-99.9-99.9-99.9-99.9-9.9 9912.9 79 10.6   1  0.5-9.9-9.9
5287220200501 21.2 11.1  0.009999-99.9-99.9-99.9-99.9-9.9 9913.6 79 11.5   4  3.4-9.9-9.9
5287220200502 20.3  6.8  0.219999-99.9-99.9-99.9-99.9-9.9 9912.8 88 10.5   2  1.6-9.9-9.9
5287220200503 18.9  8.8  0.819999-99.9-99.9-99.9-99.9-9.9 9914.8 97 12.7   1  0.9-9.9-9.9
5287220200504 24.0 10.0  0.519999-99.9-99.9-99.9-99.9-9.9 9914.7 86 12.7   1  0.9-9.9-9.9
5287220200505 17.9 10.4  0.009999-99.9-99.9-99.9-99.9-9.9 9912.6 83 10.3   9  6.9-9.9-9.9
5287220200506 19.8  6.1  0.219999-99.9-99.9-99.9-99.9-9.9 9910.7 85  7.9   4  3.0-9.9-9.9
5287220200507 21.5  3.6  0.009999-99.9-99.9-99.9-99.9-9.9 9910.0 81  6.8   1  1.0-9.9-9.9
5287220200508 22.0  4.4  0.009999-99.9-99.9-99.9-99.9-9.9 9911.1 73  8.4   2  1.7-9.9-9.9
5287220200509 25.4  7.3  0.009999-99.9-99.9-99.9-99.9-9.9 9912.0 72  9.6   2  1.9-9.9-9.9
5287220200510 25.7  8.0  0.009999-99.9-99.9-99.9-99.9-9.9 9913.2 77 11.0   2  1.6-9.9-9.9
5287220200511 21.0  7.5  0.009999-99.9-99.9-99.9-99.9-9.9 9910.0 69  6.8   3  2.7-9.9-9.9
5287220200512 22.9  2.5  0.009999-99.9-99.9-99.9-99.9-9.9 99 9.4 75  6.0   0  0.4-9.9-9.9
5287220200513 20.2  4.0  0.009999-99.9-99.9-99.9-99.9-9.9 99 9.9 77  6.8   4  3.5-9.9-9.9
5287220200514 18.4 -0.6  0.009999-99.9-99.9-99.9-99.9-9.9 99 8.8 83  4.9   1  1.0-9.9-9.9
5287220200515 25.4  5.8  0.009999-99.9-99.9-99.9-99.9-9.9 9911.6 63  9.1   4  2.9-9.9-9.9
5287220200516 30.8 12.3  0.009999-99.9-99.9-99.9-99.9-9.9 9912.7 62 10.4   3  2.6-9.9-9.9
5287220200517 26.3  9.0  0.009999-99.9-99.9-99.9-99.9-9.9 9912.1 60  9.7   3  2.6-9.9-9.9
5287220200518 27.2 10.3  0.009999-99.9-99.9-99.9-99.9-9.9 9914.0 72 11.9   3  2.3-9.9-9.9
5287220200519 28.2  8.7  0.009999-99.9-99.9-99.9-99.9-9.9 9915.8 76 13.6   1  1.1-9.9-9.9
5287220200520 21.5 13.9  3.219999-99.9-99.9-99.9-99.9-9.9 9917.8 99 15.6   2  1.7-9.9-9.9
5287220200521 17.1  8.7  0.009999-99.9-99.9-99.9-99.9-9.9 9912.4 88 10.1   9  7.2-9.9-9.9
5287220200522 17.4  5.9  0.009999-99.9-99.9-99.9-99.9-9.9 9910.1 82  7.1  10  8.0-9.9-9.9
5287220200523 18.4  2.3  0.009999-99.9-99.9-99.9-99.9-9.9 99 9.3 84  5.8   3  2.5-9.9-9.9
5287220200524 20.3  4.3  0.009999-99.9-99.9-99.9-99.9-9.9 99 9.5 63  6.1   5  3.7-9.9-9.9
5287220200525 19.7  9.1  0.009999-99.9-99.9-99.9-99.9-9.9 9911.0 78  8.4   9  7.0-9.9-9.9
5287220200526 20.6  3.4  0.009999-99.9-99.9-99.9-99.9-9.9 9910.4 81  7.4   1  0.9-9.9-9.9
5287220200527 24.9  4.2  0.009999-99.9-99.9-99.9-99.9-9.9 9911.0 81  8.2   1  1.1-9.9-9.9
5287220200528 22.0  4.1  0.219999-99.9-99.9-99.9-99.9-9.9 9912.2 86  9.7   2  1.3-9.9-9.9
5287220200529 20.3  8.4  0.009999-99.9-99.9-99.9-99.9-9.9 9914.4 91 12.2   3  2.4-9.9-9.9
5287220200530 14.9  7.2  0.009999-99.9-99.9-99.9-99.9-9.9 9911.4 87  8.8   4  3.5-9.9-9.9
5287220200531 15.8  4.7  0.009999-99.9-99.9-99.9-99.9-9.9 99 9.2 76  5.7   8  6.4-9.9-9.9
5287220200601 13.6  1.1  0.009999-99.9-99.9-99.9-99.9-9.9 99 8.5 90  4.4   2  1.6-9.9-9.9
5287220200602 18.7  0.6  0.219999-99.9-99.9-99.9-99.9-9.9 99 8.5 77  4.4   2  1.6-9.9-9.9
5287220200603 17.7  3.4  0.009999-99.9-99.9-99.9-99.9-9.9 9910.5 88  7.6   2  1.9-9.9-9.9
5287220200604 17.2  6.2  0.009999-99.9-99.9-99.9-99.9-9.9 9910.7 89  7.9   1  1.0-9.9-9.9
5287220200605 19.5  0.4  0.219999-99.9-99.9-99.9-99.9-9.9 9911.0 84  8.0   3  2.7-9.9-9.9
5287220200606 20.1 12.3  0.219999-99.9-99.9-99.9-99.9-9.9 9916.5 95 14.4   3  2.5-9.9-9.9
5287220200607 17.7 10.1  0.009999-99.9-99.9-99.9-99.9-9.9 9916.1 95 14.0   1  0.4-9.9-9.9
5287220200608 19.3  8.8  0.009999-99.9-99.9-99.9-99.9-9.9 9914.4 93 12.2   1  0.8-9.9-9.9
5287220200609 20.3  7.3  0.219999-99.9-99.9-99.9-99.9-9.9 9911.4 83  8.8   1  1.2-9.9-9.9
5287220200610 22.8  6.1  0.219999-99.9-99.9-99.9-99.9-9.9 9912.0 85  9.4   2  1.4-9.9-9.9
5287220200611 22.7  2.4  0.009999-99.9-99.9-99.9-99.9-9.9 9911.3 79  8.5   2  1.3-9.9-9.9
5287220200612 18.4  5.2  0.009999-99.9-99.9-99.9-99.9-9.9 9910.6 74  7.6   3  2.5-9.9-9.9
5287220200613 12.4  0.7  0.009999-99.9-99.9-99.9-99.9-9.9 99 5.4 60 -1.9   6  5.0-9.9-9.9
5287220200614 17.1 -0.8  0.009999-99.9-99.9-99.9-99.9-9.9 99 5.9 64 -0.5   2  2.0-9.9-9.9
5287220200615 19.8  1.9  0.009999-99.9-99.9-99.9-99.9-9.9 99 7.5 59  2.6   3  2.3-9.9-9.9
5287220200616 21.8 10.7  0.009999-99.9-99.9-99.9-99.9-9.9 9917.7 90 15.4   2  1.6-9.9-9.9
5287220200617 26.4 17.4 21.519999-99.9-99.9-99.9-99.9-9.9 9920.7 88 17.9   4  3.4-9.9-9.9
5287220200618 19.7 11.0  0.009999-99.9-99.9-99.9-99.9-9.9 9913.0 81 10.8   5  3.9-9.9-9.9
5287220200619 20.6  5.3  0.009999-99.9-99.9-99.9-99.9-9.9 9911.8 88  9.1   2  1.2-9.9-9.9
5287220200620 19.6  1.6  0.009999-99.9-99.9-99.9-99.9-9.9 99 9.2 69  5.6   3  2.6-9.9-9.9
5287220200621 17.1  5.5  0.219999-99.9-99.9-99.9-99.9-9.9 9910.4 85  7.5   5  4.0-9.9-9.9
5287220200622 16.5  2.7  9.219999-99.9-99.9-99.9-99.9-9.9 9911.2 90  8.2   4  2.9-9.9-9.9
5287220200623-99.9-99.9-99.999999-99.9-99.9-99.9-99.9-9.9 99-9.9-99-99.9 -99-99.9-9.9-9.9
5287220200624 16.6  5.8  0.009999-99.9-99.9-99.9-99.9-9.9 9910.5 81  7.6   6  5.1-9.9-9.9
5287220200625 13.3  2.4  0.009999-99.9-99.9-99.9-99.9-9.9 99 8.0 79  3.7   5  4.1-9.9-9.9
5287220200626 15.5  2.0  0.009999-99.9-99.9-99.9-99.9-9.9 99 7.5 77  2.7   3  2.1-9.9-9.9
5287220200627 16.8  0.6  0.009999-99.9-99.9-99.9-99.9-9.9 99 8.1 78  3.9   2  1.5-9.9-9.9
5287220200628 13.7  0.2  0.009999-99.9-99.9-99.9-99.9-9.9 99 8.4 89  4.3   4  3.0-9.9-9.9
5287220200629 16.4  3.8  2.219999-99.9-99.9-99.9-99.9-9.9 9910.0 80  6.9   7  5.7-9.9-9.9
5287220200630 11.2  6.4  6.019999-99.9-99.9-99.9-99.9-9.9 9911.4100  8.8   7  5.9-9.9-9.9
5287220200701  9.4  1.2  0.009999-99.9-99.9-99.9-99.9-9.9 99 8.6 95  4.7   5  3.9-9.9-9.9
5287220200702 14.7  4.0  0.009999-99.9-99.9-99.9-99.9-9.9 99 9.7 88  6.5   3  2.2-9.9-9.9
5287220200703 15.1  3.2  2.519999-99.9-99.9-99.9-99.9-9.9 99 9.9 80  6.7   4  3.5-9.9-9.9
5287220200704 14.7  7.3  1.219999-99.9-99.9-99.9-99.9-9.9 9910.6 90  7.8   3  2.4-9.9-9.9
5287220200705 13.1  1.4  0.009999-99.9-99.9-99.9-99.9-9.9 99 8.8 89  5.0   5  3.7-9.9-9.9
5287220200706 13.1 -2.2  0.219999-99.9-99.9-99.9-99.9-9.9 99 7.5 87  2.5   2  1.3-9.9-9.9
5287220200707 10.8  1.7  0.009999-99.9-99.9-99.9-99.9-9.9 99 8.0 89  3.8   3  2.4-9.9-9.9
5287220200708 14.8 -2.3  0.009999-99.9-99.9-99.9-99.9-9.9 99 8.5 87  4.4   2  1.5-9.9-9.9
5287220200709 16.9  2.4  0.009999-99.9-99.9-99.9-99.9-9.9 99 8.0 71  3.7   3  2.7-9.9-9.9
5287220200710 14.7  5.5  0.009999-99.9-99.9-99.9-99.9-9.9 99 9.8 89  6.6   4  3.4-9.9-9.9
5287220200711 16.1  0.8  0.009999-99.9-99.9-99.9-99.9-9.9 99 7.0 63  1.8   4  2.8-9.9-9.9
5287220200712 12.7  3.0  0.009999-99.9-99.9-99.9-99.9-9.9 99 7.1 65  2.1   3  2.3-9.9-9.9
5287220200713 11.7  0.8  0.009999-99.9-99.9-99.9-99.9-9.9 99 6.1 64 -0.2   4  3.6-9.9-9.9
5287220200714 16.3 -3.0  0.009999-99.9-99.9-99.9-99.9-9.9 99 5.5 65 -1.5   2  1.9-9.9-9.9
5287220200715 18.5 -1.9  0.009999-99.9-99.9-99.9-99.9-9.9 99 6.4 65  0.5   2  1.4-9.9-9.9
5287220200716 19.7  3.3  0.009999-99.9-99.9-99.9-99.9-9.9 99 8.2 71  4.0   1  0.9-9.9-9.9
5287220200717-99.9-99.9-99.999999-99.9-99.9-99.9-99.9-9.9 99-9.9-99-99.9 -99-99.9-9.9-9.9
5287220200718 14.5  7.7  0.009999-99.9-99.9-99.9-99.9-9.9 9912.9 97 10.8   2  1.6-9.9-9.9
5287220200719 14.8 11.5  0.009999-99.9-99.9-99.9-99.9-9.9 9915.5100 13.5   3  2.5-9.9-9.9
5287220200720 14.5 12.7 16.519999-99.9-99.9-99.9-99.9-9.9 9915.4100 13.4   4  3.1-9.9-9.9
5287220200721-99.9-99.9-99.999999-99.9-99.9-99.9-99.9-9.9 99-9.9-99-99.9 -99-99.9-9.9-9.9
5287220200722-99.9-99.9-99.999999-99.9-99.9-99.9-99.9-9.9 99-9.9-99-99.9 -99-99.9-9.9-9.9
5287220200724-99.9-99.9  0.009999-99.9-99.9-99.9-99.9-9.9 99-9.9-99-99.9 -99-99.9-9.9-9.9
5287220200725 14.8 -0.9  0.009999-99.9-99.9-99.9-99.9-9.9 99 7.3 81  2.4   3  2.8-9.9-9.9
5287220200726 19.6  1.8  0.009999-99.9-99.9-99.9-99.9-9.9 99 7.8 70  3.4   3  2.2-9.9-9.9
5287220200727  9.7  2.8  0.009999-99.9-99.9-99.9-99.9-9.9 99 7.4 74  2.5   5  3.8-9.9-9.9
5287220200728 13.7 -2.5  0.009999-99.9-99.9-99.9-99.9-9.9 99 5.9 73 -0.5   3  2.7-9.9-9.9
5287220200729 17.4 -3.0  0.009999-99.9-99.9-99.9-99.9-9.9 99 6.2 68  0.0   2  1.5-9.9-9.9
5287220200730 17.0 -1.5  0.009999-99.9-99.9-99.9-99.9-9.9 99 6.5 63  0.9   3  2.1-9.9-9.9
5287220200731 20.0 -0.1  0.009999-99.9-99.9-99.9-99.9-9.9 99 7.8 70  3.3   1  1.1-9.9-9.9
5287220200801 23.2  3.8  0.009999-99.9-99.9-99.9-99.9-9.9 9913.0 84 10.3   3  2.3-9.9-9.9
5287220200802 21.5 10.8  0.009999-99.9-99.9-99.9-99.9-9.9 9912.8 74 10.5   4  3.2-9.9-9.9
5287220200803 27.6  8.0  0.009999-99.9-99.9-99.9-99.9-9.9 9915.5 83 13.2   4  3.1-9.9-9.9
5287220200804 28.7 15.1  0.009999-99.9-99.9-99.9-99.9-9.9 9915.5 63 13.5   3  2.4-9.9-9.9
5287220200805 30.1 15.5  0.009999-99.9-99.9-99.9-99.9-9.9 9916.8 69 14.8   6  4.8-9.9-9.9
5287220200806 15.4  6.7  0.009999-99.9-99.9-99.9-99.9-9.9 99 9.9 76  6.5   5  4.0-9.9-9.9
5287220200807 16.4  2.0  0.009999-99.9-99.9-99.9-99.9-9.9 9910.6 88  7.7   4  3.1-9.9-9.9
5287220200808 14.7  9.0  0.009999-99.9-99.9-99.9-99.9-9.9 9913.9 99 11.8   2  1.9-9.9-9.9
5287220200809 16.3  9.5  0.009999-99.9-99.9-99.9-99.9-9.9 9913.8 93 11.8   3  2.7-9.9-9.9
5287220200810 16.9  8.4  0.009999-99.9-99.9-99.9-99.9-9.9 99 8.5 56  3.8   9  6.9-9.9-9.9
5287220200811 15.2 -0.6  0.009999-99.9-99.9-99.9-99.9-9.9 99 5.2 53 -2.3   3  2.7-9.9-9.9
5287220200812 18.8  0.2  0.009999-99.9-99.9-99.9-99.9-9.9 99 5.2 49 -2.3   4  2.9-9.9-9.9
5287220200813 22.2  2.5  0.009999-99.9-99.9-99.9-99.9-9.9 99 6.3 52  0.2   3  2.4-9.9-9.9
5287220200814 22.1  1.6  0.009999-99.9-99.9-99.9-99.9-9.9 99 7.8 59  3.3   3  2.7-9.9-9.9
5287220200815 16.8  0.3  0.009999-99.9-99.9-99.9-99.9-9.9 99 5.5 51 -1.7   5  4.3-9.9-9.9
5287220200816 21.2  0.4  0.009999-99.9-99.9-99.9-99.9-9.9 99 5.5 45 -1.6   5  4.0-9.9-9.9
5287220200817 21.3 -0.5  0.009999-99.9-99.9-99.9-99.9-9.9 99 6.9 55  1.6   3  2.3-9.9-9.9
5287220200818 20.1  2.7  0.009999-99.9-99.9-99.9-99.9-9.9 99 6.5 51  0.9   7  5.5-9.9-9.9
5287220200819 13.0 -1.3  0.009999-99.9-99.9-99.9-99.9-9.9 99 6.5 74  0.9   8  6.8-9.9-9.9
5287220200820 15.4 -4.5  0.009999-99.9-99.9-99.9-99.9-9.9 99 5.6 62 -1.4   3  2.7-9.9-9.9
5287220200821 21.5  1.6  0.009999-99.9-99.9-99.9-99.9-9.9 99 5.2 44 -2.3   3  2.7-9.9-9.9
5287220200822 21.1 -0.6  0.009999-99.9-99.9-99.9-99.9-9.9 99 5.6 43 -1.2   3  2.1-9.9-9.9
5287220200823 23.3  3.4  0.009999-99.9-99.9-99.9-99.9-9.9 99 7.9 52  3.5   3  2.6-9.9-9.9
5287220200824 27.3  6.5  0.009999-99.9-99.9-99.9-99.9-9.9 9912.5 64 10.2   4  2.9-9.9-9.9
5287220200825 21.5 13.3  5.219999-99.9-99.9-99.9-99.9-9.9 9916.0 84 14.0   5  3.7-9.9-9.9
5287220200826 20.5 11.1  0.519999-99.9-99.9-99.9-99.9-9.9 9916.1 97 13.9   5  4.1-9.9-9.9
5287220200827-99.9-99.9-99.999999-99.9-99.9-99.9-99.9-9.9 99-9.9-99-99.9 -99-99.9-9.9-9.9
5287220200902-99.9-99.9-99.999999-99.9-99.9-99.9-99.9-9.9 99-9.9-99-99.9 -99-99.9-9.9-9.9
5287220200903-99.9-99.9  0.009999-99.9-99.9-99.9-99.9-9.9 9910.9 89  8.1   3  2.2-9.9-9.9
5287220200904 21.3  6.1  0.009999-99.9-99.9-99.9-99.9-9.9 9910.0 75  6.9   2  1.7-9.9-9.9
5287220200905 18.7  3.0  0.009999-99.9-99.9-99.9-99.9-9.9 99 9.6 70  6.3   6  5.1-9.9-9.9
5287220200906 16.0  3.7  0.219999-99.9-99.9-99.9-99.9-9.9 99 9.1 81  5.6   4  3.5-9.9-9.9
5287220200907 19.9  2.6  0.009999-99.9-99.9-99.9-99.9-9.9 9910.0 80  6.8   4  3.1-9.9-9.9
5287220200908 22.4  5.0  0.009999-99.9-99.9-99.9-99.9-9.9 9912.2 74  9.7   3  2.8-9.9-9.9
5287220200909 21.9  9.3  3.819999-99.9-99.9-99.9-99.9-9.9 9914.8 92 12.6   1  1.1-9.9-9.9
5287220200910 24.9  4.8  0.219999-99.9-99.9-99.9-99.9-9.9 9913.9 77 11.5   3  2.3-9.9-9.9
5287220200911 18.2  4.9  0.009999-99.9-99.9-99.9-99.9-9.9 99 9.8 73  6.2   6  5.1-9.9-9.9
5287220200912 22.0 -0.3  0.009999-99.9-99.9-99.9-99.9-9.9 99 8.3 62  4.2   2  1.9-9.9-9.9
5287220200913 22.1  2.5  0.009999-99.9-99.9-99.9-99.9-9.9 99 8.5 61  4.4   6  4.8-9.9-9.9
5287220200914 20.3  0.2  0.009999-99.9-99.9-99.9-99.9-9.9 99 6.5 58  0.7   3  2.1-9.9-9.9
5287220200915 19.6  3.2  0.009999-99.9-99.9-99.9-99.9-9.9 99 8.0 61  3.6   3  2.5-9.9-9.9
5287220200916 22.4  0.9  0.009999-99.9-99.9-99.9-99.9-9.9 99 9.2 65  5.6   2  1.7-9.9-9.9
5287220200917 30.1  7.4  0.009999-99.9-99.9-99.9-99.9-9.9 9910.9 53  8.1   4  3.0-9.9-9.9
5287220200918 22.0  6.3  0.009999-99.9-99.9-99.9-99.9-9.9 99 7.6 51  2.9   5  3.7-9.9-9.9
5287220200919 16.8  1.5  0.009999-99.9-99.9-99.9-99.9-9.9 99 6.3 52  0.2   7  5.5-9.9-9.9
5287220200920 22.4  1.8  0.009999-99.9-99.9-99.9-99.9-9.9 99 6.4 45  0.6   5  4.1-9.9-9.9
5287220200921 21.1 -1.6  0.009999-99.9-99.9-99.9-99.9-9.9 99 7.0 50  1.8   2  1.3-9.9-9.9
5287220200922 24.8  4.3  0.009999-99.9-99.9-99.9-99.9-9.9 99 9.1 54  5.6   3  2.2-9.9-9.9
5287220200923 28.7  7.4  0.009999-99.9-99.9-99.9-99.9-9.9 9910.0 49  6.9   2  1.5-9.9-9.9
5287220200924 25.5  7.2  6.519999-99.9-99.9-99.9-99.9-9.9 9910.7 55  7.9   5  4.4-9.9-9.9
5287220200925 16.4 11.2  2.019999-99.9-99.9-99.9-99.9-9.9 9916.7100 14.6   7  5.6-9.9-9.9
5287220200926 18.1 11.7  0.519999-99.9-99.9-99.9-99.9-9.9 9916.9 99 14.7   5  3.6-9.9-9.9
5287220200927 17.2 11.6  0.009999-99.9-99.9-99.9-99.9-9.9 9914.6 99 12.5   8  6.3-9.9-9.9
5287220200928 25.6  6.0  4.219999-99.9-99.9-99.9-99.9-9.9 9911.4 68  8.7   3  2.1-9.9-9.9
5287220200929 26.4 10.0  0.009999-99.9-99.9-99.9-99.9-9.9 9912.5 58 10.1   3  2.4-9.9-9.9
5287220200930 27.1 10.0  0.009999-99.9-99.9-99.9-99.9-9.9 9914.7 64 12.4   4  3.6-9.9-9.9
5287220201001 19.7  8.2  0.009999-99.9-99.9-99.9-99.9-9.9 99 9.4 57  6.0   7  5.4-9.9-9.9
5287220201002-99.9-99.9-99.999999-99.9-99.9-99.9-99.9-9.9 99-9.9-99-99.9 -99-99.9-9.9-9.9
5287220201004-99.9-99.9-99.999999-99.9-99.9-99.9-99.9-9.9 99-9.9-99-99.9 -99-99.9-9.9-9.9
5287220201005-99.9-99.9  0.009999-99.9-99.9-99.9-99.9-9.9 99-9.9 85-99.9 -99-99.9-9.9-9.9
5287220201006-99.9-99.9-99.999999-99.9-99.9-99.9-99.9-9.9 9911.0 69  8.2 -99-99.9-9.9-9.9
5287220201007 24.8  8.8  0.009999-99.9-99.9-99.9-99.9-9.9 9911.2 64  8.5   3  2.8-9.9-9.9
5287220201008 25.8  5.5  0.009999-99.9-99.9-99.9-99.9-9.9 9910.1 54  7.1   2  1.9-9.9-9.9
5287220201009-99.9-99.9-99.999999-99.9-99.9-99.9-99.9-9.9 99-9.9-99-99.9 -99-99.9-9.9-9.9
5287220201010 26.2  5.6  0.519999-99.9-99.9-99.9-99.9-9.9 9910.3 47  7.3   3  2.7-9.9-9.9
5287220201011 21.1  8.5  0.219999-99.9-99.9-99.9-99.9-9.9 9913.1 83 10.9   6  4.7-9.9-9.9
5287220201012 25.5  5.5  0.009999-99.9-99.9-99.9-99.9-9.9 9911.7 70  9.2   4  2.9-9.9-9.9
5287220201013 29.5  7.2  0.009999-99.9-99.9-99.9-99.9-9.9 9912.7 58 10.5   1  0.9-9.9-9.9
5287220201014 29.8 10.1  0.009999-99.9-99.9-99.9-99.9-9.9 9912.8 52 10.3   5  3.8-9.9-9.9
5287220201015 23.8  6.8  0.009999-99.9-99.9-99.9-99.9-9.9 9913.7 79 11.3   5  3.9-9.9-9.9
5287220201016 29.1 11.3  0.009999-99.9-99.9-99.9-99.9-9.9 9917.4 71 15.2   4  3.2-9.9-9.9
5287220201017 31.2 15.0  0.009999-99.9-99.9-99.9-99.9-9.9 9920.0 69 17.5   2  1.9-9.9-9.9
5287220201018 36.3 18.0 29.019999-99.9-99.9-99.9-99.9-9.9 9925.1 67 21.0   2  1.9-9.9-9.9
5287220201019 28.0 14.4 19.019999-99.9-99.9-99.9-99.9-9.9 9919.3100 16.6   5  3.8-9.9-9.9
5287220201020 19.8 10.7  0.219999-99.9-99.9-99.9-99.9-9.9 9910.3 65  7.4   7  5.7-9.9-9.9
5287220201021 18.2  6.2 37.019999-99.9-99.9-99.9-99.9-9.9 9911.8 77  9.2   8  6.4-9.9-9.9
5287220201022 16.7 11.7  1.519999-99.9-99.9-99.9-99.9-9.9 9915.9 99 13.9   5  3.9-9.9-9.9
5287220201023 21.9 14.5  0.009999-99.9-99.9-99.9-99.9-9.9 9919.3 93 16.9   2  1.7-9.9-9.9
5287220201024 24.6 17.1 26.019999-99.9-99.9-99.9-99.9-9.9 9921.6 88 18.7   4  3.2-9.9-9.9
5287220201025 22.6 17.1 28.819999-99.9-99.9-99.9-99.9-9.9 9920.8100 18.1   4  2.9-9.9-9.9
5287220201026 24.3 10.0  0.009999-99.9-99.9-99.9-99.9-9.9 9912.8 58 10.5   3  2.5-9.9-9.9
5287220201027 25.3  8.7  0.009999-99.9-99.9-99.9-99.9-9.9 9913.8 68 11.7   2  1.4-9.9-9.9
5287220201028 16.5 10.3  4.819999-99.9-99.9-99.9-99.9-9.9 9914.6 97 12.5   2  1.6-9.9-9.9
5287220201029 19.8  6.8  0.009999-99.9-99.9-99.9-99.9-9.9 9910.9 70  8.2   4  3.6-9.9-9.9
5287220201030 21.3  5.2  0.009999-99.9-99.9-99.9-99.9-9.9 99 9.8 66  6.6   2  1.3-9.9-9.9
5287220201031 23.9  6.2  0.009999-99.9-99.9-99.9-99.9-9.9 9911.8 64  9.3   2  1.5-9.9-9.9
5287220201101 27.0  8.3  0.009999-99.9-99.9-99.9-99.9-9.9 9913.4 58 11.3   2  1.5-9.9-9.9
5287220201102 27.5  9.3  0.009999-99.9-99.9-99.9-99.9-9.9 9914.2 53 12.1   3  2.0-9.9-9.9
5287220201103 27.3 12.3  0.009999-99.9-99.9-99.9-99.9-9.9 9917.0 69 14.9   5  4.0-9.9-9.9
5287220201104 25.7 13.7  0.009999-99.9-99.9-99.9-99.9-9.9 9914.4 59 12.3   4  3.4-9.9-9.9
5287220201105 28.3 11.4  0.009999-99.9-99.9-99.9-99.9-9.9 9914.0 62 11.9   2  1.9-9.9-9.9
5287220201106 27.2 12.6  0.009999-99.9-99.9-99.9-99.9-9.9 9917.6 72 15.4   2  1.3-9.9-9.9
5287220201107 28.9 15.4  0.009999-99.9-99.9-99.9-99.9-9.9 9917.8 64 15.7   3  2.4-9.9-9.9
5287220201108 28.8 12.2  0.009999-99.9-99.9-99.9-99.9-9.9 9916.6 58 14.5   4  3.0-9.9-9.9
5287220201109 27.4 16.0  0.009999-99.9-99.9-99.9-99.9-9.9 9916.6 74 14.6   4  2.9-9.9-9.9
5287220201110 27.3 12.4  0.009999-99.9-99.9-99.9-99.9-9.9 9916.8 67 14.7   3  2.1-9.9-9.9
5287220201111 30.0 13.9  0.009999-99.9-99.9-99.9-99.9-9.9 9917.8 65 15.6   4  2.9-9.9-9.9
5287220201112 32.8 14.2  0.009999-99.9-99.9-99.9-99.9-9.9 9919.1 64 16.7   3  2.5-9.9-9.9
5287220201113 30.5 15.2  0.219999-99.9-99.9-99.9-99.9-9.9 9920.0 66 17.4   2  1.8-9.9-9.9
5287220201114 24.9 16.6  5.019999-99.9-99.9-99.9-99.9-9.9 9920.8 90 18.1   1  1.0-9.9-9.9
5287220201115 26.3 11.9  0.009999-99.9-99.9-99.9-99.9-9.9 9914.4 62 12.3   3  2.5-9.9-9.9
5287220201116 29.1  9.4  0.009999-99.9-99.9-99.9-99.9-9.9 9914.2 60 12.1   1  1.0-9.9-9.9
5287220201117 32.7 12.5  9.819999-99.9-99.9-99.9-99.9-9.9 9916.4 63 14.3   2  1.6-9.9-9.9
5287220201118 27.9 13.3  0.009999-99.9-99.9-99.9-99.9-9.9 9916.5 69 14.4   4  3.0-9.9-9.9
5287220201119 27.0 10.7  0.009999-99.9-99.9-99.9-99.9-9.9 9914.3 58 12.2   3  2.5-9.9-9.9
5287220201120 28.5  9.9  0.009999-99.9-99.9-99.9-99.9-9.9 9915.1 58 13.1   3  2.7-9.9-9.9
5287220201121 31.1 13.1  0.009999-99.9-99.9-99.9-99.9-9.9 9917.5 65 15.4   2  1.9-9.9-9.9
5287220201122 33.3 13.2  0.009999-99.9-99.9-99.9-99.9-9.9 9916.8 49 14.7   2  2.0-9.9-9.9
5287220201123 33.6 15.4  0.009999-99.9-99.9-99.9-99.9-9.9 9916.4 45 14.4   4  3.0-9.9-9.9
5287220201124 27.6 18.8  4.019999-99.9-99.9-99.9-99.9-9.9 9922.1 87 19.0   5  4.0-9.9-9.9
5287220201125 30.4 18.1  3.019999-99.9-99.9-99.9-99.9-9.9 9922.1 82 19.1   1  1.1-9.9-9.9
5287220201126 26.4 10.1  0.009999-99.9-99.9-99.9-99.9-9.9 9911.7 49  8.9   2  1.7-9.9-9.9
5287220201127 32.7  9.9  0.009999-99.9-99.9-99.9-99.9-9.9 9916.6 53 14.2   3  2.1-9.9-9.9
5287220201128 26.9 17.3  3.219999-99.9-99.9-99.9-99.9-9.9 9921.4 83 18.6   1  0.9-9.9-9.9
5287220201129 33.2 15.2  0.009999-99.9-99.9-99.9-99.9-9.9 9918.1 59 15.5   4  3.2-9.9-9.9
5287220201130 25.5  6.3  0.009999-99.9-99.9-99.9-99.9-9.9 9910.8 54  8.0   3  2.7-9.9-9.9
5287220201201 30.9  9.9  0.009999-99.9-99.9-99.9-99.9-9.9 9915.4 61 13.3   2  1.4-9.9-9.9
5287220201202 31.4 15.4  0.009999-99.9-99.9-99.9-99.9-9.9 9921.2 73 18.2   2  1.4-9.9-9.9
5287220201203 33.3 10.6  0.519999-99.9-99.9-99.9-99.9-9.9 9913.3 51 11.1   3  2.1-9.9-9.9
5287220201204 24.3  9.2  0.009999-99.9-99.9-99.9-99.9-9.9 9910.8 48  8.0   5  4.1-9.9-9.9
5287220201205 25.0  5.3  0.009999-99.9-99.9-99.9-99.9-9.9 9910.7 55  7.9   2  2.0-9.9-9.9
5287220201206 27.3  6.8  0.009999-99.9-99.9-99.9-99.9-9.9 9911.3 49  8.6   3  2.1-9.9-9.9
5287220201207 30.8  9.0  0.009999-99.9-99.9-99.9-99.9-9.9 9913.5 46 11.3   2  2.0-9.9-9.9
5287220201208 32.8 13.0  0.009999-99.9-99.9-99.9-99.9-9.9 9916.7 57 14.6   2  1.8-9.9-9.9
5287220201209 36.8 15.6  0.009999-99.9-99.9-99.9-99.9-9.9 9920.1 55 17.6   2  1.3-9.9-9.9
5287220201210 38.1 16.1  2.219999-99.9-99.9-99.9-99.9-9.9 9917.5 40 15.2   4  3.1-9.9-9.9
5287220201211 29.2 14.6  0.219999-99.9-99.9-99.9-99.9-9.9 9914.4 56 12.1   3  2.2-9.9-9.9
5287220201212 34.6 10.7  0.219999-99.9-99.9-99.9-99.9-9.9 9913.9 41 11.8   2  1.6-9.9-9.9
5287220201213 27.7 13.0  0.009999-99.9-99.9-99.9-99.9-9.9 9914.3 64 12.1   3  2.7-9.9-9.9
5287220201214 30.9 10.1  0.009999-99.9-99.9-99.9-99.9-9.9 9913.2 46 10.9   3  2.4-9.9-9.9
5287220201215 26.9 14.1  0.009999-99.9-99.9-99.9-99.9-9.9 9912.0 49  9.6   4  3.5-9.9-9.9
5287220201216 31.7  9.2  0.009999-99.9-99.9-99.9-99.9-9.9 9912.3 47  9.9   2  1.4-9.9-9.9
5287220201217 36.1 12.8  0.009999-99.9-99.9-99.9-99.9-9.9 9914.4 42 12.3   2  1.5-9.9-9.9
5287220201218 33.9 16.7  0.009999-99.9-99.9-99.9-99.9-9.9 9918.9 52 16.5   2  1.4-9.9-9.9
5287220201219 25.8 15.7  0.009999-99.9-99.9-99.9-99.9-9.9 9917.1 76 14.8   5  4.1-9.9-9.9
5287220201220 26.2  9.1  0.009999-99.9-99.9-99.9-99.9-9.9 9912.2 54  9.9   5  4.1-9.9-9.9
5287220201221 32.8  8.3  0.009999-99.9-99.9-99.9-99.9-9.9 9913.5 49 11.3   1  1.1-9.9-9.9
5287220201222 34.8 14.6  0.009999-99.9-99.9-99.9-99.9-9.9 9914.3 47 12.2   2  1.8-9.9-9.9
5287220201223 35.6 15.1  0.009999-99.9-99.9-99.9-99.9-9.9 9915.1 40 13.1   2  2.0-9.9-9.9
5287220201224 36.9 14.2  0.009999-99.9-99.9-99.9-99.9-9.9 9916.9 44 14.9   2  1.6-9.9-9.9
5287220201225 35.3 18.2  0.009999-99.9-99.9-99.9-99.9-9.9 9921.7 56 18.7   3  2.2-9.9-9.9
5287220201226 35.2 16.8  0.009999-99.9-99.9-99.9-99.9-9.9 9921.1 56 18.2   5  3.7-9.9-9.9
5287220201227 34.1 17.6  0.009999-99.9-99.9-99.9-99.9-9.9 9920.8 57 18.0   5  4.3-9.9-9.9
5287220201228 36.6 18.6-99.999999-99.9-99.9-99.9-99.9-9.9 9923.9 70 20.3   3  2.7-9.9-9.9
5287220201229 34.7 19.1  3.219999-99.9-99.9-99.9-99.9-9.9 9924.8 76 20.9   1  1.2-9.9-9.9
5287220201230 28.0 16.5  0.009999-99.9-99.9-99.9-99.9-9.9 9915.7 65 13.2   5  4.1-9.9-9.9
5287220201231 32.1  8.1  0.009999-99.9-99.9-99.9-99.9-9.9 9912.9 48 10.6   2  1.4-9.9-9.9
5287220210101 35.9 12.5  0.009999-99.9-99.9-99.9-99.9-9.9 9916.2 49 14.2   1  0.9-9.9-9.9
5287220210102 37.7 15.3  0.009999-99.9-99.9-99.9-99.9-9.9 9917.3 49 15.2   1  1.1-9.9-9.9
5287220210103 35.4 17.1  0.009999-99.9-99.9-99.9-99.9-9.9 9918.2 43 15.9   1  1.2-9.9-9.9
5287220210104 32.9 17.4  0.009999-99.9-99.9-99.9-99.9-9.9 9920.8 63 18.1   3  2.3-9.9-9.9
5287220210105 28.1 19.7  3.219999-99.9-99.9-99.9-99.9-9.9 9924.5 93 20.7   2  1.8-9.9-9.9
5287220210106 28.4 17.5  0.519999-99.9-99.9-99.9-99.9-9.9 9921.5 88 18.7   3  2.0-9.9-9.9
5287220210107 35.4 15.0  0.009999-99.9-99.9-99.9-99.9-9.9 9917.6 58 15.4   2  2.0-9.9-9.9
5287220210108 31.2 14.9  0.519999-99.9-99.9-99.9-99.9-9.9 9915.7 50 13.6   3  2.5-9.9-9.9
5287220210109 33.6 16.9  0.009999-99.9-99.9-99.9-99.9-9.9 9919.0 65 16.7   2  1.6-9.9-9.9
5287220210110 36.9 16.5 36.519999-99.9-99.9-99.9-99.9-9.9 9919.3 61 16.9   3  2.8-9.9-9.9
5287220210111 29.1 17.0  1.819999-99.9-99.9-99.9-99.9-9.9 9919.6 74 17.0   3  2.5-9.9-9.9
5287220210112 27.5  8.9  0.009999-99.9-99.9-99.9-99.9-9.9 9911.8 52  9.3   2  1.6-9.9-9.9
5287220210113 29.4 12.3  0.009999-99.9-99.9-99.9-99.9-9.9 9913.6 45 11.4   3  2.8-9.9-9.9
5287220210114 31.1 14.7 19.019999-99.9-99.9-99.9-99.9-9.9 9916.1 51 14.1   5  3.9-9.9-9.9
5287220210115 29.9 17.0  0.219999-99.9-99.9-99.9-99.9-9.9 9921.9 87 18.8   2  1.7-9.9-9.9
5287220210116 30.1 16.3  2.819999-99.9-99.9-99.9-99.9-9.9 9922.1 81 18.9   2  2.0-9.9-9.9
5287220210117 27.2 12.2  0.009999-99.9-99.9-99.9-99.9-9.9 9914.8 69 12.8   3  2.7-9.9-9.9
5287220210118 34.3 11.1  0.009999-99.9-99.9-99.9-99.9-9.9 9916.3 55 14.2   2  1.4-9.9-9.9
5287220210119 35.2 14.1  0.009999-99.9-99.9-99.9-99.9-9.9 9918.3 53 16.1   1  1.1-9.9-9.9
5287220210120 35.9 15.5  0.009999-99.9-99.9-99.9-99.9-9.9 9919.0 48 16.7   2  1.5-9.9-9.9
5287220210121 34.6 15.4  0.009999-99.9-99.9-99.9-99.9-9.9 9919.0 54 16.6   3  2.1-9.9-9.9
5287220210122 35.0 18.5  0.009999-99.9-99.9-99.9-99.9-9.9 9921.8 54 18.8   2  1.9-9.9-9.9
5287220210123 36.9 18.0  0.009999-99.9-99.9-99.9-99.9-9.9 9923.9 64 20.3   2  1.4-9.9-9.9
5287220210124 38.0 18.7  0.009999-99.9-99.9-99.9-99.9-9.9 9922.8 55 19.5   2  1.4-9.9-9.9
5287220210125 39.4 19.5  0.009999-99.9-99.9-99.9-99.9-9.9 9923.8 55 20.2   2  1.4-9.9-9.9
5287220210126 34.5 19.5  0.009999-99.9-99.9-99.9-99.9-9.9 9923.4 66 20.0   2  1.9-9.9-9.9
5287220210127 34.6 17.2  0.009999-99.9-99.9-99.9-99.9-9.9 9918.3 52 16.0   2  1.7-9.9-9.9
5287220210128 32.7 17.4  6.819999-99.9-99.9-99.9-99.9-9.9 9921.0 69 18.2   2  1.8-9.9-9.9
5287220210129 33.1 16.9  2.019999-99.9-99.9-99.9-99.9-9.9 9920.5 76 17.9   1  1.1-9.9-9.9
5287220210130 21.5 15.6  6.519999-99.9-99.9-99.9-99.9-9.9 9917.2 93 15.1   4  3.4-9.9-9.9
5287220210131 23.9  9.4  0.819999-99.9-99.9-99.9-99.9-9.9 9915.6 71 13.5   5  3.8-9.9-9.9
5287220210201 22.3 16.2 28.819999-99.9-99.9-99.9-99.9-9.9 9920.0 95 17.4   4  3.1-9.9-9.9
5287220210202 27.0 14.2  0.009999-99.9-99.9-99.9-99.9-9.9 9919.0 87 16.6   2  1.4-9.9-9.9
5287220210203 29.9 15.3  0.009999-99.9-99.9-99.9-99.9-9.9 9919.6 81 17.1   2  1.7-9.9-9.9
5287220210204 31.0 13.7  0.009999-99.9-99.9-99.9-99.9-9.9 9917.2 65 15.0   2  1.6-9.9-9.9
5287220210205 32.9 13.1  0.009999-99.9-99.9-99.9-99.9-9.9 9918.3 66 16.0   2  1.6-9.9-9.9
5287220210206 34.8 15.3  0.009999-99.9-99.9-99.9-99.9-9.9 9919.6 62 17.2   2  1.5-9.9-9.9
5287220210207 34.5 16.8  0.009999-99.9-99.9-99.9-99.9-9.9 9920.8 70 18.1   3  2.4-9.9-9.9
5287220210208 24.5 15.1  0.009999-99.9-99.9-99.9-99.9-9.9 9917.7 82 15.6   6  4.9-9.9-9.9
5287220210209 27.6 11.3  0.009999-99.9-99.9-99.9-99.9-9.9 9916.8 66 14.7   4  3.4-9.9-9.9
5287220210210 29.1 14.5  0.009999-99.9-99.9-99.9-99.9-9.9 9918.8 67 16.5   5  3.8-9.9-9.9
5287220210211 31.0 18.8  0.009999-99.9-99.9-99.9-99.9-9.9 9922.0 80 19.0   3  2.2-9.9-9.9
5287220210212 31.2 16.6  7.219999-99.9-99.9-99.9-99.9-9.9 9922.3 83 19.2   2  1.9-9.9-9.9
5287220210213 30.0 17.0  4.019999-99.9-99.9-99.9-99.9-9.9 9922.6 98 19.4   1  1.1-9.9-9.9
5287220210214 32.8 16.5  1.019999-99.9-99.9-99.9-99.9-9.9 9922.3 77 19.2   2  1.3-9.9-9.9
5287220210215 28.3 16.8  0.519999-99.9-99.9-99.9-99.9-9.9 9920.1 72 17.6   6  4.5-9.9-9.9
5287220210216 27.2 13.1  0.219999-99.9-99.9-99.9-99.9-9.9 9917.2 81 15.1   5  3.6-9.9-9.9
5287220210217 31.3 10.8  0.219999-99.9-99.9-99.9-99.9-9.9 9916.4 68 14.3   3  2.2-9.9-9.9
5287220210218 36.6 15.0  0.009999-99.9-99.9-99.9-99.9-9.9 9918.7 57 16.3   2  1.4-9.9-9.9
5287220210219 27.7 12.0  0.009999-99.9-99.9-99.9-99.9-9.9 9914.1 59 11.6   4  2.8-9.9-9.9
5287220210220 30.2  5.7  0.009999-99.9-99.9-99.9-99.9-9.9 99 9.8 49  6.4   1  1.0-9.9-9.9
5287220210221 34.6 12.9  2.019999-99.9-99.9-99.9-99.9-9.9 9917.7 55 15.1   2  1.5-9.9-9.9
5287220210222 33.5 17.1  3.019999-99.9-99.9-99.9-99.9-9.9 9922.6 86 19.4   3  2.6-9.9-9.9
5287220210223 31.2 13.0  0.009999-99.9-99.9-99.9-99.9-9.9 9916.4 63 14.3   2  1.5-9.9-9.9
5287220210224 33.7 11.6  0.009999-99.9-99.9-99.9-99.9-9.9 9917.4 68 15.2   2  1.4-9.9-9.9
5287220210225 35.1 14.1  0.009999-99.9-99.9-99.9-99.9-9.9 9918.5 57 16.2   1  1.0-9.9-9.9
5287220210226 34.7 16.3  0.009999-99.9-99.9-99.9-99.9-9.9 9918.7 52 16.4   2  1.8-9.9-9.9
5287220210227 31.9 18.2  0.009999-99.9-99.9-99.9-99.9-9.9 9921.4 65 18.5   4  3.0-9.9-9.9
5287220210228 33.1 19.5  3.019999-99.9-99.9-99.9-99.9-9.9 9924.5 80 20.8   3  2.1-9.9-9.9
5287220210301 29.8 20.2  0.219999-99.9-99.9-99.9-99.9-9.9 9925.3 89 21.3   2  1.3-9.9-9.9
5287220210302 32.9 19.8  0.009999-99.9-99.9-99.9-99.9-9.9 9925.6 77 21.4   3  2.1-9.9-9.9
5287220210303 32.2 20.6  0.009999-99.9-99.9-99.9-99.9-9.9 9925.7 80 21.5   3  2.7-9.9-9.9
5287220210304 33.3 20.7  0.009999-99.9-99.9-99.9-99.9-9.9 9924.3 72 20.6   3  2.4-9.9-9.9
5287220210305 28.4 15.3  0.009999-99.9-99.9-99.9-99.9-9.9 9917.1 74 15.0   3  2.7-9.9-9.9
5287220210306 30.6  9.4  0.009999-99.9-99.9-99.9-99.9-9.9 9915.3 64 13.3   2  1.5-9.9-9.9
5287220210307 33.7 11.6  0.009999-99.9-99.9-99.9-99.9-9.9 9917.4 65 15.2   2  1.2-9.9-9.9
5287220210308 33.4 18.3  0.009999-99.9-99.9-99.9-99.9-9.9 9919.1 59 16.7   4  3.2-9.9-9.9
5287220210309 29.3  8.4  0.009999-99.9-99.9-99.9-99.9-9.9 9913.9 64 11.8   3  2.4-9.9-9.9
5287220210310 34.9 12.5  0.009999-99.9-99.9-99.9-99.9-9.9 9918.7 68 16.3   2  1.8-9.9-9.9
5287220210311 31.5 16.0  0.009999-99.9-99.9-99.9-99.9-9.9 9920.6 78 18.0   1  1.1-9.9-9.9
5287220210312 32.7  9.4  0.009999-99.9-99.9-99.9-99.9-9.9 9916.4 69 14.2   2  1.6-9.9-9.9
5287220210313 34.1 11.4  0.009999-99.9-99.9-99.9-99.9-9.9 9916.3 60 14.3   1  1.1-9.9-9.9
5287220210314 32.8 13.7  0.009999-99.9-99.9-99.9-99.9-9.9 9915.4 59 13.3   1  0.8-9.9-9.9
5287220210315 30.9 16.6  8.519999-99.9-99.9-99.9-99.9-9.9 9917.8 67 15.6   2  1.5-9.9-9.9
5287220210316 20.8 15.9 16.219999-99.9-99.9-99.9-99.9-9.9 9921.4100 18.5   4  2.9-9.9-9.9
5287220210317 21.6 14.6  0.009999-99.9-99.9-99.9-99.9-9.9 9915.8 76 13.6   8  6.3-9.9-9.9
5287220210318 19.6  5.0  0.009999-99.9-99.9-99.9-99.9-9.9 9911.8 77  9.2   2  1.7-9.9-9.9
5287220210319 25.6  7.9  0.219999-99.9-99.9-99.9-99.9-9.9 9914.2 71 12.0   1  1.2-9.9-9.9
5287220210320 22.6 14.8  1.219999-99.9-99.9-99.9-99.9-9.9 9919.1 98 16.7   1  1.1-9.9-9.9
5287220210321 26.6 10.7  0.009999-99.9-99.9-99.9-99.9-9.9 9915.7 77 13.7   3  2.8-9.9-9.9
5287220210322 26.8  9.3  0.009999-99.9-99.9-99.9-99.9-9.9 9915.9 80 13.8   2  1.3-9.9-9.9
5287220210323 30.9 10.0  0.009999-99.9-99.9-99.9-99.9-9.9 9916.9 77 14.7   1  0.8-9.9-9.9
5287220210324 31.9 13.3  0.219999-99.9-99.9-99.9-99.9-9.9 9920.8 81 17.9   1  1.1-9.9-9.9
5287220210325 25.3 17.9  5.519999-99.9-99.9-99.9-99.9-9.9 9923.3 97 19.9   3  2.1-9.9-9.9
5287220210326 20.5 17.5 32.219999-99.9-99.9-99.9-99.9-9.9 9921.8100 18.8   4  2.9-9.9-9.9
5287220210327 23.5 15.7  7.019999-99.9-99.9-99.9-99.9-9.9 9920.0 95 17.5   5  3.7-9.9-9.9
5287220210328 25.4 15.6 10.219999-99.9-99.9-99.9-99.9-9.9 9920.1 94 17.5   4  3.1-9.9-9.9
5287220210329 26.0 12.4  0.009999-99.9-99.9-99.9-99.9-9.9 9915.2 79 13.0   3  2.2-9.9-9.9
5287220210330 27.2  8.6  0.009999-99.9-99.9-99.9-99.9-9.9 9914.2 69 12.1   2  1.4-9.9-9.9
5287220210331 26.7  9.9  0.009999-99.9-99.9-99.9-99.9-9.9 9915.1 82 13.0   2  1.7-9.9-9.9
5287220210401 26.9 11.8  0.009999-99.9-99.9-99.9-99.9-9.9 9916.2 79 14.1   3  2.1-9.9-9.9
5287220210402 27.9 13.6  0.009999-99.9-99.9-99.9-99.9-9.9 9917.0 78 14.9   3  2.3-9.9-9.9
5287220210403 29.1 13.8  0.009999-99.9-99.9-99.9-99.9-9.9 9917.4 76 15.2   2  1.6-9.9-9.9
5287220210404 29.5 13.8  0.009999-99.9-99.9-99.9-99.9-9.9 9917.5 76 15.4   2  1.6-9.9-9.9
5287220210405 33.3 15.1  0.009999-99.9-99.9-99.9-99.9-9.9 9919.3 74 16.9   2  1.6-9.9-9.9
5287220210406 32.4 15.9  0.009999-99.9-99.9-99.9-99.9-9.9 9921.7 78 18.7   3  2.0-9.9-9.9
5287220210407 33.1 17.9  0.009999-99.9-99.9-99.9-99.9-9.9 9922.8 73 19.6   2  1.7-9.9-9.9
5287220210408 24.1 17.9 16.219999-99.9-99.9-99.9-99.9-9.9 9922.0 97 19.0   2  1.8-9.9-9.9
5287220210409 22.4 16.3  0.819999-99.9-99.9-99.9-99.9-9.9 9921.2 95 18.4   3  2.7-9.9-9.9
5287220210410 20.3 16.8 34.219999-99.9-99.9-99.9-99.9-9.9 9921.0100 18.2   5  4.1-9.9-9.9
5287220210411 23.6 12.8  0.009999-99.9-99.9-99.9-99.9-9.9 9915.7 83 13.7   7  5.4-9.9-9.9
5287220210412 28.5  9.8  0.009999-99.9-99.9-99.9-99.9-9.9 9914.0 69 11.9   2  1.7-9.9-9.9
5287220210413 29.6  9.8  0.009999-99.9-99.9-99.9-99.9-9.9 9915.1 71 13.0   1  1.2-9.9-9.9
5287220210414 27.5  9.8  0.009999-99.9-99.9-99.9-99.9-9.9 9915.4 74 13.4   2  1.4-9.9-9.9
5287220210415 30.3 11.1  0.009999-99.9-99.9-99.9-99.9-9.9 9917.2 80 15.0   1  0.7-9.9-9.9
5287220210416 31.3  9.7  0.009999-99.9-99.9-99.9-99.9-9.9 9917.5 77 15.2   1  0.7-9.9-9.9
5287220210417 29.6 12.9  0.009999-99.9-99.9-99.9-99.9-9.9 9917.7 74 15.6   2  1.6-9.9-9.9
5287220210418 27.6 14.5  0.219999-99.9-99.9-99.9-99.9-9.9 9919.9 87 17.3   2  1.5-9.9-9.9
5287220210419 29.7 14.0  0.009999-99.9-99.9-99.9-99.9-9.9 9917.8 72 15.6   3  2.4-9.9-9.9
5287220210420 27.3 13.2  0.009999-99.9-99.9-99.9-99.9-9.9 9917.6 75 15.5   5  4.0-9.9-9.9
5287220210421 27.7 15.4  0.009999-99.9-99.9-99.9-99.9-9.9 9919.3 77 16.9   5  4.1-9.9-9.9
5287220210422 26.3 16.2  0.219999-99.9-99.9-99.9-99.9-9.9 9920.7 84 18.0   2  1.4-9.9-9.9
5287220210423 27.8 13.7 28.019999-99.9-99.9-99.9-99.9-9.9 9918.3 90 16.0   2  1.4-9.9-9.9
5287220210424 24.0 11.9  0.009999-99.9-99.9-99.9-99.9-9.9 9914.7 81 12.5   5  3.9-9.9-9.9
5287220210425 22.8  7.3  0.009999-99.9-99.9-99.9-99.9-9.9 9913.4 86 11.1   3  2.1-9.9-9.9
5287220210426 25.5  8.8  0.219999-99.9-99.9-99.9-99.9-9.9 9913.7 79 11.6   1  0.8-9.9-9.9
5287220210427 26.4  8.3  0.009999-99.9-99.9-99.9-99.9-9.9 9913.3 78 11.1   1  1.1-9.9-9.9
5287220210428 27.4  9.4  0.009999-99.9-99.9-99.9-99.9-9.9 9914.6 75 12.5   2  1.4-9.9-9.9
5287220210429 27.4  9.9  0.009999-99.9-99.9-99.9-99.9-9.9 9914.0 73 12.0   2  1.6-9.9-9.9
5287220210430 25.7  8.3  0.009999-99.9-99.9-99.9-99.9-9.9 9913.2 71 11.0   2  1.3-9.9-9.9
5287220210501 28.2  8.0  0.009999-99.9-99.9-99.9-99.9-9.9 9914.4 77 12.3   1  1.1-9.9-9.9
5287220210502 30.4 13.9 11.519999-99.9-99.9-99.9-99.9-9.9 9919.1 80 16.6   1  1.0-9.9-9.9
5287220210503 19.4 13.7  8.019999-99.9-99.9-99.9-99.9-9.9 9918.1100 15.8   3  2.5-9.9-9.9
5287220210504 17.7  3.9  0.009999-99.9-99.9-99.9-99.9-9.9 9910.4 77  7.5   7  5.2-9.9-9.9
5287220210505 17.5  1.0  0.009999-99.9-99.9-99.9-99.9-9.9 99 8.7 83  4.9   2  1.3-9.9-9.9
5287220210506 19.8  1.5  0.009999-99.9-99.9-99.9-99.9-9.9 99 8.8 75  5.0   1  1.2-9.9-9.9
5287220210507 21.0  0.6  0.009999-99.9-99.9-99.9-99.9-9.9 99 8.7 73  4.9   1  1.0-9.9-9.9
5287220210508 21.6  4.9  0.219999-99.9-99.9-99.9-99.9-9.9 9911.3 79  8.7   2  1.7-9.9-9.9
5287220210509 18.0  5.4  0.009999-99.9-99.9-99.9-99.9-9.9 9912.3 92  9.9   1  0.8-9.9-9.9
5287220210510 18.4  5.0  0.009999-99.9-99.9-99.9-99.9-9.9 99 9.5 74  6.1   4  3.4-9.9-9.9
5287220210511 19.6  0.4  0.009999-99.9-99.9-99.9-99.9-9.9 99 7.8 67  3.4   2  1.3-9.9-9.9
5287220210512 22.3  1.3  0.009999-99.9-99.9-99.9-99.9-9.9 99 8.1 62  3.8   2  1.7-9.9-9.9
5287220210513 25.5  3.9  0.009999-99.9-99.9-99.9-99.9-9.9 99 9.6 69  6.2   2  1.7-9.9-9.9
5287220210514 23.0  1.2  0.009999-99.9-99.9-99.9-99.9-9.9 99 9.7 73  6.3   1  0.9-9.9-9.9
5287220210515 23.4  3.4  0.009999-99.9-99.9-99.9-99.9-9.9 9910.0 70  6.9   1  0.8-9.9-9.9
5287220210516 21.3  5.5  0.009999-99.9-99.9-99.9-99.9-9.9 9911.1 89  8.4   1  0.6-9.9-9.9
5287220210517 19.7  3.3  0.009999-99.9-99.9-99.9-99.9-9.9 9910.1 82  7.0   2  1.3-9.9-9.9
5287220210518 20.2  1.4  0.009999-99.9-99.9-99.9-99.9-9.9 9910.2 80  7.0   1  1.1-9.9-9.9
5287220210519 19.1  6.0  0.819999-99.9-99.9-99.9-99.9-9.9 9912.4 87 10.0   4  2.9-9.9-9.9
5287220210520 19.8  7.0 24.219999-99.9-99.9-99.9-99.9-9.9 9912.6 84 10.3   5  3.8-9.9-9.9
5287220210521 13.3  8.6 49.519999-99.9-99.9-99.9-99.9-9.9 9913.6100 11.6   3  2.4-9.9-9.9
5287220210522 13.3 11.4  9.019999-99.9-99.9-99.9-99.9-9.9 9914.1100 12.1  11  9.1-9.9-9.9
5287220210523 16.8  9.1  0.519999-99.9-99.9-99.9-99.9-9.9 9912.4 93 10.1   8  6.4-9.9-9.9
5287220210524 20.9  4.2  0.009999-99.9-99.9-99.9-99.9-9.9 9910.1 73  7.1   3  2.7-9.9-9.9
5287220210525 18.5  5.6  0.009999-99.9-99.9-99.9-99.9-9.9 99 9.4 75  6.1   3  2.4-9.9-9.9
5287220210526 22.4  2.8  0.009999-99.9-99.9-99.9-99.9-9.9 9910.4 71  7.4   3  2.5-9.9-9.9
5287220210527 25.2  8.4  0.009999-99.9-99.9-99.9-99.9-9.9 9913.0 74 10.8   3  2.4-9.9-9.9
5287220210528 22.0  8.9  0.009999-99.9-99.9-99.9-99.9-9.9 9911.3 72  8.6   5  4.1-9.9-9.9
5287220210529 14.6  4.2  0.009999-99.9-99.9-99.9-99.9-9.9 99 8.3 70  4.0   6  4.7-9.9-9.9
5287220210530 18.0 -0.1  0.009999-99.9-99.9-99.9-99.9-9.9 99 7.4 69  2.6   3  2.2-9.9-9.9
5287220210531 22.0  5.4  2.019999-99.9-99.9-99.9-99.9-9.9 9910.4 67  7.4   4  2.9-9.9-9.9
5287220210601 16.4 11.9  2.519999-99.9-99.9-99.9-99.9-9.9 9913.2 93 11.0   3  2.6-9.9-9.9
5287220210602 16.4  6.3  0.009999-99.9-99.9-99.9-99.9-9.9 9910.3 79  7.3   5  3.8-9.9-9.9
5287220210603 21.3  3.9  0.009999-99.9-99.9-99.9-99.9-9.9 9911.4 79  8.6   3  2.2-9.9-9.9
5287220210604 17.7 10.0  0.009999-99.9-99.9-99.9-99.9-9.9 9913.9 88 11.9   3  2.8-9.9-9.9
5287220210605 20.4  4.4  0.009999-99.9-99.9-99.9-99.9-9.9 9910.5 72  7.3   6  4.6-9.9-9.9
5287220210606 16.0 -0.8  0.009999-99.9-99.9-99.9-99.9-9.9 99 7.8 76  3.3   3  2.3-9.9-9.9
5287220210607 16.1  5.3  0.009999-99.9-99.9-99.9-99.9-9.9 9911.1 89  8.4   1  1.1-9.9-9.9
5287220210608 21.3  7.3  0.009999-99.9-99.9-99.9-99.9-9.9 9913.9 89 11.7   2  1.4-9.9-9.9
5287220210609 17.8  8.6  0.009999-99.9-99.9-99.9-99.9-9.9 9914.9 96 12.8   1  0.7-9.9-9.9
5287220210610 19.9  5.4  0.009999-99.9-99.9-99.9-99.9-9.9 9910.6 73  7.2   5  4.1-9.9-9.9
5287220210611 19.8  0.0  0.009999-99.9-99.9-99.9-99.9-9.9 99 8.3 65  4.1   4  3.0-9.9-9.9
5287220210612 25.4  7.5  0.009999-99.9-99.9-99.9-99.9-9.9 9912.3 74  9.9   3  2.5-9.9-9.9
5287220210613 25.1  7.7  0.219999-99.9-99.9-99.9-99.9-9.9 9912.9 76 10.7   2  1.8-9.9-9.9
5287220210614 15.1  6.3  0.009999-99.9-99.9-99.9-99.9-9.9 9910.7 85  7.8   9  7.2-9.9-9.9
5287220210615 12.6 -0.2  0.009999-99.9-99.9-99.9-99.9-9.9 99 6.8 74  1.3   7  5.4-9.9-9.9
5287220210616 10.1 -0.8  0.009999-99.9-99.9-99.9-99.9-9.9 99 7.4 88  2.5   3  2.1-9.9-9.9
5287220210617 11.7 -2.6  0.009999-99.9-99.9-99.9-99.9-9.9 99 6.5 86  0.8   2  1.9-9.9-9.9
5287220210618 12.3 -3.5  0.009999-99.9-99.9-99.9-99.9-9.9 99 6.1 82 -0.0   1  1.0-9.9-9.9
5287220210619-99.9-99.9-99.999999-99.9-99.9-99.9-99.9-9.9 99-9.9-99-99.9 -99-99.9-9.9-9.9
5287220210620-99.9-99.9  0.009999-99.9-99.9-99.9-99.9-9.9 99 7.5 83  2.7   1  1.2-9.9-9.9
5287220210621 11.6  0.6  0.009999-99.9-99.9-99.9-99.9-9.9 9910.2 97  7.0   1  1.1-9.9-9.9
5287220210622 16.9  1.9  0.009999-99.9-99.9-99.9-99.9-9.9 9910.3 88  7.2   3  2.1-9.9-9.9
5287220210623 15.4  6.5  2.019999-99.9-99.9-99.9-99.9-9.9 9913.5 97 11.3   3  2.5-9.9-9.9
5287220210624 17.4  6.9  0.009999-99.9-99.9-99.9-99.9-9.9 9911.4 83  8.8   7  5.7-9.9-9.9
5287220210625 22.1  5.3  1.219999-99.9-99.9-99.9-99.9-9.9 99 9.8 72  6.6   3  2.5-9.9-9.9
5287220210626 11.8  5.1  4.819999-99.9-99.9-99.9-99.9-9.9 9910.0 98  6.8   9  7.2-9.9-9.9
5287220210627 10.1  1.8  1.819999-99.9-99.9-99.9-99.9-9.9 99 8.7 93  4.9   8  6.4-9.9-9.9
5287220210628  9.5  4.5  0.009999-99.9-99.9-99.9-99.9-9.9 99 8.8 89  5.2  12  9.8-9.9-9.9
5287220210629 11.1  2.2  0.009999-99.9-99.9-99.9-99.9-9.9 99 8.3 86  4.2   6  4.5-9.9-9.9
5287220210630 12.2 -0.5  0.219999-99.9-99.9-99.9-99.9-9.9 99 8.2 88  3.8   2  1.8-9.9-9.9
5287220210701 16.0  3.2  0.009999-99.9-99.9-99.9-99.9-9.9 99 9.5 88  6.1   3  2.7-9.9-9.9
5287220210702 17.6  2.1  0.009999-99.9-99.9-99.9-99.9-9.9 99 7.5 66  2.7   4  3.3-9.9-9.9
5287220210703 21.7  2.0  0.009999-99.9-99.9-99.9-99.9-9.9 99 6.5 52  0.8   5  3.7-9.9-9.9
5287220210704 19.8 -1.6  0.009999-99.9-99.9-99.9-99.9-9.9 99 7.1 69  1.9   2  1.6-9.9-9.9
5287220210705 19.6 -1.1  0.009999-99.9-99.9-99.9-99.9-9.9 99 8.3 74  4.0   2  1.2-9.9-9.9
5287220210706 12.8  3.1  7.519999-99.9-99.9-99.9-99.9-9.9 9911.3 99  8.4   4  2.9-9.9-9.9
5287220210707 17.7 10.7  0.819999-99.9-99.9-99.9-99.9-9.9 9915.6 99 13.6   3  2.0-9.9-9.9
5287220210708 21.7 11.9  0.009999-99.9-99.9-99.9-99.9-9.9 9916.0 92 13.9   3  2.2-9.9-9.9
5287220210709 25.1 13.3  0.009999-99.9-99.9-99.9-99.9-9.9 9917.1 77 15.0   4  2.9-9.9-9.9
5287220210710 17.6  5.5  0.009999-99.9-99.9-99.9-99.9-9.9 99 9.1 67  5.0   7  5.7-9.9-9.9
5287220210711 18.5  1.4  0.009999-99.9-99.9-99.9-99.9-9.9 99 7.1 55  2.0   3  2.0-9.9-9.9
5287220210712 16.7  7.8  0.009999-99.9-99.9-99.9-99.9-9.9 9912.6 90 10.1   2  2.0-9.9-9.9
5287220210713 17.5  3.3  0.009999-99.9-99.9-99.9-99.9-9.9 99 9.6 82  6.3   5  3.8-9.9-9.9
5287220210714 12.7  3.3  0.009999-99.9-99.9-99.9-99.9-9.9 9910.0 93  6.9   4  3.5-9.9-9.9
5287220210715 18.8  0.9  0.009999-99.9-99.9-99.9-99.9-9.9 99 8.5 78  4.6   2  2.0-9.9-9.9
5287220210716 18.9  1.1  0.009999-99.9-99.9-99.9-99.9-9.9 99 8.3 74  4.2   4  2.8-9.9-9.9
5287220210717 13.2  1.2  0.009999-99.9-99.9-99.9-99.9-9.9 99 6.8 68  1.5   8  6.1-9.9-9.9
5287220210718-99.9-99.9-99.999999-99.9-99.9-99.9-99.9-9.9 99-9.9-99-99.9 -99-99.9-9.9-9.9
5287220210719-99.9-99.9-99.999999-99.9-99.9-99.9-99.9-9.9 99-9.9-99-99.9 -99-99.9-9.9-9.9
5287220210720-99.9-99.9-99.999999-99.9-99.9-99.9-99.9-9.9 99-9.9-99-99.9 -99-99.9-9.9-9.9
5287220210721-99.9-99.9  0.009999-99.9-99.9-99.9-99.9-9.9 99 8.5 68  4.6 -99-99.9-9.9-9.9
5287220210722 23.8  1.8  0.009999-99.9-99.9-99.9-99.9-9.9 99 9.5 70  6.1   2  1.6-9.9-9.9
5287220210723 27.3  5.3  0.009999-99.9-99.9-99.9-99.9-9.9 9911.7 72  9.1   3  2.2-9.9-9.9
5287220210724 14.8  8.6  0.219999-99.9-99.9-99.9-99.9-9.9 9911.1 84  8.4  10  8.1-9.9-9.9
5287220210725 16.3  8.8  0.009999-99.9-99.9-99.9-99.9-9.9 9912.2 90  9.8   8  6.5-9.9-9.9
5287220210726-99.9-99.9-99.999999-99.9-99.9-99.9-99.9-9.9 99-9.9-99-99.9 -99-99.9-9.9-9.9
5287220210727-99.9-99.9  0.009999-99.9-99.9-99.9-99.9-9.9 99 6.0 59 -0.3  10  7.9-9.9-9.9
5287220210728-99.9-99.9-99.999999-99.9-99.9-99.9-99.9-9.9 99-9.9-99-99.9 -99-99.9-9.9-9.9
5287220210729-99.9-99.9  0.009999-99.9-99.9-99.9-99.9-9.9 99 6.3 66  0.5   4  3.0-9.9-9.9
5287220210730-99.9-99.9-99.999999-99.9-99.9-99.9-99.9-9.9 99-9.9-99-99.9 -99-99.9-9.9-9.9
5287220210731-99.9-99.9-99.999999-99.9-99.9-99.9-99.9-9.9 99 7.1 78  1.9 -99-99.9-9.9-9.9
5287220210801-99.9-99.9-99.999999-99.9-99.9-99.9-99.9-9.9 99-9.9-99-99.9 -99-99.9-9.9-9.9
5287220210802-99.9-99.9-99.999999-99.9-99.9-99.9-99.9-9.9 99 7.8 78  3.4 -99-99.9-9.9-9.9
5287220210803 22.6  1.0  0.009999-99.9-99.9-99.9-99.9-9.9 99 8.5 67  4.6   2  1.8-9.9-9.9
5287220210804-99.9-99.9-99.999999-99.9-99.9-99.9-99.9-9.9 99-9.9-99-99.9 -99-99.9-9.9-9.9
5287220210805 15.6  4.0  0.009999-99.9-99.9-99.9-99.9-9.9 9910.7 92  7.8   3  2.3-9.9-9.9
5287220210806 24.7  6.1  0.009999-99.9-99.9-99.9-99.9-9.9 9913.0 75 10.7   3  2.2-9.9-9.9
5287220210807 28.2  9.8  8.519999-99.9-99.9-99.9-99.9-9.9 9914.2 72 12.2   4  3.5-9.9-9.9
5287220210808 16.4  4.0 31.519999-99.9-99.9-99.9-99.9-9.9 99 9.1100  5.7  12  9.7-9.9-9.9
5287220210809 12.3  1.7  0.219999-99.9-99.9-99.9-99.9-9.9 99 8.4 82  4.3   9  6.9-9.9-9.9
5287220210810-99.9-99.9-99.999999-99.9-99.9-99.9-99.9-9.9 99-9.9-99-99.9 -99-99.9-9.9-9.9
5287220210811-99.9-99.9-99.999999-99.9-99.9-99.9-99.9-9.9 99-9.9-99-99.9 -99-99.9-9.9-9.9
5287220210812-99.9-99.9-99.999999-99.9-99.9-99.9-99.9-9.9 99-9.9-99-99.9 -99-99.9-9.9-9.9
5287220210813-99.9-99.9-99.999999-99.9-99.9-99.9-99.9-9.9 99-9.9-99-99.9 -99-99.9-9.9-9.9
5287220210816-99.9-99.9-99.999999-99.9-99.9-99.9-99.9-9.9 99-9.9-99-99.9 -99-99.9-9.9-9.9
5287220210817-99.9-99.9  0.009999-99.9-99.9-99.9-99.9-9.9 9913.9 76 11.7   3  2.1-9.9-9.9
5287220210818-99.9-99.9-99.999999-99.9-99.9-99.9-99.9-9.9 99-9.9-99-99.9 -99-99.9-9.9-9.9
5287220210819-99.9-99.9-99.999999-99.9-99.9-99.9-99.9-9.9 99-9.9-99-99.9 -99-99.9-9.9-9.9
5287220210820-99.9-99.9-99.999999-99.9-99.9-99.9-99.9-9.9 99-9.9-99-99.9 -99-99.9-9.9-9.9
5287220210821-99.9-99.9-99.999999-99.9-99.9-99.9-99.9-9.9 99-9.9-99-99.9 -99-99.9-9.9-9.9
5287220210822-99.9-99.9-99.999999-99.9-99.9-99.9-99.9-9.9 99-9.9-99-99.9 -99-99.9-9.9-9.9
5287220210823 14.0  2.0  0.009999-99.9-99.9-99.9-99.9-9.9 99 7.1 69  1.9   4  3.0-9.9-9.9
5287220210824-99.9-99.9-99.999999-99.9-99.9-99.9-99.9-9.9 99-9.9-99-99.9 -99-99.9-9.9-9.9
5287220210825-99.9-99.9-99.999999-99.9-99.9-99.9-99.9-9.9 99-9.9-99-99.9 -99-99.9-9.9-9.9
5287220210826-99.9-99.9-99.999999-99.9-99.9-99.9-99.9-9.9 99-9.9-99-99.9 -99-99.9-9.9-9.9
5287220210827-99.9-99.9-99.999999-99.9-99.9-99.9-99.9-9.9 99-9.9-99-99.9 -99-99.9-9.9-9.9
5287220210828 24.5  6.1  0.009999-99.9-99.9-99.9-99.9-9.9 99 9.8 64  6.6   3  2.1-9.9-9.9
5287220210829-99.9-99.9-99.999999-99.9-99.9-99.9-99.9-9.9 99-9.9-99-99.9 -99-99.9-9.9-9.9
5287220210830-99.9-99.9-99.999999-99.9-99.9-99.9-99.9-9.9 99-9.9-99-99.9 -99-99.9-9.9-9.9
5287220210831 30.0 14.0  9.519999-99.9-99.9-99.9-99.9-9.9 9918.2 66 16.0   4  3.0-9.9-9.9
5287220210901 23.5 14.8  8.519999-99.9-99.9-99.9-99.9-9.9 9917.4100 15.3   9  6.9-9.9-9.9
5287220210902 15.8 11.0  0.009999-99.9-99.9-99.9-99.9-9.9 9915.0 97 13.0   9  7.0-9.9-9.9
5287220210903 18.8 11.5  0.009999-99.9-99.9-99.9-99.9-9.9 9914.3 87 12.3   6  4.7-9.9-9.9
5287220210904 14.9  8.4  3.219999-99.9-99.9-99.9-99.9-9.9 9913.4100 11.3   6  4.6-9.9-9.9
5287220210905 19.1  6.6  0.819999-99.9-99.9-99.9-99.9-9.9 9912.6 85 10.3   5  3.6-9.9-9.9
5287220210906 15.5  5.8  0.519999-99.9-99.9-99.9-99.9-9.9 9913.5 96 11.3   5  4.3-9.9-9.9
5287220210907 14.9 12.9  1.019999-99.9-99.9-99.9-99.9-9.9 9915.5100 13.5   9  7.0-9.9-9.9
5287220210908 14.7 11.8  2.519999-99.9-99.9-99.9-99.9-9.9 9915.0100 13.0  11  8.8-9.9-9.9
5287220210909 14.3 10.2-99.999999-99.9-99.9-99.9-99.9-9.9 9913.7 96 11.6  20 15.9-9.9-9.9
5287220210910-99.9-99.9-99.999999-99.9-99.9-99.9-99.9-9.9 99-9.9 93-99.9 -99-99.9-9.9-9.9
5287220210911-99.9-99.9  0.009999-99.9-99.9-99.9-99.9-9.9 99-9.9 82-99.9 -99-99.9-9.9-9.9
5287220210912 25.3 12.0  0.009999-99.9-99.9-99.9-99.9-9.9 9916.3 86 14.3   6  4.4-9.9-9.9
5287220210913-99.9-99.9-99.999999-99.9-99.9-99.9-99.9-9.9 99-9.9-99-99.9 -99-99.9-9.9-9.9
5287220210914-99.9-99.9-99.999999-99.9-99.9-99.9-99.9-9.9 9910.3 75  7.3 -99-99.9-9.9-9.9
5287220210915-99.9-99.9-99.999999-99.9-99.9-99.9-99.9-9.9 99-9.9-99-99.9 -99-99.9-9.9-9.9
5287220210916-99.9-99.9-99.999999-99.9-99.9-99.9-99.9-9.9 99-9.9-99-99.9 -99-99.9-9.9-9.9
5287220210917-99.9-99.9-99.999999-99.9-99.9-99.9-99.9-9.9 99-9.9-99-99.9 -99-99.9-9.9-9.9
5287220210918 27.7  7.3  0.009999-99.9-99.9-99.9-99.9-9.9 9914.2 62 12.0   3  2.2-9.9-9.9
5287220210919-99.9-99.9-99.999999-99.9-99.9-99.9-99.9-9.9 99-9.9-99-99.9 -99-99.9-9.9-9.9
5287220210920-99.9-99.9-99.999999-99.9-99.9-99.9-99.9-9.9 99-9.9-99-99.9 -99-99.9-9.9-9.9
5287220210921-99.9-99.9-99.999999-99.9-99.9-99.9-99.9-9.9 99 9.2 69  5.6 -99-99.9-9.9-9.9
5287220210922 16.0  4.7  0.009999-99.9-99.9-99.9-99.9-9.9 9911.2 88  8.5   3  2.1-9.9-9.9
5287220210923 22.1 10.6  0.009999-99.9-99.9-99.9-99.9-9.9 9914.5 83 12.5   3  2.5-9.9-9.9
5287220210924 23.6  6.9  0.009999-99.9-99.9-99.9-99.9-9.9 9912.6 70 10.3   3  2.1-9.9-9.9
5287220210925 24.8  7.4  0.009999-99.9-99.9-99.9-99.9-9.9 9913.4 78 11.2   3  2.1-9.9-9.9
5287220210926 26.6  9.7  0.009999-99.9-99.9-99.9-99.9-9.9 9914.6 75 12.4   6  4.5-9.9-9.9
5287220210927 13.7 10.1  0.009999-99.9-99.9-99.9-99.9-9.9 9911.7 90  9.3  10  8.1-9.9-9.9
5287220210928 20.4  8.5  0.009999-99.9-99.9-99.9-99.9-9.9 9912.2 79  9.9   6  4.4-9.9-9.9
5287220210929 24.2  7.7  0.009999-99.9-99.9-99.9-99.9-9.9 9914.6 81 12.5   4  3.1-9.9-9.9
5287220210930 20.8 10.3 15.519999-99.9-99.9-99.9-99.9-9.9 9915.6 94 13.4   4  3.2-9.9-9.9
5287220211001 23.6  6.1  0.009999-99.9-99.9-99.9-99.9-9.9 9911.6 60  9.0   3  2.6-9.9-9.9
5287220211002 20.7  7.0  0.819999-99.9-99.9-99.9-99.9-9.9 9912.1 80  9.6   3  2.3-9.9-9.9
5287220211003 17.9  2.8  0.009999-99.9-99.9-99.9-99.9-9.9 99 9.3 72  5.9   5  3.7-9.9-9.9
5287220211004 24.7  4.7  0.009999-99.9-99.9-99.9-99.9-9.9 99 9.3 56  5.9   3  2.7-9.9-9.9
5287220211005 25.9  6.9  0.009999-99.9-99.9-99.9-99.9-9.9 9910.4 54  7.4   3  2.6-9.9-9.9
5287220211006-99.9-99.9-99.999999-99.9-99.9-99.9-99.9-9.9 9910.0 71  6.8 -99-99.9-9.9-9.9
5287220211007 19.6  2.7  0.009999-99.9-99.9-99.9-99.9-9.9 99 8.0 55  3.7   2  1.9-9.9-9.9
5287220211008 21.7  5.1  0.009999-99.9-99.9-99.9-99.9-9.9 9910.1 60  7.0   4  3.0-9.9-9.9
5287220211009 22.4  7.5  0.009999-99.9-99.9-99.9-99.9-9.9 9910.8 59  8.0   4  3.6-9.9-9.9
5287220211010 24.0  9.1  0.009999-99.9-99.9-99.9-99.9-9.9 9915.1 76 13.0   4  3.4-9.9-9.9
5287220211011 24.6 11.0  0.009999-99.9-99.9-99.9-99.9-9.9 9916.3 84 14.2   4  3.0-9.9-9.9
5287220211012 23.7 13.8  0.009999-99.9-99.9-99.9-99.9-9.9 9918.1 87 15.9   3  2.7-9.9-9.9
5287220211013 21.7 13.5  1.019999-99.9-99.9-99.9-99.9-9.9 9918.1 94 15.9   1  0.9-9.9-9.9
5287220211014 26.9  8.9  0.219999-99.9-99.9-99.9-99.9-9.9 9914.4 86 12.0   4  3.5-9.9-9.9
5287220211015 21.6  4.1  0.219999-99.9-99.9-99.9-99.9-9.9 99 9.5 66  6.1   2  1.7-9.9-9.9
5287220211016 24.6  4.7  0.009999-99.9-99.9-99.9-99.9-9.9 99 9.5 55  6.1   2  2.0-9.9-9.9
5287220211017 27.2  7.6  0.009999-99.9-99.9-99.9-99.9-9.9 9911.8 61  9.3   3  2.2-9.9-9.9
5287220211018 24.3  5.9  0.009999-99.9-99.9-99.9-99.9-9.9 99 9.4 50  6.0   3  2.6-9.9-9.9
5287220211019 26.6  4.8  0.009999-99.9-99.9-99.9-99.9-9.9 9910.9 52  8.2   2  1.9-9.9-9.9
5287220211020 30.7  8.9  0.009999-99.9-99.9-99.9-99.9-9.9 9913.8 59 11.7   3  2.2-9.9-9.9
5287220211021 33.0 11.0  0.009999-99.9-99.9-99.9-99.9-9.9 9914.9 49 12.8   2  1.6-9.9-9.9
5287220211022 21.2 13.9 12.219999-99.9-99.9-99.9-99.9-9.9 9916.6 99 14.6   3  2.5-9.9-9.9
5287220211023 24.9 10.1  0.009999-99.9-99.9-99.9-99.9-9.9 9914.2 73 12.0   3  2.5-9.9-9.9
5287220211024 26.9  5.9  0.009999-99.9-99.9-99.9-99.9-9.9 9910.6 49  7.7   4  3.2-9.9-9.9
5287220211025 29.8 13.8  0.009999-99.9-99.9-99.9-99.9-9.9 9912.8 55 10.5   3  2.8-9.9-9.9
5287220211026 34.5 13.1  0.009999-99.9-99.9-99.9-99.9-9.9 9915.1 48 13.0   2  1.8-9.9-9.9
5287220211027 38.1 15.7  0.009999-99.9-99.9-99.9-99.9-9.9 9916.7 43 14.7   2  1.5-9.9-9.9
5287220211028 37.4 16.7  0.009999-99.9-99.9-99.9-99.9-9.9 9917.8 46 15.6   3  2.4-9.9-9.9
5287220211029 34.2 15.9  0.009999-99.9-99.9-99.9-99.9-9.9 9915.9 41 13.8   3  2.4-9.9-9.9
5287220211030 35.7 16.4  0.009999-99.9-99.9-99.9-99.9-9.9 9919.3 53 16.8   4  3.4-9.9-9.9
5287220211031 19.8 12.7  4.219999-99.9-99.9-99.9-99.9-9.9 9914.7 94 12.7   6  4.5-9.9-9.9
5287220211101 14.1 11.1 10.019999-99.9-99.9-99.9-99.9-9.9 9914.7100 12.6   5  3.8-9.9-9.9
5287220211102 26.3 12.7  0.009999-99.9-99.9-99.9-99.9-9.9 9919.6 90 17.0   4  2.8-9.9-9.9
5287220211103 25.8 17.3  0.009999-99.9-99.9-99.9-99.9-9.9 9922.1 93 19.1   4  2.9-9.9-9.9
5287220211104 30.1 16.4  0.009999-99.9-99.9-99.9-99.9-9.9 9921.7 82 18.7   4  3.4-9.9-9.9
5287220211105 21.8  9.2  0.009999-99.9-99.9-99.9-99.9-9.9 9911.0 57  8.3   6  4.7-9.9-9.9
5287220211106 23.5  7.2  0.009999-99.9-99.9-99.9-99.9-9.9 9911.0 54  8.3   4  3.3-9.9-9.9
5287220211107 28.1  9.6  0.009999-99.9-99.9-99.9-99.9-9.9 9914.7 63 12.6   2  1.5-9.9-9.9
5287220211108 33.6 13.2  0.009999-99.9-99.9-99.9-99.9-9.9 9916.3 52 14.2   2  1.8-9.9-9.9
5287220211109 25.0 14.6  0.009999-99.9-99.9-99.9-99.9-9.9 9916.3 68 14.2   6  5.2-9.9-9.9
5287220211110 27.5 13.6  0.009999-99.9-99.9-99.9-99.9-9.9 9916.8 72 14.7   5  4.3-9.9-9.9
5287220211111 29.5 13.0  0.009999-99.9-99.9-99.9-99.9-9.9 9915.6 55 13.5   5  3.9-9.9-9.9
5287220211112 28.7 12.3  0.009999-99.9-99.9-99.9-99.9-9.9 9914.6 53 12.5   5  3.8-9.9-9.9
5287220211113 30.3 13.4 20.219999-99.9-99.9-99.9-99.9-9.9 9917.5 69 15.3   6  4.6-9.9-9.9
5287220211114 28.4 12.9  0.009999-99.9-99.9-99.9-99.9-9.9 9915.9 68 13.8   2  2.0-9.9-9.9
5287220211115 32.6 10.9  4.019999-99.9-99.9-99.9-99.9-9.9 9917.6 59 15.3   3  2.5-9.9-9.9
5287220211116 22.6 11.7  0.009999-99.9-99.9-99.9-99.9-9.9 9912.8 72 10.3   7  5.6-9.9-9.9
5287220211117 25.2  2.3  0.009999-99.9-99.9-99.9-99.9-9.9 99 9.8 59  6.5   2  1.5-9.9-9.9
5287220211118 31.5  7.1  0.009999-99.9-99.9-99.9-99.9-9.9 9911.7 45  9.1   3  2.4-9.9-9.9
5287220211119 29.8 11.0  0.009999-99.9-99.9-99.9-99.9-9.9 9914.2 59 12.2   3  2.6-9.9-9.9
5287220211120 36.3 13.1  0.009999-99.9-99.9-99.9-99.9-9.9 9917.3 55 15.1   2  2.0-9.9-9.9
5287220211121 38.9 18.3  0.219999-99.9-99.9-99.9-99.9-9.9 9917.5 45 15.3   4  3.2-9.9-9.9
5287220211122 36.8 19.1  0.009999-99.9-99.9-99.9-99.9-9.9 9915.3 40 13.0   6  4.6-9.9-9.9
5287220211123 31.7  7.7  0.009999-99.9-99.9-99.9-99.9-9.9 99 9.6 37  6.2   3  2.6-9.9-9.9
5287220211124 37.7 10.6  0.519999-99.9-99.9-99.9-99.9-9.9 9913.8 38 11.6   3  2.0-9.9-9.9
5287220211125 25.1 17.9  2.519999-99.9-99.9-99.9-99.9-9.9 9921.3 99 18.4   3  2.0-9.9-9.9
5287220211126 33.4 15.6  2.819999-99.9-99.9-99.9-99.9-9.9 9919.6 57 17.1   0  0.1-9.9-9.9
5287220211127 33.7 15.3  4.219999-99.9-99.9-99.9-99.9-9.9 9917.2 50 15.0   0  0.0-9.9-9.9
5287220211128 24.8 16.5 25.019999-99.9-99.9-99.9-99.9-9.9 9919.8100 17.4   0  0.0-9.9-9.9
5287220211129 28.3 14.2  0.009999-99.9-99.9-99.9-99.9-9.9 9917.6 73 15.4   0  0.0-9.9-9.9
5287220211130 27.3 10.4  0.009999-99.9-99.9-99.9-99.9-9.9 9913.9 51 11.8   0  0.0-9.9-9.9
5287220211201 27.1 12.7  0.009999-99.9-99.9-99.9-99.9-9.9 9916.1 68 14.0   0  0.0-9.9-9.9
5287220211202 29.7 13.2  0.009999-99.9-99.9-99.9-99.9-9.9 9916.1 57 14.1   0  0.0-9.9-9.9
5287220211203 26.1 15.3  0.009999-99.9-99.9-99.9-99.9-9.9 9918.7 80 16.4   0  0.0-9.9-9.9
5287220211204 26.2 15.1 44.519999-99.9-99.9-99.9-99.9-9.9 9918.9 80 16.6   0  0.0-9.9-9.9
5287220211205 26.2 16.4  0.819999-99.9-99.9-99.9-99.9-9.9 9920.1 85 17.5   0  0.0-9.9-9.9
5287220211206 28.3 13.9  0.009999-99.9-99.9-99.9-99.9-9.9 9919.3 73 16.9   0  0.0-9.9-9.9
5287220211207 32.6 16.2  0.009999-99.9-99.9-99.9-99.9-9.9 9919.3 55 16.9   0  0.0-9.9-9.9
5287220211208 31.4 15.9  0.009999-99.9-99.9-99.9-99.9-9.9 9917.7 57 15.5   0  0.0-9.9-9.9
5287220211209 29.7 16.2  0.009999-99.9-99.9-99.9-99.9-9.9 9919.8 61 17.3   0  0.0-9.9-9.9
5287220211210 30.7 19.2  1.019999-99.9-99.9-99.9-99.9-9.9 9921.9 75 18.9   0  0.0-9.9-9.9
5287220211211 34.0 18.3  0.519999-99.9-99.9-99.9-99.9-9.9 9921.9 61 18.9   0  0.0-9.9-9.9
5287220211212 29.2 17.3  1.519999-99.9-99.9-99.9-99.9-9.9 9920.5 82 17.8   0  0.0-9.9-9.9
5287220211213 30.3 14.9  0.009999-99.9-99.9-99.9-99.9-9.9 9913.6 46 11.1   0  0.0-9.9-9.9
5287220211214 25.6 12.9  1.519999-99.9-99.9-99.9-99.9-9.9 9917.4 87 15.2   0  0.0-9.9-9.9
5287220211215 28.2 15.6  0.009999-99.9-99.9-99.9-99.9-9.9 9918.5 73 16.3   0  0.0-9.9-9.9
5287220211216 30.5 10.2  0.009999-99.9-99.9-99.9-99.9-9.9 9916.8 61 14.7   0  0.0-9.9-9.9
5287220211217 32.4 14.4  0.009999-99.9-99.9-99.9-99.9-9.9 9916.9 55 14.8   0  0.0-9.9-9.9
5287220211218 32.6 16.4  0.009999-99.9-99.9-99.9-99.9-9.9 9917.9 52 15.7   0  0.0-9.9-9.9
5287220211219 36.7 15.8  0.009999-99.9-99.9-99.9-99.9-9.9 9920.9 53 18.1   0  0.0-9.9-9.9
5287220211220 34.7 18.4  2.819999-99.9-99.9-99.9-99.9-9.9 9921.0 65 18.2   0  0.0-9.9-9.9
5287220211221 31.3 18.7  0.009999-99.9-99.9-99.9-99.9-9.9 9923.4 75 19.9   0  0.0-9.9-9.9
5287220211222 33.8 14.4  0.009999-99.9-99.9-99.9-99.9-9.9 9919.5 58 17.1   0  0.0-9.9-9.9
5287220211223 36.5 16.7  0.009999-99.9-99.9-99.9-99.9-9.9 9919.5 51 17.0   0  0.0-9.9-9.9
5287220211224 38.8 17.0  5.019999-99.9-99.9-99.9-99.9-9.9 9920.3 60 17.6   0  0.0-9.9-9.9
5287220211225 32.8 17.5  0.219999-99.9-99.9-99.9-99.9-9.9 9919.5 65 17.0   0  0.0-9.9-9.9
5287220211226 38.1 14.8  0.009999-99.9-99.9-99.9-99.9-9.9 9917.1 45 14.9   0  0.0-9.9-9.9
5287220211227 35.2 16.1  0.009999-99.9-99.9-99.9-99.9-9.9 9920.2 58 17.6   0  0.0-9.9-9.9
5287220211228 41.7 19.4  0.009999-99.9-99.9-99.9-99.9-9.9 9920.3 53 17.6   0  0.0-9.9-9.9
5287220211229 41.2 17.5  0.009999-99.9-99.9-99.9-99.9-9.9 9917.5 35 15.3   0  0.0-9.9-9.9
5287220211230 34.3 20.3  0.009999-99.9-99.9-99.9-99.9-9.9 9918.1 55 15.8   0  0.0-9.9-9.9
5287220211231 37.1 15.2  2.019999-99.9-99.9-99.9-99.9-9.9 9918.9 52 16.5   0  0.0-9.9-9.9
5287220220101 30.8 19.7  1.019999-99.9-99.9-99.9-99.9-9.9 9922.3 83 19.2   0  0.0-9.9-9.9
5287220220102 38.5 17.6  0.009999-99.9-99.9-99.9-99.9-9.9 9921.5 52 18.6 -99-99.9-9.9-9.9
5287220220103 37.2 16.8  0.009999-99.9-99.9-99.9-99.9-9.9 9920.4 49 17.7   0  0.0-9.9-9.9
5287220220104 34.2 21.8  0.009999-99.9-99.9-99.9-99.9-9.9 9916.5 44 13.9   0  0.0-9.9-9.9
5287220220105 29.8  9.2  0.009999-99.9-99.9-99.9-99.9-9.9 9911.6 45  9.1   0  0.0-9.9-9.9
5287220220106 33.0 11.3  0.009999-99.9-99.9-99.9-99.9-9.9 9912.4 36 10.0   0  0.0-9.9-9.9
5287220220107 33.7 14.3  0.009999-99.9-99.9-99.9-99.9-9.9 9916.1 44 14.1   0  0.0-9.9-9.9
5287220220108 33.7 17.0  0.009999-99.9-99.9-99.9-99.9-9.9 9917.9 47 15.6   0  0.0-9.9-9.9
5287220220109 36.2 17.1  0.009999-99.9-99.9-99.9-99.9-9.9 9917.8 46 15.5   0  0.0-9.9-9.9
5287220220110 37.7 14.0  0.009999-99.9-99.9-99.9-99.9-9.9 9918.8 51 16.4   0  0.0-9.9-9.9
5287220220111 42.7 20.5  0.009999-99.9-99.9-99.9-99.9-9.9 9918.8 35 16.4   2  1.2-9.9-9.9
5287220220112 39.8 15.9  0.009999-99.9-99.9-99.9-99.9-9.9 9915.5 41 13.4   4  3.2-9.9-9.9
5287220220113 43.1 18.8  0.009999-99.9-99.9-99.9-99.9-9.9 9916.2 37 14.1   3  2.1-9.9-9.9
5287220220114 44.5 19.4  0.009999-99.9-99.9-99.9-99.9-9.9 9916.8 35 14.7   3  2.2-9.9-9.9
5287220220115 43.7 21.7  0.519999-99.9-99.9-99.9-99.9-9.9 9922.3 46 19.1   3  2.5-9.9-9.9
5287220220116 36.9 20.1  6.819999-99.9-99.9-99.9-99.9-9.9 9923.9 74 20.1   4  3.2-9.9-9.9
5287220220117 21.9 15.3  0.009999-99.9-99.9-99.9-99.9-9.9 9916.6 75 14.4  10  7.9-9.9-9.9
5287220220118 21.9 14.2  4.019999-99.9-99.9-99.9-99.9-9.9 9920.5 99 17.7   7  5.2-9.9-9.9
5287220220119 28.4 19.7 16.519999-99.9-99.9-99.9-99.9-9.9 9925.1 84 21.2   6  4.9-9.9-9.9
5287220220120 29.0 20.9 69.019999-99.9-99.9-99.9-99.9-9.9 9926.6 87 22.1   4  3.4-9.9-9.9
5287220220121 25.9 20.0 10.519999-99.9-99.9-99.9-99.9-9.9 9925.7100 21.5   4  3.1-9.9-9.9
5287220220122 20.8 19.4  0.519999-99.9-99.9-99.9-99.9-9.9 9923.4100 20.0   3  2.4-9.9-9.9
5287220220123 31.5 18.1  0.219999-99.9-99.9-99.9-99.9-9.9 9925.2 88 21.1   1  0.8-9.9-9.9
5287220220124 34.1 19.3  0.009999-99.9-99.9-99.9-99.9-9.9 9926.8 75 22.2   1  0.9-9.9-9.9
5287220220125 35.0 21.2 32.019999-99.9-99.9-99.9-99.9-9.9 9929.1 76 23.6   1  0.9-9.9-9.9
5287220220126 26.4 18.9  4.819999-99.9-99.9-99.9-99.9-9.9 9922.3 82 18.7   6  4.6-9.9-9.9
5287220220127 25.4 10.4  0.009999-99.9-99.9-99.9-99.9-9.9 9915.0 74 13.0   3  2.7-9.9-9.9
5287220220128 28.6 11.6  0.009999-99.9-99.9-99.9-99.9-9.9 9916.5 65 14.4   2  1.3-9.9-9.9
5287220220129 31.7 13.0  0.009999-99.9-99.9-99.9-99.9-9.9 9918.9 69 16.5   2  1.4-9.9-9.9
5287220220130 33.3 17.1  0.009999-99.9-99.9-99.9-99.9-9.9 9921.6 66 18.7   3  2.1-9.9-9.9
5287220220131 27.6 13.0  0.009999-99.9-99.9-99.9-99.9-9.9 9913.6 58 11.4   4  2.8-9.9-9.9
5287220220201 32.8 12.6  0.009999-99.9-99.9-99.9-99.9-9.9 9917.5 64 15.1   2  1.9-9.9-9.9
5287220220202 31.8 17.2 29.219999-99.9-99.9-99.9-99.9-9.9 9923.6 85 19.9   2  1.3-9.9-9.9
5287220220203 30.4 19.1  0.009999-99.9-99.9-99.9-99.9-9.9 9924.3 87 20.6   2  1.3-9.9-9.9
5287220220204 30.6 18.6  0.219999-99.9-99.9-99.9-99.9-9.9 9923.7 79 20.2   2  1.3-9.9-9.9
5287220220205 25.0 16.0  0.219999-99.9-99.9-99.9-99.9-9.9 9918.3 82 16.1   6  5.0-9.9-9.9
5287220220206 24.4 10.7  0.009999-99.9-99.9-99.9-99.9-9.9 9916.1 77 14.0   5  3.8-9.9-9.9
5287220220207 26.7 12.3  0.009999-99.9-99.9-99.9-99.9-9.9 9916.2 69 14.2   3  2.2-9.9-9.9
5287220220208 28.5 11.9  0.009999-99.9-99.9-99.9-99.9-9.9 9916.8 66 14.7   1  1.2-9.9-9.9
5287220220209 30.9 13.0  0.009999-99.9-99.9-99.9-99.9-9.9 9918.3 69 16.0   2  1.4-9.9-9.9
5287220220210 33.5 16.5  0.009999-99.9-99.9-99.9-99.9-9.9 9920.5 65 17.8   2  1.7-9.9-9.9
5287220220211 21.8 13.3  4.519999-99.9-99.9-99.9-99.9-9.9 9918.5 94 16.1   4  3.0-9.9-9.9
5287220220212 24.5  9.3  0.219999-99.9-99.9-99.9-99.9-9.9 9913.2 74 11.0   4  3.3-9.9-9.9
5287220220213 29.1  8.0  0.009999-99.9-99.9-99.9-99.9-9.9 9914.1 62 11.9   2  1.4-9.9-9.9
5287220220214 33.4 12.6  0.009999-99.9-99.9-99.9-99.9-9.9 9917.3 62 15.2   2  1.4-9.9-9.9
5287220220215 35.6 16.2  0.009999-99.9-99.9-99.9-99.9-9.9 9919.7 61 17.2   2  1.7-9.9-9.9
5287220220216 37.6 15.6  0.009999-99.9-99.9-99.9-99.9-9.9 9919.9 53 17.4   3  2.1-9.9-9.9
5287220220217 26.6 12.6  0.009999-99.9-99.9-99.9-99.9-9.9 9913.4 58 11.2   5  4.2-9.9-9.9
5287220220218 28.5  9.2  0.009999-99.9-99.9-99.9-99.9-9.9 9916.2 69 14.1   4  2.8-9.9-9.9
5287220220219 32.3 14.7 13.019999-99.9-99.9-99.9-99.9-9.9 9921.3 70 18.4   3  2.3-9.9-9.9
5287220220220-99.9-99.9-99.999999-99.9-99.9-99.9-99.9-9.9 9921.6 94 18.7 -99-99.9-9.9-9.9
5287220220221 27.5 15.1  0.519999-99.9-99.9-99.9-99.9-9.9 9919.7 85 17.2   4  3.2-9.9-9.9
5287220220222-99.9-99.9-99.999999-99.9-99.9-99.9-99.9-9.9 99-9.9-99-99.9 -99-99.9-9.9-9.9
5287220220223-99.9-99.9-99.999999-99.9-99.9-99.9-99.9-9.9 99-9.9-99-99.9 -99-99.9-9.9-9.9
5287220220224-99.9-99.9  0.519999-99.9-99.9-99.9-99.9-9.9 9920.8 86 18.0   3  2.2-9.9-9.9
5287220220225 33.2 13.4  1.519999-99.9-99.9-99.9-99.9-9.9 9919.2 66 16.8   2  1.5-9.9-9.9
5287220220226 28.2 15.9  2.019999-99.9-99.9-99.9-99.9-9.9 9923.9 89 20.2   2  1.4-9.9-9.9
5287220220227 30.9 19.9  0.519999-99.9-99.9-99.9-99.9-9.9 9926.5 93 22.0   3  2.3-9.9-9.9
5287220220228 26.9 13.4  0.009999-99.9-99.9-99.9-99.9-9.9 9915.0 70 13.0   3  2.6-9.9-9.9
5287220220301 29.4  9.6  0.009999-99.9-99.9-99.9-99.9-9.9 9916.5 72 14.3   3  2.4-9.9-9.9
5287220220302 31.5 16.6  0.009999-99.9-99.9-99.9-99.9-9.9 9917.8 66 15.7   3  2.6-9.9-9.9
5287220220303 31.2 13.1  0.009999-99.9-99.9-99.9-99.9-9.9 9919.7 72 17.1   4  2.9-9.9-9.9
5287220220304 30.7 17.6  0.009999-99.9-99.9-99.9-99.9-9.9 9924.4 88 20.6   1  0.8-9.9-9.9
5287220220305 28.3 17.6  0.009999-99.9-99.9-99.9-99.9-9.9 9923.9 94 20.3   2  2.0-9.9-9.9
5287220220306-99.9-99.9-99.999999-99.9-99.9-99.9-99.9-9.9 9921.5 86 18.6 -99-99.9-9.9-9.9
5287220220307 26.9 13.4  0.009999-99.9-99.9-99.9-99.9-9.9 9917.2 74 15.0   6  4.9-9.9-9.9
5287220220308 29.9 12.6 11.019999-99.9-99.9-99.9-99.9-9.9 9916.1 66 14.1   2  1.8-9.9-9.9
5287220220309 26.0 14.9  0.009999-99.9-99.9-99.9-99.9-9.9 9919.5 90 17.1   1  1.0-9.9-9.9
5287220220310 26.4 14.4  0.009999-99.9-99.9-99.9-99.9-9.9 9916.4 74 14.3   3  2.0-9.9-9.9
5287220220311-99.9-99.9-99.999999-99.9-99.9-99.9-99.9-9.9 99-9.9-99-99.9 -99-99.9-9.9-9.9
5287220220312 26.6  9.6  0.009999-99.9-99.9-99.9-99.9-9.9 9914.4 66 12.4   2  1.3-9.9-9.9
5287220220313 29.0 10.0  0.009999-99.9-99.9-99.9-99.9-9.9 9916.4 71 14.3   1  1.0-9.9-9.9
5287220220314 32.1 13.7  0.009999-99.9-99.9-99.9-99.9-9.9 9918.9 70 16.5   2  1.6-9.9-9.9
5287220220315 32.7 14.6  0.009999-99.9-99.9-99.9-99.9-9.9 9920.7 75 18.0   1  1.0-9.9-9.9
5287220220316 32.0 17.6  0.009999-99.9-99.9-99.9-99.9-9.9 9920.4 68 17.8   3  2.1-9.9-9.9
5287220220317 34.4 14.5  7.819999-99.9-99.9-99.9-99.9-9.9 9920.0 67 17.4   3  2.4-9.9-9.9
5287220220318-99.9-99.9-99.999999-99.9-99.9-99.9-99.9-9.9 99-9.9-99-99.9 -99-99.9-9.9-9.9
5287220220319 24.7  5.6  0.009999-99.9-99.9-99.9-99.9-9.9 9911.0 67  8.2   1  1.0-9.9-9.9
5287220220320 24.1  8.1  0.009999-99.9-99.9-99.9-99.9-9.9 9913.1 74 10.9   5  3.6-9.9-9.9
5287220220321 19.6 12.8  3.219999-99.9-99.9-99.9-99.9-9.9 9915.9 93 13.8   5  3.7-9.9-9.9
5287220220322 30.0 12.3  0.009999-99.9-99.9-99.9-99.9-9.9 9919.7 84 17.2   1  0.8-9.9-9.9
5287220220323 27.2 15.8 20.019999-99.9-99.9-99.9-99.9-9.9 9923.2 96 19.7   2  1.9-9.9-9.9
5287220220324 21.4  9.8  7.819999-99.9-99.9-99.9-99.9-9.9 9913.7100 11.5   7  5.4-9.9-9.9
5287220220325 22.0  7.2  1.819999-99.9-99.9-99.9-99.9-9.9 9918.3 99 15.8   8  6.2-9.9-9.9
5287220220326 22.9 14.9  0.009999-99.9-99.9-99.9-99.9-9.9 9918.5 92 16.2   5  4.2-9.9-9.9
5287220220327 31.3 11.5  0.009999-99.9-99.9-99.9-99.9-9.9 9916.2 72 14.1   2  1.8-9.9-9.9
5287220220328 30.5 12.4  0.009999-99.9-99.9-99.9-99.9-9.9 9917.5 65 15.3   2  1.8-9.9-9.9
5287220220329-99.9-99.9-99.999999-99.9-99.9-99.9-99.9-9.9 99-9.9-99-99.9 -99-99.9-9.9-9.9
5287220220330 18.4  5.9  0.009999-99.9-99.9-99.9-99.9-9.9 99 9.1 69  5.6   5  4.4-9.9-9.9
5287220220331-99.9-99.9-99.999999-99.9-99.9-99.9-99.9-9.9 99-9.9-99-99.9 -99-99.9-9.9-9.9
5287220220401-99.9-99.9-99.999999-99.9-99.9-99.9-99.9-9.9 99-9.9-99-99.9 -99-99.9-9.9-9.9
5287220220402-99.9-99.9-99.999999-99.9-99.9-99.9-99.9-9.9 99-9.9-99-99.9 -99-99.9-9.9-9.9
5287220220403-99.9-99.9-99.999999-99.9-99.9-99.9-99.9-9.9 99-9.9-99-99.9 -99-99.9-9.9-9.9
5287220220404-99.9-99.9  0.009999-99.9-99.9-99.9-99.9-9.9 99 9.3 54  5.8   2  1.3-9.9-9.9
5287220220405-99.9-99.9-99.999999-99.9-99.9-99.9-99.9-9.9 99-9.9-99-99.9 -99-99.9-9.9-9.9
5287220220406 30.4 10.0  0.009999-99.9-99.9-99.9-99.9-9.9 9916.0 69 13.8   2  1.6-9.9-9.9
5287220220407 29.5 11.2  0.009999-99.9-99.9-99.9-99.9-9.9 9919.0 75 16.6   2  1.6-9.9-9.9
5287220220408 23.1 15.3  0.009999-99.9-99.9-99.9-99.9-9.9 9918.6 93 16.4   3  2.3-9.9-9.9
5287220220409 27.6 14.0  0.009999-99.9-99.9-99.9-99.9-9.9 9918.4 86 16.1   3  2.6-9.9-9.9
5287220220410 27.3 15.8 10.219999-99.9-99.9-99.9-99.9-9.9 9921.0100 18.2   4  3.6-9.9-9.9
5287220220411 21.9 11.6  0.219999-99.9-99.9-99.9-99.9-9.9 9917.0 98 14.8   4  2.9-9.9-9.9
5287220220412 21.2  8.2  0.009999-99.9-99.9-99.9-99.9-9.9 9911.2 78  8.5   5  4.2-9.9-9.9
5287220220413-99.9-99.9-99.999999-99.9-99.9-99.9-99.9-9.9 99-9.9-99-99.9 -99-99.9-9.9-9.9
5287220220414-99.9-99.9-99.999999-99.9-99.9-99.9-99.9-9.9 99-9.9-99-99.9 -99-99.9-9.9-9.9
5287220220415-99.9-99.9  0.009999-99.9-99.9-99.9-99.9-9.9 9912.1 72  9.6   2  1.3-9.9-9.9
5287220220416 26.6  7.8  0.009999-99.9-99.9-99.9-99.9-9.9 9913.8 80 11.6   2  1.2-9.9-9.9
5287220220417 23.0 11.7  0.009999-99.9-99.9-99.9-99.9-9.9 9916.0 94 13.9   1  1.0-9.9-9.9
5287220220418 26.4 10.2  0.009999-99.9-99.9-99.9-99.9-9.9 9915.4 79 13.4   2  1.6-9.9-9.9
5287220220419 27.9 10.4  0.009999-99.9-99.9-99.9-99.9-9.9 9915.8 78 13.7   1  0.9-9.9-9.9
5287220220420 27.8 11.5 12.019999-99.9-99.9-99.9-99.9-9.9 9916.6 82 14.5   2  1.6-9.9-9.9
5287220220421 22.9  8.1  0.009999-99.9-99.9-99.9-99.9-9.9 9912.4 77 10.1   2  1.5-9.9-9.9
5287220220422 20.7  7.8  0.009999-99.9-99.9-99.9-99.9-9.9 9911.7 79  9.2   3  2.6-9.9-9.9
5287220220423 26.3  5.8  0.009999-99.9-99.9-99.9-99.9-9.9 9911.6 62  9.1   4  3.4-9.9-9.9
5287220220424 28.0 12.0  0.009999-99.9-99.9-99.9-99.9-9.9 9914.5 61 12.5   4  3.1-9.9-9.9
5287220220425 24.5 12.5  0.009999-99.9-99.9-99.9-99.9-9.9 9913.3 60 10.8   5  4.1-9.9-9.9
5287220220426 25.5 10.9 21.219999-99.9-99.9-99.9-99.9-9.9 9921.5 94 18.4   5  3.6-9.9-9.9
5287220220427-99.9-99.9-99.999999-99.9-99.9-99.9-99.9-9.9 99-9.9-99-99.9 -99-99.9-9.9-9.9
5287220220428-99.9-99.9-99.999999-99.9-99.9-99.9-99.9-9.9 99 8.2 68  4.0 -99-99.9-9.9-9.9
5287220220429-99.9-99.9-99.999999-99.9-99.9-99.9-99.9-9.9 99-9.9-99-99.9 -99-99.9-9.9-9.9
5287220220430 15.2  1.1  0.009999-99.9-99.9-99.9-99.9-9.9 99 9.2 78  5.6   1  0.8-9.9-9.9
5287220220501 19.9  2.0  0.009999-99.9-99.9-99.9-99.9-9.9 99 9.7 73  6.4   3  2.6-9.9-9.9
5287220220502-99.9-99.9-99.999999-99.9-99.9-99.9-99.9-9.9 99-9.9-99-99.9 -99-99.9-9.9-9.9
5287220220503-99.9-99.9-99.999999-99.9-99.9-99.9-99.9-9.9 99-9.9-99-99.9 -99-99.9-9.9-9.9
5287220220504-99.9-99.9-99.999999-99.9-99.9-99.9-99.9-9.9 99-9.9-99-99.9 -99-99.9-9.9-9.9
5287220220505-99.9-99.9-99.999999-99.9-99.9-99.9-99.9-9.9 9911.7 84  9.2 -99-99.9-9.9-9.9
5287220220506 27.5  7.3  0.009999-99.9-99.9-99.9-99.9-9.9 9913.9 74 11.7   2  1.8-9.9-9.9
5287220220507-99.9-99.9-99.999999-99.9-99.9-99.9-99.9-9.9 9915.5 82 13.4 -99-99.9-9.9-9.9
5287220220508 26.5 10.6  0.009999-99.9-99.9-99.9-99.9-9.9 9914.9 79 12.8   2  1.8-9.9-9.9
5287220220509 24.2  9.1  0.009999-99.9-99.9-99.9-99.9-9.9 9914.4 79 12.3   2  1.3-9.9-9.9
5287220220510 19.9 11.9  0.009999-99.9-99.9-99.9-99.9-9.9 9915.4 91 13.4   2  2.0-9.9-9.9
5287220220511-99.9-99.9-99.999999-99.9-99.9-99.9-99.9-9.9 99-9.9-99-99.9 -99-99.9-9.9-9.9
5287220220512-99.9-99.9-99.999999-99.9-99.9-99.9-99.9-9.9 99-9.9-99-99.9 -99-99.9-9.9-9.9
5287220220513-99.9-99.9  0.009999-99.9-99.9-99.9-99.9-9.9 9913.0 84 10.8   2  1.7-9.9-9.9
5287220220514 19.7  2.4  0.009999-99.9-99.9-99.9-99.9-9.9 99 8.2 70  4.1   4  3.2-9.9-9.9
5287220220515-99.9-99.9-99.999999-99.9-99.9-99.9-99.9-9.9 99 9.0 79  5.4 -99-99.9-9.9-9.9
5287220220516 17.0  8.7  0.009999-99.9-99.9-99.9-99.9-9.9 9910.6 78  7.7  13 10.5-9.9-9.9
5287220220517 16.3  6.0  0.009999-99.9-99.9-99.9-99.9-9.9 9910.4 80  7.5  13 10.1-9.9-9.9
5287220220518 14.9  3.2  0.009999-99.9-99.9-99.9-99.9-9.9 99 8.6 85  4.8   4  3.3-9.9-9.9
5287220220519 18.5 -1.5  0.009999-99.9-99.9-99.9-99.9-9.9 99 8.9 84  5.0   1  1.1-9.9-9.9
5287220220520 22.1  2.6  0.009999-99.9-99.9-99.9-99.9-9.9 9910.3 79  7.3   3  2.1-9.9-9.9
5287220220521 22.9  4.6  0.009999-99.9-99.9-99.9-99.9-9.9 9910.0 72  6.8   2  2.0-9.9-9.9
5287220220522 22.5  1.7  0.009999-99.9-99.9-99.9-99.9-9.9 9911.1 79  8.1   2  1.6-9.9-9.9
5287220220523 20.6  8.1  0.009999-99.9-99.9-99.9-99.9-9.9 9913.5 87 11.4   1  1.0-9.9-9.9
5287220220524 14.0  7.8  6.519999-99.9-99.9-99.9-99.9-9.9 9912.5 95 10.2   4  3.1-9.9-9.9
5287220220525 11.2  4.7  3.219999-99.9-99.9-99.9-99.9-9.9 9911.0100  8.3   5  3.9-9.9-9.9
5287220220526 13.8  0.5  0.009999-99.9-99.9-99.9-99.9-9.9 99 8.4 81  4.3   3  2.8-9.9-9.9
5287220220527 17.0  3.9  0.009999-99.9-99.9-99.9-99.9-9.9 99 9.7 87  6.6   2  1.5-9.9-9.9
5287220220528 15.6  5.2  0.009999-99.9-99.9-99.9-99.9-9.9 9910.9 90  8.2   1  0.8-9.9-9.9
5287220220529 12.3 -0.1  0.009999-99.9-99.9-99.9-99.9-9.9 99 6.8 77  1.2   7  5.9-9.9-9.9
5287220220530 12.7 -1.1  0.009999-99.9-99.9-99.9-99.9-9.9 99 6.3 80  0.4   5  3.9-9.9-9.9
5287220220531 13.6 -4.8  0.009999-99.9-99.9-99.9-99.9-9.9 99 6.1 80 -0.2   1  0.8-9.9-9.9
5287220220601 15.4 -0.7  0.009999-99.9-99.9-99.9-99.9-9.9 99 7.1 78  2.1   1  0.9-9.9-9.9
5287220220602 15.9 -3.6  0.009999-99.9-99.9-99.9-99.9-9.9 99 6.8 75  1.3   1  1.1-9.9-9.9
5287220220603 14.6 -0.7  0.009999-99.9-99.9-99.9-99.9-9.9 99 7.9 77  3.5   2  1.9-9.9-9.9
5287220220604 15.2  2.8  0.009999-99.9-99.9-99.9-99.9-9.9 99 9.4 87  6.1   2  1.7-9.9-9.9
5287220220605 16.0  1.1  0.009999-99.9-99.9-99.9-99.9-9.9 99 9.0 93  5.0   1  0.8-9.9-9.9
5287220220606 19.6 -1.3  0.009999-99.9-99.9-99.9-99.9-9.9 99 9.1 85  5.1   1  1.0-9.9-9.9
5287220220607 19.4  3.9  0.009999-99.9-99.9-99.9-99.9-9.9 9910.7 86  7.8   3  2.2-9.9-9.9
5287220220608  9.7  5.8  0.009999-99.9-99.9-99.9-99.9-9.9 9910.4100  7.6   2  1.3-9.9-9.9
5287220220609 14.2  6.5  0.009999-99.9-99.9-99.9-99.9-9.9 99 9.9 89  6.6   5  4.0-9.9-9.9
5287220220610 12.0 -3.1  0.009999-99.9-99.9-99.9-99.9-9.9 99 5.6 68 -1.2   6  4.9-9.9-9.9
5287220220611 19.0 -0.4  0.009999-99.9-99.9-99.9-99.9-9.9 99 6.2 63  0.1   3  2.3-9.9-9.9
5287220220612 23.4  0.2  0.009999-99.9-99.9-99.9-99.9-9.9 99 8.4 64  4.4   1  1.2-9.9-9.9
5287220220613 21.6  3.6  0.009999-99.9-99.9-99.9-99.9-9.9 99 8.7 68  5.0   3  2.1-9.9-9.9
5287220220614 19.2  6.1  0.009999-99.9-99.9-99.9-99.9-9.9 99 9.9 77  6.9   3  2.3-9.9-9.9
5287220220615 19.6  1.2  0.009999-99.9-99.9-99.9-99.9-9.9 9910.1 86  6.8   1  0.9-9.9-9.9
5287220220616  7.7  2.5  0.009999-99.9-99.9-99.9-99.9-9.9 99 9.0100  5.3   4  3.1-9.9-9.9
5287220220617 12.4  2.8  0.009999-99.9-99.9-99.9-99.9-9.9 99 6.7 69  1.0   8  6.2-9.9-9.9
5287220220618 17.5 -1.3  0.009999-99.9-99.9-99.9-99.9-9.9 99 6.2 63 -0.1   4  3.0-9.9-9.9
5287220220619-99.9-99.9-99.999999-99.9-99.9-99.9-99.9-9.9 99-9.9-99-99.9 -99-99.9-9.9-9.9
5287220220620 15.7  1.2  0.009999-99.9-99.9-99.9-99.9-9.9 99 9.0 81  5.4   2  1.9-9.9-9.9
5287220220621 14.3  2.2  0.009999-99.9-99.9-99.9-99.9-9.9 99 8.5 82  4.4   7  5.6-9.9-9.9
5287220220622  9.6 -0.9  0.009999-99.9-99.9-99.9-99.9-9.9 99 6.6 81  1.0   5  4.0-9.9-9.9
5287220220623 11.5 -2.1  0.009999-99.9-99.9-99.9-99.9-9.9 99 6.5 85  0.8   2  1.5-9.9-9.9
5287220220624 12.9 -2.2  0.009999-99.9-99.9-99.9-99.9-9.9 99 7.3 86  2.4   3  2.3-9.9-9.9
5287220220625 10.5 -1.7  0.009999-99.9-99.9-99.9-99.9-9.9 99 7.2 87  2.2   3  2.0-9.9-9.9
5287220220626 10.9 -2.3  0.009999-99.9-99.9-99.9-99.9-9.9 99 8.3 89  3.9   2  1.5-9.9-9.9
5287220220627 15.4  4.4  0.009999-99.9-99.9-99.9-99.9-9.9 99 9.8 88  6.7   2  1.6-9.9-9.9
5287220220628 21.2  6.8  0.009999-99.9-99.9-99.9-99.9-9.9 99 9.4 65  6.0   3  2.5-9.9-9.9
5287220220629 21.3  6.0  0.009999-99.9-99.9-99.9-99.9-9.9 99 9.4 65  6.1   5  3.8-9.9-9.9
5287220220630 18.1  2.8  0.009999-99.9-99.9-99.9-99.9-9.9 99 8.4 74  4.4   2  1.7-9.9-9.9
5287220220701 10.9  1.4  1.519999-99.9-99.9-99.9-99.9-9.9 99 9.2 99  5.5   2  2.0-9.9-9.9
5287220220702 14.8  2.3  0.009999-99.9-99.9-99.9-99.9-9.9 99 8.1 77  3.8   4  3.2-9.9-9.9
5287220220703-99.9-99.9-99.999999-99.9-99.9-99.9-99.9-9.9 99-9.9-99-99.9 -99-99.9-9.9-9.9
5287220220704-99.9-99.9  0.009999-99.9-99.9-99.9-99.9-9.9 99 9.7 92  6.4   3  2.6-9.9-9.9
5287220220705 16.5 -1.5  0.009999-99.9-99.9-99.9-99.9-9.9 99 8.8 89  4.6   1  1.1-9.9-9.9
5287220220706 13.6  4.2  0.009999-99.9-99.9-99.9-99.9-9.9 9912.5 98 10.1   4  2.9-9.9-9.9
5287220220707 15.8  2.8  0.009999-99.9-99.9-99.9-99.9-9.9 99 6.4 55  0.3   5  4.1-9.9-9.9
5287220220708 15.4 -2.9  0.009999-99.9-99.9-99.9-99.9-9.9 99 6.2 61  0.1   4  3.1-9.9-9.9
5287220220709 18.5  9.1  0.009999-99.9-99.9-99.9-99.9-9.9 9912.7 86 10.2   4  3.2-9.9-9.9
5287220220710 21.0  9.9  0.009999-99.9-99.9-99.9-99.9-9.9 9911.6 70  8.8   9  6.9-9.9-9.9
5287220220711-99.9-99.9-99.999999-99.9-99.9-99.9-99.9-9.9 99-9.9-99-99.9 -99-99.9-9.9-9.9
5287220220712-99.9-99.9  0.009999-99.9-99.9-99.9-99.9-9.9 99-9.9 73-99.9 -99-99.9-9.9-9.9
5287220220713 18.9  1.2  0.009999-99.9-99.9-99.9-99.9-9.9 99 8.6 74  4.7   4  2.9-9.9-9.9
5287220220714 18.0  5.5  0.009999-99.9-99.9-99.9-99.9-9.9 9911.3 85  8.6   4  2.9-9.9-9.9
5287220220715 12.6  5.8  0.009999-99.9-99.9-99.9-99.9-9.9 9910.8 95  8.1   7  5.8-9.9-9.9
5287220220716 10.9  2.4  0.009999-99.9-99.9-99.9-99.9-9.9 99 9.1 87  5.4  11  8.7-9.9-9.9
5287220220717 17.0 -0.9  0.009999-99.9-99.9-99.9-99.9-9.9 99 7.1 70  1.9   4  3.5-9.9-9.9
5287220220718 16.1  2.9  0.009999-99.9-99.9-99.9-99.9-9.9 99 7.6 75  3.0   3  2.7-9.9-9.9
5287220220719 19.3 -0.2  1.219999-99.9-99.9-99.9-99.9-9.9 99 7.2 65  2.2   2  1.7-9.9-9.9
5287220220720 21.8  4.4  0.009999-99.9-99.9-99.9-99.9-9.9 9910.3 76  7.4   2  1.8-9.9-9.9
5287220220721 19.6  3.5  0.009999-99.9-99.9-99.9-99.9-9.9 99 9.9 74  6.8   3  2.5-9.9-9.9
5287220220722 18.9  0.5  0.009999-99.9-99.9-99.9-99.9-9.9 99 9.7 81  6.3   3  2.1-9.9-9.9
5287220220723 16.9  4.4  2.019999-99.9-99.9-99.9-99.9-9.9 9914.0100 11.6   2  1.9-9.9-9.9
5287220220724 17.5 11.3  0.819999-99.9-99.9-99.9-99.9-9.9 9914.7 93 12.7   7  5.3-9.9-9.9
5287220220725 14.0  9.8  0.519999-99.9-99.9-99.9-99.9-9.9 9914.1100 12.0   7  5.8-9.9-9.9
5287220220726 21.1 14.0-99.999999-99.9-99.9-99.9-99.9-9.9 9918.8 97 16.5   4  3.2-9.9-9.9
5287220220727-99.9-99.9-99.999999-99.9-99.9-99.9-99.9-9.9 99-9.9-99-99.9 -99-99.9-9.9-9.9
5287220220728-99.9-99.9  0.009999-99.9-99.9-99.9-99.9-9.9 99-9.9 85-99.9 -99-99.9-9.9-9.9
5287220220729 21.6  2.6  0.009999-99.9-99.9-99.9-99.9-9.9 99 8.9 70  5.2   3  2.5-9.9-9.9
5287220220730 23.6  2.9  0.009999-99.9-99.9-99.9-99.9-9.9 99 9.1 63  5.6   2  1.5-9.9-9.9
5287220220731 22.4  7.7  0.009999-99.9-99.9-99.9-99.9-9.9 9911.3 75  8.7   2  1.8-9.9-9.9
5287220220801 21.3  4.1  0.009999-99.9-99.9-99.9-99.9-9.9 9911.5 78  8.9   2  1.8-9.9-9.9
5287220220802 18.3  2.4  0.009999-99.9-99.9-99.9-99.9-9.9 9911.7 90  9.1   4  2.9-9.9-9.9
5287220220803 14.6  7.4  0.009999-99.9-99.9-99.9-99.9-9.9 9912.3 97 10.0   5  4.3-9.9-9.9
5287220220804 13.9  4.9  0.009999-99.9-99.9-99.9-99.9-9.9 9910.1 89  7.0   5  3.9-9.9-9.9
5287220220805 19.2 -0.6  0.009999-99.9-99.9-99.9-99.9-9.9 99 8.1 74  3.9   2  1.7-9.9-9.9
5287220220806 15.7  2.6  0.009999-99.9-99.9-99.9-99.9-9.9 99 8.9 78  5.2   4  3.3-9.9-9.9
5287220220807 14.6  5.1  0.009999-99.9-99.9-99.9-99.9-9.9 99 9.8 83  6.6   6  4.7-9.9-9.9
5287220220808 13.7  2.0  0.009999-99.9-99.9-99.9-99.9-9.9 99 8.7 83  4.9   5  4.1-9.9-9.9
5287220220809 17.6  0.6  0.009999-99.9-99.9-99.9-99.9-9.9 99 8.9 85  5.1   2  1.9-9.9-9.9
5287220220810 18.1  2.4  0.009999-99.9-99.9-99.9-99.9-9.9 99 9.1 79  5.5   2  1.9-9.9-9.9
5287220220811 21.1  1.5  0.009999-99.9-99.9-99.9-99.9-9.9 99 9.6 73  6.2   2  2.0-9.9-9.9
5287220220812 22.4  5.6  0.009999-99.9-99.9-99.9-99.9-9.9 9911.6 72  9.0   2  1.5-9.9-9.9
5287220220813 26.0  6.1  0.009999-99.9-99.9-99.9-99.9-9.9 9912.7 72 10.5   2  1.3-9.9-9.9
5287220220814 26.4  7.3  9.219999-99.9-99.9-99.9-99.9-9.9 9915.4 78 13.2   3  2.2-9.9-9.9
5287220220815 18.4  6.1  0.009999-99.9-99.9-99.9-99.9-9.9 99 9.4 68  5.5   8  6.6-9.9-9.9
5287220220816 18.3  5.6  3.819999-99.9-99.9-99.9-99.9-9.9 99 8.4 66  4.1   4  3.6-9.9-9.9
5287220220817 14.2  4.6  0.009999-99.9-99.9-99.9-99.9-9.9 99 8.9 76  5.0   6  5.0-9.9-9.9
5287220220818 13.4  0.3  0.009999-99.9-99.9-99.9-99.9-9.9 99 6.7 71  1.2   7  6.0-9.9-9.9
5287220220819 21.4  0.8  0.009999-99.9-99.9-99.9-99.9-9.9 99 6.2 50  0.1   4  3.1-9.9-9.9
5287220220820 21.4  1.7  0.009999-99.9-99.9-99.9-99.9-9.9 99 6.3 51  0.3   3  2.3-9.9-9.9
5287220220821 20.0  0.8  0.009999-99.9-99.9-99.9-99.9-9.9 99 8.3 70  4.1   3  2.1-9.9-9.9
5287220220822 19.6  6.1  0.009999-99.9-99.9-99.9-99.9-9.9 9910.0 72  6.9   4  2.8-9.9-9.9
5287220220823 22.7  1.6  0.009999-99.9-99.9-99.9-99.9-9.9 9910.1 75  7.0   2  1.8-9.9-9.9
5287220220824 27.6  6.3  0.009999-99.9-99.9-99.9-99.9-9.9 9912.5 65 10.1   2  1.6-9.9-9.9
5287220220825 28.2 11.1  0.009999-99.9-99.9-99.9-99.9-9.9 9915.6 71 13.4   3  2.3-9.9-9.9
5287220220826 27.7  7.2 14.219999-99.9-99.9-99.9-99.9-9.9 9913.5 68 10.8   4  3.0-9.9-9.9
5287220220827 18.9  5.0  0.009999-99.9-99.9-99.9-99.9-9.9 99 9.8 68  5.8  10  8.1-9.9-9.9
5287220220828 14.7 -2.5  0.009999-99.9-99.9-99.9-99.9-9.9 99 6.3 65  0.3   4  3.1-9.9-9.9
5287220220829 19.8  0.3  0.009999-99.9-99.9-99.9-99.9-9.9 99 6.5 52  0.7   3  2.8-9.9-9.9
5287220220830 22.1  2.6  0.009999-99.9-99.9-99.9-99.9-9.9 99 8.2 58  4.1   3  2.3-9.9-9.9
5287220220831 24.1  7.5  0.009999-99.9-99.9-99.9-99.9-9.9 9913.0 71 10.8   3  2.1-9.9-9.9
5287220220901 24.6 13.6  0.009999-99.9-99.9-99.9-99.9-9.9 9913.7 65 11.3   7  5.3-9.9-9.9
5287220220902 18.1  2.6  0.009999-99.9-99.9-99.9-99.9-9.9 99 8.0 70  3.7   7  5.5-9.9-9.9
5287220220903 23.2 -0.8  0.009999-99.9-99.9-99.9-99.9-9.9 99 6.9 50  1.7   2  1.7-9.9-9.9
5287220220904 26.2  2.7  0.009999-99.9-99.9-99.9-99.9-9.9 99 7.2 49  2.2   3  2.6-9.9-9.9
5287220220905 26.7  6.9  0.009999-99.9-99.9-99.9-99.9-9.9 99 7.1 40  2.0   3  2.3-9.9-9.9
5287220220906 25.6  4.8  0.009999-99.9-99.9-99.9-99.9-9.9 99 9.6 52  6.2   3  2.1-9.9-9.9
5287220220907 29.0  7.3  0.009999-99.9-99.9-99.9-99.9-9.9 9911.3 53  8.7   3  2.3-9.9-9.9
5287220220908 17.8  9.8  0.009999-99.9-99.9-99.9-99.9-9.9 9912.2 89  9.9   9  7.4-9.9-9.9
5287220220909 15.3  1.1  0.009999-99.9-99.9-99.9-99.9-9.9 99 7.7 79  3.2   8  6.2-9.9-9.9
5287220220910 22.2 -1.1  0.009999-99.9-99.9-99.9-99.9-9.9 99 7.1 54  1.9   3  2.2-9.9-9.9
5287220220911 21.0  2.3  0.009999-99.9-99.9-99.9-99.9-9.9 99 7.6 54  3.0   2  1.5-9.9-9.9
5287220220912 23.6  1.4  0.009999-99.9-99.9-99.9-99.9-9.9 99 8.5 55  4.5   2  1.3-9.9-9.9
5287220220913 24.1  2.5  0.009999-99.9-99.9-99.9-99.9-9.9 99 9.3 55  5.9   2  1.6-9.9-9.9
5287220220914 26.9  3.3  0.009999-99.9-99.9-99.9-99.9-9.9 99 9.8 54  6.6   2  1.5-9.9-9.9
5287220220915 26.3  7.4  0.009999-99.9-99.9-99.9-99.9-9.9 9910.1 53  7.1   4  2.8-9.9-9.9
5287220220916 26.1  8.4  0.009999-99.9-99.9-99.9-99.9-9.9 9912.2 62  9.8   5  3.9-9.9-9.9
5287220220917 28.1 12.2  0.009999-99.9-99.9-99.9-99.9-9.9 9914.4 60 12.3   4  3.5-9.9-9.9
5287220220918 27.3 13.9  0.009999-99.9-99.9-99.9-99.9-9.9 9916.2 73 14.1   4  3.0-9.9-9.9
5287220220919 19.9  9.3  0.009999-99.9-99.9-99.9-99.9-9.9 9913.6 86 11.4   8  6.5-9.9-9.9
5287220220920 19.4  0.9  0.009999-99.9-99.9-99.9-99.9-9.9 99 9.1 70  5.4   3  2.5-9.9-9.9
5287220220921 20.1  9.0  0.009999-99.9-99.9-99.9-99.9-9.9 9910.0 73  7.0   4  3.1-9.9-9.9
5287220220922 19.4  3.6  0.009999-99.9-99.9-99.9-99.9-9.9 99 8.9 79  5.2   4  2.8-9.9-9.9
5287220220923 23.1 -1.4  0.009999-99.9-99.9-99.9-99.9-9.9 99 8.4 58  4.3   1  1.1-9.9-9.9
5287220220924 26.1  7.0  0.009999-99.9-99.9-99.9-99.9-9.9 99 9.4 48  6.1   3  2.1-9.9-9.9
5287220220925 23.7  7.2  0.009999-99.9-99.9-99.9-99.9-9.9 9911.2 64  8.6   3  2.0-9.9-9.9
5287220220926 26.3  6.1  0.009999-99.9-99.9-99.9-99.9-9.9 9911.9 67  9.4   2  1.7-9.9-9.9
5287220220927 26.8  7.7  0.009999-99.9-99.9-99.9-99.9-9.9 9910.8 51  8.0   6  4.6-9.9-9.9
5287220220928 21.1  0.7  0.009999-99.9-99.9-99.9-99.9-9.9 99 7.9 52  3.4   4  3.5-9.9-9.9
5287220220929 23.0  4.4  0.009999-99.9-99.9-99.9-99.9-9.9 99 8.3 47  4.2   4  2.8-9.9-9.9
5287220220930 25.0  6.6  0.009999-99.9-99.9-99.9-99.9-9.9 9910.7 58  8.0   2  2.0-9.9-9.9
5287220221001 27.4  6.9  0.009999-99.9-99.9-99.9-99.9-9.9 9911.9 57  9.5   1  1.1-9.9-9.9
5287220221002 28.7 10.6  0.009999-99.9-99.9-99.9-99.9-9.9 9912.1 50  9.7   4  3.5-9.9-9.9
5287220221003-99.9-99.9-99.999999-99.9-99.9-99.9-99.9-9.9 99-9.9-99-99.9 -99-99.9-9.9-9.9
5287220221004-99.9-99.9  0.009999-99.9-99.9-99.9-99.9-9.9 9910.3 54  7.2   5  4.2-9.9-9.9
5287220221005 22.7 10.4  0.009999-99.9-99.9-99.9-99.9-9.9 9913.9 74 11.8   4  3.0-9.9-9.9
5287220221006 26.1 11.3  0.009999-99.9-99.9-99.9-99.9-9.9 9912.8 68 10.5   5  4.2-9.9-9.9
5287220221007 30.7  6.1  3.819999-99.9-99.9-99.9-99.9-9.9 9911.4 48  8.7   3  2.1-9.9-9.9
5287220221008-99.9-99.9-99.999999-99.9-99.9-99.9-99.9-9.9 9910.8 80  7.7 -99-99.9-9.9-9.9
5287220221009 22.7  2.0  0.009999-99.9-99.9-99.9-99.9-9.9 99 7.4 48  2.7   3  2.1-9.9-9.9
5287220221010 25.2  2.5  0.009999-99.9-99.9-99.9-99.9-9.9 99 7.3 39  2.5   2  1.8-9.9-9.9
5287220221011 26.1  5.7  0.009999-99.9-99.9-99.9-99.9-9.9 99 9.1 52  5.4   2  1.5-9.9-9.9
5287220221012 29.1  8.0  0.009999-99.9-99.9-99.9-99.9-9.9 99 9.7 46  6.5   2  2.0-9.9-9.9
5287220221013 19.6  6.7  0.009999-99.9-99.9-99.9-99.9-9.9 99 7.4 48  2.2   7  5.9-9.9-9.9
5287220221014 19.9  3.1  0.009999-99.9-99.9-99.9-99.9-9.9 99 7.2 42  2.1   5  4.2-9.9-9.9
5287220221015 20.4  6.4  0.009999-99.9-99.9-99.9-99.9-9.9 9910.8 74  8.1   3  2.3-9.9-9.9
5287220221016 23.4  2.0  0.009999-99.9-99.9-99.9-99.9-9.9 9911.0 69  8.1   4  3.6-9.9-9.9
5287220221017 23.4  9.8  0.009999-99.9-99.9-99.9-99.9-9.9 9912.3 67 10.0   7  5.6-9.9-9.9
5287220221018 23.2  8.7  0.009999-99.9-99.9-99.9-99.9-9.9 9914.4 73 12.3   5  3.9-9.9-9.9
5287220221019 25.2 10.5  0.009999-99.9-99.9-99.9-99.9-9.9 9916.0 73 14.0   3  2.0-9.9-9.9
5287220221020 28.1 15.6  0.009999-99.9-99.9-99.9-99.9-9.9 9917.9 73 15.7   2  1.8-9.9-9.9
5287220221021 25.6  8.5  9.219999-99.9-99.9-99.9-99.9-9.9 9913.7 68 11.5   7  5.9-9.9-9.9
5287220221022 17.2  8.1  0.009999-99.9-99.9-99.9-99.9-9.9 9910.8 80  8.1   5  3.9-9.9-9.9
5287220221023 23.8  1.4  0.009999-99.9-99.9-99.9-99.9-9.9 9911.0 64  8.1   3  2.5-9.9-9.9
5287220221024 29.9  9.6  0.009999-99.9-99.9-99.9-99.9-9.9 9915.0 60 12.9   3  2.3-9.9-9.9
5287220221025 30.2 14.1 49.519999-99.9-99.9-99.9-99.9-9.9 9917.9 63 15.7   4  3.2-9.9-9.9
5287220221026 23.1 14.7  3.219999-99.9-99.9-99.9-99.9-9.9 9917.3 83 15.1   5  4.0-9.9-9.9
5287220221027 29.1 10.0  0.009999-99.9-99.9-99.9-99.9-9.9 9912.2 54  9.8   3  2.0-9.9-9.9
5287220221028 31.0 12.6  0.009999-99.9-99.9-99.9-99.9-9.9 9914.3 50 12.1   3  2.2-9.9-9.9
5287220221029 28.7 14.9  0.009999-99.9-99.9-99.9-99.9-9.9 9915.4 64 13.3   4  2.8-9.9-9.9
5287220221030-99.9-99.9-99.999999-99.9-99.9-99.9-99.9-9.9 99-9.9-99-99.9 -99-99.9-9.9-9.9
5287220221031-99.9-99.9-99.999999-99.9-99.9-99.9-99.9-9.9 99-9.9-99-99.9 -99-99.9-9.9-9.9
5287220221101-99.9-99.9  0.009999-99.9-99.9-99.9-99.9-9.9 99 8.9 48  5.2 -99-99.9-9.9-9.9
5287220221102 29.7  7.8  0.009999-99.9-99.9-99.9-99.9-9.9 99 9.2 35  5.7   2  1.5-9.9-9.9
5287220221103 30.1  7.2  0.009999-99.9-99.9-99.9-99.9-9.9 9910.8 40  8.1   3  2.6-9.9-9.9
5287220221104 29.2 10.3  0.009999-99.9-99.9-99.9-99.9-9.9 9913.3 49 11.0   5  4.0-9.9-9.9
5287220221105 27.6 10.7  0.009999-99.9-99.9-99.9-99.9-9.9 9913.3 53 11.2   4  3.5-9.9-9.9
5287220221106 29.2 12.7  0.009999-99.9-99.9-99.9-99.9-9.9 9913.7 48 11.6   5  3.7-9.9-9.9
5287220221107 30.1 13.0  0.009999-99.9-99.9-99.9-99.9-9.9 9914.1 47 11.9   4  3.6-9.9-9.9
5287220221108 30.1 11.7  0.009999-99.9-99.9-99.9-99.9-9.9 9913.1 47 10.9   3  2.5-9.9-9.9
5287220221109 31.5 12.2  0.009999-99.9-99.9-99.9-99.9-9.9 9913.8 49 11.6   3  2.4-9.9-9.9
5287220221110 25.9 13.3  0.219999-99.9-99.9-99.9-99.9-9.9 9917.4 84 15.3   2  1.4-9.9-9.9
5287220221111 32.4 13.0 11.819999-99.9-99.9-99.9-99.9-9.9 9917.9 73 15.7   3  2.6-9.9-9.9
5287220221112 26.4 15.3  1.819999-99.9-99.9-99.9-99.9-9.9 9919.6 82 17.2   2  1.8-9.9-9.9
5287220221113 29.1 16.1 26.819999-99.9-99.9-99.9-99.9-9.9 9920.5 94 17.9   5  3.8-9.9-9.9
5287220221114 26.8 14.3  0.009999-99.9-99.9-99.9-99.9-9.9 9916.6 74 14.6   7  5.5-9.9-9.9
5287220221115 31.3 11.4  0.009999-99.9-99.9-99.9-99.9-9.9 9916.3 57 14.2   2  1.9-9.9-9.9
5287220221116 36.3 13.9  0.009999-99.9-99.9-99.9-99.9-9.9 9918.0 40 15.8   2  1.8-9.9-9.9
5287220221117 27.5 19.6  0.009999-99.9-99.9-99.9-99.9-9.9 9919.2 67 16.8   5  4.4-9.9-9.9
5287220221118 34.6 18.6  0.009999-99.9-99.9-99.9-99.9-9.9 9919.1 56 16.7   5  4.1-9.9-9.9
5287220221119 32.5 15.5  0.009999-99.9-99.9-99.9-99.9-9.9 9921.6 63 18.7   1  0.7-9.9-9.9
5287220221120 23.5 16.2  4.219999-99.9-99.9-99.9-99.9-9.9 9919.6 93 17.1   4  3.6-9.9-9.9
5287220221121 20.2 12.5  0.009999-99.9-99.9-99.9-99.9-9.9 9915.3 89 13.3   5  3.9-9.9-9.9
5287220221122 25.0  6.0  0.009999-99.9-99.9-99.9-99.9-9.9 9911.6 63  9.1   2  1.9-9.9-9.9
5287220221123 35.1 11.3  0.009999-99.9-99.9-99.9-99.9-9.9 9913.3 46 11.0   3  2.4-9.9-9.9
5287220221124 35.3 15.0  0.009999-99.9-99.9-99.9-99.9-9.9 9916.7 47 14.5   4  3.2-9.9-9.9
5287220221125 31.6 12.6  0.009999-99.9-99.9-99.9-99.9-9.9 9916.4 57 14.3   7  5.2-9.9-9.9
5287220221126 36.3 16.6  0.009999-99.9-99.9-99.9-99.9-9.9 9919.5 50 17.0   5  4.1-9.9-9.9
5287220221127 34.3 15.9  0.009999-99.9-99.9-99.9-99.9-9.9 9920.4 55 17.7   4  3.6-9.9-9.9
5287220221128 36.7 18.9  0.009999-99.9-99.9-99.9-99.9-9.9 9920.3 45 17.6   3  2.5-9.9-9.9
5287220221129 38.3 20.8  8.219999-99.9-99.9-99.9-99.9-9.9 9919.0 38 16.6   3  2.4-9.9-9.9
5287220221130 29.4 18.6  0.819999-99.9-99.9-99.9-99.9-9.9 9922.7 99 19.5   5  3.8-9.9-9.9
5287220221201 26.6 15.3  0.009999-99.9-99.9-99.9-99.9-9.9 9918.9 80 16.6   6  4.9-9.9-9.9
5287220221202 29.1 11.2  0.009999-99.9-99.9-99.9-99.9-9.9 9914.6 59 12.5   2  1.6-9.9-9.9
5287220221203 33.4 11.2  0.009999-99.9-99.9-99.9-99.9-9.9 9913.5 37 11.3   2  1.5-9.9-9.9
5287220221204 37.4 13.1  0.009999-99.9-99.9-99.9-99.9-9.9 9916.5 47 14.4   1  1.2-9.9-9.9
5287220221205 40.1 15.7  0.009999-99.9-99.9-99.9-99.9-9.9 9915.3 30 13.1   2  1.9-9.9-9.9
5287220221206 39.5 21.7  0.009999-99.9-99.9-99.9-99.9-9.9 9919.3 45 16.9   3  2.0-9.9-9.9
5287220221207 32.8 20.9  0.519999-99.9-99.9-99.9-99.9-9.9 9919.5 58 17.0   3  2.1-9.9-9.9
5287220221208 36.2 18.8  0.009999-99.9-99.9-99.9-99.9-9.9 9919.8 50 17.1   3  2.5-9.9-9.9
5287220221209 40.8 19.5  5.819999-99.9-99.9-99.9-99.9-9.9 9920.7 56 17.9   4  3.0-9.9-9.9
5287220221210 35.0 15.0  0.009999-99.9-99.9-99.9-99.9-9.9 9918.1 52 15.9   3  2.7-9.9-9.9
5287220221211 37.7 18.0  0.009999-99.9-99.9-99.9-99.9-9.9 9919.5 44 16.5   6  4.7-9.9-9.9
5287220221212 30.9  9.8  0.009999-99.9-99.9-99.9-99.9-9.9 9911.1 43  8.4   3  2.5-9.9-9.9
5287220221213 32.3  8.4  0.009999-99.9-99.9-99.9-99.9-9.9 9912.2 44  9.8   1  1.1-9.9-9.9
5287220221214 38.1 15.2  6.219999-99.9-99.9-99.9-99.9-9.9 9914.4 36 12.3   4  3.1-9.9-9.9
5287220221215 31.2 16.9  0.009999-99.9-99.9-99.9-99.9-9.9 9914.2 48 11.7   5  4.0-9.9-9.9
5287220221216 28.9 11.0  0.009999-99.9-99.9-99.9-99.9-9.9 9913.2 53 11.1   5  4.1-9.9-9.9
5287220221217 29.3 11.0  0.009999-99.9-99.9-99.9-99.9-9.9 9912.5 44 10.2   5  3.8-9.9-9.9
5287220221218 31.8 14.2  0.009999-99.9-99.9-99.9-99.9-9.9 9914.8 43 12.7   4  3.4-9.9-9.9
5287220221219 34.4 15.7  0.009999-99.9-99.9-99.9-99.9-9.9 9916.7 43 14.5   4  3.1-9.9-9.9
5287220221220 34.9 16.8  0.009999-99.9-99.9-99.9-99.9-9.9 9918.1 42 15.8   4  3.5-9.9-9.9
5287220221221 35.1 18.1  0.009999-99.9-99.9-99.9-99.9-9.9 9917.3 41 15.1   4  3.5-9.9-9.9
5287220221222 36.5 17.5  0.009999-99.9-99.9-99.9-99.9-9.9 9920.7 55 18.1   3  2.4-9.9-9.9
5287220221223 33.0 19.3 24.519999-99.9-99.9-99.9-99.9-9.9 9922.7 85 19.5   4  3.0-9.9-9.9
5287220221224 26.0 15.2  0.009999-99.9-99.9-99.9-99.9-9.9 9915.9 69 13.8   7  5.9-9.9-9.9
5287220221225 26.4  7.9  0.009999-99.9-99.9-99.9-99.9-9.9 9912.5 60 10.2   3  2.6-9.9-9.9
5287220221226 30.7 10.5  0.009999-99.9-99.9-99.9-99.9-9.9 9914.2 48 12.1   1  1.1-9.9-9.9
5287220221227 34.5 13.9  0.009999-99.9-99.9-99.9-99.9-9.9 9914.4 43 12.4   2  1.7-9.9-9.9
5287220221228 30.4 16.2  0.009999-99.9-99.9-99.9-99.9-9.9 9916.3 60 14.1   5  4.1-9.9-9.9
5287220221229 33.2 11.0  0.009999-99.9-99.9-99.9-99.9-9.9 9914.3 48 12.2   2  1.3-9.9-9.9
5287220221230 39.2 17.8  0.009999-99.9-99.9-99.9-99.9-9.9 9914.9 39 12.9   4  3.4-9.9-9.9
5287220221231 33.5 15.9  3.819999-99.9-99.9-99.9-99.9-9.9 9913.0 34 10.8   6  5.2-9.9-9.9
5287220230101 25.6 16.8  5.219999-99.9-99.9-99.9-99.9-9.9 9920.8 98 18.1   3  2.5-9.9-9.9
5287220230102 30.9 13.8  0.009999-99.9-99.9-99.9-99.9-9.9 9915.9 59 13.9   3  2.4-9.9-9.9
5287220230103 31.0 15.4  0.009999-99.9-99.9-99.9-99.9-9.9 9914.5 51 12.5   4  3.5-9.9-9.9
5287220230104 33.8 11.9  0.009999-99.9-99.9-99.9-99.9-9.9 9915.6 47 13.5   1  1.2-9.9-9.9
5287220230105 37.0 16.0  0.009999-99.9-99.9-99.9-99.9-9.9 9914.4 33 12.3   2  1.4-9.9-9.9
5287220230106 37.2 18.2  0.009999-99.9-99.9-99.9-99.9-9.9 9915.4 35 13.3   4  3.0-9.9-9.9
5287220230107 37.9 19.3  0.009999-99.9-99.9-99.9-99.9-9.9 9917.9 39 15.6   4  3.5-9.9-9.9
5287220230108 37.0 17.5  0.009999-99.9-99.9-99.9-99.9-9.9 9918.9 44 16.5   4  3.2-9.9-9.9
5287220230109 37.2 17.5  0.009999-99.9-99.9-99.9-99.9-9.9 9918.5 43 16.1   3  2.7-9.9-9.9
5287220230110 37.7 16.5  0.519999-99.9-99.9-99.9-99.9-9.9 9919.2 47 16.8   3  2.8-9.9-9.9
5287220230111 28.2 19.1  0.519999-99.9-99.9-99.9-99.9-9.9 9922.2 93 19.1   3  2.4-9.9-9.9
5287220230112 32.0 14.3  0.009999-99.9-99.9-99.9-99.9-9.9 9917.3 68 15.1   1  1.1-9.9-9.9
5287220230113 30.6 12.9  0.009999-99.9-99.9-99.9-99.9-9.9 9912.6 43 10.2   5  4.1-9.9-9.9
5287220230114 35.1 11.6  0.009999-99.9-99.9-99.9-99.9-9.9 9912.3 36 10.0   2  1.4-9.9-9.9
5287220230115 38.0 13.3  0.009999-99.9-99.9-99.9-99.9-9.9 9913.3 35 11.1   2  1.5-9.9-9.9
5287220230116 37.1 15.9  0.009999-99.9-99.9-99.9-99.9-9.9 9919.1 52 16.8   2  1.7-9.9-9.9
5287220230117 40.4 19.5  0.009999-99.9-99.9-99.9-99.9-9.9 9917.8 37 15.6   3  2.8-9.9-9.9
5287220230118 31.0 21.6  0.009999-99.9-99.9-99.9-99.9-9.9 9922.9 65 19.6   4  3.4-9.9-9.9
5287220230119 38.0 18.2  0.009999-99.9-99.9-99.9-99.9-9.9 9921.8 50 18.9   4  2.9-9.9-9.9
5287220230120 29.8 21.3 40.019999-99.9-99.9-99.9-99.9-9.9 9924.6 89 20.8   4  2.8-9.9-9.9
5287220230121 33.9 18.8  0.009999-99.9-99.9-99.9-99.9-9.9 9923.4 80 19.9   2  1.9-9.9-9.9
5287220230122 35.3 16.9  0.009999-99.9-99.9-99.9-99.9-9.9 9921.1 62 18.3   2  1.8-9.9-9.9
5287220230123 34.5 15.2  0.009999-99.9-99.9-99.9-99.9-9.9 9917.6 52 15.4   1  1.2-9.9-9.9
5287220230124 31.5 18.0  0.009999-99.9-99.9-99.9-99.9-9.9 9919.1 61 16.7   3  2.6-9.9-9.9
5287220230125 32.4 15.6  0.009999-99.9-99.9-99.9-99.9-9.9 9921.8 69 18.8   5  3.9-9.9-9.9
5287220230126 36.5 21.4 30.219999-99.9-99.9-99.9-99.9-9.9 9924.8 66 20.9   2  2.0-9.9-9.9
5287220230127 28.6 18.9  0.009999-99.9-99.9-99.9-99.9-9.9 9925.0 89 21.0   2  1.6-9.9-9.9
5287220230128 34.4 18.3  0.009999-99.9-99.9-99.9-99.9-9.9 9924.5 73 20.7   1  1.0-9.9-9.9
5287220230129 31.9 19.4  0.009999-99.9-99.9-99.9-99.9-9.9 9922.3 70 19.0   4  3.0-9.9-9.9
5287220230130 32.6 14.7  0.009999-99.9-99.9-99.9-99.9-9.9 9920.1 66 17.5   3  2.0-9.9-9.9
5287220230131 32.2 17.1  0.009999-99.9-99.9-99.9-99.9-9.9 9922.7 70 19.5   2  1.9-9.9-9.9
5287220230201 28.9 20.1  0.009999-99.9-99.9-99.9-99.9-9.9 9924.1 82 20.5   4  2.9-9.9-9.9
5287220230202 27.9 19.2  4.819999-99.9-99.9-99.9-99.9-9.9 9922.6 82 19.5   3  2.7-9.9-9.9
5287220230203 29.3 17.1  0.009999-99.9-99.9-99.9-99.9-9.9 9919.3 64 16.9   5  3.7-9.9-9.9
5287220230204 30.6 13.0  0.009999-99.9-99.9-99.9-99.9-9.9 9918.7 64 16.4   2  1.4-9.9-9.9
5287220230205 34.6 14.6  0.009999-99.9-99.9-99.9-99.9-9.9 9919.1 60 16.8   2  1.3-9.9-9.9
5287220230206 35.9 16.3  0.009999-99.9-99.9-99.9-99.9-9.9 9919.9 53 17.4   2  1.7-9.9-9.9
5287220230207 38.5 20.6  0.009999-99.9-99.9-99.9-99.9-9.9 9922.5 57 19.3   3  2.2-9.9-9.9
5287220230208 34.4 20.7  0.009999-99.9-99.9-99.9-99.9-9.9 9920.4 65 17.8   3  2.7-9.9-9.9
5287220230209 38.3 16.1  0.009999-99.9-99.9-99.9-99.9-9.9 9920.1 52 17.5   1  1.0-9.9-9.9
5287220230210 39.2 19.1  0.009999-99.9-99.9-99.9-99.9-9.9 9920.1 50 17.5   2  1.6-9.9-9.9
5287220230211 40.1 17.0  0.009999-99.9-99.9-99.9-99.9-9.9 9920.2 48 17.6   2  1.4-9.9-9.9
5287220230212 40.6 21.9  5.219999-99.9-99.9-99.9-99.9-9.9 9922.1 43 19.0   4  2.8-9.9-9.9
5287220230213 33.6 19.1  0.009999-99.9-99.9-99.9-99.9-9.9 9922.3 77 19.1   3  2.5-9.9-9.9
5287220230214 31.8 12.2  0.009999-99.9-99.9-99.9-99.9-9.9 9914.8 54 12.7   3  2.7-9.9-9.9
5287220230215 34.6 12.1  0.009999-99.9-99.9-99.9-99.9-9.9 9916.1 53 14.0   3  2.2-9.9-9.9
5287220230216 23.1  9.8  0.009999-99.9-99.9-99.9-99.9-9.9 9913.5 80 11.1   8  6.4-9.9-9.9
5287220230217-99.9-99.9-99.999999-99.9-99.9-99.9-99.9-9.9 99 9.5 77  6.1 -99-99.9-9.9-9.9
5287220230218 26.4  4.0  0.009999-99.9-99.9-99.9-99.9-9.9 99 9.0 53  5.4   3  2.5-9.9-9.9
5287220230219 29.4  8.9  0.009999-99.9-99.9-99.9-99.9-9.9 99 9.6 46  6.3   3  2.6-9.9-9.9
5287220230220 31.8  9.2  0.009999-99.9-99.9-99.9-99.9-9.9 9911.6 45  9.1   2  1.7-9.9-9.9
5287220230221 34.5 14.3  0.009999-99.9-99.9-99.9-99.9-9.9 9914.9 48 12.8   3  2.3-9.9-9.9
5287220230222 36.2 15.3  0.009999-99.9-99.9-99.9-99.9-9.9 9919.0 51 16.6   3  2.7-9.9-9.9
5287220230223 35.7 14.2  0.009999-99.9-99.9-99.9-99.9-9.9 9919.7 62 17.2   2  1.4-9.9-9.9
5287220230224 36.0 17.5  1.019999-99.9-99.9-99.9-99.9-9.9 9920.5 59 17.8   3  2.1-9.9-9.9
5287220230225 36.4 13.8  0.009999-99.9-99.9-99.9-99.9-9.9 9917.3 53 15.1   3  2.6-9.9-9.9
5287220230226 29.6 10.6  0.009999-99.9-99.9-99.9-99.9-9.9 9913.4 55 11.3   2  1.9-9.9-9.9
5287220230227 34.4 12.2  0.009999-99.9-99.9-99.9-99.9-9.9 9914.5 46 12.4   2  1.2-9.9-9.9
5287220230228 39.8 17.2  0.009999-99.9-99.9-99.9-99.9-9.9 9919.3 49 16.9   2  1.6-9.9-9.9
5287220230301 39.3 19.7  0.009999-99.9-99.9-99.9-99.9-9.9 9920.3 50 17.7   3  2.1-9.9-9.9
5287220230302 40.4 21.0  0.009999-99.9-99.9-99.9-99.9-9.9 9919.7 45 17.1   3  2.2-9.9-9.9
5287220230303 39.5 18.3  0.009999-99.9-99.9-99.9-99.9-9.9 9922.5 54 19.4   2  1.8-9.9-9.9
5287220230304 33.0 21.0  0.009999-99.9-99.9-99.9-99.9-9.9 9923.3 65 20.0   5  4.4-9.9-9.9
5287220230305 37.9 18.2  0.009999-99.9-99.9-99.9-99.9-9.9 9924.4 65 20.6   3  2.2-9.9-9.9
5287220230306 38.8 23.2  0.009999-99.9-99.9-99.9-99.9-9.9 9922.8 50 19.5   3  2.5-9.9-9.9
5287220230307 33.5 17.2  0.009999-99.9-99.9-99.9-99.9-9.9 9918.8 53 16.5   4  2.9-9.9-9.9
5287220230308 34.5 17.0  0.009999-99.9-99.9-99.9-99.9-9.9 9921.2 74 18.3   4  3.0-9.9-9.9
5287220230309 36.0 15.9  0.009999-99.9-99.9-99.9-99.9-9.9 9920.6 62 17.8   3  2.4-9.9-9.9
5287220230310 36.2 19.4  0.009999-99.9-99.9-99.9-99.9-9.9 9922.9 65 19.6   5  3.8-9.9-9.9
5287220230311 41.5 20.6  0.009999-99.9-99.9-99.9-99.9-9.9 9924.0 58 20.4   2  1.7-9.9-9.9
5287220230312 41.1 23.2  0.009999-99.9-99.9-99.9-99.9-9.9 9920.0 39 17.4   3  2.0-9.9-9.9
5287220230313 40.3 20.7  0.009999-99.9-99.9-99.9-99.9-9.9 9922.7 52 19.4   2  1.9-9.9-9.9
5287220230314 37.4 21.6  4.519999-99.9-99.9-99.9-99.9-9.9 9926.0 73 21.7   4  2.9-9.9-9.9
5287220230315 33.8 21.1  0.009999-99.9-99.9-99.9-99.9-9.9 9927.3 81 22.5   2  1.9-9.9-9.9
5287220230316 32.5 20.3  0.009999-99.9-99.9-99.9-99.9-9.9 9925.4 79 21.3   2  1.9-9.9-9.9
5287220230317 35.7 18.3  0.009999-99.9-99.9-99.9-99.9-9.9 9925.4 68 21.3   2  1.8-9.9-9.9
5287220230318 31.6 19.9  9.219999-99.9-99.9-99.9-99.9-9.9 9924.3 77 20.6   6  4.5-9.9-9.9
5287220230319 30.5 19.9  5.819999-99.9-99.9-99.9-99.9-9.9 9925.5 90 21.4   3  2.7-9.9-9.9
5287220230320 26.6 17.0  0.009999-99.9-99.9-99.9-99.9-9.9 9917.3 69 15.0   4  3.1-9.9-9.9
5287220230321 26.7 12.8  0.009999-99.9-99.9-99.9-99.9-9.9 9915.9 64 13.9   4  3.1-9.9-9.9
5287220230322 28.5 13.9  0.009999-99.9-99.9-99.9-99.9-9.9 9914.9 58 12.8   4  3.3-9.9-9.9
5287220230323 27.6 16.7  0.009999-99.9-99.9-99.9-99.9-9.9 9921.2 77 18.4   2  1.5-9.9-9.9
5287220230324 28.9 16.0  0.009999-99.9-99.9-99.9-99.9-9.9 9919.7 73 17.2   3  2.8-9.9-9.9
5287220230325 30.4 17.6  3.819999-99.9-99.9-99.9-99.9-9.9 9921.2 80 18.4   5  3.9-9.9-9.9
5287220230326 23.9  9.4  0.009999-99.9-99.9-99.9-99.9-9.9 9913.5 77 11.4   4  3.0-9.9-9.9
5287220230327 28.7  8.0  0.009999-99.9-99.9-99.9-99.9-9.9 9914.0 60 11.9   2  1.9-9.9-9.9
5287220230328 34.0 17.2  3.519999-99.9-99.9-99.9-99.9-9.9 9917.6 55 15.5   4  2.9-9.9-9.9
5287220230329 25.7 15.7  0.219999-99.9-99.9-99.9-99.9-9.9 9915.3 74 12.9   6  5.0-9.9-9.9
5287220230330 25.7  8.3  0.009999-99.9-99.9-99.9-99.9-9.9 9913.9 66 11.6   3  2.7-9.9-9.9
5287220230331 21.5 10.7  0.009999-99.9-99.9-99.9-99.9-9.9 9911.5 61  8.6   8  6.2-9.9-9.9
5287220230401 26.6  2.1  0.009999-99.9-99.9-99.9-99.9-9.9 99 9.7 60  6.4   2  1.5-9.9-9.9
5287220230402 21.6 12.2  2.819999-99.9-99.9-99.9-99.9-9.9 9915.3 79 13.2   2  1.3-9.9-9.9
5287220230403 23.8 13.4  0.009999-99.9-99.9-99.9-99.9-9.9 9918.5 89 16.2   1  0.8-9.9-9.9
5287220230404 25.4 11.0  0.009999-99.9-99.9-99.9-99.9-9.9 9916.7 85 14.6   3  2.8-9.9-9.9
5287220230405 28.4 11.7  0.009999-99.9-99.9-99.9-99.9-9.9 9916.9 73 14.8   4  3.5-9.9-9.9
5287220230406 28.4 14.6  0.009999-99.9-99.9-99.9-99.9-9.9 9916.9 73 14.8   4  3.0-9.9-9.9
5287220230407 29.5 11.7  0.009999-99.9-99.9-99.9-99.9-9.9 9915.6 71 13.6   2  1.5-9.9-9.9
5287220230408 30.2 11.7  0.009999-99.9-99.9-99.9-99.9-9.9 9915.6 64 13.6   2  1.5-9.9-9.9
5287220230409 32.2 12.8  0.009999-99.9-99.9-99.9-99.9-9.9 9915.8 58 13.9   2  1.7-9.9-9.9
5287220230410 27.8 13.2  0.009999-99.9-99.9-99.9-99.9-9.9 9917.9 74 15.7   4  3.3-9.9-9.9
5287220230411 32.5 15.5  1.519999-99.9-99.9-99.9-99.9-9.9 9919.3 69 16.9   5  3.7-9.9-9.9
5287220230412 21.8 10.6  0.009999-99.9-99.9-99.9-99.9-9.9 9914.5 83 12.4   6  4.7-9.9-9.9
5287220230413 20.6  4.2  0.009999-99.9-99.9-99.9-99.9-9.9 99 8.9 70  5.1   4  3.5-9.9-9.9
5287220230414 21.5  0.9  0.009999-99.9-99.9-99.9-99.9-9.9 99 8.9 60  5.1   2  1.6-9.9-9.9
5287220230415 25.2 10.7  0.009999-99.9-99.9-99.9-99.9-9.9 9910.7 60  7.9   2  1.5-9.9-9.9
5287220230416 20.7  5.2  0.009999-99.9-99.9-99.9-99.9-9.9 9912.6 85 10.2   1  0.9-9.9-9.9
5287220230417 24.4 10.0  5.519999-99.9-99.9-99.9-99.9-9.9 9913.2 78 11.0   2  1.7-9.9-9.9
5287220230418 16.1  5.8  0.009999-99.9-99.9-99.9-99.9-9.9 9910.8 85  8.1   3  2.8-9.9-9.9
5287220230419 20.6  8.2  0.009999-99.9-99.9-99.9-99.9-9.9 9910.4 70  7.6   7  5.4-9.9-9.9
5287220230420 26.8  4.6  0.009999-99.9-99.9-99.9-99.9-9.9 9911.3 63  8.7   2  1.7-9.9-9.9
5287220230421 24.3  7.9  0.009999-99.9-99.9-99.9-99.9-9.9 9912.2 69  9.9   2  1.6-9.9-9.9
5287220230422 25.4  7.2  0.009999-99.9-99.9-99.9-99.9-9.9 9913.5 72 11.3   3  2.6-9.9-9.9
5287220230423 21.9 10.6  0.009999-99.9-99.9-99.9-99.9-9.9 9914.9 86 12.9   3  2.5-9.9-9.9
5287220230424 23.7  8.8  0.009999-99.9-99.9-99.9-99.9-9.9 9914.7 83 12.6   2  1.7-9.9-9.9
5287220230425 25.4 12.0  0.009999-99.9-99.9-99.9-99.9-9.9 9917.6 89 15.4   2  1.7-9.9-9.9
5287220230426 29.8 11.4  0.009999-99.9-99.9-99.9-99.9-9.9 9915.3 74 13.3   2  1.4-9.9-9.9
5287220230427 31.0  8.1  0.009999-99.9-99.9-99.9-99.9-9.9 9914.7 69 12.6   1  1.1-9.9-9.9
5287220230428 30.6 13.6  0.009999-99.9-99.9-99.9-99.9-9.9 9916.2 59 14.1   5  3.7-9.9-9.9
5287220230429 30.3 15.7  0.009999-99.9-99.9-99.9-99.9-9.9 9918.4 68 16.1   5  4.0-9.9-9.9
5287220230430 26.0 10.9  2.519999-99.9-99.9-99.9-99.9-9.9 9916.4 83 13.9   7  5.6-9.9-9.9
5287220230501 22.1  5.6  0.009999-99.9-99.9-99.9-99.9-9.9 99 8.2 61  4.0   4  3.3-9.9-9.9
5287220230502 21.9  1.1  0.009999-99.9-99.9-99.9-99.9-9.9 99 7.4 54  2.6   1  1.1-9.9-9.9
5287220230503 23.0 -0.1  0.009999-99.9-99.9-99.9-99.9-9.9 99 8.4 59  4.3   2  1.3-9.9-9.9
5287220230504 25.7  0.1  0.009999-99.9-99.9-99.9-99.9-9.9 99 9.7 63  6.3   1  1.2-9.9-9.9
5287220230505 23.1  4.3 10.019999-99.9-99.9-99.9-99.9-9.9 9912.1 73  9.6   4  3.4-9.9-9.9
5287220230506 19.5 13.7  1.219999-99.9-99.9-99.9-99.9-9.9 9918.0 99 15.7   4  3.1-9.9-9.9
5287220230507 24.2 10.7  0.009999-99.9-99.9-99.9-99.9-9.9 9913.7 78 11.6   3  2.2-9.9-9.9
5287220230508 22.0  6.7  0.009999-99.9-99.9-99.9-99.9-9.9 9913.0 87 10.8   3  2.2-9.9-9.9
5287220230509 20.6  4.6  0.009999-99.9-99.9-99.9-99.9-9.9 9911.7 86  9.2   2  1.4-9.9-9.9
5287220230510 20.6  6.6  0.009999-99.9-99.9-99.9-99.9-9.9 9911.3 77  8.7   5  3.7-9.9-9.9
5287220230511 20.1  6.6  0.009999-99.9-99.9-99.9-99.9-9.9 99 9.8 69  6.6   2  1.5-9.9-9.9
5287220230512 23.9  7.6  0.009999-99.9-99.9-99.9-99.9-9.9 9913.8 76 11.6   4  3.0-9.9-9.9
5287220230513 24.4  7.3  0.009999-99.9-99.9-99.9-99.9-9.9 9913.6 73 11.4   2  1.5-9.9-9.9
5287220230514 31.1 11.8  0.009999-99.9-99.9-99.9-99.9-9.9 9916.0 75 14.0   3  2.3-9.9-9.9
5287220230515 29.8  8.3  0.009999-99.9-99.9-99.9-99.9-9.9 9915.2 73 13.2   2  1.2-9.9-9.9
5287220230516 28.3 10.2  0.009999-99.9-99.9-99.9-99.9-9.9 9914.4 64 12.4   2  2.0-9.9-9.9
5287220230517 27.5 12.7  1.519999-99.9-99.9-99.9-99.9-9.9 9916.0 70 14.0   3  2.4-9.9-9.9
5287220230518 23.4  9.2  0.219999-99.9-99.9-99.9-99.9-9.9 9912.2 74  9.7   3  2.3-9.9-9.9
5287220230519 11.5  5.5 21.519999-99.9-99.9-99.9-99.9-9.9 9911.6100  9.0   2  1.5-9.9-9.9
5287220230520 16.5  4.5  0.009999-99.9-99.9-99.9-99.9-9.9 99 9.7 77  6.4   5  3.9-9.9-9.9
5287220230521 18.0  6.8  0.009999-99.9-99.9-99.9-99.9-9.9 9915.4 99 13.1   3  2.6-9.9-9.9
5287220230522 22.9 15.6  1.519999-99.9-99.9-99.9-99.9-9.9 9920.0 98 17.4   3  2.0-9.9-9.9
5287220230523 19.5 14.5-99.999999-99.9-99.9-99.9-99.9-9.9 9919.8 99 17.3 -99-99.9-9.9-9.9
5287220230524-99.9-99.9-99.999999-99.9-99.9-99.9-99.9-9.9 99-9.9-99-99.9 -99-99.9-9.9-9.9
5287220230526-99.9-99.9  0.009999-99.9-99.9-99.9-99.9-9.9 99-9.9-99-99.9 -99-99.9-9.9-9.9
5287220230527 14.9  2.9  0.009999-99.9-99.9-99.9-99.9-9.9 99 7.6 63  2.8   8  6.2-9.9-9.9
5287220230528 15.6 -1.5  0.009999-99.9-99.9-99.9-99.9-9.9 99 7.3 81  2.3   2  1.2-9.9-9.9
5287220230529 17.9  2.4  0.009999-99.9-99.9-99.9-99.9-9.9 99 9.6 82  6.2   1  1.2-9.9-9.9
5287220230530 17.7  5.2  0.009999-99.9-99.9-99.9-99.9-9.9 9912.0 89  9.5   2  1.5-9.9-9.9
5287220230531 22.8  7.3  0.009999-99.9-99.9-99.9-99.9-9.9 9913.9 85 11.8   2  2.0-9.9-9.9
5287220230601 25.0  5.1  0.009999-99.9-99.9-99.9-99.9-9.9 9914.1 80 11.8   2  1.6-9.9-9.9
5287220230602 22.9 14.6  4.019999-99.9-99.9-99.9-99.9-9.9 9919.2 91 16.8   3  2.7-9.9-9.9
5287220230603 22.0  9.3  0.009999-99.9-99.9-99.9-99.9-9.9 9915.3 90 13.2   3  2.0-9.9-9.9
5287220230604 17.9  5.2  0.009999-99.9-99.9-99.9-99.9-9.9 9911.4 79  8.2   5  3.8-9.9-9.9
5287220230605 18.8  0.2  0.009999-99.9-99.9-99.9-99.9-9.9 99 8.2 67  4.0   2  1.7-9.9-9.9
5287220230606 21.2  6.6  0.009999-99.9-99.9-99.9-99.9-9.9 9916.2 94 13.7   2  1.7-9.9-9.9
5287220230607 20.1  9.4  0.009999-99.9-99.9-99.9-99.9-9.9 9913.6 80 11.4   3  2.4-9.9-9.9
5287220230608 24.2  9.4-99.999999-99.9-99.9-99.9-99.9-9.9 9921.1 95 18.1   3  2.0-9.9-9.9
5287220230609-99.9-99.9-99.999999-99.9-99.9-99.9-99.9-9.9 99-9.9-99-99.9 -99-99.9-9.9-9.9
5287220230610-99.9-99.9-99.999999-99.9-99.9-99.9-99.9-9.9 99-9.9-99-99.9 -99-99.9-9.9-9.9
5287220230611-99.9-99.9  0.009999-99.9-99.9-99.9-99.9-9.9 99-9.9-99-99.9 -99-99.9-9.9-9.9
5287220230612 14.3 -1.6  0.009999-99.9-99.9-99.9-99.9-9.9 99 6.3 74  0.1   4  3.3-9.9-9.9
5287220230613 16.5 -3.6  0.009999-99.9-99.9-99.9-99.9-9.9 99 6.1 72 -0.1   2  1.8-9.9-9.9
5287220230614 16.1  0.2  0.009999-99.9-99.9-99.9-99.9-9.9 99 7.0 71  1.9   3  2.3-9.9-9.9
5287220230615 16.8 -1.1  0.009999-99.9-99.9-99.9-99.9-9.9 99 7.4 80  2.5   2  1.4-9.9-9.9
5287220230616 17.6 -1.7  0.009999-99.9-99.9-99.9-99.9-9.9 99 8.0 76  3.5   2  1.7-9.9-9.9
5287220230617 13.1  1.3  0.009999-99.9-99.9-99.9-99.9-9.9 99 7.5 81  2.7   5  4.0-9.9-9.9
5287220230618 14.3 -3.3  0.009999-99.9-99.9-99.9-99.9-9.9 99 6.9 78  1.4   2  1.6-9.9-9.9
5287220230619 16.4  2.4  0.819999-99.9-99.9-99.9-99.9-9.9 99 9.9 85  6.6   3  2.7-9.9-9.9
5287220230620 15.6  4.5  0.009999-99.9-99.9-99.9-99.9-9.9 9911.1 91  8.5   4  3.4-9.9-9.9
5287220230621 17.1  7.5  0.219999-99.9-99.9-99.9-99.9-9.9 9912.0 91  9.6   3  2.1-9.9-9.9
5287220230622 16.8  1.4  0.009999-99.9-99.9-99.9-99.9-9.9 9910.3 91  7.1   2  1.7-9.9-9.9
5287220230623-99.9-99.9-99.999999-99.9-99.9-99.9-99.9-9.9 99-9.9-99-99.9 -99-99.9-9.9-9.9
5287220230624-99.9-99.9-99.999999-99.9-99.9-99.9-99.9-9.9 99-9.9-99-99.9 -99-99.9-9.9-9.9
5287220230625-99.9-99.9  0.009999-99.9-99.9-99.9-99.9-9.9 99-9.9-99-99.9 -99-99.9-9.9-9.9
5287220230626 21.2  8.0  0.009999-99.9-99.9-99.9-99.9-9.9 9911.8 77  9.0   2  1.9-9.9-9.9
5287220230627 13.5  5.0-99.999999-99.9-99.9-99.9-99.9-9.9 99 9.4 80  6.0   3  2.1-9.9-9.9
5287220230628-99.9-99.9  0.009999-99.9-99.9-99.9-99.9-9.9 99-9.9-99-99.9 -99-99.9-9.9-9.9
5287220230629 16.2  0.8  0.009999-99.9-99.9-99.9-99.9-9.9 99 8.4 81  4.4   2  1.6-9.9-9.9
5287220230630 18.6 -1.5  0.009999-99.9-99.9-99.9-99.9-9.9 99 8.5 72  4.5   2  1.4-9.9-9.9
5287220230701 20.0  1.5  0.009999-99.9-99.9-99.9-99.9-9.9 99 9.3 71  5.8   2  1.5-9.9-9.9
5287220230702 17.9  8.6  0.009999-99.9-99.9-99.9-99.9-9.9 9915.1 96 13.0   2  1.5-9.9-9.9
5287220230703-99.9-99.9-99.999999-99.9-99.9-99.9-99.9-9.9 9918.7 93 16.4 -99-99.9-9.9-9.9
5287220230704-99.9-99.9-99.999999-99.9-99.9-99.9-99.9-9.9 99-9.9-99-99.9 -99-99.9-9.9-9.9
5287220230705-99.9-99.9  0.219999-99.9-99.9-99.9-99.9-9.9 99-9.9-99-99.9 -99-99.9-9.9-9.9
5287220230706 18.9  6.3  0.009999-99.9-99.9-99.9-99.9-9.9 9910.3 73  7.2   5  3.9-9.9-9.9
5287220230707 13.2  2.1  0.009999-99.9-99.9-99.9-99.9-9.9 99 8.8 82  5.1   5  3.8-9.9-9.9
5287220230708 14.0  6.4-99.999999-99.9-99.9-99.9-99.9-9.9 9910.9 85  8.2   6  4.5-9.9-9.9
5287220230709-99.9-99.9-99.999999-99.9-99.9-99.9-99.9-9.9 99-9.9-99-99.9 -99-99.9-9.9-9.9
5287220230710-99.9-99.9  0.009999-99.9-99.9-99.9-99.9-9.9 99-9.9-99-99.9 -99-99.9-9.9-9.9
5287220230711-99.9-99.9-99.999999-99.9-99.9-99.9-99.9-9.9 99-9.9-99-99.9 -99-99.9-9.9-9.9
5287220230712-99.9-99.9-99.999999-99.9-99.9-99.9-99.9-9.9 99-9.9-99-99.9 -99-99.9-9.9-9.9
5287220230713-99.9-99.9  0.009999-99.9-99.9-99.9-99.9-9.9 99-9.9-99-99.9 -99-99.9-9.9-9.9
5287220230714 11.5 -1.1-99.999999-99.9-99.9-99.9-99.9-9.9 99 8.2 90  3.9   3  2.3-9.9-9.9
5287220230715-99.9-99.9-99.999999-99.9-99.9-99.9-99.9-9.9 99 8.8 86  4.9 -99-99.9-9.9-9.9
5287220230716-99.9-99.9-99.999999-99.9-99.9-99.9-99.9-9.9 99-9.9-99-99.9 -99-99.9-9.9-9.9
5287220230717-99.9-99.9-99.999999-99.9-99.9-99.9-99.9-9.9 99-9.9-99-99.9 -99-99.9-9.9-9.9
5287220230718-99.9-99.9-99.999999-99.9-99.9-99.9-99.9-9.9 99-9.9-99-99.9 -99-99.9-9.9-9.9
5287220230719 11.7  0.5  0.009999-99.9-99.9-99.9-99.9-9.9 99 8.1 85  3.9   3  2.5-9.9-9.9
5287220230720-99.9-99.9-99.999999-99.9-99.9-99.9-99.9-9.9 9910.5 92  7.4 -99-99.9-9.9-9.9
5287220230721 22.7  9.7-99.999999-99.9-99.9-99.9-99.9-9.9 9917.8 93 15.5 -99-99.9-9.9-9.9
5287220230722-99.9-99.9-99.999999-99.9-99.9-99.9-99.9-9.9 99-9.9-99-99.9 -99-99.9-9.9-9.9
5287220230723-99.9-99.9  0.009999-99.9-99.9-99.9-99.9-9.9 99-9.9-99-99.9 -99-99.9-9.9-9.9
5287220230724 13.6  5.7  0.009999-99.9-99.9-99.9-99.9-9.9 99 9.4 83  6.0   6  4.6-9.9-9.9
5287220230725 13.6  1.1-99.999999-99.9-99.9-99.9-99.9-9.9 9910.7 93  7.6   5  3.6-9.9-9.9
5287220230726-99.9-99.9  0.009999-99.9-99.9-99.9-99.9-9.9 99-9.9 83-99.9 -99-99.9-9.9-9.9
5287220230727 10.6  0.7  0.009999-99.9-99.9-99.9-99.9-9.9 99 8.9 92  5.1   2  1.7-9.9-9.9
5287220230728 17.6  2.2  0.009999-99.9-99.9-99.9-99.9-9.9 9910.2 85  7.1   2  1.4-9.9-9.9
5287220230729-99.9-99.9-99.999999-99.9-99.9-99.9-99.9-9.9 99-9.9-99-99.9 -99-99.9-9.9-9.9
5287220230730-99.9-99.9-99.999999-99.9-99.9-99.9-99.9-9.9 99-9.9-99-99.9 -99-99.9-9.9-9.9
5287220230731-99.9-99.9  0.009999-99.9-99.9-99.9-99.9-9.9 9913.7 81 11.0   2  1.8-9.9-9.9
5287220230801-99.9-99.9-99.999999-99.9-99.9-99.9-99.9-9.9 99-9.9-99-99.9 -99-99.9-9.9-9.9
5287220230802-99.9-99.9  0.009999-99.9-99.9-99.9-99.9-9.9 9913.2 64 10.0 -99-99.9-9.9-9.9
5287220230803-99.9-99.9-99.999999-99.9-99.9-99.9-99.9-9.9 99 7.8 68  3.4 -99-99.9-9.9-9.9
5287220230804-99.9-99.9-99.999999-99.9-99.9-99.9-99.9-9.9 99-9.9-99-99.9 -99-99.9-9.9-9.9
5287220230805-99.9-99.9-99.999999-99.9-99.9-99.9-99.9-9.9 99-9.9-99-99.9 -99-99.9-9.9-9.9
5287220230806-99.9-99.9  0.009999-99.9-99.9-99.9-99.9-9.9 9911.1 66  8.3   6  4.8-9.9-9.9
5287220230807-99.9-99.9-99.999999-99.9-99.9-99.9-99.9-9.9 99-9.9-99-99.9 -99-99.9-9.9-9.9
5287220230808-99.9-99.9-99.999999-99.9-99.9-99.9-99.9-9.9 99-9.9-99-99.9 -99-99.9-9.9-9.9
5287220230809-99.9-99.9-99.999999-99.9-99.9-99.9-99.9-9.9 99-9.9-99-99.9 -99-99.9-9.9-9.9
5287220230810 18.1  9.0-99.999999-99.9-99.9-99.9-99.9-9.9 9915.0 98 12.8   3  2.1-9.9-9.9
5287220230811-99.9-99.9  0.009999-99.9-99.9-99.9-99.9-9.9 99 7.3 52  1.6 -99-99.9-9.9-9.9
5287220230812-99.9-99.9-99.999999-99.9-99.9-99.9-99.9-9.9 99-9.9-99-99.9 -99-99.9-9.9-9.9
5287220230813-99.9-99.9-99.999999-99.9-99.9-99.9-99.9-9.9 99-9.9-99-99.9 -99-99.9-9.9-9.9
5287220230814-99.9-99.9-99.999999-99.9-99.9-99.9-99.9-9.9 99-9.9-99-99.9 -99-99.9-9.9-9.9
5287220230815-99.9-99.9  0.009999-99.9-99.9-99.9-99.9-9.9 9911.8 57  9.3   3  2.5-9.9-9.9
5287220230816 20.8 13.8  0.519999-99.9-99.9-99.9-99.9-9.9 9915.5 88 13.5   7  5.3-9.9-9.9
5287220230817 15.8 10.8 18.219999-99.9-99.9-99.9-99.9-9.9 9914.8100 12.8   9  7.4-9.9-9.9
5287220230818 17.2  7.9  0.009999-99.9-99.9-99.9-99.9-9.9 99 9.6 65  5.6   9  7.2-9.9-9.9
5287220230819 13.3  1.5  1.519999-99.9-99.9-99.9-99.9-9.9 99 7.1 70  1.8   5  4.2-9.9-9.9
5287220230820-99.9-99.9-99.999999-99.9-99.9-99.9-99.9-9.9 99-9.9-99-99.9 -99-99.9-9.9-9.9
5287220230821 19.2  4.3  0.009999-99.9-99.9-99.9-99.9-9.9 9912.2 89  9.5   3  2.5-9.9-9.9
5287220230822-99.9-99.9-99.999999-99.9-99.9-99.9-99.9-9.9 99-9.9-99-99.9 -99-99.9-9.9-9.9
5287220230823-99.9-99.9-99.999999-99.9-99.9-99.9-99.9-9.9 9910.1 79  6.9 -99-99.9-9.9-9.9
5287220230824-99.9-99.9-99.999999-99.9-99.9-99.9-99.9-9.9 99-9.9-99-99.9 -99-99.9-9.9-9.9
5287220230825-99.9-99.9-99.999999-99.9-99.9-99.9-99.9-9.9 99-9.9-99-99.9 -99-99.9-9.9-9.9
5287220230826-99.9-99.9-99.999999-99.9-99.9-99.9-99.9-9.9 99 5.7 56 -1.0 -99-99.9-9.9-9.9
5287220230827-99.9-99.9-99.999999-99.9-99.9-99.9-99.9-9.9 99 6.4 58  0.5 -99-99.9-9.9-9.9
5287220230828-99.9-99.9-99.999999-99.9-99.9-99.9-99.9-9.9 99 7.7 62  3.2 -99-99.9-9.9-9.9
5287220230829 22.3  5.1  0.009999-99.9-99.9-99.9-99.9-9.9 99 8.7 62  5.0   3  2.1-9.9-9.9
5287220230830 25.5  7.4  0.009999-99.9-99.9-99.9-99.9-9.9 99 8.6 54  4.5   6  5.0-9.9-9.9
5287220230831-99.9-99.9-99.999999-99.9-99.9-99.9-99.9-9.9 99-9.9-99-99.9 -99-99.9-9.9-9.9
5287220230901 24.5  8.5  8.219999-99.9-99.9-99.9-99.9-9.9 9913.5 78 10.9   3  2.1-9.9-9.9
5287220230902 16.2  6.9  1.219999-99.9-99.9-99.9-99.9-9.9 9911.7 97  9.1   6  4.6-9.9-9.9
5287220230903 10.8  7.0-99.999999-99.9-99.9-99.9-99.9-9.9 9910.9 94  8.1   7  5.6-9.9-9.9
5287220230904-99.9-99.9  0.219999-99.9-99.9-99.9-99.9-9.9 99 8.4 70  4.3 -99-99.9-9.9-9.9
5287220230905 15.2  4.2  0.009999-99.9-99.9-99.9-99.9-9.9 99 7.9 67  3.6   4  3.2-9.9-9.9
5287220230906 11.9  5.0  0.009999-99.9-99.9-99.9-99.9-9.9 99 9.7 84  6.6   9  7.1-9.9-9.9
5287220230907 14.2  9.0  0.219999-99.9-99.9-99.9-99.9-9.9 9913.1100 10.9   6  5.1-9.9-9.9
5287220230908 20.7  1.9  0.009999-99.9-99.9-99.9-99.9-9.9 9910.4 74  7.3   4  3.2-9.9-9.9
5287220230909 21.9  3.9  0.009999-99.9-99.9-99.9-99.9-9.9 9910.6 65  7.7   3  2.0-9.9-9.9
5287220230910-99.9-99.9-99.999999-99.9-99.9-99.9-99.9-9.9 99-9.9-99-99.9 -99-99.9-9.9-9.9
5287220230911-99.9-99.9-99.999999-99.9-99.9-99.9-99.9-9.9 9914.9 92 12.5 -99-99.9-9.9-9.9
5287220230912 18.7  2.4  0.009999-99.9-99.9-99.9-99.9-9.9 99 8.1 60  3.8   3  2.0-9.9-9.9
5287220230913-99.9-99.9-99.999999-99.9-99.9-99.9-99.9-9.9 99-9.9-99-99.9 -99-99.9-9.9-9.9
5287220230914-99.9-99.9-99.999999-99.9-99.9-99.9-99.9-9.9 99-9.9-99-99.9 -99-99.9-9.9-9.9
5287220230915-99.9-99.9-99.999999-99.9-99.9-99.9-99.9-9.9 99-9.9-99-99.9 -99-99.9-9.9-9.9
5287220230916-99.9-99.9-99.999999-99.9-99.9-99.9-99.9-9.9 99-9.9-99-99.9 -99-99.9-9.9-9.9
5287220230917 17.5  5.8  0.009999-99.9-99.9-99.9-99.9-9.9 99 9.7 64  6.4   6  4.8-9.9-9.9
5287220230918-99.9-99.9-99.999999-99.9-99.9-99.9-99.9-9.9 99 8.8 74  5.0 -99-99.9-9.9-9.9
5287220230919-99.9-99.9-99.999999-99.9-99.9-99.9-99.9-9.9 99-9.9-99-99.9 -99-99.9-9.9-9.9
5287220230920 18.6  9.1  0.009999-99.9-99.9-99.9-99.9-9.9 9915.4 99 13.3   7  5.2-9.9-9.9
5287220230921 22.1 14.0  0.009999-99.9-99.9-99.9-99.9-9.9 9917.7 89 15.6   4  2.8-9.9-9.9
5287220230922-99.9-99.9-99.999999-99.9-99.9-99.9-99.9-9.9 9913.2 89 11.0 -99-99.9-9.9-9.9
5287220230923-99.9-99.9-99.999999-99.9-99.9-99.9-99.9-9.9 99-9.9-99-99.9 -99-99.9-9.9-9.9
5287220230924 15.6  7.2  0.009999-99.9-99.9-99.9-99.9-9.9 9910.7 74  8.0   4  3.3-9.9-9.9
5287220230925-99.9-99.9-99.999999-99.9-99.9-99.9-99.9-9.9 99-9.9-99-99.9 -99-99.9-9.9-9.9
5287220230926-99.9-99.9-99.999999-99.9-99.9-99.9-99.9-9.9 9911.3 91  8.7 -99-99.9-9.9-9.9
5287220230927 24.5  3.4  0.219999-99.9-99.9-99.9-99.9-9.9 99 9.6 59  6.3   2  1.8-9.9-9.9
5287220230928-99.9-99.9-99.999999-99.9-99.9-99.9-99.9-9.9 9910.6 59  7.8 -99-99.9-9.9-9.9
5287220230929-99.9-99.9-99.999999-99.9-99.9-99.9-99.9-9.9 99-9.9-99-99.9 -99-99.9-9.9-9.9
5287220230930-99.9-99.9-99.999999-99.9-99.9-99.9-99.9-9.9 99 7.5 65  2.8 -99-99.9-9.9-9.9
5287220231001-99.9-99.9-99.999999-99.9-99.9-99.9-99.9-9.9 99-9.9-99-99.9 -99-99.9-9.9-9.9
5287220231002-99.9-99.9-99.999999-99.9-99.9-99.9-99.9-9.9 9910.8 63  8.0 -99-99.9-9.9-9.9
5287220231003 19.3  8.4  6.819999-99.9-99.9-99.9-99.9-9.9 9914.0 97 11.9   5  4.3-9.9-9.9
5287220231004-99.9-99.9-99.999999-99.9-99.9-99.9-99.9-9.9 99-9.9-99-99.9 -99-99.9-9.9-9.9
5287220231005-99.9-99.9-99.999999-99.9-99.9-99.9-99.9-9.9 99-9.9-99-99.9 -99-99.9-9.9-9.9
5287220231006 23.8  7.3  0.009999-99.9-99.9-99.9-99.9-9.9 99 9.0 51  5.3   5  4.2-9.9-9.9
5287220231007-99.9-99.9-99.999999-99.9-99.9-99.9-99.9-9.9 99-9.9-99-99.9 -99-99.9-9.9-9.9
5287220231008 30.4  5.9  0.009999-99.9-99.9-99.9-99.9-9.9 9910.1 47  6.8   4  3.3-9.9-9.9
5287220231009 32.7  7.5  0.219999-99.9-99.9-99.9-99.9-9.9 9911.9 41  9.4   3  2.6-9.9-9.9
5287220231010 24.2 15.8  0.009999-99.9-99.9-99.9-99.9-9.9 9915.5 71 13.4   4  3.6-9.9-9.9
5287220231011-99.9-99.9-99.999999-99.9-99.9-99.9-99.9-9.9 99-9.9-99-99.9 -99-99.9-9.9-9.9
5287220231012-99.9-99.9-99.999999-99.9-99.9-99.9-99.9-9.9 99-9.9 50-99.9 -99-99.9-9.9-9.9
5287220231013-99.9-99.9-99.999999-99.9-99.9-99.9-99.9-9.9 99-9.9 50-99.9 -99-99.9-9.9-9.9
5287220231014 25.9  6.4  0.219999-99.9-99.9-99.9-99.9-9.9 99 9.6 46  6.4   3  2.6-9.9-9.9
5287220231015-99.9-99.9-99.999999-99.9-99.9-99.9-99.9-9.9 99-9.9-99-99.9 -99-99.9-9.9-9.9
5287220231016-99.9-99.9-99.999999-99.9-99.9-99.9-99.9-9.9 99-9.9 87-99.9 -99-99.9-9.9-9.9
5287220231017-99.9-99.9-99.999999-99.9-99.9-99.9-99.9-9.9 99 8.7 52  4.6 -99-99.9-9.9-9.9
5287220231018-99.9-99.9-99.999999-99.9-99.9-99.9-99.9-9.9 99-9.9 51-99.9 -99-99.9-9.9-9.9
5287220231019-99.9-99.9-99.999999-99.9-99.9-99.9-99.9-9.9 99-9.9-99-99.9 -99-99.9-9.9-9.9
5287220231020-99.9-99.9-99.999999-99.9-99.9-99.9-99.9-9.9 99-9.9-99-99.9 -99-99.9-9.9-9.9
5287220231021 25.2 13.7  1.819999-99.9-99.9-99.9-99.9-9.9 9919.4 79 17.0   4  3.3-9.9-9.9
5287220231022 22.5 15.0  0.219999-99.9-99.9-99.9-99.9-9.9 9920.3 94 17.7   5  4.3-9.9-9.9
5287220231023 19.9 14.5  1.019999-99.9-99.9-99.9-99.9-9.9 9918.4100 16.2   6  4.6-9.9-9.9
5287220231024 21.9 12.4  0.219999-99.9-99.9-99.9-99.9-9.9 9914.3 84 12.3   4  3.4-9.9-9.9
5287220231025 24.1  6.4  0.009999-99.9-99.9-99.9-99.9-9.9 9912.5 73 10.2   2  1.5-9.9-9.9
5287220231026 27.0  9.1  0.009999-99.9-99.9-99.9-99.9-9.9 9913.2 58 11.1   3  2.2-9.9-9.9
5287220231027-99.9-99.9-99.999999-99.9-99.9-99.9-99.9-9.9 99-9.9-99-99.9 -99-99.9-9.9-9.9
5287220231028 31.6 13.4  0.219999-99.9-99.9-99.9-99.9-9.9 9916.9 56 14.9   3  2.3-9.9-9.9
5287220231029 24.7 14.5  0.519999-99.9-99.9-99.9-99.9-9.9 9918.7 87 16.4   6  4.6-9.9-9.9
5287220231030-99.9-99.9-99.999999-99.9-99.9-99.9-99.9-9.9 99-9.9-99-99.9 -99-99.9-9.9-9.9
5287220231031-99.9-99.9-99.999999-99.9-99.9-99.9-99.9-9.9 99-9.9-99-99.9 -99-99.9-9.9-9.9
5287220231101-99.9-99.9-99.999999-99.9-99.9-99.9-99.9-9.9 99-9.9 62-99.9 -99-99.9-9.9-9.9
5287220231102 11.7  6.9 35.819999-99.9-99.9-99.9-99.9-9.9 9910.9 99  8.1   8  6.8-9.9-9.9
5287220231103 20.6  8.2  0.009999-99.9-99.9-99.9-99.9-9.9 9912.0 88  9.6   7  5.5-9.9-9.9
5287220231104 27.2  5.3  0.009999-99.9-99.9-99.9-99.9-9.9 9911.6 56  9.1   2  1.4-9.9-9.9
5287220231105 27.3  9.4  0.009999-99.9-99.9-99.9-99.9-9.9 9913.3 57 11.2   2  1.9-9.9-9.9
5287220231106 29.2 11.0  0.009999-99.9-99.9-99.9-99.9-9.9 9915.0 56 13.0   3  2.4-9.9-9.9
5287220231107 32.8 13.8  0.009999-99.9-99.9-99.9-99.9-9.9 9918.3 65 16.0   4  3.2-9.9-9.9
5287220231108 28.2  8.0  0.009999-99.9-99.9-99.9-99.9-9.9 9911.1 45  8.4   3  2.3-9.9-9.9
5287220231109 27.6  8.2  0.009999-99.9-99.9-99.9-99.9-9.9 9910.0 40  7.0   4  3.0-9.9-9.9
5287220231110 20.9 12.1 17.819999-99.9-99.9-99.9-99.9-9.9 9914.9 85 12.7   6  4.8-9.9-9.9
5287220231111 27.7 13.5  0.009999-99.9-99.9-99.9-99.9-9.9 9917.8 81 15.7   3  2.5-9.9-9.9
5287220231112 20.9 11.6  0.009999-99.9-99.9-99.9-99.9-9.9 9910.6 52  7.4   6  4.9-9.9-9.9
5287220231113 21.7  7.5  0.009999-99.9-99.9-99.9-99.9-9.9 9910.8 61  8.0   3  2.6-9.9-9.9
5287220231114 26.6  5.8  0.009999-99.9-99.9-99.9-99.9-9.9 9911.9 53  9.5   2  1.5-9.9-9.9
5287220231115 30.4 13.8  0.009999-99.9-99.9-99.9-99.9-9.9 9916.8 69 14.6   3  2.5-9.9-9.9
5287220231116 26.0 12.1  0.009999-99.9-99.9-99.9-99.9-9.9 99 9.4 42  6.0   5  3.7-9.9-9.9
5287220231117 31.0 10.5 10.819999-99.9-99.9-99.9-99.9-9.9 9915.2 77 12.9   4  2.8-9.9-9.9
5287220231118 21.4 11.0  0.009999-99.9-99.9-99.9-99.9-9.9 99 9.9 51  6.4   6  4.6-9.9-9.9
5287220231119 28.3 10.4  0.009999-99.9-99.9-99.9-99.9-9.9 9910.3 44  7.4   4  3.1-9.9-9.9
5287220231120 32.9 12.5  0.009999-99.9-99.9-99.9-99.9-9.9 9914.5 46 12.3   3  2.1-9.9-9.9
5287220231121 22.8 13.2  1.019999-99.9-99.9-99.9-99.9-9.9 9915.3 87 13.2   2  1.4-9.9-9.9
5287220231122 29.7  9.8  0.009999-99.9-99.9-99.9-99.9-9.9 9913.1 53 10.9   2  2.0-9.9-9.9
5287220231123 31.1 11.0  0.009999-99.9-99.9-99.9-99.9-9.9 9911.0 40  8.2   3  2.8-9.9-9.9
5287220231124 28.8  8.4  0.009999-99.9-99.9-99.9-99.9-9.9 9911.4 43  8.8   3  2.0-9.9-9.9
5287220231125 31.7 14.4  0.009999-99.9-99.9-99.9-99.9-9.9 9914.3 46 12.3   2  1.5-9.9-9.9
5287220231126 34.2 16.1  0.009999-99.9-99.9-99.9-99.9-9.9 9916.2 47 14.1   2  1.7-9.9-9.9
5287220231127 34.5 17.3  0.009999-99.9-99.9-99.9-99.9-9.9 9916.5 45 14.4   4  3.3-9.9-9.9
5287220231128 33.0 18.2 18.519999-99.9-99.9-99.9-99.9-9.9 9923.0 63 19.7   3  2.0-9.9-9.9
5287220231129 26.5 17.7  0.819999-99.9-99.9-99.9-99.9-9.9 9921.5 92 18.6   3  2.0-9.9-9.9
5287220231130 31.8 13.7 11.019999-99.9-99.9-99.9-99.9-9.9 9919.1 60 16.7   2  1.6-9.9-9.9
5287220231201 25.4 17.6  7.819999-99.9-99.9-99.9-99.9-9.9 9921.3 93 18.4   4  3.2-9.9-9.9
5287220231202 32.5 14.5  0.519999-99.9-99.9-99.9-99.9-9.9 9918.8 58 16.3   3  2.7-9.9-9.9
5287220231203 24.5 12.1  0.009999-99.9-99.9-99.9-99.9-9.9 9911.1 59  8.5   4  3.2-9.9-9.9
5287220231204 24.3  8.9  1.819999-99.9-99.9-99.9-99.9-9.9 9912.4 58 10.1   3  2.5-9.9-9.9
5287220231205 23.4 12.9  4.219999-99.9-99.9-99.9-99.9-9.9 9916.1 81 14.0   4  2.8-9.9-9.9
5287220231206 22.9 16.8  4.019999-99.9-99.9-99.9-99.9-9.9 9922.2 97 19.2   2  1.6-9.9-9.9
5287220231207 26.5 16.8  0.009999-99.9-99.9-99.9-99.9-9.9 9918.7 76 16.4   2  2.0-9.9-9.9
5287220231208 28.9 13.8  0.009999-99.9-99.9-99.9-99.9-9.9 9918.4 66 16.1   3  2.5-9.9-9.9
5287220231209 24.0 13.7  0.009999-99.9-99.9-99.9-99.9-9.9 9917.5 82 15.4   2  1.3-9.9-9.9
5287220231210 30.6 11.7  0.009999-99.9-99.9-99.9-99.9-9.9 9916.2 53 14.1   2  1.3-9.9-9.9
5287220231211 31.6 16.0  0.219999-99.9-99.9-99.9-99.9-9.9 9917.4 52 15.2   3  2.6-9.9-9.9
5287220231212 35.5 19.1  1.019999-99.9-99.9-99.9-99.9-9.9 9922.0 56 19.0   3  2.5-9.9-9.9
5287220231213 30.8 20.8  0.009999-99.9-99.9-99.9-99.9-9.9 9924.5 78 20.7   5  4.3-9.9-9.9
5287220231214 33.3 16.8 10.819999-99.9-99.9-99.9-99.9-9.9 9922.7 62 19.4   4  3.1-9.9-9.9
5287220231215 32.4 18.9  0.219999-99.9-99.9-99.9-99.9-9.9 9926.4 75 21.9   3  2.7-9.9-9.9
5287220231216 35.1 22.3 60.019999-99.9-99.9-99.9-99.9-9.9 9927.5 68 22.6   5  3.8-9.9-9.9
5287220231217 28.8 18.1  0.819999-99.9-99.9-99.9-99.9-9.9 9923.0 89 19.7   3  2.5-9.9-9.9
5287220231218 20.9 15.4  0.519999-99.9-99.9-99.9-99.9-9.9 9916.7 85 14.6   5  4.3-9.9-9.9
5287220231219 22.1  8.5  0.009999-99.9-99.9-99.9-99.9-9.9 9913.0 68 10.8   5  4.4-9.9-9.9
5287220231220 25.6 10.9  0.219999-99.9-99.9-99.9-99.9-9.9 9917.2 80 15.0   3  2.4-9.9-9.9
5287220231221 29.8 15.9  0.009999-99.9-99.9-99.9-99.9-9.9 9919.7 64 17.3   2  1.3-9.9-9.9
5287220231222 32.4 17.4  7.219999-99.9-99.9-99.9-99.9-9.9 9921.1 69 18.3   2  1.3-9.9-9.9
5287220231223 34.3 17.5 18.019999-99.9-99.9-99.9-99.9-9.9 9923.4 68 19.9   2  1.9-9.9-9.9
5287220231224 28.8 19.1 23.219999-99.9-99.9-99.9-99.9-9.9 9922.3 82 19.2   3  2.7-9.9-9.9
5287220231225 26.8 15.4  0.009999-99.9-99.9-99.9-99.9-9.9 9917.0 68 14.8   4  3.3-9.9-9.9
5287220231226 29.9 10.9  0.009999-99.9-99.9-99.9-99.9-9.9 9914.9 56 12.9   1  0.8-9.9-9.9
5287220231227 32.0 13.6  2.019999-99.9-99.9-99.9-99.9-9.9 9916.6 50 14.6   2  1.8-9.9-9.9
5287220231228 32.2 17.9  0.219999-99.9-99.9-99.9-99.9-9.9 9924.3 78 20.5   2  1.8-9.9-9.9
5287220231229 25.2 15.8  0.009999-99.9-99.9-99.9-99.9-9.9 9915.9 63 13.5   4  3.4-9.9-9.9
5287220231230 29.1  9.4  0.009999-99.9-99.9-99.9-99.9-9.9 9912.5 47 10.2   2  1.4-9.9-9.9
5287220231231 29.7 14.2  0.219999-99.9-99.9-99.9-99.9-9.9 9915.6 56 13.5   2  1.4-9.9-9.9
5287220240101 27.5 17.6  0.009999-99.9-99.9-99.9-99.9-9.9 9919.7 80 17.2   2  1.9-9.9-9.9
5287220240102 30.7 15.4  0.009999-99.9-99.9-99.9-99.9-9.9 9920.6 67 17.9   4  3.1-9.9-9.9
5287220240103 29.9 17.2  0.219999-99.9-99.9-99.9-99.9-9.9 9921.9 70 18.9   4  3.4-9.9-9.9
5287220240104 32.3 18.3  0.009999-99.9-99.9-99.9-99.9-9.9 9922.3 67 19.2   3  2.4-9.9-9.9
5287220240105 34.5 18.9  0.009999-99.9-99.9-99.9-99.9-9.9 9924.2 67 20.5   2  1.6-9.9-9.9
5287220240106 33.6 22.0  0.009999-99.9-99.9-99.9-99.9-9.9 9923.0 68 19.7   2  1.5-9.9-9.9
5287220240107 33.7 17.6  1.219999-99.9-99.9-99.9-99.9-9.9 9921.6 66 18.7   2  1.9-9.9-9.9
5287220240108 32.6 14.0  0.009999-99.9-99.9-99.9-99.9-9.9 9920.2 68 17.6   2  1.3-9.9-9.9
5287220240109 34.5 18.1  0.009999-99.9-99.9-99.9-99.9-9.9 9921.4 61 18.5   3  2.1-9.9-9.9
5287220240110 33.5 17.5  0.009999-99.9-99.9-99.9-99.9-9.9 9921.4 71 18.5   4  3.3-9.9-9.9
5287220240111 27.5 16.4  0.009999-99.9-99.9-99.9-99.9-9.9 9914.8 53 12.7   5  4.2-9.9-9.9
5287220240112 30.3 11.6  0.009999-99.9-99.9-99.9-99.9-9.9 9915.6 60 13.6   3  2.8-9.9-9.9
5287220240113 31.9 13.8  2.219999-99.9-99.9-99.9-99.9-9.9 9920.4 69 17.6   3  2.7-9.9-9.9
5287220240114 31.7 18.5  0.009999-99.9-99.9-99.9-99.9-9.9 9917.7 58 15.1   3  2.7-9.9-9.9
5287220240115 34.0 14.3  5.219999-99.9-99.9-99.9-99.9-9.9 9917.7 57 15.5   3  2.0-9.9-9.9
5287220240116 27.4 16.8  0.009999-99.9-99.9-99.9-99.9-9.9 9920.7 86 18.0   2  1.5-9.9-9.9
5287220240117 32.4 16.0  0.009999-99.9-99.9-99.9-99.9-9.9 9919.7 61 17.2   2  1.8-9.9-9.9
5287220240118 32.0 17.6  0.009999-99.9-99.9-99.9-99.9-9.9 9923.7 74 20.1   2  1.6-9.9-9.9
5287220240119 32.2 14.5  0.009999-99.9-99.9-99.9-99.9-9.9 9914.0 46 11.8   5  3.8-9.9-9.9
5287220240120 31.0 10.4  0.009999-99.9-99.9-99.9-99.9-9.9 9913.0 45 10.8   3  2.7-9.9-9.9
5287220240121 30.8 13.8  0.009999-99.9-99.9-99.9-99.9-9.9 9916.3 56 14.3   3  2.8-9.9-9.9
5287220240122 32.5 14.5  0.009999-99.9-99.9-99.9-99.9-9.9 9916.4 50 14.3   3  2.0-9.9-9.9
5287220240123 32.2 14.5  0.009999-99.9-99.9-99.9-99.9-9.9 9914.7 46 12.5   3  2.4-9.9-9.9
5287220240124 33.1 16.8  0.009999-99.9-99.9-99.9-99.9-9.9 9917.2 51 15.0   3  2.2-9.9-9.9
5287220240125 34.0 15.3  0.009999-99.9-99.9-99.9-99.9-9.9 9917.0 49 14.9   3  2.1-9.9-9.9
5287220240126 34.3 16.5  0.009999-99.9-99.9-99.9-99.9-9.9 9917.1 46 15.0   3  2.4-9.9-9.9
5287220240127 34.1 17.6  0.009999-99.9-99.9-99.9-99.9-9.9 9917.7 52 15.6   3  2.1-9.9-9.9
5287220240128 33.6 15.8  0.009999-99.9-99.9-99.9-99.9-9.9 9917.7 50 15.5   3  2.2-9.9-9.9
5287220240129 35.4 17.7  0.009999-99.9-99.9-99.9-99.9-9.9 9920.1 55 17.6   2  1.4-9.9-9.9
5287220240130 38.4 19.1  0.009999-99.9-99.9-99.9-99.9-9.9 9921.5 52 18.7   2  1.2-9.9-9.9
5287220240131 39.8 21.1  0.009999-99.9-99.9-99.9-99.9-9.9 9920.4 45 17.8   2  1.9-9.9-9.9
5287220240201 40.2 20.9  0.009999-99.9-99.9-99.9-99.9-9.9 9920.6 47 17.9   2  1.6-9.9-9.9
5287220240202 40.0 21.9  0.009999-99.9-99.9-99.9-99.9-9.9 9918.1 34 15.7   2  1.9-9.9-9.9
5287220240203 38.7 20.3  0.009999-99.9-99.9-99.9-99.9-9.9 9918.9 42 16.5   5  4.0-9.9-9.9
5287220240204 29.7 12.7  0.009999-99.9-99.9-99.9-99.9-9.9 9912.8 42 10.6   5  4.1-9.9-9.9
5287220240205 37.2 16.6  0.009999-99.9-99.9-99.9-99.9-9.9 9921.4 56 18.5   4  3.1-9.9-9.9
5287220240206 32.6 21.8  9.019999-99.9-99.9-99.9-99.9-9.9 9926.4 89 21.9   4  3.0-9.9-9.9
5287220240207 37.9 21.0  0.219999-99.9-99.9-99.9-99.9-9.9 9926.3 66 21.9   3  2.2-9.9-9.9
5287220240208 29.1 21.8 10.219999-99.9-99.9-99.9-99.9-9.9 9928.7 93 23.3   3  2.3-9.9-9.9
5287220240209 24.3 21.5 13.819999-99.9-99.9-99.9-99.9-9.9 9927.2100 22.5   4  3.2-9.9-9.9
5287220240210 32.1 21.9  0.009999-99.9-99.9-99.9-99.9-9.9 9928.1 83 23.0   2  1.2-9.9-9.9
5287220240211 34.7 19.8  9.519999-99.9-99.9-99.9-99.9-9.9 9926.6 75 22.1   1  1.0-9.9-9.9
5287220240212 25.6 17.4  0.819999-99.9-99.9-99.9-99.9-9.9 9921.1 80 17.9   8  6.1-9.9-9.9
5287220240213 24.0  9.6  0.009999-99.9-99.9-99.9-99.9-9.9 9913.6 66 11.4   4  3.1-9.9-9.9
5287220240214 26.5 10.5  0.009999-99.9-99.9-99.9-99.9-9.9 9915.2 65 13.2   2  1.9-9.9-9.9
5287220240215 30.7 13.0  0.009999-99.9-99.9-99.9-99.9-9.9 9918.5 70 16.2   2  1.9-9.9-9.9
5287220240216 30.4 16.5  0.009999-99.9-99.9-99.9-99.9-9.9 9919.6 65 17.2   3  2.8-9.9-9.9
5287220240217 31.7 16.9  0.009999-99.9-99.9-99.9-99.9-9.9 9922.3 69 19.2   2  1.8-9.9-9.9
5287220240218 32.1 17.8  0.009999-99.9-99.9-99.9-99.9-9.9 9922.5 72 19.3   2  1.8-9.9-9.9
5287220240219 33.0 17.4  0.009999-99.9-99.9-99.9-99.9-9.9 9921.9 66 18.9   2  1.4-9.9-9.9
5287220240220 32.4 15.4  0.009999-99.9-99.9-99.9-99.9-9.9 9921.4 69 18.5   2  1.7-9.9-9.9
5287220240221 34.6 19.1  0.009999-99.9-99.9-99.9-99.9-9.9 9924.2 70 20.5   2  1.3-9.9-9.9
5287220240222 34.3 19.0 18.519999-99.9-99.9-99.9-99.9-9.9 9922.7 72 19.5   3  2.7-9.9-9.9
5287220240223 27.0 18.2  0.009999-99.9-99.9-99.9-99.9-9.9 9922.2 88 19.2   2  1.9-9.9-9.9
5287220240224 25.4 16.5  0.009999-99.9-99.9-99.9-99.9-9.9 9918.2 74 16.0   7  5.4-9.9-9.9
5287220240225 29.5 12.5  0.009999-99.9-99.9-99.9-99.9-9.9 9917.9 66 15.6   6  4.7-9.9-9.9
5287220240226 26.1 19.2  0.009999-99.9-99.9-99.9-99.9-9.9 9924.1 86 20.5   3  2.2-9.9-9.9
5287220240227 32.7 17.2  0.009999-99.9-99.9-99.9-99.9-9.9 9924.0 81 20.4   1  0.9-9.9-9.9
5287220240228 34.6 17.9  0.009999-99.9-99.9-99.9-99.9-9.9 9924.4 70 20.7   1  1.0-9.9-9.9
5287220240229 29.4 18.2  0.009999-99.9-99.9-99.9-99.9-9.9 9918.6 59 16.3   5  4.1-9.9-9.9
5287220240301 31.6 13.4  2.019999-99.9-99.9-99.9-99.9-9.9 9922.7 74 19.2   3  2.5-9.9-9.9
5287220240302 33.4 22.4  0.219999-99.9-99.9-99.9-99.9-9.9 9924.1 72 20.1   5  4.0-9.9-9.9
5287220240303 27.1 10.5  0.009999-99.9-99.9-99.9-99.9-9.9 9911.2 52  8.4   2  2.0-9.9-9.9
5287220240304 30.2  9.9  0.009999-99.9-99.9-99.9-99.9-9.9 9912.4 55 10.1   2  2.0-9.9-9.9
5287220240305 26.2  9.2  0.009999-99.9-99.9-99.9-99.9-9.9 9912.7 58 10.5   2  1.6-9.9-9.9
5287220240306 30.6 11.5  0.009999-99.9-99.9-99.9-99.9-9.9 9915.6 63 13.5   3  2.0-9.9-9.9
5287220240307 33.1 13.4  0.819999-99.9-99.9-99.9-99.9-9.9 9916.0 50 14.0   2  2.0-9.9-9.9
5287220240308 30.8 19.0 10.819999-99.9-99.9-99.9-99.9-9.9 9921.2 83 18.4   4  3.5-9.9-9.9
5287220240309 29.3 17.7  0.009999-99.9-99.9-99.9-99.9-9.9 9920.2 79 17.5   4  3.0-9.9-9.9
5287220240310 27.1 14.2  3.819999-99.9-99.9-99.9-99.9-9.9 9921.1 82 18.1   3  2.2-9.9-9.9
5287220240311 27.7 19.1  3.019999-99.9-99.9-99.9-99.9-9.9 9924.5 98 20.8   4  3.0-9.9-9.9
5287220240312 22.2 18.7 14.819999-99.9-99.9-99.9-99.9-9.9 9923.2100 19.8   3  2.4-9.9-9.9
5287220240313 25.1 17.8  0.819999-99.9-99.9-99.9-99.9-9.9 9925.4100 21.2   2  1.6-9.9-9.9
5287220240314 29.1 21.3  0.009999-99.9-99.9-99.9-99.9-9.9 9926.0 89 21.7   2  1.9-9.9-9.9
5287220240315 28.1 15.7  0.009999-99.9-99.9-99.9-99.9-9.9 9923.1 90 19.7   3  2.1-9.9-9.9
5287220240316 30.1 18.8  0.009999-99.9-99.9-99.9-99.9-9.9 9922.8 77 19.3   3  2.3-9.9-9.9
5287220240317 29.4 13.4 17.519999-99.9-99.9-99.9-99.9-9.9 9921.6 81 18.5   3  2.3-9.9-9.9
5287220240318 30.2 20.2 14.019999-99.9-99.9-99.9-99.9-9.9 9926.1 94 21.7   2  1.3-9.9-9.9
5287220240319 29.6 19.5 32.019999-99.9-99.9-99.9-99.9-9.9 9925.6 95 21.4   3  2.3-9.9-9.9
5287220240320 22.0 18.6  5.219999-99.9-99.9-99.9-99.9-9.9 9922.5 96 19.2   5  3.9-9.9-9.9
5287220240321 21.6  8.8  0.009999-99.9-99.9-99.9-99.9-9.9 9911.9 74  9.5   4  3.5-9.9-9.9
5287220240322 24.9  7.9  0.009999-99.9-99.9-99.9-99.9-9.9 9912.6 65 10.2   1  1.2-9.9-9.9
5287220240323 26.7 12.3  0.009999-99.9-99.9-99.9-99.9-9.9 9916.7 73 14.6   2  1.8-9.9-9.9
5287220240324 31.7 12.4  0.009999-99.9-99.9-99.9-99.9-9.9 9919.6 80 17.1   1  0.5-9.9-9.9
5287220240325 28.1 13.8  0.009999-99.9-99.9-99.9-99.9-9.9 9917.2 72 15.2   2  1.9-9.9-9.9
5287220240326 28.9 13.6  0.009999-99.9-99.9-99.9-99.9-9.9 9918.1 77 15.9   2  1.4-9.9-9.9
5287220240327 31.6 14.7  0.009999-99.9-99.9-99.9-99.9-9.9 9920.9 75 18.1   1  1.0-9.9-9.9
5287220240328 32.5 17.4  0.009999-99.9-99.9-99.9-99.9-9.9 9921.9 70 19.0   1  0.5-9.9-9.9
5287220240329 32.0 16.3  0.009999-99.9-99.9-99.9-99.9-9.9 9920.6 68 17.9   2  1.3-9.9-9.9
5287220240330 32.0 18.1  0.009999-99.9-99.9-99.9-99.9-9.9 9921.9 80 18.8   3  2.6-9.9-9.9
5287220240331 22.8 11.9  0.009999-99.9-99.9-99.9-99.9-9.9 9914.0 70 11.9   3  2.2-9.9-9.9
5287220240401 24.3 12.8  0.009999-99.9-99.9-99.9-99.9-9.9 9914.5 74 12.4   1  1.0-9.9-9.9
5287220240402 24.5  6.9  0.009999-99.9-99.9-99.9-99.9-9.9 9913.9 74 11.8   2  1.5-9.9-9.9
5287220240403 23.9 14.3  0.009999-99.9-99.9-99.9-99.9-9.9 9917.4 87 15.2   2  1.7-9.9-9.9
5287220240404 30.1  9.9  0.009999-99.9-99.9-99.9-99.9-9.9 9915.2 71 13.0   0  0.3-9.9-9.9
5287220240405 31.7 12.0  0.009999-99.9-99.9-99.9-99.9-9.9 9915.8 67 13.8   1  1.1-9.9-9.9
5287220240406 29.0 12.6  0.009999-99.9-99.9-99.9-99.9-9.9 9915.6 71 13.6   2  1.5-9.9-9.9
5287220240407 29.2  9.7  0.009999-99.9-99.9-99.9-99.9-9.9 9915.5 74 13.5   1  0.8-9.9-9.9
5287220240408 30.1 13.6  0.009999-99.9-99.9-99.9-99.9-9.9 9918.7 78 16.4   2  1.4-9.9-9.9
5287220240409 23.9 15.5  0.009999-99.9-99.9-99.9-99.9-9.9 9918.3 86 16.0   4  3.2-9.9-9.9
5287220240410 17.2  9.7  0.009999-99.9-99.9-99.9-99.9-9.9 9911.7 76  9.3   4  3.3-9.9-9.9
5287220240411 14.9  6.1  4.519999-99.9-99.9-99.9-99.9-9.9 9911.9 86  9.5   2  1.9-9.9-9.9
5287220240412 16.8 10.1  3.819999-99.9-99.9-99.9-99.9-9.9 9915.2 98 13.1   4  3.4-9.9-9.9
5287220240413 19.3 14.6 44.219999-99.9-99.9-99.9-99.9-9.9 9918.5 97 16.2   8  6.7-9.9-9.9
5287220240414 20.8 16.1 15.019999-99.9-99.9-99.9-99.9-9.9 9922.4100 19.3   6  5.1-9.9-9.9
5287220240415 22.5 20.2  9.819999-99.9-99.9-99.9-99.9-9.9 9924.8100 20.9   4  3.3-9.9-9.9
5287220240416 20.2 13.9  0.819999-99.9-99.9-99.9-99.9-9.9 9917.5 97 15.3   4  3.0-9.9-9.9
5287220240417 23.9 12.4  0.009999-99.9-99.9-99.9-99.9-9.9 9913.4 68 11.3   3  2.6-9.9-9.9
5287220240418 26.1  7.6  0.009999-99.9-99.9-99.9-99.9-9.9 9913.6 72 11.3   1  0.7-9.9-9.9
5287220240419 30.5 13.6  0.009999-99.9-99.9-99.9-99.9-9.9 9917.2 72 15.1   2  1.4-9.9-9.9
5287220240420 29.6 13.2  0.009999-99.9-99.9-99.9-99.9-9.9 9919.7 81 17.2   1  0.5-9.9-9.9
5287220240421 19.7 15.1 49.019999-99.9-99.9-99.9-99.9-9.9 9916.0 78 13.8   7  5.7-9.9-9.9
5287220240422 20.7 11.4  5.019999-99.9-99.9-99.9-99.9-9.9 9917.9 96 15.7   7  5.5-9.9-9.9
5287220240423 21.2  9.3  0.009999-99.9-99.9-99.9-99.9-9.9 9914.4 83 12.2   4  3.3-9.9-9.9
5287220240424 21.3  4.2  7.019999-99.9-99.9-99.9-99.9-9.9 99 9.4 62  6.0   1  1.2-9.9-9.9
5287220240425 17.0 10.4  5.219999-99.9-99.9-99.9-99.9-9.9 9914.1 94 12.0   1  1.0-9.9-9.9
5287220240426 17.9 11.1  8.519999-99.9-99.9-99.9-99.9-9.9 9916.4100 14.3   3  2.3-9.9-9.9
5287220240427 17.2  7.8  0.009999-99.9-99.9-99.9-99.9-9.9 9910.6 81  7.8   3  2.7-9.9-9.9
5287220240428 23.3  5.6  0.009999-99.9-99.9-99.9-99.9-9.9 9910.0 62  6.9   2  1.6-9.9-9.9
5287220240429 22.1 11.2  1.819999-99.9-99.9-99.9-99.9-9.9 9914.9 81 12.7   3  2.2-9.9-9.9
5287220240430 21.4 13.9  0.219999-99.9-99.9-99.9-99.9-9.9 9916.3 82 14.0   3  2.7-9.9-9.9
5287220240501 19.5  7.9  0.009999-99.9-99.9-99.9-99.9-9.9 9910.9 72  8.2   4  2.8-9.9-9.9
5287220240502 16.8  6.5  0.009999-99.9-99.9-99.9-99.9-9.9 99 8.9 72  5.2   4  3.0-9.9-9.9
5287220240503 18.7  3.5  0.009999-99.9-99.9-99.9-99.9-9.9 99 8.4 63  4.4   2  1.4-9.9-9.9
5287220240504 22.8  3.7  0.009999-99.9-99.9-99.9-99.9-9.9 9912.0 79  9.2   1  1.1-9.9-9.9
5287220240505 19.6 14.2  1.019999-99.9-99.9-99.9-99.9-9.9 9918.9 97 16.6   0  0.4-9.9-9.9
5287220240506 16.9 12.0  1.019999-99.9-99.9-99.9-99.9-9.9 9915.7100 13.7   5  4.2-9.9-9.9
5287220240507 18.8 13.0  1.019999-99.9-99.9-99.9-99.9-9.9 9918.4100 16.1   2  1.9-9.9-9.9
5287220240508 17.2  5.9  0.009999-99.9-99.9-99.9-99.9-9.9 9911.9 81  9.0   8  6.3-9.9-9.9
5287220240509 19.5  3.0  0.009999-99.9-99.9-99.9-99.9-9.9 99 7.6 65  2.9   2  1.5-9.9-9.9
5287220240510 19.5  1.2  0.009999-99.9-99.9-99.9-99.9-9.9 99 9.6 80  6.2   1  0.7-9.9-9.9
5287220240511 16.6  5.1  0.009999-99.9-99.9-99.9-99.9-9.9 9910.7 79  7.8   5  3.7-9.9-9.9
5287220240512 14.3  5.5  0.009999-99.9-99.9-99.9-99.9-9.9 99 9.7 87  6.5   6  4.6-9.9-9.9
5287220240513 15.2  0.8  0.009999-99.9-99.9-99.9-99.9-9.9 99 8.2 83  4.0   4  3.4-9.9-9.9
5287220240514 15.0  1.8  0.009999-99.9-99.9-99.9-99.9-9.9 99 8.5 84  4.5   2  1.8-9.9-9.9
5287220240515 18.7  3.7  0.009999-99.9-99.9-99.9-99.9-9.9 99 8.8 73  5.0   2  1.6-9.9-9.9
5287220240516 19.9  4.6  0.009999-99.9-99.9-99.9-99.9-9.9 99 9.8 70  6.6   2  2.0-9.9-9.9
5287220240517 12.0  3.2  0.009999-99.9-99.9-99.9-99.9-9.9 99 9.6 95  6.3   3  2.1-9.9-9.9
5287220240518 14.3 -0.5  0.009999-99.9-99.9-99.9-99.9-9.9 99 8.6 82  4.6   2  1.3-9.9-9.9
5287220240519 15.7  4.9  0.009999-99.9-99.9-99.9-99.9-9.9 99 9.4 87  6.0   1  0.5-9.9-9.9
5287220240520 18.0  4.1  0.009999-99.9-99.9-99.9-99.9-9.9 99 9.7 81  6.5   2  1.8-9.9-9.9
5287220240521 14.0  5.7  0.009999-99.9-99.9-99.9-99.9-9.9 9911.5 93  9.0   1  1.0-9.9-9.9
5287220240522 15.6  6.4  0.009999-99.9-99.9-99.9-99.9-9.9 9912.1 93  9.7   2  2.0-9.9-9.9
5287220240523 14.7  8.1  0.009999-99.9-99.9-99.9-99.9-9.9 9910.3 80  7.3   5  4.2-9.9-9.9
5287220240524 13.1  3.8  0.009999-99.9-99.9-99.9-99.9-9.9 99 8.2 85  4.1   7  5.6-9.9-9.9
5287220240525 12.6 -0.9  0.009999-99.9-99.9-99.9-99.9-9.9 99 7.1 79  2.0   3  2.2-9.9-9.9
5287220240526 11.0 -1.3  0.009999-99.9-99.9-99.9-99.9-9.9 99 7.9 82  3.3   2  1.3-9.9-9.9
5287220240527 13.3  2.7  0.009999-99.9-99.9-99.9-99.9-9.9 99 8.1 85  3.9   2  1.8-9.9-9.9
5287220240528 14.9  0.0  0.009999-99.9-99.9-99.9-99.9-9.9 99 9.7 93  6.0   1  0.9-9.9-9.9
5287220240529 17.8  6.0  0.009999-99.9-99.9-99.9-99.9-9.9 9911.9 88  9.4   2  1.3-9.9-9.9
5287220240530 18.8  3.1  0.009999-99.9-99.9-99.9-99.9-9.9 9911.6 90  9.0   1  0.6-9.9-9.9
5287220240531 18.2  5.4  0.009999-99.9-99.9-99.9-99.9-9.9 9912.5 90 10.2   2  1.4-9.9-9.9
5287220240601 20.9  9.5  0.009999-99.9-99.9-99.9-99.9-9.9 9913.6 86 11.4   2  1.8-9.9-9.9
5287220240602 12.8  5.7  0.009999-99.9-99.9-99.9-99.9-9.9 99 9.5 81  6.2   6  4.5-9.9-9.9
5287220240603 12.5  1.4  0.009999-99.9-99.9-99.9-99.9-9.9 99 8.3 84  4.3   4  3.5-9.9-9.9
5287220240604 13.2  3.2  0.009999-99.9-99.9-99.9-99.9-9.9 99 9.4 85  6.0   2  1.6-9.9-9.9
5287220240605 16.4  8.4  0.009999-99.9-99.9-99.9-99.9-9.9 9912.7 93 10.4   1  1.1-9.9-9.9
5287220240606 17.5  5.1  0.009999-99.9-99.9-99.9-99.9-9.9 9913.0 99 10.5   0  0.3-9.9-9.9
5287220240607 21.6  9.4  0.009999-99.9-99.9-99.9-99.9-9.9 9915.8 88 13.6   3  2.1-9.9-9.9
5287220240608 23.0 15.3  0.009999-99.9-99.9-99.9-99.9-9.9 9920.9 92 18.1   2  1.3-9.9-9.9
5287220240609 22.3 13.4  0.009999-99.9-99.9-99.9-99.9-9.9 9918.9 93 16.2   5  4.2-9.9-9.9
5287220240610 22.1  5.4  0.009999-99.9-99.9-99.9-99.9-9.9 9910.8 74  8.0   3  2.2-9.9-9.9
5287220240611 16.8  5.6  0.009999-99.9-99.9-99.9-99.9-9.9 9913.8 94 11.4   3  2.1-9.9-9.9
5287220240612 20.5 14.0  0.009999-99.9-99.9-99.9-99.9-9.9 9919.1 97 16.6   2  1.7-9.9-9.9
5287220240613 26.7 17.6  0.009999-99.9-99.9-99.9-99.9-9.9 9921.3 78 18.5   6  4.7-9.9-9.9
5287220240614 20.3 13.5  0.009999-99.9-99.9-99.9-99.9-9.9 9914.2 77 12.0   4  3.4-9.9-9.9
5287220240615 22.0  4.3  0.009999-99.9-99.9-99.9-99.9-9.9 9910.0 76  6.9   2  1.7-9.9-9.9
5287220240616 20.0  6.2  0.009999-99.9-99.9-99.9-99.9-9.9 9910.6 78  7.7   1  0.9-9.9-9.9
5287220240617 20.7  3.3  0.009999-99.9-99.9-99.9-99.9-9.9 9911.2 83  8.3   1  0.9-9.9-9.9
5287220240618 17.2  9.7  5.819999-99.9-99.9-99.9-99.9-9.9 9915.8 98 13.8   1  0.8-9.9-9.9
5287220240619 18.9  7.4  0.009999-99.9-99.9-99.9-99.9-9.9 9911.9 80  9.5   5  4.3-9.9-9.9
5287220240620 14.9  2.8  0.519999-99.9-99.9-99.9-99.9-9.9 99 9.0 77  5.1   6  5.2-9.9-9.9
5287220240621 15.8 10.5  0.009999-99.9-99.9-99.9-99.9-9.9 9915.9100 13.8   3  2.3-9.9-9.9
5287220240622 17.1 12.6  4.219999-99.9-99.9-99.9-99.9-9.9 9915.4 93 13.4   6  4.7-9.9-9.9
5287220240623 14.2  4.8  0.009999-99.9-99.9-99.9-99.9-9.9 99 9.6 85  6.3   6  4.6-9.9-9.9
5287220240624 12.3 -0.1  0.819999-99.9-99.9-99.9-99.9-9.9 99 8.1 89  3.8   5  4.2-9.9-9.9
5287220240625  9.8  1.0  0.009999-99.9-99.9-99.9-99.9-9.9 99 8.9 92  5.3   2  1.3-9.9-9.9
5287220240626 15.3  2.6  0.009999-99.9-99.9-99.9-99.9-9.9 99 9.2 79  5.6   5  4.0-9.9-9.9
5287220240627 14.7  6.3  0.009999-99.9-99.9-99.9-99.9-9.9 99 9.6 76  6.4   5  3.6-9.9-9.9
5287220240628 11.9  2.6  0.009999-99.9-99.9-99.9-99.9-9.9 99 8.0 85  3.8   6  5.1-9.9-9.9
5287220240629 10.3 -0.2  0.009999-99.9-99.9-99.9-99.9-9.9 99 6.2 80  0.2   5  4.0-9.9-9.9
5287220240630 17.7 -1.7  0.009999-99.9-99.9-99.9-99.9-9.9 99 6.6 70  0.9   5  3.6-9.9-9.9
5287220240701 21.3  1.7  0.009999-99.9-99.9-99.9-99.9-9.9 99 8.6 76  4.6   3  2.1-9.9-9.9
5287220240702 21.0  1.2  0.009999-99.9-99.9-99.9-99.9-9.9 99 8.7 66  4.8   4  2.9-9.9-9.9
5287220240703 12.7  0.8  0.009999-99.9-99.9-99.9-99.9-9.9 99 7.5 85  2.8   5  4.3-9.9-9.9
5287220240704 13.6 -0.9  0.009999-99.9-99.9-99.9-99.9-9.9 99 5.6 65 -1.3   4  3.2-9.9-9.9
5287220240705 12.0 -3.1  0.009999-99.9-99.9-99.9-99.9-9.9 99 4.3 62 -4.7   4  3.0-9.9-9.9
5287220240706  7.8 -4.7  0.219999-99.9-99.9-99.9-99.9-9.9 99 5.8 81 -1.0   1  1.1-9.9-9.9
5287220240707 10.8 -0.7  0.009999-99.9-99.9-99.9-99.9-9.9 99 6.6 85  1.1   4  3.2-9.9-9.9
5287220240708 10.3 -3.4  0.009999-99.9-99.9-99.9-99.9-9.9 99 5.6 77 -1.2   1  0.9-9.9-9.9
5287220240709 10.3 -6.1  0.009999-99.9-99.9-99.9-99.9-9.9 99 5.2 79 -2.3   1  0.8-9.9-9.9
5287220240710 11.5 -6.0  0.009999-99.9-99.9-99.9-99.9-9.9 99 5.3 78 -2.0   1  0.9-9.9-9.9
5287220240711 14.3 -3.7  0.009999-99.9-99.9-99.9-99.9-9.9 99 6.0 73 -0.3   2  1.6-9.9-9.9
5287220240712 15.8 -4.1  0.009999-99.9-99.9-99.9-99.9-9.9 99 6.5 76  0.7   2  1.3-9.9-9.9
5287220240713 15.6 -1.9  0.009999-99.9-99.9-99.9-99.9-9.9 99 5.9 65 -0.5   2  1.8-9.9-9.9
5287220240714 15.4 -4.8  0.009999-99.9-99.9-99.9-99.9-9.9 99 6.0 72 -0.3   1  0.9-9.9-9.9
5287220240715 15.9 -3.7  0.009999-99.9-99.9-99.9-99.9-9.9 99 9.4 89  5.4   2  1.5-9.9-9.9
5287220240716 17.2  2.3  0.009999-99.9-99.9-99.9-99.9-9.9 9911.0 88  8.2   1  1.0-9.9-9.9
5287220240717 19.1  3.3  0.009999-99.9-99.9-99.9-99.9-9.9 9910.7 80  8.0   2  1.5-9.9-9.9
5287220240718 22.0  4.9  0.009999-99.9-99.9-99.9-99.9-9.9 9911.9 83  9.3   2  1.4-9.9-9.9
5287220240719 13.6  8.4  0.009999-99.9-99.9-99.9-99.9-9.9 99 9.8 72  6.6   8  6.4-9.9-9.9
5287220240720  9.7  2.4  0.219999-99.9-99.9-99.9-99.9-9.9 99 9.0 95  5.4   5  4.0-9.9-9.9
5287220240721 12.6  6.9  0.219999-99.9-99.9-99.9-99.9-9.9 9911.6100  9.0   3  2.5-9.9-9.9
5287220240722 18.4  2.9  0.009999-99.9-99.9-99.9-99.9-9.9 9910.3 84  7.2   2  1.7-9.9-9.9
5287220240723 15.0  5.8  0.009999-99.9-99.9-99.9-99.9-9.9 9913.2100 10.8   2  1.7-9.9-9.9
5287220240724 24.7 12.1  0.009999-99.9-99.9-99.9-99.9-9.9 9912.6 65  9.8   3  2.1-9.9-9.9
5287220240725 25.0  5.0  0.009999-99.9-99.9-99.9-99.9-9.9 99 9.0 61  5.3   3  2.2-9.9-9.9
5287220240726 22.9  3.8  0.009999-99.9-99.9-99.9-99.9-9.9 99 9.2 64  5.7   2  1.3-9.9-9.9
5287220240727 20.4  3.9  0.009999-99.9-99.9-99.9-99.9-9.9 99 6.5 47  0.5   5  4.3-9.9-9.9
5287220240728 15.6  1.6  0.009999-99.9-99.9-99.9-99.9-9.9 99 5.9 59 -0.5   2  1.8-9.9-9.9
5287220240729 13.9 -6.1  0.009999-99.9-99.9-99.9-99.9-9.9 99 4.3 59 -4.7   1  1.2-9.9-9.9
5287220240730 15.9 -0.6  0.009999-99.9-99.9-99.9-99.9-9.9 99 6.7 64  1.2   3  2.5-9.9-9.9
5287220240731 19.9  6.6  0.009999-99.9-99.9-99.9-99.9-9.9 9913.0 83 10.5   3  2.2-9.9-9.9
5287220240801 24.9 15.4  0.009999-99.9-99.9-99.9-99.9-9.9 9919.1 83 16.8   3  2.5-9.9-9.9
5287220240802 32.4 17.8 11.819999-99.9-99.9-99.9-99.9-9.9 9919.2 63 16.8  10  7.6-9.9-9.9
5287220240803 21.2 11.6  0.009999-99.9-99.9-99.9-99.9-9.9 9912.8 72 10.2   5  4.0-9.9-9.9
5287220240804 20.9  2.7  0.009999-99.9-99.9-99.9-99.9-9.9 99 8.6 64  4.8   2  1.8-9.9-9.9
5287220240805 16.8  5.3  0.519999-99.9-99.9-99.9-99.9-9.9 9912.8 87 10.2   5  3.9-9.9-9.9
5287220240806 15.5 12.9  9.019999-99.9-99.9-99.9-99.9-9.9 9915.7100 13.6   5  3.9-9.9-9.9
5287220240807 14.0  4.6  0.819999-99.9-99.9-99.9-99.9-9.9 9910.4 89  7.5   6  5.1-9.9-9.9
5287220240808  8.9  6.9  9.519999-99.9-99.9-99.9-99.9-9.9 9910.0 99  7.0  14 11.0-9.9-9.9
5287220240809 11.9 -0.3  0.009999-99.9-99.9-99.9-99.9-9.9 99 7.4 87  2.6   4  3.6-9.9-9.9
5287220240810 20.1  1.1  0.219999-99.9-99.9-99.9-99.9-9.9 99 7.9 58  3.5   5  3.9-9.9-9.9
5287220240811 16.0  5.6  0.009999-99.9-99.9-99.9-99.9-9.9 99 8.2 70  4.1  10  8.3-9.9-9.9
5287220240812 16.9 -0.2  0.009999-99.9-99.9-99.9-99.9-9.9 99 7.7 69  3.1   3  2.1-9.9-9.9
5287220240813 21.7  3.5  0.009999-99.9-99.9-99.9-99.9-9.9 99 7.9 58  3.5   4  2.8-9.9-9.9
5287220240814 20.8  2.3  0.009999-99.9-99.9-99.9-99.9-9.9 99 8.9 64  5.1   2  1.7-9.9-9.9
5287220240815 20.8  3.3  0.009999-99.9-99.9-99.9-99.9-9.9 9910.9 77  8.1   4  3.5-9.9-9.9
5287220240816 12.2  5.1  0.009999-99.9-99.9-99.9-99.9-9.9 99 9.8 89  6.6   7  5.6-9.9-9.9
5287220240817 14.6  6.3  0.009999-99.9-99.9-99.9-99.9-9.9 9911.6 93  9.0   4  3.2-9.9-9.9
5287220240818 14.9  6.9  0.009999-99.9-99.9-99.9-99.9-9.9 9913.2 97 10.9   5  3.9-9.9-9.9
5287220240819 14.9  8.3  0.009999-99.9-99.9-99.9-99.9-9.9 9911.0 84  8.2  11  8.6-9.9-9.9
5287220240820  9.7  1.8  5.019999-99.9-99.9-99.9-99.9-9.9 99 8.8 93  5.1   8  6.8-9.9-9.9
5287220240821 10.9  7.0  0.219999-99.9-99.9-99.9-99.9-9.9 9911.3100  8.8   8  6.8-9.9-9.9
5287220240822 10.6  6.4  0.219999-99.9-99.9-99.9-99.9-9.9 99 9.9 92  6.8   9  7.1-9.9-9.9
5287220240823 15.3 -1.1  0.009999-99.9-99.9-99.9-99.9-9.9 99 8.1 85  3.8   3  2.3-9.9-9.9
5287220240824 12.9  1.8  0.009999-99.9-99.9-99.9-99.9-9.9 99 9.1 91  5.4   2  1.8-9.9-9.9
5287220240825 15.6 -0.1  0.009999-99.9-99.9-99.9-99.9-9.9 99 8.3 81  4.1   2  1.6-9.9-9.9
5287220240826 17.4  0.4  0.009999-99.9-99.9-99.9-99.9-9.9 99 8.4 77  4.4   2  1.8-9.9-9.9
5287220240827 21.7  2.6  0.009999-99.9-99.9-99.9-99.9-9.9 99 9.4 73  6.1   2  1.2-9.9-9.9
5287220240828 20.8  4.3  0.009999-99.9-99.9-99.9-99.9-9.9 9910.1 68  7.0   2  1.9-9.9-9.9
5287220240829 20.1  4.2  0.009999-99.9-99.9-99.9-99.9-9.9 9911.4 79  8.8   5  4.0-9.9-9.9
5287220240830 11.8  7.1 36.519999-99.9-99.9-99.9-99.9-9.9 9910.8 98  8.0   8  6.8-9.9-9.9
5287220240831 10.0  6.6 11.219999-99.9-99.9-99.9-99.9-9.9 9911.2100  8.6  15 11.6-9.9-9.9
5287220240901 17.8  3.7  0.009999-99.9-99.9-99.9-99.9-9.9 9910.6 84  7.7   4  3.4-9.9-9.9
5287220240902 21.2  7.2  0.009999-99.9-99.9-99.9-99.9-9.9 9913.6 87 11.4   3  2.7-9.9-9.9
5287220240903 18.8  8.0  0.009999-99.9-99.9-99.9-99.9-9.9 99 9.7 63  6.4   5  3.7-9.9-9.9
5287220240904 20.1  3.0  0.009999-99.9-99.9-99.9-99.9-9.9 99 8.5 63  4.6   4  3.3-9.9-9.9
5287220240905 20.1  0.1  0.009999-99.9-99.9-99.9-99.9-9.9 99 8.4 60  4.3   4  3.2-9.9-9.9
5287220240906 23.9  9.5  0.009999-99.9-99.9-99.9-99.9-9.9 9910.2 60  7.2   4  3.3-9.9-9.9
5287220240907 23.9  4.2  0.009999-99.9-99.9-99.9-99.9-9.9 9910.6 59  7.7   2  1.3-9.9-9.9
5287220240908 24.8  6.9  0.009999-99.9-99.9-99.9-99.9-9.9 9910.9 58  8.2   3  2.1-9.9-9.9
5287220240909 20.7  6.1  0.009999-99.9-99.9-99.9-99.9-9.9 9914.3 86 12.0   5  3.7-9.9-9.9
5287220240910 21.6 11.5  0.219999-99.9-99.9-99.9-99.9-9.9 9915.1 86 13.1   4  3.3-9.9-9.9
5287220240911 21.8  9.2  0.009999-99.9-99.9-99.9-99.9-9.9 9910.9 73  8.1   4  3.1-9.9-9.9
5287220240912 22.7  2.2  0.009999-99.9-99.9-99.9-99.9-9.9 99 8.9 60  5.2   2  1.6-9.9-9.9
5287220240913 23.0  6.5  0.009999-99.9-99.9-99.9-99.9-9.9 9911.5 74  9.0   3  2.4-9.9-9.9
5287220240914 20.9  4.3  0.009999-99.9-99.9-99.9-99.9-9.9 99 8.3 57  4.3   4  3.0-9.9-9.9
5287220240915 23.2  5.1  0.009999-99.9-99.9-99.9-99.9-9.9 99 8.9 54  5.2   4  3.2-9.9-9.9
5287220240916 27.8  4.8  0.009999-99.9-99.9-99.9-99.9-9.9 99 9.0 46  5.3   2  1.7-9.9-9.9
5287220240917 25.3 11.1  0.009999-99.9-99.9-99.9-99.9-9.9 9912.5 61 10.2   3  2.2-9.9-9.9
5287220240918 29.7 13.2  0.009999-99.9-99.9-99.9-99.9-9.9 9916.2 63 14.2   3  2.4-9.9-9.9
5287220240919 23.3 13.1  5.019999-99.9-99.9-99.9-99.9-9.9 9917.3 87 15.0   4  3.5-9.9-9.9
5287220240920 24.0  6.8  0.009999-99.9-99.9-99.9-99.9-9.9 99 9.7 52  6.4   4  3.1-9.9-9.9
5287220240921 26.0  9.0  0.009999-99.9-99.9-99.9-99.9-9.9 9915.5 75 13.0   4  3.4-9.9-9.9
5287220240922 23.7 13.2  0.009999-99.9-99.9-99.9-99.9-9.9 9916.1 76 13.9   5  3.7-9.9-9.9
5287220240923 23.0  8.8  0.009999-99.9-99.9-99.9-99.9-9.9 9911.9 63  9.4   4  3.6-9.9-9.9
5287220240924 23.6  7.8  0.009999-99.9-99.9-99.9-99.9-9.9 9910.6 63  7.8   6  4.7-9.9-9.9
5287220240925 23.1  6.8  0.009999-99.9-99.9-99.9-99.9-9.9 9911.1 64  8.4   8  6.6-9.9-9.9
5287220240926 21.0  5.9  0.009999-99.9-99.9-99.9-99.9-9.9 99 7.6 47  2.8   5  3.7-9.9-9.9
5287220240927 24.1  4.9  0.009999-99.9-99.9-99.9-99.9-9.9 99 9.8 56  6.5   3  2.3-9.9-9.9
5287220240928 28.4 11.0  0.009999-99.9-99.9-99.9-99.9-9.9 9914.3 63 12.2   3  2.4-9.9-9.9
5287220240929 31.8 12.6  0.009999-99.9-99.9-99.9-99.9-9.9 9916.2 60 14.2   3  2.3-9.9-9.9
5287220240930 26.0 18.7  0.519999-99.9-99.9-99.9-99.9-9.9 9919.3 78 16.8   5  4.4-9.9-9.9
5287220241001 20.8  7.7  0.009999-99.9-99.9-99.9-99.9-9.9 9912.3 73 10.0   4  3.3-9.9-9.9
5287220241002 20.2  3.6  0.009999-99.9-99.9-99.9-99.9-9.9 99 8.5 61  4.5   4  3.3-9.9-9.9
5287220241003 22.4  2.2  0.009999-99.9-99.9-99.9-99.9-9.9 99 8.6 56  4.8   2  1.5-9.9-9.9
5287220241004 25.6  7.5  0.009999-99.9-99.9-99.9-99.9-9.9 9910.1 52  7.0   3  2.8-9.9-9.9
5287220241005 27.6  8.1  0.009999-99.9-99.9-99.9-99.9-9.9 9912.6 57 10.3   3  2.7-9.9-9.9
5287220241006 23.4 10.0  0.009999-99.9-99.9-99.9-99.9-9.9 9914.5 78 12.5   7  5.7-9.9-9.9
5287220241007 19.8 13.7  0.009999-99.9-99.9-99.9-99.9-9.9 9917.6 94 15.5   3  2.4-9.9-9.9
5287220241008 18.6 11.6  0.009999-99.9-99.9-99.9-99.9-9.9 9914.9 94 12.9   5  3.9-9.9-9.9
5287220241009 21.9  9.5  0.219999-99.9-99.9-99.9-99.9-9.9 9913.0 70 10.9   5  4.1-9.9-9.9
5287220241010 25.4  9.8  0.009999-99.9-99.9-99.9-99.9-9.9 9913.7 68 11.6   2  1.2-9.9-9.9
5287220241011 29.8 12.4  0.009999-99.9-99.9-99.9-99.9-9.9 9913.9 52 11.7   5  3.9-9.9-9.9
5287220241012 27.9 10.2  0.009999-99.9-99.9-99.9-99.9-9.9 9913.4 59 11.3   2  1.6-9.9-9.9
5287220241013 23.2 12.9  0.009999-99.9-99.9-99.9-99.9-9.9 9916.5 87 14.5   1  0.9-9.9-9.9
5287220241014 19.0 10.3  1.219999-99.9-99.9-99.9-99.9-9.9 9917.7 98 15.4   2  1.6-9.9-9.9
5287220241015 27.3 12.0  0.009999-99.9-99.9-99.9-99.9-9.9 9917.5 79 15.3   2  2.0-9.9-9.9
5287220241016 29.3 10.0  1.819999-99.9-99.9-99.9-99.9-9.9 9915.4 65 13.3   3  2.5-9.9-9.9
5287220241017 28.0 14.1  0.009999-99.9-99.9-99.9-99.9-9.9 9918.1 83 15.8   3  2.8-9.9-9.9
5287220241018 28.4  9.5  0.009999-99.9-99.9-99.9-99.9-9.9 9912.7 48 10.5   2  1.3-9.9-9.9
5287220241019 31.6 11.7  0.009999-99.9-99.9-99.9-99.9-9.9 9916.8 59 14.7   2  2.0-9.9-9.9
5287220241020 33.1 15.2  0.009999-99.9-99.9-99.9-99.9-9.9 9918.7 56 16.3   4  3.1-9.9-9.9
5287220241021 37.5 21.5  0.009999-99.9-99.9-99.9-99.9-9.9 9923.4 57 19.9   3  2.3-9.9-9.9
5287220241022 28.8 16.3  6.219999-99.9-99.9-99.9-99.9-9.9 9914.8 48 12.7   6  4.9-9.9-9.9
5287220241023 21.1 14.4 45.019999-99.9-99.9-99.9-99.9-9.9 9917.3100 15.2   6  4.4-9.9-9.9
5287220241024 22.9 13.6  0.009999-99.9-99.9-99.9-99.9-9.9 9918.1 95 15.9   5  4.2-9.9-9.9
5287220241025 20.9 11.3  3.019999-99.9-99.9-99.9-99.9-9.9 9913.7 84 11.5   5  4.2-9.9-9.9
5287220241026 26.0  6.6  0.009999-99.9-99.9-99.9-99.9-9.9 9911.5 60  9.0   3  2.6-9.9-9.9
5287220241027 29.4 10.4  0.009999-99.9-99.9-99.9-99.9-9.9 9914.9 62 12.8   3  2.4-9.9-9.9
5287220241028 31.4 13.2  0.009999-99.9-99.9-99.9-99.9-9.9 9916.6 54 14.5   3  2.6-9.9-9.9
5287220241029 33.5 15.7  0.009999-99.9-99.9-99.9-99.9-9.9 9919.5 57 17.1   2  1.5-9.9-9.9
5287220241030 33.7 15.2  0.009999-99.9-99.9-99.9-99.9-9.9 9917.4 54 15.3   2  1.9-9.9-9.9
5287220241031 31.0 15.7  0.009999-99.9-99.9-99.9-99.9-9.9 9919.9 66 17.3   2  1.9-9.9-9.9
5287220241101 34.1 17.2  4.519999-99.9-99.9-99.9-99.9-9.9 9923.1 67 19.7   2  1.8-9.9-9.9
5287220241102 25.9 13.9  2.519999-99.9-99.9-99.9-99.9-9.9 9919.9 95 17.1   4  3.1-9.9-9.9
5287220241103 25.6  8.8 27.519999-99.9-99.9-99.9-99.9-9.9 9915.4 77 13.2   6  4.8-9.9-9.9
5287220241104 24.8 14.1  2.019999-99.9-99.9-99.9-99.9-9.9 9918.1 88 15.8   4  3.1-9.9-9.9
5287220241105 26.6  9.1  0.009999-99.9-99.9-99.9-99.9-9.9 9914.5 63 12.4   2  1.8-9.9-9.9
5287220241106 28.9  9.7  0.219999-99.9-99.9-99.9-99.9-9.9 9916.4 61 14.1   3  2.7-9.9-9.9
5287220241107 23.2 12.8  0.009999-99.9-99.9-99.9-99.9-9.9 9913.7 65 11.6   7  5.7-9.9-9.9
5287220241108 27.4  9.6  0.009999-99.9-99.9-99.9-99.9-9.9 9915.6 69 13.5   2  1.8-9.9-9.9
5287220241109 30.3 13.0  0.009999-99.9-99.9-99.9-99.9-9.9 9916.4 57 14.3   2  1.6-9.9-9.9
5287220241110 23.7 15.0  9.519999-99.9-99.9-99.9-99.9-9.9 9918.8 97 16.5   3  2.3-9.9-9.9
5287220241111 21.4 11.8  0.009999-99.9-99.9-99.9-99.9-9.9 9911.8 55  9.2   6  4.9-9.9-9.9
5287220241112 25.9  7.1  0.009999-99.9-99.9-99.9-99.9-9.9 9912.3 65 10.0   3  2.1-9.9-9.9
5287220241113 29.1 10.3  0.009999-99.9-99.9-99.9-99.9-9.9 9913.7 52 11.6   1  1.0-9.9-9.9
5287220241114 33.2 13.3  0.009999-99.9-99.9-99.9-99.9-9.9 9915.8 49 13.7   2  1.8-9.9-9.9
5287220241115 34.1 17.8  0.009999-99.9-99.9-99.9-99.9-9.9 9918.0 48 15.8   3  2.4-9.9-9.9
5287220241116 32.7 15.0 24.519999-99.9-99.9-99.9-99.9-9.9 9919.6 63 17.1   5  4.1-9.9-9.9
5287220241117 20.0 12.6  1.019999-99.9-99.9-99.9-99.9-9.9 9914.8 87 12.8   6  4.8-9.9-9.9
5287220241118 24.0  7.1  0.219999-99.9-99.9-99.9-99.9-9.9 9913.0 67 10.8   3  2.5-9.9-9.9
5287220241119 23.9  9.8  0.219999-99.9-99.9-99.9-99.9-9.9 9915.6 72 13.5   3  2.3-9.9-9.9
5287220241120 27.4 13.0  0.219999-99.9-99.9-99.9-99.9-9.9 9916.2 61 14.2   4  3.3-9.9-9.9
5287220241121 28.3 15.9  0.009999-99.9-99.9-99.9-99.9-9.9 9917.5 61 15.3   4  2.9-9.9-9.9
5287220241122 29.5 13.5  0.009999-99.9-99.9-99.9-99.9-9.9 9917.4 60 15.3   3  2.8-9.9-9.9
5287220241123 30.9 15.0  0.009999-99.9-99.9-99.9-99.9-9.9 9919.1 59 16.7   4  2.9-9.9-9.9
5287220241124 34.9 17.8  0.819999-99.9-99.9-99.9-99.9-9.9 9923.0 70 19.7   3  2.7-9.9-9.9
5287220241125 28.4 19.5 13.219999-99.9-99.9-99.9-99.9-9.9 9923.6 82 20.2   5  3.9-9.9-9.9
5287220241126 30.9 16.2  9.219999-99.9-99.9-99.9-99.9-9.9 9923.7 84 20.2   3  2.7-9.9-9.9
5287220241127 26.5 17.0  4.019999-99.9-99.9-99.9-99.9-9.9 9922.2 87 19.1   2  1.8-9.9-9.9
5287220241128 29.6 16.5  7.019999-99.9-99.9-99.9-99.9-9.9 9921.4 82 18.6   3  2.7-9.9-9.9
5287220241129 27.3 16.5  0.009999-99.9-99.9-99.9-99.9-9.9 9917.0 69 14.8   2  1.8-9.9-9.9
5287220241130 27.9 13.0 11.819999-99.9-99.9-99.9-99.9-9.9 9917.2 65 15.1   3  2.4-9.9-9.9
5287220241201 23.0 14.5  3.819999-99.9-99.9-99.9-99.9-9.9 9918.3 95 15.9   4  3.5-9.9-9.9
5287220241202 22.6  9.7  1.019999-99.9-99.9-99.9-99.9-9.9 9912.4 66 10.0   5  4.3-9.9-9.9
5287220241203 25.4  6.5  0.009999-99.9-99.9-99.9-99.9-9.9 9910.9 58  8.2   2  1.5-9.9-9.9
5287220241204 30.0 11.0  0.009999-99.9-99.9-99.9-99.9-9.9 9913.6 53 11.4   3  2.5-9.9-9.9
5287220241205 31.8 14.3  2.019999-99.9-99.9-99.9-99.9-9.9 9917.1 68 15.0   4  2.9-9.9-9.9
5287220241206 28.6 15.3  0.009999-99.9-99.9-99.9-99.9-9.9 9917.7 70 15.4   3  2.8-9.9-9.9
5287220241207 21.8 10.9  0.009999-99.9-99.9-99.9-99.9-9.9 9911.7 69  9.2   5  3.6-9.9-9.9
5287220241208 24.2  7.2  0.009999-99.9-99.9-99.9-99.9-9.9 9910.9 55  8.2   2  1.8-9.9-9.9
5287220241209 27.8  8.5  0.009999-99.9-99.9-99.9-99.9-9.9 9913.8 60 11.7   1  1.1-9.9-9.9
5287220241210 33.0 11.7  0.009999-99.9-99.9-99.9-99.9-9.9 9916.2 50 14.1   2  1.2-9.9-9.9
5287220241211 32.4 15.6  0.009999-99.9-99.9-99.9-99.9-9.9 9917.1 50 15.0   3  2.1-9.9-9.9
5287220241212 34.0 18.5 20.819999-99.9-99.9-99.9-99.9-9.9 9922.1 77 19.0   2  1.8-9.9-9.9
5287220241213 29.2 17.0  0.009999-99.9-99.9-99.9-99.9-9.9 9921.5 77 18.6   3  2.0-9.9-9.9
5287220241214 29.3 15.6  0.009999-99.9-99.9-99.9-99.9-9.9 9919.1 61 16.7   3  2.5-9.9-9.9
5287220241215 28.0 12.1  0.009999-99.9-99.9-99.9-99.9-9.9 9915.2 66 13.2   3  2.2-9.9-9.9
5287220241216 27.0 11.1  0.009999-99.9-99.9-99.9-99.9-9.9 9915.8 65 13.8   3  2.1-9.9-9.9
5287220241217 30.2 14.6  0.009999-99.9-99.9-99.9-99.9-9.9 9918.7 67 16.5   3  2.7-9.9-9.9
5287220241218 28.4 17.2  0.009999-99.9-99.9-99.9-99.9-9.9 9920.3 75 17.7   1  1.0-9.9-9.9
5287220241219 32.9 17.0  0.009999-99.9-99.9-99.9-99.9-9.9 9921.7 66 18.8   1  1.1-9.9-9.9
5287220241220 30.8 18.8  0.009999-99.9-99.9-99.9-99.9-9.9 9915.6 50 13.1   4  3.4-9.9-9.9
5287220241221 26.3 11.5  0.009999-99.9-99.9-99.9-99.9-9.9 9910.8 52  8.0   2  1.7-9.9-9.9
5287220241222 31.8 11.7  0.009999-99.9-99.9-99.9-99.9-9.9 9914.4 54 12.4   2  1.8-9.9-9.9
5287220241223 33.4 14.5 19.819999-99.9-99.9-99.9-99.9-9.9 9916.5 65 14.4   2  2.0-9.9-9.9
5287220241224 25.8 14.9  0.009999-99.9-99.9-99.9-99.9-9.9 9917.4 76 15.3   4  3.4-9.9-9.9
5287220241225 24.0 12.1  0.009999-99.9-99.9-99.9-99.9-9.9 9916.0 78 14.0   3  2.6-9.9-9.9
5287220241226 26.6 10.7  0.009999-99.9-99.9-99.9-99.9-9.9 9916.5 80 14.4   2  1.7-9.9-9.9
5287220241227 30.3 12.3  0.009999-99.9-99.9-99.9-99.9-9.9 9917.8 65 15.6   1  1.0-9.9-9.9
5287220241228 31.6 15.2  0.009999-99.9-99.9-99.9-99.9-9.9 9919.0 62 16.6   2  1.6-9.9-9.9
5287220241229 30.7 13.7  0.009999-99.9-99.9-99.9-99.9-9.9 9917.6 65 15.4   2  1.9-9.9-9.9
5287220241230 32.2 14.7  0.009999-99.9-99.9-99.9-99.9-9.9 9919.4 63 17.0   2  1.7-9.9-9.9
5287220241231 31.2 16.6  0.009999-99.9-99.9-99.9-99.9-9.9 9922.4 66 19.3   1  1.0-9.9-9.9
5287220250101 35.6 18.9  0.009999-99.9-99.9-99.9-99.9-9.9 9919.3 48 16.7   2  1.7-9.9-9.9
5287220250102 30.6 13.2  0.009999-99.9-99.9-99.9-99.9-9.9 9915.1 56 12.9   4  2.8-9.9-9.9
5287220250103 30.3 10.3  0.009999-99.9-99.9-99.9-99.9-9.9 9914.7 54 12.7   4  2.8-9.9-9.9
5287220250104 30.2 10.1  0.009999-99.9-99.9-99.9-99.9-9.9 9915.2 59 13.2   2  1.3-9.9-9.9
5287220250105 31.3 15.6  0.009999-99.9-99.9-99.9-99.9-9.9 9917.7 58 15.5   3  2.2-9.9-9.9
5287220250106 31.9 15.1  0.009999-99.9-99.9-99.9-99.9-9.9 9917.1 53 15.0   2  1.9-9.9-9.9
5287220250107 34.0 15.7  0.009999-99.9-99.9-99.9-99.9-9.9 9916.6 50 14.5   2  1.6-9.9-9.9
5287220250108 35.5 14.7  0.009999-99.9-99.9-99.9-99.9-9.9 9916.7 49 14.6   2  1.5-9.9-9.9
5287220250109 36.7 14.5  0.009999-99.9-99.9-99.9-99.9-9.9 9917.2 49 15.1   2  1.6-9.9-9.9
5287220250110 32.5 17.9  0.009999-99.9-99.9-99.9-99.9-9.9 9918.7 55 16.4   3  2.4-9.9-9.9
5287220250111 33.9 16.2  0.009999-99.9-99.9-99.9-99.9-9.9 9918.4 54 16.2   2  2.0-9.9-9.9
5287220250112 35.9 17.1  0.009999-99.9-99.9-99.9-99.9-9.9 9918.3 47 16.0   2  1.7-9.9-9.9
5287220250113 36.9 16.1  0.009999-99.9-99.9-99.9-99.9-9.9 9916.9 42 14.8   2  1.5-9.9-9.9
5287220250114 36.8 16.9  0.009999-99.9-99.9-99.9-99.9-9.9 9917.3 45 15.2   2  1.5-9.9-9.9
5287220250115 38.6 18.2  0.009999-99.9-99.9-99.9-99.9-9.9 9918.6 46 16.3   2  1.5-9.9-9.9
5287220250116 38.6 19.5 13.019999-99.9-99.9-99.9-99.9-9.9 9920.0 49 17.5   4  3.1-9.9-9.9
5287220250117 31.7 19.0  0.009999-99.9-99.9-99.9-99.9-9.9 9921.5 67 18.4   5  3.9-9.9-9.9
5287220250118 28.5 15.3  0.009999-99.9-99.9-99.9-99.9-9.9 9919.6 73 17.1   5  3.9-9.9-9.9
5287220250119 28.0 16.6  0.009999-99.9-99.9-99.9-99.9-9.9 9921.6 83 18.6   4  3.4-9.9-9.9
5287220250120 30.3 13.4  0.009999-99.9-99.9-99.9-99.9-9.9 9915.6 54 13.5   4  3.6-9.9-9.9
5287220250121 34.0 12.6  0.009999-99.9-99.9-99.9-99.9-9.9 9917.9 61 15.7   2  1.5-9.9-9.9
5287220250122 38.0 18.1  0.009999-99.9-99.9-99.9-99.9-9.9 9920.9 50 18.1   3  2.0-9.9-9.9
5287220250123 37.9 20.1  5.019999-99.9-99.9-99.9-99.9-9.9 9924.0 55 20.3   2  1.7-9.9-9.9
5287220250124 32.2 19.6  0.009999-99.9-99.9-99.9-99.9-9.9 9923.8 80 20.3   3  2.6-9.9-9.9
5287220250125 35.0 14.7  0.009999-99.9-99.9-99.9-99.9-9.9 9916.0 46 13.9   2  1.4-9.9-9.9
5287220250126 36.4 16.7  0.009999-99.9-99.9-99.9-99.9-9.9 9914.8 33 12.8   2  2.0-9.9-9.9
5287220250127 30.9 18.3  0.009999-99.9-99.9-99.9-99.9-9.9 9919.7 62 17.2   3  2.1-9.9-9.9
5287220250128 33.6 16.3  0.009999-99.9-99.9-99.9-99.9-9.9 9916.0 50 13.6   3  2.7-9.9-9.9
5287220250129 33.8 12.9  0.009999-99.9-99.9-99.9-99.9-9.9 9918.3 64 15.9   3  2.3-9.9-9.9
5287220250130 34.7 17.9  0.009999-99.9-99.9-99.9-99.9-9.9 9921.1 59 18.3   3  2.5-9.9-9.9
5287220250131 35.0 18.0  0.009999-99.9-99.9-99.9-99.9-9.9 9920.2 54 17.6   2  1.8-9.9-9.9
5287220250201 36.9 18.5  0.009999-99.9-99.9-99.9-99.9-9.9 9920.7 54 18.0   2  1.3-9.9-9.9
5287220250202 38.2 18.6  0.009999-99.9-99.9-99.9-99.9-9.9 9918.1 47 15.9   2  2.0-9.9-9.9
5287220250203 36.2 21.4  8.019999-99.9-99.9-99.9-99.9-9.9 9922.6 58 19.4   2  1.6-9.9-9.9
5287220250204 33.0 19.7 13.019999-99.9-99.9-99.9-99.9-9.9 9923.9 79 20.3   2  1.9-9.9-9.9
5287220250205 27.3 17.3 13.819999-99.9-99.9-99.9-99.9-9.9 9922.5 96 19.3   3  2.7-9.9-9.9
5287220250206 32.6 15.2  0.009999-99.9-99.9-99.9-99.9-9.9 9921.7 72 18.7   1  0.9-9.9-9.9
5287220250207 34.4 18.2  0.009999-99.9-99.9-99.9-99.9-9.9 9921.5 58 18.6   2  1.8-9.9-9.9
5287220250208 35.0 19.5  0.009999-99.9-99.9-99.9-99.9-9.9 9924.2 72 20.2   3  2.8-9.9-9.9
5287220250209 30.8 18.4  0.009999-99.9-99.9-99.9-99.9-9.9 9919.6 64 17.1   6  4.9-9.9-9.9
5287220250210 38.1 20.3 21.519999-99.9-99.9-99.9-99.9-9.9 9926.2 67 21.6   5  3.8-9.9-9.9
5287220250211 27.9 13.8  0.219999-99.9-99.9-99.9-99.9-9.9 9919.3 96 16.7   3  2.4-9.9-9.9
5287220250212 28.8 14.8  0.009999-99.9-99.9-99.9-99.9-9.9 9919.2 77 16.8   3  2.4-9.9-9.9
5287220250213 31.3 15.2  0.009999-99.9-99.9-99.9-99.9-9.9 9917.9 66 15.7   1  0.7-9.9-9.9
5287220250214 21.1 15.2 30.219999-99.9-99.9-99.9-99.9-9.9 9918.6 93 16.3   3  2.7-9.9-9.9
5287220250215 30.8 12.6  3.819999-99.9-99.9-99.9-99.9-9.9 9921.1 86 18.1   1  0.8-9.9-9.9
5287220250216 32.3 19.4  0.009999-99.9-99.9-99.9-99.9-9.9 9926.0 83 21.6   1  1.0-9.9-9.9
5287220250217 29.4 13.7  0.009999-99.9-99.9-99.9-99.9-9.9 9916.7 66 14.5   4  3.2-9.9-9.9
5287220250218 23.2  6.5  0.009999-99.9-99.9-99.9-99.9-9.9 9911.9 66  9.5   1  1.0-9.9-9.9
5287220250219 30.8 10.0  0.009999-99.9-99.9-99.9-99.9-9.9 9918.5 69 15.9   2  1.2-9.9-9.9
5287220250220 34.3 17.4  0.009999-99.9-99.9-99.9-99.9-9.9 9923.1 67 19.7   2  1.9-9.9-9.9
5287220250221 37.6 21.1  0.009999-99.9-99.9-99.9-99.9-9.9 9930.1 73 24.0   1  1.1-9.9-9.9
5287220250222 35.0 22.4  0.009999-99.9-99.9-99.9-99.9-9.9 9930.0 79 24.0   4  3.0-9.9-9.9
5287220250223 33.2 23.0 88.519999-99.9-99.9-99.9-99.9-9.9 9929.8 82 24.0   3  2.4-9.9-9.9
5287220250224 27.6 20.2  8.519999-99.9-99.9-99.9-99.9-9.9 9926.0 94 21.7   4  3.5-9.9-9.9
5287220250225 30.7 20.2  0.219999-99.9-99.9-99.9-99.9-9.9 9926.8 92 22.2   1  0.5-9.9-9.9
5287220250226 26.4 19.3  0.009999-99.9-99.9-99.9-99.9-9.9 9921.7 87 18.8   5  4.3-9.9-9.9
5287220250227 28.6 17.0  0.009999-99.9-99.9-99.9-99.9-9.9 9925.1 89 21.0   3  2.4-9.9-9.9
5287220250228 27.1 20.4109.219999-99.9-99.9-99.9-99.9-9.9 9928.3100 23.0   1  1.1-9.9-9.9
5287220250301 30.4 20.8  0.009999-99.9-99.9-99.9-99.9-9.9 9926.2 85 21.8   2  1.7-9.9-9.9
5287220250302 27.3 18.5  5.019999-99.9-99.9-99.9-99.9-9.9 9925.5 98 21.3   3  2.3-9.9-9.9
5287220250303 22.1 18.4 10.519999-99.9-99.9-99.9-99.9-9.9 9924.7100 20.9   1  0.7-9.9-9.9
5287220250304 25.9 19.8 64.219999-99.9-99.9-99.9-99.9-9.9 9925.5 98 21.4   4  2.9-9.9-9.9
5287220250305 36.5 20.5  0.009999-99.9-99.9-99.9-99.9-9.9 9929.0 79 23.4   4  3.0-9.9-9.9
5287220250306 29.1 22.4  0.009999-99.9-99.9-99.9-99.9-9.9 9929.5 92 23.8   3  2.4-9.9-9.9
5287220250307 36.0 18.7 41.819999-99.9-99.9-99.9-99.9-9.9 9930.0 80 23.9   4  3.1-9.9-9.9
5287220250308 23.3 15.4  0.009999-99.9-99.9-99.9-99.9-9.9 9917.8 81 15.5   4  3.3-9.9-9.9
5287220250309 22.9 10.6  0.009999-99.9-99.9-99.9-99.9-9.9 9914.6 82 12.6   1  1.1-9.9-9.9
5287220250310 26.3  9.9  0.009999-99.9-99.9-99.9-99.9-9.9 9916.4 77 14.2   2  1.7-9.9-9.9
5287220250311 17.8 13.9  1.219999-99.9-99.9-99.9-99.9-9.9 9915.6 93 13.6   3  2.2-9.9-9.9
5287220250312 22.9  9.6  0.009999-99.9-99.9-99.9-99.9-9.9 9913.7 78 11.6   2  1.7-9.9-9.9
5287220250313 21.9  9.5  0.009999-99.9-99.9-99.9-99.9-9.9 9913.7 83 11.6   1  1.0-9.9-9.9
5287220250314 25.0  9.2  0.219999-99.9-99.9-99.9-99.9-9.9 9915.0 83 12.8   1  0.9-9.9-9.9
5287220250315 26.9 12.4  0.819999-99.9-99.9-99.9-99.9-9.9 9918.2 84 15.9   1  0.9-9.9-9.9
5287220250316 23.6 16.9  0.219999-99.9-99.9-99.9-99.9-9.9 9920.7 93 18.0   1  0.6-9.9-9.9
5287220250317 31.0 14.6  0.009999-99.9-99.9-99.9-99.9-9.9 9921.9 85 18.8   1  0.6-9.9-9.9
5287220250318 32.6 17.2  1.019999-99.9-99.9-99.9-99.9-9.9 9924.9 81 20.9   1  0.7-9.9-9.9
5287220250319 32.7 17.9  0.219999-99.9-99.9-99.9-99.9-9.9 9924.7 85 20.8   1  0.7-9.9-9.9
5287220250320 33.7 16.2  0.009999-99.9-99.9-99.9-99.9-9.9 9922.2 77 19.1   1  0.6-9.9-9.9
5287220250321 32.0 16.6  0.009999-99.9-99.9-99.9-99.9-9.9 9922.8 79 19.6   1  0.6-9.9-9.9
5287220250322 27.5 18.3 36.219999-99.9-99.9-99.9-99.9-9.9 9924.1 94 20.4   1  0.7-9.9-9.9
5287220250323 20.2 16.6  0.009999-99.9-99.9-99.9-99.9-9.9 9920.5 99 17.9   5  4.2-9.9-9.9
5287220250324 24.4 15.7  0.009999-99.9-99.9-99.9-99.9-9.9 9921.4 98 18.5   3  2.4-9.9-9.9
5287220250325 24.5 13.0  0.009999-99.9-99.9-99.9-99.9-9.9 9918.2 87 16.0   3  2.3-9.9-9.9
5287220250326 28.5 13.0 11.819999-99.9-99.9-99.9-99.9-9.9 9921.5 86 18.3   3  2.0-9.9-9.9
5287220250327 28.4 16.5  0.009999-99.9-99.9-99.9-99.9-9.9 9925.6 93 21.3   1  0.7-9.9-9.9
5287220250328 26.2 16.3  0.519999-99.9-99.9-99.9-99.9-9.9 9921.5 87 18.5   1  0.9-9.9-9.9
5287220250329 28.8 13.0  0.009999-99.9-99.9-99.9-99.9-9.9 9919.2 82 16.7   1  0.8-9.9-9.9
5287220250330 30.9 14.2  4.819999-99.9-99.9-99.9-99.9-9.9 9922.2 93 18.7   3  2.5-9.9-9.9
5287220250331 20.8 11.1  0.009999-99.9-99.9-99.9-99.9-9.9 9915.7 91 13.6   3  2.5-9.9-9.9
5287220250401 22.0  8.3  0.009999-99.9-99.9-99.9-99.9-9.9 9913.1 82 10.9   1  1.1-9.9-9.9
5287220250402 26.6  7.8  0.009999-99.9-99.9-99.9-99.9-9.9 9915.6 84 13.4   1  0.7-9.9-9.9
5287220250403 21.6  8.8  0.009999-99.9-99.9-99.9-99.9-9.9 9912.3 77  9.5   5  4.2-9.9-9.9
5287220250404 17.7  4.1  0.009999-99.9-99.9-99.9-99.9-9.9 9910.4 84  7.4   2  1.9-9.9-9.9
5287220250405 21.1  3.5  0.219999-99.9-99.9-99.9-99.9-9.9 9911.0 82  8.2   2  1.2-9.9-9.9
5287220250406 24.5  6.8  0.009999-99.9-99.9-99.9-99.9-9.9 9915.1 81 12.8   3  2.6-9.9-9.9
5287220250407 19.2 15.1  1.019999-99.9-99.9-99.9-99.9-9.9 9918.9 98 16.5   3  2.7-9.9-9.9
5287220250408 24.5 13.7  0.009999-99.9-99.9-99.9-99.9-9.9 9919.3 92 16.8   4  3.6-9.9-9.9
5287220250409 24.8 13.4  0.009999-99.9-99.9-99.9-99.9-9.9 9921.0 94 18.1   5  3.9-9.9-9.9
5287220250410 25.0 17.2  0.009999-99.9-99.9-99.9-99.9-9.9 9923.0 99 19.7   4  3.1-9.9-9.9
5287220250411 24.4 18.2  9.219999-99.9-99.9-99.9-99.9-9.9 9923.7 98 20.1   2  1.7-9.9-9.9
5287220250412 21.3 12.4  0.219999-99.9-99.9-99.9-99.9-9.9 9918.1 96 15.8   2  1.3-9.9-9.9
5287220250413 23.7  9.1  0.219999-99.9-99.9-99.9-99.9-9.9 9913.9 82 11.7   2  1.2-9.9-9.9
5287220250414-99.9-99.9-99.999999-99.9-99.9-99.9-99.9-9.9 99-9.9-99-99.9 -99-99.9-9.9-9.9
5287220250415-99.9-99.9  0.519999-99.9-99.9-99.9-99.9-9.9 99-9.9100-99.9 -99-99.9-9.9-9.9
5287220250416 16.7 12.0  7.819999-99.9-99.9-99.9-99.9-9.9 9915.1100 13.1   2  1.2-9.9-9.9
5287220250417 18.3 10.4 18.819999-99.9-99.9-99.9-99.9-9.9 9915.8100 13.7   1  0.7-9.9-9.9
5287220250418 22.6 10.7  0.519999-99.9-99.9-99.9-99.9-9.9 9914.4 84 12.2   3  2.2-9.9-9.9
5287220250419 20.3  5.2  1.219999-99.9-99.9-99.9-99.9-9.9 9911.9 84  9.4   2  1.3-9.9-9.9
5287220250420 19.9  6.8  0.009999-99.9-99.9-99.9-99.9-9.9 9913.5 86 11.3   1  0.9-9.9-9.9
5287220250421 22.4  9.6  0.009999-99.9-99.9-99.9-99.9-9.9 9915.9 88 13.7   1  0.6-9.9-9.9
5287220250422 27.0 11.9  2.219999-99.9-99.9-99.9-99.9-9.9 9917.9 87 15.6   1  0.6-9.9-9.9
5287220250423 26.7 14.7  0.219999-99.9-99.9-99.9-99.9-9.9 9919.7 88 17.2   1  0.6-9.9-9.9
5287220250424 26.0 13.4  0.009999-99.9-99.9-99.9-99.9-9.9 9918.9 86 16.5   3  2.3-9.9-9.9
5287220250425 29.7 14.4 20.019999-99.9-99.9-99.9-99.9-9.9 9921.1 85 18.2   2  1.8-9.9-9.9
5287220250426 21.6  8.9  0.009999-99.9-99.9-99.9-99.9-9.9 9911.8 74  9.1   4  2.8-9.9-9.9
5287220250427 23.8  7.6  0.009999-99.9-99.9-99.9-99.9-9.9 9911.2 68  8.7   3  2.6-9.9-9.9
5287220250428 24.9  7.1  0.009999-99.9-99.9-99.9-99.9-9.9 9911.9 70  9.5   2  1.4-9.9-9.9
5287220250429 28.1  5.4  0.009999-99.9-99.9-99.9-99.9-9.9 9913.6 76 11.4   1  1.0-9.9-9.9
5287220250430 28.9  9.9  0.009999-99.9-99.9-99.9-99.9-9.9 9914.9 74 12.8   2  1.3-9.9-9.9
5287220250501 24.8 10.3  0.009999-99.9-99.9-99.9-99.9-9.9 9915.3 82 13.3   1  1.0-9.9-9.9
5287220250502 26.3  9.1  0.009999-99.9-99.9-99.9-99.9-9.9 9916.0 85 13.8   2  1.3-9.9-9.9
5287220250503 29.2  9.6  0.009999-99.9-99.9-99.9-99.9-9.9 9916.8 80 14.6   1  1.1-9.9-9.9
5287220250504 25.1 14.7  4.519999-99.9-99.9-99.9-99.9-9.9 9921.3 97 18.3   3  2.5-9.9-9.9
5287220250505 16.8 12.8  3.019999-99.9-99.9-99.9-99.9-9.9 9915.9100 13.9   6  5.0-9.9-9.9
5287220250506 28.0 14.5 14.519999-99.9-99.9-99.9-99.9-9.9 9922.7 90 19.3   2  1.8-9.9-9.9
5287220250507 22.0 13.4  3.519999-99.9-99.9-99.9-99.9-9.9 9918.8 93 16.5   5  4.1-9.9-9.9
5287220250508 22.4 11.8  0.219999-99.9-99.9-99.9-99.9-9.9 9916.3 89 14.2   5  4.2-9.9-9.9
5287220250509 24.5  7.5  0.009999-99.9-99.9-99.9-99.9-9.9 9913.8 78 11.6   2  1.7-9.9-9.9
5287220250510 24.1 10.6  0.009999-99.9-99.9-99.9-99.9-9.9 9913.6 75 11.5   3  2.1-9.9-9.9
5287220250511 24.8  7.9  0.009999-99.9-99.9-99.9-99.9-9.9 9913.3 75 11.1   3  2.0-9.9-9.9
5287220250512 24.0  8.7  0.009999-99.9-99.9-99.9-99.9-9.9 9913.7 82 11.6   2  1.5-9.9-9.9
5287220250513 25.2  7.2  0.009999-99.9-99.9-99.9-99.9-9.9 9914.9 85 12.7   1  1.1-9.9-9.9
5287220250514 21.4 12.5  0.009999-99.9-99.9-99.9-99.9-9.9 9920.1 99 17.4   1  1.0-9.9-9.9
5287220250515 20.8 17.5 11.519999-99.9-99.9-99.9-99.9-9.9 9922.1100 19.1   2  1.5-9.9-9.9
5287220250516 21.2 18.4 26.019999-99.9-99.9-99.9-99.9-9.9 9922.7100 19.5   2  2.0-9.9-9.9
5287220250517 24.7 16.7 20.519999-99.9-99.9-99.9-99.9-9.9 9921.7 96 18.7   5  4.0-9.9-9.9
5287220250518 19.5  7.0  0.009999-99.9-99.9-99.9-99.9-9.9 9910.7 75  7.7   5  4.1-9.9-9.9
5287220250519 15.1  5.4  0.009999-99.9-99.9-99.9-99.9-9.9 9910.9 80  8.1   1  1.2-9.9-9.9
5287220250520 15.1  5.8  0.009999-99.9-99.9-99.9-99.9-9.9 9911.4 88  8.8   1  1.2-9.9-9.9
5287220250521 16.6  8.2  0.009999-99.9-99.9-99.9-99.9-9.9 9910.7 84  7.9   2  1.6-9.9-9.9
5287220250522 19.3  5.0  0.009999-99.9-99.9-99.9-99.9-9.9 9910.8 84  8.0   2  1.4-9.9-9.9
5287220250523 17.6  5.9  0.219999-99.9-99.9-99.9-99.9-9.9 9912.1 86  9.6   3  2.1-9.9-9.9
5287220250524 20.2 10.6  0.219999-99.9-99.9-99.9-99.9-9.9 9914.9 91 12.8   2  1.4-9.9-9.9
5287220250525 17.8  7.9  3.519999-99.9-99.9-99.9-99.9-9.9 9914.2100 12.0   1  1.1-9.9-9.9
5287220250526 18.1 11.5 40.819999-99.9-99.9-99.9-99.9-9.9 9918.1100 15.9   2  1.3-9.9-9.9
5287220250527 17.1  9.3  0.009999-99.9-99.9-99.9-99.9-9.9 9913.2 90 11.0  14 10.9-9.9-9.9
5287220250528 13.8  3.2  0.009999-99.9-99.9-99.9-99.9-9.9 99 8.6 86  4.7   7  5.3-9.9-9.9
5287220250529 16.9  0.8  0.009999-99.9-99.9-99.9-99.9-9.9 99 8.0 81  3.7   2  1.2-9.9-9.9
5287220250530 17.3  1.9  0.009999-99.9-99.9-99.9-99.9-9.9 99 9.3 82  5.7   3  2.6-9.9-9.9
5287220250531 18.8  2.7  0.009999-99.9-99.9-99.9-99.9-9.9 99 9.3 79  5.7   2  1.9-9.9-9.9
5287220250601 19.4  1.6  0.009999-99.9-99.9-99.9-99.9-9.9 99 8.5 75  4.5   3  2.0-9.9-9.9
5287220250602 18.9  4.6  0.009999-99.9-99.9-99.9-99.9-9.9 9911.1 88  8.4   3  2.4-9.9-9.9
5287220250603 17.6  5.7  0.009999-99.9-99.9-99.9-99.9-9.9 9912.1 92  9.6   1  0.5-9.9-9.9
5287220250604 22.3  7.4  0.009999-99.9-99.9-99.9-99.9-9.9 9913.2 88 10.9   3  2.2-9.9-9.9
5287220250605 19.9  1.6  0.009999-99.9-99.9-99.9-99.9-9.9 99 9.1 79  5.5   2  1.3-9.9-9.9
5287220250606 21.3  3.4  0.009999-99.9-99.9-99.9-99.9-9.9 9910.5 82  7.6   2  1.7-9.9-9.9
5287220250607 18.9  4.2  0.009999-99.9-99.9-99.9-99.9-9.9 9911.4 87  8.7   1  1.0-9.9-9.9
5287220250608 12.5  5.5  0.009999-99.9-99.9-99.9-99.9-9.9 9910.9100  8.2   4  3.0-9.9-9.9
5287220250609 14.8  3.9  0.219999-99.9-99.9-99.9-99.9-9.9 99 9.7 88  6.5   1  0.9-9.9-9.9
5287220250610 19.0  2.6  0.009999-99.9-99.9-99.9-99.9-9.9 9910.4 88  7.3   1  0.9-9.9-9.9
5287220250611 18.9  3.8  0.009999-99.9-99.9-99.9-99.9-9.9 9910.5 84  7.6   2  1.6-9.9-9.9
5287220250612 18.1  4.7  0.009999-99.9-99.9-99.9-99.9-9.9 9910.7 82  7.8   4  3.1-9.9-9.9
5287220250613 11.4  9.6  2.519999-99.9-99.9-99.9-99.9-9.9 9912.5 98 10.2   2  1.7-9.9-9.9
5287220250614 14.2  4.2  0.009999-99.9-99.9-99.9-99.9-9.9 9910.4 87  7.5   7  5.3-9.9-9.9
5287220250615 15.8  0.5  0.219999-99.9-99.9-99.9-99.9-9.9 99 8.2 81  4.1   1  1.1-9.9-9.9
5287220250616 12.5  4.0  0.009999-99.9-99.9-99.9-99.9-9.9 9911.8100  9.2   2  1.4-9.9-9.9
5287220250617 15.2  4.8  0.009999-99.9-99.9-99.9-99.9-9.9 9910.6 93  7.7   5  3.7-9.9-9.9
5287220250618 18.5  1.9  0.009999-99.9-99.9-99.9-99.9-9.9 99 9.6 84  6.2   1  1.1-9.9-9.9
5287220250619 20.5  4.1  0.009999-99.9-99.9-99.9-99.9-9.9 99 9.9 81  6.7   3  2.3-9.9-9.9
5287220250620 20.1  3.5  0.009999-99.9-99.9-99.9-99.9-9.9 99 9.5 78  6.2   4  3.0-9.9-9.9
5287220250621 17.3  5.2  0.009999-99.9-99.9-99.9-99.9-9.9 9910.6 83  7.7   3  2.6-9.9-9.9
5287220250622 16.7  5.3  0.009999-99.9-99.9-99.9-99.9-9.9 9910.2 81  7.0   8  6.1-9.9-9.9
5287220250623 10.7  3.0  0.009999-99.9-99.9-99.9-99.9-9.9 99 6.8 76  1.5  11  8.4-9.9-9.9
5287220250624 16.3 -1.6  0.009999-99.9-99.9-99.9-99.9-9.9 99 6.1 62 -0.1   4  3.4-9.9-9.9
5287220250625 16.1  2.2  0.009999-99.9-99.9-99.9-99.9-9.9 99 7.4 80  2.6   4  3.1-9.9-9.9
5287220250626 15.9 -1.5  1.019999-99.9-99.9-99.9-99.9-9.9 99 6.5 66  0.7   4  2.8-9.9-9.9
5287220250627 16.4 -1.6  0.009999-99.9-99.9-99.9-99.9-9.9 99 6.5 74  0.8   2  1.9-9.9-9.9
5287220250628 10.9  2.0  0.009999-99.9-99.9-99.9-99.9-9.9 99 8.3 92  4.3   6  5.1-9.9-9.9
5287220250629  9.1 -2.0  0.009999-99.9-99.9-99.9-99.9-9.9 99 7.2 92  2.2   6  5.1-9.9-9.9
5287220250630  8.2 -1.3  0.009999-99.9-99.9-99.9-99.9-9.9 99 6.6 88  1.0   4  3.5-9.9-9.9
5287220250701 12.2 -5.4  0.009999-99.9-99.9-99.9-99.9-9.9 99 5.1 75 -2.6   2  1.6-9.9-9.9
5287220250702 13.4 -3.5  0.009999-99.9-99.9-99.9-99.9-9.9 99 5.6 70 -1.4   2  1.7-9.9-9.9
5287220250703 15.2 -0.7  0.009999-99.9-99.9-99.9-99.9-9.9 99 7.1 75  2.0   3  2.4-9.9-9.9
5287220250704 17.8  0.8  0.009999-99.9-99.9-99.9-99.9-9.9 99 8.9 86  5.1   2  1.4-9.9-9.9
5287220250705 14.1  1.1  0.009999-99.9-99.9-99.9-99.9-9.9 99 9.6 92  6.1   4  3.1-9.9-9.9
5287220250706 12.1  6.7  1.519999-99.9-99.9-99.9-99.9-9.9 9911.9 99  9.5   4  3.6-9.9-9.9
5287220250707 16.7  8.5  0.519999-99.9-99.9-99.9-99.9-9.9 9913.8 96 11.6   2  1.5-9.9-9.9
5287220250708 16.8  4.8  0.009999-99.9-99.9-99.9-99.9-9.9 9913.1100 10.8   1  1.1-9.9-9.9
5287220250709 14.9  8.8  1.019999-99.9-99.9-99.9-99.9-9.9 9914.1100 12.0   3  2.2-9.9-9.9
5287220250710 13.2  8.8  2.219999-99.9-99.9-99.9-99.9-9.9 9913.1100 10.9   2  1.8-9.9-9.9
5287220250711 11.9  9.4  0.009999-99.9-99.9-99.9-99.9-9.9 9912.7100 10.5   1  0.8-9.9-9.9
5287220250712 20.1  8.6  0.009999-99.9-99.9-99.9-99.9-9.9 9913.4 89 11.2   1  1.0-9.9-9.9
5287220250713 22.3  5.6  0.009999-99.9-99.9-99.9-99.9-9.9 9911.9 80  9.4   1  0.9-9.9-9.9
5287220250714 19.1  7.0  0.009999-99.9-99.9-99.9-99.9-9.9 9913.3 90 11.0   3  2.7-9.9-9.9
5287220250715 22.2 11.4  1.819999-99.9-99.9-99.9-99.9-9.9 9917.3 94 15.1   3  2.5-9.9-9.9
5287220250716 16.2  9.4  0.009999-99.9-99.9-99.9-99.9-9.9 9913.2 98 11.0  13 10.6-9.9-9.9
5287220250717 16.5  2.6  0.009999-99.9-99.9-99.9-99.9-9.9 99 8.8 84  5.2   5  3.7-9.9-9.9
5287220250718 19.4  3.1  0.009999-99.9-99.9-99.9-99.9-9.9 99 9.1 74  5.5   4  3.1-9.9-9.9
5287220250719 22.7  4.5  0.009999-99.9-99.9-99.9-99.9-9.9 9910.5 78  7.6   3  2.6-9.9-9.9
5287220250720 21.6  5.3  0.009999-99.9-99.9-99.9-99.9-9.9 9912.5 87 10.1   2  1.6-9.9-9.9
5287220250721 11.1  6.5  0.009999-99.9-99.9-99.9-99.9-9.9 9911.9100  9.4   3  2.6-9.9-9.9
5287220250722 11.8  4.9  0.009999-99.9-99.9-99.9-99.9-9.9 9910.7100  7.9   5  4.0-9.9-9.9
5287220250723 12.6  1.7  0.009999-99.9-99.9-99.9-99.9-9.9 99 8.6 88  4.8   4  3.0-9.9-9.9
5287220250724 17.4  5.2  0.009999-99.9-99.9-99.9-99.9-9.9 9910.8 81  8.0   3  2.5-9.9-9.9
5287220250725 18.6 10.0  0.009999-99.9-99.9-99.9-99.9-9.9 9913.7 94 11.6   4  2.9-9.9-9.9
5287220250726 11.5  5.8  0.219999-99.9-99.9-99.9-99.9-9.9 99 9.8 93  6.7   9  7.3-9.9-9.9
5287220250727 11.2  5.1  0.009999-99.9-99.9-99.9-99.9-9.9 9910.3 95  7.3   9  6.8-9.9-9.9
5287220250728 16.2  6.0  0.009999-99.9-99.9-99.9-99.9-9.9 9910.6 84  7.7   4  3.3-9.9-9.9
5287220250729 17.7  4.2  0.009999-99.9-99.9-99.9-99.9-9.9 9911.0 88  8.2   3  2.2-9.9-9.9
5287220250730 20.5  5.9  0.009999-99.9-99.9-99.9-99.9-9.9 9911.6 82  9.0   4  3.0-9.9-9.9
5287220250731 19.9 10.2  0.819999-99.9-99.9-99.9-99.9-9.9 9913.5 77 11.4   4  3.4-9.9-9.9
5287220250801 18.9 12.2  1.019999-99.9-99.9-99.9-99.9-9.9 9916.6100 14.5   2  1.6-9.9-9.9
5287220250802 21.2  8.3  0.219999-99.9-99.9-99.9-99.9-9.9 9913.5 86 11.4   4  3.0-9.9-9.9
5287220250803 17.4  5.2  0.009999-99.9-99.9-99.9-99.9-9.9 99 8.9 66  5.1   5  3.7-9.9-9.9
5287220250804 15.4  4.1  0.009999-99.9-99.9-99.9-99.9-9.9 99 9.3 78  5.8   4  3.0-9.9-9.9
5287220250805 16.8  3.1  0.009999-99.9-99.9-99.9-99.9-9.9 99 9.9 85  6.8   2  1.8-9.9-9.9
5287220250806 15.2  3.4  0.009999-99.9-99.9-99.9-99.9-9.9 9910.2 90  7.1   2  1.9-9.9-9.9
5287220250807 12.7  3.3  0.009999-99.9-99.9-99.9-99.9-9.9 99 9.8 96  6.6   7  5.7-9.9-9.9
5287220250808 16.6  1.2  0.009999-99.9-99.9-99.9-99.9-9.9 99 9.1 86  5.4   4  3.1-9.9-9.9
5287220250809 19.0 -0.6  0.009999-99.9-99.9-99.9-99.9-9.9 99 9.2 81  5.5   2  1.3-9.9-9.9
5287220250810 21.7  1.2  0.009999-99.9-99.9-99.9-99.9-9.9 99 8.9 73  5.2   2  1.5-9.9-9.9
5287220250811 23.3  4.1  0.009999-99.9-99.9-99.9-99.9-9.9 9910.3 71  7.3   2  1.7-9.9-9.9
5287220250812 24.0  6.9  0.009999-99.9-99.9-99.9-99.9-9.9 9911.9 79  9.5   4  3.1-9.9-9.9
5287220250813 15.1  4.9  0.009999-99.9-99.9-99.9-99.9-9.9 9910.0 82  6.8   8  6.1-9.9-9.9
5287220250814 14.6  0.5  0.009999-99.9-99.9-99.9-99.9-9.9 99 8.3 84  4.1   2  1.9-9.9-9.9
5287220250815 14.9  0.5  0.009999-99.9-99.9-99.9-99.9-9.9 99 8.6 85  4.7   4  3.4-9.9-9.9
5287220250816 14.6  3.1  0.009999-99.9-99.9-99.9-99.9-9.9 9910.9 95  8.1   4  3.3-9.9-9.9
5287220250817 15.6  8.3  0.009999-99.9-99.9-99.9-99.9-9.9 9913.5100 11.3   4  2.8-9.9-9.9
5287220250818 16.7 11.3  0.819999-99.9-99.9-99.9-99.9-9.9 9915.2 99 13.2   5  3.6-9.9-9.9
5287220250819 14.1 13.0  3.219999-99.9-99.9-99.9-99.9-9.9 9915.6100 13.6  10  8.4-9.9-9.9
5287220250820 18.3 11.3  0.219999-99.9-99.9-99.9-99.9-9.9 9914.0 86 12.0  11  8.7-9.9-9.9
5287220250821 23.3  6.5  0.009999-99.9-99.9-99.9-99.9-9.9 9912.9 71 10.6   4  2.9-9.9-9.9
5287220250822 18.0 10.0  0.009999-99.9-99.9-99.9-99.9-9.9 9912.6 86 10.4   8  6.0-9.9-9.9
5287220250823 15.9  5.1  0.009999-99.9-99.9-99.9-99.9-9.9 99 8.4 63  4.4   4  3.6-9.9-9.9
5287220250824 20.1  4.1  0.009999-99.9-99.9-99.9-99.9-9.9 99 8.1 50  3.8   6  5.0-9.9-9.9
5287220250825 23.3  8.4  0.009999-99.9-99.9-99.9-99.9-9.9 9911.2 69  8.5   4  3.2-9.9-9.9
5287220250826 25.6  7.2  0.009999-99.9-99.9-99.9-99.9-9.9 9912.1 66  9.7   2  1.4-9.9-9.9
5287220250827 25.2  7.6  0.009999-99.9-99.9-99.9-99.9-9.9 9912.7 68 10.4   2  1.6-9.9-9.9
5287220250828 25.7  8.3  0.009999-99.9-99.9-99.9-99.9-9.9 9914.1 70 12.0   2  1.9-9.9-9.9
5287220250829 26.0 11.2  0.009999-99.9-99.9-99.9-99.9-9.9 9917.4 86 15.2   5  3.8-9.9-9.9
5287220250830 17.6 14.4  2.019999-99.9-99.9-99.9-99.9-9.9 9917.6100 15.5   8  6.4-9.9-9.9
5287220250831 20.6 11.0  0.519999-99.9-99.9-99.9-99.9-9.9 9916.6 99 14.3   8  6.6-9.9-9.9
5287220250901 16.4  8.4  0.219999-99.9-99.9-99.9-99.9-9.9 9912.2 93  9.9   5  3.9-9.9-9.9
5287220250902 18.9  7.3  0.009999-99.9-99.9-99.9-99.9-9.9 9913.1 92 10.9   2  1.9-9.9-9.9
5287220250903 19.4  7.3  0.009999-99.9-99.9-99.9-99.9-9.9 9911.0 79  8.3   6  4.7-9.9-9.9
5287220250904 14.0  2.4  0.219999-99.9-99.9-99.9-99.9-9.9 99 8.1 79  3.8   6  5.0-9.9-9.9
5287220250905 16.2  1.5  0.009999-99.9-99.9-99.9-99.9-9.9 99 8.2 72  4.1   4  3.1-9.9-9.9
5287220250906 18.6  1.8  0.009999-99.9-99.9-99.9-99.9-9.9 99 8.4 68  4.4   2  1.5-9.9-9.9
5287220250907 19.2  2.7  0.009999-99.9-99.9-99.9-99.9-9.9 99 9.4 67  6.0   2  1.8-9.9-9.9
5287220250908 20.6  6.3  0.009999-99.9-99.9-99.9-99.9-9.9 9911.7 85  9.2   2  1.6-9.9-9.9
5287220250909 25.8  8.1  0.009999-99.9-99.9-99.9-99.9-9.9 9912.3 65 10.0   2  2.0-9.9-9.9
5287220250910 23.8  9.4  0.009999-99.9-99.9-99.9-99.9-9.9 9914.2 80 12.1   4  3.4-9.9-9.9
5287220250911 25.8  9.1  0.219999-99.9-99.9-99.9-99.9-9.9 9912.1 63  9.8   3  2.4-9.9-9.9
5287220250912 25.3  8.1  0.519999-99.9-99.9-99.9-99.9-9.9 9911.9 58  9.5   2  2.0-9.9-9.9
5287220250913 24.1  8.9-99.999999-99.9-99.9-99.9-99.9-9.9 9913.0 72 10.8   3  2.6-9.9-9.9
5287220250914 23.6  9.5-99.999999-99.9-99.9-99.9-99.9-9.9 9915.9 79 13.8   4  3.3-9.9-9.9
5287220250915 24.4 13.0-99.999999-99.9-99.9-99.9-99.9-9.9 9916.3 85 14.3   2  1.8-9.9-9.9
5287220250916 31.0 10.0-99.999999-99.9-99.9-99.9-99.9-9.9 9914.8 67-99.9   2  1.5-9.9-9.9
5287220250917 30.7 10.8-99.999999-99.9-99.9-99.9-99.9-9.9 9915.8 79-99.9   2  1.7-9.9-9.9
5287220250918 32.1 15.4-99.999999-99.9-99.9-99.9-99.9-9.9 9916.6 67-99.9   3  2.6-9.9-9.9
5287220250919 25.4 14.8-99.999999-99.9-99.9-99.9-99.9-9.9 9918.6 67-99.9   3  2.2-9.9-9.9
5287220250920 18.8 11.3-99.999999-99.9-99.9-99.9-99.9-9.9 9916.6100 14.4   9  6.8-9.9-9.9
5287220250921 19.3 10.2-99.999999-99.9-99.9-99.9-99.9-9.9 9914.3100-99.9   6  4.8-9.9-9.9
5287220250922 24.8  8.5-99.999999-99.9-99.9-99.9-99.9-9.9 9910.4 53-99.9   6  4.4-9.9-9.9
5287220250923 22.7  6.2-99.999999-99.9-99.9-99.9-99.9-9.9 9912.8 80-99.9   3  2.0-9.9-9.9
5287220250924 22.6  5.9-99.999999-99.9-99.9-99.9-99.9-9.9 99 9.1 56-99.9   6  5.1-9.9-9.9
5287220250925 27.0  5.8-99.999999-99.9-99.9-99.9-99.9-9.9 9910.0 55-99.9   5  4.4-9.9-9.9
5287220250926 28.0  8.2-99.999999-99.9-99.9-99.9-99.9-9.9 9914.1 76-99.9   5  4.1-9.9-9.9
5287220250927 18.7 11.8-99.999999-99.9-99.9-99.9-99.9-9.9 9915.8100 13.7   7  5.6-9.9-9.9
5287220250928 29.4  8.9-99.999999-99.9-99.9-99.9-99.9-9.9 9912.6 65-99.9   2  1.9-9.9-9.9
5287220250929 30.1  9.6-99.999999-99.9-99.9-99.9-99.9-9.9 9915.5 73-99.9   1  0.8-9.9-9.9
5287220250930 29.9 12.0-99.999999-99.9-99.9-99.9-99.9-9.9 9912.0 54-99.9   4  2.8-9.9-9.9
5287220251001 32.3  8.6-99.999999-99.9-99.9-99.9-99.9-9.9 9912.8 51-99.9   2  1.6-9.9-9.9
5287220251002 33.5 10.3-99.999999-99.9-99.9-99.9-99.9-9.9 9914.8 53-99.9   2  1.3-9.9-9.9
5287220251003 34.2 11.6-99.999999-99.9-99.9-99.9-99.9-9.9 9919.4 77-99.9   2  1.8-9.9-9.9
5287220251004 37.0 17.3-99.999999-99.9-99.9-99.9-99.9-9.9 9922.2 57-99.9   3  2.5-9.9-9.9
5287220251005 21.7 11.2-99.999999-99.9-99.9-99.9-99.9-9.9 9917.0100 14.8   7  5.7-9.9-9.9
5287220251006 23.3  7.6-99.999999-99.9-99.9-99.9-99.9-9.9 9911.5 67-99.9   3  2.7-9.9-9.9
5287220251007-99.9-99.9-99.999999-99.9-99.9-99.9-99.9-9.9 99-9.9-99-99.9 -99-99.9-9.9-9.9
5287220251008 32.6  8.8-99.999999-99.9-99.9-99.9-99.9-9.9 9913.3 49-99.9   3  2.1-9.9-9.9
5287220251009 30.9 11.2-99.999999-99.9-99.9-99.9-99.9-9.9 9915.9 53-99.9   3  2.5-9.9-9.9
5287220251010 36.4 11.7-99.999999-99.9-99.9-99.9-99.9-9.9 9916.5 56-99.9   2  1.6-9.9-9.9
5287220251011 32.5 14.4-99.999999-99.9-99.9-99.9-99.9-9.9 9920.6 86-99.9   3  2.7-9.9-9.9
5287220251012 23.4 12.1-99.999999-99.9-99.9-99.9-99.9-9.9 9916.6 98-99.9   6  5.1-9.9-9.9
5287220251013 32.4  8.6-99.999999-99.9-99.9-99.9-99.9-9.9 9914.5 56-99.9   4  3.2-9.9-9.9
5287220251014 32.6  9.3-99.999999-99.9-99.9-99.9-99.9-9.9 9916.0 55-99.9   3  2.2-9.9-9.9
5287220251015 34.3 13.9-99.999999-99.9-99.9-99.9-99.9-9.9 99-9.9 59-99.9   2  1.9-9.9-9.9
5287220251016 32.7 13.6-99.999999-99.9-99.9-99.9-99.9-9.9 99-9.9-99-99.9 -99-99.9-9.9-9.9
5287220251017 26.2 14.5-99.999999-99.9-99.9-99.9-99.9-9.9 99-9.9 57-99.9   0  0.0-9.9-9.9
5287220251018 28.8 10.7-99.999999-99.9-99.9-99.9-99.9-9.9 9913.4 56-99.9   3  2.0-9.9-9.9
5287220251019 30.3  7.8-99.999999-99.9-99.9-99.9-99.9-9.9 9913.6 54-99.9   3  2.4-9.9-9.9
5287220251020 33.0 11.6-99.999999-99.9-99.9-99.9-99.9-9.9 9915.6 60-99.9   3  2.4-9.9-9.9
5287220251021 35.1 12.3-99.999999-99.9-99.9-99.9-99.9-9.9 9921.1 81-99.9   3  2.2-9.9-9.9
5287220251022 25.3 16.4-99.999999-99.9-99.9-99.9-99.9-9.9 9921.3100 18.4   3  2.4-9.9-9.9
5287220251023 37.9 14.9-99.999999-99.9-99.9-99.9-99.9-9.9 9924.0 84-99.9   3  2.3-9.9-9.9
5287220251024 28.8 18.3-99.999999-99.9-99.9-99.9-99.9-9.9 9924.0100-99.9   1  0.9-9.9-9.9
5287220251025 23.3 10.6-99.999999-99.9-99.9-99.9-99.9-9.9 9914.7 67-99.9   4  3.2-9.9-9.9
5287220251026 31.6  9.3-99.999999-99.9-99.9-99.9-99.9-9.9 9918.0 87-99.9   3  2.6-9.9-9.9
5287220251027 16.7  8.1-99.999999-99.9-99.9-99.9-99.9-9.9 9912.4100 10.1   3  2.2-9.9-9.9
5287220251028 21.5  4.5-99.999999-99.9-99.9-99.9-99.9-9.9 9910.7 55-99.9   3  2.5-9.9-9.9
5287220251029 28.0  4.8-99.999999-99.9-99.9-99.9-99.9-9.9 9913.6 86-99.9   3  2.2-9.9-9.9
5287220251030 28.0  8.7-99.999999-99.9-99.9-99.9-99.9-9.9 9916.2 89-99.9   2  1.4-9.9-9.9
5287220251031 31.8  9.5-99.999999-99.9-99.9-99.9-99.9-9.9 9919.6 80-99.9   2  1.5-9.9-9.9
5287220251101 33.4 12.0-99.999999-99.9-99.9-99.9-99.9-9.9 9923.3 80-99.9   1  0.8-9.9-9.9
5287220251102 34.9 15.5-99.999999-99.9-99.9-99.9-99.9-9.9 9923.8 83-99.9   1  1.1-9.9-9.9
5287220251103 33.4 14.5-99.999999-99.9-99.9-99.9-99.9-9.9 9927.4 87 22.1   3  2.7-9.9-9.9
5287220251104 27.0 14.1-99.999999-99.9-99.9-99.9-99.9-9.9 9920.3100-99.9   4  3.4-9.9-9.9
5287220251105 27.1 10.3-99.999999-99.9-99.9-99.9-99.9-9.9 9917.6 85 15.3   3  2.4-9.9-9.9
5287220251106 26.2  9.3-99.999999-99.9-99.9-99.9-99.9-9.9 9917.1 92-99.9   4  3.0-9.9-9.9
5287220251107 18.9 11.7-99.999999-99.9-99.9-99.9-99.9-9.9 9916.0100 13.9   2  1.3-9.9-9.9
5287220251108 32.3  8.7-99.999999-99.9-99.9-99.9-99.9-9.9 9918.9 65-99.9   1  0.7-9.9-9.9
5287220251109 34.6 10.7-99.999999-99.9-99.9-99.9-99.9-9.9 9921.5 82-99.9   1  0.6-9.9-9.9
5287220251110 35.5 13.0-99.999999-99.9-99.9-99.9-99.9-9.9 9922.9 79-99.9   1  0.9-9.9-9.9
5287220251111 31.9 13.1-99.999999-99.9-99.9-99.9-99.9-9.9 9921.6 98 18.1   2  1.6-9.9-9.9
5287220251112 32.5 12.2-99.999999-99.9-99.9-99.9-99.9-9.9 9921.8 86 18.2   1  0.8-9.9-9.9
5287220251113 36.0 12.1-99.999999-99.9-99.9-99.9-99.9-9.9 9923.3 79 19.3   1  0.6-9.9-9.9
5287220251114 37.3 13.6-99.999999-99.9-99.9-99.9-99.9-9.9 9927.2 81 21.8   2  1.2-9.9-9.9
5287220251115 39.7 16.5-99.999999-99.9-99.9-99.9-99.9-9.9 9931.7 82 24.3   2  1.8-9.9-9.9
5287220251116 28.7 13.7-99.999999-99.9-99.9-99.9-99.9-9.9 9921.2 95-99.9   5  3.9-9.9-9.9
5287220251117 32.2  6.7-99.999999-99.9-99.9-99.9-99.9-9.9 9920.8 83 17.2   3  2.1-9.9-9.9
5287220251118 32.2 14.6-99.999999-99.9-99.9-99.9-99.9-9.9 9923.3 82 19.5   4  2.9-9.9-9.9
5287220251119 31.9 10.3-99.999999-99.9-99.9-99.9-99.9-9.9 9921.7 85 18.2   2  1.4-9.9-9.9
5287220251120 20.4 12.1-99.999999-99.9-99.9-99.9-99.9-9.9 9917.0100 14.9   2  1.7-9.9-9.9
5287220251121 22.2 10.3-99.999999-99.9-99.9-99.9-99.9-9.9 9916.8100 14.3   2  1.8-9.9-9.9
5287220251122 29.3  6.2-99.999999-99.9-99.9-99.9-99.9-9.9 9917.9 84 15.1   2  1.6-9.9-9.9
5287220251123 32.8  7.9-99.999999-99.9-99.9-99.9-99.9-9.9 9921.6 84 17.7   1  1.2-9.9-9.9
5287220251124 35.0 10.5-99.999999-99.9-99.9-99.9-99.9-9.9 9924.5 87 19.8   2  1.4-9.9-9.9
5287220251125 36.5 12.3-99.999999-99.9-99.9-99.9-99.9-9.9 9927.8 86 21.9   1  0.9-9.9-9.9
5287220251126 37.9 14.0-99.999999-99.9-99.9-99.9-99.9-9.9 9931.7 86-99.9   2  1.4-9.9-9.9
5287220251127 38.4 15.9-99.999999-99.9-99.9-99.9-99.9-9.9 9931.1 67-99.9   1  0.9-9.9-9.9
5287220251128 30.0 16.9-99.999999-99.9-99.9-99.9-99.9-9.9 9924.8 97 20.5   5  3.8-9.9-9.9
5287220251129 17.1 13.4-99.999999-99.9-99.9-99.9-99.9-9.9 9916.7100 14.7   4  2.9-9.9-9.9
5287220251130 23.6 13.6-99.999999-99.9-99.9-99.9-99.9-9.9 9917.6100 15.4   4  2.8-9.9-9.9
5287220251201 28.2 13.1-99.999999-99.9-99.9-99.9-99.9-9.9 9920.8100-99.9   1  0.5-9.9-9.9
5287220251202 36.5 12.3-99.999999-99.9-99.9-99.9-99.9-9.9 9928.0 89 21.9   1  0.6-9.9-9.9
5287220251203 38.7 14.6-99.999999-99.9-99.9-99.9-99.9-9.9 9931.8 84 23.9   1  1.0-9.9-9.9
5287220251204 40.0 16.4-99.999999-99.9-99.9-99.9-99.9-9.9 9935.5 85 26.0   2  1.5-9.9-9.9
5287220251205 40.3 17.9-99.999999-99.9-99.9-99.9-99.9-9.9 9932.6 95-99.9   1  1.1-9.9-9.9
5287220251206 35.5 15.5-99.999999-99.9-99.9-99.9-99.9-9.9 9928.6 89 22.7   2  1.6-9.9-9.9
5287220251207 33.5 12.3-99.999999-99.9-99.9-99.9-99.9-9.9 9925.5 90 20.8   2  1.2-9.9-9.9
5287220251208 30.5 12.3-99.999999-99.9-99.9-99.9-99.9-9.9 9925.5 93 20.7   2  1.4-9.9-9.9
5287220251209 35.7 14.0-99.999999-99.9-99.9-99.9-99.9-9.9 9930.0 95 23.2   2  1.2-9.9-9.9
5287220251210 38.5 15.8-99.999999-99.9-99.9-99.9-99.9-9.9 9933.9 91 24.9   1  0.6-9.9-9.9
5287220251211 34.9 16.2-99.999999-99.9-99.9-99.9-99.9-9.9 9931.9 98 24.2   1  0.9-9.9-9.9
5287220251212 38.2 14.3-99.999999-99.9-99.9-99.9-99.9-9.9 9930.8 85 23.6   1  1.1-9.9-9.9
5287220251213 35.9 16.0-99.999999-99.9-99.9-99.9-99.9-9.9 9930.1 94 23.4   2  1.5-9.9-9.9
5287220251214 31.1 16.4-99.999999-99.9-99.9-99.9-99.9-9.9 9923.3100 19.5   1  0.4-9.9-9.9
5287220251215 32.6 12.1-99.999999-99.9-99.9-99.9-99.9-9.9 9922.8 92 18.8   2  1.3-9.9-9.9
5287220251216 31.2 11.4-99.999999-99.9-99.9-99.9-99.9-9.9 9921.2 88 17.8   1  0.6-9.9-9.9
5287220251217 39.5 12.0-99.999999-99.9-99.9-99.9-99.9-9.9 9930.8 85 23.5   3  2.3-9.9-9.9
5287220251218 40.0 16.4-99.999999-99.9-99.9-99.9-99.9-9.9 9932.8 84 24.9   2  1.5-9.9-9.9
5287220251219 40.7 14.2-99.999999-99.9-99.9-99.9-99.9-9.9 9932.3 89 24.5   4  3.1-9.9-9.9
5287220251220 34.5 19.4-99.999999-99.9-99.9-99.9-99.9-9.9 9929.3100-99.9   1  1.1-9.9-9.9
5287220251221 39.8 18.5-99.999999-99.9-99.9-99.9-99.9-9.9 9934.9 95 25.8   1  1.1-9.9-9.9
5287220251222 38.6 19.9-99.999999-99.9-99.9-99.9-99.9-9.9 9934.8 96 25.8   1  1.1-9.9-9.9
5287220251223 41.5 17.9-99.999999-99.9-99.9-99.9-99.9-9.9 9937.4 94 26.8   1  0.7-9.9-9.9
5287220251224 41.7 19.6-99.999999-99.9-99.9-99.9-99.9-9.9 9937.2 91 26.9   2  1.9-9.9-9.9
5287220251225 40.7 13.9-99.999999-99.9-99.9-99.9-99.9-9.9 9927.8 87 22.2   2  1.5-9.9-9.9
5287220251226 42.6 13.9-99.999999-99.9-99.9-99.9-99.9-9.9 9932.5 83 24.4   2  1.3-9.9-9.9
5287220251227 39.6 16.6-99.999999-99.9-99.9-99.9-99.9-9.9 9931.1 86 23.9   2  1.5-9.9-9.9
5287220251228 41.5 15.7-99.999999-99.9-99.9-99.9-99.9-9.9 9932.7 87 24.6   1  1.0-9.9-9.9
5287220251229 45.0 15.9-99.999999-99.9-99.9-99.9-99.9-9.9 9935.0 87 25.7   2  1.3-9.9-9.9
5287220251230 42.5 18.7-99.999999-99.9-99.9-99.9-99.9-9.9 9940.0 85 28.1   2  1.5-9.9-9.9
5287220251231 40.6 22.7-99.999999-99.9-99.9-99.9-99.9-9.9 9942.7 92 29.5   4  2.8-9.9-9.9
5287220260101 32.9 15.9-99.999999-99.9-99.9-99.9-99.9-9.9 9927.8 92 22.5   4  2.9-9.9-9.9
5287220260102 30.5 14.0-99.999999-99.9-99.9-99.9-99.9-9.9 9922.8 88 19.4   4  3.5-9.9-9.9
5287220260103 25.5 11.1-99.999999-99.9-99.9-99.9-99.9-9.9 9919.5 93 16.8   4  3.5-9.9-9.9
5287220260104 27.8  8.8-99.999999-99.9-99.9-99.9-99.9-9.9 9921.1 94 17.6   2  1.5-9.9-9.9
5287220260105 32.3 12.1-99.999999-99.9-99.9-99.9-99.9-9.9 9926.3 89 21.2   2  1.5-9.9-9.9
5287220260106 34.0 16.1-99.999999-99.9-99.9-99.9-99.9-9.9 9930.6 96 23.8   2  1.5-9.9-9.9
5287220260107 30.0 17.3-99.999999-99.9-99.9-99.9-99.9-9.9 9926.0 98 21.2   5  3.9-9.9-9.9
5287220260108 27.0  9.9-99.999999-99.9-99.9-99.9-99.9-9.9 9921.9 97 18.3   5  3.8-9.9-9.9
5287220260109 27.5 13.7-99.999999-99.9-99.9-99.9-99.9-9.9 9924.8100 20.4   4  2.9-9.9-9.9
5287220260110 31.1 16.9-99.999999-99.9-99.9-99.9-99.9-9.9 9927.7 97 22.2   2  1.7-9.9-9.9
5287220260111 38.6 16.1-99.999999-99.9-99.9-99.9-99.9-9.9 9934.4 90 25.6   2  1.4-9.9-9.9
5287220260112 40.0 19.8-99.999999-99.9-99.9-99.9-99.9-9.9 9936.8 87 27.0   2  2.0-9.9-9.9
5287220260113 31.4 18.8-99.999999-99.9-99.9-99.9-99.9-9.9 9929.6 99 23.6   4  2.9-9.9-9.9
5287220260114 38.3 17.2-99.999999-99.9-99.9-99.9-99.9-9.9 9935.1 93 25.9   2  1.6-9.9-9.9
5287220260115 35.5 21.6-99.999999-99.9-99.9-99.9-99.9-9.9 9936.6100 26.9   3  2.1-9.9-9.9
5287220260116 35.2 14.5-99.999999-99.9-99.9-99.9-99.9-9.9 9928.5 91 22.6   3  2.1-9.9-9.9
5287220260117 37.1 18.2-99.999999-99.9-99.9-99.9-99.9-9.9 9933.2 93 24.8   4  2.8-9.9-9.9
5287220260118 29.4 12.8-99.999999-99.9-99.9-99.9-99.9-9.9 9921.6 87 18.4   5  4.4-9.9-9.9
5287220260119 27.9  8.1-99.999999-99.9-99.9-99.9-99.9-9.9 9919.9 92 16.8   2  1.7-9.9-9.9
5287220260120 33.1 11.7-99.999999-99.9-99.9-99.9-99.9-9.9 9925.7 91 20.8   2  1.4-9.9-9.9
5287220260121 34.2 15.7-99.999999-99.9-99.9-99.9-99.9-9.9 9929.2 91 23.1   2  1.9-9.9-9.9
5287220260122 34.7 16.9-99.999999-99.9-99.9-99.9-99.9-9.9 9931.3 92 24.3   3  2.3-9.9-9.9
5287220260123 37.7 17.1-99.999999-99.9-99.9-99.9-99.9-9.9 9934.3 92 25.7   2  1.8-9.9-9.9
5287220260124 33.3 20.5-99.999999-99.9-99.9-99.9-99.9-9.9 9933.1100 25.4   2  1.3-9.9-9.9
5287220260125 38.1 20.4-99.999999-99.9-99.9-99.9-99.9-9.9 9939.0 95 28.0   2  1.3-9.9-9.9
5287220260126 34.6 20.7-99.999999-99.9-99.9-99.9-99.9-9.9 9933.3100 25.4   2  1.3-9.9-9.9
5287220260127 36.0 17.7-99.999999-99.9-99.9-99.9-99.9-9.9 9934.0 94 25.5   2  1.5-9.9-9.9
5287220260128 34.8 17.2-99.999999-99.9-99.9-99.9-99.9-9.9 9930.2 93 23.5   2  1.3-9.9-9.9
5287220260129 34.9 13.9-99.999999-99.9-99.9-99.9-99.9-9.9 9931.8 97 24.2   2  1.5-9.9-9.9
5287220260130 35.7 16.6-99.999999-99.9-99.9-99.9-99.9-9.9 9932.0 96 24.4   3  2.3-9.9-9.9
5287220260131 34.0 17.3-99.999999-99.9-99.9-99.9-99.9-9.9 9931.8 99 24.4   3  2.1-9.9-9.9
5287220260201 34.0 16.6-99.999999-99.9-99.9-99.9-99.9-9.9 9930.2100 23.5   1  0.6-9.9-9.9
5287220260202 38.4 20.3-99.999999-99.9-99.9-99.9-99.9-9.9 9937.4 93 27.2   2  1.6-9.9-9.9
5287220260203 35.7 19.9-99.999999-99.9-99.9-99.9-99.9-9.9 9933.4100 25.3   2  1.6-9.9-9.9
5287220260204 25.4 17.8-99.999999-99.9-99.9-99.9-99.9-9.9 9923.2100 19.8   2  1.4-9.9-9.9
5287220260205 28.3 18.1-99.999999-99.9-99.9-99.9-99.9-9.9 9926.1100 21.5   2  1.2-9.9-9.9
5287220260206 30.5 11.4-99.999999-99.9-99.9-99.9-99.9-9.9 9924.3 94 20.0   1  1.1-9.9-9.9
5287220260207 34.0 12.5-99.999999-99.9-99.9-99.9-99.9-9.9 9928.4 93 22.3   2  1.5-9.9-9.9
5287220260208 35.2 14.1-99.999999-99.9-99.9-99.9-99.9-9.9 9929.7 92 23.1   1  1.1-9.9-9.9
5287220260209 32.7 17.7-99.999999-99.9-99.9-99.9-99.9-9.9 9928.8 98 22.9   3  2.1-9.9-9.9
5287220260210 36.0 17.0-99.999999-99.9-99.9-99.9-99.9-9.9 9932.7 94 24.9   2  1.5-9.9-9.9
5287220260211 29.9 16.9-99.999999-99.9-99.9-99.9-99.9-9.9 9924.5 90 20.6   4  2.9-9.9-9.9
5287220260212 33.2 13.4-99.999999-99.9-99.9-99.9-99.9-9.9 9925.0 87 20.5   3  2.1-9.9-9.9
5287220260213 29.7  9.9-99.999999-99.9-99.9-99.9-99.9-9.9 9922.4 93 18.7   3  2.3-9.9-9.9
5287220260214 33.2 14.6-99.999999-99.9-99.9-99.9-99.9-9.9 9928.0 97 22.2   3  2.6-9.9-9.9
5287220260215 31.7 15.7-99.999999-99.9-99.9-99.9-99.9-9.9 9926.7100 21.5   2  1.4-9.9-9.9
5287220260216 33.1 14.8-99.999999-99.9-99.9-99.9-99.9-9.9 9930.5100 23.4   2  1.2-9.9-9.9
5287220260217 33.1 15.6-99.999999-99.9-99.9-99.9-99.9-9.9 9929.8 99 23.2   2  1.6-9.9-9.9
5287220260218 34.4 17.3-99.999999-99.9-99.9-99.9-99.9-9.9 9931.9 97 24.5   1  1.0-9.9-9.9
5287220260219 33.5 19.7-99.999999-99.9-99.9-99.9-99.9-9.9 9929.4 95 23.3   4  3.4-9.9-9.9
5287220260220 32.4  9.1-99.999999-99.9-99.9-99.9-99.9-9.9 9923.7 91 19.5   1  1.2-9.9-9.9
5287220260221 33.2 11.9-99.999999-99.9-99.9-99.9-99.9-9.9 9928.8 95 22.4   2  1.9-9.9-9.9
5287220260222 33.4 16.6-99.999999-99.9-99.9-99.9-99.9-9.9 9931.1 97 24.0   2  2.0-9.9-9.9
5287220260223 33.7 19.1-99.999999-99.9-99.9-99.9-99.9-9.9 9929.5100 23.2   2  1.7-9.9-9.9
5287220260224 32.5 16.0-99.999999-99.9-99.9-99.9-99.9-9.9 9928.6100 22.4   4  2.9-9.9-9.9
5287220260225 27.0  9.2-99.999999-99.9-99.9-99.9-99.9-9.9 9921.1 98 17.5   3  2.7-9.9-9.9
5287220260226 28.9  9.3-99.999999-99.9-99.9-99.9-99.9-9.9 9921.9 96 18.0   1  1.0-9.9-9.9
5287220260227 32.8 11.8-99.999999-99.9-99.9-99.9-99.9-9.9 9927.4 95 21.5   2  1.2-9.9-9.9
5287220260228 33.2 14.3-99.999999-99.9-99.9-99.9-99.9-9.9 9929.2100 22.7   1  1.1-9.9-9.9
5287220260301 34.9 15.6-99.999999-99.9-99.9-99.9-99.9-9.9 9930.6 94 23.5   2  1.4-9.9-9.9
5287220260302 34.5 15.5-99.999999-99.9-99.9-99.9-99.9-9.9 9930.7 97 23.6   4  3.0-9.9-9.9
5287220260303 30.0 15.5-99.999999-99.9-99.9-99.9-99.9-9.9 9925.1100 20.6   2  1.6-9.9-9.9
5287220260304 32.6 14.1-99.999999-99.9-99.9-99.9-99.9-9.9 9929.5100 22.8   2  1.3-9.9-9.9
5287220260305 25.9 14.6-99.999999-99.9-99.9-99.9-99.9-9.9 9923.6100 19.9   5  3.7-9.9-9.9
5287220260306 27.3 15.4-99.999999-99.9-99.9-99.9-99.9-9.9 9924.3100 20.2   4  3.5-9.9-9.9
5287220260307 29.6 13.7-99.999999-99.9-99.9-99.9-99.9-9.9 9925.8100 20.9   3  2.1-9.9-9.9
5287220260308 28.5 11.7-99.999999-99.9-99.9-99.9-99.9-9.9 9924.6100 20.1   4  3.3-9.9-9.9
5287220260309 30.1 15.4-99.999999-99.9-99.9-99.9-99.9-9.9 9925.6 96 21.0   4  3.0-9.9-9.9
5287220260310 31.3 14.9-99.999999-99.9-99.9-99.9-99.9-9.9 9926.0 98 21.0   2  1.7-9.9-9.9
5287220260311 31.0 11.8-99.999999-99.9-99.9-99.9-99.9-9.9 9925.2 98 20.2   2  1.4-9.9-9.9
5287220260312 31.5 14.7-99.999999-99.9-99.9-99.9-99.9-9.9 9926.0100 21.1   2  1.6-9.9-9.9
5287220260313 33.4 14.2-99.999999-99.9-99.9-99.9-99.9-9.9 9928.4100 22.2   1  0.9-9.9-9.9
5287220260314 29.6 17.0-99.999999-99.9-99.9-99.9-99.9-9.9 9924.1100 20.1   1  0.6-9.9-9.9
5287220260315 34.1 15.3-99.999999-99.9-99.9-99.9-99.9-9.9 9931.1 99 23.7   2  1.3-9.9-9.9
5287220260316 35.2 19.0-99.999999-99.9-99.9-99.9-99.9-9.9 9934.6100 25.8   2  1.2-9.9-9.9
5287220260317 29.0 16.7-99.999999-99.9-99.9-99.9-99.9-9.9 9924.0100 20.1   2  1.5-9.9-9.9
5287220260318 28.4 10.6-99.999999-99.9-99.9-99.9-99.9-9.9 9922.3 98 18.4   2  1.4-9.9-9.9
5287220260319 31.9 10.6-99.999999-99.9-99.9-99.9-99.9-9.9 9925.0 98 19.9   2  1.4-9.9-9.9
5287220260320 26.9 15.0-99.999999-99.9-99.9-99.9-99.9-9.9 9923.6100 19.9   2  2.0-9.9-9.9
5287220260321 20.1 13.5-99.999999-99.9-99.9-99.9-99.9-9.9 9919.5100 17.0   3  2.3-9.9-9.9
5287220260322 27.1  9.3-99.999999-99.9-99.9-99.9-99.9-9.9 9920.6 98 17.1   1  0.6-9.9-9.9
5287220260323 25.2 11.5-99.999999-99.9-99.9-99.9-99.9-9.9 9919.0 95 16.1   2  1.3-9.9-9.9
5287220260324 30.5  7.6-99.999999-99.9-99.9-99.9-99.9-9.9 9920.4 93 16.6   0  0.2-9.9-9.9
5287220260325 29.5  9.0-99.999999-99.9-99.9-99.9-99.9-9.9 9922.0100 17.9   1  0.9-9.9-9.9
5287220260326 30.4 10.9-99.999999-99.9-99.9-99.9-99.9-9.9 9924.4 99 19.6   1  0.7-9.9-9.9
5287220260327 31.4 12.0-99.999999-99.9-99.9-99.9-99.9-9.9 9925.8 99 20.6   1  0.6-9.9-9.9
5287220260328 27.9 17.2-99.999999-99.9-99.9-99.9-99.9-9.9 9925.9100 21.5   1  0.7-9.9-9.9
5287220260329 22.7 19.3-99.999999-99.9-99.9-99.9-99.9-9.9 9924.8100 21.0   3  2.6-9.9-9.9
5287220260330 30.8 20.5-99.999999-99.9-99.9-99.9-99.9-9.9 9929.8100 23.7   2  1.7-9.9-9.9
5287220260331 36.6 21.8-99.999999-99.9-99.9-99.9-99.9-9.9 9937.5100 27.3   1  1.0-9.9-9.9
5287220260401 27.1 21.1-99.999999-99.9-99.9-99.9-99.9-9.9 9928.4100 23.1   1  0.7-9.9-9.9
5287220260402 30.8 19.6-99.999999-99.9-99.9-99.9-99.9-9.9 9928.2100 22.8   0  0.2-9.9-9.9
5287220260403 33.8 18.5-99.999999-99.9-99.9-99.9-99.9-9.9 9930.0100 23.2   2  1.4-9.9-9.9
5287220260404 22.3  9.9-99.999999-99.9-99.9-99.9-99.9-9.9 9917.4100 14.7   3  2.4-9.9-9.9
5287220260405 23.6  5.2-99.999999-99.9-99.9-99.9-99.9-9.9 9916.5100 13.7   1  0.9-9.9-9.9
5287220260406 18.4 12.3-99.999999-99.9-99.9-99.9-99.9-9.9 9917.5100 15.3   2  1.5-9.9-9.9
5287220260407 24.3 16.0-99.999999-99.9-99.9-99.9-99.9-9.9 9920.4100 17.7   4  3.1-9.9-9.9
5287220260408 25.6 12.9-99.999999-99.9-99.9-99.9-99.9-9.9 9920.1100 17.1   2  2.0-9.9-9.9
5287220260409 25.2  6.4-99.999999-99.9-99.9-99.9-99.9-9.9 9917.7100 14.7   0  0.4-9.9-9.9
5287220260410-99.9-99.9-99.999999-99.9-99.9-99.9-99.9-9.9 9919.2100 16.0 -99-99.9-9.9-9.9
5287220260411 23.0 10.0-99.999999-99.9-99.9-99.9-99.9-9.9 9919.0100 16.2   0  0.3-9.9-9.9
5287220260412 26.8  9.5-99.999999-99.9-99.9-99.9-99.9-9.9 9920.8100 17.3   0  0.0-9.9-9.9
5287220260413 26.7 10.5-99.999999-99.9-99.9-99.9-99.9-9.9 9921.8100 18.1   1  0.9-9.9-9.9
5287220260414 29.1 13.7-99.999999-99.9-99.9-99.9-99.9-9.9 9925.2100 20.6   1  0.7-9.9-9.9
5287220260415 23.6 18.7-99.999999-99.9-99.9-99.9-99.9-9.9 9924.6100 20.8   1  0.6-9.9-9.9
5287220260416 28.1 18.5-99.999999-99.9-99.9-99.9-99.9-9.9 9926.1100 21.5   1  0.9-9.9-9.9
5287220260417 27.5 13.2-99.999999-99.9-99.9-99.9-99.9-9.9 9921.5100 18.2   0  0.0-9.9-9.9
5287220260418 30.2 11.6-99.999999-99.9-99.9-99.9-99.9-9.9 9923.8100 19.2   0  0.0-9.9-9.9
5287220260419 23.2 15.6-99.999999-99.9-99.9-99.9-99.9-9.9 9921.0100 18.2   1  0.8-9.9-9.9
5287220260420 16.4 12.8-99.999999-99.9-99.9-99.9-99.9-9.9 9915.8100 13.8   5  4.1-9.9-9.9
5287220260421 18.2 11.6-99.999999-99.9-99.9-99.9-99.9-9.9 9916.2100 14.1   3  2.3-9.9-9.9
5287220260422 21.8  9.0-99.999999-99.9-99.9-99.9-99.9-9.9 9916.4100 14.0   2  1.4-9.9-9.9
5287220260423 26.5  8.9-99.999999-99.9-99.9-99.9-99.9-9.9 9919.0 99 15.8   1  0.7-9.9-9.9
5287220260424 26.8  9.1-99.999999-99.9-99.9-99.9-99.9-9.9 9919.4 98 16.1   0  0.3-9.9-9.9
5287220260425 23.0  8.5-99.999999-99.9-99.9-99.9-99.9-9.9 9917.3100 14.8   1  0.7-9.9-9.9
5287220260426 17.5  8.5-99.999999-99.9-99.9-99.9-99.9-9.9 9913.6100 11.3   5  3.9-9.9-9.9
5287220260427 17.1  4.7-99.999999-99.9-99.9-99.9-99.9-9.9 9912.2100  9.4   3  2.5-9.9-9.9
5287220260428 23.1  5.4-99.999999-99.9-99.9-99.9-99.9-9.9 9916.1100 13.2   2  1.3-9.9-9.9
5287220260429 23.1 10.0-99.999999-99.9-99.9-99.9-99.9-9.9 9917.5 97 14.8   3  2.2-9.9-9.9
5287220260430 25.5  4.8-99.999999-99.9-99.9-99.9-99.9-9.9 9916.7 95 13.6   1  0.9-9.9-9.9
5287220260501 27.3 11.4-99.999999-99.9-99.9-99.9-99.9-9.9 9920.9100 17.4   3  2.1-9.9-9.9
5287220260502 16.7  4.1-99.999999-99.9-99.9-99.9-99.9-9.9 9912.0 99  9.0   4  3.0-9.9-9.9
5287220260503 19.7  0.5-99.999999-99.9-99.9-99.9-99.9-9.9 9912.8 96  9.7   2  1.3-9.9-9.9
5287220260504 24.3  7.8-99.999999-99.9-99.9-99.9-99.9-9.9 9917.0100 14.2   1  1.1-9.9-9.9
5287220260505 27.5  7.9-99.999999-99.9-99.9-99.9-99.9-9.9 9920.8100 17.2   1  0.6-9.9-9.9
5287220260506 26.8 16.8-99.999999-99.9-99.9-99.9-99.9-9.9 9923.7100 19.9   1  1.1-9.9-9.9
5287220260507 21.5 10.7-99.999999-99.9-99.9-99.9-99.9-9.9 9914.8100 12.8   5  3.6-9.9-9.9
5287220260508 13.5  5.9-99.999999-99.9-99.9-99.9-99.9-9.9 9911.7100  9.2   6  4.5-9.9-9.9
5287220260509 14.3  6.0-99.999999-99.9-99.9-99.9-99.9-9.9 9911.6100  9.0   6  4.7-9.9-9.9
5287220260510 17.1  1.9-99.999999-99.9-99.9-99.9-99.9-9.9 9911.2100  7.9   2  1.8-9.9-9.9
5287220260511 20.6  0.8-99.999999-99.9-99.9-99.9-99.9-9.9 9913.1100 10.0   2  1.5-9.9-9.9
5287220260512 23.3  6.6-99.999999-99.9-99.9-99.9-99.9-9.9 9915.9100 13.0   3  2.2-9.9-9.9
5287220260513 16.0  2.0-99.999999-99.9-99.9-99.9-99.9-9.9 9911.7100  8.8   0  0.2-9.9-9.9
5287220260514 18.5  5.9-99.999999-99.9-99.9-99.9-99.9-9.9 9913.3100 10.7   1  0.5-9.9-9.9
5287220260515 20.0  5.5-99.999999-99.9-99.9-99.9-99.9-9.9 9914.7100 12.0   2  1.2-9.9-9.9
5287220260516 14.4  9.2-99.999999-99.9-99.9-99.9-99.9-9.9 9912.8100 10.5   3  2.4-9.9-9.9
5287220260517 15.3  1.8-99.999999-99.9-99.9-99.9-99.9-9.9 9910.5100  7.1   3  2.2-9.9-9.9
5287220260518 18.1  3.0-99.999999-99.9-99.9-99.9-99.9-9.9 9911.7 98  8.5   2  1.9-9.9-9.9
5287220260519 20.9  3.1-99.999999-99.9-99.9-99.9-99.9-9.9 9912.9 98  9.8   2  1.7-9.9-9.9
5287220260520 15.1  3.9-99.999999-99.9-99.9-99.9-99.9-9.9 9912.2100  9.6   3  2.5-9.9-9.9
5287220260521 12.9  1.8-99.999999-99.9-99.9-99.9-99.9-9.9 99 9.9100  6.5   1  0.5-9.9-9.9
5287220260522 15.1 -1.9-99.999999-99.9-99.9-99.9-99.9-9.9 99 9.8100  5.7   1  0.5-9.9-9.9
5287220260523 13.0 -0.9-99.999999-99.9-99.9-99.9-99.9-9.9 99 9.8100  6.0   1  0.9-9.9-9.9
5287220260524 15.6  2.1-99.999999-99.9-99.9-99.9-99.9-9.9 9911.2100  8.1   1  0.5-9.9-9.9
5287220260525 18.0  2.2-99.999999-99.9-99.9-99.9-99.9-9.9 9911.0100  7.9   0  0.2-9.9-9.9
5287220260526 14.3  2.9-99.999999-99.9-99.9-99.9-99.9-9.9 9910.8100  7.7   1  0.6-9.9-9.9
5287220260527 11.5  7.2-99.999999-99.9-99.9-99.9-99.9-9.9 9912.1100  9.7   1  0.6-9.9-9.9
5287220260528 16.3 10.6-99.999999-99.9-99.9-99.9-99.9-9.9 9915.0100 13.0   2  1.6-9.9-9.9
5287220260529 16.1  9.8-99.999999-99.9-99.9-99.9-99.9-9.9 9914.0100 11.8   2  1.4-9.9-9.9
5287220260530 18.3  1.7-99.999999-99.9-99.9-99.9-99.9-9.9 9912.2100  9.1   1  0.4-9.9-9.9
5287220260531 18.3  6.5-99.999999-99.9-99.9-99.9-99.9-9.9 9914.1100 11.7   1  1.0-9.9-9.9
5287220260601 16.2  8.1-99.999999-99.9-99.9-99.9-99.9-9.9 9914.5100 12.5   3  2.4-9.9-9.9
5287220260602 19.0  7.8-99.999999-99.9-99.9-99.9-99.9-9.9 9914.4100 12.1   2  1.2-9.9-9.9
5287220260603 19.9  8.3-99.999999-99.9-99.9-99.9-99.9-9.9 9915.8100 13.4   2  2.0-9.9-9.9
5287220260604 18.6 12.0-99.999999-99.9-99.9-99.9-99.9-9.9 9916.8100 14.7   2  2.0-9.9-9.9
5287220260605 21.3 13.8-99.999999-99.9-99.9-99.9-99.9-9.9 9918.1100 15.8   1  0.5-9.9-9.9
5287220260606 18.7 11.6-99.999999-99.9-99.9-99.9-99.9-9.9 9917.3100 15.2   1  1.2-9.9-9.9
5287220260607 15.2 12.6-99.999999-99.9-99.9-99.9-99.9-9.9 9915.3100 13.3   4  3.0-9.9-9.9
5287220260608 12.7  7.9-99.999999-99.9-99.9-99.9-99.9-9.9 9911.8100  9.3   3  2.1-9.9-9.9
5287220260609 13.7  3.2-99.999999-99.9-99.9-99.9-99.9-9.9 9912.2100  9.6   0  0.2-9.9-9.9
5287220260610 14.2  9.8-99.999999-99.9-99.9-99.9-99.9-9.9 9914.0100 11.9   0  0.1-9.9-9.9
5287220260611 20.2  4.9-99.999999-99.9-99.9-99.9-99.9-9.9 9913.8100 11.2   1  0.5-9.9-9.9
5287220260612 19.0  5.4-99.999999-99.9-99.9-99.9-99.9-9.9 9913.3100 10.7   2  1.4-9.9-9.9
5287220260613 11.0  5.9-99.999999-99.9-99.9-99.9-99.9-9.9 9910.4100  7.4   5  3.9-9.9-9.9
5287220260614 11.9 -1.1-99.999999-99.9-99.9-99.9-99.9-9.9 99 8.5100  4.0   2  1.6-9.9-9.9
5287220260615 17.4 -0.6-99.999999-99.9-99.9-99.9-99.9-9.9 9911.4100  7.9   4  2.8-9.9-9.9
5287220260616 21.0  5.5-99.999999-99.9-99.9-99.9-99.9-9.9 9914.0100 11.3   4  3.2-9.9-9.9
5287220260617 16.0  2.5-99.999999-99.9-99.9-99.9-99.9-9.9 9911.4100  8.4   3  2.6-9.9-9.9
5287220260618  9.1  4.9-99.999999-99.9-99.9-99.9-99.9-9.9 9910.6100  7.7   1  1.0-9.9-9.9
5287220260619 15.9  3.4-99.999999-99.9-99.9-99.9-99.9-9.9 9911.3100  8.3   4  3.5-9.9-9.9
5287220260620 16.5  2.3-99.999999-99.9-99.9-99.9-99.9-9.9 9911.8100  8.8   1  1.1-9.9-9.9
5287220260621 19.0  6.4-99.999999-99.9-99.9-99.9-99.9-9.9 9912.3 99  9.6   2  1.2-9.9-9.9
5287220260622 12.4  2.0-99.999999-99.9-99.9-99.9-99.9-9.9 99 9.8100  6.5   4  3.6-9.9-9.9
5287220260623 13.8  0.8-99.999999-99.9-99.9-99.9-99.9-9.9 99 9.6100  5.9   4  3.1-9.9-9.9
5287220260624  8.9  0.6-99.999999-99.9-99.9-99.9-99.9-9.9 99 9.0100  5.2   2  1.9-9.9-9.9
5287220260625 12.8  2.6-99.999999-99.9-99.9-99.9-99.9-9.9 9910.1100  6.9   5  3.6-9.9-9.9
5287220260626 15.3 -0.4-99.999999-99.9-99.9-99.9-99.9-9.9 9910.2100  6.4   2  1.3-9.9-9.9
5287220260627 16.5  3.1-99.999999-99.9-99.9-99.9-99.9-9.9 9911.4100  8.3   1  0.7-9.9-9.9
5287220260628 15.6  1.0-99.999999-99.9-99.9-99.9-99.9-9.9 9910.7100  7.4   4  3.1-9.9-9.9
5287220260629 16.0  2.7-99.999999-99.9-99.9-99.9-99.9-9.9 9910.6100  7.2   4  3.1-9.9-9.9
5287220260630 15.7 -1.1-99.999999-99.9-99.9-99.9-99.9-9.9 99 9.9100  6.0   2  1.3-9.9-9.9
5287220260701 10.7 -0.5-99.999999-99.9-99.9-99.9-99.9-9.9 99 9.3100  5.6   6  5.1-9.9-9.9
5287220260702  8.6 -3.0-99.999999-99.9-99.9-99.9-99.9-9.9 99 6.9100  1.4   6  4.6-9.9-9.9
5287220260703 10.0 -4.7-99.999999-99.9-99.9-99.9-99.9-9.9 99 7.2100  1.7   1  1.1-9.9-9.9
5287220260704 11.3 -4.2-99.999999-99.9-99.9-99.9-99.9-9.9 99 7.9100  2.9   1  0.9-9.9-9.9
5287220260705  6.4  3.7-99.999999-99.9-99.9-99.9-99.9-9.9 99 8.7100  4.9   3  2.1-9.9-9.9
5287220260706 10.7 -0.8-99.999999-99.9-99.9-99.9-99.9-9.9 99 7.9100  3.1   1  1.1-9.9-9.9
5287220260707 18.4 -2.4-99.999999-99.9-99.9-99.9-99.9-9.9 9911.1100  7.2   0  0.1-9.9-9.9
5287220260708 17.5  2.9-99.999999-99.9-99.9-99.9-99.9-9.9 9912.7100  9.9   0  0.0-9.9-9.9
5287220260709 16.8  8.0-99.999999-99.9-99.9-99.9-99.9-9.9 9913.4100 11.1   0  0.0-9.9-9.9
5287220260710 10.5  7.5-99.999999-99.9-99.9-99.9-99.9-9.9 9911.4100  8.9   1  1.2-9.9-9.9
5287220260711 10.8  6.5-99.999999-99.9-99.9-99.9-99.9-9.9 9911.1100  8.4   5  4.2-9.9-9.9
5287220260712 12.2  3.7-99.999999-99.9-99.9-99.9-99.9-9.9 99 9.8100  6.4   3  2.4-9.9-9.9
5287220260713 13.4  0.3-99.999999-99.9-99.9-99.9-99.9-9.9 99 9.8100  6.1   2  1.9-9.9-9.9
5287220260714 15.1  4.0-99.999999-99.9-99.9-99.9-99.9-9.9 9911.9100  9.2   3  2.3-9.9-9.9
5287220260715 17.9  8.6-99.999999-99.9-99.9-99.9-99.9-9.9 9915.5100 13.4   2  1.5-9.9-9.9
5287220260716 25.4 11.5-99.999999-99.9-99.9-99.9-99.9-9.9 9921.1100 17.9   2  1.4-9.9-9.9
5287220260717 20.2 17.2-99.999999-99.9-99.9-99.9-99.9-9.9 9921.1100 18.3   5  3.7-9.9-9.9
5287220260718 17.3 12.9-99.999999-99.9-99.9-99.9-99.9-9.9 9916.1100 14.1   7  5.8-9.9-9.9
5287220260719 15.2  9.4-99.999999-99.9-99.9-99.9-99.9-9.9 9913.4100 11.3   7  5.3-9.9-9.9
5287220260720 11.8  6.0-99.999999-99.9-99.9-99.9-99.9-9.9 9911.3100  8.7   5  4.1-9.9-9.9
5287220260721 12.8  7.8-99.999999-99.9-99.9-99.9-99.9-9.9 9912.1100  9.8   4  3.3-9.9-9.9
5287220260722 13.5  6.7-99.999999-99.9-99.9-99.9-99.9-9.9 9911.7100  9.1   5  3.7-9.9-9.9
5287220260723 14.4  3.8-99.999999-99.9-99.9-99.9-99.9-9.9 9912.2100  9.6   2  1.6-9.9-9.9
5287220260724 17.8  9.9-99.999999-99.9-99.9-99.9-99.9-9.9 9914.2100 12.0   1  0.7-9.9-9.9
5287220260725 17.4  6.3-99.999999-99.9-99.9-99.9-99.9-9.9 9914.0100 11.5   1  1.0-9.9-9.9
5287220260726 21.1  8.7-99.999999-99.9-99.9-99.9-99.9-9.9 9916.6100 14.2   1  1.1-9.9-9.9
5287220260727 19.9 11.0-99.999999-99.9-99.9-99.9-99.9-9.9 9916.6100 14.3   2  1.3-9.9-9.9
5287220260728 16.7  7.6-99.999999-99.9-99.9-99.9-99.9-9.9 9914.0100 11.8   4  3.6-9.9-9.9
5287220260729 17.2  4.5-99.999999-99.9-99.9-99.9-99.9-9.9 9913.3100 10.9   2  1.5-9.9-9.9
5287220260730 14.8  6.8-99.999999-99.9-99.9-99.9-99.9-9.9 9913.5100 11.3   1  0.9-9.9-9.9
5287220260731 19.6 11.8-99.999999-99.9-99.9-99.9-99.9-9.9 9918.5100 16.1   4  3.0-9.9-9.9
5287220260801 18.7  8.7-99.999999-99.9-99.9-99.9-99.9-9.9 9915.7100 13.4   5  3.8-9.9-9.9
5287220260802 16.2  7.1-99.999999-99.9-99.9-99.9-99.9-9.9 9914.3100 12.1   2  1.4-9.9-9.9
5287220260803 16.7 10.6-99.999999-99.9-99.9-99.9-99.9-9.9 9915.8100 13.7   3  2.4-9.9-9.9
5287220260804 14.7 13.0-99.999999-99.9-99.9-99.9-99.9-9.9 9915.5100 13.5   3  2.1-9.9-9.9
5287220260805 16.9 11.2-99.999999-99.9-99.9-99.9-99.9-9.9 9915.8100 13.8   3  2.0-9.9-9.9
5287220260806 14.4  7.1-99.999999-99.9-99.9-99.9-99.9-9.9 9913.0100 10.6   9  6.9-9.9-9.9
5287220260807 16.0  2.1-99.999999-99.9-99.9-99.9-99.9-9.9 9911.0100  7.8   3  2.3-9.9-9.9
5287220260808 13.0  4.1-99.999999-99.9-99.9-99.9-99.9-9.9 9910.5100  7.4   6  4.5-9.9-9.9
5287220260809 14.4  2.0-99.999999-99.9-99.9-99.9-99.9-9.9 9910.2100  6.6   7  5.3-9.9-9.9
5287220260810 12.6 -0.4-99.999999-99.9-99.9-99.9-99.9-9.9 99 9.3100  5.3   4  2.9-9.9-9.9
5287220260811 12.0  0.7-99.999999-99.9-99.9-99.9-99.9-9.9 99 9.4100  5.7   3  2.7-9.9-9.9
5287220260812 12.9  3.2-99.999999-99.9-99.9-99.9-99.9-9.9 9910.6100  7.6   6  4.8-9.9-9.9
5287220260813  8.3  3.0-99.999999-99.9-99.9-99.9-99.9-9.9 99 9.1100  5.6   3  2.8-9.9-9.9
5287220260814 13.6  3.1-99.999999-99.9-99.9-99.9-99.9-9.9 9912.6100 10.2   3  2.6-9.9-9.9
5287220260815 15.0 10.8-99.999999-99.9-99.9-99.9-99.9-9.9 9915.0100 12.9   3  2.1-9.9-9.9
5287220260816 19.0 10.7-99.999999-99.9-99.9-99.9-99.9-9.9 9915.8100 13.7   3  2.0-9.9-9.9
5287220260817 14.9  7.9-99.999999-99.9-99.9-99.9-99.9-9.9 9912.9100 10.6   8  6.7-9.9-9.9
5287220260818 14.2  3.2-99.999999-99.9-99.9-99.9-99.9-9.9 9910.6100  7.4   4  3.4-9.9-9.9
5287220260819 19.6 -0.9-99.999999-99.9-99.9-99.9-99.9-9.9 9912.4100  8.9   1  0.5-9.9-9.9
5287220260820 21.6  2.4-99.999999-99.9-99.9-99.9-99.9-9.9 9914.0100 10.8   6  5.2-9.9-9.9
5287220260821 12.7  2.2-99.999999-99.9-99.9-99.9-99.9-9.9 9910.0100  6.7   7  5.7-9.9-9.9
5287220260822 15.1  0.2-99.999999-99.9-99.9-99.9-99.9-9.9 9910.6 99  7.2   4  3.0-9.9-9.9
5287220260823 13.4  1.0-99.999999-99.9-99.9-99.9-99.9-9.9 9910.2100  6.7   3  2.2-9.9-9.9
5287220260824 11.9  2.1-99.999999-99.9-99.9-99.9-99.9-9.9 9910.4100  7.2   2  1.4-9.9-9.9
5287220260825 16.9  5.8-99.999999-99.9-99.9-99.9-99.9-9.9 9913.0100 10.5   3  2.1-9.9-9.9
5287220260826 20.3  8.4-99.999999-99.9-99.9-99.9-99.9-9.9 9915.9100 13.6   3  2.6-9.9-9.9
5287220260827 18.0  9.7-99.999999-99.9-99.9-99.9-99.9-9.9 9914.5100 12.4   3  2.7-9.9-9.9
5287220260828 22.7  5.1-99.999999-99.9-99.9-99.9-99.9-9.9 9915.6100 12.7   1  1.2-9.9-9.9
5287220260829 23.0  5.4-99.999999-99.9-99.9-99.9-99.9-9.9 9917.2100 14.3   1  1.0-9.9-9.9
5287220260830 24.1  5.6-99.999999-99.9-99.9-99.9-99.9-9.9 9917.6 99 14.5   2  1.5-9.9-9.9
5287220260831 20.1  8.7-99.999999-99.9-99.9-99.9-99.9-9.9 9916.8100 14.4   4  2.9-9.9-9.9
5287220260901 22.5  5.6-99.999999-99.9-99.9-99.9-99.9-9.9 9915.1 93 12.5   3  2.5-9.9-9.9
5287220260902 25.7  5.9-99.999999-99.9-99.9-99.9-99.9-9.9 9918.6100 15.3   5  4.3-9.9-9.9
5287220260903 18.9  7.3-99.999999-99.9-99.9-99.9-99.9-9.9 9914.9100 12.6   6  4.6-9.9-9.9
5287220260904 20.3  1.7-99.999999-99.9-99.9-99.9-99.9-9.9 9913.2 98 10.2   5  3.8-9.9-9.9
5287220260905 13.2  2.0-99.999999-99.9-99.9-99.9-99.9-9.9 99 9.9100  6.4   9  7.4-9.9-9.9
5287220260906  9.1 -1.8-99.999999-99.9-99.9-99.9-99.9-9.9 99 7.8100  3.0   4  3.1-9.9-9.9
